INSERT INTO public.game (id,name,alias,icon,hidden,metadata,created_at) VALUES (1, 'Adipisicing Mollit', 'NBA2K', 'https://svgshare.com/i/15iw.svg', 'f', '{"player_count":5,"gadgets_per_character":2}', DEFAULT), (2, 'Reprehenderit', 'NBA2K', 'https://svgshare.com/i/15iw.svg', 'f', '{"player_count":5,"gadgets_per_character":2}', DEFAULT), (3, 'Aliqua Ullamco', 'GTA', 'https://svgshare.com/i/15iw.svg', 'f', '{"player_count":5,"gadgets_per_character":2}', DEFAULT), (4, 'Sit Cillum', 'PUBG', 'https://svgshare.com/i/15iw.svg', 'f', '{"player_count":5,"gadgets_per_character":2}', DEFAULT);
INSERT INTO public.game_object (id,game_id,type,name,url,metadata) VALUES (1, 1, 'character', 'non reprehenderit occaecat', 'https://svgshare.com/i/16EY.svg', '{"Molest":"Horribille ut metu"}'), (2, 1, 'character', 'qui ex dolor', 'https://svgshare.com/i/16EY.svg', '{"Omorari":"Es gloriae"}'), (3, 1, 'gadget', 'consectetur enim est', 'https://svgshare.com/i/16EY.svg', '{"Isti":"Causa non maloribus"}'), (4, 1, 'floor', 'deserunt', 'https://svgshare.com/i/16EY.svg', '{"Ii":"Cursionibus desid omnium"}'), (5, 1, 'character', 'eu veniam aliqua', 'https://svgshare.com/i/16EY.svg', '{"Abiliustit":"Scriberror iudexpetuam"}'), (6, 1, 'gadget', 'esse est', 'https://svgshare.com/i/16EY.svg', '{"Expetus":"Motu multos"}'), (7, 1, 'gadget', 'cillum', 'https://svgshare.com/i/16EY.svg', '{"Litterastris":"Epicitia quo sapientia"}'), (8, 1, 'floor', 'veniam minim', 'https://svgshare.com/i/16EY.svg', '{"Rationistis":"Cum in"}'), (9, 1, 'floor', 'non aute adipisicing', 'https://svgshare.com/i/16EY.svg', '{"Legimper":"Doloris endum perspici"}'), (10, 1, 'character', 'aute fugiat', 'https://svgshare.com/i/16EY.svg', '{"Indivinter":"Reret sentenebo per"}'), (11, 1, 'floor', 'veniam', 'https://svgshare.com/i/16EY.svg', '{"Iudici":"Aut ratione nihilius"}'), (12, 1, 'gadget', 'aliquip culpa', 'https://svgshare.com/i/16EY.svg', '{"Indignisi":"Locum mediocritum"}'), (13, 1, 'character', 'anim', 'https://svgshare.com/i/16EY.svg', '{"Probabilit":"Tibi dolorum"}'), (14, 1, 'character', 'veniam dolor reprehenderit', 'https://svgshare.com/i/16EY.svg', '{"Difficerim":"Quae infinire celeret"}'), (15, 1, 'floor', 'sunt esse labore', 'https://svgshare.com/i/16EY.svg', '{"Ego":"Are itur"}'), (16, 1, 'floor', 'officia reprehenderit', 'https://svgshare.com/i/16EY.svg', '{"Inem":"Sit quem"}'), (17, 1, 'floor', 'minim cillum', 'https://svgshare.com/i/16EY.svg', '{"Seditaque":"In beata triarius"}'), (18, 1, 'character', 'do tempor excepteur', 'https://svgshare.com/i/16EY.svg', '{"Quod":"Alter mihi cum"}'), (19, 1, 'character', 'irure minim', 'https://svgshare.com/i/16EY.svg', '{"Et":"Ius quam"}'), (20, 1, 'character', 'veniam tempor culpa', 'https://svgshare.com/i/16EY.svg', '{"Utillo":"Modo qui philosoptim"}'), (21, 1, 'floor', 'sunt', 'https://svgshare.com/i/16EY.svg', '{"Si":"Um ani molest"}'), (22, 1, 'character', 'aliquip', 'https://svgshare.com/i/16EY.svg', '{"Eo":"Ationumen ant"}'), (23, 1, 'floor', 'excepteur ad', 'https://svgshare.com/i/16EY.svg', '{"Ilesse":"Eum metus"}'), (24, 1, 'floor', 'ad', 'https://svgshare.com/i/16EY.svg', '{"De":"Sed nostris"}'), (25, 1, 'floor', 'anim in', 'https://svgshare.com/i/16EY.svg', '{"Sancircum":"A quod mutanda"}'), (26, 1, 'floor', 'officia', 'https://svgshare.com/i/16EY.svg', '{"Praeclare":"Duo esse al"}'), (27, 1, 'character', 'ea quis', 'https://svgshare.com/i/16EY.svg', '{"Omnium":"Esse fortitio"}'), (28, 1, 'character', 'commodo excepteur irure', 'https://svgshare.com/i/16EY.svg', '{"Imo":"Tota probartibus"}'), (29, 1, 'floor', 'laboris', 'https://svgshare.com/i/16EY.svg', '{"Convenis":"In tamendae quantus"}'), (30, 1, 'floor', 'nisi', 'https://svgshare.com/i/16EY.svg', '{"Transferrem":"Recus es"}'), (31, 1, 'character', 'tempor velit', 'https://svgshare.com/i/16EY.svg', '{"Aut":"Moderem hominstructus"}'), (32, 1, 'character', 'laboris in', 'https://svgshare.com/i/16EY.svg', '{"Cum":"Propterunt debillo ea"}'), (33, 1, 'gadget', 'culpa elit excepteur', 'https://svgshare.com/i/16EY.svg', '{"Ipsa":"Eum delectari non"}'), (34, 1, 'gadget', 'minim esse', 'https://svgshare.com/i/16EY.svg', '{"Iucuniae":"Et dubita"}'), (35, 1, 'character', 'sunt est', 'https://svgshare.com/i/16EY.svg', '{"Sed":"Non etiam politatib"}'), (36, 2, 'floor', 'consectetur', 'https://svgshare.com/i/16EY.svg', '{"Finibus":"Ad alterea deseratum"}'), (37, 2, 'floor', 'exercitation mollit', 'https://svgshare.com/i/16EY.svg', '{"Corporis":"Hominsiden tum"}'), (38, 2, 'floor', 'enim magna minim', 'https://svgshare.com/i/16EY.svg', '{"Bonorum":"Docerit si"}'), (39, 2, 'gadget', 'culpa', 'https://svgshare.com/i/16EY.svg', '{"Ego":"Enim reperis"}'), (40, 2, 'gadget', 'proident dolore est', 'https://svgshare.com/i/16EY.svg', '{"Libidit":"Dolore qui"}'), (41, 2, 'character', 'ipsum non irure', 'https://svgshare.com/i/16EY.svg', '{"Sit":"Aliquarum est physicis"}'), (42, 2, 'gadget', 'ad consectetur consectetur', 'https://svgshare.com/i/16EY.svg', '{"Credo":"Et qua dolem"}'), (43, 2, 'floor', 'do', 'https://svgshare.com/i/16EY.svg', '{"Hac":"Vidis in modernator"}'), (44, 2, 'floor', 'sit voluptate', 'https://svgshare.com/i/16EY.svg', '{"Probest":"Tollatin nihille propterenda"}'), (45, 2, 'character', 'ipsum', 'https://svgshare.com/i/16EY.svg', '{"Nutu":"Capti placet quam"}'), (46, 2, 'character', 'reprehenderit amet', 'https://svgshare.com/i/16EY.svg', '{"Cuiquamurnit":"Enimperner timum"}'), (47, 2, 'floor', 'deserunt nisi', 'https://svgshare.com/i/16EY.svg', '{"Susceptur":"Nostrum supplication"}'), (48, 2, 'floor', 'laboris', 'https://svgshare.com/i/16EY.svg', '{"Id":"Cur congressuspic iudice"}'), (49, 2, 'floor', 'duis voluptate', 'https://svgshare.com/i/16EY.svg', '{"Ea":"Legi philosophiae"}'), (50, 2, 'floor', 'mollit', 'https://svgshare.com/i/16EY.svg', '{"Sensio":"Autemoder modo"}'), (51, 2, 'gadget', 'ut do', 'https://svgshare.com/i/16EY.svg', '{"Ratione":"Legere et"}'), (52, 2, 'floor', 'nisi ex', 'https://svgshare.com/i/16EY.svg', '{"Vero":"Ratione latin et"}'), (53, 2, 'floor', 'consequat cillum', 'https://svgshare.com/i/16EY.svg', '{"Eum":"Nam scaevolum nullam"}'), (54, 2, 'character', 'dolore', 'https://svgshare.com/i/16EY.svg', '{"Nihillum":"Sed tibi"}'), (55, 2, 'character', 'irure nisi', 'https://svgshare.com/i/16EY.svg', '{"Sedulantib":"Idituro per"}'), (56, 2, 'floor', 'elit', 'https://svgshare.com/i/16EY.svg', '{"Placet":"Prospexitar omnes"}'), (57, 2, 'character', 'exercitation', 'https://svgshare.com/i/16EY.svg', '{"Ergo":"Facilius nec"}'), (58, 2, 'gadget', 'commodo', 'https://svgshare.com/i/16EY.svg', '{"Inorest":"Mundus est"}'), (59, 2, 'floor', 'consequat esse', 'https://svgshare.com/i/16EY.svg', '{"Causae":"Doloribus quidem"}'), (60, 2, 'gadget', 'magna aute amet', 'https://svgshare.com/i/16EY.svg', '{"Nisi":"Plane depravat"}'), (61, 2, 'floor', 'et deserunt', 'https://svgshare.com/i/16EY.svg', '{"Integre":"Philos sed expectate"}'), (62, 2, 'floor', 'excepteur sit', 'https://svgshare.com/i/16EY.svg', '{"Quidem":"Clamatomnis possunt"}'), (63, 2, 'character', 'reprehenderit irure', 'https://svgshare.com/i/16EY.svg', '{"Delectam":"Bonas levate"}'), (64, 2, 'character', 'dolore nostrud', 'https://svgshare.com/i/16EY.svg', '{"Metu":"Spe adverbum imo"}'), (65, 2, 'gadget', 'magna ad', 'https://svgshare.com/i/16EY.svg', '{"Eo":"Studuisset ipsam"}'), (66, 2, 'floor', 'laboris duis', 'https://svgshare.com/i/16EY.svg', '{"Invenerim":"Defentur aliquod"}'), (67, 2, 'character', 'magna', 'https://svgshare.com/i/16EY.svg', '{"Et":"Quodsi dicet nis"}'), (68, 2, 'floor', 'officia reprehenderit minim', 'https://svgshare.com/i/16EY.svg', '{"Chaere":"Maioribus nisi am"}'), (69, 2, 'character', 'aliquip', 'https://svgshare.com/i/16EY.svg', '{"Tum":"Me quibus aut"}'), (70, 2, 'character', 'officia labore', 'https://svgshare.com/i/16EY.svg', '{"Mentitil":"Nullo p docui"}'), (71, 2, 'gadget', 'esse ullamco est', 'https://svgshare.com/i/16EY.svg', '{"Ento":"Dolerum labefaces sensu"}'), (72, 2, 'gadget', 'nisi aute Lorem', 'https://svgshare.com/i/16EY.svg', '{"Ita":"Omnia cum"}'), (73, 2, 'character', 'ea Lorem', 'https://svgshare.com/i/16EY.svg', '{"Homo":"Qua novi"}'), (74, 2, 'character', 'minim minim qui', 'https://svgshare.com/i/16EY.svg', '{"Familis":"Non et omne"}'), (75, 2, 'gadget', 'duis', 'https://svgshare.com/i/16EY.svg', '{"Maius":"Duo fastidium quae"}'), (76, 2, 'floor', 'quis sint', 'https://svgshare.com/i/16EY.svg', '{"Totam":"Minim expeditur itaque"}'), (77, 2, 'floor', 'Lorem', 'https://svgshare.com/i/16EY.svg', '{"Minut":"Epicur inum"}'), (78, 2, 'floor', 'aute deserunt', 'https://svgshare.com/i/16EY.svg', '{"Propter":"Quapropteris epicitia quodsi"}'), (79, 2, 'gadget', 'exercitation consectetur', 'https://svgshare.com/i/16EY.svg', '{"Inum":"Certe verbis ullam"}'), (80, 2, 'gadget', 'eiusmod enim', 'https://svgshare.com/i/16EY.svg', '{"Quadamicar":"Pecunum atione"}'), (81, 2, 'gadget', 'est adipisicing', 'https://svgshare.com/i/16EY.svg', '{"Doloresset":"Fortunt hoc"}'), (82, 2, 'character', 'laboris aute', 'https://svgshare.com/i/16EY.svg', '{"Ipsi":"Exeros es rem"}'), (83, 3, 'floor', 'incididunt velit', 'https://svgshare.com/i/16EY.svg', '{"Genuit":"Cotidcirco omnium"}'), (84, 3, 'floor', 'veniam exercitation veniam', 'https://svgshare.com/i/16EY.svg', '{"Autem":"In fieri nec"}'), (85, 3, 'floor', 'Lorem est', 'https://svgshare.com/i/16EY.svg', '{"Totum":"Graeca aboresse"}'), (86, 3, 'gadget', 'laboris', 'https://svgshare.com/i/16EY.svg', '{"Am":"Tantopermit quae careat"}'), (87, 3, 'floor', 'id nulla excepteur', 'https://svgshare.com/i/16EY.svg', '{"A":"Esse fieri"}'), (88, 3, 'character', 'amet', 'https://svgshare.com/i/16EY.svg', '{"Idque":"Voluptare sint as"}'), (89, 3, 'floor', 'consectetur', 'https://svgshare.com/i/16EY.svg', '{"Hominam":"Maloriant sus poterudin"}'), (90, 3, 'floor', 'officia ad dolor', 'https://svgshare.com/i/16EY.svg', '{"Igita":"Uti orest ini"}'), (91, 3, 'floor', 'exercitation eiusmod ex', 'https://svgshare.com/i/16EY.svg', '{"Videt":"Nomin ipsi"}'), (92, 3, 'character', 'aute sit', 'https://svgshare.com/i/16EY.svg', '{"Vi":"Ut impendere"}'), (93, 3, 'gadget', 'laboris proident aliqua', 'https://svgshare.com/i/16EY.svg', '{"Appellat":"Te nunc rebus"}'), (94, 3, 'gadget', 'et tempor mollit', 'https://svgshare.com/i/16EY.svg', '{"Decornatur":"Ipsa fruenda aut"}'), (95, 3, 'gadget', 'qui', 'https://svgshare.com/i/16EY.svg', '{"Ne":"Epicab cum propterire"}'), (96, 3, 'floor', 'cupidatat minim', 'https://svgshare.com/i/16EY.svg', '{"Alem":"In discipi endum"}'), (97, 3, 'character', 'velit ipsum', 'https://svgshare.com/i/16EY.svg', '{"M":"Puerillud autem e"}'), (98, 3, 'gadget', 'et sit', 'https://svgshare.com/i/16EY.svg', '{"Salutrumque":"Arbitrore falsi"}'), (99, 3, 'gadget', 'laborum ex', 'https://svgshare.com/i/16EY.svg', '{"Utionis":"Ad ina"}'), (100, 3, 'gadget', 'laborum deserunt', 'https://svgshare.com/i/16EY.svg', '{"Potius":"In laborem lud"}'), (101, 3, 'gadget', 'aute cupidatat', 'https://svgshare.com/i/16EY.svg', '{"Alita":"Videre aliae"}'), (102, 3, 'gadget', 'consequat eiusmod', 'https://svgshare.com/i/16EY.svg', '{"Causa":"Malunt intellegim facillum"}'), (103, 3, 'gadget', 'non id', 'https://svgshare.com/i/16EY.svg', '{"Fugientiam":"Iudicita maximperdid"}'), (104, 3, 'floor', 'anim qui', 'https://svgshare.com/i/16EY.svg', '{"Fieri":"Nullo avis iturnitioq"}'), (105, 3, 'floor', 'amet excepteur', 'https://svgshare.com/i/16EY.svg', '{"Traderunt":"Tamentiam crucian longinquit"}'), (106, 3, 'character', 'magna ad', 'https://svgshare.com/i/16EY.svg', '{"Efac":"Et quae"}'), (107, 3, 'floor', 'id', 'https://svgshare.com/i/16EY.svg', '{"Illa":"Beate praeda si"}'), (108, 3, 'floor', 'mollit dolore', 'https://svgshare.com/i/16EY.svg', '{"Eo":"Molest omnes"}'), (109, 3, 'floor', 'exercitation cillum elit', 'https://svgshare.com/i/16EY.svg', '{"Probest":"Praeteremus cum"}'), (110, 3, 'gadget', 'Lorem pariatur', 'https://svgshare.com/i/16EY.svg', '{"Ea":"Appetu sum docet"}'), (111, 3, 'gadget', 'reprehenderit ex consectetur', 'https://svgshare.com/i/16EY.svg', '{"Omnem":"Beate faciam affecta"}'), (112, 3, 'gadget', 'eu magna', 'https://svgshare.com/i/16EY.svg', '{"Scriben":"Imus torum id"}'), (113, 3, 'character', 'anim', 'https://svgshare.com/i/16EY.svg', '{"Invitium":"It licam medium"}'), (114, 3, 'floor', 'dolore in', 'https://svgshare.com/i/16EY.svg', '{"Qui":"Te eoque es"}'), (115, 3, 'character', 'anim tempor', 'https://svgshare.com/i/16EY.svg', '{"Contem":"Robus reiciens paren"}'), (116, 3, 'character', 'laboris elit', 'https://svgshare.com/i/16EY.svg', '{"Ine":"Ad quod quarum"}'), (117, 4, 'floor', 'nisi', 'https://svgshare.com/i/16EY.svg', '{"Id":"Sitne am quisit"}'), (118, 4, 'character', 'ad magna id', 'https://svgshare.com/i/16EY.svg', '{"Ignoratio":"Cumque etiam"}'), (119, 4, 'character', 'non culpa', 'https://svgshare.com/i/16EY.svg', '{"Ii":"Primis eo itaque"}'), (120, 4, 'floor', 'do consectetur', 'https://svgshare.com/i/16EY.svg', '{"Philos":"Deteret se"}'), (121, 4, 'gadget', 'sit eiusmod', 'https://svgshare.com/i/16EY.svg', '{"Si":"Are dici possunt"}'), (122, 4, 'floor', 'deserunt eiusmod dolore', 'https://svgshare.com/i/16EY.svg', '{"Quorum":"Modum metu"}'), (123, 4, 'gadget', 'nulla in', 'https://svgshare.com/i/16EY.svg', '{"De":"Tenercendi ne"}'), (124, 4, 'floor', 'do nisi incididunt', 'https://svgshare.com/i/16EY.svg', '{"Eamustatem":"Er voluptatis sed"}'), (125, 4, 'gadget', 'minim eiusmod', 'https://svgshare.com/i/16EY.svg', '{"Est":"Modo recus"}'), (126, 4, 'floor', 'dolor cillum', 'https://svgshare.com/i/16EY.svg', '{"Atam":"Iudicur tamendisced"}'), (127, 4, 'character', 'reprehenderit laborum', 'https://svgshare.com/i/16EY.svg', '{"Sent":"Remis praetorest aliquisse"}'), (128, 4, 'gadget', 'pariatur labore', 'https://svgshare.com/i/16EY.svg', '{"Ident":"Quae inionis deorsummum"}'), (129, 4, 'character', 'laborum commodo', 'https://svgshare.com/i/16EY.svg', '{"Se":"Quod aut"}'), (130, 4, 'floor', 'proident deserunt nulla', 'https://svgshare.com/i/16EY.svg', '{"Fit":"Corpore leviores"}'), (131, 4, 'character', 'mollit ea', 'https://svgshare.com/i/16EY.svg', '{"Et":"Dubita omnissimos rebus"}'), (132, 4, 'character', 'laborum', 'https://svgshare.com/i/16EY.svg', '{"Finiret":"In delici sit"}'), (133, 4, 'floor', 'est excepteur', 'https://svgshare.com/i/16EY.svg', '{"Adverbum":"Nomin faceribus ore"}'), (134, 4, 'floor', 'elit aliquip deserunt', 'https://svgshare.com/i/16EY.svg', '{"Quietusque":"Conficerum duo"}'), (135, 4, 'floor', 'duis tempor', 'https://svgshare.com/i/16EY.svg', '{"Nisi":"Quam ut"}'), (136, 4, 'gadget', 'pariatur consectetur aliquip', 'https://svgshare.com/i/16EY.svg', '{"Urbanitia":"Dolordation erunt ceteration"}'), (137, 4, 'gadget', 'irure', 'https://svgshare.com/i/16EY.svg', '{"Quam":"Me nisi"}'), (138, 4, 'floor', 'eu pariatur', 'https://svgshare.com/i/16EY.svg', '{"Ratione":"Fuit videtura sequitassec"}'), (139, 4, 'gadget', 'velit labore magna', 'https://svgshare.com/i/16EY.svg', '{"Nihil":"Qua im"}'), (140, 4, 'character', 'voluptate sint exercitation', 'https://svgshare.com/i/16EY.svg', '{"Longinquit":"Itur ane"}'), (141, 4, 'floor', 'ullamco reprehenderit fugiat', 'https://svgshare.com/i/16EY.svg', '{"Esse":"Itas postremum"}'), (142, 4, 'character', 'officia commodo cillum', 'https://svgshare.com/i/16EY.svg', '{"Quibus":"Aut genia"}'), (143, 4, 'character', 'aliquip occaecat', 'https://svgshare.com/i/16EY.svg', '{"Nostrum":"Ant dissensibi dicaveria"}'), (144, 4, 'floor', 'adipisicing nulla', 'https://svgshare.com/i/16EY.svg', '{"Entis":"Ponit tentiae"}'), (145, 4, 'character', 'ea consectetur', 'https://svgshare.com/i/16EY.svg', '{"Praeteret":"Posse quo"}'), (146, 4, 'gadget', 'dolore id laboris', 'https://svgshare.com/i/16EY.svg', '{"Quis":"Semperspici non"}'), (147, 4, 'character', 'ea et magna', 'https://svgshare.com/i/16EY.svg', '{"Quas":"Disputatio am modo"}'), (148, 4, 'gadget', 'voluptate', 'https://svgshare.com/i/16EY.svg', '{"Laetitur":"Rem cumcisaque ant"}'), (149, 4, 'gadget', 'in enim', 'https://svgshare.com/i/16EY.svg', '{"Eius":"Qui omnino"}'), (150, 4, 'character', 'sunt deserunt', 'https://svgshare.com/i/16EY.svg', '{"Dixi":"Ea possunt"}'), (151, 4, 'gadget', 'est', 'https://svgshare.com/i/16EY.svg', '{"Vitiis":"Tam eo etur"}');
SELECT setval('"public"."game_id_seq"'::regclass, (SELECT MAX("id") FROM "public"."game"));
SELECT setval('"public"."game_object_id_seq"'::regclass, (SELECT MAX("id") FROM "public"."game_object"));
INSERT INTO public.team (id,name,plan_id,game_id,created_at,updated_at) VALUES ('7c2c4732-09c1-5f7b-87ca-c53e7497b4ef', 'Incididunt Consectet', NULL, 3, DEFAULT, DEFAULT), ('f50563b6-8532-51ec-b121-d8c6bca3e897', 'In Adipisicing Cillu', NULL, 2, DEFAULT, DEFAULT), ('f1bf295c-195b-5a42-9c6b-5bfa14b58307', 'Excepteur Est Sit', NULL, 2, DEFAULT, DEFAULT), ('e0eebbc8-63c9-5fee-b088-b3310b672c35', 'Consectetur Laborum ', NULL, 2, DEFAULT, DEFAULT), ('1c17c04a-19f5-5c48-8b6b-48fe02257ffb', 'Aute Lorem Do Anim', NULL, 2, DEFAULT, DEFAULT), ('a2996c99-b8bb-5bf6-b789-844e821ceb82', 'Lorem Aute Dolore Ex', NULL, 4, DEFAULT, DEFAULT), ('5d016028-a6a3-5268-91a3-91021dbfda0a', 'Ipsum Exercitation L', NULL, 3, DEFAULT, DEFAULT), ('b279891e-05aa-528b-867b-dd6fe5fa77c8', 'Aliqua Adipisicing E', NULL, 4, DEFAULT, DEFAULT), ('ff53868f-9940-575d-8fa8-923808f93a53', 'Nulla Duis Commodo', NULL, 4, DEFAULT, DEFAULT), ('8172203a-00e7-5e0e-919b-2970e0d891df', 'Laborum Adipisicing ', NULL, 2, DEFAULT, DEFAULT), ('7b5ee10b-959f-565b-9dac-a4bab4f6c6bf', 'Enim Ad Lorem', NULL, 2, DEFAULT, DEFAULT), ('38400370-0369-5239-8b08-499aef0591ef', 'Deserunt Eu Incididu', NULL, 1, DEFAULT, DEFAULT), ('77394b64-1ec1-5043-8dc3-08f9200521d4', 'Velit Elit Ea', NULL, 1, DEFAULT, DEFAULT), ('56ea9a57-3786-5a49-9700-501eb57a1328', 'Deserunt Adipisicing', NULL, 2, DEFAULT, DEFAULT), ('5e20f9a8-7b26-5a5f-8426-6b12c182d23c', 'Anim Occaecat', NULL, 1, DEFAULT, DEFAULT), ('53fe0e9e-3358-5722-b994-4faad8733cd3', 'Non Dolore Velit Exe', NULL, 3, DEFAULT, DEFAULT), ('e4834379-a7a0-5f41-8193-f598072b1c83', 'Ad Consectetur', NULL, 1, DEFAULT, DEFAULT), ('a9f91eda-269f-54d0-83de-05f0c2ecbf08', 'Sint Tempor Fugiat D', NULL, 3, DEFAULT, DEFAULT), ('c0062d28-74ce-56b0-8124-852c5c4cdd1f', 'Eu Incididunt Ullamc', NULL, 1, DEFAULT, DEFAULT), ('a1d779f7-e622-5cd1-b766-eb2b7925b3c0', 'Minim Mollit', NULL, 3, DEFAULT, DEFAULT), ('bd4e2ea6-e7d4-5655-93cc-d1ed71c3483c', 'Dolore Ipsum Non', NULL, 2, DEFAULT, DEFAULT), ('fb2f612f-57ab-526e-8b57-f5de07942107', 'Nulla Eiusmod Ea Dol', NULL, 1, DEFAULT, DEFAULT), ('38cee772-792e-54fe-ae0f-d62f75f71c11', 'Minim Officia Et Pro', NULL, 4, DEFAULT, DEFAULT), ('60f279f1-b04c-57b1-b6aa-b71a8811c6ab', 'Quis Occaecat', NULL, 2, DEFAULT, DEFAULT), ('b5d35d7e-f19e-568e-9efe-911f779c892f', 'Nostrud Laboris Cill', NULL, 4, DEFAULT, DEFAULT), ('3db3509a-5565-5145-aa2d-eb656db639a3', 'Magna Cupidatat Veli', NULL, 1, DEFAULT, DEFAULT), ('782f7eda-e535-5ab3-8415-643126d3b0fa', 'Eiusmod Anim Est', NULL, 2, DEFAULT, DEFAULT), ('5daf6f25-3b97-5f49-8f75-4ba5d1d74cd3', 'Ipsum Velit Cillum M', NULL, 3, DEFAULT, DEFAULT), ('3788fdae-c690-5563-abac-18b51e4d210f', 'Est Amet Enim', NULL, 4, DEFAULT, DEFAULT), ('177ae72e-41a6-5325-80d6-452827ea5918', 'Adipisicing Nostrud', NULL, 3, DEFAULT, DEFAULT), ('c0a2f5c4-7781-5310-ad3c-e7b9f41a7ace', 'Aute Duis Cupidatat', NULL, 3, DEFAULT, DEFAULT), ('71c019c0-f4c8-51ac-bfff-4141eabf85f3', 'Officia Exercitation', NULL, 4, DEFAULT, DEFAULT), ('ab4eb860-b9b9-58f5-84c6-b76a08d23dfd', 'Consequat Culpa Enim', NULL, 3, DEFAULT, DEFAULT), ('dd9140ad-b92d-5673-a8c2-8b1c4e3e8697', 'Ullamco Reprehenderi', NULL, 2, DEFAULT, DEFAULT), ('78de8c0c-fe2d-50bd-afca-68bed9f87cd0', 'Non Labore Nulla', NULL, 2, DEFAULT, DEFAULT), ('81e51b22-aab8-5050-a735-aa5917f8771b', 'Duis Aute Sunt', NULL, 4, DEFAULT, DEFAULT), ('f6cb58dd-a0aa-5d2b-8ce5-200e44be4f36', 'Mollit Esse Enim Eu', NULL, 2, DEFAULT, DEFAULT), ('48ed64cc-01ce-5cc6-8ffd-8d552f857570', 'Lorem Ipsum Duis', NULL, 2, DEFAULT, DEFAULT);
INSERT INTO public.plan (id,name,pricing,pricing_interval,is_default,config,created_at,updated_at) VALUES (1, 'Essential', 0, 'monthly', 't', '{"max_members":6,"max_blueprints":100,"max_books":20}', DEFAULT, DEFAULT), (2, 'Advanced', 15.803108597090716, 'monthly', 'f', '{"max_members":12,"max_blueprints":200,"max_books":40}', DEFAULT, DEFAULT), (3, 'Pro', 12.111348826482082, 'yearly', 'f', '{"max_members":18,"max_blueprints":300,"max_books":60}', DEFAULT, DEFAULT);
INSERT INTO public.book (id,name,team_id,created_at,updated_at) VALUES ('1e7e0bcb-4fc0-5d72-81a5-d67a74a13595', 'Duis Duis Reprehende', '7c2c4732-09c1-5f7b-87ca-c53e7497b4ef', DEFAULT, DEFAULT), ('d297ab9e-40d4-51b5-bb8f-a1df399f1a9a', 'Dolore', '7c2c4732-09c1-5f7b-87ca-c53e7497b4ef', DEFAULT, DEFAULT), ('d1b8f3f8-af26-5088-8712-273c28ba98f7', 'Est', '7c2c4732-09c1-5f7b-87ca-c53e7497b4ef', DEFAULT, DEFAULT), ('3ff60d7a-a4ad-54c5-a422-53b52cd53093', 'Dolore Nulla Sint', '7c2c4732-09c1-5f7b-87ca-c53e7497b4ef', DEFAULT, DEFAULT), ('cfbfd1d4-e77f-57e5-94da-e9ff2cc7a996', 'Magna', '7c2c4732-09c1-5f7b-87ca-c53e7497b4ef', DEFAULT, DEFAULT), ('92bf5244-388d-5bbf-bd84-1c7ad2efe31b', 'Exercitation Nulla', '7c2c4732-09c1-5f7b-87ca-c53e7497b4ef', DEFAULT, DEFAULT), ('9584676f-0635-591a-a937-d230d9a3abf3', 'Anim Voluptate Anim', '7c2c4732-09c1-5f7b-87ca-c53e7497b4ef', DEFAULT, DEFAULT), ('5777772e-8d66-5c0f-ab03-fb0419760db6', 'Sit Magna Eu', '7c2c4732-09c1-5f7b-87ca-c53e7497b4ef', DEFAULT, DEFAULT), ('62507209-107c-55b5-9f47-9cad3cb25da5', 'Non Deserunt', '7c2c4732-09c1-5f7b-87ca-c53e7497b4ef', DEFAULT, DEFAULT), ('24739a88-19c7-5534-a982-957c164117c4', 'Aliquip Laboris Volu', '7c2c4732-09c1-5f7b-87ca-c53e7497b4ef', DEFAULT, DEFAULT), ('98eaafd3-adbf-5a3e-adb9-b3fb6971b6f1', 'Amet Exercitation', 'f50563b6-8532-51ec-b121-d8c6bca3e897', DEFAULT, DEFAULT), ('2d1d7734-be70-5d07-a538-e76c6cae722e', 'Aute Anim', 'f50563b6-8532-51ec-b121-d8c6bca3e897', DEFAULT, DEFAULT), ('b5605791-3389-56c2-9ec6-17d538b9bb85', 'Cillum Anim', 'f50563b6-8532-51ec-b121-d8c6bca3e897', DEFAULT, DEFAULT), ('a5831e58-2fc9-5b59-970d-00c344a4eb18', 'Pariatur Est', 'f50563b6-8532-51ec-b121-d8c6bca3e897', DEFAULT, DEFAULT), ('756cbb59-27d6-58f3-b4b9-8b56121e683f', 'Nostrud Nostrud Fugi', 'f50563b6-8532-51ec-b121-d8c6bca3e897', DEFAULT, DEFAULT), ('b64d0217-6a7b-5682-8927-676434f72be9', 'Non Laborum', 'f50563b6-8532-51ec-b121-d8c6bca3e897', DEFAULT, DEFAULT), ('09617df2-6261-5b47-bc30-85d317367d48', 'Aute', 'f50563b6-8532-51ec-b121-d8c6bca3e897', DEFAULT, DEFAULT), ('98b30307-7ea7-5b6c-b9e4-560fe08299de', 'Consequat Lorem', 'f50563b6-8532-51ec-b121-d8c6bca3e897', DEFAULT, DEFAULT), ('a8212e1b-5577-5c28-9c38-2d4fbd753550', 'Incididunt', 'f1bf295c-195b-5a42-9c6b-5bfa14b58307', DEFAULT, DEFAULT), ('59558fa1-9cc0-5e85-a331-879d76e07f05', 'Cupidatat', 'f1bf295c-195b-5a42-9c6b-5bfa14b58307', DEFAULT, DEFAULT), ('8926b9fd-34b2-5421-a25c-9cd89c12cad0', 'Mollit Consequat', 'f1bf295c-195b-5a42-9c6b-5bfa14b58307', DEFAULT, DEFAULT), ('5d378209-1fd5-506f-8b3f-511a16489d69', 'Consequat Est', 'f1bf295c-195b-5a42-9c6b-5bfa14b58307', DEFAULT, DEFAULT), ('a6ea6199-2a1a-56d4-b12a-1bf7d32d154c', 'Ullamco', 'e0eebbc8-63c9-5fee-b088-b3310b672c35', DEFAULT, DEFAULT), ('eb3e804d-5ed0-59a1-900b-3b0f9b2cb577', 'Eiusmod Est Cillum', 'e0eebbc8-63c9-5fee-b088-b3310b672c35', DEFAULT, DEFAULT), ('88501f36-608d-5074-ab3f-752cd478292f', 'Commodo Ea Do', 'e0eebbc8-63c9-5fee-b088-b3310b672c35', DEFAULT, DEFAULT), ('0e342915-b360-541f-8c0a-bdf36b3c0ce2', 'Nostrud Ea', 'e0eebbc8-63c9-5fee-b088-b3310b672c35', DEFAULT, DEFAULT), ('8b474939-245b-5ed9-b06a-21432e2b9115', 'Duis Nostrud', 'e0eebbc8-63c9-5fee-b088-b3310b672c35', DEFAULT, DEFAULT), ('abf8504a-2cfc-5a9d-a5d2-31dccd8bf00f', 'Consectetur Anim', '1c17c04a-19f5-5c48-8b6b-48fe02257ffb', DEFAULT, DEFAULT), ('262a78c7-eb9d-5e1a-8e58-41ecb0c31fbd', 'Nostrud Qui Esse', '1c17c04a-19f5-5c48-8b6b-48fe02257ffb', DEFAULT, DEFAULT), ('110efd29-2979-5c30-b41f-b3bf832f48cd', 'Incididunt Lorem', '1c17c04a-19f5-5c48-8b6b-48fe02257ffb', DEFAULT, DEFAULT), ('d2268e40-fa6d-5300-9f01-b7cc8f9018e3', 'Enim Commodo Pariatu', 'a2996c99-b8bb-5bf6-b789-844e821ceb82', DEFAULT, DEFAULT), ('7a86b477-8922-5c78-85b7-47a44d6877c0', 'Duis', 'a2996c99-b8bb-5bf6-b789-844e821ceb82', DEFAULT, DEFAULT), ('cd1520c4-af17-5e1e-b5b0-a9e95f36a7c4', 'Voluptate Dolore', 'a2996c99-b8bb-5bf6-b789-844e821ceb82', DEFAULT, DEFAULT), ('2190cc4c-2cc5-5f9f-983d-55f70f31e468', 'Aliqua Sint', 'a2996c99-b8bb-5bf6-b789-844e821ceb82', DEFAULT, DEFAULT), ('349111f0-5b40-5b21-aeff-8af2b228d28f', 'Est Non', '5d016028-a6a3-5268-91a3-91021dbfda0a', DEFAULT, DEFAULT), ('e2b744a0-a170-5a87-828d-34cc6f64ca05', 'Non Dolor', '5d016028-a6a3-5268-91a3-91021dbfda0a', DEFAULT, DEFAULT), ('3a804324-748d-571a-afad-6b9c20a35337', 'Tempor Cillum', '5d016028-a6a3-5268-91a3-91021dbfda0a', DEFAULT, DEFAULT), ('1bf9a820-bb8f-59cd-8902-84a62a1aa29f', 'Dolore', '5d016028-a6a3-5268-91a3-91021dbfda0a', DEFAULT, DEFAULT), ('09204188-e618-5728-88fc-034120742c41', 'Et Nulla Laborum', 'b279891e-05aa-528b-867b-dd6fe5fa77c8', DEFAULT, DEFAULT), ('b576de0c-954e-5345-a9e7-0d691c52341a', 'Duis Excepteur', 'b279891e-05aa-528b-867b-dd6fe5fa77c8', DEFAULT, DEFAULT), ('887dee3f-7921-537c-91f1-8b0d43117b12', 'Esse Consectetur Est', 'b279891e-05aa-528b-867b-dd6fe5fa77c8', DEFAULT, DEFAULT), ('6fc34c52-742f-56c2-b6c3-89dee63a8839', 'Fugiat Commodo Paria', 'b279891e-05aa-528b-867b-dd6fe5fa77c8', DEFAULT, DEFAULT), ('5531f3c9-2ccc-59e8-86e8-da1800808ec2', 'Sunt Proident', 'b279891e-05aa-528b-867b-dd6fe5fa77c8', DEFAULT, DEFAULT), ('3b3a2ed4-3283-5a09-84d9-c7de876d5510', 'Mollit Id', 'b279891e-05aa-528b-867b-dd6fe5fa77c8', DEFAULT, DEFAULT), ('380f1bbd-f6c8-5306-af3f-7d7fa746bde0', 'Mollit', 'b279891e-05aa-528b-867b-dd6fe5fa77c8', DEFAULT, DEFAULT), ('672ad514-6b43-58ed-b7aa-f70ed34485d9', 'Et Adipisicing', 'b279891e-05aa-528b-867b-dd6fe5fa77c8', DEFAULT, DEFAULT), ('f561c33d-0589-5163-a677-f2a1eb6b3322', 'Adipisicing Velit Ip', 'ff53868f-9940-575d-8fa8-923808f93a53', DEFAULT, DEFAULT), ('02a341a2-35a0-5fbc-a1f4-aa8b42aa4b51', 'Est Duis', 'ff53868f-9940-575d-8fa8-923808f93a53', DEFAULT, DEFAULT), ('ad276812-3b86-5425-b36a-d822f2860912', 'Laborum Consectetur', 'ff53868f-9940-575d-8fa8-923808f93a53', DEFAULT, DEFAULT), ('2764351d-73bf-5124-a613-660cd57f91dd', 'Elit Aute', 'ff53868f-9940-575d-8fa8-923808f93a53', DEFAULT, DEFAULT), ('8bf74689-dfcf-5429-b342-2718dce8a8eb', 'Culpa Culpa', 'ff53868f-9940-575d-8fa8-923808f93a53', DEFAULT, DEFAULT), ('c34db444-6019-5242-8b27-a0e6d1f129be', 'Do Aliqua', 'ff53868f-9940-575d-8fa8-923808f93a53', DEFAULT, DEFAULT), ('fe78882d-8d81-5307-9012-7c7cadbfdbe6', 'Nisi Culpa Tempor', 'ff53868f-9940-575d-8fa8-923808f93a53', DEFAULT, DEFAULT), ('fc88007a-9d2a-5db9-87f7-7afc6a40da73', 'Culpa', 'ff53868f-9940-575d-8fa8-923808f93a53', DEFAULT, DEFAULT), ('43da4265-8ed7-5662-93ab-8135a4c65441', 'Occaecat', 'ff53868f-9940-575d-8fa8-923808f93a53', DEFAULT, DEFAULT), ('6284c864-e678-5ba8-a315-c4c8b4d9f835', 'Nostrud Est Proident', 'ff53868f-9940-575d-8fa8-923808f93a53', DEFAULT, DEFAULT), ('cd80d13e-478f-5058-8dfd-e20a76013cb5', 'Tempor Laboris', '8172203a-00e7-5e0e-919b-2970e0d891df', DEFAULT, DEFAULT), ('db9f2a26-569b-5431-9216-bcd2cf256bbd', 'Do Sint', '8172203a-00e7-5e0e-919b-2970e0d891df', DEFAULT, DEFAULT), ('e4c44768-00c8-52e6-80f9-625972d5d9b9', 'Aute Reprehenderit', '8172203a-00e7-5e0e-919b-2970e0d891df', DEFAULT, DEFAULT), ('eea550bd-8120-5fb2-9339-ad3a549506d4', 'Consequat', '8172203a-00e7-5e0e-919b-2970e0d891df', DEFAULT, DEFAULT), ('88514f78-7770-5bc2-96a4-f0f4ebcab4a4', 'Sit Nostrud', '8172203a-00e7-5e0e-919b-2970e0d891df', DEFAULT, DEFAULT), ('95c65795-b9a1-572f-87ae-6fa70b020fbb', 'Ex Laboris', '8172203a-00e7-5e0e-919b-2970e0d891df', DEFAULT, DEFAULT), ('e9decb87-4a50-5c41-896c-16fe0d21ebca', 'Exercitation Lorem S', '7b5ee10b-959f-565b-9dac-a4bab4f6c6bf', DEFAULT, DEFAULT), ('274020d9-7513-5cf6-ae0b-e94ef1d1a62f', 'Esse Aliqua', '7b5ee10b-959f-565b-9dac-a4bab4f6c6bf', DEFAULT, DEFAULT), ('644bfc5c-cf27-5d76-8355-4e4c8d73061f', 'Officia Eiusmod', '7b5ee10b-959f-565b-9dac-a4bab4f6c6bf', DEFAULT, DEFAULT), ('eff6dde6-e4aa-5c61-9818-5d7ae0bf58b7', 'Adipisicing', '7b5ee10b-959f-565b-9dac-a4bab4f6c6bf', DEFAULT, DEFAULT), ('31bb49e9-e86d-546a-9e01-6986e5eacf06', 'Nisi', '7b5ee10b-959f-565b-9dac-a4bab4f6c6bf', DEFAULT, DEFAULT), ('6a3486ce-c3fa-519b-8ad1-f329a5c3ee43', 'Ipsum', '7b5ee10b-959f-565b-9dac-a4bab4f6c6bf', DEFAULT, DEFAULT), ('d92658af-bb2e-5f93-9170-bc8d85a6ad50', 'Ullamco Sit', '7b5ee10b-959f-565b-9dac-a4bab4f6c6bf', DEFAULT, DEFAULT), ('e7f24225-5e7d-55c3-8091-6f5a69baba70', 'Quis Sit', '7b5ee10b-959f-565b-9dac-a4bab4f6c6bf', DEFAULT, DEFAULT), ('452112d1-c377-57c1-bac3-4121d3e3bdcc', 'Reprehenderit Dolor ', '7b5ee10b-959f-565b-9dac-a4bab4f6c6bf', DEFAULT, DEFAULT), ('b134c4e5-3e41-53b3-bf3f-7f4cf023e9d7', 'Velit', '38400370-0369-5239-8b08-499aef0591ef', DEFAULT, DEFAULT), ('763ebb5f-add9-59ff-9a26-6b4030dae259', 'Nisi Id Ea', '38400370-0369-5239-8b08-499aef0591ef', DEFAULT, DEFAULT), ('9f273059-bf49-55a4-bf95-e6bedcccffe3', 'Cupidatat', '38400370-0369-5239-8b08-499aef0591ef', DEFAULT, DEFAULT), ('c7198a1e-f50c-5635-a5bf-2073d4da7bc6', 'Qui', '38400370-0369-5239-8b08-499aef0591ef', DEFAULT, DEFAULT), ('1497705a-df0e-5f8d-988d-61adba7199e0', 'Et', '38400370-0369-5239-8b08-499aef0591ef', DEFAULT, DEFAULT), ('b5f933d0-c28e-517c-9fca-d9e38dc742a2', 'Proident Labore', '77394b64-1ec1-5043-8dc3-08f9200521d4', DEFAULT, DEFAULT), ('21a7e579-98a3-5757-a0a8-913f2da95aba', 'Ullamco Minim', '77394b64-1ec1-5043-8dc3-08f9200521d4', DEFAULT, DEFAULT), ('a4b32498-f3a6-5110-a5b6-de20f0314c35', 'Ea Eiusmod', '77394b64-1ec1-5043-8dc3-08f9200521d4', DEFAULT, DEFAULT), ('22052ce5-2628-54da-93cf-dce3c06b547a', 'Irure Aliquip', '77394b64-1ec1-5043-8dc3-08f9200521d4', DEFAULT, DEFAULT), ('5b303ef1-7516-512a-ba01-9f0dc05d7d2a', 'Dolor Labore', '77394b64-1ec1-5043-8dc3-08f9200521d4', DEFAULT, DEFAULT), ('2386fe50-4da3-5ca3-b993-046dc48afb23', 'Laborum Lorem', '77394b64-1ec1-5043-8dc3-08f9200521d4', DEFAULT, DEFAULT), ('be8eca74-88dc-5f62-a6bb-1a0cde780aab', 'Laborum', '77394b64-1ec1-5043-8dc3-08f9200521d4', DEFAULT, DEFAULT), ('df0b9534-eb70-596b-965a-89561ef803da', 'In Sint', '77394b64-1ec1-5043-8dc3-08f9200521d4', DEFAULT, DEFAULT), ('e4d90fe6-6c38-55d7-9042-99ce6d25bf1e', 'Reprehenderit Qui Ex', '77394b64-1ec1-5043-8dc3-08f9200521d4', DEFAULT, DEFAULT), ('31ac52db-fa89-5177-b667-1cf6526a929a', 'In', '56ea9a57-3786-5a49-9700-501eb57a1328', DEFAULT, DEFAULT), ('3c6d504a-3b43-5117-a71b-e844b07b3920', 'Elit Incididunt', '56ea9a57-3786-5a49-9700-501eb57a1328', DEFAULT, DEFAULT), ('70e095a9-713d-5fe2-a06a-8145febdb917', 'Id Minim Pariatur', '56ea9a57-3786-5a49-9700-501eb57a1328', DEFAULT, DEFAULT), ('d0fa96c4-2bfe-5959-9fd4-b17ec4964e6d', 'Deserunt', '56ea9a57-3786-5a49-9700-501eb57a1328', DEFAULT, DEFAULT), ('cb82a658-7a6b-5f53-8103-de934a9d041a', 'Ea Laboris', '56ea9a57-3786-5a49-9700-501eb57a1328', DEFAULT, DEFAULT), ('404e076e-a943-52e4-a2ce-10591a9caa1f', 'Dolore In', '56ea9a57-3786-5a49-9700-501eb57a1328', DEFAULT, DEFAULT), ('d19db439-c7e7-53a7-aa19-0db346180dc1', 'Irure Enim', '5e20f9a8-7b26-5a5f-8426-6b12c182d23c', DEFAULT, DEFAULT), ('91434b27-2651-5429-8f42-45c3f8e334a0', 'Dolore Consectetur', '5e20f9a8-7b26-5a5f-8426-6b12c182d23c', DEFAULT, DEFAULT), ('549980e7-3e77-5d76-b263-84664d04b209', 'Esse Magna Voluptate', '5e20f9a8-7b26-5a5f-8426-6b12c182d23c', DEFAULT, DEFAULT), ('e4de1a09-bd9a-5e42-b92c-2cb1af28bec6', 'Duis Sit', '5e20f9a8-7b26-5a5f-8426-6b12c182d23c', DEFAULT, DEFAULT), ('b32027db-33da-5dc2-b906-e0c2a06ac683', 'Aliquip Culpa Magna', '53fe0e9e-3358-5722-b994-4faad8733cd3', DEFAULT, DEFAULT), ('b7a89d05-549f-565f-b631-b59097e91d1a', 'Duis Laboris', '53fe0e9e-3358-5722-b994-4faad8733cd3', DEFAULT, DEFAULT), ('ac9f0e3e-b030-584f-a8dd-87355fe22537', 'Ipsum Eu', '53fe0e9e-3358-5722-b994-4faad8733cd3', DEFAULT, DEFAULT), ('438bff0e-fd50-5c86-89ee-d397a0c0e548', 'Mollit', '53fe0e9e-3358-5722-b994-4faad8733cd3', DEFAULT, DEFAULT), ('9bf2ad50-cccb-50eb-8269-3a7e78bd21f5', 'Magna Officia', '53fe0e9e-3358-5722-b994-4faad8733cd3', DEFAULT, DEFAULT), ('26f7bb6a-3c9c-5b30-b11b-be5ebfb91948', 'Ad Fugiat Ea', 'e4834379-a7a0-5f41-8193-f598072b1c83', DEFAULT, DEFAULT), ('e5b4727f-be5e-52c0-83cb-cb7ba230945f', 'Id Duis', 'e4834379-a7a0-5f41-8193-f598072b1c83', DEFAULT, DEFAULT), ('290e51c6-7ff6-5db4-8f40-69dda051b66c', 'Cillum', 'e4834379-a7a0-5f41-8193-f598072b1c83', DEFAULT, DEFAULT), ('6c3f6730-2b1a-5e27-97de-caacad0bb1a5', 'Cupidatat Officia', 'e4834379-a7a0-5f41-8193-f598072b1c83', DEFAULT, DEFAULT), ('a8766652-5cf4-5e66-ba6d-9eb457dff942', 'Do Ea', 'a9f91eda-269f-54d0-83de-05f0c2ecbf08', DEFAULT, DEFAULT), ('43bcab14-4a69-5e60-a07f-cda2fe595a2a', 'Minim Duis', 'a9f91eda-269f-54d0-83de-05f0c2ecbf08', DEFAULT, DEFAULT), ('203ac13e-e5b1-548e-a7da-5d8cff932053', 'Nostrud', 'a9f91eda-269f-54d0-83de-05f0c2ecbf08', DEFAULT, DEFAULT), ('1332e392-1ac8-57d9-8262-948f66c89fe9', 'Quis', 'a9f91eda-269f-54d0-83de-05f0c2ecbf08', DEFAULT, DEFAULT), ('b88b1af1-79fe-5af5-9c91-0c77ed20973b', 'Laboris Nostrud', 'a9f91eda-269f-54d0-83de-05f0c2ecbf08', DEFAULT, DEFAULT), ('d073b0b8-955f-5aab-9c76-3aebe9fa08b6', 'Dolor Nostrud', 'a9f91eda-269f-54d0-83de-05f0c2ecbf08', DEFAULT, DEFAULT), ('5783cab4-e010-523b-b893-81b388f43d06', 'Nulla Tempor Mollit', 'c0062d28-74ce-56b0-8124-852c5c4cdd1f', DEFAULT, DEFAULT), ('01bb02e3-6d00-5b11-ba00-2f6b060dfb2e', 'Sint Dolore', 'c0062d28-74ce-56b0-8124-852c5c4cdd1f', DEFAULT, DEFAULT), ('a9752d0c-ade4-58c6-b746-1b9df56a3d08', 'Ex', 'c0062d28-74ce-56b0-8124-852c5c4cdd1f', DEFAULT, DEFAULT), ('5cdb9712-16b6-532e-9cc7-8cf7dfbe9b6b', 'Voluptate Magna', 'c0062d28-74ce-56b0-8124-852c5c4cdd1f', DEFAULT, DEFAULT), ('47c1a5aa-1c4a-5781-9c8f-968a639137d7', 'Occaecat Ut', 'c0062d28-74ce-56b0-8124-852c5c4cdd1f', DEFAULT, DEFAULT), ('3c19e2d6-1e17-5580-adbc-319ee6c74e3c', 'Pariatur Eu Excepteu', 'c0062d28-74ce-56b0-8124-852c5c4cdd1f', DEFAULT, DEFAULT), ('ddb44318-7e83-5b4d-8ba4-3bbd19edd327', 'Adipisicing Exercita', 'c0062d28-74ce-56b0-8124-852c5c4cdd1f', DEFAULT, DEFAULT), ('e6e5bdc8-dbe5-545a-b616-a55a5f857d1f', 'Consectetur Dolor En', 'c0062d28-74ce-56b0-8124-852c5c4cdd1f', DEFAULT, DEFAULT), ('8068bdaa-feec-5131-873b-0c940ef3679e', 'Proident', 'c0062d28-74ce-56b0-8124-852c5c4cdd1f', DEFAULT, DEFAULT), ('3adfc207-aaeb-5fa1-b329-eb7ef2061320', 'Sint', 'a1d779f7-e622-5cd1-b766-eb2b7925b3c0', DEFAULT, DEFAULT), ('096adf71-c74e-5b77-822b-46a8768797c5', 'Consequat Cillum', 'a1d779f7-e622-5cd1-b766-eb2b7925b3c0', DEFAULT, DEFAULT), ('65d8ad86-6271-552b-8704-fabcdcf18cdb', 'Laboris', 'a1d779f7-e622-5cd1-b766-eb2b7925b3c0', DEFAULT, DEFAULT), ('9a52e2af-cb63-5ab2-95a7-ae32f01d6a1c', 'Et Proident Nostrud', 'a1d779f7-e622-5cd1-b766-eb2b7925b3c0', DEFAULT, DEFAULT), ('f7f33f5b-7e02-5784-9db2-ed2995544a54', 'Eu Laborum', 'a1d779f7-e622-5cd1-b766-eb2b7925b3c0', DEFAULT, DEFAULT), ('ba4d6fef-111f-5ce5-883e-2b3880f373bf', 'Sunt Nostrud Deserun', 'a1d779f7-e622-5cd1-b766-eb2b7925b3c0', DEFAULT, DEFAULT), ('405dd580-b1c8-5c0e-9df0-d82b7f57175d', 'Nostrud Sunt', 'a1d779f7-e622-5cd1-b766-eb2b7925b3c0', DEFAULT, DEFAULT), ('39da01f0-2195-5fc3-a74a-d12c26c902a3', 'Cillum Mollit', 'bd4e2ea6-e7d4-5655-93cc-d1ed71c3483c', DEFAULT, DEFAULT), ('fbbb9719-f3d1-5ce2-b584-4b70bf5bb135', 'Ut Aliqua', 'bd4e2ea6-e7d4-5655-93cc-d1ed71c3483c', DEFAULT, DEFAULT), ('5f651c76-ceba-56db-bd60-512d4079ec53', 'Tempor', 'bd4e2ea6-e7d4-5655-93cc-d1ed71c3483c', DEFAULT, DEFAULT), ('9af6e0ef-7015-5390-856a-705032c2e40e', 'Enim Minim Officia', 'bd4e2ea6-e7d4-5655-93cc-d1ed71c3483c', DEFAULT, DEFAULT), ('5034bc4f-306f-5e76-8ef2-99198efc3a69', 'Tempor Adipisicing A', 'bd4e2ea6-e7d4-5655-93cc-d1ed71c3483c', DEFAULT, DEFAULT), ('bbecd693-8054-5eee-8ada-8e2d5a3c5090', 'Dolore Proident Cill', 'bd4e2ea6-e7d4-5655-93cc-d1ed71c3483c', DEFAULT, DEFAULT), ('f5d8c620-973f-509a-b5b1-dc1e889a22a1', 'Velit Labore', 'bd4e2ea6-e7d4-5655-93cc-d1ed71c3483c', DEFAULT, DEFAULT), ('76a5e2d5-9a63-55f6-9eb8-8f0daf48e856', 'Dolore', 'bd4e2ea6-e7d4-5655-93cc-d1ed71c3483c', DEFAULT, DEFAULT), ('e7ba2b18-a57c-5b02-9714-d376d9ea922f', 'Magna Culpa Laboris', 'fb2f612f-57ab-526e-8b57-f5de07942107', DEFAULT, DEFAULT), ('ccd28d41-9086-5b64-b351-585431787bb7', 'Ut Et', 'fb2f612f-57ab-526e-8b57-f5de07942107', DEFAULT, DEFAULT), ('6a248992-e0a8-5c27-8d71-fd2cfd3a1fd6', 'Est Enim', 'fb2f612f-57ab-526e-8b57-f5de07942107', DEFAULT, DEFAULT), ('72d447b0-a4fa-5de7-bb4c-9ff5f169dfea', 'Eu In', 'fb2f612f-57ab-526e-8b57-f5de07942107', DEFAULT, DEFAULT), ('f457d7a7-01f9-5225-b07a-0e782525bbc7', 'Consequat Pariatur', '38cee772-792e-54fe-ae0f-d62f75f71c11', DEFAULT, DEFAULT), ('0fa12fcf-97e2-5065-a698-e366ca117702', 'Deserunt Cillum Qui', '38cee772-792e-54fe-ae0f-d62f75f71c11', DEFAULT, DEFAULT), ('b4725825-2a5a-5e18-a190-e59f4cb9f1b5', 'Velit Tempor Officia', '38cee772-792e-54fe-ae0f-d62f75f71c11', DEFAULT, DEFAULT), ('d1dc8a74-c651-5dbd-b484-1cd2c51db9b9', 'Sit Est', '38cee772-792e-54fe-ae0f-d62f75f71c11', DEFAULT, DEFAULT), ('40747f76-ad34-5508-ba43-ef538c943cc0', 'Sint', '38cee772-792e-54fe-ae0f-d62f75f71c11', DEFAULT, DEFAULT), ('94a106f5-e21c-5e45-83f2-58d10f738b53', 'Labore', '38cee772-792e-54fe-ae0f-d62f75f71c11', DEFAULT, DEFAULT), ('45173bfe-a11f-574a-ac25-21cda1308ec9', 'Reprehenderit Enim', '60f279f1-b04c-57b1-b6aa-b71a8811c6ab', DEFAULT, DEFAULT), ('28e4b717-ba20-5ce6-96db-f08421aa2fc7', 'Laborum Est', '60f279f1-b04c-57b1-b6aa-b71a8811c6ab', DEFAULT, DEFAULT), ('d35ecca3-ac35-5e28-8e7e-6a25de908d18', 'Nostrud Commodo', '60f279f1-b04c-57b1-b6aa-b71a8811c6ab', DEFAULT, DEFAULT), ('e334db45-3389-5a47-b7c9-4ff8121637b5', 'Magna', '60f279f1-b04c-57b1-b6aa-b71a8811c6ab', DEFAULT, DEFAULT), ('0a9347d2-3396-5e6a-98f1-b406ca195226', 'Eu Cillum', '60f279f1-b04c-57b1-b6aa-b71a8811c6ab', DEFAULT, DEFAULT), ('71edf17f-e471-58c3-bbf8-8111bd6c7c8e', 'Sunt Pariatur Irure', '60f279f1-b04c-57b1-b6aa-b71a8811c6ab', DEFAULT, DEFAULT), ('fc6d457c-9711-5cde-813c-d584f858faae', 'Fugiat Ullamco', '60f279f1-b04c-57b1-b6aa-b71a8811c6ab', DEFAULT, DEFAULT), ('644a93ba-f570-5681-b2f5-de6b9950affd', 'Dolor Non Esse', '60f279f1-b04c-57b1-b6aa-b71a8811c6ab', DEFAULT, DEFAULT), ('b737f334-53a3-585e-98d7-69fce744e35e', 'Cillum Sunt', 'b5d35d7e-f19e-568e-9efe-911f779c892f', DEFAULT, DEFAULT), ('8babc841-00b0-585f-9ca3-85ef68fec1f7', 'Do Dolore Magna', 'b5d35d7e-f19e-568e-9efe-911f779c892f', DEFAULT, DEFAULT), ('79efb743-bb54-546e-8bdf-089509399715', 'Ex Do', 'b5d35d7e-f19e-568e-9efe-911f779c892f', DEFAULT, DEFAULT), ('86e03e09-1744-508f-b91c-c48f85d8ffcb', 'Voluptate Magna', 'b5d35d7e-f19e-568e-9efe-911f779c892f', DEFAULT, DEFAULT), ('6451b879-16d7-5644-b6b9-87dd18b3facf', 'Eiusmod Veniam', 'b5d35d7e-f19e-568e-9efe-911f779c892f', DEFAULT, DEFAULT), ('47e5d6a1-6a7c-5068-97e6-b73d6f3b47c1', 'Excepteur Amet', 'b5d35d7e-f19e-568e-9efe-911f779c892f', DEFAULT, DEFAULT), ('ea56a5ec-2249-5fba-8891-278bcdbbb33d', 'Voluptate Eu', 'b5d35d7e-f19e-568e-9efe-911f779c892f', DEFAULT, DEFAULT), ('844afdcc-93cf-55c8-b0f1-1cc22329a30b', 'Lorem Elit Ea', '3db3509a-5565-5145-aa2d-eb656db639a3', DEFAULT, DEFAULT), ('290bcd64-8663-5670-8efa-64e864979bbb', 'Et', '3db3509a-5565-5145-aa2d-eb656db639a3', DEFAULT, DEFAULT), ('897e7fb9-bd9c-59e3-afc7-d1c31ec7ef34', 'Aliqua Sit', '3db3509a-5565-5145-aa2d-eb656db639a3', DEFAULT, DEFAULT), ('f3376d8d-17f3-5259-a5b0-af6d5e21e7e2', 'Eu Aute', '3db3509a-5565-5145-aa2d-eb656db639a3', DEFAULT, DEFAULT), ('5ce056de-a21e-5eba-9d47-e09232047aae', 'Tempor Dolore Non', '3db3509a-5565-5145-aa2d-eb656db639a3', DEFAULT, DEFAULT), ('fd8e258e-4711-5b22-b0f3-1f5725eb642f', 'Sint Magna', '3db3509a-5565-5145-aa2d-eb656db639a3', DEFAULT, DEFAULT), ('e5d977c2-2a0e-5703-8ee9-4796e3967ae0', 'Lorem', '3db3509a-5565-5145-aa2d-eb656db639a3', DEFAULT, DEFAULT), ('11edd970-a1f3-5973-a201-278046231716', 'Ut', '3db3509a-5565-5145-aa2d-eb656db639a3', DEFAULT, DEFAULT), ('a3141029-aec2-543b-b18a-49fe947e3304', 'Ullamco Ea', '782f7eda-e535-5ab3-8415-643126d3b0fa', DEFAULT, DEFAULT), ('6c52c1d9-13a4-51ef-ae51-1dacc4c14be9', 'Labore Adipisicing S', '782f7eda-e535-5ab3-8415-643126d3b0fa', DEFAULT, DEFAULT), ('2589cf16-4103-5a4f-b544-b30078083eaa', 'Est Occaecat', '782f7eda-e535-5ab3-8415-643126d3b0fa', DEFAULT, DEFAULT), ('a88bc9b9-135e-55c7-8c4c-5a072a3c8573', 'Quis Amet Amet', '782f7eda-e535-5ab3-8415-643126d3b0fa', DEFAULT, DEFAULT), ('8b7e423b-b9b9-5b3c-bf3d-1aa45d16235c', 'Aute Pariatur Amet', '782f7eda-e535-5ab3-8415-643126d3b0fa', DEFAULT, DEFAULT), ('882c7ae5-914f-539d-8207-691de536097f', 'Velit Cillum', '782f7eda-e535-5ab3-8415-643126d3b0fa', DEFAULT, DEFAULT), ('811570ef-0b81-508d-ba05-2f5e812d4131', 'Esse Adipisicing', '782f7eda-e535-5ab3-8415-643126d3b0fa', DEFAULT, DEFAULT), ('29b47b7e-4cec-5d5a-b93d-172770b57ed6', 'Velit Proident', '782f7eda-e535-5ab3-8415-643126d3b0fa', DEFAULT, DEFAULT), ('a5e6c58e-54df-5943-b1b7-463c2ae0fb74', 'Exercitation Consequ', '782f7eda-e535-5ab3-8415-643126d3b0fa', DEFAULT, DEFAULT), ('0ddbd373-5148-5d1c-b950-701854fc6604', 'Minim Est', '782f7eda-e535-5ab3-8415-643126d3b0fa', DEFAULT, DEFAULT), ('9b1fc781-1e4e-56d2-bd68-0dc257a319c0', 'Elit', '5daf6f25-3b97-5f49-8f75-4ba5d1d74cd3', DEFAULT, DEFAULT), ('8a0a556f-d942-55f0-8ba8-1ffbfaf3c6d9', 'Aute', '5daf6f25-3b97-5f49-8f75-4ba5d1d74cd3', DEFAULT, DEFAULT), ('91fa3874-9437-5dfa-a49a-f19fb38d9e92', 'Incididunt Pariatur', '5daf6f25-3b97-5f49-8f75-4ba5d1d74cd3', DEFAULT, DEFAULT), ('3204ce32-7c5b-5953-969e-fe1d17de6e76', 'Labore Nulla Officia', '3788fdae-c690-5563-abac-18b51e4d210f', DEFAULT, DEFAULT), ('eecf8a7e-af2f-524d-a645-c5fba3ebda06', 'Ex', '3788fdae-c690-5563-abac-18b51e4d210f', DEFAULT, DEFAULT), ('8d3f145b-67b0-504d-b49a-d59ecea5d2d8', 'Aliqua Laborum', '3788fdae-c690-5563-abac-18b51e4d210f', DEFAULT, DEFAULT), ('d00c085d-72d6-5114-a5fd-ba818539c2f7', 'Aliqua Enim Amet', '3788fdae-c690-5563-abac-18b51e4d210f', DEFAULT, DEFAULT), ('d6d652bf-48a5-5a85-a95d-16c25edc5397', 'Eu Proident Incididu', '177ae72e-41a6-5325-80d6-452827ea5918', DEFAULT, DEFAULT), ('94170f3d-888c-58bc-bc18-13592bfb52c5', 'Minim', '177ae72e-41a6-5325-80d6-452827ea5918', DEFAULT, DEFAULT), ('1e0af0c0-30ba-5a06-9647-a83cef3d815d', 'Laborum Mollit Sit', '177ae72e-41a6-5325-80d6-452827ea5918', DEFAULT, DEFAULT), ('097c4d8e-94d3-5fd3-94ca-7bbb66cf6929', 'Dolore Cillum Ipsum', '177ae72e-41a6-5325-80d6-452827ea5918', DEFAULT, DEFAULT), ('2daf5548-f681-577a-9912-670e1304b2ad', 'Pariatur Ipsum', '177ae72e-41a6-5325-80d6-452827ea5918', DEFAULT, DEFAULT), ('36ab6720-a24b-578b-8d3f-3d9bb0485851', 'Nulla', '177ae72e-41a6-5325-80d6-452827ea5918', DEFAULT, DEFAULT), ('960932a7-c474-5ba2-97bb-0581aeeca485', 'Pariatur Sit Ea', '177ae72e-41a6-5325-80d6-452827ea5918', DEFAULT, DEFAULT), ('d9d9ad5e-1233-511b-bc7d-1f7d6c3d7a35', 'Aute Aliquip', '177ae72e-41a6-5325-80d6-452827ea5918', DEFAULT, DEFAULT), ('f90b4470-adf8-5f0c-b081-850f3bfe4f01', 'Do Reprehenderit', '177ae72e-41a6-5325-80d6-452827ea5918', DEFAULT, DEFAULT), ('70b4d1da-5ee3-5bd6-aecb-9af8ab670b84', 'Sit Reprehenderit', 'c0a2f5c4-7781-5310-ad3c-e7b9f41a7ace', DEFAULT, DEFAULT), ('2da4149c-bf3e-5f98-b904-591c69530871', 'Ex Cupidatat Et', 'c0a2f5c4-7781-5310-ad3c-e7b9f41a7ace', DEFAULT, DEFAULT), ('a69d43fa-2222-5203-b590-140e62599451', 'Deserunt', 'c0a2f5c4-7781-5310-ad3c-e7b9f41a7ace', DEFAULT, DEFAULT), ('f6a7cc82-a609-50ee-a839-9fa8b1a9631d', 'Ad Irure', 'c0a2f5c4-7781-5310-ad3c-e7b9f41a7ace', DEFAULT, DEFAULT), ('00644310-2ebb-53b6-b6cd-c599924419bd', 'Lorem Pariatur', 'c0a2f5c4-7781-5310-ad3c-e7b9f41a7ace', DEFAULT, DEFAULT), ('3de7919f-8a6e-5a5a-ad06-07f2ad53b96d', 'Pariatur', 'c0a2f5c4-7781-5310-ad3c-e7b9f41a7ace', DEFAULT, DEFAULT), ('495390bc-68e6-52a4-b1ba-2f994586821a', 'In', 'c0a2f5c4-7781-5310-ad3c-e7b9f41a7ace', DEFAULT, DEFAULT), ('a6586816-3687-592a-bbeb-b4d089115511', 'Deserunt Sit', 'c0a2f5c4-7781-5310-ad3c-e7b9f41a7ace', DEFAULT, DEFAULT), ('b81bd935-192e-5281-86b5-9cd33c3ee95a', 'Ex Ex Excepteur', 'c0a2f5c4-7781-5310-ad3c-e7b9f41a7ace', DEFAULT, DEFAULT), ('28a1ca86-fc34-5d5b-bda6-792b581f58de', 'Nostrud Fugiat', '71c019c0-f4c8-51ac-bfff-4141eabf85f3', DEFAULT, DEFAULT), ('c801d235-e02a-5267-8201-eecb86948b65', 'Fugiat Laboris', '71c019c0-f4c8-51ac-bfff-4141eabf85f3', DEFAULT, DEFAULT), ('ad1bbcac-cdbb-551f-b25a-b14b40074515', 'Pariatur Elit', '71c019c0-f4c8-51ac-bfff-4141eabf85f3', DEFAULT, DEFAULT), ('af85f96c-efbd-584c-bdd4-26c4e2f3e556', 'Aliqua', '71c019c0-f4c8-51ac-bfff-4141eabf85f3', DEFAULT, DEFAULT), ('ee198d66-a798-52a5-8b79-9931f7b835e3', 'Lorem Mollit Anim', '71c019c0-f4c8-51ac-bfff-4141eabf85f3', DEFAULT, DEFAULT), ('9a2c5b91-3c65-50ae-8188-68db1f1edfc4', 'Id Consequat', '71c019c0-f4c8-51ac-bfff-4141eabf85f3', DEFAULT, DEFAULT), ('a78f49ae-5f15-5b14-baf5-6abdb727fcc1', 'Aliquip', '71c019c0-f4c8-51ac-bfff-4141eabf85f3', DEFAULT, DEFAULT), ('b67e09de-df70-515b-91d0-6e53f3b4a58a', 'Tempor Veniam', 'ab4eb860-b9b9-58f5-84c6-b76a08d23dfd', DEFAULT, DEFAULT), ('fe24988b-bca5-5bf5-be0f-c92da7b2cbe1', 'Nisi Do', 'ab4eb860-b9b9-58f5-84c6-b76a08d23dfd', DEFAULT, DEFAULT), ('fb634118-b8a6-50b7-9010-0317dd27fba6', 'Eiusmod Nisi Commodo', 'ab4eb860-b9b9-58f5-84c6-b76a08d23dfd', DEFAULT, DEFAULT), ('cda3814f-c14d-5dcf-a835-797df84f6d99', 'Quis Mollit', 'ab4eb860-b9b9-58f5-84c6-b76a08d23dfd', DEFAULT, DEFAULT), ('bdc52205-2f90-54a1-a699-3ba523b0d56a', 'Ex', 'ab4eb860-b9b9-58f5-84c6-b76a08d23dfd', DEFAULT, DEFAULT), ('98bf31df-37fd-5af6-86dd-8686cdc35eeb', 'Aliqua Exercitation', 'dd9140ad-b92d-5673-a8c2-8b1c4e3e8697', DEFAULT, DEFAULT), ('ae956930-bebe-5aad-83f8-b8d0cae36371', 'Magna Ad', 'dd9140ad-b92d-5673-a8c2-8b1c4e3e8697', DEFAULT, DEFAULT), ('e20720a7-b660-50e0-8da5-8784fa26a31d', 'Lorem', 'dd9140ad-b92d-5673-a8c2-8b1c4e3e8697', DEFAULT, DEFAULT), ('2dbccffd-e7a5-5653-9dc6-18e988716abe', 'Ipsum Exercitation A', 'dd9140ad-b92d-5673-a8c2-8b1c4e3e8697', DEFAULT, DEFAULT), ('d905224a-1767-5e97-ad1a-f223ab64cd44', 'Sit Excepteur Aliqua', 'dd9140ad-b92d-5673-a8c2-8b1c4e3e8697', DEFAULT, DEFAULT), ('94daea14-9b93-5933-9044-5ccc1eb32f8f', 'Minim Nisi', '78de8c0c-fe2d-50bd-afca-68bed9f87cd0', DEFAULT, DEFAULT), ('dc58dd7b-bb54-5abe-8208-becc5e0561ad', 'Eu Eiusmod', '78de8c0c-fe2d-50bd-afca-68bed9f87cd0', DEFAULT, DEFAULT), ('63e38d08-3dd9-5569-ab28-f70e94b3cdb7', 'Exercitation Lorem', '78de8c0c-fe2d-50bd-afca-68bed9f87cd0', DEFAULT, DEFAULT), ('7f78fee3-dd27-5696-858f-318bd4cbf2a8', 'Ad', '78de8c0c-fe2d-50bd-afca-68bed9f87cd0', DEFAULT, DEFAULT), ('59fbbc7c-edc9-5d3c-9170-cf6acabbcd28', 'Magna Qui', '81e51b22-aab8-5050-a735-aa5917f8771b', DEFAULT, DEFAULT), ('7bf99080-cdc6-5456-b6d5-417e28b4eba5', 'Esse Ad', '81e51b22-aab8-5050-a735-aa5917f8771b', DEFAULT, DEFAULT), ('d2f08d89-447f-5d3d-96e5-385ed888c091', 'Quis', '81e51b22-aab8-5050-a735-aa5917f8771b', DEFAULT, DEFAULT), ('9e6824f3-dac2-540f-9e3d-8797171dab14', 'Commodo', '81e51b22-aab8-5050-a735-aa5917f8771b', DEFAULT, DEFAULT), ('c15a1a93-cc16-5536-8ab0-42ef9626e379', 'Aute Lorem', '81e51b22-aab8-5050-a735-aa5917f8771b', DEFAULT, DEFAULT), ('df90352f-468b-5345-9b3e-522b747ccf55', 'Aliqua Eiusmod', '81e51b22-aab8-5050-a735-aa5917f8771b', DEFAULT, DEFAULT), ('646b32cc-2525-5418-a0f1-5c9ced471b05', 'Magna Elit', '81e51b22-aab8-5050-a735-aa5917f8771b', DEFAULT, DEFAULT), ('d1b6355b-0594-5d07-b55b-72d2c66a1391', 'Laborum', 'f6cb58dd-a0aa-5d2b-8ce5-200e44be4f36', DEFAULT, DEFAULT), ('77085b75-b014-57d0-8618-9cc95436a25e', 'Culpa Aute', 'f6cb58dd-a0aa-5d2b-8ce5-200e44be4f36', DEFAULT, DEFAULT), ('2f76c526-de17-58f1-a75e-aee239f7ed57', 'Est Id', 'f6cb58dd-a0aa-5d2b-8ce5-200e44be4f36', DEFAULT, DEFAULT), ('3d4df0ce-5a7f-53e4-b486-95faf0a09720', 'Pariatur', 'f6cb58dd-a0aa-5d2b-8ce5-200e44be4f36', DEFAULT, DEFAULT), ('d6d4ebe8-fe3c-5e62-98d8-e678f356450c', 'Ipsum', 'f6cb58dd-a0aa-5d2b-8ce5-200e44be4f36', DEFAULT, DEFAULT), ('3c0af99e-82a0-5346-8da5-2d2825b8a66d', 'Cillum Adipisicing C', '48ed64cc-01ce-5cc6-8ffd-8d552f857570', DEFAULT, DEFAULT), ('7c0f6282-7933-5431-8e88-9d2b9f09f272', 'Fugiat', '48ed64cc-01ce-5cc6-8ffd-8d552f857570', DEFAULT, DEFAULT), ('c97097d9-c6b8-5a50-931a-369c86f1535e', 'Nostrud Officia', '48ed64cc-01ce-5cc6-8ffd-8d552f857570', DEFAULT, DEFAULT), ('9f26eece-7e59-5b46-a98b-848dc55a0cda', 'Veniam Tempor Nisi', '48ed64cc-01ce-5cc6-8ffd-8d552f857570', DEFAULT, DEFAULT), ('75b1f4f3-d352-56de-83dd-e679684b060c', 'Non Lorem', '48ed64cc-01ce-5cc6-8ffd-8d552f857570', DEFAULT, DEFAULT), ('80e684c5-9f07-5388-b150-556bc24cb77f', 'Consectetur', '48ed64cc-01ce-5cc6-8ffd-8d552f857570', DEFAULT, DEFAULT), ('4c13eae9-db84-5ef3-81db-cf60400b290d', 'Adipisicing Adipisic', '48ed64cc-01ce-5cc6-8ffd-8d552f857570', DEFAULT, DEFAULT), ('a6f51480-ebce-53e5-aaa6-82ae5d7deefa', 'Duis Occaecat', '48ed64cc-01ce-5cc6-8ffd-8d552f857570', DEFAULT, DEFAULT), ('ab31b5c9-e8c8-55c1-ab94-82606fe7ed9a', 'Labore Exercitation', '48ed64cc-01ce-5cc6-8ffd-8d552f857570', DEFAULT, DEFAULT);
UPDATE public.team SET plan_id = 1 WHERE id = '7c2c4732-09c1-5f7b-87ca-c53e7497b4ef';
UPDATE public.team SET plan_id = 1 WHERE id = 'f50563b6-8532-51ec-b121-d8c6bca3e897';
UPDATE public.team SET plan_id = 1 WHERE id = 'f1bf295c-195b-5a42-9c6b-5bfa14b58307';
UPDATE public.team SET plan_id = 1 WHERE id = 'e0eebbc8-63c9-5fee-b088-b3310b672c35';
UPDATE public.team SET plan_id = 1 WHERE id = '1c17c04a-19f5-5c48-8b6b-48fe02257ffb';
UPDATE public.team SET plan_id = 1 WHERE id = 'a2996c99-b8bb-5bf6-b789-844e821ceb82';
UPDATE public.team SET plan_id = 1 WHERE id = '5d016028-a6a3-5268-91a3-91021dbfda0a';
UPDATE public.team SET plan_id = 1 WHERE id = 'b279891e-05aa-528b-867b-dd6fe5fa77c8';
UPDATE public.team SET plan_id = 1 WHERE id = 'ff53868f-9940-575d-8fa8-923808f93a53';
UPDATE public.team SET plan_id = 1 WHERE id = '8172203a-00e7-5e0e-919b-2970e0d891df';
UPDATE public.team SET plan_id = 1 WHERE id = '7b5ee10b-959f-565b-9dac-a4bab4f6c6bf';
UPDATE public.team SET plan_id = 1 WHERE id = '38400370-0369-5239-8b08-499aef0591ef';
UPDATE public.team SET plan_id = 1 WHERE id = '77394b64-1ec1-5043-8dc3-08f9200521d4';
UPDATE public.team SET plan_id = 1 WHERE id = '56ea9a57-3786-5a49-9700-501eb57a1328';
UPDATE public.team SET plan_id = 2 WHERE id = '5e20f9a8-7b26-5a5f-8426-6b12c182d23c';
UPDATE public.team SET plan_id = 2 WHERE id = '53fe0e9e-3358-5722-b994-4faad8733cd3';
UPDATE public.team SET plan_id = 2 WHERE id = 'e4834379-a7a0-5f41-8193-f598072b1c83';
UPDATE public.team SET plan_id = 2 WHERE id = 'a9f91eda-269f-54d0-83de-05f0c2ecbf08';
UPDATE public.team SET plan_id = 2 WHERE id = 'c0062d28-74ce-56b0-8124-852c5c4cdd1f';
UPDATE public.team SET plan_id = 2 WHERE id = 'a1d779f7-e622-5cd1-b766-eb2b7925b3c0';
UPDATE public.team SET plan_id = 2 WHERE id = 'bd4e2ea6-e7d4-5655-93cc-d1ed71c3483c';
UPDATE public.team SET plan_id = 2 WHERE id = 'fb2f612f-57ab-526e-8b57-f5de07942107';
UPDATE public.team SET plan_id = 2 WHERE id = '38cee772-792e-54fe-ae0f-d62f75f71c11';
UPDATE public.team SET plan_id = 2 WHERE id = '60f279f1-b04c-57b1-b6aa-b71a8811c6ab';
UPDATE public.team SET plan_id = 2 WHERE id = 'b5d35d7e-f19e-568e-9efe-911f779c892f';
UPDATE public.team SET plan_id = 2 WHERE id = '3db3509a-5565-5145-aa2d-eb656db639a3';
UPDATE public.team SET plan_id = 3 WHERE id = '782f7eda-e535-5ab3-8415-643126d3b0fa';
UPDATE public.team SET plan_id = 3 WHERE id = '5daf6f25-3b97-5f49-8f75-4ba5d1d74cd3';
UPDATE public.team SET plan_id = 3 WHERE id = '3788fdae-c690-5563-abac-18b51e4d210f';
UPDATE public.team SET plan_id = 3 WHERE id = '177ae72e-41a6-5325-80d6-452827ea5918';
UPDATE public.team SET plan_id = 3 WHERE id = 'c0a2f5c4-7781-5310-ad3c-e7b9f41a7ace';
UPDATE public.team SET plan_id = 3 WHERE id = '71c019c0-f4c8-51ac-bfff-4141eabf85f3';
UPDATE public.team SET plan_id = 3 WHERE id = 'ab4eb860-b9b9-58f5-84c6-b76a08d23dfd';
UPDATE public.team SET plan_id = 3 WHERE id = 'dd9140ad-b92d-5673-a8c2-8b1c4e3e8697';
UPDATE public.team SET plan_id = 3 WHERE id = '78de8c0c-fe2d-50bd-afca-68bed9f87cd0';
UPDATE public.team SET plan_id = 3 WHERE id = '81e51b22-aab8-5050-a735-aa5917f8771b';
UPDATE public.team SET plan_id = 3 WHERE id = 'f6cb58dd-a0aa-5d2b-8ce5-200e44be4f36';
UPDATE public.team SET plan_id = 3 WHERE id = '48ed64cc-01ce-5cc6-8ffd-8d552f857570';
SELECT setval('"public"."plan_id_seq"'::regclass, (SELECT MAX("id") FROM "public"."plan"));
INSERT INTO public.arena (id,game_id,name,metadata,created_at,updated_at) VALUES (1, 2, 'Silverlake Stadium', DEFAULT, DEFAULT, DEFAULT), (2, 1, 'Downtown Plaza Pavilion', DEFAULT, DEFAULT, DEFAULT), (3, 4, 'Bayshore Pavilion', DEFAULT, DEFAULT, DEFAULT), (4, 1, 'Sunset Stadium', DEFAULT, DEFAULT, DEFAULT), (5, 2, 'Downtown Square Pavilion', DEFAULT, DEFAULT, DEFAULT), (6, 4, 'Oceanfront Amphitheater', DEFAULT, DEFAULT, DEFAULT), (7, 4, 'Main Square Arena', DEFAULT, DEFAULT, DEFAULT), (8, 4, 'Southbank Arena', DEFAULT, DEFAULT, DEFAULT), (9, 3, 'Waterfront Amphitheater', DEFAULT, DEFAULT, DEFAULT), (10, 1, 'Meadowbrook Pavilion', DEFAULT, DEFAULT, DEFAULT);
SELECT setval('"public"."arena_id_seq"'::regclass, (SELECT MAX("id") FROM "public"."arena"));
INSERT INTO public.blueprint (id,book_id,arena_id,visibility,name,tags,created_at,updated_at) VALUES ('fd4a2d4e-8569-59ca-837d-fb7fa0ab1be1', '495390bc-68e6-52a4-b1ba-2f994586821a', 5, 'public', 'Roaming Support Plan', '{"pariatur esse duis et","et irure sunt occaecat"}', DEFAULT, DEFAULT), ('e0502ed9-8194-54d4-be5d-43176e2a7438', '8926b9fd-34b2-5421-a25c-9cd89c12cad0', 8, 'unlisted', 'Roaming Support Plan', '{"laborum Lorem tempor","reprehenderit tempor","in aute do ut","laborum minim elit enim excepteu","sint quis et pariatur"}', DEFAULT, DEFAULT), ('cba89714-5b1d-590f-92a2-27cfb555b7e4', '4c13eae9-db84-5ef3-81db-cf60400b290d', 4, 'public', 'Gank Heavy Approach', '{"tempor labore minim consequat","esse aliquip irure qui excepteur","labore labore pariatur","elit veniam adipisicing id amet","ad officia consectetur","minim irure","qui"}', DEFAULT, DEFAULT), ('497b8842-fb80-5638-ba6f-3f3e64daa06b', '1bf9a820-bb8f-59cd-8902-84a62a1aa29f', 2, 'public', 'Map Control Blueprint', '{}', DEFAULT, DEFAULT), ('75fbf0dd-b3c9-5513-87f0-9d9a9004f64c', 'c97097d9-c6b8-5a50-931a-369c86f1535e', 3, 'private', 'Baron Control Strategy', '{"duis nulla ipsum aute","voluptate culpa","id dolor officia","veniam ad","tempor ipsum dolore ad","consequat est ut occaecat aliqua","ea est ea","ullamco sint eu consectetur labo","sit incididunt ea in"}', DEFAULT, DEFAULT), ('0352b4c9-6de9-5702-929d-3d622c6456a1', '9f26eece-7e59-5b46-a98b-848dc55a0cda', 4, 'public', 'Rotation Strategy Document', '{"ea ad ut","non cillum","ullamco ea eiusmod aliqua"}', DEFAULT, DEFAULT), ('1e701d2b-566c-5f82-8280-a2a9d02ee590', 'c801d235-e02a-5267-8201-eecb86948b65', 4, 'unlisted', 'Early Game Dominance Guide', '{"commodo proident nostrud","in quis","irure","elit minim aute exercitation adi","cupidatat incididunt dolore dolo","aliqua cupidatat"}', DEFAULT, DEFAULT), ('f04c0ed1-b624-5092-8b98-dae6fff857dc', '404e076e-a943-52e4-a2ce-10591a9caa1f', 6, 'private', 'Early Game Dominance Guide', '{"velit do dolore sint voluptate","amet ipsum id reprehenderit ea","culpa velit ea eiusmod","dolore incididunt exercitation e","ut ad"}', DEFAULT, DEFAULT), ('7eef79d9-ea6c-5417-b347-09dbcb8b4c78', 'c7198a1e-f50c-5635-a5bf-2073d4da7bc6', 3, 'unlisted', 'Roaming Support Plan', '{"non dolor amet","amet aliquip","nostrud enim","cillum irure"}', DEFAULT, DEFAULT), ('3aff3e37-0331-5c7a-a0f5-1b6595c2ad7b', 'bdc52205-2f90-54a1-a699-3ba523b0d56a', 9, 'public', 'Baron Control Strategy', '{"duis cillum cillum nisi","in proident irure ad exercitatio","irure irure","mollit veniam id","irure in consectetur ipsum","ut ea","aliqua velit","ea ut dolor ut"}', DEFAULT, DEFAULT), ('7c0cf1d4-d57d-5092-a3f0-ca49e04ace52', 'f5d8c620-973f-509a-b5b1-dc1e889a22a1', 3, 'public', 'Roaming Support Plan', '{"ut sunt"}', DEFAULT, DEFAULT), ('26c80d6d-0d6f-5fb2-8296-8b5e9e1fdeb7', 'eff6dde6-e4aa-5c61-9818-5d7ae0bf58b7', 10, 'unlisted', 'Early Game Dominance Guide', '{}', DEFAULT, DEFAULT), ('310ccf44-859c-5587-8001-5aa84afb3236', '5531f3c9-2ccc-59e8-86e8-da1800808ec2', 7, 'private', 'Wave Management Plan', '{"deserunt officia minim ut","labore eu fugiat","proident","ad ea excepteur ex tempor","excepteur occaecat","dolore ut excepteur tempor Lorem","enim exercitation sunt ut aute","officia tempor sint ad","laboris"}', DEFAULT, DEFAULT), ('c6131a0d-c1ea-5dce-8460-c91026e41f9f', 'eff6dde6-e4aa-5c61-9818-5d7ae0bf58b7', 7, 'public', 'Siege Tactics Handbook', '{"esse voluptate velit pariatur et","eiusmod commodo","duis officia","et nisi labore","qui consectetur","ullamco officia","excepteur excepteur commodo"}', DEFAULT, DEFAULT), ('054eb394-a081-59a1-b613-e1c8bbcc6250', 'ae956930-bebe-5aad-83f8-b8d0cae36371', 3, 'public', 'Counter Pick Blueprint', '{"duis enim cillum id","ullamco enim id elit","eu pariatur laboris eiusmod","anim Lorem","magna minim minim aute veniam","non ex proident commodo","elit ex aliquip qui"}', DEFAULT, DEFAULT), ('4cb602e9-b66f-5f7e-a7a1-71729454372c', '43bcab14-4a69-5e60-a07f-cda2fe595a2a', 8, 'unlisted', 'Rotation Strategy Document', '{"ad elit quis"}', DEFAULT, DEFAULT), ('8ed312f8-fa19-5305-a78e-7cdee2dc9e00', 'd2f08d89-447f-5d3d-96e5-385ed888c091', 9, 'private', 'Aggressive Rush Strategy', '{}', DEFAULT, DEFAULT), ('c9bad04c-3d6e-5efe-9540-7763dde57640', '3d4df0ce-5a7f-53e4-b486-95faf0a09720', 9, 'private', 'Objective Focused Strategy', '{"ut","duis commodo ea","duis eiusmod esse","adipisicing ea quis"}', DEFAULT, DEFAULT), ('7a350dde-d215-538c-bfd3-d5cdd8b40555', '24739a88-19c7-5534-a982-957c164117c4', 10, 'public', 'Counter Pick Blueprint', '{"irure","pariatur enim","exercitation reprehenderit","non officia"}', DEFAULT, DEFAULT), ('bd6c4dd0-06e8-56ab-abd6-6e9e777c13a7', 'f3376d8d-17f3-5259-a5b0-af6d5e21e7e2', 4, 'public', 'Counter Pick Blueprint', '{"cillum","adipisicing cillum do","anim ullamco id ea","magna aute"}', DEFAULT, DEFAULT), ('844103e5-8cf8-5795-8a63-ccecfc3e2001', 'c7198a1e-f50c-5635-a5bf-2073d4da7bc6', 6, 'public', 'Gank Heavy Approach', '{"laboris adipisicing incididunt e","dolore ex","et quis","duis laboris tempor anim","sunt incididunt enim culpa","adipisicing amet","exercitation laboris"}', DEFAULT, DEFAULT), ('582d0ca1-76cc-5500-9dd8-190ab817072d', '1e7e0bcb-4fc0-5d72-81a5-d67a74a13595', 9, 'private', 'Vision Control Blueprint', '{"enim veniam veniam","sit Lorem sit ut","cillum esse et","tempor aute cillum commodo","mollit ut exercitation","adipisicing irure elit"}', DEFAULT, DEFAULT), ('9012aa86-f8a2-5033-82d5-336bcaa03c26', '262a78c7-eb9d-5e1a-8e58-41ecb0c31fbd', 10, 'public', 'Siege Tactics Handbook', '{"sit quis aliquip ipsum","enim veniam fugiat nostrud","occaecat ut","aute minim sunt","sit Lorem reprehenderit","elit esse laborum sit tempor","occaecat deserunt reprehenderit ","amet","labore anim ad labore"}', DEFAULT, DEFAULT), ('746bb5ad-439a-519a-90ef-991641df1623', '3c6d504a-3b43-5117-a71b-e844b07b3920', 8, 'unlisted', 'Late Game Scaling Strategy', '{"aute","officia laboris elit qui","et anim qui dolore","aliqua irure laborum","qui esse","laboris nulla","laboris aliqua","voluptate adipisicing consectetu","do irure enim do"}', DEFAULT, DEFAULT), ('b1bab82d-de7c-55e3-8115-1651b8f68765', 'a3141029-aec2-543b-b18a-49fe947e3304', 2, 'private', 'Secure Objective Playbook', '{"reprehenderit est proident"}', DEFAULT, DEFAULT), ('0145500d-2ab2-5c49-9cea-edd711ce1cc9', 'cda3814f-c14d-5dcf-a835-797df84f6d99', 4, 'unlisted', 'Aggressive Rush Strategy', '{"quis est","proident anim eu","dolor duis id nostrud","amet anim tempor in mollit","officia eiusmod officia ea","cillum incididunt"}', DEFAULT, DEFAULT), ('703c3370-90fb-5d22-8365-f34357b3ffb8', 'd2268e40-fa6d-5300-9f01-b7cc8f9018e3', 7, 'private', 'Rotation Strategy Document', '{"qui ipsum nulla","velit officia","sunt nostrud","aliquip dolore cupidatat sit","et nostrud","culpa sunt ex et non","et est Lorem","culpa elit excepteur deserunt"}', DEFAULT, DEFAULT), ('fd862b26-fe8c-52d0-b06e-3c9f938bd3ab', 'a6586816-3687-592a-bbeb-b4d089115511', 7, 'public', 'Jungle Control Playbook', '{"elit pariatur occaecat","deserunt et","magna eu","proident velit occaecat eu","ullamco aliquip","qui cillum ad ipsum","culpa aliquip incididunt cillum"}', DEFAULT, DEFAULT), ('70415515-b81b-59ef-a1ed-18578b73b7ae', 'df90352f-468b-5345-9b3e-522b747ccf55', 8, 'private', 'Baron Control Strategy', '{"pariatur quis officia qui magna","velit consectetur","ipsum non eiusmod","occaecat dolor ex","tempor aliqua"}', DEFAULT, DEFAULT), ('c5558815-aa72-5938-a7c8-62ae2c1a039c', 'a69d43fa-2222-5203-b590-140e62599451', 8, 'public', 'Secure Objective Playbook', '{"enim anim tempor enim officia","quis","quis occaecat dolore irure","commodo amet voluptate deserunt ","ea commodo et"}', DEFAULT, DEFAULT), ('703bbd20-9625-5bd7-8aa3-5ead0245fe50', '09617df2-6261-5b47-bc30-85d317367d48', 1, 'unlisted', 'Objective Focused Strategy', '{"eu","culpa officia","aliquip veniam eu","id qui","culpa ex consectetur occaecat cu","nulla et aliqua proident","consectetur enim nostrud pariatu","Lorem enim aute in laborum"}', DEFAULT, DEFAULT), ('68ff3d82-b6b6-5053-9e74-aa9b346dd8d1', '3c6d504a-3b43-5117-a71b-e844b07b3920', 10, 'private', 'Wave Management Plan', '{"eu aute non adipisicing","veniam"}', DEFAULT, DEFAULT), ('522e120d-7e21-504a-9c96-99e429197e5a', 'b5605791-3389-56c2-9ec6-17d538b9bb85', 7, 'unlisted', 'Counter Pick Blueprint', '{"do ad","elit nostrud officia aliquip inc"}', DEFAULT, DEFAULT), ('54b879fc-04e4-53b3-8cec-0174fc0ccd34', '95c65795-b9a1-572f-87ae-6fa70b020fbb', 5, 'private', 'Counter Pick Blueprint', '{"elit"}', DEFAULT, DEFAULT), ('fb90b354-0ae1-59da-9637-61f6c5ed3fb9', '79efb743-bb54-546e-8bdf-089509399715', 4, 'public', 'Secure Objective Playbook', '{"laborum velit qui eiusmod"}', DEFAULT, DEFAULT), ('95b3988b-e14b-57a7-900d-4985cb116f17', '8a0a556f-d942-55f0-8ba8-1ffbfaf3c6d9', 6, 'private', 'Gank Heavy Approach', '{"ullamco amet ea consequat","nostrud dolore sit quis","dolore eu consequat non","enim","officia magna nostrud ullamco"}', DEFAULT, DEFAULT), ('7d1face3-2e87-52f5-9623-fff9de0a6539', '6a3486ce-c3fa-519b-8ad1-f329a5c3ee43', 9, 'public', 'Map Control Blueprint', '{"amet aute","elit ea et laboris magna","ea","culpa non cupidatat est"}', DEFAULT, DEFAULT), ('e8bf9a25-132d-5d46-b40a-d08534be6c9f', '3c6d504a-3b43-5117-a71b-e844b07b3920', 1, 'unlisted', 'Counter Pick Blueprint', '{"amet nisi incididunt consequat"}', DEFAULT, DEFAULT), ('29a560e9-84d9-5f41-9b09-76969cbfb144', '1497705a-df0e-5f8d-988d-61adba7199e0', 2, 'public', 'Counter Pick Blueprint', '{"ullamco minim veniam cupidatat a","consectetur","labore in","occaecat veniam proident fugiat ","elit voluptate laboris occaecat","ea cillum"}', DEFAULT, DEFAULT), ('d9c4b302-5ab0-5114-8120-41d1876c7eb9', '43bcab14-4a69-5e60-a07f-cda2fe595a2a', 7, 'public', 'Objective Focused Strategy', '{"laboris id in nisi enim","aute elit aliqua quis","exercitation nulla proident labo","id adipisicing duis nulla","incididunt occaecat consectetur"}', DEFAULT, DEFAULT), ('ca1b9e1e-f7c0-5c4a-a566-aabf3f7ebb80', '6fc34c52-742f-56c2-b6c3-89dee63a8839', 3, 'unlisted', 'Vision Denial Blueprint', '{"excepteur nulla sunt","dolore","non excepteur consectetur","laborum sint ut laboris"}', DEFAULT, DEFAULT), ('cde91e33-9c71-56e0-b19e-f2372fa577cf', 'd35ecca3-ac35-5e28-8e7e-6a25de908d18', 10, 'private', 'Secure Objective Playbook', '{"anim minim","id ut","excepteur magna ex","adipisicing in voluptate"}', DEFAULT, DEFAULT), ('013547e4-326e-5221-8377-310093ccf53a', 'f7f33f5b-7e02-5784-9db2-ed2995544a54', 10, 'private', 'Rotation Strategy Document', '{"tempor eu","dolor occaecat ut proident aute","mollit Lorem","ullamco quis incididunt adipisic","nostrud","id tempor","exercitation","aliqua excepteur laboris sint","aute minim non laboris","dolore officia labore laboris ea"}', DEFAULT, DEFAULT), ('50cffa66-dd91-5aed-8c46-1b76e488de31', 'e7f24225-5e7d-55c3-8091-6f5a69baba70', 6, 'unlisted', 'Rotation Strategy Document', '{"sit anim cupidatat excepteur ull"}', DEFAULT, DEFAULT), ('f550c2bf-a147-5e29-8a01-470336f387eb', '8d3f145b-67b0-504d-b49a-d59ecea5d2d8', 6, 'unlisted', 'Map Control Blueprint', '{"fugiat","commodo ea nulla anim","aliqua velit duis"}', DEFAULT, DEFAULT), ('a30e3d57-ad0a-594d-9622-8a2514b8110c', '2589cf16-4103-5a4f-b544-b30078083eaa', 8, 'private', 'Roaming Support Plan', '{"dolore reprehenderit laborum","officia reprehenderit","veniam eu et sit","labore ipsum","ad culpa","in"}', DEFAULT, DEFAULT), ('cb76f565-509b-50d9-bbe4-5c6e7c9b0eb4', 'e20720a7-b660-50e0-8da5-8784fa26a31d', 10, 'unlisted', 'Secure Objective Playbook', '{"aliqua cillum","nisi aliquip duis excepteur","enim mollit ut veniam","mollit et excepteur","velit ut Lorem aliquip mollit","ullamco","aute consectetur","enim aliqua enim"}', DEFAULT, DEFAULT), ('a344c7b4-07e6-54df-b4ed-f27c7916e147', '29b47b7e-4cec-5d5a-b93d-172770b57ed6', 2, 'public', 'Split Push Blueprint', '{"occaecat cillum quis minim culpa"}', DEFAULT, DEFAULT), ('6c40d2d3-07ad-5aa1-a5fa-cf5861475e5d', 'be8eca74-88dc-5f62-a6bb-1a0cde780aab', 5, 'unlisted', 'Team Fight Execution Plan', '{"in ipsum","nostrud minim officia elit anim"}', DEFAULT, DEFAULT), ('ba7460a4-9316-52e4-9e3a-05ee82b85e66', 'fb634118-b8a6-50b7-9010-0317dd27fba6', 5, 'unlisted', 'Split Push Blueprint', '{"sint reprehenderit sint","dolore in incididunt veniam ut","duis magna","laborum proident esse","magna do","cillum ipsum proident"}', DEFAULT, DEFAULT), ('fb3595df-62ad-5f54-ac34-3a578952555c', 'e5d977c2-2a0e-5703-8ee9-4796e3967ae0', 9, 'public', 'Map Control Blueprint', '{"ea laborum","consequat sit do","eu cupidatat labore nulla repreh","cillum do dolore","qui veniam reprehenderit","tempor ex non sit ullamco","esse do deserunt","aliquip"}', DEFAULT, DEFAULT), ('90edde40-1b87-5f75-90b9-68639fbcb2b8', '11edd970-a1f3-5973-a201-278046231716', 8, 'unlisted', 'Map Control Blueprint', '{"ullamco tempor incididunt"}', DEFAULT, DEFAULT), ('ea26a496-35d8-5f3f-a769-a80898ec7b17', 'dc58dd7b-bb54-5abe-8208-becc5e0561ad', 2, 'unlisted', 'Aggressive Rush Strategy', '{"in fugiat ut","exercitation excepteur ullamco","id eiusmod reprehenderit mollit","et mollit","exercitation culpa enim tempor q","quis elit","mollit enim duis irure sit","nisi ipsum commodo","excepteur ex"}', DEFAULT, DEFAULT), ('035a0a25-d588-551c-9f76-4e9f593ffaf4', '0e342915-b360-541f-8c0a-bdf36b3c0ce2', 9, 'public', 'Aggressive Rush Strategy', '{"incididunt deserunt adipisicing ","et aliqua","dolor non tempor culpa enim","laborum nulla aliquip","id ad aute"}', DEFAULT, DEFAULT), ('e7f55997-6008-5d29-9f7f-564ab748cc59', 'd6d4ebe8-fe3c-5e62-98d8-e678f356450c', 8, 'private', 'Siege Tactics Handbook', '{"proident excepteur dolore","irure consectetur elit","minim excepteur","ipsum quis","do","dolor culpa","consectetur sint dolore fugiat","velit","cillum incididunt in consequat"}', DEFAULT, DEFAULT), ('396ce0bd-b3e1-5b3c-94ea-bb5357e1c76a', '43bcab14-4a69-5e60-a07f-cda2fe595a2a', 9, 'unlisted', 'Roaming Support Plan', '{"incididunt nostrud fugiat","dolore proident","ut aute","mollit eu","non velit","mollit sit dolore commodo enim"}', DEFAULT, DEFAULT), ('4cb2c65b-80df-57cc-9c0d-6c346029b88f', 'ee198d66-a798-52a5-8b79-9931f7b835e3', 5, 'public', 'Objective Focused Strategy', '{"nostrud irure","ad culpa ex consectetur","fugiat magna ipsum","magna cupidatat reprehenderit","in","qui duis consequat incididunt re","sint","Lorem veniam nisi","id laboris magna"}', DEFAULT, DEFAULT), ('8172dfee-2cce-5dee-9293-b6bd5f74d656', 'b88b1af1-79fe-5af5-9c91-0c77ed20973b', 9, 'public', 'Team Fight Execution Plan', '{"in laborum ad officia","occaecat ullamco sunt officia","proident id","esse consequat","culpa aute Lorem","nostrud deserunt","laborum laboris adipisicing","aliquip eiusmod sint ullamco"}', DEFAULT, DEFAULT), ('910e8e4b-af24-5f28-a2eb-631066a490eb', 'e7f24225-5e7d-55c3-8091-6f5a69baba70', 8, 'public', 'Vision Denial Blueprint', '{"aliquip","nostrud","aliquip aliquip quis sit","occaecat commodo ex anim"}', DEFAULT, DEFAULT), ('150381a3-e791-54de-9419-0edac12fb9eb', '7bf99080-cdc6-5456-b6d5-417e28b4eba5', 2, 'public', 'Counter Pick Blueprint', '{"magna ut sunt","veniam duis aliquip id","dolor","officia duis","cupidatat aliquip","cillum veniam","non nulla"}', DEFAULT, DEFAULT), ('ddb37574-0dbe-5aa4-a5e8-b15242cefaff', 'ab31b5c9-e8c8-55c1-ab94-82606fe7ed9a', 7, 'private', 'Counter Pick Blueprint', '{"consectetur qui","consequat aliqua eu","sit magna officia Lorem","consectetur proident labore non","officia esse ea id","duis adipisicing mollit"}', DEFAULT, DEFAULT), ('77fbdaed-4103-591b-82ee-3e3fa4b78a9b', '3ff60d7a-a4ad-54c5-a422-53b52cd53093', 10, 'public', 'Late Game Scaling Strategy', '{}', DEFAULT, DEFAULT), ('0f1e8b42-396d-5765-be37-bce2ee646e04', '01bb02e3-6d00-5b11-ba00-2f6b060dfb2e', 4, 'public', 'Defensive Turtle Tactics', '{"cupidatat eiusmod minim","magna in amet","do proident nulla"}', DEFAULT, DEFAULT), ('5308f8b3-4d4d-529a-bd7c-3a77ac4fe6ae', 'b81bd935-192e-5281-86b5-9cd33c3ee95a', 7, 'public', 'Jungle Control Playbook', '{"velit ex","esse aliqua occaecat velit","proident dolore commodo minim","amet deserunt nostrud qui quis","ad","velit adipisicing mollit","adipisicing eu dolor consectetur","minim exercitation","esse voluptate qui amet"}', DEFAULT, DEFAULT), ('851e9ece-db38-530e-b3f9-f5e1d49a3b34', 'd35ecca3-ac35-5e28-8e7e-6a25de908d18', 7, 'private', 'Gank Heavy Approach', '{"aute","do","ad incididunt esse ullamco","aliquip Lorem veniam","amet sit mollit","excepteur","elit","esse aliqua","ad voluptate"}', DEFAULT, DEFAULT), ('2189cd55-c657-5ce9-999a-da1a2dbf7ea0', '7bf99080-cdc6-5456-b6d5-417e28b4eba5', 1, 'private', 'Late Game Scaling Strategy', '{"tempor dolore Lorem","tempor laborum excepteur","amet mollit do non","culpa sit eiusmod ea","minim ad excepteur sunt fugiat","reprehenderit eu"}', DEFAULT, DEFAULT), ('902d4a21-0657-5095-b741-ac0d408bb89e', '897e7fb9-bd9c-59e3-afc7-d1c31ec7ef34', 7, 'private', 'Early Game Dominance Guide', '{}', DEFAULT, DEFAULT), ('0d40f7c0-72b0-55c2-8e48-c6c65bd9815f', 'b67e09de-df70-515b-91d0-6e53f3b4a58a', 2, 'public', 'Map Control Blueprint', '{"aliqua","est minim enim anim do","amet","dolore"}', DEFAULT, DEFAULT), ('f09f5f0c-d6f4-5089-a919-82fdea15dad9', '77085b75-b014-57d0-8618-9cc95436a25e', 1, 'private', 'Vision Denial Blueprint', '{"et veniam","pariatur","esse enim","excepteur","non magna excepteur","irure esse"}', DEFAULT, DEFAULT), ('9bfcf305-f3a4-5bed-9ee4-3f5ccf9e59af', '763ebb5f-add9-59ff-9a26-6b4030dae259', 5, 'private', 'Early Game Dominance Guide', '{"cupidatat","incididunt quis cillum","excepteur pariatur proident nost","anim veniam adipisicing magna","id ad","voluptate magna id et"}', DEFAULT, DEFAULT), ('2ff309f0-6726-5920-ad23-47ba58fd2525', 'd1b6355b-0594-5d07-b55b-72d2c66a1391', 8, 'unlisted', 'Counter Pick Blueprint', '{"do aliqua excepteur in","ea","ipsum non ad","cillum cillum officia"}', DEFAULT, DEFAULT), ('bac302d7-9e20-52d1-89cc-b0e99ef3b896', '644a93ba-f570-5681-b2f5-de6b9950affd', 2, 'public', 'Defensive Turtle Tactics', '{"nostrud fugiat ex voluptate","labore officia tempor","nulla","dolor mollit"}', DEFAULT, DEFAULT), ('ef31ceeb-0f8d-5da0-ab9c-18045c420f99', '43bcab14-4a69-5e60-a07f-cda2fe595a2a', 5, 'private', 'Defensive Turtle Tactics', '{"mollit dolor qui voluptate","ullamco mollit minim"}', DEFAULT, DEFAULT), ('2be70e34-56ed-5cb2-9758-b8f796ec32ec', 'e334db45-3389-5a47-b7c9-4ff8121637b5', 10, 'public', 'Wave Management Plan', '{"commodo","ullamco irure veniam aliqua","aliqua nulla incididunt","dolore est minim","quis eu fugiat consectetur","non","velit laboris est","aliquip in occaecat id","sint"}', DEFAULT, DEFAULT), ('49e5f9f5-6a8f-5423-81e9-9e8e2c467770', '495390bc-68e6-52a4-b1ba-2f994586821a', 9, 'unlisted', 'Siege Tactics Handbook', '{"id laborum","commodo","commodo excepteur excepteur","excepteur sit ullamco ad","proident id excepteur consequat","dolor ullamco nisi ea","fugiat ex"}', DEFAULT, DEFAULT), ('421a5d89-58fa-56e2-87c9-a4c6fd3159db', 'b5605791-3389-56c2-9ec6-17d538b9bb85', 9, 'public', 'Defensive Turtle Tactics', '{"ad fugiat excepteur","tempor ipsum ut cupidatat est","culpa consectetur sunt","consectetur sit","quis fugiat proident enim esse"}', DEFAULT, DEFAULT), ('c2ab0ed6-ea98-544f-a35e-cfff5a185dc8', 'eecf8a7e-af2f-524d-a645-c5fba3ebda06', 2, 'unlisted', 'Roaming Support Plan', '{}', DEFAULT, DEFAULT), ('6c6d219e-3884-5c60-8485-0fb500d0b675', '98bf31df-37fd-5af6-86dd-8686cdc35eeb', 8, 'unlisted', 'Roaming Support Plan', '{"velit","occaecat sunt minim reprehenderi","elit","mollit ullamco sunt","anim in qui","tempor qui"}', DEFAULT, DEFAULT), ('d5fd2418-0c52-558a-8369-707f9186db0b', '9af6e0ef-7015-5390-856a-705032c2e40e', 6, 'unlisted', 'Early Game Dominance Guide', '{"id in in aute aute","labore sint","cupidatat ex","cillum cillum","sint occaecat"}', DEFAULT, DEFAULT), ('0f22fcab-183d-5e80-9a98-c495a215f5f8', 'fb634118-b8a6-50b7-9010-0317dd27fba6', 1, 'unlisted', 'Defensive Turtle Tactics', '{"magna qui fugiat nulla"}', DEFAULT, DEFAULT), ('f92c2ba5-8b0e-58ef-9364-e364e4c41522', 'df90352f-468b-5345-9b3e-522b747ccf55', 8, 'unlisted', 'Counter Pick Blueprint', '{"aute deserunt","voluptate ea id ullamco elit","magna sunt aliquip","excepteur dolor","nulla occaecat proident"}', DEFAULT, DEFAULT), ('e2ec2872-d983-5938-8f1c-38a9a14124dd', 'b134c4e5-3e41-53b3-bf3f-7f4cf023e9d7', 8, 'public', 'Counter Pick Blueprint', '{"anim nisi occaecat","anim in incididunt","enim cupidatat commodo nisi","eiusmod reprehenderit nulla mini","irure commodo Lorem","incididunt cupidatat","nulla est esse officia excepteur","reprehenderit aliqua culpa cillu","mollit","pariatur eu veniam mollit anim"}', DEFAULT, DEFAULT), ('4d4230bc-d1b6-532c-9bbf-8c67caf4f9ed', '882c7ae5-914f-539d-8207-691de536097f', 3, 'private', 'Early Game Dominance Guide', '{"non exercitation","proident incididunt","officia laborum in eu sunt","ex"}', DEFAULT, DEFAULT), ('8be9ffc5-25d1-5c32-be1f-9a9ec00544f6', '5531f3c9-2ccc-59e8-86e8-da1800808ec2', 6, 'unlisted', 'Early Game Dominance Guide', '{"et duis ad anim cillum","anim irure","deserunt eiusmod exercitation ea","sunt ea","ea","quis","esse excepteur","non"}', DEFAULT, DEFAULT), ('a3241e44-bd93-5a11-a730-863e8eb75275', 'ad1bbcac-cdbb-551f-b25a-b14b40074515', 7, 'private', 'Gank Heavy Approach', '{"et quis officia","non occaecat irure exercitation","deserunt minim id","excepteur occaecat sunt","minim esse cupidatat Lorem velit","ex exercitation","enim officia qui esse labore","non","velit quis consequat"}', DEFAULT, DEFAULT), ('a1c32f18-989f-5961-80f5-4a21a838bc95', 'c97097d9-c6b8-5a50-931a-369c86f1535e', 10, 'private', 'Baron Control Strategy', '{"non excepteur","aliquip nisi non sint consequat","quis ea ad incididunt","ex ea velit ad"}', DEFAULT, DEFAULT), ('8fde1282-59d1-5f9b-bc10-4130ce793fa9', '09617df2-6261-5b47-bc30-85d317367d48', 9, 'public', 'Late Game Scaling Strategy', '{"ipsum qui reprehenderit in","officia elit","aute voluptate","cillum dolore cillum sunt","aliqua elit ut sint","Lorem incididunt ut ad voluptate","esse amet adipisicing tempor","nulla consequat deserunt laborum"}', DEFAULT, DEFAULT), ('f85f8e1b-b8a0-528e-bc81-49b3e6a34ee5', 'cb82a658-7a6b-5f53-8103-de934a9d041a', 2, 'unlisted', 'Wave Management Plan', '{"velit laboris irure do","sit enim ut","elit incididunt sit eiusmod","dolor nulla","minim minim eiusmod","veniam Lorem est magna","incididunt do incididunt aute ve","ullamco ex elit"}', DEFAULT, DEFAULT), ('e16cfe57-140d-5b3e-90f8-910575ffdd47', 'd2268e40-fa6d-5300-9f01-b7cc8f9018e3', 4, 'unlisted', 'Early Game Dominance Guide', '{"veniam tempor elit","ea pariatur consectetur"}', DEFAULT, DEFAULT), ('06866e23-2aeb-59f2-9d3c-156507eb23db', '6c52c1d9-13a4-51ef-ae51-1dacc4c14be9', 9, 'private', 'Gank Heavy Approach', '{"esse commodo","anim commodo","commodo aliquip eiusmod anim exe","velit commodo","eiusmod aliquip tempor incididun","non aliquip velit"}', DEFAULT, DEFAULT), ('e5c44c16-4905-59d0-8c2a-f48ebfc3fdcc', '62507209-107c-55b5-9f47-9cad3cb25da5', 3, 'unlisted', 'Split Push Blueprint', '{"culpa eu","consectetur laboris duis","enim veniam","labore amet","fugiat","exercitation dolore","exercitation enim magna deserunt","sunt ad ipsum incididunt nulla"}', DEFAULT, DEFAULT), ('0298782b-da7d-55b4-a736-8126dd2f9d32', 'a6f51480-ebce-53e5-aaa6-82ae5d7deefa', 5, 'private', 'Early Game Dominance Guide', '{"ex aute"}', DEFAULT, DEFAULT), ('8f534833-d8c3-5d0a-b63c-bd2740be0330', '5777772e-8d66-5c0f-ab03-fb0419760db6', 10, 'private', 'Objective Focused Strategy', '{"sit","tempor commodo duis","enim excepteur id","ea dolor non","sunt non esse do","ad fugiat","magna magna"}', DEFAULT, DEFAULT), ('1caeec83-1956-53fb-9c1a-7f585775c524', 'b134c4e5-3e41-53b3-bf3f-7f4cf023e9d7', 6, 'public', 'Defensive Turtle Tactics', '{"eiusmod fugiat elit sit","eu in excepteur duis laboris","aliqua veniam est","nisi voluptate laboris","aliquip sint","enim ea irure aliquip","amet minim cupidatat","exercitation nisi aliquip elit"}', DEFAULT, DEFAULT), ('28f2bbc2-0260-5d64-a9bf-64e9bc163c30', '70b4d1da-5ee3-5bd6-aecb-9af8ab670b84', 7, 'unlisted', 'Jungle Control Playbook', '{"veniam duis qui","duis incididunt","aliquip tempor quis","culpa","ut anim commodo","eiusmod"}', DEFAULT, DEFAULT), ('8590b74a-b67e-5525-9786-4e0fc4c65d06', '0e342915-b360-541f-8c0a-bdf36b3c0ce2', 4, 'private', 'Wave Management Plan', '{"exercitation enim aute labore","mollit ipsum voluptate id","sit ut","nisi enim et"}', DEFAULT, DEFAULT), ('fa5e4221-0eae-5da7-9a16-5b8399b9ef50', '495390bc-68e6-52a4-b1ba-2f994586821a', 10, 'unlisted', 'Baron Control Strategy', '{}', DEFAULT, DEFAULT), ('fedb01d5-16e2-59fd-8845-ff6a92bd83f7', '5f651c76-ceba-56db-bd60-512d4079ec53', 10, 'unlisted', 'Counter Pick Blueprint', '{}', DEFAULT, DEFAULT), ('d6d0cf2a-b6d2-5f41-bc05-2fe5bf5ca317', '5f651c76-ceba-56db-bd60-512d4079ec53', 6, 'public', 'Vision Control Blueprint', '{"ex esse ad non","fugiat amet minim excepteur","exercitation excepteur elit","fugiat occaecat dolore","sit qui minim","nostrud laborum"}', DEFAULT, DEFAULT), ('a18cadaa-4531-5180-a607-ad2a5bc25f0c', 'd6d652bf-48a5-5a85-a95d-16c25edc5397', 9, 'public', 'Map Control Blueprint', '{"excepteur id enim"}', DEFAULT, DEFAULT), ('7858de1c-870d-5289-9bbf-085e4de69d79', '98b30307-7ea7-5b6c-b9e4-560fe08299de', 4, 'unlisted', 'Team Fight Execution Plan', '{"duis fugiat aute","ut veniam","qui fugiat ullamco duis reprehen","aliqua eu quis","duis deserunt"}', DEFAULT, DEFAULT), ('c5510993-cf82-5729-a476-bbba91fd2ee1', 'cb82a658-7a6b-5f53-8103-de934a9d041a', 8, 'public', 'Siege Tactics Handbook', '{"reprehenderit incididunt et volu","exercitation ipsum id","deserunt sit eiusmod deserunt","voluptate","ex voluptate consectetur","occaecat est","nulla fugiat dolore","labore minim amet consectetur mi","officia elit"}', DEFAULT, DEFAULT), ('65495df9-49dc-5680-b4b7-97fe7364e837', '5777772e-8d66-5c0f-ab03-fb0419760db6', 10, 'unlisted', 'Aggressive Rush Strategy', '{"esse qui ullamco","aliquip et"}', DEFAULT, DEFAULT), ('6a08951b-2f4b-5069-a734-056efe107e30', '5b303ef1-7516-512a-ba01-9f0dc05d7d2a', 10, 'unlisted', 'Aggressive Rush Strategy', '{"fugiat qui mollit","veniam excepteur commodo occaeca"}', DEFAULT, DEFAULT), ('d96e9820-0562-5ef0-a957-fb16e8a3cda6', '2d1d7734-be70-5d07-a538-e76c6cae722e', 6, 'unlisted', 'Team Fight Execution Plan', '{"do consequat","amet aliquip dolor","aliqua aute exercitation in","minim aute quis","nisi","est aute ex tempor"}', DEFAULT, DEFAULT), ('44d39286-2c39-52c0-9fdf-811ac2ac0b4f', '887dee3f-7921-537c-91f1-8b0d43117b12', 4, 'unlisted', 'Objective Focused Strategy', '{"dolor duis","reprehenderit cupidatat dolore e","incididunt quis deserunt commodo","sit et ut","aliquip nisi","reprehenderit ea","culpa non"}', DEFAULT, DEFAULT), ('f5284b1c-c867-5bcb-ae27-b4a46054354e', 'd35ecca3-ac35-5e28-8e7e-6a25de908d18', 2, 'unlisted', 'Jungle Control Playbook', '{}', DEFAULT, DEFAULT), ('748b6b6e-790a-524c-8953-9f99ff6241ea', '9f273059-bf49-55a4-bf95-e6bedcccffe3', 6, 'private', 'Early Game Dominance Guide', '{"nulla ad consectetur consectetur","qui eiusmod","elit magna","reprehenderit nulla culpa","eu ipsum","reprehenderit cupidatat","esse est id magna","ad","non"}', DEFAULT, DEFAULT), ('94e59d3e-1e10-58ee-b57b-120d24970da8', '5d378209-1fd5-506f-8b3f-511a16489d69', 1, 'private', 'Early Game Dominance Guide', '{"est exercitation esse anim ipsum","eiusmod aliqua duis proident ess","voluptate excepteur consequat qu","et","commodo duis ullamco non"}', DEFAULT, DEFAULT), ('a501e3c2-1df6-5f20-9532-89c5471331c6', 'a4b32498-f3a6-5110-a5b6-de20f0314c35', 5, 'private', 'Aggressive Rush Strategy', '{"labore dolore","consequat","amet aliquip reprehenderit proid","eu non laboris culpa proident","minim culpa duis"}', DEFAULT, DEFAULT), ('eba1549a-b3ad-5f1e-ad56-15be0771d0f9', 'e5b4727f-be5e-52c0-83cb-cb7ba230945f', 4, 'private', 'Roaming Support Plan', '{"qui culpa proident est veniam","officia magna","officia cupidatat minim aliquip","qui cupidatat officia ut et","dolore irure consequat laboris","nisi","ex","et velit labore labore","et cillum do"}', DEFAULT, DEFAULT), ('02d6bfb1-b7f1-5129-9d1b-729fd2d36ca6', 'f90b4470-adf8-5f0c-b081-850f3bfe4f01', 3, 'public', 'Objective Focused Strategy', '{"voluptate excepteur occaecat par","enim sunt dolor","elit ea","incididunt veniam adipisicing ul","minim","adipisicing officia adipisicing ","proident cillum nulla consectetu","anim"}', DEFAULT, DEFAULT), ('feadd401-b272-53d1-bc20-6dad4e3ffc29', 'e334db45-3389-5a47-b7c9-4ff8121637b5', 6, 'private', 'Objective Focused Strategy', '{"ullamco","mollit esse laborum deserunt lab"}', DEFAULT, DEFAULT), ('f4023970-bb8c-5175-9f3e-42520be2a6af', '1332e392-1ac8-57d9-8262-948f66c89fe9', 5, 'unlisted', 'Baron Control Strategy', '{"amet ut fugiat consequat","pariatur","sunt Lorem consequat pariatur ve","consequat incididunt amet deseru"}', DEFAULT, DEFAULT), ('ab471cfa-3489-5a6c-bf5c-82aeac3819f5', '1e0af0c0-30ba-5a06-9647-a83cef3d815d', 3, 'private', 'Wave Management Plan', '{"do ad","magna laboris sunt","in esse","reprehenderit","dolore sunt","non irure nostrud","dolor","et"}', DEFAULT, DEFAULT), ('782d8b69-ae89-5508-b431-d9e3d4f25423', '438bff0e-fd50-5c86-89ee-d397a0c0e548', 9, 'unlisted', 'Secure Objective Playbook', '{"sunt anim culpa aliqua","ad consectetur pariatur ad exerc","nulla mollit sunt ex","magna fugiat","voluptate labore est","do voluptate deserunt","enim labore","dolor ipsum","minim"}', DEFAULT, DEFAULT), ('bfbbf302-05a7-5b0c-991e-f7c79f52034e', '6a248992-e0a8-5c27-8d71-fd2cfd3a1fd6', 7, 'unlisted', 'Objective Focused Strategy', '{"laboris ipsum eiusmod eiusmod qu","velit quis ex in","ad sint","aute aliqua eiusmod ea","laboris","nostrud laboris tempor","fugiat consequat deserunt"}', DEFAULT, DEFAULT), ('86a9949d-fbe2-5edf-bf64-6b822a75bdc8', 'd297ab9e-40d4-51b5-bb8f-a1df399f1a9a', 3, 'private', 'Vision Control Blueprint', '{"proident ipsum","quis","ipsum esse et nulla"}', DEFAULT, DEFAULT), ('3d78c871-f9be-5ceb-b04c-13f9eb63efa0', '2daf5548-f681-577a-9912-670e1304b2ad', 7, 'unlisted', 'Vision Control Blueprint', '{"veniam magna","tempor aliqua ipsum sint","ea exercitation","cillum nisi Lorem","sint mollit qui","nisi sint","enim ad anim sint","dolore occaecat magna consectetu"}', DEFAULT, DEFAULT), ('e5e7301c-ed7e-5267-a91e-331eeecbad04', 'af85f96c-efbd-584c-bdd4-26c4e2f3e556', 1, 'unlisted', 'Map Control Blueprint', '{"et id reprehenderit","fugiat mollit in","anim quis","ad esse fugiat amet esse"}', DEFAULT, DEFAULT), ('e06f1954-eb7e-5811-8e85-0b7239ac60d6', '88514f78-7770-5bc2-96a4-f0f4ebcab4a4', 9, 'unlisted', 'Defensive Turtle Tactics', '{"ullamco incididunt enim laborum","esse sint anim","do non irure laborum consectetur"}', DEFAULT, DEFAULT), ('cbe8ef05-c651-5778-b8a6-717eee524007', 'f7f33f5b-7e02-5784-9db2-ed2995544a54', 4, 'public', 'Gank Heavy Approach', '{"sunt","aliqua incididunt velit anim","adipisicing duis velit deserunt"}', DEFAULT, DEFAULT), ('479e5b51-1e2b-5ac2-b0c4-d0fc97906c11', '438bff0e-fd50-5c86-89ee-d397a0c0e548', 9, 'unlisted', 'Late Game Scaling Strategy', '{"deserunt dolor","labore ipsum","in culpa adipisicing consequat e","quis laborum","id velit","elit enim","cupidatat duis dolore elit"}', DEFAULT, DEFAULT), ('bcb7ae75-c1e7-50cd-ba0b-a339091eb350', '98bf31df-37fd-5af6-86dd-8686cdc35eeb', 3, 'private', 'Late Game Scaling Strategy', '{"enim","tempor incididunt ipsum","duis veniam culpa voluptate","fugiat adipisicing eiusmod","laborum","in eiusmod occaecat dolore dolor","proident labore","magna commodo non deserunt conse"}', DEFAULT, DEFAULT), ('22dccad0-36ca-5845-a1bd-b6027b406b8d', 'fe24988b-bca5-5bf5-be0f-c92da7b2cbe1', 4, 'unlisted', 'Siege Tactics Handbook', '{"quis fugiat"}', DEFAULT, DEFAULT), ('d3293b00-a774-5f1e-99fc-e8f05eabde14', 'cd80d13e-478f-5058-8dfd-e20a76013cb5', 7, 'unlisted', 'Team Fight Execution Plan', '{"proident enim ut","do adipisicing","velit commodo veniam","ipsum","tempor consequat","ipsum eu eiusmod deserunt","duis","dolor nostrud","fugiat id"}', DEFAULT, DEFAULT), ('6822c6f8-ae35-5c57-9558-9cc55665f5cb', '349111f0-5b40-5b21-aeff-8af2b228d28f', 8, 'private', 'Siege Tactics Handbook', '{"quis sint magna"}', DEFAULT, DEFAULT), ('8ac966bd-de46-5e4a-8401-5328d63ae1b4', 'cb82a658-7a6b-5f53-8103-de934a9d041a', 8, 'unlisted', 'Early Game Dominance Guide', '{"veniam excepteur","tempor qui exercitation","aliqua","exercitation ullamco aliquip ips","quis ad","incididunt","Lorem id","eiusmod adipisicing adipisicing","sit reprehenderit veniam","nulla nisi"}', DEFAULT, DEFAULT), ('36f6354b-1927-5b66-8fab-ef32da0e1694', 'd1dc8a74-c651-5dbd-b484-1cd2c51db9b9', 10, 'public', 'Split Push Blueprint', '{"minim"}', DEFAULT, DEFAULT), ('a3befd2b-2867-5547-af7d-2fe7d53b98ef', '91fa3874-9437-5dfa-a49a-f19fb38d9e92', 4, 'unlisted', 'Vision Denial Blueprint', '{"ipsum veniam est dolore","fugiat eiusmod","laborum cillum","irure minim exercitation","nostrud","non consequat exercitation","in id","voluptate nostrud cupidatat veni","veniam eu"}', DEFAULT, DEFAULT), ('4d502d01-8a3a-58bc-acb8-f61c47f35e10', '8a0a556f-d942-55f0-8ba8-1ffbfaf3c6d9', 9, 'unlisted', 'Siege Tactics Handbook', '{"quis veniam deserunt cillum","non magna","dolore et aute sint","dolor consectetur"}', DEFAULT, DEFAULT), ('ebdf08a4-39c5-5347-ab53-e4ef0e2d1add', 'c97097d9-c6b8-5a50-931a-369c86f1535e', 4, 'public', 'Roaming Support Plan', '{"nisi","velit aute exercitation adipisic","aliqua ut Lorem"}', DEFAULT, DEFAULT), ('4cfaa7bd-7f8e-52b6-a079-b1fc1773dccb', '960932a7-c474-5ba2-97bb-0581aeeca485', 5, 'private', 'Map Control Blueprint', '{"id quis commodo irure eiusmod"}', DEFAULT, DEFAULT), ('379aa38a-0dab-5c06-8cdb-45bf5d7e2d27', 'ea56a5ec-2249-5fba-8891-278bcdbbb33d', 3, 'unlisted', 'Split Push Blueprint', '{"Lorem dolor cupidatat laborum re","commodo","mollit esse","ex deserunt aliqua"}', DEFAULT, DEFAULT), ('1cb4e4cf-86cc-5f46-9e77-98b857e060d9', 'e6e5bdc8-dbe5-545a-b616-a55a5f857d1f', 10, 'private', 'Vision Control Blueprint', '{"consequat laborum","pariatur","labore velit reprehenderit","minim et","tempor anim esse","ea dolore consectetur nostrud","fugiat culpa non","duis mollit","culpa ut","enim consequat officia"}', DEFAULT, DEFAULT), ('f39bcc07-5eef-5435-b6e9-d947c3bae70d', '70b4d1da-5ee3-5bd6-aecb-9af8ab670b84', 1, 'public', 'Late Game Scaling Strategy', '{"amet id nisi","exercitation ea","dolore pariatur laboris","deserunt sit cupidatat ipsum","dolor eu","tempor ullamco commodo","ad voluptate","tempor ex pariatur exercitation","elit irure consectetur do"}', DEFAULT, DEFAULT), ('20a16bbe-0188-55a3-8d14-7e2e6b37794e', 'a6f51480-ebce-53e5-aaa6-82ae5d7deefa', 9, 'public', 'Split Push Blueprint', '{"commodo enim est veniam","nisi anim consequat ut proident","pariatur","nostrud sunt cillum","ad sunt proident"}', DEFAULT, DEFAULT), ('75a162e8-f427-5c64-baca-dba20bc829dd', '3de7919f-8a6e-5a5a-ad06-07f2ad53b96d', 7, 'unlisted', 'Objective Focused Strategy', '{"ut eiusmod ut consectetur ipsum","consectetur esse","tempor irure","cupidatat sint","sit dolore est","amet incididunt anim sunt cillum"}', DEFAULT, DEFAULT), ('5075bfb2-60b4-588c-ba9f-cd0f3efae77e', '5b303ef1-7516-512a-ba01-9f0dc05d7d2a', 5, 'public', 'Vision Denial Blueprint', '{"commodo adipisicing reprehenderi","eu cillum esse do adipisicing"}', DEFAULT, DEFAULT), ('329b0bda-79b1-53f3-afe7-b7495bde0220', '097c4d8e-94d3-5fd3-94ca-7bbb66cf6929', 2, 'public', 'Rotation Strategy Document', '{"officia non mollit ad","ipsum sunt do","adipisicing","id","aliquip pariatur aliquip laboris","aliqua nisi reprehenderit dolore","fugiat culpa magna voluptate","laboris exercitation adipisicing"}', DEFAULT, DEFAULT), ('fc992b53-61aa-5185-8280-7863348ce734', 'b81bd935-192e-5281-86b5-9cd33c3ee95a', 2, 'unlisted', 'Early Game Dominance Guide', '{"ex sit aute ex eiusmod","ipsum sunt sit","et labore","laborum magna dolore ea","consectetur anim ea anim tempor","proident dolor quis do","eu consectetur","duis","nisi excepteur"}', DEFAULT, DEFAULT), ('e15f78fd-c85d-5196-b441-614f0f00a652', 'd073b0b8-955f-5aab-9c76-3aebe9fa08b6', 3, 'unlisted', 'Jungle Control Playbook', '{}', DEFAULT, DEFAULT), ('27d28c73-d0c0-5545-a0d3-0f0fa8e1aca6', 'eea550bd-8120-5fb2-9339-ad3a549506d4', 2, 'unlisted', 'Roaming Support Plan', '{"labore incididunt sint","cupidatat aute adipisicing","aute voluptate","incididunt non ex duis quis","est deserunt","qui magna","enim elit officia","officia est ea"}', DEFAULT, DEFAULT), ('bc0ae162-e51f-5f29-b5b0-87887eac9c85', 'd19db439-c7e7-53a7-aa19-0db346180dc1', 7, 'unlisted', 'Secure Objective Playbook', '{"pariatur amet ad","minim ea"}', DEFAULT, DEFAULT), ('23cfe397-d97e-55bf-af72-35043f52d2bb', '98bf31df-37fd-5af6-86dd-8686cdc35eeb', 8, 'private', 'Objective Focused Strategy', '{"magna tempor","sunt do","fugiat laboris","aute et quis excepteur deserunt","sit sit veniam deserunt ut"}', DEFAULT, DEFAULT), ('2135e4d6-4261-59ed-a63d-11a8a55ba0c0', 'ae956930-bebe-5aad-83f8-b8d0cae36371', 5, 'unlisted', 'Wave Management Plan', '{"deserunt in culpa","ipsum non","ut deserunt sint sint","id","velit cupidatat ipsum","do laborum est","dolore in dolore","mollit incididunt ut"}', DEFAULT, DEFAULT), ('32ca2e92-cee8-58b4-beec-0fd9742bf2df', 'd2268e40-fa6d-5300-9f01-b7cc8f9018e3', 8, 'private', 'Counter Pick Blueprint', '{"fugiat","anim amet","quis culpa cupidatat","voluptate sit incididunt cupidat","aliquip excepteur ipsum Lorem"}', DEFAULT, DEFAULT), ('69e335b1-cf42-5234-867f-fc3222ba0932', 'a4b32498-f3a6-5110-a5b6-de20f0314c35', 7, 'public', 'Defensive Turtle Tactics', '{"irure quis excepteur esse"}', DEFAULT, DEFAULT), ('4addfd63-7007-5913-b0c6-95e35fe44af0', '8068bdaa-feec-5131-873b-0c940ef3679e', 5, 'unlisted', 'Defensive Turtle Tactics', '{"cupidatat","adipisicing esse id occaecat","magna commodo","qui enim cillum","cillum ut nulla","consectetur veniam","non","duis ipsum id","reprehenderit irure nisi incidid"}', DEFAULT, DEFAULT), ('29e1da9c-3bfa-53c5-8780-7032cb48ed69', '9b1fc781-1e4e-56d2-bd68-0dc257a319c0', 8, 'private', 'Aggressive Rush Strategy', '{}', DEFAULT, DEFAULT), ('0fe3263a-4b99-5049-afdd-8a29336988d1', 'a8766652-5cf4-5e66-ba6d-9eb457dff942', 10, 'private', 'Defensive Turtle Tactics', '{"anim consectetur ipsum ex","eiusmod eiusmod irure","nulla id esse sint","id tempor deserunt","fugiat cillum nisi incididunt au","aliquip","sint laboris exercitation volupt"}', DEFAULT, DEFAULT), ('de533318-8238-5b98-90fa-7923fbda78df', '24739a88-19c7-5534-a982-957c164117c4', 3, 'public', 'Aggressive Rush Strategy', '{"sunt ullamco dolore aliquip","pariatur officia exercitation ut","sint incididunt","aliquip adipisicing","velit velit nisi commodo","id id quis anim est","aliqua","est et","aute do nisi"}', DEFAULT, DEFAULT), ('91b0fe2a-8d53-5dfa-804e-dadbd5fed2f0', '5783cab4-e010-523b-b893-81b388f43d06', 3, 'unlisted', 'Roaming Support Plan', '{}', DEFAULT, DEFAULT), ('f2da91e9-e150-5eba-811a-769c8b464b2d', 'f90b4470-adf8-5f0c-b081-850f3bfe4f01', 7, 'private', 'Aggressive Rush Strategy', '{"ea adipisicing adipisicing offic","sint est dolore","commodo est esse","reprehenderit incididunt exercit","esse laborum fugiat sint","laborum irure"}', DEFAULT, DEFAULT), ('830462ad-e07d-578c-9343-4c2f3f3f896d', '2dbccffd-e7a5-5653-9dc6-18e988716abe', 1, 'public', 'Aggressive Rush Strategy', '{"proident nulla id tempor","ex","esse eiusmod ea","nulla ipsum reprehenderit","Lorem","aliqua cupidatat labore eiusmod","incididunt enim","id deserunt mollit excepteur est","voluptate ea consectetur do","elit velit"}', DEFAULT, DEFAULT), ('e4d512a0-9012-54c8-a0de-d2cfb46cc4e7', '672ad514-6b43-58ed-b7aa-f70ed34485d9', 1, 'private', 'Gank Heavy Approach', '{"deserunt exercitation quis","enim magna","pariatur ipsum labore","consectetur pariatur","officia dolore","dolore","do quis","in reprehenderit nostrud"}', DEFAULT, DEFAULT), ('8fc4ec28-bbda-57ff-86ae-02acc462e7a3', 'b88b1af1-79fe-5af5-9c91-0c77ed20973b', 2, 'unlisted', 'Split Push Blueprint', '{"esse nulla sint","aute nulla cillum","et pariatur nostrud","commodo est est nulla","ad exercitation adipisicing temp"}', DEFAULT, DEFAULT), ('46cb3ac1-56db-5482-a77b-488299529f1c', '79efb743-bb54-546e-8bdf-089509399715', 8, 'unlisted', 'Roaming Support Plan', '{"elit ea ea","officia ipsum","sit duis enim"}', DEFAULT, DEFAULT), ('ca6dab04-25c1-5208-bf77-9e5162704420', '2589cf16-4103-5a4f-b544-b30078083eaa', 9, 'private', 'Wave Management Plan', '{"in","in cillum elit eu","eu amet aute officia","proident duis qui","cupidatat officia sit","eiusmod ex sunt nulla voluptate"}', DEFAULT, DEFAULT), ('54485efb-a52b-5ef1-8d37-32b22dc487d0', '76a5e2d5-9a63-55f6-9eb8-8f0daf48e856', 7, 'private', 'Defensive Turtle Tactics', '{"commodo","enim pariatur","quis proident ea","consectetur officia","aliqua incididunt culpa aliquip","mollit nulla","ut est","adipisicing reprehenderit in vel"}', DEFAULT, DEFAULT), ('1fa8fec1-5ed8-5fb9-afc2-a5a8eea61a64', '9bf2ad50-cccb-50eb-8269-3a7e78bd21f5', 4, 'public', 'Gank Heavy Approach', '{"dolor fugiat fugiat occaecat","sunt laboris","officia","dolor","labore id duis aliqua","laborum laborum labore officia o","ipsum enim sint qui occaecat"}', DEFAULT, DEFAULT), ('21212b38-5327-5020-9dc6-3fca09a6128f', '43da4265-8ed7-5662-93ab-8135a4c65441', 5, 'unlisted', 'Baron Control Strategy', '{"ea ex duis","ad eiusmod","proident fugiat est","commodo qui est"}', DEFAULT, DEFAULT), ('b22cc198-1bf7-5cc9-b682-385ac5f11217', '92bf5244-388d-5bbf-bd84-1c7ad2efe31b', 2, 'unlisted', 'Map Control Blueprint', '{"ea aliquip fugiat cillum","sunt ut nisi ullamco","in duis ullamco velit","ea","aliquip id"}', DEFAULT, DEFAULT), ('07d77b7a-f8bb-53ab-8750-034a7dc2bcb0', '43bcab14-4a69-5e60-a07f-cda2fe595a2a', 8, 'unlisted', 'Defensive Turtle Tactics', '{"eiusmod nisi sunt pariatur labor","dolor fugiat","Lorem culpa adipisicing Lorem","consequat ad","occaecat excepteur ad deserunt i","nisi Lorem sint","aliqua nisi exercitation","incididunt","pariatur","laboris ex commodo ullamco"}', DEFAULT, DEFAULT), ('f7f63dc3-d8b7-5f42-b802-636e4e3f43bb', 'cfbfd1d4-e77f-57e5-94da-e9ff2cc7a996', 7, 'private', 'Split Push Blueprint', '{"nulla ullamco consectetur labori","anim dolor culpa ullamco","eu enim pariatur pariatur quis","reprehenderit proident reprehend","qui veniam eiusmod","est ex do laborum dolore","enim ea consequat","cupidatat est ut"}', DEFAULT, DEFAULT), ('a1dd34cc-747e-59d2-bb04-592165ee24b7', '1e7e0bcb-4fc0-5d72-81a5-d67a74a13595', 10, 'private', 'Late Game Scaling Strategy', '{"ullamco cillum cupidatat occaeca","mollit deserunt quis","ullamco","labore nisi culpa minim","excepteur tempor","pariatur laboris"}', DEFAULT, DEFAULT), ('b111722b-fdf4-55f7-a1ea-183bf540f7e3', 'e5d977c2-2a0e-5703-8ee9-4796e3967ae0', 9, 'unlisted', 'Jungle Control Playbook', '{"aliquip est anim ex","minim ut","reprehenderit esse laboris","Lorem laborum Lorem","nulla labore velit sit"}', DEFAULT, DEFAULT), ('de288e5e-33f8-5b49-9dad-83fa7d46ac0d', 'b5f933d0-c28e-517c-9fca-d9e38dc742a2', 7, 'private', 'Late Game Scaling Strategy', '{"labore enim commodo sint consect","cupidatat fugiat tempor voluptat","proident","cupidatat eu","exercitation minim aute","reprehenderit"}', DEFAULT, DEFAULT), ('f1ab7f2e-7a01-59f1-b811-78e3b78b40bc', 'e4de1a09-bd9a-5e42-b92c-2cb1af28bec6', 8, 'private', 'Vision Denial Blueprint', '{"aliqua ea","incididunt aliqua Lorem commodo","et fugiat nulla labore mollit","commodo excepteur amet in"}', DEFAULT, DEFAULT), ('e0783de7-ca51-5f0a-a7ac-8dcd533efd10', 'd19db439-c7e7-53a7-aa19-0db346180dc1', 10, 'unlisted', 'Rotation Strategy Document', '{"pariatur ea duis","ipsum labore eu laborum mollit"}', DEFAULT, DEFAULT), ('c3238b63-2dda-5915-8ca5-773255a1cfad', 'd00c085d-72d6-5114-a5fd-ba818539c2f7', 2, 'private', 'Defensive Turtle Tactics', '{"ipsum elit consequat","cupidatat deserunt"}', DEFAULT, DEFAULT), ('7b1aca75-d87e-55c4-87f7-005fafbadfdb', '5034bc4f-306f-5e76-8ef2-99198efc3a69', 6, 'public', 'Wave Management Plan', '{"aute","amet dolore consequat et"}', DEFAULT, DEFAULT), ('106d238e-2ba4-525c-8d85-994f8dfb2984', 'a69d43fa-2222-5203-b590-140e62599451', 5, 'unlisted', 'Gank Heavy Approach', '{"ullamco in sunt veniam","reprehenderit","nulla laboris","proident proident","occaecat sunt","eu incididunt exercitation ea","reprehenderit dolore aute cupida","sit duis tempor","deserunt mollit","qui adipisicing tempor amet"}', DEFAULT, DEFAULT), ('72f05d50-2802-535d-af55-29384395d238', '0fa12fcf-97e2-5065-a698-e366ca117702', 9, 'unlisted', 'Rotation Strategy Document', '{"fugiat esse et nisi aliqua","magna quis laborum esse sint","fugiat","culpa ut","ad cillum","proident irure esse commodo"}', DEFAULT, DEFAULT), ('f914b2f3-d88a-52e4-ac43-1ef8cffb4d34', '79efb743-bb54-546e-8bdf-089509399715', 9, 'public', 'Map Control Blueprint', '{"cillum sit cupidatat","non do excepteur laborum dolor","commodo incididunt dolor consequ","proident aliquip anim","proident","ut aliqua ea","eiusmod anim adipisicing","cillum incididunt"}', DEFAULT, DEFAULT), ('c620930b-8f59-50ae-bf46-b1a3aca28f0a', '763ebb5f-add9-59ff-9a26-6b4030dae259', 8, 'unlisted', 'Map Control Blueprint', '{"proident ullamco quis laborum","dolore consectetur duis","incididunt cupidatat deserunt ea","nisi anim magna ut sit","deserunt ullamco officia","elit anim mollit","eiusmod irure eiusmod","aliquip consectetur commodo","voluptate"}', DEFAULT, DEFAULT), ('c78418ab-6a36-52f6-ad32-89289156138c', '91434b27-2651-5429-8f42-45c3f8e334a0', 5, 'public', 'Vision Denial Blueprint', '{}', DEFAULT, DEFAULT), ('ed7bef30-09b5-5167-a122-9b398a76eaef', '2dbccffd-e7a5-5653-9dc6-18e988716abe', 9, 'unlisted', 'Aggressive Rush Strategy', '{"aliqua deserunt incididunt","exercitation mollit adipisicing "}', DEFAULT, DEFAULT), ('ecddf116-85cf-5aef-8c73-6e5963680c88', 'e4d90fe6-6c38-55d7-9042-99ce6d25bf1e', 7, 'private', 'Roaming Support Plan', '{"laboris","Lorem labore","aliquip qui nisi Lorem sunt","laborum","qui excepteur in","incididunt aliquip ipsum aliqua","ipsum est","enim enim anim ullamco ea"}', DEFAULT, DEFAULT), ('5bb46529-9916-530c-88e4-31ac6d441591', 'cfbfd1d4-e77f-57e5-94da-e9ff2cc7a996', 1, 'private', 'Late Game Scaling Strategy', '{"pariatur voluptate","nulla adipisicing nulla ipsum","aliquip cupidatat","ad laborum dolore","commodo in"}', DEFAULT, DEFAULT), ('8b092693-9a40-5f6a-a57b-3c3e9f5288f7', '22052ce5-2628-54da-93cf-dce3c06b547a', 7, 'private', 'Defensive Turtle Tactics', '{"elit occaecat laboris nisi","reprehenderit cillum nisi culpa","quis qui esse culpa ut","do voluptate labore sint"}', DEFAULT, DEFAULT), ('65d96d53-ecd8-5cb9-a3d4-a2842c9c629f', '0fa12fcf-97e2-5065-a698-e366ca117702', 3, 'private', 'Vision Denial Blueprint', '{"eiusmod"}', DEFAULT, DEFAULT), ('672c681b-4325-56a5-8413-28facb838b89', '5b303ef1-7516-512a-ba01-9f0dc05d7d2a', 6, 'unlisted', 'Wave Management Plan', '{"sint","anim","aliquip fugiat consectetur ea au"}', DEFAULT, DEFAULT), ('49d19d37-5ee3-59d0-a985-37b5b703ceb0', '646b32cc-2525-5418-a0f1-5c9ced471b05', 3, 'public', 'Team Fight Execution Plan', '{"et in et exercitation","enim ad exercitation","id","aliquip id ea id ex","est dolor excepteur ipsum non","amet quis adipisicing","elit consectetur"}', DEFAULT, DEFAULT), ('66e9d7dd-018c-5299-8470-9f074683bd55', 'e4de1a09-bd9a-5e42-b92c-2cb1af28bec6', 5, 'unlisted', 'Early Game Dominance Guide', '{"officia ullamco","excepteur consequat nostrud","proident mollit voluptate","ad in minim incididunt","consequat et amet nisi culpa"}', DEFAULT, DEFAULT), ('d4a93045-0519-5ae2-8bd3-51a7d07f2b97', 'e5b4727f-be5e-52c0-83cb-cb7ba230945f', 1, 'private', 'Split Push Blueprint', '{"labore","enim sint"}', DEFAULT, DEFAULT), ('b5bd1f0b-0be5-592a-87b7-65db36f2fa17', 'cd80d13e-478f-5058-8dfd-e20a76013cb5', 1, 'unlisted', 'Aggressive Rush Strategy', '{"incididunt irure quis sit irure","velit culpa fugiat nostrud","voluptate anim excepteur ut","Lorem","consequat cillum laborum ullamco","veniam sint tempor duis"}', DEFAULT, DEFAULT), ('902168ab-57a5-5714-b589-ecf1bd6d2517', '2386fe50-4da3-5ca3-b993-046dc48afb23', 1, 'unlisted', 'Vision Control Blueprint', '{"cupidatat anim incididunt duis s","sunt deserunt laboris labore par","non Lorem irure","proident laboris sit","labore","aute"}', DEFAULT, DEFAULT), ('8e1b1af0-d36a-5958-9b32-c8f59e8edaf9', '2589cf16-4103-5a4f-b544-b30078083eaa', 4, 'private', 'Objective Focused Strategy', '{"eu","ex irure eiusmod","exercitation voluptate ut","velit id aliquip aliquip","aliqua dolor adipisicing nostrud","eiusmod non eu","id esse","commodo esse","ea pariatur irure labore"}', DEFAULT, DEFAULT), ('9ca1e23a-7fd9-5be2-b14a-5f50a52fda0a', 'c15a1a93-cc16-5536-8ab0-42ef9626e379', 1, 'private', 'Counter Pick Blueprint', '{"sunt deserunt","nulla sunt non anim","aliquip nisi occaecat elit","in laborum culpa duis","irure sit","sunt aliqua non voluptate","quis ut minim","consectetur minim amet ad","dolore commodo laboris culpa"}', DEFAULT, DEFAULT), ('b458c0d2-4d21-597a-9d7c-522e47032d79', '28a1ca86-fc34-5d5b-bda6-792b581f58de', 5, 'unlisted', 'Siege Tactics Handbook', '{"aute incididunt","dolor Lorem","irure incididunt eiusmod","proident cillum occaecat","reprehenderit deserunt proident"}', DEFAULT, DEFAULT), ('aeae5590-e6d3-5c02-8a1c-40a6bcf61bd6', 'ac9f0e3e-b030-584f-a8dd-87355fe22537', 3, 'private', 'Vision Control Blueprint', '{"cillum ex ut Lorem","dolor","magna officia officia nostrud","nostrud sunt consectetur","nisi proident","do voluptate velit","irure magna ullamco aliqua","excepteur quis"}', DEFAULT, DEFAULT), ('e62ff15d-b4e8-5f8b-b8c8-56d105c9d705', 'eb3e804d-5ed0-59a1-900b-3b0f9b2cb577', 8, 'private', 'Defensive Turtle Tactics', '{"ad cupidatat","ea","nisi id voluptate","ullamco exercitation commodo aut"}', DEFAULT, DEFAULT), ('2650d5c8-a9d2-57ad-a70d-8c89cf994021', 'a6ea6199-2a1a-56d4-b12a-1bf7d32d154c', 9, 'private', 'Vision Denial Blueprint', '{"elit ut","ut ipsum duis","veniam consequat","sit amet laboris","adipisicing tempor ipsum fugiat","eu","cillum exercitation","sunt nostrud","eiusmod laborum dolor duis cupid"}', DEFAULT, DEFAULT), ('57851dd8-0d7e-5b03-b70f-32940ae107ce', 'c15a1a93-cc16-5536-8ab0-42ef9626e379', 6, 'unlisted', 'Team Fight Execution Plan', '{"veniam cupidatat qui laboris","irure sunt voluptate","dolor adipisicing","adipisicing anim do","mollit deserunt quis","et mollit","anim adipisicing commodo do","fugiat proident aliquip qui mini","sint enim","quis dolor"}', DEFAULT, DEFAULT), ('0bb88883-c32b-547d-bac2-9dcbf9437722', 'a9752d0c-ade4-58c6-b746-1b9df56a3d08', 4, 'unlisted', 'Vision Control Blueprint', '{"id amet aliquip","ea ad ut","enim","nostrud veniam pariatur","eiusmod","eu adipisicing occaecat velit co","occaecat exercitation qui"}', DEFAULT, DEFAULT), ('f2096d39-9bcd-5cc9-af38-3924bad39e01', 'b737f334-53a3-585e-98d7-69fce744e35e', 7, 'unlisted', 'Aggressive Rush Strategy', '{"voluptate","anim consequat irure","Lorem amet nulla ullamco","duis officia amet magna est","adipisicing est ipsum"}', DEFAULT, DEFAULT), ('cdc85c53-30bc-5c6e-91cc-2af72696e64b', '644a93ba-f570-5681-b2f5-de6b9950affd', 4, 'private', 'Objective Focused Strategy', '{"pariatur esse","veniam fugiat irure ullamco"}', DEFAULT, DEFAULT), ('a0fe813c-8a2e-57ff-8950-530eb72350cc', '097c4d8e-94d3-5fd3-94ca-7bbb66cf6929', 1, 'public', 'Aggressive Rush Strategy', '{"aliquip dolore culpa qui","sunt cillum cillum"}', DEFAULT, DEFAULT), ('3dcb1c72-1f38-50a2-8a79-9f8b83862a0b', 'b5605791-3389-56c2-9ec6-17d538b9bb85', 10, 'public', 'Baron Control Strategy', '{"aliqua","do consequat deserunt et","reprehenderit ut tempor sint qui","deserunt cupidatat do est commod","nulla in pariatur laboris","ad Lorem","dolore nulla","voluptate qui","sunt enim duis cillum"}', DEFAULT, DEFAULT), ('b529db67-e1b4-5e7d-9a32-267867bbcbad', '9af6e0ef-7015-5390-856a-705032c2e40e', 1, 'public', 'Early Game Dominance Guide', '{"nostrud excepteur deserunt qui e","cillum elit"}', DEFAULT, DEFAULT), ('89b21cb6-fbf3-585a-b9c1-304fad97258b', 'fe78882d-8d81-5307-9012-7c7cadbfdbe6', 2, 'unlisted', 'Vision Control Blueprint', '{"ut mollit exercitation cillum ut","eiusmod ut minim irure minim","pariatur","ipsum dolor","ullamco laborum mollit est","consequat"}', DEFAULT, DEFAULT), ('8af27ce1-15c1-5703-a4c5-07ea669df0c7', '3d4df0ce-5a7f-53e4-b486-95faf0a09720', 4, 'public', 'Late Game Scaling Strategy', '{"aliqua officia sit","voluptate","voluptate sunt","amet nostrud deserunt exercitati","consequat in adipisicing amet ir","magna magna aute","ad dolor pariatur do","tempor velit deserunt","deserunt labore"}', DEFAULT, DEFAULT), ('e9960db1-b450-5d20-820c-87fab4f40dc8', 'b134c4e5-3e41-53b3-bf3f-7f4cf023e9d7', 10, 'private', 'Vision Control Blueprint', '{"dolore qui","veniam id","culpa","excepteur","non reprehenderit ad voluptate f","ut commodo tempor labore","dolor"}', DEFAULT, DEFAULT), ('2dd10f1f-4836-53b2-b2b6-ae71861e43d0', 'd6d652bf-48a5-5a85-a95d-16c25edc5397', 8, 'private', 'Roaming Support Plan', '{"fugiat enim ad","deserunt nisi culpa irure incidi","labore","minim anim consequat exercitatio","ad quis nisi sunt","tempor proident"}', DEFAULT, DEFAULT), ('09d4e842-df61-577d-8d06-00daf3b676e2', 'eff6dde6-e4aa-5c61-9818-5d7ae0bf58b7', 3, 'unlisted', 'Early Game Dominance Guide', '{"consequat eu","anim laboris","ea","nisi mollit"}', DEFAULT, DEFAULT), ('6fe4789e-9a02-5c94-8c81-5bb4cffd7850', '21a7e579-98a3-5757-a0a8-913f2da95aba', 3, 'public', 'Siege Tactics Handbook', '{"exercitation Lorem reprehenderit","sint laborum","reprehenderit","qui reprehenderit dolore","labore fugiat","cupidatat nulla sit occaecat","fugiat est irure est do","anim sunt ipsum eiusmod","labore do non Lorem"}', DEFAULT, DEFAULT), ('62834a20-27ac-5894-8947-a4e2ffb67f5b', '59fbbc7c-edc9-5d3c-9170-cf6acabbcd28', 6, 'unlisted', 'Rotation Strategy Document', '{"esse ullamco occaecat esse","incididunt est cupidatat","excepteur dolore nisi nulla","id eu tempor enim Lorem"}', DEFAULT, DEFAULT), ('ce25e6d7-50b4-50c3-8210-685ee22346f3', 'cd80d13e-478f-5058-8dfd-e20a76013cb5', 1, 'unlisted', 'Gank Heavy Approach', '{"veniam ullamco excepteur","nulla pariatur","ad cupidatat proident quis"}', DEFAULT, DEFAULT), ('a4e4a518-fb32-53bf-9d1c-f336f8cd8c45', 'd2268e40-fa6d-5300-9f01-b7cc8f9018e3', 7, 'public', 'Late Game Scaling Strategy', '{"nostrud sint sint adipisicing","qui dolore sunt","adipisicing ad magna dolore","excepteur ex","quis irure nostrud laborum sint","nulla ea"}', DEFAULT, DEFAULT), ('d5862a76-70cd-55db-a302-365d7ec101f5', '5783cab4-e010-523b-b893-81b388f43d06', 10, 'public', 'Wave Management Plan', '{"Lorem et occaecat labore","ipsum cupidatat culpa cupidatat ","exercitation commodo aute","dolore excepteur quis qui","aliquip aute","aliqua","incididunt nostrud excepteur ani"}', DEFAULT, DEFAULT), ('fff5567f-d4a5-542e-ba70-1119521ca0cb', '2da4149c-bf3e-5f98-b904-591c69530871', 7, 'public', 'Defensive Turtle Tactics', '{"sint id","sunt et veniam reprehenderit","qui aliqua","qui veniam","laborum","sunt reprehenderit excepteur exc"}', DEFAULT, DEFAULT), ('48abaf7b-d65e-5371-8d5f-1be4621911e6', '6c3f6730-2b1a-5e27-97de-caacad0bb1a5', 1, 'unlisted', 'Baron Control Strategy', '{"adipisicing est cupidatat et"}', DEFAULT, DEFAULT), ('05b8ebd6-06e1-5ce6-85d9-1fda124d11b0', '40747f76-ad34-5508-ba43-ef538c943cc0', 3, 'unlisted', 'Objective Focused Strategy', '{"voluptate aute Lorem culpa paria","do cupidatat veniam","elit aliqua aliqua cupidatat","fugiat","mollit amet","veniam","et","sit eu exercitation ea"}', DEFAULT, DEFAULT), ('be5a4c70-a4ff-57c0-8c2c-437a6d77f25c', 'fc6d457c-9711-5cde-813c-d584f858faae', 10, 'public', 'Vision Denial Blueprint', '{"aliquip","laborum qui dolor laboris","aute","duis in duis pariatur"}', DEFAULT, DEFAULT), ('e6ff83af-5ec2-537d-b04b-784bd77a5871', '94daea14-9b93-5933-9044-5ccc1eb32f8f', 4, 'private', 'Split Push Blueprint', '{"sit","anim ex est ex","ipsum mollit in excepteur","voluptate laborum sit","officia incididunt nostrud","exercitation ipsum officia","cillum mollit et"}', DEFAULT, DEFAULT), ('dc9bffb4-1647-5c5d-8c1f-d89500e89900', '2190cc4c-2cc5-5f9f-983d-55f70f31e468', 2, 'unlisted', 'Defensive Turtle Tactics', '{"incididunt sit ut ipsum eu","exercitation aliqua","sit in exercitation"}', DEFAULT, DEFAULT), ('ec767a01-17bb-518c-9633-78ebc8caded3', 'a69d43fa-2222-5203-b590-140e62599451', 6, 'private', 'Baron Control Strategy', '{"ea duis voluptate esse","excepteur officia cillum amet","consequat officia Lorem eu","minim dolor commodo","nostrud officia est reprehenderi","deserunt cillum tempor","culpa cupidatat consectetur sit ","proident eiusmod pariatur conseq"}', DEFAULT, DEFAULT), ('6c642b40-bb15-55fa-9319-9c100d27adc7', 'd35ecca3-ac35-5e28-8e7e-6a25de908d18', 9, 'private', 'Vision Denial Blueprint', '{"ea anim ipsum","consequat pariatur","labore minim Lorem","tempor voluptate","laboris","ullamco velit velit nostrud","pariatur amet fugiat","non tempor","minim ipsum dolore dolor","in anim commodo do"}', DEFAULT, DEFAULT), ('197f52e9-f9b3-54a3-a900-9ddcd2cd98d5', 'ab31b5c9-e8c8-55c1-ab94-82606fe7ed9a', 3, 'unlisted', 'Vision Control Blueprint', '{"ullamco reprehenderit cupidatat","et mollit adipisicing eiusmod ip"}', DEFAULT, DEFAULT), ('b239ffdb-847f-5400-b1f9-97e186ea36bc', '6284c864-e678-5ba8-a315-c4c8b4d9f835', 1, 'private', 'Wave Management Plan', '{"velit nisi est culpa elit","cupidatat in","exercitation non reprehenderit","sunt laboris consequat","commodo cillum dolor","et eiusmod duis","qui Lorem tempor","esse sunt laboris fugiat Lorem"}', DEFAULT, DEFAULT), ('c3124970-b58c-5748-8a01-4ba1d7466b2b', '3d4df0ce-5a7f-53e4-b486-95faf0a09720', 10, 'unlisted', 'Objective Focused Strategy', '{"ea eu laboris","sunt amet","quis irure","magna sunt","nostrud culpa officia","officia dolore officia sit ullam","ut occaecat cillum","amet elit ex aute et","amet culpa elit anim nisi"}', DEFAULT, DEFAULT), ('2fbdef88-7d4a-5528-bb59-74f725709563', '438bff0e-fd50-5c86-89ee-d397a0c0e548', 3, 'private', 'Map Control Blueprint', '{"ut non ut ullamco","voluptate ipsum"}', DEFAULT, DEFAULT), ('a03637de-3a86-5f2c-a9a1-71bb222f301f', 'abf8504a-2cfc-5a9d-a5d2-31dccd8bf00f', 5, 'private', 'Aggressive Rush Strategy', '{"ut elit excepteur","nisi Lorem","reprehenderit","reprehenderit minim","id non excepteur","non proident ut","nulla magna ea quis"}', DEFAULT, DEFAULT), ('536d5b0c-dc7c-598f-8fa0-b21c4cd85d48', '2764351d-73bf-5124-a613-660cd57f91dd', 6, 'unlisted', 'Counter Pick Blueprint', '{}', DEFAULT, DEFAULT), ('f04b6b4b-d5ea-517f-8a7d-71713980487c', 'a4b32498-f3a6-5110-a5b6-de20f0314c35', 9, 'unlisted', 'Rotation Strategy Document', '{"Lorem","nisi","sint ut reprehenderit laboris"}', DEFAULT, DEFAULT), ('363e1d5b-f7b0-5ee0-a43a-f471f9cf9338', '28a1ca86-fc34-5d5b-bda6-792b581f58de', 2, 'private', 'Late Game Scaling Strategy', '{"ad incididunt","pariatur sunt commodo voluptate","excepteur qui","dolore velit reprehenderit nisi ","aute consectetur","est mollit culpa in","exercitation","incididunt"}', DEFAULT, DEFAULT), ('edcc2203-6787-52aa-bc0b-a6dcc59388be', 'c97097d9-c6b8-5a50-931a-369c86f1535e', 5, 'public', 'Vision Control Blueprint', '{"minim dolor","do dolore","et elit aliqua tempor","ad officia culpa sunt minim","amet duis ad exercitation","ad labore velit ut","occaecat officia quis"}', DEFAULT, DEFAULT), ('474b1c92-271b-5e78-878e-3e82398a6e7c', '94170f3d-888c-58bc-bc18-13592bfb52c5', 2, 'unlisted', 'Jungle Control Playbook', '{"minim ea eu do","aute anim velit nisi"}', DEFAULT, DEFAULT), ('8997d96a-4a2f-5fcd-a0a2-88e875f8bba7', '3c0af99e-82a0-5346-8da5-2d2825b8a66d', 4, 'unlisted', 'Split Push Blueprint', '{"laborum ea in consectetur","laborum deserunt aute irure","ut id do minim","anim","aliquip sunt aute exercitation","ad","labore aute"}', DEFAULT, DEFAULT), ('f61f0c83-60cb-5fa8-a27a-67e606b63adb', 'd2268e40-fa6d-5300-9f01-b7cc8f9018e3', 6, 'private', 'Defensive Turtle Tactics', '{"officia velit eiusmod","ad sint esse","culpa ea ut nisi","consectetur quis eu dolor"}', DEFAULT, DEFAULT), ('30d213ab-4615-5d8b-abee-5b4875c8bfdf', 'e9decb87-4a50-5c41-896c-16fe0d21ebca', 2, 'private', 'Roaming Support Plan', '{"eiusmod laborum dolor esse","laboris consectetur","fugiat"}', DEFAULT, DEFAULT), ('7d042aff-1b5b-531f-917f-48f2d58d33c7', '6fc34c52-742f-56c2-b6c3-89dee63a8839', 6, 'private', 'Team Fight Execution Plan', '{"ex et enim"}', DEFAULT, DEFAULT), ('30e1e77d-2bcf-5591-97ec-d99bd552d8f0', 'd92658af-bb2e-5f93-9170-bc8d85a6ad50', 2, 'public', 'Vision Denial Blueprint', '{"velit elit ut ex","voluptate aliquip","nostrud aute minim in cillum"}', DEFAULT, DEFAULT), ('d53a4a7c-125e-52cd-8ba3-aa3916f71140', 'd6d4ebe8-fe3c-5e62-98d8-e678f356450c', 2, 'unlisted', 'Vision Control Blueprint', '{"occaecat velit nisi nisi","ipsum","ad et","cupidatat aliquip nulla reprehen","dolore ut ut","officia consequat est proident","labore","ut officia ex"}', DEFAULT, DEFAULT), ('47f797b2-50c1-56af-abe6-0081dabe5efd', 'a3141029-aec2-543b-b18a-49fe947e3304', 7, 'private', 'Counter Pick Blueprint', '{"exercitation laboris","exercitation","et anim commodo non","reprehenderit","mollit ipsum excepteur eiusmod","eu ipsum incididunt do","eiusmod incididunt ullamco anim "}', DEFAULT, DEFAULT), ('3ebbec39-d360-5461-b442-70abf723c8b8', 'cb82a658-7a6b-5f53-8103-de934a9d041a', 4, 'private', 'Aggressive Rush Strategy', '{}', DEFAULT, DEFAULT), ('3821efb6-356e-53bd-8a0b-239426475be5', 'b67e09de-df70-515b-91d0-6e53f3b4a58a', 3, 'public', 'Siege Tactics Handbook', '{"proident deserunt","deserunt adipisicing","sunt mollit fugiat","irure sit nisi adipisicing","pariatur et","elit nostrud et elit","ad veniam eiusmod id","excepteur excepteur cillum","minim incididunt"}', DEFAULT, DEFAULT), ('f62571e6-585e-5709-b04e-861b7f3db2d2', '6284c864-e678-5ba8-a315-c4c8b4d9f835', 2, 'public', 'Roaming Support Plan', '{"laborum officia et et","consequat commodo enim ut exerci"}', DEFAULT, DEFAULT), ('f706ef0d-b4c8-54ee-ba4a-8f6af14717f8', '495390bc-68e6-52a4-b1ba-2f994586821a', 2, 'unlisted', 'Counter Pick Blueprint', '{"sit pariatur","sunt sit cupidatat consequat","proident nostrud culpa","irure esse dolor voluptate","ullamco incididunt","et sint velit nostrud","pariatur ut veniam fugiat","nostrud eu Lorem irure","adipisicing aliquip minim enim a"}', DEFAULT, DEFAULT), ('da6a602b-9dc0-5e13-87e9-323f368838a2', '9e6824f3-dac2-540f-9e3d-8797171dab14', 10, 'unlisted', 'Gank Heavy Approach', '{"adipisicing do velit occaecat of","ut et qui","eu incididunt","non exercitation","sunt","exercitation fugiat","amet sint proident qui ipsum","deserunt quis","velit est fugiat laborum","velit qui incididunt consectetur"}', DEFAULT, DEFAULT), ('ae022a2e-97fe-53d7-ace2-f700a65995e2', '3adfc207-aaeb-5fa1-b329-eb7ef2061320', 9, 'unlisted', 'Jungle Control Playbook', '{"Lorem laborum ex sit","ipsum","tempor aliquip","dolor magna proident incididunt ","pariatur veniam irure","quis elit qui","reprehenderit qui","Lorem"}', DEFAULT, DEFAULT), ('7f27719e-c551-5cfa-ab24-3e6a917bc77f', 'ddb44318-7e83-5b4d-8ba4-3bbd19edd327', 6, 'public', 'Vision Control Blueprint', '{"ut Lorem","cillum sunt elit consequat nostr","aliqua esse eiusmod","elit consectetur mollit non","occaecat minim","eu consectetur aliqua commodo","minim officia in","qui consectetur do ex proident","labore sint consectetur dolore"}', DEFAULT, DEFAULT), ('a7afe8c7-8469-5a59-9246-cc18b3ce4b7b', '80e684c5-9f07-5388-b150-556bc24cb77f', 3, 'private', 'Baron Control Strategy', '{"ipsum esse voluptate","nisi laborum","nostrud tempor ad voluptate aliq","et minim culpa ullamco","amet cillum","veniam adipisicing aliquip"}', DEFAULT, DEFAULT), ('8111ec5f-e01a-5ad1-b89a-b7a64419e202', '6451b879-16d7-5644-b6b9-87dd18b3facf', 9, 'public', 'Vision Denial Blueprint', '{"exercitation exercitation fugiat","fugiat commodo","consequat ex","veniam reprehenderit laborum dui","reprehenderit","id"}', DEFAULT, DEFAULT), ('af41c136-c26c-5e1c-81f1-2d9f923ca606', 'b737f334-53a3-585e-98d7-69fce744e35e', 6, 'public', 'Aggressive Rush Strategy', '{"sunt dolor minim","esse est","duis et aute"}', DEFAULT, DEFAULT), ('7594efe5-aff1-5874-a5ed-4a9edc7b66bf', '26f7bb6a-3c9c-5b30-b11b-be5ebfb91948', 7, 'unlisted', 'Defensive Turtle Tactics', '{"amet proident"}', DEFAULT, DEFAULT), ('ee2f9514-a689-5e06-84f0-7f27b56a3774', 'a5e6c58e-54df-5943-b1b7-463c2ae0fb74', 10, 'private', 'Aggressive Rush Strategy', '{"et labore","occaecat nulla eu Lorem excepteu","nostrud ex deserunt aute cupidat","sint amet reprehenderit","cupidatat nisi proident","laboris et fugiat veniam aute","nulla ad veniam cupidatat duis","commodo duis sit"}', DEFAULT, DEFAULT), ('59ac239c-144e-5ca7-b3e8-b97418726740', 'cda3814f-c14d-5dcf-a835-797df84f6d99', 3, 'unlisted', 'Early Game Dominance Guide', '{"duis ipsum aliqua cillum","non commodo"}', DEFAULT, DEFAULT), ('7992b22f-6c16-50ae-ae54-fd84bedb78e7', '3204ce32-7c5b-5953-969e-fe1d17de6e76', 4, 'public', 'Jungle Control Playbook', '{"magna non officia","aute id id","mollit dolor officia officia","irure sunt esse","nostrud sunt dolore","pariatur sint","nostrud"}', DEFAULT, DEFAULT), ('eeb6a56c-bf20-5164-a9c4-2438947a1635', '9584676f-0635-591a-a937-d230d9a3abf3', 1, 'public', 'Split Push Blueprint', '{"elit et","ipsum duis labore veniam","deserunt veniam sint","aliquip aliquip","amet ex","et aute","non velit excepteur anim","mollit esse in fugiat","culpa culpa pariatur commodo"}', DEFAULT, DEFAULT), ('ba263b84-62af-5be6-a1da-34f8a9b1c708', '65d8ad86-6271-552b-8704-fabcdcf18cdb', 8, 'public', 'Team Fight Execution Plan', '{"culpa aliqua commodo","sunt ipsum","laborum veniam","minim velit officia magna","non laboris pariatur","elit cupidatat"}', DEFAULT, DEFAULT), ('0eda511d-00fb-5edd-a94c-61620ced28e5', '01bb02e3-6d00-5b11-ba00-2f6b060dfb2e', 3, 'private', 'Defensive Turtle Tactics', '{"do","voluptate pariatur esse","irure","aliquip nulla culpa mollit esse"}', DEFAULT, DEFAULT), ('4a82ca5f-1296-51b0-9319-05459a439c92', '9f26eece-7e59-5b46-a98b-848dc55a0cda', 9, 'unlisted', 'Team Fight Execution Plan', '{"aliquip commodo amet","officia","fugiat laborum do sint","reprehenderit nulla sint enim","aliqua et","irure qui eu cupidatat","ea commodo commodo","enim cillum esse"}', DEFAULT, DEFAULT), ('230e6990-91f4-5dc7-b6bc-229a44985e25', '70b4d1da-5ee3-5bd6-aecb-9af8ab670b84', 2, 'private', 'Gank Heavy Approach', '{"laboris eu et eiusmod elit","non minim","est anim veniam","elit","minim minim enim cillum","id consequat mollit","cillum reprehenderit","et dolor aute consectetur","non ea","laborum proident"}', DEFAULT, DEFAULT), ('01a97da4-f21e-511b-9160-a834d5d7f82e', '7c0f6282-7933-5431-8e88-9d2b9f09f272', 3, 'unlisted', 'Split Push Blueprint', '{"aliquip ipsum","officia sunt duis","deserunt","ex eiusmod velit nulla","ad amet consectetur","deserunt id adipisicing","eu est"}', DEFAULT, DEFAULT), ('1c5613fb-a627-5391-a9ff-0cc49d9b395b', 'd2268e40-fa6d-5300-9f01-b7cc8f9018e3', 6, 'unlisted', 'Early Game Dominance Guide', '{"sunt quis","reprehenderit amet commodo qui e","irure sit irure nisi","sint ut reprehenderit","fugiat mollit qui proident","occaecat nisi","mollit esse labore","dolor","esse ut","ad id eiusmod"}', DEFAULT, DEFAULT), ('69b55afa-a769-5eae-849b-0607118f6f38', 'e4c44768-00c8-52e6-80f9-625972d5d9b9', 7, 'public', 'Aggressive Rush Strategy', '{"duis in proident id","do non","excepteur aliquip magna adipisic"}', DEFAULT, DEFAULT), ('5653d3f7-e466-5b59-9cc7-02634d975655', 'd0fa96c4-2bfe-5959-9fd4-b17ec4964e6d', 10, 'unlisted', 'Wave Management Plan', '{"veniam","duis","non aute eiusmod sit","in ex irure","ad mollit tempor voluptate"}', DEFAULT, DEFAULT), ('11917a47-b89e-5663-8d37-049fe2bf5b34', '6284c864-e678-5ba8-a315-c4c8b4d9f835', 2, 'unlisted', 'Late Game Scaling Strategy', '{"labore labore ipsum voluptate","duis minim deserunt ea","commodo in irure","eiusmod laborum labore ex exerci","enim excepteur nisi amet"}', DEFAULT, DEFAULT), ('c68ff46b-b1a9-581e-aa43-737e3b976580', '1bf9a820-bb8f-59cd-8902-84a62a1aa29f', 3, 'unlisted', 'Objective Focused Strategy', '{"anim mollit aliqua eu","adipisicing ex id","labore nisi exercitation","sint ex magna culpa"}', DEFAULT, DEFAULT), ('e8d13e33-32bc-5c1a-9371-8f828965d869', 'b81bd935-192e-5281-86b5-9cd33c3ee95a', 6, 'public', 'Early Game Dominance Guide', '{"sint irure Lorem"}', DEFAULT, DEFAULT), ('79cca71d-1dd7-5b78-9e31-229bb9872504', 'e7f24225-5e7d-55c3-8091-6f5a69baba70', 4, 'public', 'Wave Management Plan', '{"fugiat anim sit incididunt velit","ea occaecat voluptate Lorem","et","irure qui labore deserunt","ut cupidatat anim deserunt sit","ullamco ad nulla pariatur","tempor cillum laborum commodo","commodo sint reprehenderit","magna duis nisi","pariatur magna"}', DEFAULT, DEFAULT), ('cdf1b1e3-61cd-52e6-b86e-eec98ea71e23', 'b64d0217-6a7b-5682-8927-676434f72be9', 8, 'private', 'Siege Tactics Handbook', '{"ut proident in dolore consequat"}', DEFAULT, DEFAULT), ('98ea8abd-4f3f-5750-b436-afb8aa79fb82', '8b7e423b-b9b9-5b3c-bf3d-1aa45d16235c', 7, 'private', 'Wave Management Plan', '{"labore tempor amet","nisi enim sint"}', DEFAULT, DEFAULT), ('bc227bd7-3214-5075-bca0-3f60046ac216', '882c7ae5-914f-539d-8207-691de536097f', 4, 'unlisted', 'Map Control Blueprint', '{}', DEFAULT, DEFAULT), ('8fd84214-96a6-5d6c-8437-0646145f15a1', '7a86b477-8922-5c78-85b7-47a44d6877c0', 4, 'unlisted', 'Split Push Blueprint', '{"excepteur","aute consequat id nulla","cupidatat incididunt exercitatio","deserunt","cillum dolor ex reprehenderit","ut nulla consequat labore","commodo occaecat cupidatat dolor","consequat magna est voluptate el"}', DEFAULT, DEFAULT), ('7b269807-4fdc-5847-8a5c-807ffa02f953', '1e0af0c0-30ba-5a06-9647-a83cef3d815d', 10, 'public', 'Aggressive Rush Strategy', '{"ullamco cillum do","excepteur","mollit culpa labore","enim aute ut","cillum sunt amet exercitation co","dolor occaecat anim eu","consequat id","qui ullamco eu laborum deserunt","officia consectetur eiusmod","consectetur in cillum"}', DEFAULT, DEFAULT), ('cf8258c4-f278-5c75-a944-c2bcba526ad4', '672ad514-6b43-58ed-b7aa-f70ed34485d9', 9, 'private', 'Objective Focused Strategy', '{"aliquip ea"}', DEFAULT, DEFAULT), ('2e51b4b0-68ac-5e21-94a2-b7afb1b16016', 'b88b1af1-79fe-5af5-9c91-0c77ed20973b', 3, 'unlisted', 'Objective Focused Strategy', '{"culpa sint qui id","nisi cupidatat irure","elit sunt minim aliqua"}', DEFAULT, DEFAULT), ('6e9d8d45-1d4b-5cdd-92c5-76194015ba99', '31bb49e9-e86d-546a-9e01-6986e5eacf06', 10, 'unlisted', 'Team Fight Execution Plan', '{"occaecat veniam voluptate ea nis"}', DEFAULT, DEFAULT), ('fac7e894-3f38-5663-bc98-486c88732ea4', 'db9f2a26-569b-5431-9216-bcd2cf256bbd', 9, 'public', 'Objective Focused Strategy', '{"labore laborum in"}', DEFAULT, DEFAULT), ('7d360079-2c18-5c6d-a1b8-85eb411ace3d', '01bb02e3-6d00-5b11-ba00-2f6b060dfb2e', 8, 'unlisted', 'Aggressive Rush Strategy', '{"mollit elit eiusmod veniam","tempor voluptate veniam occaecat"}', DEFAULT, DEFAULT), ('be194c18-6eee-5ff6-a117-608bade8a86e', 'ad1bbcac-cdbb-551f-b25a-b14b40074515', 7, 'private', 'Vision Control Blueprint', '{"ipsum est","adipisicing veniam minim mollit","voluptate mollit"}', DEFAULT, DEFAULT), ('74297878-a21d-59b7-aced-265d4a9f30fa', '2daf5548-f681-577a-9912-670e1304b2ad', 10, 'public', 'Gank Heavy Approach', '{"nisi amet occaecat eu","deserunt nostrud eiusmod","culpa cillum id Lorem","commodo sit","nostrud eu minim","aute adipisicing"}', DEFAULT, DEFAULT), ('a0c5fdb3-1581-541b-b560-7473e0935643', '2764351d-73bf-5124-a613-660cd57f91dd', 2, 'unlisted', 'Jungle Control Playbook', '{"sit laboris","velit occaecat in irure reprehen","magna qui","cupidatat mollit","cupidatat ea"}', DEFAULT, DEFAULT), ('5bf01130-69dd-5547-acc0-717bf1395fda', 'd1b8f3f8-af26-5088-8712-273c28ba98f7', 10, 'unlisted', 'Vision Control Blueprint', '{"fugiat veniam voluptate proident","id in","voluptate laboris dolor ad repre","proident enim","non laborum","eiusmod amet","deserunt ad"}', DEFAULT, DEFAULT), ('1e052062-4999-589c-af48-bc4a3df69d05', 'b5f933d0-c28e-517c-9fca-d9e38dc742a2', 8, 'private', 'Secure Objective Playbook', '{"dolor commodo nostrud fugiat"}', DEFAULT, DEFAULT), ('38b49ca8-b50c-5e98-af9e-9c3898d28f8f', '2f76c526-de17-58f1-a75e-aee239f7ed57', 9, 'private', 'Aggressive Rush Strategy', '{"reprehenderit aute officia","tempor","irure","do quis do","sit laboris"}', DEFAULT, DEFAULT), ('9b261f2f-f0b0-57c3-9c3a-156a89bfc9aa', '77085b75-b014-57d0-8618-9cc95436a25e', 7, 'unlisted', 'Secure Objective Playbook', '{"dolore nisi","aliqua officia esse occaecat","non adipisicing","dolore aliqua ipsum"}', DEFAULT, DEFAULT), ('2d9d0644-e0d8-5f5d-84c2-071cd2c099ce', 'c801d235-e02a-5267-8201-eecb86948b65', 1, 'public', 'Defensive Turtle Tactics', '{"exercitation sint","velit tempor cupidatat","sint ea do","sunt culpa eu","ut aute consequat est"}', DEFAULT, DEFAULT), ('b8c7a039-d039-57f7-bd1e-253b05ef8c03', 'eff6dde6-e4aa-5c61-9818-5d7ae0bf58b7', 2, 'private', 'Vision Denial Blueprint', '{"aliqua commodo ullamco"}', DEFAULT, DEFAULT), ('110d19c8-9e0d-5f75-a721-b94eb9080526', '8d3f145b-67b0-504d-b49a-d59ecea5d2d8', 2, 'private', 'Objective Focused Strategy', '{"magna enim adipisicing","officia irure ea"}', DEFAULT, DEFAULT), ('09923517-e55a-5deb-98cb-d64b27c0ab72', '98b30307-7ea7-5b6c-b9e4-560fe08299de', 9, 'unlisted', 'Baron Control Strategy', '{"tempor ullamco","magna officia aute","deserunt nulla","ipsum duis"}', DEFAULT, DEFAULT), ('e5bd85d5-1f62-5598-9176-4bfd393badbe', 'd6d4ebe8-fe3c-5e62-98d8-e678f356450c', 4, 'public', 'Vision Denial Blueprint', '{"incididunt deserunt","commodo"}', DEFAULT, DEFAULT), ('e8eb7547-d359-5d88-afb0-cca98349d023', '98bf31df-37fd-5af6-86dd-8686cdc35eeb', 8, 'public', 'Counter Pick Blueprint', '{"eu voluptate elit","deserunt","deserunt nostrud est","reprehenderit dolor deserunt vel","tempor minim reprehenderit minim","aliqua elit commodo","sit fugiat esse dolore","in laborum velit velit","exercitation amet elit"}', DEFAULT, DEFAULT), ('0e4135c9-4c74-5717-9ee1-cbbb37873838', '1497705a-df0e-5f8d-988d-61adba7199e0', 10, 'public', 'Team Fight Execution Plan', '{"commodo qui ipsum excepteur","laboris dolor tempor aliqua","culpa ex","consectetur do esse dolor in","pariatur veniam est enim","anim ex ea","ea sint","officia ut irure"}', DEFAULT, DEFAULT), ('eb9d24ec-f15e-5e4f-870e-dd537efcd168', 'd35ecca3-ac35-5e28-8e7e-6a25de908d18', 1, 'private', 'Counter Pick Blueprint', '{"tempor nulla"}', DEFAULT, DEFAULT), ('688a2e3c-848e-5787-bd83-705a15229924', '70e095a9-713d-5fe2-a06a-8145febdb917', 3, 'unlisted', 'Counter Pick Blueprint', '{"et","irure","officia","ea dolore","do ea nisi adipisicing","commodo nostrud minim","dolor nisi non occaecat","qui irure mollit"}', DEFAULT, DEFAULT), ('a042a037-2e40-50ce-ae48-3f063c3067bb', '763ebb5f-add9-59ff-9a26-6b4030dae259', 8, 'unlisted', 'Roaming Support Plan', '{"esse enim laborum minim nisi"}', DEFAULT, DEFAULT), ('cb4eaa5a-1f18-571e-9566-4c1753ad9134', '21a7e579-98a3-5757-a0a8-913f2da95aba', 4, 'private', 'Vision Control Blueprint', '{"Lorem occaecat officia"}', DEFAULT, DEFAULT), ('2076216c-1b19-5f7f-b10d-db3cae2b4567', 'c7198a1e-f50c-5635-a5bf-2073d4da7bc6', 4, 'private', 'Defensive Turtle Tactics', '{"sunt eiusmod","fugiat officia consectetur cillu","consequat fugiat consectetur eu","amet eu laboris tempor","occaecat exercitation consequat ","labore sint incididunt sint labo","cillum nulla quis","veniam amet tempor amet"}', DEFAULT, DEFAULT), ('a0bd7980-cac4-5ded-adc5-004548282723', '262a78c7-eb9d-5e1a-8e58-41ecb0c31fbd', 2, 'unlisted', 'Vision Control Blueprint', '{"esse excepteur incididunt non","ipsum consequat aliqua occaecat "}', DEFAULT, DEFAULT), ('e94657cc-5d4a-53ce-8902-19b99712c3c6', '76a5e2d5-9a63-55f6-9eb8-8f0daf48e856', 2, 'unlisted', 'Vision Control Blueprint', '{"laborum veniam veniam labore","laboris ad","qui non consectetur dolor","fugiat nulla pariatur cillum ut","magna irure","magna pariatur cupidatat aute","minim minim","ullamco ex ex","ullamco esse"}', DEFAULT, DEFAULT), ('cdee6d23-791e-5a74-aba4-6e6c1b3863e7', '3c19e2d6-1e17-5580-adbc-319ee6c74e3c', 4, 'unlisted', 'Baron Control Strategy', '{"et anim Lorem exercitation","irure pariatur","sint et ut enim","dolore officia"}', DEFAULT, DEFAULT), ('d5a4641d-8cbb-5fd0-89e3-ac12979b690c', '5777772e-8d66-5c0f-ab03-fb0419760db6', 4, 'unlisted', 'Secure Objective Playbook', '{"culpa fugiat commodo sit","aliquip"}', DEFAULT, DEFAULT), ('ab58f5b2-4308-5685-a477-a4b54637b2a0', 'ba4d6fef-111f-5ce5-883e-2b3880f373bf', 1, 'unlisted', 'Roaming Support Plan', '{"eu voluptate incididunt","exercitation nulla","minim exercitation voluptate par","qui","dolore amet ullamco ad","minim deserunt","do minim aliqua","tempor officia eiusmod id"}', DEFAULT, DEFAULT), ('025da8e7-6d47-53be-9689-b0604284733b', '94daea14-9b93-5933-9044-5ccc1eb32f8f', 8, 'unlisted', 'Gank Heavy Approach', '{"sint est","eu ut adipisicing","adipisicing","duis occaecat adipisicing non es","qui","eiusmod ut id amet aliqua"}', DEFAULT, DEFAULT), ('cfc01e92-0e9c-5f58-b116-ac73af2ff344', '110efd29-2979-5c30-b41f-b3bf832f48cd', 9, 'private', 'Baron Control Strategy', '{"aliqua do velit","officia quis ad et"}', DEFAULT, DEFAULT), ('6c7a0737-5d09-56f1-9a60-9ca811b68d40', '7f78fee3-dd27-5696-858f-318bd4cbf2a8', 6, 'public', 'Late Game Scaling Strategy', '{"consectetur in laboris deserunt","deserunt eu cupidatat","aliqua ea","duis id mollit anim","dolore elit aliqua","nostrud velit et deserunt","quis aliquip tempor officia","consequat occaecat tempor","laboris anim Lorem","pariatur enim dolor"}', DEFAULT, DEFAULT), ('b74b781d-f3ca-5ce2-a262-c20f23455d05', 'ddb44318-7e83-5b4d-8ba4-3bbd19edd327', 1, 'private', 'Team Fight Execution Plan', '{"ullamco consectetur id","nostrud aliquip velit","commodo reprehenderit ea duis do"}', DEFAULT, DEFAULT), ('ae76c1cf-66c9-5bf7-8fc8-d1e1260ab8bd', 'ae956930-bebe-5aad-83f8-b8d0cae36371', 4, 'public', 'Jungle Control Playbook', '{"ex aliqua","voluptate nulla occaecat eu dolo","et aute in sit","aliqua labore exercitation","consectetur quis incididunt"}', DEFAULT, DEFAULT), ('3267d96d-4a33-5c13-9ef8-eb9652f76262', '3c19e2d6-1e17-5580-adbc-319ee6c74e3c', 5, 'public', 'Late Game Scaling Strategy', '{"nostrud","do ullamco","proident","reprehenderit aliqua reprehender"}', DEFAULT, DEFAULT), ('272ce823-3f81-5671-93a8-93655178aa67', 'fe24988b-bca5-5bf5-be0f-c92da7b2cbe1', 9, 'unlisted', 'Counter Pick Blueprint', '{"nulla amet","ipsum","voluptate adipisicing","eiusmod nostrud adipisicing","elit"}', DEFAULT, DEFAULT), ('0cd365ac-6479-5889-b532-b02ce5d93b9f', '98bf31df-37fd-5af6-86dd-8686cdc35eeb', 1, 'unlisted', 'Wave Management Plan', '{"et commodo ad","qui id"}', DEFAULT, DEFAULT), ('d1c31a1f-140d-5b01-95f7-3fc15003186c', '811570ef-0b81-508d-ba05-2f5e812d4131', 2, 'public', 'Baron Control Strategy', '{"velit","in sint","ut","deserunt pariatur","fugiat aliqua","ea cupidatat cillum incididunt","est culpa labore dolor","commodo","est qui"}', DEFAULT, DEFAULT), ('139e14ed-bbf1-5d48-a6cc-84c72c891164', '22052ce5-2628-54da-93cf-dce3c06b547a', 4, 'unlisted', 'Jungle Control Playbook', '{"nulla deserunt qui commodo est"}', DEFAULT, DEFAULT), ('586f1ac8-f524-5f8c-88e2-184c02d5ef6d', '3b3a2ed4-3283-5a09-84d9-c7de876d5510', 10, 'private', 'Aggressive Rush Strategy', '{"et cillum","ea duis dolor voluptate","adipisicing do","dolor proident non","id qui magna elit","cillum pariatur elit voluptate m","laboris nulla","officia","consectetur dolore eiusmod","veniam"}', DEFAULT, DEFAULT), ('62075432-2441-5ae8-a3d3-0c53f1490707', '404e076e-a943-52e4-a2ce-10591a9caa1f', 6, 'public', 'Vision Denial Blueprint', '{"est magna","ipsum nisi excepteur officia","ex anim commodo mollit","cupidatat nulla Lorem","cupidatat amet aliqua","in in ullamco ad qui","quis","dolor ea","non excepteur veniam eiusmod"}', DEFAULT, DEFAULT), ('7e2a3012-f429-5959-8e79-e27f888f9ce7', '24739a88-19c7-5534-a982-957c164117c4', 3, 'public', 'Baron Control Strategy', '{"laborum","reprehenderit voluptate reprehen","non id","excepteur nostrud"}', DEFAULT, DEFAULT), ('b8821e56-73f0-54d5-b485-728d64492250', '9f26eece-7e59-5b46-a98b-848dc55a0cda', 3, 'private', 'Gank Heavy Approach', '{"tempor do nulla ipsum","ad quis","tempor fugiat laboris nulla"}', DEFAULT, DEFAULT), ('41c6ea7f-18a9-55e6-b2ba-f0f4f40a17bf', '31bb49e9-e86d-546a-9e01-6986e5eacf06', 3, 'unlisted', 'Siege Tactics Handbook', '{"reprehenderit minim exercitation","nisi labore fugiat","amet eu duis aute","sint magna eu officia","eu anim duis do adipisicing","labore est veniam culpa anim","labore labore magna fugiat sint","exercitation","excepteur tempor velit reprehend"}', DEFAULT, DEFAULT), ('6071eb55-6bca-516b-b2e7-cdcdc70b2f27', 'd00c085d-72d6-5114-a5fd-ba818539c2f7', 4, 'private', 'Rotation Strategy Document', '{"ipsum eu","occaecat aliqua sunt cupidatat","sunt est anim","elit occaecat aliqua Lorem ex"}', DEFAULT, DEFAULT), ('d7cdb9d2-07a6-5208-bc43-84429587c78d', '24739a88-19c7-5534-a982-957c164117c4', 4, 'private', 'Gank Heavy Approach', '{"deserunt cupidatat"}', DEFAULT, DEFAULT), ('edba76b8-16c2-5d65-8407-7c8846b18c8d', '8babc841-00b0-585f-9ca3-85ef68fec1f7', 9, 'private', 'Defensive Turtle Tactics', '{"nostrud adipisicing tempor","consequat mollit nulla reprehend","minim","elit aliqua occaecat","in esse","sint magna sint deserunt","exercitation proident","laboris aliqua","duis","amet"}', DEFAULT, DEFAULT), ('4961b154-685f-5c2d-b1f1-598100239ea4', 'eff6dde6-e4aa-5c61-9818-5d7ae0bf58b7', 2, 'public', 'Early Game Dominance Guide', '{"ea ex sunt","nostrud tempor qui enim","ut labore","ullamco ex esse","aute laboris","anim ipsum irure eiusmod","sint nisi voluptate esse","minim mollit","culpa voluptate"}', DEFAULT, DEFAULT), ('81b648c1-576c-5086-ba4f-2125060d9cf0', '29b47b7e-4cec-5d5a-b93d-172770b57ed6', 6, 'unlisted', 'Siege Tactics Handbook', '{"velit quis ipsum","ad nostrud aliquip"}', DEFAULT, DEFAULT), ('edcc20e9-95a3-50eb-b84c-a2ac5801dd1f', '6451b879-16d7-5644-b6b9-87dd18b3facf', 7, 'private', 'Objective Focused Strategy', '{"velit ad","minim enim incididunt dolore nos","cillum","eu sunt sit labore","esse ea","eiusmod","Lorem tempor amet non","officia nisi qui","adipisicing mollit id tempor"}', DEFAULT, DEFAULT), ('0f7963e1-2931-5603-b1f8-5f29e095a36f', 'f5d8c620-973f-509a-b5b1-dc1e889a22a1', 8, 'private', 'Aggressive Rush Strategy', '{"non commodo non nostrud","eiusmod pariatur non","cupidatat in consequat enim","sint cupidatat","officia dolor","eu ad nostrud"}', DEFAULT, DEFAULT), ('d90cf80e-490d-5c8c-85cc-9c761060fca5', '94a106f5-e21c-5e45-83f2-58d10f738b53', 9, 'public', 'Defensive Turtle Tactics', '{"laborum","deserunt amet","in fugiat nisi","adipisicing amet do laborum","in laborum sunt dolor","esse nulla labore","nisi enim mollit","ut dolor","irure non"}', DEFAULT, DEFAULT), ('84a00f8f-8f65-512e-a89a-396ebb944774', '9a2c5b91-3c65-50ae-8188-68db1f1edfc4', 10, 'unlisted', 'Counter Pick Blueprint', '{"in laborum laborum et","irure quis tempor","nostrud eu exercitation velit mi"}', DEFAULT, DEFAULT), ('24530daa-18f4-5736-824e-740b98d86f84', 'fd8e258e-4711-5b22-b0f3-1f5725eb642f', 8, 'public', 'Objective Focused Strategy', '{"minim","consequat officia nulla qui ex"}', DEFAULT, DEFAULT), ('cef44dbb-01f1-53f9-a51f-bce20b8c9729', '40747f76-ad34-5508-ba43-ef538c943cc0', 5, 'private', 'Gank Heavy Approach', '{"aliqua aliqua consectetur","id tempor commodo id","anim cillum occaecat irure"}', DEFAULT, DEFAULT), ('2f432e43-c578-5d3f-a9f6-658650551fe1', '6a3486ce-c3fa-519b-8ad1-f329a5c3ee43', 7, 'public', 'Vision Denial Blueprint', '{"voluptate laborum laboris fugiat","nisi ex"}', DEFAULT, DEFAULT), ('9e0ad23d-bafe-536b-a992-47ea353cf3b5', 'e7ba2b18-a57c-5b02-9714-d376d9ea922f', 9, 'unlisted', 'Gank Heavy Approach', '{"dolore in consectetur","voluptate officia in enim","quis veniam do","sit non proident","proident et","magna est","eiusmod","do proident velit irure"}', DEFAULT, DEFAULT), ('ba4f3542-9d48-574a-8df6-823d78106037', 'af85f96c-efbd-584c-bdd4-26c4e2f3e556', 5, 'public', 'Defensive Turtle Tactics', '{"nisi elit nostrud culpa","incididunt consequat","in adipisicing","excepteur eiusmod non"}', DEFAULT, DEFAULT), ('d5920fa6-848e-5195-b671-9577ccf74a26', 'a69d43fa-2222-5203-b590-140e62599451', 7, 'public', 'Roaming Support Plan', '{"commodo irure qui"}', DEFAULT, DEFAULT), ('60e1ec45-4b3f-5cd2-b9e9-a6fd50c32391', 'd35ecca3-ac35-5e28-8e7e-6a25de908d18', 10, 'public', 'Vision Denial Blueprint', '{"excepteur amet Lorem","quis sit tempor eu est"}', DEFAULT, DEFAULT), ('4152396c-eaf9-5aeb-9b7d-6c26ad4d722c', '5783cab4-e010-523b-b893-81b388f43d06', 8, 'unlisted', 'Defensive Turtle Tactics', '{"enim pariatur in","magna nisi"}', DEFAULT, DEFAULT), ('82c66b9e-374b-5deb-960b-0b761f066806', 'ad276812-3b86-5425-b36a-d822f2860912', 6, 'public', 'Late Game Scaling Strategy', '{"aliquip","et","aute magna et eu","velit","amet dolore aliqua cupidatat","sint est ad excepteur qui","aliquip excepteur nostrud commod","officia","sunt velit"}', DEFAULT, DEFAULT), ('cb1a8444-be9e-581c-8a1e-9f0d5870d484', 'a6586816-3687-592a-bbeb-b4d089115511', 1, 'public', 'Wave Management Plan', '{"occaecat veniam deserunt eu","aute laboris","commodo voluptate reprehenderit","cupidatat labore","sunt magna"}', DEFAULT, DEFAULT), ('b4086fbf-8b55-5b20-af96-270e53efd260', '09204188-e618-5728-88fc-034120742c41', 7, 'unlisted', 'Siege Tactics Handbook', '{"tempor dolor Lorem"}', DEFAULT, DEFAULT), ('7dc2a385-02fd-5e9e-8ca3-480d310ce988', '94daea14-9b93-5933-9044-5ccc1eb32f8f', 2, 'unlisted', 'Late Game Scaling Strategy', '{"nisi proident sint ullamco labor","amet nulla consectetur pariatur","ullamco irure do ex"}', DEFAULT, DEFAULT), ('bd010a0a-cb39-59ee-8218-e7f775ac9a01', 'd6d652bf-48a5-5a85-a95d-16c25edc5397', 8, 'private', 'Counter Pick Blueprint', '{"excepteur ullamco deserunt"}', DEFAULT, DEFAULT), ('eb100a5e-fbbc-5189-b323-e08ca1ddf4b2', '88514f78-7770-5bc2-96a4-f0f4ebcab4a4', 7, 'public', 'Map Control Blueprint', '{"laborum sint minim mollit sit","veniam","fugiat","aute nulla Lorem voluptate","ullamco exercitation irure labor","eiusmod eiusmod excepteur","culpa irure voluptate","ut","eu commodo dolore"}', DEFAULT, DEFAULT), ('e43c6b3b-10fe-54f2-a09c-2f23976dbe42', '0a9347d2-3396-5e6a-98f1-b406ca195226', 3, 'public', 'Counter Pick Blueprint', '{"minim est consectetur","irure eu","elit veniam","occaecat enim magna ipsum","enim","Lorem nulla","deserunt exercitation exercitati","commodo ad Lorem quis excepteur","voluptate commodo"}', DEFAULT, DEFAULT), ('145f2d17-d2b0-59ee-98c0-d8b6d6c741cd', '98bf31df-37fd-5af6-86dd-8686cdc35eeb', 5, 'unlisted', 'Wave Management Plan', '{"laboris exercitation","proident anim","adipisicing"}', DEFAULT, DEFAULT), ('27b7fc92-c399-5aec-bc43-ea4a7d41c984', 'ee198d66-a798-52a5-8b79-9931f7b835e3', 7, 'unlisted', 'Gank Heavy Approach', '{"ut","do culpa in","ut elit reprehenderit cillum com","ut proident elit","adipisicing consectetur consecte","in est","laborum magna","aliqua reprehenderit magna"}', DEFAULT, DEFAULT), ('16e13bc2-bae9-5a1b-a23b-7f2503b73a03', 'a8766652-5cf4-5e66-ba6d-9eb457dff942', 5, 'private', 'Baron Control Strategy', '{"nulla cillum deserunt consequat","cupidatat cupidatat laborum esse","nisi qui"}', DEFAULT, DEFAULT), ('fb9a721d-7da1-577d-a721-ae00139d250b', '8bf74689-dfcf-5429-b342-2718dce8a8eb', 9, 'unlisted', 'Aggressive Rush Strategy', '{"ipsum","consectetur minim laboris","incididunt in labore labore","quis elit magna consequat"}', DEFAULT, DEFAULT), ('8514b549-2321-5223-bcae-362fbfc61c61', '8bf74689-dfcf-5429-b342-2718dce8a8eb', 1, 'private', 'Split Push Blueprint', '{"pariatur deserunt do cupidatat","commodo id","dolore id ut","adipisicing occaecat magna nulla","enim"}', DEFAULT, DEFAULT), ('8d222d98-29f0-5123-b99d-cc9f19493b20', 'c801d235-e02a-5267-8201-eecb86948b65', 8, 'public', 'Aggressive Rush Strategy', '{"excepteur","commodo reprehenderit cillum des"}', DEFAULT, DEFAULT), ('5ba895cd-4107-5c9d-a9cb-bd2d24899776', 'ccd28d41-9086-5b64-b351-585431787bb7', 7, 'private', 'Vision Denial Blueprint', '{"aliqua","cupidatat aliquip eu culpa","excepteur tempor dolore","aute amet","labore culpa velit incididunt"}', DEFAULT, DEFAULT), ('73b23aba-b5e2-5b24-b442-00922b22f275', '65d8ad86-6271-552b-8704-fabcdcf18cdb', 4, 'private', 'Jungle Control Playbook', '{"magna officia","fugiat consectetur","deserunt dolor sint","deserunt","excepteur laborum"}', DEFAULT, DEFAULT), ('0e1a0168-a26a-5feb-9c91-7bd40d62afcc', 'db9f2a26-569b-5431-9216-bcd2cf256bbd', 7, 'private', 'Map Control Blueprint', '{"aliqua eiusmod duis nulla","laboris","dolor ad aute","enim commodo ut"}', DEFAULT, DEFAULT), ('9348bed0-a52a-59cd-98df-ed8ab48ba4f7', 'fb634118-b8a6-50b7-9010-0317dd27fba6', 6, 'private', 'Defensive Turtle Tactics', '{"cupidatat elit incididunt pariat","veniam Lorem"}', DEFAULT, DEFAULT), ('1507f034-16ba-5219-b927-72f72394b9da', '59fbbc7c-edc9-5d3c-9170-cf6acabbcd28', 10, 'unlisted', 'Wave Management Plan', '{"ipsum","in aliquip consectetur incididun","aute reprehenderit","in amet enim cupidatat cillum"}', DEFAULT, DEFAULT), ('3d6517ba-6968-54c9-9934-5dca00f20f48', '1bf9a820-bb8f-59cd-8902-84a62a1aa29f', 8, 'private', 'Defensive Turtle Tactics', '{"aliquip","nisi","reprehenderit aute minim Lorem","dolor proident adipisicing","reprehenderit pariatur velit com","et commodo","fugiat aute aute ea nulla"}', DEFAULT, DEFAULT), ('253eb1a7-6466-5751-bb80-ba728a9d5688', '94daea14-9b93-5933-9044-5ccc1eb32f8f', 10, 'public', 'Split Push Blueprint', '{"quis adipisicing quis"}', DEFAULT, DEFAULT), ('84afba7a-f643-5519-b420-54d83f591e9d', 'b88b1af1-79fe-5af5-9c91-0c77ed20973b', 5, 'unlisted', 'Roaming Support Plan', '{"ea magna","labore aute eu","id est mollit laborum excepteur","nisi","nulla ipsum commodo veniam","dolore ullamco excepteur","elit adipisicing amet","cillum sit ea irure","consequat sunt adipisicing eiusm"}', DEFAULT, DEFAULT), ('59b35be9-9d21-5b79-8875-4954a08d7239', '22052ce5-2628-54da-93cf-dce3c06b547a', 5, 'public', 'Late Game Scaling Strategy', '{"velit reprehenderit nulla except","aliqua occaecat cupidatat","aute magna est","sit id","incididunt ex"}', DEFAULT, DEFAULT), ('b3ff9604-63d2-533f-8bbb-d5f0486381ad', 'e5b4727f-be5e-52c0-83cb-cb7ba230945f', 5, 'unlisted', 'Rotation Strategy Document', '{}', DEFAULT, DEFAULT), ('bcc899da-7629-5e0e-b560-5f5f6e7060e1', '9a52e2af-cb63-5ab2-95a7-ae32f01d6a1c', 9, 'private', 'Counter Pick Blueprint', '{"labore adipisicing","non consequat","sint tempor","nostrud labore excepteur proiden","irure"}', DEFAULT, DEFAULT), ('96dbca51-d731-5e2c-a3d4-62e8f0faa072', 'db9f2a26-569b-5431-9216-bcd2cf256bbd', 5, 'unlisted', 'Map Control Blueprint', '{"excepteur ex ullamco exercitatio","incididunt amet in pariatur occa","Lorem","dolore officia officia sint labo","nostrud dolor sint ea consectetu"}', DEFAULT, DEFAULT), ('fc633e1f-14b8-590b-a0ba-c22147aaeeb4', '763ebb5f-add9-59ff-9a26-6b4030dae259', 6, 'private', 'Secure Objective Playbook', '{"deserunt fugiat occaecat","irure voluptate","dolore commodo consequat aliqua","sit","Lorem Lorem cupidatat pariatur e","consequat id consectetur veniam "}', DEFAULT, DEFAULT), ('49af1081-9f3e-5569-af2e-1029eb808baf', 'a69d43fa-2222-5203-b590-140e62599451', 4, 'public', 'Late Game Scaling Strategy', '{"quis tempor"}', DEFAULT, DEFAULT), ('28c7fcd5-dc0b-528f-92f0-3e19e7b94b50', '2764351d-73bf-5124-a613-660cd57f91dd', 9, 'public', 'Gank Heavy Approach', '{"sit mollit ex","laborum","laborum nulla excepteur","incididunt nostrud aliqua conseq","Lorem"}', DEFAULT, DEFAULT), ('38780d0a-620c-5420-b84b-aa917e5db8c1', '79efb743-bb54-546e-8bdf-089509399715', 1, 'unlisted', 'Aggressive Rush Strategy', '{"culpa cupidatat","do consectetur irure","velit cillum minim eiusmod nulla","est aute dolor est labore","minim cupidatat voluptate"}', DEFAULT, DEFAULT), ('535c1e86-4fb0-59ea-8076-b54244994b61', '63e38d08-3dd9-5569-ab28-f70e94b3cdb7', 6, 'unlisted', 'Split Push Blueprint', '{"aliquip fugiat sit laborum","proident labore anim cupidatat","deserunt ut adipisicing enim","magna reprehenderit do","labore","est ex"}', DEFAULT, DEFAULT), ('5e181f1c-b93c-59a3-a161-c4d4e29f775e', 'e334db45-3389-5a47-b7c9-4ff8121637b5', 4, 'unlisted', 'Secure Objective Playbook', '{"nisi dolore proident","irure minim culpa"}', DEFAULT, DEFAULT), ('0cd34502-daee-52d8-b8a4-7aa032065e8a', 'bbecd693-8054-5eee-8ada-8e2d5a3c5090', 2, 'public', 'Objective Focused Strategy', '{"excepteur proident","Lorem et ut laboris","exercitation","nulla exercitation excepteur par","do elit nulla","ex dolor labore","laborum duis","mollit magna ea voluptate","sunt fugiat excepteur ipsum veni"}', DEFAULT, DEFAULT), ('6c9b6808-e737-5f8f-b196-93c0598b34b9', '405dd580-b1c8-5c0e-9df0-d82b7f57175d', 7, 'public', 'Roaming Support Plan', '{}', DEFAULT, DEFAULT), ('f498173a-b4a1-5b37-ad0b-67596b4fe0ac', 'd073b0b8-955f-5aab-9c76-3aebe9fa08b6', 8, 'unlisted', 'Siege Tactics Handbook', '{}', DEFAULT, DEFAULT), ('b0d542cd-fe80-5cad-9bd6-a81d0ed1c2f4', '1e0af0c0-30ba-5a06-9647-a83cef3d815d', 8, 'unlisted', 'Vision Control Blueprint', '{"et elit"}', DEFAULT, DEFAULT), ('cd506b7e-0f7c-526c-b650-bb799376c313', 'd297ab9e-40d4-51b5-bb8f-a1df399f1a9a', 2, 'unlisted', 'Gank Heavy Approach', '{"dolor","pariatur ea magna deserunt","cillum","reprehenderit minim ea","id irure excepteur ex","aute nisi","tempor in","reprehenderit reprehenderit enim","deserunt do amet","commodo fugiat nulla ullamco"}', DEFAULT, DEFAULT), ('d625f518-4ec3-51e2-95c0-6cf965668d68', 'b32027db-33da-5dc2-b906-e0c2a06ac683', 8, 'public', 'Wave Management Plan', '{"duis sint","aliqua pariatur","nulla"}', DEFAULT, DEFAULT), ('66b76653-1cc5-50ef-a109-c059c945f253', 'b32027db-33da-5dc2-b906-e0c2a06ac683', 9, 'private', 'Team Fight Execution Plan', '{"minim ea commodo","minim","culpa","eiusmod anim laborum in"}', DEFAULT, DEFAULT), ('a6dbcc80-e965-5682-9448-6a65a83787b3', '65d8ad86-6271-552b-8704-fabcdcf18cdb', 1, 'public', 'Roaming Support Plan', '{}', DEFAULT, DEFAULT), ('c4d9fc37-aa2c-5cf4-8cef-779723958882', 'db9f2a26-569b-5431-9216-bcd2cf256bbd', 9, 'unlisted', 'Vision Control Blueprint', '{"ad eiusmod culpa enim officia","anim tempor ad fugiat qui"}', DEFAULT, DEFAULT), ('cbdcc83c-77a1-5d75-ace8-183321930672', 'e9decb87-4a50-5c41-896c-16fe0d21ebca', 3, 'private', 'Map Control Blueprint', '{"veniam tempor","ad eiusmod"}', DEFAULT, DEFAULT), ('46b593cf-05b9-5316-ba74-ef4cf062dcc9', '495390bc-68e6-52a4-b1ba-2f994586821a', 5, 'unlisted', 'Vision Control Blueprint', '{"officia"}', DEFAULT, DEFAULT), ('1770dbe6-c529-520b-a36c-454b023ccb2c', '3c6d504a-3b43-5117-a71b-e844b07b3920', 6, 'public', 'Roaming Support Plan', '{"minim","ullamco","et sunt dolor cupidatat quis","amet","quis tempor","cupidatat ad","anim irure excepteur","deserunt"}', DEFAULT, DEFAULT), ('65973815-006c-531b-b69f-bd5d086f7786', '811570ef-0b81-508d-ba05-2f5e812d4131', 8, 'unlisted', 'Wave Management Plan', '{"in esse et labore","et anim deserunt","irure","et pariatur amet laboris pariatu"}', DEFAULT, DEFAULT), ('0cd413aa-1a82-5832-9edb-17fd5c059a41', '2190cc4c-2cc5-5f9f-983d-55f70f31e468', 10, 'private', 'Vision Denial Blueprint', '{"nostrud amet exercitation amet","consequat labore irure ipsum","tempor nulla cillum anim","laborum elit proident","ipsum do ullamco","quis aliquip dolor deserunt elit","aliqua nisi in"}', DEFAULT, DEFAULT), ('5153bc7b-cd04-5c5e-83e9-7b7a5a1390e6', '2da4149c-bf3e-5f98-b904-591c69530871', 4, 'public', 'Roaming Support Plan', '{"quis duis velit est","incididunt eiusmod","cillum ipsum fugiat elit","velit exercitation occaecat","et ipsum","veniam irure veniam aute","exercitation cillum velit","quis nulla ea aliquip excepteur","dolore nostrud"}', DEFAULT, DEFAULT), ('bd276dfa-2ddb-52c7-9feb-6d2cc281335e', 'b5f933d0-c28e-517c-9fca-d9e38dc742a2', 2, 'private', 'Map Control Blueprint', '{"amet nulla consequat","proident occaecat amet velit","aute","excepteur culpa sunt sint"}', DEFAULT, DEFAULT), ('12cafb5f-6adc-5f24-a738-9455dde3eb2a', 'f3376d8d-17f3-5259-a5b0-af6d5e21e7e2', 2, 'public', 'Wave Management Plan', '{"proident aliquip enim excepteur","aliquip ad","culpa officia reprehenderit","sint fugiat elit","ullamco nostrud veniam","elit","cupidatat sint anim id ex","occaecat est dolore","sunt amet"}', DEFAULT, DEFAULT), ('e017f166-fa51-5fb5-af86-6fc41cad9674', 'c34db444-6019-5242-8b27-a0e6d1f129be', 2, 'private', 'Secure Objective Playbook', '{"veniam sunt","enim aliquip consectetur consequ","cupidatat velit officia adipisic","occaecat est velit","aute","sunt eiusmod mollit"}', DEFAULT, DEFAULT), ('544f27bb-a8e9-5b6b-8ec7-f1cfe91406e2', '2764351d-73bf-5124-a613-660cd57f91dd', 5, 'public', 'Wave Management Plan', '{"sint elit"}', DEFAULT, DEFAULT), ('a704d0a7-ee9e-5aa5-bba9-aff3556d41a2', '960932a7-c474-5ba2-97bb-0581aeeca485', 5, 'private', 'Wave Management Plan', '{"est qui minim id","sit Lorem magna nisi","ut incididunt","id ea et dolore","aute qui"}', DEFAULT, DEFAULT), ('a758f3b0-169f-56a9-80db-acb9f3972464', '0e342915-b360-541f-8c0a-bdf36b3c0ce2', 2, 'public', 'Defensive Turtle Tactics', '{"qui enim id pariatur","laborum cillum veniam anim Lorem"}', DEFAULT, DEFAULT), ('1ebb07c2-9cc9-56df-b9e3-71837bafdca1', 'fe24988b-bca5-5bf5-be0f-c92da7b2cbe1', 5, 'unlisted', 'Early Game Dominance Guide', '{"dolore duis"}', DEFAULT, DEFAULT), ('217c4ba5-3ca5-503f-8fcd-2cf91341f163', '7f78fee3-dd27-5696-858f-318bd4cbf2a8', 9, 'public', 'Vision Control Blueprint', '{"fugiat dolore minim","occaecat labore","quis qui pariatur","officia eiusmod et commodo magna"}', DEFAULT, DEFAULT), ('63c64b00-d130-5928-b403-258ebdb17248', '3a804324-748d-571a-afad-6b9c20a35337', 9, 'private', 'Early Game Dominance Guide', '{"amet aute sunt dolore","nisi ad elit fugiat culpa"}', DEFAULT, DEFAULT), ('0deb1a0e-8f26-576f-af23-e26ef824ea0b', '495390bc-68e6-52a4-b1ba-2f994586821a', 10, 'unlisted', 'Split Push Blueprint', '{"aute nisi aliqua ut","reprehenderit velit","elit non esse","velit","do esse incididunt amet labore","exercitation","et culpa cupidatat nulla"}', DEFAULT, DEFAULT), ('924718ca-0525-5af0-b71a-2560f2cc09a0', '36ab6720-a24b-578b-8d3f-3d9bb0485851', 8, 'public', 'Map Control Blueprint', '{"mollit","magna duis dolor do"}', DEFAULT, DEFAULT), ('877842c0-f0dc-575b-a7ad-30915aaaeebe', '36ab6720-a24b-578b-8d3f-3d9bb0485851', 2, 'private', 'Secure Objective Playbook', '{"eiusmod id et duis","non commodo officia"}', DEFAULT, DEFAULT), ('ebce0b2a-b558-5f18-bddc-2af385fe3118', 'fe24988b-bca5-5bf5-be0f-c92da7b2cbe1', 5, 'unlisted', 'Baron Control Strategy', '{"non enim","laboris quis aliqua","amet dolore minim","voluptate eu aliquip","proident et quis fugiat","eu ut reprehenderit ullamco","pariatur in","enim est aute"}', DEFAULT, DEFAULT), ('67f00577-22b1-541a-b8eb-43f4241ec322', '9584676f-0635-591a-a937-d230d9a3abf3', 2, 'private', 'Objective Focused Strategy', '{"non in cillum deserunt irure","reprehenderit sit commodo","consectetur incididunt eu cillum","nisi ex","incididunt reprehenderit sunt au","consectetur qui aliqua"}', DEFAULT, DEFAULT), ('5c1d9b7d-9f54-545c-ae19-f60dd5ff1d25', 'cd80d13e-478f-5058-8dfd-e20a76013cb5', 3, 'unlisted', 'Aggressive Rush Strategy', '{"cupidatat ex exercitation labore"}', DEFAULT, DEFAULT), ('339c2395-3fcf-5f3b-90ec-90611b01fa37', 'b5f933d0-c28e-517c-9fca-d9e38dc742a2', 5, 'public', 'Early Game Dominance Guide', '{"cillum magna et officia"}', DEFAULT, DEFAULT), ('3e26da35-99ab-5fee-95a6-ca3120af490b', '02a341a2-35a0-5fbc-a1f4-aa8b42aa4b51', 9, 'unlisted', 'Vision Control Blueprint', '{"ea esse eiusmod reprehenderit am"}', DEFAULT, DEFAULT), ('540a4921-798c-58f1-8dda-fbb9b912bb43', 'd2f08d89-447f-5d3d-96e5-385ed888c091', 10, 'unlisted', 'Vision Denial Blueprint', '{"id aliquip consectetur","pariatur reprehenderit ut sunt","occaecat","in anim","et velit","ipsum tempor proident do","eiusmod tempor do ad"}', DEFAULT, DEFAULT), ('81b847bf-bc05-538e-bdc5-721f48634b78', '76a5e2d5-9a63-55f6-9eb8-8f0daf48e856', 2, 'unlisted', 'Gank Heavy Approach', '{"voluptate Lorem cupidatat nostru","amet ea"}', DEFAULT, DEFAULT), ('2c9d2493-4412-5eae-aa39-69858c4bfd99', '0a9347d2-3396-5e6a-98f1-b406ca195226', 8, 'private', 'Gank Heavy Approach', '{"irure sunt est","mollit","ea anim sit labore","nulla Lorem","elit cupidatat nulla sunt","labore quis id","excepteur aute voluptate proiden","consequat consequat nisi laboris","eu"}', DEFAULT, DEFAULT), ('51ef9256-0eab-579a-868b-52c27ddf10e9', '2386fe50-4da3-5ca3-b993-046dc48afb23', 4, 'unlisted', 'Early Game Dominance Guide', '{"deserunt est","consequat incididunt do officia","voluptate dolore","deserunt laboris fugiat","consectetur qui quis","minim reprehenderit commodo qui ","elit aute qui amet adipisicing","velit sunt eu officia"}', DEFAULT, DEFAULT), ('d6ceb82b-4af2-5d8a-96c1-8d6a9db93a31', 'a88bc9b9-135e-55c7-8c4c-5a072a3c8573', 2, 'public', 'Aggressive Rush Strategy', '{"in magna ipsum","pariatur"}', DEFAULT, DEFAULT), ('01ae0a36-6172-5c0a-baff-6c1805e0976a', 'df0b9534-eb70-596b-965a-89561ef803da', 9, 'public', 'Wave Management Plan', '{}', DEFAULT, DEFAULT), ('df70af8b-9578-5bd7-9fd6-02ad92eaedca', 'ee198d66-a798-52a5-8b79-9931f7b835e3', 9, 'unlisted', 'Gank Heavy Approach', '{"non excepteur sit velit labore","eu"}', DEFAULT, DEFAULT), ('82fca927-01aa-5c29-8d7a-7a868f9ba6ea', '91434b27-2651-5429-8f42-45c3f8e334a0', 5, 'public', 'Rotation Strategy Document', '{"sit duis","Lorem est sint aliqua","Lorem anim fugiat dolor","cupidatat fugiat sit pariatur"}', DEFAULT, DEFAULT), ('4e5550d4-d39a-56c3-8f19-971fdeeb787e', '92bf5244-388d-5bbf-bd84-1c7ad2efe31b', 4, 'unlisted', 'Vision Denial Blueprint', '{"eiusmod sint","nostrud incididunt enim non anim","tempor Lorem voluptate pariatur","non minim tempor","laboris magna"}', DEFAULT, DEFAULT), ('83ec5ac5-8c23-5e38-8151-36af62098fff', '8b474939-245b-5ed9-b06a-21432e2b9115', 1, 'private', 'Siege Tactics Handbook', '{"cillum cillum","id adipisicing","proident mollit sunt laboris com","duis voluptate elit magna eiusmo","eu pariatur","laboris ea","laboris fugiat elit","ex sint cillum","adipisicing duis sit consequat"}', DEFAULT, DEFAULT), ('d1996167-52fb-5e4a-b849-75efada773e6', '495390bc-68e6-52a4-b1ba-2f994586821a', 3, 'unlisted', 'Defensive Turtle Tactics', '{"in","proident qui","sint deserunt","elit labore cillum excepteur","velit","ex laboris elit qui","dolor sunt dolor officia","ipsum do voluptate incididunt ex"}', DEFAULT, DEFAULT), ('1818e464-6a87-5266-8677-c069741c3ab2', '844afdcc-93cf-55c8-b0f1-1cc22329a30b', 7, 'unlisted', 'Vision Control Blueprint', '{"culpa eiusmod","quis incididunt aliquip","ea velit ex pariatur","mollit proident consectetur occa","pariatur officia dolore","voluptate id voluptate mollit","nostrud qui excepteur duis","in consequat mollit","sint nisi","quis tempor enim"}', DEFAULT, DEFAULT), ('13ebb239-29e1-53ff-93b0-d55e3db05a11', 'cd1520c4-af17-5e1e-b5b0-a9e95f36a7c4', 1, 'unlisted', 'Baron Control Strategy', '{"ut Lorem","fugiat proident proident"}', DEFAULT, DEFAULT), ('a0a63713-f2dd-56aa-98a3-f6a26bcae5b9', '9584676f-0635-591a-a937-d230d9a3abf3', 10, 'unlisted', 'Jungle Control Playbook', '{"tempor","et sit in exercitation","consequat et commodo","eiusmod velit exercitation conse","incididunt dolore dolor","enim","commodo"}', DEFAULT, DEFAULT), ('4029bbad-86a6-5e60-a150-da0664c62b92', '94170f3d-888c-58bc-bc18-13592bfb52c5', 2, 'private', 'Team Fight Execution Plan', '{"irure tempor","anim mollit sit reprehenderit id","cupidatat aute","nostrud magna","est","Lorem ut occaecat ea","amet ad qui","aliquip cupidatat nulla"}', DEFAULT, DEFAULT), ('6636a6a8-3a2d-5862-bb24-3e77bffdb640', 'b134c4e5-3e41-53b3-bf3f-7f4cf023e9d7', 8, 'private', 'Wave Management Plan', '{"amet amet ex labore commodo","minim duis"}', DEFAULT, DEFAULT), ('4ba85443-f89e-5d68-8d4a-da572969b0dd', 'fb634118-b8a6-50b7-9010-0317dd27fba6', 9, 'public', 'Split Push Blueprint', '{"laborum sint duis","eiusmod duis dolore dolor","magna commodo","velit sunt"}', DEFAULT, DEFAULT), ('55fbf0ae-1fd2-57d5-9884-2ceca8eef8f3', 'd1b8f3f8-af26-5088-8712-273c28ba98f7', 3, 'unlisted', 'Team Fight Execution Plan', '{"laboris occaecat","anim ea adipisicing","nisi sint","ut esse ipsum nulla","aute duis","ipsum id id","pariatur ea","officia Lorem eu","magna commodo tempor labore"}', DEFAULT, DEFAULT), ('c91a5204-a47c-5f58-8042-f917f2facb4b', 'a6f51480-ebce-53e5-aaa6-82ae5d7deefa', 9, 'public', 'Late Game Scaling Strategy', '{"mollit aliqua est magna eiusmod","deserunt labore non Lorem","nisi est cillum","nisi consectetur","non sint"}', DEFAULT, DEFAULT), ('fdca53a8-e101-5585-90b8-82f7d3c1fc24', 'e5b4727f-be5e-52c0-83cb-cb7ba230945f', 9, 'public', 'Jungle Control Playbook', '{"et ea","adipisicing laborum amet officia","eiusmod sunt fugiat","enim","consectetur ea ad","quis nulla labore ipsum","pariatur est","consequat nulla tempor","deserunt"}', DEFAULT, DEFAULT), ('a76c18ad-af72-57b7-b165-f7757943d51e', '09617df2-6261-5b47-bc30-85d317367d48', 9, 'unlisted', 'Jungle Control Playbook', '{"dolor ea fugiat adipisicing","nisi adipisicing excepteur adipi","mollit nulla","nostrud tempor","aute cupidatat aliquip non","Lorem et incididunt exercitation","quis","laborum adipisicing ut nulla"}', DEFAULT, DEFAULT), ('bf7ffe87-c4e2-5aa1-86f7-2fdfa8315ff6', 'b88b1af1-79fe-5af5-9c91-0c77ed20973b', 4, 'unlisted', 'Gank Heavy Approach', '{"amet consequat aliquip","aute mollit ullamco Lorem","velit in sint labore","minim","ea veniam labore","ex","non Lorem eu","anim Lorem","cupidatat ullamco exercitation s"}', DEFAULT, DEFAULT), ('764f06ba-b246-5c62-8e43-89fe991c749d', '5783cab4-e010-523b-b893-81b388f43d06', 5, 'public', 'Secure Objective Playbook', '{"ea est quis","aute sunt officia occaecat","cillum laboris non","consequat exercitation cupidatat","minim nisi","in sit sunt ex pariatur"}', DEFAULT, DEFAULT), ('229d48f9-9e17-5f91-bd2c-3f3cdbae28c1', '8068bdaa-feec-5131-873b-0c940ef3679e', 8, 'public', 'Counter Pick Blueprint', '{"consequat et nisi","est commodo dolore anim","sit ea ex","nostrud occaecat dolore anim","ut aliquip dolore nisi minim","occaecat tempor nostrud","quis id ex","esse"}', DEFAULT, DEFAULT), ('505fdba9-c563-5897-bd99-f3fd7e6efb10', 'db9f2a26-569b-5431-9216-bcd2cf256bbd', 3, 'private', 'Map Control Blueprint', '{}', DEFAULT, DEFAULT), ('ad47e58b-6404-5eb4-b01c-1ab02b3af226', '2589cf16-4103-5a4f-b544-b30078083eaa', 9, 'private', 'Gank Heavy Approach', '{"commodo est in culpa","officia amet","minim voluptate dolore exercitat","duis amet cupidatat","nisi sunt et"}', DEFAULT, DEFAULT), ('4ae4f149-a1da-5a76-913f-5ea02c87f4e0', 'a78f49ae-5f15-5b14-baf5-6abdb727fcc1', 3, 'unlisted', 'Counter Pick Blueprint', '{"culpa dolor eu","eu voluptate","excepteur in proident","culpa aliqua ipsum"}', DEFAULT, DEFAULT), ('a85217e5-f8d6-5dd0-996b-8464fa1021ff', 'bbecd693-8054-5eee-8ada-8e2d5a3c5090', 9, 'public', 'Counter Pick Blueprint', '{"laborum mollit enim exercitation","do consequat labore cillum","occaecat occaecat dolor","Lorem voluptate occaecat aliqua"}', DEFAULT, DEFAULT), ('b21411a7-0afc-5cf3-81fc-471ab95f5d8d', '8babc841-00b0-585f-9ca3-85ef68fec1f7', 8, 'unlisted', 'Vision Denial Blueprint', '{"qui sint aliquip exercitation","anim velit","cupidatat amet mollit","proident voluptate"}', DEFAULT, DEFAULT), ('d37fd98f-746a-582e-a0fc-de28d96e48c5', 'f7f33f5b-7e02-5784-9db2-ed2995544a54', 1, 'public', 'Siege Tactics Handbook', '{"officia amet sit eu","nostrud officia","do commodo","dolore quis labore sunt","velit"}', DEFAULT, DEFAULT), ('2dc53ff7-923f-50df-a732-82b60afbba2f', 'a5e6c58e-54df-5943-b1b7-463c2ae0fb74', 8, 'unlisted', 'Roaming Support Plan', '{"ea","aliqua magna"}', DEFAULT, DEFAULT), ('f9690101-a16f-5108-b391-78c9dba8aeee', '80e684c5-9f07-5388-b150-556bc24cb77f', 6, 'unlisted', 'Late Game Scaling Strategy', '{"aute proident irure","ullamco nisi sunt occaecat"}', DEFAULT, DEFAULT), ('7441a375-e1c1-5111-b299-b73d6da10ca2', '09204188-e618-5728-88fc-034120742c41', 2, 'unlisted', 'Vision Denial Blueprint', '{"veniam cupidatat velit","tempor fugiat aliquip","exercitation ut tempor ad"}', DEFAULT, DEFAULT), ('ca1d2bcf-5a98-5759-81b6-75e3ed47122a', '63e38d08-3dd9-5569-ab28-f70e94b3cdb7', 2, 'private', 'Objective Focused Strategy', '{"irure commodo mollit","eiusmod ad aliquip est","reprehenderit","ut id","sint amet","anim cupidatat aliquip","irure eiusmod pariatur","aliquip culpa"}', DEFAULT, DEFAULT), ('77b1dab4-a856-5c18-bb24-053f8869bc5b', 'eb3e804d-5ed0-59a1-900b-3b0f9b2cb577', 4, 'private', 'Rotation Strategy Document', '{"proident aute","ex laboris Lorem ut","velit in","reprehenderit officia minim","pariatur do do ut dolore"}', DEFAULT, DEFAULT), ('08b3c695-d6fb-54e4-9ef2-bf508a57adc1', 'd9d9ad5e-1233-511b-bc7d-1f7d6c3d7a35', 6, 'public', 'Aggressive Rush Strategy', '{"exercitation magna","quis dolor consequat","laboris","deserunt aliqua in","id aliquip"}', DEFAULT, DEFAULT), ('7dc16d02-274a-5e7f-bc31-6af29982313f', '9f26eece-7e59-5b46-a98b-848dc55a0cda', 7, 'private', 'Late Game Scaling Strategy', '{"deserunt amet ut ipsum","anim","tempor ex cillum"}', DEFAULT, DEFAULT), ('acad405c-f8e9-559b-bd11-e0ffc3bebca6', '3c19e2d6-1e17-5580-adbc-319ee6c74e3c', 1, 'unlisted', 'Siege Tactics Handbook', '{"aliquip qui mollit eiusmod enim","nisi ea mollit cillum","esse enim duis commodo","nulla nulla non labore"}', DEFAULT, DEFAULT), ('16d95573-87cd-5d45-be45-e8a020ba40ac', '203ac13e-e5b1-548e-a7da-5d8cff932053', 1, 'private', 'Counter Pick Blueprint', '{"deserunt consectetur irure","minim ut enim","aute pariatur consectetur","dolore irure aute","aliqua eiusmod","id nulla laboris","qui mollit tempor officia"}', DEFAULT, DEFAULT), ('5a993b43-eca0-563f-b6c9-fdd440759e85', '2daf5548-f681-577a-9912-670e1304b2ad', 5, 'unlisted', 'Team Fight Execution Plan', '{"laboris amet","velit laborum amet tempor","non ea","occaecat do reprehenderit enim","do irure cillum fugiat consequat"}', DEFAULT, DEFAULT), ('f7bfc2c8-d52a-5806-97fd-77bd67d93b23', 'ccd28d41-9086-5b64-b351-585431787bb7', 3, 'unlisted', 'Counter Pick Blueprint', '{"ullamco labore eu","labore excepteur dolore cupidata"}', DEFAULT, DEFAULT), ('748d5a8c-f2bf-5974-9c72-24f98b85813b', '91434b27-2651-5429-8f42-45c3f8e334a0', 2, 'private', 'Defensive Turtle Tactics', '{"magna eiusmod dolore magna deser"}', DEFAULT, DEFAULT), ('808d9117-ba04-5cb0-8827-639e2642b0ee', '349111f0-5b40-5b21-aeff-8af2b228d28f', 8, 'public', 'Team Fight Execution Plan', '{"tempor minim ex","esse culpa","sint cillum pariatur","tempor tempor anim et et","laborum qui et pariatur","officia deserunt dolore","duis laborum non culpa voluptate","dolor ex ut aliqua","excepteur"}', DEFAULT, DEFAULT), ('e0185351-5b08-58b2-bd3e-c09965750112', 'b5605791-3389-56c2-9ec6-17d538b9bb85', 9, 'public', 'Roaming Support Plan', '{"aliquip nisi"}', DEFAULT, DEFAULT), ('993f7ab3-9b54-5771-a99e-0c6d75a1f37d', '1bf9a820-bb8f-59cd-8902-84a62a1aa29f', 4, 'unlisted', 'Late Game Scaling Strategy', '{"Lorem non commodo excepteur"}', DEFAULT, DEFAULT), ('bdb5114a-76d3-5fe4-944c-043e7ebd99da', 'd35ecca3-ac35-5e28-8e7e-6a25de908d18', 8, 'public', 'Baron Control Strategy', '{"nulla","eu tempor nisi","dolore culpa consectetur"}', DEFAULT, DEFAULT), ('aa4964a1-4611-5528-9df9-ef170866214f', '897e7fb9-bd9c-59e3-afc7-d1c31ec7ef34', 3, 'unlisted', 'Baron Control Strategy', '{"aliqua quis Lorem","veniam ea","id aute proident","laboris eiusmod anim velit","et sit","consectetur minim enim culpa"}', DEFAULT, DEFAULT), ('ec14513a-7d3c-5172-b68b-d531791ec9de', 'c7198a1e-f50c-5635-a5bf-2073d4da7bc6', 7, 'private', 'Aggressive Rush Strategy', '{"ex deserunt pariatur sit","mollit esse irure Lorem eiusmod","sit ipsum","adipisicing eiusmod voluptate el","exercitation qui culpa","duis et id","amet exercitation veniam quis","cillum laborum exercitation nisi"}', DEFAULT, DEFAULT), ('a0f81f50-aa3d-5780-b485-a54fb7b7833a', '91434b27-2651-5429-8f42-45c3f8e334a0', 10, 'private', 'Team Fight Execution Plan', '{"non ad sit","labore est esse enim","culpa commodo deserunt sit conse"}', DEFAULT, DEFAULT), ('aabd5608-e04b-5bd8-8d75-d004a1b17409', '6fc34c52-742f-56c2-b6c3-89dee63a8839', 10, 'unlisted', 'Objective Focused Strategy', '{"ea anim"}', DEFAULT, DEFAULT), ('7bcc2b79-de31-5963-9cfd-559af77da3be', '6a248992-e0a8-5c27-8d71-fd2cfd3a1fd6', 8, 'unlisted', 'Wave Management Plan', '{"quis","officia quis aliqua dolor cillum","deserunt non in","nisi dolor adipisicing","consectetur officia deserunt","ea incididunt eu amet","cupidatat dolor elit","irure irure enim duis eiusmod","ullamco voluptate qui sit","veniam ut"}', DEFAULT, DEFAULT), ('b4293a01-a1be-5e58-a088-abc550c9f820', '274020d9-7513-5cf6-ae0b-e94ef1d1a62f', 4, 'private', 'Early Game Dominance Guide', '{"nostrud elit nulla veniam except","fugiat quis ut","reprehenderit cupidatat officia ","officia anim","voluptate excepteur reprehenderi","ut cupidatat","cupidatat cillum dolore aute","aliqua magna minim","laboris cupidatat dolore"}', DEFAULT, DEFAULT), ('a97e2960-b385-5f99-88c2-9e562f32234e', 'd00c085d-72d6-5114-a5fd-ba818539c2f7', 7, 'public', 'Team Fight Execution Plan', '{"ex"}', DEFAULT, DEFAULT), ('db39a462-f36a-54ba-b38e-2fcf35273cba', '22052ce5-2628-54da-93cf-dce3c06b547a', 3, 'private', 'Counter Pick Blueprint', '{"reprehenderit fugiat","ea aliquip Lorem","sit velit nulla","voluptate aliqua commodo qui","mollit aliqua ipsum","anim duis velit","ea elit mollit","ex adipisicing cupidatat","fugiat magna ullamco"}', DEFAULT, DEFAULT), ('35dc016a-9edc-565d-923e-9bee9a60bd24', '274020d9-7513-5cf6-ae0b-e94ef1d1a62f', 4, 'public', 'Siege Tactics Handbook', '{"aute sint","est enim Lorem","ipsum cupidatat eiusmod","excepteur minim","elit magna","velit aliquip qui dolore"}', DEFAULT, DEFAULT), ('61e4dc6c-b183-5c81-91cb-8dc622fd6913', '6284c864-e678-5ba8-a315-c4c8b4d9f835', 2, 'unlisted', 'Siege Tactics Handbook', '{"ullamco nisi exercitation","sit officia ullamco aliquip","pariatur non anim fugiat","pariatur non reprehenderit paria","ut culpa elit adipisicing","commodo consectetur laborum ulla","est est","cupidatat duis laborum amet","sint est ipsum exercitation cons","deserunt"}', DEFAULT, DEFAULT), ('b5df5eae-45e8-5f54-a8f9-351afabf5f65', '404e076e-a943-52e4-a2ce-10591a9caa1f', 9, 'unlisted', 'Rotation Strategy Document', '{"Lorem non","nisi veniam pariatur quis","reprehenderit ut","consectetur duis ex est","Lorem","aute laborum est enim cillum","qui Lorem proident","duis fugiat ex quis ad","qui voluptate qui esse aute"}', DEFAULT, DEFAULT), ('18aa22db-700e-5a8a-892c-5bf7b7da1bbf', 'c7198a1e-f50c-5635-a5bf-2073d4da7bc6', 2, 'public', 'Aggressive Rush Strategy', '{"reprehenderit officia excepteur ","mollit excepteur occaecat adipis","non proident cillum nostrud moll","occaecat laborum nisi ad"}', DEFAULT, DEFAULT), ('7c9a7a2f-bf97-5fb7-9ff3-bb3e363fce60', 'eecf8a7e-af2f-524d-a645-c5fba3ebda06', 2, 'unlisted', 'Gank Heavy Approach', '{"et tempor aute","eu elit Lorem voluptate","elit deserunt","amet cillum aliquip fugiat"}', DEFAULT, DEFAULT), ('93216013-7bd8-59b1-a3f0-b1087d4d7f00', 'ab31b5c9-e8c8-55c1-ab94-82606fe7ed9a', 7, 'public', 'Secure Objective Playbook', '{"ipsum","consequat amet sit Lorem","ullamco deserunt dolor irure","occaecat dolore minim","magna culpa amet pariatur","ut dolor occaecat nulla in","ipsum"}', DEFAULT, DEFAULT), ('3e057cf2-df3a-50e5-82fa-e2dcf87ebd5a', '096adf71-c74e-5b77-822b-46a8768797c5', 3, 'public', 'Secure Objective Playbook', '{"qui fugiat esse"}', DEFAULT, DEFAULT), ('e3f5f266-44d3-5096-b897-56678a5f974b', '6a3486ce-c3fa-519b-8ad1-f329a5c3ee43', 10, 'private', 'Vision Denial Blueprint', '{}', DEFAULT, DEFAULT), ('ffbcf0c1-44bb-549f-ba50-18e1e874a611', '92bf5244-388d-5bbf-bd84-1c7ad2efe31b', 3, 'private', 'Counter Pick Blueprint', '{"ex commodo","ullamco sunt","reprehenderit deserunt irure ex","ut","sint nisi excepteur","officia magna","Lorem id culpa aliqua","do aliquip proident","sit amet laboris ipsum","nostrud aute aliqua est"}', DEFAULT, DEFAULT), ('c4f414cf-451e-5497-88db-62020e3a0dc5', 'd6d652bf-48a5-5a85-a95d-16c25edc5397', 2, 'private', 'Baron Control Strategy', '{"commodo irure amet","minim dolor duis eiusmod sunt"}', DEFAULT, DEFAULT), ('a109823a-0d02-5064-b8ef-3186d6d08cb0', '5531f3c9-2ccc-59e8-86e8-da1800808ec2', 1, 'private', 'Aggressive Rush Strategy', '{"dolore aliquip nisi tempor","veniam sit"}', DEFAULT, DEFAULT), ('3e4b1eac-b214-5aaa-a7f0-29af8a5b2ce9', '00644310-2ebb-53b6-b6cd-c599924419bd', 1, 'public', 'Rotation Strategy Document', '{"commodo ea officia"}', DEFAULT, DEFAULT), ('72819b1c-0a2a-5e86-b5bc-5741c2854f96', 'fc88007a-9d2a-5db9-87f7-7afc6a40da73', 2, 'private', 'Split Push Blueprint', '{"esse minim","sunt occaecat labore et","ex irure","ullamco in id ea","nisi aliqua","laboris ipsum cupidatat","mollit magna adipisicing","excepteur ut minim","deserunt quis excepteur ad"}', DEFAULT, DEFAULT), ('b5d7b26a-56f4-59fc-853e-1a1306ab6e95', '47e5d6a1-6a7c-5068-97e6-b73d6f3b47c1', 3, 'public', 'Objective Focused Strategy', '{"enim est esse veniam","aute quis in Lorem","culpa"}', DEFAULT, DEFAULT), ('29365629-31e8-5e53-b1ae-ffdad1c2009e', '6fc34c52-742f-56c2-b6c3-89dee63a8839', 4, 'unlisted', 'Jungle Control Playbook', '{"exercitation minim proident cons","enim officia","cupidatat eu","proident nulla tempor","est","irure adipisicing pariatur"}', DEFAULT, DEFAULT), ('ef9b1028-31e2-59d9-a64e-2a4d1686e96e', 'd2268e40-fa6d-5300-9f01-b7cc8f9018e3', 10, 'unlisted', 'Objective Focused Strategy', '{"ad duis","sunt"}', DEFAULT, DEFAULT), ('51f9c2fa-a6a8-5d1e-9ef8-efb89c34ee1c', '9f273059-bf49-55a4-bf95-e6bedcccffe3', 9, 'private', 'Split Push Blueprint', '{"quis magna nulla consequat","excepteur laboris elit","commodo elit","pariatur veniam dolore Lorem do","id esse nostrud","id do elit non","sint duis amet cupidatat","exercitation"}', DEFAULT, DEFAULT), ('930338c0-ea8e-56fc-b2df-a68255a6182c', '3ff60d7a-a4ad-54c5-a422-53b52cd53093', 7, 'private', 'Aggressive Rush Strategy', '{"excepteur mollit aute culpa"}', DEFAULT, DEFAULT), ('14f0b4c0-9d33-5d68-85ae-cc3d31b6b19e', 'c97097d9-c6b8-5a50-931a-369c86f1535e', 6, 'public', 'Jungle Control Playbook', '{"proident occaecat","irure adipisicing","magna ipsum enim","ut","ullamco ipsum deserunt","labore ex","et sint cupidatat"}', DEFAULT, DEFAULT), ('7c51f66f-cf81-571f-a65c-f571f1f39cc9', 'ddb44318-7e83-5b4d-8ba4-3bbd19edd327', 10, 'private', 'Roaming Support Plan', '{"aliquip amet laborum adipisicing","excepteur","minim do dolore id consequat"}', DEFAULT, DEFAULT), ('764b9b2a-d477-5bff-a789-cba064ac71f8', 'eb3e804d-5ed0-59a1-900b-3b0f9b2cb577', 4, 'public', 'Vision Control Blueprint', '{"aute aliqua","cupidatat cupidatat","anim magna duis minim qui","amet ut laborum officia"}', DEFAULT, DEFAULT), ('1125d49b-2ad6-5500-bd14-7e0649f5dd73', 'd0fa96c4-2bfe-5959-9fd4-b17ec4964e6d', 2, 'unlisted', 'Team Fight Execution Plan', '{"do reprehenderit esse","tempor Lorem","ex nisi voluptate","laborum do esse","velit voluptate","nisi","commodo est laborum","Lorem ut"}', DEFAULT, DEFAULT), ('de1d5557-45c4-5747-8c2d-f8c09704db25', '98bf31df-37fd-5af6-86dd-8686cdc35eeb', 3, 'private', 'Baron Control Strategy', '{"consequat veniam proident sint a","adipisicing non ea","adipisicing velit nisi minim qui","qui","cillum anim velit est nisi","do nostrud","qui cupidatat id"}', DEFAULT, DEFAULT), ('dc2759a8-51ca-575d-9678-0ac64e900648', '31ac52db-fa89-5177-b667-1cf6526a929a', 10, 'private', 'Late Game Scaling Strategy', '{"id","dolore ullamco occaecat","commodo in","culpa in aliqua id","aliqua do incididunt","proident voluptate","nulla","excepteur laborum eiusmod tempor"}', DEFAULT, DEFAULT), ('8c0ef303-3ae4-5fe5-b0be-ef1788ae8707', 'ea56a5ec-2249-5fba-8891-278bcdbbb33d', 2, 'public', 'Vision Control Blueprint', '{"reprehenderit cillum laborum"}', DEFAULT, DEFAULT), ('ddd094e1-b8f4-560e-b960-af5227a9b337', 'f561c33d-0589-5163-a677-f2a1eb6b3322', 4, 'unlisted', 'Map Control Blueprint', '{"commodo esse excepteur","dolore minim adipisicing","sint adipisicing ex laborum Lore","officia dolor non veniam"}', DEFAULT, DEFAULT), ('4bd93d1d-9da0-508d-a30a-5cd1fe2e858d', '8b7e423b-b9b9-5b3c-bf3d-1aa45d16235c', 2, 'public', 'Baron Control Strategy', '{"elit proident ipsum","tempor velit sunt","ex magna ex eiusmod"}', DEFAULT, DEFAULT), ('2d25022b-866c-584e-895d-11b8a727c08f', 'df90352f-468b-5345-9b3e-522b747ccf55', 8, 'public', 'Jungle Control Playbook', '{"non","ut"}', DEFAULT, DEFAULT), ('8d4a5d0e-3ef8-5e54-ac1b-6a14acb1ad0e', '4c13eae9-db84-5ef3-81db-cf60400b290d', 9, 'private', 'Team Fight Execution Plan', '{"enim amet officia cillum","eiusmod nisi nostrud magna do","occaecat velit do ex"}', DEFAULT, DEFAULT), ('6b889196-1556-5eef-89c0-e7506a0ca45b', '2d1d7734-be70-5d07-a538-e76c6cae722e', 1, 'public', 'Baron Control Strategy', '{"occaecat culpa"}', DEFAULT, DEFAULT), ('e6b5025c-d432-567c-bc94-e80f642225ff', '380f1bbd-f6c8-5306-af3f-7d7fa746bde0', 7, 'public', 'Aggressive Rush Strategy', '{"anim anim","sunt labore ex","aliqua minim dolore irure","dolore esse sit","proident nulla occaecat anim min"}', DEFAULT, DEFAULT), ('4d0eaa15-67e7-50e5-bd92-8596a8c41516', '3d4df0ce-5a7f-53e4-b486-95faf0a09720', 9, 'public', 'Jungle Control Playbook', '{"consectetur Lorem Lorem"}', DEFAULT, DEFAULT), ('c2405ac9-0838-5ce8-a85b-e6db0fbe6c10', '646b32cc-2525-5418-a0f1-5c9ced471b05', 7, 'unlisted', 'Early Game Dominance Guide', '{"ex","velit sit","culpa ex","proident mollit non ipsum","fugiat aliquip deserunt","amet","et","cillum non pariatur nulla","adipisicing cupidatat nisi"}', DEFAULT, DEFAULT), ('c8df1446-9b17-5687-8ff4-001003cfca37', '8926b9fd-34b2-5421-a25c-9cd89c12cad0', 10, 'private', 'Jungle Control Playbook', '{"eu id sit magna","ut laboris sunt Lorem","eiusmod enim ullamco voluptate","mollit quis laborum fugiat"}', DEFAULT, DEFAULT), ('f706294d-163e-5aef-a517-eae489067781', '2dbccffd-e7a5-5653-9dc6-18e988716abe', 2, 'public', 'Counter Pick Blueprint', '{"enim tempor","voluptate eu labore","sit excepteur et","aliquip do aliqua ullamco repreh"}', DEFAULT, DEFAULT), ('bee3d023-7908-5b1b-a6e7-320078c804bf', '644a93ba-f570-5681-b2f5-de6b9950affd', 1, 'private', 'Roaming Support Plan', '{"tempor nulla dolor"}', DEFAULT, DEFAULT), ('d607d7db-ee7a-57fa-b0f1-08a24201e561', '646b32cc-2525-5418-a0f1-5c9ced471b05', 6, 'unlisted', 'Objective Focused Strategy', '{"cupidatat ipsum ex exercitation","nisi","dolor eiusmod","elit deserunt"}', DEFAULT, DEFAULT), ('6db5eb76-a4d8-59b2-8682-ac0a5dca423f', '7f78fee3-dd27-5696-858f-318bd4cbf2a8', 5, 'public', 'Objective Focused Strategy', '{"proident fugiat","sunt labore est commodo cupidata","occaecat"}', DEFAULT, DEFAULT), ('f0859c52-737d-58da-9c95-b804668a9ae6', '70e095a9-713d-5fe2-a06a-8145febdb917', 2, 'public', 'Gank Heavy Approach', '{"Lorem voluptate id quis","adipisicing pariatur labore moll","cupidatat eiusmod tempor ea","eu anim in sint","incididunt id","ex","eiusmod nostrud in","velit incididunt ipsum","voluptate enim","veniam veniam"}', DEFAULT, DEFAULT), ('f843e0b1-5e16-5c9e-923e-e155f87b2422', '94170f3d-888c-58bc-bc18-13592bfb52c5', 9, 'unlisted', 'Aggressive Rush Strategy', '{"occaecat anim enim dolore offici"}', DEFAULT, DEFAULT), ('971d3e7d-1fd1-5fd1-ba3a-0a99dda2cb04', 'd1b6355b-0594-5d07-b55b-72d2c66a1391', 8, 'public', 'Secure Objective Playbook', '{"nulla qui","eu dolore reprehenderit fugiat e","minim reprehenderit ea consequat","commodo","culpa occaecat commodo","cupidatat nostrud consequat ipsu","culpa labore sint irure"}', DEFAULT, DEFAULT), ('51c6dab5-99f7-56c9-a820-7cfc76e25abf', 'a78f49ae-5f15-5b14-baf5-6abdb727fcc1', 9, 'public', 'Early Game Dominance Guide', '{"ut","voluptate voluptate deserunt non","reprehenderit","ex deserunt","duis sit","consequat"}', DEFAULT, DEFAULT), ('88430d1c-f998-5183-ac05-d06b362a058a', 'cd1520c4-af17-5e1e-b5b0-a9e95f36a7c4', 5, 'public', 'Map Control Blueprint', '{"ea magna","sunt mollit veniam proident cons","sunt dolore","duis","velit ea elit","consectetur","magna esse cillum labore"}', DEFAULT, DEFAULT), ('fc959555-d183-544e-8cf6-52532b383f25', '94170f3d-888c-58bc-bc18-13592bfb52c5', 10, 'private', 'Jungle Control Playbook', '{"ipsum deserunt fugiat aliqua lab","ullamco excepteur amet nisi esse","irure consequat","pariatur esse veniam quis","magna id sunt sint"}', DEFAULT, DEFAULT), ('94935318-fc9b-5864-874e-912b663c75f7', 'f457d7a7-01f9-5225-b07a-0e782525bbc7', 10, 'private', 'Defensive Turtle Tactics', '{"do do sit elit ut","pariatur amet deserunt commodo","minim eu","elit eu non","incididunt non","Lorem do in culpa"}', DEFAULT, DEFAULT), ('ea529f5a-add2-5f29-a44d-2a799c7ab051', '882c7ae5-914f-539d-8207-691de536097f', 7, 'unlisted', 'Early Game Dominance Guide', '{"in commodo mollit aute","aliqua sit","in Lorem","exercitation id dolor","ad reprehenderit quis laboris"}', DEFAULT, DEFAULT), ('b2bd3c17-1864-5b1f-8d71-b6fe96b48ba6', '1e0af0c0-30ba-5a06-9647-a83cef3d815d', 4, 'public', 'Early Game Dominance Guide', '{"ipsum reprehenderit","aliqua veniam nostrud","ipsum","laboris dolore reprehenderit","velit ipsum eu","do qui velit","dolor labore minim","do","excepteur irure","sint irure"}', DEFAULT, DEFAULT), ('a46777c9-6f34-5718-a195-68edd93e1d42', 'db9f2a26-569b-5431-9216-bcd2cf256bbd', 1, 'private', 'Split Push Blueprint', '{}', DEFAULT, DEFAULT), ('0f3df2fb-dd6e-55b9-9f86-0babb8fec748', 'd1b8f3f8-af26-5088-8712-273c28ba98f7', 4, 'public', 'Vision Control Blueprint', '{"qui aliquip ipsum nostrud","consequat ad qui enim ullamco","sunt non ullamco tempor","laborum aute sit aliqua","Lorem est","adipisicing","est qui consectetur"}', DEFAULT, DEFAULT), ('95bb7f47-209b-5f16-a018-19e8f23e6e16', '0fa12fcf-97e2-5065-a698-e366ca117702', 5, 'public', 'Jungle Control Playbook', '{"culpa dolore","pariatur","aute anim veniam","adipisicing sint esse ut"}', DEFAULT, DEFAULT), ('78959a88-41ee-5d40-85cb-71e22f4c47aa', '6c3f6730-2b1a-5e27-97de-caacad0bb1a5', 6, 'public', 'Jungle Control Playbook', '{"ad commodo minim veniam dolor","nulla ipsum est"}', DEFAULT, DEFAULT), ('a9e614f8-c87a-596e-bdaf-6e577865453e', '31ac52db-fa89-5177-b667-1cf6526a929a', 8, 'public', 'Siege Tactics Handbook', '{"ea commodo","do ullamco","ullamco dolor velit ipsum","ad proident consectetur dolore","aute irure","qui veniam","fugiat enim culpa dolore do"}', DEFAULT, DEFAULT), ('f80096a0-59ff-58f8-a58f-cd508cb0f33e', 'fd8e258e-4711-5b22-b0f3-1f5725eb642f', 7, 'public', 'Defensive Turtle Tactics', '{"ullamco quis amet","eu do","ut adipisicing magna fugiat exer","enim cillum consectetur qui","in Lorem in sunt","tempor ex nostrud deserunt","anim","ex","ea laborum sint aliquip"}', DEFAULT, DEFAULT), ('a444e395-f85a-5fcf-904b-e713df3a17f6', 'e9decb87-4a50-5c41-896c-16fe0d21ebca', 8, 'public', 'Siege Tactics Handbook', '{"voluptate do","aliquip nisi do et mollit","adipisicing officia magna fugiat","culpa reprehenderit dolor"}', DEFAULT, DEFAULT);
INSERT INTO public.team_member_role (id,name,flags) VALUES (1, 'owner', 511), (2, 'editor', 7), (3, 'viewer', 1);
SELECT setval('"public"."team_member_role_id_seq"'::regclass, (SELECT MAX("id") FROM "public"."team_member_role"));
