INSERT INTO public.game (id,name,alias,icon,hidden,metadata,created_at,updated_at) VALUES (5, 'Esse', 'NBA2K', 'https://svgshare.com/i/15iw.svg', 'f', '{"player_count":5,"gadgets_per_character":2}', DEFAULT, DEFAULT), (6, 'Nulla Id', 'NBA2K', 'https://svgshare.com/i/15iw.svg', 'f', '{"player_count":5,"gadgets_per_character":2}', DEFAULT, DEFAULT), (7, 'Fugiat Esse', 'GTA', 'https://svgshare.com/i/15iw.svg', 'f', '{"player_count":5,"gadgets_per_character":2}', DEFAULT, DEFAULT), (8, 'Minim', 'PUBG', 'https://svgshare.com/i/15iw.svg', 'f', '{"player_count":5,"gadgets_per_character":2}', DEFAULT, DEFAULT), (9, 'Cupidatat', 'Overw', 'https://svgshare.com/i/15iw.svg', 'f', '{"player_count":5,"gadgets_per_character":2}', DEFAULT, DEFAULT), (10, 'Nostrud Exercitation', 'Halo', 'https://svgshare.com/i/15iw.svg', 'f', '{"player_count":5,"gadgets_per_character":2}', DEFAULT, DEFAULT);
INSERT INTO public.game_object (id,game_id,type,url,name,metadata) VALUES (311, 5, 'character', 'https://svgshare.com/i/16EY.svg', 'voluptate est veniam', '{"Molest":"Horribille ut metu"}'), (312, 5, 'character', 'https://svgshare.com/i/16EY.svg', 'voluptate', '{"Omorari":"Es gloriae"}'), (313, 5, 'character', 'https://svgshare.com/i/16EY.svg', 'amet', '{"Isti":"Causa non maloribus"}'), (314, 5, 'character', 'https://svgshare.com/i/16EY.svg', 'deserunt', '{"Ii":"Cursionibus desid omnium"}'), (315, 5, 'character', 'https://svgshare.com/i/16EY.svg', 'mollit ut', '{"Abiliustit":"Scriberror iudexpetuam"}'), (316, 5, 'character', 'https://svgshare.com/i/16EY.svg', 'mollit aliquip laborum', '{"Expetus":"Motu multos"}'), (317, 5, 'character', 'https://svgshare.com/i/16EY.svg', 'officia id', '{"Litterastris":"Epicitia quo sapientia"}'), (318, 5, 'character', 'https://svgshare.com/i/16EY.svg', 'adipisicing cupidatat', '{"Rationistis":"Cum in"}'), (319, 5, 'character', 'https://svgshare.com/i/16EY.svg', 'sit labore', '{"Legimper":"Doloris endum perspici"}'), (320, 5, 'character', 'https://svgshare.com/i/16EY.svg', 'occaecat proident', '{"Indivinter":"Reret sentenebo per"}'), (321, 5, 'character', 'https://svgshare.com/i/16EY.svg', 'anim minim voluptate', '{"Iudici":"Aut ratione nihilius"}'), (322, 5, 'character', 'https://svgshare.com/i/16EY.svg', 'proident laboris', '{"Indignisi":"Locum mediocritum"}'), (323, 5, 'character', 'https://svgshare.com/i/16EY.svg', 'exercitation ipsum anim', '{"Probabilit":"Tibi dolorum"}'), (324, 5, 'character', 'https://svgshare.com/i/16EY.svg', 'do', '{"Difficerim":"Quae infinire celeret"}'), (325, 5, 'character', 'https://svgshare.com/i/16EY.svg', 'minim', '{"Ego":"Are itur"}'), (326, 5, 'character', 'https://svgshare.com/i/16EY.svg', 'dolor pariatur excepteur', '{"Inem":"Sit quem"}'), (327, 5, 'character', 'https://svgshare.com/i/16EY.svg', 'occaecat elit', '{"Seditaque":"In beata triarius"}'), (328, 5, 'character', 'https://svgshare.com/i/16EY.svg', 'in nisi aliquip', '{"Quod":"Alter mihi cum"}'), (329, 5, 'character', 'https://svgshare.com/i/16EY.svg', 'sunt', '{"Et":"Ius quam"}'), (330, 5, 'character', 'https://svgshare.com/i/16EY.svg', 'ut cillum ad', '{"Utillo":"Modo qui philosoptim"}'), (331, 5, 'character', 'https://svgshare.com/i/16EY.svg', 'occaecat', '{"Si":"Um ani molest"}'), (332, 5, 'character', 'https://svgshare.com/i/16EY.svg', 'tempor esse', '{"Eo":"Ationumen ant"}'), (333, 5, 'character', 'https://svgshare.com/i/16EY.svg', 'non irure', '{"Ilesse":"Eum metus"}'), (334, 5, 'character', 'https://svgshare.com/i/16EY.svg', 'deserunt labore occaecat', '{"De":"Sed nostris"}'), (335, 5, 'character', 'https://svgshare.com/i/16EY.svg', 'proident veniam', '{"Sancircum":"A quod mutanda"}'), (336, 5, 'character', 'https://svgshare.com/i/16EY.svg', 'commodo do', '{"Praeclare":"Duo esse al"}'), (337, 5, 'character', 'https://svgshare.com/i/16EY.svg', 'id', '{"Omnium":"Esse fortitio"}'), (338, 5, 'character', 'https://svgshare.com/i/16EY.svg', 'aute aliqua', '{"Imo":"Tota probartibus"}'), (339, 5, 'character', 'https://svgshare.com/i/16EY.svg', 'laboris id', '{"Convenis":"In tamendae quantus"}'), (340, 5, 'character', 'https://svgshare.com/i/16EY.svg', 'cillum sint aliqua', '{"Transferrem":"Recus es"}'), (341, 5, 'character', 'https://svgshare.com/i/16EY.svg', 'dolor velit', '{"Aut":"Moderem hominstructus"}'), (342, 5, 'character', 'https://svgshare.com/i/16EY.svg', 'cillum', '{"Cum":"Propterunt debillo ea"}'), (343, 5, 'character', 'https://svgshare.com/i/16EY.svg', 'aliqua eu fugiat', '{"Ipsa":"Eum delectari non"}'), (344, 5, 'character', 'https://svgshare.com/i/16EY.svg', 'laboris eu', '{"Iucuniae":"Et dubita"}'), (345, 5, 'character', 'https://svgshare.com/i/16EY.svg', 'mollit', '{"Sed":"Non etiam politatib"}'), (346, 5, 'character', 'https://svgshare.com/i/16EY.svg', 'ea sint officia', '{"Eturovat":"Facit musicit"}'), (347, 5, 'character', 'https://svgshare.com/i/16EY.svg', 'ipsum enim', '{"Ent":"Scribi modaretiam se"}'), (348, 5, 'character', 'https://svgshare.com/i/16EY.svg', 'eu proident', '{"En":"Iudicur omnescio a"}'), (349, 5, 'character', 'https://svgshare.com/i/16EY.svg', 'ex esse voluptate', '{"Sit":"Anim eadem ido"}'), (350, 5, 'character', 'https://svgshare.com/i/16EY.svg', 'qui laboris', '{"Sol":"Ea mireria"}'), (351, 5, 'character', 'https://svgshare.com/i/16EY.svg', 'sunt commodo', '{"E":"Tamque seiunctum iudicultas"}'), (352, 5, 'character', 'https://svgshare.com/i/16EY.svg', 'sunt consequat', '{"Quietem":"Nec quae perspicuum"}'), (353, 5, 'character', 'https://svgshare.com/i/16EY.svg', 'adipisicing commodo', '{"Perspiciatur":"Quid ut"}'), (354, 5, 'character', 'https://svgshare.com/i/16EY.svg', 'commodo amet', '{"Nam":"Ab voluptatem"}'), (355, 5, 'character', 'https://svgshare.com/i/16EY.svg', 'aliquip in', '{"Sed":"Esse non vitam"}'), (356, 5, 'character', 'https://svgshare.com/i/16EY.svg', 'laboris ullamco', '{"Sit":"Hoc quia"}'), (357, 5, 'character', 'https://svgshare.com/i/16EY.svg', 'proident non', '{"Infinitur":"Legenim se rebus"}'), (358, 5, 'gadget', 'https://svgshare.com/i/16EY.svg', 'dolor commodo anim', '{"Ne":"Endae legestiam"}'), (359, 5, 'gadget', 'https://svgshare.com/i/16EY.svg', 'laborum eu elit', '{"Vel":"Putas recoranim"}'), (360, 5, 'gadget', 'https://svgshare.com/i/16EY.svg', 'culpa amet', '{"Labit":"Non formidanium"}'), (361, 5, 'gadget', 'https://svgshare.com/i/16EY.svg', 'nostrud aliquip', '{"Debendi":"Declinamic nec"}'), (362, 5, 'gadget', 'https://svgshare.com/i/16EY.svg', 'anim', '{"Quid":"Variisque tranquilli"}'), (363, 5, 'gadget', 'https://svgshare.com/i/16EY.svg', 'adipisicing elit eiusmod', '{"Ego":"Intellegan ut"}'), (364, 5, 'gadget', 'https://svgshare.com/i/16EY.svg', 'exercitation consectetur aliqua', '{"Imo":"Ilemus in sabini"}'), (365, 5, 'gadget', 'https://svgshare.com/i/16EY.svg', 'nulla minim', '{"Praesennii":"Inter est videt"}'), (366, 5, 'gadget', 'https://svgshare.com/i/16EY.svg', 'aute laboris', '{"Modis":"Carere ea"}'), (367, 5, 'gadget', 'https://svgshare.com/i/16EY.svg', 'officia', '{"Earum":"Essentenet fortitio constantia"}'), (368, 5, 'gadget', 'https://svgshare.com/i/16EY.svg', 'fugiat officia labore', '{"Omnia":"Sententiae inum fanti"}'), (369, 5, 'gadget', 'https://svgshare.com/i/16EY.svg', 'cupidatat', '{"Enime":"Modo habeo ii"}'), (370, 5, 'gadget', 'https://svgshare.com/i/16EY.svg', 'ea et', '{"Quod":"Quidem tant inerierun"}'), (371, 5, 'gadget', 'https://svgshare.com/i/16EY.svg', 'consectetur et', '{"Pellatur":"Perangore tum eorum"}'), (372, 5, 'gadget', 'https://svgshare.com/i/16EY.svg', 'aute qui', '{"Nec":"Aptis industria sic"}'), (373, 5, 'gadget', 'https://svgshare.com/i/16EY.svg', 'id deserunt', '{"Sit":"Solamus aut voluptatem"}'), (374, 5, 'gadget', 'https://svgshare.com/i/16EY.svg', 'sit enim', '{"Quas":"Ius si molest"}'), (375, 5, 'gadget', 'https://svgshare.com/i/16EY.svg', 'duis do', '{"Volunum":"Vix graeci esse"}'), (376, 5, 'gadget', 'https://svgshare.com/i/16EY.svg', 'deserunt duis', '{"Amurum":"Relique sum"}'), (377, 5, 'gadget', 'https://svgshare.com/i/16EY.svg', 'duis reprehenderit', '{"Auditis":"Difficeri est"}'), (378, 5, 'gadget', 'https://svgshare.com/i/16EY.svg', 'eu do ipsum', '{"Non":"Relique timeam"}'), (379, 5, 'gadget', 'https://svgshare.com/i/16EY.svg', 'elit', '{"Aut":"Vitamicit ipsius miseret"}'), (380, 5, 'gadget', 'https://svgshare.com/i/16EY.svg', 'dolore', '{"Nosmetu":"Semelab virtutestiae ales"}'), (381, 5, 'gadget', 'https://svgshare.com/i/16EY.svg', 'esse', '{"Graecis":"Cum voluptat"}'), (382, 5, 'gadget', 'https://svgshare.com/i/16EY.svg', 'occaecat cupidatat', '{"Mea":"Provoccula a"}'), (383, 5, 'gadget', 'https://svgshare.com/i/16EY.svg', 'eu sint voluptate', '{"Autem":"Inesse intellegam"}'), (384, 5, 'gadget', 'https://svgshare.com/i/16EY.svg', 'labore aute', '{"Ante":"Pleniores etiam qui"}'), (385, 5, 'gadget', 'https://svgshare.com/i/16EY.svg', 'officia magna', '{"Studuisti":"Morte ea nostri"}'), (386, 5, 'gadget', 'https://svgshare.com/i/16EY.svg', 'enim reprehenderit', '{"Iis":"Multis eius"}'), (387, 5, 'gadget', 'https://svgshare.com/i/16EY.svg', 'mollit elit culpa', '{"Aliquaque":"Nocet probati inut"}'), (388, 5, 'gadget', 'https://svgshare.com/i/16EY.svg', 'consequat sit', '{"Quisit":"Angoribid in"}'), (389, 5, 'gadget', 'https://svgshare.com/i/16EY.svg', 'ad', '{"Vivenimus":"Voluptatum audire"}'), (390, 5, 'gadget', 'https://svgshare.com/i/16EY.svg', 'nulla aliquip', '{"Erea":"Aut suapte quem"}'), (391, 5, 'gadget', 'https://svgshare.com/i/16EY.svg', 'cupidatat ad', '{"Is":"Plato et"}'), (392, 5, 'gadget', 'https://svgshare.com/i/16EY.svg', 'incididunt exercitation', '{"Sic":"Meo abduce"}'), (393, 5, 'gadget', 'https://svgshare.com/i/16EY.svg', 'et', '{"Ando":"Patrioque inter"}'), (394, 5, 'gadget', 'https://svgshare.com/i/16EY.svg', 'duis aliquip ut', '{"De":"Morte sum audeam"}'), (395, 5, 'gadget', 'https://svgshare.com/i/16EY.svg', 'tempor eu', '{"Audeamus":"Quaedamplific viam et"}'), (396, 5, 'gadget', 'https://svgshare.com/i/16EY.svg', 'aute', '{"Democritat":"His paulo"}'), (397, 5, 'gadget', 'https://svgshare.com/i/16EY.svg', 'ut', '{"Si":"Solumquam am"}'), (398, 5, 'gadget', 'https://svgshare.com/i/16EY.svg', 'cupidatat reprehenderit', '{"Anim":"L magnumquam"}'), (399, 5, 'gadget', 'https://svgshare.com/i/16EY.svg', 'magna labore', '{"Vult":"Non epicita"}'), (400, 5, 'gadget', 'https://svgshare.com/i/16EY.svg', 'aliquip deserunt', '{"Exquirenim":"Andi am invideamque"}'), (401, 5, 'gadget', 'https://svgshare.com/i/16EY.svg', 'aute pariatur', '{"Qui":"Cum dolorata"}'), (402, 6, 'character', 'https://svgshare.com/i/16EY.svg', 'labore sunt anim', '{"Finibus":"Ad alterea deseratum"}'), (403, 6, 'character', 'https://svgshare.com/i/16EY.svg', 'ad sint', '{"Corporis":"Hominsiden tum"}'), (404, 6, 'character', 'https://svgshare.com/i/16EY.svg', 'tempor velit', '{"Bonorum":"Docerit si"}'), (405, 6, 'character', 'https://svgshare.com/i/16EY.svg', 'enim Lorem', '{"Ego":"Enim reperis"}'), (406, 6, 'character', 'https://svgshare.com/i/16EY.svg', 'adipisicing officia dolor', '{"Libidit":"Dolore qui"}'), (407, 6, 'character', 'https://svgshare.com/i/16EY.svg', 'nulla nisi tempor', '{"Sit":"Aliquarum est physicis"}'), (408, 6, 'character', 'https://svgshare.com/i/16EY.svg', 'veniam irure', '{"Credo":"Et qua dolem"}'), (409, 6, 'character', 'https://svgshare.com/i/16EY.svg', 'ea', '{"Hac":"Vidis in modernator"}'), (410, 6, 'character', 'https://svgshare.com/i/16EY.svg', 'et aliquip', '{"Probest":"Tollatin nihille propterenda"}'), (411, 6, 'character', 'https://svgshare.com/i/16EY.svg', 'ipsum reprehenderit ex', '{"Nutu":"Capti placet quam"}'), (412, 6, 'character', 'https://svgshare.com/i/16EY.svg', 'laboris', '{"Cuiquamurnit":"Enimperner timum"}'), (413, 6, 'character', 'https://svgshare.com/i/16EY.svg', 'dolor commodo', '{"Susceptur":"Nostrum supplication"}'), (414, 6, 'character', 'https://svgshare.com/i/16EY.svg', 'aliquip ex', '{"Id":"Cur congressuspic iudice"}'), (415, 6, 'character', 'https://svgshare.com/i/16EY.svg', 'ut', '{"Ea":"Legi philosophiae"}'), (416, 6, 'character', 'https://svgshare.com/i/16EY.svg', 'Lorem laboris', '{"Sensio":"Autemoder modo"}'), (417, 6, 'character', 'https://svgshare.com/i/16EY.svg', 'ipsum et', '{"Ratione":"Legere et"}'), (418, 6, 'character', 'https://svgshare.com/i/16EY.svg', 'incididunt do dolor', '{"Vero":"Ratione latin et"}'), (419, 6, 'character', 'https://svgshare.com/i/16EY.svg', 'mollit occaecat', '{"Eum":"Nam scaevolum nullam"}'), (420, 6, 'character', 'https://svgshare.com/i/16EY.svg', 'cillum sint nulla', '{"Nihillum":"Sed tibi"}'), (421, 6, 'character', 'https://svgshare.com/i/16EY.svg', 'magna do et', '{"Sedulantib":"Idituro per"}'), (422, 6, 'character', 'https://svgshare.com/i/16EY.svg', 'mollit', '{"Placet":"Prospexitar omnes"}'), (423, 6, 'character', 'https://svgshare.com/i/16EY.svg', 'sunt dolore', '{"Ergo":"Facilius nec"}'), (424, 6, 'character', 'https://svgshare.com/i/16EY.svg', 'cupidatat fugiat elit', '{"Inorest":"Mundus est"}'), (425, 6, 'character', 'https://svgshare.com/i/16EY.svg', 'in exercitation', '{"Causae":"Doloribus quidem"}'), (426, 6, 'character', 'https://svgshare.com/i/16EY.svg', 'magna magna', '{"Nisi":"Plane depravat"}'), (427, 6, 'character', 'https://svgshare.com/i/16EY.svg', 'incididunt excepteur aute', '{"Integre":"Philos sed expectate"}'), (428, 6, 'character', 'https://svgshare.com/i/16EY.svg', 'deserunt sunt', '{"Quidem":"Clamatomnis possunt"}'), (429, 6, 'character', 'https://svgshare.com/i/16EY.svg', 'mollit dolor', '{"Delectam":"Bonas levate"}'), (430, 6, 'character', 'https://svgshare.com/i/16EY.svg', 'irure', '{"Metu":"Spe adverbum imo"}'), (431, 6, 'character', 'https://svgshare.com/i/16EY.svg', 'ullamco magna', '{"Eo":"Studuisset ipsam"}'), (432, 6, 'character', 'https://svgshare.com/i/16EY.svg', 'anim aliqua officia', '{"Invenerim":"Defentur aliquod"}'), (433, 6, 'character', 'https://svgshare.com/i/16EY.svg', 'ex nulla', '{"Et":"Quodsi dicet nis"}'), (434, 6, 'character', 'https://svgshare.com/i/16EY.svg', 'eiusmod minim', '{"Chaere":"Maioribus nisi am"}'), (435, 6, 'character', 'https://svgshare.com/i/16EY.svg', 'adipisicing deserunt', '{"Tum":"Me quibus aut"}'), (436, 6, 'character', 'https://svgshare.com/i/16EY.svg', 'consectetur nostrud', '{"Mentitil":"Nullo p docui"}'), (437, 6, 'character', 'https://svgshare.com/i/16EY.svg', 'voluptate esse', '{"Ento":"Dolerum labefaces sensu"}'), (438, 6, 'character', 'https://svgshare.com/i/16EY.svg', 'officia quis', '{"Ita":"Omnia cum"}'), (439, 6, 'character', 'https://svgshare.com/i/16EY.svg', 'officia cillum', '{"Homo":"Qua novi"}'), (440, 6, 'character', 'https://svgshare.com/i/16EY.svg', 'consequat', '{"Familis":"Non et omne"}'), (441, 6, 'character', 'https://svgshare.com/i/16EY.svg', 'sint', '{"Maius":"Duo fastidium quae"}'), (442, 6, 'character', 'https://svgshare.com/i/16EY.svg', 'id', '{"Totam":"Minim expeditur itaque"}'), (443, 6, 'character', 'https://svgshare.com/i/16EY.svg', 'velit', '{"Minut":"Epicur inum"}'), (444, 6, 'character', 'https://svgshare.com/i/16EY.svg', 'eu dolore', '{"Propter":"Quapropteris epicitia quodsi"}'), (445, 6, 'gadget', 'https://svgshare.com/i/16EY.svg', 'anim voluptate', '{"Inum":"Certe verbis ullam"}'), (446, 6, 'gadget', 'https://svgshare.com/i/16EY.svg', 'do elit magna', '{"Quadamicar":"Pecunum atione"}'), (447, 6, 'gadget', 'https://svgshare.com/i/16EY.svg', 'proident', '{"Doloresset":"Fortunt hoc"}'), (448, 6, 'gadget', 'https://svgshare.com/i/16EY.svg', 'eu duis proident', '{"Ipsi":"Exeros es rem"}'), (449, 6, 'gadget', 'https://svgshare.com/i/16EY.svg', 'irure id aliquip', '{"A":"Quam beatamicia solvantur"}'), (450, 6, 'gadget', 'https://svgshare.com/i/16EY.svg', 'tempor aliquip', '{"Esse":"Sole et"}'), (451, 6, 'gadget', 'https://svgshare.com/i/16EY.svg', 'velit sit aliqua', '{"Dissero":"Multis diligiter permulti"}'), (452, 6, 'gadget', 'https://svgshare.com/i/16EY.svg', 'fugiat aliquip', '{"Ad":"Torquatistim quicquam nos"}'), (453, 6, 'gadget', 'https://svgshare.com/i/16EY.svg', 'est fugiat', '{"Esse":"Omnia viderudin nunc"}'), (454, 6, 'gadget', 'https://svgshare.com/i/16EY.svg', 'aliqua', '{"Satiscuntur":"Nullo reprehenim"}'), (455, 6, 'gadget', 'https://svgshare.com/i/16EY.svg', 'proident dolor', '{"Qui":"At aut rebus"}'), (456, 6, 'gadget', 'https://svgshare.com/i/16EY.svg', 'ipsum', '{"Referenter":"Vivatum nihil"}'), (457, 6, 'gadget', 'https://svgshare.com/i/16EY.svg', 'exercitation duis', '{"Anime":"Doctior haec cum"}'), (458, 6, 'gadget', 'https://svgshare.com/i/16EY.svg', 'labore dolor', '{"Reprehent":"Hoc ferebimi"}'), (459, 6, 'gadget', 'https://svgshare.com/i/16EY.svg', 'aliqua mollit nostrud', '{"Sit":"Neque epicitat propriusque"}'), (460, 6, 'gadget', 'https://svgshare.com/i/16EY.svg', 'enim', '{"Cum":"Repertitia rata de"}'), (461, 6, 'gadget', 'https://svgshare.com/i/16EY.svg', 'in nisi aute', '{"De":"Quod reret tantopere"}'), (462, 6, 'gadget', 'https://svgshare.com/i/16EY.svg', 'Lorem veniam', '{"Nullo":"Et confirmatum cupidinit"}'), (463, 6, 'gadget', 'https://svgshare.com/i/16EY.svg', 'non', '{"Non":"Vos esse"}'), (464, 6, 'gadget', 'https://svgshare.com/i/16EY.svg', 'est nisi', '{"Dolorum":"Cupidciret et autem"}'), (465, 6, 'gadget', 'https://svgshare.com/i/16EY.svg', 'amet ipsum', '{"Fugiendus":"Quibus inum quoniam"}'), (466, 6, 'gadget', 'https://svgshare.com/i/16EY.svg', 'cillum mollit non', '{"Copulare":"Moles uti inter"}'), (467, 6, 'gadget', 'https://svgshare.com/i/16EY.svg', 'culpa pariatur', '{"Est":"Non autem"}'), (468, 6, 'gadget', 'https://svgshare.com/i/16EY.svg', 'fugiat esse', '{"Synephebosop":"Id qua"}'), (469, 6, 'gadget', 'https://svgshare.com/i/16EY.svg', 'tempor quis', '{"Cuius":"Ipse voluptatum"}'), (470, 6, 'gadget', 'https://svgshare.com/i/16EY.svg', 'magna dolore ipsum', '{"Voluptates":"Quod iliuste infinire"}'), (471, 6, 'gadget', 'https://svgshare.com/i/16EY.svg', 'fugiat qui voluptate', '{"Bello":"Modo famil"}'), (472, 6, 'gadget', 'https://svgshare.com/i/16EY.svg', 'incididunt', '{"Corrigeret":"Esse tu atil"}'), (473, 6, 'gadget', 'https://svgshare.com/i/16EY.svg', 'pariatur enim', '{"Eturalios":"Fugiam profectatum linab"}'), (474, 6, 'gadget', 'https://svgshare.com/i/16EY.svg', 'nisi ut laborum', '{"Ad":"Dis ut versanosop"}'), (475, 6, 'gadget', 'https://svgshare.com/i/16EY.svg', 'aliquip Lorem', '{"Poetae":"Sed haec"}'), (476, 6, 'gadget', 'https://svgshare.com/i/16EY.svg', 'anim reprehenderit', '{"Propterror":"Nostris nocet"}'), (477, 6, 'gadget', 'https://svgshare.com/i/16EY.svg', 'culpa commodo ut', '{"Nollem":"Quas ab"}'), (478, 6, 'gadget', 'https://svgshare.com/i/16EY.svg', 'adipisicing ex', '{"Itatis":"Enimi qua"}'), (479, 6, 'gadget', 'https://svgshare.com/i/16EY.svg', 'in aliquip voluptate', '{"Omnia":"Relique in"}'), (480, 7, 'character', 'https://svgshare.com/i/16EY.svg', 'id magna', '{"Genuit":"Cotidcirco omnium"}'), (481, 7, 'character', 'https://svgshare.com/i/16EY.svg', 'sit laboris', '{"Autem":"In fieri nec"}'), (482, 7, 'character', 'https://svgshare.com/i/16EY.svg', 'officia', '{"Totum":"Graeca aboresse"}'), (483, 7, 'character', 'https://svgshare.com/i/16EY.svg', 'laboris excepteur', '{"Am":"Tantopermit quae careat"}'), (484, 7, 'character', 'https://svgshare.com/i/16EY.svg', 'adipisicing', '{"A":"Esse fieri"}'), (485, 7, 'character', 'https://svgshare.com/i/16EY.svg', 'ipsum id irure', '{"Idque":"Voluptare sint as"}'), (486, 7, 'character', 'https://svgshare.com/i/16EY.svg', 'consectetur', '{"Hominam":"Maloriant sus poterudin"}'), (487, 7, 'character', 'https://svgshare.com/i/16EY.svg', 'ex nostrud', '{"Igita":"Uti orest ini"}'), (488, 7, 'character', 'https://svgshare.com/i/16EY.svg', 'ex deserunt dolore', '{"Videt":"Nomin ipsi"}'), (489, 7, 'character', 'https://svgshare.com/i/16EY.svg', 'sunt tempor commodo', '{"Vi":"Ut impendere"}'), (490, 7, 'character', 'https://svgshare.com/i/16EY.svg', 'eu eiusmod', '{"Appellat":"Te nunc rebus"}'), (491, 7, 'character', 'https://svgshare.com/i/16EY.svg', 'exercitation cupidatat', '{"Decornatur":"Ipsa fruenda aut"}'), (492, 7, 'character', 'https://svgshare.com/i/16EY.svg', 'ipsum in cupidatat', '{"Ne":"Epicab cum propterire"}'), (493, 7, 'character', 'https://svgshare.com/i/16EY.svg', 'ex dolore', '{"Alem":"In discipi endum"}'), (494, 7, 'character', 'https://svgshare.com/i/16EY.svg', 'Lorem proident', '{"M":"Puerillud autem e"}'), (495, 7, 'character', 'https://svgshare.com/i/16EY.svg', 'in est ad', '{"Salutrumque":"Arbitrore falsi"}'), (496, 7, 'character', 'https://svgshare.com/i/16EY.svg', 'cillum amet', '{"Utionis":"Ad ina"}'), (497, 7, 'character', 'https://svgshare.com/i/16EY.svg', 'duis dolore', '{"Potius":"In laborem lud"}'), (498, 7, 'character', 'https://svgshare.com/i/16EY.svg', 'culpa enim aliqua', '{"Alita":"Videre aliae"}'), (499, 7, 'character', 'https://svgshare.com/i/16EY.svg', 'sunt veniam id', '{"Causa":"Malunt intellegim facillum"}'), (500, 7, 'character', 'https://svgshare.com/i/16EY.svg', 'pariatur', '{"Fugientiam":"Iudicita maximperdid"}'), (501, 7, 'character', 'https://svgshare.com/i/16EY.svg', 'dolor exercitation', '{"Fieri":"Nullo avis iturnitioq"}'), (502, 7, 'character', 'https://svgshare.com/i/16EY.svg', 'aute officia ex', '{"Traderunt":"Tamentiam crucian longinquit"}'), (503, 7, 'character', 'https://svgshare.com/i/16EY.svg', 'nostrud consequat', '{"Efac":"Et quae"}'), (504, 7, 'character', 'https://svgshare.com/i/16EY.svg', 'sit minim', '{"Illa":"Beate praeda si"}'), (505, 7, 'character', 'https://svgshare.com/i/16EY.svg', 'commodo laboris', '{"Eo":"Molest omnes"}'), (506, 7, 'character', 'https://svgshare.com/i/16EY.svg', 'mollit deserunt', '{"Probest":"Praeteremus cum"}'), (507, 7, 'character', 'https://svgshare.com/i/16EY.svg', 'esse quis', '{"Ea":"Appetu sum docet"}'), (508, 7, 'character', 'https://svgshare.com/i/16EY.svg', 'laboris', '{"Omnem":"Beate faciam affecta"}'), (509, 7, 'character', 'https://svgshare.com/i/16EY.svg', 'cillum nulla', '{"Scriben":"Imus torum id"}'), (510, 7, 'character', 'https://svgshare.com/i/16EY.svg', 'est id', '{"Invitium":"It licam medium"}'), (511, 7, 'character', 'https://svgshare.com/i/16EY.svg', 'nulla aliqua', '{"Qui":"Te eoque es"}'), (512, 7, 'character', 'https://svgshare.com/i/16EY.svg', 'cupidatat ad', '{"Contem":"Robus reiciens paren"}'), (513, 7, 'character', 'https://svgshare.com/i/16EY.svg', 'ipsum commodo', '{"Ine":"Ad quod quarum"}'), (514, 7, 'character', 'https://svgshare.com/i/16EY.svg', 'ullamco consectetur', '{"Locosophor":"Res et"}'), (515, 7, 'character', 'https://svgshare.com/i/16EY.svg', 'voluptate labore', '{"Iis":"Amicata est"}'), (516, 7, 'gadget', 'https://svgshare.com/i/16EY.svg', 'commodo ut', '{"In":"Finibusan nos"}'), (517, 7, 'gadget', 'https://svgshare.com/i/16EY.svg', 'culpa', '{"Si":"Dolor in"}'), (518, 7, 'gadget', 'https://svgshare.com/i/16EY.svg', 'voluptate excepteur', '{"Perspicuum":"Issimis utrius nec"}'), (519, 7, 'gadget', 'https://svgshare.com/i/16EY.svg', 'reprehenderit enim', '{"Tum":"Ab cum disserentes"}'), (520, 7, 'gadget', 'https://svgshare.com/i/16EY.svg', 'amet nisi', '{"Neque":"Sunt in"}'), (521, 7, 'gadget', 'https://svgshare.com/i/16EY.svg', 'do', '{"In":"Multa indivinclus"}'), (522, 7, 'gadget', 'https://svgshare.com/i/16EY.svg', 'adipisicing adipisicing', '{"Met":"Et autem"}'), (523, 7, 'gadget', 'https://svgshare.com/i/16EY.svg', 'ad consectetur', '{"Explicem":"Rerum epicur"}'), (524, 7, 'gadget', 'https://svgshare.com/i/16EY.svg', 'aliquip dolor ea', '{"Natur":"Eorum utrumvis e"}'), (525, 7, 'gadget', 'https://svgshare.com/i/16EY.svg', 'irure dolor sint', '{"Ine":"Es optari"}'), (526, 7, 'gadget', 'https://svgshare.com/i/16EY.svg', 'consectetur ut', '{"Quidnam":"Omnium facullam"}'), (527, 7, 'gadget', 'https://svgshare.com/i/16EY.svg', 'dolor Lorem', '{"Quod":"Saepti ineri"}'), (528, 7, 'gadget', 'https://svgshare.com/i/16EY.svg', 'deserunt aliqua qui', '{"Inquam":"Legime tibusque legi"}'), (529, 7, 'gadget', 'https://svgshare.com/i/16EY.svg', 'occaecat labore', '{"Aut":"Esset quae ophia"}'), (530, 7, 'gadget', 'https://svgshare.com/i/16EY.svg', 'magna eiusmod', '{"Neque":"Eorum privavisset"}'), (531, 7, 'gadget', 'https://svgshare.com/i/16EY.svg', 'tempor enim', '{"Cupiderum":"Sibi statuamur"}'), (532, 7, 'gadget', 'https://svgshare.com/i/16EY.svg', 'minim', '{"Dissentinguiq":"Ius amicia voluptatem"}'), (533, 7, 'gadget', 'https://svgshare.com/i/16EY.svg', 'in', '{"Omni":"D rem convenire"}'), (534, 7, 'gadget', 'https://svgshare.com/i/16EY.svg', 'consequat sunt', '{"Civium":"Habertimum iner declinatom"}'), (535, 7, 'gadget', 'https://svgshare.com/i/16EY.svg', 'aliqua esse enim', '{"Hominter":"Posse fastidii"}'), (536, 7, 'gadget', 'https://svgshare.com/i/16EY.svg', 'deserunt', '{"Utilii":"Dixit dolorest"}'), (537, 7, 'gadget', 'https://svgshare.com/i/16EY.svg', 'deserunt cupidatat', '{"Pectantas":"Quod uta vitae"}'), (538, 7, 'gadget', 'https://svgshare.com/i/16EY.svg', 'magna laboris', '{"Rem":"Quos ego"}'), (539, 7, 'gadget', 'https://svgshare.com/i/16EY.svg', 'aliquip', '{"Factis":"Ilisti quam"}'), (540, 7, 'gadget', 'https://svgshare.com/i/16EY.svg', 'officia proident ut', '{"Eo":"Ac qui"}'), (541, 7, 'gadget', 'https://svgshare.com/i/16EY.svg', 'laboris aliqua excepteur', '{"Esse":"Naturi cupidua ne"}'), (542, 7, 'gadget', 'https://svgshare.com/i/16EY.svg', 'aliquip proident elit', '{"Maior":"De detraxit abilla"}'), (543, 7, 'gadget', 'https://svgshare.com/i/16EY.svg', 'fugiat', '{"Ipsam":"Quamquam quod es"}'), (544, 7, 'gadget', 'https://svgshare.com/i/16EY.svg', 'nostrud', '{"Commodo":"Ophiae accusante"}'), (545, 7, 'gadget', 'https://svgshare.com/i/16EY.svg', 'cupidatat ut enim', '{"Expetent":"Quis libiderun"}'), (546, 7, 'gadget', 'https://svgshare.com/i/16EY.svg', 'qui est', '{"Aeque":"Perantes estatemus sint"}'), (547, 7, 'gadget', 'https://svgshare.com/i/16EY.svg', 'ex officia', '{"Nosterum":"Igitat latin res"}'), (548, 7, 'gadget', 'https://svgshare.com/i/16EY.svg', 'mollit', '{"Relique":"Endis leviustit quem"}'), (549, 7, 'gadget', 'https://svgshare.com/i/16EY.svg', 'laborum', '{"Est":"Tamquam audire"}'), (550, 7, 'gadget', 'https://svgshare.com/i/16EY.svg', 'dolor', '{"Inprobata":"Etiam mortem"}'), (551, 7, 'gadget', 'https://svgshare.com/i/16EY.svg', 'velit fugiat labore', '{"Satis":"De quo"}'), (552, 7, 'gadget', 'https://svgshare.com/i/16EY.svg', 'aliqua nisi', '{"Philosopor":"Libere ego de"}'), (553, 7, 'gadget', 'https://svgshare.com/i/16EY.svg', 'exercitation', '{"Abitiae":"Sit praeclare"}'), (554, 7, 'gadget', 'https://svgshare.com/i/16EY.svg', 'et', '{"Et":"Loco sed"}'), (555, 7, 'gadget', 'https://svgshare.com/i/16EY.svg', 'ea pariatur qui', '{"Sunt":"Quo recta"}'), (556, 7, 'gadget', 'https://svgshare.com/i/16EY.svg', 'deserunt sit excepteur', '{"Sunt":"Rerum probis improbavis"}'), (557, 7, 'gadget', 'https://svgshare.com/i/16EY.svg', 'esse', '{"Declineam":"Diceriet maximperan oblique"}'), (558, 8, 'character', 'https://svgshare.com/i/16EY.svg', 'ipsum qui', '{"Id":"Sitne am quisit"}'), (559, 8, 'character', 'https://svgshare.com/i/16EY.svg', 'duis mollit', '{"Ignoratio":"Cumque etiam"}'), (560, 8, 'character', 'https://svgshare.com/i/16EY.svg', 'consequat', '{"Ii":"Primis eo itaque"}'), (561, 8, 'character', 'https://svgshare.com/i/16EY.svg', 'et nisi', '{"Philos":"Deteret se"}'), (562, 8, 'character', 'https://svgshare.com/i/16EY.svg', 'ea', '{"Si":"Are dici possunt"}'), (563, 8, 'character', 'https://svgshare.com/i/16EY.svg', 'enim occaecat', '{"Quorum":"Modum metu"}'), (564, 8, 'character', 'https://svgshare.com/i/16EY.svg', 'id', '{"De":"Tenercendi ne"}'), (565, 8, 'character', 'https://svgshare.com/i/16EY.svg', 'aute', '{"Eamustatem":"Er voluptatis sed"}'), (566, 8, 'character', 'https://svgshare.com/i/16EY.svg', 'reprehenderit', '{"Est":"Modo recus"}'), (567, 8, 'character', 'https://svgshare.com/i/16EY.svg', 'commodo laboris', '{"Atam":"Iudicur tamendisced"}'), (568, 8, 'character', 'https://svgshare.com/i/16EY.svg', 'anim consequat', '{"Sent":"Remis praetorest aliquisse"}'), (569, 8, 'character', 'https://svgshare.com/i/16EY.svg', 'sit ullamco ex', '{"Ident":"Quae inionis deorsummum"}'), (570, 8, 'character', 'https://svgshare.com/i/16EY.svg', 'velit ut', '{"Se":"Quod aut"}'), (571, 8, 'character', 'https://svgshare.com/i/16EY.svg', 'pariatur reprehenderit', '{"Fit":"Corpore leviores"}'), (572, 8, 'character', 'https://svgshare.com/i/16EY.svg', 'irure tempor', '{"Et":"Dubita omnissimos rebus"}'), (573, 8, 'character', 'https://svgshare.com/i/16EY.svg', 'commodo reprehenderit', '{"Finiret":"In delici sit"}'), (574, 8, 'character', 'https://svgshare.com/i/16EY.svg', 'quis mollit proident', '{"Adverbum":"Nomin faceribus ore"}'), (575, 8, 'character', 'https://svgshare.com/i/16EY.svg', 'ex', '{"Quietusque":"Conficerum duo"}'), (576, 8, 'character', 'https://svgshare.com/i/16EY.svg', 'pariatur', '{"Nisi":"Quam ut"}'), (577, 8, 'character', 'https://svgshare.com/i/16EY.svg', 'irure', '{"Urbanitia":"Dolordation erunt ceteration"}'), (578, 8, 'character', 'https://svgshare.com/i/16EY.svg', 'excepteur', '{"Quam":"Me nisi"}'), (579, 8, 'character', 'https://svgshare.com/i/16EY.svg', 'ullamco', '{"Ratione":"Fuit videtura sequitassec"}'), (580, 8, 'character', 'https://svgshare.com/i/16EY.svg', 'cupidatat', '{"Nihil":"Qua im"}'), (581, 8, 'character', 'https://svgshare.com/i/16EY.svg', 'Lorem magna', '{"Longinquit":"Itur ane"}'), (582, 8, 'character', 'https://svgshare.com/i/16EY.svg', 'aliqua', '{"Esse":"Itas postremum"}'), (583, 8, 'character', 'https://svgshare.com/i/16EY.svg', 'est', '{"Quibus":"Aut genia"}'), (584, 8, 'character', 'https://svgshare.com/i/16EY.svg', 'do', '{"Nostrum":"Ant dissensibi dicaveria"}'), (585, 8, 'character', 'https://svgshare.com/i/16EY.svg', 'duis nostrud', '{"Entis":"Ponit tentiae"}'), (586, 8, 'character', 'https://svgshare.com/i/16EY.svg', 'ut id', '{"Praeteret":"Posse quo"}'), (587, 8, 'character', 'https://svgshare.com/i/16EY.svg', 'voluptate', '{"Quis":"Semperspici non"}'), (588, 8, 'character', 'https://svgshare.com/i/16EY.svg', 'eiusmod cillum commodo', '{"Quas":"Disputatio am modo"}'), (589, 8, 'gadget', 'https://svgshare.com/i/16EY.svg', 'reprehenderit duis', '{"Laetitur":"Rem cumcisaque ant"}'), (590, 8, 'gadget', 'https://svgshare.com/i/16EY.svg', 'dolor', '{"Eius":"Qui omnino"}'), (591, 8, 'gadget', 'https://svgshare.com/i/16EY.svg', 'culpa esse', '{"Dixi":"Ea possunt"}'), (592, 8, 'gadget', 'https://svgshare.com/i/16EY.svg', 'esse exercitation', '{"Vitiis":"Tam eo etur"}'), (593, 8, 'gadget', 'https://svgshare.com/i/16EY.svg', 'Lorem', '{"Conquis":"Voluptatem diesque e"}'), (594, 8, 'gadget', 'https://svgshare.com/i/16EY.svg', 'ad in', '{"Um":"Defendarum est"}'), (595, 8, 'gadget', 'https://svgshare.com/i/16EY.svg', 'aute tempor', '{"Vel":"Inanimper haec"}'), (596, 8, 'gadget', 'https://svgshare.com/i/16EY.svg', 'veniam incididunt', '{"Certa":"Omni scriptorqueantur"}'), (597, 8, 'gadget', 'https://svgshare.com/i/16EY.svg', 'excepteur id', '{"Im":"Quidem convertatem quem"}'), (598, 8, 'gadget', 'https://svgshare.com/i/16EY.svg', 'id', '{"Vos":"Praeterga facillum cum"}'), (599, 8, 'gadget', 'https://svgshare.com/i/16EY.svg', 'anim', '{"Autemus":"Ad quem"}'), (600, 8, 'gadget', 'https://svgshare.com/i/16EY.svg', 'non consectetur', '{"Ne":"De erstituam non"}'), (601, 8, 'gadget', 'https://svgshare.com/i/16EY.svg', 'incididunt magna', '{"Fieri":"Nullam laus"}'), (602, 8, 'gadget', 'https://svgshare.com/i/16EY.svg', 'quis occaecat', '{"Interest":"Distrahi tamenim aptis"}'), (603, 8, 'gadget', 'https://svgshare.com/i/16EY.svg', 'quis laborum', '{"Nec":"Voluptate minus quis"}'), (604, 8, 'gadget', 'https://svgshare.com/i/16EY.svg', 'dolore occaecat', '{"Ilo":"Vita desis quidem"}'), (605, 8, 'gadget', 'https://svgshare.com/i/16EY.svg', 'laboris', '{"Quia":"Sed et"}'), (606, 8, 'gadget', 'https://svgshare.com/i/16EY.svg', 'nostrud exercitation', '{"Putet":"Ne qui et"}'), (607, 8, 'gadget', 'https://svgshare.com/i/16EY.svg', 'irure', '{"T":"Atque es"}'), (608, 8, 'gadget', 'https://svgshare.com/i/16EY.svg', 'velit aliqua', '{"Declinae":"Ante neque vim"}'), (609, 8, 'gadget', 'https://svgshare.com/i/16EY.svg', 'dolor tempor esse', '{"Quidem":"Ad autem"}'), (610, 8, 'gadget', 'https://svgshare.com/i/16EY.svg', 'culpa qui aliqua', '{"Rationi":"Propterea non efficiat"}'), (611, 8, 'gadget', 'https://svgshare.com/i/16EY.svg', 'nulla', '{"Ocur":"Sibi enime"}'), (612, 8, 'gadget', 'https://svgshare.com/i/16EY.svg', 'dolore dolor', '{"Ad":"Philosophia nec ad"}'), (613, 8, 'gadget', 'https://svgshare.com/i/16EY.svg', 'do', '{"Et":"Doloreste as sed"}'), (614, 8, 'gadget', 'https://svgshare.com/i/16EY.svg', 'deserunt ex', '{"Eius":"Es exquirentum estiam"}'), (615, 8, 'gadget', 'https://svgshare.com/i/16EY.svg', 'nulla consequat deserunt', '{"Idem":"Qui succum"}'), (616, 8, 'gadget', 'https://svgshare.com/i/16EY.svg', 'reprehenderit nostrud', '{"Constituamus":"Quo dediti"}'), (617, 8, 'gadget', 'https://svgshare.com/i/16EY.svg', 'do qui', '{"Iucunt":"Est afficil esque"}'), (618, 8, 'gadget', 'https://svgshare.com/i/16EY.svg', 'consequat nisi', '{"Mors":"Deorum itos plura"}'), (619, 8, 'gadget', 'https://svgshare.com/i/16EY.svg', 'aliquip proident', '{"Profecto":"Etiam suo causa"}'), (620, 8, 'gadget', 'https://svgshare.com/i/16EY.svg', 'mollit laborum', '{"Accurrunt":"Et eaque"}'), (621, 9, 'character', 'https://svgshare.com/i/16EY.svg', 'qui esse', '{"Libiditud":"Sed amicatem democcultum"}'), (622, 9, 'character', 'https://svgshare.com/i/16EY.svg', 'officia proident aliquip', '{"Dici":"Nam iucunda licebatum"}'), (623, 9, 'character', 'https://svgshare.com/i/16EY.svg', 'sint dolor consequat', '{"Quid":"Enim non perspicuum"}'), (624, 9, 'character', 'https://svgshare.com/i/16EY.svg', 'velit magna', '{"Aliquerun":"Fore sentiam"}'), (625, 9, 'character', 'https://svgshare.com/i/16EY.svg', 'id proident Lorem', '{"Sit":"Currunt solem"}'), (626, 9, 'character', 'https://svgshare.com/i/16EY.svg', 'nulla', '{"Qui":"Ipsa igitaque"}'), (627, 9, 'character', 'https://svgshare.com/i/16EY.svg', 'laborum labore', '{"Quoddam":"Veris dilignoris esse"}'), (628, 9, 'character', 'https://svgshare.com/i/16EY.svg', 'quis minim', '{"Accedisti":"Et inquit"}'), (629, 9, 'character', 'https://svgshare.com/i/16EY.svg', 'ullamco', '{"Quae":"Privam adoli quanta"}'), (630, 9, 'character', 'https://svgshare.com/i/16EY.svg', 'duis aute', '{"Ula":"Interente autem"}'), (631, 9, 'character', 'https://svgshare.com/i/16EY.svg', 'commodo quis amet', '{"An":"Videt non"}'), (632, 9, 'character', 'https://svgshare.com/i/16EY.svg', 'esse nostrud', '{"Ut":"Nullam nam"}'), (633, 9, 'character', 'https://svgshare.com/i/16EY.svg', 'dolore consectetur', '{"Ophia":"Iliae ne sed"}'), (634, 9, 'character', 'https://svgshare.com/i/16EY.svg', 'voluptate eiusmod pariatur', '{"A":"Doloris sed fugiatur"}'), (635, 9, 'character', 'https://svgshare.com/i/16EY.svg', 'quis consequat', '{"Non":"Graviste in"}'), (636, 9, 'character', 'https://svgshare.com/i/16EY.svg', 'excepteur', '{"Peranimit":"Timo has ab"}'), (637, 9, 'character', 'https://svgshare.com/i/16EY.svg', 'qui eiusmod qui', '{"A":"Ens refugnantium aliendum"}'), (638, 9, 'character', 'https://svgshare.com/i/16EY.svg', 'ipsum sit', '{"Sed":"Ad nos magnamendi"}'), (639, 9, 'character', 'https://svgshare.com/i/16EY.svg', 'est anim', '{"Possimum":"Quantus tamendam quod"}'), (640, 9, 'character', 'https://svgshare.com/i/16EY.svg', 'in et', '{"Debentempus":"Et sed as"}'), (641, 9, 'character', 'https://svgshare.com/i/16EY.svg', 'magna pariatur et', '{"Levius":"Tu non solid"}'), (642, 9, 'character', 'https://svgshare.com/i/16EY.svg', 'ex nisi', '{"Ari":"Voluptat toteligen"}'), (643, 9, 'character', 'https://svgshare.com/i/16EY.svg', 'adipisicing', '{"Deterudo":"Etiam dicerab"}'), (644, 9, 'character', 'https://svgshare.com/i/16EY.svg', 'qui', '{"Collaudab":"Mat potesse tam"}'), (645, 9, 'character', 'https://svgshare.com/i/16EY.svg', 'duis', '{"Oderuntat":"Debem efaccedit inquam"}'), (646, 9, 'character', 'https://svgshare.com/i/16EY.svg', 'qui ex', '{"Estiae":"Utrum voluptas voluptatib"}'), (647, 9, 'character', 'https://svgshare.com/i/16EY.svg', 'culpa cupidatat', '{"Eret":"Nostras quibus"}'), (648, 9, 'character', 'https://svgshare.com/i/16EY.svg', 'adipisicing aliquip', '{"Vitam":"Extremum nostrum"}'), (649, 9, 'character', 'https://svgshare.com/i/16EY.svg', 'aliquip nostrud', '{"Non":"Harum dignitudin ab"}'), (650, 9, 'character', 'https://svgshare.com/i/16EY.svg', 'enim ut', '{"Efacuti":"Possit latinum"}'), (651, 9, 'character', 'https://svgshare.com/i/16EY.svg', 'non reprehenderit', '{"Quam":"Physicis autem"}'), (652, 9, 'character', 'https://svgshare.com/i/16EY.svg', 'ad dolor', '{"Pro":"Exullam superime tur"}'), (653, 9, 'character', 'https://svgshare.com/i/16EY.svg', 'magna nisi id', '{"Quaeri":"Notionis in tam"}'), (654, 9, 'character', 'https://svgshare.com/i/16EY.svg', 'ut aute aliqua', '{"Nullam":"Non foderari ant"}'), (655, 9, 'character', 'https://svgshare.com/i/16EY.svg', 'incididunt', '{"A":"Neces malorem aut"}'), (656, 9, 'gadget', 'https://svgshare.com/i/16EY.svg', 'laboris consectetur', '{"Ipsas":"Factis saepe primum"}'), (657, 9, 'gadget', 'https://svgshare.com/i/16EY.svg', 'ipsum anim consequat', '{"Posse":"Non voluptas"}'), (658, 9, 'gadget', 'https://svgshare.com/i/16EY.svg', 'occaecat', '{"Voluptates":"Percipi dicta animicit"}'), (659, 9, 'gadget', 'https://svgshare.com/i/16EY.svg', 'tempor', '{"Falsariae":"Earum sed etiamus"}'), (660, 9, 'gadget', 'https://svgshare.com/i/16EY.svg', 'esse aliqua', '{"Ilem":"Ponat dissentener legebita"}'), (661, 9, 'gadget', 'https://svgshare.com/i/16EY.svg', 'in officia', '{"Quidnam":"Ultim id voluperud"}'), (662, 9, 'gadget', 'https://svgshare.com/i/16EY.svg', 'laborum adipisicing', '{"Multa":"Ad antis"}'), (663, 9, 'gadget', 'https://svgshare.com/i/16EY.svg', 'ex', '{"Inducatque":"Dis consul"}'), (664, 9, 'gadget', 'https://svgshare.com/i/16EY.svg', 'nostrud deserunt eu', '{"Modum":"Voluptates docti quem"}'), (665, 9, 'gadget', 'https://svgshare.com/i/16EY.svg', 'fugiat do', '{"Num":"Imis natur"}'), (666, 9, 'gadget', 'https://svgshare.com/i/16EY.svg', 'anim pariatur', '{"Quam":"A dem"}'), (667, 9, 'gadget', 'https://svgshare.com/i/16EY.svg', 'exercitation anim occaecat', '{"Ulla":"Etur molest"}'), (668, 9, 'gadget', 'https://svgshare.com/i/16EY.svg', 'consequat et', '{"Sive":"Imalem aeteret undit"}'), (669, 9, 'gadget', 'https://svgshare.com/i/16EY.svg', 'reprehenderit fugiat cupidatat', '{"Esse":"Ut puto"}'), (670, 9, 'gadget', 'https://svgshare.com/i/16EY.svg', 'consectetur culpa', '{"Modus":"Tam re"}'), (671, 9, 'gadget', 'https://svgshare.com/i/16EY.svg', 'esse reprehenderit', '{"Se":"Tum autem miraris"}'), (672, 9, 'gadget', 'https://svgshare.com/i/16EY.svg', 'aute aliquip', '{"Proptervalla":"Fidet in arent"}'), (673, 9, 'gadget', 'https://svgshare.com/i/16EY.svg', 'laborum nostrud irure', '{"A":"Feratque nascuntur"}'), (674, 9, 'gadget', 'https://svgshare.com/i/16EY.svg', 'ut excepteur exercitation', '{"Deniquem":"Alii vel de"}'), (675, 9, 'gadget', 'https://svgshare.com/i/16EY.svg', 'dolor adipisicing', '{"Tibi":"Licit id"}'), (676, 9, 'gadget', 'https://svgshare.com/i/16EY.svg', 'deserunt sunt', '{"Est":"Minorem aequum"}'), (677, 9, 'gadget', 'https://svgshare.com/i/16EY.svg', 'exercitation', '{"Laetitorib":"Qua quod"}'), (678, 9, 'gadget', 'https://svgshare.com/i/16EY.svg', 'occaecat proident eu', '{"Cum":"Nec eratis tum"}'), (679, 9, 'gadget', 'https://svgshare.com/i/16EY.svg', 'est ea', '{"Quibus":"Eturo am nam"}'), (680, 9, 'gadget', 'https://svgshare.com/i/16EY.svg', 'elit nulla', '{"Graecos":"Nec macedatum sit"}'), (681, 9, 'gadget', 'https://svgshare.com/i/16EY.svg', 'pariatur', '{"Confidam":"Monet aut"}'), (682, 9, 'gadget', 'https://svgshare.com/i/16EY.svg', 'duis dolore', '{"Praetert":"Dicam ob a"}'), (683, 9, 'gadget', 'https://svgshare.com/i/16EY.svg', 'velit', '{"Phaedrumque":"Est et est"}'), (684, 9, 'gadget', 'https://svgshare.com/i/16EY.svg', 'commodo cillum incididunt', '{"Delicandro":"Acesse aut et"}'), (685, 9, 'gadget', 'https://svgshare.com/i/16EY.svg', 'aute officia ut', '{"Aut":"Disciplinab per recta"}'), (686, 9, 'gadget', 'https://svgshare.com/i/16EY.svg', 'mollit elit', '{"Parari":"Veserius quae nullo"}'), (687, 9, 'gadget', 'https://svgshare.com/i/16EY.svg', 'est eiusmod', '{"Quaeso":"Am voluptate dolorum"}'), (688, 9, 'gadget', 'https://svgshare.com/i/16EY.svg', 'officia', '{"Potes":"Novum hoc"}'), (689, 9, 'gadget', 'https://svgshare.com/i/16EY.svg', 'reprehenderit', '{"Sed":"Sine naturaliq"}'), (690, 9, 'gadget', 'https://svgshare.com/i/16EY.svg', 'ipsum voluptate', '{"Ariquamus":"Quae libertuno plura"}'), (691, 9, 'gadget', 'https://svgshare.com/i/16EY.svg', 'laborum ex', '{"Ere":"Voluptatis vos transferam"}'), (692, 9, 'gadget', 'https://svgshare.com/i/16EY.svg', 'officia sunt', '{"Est":"Graeci quod beata"}'), (693, 9, 'gadget', 'https://svgshare.com/i/16EY.svg', 'amet', '{"Modus":"Populitaq rebus mox"}'), (694, 9, 'gadget', 'https://svgshare.com/i/16EY.svg', 'proident', '{"Pueros":"Quibus hoc am"}'), (695, 9, 'gadget', 'https://svgshare.com/i/16EY.svg', 'cillum incididunt veniam', '{"Finit":"Utrisque vero ratio"}'), (696, 9, 'gadget', 'https://svgshare.com/i/16EY.svg', 'ullamco', '{"Videanturam":"Dixi sit inquam"}'), (697, 9, 'gadget', 'https://svgshare.com/i/16EY.svg', 'ullamco non eiusmod', '{"Quid":"In igitaque solum"}'), (698, 9, 'gadget', 'https://svgshare.com/i/16EY.svg', 'sunt', '{"Labore":"Nihilius esse"}'), (699, 9, 'gadget', 'https://svgshare.com/i/16EY.svg', 'nulla et', '{"Mnesare":"Non a propter"}'), (700, 9, 'gadget', 'https://svgshare.com/i/16EY.svg', 'ullamco esse eiusmod', '{"Possunt":"Malle tum"}'), (701, 9, 'gadget', 'https://svgshare.com/i/16EY.svg', 'cupidatat commodo', '{"Ferat":"Perveniam et videt"}'), (702, 9, 'gadget', 'https://svgshare.com/i/16EY.svg', 'sit esse', '{"Dolore":"Quiddam am"}'), (703, 10, 'character', 'https://svgshare.com/i/16EY.svg', 'elit mollit deserunt', '{"Versantur":"Loco credo"}'), (704, 10, 'character', 'https://svgshare.com/i/16EY.svg', 'cupidatat irure eiusmod', '{"Tibique":"Enturi non inum"}'), (705, 10, 'character', 'https://svgshare.com/i/16EY.svg', 'officia magna', '{"Ut":"Essentientium et sed"}'), (706, 10, 'character', 'https://svgshare.com/i/16EY.svg', 'incididunt excepteur ipsum', '{"Atur":"Praesenimi volunda"}'), (707, 10, 'character', 'https://svgshare.com/i/16EY.svg', 'fugiat nostrud', '{"Patriusque":"Ponunde alis"}'), (708, 10, 'character', 'https://svgshare.com/i/16EY.svg', 'consequat exercitation enim', '{"Potes":"A nis"}'), (709, 10, 'character', 'https://svgshare.com/i/16EY.svg', 'cillum nulla deserunt', '{"Susciplinis":"Fecta dem"}'), (710, 10, 'character', 'https://svgshare.com/i/16EY.svg', 'et irure veniam', '{"Et":"Sentio rem ruant"}'), (711, 10, 'character', 'https://svgshare.com/i/16EY.svg', 'et commodo', '{"Omnino":"Quid et dissent"}'), (712, 10, 'character', 'https://svgshare.com/i/16EY.svg', 'aute sit mollit', '{"Cum":"Am modo"}'), (713, 10, 'character', 'https://svgshare.com/i/16EY.svg', 'duis deserunt', '{"Everrore":"Sitne praesentem extremum"}'), (714, 10, 'character', 'https://svgshare.com/i/16EY.svg', 'nostrud pariatur', '{"Sine":"Aliquid nullae antiamque"}'), (715, 10, 'character', 'https://svgshare.com/i/16EY.svg', 'nulla', '{"Et":"Numquam ad"}'), (716, 10, 'character', 'https://svgshare.com/i/16EY.svg', 'minim id voluptate', '{"Et":"Eum quibus voluptatis"}'), (717, 10, 'character', 'https://svgshare.com/i/16EY.svg', 'ipsum', '{"Eo":"Ab idie in"}'), (718, 10, 'character', 'https://svgshare.com/i/16EY.svg', 'do consectetur', '{"Adiunt":"Tare qui"}'), (719, 10, 'character', 'https://svgshare.com/i/16EY.svg', 'excepteur qui', '{"Erita":"Nis vitae"}'), (720, 10, 'character', 'https://svgshare.com/i/16EY.svg', 'esse fugiat sint', '{"Tament":"Exere etsi"}'), (721, 10, 'character', 'https://svgshare.com/i/16EY.svg', 'ea sint', '{"Neglegendis":"Voluptat neque"}'), (722, 10, 'character', 'https://svgshare.com/i/16EY.svg', 'do nulla', '{"Nihilita":"Afferam se est"}'), (723, 10, 'character', 'https://svgshare.com/i/16EY.svg', 'id enim', '{"Quam":"Iuberitem corporis sum"}'), (724, 10, 'character', 'https://svgshare.com/i/16EY.svg', 'elit quis', '{"Inhumillam":"Cum magna declinamic"}'), (725, 10, 'character', 'https://svgshare.com/i/16EY.svg', 'do velit', '{"Teresse":"Notionum semper"}'), (726, 10, 'character', 'https://svgshare.com/i/16EY.svg', 'proident aliquip', '{"Ratu":"Naturi imus"}'), (727, 10, 'character', 'https://svgshare.com/i/16EY.svg', 'laboris sint Lorem', '{"Nec":"Quanta et sit"}'), (728, 10, 'character', 'https://svgshare.com/i/16EY.svg', 'excepteur', '{"Namenim":"Aut it potesse"}'), (729, 10, 'character', 'https://svgshare.com/i/16EY.svg', 'amet', '{"Aliquerin":"Proficur tritantiam per"}'), (730, 10, 'character', 'https://svgshare.com/i/16EY.svg', 'nulla in aliquip', '{"Orest":"Ophi nos"}'), (731, 10, 'character', 'https://svgshare.com/i/16EY.svg', 'elit', '{"Praeclaram":"Am omnino"}'), (732, 10, 'character', 'https://svgshare.com/i/16EY.svg', 'consectetur', '{"Discedere":"Exeret lat"}'), (733, 10, 'character', 'https://svgshare.com/i/16EY.svg', 'pariatur adipisicing', '{"Ut":"Iucundum esse"}'), (734, 10, 'character', 'https://svgshare.com/i/16EY.svg', 'reprehenderit ex', '{"In":"Detracto voluptate"}'), (735, 10, 'character', 'https://svgshare.com/i/16EY.svg', 'consequat non', '{"Diis":"Vitae quaeque"}'), (736, 10, 'character', 'https://svgshare.com/i/16EY.svg', 'Lorem', '{"Diceruntiar":"Percipavis sunt aut"}'), (737, 10, 'character', 'https://svgshare.com/i/16EY.svg', 'incididunt eu minim', '{"Sunt":"Epicisset eaque esse"}'), (738, 10, 'character', 'https://svgshare.com/i/16EY.svg', 'irure irure', '{"Antes":"Anitaque ales"}'), (739, 10, 'character', 'https://svgshare.com/i/16EY.svg', 'labore', '{"Laborum":"Legere levamicio faciant"}'), (740, 10, 'character', 'https://svgshare.com/i/16EY.svg', 'est non', '{"Putantur":"Beatus comit"}'), (741, 10, 'character', 'https://svgshare.com/i/16EY.svg', 'in', '{"In":"Ut non gere"}'), (742, 10, 'character', 'https://svgshare.com/i/16EY.svg', 'officia laborum laboris', '{"Tellegentib":"Us explicem"}'), (743, 10, 'character', 'https://svgshare.com/i/16EY.svg', 'laborum', '{"In":"Fabula quae exere"}'), (744, 10, 'gadget', 'https://svgshare.com/i/16EY.svg', 'incididunt commodo', '{"Es":"Scribenim inem in"}'), (745, 10, 'gadget', 'https://svgshare.com/i/16EY.svg', 'ex exercitation commodo', '{"Propriusque":"Ut sumitistem"}'), (746, 10, 'gadget', 'https://svgshare.com/i/16EY.svg', 'ea duis tempor', '{"Ea":"Amus dicunde esset"}'), (747, 10, 'gadget', 'https://svgshare.com/i/16EY.svg', 'Lorem ex', '{"Praesent":"Dolornam eo"}'), (748, 10, 'gadget', 'https://svgshare.com/i/16EY.svg', 'veniam', '{"Nonne":"Natum male vitium"}'), (749, 10, 'gadget', 'https://svgshare.com/i/16EY.svg', 'sunt id aute', '{"Extremum":"Bene dictur ut"}'), (750, 10, 'gadget', 'https://svgshare.com/i/16EY.svg', 'tempor aliquip', '{"Functio":"Sibi ad"}'), (751, 10, 'gadget', 'https://svgshare.com/i/16EY.svg', 'commodo', '{"Qui":"Est nobisse ipsummum"}'), (752, 10, 'gadget', 'https://svgshare.com/i/16EY.svg', 'eu in', '{"In":"Domintelleg fanti"}'), (753, 10, 'gadget', 'https://svgshare.com/i/16EY.svg', 'magna enim', '{"Vel":"Efficillum copiose tam"}'), (754, 10, 'gadget', 'https://svgshare.com/i/16EY.svg', 'ad', '{"Vidus":"Ut officiat"}'), (755, 10, 'gadget', 'https://svgshare.com/i/16EY.svg', 'eiusmod est', '{"Es":"Sunt nulla"}'), (756, 10, 'gadget', 'https://svgshare.com/i/16EY.svg', 'laborum laboris', '{"Alterrogar":"Nos id"}'), (757, 10, 'gadget', 'https://svgshare.com/i/16EY.svg', 'quis do', '{"Inenime":"Aequit iudicur a"}'), (758, 10, 'gadget', 'https://svgshare.com/i/16EY.svg', 'consectetur ex', '{"Bonum":"Graecisse esto non"}'), (759, 10, 'gadget', 'https://svgshare.com/i/16EY.svg', 'exercitation reprehenderit', '{"Expetua":"Restate amotio"}'), (760, 10, 'gadget', 'https://svgshare.com/i/16EY.svg', 'elit', '{"Ultimum":"Dicergo sic nostra"}'), (761, 10, 'gadget', 'https://svgshare.com/i/16EY.svg', 'aliqua aute ullamco', '{"Uti":"Viti propter"}'), (762, 10, 'gadget', 'https://svgshare.com/i/16EY.svg', 'proident culpa', '{"Non":"Ationem autem"}'), (763, 10, 'gadget', 'https://svgshare.com/i/16EY.svg', 'excepteur id', '{"Ne":"Duce physico"}'), (764, 10, 'gadget', 'https://svgshare.com/i/16EY.svg', 'pariatur deserunt', '{"Voluptatis":"Philos ego"}'), (765, 10, 'gadget', 'https://svgshare.com/i/16EY.svg', 'nisi et', '{"Est":"De quod"}'), (766, 10, 'gadget', 'https://svgshare.com/i/16EY.svg', 'commodo non', '{"Sus":"Deorsummam partesque"}'), (767, 10, 'gadget', 'https://svgshare.com/i/16EY.svg', 'qui', '{"Autem":"Celeretis mirare non"}'), (768, 10, 'gadget', 'https://svgshare.com/i/16EY.svg', 'laborum laborum', '{"Opere":"Id parta potest"}'), (769, 10, 'gadget', 'https://svgshare.com/i/16EY.svg', 'ullamco fugiat ex', '{"A":"Plura iuberet es"}'), (770, 10, 'gadget', 'https://svgshare.com/i/16EY.svg', 'sunt laboris exercitation', '{"Suo":"Sit philos omi"}'), (771, 10, 'gadget', 'https://svgshare.com/i/16EY.svg', 'nisi', '{"Cupiden":"Everea ipsa"}'), (772, 10, 'gadget', 'https://svgshare.com/i/16EY.svg', 'proident aliquip', '{"Ea":"Providua minus"}'), (773, 10, 'gadget', 'https://svgshare.com/i/16EY.svg', 'ea voluptate', '{"Fit":"Quaeque incur"}'), (774, 10, 'gadget', 'https://svgshare.com/i/16EY.svg', 'officia minim', '{"Refere":"Semperican iucuntur omni"}'), (775, 10, 'gadget', 'https://svgshare.com/i/16EY.svg', 'sint aliquip', '{"Dolornatur":"Videamus iudexistun voluptas"}'), (776, 10, 'gadget', 'https://svgshare.com/i/16EY.svg', 'ea excepteur', '{"Expetension":"Nec quae"}'), (777, 10, 'gadget', 'https://svgshare.com/i/16EY.svg', 'nulla', '{"Ea":"Argumender eadem"}'), (778, 10, 'gadget', 'https://svgshare.com/i/16EY.svg', 'cillum qui', '{"In":"Eret exquisita"}'), (779, 10, 'gadget', 'https://svgshare.com/i/16EY.svg', 'commodo duis', '{"Defut":"Hic de"}'), (780, 10, 'gadget', 'https://svgshare.com/i/16EY.svg', 'voluptate aliqua', '{"Nobis":"Alii non"}');
SELECT setval('"public"."game_id_seq"'::regclass, (SELECT MAX("id") FROM "public"."game"));
SELECT setval('"public"."game_object_id_seq"'::regclass, (SELECT MAX("id") FROM "public"."game_object"));
INSERT INTO public.team (id,name,plan_id,game_id,created_at,updated_at) VALUES ('7c2c4732-09c1-5f7b-87ca-c53e7497b4ef', 'Cillum Eu Nisi', NULL, 7, DEFAULT, DEFAULT), ('f50563b6-8532-51ec-b121-d8c6bca3e897', 'Sint Excepteur Tempo', NULL, 10, DEFAULT, DEFAULT), ('5e20f9a8-7b26-5a5f-8426-6b12c182d23c', 'Enim Sit Duis', NULL, 9, DEFAULT, DEFAULT), ('53fe0e9e-3358-5722-b994-4faad8733cd3', 'Deserunt Velit Excep', NULL, 7, DEFAULT, DEFAULT), ('782f7eda-e535-5ab3-8415-643126d3b0fa', 'Lorem Culpa Nisi', NULL, 8, DEFAULT, DEFAULT), ('5daf6f25-3b97-5f49-8f75-4ba5d1d74cd3', 'Aute Occaecat', NULL, 7, DEFAULT, DEFAULT);
INSERT INTO public.plan (id,name,pricing,pricing_interval,color,default_plan,config,created_at,updated_at) VALUES (4, 'Essential', 0, 'annually', 'rgba(245, 245, 245, .7)', 't', '{"max_members":6,"max_blueprints":100,"max_books":20}', DEFAULT, DEFAULT), (5, 'Advanced', 15.803108597090716, 'annually', 'rgb(107, 185, 242)', 'f', '{"max_members":12,"max_blueprints":200,"max_books":40}', DEFAULT, DEFAULT), (6, 'Pro', 12.111348826482082, 'monthly', 'rgb(224, 76, 85)', 'f', '{"max_members":18,"max_blueprints":300,"max_books":60}', DEFAULT, DEFAULT);
INSERT INTO public.book (id,name,team_id,index,created_at,updated_at) VALUES ('1e7e0bcb-4fc0-5d72-81a5-d67a74a13595', 'Eu Nostrud Sit', '7c2c4732-09c1-5f7b-87ca-c53e7497b4ef', DEFAULT, DEFAULT, DEFAULT), ('d297ab9e-40d4-51b5-bb8f-a1df399f1a9a', 'Nulla Dolore Sunt', '7c2c4732-09c1-5f7b-87ca-c53e7497b4ef', DEFAULT, DEFAULT, DEFAULT), ('d1b8f3f8-af26-5088-8712-273c28ba98f7', 'Non', '7c2c4732-09c1-5f7b-87ca-c53e7497b4ef', DEFAULT, DEFAULT, DEFAULT), ('3ff60d7a-a4ad-54c5-a422-53b52cd53093', 'Amet', '7c2c4732-09c1-5f7b-87ca-c53e7497b4ef', DEFAULT, DEFAULT, DEFAULT), ('cfbfd1d4-e77f-57e5-94da-e9ff2cc7a996', 'Anim', '7c2c4732-09c1-5f7b-87ca-c53e7497b4ef', DEFAULT, DEFAULT, DEFAULT), ('92bf5244-388d-5bbf-bd84-1c7ad2efe31b', 'Sint', '7c2c4732-09c1-5f7b-87ca-c53e7497b4ef', DEFAULT, DEFAULT, DEFAULT), ('98eaafd3-adbf-5a3e-adb9-b3fb6971b6f1', 'Excepteur Mollit', 'f50563b6-8532-51ec-b121-d8c6bca3e897', DEFAULT, DEFAULT, DEFAULT), ('2d1d7734-be70-5d07-a538-e76c6cae722e', 'Sit Tempor Proident', 'f50563b6-8532-51ec-b121-d8c6bca3e897', DEFAULT, DEFAULT, DEFAULT), ('b5605791-3389-56c2-9ec6-17d538b9bb85', 'Fugiat Sint Nostrud', 'f50563b6-8532-51ec-b121-d8c6bca3e897', DEFAULT, DEFAULT, DEFAULT), ('a5831e58-2fc9-5b59-970d-00c344a4eb18', 'Ex Consectetur Irure', 'f50563b6-8532-51ec-b121-d8c6bca3e897', DEFAULT, DEFAULT, DEFAULT), ('756cbb59-27d6-58f3-b4b9-8b56121e683f', 'Ex Exercitation Proi', 'f50563b6-8532-51ec-b121-d8c6bca3e897', DEFAULT, DEFAULT, DEFAULT), ('b64d0217-6a7b-5682-8927-676434f72be9', 'Excepteur Velit Duis', 'f50563b6-8532-51ec-b121-d8c6bca3e897', DEFAULT, DEFAULT, DEFAULT), ('09617df2-6261-5b47-bc30-85d317367d48', 'Velit', 'f50563b6-8532-51ec-b121-d8c6bca3e897', DEFAULT, DEFAULT, DEFAULT), ('98b30307-7ea7-5b6c-b9e4-560fe08299de', 'Laboris Aute', 'f50563b6-8532-51ec-b121-d8c6bca3e897', DEFAULT, DEFAULT, DEFAULT), ('731b24f8-f083-56fc-9161-1fd32dcd58d0', 'Occaecat Voluptate', 'f50563b6-8532-51ec-b121-d8c6bca3e897', DEFAULT, DEFAULT, DEFAULT), ('d19db439-c7e7-53a7-aa19-0db346180dc1', 'Voluptate', '5e20f9a8-7b26-5a5f-8426-6b12c182d23c', DEFAULT, DEFAULT, DEFAULT), ('91434b27-2651-5429-8f42-45c3f8e334a0', 'Laboris Culpa', '5e20f9a8-7b26-5a5f-8426-6b12c182d23c', DEFAULT, DEFAULT, DEFAULT), ('549980e7-3e77-5d76-b263-84664d04b209', 'Fugiat', '5e20f9a8-7b26-5a5f-8426-6b12c182d23c', DEFAULT, DEFAULT, DEFAULT), ('e4de1a09-bd9a-5e42-b92c-2cb1af28bec6', 'Quis Id', '5e20f9a8-7b26-5a5f-8426-6b12c182d23c', DEFAULT, DEFAULT, DEFAULT), ('f4b5542b-ba61-519e-a8d2-5793282ad487', 'Nostrud Incididunt', '5e20f9a8-7b26-5a5f-8426-6b12c182d23c', DEFAULT, DEFAULT, DEFAULT), ('cd7c291a-6d6e-5632-91e5-b7fd7a634d7d', 'Est Ipsum', '5e20f9a8-7b26-5a5f-8426-6b12c182d23c', DEFAULT, DEFAULT, DEFAULT), ('4da5a34b-d621-539d-93ed-4bd842601284', 'In Culpa', '5e20f9a8-7b26-5a5f-8426-6b12c182d23c', DEFAULT, DEFAULT, DEFAULT), ('eb3795e9-0dc2-506f-818c-e81bf7149197', 'Eu Ipsum', '5e20f9a8-7b26-5a5f-8426-6b12c182d23c', DEFAULT, DEFAULT, DEFAULT), ('3dbd7acc-a0c5-5607-8378-ec8dc206b269', 'Proident Mollit', '5e20f9a8-7b26-5a5f-8426-6b12c182d23c', DEFAULT, DEFAULT, DEFAULT), ('b32027db-33da-5dc2-b906-e0c2a06ac683', 'Consequat Est Eiusmo', '53fe0e9e-3358-5722-b994-4faad8733cd3', DEFAULT, DEFAULT, DEFAULT), ('b7a89d05-549f-565f-b631-b59097e91d1a', 'Qui Eu Eu', '53fe0e9e-3358-5722-b994-4faad8733cd3', DEFAULT, DEFAULT, DEFAULT), ('ac9f0e3e-b030-584f-a8dd-87355fe22537', 'Dolore', '53fe0e9e-3358-5722-b994-4faad8733cd3', DEFAULT, DEFAULT, DEFAULT), ('438bff0e-fd50-5c86-89ee-d397a0c0e548', 'Voluptate Consequat ', '53fe0e9e-3358-5722-b994-4faad8733cd3', DEFAULT, DEFAULT, DEFAULT), ('a3141029-aec2-543b-b18a-49fe947e3304', 'Ullamco Sint', '782f7eda-e535-5ab3-8415-643126d3b0fa', DEFAULT, DEFAULT, DEFAULT), ('6c52c1d9-13a4-51ef-ae51-1dacc4c14be9', 'Quis', '782f7eda-e535-5ab3-8415-643126d3b0fa', DEFAULT, DEFAULT, DEFAULT), ('2589cf16-4103-5a4f-b544-b30078083eaa', 'Nulla Id', '782f7eda-e535-5ab3-8415-643126d3b0fa', DEFAULT, DEFAULT, DEFAULT), ('a88bc9b9-135e-55c7-8c4c-5a072a3c8573', 'Id Mollit', '782f7eda-e535-5ab3-8415-643126d3b0fa', DEFAULT, DEFAULT, DEFAULT), ('8b7e423b-b9b9-5b3c-bf3d-1aa45d16235c', 'Cillum', '782f7eda-e535-5ab3-8415-643126d3b0fa', DEFAULT, DEFAULT, DEFAULT), ('882c7ae5-914f-539d-8207-691de536097f', 'Dolor Minim', '782f7eda-e535-5ab3-8415-643126d3b0fa', DEFAULT, DEFAULT, DEFAULT), ('811570ef-0b81-508d-ba05-2f5e812d4131', 'Tempor', '782f7eda-e535-5ab3-8415-643126d3b0fa', DEFAULT, DEFAULT, DEFAULT), ('9b1fc781-1e4e-56d2-bd68-0dc257a319c0', 'Minim Ut', '5daf6f25-3b97-5f49-8f75-4ba5d1d74cd3', DEFAULT, DEFAULT, DEFAULT), ('8a0a556f-d942-55f0-8ba8-1ffbfaf3c6d9', 'Aliquip', '5daf6f25-3b97-5f49-8f75-4ba5d1d74cd3', DEFAULT, DEFAULT, DEFAULT), ('91fa3874-9437-5dfa-a49a-f19fb38d9e92', 'Id', '5daf6f25-3b97-5f49-8f75-4ba5d1d74cd3', DEFAULT, DEFAULT, DEFAULT), ('eda91f04-12ef-5904-88aa-e6ed9a692e03', 'Laborum', '5daf6f25-3b97-5f49-8f75-4ba5d1d74cd3', DEFAULT, DEFAULT, DEFAULT), ('1d3f740a-8c60-5c1d-aa9e-3854a33c8e1d', 'Nostrud Labore', '5daf6f25-3b97-5f49-8f75-4ba5d1d74cd3', DEFAULT, DEFAULT, DEFAULT);
UPDATE public.team SET plan_id = 4 WHERE id = '7c2c4732-09c1-5f7b-87ca-c53e7497b4ef';
UPDATE public.team SET plan_id = 4 WHERE id = 'f50563b6-8532-51ec-b121-d8c6bca3e897';
UPDATE public.team SET plan_id = 5 WHERE id = '5e20f9a8-7b26-5a5f-8426-6b12c182d23c';
UPDATE public.team SET plan_id = 5 WHERE id = '53fe0e9e-3358-5722-b994-4faad8733cd3';
UPDATE public.team SET plan_id = 6 WHERE id = '782f7eda-e535-5ab3-8415-643126d3b0fa';
UPDATE public.team SET plan_id = 6 WHERE id = '5daf6f25-3b97-5f49-8f75-4ba5d1d74cd3';
SELECT setval('"public"."plan_id_seq"'::regclass, (SELECT MAX("id") FROM "public"."plan"));
INSERT INTO public.arena (id,game_id,name,outdated,created_at,updated_at) VALUES (8, 8, 'Ut Nostrud Eu', 't', DEFAULT, DEFAULT), (9, 5, 'Culpa Elit', 'f', DEFAULT, DEFAULT), (10, 8, 'Reprehenderit Do', 't', DEFAULT, DEFAULT), (11, 5, 'Duis Dolore Sint', 't', DEFAULT, DEFAULT), (12, 8, 'Sunt Irure Dolor', 't', DEFAULT, DEFAULT), (13, 8, 'Ut Occaecat', 'f', DEFAULT, DEFAULT), (14, 6, 'Adipisicing Ut', 'f', DEFAULT, DEFAULT);
INSERT INTO public.arena_level (id,index,arena_id,image) VALUES (22, 0, 8, 'https://svgshare.com/i/161z.svg'), (23, 1, 8, 'https://svgshare.com/i/162B.svg'), (24, 2, 8, 'https://svgshare.com/i/1602.svg'), (25, 0, 9, 'https://svgshare.com/i/161z.svg'), (26, 1, 9, 'https://svgshare.com/i/162B.svg'), (27, 2, 9, 'https://svgshare.com/i/1602.svg'), (28, 0, 10, 'https://svgshare.com/i/161z.svg'), (29, 1, 10, 'https://svgshare.com/i/162B.svg'), (30, 2, 10, 'https://svgshare.com/i/1602.svg'), (31, 0, 11, 'https://svgshare.com/i/161z.svg'), (32, 1, 11, 'https://svgshare.com/i/162B.svg'), (33, 2, 11, 'https://svgshare.com/i/1602.svg'), (34, 0, 12, 'https://svgshare.com/i/161z.svg'), (35, 1, 12, 'https://svgshare.com/i/162B.svg'), (36, 2, 12, 'https://svgshare.com/i/1602.svg'), (37, 0, 13, 'https://svgshare.com/i/161z.svg'), (38, 1, 13, 'https://svgshare.com/i/162B.svg'), (39, 2, 13, 'https://svgshare.com/i/1602.svg'), (40, 0, 14, 'https://svgshare.com/i/161z.svg'), (41, 1, 14, 'https://svgshare.com/i/162B.svg'), (42, 2, 14, 'https://svgshare.com/i/1602.svg');
SELECT setval('"public"."arena_id_seq"'::regclass, (SELECT MAX("id") FROM "public"."arena"));
SELECT setval('"public"."arena_level_id_seq"'::regclass, (SELECT MAX("id") FROM "public"."arena_level"));
INSERT INTO public.blueprint (id,book_id,arena_id,visibility,name,tags,created_at,updated_at) VALUES ('fd4a2d4e-8569-59ca-837d-fb7fa0ab1be1', '3ff60d7a-a4ad-54c5-a422-53b52cd53093', 8, 'public', 'Roaming Support Plan', '{"consequat labore","sit ad","adipisicing cillum incididunt an","aliquip ipsum ad","voluptate consectetur fugiat rep","incididunt magna duis irure"}', DEFAULT, DEFAULT), ('e0502ed9-8194-54d4-be5d-43176e2a7438', '8a0a556f-d942-55f0-8ba8-1ffbfaf3c6d9', 12, 'unlisted', 'Roaming Support Plan', '{"et dolore sunt","et","est consectetur","ad","magna","et veniam eu","nulla ipsum qui","proident occaecat","velit quis ad"}', DEFAULT, DEFAULT), ('cba89714-5b1d-590f-92a2-27cfb555b7e4', '91fa3874-9437-5dfa-a49a-f19fb38d9e92', 12, 'public', 'Gank Heavy Approach', '{"ex cupidatat quis pariatur ea","nostrud velit sint","nisi quis ullamco esse","duis laborum id"}', DEFAULT, DEFAULT), ('497b8842-fb80-5638-ba6f-3f3e64daa06b', '4da5a34b-d621-539d-93ed-4bd842601284', 9, 'public', 'Map Control Blueprint', '{"culpa voluptate dolor nostrud","amet ut elit"}', DEFAULT, DEFAULT), ('75fbf0dd-b3c9-5513-87f0-9d9a9004f64c', '4da5a34b-d621-539d-93ed-4bd842601284', 14, 'private', 'Baron Control Strategy', '{"culpa reprehenderit excepteur si","elit","proident","exercitation est elit"}', DEFAULT, DEFAULT), ('0352b4c9-6de9-5702-929d-3d622c6456a1', '756cbb59-27d6-58f3-b4b9-8b56121e683f', 12, 'public', 'Rotation Strategy Document', '{"cillum est deserunt nulla","occaecat veniam aute aliquip","duis nisi","consequat","ex commodo nulla pariatur"}', DEFAULT, DEFAULT), ('1e701d2b-566c-5f82-8280-a2a9d02ee590', '2d1d7734-be70-5d07-a538-e76c6cae722e', 9, 'unlisted', 'Early Game Dominance Guide', '{"occaecat","magna","minim quis occaecat","consequat ut ea proident","nisi exercitation pariatur incid","est exercitation","Lorem aute amet quis","voluptate"}', DEFAULT, DEFAULT), ('f04c0ed1-b624-5092-8b98-dae6fff857dc', 'ac9f0e3e-b030-584f-a8dd-87355fe22537', 8, 'private', 'Early Game Dominance Guide', '{"et commodo dolore","proident ea","incididunt mollit anim esse","adipisicing duis","aliquip nulla fugiat","in et","nostrud ad amet culpa nostrud","dolor culpa","do aliqua","consectetur aliqua in non"}', DEFAULT, DEFAULT), ('7eef79d9-ea6c-5417-b347-09dbcb8b4c78', '98eaafd3-adbf-5a3e-adb9-b3fb6971b6f1', 12, 'unlisted', 'Roaming Support Plan', '{"pariatur do veniam","deserunt exercitation","non magna sunt","nulla pariatur labore officia","aliquip qui elit minim"}', DEFAULT, DEFAULT), ('3aff3e37-0331-5c7a-a0f5-1b6595c2ad7b', 'b7a89d05-549f-565f-b631-b59097e91d1a', 8, 'public', 'Baron Control Strategy', '{"eiusmod velit","amet","consequat incididunt","ad duis fugiat","irure","mollit velit est","dolor voluptate pariatur deserun","Lorem"}', DEFAULT, DEFAULT), ('7c0cf1d4-d57d-5092-a3f0-ca49e04ace52', 'b32027db-33da-5dc2-b906-e0c2a06ac683', 13, 'public', 'Roaming Support Plan', '{"anim nisi ut","non ex labore elit","irure voluptate ut","duis voluptate","pariatur aliquip ex ad","ut sunt enim","duis pariatur tempor ad"}', DEFAULT, DEFAULT), ('26c80d6d-0d6f-5fb2-8296-8b5e9e1fdeb7', '4da5a34b-d621-539d-93ed-4bd842601284', 11, 'unlisted', 'Early Game Dominance Guide', '{"pariatur quis ad ullamco dolore","qui proident","ut qui cillum pariatur","voluptate","sunt ullamco aute","sunt ullamco sunt nostrud eiusmo","ullamco elit enim Lorem et","sunt culpa duis ullamco","fugiat magna ullamco pariatur"}', DEFAULT, DEFAULT), ('310ccf44-859c-5587-8001-5aa84afb3236', 'eb3795e9-0dc2-506f-818c-e81bf7149197', 11, 'private', 'Wave Management Plan', '{"excepteur consequat","veniam eiusmod qui","labore","et proident","sunt ea adipisicing","officia proident in irure"}', DEFAULT, DEFAULT), ('c6131a0d-c1ea-5dce-8460-c91026e41f9f', 'd297ab9e-40d4-51b5-bb8f-a1df399f1a9a', 11, 'public', 'Siege Tactics Handbook', '{"reprehenderit veniam officia aut","cupidatat excepteur nulla repreh","ullamco in","duis","id mollit anim occaecat ullamco","minim minim dolor consequat ex","esse eu magna dolore"}', DEFAULT, DEFAULT), ('054eb394-a081-59a1-b613-e1c8bbcc6250', 'a88bc9b9-135e-55c7-8c4c-5a072a3c8573', 12, 'public', 'Counter Pick Blueprint', '{"ex quis ut nisi","et ea dolore mollit et","sunt aliquip occaecat sit","mollit eu pariatur"}', DEFAULT, DEFAULT), ('4cb602e9-b66f-5f7e-a7a1-71729454372c', 'd297ab9e-40d4-51b5-bb8f-a1df399f1a9a', 12, 'unlisted', 'Rotation Strategy Document', '{"ipsum","elit officia excepteur dolore es","ex pariatur","aliqua dolore","non","ad","mollit minim pariatur","nulla eiusmod non sunt","aliquip enim velit consectetur"}', DEFAULT, DEFAULT), ('8ed312f8-fa19-5305-a78e-7cdee2dc9e00', 'a5831e58-2fc9-5b59-970d-00c344a4eb18', 9, 'private', 'Aggressive Rush Strategy', '{"reprehenderit amet eiusmod","commodo eiusmod","laborum proident minim","ut aliquip id eu tempor","Lorem Lorem non duis aliqua","exercitation eu sit nisi Lorem","cupidatat tempor excepteur id ve"}', DEFAULT, DEFAULT), ('c9bad04c-3d6e-5efe-9540-7763dde57640', '4da5a34b-d621-539d-93ed-4bd842601284', 13, 'private', 'Objective Focused Strategy', '{"deserunt culpa commodo","quis mollit reprehenderit"}', DEFAULT, DEFAULT), ('7a350dde-d215-538c-bfd3-d5cdd8b40555', '6c52c1d9-13a4-51ef-ae51-1dacc4c14be9', 8, 'public', 'Counter Pick Blueprint', '{"consequat","aliqua sit laborum do","nisi ullamco","voluptate consectetur aute","culpa minim qui","ipsum","consectetur exercitation","sunt est"}', DEFAULT, DEFAULT), ('bd6c4dd0-06e8-56ab-abd6-6e9e777c13a7', '2589cf16-4103-5a4f-b544-b30078083eaa', 13, 'public', 'Counter Pick Blueprint', '{"minim fugiat sint dolore"}', DEFAULT, DEFAULT), ('844103e5-8cf8-5795-8a63-ccecfc3e2001', '756cbb59-27d6-58f3-b4b9-8b56121e683f', 13, 'public', 'Gank Heavy Approach', '{}', DEFAULT, DEFAULT), ('582d0ca1-76cc-5500-9dd8-190ab817072d', '8b7e423b-b9b9-5b3c-bf3d-1aa45d16235c', 13, 'private', 'Vision Control Blueprint', '{"ipsum nostrud minim"}', DEFAULT, DEFAULT), ('9012aa86-f8a2-5033-82d5-336bcaa03c26', '91434b27-2651-5429-8f42-45c3f8e334a0', 14, 'public', 'Siege Tactics Handbook', '{"ut qui irure ea","quis","nulla eu excepteur et","esse mollit duis culpa","do proident proident","incididunt dolore amet ipsum","exercitation et est non excepteu"}', DEFAULT, DEFAULT), ('746bb5ad-439a-519a-90ef-991641df1623', '811570ef-0b81-508d-ba05-2f5e812d4131', 10, 'unlisted', 'Late Game Scaling Strategy', '{"do culpa irure","aliqua culpa pariatur voluptate","do quis"}', DEFAULT, DEFAULT), ('b1bab82d-de7c-55e3-8115-1651b8f68765', '438bff0e-fd50-5c86-89ee-d397a0c0e548', 10, 'private', 'Secure Objective Playbook', '{"anim nulla nostrud enim","occaecat","pariatur veniam amet laborum","non deserunt ut","ad voluptate duis","ex cillum","aute eiusmod quis","mollit ullamco"}', DEFAULT, DEFAULT), ('0145500d-2ab2-5c49-9cea-edd711ce1cc9', '1e7e0bcb-4fc0-5d72-81a5-d67a74a13595', 14, 'unlisted', 'Aggressive Rush Strategy', '{"eiusmod ut duis enim","non magna ullamco id cillum"}', DEFAULT, DEFAULT), ('703c3370-90fb-5d22-8365-f34357b3ffb8', 'e4de1a09-bd9a-5e42-b92c-2cb1af28bec6', 8, 'private', 'Rotation Strategy Document', '{"nostrud proident non","ad magna","consequat amet quis elit","amet et magna","aliquip Lorem","sint aliqua id","incididunt occaecat ea","magna veniam ex","fugiat","et ipsum"}', DEFAULT, DEFAULT), ('fd862b26-fe8c-52d0-b06e-3c9f938bd3ab', '8a0a556f-d942-55f0-8ba8-1ffbfaf3c6d9', 14, 'public', 'Jungle Control Playbook', '{}', DEFAULT, DEFAULT), ('70415515-b81b-59ef-a1ed-18578b73b7ae', '8a0a556f-d942-55f0-8ba8-1ffbfaf3c6d9', 13, 'private', 'Baron Control Strategy', '{"in duis in excepteur","aliquip","anim sunt esse","laborum ad exercitation occaecat","fugiat consequat cillum","excepteur magna tempor minim"}', DEFAULT, DEFAULT), ('c5558815-aa72-5938-a7c8-62ae2c1a039c', '9b1fc781-1e4e-56d2-bd68-0dc257a319c0', 13, 'public', 'Secure Objective Playbook', '{"mollit veniam aute quis","consectetur ad aliqua voluptate","in magna eiusmod quis esse"}', DEFAULT, DEFAULT), ('703bbd20-9625-5bd7-8aa3-5ead0245fe50', '1e7e0bcb-4fc0-5d72-81a5-d67a74a13595', 14, 'unlisted', 'Objective Focused Strategy', '{"enim","voluptate deserunt","non nulla","id est","velit nulla","eu adipisicing aute qui","consequat consectetur in","ipsum velit"}', DEFAULT, DEFAULT), ('68ff3d82-b6b6-5053-9e74-aa9b346dd8d1', '731b24f8-f083-56fc-9161-1fd32dcd58d0', 8, 'private', 'Wave Management Plan', '{"cillum ex sunt laboris","aute incididunt dolor dolore sun","irure sit","sunt","exercitation reprehenderit excep","labore eiusmod et","ullamco voluptate","et amet excepteur dolor","eiusmod dolore pariatur","Lorem deserunt amet"}', DEFAULT, DEFAULT), ('522e120d-7e21-504a-9c96-99e429197e5a', '91434b27-2651-5429-8f42-45c3f8e334a0', 12, 'unlisted', 'Counter Pick Blueprint', '{"sit commodo et sunt aliqua","ut","cillum nisi"}', DEFAULT, DEFAULT), ('54b879fc-04e4-53b3-8cec-0174fc0ccd34', '91fa3874-9437-5dfa-a49a-f19fb38d9e92', 10, 'private', 'Counter Pick Blueprint', '{"officia eu culpa ex","officia non","dolore ad occaecat","officia dolor ad do id"}', DEFAULT, DEFAULT), ('fb90b354-0ae1-59da-9637-61f6c5ed3fb9', '811570ef-0b81-508d-ba05-2f5e812d4131', 10, 'public', 'Secure Objective Playbook', '{"nulla elit minim","minim sunt","est non qui dolore"}', DEFAULT, DEFAULT), ('95b3988b-e14b-57a7-900d-4985cb116f17', 'eda91f04-12ef-5904-88aa-e6ed9a692e03', 11, 'private', 'Gank Heavy Approach', '{"exercitation id eiusmod Lorem","irure quis fugiat","aliquip minim nisi aliqua","cupidatat nisi dolore tempor","adipisicing quis Lorem culpa ull","do amet","dolor in consectetur","cillum non magna elit","sint ipsum et elit in"}', DEFAULT, DEFAULT), ('7d1face3-2e87-52f5-9623-fff9de0a6539', '1d3f740a-8c60-5c1d-aa9e-3854a33c8e1d', 12, 'public', 'Map Control Blueprint', '{"laborum ut consequat consequat e","est dolor magna dolor","sint aute incididunt tempor","aute nostrud aute","nostrud et","officia cillum deserunt ex Lorem","ut laboris id tempor","sit non quis officia"}', DEFAULT, DEFAULT), ('e8bf9a25-132d-5d46-b40a-d08534be6c9f', '2589cf16-4103-5a4f-b544-b30078083eaa', 13, 'unlisted', 'Counter Pick Blueprint', '{"qui commodo ullamco","consectetur proident tempor","proident consectetur elit sint","culpa voluptate esse adipisicing","labore occaecat"}', DEFAULT, DEFAULT), ('29a560e9-84d9-5f41-9b09-76969cbfb144', 'd19db439-c7e7-53a7-aa19-0db346180dc1', 9, 'public', 'Counter Pick Blueprint', '{"minim id veniam","ipsum consectetur"}', DEFAULT, DEFAULT), ('d9c4b302-5ab0-5114-8120-41d1876c7eb9', 'd297ab9e-40d4-51b5-bb8f-a1df399f1a9a', 12, 'public', 'Objective Focused Strategy', '{"dolore consequat magna pariatur","voluptate velit","minim deserunt officia","enim aliqua veniam","officia proident","fugiat ut id","dolor est sunt ut"}', DEFAULT, DEFAULT), ('ca1b9e1e-f7c0-5c4a-a566-aabf3f7ebb80', '91fa3874-9437-5dfa-a49a-f19fb38d9e92', 8, 'unlisted', 'Vision Denial Blueprint', '{}', DEFAULT, DEFAULT), ('cde91e33-9c71-56e0-b19e-f2372fa577cf', 'd1b8f3f8-af26-5088-8712-273c28ba98f7', 11, 'private', 'Secure Objective Playbook', '{"pariatur ipsum ad excepteur","esse eiusmod eu mollit"}', DEFAULT, DEFAULT), ('013547e4-326e-5221-8377-310093ccf53a', '438bff0e-fd50-5c86-89ee-d397a0c0e548', 8, 'private', 'Rotation Strategy Document', '{"ipsum"}', DEFAULT, DEFAULT), ('50cffa66-dd91-5aed-8c46-1b76e488de31', '549980e7-3e77-5d76-b263-84664d04b209', 11, 'unlisted', 'Rotation Strategy Document', '{"occaecat laborum aliqua quis","magna magna elit reprehenderit","exercitation incididunt"}', DEFAULT, DEFAULT), ('f550c2bf-a147-5e29-8a01-470336f387eb', '98eaafd3-adbf-5a3e-adb9-b3fb6971b6f1', 13, 'unlisted', 'Map Control Blueprint', '{"sit cupidatat deserunt","amet cillum irure eiusmod","consectetur proident aliquip sit"}', DEFAULT, DEFAULT), ('a30e3d57-ad0a-594d-9622-8a2514b8110c', 'a5831e58-2fc9-5b59-970d-00c344a4eb18', 9, 'private', 'Roaming Support Plan', '{"labore mollit duis deserunt occa","eu cillum magna","aute velit occaecat"}', DEFAULT, DEFAULT), ('cb76f565-509b-50d9-bbe4-5c6e7c9b0eb4', '8b7e423b-b9b9-5b3c-bf3d-1aa45d16235c', 9, 'unlisted', 'Secure Objective Playbook', '{"ea cupidatat non ullamco esse","sint ea id duis","aute ad dolore","est cupidatat ad dolor nisi","irure voluptate cillum"}', DEFAULT, DEFAULT), ('a344c7b4-07e6-54df-b4ed-f27c7916e147', 'eda91f04-12ef-5904-88aa-e6ed9a692e03', 12, 'public', 'Split Push Blueprint', '{"voluptate deserunt irure ad","adipisicing","mollit veniam ut","labore quis","tempor"}', DEFAULT, DEFAULT), ('6c40d2d3-07ad-5aa1-a5fa-cf5861475e5d', 'e4de1a09-bd9a-5e42-b92c-2cb1af28bec6', 11, 'unlisted', 'Team Fight Execution Plan', '{"enim occaecat nulla eu do","laboris officia consectetur","velit proident ipsum","quis","consectetur voluptate consectetu","aliqua ea","exercitation sit","deserunt aliqua anim","ullamco id nulla consequat"}', DEFAULT, DEFAULT), ('ba7460a4-9316-52e4-9e3a-05ee82b85e66', '9b1fc781-1e4e-56d2-bd68-0dc257a319c0', 9, 'unlisted', 'Split Push Blueprint', '{"dolore ullamco aliqua","pariatur","ea in consectetur","id fugiat","aliquip occaecat elit","irure Lorem ex nisi ex"}', DEFAULT, DEFAULT), ('fb3595df-62ad-5f54-ac34-3a578952555c', '6c52c1d9-13a4-51ef-ae51-1dacc4c14be9', 12, 'public', 'Map Control Blueprint', '{"Lorem reprehenderit tempor","elit reprehenderit","velit cillum eu","commodo nulla reprehenderit anim","exercitation incididunt et eiusm","id ullamco proident sint id","minim labore officia adipisicing","excepteur amet eiusmod","exercitation irure commodo minim"}', DEFAULT, DEFAULT), ('90edde40-1b87-5f75-90b9-68639fbcb2b8', '756cbb59-27d6-58f3-b4b9-8b56121e683f', 14, 'unlisted', 'Map Control Blueprint', '{"consectetur velit est elit","dolore","deserunt commodo irure","cupidatat laboris","tempor cillum esse id"}', DEFAULT, DEFAULT), ('ea26a496-35d8-5f3f-a769-a80898ec7b17', 'cd7c291a-6d6e-5632-91e5-b7fd7a634d7d', 10, 'unlisted', 'Aggressive Rush Strategy', '{"laborum officia veniam","est adipisicing","sint minim deserunt","ea enim aliqua","in amet incididunt sunt","culpa do dolor minim","tempor ad","reprehenderit anim","sit sint","magna mollit"}', DEFAULT, DEFAULT), ('035a0a25-d588-551c-9f76-4e9f593ffaf4', '92bf5244-388d-5bbf-bd84-1c7ad2efe31b', 8, 'public', 'Aggressive Rush Strategy', '{"velit elit","nulla nostrud mollit","ea minim officia ea","exercitation irure mollit","minim id","incididunt et"}', DEFAULT, DEFAULT), ('e7f55997-6008-5d29-9f7f-564ab748cc59', '756cbb59-27d6-58f3-b4b9-8b56121e683f', 8, 'private', 'Siege Tactics Handbook', '{"minim occaecat ad aliqua officia","aliquip","dolor adipisicing voluptate nost","minim irure et","pariatur Lorem","qui tempor non","laborum esse"}', DEFAULT, DEFAULT), ('396ce0bd-b3e1-5b3c-94ea-bb5357e1c76a', '92bf5244-388d-5bbf-bd84-1c7ad2efe31b', 13, 'unlisted', 'Roaming Support Plan', '{"ea in exercitation","duis excepteur","deserunt adipisicing consequat","aliquip aliqua irure in","aute velit elit anim anim","ullamco enim","laborum dolore minim","aliqua esse"}', DEFAULT, DEFAULT), ('4cb2c65b-80df-57cc-9c0d-6c346029b88f', '756cbb59-27d6-58f3-b4b9-8b56121e683f', 10, 'public', 'Objective Focused Strategy', '{"exercitation consectetur enim cu","consectetur labore ex nulla","veniam incididunt","laborum proident elit","nisi","reprehenderit consectetur elit d","est laborum proident","eiusmod voluptate commodo","laboris officia labore"}', DEFAULT, DEFAULT), ('8172dfee-2cce-5dee-9293-b6bd5f74d656', 'b5605791-3389-56c2-9ec6-17d538b9bb85', 10, 'public', 'Team Fight Execution Plan', '{"est veniam aute","pariatur","aliquip eu non quis","do ea","sunt cupidatat officia"}', DEFAULT, DEFAULT), ('910e8e4b-af24-5f28-a2eb-631066a490eb', '92bf5244-388d-5bbf-bd84-1c7ad2efe31b', 10, 'public', 'Vision Denial Blueprint', '{"exercitation ullamco labore sit"}', DEFAULT, DEFAULT), ('150381a3-e791-54de-9419-0edac12fb9eb', '91434b27-2651-5429-8f42-45c3f8e334a0', 12, 'public', 'Counter Pick Blueprint', '{"eu eu sit duis elit"}', DEFAULT, DEFAULT), ('ddb37574-0dbe-5aa4-a5e8-b15242cefaff', 'f4b5542b-ba61-519e-a8d2-5793282ad487', 13, 'private', 'Counter Pick Blueprint', '{"adipisicing pariatur","ullamco dolor commodo"}', DEFAULT, DEFAULT), ('77fbdaed-4103-591b-82ee-3e3fa4b78a9b', 'a88bc9b9-135e-55c7-8c4c-5a072a3c8573', 12, 'public', 'Late Game Scaling Strategy', '{"nostrud anim","eiusmod","in","commodo commodo elit","sint occaecat","proident tempor"}', DEFAULT, DEFAULT), ('0f1e8b42-396d-5765-be37-bce2ee646e04', '2d1d7734-be70-5d07-a538-e76c6cae722e', 13, 'public', 'Defensive Turtle Tactics', '{"et ipsum nostrud"}', DEFAULT, DEFAULT), ('5308f8b3-4d4d-529a-bd7c-3a77ac4fe6ae', '98b30307-7ea7-5b6c-b9e4-560fe08299de', 12, 'public', 'Jungle Control Playbook', '{"officia ullamco ipsum ut laborum","Lorem adipisicing elit","reprehenderit officia dolore","fugiat nisi"}', DEFAULT, DEFAULT), ('851e9ece-db38-530e-b3f9-f5e1d49a3b34', '756cbb59-27d6-58f3-b4b9-8b56121e683f', 14, 'private', 'Gank Heavy Approach', '{"dolore duis","cupidatat commodo","consectetur culpa nisi","commodo deserunt labore eu","tempor aliquip","dolor tempor dolor aliqua"}', DEFAULT, DEFAULT), ('2189cd55-c657-5ce9-999a-da1a2dbf7ea0', '8b7e423b-b9b9-5b3c-bf3d-1aa45d16235c', 9, 'private', 'Late Game Scaling Strategy', '{"qui culpa sint irure quis"}', DEFAULT, DEFAULT), ('902d4a21-0657-5095-b741-ac0d408bb89e', '91fa3874-9437-5dfa-a49a-f19fb38d9e92', 10, 'private', 'Early Game Dominance Guide', '{"pariatur sit officia","exercitation","consequat nulla","laborum minim dolor Lorem"}', DEFAULT, DEFAULT), ('0d40f7c0-72b0-55c2-8e48-c6c65bd9815f', 'a5831e58-2fc9-5b59-970d-00c344a4eb18', 10, 'public', 'Map Control Blueprint', '{"nulla labore labore veniam"}', DEFAULT, DEFAULT), ('f09f5f0c-d6f4-5089-a919-82fdea15dad9', 'd19db439-c7e7-53a7-aa19-0db346180dc1', 12, 'private', 'Vision Denial Blueprint', '{"minim id tempor et","nisi aliquip","excepteur nulla","dolore incididunt et","esse ut"}', DEFAULT, DEFAULT), ('9bfcf305-f3a4-5bed-9ee4-3f5ccf9e59af', 'cd7c291a-6d6e-5632-91e5-b7fd7a634d7d', 14, 'private', 'Early Game Dominance Guide', '{"magna do ea","cupidatat cupidatat"}', DEFAULT, DEFAULT), ('2ff309f0-6726-5920-ad23-47ba58fd2525', 'eb3795e9-0dc2-506f-818c-e81bf7149197', 11, 'unlisted', 'Counter Pick Blueprint', '{"mollit","qui anim","velit elit aliquip non","enim est ea consequat","non elit nisi consequat"}', DEFAULT, DEFAULT), ('bac302d7-9e20-52d1-89cc-b0e99ef3b896', '9b1fc781-1e4e-56d2-bd68-0dc257a319c0', 13, 'public', 'Defensive Turtle Tactics', '{"irure aliqua aliqua","quis minim ut sint occaecat","fugiat culpa non exercitation","nulla"}', DEFAULT, DEFAULT), ('ef31ceeb-0f8d-5da0-ab9c-18045c420f99', 'd297ab9e-40d4-51b5-bb8f-a1df399f1a9a', 10, 'private', 'Defensive Turtle Tactics', '{"enim","amet culpa adipisicing dolor","do dolor eu","reprehenderit elit","excepteur dolor","laborum magna eu anim fugiat","irure amet"}', DEFAULT, DEFAULT), ('2be70e34-56ed-5cb2-9758-b8f796ec32ec', 'd19db439-c7e7-53a7-aa19-0db346180dc1', 13, 'public', 'Wave Management Plan', '{"labore ullamco ut nulla","adipisicing labore mollit ipsum ","esse incididunt","pariatur nulla proident","dolore in eiusmod dolore laboris"}', DEFAULT, DEFAULT), ('49e5f9f5-6a8f-5423-81e9-9e8e2c467770', '3dbd7acc-a0c5-5607-8378-ec8dc206b269', 10, 'unlisted', 'Siege Tactics Handbook', '{"incididunt dolor","Lorem do Lorem culpa","dolor labore adipisicing elit in"}', DEFAULT, DEFAULT), ('421a5d89-58fa-56e2-87c9-a4c6fd3159db', '8b7e423b-b9b9-5b3c-bf3d-1aa45d16235c', 10, 'public', 'Defensive Turtle Tactics', '{"cupidatat dolore incididunt qui","aliqua eu","anim veniam consequat aliqua","nostrud reprehenderit"}', DEFAULT, DEFAULT), ('c2ab0ed6-ea98-544f-a35e-cfff5a185dc8', 'b7a89d05-549f-565f-b631-b59097e91d1a', 13, 'unlisted', 'Roaming Support Plan', '{"culpa veniam in non incididunt"}', DEFAULT, DEFAULT), ('6c6d219e-3884-5c60-8485-0fb500d0b675', 'ac9f0e3e-b030-584f-a8dd-87355fe22537', 12, 'unlisted', 'Roaming Support Plan', '{"labore anim tempor ipsum","eu elit cupidatat enim","nulla enim fugiat","excepteur","culpa duis consequat","quis ullamco","ut est ea","cupidatat amet"}', DEFAULT, DEFAULT), ('d5fd2418-0c52-558a-8369-707f9186db0b', '6c52c1d9-13a4-51ef-ae51-1dacc4c14be9', 9, 'unlisted', 'Early Game Dominance Guide', '{"cillum sit","proident magna incididunt fugiat","non ad enim officia","dolor do","sunt quis nisi","enim dolore duis mollit ut","sit eiusmod","dolore minim","ad dolor","incididunt"}', DEFAULT, DEFAULT), ('0f22fcab-183d-5e80-9a98-c495a215f5f8', '3ff60d7a-a4ad-54c5-a422-53b52cd53093', 9, 'unlisted', 'Defensive Turtle Tactics', '{"irure ipsum","eu eu","enim dolor ullamco reprehenderit","ullamco excepteur adipisicing et"}', DEFAULT, DEFAULT), ('f92c2ba5-8b0e-58ef-9364-e364e4c41522', 'cd7c291a-6d6e-5632-91e5-b7fd7a634d7d', 11, 'unlisted', 'Counter Pick Blueprint', '{"nostrud anim voluptate","esse Lorem commodo","ut cupidatat sint","ullamco exercitation quis conseq"}', DEFAULT, DEFAULT), ('e2ec2872-d983-5938-8f1c-38a9a14124dd', 'f4b5542b-ba61-519e-a8d2-5793282ad487', 12, 'public', 'Counter Pick Blueprint', '{"cillum amet","laboris incididunt","irure incididunt","amet ea laboris laboris elit","eiusmod Lorem ipsum","ad culpa incididunt","velit dolore duis occaecat"}', DEFAULT, DEFAULT), ('4d4230bc-d1b6-532c-9bbf-8c67caf4f9ed', 'b32027db-33da-5dc2-b906-e0c2a06ac683', 10, 'private', 'Early Game Dominance Guide', '{}', DEFAULT, DEFAULT), ('8be9ffc5-25d1-5c32-be1f-9a9ec00544f6', '731b24f8-f083-56fc-9161-1fd32dcd58d0', 9, 'unlisted', 'Early Game Dominance Guide', '{}', DEFAULT, DEFAULT), ('a3241e44-bd93-5a11-a730-863e8eb75275', '91434b27-2651-5429-8f42-45c3f8e334a0', 9, 'private', 'Gank Heavy Approach', '{"quis dolor","aliquip ipsum officia officia","sunt dolore veniam exercitation","dolore Lorem nisi est dolor","aute mollit","nisi ad consectetur ea"}', DEFAULT, DEFAULT), ('a1c32f18-989f-5961-80f5-4a21a838bc95', 'd297ab9e-40d4-51b5-bb8f-a1df399f1a9a', 12, 'private', 'Baron Control Strategy', '{"occaecat cillum","ullamco aliqua pariatur incididu","magna aliqua dolore deserunt","id cupidatat in sint ipsum","tempor fugiat nostrud","non ut dolore nisi id","sit adipisicing adipisicing","Lorem culpa ad","anim Lorem in eu","fugiat"}', DEFAULT, DEFAULT), ('8fde1282-59d1-5f9b-bc10-4130ce793fa9', '91434b27-2651-5429-8f42-45c3f8e334a0', 13, 'public', 'Late Game Scaling Strategy', '{"cupidatat esse tempor irure","anim","quis","incididunt aliquip non enim"}', DEFAULT, DEFAULT), ('f85f8e1b-b8a0-528e-bc81-49b3e6a34ee5', '549980e7-3e77-5d76-b263-84664d04b209', 11, 'unlisted', 'Wave Management Plan', '{"ut reprehenderit et ut","excepteur voluptate","amet tempor","laborum","consectetur excepteur proident a","culpa","enim do","ad commodo","laborum et dolore aliqua do"}', DEFAULT, DEFAULT), ('e16cfe57-140d-5b3e-90f8-910575ffdd47', '811570ef-0b81-508d-ba05-2f5e812d4131', 9, 'unlisted', 'Early Game Dominance Guide', '{"ad dolor","tempor eiusmod","qui enim"}', DEFAULT, DEFAULT), ('06866e23-2aeb-59f2-9d3c-156507eb23db', 'a3141029-aec2-543b-b18a-49fe947e3304', 12, 'private', 'Gank Heavy Approach', '{"aliquip","sunt magna eu adipisicing est","occaecat irure et dolor sunt","ipsum excepteur consectetur cons","mollit veniam laboris irure in","sit culpa dolor voluptate incidi","sint do aliquip","nulla eu nostrud do","ad amet ex"}', DEFAULT, DEFAULT), ('e5c44c16-4905-59d0-8c2a-f48ebfc3fdcc', '8b7e423b-b9b9-5b3c-bf3d-1aa45d16235c', 11, 'unlisted', 'Split Push Blueprint', '{"excepteur do dolore esse","do dolore quis nostrud dolor","aute voluptate ex ad","ipsum sint tempor","minim dolore aute","minim et id sit reprehenderit","amet sunt Lorem qui","in consequat ea deserunt"}', DEFAULT, DEFAULT), ('0298782b-da7d-55b4-a736-8126dd2f9d32', 'd1b8f3f8-af26-5088-8712-273c28ba98f7', 12, 'private', 'Early Game Dominance Guide', '{"incididunt officia non","eu amet proident","est occaecat quis","reprehenderit commodo","culpa","in nostrud eiusmod duis","minim Lorem laborum eu","proident incididunt veniam"}', DEFAULT, DEFAULT), ('8f534833-d8c3-5d0a-b63c-bd2740be0330', 'f4b5542b-ba61-519e-a8d2-5793282ad487', 13, 'private', 'Objective Focused Strategy', '{"voluptate commodo","pariatur eu aliqua laborum deser","exercitation"}', DEFAULT, DEFAULT), ('1caeec83-1956-53fb-9c1a-7f585775c524', 'a88bc9b9-135e-55c7-8c4c-5a072a3c8573', 13, 'public', 'Defensive Turtle Tactics', '{"eiusmod ex tempor labore exercit","dolore commodo dolor amet aliqua"}', DEFAULT, DEFAULT), ('28f2bbc2-0260-5d64-a9bf-64e9bc163c30', '6c52c1d9-13a4-51ef-ae51-1dacc4c14be9', 10, 'unlisted', 'Jungle Control Playbook', '{"proident consequat","adipisicing aliqua sit","ex non consequat elit","consectetur nisi ullamco adipisi","voluptate eu dolor id"}', DEFAULT, DEFAULT), ('8590b74a-b67e-5525-9786-4e0fc4c65d06', '549980e7-3e77-5d76-b263-84664d04b209', 10, 'private', 'Wave Management Plan', '{"ad laborum cillum cupidatat"}', DEFAULT, DEFAULT), ('fa5e4221-0eae-5da7-9a16-5b8399b9ef50', '3ff60d7a-a4ad-54c5-a422-53b52cd53093', 14, 'unlisted', 'Baron Control Strategy', '{"labore do ad","consectetur enim magna","occaecat enim minim","labore pariatur ut","officia tempor laboris et in","occaecat exercitation"}', DEFAULT, DEFAULT), ('fedb01d5-16e2-59fd-8845-ff6a92bd83f7', '8b7e423b-b9b9-5b3c-bf3d-1aa45d16235c', 12, 'unlisted', 'Counter Pick Blueprint', '{"consequat esse voluptate"}', DEFAULT, DEFAULT), ('d6d0cf2a-b6d2-5f41-bc05-2fe5bf5ca317', 'b5605791-3389-56c2-9ec6-17d538b9bb85', 11, 'public', 'Vision Control Blueprint', '{"fugiat deserunt","sunt","consectetur cillum laboris","cupidatat esse","voluptate ullamco aliqua","ipsum","elit duis ex nisi"}', DEFAULT, DEFAULT), ('a18cadaa-4531-5180-a607-ad2a5bc25f0c', '09617df2-6261-5b47-bc30-85d317367d48', 14, 'public', 'Map Control Blueprint', '{"veniam reprehenderit duis","nisi sit esse occaecat"}', DEFAULT, DEFAULT), ('7858de1c-870d-5289-9bbf-085e4de69d79', 'b7a89d05-549f-565f-b631-b59097e91d1a', 13, 'unlisted', 'Team Fight Execution Plan', '{"proident consectetur velit proid","nostrud do cillum laboris quis","sit amet tempor labore","enim esse nisi in"}', DEFAULT, DEFAULT), ('c5510993-cf82-5729-a476-bbba91fd2ee1', '98b30307-7ea7-5b6c-b9e4-560fe08299de', 11, 'public', 'Siege Tactics Handbook', '{"aliquip aliquip commodo do","culpa esse"}', DEFAULT, DEFAULT), ('65495df9-49dc-5680-b4b7-97fe7364e837', '1d3f740a-8c60-5c1d-aa9e-3854a33c8e1d', 14, 'unlisted', 'Aggressive Rush Strategy', '{"aute in cupidatat non","Lorem sit magna","eiusmod reprehenderit","eu magna","non id ad","aliquip qui laboris qui laborum","ut officia"}', DEFAULT, DEFAULT), ('6a08951b-2f4b-5069-a734-056efe107e30', '8b7e423b-b9b9-5b3c-bf3d-1aa45d16235c', 13, 'unlisted', 'Aggressive Rush Strategy', '{"officia laborum","duis sunt nulla quis","consectetur","labore dolore proident","duis eu pariatur"}', DEFAULT, DEFAULT), ('d96e9820-0562-5ef0-a957-fb16e8a3cda6', '1d3f740a-8c60-5c1d-aa9e-3854a33c8e1d', 12, 'unlisted', 'Team Fight Execution Plan', '{"do adipisicing excepteur","sit voluptate","reprehenderit cupidatat in","proident exercitation eu sunt"}', DEFAULT, DEFAULT), ('44d39286-2c39-52c0-9fdf-811ac2ac0b4f', '1e7e0bcb-4fc0-5d72-81a5-d67a74a13595', 13, 'unlisted', 'Objective Focused Strategy', '{}', DEFAULT, DEFAULT), ('f5284b1c-c867-5bcb-ae27-b4a46054354e', '811570ef-0b81-508d-ba05-2f5e812d4131', 11, 'unlisted', 'Jungle Control Playbook', '{"adipisicing veniam occaecat","pariatur reprehenderit culpa lab","laborum officia fugiat"}', DEFAULT, DEFAULT), ('748b6b6e-790a-524c-8953-9f99ff6241ea', '92bf5244-388d-5bbf-bd84-1c7ad2efe31b', 10, 'private', 'Early Game Dominance Guide', '{"irure ut","duis laboris eu exercitation dui","voluptate ipsum ut proident aute","qui cillum minim labore ipsum","exercitation elit","incididunt","sit nisi cillum consequat","esse culpa est","nulla eiusmod officia elit"}', DEFAULT, DEFAULT), ('94e59d3e-1e10-58ee-b57b-120d24970da8', '6c52c1d9-13a4-51ef-ae51-1dacc4c14be9', 11, 'private', 'Early Game Dominance Guide', '{"commodo nostrud do","voluptate deserunt","Lorem","id commodo ipsum","consectetur commodo ut dolore","cupidatat velit","nisi eiusmod dolore dolore","aliquip laboris","incididunt aliquip nulla commodo","irure velit"}', DEFAULT, DEFAULT), ('a501e3c2-1df6-5f20-9532-89c5471331c6', 'd1b8f3f8-af26-5088-8712-273c28ba98f7', 14, 'private', 'Aggressive Rush Strategy', '{"dolore nulla aliqua","fugiat officia veniam laborum"}', DEFAULT, DEFAULT), ('eba1549a-b3ad-5f1e-ad56-15be0771d0f9', '6c52c1d9-13a4-51ef-ae51-1dacc4c14be9', 13, 'private', 'Roaming Support Plan', '{"laboris sit","commodo dolore anim eu enim"}', DEFAULT, DEFAULT), ('02d6bfb1-b7f1-5129-9d1b-729fd2d36ca6', 'a3141029-aec2-543b-b18a-49fe947e3304', 14, 'public', 'Objective Focused Strategy', '{"adipisicing sunt irure","irure sint","commodo reprehenderit nulla","aliqua fugiat mollit dolore","sunt duis laboris voluptate","do aliqua anim","Lorem qui laboris","incididunt eiusmod"}', DEFAULT, DEFAULT), ('feadd401-b272-53d1-bc20-6dad4e3ffc29', '3dbd7acc-a0c5-5607-8378-ec8dc206b269', 8, 'private', 'Objective Focused Strategy', '{"sunt","est duis","amet eu sit qui ut","laborum nulla dolor"}', DEFAULT, DEFAULT), ('f4023970-bb8c-5175-9f3e-42520be2a6af', '2d1d7734-be70-5d07-a538-e76c6cae722e', 10, 'unlisted', 'Baron Control Strategy', '{"laboris","duis nulla tempor","commodo eu"}', DEFAULT, DEFAULT), ('ab471cfa-3489-5a6c-bf5c-82aeac3819f5', 'e4de1a09-bd9a-5e42-b92c-2cb1af28bec6', 11, 'private', 'Wave Management Plan', '{"mollit labore ut non commodo","magna do veniam velit minim"}', DEFAULT, DEFAULT), ('782d8b69-ae89-5508-b431-d9e3d4f25423', 'eb3795e9-0dc2-506f-818c-e81bf7149197', 9, 'unlisted', 'Secure Objective Playbook', '{"anim duis minim non"}', DEFAULT, DEFAULT), ('bfbbf302-05a7-5b0c-991e-f7c79f52034e', 'cfbfd1d4-e77f-57e5-94da-e9ff2cc7a996', 8, 'unlisted', 'Objective Focused Strategy', '{"sit","minim aliqua officia voluptate e","excepteur incididunt deserunt","duis reprehenderit voluptate","non velit aliquip tempor","do laboris","sint mollit sunt velit","qui elit","mollit magna ad"}', DEFAULT, DEFAULT), ('86a9949d-fbe2-5edf-bf64-6b822a75bdc8', 'b7a89d05-549f-565f-b631-b59097e91d1a', 9, 'private', 'Vision Control Blueprint', '{"exercitation proident fugiat ven","qui sit","laboris dolor laboris qui"}', DEFAULT, DEFAULT), ('3d78c871-f9be-5ceb-b04c-13f9eb63efa0', 'cd7c291a-6d6e-5632-91e5-b7fd7a634d7d', 14, 'unlisted', 'Vision Control Blueprint', '{"non","anim elit quis","ad sint ad veniam","tempor esse"}', DEFAULT, DEFAULT), ('e5e7301c-ed7e-5267-a91e-331eeecbad04', '4da5a34b-d621-539d-93ed-4bd842601284', 11, 'unlisted', 'Map Control Blueprint', '{"aliqua","in id pariatur","fugiat","adipisicing excepteur nulla pari","nulla labore adipisicing","non sunt labore tempor","mollit nulla ipsum","Lorem exercitation","velit ipsum ad","nisi adipisicing"}', DEFAULT, DEFAULT), ('e06f1954-eb7e-5811-8e85-0b7239ac60d6', 'cfbfd1d4-e77f-57e5-94da-e9ff2cc7a996', 13, 'unlisted', 'Defensive Turtle Tactics', '{"exercitation","consectetur dolore voluptate pro","sint sint","ea ullamco et occaecat","minim consequat nostrud","Lorem consequat voluptate aute","nisi id consectetur","sint duis consequat mollit","ad irure"}', DEFAULT, DEFAULT), ('cbe8ef05-c651-5778-b8a6-717eee524007', 'f4b5542b-ba61-519e-a8d2-5793282ad487', 13, 'public', 'Gank Heavy Approach', '{"nulla nisi eu Lorem enim"}', DEFAULT, DEFAULT), ('479e5b51-1e2b-5ac2-b0c4-d0fc97906c11', 'e4de1a09-bd9a-5e42-b92c-2cb1af28bec6', 13, 'unlisted', 'Late Game Scaling Strategy', '{"aliquip consequat eiusmod sit","qui officia consectetur commodo","do cillum ipsum in laboris","fugiat consectetur anim","fugiat minim","reprehenderit officia ex","ad tempor","laborum culpa"}', DEFAULT, DEFAULT), ('bcb7ae75-c1e7-50cd-ba0b-a339091eb350', 'e4de1a09-bd9a-5e42-b92c-2cb1af28bec6', 12, 'private', 'Late Game Scaling Strategy', '{"qui"}', DEFAULT, DEFAULT), ('22dccad0-36ca-5845-a1bd-b6027b406b8d', 'ac9f0e3e-b030-584f-a8dd-87355fe22537', 12, 'unlisted', 'Siege Tactics Handbook', '{"fugiat cillum","ad veniam incididunt reprehender","excepteur exercitation","ex mollit aute amet"}', DEFAULT, DEFAULT), ('d3293b00-a774-5f1e-99fc-e8f05eabde14', 'b32027db-33da-5dc2-b906-e0c2a06ac683', 12, 'unlisted', 'Team Fight Execution Plan', '{"cupidatat in commodo","mollit culpa","irure nostrud","laboris est"}', DEFAULT, DEFAULT), ('6822c6f8-ae35-5c57-9558-9cc55665f5cb', 'e4de1a09-bd9a-5e42-b92c-2cb1af28bec6', 14, 'private', 'Siege Tactics Handbook', '{"velit","do ex aliquip dolor","magna sint esse aliquip","adipisicing Lorem culpa","proident excepteur"}', DEFAULT, DEFAULT), ('8ac966bd-de46-5e4a-8401-5328d63ae1b4', '91fa3874-9437-5dfa-a49a-f19fb38d9e92', 9, 'unlisted', 'Early Game Dominance Guide', '{"excepteur","sint pariatur non incididunt","tempor velit culpa veniam","ut voluptate","aliqua Lorem non cupidatat eu","elit nisi pariatur quis"}', DEFAULT, DEFAULT), ('36f6354b-1927-5b66-8fab-ef32da0e1694', '6c52c1d9-13a4-51ef-ae51-1dacc4c14be9', 8, 'public', 'Split Push Blueprint', '{"in nostrud est","culpa exercitation commodo est","consequat id esse ullamco incidi","pariatur ad culpa ullamco","voluptate excepteur ad sint"}', DEFAULT, DEFAULT), ('a3befd2b-2867-5547-af7d-2fe7d53b98ef', '3dbd7acc-a0c5-5607-8378-ec8dc206b269', 13, 'unlisted', 'Vision Denial Blueprint', '{"fugiat","ut esse commodo minim velit","cillum quis dolore"}', DEFAULT, DEFAULT), ('4d502d01-8a3a-58bc-acb8-f61c47f35e10', 'eb3795e9-0dc2-506f-818c-e81bf7149197', 8, 'unlisted', 'Siege Tactics Handbook', '{"esse in","non esse pariatur id ut","et eiusmod culpa","excepteur anim in","eiusmod velit","adipisicing consequat qui conseq","elit tempor","non sunt","in commodo id do"}', DEFAULT, DEFAULT), ('ebdf08a4-39c5-5347-ab53-e4ef0e2d1add', '92bf5244-388d-5bbf-bd84-1c7ad2efe31b', 12, 'public', 'Roaming Support Plan', '{"aliquip tempor commodo fugiat"}', DEFAULT, DEFAULT), ('4cfaa7bd-7f8e-52b6-a079-b1fc1773dccb', '2589cf16-4103-5a4f-b544-b30078083eaa', 9, 'private', 'Map Control Blueprint', '{"nisi tempor tempor","nostrud aliquip esse eiusmod","minim aute pariatur","amet elit","sit consequat ipsum","nostrud labore sunt","esse laborum","tempor consequat proident sit","amet"}', DEFAULT, DEFAULT), ('379aa38a-0dab-5c06-8cdb-45bf5d7e2d27', '811570ef-0b81-508d-ba05-2f5e812d4131', 14, 'unlisted', 'Split Push Blueprint', '{"ullamco irure deserunt pariatur","labore dolore adipisicing","occaecat consectetur sit ad","laborum in et","sunt Lorem","ipsum","excepteur velit nisi","nulla dolore eu","eu ut"}', DEFAULT, DEFAULT), ('1cb4e4cf-86cc-5f46-9e77-98b857e060d9', '92bf5244-388d-5bbf-bd84-1c7ad2efe31b', 13, 'private', 'Vision Control Blueprint', '{"id veniam esse","adipisicing amet officia","duis consectetur aute","tempor ad esse","qui amet mollit deserunt","voluptate","excepteur duis"}', DEFAULT, DEFAULT), ('f39bcc07-5eef-5435-b6e9-d947c3bae70d', 'b7a89d05-549f-565f-b631-b59097e91d1a', 13, 'public', 'Late Game Scaling Strategy', '{"nostrud pariatur enim dolor","laboris id ea","do qui tempor non","elit aliquip","est incididunt consequat","reprehenderit pariatur","sunt dolore dolor","ipsum irure duis","aliqua sunt elit"}', DEFAULT, DEFAULT), ('20a16bbe-0188-55a3-8d14-7e2e6b37794e', '2589cf16-4103-5a4f-b544-b30078083eaa', 13, 'public', 'Split Push Blueprint', '{"laborum culpa est anim labore"}', DEFAULT, DEFAULT), ('75a162e8-f427-5c64-baca-dba20bc829dd', 'd1b8f3f8-af26-5088-8712-273c28ba98f7', 10, 'unlisted', 'Objective Focused Strategy', '{"Lorem Lorem","aliqua ex","tempor adipisicing consectetur c","pariatur sit laboris"}', DEFAULT, DEFAULT), ('5075bfb2-60b4-588c-ba9f-cd0f3efae77e', '91434b27-2651-5429-8f42-45c3f8e334a0', 13, 'public', 'Vision Denial Blueprint', '{}', DEFAULT, DEFAULT), ('329b0bda-79b1-53f3-afe7-b7495bde0220', '1d3f740a-8c60-5c1d-aa9e-3854a33c8e1d', 9, 'public', 'Rotation Strategy Document', '{"ipsum ipsum non veniam","proident eiusmod est","eiusmod cillum eiusmod irure","irure aliquip consequat proident"}', DEFAULT, DEFAULT), ('fc992b53-61aa-5185-8280-7863348ce734', '4da5a34b-d621-539d-93ed-4bd842601284', 14, 'unlisted', 'Early Game Dominance Guide', '{"eiusmod commodo","culpa eiusmod irure in","est"}', DEFAULT, DEFAULT), ('e15f78fd-c85d-5196-b441-614f0f00a652', 'a5831e58-2fc9-5b59-970d-00c344a4eb18', 12, 'unlisted', 'Jungle Control Playbook', '{"tempor elit","fugiat exercitation culpa et aut","incididunt adipisicing irure","cupidatat aute nisi"}', DEFAULT, DEFAULT), ('27d28c73-d0c0-5545-a0d3-0f0fa8e1aca6', 'a88bc9b9-135e-55c7-8c4c-5a072a3c8573', 8, 'unlisted', 'Roaming Support Plan', '{"excepteur","tempor culpa cupidatat tempor","Lorem in","sit ex duis","culpa labore dolore irure","veniam"}', DEFAULT, DEFAULT), ('bc0ae162-e51f-5f29-b5b0-87887eac9c85', 'f4b5542b-ba61-519e-a8d2-5793282ad487', 12, 'unlisted', 'Secure Objective Playbook', '{"ea","deserunt et amet consectetur et","quis","qui ipsum","elit veniam elit culpa in"}', DEFAULT, DEFAULT), ('23cfe397-d97e-55bf-af72-35043f52d2bb', '811570ef-0b81-508d-ba05-2f5e812d4131', 8, 'private', 'Objective Focused Strategy', '{"aliquip quis anim enim","est deserunt eiusmod","proident laboris sunt","laborum incididunt velit fugiat","dolore non do incididunt nisi","occaecat officia excepteur","in laborum sint fugiat","Lorem est nostrud","anim laboris eiusmod"}', DEFAULT, DEFAULT), ('2135e4d6-4261-59ed-a63d-11a8a55ba0c0', '3dbd7acc-a0c5-5607-8378-ec8dc206b269', 12, 'unlisted', 'Wave Management Plan', '{"amet esse labore duis","minim ut","exercitation et eu consequat qui","excepteur tempor aliqua magna","deserunt dolore","voluptate veniam"}', DEFAULT, DEFAULT), ('32ca2e92-cee8-58b4-beec-0fd9742bf2df', 'eda91f04-12ef-5904-88aa-e6ed9a692e03', 11, 'private', 'Counter Pick Blueprint', '{"excepteur labore nulla dolor","adipisicing duis consequat","incididunt elit esse pariatur al","dolor culpa do","pariatur ut","ipsum exercitation velit in"}', DEFAULT, DEFAULT), ('69e335b1-cf42-5234-867f-fc3222ba0932', '2589cf16-4103-5a4f-b544-b30078083eaa', 14, 'public', 'Defensive Turtle Tactics', '{"deserunt veniam sunt dolor elit","tempor","consectetur commodo elit dolor","veniam dolore exercitation qui","aliqua proident Lorem duis","nulla cillum est adipisicing mag","commodo aute ex et sit","tempor magna consectetur nulla","deserunt Lorem ea occaecat"}', DEFAULT, DEFAULT), ('4addfd63-7007-5913-b0c6-95e35fe44af0', '811570ef-0b81-508d-ba05-2f5e812d4131', 14, 'unlisted', 'Defensive Turtle Tactics', '{"et minim","fugiat nisi proident Lorem exerc","qui eiusmod enim proident","nostrud","ad ipsum","minim nostrud","voluptate","quis nisi cupidatat","consectetur qui ex laboris"}', DEFAULT, DEFAULT), ('29e1da9c-3bfa-53c5-8780-7032cb48ed69', '92bf5244-388d-5bbf-bd84-1c7ad2efe31b', 8, 'private', 'Aggressive Rush Strategy', '{"irure laborum nisi","voluptate ea reprehenderit in do","tempor","laboris aute","qui nulla","occaecat tempor","culpa","deserunt non","aliquip incididunt quis","cupidatat enim in dolore"}', DEFAULT, DEFAULT), ('0fe3263a-4b99-5049-afdd-8a29336988d1', 'b5605791-3389-56c2-9ec6-17d538b9bb85', 9, 'private', 'Defensive Turtle Tactics', '{"culpa","aliquip pariatur sunt velit","tempor duis consectetur excepteu","tempor enim esse proident","aliquip sunt duis veniam","anim reprehenderit cupidatat ani"}', DEFAULT, DEFAULT), ('de533318-8238-5b98-90fa-7923fbda78df', 'b7a89d05-549f-565f-b631-b59097e91d1a', 13, 'public', 'Aggressive Rush Strategy', '{"velit consequat do","ipsum sunt"}', DEFAULT, DEFAULT), ('91b0fe2a-8d53-5dfa-804e-dadbd5fed2f0', 'ac9f0e3e-b030-584f-a8dd-87355fe22537', 10, 'unlisted', 'Roaming Support Plan', '{"qui ea dolor non","sit nisi fugiat laboris"}', DEFAULT, DEFAULT), ('f2da91e9-e150-5eba-811a-769c8b464b2d', '91434b27-2651-5429-8f42-45c3f8e334a0', 14, 'private', 'Aggressive Rush Strategy', '{"ea aute minim dolor dolor","non anim pariatur incididunt eli","incididunt nulla","est consectetur consequat aliqua","dolor"}', DEFAULT, DEFAULT), ('830462ad-e07d-578c-9343-4c2f3f3f896d', 'b7a89d05-549f-565f-b631-b59097e91d1a', 14, 'public', 'Aggressive Rush Strategy', '{"ad","cillum anim aute"}', DEFAULT, DEFAULT), ('e4d512a0-9012-54c8-a0de-d2cfb46cc4e7', 'b7a89d05-549f-565f-b631-b59097e91d1a', 11, 'private', 'Gank Heavy Approach', '{"est","labore adipisicing cillum eu","fugiat ut consequat","proident labore","id enim aliqua","adipisicing","consectetur id velit non"}', DEFAULT, DEFAULT), ('8fc4ec28-bbda-57ff-86ae-02acc462e7a3', 'cd7c291a-6d6e-5632-91e5-b7fd7a634d7d', 13, 'unlisted', 'Split Push Blueprint', '{"et dolor do","ea aliquip excepteur","magna esse","magna Lorem","laborum ullamco consectetur moll","excepteur qui sunt amet","ea culpa nulla mollit aliquip","ex occaecat non sit fugiat","do"}', DEFAULT, DEFAULT), ('46cb3ac1-56db-5482-a77b-488299529f1c', 'ac9f0e3e-b030-584f-a8dd-87355fe22537', 12, 'unlisted', 'Roaming Support Plan', '{"sit sunt","ut","amet labore cillum","incididunt ipsum ut","et ad","cillum consequat fugiat ullamco"}', DEFAULT, DEFAULT), ('ca6dab04-25c1-5208-bf77-9e5162704420', 'b7a89d05-549f-565f-b631-b59097e91d1a', 14, 'private', 'Wave Management Plan', '{"sunt magna tempor","laboris","adipisicing irure","Lorem consectetur","nulla","consectetur ex commodo cillum","sit eiusmod nulla"}', DEFAULT, DEFAULT), ('54485efb-a52b-5ef1-8d37-32b22dc487d0', 'a5831e58-2fc9-5b59-970d-00c344a4eb18', 13, 'private', 'Defensive Turtle Tactics', '{"exercitation qui","ullamco adipisicing","pariatur","adipisicing dolore","laboris occaecat sit","magna velit est Lorem","est","qui amet ea","aute"}', DEFAULT, DEFAULT), ('1fa8fec1-5ed8-5fb9-afc2-a5a8eea61a64', 'b64d0217-6a7b-5682-8927-676434f72be9', 12, 'public', 'Gank Heavy Approach', '{"culpa magna","magna ad occaecat","tempor tempor","ipsum enim esse labore","aute veniam deserunt","fugiat ea"}', DEFAULT, DEFAULT), ('21212b38-5327-5020-9dc6-3fca09a6128f', 'd1b8f3f8-af26-5088-8712-273c28ba98f7', 13, 'unlisted', 'Baron Control Strategy', '{}', DEFAULT, DEFAULT), ('b22cc198-1bf7-5cc9-b682-385ac5f11217', 'b7a89d05-549f-565f-b631-b59097e91d1a', 8, 'unlisted', 'Map Control Blueprint', '{"veniam","in do amet irure","labore Lorem cupidatat"}', DEFAULT, DEFAULT), ('07d77b7a-f8bb-53ab-8750-034a7dc2bcb0', '92bf5244-388d-5bbf-bd84-1c7ad2efe31b', 11, 'unlisted', 'Defensive Turtle Tactics', '{"aliquip ad","elit ullamco dolor in","aute velit laborum","veniam in mollit","labore"}', DEFAULT, DEFAULT), ('f7f63dc3-d8b7-5f42-b802-636e4e3f43bb', '8b7e423b-b9b9-5b3c-bf3d-1aa45d16235c', 14, 'private', 'Split Push Blueprint', '{}', DEFAULT, DEFAULT), ('a1dd34cc-747e-59d2-bb04-592165ee24b7', '09617df2-6261-5b47-bc30-85d317367d48', 10, 'private', 'Late Game Scaling Strategy', '{"occaecat incididunt mollit proid","dolor ut","pariatur elit","labore sint","non est eu laboris","ullamco dolore consectetur magna","sint est aliquip deserunt","tempor adipisicing laboris eiusm","reprehenderit est irure"}', DEFAULT, DEFAULT), ('b111722b-fdf4-55f7-a1ea-183bf540f7e3', '4da5a34b-d621-539d-93ed-4bd842601284', 11, 'unlisted', 'Jungle Control Playbook', '{}', DEFAULT, DEFAULT), ('de288e5e-33f8-5b49-9dad-83fa7d46ac0d', '8b7e423b-b9b9-5b3c-bf3d-1aa45d16235c', 13, 'private', 'Late Game Scaling Strategy', '{"officia pariatur Lorem nisi","Lorem Lorem","deserunt aute quis laboris","ipsum esse","ex ut anim consequat nisi","reprehenderit adipisicing","in irure"}', DEFAULT, DEFAULT), ('f1ab7f2e-7a01-59f1-b811-78e3b78b40bc', 'd1b8f3f8-af26-5088-8712-273c28ba98f7', 13, 'private', 'Vision Denial Blueprint', '{"sunt Lorem","ex incididunt","labore consectetur ullamco labor","ad amet dolore culpa","officia ipsum","ex elit aliqua dolor","veniam adipisicing enim nostrud ","sit aliquip aute"}', DEFAULT, DEFAULT), ('e0783de7-ca51-5f0a-a7ac-8dcd533efd10', '438bff0e-fd50-5c86-89ee-d397a0c0e548', 14, 'unlisted', 'Rotation Strategy Document', '{"veniam culpa","incididunt ipsum labore","adipisicing","deserunt pariatur excepteur veli"}', DEFAULT, DEFAULT), ('c3238b63-2dda-5915-8ca5-773255a1cfad', 'a88bc9b9-135e-55c7-8c4c-5a072a3c8573', 9, 'private', 'Defensive Turtle Tactics', '{"anim tempor quis cillum officia","est consequat voluptate eu","officia in"}', DEFAULT, DEFAULT), ('7b1aca75-d87e-55c4-87f7-005fafbadfdb', '811570ef-0b81-508d-ba05-2f5e812d4131', 14, 'public', 'Wave Management Plan', '{"veniam quis ut ut","eiusmod irure laborum magna","amet amet ullamco"}', DEFAULT, DEFAULT), ('106d238e-2ba4-525c-8d85-994f8dfb2984', 'd19db439-c7e7-53a7-aa19-0db346180dc1', 13, 'unlisted', 'Gank Heavy Approach', '{"anim","sit"}', DEFAULT, DEFAULT), ('72f05d50-2802-535d-af55-29384395d238', '438bff0e-fd50-5c86-89ee-d397a0c0e548', 8, 'unlisted', 'Rotation Strategy Document', '{"aute culpa et ut velit","elit veniam excepteur aute","incididunt commodo","laboris non occaecat laboris","cillum sit","laborum officia reprehenderit","nostrud consectetur tempor","incididunt quis incididunt","voluptate Lorem","incididunt amet voluptate culpa "}', DEFAULT, DEFAULT), ('f914b2f3-d88a-52e4-ac43-1ef8cffb4d34', '811570ef-0b81-508d-ba05-2f5e812d4131', 9, 'public', 'Map Control Blueprint', '{"non enim et eu sit"}', DEFAULT, DEFAULT), ('c620930b-8f59-50ae-bf46-b1a3aca28f0a', 'b32027db-33da-5dc2-b906-e0c2a06ac683', 14, 'unlisted', 'Map Control Blueprint', '{"labore in","culpa sunt et occaecat","dolor do id","non ea culpa","duis","nostrud aliquip","reprehenderit exercitation","enim sint non","eu anim aliqua cupidatat anim"}', DEFAULT, DEFAULT), ('c78418ab-6a36-52f6-ad32-89289156138c', 'cfbfd1d4-e77f-57e5-94da-e9ff2cc7a996', 9, 'public', 'Vision Denial Blueprint', '{"veniam voluptate commodo enim nu","officia ut"}', DEFAULT, DEFAULT), ('ed7bef30-09b5-5167-a122-9b398a76eaef', '92bf5244-388d-5bbf-bd84-1c7ad2efe31b', 8, 'unlisted', 'Aggressive Rush Strategy', '{"incididunt do","aute","dolore"}', DEFAULT, DEFAULT), ('ecddf116-85cf-5aef-8c73-6e5963680c88', 'b32027db-33da-5dc2-b906-e0c2a06ac683', 11, 'private', 'Roaming Support Plan', '{"est adipisicing occaecat","occaecat aliquip","minim do non","occaecat laborum eiusmod cupidat","esse ipsum","excepteur esse"}', DEFAULT, DEFAULT), ('5bb46529-9916-530c-88e4-31ac6d441591', '09617df2-6261-5b47-bc30-85d317367d48', 12, 'private', 'Late Game Scaling Strategy', '{"minim enim","fugiat adipisicing ipsum sint de","mollit","ullamco deserunt","amet aliquip est","est ex dolor enim magna"}', DEFAULT, DEFAULT), ('8b092693-9a40-5f6a-a57b-3c3e9f5288f7', '3dbd7acc-a0c5-5607-8378-ec8dc206b269', 12, 'private', 'Defensive Turtle Tactics', '{"esse elit","proident deserunt","dolore officia","culpa magna culpa","eu cupidatat aliquip excepteur"}', DEFAULT, DEFAULT), ('65d96d53-ecd8-5cb9-a3d4-a2842c9c629f', '3dbd7acc-a0c5-5607-8378-ec8dc206b269', 12, 'private', 'Vision Denial Blueprint', '{"est cillum aliquip eu","tempor enim officia","tempor ea magna reprehenderit","commodo ad ea","et minim","pariatur officia dolore ullamco","deserunt enim reprehenderit ipsu"}', DEFAULT, DEFAULT), ('672c681b-4325-56a5-8413-28facb838b89', 'b32027db-33da-5dc2-b906-e0c2a06ac683', 14, 'unlisted', 'Wave Management Plan', '{"in minim non et","labore","reprehenderit dolore ea","reprehenderit","voluptate do et amet incididunt","amet enim nulla duis","nisi anim","nostrud aliquip laborum laborum","in consectetur ex elit eu"}', DEFAULT, DEFAULT), ('49d19d37-5ee3-59d0-a985-37b5b703ceb0', 'b7a89d05-549f-565f-b631-b59097e91d1a', 11, 'public', 'Team Fight Execution Plan', '{"deserunt tempor ullamco nostrud ","ea anim","do amet veniam amet","non veniam ut commodo adipisicin","fugiat sit dolor","elit in pariatur non","cupidatat"}', DEFAULT, DEFAULT), ('66e9d7dd-018c-5299-8470-9f074683bd55', 'eda91f04-12ef-5904-88aa-e6ed9a692e03', 8, 'unlisted', 'Early Game Dominance Guide', '{"irure veniam","incididunt","aliqua occaecat irure","commodo pariatur","occaecat nostrud et","officia qui culpa mollit","aute commodo elit","dolore aute in","anim tempor"}', DEFAULT, DEFAULT), ('d4a93045-0519-5ae2-8bd3-51a7d07f2b97', '882c7ae5-914f-539d-8207-691de536097f', 13, 'private', 'Split Push Blueprint', '{"excepteur cupidatat","consequat labore sunt","commodo deserunt","ea"}', DEFAULT, DEFAULT), ('b5bd1f0b-0be5-592a-87b7-65db36f2fa17', '8a0a556f-d942-55f0-8ba8-1ffbfaf3c6d9', 11, 'unlisted', 'Aggressive Rush Strategy', '{"ipsum","est minim"}', DEFAULT, DEFAULT), ('902168ab-57a5-5714-b589-ecf1bd6d2517', '882c7ae5-914f-539d-8207-691de536097f', 12, 'unlisted', 'Vision Control Blueprint', '{"eu anim aliquip","nostrud culpa mollit","incididunt deserunt qui","anim ut eu est ex","sint consectetur nisi est tempor","laborum laboris","non nisi do deserunt"}', DEFAULT, DEFAULT), ('8e1b1af0-d36a-5958-9b32-c8f59e8edaf9', '92bf5244-388d-5bbf-bd84-1c7ad2efe31b', 9, 'private', 'Objective Focused Strategy', '{"aute non","deserunt","amet velit in","aute","enim ex"}', DEFAULT, DEFAULT), ('9ca1e23a-7fd9-5be2-b14a-5f50a52fda0a', '2d1d7734-be70-5d07-a538-e76c6cae722e', 12, 'private', 'Counter Pick Blueprint', '{"anim","eiusmod quis quis voluptate pari","dolor excepteur","velit cillum","aliquip do duis","enim mollit esse irure ad","sint culpa","laboris consectetur ipsum ad"}', DEFAULT, DEFAULT), ('b458c0d2-4d21-597a-9d7c-522e47032d79', '2589cf16-4103-5a4f-b544-b30078083eaa', 9, 'unlisted', 'Siege Tactics Handbook', '{"ullamco nisi ad aute","ad laboris voluptate fugiat","mollit ipsum dolore eu nisi"}', DEFAULT, DEFAULT), ('aeae5590-e6d3-5c02-8a1c-40a6bcf61bd6', '882c7ae5-914f-539d-8207-691de536097f', 13, 'private', 'Vision Control Blueprint', '{"eu commodo magna","Lorem nostrud laborum","cillum nisi culpa"}', DEFAULT, DEFAULT), ('e62ff15d-b4e8-5f8b-b8c8-56d105c9d705', 'd19db439-c7e7-53a7-aa19-0db346180dc1', 11, 'private', 'Defensive Turtle Tactics', '{"consectetur velit culpa aute","proident ad amet","enim in","deserunt cillum ex deserunt"}', DEFAULT, DEFAULT), ('2650d5c8-a9d2-57ad-a70d-8c89cf994021', '811570ef-0b81-508d-ba05-2f5e812d4131', 12, 'private', 'Vision Denial Blueprint', '{}', DEFAULT, DEFAULT), ('57851dd8-0d7e-5b03-b70f-32940ae107ce', '3dbd7acc-a0c5-5607-8378-ec8dc206b269', 14, 'unlisted', 'Team Fight Execution Plan', '{"nisi sunt nisi aliquip nisi","officia non","id ut","tempor proident","et laboris incididunt cupidatat ","sunt exercitation quis ea labori","consectetur ullamco","laboris est tempor","est ullamco"}', DEFAULT, DEFAULT), ('0bb88883-c32b-547d-bac2-9dcbf9437722', 'a3141029-aec2-543b-b18a-49fe947e3304', 10, 'unlisted', 'Vision Control Blueprint', '{"ex aliquip sunt consequat nisi","excepteur eiusmod","esse","nisi id","adipisicing"}', DEFAULT, DEFAULT), ('f2096d39-9bcd-5cc9-af38-3924bad39e01', 'a3141029-aec2-543b-b18a-49fe947e3304', 11, 'unlisted', 'Aggressive Rush Strategy', '{"mollit nostrud eu sint et"}', DEFAULT, DEFAULT), ('cdc85c53-30bc-5c6e-91cc-2af72696e64b', 'd19db439-c7e7-53a7-aa19-0db346180dc1', 9, 'private', 'Objective Focused Strategy', '{"sunt elit esse mollit mollit"}', DEFAULT, DEFAULT), ('a0fe813c-8a2e-57ff-8950-530eb72350cc', '1d3f740a-8c60-5c1d-aa9e-3854a33c8e1d', 11, 'public', 'Aggressive Rush Strategy', '{"adipisicing","esse anim tempor minim","ex non dolor","laborum et magna fugiat","amet duis","aliquip nisi fugiat deserunt dol","adipisicing","pariatur incididunt nulla repreh","deserunt laboris Lorem ea nostru"}', DEFAULT, DEFAULT), ('3dcb1c72-1f38-50a2-8a79-9f8b83862a0b', '91434b27-2651-5429-8f42-45c3f8e334a0', 14, 'public', 'Baron Control Strategy', '{"Lorem esse nostrud veniam nisi","exercitation velit ad quis irure","voluptate duis aliqua ex","quis qui","ea esse","cupidatat cupidatat et proident","aliqua","qui in pariatur"}', DEFAULT, DEFAULT), ('b529db67-e1b4-5e7d-9a32-267867bbcbad', '549980e7-3e77-5d76-b263-84664d04b209', 11, 'public', 'Early Game Dominance Guide', '{"commodo esse","ullamco aliquip nostrud sint","amet sit enim","laboris","consectetur nisi aliquip excepte","est incididunt"}', DEFAULT, DEFAULT), ('89b21cb6-fbf3-585a-b9c1-304fad97258b', '09617df2-6261-5b47-bc30-85d317367d48', 12, 'unlisted', 'Vision Control Blueprint', '{"excepteur laborum Lorem proident","sint sunt","elit reprehenderit pariatur","tempor veniam","et laboris veniam qui"}', DEFAULT, DEFAULT), ('8af27ce1-15c1-5703-a4c5-07ea669df0c7', '92bf5244-388d-5bbf-bd84-1c7ad2efe31b', 10, 'public', 'Late Game Scaling Strategy', '{"consequat velit tempor","velit excepteur","aliqua nisi","Lorem tempor veniam","sint excepteur aliqua","sit veniam","culpa occaecat veniam sit labori","amet","laboris ipsum sit","ipsum"}', DEFAULT, DEFAULT), ('e9960db1-b450-5d20-820c-87fab4f40dc8', 'b64d0217-6a7b-5682-8927-676434f72be9', 9, 'private', 'Vision Control Blueprint', '{}', DEFAULT, DEFAULT), ('2dd10f1f-4836-53b2-b2b6-ae71861e43d0', '09617df2-6261-5b47-bc30-85d317367d48', 8, 'private', 'Roaming Support Plan', '{"Lorem sit culpa nisi do","incididunt et occaecat reprehend","culpa ut quis"}', DEFAULT, DEFAULT), ('09d4e842-df61-577d-8d06-00daf3b676e2', '882c7ae5-914f-539d-8207-691de536097f', 11, 'unlisted', 'Early Game Dominance Guide', '{"elit anim excepteur adipisicing","officia cillum","minim adipisicing laborum","ipsum","sunt velit eiusmod labore","deserunt et officia duis","aliqua ullamco Lorem","qui eu"}', DEFAULT, DEFAULT), ('6fe4789e-9a02-5c94-8c81-5bb4cffd7850', '4da5a34b-d621-539d-93ed-4bd842601284', 9, 'public', 'Siege Tactics Handbook', '{}', DEFAULT, DEFAULT), ('62834a20-27ac-5894-8947-a4e2ffb67f5b', '2d1d7734-be70-5d07-a538-e76c6cae722e', 14, 'unlisted', 'Rotation Strategy Document', '{"mollit ad aute","voluptate nulla ut enim","enim ea nisi dolore mollit","eu ex","eiusmod sit","esse aute"}', DEFAULT, DEFAULT), ('ce25e6d7-50b4-50c3-8210-685ee22346f3', 'cd7c291a-6d6e-5632-91e5-b7fd7a634d7d', 14, 'unlisted', 'Gank Heavy Approach', '{"duis officia reprehenderit","do aliquip esse laborum magna"}', DEFAULT, DEFAULT), ('a4e4a518-fb32-53bf-9d1c-f336f8cd8c45', 'eb3795e9-0dc2-506f-818c-e81bf7149197', 12, 'public', 'Late Game Scaling Strategy', '{}', DEFAULT, DEFAULT), ('d5862a76-70cd-55db-a302-365d7ec101f5', '98eaafd3-adbf-5a3e-adb9-b3fb6971b6f1', 14, 'public', 'Wave Management Plan', '{"in quis non","in","labore laborum ullamco dolore","tempor nostrud magna","nostrud enim ea","proident velit","velit culpa"}', DEFAULT, DEFAULT), ('fff5567f-d4a5-542e-ba70-1119521ca0cb', '98eaafd3-adbf-5a3e-adb9-b3fb6971b6f1', 9, 'public', 'Defensive Turtle Tactics', '{"anim","labore qui minim adipisicing adi","dolore ut commodo voluptate"}', DEFAULT, DEFAULT), ('48abaf7b-d65e-5371-8d5f-1be4621911e6', 'a88bc9b9-135e-55c7-8c4c-5a072a3c8573', 9, 'unlisted', 'Baron Control Strategy', '{}', DEFAULT, DEFAULT), ('05b8ebd6-06e1-5ce6-85d9-1fda124d11b0', 'e4de1a09-bd9a-5e42-b92c-2cb1af28bec6', 10, 'unlisted', 'Objective Focused Strategy', '{"deserunt commodo labore mollit","excepteur eu","culpa tempor ut","enim","aute cupidatat commodo","eu enim qui laborum veniam"}', DEFAULT, DEFAULT), ('be5a4c70-a4ff-57c0-8c2c-437a6d77f25c', '811570ef-0b81-508d-ba05-2f5e812d4131', 9, 'public', 'Vision Denial Blueprint', '{"deserunt commodo","ut esse","amet velit aliquip excepteur","proident cupidatat veniam","elit"}', DEFAULT, DEFAULT), ('e6ff83af-5ec2-537d-b04b-784bd77a5871', '3dbd7acc-a0c5-5607-8378-ec8dc206b269', 11, 'private', 'Split Push Blueprint', '{"enim eu","id adipisicing nisi irure"}', DEFAULT, DEFAULT), ('dc9bffb4-1647-5c5d-8c1f-d89500e89900', '92bf5244-388d-5bbf-bd84-1c7ad2efe31b', 12, 'unlisted', 'Defensive Turtle Tactics', '{"consectetur ullamco consequat la","commodo Lorem","est amet elit ad","Lorem dolor adipisicing elit"}', DEFAULT, DEFAULT), ('ec767a01-17bb-518c-9633-78ebc8caded3', '2d1d7734-be70-5d07-a538-e76c6cae722e', 9, 'private', 'Baron Control Strategy', '{}', DEFAULT, DEFAULT), ('6c642b40-bb15-55fa-9319-9c100d27adc7', '756cbb59-27d6-58f3-b4b9-8b56121e683f', 12, 'private', 'Vision Denial Blueprint', '{"eiusmod amet excepteur commodo v","amet","cupidatat"}', DEFAULT, DEFAULT), ('197f52e9-f9b3-54a3-a900-9ddcd2cd98d5', 'f4b5542b-ba61-519e-a8d2-5793282ad487', 9, 'unlisted', 'Vision Control Blueprint', '{"in minim do do","ipsum est dolore nulla","magna ea quis","in eu reprehenderit pariatur","ut nostrud","qui reprehenderit","quis anim aliqua","magna est dolor exercitation cul"}', DEFAULT, DEFAULT), ('b239ffdb-847f-5400-b1f9-97e186ea36bc', 'b64d0217-6a7b-5682-8927-676434f72be9', 9, 'private', 'Wave Management Plan', '{}', DEFAULT, DEFAULT), ('c3124970-b58c-5748-8a01-4ba1d7466b2b', '6c52c1d9-13a4-51ef-ae51-1dacc4c14be9', 14, 'unlisted', 'Objective Focused Strategy', '{"esse aliquip minim cupidatat","eu ad nostrud enim","sint nostrud tempor sint","quis officia","duis non adipisicing ea","proident nisi magna duis","dolore est voluptate","cupidatat amet id fugiat"}', DEFAULT, DEFAULT), ('2fbdef88-7d4a-5528-bb59-74f725709563', '811570ef-0b81-508d-ba05-2f5e812d4131', 10, 'private', 'Map Control Blueprint', '{"dolor est","laboris fugiat","adipisicing ex","cupidatat consequat eu"}', DEFAULT, DEFAULT), ('a03637de-3a86-5f2c-a9a1-71bb222f301f', '3ff60d7a-a4ad-54c5-a422-53b52cd53093', 10, 'private', 'Aggressive Rush Strategy', '{"pariatur ipsum","eiusmod quis consectetur fugiat ","nulla amet duis cupidatat nostru"}', DEFAULT, DEFAULT), ('536d5b0c-dc7c-598f-8fa0-b21c4cd85d48', '91fa3874-9437-5dfa-a49a-f19fb38d9e92', 13, 'unlisted', 'Counter Pick Blueprint', '{"cupidatat cillum magna","officia veniam ex reprehenderit","consectetur nulla esse aliqua","reprehenderit incididunt officia","enim nulla id velit culpa","culpa deserunt ipsum irure","commodo sit","velit eu est consequat eu"}', DEFAULT, DEFAULT), ('f04b6b4b-d5ea-517f-8a7d-71713980487c', '756cbb59-27d6-58f3-b4b9-8b56121e683f', 8, 'unlisted', 'Rotation Strategy Document', '{"exercitation qui deserunt magna","sit","cupidatat","pariatur ipsum labore sit","ipsum aliquip ad","anim","tempor dolor mollit mollit","aliquip fugiat voluptate quis","commodo incididunt incididunt"}', DEFAULT, DEFAULT), ('363e1d5b-f7b0-5ee0-a43a-f471f9cf9338', 'ac9f0e3e-b030-584f-a8dd-87355fe22537', 14, 'private', 'Late Game Scaling Strategy', '{"veniam voluptate","amet do","aliqua ad qui","velit aliquip","amet est","ipsum","sit proident voluptate","minim"}', DEFAULT, DEFAULT), ('edcc2203-6787-52aa-bc0b-a6dcc59388be', 'a5831e58-2fc9-5b59-970d-00c344a4eb18', 11, 'public', 'Vision Control Blueprint', '{}', DEFAULT, DEFAULT), ('474b1c92-271b-5e78-878e-3e82398a6e7c', '98b30307-7ea7-5b6c-b9e4-560fe08299de', 11, 'unlisted', 'Jungle Control Playbook', '{"ullamco commodo","id amet sint velit","amet culpa dolore anim","laboris anim","fugiat tempor mollit aute","quis magna voluptate anim repreh","officia commodo","eu sint do"}', DEFAULT, DEFAULT), ('8997d96a-4a2f-5fcd-a0a2-88e875f8bba7', '1d3f740a-8c60-5c1d-aa9e-3854a33c8e1d', 9, 'unlisted', 'Split Push Blueprint', '{"eiusmod aliquip nisi ad","incididunt irure ad ipsum conseq","irure nisi reprehenderit"}', DEFAULT, DEFAULT), ('f61f0c83-60cb-5fa8-a27a-67e606b63adb', '811570ef-0b81-508d-ba05-2f5e812d4131', 13, 'private', 'Defensive Turtle Tactics', '{"reprehenderit sunt","adipisicing fugiat ea pariatur e","non adipisicing excepteur aliqui"}', DEFAULT, DEFAULT), ('30d213ab-4615-5d8b-abee-5b4875c8bfdf', '98eaafd3-adbf-5a3e-adb9-b3fb6971b6f1', 13, 'private', 'Roaming Support Plan', '{"mollit culpa","consequat"}', DEFAULT, DEFAULT), ('7d042aff-1b5b-531f-917f-48f2d58d33c7', '98b30307-7ea7-5b6c-b9e4-560fe08299de', 13, 'private', 'Team Fight Execution Plan', '{"dolore proident","est aute","et consequat mollit","sint ipsum proident","incididunt anim quis","duis dolor enim veniam","tempor elit","magna voluptate labore reprehend","cupidatat consectetur do"}', DEFAULT, DEFAULT), ('30e1e77d-2bcf-5591-97ec-d99bd552d8f0', '91434b27-2651-5429-8f42-45c3f8e334a0', 9, 'public', 'Vision Denial Blueprint', '{"minim ut adipisicing","deserunt do fugiat laboris culpa","Lorem velit irure","fugiat ex","ut sint","deserunt laborum ad eiusmod","nulla non"}', DEFAULT, DEFAULT), ('d53a4a7c-125e-52cd-8ba3-aa3916f71140', '2589cf16-4103-5a4f-b544-b30078083eaa', 11, 'unlisted', 'Vision Control Blueprint', '{"cillum incididunt labore proiden","nostrud incididunt","commodo","tempor et in aute","occaecat do ad dolor ea","laboris magna","elit","officia cillum","voluptate culpa"}', DEFAULT, DEFAULT), ('47f797b2-50c1-56af-abe6-0081dabe5efd', 'f4b5542b-ba61-519e-a8d2-5793282ad487', 13, 'private', 'Counter Pick Blueprint', '{}', DEFAULT, DEFAULT), ('3ebbec39-d360-5461-b442-70abf723c8b8', '98b30307-7ea7-5b6c-b9e4-560fe08299de', 10, 'private', 'Aggressive Rush Strategy', '{"est","non nisi labore eiusmod","adipisicing nulla irure voluptat","excepteur officia enim","et aliqua fugiat nulla et"}', DEFAULT, DEFAULT), ('3821efb6-356e-53bd-8a0b-239426475be5', '91fa3874-9437-5dfa-a49a-f19fb38d9e92', 14, 'public', 'Siege Tactics Handbook', '{"velit esse","eu irure occaecat magna minim","esse","reprehenderit ea","aute ipsum commodo magna mollit"}', DEFAULT, DEFAULT), ('f62571e6-585e-5709-b04e-861b7f3db2d2', '438bff0e-fd50-5c86-89ee-d397a0c0e548', 11, 'public', 'Roaming Support Plan', '{"aliquip quis ad","mollit ipsum","id laboris"}', DEFAULT, DEFAULT), ('f706ef0d-b4c8-54ee-ba4a-8f6af14717f8', '1d3f740a-8c60-5c1d-aa9e-3854a33c8e1d', 14, 'unlisted', 'Counter Pick Blueprint', '{"dolore est","proident incididunt minim","cupidatat laboris occaecat cupid"}', DEFAULT, DEFAULT), ('da6a602b-9dc0-5e13-87e9-323f368838a2', 'ac9f0e3e-b030-584f-a8dd-87355fe22537', 8, 'unlisted', 'Gank Heavy Approach', '{"eiusmod cillum commodo eiusmod","deserunt qui","qui ea quis ad","ad et do velit qui","laborum duis","reprehenderit nulla dolore","culpa reprehenderit","Lorem ex","id velit","nostrud consectetur ullamco repr"}', DEFAULT, DEFAULT), ('ae022a2e-97fe-53d7-ace2-f700a65995e2', '9b1fc781-1e4e-56d2-bd68-0dc257a319c0', 11, 'unlisted', 'Jungle Control Playbook', '{"eu fugiat aliquip","aute consectetur irure nulla","eiusmod veniam esse","non dolore et aliqua","labore eiusmod deserunt aliquip "}', DEFAULT, DEFAULT), ('7f27719e-c551-5cfa-ab24-3e6a917bc77f', 'cfbfd1d4-e77f-57e5-94da-e9ff2cc7a996', 9, 'public', 'Vision Control Blueprint', '{"ea","cillum nulla officia","deserunt tempor exercitation lab","ea","in dolor","sint in cillum fugiat","magna dolor","fugiat anim sit amet","excepteur consectetur voluptate "}', DEFAULT, DEFAULT), ('a7afe8c7-8469-5a59-9246-cc18b3ce4b7b', 'cfbfd1d4-e77f-57e5-94da-e9ff2cc7a996', 14, 'private', 'Baron Control Strategy', '{"adipisicing commodo sit","exercitation aliqua","et anim","elit do veniam","in anim Lorem culpa","cillum excepteur sunt","eu eu non dolor"}', DEFAULT, DEFAULT), ('8111ec5f-e01a-5ad1-b89a-b7a64419e202', '1e7e0bcb-4fc0-5d72-81a5-d67a74a13595', 12, 'public', 'Vision Denial Blueprint', '{"duis sint dolor","et et cillum nisi","elit proident","excepteur adipisicing culpa ex","tempor tempor ipsum mollit","sint cillum in","excepteur est minim veniam","elit dolor eu"}', DEFAULT, DEFAULT), ('af41c136-c26c-5e1c-81f1-2d9f923ca606', '8a0a556f-d942-55f0-8ba8-1ffbfaf3c6d9', 14, 'public', 'Aggressive Rush Strategy', '{"reprehenderit cillum","occaecat non ex","mollit irure laboris eu officia","adipisicing consectetur","excepteur in","nulla incididunt pariatur occaec","veniam aliqua deserunt","magna voluptate quis adipisicing","magna eiusmod consectetur","ipsum"}', DEFAULT, DEFAULT), ('7594efe5-aff1-5874-a5ed-4a9edc7b66bf', 'cfbfd1d4-e77f-57e5-94da-e9ff2cc7a996', 9, 'unlisted', 'Defensive Turtle Tactics', '{"adipisicing ullamco consequat in","velit","elit voluptate eiusmod","dolor labore esse cillum in","sunt enim cillum","elit esse anim mollit minim","consequat adipisicing nostrud","excepteur dolor adipisicing magn"}', DEFAULT, DEFAULT), ('ee2f9514-a689-5e06-84f0-7f27b56a3774', '1d3f740a-8c60-5c1d-aa9e-3854a33c8e1d', 14, 'private', 'Aggressive Rush Strategy', '{"Lorem adipisicing","eu pariatur dolor","incididunt dolore reprehenderit","labore dolore est duis","eiusmod et mollit","duis aute tempor minim"}', DEFAULT, DEFAULT), ('59ac239c-144e-5ca7-b3e8-b97418726740', '09617df2-6261-5b47-bc30-85d317367d48', 12, 'unlisted', 'Early Game Dominance Guide', '{"duis excepteur culpa","amet officia laboris","sunt aute non"}', DEFAULT, DEFAULT), ('7992b22f-6c16-50ae-ae54-fd84bedb78e7', '1e7e0bcb-4fc0-5d72-81a5-d67a74a13595', 9, 'public', 'Jungle Control Playbook', '{"qui culpa non magna cupidatat","veniam elit id mollit fugiat","proident adipisicing ad amet","voluptate consectetur occaecat c","esse deserunt","aliquip dolor Lorem esse"}', DEFAULT, DEFAULT), ('eeb6a56c-bf20-5164-a9c4-2438947a1635', 'eda91f04-12ef-5904-88aa-e6ed9a692e03', 8, 'public', 'Split Push Blueprint', '{"et excepteur","aliquip id velit non consequat","ullamco"}', DEFAULT, DEFAULT), ('ba263b84-62af-5be6-a1da-34f8a9b1c708', 'a5831e58-2fc9-5b59-970d-00c344a4eb18', 12, 'public', 'Team Fight Execution Plan', '{"sunt anim"}', DEFAULT, DEFAULT), ('0eda511d-00fb-5edd-a94c-61620ced28e5', '9b1fc781-1e4e-56d2-bd68-0dc257a319c0', 9, 'private', 'Defensive Turtle Tactics', '{"exercitation anim","exercitation cillum","dolor elit fugiat","ut aliqua in","magna id dolor laboris","consectetur sit ullamco cillum","ea excepteur enim","eiusmod quis voluptate cupidatat"}', DEFAULT, DEFAULT), ('4a82ca5f-1296-51b0-9319-05459a439c92', 'ac9f0e3e-b030-584f-a8dd-87355fe22537', 14, 'unlisted', 'Team Fight Execution Plan', '{"ex aute nulla commodo","irure ipsum","fugiat","quis ad tempor esse","eu","sint non sit"}', DEFAULT, DEFAULT), ('230e6990-91f4-5dc7-b6bc-229a44985e25', '91fa3874-9437-5dfa-a49a-f19fb38d9e92', 14, 'private', 'Gank Heavy Approach', '{"nulla consectetur pariatur nostr","adipisicing aliqua tempor","esse voluptate sint"}', DEFAULT, DEFAULT), ('01a97da4-f21e-511b-9160-a834d5d7f82e', 'a3141029-aec2-543b-b18a-49fe947e3304', 8, 'unlisted', 'Split Push Blueprint', '{"cupidatat","id elit proident aliqua","anim nostrud quis pariatur"}', DEFAULT, DEFAULT), ('1c5613fb-a627-5391-a9ff-0cc49d9b395b', 'ac9f0e3e-b030-584f-a8dd-87355fe22537', 10, 'unlisted', 'Early Game Dominance Guide', '{"nulla ea","culpa consequat nulla","qui","nisi incididunt nisi enim","minim tempor commodo in mollit","labore fugiat","Lorem exercitation anim nostrud ","consequat labore"}', DEFAULT, DEFAULT), ('69b55afa-a769-5eae-849b-0607118f6f38', 'ac9f0e3e-b030-584f-a8dd-87355fe22537', 13, 'public', 'Aggressive Rush Strategy', '{"aliqua aliquip adipisicing elit","laborum ut cupidatat dolor","nisi","dolor","sunt","sunt officia et in","esse","sunt amet","et dolore et","fugiat Lorem"}', DEFAULT, DEFAULT), ('5653d3f7-e466-5b59-9cc7-02634d975655', 'b32027db-33da-5dc2-b906-e0c2a06ac683', 11, 'unlisted', 'Wave Management Plan', '{"duis velit laboris","sunt commodo incididunt","labore elit aliquip","nostrud","proident consectetur velit nostr","qui","magna occaecat","id sint dolor consequat"}', DEFAULT, DEFAULT), ('11917a47-b89e-5663-8d37-049fe2bf5b34', '1d3f740a-8c60-5c1d-aa9e-3854a33c8e1d', 8, 'unlisted', 'Late Game Scaling Strategy', '{}', DEFAULT, DEFAULT), ('c68ff46b-b1a9-581e-aa43-737e3b976580', '549980e7-3e77-5d76-b263-84664d04b209', 8, 'unlisted', 'Objective Focused Strategy', '{"id reprehenderit eiusmod officia","reprehenderit veniam","Lorem","ut cillum ipsum Lorem","nulla esse velit anim commodo","duis anim sunt deserunt","irure Lorem","magna"}', DEFAULT, DEFAULT), ('e8d13e33-32bc-5c1a-9371-8f828965d869', '4da5a34b-d621-539d-93ed-4bd842601284', 8, 'public', 'Early Game Dominance Guide', '{"laboris elit laboris proident","tempor cillum quis ipsum","amet laborum non cillum","pariatur cupidatat","veniam cupidatat","elit qui nostrud","nisi labore","nostrud laborum ipsum nisi","dolore quis culpa esse aliqua"}', DEFAULT, DEFAULT), ('79cca71d-1dd7-5b78-9e31-229bb9872504', '4da5a34b-d621-539d-93ed-4bd842601284', 11, 'public', 'Wave Management Plan', '{"duis cupidatat laborum culpa par","cupidatat aliqua culpa ex","quis","magna do fugiat","non laborum fugiat"}', DEFAULT, DEFAULT), ('cdf1b1e3-61cd-52e6-b86e-eec98ea71e23', 'f4b5542b-ba61-519e-a8d2-5793282ad487', 12, 'private', 'Siege Tactics Handbook', '{"quis qui","commodo id non","adipisicing dolore dolore","culpa excepteur"}', DEFAULT, DEFAULT), ('98ea8abd-4f3f-5750-b436-afb8aa79fb82', 'b64d0217-6a7b-5682-8927-676434f72be9', 11, 'private', 'Wave Management Plan', '{"ullamco qui minim qui","labore sunt cupidatat sit ullamc","anim incididunt id","incididunt ea"}', DEFAULT, DEFAULT), ('bc227bd7-3214-5075-bca0-3f60046ac216', 'cfbfd1d4-e77f-57e5-94da-e9ff2cc7a996', 8, 'unlisted', 'Map Control Blueprint', '{"do excepteur velit","fugiat ex nisi dolore","irure sunt enim esse","ea","dolor velit enim","pariatur"}', DEFAULT, DEFAULT), ('8fd84214-96a6-5d6c-8437-0646145f15a1', 'f4b5542b-ba61-519e-a8d2-5793282ad487', 12, 'unlisted', 'Split Push Blueprint', '{"sunt ex culpa ipsum in","cupidatat non consectetur","magna enim esse","consectetur consequat"}', DEFAULT, DEFAULT), ('7b269807-4fdc-5847-8a5c-807ffa02f953', 'e4de1a09-bd9a-5e42-b92c-2cb1af28bec6', 9, 'public', 'Aggressive Rush Strategy', '{"consectetur sunt elit","labore elit exercitation","enim irure est quis","nulla ut ad elit","eu commodo","adipisicing officia","ipsum ea Lorem nostrud","velit irure","excepteur","dolore laboris"}', DEFAULT, DEFAULT), ('cf8258c4-f278-5c75-a944-c2bcba526ad4', '4da5a34b-d621-539d-93ed-4bd842601284', 12, 'private', 'Objective Focused Strategy', '{"proident","sit adipisicing excepteur aute","amet","anim","amet est Lorem","elit dolor officia"}', DEFAULT, DEFAULT), ('2e51b4b0-68ac-5e21-94a2-b7afb1b16016', '8b7e423b-b9b9-5b3c-bf3d-1aa45d16235c', 10, 'unlisted', 'Objective Focused Strategy', '{"consectetur anim aute aliquip","ut ut reprehenderit laborum","sunt velit esse","excepteur ipsum aliqua","labore sit minim proident eiusmo","in","sit ea elit","voluptate veniam non fugiat eius","eiusmod do laborum"}', DEFAULT, DEFAULT), ('6e9d8d45-1d4b-5cdd-92c5-76194015ba99', 'd1b8f3f8-af26-5088-8712-273c28ba98f7', 11, 'unlisted', 'Team Fight Execution Plan', '{"anim in quis consequat sunt","incididunt aliqua sit reprehende","irure reprehenderit","excepteur id quis est","duis fugiat laboris aliquip","cupidatat in","ad laboris velit","nulla ut consequat esse enim"}', DEFAULT, DEFAULT), ('fac7e894-3f38-5663-bc98-486c88732ea4', '6c52c1d9-13a4-51ef-ae51-1dacc4c14be9', 10, 'public', 'Objective Focused Strategy', '{"magna quis minim Lorem"}', DEFAULT, DEFAULT), ('7d360079-2c18-5c6d-a1b8-85eb411ace3d', '2d1d7734-be70-5d07-a538-e76c6cae722e', 13, 'unlisted', 'Aggressive Rush Strategy', '{}', DEFAULT, DEFAULT), ('be194c18-6eee-5ff6-a117-608bade8a86e', 'a3141029-aec2-543b-b18a-49fe947e3304', 14, 'private', 'Vision Control Blueprint', '{"do non","pariatur cupidatat ut in velit","do aliqua","aute sint","nostrud aliquip voluptate","laboris ullamco ad laboris","aute non reprehenderit id exerci","nulla"}', DEFAULT, DEFAULT), ('74297878-a21d-59b7-aced-265d4a9f30fa', '1e7e0bcb-4fc0-5d72-81a5-d67a74a13595', 9, 'public', 'Gank Heavy Approach', '{"est mollit ea commodo nulla","culpa minim occaecat","nostrud dolor qui","id sint sit id","sunt non consequat veniam","ullamco ad"}', DEFAULT, DEFAULT), ('a0c5fdb3-1581-541b-b560-7473e0935643', 'd297ab9e-40d4-51b5-bb8f-a1df399f1a9a', 10, 'unlisted', 'Jungle Control Playbook', '{}', DEFAULT, DEFAULT), ('5bf01130-69dd-5547-acc0-717bf1395fda', '731b24f8-f083-56fc-9161-1fd32dcd58d0', 8, 'unlisted', 'Vision Control Blueprint', '{"laboris minim cupidatat enim","cillum veniam","excepteur nulla est ex","do amet labore","sunt enim","id ut do incididunt","tempor qui","esse et proident"}', DEFAULT, DEFAULT), ('1e052062-4999-589c-af48-bc4a3df69d05', 'a3141029-aec2-543b-b18a-49fe947e3304', 14, 'private', 'Secure Objective Playbook', '{"sunt fugiat cupidatat","pariatur proident occaecat labor","sunt Lorem elit","enim","minim mollit laboris sunt","ex velit eiusmod exercitation","anim laboris"}', DEFAULT, DEFAULT), ('38b49ca8-b50c-5e98-af9e-9c3898d28f8f', 'b32027db-33da-5dc2-b906-e0c2a06ac683', 12, 'private', 'Aggressive Rush Strategy', '{"veniam dolor adipisicing","incididunt"}', DEFAULT, DEFAULT), ('9b261f2f-f0b0-57c3-9c3a-156a89bfc9aa', '438bff0e-fd50-5c86-89ee-d397a0c0e548', 9, 'unlisted', 'Secure Objective Playbook', '{"esse consectetur"}', DEFAULT, DEFAULT), ('2d9d0644-e0d8-5f5d-84c2-071cd2c099ce', 'b64d0217-6a7b-5682-8927-676434f72be9', 14, 'public', 'Defensive Turtle Tactics', '{"sunt duis ipsum ad","dolore","reprehenderit duis reprehenderit","eiusmod laborum"}', DEFAULT, DEFAULT), ('b8c7a039-d039-57f7-bd1e-253b05ef8c03', 'd297ab9e-40d4-51b5-bb8f-a1df399f1a9a', 10, 'private', 'Vision Denial Blueprint', '{"est commodo","qui et duis eiusmod","officia dolor","veniam eiusmod Lorem","dolor enim commodo id","quis tempor nostrud nisi"}', DEFAULT, DEFAULT), ('110d19c8-9e0d-5f75-a721-b94eb9080526', 'eda91f04-12ef-5904-88aa-e6ed9a692e03', 10, 'private', 'Objective Focused Strategy', '{"magna excepteur sit","irure"}', DEFAULT, DEFAULT), ('09923517-e55a-5deb-98cb-d64b27c0ab72', '6c52c1d9-13a4-51ef-ae51-1dacc4c14be9', 10, 'unlisted', 'Baron Control Strategy', '{"labore ea","labore ut in","aliqua id sit incididunt ut","fugiat labore cillum","velit aute consectetur proident","aliqua qui fugiat adipisicing","commodo et","ea amet labore","laborum incididunt qui excepteur","laborum dolore et"}', DEFAULT, DEFAULT), ('e5bd85d5-1f62-5598-9176-4bfd393badbe', '811570ef-0b81-508d-ba05-2f5e812d4131', 14, 'public', 'Vision Denial Blueprint', '{"eiusmod","ea incididunt","sint ullamco","aliquip proident","velit ea enim","qui excepteur mollit","eu mollit do occaecat","ex aute enim"}', DEFAULT, DEFAULT), ('e8eb7547-d359-5d88-afb0-cca98349d023', 'd1b8f3f8-af26-5088-8712-273c28ba98f7', 11, 'public', 'Counter Pick Blueprint', '{"sit pariatur mollit","anim pariatur dolor","duis est"}', DEFAULT, DEFAULT), ('0e4135c9-4c74-5717-9ee1-cbbb37873838', '9b1fc781-1e4e-56d2-bd68-0dc257a319c0', 9, 'public', 'Team Fight Execution Plan', '{"fugiat do fugiat","proident id aliquip","aliquip labore","est dolore sint sint","irure eiusmod exercitation ipsum"}', DEFAULT, DEFAULT), ('eb9d24ec-f15e-5e4f-870e-dd537efcd168', '98eaafd3-adbf-5a3e-adb9-b3fb6971b6f1', 11, 'private', 'Counter Pick Blueprint', '{"ullamco occaecat eiusmod mollit","ad","laboris irure","id enim do incididunt proident","cupidatat laborum aliquip exerci","anim cillum nisi dolore qui","culpa ea mollit","pariatur"}', DEFAULT, DEFAULT), ('688a2e3c-848e-5787-bd83-705a15229924', '1d3f740a-8c60-5c1d-aa9e-3854a33c8e1d', 8, 'unlisted', 'Counter Pick Blueprint', '{"sit mollit non esse","veniam minim est","officia veniam ut amet incididun","minim","excepteur aliquip quis esse ea"}', DEFAULT, DEFAULT), ('a042a037-2e40-50ce-ae48-3f063c3067bb', '8b7e423b-b9b9-5b3c-bf3d-1aa45d16235c', 12, 'unlisted', 'Roaming Support Plan', '{"ullamco aliqua ex eu adipisicing","pariatur consectetur esse","reprehenderit minim fugiat","exercitation elit qui occaecat"}', DEFAULT, DEFAULT), ('cb4eaa5a-1f18-571e-9566-4c1753ad9134', '98b30307-7ea7-5b6c-b9e4-560fe08299de', 8, 'private', 'Vision Control Blueprint', '{"ut reprehenderit ut labore ipsum","amet irure excepteur","exercitation commodo incididunt","irure et","duis deserunt","officia cillum"}', DEFAULT, DEFAULT), ('2076216c-1b19-5f7f-b10d-db3cae2b4567', 'eb3795e9-0dc2-506f-818c-e81bf7149197', 14, 'private', 'Defensive Turtle Tactics', '{"ullamco irure officia veniam con","pariatur minim dolor","ullamco adipisicing non sit","magna eu incididunt","aliqua Lorem cillum duis","enim","laboris labore laboris"}', DEFAULT, DEFAULT), ('a0bd7980-cac4-5ded-adc5-004548282723', 'b5605791-3389-56c2-9ec6-17d538b9bb85', 12, 'unlisted', 'Vision Control Blueprint', '{"labore adipisicing","aute sit","qui adipisicing non"}', DEFAULT, DEFAULT), ('e94657cc-5d4a-53ce-8902-19b99712c3c6', 'a5831e58-2fc9-5b59-970d-00c344a4eb18', 9, 'unlisted', 'Vision Control Blueprint', '{"esse","esse nulla id minim","officia","sunt nulla ad","fugiat laborum","laborum minim","dolor nulla reprehenderit ea inc","voluptate aliquip","ullamco nulla","sint occaecat cupidatat"}', DEFAULT, DEFAULT), ('cdee6d23-791e-5a74-aba4-6e6c1b3863e7', '3ff60d7a-a4ad-54c5-a422-53b52cd53093', 11, 'unlisted', 'Baron Control Strategy', '{}', DEFAULT, DEFAULT), ('d5a4641d-8cbb-5fd0-89e3-ac12979b690c', '3dbd7acc-a0c5-5607-8378-ec8dc206b269', 11, 'unlisted', 'Secure Objective Playbook', '{"veniam","anim excepteur laborum"}', DEFAULT, DEFAULT), ('ab58f5b2-4308-5685-a477-a4b54637b2a0', 'b32027db-33da-5dc2-b906-e0c2a06ac683', 8, 'unlisted', 'Roaming Support Plan', '{"velit voluptate aliqua nostrud v","officia","tempor exercitation","nisi consequat","elit culpa eu velit","qui voluptate do","quis nisi","excepteur Lorem aute excepteur","eu excepteur deserunt aliquip es"}', DEFAULT, DEFAULT), ('025da8e7-6d47-53be-9689-b0604284733b', '1d3f740a-8c60-5c1d-aa9e-3854a33c8e1d', 8, 'unlisted', 'Gank Heavy Approach', '{"irure consectetur","nostrud irure occaecat","ea nostrud","consequat ipsum","exercitation ex","nulla","consectetur ad incididunt","aute sit","consequat veniam"}', DEFAULT, DEFAULT), ('cfc01e92-0e9c-5f58-b116-ac73af2ff344', '6c52c1d9-13a4-51ef-ae51-1dacc4c14be9', 10, 'private', 'Baron Control Strategy', '{"exercitation qui irure"}', DEFAULT, DEFAULT), ('6c7a0737-5d09-56f1-9a60-9ca811b68d40', 'd1b8f3f8-af26-5088-8712-273c28ba98f7', 13, 'public', 'Late Game Scaling Strategy', '{"deserunt excepteur"}', DEFAULT, DEFAULT), ('b74b781d-f3ca-5ce2-a262-c20f23455d05', '1e7e0bcb-4fc0-5d72-81a5-d67a74a13595', 14, 'private', 'Team Fight Execution Plan', '{"sit ullamco","officia","fugiat commodo dolore proident","laborum","nulla ut voluptate aute","commodo sint aliquip duis"}', DEFAULT, DEFAULT), ('ae76c1cf-66c9-5bf7-8fc8-d1e1260ab8bd', 'b64d0217-6a7b-5682-8927-676434f72be9', 11, 'public', 'Jungle Control Playbook', '{"sint in elit","sunt eu incididunt","amet","non","nostrud duis eiusmod non","et occaecat","amet consequat","adipisicing excepteur dolor fugi"}', DEFAULT, DEFAULT), ('3267d96d-4a33-5c13-9ef8-eb9652f76262', '3ff60d7a-a4ad-54c5-a422-53b52cd53093', 9, 'public', 'Late Game Scaling Strategy', '{"proident magna aliquip","minim magna eiusmod","do mollit adipisicing ex","labore ad id adipisicing","reprehenderit sint"}', DEFAULT, DEFAULT), ('272ce823-3f81-5671-93a8-93655178aa67', 'ac9f0e3e-b030-584f-a8dd-87355fe22537', 8, 'unlisted', 'Counter Pick Blueprint', '{"pariatur","eu culpa voluptate","ex dolor commodo sunt","pariatur minim"}', DEFAULT, DEFAULT), ('0cd365ac-6479-5889-b532-b02ce5d93b9f', '756cbb59-27d6-58f3-b4b9-8b56121e683f', 13, 'unlisted', 'Wave Management Plan', '{"Lorem officia ut consectetur ali","nulla occaecat","occaecat ea","amet aliqua","ipsum deserunt reprehenderit ali","sint","nisi officia Lorem enim aliqua","ipsum qui cillum aliquip","elit consequat anim ea"}', DEFAULT, DEFAULT), ('d1c31a1f-140d-5b01-95f7-3fc15003186c', '98b30307-7ea7-5b6c-b9e4-560fe08299de', 12, 'public', 'Baron Control Strategy', '{"cillum","reprehenderit et enim","et reprehenderit veniam","dolore minim laboris labore","labore ullamco","labore nostrud","voluptate sit aliqua ipsum","dolor","tempor est sunt","minim ullamco ut"}', DEFAULT, DEFAULT), ('139e14ed-bbf1-5d48-a6cc-84c72c891164', '2d1d7734-be70-5d07-a538-e76c6cae722e', 13, 'unlisted', 'Jungle Control Playbook', '{"ea","officia do consectetur","Lorem officia do do"}', DEFAULT, DEFAULT), ('586f1ac8-f524-5f8c-88e2-184c02d5ef6d', '9b1fc781-1e4e-56d2-bd68-0dc257a319c0', 14, 'private', 'Aggressive Rush Strategy', '{"eiusmod fugiat velit"}', DEFAULT, DEFAULT), ('62075432-2441-5ae8-a3d3-0c53f1490707', 'ac9f0e3e-b030-584f-a8dd-87355fe22537', 13, 'public', 'Vision Denial Blueprint', '{"enim ad dolor irure id"}', DEFAULT, DEFAULT), ('7e2a3012-f429-5959-8e79-e27f888f9ce7', '882c7ae5-914f-539d-8207-691de536097f', 10, 'public', 'Baron Control Strategy', '{"cillum culpa est magna","duis sunt fugiat sunt culpa"}', DEFAULT, DEFAULT), ('b8821e56-73f0-54d5-b485-728d64492250', '98eaafd3-adbf-5a3e-adb9-b3fb6971b6f1', 11, 'private', 'Gank Heavy Approach', '{"Lorem sint","veniam sunt voluptate","fugiat aliqua ea","deserunt in ea ullamco","esse commodo Lorem velit","magna culpa","pariatur","laboris velit consequat excepteu","ipsum consequat deserunt eu nost"}', DEFAULT, DEFAULT), ('41c6ea7f-18a9-55e6-b2ba-f0f4f40a17bf', 'eb3795e9-0dc2-506f-818c-e81bf7149197', 11, 'unlisted', 'Siege Tactics Handbook', '{"cupidatat laboris"}', DEFAULT, DEFAULT), ('6071eb55-6bca-516b-b2e7-cdcdc70b2f27', '3ff60d7a-a4ad-54c5-a422-53b52cd53093', 12, 'private', 'Rotation Strategy Document', '{}', DEFAULT, DEFAULT), ('d7cdb9d2-07a6-5208-bc43-84429587c78d', '549980e7-3e77-5d76-b263-84664d04b209', 11, 'private', 'Gank Heavy Approach', '{"deserunt enim incididunt ullamco","dolor ipsum irure","non tempor consectetur","anim amet","amet adipisicing Lorem"}', DEFAULT, DEFAULT), ('edba76b8-16c2-5d65-8407-7c8846b18c8d', '882c7ae5-914f-539d-8207-691de536097f', 11, 'private', 'Defensive Turtle Tactics', '{"Lorem qui anim","in eu nisi","nisi","cillum magna id","Lorem non sit anim","veniam labore","ipsum quis esse eu"}', DEFAULT, DEFAULT), ('4961b154-685f-5c2d-b1f1-598100239ea4', '92bf5244-388d-5bbf-bd84-1c7ad2efe31b', 11, 'public', 'Early Game Dominance Guide', '{"proident amet","in non aute","ut incididunt ad proident","commodo excepteur elit","reprehenderit deserunt","quis amet eiusmod","culpa culpa commodo tempor ullam","Lorem","aliqua exercitation quis","reprehenderit"}', DEFAULT, DEFAULT), ('81b648c1-576c-5086-ba4f-2125060d9cf0', 'eb3795e9-0dc2-506f-818c-e81bf7149197', 10, 'unlisted', 'Siege Tactics Handbook', '{"incididunt nulla","eu dolor dolor","consequat adipisicing mollit"}', DEFAULT, DEFAULT), ('edcc20e9-95a3-50eb-b84c-a2ac5801dd1f', 'cd7c291a-6d6e-5632-91e5-b7fd7a634d7d', 12, 'private', 'Objective Focused Strategy', '{"ipsum do","irure sunt magna labore ullamco","ullamco incididunt","irure aute velit","id elit consequat","laboris do tempor aliquip","anim commodo aliqua","quis enim do amet"}', DEFAULT, DEFAULT), ('0f7963e1-2931-5603-b1f8-5f29e095a36f', '91434b27-2651-5429-8f42-45c3f8e334a0', 14, 'private', 'Aggressive Rush Strategy', '{"do qui occaecat veniam"}', DEFAULT, DEFAULT), ('d90cf80e-490d-5c8c-85cc-9c761060fca5', '3dbd7acc-a0c5-5607-8378-ec8dc206b269', 11, 'public', 'Defensive Turtle Tactics', '{"exercitation","irure exercitation eiusmod irure","Lorem magna laborum laboris","proident sint incididunt qui","nisi id elit","anim excepteur sint Lorem","aliquip minim nulla sint","labore officia","reprehenderit"}', DEFAULT, DEFAULT), ('84a00f8f-8f65-512e-a89a-396ebb944774', '3ff60d7a-a4ad-54c5-a422-53b52cd53093', 14, 'unlisted', 'Counter Pick Blueprint', '{"esse","esse sint Lorem","eiusmod mollit nulla Lorem adipi","incididunt","elit incididunt non eiusmod","nisi aliquip id commodo adipisic","voluptate occaecat"}', DEFAULT, DEFAULT), ('24530daa-18f4-5736-824e-740b98d86f84', '1e7e0bcb-4fc0-5d72-81a5-d67a74a13595', 13, 'public', 'Objective Focused Strategy', '{"esse"}', DEFAULT, DEFAULT), ('cef44dbb-01f1-53f9-a51f-bce20b8c9729', '756cbb59-27d6-58f3-b4b9-8b56121e683f', 12, 'private', 'Gank Heavy Approach', '{"dolor commodo nisi incididunt","dolore qui","sint eu eu minim","consectetur labore","qui commodo adipisicing ipsum el","officia Lorem"}', DEFAULT, DEFAULT), ('2f432e43-c578-5d3f-a9f6-658650551fe1', '9b1fc781-1e4e-56d2-bd68-0dc257a319c0', 14, 'public', 'Vision Denial Blueprint', '{"aliquip quis"}', DEFAULT, DEFAULT), ('9e0ad23d-bafe-536b-a992-47ea353cf3b5', 'eda91f04-12ef-5904-88aa-e6ed9a692e03', 12, 'unlisted', 'Gank Heavy Approach', '{"nulla consectetur","officia reprehenderit fugiat","excepteur ut dolor","nostrud adipisicing","nulla","culpa culpa"}', DEFAULT, DEFAULT), ('ba4f3542-9d48-574a-8df6-823d78106037', 'd297ab9e-40d4-51b5-bb8f-a1df399f1a9a', 11, 'public', 'Defensive Turtle Tactics', '{"do"}', DEFAULT, DEFAULT), ('d5920fa6-848e-5195-b671-9577ccf74a26', '438bff0e-fd50-5c86-89ee-d397a0c0e548', 14, 'public', 'Roaming Support Plan', '{"sint labore laborum aliqua","commodo nulla duis in","duis dolore cillum","amet reprehenderit","Lorem laboris aliqua sit"}', DEFAULT, DEFAULT), ('60e1ec45-4b3f-5cd2-b9e9-a6fd50c32391', '811570ef-0b81-508d-ba05-2f5e812d4131', 11, 'public', 'Vision Denial Blueprint', '{}', DEFAULT, DEFAULT), ('4152396c-eaf9-5aeb-9b7d-6c26ad4d722c', 'eda91f04-12ef-5904-88aa-e6ed9a692e03', 11, 'unlisted', 'Defensive Turtle Tactics', '{"voluptate esse quis","elit est ut cillum","excepteur laborum enim","incididunt elit","sint exercitation","velit quis nulla incididunt","proident eu dolore","voluptate elit adipisicing culpa","ex qui dolore eiusmod"}', DEFAULT, DEFAULT), ('82c66b9e-374b-5deb-960b-0b761f066806', '8a0a556f-d942-55f0-8ba8-1ffbfaf3c6d9', 11, 'public', 'Late Game Scaling Strategy', '{"elit dolore deserunt excepteur c","cillum aliqua sunt occaecat proi"}', DEFAULT, DEFAULT), ('cb1a8444-be9e-581c-8a1e-9f0d5870d484', '8b7e423b-b9b9-5b3c-bf3d-1aa45d16235c', 14, 'public', 'Wave Management Plan', '{"qui ad duis","sint laborum occaecat et laboris","mollit proident elit excepteur","et in ex dolor"}', DEFAULT, DEFAULT), ('b4086fbf-8b55-5b20-af96-270e53efd260', 'eda91f04-12ef-5904-88aa-e6ed9a692e03', 8, 'unlisted', 'Siege Tactics Handbook', '{"nostrud sint mollit","proident nostrud ex sit qui","cupidatat ullamco velit","esse laboris pariatur pariatur e","laboris","cillum sint","voluptate enim deserunt","sint sunt adipisicing aute"}', DEFAULT, DEFAULT), ('7dc2a385-02fd-5e9e-8ca3-480d310ce988', 'd19db439-c7e7-53a7-aa19-0db346180dc1', 11, 'unlisted', 'Late Game Scaling Strategy', '{"consequat adipisicing","fugiat id cillum","ullamco consequat id","cupidatat cupidatat mollit duis","ea sunt est proident","reprehenderit non","nulla velit","fugiat dolore tempor id"}', DEFAULT, DEFAULT), ('bd010a0a-cb39-59ee-8218-e7f775ac9a01', '8b7e423b-b9b9-5b3c-bf3d-1aa45d16235c', 14, 'private', 'Counter Pick Blueprint', '{"et dolor ad non","nulla","deserunt non dolore","ad eu proident","reprehenderit"}', DEFAULT, DEFAULT), ('eb100a5e-fbbc-5189-b323-e08ca1ddf4b2', 'cd7c291a-6d6e-5632-91e5-b7fd7a634d7d', 9, 'public', 'Map Control Blueprint', '{}', DEFAULT, DEFAULT), ('e43c6b3b-10fe-54f2-a09c-2f23976dbe42', 'cfbfd1d4-e77f-57e5-94da-e9ff2cc7a996', 8, 'public', 'Counter Pick Blueprint', '{"nulla occaecat proident","in magna labore","adipisicing eiusmod","do ullamco mollit occaecat","laboris","eiusmod eiusmod dolor consectetu","eu irure minim cillum do","veniam ipsum qui","est pariatur fugiat"}', DEFAULT, DEFAULT), ('145f2d17-d2b0-59ee-98c0-d8b6d6c741cd', 'e4de1a09-bd9a-5e42-b92c-2cb1af28bec6', 12, 'unlisted', 'Wave Management Plan', '{}', DEFAULT, DEFAULT), ('27b7fc92-c399-5aec-bc43-ea4a7d41c984', 'e4de1a09-bd9a-5e42-b92c-2cb1af28bec6', 9, 'unlisted', 'Gank Heavy Approach', '{"sint sit fugiat velit cillum","duis velit officia","ipsum aliqua","quis enim in qui laborum","anim id","non incididunt deserunt adipisic","tempor labore ex nisi","elit"}', DEFAULT, DEFAULT), ('16e13bc2-bae9-5a1b-a23b-7f2503b73a03', '8a0a556f-d942-55f0-8ba8-1ffbfaf3c6d9', 11, 'private', 'Baron Control Strategy', '{"nostrud consectetur magna nisi v","ut sint mollit fugiat","duis","non est nulla qui","non Lorem velit ad","nulla commodo voluptate enim"}', DEFAULT, DEFAULT), ('fb9a721d-7da1-577d-a721-ae00139d250b', 'eb3795e9-0dc2-506f-818c-e81bf7149197', 12, 'unlisted', 'Aggressive Rush Strategy', '{"nisi","ad quis","amet elit duis consequat aliquip","laborum aliqua adipisicing incid","excepteur culpa sunt","irure","ut elit","cupidatat"}', DEFAULT, DEFAULT), ('8514b549-2321-5223-bcae-362fbfc61c61', 'eb3795e9-0dc2-506f-818c-e81bf7149197', 14, 'private', 'Split Push Blueprint', '{"fugiat irure eiusmod magna","Lorem exercitation nostrud eiusm","nulla officia reprehenderit enim","laboris","sit cupidatat","pariatur sunt voluptate dolor","tempor amet aliqua","ullamco proident adipisicing","esse do","nulla fugiat ipsum ex"}', DEFAULT, DEFAULT), ('8d222d98-29f0-5123-b99d-cc9f19493b20', '9b1fc781-1e4e-56d2-bd68-0dc257a319c0', 13, 'public', 'Aggressive Rush Strategy', '{"deserunt minim ea","mollit duis officia culpa","nisi proident ad","culpa occaecat officia","adipisicing in ipsum labore","culpa","ullamco sit et in","dolore laborum aliquip laborum"}', DEFAULT, DEFAULT), ('5ba895cd-4107-5c9d-a9cb-bd2d24899776', '9b1fc781-1e4e-56d2-bd68-0dc257a319c0', 13, 'private', 'Vision Denial Blueprint', '{"adipisicing","ullamco non esse labore laborum","commodo","ad incididunt esse duis","occaecat amet et adipisicing","fugiat culpa aliqua","et nisi","amet occaecat pariatur enim sint","labore id aliquip","cupidatat ipsum ex"}', DEFAULT, DEFAULT), ('73b23aba-b5e2-5b24-b442-00922b22f275', '549980e7-3e77-5d76-b263-84664d04b209', 11, 'private', 'Jungle Control Playbook', '{"exercitation aliquip duis duis","do quis","laboris et in","reprehenderit officia duis"}', DEFAULT, DEFAULT), ('0e1a0168-a26a-5feb-9c91-7bd40d62afcc', 'a5831e58-2fc9-5b59-970d-00c344a4eb18', 8, 'private', 'Map Control Blueprint', '{"Lorem pariatur","nulla aliqua aliquip","fugiat minim est do","dolor proident enim"}', DEFAULT, DEFAULT), ('9348bed0-a52a-59cd-98df-ed8ab48ba4f7', '2d1d7734-be70-5d07-a538-e76c6cae722e', 11, 'private', 'Defensive Turtle Tactics', '{"consequat eu","nostrud"}', DEFAULT, DEFAULT), ('1507f034-16ba-5219-b927-72f72394b9da', 'd19db439-c7e7-53a7-aa19-0db346180dc1', 12, 'unlisted', 'Wave Management Plan', '{"dolore proident consectetur","officia ut","aliqua veniam","mollit laboris nisi id"}', DEFAULT, DEFAULT), ('3d6517ba-6968-54c9-9934-5dca00f20f48', '91fa3874-9437-5dfa-a49a-f19fb38d9e92', 8, 'private', 'Defensive Turtle Tactics', '{"nulla"}', DEFAULT, DEFAULT), ('253eb1a7-6466-5751-bb80-ba728a9d5688', '9b1fc781-1e4e-56d2-bd68-0dc257a319c0', 12, 'public', 'Split Push Blueprint', '{"excepteur pariatur occaecat"}', DEFAULT, DEFAULT), ('84afba7a-f643-5519-b420-54d83f591e9d', '1e7e0bcb-4fc0-5d72-81a5-d67a74a13595', 8, 'unlisted', 'Roaming Support Plan', '{"mollit pariatur","eiusmod officia irure","officia sunt nisi do","enim pariatur","sunt ullamco duis incididunt","eiusmod occaecat officia anim","aliqua laborum nulla","Lorem ullamco consectetur ipsum","reprehenderit duis"}', DEFAULT, DEFAULT), ('59b35be9-9d21-5b79-8875-4954a08d7239', 'a88bc9b9-135e-55c7-8c4c-5a072a3c8573', 8, 'public', 'Late Game Scaling Strategy', '{"ea esse proident ex esse","fugiat exercitation","anim non amet incididunt","duis commodo fugiat voluptate","deserunt proident","et velit","non quis quis"}', DEFAULT, DEFAULT), ('b3ff9604-63d2-533f-8bbb-d5f0486381ad', 'd297ab9e-40d4-51b5-bb8f-a1df399f1a9a', 10, 'unlisted', 'Rotation Strategy Document', '{"Lorem elit","ad occaecat deserunt excepteur","consectetur incididunt ad labori","quis","anim mollit eiusmod consectetur","eu tempor aliquip elit"}', DEFAULT, DEFAULT), ('bcc899da-7629-5e0e-b560-5f5f6e7060e1', '2589cf16-4103-5a4f-b544-b30078083eaa', 14, 'private', 'Counter Pick Blueprint', '{"duis voluptate","mollit ipsum nisi voluptate exce","id velit eu tempor","exercitation dolor dolor cupidat","officia sit eiusmod"}', DEFAULT, DEFAULT), ('96dbca51-d731-5e2c-a3d4-62e8f0faa072', '4da5a34b-d621-539d-93ed-4bd842601284', 12, 'unlisted', 'Map Control Blueprint', '{"voluptate adipisicing duis","tempor eu elit","tempor","minim ipsum magna consequat cons","consectetur"}', DEFAULT, DEFAULT), ('fc633e1f-14b8-590b-a0ba-c22147aaeeb4', '8a0a556f-d942-55f0-8ba8-1ffbfaf3c6d9', 13, 'private', 'Secure Objective Playbook', '{"amet tempor et","laboris quis laboris culpa adipi","incididunt in deserunt tempor","minim consectetur amet","ut sit commodo amet","culpa","laborum","nisi ad magna","adipisicing id aliqua aute"}', DEFAULT, DEFAULT), ('49af1081-9f3e-5569-af2e-1029eb808baf', '3dbd7acc-a0c5-5607-8378-ec8dc206b269', 14, 'public', 'Late Game Scaling Strategy', '{"dolor pariatur","in magna consectetur","commodo est irure nostrud","elit elit laboris anim","voluptate cupidatat","in tempor qui"}', DEFAULT, DEFAULT), ('28c7fcd5-dc0b-528f-92f0-3e19e7b94b50', '98b30307-7ea7-5b6c-b9e4-560fe08299de', 13, 'public', 'Gank Heavy Approach', '{"voluptate","ea commodo","exercitation qui","enim","non esse occaecat Lorem elit","reprehenderit cillum laboris ull"}', DEFAULT, DEFAULT), ('38780d0a-620c-5420-b84b-aa917e5db8c1', 'eda91f04-12ef-5904-88aa-e6ed9a692e03', 8, 'unlisted', 'Aggressive Rush Strategy', '{"exercitation excepteur","eiusmod cillum","deserunt adipisicing commodo","cillum","fugiat quis voluptate exercitati","magna labore","exercitation eu voluptate est ir"}', DEFAULT, DEFAULT), ('535c1e86-4fb0-59ea-8076-b54244994b61', '882c7ae5-914f-539d-8207-691de536097f', 14, 'unlisted', 'Split Push Blueprint', '{"nulla labore fugiat amet non","elit magna aliquip dolore","deserunt ad"}', DEFAULT, DEFAULT), ('5e181f1c-b93c-59a3-a161-c4d4e29f775e', '3ff60d7a-a4ad-54c5-a422-53b52cd53093', 8, 'unlisted', 'Secure Objective Playbook', '{"in fugiat cupidatat duis","velit dolore labore eiusmod","culpa minim","proident"}', DEFAULT, DEFAULT), ('0cd34502-daee-52d8-b8a4-7aa032065e8a', 'a88bc9b9-135e-55c7-8c4c-5a072a3c8573', 12, 'public', 'Objective Focused Strategy', '{"eu voluptate cillum incididunt","anim voluptate","amet exercitation"}', DEFAULT, DEFAULT), ('6c9b6808-e737-5f8f-b196-93c0598b34b9', '92bf5244-388d-5bbf-bd84-1c7ad2efe31b', 8, 'public', 'Roaming Support Plan', '{"consequat","velit do ipsum","voluptate","commodo sint in","sit officia excepteur deserunt c","duis qui","adipisicing labore ex"}', DEFAULT, DEFAULT), ('f498173a-b4a1-5b37-ad0b-67596b4fe0ac', 'd297ab9e-40d4-51b5-bb8f-a1df399f1a9a', 12, 'unlisted', 'Siege Tactics Handbook', '{"deserunt occaecat","nisi nostrud quis","aute do quis tempor","incididunt incididunt","cillum proident labore aliqua","aliqua nulla","laborum esse","non cupidatat nisi","aliquip dolore"}', DEFAULT, DEFAULT), ('b0d542cd-fe80-5cad-9bd6-a81d0ed1c2f4', 'e4de1a09-bd9a-5e42-b92c-2cb1af28bec6', 14, 'unlisted', 'Vision Control Blueprint', '{"ea","aliqua magna cillum consequat","nulla nisi ad excepteur sit","est incididunt ipsum nulla aliqu","in eiusmod laboris do proident","pariatur","pariatur Lorem","sunt ut"}', DEFAULT, DEFAULT), ('cd506b7e-0f7c-526c-b650-bb799376c313', '6c52c1d9-13a4-51ef-ae51-1dacc4c14be9', 10, 'unlisted', 'Gank Heavy Approach', '{"labore est eiusmod nisi","nisi ea reprehenderit","dolor mollit ea laborum","commodo eiusmod","consectetur ex ex sit"}', DEFAULT, DEFAULT), ('d625f518-4ec3-51e2-95c0-6cf965668d68', '2d1d7734-be70-5d07-a538-e76c6cae722e', 8, 'public', 'Wave Management Plan', '{"elit","occaecat","magna eiusmod veniam","amet incididunt aute commodo","id culpa consequat","qui ipsum"}', DEFAULT, DEFAULT), ('66b76653-1cc5-50ef-a109-c059c945f253', '9b1fc781-1e4e-56d2-bd68-0dc257a319c0', 12, 'private', 'Team Fight Execution Plan', '{"exercitation incididunt enim","laboris aliqua ad","proident consectetur officia ips","quis aute tempor cillum aute","exercitation laborum ad aliqua","quis","labore reprehenderit in cillum","in aute"}', DEFAULT, DEFAULT), ('a6dbcc80-e965-5682-9448-6a65a83787b3', '882c7ae5-914f-539d-8207-691de536097f', 11, 'public', 'Roaming Support Plan', '{"minim in excepteur","officia tempor voluptate incidid","veniam do veniam","amet ex ullamco ex","et anim","commodo ad eu dolore","irure eu officia"}', DEFAULT, DEFAULT), ('c4d9fc37-aa2c-5cf4-8cef-779723958882', '92bf5244-388d-5bbf-bd84-1c7ad2efe31b', 12, 'unlisted', 'Vision Control Blueprint', '{"in magna laborum qui","laboris proident ea minim enim","aliqua veniam","nulla adipisicing veniam"}', DEFAULT, DEFAULT), ('cbdcc83c-77a1-5d75-ace8-183321930672', '98eaafd3-adbf-5a3e-adb9-b3fb6971b6f1', 12, 'private', 'Map Control Blueprint', '{"magna","quis commodo"}', DEFAULT, DEFAULT), ('46b593cf-05b9-5316-ba74-ef4cf062dcc9', 'f4b5542b-ba61-519e-a8d2-5793282ad487', 11, 'unlisted', 'Vision Control Blueprint', '{"esse reprehenderit ut","et nostrud nostrud","in dolor do","elit voluptate","magna Lorem ea","nulla commodo veniam eiusmod","do ullamco nisi","reprehenderit"}', DEFAULT, DEFAULT), ('1770dbe6-c529-520b-a36c-454b023ccb2c', 'ac9f0e3e-b030-584f-a8dd-87355fe22537', 13, 'public', 'Roaming Support Plan', '{"sint aute","anim laborum et aute minim","laboris deserunt consequat et","mollit nisi non"}', DEFAULT, DEFAULT), ('65973815-006c-531b-b69f-bd5d086f7786', 'd297ab9e-40d4-51b5-bb8f-a1df399f1a9a', 13, 'unlisted', 'Wave Management Plan', '{"duis excepteur","labore aute Lorem","est occaecat","ipsum tempor"}', DEFAULT, DEFAULT), ('0cd413aa-1a82-5832-9edb-17fd5c059a41', '549980e7-3e77-5d76-b263-84664d04b209', 8, 'private', 'Vision Denial Blueprint', '{"nostrud occaecat labore","in duis in ea","tempor ipsum","excepteur reprehenderit mollit"}', DEFAULT, DEFAULT), ('5153bc7b-cd04-5c5e-83e9-7b7a5a1390e6', 'eda91f04-12ef-5904-88aa-e6ed9a692e03', 10, 'public', 'Roaming Support Plan', '{"laboris nulla","non est consectetur anim","anim et","id anim elit","velit et nostrud","proident deserunt duis adipisici","officia ex aliquip","ea nisi","laborum ad proident excepteur"}', DEFAULT, DEFAULT), ('bd276dfa-2ddb-52c7-9feb-6d2cc281335e', 'cfbfd1d4-e77f-57e5-94da-e9ff2cc7a996', 11, 'private', 'Map Control Blueprint', '{"est ex","amet exercitation laborum laboru","mollit dolor labore dolore","non nulla elit qui","nisi cupidatat ullamco sint","consectetur voluptate nisi ad","officia"}', DEFAULT, DEFAULT), ('12cafb5f-6adc-5f24-a738-9455dde3eb2a', 'd1b8f3f8-af26-5088-8712-273c28ba98f7', 11, 'public', 'Wave Management Plan', '{"in in consequat sit consectetur","ea amet deserunt consectetur","aliquip cillum irure","veniam commodo","qui tempor fugiat","est aute","ipsum fugiat"}', DEFAULT, DEFAULT), ('e017f166-fa51-5fb5-af86-6fc41cad9674', '3ff60d7a-a4ad-54c5-a422-53b52cd53093', 12, 'private', 'Secure Objective Playbook', '{"officia irure cupidatat","dolor incididunt non proident","cupidatat velit amet ullamco","sint culpa ullamco","est labore id veniam eiusmod"}', DEFAULT, DEFAULT), ('544f27bb-a8e9-5b6b-8ec7-f1cfe91406e2', 'b7a89d05-549f-565f-b631-b59097e91d1a', 11, 'public', 'Wave Management Plan', '{"elit velit sunt mollit sunt","enim","proident minim deserunt culpa","et velit duis","dolore ipsum non deserunt","aute ea","eu eiusmod voluptate","sunt fugiat aliqua fugiat","amet officia","eu sit pariatur"}', DEFAULT, DEFAULT), ('a704d0a7-ee9e-5aa5-bba9-aff3556d41a2', '2589cf16-4103-5a4f-b544-b30078083eaa', 12, 'private', 'Wave Management Plan', '{"Lorem et enim elit sunt","nulla veniam eiusmod","nostrud adipisicing","consequat","aliqua","id dolore","dolore","fugiat enim ipsum quis ad"}', DEFAULT, DEFAULT), ('a758f3b0-169f-56a9-80db-acb9f3972464', '4da5a34b-d621-539d-93ed-4bd842601284', 9, 'public', 'Defensive Turtle Tactics', '{"ad","id id","exercitation aliqua","anim"}', DEFAULT, DEFAULT), ('1ebb07c2-9cc9-56df-b9e3-71837bafdca1', 'eb3795e9-0dc2-506f-818c-e81bf7149197', 12, 'unlisted', 'Early Game Dominance Guide', '{"sunt commodo","eu ad aute","do quis laborum","sit aute labore nostrud","fugiat qui","eu id dolor veniam","veniam anim"}', DEFAULT, DEFAULT), ('217c4ba5-3ca5-503f-8fcd-2cf91341f163', 'e4de1a09-bd9a-5e42-b92c-2cb1af28bec6', 12, 'public', 'Vision Control Blueprint', '{"excepteur eu laborum labore","laborum","ullamco Lorem voluptate ea est","nulla id est pariatur","aute ipsum velit consequat","aliqua quis id non do","eu aute","dolore sint proident"}', DEFAULT, DEFAULT), ('63c64b00-d130-5928-b403-258ebdb17248', 'cd7c291a-6d6e-5632-91e5-b7fd7a634d7d', 9, 'private', 'Early Game Dominance Guide', '{"non non"}', DEFAULT, DEFAULT), ('0deb1a0e-8f26-576f-af23-e26ef824ea0b', '9b1fc781-1e4e-56d2-bd68-0dc257a319c0', 10, 'unlisted', 'Split Push Blueprint', '{"in consequat ea"}', DEFAULT, DEFAULT), ('924718ca-0525-5af0-b71a-2560f2cc09a0', '882c7ae5-914f-539d-8207-691de536097f', 14, 'public', 'Map Control Blueprint', '{"nostrud","excepteur quis","consequat et anim id labore","pariatur consequat"}', DEFAULT, DEFAULT), ('877842c0-f0dc-575b-a7ad-30915aaaeebe', '6c52c1d9-13a4-51ef-ae51-1dacc4c14be9', 10, 'private', 'Secure Objective Playbook', '{"adipisicing cupidatat","deserunt eiusmod voluptate ex do","qui labore nisi proident incidid","nostrud ea commodo"}', DEFAULT, DEFAULT), ('ebce0b2a-b558-5f18-bddc-2af385fe3118', '731b24f8-f083-56fc-9161-1fd32dcd58d0', 13, 'unlisted', 'Baron Control Strategy', '{}', DEFAULT, DEFAULT), ('67f00577-22b1-541a-b8eb-43f4241ec322', 'd1b8f3f8-af26-5088-8712-273c28ba98f7', 11, 'private', 'Objective Focused Strategy', '{"veniam elit","et pariatur exercitation","adipisicing eiusmod sunt do"}', DEFAULT, DEFAULT), ('5c1d9b7d-9f54-545c-ae19-f60dd5ff1d25', '91434b27-2651-5429-8f42-45c3f8e334a0', 8, 'unlisted', 'Aggressive Rush Strategy', '{"dolore aliquip","incididunt excepteur et pariatur","quis velit dolor","duis labore","ea qui nostrud","ea et","exercitation irure fugiat","in et ex enim","laborum ex in"}', DEFAULT, DEFAULT), ('339c2395-3fcf-5f3b-90ec-90611b01fa37', 'a3141029-aec2-543b-b18a-49fe947e3304', 12, 'public', 'Early Game Dominance Guide', '{"voluptate ad consequat","amet","aute","elit cupidatat","tempor excepteur magna"}', DEFAULT, DEFAULT), ('3e26da35-99ab-5fee-95a6-ca3120af490b', 'f4b5542b-ba61-519e-a8d2-5793282ad487', 13, 'unlisted', 'Vision Control Blueprint', '{"sit deserunt ipsum nisi","fugiat aute proident","veniam mollit","labore","pariatur","irure ad"}', DEFAULT, DEFAULT), ('540a4921-798c-58f1-8dda-fbb9b912bb43', '6c52c1d9-13a4-51ef-ae51-1dacc4c14be9', 8, 'unlisted', 'Vision Denial Blueprint', '{"consectetur nulla et","irure ea nulla officia","est proident laborum deserunt su"}', DEFAULT, DEFAULT), ('81b847bf-bc05-538e-bdc5-721f48634b78', '6c52c1d9-13a4-51ef-ae51-1dacc4c14be9', 11, 'unlisted', 'Gank Heavy Approach', '{"minim sint proident dolor","veniam","esse deserunt pariatur amet","aute","mollit fugiat","qui duis","culpa do eiusmod cupidatat id","amet elit et","est duis officia do"}', DEFAULT, DEFAULT), ('2c9d2493-4412-5eae-aa39-69858c4bfd99', '1e7e0bcb-4fc0-5d72-81a5-d67a74a13595', 10, 'private', 'Gank Heavy Approach', '{"cillum ex anim irure incididunt","magna in minim mollit","commodo aute","ut nulla laborum","incididunt proident do non","consectetur sunt amet aute commo","irure officia","est culpa elit"}', DEFAULT, DEFAULT), ('51ef9256-0eab-579a-868b-52c27ddf10e9', 'b7a89d05-549f-565f-b631-b59097e91d1a', 14, 'unlisted', 'Early Game Dominance Guide', '{"enim sunt cupidatat veniam quis","ad ex","aliqua ipsum esse officia","mollit ea veniam"}', DEFAULT, DEFAULT), ('d6ceb82b-4af2-5d8a-96c1-8d6a9db93a31', 'd1b8f3f8-af26-5088-8712-273c28ba98f7', 14, 'public', 'Aggressive Rush Strategy', '{"tempor velit nisi magna","mollit ex","duis est","et nulla tempor laborum","pariatur laborum eu","exercitation enim ipsum culpa","deserunt"}', DEFAULT, DEFAULT), ('01ae0a36-6172-5c0a-baff-6c1805e0976a', 'f4b5542b-ba61-519e-a8d2-5793282ad487', 9, 'public', 'Wave Management Plan', '{"officia cupidatat","veniam consequat","pariatur esse cupidatat do ex","ut","officia cupidatat ex","veniam adipisicing","occaecat esse id esse","Lorem ea nulla eu elit"}', DEFAULT, DEFAULT), ('df70af8b-9578-5bd7-9fd6-02ad92eaedca', '2589cf16-4103-5a4f-b544-b30078083eaa', 9, 'unlisted', 'Gank Heavy Approach', '{"cupidatat sint dolor","amet non cillum commodo","anim dolore","minim commodo aliqua"}', DEFAULT, DEFAULT), ('82fca927-01aa-5c29-8d7a-7a868f9ba6ea', '09617df2-6261-5b47-bc30-85d317367d48', 10, 'public', 'Rotation Strategy Document', '{"sit esse velit","aliquip","reprehenderit eu consectetur qui","laborum do officia","ex ut enim cupidatat"}', DEFAULT, DEFAULT), ('4e5550d4-d39a-56c3-8f19-971fdeeb787e', '91fa3874-9437-5dfa-a49a-f19fb38d9e92', 9, 'unlisted', 'Vision Denial Blueprint', '{"labore in non","proident velit"}', DEFAULT, DEFAULT), ('83ec5ac5-8c23-5e38-8151-36af62098fff', 'ac9f0e3e-b030-584f-a8dd-87355fe22537', 12, 'private', 'Siege Tactics Handbook', '{"dolore cupidatat velit reprehend"}', DEFAULT, DEFAULT), ('d1996167-52fb-5e4a-b849-75efada773e6', 'b64d0217-6a7b-5682-8927-676434f72be9', 8, 'unlisted', 'Defensive Turtle Tactics', '{"mollit ut esse","consequat deserunt dolore est","reprehenderit amet adipisicing e","ipsum ea nulla Lorem","id officia eiusmod aliquip cillu","tempor aliqua eu non duis","consectetur fugiat esse","ullamco do anim amet"}', DEFAULT, DEFAULT), ('1818e464-6a87-5266-8677-c069741c3ab2', '9b1fc781-1e4e-56d2-bd68-0dc257a319c0', 10, 'unlisted', 'Vision Control Blueprint', '{"sit non incididunt","irure exercitation consequat exe","dolor","laborum irure laborum Lorem","eiusmod culpa amet amet","nostrud proident velit reprehend","esse officia sint","non non quis","duis id esse"}', DEFAULT, DEFAULT), ('13ebb239-29e1-53ff-93b0-d55e3db05a11', 'cfbfd1d4-e77f-57e5-94da-e9ff2cc7a996', 13, 'unlisted', 'Baron Control Strategy', '{"ullamco consectetur","veniam pariatur","officia amet","do voluptate","sunt","cillum eu amet cillum consequat"}', DEFAULT, DEFAULT), ('a0a63713-f2dd-56aa-98a3-f6a26bcae5b9', '811570ef-0b81-508d-ba05-2f5e812d4131', 13, 'unlisted', 'Jungle Control Playbook', '{"veniam sunt","irure anim Lorem consequat","ex do commodo ad","sunt excepteur enim","adipisicing ullamco ut cillum co","magna mollit deserunt","esse dolor cupidatat pariatur","eu adipisicing ex veniam"}', DEFAULT, DEFAULT), ('4029bbad-86a6-5e60-a150-da0664c62b92', '91fa3874-9437-5dfa-a49a-f19fb38d9e92', 9, 'private', 'Team Fight Execution Plan', '{"quis excepteur non veniam"}', DEFAULT, DEFAULT), ('6636a6a8-3a2d-5862-bb24-3e77bffdb640', 'f4b5542b-ba61-519e-a8d2-5793282ad487', 10, 'private', 'Wave Management Plan', '{"dolore enim ipsum quis nostrud","velit Lorem esse eiusmod","nostrud commodo ad minim cillum","amet ad commodo tempor","eiusmod","labore amet dolor","ipsum nulla consectetur anim"}', DEFAULT, DEFAULT), ('4ba85443-f89e-5d68-8d4a-da572969b0dd', '438bff0e-fd50-5c86-89ee-d397a0c0e548', 14, 'public', 'Split Push Blueprint', '{"officia nostrud minim non","Lorem ut","deserunt exercitation","qui magna ex velit","occaecat culpa aliqua commodo","officia aute minim"}', DEFAULT, DEFAULT), ('55fbf0ae-1fd2-57d5-9884-2ceca8eef8f3', '98eaafd3-adbf-5a3e-adb9-b3fb6971b6f1', 9, 'unlisted', 'Team Fight Execution Plan', '{"dolore pariatur","deserunt","dolore nisi consectetur mollit","ipsum eiusmod irure deserunt sun","do ullamco sunt cupidatat"}', DEFAULT, DEFAULT), ('c91a5204-a47c-5f58-8042-f917f2facb4b', '756cbb59-27d6-58f3-b4b9-8b56121e683f', 11, 'public', 'Late Game Scaling Strategy', '{"in anim","pariatur ad occaecat aute sunt","ea nulla ad laborum","reprehenderit officia","enim dolore id velit qui","aliqua","in et amet quis ea","voluptate non","tempor consequat dolor nisi"}', DEFAULT, DEFAULT), ('fdca53a8-e101-5585-90b8-82f7d3c1fc24', '549980e7-3e77-5d76-b263-84664d04b209', 14, 'public', 'Jungle Control Playbook', '{"sint id","sit cupidatat","occaecat sunt et do","velit mollit labore"}', DEFAULT, DEFAULT), ('a76c18ad-af72-57b7-b165-f7757943d51e', '91434b27-2651-5429-8f42-45c3f8e334a0', 13, 'unlisted', 'Jungle Control Playbook', '{"voluptate commodo","ad elit qui","minim cupidatat","officia magna nulla"}', DEFAULT, DEFAULT), ('bf7ffe87-c4e2-5aa1-86f7-2fdfa8315ff6', 'cfbfd1d4-e77f-57e5-94da-e9ff2cc7a996', 14, 'unlisted', 'Gank Heavy Approach', '{"est excepteur irure occaecat","labore","sunt esse fugiat nisi","esse ex nulla","eu do labore aliquip","occaecat duis est culpa irure","fugiat eiusmod incididunt dolor ","proident sunt"}', DEFAULT, DEFAULT), ('764f06ba-b246-5c62-8e43-89fe991c749d', 'e4de1a09-bd9a-5e42-b92c-2cb1af28bec6', 11, 'public', 'Secure Objective Playbook', '{"laboris do","laborum sunt dolore voluptate ve","aliquip magna nostrud elit"}', DEFAULT, DEFAULT), ('229d48f9-9e17-5f91-bd2c-3f3cdbae28c1', 'eb3795e9-0dc2-506f-818c-e81bf7149197', 11, 'public', 'Counter Pick Blueprint', '{"exercitation eu aliquip sint","esse Lorem"}', DEFAULT, DEFAULT), ('505fdba9-c563-5897-bd99-f3fd7e6efb10', 'b7a89d05-549f-565f-b631-b59097e91d1a', 11, 'private', 'Map Control Blueprint', '{"sit reprehenderit","nostrud occaecat est ex","enim adipisicing in ad","id proident aute","fugiat","non","enim aliqua exercitation","nisi magna","aute eiusmod ea proident"}', DEFAULT, DEFAULT), ('ad47e58b-6404-5eb4-b01c-1ab02b3af226', '4da5a34b-d621-539d-93ed-4bd842601284', 11, 'private', 'Gank Heavy Approach', '{"dolor fugiat","voluptate ad elit dolore","eiusmod Lorem cillum excepteur","aliquip quis velit","adipisicing qui ipsum","proident proident sit ipsum sint","culpa quis","amet ad fugiat ut in","eu","officia magna proident ea elit"}', DEFAULT, DEFAULT), ('4ae4f149-a1da-5a76-913f-5ea02c87f4e0', '1e7e0bcb-4fc0-5d72-81a5-d67a74a13595', 9, 'unlisted', 'Counter Pick Blueprint', '{"dolor aute","nisi commodo dolor","aute do","id do","enim eu","velit ipsum elit esse","sint culpa minim commodo","esse cillum veniam","officia eu et"}', DEFAULT, DEFAULT), ('a85217e5-f8d6-5dd0-996b-8464fa1021ff', 'd19db439-c7e7-53a7-aa19-0db346180dc1', 12, 'public', 'Counter Pick Blueprint', '{"duis proident","id tempor culpa","aliqua occaecat non culpa nostru","irure sint","id sit pariatur mollit"}', DEFAULT, DEFAULT), ('b21411a7-0afc-5cf3-81fc-471ab95f5d8d', '882c7ae5-914f-539d-8207-691de536097f', 8, 'unlisted', 'Vision Denial Blueprint', '{"labore anim enim","duis ea","ex consectetur veniam ipsum","culpa fugiat","voluptate exercitation magna par","ex labore","voluptate nulla fugiat","cillum","ea"}', DEFAULT, DEFAULT), ('d37fd98f-746a-582e-a0fc-de28d96e48c5', '2d1d7734-be70-5d07-a538-e76c6cae722e', 12, 'public', 'Siege Tactics Handbook', '{"dolor ut dolor ipsum","nostrud non laboris nostrud","dolor esse","consectetur"}', DEFAULT, DEFAULT), ('2dc53ff7-923f-50df-a732-82b60afbba2f', '3ff60d7a-a4ad-54c5-a422-53b52cd53093', 11, 'unlisted', 'Roaming Support Plan', '{"adipisicing ut veniam","officia enim laboris ex","exercitation minim","ex laboris","nisi","reprehenderit ad magna nulla","laborum dolor deserunt","aute"}', DEFAULT, DEFAULT), ('f9690101-a16f-5108-b391-78c9dba8aeee', '91434b27-2651-5429-8f42-45c3f8e334a0', 8, 'unlisted', 'Late Game Scaling Strategy', '{"amet","cillum velit cupidatat mollit","aute dolor magna enim","tempor nisi sunt ullamco","officia laborum excepteur aliqua","id anim enim","laborum consectetur"}', DEFAULT, DEFAULT), ('7441a375-e1c1-5111-b299-b73d6da10ca2', 'eda91f04-12ef-5904-88aa-e6ed9a692e03', 9, 'unlisted', 'Vision Denial Blueprint', '{"duis laboris","elit","sunt officia","duis ullamco ullamco","commodo reprehenderit","est","dolor","reprehenderit commodo irure eius","irure veniam esse nisi magna"}', DEFAULT, DEFAULT), ('ca1d2bcf-5a98-5759-81b6-75e3ed47122a', '549980e7-3e77-5d76-b263-84664d04b209', 12, 'private', 'Objective Focused Strategy', '{"magna consequat","anim est sit","magna fugiat","sunt qui qui ullamco enim","voluptate nulla ipsum aute qui","ullamco","excepteur adipisicing ad anim","eiusmod dolor nostrud","duis reprehenderit qui est id","exercitation reprehenderit"}', DEFAULT, DEFAULT), ('77b1dab4-a856-5c18-bb24-053f8869bc5b', 'd19db439-c7e7-53a7-aa19-0db346180dc1', 9, 'private', 'Rotation Strategy Document', '{"consectetur adipisicing","cillum sunt"}', DEFAULT, DEFAULT), ('08b3c695-d6fb-54e4-9ef2-bf508a57adc1', '9b1fc781-1e4e-56d2-bd68-0dc257a319c0', 14, 'public', 'Aggressive Rush Strategy', '{"velit in sint","nulla adipisicing esse in adipis","aliqua qui do esse","consectetur laborum Lorem esse","ullamco"}', DEFAULT, DEFAULT), ('7dc16d02-274a-5e7f-bc31-6af29982313f', 'd1b8f3f8-af26-5088-8712-273c28ba98f7', 14, 'private', 'Late Game Scaling Strategy', '{"consectetur Lorem duis excepteur"}', DEFAULT, DEFAULT), ('acad405c-f8e9-559b-bd11-e0ffc3bebca6', 'b64d0217-6a7b-5682-8927-676434f72be9', 9, 'unlisted', 'Siege Tactics Handbook', '{"id laborum","reprehenderit ipsum incididunt a","minim non","anim eiusmod","consectetur sint","cupidatat occaecat"}', DEFAULT, DEFAULT), ('16d95573-87cd-5d45-be45-e8a020ba40ac', 'eb3795e9-0dc2-506f-818c-e81bf7149197', 8, 'private', 'Counter Pick Blueprint', '{"magna","qui laboris ea","tempor sunt sit irure","mollit fugiat","ad","esse dolor","ut adipisicing tempor id","esse labore mollit quis"}', DEFAULT, DEFAULT), ('5a993b43-eca0-563f-b6c9-fdd440759e85', '09617df2-6261-5b47-bc30-85d317367d48', 14, 'unlisted', 'Team Fight Execution Plan', '{"nulla est","nostrud duis officia","ad ad","eu incididunt deserunt"}', DEFAULT, DEFAULT), ('f7bfc2c8-d52a-5806-97fd-77bd67d93b23', 'a88bc9b9-135e-55c7-8c4c-5a072a3c8573', 13, 'unlisted', 'Counter Pick Blueprint', '{"laborum adipisicing","adipisicing commodo nisi","culpa Lorem","reprehenderit esse exercitation","officia Lorem commodo","ad est","quis esse"}', DEFAULT, DEFAULT), ('748d5a8c-f2bf-5974-9c72-24f98b85813b', '1e7e0bcb-4fc0-5d72-81a5-d67a74a13595', 13, 'private', 'Defensive Turtle Tactics', '{"aute adipisicing do dolore"}', DEFAULT, DEFAULT), ('808d9117-ba04-5cb0-8827-639e2642b0ee', '731b24f8-f083-56fc-9161-1fd32dcd58d0', 13, 'public', 'Team Fight Execution Plan', '{"ex esse"}', DEFAULT, DEFAULT), ('e0185351-5b08-58b2-bd3e-c09965750112', 'b5605791-3389-56c2-9ec6-17d538b9bb85', 12, 'public', 'Roaming Support Plan', '{"eu minim magna enim cupidatat","nisi dolor eiusmod","ut ullamco","voluptate duis","duis reprehenderit pariatur","nisi consequat","nostrud incididunt sit","laborum dolor nostrud"}', DEFAULT, DEFAULT), ('993f7ab3-9b54-5771-a99e-0c6d75a1f37d', '4da5a34b-d621-539d-93ed-4bd842601284', 13, 'unlisted', 'Late Game Scaling Strategy', '{"deserunt id","pariatur consequat aliquip","nulla pariatur laboris id","dolor adipisicing","culpa nisi","quis sunt consequat sint","quis aliqua proident"}', DEFAULT, DEFAULT), ('bdb5114a-76d3-5fe4-944c-043e7ebd99da', 'd1b8f3f8-af26-5088-8712-273c28ba98f7', 10, 'public', 'Baron Control Strategy', '{"ex eiusmod","labore","sunt non aute exercitation"}', DEFAULT, DEFAULT), ('aa4964a1-4611-5528-9df9-ef170866214f', '549980e7-3e77-5d76-b263-84664d04b209', 12, 'unlisted', 'Baron Control Strategy', '{"sit anim aute est","non reprehenderit duis","eu nisi amet ad occaecat","enim magna anim labore ea","laborum dolore ea commodo","consectetur do","est et occaecat","officia laboris magna velit"}', DEFAULT, DEFAULT), ('ec14513a-7d3c-5172-b68b-d531791ec9de', '731b24f8-f083-56fc-9161-1fd32dcd58d0', 12, 'private', 'Aggressive Rush Strategy', '{"deserunt culpa sunt exercitation","nostrud commodo","veniam veniam nulla consectetur","voluptate nisi nostrud ad","deserunt sit dolore dolore"}', DEFAULT, DEFAULT), ('a0f81f50-aa3d-5780-b485-a54fb7b7833a', '91434b27-2651-5429-8f42-45c3f8e334a0', 8, 'private', 'Team Fight Execution Plan', '{"ut Lorem consectetur excepteur","esse est est aliqua excepteur"}', DEFAULT, DEFAULT), ('aabd5608-e04b-5bd8-8d75-d004a1b17409', '4da5a34b-d621-539d-93ed-4bd842601284', 8, 'unlisted', 'Objective Focused Strategy', '{"Lorem labore aliquip sunt","sunt voluptate nisi nulla occaec","quis","esse aute","consectetur in","in ipsum aliqua dolore","aliqua","ut","enim Lorem irure"}', DEFAULT, DEFAULT), ('7bcc2b79-de31-5963-9cfd-559af77da3be', '91434b27-2651-5429-8f42-45c3f8e334a0', 14, 'unlisted', 'Wave Management Plan', '{"excepteur nisi","quis enim","incididunt sunt nulla officia","cillum laboris cillum","ullamco cupidatat cillum veniam "}', DEFAULT, DEFAULT), ('b4293a01-a1be-5e58-a088-abc550c9f820', 'b64d0217-6a7b-5682-8927-676434f72be9', 12, 'private', 'Early Game Dominance Guide', '{"non qui","incididunt nostrud dolore","nostrud non amet nisi","mollit culpa adipisicing volupta","occaecat enim in ipsum","amet quis voluptate","culpa excepteur non"}', DEFAULT, DEFAULT), ('a97e2960-b385-5f99-88c2-9e562f32234e', '3ff60d7a-a4ad-54c5-a422-53b52cd53093', 11, 'public', 'Team Fight Execution Plan', '{"duis nostrud voluptate ut","sunt","non","ut","sint esse dolore deserunt nisi"}', DEFAULT, DEFAULT), ('db39a462-f36a-54ba-b38e-2fcf35273cba', '3ff60d7a-a4ad-54c5-a422-53b52cd53093', 9, 'private', 'Counter Pick Blueprint', '{"proident voluptate irure","incididunt voluptate dolore anim","ut elit nulla id","ullamco"}', DEFAULT, DEFAULT), ('35dc016a-9edc-565d-923e-9bee9a60bd24', '2d1d7734-be70-5d07-a538-e76c6cae722e', 11, 'public', 'Siege Tactics Handbook', '{"exercitation incididunt do elit","est cillum reprehenderit","Lorem deserunt ipsum mollit","officia dolor","sit officia enim tempor","id proident magna","Lorem","minim nulla consequat ad"}', DEFAULT, DEFAULT), ('61e4dc6c-b183-5c81-91cb-8dc622fd6913', '3dbd7acc-a0c5-5607-8378-ec8dc206b269', 8, 'unlisted', 'Siege Tactics Handbook', '{"cupidatat qui","laboris tempor et labore cupidat"}', DEFAULT, DEFAULT), ('b5df5eae-45e8-5f54-a8f9-351afabf5f65', 'e4de1a09-bd9a-5e42-b92c-2cb1af28bec6', 13, 'unlisted', 'Rotation Strategy Document', '{"aute exercitation","eiusmod velit aliquip ullamco","irure sit et ad","qui do mollit nisi"}', DEFAULT, DEFAULT), ('18aa22db-700e-5a8a-892c-5bf7b7da1bbf', 'ac9f0e3e-b030-584f-a8dd-87355fe22537', 9, 'public', 'Aggressive Rush Strategy', '{"reprehenderit ullamco qui","velit voluptate pariatur pariatu","fugiat dolore occaecat magna","nulla proident minim","fugiat officia","nulla aliquip","eiusmod minim voluptate laborum"}', DEFAULT, DEFAULT), ('7c9a7a2f-bf97-5fb7-9ff3-bb3e363fce60', '882c7ae5-914f-539d-8207-691de536097f', 9, 'unlisted', 'Gank Heavy Approach', '{"laboris irure excepteur exercita"}', DEFAULT, DEFAULT), ('93216013-7bd8-59b1-a3f0-b1087d4d7f00', 'a88bc9b9-135e-55c7-8c4c-5a072a3c8573', 13, 'public', 'Secure Objective Playbook', '{"non fugiat officia consectetur"}', DEFAULT, DEFAULT), ('3e057cf2-df3a-50e5-82fa-e2dcf87ebd5a', 'cd7c291a-6d6e-5632-91e5-b7fd7a634d7d', 8, 'public', 'Secure Objective Playbook', '{}', DEFAULT, DEFAULT), ('e3f5f266-44d3-5096-b897-56678a5f974b', '9b1fc781-1e4e-56d2-bd68-0dc257a319c0', 12, 'private', 'Vision Denial Blueprint', '{"ut","est nisi dolore et"}', DEFAULT, DEFAULT), ('ffbcf0c1-44bb-549f-ba50-18e1e874a611', 'd297ab9e-40d4-51b5-bb8f-a1df399f1a9a', 8, 'private', 'Counter Pick Blueprint', '{"non sint eu","proident pariatur ipsum","consequat amet voluptate consequ","aliqua ad ipsum","eu minim velit","ad duis proident incididunt","dolor proident","sint cupidatat"}', DEFAULT, DEFAULT), ('c4f414cf-451e-5497-88db-62020e3a0dc5', 'cfbfd1d4-e77f-57e5-94da-e9ff2cc7a996', 10, 'private', 'Baron Control Strategy', '{"do elit","deserunt in deserunt est","ullamco cillum ex ut"}', DEFAULT, DEFAULT), ('a109823a-0d02-5064-b8ef-3186d6d08cb0', '731b24f8-f083-56fc-9161-1fd32dcd58d0', 8, 'private', 'Aggressive Rush Strategy', '{"veniam nulla","dolore excepteur cupidatat","aute ipsum dolor cupidatat"}', DEFAULT, DEFAULT), ('3e4b1eac-b214-5aaa-a7f0-29af8a5b2ce9', '92bf5244-388d-5bbf-bd84-1c7ad2efe31b', 10, 'public', 'Rotation Strategy Document', '{"ut esse irure","aliqua quis","fugiat nulla voluptate voluptate","est excepteur","consequat ad dolor et","eiusmod incididunt","veniam nostrud Lorem","aliquip laborum"}', DEFAULT, DEFAULT), ('72819b1c-0a2a-5e86-b5bc-5741c2854f96', 'a5831e58-2fc9-5b59-970d-00c344a4eb18', 9, 'private', 'Split Push Blueprint', '{"amet non","aliqua aliqua ea","nulla elit commodo culpa occaeca","mollit cillum dolore","nulla tempor veniam exercitation","ipsum et quis","laboris fugiat aute do tempor","ad exercitation et deserunt","mollit laboris velit"}', DEFAULT, DEFAULT), ('b5d7b26a-56f4-59fc-853e-1a1306ab6e95', 'd297ab9e-40d4-51b5-bb8f-a1df399f1a9a', 8, 'public', 'Objective Focused Strategy', '{"sunt nulla occaecat sint","esse"}', DEFAULT, DEFAULT), ('29365629-31e8-5e53-b1ae-ffdad1c2009e', '91fa3874-9437-5dfa-a49a-f19fb38d9e92', 8, 'unlisted', 'Jungle Control Playbook', '{"tempor labore ipsum mollit paria","ipsum labore quis incididunt","anim dolore quis sunt","ipsum nisi irure","eu officia"}', DEFAULT, DEFAULT), ('ef9b1028-31e2-59d9-a64e-2a4d1686e96e', 'e4de1a09-bd9a-5e42-b92c-2cb1af28bec6', 11, 'unlisted', 'Objective Focused Strategy', '{"ea ullamco nostrud","reprehenderit id magna qui","dolor proident eu laborum","pariatur veniam laborum anim","cillum laboris eiusmod"}', DEFAULT, DEFAULT), ('51f9c2fa-a6a8-5d1e-9ef8-efb89c34ee1c', '98b30307-7ea7-5b6c-b9e4-560fe08299de', 11, 'private', 'Split Push Blueprint', '{"reprehenderit elit in sunt","laboris consectetur","mollit","ipsum elit ad","consectetur aute veniam","aute sunt laboris excepteur"}', DEFAULT, DEFAULT), ('930338c0-ea8e-56fc-b2df-a68255a6182c', '2d1d7734-be70-5d07-a538-e76c6cae722e', 10, 'private', 'Aggressive Rush Strategy', '{"dolore dolore deserunt irure","eu Lorem ex esse","ea aliquip labore in","reprehenderit","Lorem amet cupidatat esse nisi","quis sunt tempor"}', DEFAULT, DEFAULT), ('14f0b4c0-9d33-5d68-85ae-cc3d31b6b19e', 'a5831e58-2fc9-5b59-970d-00c344a4eb18', 8, 'public', 'Jungle Control Playbook', '{"cillum elit","officia velit ullamco culpa","do nostrud id fugiat","sint nostrud aliqua irure ad"}', DEFAULT, DEFAULT), ('7c51f66f-cf81-571f-a65c-f571f1f39cc9', '8b7e423b-b9b9-5b3c-bf3d-1aa45d16235c', 14, 'private', 'Roaming Support Plan', '{"ad aute Lorem irure","aliquip ullamco","labore","anim non amet","deserunt labore","pariatur sit"}', DEFAULT, DEFAULT), ('764b9b2a-d477-5bff-a789-cba064ac71f8', 'b64d0217-6a7b-5682-8927-676434f72be9', 10, 'public', 'Vision Control Blueprint', '{"et et magna aliqua","elit laborum","nisi ea culpa","ipsum labore"}', DEFAULT, DEFAULT), ('1125d49b-2ad6-5500-bd14-7e0649f5dd73', 'cfbfd1d4-e77f-57e5-94da-e9ff2cc7a996', 14, 'unlisted', 'Team Fight Execution Plan', '{"excepteur","ullamco cillum commodo minim","est commodo dolore eu","cupidatat sint quis","tempor eiusmod do consequat","irure incididunt","quis anim ipsum occaecat"}', DEFAULT, DEFAULT), ('de1d5557-45c4-5747-8c2d-f8c09704db25', 'ac9f0e3e-b030-584f-a8dd-87355fe22537', 14, 'private', 'Baron Control Strategy', '{"aliqua et esse dolor aute","velit ea commodo non enim","mollit"}', DEFAULT, DEFAULT), ('dc2759a8-51ca-575d-9678-0ac64e900648', '92bf5244-388d-5bbf-bd84-1c7ad2efe31b', 9, 'private', 'Late Game Scaling Strategy', '{"in irure anim amet","sint","labore deserunt adipisicing temp"}', DEFAULT, DEFAULT), ('8c0ef303-3ae4-5fe5-b0be-ef1788ae8707', 'e4de1a09-bd9a-5e42-b92c-2cb1af28bec6', 9, 'public', 'Vision Control Blueprint', '{"aliqua cillum","incididunt duis enim","irure sit","non ad nulla"}', DEFAULT, DEFAULT), ('ddd094e1-b8f4-560e-b960-af5227a9b337', '756cbb59-27d6-58f3-b4b9-8b56121e683f', 13, 'unlisted', 'Map Control Blueprint', '{"nisi nulla","eiusmod proident","et sint","sint laboris proident nisi","nisi eiusmod veniam deserunt","dolore quis","consequat dolor occaecat"}', DEFAULT, DEFAULT), ('4bd93d1d-9da0-508d-a30a-5cd1fe2e858d', '2d1d7734-be70-5d07-a538-e76c6cae722e', 10, 'public', 'Baron Control Strategy', '{"nostrud consectetur id","ex mollit dolore","mollit","officia Lorem nostrud","qui quis","ipsum quis reprehenderit ad veli","duis irure excepteur occaecat","anim et labore"}', DEFAULT, DEFAULT), ('2d25022b-866c-584e-895d-11b8a727c08f', '09617df2-6261-5b47-bc30-85d317367d48', 12, 'public', 'Jungle Control Playbook', '{"fugiat aute dolore amet","incididunt incididunt ipsum","velit ea in non","velit occaecat amet excepteur","culpa eu sint","ut","aliquip voluptate"}', DEFAULT, DEFAULT), ('8d4a5d0e-3ef8-5e54-ac1b-6a14acb1ad0e', '882c7ae5-914f-539d-8207-691de536097f', 9, 'private', 'Team Fight Execution Plan', '{"amet duis","cillum enim","magna minim magna"}', DEFAULT, DEFAULT), ('6b889196-1556-5eef-89c0-e7506a0ca45b', '438bff0e-fd50-5c86-89ee-d397a0c0e548', 9, 'public', 'Baron Control Strategy', '{"quis anim nostrud","sunt sint est","reprehenderit consequat","consectetur mollit aliquip","magna consectetur","ea ea"}', DEFAULT, DEFAULT), ('e6b5025c-d432-567c-bc94-e80f642225ff', '09617df2-6261-5b47-bc30-85d317367d48', 8, 'public', 'Aggressive Rush Strategy', '{}', DEFAULT, DEFAULT), ('4d0eaa15-67e7-50e5-bd92-8596a8c41516', '882c7ae5-914f-539d-8207-691de536097f', 8, 'public', 'Jungle Control Playbook', '{"ut ut dolore ad","aliquip exercitation anim sit","qui nulla","elit","eiusmod aute laborum"}', DEFAULT, DEFAULT), ('c2405ac9-0838-5ce8-a85b-e6db0fbe6c10', '549980e7-3e77-5d76-b263-84664d04b209', 13, 'unlisted', 'Early Game Dominance Guide', '{"cillum ea cupidatat","minim reprehenderit nisi laborum","adipisicing commodo officia veli","labore laborum non exercitation","non voluptate velit pariatur est","anim ad","nisi anim deserunt mollit","irure officia"}', DEFAULT, DEFAULT), ('c8df1446-9b17-5687-8ff4-001003cfca37', 'b32027db-33da-5dc2-b906-e0c2a06ac683', 14, 'private', 'Jungle Control Playbook', '{"consequat duis excepteur","culpa ea"}', DEFAULT, DEFAULT), ('f706294d-163e-5aef-a517-eae489067781', '92bf5244-388d-5bbf-bd84-1c7ad2efe31b', 9, 'public', 'Counter Pick Blueprint', '{"velit"}', DEFAULT, DEFAULT), ('bee3d023-7908-5b1b-a6e7-320078c804bf', 'a88bc9b9-135e-55c7-8c4c-5a072a3c8573', 13, 'private', 'Roaming Support Plan', '{"duis consectetur"}', DEFAULT, DEFAULT), ('d607d7db-ee7a-57fa-b0f1-08a24201e561', '549980e7-3e77-5d76-b263-84664d04b209', 9, 'unlisted', 'Objective Focused Strategy', '{"consequat","in est occaecat","occaecat","reprehenderit aliquip et ex","aute id consectetur","ipsum consectetur fugiat","magna","sunt ullamco veniam aute"}', DEFAULT, DEFAULT), ('6db5eb76-a4d8-59b2-8682-ac0a5dca423f', '731b24f8-f083-56fc-9161-1fd32dcd58d0', 14, 'public', 'Objective Focused Strategy', '{"cupidatat duis deserunt adipisic","in anim","ex quis","adipisicing anim qui","ad laborum officia proident occa","non","aute occaecat","velit"}', DEFAULT, DEFAULT), ('f0859c52-737d-58da-9c95-b804668a9ae6', '9b1fc781-1e4e-56d2-bd68-0dc257a319c0', 14, 'public', 'Gank Heavy Approach', '{}', DEFAULT, DEFAULT), ('f843e0b1-5e16-5c9e-923e-e155f87b2422', '549980e7-3e77-5d76-b263-84664d04b209', 13, 'unlisted', 'Aggressive Rush Strategy', '{"velit laborum ut"}', DEFAULT, DEFAULT), ('971d3e7d-1fd1-5fd1-ba3a-0a99dda2cb04', '811570ef-0b81-508d-ba05-2f5e812d4131', 12, 'public', 'Secure Objective Playbook', '{"aute aute eiusmod esse minim","cillum enim qui elit","in reprehenderit","mollit ad aliqua anim tempor","exercitation aliqua","in dolor cillum","Lorem irure proident tempor","ex","nostrud irure qui id Lorem","laboris"}', DEFAULT, DEFAULT), ('51c6dab5-99f7-56c9-a820-7cfc76e25abf', '09617df2-6261-5b47-bc30-85d317367d48', 14, 'public', 'Early Game Dominance Guide', '{"ut ex occaecat cillum consequat","quis ipsum","aliquip do","minim proident dolore exercitati","fugiat reprehenderit dolor ullam","et adipisicing cupidatat eu","fugiat nisi elit exercitation al","magna cupidatat excepteur","velit non","reprehenderit"}', DEFAULT, DEFAULT), ('88430d1c-f998-5183-ac05-d06b362a058a', '8a0a556f-d942-55f0-8ba8-1ffbfaf3c6d9', 13, 'public', 'Map Control Blueprint', '{"et enim laboris veniam","nisi officia","dolor consequat","excepteur veniam irure non"}', DEFAULT, DEFAULT), ('fc959555-d183-544e-8cf6-52532b383f25', '882c7ae5-914f-539d-8207-691de536097f', 14, 'private', 'Jungle Control Playbook', '{"adipisicing do","officia voluptate","non elit cupidatat","irure exercitation elit","id non duis anim","nisi consequat","magna ea proident Lorem"}', DEFAULT, DEFAULT), ('94935318-fc9b-5864-874e-912b663c75f7', 'ac9f0e3e-b030-584f-a8dd-87355fe22537', 10, 'private', 'Defensive Turtle Tactics', '{"tempor mollit dolore enim","nulla officia"}', DEFAULT, DEFAULT), ('ea529f5a-add2-5f29-a44d-2a799c7ab051', '8a0a556f-d942-55f0-8ba8-1ffbfaf3c6d9', 12, 'unlisted', 'Early Game Dominance Guide', '{"irure qui Lorem","et id Lorem laboris veniam","sunt quis nostrud laboris irure","id proident"}', DEFAULT, DEFAULT), ('b2bd3c17-1864-5b1f-8d71-b6fe96b48ba6', '731b24f8-f083-56fc-9161-1fd32dcd58d0', 11, 'public', 'Early Game Dominance Guide', '{"laboris sunt aute","sunt commodo veniam","voluptate","duis occaecat","reprehenderit fugiat","laboris esse sunt","Lorem laborum","non nostrud"}', DEFAULT, DEFAULT), ('a46777c9-6f34-5718-a195-68edd93e1d42', '98b30307-7ea7-5b6c-b9e4-560fe08299de', 13, 'private', 'Split Push Blueprint', '{"irure consequat cillum quis","fugiat mollit","minim tempor ut","aliqua laborum est do","proident voluptate cupidatat ani","nulla labore enim","id do mollit pariatur","nisi quis id"}', DEFAULT, DEFAULT), ('0f3df2fb-dd6e-55b9-9f86-0babb8fec748', '2589cf16-4103-5a4f-b544-b30078083eaa', 13, 'public', 'Vision Control Blueprint', '{"amet nisi irure adipisicing inci","aliqua dolor"}', DEFAULT, DEFAULT), ('95bb7f47-209b-5f16-a018-19e8f23e6e16', 'a88bc9b9-135e-55c7-8c4c-5a072a3c8573', 9, 'public', 'Jungle Control Playbook', '{"esse irure incididunt","id do","consequat elit","ullamco culpa elit","consequat aliqua tempor commodo ","minim sint irure","nisi aliquip","ullamco incididunt"}', DEFAULT, DEFAULT), ('78959a88-41ee-5d40-85cb-71e22f4c47aa', 'a88bc9b9-135e-55c7-8c4c-5a072a3c8573', 11, 'public', 'Jungle Control Playbook', '{"veniam enim irure est"}', DEFAULT, DEFAULT), ('a9e614f8-c87a-596e-bdaf-6e577865453e', 'b7a89d05-549f-565f-b631-b59097e91d1a', 14, 'public', 'Siege Tactics Handbook', '{"minim sint magna","laborum velit consectetur","enim aliqua ea mollit","voluptate"}', DEFAULT, DEFAULT), ('f80096a0-59ff-58f8-a58f-cd508cb0f33e', '91434b27-2651-5429-8f42-45c3f8e334a0', 11, 'public', 'Defensive Turtle Tactics', '{"magna do qui nulla irure","nulla minim","Lorem deserunt","anim deserunt ea","labore officia nostrud consectet","dolor et consectetur anim"}', DEFAULT, DEFAULT), ('a444e395-f85a-5fcf-904b-e713df3a17f6', '2589cf16-4103-5a4f-b544-b30078083eaa', 12, 'public', 'Siege Tactics Handbook', '{"sit aliqua id","consequat dolor proident nulla","mollit dolore culpa","ullamco voluptate id pariatur","sint duis proident","tempor in exercitation sint","id ad deserunt","eiusmod officia nisi","minim laboris ut laborum"}', DEFAULT, DEFAULT);
INSERT INTO public.blueprint_stage (id,blueprint_id,index,created_at,updated_at) VALUES (1, 'fd4a2d4e-8569-59ca-837d-fb7fa0ab1be1', 0, DEFAULT, DEFAULT), (2, 'fd4a2d4e-8569-59ca-837d-fb7fa0ab1be1', 1, DEFAULT, DEFAULT), (3, 'fd4a2d4e-8569-59ca-837d-fb7fa0ab1be1', 2, DEFAULT, DEFAULT), (4, 'e0502ed9-8194-54d4-be5d-43176e2a7438', 0, DEFAULT, DEFAULT), (5, 'e0502ed9-8194-54d4-be5d-43176e2a7438', 1, DEFAULT, DEFAULT), (6, 'e0502ed9-8194-54d4-be5d-43176e2a7438', 2, DEFAULT, DEFAULT), (7, 'cba89714-5b1d-590f-92a2-27cfb555b7e4', 0, DEFAULT, DEFAULT), (8, 'cba89714-5b1d-590f-92a2-27cfb555b7e4', 1, DEFAULT, DEFAULT), (9, 'cba89714-5b1d-590f-92a2-27cfb555b7e4', 2, DEFAULT, DEFAULT), (10, '497b8842-fb80-5638-ba6f-3f3e64daa06b', 0, DEFAULT, DEFAULT), (11, '497b8842-fb80-5638-ba6f-3f3e64daa06b', 1, DEFAULT, DEFAULT), (12, '497b8842-fb80-5638-ba6f-3f3e64daa06b', 2, DEFAULT, DEFAULT), (13, '75fbf0dd-b3c9-5513-87f0-9d9a9004f64c', 0, DEFAULT, DEFAULT), (14, '75fbf0dd-b3c9-5513-87f0-9d9a9004f64c', 1, DEFAULT, DEFAULT), (15, '75fbf0dd-b3c9-5513-87f0-9d9a9004f64c', 2, DEFAULT, DEFAULT), (16, '0352b4c9-6de9-5702-929d-3d622c6456a1', 0, DEFAULT, DEFAULT), (17, '0352b4c9-6de9-5702-929d-3d622c6456a1', 1, DEFAULT, DEFAULT), (18, '0352b4c9-6de9-5702-929d-3d622c6456a1', 2, DEFAULT, DEFAULT), (19, '1e701d2b-566c-5f82-8280-a2a9d02ee590', 0, DEFAULT, DEFAULT), (20, '1e701d2b-566c-5f82-8280-a2a9d02ee590', 1, DEFAULT, DEFAULT), (21, '1e701d2b-566c-5f82-8280-a2a9d02ee590', 2, DEFAULT, DEFAULT), (22, 'f04c0ed1-b624-5092-8b98-dae6fff857dc', 0, DEFAULT, DEFAULT), (23, 'f04c0ed1-b624-5092-8b98-dae6fff857dc', 1, DEFAULT, DEFAULT), (24, 'f04c0ed1-b624-5092-8b98-dae6fff857dc', 2, DEFAULT, DEFAULT), (25, '7eef79d9-ea6c-5417-b347-09dbcb8b4c78', 0, DEFAULT, DEFAULT), (26, '7eef79d9-ea6c-5417-b347-09dbcb8b4c78', 1, DEFAULT, DEFAULT), (27, '7eef79d9-ea6c-5417-b347-09dbcb8b4c78', 2, DEFAULT, DEFAULT), (28, '3aff3e37-0331-5c7a-a0f5-1b6595c2ad7b', 0, DEFAULT, DEFAULT), (29, '3aff3e37-0331-5c7a-a0f5-1b6595c2ad7b', 1, DEFAULT, DEFAULT), (30, '3aff3e37-0331-5c7a-a0f5-1b6595c2ad7b', 2, DEFAULT, DEFAULT), (31, '7c0cf1d4-d57d-5092-a3f0-ca49e04ace52', 0, DEFAULT, DEFAULT), (32, '7c0cf1d4-d57d-5092-a3f0-ca49e04ace52', 1, DEFAULT, DEFAULT), (33, '7c0cf1d4-d57d-5092-a3f0-ca49e04ace52', 2, DEFAULT, DEFAULT), (34, '26c80d6d-0d6f-5fb2-8296-8b5e9e1fdeb7', 0, DEFAULT, DEFAULT), (35, '26c80d6d-0d6f-5fb2-8296-8b5e9e1fdeb7', 1, DEFAULT, DEFAULT), (36, '26c80d6d-0d6f-5fb2-8296-8b5e9e1fdeb7', 2, DEFAULT, DEFAULT), (37, '310ccf44-859c-5587-8001-5aa84afb3236', 0, DEFAULT, DEFAULT), (38, '310ccf44-859c-5587-8001-5aa84afb3236', 1, DEFAULT, DEFAULT), (39, '310ccf44-859c-5587-8001-5aa84afb3236', 2, DEFAULT, DEFAULT), (40, 'c6131a0d-c1ea-5dce-8460-c91026e41f9f', 0, DEFAULT, DEFAULT), (41, 'c6131a0d-c1ea-5dce-8460-c91026e41f9f', 1, DEFAULT, DEFAULT), (42, 'c6131a0d-c1ea-5dce-8460-c91026e41f9f', 2, DEFAULT, DEFAULT), (43, '054eb394-a081-59a1-b613-e1c8bbcc6250', 0, DEFAULT, DEFAULT), (44, '054eb394-a081-59a1-b613-e1c8bbcc6250', 1, DEFAULT, DEFAULT), (45, '054eb394-a081-59a1-b613-e1c8bbcc6250', 2, DEFAULT, DEFAULT), (46, '4cb602e9-b66f-5f7e-a7a1-71729454372c', 0, DEFAULT, DEFAULT), (47, '4cb602e9-b66f-5f7e-a7a1-71729454372c', 1, DEFAULT, DEFAULT), (48, '4cb602e9-b66f-5f7e-a7a1-71729454372c', 2, DEFAULT, DEFAULT), (49, '8ed312f8-fa19-5305-a78e-7cdee2dc9e00', 0, DEFAULT, DEFAULT), (50, '8ed312f8-fa19-5305-a78e-7cdee2dc9e00', 1, DEFAULT, DEFAULT), (51, '8ed312f8-fa19-5305-a78e-7cdee2dc9e00', 2, DEFAULT, DEFAULT), (52, 'c9bad04c-3d6e-5efe-9540-7763dde57640', 0, DEFAULT, DEFAULT), (53, 'c9bad04c-3d6e-5efe-9540-7763dde57640', 1, DEFAULT, DEFAULT), (54, 'c9bad04c-3d6e-5efe-9540-7763dde57640', 2, DEFAULT, DEFAULT), (55, '7a350dde-d215-538c-bfd3-d5cdd8b40555', 0, DEFAULT, DEFAULT), (56, '7a350dde-d215-538c-bfd3-d5cdd8b40555', 1, DEFAULT, DEFAULT), (57, '7a350dde-d215-538c-bfd3-d5cdd8b40555', 2, DEFAULT, DEFAULT), (58, 'bd6c4dd0-06e8-56ab-abd6-6e9e777c13a7', 0, DEFAULT, DEFAULT), (59, 'bd6c4dd0-06e8-56ab-abd6-6e9e777c13a7', 1, DEFAULT, DEFAULT), (60, 'bd6c4dd0-06e8-56ab-abd6-6e9e777c13a7', 2, DEFAULT, DEFAULT), (61, '844103e5-8cf8-5795-8a63-ccecfc3e2001', 0, DEFAULT, DEFAULT), (62, '844103e5-8cf8-5795-8a63-ccecfc3e2001', 1, DEFAULT, DEFAULT), (63, '844103e5-8cf8-5795-8a63-ccecfc3e2001', 2, DEFAULT, DEFAULT), (64, '582d0ca1-76cc-5500-9dd8-190ab817072d', 0, DEFAULT, DEFAULT), (65, '582d0ca1-76cc-5500-9dd8-190ab817072d', 1, DEFAULT, DEFAULT), (66, '582d0ca1-76cc-5500-9dd8-190ab817072d', 2, DEFAULT, DEFAULT), (67, '9012aa86-f8a2-5033-82d5-336bcaa03c26', 0, DEFAULT, DEFAULT), (68, '9012aa86-f8a2-5033-82d5-336bcaa03c26', 1, DEFAULT, DEFAULT), (69, '9012aa86-f8a2-5033-82d5-336bcaa03c26', 2, DEFAULT, DEFAULT), (70, '746bb5ad-439a-519a-90ef-991641df1623', 0, DEFAULT, DEFAULT), (71, '746bb5ad-439a-519a-90ef-991641df1623', 1, DEFAULT, DEFAULT), (72, '746bb5ad-439a-519a-90ef-991641df1623', 2, DEFAULT, DEFAULT), (73, 'b1bab82d-de7c-55e3-8115-1651b8f68765', 0, DEFAULT, DEFAULT), (74, 'b1bab82d-de7c-55e3-8115-1651b8f68765', 1, DEFAULT, DEFAULT), (75, 'b1bab82d-de7c-55e3-8115-1651b8f68765', 2, DEFAULT, DEFAULT), (76, '0145500d-2ab2-5c49-9cea-edd711ce1cc9', 0, DEFAULT, DEFAULT), (77, '0145500d-2ab2-5c49-9cea-edd711ce1cc9', 1, DEFAULT, DEFAULT), (78, '0145500d-2ab2-5c49-9cea-edd711ce1cc9', 2, DEFAULT, DEFAULT), (79, '703c3370-90fb-5d22-8365-f34357b3ffb8', 0, DEFAULT, DEFAULT), (80, '703c3370-90fb-5d22-8365-f34357b3ffb8', 1, DEFAULT, DEFAULT), (81, '703c3370-90fb-5d22-8365-f34357b3ffb8', 2, DEFAULT, DEFAULT), (82, 'fd862b26-fe8c-52d0-b06e-3c9f938bd3ab', 0, DEFAULT, DEFAULT), (83, 'fd862b26-fe8c-52d0-b06e-3c9f938bd3ab', 1, DEFAULT, DEFAULT), (84, 'fd862b26-fe8c-52d0-b06e-3c9f938bd3ab', 2, DEFAULT, DEFAULT), (85, '70415515-b81b-59ef-a1ed-18578b73b7ae', 0, DEFAULT, DEFAULT), (86, '70415515-b81b-59ef-a1ed-18578b73b7ae', 1, DEFAULT, DEFAULT), (87, '70415515-b81b-59ef-a1ed-18578b73b7ae', 2, DEFAULT, DEFAULT), (88, 'c5558815-aa72-5938-a7c8-62ae2c1a039c', 0, DEFAULT, DEFAULT), (89, 'c5558815-aa72-5938-a7c8-62ae2c1a039c', 1, DEFAULT, DEFAULT), (90, 'c5558815-aa72-5938-a7c8-62ae2c1a039c', 2, DEFAULT, DEFAULT), (91, '703bbd20-9625-5bd7-8aa3-5ead0245fe50', 0, DEFAULT, DEFAULT), (92, '703bbd20-9625-5bd7-8aa3-5ead0245fe50', 1, DEFAULT, DEFAULT), (93, '703bbd20-9625-5bd7-8aa3-5ead0245fe50', 2, DEFAULT, DEFAULT), (94, '68ff3d82-b6b6-5053-9e74-aa9b346dd8d1', 0, DEFAULT, DEFAULT), (95, '68ff3d82-b6b6-5053-9e74-aa9b346dd8d1', 1, DEFAULT, DEFAULT), (96, '68ff3d82-b6b6-5053-9e74-aa9b346dd8d1', 2, DEFAULT, DEFAULT), (97, '522e120d-7e21-504a-9c96-99e429197e5a', 0, DEFAULT, DEFAULT), (98, '522e120d-7e21-504a-9c96-99e429197e5a', 1, DEFAULT, DEFAULT), (99, '522e120d-7e21-504a-9c96-99e429197e5a', 2, DEFAULT, DEFAULT), (100, '54b879fc-04e4-53b3-8cec-0174fc0ccd34', 0, DEFAULT, DEFAULT), (101, '54b879fc-04e4-53b3-8cec-0174fc0ccd34', 1, DEFAULT, DEFAULT), (102, '54b879fc-04e4-53b3-8cec-0174fc0ccd34', 2, DEFAULT, DEFAULT), (103, 'fb90b354-0ae1-59da-9637-61f6c5ed3fb9', 0, DEFAULT, DEFAULT), (104, 'fb90b354-0ae1-59da-9637-61f6c5ed3fb9', 1, DEFAULT, DEFAULT), (105, 'fb90b354-0ae1-59da-9637-61f6c5ed3fb9', 2, DEFAULT, DEFAULT), (106, '95b3988b-e14b-57a7-900d-4985cb116f17', 0, DEFAULT, DEFAULT), (107, '95b3988b-e14b-57a7-900d-4985cb116f17', 1, DEFAULT, DEFAULT), (108, '95b3988b-e14b-57a7-900d-4985cb116f17', 2, DEFAULT, DEFAULT), (109, '7d1face3-2e87-52f5-9623-fff9de0a6539', 0, DEFAULT, DEFAULT), (110, '7d1face3-2e87-52f5-9623-fff9de0a6539', 1, DEFAULT, DEFAULT), (111, '7d1face3-2e87-52f5-9623-fff9de0a6539', 2, DEFAULT, DEFAULT), (112, 'e8bf9a25-132d-5d46-b40a-d08534be6c9f', 0, DEFAULT, DEFAULT), (113, 'e8bf9a25-132d-5d46-b40a-d08534be6c9f', 1, DEFAULT, DEFAULT), (114, 'e8bf9a25-132d-5d46-b40a-d08534be6c9f', 2, DEFAULT, DEFAULT), (115, '29a560e9-84d9-5f41-9b09-76969cbfb144', 0, DEFAULT, DEFAULT), (116, '29a560e9-84d9-5f41-9b09-76969cbfb144', 1, DEFAULT, DEFAULT), (117, '29a560e9-84d9-5f41-9b09-76969cbfb144', 2, DEFAULT, DEFAULT), (118, 'd9c4b302-5ab0-5114-8120-41d1876c7eb9', 0, DEFAULT, DEFAULT), (119, 'd9c4b302-5ab0-5114-8120-41d1876c7eb9', 1, DEFAULT, DEFAULT), (120, 'd9c4b302-5ab0-5114-8120-41d1876c7eb9', 2, DEFAULT, DEFAULT), (121, 'ca1b9e1e-f7c0-5c4a-a566-aabf3f7ebb80', 0, DEFAULT, DEFAULT), (122, 'ca1b9e1e-f7c0-5c4a-a566-aabf3f7ebb80', 1, DEFAULT, DEFAULT), (123, 'ca1b9e1e-f7c0-5c4a-a566-aabf3f7ebb80', 2, DEFAULT, DEFAULT), (124, 'cde91e33-9c71-56e0-b19e-f2372fa577cf', 0, DEFAULT, DEFAULT), (125, 'cde91e33-9c71-56e0-b19e-f2372fa577cf', 1, DEFAULT, DEFAULT), (126, 'cde91e33-9c71-56e0-b19e-f2372fa577cf', 2, DEFAULT, DEFAULT), (127, '013547e4-326e-5221-8377-310093ccf53a', 0, DEFAULT, DEFAULT), (128, '013547e4-326e-5221-8377-310093ccf53a', 1, DEFAULT, DEFAULT), (129, '013547e4-326e-5221-8377-310093ccf53a', 2, DEFAULT, DEFAULT), (130, '50cffa66-dd91-5aed-8c46-1b76e488de31', 0, DEFAULT, DEFAULT), (131, '50cffa66-dd91-5aed-8c46-1b76e488de31', 1, DEFAULT, DEFAULT), (132, '50cffa66-dd91-5aed-8c46-1b76e488de31', 2, DEFAULT, DEFAULT), (133, 'f550c2bf-a147-5e29-8a01-470336f387eb', 0, DEFAULT, DEFAULT), (134, 'f550c2bf-a147-5e29-8a01-470336f387eb', 1, DEFAULT, DEFAULT), (135, 'f550c2bf-a147-5e29-8a01-470336f387eb', 2, DEFAULT, DEFAULT), (136, 'a30e3d57-ad0a-594d-9622-8a2514b8110c', 0, DEFAULT, DEFAULT), (137, 'a30e3d57-ad0a-594d-9622-8a2514b8110c', 1, DEFAULT, DEFAULT), (138, 'a30e3d57-ad0a-594d-9622-8a2514b8110c', 2, DEFAULT, DEFAULT), (139, 'cb76f565-509b-50d9-bbe4-5c6e7c9b0eb4', 0, DEFAULT, DEFAULT), (140, 'cb76f565-509b-50d9-bbe4-5c6e7c9b0eb4', 1, DEFAULT, DEFAULT), (141, 'cb76f565-509b-50d9-bbe4-5c6e7c9b0eb4', 2, DEFAULT, DEFAULT), (142, 'a344c7b4-07e6-54df-b4ed-f27c7916e147', 0, DEFAULT, DEFAULT), (143, 'a344c7b4-07e6-54df-b4ed-f27c7916e147', 1, DEFAULT, DEFAULT), (144, 'a344c7b4-07e6-54df-b4ed-f27c7916e147', 2, DEFAULT, DEFAULT), (145, '6c40d2d3-07ad-5aa1-a5fa-cf5861475e5d', 0, DEFAULT, DEFAULT), (146, '6c40d2d3-07ad-5aa1-a5fa-cf5861475e5d', 1, DEFAULT, DEFAULT), (147, '6c40d2d3-07ad-5aa1-a5fa-cf5861475e5d', 2, DEFAULT, DEFAULT), (148, 'ba7460a4-9316-52e4-9e3a-05ee82b85e66', 0, DEFAULT, DEFAULT), (149, 'ba7460a4-9316-52e4-9e3a-05ee82b85e66', 1, DEFAULT, DEFAULT), (150, 'ba7460a4-9316-52e4-9e3a-05ee82b85e66', 2, DEFAULT, DEFAULT), (151, 'fb3595df-62ad-5f54-ac34-3a578952555c', 0, DEFAULT, DEFAULT), (152, 'fb3595df-62ad-5f54-ac34-3a578952555c', 1, DEFAULT, DEFAULT), (153, 'fb3595df-62ad-5f54-ac34-3a578952555c', 2, DEFAULT, DEFAULT), (154, '90edde40-1b87-5f75-90b9-68639fbcb2b8', 0, DEFAULT, DEFAULT), (155, '90edde40-1b87-5f75-90b9-68639fbcb2b8', 1, DEFAULT, DEFAULT), (156, '90edde40-1b87-5f75-90b9-68639fbcb2b8', 2, DEFAULT, DEFAULT), (157, 'ea26a496-35d8-5f3f-a769-a80898ec7b17', 0, DEFAULT, DEFAULT), (158, 'ea26a496-35d8-5f3f-a769-a80898ec7b17', 1, DEFAULT, DEFAULT), (159, 'ea26a496-35d8-5f3f-a769-a80898ec7b17', 2, DEFAULT, DEFAULT), (160, '035a0a25-d588-551c-9f76-4e9f593ffaf4', 0, DEFAULT, DEFAULT), (161, '035a0a25-d588-551c-9f76-4e9f593ffaf4', 1, DEFAULT, DEFAULT), (162, '035a0a25-d588-551c-9f76-4e9f593ffaf4', 2, DEFAULT, DEFAULT), (163, 'e7f55997-6008-5d29-9f7f-564ab748cc59', 0, DEFAULT, DEFAULT), (164, 'e7f55997-6008-5d29-9f7f-564ab748cc59', 1, DEFAULT, DEFAULT), (165, 'e7f55997-6008-5d29-9f7f-564ab748cc59', 2, DEFAULT, DEFAULT), (166, '396ce0bd-b3e1-5b3c-94ea-bb5357e1c76a', 0, DEFAULT, DEFAULT), (167, '396ce0bd-b3e1-5b3c-94ea-bb5357e1c76a', 1, DEFAULT, DEFAULT), (168, '396ce0bd-b3e1-5b3c-94ea-bb5357e1c76a', 2, DEFAULT, DEFAULT), (169, '4cb2c65b-80df-57cc-9c0d-6c346029b88f', 0, DEFAULT, DEFAULT), (170, '4cb2c65b-80df-57cc-9c0d-6c346029b88f', 1, DEFAULT, DEFAULT), (171, '4cb2c65b-80df-57cc-9c0d-6c346029b88f', 2, DEFAULT, DEFAULT), (172, '8172dfee-2cce-5dee-9293-b6bd5f74d656', 0, DEFAULT, DEFAULT), (173, '8172dfee-2cce-5dee-9293-b6bd5f74d656', 1, DEFAULT, DEFAULT), (174, '8172dfee-2cce-5dee-9293-b6bd5f74d656', 2, DEFAULT, DEFAULT), (175, '910e8e4b-af24-5f28-a2eb-631066a490eb', 0, DEFAULT, DEFAULT), (176, '910e8e4b-af24-5f28-a2eb-631066a490eb', 1, DEFAULT, DEFAULT), (177, '910e8e4b-af24-5f28-a2eb-631066a490eb', 2, DEFAULT, DEFAULT), (178, '150381a3-e791-54de-9419-0edac12fb9eb', 0, DEFAULT, DEFAULT), (179, '150381a3-e791-54de-9419-0edac12fb9eb', 1, DEFAULT, DEFAULT), (180, '150381a3-e791-54de-9419-0edac12fb9eb', 2, DEFAULT, DEFAULT), (181, 'ddb37574-0dbe-5aa4-a5e8-b15242cefaff', 0, DEFAULT, DEFAULT), (182, 'ddb37574-0dbe-5aa4-a5e8-b15242cefaff', 1, DEFAULT, DEFAULT), (183, 'ddb37574-0dbe-5aa4-a5e8-b15242cefaff', 2, DEFAULT, DEFAULT), (184, '77fbdaed-4103-591b-82ee-3e3fa4b78a9b', 0, DEFAULT, DEFAULT), (185, '77fbdaed-4103-591b-82ee-3e3fa4b78a9b', 1, DEFAULT, DEFAULT), (186, '77fbdaed-4103-591b-82ee-3e3fa4b78a9b', 2, DEFAULT, DEFAULT), (187, '0f1e8b42-396d-5765-be37-bce2ee646e04', 0, DEFAULT, DEFAULT), (188, '0f1e8b42-396d-5765-be37-bce2ee646e04', 1, DEFAULT, DEFAULT), (189, '0f1e8b42-396d-5765-be37-bce2ee646e04', 2, DEFAULT, DEFAULT), (190, '5308f8b3-4d4d-529a-bd7c-3a77ac4fe6ae', 0, DEFAULT, DEFAULT), (191, '5308f8b3-4d4d-529a-bd7c-3a77ac4fe6ae', 1, DEFAULT, DEFAULT), (192, '5308f8b3-4d4d-529a-bd7c-3a77ac4fe6ae', 2, DEFAULT, DEFAULT), (193, '851e9ece-db38-530e-b3f9-f5e1d49a3b34', 0, DEFAULT, DEFAULT), (194, '851e9ece-db38-530e-b3f9-f5e1d49a3b34', 1, DEFAULT, DEFAULT), (195, '851e9ece-db38-530e-b3f9-f5e1d49a3b34', 2, DEFAULT, DEFAULT), (196, '2189cd55-c657-5ce9-999a-da1a2dbf7ea0', 0, DEFAULT, DEFAULT), (197, '2189cd55-c657-5ce9-999a-da1a2dbf7ea0', 1, DEFAULT, DEFAULT), (198, '2189cd55-c657-5ce9-999a-da1a2dbf7ea0', 2, DEFAULT, DEFAULT), (199, '902d4a21-0657-5095-b741-ac0d408bb89e', 0, DEFAULT, DEFAULT), (200, '902d4a21-0657-5095-b741-ac0d408bb89e', 1, DEFAULT, DEFAULT), (201, '902d4a21-0657-5095-b741-ac0d408bb89e', 2, DEFAULT, DEFAULT), (202, '0d40f7c0-72b0-55c2-8e48-c6c65bd9815f', 0, DEFAULT, DEFAULT), (203, '0d40f7c0-72b0-55c2-8e48-c6c65bd9815f', 1, DEFAULT, DEFAULT), (204, '0d40f7c0-72b0-55c2-8e48-c6c65bd9815f', 2, DEFAULT, DEFAULT), (205, 'f09f5f0c-d6f4-5089-a919-82fdea15dad9', 0, DEFAULT, DEFAULT), (206, 'f09f5f0c-d6f4-5089-a919-82fdea15dad9', 1, DEFAULT, DEFAULT), (207, 'f09f5f0c-d6f4-5089-a919-82fdea15dad9', 2, DEFAULT, DEFAULT), (208, '9bfcf305-f3a4-5bed-9ee4-3f5ccf9e59af', 0, DEFAULT, DEFAULT), (209, '9bfcf305-f3a4-5bed-9ee4-3f5ccf9e59af', 1, DEFAULT, DEFAULT), (210, '9bfcf305-f3a4-5bed-9ee4-3f5ccf9e59af', 2, DEFAULT, DEFAULT), (211, '2ff309f0-6726-5920-ad23-47ba58fd2525', 0, DEFAULT, DEFAULT), (212, '2ff309f0-6726-5920-ad23-47ba58fd2525', 1, DEFAULT, DEFAULT), (213, '2ff309f0-6726-5920-ad23-47ba58fd2525', 2, DEFAULT, DEFAULT), (214, 'bac302d7-9e20-52d1-89cc-b0e99ef3b896', 0, DEFAULT, DEFAULT), (215, 'bac302d7-9e20-52d1-89cc-b0e99ef3b896', 1, DEFAULT, DEFAULT), (216, 'bac302d7-9e20-52d1-89cc-b0e99ef3b896', 2, DEFAULT, DEFAULT), (217, 'ef31ceeb-0f8d-5da0-ab9c-18045c420f99', 0, DEFAULT, DEFAULT), (218, 'ef31ceeb-0f8d-5da0-ab9c-18045c420f99', 1, DEFAULT, DEFAULT), (219, 'ef31ceeb-0f8d-5da0-ab9c-18045c420f99', 2, DEFAULT, DEFAULT), (220, '2be70e34-56ed-5cb2-9758-b8f796ec32ec', 0, DEFAULT, DEFAULT), (221, '2be70e34-56ed-5cb2-9758-b8f796ec32ec', 1, DEFAULT, DEFAULT), (222, '2be70e34-56ed-5cb2-9758-b8f796ec32ec', 2, DEFAULT, DEFAULT), (223, '49e5f9f5-6a8f-5423-81e9-9e8e2c467770', 0, DEFAULT, DEFAULT), (224, '49e5f9f5-6a8f-5423-81e9-9e8e2c467770', 1, DEFAULT, DEFAULT), (225, '49e5f9f5-6a8f-5423-81e9-9e8e2c467770', 2, DEFAULT, DEFAULT), (226, '421a5d89-58fa-56e2-87c9-a4c6fd3159db', 0, DEFAULT, DEFAULT), (227, '421a5d89-58fa-56e2-87c9-a4c6fd3159db', 1, DEFAULT, DEFAULT), (228, '421a5d89-58fa-56e2-87c9-a4c6fd3159db', 2, DEFAULT, DEFAULT), (229, 'c2ab0ed6-ea98-544f-a35e-cfff5a185dc8', 0, DEFAULT, DEFAULT), (230, 'c2ab0ed6-ea98-544f-a35e-cfff5a185dc8', 1, DEFAULT, DEFAULT), (231, 'c2ab0ed6-ea98-544f-a35e-cfff5a185dc8', 2, DEFAULT, DEFAULT), (232, '6c6d219e-3884-5c60-8485-0fb500d0b675', 0, DEFAULT, DEFAULT), (233, '6c6d219e-3884-5c60-8485-0fb500d0b675', 1, DEFAULT, DEFAULT), (234, '6c6d219e-3884-5c60-8485-0fb500d0b675', 2, DEFAULT, DEFAULT), (235, 'd5fd2418-0c52-558a-8369-707f9186db0b', 0, DEFAULT, DEFAULT), (236, 'd5fd2418-0c52-558a-8369-707f9186db0b', 1, DEFAULT, DEFAULT), (237, 'd5fd2418-0c52-558a-8369-707f9186db0b', 2, DEFAULT, DEFAULT), (238, '0f22fcab-183d-5e80-9a98-c495a215f5f8', 0, DEFAULT, DEFAULT), (239, '0f22fcab-183d-5e80-9a98-c495a215f5f8', 1, DEFAULT, DEFAULT), (240, '0f22fcab-183d-5e80-9a98-c495a215f5f8', 2, DEFAULT, DEFAULT), (241, 'f92c2ba5-8b0e-58ef-9364-e364e4c41522', 0, DEFAULT, DEFAULT), (242, 'f92c2ba5-8b0e-58ef-9364-e364e4c41522', 1, DEFAULT, DEFAULT), (243, 'f92c2ba5-8b0e-58ef-9364-e364e4c41522', 2, DEFAULT, DEFAULT), (244, 'e2ec2872-d983-5938-8f1c-38a9a14124dd', 0, DEFAULT, DEFAULT), (245, 'e2ec2872-d983-5938-8f1c-38a9a14124dd', 1, DEFAULT, DEFAULT), (246, 'e2ec2872-d983-5938-8f1c-38a9a14124dd', 2, DEFAULT, DEFAULT), (247, '4d4230bc-d1b6-532c-9bbf-8c67caf4f9ed', 0, DEFAULT, DEFAULT), (248, '4d4230bc-d1b6-532c-9bbf-8c67caf4f9ed', 1, DEFAULT, DEFAULT), (249, '4d4230bc-d1b6-532c-9bbf-8c67caf4f9ed', 2, DEFAULT, DEFAULT), (250, '8be9ffc5-25d1-5c32-be1f-9a9ec00544f6', 0, DEFAULT, DEFAULT), (251, '8be9ffc5-25d1-5c32-be1f-9a9ec00544f6', 1, DEFAULT, DEFAULT), (252, '8be9ffc5-25d1-5c32-be1f-9a9ec00544f6', 2, DEFAULT, DEFAULT), (253, 'a3241e44-bd93-5a11-a730-863e8eb75275', 0, DEFAULT, DEFAULT), (254, 'a3241e44-bd93-5a11-a730-863e8eb75275', 1, DEFAULT, DEFAULT), (255, 'a3241e44-bd93-5a11-a730-863e8eb75275', 2, DEFAULT, DEFAULT), (256, 'a1c32f18-989f-5961-80f5-4a21a838bc95', 0, DEFAULT, DEFAULT), (257, 'a1c32f18-989f-5961-80f5-4a21a838bc95', 1, DEFAULT, DEFAULT), (258, 'a1c32f18-989f-5961-80f5-4a21a838bc95', 2, DEFAULT, DEFAULT), (259, '8fde1282-59d1-5f9b-bc10-4130ce793fa9', 0, DEFAULT, DEFAULT), (260, '8fde1282-59d1-5f9b-bc10-4130ce793fa9', 1, DEFAULT, DEFAULT), (261, '8fde1282-59d1-5f9b-bc10-4130ce793fa9', 2, DEFAULT, DEFAULT), (262, 'f85f8e1b-b8a0-528e-bc81-49b3e6a34ee5', 0, DEFAULT, DEFAULT), (263, 'f85f8e1b-b8a0-528e-bc81-49b3e6a34ee5', 1, DEFAULT, DEFAULT), (264, 'f85f8e1b-b8a0-528e-bc81-49b3e6a34ee5', 2, DEFAULT, DEFAULT), (265, 'e16cfe57-140d-5b3e-90f8-910575ffdd47', 0, DEFAULT, DEFAULT), (266, 'e16cfe57-140d-5b3e-90f8-910575ffdd47', 1, DEFAULT, DEFAULT), (267, 'e16cfe57-140d-5b3e-90f8-910575ffdd47', 2, DEFAULT, DEFAULT), (268, '06866e23-2aeb-59f2-9d3c-156507eb23db', 0, DEFAULT, DEFAULT), (269, '06866e23-2aeb-59f2-9d3c-156507eb23db', 1, DEFAULT, DEFAULT), (270, '06866e23-2aeb-59f2-9d3c-156507eb23db', 2, DEFAULT, DEFAULT), (271, 'e5c44c16-4905-59d0-8c2a-f48ebfc3fdcc', 0, DEFAULT, DEFAULT), (272, 'e5c44c16-4905-59d0-8c2a-f48ebfc3fdcc', 1, DEFAULT, DEFAULT), (273, 'e5c44c16-4905-59d0-8c2a-f48ebfc3fdcc', 2, DEFAULT, DEFAULT), (274, '0298782b-da7d-55b4-a736-8126dd2f9d32', 0, DEFAULT, DEFAULT), (275, '0298782b-da7d-55b4-a736-8126dd2f9d32', 1, DEFAULT, DEFAULT), (276, '0298782b-da7d-55b4-a736-8126dd2f9d32', 2, DEFAULT, DEFAULT), (277, '8f534833-d8c3-5d0a-b63c-bd2740be0330', 0, DEFAULT, DEFAULT), (278, '8f534833-d8c3-5d0a-b63c-bd2740be0330', 1, DEFAULT, DEFAULT), (279, '8f534833-d8c3-5d0a-b63c-bd2740be0330', 2, DEFAULT, DEFAULT), (280, '1caeec83-1956-53fb-9c1a-7f585775c524', 0, DEFAULT, DEFAULT), (281, '1caeec83-1956-53fb-9c1a-7f585775c524', 1, DEFAULT, DEFAULT), (282, '1caeec83-1956-53fb-9c1a-7f585775c524', 2, DEFAULT, DEFAULT), (283, '28f2bbc2-0260-5d64-a9bf-64e9bc163c30', 0, DEFAULT, DEFAULT), (284, '28f2bbc2-0260-5d64-a9bf-64e9bc163c30', 1, DEFAULT, DEFAULT), (285, '28f2bbc2-0260-5d64-a9bf-64e9bc163c30', 2, DEFAULT, DEFAULT), (286, '8590b74a-b67e-5525-9786-4e0fc4c65d06', 0, DEFAULT, DEFAULT), (287, '8590b74a-b67e-5525-9786-4e0fc4c65d06', 1, DEFAULT, DEFAULT), (288, '8590b74a-b67e-5525-9786-4e0fc4c65d06', 2, DEFAULT, DEFAULT), (289, 'fa5e4221-0eae-5da7-9a16-5b8399b9ef50', 0, DEFAULT, DEFAULT), (290, 'fa5e4221-0eae-5da7-9a16-5b8399b9ef50', 1, DEFAULT, DEFAULT), (291, 'fa5e4221-0eae-5da7-9a16-5b8399b9ef50', 2, DEFAULT, DEFAULT), (292, 'fedb01d5-16e2-59fd-8845-ff6a92bd83f7', 0, DEFAULT, DEFAULT), (293, 'fedb01d5-16e2-59fd-8845-ff6a92bd83f7', 1, DEFAULT, DEFAULT), (294, 'fedb01d5-16e2-59fd-8845-ff6a92bd83f7', 2, DEFAULT, DEFAULT), (295, 'd6d0cf2a-b6d2-5f41-bc05-2fe5bf5ca317', 0, DEFAULT, DEFAULT), (296, 'd6d0cf2a-b6d2-5f41-bc05-2fe5bf5ca317', 1, DEFAULT, DEFAULT), (297, 'd6d0cf2a-b6d2-5f41-bc05-2fe5bf5ca317', 2, DEFAULT, DEFAULT), (298, 'a18cadaa-4531-5180-a607-ad2a5bc25f0c', 0, DEFAULT, DEFAULT), (299, 'a18cadaa-4531-5180-a607-ad2a5bc25f0c', 1, DEFAULT, DEFAULT), (300, 'a18cadaa-4531-5180-a607-ad2a5bc25f0c', 2, DEFAULT, DEFAULT), (301, '7858de1c-870d-5289-9bbf-085e4de69d79', 0, DEFAULT, DEFAULT), (302, '7858de1c-870d-5289-9bbf-085e4de69d79', 1, DEFAULT, DEFAULT), (303, '7858de1c-870d-5289-9bbf-085e4de69d79', 2, DEFAULT, DEFAULT), (304, 'c5510993-cf82-5729-a476-bbba91fd2ee1', 0, DEFAULT, DEFAULT), (305, 'c5510993-cf82-5729-a476-bbba91fd2ee1', 1, DEFAULT, DEFAULT), (306, 'c5510993-cf82-5729-a476-bbba91fd2ee1', 2, DEFAULT, DEFAULT), (307, '65495df9-49dc-5680-b4b7-97fe7364e837', 0, DEFAULT, DEFAULT), (308, '65495df9-49dc-5680-b4b7-97fe7364e837', 1, DEFAULT, DEFAULT), (309, '65495df9-49dc-5680-b4b7-97fe7364e837', 2, DEFAULT, DEFAULT), (310, '6a08951b-2f4b-5069-a734-056efe107e30', 0, DEFAULT, DEFAULT), (311, '6a08951b-2f4b-5069-a734-056efe107e30', 1, DEFAULT, DEFAULT), (312, '6a08951b-2f4b-5069-a734-056efe107e30', 2, DEFAULT, DEFAULT), (313, 'd96e9820-0562-5ef0-a957-fb16e8a3cda6', 0, DEFAULT, DEFAULT), (314, 'd96e9820-0562-5ef0-a957-fb16e8a3cda6', 1, DEFAULT, DEFAULT), (315, 'd96e9820-0562-5ef0-a957-fb16e8a3cda6', 2, DEFAULT, DEFAULT), (316, '44d39286-2c39-52c0-9fdf-811ac2ac0b4f', 0, DEFAULT, DEFAULT), (317, '44d39286-2c39-52c0-9fdf-811ac2ac0b4f', 1, DEFAULT, DEFAULT), (318, '44d39286-2c39-52c0-9fdf-811ac2ac0b4f', 2, DEFAULT, DEFAULT), (319, 'f5284b1c-c867-5bcb-ae27-b4a46054354e', 0, DEFAULT, DEFAULT), (320, 'f5284b1c-c867-5bcb-ae27-b4a46054354e', 1, DEFAULT, DEFAULT), (321, 'f5284b1c-c867-5bcb-ae27-b4a46054354e', 2, DEFAULT, DEFAULT), (322, '748b6b6e-790a-524c-8953-9f99ff6241ea', 0, DEFAULT, DEFAULT), (323, '748b6b6e-790a-524c-8953-9f99ff6241ea', 1, DEFAULT, DEFAULT), (324, '748b6b6e-790a-524c-8953-9f99ff6241ea', 2, DEFAULT, DEFAULT), (325, '94e59d3e-1e10-58ee-b57b-120d24970da8', 0, DEFAULT, DEFAULT), (326, '94e59d3e-1e10-58ee-b57b-120d24970da8', 1, DEFAULT, DEFAULT), (327, '94e59d3e-1e10-58ee-b57b-120d24970da8', 2, DEFAULT, DEFAULT), (328, 'a501e3c2-1df6-5f20-9532-89c5471331c6', 0, DEFAULT, DEFAULT), (329, 'a501e3c2-1df6-5f20-9532-89c5471331c6', 1, DEFAULT, DEFAULT), (330, 'a501e3c2-1df6-5f20-9532-89c5471331c6', 2, DEFAULT, DEFAULT), (331, 'eba1549a-b3ad-5f1e-ad56-15be0771d0f9', 0, DEFAULT, DEFAULT), (332, 'eba1549a-b3ad-5f1e-ad56-15be0771d0f9', 1, DEFAULT, DEFAULT), (333, 'eba1549a-b3ad-5f1e-ad56-15be0771d0f9', 2, DEFAULT, DEFAULT), (334, '02d6bfb1-b7f1-5129-9d1b-729fd2d36ca6', 0, DEFAULT, DEFAULT), (335, '02d6bfb1-b7f1-5129-9d1b-729fd2d36ca6', 1, DEFAULT, DEFAULT), (336, '02d6bfb1-b7f1-5129-9d1b-729fd2d36ca6', 2, DEFAULT, DEFAULT), (337, 'feadd401-b272-53d1-bc20-6dad4e3ffc29', 0, DEFAULT, DEFAULT), (338, 'feadd401-b272-53d1-bc20-6dad4e3ffc29', 1, DEFAULT, DEFAULT), (339, 'feadd401-b272-53d1-bc20-6dad4e3ffc29', 2, DEFAULT, DEFAULT), (340, 'f4023970-bb8c-5175-9f3e-42520be2a6af', 0, DEFAULT, DEFAULT), (341, 'f4023970-bb8c-5175-9f3e-42520be2a6af', 1, DEFAULT, DEFAULT), (342, 'f4023970-bb8c-5175-9f3e-42520be2a6af', 2, DEFAULT, DEFAULT), (343, 'ab471cfa-3489-5a6c-bf5c-82aeac3819f5', 0, DEFAULT, DEFAULT), (344, 'ab471cfa-3489-5a6c-bf5c-82aeac3819f5', 1, DEFAULT, DEFAULT), (345, 'ab471cfa-3489-5a6c-bf5c-82aeac3819f5', 2, DEFAULT, DEFAULT), (346, '782d8b69-ae89-5508-b431-d9e3d4f25423', 0, DEFAULT, DEFAULT), (347, '782d8b69-ae89-5508-b431-d9e3d4f25423', 1, DEFAULT, DEFAULT), (348, '782d8b69-ae89-5508-b431-d9e3d4f25423', 2, DEFAULT, DEFAULT), (349, 'bfbbf302-05a7-5b0c-991e-f7c79f52034e', 0, DEFAULT, DEFAULT), (350, 'bfbbf302-05a7-5b0c-991e-f7c79f52034e', 1, DEFAULT, DEFAULT), (351, 'bfbbf302-05a7-5b0c-991e-f7c79f52034e', 2, DEFAULT, DEFAULT), (352, '86a9949d-fbe2-5edf-bf64-6b822a75bdc8', 0, DEFAULT, DEFAULT), (353, '86a9949d-fbe2-5edf-bf64-6b822a75bdc8', 1, DEFAULT, DEFAULT), (354, '86a9949d-fbe2-5edf-bf64-6b822a75bdc8', 2, DEFAULT, DEFAULT), (355, '3d78c871-f9be-5ceb-b04c-13f9eb63efa0', 0, DEFAULT, DEFAULT), (356, '3d78c871-f9be-5ceb-b04c-13f9eb63efa0', 1, DEFAULT, DEFAULT), (357, '3d78c871-f9be-5ceb-b04c-13f9eb63efa0', 2, DEFAULT, DEFAULT), (358, 'e5e7301c-ed7e-5267-a91e-331eeecbad04', 0, DEFAULT, DEFAULT), (359, 'e5e7301c-ed7e-5267-a91e-331eeecbad04', 1, DEFAULT, DEFAULT), (360, 'e5e7301c-ed7e-5267-a91e-331eeecbad04', 2, DEFAULT, DEFAULT), (361, 'e06f1954-eb7e-5811-8e85-0b7239ac60d6', 0, DEFAULT, DEFAULT), (362, 'e06f1954-eb7e-5811-8e85-0b7239ac60d6', 1, DEFAULT, DEFAULT), (363, 'e06f1954-eb7e-5811-8e85-0b7239ac60d6', 2, DEFAULT, DEFAULT), (364, 'cbe8ef05-c651-5778-b8a6-717eee524007', 0, DEFAULT, DEFAULT), (365, 'cbe8ef05-c651-5778-b8a6-717eee524007', 1, DEFAULT, DEFAULT), (366, 'cbe8ef05-c651-5778-b8a6-717eee524007', 2, DEFAULT, DEFAULT), (367, '479e5b51-1e2b-5ac2-b0c4-d0fc97906c11', 0, DEFAULT, DEFAULT), (368, '479e5b51-1e2b-5ac2-b0c4-d0fc97906c11', 1, DEFAULT, DEFAULT), (369, '479e5b51-1e2b-5ac2-b0c4-d0fc97906c11', 2, DEFAULT, DEFAULT), (370, 'bcb7ae75-c1e7-50cd-ba0b-a339091eb350', 0, DEFAULT, DEFAULT), (371, 'bcb7ae75-c1e7-50cd-ba0b-a339091eb350', 1, DEFAULT, DEFAULT), (372, 'bcb7ae75-c1e7-50cd-ba0b-a339091eb350', 2, DEFAULT, DEFAULT), (373, '22dccad0-36ca-5845-a1bd-b6027b406b8d', 0, DEFAULT, DEFAULT), (374, '22dccad0-36ca-5845-a1bd-b6027b406b8d', 1, DEFAULT, DEFAULT), (375, '22dccad0-36ca-5845-a1bd-b6027b406b8d', 2, DEFAULT, DEFAULT), (376, 'd3293b00-a774-5f1e-99fc-e8f05eabde14', 0, DEFAULT, DEFAULT), (377, 'd3293b00-a774-5f1e-99fc-e8f05eabde14', 1, DEFAULT, DEFAULT), (378, 'd3293b00-a774-5f1e-99fc-e8f05eabde14', 2, DEFAULT, DEFAULT), (379, '6822c6f8-ae35-5c57-9558-9cc55665f5cb', 0, DEFAULT, DEFAULT), (380, '6822c6f8-ae35-5c57-9558-9cc55665f5cb', 1, DEFAULT, DEFAULT), (381, '6822c6f8-ae35-5c57-9558-9cc55665f5cb', 2, DEFAULT, DEFAULT), (382, '8ac966bd-de46-5e4a-8401-5328d63ae1b4', 0, DEFAULT, DEFAULT), (383, '8ac966bd-de46-5e4a-8401-5328d63ae1b4', 1, DEFAULT, DEFAULT), (384, '8ac966bd-de46-5e4a-8401-5328d63ae1b4', 2, DEFAULT, DEFAULT), (385, '36f6354b-1927-5b66-8fab-ef32da0e1694', 0, DEFAULT, DEFAULT), (386, '36f6354b-1927-5b66-8fab-ef32da0e1694', 1, DEFAULT, DEFAULT), (387, '36f6354b-1927-5b66-8fab-ef32da0e1694', 2, DEFAULT, DEFAULT), (388, 'a3befd2b-2867-5547-af7d-2fe7d53b98ef', 0, DEFAULT, DEFAULT), (389, 'a3befd2b-2867-5547-af7d-2fe7d53b98ef', 1, DEFAULT, DEFAULT), (390, 'a3befd2b-2867-5547-af7d-2fe7d53b98ef', 2, DEFAULT, DEFAULT), (391, '4d502d01-8a3a-58bc-acb8-f61c47f35e10', 0, DEFAULT, DEFAULT), (392, '4d502d01-8a3a-58bc-acb8-f61c47f35e10', 1, DEFAULT, DEFAULT), (393, '4d502d01-8a3a-58bc-acb8-f61c47f35e10', 2, DEFAULT, DEFAULT), (394, 'ebdf08a4-39c5-5347-ab53-e4ef0e2d1add', 0, DEFAULT, DEFAULT), (395, 'ebdf08a4-39c5-5347-ab53-e4ef0e2d1add', 1, DEFAULT, DEFAULT), (396, 'ebdf08a4-39c5-5347-ab53-e4ef0e2d1add', 2, DEFAULT, DEFAULT), (397, '4cfaa7bd-7f8e-52b6-a079-b1fc1773dccb', 0, DEFAULT, DEFAULT), (398, '4cfaa7bd-7f8e-52b6-a079-b1fc1773dccb', 1, DEFAULT, DEFAULT), (399, '4cfaa7bd-7f8e-52b6-a079-b1fc1773dccb', 2, DEFAULT, DEFAULT), (400, '379aa38a-0dab-5c06-8cdb-45bf5d7e2d27', 0, DEFAULT, DEFAULT), (401, '379aa38a-0dab-5c06-8cdb-45bf5d7e2d27', 1, DEFAULT, DEFAULT), (402, '379aa38a-0dab-5c06-8cdb-45bf5d7e2d27', 2, DEFAULT, DEFAULT), (403, '1cb4e4cf-86cc-5f46-9e77-98b857e060d9', 0, DEFAULT, DEFAULT), (404, '1cb4e4cf-86cc-5f46-9e77-98b857e060d9', 1, DEFAULT, DEFAULT), (405, '1cb4e4cf-86cc-5f46-9e77-98b857e060d9', 2, DEFAULT, DEFAULT), (406, 'f39bcc07-5eef-5435-b6e9-d947c3bae70d', 0, DEFAULT, DEFAULT), (407, 'f39bcc07-5eef-5435-b6e9-d947c3bae70d', 1, DEFAULT, DEFAULT), (408, 'f39bcc07-5eef-5435-b6e9-d947c3bae70d', 2, DEFAULT, DEFAULT), (409, '20a16bbe-0188-55a3-8d14-7e2e6b37794e', 0, DEFAULT, DEFAULT), (410, '20a16bbe-0188-55a3-8d14-7e2e6b37794e', 1, DEFAULT, DEFAULT), (411, '20a16bbe-0188-55a3-8d14-7e2e6b37794e', 2, DEFAULT, DEFAULT), (412, '75a162e8-f427-5c64-baca-dba20bc829dd', 0, DEFAULT, DEFAULT), (413, '75a162e8-f427-5c64-baca-dba20bc829dd', 1, DEFAULT, DEFAULT), (414, '75a162e8-f427-5c64-baca-dba20bc829dd', 2, DEFAULT, DEFAULT), (415, '5075bfb2-60b4-588c-ba9f-cd0f3efae77e', 0, DEFAULT, DEFAULT), (416, '5075bfb2-60b4-588c-ba9f-cd0f3efae77e', 1, DEFAULT, DEFAULT), (417, '5075bfb2-60b4-588c-ba9f-cd0f3efae77e', 2, DEFAULT, DEFAULT), (418, '329b0bda-79b1-53f3-afe7-b7495bde0220', 0, DEFAULT, DEFAULT), (419, '329b0bda-79b1-53f3-afe7-b7495bde0220', 1, DEFAULT, DEFAULT), (420, '329b0bda-79b1-53f3-afe7-b7495bde0220', 2, DEFAULT, DEFAULT), (421, 'fc992b53-61aa-5185-8280-7863348ce734', 0, DEFAULT, DEFAULT), (422, 'fc992b53-61aa-5185-8280-7863348ce734', 1, DEFAULT, DEFAULT), (423, 'fc992b53-61aa-5185-8280-7863348ce734', 2, DEFAULT, DEFAULT), (424, 'e15f78fd-c85d-5196-b441-614f0f00a652', 0, DEFAULT, DEFAULT), (425, 'e15f78fd-c85d-5196-b441-614f0f00a652', 1, DEFAULT, DEFAULT), (426, 'e15f78fd-c85d-5196-b441-614f0f00a652', 2, DEFAULT, DEFAULT), (427, '27d28c73-d0c0-5545-a0d3-0f0fa8e1aca6', 0, DEFAULT, DEFAULT), (428, '27d28c73-d0c0-5545-a0d3-0f0fa8e1aca6', 1, DEFAULT, DEFAULT), (429, '27d28c73-d0c0-5545-a0d3-0f0fa8e1aca6', 2, DEFAULT, DEFAULT), (430, 'bc0ae162-e51f-5f29-b5b0-87887eac9c85', 0, DEFAULT, DEFAULT), (431, 'bc0ae162-e51f-5f29-b5b0-87887eac9c85', 1, DEFAULT, DEFAULT), (432, 'bc0ae162-e51f-5f29-b5b0-87887eac9c85', 2, DEFAULT, DEFAULT), (433, '23cfe397-d97e-55bf-af72-35043f52d2bb', 0, DEFAULT, DEFAULT), (434, '23cfe397-d97e-55bf-af72-35043f52d2bb', 1, DEFAULT, DEFAULT), (435, '23cfe397-d97e-55bf-af72-35043f52d2bb', 2, DEFAULT, DEFAULT), (436, '2135e4d6-4261-59ed-a63d-11a8a55ba0c0', 0, DEFAULT, DEFAULT), (437, '2135e4d6-4261-59ed-a63d-11a8a55ba0c0', 1, DEFAULT, DEFAULT), (438, '2135e4d6-4261-59ed-a63d-11a8a55ba0c0', 2, DEFAULT, DEFAULT), (439, '32ca2e92-cee8-58b4-beec-0fd9742bf2df', 0, DEFAULT, DEFAULT), (440, '32ca2e92-cee8-58b4-beec-0fd9742bf2df', 1, DEFAULT, DEFAULT), (441, '32ca2e92-cee8-58b4-beec-0fd9742bf2df', 2, DEFAULT, DEFAULT), (442, '69e335b1-cf42-5234-867f-fc3222ba0932', 0, DEFAULT, DEFAULT), (443, '69e335b1-cf42-5234-867f-fc3222ba0932', 1, DEFAULT, DEFAULT), (444, '69e335b1-cf42-5234-867f-fc3222ba0932', 2, DEFAULT, DEFAULT), (445, '4addfd63-7007-5913-b0c6-95e35fe44af0', 0, DEFAULT, DEFAULT), (446, '4addfd63-7007-5913-b0c6-95e35fe44af0', 1, DEFAULT, DEFAULT), (447, '4addfd63-7007-5913-b0c6-95e35fe44af0', 2, DEFAULT, DEFAULT), (448, '29e1da9c-3bfa-53c5-8780-7032cb48ed69', 0, DEFAULT, DEFAULT), (449, '29e1da9c-3bfa-53c5-8780-7032cb48ed69', 1, DEFAULT, DEFAULT), (450, '29e1da9c-3bfa-53c5-8780-7032cb48ed69', 2, DEFAULT, DEFAULT), (451, '0fe3263a-4b99-5049-afdd-8a29336988d1', 0, DEFAULT, DEFAULT), (452, '0fe3263a-4b99-5049-afdd-8a29336988d1', 1, DEFAULT, DEFAULT), (453, '0fe3263a-4b99-5049-afdd-8a29336988d1', 2, DEFAULT, DEFAULT), (454, 'de533318-8238-5b98-90fa-7923fbda78df', 0, DEFAULT, DEFAULT), (455, 'de533318-8238-5b98-90fa-7923fbda78df', 1, DEFAULT, DEFAULT), (456, 'de533318-8238-5b98-90fa-7923fbda78df', 2, DEFAULT, DEFAULT), (457, '91b0fe2a-8d53-5dfa-804e-dadbd5fed2f0', 0, DEFAULT, DEFAULT), (458, '91b0fe2a-8d53-5dfa-804e-dadbd5fed2f0', 1, DEFAULT, DEFAULT), (459, '91b0fe2a-8d53-5dfa-804e-dadbd5fed2f0', 2, DEFAULT, DEFAULT), (460, 'f2da91e9-e150-5eba-811a-769c8b464b2d', 0, DEFAULT, DEFAULT), (461, 'f2da91e9-e150-5eba-811a-769c8b464b2d', 1, DEFAULT, DEFAULT), (462, 'f2da91e9-e150-5eba-811a-769c8b464b2d', 2, DEFAULT, DEFAULT), (463, '830462ad-e07d-578c-9343-4c2f3f3f896d', 0, DEFAULT, DEFAULT), (464, '830462ad-e07d-578c-9343-4c2f3f3f896d', 1, DEFAULT, DEFAULT), (465, '830462ad-e07d-578c-9343-4c2f3f3f896d', 2, DEFAULT, DEFAULT), (466, 'e4d512a0-9012-54c8-a0de-d2cfb46cc4e7', 0, DEFAULT, DEFAULT), (467, 'e4d512a0-9012-54c8-a0de-d2cfb46cc4e7', 1, DEFAULT, DEFAULT), (468, 'e4d512a0-9012-54c8-a0de-d2cfb46cc4e7', 2, DEFAULT, DEFAULT), (469, '8fc4ec28-bbda-57ff-86ae-02acc462e7a3', 0, DEFAULT, DEFAULT), (470, '8fc4ec28-bbda-57ff-86ae-02acc462e7a3', 1, DEFAULT, DEFAULT), (471, '8fc4ec28-bbda-57ff-86ae-02acc462e7a3', 2, DEFAULT, DEFAULT), (472, '46cb3ac1-56db-5482-a77b-488299529f1c', 0, DEFAULT, DEFAULT), (473, '46cb3ac1-56db-5482-a77b-488299529f1c', 1, DEFAULT, DEFAULT), (474, '46cb3ac1-56db-5482-a77b-488299529f1c', 2, DEFAULT, DEFAULT), (475, 'ca6dab04-25c1-5208-bf77-9e5162704420', 0, DEFAULT, DEFAULT), (476, 'ca6dab04-25c1-5208-bf77-9e5162704420', 1, DEFAULT, DEFAULT), (477, 'ca6dab04-25c1-5208-bf77-9e5162704420', 2, DEFAULT, DEFAULT), (478, '54485efb-a52b-5ef1-8d37-32b22dc487d0', 0, DEFAULT, DEFAULT), (479, '54485efb-a52b-5ef1-8d37-32b22dc487d0', 1, DEFAULT, DEFAULT), (480, '54485efb-a52b-5ef1-8d37-32b22dc487d0', 2, DEFAULT, DEFAULT), (481, '1fa8fec1-5ed8-5fb9-afc2-a5a8eea61a64', 0, DEFAULT, DEFAULT), (482, '1fa8fec1-5ed8-5fb9-afc2-a5a8eea61a64', 1, DEFAULT, DEFAULT), (483, '1fa8fec1-5ed8-5fb9-afc2-a5a8eea61a64', 2, DEFAULT, DEFAULT), (484, '21212b38-5327-5020-9dc6-3fca09a6128f', 0, DEFAULT, DEFAULT), (485, '21212b38-5327-5020-9dc6-3fca09a6128f', 1, DEFAULT, DEFAULT), (486, '21212b38-5327-5020-9dc6-3fca09a6128f', 2, DEFAULT, DEFAULT), (487, 'b22cc198-1bf7-5cc9-b682-385ac5f11217', 0, DEFAULT, DEFAULT), (488, 'b22cc198-1bf7-5cc9-b682-385ac5f11217', 1, DEFAULT, DEFAULT), (489, 'b22cc198-1bf7-5cc9-b682-385ac5f11217', 2, DEFAULT, DEFAULT), (490, '07d77b7a-f8bb-53ab-8750-034a7dc2bcb0', 0, DEFAULT, DEFAULT), (491, '07d77b7a-f8bb-53ab-8750-034a7dc2bcb0', 1, DEFAULT, DEFAULT), (492, '07d77b7a-f8bb-53ab-8750-034a7dc2bcb0', 2, DEFAULT, DEFAULT), (493, 'f7f63dc3-d8b7-5f42-b802-636e4e3f43bb', 0, DEFAULT, DEFAULT), (494, 'f7f63dc3-d8b7-5f42-b802-636e4e3f43bb', 1, DEFAULT, DEFAULT), (495, 'f7f63dc3-d8b7-5f42-b802-636e4e3f43bb', 2, DEFAULT, DEFAULT), (496, 'a1dd34cc-747e-59d2-bb04-592165ee24b7', 0, DEFAULT, DEFAULT), (497, 'a1dd34cc-747e-59d2-bb04-592165ee24b7', 1, DEFAULT, DEFAULT), (498, 'a1dd34cc-747e-59d2-bb04-592165ee24b7', 2, DEFAULT, DEFAULT), (499, 'b111722b-fdf4-55f7-a1ea-183bf540f7e3', 0, DEFAULT, DEFAULT), (500, 'b111722b-fdf4-55f7-a1ea-183bf540f7e3', 1, DEFAULT, DEFAULT), (501, 'b111722b-fdf4-55f7-a1ea-183bf540f7e3', 2, DEFAULT, DEFAULT), (502, 'de288e5e-33f8-5b49-9dad-83fa7d46ac0d', 0, DEFAULT, DEFAULT), (503, 'de288e5e-33f8-5b49-9dad-83fa7d46ac0d', 1, DEFAULT, DEFAULT), (504, 'de288e5e-33f8-5b49-9dad-83fa7d46ac0d', 2, DEFAULT, DEFAULT), (505, 'f1ab7f2e-7a01-59f1-b811-78e3b78b40bc', 0, DEFAULT, DEFAULT), (506, 'f1ab7f2e-7a01-59f1-b811-78e3b78b40bc', 1, DEFAULT, DEFAULT), (507, 'f1ab7f2e-7a01-59f1-b811-78e3b78b40bc', 2, DEFAULT, DEFAULT), (508, 'e0783de7-ca51-5f0a-a7ac-8dcd533efd10', 0, DEFAULT, DEFAULT), (509, 'e0783de7-ca51-5f0a-a7ac-8dcd533efd10', 1, DEFAULT, DEFAULT), (510, 'e0783de7-ca51-5f0a-a7ac-8dcd533efd10', 2, DEFAULT, DEFAULT), (511, 'c3238b63-2dda-5915-8ca5-773255a1cfad', 0, DEFAULT, DEFAULT), (512, 'c3238b63-2dda-5915-8ca5-773255a1cfad', 1, DEFAULT, DEFAULT), (513, 'c3238b63-2dda-5915-8ca5-773255a1cfad', 2, DEFAULT, DEFAULT), (514, '7b1aca75-d87e-55c4-87f7-005fafbadfdb', 0, DEFAULT, DEFAULT), (515, '7b1aca75-d87e-55c4-87f7-005fafbadfdb', 1, DEFAULT, DEFAULT), (516, '7b1aca75-d87e-55c4-87f7-005fafbadfdb', 2, DEFAULT, DEFAULT), (517, '106d238e-2ba4-525c-8d85-994f8dfb2984', 0, DEFAULT, DEFAULT), (518, '106d238e-2ba4-525c-8d85-994f8dfb2984', 1, DEFAULT, DEFAULT), (519, '106d238e-2ba4-525c-8d85-994f8dfb2984', 2, DEFAULT, DEFAULT), (520, '72f05d50-2802-535d-af55-29384395d238', 0, DEFAULT, DEFAULT), (521, '72f05d50-2802-535d-af55-29384395d238', 1, DEFAULT, DEFAULT), (522, '72f05d50-2802-535d-af55-29384395d238', 2, DEFAULT, DEFAULT), (523, 'f914b2f3-d88a-52e4-ac43-1ef8cffb4d34', 0, DEFAULT, DEFAULT), (524, 'f914b2f3-d88a-52e4-ac43-1ef8cffb4d34', 1, DEFAULT, DEFAULT), (525, 'f914b2f3-d88a-52e4-ac43-1ef8cffb4d34', 2, DEFAULT, DEFAULT), (526, 'c620930b-8f59-50ae-bf46-b1a3aca28f0a', 0, DEFAULT, DEFAULT), (527, 'c620930b-8f59-50ae-bf46-b1a3aca28f0a', 1, DEFAULT, DEFAULT), (528, 'c620930b-8f59-50ae-bf46-b1a3aca28f0a', 2, DEFAULT, DEFAULT), (529, 'c78418ab-6a36-52f6-ad32-89289156138c', 0, DEFAULT, DEFAULT), (530, 'c78418ab-6a36-52f6-ad32-89289156138c', 1, DEFAULT, DEFAULT), (531, 'c78418ab-6a36-52f6-ad32-89289156138c', 2, DEFAULT, DEFAULT), (532, 'ed7bef30-09b5-5167-a122-9b398a76eaef', 0, DEFAULT, DEFAULT), (533, 'ed7bef30-09b5-5167-a122-9b398a76eaef', 1, DEFAULT, DEFAULT), (534, 'ed7bef30-09b5-5167-a122-9b398a76eaef', 2, DEFAULT, DEFAULT), (535, 'ecddf116-85cf-5aef-8c73-6e5963680c88', 0, DEFAULT, DEFAULT), (536, 'ecddf116-85cf-5aef-8c73-6e5963680c88', 1, DEFAULT, DEFAULT), (537, 'ecddf116-85cf-5aef-8c73-6e5963680c88', 2, DEFAULT, DEFAULT), (538, '5bb46529-9916-530c-88e4-31ac6d441591', 0, DEFAULT, DEFAULT), (539, '5bb46529-9916-530c-88e4-31ac6d441591', 1, DEFAULT, DEFAULT), (540, '5bb46529-9916-530c-88e4-31ac6d441591', 2, DEFAULT, DEFAULT), (541, '8b092693-9a40-5f6a-a57b-3c3e9f5288f7', 0, DEFAULT, DEFAULT), (542, '8b092693-9a40-5f6a-a57b-3c3e9f5288f7', 1, DEFAULT, DEFAULT), (543, '8b092693-9a40-5f6a-a57b-3c3e9f5288f7', 2, DEFAULT, DEFAULT), (544, '65d96d53-ecd8-5cb9-a3d4-a2842c9c629f', 0, DEFAULT, DEFAULT), (545, '65d96d53-ecd8-5cb9-a3d4-a2842c9c629f', 1, DEFAULT, DEFAULT), (546, '65d96d53-ecd8-5cb9-a3d4-a2842c9c629f', 2, DEFAULT, DEFAULT), (547, '672c681b-4325-56a5-8413-28facb838b89', 0, DEFAULT, DEFAULT), (548, '672c681b-4325-56a5-8413-28facb838b89', 1, DEFAULT, DEFAULT), (549, '672c681b-4325-56a5-8413-28facb838b89', 2, DEFAULT, DEFAULT), (550, '49d19d37-5ee3-59d0-a985-37b5b703ceb0', 0, DEFAULT, DEFAULT), (551, '49d19d37-5ee3-59d0-a985-37b5b703ceb0', 1, DEFAULT, DEFAULT), (552, '49d19d37-5ee3-59d0-a985-37b5b703ceb0', 2, DEFAULT, DEFAULT), (553, '66e9d7dd-018c-5299-8470-9f074683bd55', 0, DEFAULT, DEFAULT), (554, '66e9d7dd-018c-5299-8470-9f074683bd55', 1, DEFAULT, DEFAULT), (555, '66e9d7dd-018c-5299-8470-9f074683bd55', 2, DEFAULT, DEFAULT), (556, 'd4a93045-0519-5ae2-8bd3-51a7d07f2b97', 0, DEFAULT, DEFAULT), (557, 'd4a93045-0519-5ae2-8bd3-51a7d07f2b97', 1, DEFAULT, DEFAULT), (558, 'd4a93045-0519-5ae2-8bd3-51a7d07f2b97', 2, DEFAULT, DEFAULT), (559, 'b5bd1f0b-0be5-592a-87b7-65db36f2fa17', 0, DEFAULT, DEFAULT), (560, 'b5bd1f0b-0be5-592a-87b7-65db36f2fa17', 1, DEFAULT, DEFAULT), (561, 'b5bd1f0b-0be5-592a-87b7-65db36f2fa17', 2, DEFAULT, DEFAULT), (562, '902168ab-57a5-5714-b589-ecf1bd6d2517', 0, DEFAULT, DEFAULT), (563, '902168ab-57a5-5714-b589-ecf1bd6d2517', 1, DEFAULT, DEFAULT), (564, '902168ab-57a5-5714-b589-ecf1bd6d2517', 2, DEFAULT, DEFAULT), (565, '8e1b1af0-d36a-5958-9b32-c8f59e8edaf9', 0, DEFAULT, DEFAULT), (566, '8e1b1af0-d36a-5958-9b32-c8f59e8edaf9', 1, DEFAULT, DEFAULT), (567, '8e1b1af0-d36a-5958-9b32-c8f59e8edaf9', 2, DEFAULT, DEFAULT), (568, '9ca1e23a-7fd9-5be2-b14a-5f50a52fda0a', 0, DEFAULT, DEFAULT), (569, '9ca1e23a-7fd9-5be2-b14a-5f50a52fda0a', 1, DEFAULT, DEFAULT), (570, '9ca1e23a-7fd9-5be2-b14a-5f50a52fda0a', 2, DEFAULT, DEFAULT), (571, 'b458c0d2-4d21-597a-9d7c-522e47032d79', 0, DEFAULT, DEFAULT), (572, 'b458c0d2-4d21-597a-9d7c-522e47032d79', 1, DEFAULT, DEFAULT), (573, 'b458c0d2-4d21-597a-9d7c-522e47032d79', 2, DEFAULT, DEFAULT), (574, 'aeae5590-e6d3-5c02-8a1c-40a6bcf61bd6', 0, DEFAULT, DEFAULT), (575, 'aeae5590-e6d3-5c02-8a1c-40a6bcf61bd6', 1, DEFAULT, DEFAULT), (576, 'aeae5590-e6d3-5c02-8a1c-40a6bcf61bd6', 2, DEFAULT, DEFAULT), (577, 'e62ff15d-b4e8-5f8b-b8c8-56d105c9d705', 0, DEFAULT, DEFAULT), (578, 'e62ff15d-b4e8-5f8b-b8c8-56d105c9d705', 1, DEFAULT, DEFAULT), (579, 'e62ff15d-b4e8-5f8b-b8c8-56d105c9d705', 2, DEFAULT, DEFAULT), (580, '2650d5c8-a9d2-57ad-a70d-8c89cf994021', 0, DEFAULT, DEFAULT), (581, '2650d5c8-a9d2-57ad-a70d-8c89cf994021', 1, DEFAULT, DEFAULT), (582, '2650d5c8-a9d2-57ad-a70d-8c89cf994021', 2, DEFAULT, DEFAULT), (583, '57851dd8-0d7e-5b03-b70f-32940ae107ce', 0, DEFAULT, DEFAULT), (584, '57851dd8-0d7e-5b03-b70f-32940ae107ce', 1, DEFAULT, DEFAULT), (585, '57851dd8-0d7e-5b03-b70f-32940ae107ce', 2, DEFAULT, DEFAULT), (586, '0bb88883-c32b-547d-bac2-9dcbf9437722', 0, DEFAULT, DEFAULT), (587, '0bb88883-c32b-547d-bac2-9dcbf9437722', 1, DEFAULT, DEFAULT), (588, '0bb88883-c32b-547d-bac2-9dcbf9437722', 2, DEFAULT, DEFAULT), (589, 'f2096d39-9bcd-5cc9-af38-3924bad39e01', 0, DEFAULT, DEFAULT), (590, 'f2096d39-9bcd-5cc9-af38-3924bad39e01', 1, DEFAULT, DEFAULT), (591, 'f2096d39-9bcd-5cc9-af38-3924bad39e01', 2, DEFAULT, DEFAULT), (592, 'cdc85c53-30bc-5c6e-91cc-2af72696e64b', 0, DEFAULT, DEFAULT), (593, 'cdc85c53-30bc-5c6e-91cc-2af72696e64b', 1, DEFAULT, DEFAULT), (594, 'cdc85c53-30bc-5c6e-91cc-2af72696e64b', 2, DEFAULT, DEFAULT), (595, 'a0fe813c-8a2e-57ff-8950-530eb72350cc', 0, DEFAULT, DEFAULT), (596, 'a0fe813c-8a2e-57ff-8950-530eb72350cc', 1, DEFAULT, DEFAULT), (597, 'a0fe813c-8a2e-57ff-8950-530eb72350cc', 2, DEFAULT, DEFAULT), (598, '3dcb1c72-1f38-50a2-8a79-9f8b83862a0b', 0, DEFAULT, DEFAULT), (599, '3dcb1c72-1f38-50a2-8a79-9f8b83862a0b', 1, DEFAULT, DEFAULT), (600, '3dcb1c72-1f38-50a2-8a79-9f8b83862a0b', 2, DEFAULT, DEFAULT), (601, 'b529db67-e1b4-5e7d-9a32-267867bbcbad', 0, DEFAULT, DEFAULT), (602, 'b529db67-e1b4-5e7d-9a32-267867bbcbad', 1, DEFAULT, DEFAULT), (603, 'b529db67-e1b4-5e7d-9a32-267867bbcbad', 2, DEFAULT, DEFAULT), (604, '89b21cb6-fbf3-585a-b9c1-304fad97258b', 0, DEFAULT, DEFAULT), (605, '89b21cb6-fbf3-585a-b9c1-304fad97258b', 1, DEFAULT, DEFAULT), (606, '89b21cb6-fbf3-585a-b9c1-304fad97258b', 2, DEFAULT, DEFAULT), (607, '8af27ce1-15c1-5703-a4c5-07ea669df0c7', 0, DEFAULT, DEFAULT), (608, '8af27ce1-15c1-5703-a4c5-07ea669df0c7', 1, DEFAULT, DEFAULT), (609, '8af27ce1-15c1-5703-a4c5-07ea669df0c7', 2, DEFAULT, DEFAULT), (610, 'e9960db1-b450-5d20-820c-87fab4f40dc8', 0, DEFAULT, DEFAULT), (611, 'e9960db1-b450-5d20-820c-87fab4f40dc8', 1, DEFAULT, DEFAULT), (612, 'e9960db1-b450-5d20-820c-87fab4f40dc8', 2, DEFAULT, DEFAULT), (613, '2dd10f1f-4836-53b2-b2b6-ae71861e43d0', 0, DEFAULT, DEFAULT), (614, '2dd10f1f-4836-53b2-b2b6-ae71861e43d0', 1, DEFAULT, DEFAULT), (615, '2dd10f1f-4836-53b2-b2b6-ae71861e43d0', 2, DEFAULT, DEFAULT), (616, '09d4e842-df61-577d-8d06-00daf3b676e2', 0, DEFAULT, DEFAULT), (617, '09d4e842-df61-577d-8d06-00daf3b676e2', 1, DEFAULT, DEFAULT), (618, '09d4e842-df61-577d-8d06-00daf3b676e2', 2, DEFAULT, DEFAULT), (619, '6fe4789e-9a02-5c94-8c81-5bb4cffd7850', 0, DEFAULT, DEFAULT), (620, '6fe4789e-9a02-5c94-8c81-5bb4cffd7850', 1, DEFAULT, DEFAULT), (621, '6fe4789e-9a02-5c94-8c81-5bb4cffd7850', 2, DEFAULT, DEFAULT), (622, '62834a20-27ac-5894-8947-a4e2ffb67f5b', 0, DEFAULT, DEFAULT), (623, '62834a20-27ac-5894-8947-a4e2ffb67f5b', 1, DEFAULT, DEFAULT), (624, '62834a20-27ac-5894-8947-a4e2ffb67f5b', 2, DEFAULT, DEFAULT), (625, 'ce25e6d7-50b4-50c3-8210-685ee22346f3', 0, DEFAULT, DEFAULT), (626, 'ce25e6d7-50b4-50c3-8210-685ee22346f3', 1, DEFAULT, DEFAULT), (627, 'ce25e6d7-50b4-50c3-8210-685ee22346f3', 2, DEFAULT, DEFAULT), (628, 'a4e4a518-fb32-53bf-9d1c-f336f8cd8c45', 0, DEFAULT, DEFAULT), (629, 'a4e4a518-fb32-53bf-9d1c-f336f8cd8c45', 1, DEFAULT, DEFAULT), (630, 'a4e4a518-fb32-53bf-9d1c-f336f8cd8c45', 2, DEFAULT, DEFAULT), (631, 'd5862a76-70cd-55db-a302-365d7ec101f5', 0, DEFAULT, DEFAULT), (632, 'd5862a76-70cd-55db-a302-365d7ec101f5', 1, DEFAULT, DEFAULT), (633, 'd5862a76-70cd-55db-a302-365d7ec101f5', 2, DEFAULT, DEFAULT), (634, 'fff5567f-d4a5-542e-ba70-1119521ca0cb', 0, DEFAULT, DEFAULT), (635, 'fff5567f-d4a5-542e-ba70-1119521ca0cb', 1, DEFAULT, DEFAULT), (636, 'fff5567f-d4a5-542e-ba70-1119521ca0cb', 2, DEFAULT, DEFAULT), (637, '48abaf7b-d65e-5371-8d5f-1be4621911e6', 0, DEFAULT, DEFAULT), (638, '48abaf7b-d65e-5371-8d5f-1be4621911e6', 1, DEFAULT, DEFAULT), (639, '48abaf7b-d65e-5371-8d5f-1be4621911e6', 2, DEFAULT, DEFAULT), (640, '05b8ebd6-06e1-5ce6-85d9-1fda124d11b0', 0, DEFAULT, DEFAULT), (641, '05b8ebd6-06e1-5ce6-85d9-1fda124d11b0', 1, DEFAULT, DEFAULT), (642, '05b8ebd6-06e1-5ce6-85d9-1fda124d11b0', 2, DEFAULT, DEFAULT), (643, 'be5a4c70-a4ff-57c0-8c2c-437a6d77f25c', 0, DEFAULT, DEFAULT), (644, 'be5a4c70-a4ff-57c0-8c2c-437a6d77f25c', 1, DEFAULT, DEFAULT), (645, 'be5a4c70-a4ff-57c0-8c2c-437a6d77f25c', 2, DEFAULT, DEFAULT), (646, 'e6ff83af-5ec2-537d-b04b-784bd77a5871', 0, DEFAULT, DEFAULT), (647, 'e6ff83af-5ec2-537d-b04b-784bd77a5871', 1, DEFAULT, DEFAULT), (648, 'e6ff83af-5ec2-537d-b04b-784bd77a5871', 2, DEFAULT, DEFAULT), (649, 'dc9bffb4-1647-5c5d-8c1f-d89500e89900', 0, DEFAULT, DEFAULT), (650, 'dc9bffb4-1647-5c5d-8c1f-d89500e89900', 1, DEFAULT, DEFAULT), (651, 'dc9bffb4-1647-5c5d-8c1f-d89500e89900', 2, DEFAULT, DEFAULT), (652, 'ec767a01-17bb-518c-9633-78ebc8caded3', 0, DEFAULT, DEFAULT), (653, 'ec767a01-17bb-518c-9633-78ebc8caded3', 1, DEFAULT, DEFAULT), (654, 'ec767a01-17bb-518c-9633-78ebc8caded3', 2, DEFAULT, DEFAULT), (655, '6c642b40-bb15-55fa-9319-9c100d27adc7', 0, DEFAULT, DEFAULT), (656, '6c642b40-bb15-55fa-9319-9c100d27adc7', 1, DEFAULT, DEFAULT), (657, '6c642b40-bb15-55fa-9319-9c100d27adc7', 2, DEFAULT, DEFAULT), (658, '197f52e9-f9b3-54a3-a900-9ddcd2cd98d5', 0, DEFAULT, DEFAULT), (659, '197f52e9-f9b3-54a3-a900-9ddcd2cd98d5', 1, DEFAULT, DEFAULT), (660, '197f52e9-f9b3-54a3-a900-9ddcd2cd98d5', 2, DEFAULT, DEFAULT), (661, 'b239ffdb-847f-5400-b1f9-97e186ea36bc', 0, DEFAULT, DEFAULT), (662, 'b239ffdb-847f-5400-b1f9-97e186ea36bc', 1, DEFAULT, DEFAULT), (663, 'b239ffdb-847f-5400-b1f9-97e186ea36bc', 2, DEFAULT, DEFAULT), (664, 'c3124970-b58c-5748-8a01-4ba1d7466b2b', 0, DEFAULT, DEFAULT), (665, 'c3124970-b58c-5748-8a01-4ba1d7466b2b', 1, DEFAULT, DEFAULT), (666, 'c3124970-b58c-5748-8a01-4ba1d7466b2b', 2, DEFAULT, DEFAULT), (667, '2fbdef88-7d4a-5528-bb59-74f725709563', 0, DEFAULT, DEFAULT), (668, '2fbdef88-7d4a-5528-bb59-74f725709563', 1, DEFAULT, DEFAULT), (669, '2fbdef88-7d4a-5528-bb59-74f725709563', 2, DEFAULT, DEFAULT), (670, 'a03637de-3a86-5f2c-a9a1-71bb222f301f', 0, DEFAULT, DEFAULT), (671, 'a03637de-3a86-5f2c-a9a1-71bb222f301f', 1, DEFAULT, DEFAULT), (672, 'a03637de-3a86-5f2c-a9a1-71bb222f301f', 2, DEFAULT, DEFAULT), (673, '536d5b0c-dc7c-598f-8fa0-b21c4cd85d48', 0, DEFAULT, DEFAULT), (674, '536d5b0c-dc7c-598f-8fa0-b21c4cd85d48', 1, DEFAULT, DEFAULT), (675, '536d5b0c-dc7c-598f-8fa0-b21c4cd85d48', 2, DEFAULT, DEFAULT), (676, 'f04b6b4b-d5ea-517f-8a7d-71713980487c', 0, DEFAULT, DEFAULT), (677, 'f04b6b4b-d5ea-517f-8a7d-71713980487c', 1, DEFAULT, DEFAULT), (678, 'f04b6b4b-d5ea-517f-8a7d-71713980487c', 2, DEFAULT, DEFAULT), (679, '363e1d5b-f7b0-5ee0-a43a-f471f9cf9338', 0, DEFAULT, DEFAULT), (680, '363e1d5b-f7b0-5ee0-a43a-f471f9cf9338', 1, DEFAULT, DEFAULT), (681, '363e1d5b-f7b0-5ee0-a43a-f471f9cf9338', 2, DEFAULT, DEFAULT), (682, 'edcc2203-6787-52aa-bc0b-a6dcc59388be', 0, DEFAULT, DEFAULT), (683, 'edcc2203-6787-52aa-bc0b-a6dcc59388be', 1, DEFAULT, DEFAULT), (684, 'edcc2203-6787-52aa-bc0b-a6dcc59388be', 2, DEFAULT, DEFAULT), (685, '474b1c92-271b-5e78-878e-3e82398a6e7c', 0, DEFAULT, DEFAULT), (686, '474b1c92-271b-5e78-878e-3e82398a6e7c', 1, DEFAULT, DEFAULT), (687, '474b1c92-271b-5e78-878e-3e82398a6e7c', 2, DEFAULT, DEFAULT), (688, '8997d96a-4a2f-5fcd-a0a2-88e875f8bba7', 0, DEFAULT, DEFAULT), (689, '8997d96a-4a2f-5fcd-a0a2-88e875f8bba7', 1, DEFAULT, DEFAULT), (690, '8997d96a-4a2f-5fcd-a0a2-88e875f8bba7', 2, DEFAULT, DEFAULT), (691, 'f61f0c83-60cb-5fa8-a27a-67e606b63adb', 0, DEFAULT, DEFAULT), (692, 'f61f0c83-60cb-5fa8-a27a-67e606b63adb', 1, DEFAULT, DEFAULT), (693, 'f61f0c83-60cb-5fa8-a27a-67e606b63adb', 2, DEFAULT, DEFAULT), (694, '30d213ab-4615-5d8b-abee-5b4875c8bfdf', 0, DEFAULT, DEFAULT), (695, '30d213ab-4615-5d8b-abee-5b4875c8bfdf', 1, DEFAULT, DEFAULT), (696, '30d213ab-4615-5d8b-abee-5b4875c8bfdf', 2, DEFAULT, DEFAULT), (697, '7d042aff-1b5b-531f-917f-48f2d58d33c7', 0, DEFAULT, DEFAULT), (698, '7d042aff-1b5b-531f-917f-48f2d58d33c7', 1, DEFAULT, DEFAULT), (699, '7d042aff-1b5b-531f-917f-48f2d58d33c7', 2, DEFAULT, DEFAULT), (700, '30e1e77d-2bcf-5591-97ec-d99bd552d8f0', 0, DEFAULT, DEFAULT), (701, '30e1e77d-2bcf-5591-97ec-d99bd552d8f0', 1, DEFAULT, DEFAULT), (702, '30e1e77d-2bcf-5591-97ec-d99bd552d8f0', 2, DEFAULT, DEFAULT), (703, 'd53a4a7c-125e-52cd-8ba3-aa3916f71140', 0, DEFAULT, DEFAULT), (704, 'd53a4a7c-125e-52cd-8ba3-aa3916f71140', 1, DEFAULT, DEFAULT), (705, 'd53a4a7c-125e-52cd-8ba3-aa3916f71140', 2, DEFAULT, DEFAULT), (706, '47f797b2-50c1-56af-abe6-0081dabe5efd', 0, DEFAULT, DEFAULT), (707, '47f797b2-50c1-56af-abe6-0081dabe5efd', 1, DEFAULT, DEFAULT), (708, '47f797b2-50c1-56af-abe6-0081dabe5efd', 2, DEFAULT, DEFAULT), (709, '3ebbec39-d360-5461-b442-70abf723c8b8', 0, DEFAULT, DEFAULT), (710, '3ebbec39-d360-5461-b442-70abf723c8b8', 1, DEFAULT, DEFAULT), (711, '3ebbec39-d360-5461-b442-70abf723c8b8', 2, DEFAULT, DEFAULT), (712, '3821efb6-356e-53bd-8a0b-239426475be5', 0, DEFAULT, DEFAULT), (713, '3821efb6-356e-53bd-8a0b-239426475be5', 1, DEFAULT, DEFAULT), (714, '3821efb6-356e-53bd-8a0b-239426475be5', 2, DEFAULT, DEFAULT), (715, 'f62571e6-585e-5709-b04e-861b7f3db2d2', 0, DEFAULT, DEFAULT), (716, 'f62571e6-585e-5709-b04e-861b7f3db2d2', 1, DEFAULT, DEFAULT), (717, 'f62571e6-585e-5709-b04e-861b7f3db2d2', 2, DEFAULT, DEFAULT), (718, 'f706ef0d-b4c8-54ee-ba4a-8f6af14717f8', 0, DEFAULT, DEFAULT), (719, 'f706ef0d-b4c8-54ee-ba4a-8f6af14717f8', 1, DEFAULT, DEFAULT), (720, 'f706ef0d-b4c8-54ee-ba4a-8f6af14717f8', 2, DEFAULT, DEFAULT), (721, 'da6a602b-9dc0-5e13-87e9-323f368838a2', 0, DEFAULT, DEFAULT), (722, 'da6a602b-9dc0-5e13-87e9-323f368838a2', 1, DEFAULT, DEFAULT), (723, 'da6a602b-9dc0-5e13-87e9-323f368838a2', 2, DEFAULT, DEFAULT), (724, 'ae022a2e-97fe-53d7-ace2-f700a65995e2', 0, DEFAULT, DEFAULT), (725, 'ae022a2e-97fe-53d7-ace2-f700a65995e2', 1, DEFAULT, DEFAULT), (726, 'ae022a2e-97fe-53d7-ace2-f700a65995e2', 2, DEFAULT, DEFAULT), (727, '7f27719e-c551-5cfa-ab24-3e6a917bc77f', 0, DEFAULT, DEFAULT), (728, '7f27719e-c551-5cfa-ab24-3e6a917bc77f', 1, DEFAULT, DEFAULT), (729, '7f27719e-c551-5cfa-ab24-3e6a917bc77f', 2, DEFAULT, DEFAULT), (730, 'a7afe8c7-8469-5a59-9246-cc18b3ce4b7b', 0, DEFAULT, DEFAULT), (731, 'a7afe8c7-8469-5a59-9246-cc18b3ce4b7b', 1, DEFAULT, DEFAULT), (732, 'a7afe8c7-8469-5a59-9246-cc18b3ce4b7b', 2, DEFAULT, DEFAULT), (733, '8111ec5f-e01a-5ad1-b89a-b7a64419e202', 0, DEFAULT, DEFAULT), (734, '8111ec5f-e01a-5ad1-b89a-b7a64419e202', 1, DEFAULT, DEFAULT), (735, '8111ec5f-e01a-5ad1-b89a-b7a64419e202', 2, DEFAULT, DEFAULT), (736, 'af41c136-c26c-5e1c-81f1-2d9f923ca606', 0, DEFAULT, DEFAULT), (737, 'af41c136-c26c-5e1c-81f1-2d9f923ca606', 1, DEFAULT, DEFAULT), (738, 'af41c136-c26c-5e1c-81f1-2d9f923ca606', 2, DEFAULT, DEFAULT), (739, '7594efe5-aff1-5874-a5ed-4a9edc7b66bf', 0, DEFAULT, DEFAULT), (740, '7594efe5-aff1-5874-a5ed-4a9edc7b66bf', 1, DEFAULT, DEFAULT), (741, '7594efe5-aff1-5874-a5ed-4a9edc7b66bf', 2, DEFAULT, DEFAULT), (742, 'ee2f9514-a689-5e06-84f0-7f27b56a3774', 0, DEFAULT, DEFAULT), (743, 'ee2f9514-a689-5e06-84f0-7f27b56a3774', 1, DEFAULT, DEFAULT), (744, 'ee2f9514-a689-5e06-84f0-7f27b56a3774', 2, DEFAULT, DEFAULT), (745, '59ac239c-144e-5ca7-b3e8-b97418726740', 0, DEFAULT, DEFAULT), (746, '59ac239c-144e-5ca7-b3e8-b97418726740', 1, DEFAULT, DEFAULT), (747, '59ac239c-144e-5ca7-b3e8-b97418726740', 2, DEFAULT, DEFAULT), (748, '7992b22f-6c16-50ae-ae54-fd84bedb78e7', 0, DEFAULT, DEFAULT), (749, '7992b22f-6c16-50ae-ae54-fd84bedb78e7', 1, DEFAULT, DEFAULT), (750, '7992b22f-6c16-50ae-ae54-fd84bedb78e7', 2, DEFAULT, DEFAULT), (751, 'eeb6a56c-bf20-5164-a9c4-2438947a1635', 0, DEFAULT, DEFAULT), (752, 'eeb6a56c-bf20-5164-a9c4-2438947a1635', 1, DEFAULT, DEFAULT), (753, 'eeb6a56c-bf20-5164-a9c4-2438947a1635', 2, DEFAULT, DEFAULT), (754, 'ba263b84-62af-5be6-a1da-34f8a9b1c708', 0, DEFAULT, DEFAULT), (755, 'ba263b84-62af-5be6-a1da-34f8a9b1c708', 1, DEFAULT, DEFAULT), (756, 'ba263b84-62af-5be6-a1da-34f8a9b1c708', 2, DEFAULT, DEFAULT), (757, '0eda511d-00fb-5edd-a94c-61620ced28e5', 0, DEFAULT, DEFAULT), (758, '0eda511d-00fb-5edd-a94c-61620ced28e5', 1, DEFAULT, DEFAULT), (759, '0eda511d-00fb-5edd-a94c-61620ced28e5', 2, DEFAULT, DEFAULT), (760, '4a82ca5f-1296-51b0-9319-05459a439c92', 0, DEFAULT, DEFAULT), (761, '4a82ca5f-1296-51b0-9319-05459a439c92', 1, DEFAULT, DEFAULT), (762, '4a82ca5f-1296-51b0-9319-05459a439c92', 2, DEFAULT, DEFAULT), (763, '230e6990-91f4-5dc7-b6bc-229a44985e25', 0, DEFAULT, DEFAULT), (764, '230e6990-91f4-5dc7-b6bc-229a44985e25', 1, DEFAULT, DEFAULT), (765, '230e6990-91f4-5dc7-b6bc-229a44985e25', 2, DEFAULT, DEFAULT), (766, '01a97da4-f21e-511b-9160-a834d5d7f82e', 0, DEFAULT, DEFAULT), (767, '01a97da4-f21e-511b-9160-a834d5d7f82e', 1, DEFAULT, DEFAULT), (768, '01a97da4-f21e-511b-9160-a834d5d7f82e', 2, DEFAULT, DEFAULT), (769, '1c5613fb-a627-5391-a9ff-0cc49d9b395b', 0, DEFAULT, DEFAULT), (770, '1c5613fb-a627-5391-a9ff-0cc49d9b395b', 1, DEFAULT, DEFAULT), (771, '1c5613fb-a627-5391-a9ff-0cc49d9b395b', 2, DEFAULT, DEFAULT), (772, '69b55afa-a769-5eae-849b-0607118f6f38', 0, DEFAULT, DEFAULT), (773, '69b55afa-a769-5eae-849b-0607118f6f38', 1, DEFAULT, DEFAULT), (774, '69b55afa-a769-5eae-849b-0607118f6f38', 2, DEFAULT, DEFAULT), (775, '5653d3f7-e466-5b59-9cc7-02634d975655', 0, DEFAULT, DEFAULT), (776, '5653d3f7-e466-5b59-9cc7-02634d975655', 1, DEFAULT, DEFAULT), (777, '5653d3f7-e466-5b59-9cc7-02634d975655', 2, DEFAULT, DEFAULT), (778, '11917a47-b89e-5663-8d37-049fe2bf5b34', 0, DEFAULT, DEFAULT), (779, '11917a47-b89e-5663-8d37-049fe2bf5b34', 1, DEFAULT, DEFAULT), (780, '11917a47-b89e-5663-8d37-049fe2bf5b34', 2, DEFAULT, DEFAULT), (781, 'c68ff46b-b1a9-581e-aa43-737e3b976580', 0, DEFAULT, DEFAULT), (782, 'c68ff46b-b1a9-581e-aa43-737e3b976580', 1, DEFAULT, DEFAULT), (783, 'c68ff46b-b1a9-581e-aa43-737e3b976580', 2, DEFAULT, DEFAULT), (784, 'e8d13e33-32bc-5c1a-9371-8f828965d869', 0, DEFAULT, DEFAULT), (785, 'e8d13e33-32bc-5c1a-9371-8f828965d869', 1, DEFAULT, DEFAULT), (786, 'e8d13e33-32bc-5c1a-9371-8f828965d869', 2, DEFAULT, DEFAULT), (787, '79cca71d-1dd7-5b78-9e31-229bb9872504', 0, DEFAULT, DEFAULT), (788, '79cca71d-1dd7-5b78-9e31-229bb9872504', 1, DEFAULT, DEFAULT), (789, '79cca71d-1dd7-5b78-9e31-229bb9872504', 2, DEFAULT, DEFAULT), (790, 'cdf1b1e3-61cd-52e6-b86e-eec98ea71e23', 0, DEFAULT, DEFAULT), (791, 'cdf1b1e3-61cd-52e6-b86e-eec98ea71e23', 1, DEFAULT, DEFAULT), (792, 'cdf1b1e3-61cd-52e6-b86e-eec98ea71e23', 2, DEFAULT, DEFAULT), (793, '98ea8abd-4f3f-5750-b436-afb8aa79fb82', 0, DEFAULT, DEFAULT), (794, '98ea8abd-4f3f-5750-b436-afb8aa79fb82', 1, DEFAULT, DEFAULT), (795, '98ea8abd-4f3f-5750-b436-afb8aa79fb82', 2, DEFAULT, DEFAULT), (796, 'bc227bd7-3214-5075-bca0-3f60046ac216', 0, DEFAULT, DEFAULT), (797, 'bc227bd7-3214-5075-bca0-3f60046ac216', 1, DEFAULT, DEFAULT), (798, 'bc227bd7-3214-5075-bca0-3f60046ac216', 2, DEFAULT, DEFAULT), (799, '8fd84214-96a6-5d6c-8437-0646145f15a1', 0, DEFAULT, DEFAULT), (800, '8fd84214-96a6-5d6c-8437-0646145f15a1', 1, DEFAULT, DEFAULT), (801, '8fd84214-96a6-5d6c-8437-0646145f15a1', 2, DEFAULT, DEFAULT), (802, '7b269807-4fdc-5847-8a5c-807ffa02f953', 0, DEFAULT, DEFAULT), (803, '7b269807-4fdc-5847-8a5c-807ffa02f953', 1, DEFAULT, DEFAULT), (804, '7b269807-4fdc-5847-8a5c-807ffa02f953', 2, DEFAULT, DEFAULT), (805, 'cf8258c4-f278-5c75-a944-c2bcba526ad4', 0, DEFAULT, DEFAULT), (806, 'cf8258c4-f278-5c75-a944-c2bcba526ad4', 1, DEFAULT, DEFAULT), (807, 'cf8258c4-f278-5c75-a944-c2bcba526ad4', 2, DEFAULT, DEFAULT), (808, '2e51b4b0-68ac-5e21-94a2-b7afb1b16016', 0, DEFAULT, DEFAULT), (809, '2e51b4b0-68ac-5e21-94a2-b7afb1b16016', 1, DEFAULT, DEFAULT), (810, '2e51b4b0-68ac-5e21-94a2-b7afb1b16016', 2, DEFAULT, DEFAULT), (811, '6e9d8d45-1d4b-5cdd-92c5-76194015ba99', 0, DEFAULT, DEFAULT), (812, '6e9d8d45-1d4b-5cdd-92c5-76194015ba99', 1, DEFAULT, DEFAULT), (813, '6e9d8d45-1d4b-5cdd-92c5-76194015ba99', 2, DEFAULT, DEFAULT), (814, 'fac7e894-3f38-5663-bc98-486c88732ea4', 0, DEFAULT, DEFAULT), (815, 'fac7e894-3f38-5663-bc98-486c88732ea4', 1, DEFAULT, DEFAULT), (816, 'fac7e894-3f38-5663-bc98-486c88732ea4', 2, DEFAULT, DEFAULT), (817, '7d360079-2c18-5c6d-a1b8-85eb411ace3d', 0, DEFAULT, DEFAULT), (818, '7d360079-2c18-5c6d-a1b8-85eb411ace3d', 1, DEFAULT, DEFAULT), (819, '7d360079-2c18-5c6d-a1b8-85eb411ace3d', 2, DEFAULT, DEFAULT), (820, 'be194c18-6eee-5ff6-a117-608bade8a86e', 0, DEFAULT, DEFAULT), (821, 'be194c18-6eee-5ff6-a117-608bade8a86e', 1, DEFAULT, DEFAULT), (822, 'be194c18-6eee-5ff6-a117-608bade8a86e', 2, DEFAULT, DEFAULT), (823, '74297878-a21d-59b7-aced-265d4a9f30fa', 0, DEFAULT, DEFAULT), (824, '74297878-a21d-59b7-aced-265d4a9f30fa', 1, DEFAULT, DEFAULT), (825, '74297878-a21d-59b7-aced-265d4a9f30fa', 2, DEFAULT, DEFAULT), (826, 'a0c5fdb3-1581-541b-b560-7473e0935643', 0, DEFAULT, DEFAULT), (827, 'a0c5fdb3-1581-541b-b560-7473e0935643', 1, DEFAULT, DEFAULT), (828, 'a0c5fdb3-1581-541b-b560-7473e0935643', 2, DEFAULT, DEFAULT), (829, '5bf01130-69dd-5547-acc0-717bf1395fda', 0, DEFAULT, DEFAULT), (830, '5bf01130-69dd-5547-acc0-717bf1395fda', 1, DEFAULT, DEFAULT), (831, '5bf01130-69dd-5547-acc0-717bf1395fda', 2, DEFAULT, DEFAULT), (832, '1e052062-4999-589c-af48-bc4a3df69d05', 0, DEFAULT, DEFAULT), (833, '1e052062-4999-589c-af48-bc4a3df69d05', 1, DEFAULT, DEFAULT), (834, '1e052062-4999-589c-af48-bc4a3df69d05', 2, DEFAULT, DEFAULT), (835, '38b49ca8-b50c-5e98-af9e-9c3898d28f8f', 0, DEFAULT, DEFAULT), (836, '38b49ca8-b50c-5e98-af9e-9c3898d28f8f', 1, DEFAULT, DEFAULT), (837, '38b49ca8-b50c-5e98-af9e-9c3898d28f8f', 2, DEFAULT, DEFAULT), (838, '9b261f2f-f0b0-57c3-9c3a-156a89bfc9aa', 0, DEFAULT, DEFAULT), (839, '9b261f2f-f0b0-57c3-9c3a-156a89bfc9aa', 1, DEFAULT, DEFAULT), (840, '9b261f2f-f0b0-57c3-9c3a-156a89bfc9aa', 2, DEFAULT, DEFAULT), (841, '2d9d0644-e0d8-5f5d-84c2-071cd2c099ce', 0, DEFAULT, DEFAULT), (842, '2d9d0644-e0d8-5f5d-84c2-071cd2c099ce', 1, DEFAULT, DEFAULT), (843, '2d9d0644-e0d8-5f5d-84c2-071cd2c099ce', 2, DEFAULT, DEFAULT), (844, 'b8c7a039-d039-57f7-bd1e-253b05ef8c03', 0, DEFAULT, DEFAULT), (845, 'b8c7a039-d039-57f7-bd1e-253b05ef8c03', 1, DEFAULT, DEFAULT), (846, 'b8c7a039-d039-57f7-bd1e-253b05ef8c03', 2, DEFAULT, DEFAULT), (847, '110d19c8-9e0d-5f75-a721-b94eb9080526', 0, DEFAULT, DEFAULT), (848, '110d19c8-9e0d-5f75-a721-b94eb9080526', 1, DEFAULT, DEFAULT), (849, '110d19c8-9e0d-5f75-a721-b94eb9080526', 2, DEFAULT, DEFAULT), (850, '09923517-e55a-5deb-98cb-d64b27c0ab72', 0, DEFAULT, DEFAULT), (851, '09923517-e55a-5deb-98cb-d64b27c0ab72', 1, DEFAULT, DEFAULT), (852, '09923517-e55a-5deb-98cb-d64b27c0ab72', 2, DEFAULT, DEFAULT), (853, 'e5bd85d5-1f62-5598-9176-4bfd393badbe', 0, DEFAULT, DEFAULT), (854, 'e5bd85d5-1f62-5598-9176-4bfd393badbe', 1, DEFAULT, DEFAULT), (855, 'e5bd85d5-1f62-5598-9176-4bfd393badbe', 2, DEFAULT, DEFAULT), (856, 'e8eb7547-d359-5d88-afb0-cca98349d023', 0, DEFAULT, DEFAULT), (857, 'e8eb7547-d359-5d88-afb0-cca98349d023', 1, DEFAULT, DEFAULT), (858, 'e8eb7547-d359-5d88-afb0-cca98349d023', 2, DEFAULT, DEFAULT), (859, '0e4135c9-4c74-5717-9ee1-cbbb37873838', 0, DEFAULT, DEFAULT), (860, '0e4135c9-4c74-5717-9ee1-cbbb37873838', 1, DEFAULT, DEFAULT), (861, '0e4135c9-4c74-5717-9ee1-cbbb37873838', 2, DEFAULT, DEFAULT), (862, 'eb9d24ec-f15e-5e4f-870e-dd537efcd168', 0, DEFAULT, DEFAULT), (863, 'eb9d24ec-f15e-5e4f-870e-dd537efcd168', 1, DEFAULT, DEFAULT), (864, 'eb9d24ec-f15e-5e4f-870e-dd537efcd168', 2, DEFAULT, DEFAULT), (865, '688a2e3c-848e-5787-bd83-705a15229924', 0, DEFAULT, DEFAULT), (866, '688a2e3c-848e-5787-bd83-705a15229924', 1, DEFAULT, DEFAULT), (867, '688a2e3c-848e-5787-bd83-705a15229924', 2, DEFAULT, DEFAULT), (868, 'a042a037-2e40-50ce-ae48-3f063c3067bb', 0, DEFAULT, DEFAULT), (869, 'a042a037-2e40-50ce-ae48-3f063c3067bb', 1, DEFAULT, DEFAULT), (870, 'a042a037-2e40-50ce-ae48-3f063c3067bb', 2, DEFAULT, DEFAULT), (871, 'cb4eaa5a-1f18-571e-9566-4c1753ad9134', 0, DEFAULT, DEFAULT), (872, 'cb4eaa5a-1f18-571e-9566-4c1753ad9134', 1, DEFAULT, DEFAULT), (873, 'cb4eaa5a-1f18-571e-9566-4c1753ad9134', 2, DEFAULT, DEFAULT), (874, '2076216c-1b19-5f7f-b10d-db3cae2b4567', 0, DEFAULT, DEFAULT), (875, '2076216c-1b19-5f7f-b10d-db3cae2b4567', 1, DEFAULT, DEFAULT), (876, '2076216c-1b19-5f7f-b10d-db3cae2b4567', 2, DEFAULT, DEFAULT), (877, 'a0bd7980-cac4-5ded-adc5-004548282723', 0, DEFAULT, DEFAULT), (878, 'a0bd7980-cac4-5ded-adc5-004548282723', 1, DEFAULT, DEFAULT), (879, 'a0bd7980-cac4-5ded-adc5-004548282723', 2, DEFAULT, DEFAULT), (880, 'e94657cc-5d4a-53ce-8902-19b99712c3c6', 0, DEFAULT, DEFAULT), (881, 'e94657cc-5d4a-53ce-8902-19b99712c3c6', 1, DEFAULT, DEFAULT), (882, 'e94657cc-5d4a-53ce-8902-19b99712c3c6', 2, DEFAULT, DEFAULT), (883, 'cdee6d23-791e-5a74-aba4-6e6c1b3863e7', 0, DEFAULT, DEFAULT), (884, 'cdee6d23-791e-5a74-aba4-6e6c1b3863e7', 1, DEFAULT, DEFAULT), (885, 'cdee6d23-791e-5a74-aba4-6e6c1b3863e7', 2, DEFAULT, DEFAULT), (886, 'd5a4641d-8cbb-5fd0-89e3-ac12979b690c', 0, DEFAULT, DEFAULT), (887, 'd5a4641d-8cbb-5fd0-89e3-ac12979b690c', 1, DEFAULT, DEFAULT), (888, 'd5a4641d-8cbb-5fd0-89e3-ac12979b690c', 2, DEFAULT, DEFAULT), (889, 'ab58f5b2-4308-5685-a477-a4b54637b2a0', 0, DEFAULT, DEFAULT), (890, 'ab58f5b2-4308-5685-a477-a4b54637b2a0', 1, DEFAULT, DEFAULT), (891, 'ab58f5b2-4308-5685-a477-a4b54637b2a0', 2, DEFAULT, DEFAULT), (892, '025da8e7-6d47-53be-9689-b0604284733b', 0, DEFAULT, DEFAULT), (893, '025da8e7-6d47-53be-9689-b0604284733b', 1, DEFAULT, DEFAULT), (894, '025da8e7-6d47-53be-9689-b0604284733b', 2, DEFAULT, DEFAULT), (895, 'cfc01e92-0e9c-5f58-b116-ac73af2ff344', 0, DEFAULT, DEFAULT), (896, 'cfc01e92-0e9c-5f58-b116-ac73af2ff344', 1, DEFAULT, DEFAULT), (897, 'cfc01e92-0e9c-5f58-b116-ac73af2ff344', 2, DEFAULT, DEFAULT), (898, '6c7a0737-5d09-56f1-9a60-9ca811b68d40', 0, DEFAULT, DEFAULT), (899, '6c7a0737-5d09-56f1-9a60-9ca811b68d40', 1, DEFAULT, DEFAULT), (900, '6c7a0737-5d09-56f1-9a60-9ca811b68d40', 2, DEFAULT, DEFAULT), (901, 'b74b781d-f3ca-5ce2-a262-c20f23455d05', 0, DEFAULT, DEFAULT), (902, 'b74b781d-f3ca-5ce2-a262-c20f23455d05', 1, DEFAULT, DEFAULT), (903, 'b74b781d-f3ca-5ce2-a262-c20f23455d05', 2, DEFAULT, DEFAULT), (904, 'ae76c1cf-66c9-5bf7-8fc8-d1e1260ab8bd', 0, DEFAULT, DEFAULT), (905, 'ae76c1cf-66c9-5bf7-8fc8-d1e1260ab8bd', 1, DEFAULT, DEFAULT), (906, 'ae76c1cf-66c9-5bf7-8fc8-d1e1260ab8bd', 2, DEFAULT, DEFAULT), (907, '3267d96d-4a33-5c13-9ef8-eb9652f76262', 0, DEFAULT, DEFAULT), (908, '3267d96d-4a33-5c13-9ef8-eb9652f76262', 1, DEFAULT, DEFAULT), (909, '3267d96d-4a33-5c13-9ef8-eb9652f76262', 2, DEFAULT, DEFAULT), (910, '272ce823-3f81-5671-93a8-93655178aa67', 0, DEFAULT, DEFAULT), (911, '272ce823-3f81-5671-93a8-93655178aa67', 1, DEFAULT, DEFAULT), (912, '272ce823-3f81-5671-93a8-93655178aa67', 2, DEFAULT, DEFAULT), (913, '0cd365ac-6479-5889-b532-b02ce5d93b9f', 0, DEFAULT, DEFAULT), (914, '0cd365ac-6479-5889-b532-b02ce5d93b9f', 1, DEFAULT, DEFAULT), (915, '0cd365ac-6479-5889-b532-b02ce5d93b9f', 2, DEFAULT, DEFAULT), (916, 'd1c31a1f-140d-5b01-95f7-3fc15003186c', 0, DEFAULT, DEFAULT), (917, 'd1c31a1f-140d-5b01-95f7-3fc15003186c', 1, DEFAULT, DEFAULT), (918, 'd1c31a1f-140d-5b01-95f7-3fc15003186c', 2, DEFAULT, DEFAULT), (919, '139e14ed-bbf1-5d48-a6cc-84c72c891164', 0, DEFAULT, DEFAULT), (920, '139e14ed-bbf1-5d48-a6cc-84c72c891164', 1, DEFAULT, DEFAULT), (921, '139e14ed-bbf1-5d48-a6cc-84c72c891164', 2, DEFAULT, DEFAULT), (922, '586f1ac8-f524-5f8c-88e2-184c02d5ef6d', 0, DEFAULT, DEFAULT), (923, '586f1ac8-f524-5f8c-88e2-184c02d5ef6d', 1, DEFAULT, DEFAULT), (924, '586f1ac8-f524-5f8c-88e2-184c02d5ef6d', 2, DEFAULT, DEFAULT), (925, '62075432-2441-5ae8-a3d3-0c53f1490707', 0, DEFAULT, DEFAULT), (926, '62075432-2441-5ae8-a3d3-0c53f1490707', 1, DEFAULT, DEFAULT), (927, '62075432-2441-5ae8-a3d3-0c53f1490707', 2, DEFAULT, DEFAULT), (928, '7e2a3012-f429-5959-8e79-e27f888f9ce7', 0, DEFAULT, DEFAULT), (929, '7e2a3012-f429-5959-8e79-e27f888f9ce7', 1, DEFAULT, DEFAULT), (930, '7e2a3012-f429-5959-8e79-e27f888f9ce7', 2, DEFAULT, DEFAULT), (931, 'b8821e56-73f0-54d5-b485-728d64492250', 0, DEFAULT, DEFAULT), (932, 'b8821e56-73f0-54d5-b485-728d64492250', 1, DEFAULT, DEFAULT), (933, 'b8821e56-73f0-54d5-b485-728d64492250', 2, DEFAULT, DEFAULT), (934, '41c6ea7f-18a9-55e6-b2ba-f0f4f40a17bf', 0, DEFAULT, DEFAULT), (935, '41c6ea7f-18a9-55e6-b2ba-f0f4f40a17bf', 1, DEFAULT, DEFAULT), (936, '41c6ea7f-18a9-55e6-b2ba-f0f4f40a17bf', 2, DEFAULT, DEFAULT), (937, '6071eb55-6bca-516b-b2e7-cdcdc70b2f27', 0, DEFAULT, DEFAULT), (938, '6071eb55-6bca-516b-b2e7-cdcdc70b2f27', 1, DEFAULT, DEFAULT), (939, '6071eb55-6bca-516b-b2e7-cdcdc70b2f27', 2, DEFAULT, DEFAULT), (940, 'd7cdb9d2-07a6-5208-bc43-84429587c78d', 0, DEFAULT, DEFAULT), (941, 'd7cdb9d2-07a6-5208-bc43-84429587c78d', 1, DEFAULT, DEFAULT), (942, 'd7cdb9d2-07a6-5208-bc43-84429587c78d', 2, DEFAULT, DEFAULT), (943, 'edba76b8-16c2-5d65-8407-7c8846b18c8d', 0, DEFAULT, DEFAULT), (944, 'edba76b8-16c2-5d65-8407-7c8846b18c8d', 1, DEFAULT, DEFAULT), (945, 'edba76b8-16c2-5d65-8407-7c8846b18c8d', 2, DEFAULT, DEFAULT), (946, '4961b154-685f-5c2d-b1f1-598100239ea4', 0, DEFAULT, DEFAULT), (947, '4961b154-685f-5c2d-b1f1-598100239ea4', 1, DEFAULT, DEFAULT), (948, '4961b154-685f-5c2d-b1f1-598100239ea4', 2, DEFAULT, DEFAULT), (949, '81b648c1-576c-5086-ba4f-2125060d9cf0', 0, DEFAULT, DEFAULT), (950, '81b648c1-576c-5086-ba4f-2125060d9cf0', 1, DEFAULT, DEFAULT), (951, '81b648c1-576c-5086-ba4f-2125060d9cf0', 2, DEFAULT, DEFAULT), (952, 'edcc20e9-95a3-50eb-b84c-a2ac5801dd1f', 0, DEFAULT, DEFAULT), (953, 'edcc20e9-95a3-50eb-b84c-a2ac5801dd1f', 1, DEFAULT, DEFAULT), (954, 'edcc20e9-95a3-50eb-b84c-a2ac5801dd1f', 2, DEFAULT, DEFAULT), (955, '0f7963e1-2931-5603-b1f8-5f29e095a36f', 0, DEFAULT, DEFAULT), (956, '0f7963e1-2931-5603-b1f8-5f29e095a36f', 1, DEFAULT, DEFAULT), (957, '0f7963e1-2931-5603-b1f8-5f29e095a36f', 2, DEFAULT, DEFAULT), (958, 'd90cf80e-490d-5c8c-85cc-9c761060fca5', 0, DEFAULT, DEFAULT), (959, 'd90cf80e-490d-5c8c-85cc-9c761060fca5', 1, DEFAULT, DEFAULT), (960, 'd90cf80e-490d-5c8c-85cc-9c761060fca5', 2, DEFAULT, DEFAULT), (961, '84a00f8f-8f65-512e-a89a-396ebb944774', 0, DEFAULT, DEFAULT), (962, '84a00f8f-8f65-512e-a89a-396ebb944774', 1, DEFAULT, DEFAULT), (963, '84a00f8f-8f65-512e-a89a-396ebb944774', 2, DEFAULT, DEFAULT), (964, '24530daa-18f4-5736-824e-740b98d86f84', 0, DEFAULT, DEFAULT), (965, '24530daa-18f4-5736-824e-740b98d86f84', 1, DEFAULT, DEFAULT), (966, '24530daa-18f4-5736-824e-740b98d86f84', 2, DEFAULT, DEFAULT), (967, 'cef44dbb-01f1-53f9-a51f-bce20b8c9729', 0, DEFAULT, DEFAULT), (968, 'cef44dbb-01f1-53f9-a51f-bce20b8c9729', 1, DEFAULT, DEFAULT), (969, 'cef44dbb-01f1-53f9-a51f-bce20b8c9729', 2, DEFAULT, DEFAULT), (970, '2f432e43-c578-5d3f-a9f6-658650551fe1', 0, DEFAULT, DEFAULT), (971, '2f432e43-c578-5d3f-a9f6-658650551fe1', 1, DEFAULT, DEFAULT), (972, '2f432e43-c578-5d3f-a9f6-658650551fe1', 2, DEFAULT, DEFAULT), (973, '9e0ad23d-bafe-536b-a992-47ea353cf3b5', 0, DEFAULT, DEFAULT), (974, '9e0ad23d-bafe-536b-a992-47ea353cf3b5', 1, DEFAULT, DEFAULT), (975, '9e0ad23d-bafe-536b-a992-47ea353cf3b5', 2, DEFAULT, DEFAULT), (976, 'ba4f3542-9d48-574a-8df6-823d78106037', 0, DEFAULT, DEFAULT), (977, 'ba4f3542-9d48-574a-8df6-823d78106037', 1, DEFAULT, DEFAULT), (978, 'ba4f3542-9d48-574a-8df6-823d78106037', 2, DEFAULT, DEFAULT), (979, 'd5920fa6-848e-5195-b671-9577ccf74a26', 0, DEFAULT, DEFAULT), (980, 'd5920fa6-848e-5195-b671-9577ccf74a26', 1, DEFAULT, DEFAULT), (981, 'd5920fa6-848e-5195-b671-9577ccf74a26', 2, DEFAULT, DEFAULT), (982, '60e1ec45-4b3f-5cd2-b9e9-a6fd50c32391', 0, DEFAULT, DEFAULT), (983, '60e1ec45-4b3f-5cd2-b9e9-a6fd50c32391', 1, DEFAULT, DEFAULT), (984, '60e1ec45-4b3f-5cd2-b9e9-a6fd50c32391', 2, DEFAULT, DEFAULT), (985, '4152396c-eaf9-5aeb-9b7d-6c26ad4d722c', 0, DEFAULT, DEFAULT), (986, '4152396c-eaf9-5aeb-9b7d-6c26ad4d722c', 1, DEFAULT, DEFAULT), (987, '4152396c-eaf9-5aeb-9b7d-6c26ad4d722c', 2, DEFAULT, DEFAULT), (988, '82c66b9e-374b-5deb-960b-0b761f066806', 0, DEFAULT, DEFAULT), (989, '82c66b9e-374b-5deb-960b-0b761f066806', 1, DEFAULT, DEFAULT), (990, '82c66b9e-374b-5deb-960b-0b761f066806', 2, DEFAULT, DEFAULT), (991, 'cb1a8444-be9e-581c-8a1e-9f0d5870d484', 0, DEFAULT, DEFAULT), (992, 'cb1a8444-be9e-581c-8a1e-9f0d5870d484', 1, DEFAULT, DEFAULT), (993, 'cb1a8444-be9e-581c-8a1e-9f0d5870d484', 2, DEFAULT, DEFAULT), (994, 'b4086fbf-8b55-5b20-af96-270e53efd260', 0, DEFAULT, DEFAULT), (995, 'b4086fbf-8b55-5b20-af96-270e53efd260', 1, DEFAULT, DEFAULT), (996, 'b4086fbf-8b55-5b20-af96-270e53efd260', 2, DEFAULT, DEFAULT), (997, '7dc2a385-02fd-5e9e-8ca3-480d310ce988', 0, DEFAULT, DEFAULT), (998, '7dc2a385-02fd-5e9e-8ca3-480d310ce988', 1, DEFAULT, DEFAULT), (999, '7dc2a385-02fd-5e9e-8ca3-480d310ce988', 2, DEFAULT, DEFAULT), (1000, 'bd010a0a-cb39-59ee-8218-e7f775ac9a01', 0, DEFAULT, DEFAULT), (1001, 'bd010a0a-cb39-59ee-8218-e7f775ac9a01', 1, DEFAULT, DEFAULT), (1002, 'bd010a0a-cb39-59ee-8218-e7f775ac9a01', 2, DEFAULT, DEFAULT), (1003, 'eb100a5e-fbbc-5189-b323-e08ca1ddf4b2', 0, DEFAULT, DEFAULT), (1004, 'eb100a5e-fbbc-5189-b323-e08ca1ddf4b2', 1, DEFAULT, DEFAULT), (1005, 'eb100a5e-fbbc-5189-b323-e08ca1ddf4b2', 2, DEFAULT, DEFAULT), (1006, 'e43c6b3b-10fe-54f2-a09c-2f23976dbe42', 0, DEFAULT, DEFAULT), (1007, 'e43c6b3b-10fe-54f2-a09c-2f23976dbe42', 1, DEFAULT, DEFAULT), (1008, 'e43c6b3b-10fe-54f2-a09c-2f23976dbe42', 2, DEFAULT, DEFAULT), (1009, '145f2d17-d2b0-59ee-98c0-d8b6d6c741cd', 0, DEFAULT, DEFAULT), (1010, '145f2d17-d2b0-59ee-98c0-d8b6d6c741cd', 1, DEFAULT, DEFAULT), (1011, '145f2d17-d2b0-59ee-98c0-d8b6d6c741cd', 2, DEFAULT, DEFAULT), (1012, '27b7fc92-c399-5aec-bc43-ea4a7d41c984', 0, DEFAULT, DEFAULT), (1013, '27b7fc92-c399-5aec-bc43-ea4a7d41c984', 1, DEFAULT, DEFAULT), (1014, '27b7fc92-c399-5aec-bc43-ea4a7d41c984', 2, DEFAULT, DEFAULT), (1015, '16e13bc2-bae9-5a1b-a23b-7f2503b73a03', 0, DEFAULT, DEFAULT), (1016, '16e13bc2-bae9-5a1b-a23b-7f2503b73a03', 1, DEFAULT, DEFAULT), (1017, '16e13bc2-bae9-5a1b-a23b-7f2503b73a03', 2, DEFAULT, DEFAULT), (1018, 'fb9a721d-7da1-577d-a721-ae00139d250b', 0, DEFAULT, DEFAULT), (1019, 'fb9a721d-7da1-577d-a721-ae00139d250b', 1, DEFAULT, DEFAULT), (1020, 'fb9a721d-7da1-577d-a721-ae00139d250b', 2, DEFAULT, DEFAULT), (1021, '8514b549-2321-5223-bcae-362fbfc61c61', 0, DEFAULT, DEFAULT), (1022, '8514b549-2321-5223-bcae-362fbfc61c61', 1, DEFAULT, DEFAULT), (1023, '8514b549-2321-5223-bcae-362fbfc61c61', 2, DEFAULT, DEFAULT), (1024, '8d222d98-29f0-5123-b99d-cc9f19493b20', 0, DEFAULT, DEFAULT), (1025, '8d222d98-29f0-5123-b99d-cc9f19493b20', 1, DEFAULT, DEFAULT), (1026, '8d222d98-29f0-5123-b99d-cc9f19493b20', 2, DEFAULT, DEFAULT), (1027, '5ba895cd-4107-5c9d-a9cb-bd2d24899776', 0, DEFAULT, DEFAULT), (1028, '5ba895cd-4107-5c9d-a9cb-bd2d24899776', 1, DEFAULT, DEFAULT), (1029, '5ba895cd-4107-5c9d-a9cb-bd2d24899776', 2, DEFAULT, DEFAULT), (1030, '73b23aba-b5e2-5b24-b442-00922b22f275', 0, DEFAULT, DEFAULT), (1031, '73b23aba-b5e2-5b24-b442-00922b22f275', 1, DEFAULT, DEFAULT), (1032, '73b23aba-b5e2-5b24-b442-00922b22f275', 2, DEFAULT, DEFAULT), (1033, '0e1a0168-a26a-5feb-9c91-7bd40d62afcc', 0, DEFAULT, DEFAULT), (1034, '0e1a0168-a26a-5feb-9c91-7bd40d62afcc', 1, DEFAULT, DEFAULT), (1035, '0e1a0168-a26a-5feb-9c91-7bd40d62afcc', 2, DEFAULT, DEFAULT), (1036, '9348bed0-a52a-59cd-98df-ed8ab48ba4f7', 0, DEFAULT, DEFAULT), (1037, '9348bed0-a52a-59cd-98df-ed8ab48ba4f7', 1, DEFAULT, DEFAULT), (1038, '9348bed0-a52a-59cd-98df-ed8ab48ba4f7', 2, DEFAULT, DEFAULT), (1039, '1507f034-16ba-5219-b927-72f72394b9da', 0, DEFAULT, DEFAULT), (1040, '1507f034-16ba-5219-b927-72f72394b9da', 1, DEFAULT, DEFAULT), (1041, '1507f034-16ba-5219-b927-72f72394b9da', 2, DEFAULT, DEFAULT), (1042, '3d6517ba-6968-54c9-9934-5dca00f20f48', 0, DEFAULT, DEFAULT), (1043, '3d6517ba-6968-54c9-9934-5dca00f20f48', 1, DEFAULT, DEFAULT), (1044, '3d6517ba-6968-54c9-9934-5dca00f20f48', 2, DEFAULT, DEFAULT), (1045, '253eb1a7-6466-5751-bb80-ba728a9d5688', 0, DEFAULT, DEFAULT), (1046, '253eb1a7-6466-5751-bb80-ba728a9d5688', 1, DEFAULT, DEFAULT), (1047, '253eb1a7-6466-5751-bb80-ba728a9d5688', 2, DEFAULT, DEFAULT), (1048, '84afba7a-f643-5519-b420-54d83f591e9d', 0, DEFAULT, DEFAULT), (1049, '84afba7a-f643-5519-b420-54d83f591e9d', 1, DEFAULT, DEFAULT), (1050, '84afba7a-f643-5519-b420-54d83f591e9d', 2, DEFAULT, DEFAULT), (1051, '59b35be9-9d21-5b79-8875-4954a08d7239', 0, DEFAULT, DEFAULT), (1052, '59b35be9-9d21-5b79-8875-4954a08d7239', 1, DEFAULT, DEFAULT), (1053, '59b35be9-9d21-5b79-8875-4954a08d7239', 2, DEFAULT, DEFAULT), (1054, 'b3ff9604-63d2-533f-8bbb-d5f0486381ad', 0, DEFAULT, DEFAULT), (1055, 'b3ff9604-63d2-533f-8bbb-d5f0486381ad', 1, DEFAULT, DEFAULT), (1056, 'b3ff9604-63d2-533f-8bbb-d5f0486381ad', 2, DEFAULT, DEFAULT), (1057, 'bcc899da-7629-5e0e-b560-5f5f6e7060e1', 0, DEFAULT, DEFAULT), (1058, 'bcc899da-7629-5e0e-b560-5f5f6e7060e1', 1, DEFAULT, DEFAULT), (1059, 'bcc899da-7629-5e0e-b560-5f5f6e7060e1', 2, DEFAULT, DEFAULT), (1060, '96dbca51-d731-5e2c-a3d4-62e8f0faa072', 0, DEFAULT, DEFAULT), (1061, '96dbca51-d731-5e2c-a3d4-62e8f0faa072', 1, DEFAULT, DEFAULT), (1062, '96dbca51-d731-5e2c-a3d4-62e8f0faa072', 2, DEFAULT, DEFAULT), (1063, 'fc633e1f-14b8-590b-a0ba-c22147aaeeb4', 0, DEFAULT, DEFAULT), (1064, 'fc633e1f-14b8-590b-a0ba-c22147aaeeb4', 1, DEFAULT, DEFAULT), (1065, 'fc633e1f-14b8-590b-a0ba-c22147aaeeb4', 2, DEFAULT, DEFAULT), (1066, '49af1081-9f3e-5569-af2e-1029eb808baf', 0, DEFAULT, DEFAULT), (1067, '49af1081-9f3e-5569-af2e-1029eb808baf', 1, DEFAULT, DEFAULT), (1068, '49af1081-9f3e-5569-af2e-1029eb808baf', 2, DEFAULT, DEFAULT), (1069, '28c7fcd5-dc0b-528f-92f0-3e19e7b94b50', 0, DEFAULT, DEFAULT), (1070, '28c7fcd5-dc0b-528f-92f0-3e19e7b94b50', 1, DEFAULT, DEFAULT), (1071, '28c7fcd5-dc0b-528f-92f0-3e19e7b94b50', 2, DEFAULT, DEFAULT), (1072, '38780d0a-620c-5420-b84b-aa917e5db8c1', 0, DEFAULT, DEFAULT), (1073, '38780d0a-620c-5420-b84b-aa917e5db8c1', 1, DEFAULT, DEFAULT), (1074, '38780d0a-620c-5420-b84b-aa917e5db8c1', 2, DEFAULT, DEFAULT), (1075, '535c1e86-4fb0-59ea-8076-b54244994b61', 0, DEFAULT, DEFAULT), (1076, '535c1e86-4fb0-59ea-8076-b54244994b61', 1, DEFAULT, DEFAULT), (1077, '535c1e86-4fb0-59ea-8076-b54244994b61', 2, DEFAULT, DEFAULT), (1078, '5e181f1c-b93c-59a3-a161-c4d4e29f775e', 0, DEFAULT, DEFAULT), (1079, '5e181f1c-b93c-59a3-a161-c4d4e29f775e', 1, DEFAULT, DEFAULT), (1080, '5e181f1c-b93c-59a3-a161-c4d4e29f775e', 2, DEFAULT, DEFAULT), (1081, '0cd34502-daee-52d8-b8a4-7aa032065e8a', 0, DEFAULT, DEFAULT), (1082, '0cd34502-daee-52d8-b8a4-7aa032065e8a', 1, DEFAULT, DEFAULT), (1083, '0cd34502-daee-52d8-b8a4-7aa032065e8a', 2, DEFAULT, DEFAULT), (1084, '6c9b6808-e737-5f8f-b196-93c0598b34b9', 0, DEFAULT, DEFAULT), (1085, '6c9b6808-e737-5f8f-b196-93c0598b34b9', 1, DEFAULT, DEFAULT), (1086, '6c9b6808-e737-5f8f-b196-93c0598b34b9', 2, DEFAULT, DEFAULT), (1087, 'f498173a-b4a1-5b37-ad0b-67596b4fe0ac', 0, DEFAULT, DEFAULT), (1088, 'f498173a-b4a1-5b37-ad0b-67596b4fe0ac', 1, DEFAULT, DEFAULT), (1089, 'f498173a-b4a1-5b37-ad0b-67596b4fe0ac', 2, DEFAULT, DEFAULT), (1090, 'b0d542cd-fe80-5cad-9bd6-a81d0ed1c2f4', 0, DEFAULT, DEFAULT), (1091, 'b0d542cd-fe80-5cad-9bd6-a81d0ed1c2f4', 1, DEFAULT, DEFAULT), (1092, 'b0d542cd-fe80-5cad-9bd6-a81d0ed1c2f4', 2, DEFAULT, DEFAULT), (1093, 'cd506b7e-0f7c-526c-b650-bb799376c313', 0, DEFAULT, DEFAULT), (1094, 'cd506b7e-0f7c-526c-b650-bb799376c313', 1, DEFAULT, DEFAULT), (1095, 'cd506b7e-0f7c-526c-b650-bb799376c313', 2, DEFAULT, DEFAULT), (1096, 'd625f518-4ec3-51e2-95c0-6cf965668d68', 0, DEFAULT, DEFAULT), (1097, 'd625f518-4ec3-51e2-95c0-6cf965668d68', 1, DEFAULT, DEFAULT), (1098, 'd625f518-4ec3-51e2-95c0-6cf965668d68', 2, DEFAULT, DEFAULT), (1099, '66b76653-1cc5-50ef-a109-c059c945f253', 0, DEFAULT, DEFAULT), (1100, '66b76653-1cc5-50ef-a109-c059c945f253', 1, DEFAULT, DEFAULT), (1101, '66b76653-1cc5-50ef-a109-c059c945f253', 2, DEFAULT, DEFAULT), (1102, 'a6dbcc80-e965-5682-9448-6a65a83787b3', 0, DEFAULT, DEFAULT), (1103, 'a6dbcc80-e965-5682-9448-6a65a83787b3', 1, DEFAULT, DEFAULT), (1104, 'a6dbcc80-e965-5682-9448-6a65a83787b3', 2, DEFAULT, DEFAULT), (1105, 'c4d9fc37-aa2c-5cf4-8cef-779723958882', 0, DEFAULT, DEFAULT), (1106, 'c4d9fc37-aa2c-5cf4-8cef-779723958882', 1, DEFAULT, DEFAULT), (1107, 'c4d9fc37-aa2c-5cf4-8cef-779723958882', 2, DEFAULT, DEFAULT), (1108, 'cbdcc83c-77a1-5d75-ace8-183321930672', 0, DEFAULT, DEFAULT), (1109, 'cbdcc83c-77a1-5d75-ace8-183321930672', 1, DEFAULT, DEFAULT), (1110, 'cbdcc83c-77a1-5d75-ace8-183321930672', 2, DEFAULT, DEFAULT), (1111, '46b593cf-05b9-5316-ba74-ef4cf062dcc9', 0, DEFAULT, DEFAULT), (1112, '46b593cf-05b9-5316-ba74-ef4cf062dcc9', 1, DEFAULT, DEFAULT), (1113, '46b593cf-05b9-5316-ba74-ef4cf062dcc9', 2, DEFAULT, DEFAULT), (1114, '1770dbe6-c529-520b-a36c-454b023ccb2c', 0, DEFAULT, DEFAULT), (1115, '1770dbe6-c529-520b-a36c-454b023ccb2c', 1, DEFAULT, DEFAULT), (1116, '1770dbe6-c529-520b-a36c-454b023ccb2c', 2, DEFAULT, DEFAULT), (1117, '65973815-006c-531b-b69f-bd5d086f7786', 0, DEFAULT, DEFAULT), (1118, '65973815-006c-531b-b69f-bd5d086f7786', 1, DEFAULT, DEFAULT), (1119, '65973815-006c-531b-b69f-bd5d086f7786', 2, DEFAULT, DEFAULT), (1120, '0cd413aa-1a82-5832-9edb-17fd5c059a41', 0, DEFAULT, DEFAULT), (1121, '0cd413aa-1a82-5832-9edb-17fd5c059a41', 1, DEFAULT, DEFAULT), (1122, '0cd413aa-1a82-5832-9edb-17fd5c059a41', 2, DEFAULT, DEFAULT), (1123, '5153bc7b-cd04-5c5e-83e9-7b7a5a1390e6', 0, DEFAULT, DEFAULT), (1124, '5153bc7b-cd04-5c5e-83e9-7b7a5a1390e6', 1, DEFAULT, DEFAULT), (1125, '5153bc7b-cd04-5c5e-83e9-7b7a5a1390e6', 2, DEFAULT, DEFAULT), (1126, 'bd276dfa-2ddb-52c7-9feb-6d2cc281335e', 0, DEFAULT, DEFAULT), (1127, 'bd276dfa-2ddb-52c7-9feb-6d2cc281335e', 1, DEFAULT, DEFAULT), (1128, 'bd276dfa-2ddb-52c7-9feb-6d2cc281335e', 2, DEFAULT, DEFAULT), (1129, '12cafb5f-6adc-5f24-a738-9455dde3eb2a', 0, DEFAULT, DEFAULT), (1130, '12cafb5f-6adc-5f24-a738-9455dde3eb2a', 1, DEFAULT, DEFAULT), (1131, '12cafb5f-6adc-5f24-a738-9455dde3eb2a', 2, DEFAULT, DEFAULT), (1132, 'e017f166-fa51-5fb5-af86-6fc41cad9674', 0, DEFAULT, DEFAULT), (1133, 'e017f166-fa51-5fb5-af86-6fc41cad9674', 1, DEFAULT, DEFAULT), (1134, 'e017f166-fa51-5fb5-af86-6fc41cad9674', 2, DEFAULT, DEFAULT), (1135, '544f27bb-a8e9-5b6b-8ec7-f1cfe91406e2', 0, DEFAULT, DEFAULT), (1136, '544f27bb-a8e9-5b6b-8ec7-f1cfe91406e2', 1, DEFAULT, DEFAULT), (1137, '544f27bb-a8e9-5b6b-8ec7-f1cfe91406e2', 2, DEFAULT, DEFAULT), (1138, 'a704d0a7-ee9e-5aa5-bba9-aff3556d41a2', 0, DEFAULT, DEFAULT), (1139, 'a704d0a7-ee9e-5aa5-bba9-aff3556d41a2', 1, DEFAULT, DEFAULT), (1140, 'a704d0a7-ee9e-5aa5-bba9-aff3556d41a2', 2, DEFAULT, DEFAULT), (1141, 'a758f3b0-169f-56a9-80db-acb9f3972464', 0, DEFAULT, DEFAULT), (1142, 'a758f3b0-169f-56a9-80db-acb9f3972464', 1, DEFAULT, DEFAULT), (1143, 'a758f3b0-169f-56a9-80db-acb9f3972464', 2, DEFAULT, DEFAULT), (1144, '1ebb07c2-9cc9-56df-b9e3-71837bafdca1', 0, DEFAULT, DEFAULT), (1145, '1ebb07c2-9cc9-56df-b9e3-71837bafdca1', 1, DEFAULT, DEFAULT), (1146, '1ebb07c2-9cc9-56df-b9e3-71837bafdca1', 2, DEFAULT, DEFAULT), (1147, '217c4ba5-3ca5-503f-8fcd-2cf91341f163', 0, DEFAULT, DEFAULT), (1148, '217c4ba5-3ca5-503f-8fcd-2cf91341f163', 1, DEFAULT, DEFAULT), (1149, '217c4ba5-3ca5-503f-8fcd-2cf91341f163', 2, DEFAULT, DEFAULT), (1150, '63c64b00-d130-5928-b403-258ebdb17248', 0, DEFAULT, DEFAULT), (1151, '63c64b00-d130-5928-b403-258ebdb17248', 1, DEFAULT, DEFAULT), (1152, '63c64b00-d130-5928-b403-258ebdb17248', 2, DEFAULT, DEFAULT), (1153, '0deb1a0e-8f26-576f-af23-e26ef824ea0b', 0, DEFAULT, DEFAULT), (1154, '0deb1a0e-8f26-576f-af23-e26ef824ea0b', 1, DEFAULT, DEFAULT), (1155, '0deb1a0e-8f26-576f-af23-e26ef824ea0b', 2, DEFAULT, DEFAULT), (1156, '924718ca-0525-5af0-b71a-2560f2cc09a0', 0, DEFAULT, DEFAULT), (1157, '924718ca-0525-5af0-b71a-2560f2cc09a0', 1, DEFAULT, DEFAULT), (1158, '924718ca-0525-5af0-b71a-2560f2cc09a0', 2, DEFAULT, DEFAULT), (1159, '877842c0-f0dc-575b-a7ad-30915aaaeebe', 0, DEFAULT, DEFAULT), (1160, '877842c0-f0dc-575b-a7ad-30915aaaeebe', 1, DEFAULT, DEFAULT), (1161, '877842c0-f0dc-575b-a7ad-30915aaaeebe', 2, DEFAULT, DEFAULT), (1162, 'ebce0b2a-b558-5f18-bddc-2af385fe3118', 0, DEFAULT, DEFAULT), (1163, 'ebce0b2a-b558-5f18-bddc-2af385fe3118', 1, DEFAULT, DEFAULT), (1164, 'ebce0b2a-b558-5f18-bddc-2af385fe3118', 2, DEFAULT, DEFAULT), (1165, '67f00577-22b1-541a-b8eb-43f4241ec322', 0, DEFAULT, DEFAULT), (1166, '67f00577-22b1-541a-b8eb-43f4241ec322', 1, DEFAULT, DEFAULT), (1167, '67f00577-22b1-541a-b8eb-43f4241ec322', 2, DEFAULT, DEFAULT), (1168, '5c1d9b7d-9f54-545c-ae19-f60dd5ff1d25', 0, DEFAULT, DEFAULT), (1169, '5c1d9b7d-9f54-545c-ae19-f60dd5ff1d25', 1, DEFAULT, DEFAULT), (1170, '5c1d9b7d-9f54-545c-ae19-f60dd5ff1d25', 2, DEFAULT, DEFAULT), (1171, '339c2395-3fcf-5f3b-90ec-90611b01fa37', 0, DEFAULT, DEFAULT), (1172, '339c2395-3fcf-5f3b-90ec-90611b01fa37', 1, DEFAULT, DEFAULT), (1173, '339c2395-3fcf-5f3b-90ec-90611b01fa37', 2, DEFAULT, DEFAULT), (1174, '3e26da35-99ab-5fee-95a6-ca3120af490b', 0, DEFAULT, DEFAULT), (1175, '3e26da35-99ab-5fee-95a6-ca3120af490b', 1, DEFAULT, DEFAULT), (1176, '3e26da35-99ab-5fee-95a6-ca3120af490b', 2, DEFAULT, DEFAULT), (1177, '540a4921-798c-58f1-8dda-fbb9b912bb43', 0, DEFAULT, DEFAULT), (1178, '540a4921-798c-58f1-8dda-fbb9b912bb43', 1, DEFAULT, DEFAULT), (1179, '540a4921-798c-58f1-8dda-fbb9b912bb43', 2, DEFAULT, DEFAULT), (1180, '81b847bf-bc05-538e-bdc5-721f48634b78', 0, DEFAULT, DEFAULT), (1181, '81b847bf-bc05-538e-bdc5-721f48634b78', 1, DEFAULT, DEFAULT), (1182, '81b847bf-bc05-538e-bdc5-721f48634b78', 2, DEFAULT, DEFAULT), (1183, '2c9d2493-4412-5eae-aa39-69858c4bfd99', 0, DEFAULT, DEFAULT), (1184, '2c9d2493-4412-5eae-aa39-69858c4bfd99', 1, DEFAULT, DEFAULT), (1185, '2c9d2493-4412-5eae-aa39-69858c4bfd99', 2, DEFAULT, DEFAULT), (1186, '51ef9256-0eab-579a-868b-52c27ddf10e9', 0, DEFAULT, DEFAULT), (1187, '51ef9256-0eab-579a-868b-52c27ddf10e9', 1, DEFAULT, DEFAULT), (1188, '51ef9256-0eab-579a-868b-52c27ddf10e9', 2, DEFAULT, DEFAULT), (1189, 'd6ceb82b-4af2-5d8a-96c1-8d6a9db93a31', 0, DEFAULT, DEFAULT), (1190, 'd6ceb82b-4af2-5d8a-96c1-8d6a9db93a31', 1, DEFAULT, DEFAULT), (1191, 'd6ceb82b-4af2-5d8a-96c1-8d6a9db93a31', 2, DEFAULT, DEFAULT), (1192, '01ae0a36-6172-5c0a-baff-6c1805e0976a', 0, DEFAULT, DEFAULT), (1193, '01ae0a36-6172-5c0a-baff-6c1805e0976a', 1, DEFAULT, DEFAULT), (1194, '01ae0a36-6172-5c0a-baff-6c1805e0976a', 2, DEFAULT, DEFAULT), (1195, 'df70af8b-9578-5bd7-9fd6-02ad92eaedca', 0, DEFAULT, DEFAULT), (1196, 'df70af8b-9578-5bd7-9fd6-02ad92eaedca', 1, DEFAULT, DEFAULT), (1197, 'df70af8b-9578-5bd7-9fd6-02ad92eaedca', 2, DEFAULT, DEFAULT), (1198, '82fca927-01aa-5c29-8d7a-7a868f9ba6ea', 0, DEFAULT, DEFAULT), (1199, '82fca927-01aa-5c29-8d7a-7a868f9ba6ea', 1, DEFAULT, DEFAULT), (1200, '82fca927-01aa-5c29-8d7a-7a868f9ba6ea', 2, DEFAULT, DEFAULT), (1201, '4e5550d4-d39a-56c3-8f19-971fdeeb787e', 0, DEFAULT, DEFAULT), (1202, '4e5550d4-d39a-56c3-8f19-971fdeeb787e', 1, DEFAULT, DEFAULT), (1203, '4e5550d4-d39a-56c3-8f19-971fdeeb787e', 2, DEFAULT, DEFAULT), (1204, '83ec5ac5-8c23-5e38-8151-36af62098fff', 0, DEFAULT, DEFAULT), (1205, '83ec5ac5-8c23-5e38-8151-36af62098fff', 1, DEFAULT, DEFAULT), (1206, '83ec5ac5-8c23-5e38-8151-36af62098fff', 2, DEFAULT, DEFAULT), (1207, 'd1996167-52fb-5e4a-b849-75efada773e6', 0, DEFAULT, DEFAULT), (1208, 'd1996167-52fb-5e4a-b849-75efada773e6', 1, DEFAULT, DEFAULT), (1209, 'd1996167-52fb-5e4a-b849-75efada773e6', 2, DEFAULT, DEFAULT), (1210, '1818e464-6a87-5266-8677-c069741c3ab2', 0, DEFAULT, DEFAULT), (1211, '1818e464-6a87-5266-8677-c069741c3ab2', 1, DEFAULT, DEFAULT), (1212, '1818e464-6a87-5266-8677-c069741c3ab2', 2, DEFAULT, DEFAULT), (1213, '13ebb239-29e1-53ff-93b0-d55e3db05a11', 0, DEFAULT, DEFAULT), (1214, '13ebb239-29e1-53ff-93b0-d55e3db05a11', 1, DEFAULT, DEFAULT), (1215, '13ebb239-29e1-53ff-93b0-d55e3db05a11', 2, DEFAULT, DEFAULT), (1216, 'a0a63713-f2dd-56aa-98a3-f6a26bcae5b9', 0, DEFAULT, DEFAULT), (1217, 'a0a63713-f2dd-56aa-98a3-f6a26bcae5b9', 1, DEFAULT, DEFAULT), (1218, 'a0a63713-f2dd-56aa-98a3-f6a26bcae5b9', 2, DEFAULT, DEFAULT), (1219, '4029bbad-86a6-5e60-a150-da0664c62b92', 0, DEFAULT, DEFAULT), (1220, '4029bbad-86a6-5e60-a150-da0664c62b92', 1, DEFAULT, DEFAULT), (1221, '4029bbad-86a6-5e60-a150-da0664c62b92', 2, DEFAULT, DEFAULT), (1222, '6636a6a8-3a2d-5862-bb24-3e77bffdb640', 0, DEFAULT, DEFAULT), (1223, '6636a6a8-3a2d-5862-bb24-3e77bffdb640', 1, DEFAULT, DEFAULT), (1224, '6636a6a8-3a2d-5862-bb24-3e77bffdb640', 2, DEFAULT, DEFAULT), (1225, '4ba85443-f89e-5d68-8d4a-da572969b0dd', 0, DEFAULT, DEFAULT), (1226, '4ba85443-f89e-5d68-8d4a-da572969b0dd', 1, DEFAULT, DEFAULT), (1227, '4ba85443-f89e-5d68-8d4a-da572969b0dd', 2, DEFAULT, DEFAULT), (1228, '55fbf0ae-1fd2-57d5-9884-2ceca8eef8f3', 0, DEFAULT, DEFAULT), (1229, '55fbf0ae-1fd2-57d5-9884-2ceca8eef8f3', 1, DEFAULT, DEFAULT), (1230, '55fbf0ae-1fd2-57d5-9884-2ceca8eef8f3', 2, DEFAULT, DEFAULT), (1231, 'c91a5204-a47c-5f58-8042-f917f2facb4b', 0, DEFAULT, DEFAULT), (1232, 'c91a5204-a47c-5f58-8042-f917f2facb4b', 1, DEFAULT, DEFAULT), (1233, 'c91a5204-a47c-5f58-8042-f917f2facb4b', 2, DEFAULT, DEFAULT), (1234, 'fdca53a8-e101-5585-90b8-82f7d3c1fc24', 0, DEFAULT, DEFAULT), (1235, 'fdca53a8-e101-5585-90b8-82f7d3c1fc24', 1, DEFAULT, DEFAULT), (1236, 'fdca53a8-e101-5585-90b8-82f7d3c1fc24', 2, DEFAULT, DEFAULT), (1237, 'a76c18ad-af72-57b7-b165-f7757943d51e', 0, DEFAULT, DEFAULT), (1238, 'a76c18ad-af72-57b7-b165-f7757943d51e', 1, DEFAULT, DEFAULT), (1239, 'a76c18ad-af72-57b7-b165-f7757943d51e', 2, DEFAULT, DEFAULT), (1240, 'bf7ffe87-c4e2-5aa1-86f7-2fdfa8315ff6', 0, DEFAULT, DEFAULT), (1241, 'bf7ffe87-c4e2-5aa1-86f7-2fdfa8315ff6', 1, DEFAULT, DEFAULT), (1242, 'bf7ffe87-c4e2-5aa1-86f7-2fdfa8315ff6', 2, DEFAULT, DEFAULT), (1243, '764f06ba-b246-5c62-8e43-89fe991c749d', 0, DEFAULT, DEFAULT), (1244, '764f06ba-b246-5c62-8e43-89fe991c749d', 1, DEFAULT, DEFAULT), (1245, '764f06ba-b246-5c62-8e43-89fe991c749d', 2, DEFAULT, DEFAULT), (1246, '229d48f9-9e17-5f91-bd2c-3f3cdbae28c1', 0, DEFAULT, DEFAULT), (1247, '229d48f9-9e17-5f91-bd2c-3f3cdbae28c1', 1, DEFAULT, DEFAULT), (1248, '229d48f9-9e17-5f91-bd2c-3f3cdbae28c1', 2, DEFAULT, DEFAULT), (1249, '505fdba9-c563-5897-bd99-f3fd7e6efb10', 0, DEFAULT, DEFAULT), (1250, '505fdba9-c563-5897-bd99-f3fd7e6efb10', 1, DEFAULT, DEFAULT), (1251, '505fdba9-c563-5897-bd99-f3fd7e6efb10', 2, DEFAULT, DEFAULT), (1252, 'ad47e58b-6404-5eb4-b01c-1ab02b3af226', 0, DEFAULT, DEFAULT), (1253, 'ad47e58b-6404-5eb4-b01c-1ab02b3af226', 1, DEFAULT, DEFAULT), (1254, 'ad47e58b-6404-5eb4-b01c-1ab02b3af226', 2, DEFAULT, DEFAULT), (1255, '4ae4f149-a1da-5a76-913f-5ea02c87f4e0', 0, DEFAULT, DEFAULT), (1256, '4ae4f149-a1da-5a76-913f-5ea02c87f4e0', 1, DEFAULT, DEFAULT), (1257, '4ae4f149-a1da-5a76-913f-5ea02c87f4e0', 2, DEFAULT, DEFAULT), (1258, 'a85217e5-f8d6-5dd0-996b-8464fa1021ff', 0, DEFAULT, DEFAULT), (1259, 'a85217e5-f8d6-5dd0-996b-8464fa1021ff', 1, DEFAULT, DEFAULT), (1260, 'a85217e5-f8d6-5dd0-996b-8464fa1021ff', 2, DEFAULT, DEFAULT), (1261, 'b21411a7-0afc-5cf3-81fc-471ab95f5d8d', 0, DEFAULT, DEFAULT), (1262, 'b21411a7-0afc-5cf3-81fc-471ab95f5d8d', 1, DEFAULT, DEFAULT), (1263, 'b21411a7-0afc-5cf3-81fc-471ab95f5d8d', 2, DEFAULT, DEFAULT), (1264, 'd37fd98f-746a-582e-a0fc-de28d96e48c5', 0, DEFAULT, DEFAULT), (1265, 'd37fd98f-746a-582e-a0fc-de28d96e48c5', 1, DEFAULT, DEFAULT), (1266, 'd37fd98f-746a-582e-a0fc-de28d96e48c5', 2, DEFAULT, DEFAULT), (1267, '2dc53ff7-923f-50df-a732-82b60afbba2f', 0, DEFAULT, DEFAULT), (1268, '2dc53ff7-923f-50df-a732-82b60afbba2f', 1, DEFAULT, DEFAULT), (1269, '2dc53ff7-923f-50df-a732-82b60afbba2f', 2, DEFAULT, DEFAULT), (1270, 'f9690101-a16f-5108-b391-78c9dba8aeee', 0, DEFAULT, DEFAULT), (1271, 'f9690101-a16f-5108-b391-78c9dba8aeee', 1, DEFAULT, DEFAULT), (1272, 'f9690101-a16f-5108-b391-78c9dba8aeee', 2, DEFAULT, DEFAULT), (1273, '7441a375-e1c1-5111-b299-b73d6da10ca2', 0, DEFAULT, DEFAULT), (1274, '7441a375-e1c1-5111-b299-b73d6da10ca2', 1, DEFAULT, DEFAULT), (1275, '7441a375-e1c1-5111-b299-b73d6da10ca2', 2, DEFAULT, DEFAULT), (1276, 'ca1d2bcf-5a98-5759-81b6-75e3ed47122a', 0, DEFAULT, DEFAULT), (1277, 'ca1d2bcf-5a98-5759-81b6-75e3ed47122a', 1, DEFAULT, DEFAULT), (1278, 'ca1d2bcf-5a98-5759-81b6-75e3ed47122a', 2, DEFAULT, DEFAULT), (1279, '77b1dab4-a856-5c18-bb24-053f8869bc5b', 0, DEFAULT, DEFAULT), (1280, '77b1dab4-a856-5c18-bb24-053f8869bc5b', 1, DEFAULT, DEFAULT), (1281, '77b1dab4-a856-5c18-bb24-053f8869bc5b', 2, DEFAULT, DEFAULT), (1282, '08b3c695-d6fb-54e4-9ef2-bf508a57adc1', 0, DEFAULT, DEFAULT), (1283, '08b3c695-d6fb-54e4-9ef2-bf508a57adc1', 1, DEFAULT, DEFAULT), (1284, '08b3c695-d6fb-54e4-9ef2-bf508a57adc1', 2, DEFAULT, DEFAULT), (1285, '7dc16d02-274a-5e7f-bc31-6af29982313f', 0, DEFAULT, DEFAULT), (1286, '7dc16d02-274a-5e7f-bc31-6af29982313f', 1, DEFAULT, DEFAULT), (1287, '7dc16d02-274a-5e7f-bc31-6af29982313f', 2, DEFAULT, DEFAULT), (1288, 'acad405c-f8e9-559b-bd11-e0ffc3bebca6', 0, DEFAULT, DEFAULT), (1289, 'acad405c-f8e9-559b-bd11-e0ffc3bebca6', 1, DEFAULT, DEFAULT), (1290, 'acad405c-f8e9-559b-bd11-e0ffc3bebca6', 2, DEFAULT, DEFAULT), (1291, '16d95573-87cd-5d45-be45-e8a020ba40ac', 0, DEFAULT, DEFAULT), (1292, '16d95573-87cd-5d45-be45-e8a020ba40ac', 1, DEFAULT, DEFAULT), (1293, '16d95573-87cd-5d45-be45-e8a020ba40ac', 2, DEFAULT, DEFAULT), (1294, '5a993b43-eca0-563f-b6c9-fdd440759e85', 0, DEFAULT, DEFAULT), (1295, '5a993b43-eca0-563f-b6c9-fdd440759e85', 1, DEFAULT, DEFAULT), (1296, '5a993b43-eca0-563f-b6c9-fdd440759e85', 2, DEFAULT, DEFAULT), (1297, 'f7bfc2c8-d52a-5806-97fd-77bd67d93b23', 0, DEFAULT, DEFAULT), (1298, 'f7bfc2c8-d52a-5806-97fd-77bd67d93b23', 1, DEFAULT, DEFAULT), (1299, 'f7bfc2c8-d52a-5806-97fd-77bd67d93b23', 2, DEFAULT, DEFAULT), (1300, '748d5a8c-f2bf-5974-9c72-24f98b85813b', 0, DEFAULT, DEFAULT), (1301, '748d5a8c-f2bf-5974-9c72-24f98b85813b', 1, DEFAULT, DEFAULT), (1302, '748d5a8c-f2bf-5974-9c72-24f98b85813b', 2, DEFAULT, DEFAULT), (1303, '808d9117-ba04-5cb0-8827-639e2642b0ee', 0, DEFAULT, DEFAULT), (1304, '808d9117-ba04-5cb0-8827-639e2642b0ee', 1, DEFAULT, DEFAULT), (1305, '808d9117-ba04-5cb0-8827-639e2642b0ee', 2, DEFAULT, DEFAULT), (1306, 'e0185351-5b08-58b2-bd3e-c09965750112', 0, DEFAULT, DEFAULT), (1307, 'e0185351-5b08-58b2-bd3e-c09965750112', 1, DEFAULT, DEFAULT), (1308, 'e0185351-5b08-58b2-bd3e-c09965750112', 2, DEFAULT, DEFAULT), (1309, '993f7ab3-9b54-5771-a99e-0c6d75a1f37d', 0, DEFAULT, DEFAULT), (1310, '993f7ab3-9b54-5771-a99e-0c6d75a1f37d', 1, DEFAULT, DEFAULT), (1311, '993f7ab3-9b54-5771-a99e-0c6d75a1f37d', 2, DEFAULT, DEFAULT), (1312, 'bdb5114a-76d3-5fe4-944c-043e7ebd99da', 0, DEFAULT, DEFAULT), (1313, 'bdb5114a-76d3-5fe4-944c-043e7ebd99da', 1, DEFAULT, DEFAULT), (1314, 'bdb5114a-76d3-5fe4-944c-043e7ebd99da', 2, DEFAULT, DEFAULT), (1315, 'aa4964a1-4611-5528-9df9-ef170866214f', 0, DEFAULT, DEFAULT), (1316, 'aa4964a1-4611-5528-9df9-ef170866214f', 1, DEFAULT, DEFAULT), (1317, 'aa4964a1-4611-5528-9df9-ef170866214f', 2, DEFAULT, DEFAULT), (1318, 'ec14513a-7d3c-5172-b68b-d531791ec9de', 0, DEFAULT, DEFAULT), (1319, 'ec14513a-7d3c-5172-b68b-d531791ec9de', 1, DEFAULT, DEFAULT), (1320, 'ec14513a-7d3c-5172-b68b-d531791ec9de', 2, DEFAULT, DEFAULT), (1321, 'a0f81f50-aa3d-5780-b485-a54fb7b7833a', 0, DEFAULT, DEFAULT), (1322, 'a0f81f50-aa3d-5780-b485-a54fb7b7833a', 1, DEFAULT, DEFAULT), (1323, 'a0f81f50-aa3d-5780-b485-a54fb7b7833a', 2, DEFAULT, DEFAULT), (1324, 'aabd5608-e04b-5bd8-8d75-d004a1b17409', 0, DEFAULT, DEFAULT), (1325, 'aabd5608-e04b-5bd8-8d75-d004a1b17409', 1, DEFAULT, DEFAULT), (1326, 'aabd5608-e04b-5bd8-8d75-d004a1b17409', 2, DEFAULT, DEFAULT), (1327, '7bcc2b79-de31-5963-9cfd-559af77da3be', 0, DEFAULT, DEFAULT), (1328, '7bcc2b79-de31-5963-9cfd-559af77da3be', 1, DEFAULT, DEFAULT), (1329, '7bcc2b79-de31-5963-9cfd-559af77da3be', 2, DEFAULT, DEFAULT), (1330, 'b4293a01-a1be-5e58-a088-abc550c9f820', 0, DEFAULT, DEFAULT), (1331, 'b4293a01-a1be-5e58-a088-abc550c9f820', 1, DEFAULT, DEFAULT), (1332, 'b4293a01-a1be-5e58-a088-abc550c9f820', 2, DEFAULT, DEFAULT), (1333, 'a97e2960-b385-5f99-88c2-9e562f32234e', 0, DEFAULT, DEFAULT), (1334, 'a97e2960-b385-5f99-88c2-9e562f32234e', 1, DEFAULT, DEFAULT), (1335, 'a97e2960-b385-5f99-88c2-9e562f32234e', 2, DEFAULT, DEFAULT), (1336, 'db39a462-f36a-54ba-b38e-2fcf35273cba', 0, DEFAULT, DEFAULT), (1337, 'db39a462-f36a-54ba-b38e-2fcf35273cba', 1, DEFAULT, DEFAULT), (1338, 'db39a462-f36a-54ba-b38e-2fcf35273cba', 2, DEFAULT, DEFAULT), (1339, '35dc016a-9edc-565d-923e-9bee9a60bd24', 0, DEFAULT, DEFAULT), (1340, '35dc016a-9edc-565d-923e-9bee9a60bd24', 1, DEFAULT, DEFAULT), (1341, '35dc016a-9edc-565d-923e-9bee9a60bd24', 2, DEFAULT, DEFAULT), (1342, '61e4dc6c-b183-5c81-91cb-8dc622fd6913', 0, DEFAULT, DEFAULT), (1343, '61e4dc6c-b183-5c81-91cb-8dc622fd6913', 1, DEFAULT, DEFAULT), (1344, '61e4dc6c-b183-5c81-91cb-8dc622fd6913', 2, DEFAULT, DEFAULT), (1345, 'b5df5eae-45e8-5f54-a8f9-351afabf5f65', 0, DEFAULT, DEFAULT), (1346, 'b5df5eae-45e8-5f54-a8f9-351afabf5f65', 1, DEFAULT, DEFAULT), (1347, 'b5df5eae-45e8-5f54-a8f9-351afabf5f65', 2, DEFAULT, DEFAULT), (1348, '18aa22db-700e-5a8a-892c-5bf7b7da1bbf', 0, DEFAULT, DEFAULT), (1349, '18aa22db-700e-5a8a-892c-5bf7b7da1bbf', 1, DEFAULT, DEFAULT), (1350, '18aa22db-700e-5a8a-892c-5bf7b7da1bbf', 2, DEFAULT, DEFAULT), (1351, '7c9a7a2f-bf97-5fb7-9ff3-bb3e363fce60', 0, DEFAULT, DEFAULT), (1352, '7c9a7a2f-bf97-5fb7-9ff3-bb3e363fce60', 1, DEFAULT, DEFAULT), (1353, '7c9a7a2f-bf97-5fb7-9ff3-bb3e363fce60', 2, DEFAULT, DEFAULT), (1354, '93216013-7bd8-59b1-a3f0-b1087d4d7f00', 0, DEFAULT, DEFAULT), (1355, '93216013-7bd8-59b1-a3f0-b1087d4d7f00', 1, DEFAULT, DEFAULT), (1356, '93216013-7bd8-59b1-a3f0-b1087d4d7f00', 2, DEFAULT, DEFAULT), (1357, '3e057cf2-df3a-50e5-82fa-e2dcf87ebd5a', 0, DEFAULT, DEFAULT), (1358, '3e057cf2-df3a-50e5-82fa-e2dcf87ebd5a', 1, DEFAULT, DEFAULT), (1359, '3e057cf2-df3a-50e5-82fa-e2dcf87ebd5a', 2, DEFAULT, DEFAULT), (1360, 'e3f5f266-44d3-5096-b897-56678a5f974b', 0, DEFAULT, DEFAULT), (1361, 'e3f5f266-44d3-5096-b897-56678a5f974b', 1, DEFAULT, DEFAULT), (1362, 'e3f5f266-44d3-5096-b897-56678a5f974b', 2, DEFAULT, DEFAULT), (1363, 'ffbcf0c1-44bb-549f-ba50-18e1e874a611', 0, DEFAULT, DEFAULT), (1364, 'ffbcf0c1-44bb-549f-ba50-18e1e874a611', 1, DEFAULT, DEFAULT), (1365, 'ffbcf0c1-44bb-549f-ba50-18e1e874a611', 2, DEFAULT, DEFAULT), (1366, 'c4f414cf-451e-5497-88db-62020e3a0dc5', 0, DEFAULT, DEFAULT), (1367, 'c4f414cf-451e-5497-88db-62020e3a0dc5', 1, DEFAULT, DEFAULT), (1368, 'c4f414cf-451e-5497-88db-62020e3a0dc5', 2, DEFAULT, DEFAULT), (1369, 'a109823a-0d02-5064-b8ef-3186d6d08cb0', 0, DEFAULT, DEFAULT), (1370, 'a109823a-0d02-5064-b8ef-3186d6d08cb0', 1, DEFAULT, DEFAULT), (1371, 'a109823a-0d02-5064-b8ef-3186d6d08cb0', 2, DEFAULT, DEFAULT), (1372, '3e4b1eac-b214-5aaa-a7f0-29af8a5b2ce9', 0, DEFAULT, DEFAULT), (1373, '3e4b1eac-b214-5aaa-a7f0-29af8a5b2ce9', 1, DEFAULT, DEFAULT), (1374, '3e4b1eac-b214-5aaa-a7f0-29af8a5b2ce9', 2, DEFAULT, DEFAULT), (1375, '72819b1c-0a2a-5e86-b5bc-5741c2854f96', 0, DEFAULT, DEFAULT), (1376, '72819b1c-0a2a-5e86-b5bc-5741c2854f96', 1, DEFAULT, DEFAULT), (1377, '72819b1c-0a2a-5e86-b5bc-5741c2854f96', 2, DEFAULT, DEFAULT), (1378, 'b5d7b26a-56f4-59fc-853e-1a1306ab6e95', 0, DEFAULT, DEFAULT), (1379, 'b5d7b26a-56f4-59fc-853e-1a1306ab6e95', 1, DEFAULT, DEFAULT), (1380, 'b5d7b26a-56f4-59fc-853e-1a1306ab6e95', 2, DEFAULT, DEFAULT), (1381, '29365629-31e8-5e53-b1ae-ffdad1c2009e', 0, DEFAULT, DEFAULT), (1382, '29365629-31e8-5e53-b1ae-ffdad1c2009e', 1, DEFAULT, DEFAULT), (1383, '29365629-31e8-5e53-b1ae-ffdad1c2009e', 2, DEFAULT, DEFAULT), (1384, 'ef9b1028-31e2-59d9-a64e-2a4d1686e96e', 0, DEFAULT, DEFAULT), (1385, 'ef9b1028-31e2-59d9-a64e-2a4d1686e96e', 1, DEFAULT, DEFAULT), (1386, 'ef9b1028-31e2-59d9-a64e-2a4d1686e96e', 2, DEFAULT, DEFAULT), (1387, '51f9c2fa-a6a8-5d1e-9ef8-efb89c34ee1c', 0, DEFAULT, DEFAULT), (1388, '51f9c2fa-a6a8-5d1e-9ef8-efb89c34ee1c', 1, DEFAULT, DEFAULT), (1389, '51f9c2fa-a6a8-5d1e-9ef8-efb89c34ee1c', 2, DEFAULT, DEFAULT), (1390, '930338c0-ea8e-56fc-b2df-a68255a6182c', 0, DEFAULT, DEFAULT), (1391, '930338c0-ea8e-56fc-b2df-a68255a6182c', 1, DEFAULT, DEFAULT), (1392, '930338c0-ea8e-56fc-b2df-a68255a6182c', 2, DEFAULT, DEFAULT), (1393, '14f0b4c0-9d33-5d68-85ae-cc3d31b6b19e', 0, DEFAULT, DEFAULT), (1394, '14f0b4c0-9d33-5d68-85ae-cc3d31b6b19e', 1, DEFAULT, DEFAULT), (1395, '14f0b4c0-9d33-5d68-85ae-cc3d31b6b19e', 2, DEFAULT, DEFAULT), (1396, '7c51f66f-cf81-571f-a65c-f571f1f39cc9', 0, DEFAULT, DEFAULT), (1397, '7c51f66f-cf81-571f-a65c-f571f1f39cc9', 1, DEFAULT, DEFAULT), (1398, '7c51f66f-cf81-571f-a65c-f571f1f39cc9', 2, DEFAULT, DEFAULT), (1399, '764b9b2a-d477-5bff-a789-cba064ac71f8', 0, DEFAULT, DEFAULT), (1400, '764b9b2a-d477-5bff-a789-cba064ac71f8', 1, DEFAULT, DEFAULT), (1401, '764b9b2a-d477-5bff-a789-cba064ac71f8', 2, DEFAULT, DEFAULT), (1402, '1125d49b-2ad6-5500-bd14-7e0649f5dd73', 0, DEFAULT, DEFAULT), (1403, '1125d49b-2ad6-5500-bd14-7e0649f5dd73', 1, DEFAULT, DEFAULT), (1404, '1125d49b-2ad6-5500-bd14-7e0649f5dd73', 2, DEFAULT, DEFAULT), (1405, 'de1d5557-45c4-5747-8c2d-f8c09704db25', 0, DEFAULT, DEFAULT), (1406, 'de1d5557-45c4-5747-8c2d-f8c09704db25', 1, DEFAULT, DEFAULT), (1407, 'de1d5557-45c4-5747-8c2d-f8c09704db25', 2, DEFAULT, DEFAULT), (1408, 'dc2759a8-51ca-575d-9678-0ac64e900648', 0, DEFAULT, DEFAULT), (1409, 'dc2759a8-51ca-575d-9678-0ac64e900648', 1, DEFAULT, DEFAULT), (1410, 'dc2759a8-51ca-575d-9678-0ac64e900648', 2, DEFAULT, DEFAULT), (1411, '8c0ef303-3ae4-5fe5-b0be-ef1788ae8707', 0, DEFAULT, DEFAULT), (1412, '8c0ef303-3ae4-5fe5-b0be-ef1788ae8707', 1, DEFAULT, DEFAULT), (1413, '8c0ef303-3ae4-5fe5-b0be-ef1788ae8707', 2, DEFAULT, DEFAULT), (1414, 'ddd094e1-b8f4-560e-b960-af5227a9b337', 0, DEFAULT, DEFAULT), (1415, 'ddd094e1-b8f4-560e-b960-af5227a9b337', 1, DEFAULT, DEFAULT), (1416, 'ddd094e1-b8f4-560e-b960-af5227a9b337', 2, DEFAULT, DEFAULT), (1417, '4bd93d1d-9da0-508d-a30a-5cd1fe2e858d', 0, DEFAULT, DEFAULT), (1418, '4bd93d1d-9da0-508d-a30a-5cd1fe2e858d', 1, DEFAULT, DEFAULT), (1419, '4bd93d1d-9da0-508d-a30a-5cd1fe2e858d', 2, DEFAULT, DEFAULT), (1420, '2d25022b-866c-584e-895d-11b8a727c08f', 0, DEFAULT, DEFAULT), (1421, '2d25022b-866c-584e-895d-11b8a727c08f', 1, DEFAULT, DEFAULT), (1422, '2d25022b-866c-584e-895d-11b8a727c08f', 2, DEFAULT, DEFAULT), (1423, '8d4a5d0e-3ef8-5e54-ac1b-6a14acb1ad0e', 0, DEFAULT, DEFAULT), (1424, '8d4a5d0e-3ef8-5e54-ac1b-6a14acb1ad0e', 1, DEFAULT, DEFAULT), (1425, '8d4a5d0e-3ef8-5e54-ac1b-6a14acb1ad0e', 2, DEFAULT, DEFAULT), (1426, '6b889196-1556-5eef-89c0-e7506a0ca45b', 0, DEFAULT, DEFAULT), (1427, '6b889196-1556-5eef-89c0-e7506a0ca45b', 1, DEFAULT, DEFAULT), (1428, '6b889196-1556-5eef-89c0-e7506a0ca45b', 2, DEFAULT, DEFAULT), (1429, 'e6b5025c-d432-567c-bc94-e80f642225ff', 0, DEFAULT, DEFAULT), (1430, 'e6b5025c-d432-567c-bc94-e80f642225ff', 1, DEFAULT, DEFAULT), (1431, 'e6b5025c-d432-567c-bc94-e80f642225ff', 2, DEFAULT, DEFAULT), (1432, '4d0eaa15-67e7-50e5-bd92-8596a8c41516', 0, DEFAULT, DEFAULT), (1433, '4d0eaa15-67e7-50e5-bd92-8596a8c41516', 1, DEFAULT, DEFAULT), (1434, '4d0eaa15-67e7-50e5-bd92-8596a8c41516', 2, DEFAULT, DEFAULT), (1435, 'c2405ac9-0838-5ce8-a85b-e6db0fbe6c10', 0, DEFAULT, DEFAULT), (1436, 'c2405ac9-0838-5ce8-a85b-e6db0fbe6c10', 1, DEFAULT, DEFAULT), (1437, 'c2405ac9-0838-5ce8-a85b-e6db0fbe6c10', 2, DEFAULT, DEFAULT), (1438, 'c8df1446-9b17-5687-8ff4-001003cfca37', 0, DEFAULT, DEFAULT), (1439, 'c8df1446-9b17-5687-8ff4-001003cfca37', 1, DEFAULT, DEFAULT), (1440, 'c8df1446-9b17-5687-8ff4-001003cfca37', 2, DEFAULT, DEFAULT), (1441, 'f706294d-163e-5aef-a517-eae489067781', 0, DEFAULT, DEFAULT), (1442, 'f706294d-163e-5aef-a517-eae489067781', 1, DEFAULT, DEFAULT), (1443, 'f706294d-163e-5aef-a517-eae489067781', 2, DEFAULT, DEFAULT), (1444, 'bee3d023-7908-5b1b-a6e7-320078c804bf', 0, DEFAULT, DEFAULT), (1445, 'bee3d023-7908-5b1b-a6e7-320078c804bf', 1, DEFAULT, DEFAULT), (1446, 'bee3d023-7908-5b1b-a6e7-320078c804bf', 2, DEFAULT, DEFAULT), (1447, 'd607d7db-ee7a-57fa-b0f1-08a24201e561', 0, DEFAULT, DEFAULT), (1448, 'd607d7db-ee7a-57fa-b0f1-08a24201e561', 1, DEFAULT, DEFAULT), (1449, 'd607d7db-ee7a-57fa-b0f1-08a24201e561', 2, DEFAULT, DEFAULT), (1450, '6db5eb76-a4d8-59b2-8682-ac0a5dca423f', 0, DEFAULT, DEFAULT), (1451, '6db5eb76-a4d8-59b2-8682-ac0a5dca423f', 1, DEFAULT, DEFAULT), (1452, '6db5eb76-a4d8-59b2-8682-ac0a5dca423f', 2, DEFAULT, DEFAULT), (1453, 'f0859c52-737d-58da-9c95-b804668a9ae6', 0, DEFAULT, DEFAULT), (1454, 'f0859c52-737d-58da-9c95-b804668a9ae6', 1, DEFAULT, DEFAULT), (1455, 'f0859c52-737d-58da-9c95-b804668a9ae6', 2, DEFAULT, DEFAULT), (1456, 'f843e0b1-5e16-5c9e-923e-e155f87b2422', 0, DEFAULT, DEFAULT), (1457, 'f843e0b1-5e16-5c9e-923e-e155f87b2422', 1, DEFAULT, DEFAULT), (1458, 'f843e0b1-5e16-5c9e-923e-e155f87b2422', 2, DEFAULT, DEFAULT), (1459, '971d3e7d-1fd1-5fd1-ba3a-0a99dda2cb04', 0, DEFAULT, DEFAULT), (1460, '971d3e7d-1fd1-5fd1-ba3a-0a99dda2cb04', 1, DEFAULT, DEFAULT), (1461, '971d3e7d-1fd1-5fd1-ba3a-0a99dda2cb04', 2, DEFAULT, DEFAULT), (1462, '51c6dab5-99f7-56c9-a820-7cfc76e25abf', 0, DEFAULT, DEFAULT), (1463, '51c6dab5-99f7-56c9-a820-7cfc76e25abf', 1, DEFAULT, DEFAULT), (1464, '51c6dab5-99f7-56c9-a820-7cfc76e25abf', 2, DEFAULT, DEFAULT), (1465, '88430d1c-f998-5183-ac05-d06b362a058a', 0, DEFAULT, DEFAULT), (1466, '88430d1c-f998-5183-ac05-d06b362a058a', 1, DEFAULT, DEFAULT), (1467, '88430d1c-f998-5183-ac05-d06b362a058a', 2, DEFAULT, DEFAULT), (1468, 'fc959555-d183-544e-8cf6-52532b383f25', 0, DEFAULT, DEFAULT), (1469, 'fc959555-d183-544e-8cf6-52532b383f25', 1, DEFAULT, DEFAULT), (1470, 'fc959555-d183-544e-8cf6-52532b383f25', 2, DEFAULT, DEFAULT), (1471, '94935318-fc9b-5864-874e-912b663c75f7', 0, DEFAULT, DEFAULT), (1472, '94935318-fc9b-5864-874e-912b663c75f7', 1, DEFAULT, DEFAULT), (1473, '94935318-fc9b-5864-874e-912b663c75f7', 2, DEFAULT, DEFAULT), (1474, 'ea529f5a-add2-5f29-a44d-2a799c7ab051', 0, DEFAULT, DEFAULT), (1475, 'ea529f5a-add2-5f29-a44d-2a799c7ab051', 1, DEFAULT, DEFAULT), (1476, 'ea529f5a-add2-5f29-a44d-2a799c7ab051', 2, DEFAULT, DEFAULT), (1477, 'b2bd3c17-1864-5b1f-8d71-b6fe96b48ba6', 0, DEFAULT, DEFAULT), (1478, 'b2bd3c17-1864-5b1f-8d71-b6fe96b48ba6', 1, DEFAULT, DEFAULT), (1479, 'b2bd3c17-1864-5b1f-8d71-b6fe96b48ba6', 2, DEFAULT, DEFAULT), (1480, 'a46777c9-6f34-5718-a195-68edd93e1d42', 0, DEFAULT, DEFAULT), (1481, 'a46777c9-6f34-5718-a195-68edd93e1d42', 1, DEFAULT, DEFAULT), (1482, 'a46777c9-6f34-5718-a195-68edd93e1d42', 2, DEFAULT, DEFAULT), (1483, '0f3df2fb-dd6e-55b9-9f86-0babb8fec748', 0, DEFAULT, DEFAULT), (1484, '0f3df2fb-dd6e-55b9-9f86-0babb8fec748', 1, DEFAULT, DEFAULT), (1485, '0f3df2fb-dd6e-55b9-9f86-0babb8fec748', 2, DEFAULT, DEFAULT), (1486, '95bb7f47-209b-5f16-a018-19e8f23e6e16', 0, DEFAULT, DEFAULT), (1487, '95bb7f47-209b-5f16-a018-19e8f23e6e16', 1, DEFAULT, DEFAULT), (1488, '95bb7f47-209b-5f16-a018-19e8f23e6e16', 2, DEFAULT, DEFAULT), (1489, '78959a88-41ee-5d40-85cb-71e22f4c47aa', 0, DEFAULT, DEFAULT), (1490, '78959a88-41ee-5d40-85cb-71e22f4c47aa', 1, DEFAULT, DEFAULT), (1491, '78959a88-41ee-5d40-85cb-71e22f4c47aa', 2, DEFAULT, DEFAULT), (1492, 'a9e614f8-c87a-596e-bdaf-6e577865453e', 0, DEFAULT, DEFAULT), (1493, 'a9e614f8-c87a-596e-bdaf-6e577865453e', 1, DEFAULT, DEFAULT), (1494, 'a9e614f8-c87a-596e-bdaf-6e577865453e', 2, DEFAULT, DEFAULT), (1495, 'f80096a0-59ff-58f8-a58f-cd508cb0f33e', 0, DEFAULT, DEFAULT), (1496, 'f80096a0-59ff-58f8-a58f-cd508cb0f33e', 1, DEFAULT, DEFAULT), (1497, 'f80096a0-59ff-58f8-a58f-cd508cb0f33e', 2, DEFAULT, DEFAULT), (1498, 'a444e395-f85a-5fcf-904b-e713df3a17f6', 0, DEFAULT, DEFAULT), (1499, 'a444e395-f85a-5fcf-904b-e713df3a17f6', 1, DEFAULT, DEFAULT), (1500, 'a444e395-f85a-5fcf-904b-e713df3a17f6', 2, DEFAULT, DEFAULT);
SELECT setval('"public"."blueprint_stage_id_seq"'::regclass, (SELECT MAX("id") FROM "public"."blueprint_stage"));
INSERT INTO public.member_role (id,name,flags) VALUES (1, 'owner', 511), (2, 'editor', 23), (3, 'viewer', 1);
SELECT setval('"public"."member_role_id_seq"'::regclass, (SELECT MAX("id") FROM "public"."member_role"));
