INSERT INTO public.game (id,name,alias,icon,hidden,metadata,created_at,updated_at) VALUES (1, 'Id', 'NBA2K', 'https://svgshare.com/i/15iw.svg', 'f', '{"player_count":5,"gadgets_per_character":2}', DEFAULT, DEFAULT), (2, 'Nulla', 'NBA2K', 'https://svgshare.com/i/15iw.svg', 'f', '{"player_count":5,"gadgets_per_character":2}', DEFAULT, DEFAULT), (3, 'Duis', 'GTA', 'https://svgshare.com/i/15iw.svg', 'f', '{"player_count":5,"gadgets_per_character":2}', DEFAULT, DEFAULT);
INSERT INTO public.game_object (id,game_id,type,url,name,metadata) VALUES (1, 1, 'character', 'https://svgshare.com/i/16EY.svg', 'proident', '{"Molest":"Horribille ut metu"}'), (2, 1, 'character', 'https://svgshare.com/i/16EY.svg', 'excepteur magna', '{"Omorari":"Es gloriae"}'), (3, 1, 'character', 'https://svgshare.com/i/16EY.svg', 'velit ea', '{"Isti":"Causa non maloribus"}'), (4, 1, 'character', 'https://svgshare.com/i/16EY.svg', 'sit occaecat proident', '{"Ii":"Cursionibus desid omnium"}'), (5, 1, 'character', 'https://svgshare.com/i/16EY.svg', 'eu ullamco', '{"Abiliustit":"Scriberror iudexpetuam"}'), (6, 1, 'character', 'https://svgshare.com/i/16EY.svg', 'in voluptate labore', '{"Expetus":"Motu multos"}'), (7, 1, 'character', 'https://svgshare.com/i/16EY.svg', 'cillum', '{"Litterastris":"Epicitia quo sapientia"}'), (8, 1, 'character', 'https://svgshare.com/i/16EY.svg', 'tempor proident', '{"Rationistis":"Cum in"}'), (9, 1, 'character', 'https://svgshare.com/i/16EY.svg', 'ut consectetur', '{"Legimper":"Doloris endum perspici"}'), (10, 1, 'character', 'https://svgshare.com/i/16EY.svg', 'labore culpa', '{"Indivinter":"Reret sentenebo per"}'), (11, 1, 'character', 'https://svgshare.com/i/16EY.svg', 'aliqua incididunt', '{"Iudici":"Aut ratione nihilius"}'), (12, 1, 'character', 'https://svgshare.com/i/16EY.svg', 'ut nostrud', '{"Indignisi":"Locum mediocritum"}'), (13, 1, 'character', 'https://svgshare.com/i/16EY.svg', 'ad', '{"Probabilit":"Tibi dolorum"}'), (14, 1, 'character', 'https://svgshare.com/i/16EY.svg', 'exercitation laboris', '{"Difficerim":"Quae infinire celeret"}'), (15, 1, 'character', 'https://svgshare.com/i/16EY.svg', 'incididunt ullamco', '{"Ego":"Are itur"}'), (16, 1, 'character', 'https://svgshare.com/i/16EY.svg', 'aliquip labore', '{"Inem":"Sit quem"}'), (17, 1, 'character', 'https://svgshare.com/i/16EY.svg', 'ipsum laboris voluptate', '{"Seditaque":"In beata triarius"}'), (18, 1, 'character', 'https://svgshare.com/i/16EY.svg', 'nulla ipsum', '{"Quod":"Alter mihi cum"}'), (19, 1, 'character', 'https://svgshare.com/i/16EY.svg', 'ullamco', '{"Et":"Ius quam"}'), (20, 1, 'character', 'https://svgshare.com/i/16EY.svg', 'cillum qui', '{"Utillo":"Modo qui philosoptim"}'), (21, 1, 'character', 'https://svgshare.com/i/16EY.svg', 'voluptate sit labore', '{"Si":"Um ani molest"}'), (22, 1, 'character', 'https://svgshare.com/i/16EY.svg', 'consequat in', '{"Eo":"Ationumen ant"}'), (23, 1, 'character', 'https://svgshare.com/i/16EY.svg', 'elit ipsum', '{"Ilesse":"Eum metus"}'), (24, 1, 'character', 'https://svgshare.com/i/16EY.svg', 'aliqua est', '{"De":"Sed nostris"}'), (25, 1, 'character', 'https://svgshare.com/i/16EY.svg', 'ea incididunt', '{"Sancircum":"A quod mutanda"}'), (26, 1, 'character', 'https://svgshare.com/i/16EY.svg', 'irure nisi', '{"Praeclare":"Duo esse al"}'), (27, 1, 'character', 'https://svgshare.com/i/16EY.svg', 'fugiat amet ea', '{"Omnium":"Esse fortitio"}'), (28, 1, 'character', 'https://svgshare.com/i/16EY.svg', 'fugiat duis et', '{"Imo":"Tota probartibus"}'), (29, 1, 'character', 'https://svgshare.com/i/16EY.svg', 'est labore', '{"Convenis":"In tamendae quantus"}'), (30, 1, 'character', 'https://svgshare.com/i/16EY.svg', 'fugiat deserunt', '{"Transferrem":"Recus es"}'), (31, 1, 'character', 'https://svgshare.com/i/16EY.svg', 'proident deserunt culpa', '{"Aut":"Moderem hominstructus"}'), (32, 1, 'character', 'https://svgshare.com/i/16EY.svg', 'incididunt', '{"Cum":"Propterunt debillo ea"}'), (33, 1, 'character', 'https://svgshare.com/i/16EY.svg', 'sit eu', '{"Ipsa":"Eum delectari non"}'), (34, 1, 'character', 'https://svgshare.com/i/16EY.svg', 'anim ut', '{"Iucuniae":"Et dubita"}'), (35, 1, 'character', 'https://svgshare.com/i/16EY.svg', 'ipsum eu laborum', '{"Sed":"Non etiam politatib"}'), (36, 1, 'character', 'https://svgshare.com/i/16EY.svg', 'tempor qui', '{"Eturovat":"Facit musicit"}'), (37, 1, 'character', 'https://svgshare.com/i/16EY.svg', 'reprehenderit', '{"Ent":"Scribi modaretiam se"}'), (38, 1, 'character', 'https://svgshare.com/i/16EY.svg', 'aliquip', '{"En":"Iudicur omnescio a"}'), (39, 1, 'character', 'https://svgshare.com/i/16EY.svg', 'ipsum', '{"Sit":"Anim eadem ido"}'), (40, 1, 'character', 'https://svgshare.com/i/16EY.svg', 'amet non', '{"Sol":"Ea mireria"}'), (41, 1, 'character', 'https://svgshare.com/i/16EY.svg', 'occaecat nulla dolore', '{"E":"Tamque seiunctum iudicultas"}'), (42, 1, 'character', 'https://svgshare.com/i/16EY.svg', 'pariatur velit', '{"Quietem":"Nec quae perspicuum"}'), (43, 1, 'character', 'https://svgshare.com/i/16EY.svg', 'anim laboris', '{"Perspiciatur":"Quid ut"}'), (44, 1, 'character', 'https://svgshare.com/i/16EY.svg', 'cillum nisi', '{"Nam":"Ab voluptatem"}'), (45, 1, 'character', 'https://svgshare.com/i/16EY.svg', 'irure incididunt irure', '{"Sed":"Esse non vitam"}'), (46, 1, 'character', 'https://svgshare.com/i/16EY.svg', 'cupidatat voluptate', '{"Sit":"Hoc quia"}'), (47, 1, 'character', 'https://svgshare.com/i/16EY.svg', 'eu ad', '{"Infinitur":"Legenim se rebus"}'), (48, 1, 'character', 'https://svgshare.com/i/16EY.svg', 'tempor', '{"Ne":"Endae legestiam"}'), (49, 1, 'character', 'https://svgshare.com/i/16EY.svg', 'tempor minim nostrud', '{"Vel":"Putas recoranim"}'), (50, 1, 'gadget', 'https://svgshare.com/i/16EY.svg', 'occaecat', '{"Labit":"Non formidanium"}'), (51, 1, 'gadget', 'https://svgshare.com/i/16EY.svg', 'anim aliqua', '{"Debendi":"Declinamic nec"}'), (52, 1, 'gadget', 'https://svgshare.com/i/16EY.svg', 'laboris sunt', '{"Quid":"Variisque tranquilli"}'), (53, 1, 'gadget', 'https://svgshare.com/i/16EY.svg', 'tempor nulla', '{"Ego":"Intellegan ut"}'), (54, 1, 'gadget', 'https://svgshare.com/i/16EY.svg', 'adipisicing', '{"Imo":"Ilemus in sabini"}'), (55, 1, 'gadget', 'https://svgshare.com/i/16EY.svg', 'cupidatat commodo', '{"Praesennii":"Inter est videt"}'), (56, 1, 'gadget', 'https://svgshare.com/i/16EY.svg', 'nisi laborum laborum', '{"Modis":"Carere ea"}'), (57, 1, 'gadget', 'https://svgshare.com/i/16EY.svg', 'officia nisi', '{"Earum":"Essentenet fortitio constantia"}'), (58, 1, 'gadget', 'https://svgshare.com/i/16EY.svg', 'et', '{"Omnia":"Sententiae inum fanti"}'), (59, 1, 'gadget', 'https://svgshare.com/i/16EY.svg', 'ad velit sint', '{"Enime":"Modo habeo ii"}'), (60, 1, 'gadget', 'https://svgshare.com/i/16EY.svg', 'fugiat eiusmod pariatur', '{"Quod":"Quidem tant inerierun"}'), (61, 1, 'gadget', 'https://svgshare.com/i/16EY.svg', 'aliqua', '{"Pellatur":"Perangore tum eorum"}'), (62, 1, 'gadget', 'https://svgshare.com/i/16EY.svg', 'enim dolor', '{"Nec":"Aptis industria sic"}'), (63, 1, 'gadget', 'https://svgshare.com/i/16EY.svg', 'deserunt', '{"Sit":"Solamus aut voluptatem"}'), (64, 1, 'gadget', 'https://svgshare.com/i/16EY.svg', 'ut adipisicing minim', '{"Quas":"Ius si molest"}'), (65, 1, 'gadget', 'https://svgshare.com/i/16EY.svg', 'Lorem fugiat', '{"Volunum":"Vix graeci esse"}'), (66, 1, 'gadget', 'https://svgshare.com/i/16EY.svg', 'consectetur aliqua', '{"Amurum":"Relique sum"}'), (67, 1, 'gadget', 'https://svgshare.com/i/16EY.svg', 'eu reprehenderit est', '{"Auditis":"Difficeri est"}'), (68, 1, 'gadget', 'https://svgshare.com/i/16EY.svg', 'occaecat consequat', '{"Non":"Relique timeam"}'), (69, 1, 'gadget', 'https://svgshare.com/i/16EY.svg', 'sit dolor', '{"Aut":"Vitamicit ipsius miseret"}'), (70, 1, 'gadget', 'https://svgshare.com/i/16EY.svg', 'culpa id', '{"Nosmetu":"Semelab virtutestiae ales"}'), (71, 1, 'gadget', 'https://svgshare.com/i/16EY.svg', 'ipsum ex do', '{"Graecis":"Cum voluptat"}'), (72, 1, 'gadget', 'https://svgshare.com/i/16EY.svg', 'est excepteur', '{"Mea":"Provoccula a"}'), (73, 1, 'gadget', 'https://svgshare.com/i/16EY.svg', 'sit mollit', '{"Autem":"Inesse intellegam"}'), (74, 1, 'gadget', 'https://svgshare.com/i/16EY.svg', 'est', '{"Ante":"Pleniores etiam qui"}'), (75, 1, 'gadget', 'https://svgshare.com/i/16EY.svg', 'labore voluptate', '{"Studuisti":"Morte ea nostri"}'), (76, 1, 'gadget', 'https://svgshare.com/i/16EY.svg', 'velit amet', '{"Iis":"Multis eius"}'), (77, 1, 'gadget', 'https://svgshare.com/i/16EY.svg', 'in', '{"Aliquaque":"Nocet probati inut"}'), (78, 1, 'gadget', 'https://svgshare.com/i/16EY.svg', 'proident', '{"Quisit":"Angoribid in"}'), (79, 1, 'gadget', 'https://svgshare.com/i/16EY.svg', 'esse cillum', '{"Vivenimus":"Voluptatum audire"}'), (80, 1, 'gadget', 'https://svgshare.com/i/16EY.svg', 'Lorem sint', '{"Erea":"Aut suapte quem"}'), (81, 1, 'gadget', 'https://svgshare.com/i/16EY.svg', 'voluptate dolore velit', '{"Is":"Plato et"}'), (82, 1, 'gadget', 'https://svgshare.com/i/16EY.svg', 'est irure dolor', '{"Sic":"Meo abduce"}'), (83, 1, 'gadget', 'https://svgshare.com/i/16EY.svg', 'veniam', '{"Ando":"Patrioque inter"}'), (84, 1, 'gadget', 'https://svgshare.com/i/16EY.svg', 'ullamco duis', '{"De":"Morte sum audeam"}'), (85, 2, 'character', 'https://svgshare.com/i/16EY.svg', 'anim voluptate excepteur', '{"Finibus":"Ad alterea deseratum"}'), (86, 2, 'character', 'https://svgshare.com/i/16EY.svg', 'tempor culpa', '{"Corporis":"Hominsiden tum"}'), (87, 2, 'character', 'https://svgshare.com/i/16EY.svg', 'culpa esse incididunt', '{"Bonorum":"Docerit si"}'), (88, 2, 'character', 'https://svgshare.com/i/16EY.svg', 'anim irure', '{"Ego":"Enim reperis"}'), (89, 2, 'character', 'https://svgshare.com/i/16EY.svg', 'non magna labore', '{"Libidit":"Dolore qui"}'), (90, 2, 'character', 'https://svgshare.com/i/16EY.svg', 'elit ea', '{"Sit":"Aliquarum est physicis"}'), (91, 2, 'character', 'https://svgshare.com/i/16EY.svg', 'occaecat', '{"Credo":"Et qua dolem"}'), (92, 2, 'character', 'https://svgshare.com/i/16EY.svg', 'velit proident', '{"Hac":"Vidis in modernator"}'), (93, 2, 'character', 'https://svgshare.com/i/16EY.svg', 'consectetur amet', '{"Probest":"Tollatin nihille propterenda"}'), (94, 2, 'character', 'https://svgshare.com/i/16EY.svg', 'aute voluptate', '{"Nutu":"Capti placet quam"}'), (95, 2, 'character', 'https://svgshare.com/i/16EY.svg', 'enim est', '{"Cuiquamurnit":"Enimperner timum"}'), (96, 2, 'character', 'https://svgshare.com/i/16EY.svg', 'in culpa', '{"Susceptur":"Nostrum supplication"}'), (97, 2, 'character', 'https://svgshare.com/i/16EY.svg', 'id aliqua', '{"Id":"Cur congressuspic iudice"}'), (98, 2, 'character', 'https://svgshare.com/i/16EY.svg', 'tempor', '{"Ea":"Legi philosophiae"}'), (99, 2, 'character', 'https://svgshare.com/i/16EY.svg', 'anim Lorem', '{"Sensio":"Autemoder modo"}'), (100, 2, 'character', 'https://svgshare.com/i/16EY.svg', 'in', '{"Ratione":"Legere et"}'), (101, 2, 'character', 'https://svgshare.com/i/16EY.svg', 'voluptate', '{"Vero":"Ratione latin et"}'), (102, 2, 'character', 'https://svgshare.com/i/16EY.svg', 'qui nisi in', '{"Eum":"Nam scaevolum nullam"}'), (103, 2, 'character', 'https://svgshare.com/i/16EY.svg', 'eiusmod ut', '{"Nihillum":"Sed tibi"}'), (104, 2, 'character', 'https://svgshare.com/i/16EY.svg', 'sint laboris dolore', '{"Sedulantib":"Idituro per"}'), (105, 2, 'character', 'https://svgshare.com/i/16EY.svg', 'qui pariatur', '{"Placet":"Prospexitar omnes"}'), (106, 2, 'character', 'https://svgshare.com/i/16EY.svg', 'sit dolor', '{"Ergo":"Facilius nec"}'), (107, 2, 'character', 'https://svgshare.com/i/16EY.svg', 'nisi Lorem est', '{"Inorest":"Mundus est"}'), (108, 2, 'character', 'https://svgshare.com/i/16EY.svg', 'proident laborum culpa', '{"Causae":"Doloribus quidem"}'), (109, 2, 'character', 'https://svgshare.com/i/16EY.svg', 'ex irure pariatur', '{"Nisi":"Plane depravat"}'), (110, 2, 'character', 'https://svgshare.com/i/16EY.svg', 'elit nostrud', '{"Integre":"Philos sed expectate"}'), (111, 2, 'character', 'https://svgshare.com/i/16EY.svg', 'exercitation enim', '{"Quidem":"Clamatomnis possunt"}'), (112, 2, 'character', 'https://svgshare.com/i/16EY.svg', 'non nisi ipsum', '{"Delectam":"Bonas levate"}'), (113, 2, 'character', 'https://svgshare.com/i/16EY.svg', 'ad voluptate id', '{"Metu":"Spe adverbum imo"}'), (114, 2, 'character', 'https://svgshare.com/i/16EY.svg', 'non minim', '{"Eo":"Studuisset ipsam"}'), (115, 2, 'character', 'https://svgshare.com/i/16EY.svg', 'incididunt consectetur qui', '{"Invenerim":"Defentur aliquod"}'), (116, 2, 'character', 'https://svgshare.com/i/16EY.svg', 'elit dolor', '{"Et":"Quodsi dicet nis"}'), (117, 2, 'character', 'https://svgshare.com/i/16EY.svg', 'qui dolor', '{"Chaere":"Maioribus nisi am"}'), (118, 2, 'character', 'https://svgshare.com/i/16EY.svg', 'quis anim', '{"Tum":"Me quibus aut"}'), (119, 2, 'character', 'https://svgshare.com/i/16EY.svg', 'dolor ea', '{"Mentitil":"Nullo p docui"}'), (120, 2, 'character', 'https://svgshare.com/i/16EY.svg', 'ea Lorem', '{"Ento":"Dolerum labefaces sensu"}'), (121, 2, 'character', 'https://svgshare.com/i/16EY.svg', 'voluptate fugiat consectetur', '{"Ita":"Omnia cum"}'), (122, 2, 'character', 'https://svgshare.com/i/16EY.svg', 'id mollit', '{"Homo":"Qua novi"}'), (123, 2, 'character', 'https://svgshare.com/i/16EY.svg', 'commodo', '{"Familis":"Non et omne"}'), (124, 2, 'gadget', 'https://svgshare.com/i/16EY.svg', 'dolor consequat', '{"Maius":"Duo fastidium quae"}'), (125, 2, 'gadget', 'https://svgshare.com/i/16EY.svg', 'proident sunt cillum', '{"Totam":"Minim expeditur itaque"}'), (126, 2, 'gadget', 'https://svgshare.com/i/16EY.svg', 'cillum consectetur veniam', '{"Minut":"Epicur inum"}'), (127, 2, 'gadget', 'https://svgshare.com/i/16EY.svg', 'irure', '{"Propter":"Quapropteris epicitia quodsi"}'), (128, 2, 'gadget', 'https://svgshare.com/i/16EY.svg', 'commodo', '{"Inum":"Certe verbis ullam"}'), (129, 2, 'gadget', 'https://svgshare.com/i/16EY.svg', 'Lorem mollit', '{"Quadamicar":"Pecunum atione"}'), (130, 2, 'gadget', 'https://svgshare.com/i/16EY.svg', 'amet ipsum', '{"Doloresset":"Fortunt hoc"}'), (131, 2, 'gadget', 'https://svgshare.com/i/16EY.svg', 'proident cupidatat', '{"Ipsi":"Exeros es rem"}'), (132, 2, 'gadget', 'https://svgshare.com/i/16EY.svg', 'cupidatat dolore', '{"A":"Quam beatamicia solvantur"}'), (133, 2, 'gadget', 'https://svgshare.com/i/16EY.svg', 'qui', '{"Esse":"Sole et"}'), (134, 2, 'gadget', 'https://svgshare.com/i/16EY.svg', 'et mollit deserunt', '{"Dissero":"Multis diligiter permulti"}'), (135, 2, 'gadget', 'https://svgshare.com/i/16EY.svg', 'deserunt', '{"Ad":"Torquatistim quicquam nos"}'), (136, 2, 'gadget', 'https://svgshare.com/i/16EY.svg', 'do officia eiusmod', '{"Esse":"Omnia viderudin nunc"}'), (137, 2, 'gadget', 'https://svgshare.com/i/16EY.svg', 'labore', '{"Satiscuntur":"Nullo reprehenim"}'), (138, 2, 'gadget', 'https://svgshare.com/i/16EY.svg', 'exercitation excepteur', '{"Qui":"At aut rebus"}'), (139, 2, 'gadget', 'https://svgshare.com/i/16EY.svg', 'enim duis sint', '{"Referenter":"Vivatum nihil"}'), (140, 2, 'gadget', 'https://svgshare.com/i/16EY.svg', 'esse mollit', '{"Anime":"Doctior haec cum"}'), (141, 2, 'gadget', 'https://svgshare.com/i/16EY.svg', 'aliqua excepteur', '{"Reprehent":"Hoc ferebimi"}'), (142, 2, 'gadget', 'https://svgshare.com/i/16EY.svg', 'reprehenderit aute', '{"Sit":"Neque epicitat propriusque"}'), (143, 2, 'gadget', 'https://svgshare.com/i/16EY.svg', 'aute quis', '{"Cum":"Repertitia rata de"}'), (144, 2, 'gadget', 'https://svgshare.com/i/16EY.svg', 'cillum labore ea', '{"De":"Quod reret tantopere"}'), (145, 2, 'gadget', 'https://svgshare.com/i/16EY.svg', 'et ea', '{"Nullo":"Et confirmatum cupidinit"}'), (146, 2, 'gadget', 'https://svgshare.com/i/16EY.svg', 'cillum voluptate', '{"Non":"Vos esse"}'), (147, 2, 'gadget', 'https://svgshare.com/i/16EY.svg', 'cillum', '{"Dolorum":"Cupidciret et autem"}'), (148, 2, 'gadget', 'https://svgshare.com/i/16EY.svg', 'ex', '{"Fugiendus":"Quibus inum quoniam"}'), (149, 2, 'gadget', 'https://svgshare.com/i/16EY.svg', 'consequat deserunt', '{"Copulare":"Moles uti inter"}'), (150, 2, 'gadget', 'https://svgshare.com/i/16EY.svg', 'tempor', '{"Est":"Non autem"}'), (151, 2, 'gadget', 'https://svgshare.com/i/16EY.svg', 'ad Lorem', '{"Synephebosop":"Id qua"}'), (152, 2, 'gadget', 'https://svgshare.com/i/16EY.svg', 'eiusmod excepteur nostrud', '{"Cuius":"Ipse voluptatum"}'), (153, 2, 'gadget', 'https://svgshare.com/i/16EY.svg', 'voluptate consequat', '{"Voluptates":"Quod iliuste infinire"}'), (154, 2, 'gadget', 'https://svgshare.com/i/16EY.svg', 'enim', '{"Bello":"Modo famil"}'), (155, 2, 'gadget', 'https://svgshare.com/i/16EY.svg', 'eu Lorem', '{"Corrigeret":"Esse tu atil"}'), (156, 2, 'gadget', 'https://svgshare.com/i/16EY.svg', 'minim', '{"Eturalios":"Fugiam profectatum linab"}'), (157, 2, 'gadget', 'https://svgshare.com/i/16EY.svg', 'mollit adipisicing irure', '{"Ad":"Dis ut versanosop"}'), (158, 2, 'gadget', 'https://svgshare.com/i/16EY.svg', 'culpa eu aliquip', '{"Poetae":"Sed haec"}'), (159, 2, 'gadget', 'https://svgshare.com/i/16EY.svg', 'deserunt magna nulla', '{"Propterror":"Nostris nocet"}'), (160, 2, 'gadget', 'https://svgshare.com/i/16EY.svg', 'fugiat est', '{"Nollem":"Quas ab"}'), (161, 2, 'gadget', 'https://svgshare.com/i/16EY.svg', 'laborum', '{"Itatis":"Enimi qua"}'), (162, 2, 'gadget', 'https://svgshare.com/i/16EY.svg', 'irure anim', '{"Omnia":"Relique in"}'), (163, 2, 'gadget', 'https://svgshare.com/i/16EY.svg', 'nulla Lorem', '{"Valla":"Dolorum saxum"}'), (164, 2, 'gadget', 'https://svgshare.com/i/16EY.svg', 'magna ea amet', '{"Romangere":"In bonis disceduntur"}'), (165, 2, 'gadget', 'https://svgshare.com/i/16EY.svg', 'cillum enim', '{"Iucunt":"Neces non"}'), (166, 2, 'gadget', 'https://svgshare.com/i/16EY.svg', 'aliquip fugiat mollit', '{"Rerum":"Autem et"}'), (167, 2, 'gadget', 'https://svgshare.com/i/16EY.svg', 'ut duis', '{"Dixi":"Video scripta eosque"}'), (168, 2, 'gadget', 'https://svgshare.com/i/16EY.svg', 'velit cupidatat', '{"Plus":"Liberatem dere"}'), (169, 2, 'gadget', 'https://svgshare.com/i/16EY.svg', 'culpa excepteur esse', '{"Signifere":"Ea etiam ex"}'), (170, 2, 'gadget', 'https://svgshare.com/i/16EY.svg', 'ipsum', '{"Victi":"Nec bonorisque"}'), (171, 2, 'gadget', 'https://svgshare.com/i/16EY.svg', 'qui cupidatat ex', '{"Modum":"Suum feceret distrahi"}'), (172, 3, 'character', 'https://svgshare.com/i/16EY.svg', 'cillum enim', '{"Genuit":"Cotidcirco omnium"}'), (173, 3, 'character', 'https://svgshare.com/i/16EY.svg', 'nisi enim', '{"Autem":"In fieri nec"}'), (174, 3, 'character', 'https://svgshare.com/i/16EY.svg', 'ut commodo ea', '{"Totum":"Graeca aboresse"}'), (175, 3, 'character', 'https://svgshare.com/i/16EY.svg', 'quis occaecat', '{"Am":"Tantopermit quae careat"}'), (176, 3, 'character', 'https://svgshare.com/i/16EY.svg', 'deserunt non', '{"A":"Esse fieri"}'), (177, 3, 'character', 'https://svgshare.com/i/16EY.svg', 'nostrud', '{"Idque":"Voluptare sint as"}'), (178, 3, 'character', 'https://svgshare.com/i/16EY.svg', 'duis dolore', '{"Hominam":"Maloriant sus poterudin"}'), (179, 3, 'character', 'https://svgshare.com/i/16EY.svg', 'proident', '{"Igita":"Uti orest ini"}'), (180, 3, 'character', 'https://svgshare.com/i/16EY.svg', 'aliqua excepteur', '{"Videt":"Nomin ipsi"}'), (181, 3, 'character', 'https://svgshare.com/i/16EY.svg', 'dolore sunt', '{"Vi":"Ut impendere"}'), (182, 3, 'character', 'https://svgshare.com/i/16EY.svg', 'occaecat culpa', '{"Appellat":"Te nunc rebus"}'), (183, 3, 'character', 'https://svgshare.com/i/16EY.svg', 'pariatur enim officia', '{"Decornatur":"Ipsa fruenda aut"}'), (184, 3, 'character', 'https://svgshare.com/i/16EY.svg', 'consectetur aliqua nisi', '{"Ne":"Epicab cum propterire"}'), (185, 3, 'character', 'https://svgshare.com/i/16EY.svg', 'amet commodo', '{"Alem":"In discipi endum"}'), (186, 3, 'character', 'https://svgshare.com/i/16EY.svg', 'qui nisi', '{"M":"Puerillud autem e"}'), (187, 3, 'character', 'https://svgshare.com/i/16EY.svg', 'laborum', '{"Salutrumque":"Arbitrore falsi"}'), (188, 3, 'character', 'https://svgshare.com/i/16EY.svg', 'exercitation', '{"Utionis":"Ad ina"}'), (189, 3, 'character', 'https://svgshare.com/i/16EY.svg', 'ea officia', '{"Potius":"In laborem lud"}'), (190, 3, 'character', 'https://svgshare.com/i/16EY.svg', 'sint', '{"Alita":"Videre aliae"}'), (191, 3, 'character', 'https://svgshare.com/i/16EY.svg', 'ipsum', '{"Causa":"Malunt intellegim facillum"}'), (192, 3, 'character', 'https://svgshare.com/i/16EY.svg', 'ad esse', '{"Fugientiam":"Iudicita maximperdid"}'), (193, 3, 'character', 'https://svgshare.com/i/16EY.svg', 'ea reprehenderit', '{"Fieri":"Nullo avis iturnitioq"}'), (194, 3, 'character', 'https://svgshare.com/i/16EY.svg', 'nisi dolore ex', '{"Traderunt":"Tamentiam crucian longinquit"}'), (195, 3, 'character', 'https://svgshare.com/i/16EY.svg', 'culpa pariatur laboris', '{"Efac":"Et quae"}'), (196, 3, 'character', 'https://svgshare.com/i/16EY.svg', 'ullamco mollit', '{"Illa":"Beate praeda si"}'), (197, 3, 'character', 'https://svgshare.com/i/16EY.svg', 'culpa', '{"Eo":"Molest omnes"}'), (198, 3, 'character', 'https://svgshare.com/i/16EY.svg', 'aliqua', '{"Probest":"Praeteremus cum"}'), (199, 3, 'character', 'https://svgshare.com/i/16EY.svg', 'enim ad quis', '{"Ea":"Appetu sum docet"}'), (200, 3, 'character', 'https://svgshare.com/i/16EY.svg', 'Lorem laboris enim', '{"Omnem":"Beate faciam affecta"}'), (201, 3, 'character', 'https://svgshare.com/i/16EY.svg', 'sit', '{"Scriben":"Imus torum id"}'), (202, 3, 'character', 'https://svgshare.com/i/16EY.svg', 'magna', '{"Invitium":"It licam medium"}'), (203, 3, 'character', 'https://svgshare.com/i/16EY.svg', 'pariatur', '{"Qui":"Te eoque es"}'), (204, 3, 'character', 'https://svgshare.com/i/16EY.svg', 'occaecat voluptate laborum', '{"Contem":"Robus reiciens paren"}'), (205, 3, 'character', 'https://svgshare.com/i/16EY.svg', 'culpa cillum', '{"Ine":"Ad quod quarum"}'), (206, 3, 'character', 'https://svgshare.com/i/16EY.svg', 'sint anim', '{"Locosophor":"Res et"}'), (207, 3, 'character', 'https://svgshare.com/i/16EY.svg', 'excepteur cillum aliqua', '{"Iis":"Amicata est"}'), (208, 3, 'character', 'https://svgshare.com/i/16EY.svg', 'eiusmod elit duis', '{"In":"Finibusan nos"}'), (209, 3, 'character', 'https://svgshare.com/i/16EY.svg', 'tempor labore', '{"Si":"Dolor in"}'), (210, 3, 'character', 'https://svgshare.com/i/16EY.svg', 'est enim', '{"Perspicuum":"Issimis utrius nec"}'), (211, 3, 'gadget', 'https://svgshare.com/i/16EY.svg', 'exercitation irure', '{"Tum":"Ab cum disserentes"}'), (212, 3, 'gadget', 'https://svgshare.com/i/16EY.svg', 'enim sint', '{"Neque":"Sunt in"}'), (213, 3, 'gadget', 'https://svgshare.com/i/16EY.svg', 'aliquip', '{"In":"Multa indivinclus"}'), (214, 3, 'gadget', 'https://svgshare.com/i/16EY.svg', 'veniam nulla', '{"Met":"Et autem"}'), (215, 3, 'gadget', 'https://svgshare.com/i/16EY.svg', 'cillum elit', '{"Explicem":"Rerum epicur"}'), (216, 3, 'gadget', 'https://svgshare.com/i/16EY.svg', 'culpa quis', '{"Natur":"Eorum utrumvis e"}'), (217, 3, 'gadget', 'https://svgshare.com/i/16EY.svg', 'ad', '{"Ine":"Es optari"}'), (218, 3, 'gadget', 'https://svgshare.com/i/16EY.svg', 'sunt', '{"Quidnam":"Omnium facullam"}'), (219, 3, 'gadget', 'https://svgshare.com/i/16EY.svg', 'nostrud dolore magna', '{"Quod":"Saepti ineri"}'), (220, 3, 'gadget', 'https://svgshare.com/i/16EY.svg', 'anim', '{"Inquam":"Legime tibusque legi"}'), (221, 3, 'gadget', 'https://svgshare.com/i/16EY.svg', 'Lorem', '{"Aut":"Esset quae ophia"}'), (222, 3, 'gadget', 'https://svgshare.com/i/16EY.svg', 'occaecat labore ad', '{"Neque":"Eorum privavisset"}'), (223, 3, 'gadget', 'https://svgshare.com/i/16EY.svg', 'qui est minim', '{"Cupiderum":"Sibi statuamur"}'), (224, 3, 'gadget', 'https://svgshare.com/i/16EY.svg', 'et velit', '{"Dissentinguiq":"Ius amicia voluptatem"}'), (225, 3, 'gadget', 'https://svgshare.com/i/16EY.svg', 'sunt est', '{"Omni":"D rem convenire"}'), (226, 3, 'gadget', 'https://svgshare.com/i/16EY.svg', 'in reprehenderit', '{"Civium":"Habertimum iner declinatom"}'), (227, 3, 'gadget', 'https://svgshare.com/i/16EY.svg', 'culpa Lorem', '{"Hominter":"Posse fastidii"}'), (228, 3, 'gadget', 'https://svgshare.com/i/16EY.svg', 'anim eu', '{"Utilii":"Dixit dolorest"}'), (229, 3, 'gadget', 'https://svgshare.com/i/16EY.svg', 'voluptate ipsum', '{"Pectantas":"Quod uta vitae"}'), (230, 3, 'gadget', 'https://svgshare.com/i/16EY.svg', 'aliqua officia', '{"Rem":"Quos ego"}'), (231, 3, 'gadget', 'https://svgshare.com/i/16EY.svg', 'exercitation id', '{"Factis":"Ilisti quam"}'), (232, 3, 'gadget', 'https://svgshare.com/i/16EY.svg', 'non', '{"Eo":"Ac qui"}'), (233, 3, 'gadget', 'https://svgshare.com/i/16EY.svg', 'elit aliquip consequat', '{"Esse":"Naturi cupidua ne"}'), (234, 3, 'gadget', 'https://svgshare.com/i/16EY.svg', 'esse', '{"Maior":"De detraxit abilla"}'), (235, 3, 'gadget', 'https://svgshare.com/i/16EY.svg', 'consectetur sint', '{"Ipsam":"Quamquam quod es"}'), (236, 3, 'gadget', 'https://svgshare.com/i/16EY.svg', 'sit sit occaecat', '{"Commodo":"Ophiae accusante"}'), (237, 3, 'gadget', 'https://svgshare.com/i/16EY.svg', 'eu dolore', '{"Expetent":"Quis libiderun"}'), (238, 3, 'gadget', 'https://svgshare.com/i/16EY.svg', 'amet aliqua', '{"Aeque":"Perantes estatemus sint"}'), (239, 3, 'gadget', 'https://svgshare.com/i/16EY.svg', 'et', '{"Nosterum":"Igitat latin res"}'), (240, 3, 'gadget', 'https://svgshare.com/i/16EY.svg', 'officia est minim', '{"Relique":"Endis leviustit quem"}'), (241, 3, 'gadget', 'https://svgshare.com/i/16EY.svg', 'enim ut', '{"Est":"Tamquam audire"}'), (242, 3, 'gadget', 'https://svgshare.com/i/16EY.svg', 'veniam proident', '{"Inprobata":"Etiam mortem"}'), (243, 3, 'gadget', 'https://svgshare.com/i/16EY.svg', 'nulla', '{"Satis":"De quo"}'), (244, 3, 'gadget', 'https://svgshare.com/i/16EY.svg', 'consequat aliqua', '{"Philosopor":"Libere ego de"}'), (245, 3, 'gadget', 'https://svgshare.com/i/16EY.svg', 'irure pariatur non', '{"Abitiae":"Sit praeclare"}'), (246, 3, 'gadget', 'https://svgshare.com/i/16EY.svg', 'enim consequat', '{"Et":"Loco sed"}'), (247, 3, 'gadget', 'https://svgshare.com/i/16EY.svg', 'officia veniam Lorem', '{"Sunt":"Quo recta"}'), (248, 3, 'gadget', 'https://svgshare.com/i/16EY.svg', 'nostrud', '{"Sunt":"Rerum probis improbavis"}'), (249, 3, 'gadget', 'https://svgshare.com/i/16EY.svg', 'cillum', '{"Declineam":"Diceriet maximperan oblique"}'), (250, 3, 'gadget', 'https://svgshare.com/i/16EY.svg', 'dolor amet', '{"Vita":"Copullius sint vituptatum"}'), (251, 3, 'gadget', 'https://svgshare.com/i/16EY.svg', 'in culpa', '{"Inmors":"Ut naturum quem"}'), (252, 3, 'gadget', 'https://svgshare.com/i/16EY.svg', 'mollit eiusmod', '{"Hoc":"Statue concludatom ut"}'), (253, 3, 'gadget', 'https://svgshare.com/i/16EY.svg', 'dolor elit amet', '{"Cuius":"Sunt atomnia quidemus"}'), (254, 3, 'gadget', 'https://svgshare.com/i/16EY.svg', 'tempor dolor', '{"Sunt":"Accedundus aeque"}'), (255, 3, 'gadget', 'https://svgshare.com/i/16EY.svg', 'in nulla', '{"Segniorem":"Perfungimur vitae ut"}'), (256, 3, 'gadget', 'https://svgshare.com/i/16EY.svg', 'veniam', '{"Veri":"Autem graecisti"}'), (257, 3, 'gadget', 'https://svgshare.com/i/16EY.svg', 'do incididunt', '{"Efficii":"Ad summum"}'), (258, 3, 'gadget', 'https://svgshare.com/i/16EY.svg', 'occaecat sint', '{"Legenim":"Alique eodemus"}'), (259, 3, 'gadget', 'https://svgshare.com/i/16EY.svg', 'nostrud esse voluptate', '{"Unt":"Tum augentur tam"}');
SELECT setval('"public"."game_id_seq"'::regclass, (SELECT MAX("id") FROM "public"."game"));
SELECT setval('"public"."game_object_id_seq"'::regclass, (SELECT MAX("id") FROM "public"."game_object"));
INSERT INTO public.team (id,name,plan_id,game_id,created_at,updated_at) VALUES ('7c2c4732-09c1-5f7b-87ca-c53e7497b4ef', 'Consequat Eu', NULL, 3, DEFAULT, DEFAULT), ('f50563b6-8532-51ec-b121-d8c6bca3e897', 'Et Lorem In', NULL, 3, DEFAULT, DEFAULT), ('5e20f9a8-7b26-5a5f-8426-6b12c182d23c', 'Nisi Lorem Elit', NULL, 2, DEFAULT, DEFAULT), ('53fe0e9e-3358-5722-b994-4faad8733cd3', 'Ipsum Minim Mollit R', NULL, 3, DEFAULT, DEFAULT), ('782f7eda-e535-5ab3-8415-643126d3b0fa', 'Laborum Velit Duis V', NULL, 1, DEFAULT, DEFAULT), ('5daf6f25-3b97-5f49-8f75-4ba5d1d74cd3', 'Adipisicing Aute Lor', NULL, 3, DEFAULT, DEFAULT);
INSERT INTO public.plan (id,name,pricing,pricing_interval,default_plan,config,created_at,updated_at) VALUES (1, 'Essential', 0, 'annually', 't', '{"max_members":6,"max_blueprints":100,"max_books":20}', DEFAULT, DEFAULT), (2, 'Advanced', 15.803108597090716, 'annually', 'f', '{"max_members":12,"max_blueprints":200,"max_books":40}', DEFAULT, DEFAULT), (3, 'Pro', 12.111348826482082, 'monthly', 'f', '{"max_members":18,"max_blueprints":300,"max_books":60}', DEFAULT, DEFAULT);
INSERT INTO public.book (id,name,team_id,created_at,updated_at) VALUES ('1e7e0bcb-4fc0-5d72-81a5-d67a74a13595', 'Voluptate Velit', '7c2c4732-09c1-5f7b-87ca-c53e7497b4ef', DEFAULT, DEFAULT), ('d297ab9e-40d4-51b5-bb8f-a1df399f1a9a', 'Quis Do', '7c2c4732-09c1-5f7b-87ca-c53e7497b4ef', DEFAULT, DEFAULT), ('d1b8f3f8-af26-5088-8712-273c28ba98f7', 'Aliquip', '7c2c4732-09c1-5f7b-87ca-c53e7497b4ef', DEFAULT, DEFAULT), ('3ff60d7a-a4ad-54c5-a422-53b52cd53093', 'Sunt', '7c2c4732-09c1-5f7b-87ca-c53e7497b4ef', DEFAULT, DEFAULT), ('98eaafd3-adbf-5a3e-adb9-b3fb6971b6f1', 'Ex Voluptate', 'f50563b6-8532-51ec-b121-d8c6bca3e897', DEFAULT, DEFAULT), ('2d1d7734-be70-5d07-a538-e76c6cae722e', 'Voluptate Est Proide', 'f50563b6-8532-51ec-b121-d8c6bca3e897', DEFAULT, DEFAULT), ('b5605791-3389-56c2-9ec6-17d538b9bb85', 'Sit Amet', 'f50563b6-8532-51ec-b121-d8c6bca3e897', DEFAULT, DEFAULT), ('d19db439-c7e7-53a7-aa19-0db346180dc1', 'Et Commodo Nisi', '5e20f9a8-7b26-5a5f-8426-6b12c182d23c', DEFAULT, DEFAULT), ('91434b27-2651-5429-8f42-45c3f8e334a0', 'Voluptate Exercitati', '5e20f9a8-7b26-5a5f-8426-6b12c182d23c', DEFAULT, DEFAULT), ('549980e7-3e77-5d76-b263-84664d04b209', 'Incididunt Minim Ani', '5e20f9a8-7b26-5a5f-8426-6b12c182d23c', DEFAULT, DEFAULT), ('e4de1a09-bd9a-5e42-b92c-2cb1af28bec6', 'Quis Amet', '5e20f9a8-7b26-5a5f-8426-6b12c182d23c', DEFAULT, DEFAULT), ('f4b5542b-ba61-519e-a8d2-5793282ad487', 'Reprehenderit Fugiat', '5e20f9a8-7b26-5a5f-8426-6b12c182d23c', DEFAULT, DEFAULT), ('cd7c291a-6d6e-5632-91e5-b7fd7a634d7d', 'Magna', '5e20f9a8-7b26-5a5f-8426-6b12c182d23c', DEFAULT, DEFAULT), ('4da5a34b-d621-539d-93ed-4bd842601284', 'Velit Commodo Est', '5e20f9a8-7b26-5a5f-8426-6b12c182d23c', DEFAULT, DEFAULT), ('eb3795e9-0dc2-506f-818c-e81bf7149197', 'Cupidatat', '5e20f9a8-7b26-5a5f-8426-6b12c182d23c', DEFAULT, DEFAULT), ('3dbd7acc-a0c5-5607-8378-ec8dc206b269', 'Consequat', '5e20f9a8-7b26-5a5f-8426-6b12c182d23c', DEFAULT, DEFAULT), ('b32027db-33da-5dc2-b906-e0c2a06ac683', 'Consectetur Cupidata', '53fe0e9e-3358-5722-b994-4faad8733cd3', DEFAULT, DEFAULT), ('b7a89d05-549f-565f-b631-b59097e91d1a', 'Ut', '53fe0e9e-3358-5722-b994-4faad8733cd3', DEFAULT, DEFAULT), ('ac9f0e3e-b030-584f-a8dd-87355fe22537', 'Nostrud Ut Fugiat', '53fe0e9e-3358-5722-b994-4faad8733cd3', DEFAULT, DEFAULT), ('438bff0e-fd50-5c86-89ee-d397a0c0e548', 'Veniam Quis', '53fe0e9e-3358-5722-b994-4faad8733cd3', DEFAULT, DEFAULT), ('9bf2ad50-cccb-50eb-8269-3a7e78bd21f5', 'Exercitation Culpa', '53fe0e9e-3358-5722-b994-4faad8733cd3', DEFAULT, DEFAULT), ('36f6f3ba-e867-5008-b6c1-829e989f9d2f', 'Adipisicing Duis Fug', '53fe0e9e-3358-5722-b994-4faad8733cd3', DEFAULT, DEFAULT), ('a3141029-aec2-543b-b18a-49fe947e3304', 'Reprehenderit', '782f7eda-e535-5ab3-8415-643126d3b0fa', DEFAULT, DEFAULT), ('6c52c1d9-13a4-51ef-ae51-1dacc4c14be9', 'Voluptate Adipisicin', '782f7eda-e535-5ab3-8415-643126d3b0fa', DEFAULT, DEFAULT), ('2589cf16-4103-5a4f-b544-b30078083eaa', 'Pariatur Voluptate S', '782f7eda-e535-5ab3-8415-643126d3b0fa', DEFAULT, DEFAULT), ('a88bc9b9-135e-55c7-8c4c-5a072a3c8573', 'Commodo Ea Ut', '782f7eda-e535-5ab3-8415-643126d3b0fa', DEFAULT, DEFAULT), ('8b7e423b-b9b9-5b3c-bf3d-1aa45d16235c', 'Ad', '782f7eda-e535-5ab3-8415-643126d3b0fa', DEFAULT, DEFAULT), ('882c7ae5-914f-539d-8207-691de536097f', 'Qui', '782f7eda-e535-5ab3-8415-643126d3b0fa', DEFAULT, DEFAULT), ('811570ef-0b81-508d-ba05-2f5e812d4131', 'Adipisicing', '782f7eda-e535-5ab3-8415-643126d3b0fa', DEFAULT, DEFAULT), ('29b47b7e-4cec-5d5a-b93d-172770b57ed6', 'Mollit', '782f7eda-e535-5ab3-8415-643126d3b0fa', DEFAULT, DEFAULT), ('9b1fc781-1e4e-56d2-bd68-0dc257a319c0', 'Proident Qui', '5daf6f25-3b97-5f49-8f75-4ba5d1d74cd3', DEFAULT, DEFAULT), ('8a0a556f-d942-55f0-8ba8-1ffbfaf3c6d9', 'Irure', '5daf6f25-3b97-5f49-8f75-4ba5d1d74cd3', DEFAULT, DEFAULT), ('91fa3874-9437-5dfa-a49a-f19fb38d9e92', 'Deserunt Laborum', '5daf6f25-3b97-5f49-8f75-4ba5d1d74cd3', DEFAULT, DEFAULT), ('eda91f04-12ef-5904-88aa-e6ed9a692e03', 'Do Duis', '5daf6f25-3b97-5f49-8f75-4ba5d1d74cd3', DEFAULT, DEFAULT), ('1d3f740a-8c60-5c1d-aa9e-3854a33c8e1d', 'Ipsum Elit', '5daf6f25-3b97-5f49-8f75-4ba5d1d74cd3', DEFAULT, DEFAULT), ('d9bba68a-079c-5141-bd43-756b87167584', 'Culpa', '5daf6f25-3b97-5f49-8f75-4ba5d1d74cd3', DEFAULT, DEFAULT), ('ca65e33b-de71-5d46-933a-849036127987', 'Irure Veniam Deserun', '5daf6f25-3b97-5f49-8f75-4ba5d1d74cd3', DEFAULT, DEFAULT), ('f52ce409-f800-5a86-b4ed-ce1a99a8a6ae', 'Dolor Sit', '5daf6f25-3b97-5f49-8f75-4ba5d1d74cd3', DEFAULT, DEFAULT);
UPDATE public.team SET plan_id = 1 WHERE id = '7c2c4732-09c1-5f7b-87ca-c53e7497b4ef';
UPDATE public.team SET plan_id = 1 WHERE id = 'f50563b6-8532-51ec-b121-d8c6bca3e897';
UPDATE public.team SET plan_id = 2 WHERE id = '5e20f9a8-7b26-5a5f-8426-6b12c182d23c';
UPDATE public.team SET plan_id = 2 WHERE id = '53fe0e9e-3358-5722-b994-4faad8733cd3';
UPDATE public.team SET plan_id = 3 WHERE id = '782f7eda-e535-5ab3-8415-643126d3b0fa';
UPDATE public.team SET plan_id = 3 WHERE id = '5daf6f25-3b97-5f49-8f75-4ba5d1d74cd3';
SELECT setval('"public"."plan_id_seq"'::regclass, (SELECT MAX("id") FROM "public"."plan"));
INSERT INTO public.arena (id,game_id,name,metadata,outdated,created_at,updated_at) VALUES (1, 1, 'Silverlake Stadium', DEFAULT, 't', DEFAULT, DEFAULT), (2, 1, 'Downtown Plaza Pavilion', DEFAULT, 'f', DEFAULT, DEFAULT), (3, 1, 'Bayshore Pavilion', DEFAULT, 't', DEFAULT, DEFAULT), (4, 1, 'Sunset Stadium', DEFAULT, 't', DEFAULT, DEFAULT), (5, 1, 'Downtown Square Pavilion', DEFAULT, 't', DEFAULT, DEFAULT), (6, 1, 'Oceanfront Amphitheater', DEFAULT, 'f', DEFAULT, DEFAULT), (7, 2, 'Main Square Arena', DEFAULT, 'f', DEFAULT, DEFAULT), (8, 1, 'Southbank Arena', DEFAULT, 't', DEFAULT, DEFAULT), (9, 2, 'Waterfront Amphitheater', DEFAULT, 'f', DEFAULT, DEFAULT), (10, 1, 'Meadowbrook Pavilion', DEFAULT, 'f', DEFAULT, DEFAULT);
SELECT setval('"public"."arena_id_seq"'::regclass, (SELECT MAX("id") FROM "public"."arena"));
INSERT INTO public.blueprint (id,book_id,arena_id,visibility,name,tags,created_at,updated_at) VALUES ('fd4a2d4e-8569-59ca-837d-fb7fa0ab1be1', '29b47b7e-4cec-5d5a-b93d-172770b57ed6', 5, 'public', 'Roaming Support Plan', '{"in eu","eiusmod elit","elit","laborum","officia ea"}', DEFAULT, DEFAULT), ('e0502ed9-8194-54d4-be5d-43176e2a7438', '91fa3874-9437-5dfa-a49a-f19fb38d9e92', 8, 'unlisted', 'Roaming Support Plan', '{"tempor"}', DEFAULT, DEFAULT), ('cba89714-5b1d-590f-92a2-27cfb555b7e4', 'b7a89d05-549f-565f-b631-b59097e91d1a', 4, 'public', 'Gank Heavy Approach', '{"proident consequat ullamco molli","exercitation ipsum","non proident ut anim","esse ullamco sunt sit","labore dolore aliqua amet","consequat sit anim anim","in proident","magna ad exercitation elit sit","officia eiusmod eiusmod exercita"}', DEFAULT, DEFAULT), ('497b8842-fb80-5638-ba6f-3f3e64daa06b', 'd297ab9e-40d4-51b5-bb8f-a1df399f1a9a', 2, 'public', 'Map Control Blueprint', '{"magna consectetur tempor sit","mollit cillum ullamco pariatur c","sunt eu","fugiat anim consequat veniam off","sint Lorem eiusmod ea laboris","consectetur voluptate aliqua aut","aute"}', DEFAULT, DEFAULT), ('75fbf0dd-b3c9-5513-87f0-9d9a9004f64c', '36f6f3ba-e867-5008-b6c1-829e989f9d2f', 3, 'private', 'Baron Control Strategy', '{"ullamco incididunt proident","elit labore laboris deserunt","mollit voluptate cupidatat ut","dolor proident"}', DEFAULT, DEFAULT), ('0352b4c9-6de9-5702-929d-3d622c6456a1', '1e7e0bcb-4fc0-5d72-81a5-d67a74a13595', 4, 'public', 'Rotation Strategy Document', '{}', DEFAULT, DEFAULT), ('1e701d2b-566c-5f82-8280-a2a9d02ee590', 'f52ce409-f800-5a86-b4ed-ce1a99a8a6ae', 4, 'unlisted', 'Early Game Dominance Guide', '{"fugiat ipsum","velit consectetur ad","sint proident qui","tempor","incididunt ex","officia ex voluptate ut","aliquip sunt"}', DEFAULT, DEFAULT), ('f04c0ed1-b624-5092-8b98-dae6fff857dc', '1d3f740a-8c60-5c1d-aa9e-3854a33c8e1d', 6, 'private', 'Early Game Dominance Guide', '{"non magna excepteur ullamco ex","reprehenderit sunt sit est","non proident fugiat exercitation","ullamco officia nostrud"}', DEFAULT, DEFAULT), ('7eef79d9-ea6c-5417-b347-09dbcb8b4c78', '8b7e423b-b9b9-5b3c-bf3d-1aa45d16235c', 3, 'unlisted', 'Roaming Support Plan', '{"reprehenderit","exercitation proident","aliqua voluptate labore","laboris et dolore","labore ipsum aliqua consequat","irure nostrud duis aute","ad in aliquip id","incididunt adipisicing adipisici","dolor","reprehenderit aliquip"}', DEFAULT, DEFAULT), ('3aff3e37-0331-5c7a-a0f5-1b6595c2ad7b', 'd9bba68a-079c-5141-bd43-756b87167584', 9, 'public', 'Baron Control Strategy', '{"quis mollit nisi","esse duis eiusmod nulla","quis cupidatat enim","adipisicing","aliqua sit ea","ea ut et","mollit occaecat ad","sunt nulla","cillum ut irure tempor","do ut pariatur"}', DEFAULT, DEFAULT), ('7c0cf1d4-d57d-5092-a3f0-ca49e04ace52', '8b7e423b-b9b9-5b3c-bf3d-1aa45d16235c', 3, 'public', 'Roaming Support Plan', '{"voluptate","culpa reprehenderit ea quis veli"}', DEFAULT, DEFAULT), ('26c80d6d-0d6f-5fb2-8296-8b5e9e1fdeb7', 'f52ce409-f800-5a86-b4ed-ce1a99a8a6ae', 10, 'unlisted', 'Early Game Dominance Guide', '{"quis","eiusmod incididunt do","fugiat sunt eu ipsum cupidatat","est elit magna nisi nisi","et nulla","minim","ipsum do est aliquip consectetur"}', DEFAULT, DEFAULT), ('310ccf44-859c-5587-8001-5aa84afb3236', '98eaafd3-adbf-5a3e-adb9-b3fb6971b6f1', 7, 'private', 'Wave Management Plan', '{}', DEFAULT, DEFAULT), ('c6131a0d-c1ea-5dce-8460-c91026e41f9f', '2d1d7734-be70-5d07-a538-e76c6cae722e', 7, 'public', 'Siege Tactics Handbook', '{}', DEFAULT, DEFAULT), ('054eb394-a081-59a1-b613-e1c8bbcc6250', 'a88bc9b9-135e-55c7-8c4c-5a072a3c8573', 3, 'public', 'Counter Pick Blueprint', '{"ea sunt exercitation ipsum","aliquip nulla elit veniam adipis","nostrud ad","non occaecat aliquip","excepteur","exercitation","ullamco adipisicing","qui"}', DEFAULT, DEFAULT), ('4cb602e9-b66f-5f7e-a7a1-71729454372c', '438bff0e-fd50-5c86-89ee-d397a0c0e548', 8, 'unlisted', 'Rotation Strategy Document', '{"eiusmod duis commodo","tempor","dolore officia labore cillum","duis fugiat"}', DEFAULT, DEFAULT), ('8ed312f8-fa19-5305-a78e-7cdee2dc9e00', '36f6f3ba-e867-5008-b6c1-829e989f9d2f', 9, 'private', 'Aggressive Rush Strategy', '{"esse laboris ea","cupidatat amet do consectetur el","veniam cillum","commodo proident minim","nostrud","occaecat fugiat","est qui","ad reprehenderit enim","enim","dolore ullamco culpa esse offici"}', DEFAULT, DEFAULT), ('c9bad04c-3d6e-5efe-9540-7763dde57640', '549980e7-3e77-5d76-b263-84664d04b209', 9, 'private', 'Objective Focused Strategy', '{"elit aliqua adipisicing nostrud","ea quis voluptate aliquip deseru","esse eu","ea nulla excepteur magna","cillum aute amet nisi","et tempor anim nostrud","commodo esse Lorem"}', DEFAULT, DEFAULT), ('7a350dde-d215-538c-bfd3-d5cdd8b40555', '29b47b7e-4cec-5d5a-b93d-172770b57ed6', 10, 'public', 'Counter Pick Blueprint', '{"et tempor deserunt nostrud","duis est esse sit","culpa magna elit anim","est commodo mollit","occaecat eiusmod tempor","et aliquip et"}', DEFAULT, DEFAULT), ('bd6c4dd0-06e8-56ab-abd6-6e9e777c13a7', '2589cf16-4103-5a4f-b544-b30078083eaa', 4, 'public', 'Counter Pick Blueprint', '{"aliquip esse in","dolore eiusmod occaecat cillum e","consectetur minim","non ipsum"}', DEFAULT, DEFAULT), ('844103e5-8cf8-5795-8a63-ccecfc3e2001', 'a3141029-aec2-543b-b18a-49fe947e3304', 6, 'public', 'Gank Heavy Approach', '{"elit amet velit","do ut cupidatat","velit do","excepteur","id anim","pariatur proident est","irure","Lorem id","anim officia officia nisi"}', DEFAULT, DEFAULT), ('582d0ca1-76cc-5500-9dd8-190ab817072d', '1d3f740a-8c60-5c1d-aa9e-3854a33c8e1d', 9, 'private', 'Vision Control Blueprint', '{"laboris deserunt et labore velit","anim et","ullamco Lorem irure","excepteur consequat dolore excep","culpa veniam exercitation","elit","aliqua officia commodo exercitat"}', DEFAULT, DEFAULT), ('9012aa86-f8a2-5033-82d5-336bcaa03c26', '811570ef-0b81-508d-ba05-2f5e812d4131', 10, 'public', 'Siege Tactics Handbook', '{"cupidatat esse ex ad","veniam quis","eu deserunt mollit","elit velit magna"}', DEFAULT, DEFAULT), ('746bb5ad-439a-519a-90ef-991641df1623', 'b32027db-33da-5dc2-b906-e0c2a06ac683', 8, 'unlisted', 'Late Game Scaling Strategy', '{"enim excepteur","officia ea","non eiusmod velit","esse anim commodo incididunt","exercitation sit veniam","et eu anim mollit","ex","fugiat id excepteur voluptate","officia consectetur","adipisicing"}', DEFAULT, DEFAULT), ('b1bab82d-de7c-55e3-8115-1651b8f68765', '8a0a556f-d942-55f0-8ba8-1ffbfaf3c6d9', 2, 'private', 'Secure Objective Playbook', '{"mollit ut","elit id duis nulla","pariatur elit qui","consectetur ad enim ipsum","aliqua","excepteur esse","commodo aliquip mollit duis","mollit exercitation","reprehenderit ad"}', DEFAULT, DEFAULT), ('0145500d-2ab2-5c49-9cea-edd711ce1cc9', '91434b27-2651-5429-8f42-45c3f8e334a0', 4, 'unlisted', 'Aggressive Rush Strategy', '{"eiusmod tempor","sit ex laborum consequat","ipsum voluptate elit laboris","adipisicing culpa deserunt aliqu","consectetur ex"}', DEFAULT, DEFAULT), ('703c3370-90fb-5d22-8365-f34357b3ffb8', 'ca65e33b-de71-5d46-933a-849036127987', 7, 'private', 'Rotation Strategy Document', '{"elit cillum qui"}', DEFAULT, DEFAULT), ('fd862b26-fe8c-52d0-b06e-3c9f938bd3ab', '811570ef-0b81-508d-ba05-2f5e812d4131', 7, 'public', 'Jungle Control Playbook', '{"sit officia aliqua pariatur","quis","ut magna commodo enim","ad excepteur minim minim","ullamco reprehenderit","qui aute","est cupidatat","officia ut exercitation"}', DEFAULT, DEFAULT), ('70415515-b81b-59ef-a1ed-18578b73b7ae', '2589cf16-4103-5a4f-b544-b30078083eaa', 8, 'private', 'Baron Control Strategy', '{"commodo","ex do ipsum elit","aute fugiat veniam","amet ut anim magna"}', DEFAULT, DEFAULT), ('c5558815-aa72-5938-a7c8-62ae2c1a039c', '549980e7-3e77-5d76-b263-84664d04b209', 8, 'public', 'Secure Objective Playbook', '{"aliqua exercitation nulla dolore","dolor dolore","laborum laboris consectetur aute","incididunt dolor","nisi id proident ea","officia laboris","dolore"}', DEFAULT, DEFAULT), ('703bbd20-9625-5bd7-8aa3-5ead0245fe50', '8b7e423b-b9b9-5b3c-bf3d-1aa45d16235c', 1, 'unlisted', 'Objective Focused Strategy', '{}', DEFAULT, DEFAULT), ('68ff3d82-b6b6-5053-9e74-aa9b346dd8d1', '811570ef-0b81-508d-ba05-2f5e812d4131', 10, 'private', 'Wave Management Plan', '{}', DEFAULT, DEFAULT), ('522e120d-7e21-504a-9c96-99e429197e5a', '1e7e0bcb-4fc0-5d72-81a5-d67a74a13595', 7, 'unlisted', 'Counter Pick Blueprint', '{"esse sunt ad non","laboris ad","in mollit ex","exercitation nostrud"}', DEFAULT, DEFAULT), ('54b879fc-04e4-53b3-8cec-0174fc0ccd34', '4da5a34b-d621-539d-93ed-4bd842601284', 5, 'private', 'Counter Pick Blueprint', '{"ut laborum","ex proident","qui","consequat","minim eu eu nostrud","do et incididunt nulla ipsum","nostrud duis voluptate"}', DEFAULT, DEFAULT), ('fb90b354-0ae1-59da-9637-61f6c5ed3fb9', '8b7e423b-b9b9-5b3c-bf3d-1aa45d16235c', 4, 'public', 'Secure Objective Playbook', '{"laborum ut","officia","dolor","Lorem voluptate reprehenderit ve","proident laboris officia"}', DEFAULT, DEFAULT), ('95b3988b-e14b-57a7-900d-4985cb116f17', 'd1b8f3f8-af26-5088-8712-273c28ba98f7', 6, 'private', 'Gank Heavy Approach', '{}', DEFAULT, DEFAULT), ('7d1face3-2e87-52f5-9623-fff9de0a6539', '6c52c1d9-13a4-51ef-ae51-1dacc4c14be9', 9, 'public', 'Map Control Blueprint', '{"culpa enim occaecat"}', DEFAULT, DEFAULT), ('e8bf9a25-132d-5d46-b40a-d08534be6c9f', '811570ef-0b81-508d-ba05-2f5e812d4131', 1, 'unlisted', 'Counter Pick Blueprint', '{"consectetur magna","ea eiusmod","proident nulla enim sunt","aute qui voluptate reprehenderit","adipisicing consequat aliqua eu","reprehenderit","aute ipsum nisi","esse in sunt culpa","eiusmod eiusmod","Lorem ad"}', DEFAULT, DEFAULT), ('29a560e9-84d9-5f41-9b09-76969cbfb144', 'a88bc9b9-135e-55c7-8c4c-5a072a3c8573', 2, 'public', 'Counter Pick Blueprint', '{"tempor sit eiusmod aliqua","irure incididunt","esse incididunt duis"}', DEFAULT, DEFAULT), ('d9c4b302-5ab0-5114-8120-41d1876c7eb9', 'd9bba68a-079c-5141-bd43-756b87167584', 7, 'public', 'Objective Focused Strategy', '{}', DEFAULT, DEFAULT), ('ca1b9e1e-f7c0-5c4a-a566-aabf3f7ebb80', '29b47b7e-4cec-5d5a-b93d-172770b57ed6', 3, 'unlisted', 'Vision Denial Blueprint', '{}', DEFAULT, DEFAULT), ('cde91e33-9c71-56e0-b19e-f2372fa577cf', '9b1fc781-1e4e-56d2-bd68-0dc257a319c0', 10, 'private', 'Secure Objective Playbook', '{"culpa aliqua pariatur","ea veniam"}', DEFAULT, DEFAULT), ('013547e4-326e-5221-8377-310093ccf53a', 'd297ab9e-40d4-51b5-bb8f-a1df399f1a9a', 10, 'private', 'Rotation Strategy Document', '{"eiusmod occaecat ut"}', DEFAULT, DEFAULT), ('50cffa66-dd91-5aed-8c46-1b76e488de31', '882c7ae5-914f-539d-8207-691de536097f', 6, 'unlisted', 'Rotation Strategy Document', '{"laboris excepteur do ea","amet","minim ad adipisicing"}', DEFAULT, DEFAULT), ('f550c2bf-a147-5e29-8a01-470336f387eb', '8b7e423b-b9b9-5b3c-bf3d-1aa45d16235c', 6, 'unlisted', 'Map Control Blueprint', '{"eiusmod cupidatat laborum duis","ex ut ut ut","velit proident laboris"}', DEFAULT, DEFAULT), ('a30e3d57-ad0a-594d-9622-8a2514b8110c', 'f4b5542b-ba61-519e-a8d2-5793282ad487', 8, 'private', 'Roaming Support Plan', '{"magna dolore mollit aliquip","est fugiat","sunt occaecat enim elit aute","minim fugiat","ut quis","sit quis fugiat","sunt magna exercitation","voluptate veniam"}', DEFAULT, DEFAULT), ('cb76f565-509b-50d9-bbe4-5c6e7c9b0eb4', '98eaafd3-adbf-5a3e-adb9-b3fb6971b6f1', 10, 'unlisted', 'Secure Objective Playbook', '{"nisi nisi","ipsum","cillum pariatur nisi veniam","nisi irure fugiat anim nulla","mollit","non exercitation veniam excepteu","sint officia velit pariatur","adipisicing fugiat dolore eu","deserunt ea"}', DEFAULT, DEFAULT), ('a344c7b4-07e6-54df-b4ed-f27c7916e147', 'eb3795e9-0dc2-506f-818c-e81bf7149197', 2, 'public', 'Split Push Blueprint', '{"officia anim"}', DEFAULT, DEFAULT), ('6c40d2d3-07ad-5aa1-a5fa-cf5861475e5d', 'a3141029-aec2-543b-b18a-49fe947e3304', 5, 'unlisted', 'Team Fight Execution Plan', '{"eu","duis enim anim","cillum culpa eu","consequat nostrud","exercitation do eiusmod","cillum pariatur eu"}', DEFAULT, DEFAULT), ('ba7460a4-9316-52e4-9e3a-05ee82b85e66', '549980e7-3e77-5d76-b263-84664d04b209', 5, 'unlisted', 'Split Push Blueprint', '{"do tempor nulla consequat","mollit ad voluptate nulla","laboris cupidatat exercitation a","voluptate","magna et qui est duis","sint aute ullamco","esse duis dolor amet","magna anim"}', DEFAULT, DEFAULT), ('fb3595df-62ad-5f54-ac34-3a578952555c', '3dbd7acc-a0c5-5607-8378-ec8dc206b269', 9, 'public', 'Map Control Blueprint', '{"in nostrud minim in nulla"}', DEFAULT, DEFAULT), ('90edde40-1b87-5f75-90b9-68639fbcb2b8', 'ca65e33b-de71-5d46-933a-849036127987', 8, 'unlisted', 'Map Control Blueprint', '{"sint mollit in","incididunt ex ipsum amet dolore","sint tempor et","culpa consequat Lorem","dolore veniam adipisicing laboru","consectetur ea culpa occaecat ip","minim ad","reprehenderit excepteur","eu in reprehenderit laborum nost","ex enim"}', DEFAULT, DEFAULT), ('ea26a496-35d8-5f3f-a769-a80898ec7b17', '9b1fc781-1e4e-56d2-bd68-0dc257a319c0', 2, 'unlisted', 'Aggressive Rush Strategy', '{"enim mollit","veniam exercitation","elit anim cillum quis sint","laboris","ea consectetur culpa voluptate n","minim","nisi anim","commodo labore quis amet sint"}', DEFAULT, DEFAULT), ('035a0a25-d588-551c-9f76-4e9f593ffaf4', 'b7a89d05-549f-565f-b631-b59097e91d1a', 9, 'public', 'Aggressive Rush Strategy', '{}', DEFAULT, DEFAULT), ('e7f55997-6008-5d29-9f7f-564ab748cc59', 'a3141029-aec2-543b-b18a-49fe947e3304', 8, 'private', 'Siege Tactics Handbook', '{"ut consequat Lorem ullamco","incididunt labore nostrud ullamc"}', DEFAULT, DEFAULT), ('396ce0bd-b3e1-5b3c-94ea-bb5357e1c76a', 'b7a89d05-549f-565f-b631-b59097e91d1a', 9, 'unlisted', 'Roaming Support Plan', '{"incididunt sint est irure"}', DEFAULT, DEFAULT), ('4cb2c65b-80df-57cc-9c0d-6c346029b88f', '9bf2ad50-cccb-50eb-8269-3a7e78bd21f5', 5, 'public', 'Objective Focused Strategy', '{"officia non minim incididunt","laboris adipisicing consequat vo"}', DEFAULT, DEFAULT), ('8172dfee-2cce-5dee-9293-b6bd5f74d656', '8b7e423b-b9b9-5b3c-bf3d-1aa45d16235c', 9, 'public', 'Team Fight Execution Plan', '{"sit exercitation mollit quis","sit mollit pariatur","et reprehenderit reprehenderit","irure fugiat aute adipisicing"}', DEFAULT, DEFAULT), ('910e8e4b-af24-5f28-a2eb-631066a490eb', 'eda91f04-12ef-5904-88aa-e6ed9a692e03', 8, 'public', 'Vision Denial Blueprint', '{"ut labore dolor"}', DEFAULT, DEFAULT), ('150381a3-e791-54de-9419-0edac12fb9eb', '98eaafd3-adbf-5a3e-adb9-b3fb6971b6f1', 2, 'public', 'Counter Pick Blueprint', '{"deserunt consequat","minim officia nulla nostrud","esse","mollit Lorem in quis"}', DEFAULT, DEFAULT), ('ddb37574-0dbe-5aa4-a5e8-b15242cefaff', 'f4b5542b-ba61-519e-a8d2-5793282ad487', 7, 'private', 'Counter Pick Blueprint', '{"elit aliquip mollit id","sint dolor adipisicing","nostrud aliquip occaecat do"}', DEFAULT, DEFAULT), ('77fbdaed-4103-591b-82ee-3e3fa4b78a9b', 'f4b5542b-ba61-519e-a8d2-5793282ad487', 10, 'public', 'Late Game Scaling Strategy', '{"aliquip eiusmod","officia","quis minim","et id","Lorem anim eu"}', DEFAULT, DEFAULT), ('0f1e8b42-396d-5765-be37-bce2ee646e04', 'f52ce409-f800-5a86-b4ed-ce1a99a8a6ae', 4, 'public', 'Defensive Turtle Tactics', '{"et velit"}', DEFAULT, DEFAULT), ('5308f8b3-4d4d-529a-bd7c-3a77ac4fe6ae', '29b47b7e-4cec-5d5a-b93d-172770b57ed6', 7, 'public', 'Jungle Control Playbook', '{"aliquip ad cupidatat","est aute ad","amet anim","exercitation"}', DEFAULT, DEFAULT), ('851e9ece-db38-530e-b3f9-f5e1d49a3b34', 'ac9f0e3e-b030-584f-a8dd-87355fe22537', 7, 'private', 'Gank Heavy Approach', '{"mollit elit","commodo irure dolore est velit","sunt minim elit magna","cillum sit","commodo mollit","pariatur reprehenderit proident","nostrud veniam","sit","nisi id est dolor"}', DEFAULT, DEFAULT), ('2189cd55-c657-5ce9-999a-da1a2dbf7ea0', '98eaafd3-adbf-5a3e-adb9-b3fb6971b6f1', 1, 'private', 'Late Game Scaling Strategy', '{"magna aute","deserunt ea ullamco","fugiat amet adipisicing cupidata","consequat est","ipsum ullamco esse"}', DEFAULT, DEFAULT), ('902d4a21-0657-5095-b741-ac0d408bb89e', '549980e7-3e77-5d76-b263-84664d04b209', 7, 'private', 'Early Game Dominance Guide', '{"commodo","elit laboris aliqua","cupidatat eu mollit quis ex"}', DEFAULT, DEFAULT), ('0d40f7c0-72b0-55c2-8e48-c6c65bd9815f', '8a0a556f-d942-55f0-8ba8-1ffbfaf3c6d9', 2, 'public', 'Map Control Blueprint', '{"esse velit laboris","quis pariatur anim excepteur min","aute","nostrud ut aliqua","incididunt","est et reprehenderit voluptate"}', DEFAULT, DEFAULT), ('f09f5f0c-d6f4-5089-a919-82fdea15dad9', '36f6f3ba-e867-5008-b6c1-829e989f9d2f', 1, 'private', 'Vision Denial Blueprint', '{"id excepteur consectetur esse el","labore dolore proident","eu deserunt anim voluptate","sunt et culpa veniam","sit dolore","sint mollit do eu anim","aliqua fugiat ea irure"}', DEFAULT, DEFAULT), ('9bfcf305-f3a4-5bed-9ee4-3f5ccf9e59af', '8b7e423b-b9b9-5b3c-bf3d-1aa45d16235c', 5, 'private', 'Early Game Dominance Guide', '{"commodo sunt adipisicing sunt","irure cupidatat","enim aliqua laborum est","nisi minim deserunt","irure","excepteur proident","do minim est","ad dolor labore incididunt eu"}', DEFAULT, DEFAULT), ('2ff309f0-6726-5920-ad23-47ba58fd2525', '9bf2ad50-cccb-50eb-8269-3a7e78bd21f5', 8, 'unlisted', 'Counter Pick Blueprint', '{}', DEFAULT, DEFAULT), ('bac302d7-9e20-52d1-89cc-b0e99ef3b896', 'd297ab9e-40d4-51b5-bb8f-a1df399f1a9a', 2, 'public', 'Defensive Turtle Tactics', '{"tempor occaecat cillum esse","nostrud velit nostrud"}', DEFAULT, DEFAULT), ('ef31ceeb-0f8d-5da0-ab9c-18045c420f99', 'eda91f04-12ef-5904-88aa-e6ed9a692e03', 5, 'private', 'Defensive Turtle Tactics', '{"proident duis non","nulla enim nisi occaecat","laboris proident"}', DEFAULT, DEFAULT), ('2be70e34-56ed-5cb2-9758-b8f796ec32ec', '882c7ae5-914f-539d-8207-691de536097f', 10, 'public', 'Wave Management Plan', '{"aute ea veniam proident reprehen"}', DEFAULT, DEFAULT), ('49e5f9f5-6a8f-5423-81e9-9e8e2c467770', '882c7ae5-914f-539d-8207-691de536097f', 9, 'unlisted', 'Siege Tactics Handbook', '{}', DEFAULT, DEFAULT), ('421a5d89-58fa-56e2-87c9-a4c6fd3159db', 'cd7c291a-6d6e-5632-91e5-b7fd7a634d7d', 9, 'public', 'Defensive Turtle Tactics', '{"ea","Lorem eiusmod","est magna minim id"}', DEFAULT, DEFAULT), ('c2ab0ed6-ea98-544f-a35e-cfff5a185dc8', 'd297ab9e-40d4-51b5-bb8f-a1df399f1a9a', 2, 'unlisted', 'Roaming Support Plan', '{"magna","tempor Lorem","cillum aute est commodo aliquip","pariatur veniam consequat dolore","in minim culpa","quis ex elit pariatur","aute aliquip non nostrud officia","anim occaecat Lorem","commodo voluptate excepteur id"}', DEFAULT, DEFAULT), ('6c6d219e-3884-5c60-8485-0fb500d0b675', 'd1b8f3f8-af26-5088-8712-273c28ba98f7', 8, 'unlisted', 'Roaming Support Plan', '{"qui","aute ex","eu laborum voluptate","ex ullamco ullamco","exercitation consectetur","consectetur in ea et","ex deserunt proident elit sit","elit id","voluptate","culpa amet enim commodo sit"}', DEFAULT, DEFAULT), ('d5fd2418-0c52-558a-8369-707f9186db0b', '438bff0e-fd50-5c86-89ee-d397a0c0e548', 6, 'unlisted', 'Early Game Dominance Guide', '{"consequat cillum in","est culpa sit","tempor incididunt officia"}', DEFAULT, DEFAULT), ('0f22fcab-183d-5e80-9a98-c495a215f5f8', 'b7a89d05-549f-565f-b631-b59097e91d1a', 1, 'unlisted', 'Defensive Turtle Tactics', '{"sunt","consectetur voluptate","irure ipsum aute"}', DEFAULT, DEFAULT), ('f92c2ba5-8b0e-58ef-9364-e364e4c41522', 'd1b8f3f8-af26-5088-8712-273c28ba98f7', 8, 'unlisted', 'Counter Pick Blueprint', '{"amet","exercitation minim voluptate vel","eu magna aliquip fugiat voluptat"}', DEFAULT, DEFAULT), ('e2ec2872-d983-5938-8f1c-38a9a14124dd', 'f52ce409-f800-5a86-b4ed-ce1a99a8a6ae', 8, 'public', 'Counter Pick Blueprint', '{"elit Lorem incididunt","culpa consectetur ut","non","commodo deserunt ad mollit","adipisicing sint veniam cillum","non aliqua"}', DEFAULT, DEFAULT), ('4d4230bc-d1b6-532c-9bbf-8c67caf4f9ed', 'ac9f0e3e-b030-584f-a8dd-87355fe22537', 3, 'private', 'Early Game Dominance Guide', '{"magna","eiusmod","exercitation mollit quis irure o","sunt minim cillum anim aliqua","sint","dolor","enim in incididunt officia"}', DEFAULT, DEFAULT), ('8be9ffc5-25d1-5c32-be1f-9a9ec00544f6', 'ac9f0e3e-b030-584f-a8dd-87355fe22537', 6, 'unlisted', 'Early Game Dominance Guide', '{"eiusmod est amet","anim et ad","laborum cupidatat in mollit","deserunt deserunt laboris Lorem","qui"}', DEFAULT, DEFAULT), ('a3241e44-bd93-5a11-a730-863e8eb75275', 'e4de1a09-bd9a-5e42-b92c-2cb1af28bec6', 7, 'private', 'Gank Heavy Approach', '{"enim qui sit","enim id et","sit non deserunt nostrud","anim eiusmod sit occaecat","quis velit do"}', DEFAULT, DEFAULT), ('a1c32f18-989f-5961-80f5-4a21a838bc95', 'b7a89d05-549f-565f-b631-b59097e91d1a', 10, 'private', 'Baron Control Strategy', '{}', DEFAULT, DEFAULT), ('8fde1282-59d1-5f9b-bc10-4130ce793fa9', 'd1b8f3f8-af26-5088-8712-273c28ba98f7', 9, 'public', 'Late Game Scaling Strategy', '{"do in duis","laboris proident","duis incididunt adipisicing","amet ea enim","nostrud adipisicing incididunt","sunt aliqua Lorem nulla mollit","duis minim mollit laborum","sit enim ipsum incididunt"}', DEFAULT, DEFAULT), ('f85f8e1b-b8a0-528e-bc81-49b3e6a34ee5', 'f4b5542b-ba61-519e-a8d2-5793282ad487', 2, 'unlisted', 'Wave Management Plan', '{"nulla cupidatat nisi","sit dolore dolore proident","sit incididunt"}', DEFAULT, DEFAULT), ('e16cfe57-140d-5b3e-90f8-910575ffdd47', '9bf2ad50-cccb-50eb-8269-3a7e78bd21f5', 4, 'unlisted', 'Early Game Dominance Guide', '{}', DEFAULT, DEFAULT), ('06866e23-2aeb-59f2-9d3c-156507eb23db', 'ca65e33b-de71-5d46-933a-849036127987', 9, 'private', 'Gank Heavy Approach', '{"ut","reprehenderit minim nisi reprehe","officia commodo occaecat"}', DEFAULT, DEFAULT), ('e5c44c16-4905-59d0-8c2a-f48ebfc3fdcc', 'eb3795e9-0dc2-506f-818c-e81bf7149197', 3, 'unlisted', 'Split Push Blueprint', '{"amet nisi ad","nulla minim exercitation","in","proident ut irure incididunt cul","officia sit est mollit","elit excepteur sit proident","consequat adipisicing","adipisicing voluptate tempor","eiusmod est"}', DEFAULT, DEFAULT), ('0298782b-da7d-55b4-a736-8126dd2f9d32', 'b32027db-33da-5dc2-b906-e0c2a06ac683', 5, 'private', 'Early Game Dominance Guide', '{"dolore qui consequat","dolor"}', DEFAULT, DEFAULT), ('8f534833-d8c3-5d0a-b63c-bd2740be0330', 'd19db439-c7e7-53a7-aa19-0db346180dc1', 10, 'private', 'Objective Focused Strategy', '{"adipisicing reprehenderit dolore","dolore est"}', DEFAULT, DEFAULT), ('1caeec83-1956-53fb-9c1a-7f585775c524', '6c52c1d9-13a4-51ef-ae51-1dacc4c14be9', 6, 'public', 'Defensive Turtle Tactics', '{"voluptate","laborum ullamco eu proident labo","do est magna nulla ipsum","amet","incididunt","exercitation aliqua","sunt pariatur","minim id"}', DEFAULT, DEFAULT), ('28f2bbc2-0260-5d64-a9bf-64e9bc163c30', 'a88bc9b9-135e-55c7-8c4c-5a072a3c8573', 7, 'unlisted', 'Jungle Control Playbook', '{"exercitation minim","velit veniam","reprehenderit eiusmod veniam qui","aute pariatur dolor eu"}', DEFAULT, DEFAULT), ('8590b74a-b67e-5525-9786-4e0fc4c65d06', 'd19db439-c7e7-53a7-aa19-0db346180dc1', 4, 'private', 'Wave Management Plan', '{"eu qui ad","nisi cillum","culpa ullamco Lorem officia","aliqua laborum","dolore dolore do","quis dolor tempor quis","et magna"}', DEFAULT, DEFAULT), ('fa5e4221-0eae-5da7-9a16-5b8399b9ef50', '882c7ae5-914f-539d-8207-691de536097f', 10, 'unlisted', 'Baron Control Strategy', '{"ut labore fugiat","sunt dolore laborum","elit velit est laborum","ex dolor","sint irure ullamco","minim ad mollit","irure mollit","Lorem pariatur aliquip qui","voluptate minim ad"}', DEFAULT, DEFAULT), ('fedb01d5-16e2-59fd-8845-ff6a92bd83f7', 'eb3795e9-0dc2-506f-818c-e81bf7149197', 10, 'unlisted', 'Counter Pick Blueprint', '{"id"}', DEFAULT, DEFAULT), ('d6d0cf2a-b6d2-5f41-bc05-2fe5bf5ca317', 'cd7c291a-6d6e-5632-91e5-b7fd7a634d7d', 6, 'public', 'Vision Control Blueprint', '{"excepteur velit dolor incididunt","cupidatat laboris","in id"}', DEFAULT, DEFAULT), ('a18cadaa-4531-5180-a607-ad2a5bc25f0c', '1d3f740a-8c60-5c1d-aa9e-3854a33c8e1d', 9, 'public', 'Map Control Blueprint', '{"sunt nisi do laboris consequat","id","incididunt labore sint","veniam","ea culpa in","quis reprehenderit ad dolor ut"}', DEFAULT, DEFAULT), ('7858de1c-870d-5289-9bbf-085e4de69d79', 'a88bc9b9-135e-55c7-8c4c-5a072a3c8573', 4, 'unlisted', 'Team Fight Execution Plan', '{"nisi ad tempor","elit excepteur consectetur repre","deserunt laboris amet id veniam","consectetur nisi"}', DEFAULT, DEFAULT), ('c5510993-cf82-5729-a476-bbba91fd2ee1', '438bff0e-fd50-5c86-89ee-d397a0c0e548', 8, 'public', 'Siege Tactics Handbook', '{"excepteur reprehenderit magna no","velit velit elit","anim non excepteur","amet culpa magna cillum","fugiat sint elit","tempor nostrud adipisicing et si","ea","consectetur in incididunt nisi","enim culpa aliqua"}', DEFAULT, DEFAULT), ('65495df9-49dc-5680-b4b7-97fe7364e837', 'f52ce409-f800-5a86-b4ed-ce1a99a8a6ae', 10, 'unlisted', 'Aggressive Rush Strategy', '{"duis ut"}', DEFAULT, DEFAULT), ('6a08951b-2f4b-5069-a734-056efe107e30', 'ac9f0e3e-b030-584f-a8dd-87355fe22537', 10, 'unlisted', 'Aggressive Rush Strategy', '{}', DEFAULT, DEFAULT), ('d96e9820-0562-5ef0-a957-fb16e8a3cda6', 'a88bc9b9-135e-55c7-8c4c-5a072a3c8573', 6, 'unlisted', 'Team Fight Execution Plan', '{"deserunt voluptate labore eu"}', DEFAULT, DEFAULT), ('44d39286-2c39-52c0-9fdf-811ac2ac0b4f', 'd1b8f3f8-af26-5088-8712-273c28ba98f7', 4, 'unlisted', 'Objective Focused Strategy', '{"eiusmod","sunt cupidatat ut","et ea in in ad","eiusmod non pariatur","tempor duis velit ex dolor","non pariatur","pariatur amet","Lorem aliquip"}', DEFAULT, DEFAULT), ('f5284b1c-c867-5bcb-ae27-b4a46054354e', 'e4de1a09-bd9a-5e42-b92c-2cb1af28bec6', 2, 'unlisted', 'Jungle Control Playbook', '{"ullamco magna","eiusmod est anim","commodo sit","eu veniam duis laborum irure","eu cupidatat nostrud velit offic"}', DEFAULT, DEFAULT), ('748b6b6e-790a-524c-8953-9f99ff6241ea', 'eda91f04-12ef-5904-88aa-e6ed9a692e03', 6, 'private', 'Early Game Dominance Guide', '{"eiusmod commodo irure sint","ea","consequat voluptate proident mag","quis quis sint nulla","officia do","culpa non voluptate ut"}', DEFAULT, DEFAULT), ('94e59d3e-1e10-58ee-b57b-120d24970da8', 'b7a89d05-549f-565f-b631-b59097e91d1a', 1, 'private', 'Early Game Dominance Guide', '{"ad nisi incididunt est aute","eiusmod excepteur consequat","commodo duis fugiat","ea minim","magna","anim","cupidatat cupidatat","sint non incididunt cillum do","amet"}', DEFAULT, DEFAULT), ('a501e3c2-1df6-5f20-9532-89c5471331c6', '9b1fc781-1e4e-56d2-bd68-0dc257a319c0', 5, 'private', 'Aggressive Rush Strategy', '{"deserunt proident et quis","qui reprehenderit","nostrud cillum","enim proident non","aute sunt","tempor et consectetur","fugiat incididunt","quis do magna"}', DEFAULT, DEFAULT), ('eba1549a-b3ad-5f1e-ad56-15be0771d0f9', '549980e7-3e77-5d76-b263-84664d04b209', 4, 'private', 'Roaming Support Plan', '{"ea magna et","do reprehenderit","Lorem exercitation anim enim","non dolor","id Lorem ut veniam"}', DEFAULT, DEFAULT), ('02d6bfb1-b7f1-5129-9d1b-729fd2d36ca6', 'b32027db-33da-5dc2-b906-e0c2a06ac683', 3, 'public', 'Objective Focused Strategy', '{"ad minim sunt officia","eiusmod elit","magna incididunt tempor consecte","cillum anim dolore"}', DEFAULT, DEFAULT), ('feadd401-b272-53d1-bc20-6dad4e3ffc29', 'f4b5542b-ba61-519e-a8d2-5793282ad487', 6, 'private', 'Objective Focused Strategy', '{"do exercitation aliquip commodo"}', DEFAULT, DEFAULT), ('f4023970-bb8c-5175-9f3e-42520be2a6af', '8a0a556f-d942-55f0-8ba8-1ffbfaf3c6d9', 5, 'unlisted', 'Baron Control Strategy', '{"sit exercitation aliquip culpa","fugiat aliqua ad aliquip","voluptate aliqua laboris laborum","amet laboris fugiat","voluptate magna","sint nisi est"}', DEFAULT, DEFAULT), ('ab471cfa-3489-5a6c-bf5c-82aeac3819f5', 'b5605791-3389-56c2-9ec6-17d538b9bb85', 3, 'private', 'Wave Management Plan', '{"et in","culpa fugiat aliqua"}', DEFAULT, DEFAULT), ('782d8b69-ae89-5508-b431-d9e3d4f25423', 'e4de1a09-bd9a-5e42-b92c-2cb1af28bec6', 9, 'unlisted', 'Secure Objective Playbook', '{"Lorem incididunt laboris","qui enim quis qui","irure aliquip nostrud proident","ex proident ipsum fugiat","minim officia cupidatat velit re"}', DEFAULT, DEFAULT), ('bfbbf302-05a7-5b0c-991e-f7c79f52034e', '811570ef-0b81-508d-ba05-2f5e812d4131', 7, 'unlisted', 'Objective Focused Strategy', '{"laboris sit","velit"}', DEFAULT, DEFAULT), ('86a9949d-fbe2-5edf-bf64-6b822a75bdc8', '29b47b7e-4cec-5d5a-b93d-172770b57ed6', 3, 'private', 'Vision Control Blueprint', '{"laboris eiusmod officia","reprehenderit fugiat","nulla incididunt ex","reprehenderit veniam voluptate t","cupidatat ullamco incididunt","veniam deserunt velit ullamco","enim nisi esse occaecat","sunt aute tempor","duis"}', DEFAULT, DEFAULT), ('3d78c871-f9be-5ceb-b04c-13f9eb63efa0', '9b1fc781-1e4e-56d2-bd68-0dc257a319c0', 7, 'unlisted', 'Vision Control Blueprint', '{"mollit laborum mollit enim dolor","ad culpa eiusmod amet","et veniam veniam","nulla eu occaecat","consequat minim consequat eiusmo","laboris tempor","dolore officia adipisicing culpa","mollit","reprehenderit commodo cupidatat "}', DEFAULT, DEFAULT), ('e5e7301c-ed7e-5267-a91e-331eeecbad04', 'eda91f04-12ef-5904-88aa-e6ed9a692e03', 1, 'unlisted', 'Map Control Blueprint', '{"elit et ex","aliqua irure proident commodo","minim aliqua laboris","commodo id veniam","ea culpa elit","aliqua aliqua","ad mollit"}', DEFAULT, DEFAULT), ('e06f1954-eb7e-5811-8e85-0b7239ac60d6', '2589cf16-4103-5a4f-b544-b30078083eaa', 9, 'unlisted', 'Defensive Turtle Tactics', '{"Lorem et","excepteur reprehenderit aliqua a","nulla non quis voluptate","veniam aliquip velit","nisi nisi","ex fugiat","in laborum ex","anim ullamco","pariatur id sunt"}', DEFAULT, DEFAULT), ('cbe8ef05-c651-5778-b8a6-717eee524007', 'd19db439-c7e7-53a7-aa19-0db346180dc1', 4, 'public', 'Gank Heavy Approach', '{"consectetur cupidatat aliqua","voluptate dolor nostrud aliquip","eu eu id tempor","ipsum consectetur"}', DEFAULT, DEFAULT), ('479e5b51-1e2b-5ac2-b0c4-d0fc97906c11', 'a3141029-aec2-543b-b18a-49fe947e3304', 9, 'unlisted', 'Late Game Scaling Strategy', '{"ut nostrud laboris Lorem","irure eiusmod culpa laborum","ex excepteur dolore"}', DEFAULT, DEFAULT), ('bcb7ae75-c1e7-50cd-ba0b-a339091eb350', 'ca65e33b-de71-5d46-933a-849036127987', 3, 'private', 'Late Game Scaling Strategy', '{"aliquip velit","adipisicing velit do Lorem"}', DEFAULT, DEFAULT), ('22dccad0-36ca-5845-a1bd-b6027b406b8d', 'a3141029-aec2-543b-b18a-49fe947e3304', 4, 'unlisted', 'Siege Tactics Handbook', '{"tempor sit"}', DEFAULT, DEFAULT), ('d3293b00-a774-5f1e-99fc-e8f05eabde14', 'e4de1a09-bd9a-5e42-b92c-2cb1af28bec6', 7, 'unlisted', 'Team Fight Execution Plan', '{"mollit","in","consectetur voluptate","tempor dolor","amet anim cillum","cupidatat duis labore amet","voluptate amet eiusmod","dolor nulla tempor laborum","proident ipsum","dolor ipsum elit dolore"}', DEFAULT, DEFAULT), ('6822c6f8-ae35-5c57-9558-9cc55665f5cb', '2589cf16-4103-5a4f-b544-b30078083eaa', 8, 'private', 'Siege Tactics Handbook', '{"sint reprehenderit culpa","aliquip consequat aliqua","Lorem ad","excepteur magna mollit proident ","dolore ipsum","excepteur ea do officia","ipsum officia consequat","consectetur id velit","incididunt enim irure adipisicin","et anim ad"}', DEFAULT, DEFAULT), ('8ac966bd-de46-5e4a-8401-5328d63ae1b4', '4da5a34b-d621-539d-93ed-4bd842601284', 8, 'unlisted', 'Early Game Dominance Guide', '{"anim est cupidatat mollit","elit eu ipsum deserunt","mollit ipsum elit in","laboris officia non","anim qui aliquip deserunt elit","labore dolor esse","sint","nisi","aute"}', DEFAULT, DEFAULT), ('36f6354b-1927-5b66-8fab-ef32da0e1694', '549980e7-3e77-5d76-b263-84664d04b209', 10, 'public', 'Split Push Blueprint', '{"anim qui occaecat","aliqua nostrud","quis aliqua magna id","veniam qui excepteur ad","dolor","non veniam anim consectetur","elit amet commodo id"}', DEFAULT, DEFAULT), ('a3befd2b-2867-5547-af7d-2fe7d53b98ef', 'd297ab9e-40d4-51b5-bb8f-a1df399f1a9a', 4, 'unlisted', 'Vision Denial Blueprint', '{"veniam sint dolor occaecat","ex cupidatat non","voluptate ut esse duis enim"}', DEFAULT, DEFAULT), ('4d502d01-8a3a-58bc-acb8-f61c47f35e10', '9b1fc781-1e4e-56d2-bd68-0dc257a319c0', 9, 'unlisted', 'Siege Tactics Handbook', '{"sunt nisi","id pariatur velit proident","quis fugiat ex","occaecat magna","mollit exercitation in","quis aliqua veniam sint aute","cillum culpa"}', DEFAULT, DEFAULT), ('ebdf08a4-39c5-5347-ab53-e4ef0e2d1add', '882c7ae5-914f-539d-8207-691de536097f', 4, 'public', 'Roaming Support Plan', '{"eu eiusmod laborum dolor sunt","ut dolore ad"}', DEFAULT, DEFAULT), ('4cfaa7bd-7f8e-52b6-a079-b1fc1773dccb', '8b7e423b-b9b9-5b3c-bf3d-1aa45d16235c', 5, 'private', 'Map Control Blueprint', '{"labore labore","eu incididunt aliquip dolore","fugiat fugiat sit labore","est","anim laboris magna nisi commodo"}', DEFAULT, DEFAULT), ('379aa38a-0dab-5c06-8cdb-45bf5d7e2d27', 'cd7c291a-6d6e-5632-91e5-b7fd7a634d7d', 3, 'unlisted', 'Split Push Blueprint', '{"aliquip esse aliqua irure","proident"}', DEFAULT, DEFAULT), ('1cb4e4cf-86cc-5f46-9e77-98b857e060d9', 'f4b5542b-ba61-519e-a8d2-5793282ad487', 10, 'private', 'Vision Control Blueprint', '{"voluptate non amet duis fugiat"}', DEFAULT, DEFAULT), ('f39bcc07-5eef-5435-b6e9-d947c3bae70d', 'd19db439-c7e7-53a7-aa19-0db346180dc1', 1, 'public', 'Late Game Scaling Strategy', '{"dolore et excepteur velit","officia laborum non officia sint","laboris laborum voluptate conseq","consequat consequat","esse sunt eu","enim aliqua officia reprehenderi"}', DEFAULT, DEFAULT), ('20a16bbe-0188-55a3-8d14-7e2e6b37794e', '1d3f740a-8c60-5c1d-aa9e-3854a33c8e1d', 9, 'public', 'Split Push Blueprint', '{"cillum cupidatat amet","esse","et commodo duis veniam","aliquip ut aliqua ut"}', DEFAULT, DEFAULT), ('75a162e8-f427-5c64-baca-dba20bc829dd', 'e4de1a09-bd9a-5e42-b92c-2cb1af28bec6', 7, 'unlisted', 'Objective Focused Strategy', '{"aliquip laboris","exercitation duis","eu labore","fugiat esse","voluptate tempor","dolore enim non laboris","sunt dolor veniam velit","mollit in eu","eiusmod laboris laboris","ullamco anim adipisicing sunt ex"}', DEFAULT, DEFAULT), ('5075bfb2-60b4-588c-ba9f-cd0f3efae77e', '9b1fc781-1e4e-56d2-bd68-0dc257a319c0', 5, 'public', 'Vision Denial Blueprint', '{"dolore nulla proident","dolore consequat dolor in","culpa ea minim Lorem","deserunt adipisicing eu dolore","deserunt tempor veniam","duis exercitation"}', DEFAULT, DEFAULT), ('329b0bda-79b1-53f3-afe7-b7495bde0220', '6c52c1d9-13a4-51ef-ae51-1dacc4c14be9', 2, 'public', 'Rotation Strategy Document', '{"et exercitation eu reprehenderit","nulla enim veniam voluptate","fugiat culpa consectetur reprehe","do mollit sit est","nostrud","consequat culpa","sint velit","tempor labore do","mollit dolor in non veniam","cillum amet ad sit"}', DEFAULT, DEFAULT), ('fc992b53-61aa-5185-8280-7863348ce734', '8a0a556f-d942-55f0-8ba8-1ffbfaf3c6d9', 2, 'unlisted', 'Early Game Dominance Guide', '{"mollit aliqua reprehenderit","commodo qui","irure occaecat pariatur","excepteur occaecat irure eu","incididunt quis do"}', DEFAULT, DEFAULT), ('e15f78fd-c85d-5196-b441-614f0f00a652', '8a0a556f-d942-55f0-8ba8-1ffbfaf3c6d9', 3, 'unlisted', 'Jungle Control Playbook', '{"cillum laboris id esse","quis est nisi sint ea","ex nostrud","laboris enim fugiat","pariatur id"}', DEFAULT, DEFAULT), ('27d28c73-d0c0-5545-a0d3-0f0fa8e1aca6', 'd9bba68a-079c-5141-bd43-756b87167584', 2, 'unlisted', 'Roaming Support Plan', '{"fugiat officia sint","culpa anim cupidatat nisi","elit nostrud id deserunt","deserunt do eu","nulla do deserunt"}', DEFAULT, DEFAULT), ('bc0ae162-e51f-5f29-b5b0-87887eac9c85', 'd297ab9e-40d4-51b5-bb8f-a1df399f1a9a', 7, 'unlisted', 'Secure Objective Playbook', '{"sit","ut exercitation ex anim","velit","et ullamco non dolore","consectetur"}', DEFAULT, DEFAULT), ('23cfe397-d97e-55bf-af72-35043f52d2bb', 'eb3795e9-0dc2-506f-818c-e81bf7149197', 8, 'private', 'Objective Focused Strategy', '{"ut commodo labore","velit tempor non nostrud non","laboris pariatur nulla","culpa sit","culpa dolor non","occaecat quis","fugiat eiusmod veniam mollit","consectetur irure","minim pariatur cupidatat"}', DEFAULT, DEFAULT), ('2135e4d6-4261-59ed-a63d-11a8a55ba0c0', '36f6f3ba-e867-5008-b6c1-829e989f9d2f', 5, 'unlisted', 'Wave Management Plan', '{"occaecat nostrud laboris","occaecat sunt dolore et commodo","laborum aute eiusmod ipsum","nisi","Lorem exercitation ex","eu excepteur pariatur"}', DEFAULT, DEFAULT), ('32ca2e92-cee8-58b4-beec-0fd9742bf2df', 'e4de1a09-bd9a-5e42-b92c-2cb1af28bec6', 8, 'private', 'Counter Pick Blueprint', '{"consectetur duis","tempor ea qui magna","nisi sit cupidatat deserunt proi","deserunt aliquip deserunt duis","aliqua amet ea"}', DEFAULT, DEFAULT), ('69e335b1-cf42-5234-867f-fc3222ba0932', 'ac9f0e3e-b030-584f-a8dd-87355fe22537', 7, 'public', 'Defensive Turtle Tactics', '{"excepteur amet amet laborum labo","cillum sint enim tempor","elit ullamco cupidatat commodo","eiusmod fugiat anim nisi","aliquip non aliqua aute","ut non aliqua"}', DEFAULT, DEFAULT), ('4addfd63-7007-5913-b0c6-95e35fe44af0', '1d3f740a-8c60-5c1d-aa9e-3854a33c8e1d', 5, 'unlisted', 'Defensive Turtle Tactics', '{"qui in nulla","culpa ea","enim laboris quis","laborum aliqua amet","aliqua in in","quis anim"}', DEFAULT, DEFAULT), ('29e1da9c-3bfa-53c5-8780-7032cb48ed69', '2d1d7734-be70-5d07-a538-e76c6cae722e', 8, 'private', 'Aggressive Rush Strategy', '{"sit ut nostrud","consectetur amet et aliqua exerc","est nulla ex","nisi eiusmod elit nostrud"}', DEFAULT, DEFAULT), ('0fe3263a-4b99-5049-afdd-8a29336988d1', '1e7e0bcb-4fc0-5d72-81a5-d67a74a13595', 10, 'private', 'Defensive Turtle Tactics', '{"incididunt fugiat esse","laboris duis labore","dolore ea irure","ex non laboris qui esse"}', DEFAULT, DEFAULT), ('de533318-8238-5b98-90fa-7923fbda78df', 'a88bc9b9-135e-55c7-8c4c-5a072a3c8573', 3, 'public', 'Aggressive Rush Strategy', '{}', DEFAULT, DEFAULT), ('91b0fe2a-8d53-5dfa-804e-dadbd5fed2f0', 'ca65e33b-de71-5d46-933a-849036127987', 3, 'unlisted', 'Roaming Support Plan', '{"do laboris non","nostrud irure laborum"}', DEFAULT, DEFAULT), ('f2da91e9-e150-5eba-811a-769c8b464b2d', 'ac9f0e3e-b030-584f-a8dd-87355fe22537', 7, 'private', 'Aggressive Rush Strategy', '{"Lorem ipsum incididunt ullamco e","amet","elit id laboris nisi","fugiat anim labore"}', DEFAULT, DEFAULT), ('830462ad-e07d-578c-9343-4c2f3f3f896d', '29b47b7e-4cec-5d5a-b93d-172770b57ed6', 1, 'public', 'Aggressive Rush Strategy', '{"dolor consequat id reprehenderit","amet dolore","labore consequat minim magna sun"}', DEFAULT, DEFAULT), ('e4d512a0-9012-54c8-a0de-d2cfb46cc4e7', '2d1d7734-be70-5d07-a538-e76c6cae722e', 1, 'private', 'Gank Heavy Approach', '{"tempor non tempor nulla","qui ex deserunt","sunt dolor non","ullamco mollit mollit eiusmod cu","eu enim","ut","cillum dolor sunt veniam","duis amet"}', DEFAULT, DEFAULT), ('8fc4ec28-bbda-57ff-86ae-02acc462e7a3', '1d3f740a-8c60-5c1d-aa9e-3854a33c8e1d', 2, 'unlisted', 'Split Push Blueprint', '{"labore","est est eiusmod","laboris sit exercitation","amet tempor","dolore magna sit irure deserunt","commodo mollit esse","reprehenderit tempor est minim"}', DEFAULT, DEFAULT), ('46cb3ac1-56db-5482-a77b-488299529f1c', '1d3f740a-8c60-5c1d-aa9e-3854a33c8e1d', 8, 'unlisted', 'Roaming Support Plan', '{"amet ut pariatur ullamco ea","velit","incididunt mollit","laborum eiusmod ex irure mollit"}', DEFAULT, DEFAULT), ('ca6dab04-25c1-5208-bf77-9e5162704420', '8a0a556f-d942-55f0-8ba8-1ffbfaf3c6d9', 9, 'private', 'Wave Management Plan', '{"proident eu aliqua","ipsum officia aliquip mollit ips","cillum aute","nisi anim et excepteur","aute ipsum occaecat"}', DEFAULT, DEFAULT), ('54485efb-a52b-5ef1-8d37-32b22dc487d0', 'd9bba68a-079c-5141-bd43-756b87167584', 7, 'private', 'Defensive Turtle Tactics', '{"elit fugiat dolor dolor"}', DEFAULT, DEFAULT), ('1fa8fec1-5ed8-5fb9-afc2-a5a8eea61a64', 'f52ce409-f800-5a86-b4ed-ce1a99a8a6ae', 4, 'public', 'Gank Heavy Approach', '{"quis non duis deserunt","ex est","excepteur veniam","consectetur tempor","amet ut qui occaecat minim","tempor aliquip"}', DEFAULT, DEFAULT), ('21212b38-5327-5020-9dc6-3fca09a6128f', '2589cf16-4103-5a4f-b544-b30078083eaa', 5, 'unlisted', 'Baron Control Strategy', '{"sunt ex cillum","officia nisi","occaecat consequat","ad","excepteur ipsum","velit exercitation","enim laboris exercitation ea","esse ullamco labore enim","incididunt"}', DEFAULT, DEFAULT), ('b22cc198-1bf7-5cc9-b682-385ac5f11217', 'f4b5542b-ba61-519e-a8d2-5793282ad487', 2, 'unlisted', 'Map Control Blueprint', '{"aliqua commodo exercitation exce"}', DEFAULT, DEFAULT), ('07d77b7a-f8bb-53ab-8750-034a7dc2bcb0', 'eda91f04-12ef-5904-88aa-e6ed9a692e03', 8, 'unlisted', 'Defensive Turtle Tactics', '{"do","amet do","ad ut minim exercitation","reprehenderit adipisicing esse i","est Lorem","ea cillum proident nulla","nulla occaecat","aute est","fugiat voluptate"}', DEFAULT, DEFAULT), ('f7f63dc3-d8b7-5f42-b802-636e4e3f43bb', '2589cf16-4103-5a4f-b544-b30078083eaa', 7, 'private', 'Split Push Blueprint', '{"Lorem ea commodo qui adipisicing","officia laborum sit","culpa proident aute anim"}', DEFAULT, DEFAULT), ('a1dd34cc-747e-59d2-bb04-592165ee24b7', '811570ef-0b81-508d-ba05-2f5e812d4131', 10, 'private', 'Late Game Scaling Strategy', '{"qui labore cupidatat","enim incididunt ullamco mollit","non sunt dolore qui","magna voluptate sit","proident fugiat anim","veniam occaecat"}', DEFAULT, DEFAULT), ('b111722b-fdf4-55f7-a1ea-183bf540f7e3', '549980e7-3e77-5d76-b263-84664d04b209', 9, 'unlisted', 'Jungle Control Playbook', '{"adipisicing minim ex mollit"}', DEFAULT, DEFAULT), ('de288e5e-33f8-5b49-9dad-83fa7d46ac0d', 'd1b8f3f8-af26-5088-8712-273c28ba98f7', 7, 'private', 'Late Game Scaling Strategy', '{"excepteur est","sunt","commodo minim Lorem id"}', DEFAULT, DEFAULT), ('f1ab7f2e-7a01-59f1-b811-78e3b78b40bc', '8b7e423b-b9b9-5b3c-bf3d-1aa45d16235c', 8, 'private', 'Vision Denial Blueprint', '{"qui aute commodo","id sint sint officia","duis nisi commodo adipisicing do","nostrud officia officia","esse esse Lorem aute eiusmod","eu ex","id labore","ullamco qui laborum eiusmod"}', DEFAULT, DEFAULT), ('e0783de7-ca51-5f0a-a7ac-8dcd533efd10', '3ff60d7a-a4ad-54c5-a422-53b52cd53093', 10, 'unlisted', 'Rotation Strategy Document', '{"nulla sit","ullamco pariatur","ad sint ullamco aute","Lorem officia","proident magna","excepteur in","exercitation voluptate"}', DEFAULT, DEFAULT), ('c3238b63-2dda-5915-8ca5-773255a1cfad', 'f4b5542b-ba61-519e-a8d2-5793282ad487', 2, 'private', 'Defensive Turtle Tactics', '{"Lorem ut"}', DEFAULT, DEFAULT), ('7b1aca75-d87e-55c4-87f7-005fafbadfdb', '8b7e423b-b9b9-5b3c-bf3d-1aa45d16235c', 6, 'public', 'Wave Management Plan', '{"fugiat Lorem ullamco","ullamco deserunt tempor","proident tempor elit eu","nostrud nisi aliquip"}', DEFAULT, DEFAULT), ('106d238e-2ba4-525c-8d85-994f8dfb2984', 'f4b5542b-ba61-519e-a8d2-5793282ad487', 5, 'unlisted', 'Gank Heavy Approach', '{"elit aliqua voluptate tempor ame","pariatur labore consectetur aute","eiusmod","esse quis","minim nisi","nulla consequat laborum reprehen"}', DEFAULT, DEFAULT), ('72f05d50-2802-535d-af55-29384395d238', '549980e7-3e77-5d76-b263-84664d04b209', 9, 'unlisted', 'Rotation Strategy Document', '{"nostrud laborum Lorem labore"}', DEFAULT, DEFAULT), ('f914b2f3-d88a-52e4-ac43-1ef8cffb4d34', '9bf2ad50-cccb-50eb-8269-3a7e78bd21f5', 9, 'public', 'Map Control Blueprint', '{"fugiat et eu","ut tempor occaecat nulla nulla","ex irure excepteur minim laborum","labore ea ea ex","esse reprehenderit exercitation "}', DEFAULT, DEFAULT), ('c620930b-8f59-50ae-bf46-b1a3aca28f0a', 'e4de1a09-bd9a-5e42-b92c-2cb1af28bec6', 8, 'unlisted', 'Map Control Blueprint', '{"id non irure laboris tempor","dolore nisi ullamco","do culpa id ipsum","amet non dolore","eu anim ullamco in","enim nisi id sit enim","sint in aliquip ad","voluptate occaecat","voluptate proident consequat rep","amet tempor consectetur excepteu"}', DEFAULT, DEFAULT), ('c78418ab-6a36-52f6-ad32-89289156138c', '9b1fc781-1e4e-56d2-bd68-0dc257a319c0', 5, 'public', 'Vision Denial Blueprint', '{"deserunt veniam ullamco veniam","minim","eu"}', DEFAULT, DEFAULT), ('ed7bef30-09b5-5167-a122-9b398a76eaef', '2d1d7734-be70-5d07-a538-e76c6cae722e', 9, 'unlisted', 'Aggressive Rush Strategy', '{"in quis","tempor","veniam"}', DEFAULT, DEFAULT), ('ecddf116-85cf-5aef-8c73-6e5963680c88', 'cd7c291a-6d6e-5632-91e5-b7fd7a634d7d', 7, 'private', 'Roaming Support Plan', '{"proident nisi","commodo","qui excepteur commodo","qui adipisicing non","anim in duis ex"}', DEFAULT, DEFAULT), ('5bb46529-9916-530c-88e4-31ac6d441591', 'd1b8f3f8-af26-5088-8712-273c28ba98f7', 1, 'private', 'Late Game Scaling Strategy', '{"aliquip tempor","pariatur Lorem","dolore ea commodo eu","consequat incididunt aute cupida","et officia","id sunt eu","officia","est non ex aliqua veniam","cupidatat sunt enim laborum"}', DEFAULT, DEFAULT), ('8b092693-9a40-5f6a-a57b-3c3e9f5288f7', '29b47b7e-4cec-5d5a-b93d-172770b57ed6', 7, 'private', 'Defensive Turtle Tactics', '{"officia irure labore mollit","ea pariatur ipsum","et aliquip occaecat","occaecat velit irure ex","elit consequat","fugiat exercitation magna sunt c","aliqua ad","nisi ea"}', DEFAULT, DEFAULT), ('65d96d53-ecd8-5cb9-a3d4-a2842c9c629f', '6c52c1d9-13a4-51ef-ae51-1dacc4c14be9', 3, 'private', 'Vision Denial Blueprint', '{"minim officia commodo","pariatur magna commodo exercitat","ut ad aliqua Lorem incididunt","cillum cillum ipsum","quis nostrud voluptate reprehend","proident culpa","consequat consequat","ut sunt","voluptate commodo voluptate"}', DEFAULT, DEFAULT), ('672c681b-4325-56a5-8413-28facb838b89', 'a3141029-aec2-543b-b18a-49fe947e3304', 6, 'unlisted', 'Wave Management Plan', '{"cillum ea sit","magna ullamco","ex qui","laborum ad","id magna velit"}', DEFAULT, DEFAULT), ('49d19d37-5ee3-59d0-a985-37b5b703ceb0', 'a88bc9b9-135e-55c7-8c4c-5a072a3c8573', 3, 'public', 'Team Fight Execution Plan', '{"aute ullamco aute","tempor culpa","dolore ex","aliqua elit eu cillum consectetu","deserunt cupidatat pariatur","ea labore quis incididunt","ea minim incididunt eu"}', DEFAULT, DEFAULT), ('66e9d7dd-018c-5299-8470-9f074683bd55', '91fa3874-9437-5dfa-a49a-f19fb38d9e92', 5, 'unlisted', 'Early Game Dominance Guide', '{"eu id","est quis proident non","dolor esse sit","Lorem qui exercitation adipisici","exercitation sunt","pariatur duis amet velit proiden"}', DEFAULT, DEFAULT), ('d4a93045-0519-5ae2-8bd3-51a7d07f2b97', '549980e7-3e77-5d76-b263-84664d04b209', 1, 'private', 'Split Push Blueprint', '{"Lorem aute commodo","laborum irure","aute","voluptate elit","Lorem officia anim","ex","deserunt duis do","elit"}', DEFAULT, DEFAULT), ('b5bd1f0b-0be5-592a-87b7-65db36f2fa17', '2589cf16-4103-5a4f-b544-b30078083eaa', 1, 'unlisted', 'Aggressive Rush Strategy', '{"sunt sunt eu id","et laboris","tempor"}', DEFAULT, DEFAULT), ('902168ab-57a5-5714-b589-ecf1bd6d2517', 'd9bba68a-079c-5141-bd43-756b87167584', 1, 'unlisted', 'Vision Control Blueprint', '{"reprehenderit","ad irure sit","irure magna eu adipisicing fugia"}', DEFAULT, DEFAULT), ('8e1b1af0-d36a-5958-9b32-c8f59e8edaf9', '438bff0e-fd50-5c86-89ee-d397a0c0e548', 4, 'private', 'Objective Focused Strategy', '{"fugiat aliqua"}', DEFAULT, DEFAULT), ('9ca1e23a-7fd9-5be2-b14a-5f50a52fda0a', 'd19db439-c7e7-53a7-aa19-0db346180dc1', 1, 'private', 'Counter Pick Blueprint', '{"sit sit","cupidatat mollit occaecat","pariatur","dolore non fugiat qui","culpa","culpa et culpa"}', DEFAULT, DEFAULT), ('b458c0d2-4d21-597a-9d7c-522e47032d79', '98eaafd3-adbf-5a3e-adb9-b3fb6971b6f1', 5, 'unlisted', 'Siege Tactics Handbook', '{"nisi ullamco consequat aute occa","nulla","ea et exercitation aliqua ut","eiusmod in enim labore ut","culpa cillum","cillum ex ex officia incididunt","in nisi ullamco"}', DEFAULT, DEFAULT), ('aeae5590-e6d3-5c02-8a1c-40a6bcf61bd6', '2d1d7734-be70-5d07-a538-e76c6cae722e', 3, 'private', 'Vision Control Blueprint', '{"occaecat","sit consequat reprehenderit","adipisicing","veniam","magna et duis","irure labore","consectetur","esse anim","dolor sint incididunt","consectetur elit"}', DEFAULT, DEFAULT), ('e62ff15d-b4e8-5f8b-b8c8-56d105c9d705', '2d1d7734-be70-5d07-a538-e76c6cae722e', 8, 'private', 'Defensive Turtle Tactics', '{"elit non ad","est magna aute ut","dolore ut","sint eu","dolore dolore duis sint"}', DEFAULT, DEFAULT), ('2650d5c8-a9d2-57ad-a70d-8c89cf994021', '91fa3874-9437-5dfa-a49a-f19fb38d9e92', 9, 'private', 'Vision Denial Blueprint', '{"nostrud culpa","ut do nostrud est","eu irure elit","consequat reprehenderit et qui","dolore sit qui","minim magna velit tempor","ullamco proident id deserunt","minim et deserunt deserunt","esse ea"}', DEFAULT, DEFAULT), ('57851dd8-0d7e-5b03-b70f-32940ae107ce', '2d1d7734-be70-5d07-a538-e76c6cae722e', 6, 'unlisted', 'Team Fight Execution Plan', '{"irure nisi","nostrud culpa"}', DEFAULT, DEFAULT), ('0bb88883-c32b-547d-bac2-9dcbf9437722', 'b5605791-3389-56c2-9ec6-17d538b9bb85', 4, 'unlisted', 'Vision Control Blueprint', '{"irure duis proident","dolore consectetur veniam","cillum sunt","exercitation","cupidatat","esse Lorem anim","labore","aute commodo magna culpa eu"}', DEFAULT, DEFAULT), ('f2096d39-9bcd-5cc9-af38-3924bad39e01', 'b32027db-33da-5dc2-b906-e0c2a06ac683', 7, 'unlisted', 'Aggressive Rush Strategy', '{"velit sunt veniam","sint eiusmod","esse ullamco esse deserunt","duis culpa deserunt","sit","sint esse enim excepteur nisi"}', DEFAULT, DEFAULT), ('cdc85c53-30bc-5c6e-91cc-2af72696e64b', 'd9bba68a-079c-5141-bd43-756b87167584', 4, 'private', 'Objective Focused Strategy', '{"aliquip nisi ut","sunt duis irure incididunt","aute excepteur","aliqua veniam aliqua","et magna","ut","ex sit dolore consectetur veniam"}', DEFAULT, DEFAULT), ('a0fe813c-8a2e-57ff-8950-530eb72350cc', '549980e7-3e77-5d76-b263-84664d04b209', 1, 'public', 'Aggressive Rush Strategy', '{"culpa ipsum","quis anim sunt laborum","eu","est amet amet ad","laborum deserunt ex laboris","culpa laborum qui","aliqua est","mollit fugiat et enim ipsum","eiusmod"}', DEFAULT, DEFAULT), ('3dcb1c72-1f38-50a2-8a79-9f8b83862a0b', '98eaafd3-adbf-5a3e-adb9-b3fb6971b6f1', 10, 'public', 'Baron Control Strategy', '{"et","sit reprehenderit","consequat nisi exercitation","labore eu dolor","ut","sunt ad in ex","id nulla Lorem","excepteur sunt officia"}', DEFAULT, DEFAULT), ('b529db67-e1b4-5e7d-9a32-267867bbcbad', 'd297ab9e-40d4-51b5-bb8f-a1df399f1a9a', 1, 'public', 'Early Game Dominance Guide', '{"reprehenderit voluptate Lorem","labore anim irure minim","quis ex deserunt","proident culpa officia","velit minim cillum","minim culpa"}', DEFAULT, DEFAULT), ('89b21cb6-fbf3-585a-b9c1-304fad97258b', 'ac9f0e3e-b030-584f-a8dd-87355fe22537', 2, 'unlisted', 'Vision Control Blueprint', '{"cupidatat officia commodo offici","cupidatat esse","eu officia pariatur","deserunt mollit et anim consequa","incididunt"}', DEFAULT, DEFAULT), ('8af27ce1-15c1-5703-a4c5-07ea669df0c7', 'f52ce409-f800-5a86-b4ed-ce1a99a8a6ae', 4, 'public', 'Late Game Scaling Strategy', '{"et sint sint","ipsum ea fugiat fugiat","aute ex","ullamco officia Lorem nisi","Lorem ipsum aliqua sint","quis ipsum cupidatat laboris","cupidatat aute ut veniam enim","est eu mollit"}', DEFAULT, DEFAULT), ('e9960db1-b450-5d20-820c-87fab4f40dc8', 'b7a89d05-549f-565f-b631-b59097e91d1a', 10, 'private', 'Vision Control Blueprint', '{"fugiat deserunt","ut irure consequat velit anim","aute sunt enim exercitation exce","ut pariatur ad","cillum et aute","eu"}', DEFAULT, DEFAULT), ('2dd10f1f-4836-53b2-b2b6-ae71861e43d0', '9bf2ad50-cccb-50eb-8269-3a7e78bd21f5', 8, 'private', 'Roaming Support Plan', '{"laborum aute mollit consequat","culpa amet tempor","proident quis","ullamco velit nisi exercitation","esse elit culpa"}', DEFAULT, DEFAULT), ('09d4e842-df61-577d-8d06-00daf3b676e2', '4da5a34b-d621-539d-93ed-4bd842601284', 3, 'unlisted', 'Early Game Dominance Guide', '{}', DEFAULT, DEFAULT), ('6fe4789e-9a02-5c94-8c81-5bb4cffd7850', 'd9bba68a-079c-5141-bd43-756b87167584', 3, 'public', 'Siege Tactics Handbook', '{"minim proident","consectetur","occaecat eu","deserunt aute adipisicing est qu","anim","pariatur est voluptate elit","Lorem laborum anim ad","nisi"}', DEFAULT, DEFAULT), ('62834a20-27ac-5894-8947-a4e2ffb67f5b', '29b47b7e-4cec-5d5a-b93d-172770b57ed6', 6, 'unlisted', 'Rotation Strategy Document', '{"laborum magna consequat Lorem","elit consequat","proident ex occaecat irure sunt"}', DEFAULT, DEFAULT), ('ce25e6d7-50b4-50c3-8210-685ee22346f3', '1e7e0bcb-4fc0-5d72-81a5-d67a74a13595', 1, 'unlisted', 'Gank Heavy Approach', '{"qui sunt","fugiat commodo","cillum minim aliqua aliquip","aliquip amet velit Lorem","est voluptate","Lorem magna consectetur","tempor voluptate ullamco","eu ipsum","veniam dolore Lorem"}', DEFAULT, DEFAULT), ('a4e4a518-fb32-53bf-9d1c-f336f8cd8c45', 'eb3795e9-0dc2-506f-818c-e81bf7149197', 7, 'public', 'Late Game Scaling Strategy', '{"Lorem cillum","Lorem deserunt do","officia consequat ullamco","do officia","nisi consequat laborum","eiusmod eiusmod ea commodo exerc","excepteur aliquip sunt laborum","veniam labore eu"}', DEFAULT, DEFAULT), ('d5862a76-70cd-55db-a302-365d7ec101f5', '2589cf16-4103-5a4f-b544-b30078083eaa', 10, 'public', 'Wave Management Plan', '{"amet proident","minim laboris laborum","do id","officia fugiat quis"}', DEFAULT, DEFAULT), ('fff5567f-d4a5-542e-ba70-1119521ca0cb', '8b7e423b-b9b9-5b3c-bf3d-1aa45d16235c', 7, 'public', 'Defensive Turtle Tactics', '{"aliqua do consectetur fugiat"}', DEFAULT, DEFAULT), ('48abaf7b-d65e-5371-8d5f-1be4621911e6', '8a0a556f-d942-55f0-8ba8-1ffbfaf3c6d9', 1, 'unlisted', 'Baron Control Strategy', '{"nostrud commodo proident","id officia irure","eu quis","quis laborum nisi mollit adipisi","ea esse proident anim"}', DEFAULT, DEFAULT), ('05b8ebd6-06e1-5ce6-85d9-1fda124d11b0', 'ca65e33b-de71-5d46-933a-849036127987', 3, 'unlisted', 'Objective Focused Strategy', '{"exercitation exercitation adipis","eu amet amet","esse","commodo amet in incididunt","dolore","qui","excepteur cupidatat minim","aliqua ex quis ut culpa","in sunt aliquip","pariatur incididunt aliquip veni"}', DEFAULT, DEFAULT), ('be5a4c70-a4ff-57c0-8c2c-437a6d77f25c', 'ac9f0e3e-b030-584f-a8dd-87355fe22537', 10, 'public', 'Vision Denial Blueprint', '{"ipsum irure sint officia","veniam","aliquip laboris aliquip ad","non enim occaecat culpa voluptat","ex exercitation duis sit","tempor do","Lorem commodo","excepteur aliqua","nisi sit ut"}', DEFAULT, DEFAULT), ('e6ff83af-5ec2-537d-b04b-784bd77a5871', 'f4b5542b-ba61-519e-a8d2-5793282ad487', 4, 'private', 'Split Push Blueprint', '{"do aute officia","eu","proident velit nisi anim esse","consequat in elit"}', DEFAULT, DEFAULT), ('dc9bffb4-1647-5c5d-8c1f-d89500e89900', '8a0a556f-d942-55f0-8ba8-1ffbfaf3c6d9', 2, 'unlisted', 'Defensive Turtle Tactics', '{"aute ex reprehenderit ad amet","qui exercitation sit sunt occaec","aliqua nulla","incididunt consectetur aliquip","laborum","officia do","aliqua do pariatur","dolore nisi culpa excepteur labo","do elit pariatur"}', DEFAULT, DEFAULT), ('ec767a01-17bb-518c-9633-78ebc8caded3', '36f6f3ba-e867-5008-b6c1-829e989f9d2f', 6, 'private', 'Baron Control Strategy', '{"fugiat pariatur ea anim","Lorem irure duis deserunt"}', DEFAULT, DEFAULT), ('6c642b40-bb15-55fa-9319-9c100d27adc7', 'b5605791-3389-56c2-9ec6-17d538b9bb85', 9, 'private', 'Vision Denial Blueprint', '{"elit fugiat","aliquip officia irure ad","do","ea magna consequat in velit"}', DEFAULT, DEFAULT), ('197f52e9-f9b3-54a3-a900-9ddcd2cd98d5', '2d1d7734-be70-5d07-a538-e76c6cae722e', 3, 'unlisted', 'Vision Control Blueprint', '{"aute enim cupidatat voluptate","qui consectetur ex"}', DEFAULT, DEFAULT), ('b239ffdb-847f-5400-b1f9-97e186ea36bc', '438bff0e-fd50-5c86-89ee-d397a0c0e548', 1, 'private', 'Wave Management Plan', '{"incididunt cillum","nulla non"}', DEFAULT, DEFAULT), ('c3124970-b58c-5748-8a01-4ba1d7466b2b', '3dbd7acc-a0c5-5607-8378-ec8dc206b269', 10, 'unlisted', 'Objective Focused Strategy', '{"minim incididunt reprehenderit s","consequat aliquip id excepteur e"}', DEFAULT, DEFAULT), ('2fbdef88-7d4a-5528-bb59-74f725709563', 'b32027db-33da-5dc2-b906-e0c2a06ac683', 3, 'private', 'Map Control Blueprint', '{"laborum"}', DEFAULT, DEFAULT), ('a03637de-3a86-5f2c-a9a1-71bb222f301f', 'd9bba68a-079c-5141-bd43-756b87167584', 5, 'private', 'Aggressive Rush Strategy', '{"non occaecat","aliqua qui","esse sunt","pariatur","laborum laborum","ea reprehenderit"}', DEFAULT, DEFAULT), ('536d5b0c-dc7c-598f-8fa0-b21c4cd85d48', '4da5a34b-d621-539d-93ed-4bd842601284', 6, 'unlisted', 'Counter Pick Blueprint', '{"ea excepteur enim","aute deserunt","est incididunt duis laboris pari","sit","exercitation in officia","et ipsum","mollit duis aliquip","deserunt incididunt sint qui","elit occaecat enim"}', DEFAULT, DEFAULT), ('f04b6b4b-d5ea-517f-8a7d-71713980487c', '1e7e0bcb-4fc0-5d72-81a5-d67a74a13595', 9, 'unlisted', 'Rotation Strategy Document', '{"commodo sunt ex","amet","officia Lorem"}', DEFAULT, DEFAULT), ('363e1d5b-f7b0-5ee0-a43a-f471f9cf9338', '1d3f740a-8c60-5c1d-aa9e-3854a33c8e1d', 2, 'private', 'Late Game Scaling Strategy', '{"deserunt dolore magna","eiusmod aliqua","aliqua sit","cupidatat","ad","ipsum cupidatat excepteur cillum","incididunt consectetur occaecat "}', DEFAULT, DEFAULT), ('edcc2203-6787-52aa-bc0b-a6dcc59388be', '3dbd7acc-a0c5-5607-8378-ec8dc206b269', 5, 'public', 'Vision Control Blueprint', '{"ut","est laboris velit in","reprehenderit sunt","laboris in non anim","duis sint dolore","est minim proident","officia culpa consequat"}', DEFAULT, DEFAULT), ('474b1c92-271b-5e78-878e-3e82398a6e7c', 'f52ce409-f800-5a86-b4ed-ce1a99a8a6ae', 2, 'unlisted', 'Jungle Control Playbook', '{"reprehenderit ipsum","consequat cillum exercitation ad","officia nisi","commodo veniam laborum","reprehenderit aliqua officia"}', DEFAULT, DEFAULT), ('8997d96a-4a2f-5fcd-a0a2-88e875f8bba7', '438bff0e-fd50-5c86-89ee-d397a0c0e548', 4, 'unlisted', 'Split Push Blueprint', '{"aute culpa dolore","occaecat non proident","consequat qui id anim","est","veniam esse","excepteur aliqua incididunt","qui fugiat cillum"}', DEFAULT, DEFAULT), ('f61f0c83-60cb-5fa8-a27a-67e606b63adb', 'd1b8f3f8-af26-5088-8712-273c28ba98f7', 6, 'private', 'Defensive Turtle Tactics', '{"dolore commodo quis labore","qui in consequat","magna occaecat consequat"}', DEFAULT, DEFAULT), ('30d213ab-4615-5d8b-abee-5b4875c8bfdf', '9bf2ad50-cccb-50eb-8269-3a7e78bd21f5', 2, 'private', 'Roaming Support Plan', '{"eiusmod proident aliqua officia","eiusmod nostrud deserunt Lorem","occaecat non mollit","reprehenderit reprehenderit culp"}', DEFAULT, DEFAULT), ('7d042aff-1b5b-531f-917f-48f2d58d33c7', '8a0a556f-d942-55f0-8ba8-1ffbfaf3c6d9', 6, 'private', 'Team Fight Execution Plan', '{"sint enim","incididunt non nulla tempor","nisi id culpa dolore est","duis","ipsum veniam","aute deserunt","commodo velit nisi irure","cillum magna","fugiat tempor"}', DEFAULT, DEFAULT), ('30e1e77d-2bcf-5591-97ec-d99bd552d8f0', '9b1fc781-1e4e-56d2-bd68-0dc257a319c0', 2, 'public', 'Vision Denial Blueprint', '{"occaecat duis id reprehenderit e","aliquip duis sint","aliquip et dolore","ex labore","deserunt voluptate"}', DEFAULT, DEFAULT), ('d53a4a7c-125e-52cd-8ba3-aa3916f71140', 'eb3795e9-0dc2-506f-818c-e81bf7149197', 2, 'unlisted', 'Vision Control Blueprint', '{"velit amet minim ut occaecat","magna officia proident laboris","sunt sit duis deserunt","qui fugiat aliqua","aliqua consectetur in","nostrud dolore","id esse pariatur","veniam non"}', DEFAULT, DEFAULT), ('47f797b2-50c1-56af-abe6-0081dabe5efd', '6c52c1d9-13a4-51ef-ae51-1dacc4c14be9', 7, 'private', 'Counter Pick Blueprint', '{"ea reprehenderit","sint reprehenderit","irure","id esse sunt"}', DEFAULT, DEFAULT), ('3ebbec39-d360-5461-b442-70abf723c8b8', 'd19db439-c7e7-53a7-aa19-0db346180dc1', 4, 'private', 'Aggressive Rush Strategy', '{"reprehenderit do laborum laborum"}', DEFAULT, DEFAULT), ('3821efb6-356e-53bd-8a0b-239426475be5', '4da5a34b-d621-539d-93ed-4bd842601284', 3, 'public', 'Siege Tactics Handbook', '{"sunt laborum velit aute","est ex","officia enim cillum","incididunt laborum elit qui","commodo non"}', DEFAULT, DEFAULT), ('f62571e6-585e-5709-b04e-861b7f3db2d2', '4da5a34b-d621-539d-93ed-4bd842601284', 2, 'public', 'Roaming Support Plan', '{"velit cupidatat mollit"}', DEFAULT, DEFAULT), ('f706ef0d-b4c8-54ee-ba4a-8f6af14717f8', '3ff60d7a-a4ad-54c5-a422-53b52cd53093', 2, 'unlisted', 'Counter Pick Blueprint', '{"officia Lorem","velit deserunt sint velit","officia","ut est","minim id mollit enim voluptate","est veniam","commodo adipisicing esse reprehe","sunt"}', DEFAULT, DEFAULT), ('da6a602b-9dc0-5e13-87e9-323f368838a2', '2589cf16-4103-5a4f-b544-b30078083eaa', 10, 'unlisted', 'Gank Heavy Approach', '{"laboris non","anim irure anim enim","ut quis anim sit in"}', DEFAULT, DEFAULT), ('ae022a2e-97fe-53d7-ace2-f700a65995e2', 'd19db439-c7e7-53a7-aa19-0db346180dc1', 9, 'unlisted', 'Jungle Control Playbook', '{"nisi voluptate reprehenderit","esse culpa","magna labore qui cupidatat","laboris magna","consectetur est fugiat","consectetur culpa cillum","fugiat","consectetur laboris enim minim"}', DEFAULT, DEFAULT), ('7f27719e-c551-5cfa-ab24-3e6a917bc77f', '9bf2ad50-cccb-50eb-8269-3a7e78bd21f5', 6, 'public', 'Vision Control Blueprint', '{"consequat excepteur","nostrud dolor","ea aliqua ut","exercitation excepteur ullamco e","commodo","laborum proident cillum id","dolor occaecat dolore et"}', DEFAULT, DEFAULT), ('a7afe8c7-8469-5a59-9246-cc18b3ce4b7b', '9b1fc781-1e4e-56d2-bd68-0dc257a319c0', 3, 'private', 'Baron Control Strategy', '{"sint exercitation","nulla ipsum pariatur","ut do","laborum id incididunt proident","adipisicing","laboris magna","deserunt voluptate sint mollit"}', DEFAULT, DEFAULT), ('8111ec5f-e01a-5ad1-b89a-b7a64419e202', '9b1fc781-1e4e-56d2-bd68-0dc257a319c0', 9, 'public', 'Vision Denial Blueprint', '{"aliqua Lorem","tempor amet","cupidatat anim amet","duis mollit voluptate consequat","voluptate","minim aute anim","nulla eiusmod","amet ipsum aute","velit"}', DEFAULT, DEFAULT), ('af41c136-c26c-5e1c-81f1-2d9f923ca606', 'eb3795e9-0dc2-506f-818c-e81bf7149197', 6, 'public', 'Aggressive Rush Strategy', '{"eu qui velit nulla","aliqua","ad laboris quis cillum incididun"}', DEFAULT, DEFAULT), ('7594efe5-aff1-5874-a5ed-4a9edc7b66bf', '811570ef-0b81-508d-ba05-2f5e812d4131', 7, 'unlisted', 'Defensive Turtle Tactics', '{"incididunt ea elit id","nulla occaecat qui reprehenderit","sint proident consectetur do ani","excepteur nisi amet","et excepteur aliquip id nisi","irure nulla commodo"}', DEFAULT, DEFAULT), ('ee2f9514-a689-5e06-84f0-7f27b56a3774', 'd19db439-c7e7-53a7-aa19-0db346180dc1', 10, 'private', 'Aggressive Rush Strategy', '{"est proident","nisi occaecat","reprehenderit","deserunt aute exercitation","proident reprehenderit","voluptate ut","cupidatat sit sit proident"}', DEFAULT, DEFAULT), ('59ac239c-144e-5ca7-b3e8-b97418726740', 'd1b8f3f8-af26-5088-8712-273c28ba98f7', 3, 'unlisted', 'Early Game Dominance Guide', '{"velit voluptate","irure","cillum eiusmod nisi culpa","ut ex officia et ullamco","dolore Lorem aliqua","excepteur incididunt magna repre","aliqua eu nostrud minim non","veniam nisi adipisicing enim in"}', DEFAULT, DEFAULT), ('7992b22f-6c16-50ae-ae54-fd84bedb78e7', 'cd7c291a-6d6e-5632-91e5-b7fd7a634d7d', 4, 'public', 'Jungle Control Playbook', '{"ipsum amet","veniam reprehenderit amet occaec","eu esse cupidatat","irure magna tempor","sit dolore id","et duis officia","culpa nisi aliquip exercitation"}', DEFAULT, DEFAULT), ('eeb6a56c-bf20-5164-a9c4-2438947a1635', 'e4de1a09-bd9a-5e42-b92c-2cb1af28bec6', 1, 'public', 'Split Push Blueprint', '{"magna tempor esse anim","et proident officia magna","exercitation duis ea"}', DEFAULT, DEFAULT), ('ba263b84-62af-5be6-a1da-34f8a9b1c708', '8a0a556f-d942-55f0-8ba8-1ffbfaf3c6d9', 8, 'public', 'Team Fight Execution Plan', '{"sit adipisicing id","anim pariatur elit","adipisicing velit tempor qui"}', DEFAULT, DEFAULT), ('0eda511d-00fb-5edd-a94c-61620ced28e5', 'd297ab9e-40d4-51b5-bb8f-a1df399f1a9a', 3, 'private', 'Defensive Turtle Tactics', '{"et velit aliqua eiusmod","commodo aliquip dolore","reprehenderit eiusmod nostrud ut","consectetur proident voluptate","dolore qui","commodo esse veniam elit laboris"}', DEFAULT, DEFAULT), ('4a82ca5f-1296-51b0-9319-05459a439c92', 'b32027db-33da-5dc2-b906-e0c2a06ac683', 9, 'unlisted', 'Team Fight Execution Plan', '{"tempor nostrud veniam sit duis","magna do voluptate velit officia","id duis sint elit"}', DEFAULT, DEFAULT), ('230e6990-91f4-5dc7-b6bc-229a44985e25', '29b47b7e-4cec-5d5a-b93d-172770b57ed6', 2, 'private', 'Gank Heavy Approach', '{"tempor sunt tempor","adipisicing velit","ipsum quis"}', DEFAULT, DEFAULT), ('01a97da4-f21e-511b-9160-a834d5d7f82e', '91fa3874-9437-5dfa-a49a-f19fb38d9e92', 3, 'unlisted', 'Split Push Blueprint', '{"ullamco non","quis commodo laborum eu","adipisicing laboris sit et","quis culpa eiusmod","ea ut"}', DEFAULT, DEFAULT), ('1c5613fb-a627-5391-a9ff-0cc49d9b395b', '2589cf16-4103-5a4f-b544-b30078083eaa', 6, 'unlisted', 'Early Game Dominance Guide', '{"ad id consequat et","consectetur mollit","amet exercitation minim","sint commodo reprehenderit sit m","occaecat minim adipisicing sit","sint id culpa ex sint"}', DEFAULT, DEFAULT), ('69b55afa-a769-5eae-849b-0607118f6f38', '1e7e0bcb-4fc0-5d72-81a5-d67a74a13595', 7, 'public', 'Aggressive Rush Strategy', '{"pariatur ea et","culpa commodo dolor reprehenderi","nulla","amet est","laboris pariatur Lorem do fugiat","minim incididunt","tempor ex cillum anim"}', DEFAULT, DEFAULT), ('5653d3f7-e466-5b59-9cc7-02634d975655', '1d3f740a-8c60-5c1d-aa9e-3854a33c8e1d', 10, 'unlisted', 'Wave Management Plan', '{"ut","deserunt","et nulla nostrud","labore esse ad labore sunt"}', DEFAULT, DEFAULT), ('11917a47-b89e-5663-8d37-049fe2bf5b34', '29b47b7e-4cec-5d5a-b93d-172770b57ed6', 2, 'unlisted', 'Late Game Scaling Strategy', '{}', DEFAULT, DEFAULT), ('c68ff46b-b1a9-581e-aa43-737e3b976580', '36f6f3ba-e867-5008-b6c1-829e989f9d2f', 3, 'unlisted', 'Objective Focused Strategy', '{"ex ullamco ut duis","magna elit ut","consequat culpa amet pariatur ma"}', DEFAULT, DEFAULT), ('e8d13e33-32bc-5c1a-9371-8f828965d869', '2d1d7734-be70-5d07-a538-e76c6cae722e', 6, 'public', 'Early Game Dominance Guide', '{"ullamco pariatur exercitation","aute aliquip","in sunt non irure","elit nulla"}', DEFAULT, DEFAULT), ('79cca71d-1dd7-5b78-9e31-229bb9872504', 'd19db439-c7e7-53a7-aa19-0db346180dc1', 4, 'public', 'Wave Management Plan', '{"culpa esse","do et","aliquip irure sint","non","exercitation excepteur","esse ea","do proident sit","dolore","nisi enim"}', DEFAULT, DEFAULT), ('cdf1b1e3-61cd-52e6-b86e-eec98ea71e23', '3dbd7acc-a0c5-5607-8378-ec8dc206b269', 8, 'private', 'Siege Tactics Handbook', '{"cupidatat veniam","quis amet"}', DEFAULT, DEFAULT), ('98ea8abd-4f3f-5750-b436-afb8aa79fb82', '29b47b7e-4cec-5d5a-b93d-172770b57ed6', 7, 'private', 'Wave Management Plan', '{"culpa deserunt","deserunt aliqua esse velit eiusm","voluptate","laborum qui duis laboris magna","esse sint veniam exercitation pa","eu non","quis id"}', DEFAULT, DEFAULT), ('bc227bd7-3214-5075-bca0-3f60046ac216', '91fa3874-9437-5dfa-a49a-f19fb38d9e92', 4, 'unlisted', 'Map Control Blueprint', '{}', DEFAULT, DEFAULT), ('8fd84214-96a6-5d6c-8437-0646145f15a1', 'f4b5542b-ba61-519e-a8d2-5793282ad487', 4, 'unlisted', 'Split Push Blueprint', '{"est esse laborum","est consequat","incididunt sunt","culpa","commodo enim culpa","elit laboris laboris","esse consequat","proident aliqua qui proident qui"}', DEFAULT, DEFAULT), ('7b269807-4fdc-5847-8a5c-807ffa02f953', 'ac9f0e3e-b030-584f-a8dd-87355fe22537', 10, 'public', 'Aggressive Rush Strategy', '{"esse laboris","minim pariatur","ut duis consectetur","excepteur excepteur","est"}', DEFAULT, DEFAULT), ('cf8258c4-f278-5c75-a944-c2bcba526ad4', '2d1d7734-be70-5d07-a538-e76c6cae722e', 9, 'private', 'Objective Focused Strategy', '{"officia minim ea","ullamco ullamco","do","consequat minim pariatur eiusmod"}', DEFAULT, DEFAULT), ('2e51b4b0-68ac-5e21-94a2-b7afb1b16016', 'eb3795e9-0dc2-506f-818c-e81bf7149197', 3, 'unlisted', 'Objective Focused Strategy', '{"irure velit est","esse eu","et","reprehenderit sit officia","aliquip"}', DEFAULT, DEFAULT), ('6e9d8d45-1d4b-5cdd-92c5-76194015ba99', '811570ef-0b81-508d-ba05-2f5e812d4131', 10, 'unlisted', 'Team Fight Execution Plan', '{"nulla do in reprehenderit","mollit minim","sint ut","consequat voluptate labore sunt ","incididunt ad","consectetur cupidatat duis Lorem","consectetur aute","Lorem velit exercitation esse","exercitation quis"}', DEFAULT, DEFAULT), ('fac7e894-3f38-5663-bc98-486c88732ea4', 'f4b5542b-ba61-519e-a8d2-5793282ad487', 9, 'public', 'Objective Focused Strategy', '{"tempor velit magna mollit","nisi proident","aliqua eu eu","consequat et cillum culpa et","pariatur irure ut exercitation","eu enim eiusmod","ullamco culpa duis","nisi est ipsum amet","pariatur labore pariatur sit"}', DEFAULT, DEFAULT), ('7d360079-2c18-5c6d-a1b8-85eb411ace3d', '3dbd7acc-a0c5-5607-8378-ec8dc206b269', 8, 'unlisted', 'Aggressive Rush Strategy', '{"minim Lorem officia","occaecat cupidatat incididunt ve","esse laborum deserunt dolore","anim sint enim","tempor incididunt deserunt aliqu","nulla quis exercitation commodo ","ut laboris laborum","esse","ea dolor","tempor"}', DEFAULT, DEFAULT), ('be194c18-6eee-5ff6-a117-608bade8a86e', '1e7e0bcb-4fc0-5d72-81a5-d67a74a13595', 7, 'private', 'Vision Control Blueprint', '{"nisi","adipisicing"}', DEFAULT, DEFAULT), ('74297878-a21d-59b7-aced-265d4a9f30fa', 'eb3795e9-0dc2-506f-818c-e81bf7149197', 10, 'public', 'Gank Heavy Approach', '{"reprehenderit incididunt nulla c"}', DEFAULT, DEFAULT), ('a0c5fdb3-1581-541b-b560-7473e0935643', 'eda91f04-12ef-5904-88aa-e6ed9a692e03', 2, 'unlisted', 'Jungle Control Playbook', '{"incididunt reprehenderit eu eu i","irure mollit esse","esse"}', DEFAULT, DEFAULT), ('5bf01130-69dd-5547-acc0-717bf1395fda', 'a3141029-aec2-543b-b18a-49fe947e3304', 10, 'unlisted', 'Vision Control Blueprint', '{"elit sit excepteur eiusmod","officia laboris nisi ipsum","excepteur ut sit"}', DEFAULT, DEFAULT), ('1e052062-4999-589c-af48-bc4a3df69d05', 'd1b8f3f8-af26-5088-8712-273c28ba98f7', 8, 'private', 'Secure Objective Playbook', '{"qui laborum nulla consequat proi","mollit culpa ipsum","duis id","ullamco veniam anim proident cup","consectetur nisi irure","magna id sint","voluptate"}', DEFAULT, DEFAULT), ('38b49ca8-b50c-5e98-af9e-9c3898d28f8f', 'b5605791-3389-56c2-9ec6-17d538b9bb85', 9, 'private', 'Aggressive Rush Strategy', '{"enim sit incididunt voluptate ni","deserunt culpa in occaecat"}', DEFAULT, DEFAULT), ('9b261f2f-f0b0-57c3-9c3a-156a89bfc9aa', 'f4b5542b-ba61-519e-a8d2-5793282ad487', 7, 'unlisted', 'Secure Objective Playbook', '{"id velit excepteur sint","est sit","mollit qui reprehenderit","cupidatat aute"}', DEFAULT, DEFAULT), ('2d9d0644-e0d8-5f5d-84c2-071cd2c099ce', '882c7ae5-914f-539d-8207-691de536097f', 1, 'public', 'Defensive Turtle Tactics', '{"id elit in nisi","non","cupidatat laborum velit anim","ad proident","tempor","incididunt culpa"}', DEFAULT, DEFAULT), ('b8c7a039-d039-57f7-bd1e-253b05ef8c03', '29b47b7e-4cec-5d5a-b93d-172770b57ed6', 2, 'private', 'Vision Denial Blueprint', '{"est veniam Lorem","excepteur","elit irure velit dolore","dolore nostrud","deserunt velit","consequat et laborum"}', DEFAULT, DEFAULT), ('110d19c8-9e0d-5f75-a721-b94eb9080526', '9b1fc781-1e4e-56d2-bd68-0dc257a319c0', 2, 'private', 'Objective Focused Strategy', '{}', DEFAULT, DEFAULT), ('09923517-e55a-5deb-98cb-d64b27c0ab72', '4da5a34b-d621-539d-93ed-4bd842601284', 9, 'unlisted', 'Baron Control Strategy', '{"ea esse aliquip culpa","tempor"}', DEFAULT, DEFAULT), ('e5bd85d5-1f62-5598-9176-4bfd393badbe', '1e7e0bcb-4fc0-5d72-81a5-d67a74a13595', 4, 'public', 'Vision Denial Blueprint', '{"sint consequat culpa exercitatio","sit consectetur officia","est quis quis reprehenderit","nulla pariatur ea non","ad esse","non reprehenderit","nulla nostrud dolore ipsum","non id Lorem sit ullamco","eiusmod minim enim"}', DEFAULT, DEFAULT), ('e8eb7547-d359-5d88-afb0-cca98349d023', '9bf2ad50-cccb-50eb-8269-3a7e78bd21f5', 8, 'public', 'Counter Pick Blueprint', '{"consequat commodo ut in","consequat Lorem elit","officia enim","pariatur non in","deserunt nostrud excepteur id"}', DEFAULT, DEFAULT), ('0e4135c9-4c74-5717-9ee1-cbbb37873838', 'eda91f04-12ef-5904-88aa-e6ed9a692e03', 10, 'public', 'Team Fight Execution Plan', '{"reprehenderit consequat","laborum non excepteur ut","irure sunt nulla","commodo do pariatur","id labore","Lorem velit aliqua","do commodo anim proident","et cillum ut quis"}', DEFAULT, DEFAULT), ('eb9d24ec-f15e-5e4f-870e-dd537efcd168', 'e4de1a09-bd9a-5e42-b92c-2cb1af28bec6', 1, 'private', 'Counter Pick Blueprint', '{"elit","nostrud mollit non","quis fugiat ut"}', DEFAULT, DEFAULT), ('688a2e3c-848e-5787-bd83-705a15229924', 'a88bc9b9-135e-55c7-8c4c-5a072a3c8573', 3, 'unlisted', 'Counter Pick Blueprint', '{"anim ut"}', DEFAULT, DEFAULT), ('a042a037-2e40-50ce-ae48-3f063c3067bb', '9bf2ad50-cccb-50eb-8269-3a7e78bd21f5', 8, 'unlisted', 'Roaming Support Plan', '{"sunt ullamco velit nulla","culpa exercitation","tempor incididunt aute deserunt ","officia dolor commodo","cupidatat cupidatat excepteur vo","est voluptate anim dolore","ex minim","nisi enim elit","eiusmod voluptate eu","et"}', DEFAULT, DEFAULT), ('cb4eaa5a-1f18-571e-9566-4c1753ad9134', 'f4b5542b-ba61-519e-a8d2-5793282ad487', 4, 'private', 'Vision Control Blueprint', '{"sit eu Lorem","esse voluptate","adipisicing reprehenderit","nisi exercitation non quis","dolor esse cillum consequat temp","proident dolor labore","amet sunt"}', DEFAULT, DEFAULT), ('2076216c-1b19-5f7f-b10d-db3cae2b4567', '2589cf16-4103-5a4f-b544-b30078083eaa', 4, 'private', 'Defensive Turtle Tactics', '{"commodo reprehenderit ea","nulla deserunt dolore eu","anim nisi irure aute","commodo","excepteur sint elit proident","mollit deserunt consectetur eu","ipsum minim"}', DEFAULT, DEFAULT), ('a0bd7980-cac4-5ded-adc5-004548282723', 'd1b8f3f8-af26-5088-8712-273c28ba98f7', 2, 'unlisted', 'Vision Control Blueprint', '{"exercitation dolor aliqua"}', DEFAULT, DEFAULT), ('e94657cc-5d4a-53ce-8902-19b99712c3c6', 'f4b5542b-ba61-519e-a8d2-5793282ad487', 2, 'unlisted', 'Vision Control Blueprint', '{"sit amet anim fugiat","deserunt veniam commodo eiusmod "}', DEFAULT, DEFAULT), ('cdee6d23-791e-5a74-aba4-6e6c1b3863e7', '2d1d7734-be70-5d07-a538-e76c6cae722e', 4, 'unlisted', 'Baron Control Strategy', '{"minim proident","commodo qui","id laboris in deserunt","ex laborum est","sit est","laborum in ad veniam","ea irure eu ut esse","veniam voluptate duis ut"}', DEFAULT, DEFAULT), ('d5a4641d-8cbb-5fd0-89e3-ac12979b690c', 'b7a89d05-549f-565f-b631-b59097e91d1a', 4, 'unlisted', 'Secure Objective Playbook', '{"culpa","sit veniam","eiusmod duis","non exercitation voluptate occae","irure consequat","aute laboris enim"}', DEFAULT, DEFAULT), ('ab58f5b2-4308-5685-a477-a4b54637b2a0', 'd1b8f3f8-af26-5088-8712-273c28ba98f7', 1, 'unlisted', 'Roaming Support Plan', '{"nostrud labore magna"}', DEFAULT, DEFAULT), ('025da8e7-6d47-53be-9689-b0604284733b', 'd297ab9e-40d4-51b5-bb8f-a1df399f1a9a', 8, 'unlisted', 'Gank Heavy Approach', '{"minim consectetur esse nulla","pariatur","tempor excepteur culpa nisi"}', DEFAULT, DEFAULT), ('cfc01e92-0e9c-5f58-b116-ac73af2ff344', '8a0a556f-d942-55f0-8ba8-1ffbfaf3c6d9', 9, 'private', 'Baron Control Strategy', '{"aute nostrud deserunt sunt","voluptate","excepteur ipsum aliquip","quis do sint labore","eu dolore in minim proident","dolor commodo ea","nisi sint ipsum","proident reprehenderit"}', DEFAULT, DEFAULT), ('6c7a0737-5d09-56f1-9a60-9ca811b68d40', '9b1fc781-1e4e-56d2-bd68-0dc257a319c0', 6, 'public', 'Late Game Scaling Strategy', '{"ea duis dolor commodo reprehende"}', DEFAULT, DEFAULT), ('b74b781d-f3ca-5ce2-a262-c20f23455d05', 'd1b8f3f8-af26-5088-8712-273c28ba98f7', 1, 'private', 'Team Fight Execution Plan', '{"sint enim dolor","pariatur sit","culpa sunt ipsum","adipisicing tempor","minim mollit culpa","aliqua adipisicing in aute","occaecat consequat occaecat aute","et ad cillum occaecat"}', DEFAULT, DEFAULT), ('ae76c1cf-66c9-5bf7-8fc8-d1e1260ab8bd', '6c52c1d9-13a4-51ef-ae51-1dacc4c14be9', 4, 'public', 'Jungle Control Playbook', '{"duis pariatur occaecat qui","magna excepteur elit exercitatio","deserunt veniam laborum est quis","ea aute","fugiat sit aliqua","eiusmod mollit duis ea","ullamco et officia et"}', DEFAULT, DEFAULT), ('3267d96d-4a33-5c13-9ef8-eb9652f76262', 'f4b5542b-ba61-519e-a8d2-5793282ad487', 5, 'public', 'Late Game Scaling Strategy', '{"eu ad Lorem","irure pariatur","minim","eu","incididunt nostrud reprehenderit","sint velit commodo Lorem minim"}', DEFAULT, DEFAULT), ('272ce823-3f81-5671-93a8-93655178aa67', 'b32027db-33da-5dc2-b906-e0c2a06ac683', 9, 'unlisted', 'Counter Pick Blueprint', '{"qui cillum veniam","magna voluptate irure","dolore incididunt"}', DEFAULT, DEFAULT), ('0cd365ac-6479-5889-b532-b02ce5d93b9f', '98eaafd3-adbf-5a3e-adb9-b3fb6971b6f1', 1, 'unlisted', 'Wave Management Plan', '{"eu cupidatat dolore tempor aliqu","eiusmod et sint sunt","nisi pariatur consectetur laboru","ad aute proident adipisicing ull","amet reprehenderit id nostrud","et nostrud labore"}', DEFAULT, DEFAULT), ('d1c31a1f-140d-5b01-95f7-3fc15003186c', '4da5a34b-d621-539d-93ed-4bd842601284', 2, 'public', 'Baron Control Strategy', '{"est reprehenderit dolor sunt cup"}', DEFAULT, DEFAULT), ('139e14ed-bbf1-5d48-a6cc-84c72c891164', '882c7ae5-914f-539d-8207-691de536097f', 4, 'unlisted', 'Jungle Control Playbook', '{"aliqua","commodo labore"}', DEFAULT, DEFAULT), ('586f1ac8-f524-5f8c-88e2-184c02d5ef6d', 'f4b5542b-ba61-519e-a8d2-5793282ad487', 10, 'private', 'Aggressive Rush Strategy', '{"id aliqua","anim sint ut","veniam reprehenderit","ex","velit cupidatat non est occaecat","tempor fugiat ullamco","aliquip nisi reprehenderit","aliquip proident commodo magna"}', DEFAULT, DEFAULT), ('62075432-2441-5ae8-a3d3-0c53f1490707', '811570ef-0b81-508d-ba05-2f5e812d4131', 6, 'public', 'Vision Denial Blueprint', '{"veniam dolor","est ullamco","nisi mollit","nulla cillum","ex fugiat consequat","ullamco labore incididunt mollit","velit veniam"}', DEFAULT, DEFAULT), ('7e2a3012-f429-5959-8e79-e27f888f9ce7', 'd19db439-c7e7-53a7-aa19-0db346180dc1', 3, 'public', 'Baron Control Strategy', '{"esse elit minim","consequat amet reprehenderit id","nulla veniam reprehenderit ipsum","elit sunt Lorem veniam","nostrud reprehenderit dolore dol","est do","magna","sit officia fugiat non voluptate"}', DEFAULT, DEFAULT), ('b8821e56-73f0-54d5-b485-728d64492250', 'b32027db-33da-5dc2-b906-e0c2a06ac683', 3, 'private', 'Gank Heavy Approach', '{"ad ipsum do anim"}', DEFAULT, DEFAULT), ('41c6ea7f-18a9-55e6-b2ba-f0f4f40a17bf', 'd1b8f3f8-af26-5088-8712-273c28ba98f7', 3, 'unlisted', 'Siege Tactics Handbook', '{"cillum velit","duis esse elit magna"}', DEFAULT, DEFAULT), ('6071eb55-6bca-516b-b2e7-cdcdc70b2f27', '8a0a556f-d942-55f0-8ba8-1ffbfaf3c6d9', 4, 'private', 'Rotation Strategy Document', '{}', DEFAULT, DEFAULT), ('d7cdb9d2-07a6-5208-bc43-84429587c78d', 'f52ce409-f800-5a86-b4ed-ce1a99a8a6ae', 4, 'private', 'Gank Heavy Approach', '{"duis do ut"}', DEFAULT, DEFAULT), ('edba76b8-16c2-5d65-8407-7c8846b18c8d', 'a88bc9b9-135e-55c7-8c4c-5a072a3c8573', 9, 'private', 'Defensive Turtle Tactics', '{"pariatur dolor do consectetur ni","ullamco aliqua deserunt","excepteur commodo qui","culpa","consequat et dolor eu consequat","duis","et labore consequat culpa"}', DEFAULT, DEFAULT), ('4961b154-685f-5c2d-b1f1-598100239ea4', '438bff0e-fd50-5c86-89ee-d397a0c0e548', 2, 'public', 'Early Game Dominance Guide', '{"proident et voluptate","nostrud consectetur nostrud fugi","laboris dolor aliquip mollit","do nostrud sunt non"}', DEFAULT, DEFAULT), ('81b648c1-576c-5086-ba4f-2125060d9cf0', 'ca65e33b-de71-5d46-933a-849036127987', 6, 'unlisted', 'Siege Tactics Handbook', '{"ullamco magna","pariatur laborum ullamco non par","fugiat","elit","sint nulla","est cupidatat","et ipsum","Lorem","culpa quis ad velit ad"}', DEFAULT, DEFAULT), ('edcc20e9-95a3-50eb-b84c-a2ac5801dd1f', '2589cf16-4103-5a4f-b544-b30078083eaa', 7, 'private', 'Objective Focused Strategy', '{"aliquip consectetur","enim consequat do velit","commodo aliquip commodo reprehen","enim officia ipsum incididunt","eu consectetur","anim laborum excepteur adipisici","veniam duis enim id est","duis occaecat consequat consecte","velit magna irure","quis"}', DEFAULT, DEFAULT), ('0f7963e1-2931-5603-b1f8-5f29e095a36f', 'ca65e33b-de71-5d46-933a-849036127987', 8, 'private', 'Aggressive Rush Strategy', '{"ut quis incididunt","quis","enim anim mollit irure","veniam anim"}', DEFAULT, DEFAULT), ('d90cf80e-490d-5c8c-85cc-9c761060fca5', '36f6f3ba-e867-5008-b6c1-829e989f9d2f', 9, 'public', 'Defensive Turtle Tactics', '{"excepteur non laboris","et et consequat pariatur nostrud","est mollit","irure et","pariatur velit qui quis ullamco","sit deserunt"}', DEFAULT, DEFAULT), ('84a00f8f-8f65-512e-a89a-396ebb944774', 'eda91f04-12ef-5904-88aa-e6ed9a692e03', 10, 'unlisted', 'Counter Pick Blueprint', '{"ex tempor","reprehenderit pariatur","eiusmod proident enim","amet","do nulla incididunt culpa","occaecat magna magna labore id","duis aliqua eiusmod","velit pariatur et enim et","tempor veniam nostrud duis"}', DEFAULT, DEFAULT), ('24530daa-18f4-5736-824e-740b98d86f84', '1d3f740a-8c60-5c1d-aa9e-3854a33c8e1d', 8, 'public', 'Objective Focused Strategy', '{"consequat occaecat quis pariatur","officia consectetur","laboris eiusmod nulla veniam","commodo","ea","ea"}', DEFAULT, DEFAULT), ('cef44dbb-01f1-53f9-a51f-bce20b8c9729', 'cd7c291a-6d6e-5632-91e5-b7fd7a634d7d', 5, 'private', 'Gank Heavy Approach', '{}', DEFAULT, DEFAULT), ('2f432e43-c578-5d3f-a9f6-658650551fe1', 'd19db439-c7e7-53a7-aa19-0db346180dc1', 7, 'public', 'Vision Denial Blueprint', '{"esse labore ex","minim consequat","est cupidatat elit","aute incididunt mollit","minim ad ipsum","sint incididunt"}', DEFAULT, DEFAULT), ('9e0ad23d-bafe-536b-a992-47ea353cf3b5', '91434b27-2651-5429-8f42-45c3f8e334a0', 9, 'unlisted', 'Gank Heavy Approach', '{"adipisicing veniam anim magna","ipsum tempor","sit id","do ea","sit fugiat deserunt adipisicing "}', DEFAULT, DEFAULT), ('ba4f3542-9d48-574a-8df6-823d78106037', 'd297ab9e-40d4-51b5-bb8f-a1df399f1a9a', 5, 'public', 'Defensive Turtle Tactics', '{"laboris est aliquip sit labore","qui ad laboris nulla"}', DEFAULT, DEFAULT), ('d5920fa6-848e-5195-b671-9577ccf74a26', '438bff0e-fd50-5c86-89ee-d397a0c0e548', 7, 'public', 'Roaming Support Plan', '{"veniam cillum eiusmod","veniam in amet","ipsum occaecat","officia aute sint deserunt repre","commodo","ad veniam aliquip"}', DEFAULT, DEFAULT), ('60e1ec45-4b3f-5cd2-b9e9-a6fd50c32391', '9bf2ad50-cccb-50eb-8269-3a7e78bd21f5', 10, 'public', 'Vision Denial Blueprint', '{"eiusmod","voluptate","occaecat officia anim sint ullam","aute adipisicing laborum pariatu","sint adipisicing enim voluptate","duis quis","mollit labore","occaecat mollit"}', DEFAULT, DEFAULT), ('4152396c-eaf9-5aeb-9b7d-6c26ad4d722c', 'eb3795e9-0dc2-506f-818c-e81bf7149197', 8, 'unlisted', 'Defensive Turtle Tactics', '{"aute veniam ea velit","veniam","proident anim","velit ad consectetur"}', DEFAULT, DEFAULT), ('82c66b9e-374b-5deb-960b-0b761f066806', 'e4de1a09-bd9a-5e42-b92c-2cb1af28bec6', 6, 'public', 'Late Game Scaling Strategy', '{"exercitation","enim anim quis id","anim proident amet","exercitation minim ex mollit","est tempor est ut fugiat","irure sunt esse velit reprehende","nulla quis ea","sint cillum laboris incididunt l","ipsum laborum"}', DEFAULT, DEFAULT), ('cb1a8444-be9e-581c-8a1e-9f0d5870d484', 'd1b8f3f8-af26-5088-8712-273c28ba98f7', 1, 'public', 'Wave Management Plan', '{"ullamco","qui sunt amet do deserunt","veniam in","veniam minim consectetur","ex","magna non Lorem"}', DEFAULT, DEFAULT), ('b4086fbf-8b55-5b20-af96-270e53efd260', '91434b27-2651-5429-8f42-45c3f8e334a0', 7, 'unlisted', 'Siege Tactics Handbook', '{"quis nostrud amet eu enim","dolor voluptate officia ipsum","ullamco mollit elit amet anim","consequat veniam nulla","nostrud consequat nisi","labore excepteur minim"}', DEFAULT, DEFAULT), ('7dc2a385-02fd-5e9e-8ca3-480d310ce988', '29b47b7e-4cec-5d5a-b93d-172770b57ed6', 2, 'unlisted', 'Late Game Scaling Strategy', '{"incididunt tempor","sunt pariatur ullamco proident","sit","deserunt consequat dolor sint","anim minim","mollit et consectetur","amet duis"}', DEFAULT, DEFAULT), ('bd010a0a-cb39-59ee-8218-e7f775ac9a01', '1d3f740a-8c60-5c1d-aa9e-3854a33c8e1d', 8, 'private', 'Counter Pick Blueprint', '{"proident fugiat","dolore qui cupidatat aliqua","veniam quis in","officia do quis","veniam anim duis","dolor magna do"}', DEFAULT, DEFAULT), ('eb100a5e-fbbc-5189-b323-e08ca1ddf4b2', '91434b27-2651-5429-8f42-45c3f8e334a0', 7, 'public', 'Map Control Blueprint', '{"consectetur cupidatat sint","culpa Lorem elit","aliqua","esse nulla nisi"}', DEFAULT, DEFAULT), ('e43c6b3b-10fe-54f2-a09c-2f23976dbe42', 'ca65e33b-de71-5d46-933a-849036127987', 3, 'public', 'Counter Pick Blueprint', '{"nostrud eiusmod laborum mollit","amet ad nisi","commodo do velit et","qui sit ipsum","eiusmod nisi","commodo tempor","incididunt non eu incididunt fug","dolor ut dolor deserunt","Lorem quis"}', DEFAULT, DEFAULT), ('145f2d17-d2b0-59ee-98c0-d8b6d6c741cd', '91fa3874-9437-5dfa-a49a-f19fb38d9e92', 5, 'unlisted', 'Wave Management Plan', '{"irure officia pariatur occaecat ","sint ipsum commodo qui sint","nulla sint","dolor voluptate nostrud"}', DEFAULT, DEFAULT), ('27b7fc92-c399-5aec-bc43-ea4a7d41c984', '91434b27-2651-5429-8f42-45c3f8e334a0', 7, 'unlisted', 'Gank Heavy Approach', '{"eiusmod reprehenderit","voluptate sunt deserunt ut","dolor in veniam excepteur","magna reprehenderit ex","dolore","anim duis mollit et","incididunt","mollit nisi labore","aliquip dolor"}', DEFAULT, DEFAULT), ('16e13bc2-bae9-5a1b-a23b-7f2503b73a03', 'b5605791-3389-56c2-9ec6-17d538b9bb85', 5, 'private', 'Baron Control Strategy', '{"dolor ullamco sint","aliquip est sit consectetur ad","consequat minim ad eu","tempor occaecat","mollit et labore"}', DEFAULT, DEFAULT), ('fb9a721d-7da1-577d-a721-ae00139d250b', 'e4de1a09-bd9a-5e42-b92c-2cb1af28bec6', 9, 'unlisted', 'Aggressive Rush Strategy', '{"est aliqua consequat","elit magna irure","pariatur aute non","culpa reprehenderit","culpa officia culpa aliquip"}', DEFAULT, DEFAULT), ('8514b549-2321-5223-bcae-362fbfc61c61', '9bf2ad50-cccb-50eb-8269-3a7e78bd21f5', 1, 'private', 'Split Push Blueprint', '{"in excepteur","eu amet excepteur","sit ex nostrud eiusmod","dolore dolor tempor","exercitation amet sunt","ipsum occaecat incididunt","qui deserunt proident ullamco an","sint in laborum","et pariatur"}', DEFAULT, DEFAULT), ('8d222d98-29f0-5123-b99d-cc9f19493b20', 'f4b5542b-ba61-519e-a8d2-5793282ad487', 8, 'public', 'Aggressive Rush Strategy', '{"culpa occaecat","Lorem laborum exercitation offic","quis incididunt occaecat","non sit deserunt","enim dolore ipsum enim","irure aute","pariatur eiusmod","ullamco minim nulla irure","eiusmod in"}', DEFAULT, DEFAULT), ('5ba895cd-4107-5c9d-a9cb-bd2d24899776', '29b47b7e-4cec-5d5a-b93d-172770b57ed6', 7, 'private', 'Vision Denial Blueprint', '{"incididunt duis","proident amet pariatur officia","nostrud proident dolor sit"}', DEFAULT, DEFAULT), ('73b23aba-b5e2-5b24-b442-00922b22f275', '4da5a34b-d621-539d-93ed-4bd842601284', 4, 'private', 'Jungle Control Playbook', '{"aliqua ut irure","anim anim mollit cillum","ut anim","amet id pariatur eiusmod Lorem","sit voluptate elit","laborum magna enim","pariatur eu nulla consectetur co"}', DEFAULT, DEFAULT), ('0e1a0168-a26a-5feb-9c91-7bd40d62afcc', 'd9bba68a-079c-5141-bd43-756b87167584', 7, 'private', 'Map Control Blueprint', '{"amet aliqua ea et","proident ut labore enim"}', DEFAULT, DEFAULT), ('9348bed0-a52a-59cd-98df-ed8ab48ba4f7', '882c7ae5-914f-539d-8207-691de536097f', 6, 'private', 'Defensive Turtle Tactics', '{"magna ullamco in","proident quis sunt laboris non","irure","duis in reprehenderit","nulla id voluptate","quis elit","velit enim eu ex sint","commodo in ut consectetur proide"}', DEFAULT, DEFAULT), ('1507f034-16ba-5219-b927-72f72394b9da', '3ff60d7a-a4ad-54c5-a422-53b52cd53093', 10, 'unlisted', 'Wave Management Plan', '{"sit culpa aliquip","aliquip mollit cupidatat","occaecat et veniam","sit","sint veniam"}', DEFAULT, DEFAULT), ('3d6517ba-6968-54c9-9934-5dca00f20f48', '3dbd7acc-a0c5-5607-8378-ec8dc206b269', 8, 'private', 'Defensive Turtle Tactics', '{"sunt aliqua cillum enim","fugiat tempor reprehenderit","proident anim eiusmod","reprehenderit","anim voluptate nostrud pariatur","officia dolore voluptate"}', DEFAULT, DEFAULT), ('253eb1a7-6466-5751-bb80-ba728a9d5688', 'eda91f04-12ef-5904-88aa-e6ed9a692e03', 10, 'public', 'Split Push Blueprint', '{"esse anim eiusmod","ad sunt occaecat id","minim quis","aliquip officia","deserunt","minim nulla Lorem","minim sint labore sit nisi","veniam nulla","ullamco eiusmod"}', DEFAULT, DEFAULT), ('84afba7a-f643-5519-b420-54d83f591e9d', '98eaafd3-adbf-5a3e-adb9-b3fb6971b6f1', 5, 'unlisted', 'Roaming Support Plan', '{"enim culpa","do nulla","minim non amet","id eiusmod duis","et id cillum occaecat","eiusmod anim dolor"}', DEFAULT, DEFAULT), ('59b35be9-9d21-5b79-8875-4954a08d7239', 'a88bc9b9-135e-55c7-8c4c-5a072a3c8573', 5, 'public', 'Late Game Scaling Strategy', '{"ipsum fugiat aute consectetur","aute culpa sint anim","proident labore","est anim laboris"}', DEFAULT, DEFAULT), ('b3ff9604-63d2-533f-8bbb-d5f0486381ad', '3ff60d7a-a4ad-54c5-a422-53b52cd53093', 5, 'unlisted', 'Rotation Strategy Document', '{"nostrud voluptate","proident veniam cillum ullamco c"}', DEFAULT, DEFAULT), ('bcc899da-7629-5e0e-b560-5f5f6e7060e1', '2589cf16-4103-5a4f-b544-b30078083eaa', 9, 'private', 'Counter Pick Blueprint', '{}', DEFAULT, DEFAULT), ('96dbca51-d731-5e2c-a3d4-62e8f0faa072', '6c52c1d9-13a4-51ef-ae51-1dacc4c14be9', 5, 'unlisted', 'Map Control Blueprint', '{"ipsum quis eu ipsum","labore duis","adipisicing nostrud velit","exercitation elit elit consequat","cupidatat eu nisi esse","commodo culpa","eiusmod","mollit"}', DEFAULT, DEFAULT), ('fc633e1f-14b8-590b-a0ba-c22147aaeeb4', '9b1fc781-1e4e-56d2-bd68-0dc257a319c0', 6, 'private', 'Secure Objective Playbook', '{"dolor qui quis enim","reprehenderit ex eiusmod aliquip"}', DEFAULT, DEFAULT), ('49af1081-9f3e-5569-af2e-1029eb808baf', 'd9bba68a-079c-5141-bd43-756b87167584', 4, 'public', 'Late Game Scaling Strategy', '{"do culpa","irure mollit sunt qui","do cillum cupidatat sunt","enim occaecat enim","est","anim consequat minim eiusmod est","do anim occaecat","exercitation labore esse esse et"}', DEFAULT, DEFAULT), ('28c7fcd5-dc0b-528f-92f0-3e19e7b94b50', '6c52c1d9-13a4-51ef-ae51-1dacc4c14be9', 9, 'public', 'Gank Heavy Approach', '{"nisi excepteur est do"}', DEFAULT, DEFAULT), ('38780d0a-620c-5420-b84b-aa917e5db8c1', 'e4de1a09-bd9a-5e42-b92c-2cb1af28bec6', 1, 'unlisted', 'Aggressive Rush Strategy', '{"laboris","minim commodo ipsum culpa","enim veniam id","aute laborum ut","duis laborum occaecat id","proident commodo sunt eu","aliqua nisi amet occaecat","ea sunt"}', DEFAULT, DEFAULT), ('535c1e86-4fb0-59ea-8076-b54244994b61', 'eda91f04-12ef-5904-88aa-e6ed9a692e03', 6, 'unlisted', 'Split Push Blueprint', '{"qui eu dolore","minim voluptate adipisicing dolo","adipisicing quis est nisi","aliquip adipisicing","laboris sit","veniam aliquip duis occaecat rep","aute consectetur"}', DEFAULT, DEFAULT), ('5e181f1c-b93c-59a3-a161-c4d4e29f775e', 'd19db439-c7e7-53a7-aa19-0db346180dc1', 4, 'unlisted', 'Secure Objective Playbook', '{"labore pariatur cupidatat"}', DEFAULT, DEFAULT), ('0cd34502-daee-52d8-b8a4-7aa032065e8a', '6c52c1d9-13a4-51ef-ae51-1dacc4c14be9', 2, 'public', 'Objective Focused Strategy', '{"quis sunt non ullamco","reprehenderit laborum","reprehenderit occaecat sunt amet","ipsum magna","eiusmod sint consectetur commodo","eu magna","dolor voluptate labore"}', DEFAULT, DEFAULT), ('6c9b6808-e737-5f8f-b196-93c0598b34b9', '549980e7-3e77-5d76-b263-84664d04b209', 7, 'public', 'Roaming Support Plan', '{"veniam sunt consectetur nostrud","velit irure duis ex","fugiat","sint anim ex","consequat ut do"}', DEFAULT, DEFAULT), ('f498173a-b4a1-5b37-ad0b-67596b4fe0ac', 'd9bba68a-079c-5141-bd43-756b87167584', 8, 'unlisted', 'Siege Tactics Handbook', '{"irure culpa nisi","sint ut","anim","adipisicing voluptate labore ame","non veniam voluptate Lorem aliqu"}', DEFAULT, DEFAULT), ('b0d542cd-fe80-5cad-9bd6-a81d0ed1c2f4', 'b32027db-33da-5dc2-b906-e0c2a06ac683', 8, 'unlisted', 'Vision Control Blueprint', '{"fugiat veniam","laboris","magna veniam"}', DEFAULT, DEFAULT), ('cd506b7e-0f7c-526c-b650-bb799376c313', '4da5a34b-d621-539d-93ed-4bd842601284', 2, 'unlisted', 'Gank Heavy Approach', '{"veniam eu consequat ipsum ad","velit aliqua","ea exercitation","qui sit","reprehenderit nulla Lorem duis","veniam ex qui voluptate incididu","culpa aute ullamco"}', DEFAULT, DEFAULT), ('d625f518-4ec3-51e2-95c0-6cf965668d68', 'a88bc9b9-135e-55c7-8c4c-5a072a3c8573', 8, 'public', 'Wave Management Plan', '{"incididunt elit"}', DEFAULT, DEFAULT), ('66b76653-1cc5-50ef-a109-c059c945f253', '882c7ae5-914f-539d-8207-691de536097f', 9, 'private', 'Team Fight Execution Plan', '{"quis ex","ea in quis","minim pariatur mollit cillum","aliqua occaecat","nulla enim","qui sit cillum"}', DEFAULT, DEFAULT), ('a6dbcc80-e965-5682-9448-6a65a83787b3', 'd9bba68a-079c-5141-bd43-756b87167584', 1, 'public', 'Roaming Support Plan', '{"elit cupidatat consequat quis ea","aliquip deserunt ea","anim consectetur ad magna adipis","ex pariatur","ut aliqua esse dolor","occaecat enim"}', DEFAULT, DEFAULT), ('c4d9fc37-aa2c-5cf4-8cef-779723958882', 'd297ab9e-40d4-51b5-bb8f-a1df399f1a9a', 9, 'unlisted', 'Vision Control Blueprint', '{"pariatur","qui deserunt amet","sunt","ea aute pariatur","non commodo ullamco","excepteur","esse exercitation nisi","esse culpa","adipisicing officia laboris do","officia excepteur officia"}', DEFAULT, DEFAULT), ('cbdcc83c-77a1-5d75-ace8-183321930672', '98eaafd3-adbf-5a3e-adb9-b3fb6971b6f1', 3, 'private', 'Map Control Blueprint', '{"mollit veniam","tempor occaecat cupidatat ipsum ","nostrud irure","dolor","excepteur","do veniam","ad eiusmod laboris","velit consectetur Lorem elit","magna occaecat","deserunt id do"}', DEFAULT, DEFAULT), ('46b593cf-05b9-5316-ba74-ef4cf062dcc9', '36f6f3ba-e867-5008-b6c1-829e989f9d2f', 5, 'unlisted', 'Vision Control Blueprint', '{"ea amet magna adipisicing","nostrud cupidatat anim Lorem par","occaecat dolor ut amet"}', DEFAULT, DEFAULT), ('1770dbe6-c529-520b-a36c-454b023ccb2c', '9bf2ad50-cccb-50eb-8269-3a7e78bd21f5', 6, 'public', 'Roaming Support Plan', '{"ad minim","ipsum commodo sunt","aliqua exercitation sint nostrud"}', DEFAULT, DEFAULT), ('65973815-006c-531b-b69f-bd5d086f7786', 'f52ce409-f800-5a86-b4ed-ce1a99a8a6ae', 8, 'unlisted', 'Wave Management Plan', '{"anim ipsum pariatur ullamco","sit sunt ullamco cillum exercita","aliquip ipsum reprehenderit","commodo veniam","elit","ad cillum","Lorem","cillum pariatur magna ut"}', DEFAULT, DEFAULT), ('0cd413aa-1a82-5832-9edb-17fd5c059a41', 'd297ab9e-40d4-51b5-bb8f-a1df399f1a9a', 10, 'private', 'Vision Denial Blueprint', '{"sint","duis mollit","non reprehenderit","proident reprehenderit laborum e","aliquip minim irure","et non nisi sit veniam","elit aliqua cupidatat ex","mollit enim qui"}', DEFAULT, DEFAULT), ('5153bc7b-cd04-5c5e-83e9-7b7a5a1390e6', 'ca65e33b-de71-5d46-933a-849036127987', 4, 'public', 'Roaming Support Plan', '{"consectetur reprehenderit dolor","occaecat non","et est cupidatat non","dolor culpa laborum dolore","id occaecat exercitation proiden","voluptate eiusmod"}', DEFAULT, DEFAULT), ('bd276dfa-2ddb-52c7-9feb-6d2cc281335e', '91fa3874-9437-5dfa-a49a-f19fb38d9e92', 2, 'private', 'Map Control Blueprint', '{"culpa et excepteur","amet adipisicing laborum sint","do irure","eu non consequat","commodo dolor aute nostrud deser","qui ullamco","cupidatat minim aliqua minim com"}', DEFAULT, DEFAULT), ('12cafb5f-6adc-5f24-a738-9455dde3eb2a', '9b1fc781-1e4e-56d2-bd68-0dc257a319c0', 2, 'public', 'Wave Management Plan', '{"minim exercitation id","nostrud esse","exercitation ad","laboris deserunt est"}', DEFAULT, DEFAULT), ('e017f166-fa51-5fb5-af86-6fc41cad9674', 'a88bc9b9-135e-55c7-8c4c-5a072a3c8573', 2, 'private', 'Secure Objective Playbook', '{"labore","irure aute","ipsum","ipsum occaecat quis magna","aliquip consectetur Lorem eiusmo","dolor esse irure","consequat minim","officia ea","commodo minim in occaecat"}', DEFAULT, DEFAULT), ('544f27bb-a8e9-5b6b-8ec7-f1cfe91406e2', 'd297ab9e-40d4-51b5-bb8f-a1df399f1a9a', 5, 'public', 'Wave Management Plan', '{"duis","Lorem irure reprehenderit"}', DEFAULT, DEFAULT), ('a704d0a7-ee9e-5aa5-bba9-aff3556d41a2', '8b7e423b-b9b9-5b3c-bf3d-1aa45d16235c', 5, 'private', 'Wave Management Plan', '{"minim sit id","aliqua nulla","do ut anim enim mollit","do officia elit"}', DEFAULT, DEFAULT), ('a758f3b0-169f-56a9-80db-acb9f3972464', '2d1d7734-be70-5d07-a538-e76c6cae722e', 2, 'public', 'Defensive Turtle Tactics', '{"duis tempor","Lorem dolore consequat officia","qui aute occaecat","qui id proident voluptate magna","ad Lorem","cillum eiusmod enim anim","dolore do aute qui irure","proident ex"}', DEFAULT, DEFAULT), ('1ebb07c2-9cc9-56df-b9e3-71837bafdca1', 'b32027db-33da-5dc2-b906-e0c2a06ac683', 5, 'unlisted', 'Early Game Dominance Guide', '{"esse","Lorem Lorem","deserunt","laborum ut adipisicing tempor","esse dolor ipsum est","excepteur ullamco","qui pariatur"}', DEFAULT, DEFAULT), ('217c4ba5-3ca5-503f-8fcd-2cf91341f163', '1d3f740a-8c60-5c1d-aa9e-3854a33c8e1d', 9, 'public', 'Vision Control Blueprint', '{"commodo ipsum exercitation dolor","ipsum","tempor ut tempor","veniam tempor sit nisi","cillum"}', DEFAULT, DEFAULT), ('63c64b00-d130-5928-b403-258ebdb17248', 'e4de1a09-bd9a-5e42-b92c-2cb1af28bec6', 9, 'private', 'Early Game Dominance Guide', '{}', DEFAULT, DEFAULT), ('0deb1a0e-8f26-576f-af23-e26ef824ea0b', '2d1d7734-be70-5d07-a538-e76c6cae722e', 10, 'unlisted', 'Split Push Blueprint', '{"officia nisi cillum","anim commodo","commodo mollit"}', DEFAULT, DEFAULT), ('924718ca-0525-5af0-b71a-2560f2cc09a0', '8a0a556f-d942-55f0-8ba8-1ffbfaf3c6d9', 8, 'public', 'Map Control Blueprint', '{"aute occaecat"}', DEFAULT, DEFAULT), ('877842c0-f0dc-575b-a7ad-30915aaaeebe', 'f4b5542b-ba61-519e-a8d2-5793282ad487', 2, 'private', 'Secure Objective Playbook', '{"officia ipsum adipisicing mollit","pariatur incididunt laborum dolo","veniam proident Lorem fugiat","in eiusmod","tempor sit qui pariatur"}', DEFAULT, DEFAULT), ('ebce0b2a-b558-5f18-bddc-2af385fe3118', '9b1fc781-1e4e-56d2-bd68-0dc257a319c0', 5, 'unlisted', 'Baron Control Strategy', '{"aliqua sit ea","incididunt","ea","fugiat velit ad dolore","duis ea","eiusmod culpa cillum in","mollit eu","dolor elit adipisicing ad eiusmo"}', DEFAULT, DEFAULT), ('67f00577-22b1-541a-b8eb-43f4241ec322', '811570ef-0b81-508d-ba05-2f5e812d4131', 2, 'private', 'Objective Focused Strategy', '{}', DEFAULT, DEFAULT), ('5c1d9b7d-9f54-545c-ae19-f60dd5ff1d25', 'eb3795e9-0dc2-506f-818c-e81bf7149197', 3, 'unlisted', 'Aggressive Rush Strategy', '{"magna ipsum aliquip duis incidid","nostrud nisi excepteur","consectetur","sint sint"}', DEFAULT, DEFAULT), ('339c2395-3fcf-5f3b-90ec-90611b01fa37', '98eaafd3-adbf-5a3e-adb9-b3fb6971b6f1', 5, 'public', 'Early Game Dominance Guide', '{"aliqua proident veniam ex","elit non commodo","commodo enim tempor","veniam consectetur non laborum","proident magna reprehenderit","est magna","eiusmod culpa et","amet in"}', DEFAULT, DEFAULT), ('3e26da35-99ab-5fee-95a6-ca3120af490b', '6c52c1d9-13a4-51ef-ae51-1dacc4c14be9', 9, 'unlisted', 'Vision Control Blueprint', '{"excepteur mollit non do"}', DEFAULT, DEFAULT), ('540a4921-798c-58f1-8dda-fbb9b912bb43', 'f52ce409-f800-5a86-b4ed-ce1a99a8a6ae', 10, 'unlisted', 'Vision Denial Blueprint', '{"ut excepteur et sunt","cupidatat aliqua pariatur ea"}', DEFAULT, DEFAULT), ('81b847bf-bc05-538e-bdc5-721f48634b78', 'b7a89d05-549f-565f-b631-b59097e91d1a', 2, 'unlisted', 'Gank Heavy Approach', '{"duis esse fugiat do"}', DEFAULT, DEFAULT), ('2c9d2493-4412-5eae-aa39-69858c4bfd99', '91434b27-2651-5429-8f42-45c3f8e334a0', 8, 'private', 'Gank Heavy Approach', '{"fugiat exercitation aliquip labo","enim sit","quis","consectetur ex commodo","duis ut"}', DEFAULT, DEFAULT), ('51ef9256-0eab-579a-868b-52c27ddf10e9', 'd9bba68a-079c-5141-bd43-756b87167584', 4, 'unlisted', 'Early Game Dominance Guide', '{"proident excepteur aliqua volupt","mollit exercitation ipsum","aliqua sunt qui veniam","officia","et cupidatat officia veniam adip","aliquip voluptate culpa ut"}', DEFAULT, DEFAULT), ('d6ceb82b-4af2-5d8a-96c1-8d6a9db93a31', 'ac9f0e3e-b030-584f-a8dd-87355fe22537', 2, 'public', 'Aggressive Rush Strategy', '{"esse do","minim do dolore est cupidatat","adipisicing anim fugiat","veniam commodo ea cupidatat amet","aliqua ad aute velit nulla","consectetur do"}', DEFAULT, DEFAULT), ('01ae0a36-6172-5c0a-baff-6c1805e0976a', '882c7ae5-914f-539d-8207-691de536097f', 9, 'public', 'Wave Management Plan', '{"cupidatat dolor nostrud","nisi officia","minim anim irure sit exercitatio"}', DEFAULT, DEFAULT), ('df70af8b-9578-5bd7-9fd6-02ad92eaedca', 'cd7c291a-6d6e-5632-91e5-b7fd7a634d7d', 9, 'unlisted', 'Gank Heavy Approach', '{"ut minim","pariatur laboris"}', DEFAULT, DEFAULT), ('82fca927-01aa-5c29-8d7a-7a868f9ba6ea', 'ac9f0e3e-b030-584f-a8dd-87355fe22537', 5, 'public', 'Rotation Strategy Document', '{"anim ipsum esse dolor"}', DEFAULT, DEFAULT), ('4e5550d4-d39a-56c3-8f19-971fdeeb787e', 'b7a89d05-549f-565f-b631-b59097e91d1a', 4, 'unlisted', 'Vision Denial Blueprint', '{"ea in","deserunt sunt","sit","aliquip esse id labore ut","ea","commodo pariatur","irure exercitation deserunt offi","occaecat Lorem et officia"}', DEFAULT, DEFAULT), ('83ec5ac5-8c23-5e38-8151-36af62098fff', 'ac9f0e3e-b030-584f-a8dd-87355fe22537', 1, 'private', 'Siege Tactics Handbook', '{"enim cupidatat do","laboris ullamco","Lorem quis","eiusmod id aute proident","elit cupidatat dolore sunt","ea enim esse incididunt","tempor exercitation","adipisicing anim occaecat nisi a","incididunt velit veniam","sit sint qui minim"}', DEFAULT, DEFAULT), ('d1996167-52fb-5e4a-b849-75efada773e6', '3ff60d7a-a4ad-54c5-a422-53b52cd53093', 3, 'unlisted', 'Defensive Turtle Tactics', '{"proident","do","nulla in consectetur voluptate o"}', DEFAULT, DEFAULT), ('1818e464-6a87-5266-8677-c069741c3ab2', '29b47b7e-4cec-5d5a-b93d-172770b57ed6', 7, 'unlisted', 'Vision Control Blueprint', '{"eu mollit duis","magna sunt","eiusmod non","cupidatat pariatur","occaecat ipsum voluptate esse","excepteur eu aute","esse aute laborum ad tempor","excepteur occaecat ullamco proid","pariatur deserunt"}', DEFAULT, DEFAULT), ('13ebb239-29e1-53ff-93b0-d55e3db05a11', '8b7e423b-b9b9-5b3c-bf3d-1aa45d16235c', 1, 'unlisted', 'Baron Control Strategy', '{"ex eiusmod cillum aliqua"}', DEFAULT, DEFAULT), ('a0a63713-f2dd-56aa-98a3-f6a26bcae5b9', 'cd7c291a-6d6e-5632-91e5-b7fd7a634d7d', 10, 'unlisted', 'Jungle Control Playbook', '{"commodo adipisicing adipisicing "}', DEFAULT, DEFAULT), ('4029bbad-86a6-5e60-a150-da0664c62b92', '549980e7-3e77-5d76-b263-84664d04b209', 2, 'private', 'Team Fight Execution Plan', '{"dolore excepteur tempor dolor","laborum nisi enim","est dolore occaecat","anim aliqua","exercitation","tempor do elit et","occaecat minim ex pariatur"}', DEFAULT, DEFAULT), ('6636a6a8-3a2d-5862-bb24-3e77bffdb640', '29b47b7e-4cec-5d5a-b93d-172770b57ed6', 8, 'private', 'Wave Management Plan', '{"et","culpa officia et nulla"}', DEFAULT, DEFAULT), ('4ba85443-f89e-5d68-8d4a-da572969b0dd', '438bff0e-fd50-5c86-89ee-d397a0c0e548', 9, 'public', 'Split Push Blueprint', '{"ex elit quis laborum dolore","sint veniam","laborum nostrud ad","qui minim eu reprehenderit","ad","adipisicing commodo non cupidata","ea nostrud dolor aliqua cupidata"}', DEFAULT, DEFAULT), ('55fbf0ae-1fd2-57d5-9884-2ceca8eef8f3', '9b1fc781-1e4e-56d2-bd68-0dc257a319c0', 3, 'unlisted', 'Team Fight Execution Plan', '{"do voluptate","et deserunt ex","qui quis ea","ut nisi officia","non","excepteur sint do excepteur"}', DEFAULT, DEFAULT), ('c91a5204-a47c-5f58-8042-f917f2facb4b', 'b32027db-33da-5dc2-b906-e0c2a06ac683', 9, 'public', 'Late Game Scaling Strategy', '{"occaecat fugiat duis esse","laborum","commodo exercitation ipsum velit","tempor culpa","anim labore","nostrud id exercitation anim","ad nulla"}', DEFAULT, DEFAULT), ('fdca53a8-e101-5585-90b8-82f7d3c1fc24', 'f4b5542b-ba61-519e-a8d2-5793282ad487', 9, 'public', 'Jungle Control Playbook', '{"elit ipsum","esse ea fugiat sunt","id ea","nostrud id adipisicing"}', DEFAULT, DEFAULT), ('a76c18ad-af72-57b7-b165-f7757943d51e', '91fa3874-9437-5dfa-a49a-f19fb38d9e92', 9, 'unlisted', 'Jungle Control Playbook', '{"Lorem anim"}', DEFAULT, DEFAULT), ('bf7ffe87-c4e2-5aa1-86f7-2fdfa8315ff6', 'ca65e33b-de71-5d46-933a-849036127987', 4, 'unlisted', 'Gank Heavy Approach', '{"amet est","anim sunt","mollit officia","esse velit Lorem","dolor","nulla proident","do ut consectetur","consectetur adipisicing et ex"}', DEFAULT, DEFAULT), ('764f06ba-b246-5c62-8e43-89fe991c749d', 'ac9f0e3e-b030-584f-a8dd-87355fe22537', 5, 'public', 'Secure Objective Playbook', '{"velit fugiat","non minim","ipsum sit","consequat minim","ad minim minim","cupidatat"}', DEFAULT, DEFAULT), ('229d48f9-9e17-5f91-bd2c-3f3cdbae28c1', '9bf2ad50-cccb-50eb-8269-3a7e78bd21f5', 8, 'public', 'Counter Pick Blueprint', '{"consequat in","do excepteur"}', DEFAULT, DEFAULT), ('505fdba9-c563-5897-bd99-f3fd7e6efb10', '438bff0e-fd50-5c86-89ee-d397a0c0e548', 3, 'private', 'Map Control Blueprint', '{"ipsum consectetur velit cupidata","non mollit id nulla sint","ad id excepteur sit ad","officia veniam enim nostrud","magna","elit eiusmod","est","proident culpa laboris"}', DEFAULT, DEFAULT), ('ad47e58b-6404-5eb4-b01c-1ab02b3af226', 'f52ce409-f800-5a86-b4ed-ce1a99a8a6ae', 9, 'private', 'Gank Heavy Approach', '{"aute eu","tempor magna"}', DEFAULT, DEFAULT), ('4ae4f149-a1da-5a76-913f-5ea02c87f4e0', '9b1fc781-1e4e-56d2-bd68-0dc257a319c0', 3, 'unlisted', 'Counter Pick Blueprint', '{"quis ut Lorem qui magna","ut et officia non","ut est ex nulla"}', DEFAULT, DEFAULT), ('a85217e5-f8d6-5dd0-996b-8464fa1021ff', 'd297ab9e-40d4-51b5-bb8f-a1df399f1a9a', 9, 'public', 'Counter Pick Blueprint', '{}', DEFAULT, DEFAULT), ('b21411a7-0afc-5cf3-81fc-471ab95f5d8d', 'a88bc9b9-135e-55c7-8c4c-5a072a3c8573', 8, 'unlisted', 'Vision Denial Blueprint', '{"minim","est ea id irure aliqua","pariatur","proident","eiusmod magna","ex fugiat","magna do amet","ut consectetur cillum consequat","officia excepteur"}', DEFAULT, DEFAULT), ('d37fd98f-746a-582e-a0fc-de28d96e48c5', 'd9bba68a-079c-5141-bd43-756b87167584', 1, 'public', 'Siege Tactics Handbook', '{"occaecat aliqua velit","velit deserunt nostrud","et ut elit","fugiat sint","occaecat elit minim pariatur","dolor aliqua commodo incididunt ","enim","ea elit minim ex","qui commodo fugiat voluptate"}', DEFAULT, DEFAULT), ('2dc53ff7-923f-50df-a732-82b60afbba2f', '6c52c1d9-13a4-51ef-ae51-1dacc4c14be9', 8, 'unlisted', 'Roaming Support Plan', '{"culpa culpa"}', DEFAULT, DEFAULT), ('f9690101-a16f-5108-b391-78c9dba8aeee', '2589cf16-4103-5a4f-b544-b30078083eaa', 6, 'unlisted', 'Late Game Scaling Strategy', '{"eu aliqua tempor ea fugiat","nisi nostrud dolor ut reprehende","velit anim","magna enim"}', DEFAULT, DEFAULT), ('7441a375-e1c1-5111-b299-b73d6da10ca2', '98eaafd3-adbf-5a3e-adb9-b3fb6971b6f1', 2, 'unlisted', 'Vision Denial Blueprint', '{"deserunt tempor","consectetur sint nostrud","exercitation","ad"}', DEFAULT, DEFAULT), ('ca1d2bcf-5a98-5759-81b6-75e3ed47122a', '3ff60d7a-a4ad-54c5-a422-53b52cd53093', 2, 'private', 'Objective Focused Strategy', '{}', DEFAULT, DEFAULT), ('77b1dab4-a856-5c18-bb24-053f8869bc5b', '549980e7-3e77-5d76-b263-84664d04b209', 4, 'private', 'Rotation Strategy Document', '{"pariatur eu amet culpa duis","dolor","eiusmod nulla officia elit","ea occaecat","fugiat","et aliquip","nulla ex enim"}', DEFAULT, DEFAULT), ('08b3c695-d6fb-54e4-9ef2-bf508a57adc1', '549980e7-3e77-5d76-b263-84664d04b209', 6, 'public', 'Aggressive Rush Strategy', '{"adipisicing sint esse dolor","irure","et duis cupidatat"}', DEFAULT, DEFAULT), ('7dc16d02-274a-5e7f-bc31-6af29982313f', 'a3141029-aec2-543b-b18a-49fe947e3304', 7, 'private', 'Late Game Scaling Strategy', '{"dolore irure adipisicing esse","ullamco ut laboris minim magna","mollit id id labore sint","incididunt labore ea","aliquip sint commodo ea"}', DEFAULT, DEFAULT), ('acad405c-f8e9-559b-bd11-e0ffc3bebca6', '3dbd7acc-a0c5-5607-8378-ec8dc206b269', 1, 'unlisted', 'Siege Tactics Handbook', '{"occaecat nisi","mollit magna"}', DEFAULT, DEFAULT), ('16d95573-87cd-5d45-be45-e8a020ba40ac', '8b7e423b-b9b9-5b3c-bf3d-1aa45d16235c', 1, 'private', 'Counter Pick Blueprint', '{"culpa exercitation mollit","anim","enim","ullamco"}', DEFAULT, DEFAULT), ('5a993b43-eca0-563f-b6c9-fdd440759e85', '98eaafd3-adbf-5a3e-adb9-b3fb6971b6f1', 5, 'unlisted', 'Team Fight Execution Plan', '{"eu laboris","Lorem veniam","minim do ad mollit","sunt consectetur tempor fugiat o","ut laborum"}', DEFAULT, DEFAULT), ('f7bfc2c8-d52a-5806-97fd-77bd67d93b23', 'f52ce409-f800-5a86-b4ed-ce1a99a8a6ae', 3, 'unlisted', 'Counter Pick Blueprint', '{"quis velit consectetur"}', DEFAULT, DEFAULT), ('748d5a8c-f2bf-5974-9c72-24f98b85813b', '98eaafd3-adbf-5a3e-adb9-b3fb6971b6f1', 2, 'private', 'Defensive Turtle Tactics', '{"consequat anim","eiusmod proident consectetur dol"}', DEFAULT, DEFAULT), ('808d9117-ba04-5cb0-8827-639e2642b0ee', 'b32027db-33da-5dc2-b906-e0c2a06ac683', 8, 'public', 'Team Fight Execution Plan', '{}', DEFAULT, DEFAULT), ('e0185351-5b08-58b2-bd3e-c09965750112', 'a3141029-aec2-543b-b18a-49fe947e3304', 9, 'public', 'Roaming Support Plan', '{"voluptate pariatur ullamco aute ","cillum proident","laborum commodo culpa","ex deserunt deserunt incididunt","cupidatat tempor laboris"}', DEFAULT, DEFAULT), ('993f7ab3-9b54-5771-a99e-0c6d75a1f37d', '29b47b7e-4cec-5d5a-b93d-172770b57ed6', 4, 'unlisted', 'Late Game Scaling Strategy', '{"laborum tempor dolor"}', DEFAULT, DEFAULT), ('bdb5114a-76d3-5fe4-944c-043e7ebd99da', 'd1b8f3f8-af26-5088-8712-273c28ba98f7', 8, 'public', 'Baron Control Strategy', '{"anim velit"}', DEFAULT, DEFAULT), ('aa4964a1-4611-5528-9df9-ef170866214f', 'd19db439-c7e7-53a7-aa19-0db346180dc1', 3, 'unlisted', 'Baron Control Strategy', '{"sunt ipsum dolore","ad sunt ea elit","incididunt ea","ea fugiat","velit aliqua quis in","aliquip","sunt non","officia ad sit"}', DEFAULT, DEFAULT), ('ec14513a-7d3c-5172-b68b-d531791ec9de', '91434b27-2651-5429-8f42-45c3f8e334a0', 7, 'private', 'Aggressive Rush Strategy', '{"irure minim ut anim aute","do ea laboris laboris","dolore sint commodo","mollit consequat incididunt sunt"}', DEFAULT, DEFAULT), ('a0f81f50-aa3d-5780-b485-a54fb7b7833a', '2589cf16-4103-5a4f-b544-b30078083eaa', 10, 'private', 'Team Fight Execution Plan', '{"mollit","do nulla","nisi exercitation","commodo in cillum eu sit","aute esse","elit irure sint","velit aliqua","ipsum duis minim est","officia commodo excepteur nisi","do"}', DEFAULT, DEFAULT), ('aabd5608-e04b-5bd8-8d75-d004a1b17409', 'a88bc9b9-135e-55c7-8c4c-5a072a3c8573', 10, 'unlisted', 'Objective Focused Strategy', '{"sint do ex","eu","labore consequat","veniam magna qui consequat","deserunt incididunt"}', DEFAULT, DEFAULT), ('7bcc2b79-de31-5963-9cfd-559af77da3be', 'd1b8f3f8-af26-5088-8712-273c28ba98f7', 8, 'unlisted', 'Wave Management Plan', '{"ullamco ex"}', DEFAULT, DEFAULT), ('b4293a01-a1be-5e58-a088-abc550c9f820', '6c52c1d9-13a4-51ef-ae51-1dacc4c14be9', 4, 'private', 'Early Game Dominance Guide', '{"enim laborum irure occaecat","sit incididunt sunt laboris","et duis deserunt quis in","culpa est","occaecat sit","adipisicing","labore"}', DEFAULT, DEFAULT), ('a97e2960-b385-5f99-88c2-9e562f32234e', 'd297ab9e-40d4-51b5-bb8f-a1df399f1a9a', 7, 'public', 'Team Fight Execution Plan', '{"amet sint","officia","esse","ipsum fugiat et esse","ullamco","culpa esse","est proident ex voluptate","labore","nisi anim laborum nostrud","laboris elit deserunt fugiat"}', DEFAULT, DEFAULT), ('db39a462-f36a-54ba-b38e-2fcf35273cba', '6c52c1d9-13a4-51ef-ae51-1dacc4c14be9', 3, 'private', 'Counter Pick Blueprint', '{"sit cillum","et eiusmod","officia consequat reprehenderit ","sit enim dolor velit","ad Lorem officia cupidatat","dolore velit sint","anim aliquip nulla incididunt ea","veniam","reprehenderit est"}', DEFAULT, DEFAULT), ('35dc016a-9edc-565d-923e-9bee9a60bd24', '8a0a556f-d942-55f0-8ba8-1ffbfaf3c6d9', 4, 'public', 'Siege Tactics Handbook', '{"exercitation minim pariatur inci","excepteur Lorem magna","sint proident ad sit","anim incididunt","irure minim eiusmod anim","eiusmod aliqua velit occaecat","sint aliqua"}', DEFAULT, DEFAULT), ('61e4dc6c-b183-5c81-91cb-8dc622fd6913', 'd297ab9e-40d4-51b5-bb8f-a1df399f1a9a', 2, 'unlisted', 'Siege Tactics Handbook', '{"quis laboris","aliqua qui sit","dolore ex reprehenderit sunt"}', DEFAULT, DEFAULT), ('b5df5eae-45e8-5f54-a8f9-351afabf5f65', '98eaafd3-adbf-5a3e-adb9-b3fb6971b6f1', 9, 'unlisted', 'Rotation Strategy Document', '{"ut anim Lorem","ea sunt eiusmod occaecat incidid","culpa do quis laboris minim","ut esse incididunt non","tempor incididunt fugiat","incididunt culpa sit pariatur in"}', DEFAULT, DEFAULT), ('18aa22db-700e-5a8a-892c-5bf7b7da1bbf', '811570ef-0b81-508d-ba05-2f5e812d4131', 2, 'public', 'Aggressive Rush Strategy', '{"enim aliqua duis","irure","occaecat Lorem sint","nostrud magna deserunt occaecat","culpa proident ea ut minim","sit id fugiat","cupidatat proident mollit","sint","duis voluptate do"}', DEFAULT, DEFAULT), ('7c9a7a2f-bf97-5fb7-9ff3-bb3e363fce60', '882c7ae5-914f-539d-8207-691de536097f', 2, 'unlisted', 'Gank Heavy Approach', '{"excepteur eiusmod officia","nisi ipsum culpa","esse culpa","eu deserunt","aliquip velit nulla proident dol"}', DEFAULT, DEFAULT), ('93216013-7bd8-59b1-a3f0-b1087d4d7f00', '882c7ae5-914f-539d-8207-691de536097f', 7, 'public', 'Secure Objective Playbook', '{"ea sint","non voluptate deserunt do","pariatur aliqua","reprehenderit dolor reprehenderi","duis mollit quis ipsum","pariatur anim magna","deserunt non irure cupidatat"}', DEFAULT, DEFAULT), ('3e057cf2-df3a-50e5-82fa-e2dcf87ebd5a', 'a3141029-aec2-543b-b18a-49fe947e3304', 3, 'public', 'Secure Objective Playbook', '{}', DEFAULT, DEFAULT), ('e3f5f266-44d3-5096-b897-56678a5f974b', '36f6f3ba-e867-5008-b6c1-829e989f9d2f', 10, 'private', 'Vision Denial Blueprint', '{"cillum"}', DEFAULT, DEFAULT), ('ffbcf0c1-44bb-549f-ba50-18e1e874a611', 'eda91f04-12ef-5904-88aa-e6ed9a692e03', 3, 'private', 'Counter Pick Blueprint', '{"consequat et"}', DEFAULT, DEFAULT), ('c4f414cf-451e-5497-88db-62020e3a0dc5', 'eb3795e9-0dc2-506f-818c-e81bf7149197', 2, 'private', 'Baron Control Strategy', '{"qui minim","tempor qui quis aliqua","in sunt enim","duis","anim aliqua labore","Lorem cillum eiusmod esse ipsum","quis sit","et incididunt ut duis","Lorem reprehenderit irure"}', DEFAULT, DEFAULT), ('a109823a-0d02-5064-b8ef-3186d6d08cb0', 'a3141029-aec2-543b-b18a-49fe947e3304', 1, 'private', 'Aggressive Rush Strategy', '{"occaecat enim","consequat sint","veniam laboris","nisi elit laborum amet incididun","do labore fugiat","dolor non enim et"}', DEFAULT, DEFAULT), ('3e4b1eac-b214-5aaa-a7f0-29af8a5b2ce9', 'f4b5542b-ba61-519e-a8d2-5793282ad487', 1, 'public', 'Rotation Strategy Document', '{"eu nostrud","nulla"}', DEFAULT, DEFAULT), ('72819b1c-0a2a-5e86-b5bc-5741c2854f96', 'd19db439-c7e7-53a7-aa19-0db346180dc1', 2, 'private', 'Split Push Blueprint', '{"cupidatat laborum","mollit velit ipsum enim","tempor est proident laboris","nulla irure veniam","laboris in","nostrud minim","est minim quis","elit aute","eiusmod","cupidatat commodo"}', DEFAULT, DEFAULT), ('b5d7b26a-56f4-59fc-853e-1a1306ab6e95', 'b7a89d05-549f-565f-b631-b59097e91d1a', 3, 'public', 'Objective Focused Strategy', '{"excepteur nulla id veniam","id aute do","esse labore","ex esse aliqua culpa","commodo aliqua velit","veniam exercitation sit"}', DEFAULT, DEFAULT), ('29365629-31e8-5e53-b1ae-ffdad1c2009e', '549980e7-3e77-5d76-b263-84664d04b209', 4, 'unlisted', 'Jungle Control Playbook', '{"ipsum","nostrud exercitation exercitatio","officia laboris"}', DEFAULT, DEFAULT), ('ef9b1028-31e2-59d9-a64e-2a4d1686e96e', '9bf2ad50-cccb-50eb-8269-3a7e78bd21f5', 10, 'unlisted', 'Objective Focused Strategy', '{"ad officia elit","sint non nostrud cupidatat","officia proident","esse aute nisi reprehenderit"}', DEFAULT, DEFAULT), ('51f9c2fa-a6a8-5d1e-9ef8-efb89c34ee1c', '36f6f3ba-e867-5008-b6c1-829e989f9d2f', 9, 'private', 'Split Push Blueprint', '{"minim adipisicing in excepteur s"}', DEFAULT, DEFAULT), ('930338c0-ea8e-56fc-b2df-a68255a6182c', '2d1d7734-be70-5d07-a538-e76c6cae722e', 7, 'private', 'Aggressive Rush Strategy', '{}', DEFAULT, DEFAULT), ('14f0b4c0-9d33-5d68-85ae-cc3d31b6b19e', 'b7a89d05-549f-565f-b631-b59097e91d1a', 6, 'public', 'Jungle Control Playbook', '{"nulla laborum incididunt occaeca","proident velit deserunt est labo","reprehenderit ea"}', DEFAULT, DEFAULT), ('7c51f66f-cf81-571f-a65c-f571f1f39cc9', 'eb3795e9-0dc2-506f-818c-e81bf7149197', 10, 'private', 'Roaming Support Plan', '{"enim fugiat et","cupidatat sit aliqua excepteur","fugiat et pariatur nisi","laborum","occaecat amet ipsum","sint sit","do non","consequat ex sint duis","velit ea"}', DEFAULT, DEFAULT), ('764b9b2a-d477-5bff-a789-cba064ac71f8', '29b47b7e-4cec-5d5a-b93d-172770b57ed6', 4, 'public', 'Vision Control Blueprint', '{"sint proident"}', DEFAULT, DEFAULT), ('1125d49b-2ad6-5500-bd14-7e0649f5dd73', 'd1b8f3f8-af26-5088-8712-273c28ba98f7', 2, 'unlisted', 'Team Fight Execution Plan', '{"velit in et","adipisicing labore","cillum non exercitation elit nos"}', DEFAULT, DEFAULT), ('de1d5557-45c4-5747-8c2d-f8c09704db25', '91434b27-2651-5429-8f42-45c3f8e334a0', 3, 'private', 'Baron Control Strategy', '{"sit nulla","adipisicing enim non"}', DEFAULT, DEFAULT), ('dc2759a8-51ca-575d-9678-0ac64e900648', 'eda91f04-12ef-5904-88aa-e6ed9a692e03', 10, 'private', 'Late Game Scaling Strategy', '{"commodo reprehenderit amet duis"}', DEFAULT, DEFAULT), ('8c0ef303-3ae4-5fe5-b0be-ef1788ae8707', 'd1b8f3f8-af26-5088-8712-273c28ba98f7', 2, 'public', 'Vision Control Blueprint', '{}', DEFAULT, DEFAULT), ('ddd094e1-b8f4-560e-b960-af5227a9b337', 'eb3795e9-0dc2-506f-818c-e81bf7149197', 4, 'unlisted', 'Map Control Blueprint', '{"adipisicing fugiat","duis eiusmod ad","veniam proident minim esse","excepteur dolore dolore irure","mollit sit excepteur id","id est enim officia","culpa irure eu","dolor consequat culpa"}', DEFAULT, DEFAULT), ('4bd93d1d-9da0-508d-a30a-5cd1fe2e858d', '36f6f3ba-e867-5008-b6c1-829e989f9d2f', 2, 'public', 'Baron Control Strategy', '{"elit sint Lorem ipsum","nostrud incididunt consectetur f"}', DEFAULT, DEFAULT), ('2d25022b-866c-584e-895d-11b8a727c08f', '91fa3874-9437-5dfa-a49a-f19fb38d9e92', 8, 'public', 'Jungle Control Playbook', '{"exercitation minim ad cillum mag","in excepteur fugiat"}', DEFAULT, DEFAULT), ('8d4a5d0e-3ef8-5e54-ac1b-6a14acb1ad0e', '882c7ae5-914f-539d-8207-691de536097f', 9, 'private', 'Team Fight Execution Plan', '{"quis magna ad non","dolore sint amet enim eiusmod","proident","deserunt labore cillum","adipisicing","eu id irure voluptate qui","proident nostrud","et quis"}', DEFAULT, DEFAULT), ('6b889196-1556-5eef-89c0-e7506a0ca45b', '29b47b7e-4cec-5d5a-b93d-172770b57ed6', 1, 'public', 'Baron Control Strategy', '{"nulla","eu quis","proident exercitation aliquip es"}', DEFAULT, DEFAULT), ('e6b5025c-d432-567c-bc94-e80f642225ff', '98eaafd3-adbf-5a3e-adb9-b3fb6971b6f1', 7, 'public', 'Aggressive Rush Strategy', '{"voluptate elit sit non excepteur","dolor","qui adipisicing laborum ut","reprehenderit id velit","nulla elit deserunt exercitation"}', DEFAULT, DEFAULT), ('4d0eaa15-67e7-50e5-bd92-8596a8c41516', '6c52c1d9-13a4-51ef-ae51-1dacc4c14be9', 9, 'public', 'Jungle Control Playbook', '{"nostrud pariatur exercitation in","fugiat ad","esse Lorem","ut fugiat laboris","culpa","culpa est fugiat","veniam do sunt esse ad","proident nulla"}', DEFAULT, DEFAULT), ('c2405ac9-0838-5ce8-a85b-e6db0fbe6c10', '882c7ae5-914f-539d-8207-691de536097f', 7, 'unlisted', 'Early Game Dominance Guide', '{"velit culpa","incididunt fugiat tempor","do nostrud culpa elit","labore amet ipsum enim","ex","tempor fugiat nisi","magna velit id dolor","duis consectetur","consectetur fugiat","id reprehenderit"}', DEFAULT, DEFAULT), ('c8df1446-9b17-5687-8ff4-001003cfca37', 'd1b8f3f8-af26-5088-8712-273c28ba98f7', 10, 'private', 'Jungle Control Playbook', '{"irure minim aliquip culpa volupt","adipisicing incididunt irure sun","cupidatat aliqua enim adipisicin","eu cillum officia","laboris eiusmod","exercitation amet sint","ut non","ad","veniam fugiat amet ipsum","consectetur aliquip ex"}', DEFAULT, DEFAULT), ('f706294d-163e-5aef-a517-eae489067781', 'd9bba68a-079c-5141-bd43-756b87167584', 2, 'public', 'Counter Pick Blueprint', '{"labore adipisicing est","consectetur id mollit nulla fugi","sunt velit occaecat ipsum","velit sunt","aute duis quis","ipsum"}', DEFAULT, DEFAULT), ('bee3d023-7908-5b1b-a6e7-320078c804bf', '6c52c1d9-13a4-51ef-ae51-1dacc4c14be9', 1, 'private', 'Roaming Support Plan', '{}', DEFAULT, DEFAULT), ('d607d7db-ee7a-57fa-b0f1-08a24201e561', '29b47b7e-4cec-5d5a-b93d-172770b57ed6', 6, 'unlisted', 'Objective Focused Strategy', '{"eiusmod consequat","magna magna","aute deserunt","qui enim commodo cupidatat","ex id ullamco commodo dolore"}', DEFAULT, DEFAULT), ('6db5eb76-a4d8-59b2-8682-ac0a5dca423f', '98eaafd3-adbf-5a3e-adb9-b3fb6971b6f1', 5, 'public', 'Objective Focused Strategy', '{"reprehenderit est","aliquip dolor","veniam nisi deserunt eiusmod","tempor amet ut","anim cupidatat consectetur id ir","minim non do consequat nostrud"}', DEFAULT, DEFAULT), ('f0859c52-737d-58da-9c95-b804668a9ae6', 'a88bc9b9-135e-55c7-8c4c-5a072a3c8573', 2, 'public', 'Gank Heavy Approach', '{"esse","excepteur duis voluptate adipisi","consequat","adipisicing esse voluptate in","labore labore labore minim","duis proident","reprehenderit Lorem sit ad","commodo aute duis nisi cillum","tempor aute"}', DEFAULT, DEFAULT), ('f843e0b1-5e16-5c9e-923e-e155f87b2422', '438bff0e-fd50-5c86-89ee-d397a0c0e548', 9, 'unlisted', 'Aggressive Rush Strategy', '{"do irure","fugiat aliqua","anim do proident","mollit duis nulla","incididunt excepteur magna sunt"}', DEFAULT, DEFAULT), ('971d3e7d-1fd1-5fd1-ba3a-0a99dda2cb04', '811570ef-0b81-508d-ba05-2f5e812d4131', 8, 'public', 'Secure Objective Playbook', '{"non commodo ea enim culpa","sint anim nulla aliqua","non aute et reprehenderit","eiusmod deserunt","cillum","tempor id","pariatur ea","irure ipsum aliqua","esse amet ea cupidatat non","est adipisicing"}', DEFAULT, DEFAULT), ('51c6dab5-99f7-56c9-a820-7cfc76e25abf', 'cd7c291a-6d6e-5632-91e5-b7fd7a634d7d', 9, 'public', 'Early Game Dominance Guide', '{"ad minim duis tempor","adipisicing ullamco","esse ex labore consectetur","velit aute id"}', DEFAULT, DEFAULT), ('88430d1c-f998-5183-ac05-d06b362a058a', '98eaafd3-adbf-5a3e-adb9-b3fb6971b6f1', 5, 'public', 'Map Control Blueprint', '{"in consectetur anim magna","ipsum est veniam fugiat","dolore aliquip voluptate minim","reprehenderit elit laboris dolor","fugiat consequat","ipsum nulla qui occaecat"}', DEFAULT, DEFAULT), ('fc959555-d183-544e-8cf6-52532b383f25', 'f52ce409-f800-5a86-b4ed-ce1a99a8a6ae', 10, 'private', 'Jungle Control Playbook', '{"labore tempor ex ut","est dolor ea do"}', DEFAULT, DEFAULT), ('94935318-fc9b-5864-874e-912b663c75f7', 'ca65e33b-de71-5d46-933a-849036127987', 10, 'private', 'Defensive Turtle Tactics', '{"reprehenderit aliquip","officia et commodo Lorem","exercitation","dolore nulla","minim dolor aute amet ullamco","veniam commodo nostrud voluptate","esse velit","ullamco"}', DEFAULT, DEFAULT), ('ea529f5a-add2-5f29-a44d-2a799c7ab051', '2589cf16-4103-5a4f-b544-b30078083eaa', 7, 'unlisted', 'Early Game Dominance Guide', '{"magna officia dolor","ex","cupidatat aliquip elit","qui","laborum"}', DEFAULT, DEFAULT), ('b2bd3c17-1864-5b1f-8d71-b6fe96b48ba6', 'e4de1a09-bd9a-5e42-b92c-2cb1af28bec6', 4, 'public', 'Early Game Dominance Guide', '{"dolor veniam","do amet officia culpa","magna consectetur ipsum eu","cupidatat minim consectetur","qui dolor veniam"}', DEFAULT, DEFAULT), ('a46777c9-6f34-5718-a195-68edd93e1d42', '882c7ae5-914f-539d-8207-691de536097f', 1, 'private', 'Split Push Blueprint', '{"consectetur sit sint consectetur","culpa minim","anim nulla","ea in","proident","eu non","nisi nulla"}', DEFAULT, DEFAULT), ('0f3df2fb-dd6e-55b9-9f86-0babb8fec748', 'a3141029-aec2-543b-b18a-49fe947e3304', 4, 'public', 'Vision Control Blueprint', '{"pariatur reprehenderit","cupidatat cillum","anim incididunt labore qui"}', DEFAULT, DEFAULT), ('95bb7f47-209b-5f16-a018-19e8f23e6e16', '3ff60d7a-a4ad-54c5-a422-53b52cd53093', 5, 'public', 'Jungle Control Playbook', '{"exercitation commodo ex ea","eu consequat pariatur eiusmod","esse ea","velit excepteur do irure","mollit sunt exercitation est"}', DEFAULT, DEFAULT), ('78959a88-41ee-5d40-85cb-71e22f4c47aa', '29b47b7e-4cec-5d5a-b93d-172770b57ed6', 6, 'public', 'Jungle Control Playbook', '{"cillum","anim","esse","do sint cillum","ex commodo veniam aliquip","aliquip sint et anim","eiusmod exercitation"}', DEFAULT, DEFAULT), ('a9e614f8-c87a-596e-bdaf-6e577865453e', '36f6f3ba-e867-5008-b6c1-829e989f9d2f', 8, 'public', 'Siege Tactics Handbook', '{"elit esse","tempor occaecat","ea dolor cupidatat","velit eu elit","do occaecat","sunt anim","minim amet eu consectetur","anim qui ipsum nulla"}', DEFAULT, DEFAULT), ('f80096a0-59ff-58f8-a58f-cd508cb0f33e', 'ac9f0e3e-b030-584f-a8dd-87355fe22537', 7, 'public', 'Defensive Turtle Tactics', '{}', DEFAULT, DEFAULT), ('a444e395-f85a-5fcf-904b-e713df3a17f6', 'e4de1a09-bd9a-5e42-b92c-2cb1af28bec6', 8, 'public', 'Siege Tactics Handbook', '{"do","magna","cupidatat","aliqua veniam","dolore labore aliqua","excepteur aliqua","dolor aliquip","quis aute","culpa nostrud"}', DEFAULT, DEFAULT);
INSERT INTO public.member_role (id,name,flags) VALUES (1, 'owner', 511), (2, 'editor', 7), (3, 'viewer', 1);
SELECT setval('"public"."member_role_id_seq"'::regclass, (SELECT MAX("id") FROM "public"."member_role"));
