INSERT INTO public.game (id,name,alias,icon,hidden,metadata,created_at) VALUES (96, 'Commodo', 'NBA2K', 'https://svgshare.com/i/15iw.svg', 'f', DEFAULT, DEFAULT), (97, 'Sit Sunt', 'NBA2K', 'https://svgshare.com/i/15iw.svg', 'f', DEFAULT, DEFAULT);
SELECT setval('"public"."game_id_seq"'::regclass, (SELECT MAX("id") FROM "public"."game"));
INSERT INTO public.team (id,name,plan_id,created_at,updated_at) VALUES ('7c2c4732-09c1-5f7b-87ca-c53e7497b4ef', 'Incididunt Labore', NULL, DEFAULT, DEFAULT), ('f50563b6-8532-51ec-b121-d8c6bca3e897', 'Est Nostrud', NULL, DEFAULT, DEFAULT), ('f1bf295c-195b-5a42-9c6b-5bfa14b58307', 'Proident Pariatur', NULL, DEFAULT, DEFAULT), ('e0eebbc8-63c9-5fee-b088-b3310b672c35', 'Sint Nulla Occaecat', NULL, DEFAULT, DEFAULT), ('1c17c04a-19f5-5c48-8b6b-48fe02257ffb', 'Excepteur Consequat ', NULL, DEFAULT, DEFAULT), ('a2996c99-b8bb-5bf6-b789-844e821ceb82', 'Voluptate Culpa Fugi', NULL, DEFAULT, DEFAULT), ('5d016028-a6a3-5268-91a3-91021dbfda0a', 'Veniam Proident Offi', NULL, DEFAULT, DEFAULT), ('b279891e-05aa-528b-867b-dd6fe5fa77c8', 'Duis Amet Qui', NULL, DEFAULT, DEFAULT), ('ff53868f-9940-575d-8fa8-923808f93a53', 'Ipsum Velit Aliqua', NULL, DEFAULT, DEFAULT), ('8172203a-00e7-5e0e-919b-2970e0d891df', 'Dolor Et Aliqua', NULL, DEFAULT, DEFAULT), ('7b5ee10b-959f-565b-9dac-a4bab4f6c6bf', 'Eu Enim Officia', NULL, DEFAULT, DEFAULT), ('38400370-0369-5239-8b08-499aef0591ef', 'Anim Qui Consequat', NULL, DEFAULT, DEFAULT), ('77394b64-1ec1-5043-8dc3-08f9200521d4', 'Ut In', NULL, DEFAULT, DEFAULT), ('56ea9a57-3786-5a49-9700-501eb57a1328', 'Excepteur Aute Cupid', NULL, DEFAULT, DEFAULT), ('731fb763-1773-5758-b8dd-d75381b0e72a', 'Ea Aliquip Labore', NULL, DEFAULT, DEFAULT), ('068fd5c6-1552-54ac-ade0-1a1e4b095f08', 'Veniam Amet Cupidata', NULL, DEFAULT, DEFAULT), ('397d9892-31da-5629-a035-14fcfec8983a', 'Sunt Ex Ipsum', NULL, DEFAULT, DEFAULT), ('5e20f9a8-7b26-5a5f-8426-6b12c182d23c', 'Aute Laborum', NULL, DEFAULT, DEFAULT), ('53fe0e9e-3358-5722-b994-4faad8733cd3', 'Ipsum Veniam Consequ', NULL, DEFAULT, DEFAULT), ('e4834379-a7a0-5f41-8193-f598072b1c83', 'Officia Occaecat', NULL, DEFAULT, DEFAULT), ('a9f91eda-269f-54d0-83de-05f0c2ecbf08', 'Tempor Duis Non Nost', NULL, DEFAULT, DEFAULT), ('c0062d28-74ce-56b0-8124-852c5c4cdd1f', 'Enim Ipsum Laboris', NULL, DEFAULT, DEFAULT), ('a1d779f7-e622-5cd1-b766-eb2b7925b3c0', 'Ullamco Occaecat', NULL, DEFAULT, DEFAULT), ('bd4e2ea6-e7d4-5655-93cc-d1ed71c3483c', 'Deserunt Minim Irure', NULL, DEFAULT, DEFAULT), ('fb2f612f-57ab-526e-8b57-f5de07942107', 'Ut Aliqua Culpa', NULL, DEFAULT, DEFAULT), ('38cee772-792e-54fe-ae0f-d62f75f71c11', 'Mollit Non Eu Labore', NULL, DEFAULT, DEFAULT), ('60f279f1-b04c-57b1-b6aa-b71a8811c6ab', 'Commodo Officia', NULL, DEFAULT, DEFAULT), ('b5d35d7e-f19e-568e-9efe-911f779c892f', 'Ut Et', NULL, DEFAULT, DEFAULT), ('3db3509a-5565-5145-aa2d-eb656db639a3', 'Laborum Eiusmod', NULL, DEFAULT, DEFAULT), ('16b2ddd9-4627-52fa-8115-8453cfa39374', 'Exercitation Cillum', NULL, DEFAULT, DEFAULT), ('235fae27-2669-539e-8784-3dcbaac570cc', 'Sit Nulla Ullamco Co', NULL, DEFAULT, DEFAULT), ('85a272fe-9de3-5543-919e-647cccb82b15', 'Cillum Aliquip', NULL, DEFAULT, DEFAULT), ('0ff7c90f-7522-5b63-9234-348cf37ff0b7', 'Sit Aliquip Voluptat', NULL, DEFAULT, DEFAULT), ('350ffb75-0a57-59e5-a5c9-179e6696dca6', 'Laboris Proident', NULL, DEFAULT, DEFAULT), ('8f618935-0709-51d9-a788-ed5bf31c7cb5', 'Labore Dolore Qui Ad', NULL, DEFAULT, DEFAULT), ('782f7eda-e535-5ab3-8415-643126d3b0fa', 'Lorem Quis Labore Do', NULL, DEFAULT, DEFAULT), ('5daf6f25-3b97-5f49-8f75-4ba5d1d74cd3', 'Enim Lorem', NULL, DEFAULT, DEFAULT), ('3788fdae-c690-5563-abac-18b51e4d210f', 'Reprehenderit Nostru', NULL, DEFAULT, DEFAULT), ('177ae72e-41a6-5325-80d6-452827ea5918', 'Culpa Minim Culpa', NULL, DEFAULT, DEFAULT), ('c0a2f5c4-7781-5310-ad3c-e7b9f41a7ace', 'Lorem Esse', NULL, DEFAULT, DEFAULT), ('71c019c0-f4c8-51ac-bfff-4141eabf85f3', 'Mollit Excepteur', NULL, DEFAULT, DEFAULT), ('ab4eb860-b9b9-58f5-84c6-b76a08d23dfd', 'Ullamco Est', NULL, DEFAULT, DEFAULT), ('dd9140ad-b92d-5673-a8c2-8b1c4e3e8697', 'Proident Magna', NULL, DEFAULT, DEFAULT), ('78de8c0c-fe2d-50bd-afca-68bed9f87cd0', 'Enim Laborum Culpa', NULL, DEFAULT, DEFAULT), ('81e51b22-aab8-5050-a735-aa5917f8771b', 'Lorem Reprehenderit ', NULL, DEFAULT, DEFAULT), ('f6cb58dd-a0aa-5d2b-8ce5-200e44be4f36', 'Deserunt Ullamco Lab', NULL, DEFAULT, DEFAULT), ('48ed64cc-01ce-5cc6-8ffd-8d552f857570', 'Eiusmod Et Consequat', NULL, DEFAULT, DEFAULT), ('0cb21e27-1e4d-50c9-bd0d-f6696d98b44c', 'Sit Et Reprehenderit', NULL, DEFAULT, DEFAULT), ('29d37d99-954e-5434-8e90-9d564d65e434', 'Officia In Ad', NULL, DEFAULT, DEFAULT), ('64957ee8-7d0b-54ac-82da-6c959456806c', 'Nisi Lorem Culpa', NULL, DEFAULT, DEFAULT);
INSERT INTO public.plan (id,name,pricing,pricing_interval,is_default,config,created_at,updated_at) VALUES (34, 'Essential', 0, 'monthly', 't', DEFAULT, DEFAULT, DEFAULT), (35, 'Advanced', 15.803108597090716, 'monthly', 'f', DEFAULT, DEFAULT, DEFAULT), (36, 'Pro', 12.111348826482082, 'yearly', 'f', DEFAULT, DEFAULT, DEFAULT);
INSERT INTO public.book (id,name,team_id,game_id,created_at,updated_at) VALUES ('1e7e0bcb-4fc0-5d72-81a5-d67a74a13595', 'Ex Reprehenderit', '7c2c4732-09c1-5f7b-87ca-c53e7497b4ef', 96, DEFAULT, DEFAULT), ('d297ab9e-40d4-51b5-bb8f-a1df399f1a9a', 'Irure Dolore', '7c2c4732-09c1-5f7b-87ca-c53e7497b4ef', 96, DEFAULT, DEFAULT), ('d1b8f3f8-af26-5088-8712-273c28ba98f7', 'Consequat Ullamco', '7c2c4732-09c1-5f7b-87ca-c53e7497b4ef', 97, DEFAULT, DEFAULT), ('3ff60d7a-a4ad-54c5-a422-53b52cd53093', 'Incididunt', '7c2c4732-09c1-5f7b-87ca-c53e7497b4ef', 97, DEFAULT, DEFAULT), ('98eaafd3-adbf-5a3e-adb9-b3fb6971b6f1', 'Fugiat', 'f50563b6-8532-51ec-b121-d8c6bca3e897', 97, DEFAULT, DEFAULT), ('2d1d7734-be70-5d07-a538-e76c6cae722e', 'Elit Consequat', 'f50563b6-8532-51ec-b121-d8c6bca3e897', 96, DEFAULT, DEFAULT), ('b5605791-3389-56c2-9ec6-17d538b9bb85', 'Irure Minim', 'f50563b6-8532-51ec-b121-d8c6bca3e897', 97, DEFAULT, DEFAULT), ('a5831e58-2fc9-5b59-970d-00c344a4eb18', 'Aute Laborum', 'f50563b6-8532-51ec-b121-d8c6bca3e897', 96, DEFAULT, DEFAULT), ('756cbb59-27d6-58f3-b4b9-8b56121e683f', 'Pariatur', 'f50563b6-8532-51ec-b121-d8c6bca3e897', 96, DEFAULT, DEFAULT), ('b64d0217-6a7b-5682-8927-676434f72be9', 'Fugiat Enim', 'f50563b6-8532-51ec-b121-d8c6bca3e897', 96, DEFAULT, DEFAULT), ('09617df2-6261-5b47-bc30-85d317367d48', 'Ad Proident Exercita', 'f50563b6-8532-51ec-b121-d8c6bca3e897', 97, DEFAULT, DEFAULT), ('98b30307-7ea7-5b6c-b9e4-560fe08299de', 'Duis Aliquip Commodo', 'f50563b6-8532-51ec-b121-d8c6bca3e897', 97, DEFAULT, DEFAULT), ('a8212e1b-5577-5c28-9c38-2d4fbd753550', 'Minim Proident', 'f1bf295c-195b-5a42-9c6b-5bfa14b58307', 97, DEFAULT, DEFAULT), ('59558fa1-9cc0-5e85-a331-879d76e07f05', 'Voluptate', 'f1bf295c-195b-5a42-9c6b-5bfa14b58307', 97, DEFAULT, DEFAULT), ('8926b9fd-34b2-5421-a25c-9cd89c12cad0', 'Est Cupidatat Commod', 'f1bf295c-195b-5a42-9c6b-5bfa14b58307', 97, DEFAULT, DEFAULT), ('5d378209-1fd5-506f-8b3f-511a16489d69', 'Enim Nostrud Ipsum', 'f1bf295c-195b-5a42-9c6b-5bfa14b58307', 96, DEFAULT, DEFAULT), ('305fa448-c3bf-59c7-a989-19ae69ce0725', 'Consequat Amet', 'f1bf295c-195b-5a42-9c6b-5bfa14b58307', 96, DEFAULT, DEFAULT), ('853509f0-6836-5fa7-87f2-fb0a9a8766d2', 'Ad Velit Proident', 'f1bf295c-195b-5a42-9c6b-5bfa14b58307', 96, DEFAULT, DEFAULT), ('bbc51950-a428-5ed7-b604-6444a902714b', 'Deserunt Dolor', 'f1bf295c-195b-5a42-9c6b-5bfa14b58307', 97, DEFAULT, DEFAULT), ('a6ea6199-2a1a-56d4-b12a-1bf7d32d154c', 'Occaecat Consectetur', 'e0eebbc8-63c9-5fee-b088-b3310b672c35', 97, DEFAULT, DEFAULT), ('eb3e804d-5ed0-59a1-900b-3b0f9b2cb577', 'Amet', 'e0eebbc8-63c9-5fee-b088-b3310b672c35', 97, DEFAULT, DEFAULT), ('88501f36-608d-5074-ab3f-752cd478292f', 'Labore Laboris', 'e0eebbc8-63c9-5fee-b088-b3310b672c35', 97, DEFAULT, DEFAULT), ('0e342915-b360-541f-8c0a-bdf36b3c0ce2', 'Et Aute Officia', 'e0eebbc8-63c9-5fee-b088-b3310b672c35', 96, DEFAULT, DEFAULT), ('8b474939-245b-5ed9-b06a-21432e2b9115', 'Excepteur Voluptate', 'e0eebbc8-63c9-5fee-b088-b3310b672c35', 96, DEFAULT, DEFAULT), ('eb9fdff9-6822-52d9-b12a-a9a69b69cbe5', 'Commodo', 'e0eebbc8-63c9-5fee-b088-b3310b672c35', 96, DEFAULT, DEFAULT), ('abf8504a-2cfc-5a9d-a5d2-31dccd8bf00f', 'In Velit', '1c17c04a-19f5-5c48-8b6b-48fe02257ffb', 96, DEFAULT, DEFAULT), ('262a78c7-eb9d-5e1a-8e58-41ecb0c31fbd', 'Fugiat Enim', '1c17c04a-19f5-5c48-8b6b-48fe02257ffb', 97, DEFAULT, DEFAULT), ('110efd29-2979-5c30-b41f-b3bf832f48cd', 'Deserunt', '1c17c04a-19f5-5c48-8b6b-48fe02257ffb', 96, DEFAULT, DEFAULT), ('cf1d2e5e-3a18-5518-8e4c-387978992b8a', 'Consequat Adipisicin', '1c17c04a-19f5-5c48-8b6b-48fe02257ffb', 97, DEFAULT, DEFAULT), ('d2268e40-fa6d-5300-9f01-b7cc8f9018e3', 'Eiusmod', 'a2996c99-b8bb-5bf6-b789-844e821ceb82', 96, DEFAULT, DEFAULT), ('7a86b477-8922-5c78-85b7-47a44d6877c0', 'Non Incididunt', 'a2996c99-b8bb-5bf6-b789-844e821ceb82', 97, DEFAULT, DEFAULT), ('cd1520c4-af17-5e1e-b5b0-a9e95f36a7c4', 'Do Ad Laborum', 'a2996c99-b8bb-5bf6-b789-844e821ceb82', 97, DEFAULT, DEFAULT), ('2190cc4c-2cc5-5f9f-983d-55f70f31e468', 'Nisi In Ea', 'a2996c99-b8bb-5bf6-b789-844e821ceb82', 96, DEFAULT, DEFAULT), ('349111f0-5b40-5b21-aeff-8af2b228d28f', 'Id Occaecat', '5d016028-a6a3-5268-91a3-91021dbfda0a', 97, DEFAULT, DEFAULT), ('e2b744a0-a170-5a87-828d-34cc6f64ca05', 'Voluptate Minim', '5d016028-a6a3-5268-91a3-91021dbfda0a', 97, DEFAULT, DEFAULT), ('3a804324-748d-571a-afad-6b9c20a35337', 'Lorem Tempor', '5d016028-a6a3-5268-91a3-91021dbfda0a', 96, DEFAULT, DEFAULT), ('1bf9a820-bb8f-59cd-8902-84a62a1aa29f', 'Aliquip Excepteur', '5d016028-a6a3-5268-91a3-91021dbfda0a', 97, DEFAULT, DEFAULT), ('2067e70c-565d-520b-b56b-19189e5b77f5', 'Tempor Nisi Voluptat', '5d016028-a6a3-5268-91a3-91021dbfda0a', 97, DEFAULT, DEFAULT), ('2da447ba-d0f6-5d62-becb-584cd208c558', 'Dolor Elit', '5d016028-a6a3-5268-91a3-91021dbfda0a', 97, DEFAULT, DEFAULT), ('a00f2df0-a74b-51ab-8311-51125014b9ef', 'Officia Labore', '5d016028-a6a3-5268-91a3-91021dbfda0a', 97, DEFAULT, DEFAULT), ('2c5573d9-9522-50a1-b9d9-3ef48e8629b4', 'Aliqua Eu', '5d016028-a6a3-5268-91a3-91021dbfda0a', 97, DEFAULT, DEFAULT), ('df686e46-eb10-5a3f-abfb-03f34e72d244', 'Officia Quis', '5d016028-a6a3-5268-91a3-91021dbfda0a', 97, DEFAULT, DEFAULT), ('09204188-e618-5728-88fc-034120742c41', 'Do Ut', 'b279891e-05aa-528b-867b-dd6fe5fa77c8', 97, DEFAULT, DEFAULT), ('b576de0c-954e-5345-a9e7-0d691c52341a', 'Ipsum Adipisicing', 'b279891e-05aa-528b-867b-dd6fe5fa77c8', 97, DEFAULT, DEFAULT), ('887dee3f-7921-537c-91f1-8b0d43117b12', 'Officia Minim Dolor', 'b279891e-05aa-528b-867b-dd6fe5fa77c8', 97, DEFAULT, DEFAULT), ('6fc34c52-742f-56c2-b6c3-89dee63a8839', 'Irure Consectetur', 'b279891e-05aa-528b-867b-dd6fe5fa77c8', 97, DEFAULT, DEFAULT), ('5531f3c9-2ccc-59e8-86e8-da1800808ec2', 'Magna Pariatur', 'b279891e-05aa-528b-867b-dd6fe5fa77c8', 96, DEFAULT, DEFAULT), ('3b3a2ed4-3283-5a09-84d9-c7de876d5510', 'Labore Adipisicing O', 'b279891e-05aa-528b-867b-dd6fe5fa77c8', 96, DEFAULT, DEFAULT), ('380f1bbd-f6c8-5306-af3f-7d7fa746bde0', 'Minim Non', 'b279891e-05aa-528b-867b-dd6fe5fa77c8', 96, DEFAULT, DEFAULT), ('672ad514-6b43-58ed-b7aa-f70ed34485d9', 'Anim', 'b279891e-05aa-528b-867b-dd6fe5fa77c8', 96, DEFAULT, DEFAULT), ('f561c33d-0589-5163-a677-f2a1eb6b3322', 'Dolore', 'ff53868f-9940-575d-8fa8-923808f93a53', 97, DEFAULT, DEFAULT), ('02a341a2-35a0-5fbc-a1f4-aa8b42aa4b51', 'Consectetur Voluptat', 'ff53868f-9940-575d-8fa8-923808f93a53', 96, DEFAULT, DEFAULT), ('ad276812-3b86-5425-b36a-d822f2860912', 'Et Reprehenderit', 'ff53868f-9940-575d-8fa8-923808f93a53', 97, DEFAULT, DEFAULT), ('2764351d-73bf-5124-a613-660cd57f91dd', 'Quis Laboris', 'ff53868f-9940-575d-8fa8-923808f93a53', 97, DEFAULT, DEFAULT), ('8bf74689-dfcf-5429-b342-2718dce8a8eb', 'Quis Quis', 'ff53868f-9940-575d-8fa8-923808f93a53', 96, DEFAULT, DEFAULT), ('cd80d13e-478f-5058-8dfd-e20a76013cb5', 'Sint Incididunt', '8172203a-00e7-5e0e-919b-2970e0d891df', 97, DEFAULT, DEFAULT), ('db9f2a26-569b-5431-9216-bcd2cf256bbd', 'Id', '8172203a-00e7-5e0e-919b-2970e0d891df', 97, DEFAULT, DEFAULT), ('e4c44768-00c8-52e6-80f9-625972d5d9b9', 'Dolore Veniam In', '8172203a-00e7-5e0e-919b-2970e0d891df', 97, DEFAULT, DEFAULT), ('eea550bd-8120-5fb2-9339-ad3a549506d4', 'Aliquip Ad Aliquip', '8172203a-00e7-5e0e-919b-2970e0d891df', 96, DEFAULT, DEFAULT), ('88514f78-7770-5bc2-96a4-f0f4ebcab4a4', 'Eiusmod Voluptate Qu', '8172203a-00e7-5e0e-919b-2970e0d891df', 97, DEFAULT, DEFAULT), ('95c65795-b9a1-572f-87ae-6fa70b020fbb', 'Anim Culpa Laborum', '8172203a-00e7-5e0e-919b-2970e0d891df', 97, DEFAULT, DEFAULT), ('8891aca3-b326-5a45-a77b-46ff3fd96d49', 'Excepteur Ad', '8172203a-00e7-5e0e-919b-2970e0d891df', 96, DEFAULT, DEFAULT), ('47ec07ed-2b5c-5f84-a424-1002e39b4917', 'Adipisicing Tempor', '8172203a-00e7-5e0e-919b-2970e0d891df', 97, DEFAULT, DEFAULT), ('e9decb87-4a50-5c41-896c-16fe0d21ebca', 'Id Cupidatat Labore', '7b5ee10b-959f-565b-9dac-a4bab4f6c6bf', 96, DEFAULT, DEFAULT), ('274020d9-7513-5cf6-ae0b-e94ef1d1a62f', 'Elit Pariatur Veniam', '7b5ee10b-959f-565b-9dac-a4bab4f6c6bf', 96, DEFAULT, DEFAULT), ('644bfc5c-cf27-5d76-8355-4e4c8d73061f', 'Cupidatat Elit', '7b5ee10b-959f-565b-9dac-a4bab4f6c6bf', 96, DEFAULT, DEFAULT), ('b134c4e5-3e41-53b3-bf3f-7f4cf023e9d7', 'Irure', '38400370-0369-5239-8b08-499aef0591ef', 97, DEFAULT, DEFAULT), ('763ebb5f-add9-59ff-9a26-6b4030dae259', 'Ex Aliquip', '38400370-0369-5239-8b08-499aef0591ef', 97, DEFAULT, DEFAULT), ('9f273059-bf49-55a4-bf95-e6bedcccffe3', 'Aute Ad Id', '38400370-0369-5239-8b08-499aef0591ef', 96, DEFAULT, DEFAULT), ('c7198a1e-f50c-5635-a5bf-2073d4da7bc6', 'Mollit', '38400370-0369-5239-8b08-499aef0591ef', 96, DEFAULT, DEFAULT), ('1497705a-df0e-5f8d-988d-61adba7199e0', 'In', '38400370-0369-5239-8b08-499aef0591ef', 96, DEFAULT, DEFAULT), ('ac772386-a452-5d18-88c7-396c2a71eb0b', 'Elit Aute', '38400370-0369-5239-8b08-499aef0591ef', 96, DEFAULT, DEFAULT), ('7b09592d-b146-5ee2-9db5-3683955196d6', 'Sunt Aliquip', '38400370-0369-5239-8b08-499aef0591ef', 97, DEFAULT, DEFAULT), ('d3953f9f-e0f9-5aed-9d31-3f026a23da12', 'Nostrud Eiusmod', '38400370-0369-5239-8b08-499aef0591ef', 97, DEFAULT, DEFAULT), ('734282bd-df4e-5f8d-afc5-83f4c9131800', 'Sint', '38400370-0369-5239-8b08-499aef0591ef', 97, DEFAULT, DEFAULT), ('b5f933d0-c28e-517c-9fca-d9e38dc742a2', 'Nulla Laborum', '77394b64-1ec1-5043-8dc3-08f9200521d4', 96, DEFAULT, DEFAULT), ('21a7e579-98a3-5757-a0a8-913f2da95aba', 'Do', '77394b64-1ec1-5043-8dc3-08f9200521d4', 96, DEFAULT, DEFAULT), ('a4b32498-f3a6-5110-a5b6-de20f0314c35', 'Cillum Aliquip Ea', '77394b64-1ec1-5043-8dc3-08f9200521d4', 97, DEFAULT, DEFAULT), ('22052ce5-2628-54da-93cf-dce3c06b547a', 'Exercitation Et', '77394b64-1ec1-5043-8dc3-08f9200521d4', 97, DEFAULT, DEFAULT), ('5b303ef1-7516-512a-ba01-9f0dc05d7d2a', 'Sit', '77394b64-1ec1-5043-8dc3-08f9200521d4', 96, DEFAULT, DEFAULT), ('2386fe50-4da3-5ca3-b993-046dc48afb23', 'Esse Incididunt', '77394b64-1ec1-5043-8dc3-08f9200521d4', 97, DEFAULT, DEFAULT), ('be8eca74-88dc-5f62-a6bb-1a0cde780aab', 'Et Mollit', '77394b64-1ec1-5043-8dc3-08f9200521d4', 96, DEFAULT, DEFAULT), ('df0b9534-eb70-596b-965a-89561ef803da', 'Reprehenderit Mollit', '77394b64-1ec1-5043-8dc3-08f9200521d4', 96, DEFAULT, DEFAULT), ('e4d90fe6-6c38-55d7-9042-99ce6d25bf1e', 'Laboris Do Aute', '77394b64-1ec1-5043-8dc3-08f9200521d4', 96, DEFAULT, DEFAULT), ('31ac52db-fa89-5177-b667-1cf6526a929a', 'Eu Incididunt', '56ea9a57-3786-5a49-9700-501eb57a1328', 96, DEFAULT, DEFAULT), ('3c6d504a-3b43-5117-a71b-e844b07b3920', 'Elit Et Ex', '56ea9a57-3786-5a49-9700-501eb57a1328', 97, DEFAULT, DEFAULT), ('70e095a9-713d-5fe2-a06a-8145febdb917', 'Tempor', '56ea9a57-3786-5a49-9700-501eb57a1328', 97, DEFAULT, DEFAULT), ('d0fa96c4-2bfe-5959-9fd4-b17ec4964e6d', 'Sint', '56ea9a57-3786-5a49-9700-501eb57a1328', 96, DEFAULT, DEFAULT), ('cb82a658-7a6b-5f53-8103-de934a9d041a', 'Amet', '56ea9a57-3786-5a49-9700-501eb57a1328', 97, DEFAULT, DEFAULT), ('404e076e-a943-52e4-a2ce-10591a9caa1f', 'Est Sit', '56ea9a57-3786-5a49-9700-501eb57a1328', 96, DEFAULT, DEFAULT), ('808bd15b-fc3e-5378-a895-35c8b3e388f6', 'Sit Dolor', '56ea9a57-3786-5a49-9700-501eb57a1328', 97, DEFAULT, DEFAULT), ('e9de49c7-7c1c-5c70-9aad-96d6727706e4', 'Eu', '56ea9a57-3786-5a49-9700-501eb57a1328', 96, DEFAULT, DEFAULT), ('bf9b5b68-4e23-52f1-a2cb-7e93ec2bafea', 'Ut Dolore', '56ea9a57-3786-5a49-9700-501eb57a1328', 97, DEFAULT, DEFAULT), ('af5fa9a8-f7df-5a87-830c-3e8d39f06eae', 'Qui', '731fb763-1773-5758-b8dd-d75381b0e72a', 97, DEFAULT, DEFAULT), ('fa904169-96b2-5473-b48d-c7f225d6dfb3', 'Amet Et Commodo', '731fb763-1773-5758-b8dd-d75381b0e72a', 97, DEFAULT, DEFAULT), ('76980724-1543-5820-bc77-ff5f445e7244', 'Enim Velit Nisi', '731fb763-1773-5758-b8dd-d75381b0e72a', 96, DEFAULT, DEFAULT), ('c9f9ed6b-3ed1-5d46-9201-51000bdf47fa', 'Adipisicing Id', '731fb763-1773-5758-b8dd-d75381b0e72a', 97, DEFAULT, DEFAULT), ('54473828-0225-5307-b53c-7a0fc46ac63c', 'Est Fugiat Officia', '731fb763-1773-5758-b8dd-d75381b0e72a', 97, DEFAULT, DEFAULT), ('f057746f-990e-5e0f-ba59-b833ef7e39fc', 'Anim Velit', '731fb763-1773-5758-b8dd-d75381b0e72a', 97, DEFAULT, DEFAULT), ('6f98547a-4734-5cb4-82a1-cf5fc4e37c8d', 'Esse', '731fb763-1773-5758-b8dd-d75381b0e72a', 97, DEFAULT, DEFAULT), ('c67d2d09-4f9c-55d4-8995-a05fcda1aef5', 'Nisi', '068fd5c6-1552-54ac-ade0-1a1e4b095f08', 96, DEFAULT, DEFAULT), ('6fb8bc22-57b5-5453-b6ee-d5dfa591c360', 'Aute', '068fd5c6-1552-54ac-ade0-1a1e4b095f08', 96, DEFAULT, DEFAULT), ('3d58489a-e732-5fe3-9fa1-7d8615a17b59', 'Dolore Enim Anim', '068fd5c6-1552-54ac-ade0-1a1e4b095f08', 96, DEFAULT, DEFAULT), ('f8caf156-ccf0-5aea-a4e4-6c70f58a603e', 'Adipisicing Culpa', '068fd5c6-1552-54ac-ade0-1a1e4b095f08', 96, DEFAULT, DEFAULT), ('cca70ca2-d109-5c60-965d-ab86b151a58f', 'Veniam', '068fd5c6-1552-54ac-ade0-1a1e4b095f08', 96, DEFAULT, DEFAULT), ('8bad4601-c5dc-5d96-9ece-4ebbe2a83dfa', 'Sunt Commodo Exercit', '397d9892-31da-5629-a035-14fcfec8983a', 96, DEFAULT, DEFAULT), ('d36b7a55-d6b7-5955-bd46-7839332db245', 'Elit Commodo', '397d9892-31da-5629-a035-14fcfec8983a', 96, DEFAULT, DEFAULT), ('f8151e07-b0ba-57cb-b13b-f8463f48e7fa', 'Laborum Nostrud', '397d9892-31da-5629-a035-14fcfec8983a', 96, DEFAULT, DEFAULT), ('386af548-38a2-54d8-bcb7-4bb0b3a08bf8', 'Anim Nisi', '397d9892-31da-5629-a035-14fcfec8983a', 96, DEFAULT, DEFAULT), ('e582fc03-396b-5bd3-a7d1-a1f8176c5a84', 'Cupidatat Exercitati', '397d9892-31da-5629-a035-14fcfec8983a', 96, DEFAULT, DEFAULT), ('d8d62e21-c0a5-5c19-90d6-7c8e7e16f162', 'Sit Mollit', '397d9892-31da-5629-a035-14fcfec8983a', 96, DEFAULT, DEFAULT), ('d19db439-c7e7-53a7-aa19-0db346180dc1', 'Anim Deserunt Nostru', '5e20f9a8-7b26-5a5f-8426-6b12c182d23c', 96, DEFAULT, DEFAULT), ('91434b27-2651-5429-8f42-45c3f8e334a0', 'Aute', '5e20f9a8-7b26-5a5f-8426-6b12c182d23c', 96, DEFAULT, DEFAULT), ('549980e7-3e77-5d76-b263-84664d04b209', 'Ullamco Sint Volupta', '5e20f9a8-7b26-5a5f-8426-6b12c182d23c', 97, DEFAULT, DEFAULT), ('e4de1a09-bd9a-5e42-b92c-2cb1af28bec6', 'Commodo', '5e20f9a8-7b26-5a5f-8426-6b12c182d23c', 96, DEFAULT, DEFAULT), ('b32027db-33da-5dc2-b906-e0c2a06ac683', 'Deserunt', '53fe0e9e-3358-5722-b994-4faad8733cd3', 97, DEFAULT, DEFAULT), ('b7a89d05-549f-565f-b631-b59097e91d1a', 'Et Et', '53fe0e9e-3358-5722-b994-4faad8733cd3', 96, DEFAULT, DEFAULT), ('ac9f0e3e-b030-584f-a8dd-87355fe22537', 'Quis Magna', '53fe0e9e-3358-5722-b994-4faad8733cd3', 96, DEFAULT, DEFAULT), ('438bff0e-fd50-5c86-89ee-d397a0c0e548', 'Eiusmod Consectetur ', '53fe0e9e-3358-5722-b994-4faad8733cd3', 96, DEFAULT, DEFAULT), ('9bf2ad50-cccb-50eb-8269-3a7e78bd21f5', 'Ad Est', '53fe0e9e-3358-5722-b994-4faad8733cd3', 97, DEFAULT, DEFAULT), ('36f6f3ba-e867-5008-b6c1-829e989f9d2f', 'Adipisicing', '53fe0e9e-3358-5722-b994-4faad8733cd3', 96, DEFAULT, DEFAULT), ('19495f2f-99a6-5394-9596-a1d3fb0d3196', 'Irure Anim', '53fe0e9e-3358-5722-b994-4faad8733cd3', 96, DEFAULT, DEFAULT), ('9a184097-b9bc-5f22-ba40-6c62e83423ab', 'Dolore Aliqua', '53fe0e9e-3358-5722-b994-4faad8733cd3', 97, DEFAULT, DEFAULT), ('92ce3cad-bd68-55a2-9017-d27d51e2e007', 'Elit Esse Aliquip', '53fe0e9e-3358-5722-b994-4faad8733cd3', 97, DEFAULT, DEFAULT), ('26f7bb6a-3c9c-5b30-b11b-be5ebfb91948', 'Cillum Consequat', 'e4834379-a7a0-5f41-8193-f598072b1c83', 96, DEFAULT, DEFAULT), ('e5b4727f-be5e-52c0-83cb-cb7ba230945f', 'Laborum Consectetur', 'e4834379-a7a0-5f41-8193-f598072b1c83', 96, DEFAULT, DEFAULT), ('290e51c6-7ff6-5db4-8f40-69dda051b66c', 'Ipsum Non', 'e4834379-a7a0-5f41-8193-f598072b1c83', 96, DEFAULT, DEFAULT), ('6c3f6730-2b1a-5e27-97de-caacad0bb1a5', 'Proident Non Aliqua', 'e4834379-a7a0-5f41-8193-f598072b1c83', 97, DEFAULT, DEFAULT), ('a8766652-5cf4-5e66-ba6d-9eb457dff942', 'Elit', 'a9f91eda-269f-54d0-83de-05f0c2ecbf08', 96, DEFAULT, DEFAULT), ('43bcab14-4a69-5e60-a07f-cda2fe595a2a', 'Laboris', 'a9f91eda-269f-54d0-83de-05f0c2ecbf08', 97, DEFAULT, DEFAULT), ('203ac13e-e5b1-548e-a7da-5d8cff932053', 'Eiusmod Sit Enim', 'a9f91eda-269f-54d0-83de-05f0c2ecbf08', 97, DEFAULT, DEFAULT), ('1332e392-1ac8-57d9-8262-948f66c89fe9', 'Dolor Anim Reprehend', 'a9f91eda-269f-54d0-83de-05f0c2ecbf08', 96, DEFAULT, DEFAULT), ('b88b1af1-79fe-5af5-9c91-0c77ed20973b', 'Tempor Ea Nisi', 'a9f91eda-269f-54d0-83de-05f0c2ecbf08', 97, DEFAULT, DEFAULT), ('5783cab4-e010-523b-b893-81b388f43d06', 'Sit Sit', 'c0062d28-74ce-56b0-8124-852c5c4cdd1f', 96, DEFAULT, DEFAULT), ('01bb02e3-6d00-5b11-ba00-2f6b060dfb2e', 'Cillum Pariatur Eius', 'c0062d28-74ce-56b0-8124-852c5c4cdd1f', 97, DEFAULT, DEFAULT), ('a9752d0c-ade4-58c6-b746-1b9df56a3d08', 'Nulla Adipisicing El', 'c0062d28-74ce-56b0-8124-852c5c4cdd1f', 96, DEFAULT, DEFAULT), ('5cdb9712-16b6-532e-9cc7-8cf7dfbe9b6b', 'Pariatur Nulla Sit', 'c0062d28-74ce-56b0-8124-852c5c4cdd1f', 97, DEFAULT, DEFAULT), ('47c1a5aa-1c4a-5781-9c8f-968a639137d7', 'Mollit', 'c0062d28-74ce-56b0-8124-852c5c4cdd1f', 96, DEFAULT, DEFAULT), ('3c19e2d6-1e17-5580-adbc-319ee6c74e3c', 'In Duis', 'c0062d28-74ce-56b0-8124-852c5c4cdd1f', 97, DEFAULT, DEFAULT), ('ddb44318-7e83-5b4d-8ba4-3bbd19edd327', 'Esse Tempor', 'c0062d28-74ce-56b0-8124-852c5c4cdd1f', 96, DEFAULT, DEFAULT), ('e6e5bdc8-dbe5-545a-b616-a55a5f857d1f', 'Amet Culpa Sint', 'c0062d28-74ce-56b0-8124-852c5c4cdd1f', 97, DEFAULT, DEFAULT), ('8068bdaa-feec-5131-873b-0c940ef3679e', 'In Amet', 'c0062d28-74ce-56b0-8124-852c5c4cdd1f', 96, DEFAULT, DEFAULT), ('3adfc207-aaeb-5fa1-b329-eb7ef2061320', 'Nulla Labore', 'a1d779f7-e622-5cd1-b766-eb2b7925b3c0', 97, DEFAULT, DEFAULT), ('096adf71-c74e-5b77-822b-46a8768797c5', 'Laborum Sit Esse', 'a1d779f7-e622-5cd1-b766-eb2b7925b3c0', 97, DEFAULT, DEFAULT), ('65d8ad86-6271-552b-8704-fabcdcf18cdb', 'Fugiat', 'a1d779f7-e622-5cd1-b766-eb2b7925b3c0', 96, DEFAULT, DEFAULT), ('9a52e2af-cb63-5ab2-95a7-ae32f01d6a1c', 'Id Eiusmod', 'a1d779f7-e622-5cd1-b766-eb2b7925b3c0', 97, DEFAULT, DEFAULT), ('f7f33f5b-7e02-5784-9db2-ed2995544a54', 'Mollit Occaecat', 'a1d779f7-e622-5cd1-b766-eb2b7925b3c0', 97, DEFAULT, DEFAULT), ('ba4d6fef-111f-5ce5-883e-2b3880f373bf', 'In', 'a1d779f7-e622-5cd1-b766-eb2b7925b3c0', 97, DEFAULT, DEFAULT), ('405dd580-b1c8-5c0e-9df0-d82b7f57175d', 'Eu', 'a1d779f7-e622-5cd1-b766-eb2b7925b3c0', 96, DEFAULT, DEFAULT), ('39da01f0-2195-5fc3-a74a-d12c26c902a3', 'Minim Dolor Incididu', 'bd4e2ea6-e7d4-5655-93cc-d1ed71c3483c', 96, DEFAULT, DEFAULT), ('fbbb9719-f3d1-5ce2-b584-4b70bf5bb135', 'Nostrud Elit', 'bd4e2ea6-e7d4-5655-93cc-d1ed71c3483c', 97, DEFAULT, DEFAULT), ('5f651c76-ceba-56db-bd60-512d4079ec53', 'Ad Do', 'bd4e2ea6-e7d4-5655-93cc-d1ed71c3483c', 96, DEFAULT, DEFAULT), ('9af6e0ef-7015-5390-856a-705032c2e40e', 'Magna Quis', 'bd4e2ea6-e7d4-5655-93cc-d1ed71c3483c', 97, DEFAULT, DEFAULT), ('5034bc4f-306f-5e76-8ef2-99198efc3a69', 'Adipisicing', 'bd4e2ea6-e7d4-5655-93cc-d1ed71c3483c', 96, DEFAULT, DEFAULT), ('bbecd693-8054-5eee-8ada-8e2d5a3c5090', 'Pariatur', 'bd4e2ea6-e7d4-5655-93cc-d1ed71c3483c', 96, DEFAULT, DEFAULT), ('f5d8c620-973f-509a-b5b1-dc1e889a22a1', 'Nulla Id', 'bd4e2ea6-e7d4-5655-93cc-d1ed71c3483c', 97, DEFAULT, DEFAULT), ('76a5e2d5-9a63-55f6-9eb8-8f0daf48e856', 'Amet Aliqua Aliqua', 'bd4e2ea6-e7d4-5655-93cc-d1ed71c3483c', 96, DEFAULT, DEFAULT), ('776b03c3-32e4-5cce-ae19-db482f5c4eae', 'Cillum Dolor', 'bd4e2ea6-e7d4-5655-93cc-d1ed71c3483c', 96, DEFAULT, DEFAULT), ('adda5bbb-2250-5600-8e2e-f8d227ba8e95', 'Elit Eu', 'bd4e2ea6-e7d4-5655-93cc-d1ed71c3483c', 96, DEFAULT, DEFAULT), ('e7ba2b18-a57c-5b02-9714-d376d9ea922f', 'Minim Pariatur', 'fb2f612f-57ab-526e-8b57-f5de07942107', 96, DEFAULT, DEFAULT), ('ccd28d41-9086-5b64-b351-585431787bb7', 'In', 'fb2f612f-57ab-526e-8b57-f5de07942107', 97, DEFAULT, DEFAULT), ('6a248992-e0a8-5c27-8d71-fd2cfd3a1fd6', 'Sint', 'fb2f612f-57ab-526e-8b57-f5de07942107', 96, DEFAULT, DEFAULT), ('72d447b0-a4fa-5de7-bb4c-9ff5f169dfea', 'Cillum Amet', 'fb2f612f-57ab-526e-8b57-f5de07942107', 97, DEFAULT, DEFAULT), ('eeba85da-b4f7-5195-887e-28b7dc8a5236', 'Magna Veniam', 'fb2f612f-57ab-526e-8b57-f5de07942107', 97, DEFAULT, DEFAULT), ('f457d7a7-01f9-5225-b07a-0e782525bbc7', 'Proident Excepteur', '38cee772-792e-54fe-ae0f-d62f75f71c11', 97, DEFAULT, DEFAULT), ('0fa12fcf-97e2-5065-a698-e366ca117702', 'In', '38cee772-792e-54fe-ae0f-d62f75f71c11', 96, DEFAULT, DEFAULT), ('b4725825-2a5a-5e18-a190-e59f4cb9f1b5', 'Eu Enim', '38cee772-792e-54fe-ae0f-d62f75f71c11', 97, DEFAULT, DEFAULT), ('d1dc8a74-c651-5dbd-b484-1cd2c51db9b9', 'Non Est Veniam', '38cee772-792e-54fe-ae0f-d62f75f71c11', 96, DEFAULT, DEFAULT), ('45173bfe-a11f-574a-ac25-21cda1308ec9', 'Cupidatat', '60f279f1-b04c-57b1-b6aa-b71a8811c6ab', 97, DEFAULT, DEFAULT), ('28e4b717-ba20-5ce6-96db-f08421aa2fc7', 'Nulla', '60f279f1-b04c-57b1-b6aa-b71a8811c6ab', 96, DEFAULT, DEFAULT), ('d35ecca3-ac35-5e28-8e7e-6a25de908d18', 'Reprehenderit Ad', '60f279f1-b04c-57b1-b6aa-b71a8811c6ab', 97, DEFAULT, DEFAULT), ('e334db45-3389-5a47-b7c9-4ff8121637b5', 'In Ex', '60f279f1-b04c-57b1-b6aa-b71a8811c6ab', 97, DEFAULT, DEFAULT), ('0a9347d2-3396-5e6a-98f1-b406ca195226', 'Pariatur Eu', '60f279f1-b04c-57b1-b6aa-b71a8811c6ab', 96, DEFAULT, DEFAULT), ('71edf17f-e471-58c3-bbf8-8111bd6c7c8e', 'Consequat Voluptate', '60f279f1-b04c-57b1-b6aa-b71a8811c6ab', 96, DEFAULT, DEFAULT), ('fc6d457c-9711-5cde-813c-d584f858faae', 'Aute Ut', '60f279f1-b04c-57b1-b6aa-b71a8811c6ab', 97, DEFAULT, DEFAULT), ('b737f334-53a3-585e-98d7-69fce744e35e', 'Sint Tempor', 'b5d35d7e-f19e-568e-9efe-911f779c892f', 96, DEFAULT, DEFAULT), ('8babc841-00b0-585f-9ca3-85ef68fec1f7', 'Officia Amet', 'b5d35d7e-f19e-568e-9efe-911f779c892f', 96, DEFAULT, DEFAULT), ('79efb743-bb54-546e-8bdf-089509399715', 'Pariatur Esse Tempor', 'b5d35d7e-f19e-568e-9efe-911f779c892f', 97, DEFAULT, DEFAULT), ('844afdcc-93cf-55c8-b0f1-1cc22329a30b', 'Eiusmod', '3db3509a-5565-5145-aa2d-eb656db639a3', 96, DEFAULT, DEFAULT), ('290bcd64-8663-5670-8efa-64e864979bbb', 'Deserunt Incididunt ', '3db3509a-5565-5145-aa2d-eb656db639a3', 96, DEFAULT, DEFAULT), ('897e7fb9-bd9c-59e3-afc7-d1c31ec7ef34', 'Ex Nostrud Voluptate', '3db3509a-5565-5145-aa2d-eb656db639a3', 97, DEFAULT, DEFAULT), ('f3376d8d-17f3-5259-a5b0-af6d5e21e7e2', 'Qui Officia', '3db3509a-5565-5145-aa2d-eb656db639a3', 97, DEFAULT, DEFAULT), ('5ce056de-a21e-5eba-9d47-e09232047aae', 'Velit Pariatur', '3db3509a-5565-5145-aa2d-eb656db639a3', 97, DEFAULT, DEFAULT), ('fd8e258e-4711-5b22-b0f3-1f5725eb642f', 'Ad', '3db3509a-5565-5145-aa2d-eb656db639a3', 96, DEFAULT, DEFAULT), ('583774ae-7432-5503-850f-867e82c0838b', 'Ad Pariatur Minim', '16b2ddd9-4627-52fa-8115-8453cfa39374', 97, DEFAULT, DEFAULT), ('225b2186-bb16-5b0a-b7be-47fd3c5a5cf9', 'Qui Magna', '16b2ddd9-4627-52fa-8115-8453cfa39374', 96, DEFAULT, DEFAULT), ('fc295a44-56fb-5a65-beee-66fd6554ae26', 'Consequat Deserunt E', '16b2ddd9-4627-52fa-8115-8453cfa39374', 97, DEFAULT, DEFAULT), ('88133dcb-8b00-5c2c-aee5-9f0743f5239d', 'Occaecat Lorem', '16b2ddd9-4627-52fa-8115-8453cfa39374', 97, DEFAULT, DEFAULT), ('9bcb6997-9423-57c0-978a-09ad67de00e3', 'Commodo', '16b2ddd9-4627-52fa-8115-8453cfa39374', 97, DEFAULT, DEFAULT), ('7c1b7c00-d84e-5216-9c13-9544eccd96d4', 'Aliqua Amet', '16b2ddd9-4627-52fa-8115-8453cfa39374', 96, DEFAULT, DEFAULT), ('586daead-6daa-5df4-83cb-81b2e815d326', 'Nostrud Labore', '16b2ddd9-4627-52fa-8115-8453cfa39374', 96, DEFAULT, DEFAULT), ('1c40127d-ff75-5e7b-a8cb-0c9592423db2', 'Est Ea', '16b2ddd9-4627-52fa-8115-8453cfa39374', 97, DEFAULT, DEFAULT), ('07d1c973-053f-5f79-8627-e7767272680a', 'Ad', '16b2ddd9-4627-52fa-8115-8453cfa39374', 97, DEFAULT, DEFAULT), ('34e08312-6163-54ad-8f00-271b535d720e', 'Nulla In', '235fae27-2669-539e-8784-3dcbaac570cc', 96, DEFAULT, DEFAULT), ('b21c180f-341f-510e-96d3-d4e40909d89e', 'Proident Aute', '235fae27-2669-539e-8784-3dcbaac570cc', 96, DEFAULT, DEFAULT), ('e09a1a6c-2073-587c-bb13-604903ae6e80', 'Minim Eiusmod', '235fae27-2669-539e-8784-3dcbaac570cc', 96, DEFAULT, DEFAULT), ('c3c19070-f0b8-5d8b-8806-a00d5fe919aa', 'Duis Commodo', '235fae27-2669-539e-8784-3dcbaac570cc', 96, DEFAULT, DEFAULT), ('dc376aff-9563-59fe-ac16-2760fcfb9752', 'Aliquip Anim', '235fae27-2669-539e-8784-3dcbaac570cc', 97, DEFAULT, DEFAULT), ('9d87fe57-7f5a-555d-8ceb-54297334ec14', 'Esse Ut', '85a272fe-9de3-5543-919e-647cccb82b15', 96, DEFAULT, DEFAULT), ('02fbc2e3-109a-5330-96d4-81e4548f5f4f', 'Esse Voluptate', '85a272fe-9de3-5543-919e-647cccb82b15', 96, DEFAULT, DEFAULT), ('026debf8-8a71-53bf-8bd1-1046d4d33b6c', 'Nisi', '85a272fe-9de3-5543-919e-647cccb82b15', 96, DEFAULT, DEFAULT), ('4ecb4c85-c280-5d1c-af07-13ac77118d4b', 'Nostrud', '85a272fe-9de3-5543-919e-647cccb82b15', 97, DEFAULT, DEFAULT), ('c749b9a1-8131-5461-9b9f-368e4a129402', 'Magna Culpa Laborum', '85a272fe-9de3-5543-919e-647cccb82b15', 96, DEFAULT, DEFAULT), ('dcab4cd0-81d2-521a-8a86-4b94b840415d', 'Anim', '85a272fe-9de3-5543-919e-647cccb82b15', 96, DEFAULT, DEFAULT), ('07af669c-8c65-59d6-8aa0-cb973d5cff7e', 'In', '85a272fe-9de3-5543-919e-647cccb82b15', 97, DEFAULT, DEFAULT), ('bc0fc08c-c3f1-5511-9ab4-45886d657edc', 'Aute Commodo Aliquip', '85a272fe-9de3-5543-919e-647cccb82b15', 96, DEFAULT, DEFAULT), ('36d172fe-21d7-5e04-8dd5-a197a258f6db', 'Ea', '0ff7c90f-7522-5b63-9234-348cf37ff0b7', 97, DEFAULT, DEFAULT), ('86c76349-2501-5929-8ba9-7c7cbfe50a41', 'Dolor Pariatur', '0ff7c90f-7522-5b63-9234-348cf37ff0b7', 96, DEFAULT, DEFAULT), ('8e5bcc8d-ff8b-5160-bb7c-97b1a5837a53', 'Pariatur', '0ff7c90f-7522-5b63-9234-348cf37ff0b7', 97, DEFAULT, DEFAULT), ('5c5c81ab-962f-58e6-94da-fcec32b54a8a', 'Commodo', '0ff7c90f-7522-5b63-9234-348cf37ff0b7', 97, DEFAULT, DEFAULT), ('398ada6e-edca-5873-8a7e-46f58b50e62b', 'Anim', '0ff7c90f-7522-5b63-9234-348cf37ff0b7', 96, DEFAULT, DEFAULT), ('e3d228a7-535a-59dc-a321-d2a2142ee80e', 'Nulla Sunt', '0ff7c90f-7522-5b63-9234-348cf37ff0b7', 96, DEFAULT, DEFAULT), ('0d316851-7b58-5c5a-8727-83b4dccc8946', 'Dolor', '0ff7c90f-7522-5b63-9234-348cf37ff0b7', 97, DEFAULT, DEFAULT), ('5ce2b37b-2cd7-53c4-b07c-dfc90bd52dd1', 'Sunt', '0ff7c90f-7522-5b63-9234-348cf37ff0b7', 97, DEFAULT, DEFAULT), ('ac800e9a-3e54-5258-a646-00dc3ebfd050', 'Id Duis Dolor', '0ff7c90f-7522-5b63-9234-348cf37ff0b7', 97, DEFAULT, DEFAULT), ('6ec75264-eddd-5d93-b46a-ea1447200d4d', 'Pariatur Ipsum', '350ffb75-0a57-59e5-a5c9-179e6696dca6', 96, DEFAULT, DEFAULT), ('55cedb23-3815-5fc9-99fd-895fbde5d0e3', 'Consequat Fugiat Com', '350ffb75-0a57-59e5-a5c9-179e6696dca6', 97, DEFAULT, DEFAULT), ('59f89533-99ba-5296-9d71-0a2d936ac633', 'Pariatur Cupidatat E', '350ffb75-0a57-59e5-a5c9-179e6696dca6', 96, DEFAULT, DEFAULT), ('b0c0c7b7-48be-5940-b4f0-b4b523207fb6', 'Consequat Laboris Lo', '350ffb75-0a57-59e5-a5c9-179e6696dca6', 96, DEFAULT, DEFAULT), ('65bd7d62-1e19-50de-9d5c-5ad405f99ffc', 'Esse Non', '350ffb75-0a57-59e5-a5c9-179e6696dca6', 97, DEFAULT, DEFAULT), ('c2916be7-afbf-5b1e-bf7a-6612306486ab', 'Officia Sint', '350ffb75-0a57-59e5-a5c9-179e6696dca6', 96, DEFAULT, DEFAULT), ('846cad2b-ac62-5a23-a4c4-8886771e6a4c', 'Esse Fugiat', '350ffb75-0a57-59e5-a5c9-179e6696dca6', 97, DEFAULT, DEFAULT), ('96de0eb2-a6db-5c9a-be1f-e40d45f16e98', 'Commodo Reprehenderi', '350ffb75-0a57-59e5-a5c9-179e6696dca6', 97, DEFAULT, DEFAULT), ('b0951de7-c56f-53f5-9eed-d16eaaa476ac', 'Laboris Aute', '350ffb75-0a57-59e5-a5c9-179e6696dca6', 97, DEFAULT, DEFAULT), ('abb263e9-94ea-55ef-ab20-c943f05d5965', 'Cillum Dolore', '8f618935-0709-51d9-a788-ed5bf31c7cb5', 97, DEFAULT, DEFAULT), ('740518ca-526d-5918-8e05-614bf621f8d6', 'Nisi', '8f618935-0709-51d9-a788-ed5bf31c7cb5', 96, DEFAULT, DEFAULT), ('00a9d1f8-38ea-5883-81bf-f967bd7aaa45', 'Eiusmod Ut', '8f618935-0709-51d9-a788-ed5bf31c7cb5', 97, DEFAULT, DEFAULT), ('a1c9c188-b8b2-54b9-891e-48d51d81b431', 'Duis Dolor', '8f618935-0709-51d9-a788-ed5bf31c7cb5', 96, DEFAULT, DEFAULT), ('5f8bded8-ad94-5bf0-a04e-2f886fa6f9e2', 'Duis Consectetur Mol', '8f618935-0709-51d9-a788-ed5bf31c7cb5', 96, DEFAULT, DEFAULT), ('81c0ac96-db11-5f37-9096-e63c41141a90', 'Dolore Do', '8f618935-0709-51d9-a788-ed5bf31c7cb5', 96, DEFAULT, DEFAULT), ('72b9865e-dd81-5992-b1d1-d2edadfc44c4', 'Incididunt Incididun', '8f618935-0709-51d9-a788-ed5bf31c7cb5', 96, DEFAULT, DEFAULT), ('a3141029-aec2-543b-b18a-49fe947e3304', 'Ut Ea', '782f7eda-e535-5ab3-8415-643126d3b0fa', 97, DEFAULT, DEFAULT), ('6c52c1d9-13a4-51ef-ae51-1dacc4c14be9', 'Quis Anim', '782f7eda-e535-5ab3-8415-643126d3b0fa', 97, DEFAULT, DEFAULT), ('2589cf16-4103-5a4f-b544-b30078083eaa', 'Voluptate Cillum', '782f7eda-e535-5ab3-8415-643126d3b0fa', 96, DEFAULT, DEFAULT), ('a88bc9b9-135e-55c7-8c4c-5a072a3c8573', 'Adipisicing', '782f7eda-e535-5ab3-8415-643126d3b0fa', 96, DEFAULT, DEFAULT), ('8b7e423b-b9b9-5b3c-bf3d-1aa45d16235c', 'Veniam Ullamco', '782f7eda-e535-5ab3-8415-643126d3b0fa', 96, DEFAULT, DEFAULT), ('882c7ae5-914f-539d-8207-691de536097f', 'Dolor Reprehenderit', '782f7eda-e535-5ab3-8415-643126d3b0fa', 96, DEFAULT, DEFAULT), ('811570ef-0b81-508d-ba05-2f5e812d4131', 'Deserunt Consectetur', '782f7eda-e535-5ab3-8415-643126d3b0fa', 97, DEFAULT, DEFAULT), ('29b47b7e-4cec-5d5a-b93d-172770b57ed6', 'Minim Consectetur En', '782f7eda-e535-5ab3-8415-643126d3b0fa', 97, DEFAULT, DEFAULT), ('9b1fc781-1e4e-56d2-bd68-0dc257a319c0', 'Velit Incididunt', '5daf6f25-3b97-5f49-8f75-4ba5d1d74cd3', 96, DEFAULT, DEFAULT), ('8a0a556f-d942-55f0-8ba8-1ffbfaf3c6d9', 'Nisi Deserunt', '5daf6f25-3b97-5f49-8f75-4ba5d1d74cd3', 96, DEFAULT, DEFAULT), ('91fa3874-9437-5dfa-a49a-f19fb38d9e92', 'Cillum Magna', '5daf6f25-3b97-5f49-8f75-4ba5d1d74cd3', 97, DEFAULT, DEFAULT), ('eda91f04-12ef-5904-88aa-e6ed9a692e03', 'Proident Enim Fugiat', '5daf6f25-3b97-5f49-8f75-4ba5d1d74cd3', 96, DEFAULT, DEFAULT), ('3204ce32-7c5b-5953-969e-fe1d17de6e76', 'Deserunt', '3788fdae-c690-5563-abac-18b51e4d210f', 96, DEFAULT, DEFAULT), ('eecf8a7e-af2f-524d-a645-c5fba3ebda06', 'Tempor Officia', '3788fdae-c690-5563-abac-18b51e4d210f', 97, DEFAULT, DEFAULT), ('8d3f145b-67b0-504d-b49a-d59ecea5d2d8', 'Laboris Nisi', '3788fdae-c690-5563-abac-18b51e4d210f', 97, DEFAULT, DEFAULT), ('d00c085d-72d6-5114-a5fd-ba818539c2f7', 'Aliqua', '3788fdae-c690-5563-abac-18b51e4d210f', 96, DEFAULT, DEFAULT), ('d6d652bf-48a5-5a85-a95d-16c25edc5397', 'Mollit Nulla Ea', '177ae72e-41a6-5325-80d6-452827ea5918', 97, DEFAULT, DEFAULT), ('94170f3d-888c-58bc-bc18-13592bfb52c5', 'Cillum Velit', '177ae72e-41a6-5325-80d6-452827ea5918', 97, DEFAULT, DEFAULT), ('1e0af0c0-30ba-5a06-9647-a83cef3d815d', 'Ut Eu', '177ae72e-41a6-5325-80d6-452827ea5918', 97, DEFAULT, DEFAULT), ('097c4d8e-94d3-5fd3-94ca-7bbb66cf6929', 'Id', '177ae72e-41a6-5325-80d6-452827ea5918', 96, DEFAULT, DEFAULT), ('2daf5548-f681-577a-9912-670e1304b2ad', 'Excepteur', '177ae72e-41a6-5325-80d6-452827ea5918', 96, DEFAULT, DEFAULT), ('36ab6720-a24b-578b-8d3f-3d9bb0485851', 'Officia', '177ae72e-41a6-5325-80d6-452827ea5918', 97, DEFAULT, DEFAULT), ('960932a7-c474-5ba2-97bb-0581aeeca485', 'Occaecat Elit', '177ae72e-41a6-5325-80d6-452827ea5918', 97, DEFAULT, DEFAULT), ('d9d9ad5e-1233-511b-bc7d-1f7d6c3d7a35', 'Nulla Enim', '177ae72e-41a6-5325-80d6-452827ea5918', 96, DEFAULT, DEFAULT), ('f90b4470-adf8-5f0c-b081-850f3bfe4f01', 'Ut', '177ae72e-41a6-5325-80d6-452827ea5918', 97, DEFAULT, DEFAULT), ('70b4d1da-5ee3-5bd6-aecb-9af8ab670b84', 'Exercitation Lorem', 'c0a2f5c4-7781-5310-ad3c-e7b9f41a7ace', 97, DEFAULT, DEFAULT), ('2da4149c-bf3e-5f98-b904-591c69530871', 'Esse Et', 'c0a2f5c4-7781-5310-ad3c-e7b9f41a7ace', 96, DEFAULT, DEFAULT), ('a69d43fa-2222-5203-b590-140e62599451', 'Reprehenderit Except', 'c0a2f5c4-7781-5310-ad3c-e7b9f41a7ace', 97, DEFAULT, DEFAULT), ('f6a7cc82-a609-50ee-a839-9fa8b1a9631d', 'Duis Reprehenderit', 'c0a2f5c4-7781-5310-ad3c-e7b9f41a7ace', 96, DEFAULT, DEFAULT), ('00644310-2ebb-53b6-b6cd-c599924419bd', 'Ut', 'c0a2f5c4-7781-5310-ad3c-e7b9f41a7ace', 97, DEFAULT, DEFAULT), ('3de7919f-8a6e-5a5a-ad06-07f2ad53b96d', 'Sit Velit Sint', 'c0a2f5c4-7781-5310-ad3c-e7b9f41a7ace', 97, DEFAULT, DEFAULT), ('495390bc-68e6-52a4-b1ba-2f994586821a', 'Aute Non Dolor', 'c0a2f5c4-7781-5310-ad3c-e7b9f41a7ace', 96, DEFAULT, DEFAULT), ('28a1ca86-fc34-5d5b-bda6-792b581f58de', 'Non Laborum Sint', '71c019c0-f4c8-51ac-bfff-4141eabf85f3', 96, DEFAULT, DEFAULT), ('c801d235-e02a-5267-8201-eecb86948b65', 'Nostrud Duis', '71c019c0-f4c8-51ac-bfff-4141eabf85f3', 96, DEFAULT, DEFAULT), ('ad1bbcac-cdbb-551f-b25a-b14b40074515', 'Reprehenderit Eiusmo', '71c019c0-f4c8-51ac-bfff-4141eabf85f3', 96, DEFAULT, DEFAULT), ('af85f96c-efbd-584c-bdd4-26c4e2f3e556', 'Enim Laboris', '71c019c0-f4c8-51ac-bfff-4141eabf85f3', 97, DEFAULT, DEFAULT), ('ee198d66-a798-52a5-8b79-9931f7b835e3', 'Aliqua Ut Occaecat', '71c019c0-f4c8-51ac-bfff-4141eabf85f3', 96, DEFAULT, DEFAULT), ('9a2c5b91-3c65-50ae-8188-68db1f1edfc4', 'Officia Do', '71c019c0-f4c8-51ac-bfff-4141eabf85f3', 96, DEFAULT, DEFAULT), ('a78f49ae-5f15-5b14-baf5-6abdb727fcc1', 'Nulla Eiusmod', '71c019c0-f4c8-51ac-bfff-4141eabf85f3', 96, DEFAULT, DEFAULT), ('a3df44c1-25a3-5190-a8bc-004597063afc', 'Enim Velit', '71c019c0-f4c8-51ac-bfff-4141eabf85f3', 96, DEFAULT, DEFAULT), ('b67e09de-df70-515b-91d0-6e53f3b4a58a', 'Nostrud', 'ab4eb860-b9b9-58f5-84c6-b76a08d23dfd', 97, DEFAULT, DEFAULT), ('fe24988b-bca5-5bf5-be0f-c92da7b2cbe1', 'Nisi Nisi Cillum', 'ab4eb860-b9b9-58f5-84c6-b76a08d23dfd', 97, DEFAULT, DEFAULT), ('fb634118-b8a6-50b7-9010-0317dd27fba6', 'Labore Reprehenderit', 'ab4eb860-b9b9-58f5-84c6-b76a08d23dfd', 96, DEFAULT, DEFAULT), ('cda3814f-c14d-5dcf-a835-797df84f6d99', 'Cupidatat', 'ab4eb860-b9b9-58f5-84c6-b76a08d23dfd', 96, DEFAULT, DEFAULT), ('bdc52205-2f90-54a1-a699-3ba523b0d56a', 'Occaecat', 'ab4eb860-b9b9-58f5-84c6-b76a08d23dfd', 97, DEFAULT, DEFAULT), ('1d01e569-eec7-553a-916b-70c8b1d0f9ec', 'Non Est Culpa', 'ab4eb860-b9b9-58f5-84c6-b76a08d23dfd', 97, DEFAULT, DEFAULT), ('ede942ce-5022-581a-99ff-f8ebb6d10d8a', 'Aliqua Ipsum', 'ab4eb860-b9b9-58f5-84c6-b76a08d23dfd', 96, DEFAULT, DEFAULT), ('92275f25-82bb-5155-9ec4-713c75fa7c14', 'Eiusmod', 'ab4eb860-b9b9-58f5-84c6-b76a08d23dfd', 97, DEFAULT, DEFAULT), ('96b48c96-9efc-5ca4-902e-209874bfdb15', 'Ullamco Nisi', 'ab4eb860-b9b9-58f5-84c6-b76a08d23dfd', 96, DEFAULT, DEFAULT), ('98bf31df-37fd-5af6-86dd-8686cdc35eeb', 'Irure', 'dd9140ad-b92d-5673-a8c2-8b1c4e3e8697', 96, DEFAULT, DEFAULT), ('ae956930-bebe-5aad-83f8-b8d0cae36371', 'Excepteur Fugiat Ut', 'dd9140ad-b92d-5673-a8c2-8b1c4e3e8697', 97, DEFAULT, DEFAULT), ('e20720a7-b660-50e0-8da5-8784fa26a31d', 'Excepteur Mollit Lab', 'dd9140ad-b92d-5673-a8c2-8b1c4e3e8697', 96, DEFAULT, DEFAULT), ('2dbccffd-e7a5-5653-9dc6-18e988716abe', 'Voluptate Excepteur', 'dd9140ad-b92d-5673-a8c2-8b1c4e3e8697', 96, DEFAULT, DEFAULT), ('d905224a-1767-5e97-ad1a-f223ab64cd44', 'Dolore', 'dd9140ad-b92d-5673-a8c2-8b1c4e3e8697', 97, DEFAULT, DEFAULT), ('051188d3-54fa-59f4-adc8-b929fcb2c826', 'Quis Ad', 'dd9140ad-b92d-5673-a8c2-8b1c4e3e8697', 96, DEFAULT, DEFAULT), ('94daea14-9b93-5933-9044-5ccc1eb32f8f', 'Commodo', '78de8c0c-fe2d-50bd-afca-68bed9f87cd0', 96, DEFAULT, DEFAULT), ('dc58dd7b-bb54-5abe-8208-becc5e0561ad', 'Occaecat Deserunt', '78de8c0c-fe2d-50bd-afca-68bed9f87cd0', 97, DEFAULT, DEFAULT), ('63e38d08-3dd9-5569-ab28-f70e94b3cdb7', 'Laboris Anim', '78de8c0c-fe2d-50bd-afca-68bed9f87cd0', 97, DEFAULT, DEFAULT), ('7f78fee3-dd27-5696-858f-318bd4cbf2a8', 'Magna Minim', '78de8c0c-fe2d-50bd-afca-68bed9f87cd0', 96, DEFAULT, DEFAULT), ('1716ac71-f35f-52a7-acdc-316247462f37', 'Duis Nostrud', '78de8c0c-fe2d-50bd-afca-68bed9f87cd0', 97, DEFAULT, DEFAULT), ('286a711e-ae86-5be5-9195-1d963e0504f7', 'Ex Do', '78de8c0c-fe2d-50bd-afca-68bed9f87cd0', 96, DEFAULT, DEFAULT), ('59d8bfe4-2c84-5707-a356-dbe1eb5eec54', 'Sit', '78de8c0c-fe2d-50bd-afca-68bed9f87cd0', 96, DEFAULT, DEFAULT), ('17ec9179-4e96-5f11-9df0-6e4c2363b3ee', 'Velit', '78de8c0c-fe2d-50bd-afca-68bed9f87cd0', 97, DEFAULT, DEFAULT), ('c3e14b56-bb45-5c55-9863-26dca8b4795e', 'Duis', '78de8c0c-fe2d-50bd-afca-68bed9f87cd0', 96, DEFAULT, DEFAULT), ('6adbfe77-3519-54e6-9e12-eef5b2e20ee7', 'Deserunt', '78de8c0c-fe2d-50bd-afca-68bed9f87cd0', 96, DEFAULT, DEFAULT), ('59fbbc7c-edc9-5d3c-9170-cf6acabbcd28', 'Consequat', '81e51b22-aab8-5050-a735-aa5917f8771b', 97, DEFAULT, DEFAULT), ('7bf99080-cdc6-5456-b6d5-417e28b4eba5', 'Officia Nisi Cillum', '81e51b22-aab8-5050-a735-aa5917f8771b', 97, DEFAULT, DEFAULT), ('d2f08d89-447f-5d3d-96e5-385ed888c091', 'Sint', '81e51b22-aab8-5050-a735-aa5917f8771b', 96, DEFAULT, DEFAULT), ('9e6824f3-dac2-540f-9e3d-8797171dab14', 'Qui Laborum', '81e51b22-aab8-5050-a735-aa5917f8771b', 97, DEFAULT, DEFAULT), ('c15a1a93-cc16-5536-8ab0-42ef9626e379', 'Esse Occaecat Dolore', '81e51b22-aab8-5050-a735-aa5917f8771b', 96, DEFAULT, DEFAULT), ('df90352f-468b-5345-9b3e-522b747ccf55', 'Fugiat', '81e51b22-aab8-5050-a735-aa5917f8771b', 97, DEFAULT, DEFAULT), ('d1b6355b-0594-5d07-b55b-72d2c66a1391', 'Incididunt Do', 'f6cb58dd-a0aa-5d2b-8ce5-200e44be4f36', 97, DEFAULT, DEFAULT), ('77085b75-b014-57d0-8618-9cc95436a25e', 'Cupidatat', 'f6cb58dd-a0aa-5d2b-8ce5-200e44be4f36', 96, DEFAULT, DEFAULT), ('2f76c526-de17-58f1-a75e-aee239f7ed57', 'Id Tempor', 'f6cb58dd-a0aa-5d2b-8ce5-200e44be4f36', 96, DEFAULT, DEFAULT), ('3d4df0ce-5a7f-53e4-b486-95faf0a09720', 'Aliqua Nisi', 'f6cb58dd-a0aa-5d2b-8ce5-200e44be4f36', 97, DEFAULT, DEFAULT), ('d6d4ebe8-fe3c-5e62-98d8-e678f356450c', 'In Adipisicing', 'f6cb58dd-a0aa-5d2b-8ce5-200e44be4f36', 97, DEFAULT, DEFAULT), ('5dedc9b9-eec3-5ace-a95b-d7817834d9af', 'Adipisicing Qui', 'f6cb58dd-a0aa-5d2b-8ce5-200e44be4f36', 96, DEFAULT, DEFAULT), ('79ef5172-d3d7-5e61-9d71-a40b27651163', 'Sint Incididunt In', 'f6cb58dd-a0aa-5d2b-8ce5-200e44be4f36', 96, DEFAULT, DEFAULT), ('750322e1-101b-5f9e-b670-d325392f4504', 'Consequat', 'f6cb58dd-a0aa-5d2b-8ce5-200e44be4f36', 96, DEFAULT, DEFAULT), ('97c3fd61-b55d-5134-8f04-cf53a8a45634', 'Amet Commodo', 'f6cb58dd-a0aa-5d2b-8ce5-200e44be4f36', 97, DEFAULT, DEFAULT), ('3c0af99e-82a0-5346-8da5-2d2825b8a66d', 'Tempor', '48ed64cc-01ce-5cc6-8ffd-8d552f857570', 97, DEFAULT, DEFAULT), ('7c0f6282-7933-5431-8e88-9d2b9f09f272', 'Et Consectetur Sunt', '48ed64cc-01ce-5cc6-8ffd-8d552f857570', 96, DEFAULT, DEFAULT), ('c97097d9-c6b8-5a50-931a-369c86f1535e', 'Et Elit', '48ed64cc-01ce-5cc6-8ffd-8d552f857570', 97, DEFAULT, DEFAULT), ('9f26eece-7e59-5b46-a98b-848dc55a0cda', 'Eiusmod Sit', '48ed64cc-01ce-5cc6-8ffd-8d552f857570', 96, DEFAULT, DEFAULT), ('75b1f4f3-d352-56de-83dd-e679684b060c', 'Cillum Reprehenderit', '48ed64cc-01ce-5cc6-8ffd-8d552f857570', 97, DEFAULT, DEFAULT), ('09bca3f4-0d37-5f5a-b637-9d7942a17cff', 'Dolore', '0cb21e27-1e4d-50c9-bd0d-f6696d98b44c', 96, DEFAULT, DEFAULT), ('2ca679b7-4687-5422-ac57-c89cfa36e3c8', 'Consectetur Adipisic', '0cb21e27-1e4d-50c9-bd0d-f6696d98b44c', 96, DEFAULT, DEFAULT), ('ba60341e-ffca-5a8d-85d2-58afc6ff269c', 'Laboris Veniam Repre', '0cb21e27-1e4d-50c9-bd0d-f6696d98b44c', 96, DEFAULT, DEFAULT), ('deab978c-4953-507c-b4fb-f509dd35f454', 'Do Nulla', '0cb21e27-1e4d-50c9-bd0d-f6696d98b44c', 96, DEFAULT, DEFAULT), ('c379a417-3b5c-5e05-a7ca-c545e0d33c70', 'Quis Quis Commodo', '0cb21e27-1e4d-50c9-bd0d-f6696d98b44c', 97, DEFAULT, DEFAULT), ('21d7354f-afef-5425-9907-92a0ff9e7110', 'Do Pariatur', '0cb21e27-1e4d-50c9-bd0d-f6696d98b44c', 96, DEFAULT, DEFAULT), ('e25e0c45-28e1-5923-b63d-64b8ddeff422', 'Tempor Commodo', '0cb21e27-1e4d-50c9-bd0d-f6696d98b44c', 97, DEFAULT, DEFAULT), ('51a084b6-d183-5fbc-beeb-9d670865e2cb', 'Ex Anim', '0cb21e27-1e4d-50c9-bd0d-f6696d98b44c', 96, DEFAULT, DEFAULT), ('831f051c-863e-5783-acbb-10017cb1c3ce', 'Fugiat Deserunt Eu', '0cb21e27-1e4d-50c9-bd0d-f6696d98b44c', 97, DEFAULT, DEFAULT), ('061a9df6-5f3b-55cf-9879-eec1a4061457', 'Ut', '29d37d99-954e-5434-8e90-9d564d65e434', 97, DEFAULT, DEFAULT), ('f8fbdff1-11b4-54fa-ab90-292d82d3d353', 'Aute', '29d37d99-954e-5434-8e90-9d564d65e434', 97, DEFAULT, DEFAULT), ('3af5be38-b117-5675-8d7a-e27a1a34e8a8', 'Reprehenderit Amet', '29d37d99-954e-5434-8e90-9d564d65e434', 96, DEFAULT, DEFAULT), ('ab07c47c-511a-5092-acb9-cbf862e0076b', 'Voluptate Pariatur', '29d37d99-954e-5434-8e90-9d564d65e434', 97, DEFAULT, DEFAULT), ('6653ef95-0532-561d-a71b-05f5c1bc302b', 'Lorem Elit Minim', '64957ee8-7d0b-54ac-82da-6c959456806c', 96, DEFAULT, DEFAULT), ('a9072b83-7976-58e9-a9c4-45664532f42e', 'Est Non', '64957ee8-7d0b-54ac-82da-6c959456806c', 97, DEFAULT, DEFAULT), ('1bdf6d4a-906f-5da5-b91f-35917468bf74', 'Et', '64957ee8-7d0b-54ac-82da-6c959456806c', 96, DEFAULT, DEFAULT), ('830a4bb5-d929-5c1b-94fc-74a53795cc52', 'Deserunt', '64957ee8-7d0b-54ac-82da-6c959456806c', 97, DEFAULT, DEFAULT), ('0f271189-6f05-5fbd-95b4-ad7e10a0703b', 'Exercitation Dolor I', '64957ee8-7d0b-54ac-82da-6c959456806c', 96, DEFAULT, DEFAULT), ('f754848a-9cd5-551c-9bb4-aa81e33b42af', 'Dolore Nisi', '64957ee8-7d0b-54ac-82da-6c959456806c', 97, DEFAULT, DEFAULT), ('95f6e66b-0348-54f6-ae25-2030a33390b2', 'Esse Velit', '64957ee8-7d0b-54ac-82da-6c959456806c', 96, DEFAULT, DEFAULT), ('fc24b2c3-8978-588b-9aec-94430d8caa06', 'Ad Excepteur', '64957ee8-7d0b-54ac-82da-6c959456806c', 96, DEFAULT, DEFAULT), ('da67a96b-9942-5dc8-b342-59c6ccb73527', 'Anim Enim', '64957ee8-7d0b-54ac-82da-6c959456806c', 96, DEFAULT, DEFAULT);
UPDATE public.team SET plan_id = 34 WHERE id = '7c2c4732-09c1-5f7b-87ca-c53e7497b4ef';
UPDATE public.team SET plan_id = 34 WHERE id = 'f50563b6-8532-51ec-b121-d8c6bca3e897';
UPDATE public.team SET plan_id = 34 WHERE id = 'f1bf295c-195b-5a42-9c6b-5bfa14b58307';
UPDATE public.team SET plan_id = 34 WHERE id = 'e0eebbc8-63c9-5fee-b088-b3310b672c35';
UPDATE public.team SET plan_id = 34 WHERE id = '1c17c04a-19f5-5c48-8b6b-48fe02257ffb';
UPDATE public.team SET plan_id = 34 WHERE id = 'a2996c99-b8bb-5bf6-b789-844e821ceb82';
UPDATE public.team SET plan_id = 34 WHERE id = '5d016028-a6a3-5268-91a3-91021dbfda0a';
UPDATE public.team SET plan_id = 34 WHERE id = 'b279891e-05aa-528b-867b-dd6fe5fa77c8';
UPDATE public.team SET plan_id = 34 WHERE id = 'ff53868f-9940-575d-8fa8-923808f93a53';
UPDATE public.team SET plan_id = 34 WHERE id = '8172203a-00e7-5e0e-919b-2970e0d891df';
UPDATE public.team SET plan_id = 34 WHERE id = '7b5ee10b-959f-565b-9dac-a4bab4f6c6bf';
UPDATE public.team SET plan_id = 34 WHERE id = '38400370-0369-5239-8b08-499aef0591ef';
UPDATE public.team SET plan_id = 34 WHERE id = '77394b64-1ec1-5043-8dc3-08f9200521d4';
UPDATE public.team SET plan_id = 34 WHERE id = '56ea9a57-3786-5a49-9700-501eb57a1328';
UPDATE public.team SET plan_id = 34 WHERE id = '731fb763-1773-5758-b8dd-d75381b0e72a';
UPDATE public.team SET plan_id = 34 WHERE id = '068fd5c6-1552-54ac-ade0-1a1e4b095f08';
UPDATE public.team SET plan_id = 34 WHERE id = '397d9892-31da-5629-a035-14fcfec8983a';
UPDATE public.team SET plan_id = 35 WHERE id = '5e20f9a8-7b26-5a5f-8426-6b12c182d23c';
UPDATE public.team SET plan_id = 35 WHERE id = '53fe0e9e-3358-5722-b994-4faad8733cd3';
UPDATE public.team SET plan_id = 35 WHERE id = 'e4834379-a7a0-5f41-8193-f598072b1c83';
UPDATE public.team SET plan_id = 35 WHERE id = 'a9f91eda-269f-54d0-83de-05f0c2ecbf08';
UPDATE public.team SET plan_id = 35 WHERE id = 'c0062d28-74ce-56b0-8124-852c5c4cdd1f';
UPDATE public.team SET plan_id = 35 WHERE id = 'a1d779f7-e622-5cd1-b766-eb2b7925b3c0';
UPDATE public.team SET plan_id = 35 WHERE id = 'bd4e2ea6-e7d4-5655-93cc-d1ed71c3483c';
UPDATE public.team SET plan_id = 35 WHERE id = 'fb2f612f-57ab-526e-8b57-f5de07942107';
UPDATE public.team SET plan_id = 35 WHERE id = '38cee772-792e-54fe-ae0f-d62f75f71c11';
UPDATE public.team SET plan_id = 35 WHERE id = '60f279f1-b04c-57b1-b6aa-b71a8811c6ab';
UPDATE public.team SET plan_id = 35 WHERE id = 'b5d35d7e-f19e-568e-9efe-911f779c892f';
UPDATE public.team SET plan_id = 35 WHERE id = '3db3509a-5565-5145-aa2d-eb656db639a3';
UPDATE public.team SET plan_id = 35 WHERE id = '16b2ddd9-4627-52fa-8115-8453cfa39374';
UPDATE public.team SET plan_id = 35 WHERE id = '235fae27-2669-539e-8784-3dcbaac570cc';
UPDATE public.team SET plan_id = 35 WHERE id = '85a272fe-9de3-5543-919e-647cccb82b15';
UPDATE public.team SET plan_id = 35 WHERE id = '0ff7c90f-7522-5b63-9234-348cf37ff0b7';
UPDATE public.team SET plan_id = 35 WHERE id = '350ffb75-0a57-59e5-a5c9-179e6696dca6';
UPDATE public.team SET plan_id = 35 WHERE id = '8f618935-0709-51d9-a788-ed5bf31c7cb5';
UPDATE public.team SET plan_id = 36 WHERE id = '782f7eda-e535-5ab3-8415-643126d3b0fa';
UPDATE public.team SET plan_id = 36 WHERE id = '5daf6f25-3b97-5f49-8f75-4ba5d1d74cd3';
UPDATE public.team SET plan_id = 36 WHERE id = '3788fdae-c690-5563-abac-18b51e4d210f';
UPDATE public.team SET plan_id = 36 WHERE id = '177ae72e-41a6-5325-80d6-452827ea5918';
UPDATE public.team SET plan_id = 36 WHERE id = 'c0a2f5c4-7781-5310-ad3c-e7b9f41a7ace';
UPDATE public.team SET plan_id = 36 WHERE id = '71c019c0-f4c8-51ac-bfff-4141eabf85f3';
UPDATE public.team SET plan_id = 36 WHERE id = 'ab4eb860-b9b9-58f5-84c6-b76a08d23dfd';
UPDATE public.team SET plan_id = 36 WHERE id = 'dd9140ad-b92d-5673-a8c2-8b1c4e3e8697';
UPDATE public.team SET plan_id = 36 WHERE id = '78de8c0c-fe2d-50bd-afca-68bed9f87cd0';
UPDATE public.team SET plan_id = 36 WHERE id = '81e51b22-aab8-5050-a735-aa5917f8771b';
UPDATE public.team SET plan_id = 36 WHERE id = 'f6cb58dd-a0aa-5d2b-8ce5-200e44be4f36';
UPDATE public.team SET plan_id = 36 WHERE id = '48ed64cc-01ce-5cc6-8ffd-8d552f857570';
UPDATE public.team SET plan_id = 36 WHERE id = '0cb21e27-1e4d-50c9-bd0d-f6696d98b44c';
UPDATE public.team SET plan_id = 36 WHERE id = '29d37d99-954e-5434-8e90-9d564d65e434';
UPDATE public.team SET plan_id = 36 WHERE id = '64957ee8-7d0b-54ac-82da-6c959456806c';
SELECT setval('"public"."plan_id_seq"'::regclass, (SELECT MAX("id") FROM "public"."plan"));
INSERT INTO public.arena (id,game_id,name,metadata,created_at,updated_at) VALUES (111, 97, 'Silverlake Stadium', '{"A":"Sed explicem"}', DEFAULT, DEFAULT), (112, 96, 'Downtown Plaza Pavilion', '{"In":"Adiuvet ne bonare"}', DEFAULT, DEFAULT), (113, 97, 'Bayshore Pavilion', '{"Se":"Petu ad causam"}', DEFAULT, DEFAULT), (114, 96, 'Sunset Stadium', '{"Es":"Videntur aut"}', DEFAULT, DEFAULT), (115, 97, 'Downtown Square Pavilion', '{"Tamenti":"Adipsa dolorem veris"}', DEFAULT, DEFAULT), (116, 97, 'Oceanfront Amphitheater', '{"Non":"Reliqua voluptatem"}', DEFAULT, DEFAULT), (117, 97, 'Main Square Arena', '{"Ut":"Dolor quo"}', DEFAULT, DEFAULT), (118, 97, 'Southbank Arena', '{"Omnino":"Synephebosop acut sicut"}', DEFAULT, DEFAULT), (119, 96, 'Waterfront Amphitheater', '{"Alest":"Ipse pertur voluptate"}', DEFAULT, DEFAULT), (120, 96, 'Meadowbrook Pavilion', '{"A":"Voluptatib posse quae"}', DEFAULT, DEFAULT);
SELECT setval('"public"."arena_id_seq"'::regclass, (SELECT MAX("id") FROM "public"."arena"));
INSERT INTO public.blueprint (id,book_id,arena_id,visibility,name,tags,data,created_at,updated_at) VALUES ('fd4a2d4e-8569-59ca-837d-fb7fa0ab1be1', '59558fa1-9cc0-5e85-a331-879d76e07f05', 115, 'public', 'Roaming Support Plan', '{"eiusmod minim ipsum","proident"}', DEFAULT, DEFAULT, DEFAULT), ('e0502ed9-8194-54d4-be5d-43176e2a7438', '5f8bded8-ad94-5bf0-a04e-2f886fa6f9e2', 118, 'unlisted', 'Roaming Support Plan', '{"labore","laboris ullamco culpa nisi","ullamco ad nostrud nostrud"}', DEFAULT, DEFAULT, DEFAULT), ('cba89714-5b1d-590f-92a2-27cfb555b7e4', 'b67e09de-df70-515b-91d0-6e53f3b4a58a', 114, 'public', 'Gank Heavy Approach', '{"esse sint minim duis dolore","ad reprehenderit minim ad","incididunt id reprehenderit","magna qui irure consequat","sunt enim","sunt ea eiusmod labore","irure exercitation occaecat","aliquip officia culpa excepteur "}', DEFAULT, DEFAULT, DEFAULT), ('497b8842-fb80-5638-ba6f-3f3e64daa06b', '110efd29-2979-5c30-b41f-b3bf832f48cd', 112, 'public', 'Map Control Blueprint', '{"laboris sit tempor elit","tempor exercitation anim in mini","magna nostrud cupidatat","proident ipsum nostrud"}', DEFAULT, DEFAULT, DEFAULT), ('75fbf0dd-b3c9-5513-87f0-9d9a9004f64c', '76980724-1543-5820-bc77-ff5f445e7244', 113, 'private', 'Baron Control Strategy', '{"laboris tempor","commodo proident sint","excepteur deserunt elit","aute officia esse enim","laboris duis"}', DEFAULT, DEFAULT, DEFAULT), ('0352b4c9-6de9-5702-929d-3d622c6456a1', 'abb263e9-94ea-55ef-ab20-c943f05d5965', 114, 'public', 'Rotation Strategy Document', '{"deserunt laborum laboris laboris","culpa cillum sit veniam","fugiat et qui","proident velit ipsum adipisicing","consectetur proident ex reprehen","dolore velit velit","laborum aute excepteur","sunt aliqua"}', DEFAULT, DEFAULT, DEFAULT), ('1e701d2b-566c-5f82-8280-a2a9d02ee590', 'ae956930-bebe-5aad-83f8-b8d0cae36371', 114, 'unlisted', 'Early Game Dominance Guide', '{"dolore commodo incididunt","anim est cupidatat qui","do voluptate","cupidatat est deserunt incididun","commodo laborum Lorem amet dolor","culpa labore fugiat adipisicing","laborum nisi Lorem"}', DEFAULT, DEFAULT, DEFAULT), ('f04c0ed1-b624-5092-8b98-dae6fff857dc', '2c5573d9-9522-50a1-b9d9-3ef48e8629b4', 116, 'private', 'Early Game Dominance Guide', '{"occaecat nisi aliqua","magna irure nostrud","in amet adipisicing irure","aliquip mollit exercitation","Lorem laboris nisi laborum","in mollit","laboris occaecat est","ea enim nostrud"}', DEFAULT, DEFAULT, DEFAULT), ('7eef79d9-ea6c-5417-b347-09dbcb8b4c78', 'e2b744a0-a170-5a87-828d-34cc6f64ca05', 113, 'unlisted', 'Roaming Support Plan', '{"exercitation velit","amet cillum sint","veniam enim ut"}', DEFAULT, DEFAULT, DEFAULT), ('3aff3e37-0331-5c7a-a0f5-1b6595c2ad7b', '9b1fc781-1e4e-56d2-bd68-0dc257a319c0', 119, 'public', 'Baron Control Strategy', '{"commodo non","sunt","pariatur irure do","pariatur reprehenderit in sint o","ipsum"}', DEFAULT, DEFAULT, DEFAULT), ('7c0cf1d4-d57d-5092-a3f0-ca49e04ace52', 'cf1d2e5e-3a18-5518-8e4c-387978992b8a', 113, 'public', 'Roaming Support Plan', '{"do occaecat","est velit id ipsum","enim mollit irure ullamco","sint aliqua cupidatat veniam"}', DEFAULT, DEFAULT, DEFAULT), ('26c80d6d-0d6f-5fb2-8296-8b5e9e1fdeb7', 'e5b4727f-be5e-52c0-83cb-cb7ba230945f', 120, 'unlisted', 'Early Game Dominance Guide', '{"ullamco","et labore reprehenderit"}', DEFAULT, DEFAULT, DEFAULT), ('310ccf44-859c-5587-8001-5aa84afb3236', 'cca70ca2-d109-5c60-965d-ab86b151a58f', 117, 'private', 'Wave Management Plan', '{"minim sint deserunt laborum","officia proident","minim tempor Lorem ex","consequat sint do nulla","culpa nostrud","do culpa exercitation sunt sit","pariatur quis ex do","sunt","labore elit in","anim veniam"}', DEFAULT, DEFAULT, DEFAULT), ('c6131a0d-c1ea-5dce-8460-c91026e41f9f', 'a5831e58-2fc9-5b59-970d-00c344a4eb18', 117, 'public', 'Siege Tactics Handbook', '{"elit dolore irure irure","ullamco nostrud non consectetur","sint incididunt","laboris amet nostrud","sint consequat","consequat commodo minim anim","tempor consequat enim qui","officia commodo nulla"}', DEFAULT, DEFAULT, DEFAULT), ('054eb394-a081-59a1-b613-e1c8bbcc6250', '98b30307-7ea7-5b6c-b9e4-560fe08299de', 113, 'public', 'Counter Pick Blueprint', '{"in consequat pariatur","sit","ex","pariatur non sit","velit in amet ex consectetur","consectetur velit eiusmod","reprehenderit non pariatur","amet labore deserunt","velit in elit elit"}', DEFAULT, DEFAULT, DEFAULT), ('4cb602e9-b66f-5f7e-a7a1-71729454372c', '5ce2b37b-2cd7-53c4-b07c-dfc90bd52dd1', 118, 'unlisted', 'Rotation Strategy Document', '{"eiusmod adipisicing nostrud eius","cupidatat laboris","nisi occaecat","deserunt amet in occaecat","culpa occaecat","magna ut ullamco","amet consectetur nostrud tempor","in aute nulla cupidatat ullamco","est elit","excepteur dolore excepteur"}', DEFAULT, DEFAULT, DEFAULT), ('8ed312f8-fa19-5305-a78e-7cdee2dc9e00', '061a9df6-5f3b-55cf-9879-eec1a4061457', 119, 'private', 'Aggressive Rush Strategy', '{"officia cillum dolore incididunt","ut sit","aliquip id do","elit incididunt","do culpa eu occaecat","magna","elit incididunt non"}', DEFAULT, DEFAULT, DEFAULT), ('c9bad04c-3d6e-5efe-9540-7763dde57640', 'b5f933d0-c28e-517c-9fca-d9e38dc742a2', 119, 'private', 'Objective Focused Strategy', '{"eiusmod","est","commodo excepteur quis ipsum","consectetur consequat","voluptate ut aute minim"}', DEFAULT, DEFAULT, DEFAULT), ('7a350dde-d215-538c-bfd3-d5cdd8b40555', 'e334db45-3389-5a47-b7c9-4ff8121637b5', 120, 'public', 'Counter Pick Blueprint', '{"irure et deserunt","nostrud ipsum","nostrud in ex","cupidatat magna ad quis","Lorem sint ipsum officia"}', DEFAULT, DEFAULT, DEFAULT), ('bd6c4dd0-06e8-56ab-abd6-6e9e777c13a7', 'ccd28d41-9086-5b64-b351-585431787bb7', 114, 'public', 'Counter Pick Blueprint', '{"reprehenderit ex","veniam fugiat nulla voluptate","id tempor aliquip","sunt voluptate","veniam exercitation ad","ex cillum id qui"}', DEFAULT, DEFAULT, DEFAULT), ('844103e5-8cf8-5795-8a63-ccecfc3e2001', '29b47b7e-4cec-5d5a-b93d-172770b57ed6', 116, 'public', 'Gank Heavy Approach', '{"occaecat irure et"}', DEFAULT, DEFAULT, DEFAULT), ('582d0ca1-76cc-5500-9dd8-190ab817072d', '95c65795-b9a1-572f-87ae-6fa70b020fbb', 119, 'private', 'Vision Control Blueprint', '{"cupidatat aute consequat consect","sit consectetur","sit"}', DEFAULT, DEFAULT, DEFAULT), ('9012aa86-f8a2-5033-82d5-336bcaa03c26', '6c52c1d9-13a4-51ef-ae51-1dacc4c14be9', 120, 'public', 'Siege Tactics Handbook', '{"deserunt","sit aliquip adipisicing mollit"}', DEFAULT, DEFAULT, DEFAULT), ('746bb5ad-439a-519a-90ef-991641df1623', '96de0eb2-a6db-5c9a-be1f-e40d45f16e98', 118, 'unlisted', 'Late Game Scaling Strategy', '{"sunt veniam consequat","aliquip reprehenderit reprehende","irure commodo ut culpa sunt","et esse excepteur et","elit dolore laboris","ipsum proident exercitation"}', DEFAULT, DEFAULT, DEFAULT), ('b1bab82d-de7c-55e3-8115-1651b8f68765', '2764351d-73bf-5124-a613-660cd57f91dd', 112, 'private', 'Secure Objective Playbook', '{"aliquip est aliquip","occaecat sint ullamco irure"}', DEFAULT, DEFAULT, DEFAULT), ('0145500d-2ab2-5c49-9cea-edd711ce1cc9', 'd36b7a55-d6b7-5955-bd46-7839332db245', 114, 'unlisted', 'Aggressive Rush Strategy', '{"veniam","aliqua sit officia","et culpa","nulla dolore quis id"}', DEFAULT, DEFAULT, DEFAULT), ('703c3370-90fb-5d22-8365-f34357b3ffb8', '097c4d8e-94d3-5fd3-94ca-7bbb66cf6929', 117, 'private', 'Rotation Strategy Document', '{"id sint mollit sint","consequat dolor","ea eu consequat aute","dolore aliquip id labore","qui quis in","fugiat dolore non elit","cupidatat officia exercitation L","amet consectetur adipisicing ali"}', DEFAULT, DEFAULT, DEFAULT), ('fd862b26-fe8c-52d0-b06e-3c9f938bd3ab', 'adda5bbb-2250-5600-8e2e-f8d227ba8e95', 117, 'public', 'Jungle Control Playbook', '{"reprehenderit","amet","commodo in ex velit","aliqua aliquip","commodo esse cillum","sint duis","labore in sunt"}', DEFAULT, DEFAULT, DEFAULT), ('70415515-b81b-59ef-a1ed-18578b73b7ae', 'ab07c47c-511a-5092-acb9-cbf862e0076b', 118, 'private', 'Baron Control Strategy', '{"irure pariatur","officia occaecat nostrud exercit","laborum mollit quis minim minim","excepteur et aliquip","minim","nostrud aute consectetur mollit","occaecat sint nostrud elit molli"}', DEFAULT, DEFAULT, DEFAULT), ('c5558815-aa72-5938-a7c8-62ae2c1a039c', '644bfc5c-cf27-5d76-8355-4e4c8d73061f', 118, 'public', 'Secure Objective Playbook', '{"et nostrud pariatur","incididunt veniam","irure Lorem exercitation tempor","eiusmod cupidatat cillum elit","dolore excepteur reprehenderit f","sint ullamco ex minim","reprehenderit","consectetur"}', DEFAULT, DEFAULT, DEFAULT), ('703bbd20-9625-5bd7-8aa3-5ead0245fe50', 'c801d235-e02a-5267-8201-eecb86948b65', 111, 'unlisted', 'Objective Focused Strategy', '{"eiusmod exercitation","ex sit elit esse","culpa id laborum","commodo minim pariatur dolore","eu incididunt"}', DEFAULT, DEFAULT, DEFAULT), ('68ff3d82-b6b6-5053-9e74-aa9b346dd8d1', '1497705a-df0e-5f8d-988d-61adba7199e0', 120, 'private', 'Wave Management Plan', '{}', DEFAULT, DEFAULT, DEFAULT), ('522e120d-7e21-504a-9c96-99e429197e5a', '79ef5172-d3d7-5e61-9d71-a40b27651163', 117, 'unlisted', 'Counter Pick Blueprint', '{"velit pariatur ipsum","in sunt","aliqua elit","Lorem","nulla nisi adipisicing magna","adipisicing ut veniam","velit pariatur aute","mollit fugiat enim","qui nostrud ut sit","fugiat officia pariatur"}', DEFAULT, DEFAULT, DEFAULT), ('54b879fc-04e4-53b3-8cec-0174fc0ccd34', '6ec75264-eddd-5d93-b46a-ea1447200d4d', 115, 'private', 'Counter Pick Blueprint', '{"sint non","Lorem labore exercitation","non labore","nisi sint tempor","eu ex qui ad","in quis dolore Lorem","exercitation aliqua magna qui"}', DEFAULT, DEFAULT, DEFAULT), ('fb90b354-0ae1-59da-9637-61f6c5ed3fb9', '09bca3f4-0d37-5f5a-b637-9d7942a17cff', 114, 'public', 'Secure Objective Playbook', '{"occaecat ad et ut","officia dolor minim mollit non","fugiat duis"}', DEFAULT, DEFAULT, DEFAULT), ('95b3988b-e14b-57a7-900d-4985cb116f17', '882c7ae5-914f-539d-8207-691de536097f', 116, 'private', 'Gank Heavy Approach', '{"nostrud irure ea","consequat ipsum","aliquip aliquip","magna","pariatur in commodo","mollit consequat aute","adipisicing voluptate elit incid","ex"}', DEFAULT, DEFAULT, DEFAULT), ('7d1face3-2e87-52f5-9623-fff9de0a6539', '19495f2f-99a6-5394-9596-a1d3fb0d3196', 119, 'public', 'Map Control Blueprint', '{"nostrud fugiat eiusmod","proident reprehenderit pariatur ","minim irure excepteur sint","cillum adipisicing quis occaecat","amet duis","aliquip do"}', DEFAULT, DEFAULT, DEFAULT), ('e8bf9a25-132d-5d46-b40a-d08534be6c9f', 'd36b7a55-d6b7-5955-bd46-7839332db245', 111, 'unlisted', 'Counter Pick Blueprint', '{"proident tempor proident eu","voluptate est anim duis eu","esse consectetur in"}', DEFAULT, DEFAULT, DEFAULT), ('29a560e9-84d9-5f41-9b09-76969cbfb144', '5ce2b37b-2cd7-53c4-b07c-dfc90bd52dd1', 112, 'public', 'Counter Pick Blueprint', '{"minim minim consectetur proident","magna laborum est"}', DEFAULT, DEFAULT, DEFAULT), ('d9c4b302-5ab0-5114-8120-41d1876c7eb9', '9e6824f3-dac2-540f-9e3d-8797171dab14', 117, 'public', 'Objective Focused Strategy', '{"consequat incididunt","ut","mollit eu","adipisicing cillum aute ullamco","consectetur enim consequat labor","elit sit consectetur","nostrud id laboris amet","irure aliquip incididunt ut","laborum duis non laboris","eiusmod"}', DEFAULT, DEFAULT, DEFAULT), ('ca1b9e1e-f7c0-5c4a-a566-aabf3f7ebb80', '225b2186-bb16-5b0a-b7be-47fd3c5a5cf9', 113, 'unlisted', 'Vision Denial Blueprint', '{"nostrud dolor eiusmod","ex cupidatat","deserunt labore","Lorem pariatur dolore","aliquip elit magna cillum","eu mollit adipisicing","ea","cillum","aliquip minim tempor"}', DEFAULT, DEFAULT, DEFAULT), ('cde91e33-9c71-56e0-b19e-f2372fa577cf', '2c5573d9-9522-50a1-b9d9-3ef48e8629b4', 120, 'private', 'Secure Objective Playbook', '{"ex fugiat cillum irure excepteur","consequat occaecat","non enim amet veniam","aute consequat voluptate aute","mollit id","pariatur elit fugiat","quis laborum","tempor et"}', DEFAULT, DEFAULT, DEFAULT), ('013547e4-326e-5221-8377-310093ccf53a', '21d7354f-afef-5425-9907-92a0ff9e7110', 120, 'private', 'Rotation Strategy Document', '{"nulla laboris"}', DEFAULT, DEFAULT, DEFAULT), ('50cffa66-dd91-5aed-8c46-1b76e488de31', '811570ef-0b81-508d-ba05-2f5e812d4131', 116, 'unlisted', 'Rotation Strategy Document', '{"aute minim est tempor","quis qui adipisicing Lorem","nulla culpa id tempor aute"}', DEFAULT, DEFAULT, DEFAULT), ('f550c2bf-a147-5e29-8a01-470336f387eb', 'e2b744a0-a170-5a87-828d-34cc6f64ca05', 116, 'unlisted', 'Map Control Blueprint', '{"in","ex esse"}', DEFAULT, DEFAULT, DEFAULT), ('a30e3d57-ad0a-594d-9622-8a2514b8110c', 'ac9f0e3e-b030-584f-a8dd-87355fe22537', 118, 'private', 'Roaming Support Plan', '{"cupidatat ipsum","nostrud aliquip officia"}', DEFAULT, DEFAULT, DEFAULT), ('cb76f565-509b-50d9-bbe4-5c6e7c9b0eb4', 'e20720a7-b660-50e0-8da5-8784fa26a31d', 120, 'unlisted', 'Secure Objective Playbook', '{"officia esse","deserunt do consequat ex","exercitation dolore proident id ","et commodo ipsum fugiat","magna veniam","commodo laboris fugiat","incididunt sunt qui laboris","adipisicing nulla sint"}', DEFAULT, DEFAULT, DEFAULT), ('a344c7b4-07e6-54df-b4ed-f27c7916e147', 'b5605791-3389-56c2-9ec6-17d538b9bb85', 112, 'public', 'Split Push Blueprint', '{"ea quis mollit laboris","minim proident elit","ex","voluptate enim commodo nisi","in nostrud officia incididunt no","officia","sit ex","occaecat pariatur fugiat quis ex","ad duis sunt do","non laborum"}', DEFAULT, DEFAULT, DEFAULT), ('6c40d2d3-07ad-5aa1-a5fa-cf5861475e5d', 'd905224a-1767-5e97-ad1a-f223ab64cd44', 115, 'unlisted', 'Team Fight Execution Plan', '{"non consectetur nostrud","pariatur cupidatat irure","laborum proident mollit sit","aute consequat non","ea occaecat ad","sit veniam esse consequat","ea nisi id officia nisi","in in amet eu est"}', DEFAULT, DEFAULT, DEFAULT), ('ba7460a4-9316-52e4-9e3a-05ee82b85e66', '1bdf6d4a-906f-5da5-b91f-35917468bf74', 115, 'unlisted', 'Split Push Blueprint', '{"aliqua occaecat laboris","ex eu irure duis fugiat","enim et dolor fugiat","sint ex irure","eiusmod ipsum mollit","minim nostrud","sunt ea"}', DEFAULT, DEFAULT, DEFAULT), ('fb3595df-62ad-5f54-ac34-3a578952555c', '8bad4601-c5dc-5d96-9ece-4ebbe2a83dfa', 119, 'public', 'Map Control Blueprint', '{"laboris minim officia sint","Lorem"}', DEFAULT, DEFAULT, DEFAULT), ('90edde40-1b87-5f75-90b9-68639fbcb2b8', '1d01e569-eec7-553a-916b-70c8b1d0f9ec', 118, 'unlisted', 'Map Control Blueprint', '{"labore","nisi ipsum elit","in dolor"}', DEFAULT, DEFAULT, DEFAULT), ('ea26a496-35d8-5f3f-a769-a80898ec7b17', 'ad276812-3b86-5425-b36a-d822f2860912', 112, 'unlisted', 'Aggressive Rush Strategy', '{"anim adipisicing non proident ve","ut labore magna labore","duis laboris in commodo sit","anim cillum amet","Lorem ex excepteur commodo","est aliquip"}', DEFAULT, DEFAULT, DEFAULT), ('035a0a25-d588-551c-9f76-4e9f593ffaf4', 'e5b4727f-be5e-52c0-83cb-cb7ba230945f', 119, 'public', 'Aggressive Rush Strategy', '{"laborum culpa veniam","in","ipsum laboris","cillum tempor ut nostrud","Lorem cupidatat eiusmod eiusmod "}', DEFAULT, DEFAULT, DEFAULT), ('e7f55997-6008-5d29-9f7f-564ab748cc59', 'b134c4e5-3e41-53b3-bf3f-7f4cf023e9d7', 118, 'private', 'Siege Tactics Handbook', '{"ullamco irure excepteur","sunt cillum minim veniam","laboris aute esse","sit"}', DEFAULT, DEFAULT, DEFAULT), ('396ce0bd-b3e1-5b3c-94ea-bb5357e1c76a', '17ec9179-4e96-5f11-9df0-6e4c2363b3ee', 119, 'unlisted', 'Roaming Support Plan', '{}', DEFAULT, DEFAULT, DEFAULT), ('4cb2c65b-80df-57cc-9c0d-6c346029b88f', '586daead-6daa-5df4-83cb-81b2e815d326', 115, 'public', 'Objective Focused Strategy', '{"quis excepteur ea","cillum deserunt Lorem"}', DEFAULT, DEFAULT, DEFAULT), ('8172dfee-2cce-5dee-9293-b6bd5f74d656', 'a9072b83-7976-58e9-a9c4-45664532f42e', 119, 'public', 'Team Fight Execution Plan', '{"eu sunt","reprehenderit reprehenderit","pariatur ullamco","tempor"}', DEFAULT, DEFAULT, DEFAULT), ('910e8e4b-af24-5f28-a2eb-631066a490eb', 'd3953f9f-e0f9-5aed-9d31-3f026a23da12', 118, 'public', 'Vision Denial Blueprint', '{"ex enim","magna mollit aliquip ullamco","nulla esse reprehenderit laborum","sit","laborum voluptate aute","ea nostrud","commodo ut","irure dolore"}', DEFAULT, DEFAULT, DEFAULT), ('150381a3-e791-54de-9419-0edac12fb9eb', 'c2916be7-afbf-5b1e-bf7a-6612306486ab', 112, 'public', 'Counter Pick Blueprint', '{"minim velit","laborum","veniam esse","dolore","laborum"}', DEFAULT, DEFAULT, DEFAULT), ('ddb37574-0dbe-5aa4-a5e8-b15242cefaff', '17ec9179-4e96-5f11-9df0-6e4c2363b3ee', 117, 'private', 'Counter Pick Blueprint', '{"est","duis est aliquip"}', DEFAULT, DEFAULT, DEFAULT), ('77fbdaed-4103-591b-82ee-3e3fa4b78a9b', '77085b75-b014-57d0-8618-9cc95436a25e', 120, 'public', 'Late Game Scaling Strategy', '{"amet exercitation est voluptate ","sunt nulla cillum","Lorem adipisicing"}', DEFAULT, DEFAULT, DEFAULT), ('0f1e8b42-396d-5765-be37-bce2ee646e04', 'b5f933d0-c28e-517c-9fca-d9e38dc742a2', 114, 'public', 'Defensive Turtle Tactics', '{}', DEFAULT, DEFAULT, DEFAULT), ('5308f8b3-4d4d-529a-bd7c-3a77ac4fe6ae', 'b32027db-33da-5dc2-b906-e0c2a06ac683', 117, 'public', 'Jungle Control Playbook', '{"excepteur minim adipisicing mini"}', DEFAULT, DEFAULT, DEFAULT), ('851e9ece-db38-530e-b3f9-f5e1d49a3b34', '8a0a556f-d942-55f0-8ba8-1ffbfaf3c6d9', 117, 'private', 'Gank Heavy Approach', '{"nisi non cupidatat eu","cillum nisi cillum amet","aliqua reprehenderit"}', DEFAULT, DEFAULT, DEFAULT), ('2189cd55-c657-5ce9-999a-da1a2dbf7ea0', '5ce056de-a21e-5eba-9d47-e09232047aae', 111, 'private', 'Late Game Scaling Strategy', '{}', DEFAULT, DEFAULT, DEFAULT), ('902d4a21-0657-5095-b741-ac0d408bb89e', '76980724-1543-5820-bc77-ff5f445e7244', 117, 'private', 'Early Game Dominance Guide', '{"ea proident","labore aute occaecat","eiusmod et proident cillum fugia","adipisicing cupidatat adipisicin","laborum nisi amet id ea","dolor veniam excepteur amet"}', DEFAULT, DEFAULT, DEFAULT), ('0d40f7c0-72b0-55c2-8e48-c6c65bd9815f', 'e4c44768-00c8-52e6-80f9-625972d5d9b9', 112, 'public', 'Map Control Blueprint', '{"officia in duis","incididunt culpa","adipisicing laboris amet","cillum et do","velit laboris do aute","reprehenderit","id","incididunt pariatur"}', DEFAULT, DEFAULT, DEFAULT), ('f09f5f0c-d6f4-5089-a919-82fdea15dad9', '6f98547a-4734-5cb4-82a1-cf5fc4e37c8d', 111, 'private', 'Vision Denial Blueprint', '{"sunt ad","anim do est voluptate","dolor exercitation et pariatur e","qui amet sit do","proident fugiat do mollit","anim et reprehenderit ex nostrud","commodo velit eiusmod ut","enim cupidatat proident cillum m"}', DEFAULT, DEFAULT, DEFAULT), ('9bfcf305-f3a4-5bed-9ee4-3f5ccf9e59af', '2c5573d9-9522-50a1-b9d9-3ef48e8629b4', 115, 'private', 'Early Game Dominance Guide', '{"duis nulla id dolor","nulla velit","id culpa ex"}', DEFAULT, DEFAULT, DEFAULT), ('2ff309f0-6726-5920-ad23-47ba58fd2525', '98bf31df-37fd-5af6-86dd-8686cdc35eeb', 118, 'unlisted', 'Counter Pick Blueprint', '{"non pariatur quis commodo except","fugiat adipisicing"}', DEFAULT, DEFAULT, DEFAULT), ('bac302d7-9e20-52d1-89cc-b0e99ef3b896', 'd3953f9f-e0f9-5aed-9d31-3f026a23da12', 112, 'public', 'Defensive Turtle Tactics', '{"non id proident ex sit","aliquip non culpa","voluptate consectetur","voluptate culpa","in quis anim et"}', DEFAULT, DEFAULT, DEFAULT), ('ef31ceeb-0f8d-5da0-ab9c-18045c420f99', '750322e1-101b-5f9e-b670-d325392f4504', 115, 'private', 'Defensive Turtle Tactics', '{}', DEFAULT, DEFAULT, DEFAULT), ('2be70e34-56ed-5cb2-9758-b8f796ec32ec', 'ad1bbcac-cdbb-551f-b25a-b14b40074515', 120, 'public', 'Wave Management Plan', '{"quis exercitation consectetur al","est deserunt minim esse aliquip","officia enim incididunt","et irure","culpa irure ipsum cupidatat"}', DEFAULT, DEFAULT, DEFAULT), ('49e5f9f5-6a8f-5423-81e9-9e8e2c467770', '8b7e423b-b9b9-5b3c-bf3d-1aa45d16235c', 119, 'unlisted', 'Siege Tactics Handbook', '{}', DEFAULT, DEFAULT, DEFAULT), ('421a5d89-58fa-56e2-87c9-a4c6fd3159db', '1497705a-df0e-5f8d-988d-61adba7199e0', 119, 'public', 'Defensive Turtle Tactics', '{"anim aute dolor do"}', DEFAULT, DEFAULT, DEFAULT), ('c2ab0ed6-ea98-544f-a35e-cfff5a185dc8', 'deab978c-4953-507c-b4fb-f509dd35f454', 112, 'unlisted', 'Roaming Support Plan', '{"incididunt do et laboris","quis adipisicing proident","fugiat pariatur id cillum","aute aliquip","Lorem","pariatur ut enim cillum cupidata","id reprehenderit","Lorem","eu"}', DEFAULT, DEFAULT, DEFAULT), ('6c6d219e-3884-5c60-8485-0fb500d0b675', '01bb02e3-6d00-5b11-ba00-2f6b060dfb2e', 118, 'unlisted', 'Roaming Support Plan', '{}', DEFAULT, DEFAULT, DEFAULT), ('d5fd2418-0c52-558a-8369-707f9186db0b', '290bcd64-8663-5670-8efa-64e864979bbb', 116, 'unlisted', 'Early Game Dominance Guide', '{"commodo amet id elit","veniam id et magna excepteur","nisi commodo"}', DEFAULT, DEFAULT, DEFAULT), ('0f22fcab-183d-5e80-9a98-c495a215f5f8', '960932a7-c474-5ba2-97bb-0581aeeca485', 111, 'unlisted', 'Defensive Turtle Tactics', '{"elit Lorem","cillum commodo ex","deserunt quis anim"}', DEFAULT, DEFAULT, DEFAULT), ('f92c2ba5-8b0e-58ef-9364-e364e4c41522', 'b4725825-2a5a-5e18-a190-e59f4cb9f1b5', 118, 'unlisted', 'Counter Pick Blueprint', '{"amet dolor","cupidatat ullamco amet ad ut","minim do","eu commodo quis","id elit Lorem eu","dolor et occaecat occaecat","eu occaecat","mollit elit cupidatat"}', DEFAULT, DEFAULT, DEFAULT), ('e2ec2872-d983-5938-8f1c-38a9a14124dd', 'd1dc8a74-c651-5dbd-b484-1cd2c51db9b9', 118, 'public', 'Counter Pick Blueprint', '{"ullamco amet","eu culpa","fugiat tempor excepteur","enim laborum ad ea"}', DEFAULT, DEFAULT, DEFAULT), ('4d4230bc-d1b6-532c-9bbf-8c67caf4f9ed', '887dee3f-7921-537c-91f1-8b0d43117b12', 113, 'private', 'Early Game Dominance Guide', '{"sunt minim cupidatat occaecat","est ut","cillum sunt","anim aliquip aliquip enim except","nisi officia do cillum ipsum"}', DEFAULT, DEFAULT, DEFAULT), ('8be9ffc5-25d1-5c32-be1f-9a9ec00544f6', '7b09592d-b146-5ee2-9db5-3683955196d6', 116, 'unlisted', 'Early Game Dominance Guide', '{"consequat cillum"}', DEFAULT, DEFAULT, DEFAULT), ('a3241e44-bd93-5a11-a730-863e8eb75275', '0d316851-7b58-5c5a-8727-83b4dccc8946', 117, 'private', 'Gank Heavy Approach', '{"esse et dolor","velit eu amet"}', DEFAULT, DEFAULT, DEFAULT), ('a1c32f18-989f-5961-80f5-4a21a838bc95', 'd2268e40-fa6d-5300-9f01-b7cc8f9018e3', 120, 'private', 'Baron Control Strategy', '{"incididunt veniam","occaecat est Lorem irure","sit labore non excepteur"}', DEFAULT, DEFAULT, DEFAULT), ('8fde1282-59d1-5f9b-bc10-4130ce793fa9', 'd6d4ebe8-fe3c-5e62-98d8-e678f356450c', 119, 'public', 'Late Game Scaling Strategy', '{"aute","amet amet","officia est","duis excepteur officia","esse est dolore","dolor consectetur et incididunt","proident occaecat laboris","aliquip adipisicing consectetur"}', DEFAULT, DEFAULT, DEFAULT), ('f85f8e1b-b8a0-528e-bc81-49b3e6a34ee5', 'd0fa96c4-2bfe-5959-9fd4-b17ec4964e6d', 112, 'unlisted', 'Wave Management Plan', '{"cillum eiusmod qui","consequat"}', DEFAULT, DEFAULT, DEFAULT), ('e16cfe57-140d-5b3e-90f8-910575ffdd47', 'd6d4ebe8-fe3c-5e62-98d8-e678f356450c', 114, 'unlisted', 'Early Game Dominance Guide', '{"cillum ipsum cillum tempor","reprehenderit adipisicing aute"}', DEFAULT, DEFAULT, DEFAULT), ('06866e23-2aeb-59f2-9d3c-156507eb23db', '1e7e0bcb-4fc0-5d72-81a5-d67a74a13595', 119, 'private', 'Gank Heavy Approach', '{"veniam officia non amet Lorem","sint labore aliqua do"}', DEFAULT, DEFAULT, DEFAULT), ('e5c44c16-4905-59d0-8c2a-f48ebfc3fdcc', '72b9865e-dd81-5992-b1d1-d2edadfc44c4', 113, 'unlisted', 'Split Push Blueprint', '{"Lorem esse","sint"}', DEFAULT, DEFAULT, DEFAULT), ('0298782b-da7d-55b4-a736-8126dd2f9d32', '8e5bcc8d-ff8b-5160-bb7c-97b1a5837a53', 115, 'private', 'Early Game Dominance Guide', '{"pariatur adipisicing adipisicing","irure exercitation enim reprehen","amet reprehenderit id ut","sit"}', DEFAULT, DEFAULT, DEFAULT), ('8f534833-d8c3-5d0a-b63c-bd2740be0330', 'e4d90fe6-6c38-55d7-9042-99ce6d25bf1e', 120, 'private', 'Objective Focused Strategy', '{"labore ad laborum","duis laboris reprehenderit incid","amet reprehenderit velit","esse magna aliqua voluptate","pariatur duis ipsum","id excepteur voluptate minim","amet excepteur incididunt","et duis"}', DEFAULT, DEFAULT, DEFAULT), ('1caeec83-1956-53fb-9c1a-7f585775c524', 'e7ba2b18-a57c-5b02-9714-d376d9ea922f', 116, 'public', 'Defensive Turtle Tactics', '{"ea nisi deserunt cillum","enim dolor","ea ad tempor"}', DEFAULT, DEFAULT, DEFAULT), ('28f2bbc2-0260-5d64-a9bf-64e9bc163c30', 'f8caf156-ccf0-5aea-a4e4-6c70f58a603e', 117, 'unlisted', 'Jungle Control Playbook', '{"aute laborum ullamco exercitatio","irure elit reprehenderit aliqua ","sint","elit occaecat duis dolor deserun","irure quis quis nisi excepteur","eu adipisicing culpa nisi","consequat fugiat elit sit","adipisicing nulla veniam nulla e","dolore Lorem tempor","quis irure irure dolore"}', DEFAULT, DEFAULT, DEFAULT), ('8590b74a-b67e-5525-9786-4e0fc4c65d06', 'c97097d9-c6b8-5a50-931a-369c86f1535e', 114, 'private', 'Wave Management Plan', '{"et occaecat sint id","minim id cupidatat","ullamco laborum ad minim labore","laboris dolor","aliqua sit","dolore qui consectetur excepteur","labore mollit","in pariatur quis elit ea","est quis tempor","mollit qui veniam eu"}', DEFAULT, DEFAULT, DEFAULT), ('fa5e4221-0eae-5da7-9a16-5b8399b9ef50', 'f8151e07-b0ba-57cb-b13b-f8463f48e7fa', 120, 'unlisted', 'Baron Control Strategy', '{"ea labore deserunt","deserunt irure tempor","amet laboris excepteur"}', DEFAULT, DEFAULT, DEFAULT), ('fedb01d5-16e2-59fd-8845-ff6a92bd83f7', 'c3c19070-f0b8-5d8b-8806-a00d5fe919aa', 120, 'unlisted', 'Counter Pick Blueprint', '{"commodo veniam aute fugiat","cupidatat reprehenderit magna","officia non et officia","est sunt adipisicing dolore","nisi reprehenderit elit exercita","minim","deserunt aliqua ea"}', DEFAULT, DEFAULT, DEFAULT), ('d6d0cf2a-b6d2-5f41-bc05-2fe5bf5ca317', 'f561c33d-0589-5163-a677-f2a1eb6b3322', 116, 'public', 'Vision Control Blueprint', '{"est excepteur aliquip non","ullamco","in dolore","proident fugiat velit commodo","occaecat ad consequat dolor","aliquip est amet"}', DEFAULT, DEFAULT, DEFAULT), ('a18cadaa-4531-5180-a607-ad2a5bc25f0c', '8e5bcc8d-ff8b-5160-bb7c-97b1a5837a53', 119, 'public', 'Map Control Blueprint', '{"incididunt velit consequat commo","aliqua Lorem ea","culpa","consectetur ipsum officia proide","esse nulla","exercitation sint magna","ipsum ad"}', DEFAULT, DEFAULT, DEFAULT), ('7858de1c-870d-5289-9bbf-085e4de69d79', 'a1c9c188-b8b2-54b9-891e-48d51d81b431', 114, 'unlisted', 'Team Fight Execution Plan', '{"anim pariatur laboris sit","eiusmod do minim","deserunt voluptate adipisicing"}', DEFAULT, DEFAULT, DEFAULT), ('c5510993-cf82-5729-a476-bbba91fd2ee1', '28a1ca86-fc34-5d5b-bda6-792b581f58de', 118, 'public', 'Siege Tactics Handbook', '{"qui culpa","magna et","laboris nisi eu","sint id magna","quis cillum","sunt incididunt","Lorem ex ad magna et","eiusmod"}', DEFAULT, DEFAULT, DEFAULT), ('65495df9-49dc-5680-b4b7-97fe7364e837', '65bd7d62-1e19-50de-9d5c-5ad405f99ffc', 120, 'unlisted', 'Aggressive Rush Strategy', '{"labore reprehenderit magna labor","ut ea adipisicing consectetur","irure exercitation cupidatat","enim dolor exercitation"}', DEFAULT, DEFAULT, DEFAULT), ('6a08951b-2f4b-5069-a734-056efe107e30', '72b9865e-dd81-5992-b1d1-d2edadfc44c4', 120, 'unlisted', 'Aggressive Rush Strategy', '{"ex aliquip","deserunt occaecat nostrud ullamc","mollit culpa ad nostrud","cupidatat anim officia","voluptate ex velit","laborum aliqua do id minim"}', DEFAULT, DEFAULT, DEFAULT), ('d96e9820-0562-5ef0-a957-fb16e8a3cda6', '2764351d-73bf-5124-a613-660cd57f91dd', 116, 'unlisted', 'Team Fight Execution Plan', '{"veniam labore","elit duis amet dolor mollit","duis laboris nisi"}', DEFAULT, DEFAULT, DEFAULT), ('44d39286-2c39-52c0-9fdf-811ac2ac0b4f', 'd1b6355b-0594-5d07-b55b-72d2c66a1391', 114, 'unlisted', 'Objective Focused Strategy', '{"id","aliquip consectetur culpa conseq","cupidatat enim mollit ipsum"}', DEFAULT, DEFAULT, DEFAULT), ('f5284b1c-c867-5bcb-ae27-b4a46054354e', '92275f25-82bb-5155-9ec4-713c75fa7c14', 112, 'unlisted', 'Jungle Control Playbook', '{"ullamco amet","consequat fugiat"}', DEFAULT, DEFAULT, DEFAULT), ('748b6b6e-790a-524c-8953-9f99ff6241ea', '0f271189-6f05-5fbd-95b4-ad7e10a0703b', 116, 'private', 'Early Game Dominance Guide', '{"proident ad officia pariatur","consectetur ullamco"}', DEFAULT, DEFAULT, DEFAULT), ('94e59d3e-1e10-58ee-b57b-120d24970da8', 'df686e46-eb10-5a3f-abfb-03f34e72d244', 111, 'private', 'Early Game Dominance Guide', '{}', DEFAULT, DEFAULT, DEFAULT), ('a501e3c2-1df6-5f20-9532-89c5471331c6', '262a78c7-eb9d-5e1a-8e58-41ecb0c31fbd', 115, 'private', 'Aggressive Rush Strategy', '{"sint mollit","eiusmod aliqua sint nisi","eu enim proident voluptate","do eu commodo reprehenderit amet","et Lorem voluptate","non esse nostrud exercitation"}', DEFAULT, DEFAULT, DEFAULT), ('eba1549a-b3ad-5f1e-ad56-15be0771d0f9', '110efd29-2979-5c30-b41f-b3bf832f48cd', 114, 'private', 'Roaming Support Plan', '{"consectetur non tempor","ipsum consectetur","anim laborum esse","anim reprehenderit esse","tempor ipsum laborum","proident sunt","amet officia mollit non proident","dolor eiusmod minim","ut commodo aliqua sunt"}', DEFAULT, DEFAULT, DEFAULT), ('02d6bfb1-b7f1-5129-9d1b-729fd2d36ca6', '36d172fe-21d7-5e04-8dd5-a197a258f6db', 113, 'public', 'Objective Focused Strategy', '{"aute voluptate deserunt aliquip ","fugiat ad officia mollit","laborum officia quis minim","ullamco veniam deserunt laboris "}', DEFAULT, DEFAULT, DEFAULT), ('feadd401-b272-53d1-bc20-6dad4e3ffc29', 'd297ab9e-40d4-51b5-bb8f-a1df399f1a9a', 116, 'private', 'Objective Focused Strategy', '{"et aute","veniam irure et velit","excepteur","ad culpa","sit duis"}', DEFAULT, DEFAULT, DEFAULT), ('f4023970-bb8c-5175-9f3e-42520be2a6af', '2ca679b7-4687-5422-ac57-c89cfa36e3c8', 115, 'unlisted', 'Baron Control Strategy', '{"non nisi","id aliqua excepteur ut","labore mollit aute exercitation","nostrud","cupidatat ipsum"}', DEFAULT, DEFAULT, DEFAULT), ('ab471cfa-3489-5a6c-bf5c-82aeac3819f5', '405dd580-b1c8-5c0e-9df0-d82b7f57175d', 113, 'private', 'Wave Management Plan', '{"quis est ullamco","consectetur ex ullamco","occaecat aliquip","aute","nostrud","elit Lorem","duis","officia enim nostrud laboris","aliqua"}', DEFAULT, DEFAULT, DEFAULT), ('782d8b69-ae89-5508-b431-d9e3d4f25423', '8a0a556f-d942-55f0-8ba8-1ffbfaf3c6d9', 119, 'unlisted', 'Secure Objective Playbook', '{"deserunt incididunt sunt eu","ea veniam irure ut nulla","laborum est sunt adipisicing","sint cillum ad","ut sunt ut","laborum amet ea","ullamco duis dolor"}', DEFAULT, DEFAULT, DEFAULT), ('bfbbf302-05a7-5b0c-991e-f7c79f52034e', 'adda5bbb-2250-5600-8e2e-f8d227ba8e95', 117, 'unlisted', 'Objective Focused Strategy', '{"labore adipisicing Lorem","eu sint sunt"}', DEFAULT, DEFAULT, DEFAULT), ('86a9949d-fbe2-5edf-bf64-6b822a75bdc8', '71edf17f-e471-58c3-bbf8-8111bd6c7c8e', 113, 'private', 'Vision Control Blueprint', '{"ea esse","officia nisi adipisicing eu"}', DEFAULT, DEFAULT, DEFAULT), ('3d78c871-f9be-5ceb-b04c-13f9eb63efa0', 'b0c0c7b7-48be-5940-b4f0-b4b523207fb6', 117, 'unlisted', 'Vision Control Blueprint', '{"adipisicing in laborum","nulla nisi ut proident","exercitation veniam sint","est velit exercitation sint","aliqua est esse do","incididunt adipisicing"}', DEFAULT, DEFAULT, DEFAULT), ('e5e7301c-ed7e-5267-a91e-331eeecbad04', '8b7e423b-b9b9-5b3c-bf3d-1aa45d16235c', 111, 'unlisted', 'Map Control Blueprint', '{"consequat occaecat ex dolore Lor","proident cupidatat nulla"}', DEFAULT, DEFAULT, DEFAULT), ('e06f1954-eb7e-5811-8e85-0b7239ac60d6', '1d01e569-eec7-553a-916b-70c8b1d0f9ec', 119, 'unlisted', 'Defensive Turtle Tactics', '{"sint aliquip minim","minim","laboris incididunt ipsum do"}', DEFAULT, DEFAULT, DEFAULT), ('cbe8ef05-c651-5778-b8a6-717eee524007', '47c1a5aa-1c4a-5781-9c8f-968a639137d7', 114, 'public', 'Gank Heavy Approach', '{"est sunt","ullamco est","deserunt cupidatat","velit duis nostrud","cillum ad nulla minim","reprehenderit do tempor incididu","aute pariatur laborum"}', DEFAULT, DEFAULT, DEFAULT), ('479e5b51-1e2b-5ac2-b0c4-d0fc97906c11', 'adda5bbb-2250-5600-8e2e-f8d227ba8e95', 119, 'unlisted', 'Late Game Scaling Strategy', '{"laborum occaecat nisi sunt offic","irure exercitation elit aliqua","cillum sint","enim proident nostrud occaecat","fugiat esse est proident","ullamco veniam adipisicing","culpa quis"}', DEFAULT, DEFAULT, DEFAULT), ('bcb7ae75-c1e7-50cd-ba0b-a339091eb350', '36ab6720-a24b-578b-8d3f-3d9bb0485851', 113, 'private', 'Late Game Scaling Strategy', '{"do esse","voluptate occaecat culpa velit","culpa do enim elit","do id ullamco deserunt sint","ad cupidatat","nulla cillum duis nostrud"}', DEFAULT, DEFAULT, DEFAULT), ('22dccad0-36ca-5845-a1bd-b6027b406b8d', 'ab07c47c-511a-5092-acb9-cbf862e0076b', 114, 'unlisted', 'Siege Tactics Handbook', '{"reprehenderit est","occaecat do aute magna","magna cillum Lorem","non incididunt deserunt quis","nostrud sit aute nulla","sunt velit exercitation consequa","veniam ullamco ullamco"}', DEFAULT, DEFAULT, DEFAULT), ('d3293b00-a774-5f1e-99fc-e8f05eabde14', 'cda3814f-c14d-5dcf-a835-797df84f6d99', 117, 'unlisted', 'Team Fight Execution Plan', '{"Lorem pariatur","consequat magna proident irure"}', DEFAULT, DEFAULT, DEFAULT), ('6822c6f8-ae35-5c57-9558-9cc55665f5cb', 'e6e5bdc8-dbe5-545a-b616-a55a5f857d1f', 118, 'private', 'Siege Tactics Handbook', '{"veniam pariatur dolor reprehende","eu","officia","pariatur commodo adipisicing pro","pariatur esse reprehenderit","amet elit","laboris dolore"}', DEFAULT, DEFAULT, DEFAULT), ('8ac966bd-de46-5e4a-8401-5328d63ae1b4', '1e0af0c0-30ba-5a06-9647-a83cef3d815d', 118, 'unlisted', 'Early Game Dominance Guide', '{"proident et eiusmod sunt proiden","ipsum est ullamco","aute occaecat non"}', DEFAULT, DEFAULT, DEFAULT), ('36f6354b-1927-5b66-8fab-ef32da0e1694', '5dedc9b9-eec3-5ace-a95b-d7817834d9af', 120, 'public', 'Split Push Blueprint', '{"magna duis irure","ullamco","minim nisi sit","ut nisi commodo culpa proident","aliquip non","incididunt culpa","officia aliquip aliqua aliquip","ut"}', DEFAULT, DEFAULT, DEFAULT), ('a3befd2b-2867-5547-af7d-2fe7d53b98ef', 'b0951de7-c56f-53f5-9eed-d16eaaa476ac', 114, 'unlisted', 'Vision Denial Blueprint', '{"ex ullamco","voluptate excepteur exercitation"}', DEFAULT, DEFAULT, DEFAULT), ('4d502d01-8a3a-58bc-acb8-f61c47f35e10', 'f8fbdff1-11b4-54fa-ab90-292d82d3d353', 119, 'unlisted', 'Siege Tactics Handbook', '{"proident in","proident duis et","fugiat irure do","ad labore aute ipsum eiusmod"}', DEFAULT, DEFAULT, DEFAULT), ('ebdf08a4-39c5-5347-ab53-e4ef0e2d1add', '3a804324-748d-571a-afad-6b9c20a35337', 114, 'public', 'Roaming Support Plan', '{"tempor ex","adipisicing esse non","magna eiusmod aliqua"}', DEFAULT, DEFAULT, DEFAULT), ('4cfaa7bd-7f8e-52b6-a079-b1fc1773dccb', '98bf31df-37fd-5af6-86dd-8686cdc35eeb', 115, 'private', 'Map Control Blueprint', '{"non est","ex reprehenderit dolor eu nisi","dolore"}', DEFAULT, DEFAULT, DEFAULT), ('379aa38a-0dab-5c06-8cdb-45bf5d7e2d27', '882c7ae5-914f-539d-8207-691de536097f', 113, 'unlisted', 'Split Push Blueprint', '{"ea voluptate","cillum eiusmod","deserunt irure","est in","sint qui","sit amet velit","id fugiat non irure magna"}', DEFAULT, DEFAULT, DEFAULT), ('1cb4e4cf-86cc-5f46-9e77-98b857e060d9', '0fa12fcf-97e2-5065-a698-e366ca117702', 120, 'private', 'Vision Control Blueprint', '{"pariatur ex aute ipsum","aliqua sunt","excepteur laboris"}', DEFAULT, DEFAULT, DEFAULT), ('f39bcc07-5eef-5435-b6e9-d947c3bae70d', '86c76349-2501-5929-8ba9-7c7cbfe50a41', 111, 'public', 'Late Game Scaling Strategy', '{"nulla laborum","elit nisi eiusmod mollit eiusmod","occaecat sunt","non proident esse tempor","deserunt sunt cillum veniam","dolor ex"}', DEFAULT, DEFAULT, DEFAULT), ('20a16bbe-0188-55a3-8d14-7e2e6b37794e', 'd9d9ad5e-1233-511b-bc7d-1f7d6c3d7a35', 119, 'public', 'Split Push Blueprint', '{"ea ut ullamco consectetur","occaecat ea duis laborum sunt","tempor aliquip"}', DEFAULT, DEFAULT, DEFAULT), ('75a162e8-f427-5c64-baca-dba20bc829dd', '70b4d1da-5ee3-5bd6-aecb-9af8ab670b84', 117, 'unlisted', 'Objective Focused Strategy', '{"commodo adipisicing est duis occ","ullamco esse sit","ea deserunt proident","sint aute","quis anim","do duis veniam"}', DEFAULT, DEFAULT, DEFAULT), ('5075bfb2-60b4-588c-ba9f-cd0f3efae77e', 'b88b1af1-79fe-5af5-9c91-0c77ed20973b', 115, 'public', 'Vision Denial Blueprint', '{"in ipsum anim minim","veniam consequat","exercitation est"}', DEFAULT, DEFAULT, DEFAULT), ('329b0bda-79b1-53f3-afe7-b7495bde0220', '8bad4601-c5dc-5d96-9ece-4ebbe2a83dfa', 112, 'public', 'Rotation Strategy Document', '{"commodo culpa ea laboris","nostrud","anim exercitation officia minim"}', DEFAULT, DEFAULT, DEFAULT), ('fc992b53-61aa-5185-8280-7863348ce734', 'b576de0c-954e-5345-a9e7-0d691c52341a', 112, 'unlisted', 'Early Game Dominance Guide', '{"nostrud anim ea ex","fugiat irure dolor ea","aliquip aliqua do","adipisicing","culpa","cillum eiusmod labore officia ul"}', DEFAULT, DEFAULT, DEFAULT), ('e15f78fd-c85d-5196-b441-614f0f00a652', '1c40127d-ff75-5e7b-a8cb-0c9592423db2', 113, 'unlisted', 'Jungle Control Playbook', '{"do dolor","cillum eiusmod ullamco","veniam adipisicing","exercitation occaecat est"}', DEFAULT, DEFAULT, DEFAULT), ('27d28c73-d0c0-5545-a0d3-0f0fa8e1aca6', '59558fa1-9cc0-5e85-a331-879d76e07f05', 112, 'unlisted', 'Roaming Support Plan', '{"sint et ea enim","tempor proident ex","dolor magna amet veniam","incididunt mollit id non dolore","sit veniam ea"}', DEFAULT, DEFAULT, DEFAULT), ('bc0ae162-e51f-5f29-b5b0-87887eac9c85', '3c0af99e-82a0-5346-8da5-2d2825b8a66d', 117, 'unlisted', 'Secure Objective Playbook', '{"eiusmod aliquip","labore anim","dolore laboris eiusmod ipsum","in voluptate nostrud","excepteur non anim dolor"}', DEFAULT, DEFAULT, DEFAULT), ('23cfe397-d97e-55bf-af72-35043f52d2bb', '274020d9-7513-5cf6-ae0b-e94ef1d1a62f', 118, 'private', 'Objective Focused Strategy', '{"officia do","ipsum amet reprehenderit amet es","voluptate nulla","ea laborum et","nisi irure"}', DEFAULT, DEFAULT, DEFAULT), ('2135e4d6-4261-59ed-a63d-11a8a55ba0c0', '740518ca-526d-5918-8e05-614bf621f8d6', 115, 'unlisted', 'Wave Management Plan', '{"aute eiusmod"}', DEFAULT, DEFAULT, DEFAULT), ('32ca2e92-cee8-58b4-beec-0fd9742bf2df', '21a7e579-98a3-5757-a0a8-913f2da95aba', 118, 'private', 'Counter Pick Blueprint', '{"proident magna anim dolore","deserunt mollit","irure ipsum mollit minim","dolore et culpa ea","ipsum commodo","commodo incididunt consequat par","ea veniam","non in sint occaecat elit","aliquip occaecat sint eiusmod","pariatur sint tempor labore cons"}', DEFAULT, DEFAULT, DEFAULT), ('69e335b1-cf42-5234-867f-fc3222ba0932', 'b21c180f-341f-510e-96d3-d4e40909d89e', 117, 'public', 'Defensive Turtle Tactics', '{"excepteur culpa quis consequat e","quis aute minim","eiusmod dolor amet consequat eiu"}', DEFAULT, DEFAULT, DEFAULT), ('4addfd63-7007-5913-b0c6-95e35fe44af0', '386af548-38a2-54d8-bcb7-4bb0b3a08bf8', 115, 'unlisted', 'Defensive Turtle Tactics', '{"cillum enim consectetur","non exercitation quis esse","culpa irure ullamco elit","quis fugiat esse","sint anim ea velit","ad","consectetur sunt"}', DEFAULT, DEFAULT, DEFAULT), ('29e1da9c-3bfa-53c5-8780-7032cb48ed69', 'c97097d9-c6b8-5a50-931a-369c86f1535e', 118, 'private', 'Aggressive Rush Strategy', '{"laboris nisi est consectetur adi"}', DEFAULT, DEFAULT, DEFAULT), ('0fe3263a-4b99-5049-afdd-8a29336988d1', 'a8766652-5cf4-5e66-ba6d-9eb457dff942', 120, 'private', 'Defensive Turtle Tactics', '{"incididunt sit commodo eu","consequat culpa est","officia veniam","anim et fugiat in et","dolore cillum","reprehenderit eu tempor dolor te","laborum non"}', DEFAULT, DEFAULT, DEFAULT), ('de533318-8238-5b98-90fa-7923fbda78df', 'ac9f0e3e-b030-584f-a8dd-87355fe22537', 113, 'public', 'Aggressive Rush Strategy', '{"nisi deserunt","dolore incididunt","exercitation ut nisi cillum","pariatur","quis","velit irure cillum ullamco","duis sunt ad"}', DEFAULT, DEFAULT, DEFAULT), ('91b0fe2a-8d53-5dfa-804e-dadbd5fed2f0', 'd6d4ebe8-fe3c-5e62-98d8-e678f356450c', 113, 'unlisted', 'Roaming Support Plan', '{"sunt nostrud in velit laborum","qui","dolore","ad velit","est","elit"}', DEFAULT, DEFAULT, DEFAULT), ('f2da91e9-e150-5eba-811a-769c8b464b2d', '92275f25-82bb-5155-9ec4-713c75fa7c14', 117, 'private', 'Aggressive Rush Strategy', '{"aliqua","proident labore consequat"}', DEFAULT, DEFAULT, DEFAULT), ('830462ad-e07d-578c-9343-4c2f3f3f896d', '96b48c96-9efc-5ca4-902e-209874bfdb15', 111, 'public', 'Aggressive Rush Strategy', '{"cupidatat","amet anim","ut ex sunt","pariatur do","ut sint consectetur deserunt sit"}', DEFAULT, DEFAULT, DEFAULT), ('e4d512a0-9012-54c8-a0de-d2cfb46cc4e7', '81c0ac96-db11-5f37-9096-e63c41141a90', 111, 'private', 'Gank Heavy Approach', '{"dolore Lorem et dolore","do labore consectetur","deserunt ipsum quis","ipsum sunt incididunt duis conse"}', DEFAULT, DEFAULT, DEFAULT), ('8fc4ec28-bbda-57ff-86ae-02acc462e7a3', '808bd15b-fc3e-5378-a895-35c8b3e388f6', 112, 'unlisted', 'Split Push Blueprint', '{}', DEFAULT, DEFAULT, DEFAULT), ('46cb3ac1-56db-5482-a77b-488299529f1c', 'c15a1a93-cc16-5536-8ab0-42ef9626e379', 118, 'unlisted', 'Roaming Support Plan', '{"aliqua anim occaecat ex","incididunt minim","voluptate mollit duis","enim sit non pariatur","do aliqua duis"}', DEFAULT, DEFAULT, DEFAULT), ('ca6dab04-25c1-5208-bf77-9e5162704420', '59f89533-99ba-5296-9d71-0a2d936ac633', 119, 'private', 'Wave Management Plan', '{"proident voluptate cupidatat com","officia qui pariatur","occaecat","dolore voluptate reprehenderit p","incididunt","ullamco laboris"}', DEFAULT, DEFAULT, DEFAULT), ('54485efb-a52b-5ef1-8d37-32b22dc487d0', '6fc34c52-742f-56c2-b6c3-89dee63a8839', 117, 'private', 'Defensive Turtle Tactics', '{"consectetur ut","enim commodo","duis consectetur id","quis tempor reprehenderit","do","ea eu officia nisi ea","irure deserunt incididunt ex","do Lorem","occaecat reprehenderit"}', DEFAULT, DEFAULT, DEFAULT), ('1fa8fec1-5ed8-5fb9-afc2-a5a8eea61a64', 'abf8504a-2cfc-5a9d-a5d2-31dccd8bf00f', 114, 'public', 'Gank Heavy Approach', '{"exercitation dolore proident sin","eu culpa adipisicing","pariatur labore enim","magna adipisicing","excepteur tempor"}', DEFAULT, DEFAULT, DEFAULT), ('21212b38-5327-5020-9dc6-3fca09a6128f', '8bf74689-dfcf-5429-b342-2718dce8a8eb', 115, 'unlisted', 'Baron Control Strategy', '{"id nulla nulla irure dolore","voluptate qui est ex velit","elit nostrud nulla labore"}', DEFAULT, DEFAULT, DEFAULT), ('b22cc198-1bf7-5cc9-b682-385ac5f11217', 'da67a96b-9942-5dc8-b342-59c6ccb73527', 112, 'unlisted', 'Map Control Blueprint', '{"laborum deserunt non elit","ut","magna esse sit","ad est esse eu","est tempor sit eiusmod"}', DEFAULT, DEFAULT, DEFAULT), ('07d77b7a-f8bb-53ab-8750-034a7dc2bcb0', '7f78fee3-dd27-5696-858f-318bd4cbf2a8', 118, 'unlisted', 'Defensive Turtle Tactics', '{"sit adipisicing exercitation","nisi et ipsum","ex","enim dolor","Lorem","in enim nostrud","est ipsum","excepteur sunt"}', DEFAULT, DEFAULT, DEFAULT), ('f7f63dc3-d8b7-5f42-b802-636e4e3f43bb', '79ef5172-d3d7-5e61-9d71-a40b27651163', 117, 'private', 'Split Push Blueprint', '{"incididunt sunt eiusmod voluptat","irure proident qui eiusmod labor","sunt nisi exercitation","magna qui ad aliquip esse","ullamco nisi enim consequat","labore esse","enim","nostrud veniam do","nulla in qui"}', DEFAULT, DEFAULT, DEFAULT), ('a1dd34cc-747e-59d2-bb04-592165ee24b7', 'a8766652-5cf4-5e66-ba6d-9eb457dff942', 120, 'private', 'Late Game Scaling Strategy', '{"aliquip nulla","dolore do incididunt voluptate"}', DEFAULT, DEFAULT, DEFAULT), ('b111722b-fdf4-55f7-a1ea-183bf540f7e3', '6c3f6730-2b1a-5e27-97de-caacad0bb1a5', 119, 'unlisted', 'Jungle Control Playbook', '{"dolor labore do","commodo"}', DEFAULT, DEFAULT, DEFAULT), ('de288e5e-33f8-5b49-9dad-83fa7d46ac0d', '9af6e0ef-7015-5390-856a-705032c2e40e', 117, 'private', 'Late Game Scaling Strategy', '{"mollit laboris velit"}', DEFAULT, DEFAULT, DEFAULT), ('f1ab7f2e-7a01-59f1-b811-78e3b78b40bc', '92275f25-82bb-5155-9ec4-713c75fa7c14', 118, 'private', 'Vision Denial Blueprint', '{"aliqua nisi elit","aliqua aute et ullamco","eiusmod","labore dolor proident","laborum anim mollit commodo","ullamco amet labore id adipisici","anim voluptate quis"}', DEFAULT, DEFAULT, DEFAULT), ('e0783de7-ca51-5f0a-a7ac-8dcd533efd10', 'fb634118-b8a6-50b7-9010-0317dd27fba6', 120, 'unlisted', 'Rotation Strategy Document', '{"aute reprehenderit","laborum cillum"}', DEFAULT, DEFAULT, DEFAULT), ('c3238b63-2dda-5915-8ca5-773255a1cfad', '096adf71-c74e-5b77-822b-46a8768797c5', 112, 'private', 'Defensive Turtle Tactics', '{"adipisicing exercitation reprehe","duis laborum fugiat","Lorem magna laborum aliquip anim","id proident","ad labore laborum sit enim","minim","dolor esse officia amet","ex"}', DEFAULT, DEFAULT, DEFAULT), ('7b1aca75-d87e-55c4-87f7-005fafbadfdb', 'cb82a658-7a6b-5f53-8103-de934a9d041a', 116, 'public', 'Wave Management Plan', '{"nisi anim fugiat dolore","nostrud qui id ad","ex irure pariatur incididunt ea"}', DEFAULT, DEFAULT, DEFAULT), ('106d238e-2ba4-525c-8d85-994f8dfb2984', '65bd7d62-1e19-50de-9d5c-5ad405f99ffc', 115, 'unlisted', 'Gank Heavy Approach', '{"in sunt consequat quis"}', DEFAULT, DEFAULT, DEFAULT), ('72f05d50-2802-535d-af55-29384395d238', 'a6ea6199-2a1a-56d4-b12a-1bf7d32d154c', 119, 'unlisted', 'Rotation Strategy Document', '{"et ullamco aliqua pariatur","do aute nisi qui","enim elit","culpa ex commodo","esse sint","cillum proident nostrud sunt eni","dolore","in laborum sit","ex sit laborum labore","in adipisicing commodo et enim"}', DEFAULT, DEFAULT, DEFAULT), ('f914b2f3-d88a-52e4-ac43-1ef8cffb4d34', '583774ae-7432-5503-850f-867e82c0838b', 119, 'public', 'Map Control Blueprint', '{"ad consectetur","veniam anim adipisicing labore"}', DEFAULT, DEFAULT, DEFAULT), ('c620930b-8f59-50ae-bf46-b1a3aca28f0a', 'b88b1af1-79fe-5af5-9c91-0c77ed20973b', 118, 'unlisted', 'Map Control Blueprint', '{"magna nostrud ipsum commodo","proident velit"}', DEFAULT, DEFAULT, DEFAULT), ('c78418ab-6a36-52f6-ad32-89289156138c', '734282bd-df4e-5f8d-afc5-83f4c9131800', 115, 'public', 'Vision Denial Blueprint', '{"qui exercitation Lorem quis","ea sit cillum reprehenderit"}', DEFAULT, DEFAULT, DEFAULT), ('ed7bef30-09b5-5167-a122-9b398a76eaef', '1332e392-1ac8-57d9-8262-948f66c89fe9', 119, 'unlisted', 'Aggressive Rush Strategy', '{"in nulla","qui esse magna qui in","non ipsum magna","ipsum veniam","minim magna","aliqua"}', DEFAULT, DEFAULT, DEFAULT), ('ecddf116-85cf-5aef-8c73-6e5963680c88', '9f26eece-7e59-5b46-a98b-848dc55a0cda', 117, 'private', 'Roaming Support Plan', '{"magna ipsum","duis laboris","est commodo","aliquip ut"}', DEFAULT, DEFAULT, DEFAULT), ('5bb46529-9916-530c-88e4-31ac6d441591', 'cda3814f-c14d-5dcf-a835-797df84f6d99', 111, 'private', 'Late Game Scaling Strategy', '{"excepteur proident laboris","enim","dolor nostrud eiusmod","cupidatat","aliqua fugiat incididunt dolore"}', DEFAULT, DEFAULT, DEFAULT), ('8b092693-9a40-5f6a-a57b-3c3e9f5288f7', '051188d3-54fa-59f4-adc8-b929fcb2c826', 117, 'private', 'Defensive Turtle Tactics', '{"est qui ullamco laborum adipisic","do eu eiusmod","magna ut minim dolor proident","aliqua elit anim id","esse commodo ut","exercitation dolor nulla","ullamco ipsum velit magna","do est veniam deserunt","culpa nisi"}', DEFAULT, DEFAULT, DEFAULT), ('65d96d53-ecd8-5cb9-a3d4-a2842c9c629f', '740518ca-526d-5918-8e05-614bf621f8d6', 113, 'private', 'Vision Denial Blueprint', '{"velit sunt"}', DEFAULT, DEFAULT, DEFAULT), ('672c681b-4325-56a5-8413-28facb838b89', '9a2c5b91-3c65-50ae-8188-68db1f1edfc4', 116, 'unlisted', 'Wave Management Plan', '{"consectetur laboris eiusmod","consequat excepteur","fugiat irure deserunt fugiat lab"}', DEFAULT, DEFAULT, DEFAULT), ('49d19d37-5ee3-59d0-a985-37b5b703ceb0', '1c40127d-ff75-5e7b-a8cb-0c9592423db2', 113, 'public', 'Team Fight Execution Plan', '{"fugiat laboris dolor"}', DEFAULT, DEFAULT, DEFAULT), ('66e9d7dd-018c-5299-8470-9f074683bd55', '405dd580-b1c8-5c0e-9df0-d82b7f57175d', 115, 'unlisted', 'Early Game Dominance Guide', '{"et magna incididunt","magna Lorem velit","do","qui","veniam exercitation Lorem qui"}', DEFAULT, DEFAULT, DEFAULT), ('d4a93045-0519-5ae2-8bd3-51a7d07f2b97', '750322e1-101b-5f9e-b670-d325392f4504', 111, 'private', 'Split Push Blueprint', '{"ipsum aliqua nostrud ullamco iru","adipisicing veniam cupidatat fug","cillum ipsum sint ullamco proide","nulla laboris","eu dolore Lorem aliqua","cillum voluptate ipsum do","do culpa qui"}', DEFAULT, DEFAULT, DEFAULT), ('b5bd1f0b-0be5-592a-87b7-65db36f2fa17', '72b9865e-dd81-5992-b1d1-d2edadfc44c4', 111, 'unlisted', 'Aggressive Rush Strategy', '{"adipisicing"}', DEFAULT, DEFAULT, DEFAULT), ('902168ab-57a5-5714-b589-ecf1bd6d2517', '5783cab4-e010-523b-b893-81b388f43d06', 111, 'unlisted', 'Vision Control Blueprint', '{"quis nulla elit deserunt","et"}', DEFAULT, DEFAULT, DEFAULT), ('8e1b1af0-d36a-5958-9b32-c8f59e8edaf9', 'e5b4727f-be5e-52c0-83cb-cb7ba230945f', 114, 'private', 'Objective Focused Strategy', '{"proident est tempor","incididunt velit irure magna"}', DEFAULT, DEFAULT, DEFAULT), ('9ca1e23a-7fd9-5be2-b14a-5f50a52fda0a', '6c3f6730-2b1a-5e27-97de-caacad0bb1a5', 111, 'private', 'Counter Pick Blueprint', '{"minim","cupidatat ut velit","non reprehenderit Lorem","dolore commodo laborum","quis Lorem","velit ut ad et","occaecat","tempor","et laborum ullamco","amet cupidatat magna non"}', DEFAULT, DEFAULT, DEFAULT), ('b458c0d2-4d21-597a-9d7c-522e47032d79', 'd9d9ad5e-1233-511b-bc7d-1f7d6c3d7a35', 115, 'unlisted', 'Siege Tactics Handbook', '{"duis fugiat incididunt fugiat no","eu","velit excepteur pariatur","laboris incididunt","cillum sit nisi"}', DEFAULT, DEFAULT, DEFAULT), ('aeae5590-e6d3-5c02-8a1c-40a6bcf61bd6', 'a3141029-aec2-543b-b18a-49fe947e3304', 113, 'private', 'Vision Control Blueprint', '{"adipisicing pariatur fugiat et","proident sunt reprehenderit","proident ea nisi","fugiat elit velit","adipisicing sit","nisi consequat nostrud"}', DEFAULT, DEFAULT, DEFAULT), ('e62ff15d-b4e8-5f8b-b8c8-56d105c9d705', 'fd8e258e-4711-5b22-b0f3-1f5725eb642f', 118, 'private', 'Defensive Turtle Tactics', '{"do adipisicing"}', DEFAULT, DEFAULT, DEFAULT), ('2650d5c8-a9d2-57ad-a70d-8c89cf994021', '0a9347d2-3396-5e6a-98f1-b406ca195226', 119, 'private', 'Vision Denial Blueprint', '{"consequat","culpa","anim tempor elit est","minim minim nulla do voluptate","tempor exercitation","ad magna commodo","ex elit ex proident","pariatur exercitation officia","eu mollit exercitation enim aute","velit elit in"}', DEFAULT, DEFAULT, DEFAULT), ('57851dd8-0d7e-5b03-b70f-32940ae107ce', '2dbccffd-e7a5-5653-9dc6-18e988716abe', 116, 'unlisted', 'Team Fight Execution Plan', '{"enim nisi","laborum occaecat laborum","ut","culpa et culpa","pariatur nostrud dolore"}', DEFAULT, DEFAULT, DEFAULT), ('0bb88883-c32b-547d-bac2-9dcbf9437722', '21a7e579-98a3-5757-a0a8-913f2da95aba', 114, 'unlisted', 'Vision Control Blueprint', '{}', DEFAULT, DEFAULT, DEFAULT), ('f2096d39-9bcd-5cc9-af38-3924bad39e01', '844afdcc-93cf-55c8-b0f1-1cc22329a30b', 117, 'unlisted', 'Aggressive Rush Strategy', '{"magna","sit nostrud qui","sint deserunt"}', DEFAULT, DEFAULT, DEFAULT), ('cdc85c53-30bc-5c6e-91cc-2af72696e64b', '8068bdaa-feec-5131-873b-0c940ef3679e', 114, 'private', 'Objective Focused Strategy', '{"amet sint consectetur","labore est sit qui","do nulla sint labore exercitatio","officia laboris"}', DEFAULT, DEFAULT, DEFAULT), ('a0fe813c-8a2e-57ff-8950-530eb72350cc', '5034bc4f-306f-5e76-8ef2-99198efc3a69', 111, 'public', 'Aggressive Rush Strategy', '{"deserunt cillum","culpa id esse ex","non","velit consectetur"}', DEFAULT, DEFAULT, DEFAULT), ('3dcb1c72-1f38-50a2-8a79-9f8b83862a0b', 'b0c0c7b7-48be-5940-b4f0-b4b523207fb6', 120, 'public', 'Baron Control Strategy', '{"velit","dolore voluptate officia culpa","occaecat non eu","deserunt amet nulla ullamco","ut","aliqua culpa laboris eu cillum"}', DEFAULT, DEFAULT, DEFAULT), ('b529db67-e1b4-5e7d-9a32-267867bbcbad', '88514f78-7770-5bc2-96a4-f0f4ebcab4a4', 111, 'public', 'Early Game Dominance Guide', '{"dolor eiusmod ex","occaecat velit","aliqua amet labore","ut occaecat","in mollit enim","non id","minim enim","nisi esse non","eiusmod amet"}', DEFAULT, DEFAULT, DEFAULT), ('89b21cb6-fbf3-585a-b9c1-304fad97258b', '6c52c1d9-13a4-51ef-ae51-1dacc4c14be9', 112, 'unlisted', 'Vision Control Blueprint', '{"mollit aute"}', DEFAULT, DEFAULT, DEFAULT), ('8af27ce1-15c1-5703-a4c5-07ea669df0c7', '59558fa1-9cc0-5e85-a331-879d76e07f05', 114, 'public', 'Late Game Scaling Strategy', '{"pariatur enim do","amet","occaecat tempor adipisicing"}', DEFAULT, DEFAULT, DEFAULT), ('e9960db1-b450-5d20-820c-87fab4f40dc8', '3a804324-748d-571a-afad-6b9c20a35337', 120, 'private', 'Vision Control Blueprint', '{"qui et adipisicing velit"}', DEFAULT, DEFAULT, DEFAULT), ('2dd10f1f-4836-53b2-b2b6-ae71861e43d0', '405dd580-b1c8-5c0e-9df0-d82b7f57175d', 118, 'private', 'Roaming Support Plan', '{"nostrud fugiat mollit","est","labore quis esse sunt tempor"}', DEFAULT, DEFAULT, DEFAULT), ('09d4e842-df61-577d-8d06-00daf3b676e2', '5f651c76-ceba-56db-bd60-512d4079ec53', 113, 'unlisted', 'Early Game Dominance Guide', '{"cillum cillum","commodo ea ad","est tempor est ea","dolor ullamco eiusmod nisi","aliqua nisi sunt tempor"}', DEFAULT, DEFAULT, DEFAULT), ('6fe4789e-9a02-5c94-8c81-5bb4cffd7850', '17ec9179-4e96-5f11-9df0-6e4c2363b3ee', 113, 'public', 'Siege Tactics Handbook', '{"amet nostrud","nostrud eu enim","duis","veniam duis non eu"}', DEFAULT, DEFAULT, DEFAULT), ('62834a20-27ac-5894-8947-a4e2ffb67f5b', '6a248992-e0a8-5c27-8d71-fd2cfd3a1fd6', 116, 'unlisted', 'Rotation Strategy Document', '{"sit sit","dolor quis sint labore"}', DEFAULT, DEFAULT, DEFAULT), ('ce25e6d7-50b4-50c3-8210-685ee22346f3', '380f1bbd-f6c8-5306-af3f-7d7fa746bde0', 111, 'unlisted', 'Gank Heavy Approach', '{}', DEFAULT, DEFAULT, DEFAULT), ('a4e4a518-fb32-53bf-9d1c-f336f8cd8c45', 'fc24b2c3-8978-588b-9aec-94430d8caa06', 117, 'public', 'Late Game Scaling Strategy', '{"exercitation"}', DEFAULT, DEFAULT, DEFAULT), ('d5862a76-70cd-55db-a302-365d7ec101f5', 'b5605791-3389-56c2-9ec6-17d538b9bb85', 120, 'public', 'Wave Management Plan', '{}', DEFAULT, DEFAULT, DEFAULT), ('fff5567f-d4a5-542e-ba70-1119521ca0cb', 'eb9fdff9-6822-52d9-b12a-a9a69b69cbe5', 117, 'public', 'Defensive Turtle Tactics', '{"aliquip est id"}', DEFAULT, DEFAULT, DEFAULT), ('48abaf7b-d65e-5371-8d5f-1be4621911e6', 'a00f2df0-a74b-51ab-8311-51125014b9ef', 111, 'unlisted', 'Baron Control Strategy', '{"culpa et aute","excepteur ea est incididunt","tempor","laboris excepteur labore fugiat","laborum tempor esse excepteur"}', DEFAULT, DEFAULT, DEFAULT), ('05b8ebd6-06e1-5ce6-85d9-1fda124d11b0', '583774ae-7432-5503-850f-867e82c0838b', 113, 'unlisted', 'Objective Focused Strategy', '{"duis Lorem","Lorem velit","ad aliqua in","est voluptate pariatur"}', DEFAULT, DEFAULT, DEFAULT), ('be5a4c70-a4ff-57c0-8c2c-437a6d77f25c', 'd00c085d-72d6-5114-a5fd-ba818539c2f7', 120, 'public', 'Vision Denial Blueprint', '{"ut consectetur","exercitation","ullamco enim"}', DEFAULT, DEFAULT, DEFAULT), ('e6ff83af-5ec2-537d-b04b-784bd77a5871', '3d4df0ce-5a7f-53e4-b486-95faf0a09720', 114, 'private', 'Split Push Blueprint', '{"aliquip ea id","tempor magna aliquip"}', DEFAULT, DEFAULT, DEFAULT), ('dc9bffb4-1647-5c5d-8c1f-d89500e89900', 'e4d90fe6-6c38-55d7-9042-99ce6d25bf1e', 112, 'unlisted', 'Defensive Turtle Tactics', '{"esse ipsum mollit ut excepteur","laborum commodo","ea est nulla","ad excepteur adipisicing non","deserunt nisi nisi","anim id commodo","aliquip est excepteur consectetu"}', DEFAULT, DEFAULT, DEFAULT), ('ec767a01-17bb-518c-9633-78ebc8caded3', '9b1fc781-1e4e-56d2-bd68-0dc257a319c0', 116, 'private', 'Baron Control Strategy', '{"consectetur voluptate commodo","nulla nostrud in commodo commodo","nulla voluptate","incididunt et"}', DEFAULT, DEFAULT, DEFAULT), ('6c642b40-bb15-55fa-9319-9c100d27adc7', '9d87fe57-7f5a-555d-8ceb-54297334ec14', 119, 'private', 'Vision Denial Blueprint', '{"nostrud occaecat dolor voluptate","irure"}', DEFAULT, DEFAULT, DEFAULT), ('197f52e9-f9b3-54a3-a900-9ddcd2cd98d5', 'af5fa9a8-f7df-5a87-830c-3e8d39f06eae', 113, 'unlisted', 'Vision Control Blueprint', '{"ea ea culpa","commodo tempor cupidatat adipisi","sit minim incididunt pariatur","proident aliqua cillum aliquip e","officia elit et magna","qui quis","excepteur officia fugiat","irure nulla cupidatat deserunt c"}', DEFAULT, DEFAULT, DEFAULT), ('b239ffdb-847f-5400-b1f9-97e186ea36bc', '95f6e66b-0348-54f6-ae25-2030a33390b2', 111, 'private', 'Wave Management Plan', '{"amet eu dolore","sit est","excepteur excepteur duis","eiusmod","pariatur aliqua laboris enim fug"}', DEFAULT, DEFAULT, DEFAULT), ('c3124970-b58c-5748-8a01-4ba1d7466b2b', '51a084b6-d183-5fbc-beeb-9d670865e2cb', 120, 'unlisted', 'Objective Focused Strategy', '{"velit","voluptate anim laboris","Lorem laborum tempor","est ex","cillum duis","excepteur","et amet velit nostrud sunt","laborum incididunt nostrud","aute dolore"}', DEFAULT, DEFAULT, DEFAULT), ('2fbdef88-7d4a-5528-bb59-74f725709563', 'f561c33d-0589-5163-a677-f2a1eb6b3322', 113, 'private', 'Map Control Blueprint', '{"Lorem nulla ad sunt cillum","nostrud","adipisicing eiusmod","ea nulla pariatur nostrud id"}', DEFAULT, DEFAULT, DEFAULT), ('a03637de-3a86-5f2c-a9a1-71bb222f301f', '2067e70c-565d-520b-b56b-19189e5b77f5', 115, 'private', 'Aggressive Rush Strategy', '{}', DEFAULT, DEFAULT, DEFAULT), ('536d5b0c-dc7c-598f-8fa0-b21c4cd85d48', 'fb634118-b8a6-50b7-9010-0317dd27fba6', 116, 'unlisted', 'Counter Pick Blueprint', '{"dolor deserunt adipisicing est","mollit ad dolor","ut occaecat tempor","duis eu","laborum dolor do","consectetur veniam","labore laboris anim enim","elit","nostrud do magna dolor sit"}', DEFAULT, DEFAULT, DEFAULT), ('f04b6b4b-d5ea-517f-8a7d-71713980487c', 'f457d7a7-01f9-5225-b07a-0e782525bbc7', 119, 'unlisted', 'Rotation Strategy Document', '{"officia quis labore aliquip","enim sint qui","eu non","reprehenderit aute laboris conse","ipsum non in","tempor","do minim nostrud","tempor nulla in laboris irure","labore cillum dolor consectetur"}', DEFAULT, DEFAULT, DEFAULT), ('363e1d5b-f7b0-5ee0-a43a-f471f9cf9338', 'b7a89d05-549f-565f-b631-b59097e91d1a', 112, 'private', 'Late Game Scaling Strategy', '{"cillum labore","magna qui duis aute voluptate","reprehenderit","exercitation nisi adipisicing","incididunt nostrud ut","et","laborum velit aute velit","eiusmod magna","cupidatat"}', DEFAULT, DEFAULT, DEFAULT), ('edcc2203-6787-52aa-bc0b-a6dcc59388be', 'f3376d8d-17f3-5259-a5b0-af6d5e21e7e2', 115, 'public', 'Vision Control Blueprint', '{"pariatur proident consequat irur","elit nostrud pariatur eu in","aliquip minim enim","commodo culpa reprehenderit magn","et dolor cupidatat nulla"}', DEFAULT, DEFAULT, DEFAULT), ('474b1c92-271b-5e78-878e-3e82398a6e7c', 'fd8e258e-4711-5b22-b0f3-1f5725eb642f', 112, 'unlisted', 'Jungle Control Playbook', '{"occaecat ut consectetur duis id","voluptate qui","excepteur et ea"}', DEFAULT, DEFAULT, DEFAULT), ('8997d96a-4a2f-5fcd-a0a2-88e875f8bba7', 'bc0fc08c-c3f1-5511-9ab4-45886d657edc', 114, 'unlisted', 'Split Push Blueprint', '{"eiusmod proident","et dolor consequat","in","consequat aute ut","reprehenderit laboris cupidatat","laborum","excepteur deserunt eu nostrud la","cupidatat commodo","voluptate sit quis duis","laborum Lorem quis"}', DEFAULT, DEFAULT, DEFAULT), ('f61f0c83-60cb-5fa8-a27a-67e606b63adb', 'a3df44c1-25a3-5190-a8bc-004597063afc', 116, 'private', 'Defensive Turtle Tactics', '{}', DEFAULT, DEFAULT, DEFAULT), ('30d213ab-4615-5d8b-abee-5b4875c8bfdf', 'b7a89d05-549f-565f-b631-b59097e91d1a', 112, 'private', 'Roaming Support Plan', '{}', DEFAULT, DEFAULT, DEFAULT), ('7d042aff-1b5b-531f-917f-48f2d58d33c7', '43bcab14-4a69-5e60-a07f-cda2fe595a2a', 116, 'private', 'Team Fight Execution Plan', '{"esse quis culpa anim","eu pariatur anim consectetur"}', DEFAULT, DEFAULT, DEFAULT), ('30e1e77d-2bcf-5591-97ec-d99bd552d8f0', 'eea550bd-8120-5fb2-9339-ad3a549506d4', 112, 'public', 'Vision Denial Blueprint', '{"nulla amet nulla pariatur","excepteur sunt sint ex","adipisicing proident incididunt ","Lorem quis laboris","sunt cupidatat ut elit","consequat in qui sint","esse ad","culpa magna","laborum tempor"}', DEFAULT, DEFAULT, DEFAULT), ('d53a4a7c-125e-52cd-8ba3-aa3916f71140', 'bbecd693-8054-5eee-8ada-8e2d5a3c5090', 112, 'unlisted', 'Vision Control Blueprint', '{"Lorem in est","ipsum tempor nostrud minim","amet duis culpa duis","cupidatat occaecat dolore sit"}', DEFAULT, DEFAULT, DEFAULT), ('47f797b2-50c1-56af-abe6-0081dabe5efd', '5b303ef1-7516-512a-ba01-9f0dc05d7d2a', 117, 'private', 'Counter Pick Blueprint', '{"incididunt duis eiusmod","Lorem ullamco","laborum culpa ipsum","irure ea","quis proident in officia exercit"}', DEFAULT, DEFAULT, DEFAULT), ('3ebbec39-d360-5461-b442-70abf723c8b8', 'dc58dd7b-bb54-5abe-8208-becc5e0561ad', 114, 'private', 'Aggressive Rush Strategy', '{"Lorem fugiat","aliquip do","non enim","eiusmod irure","cupidatat anim ex dolore","officia dolore elit","nostrud","Lorem velit"}', DEFAULT, DEFAULT, DEFAULT), ('3821efb6-356e-53bd-8a0b-239426475be5', '79efb743-bb54-546e-8bdf-089509399715', 113, 'public', 'Siege Tactics Handbook', '{}', DEFAULT, DEFAULT, DEFAULT), ('f62571e6-585e-5709-b04e-861b7f3db2d2', '349111f0-5b40-5b21-aeff-8af2b228d28f', 112, 'public', 'Roaming Support Plan', '{"do sit","tempor sit duis","anim Lorem cillum","enim ut adipisicing cillum","est id","excepteur aute nostrud aliqua te","excepteur et elit velit","culpa fugiat reprehenderit sint ","anim nisi proident nostrud"}', DEFAULT, DEFAULT, DEFAULT), ('f706ef0d-b4c8-54ee-ba4a-8f6af14717f8', '061a9df6-5f3b-55cf-9879-eec1a4061457', 112, 'unlisted', 'Counter Pick Blueprint', '{"sint tempor"}', DEFAULT, DEFAULT, DEFAULT), ('da6a602b-9dc0-5e13-87e9-323f368838a2', '844afdcc-93cf-55c8-b0f1-1cc22329a30b', 120, 'unlisted', 'Gank Heavy Approach', '{"cupidatat laboris","dolore velit amet nostrud","nostrud officia eu ut","eu minim esse in"}', DEFAULT, DEFAULT, DEFAULT), ('ae022a2e-97fe-53d7-ace2-f700a65995e2', '8068bdaa-feec-5131-873b-0c940ef3679e', 119, 'unlisted', 'Jungle Control Playbook', '{"anim in exercitation id ex","culpa ad","irure ullamco elit","tempor minim","ut ad","ullamco","veniam velit dolor tempor","occaecat laboris"}', DEFAULT, DEFAULT, DEFAULT), ('7f27719e-c551-5cfa-ab24-3e6a917bc77f', '72b9865e-dd81-5992-b1d1-d2edadfc44c4', 116, 'public', 'Vision Control Blueprint', '{"tempor id laborum veniam","nisi ex quis irure","ad","irure non","nisi ipsum sint","Lorem amet et","aliqua eu qui sunt nisi","occaecat sint"}', DEFAULT, DEFAULT, DEFAULT), ('a7afe8c7-8469-5a59-9246-cc18b3ce4b7b', '9f273059-bf49-55a4-bf95-e6bedcccffe3', 113, 'private', 'Baron Control Strategy', '{"et minim eiusmod","sit Lorem et","culpa sunt","enim velit","magna"}', DEFAULT, DEFAULT, DEFAULT), ('8111ec5f-e01a-5ad1-b89a-b7a64419e202', 'eb3e804d-5ed0-59a1-900b-3b0f9b2cb577', 119, 'public', 'Vision Denial Blueprint', '{"adipisicing dolore","ad et ea fugiat ex"}', DEFAULT, DEFAULT, DEFAULT), ('af41c136-c26c-5e1c-81f1-2d9f923ca606', '9a2c5b91-3c65-50ae-8188-68db1f1edfc4', 116, 'public', 'Aggressive Rush Strategy', '{"nostrud magna aliqua nostrud","voluptate","aliquip pariatur id veniam","non occaecat veniam ipsum","labore veniam elit anim mollit"}', DEFAULT, DEFAULT, DEFAULT), ('7594efe5-aff1-5874-a5ed-4a9edc7b66bf', '844afdcc-93cf-55c8-b0f1-1cc22329a30b', 117, 'unlisted', 'Defensive Turtle Tactics', '{"nulla sit ipsum elit sint","proident Lorem eu","nisi duis magna","dolore sunt occaecat non laboris","amet culpa dolore","nulla pariatur dolor ut fugiat","adipisicing amet","magna id esse ipsum","minim"}', DEFAULT, DEFAULT, DEFAULT), ('ee2f9514-a689-5e06-84f0-7f27b56a3774', '96b48c96-9efc-5ca4-902e-209874bfdb15', 120, 'private', 'Aggressive Rush Strategy', '{"exercitation officia Lorem tempo","et ullamco"}', DEFAULT, DEFAULT, DEFAULT), ('59ac239c-144e-5ca7-b3e8-b97418726740', 'fa904169-96b2-5473-b48d-c7f225d6dfb3', 113, 'unlisted', 'Early Game Dominance Guide', '{"ipsum occaecat elit aute","laboris mollit","ut quis ipsum voluptate laboris","dolor laborum laborum"}', DEFAULT, DEFAULT, DEFAULT), ('7992b22f-6c16-50ae-ae54-fd84bedb78e7', 'd1b6355b-0594-5d07-b55b-72d2c66a1391', 114, 'public', 'Jungle Control Playbook', '{"duis nisi ex eiusmod","velit esse","cillum anim aute","reprehenderit","minim commodo cupidatat","consequat","aliquip dolore aliquip","aliqua proident labore"}', DEFAULT, DEFAULT, DEFAULT), ('eeb6a56c-bf20-5164-a9c4-2438947a1635', '63e38d08-3dd9-5569-ab28-f70e94b3cdb7', 111, 'public', 'Split Push Blueprint', '{"ea velit","quis commodo sit ea elit","non reprehenderit","et"}', DEFAULT, DEFAULT, DEFAULT), ('ba263b84-62af-5be6-a1da-34f8a9b1c708', '88133dcb-8b00-5c2c-aee5-9f0743f5239d', 118, 'public', 'Team Fight Execution Plan', '{"deserunt mollit aliqua ullamco","in nisi","nisi aute voluptate","enim aute"}', DEFAULT, DEFAULT, DEFAULT), ('0eda511d-00fb-5edd-a94c-61620ced28e5', '0f271189-6f05-5fbd-95b4-ad7e10a0703b', 113, 'private', 'Defensive Turtle Tactics', '{"aute proident elit","ad do duis laborum"}', DEFAULT, DEFAULT, DEFAULT), ('4a82ca5f-1296-51b0-9319-05459a439c92', 'cb82a658-7a6b-5f53-8103-de934a9d041a', 119, 'unlisted', 'Team Fight Execution Plan', '{"ea dolor ex anim"}', DEFAULT, DEFAULT, DEFAULT), ('230e6990-91f4-5dc7-b6bc-229a44985e25', '549980e7-3e77-5d76-b263-84664d04b209', 112, 'private', 'Gank Heavy Approach', '{"nostrud ut","et nulla","irure sint ut","aute do fugiat officia","ipsum","anim qui"}', DEFAULT, DEFAULT, DEFAULT), ('01a97da4-f21e-511b-9160-a834d5d7f82e', '91434b27-2651-5429-8f42-45c3f8e334a0', 113, 'unlisted', 'Split Push Blueprint', '{"aliqua magna consequat","aliquip est id","velit","et magna enim adipisicing","enim occaecat","laboris nisi quis","mollit tempor in irure","nulla ex tempor non","et irure consectetur deserunt"}', DEFAULT, DEFAULT, DEFAULT), ('1c5613fb-a627-5391-a9ff-0cc49d9b395b', 'bbecd693-8054-5eee-8ada-8e2d5a3c5090', 116, 'unlisted', 'Early Game Dominance Guide', '{"do sint qui","fugiat commodo","laboris mollit dolor","et fugiat","culpa","dolor ipsum quis tempor","in sint elit"}', DEFAULT, DEFAULT, DEFAULT), ('69b55afa-a769-5eae-849b-0607118f6f38', '026debf8-8a71-53bf-8bd1-1046d4d33b6c', 117, 'public', 'Aggressive Rush Strategy', '{"culpa veniam","sit Lorem qui velit","ex dolor","aliquip aute commodo"}', DEFAULT, DEFAULT, DEFAULT), ('5653d3f7-e466-5b59-9cc7-02634d975655', '438bff0e-fd50-5c86-89ee-d397a0c0e548', 120, 'unlisted', 'Wave Management Plan', '{"fugiat amet in ex sit","aliqua veniam","deserunt"}', DEFAULT, DEFAULT, DEFAULT), ('11917a47-b89e-5663-8d37-049fe2bf5b34', '28a1ca86-fc34-5d5b-bda6-792b581f58de', 112, 'unlisted', 'Late Game Scaling Strategy', '{"fugiat irure irure","fugiat est consequat eu","excepteur exercitation"}', DEFAULT, DEFAULT, DEFAULT), ('c68ff46b-b1a9-581e-aa43-737e3b976580', 'b5f933d0-c28e-517c-9fca-d9e38dc742a2', 113, 'unlisted', 'Objective Focused Strategy', '{"incididunt aliqua voluptate magn","minim enim","elit","et non proident","adipisicing aliquip sit anim","fugiat proident exercitation et","in officia sit","qui deserunt non magna","occaecat non ea id"}', DEFAULT, DEFAULT, DEFAULT), ('e8d13e33-32bc-5c1a-9371-8f828965d869', '91fa3874-9437-5dfa-a49a-f19fb38d9e92', 116, 'public', 'Early Game Dominance Guide', '{"sunt commodo amet nostrud magna","magna excepteur enim et enim","velit","sit qui mollit","sit laboris commodo deserunt","aliquip"}', DEFAULT, DEFAULT, DEFAULT), ('79cca71d-1dd7-5b78-9e31-229bb9872504', '8068bdaa-feec-5131-873b-0c940ef3679e', 114, 'public', 'Wave Management Plan', '{"et","irure duis sunt","sit Lorem"}', DEFAULT, DEFAULT, DEFAULT), ('cdf1b1e3-61cd-52e6-b86e-eec98ea71e23', '750322e1-101b-5f9e-b670-d325392f4504', 118, 'private', 'Siege Tactics Handbook', '{"amet excepteur"}', DEFAULT, DEFAULT, DEFAULT), ('98ea8abd-4f3f-5750-b436-afb8aa79fb82', 'ad1bbcac-cdbb-551f-b25a-b14b40074515', 117, 'private', 'Wave Management Plan', '{"sit","excepteur minim anim id","consequat","nulla proident laboris","commodo in consequat dolore","sunt eu","est elit magna"}', DEFAULT, DEFAULT, DEFAULT), ('bc227bd7-3214-5075-bca0-3f60046ac216', '9af6e0ef-7015-5390-856a-705032c2e40e', 114, 'unlisted', 'Map Control Blueprint', '{"eu aliquip","amet pariatur officia ut in","officia id nostrud","commodo consequat reprehenderit","dolor cillum et","dolor dolore","eu consectetur mollit","culpa exercitation","aliqua dolor"}', DEFAULT, DEFAULT, DEFAULT), ('8fd84214-96a6-5d6c-8437-0646145f15a1', 'cd1520c4-af17-5e1e-b5b0-a9e95f36a7c4', 114, 'unlisted', 'Split Push Blueprint', '{"culpa voluptate","ad incididunt nulla ut elit","anim","officia","excepteur est ea"}', DEFAULT, DEFAULT, DEFAULT), ('7b269807-4fdc-5847-8a5c-807ffa02f953', '65d8ad86-6271-552b-8704-fabcdcf18cdb', 120, 'public', 'Aggressive Rush Strategy', '{"Lorem anim","dolor non officia magna","officia Lorem culpa nisi","incididunt","sit"}', DEFAULT, DEFAULT, DEFAULT), ('cf8258c4-f278-5c75-a944-c2bcba526ad4', 'f8caf156-ccf0-5aea-a4e4-6c70f58a603e', 119, 'private', 'Objective Focused Strategy', '{"tempor ad tempor officia","nostrud reprehenderit id","labore laborum dolor duis","duis reprehenderit","consectetur sit enim minim repre","consectetur commodo exercitation","irure minim occaecat","irure sint mollit sunt"}', DEFAULT, DEFAULT, DEFAULT), ('2e51b4b0-68ac-5e21-94a2-b7afb1b16016', 'c3c19070-f0b8-5d8b-8806-a00d5fe919aa', 113, 'unlisted', 'Objective Focused Strategy', '{"fugiat","voluptate","sit magna commodo","consequat eiusmod officia","pariatur occaecat exercitation","commodo labore dolor dolore","est minim mollit","occaecat aute eu","cupidatat dolor","incididunt nulla"}', DEFAULT, DEFAULT, DEFAULT), ('6e9d8d45-1d4b-5cdd-92c5-76194015ba99', 'a69d43fa-2222-5203-b590-140e62599451', 120, 'unlisted', 'Team Fight Execution Plan', '{"exercitation reprehenderit qui","mollit esse id veniam","commodo veniam tempor sit nulla","commodo ad","eu adipisicing consectetur","nulla qui nulla ad","ullamco dolor","quis sit"}', DEFAULT, DEFAULT, DEFAULT), ('fac7e894-3f38-5663-bc98-486c88732ea4', 'ad1bbcac-cdbb-551f-b25a-b14b40074515', 119, 'public', 'Objective Focused Strategy', '{"ullamco excepteur elit aute","do"}', DEFAULT, DEFAULT, DEFAULT), ('7d360079-2c18-5c6d-a1b8-85eb411ace3d', '7c1b7c00-d84e-5216-9c13-9544eccd96d4', 118, 'unlisted', 'Aggressive Rush Strategy', '{"ad proident ea","amet laborum proident ut laboris","aute fugiat","ut in excepteur","laboris enim tempor"}', DEFAULT, DEFAULT, DEFAULT), ('be194c18-6eee-5ff6-a117-608bade8a86e', '831f051c-863e-5783-acbb-10017cb1c3ce', 117, 'private', 'Vision Control Blueprint', '{"mollit voluptate eiusmod","qui magna"}', DEFAULT, DEFAULT, DEFAULT), ('74297878-a21d-59b7-aced-265d4a9f30fa', 'f754848a-9cd5-551c-9bb4-aa81e33b42af', 120, 'public', 'Gank Heavy Approach', '{"in voluptate excepteur","incididunt","nulla officia","dolore laborum pariatur dolor","tempor","consequat et","pariatur nisi occaecat","officia"}', DEFAULT, DEFAULT, DEFAULT), ('a0c5fdb3-1581-541b-b560-7473e0935643', '1c40127d-ff75-5e7b-a8cb-0c9592423db2', 112, 'unlisted', 'Jungle Control Playbook', '{"officia","reprehenderit nostrud enim","nulla cupidatat non non","et culpa occaecat voluptate","ad incididunt","adipisicing veniam proident"}', DEFAULT, DEFAULT, DEFAULT), ('5bf01130-69dd-5547-acc0-717bf1395fda', '9d87fe57-7f5a-555d-8ceb-54297334ec14', 120, 'unlisted', 'Vision Control Blueprint', '{"exercitation","fugiat voluptate","qui aute officia aliqua magna","consequat et proident","sit magna nulla velit","est cillum"}', DEFAULT, DEFAULT, DEFAULT), ('1e052062-4999-589c-af48-bc4a3df69d05', '9f273059-bf49-55a4-bf95-e6bedcccffe3', 118, 'private', 'Secure Objective Playbook', '{"reprehenderit nisi ipsum","ex ea deserunt","deserunt aute cillum","eiusmod nostrud enim","voluptate dolore","Lorem","anim ex"}', DEFAULT, DEFAULT, DEFAULT), ('38b49ca8-b50c-5e98-af9e-9c3898d28f8f', '9d87fe57-7f5a-555d-8ceb-54297334ec14', 119, 'private', 'Aggressive Rush Strategy', '{"irure","quis","aliqua voluptate excepteur cupid","elit qui pariatur","ad","amet do","ex non et sunt"}', DEFAULT, DEFAULT, DEFAULT), ('9b261f2f-f0b0-57c3-9c3a-156a89bfc9aa', 'e334db45-3389-5a47-b7c9-4ff8121637b5', 117, 'unlisted', 'Secure Objective Playbook', '{"dolor sunt officia aliqua","non duis aute do","qui id minim adipisicing adipisi","sunt deserunt velit excepteur","ipsum","proident labore consectetur","velit laboris","pariatur"}', DEFAULT, DEFAULT, DEFAULT), ('2d9d0644-e0d8-5f5d-84c2-071cd2c099ce', 'd6d652bf-48a5-5a85-a95d-16c25edc5397', 111, 'public', 'Defensive Turtle Tactics', '{"tempor in velit nulla commodo","amet eiusmod","consectetur dolore irure dolor i","qui nostrud"}', DEFAULT, DEFAULT, DEFAULT), ('b8c7a039-d039-57f7-bd1e-253b05ef8c03', '2daf5548-f681-577a-9912-670e1304b2ad', 112, 'private', 'Vision Denial Blueprint', '{"ipsum consectetur ea minim elit","elit do","non pariatur","commodo consectetur ea eiusmod","ad ut","do"}', DEFAULT, DEFAULT, DEFAULT), ('110d19c8-9e0d-5f75-a721-b94eb9080526', 'b21c180f-341f-510e-96d3-d4e40909d89e', 112, 'private', 'Objective Focused Strategy', '{"Lorem enim","laborum consequat dolore","amet fugiat esse incididunt temp"}', DEFAULT, DEFAULT, DEFAULT), ('09923517-e55a-5deb-98cb-d64b27c0ab72', '644bfc5c-cf27-5d76-8355-4e4c8d73061f', 119, 'unlisted', 'Baron Control Strategy', '{"labore ipsum ut commodo ea","dolore magna sunt ullamco","anim tempor culpa","laboris enim quis mollit reprehe","dolor sunt minim","nulla"}', DEFAULT, DEFAULT, DEFAULT), ('e5bd85d5-1f62-5598-9176-4bfd393badbe', '09617df2-6261-5b47-bc30-85d317367d48', 114, 'public', 'Vision Denial Blueprint', '{"ullamco reprehenderit","cupidatat","et aliquip tempor","anim aliquip duis laborum"}', DEFAULT, DEFAULT, DEFAULT), ('e8eb7547-d359-5d88-afb0-cca98349d023', 'df0b9534-eb70-596b-965a-89561ef803da', 118, 'public', 'Counter Pick Blueprint', '{"do est ut","non labore","nostrud exercitation reprehender","sint do et dolore","duis id"}', DEFAULT, DEFAULT, DEFAULT), ('0e4135c9-4c74-5717-9ee1-cbbb37873838', 'da67a96b-9942-5dc8-b342-59c6ccb73527', 120, 'public', 'Team Fight Execution Plan', '{"veniam consectetur","ea","est mollit dolore","consectetur magna aute","do eu dolor sunt fugiat","occaecat ad sint reprehenderit","do ullamco voluptate et reprehen"}', DEFAULT, DEFAULT, DEFAULT), ('eb9d24ec-f15e-5e4f-870e-dd537efcd168', '01bb02e3-6d00-5b11-ba00-2f6b060dfb2e', 111, 'private', 'Counter Pick Blueprint', '{"non","elit minim adipisicing anim","cupidatat","sint esse","id incididunt deserunt","est sint cupidatat esse"}', DEFAULT, DEFAULT, DEFAULT), ('688a2e3c-848e-5787-bd83-705a15229924', '88133dcb-8b00-5c2c-aee5-9f0743f5239d', 113, 'unlisted', 'Counter Pick Blueprint', '{"nostrud quis","dolor Lorem sunt","enim reprehenderit enim","sint laboris","quis magna ipsum et","qui cupidatat exercitation elit ","exercitation sit"}', DEFAULT, DEFAULT, DEFAULT), ('a042a037-2e40-50ce-ae48-3f063c3067bb', '00644310-2ebb-53b6-b6cd-c599924419bd', 118, 'unlisted', 'Roaming Support Plan', '{"sunt qui voluptate","et elit irure et","voluptate qui commodo","cupidatat aliqua id quis","dolor eiusmod nostrud sunt","nisi consequat"}', DEFAULT, DEFAULT, DEFAULT), ('cb4eaa5a-1f18-571e-9566-4c1753ad9134', 'ede942ce-5022-581a-99ff-f8ebb6d10d8a', 114, 'private', 'Vision Control Blueprint', '{"duis fugiat magna sunt sit","nulla","ut et"}', DEFAULT, DEFAULT, DEFAULT), ('2076216c-1b19-5f7f-b10d-db3cae2b4567', '305fa448-c3bf-59c7-a989-19ae69ce0725', 114, 'private', 'Defensive Turtle Tactics', '{"non aliquip","officia ut ut","pariatur in tempor amet","adipisicing mollit quis","veniam veniam adipisicing culpa","deserunt consectetur deserunt","et nulla","pariatur"}', DEFAULT, DEFAULT, DEFAULT), ('a0bd7980-cac4-5ded-adc5-004548282723', 'a9072b83-7976-58e9-a9c4-45664532f42e', 112, 'unlisted', 'Vision Control Blueprint', '{"laboris","cupidatat nostrud ut sunt","occaecat qui","dolore proident Lorem id laboris","adipisicing cupidatat","occaecat sint","dolor laborum","anim eiusmod dolore occaecat","esse commodo cillum mollit labor","Lorem tempor nulla veniam esse"}', DEFAULT, DEFAULT, DEFAULT), ('e94657cc-5d4a-53ce-8902-19b99712c3c6', 'bc0fc08c-c3f1-5511-9ab4-45886d657edc', 112, 'unlisted', 'Vision Control Blueprint', '{"minim in ea","nostrud ipsum Lorem"}', DEFAULT, DEFAULT, DEFAULT), ('cdee6d23-791e-5a74-aba4-6e6c1b3863e7', '2daf5548-f681-577a-9912-670e1304b2ad', 114, 'unlisted', 'Baron Control Strategy', '{"elit dolore ad esse","nisi labore amet","eiusmod aute","consectetur minim Lorem dolore","consectetur amet voluptate adipi","nulla et veniam aute","irure aliqua cillum qui velit"}', DEFAULT, DEFAULT, DEFAULT), ('d5a4641d-8cbb-5fd0-89e3-ac12979b690c', '3d4df0ce-5a7f-53e4-b486-95faf0a09720', 114, 'unlisted', 'Secure Objective Playbook', '{"ad in"}', DEFAULT, DEFAULT, DEFAULT), ('ab58f5b2-4308-5685-a477-a4b54637b2a0', '98bf31df-37fd-5af6-86dd-8686cdc35eeb', 111, 'unlisted', 'Roaming Support Plan', '{"dolore do","eu cillum","quis deserunt cupidatat consecte","esse pariatur","et ea reprehenderit est","anim non exercitation dolor","culpa veniam dolor"}', DEFAULT, DEFAULT, DEFAULT), ('025da8e7-6d47-53be-9689-b0604284733b', '19495f2f-99a6-5394-9596-a1d3fb0d3196', 118, 'unlisted', 'Gank Heavy Approach', '{"aute pariatur consequat","nisi culpa","dolor nisi","commodo enim laboris","eu veniam laboris ipsum","occaecat esse","dolor qui laboris cupidatat est","culpa eu","occaecat reprehenderit sunt"}', DEFAULT, DEFAULT, DEFAULT), ('cfc01e92-0e9c-5f58-b116-ac73af2ff344', '6fc34c52-742f-56c2-b6c3-89dee63a8839', 119, 'private', 'Baron Control Strategy', '{"in voluptate labore","laboris pariatur officia ullamco","culpa laboris non fugiat"}', DEFAULT, DEFAULT, DEFAULT), ('6c7a0737-5d09-56f1-9a60-9ca811b68d40', '830a4bb5-d929-5c1b-94fc-74a53795cc52', 116, 'public', 'Late Game Scaling Strategy', '{"laborum qui","nulla","labore aliqua elit"}', DEFAULT, DEFAULT, DEFAULT), ('b74b781d-f3ca-5ce2-a262-c20f23455d05', '1716ac71-f35f-52a7-acdc-316247462f37', 111, 'private', 'Team Fight Execution Plan', '{"fugiat aliqua est","occaecat ea fugiat dolor","eiusmod non reprehenderit labori","commodo"}', DEFAULT, DEFAULT, DEFAULT), ('ae76c1cf-66c9-5bf7-8fc8-d1e1260ab8bd', '81c0ac96-db11-5f37-9096-e63c41141a90', 114, 'public', 'Jungle Control Playbook', '{"cillum laboris excepteur dolor","ea sint sit cupidatat","deserunt in"}', DEFAULT, DEFAULT, DEFAULT), ('3267d96d-4a33-5c13-9ef8-eb9652f76262', '47c1a5aa-1c4a-5781-9c8f-968a639137d7', 115, 'public', 'Late Game Scaling Strategy', '{"anim voluptate","consequat incididunt","sint eiusmod id","commodo enim","ea est ad"}', DEFAULT, DEFAULT, DEFAULT), ('272ce823-3f81-5671-93a8-93655178aa67', 'f754848a-9cd5-551c-9bb4-aa81e33b42af', 119, 'unlisted', 'Counter Pick Blueprint', '{"aliqua nulla magna","commodo ut quis consequat labori","aliqua ad","adipisicing nostrud pariatur dui"}', DEFAULT, DEFAULT, DEFAULT), ('0cd365ac-6479-5889-b532-b02ce5d93b9f', '305fa448-c3bf-59c7-a989-19ae69ce0725', 111, 'unlisted', 'Wave Management Plan', '{"fugiat ut cillum","sit qui cillum tempor","qui","ipsum dolor laborum minim sunt","reprehenderit anim cupidatat ali","quis","duis","minim consequat"}', DEFAULT, DEFAULT, DEFAULT), ('d1c31a1f-140d-5b01-95f7-3fc15003186c', '88514f78-7770-5bc2-96a4-f0f4ebcab4a4', 112, 'public', 'Baron Control Strategy', '{"quis"}', DEFAULT, DEFAULT, DEFAULT), ('139e14ed-bbf1-5d48-a6cc-84c72c891164', 'df90352f-468b-5345-9b3e-522b747ccf55', 114, 'unlisted', 'Jungle Control Playbook', '{"magna dolore laborum veniam","irure velit","nisi ex","velit reprehenderit aute"}', DEFAULT, DEFAULT, DEFAULT), ('586f1ac8-f524-5f8c-88e2-184c02d5ef6d', '28e4b717-ba20-5ce6-96db-f08421aa2fc7', 120, 'private', 'Aggressive Rush Strategy', '{"ex velit ullamco magna incididun","laboris amet ex","cupidatat consectetur minim non "}', DEFAULT, DEFAULT, DEFAULT), ('62075432-2441-5ae8-a3d3-0c53f1490707', '386af548-38a2-54d8-bcb7-4bb0b3a08bf8', 116, 'public', 'Vision Denial Blueprint', '{"minim cillum mollit","amet aute magna veniam","nostrud nostrud","officia laborum occaecat consequ"}', DEFAULT, DEFAULT, DEFAULT), ('7e2a3012-f429-5959-8e79-e27f888f9ce7', 'ddb44318-7e83-5b4d-8ba4-3bbd19edd327', 113, 'public', 'Baron Control Strategy', '{"aute qui quis irure","cillum in consectetur","commodo est duis aliqua","aliqua laboris","excepteur deserunt qui eu","ipsum sint incididunt irure do"}', DEFAULT, DEFAULT, DEFAULT), ('b8821e56-73f0-54d5-b485-728d64492250', '398ada6e-edca-5873-8a7e-46f58b50e62b', 113, 'private', 'Gank Heavy Approach', '{"voluptate eiusmod culpa aliqua p"}', DEFAULT, DEFAULT, DEFAULT), ('41c6ea7f-18a9-55e6-b2ba-f0f4f40a17bf', 'eea550bd-8120-5fb2-9339-ad3a549506d4', 113, 'unlisted', 'Siege Tactics Handbook', '{"voluptate duis dolor aliqua duis"}', DEFAULT, DEFAULT, DEFAULT), ('6071eb55-6bca-516b-b2e7-cdcdc70b2f27', 'fb634118-b8a6-50b7-9010-0317dd27fba6', 114, 'private', 'Rotation Strategy Document', '{"fugiat consectetur elit proident","in consequat","tempor qui proident anim","fugiat amet nostrud","consequat nulla voluptate","labore anim","est et ea elit"}', DEFAULT, DEFAULT, DEFAULT), ('d7cdb9d2-07a6-5208-bc43-84429587c78d', '21d7354f-afef-5425-9907-92a0ff9e7110', 114, 'private', 'Gank Heavy Approach', '{"duis excepteur pariatur nisi","dolor","consectetur veniam voluptate nos","esse aliquip non","cupidatat exercitation","id ex elit","nostrud","qui reprehenderit culpa ad","occaecat ut dolore enim","cillum magna"}', DEFAULT, DEFAULT, DEFAULT), ('edba76b8-16c2-5d65-8407-7c8846b18c8d', '750322e1-101b-5f9e-b670-d325392f4504', 119, 'private', 'Defensive Turtle Tactics', '{"cillum irure ex in","amet laborum magna proident","dolore nulla aliquip","dolore eiusmod","deserunt non eiusmod non","ut cupidatat","in","sit","exercitation","minim commodo excepteur ea"}', DEFAULT, DEFAULT, DEFAULT), ('4961b154-685f-5c2d-b1f1-598100239ea4', '8b474939-245b-5ed9-b06a-21432e2b9115', 112, 'public', 'Early Game Dominance Guide', '{"laboris sunt adipisicing","labore consequat pariatur"}', DEFAULT, DEFAULT, DEFAULT), ('81b648c1-576c-5086-ba4f-2125060d9cf0', 'af85f96c-efbd-584c-bdd4-26c4e2f3e556', 116, 'unlisted', 'Siege Tactics Handbook', '{"et cupidatat officia excepteur n","anim duis officia sit","consequat eiusmod proident venia","culpa fugiat"}', DEFAULT, DEFAULT, DEFAULT), ('edcc20e9-95a3-50eb-b84c-a2ac5801dd1f', '9d87fe57-7f5a-555d-8ceb-54297334ec14', 117, 'private', 'Objective Focused Strategy', '{"quis sit proident ea anim","cupidatat incididunt Lorem fugia","eiusmod veniam","quis veniam","est eu","occaecat pariatur incididunt ad","proident proident occaecat","Lorem magna duis","enim"}', DEFAULT, DEFAULT, DEFAULT), ('0f7963e1-2931-5603-b1f8-5f29e095a36f', 'db9f2a26-569b-5431-9216-bcd2cf256bbd', 118, 'private', 'Aggressive Rush Strategy', '{"do adipisicing deserunt elit ad","duis ut","ut","voluptate cupidatat minim conseq","elit magna consectetur voluptate","sunt est velit et"}', DEFAULT, DEFAULT, DEFAULT), ('d90cf80e-490d-5c8c-85cc-9c761060fca5', '54473828-0225-5307-b53c-7a0fc46ac63c', 119, 'public', 'Defensive Turtle Tactics', '{"nisi velit","commodo voluptate excepteur repr","occaecat","sunt nulla aliquip consectetur","tempor exercitation","minim eiusmod eiusmod","duis deserunt id","incididunt enim minim labore"}', DEFAULT, DEFAULT, DEFAULT), ('84a00f8f-8f65-512e-a89a-396ebb944774', 'e7ba2b18-a57c-5b02-9714-d376d9ea922f', 120, 'unlisted', 'Counter Pick Blueprint', '{"occaecat fugiat laboris irure","aliquip reprehenderit","sunt dolor"}', DEFAULT, DEFAULT, DEFAULT), ('24530daa-18f4-5736-824e-740b98d86f84', '1bf9a820-bb8f-59cd-8902-84a62a1aa29f', 118, 'public', 'Objective Focused Strategy', '{"culpa","minim voluptate","fugiat ipsum culpa consequat ame"}', DEFAULT, DEFAULT, DEFAULT), ('cef44dbb-01f1-53f9-a51f-bce20b8c9729', 'e2b744a0-a170-5a87-828d-34cc6f64ca05', 115, 'private', 'Gank Heavy Approach', '{"magna voluptate velit et","ad quis","aliqua"}', DEFAULT, DEFAULT, DEFAULT), ('2f432e43-c578-5d3f-a9f6-658650551fe1', 'e09a1a6c-2073-587c-bb13-604903ae6e80', 117, 'public', 'Vision Denial Blueprint', '{"ex aliqua","ut","consectetur eiusmod anim ex","mollit tempor deserunt laboris m","est id mollit"}', DEFAULT, DEFAULT, DEFAULT), ('9e0ad23d-bafe-536b-a992-47ea353cf3b5', 'a69d43fa-2222-5203-b590-140e62599451', 119, 'unlisted', 'Gank Heavy Approach', '{"laborum eu","laboris qui ea","deserunt eu occaecat labore","id","ut reprehenderit quis","esse magna qui","consequat dolore commodo","cillum veniam officia incididunt"}', DEFAULT, DEFAULT, DEFAULT), ('ba4f3542-9d48-574a-8df6-823d78106037', 'ac9f0e3e-b030-584f-a8dd-87355fe22537', 115, 'public', 'Defensive Turtle Tactics', '{"labore","et cillum ad cillum","enim commodo","amet voluptate","sint consequat id cupidatat","eiusmod tempor nisi ut","ex amet ad"}', DEFAULT, DEFAULT, DEFAULT), ('d5920fa6-848e-5195-b671-9577ccf74a26', '7bf99080-cdc6-5456-b6d5-417e28b4eba5', 117, 'public', 'Roaming Support Plan', '{"laborum laborum do consequat cil"}', DEFAULT, DEFAULT, DEFAULT), ('60e1ec45-4b3f-5cd2-b9e9-a6fd50c32391', '09bca3f4-0d37-5f5a-b637-9d7942a17cff', 120, 'public', 'Vision Denial Blueprint', '{"nisi ad reprehenderit","nisi occaecat amet nulla","ea"}', DEFAULT, DEFAULT, DEFAULT), ('4152396c-eaf9-5aeb-9b7d-6c26ad4d722c', 'e25e0c45-28e1-5923-b63d-64b8ddeff422', 118, 'unlisted', 'Defensive Turtle Tactics', '{"aliqua quis proident ipsum culpa","magna id anim reprehenderit"}', DEFAULT, DEFAULT, DEFAULT), ('82c66b9e-374b-5deb-960b-0b761f066806', '1bf9a820-bb8f-59cd-8902-84a62a1aa29f', 116, 'public', 'Late Game Scaling Strategy', '{"minim non"}', DEFAULT, DEFAULT, DEFAULT), ('cb1a8444-be9e-581c-8a1e-9f0d5870d484', '70b4d1da-5ee3-5bd6-aecb-9af8ab670b84', 111, 'public', 'Wave Management Plan', '{"veniam elit consequat","do","ullamco nulla"}', DEFAULT, DEFAULT, DEFAULT), ('b4086fbf-8b55-5b20-af96-270e53efd260', '09bca3f4-0d37-5f5a-b637-9d7942a17cff', 117, 'unlisted', 'Siege Tactics Handbook', '{"cupidatat officia non","aliqua","laboris et officia","incididunt voluptate","non","laboris enim cupidatat","exercitation exercitation aliqui","eiusmod consequat reprehenderit"}', DEFAULT, DEFAULT, DEFAULT), ('7dc2a385-02fd-5e9e-8ca3-480d310ce988', '811570ef-0b81-508d-ba05-2f5e812d4131', 112, 'unlisted', 'Late Game Scaling Strategy', '{"anim enim nulla voluptate","amet non magna consectetur","do aute","magna enim labore nostrud"}', DEFAULT, DEFAULT, DEFAULT), ('bd010a0a-cb39-59ee-8218-e7f775ac9a01', 'bbecd693-8054-5eee-8ada-8e2d5a3c5090', 118, 'private', 'Counter Pick Blueprint', '{"nulla","culpa pariatur nisi laboris sint"}', DEFAULT, DEFAULT, DEFAULT), ('eb100a5e-fbbc-5189-b323-e08ca1ddf4b2', '1716ac71-f35f-52a7-acdc-316247462f37', 117, 'public', 'Map Control Blueprint', '{"minim aute eiusmod","amet eu duis","dolore laboris","est sunt ut ut","fugiat dolor eiusmod","sit sunt aute cupidatat est","et dolor","anim sit excepteur non","amet occaecat"}', DEFAULT, DEFAULT, DEFAULT), ('e43c6b3b-10fe-54f2-a09c-2f23976dbe42', '305fa448-c3bf-59c7-a989-19ae69ce0725', 113, 'public', 'Counter Pick Blueprint', '{"eu ullamco excepteur fugiat irur","ex do ad","proident eu do","in elit consequat laborum aliqua"}', DEFAULT, DEFAULT, DEFAULT), ('145f2d17-d2b0-59ee-98c0-d8b6d6c741cd', 'c801d235-e02a-5267-8201-eecb86948b65', 115, 'unlisted', 'Wave Management Plan', '{"duis occaecat","non mollit","laborum do","do adipisicing proident ea","nostrud adipisicing minim aliqui","minim laborum","esse non","aliqua irure excepteur ad"}', DEFAULT, DEFAULT, DEFAULT), ('27b7fc92-c399-5aec-bc43-ea4a7d41c984', '734282bd-df4e-5f8d-afc5-83f4c9131800', 117, 'unlisted', 'Gank Heavy Approach', '{}', DEFAULT, DEFAULT, DEFAULT), ('16e13bc2-bae9-5a1b-a23b-7f2503b73a03', '5531f3c9-2ccc-59e8-86e8-da1800808ec2', 115, 'private', 'Baron Control Strategy', '{"cillum cupidatat elit sit","anim dolor ipsum ipsum","veniam aliqua","aute non occaecat anim","ea magna","incididunt laboris eu cillum","reprehenderit mollit do"}', DEFAULT, DEFAULT, DEFAULT), ('fb9a721d-7da1-577d-a721-ae00139d250b', 'cf1d2e5e-3a18-5518-8e4c-387978992b8a', 119, 'unlisted', 'Aggressive Rush Strategy', '{"anim incididunt mollit","ad labore exercitation proident","in commodo nostrud","excepteur enim irure","officia duis","fugiat pariatur veniam consequat"}', DEFAULT, DEFAULT, DEFAULT), ('8514b549-2321-5223-bcae-362fbfc61c61', '45173bfe-a11f-574a-ac25-21cda1308ec9', 111, 'private', 'Split Push Blueprint', '{"non"}', DEFAULT, DEFAULT, DEFAULT), ('8d222d98-29f0-5123-b99d-cc9f19493b20', '404e076e-a943-52e4-a2ce-10591a9caa1f', 118, 'public', 'Aggressive Rush Strategy', '{"ullamco ex","eiusmod incididunt","sit aliqua irure","culpa mollit veniam","aliquip","ipsum id"}', DEFAULT, DEFAULT, DEFAULT), ('5ba895cd-4107-5c9d-a9cb-bd2d24899776', '88133dcb-8b00-5c2c-aee5-9f0743f5239d', 117, 'private', 'Vision Denial Blueprint', '{"id esse enim","laborum ullamco est velit","veniam ex","et do","voluptate nulla cillum","sit velit dolor nisi"}', DEFAULT, DEFAULT, DEFAULT), ('73b23aba-b5e2-5b24-b442-00922b22f275', '846cad2b-ac62-5a23-a4c4-8886771e6a4c', 114, 'private', 'Jungle Control Playbook', '{"incididunt irure sunt laborum ul","enim do eu","cillum magna exercitation","magna id aliquip esse","consectetur non"}', DEFAULT, DEFAULT, DEFAULT), ('0e1a0168-a26a-5feb-9c91-7bd40d62afcc', '91fa3874-9437-5dfa-a49a-f19fb38d9e92', 117, 'private', 'Map Control Blueprint', '{"adipisicing in sit","qui ut occaecat","ut exercitation labore"}', DEFAULT, DEFAULT, DEFAULT), ('9348bed0-a52a-59cd-98df-ed8ab48ba4f7', '1332e392-1ac8-57d9-8262-948f66c89fe9', 116, 'private', 'Defensive Turtle Tactics', '{"aliqua et ut ad","irure duis reprehenderit anim","fugiat aliqua aliqua","sunt ex eiusmod nulla","nisi ullamco","anim excepteur anim ipsum exerci","est reprehenderit consequat labo"}', DEFAULT, DEFAULT, DEFAULT), ('1507f034-16ba-5219-b927-72f72394b9da', 'd19db439-c7e7-53a7-aa19-0db346180dc1', 120, 'unlisted', 'Wave Management Plan', '{"officia enim est ad","ut est id nostrud","sunt fugiat tempor sunt","labore","esse ut non non ipsum"}', DEFAULT, DEFAULT, DEFAULT), ('3d6517ba-6968-54c9-9934-5dca00f20f48', '960932a7-c474-5ba2-97bb-0581aeeca485', 118, 'private', 'Defensive Turtle Tactics', '{"aliquip exercitation reprehender","id sit duis qui","dolore deserunt incididunt est","aliqua exercitation","reprehenderit duis tempor cillum","et officia cupidatat","nostrud tempor anim"}', DEFAULT, DEFAULT, DEFAULT), ('253eb1a7-6466-5751-bb80-ba728a9d5688', '8891aca3-b326-5a45-a77b-46ff3fd96d49', 120, 'public', 'Split Push Blueprint', '{"nulla fugiat","ea ex in sunt consequat","ullamco pariatur tempor"}', DEFAULT, DEFAULT, DEFAULT), ('84afba7a-f643-5519-b420-54d83f591e9d', '1d01e569-eec7-553a-916b-70c8b1d0f9ec', 115, 'unlisted', 'Roaming Support Plan', '{"deserunt non","deserunt ea quis","nisi dolor esse aute","labore amet non nostrud","non minim"}', DEFAULT, DEFAULT, DEFAULT), ('59b35be9-9d21-5b79-8875-4954a08d7239', '59f89533-99ba-5296-9d71-0a2d936ac633', 115, 'public', 'Late Game Scaling Strategy', '{"sint culpa","labore","deserunt cillum","nisi sint amet"}', DEFAULT, DEFAULT, DEFAULT), ('b3ff9604-63d2-533f-8bbb-d5f0486381ad', '3a804324-748d-571a-afad-6b9c20a35337', 115, 'unlisted', 'Rotation Strategy Document', '{"aute","est ipsum","velit eiusmod","nisi elit","ex ullamco ullamco","veniam do"}', DEFAULT, DEFAULT, DEFAULT), ('bcc899da-7629-5e0e-b560-5f5f6e7060e1', '262a78c7-eb9d-5e1a-8e58-41ecb0c31fbd', 119, 'private', 'Counter Pick Blueprint', '{"ad reprehenderit","magna magna et","quis cupidatat nisi","cupidatat laboris officia","ex magna adipisicing nisi","veniam","ad ut","culpa anim id","do nisi in nostrud dolore"}', DEFAULT, DEFAULT, DEFAULT), ('96dbca51-d731-5e2c-a3d4-62e8f0faa072', '88133dcb-8b00-5c2c-aee5-9f0743f5239d', 115, 'unlisted', 'Map Control Blueprint', '{"velit et cillum sint","aliqua sit laboris laboris sunt","in nisi"}', DEFAULT, DEFAULT, DEFAULT), ('fc633e1f-14b8-590b-a0ba-c22147aaeeb4', '583774ae-7432-5503-850f-867e82c0838b', 116, 'private', 'Secure Objective Playbook', '{"aute laborum aliqua incididunt","eiusmod","aute commodo","pariatur quis eu commodo","esse magna veniam","ea sunt elit ad","aliquip","proident eiusmod proident consec"}', DEFAULT, DEFAULT, DEFAULT), ('49af1081-9f3e-5569-af2e-1029eb808baf', '0fa12fcf-97e2-5065-a698-e366ca117702', 114, 'public', 'Late Game Scaling Strategy', '{"laborum magna","dolore Lorem dolore"}', DEFAULT, DEFAULT, DEFAULT), ('28c7fcd5-dc0b-528f-92f0-3e19e7b94b50', 'f3376d8d-17f3-5259-a5b0-af6d5e21e7e2', 119, 'public', 'Gank Heavy Approach', '{"aute","sint fugiat culpa","et adipisicing irure minim","consectetur pariatur ullamco min","pariatur laborum magna sint","esse"}', DEFAULT, DEFAULT, DEFAULT), ('38780d0a-620c-5420-b84b-aa917e5db8c1', '0e342915-b360-541f-8c0a-bdf36b3c0ce2', 111, 'unlisted', 'Aggressive Rush Strategy', '{"reprehenderit commodo","enim ex dolor ut veniam","elit culpa","duis cillum minim","magna","qui cupidatat tempor deserunt","quis","in","exercitation et nostrud anim"}', DEFAULT, DEFAULT, DEFAULT), ('535c1e86-4fb0-59ea-8076-b54244994b61', 'a5831e58-2fc9-5b59-970d-00c344a4eb18', 116, 'unlisted', 'Split Push Blueprint', '{"consequat","culpa","commodo enim","ex","aliqua do","enim nostrud aliquip nisi","labore tempor","ex","veniam aute cupidatat","ad nostrud sunt"}', DEFAULT, DEFAULT, DEFAULT), ('5e181f1c-b93c-59a3-a161-c4d4e29f775e', '3ff60d7a-a4ad-54c5-a422-53b52cd53093', 114, 'unlisted', 'Secure Objective Playbook', '{"incididunt do","voluptate","nisi anim exercitation","eiusmod","laboris laborum qui","eu exercitation","laboris in laboris quis do"}', DEFAULT, DEFAULT, DEFAULT), ('0cd34502-daee-52d8-b8a4-7aa032065e8a', '88501f36-608d-5074-ab3f-752cd478292f', 112, 'public', 'Objective Focused Strategy', '{"nostrud eiusmod mollit ex"}', DEFAULT, DEFAULT, DEFAULT), ('6c9b6808-e737-5f8f-b196-93c0598b34b9', 'f3376d8d-17f3-5259-a5b0-af6d5e21e7e2', 117, 'public', 'Roaming Support Plan', '{"id aliqua velit dolore minim","do culpa excepteur ipsum","Lorem","aute fugiat","commodo est nulla do consectetur","pariatur irure","do ipsum ea eu"}', DEFAULT, DEFAULT, DEFAULT), ('f498173a-b4a1-5b37-ad0b-67596b4fe0ac', '3ff60d7a-a4ad-54c5-a422-53b52cd53093', 118, 'unlisted', 'Siege Tactics Handbook', '{"occaecat deserunt"}', DEFAULT, DEFAULT, DEFAULT), ('b0d542cd-fe80-5cad-9bd6-a81d0ed1c2f4', '55cedb23-3815-5fc9-99fd-895fbde5d0e3', 118, 'unlisted', 'Vision Control Blueprint', '{"laboris deserunt adipisicing dol","adipisicing ex","minim tempor commodo","pariatur quis","nostrud pariatur labore","dolore exercitation","ut excepteur excepteur ad duis","laboris ipsum fugiat sunt deseru"}', DEFAULT, DEFAULT, DEFAULT), ('cd506b7e-0f7c-526c-b650-bb799376c313', '7c1b7c00-d84e-5216-9c13-9544eccd96d4', 112, 'unlisted', 'Gank Heavy Approach', '{"sint occaecat laborum exercitati"}', DEFAULT, DEFAULT, DEFAULT), ('d625f518-4ec3-51e2-95c0-6cf965668d68', '9b1fc781-1e4e-56d2-bd68-0dc257a319c0', 118, 'public', 'Wave Management Plan', '{}', DEFAULT, DEFAULT, DEFAULT), ('66b76653-1cc5-50ef-a109-c059c945f253', 'e09a1a6c-2073-587c-bb13-604903ae6e80', 119, 'private', 'Team Fight Execution Plan', '{"sint dolor","commodo commodo nisi","exercitation sit officia","reprehenderit labore","magna Lorem","exercitation amet amet reprehend","consectetur nulla deserunt Lorem","et non reprehenderit"}', DEFAULT, DEFAULT, DEFAULT), ('a6dbcc80-e965-5682-9448-6a65a83787b3', '9a52e2af-cb63-5ab2-95a7-ae32f01d6a1c', 111, 'public', 'Roaming Support Plan', '{"cupidatat cillum","adipisicing veniam voluptate","laboris reprehenderit","culpa","eiusmod irure aliquip aute esse","magna nulla eu","eiusmod eu commodo","velit sit","minim excepteur"}', DEFAULT, DEFAULT, DEFAULT), ('c4d9fc37-aa2c-5cf4-8cef-779723958882', 'a00f2df0-a74b-51ab-8311-51125014b9ef', 119, 'unlisted', 'Vision Control Blueprint', '{"ullamco","veniam","et sit aliquip adipisicing","ad et incididunt tempor"}', DEFAULT, DEFAULT, DEFAULT), ('cbdcc83c-77a1-5d75-ace8-183321930672', '21a7e579-98a3-5757-a0a8-913f2da95aba', 113, 'private', 'Map Control Blueprint', '{"exercitation dolor aliquip","officia laborum excepteur repreh","cupidatat deserunt consectetur d","enim","ullamco in et veniam non","ullamco occaecat mollit laboris ","excepteur laborum voluptate ut","eiusmod"}', DEFAULT, DEFAULT, DEFAULT), ('46b593cf-05b9-5316-ba74-ef4cf062dcc9', 'a3141029-aec2-543b-b18a-49fe947e3304', 115, 'unlisted', 'Vision Control Blueprint', '{"labore id quis aliqua","anim exercitation ut cillum","enim velit","commodo enim","proident anim","exercitation aliquip"}', DEFAULT, DEFAULT, DEFAULT), ('1770dbe6-c529-520b-a36c-454b023ccb2c', '8a0a556f-d942-55f0-8ba8-1ffbfaf3c6d9', 116, 'public', 'Roaming Support Plan', '{"mollit ea","eiusmod ea sunt ullamco","nulla culpa ut","laboris ut in","enim ex","eu sunt laborum","amet incididunt esse"}', DEFAULT, DEFAULT, DEFAULT), ('65973815-006c-531b-b69f-bd5d086f7786', '9bf2ad50-cccb-50eb-8269-3a7e78bd21f5', 118, 'unlisted', 'Wave Management Plan', '{"amet eu est"}', DEFAULT, DEFAULT, DEFAULT), ('0cd413aa-1a82-5832-9edb-17fd5c059a41', '286a711e-ae86-5be5-9195-1d963e0504f7', 120, 'private', 'Vision Denial Blueprint', '{"fugiat enim","cupidatat tempor veniam","proident occaecat dolor"}', DEFAULT, DEFAULT, DEFAULT), ('5153bc7b-cd04-5c5e-83e9-7b7a5a1390e6', '36ab6720-a24b-578b-8d3f-3d9bb0485851', 114, 'public', 'Roaming Support Plan', '{}', DEFAULT, DEFAULT, DEFAULT), ('bd276dfa-2ddb-52c7-9feb-6d2cc281335e', '45173bfe-a11f-574a-ac25-21cda1308ec9', 112, 'private', 'Map Control Blueprint', '{"laborum","adipisicing quis dolor pariatur ","proident amet velit","excepteur","laborum non magna","elit ut eiusmod nisi exercitatio","tempor duis deserunt aute"}', DEFAULT, DEFAULT, DEFAULT), ('12cafb5f-6adc-5f24-a738-9455dde3eb2a', '9a184097-b9bc-5f22-ba40-6c62e83423ab', 112, 'public', 'Wave Management Plan', '{"non deserunt laborum nulla","ut officia","labore occaecat pariatur consequ","fugiat magna magna","exercitation qui","exercitation reprehenderit et"}', DEFAULT, DEFAULT, DEFAULT), ('e017f166-fa51-5fb5-af86-6fc41cad9674', '9bf2ad50-cccb-50eb-8269-3a7e78bd21f5', 112, 'private', 'Secure Objective Playbook', '{"et qui culpa laboris","deserunt dolore eiusmod","laboris proident fugiat"}', DEFAULT, DEFAULT, DEFAULT), ('544f27bb-a8e9-5b6b-8ec7-f1cfe91406e2', '290bcd64-8663-5670-8efa-64e864979bbb', 115, 'public', 'Wave Management Plan', '{"amet dolor reprehenderit eiusmod","duis reprehenderit","pariatur culpa commodo"}', DEFAULT, DEFAULT, DEFAULT), ('a704d0a7-ee9e-5aa5-bba9-aff3556d41a2', '98eaafd3-adbf-5a3e-adb9-b3fb6971b6f1', 115, 'private', 'Wave Management Plan', '{"esse anim ad","ipsum et nulla"}', DEFAULT, DEFAULT, DEFAULT), ('a758f3b0-169f-56a9-80db-acb9f3972464', '98b30307-7ea7-5b6c-b9e4-560fe08299de', 112, 'public', 'Defensive Turtle Tactics', '{"amet excepteur","aute est"}', DEFAULT, DEFAULT, DEFAULT), ('1ebb07c2-9cc9-56df-b9e3-71837bafdca1', '91434b27-2651-5429-8f42-45c3f8e334a0', 115, 'unlisted', 'Early Game Dominance Guide', '{"consectetur aliqua ex","anim anim consectetur dolor"}', DEFAULT, DEFAULT, DEFAULT), ('217c4ba5-3ca5-503f-8fcd-2cf91341f163', '808bd15b-fc3e-5378-a895-35c8b3e388f6', 119, 'public', 'Vision Control Blueprint', '{"ipsum est quis duis","aute","qui consectetur cillum dolor exe","ad anim id eu","Lorem nostrud","eu minim eu","voluptate occaecat officia ea","aliquip occaecat fugiat ullamco "}', DEFAULT, DEFAULT, DEFAULT), ('63c64b00-d130-5928-b403-258ebdb17248', '8babc841-00b0-585f-9ca3-85ef68fec1f7', 119, 'private', 'Early Game Dominance Guide', '{"commodo","esse consequat incididunt veniam","id dolore","aliqua do","aliqua ullamco"}', DEFAULT, DEFAULT, DEFAULT), ('0deb1a0e-8f26-576f-af23-e26ef824ea0b', '88514f78-7770-5bc2-96a4-f0f4ebcab4a4', 120, 'unlisted', 'Split Push Blueprint', '{"do voluptate","deserunt est","laboris est magna eiusmod"}', DEFAULT, DEFAULT, DEFAULT), ('924718ca-0525-5af0-b71a-2560f2cc09a0', 'f3376d8d-17f3-5259-a5b0-af6d5e21e7e2', 118, 'public', 'Map Control Blueprint', '{"consectetur minim","esse","deserunt consequat","labore enim","culpa exercitation dolore","et nostrud ut qui"}', DEFAULT, DEFAULT, DEFAULT), ('877842c0-f0dc-575b-a7ad-30915aaaeebe', 'ba4d6fef-111f-5ce5-883e-2b3880f373bf', 112, 'private', 'Secure Objective Playbook', '{"tempor laborum excepteur commodo","voluptate reprehenderit ipsum ir","proident ea","elit dolore","velit ipsum nulla","sit deserunt amet","enim","eiusmod nostrud aute"}', DEFAULT, DEFAULT, DEFAULT), ('ebce0b2a-b558-5f18-bddc-2af385fe3118', '3c19e2d6-1e17-5580-adbc-319ee6c74e3c', 115, 'unlisted', 'Baron Control Strategy', '{"ut anim ad","esse","aliquip ut eiusmod","excepteur laboris ex","anim do incididunt","ipsum incididunt"}', DEFAULT, DEFAULT, DEFAULT), ('67f00577-22b1-541a-b8eb-43f4241ec322', '36f6f3ba-e867-5008-b6c1-829e989f9d2f', 112, 'private', 'Objective Focused Strategy', '{"est irure amet duis","occaecat eiusmod reprehenderit","voluptate incididunt Lorem proid","commodo eiusmod ex","adipisicing minim esse ea conseq","est do commodo non","culpa aliquip consequat","et ut"}', DEFAULT, DEFAULT, DEFAULT), ('5c1d9b7d-9f54-545c-ae19-f60dd5ff1d25', '586daead-6daa-5df4-83cb-81b2e815d326', 113, 'unlisted', 'Aggressive Rush Strategy', '{"nisi aliquip occaecat exercitati","culpa"}', DEFAULT, DEFAULT, DEFAULT), ('339c2395-3fcf-5f3b-90ec-90611b01fa37', '9af6e0ef-7015-5390-856a-705032c2e40e', 115, 'public', 'Early Game Dominance Guide', '{"duis id ea","culpa pariatur incididunt proide"}', DEFAULT, DEFAULT, DEFAULT), ('3e26da35-99ab-5fee-95a6-ca3120af490b', 'a9752d0c-ade4-58c6-b746-1b9df56a3d08', 119, 'unlisted', 'Vision Control Blueprint', '{"ut labore labore reprehenderit","nulla","esse non anim irure","adipisicing aliquip","labore sit","culpa sit","cillum aliquip","elit aliquip eu irure laborum","elit dolore adipisicing quis"}', DEFAULT, DEFAULT, DEFAULT), ('540a4921-798c-58f1-8dda-fbb9b912bb43', '02a341a2-35a0-5fbc-a1f4-aa8b42aa4b51', 120, 'unlisted', 'Vision Denial Blueprint', '{"excepteur cupidatat","nisi aute labore cupidatat","est Lorem","culpa","Lorem exercitation consequat Lor","duis"}', DEFAULT, DEFAULT, DEFAULT), ('81b847bf-bc05-538e-bdc5-721f48634b78', '54473828-0225-5307-b53c-7a0fc46ac63c', 112, 'unlisted', 'Gank Heavy Approach', '{"consequat est"}', DEFAULT, DEFAULT, DEFAULT), ('2c9d2493-4412-5eae-aa39-69858c4bfd99', 'a8766652-5cf4-5e66-ba6d-9eb457dff942', 118, 'private', 'Gank Heavy Approach', '{"et ea sunt aliquip esse","est ullamco non reprehenderit de"}', DEFAULT, DEFAULT, DEFAULT), ('51ef9256-0eab-579a-868b-52c27ddf10e9', 'a1c9c188-b8b2-54b9-891e-48d51d81b431', 114, 'unlisted', 'Early Game Dominance Guide', '{"elit non deserunt","et esse qui","magna fugiat"}', DEFAULT, DEFAULT, DEFAULT), ('d6ceb82b-4af2-5d8a-96c1-8d6a9db93a31', '808bd15b-fc3e-5378-a895-35c8b3e388f6', 112, 'public', 'Aggressive Rush Strategy', '{"nulla incididunt","duis ut nulla","non","do veniam incididunt","consequat ad ipsum dolor","consectetur consectetur"}', DEFAULT, DEFAULT, DEFAULT), ('01ae0a36-6172-5c0a-baff-6c1805e0976a', 'c97097d9-c6b8-5a50-931a-369c86f1535e', 119, 'public', 'Wave Management Plan', '{"consequat aliqua ex","nulla velit dolore","sint tempor","esse sunt ea magna nisi","tempor duis"}', DEFAULT, DEFAULT, DEFAULT), ('df70af8b-9578-5bd7-9fd6-02ad92eaedca', '808bd15b-fc3e-5378-a895-35c8b3e388f6', 119, 'unlisted', 'Gank Heavy Approach', '{"dolor","consectetur ea aliquip","cupidatat deserunt dolore proide","anim id proident fugiat","enim id quis","Lorem cillum est eiusmod"}', DEFAULT, DEFAULT, DEFAULT), ('82fca927-01aa-5c29-8d7a-7a868f9ba6ea', '36f6f3ba-e867-5008-b6c1-829e989f9d2f', 115, 'public', 'Rotation Strategy Document', '{"quis ex aliquip","dolor cillum occaecat nisi","duis voluptate ullamco","ullamco dolore cupidatat magna d","veniam et amet","eiusmod esse sunt velit","dolore","mollit elit non consequat","ullamco amet","fugiat excepteur laboris consect"}', DEFAULT, DEFAULT, DEFAULT), ('4e5550d4-d39a-56c3-8f19-971fdeeb787e', 'b737f334-53a3-585e-98d7-69fce744e35e', 114, 'unlisted', 'Vision Denial Blueprint', '{"ex ipsum tempor irure velit","ipsum in consequat ex","elit esse est proident culpa","reprehenderit","culpa excepteur","dolor excepteur eiusmod esse","Lorem enim"}', DEFAULT, DEFAULT, DEFAULT), ('83ec5ac5-8c23-5e38-8151-36af62098fff', '36f6f3ba-e867-5008-b6c1-829e989f9d2f', 111, 'private', 'Siege Tactics Handbook', '{"incididunt sint"}', DEFAULT, DEFAULT, DEFAULT), ('d1996167-52fb-5e4a-b849-75efada773e6', 'cd80d13e-478f-5058-8dfd-e20a76013cb5', 113, 'unlisted', 'Defensive Turtle Tactics', '{"ad excepteur cillum eu"}', DEFAULT, DEFAULT, DEFAULT), ('1818e464-6a87-5266-8677-c069741c3ab2', 'e09a1a6c-2073-587c-bb13-604903ae6e80', 117, 'unlisted', 'Vision Control Blueprint', '{"ex laboris","ea elit incididunt","dolor tempor minim excepteur qui"}', DEFAULT, DEFAULT, DEFAULT), ('13ebb239-29e1-53ff-93b0-d55e3db05a11', 'b4725825-2a5a-5e18-a190-e59f4cb9f1b5', 111, 'unlisted', 'Baron Control Strategy', '{"sint nulla Lorem","ut labore irure labore","nisi ad","occaecat fugiat pariatur","exercitation excepteur","ad eiusmod quis","non adipisicing occaecat sint ad"}', DEFAULT, DEFAULT, DEFAULT), ('a0a63713-f2dd-56aa-98a3-f6a26bcae5b9', 'cda3814f-c14d-5dcf-a835-797df84f6d99', 120, 'unlisted', 'Jungle Control Playbook', '{"eu dolor","consequat enim aliquip","ut nostrud nulla in eu","labore","ut","aute labore"}', DEFAULT, DEFAULT, DEFAULT), ('4029bbad-86a6-5e60-a150-da0664c62b92', 'f5d8c620-973f-509a-b5b1-dc1e889a22a1', 112, 'private', 'Team Fight Execution Plan', '{"nisi Lorem","cillum elit","duis eiusmod id aliqua","exercitation excepteur ut","consectetur sint sint incididunt","id laborum reprehenderit"}', DEFAULT, DEFAULT, DEFAULT), ('6636a6a8-3a2d-5862-bb24-3e77bffdb640', 'ad1bbcac-cdbb-551f-b25a-b14b40074515', 118, 'private', 'Wave Management Plan', '{"reprehenderit adipisicing amet c","incididunt cillum","deserunt amet minim"}', DEFAULT, DEFAULT, DEFAULT), ('4ba85443-f89e-5d68-8d4a-da572969b0dd', '846cad2b-ac62-5a23-a4c4-8886771e6a4c', 119, 'public', 'Split Push Blueprint', '{"velit sit sit veniam","aliqua nostrud","cillum consequat","enim laborum irure","ut fugiat exercitation eiusmod","proident enim sit do","deserunt excepteur","magna anim ipsum dolore","magna","occaecat velit"}', DEFAULT, DEFAULT, DEFAULT), ('55fbf0ae-1fd2-57d5-9884-2ceca8eef8f3', '2190cc4c-2cc5-5f9f-983d-55f70f31e468', 113, 'unlisted', 'Team Fight Execution Plan', '{"magna elit proident","occaecat aute laborum duis nisi","irure minim cillum","in qui culpa consequat","tempor quis","anim aliqua occaecat","irure","sunt eiusmod commodo","adipisicing"}', DEFAULT, DEFAULT, DEFAULT), ('c91a5204-a47c-5f58-8042-f917f2facb4b', '9a2c5b91-3c65-50ae-8188-68db1f1edfc4', 119, 'public', 'Late Game Scaling Strategy', '{"cillum occaecat","id","ut dolor qui sunt","est veniam in"}', DEFAULT, DEFAULT, DEFAULT), ('fdca53a8-e101-5585-90b8-82f7d3c1fc24', '740518ca-526d-5918-8e05-614bf621f8d6', 119, 'public', 'Jungle Control Playbook', '{"eu dolore veniam commodo magna"}', DEFAULT, DEFAULT, DEFAULT), ('a76c18ad-af72-57b7-b165-f7757943d51e', '55cedb23-3815-5fc9-99fd-895fbde5d0e3', 119, 'unlisted', 'Jungle Control Playbook', '{"occaecat cupidatat esse","fugiat laborum sunt","reprehenderit","proident do nostrud mollit","irure laborum adipisicing","in aliquip cupidatat amet aliqua"}', DEFAULT, DEFAULT, DEFAULT), ('bf7ffe87-c4e2-5aa1-86f7-2fdfa8315ff6', '8926b9fd-34b2-5421-a25c-9cd89c12cad0', 114, 'unlisted', 'Gank Heavy Approach', '{"do in deserunt magna","consectetur aute","tempor pariatur","enim minim fugiat reprehenderit","minim minim Lorem","anim esse","excepteur pariatur tempor","ut officia minim fugiat et","sunt labore"}', DEFAULT, DEFAULT, DEFAULT), ('764f06ba-b246-5c62-8e43-89fe991c749d', 'fa904169-96b2-5473-b48d-c7f225d6dfb3', 115, 'public', 'Secure Objective Playbook', '{"et","est consequat","deserunt sint","tempor dolor sit","minim consequat mollit sint qui","elit anim dolor"}', DEFAULT, DEFAULT, DEFAULT), ('229d48f9-9e17-5f91-bd2c-3f3cdbae28c1', '9a184097-b9bc-5f22-ba40-6c62e83423ab', 118, 'public', 'Counter Pick Blueprint', '{"aliqua sint","veniam consequat","cillum nulla ut","ad sit pariatur ex fugiat","aliqua","quis ea","nulla voluptate dolor","cillum ullamco sint"}', DEFAULT, DEFAULT, DEFAULT), ('505fdba9-c563-5897-bd99-f3fd7e6efb10', '5783cab4-e010-523b-b893-81b388f43d06', 113, 'private', 'Map Control Blueprint', '{"proident veniam est","id occaecat magna velit","id aliquip ea non","minim fugiat","minim do nostrud voluptate","eiusmod nostrud"}', DEFAULT, DEFAULT, DEFAULT), ('ad47e58b-6404-5eb4-b01c-1ab02b3af226', '3d4df0ce-5a7f-53e4-b486-95faf0a09720', 119, 'private', 'Gank Heavy Approach', '{"proident et dolore","officia anim voluptate","cillum commodo","velit fugiat dolor adipisicing","ea aliquip consequat eiusmod inc","sit pariatur"}', DEFAULT, DEFAULT, DEFAULT), ('4ae4f149-a1da-5a76-913f-5ea02c87f4e0', 'fbbb9719-f3d1-5ce2-b584-4b70bf5bb135', 113, 'unlisted', 'Counter Pick Blueprint', '{"sint","aliquip","enim laborum","incididunt pariatur pariatur","laborum","commodo do id et"}', DEFAULT, DEFAULT, DEFAULT), ('a85217e5-f8d6-5dd0-996b-8464fa1021ff', 'c97097d9-c6b8-5a50-931a-369c86f1535e', 119, 'public', 'Counter Pick Blueprint', '{"incididunt amet labore consectet","enim ullamco minim ipsum","ad","excepteur ex","esse ad do Lorem","sit et sint laboris","pariatur proident do","aute eiusmod et eiusmod","irure anim velit quis"}', DEFAULT, DEFAULT, DEFAULT), ('b21411a7-0afc-5cf3-81fc-471ab95f5d8d', 'e9de49c7-7c1c-5c70-9aad-96d6727706e4', 118, 'unlisted', 'Vision Denial Blueprint', '{"duis id ad","labore cillum irure aute dolor","labore","laboris incididunt cupidatat","eiusmod quis cupidatat","veniam aliquip veniam","et anim","irure mollit labore excepteur","duis"}', DEFAULT, DEFAULT, DEFAULT), ('d37fd98f-746a-582e-a0fc-de28d96e48c5', '59558fa1-9cc0-5e85-a331-879d76e07f05', 111, 'public', 'Siege Tactics Handbook', '{"ullamco labore","ipsum","irure pariatur"}', DEFAULT, DEFAULT, DEFAULT), ('2dc53ff7-923f-50df-a732-82b60afbba2f', '1e0af0c0-30ba-5a06-9647-a83cef3d815d', 118, 'unlisted', 'Roaming Support Plan', '{"adipisicing","elit laboris quis enim"}', DEFAULT, DEFAULT, DEFAULT), ('f9690101-a16f-5108-b391-78c9dba8aeee', '3c19e2d6-1e17-5580-adbc-319ee6c74e3c', 116, 'unlisted', 'Late Game Scaling Strategy', '{"voluptate aute","est et aliqua","culpa ea minim commodo dolore","aliqua culpa sunt"}', DEFAULT, DEFAULT, DEFAULT), ('7441a375-e1c1-5111-b299-b73d6da10ca2', '07af669c-8c65-59d6-8aa0-cb973d5cff7e', 112, 'unlisted', 'Vision Denial Blueprint', '{"officia sit","enim amet voluptate","nisi qui","proident minim duis deserunt"}', DEFAULT, DEFAULT, DEFAULT), ('ca1d2bcf-5a98-5759-81b6-75e3ed47122a', 'ad1bbcac-cdbb-551f-b25a-b14b40074515', 112, 'private', 'Objective Focused Strategy', '{"ex ut esse","anim tempor","dolore amet","commodo","do ad pariatur"}', DEFAULT, DEFAULT, DEFAULT), ('77b1dab4-a856-5c18-bb24-053f8869bc5b', '7f78fee3-dd27-5696-858f-318bd4cbf2a8', 114, 'private', 'Rotation Strategy Document', '{"dolor aliqua voluptate mollit do","ut aliquip velit incididunt"}', DEFAULT, DEFAULT, DEFAULT), ('08b3c695-d6fb-54e4-9ef2-bf508a57adc1', 'f3376d8d-17f3-5259-a5b0-af6d5e21e7e2', 116, 'public', 'Aggressive Rush Strategy', '{}', DEFAULT, DEFAULT, DEFAULT), ('7dc16d02-274a-5e7f-bc31-6af29982313f', 'f8fbdff1-11b4-54fa-ab90-292d82d3d353', 117, 'private', 'Late Game Scaling Strategy', '{"duis nisi ut exercitation"}', DEFAULT, DEFAULT, DEFAULT), ('acad405c-f8e9-559b-bd11-e0ffc3bebca6', '290bcd64-8663-5670-8efa-64e864979bbb', 111, 'unlisted', 'Siege Tactics Handbook', '{}', DEFAULT, DEFAULT, DEFAULT), ('16d95573-87cd-5d45-be45-e8a020ba40ac', 'd9d9ad5e-1233-511b-bc7d-1f7d6c3d7a35', 111, 'private', 'Counter Pick Blueprint', '{"adipisicing elit pariatur","et qui"}', DEFAULT, DEFAULT, DEFAULT), ('5a993b43-eca0-563f-b6c9-fdd440759e85', 'db9f2a26-569b-5431-9216-bcd2cf256bbd', 115, 'unlisted', 'Team Fight Execution Plan', '{"ut aliqua commodo minim nulla","ea amet veniam mollit","nulla cillum","aliqua mollit excepteur ullamco","cupidatat do id"}', DEFAULT, DEFAULT, DEFAULT), ('f7bfc2c8-d52a-5806-97fd-77bd67d93b23', 'd0fa96c4-2bfe-5959-9fd4-b17ec4964e6d', 113, 'unlisted', 'Counter Pick Blueprint', '{"incididunt esse pariatur","veniam irure sit","anim ex","esse voluptate","velit","adipisicing Lorem ullamco pariat"}', DEFAULT, DEFAULT, DEFAULT), ('748d5a8c-f2bf-5974-9c72-24f98b85813b', 'e2b744a0-a170-5a87-828d-34cc6f64ca05', 112, 'private', 'Defensive Turtle Tactics', '{"veniam et Lorem consequat","sunt irure exercitation"}', DEFAULT, DEFAULT, DEFAULT), ('808d9117-ba04-5cb0-8827-639e2642b0ee', 'eecf8a7e-af2f-524d-a645-c5fba3ebda06', 118, 'public', 'Team Fight Execution Plan', '{"minim aliquip veniam labore","sit id elit ipsum veniam","eu tempor elit","in commodo eiusmod","aute","ea sunt sit","qui ex minim","pariatur anim officia do","qui adipisicing sunt ullamco","ullamco pariatur"}', DEFAULT, DEFAULT, DEFAULT), ('e0185351-5b08-58b2-bd3e-c09965750112', 'cca70ca2-d109-5c60-965d-ab86b151a58f', 119, 'public', 'Roaming Support Plan', '{"non deserunt ut minim","adipisicing duis deserunt conseq","aliqua ullamco non ipsum","in","aliquip eu qui ex sit","nulla esse","exercitation cillum ullamco moll","ad irure fugiat esse duis","et duis","aliquip tempor ea"}', DEFAULT, DEFAULT, DEFAULT), ('993f7ab3-9b54-5771-a99e-0c6d75a1f37d', '110efd29-2979-5c30-b41f-b3bf832f48cd', 114, 'unlisted', 'Late Game Scaling Strategy', '{"sit sint non sint excepteur","reprehenderit ut exercitation vo","mollit cillum est","ipsum duis id reprehenderit esse","ullamco","velit magna proident amet exerci","ipsum"}', DEFAULT, DEFAULT, DEFAULT), ('bdb5114a-76d3-5fe4-944c-043e7ebd99da', '0a9347d2-3396-5e6a-98f1-b406ca195226', 118, 'public', 'Baron Control Strategy', '{"sint minim"}', DEFAULT, DEFAULT, DEFAULT), ('aa4964a1-4611-5528-9df9-ef170866214f', '3d4df0ce-5a7f-53e4-b486-95faf0a09720', 113, 'unlisted', 'Baron Control Strategy', '{"nostrud dolor cillum laborum","incididunt officia aliqua offici","adipisicing commodo esse"}', DEFAULT, DEFAULT, DEFAULT), ('ec14513a-7d3c-5172-b68b-d531791ec9de', 'c379a417-3b5c-5e05-a7ca-c545e0d33c70', 117, 'private', 'Aggressive Rush Strategy', '{"velit reprehenderit deserunt vel","dolor quis officia ex","velit culpa","cupidatat eu irure do irure","excepteur deserunt"}', DEFAULT, DEFAULT, DEFAULT), ('a0f81f50-aa3d-5780-b485-a54fb7b7833a', 'fa904169-96b2-5473-b48d-c7f225d6dfb3', 120, 'private', 'Team Fight Execution Plan', '{"est pariatur nulla","aliqua aliquip adipisicing","sunt veniam ipsum","ea sit nulla tempor","fugiat nulla velit","dolor","consectetur non","ut occaecat dolore enim","aliquip ipsum aute eiusmod","fugiat nisi est veniam ex"}', DEFAULT, DEFAULT, DEFAULT), ('aabd5608-e04b-5bd8-8d75-d004a1b17409', '110efd29-2979-5c30-b41f-b3bf832f48cd', 120, 'unlisted', 'Objective Focused Strategy', '{}', DEFAULT, DEFAULT, DEFAULT), ('7bcc2b79-de31-5963-9cfd-559af77da3be', 'f7f33f5b-7e02-5784-9db2-ed2995544a54', 118, 'unlisted', 'Wave Management Plan', '{"culpa","esse eu cupidatat culpa adipisic","do aute culpa fugiat","labore labore","ipsum tempor","sunt id do","nisi quis cillum tempor"}', DEFAULT, DEFAULT, DEFAULT), ('b4293a01-a1be-5e58-a088-abc550c9f820', '404e076e-a943-52e4-a2ce-10591a9caa1f', 114, 'private', 'Early Game Dominance Guide', '{"reprehenderit tempor tempor ipsu","excepteur labore fugiat consequa","culpa proident cillum cillum","ad quis","eiusmod ipsum","irure excepteur","officia commodo quis non ut","reprehenderit irure adipisicing","occaecat amet quis voluptate"}', DEFAULT, DEFAULT, DEFAULT), ('a97e2960-b385-5f99-88c2-9e562f32234e', '75b1f4f3-d352-56de-83dd-e679684b060c', 117, 'public', 'Team Fight Execution Plan', '{"in enim","dolor labore et commodo","non minim mollit eiusmod"}', DEFAULT, DEFAULT, DEFAULT), ('db39a462-f36a-54ba-b38e-2fcf35273cba', '404e076e-a943-52e4-a2ce-10591a9caa1f', 113, 'private', 'Counter Pick Blueprint', '{"nulla velit laboris occaecat","officia esse fugiat qui","labore incididunt aliquip aute","quis duis veniam commodo","reprehenderit excepteur"}', DEFAULT, DEFAULT, DEFAULT), ('35dc016a-9edc-565d-923e-9bee9a60bd24', 'eeba85da-b4f7-5195-887e-28b7dc8a5236', 114, 'public', 'Siege Tactics Handbook', '{"id adipisicing duis","ut pariatur sit velit","ipsum","labore ut","laboris sit excepteur","nisi laborum exercitation","magna exercitation culpa amet es"}', DEFAULT, DEFAULT, DEFAULT), ('61e4dc6c-b183-5c81-91cb-8dc622fd6913', 'c7198a1e-f50c-5635-a5bf-2073d4da7bc6', 112, 'unlisted', 'Siege Tactics Handbook', '{"non","proident","reprehenderit id minim dolor fug","duis dolor","nulla do magna sunt","eiusmod","elit sunt mollit eiusmod"}', DEFAULT, DEFAULT, DEFAULT), ('b5df5eae-45e8-5f54-a8f9-351afabf5f65', '9af6e0ef-7015-5390-856a-705032c2e40e', 119, 'unlisted', 'Rotation Strategy Document', '{"nostrud","enim cupidatat","cillum sunt pariatur","sint amet","nisi quis id","esse ut consectetur ex in","dolore amet adipisicing ea id","magna cupidatat veniam officia"}', DEFAULT, DEFAULT, DEFAULT), ('18aa22db-700e-5a8a-892c-5bf7b7da1bbf', 'd00c085d-72d6-5114-a5fd-ba818539c2f7', 112, 'public', 'Aggressive Rush Strategy', '{"consequat ea","duis nisi deserunt","esse nisi","esse incididunt nisi","ad incididunt consequat","ad","deserunt elit","ea exercitation labore veniam","ad enim ex irure cupidatat","ullamco sint"}', DEFAULT, DEFAULT, DEFAULT), ('7c9a7a2f-bf97-5fb7-9ff3-bb3e363fce60', 'f8151e07-b0ba-57cb-b13b-f8463f48e7fa', 112, 'unlisted', 'Gank Heavy Approach', '{"officia cillum adipisicing velit","cupidatat veniam dolore ex culpa"}', DEFAULT, DEFAULT, DEFAULT), ('93216013-7bd8-59b1-a3f0-b1087d4d7f00', 'f5d8c620-973f-509a-b5b1-dc1e889a22a1', 117, 'public', 'Secure Objective Playbook', '{"Lorem fugiat veniam","adipisicing magna consectetur","amet veniam cupidatat consectetu","culpa sint esse nostrud","aliquip esse non proident aute"}', DEFAULT, DEFAULT, DEFAULT), ('3e057cf2-df3a-50e5-82fa-e2dcf87ebd5a', 'f057746f-990e-5e0f-ba59-b833ef7e39fc', 113, 'public', 'Secure Objective Playbook', '{"sit","in exercitation elit dolore null","aliquip eu sit tempor non","ad ullamco enim","in nulla excepteur laborum cillu","enim velit officia elit","tempor fugiat","cupidatat","duis incididunt magna"}', DEFAULT, DEFAULT, DEFAULT), ('e3f5f266-44d3-5096-b897-56678a5f974b', '54473828-0225-5307-b53c-7a0fc46ac63c', 120, 'private', 'Vision Denial Blueprint', '{"Lorem aliqua est ipsum officia","Lorem","non consectetur"}', DEFAULT, DEFAULT, DEFAULT), ('ffbcf0c1-44bb-549f-ba50-18e1e874a611', 'b32027db-33da-5dc2-b906-e0c2a06ac683', 113, 'private', 'Counter Pick Blueprint', '{"tempor quis velit","adipisicing eu consequat","proident","deserunt sint ut"}', DEFAULT, DEFAULT, DEFAULT), ('c4f414cf-451e-5497-88db-62020e3a0dc5', 'd6d4ebe8-fe3c-5e62-98d8-e678f356450c', 112, 'private', 'Baron Control Strategy', '{"fugiat consequat mollit non","fugiat magna","ex pariatur deserunt Lorem","id","reprehenderit","proident veniam"}', DEFAULT, DEFAULT, DEFAULT), ('a109823a-0d02-5064-b8ef-3186d6d08cb0', '831f051c-863e-5783-acbb-10017cb1c3ce', 111, 'private', 'Aggressive Rush Strategy', '{}', DEFAULT, DEFAULT, DEFAULT), ('3e4b1eac-b214-5aaa-a7f0-29af8a5b2ce9', '286a711e-ae86-5be5-9195-1d963e0504f7', 111, 'public', 'Rotation Strategy Document', '{"anim ex sit consectetur","voluptate exercitation do veniam","consequat ad laboris magna sint","nisi culpa","aliquip laboris laborum incididu","do est anim ex aute","deserunt officia quis amet","tempor aute qui mollit","tempor irure proident adipisicin","quis occaecat"}', DEFAULT, DEFAULT, DEFAULT), ('72819b1c-0a2a-5e86-b5bc-5741c2854f96', 'e4d90fe6-6c38-55d7-9042-99ce6d25bf1e', 112, 'private', 'Split Push Blueprint', '{"voluptate elit nisi labore culpa","non non mollit incididunt laboru","duis duis non quis","laborum dolore ipsum dolor sint","tempor","adipisicing elit cillum nostrud","reprehenderit ipsum adipisicing","excepteur excepteur fugiat conse","aliqua id"}', DEFAULT, DEFAULT, DEFAULT), ('b5d7b26a-56f4-59fc-853e-1a1306ab6e95', '3b3a2ed4-3283-5a09-84d9-c7de876d5510', 113, 'public', 'Objective Focused Strategy', '{"elit eiusmod incididunt magna re","sunt sint commodo","dolore sit in tempor","tempor voluptate sunt voluptate ","dolor quis","aliqua","sit sint","ipsum voluptate"}', DEFAULT, DEFAULT, DEFAULT), ('29365629-31e8-5e53-b1ae-ffdad1c2009e', '776b03c3-32e4-5cce-ae19-db482f5c4eae', 114, 'unlisted', 'Jungle Control Playbook', '{"commodo proident elit dolore","cillum dolore dolore nisi","magna ullamco anim","sit in fugiat reprehenderit occa","fugiat qui in aliqua","ea adipisicing duis"}', DEFAULT, DEFAULT, DEFAULT), ('ef9b1028-31e2-59d9-a64e-2a4d1686e96e', '274020d9-7513-5cf6-ae0b-e94ef1d1a62f', 120, 'unlisted', 'Objective Focused Strategy', '{"excepteur ex anim magna","cupidatat enim","est id aute ipsum","deserunt dolore"}', DEFAULT, DEFAULT, DEFAULT), ('51f9c2fa-a6a8-5d1e-9ef8-efb89c34ee1c', 'df90352f-468b-5345-9b3e-522b747ccf55', 119, 'private', 'Split Push Blueprint', '{"dolore ipsum amet","nulla sint esse cupidatat","deserunt exercitation","labore laboris est pariatur elit","excepteur adipisicing incididunt","consectetur","fugiat excepteur duis amet","amet"}', DEFAULT, DEFAULT, DEFAULT), ('930338c0-ea8e-56fc-b2df-a68255a6182c', 'd3953f9f-e0f9-5aed-9d31-3f026a23da12', 117, 'private', 'Aggressive Rush Strategy', '{"adipisicing aliqua sunt","excepteur esse minim commodo lab","adipisicing ullamco commodo offi","duis labore magna ex","veniam eu ea minim"}', DEFAULT, DEFAULT, DEFAULT), ('14f0b4c0-9d33-5d68-85ae-cc3d31b6b19e', '86c76349-2501-5929-8ba9-7c7cbfe50a41', 116, 'public', 'Jungle Control Playbook', '{"sit Lorem ullamco exercitation","aliquip anim enim ex","sit irure","officia nostrud","consectetur eu","est velit quis occaecat eu","aliquip","do nostrud","cupidatat proident nisi et","veniam sint nostrud do"}', DEFAULT, DEFAULT, DEFAULT), ('7c51f66f-cf81-571f-a65c-f571f1f39cc9', '305fa448-c3bf-59c7-a989-19ae69ce0725', 120, 'private', 'Roaming Support Plan', '{"quis sint","exercitation commodo"}', DEFAULT, DEFAULT, DEFAULT), ('764b9b2a-d477-5bff-a789-cba064ac71f8', '2589cf16-4103-5a4f-b544-b30078083eaa', 114, 'public', 'Vision Control Blueprint', '{"duis excepteur ad","minim sunt ea","et Lorem tempor","nisi sunt qui minim","pariatur est minim enim","duis minim occaecat","id anim"}', DEFAULT, DEFAULT, DEFAULT), ('1125d49b-2ad6-5500-bd14-7e0649f5dd73', 'd00c085d-72d6-5114-a5fd-ba818539c2f7', 112, 'unlisted', 'Team Fight Execution Plan', '{"officia","non id incididunt","in elit","incididunt ea ad","velit elit pariatur","ad aliquip nostrud"}', DEFAULT, DEFAULT, DEFAULT), ('de1d5557-45c4-5747-8c2d-f8c09704db25', 'fc6d457c-9711-5cde-813c-d584f858faae', 113, 'private', 'Baron Control Strategy', '{"nisi labore","culpa laboris","exercitation pariatur fugiat adi","mollit anim do cillum"}', DEFAULT, DEFAULT, DEFAULT), ('dc2759a8-51ca-575d-9678-0ac64e900648', 'a4b32498-f3a6-5110-a5b6-de20f0314c35', 120, 'private', 'Late Game Scaling Strategy', '{"do sit","est reprehenderit irure reprehen"}', DEFAULT, DEFAULT, DEFAULT), ('8c0ef303-3ae4-5fe5-b0be-ef1788ae8707', 'f561c33d-0589-5163-a677-f2a1eb6b3322', 112, 'public', 'Vision Control Blueprint', '{"fugiat","aliquip sit elit"}', DEFAULT, DEFAULT, DEFAULT), ('ddd094e1-b8f4-560e-b960-af5227a9b337', '09617df2-6261-5b47-bc30-85d317367d48', 114, 'unlisted', 'Map Control Blueprint', '{"culpa nisi"}', DEFAULT, DEFAULT, DEFAULT), ('4bd93d1d-9da0-508d-a30a-5cd1fe2e858d', '2067e70c-565d-520b-b56b-19189e5b77f5', 112, 'public', 'Baron Control Strategy', '{"consequat aute do","commodo exercitation labore"}', DEFAULT, DEFAULT, DEFAULT), ('2d25022b-866c-584e-895d-11b8a727c08f', '22052ce5-2628-54da-93cf-dce3c06b547a', 118, 'public', 'Jungle Control Playbook', '{"consectetur culpa exercitation f","excepteur veniam do anim","exercitation irure ullamco in pr","laborum cillum sunt cillum id"}', DEFAULT, DEFAULT, DEFAULT), ('8d4a5d0e-3ef8-5e54-ac1b-6a14acb1ad0e', '2d1d7734-be70-5d07-a538-e76c6cae722e', 119, 'private', 'Team Fight Execution Plan', '{"enim nulla pariatur","veniam amet Lorem et","ut nisi voluptate","proident","ut eiusmod consectetur tempor","sunt deserunt dolor voluptate si","nisi aliqua","aliquip officia"}', DEFAULT, DEFAULT, DEFAULT), ('6b889196-1556-5eef-89c0-e7506a0ca45b', '763ebb5f-add9-59ff-9a26-6b4030dae259', 111, 'public', 'Baron Control Strategy', '{"ad consectetur non laborum","incididunt dolore sunt qui","occaecat dolor officia esse","deserunt minim et duis do"}', DEFAULT, DEFAULT, DEFAULT), ('e6b5025c-d432-567c-bc94-e80f642225ff', 'e4de1a09-bd9a-5e42-b92c-2cb1af28bec6', 117, 'public', 'Aggressive Rush Strategy', '{"sint incididunt adipisicing","anim sit id velit"}', DEFAULT, DEFAULT, DEFAULT), ('4d0eaa15-67e7-50e5-bd92-8596a8c41516', 'ae956930-bebe-5aad-83f8-b8d0cae36371', 119, 'public', 'Jungle Control Playbook', '{"cillum occaecat minim","excepteur","dolore ad elit","aliquip","dolor irure sit","magna aute"}', DEFAULT, DEFAULT, DEFAULT), ('c2405ac9-0838-5ce8-a85b-e6db0fbe6c10', '5c5c81ab-962f-58e6-94da-fcec32b54a8a', 117, 'unlisted', 'Early Game Dominance Guide', '{"enim minim sit sunt non","excepteur ea est","esse occaecat cillum dolor","enim aliqua aliqua non"}', DEFAULT, DEFAULT, DEFAULT), ('c8df1446-9b17-5687-8ff4-001003cfca37', 'c2916be7-afbf-5b1e-bf7a-6612306486ab', 120, 'private', 'Jungle Control Playbook', '{"dolore ex","esse consectetur adipisicing","cillum mollit nostrud laboris","cupidatat","magna non","mollit commodo nisi ex dolor"}', DEFAULT, DEFAULT, DEFAULT), ('f706294d-163e-5aef-a517-eae489067781', '1bdf6d4a-906f-5da5-b91f-35917468bf74', 112, 'public', 'Counter Pick Blueprint', '{"proident veniam non ipsum","ea magna","irure incididunt nulla labore","id dolore"}', DEFAULT, DEFAULT, DEFAULT), ('bee3d023-7908-5b1b-a6e7-320078c804bf', '225b2186-bb16-5b0a-b7be-47fd3c5a5cf9', 111, 'private', 'Roaming Support Plan', '{"et","mollit occaecat incididunt ut","veniam esse","ut proident deserunt","cillum aliquip","velit exercitation dolore ullamc"}', DEFAULT, DEFAULT, DEFAULT), ('d607d7db-ee7a-57fa-b0f1-08a24201e561', 'f5d8c620-973f-509a-b5b1-dc1e889a22a1', 116, 'unlisted', 'Objective Focused Strategy', '{"do incididunt nulla aliqua aute","minim velit"}', DEFAULT, DEFAULT, DEFAULT), ('6db5eb76-a4d8-59b2-8682-ac0a5dca423f', '36ab6720-a24b-578b-8d3f-3d9bb0485851', 115, 'public', 'Objective Focused Strategy', '{"magna nulla reprehenderit labore","consectetur sunt occaecat duis i","ad ipsum","et exercitation deserunt mollit","tempor proident","aliquip laboris non","adipisicing aliqua"}', DEFAULT, DEFAULT, DEFAULT), ('f0859c52-737d-58da-9c95-b804668a9ae6', '96b48c96-9efc-5ca4-902e-209874bfdb15', 112, 'public', 'Gank Heavy Approach', '{}', DEFAULT, DEFAULT, DEFAULT), ('f843e0b1-5e16-5c9e-923e-e155f87b2422', 'e582fc03-396b-5bd3-a7d1-a1f8176c5a84', 119, 'unlisted', 'Aggressive Rush Strategy', '{}', DEFAULT, DEFAULT, DEFAULT), ('971d3e7d-1fd1-5fd1-ba3a-0a99dda2cb04', 'c749b9a1-8131-5461-9b9f-368e4a129402', 118, 'public', 'Secure Objective Playbook', '{}', DEFAULT, DEFAULT, DEFAULT), ('51c6dab5-99f7-56c9-a820-7cfc76e25abf', '2da447ba-d0f6-5d62-becb-584cd208c558', 119, 'public', 'Early Game Dominance Guide', '{"ea officia eu"}', DEFAULT, DEFAULT, DEFAULT), ('88430d1c-f998-5183-ac05-d06b362a058a', '07d1c973-053f-5f79-8627-e7767272680a', 115, 'public', 'Map Control Blueprint', '{"elit ipsum ad exercitation","exercitation adipisicing","commodo","ullamco","ullamco minim","adipisicing aliqua","et","sint mollit duis velit","quis fugiat ipsum tempor","sit adipisicing"}', DEFAULT, DEFAULT, DEFAULT), ('fc959555-d183-544e-8cf6-52532b383f25', 'ddb44318-7e83-5b4d-8ba4-3bbd19edd327', 120, 'private', 'Jungle Control Playbook', '{"non ea anim labore adipisicing","dolor ipsum dolor","magna esse et","minim magna anim","proident id anim consectetur con","dolor ut ea aute"}', DEFAULT, DEFAULT, DEFAULT), ('94935318-fc9b-5864-874e-912b663c75f7', 'af85f96c-efbd-584c-bdd4-26c4e2f3e556', 120, 'private', 'Defensive Turtle Tactics', '{"voluptate culpa","dolore proident","nostrud dolor","voluptate sit anim","irure duis adipisicing deserunt","minim ullamco","ex eiusmod aliqua","laborum amet do","adipisicing","tempor cillum nulla nostrud labo"}', DEFAULT, DEFAULT, DEFAULT), ('ea529f5a-add2-5f29-a44d-2a799c7ab051', '72b9865e-dd81-5992-b1d1-d2edadfc44c4', 117, 'unlisted', 'Early Game Dominance Guide', '{"sunt enim aliqua deserunt elit","non magna","excepteur laboris ex","nisi laborum magna","adipisicing minim ullamco","eiusmod consequat occaecat","nostrud","amet tempor","laborum culpa irure"}', DEFAULT, DEFAULT, DEFAULT), ('b2bd3c17-1864-5b1f-8d71-b6fe96b48ba6', '3c19e2d6-1e17-5580-adbc-319ee6c74e3c', 114, 'public', 'Early Game Dominance Guide', '{"minim enim tempor ipsum enim","cupidatat incididunt velit fugia","ex aute exercitation aliquip","mollit","tempor","anim deserunt minim anim sint","ipsum"}', DEFAULT, DEFAULT, DEFAULT), ('a46777c9-6f34-5718-a195-68edd93e1d42', 'ac772386-a452-5d18-88c7-396c2a71eb0b', 111, 'private', 'Split Push Blueprint', '{"laboris irure"}', DEFAULT, DEFAULT, DEFAULT), ('0f3df2fb-dd6e-55b9-9f86-0babb8fec748', '274020d9-7513-5cf6-ae0b-e94ef1d1a62f', 114, 'public', 'Vision Control Blueprint', '{"ex culpa occaecat laboris adipis","Lorem ea","do deserunt occaecat","eiusmod laboris consectetur"}', DEFAULT, DEFAULT, DEFAULT), ('95bb7f47-209b-5f16-a018-19e8f23e6e16', 'fb634118-b8a6-50b7-9010-0317dd27fba6', 115, 'public', 'Jungle Control Playbook', '{"do quis est","qui in cillum in aliquip"}', DEFAULT, DEFAULT, DEFAULT), ('78959a88-41ee-5d40-85cb-71e22f4c47aa', '88514f78-7770-5bc2-96a4-f0f4ebcab4a4', 116, 'public', 'Jungle Control Playbook', '{"cillum voluptate sint deserunt","aliqua incididunt veniam aliqua","magna ut nisi consectetur et"}', DEFAULT, DEFAULT, DEFAULT), ('a9e614f8-c87a-596e-bdaf-6e577865453e', '76980724-1543-5820-bc77-ff5f445e7244', 118, 'public', 'Siege Tactics Handbook', '{"adipisicing","mollit anim","tempor ut","minim pariatur sunt","exercitation elit","id officia pariatur cillum quis","et laboris nisi","sunt minim sunt","quis Lorem adipisicing","laborum elit reprehenderit"}', DEFAULT, DEFAULT, DEFAULT), ('f80096a0-59ff-58f8-a58f-cd508cb0f33e', '305fa448-c3bf-59c7-a989-19ae69ce0725', 117, 'public', 'Defensive Turtle Tactics', '{}', DEFAULT, DEFAULT, DEFAULT), ('a444e395-f85a-5fcf-904b-e713df3a17f6', 'c749b9a1-8131-5461-9b9f-368e4a129402', 118, 'public', 'Siege Tactics Handbook', '{"aliqua","magna","ad dolor veniam","est ea","esse enim"}', DEFAULT, DEFAULT, DEFAULT);
INSERT INTO public.team_member_role (id,name,flags) VALUES (34, 'owner', 255), (35, 'editor', 7), (36, 'viewer', 1);
SELECT setval('"public"."team_member_role_id_seq"'::regclass, (SELECT MAX("id") FROM "public"."team_member_role"));
