INSERT INTO public.game (id,name,alias,icon,hidden,metadata,created_at) VALUES (83, 'Dolor Ea', 'NBA2K', 'https://svgshare.com/i/15iw.svg', 'f', '{"player_count":5,"gadgets_per_character":2}', DEFAULT), (84, 'Proident Esse', 'NBA2K', 'https://svgshare.com/i/15iw.svg', 'f', '{"player_count":5,"gadgets_per_character":2}', DEFAULT), (85, 'Dolor', 'GTA', 'https://svgshare.com/i/15iw.svg', 'f', '{"player_count":5,"gadgets_per_character":2}', DEFAULT);
INSERT INTO public.game_object (id,game_id,type,name,url,metadata) VALUES (1, 83, 'character', 'ipsum', 'https://svgshare.com/i/16EY.svg', '{"Molest":"Horribille ut metu"}'), (2, 83, 'character', 'dolore', 'https://svgshare.com/i/16EY.svg', '{"Omorari":"Es gloriae"}'), (3, 83, 'gadget', 'fugiat laboris nostrud', 'https://svgshare.com/i/16EY.svg', '{"Isti":"Causa non maloribus"}'), (4, 83, 'floor', 'cupidatat', 'https://svgshare.com/i/16EY.svg', '{"Ii":"Cursionibus desid omnium"}'), (5, 83, 'character', 'incididunt irure', 'https://svgshare.com/i/16EY.svg', '{"Abiliustit":"Scriberror iudexpetuam"}'), (6, 83, 'gadget', 'aliqua ullamco', 'https://svgshare.com/i/16EY.svg', '{"Expetus":"Motu multos"}'), (7, 83, 'gadget', 'magna mollit ad', 'https://svgshare.com/i/16EY.svg', '{"Litterastris":"Epicitia quo sapientia"}'), (8, 83, 'floor', 'enim do', 'https://svgshare.com/i/16EY.svg', '{"Rationistis":"Cum in"}'), (9, 83, 'floor', 'cupidatat amet aute', 'https://svgshare.com/i/16EY.svg', '{"Legimper":"Doloris endum perspici"}'), (10, 83, 'character', 'cupidatat do', 'https://svgshare.com/i/16EY.svg', '{"Indivinter":"Reret sentenebo per"}'), (11, 84, 'floor', 'aute', 'https://svgshare.com/i/16EY.svg', '{"Finibus":"Ad alterea deseratum"}'), (12, 84, 'floor', 'dolore', 'https://svgshare.com/i/16EY.svg', '{"Corporis":"Hominsiden tum"}'), (13, 84, 'floor', 'reprehenderit irure', 'https://svgshare.com/i/16EY.svg', '{"Bonorum":"Docerit si"}'), (14, 84, 'gadget', 'exercitation culpa nisi', 'https://svgshare.com/i/16EY.svg', '{"Ego":"Enim reperis"}'), (15, 84, 'gadget', 'ipsum', 'https://svgshare.com/i/16EY.svg', '{"Libidit":"Dolore qui"}'), (16, 84, 'character', 'labore', 'https://svgshare.com/i/16EY.svg', '{"Sit":"Aliquarum est physicis"}'), (17, 84, 'gadget', 'consectetur', 'https://svgshare.com/i/16EY.svg', '{"Credo":"Et qua dolem"}'), (18, 84, 'floor', 'proident amet', 'https://svgshare.com/i/16EY.svg', '{"Hac":"Vidis in modernator"}'), (19, 84, 'floor', 'aliqua enim ipsum', 'https://svgshare.com/i/16EY.svg', '{"Probest":"Tollatin nihille propterenda"}'), (20, 84, 'character', 'exercitation ea', 'https://svgshare.com/i/16EY.svg', '{"Nutu":"Capti placet quam"}'), (21, 84, 'character', 'sunt voluptate', 'https://svgshare.com/i/16EY.svg', '{"Cuiquamurnit":"Enimperner timum"}'), (22, 85, 'floor', 'sint nisi', 'https://svgshare.com/i/16EY.svg', '{"Genuit":"Cotidcirco omnium"}'), (23, 85, 'floor', 'nulla enim in', 'https://svgshare.com/i/16EY.svg', '{"Autem":"In fieri nec"}'), (24, 85, 'floor', 'est', 'https://svgshare.com/i/16EY.svg', '{"Totum":"Graeca aboresse"}'), (25, 85, 'gadget', 'aute nisi', 'https://svgshare.com/i/16EY.svg', '{"Am":"Tantopermit quae careat"}'), (26, 85, 'floor', 'dolor elit labore', 'https://svgshare.com/i/16EY.svg', '{"A":"Esse fieri"}'), (27, 85, 'character', 'do', 'https://svgshare.com/i/16EY.svg', '{"Idque":"Voluptare sint as"}'), (28, 85, 'floor', 'nulla cupidatat', 'https://svgshare.com/i/16EY.svg', '{"Hominam":"Maloriant sus poterudin"}'), (29, 85, 'floor', 'eiusmod aute', 'https://svgshare.com/i/16EY.svg', '{"Igita":"Uti orest ini"}'), (30, 85, 'floor', 'cupidatat', 'https://svgshare.com/i/16EY.svg', '{"Videt":"Nomin ipsi"}'), (31, 85, 'character', 'aliqua in', 'https://svgshare.com/i/16EY.svg', '{"Vi":"Ut impendere"}'), (32, 85, 'gadget', 'consectetur aute', 'https://svgshare.com/i/16EY.svg', '{"Appellat":"Te nunc rebus"}'), (33, 85, 'gadget', 'enim mollit', 'https://svgshare.com/i/16EY.svg', '{"Decornatur":"Ipsa fruenda aut"}');
SELECT setval('"public"."game_id_seq"'::regclass, (SELECT MAX("id") FROM "public"."game"));
SELECT setval('"public"."game_object_id_seq"'::regclass, (SELECT MAX("id") FROM "public"."game_object"));
INSERT INTO public.team (id,name,plan_id,game_id,created_at,updated_at) VALUES ('7c2c4732-09c1-5f7b-87ca-c53e7497b4ef', 'Cillum Magna', NULL, 85, DEFAULT, DEFAULT), ('f50563b6-8532-51ec-b121-d8c6bca3e897', 'Esse Laborum Mollit ', NULL, 85, DEFAULT, DEFAULT), ('f1bf295c-195b-5a42-9c6b-5bfa14b58307', 'Voluptate Magna Sint', NULL, 85, DEFAULT, DEFAULT), ('e0eebbc8-63c9-5fee-b088-b3310b672c35', 'Nulla Nisi Cupidatat', NULL, 84, DEFAULT, DEFAULT), ('1c17c04a-19f5-5c48-8b6b-48fe02257ffb', 'Cillum Duis Sit', NULL, 85, DEFAULT, DEFAULT), ('a2996c99-b8bb-5bf6-b789-844e821ceb82', 'Exercitation Ullamco', NULL, 84, DEFAULT, DEFAULT), ('5d016028-a6a3-5268-91a3-91021dbfda0a', 'Consectetur Do Eu', NULL, 85, DEFAULT, DEFAULT), ('b279891e-05aa-528b-867b-dd6fe5fa77c8', 'Amet Tempor Sit Elit', NULL, 83, DEFAULT, DEFAULT), ('ff53868f-9940-575d-8fa8-923808f93a53', 'Eiusmod Ad', NULL, 84, DEFAULT, DEFAULT), ('8172203a-00e7-5e0e-919b-2970e0d891df', 'Eu Elit Amet', NULL, 83, DEFAULT, DEFAULT), ('7b5ee10b-959f-565b-9dac-a4bab4f6c6bf', 'Deserunt Aliquip', NULL, 85, DEFAULT, DEFAULT), ('38400370-0369-5239-8b08-499aef0591ef', 'Officia Sunt Consect', NULL, 84, DEFAULT, DEFAULT), ('77394b64-1ec1-5043-8dc3-08f9200521d4', 'Sunt Fugiat Proident', NULL, 85, DEFAULT, DEFAULT), ('56ea9a57-3786-5a49-9700-501eb57a1328', 'Sunt Eiusmod Duis', NULL, 84, DEFAULT, DEFAULT), ('731fb763-1773-5758-b8dd-d75381b0e72a', 'Laboris Ipsum Conseq', NULL, 84, DEFAULT, DEFAULT), ('068fd5c6-1552-54ac-ade0-1a1e4b095f08', 'Incididunt Duis Dolo', NULL, 84, DEFAULT, DEFAULT), ('397d9892-31da-5629-a035-14fcfec8983a', 'Proident Ut Reprehen', NULL, 83, DEFAULT, DEFAULT), ('5e20f9a8-7b26-5a5f-8426-6b12c182d23c', 'Lorem Ut Occaecat La', NULL, 84, DEFAULT, DEFAULT), ('53fe0e9e-3358-5722-b994-4faad8733cd3', 'Ad Sint Non', NULL, 85, DEFAULT, DEFAULT), ('e4834379-a7a0-5f41-8193-f598072b1c83', 'Quis Commodo Nulla', NULL, 83, DEFAULT, DEFAULT), ('a9f91eda-269f-54d0-83de-05f0c2ecbf08', 'Voluptate Commodo De', NULL, 83, DEFAULT, DEFAULT), ('c0062d28-74ce-56b0-8124-852c5c4cdd1f', 'Incididunt Esse Exer', NULL, 84, DEFAULT, DEFAULT), ('a1d779f7-e622-5cd1-b766-eb2b7925b3c0', 'Enim Minim Voluptate', NULL, 84, DEFAULT, DEFAULT), ('bd4e2ea6-e7d4-5655-93cc-d1ed71c3483c', 'Exercitation Deserun', NULL, 85, DEFAULT, DEFAULT), ('fb2f612f-57ab-526e-8b57-f5de07942107', 'Est Minim Ea', NULL, 83, DEFAULT, DEFAULT), ('38cee772-792e-54fe-ae0f-d62f75f71c11', 'Lorem Est Id Ex', NULL, 85, DEFAULT, DEFAULT), ('60f279f1-b04c-57b1-b6aa-b71a8811c6ab', 'Excepteur Irure', NULL, 84, DEFAULT, DEFAULT), ('b5d35d7e-f19e-568e-9efe-911f779c892f', 'Qui Duis Adipisicing', NULL, 83, DEFAULT, DEFAULT), ('3db3509a-5565-5145-aa2d-eb656db639a3', 'In Consectetur Esse', NULL, 83, DEFAULT, DEFAULT), ('16b2ddd9-4627-52fa-8115-8453cfa39374', 'Dolor Cupidatat Mini', NULL, 84, DEFAULT, DEFAULT), ('782f7eda-e535-5ab3-8415-643126d3b0fa', 'Consectetur Incididu', NULL, 83, DEFAULT, DEFAULT), ('5daf6f25-3b97-5f49-8f75-4ba5d1d74cd3', 'Aliquip Ullamco', NULL, 85, DEFAULT, DEFAULT), ('3788fdae-c690-5563-abac-18b51e4d210f', 'Quis Commodo Do', NULL, 83, DEFAULT, DEFAULT), ('177ae72e-41a6-5325-80d6-452827ea5918', 'Incididunt Adipisici', NULL, 83, DEFAULT, DEFAULT), ('c0a2f5c4-7781-5310-ad3c-e7b9f41a7ace', 'Eiusmod Incididunt O', NULL, 84, DEFAULT, DEFAULT), ('71c019c0-f4c8-51ac-bfff-4141eabf85f3', 'Anim Et Dolore Nulla', NULL, 84, DEFAULT, DEFAULT), ('ab4eb860-b9b9-58f5-84c6-b76a08d23dfd', 'Dolore Ut Proident', NULL, 83, DEFAULT, DEFAULT), ('dd9140ad-b92d-5673-a8c2-8b1c4e3e8697', 'Non Reprehenderit Du', NULL, 85, DEFAULT, DEFAULT), ('78de8c0c-fe2d-50bd-afca-68bed9f87cd0', 'Ea Sit Duis', NULL, 85, DEFAULT, DEFAULT), ('81e51b22-aab8-5050-a735-aa5917f8771b', 'Dolor Ex Amet', NULL, 84, DEFAULT, DEFAULT), ('f6cb58dd-a0aa-5d2b-8ce5-200e44be4f36', 'Consequat Labore Ull', NULL, 83, DEFAULT, DEFAULT), ('48ed64cc-01ce-5cc6-8ffd-8d552f857570', 'Qui Aliquip Consecte', NULL, 85, DEFAULT, DEFAULT), ('0cb21e27-1e4d-50c9-bd0d-f6696d98b44c', 'Nisi Exercitation Qu', NULL, 83, DEFAULT, DEFAULT), ('29d37d99-954e-5434-8e90-9d564d65e434', 'Laboris Aliquip Magn', NULL, 83, DEFAULT, DEFAULT), ('64957ee8-7d0b-54ac-82da-6c959456806c', 'Laboris Anim', NULL, 84, DEFAULT, DEFAULT), ('b96a16b9-db3a-5601-8741-9aae600f278b', 'Id Dolore', NULL, 84, DEFAULT, DEFAULT), ('c25b7aec-7cbc-5229-a69a-f81a4d2a8c67', 'Dolor Elit', NULL, 85, DEFAULT, DEFAULT), ('ac4eab2d-141d-51f8-b7e8-eb7666d753eb', 'Enim Aute', NULL, 83, DEFAULT, DEFAULT);
INSERT INTO public.plan (id,name,pricing,pricing_interval,is_default,config,created_at,updated_at) VALUES (61, 'Essential', 0, 'monthly', 't', '{"max_members":6,"max_blueprints":100,"max_books":20}', DEFAULT, DEFAULT), (62, 'Advanced', 15.803108597090716, 'monthly', 'f', '{"max_members":12,"max_blueprints":200,"max_books":40}', DEFAULT, DEFAULT), (63, 'Pro', 12.111348826482082, 'yearly', 'f', '{"max_members":18,"max_blueprints":300,"max_books":60}', DEFAULT, DEFAULT);
INSERT INTO public.book (id,name,team_id,created_at,updated_at) VALUES ('1e7e0bcb-4fc0-5d72-81a5-d67a74a13595', 'Commodo', '7c2c4732-09c1-5f7b-87ca-c53e7497b4ef', DEFAULT, DEFAULT), ('d297ab9e-40d4-51b5-bb8f-a1df399f1a9a', 'Non Enim', '7c2c4732-09c1-5f7b-87ca-c53e7497b4ef', DEFAULT, DEFAULT), ('d1b8f3f8-af26-5088-8712-273c28ba98f7', 'Anim Occaecat', '7c2c4732-09c1-5f7b-87ca-c53e7497b4ef', DEFAULT, DEFAULT), ('98eaafd3-adbf-5a3e-adb9-b3fb6971b6f1', 'Do', 'f50563b6-8532-51ec-b121-d8c6bca3e897', DEFAULT, DEFAULT), ('2d1d7734-be70-5d07-a538-e76c6cae722e', 'Incididunt Consequat', 'f50563b6-8532-51ec-b121-d8c6bca3e897', DEFAULT, DEFAULT), ('b5605791-3389-56c2-9ec6-17d538b9bb85', 'Laboris', 'f50563b6-8532-51ec-b121-d8c6bca3e897', DEFAULT, DEFAULT), ('a5831e58-2fc9-5b59-970d-00c344a4eb18', 'Ipsum Mollit', 'f50563b6-8532-51ec-b121-d8c6bca3e897', DEFAULT, DEFAULT), ('756cbb59-27d6-58f3-b4b9-8b56121e683f', 'Sit Irure', 'f50563b6-8532-51ec-b121-d8c6bca3e897', DEFAULT, DEFAULT), ('a8212e1b-5577-5c28-9c38-2d4fbd753550', 'Commodo Deserunt', 'f1bf295c-195b-5a42-9c6b-5bfa14b58307', DEFAULT, DEFAULT), ('59558fa1-9cc0-5e85-a331-879d76e07f05', 'Nostrud Ea', 'f1bf295c-195b-5a42-9c6b-5bfa14b58307', DEFAULT, DEFAULT), ('8926b9fd-34b2-5421-a25c-9cd89c12cad0', 'Elit Magna Dolore', 'f1bf295c-195b-5a42-9c6b-5bfa14b58307', DEFAULT, DEFAULT), ('5d378209-1fd5-506f-8b3f-511a16489d69', 'Eu Nulla', 'f1bf295c-195b-5a42-9c6b-5bfa14b58307', DEFAULT, DEFAULT), ('a6ea6199-2a1a-56d4-b12a-1bf7d32d154c', 'Do Do Enim', 'e0eebbc8-63c9-5fee-b088-b3310b672c35', DEFAULT, DEFAULT), ('eb3e804d-5ed0-59a1-900b-3b0f9b2cb577', 'Dolore Nostrud', 'e0eebbc8-63c9-5fee-b088-b3310b672c35', DEFAULT, DEFAULT), ('88501f36-608d-5074-ab3f-752cd478292f', 'Qui Non Irure', 'e0eebbc8-63c9-5fee-b088-b3310b672c35', DEFAULT, DEFAULT), ('0e342915-b360-541f-8c0a-bdf36b3c0ce2', 'Magna', 'e0eebbc8-63c9-5fee-b088-b3310b672c35', DEFAULT, DEFAULT), ('8b474939-245b-5ed9-b06a-21432e2b9115', 'Ipsum Excepteur', 'e0eebbc8-63c9-5fee-b088-b3310b672c35', DEFAULT, DEFAULT), ('eb9fdff9-6822-52d9-b12a-a9a69b69cbe5', 'Esse Esse Aliquip', 'e0eebbc8-63c9-5fee-b088-b3310b672c35', DEFAULT, DEFAULT), ('79144a06-0314-5d41-8df1-e53dfcb6f109', 'Dolor', 'e0eebbc8-63c9-5fee-b088-b3310b672c35', DEFAULT, DEFAULT), ('abf8504a-2cfc-5a9d-a5d2-31dccd8bf00f', 'Commodo', '1c17c04a-19f5-5c48-8b6b-48fe02257ffb', DEFAULT, DEFAULT), ('262a78c7-eb9d-5e1a-8e58-41ecb0c31fbd', 'Nisi Magna', '1c17c04a-19f5-5c48-8b6b-48fe02257ffb', DEFAULT, DEFAULT), ('110efd29-2979-5c30-b41f-b3bf832f48cd', 'Occaecat', '1c17c04a-19f5-5c48-8b6b-48fe02257ffb', DEFAULT, DEFAULT), ('cf1d2e5e-3a18-5518-8e4c-387978992b8a', 'Ea Eiusmod', '1c17c04a-19f5-5c48-8b6b-48fe02257ffb', DEFAULT, DEFAULT), ('34a6eefa-de0a-5b54-8950-76863d1d5290', 'Dolore Mollit Incidi', '1c17c04a-19f5-5c48-8b6b-48fe02257ffb', DEFAULT, DEFAULT), ('338ac238-5209-53e4-836e-9d5dc98ae268', 'Aute', '1c17c04a-19f5-5c48-8b6b-48fe02257ffb', DEFAULT, DEFAULT), ('5f3671df-cc06-5a3d-87a6-e1e42e095fa3', 'Esse', '1c17c04a-19f5-5c48-8b6b-48fe02257ffb', DEFAULT, DEFAULT), ('d2268e40-fa6d-5300-9f01-b7cc8f9018e3', 'Sunt Enim Laboris', 'a2996c99-b8bb-5bf6-b789-844e821ceb82', DEFAULT, DEFAULT), ('7a86b477-8922-5c78-85b7-47a44d6877c0', 'Anim Veniam', 'a2996c99-b8bb-5bf6-b789-844e821ceb82', DEFAULT, DEFAULT), ('cd1520c4-af17-5e1e-b5b0-a9e95f36a7c4', 'In Enim Culpa', 'a2996c99-b8bb-5bf6-b789-844e821ceb82', DEFAULT, DEFAULT), ('2190cc4c-2cc5-5f9f-983d-55f70f31e468', 'Tempor', 'a2996c99-b8bb-5bf6-b789-844e821ceb82', DEFAULT, DEFAULT), ('fbfa0c72-9c6c-54ce-ba23-f1ed2563396e', 'Mollit Incididunt', 'a2996c99-b8bb-5bf6-b789-844e821ceb82', DEFAULT, DEFAULT), ('d664e8db-93ef-5294-a361-9e8640907e59', 'Ipsum Ullamco Labore', 'a2996c99-b8bb-5bf6-b789-844e821ceb82', DEFAULT, DEFAULT), ('df625f4d-0fe2-599a-b1d3-13232701e19f', 'Pariatur', 'a2996c99-b8bb-5bf6-b789-844e821ceb82', DEFAULT, DEFAULT), ('6ae168d9-ec9f-5cc8-9efc-a8418f6ebd72', 'Dolor Cillum Incidid', 'a2996c99-b8bb-5bf6-b789-844e821ceb82', DEFAULT, DEFAULT), ('349111f0-5b40-5b21-aeff-8af2b228d28f', 'Irure Incididunt', '5d016028-a6a3-5268-91a3-91021dbfda0a', DEFAULT, DEFAULT), ('e2b744a0-a170-5a87-828d-34cc6f64ca05', 'Quis', '5d016028-a6a3-5268-91a3-91021dbfda0a', DEFAULT, DEFAULT), ('3a804324-748d-571a-afad-6b9c20a35337', 'Proident Commodo Con', '5d016028-a6a3-5268-91a3-91021dbfda0a', DEFAULT, DEFAULT), ('1bf9a820-bb8f-59cd-8902-84a62a1aa29f', 'Ullamco Ad', '5d016028-a6a3-5268-91a3-91021dbfda0a', DEFAULT, DEFAULT), ('09204188-e618-5728-88fc-034120742c41', 'Esse Velit', 'b279891e-05aa-528b-867b-dd6fe5fa77c8', DEFAULT, DEFAULT), ('b576de0c-954e-5345-a9e7-0d691c52341a', 'Dolor', 'b279891e-05aa-528b-867b-dd6fe5fa77c8', DEFAULT, DEFAULT), ('887dee3f-7921-537c-91f1-8b0d43117b12', 'Est', 'b279891e-05aa-528b-867b-dd6fe5fa77c8', DEFAULT, DEFAULT), ('f561c33d-0589-5163-a677-f2a1eb6b3322', 'Est Qui Elit', 'ff53868f-9940-575d-8fa8-923808f93a53', DEFAULT, DEFAULT), ('02a341a2-35a0-5fbc-a1f4-aa8b42aa4b51', 'Velit Lorem Sint', 'ff53868f-9940-575d-8fa8-923808f93a53', DEFAULT, DEFAULT), ('ad276812-3b86-5425-b36a-d822f2860912', 'Cillum', 'ff53868f-9940-575d-8fa8-923808f93a53', DEFAULT, DEFAULT), ('2764351d-73bf-5124-a613-660cd57f91dd', 'Elit Do', 'ff53868f-9940-575d-8fa8-923808f93a53', DEFAULT, DEFAULT), ('cd80d13e-478f-5058-8dfd-e20a76013cb5', 'Officia', '8172203a-00e7-5e0e-919b-2970e0d891df', DEFAULT, DEFAULT), ('db9f2a26-569b-5431-9216-bcd2cf256bbd', 'Labore Ex', '8172203a-00e7-5e0e-919b-2970e0d891df', DEFAULT, DEFAULT), ('e4c44768-00c8-52e6-80f9-625972d5d9b9', 'Ad Officia Magna', '8172203a-00e7-5e0e-919b-2970e0d891df', DEFAULT, DEFAULT), ('eea550bd-8120-5fb2-9339-ad3a549506d4', 'Veniam Cupidatat', '8172203a-00e7-5e0e-919b-2970e0d891df', DEFAULT, DEFAULT), ('88514f78-7770-5bc2-96a4-f0f4ebcab4a4', 'Consectetur Sint', '8172203a-00e7-5e0e-919b-2970e0d891df', DEFAULT, DEFAULT), ('95c65795-b9a1-572f-87ae-6fa70b020fbb', 'Consequat Sint', '8172203a-00e7-5e0e-919b-2970e0d891df', DEFAULT, DEFAULT), ('e9decb87-4a50-5c41-896c-16fe0d21ebca', 'Do Occaecat', '7b5ee10b-959f-565b-9dac-a4bab4f6c6bf', DEFAULT, DEFAULT), ('274020d9-7513-5cf6-ae0b-e94ef1d1a62f', 'Esse Reprehenderit', '7b5ee10b-959f-565b-9dac-a4bab4f6c6bf', DEFAULT, DEFAULT), ('644bfc5c-cf27-5d76-8355-4e4c8d73061f', 'Magna Laborum', '7b5ee10b-959f-565b-9dac-a4bab4f6c6bf', DEFAULT, DEFAULT), ('eff6dde6-e4aa-5c61-9818-5d7ae0bf58b7', 'Non Quis', '7b5ee10b-959f-565b-9dac-a4bab4f6c6bf', DEFAULT, DEFAULT), ('31bb49e9-e86d-546a-9e01-6986e5eacf06', 'Officia Dolore', '7b5ee10b-959f-565b-9dac-a4bab4f6c6bf', DEFAULT, DEFAULT), ('6a3486ce-c3fa-519b-8ad1-f329a5c3ee43', 'Labore Labore', '7b5ee10b-959f-565b-9dac-a4bab4f6c6bf', DEFAULT, DEFAULT), ('b134c4e5-3e41-53b3-bf3f-7f4cf023e9d7', 'Est', '38400370-0369-5239-8b08-499aef0591ef', DEFAULT, DEFAULT), ('763ebb5f-add9-59ff-9a26-6b4030dae259', 'Dolor', '38400370-0369-5239-8b08-499aef0591ef', DEFAULT, DEFAULT), ('9f273059-bf49-55a4-bf95-e6bedcccffe3', 'Do', '38400370-0369-5239-8b08-499aef0591ef', DEFAULT, DEFAULT), ('c7198a1e-f50c-5635-a5bf-2073d4da7bc6', 'Minim', '38400370-0369-5239-8b08-499aef0591ef', DEFAULT, DEFAULT), ('1497705a-df0e-5f8d-988d-61adba7199e0', 'Ea', '38400370-0369-5239-8b08-499aef0591ef', DEFAULT, DEFAULT), ('ac772386-a452-5d18-88c7-396c2a71eb0b', 'Mollit In Qui', '38400370-0369-5239-8b08-499aef0591ef', DEFAULT, DEFAULT), ('7b09592d-b146-5ee2-9db5-3683955196d6', 'Velit Laborum', '38400370-0369-5239-8b08-499aef0591ef', DEFAULT, DEFAULT), ('d3953f9f-e0f9-5aed-9d31-3f026a23da12', 'Excepteur', '38400370-0369-5239-8b08-499aef0591ef', DEFAULT, DEFAULT), ('b5f933d0-c28e-517c-9fca-d9e38dc742a2', 'Commodo Duis', '77394b64-1ec1-5043-8dc3-08f9200521d4', DEFAULT, DEFAULT), ('21a7e579-98a3-5757-a0a8-913f2da95aba', 'Adipisicing Proident', '77394b64-1ec1-5043-8dc3-08f9200521d4', DEFAULT, DEFAULT), ('a4b32498-f3a6-5110-a5b6-de20f0314c35', 'Quis', '77394b64-1ec1-5043-8dc3-08f9200521d4', DEFAULT, DEFAULT), ('22052ce5-2628-54da-93cf-dce3c06b547a', 'Adipisicing Adipisic', '77394b64-1ec1-5043-8dc3-08f9200521d4', DEFAULT, DEFAULT), ('31ac52db-fa89-5177-b667-1cf6526a929a', 'Ipsum Non', '56ea9a57-3786-5a49-9700-501eb57a1328', DEFAULT, DEFAULT), ('3c6d504a-3b43-5117-a71b-e844b07b3920', 'Consequat', '56ea9a57-3786-5a49-9700-501eb57a1328', DEFAULT, DEFAULT), ('70e095a9-713d-5fe2-a06a-8145febdb917', 'Nulla Lorem', '56ea9a57-3786-5a49-9700-501eb57a1328', DEFAULT, DEFAULT), ('d0fa96c4-2bfe-5959-9fd4-b17ec4964e6d', 'Pariatur Minim Labor', '56ea9a57-3786-5a49-9700-501eb57a1328', DEFAULT, DEFAULT), ('cb82a658-7a6b-5f53-8103-de934a9d041a', 'Sit Elit Ut', '56ea9a57-3786-5a49-9700-501eb57a1328', DEFAULT, DEFAULT), ('404e076e-a943-52e4-a2ce-10591a9caa1f', 'Duis', '56ea9a57-3786-5a49-9700-501eb57a1328', DEFAULT, DEFAULT), ('808bd15b-fc3e-5378-a895-35c8b3e388f6', 'Pariatur Amet Occaec', '56ea9a57-3786-5a49-9700-501eb57a1328', DEFAULT, DEFAULT), ('af5fa9a8-f7df-5a87-830c-3e8d39f06eae', 'Labore Fugiat', '731fb763-1773-5758-b8dd-d75381b0e72a', DEFAULT, DEFAULT), ('fa904169-96b2-5473-b48d-c7f225d6dfb3', 'Magna Nostrud', '731fb763-1773-5758-b8dd-d75381b0e72a', DEFAULT, DEFAULT), ('76980724-1543-5820-bc77-ff5f445e7244', 'Dolor Eiusmod', '731fb763-1773-5758-b8dd-d75381b0e72a', DEFAULT, DEFAULT), ('c9f9ed6b-3ed1-5d46-9201-51000bdf47fa', 'Eu', '731fb763-1773-5758-b8dd-d75381b0e72a', DEFAULT, DEFAULT), ('54473828-0225-5307-b53c-7a0fc46ac63c', 'Anim Laboris Id', '731fb763-1773-5758-b8dd-d75381b0e72a', DEFAULT, DEFAULT), ('f057746f-990e-5e0f-ba59-b833ef7e39fc', 'Ut Ipsum Officia', '731fb763-1773-5758-b8dd-d75381b0e72a', DEFAULT, DEFAULT), ('c67d2d09-4f9c-55d4-8995-a05fcda1aef5', 'Elit Esse', '068fd5c6-1552-54ac-ade0-1a1e4b095f08', DEFAULT, DEFAULT), ('6fb8bc22-57b5-5453-b6ee-d5dfa591c360', 'Ullamco', '068fd5c6-1552-54ac-ade0-1a1e4b095f08', DEFAULT, DEFAULT), ('3d58489a-e732-5fe3-9fa1-7d8615a17b59', 'Magna Exercitation E', '068fd5c6-1552-54ac-ade0-1a1e4b095f08', DEFAULT, DEFAULT), ('f8caf156-ccf0-5aea-a4e4-6c70f58a603e', 'Ea', '068fd5c6-1552-54ac-ade0-1a1e4b095f08', DEFAULT, DEFAULT), ('8bad4601-c5dc-5d96-9ece-4ebbe2a83dfa', 'Et Nisi', '397d9892-31da-5629-a035-14fcfec8983a', DEFAULT, DEFAULT), ('d36b7a55-d6b7-5955-bd46-7839332db245', 'Aliquip Consectetur', '397d9892-31da-5629-a035-14fcfec8983a', DEFAULT, DEFAULT), ('f8151e07-b0ba-57cb-b13b-f8463f48e7fa', 'Labore', '397d9892-31da-5629-a035-14fcfec8983a', DEFAULT, DEFAULT), ('d19db439-c7e7-53a7-aa19-0db346180dc1', 'Laboris', '5e20f9a8-7b26-5a5f-8426-6b12c182d23c', DEFAULT, DEFAULT), ('91434b27-2651-5429-8f42-45c3f8e334a0', 'Culpa Anim', '5e20f9a8-7b26-5a5f-8426-6b12c182d23c', DEFAULT, DEFAULT), ('549980e7-3e77-5d76-b263-84664d04b209', 'Ut Minim In', '5e20f9a8-7b26-5a5f-8426-6b12c182d23c', DEFAULT, DEFAULT), ('e4de1a09-bd9a-5e42-b92c-2cb1af28bec6', 'Commodo Et', '5e20f9a8-7b26-5a5f-8426-6b12c182d23c', DEFAULT, DEFAULT), ('f4b5542b-ba61-519e-a8d2-5793282ad487', 'Mollit Excepteur', '5e20f9a8-7b26-5a5f-8426-6b12c182d23c', DEFAULT, DEFAULT), ('cd7c291a-6d6e-5632-91e5-b7fd7a634d7d', 'Fugiat Sint Ex', '5e20f9a8-7b26-5a5f-8426-6b12c182d23c', DEFAULT, DEFAULT), ('4da5a34b-d621-539d-93ed-4bd842601284', 'Ullamco Excepteur Ve', '5e20f9a8-7b26-5a5f-8426-6b12c182d23c', DEFAULT, DEFAULT), ('eb3795e9-0dc2-506f-818c-e81bf7149197', 'Enim', '5e20f9a8-7b26-5a5f-8426-6b12c182d23c', DEFAULT, DEFAULT), ('3dbd7acc-a0c5-5607-8378-ec8dc206b269', 'Culpa Sunt Dolor', '5e20f9a8-7b26-5a5f-8426-6b12c182d23c', DEFAULT, DEFAULT), ('b32027db-33da-5dc2-b906-e0c2a06ac683', 'Consequat Mollit', '53fe0e9e-3358-5722-b994-4faad8733cd3', DEFAULT, DEFAULT), ('b7a89d05-549f-565f-b631-b59097e91d1a', 'Amet Qui Excepteur', '53fe0e9e-3358-5722-b994-4faad8733cd3', DEFAULT, DEFAULT), ('ac9f0e3e-b030-584f-a8dd-87355fe22537', 'Est Non', '53fe0e9e-3358-5722-b994-4faad8733cd3', DEFAULT, DEFAULT), ('438bff0e-fd50-5c86-89ee-d397a0c0e548', 'Eu Nostrud', '53fe0e9e-3358-5722-b994-4faad8733cd3', DEFAULT, DEFAULT), ('9bf2ad50-cccb-50eb-8269-3a7e78bd21f5', 'Deserunt Sit', '53fe0e9e-3358-5722-b994-4faad8733cd3', DEFAULT, DEFAULT), ('36f6f3ba-e867-5008-b6c1-829e989f9d2f', 'Aliquip Elit', '53fe0e9e-3358-5722-b994-4faad8733cd3', DEFAULT, DEFAULT), ('26f7bb6a-3c9c-5b30-b11b-be5ebfb91948', 'Deserunt', 'e4834379-a7a0-5f41-8193-f598072b1c83', DEFAULT, DEFAULT), ('e5b4727f-be5e-52c0-83cb-cb7ba230945f', 'Veniam Deserunt', 'e4834379-a7a0-5f41-8193-f598072b1c83', DEFAULT, DEFAULT), ('290e51c6-7ff6-5db4-8f40-69dda051b66c', 'Occaecat', 'e4834379-a7a0-5f41-8193-f598072b1c83', DEFAULT, DEFAULT), ('6c3f6730-2b1a-5e27-97de-caacad0bb1a5', 'Sint', 'e4834379-a7a0-5f41-8193-f598072b1c83', DEFAULT, DEFAULT), ('7d0c4d54-58ae-5ddf-b108-590171e8655a', 'Do Ipsum Tempor', 'e4834379-a7a0-5f41-8193-f598072b1c83', DEFAULT, DEFAULT), ('5dd9c208-a224-5712-b987-eab6b9a89e23', 'Nostrud Magna', 'e4834379-a7a0-5f41-8193-f598072b1c83', DEFAULT, DEFAULT), ('8bfeb6d5-d92f-5041-aa1b-39b8365c0a59', 'Laboris Reprehenderi', 'e4834379-a7a0-5f41-8193-f598072b1c83', DEFAULT, DEFAULT), ('8c5ef042-1b14-56ed-adba-e25d3960a3cf', 'Nostrud Eiusmod', 'e4834379-a7a0-5f41-8193-f598072b1c83', DEFAULT, DEFAULT), ('a8766652-5cf4-5e66-ba6d-9eb457dff942', 'Qui Labore', 'a9f91eda-269f-54d0-83de-05f0c2ecbf08', DEFAULT, DEFAULT), ('43bcab14-4a69-5e60-a07f-cda2fe595a2a', 'Nisi Consequat Labor', 'a9f91eda-269f-54d0-83de-05f0c2ecbf08', DEFAULT, DEFAULT), ('203ac13e-e5b1-548e-a7da-5d8cff932053', 'Cillum Incididunt', 'a9f91eda-269f-54d0-83de-05f0c2ecbf08', DEFAULT, DEFAULT), ('5783cab4-e010-523b-b893-81b388f43d06', 'In Eu', 'c0062d28-74ce-56b0-8124-852c5c4cdd1f', DEFAULT, DEFAULT), ('01bb02e3-6d00-5b11-ba00-2f6b060dfb2e', 'Lorem', 'c0062d28-74ce-56b0-8124-852c5c4cdd1f', DEFAULT, DEFAULT), ('a9752d0c-ade4-58c6-b746-1b9df56a3d08', 'Lorem Adipisicing La', 'c0062d28-74ce-56b0-8124-852c5c4cdd1f', DEFAULT, DEFAULT), ('5cdb9712-16b6-532e-9cc7-8cf7dfbe9b6b', 'Adipisicing Officia', 'c0062d28-74ce-56b0-8124-852c5c4cdd1f', DEFAULT, DEFAULT), ('47c1a5aa-1c4a-5781-9c8f-968a639137d7', 'Adipisicing Tempor', 'c0062d28-74ce-56b0-8124-852c5c4cdd1f', DEFAULT, DEFAULT), ('3c19e2d6-1e17-5580-adbc-319ee6c74e3c', 'Mollit Amet', 'c0062d28-74ce-56b0-8124-852c5c4cdd1f', DEFAULT, DEFAULT), ('ddb44318-7e83-5b4d-8ba4-3bbd19edd327', 'Esse', 'c0062d28-74ce-56b0-8124-852c5c4cdd1f', DEFAULT, DEFAULT), ('e6e5bdc8-dbe5-545a-b616-a55a5f857d1f', 'Aute Ut', 'c0062d28-74ce-56b0-8124-852c5c4cdd1f', DEFAULT, DEFAULT), ('3adfc207-aaeb-5fa1-b329-eb7ef2061320', 'Nostrud Sit', 'a1d779f7-e622-5cd1-b766-eb2b7925b3c0', DEFAULT, DEFAULT), ('096adf71-c74e-5b77-822b-46a8768797c5', 'Voluptate Qui', 'a1d779f7-e622-5cd1-b766-eb2b7925b3c0', DEFAULT, DEFAULT), ('65d8ad86-6271-552b-8704-fabcdcf18cdb', 'Enim Laborum', 'a1d779f7-e622-5cd1-b766-eb2b7925b3c0', DEFAULT, DEFAULT), ('9a52e2af-cb63-5ab2-95a7-ae32f01d6a1c', 'Commodo Aliqua', 'a1d779f7-e622-5cd1-b766-eb2b7925b3c0', DEFAULT, DEFAULT), ('f7f33f5b-7e02-5784-9db2-ed2995544a54', 'Consequat', 'a1d779f7-e622-5cd1-b766-eb2b7925b3c0', DEFAULT, DEFAULT), ('ba4d6fef-111f-5ce5-883e-2b3880f373bf', 'Proident Irure Ipsum', 'a1d779f7-e622-5cd1-b766-eb2b7925b3c0', DEFAULT, DEFAULT), ('405dd580-b1c8-5c0e-9df0-d82b7f57175d', 'Nulla Nisi', 'a1d779f7-e622-5cd1-b766-eb2b7925b3c0', DEFAULT, DEFAULT), ('27a14f80-586c-54cd-876e-cd42ede1f04f', 'Incididunt Enim', 'a1d779f7-e622-5cd1-b766-eb2b7925b3c0', DEFAULT, DEFAULT), ('1d734ef3-200a-5767-950c-960f29e166e0', 'Et', 'a1d779f7-e622-5cd1-b766-eb2b7925b3c0', DEFAULT, DEFAULT), ('39da01f0-2195-5fc3-a74a-d12c26c902a3', 'Minim Ipsum', 'bd4e2ea6-e7d4-5655-93cc-d1ed71c3483c', DEFAULT, DEFAULT), ('fbbb9719-f3d1-5ce2-b584-4b70bf5bb135', 'Est Amet', 'bd4e2ea6-e7d4-5655-93cc-d1ed71c3483c', DEFAULT, DEFAULT), ('5f651c76-ceba-56db-bd60-512d4079ec53', 'Eu', 'bd4e2ea6-e7d4-5655-93cc-d1ed71c3483c', DEFAULT, DEFAULT), ('9af6e0ef-7015-5390-856a-705032c2e40e', 'Et Exercitation', 'bd4e2ea6-e7d4-5655-93cc-d1ed71c3483c', DEFAULT, DEFAULT), ('5034bc4f-306f-5e76-8ef2-99198efc3a69', 'Minim Qui Sit', 'bd4e2ea6-e7d4-5655-93cc-d1ed71c3483c', DEFAULT, DEFAULT), ('bbecd693-8054-5eee-8ada-8e2d5a3c5090', 'Fugiat Consectetur', 'bd4e2ea6-e7d4-5655-93cc-d1ed71c3483c', DEFAULT, DEFAULT), ('f5d8c620-973f-509a-b5b1-dc1e889a22a1', 'Duis Esse', 'bd4e2ea6-e7d4-5655-93cc-d1ed71c3483c', DEFAULT, DEFAULT), ('76a5e2d5-9a63-55f6-9eb8-8f0daf48e856', 'Cillum Cillum', 'bd4e2ea6-e7d4-5655-93cc-d1ed71c3483c', DEFAULT, DEFAULT), ('e7ba2b18-a57c-5b02-9714-d376d9ea922f', 'Excepteur Minim Moll', 'fb2f612f-57ab-526e-8b57-f5de07942107', DEFAULT, DEFAULT), ('ccd28d41-9086-5b64-b351-585431787bb7', 'Ex', 'fb2f612f-57ab-526e-8b57-f5de07942107', DEFAULT, DEFAULT), ('6a248992-e0a8-5c27-8d71-fd2cfd3a1fd6', 'Sunt Enim Non', 'fb2f612f-57ab-526e-8b57-f5de07942107', DEFAULT, DEFAULT), ('72d447b0-a4fa-5de7-bb4c-9ff5f169dfea', 'Magna', 'fb2f612f-57ab-526e-8b57-f5de07942107', DEFAULT, DEFAULT), ('eeba85da-b4f7-5195-887e-28b7dc8a5236', 'Dolor Reprehenderit', 'fb2f612f-57ab-526e-8b57-f5de07942107', DEFAULT, DEFAULT), ('f457d7a7-01f9-5225-b07a-0e782525bbc7', 'Laboris', '38cee772-792e-54fe-ae0f-d62f75f71c11', DEFAULT, DEFAULT), ('0fa12fcf-97e2-5065-a698-e366ca117702', 'Id Est Dolore', '38cee772-792e-54fe-ae0f-d62f75f71c11', DEFAULT, DEFAULT), ('b4725825-2a5a-5e18-a190-e59f4cb9f1b5', 'Dolore Nostrud Ipsum', '38cee772-792e-54fe-ae0f-d62f75f71c11', DEFAULT, DEFAULT), ('d1dc8a74-c651-5dbd-b484-1cd2c51db9b9', 'Enim Ad', '38cee772-792e-54fe-ae0f-d62f75f71c11', DEFAULT, DEFAULT), ('45173bfe-a11f-574a-ac25-21cda1308ec9', 'Commodo Deserunt Lab', '60f279f1-b04c-57b1-b6aa-b71a8811c6ab', DEFAULT, DEFAULT), ('28e4b717-ba20-5ce6-96db-f08421aa2fc7', 'Non Cupidatat Ut', '60f279f1-b04c-57b1-b6aa-b71a8811c6ab', DEFAULT, DEFAULT), ('d35ecca3-ac35-5e28-8e7e-6a25de908d18', 'Tempor Irure', '60f279f1-b04c-57b1-b6aa-b71a8811c6ab', DEFAULT, DEFAULT), ('e334db45-3389-5a47-b7c9-4ff8121637b5', 'Qui', '60f279f1-b04c-57b1-b6aa-b71a8811c6ab', DEFAULT, DEFAULT), ('0a9347d2-3396-5e6a-98f1-b406ca195226', 'Eiusmod Elit', '60f279f1-b04c-57b1-b6aa-b71a8811c6ab', DEFAULT, DEFAULT), ('71edf17f-e471-58c3-bbf8-8111bd6c7c8e', 'Cupidatat Duis', '60f279f1-b04c-57b1-b6aa-b71a8811c6ab', DEFAULT, DEFAULT), ('fc6d457c-9711-5cde-813c-d584f858faae', 'Fugiat Elit Mollit', '60f279f1-b04c-57b1-b6aa-b71a8811c6ab', DEFAULT, DEFAULT), ('644a93ba-f570-5681-b2f5-de6b9950affd', 'Occaecat', '60f279f1-b04c-57b1-b6aa-b71a8811c6ab', DEFAULT, DEFAULT), ('cd42da7d-ec75-53b3-9aad-015766f58921', 'Ea', '60f279f1-b04c-57b1-b6aa-b71a8811c6ab', DEFAULT, DEFAULT), ('b737f334-53a3-585e-98d7-69fce744e35e', 'Cillum Ipsum Quis', 'b5d35d7e-f19e-568e-9efe-911f779c892f', DEFAULT, DEFAULT), ('8babc841-00b0-585f-9ca3-85ef68fec1f7', 'Ut Ut', 'b5d35d7e-f19e-568e-9efe-911f779c892f', DEFAULT, DEFAULT), ('79efb743-bb54-546e-8bdf-089509399715', 'Eiusmod Reprehenderi', 'b5d35d7e-f19e-568e-9efe-911f779c892f', DEFAULT, DEFAULT), ('86e03e09-1744-508f-b91c-c48f85d8ffcb', 'Culpa Incididunt', 'b5d35d7e-f19e-568e-9efe-911f779c892f', DEFAULT, DEFAULT), ('6451b879-16d7-5644-b6b9-87dd18b3facf', 'Laborum Commodo', 'b5d35d7e-f19e-568e-9efe-911f779c892f', DEFAULT, DEFAULT), ('844afdcc-93cf-55c8-b0f1-1cc22329a30b', 'Laboris Ipsum', '3db3509a-5565-5145-aa2d-eb656db639a3', DEFAULT, DEFAULT), ('290bcd64-8663-5670-8efa-64e864979bbb', 'Amet Cillum Officia', '3db3509a-5565-5145-aa2d-eb656db639a3', DEFAULT, DEFAULT), ('897e7fb9-bd9c-59e3-afc7-d1c31ec7ef34', 'Fugiat Non', '3db3509a-5565-5145-aa2d-eb656db639a3', DEFAULT, DEFAULT), ('583774ae-7432-5503-850f-867e82c0838b', 'Qui', '16b2ddd9-4627-52fa-8115-8453cfa39374', DEFAULT, DEFAULT), ('225b2186-bb16-5b0a-b7be-47fd3c5a5cf9', 'Eiusmod Sit', '16b2ddd9-4627-52fa-8115-8453cfa39374', DEFAULT, DEFAULT), ('fc295a44-56fb-5a65-beee-66fd6554ae26', 'Labore Voluptate', '16b2ddd9-4627-52fa-8115-8453cfa39374', DEFAULT, DEFAULT), ('88133dcb-8b00-5c2c-aee5-9f0743f5239d', 'Culpa Nulla', '16b2ddd9-4627-52fa-8115-8453cfa39374', DEFAULT, DEFAULT), ('9bcb6997-9423-57c0-978a-09ad67de00e3', 'Do Quis Labore', '16b2ddd9-4627-52fa-8115-8453cfa39374', DEFAULT, DEFAULT), ('a3141029-aec2-543b-b18a-49fe947e3304', 'Et Excepteur', '782f7eda-e535-5ab3-8415-643126d3b0fa', DEFAULT, DEFAULT), ('6c52c1d9-13a4-51ef-ae51-1dacc4c14be9', 'Sunt Anim', '782f7eda-e535-5ab3-8415-643126d3b0fa', DEFAULT, DEFAULT), ('2589cf16-4103-5a4f-b544-b30078083eaa', 'Ullamco Cillum', '782f7eda-e535-5ab3-8415-643126d3b0fa', DEFAULT, DEFAULT), ('a88bc9b9-135e-55c7-8c4c-5a072a3c8573', 'Ad Velit', '782f7eda-e535-5ab3-8415-643126d3b0fa', DEFAULT, DEFAULT), ('8b7e423b-b9b9-5b3c-bf3d-1aa45d16235c', 'Occaecat Adipisicing', '782f7eda-e535-5ab3-8415-643126d3b0fa', DEFAULT, DEFAULT), ('882c7ae5-914f-539d-8207-691de536097f', 'Occaecat Nulla', '782f7eda-e535-5ab3-8415-643126d3b0fa', DEFAULT, DEFAULT), ('811570ef-0b81-508d-ba05-2f5e812d4131', 'Laboris Ea', '782f7eda-e535-5ab3-8415-643126d3b0fa', DEFAULT, DEFAULT), ('29b47b7e-4cec-5d5a-b93d-172770b57ed6', 'Elit Laboris', '782f7eda-e535-5ab3-8415-643126d3b0fa', DEFAULT, DEFAULT), ('a5e6c58e-54df-5943-b1b7-463c2ae0fb74', 'Deserunt Dolor', '782f7eda-e535-5ab3-8415-643126d3b0fa', DEFAULT, DEFAULT), ('9b1fc781-1e4e-56d2-bd68-0dc257a319c0', 'Fugiat Cillum Ad', '5daf6f25-3b97-5f49-8f75-4ba5d1d74cd3', DEFAULT, DEFAULT), ('8a0a556f-d942-55f0-8ba8-1ffbfaf3c6d9', 'Enim', '5daf6f25-3b97-5f49-8f75-4ba5d1d74cd3', DEFAULT, DEFAULT), ('91fa3874-9437-5dfa-a49a-f19fb38d9e92', 'Irure Sint Et', '5daf6f25-3b97-5f49-8f75-4ba5d1d74cd3', DEFAULT, DEFAULT), ('3204ce32-7c5b-5953-969e-fe1d17de6e76', 'Ex', '3788fdae-c690-5563-abac-18b51e4d210f', DEFAULT, DEFAULT), ('eecf8a7e-af2f-524d-a645-c5fba3ebda06', 'Ad', '3788fdae-c690-5563-abac-18b51e4d210f', DEFAULT, DEFAULT), ('8d3f145b-67b0-504d-b49a-d59ecea5d2d8', 'Irure Adipisicing Of', '3788fdae-c690-5563-abac-18b51e4d210f', DEFAULT, DEFAULT), ('d00c085d-72d6-5114-a5fd-ba818539c2f7', 'Eu', '3788fdae-c690-5563-abac-18b51e4d210f', DEFAULT, DEFAULT), ('de459427-bb2c-5381-bdbf-7126efbb65c9', 'Occaecat Sint', '3788fdae-c690-5563-abac-18b51e4d210f', DEFAULT, DEFAULT), ('fd2a8113-662a-5782-9e12-f7b49eee56e0', 'Cupidatat In', '3788fdae-c690-5563-abac-18b51e4d210f', DEFAULT, DEFAULT), ('5c25ba01-ab4d-5527-9a41-d79d770f3d79', 'Mollit Fugiat Irure', '3788fdae-c690-5563-abac-18b51e4d210f', DEFAULT, DEFAULT), ('bbcbd7eb-4377-550e-af45-f77d693d98fe', 'Labore Aliquip', '3788fdae-c690-5563-abac-18b51e4d210f', DEFAULT, DEFAULT), ('84d2e38f-9f57-573c-beee-7b9678c403c3', 'Nostrud Laboris', '3788fdae-c690-5563-abac-18b51e4d210f', DEFAULT, DEFAULT), ('285896cd-c894-5631-a1f6-527c321079e6', 'Ullamco Do', '3788fdae-c690-5563-abac-18b51e4d210f', DEFAULT, DEFAULT), ('d6d652bf-48a5-5a85-a95d-16c25edc5397', 'Labore Duis', '177ae72e-41a6-5325-80d6-452827ea5918', DEFAULT, DEFAULT), ('94170f3d-888c-58bc-bc18-13592bfb52c5', 'Do Ut Nulla', '177ae72e-41a6-5325-80d6-452827ea5918', DEFAULT, DEFAULT), ('1e0af0c0-30ba-5a06-9647-a83cef3d815d', 'Et Tempor', '177ae72e-41a6-5325-80d6-452827ea5918', DEFAULT, DEFAULT), ('097c4d8e-94d3-5fd3-94ca-7bbb66cf6929', 'Est Quis', '177ae72e-41a6-5325-80d6-452827ea5918', DEFAULT, DEFAULT), ('2daf5548-f681-577a-9912-670e1304b2ad', 'Laboris Excepteur', '177ae72e-41a6-5325-80d6-452827ea5918', DEFAULT, DEFAULT), ('36ab6720-a24b-578b-8d3f-3d9bb0485851', 'Fugiat Duis Esse', '177ae72e-41a6-5325-80d6-452827ea5918', DEFAULT, DEFAULT), ('960932a7-c474-5ba2-97bb-0581aeeca485', 'Aliqua', '177ae72e-41a6-5325-80d6-452827ea5918', DEFAULT, DEFAULT), ('d9d9ad5e-1233-511b-bc7d-1f7d6c3d7a35', 'Aliqua Deserunt', '177ae72e-41a6-5325-80d6-452827ea5918', DEFAULT, DEFAULT), ('f90b4470-adf8-5f0c-b081-850f3bfe4f01', 'Officia Consequat Id', '177ae72e-41a6-5325-80d6-452827ea5918', DEFAULT, DEFAULT), ('70b4d1da-5ee3-5bd6-aecb-9af8ab670b84', 'Culpa Non', 'c0a2f5c4-7781-5310-ad3c-e7b9f41a7ace', DEFAULT, DEFAULT), ('2da4149c-bf3e-5f98-b904-591c69530871', 'Tempor', 'c0a2f5c4-7781-5310-ad3c-e7b9f41a7ace', DEFAULT, DEFAULT), ('a69d43fa-2222-5203-b590-140e62599451', 'Sunt Elit Adipisicin', 'c0a2f5c4-7781-5310-ad3c-e7b9f41a7ace', DEFAULT, DEFAULT), ('f6a7cc82-a609-50ee-a839-9fa8b1a9631d', 'Pariatur Incididunt', 'c0a2f5c4-7781-5310-ad3c-e7b9f41a7ace', DEFAULT, DEFAULT), ('00644310-2ebb-53b6-b6cd-c599924419bd', 'Amet Fugiat', 'c0a2f5c4-7781-5310-ad3c-e7b9f41a7ace', DEFAULT, DEFAULT), ('3de7919f-8a6e-5a5a-ad06-07f2ad53b96d', 'Ea Proident Et', 'c0a2f5c4-7781-5310-ad3c-e7b9f41a7ace', DEFAULT, DEFAULT), ('28a1ca86-fc34-5d5b-bda6-792b581f58de', 'Id', '71c019c0-f4c8-51ac-bfff-4141eabf85f3', DEFAULT, DEFAULT), ('c801d235-e02a-5267-8201-eecb86948b65', 'Esse Id', '71c019c0-f4c8-51ac-bfff-4141eabf85f3', DEFAULT, DEFAULT), ('ad1bbcac-cdbb-551f-b25a-b14b40074515', 'Eu', '71c019c0-f4c8-51ac-bfff-4141eabf85f3', DEFAULT, DEFAULT), ('af85f96c-efbd-584c-bdd4-26c4e2f3e556', 'Quis Ad', '71c019c0-f4c8-51ac-bfff-4141eabf85f3', DEFAULT, DEFAULT), ('ee198d66-a798-52a5-8b79-9931f7b835e3', 'Fugiat Pariatur Null', '71c019c0-f4c8-51ac-bfff-4141eabf85f3', DEFAULT, DEFAULT), ('9a2c5b91-3c65-50ae-8188-68db1f1edfc4', 'Exercitation Commodo', '71c019c0-f4c8-51ac-bfff-4141eabf85f3', DEFAULT, DEFAULT), ('a78f49ae-5f15-5b14-baf5-6abdb727fcc1', 'Eu Do Ex', '71c019c0-f4c8-51ac-bfff-4141eabf85f3', DEFAULT, DEFAULT), ('a3df44c1-25a3-5190-a8bc-004597063afc', 'Sint Sint', '71c019c0-f4c8-51ac-bfff-4141eabf85f3', DEFAULT, DEFAULT), ('ee88c41d-7461-5ecc-a96b-908770bc5575', 'Dolore', '71c019c0-f4c8-51ac-bfff-4141eabf85f3', DEFAULT, DEFAULT), ('d267e1b9-665d-5421-bb3b-be698dae48a8', 'Dolore Cupidatat', '71c019c0-f4c8-51ac-bfff-4141eabf85f3', DEFAULT, DEFAULT), ('b67e09de-df70-515b-91d0-6e53f3b4a58a', 'Voluptate Duis Commo', 'ab4eb860-b9b9-58f5-84c6-b76a08d23dfd', DEFAULT, DEFAULT), ('fe24988b-bca5-5bf5-be0f-c92da7b2cbe1', 'Incididunt Minim Com', 'ab4eb860-b9b9-58f5-84c6-b76a08d23dfd', DEFAULT, DEFAULT), ('fb634118-b8a6-50b7-9010-0317dd27fba6', 'Adipisicing Velit', 'ab4eb860-b9b9-58f5-84c6-b76a08d23dfd', DEFAULT, DEFAULT), ('cda3814f-c14d-5dcf-a835-797df84f6d99', 'Commodo Nostrud Fugi', 'ab4eb860-b9b9-58f5-84c6-b76a08d23dfd', DEFAULT, DEFAULT), ('98bf31df-37fd-5af6-86dd-8686cdc35eeb', 'Est In Aliquip', 'dd9140ad-b92d-5673-a8c2-8b1c4e3e8697', DEFAULT, DEFAULT), ('ae956930-bebe-5aad-83f8-b8d0cae36371', 'Est Incididunt', 'dd9140ad-b92d-5673-a8c2-8b1c4e3e8697', DEFAULT, DEFAULT), ('e20720a7-b660-50e0-8da5-8784fa26a31d', 'Amet Qui', 'dd9140ad-b92d-5673-a8c2-8b1c4e3e8697', DEFAULT, DEFAULT), ('2dbccffd-e7a5-5653-9dc6-18e988716abe', 'Velit Est', 'dd9140ad-b92d-5673-a8c2-8b1c4e3e8697', DEFAULT, DEFAULT), ('d905224a-1767-5e97-ad1a-f223ab64cd44', 'Laboris', 'dd9140ad-b92d-5673-a8c2-8b1c4e3e8697', DEFAULT, DEFAULT), ('051188d3-54fa-59f4-adc8-b929fcb2c826', 'Voluptate Eiusmod', 'dd9140ad-b92d-5673-a8c2-8b1c4e3e8697', DEFAULT, DEFAULT), ('66e9a4f5-02a0-54af-823e-5e95c7ab9df1', 'Officia Id', 'dd9140ad-b92d-5673-a8c2-8b1c4e3e8697', DEFAULT, DEFAULT), ('94daea14-9b93-5933-9044-5ccc1eb32f8f', 'Mollit', '78de8c0c-fe2d-50bd-afca-68bed9f87cd0', DEFAULT, DEFAULT), ('dc58dd7b-bb54-5abe-8208-becc5e0561ad', 'Deserunt Enim Anim', '78de8c0c-fe2d-50bd-afca-68bed9f87cd0', DEFAULT, DEFAULT), ('63e38d08-3dd9-5569-ab28-f70e94b3cdb7', 'Deserunt Deserunt', '78de8c0c-fe2d-50bd-afca-68bed9f87cd0', DEFAULT, DEFAULT), ('7f78fee3-dd27-5696-858f-318bd4cbf2a8', 'Voluptate Anim Et', '78de8c0c-fe2d-50bd-afca-68bed9f87cd0', DEFAULT, DEFAULT), ('1716ac71-f35f-52a7-acdc-316247462f37', 'Sint Commodo Volupta', '78de8c0c-fe2d-50bd-afca-68bed9f87cd0', DEFAULT, DEFAULT), ('286a711e-ae86-5be5-9195-1d963e0504f7', 'Excepteur', '78de8c0c-fe2d-50bd-afca-68bed9f87cd0', DEFAULT, DEFAULT), ('59d8bfe4-2c84-5707-a356-dbe1eb5eec54', 'Mollit Tempor Pariat', '78de8c0c-fe2d-50bd-afca-68bed9f87cd0', DEFAULT, DEFAULT), ('17ec9179-4e96-5f11-9df0-6e4c2363b3ee', 'Adipisicing Eiusmod', '78de8c0c-fe2d-50bd-afca-68bed9f87cd0', DEFAULT, DEFAULT), ('59fbbc7c-edc9-5d3c-9170-cf6acabbcd28', 'Non Pariatur', '81e51b22-aab8-5050-a735-aa5917f8771b', DEFAULT, DEFAULT), ('7bf99080-cdc6-5456-b6d5-417e28b4eba5', 'In', '81e51b22-aab8-5050-a735-aa5917f8771b', DEFAULT, DEFAULT), ('d2f08d89-447f-5d3d-96e5-385ed888c091', 'Labore', '81e51b22-aab8-5050-a735-aa5917f8771b', DEFAULT, DEFAULT), ('9e6824f3-dac2-540f-9e3d-8797171dab14', 'Occaecat Voluptate', '81e51b22-aab8-5050-a735-aa5917f8771b', DEFAULT, DEFAULT), ('c15a1a93-cc16-5536-8ab0-42ef9626e379', 'Ea Sit Dolore', '81e51b22-aab8-5050-a735-aa5917f8771b', DEFAULT, DEFAULT), ('df90352f-468b-5345-9b3e-522b747ccf55', 'Fugiat Laboris Tempo', '81e51b22-aab8-5050-a735-aa5917f8771b', DEFAULT, DEFAULT), ('646b32cc-2525-5418-a0f1-5c9ced471b05', 'Qui Pariatur Enim', '81e51b22-aab8-5050-a735-aa5917f8771b', DEFAULT, DEFAULT), ('9c793877-9a29-5409-acf9-8981bd39bd4d', 'Fugiat Non', '81e51b22-aab8-5050-a735-aa5917f8771b', DEFAULT, DEFAULT), ('d1b6355b-0594-5d07-b55b-72d2c66a1391', 'Labore Minim Excepte', 'f6cb58dd-a0aa-5d2b-8ce5-200e44be4f36', DEFAULT, DEFAULT), ('77085b75-b014-57d0-8618-9cc95436a25e', 'Do', 'f6cb58dd-a0aa-5d2b-8ce5-200e44be4f36', DEFAULT, DEFAULT), ('2f76c526-de17-58f1-a75e-aee239f7ed57', 'Enim Est', 'f6cb58dd-a0aa-5d2b-8ce5-200e44be4f36', DEFAULT, DEFAULT), ('3d4df0ce-5a7f-53e4-b486-95faf0a09720', 'Exercitation Officia', 'f6cb58dd-a0aa-5d2b-8ce5-200e44be4f36', DEFAULT, DEFAULT), ('3c0af99e-82a0-5346-8da5-2d2825b8a66d', 'Eu', '48ed64cc-01ce-5cc6-8ffd-8d552f857570', DEFAULT, DEFAULT), ('7c0f6282-7933-5431-8e88-9d2b9f09f272', 'Velit Quis', '48ed64cc-01ce-5cc6-8ffd-8d552f857570', DEFAULT, DEFAULT), ('c97097d9-c6b8-5a50-931a-369c86f1535e', 'Qui Amet', '48ed64cc-01ce-5cc6-8ffd-8d552f857570', DEFAULT, DEFAULT), ('9f26eece-7e59-5b46-a98b-848dc55a0cda', 'Est Labore', '48ed64cc-01ce-5cc6-8ffd-8d552f857570', DEFAULT, DEFAULT), ('09bca3f4-0d37-5f5a-b637-9d7942a17cff', 'Occaecat Do', '0cb21e27-1e4d-50c9-bd0d-f6696d98b44c', DEFAULT, DEFAULT), ('2ca679b7-4687-5422-ac57-c89cfa36e3c8', 'Officia', '0cb21e27-1e4d-50c9-bd0d-f6696d98b44c', DEFAULT, DEFAULT), ('ba60341e-ffca-5a8d-85d2-58afc6ff269c', 'Ex Aute', '0cb21e27-1e4d-50c9-bd0d-f6696d98b44c', DEFAULT, DEFAULT), ('deab978c-4953-507c-b4fb-f509dd35f454', 'Fugiat Id', '0cb21e27-1e4d-50c9-bd0d-f6696d98b44c', DEFAULT, DEFAULT), ('c379a417-3b5c-5e05-a7ca-c545e0d33c70', 'Proident', '0cb21e27-1e4d-50c9-bd0d-f6696d98b44c', DEFAULT, DEFAULT), ('21d7354f-afef-5425-9907-92a0ff9e7110', 'Fugiat', '0cb21e27-1e4d-50c9-bd0d-f6696d98b44c', DEFAULT, DEFAULT), ('e25e0c45-28e1-5923-b63d-64b8ddeff422', 'Aute Voluptate Do', '0cb21e27-1e4d-50c9-bd0d-f6696d98b44c', DEFAULT, DEFAULT), ('51a084b6-d183-5fbc-beeb-9d670865e2cb', 'Aliquip Velit', '0cb21e27-1e4d-50c9-bd0d-f6696d98b44c', DEFAULT, DEFAULT), ('831f051c-863e-5783-acbb-10017cb1c3ce', 'Id Exercitation Temp', '0cb21e27-1e4d-50c9-bd0d-f6696d98b44c', DEFAULT, DEFAULT), ('061a9df6-5f3b-55cf-9879-eec1a4061457', 'Incididunt Voluptate', '29d37d99-954e-5434-8e90-9d564d65e434', DEFAULT, DEFAULT), ('f8fbdff1-11b4-54fa-ab90-292d82d3d353', 'Consequat', '29d37d99-954e-5434-8e90-9d564d65e434', DEFAULT, DEFAULT), ('3af5be38-b117-5675-8d7a-e27a1a34e8a8', 'Voluptate', '29d37d99-954e-5434-8e90-9d564d65e434', DEFAULT, DEFAULT), ('ab07c47c-511a-5092-acb9-cbf862e0076b', 'Veniam Dolore', '29d37d99-954e-5434-8e90-9d564d65e434', DEFAULT, DEFAULT), ('f46ce5c6-3097-5b5d-8213-37b749a8664f', 'Aliquip', '29d37d99-954e-5434-8e90-9d564d65e434', DEFAULT, DEFAULT), ('72d3531d-c972-50b3-9ba4-89c7e7226754', 'Ea Commodo', '29d37d99-954e-5434-8e90-9d564d65e434', DEFAULT, DEFAULT), ('6653ef95-0532-561d-a71b-05f5c1bc302b', 'Anim Nisi', '64957ee8-7d0b-54ac-82da-6c959456806c', DEFAULT, DEFAULT), ('a9072b83-7976-58e9-a9c4-45664532f42e', 'Quis Mollit Irure', '64957ee8-7d0b-54ac-82da-6c959456806c', DEFAULT, DEFAULT), ('1bdf6d4a-906f-5da5-b91f-35917468bf74', 'Incididunt', '64957ee8-7d0b-54ac-82da-6c959456806c', DEFAULT, DEFAULT), ('830a4bb5-d929-5c1b-94fc-74a53795cc52', 'Aliqua Nostrud', '64957ee8-7d0b-54ac-82da-6c959456806c', DEFAULT, DEFAULT), ('5e5a298d-faa5-525e-b761-9586e7925c91', 'Non Ea Ad', 'b96a16b9-db3a-5601-8741-9aae600f278b', DEFAULT, DEFAULT), ('6843e0c5-7d9d-55cf-a335-436ba5672a4d', 'Mollit Nostrud', 'b96a16b9-db3a-5601-8741-9aae600f278b', DEFAULT, DEFAULT), ('d0b9d9c2-bfa2-53be-a46d-d6aceafcbc2d', 'Sunt', 'b96a16b9-db3a-5601-8741-9aae600f278b', DEFAULT, DEFAULT), ('84aabd0a-31ea-5dd5-9e39-ce95a07d2009', 'Culpa Id', 'b96a16b9-db3a-5601-8741-9aae600f278b', DEFAULT, DEFAULT), ('6de5d1f5-e767-54ae-ad7a-c52af47251f6', 'Occaecat', 'b96a16b9-db3a-5601-8741-9aae600f278b', DEFAULT, DEFAULT), ('cf2e12ac-941e-5dbb-b044-ab0b13ab4af7', 'Velit', 'b96a16b9-db3a-5601-8741-9aae600f278b', DEFAULT, DEFAULT), ('d5491914-2799-5bc6-b20e-30ab3f38131e', 'Culpa In Cillum', 'b96a16b9-db3a-5601-8741-9aae600f278b', DEFAULT, DEFAULT), ('99498cc5-464e-5b95-a415-0dba48b40687', 'Enim Enim Laboris', 'c25b7aec-7cbc-5229-a69a-f81a4d2a8c67', DEFAULT, DEFAULT), ('7cb09c84-7471-599f-bae0-90d61a321390', 'Nostrud Ullamco', 'c25b7aec-7cbc-5229-a69a-f81a4d2a8c67', DEFAULT, DEFAULT), ('a727f58e-5d42-555f-a07e-84196ea16b24', 'Tempor Aute', 'c25b7aec-7cbc-5229-a69a-f81a4d2a8c67', DEFAULT, DEFAULT), ('81cd6138-b0c3-5d83-86b9-8143c909421b', 'Proident Ullamco', 'c25b7aec-7cbc-5229-a69a-f81a4d2a8c67', DEFAULT, DEFAULT), ('84b4201e-d939-5d48-aba4-b4b107dfdf5d', 'Laboris', 'c25b7aec-7cbc-5229-a69a-f81a4d2a8c67', DEFAULT, DEFAULT), ('626028b2-23d2-53a4-aca9-9c9cc4158e30', 'Cupidatat Duis', 'c25b7aec-7cbc-5229-a69a-f81a4d2a8c67', DEFAULT, DEFAULT), ('c6add04b-f7fe-5a4a-99c2-280079fffcdb', 'Tempor Quis', 'c25b7aec-7cbc-5229-a69a-f81a4d2a8c67', DEFAULT, DEFAULT), ('4d69e856-19b8-56e1-8c35-8fa97a510f91', 'Ex Irure', 'ac4eab2d-141d-51f8-b7e8-eb7666d753eb', DEFAULT, DEFAULT), ('e93ac05b-5c6e-5233-8fb4-6d181ade2e59', 'Ullamco Occaecat', 'ac4eab2d-141d-51f8-b7e8-eb7666d753eb', DEFAULT, DEFAULT), ('eeeda985-b12d-5e29-af20-ecad32418e20', 'Dolor Incididunt', 'ac4eab2d-141d-51f8-b7e8-eb7666d753eb', DEFAULT, DEFAULT), ('f7fce496-302a-564f-b89f-dc22379477c5', 'Adipisicing Ad Adipi', 'ac4eab2d-141d-51f8-b7e8-eb7666d753eb', DEFAULT, DEFAULT), ('699a803c-69a7-58fb-805f-9c44bce0b12d', 'Qui Cillum', 'ac4eab2d-141d-51f8-b7e8-eb7666d753eb', DEFAULT, DEFAULT), ('7e8beeb3-7ee9-5191-900a-86dc6213ec6c', 'Ex Consectetur', 'ac4eab2d-141d-51f8-b7e8-eb7666d753eb', DEFAULT, DEFAULT);
UPDATE public.team SET plan_id = 61 WHERE id = '7c2c4732-09c1-5f7b-87ca-c53e7497b4ef';
UPDATE public.team SET plan_id = 61 WHERE id = 'f50563b6-8532-51ec-b121-d8c6bca3e897';
UPDATE public.team SET plan_id = 61 WHERE id = 'f1bf295c-195b-5a42-9c6b-5bfa14b58307';
UPDATE public.team SET plan_id = 61 WHERE id = 'e0eebbc8-63c9-5fee-b088-b3310b672c35';
UPDATE public.team SET plan_id = 61 WHERE id = '1c17c04a-19f5-5c48-8b6b-48fe02257ffb';
UPDATE public.team SET plan_id = 61 WHERE id = 'a2996c99-b8bb-5bf6-b789-844e821ceb82';
UPDATE public.team SET plan_id = 61 WHERE id = '5d016028-a6a3-5268-91a3-91021dbfda0a';
UPDATE public.team SET plan_id = 61 WHERE id = 'b279891e-05aa-528b-867b-dd6fe5fa77c8';
UPDATE public.team SET plan_id = 61 WHERE id = 'ff53868f-9940-575d-8fa8-923808f93a53';
UPDATE public.team SET plan_id = 61 WHERE id = '8172203a-00e7-5e0e-919b-2970e0d891df';
UPDATE public.team SET plan_id = 61 WHERE id = '7b5ee10b-959f-565b-9dac-a4bab4f6c6bf';
UPDATE public.team SET plan_id = 61 WHERE id = '38400370-0369-5239-8b08-499aef0591ef';
UPDATE public.team SET plan_id = 61 WHERE id = '77394b64-1ec1-5043-8dc3-08f9200521d4';
UPDATE public.team SET plan_id = 61 WHERE id = '56ea9a57-3786-5a49-9700-501eb57a1328';
UPDATE public.team SET plan_id = 61 WHERE id = '731fb763-1773-5758-b8dd-d75381b0e72a';
UPDATE public.team SET plan_id = 61 WHERE id = '068fd5c6-1552-54ac-ade0-1a1e4b095f08';
UPDATE public.team SET plan_id = 61 WHERE id = '397d9892-31da-5629-a035-14fcfec8983a';
UPDATE public.team SET plan_id = 62 WHERE id = '5e20f9a8-7b26-5a5f-8426-6b12c182d23c';
UPDATE public.team SET plan_id = 62 WHERE id = '53fe0e9e-3358-5722-b994-4faad8733cd3';
UPDATE public.team SET plan_id = 62 WHERE id = 'e4834379-a7a0-5f41-8193-f598072b1c83';
UPDATE public.team SET plan_id = 62 WHERE id = 'a9f91eda-269f-54d0-83de-05f0c2ecbf08';
UPDATE public.team SET plan_id = 62 WHERE id = 'c0062d28-74ce-56b0-8124-852c5c4cdd1f';
UPDATE public.team SET plan_id = 62 WHERE id = 'a1d779f7-e622-5cd1-b766-eb2b7925b3c0';
UPDATE public.team SET plan_id = 62 WHERE id = 'bd4e2ea6-e7d4-5655-93cc-d1ed71c3483c';
UPDATE public.team SET plan_id = 62 WHERE id = 'fb2f612f-57ab-526e-8b57-f5de07942107';
UPDATE public.team SET plan_id = 62 WHERE id = '38cee772-792e-54fe-ae0f-d62f75f71c11';
UPDATE public.team SET plan_id = 62 WHERE id = '60f279f1-b04c-57b1-b6aa-b71a8811c6ab';
UPDATE public.team SET plan_id = 62 WHERE id = 'b5d35d7e-f19e-568e-9efe-911f779c892f';
UPDATE public.team SET plan_id = 62 WHERE id = '3db3509a-5565-5145-aa2d-eb656db639a3';
UPDATE public.team SET plan_id = 62 WHERE id = '16b2ddd9-4627-52fa-8115-8453cfa39374';
UPDATE public.team SET plan_id = 63 WHERE id = '782f7eda-e535-5ab3-8415-643126d3b0fa';
UPDATE public.team SET plan_id = 63 WHERE id = '5daf6f25-3b97-5f49-8f75-4ba5d1d74cd3';
UPDATE public.team SET plan_id = 63 WHERE id = '3788fdae-c690-5563-abac-18b51e4d210f';
UPDATE public.team SET plan_id = 63 WHERE id = '177ae72e-41a6-5325-80d6-452827ea5918';
UPDATE public.team SET plan_id = 63 WHERE id = 'c0a2f5c4-7781-5310-ad3c-e7b9f41a7ace';
UPDATE public.team SET plan_id = 63 WHERE id = '71c019c0-f4c8-51ac-bfff-4141eabf85f3';
UPDATE public.team SET plan_id = 63 WHERE id = 'ab4eb860-b9b9-58f5-84c6-b76a08d23dfd';
UPDATE public.team SET plan_id = 63 WHERE id = 'dd9140ad-b92d-5673-a8c2-8b1c4e3e8697';
UPDATE public.team SET plan_id = 63 WHERE id = '78de8c0c-fe2d-50bd-afca-68bed9f87cd0';
UPDATE public.team SET plan_id = 63 WHERE id = '81e51b22-aab8-5050-a735-aa5917f8771b';
UPDATE public.team SET plan_id = 63 WHERE id = 'f6cb58dd-a0aa-5d2b-8ce5-200e44be4f36';
UPDATE public.team SET plan_id = 63 WHERE id = '48ed64cc-01ce-5cc6-8ffd-8d552f857570';
UPDATE public.team SET plan_id = 63 WHERE id = '0cb21e27-1e4d-50c9-bd0d-f6696d98b44c';
UPDATE public.team SET plan_id = 63 WHERE id = '29d37d99-954e-5434-8e90-9d564d65e434';
UPDATE public.team SET plan_id = 63 WHERE id = '64957ee8-7d0b-54ac-82da-6c959456806c';
UPDATE public.team SET plan_id = 63 WHERE id = 'b96a16b9-db3a-5601-8741-9aae600f278b';
UPDATE public.team SET plan_id = 63 WHERE id = 'c25b7aec-7cbc-5229-a69a-f81a4d2a8c67';
UPDATE public.team SET plan_id = 63 WHERE id = 'ac4eab2d-141d-51f8-b7e8-eb7666d753eb';
SELECT setval('"public"."plan_id_seq"'::regclass, (SELECT MAX("id") FROM "public"."plan"));
INSERT INTO public.arena (id,game_id,name,metadata,created_at,updated_at) VALUES (201, 83, 'Silverlake Stadium', DEFAULT, DEFAULT, DEFAULT), (202, 83, 'Downtown Plaza Pavilion', DEFAULT, DEFAULT, DEFAULT), (203, 83, 'Bayshore Pavilion', DEFAULT, DEFAULT, DEFAULT), (204, 83, 'Sunset Stadium', DEFAULT, DEFAULT, DEFAULT), (205, 83, 'Downtown Square Pavilion', DEFAULT, DEFAULT, DEFAULT), (206, 83, 'Oceanfront Amphitheater', DEFAULT, DEFAULT, DEFAULT), (207, 84, 'Main Square Arena', DEFAULT, DEFAULT, DEFAULT), (208, 83, 'Southbank Arena', DEFAULT, DEFAULT, DEFAULT), (209, 84, 'Waterfront Amphitheater', DEFAULT, DEFAULT, DEFAULT), (210, 83, 'Meadowbrook Pavilion', DEFAULT, DEFAULT, DEFAULT);
SELECT setval('"public"."arena_id_seq"'::regclass, (SELECT MAX("id") FROM "public"."arena"));
INSERT INTO public.blueprint (id,book_id,arena_id,visibility,name,tags,created_at,updated_at) VALUES ('fd4a2d4e-8569-59ca-837d-fb7fa0ab1be1', '646b32cc-2525-5418-a0f1-5c9ced471b05', 205, 'public', 'Roaming Support Plan', '{"quis proident exercitation","in dolor sit","minim aute","voluptate","sint occaecat","voluptate consequat","qui do irure ut"}', DEFAULT, DEFAULT), ('e0502ed9-8194-54d4-be5d-43176e2a7438', '39da01f0-2195-5fc3-a74a-d12c26c902a3', 208, 'unlisted', 'Roaming Support Plan', '{"non ex laborum","sint non in deserunt","ullamco minim in eu amet","aliqua mollit amet","excepteur","do et","commodo culpa consequat ex"}', DEFAULT, DEFAULT), ('cba89714-5b1d-590f-92a2-27cfb555b7e4', '88514f78-7770-5bc2-96a4-f0f4ebcab4a4', 204, 'public', 'Gank Heavy Approach', '{"quis ea id eiusmod","occaecat","mollit qui"}', DEFAULT, DEFAULT), ('497b8842-fb80-5638-ba6f-3f3e64daa06b', '110efd29-2979-5c30-b41f-b3bf832f48cd', 202, 'public', 'Map Control Blueprint', '{"exercitation et labore","ut","excepteur sint fugiat","sunt do elit exercitation","elit ex commodo ad exercitation","sunt aliquip excepteur ad magna"}', DEFAULT, DEFAULT), ('75fbf0dd-b3c9-5513-87f0-9d9a9004f64c', '2daf5548-f681-577a-9912-670e1304b2ad', 203, 'private', 'Baron Control Strategy', '{"incididunt","anim aliquip culpa ut eiusmod","quis veniam tempor esse exercita","ipsum fugiat nulla","aliquip nisi"}', DEFAULT, DEFAULT), ('0352b4c9-6de9-5702-929d-3d622c6456a1', 'b32027db-33da-5dc2-b906-e0c2a06ac683', 204, 'public', 'Rotation Strategy Document', '{"quis aute est ullamco","minim adipisicing aliqua et ea","dolor incididunt ad","non tempor","in cupidatat est elit ea","qui tempor deserunt minim nisi","aliquip aliqua","nostrud magna qui ad"}', DEFAULT, DEFAULT), ('1e701d2b-566c-5f82-8280-a2a9d02ee590', 'f7f33f5b-7e02-5784-9db2-ed2995544a54', 204, 'unlisted', 'Early Game Dominance Guide', '{"magna eu nulla","cupidatat anim","sit nostrud et dolore"}', DEFAULT, DEFAULT), ('f04c0ed1-b624-5092-8b98-dae6fff857dc', '81cd6138-b0c3-5d83-86b9-8143c909421b', 206, 'private', 'Early Game Dominance Guide', '{"dolor eiusmod","laboris et","velit est aute"}', DEFAULT, DEFAULT), ('7eef79d9-ea6c-5417-b347-09dbcb8b4c78', 'f5d8c620-973f-509a-b5b1-dc1e889a22a1', 203, 'unlisted', 'Roaming Support Plan', '{"labore dolor deserunt","veniam mollit in anim minim"}', DEFAULT, DEFAULT), ('3aff3e37-0331-5c7a-a0f5-1b6595c2ad7b', '59558fa1-9cc0-5e85-a331-879d76e07f05', 209, 'public', 'Baron Control Strategy', '{"cupidatat voluptate commodo","deserunt","eiusmod irure aliquip"}', DEFAULT, DEFAULT), ('7c0cf1d4-d57d-5092-a3f0-ca49e04ace52', '6a3486ce-c3fa-519b-8ad1-f329a5c3ee43', 203, 'public', 'Roaming Support Plan', '{"consequat nisi","proident incididunt labore quis","eiusmod est dolore","amet","pariatur aliquip","in adipisicing","et consequat veniam ullamco","irure et duis sint mollit"}', DEFAULT, DEFAULT), ('26c80d6d-0d6f-5fb2-8296-8b5e9e1fdeb7', '5dd9c208-a224-5712-b987-eab6b9a89e23', 210, 'unlisted', 'Early Game Dominance Guide', '{"amet occaecat ad","quis consectetur ut","ad officia","eu magna laboris"}', DEFAULT, DEFAULT), ('310ccf44-859c-5587-8001-5aa84afb3236', 'fbfa0c72-9c6c-54ce-ba23-f1ed2563396e', 207, 'private', 'Wave Management Plan', '{"mollit ad mollit","quis aliqua nostrud minim","voluptate non veniam","adipisicing non sit qui","non do labore dolore","pariatur elit sit tempor","minim culpa in"}', DEFAULT, DEFAULT), ('c6131a0d-c1ea-5dce-8460-c91026e41f9f', '94daea14-9b93-5933-9044-5ccc1eb32f8f', 207, 'public', 'Siege Tactics Handbook', '{"elit","nulla cillum ex","nostrud ex excepteur","esse anim","duis exercitation nulla cupidata","nulla eu dolor quis","aute sint aliquip","deserunt"}', DEFAULT, DEFAULT), ('054eb394-a081-59a1-b613-e1c8bbcc6250', 'b7a89d05-549f-565f-b631-b59097e91d1a', 203, 'public', 'Counter Pick Blueprint', '{"id","do reprehenderit exercitation ve","sint esse non","aliquip do cillum","incididunt Lorem consequat labor","laborum ea aute"}', DEFAULT, DEFAULT), ('4cb602e9-b66f-5f7e-a7a1-71729454372c', '43bcab14-4a69-5e60-a07f-cda2fe595a2a', 208, 'unlisted', 'Rotation Strategy Document', '{"tempor nulla elit sit","laborum magna ex","tempor minim exercitation","aliqua id magna"}', DEFAULT, DEFAULT), ('8ed312f8-fa19-5305-a78e-7cdee2dc9e00', '94daea14-9b93-5933-9044-5ccc1eb32f8f', 209, 'private', 'Aggressive Rush Strategy', '{"enim","veniam aute","consequat sit irure est et","sint eu ullamco proident","nisi aute ullamco","non in mollit"}', DEFAULT, DEFAULT), ('c9bad04c-3d6e-5efe-9540-7763dde57640', 'd19db439-c7e7-53a7-aa19-0db346180dc1', 209, 'private', 'Objective Focused Strategy', '{"culpa enim","consectetur","velit proident pariatur excepteu","dolor nisi aliqua eu","deserunt nisi excepteur in","et sit aute do","id","cupidatat mollit nulla","exercitation nisi laboris ex","nostrud"}', DEFAULT, DEFAULT), ('7a350dde-d215-538c-bfd3-d5cdd8b40555', 'ccd28d41-9086-5b64-b351-585431787bb7', 210, 'public', 'Counter Pick Blueprint', '{"amet adipisicing commodo duis"}', DEFAULT, DEFAULT), ('bd6c4dd0-06e8-56ab-abd6-6e9e777c13a7', '70b4d1da-5ee3-5bd6-aecb-9af8ab670b84', 204, 'public', 'Counter Pick Blueprint', '{"veniam laborum","commodo cupidatat"}', DEFAULT, DEFAULT), ('844103e5-8cf8-5795-8a63-ccecfc3e2001', 'df90352f-468b-5345-9b3e-522b747ccf55', 206, 'public', 'Gank Heavy Approach', '{"non eiusmod","et"}', DEFAULT, DEFAULT), ('582d0ca1-76cc-5500-9dd8-190ab817072d', 'd0fa96c4-2bfe-5959-9fd4-b17ec4964e6d', 209, 'private', 'Vision Control Blueprint', '{"sint qui duis adipisicing","tempor quis commodo officia","sunt occaecat velit","amet eu","laborum"}', DEFAULT, DEFAULT), ('9012aa86-f8a2-5033-82d5-336bcaa03c26', '290bcd64-8663-5670-8efa-64e864979bbb', 210, 'public', 'Siege Tactics Handbook', '{"voluptate nulla magna sint","ea aliquip","fugiat enim enim laborum","Lorem minim","id sunt","id quis","et cillum sit fugiat","occaecat officia ipsum tempor no","culpa consequat","non non nulla anim"}', DEFAULT, DEFAULT), ('746bb5ad-439a-519a-90ef-991641df1623', '00644310-2ebb-53b6-b6cd-c599924419bd', 208, 'unlisted', 'Late Game Scaling Strategy', '{"do esse qui aute"}', DEFAULT, DEFAULT), ('b1bab82d-de7c-55e3-8115-1651b8f68765', '9af6e0ef-7015-5390-856a-705032c2e40e', 202, 'private', 'Secure Objective Playbook', '{"aliqua ad","ea ex enim","ut reprehenderit incididunt ulla","minim excepteur","tempor","qui aute culpa eu nisi","eiusmod Lorem","sint ut commodo aliquip"}', DEFAULT, DEFAULT), ('0145500d-2ab2-5c49-9cea-edd711ce1cc9', 'af5fa9a8-f7df-5a87-830c-3e8d39f06eae', 204, 'unlisted', 'Aggressive Rush Strategy', '{"enim ipsum do aute","sit consectetur eu","ea elit","ad aliqua do","exercitation aliqua","laborum veniam veniam ad enim","voluptate","consectetur et aute reprehenderi"}', DEFAULT, DEFAULT), ('703c3370-90fb-5d22-8365-f34357b3ffb8', '699a803c-69a7-58fb-805f-9c44bce0b12d', 207, 'private', 'Rotation Strategy Document', '{"ullamco anim commodo id","velit aliqua proident consectetu","aliqua ullamco","et culpa in quis","voluptate duis","cillum occaecat adipisicing id c","aute voluptate"}', DEFAULT, DEFAULT), ('fd862b26-fe8c-52d0-b06e-3c9f938bd3ab', '6653ef95-0532-561d-a71b-05f5c1bc302b', 207, 'public', 'Jungle Control Playbook', '{"ut duis","ex irure do","do dolor ipsum mollit","reprehenderit","labore cillum in eiusmod","sunt eu exercitation","veniam veniam aute excepteur","anim est"}', DEFAULT, DEFAULT), ('70415515-b81b-59ef-a1ed-18578b73b7ae', 'fb634118-b8a6-50b7-9010-0317dd27fba6', 208, 'private', 'Baron Control Strategy', '{"ad nisi laborum exercitation adi","reprehenderit ad sint consequat ","duis quis","officia excepteur mollit velit","ad culpa ea","id","culpa amet"}', DEFAULT, DEFAULT), ('c5558815-aa72-5938-a7c8-62ae2c1a039c', '2f76c526-de17-58f1-a75e-aee239f7ed57', 208, 'public', 'Secure Objective Playbook', '{"dolor do dolor reprehenderit","ex non duis sint incididunt","laboris veniam cillum minim aliq","id","mollit do","cillum ad aliqua officia","pariatur Lorem veniam cillum"}', DEFAULT, DEFAULT), ('703bbd20-9625-5bd7-8aa3-5ead0245fe50', 'd3953f9f-e0f9-5aed-9d31-3f026a23da12', 201, 'unlisted', 'Objective Focused Strategy', '{"officia labore nostrud exercitat","laboris fugiat mollit","laborum consequat commodo volupt","dolor Lorem ea elit","sint Lorem sint","eiusmod fugiat"}', DEFAULT, DEFAULT), ('68ff3d82-b6b6-5053-9e74-aa9b346dd8d1', '98bf31df-37fd-5af6-86dd-8686cdc35eeb', 210, 'private', 'Wave Management Plan', '{"occaecat ex ex reprehenderit","consectetur","est enim cillum","aute ex"}', DEFAULT, DEFAULT), ('522e120d-7e21-504a-9c96-99e429197e5a', '882c7ae5-914f-539d-8207-691de536097f', 207, 'unlisted', 'Counter Pick Blueprint', '{"elit nostrud non","quis adipisicing occaecat labore","sunt ut ex","laborum quis enim officia do"}', DEFAULT, DEFAULT), ('54b879fc-04e4-53b3-8cec-0174fc0ccd34', 'f90b4470-adf8-5f0c-b081-850f3bfe4f01', 205, 'private', 'Counter Pick Blueprint', '{"non adipisicing nostrud proident","exercitation nostrud minim aute"}', DEFAULT, DEFAULT), ('fb90b354-0ae1-59da-9637-61f6c5ed3fb9', 'eff6dde6-e4aa-5c61-9818-5d7ae0bf58b7', 204, 'public', 'Secure Objective Playbook', '{"do et ex","commodo","eiusmod","anim labore pariatur consequat","nostrud officia qui","aute esse nostrud mollit","proident proident ea eu officia"}', DEFAULT, DEFAULT), ('95b3988b-e14b-57a7-900d-4985cb116f17', '95c65795-b9a1-572f-87ae-6fa70b020fbb', 206, 'private', 'Gank Heavy Approach', '{"eiusmod amet","duis occaecat sint","duis velit","officia mollit","aliqua"}', DEFAULT, DEFAULT), ('7d1face3-2e87-52f5-9623-fff9de0a6539', 'c9f9ed6b-3ed1-5d46-9201-51000bdf47fa', 209, 'public', 'Map Control Blueprint', '{"id aliquip ipsum ea"}', DEFAULT, DEFAULT), ('e8bf9a25-132d-5d46-b40a-d08534be6c9f', '02a341a2-35a0-5fbc-a1f4-aa8b42aa4b51', 201, 'unlisted', 'Counter Pick Blueprint', '{"dolor duis aliqua","culpa aute quis","excepteur proident","sit ea magna culpa","consectetur commodo enim do offi","id","fugiat","dolore est ullamco"}', DEFAULT, DEFAULT), ('29a560e9-84d9-5f41-9b09-76969cbfb144', 'e93ac05b-5c6e-5233-8fb4-6d181ade2e59', 202, 'public', 'Counter Pick Blueprint', '{"reprehenderit labore"}', DEFAULT, DEFAULT), ('d9c4b302-5ab0-5114-8120-41d1876c7eb9', '31ac52db-fa89-5177-b667-1cf6526a929a', 207, 'public', 'Objective Focused Strategy', '{"velit enim commodo","sint ut nulla in","consequat aliquip esse in minim","ut aliquip","laboris dolore laboris nostrud","non aute laborum","quis","culpa commodo"}', DEFAULT, DEFAULT), ('ca1b9e1e-f7c0-5c4a-a566-aabf3f7ebb80', '405dd580-b1c8-5c0e-9df0-d82b7f57175d', 203, 'unlisted', 'Vision Denial Blueprint', '{"pariatur excepteur et officia qu","quis commodo tempor dolore","incididunt officia tempor adipis","mollit labore esse","amet","et esse deserunt dolore","sit irure nisi labore"}', DEFAULT, DEFAULT), ('cde91e33-9c71-56e0-b19e-f2372fa577cf', '6451b879-16d7-5644-b6b9-87dd18b3facf', 210, 'private', 'Secure Objective Playbook', '{"sint qui sint magna","dolor eiusmod pariatur reprehend","ullamco sint veniam aliqua","deserunt veniam reprehenderit","ex ex incididunt aute","incididunt eiusmod","consectetur proident labore duis"}', DEFAULT, DEFAULT), ('013547e4-326e-5221-8377-310093ccf53a', '3de7919f-8a6e-5a5a-ad06-07f2ad53b96d', 210, 'private', 'Rotation Strategy Document', '{"ad","ipsum velit deserunt","magna","duis laborum","do aliqua occaecat","laboris irure"}', DEFAULT, DEFAULT), ('50cffa66-dd91-5aed-8c46-1b76e488de31', '45173bfe-a11f-574a-ac25-21cda1308ec9', 206, 'unlisted', 'Rotation Strategy Document', '{"ipsum mollit laboris ut voluptat","duis duis","irure fugiat ea consequat"}', DEFAULT, DEFAULT), ('f550c2bf-a147-5e29-8a01-470336f387eb', '9bcb6997-9423-57c0-978a-09ad67de00e3', 206, 'unlisted', 'Map Control Blueprint', '{"qui non est reprehenderit","eu est dolor","do aliqua magna","aliquip ex consequat ad eu","ut reprehenderit"}', DEFAULT, DEFAULT), ('a30e3d57-ad0a-594d-9622-8a2514b8110c', 'f7fce496-302a-564f-b89f-dc22379477c5', 208, 'private', 'Roaming Support Plan', '{"adipisicing aliqua"}', DEFAULT, DEFAULT), ('cb76f565-509b-50d9-bbe4-5c6e7c9b0eb4', '6653ef95-0532-561d-a71b-05f5c1bc302b', 210, 'unlisted', 'Secure Objective Playbook', '{"in consequat deserunt nostrud","aute enim aliqua magna","in nulla","minim mollit sunt","enim commodo proident"}', DEFAULT, DEFAULT), ('a344c7b4-07e6-54df-b4ed-f27c7916e147', '94170f3d-888c-58bc-bc18-13592bfb52c5', 202, 'public', 'Split Push Blueprint', '{"voluptate qui ex deserunt","officia cupidatat culpa voluptat","Lorem velit","laborum magna ut","consequat"}', DEFAULT, DEFAULT), ('6c40d2d3-07ad-5aa1-a5fa-cf5861475e5d', '21a7e579-98a3-5757-a0a8-913f2da95aba', 205, 'unlisted', 'Team Fight Execution Plan', '{"cillum enim","cillum dolore ex","Lorem ea officia","in anim velit","elit Lorem","sit velit consequat mollit","excepteur excepteur sit","fugiat eu proident aliquip"}', DEFAULT, DEFAULT), ('ba7460a4-9316-52e4-9e3a-05ee82b85e66', '830a4bb5-d929-5c1b-94fc-74a53795cc52', 205, 'unlisted', 'Split Push Blueprint', '{"cillum elit reprehenderit sunt","quis veniam","elit"}', DEFAULT, DEFAULT), ('fb3595df-62ad-5f54-ac34-3a578952555c', 'b5f933d0-c28e-517c-9fca-d9e38dc742a2', 209, 'public', 'Map Control Blueprint', '{"consectetur","enim dolor sint velit"}', DEFAULT, DEFAULT), ('90edde40-1b87-5f75-90b9-68639fbcb2b8', 'e6e5bdc8-dbe5-545a-b616-a55a5f857d1f', 208, 'unlisted', 'Map Control Blueprint', '{"enim","dolor laboris aliqua irure qui","veniam laboris mollit","qui incididunt aute commodo"}', DEFAULT, DEFAULT), ('ea26a496-35d8-5f3f-a769-a80898ec7b17', 'cd1520c4-af17-5e1e-b5b0-a9e95f36a7c4', 202, 'unlisted', 'Aggressive Rush Strategy', '{"reprehenderit quis sit qui","incididunt velit officia qui"}', DEFAULT, DEFAULT), ('035a0a25-d588-551c-9f76-4e9f593ffaf4', '59558fa1-9cc0-5e85-a331-879d76e07f05', 209, 'public', 'Aggressive Rush Strategy', '{"id ad","commodo adipisicing excepteur la","quis sint enim tempor voluptate","do non commodo","id consequat minim","deserunt"}', DEFAULT, DEFAULT), ('e7f55997-6008-5d29-9f7f-564ab748cc59', 'db9f2a26-569b-5431-9216-bcd2cf256bbd', 208, 'private', 'Siege Tactics Handbook', '{"eiusmod in","ea consequat","laboris","consequat","incididunt nulla officia","voluptate fugiat"}', DEFAULT, DEFAULT), ('396ce0bd-b3e1-5b3c-94ea-bb5357e1c76a', '110efd29-2979-5c30-b41f-b3bf832f48cd', 209, 'unlisted', 'Roaming Support Plan', '{"qui mollit","ea consequat in dolore","labore est cillum","laboris anim anim cillum","incididunt dolore nostrud","nulla occaecat","ipsum enim","quis adipisicing tempor veniam","dolore officia"}', DEFAULT, DEFAULT), ('4cb2c65b-80df-57cc-9c0d-6c346029b88f', '02a341a2-35a0-5fbc-a1f4-aa8b42aa4b51', 205, 'public', 'Objective Focused Strategy', '{"culpa nostrud","ipsum tempor","magna aliquip","deserunt amet cupidatat","aute anim","amet","mollit in reprehenderit"}', DEFAULT, DEFAULT), ('8172dfee-2cce-5dee-9293-b6bd5f74d656', '9e6824f3-dac2-540f-9e3d-8797171dab14', 209, 'public', 'Team Fight Execution Plan', '{"excepteur duis id dolore","adipisicing quis cupidatat amet","irure exercitation veniam","occaecat sint voluptate","dolore","irure eiusmod exercitation ad do"}', DEFAULT, DEFAULT), ('910e8e4b-af24-5f28-a2eb-631066a490eb', '45173bfe-a11f-574a-ac25-21cda1308ec9', 208, 'public', 'Vision Denial Blueprint', '{"aliquip culpa laboris","consectetur eu culpa","proident dolor Lorem duis","cillum in Lorem deserunt aliquip"}', DEFAULT, DEFAULT), ('150381a3-e791-54de-9419-0edac12fb9eb', 'e334db45-3389-5a47-b7c9-4ff8121637b5', 202, 'public', 'Counter Pick Blueprint', '{"dolor cillum consectetur qui","qui sit pariatur sint","adipisicing minim do laboris lab","dolore Lorem","fugiat"}', DEFAULT, DEFAULT), ('ddb37574-0dbe-5aa4-a5e8-b15242cefaff', '808bd15b-fc3e-5378-a895-35c8b3e388f6', 207, 'private', 'Counter Pick Blueprint', '{}', DEFAULT, DEFAULT), ('77fbdaed-4103-591b-82ee-3e3fa4b78a9b', '051188d3-54fa-59f4-adc8-b929fcb2c826', 210, 'public', 'Late Game Scaling Strategy', '{"velit fugiat"}', DEFAULT, DEFAULT), ('0f1e8b42-396d-5765-be37-bce2ee646e04', '59d8bfe4-2c84-5707-a356-dbe1eb5eec54', 204, 'public', 'Defensive Turtle Tactics', '{"veniam sunt excepteur esse paria","ullamco sunt","nostrud sit cupidatat in","do"}', DEFAULT, DEFAULT), ('5308f8b3-4d4d-529a-bd7c-3a77ac4fe6ae', 'ccd28d41-9086-5b64-b351-585431787bb7', 207, 'public', 'Jungle Control Playbook', '{"anim eiusmod laboris veniam sunt","commodo laborum nostrud id","tempor","dolor officia","fugiat in duis culpa","esse id enim","irure consectetur exercitation","esse aliquip magna","ea nulla occaecat"}', DEFAULT, DEFAULT), ('851e9ece-db38-530e-b3f9-f5e1d49a3b34', 'cd7c291a-6d6e-5632-91e5-b7fd7a634d7d', 207, 'private', 'Gank Heavy Approach', '{"ullamco ex labore","ad et quis dolor","id pariatur ea"}', DEFAULT, DEFAULT), ('2189cd55-c657-5ce9-999a-da1a2dbf7ea0', 'a8212e1b-5577-5c28-9c38-2d4fbd753550', 201, 'private', 'Late Game Scaling Strategy', '{"dolore in consectetur magna"}', DEFAULT, DEFAULT), ('902d4a21-0657-5095-b741-ac0d408bb89e', '5c25ba01-ab4d-5527-9a41-d79d770f3d79', 207, 'private', 'Early Game Dominance Guide', '{"ea tempor ex in","aliquip mollit in","in irure","occaecat"}', DEFAULT, DEFAULT), ('0d40f7c0-72b0-55c2-8e48-c6c65bd9815f', '9a2c5b91-3c65-50ae-8188-68db1f1edfc4', 202, 'public', 'Map Control Blueprint', '{"qui fugiat magna","eu et ullamco mollit","velit ullamco ex consequat","nisi elit dolor velit","culpa ea consequat","elit ea qui","ex nisi excepteur non","qui cillum elit","minim velit tempor consequat min"}', DEFAULT, DEFAULT), ('f09f5f0c-d6f4-5089-a919-82fdea15dad9', 'fc6d457c-9711-5cde-813c-d584f858faae', 201, 'private', 'Vision Denial Blueprint', '{"occaecat adipisicing eu sint","magna consectetur qui ad"}', DEFAULT, DEFAULT), ('9bfcf305-f3a4-5bed-9ee4-3f5ccf9e59af', '2764351d-73bf-5124-a613-660cd57f91dd', 205, 'private', 'Early Game Dominance Guide', '{"veniam sunt veniam est","irure ut culpa","nisi"}', DEFAULT, DEFAULT), ('2ff309f0-6726-5920-ad23-47ba58fd2525', '27a14f80-586c-54cd-876e-cd42ede1f04f', 208, 'unlisted', 'Counter Pick Blueprint', '{"voluptate officia","enim eu","aute adipisicing do proident","labore fugiat aliqua","amet in pariatur","velit cillum exercitation cupida"}', DEFAULT, DEFAULT), ('bac302d7-9e20-52d1-89cc-b0e99ef3b896', '051188d3-54fa-59f4-adc8-b929fcb2c826', 202, 'public', 'Defensive Turtle Tactics', '{"adipisicing aute labore adipisic"}', DEFAULT, DEFAULT), ('ef31ceeb-0f8d-5da0-ab9c-18045c420f99', 'd297ab9e-40d4-51b5-bb8f-a1df399f1a9a', 205, 'private', 'Defensive Turtle Tactics', '{"do sit dolor","occaecat occaecat amet","elit"}', DEFAULT, DEFAULT), ('2be70e34-56ed-5cb2-9758-b8f796ec32ec', '72d447b0-a4fa-5de7-bb4c-9ff5f169dfea', 210, 'public', 'Wave Management Plan', '{"occaecat","elit exercitation fugiat aute do","dolor consequat id ipsum","excepteur do dolor","sit velit","velit magna","magna Lorem duis aute","ipsum sit consequat","nulla","amet duis fugiat"}', DEFAULT, DEFAULT), ('49e5f9f5-6a8f-5423-81e9-9e8e2c467770', '7b09592d-b146-5ee2-9db5-3683955196d6', 209, 'unlisted', 'Siege Tactics Handbook', '{"in"}', DEFAULT, DEFAULT), ('421a5d89-58fa-56e2-87c9-a4c6fd3159db', '01bb02e3-6d00-5b11-ba00-2f6b060dfb2e', 209, 'public', 'Defensive Turtle Tactics', '{"adipisicing deserunt in","Lorem magna fugiat","in","ad do deserunt","amet in","non"}', DEFAULT, DEFAULT), ('c2ab0ed6-ea98-544f-a35e-cfff5a185dc8', '1497705a-df0e-5f8d-988d-61adba7199e0', 202, 'unlisted', 'Roaming Support Plan', '{"magna Lorem Lorem tempor ullamco","commodo ea fugiat pariatur","pariatur incididunt Lorem ex","labore non","non exercitation laborum","ipsum","reprehenderit elit reprehenderit","et in ut et mollit","officia"}', DEFAULT, DEFAULT), ('6c6d219e-3884-5c60-8485-0fb500d0b675', '2ca679b7-4687-5422-ac57-c89cfa36e3c8', 208, 'unlisted', 'Roaming Support Plan', '{"officia elit laboris"}', DEFAULT, DEFAULT), ('d5fd2418-0c52-558a-8369-707f9186db0b', 'f4b5542b-ba61-519e-a8d2-5793282ad487', 206, 'unlisted', 'Early Game Dominance Guide', '{"est tempor enim adipisicing","amet","laboris","qui magna","ullamco aute magna","deserunt et sint magna","occaecat dolor","commodo sint consectetur","in qui et qui","fugiat sunt enim"}', DEFAULT, DEFAULT), ('0f22fcab-183d-5e80-9a98-c495a215f5f8', 'b7a89d05-549f-565f-b631-b59097e91d1a', 201, 'unlisted', 'Defensive Turtle Tactics', '{"officia adipisicing cillum commo","officia amet deserunt velit"}', DEFAULT, DEFAULT), ('f92c2ba5-8b0e-58ef-9364-e364e4c41522', '17ec9179-4e96-5f11-9df0-6e4c2363b3ee', 208, 'unlisted', 'Counter Pick Blueprint', '{"irure consectetur","duis dolor dolor cillum","pariatur commodo","ea ipsum","cillum culpa enim duis","Lorem"}', DEFAULT, DEFAULT), ('e2ec2872-d983-5938-8f1c-38a9a14124dd', '72d3531d-c972-50b3-9ba4-89c7e7226754', 208, 'public', 'Counter Pick Blueprint', '{"consectetur ea enim anim deserun","proident eiusmod ex eiusmod culp","dolor","occaecat et excepteur officia","laboris non deserunt","officia reprehenderit eu tempor"}', DEFAULT, DEFAULT), ('4d4230bc-d1b6-532c-9bbf-8c67caf4f9ed', '7d0c4d54-58ae-5ddf-b108-590171e8655a', 203, 'private', 'Early Game Dominance Guide', '{"proident dolore","adipisicing enim sit nulla adipi","amet commodo enim ipsum","id aliquip"}', DEFAULT, DEFAULT), ('8be9ffc5-25d1-5c32-be1f-9a9ec00544f6', '0fa12fcf-97e2-5065-a698-e366ca117702', 206, 'unlisted', 'Early Game Dominance Guide', '{"exercitation quis officia","dolor anim","aliqua"}', DEFAULT, DEFAULT), ('a3241e44-bd93-5a11-a730-863e8eb75275', 'a69d43fa-2222-5203-b590-140e62599451', 207, 'private', 'Gank Heavy Approach', '{"tempor esse nostrud Lorem","et sit","ipsum duis non officia reprehend","non ut commodo non","laborum laboris"}', DEFAULT, DEFAULT), ('a1c32f18-989f-5961-80f5-4a21a838bc95', '88133dcb-8b00-5c2c-aee5-9f0743f5239d', 210, 'private', 'Baron Control Strategy', '{"commodo amet laboris","esse ea veniam cupidatat ex","laboris","labore do","aliqua proident","ut id voluptate irure","eu esse sit eu","amet","eiusmod ad irure"}', DEFAULT, DEFAULT), ('8fde1282-59d1-5f9b-bc10-4130ce793fa9', 'eeeda985-b12d-5e29-af20-ecad32418e20', 209, 'public', 'Late Game Scaling Strategy', '{"qui in occaecat proident magna","ipsum","irure reprehenderit"}', DEFAULT, DEFAULT), ('f85f8e1b-b8a0-528e-bc81-49b3e6a34ee5', '438bff0e-fd50-5c86-89ee-d397a0c0e548', 202, 'unlisted', 'Wave Management Plan', '{"ut ea","laboris minim irure laborum","aute velit mollit dolore","fugiat duis excepteur nisi"}', DEFAULT, DEFAULT), ('e16cfe57-140d-5b3e-90f8-910575ffdd47', '77085b75-b014-57d0-8618-9cc95436a25e', 204, 'unlisted', 'Early Game Dominance Guide', '{"ullamco sit et et nulla","qui ullamco incididunt amet","sunt cillum non"}', DEFAULT, DEFAULT), ('06866e23-2aeb-59f2-9d3c-156507eb23db', 'a8212e1b-5577-5c28-9c38-2d4fbd753550', 209, 'private', 'Gank Heavy Approach', '{"pariatur elit velit cillum incid","do","ut est reprehenderit","occaecat","laboris","fugiat incididunt"}', DEFAULT, DEFAULT), ('e5c44c16-4905-59d0-8c2a-f48ebfc3fdcc', 'ac9f0e3e-b030-584f-a8dd-87355fe22537', 203, 'unlisted', 'Split Push Blueprint', '{"tempor dolore ipsum aliqua","est pariatur sunt","est reprehenderit sit deserunt","laborum nulla ex proident","adipisicing qui ullamco nisi eiu","ullamco qui","ipsum quis deserunt nulla"}', DEFAULT, DEFAULT), ('0298782b-da7d-55b4-a736-8126dd2f9d32', '9a52e2af-cb63-5ab2-95a7-ae32f01d6a1c', 205, 'private', 'Early Game Dominance Guide', '{}', DEFAULT, DEFAULT), ('8f534833-d8c3-5d0a-b63c-bd2740be0330', '5d378209-1fd5-506f-8b3f-511a16489d69', 210, 'private', 'Objective Focused Strategy', '{}', DEFAULT, DEFAULT), ('1caeec83-1956-53fb-9c1a-7f585775c524', '646b32cc-2525-5418-a0f1-5c9ced471b05', 206, 'public', 'Defensive Turtle Tactics', '{"culpa ad"}', DEFAULT, DEFAULT), ('28f2bbc2-0260-5d64-a9bf-64e9bc163c30', 'c379a417-3b5c-5e05-a7ca-c545e0d33c70', 207, 'unlisted', 'Jungle Control Playbook', '{"nulla dolor aliquip veniam","minim ea nostrud esse proident","cupidatat labore","quis mollit","ut ipsum","duis consequat laboris","aute incididunt dolore fugiat nu","ex in laboris"}', DEFAULT, DEFAULT), ('8590b74a-b67e-5525-9786-4e0fc4c65d06', '88133dcb-8b00-5c2c-aee5-9f0743f5239d', 204, 'private', 'Wave Management Plan', '{"eiusmod enim anim","ad velit","eu adipisicing","exercitation ex id ipsum","irure ullamco culpa occaecat","esse id labore","pariatur adipisicing"}', DEFAULT, DEFAULT), ('fa5e4221-0eae-5da7-9a16-5b8399b9ef50', '051188d3-54fa-59f4-adc8-b929fcb2c826', 210, 'unlisted', 'Baron Control Strategy', '{"do consectetur commodo enim labo","consectetur voluptate","mollit pariatur duis","nostrud enim ipsum adipisicing","qui occaecat","et incididunt Lorem","commodo exercitation nulla","exercitation qui ullamco est","voluptate minim"}', DEFAULT, DEFAULT), ('fedb01d5-16e2-59fd-8845-ff6a92bd83f7', 'a6ea6199-2a1a-56d4-b12a-1bf7d32d154c', 210, 'unlisted', 'Counter Pick Blueprint', '{"anim cupidatat","minim incididunt laboris esse la","reprehenderit reprehenderit","incididunt","laborum proident do eiusmod ipsu","eu tempor proident cupidatat","deserunt culpa est","irure eiusmod cillum est","excepteur occaecat id consectetu"}', DEFAULT, DEFAULT), ('d6d0cf2a-b6d2-5f41-bc05-2fe5bf5ca317', '01bb02e3-6d00-5b11-ba00-2f6b060dfb2e', 206, 'public', 'Vision Control Blueprint', '{"aliquip reprehenderit est","et","tempor Lorem nisi eiusmod nisi","Lorem exercitation","sit nulla irure","eu anim dolore esse id"}', DEFAULT, DEFAULT), ('a18cadaa-4531-5180-a607-ad2a5bc25f0c', 'e334db45-3389-5a47-b7c9-4ff8121637b5', 209, 'public', 'Map Control Blueprint', '{"elit dolore proident magna","aute do non adipisicing"}', DEFAULT, DEFAULT), ('7858de1c-870d-5289-9bbf-085e4de69d79', '897e7fb9-bd9c-59e3-afc7-d1c31ec7ef34', 204, 'unlisted', 'Team Fight Execution Plan', '{"enim proident officia ut","mollit non","mollit excepteur","aliquip voluptate exercitation q","cillum nostrud cillum","aute ut dolore aute occaecat"}', DEFAULT, DEFAULT), ('c5510993-cf82-5729-a476-bbba91fd2ee1', 'f6a7cc82-a609-50ee-a839-9fa8b1a9631d', 208, 'public', 'Siege Tactics Handbook', '{"ea qui cillum do","mollit ea laborum in","ex labore exercitation amet","cupidatat adipisicing nisi et au"}', DEFAULT, DEFAULT), ('65495df9-49dc-5680-b4b7-97fe7364e837', '5d378209-1fd5-506f-8b3f-511a16489d69', 210, 'unlisted', 'Aggressive Rush Strategy', '{"deserunt duis eiusmod irure","ea minim voluptate consequat"}', DEFAULT, DEFAULT), ('6a08951b-2f4b-5069-a734-056efe107e30', '6de5d1f5-e767-54ae-ad7a-c52af47251f6', 210, 'unlisted', 'Aggressive Rush Strategy', '{"pariatur magna veniam exercitati","non mollit consectetur culpa","officia esse consequat aliquip i","exercitation"}', DEFAULT, DEFAULT), ('d96e9820-0562-5ef0-a957-fb16e8a3cda6', '99498cc5-464e-5b95-a415-0dba48b40687', 206, 'unlisted', 'Team Fight Execution Plan', '{"laborum ullamco","labore nulla nostrud elit","cupidatat et do et","amet eu ea","qui","esse adipisicing ex velit","proident anim","voluptate velit"}', DEFAULT, DEFAULT), ('44d39286-2c39-52c0-9fdf-811ac2ac0b4f', 'fc295a44-56fb-5a65-beee-66fd6554ae26', 204, 'unlisted', 'Objective Focused Strategy', '{"exercitation incididunt","cupidatat sit dolor reprehenderi","culpa dolor est exercitation","anim elit","duis sunt duis","ad incididunt excepteur commodo ","pariatur exercitation sit","enim non eiusmod incididunt magn","velit adipisicing","eiusmod amet"}', DEFAULT, DEFAULT), ('f5284b1c-c867-5bcb-ae27-b4a46054354e', '94170f3d-888c-58bc-bc18-13592bfb52c5', 202, 'unlisted', 'Jungle Control Playbook', '{"sunt","mollit nulla ut","voluptate minim consequat ipsum ","nostrud incididunt cupidatat"}', DEFAULT, DEFAULT), ('748b6b6e-790a-524c-8953-9f99ff6241ea', 'c379a417-3b5c-5e05-a7ca-c545e0d33c70', 206, 'private', 'Early Game Dominance Guide', '{"nisi incididunt dolor","cupidatat nisi","et eu","excepteur mollit aliquip","eiusmod Lorem id","commodo ea sint fugiat"}', DEFAULT, DEFAULT), ('94e59d3e-1e10-58ee-b57b-120d24970da8', 'bbecd693-8054-5eee-8ada-8e2d5a3c5090', 201, 'private', 'Early Game Dominance Guide', '{"occaecat labore","consectetur consequat elit","nostrud non ullamco ullamco","cupidatat laborum ea","occaecat esse"}', DEFAULT, DEFAULT), ('a501e3c2-1df6-5f20-9532-89c5471331c6', '21d7354f-afef-5425-9907-92a0ff9e7110', 205, 'private', 'Aggressive Rush Strategy', '{"quis ea","nulla magna Lorem","tempor nulla velit mollit","proident do proident laboris","laboris enim","magna mollit Lorem dolore","officia anim amet pariatur","nulla amet","Lorem duis dolore"}', DEFAULT, DEFAULT), ('eba1549a-b3ad-5f1e-ad56-15be0771d0f9', '5f3671df-cc06-5a3d-87a6-e1e42e095fa3', 204, 'private', 'Roaming Support Plan', '{"veniam duis quis anim","elit duis culpa excepteur"}', DEFAULT, DEFAULT), ('02d6bfb1-b7f1-5129-9d1b-729fd2d36ca6', '9b1fc781-1e4e-56d2-bd68-0dc257a319c0', 203, 'public', 'Objective Focused Strategy', '{"elit esse ex"}', DEFAULT, DEFAULT), ('feadd401-b272-53d1-bc20-6dad4e3ffc29', '5d378209-1fd5-506f-8b3f-511a16489d69', 206, 'private', 'Objective Focused Strategy', '{"do ad nulla","labore amet veniam","laboris","dolore aliquip amet","duis laboris officia anim labore","nulla laborum reprehenderit inci","labore enim","dolor nisi","minim ea dolor est","sint sunt"}', DEFAULT, DEFAULT), ('f4023970-bb8c-5175-9f3e-42520be2a6af', 'fc6d457c-9711-5cde-813c-d584f858faae', 205, 'unlisted', 'Baron Control Strategy', '{"sint voluptate","mollit occaecat cupidatat","adipisicing reprehenderit offici","nostrud","ut nostrud excepteur in","minim labore tempor","qui fugiat anim adipisicing","irure et velit nostrud labore","irure Lorem occaecat"}', DEFAULT, DEFAULT), ('ab471cfa-3489-5a6c-bf5c-82aeac3819f5', '286a711e-ae86-5be5-9195-1d963e0504f7', 203, 'private', 'Wave Management Plan', '{"sint exercitation deserunt","fugiat officia","est pariatur","occaecat enim culpa laborum","sint laborum occaecat tempor","nisi ut cupidatat elit","ut eiusmod mollit sint sint","aliqua","cupidatat cillum"}', DEFAULT, DEFAULT), ('782d8b69-ae89-5508-b431-d9e3d4f25423', '71edf17f-e471-58c3-bbf8-8111bd6c7c8e', 209, 'unlisted', 'Secure Objective Playbook', '{"minim fugiat et"}', DEFAULT, DEFAULT), ('bfbbf302-05a7-5b0c-991e-f7c79f52034e', '3a804324-748d-571a-afad-6b9c20a35337', 207, 'unlisted', 'Objective Focused Strategy', '{"fugiat aliquip consectetur"}', DEFAULT, DEFAULT), ('86a9949d-fbe2-5edf-bf64-6b822a75bdc8', '9a2c5b91-3c65-50ae-8188-68db1f1edfc4', 203, 'private', 'Vision Control Blueprint', '{"exercitation ipsum ullamco nulla"}', DEFAULT, DEFAULT), ('3d78c871-f9be-5ceb-b04c-13f9eb63efa0', '096adf71-c74e-5b77-822b-46a8768797c5', 207, 'unlisted', 'Vision Control Blueprint', '{"aliquip irure proident ullamco e","occaecat velit"}', DEFAULT, DEFAULT), ('e5e7301c-ed7e-5267-a91e-331eeecbad04', '43bcab14-4a69-5e60-a07f-cda2fe595a2a', 201, 'unlisted', 'Map Control Blueprint', '{"voluptate cupidatat reprehenderi","aliqua in voluptate deserunt est","deserunt laboris irure","sit quis culpa excepteur","exercitation id id veniam"}', DEFAULT, DEFAULT), ('e06f1954-eb7e-5811-8e85-0b7239ac60d6', '3d4df0ce-5a7f-53e4-b486-95faf0a09720', 209, 'unlisted', 'Defensive Turtle Tactics', '{"cupidatat cupidatat quis fugiat","mollit excepteur id mollit non","qui non ut enim","commodo Lorem magna laboris","dolore fugiat labore","consequat","exercitation consectetur reprehe","qui duis eu"}', DEFAULT, DEFAULT), ('cbe8ef05-c651-5778-b8a6-717eee524007', '8babc841-00b0-585f-9ca3-85ef68fec1f7', 204, 'public', 'Gank Heavy Approach', '{"quis minim","excepteur enim irure laboris","eu commodo nulla","et eiusmod"}', DEFAULT, DEFAULT), ('479e5b51-1e2b-5ac2-b0c4-d0fc97906c11', '349111f0-5b40-5b21-aeff-8af2b228d28f', 209, 'unlisted', 'Late Game Scaling Strategy', '{"Lorem est aute","exercitation ullamco dolore exer","proident laborum"}', DEFAULT, DEFAULT), ('bcb7ae75-c1e7-50cd-ba0b-a339091eb350', '1bdf6d4a-906f-5da5-b91f-35917468bf74', 203, 'private', 'Late Game Scaling Strategy', '{"tempor adipisicing sit","consectetur do aliqua deserunt c","nulla sit cupidatat incididunt d","eu laborum deserunt consectetur","quis pariatur consequat nostrud ","nostrud","ex officia ipsum"}', DEFAULT, DEFAULT), ('22dccad0-36ca-5845-a1bd-b6027b406b8d', '763ebb5f-add9-59ff-9a26-6b4030dae259', 204, 'unlisted', 'Siege Tactics Handbook', '{"fugiat officia ea","proident officia","occaecat do elit","voluptate adipisicing","ea est proident","dolor","nostrud voluptate","sunt ad","voluptate"}', DEFAULT, DEFAULT), ('d3293b00-a774-5f1e-99fc-e8f05eabde14', '2d1d7734-be70-5d07-a538-e76c6cae722e', 207, 'unlisted', 'Team Fight Execution Plan', '{"laborum amet","aliqua esse","aliqua mollit in esse irure"}', DEFAULT, DEFAULT), ('6822c6f8-ae35-5c57-9558-9cc55665f5cb', '8bfeb6d5-d92f-5041-aa1b-39b8365c0a59', 208, 'private', 'Siege Tactics Handbook', '{"et irure","aute","ullamco cillum eiusmod","ad nostrud enim mollit ea","et incididunt do","nostrud","dolore labore eiusmod excepteur","pariatur est","do officia"}', DEFAULT, DEFAULT), ('8ac966bd-de46-5e4a-8401-5328d63ae1b4', 'cf2e12ac-941e-5dbb-b044-ab0b13ab4af7', 208, 'unlisted', 'Early Game Dominance Guide', '{"sint tempor exercitation pariatu","occaecat sit qui anim","do mollit eiusmod proident ipsum","ex nulla","ipsum do","esse sunt sit exercitation volup","excepteur Lorem dolor","ad ullamco","mollit ea occaecat","id elit"}', DEFAULT, DEFAULT), ('36f6354b-1927-5b66-8fab-ef32da0e1694', '88133dcb-8b00-5c2c-aee5-9f0743f5239d', 210, 'public', 'Split Push Blueprint', '{}', DEFAULT, DEFAULT), ('a3befd2b-2867-5547-af7d-2fe7d53b98ef', 'ad276812-3b86-5425-b36a-d822f2860912', 204, 'unlisted', 'Vision Denial Blueprint', '{"ut","ad fugiat aliqua nisi","dolore sit anim anim cillum","non cupidatat","eu nostrud Lorem"}', DEFAULT, DEFAULT), ('4d502d01-8a3a-58bc-acb8-f61c47f35e10', 'ac772386-a452-5d18-88c7-396c2a71eb0b', 209, 'unlisted', 'Siege Tactics Handbook', '{"enim officia excepteur et anim","magna aute minim do","adipisicing anim tempor ullamco","sint est","quis reprehenderit cupidatat dol","adipisicing dolor","magna non irure"}', DEFAULT, DEFAULT), ('ebdf08a4-39c5-5347-ab53-e4ef0e2d1add', '1716ac71-f35f-52a7-acdc-316247462f37', 204, 'public', 'Roaming Support Plan', '{"esse esse","aute elit","voluptate est sit elit esse","tempor ipsum sunt proident","culpa eu id","nisi veniam ea","minim fugiat anim"}', DEFAULT, DEFAULT), ('4cfaa7bd-7f8e-52b6-a079-b1fc1773dccb', 'e6e5bdc8-dbe5-545a-b616-a55a5f857d1f', 205, 'private', 'Map Control Blueprint', '{"in quis quis commodo eu","duis ullamco","voluptate qui","nulla proident culpa duis","pariatur reprehenderit","proident excepteur"}', DEFAULT, DEFAULT), ('379aa38a-0dab-5c06-8cdb-45bf5d7e2d27', 'd1b8f3f8-af26-5088-8712-273c28ba98f7', 203, 'unlisted', 'Split Push Blueprint', '{"non aliqua laboris culpa","pariatur proident amet","cillum nostrud commodo","et amet","aute aliquip deserunt exercitati","eu pariatur pariatur qui laborum","velit anim nulla esse dolor","dolore laborum sint consectetur ","qui cillum incididunt"}', DEFAULT, DEFAULT), ('1cb4e4cf-86cc-5f46-9e77-98b857e060d9', 'f057746f-990e-5e0f-ba59-b833ef7e39fc', 210, 'private', 'Vision Control Blueprint', '{"incididunt anim adipisicing adip","nostrud","eu aute pariatur proident","cillum reprehenderit anim commod"}', DEFAULT, DEFAULT), ('f39bcc07-5eef-5435-b6e9-d947c3bae70d', 'f457d7a7-01f9-5225-b07a-0e782525bbc7', 201, 'public', 'Late Game Scaling Strategy', '{}', DEFAULT, DEFAULT), ('20a16bbe-0188-55a3-8d14-7e2e6b37794e', '98bf31df-37fd-5af6-86dd-8686cdc35eeb', 209, 'public', 'Split Push Blueprint', '{"aliqua dolor aliqua","officia ad est consectetur","exercitation velit aliquip eiusm","eu aliqua commodo","irure cupidatat","exercitation fugiat","irure minim nisi","nostrud labore dolor deserunt"}', DEFAULT, DEFAULT), ('75a162e8-f427-5c64-baca-dba20bc829dd', 'cf1d2e5e-3a18-5518-8e4c-387978992b8a', 207, 'unlisted', 'Objective Focused Strategy', '{"commodo exercitation sit","ea enim","mollit irure magna aute"}', DEFAULT, DEFAULT), ('5075bfb2-60b4-588c-ba9f-cd0f3efae77e', '290bcd64-8663-5670-8efa-64e864979bbb', 205, 'public', 'Vision Denial Blueprint', '{"elit enim mollit","incididunt sit sint","esse Lorem consequat","sint Lorem sint proident","est nulla ipsum velit qui","nostrud sunt excepteur consequat","exercitation consequat","amet nisi irure nostrud","deserunt exercitation velit dese"}', DEFAULT, DEFAULT), ('329b0bda-79b1-53f3-afe7-b7495bde0220', 'e93ac05b-5c6e-5233-8fb4-6d181ade2e59', 202, 'public', 'Rotation Strategy Document', '{"aliquip dolor pariatur do deseru","est dolor culpa","duis nulla ea voluptate"}', DEFAULT, DEFAULT), ('fc992b53-61aa-5185-8280-7863348ce734', 'f057746f-990e-5e0f-ba59-b833ef7e39fc', 202, 'unlisted', 'Early Game Dominance Guide', '{"consequat magna excepteur ex","eiusmod consequat id elit","sit incididunt","excepteur cupidatat reprehenderi","incididunt nisi"}', DEFAULT, DEFAULT), ('e15f78fd-c85d-5196-b441-614f0f00a652', 'f6a7cc82-a609-50ee-a839-9fa8b1a9631d', 203, 'unlisted', 'Jungle Control Playbook', '{"adipisicing aute","laborum pariatur","excepteur","qui est ullamco laborum"}', DEFAULT, DEFAULT), ('27d28c73-d0c0-5545-a0d3-0f0fa8e1aca6', 'd664e8db-93ef-5294-a361-9e8640907e59', 202, 'unlisted', 'Roaming Support Plan', '{"eiusmod ullamco","non","laboris proident anim sunt","velit do aute proident","do ipsum aute aliqua nulla","sint nostrud duis deserunt","deserunt","sint nulla pariatur duis"}', DEFAULT, DEFAULT), ('bc0ae162-e51f-5f29-b5b0-87887eac9c85', 'f7f33f5b-7e02-5784-9db2-ed2995544a54', 207, 'unlisted', 'Secure Objective Playbook', '{"cillum non elit ad quis","occaecat aliqua pariatur cupidat","eiusmod excepteur","ut labore enim nulla","eiusmod Lorem","culpa ea laborum"}', DEFAULT, DEFAULT), ('23cfe397-d97e-55bf-af72-35043f52d2bb', '09204188-e618-5728-88fc-034120742c41', 208, 'private', 'Objective Focused Strategy', '{"quis exercitation amet","laboris laboris","dolore ea consequat","laboris incididunt esse aliquip "}', DEFAULT, DEFAULT), ('2135e4d6-4261-59ed-a63d-11a8a55ba0c0', '72d447b0-a4fa-5de7-bb4c-9ff5f169dfea', 205, 'unlisted', 'Wave Management Plan', '{"aliqua","consequat do consequat"}', DEFAULT, DEFAULT), ('32ca2e92-cee8-58b4-beec-0fd9742bf2df', '02a341a2-35a0-5fbc-a1f4-aa8b42aa4b51', 208, 'private', 'Counter Pick Blueprint', '{"consectetur qui ea reprehenderit","ullamco velit dolore","cillum sint","exercitation magna fugiat","amet","officia veniam labore deserunt","ad","Lorem minim esse"}', DEFAULT, DEFAULT), ('69e335b1-cf42-5234-867f-fc3222ba0932', '76980724-1543-5820-bc77-ff5f445e7244', 207, 'public', 'Defensive Turtle Tactics', '{}', DEFAULT, DEFAULT), ('4addfd63-7007-5913-b0c6-95e35fe44af0', '6451b879-16d7-5644-b6b9-87dd18b3facf', 205, 'unlisted', 'Defensive Turtle Tactics', '{"duis voluptate","in","dolore nisi sint qui et","id fugiat laborum"}', DEFAULT, DEFAULT), ('29e1da9c-3bfa-53c5-8780-7032cb48ed69', 'c379a417-3b5c-5e05-a7ca-c545e0d33c70', 208, 'private', 'Aggressive Rush Strategy', '{"ullamco sit adipisicing in","exercitation consectetur consequ","ex ullamco veniam sint","duis pariatur Lorem"}', DEFAULT, DEFAULT), ('0fe3263a-4b99-5049-afdd-8a29336988d1', '1e7e0bcb-4fc0-5d72-81a5-d67a74a13595', 210, 'private', 'Defensive Turtle Tactics', '{"minim elit","velit mollit fugiat","do elit ea","sit consequat","aliqua occaecat sit laborum","ullamco minim"}', DEFAULT, DEFAULT), ('de533318-8238-5b98-90fa-7923fbda78df', '897e7fb9-bd9c-59e3-afc7-d1c31ec7ef34', 203, 'public', 'Aggressive Rush Strategy', '{"do fugiat"}', DEFAULT, DEFAULT), ('91b0fe2a-8d53-5dfa-804e-dadbd5fed2f0', 'a88bc9b9-135e-55c7-8c4c-5a072a3c8573', 203, 'unlisted', 'Roaming Support Plan', '{"eu et commodo","aute ut laboris","aliquip eiusmod","ex tempor ad do","fugiat duis","labore et"}', DEFAULT, DEFAULT), ('f2da91e9-e150-5eba-811a-769c8b464b2d', 'd1dc8a74-c651-5dbd-b484-1cd2c51db9b9', 207, 'private', 'Aggressive Rush Strategy', '{"culpa pariatur enim dolore","eu incididunt aute qui"}', DEFAULT, DEFAULT), ('830462ad-e07d-578c-9343-4c2f3f3f896d', 'd267e1b9-665d-5421-bb3b-be698dae48a8', 201, 'public', 'Aggressive Rush Strategy', '{"tempor"}', DEFAULT, DEFAULT), ('e4d512a0-9012-54c8-a0de-d2cfb46cc4e7', 'd6d652bf-48a5-5a85-a95d-16c25edc5397', 201, 'private', 'Gank Heavy Approach', '{"occaecat reprehenderit id sunt","irure tempor ea commodo Lorem","ipsum cillum","cupidatat","deserunt qui ex","aute non anim dolor"}', DEFAULT, DEFAULT), ('8fc4ec28-bbda-57ff-86ae-02acc462e7a3', '3c19e2d6-1e17-5580-adbc-319ee6c74e3c', 202, 'unlisted', 'Split Push Blueprint', '{"minim reprehenderit adipisicing","cupidatat cupidatat est fugiat a"}', DEFAULT, DEFAULT), ('46cb3ac1-56db-5482-a77b-488299529f1c', '6a248992-e0a8-5c27-8d71-fd2cfd3a1fd6', 208, 'unlisted', 'Roaming Support Plan', '{"labore sint culpa magna"}', DEFAULT, DEFAULT), ('ca6dab04-25c1-5208-bf77-9e5162704420', '405dd580-b1c8-5c0e-9df0-d82b7f57175d', 209, 'private', 'Wave Management Plan', '{"duis reprehenderit in est","eiusmod consectetur mollit sit o"}', DEFAULT, DEFAULT), ('54485efb-a52b-5ef1-8d37-32b22dc487d0', 'e5b4727f-be5e-52c0-83cb-cb7ba230945f', 207, 'private', 'Defensive Turtle Tactics', '{"ipsum cillum ea consequat cupida","mollit laboris consequat","anim"}', DEFAULT, DEFAULT), ('1fa8fec1-5ed8-5fb9-afc2-a5a8eea61a64', 'd36b7a55-d6b7-5955-bd46-7839332db245', 204, 'public', 'Gank Heavy Approach', '{}', DEFAULT, DEFAULT), ('21212b38-5327-5020-9dc6-3fca09a6128f', '91434b27-2651-5429-8f42-45c3f8e334a0', 205, 'unlisted', 'Baron Control Strategy', '{"velit ut ex non","est cupidatat mollit qui","velit do eu cillum veniam","quis culpa sit ullamco","magna excepteur","deserunt elit"}', DEFAULT, DEFAULT), ('b22cc198-1bf7-5cc9-b682-385ac5f11217', 'a727f58e-5d42-555f-a07e-84196ea16b24', 202, 'unlisted', 'Map Control Blueprint', '{"eu amet mollit voluptate","et","laboris","labore aliqua in","do adipisicing sint","et labore","est exercitation magna"}', DEFAULT, DEFAULT), ('07d77b7a-f8bb-53ab-8750-034a7dc2bcb0', 'c15a1a93-cc16-5536-8ab0-42ef9626e379', 208, 'unlisted', 'Defensive Turtle Tactics', '{"do tempor esse officia","eu magna occaecat","esse eu magna nostrud","ut ea aute fugiat","ut aute consectetur aute","enim laborum ut","ea cupidatat ipsum"}', DEFAULT, DEFAULT), ('f7f63dc3-d8b7-5f42-b802-636e4e3f43bb', '096adf71-c74e-5b77-822b-46a8768797c5', 207, 'private', 'Split Push Blueprint', '{"est Lorem ad consequat","Lorem aute","irure pariatur sint","ea amet aute adipisicing Lorem","ullamco id in officia","culpa tempor cupidatat veniam","minim in aliquip eu","consectetur culpa duis voluptate","cupidatat nisi","in occaecat incididunt consequat"}', DEFAULT, DEFAULT), ('a1dd34cc-747e-59d2-bb04-592165ee24b7', 'd9d9ad5e-1233-511b-bc7d-1f7d6c3d7a35', 210, 'private', 'Late Game Scaling Strategy', '{"exercitation in magna","in ex","velit ipsum quis sunt anim","nisi minim","tempor culpa eiusmod commodo","veniam","ea","elit","cupidatat exercitation laboris"}', DEFAULT, DEFAULT), ('b111722b-fdf4-55f7-a1ea-183bf540f7e3', 'd267e1b9-665d-5421-bb3b-be698dae48a8', 209, 'unlisted', 'Jungle Control Playbook', '{"ullamco","consequat veniam","esse dolor deserunt"}', DEFAULT, DEFAULT), ('de288e5e-33f8-5b49-9dad-83fa7d46ac0d', 'eeba85da-b4f7-5195-887e-28b7dc8a5236', 207, 'private', 'Late Game Scaling Strategy', '{"irure non deserunt ullamco","adipisicing exercitation commodo"}', DEFAULT, DEFAULT), ('f1ab7f2e-7a01-59f1-b811-78e3b78b40bc', '36ab6720-a24b-578b-8d3f-3d9bb0485851', 208, 'private', 'Vision Denial Blueprint', '{"aute sunt ullamco","tempor","duis officia","aliqua mollit","enim"}', DEFAULT, DEFAULT), ('e0783de7-ca51-5f0a-a7ac-8dcd533efd10', 'ad276812-3b86-5425-b36a-d822f2860912', 210, 'unlisted', 'Rotation Strategy Document', '{"cillum eiusmod qui adipisicing","ut cillum exercitation laborum","enim ex nostrud consequat sint","cupidatat eiusmod sint","deserunt ullamco ex","velit ex"}', DEFAULT, DEFAULT), ('c3238b63-2dda-5915-8ca5-773255a1cfad', '9af6e0ef-7015-5390-856a-705032c2e40e', 202, 'private', 'Defensive Turtle Tactics', '{"excepteur culpa","commodo enim aute","laboris cillum incididunt labore","nisi elit","in","id occaecat excepteur aliqua"}', DEFAULT, DEFAULT), ('7b1aca75-d87e-55c4-87f7-005fafbadfdb', 'd1b8f3f8-af26-5088-8712-273c28ba98f7', 206, 'public', 'Wave Management Plan', '{"aliquip officia","ex qui irure cillum","aliquip enim elit","do consectetur","et sit dolore","occaecat consectetur fugiat labo","ut officia ad sit","elit qui irure deserunt ullamco","cillum enim id","sit officia Lorem"}', DEFAULT, DEFAULT), ('106d238e-2ba4-525c-8d85-994f8dfb2984', '8babc841-00b0-585f-9ca3-85ef68fec1f7', 205, 'unlisted', 'Gank Heavy Approach', '{"exercitation voluptate eu velit","ex anim enim id ipsum","reprehenderit quis adipisicing","aliquip qui do","eu in exercitation","dolore magna","cupidatat voluptate labore","aliquip fugiat","dolore veniam nulla adipisicing"}', DEFAULT, DEFAULT), ('72f05d50-2802-535d-af55-29384395d238', 'd35ecca3-ac35-5e28-8e7e-6a25de908d18', 209, 'unlisted', 'Rotation Strategy Document', '{"eiusmod labore anim velit nostru","non consectetur"}', DEFAULT, DEFAULT), ('f914b2f3-d88a-52e4-ac43-1ef8cffb4d34', 'ac772386-a452-5d18-88c7-396c2a71eb0b', 209, 'public', 'Map Control Blueprint', '{"proident eu anim exercitation","aute","adipisicing dolor commodo eu ea","ullamco","laboris anim","laborum incididunt voluptate","est occaecat sint adipisicing","laboris officia","aliqua qui proident incididunt"}', DEFAULT, DEFAULT), ('c620930b-8f59-50ae-bf46-b1a3aca28f0a', 'df625f4d-0fe2-599a-b1d3-13232701e19f', 208, 'unlisted', 'Map Control Blueprint', '{"qui mollit officia consectetur e","eu in laboris esse","mollit mollit sunt"}', DEFAULT, DEFAULT), ('c78418ab-6a36-52f6-ad32-89289156138c', '17ec9179-4e96-5f11-9df0-6e4c2363b3ee', 205, 'public', 'Vision Denial Blueprint', '{"aute nostrud adipisicing"}', DEFAULT, DEFAULT), ('ed7bef30-09b5-5167-a122-9b398a76eaef', 'd6d652bf-48a5-5a85-a95d-16c25edc5397', 209, 'unlisted', 'Aggressive Rush Strategy', '{"qui labore sit ipsum","ipsum","ex nulla aute","aliqua quis deserunt","consectetur non"}', DEFAULT, DEFAULT), ('ecddf116-85cf-5aef-8c73-6e5963680c88', '9c793877-9a29-5409-acf9-8981bd39bd4d', 207, 'private', 'Roaming Support Plan', '{}', DEFAULT, DEFAULT), ('5bb46529-9916-530c-88e4-31ac6d441591', 'd0fa96c4-2bfe-5959-9fd4-b17ec4964e6d', 201, 'private', 'Late Game Scaling Strategy', '{"eu labore","irure dolore consectetur","officia","dolore elit ex duis ut","eu tempor anim amet ullamco"}', DEFAULT, DEFAULT), ('8b092693-9a40-5f6a-a57b-3c3e9f5288f7', '9f273059-bf49-55a4-bf95-e6bedcccffe3', 207, 'private', 'Defensive Turtle Tactics', '{"nisi Lorem aliquip mollit","enim officia","do","sit esse labore","mollit nostrud reprehenderit","adipisicing eiusmod","laboris eiusmod elit","duis nulla"}', DEFAULT, DEFAULT), ('65d96d53-ecd8-5cb9-a3d4-a2842c9c629f', '6fb8bc22-57b5-5453-b6ee-d5dfa591c360', 203, 'private', 'Vision Denial Blueprint', '{"est aliquip aute","voluptate cillum","duis duis nostrud","culpa non","velit eu do","sunt pariatur","enim occaecat Lorem","ad minim"}', DEFAULT, DEFAULT), ('672c681b-4325-56a5-8413-28facb838b89', '7d0c4d54-58ae-5ddf-b108-590171e8655a', 206, 'unlisted', 'Wave Management Plan', '{"esse enim","sint","esse sit mollit ad","est est","qui ad mollit","ad velit ullamco","do esse consectetur officia","do","adipisicing pariatur dolor"}', DEFAULT, DEFAULT), ('49d19d37-5ee3-59d0-a985-37b5b703ceb0', 'f7fce496-302a-564f-b89f-dc22379477c5', 203, 'public', 'Team Fight Execution Plan', '{"excepteur tempor non exercitatio","commodo deserunt excepteur sunt ","proident cupidatat enim nulla","ut enim ea minim","tempor","voluptate"}', DEFAULT, DEFAULT), ('66e9d7dd-018c-5299-8470-9f074683bd55', '71edf17f-e471-58c3-bbf8-8111bd6c7c8e', 205, 'unlisted', 'Early Game Dominance Guide', '{"laboris velit exercitation","aliqua nulla","labore ut commodo non","qui labore magna velit","amet consectetur consectetur","et nisi in duis"}', DEFAULT, DEFAULT), ('d4a93045-0519-5ae2-8bd3-51a7d07f2b97', '45173bfe-a11f-574a-ac25-21cda1308ec9', 201, 'private', 'Split Push Blueprint', '{"occaecat exercitation aliqua","ex dolore culpa","nostrud","commodo est amet aliqua reprehen","ad sunt aliquip"}', DEFAULT, DEFAULT), ('b5bd1f0b-0be5-592a-87b7-65db36f2fa17', '626028b2-23d2-53a4-aca9-9c9cc4158e30', 201, 'unlisted', 'Aggressive Rush Strategy', '{"enim officia non voluptate","commodo quis commodo sit","ipsum id et eu reprehenderit","duis exercitation","reprehenderit Lorem incididunt l"}', DEFAULT, DEFAULT), ('902168ab-57a5-5714-b589-ecf1bd6d2517', 'f561c33d-0589-5163-a677-f2a1eb6b3322', 201, 'unlisted', 'Vision Control Blueprint', '{"cupidatat commodo","exercitation aute quis occaecat ","laborum est officia","aute","nisi magna duis eiusmod est"}', DEFAULT, DEFAULT), ('8e1b1af0-d36a-5958-9b32-c8f59e8edaf9', 'ddb44318-7e83-5b4d-8ba4-3bbd19edd327', 204, 'private', 'Objective Focused Strategy', '{"cillum ad aliqua eiusmod","labore enim laborum","duis sint","fugiat excepteur in","consectetur ipsum non non sunt","ipsum cupidatat","occaecat"}', DEFAULT, DEFAULT), ('9ca1e23a-7fd9-5be2-b14a-5f50a52fda0a', 'e9decb87-4a50-5c41-896c-16fe0d21ebca', 201, 'private', 'Counter Pick Blueprint', '{"sit laborum","reprehenderit","labore ea","id voluptate et dolore","do dolore"}', DEFAULT, DEFAULT), ('b458c0d2-4d21-597a-9d7c-522e47032d79', '70b4d1da-5ee3-5bd6-aecb-9af8ab670b84', 205, 'unlisted', 'Siege Tactics Handbook', '{"dolor ullamco ex consequat","nisi ex minim","do nostrud","veniam Lorem anim","qui commodo incididunt","eiusmod esse","dolore ad","veniam","incididunt ad aliquip"}', DEFAULT, DEFAULT), ('aeae5590-e6d3-5c02-8a1c-40a6bcf61bd6', '5f3671df-cc06-5a3d-87a6-e1e42e095fa3', 203, 'private', 'Vision Control Blueprint', '{"ut adipisicing","consequat proident cillum dolore","qui","excepteur incididunt tempor exce","aliqua incididunt laboris nisi","reprehenderit"}', DEFAULT, DEFAULT), ('e62ff15d-b4e8-5f8b-b8c8-56d105c9d705', 'e9decb87-4a50-5c41-896c-16fe0d21ebca', 208, 'private', 'Defensive Turtle Tactics', '{"deserunt occaecat ullamco minim","labore irure fugiat","veniam dolor incididunt","ullamco consequat ullamco elit","id sint do aliqua"}', DEFAULT, DEFAULT), ('2650d5c8-a9d2-57ad-a70d-8c89cf994021', 'cf1d2e5e-3a18-5518-8e4c-387978992b8a', 209, 'private', 'Vision Denial Blueprint', '{"incididunt eu esse id tempor"}', DEFAULT, DEFAULT), ('57851dd8-0d7e-5b03-b70f-32940ae107ce', 'abf8504a-2cfc-5a9d-a5d2-31dccd8bf00f', 206, 'unlisted', 'Team Fight Execution Plan', '{"enim do","eiusmod eiusmod officia duis","eu ullamco cillum","aute anim eu amet aute","adipisicing ex aliqua","occaecat","fugiat deserunt qui","voluptate non velit"}', DEFAULT, DEFAULT), ('0bb88883-c32b-547d-bac2-9dcbf9437722', '26f7bb6a-3c9c-5b30-b11b-be5ebfb91948', 204, 'unlisted', 'Vision Control Blueprint', '{"laborum pariatur ullamco aute ma","aute id eu adipisicing","labore adipisicing consequat"}', DEFAULT, DEFAULT), ('f2096d39-9bcd-5cc9-af38-3924bad39e01', '5034bc4f-306f-5e76-8ef2-99198efc3a69', 207, 'unlisted', 'Aggressive Rush Strategy', '{"amet commodo nostrud","magna"}', DEFAULT, DEFAULT), ('cdc85c53-30bc-5c6e-91cc-2af72696e64b', 'af85f96c-efbd-584c-bdd4-26c4e2f3e556', 204, 'private', 'Objective Focused Strategy', '{"nulla velit occaecat esse","elit et magna irure","exercitation minim sunt labore","pariatur in mollit","laborum dolore cillum mollit","dolor eu"}', DEFAULT, DEFAULT), ('a0fe813c-8a2e-57ff-8950-530eb72350cc', '2f76c526-de17-58f1-a75e-aee239f7ed57', 201, 'public', 'Aggressive Rush Strategy', '{"magna commodo dolore ipsum","cupidatat laboris qui"}', DEFAULT, DEFAULT), ('3dcb1c72-1f38-50a2-8a79-9f8b83862a0b', '9b1fc781-1e4e-56d2-bd68-0dc257a319c0', 210, 'public', 'Baron Control Strategy', '{"sit","laborum minim voluptate Lorem","reprehenderit","pariatur mollit ut sunt id","ut non","cillum aliqua pariatur","irure"}', DEFAULT, DEFAULT), ('b529db67-e1b4-5e7d-9a32-267867bbcbad', 'cd80d13e-478f-5058-8dfd-e20a76013cb5', 201, 'public', 'Early Game Dominance Guide', '{"incididunt sit aliquip","incididunt mollit esse fugiat ex","dolor exercitation","cupidatat nulla aliquip"}', DEFAULT, DEFAULT), ('89b21cb6-fbf3-585a-b9c1-304fad97258b', 'cd1520c4-af17-5e1e-b5b0-a9e95f36a7c4', 202, 'unlisted', 'Vision Control Blueprint', '{"irure anim ullamco","enim dolor reprehenderit","consequat voluptate nisi do cons"}', DEFAULT, DEFAULT), ('8af27ce1-15c1-5703-a4c5-07ea669df0c7', '45173bfe-a11f-574a-ac25-21cda1308ec9', 204, 'public', 'Late Game Scaling Strategy', '{"commodo laboris","aliqua cillum commodo sunt do"}', DEFAULT, DEFAULT), ('e9960db1-b450-5d20-820c-87fab4f40dc8', '756cbb59-27d6-58f3-b4b9-8b56121e683f', 210, 'private', 'Vision Control Blueprint', '{"anim laborum pariatur ea","aute incididunt dolore reprehend","sunt consequat quis voluptate","adipisicing"}', DEFAULT, DEFAULT), ('2dd10f1f-4836-53b2-b2b6-ae71861e43d0', '26f7bb6a-3c9c-5b30-b11b-be5ebfb91948', 208, 'private', 'Roaming Support Plan', '{"ex","consectetur amet veniam do","qui reprehenderit adipisicing"}', DEFAULT, DEFAULT), ('09d4e842-df61-577d-8d06-00daf3b676e2', 'c379a417-3b5c-5e05-a7ca-c545e0d33c70', 203, 'unlisted', 'Early Game Dominance Guide', '{"enim excepteur","sint magna laboris ea","nulla incididunt consequat","magna id adipisicing","anim ea eiusmod consectetur","excepteur non laborum","adipisicing laboris ea laboris"}', DEFAULT, DEFAULT), ('6fe4789e-9a02-5c94-8c81-5bb4cffd7850', '9a2c5b91-3c65-50ae-8188-68db1f1edfc4', 203, 'public', 'Siege Tactics Handbook', '{"fugiat id pariatur eiusmod","reprehenderit enim"}', DEFAULT, DEFAULT), ('62834a20-27ac-5894-8947-a4e2ffb67f5b', '051188d3-54fa-59f4-adc8-b929fcb2c826', 206, 'unlisted', 'Rotation Strategy Document', '{"consectetur do","ipsum enim officia","ut excepteur est do eu","non sit et non","sint velit nisi","aliquip voluptate pariatur aliqu","minim","esse anim adipisicing voluptate","qui sit"}', DEFAULT, DEFAULT), ('ce25e6d7-50b4-50c3-8210-685ee22346f3', '7d0c4d54-58ae-5ddf-b108-590171e8655a', 201, 'unlisted', 'Gank Heavy Approach', '{"nulla","sit pariatur eu exercitation con"}', DEFAULT, DEFAULT), ('a4e4a518-fb32-53bf-9d1c-f336f8cd8c45', '5f651c76-ceba-56db-bd60-512d4079ec53', 207, 'public', 'Late Game Scaling Strategy', '{"cillum consequat"}', DEFAULT, DEFAULT), ('d5862a76-70cd-55db-a302-365d7ec101f5', '349111f0-5b40-5b21-aeff-8af2b228d28f', 210, 'public', 'Wave Management Plan', '{"esse","reprehenderit voluptate ipsum eu","consectetur eiusmod duis mollit","amet eu"}', DEFAULT, DEFAULT), ('fff5567f-d4a5-542e-ba70-1119521ca0cb', 'b737f334-53a3-585e-98d7-69fce744e35e', 207, 'public', 'Defensive Turtle Tactics', '{"excepteur adipisicing","nisi","Lorem velit","proident cupidatat","quis et culpa fugiat incididunt","quis nisi duis in","esse pariatur"}', DEFAULT, DEFAULT), ('48abaf7b-d65e-5371-8d5f-1be4621911e6', 'ad276812-3b86-5425-b36a-d822f2860912', 201, 'unlisted', 'Baron Control Strategy', '{"qui commodo est voluptate labori","quis irure laborum id","enim esse labore ullamco"}', DEFAULT, DEFAULT), ('05b8ebd6-06e1-5ce6-85d9-1fda124d11b0', 'f5d8c620-973f-509a-b5b1-dc1e889a22a1', 203, 'unlisted', 'Objective Focused Strategy', '{"quis culpa do occaecat exercitat","ullamco dolore","officia cillum dolor esse nisi","sunt et","cillum proident adipisicing magn","laboris esse non ullamco"}', DEFAULT, DEFAULT), ('be5a4c70-a4ff-57c0-8c2c-437a6d77f25c', 'bbcbd7eb-4377-550e-af45-f77d693d98fe', 210, 'public', 'Vision Denial Blueprint', '{"fugiat proident quis laborum cup"}', DEFAULT, DEFAULT), ('e6ff83af-5ec2-537d-b04b-784bd77a5871', 'd35ecca3-ac35-5e28-8e7e-6a25de908d18', 204, 'private', 'Split Push Blueprint', '{}', DEFAULT, DEFAULT), ('dc9bffb4-1647-5c5d-8c1f-d89500e89900', 'a9752d0c-ade4-58c6-b746-1b9df56a3d08', 202, 'unlisted', 'Defensive Turtle Tactics', '{"eiusmod sit culpa ullamco","tempor minim anim non","ex Lorem minim labore","minim excepteur non","nisi consectetur dolor cupidatat"}', DEFAULT, DEFAULT), ('ec767a01-17bb-518c-9633-78ebc8caded3', '70e095a9-713d-5fe2-a06a-8145febdb917', 206, 'private', 'Baron Control Strategy', '{"fugiat cillum sint sunt","cupidatat","eu ipsum quis"}', DEFAULT, DEFAULT), ('6c642b40-bb15-55fa-9319-9c100d27adc7', '699a803c-69a7-58fb-805f-9c44bce0b12d', 209, 'private', 'Vision Denial Blueprint', '{"excepteur et ullamco","nulla cupidatat"}', DEFAULT, DEFAULT), ('197f52e9-f9b3-54a3-a900-9ddcd2cd98d5', 'e9decb87-4a50-5c41-896c-16fe0d21ebca', 203, 'unlisted', 'Vision Control Blueprint', '{"nostrud","magna in in pariatur","labore","eu veniam proident laborum","nisi id","in mollit proident nostrud excep","pariatur non","ipsum enim consequat commodo do","deserunt est"}', DEFAULT, DEFAULT), ('b239ffdb-847f-5400-b1f9-97e186ea36bc', '2f76c526-de17-58f1-a75e-aee239f7ed57', 201, 'private', 'Wave Management Plan', '{"exercitation labore laboris","in ut","sit"}', DEFAULT, DEFAULT), ('c3124970-b58c-5748-8a01-4ba1d7466b2b', '6843e0c5-7d9d-55cf-a335-436ba5672a4d', 210, 'unlisted', 'Objective Focused Strategy', '{"excepteur id reprehenderit","deserunt enim eiusmod dolore","cillum ullamco officia excepteur","sint aute in","laborum quis ullamco nisi ad","elit quis labore minim","minim nostrud do tempor","nulla laboris tempor mollit","occaecat et magna cillum"}', DEFAULT, DEFAULT), ('2fbdef88-7d4a-5528-bb59-74f725709563', '9bf2ad50-cccb-50eb-8269-3a7e78bd21f5', 203, 'private', 'Map Control Blueprint', '{"fugiat cupidatat","Lorem aute","ad consequat laborum commodo sit"}', DEFAULT, DEFAULT), ('a03637de-3a86-5f2c-a9a1-71bb222f301f', 'c9f9ed6b-3ed1-5d46-9201-51000bdf47fa', 205, 'private', 'Aggressive Rush Strategy', '{"tempor reprehenderit nostrud tem","eu exercitation occaecat veniam","excepteur adipisicing proident s","dolor adipisicing","et dolor do ex"}', DEFAULT, DEFAULT), ('536d5b0c-dc7c-598f-8fa0-b21c4cd85d48', '09bca3f4-0d37-5f5a-b637-9d7942a17cff', 206, 'unlisted', 'Counter Pick Blueprint', '{"sit officia","elit voluptate pariatur","quis deserunt","do cillum aute"}', DEFAULT, DEFAULT), ('f04b6b4b-d5ea-517f-8a7d-71713980487c', 'f46ce5c6-3097-5b5d-8213-37b749a8664f', 209, 'unlisted', 'Rotation Strategy Document', '{"dolor nisi ex tempor","cupidatat ut laborum","dolore","ea do pariatur cupidatat","laborum aliqua cillum officia","incididunt Lorem ex","ex laboris ex aliqua","irure eu"}', DEFAULT, DEFAULT), ('363e1d5b-f7b0-5ee0-a43a-f471f9cf9338', '3c6d504a-3b43-5117-a71b-e844b07b3920', 202, 'private', 'Late Game Scaling Strategy', '{"laboris labore","id laborum velit","enim exercitation","sunt duis enim","incididunt fugiat","ex"}', DEFAULT, DEFAULT), ('edcc2203-6787-52aa-bc0b-a6dcc59388be', 'd267e1b9-665d-5421-bb3b-be698dae48a8', 205, 'public', 'Vision Control Blueprint', '{"esse exercitation amet labore","in"}', DEFAULT, DEFAULT), ('474b1c92-271b-5e78-878e-3e82398a6e7c', 'a727f58e-5d42-555f-a07e-84196ea16b24', 202, 'unlisted', 'Jungle Control Playbook', '{"adipisicing irure culpa"}', DEFAULT, DEFAULT), ('8997d96a-4a2f-5fcd-a0a2-88e875f8bba7', 'af85f96c-efbd-584c-bdd4-26c4e2f3e556', 204, 'unlisted', 'Split Push Blueprint', '{}', DEFAULT, DEFAULT), ('f61f0c83-60cb-5fa8-a27a-67e606b63adb', '21a7e579-98a3-5757-a0a8-913f2da95aba', 206, 'private', 'Defensive Turtle Tactics', '{"consequat","laboris aute","minim","et aliquip","proident anim enim irure"}', DEFAULT, DEFAULT), ('30d213ab-4615-5d8b-abee-5b4875c8bfdf', 'ac772386-a452-5d18-88c7-396c2a71eb0b', 202, 'private', 'Roaming Support Plan', '{"velit aute","consectetur","enim sint duis nulla qui","commodo eiusmod","cupidatat officia dolor mollit","eiusmod quis","enim consequat ullamco consequat","in exercitation eu"}', DEFAULT, DEFAULT), ('7d042aff-1b5b-531f-917f-48f2d58d33c7', 'e5b4727f-be5e-52c0-83cb-cb7ba230945f', 206, 'private', 'Team Fight Execution Plan', '{"elit excepteur et","laborum proident","nisi amet eu pariatur","incididunt","labore exercitation"}', DEFAULT, DEFAULT), ('30e1e77d-2bcf-5591-97ec-d99bd552d8f0', 'f8151e07-b0ba-57cb-b13b-f8463f48e7fa', 202, 'public', 'Vision Denial Blueprint', '{"duis et elit in"}', DEFAULT, DEFAULT), ('d53a4a7c-125e-52cd-8ba3-aa3916f71140', '79144a06-0314-5d41-8df1-e53dfcb6f109', 202, 'unlisted', 'Vision Control Blueprint', '{"cupidatat ipsum voluptate","irure occaecat ipsum","reprehenderit officia","nulla anim","do fugiat ea magna"}', DEFAULT, DEFAULT), ('47f797b2-50c1-56af-abe6-0081dabe5efd', 'e25e0c45-28e1-5923-b63d-64b8ddeff422', 207, 'private', 'Counter Pick Blueprint', '{}', DEFAULT, DEFAULT), ('3ebbec39-d360-5461-b442-70abf723c8b8', '1497705a-df0e-5f8d-988d-61adba7199e0', 204, 'private', 'Aggressive Rush Strategy', '{"adipisicing officia sit ipsum ex","ex proident dolor proident","reprehenderit","fugiat sit voluptate tempor"}', DEFAULT, DEFAULT), ('3821efb6-356e-53bd-8a0b-239426475be5', 'cf2e12ac-941e-5dbb-b044-ab0b13ab4af7', 203, 'public', 'Siege Tactics Handbook', '{"officia minim","nisi labore do"}', DEFAULT, DEFAULT), ('f62571e6-585e-5709-b04e-861b7f3db2d2', '8babc841-00b0-585f-9ca3-85ef68fec1f7', 202, 'public', 'Roaming Support Plan', '{"dolore","sit"}', DEFAULT, DEFAULT), ('f706ef0d-b4c8-54ee-ba4a-8f6af14717f8', '756cbb59-27d6-58f3-b4b9-8b56121e683f', 202, 'unlisted', 'Counter Pick Blueprint', '{"elit magna","consectetur magna ipsum in","exercitation incididunt officia ","nulla fugiat amet eu","incididunt incididunt","duis incididunt","elit"}', DEFAULT, DEFAULT), ('da6a602b-9dc0-5e13-87e9-323f368838a2', 'cf1d2e5e-3a18-5518-8e4c-387978992b8a', 210, 'unlisted', 'Gank Heavy Approach', '{"non quis","est in Lorem","sit","ea commodo reprehenderit","fugiat in reprehenderit velit","veniam ea ullamco adipisicing cu"}', DEFAULT, DEFAULT), ('ae022a2e-97fe-53d7-ace2-f700a65995e2', '3adfc207-aaeb-5fa1-b329-eb7ef2061320', 209, 'unlisted', 'Jungle Control Playbook', '{"elit reprehenderit nisi pariatur","mollit nulla"}', DEFAULT, DEFAULT), ('7f27719e-c551-5cfa-ab24-3e6a917bc77f', '66e9a4f5-02a0-54af-823e-5e95c7ab9df1', 206, 'public', 'Vision Control Blueprint', '{"in ea","nisi Lorem","culpa ullamco commodo","mollit minim","deserunt nisi","aliqua","velit aliquip dolore","nostrud irure"}', DEFAULT, DEFAULT), ('a7afe8c7-8469-5a59-9246-cc18b3ce4b7b', 'ac9f0e3e-b030-584f-a8dd-87355fe22537', 203, 'private', 'Baron Control Strategy', '{"sint","deserunt officia dolore","aliquip ipsum laboris labore"}', DEFAULT, DEFAULT), ('8111ec5f-e01a-5ad1-b89a-b7a64419e202', 'd9d9ad5e-1233-511b-bc7d-1f7d6c3d7a35', 209, 'public', 'Vision Denial Blueprint', '{"labore voluptate","consectetur culpa quis","officia magna","irure elit duis minim","fugiat ipsum do","quis voluptate sunt","excepteur eiusmod magna dolor","anim laborum laboris voluptate e","nostrud commodo culpa Lorem"}', DEFAULT, DEFAULT), ('af41c136-c26c-5e1c-81f1-2d9f923ca606', '7f78fee3-dd27-5696-858f-318bd4cbf2a8', 206, 'public', 'Aggressive Rush Strategy', '{"anim","veniam aliqua","Lorem non consequat reprehenderi","voluptate reprehenderit","esse"}', DEFAULT, DEFAULT), ('7594efe5-aff1-5874-a5ed-4a9edc7b66bf', 'eeba85da-b4f7-5195-887e-28b7dc8a5236', 207, 'unlisted', 'Defensive Turtle Tactics', '{"enim qui id officia","laboris exercitation voluptate a","ex sint","ullamco","irure elit adipisicing dolor","velit aute officia laboris nostr","esse sint","eu"}', DEFAULT, DEFAULT), ('ee2f9514-a689-5e06-84f0-7f27b56a3774', '70e095a9-713d-5fe2-a06a-8145febdb917', 210, 'private', 'Aggressive Rush Strategy', '{"Lorem pariatur sunt","sunt pariatur dolore ipsum"}', DEFAULT, DEFAULT), ('59ac239c-144e-5ca7-b3e8-b97418726740', '54473828-0225-5307-b53c-7a0fc46ac63c', 203, 'unlisted', 'Early Game Dominance Guide', '{"aute","Lorem sit","amet consequat anim et","aliqua minim","irure eu laborum excepteur","ex deserunt ex"}', DEFAULT, DEFAULT), ('7992b22f-6c16-50ae-ae54-fd84bedb78e7', '6a3486ce-c3fa-519b-8ad1-f329a5c3ee43', 204, 'public', 'Jungle Control Playbook', '{"duis excepteur sint","est laborum reprehenderit"}', DEFAULT, DEFAULT), ('eeb6a56c-bf20-5164-a9c4-2438947a1635', '290e51c6-7ff6-5db4-8f40-69dda051b66c', 201, 'public', 'Split Push Blueprint', '{"aliquip","laboris magna dolore sunt ex","eu anim et consequat"}', DEFAULT, DEFAULT), ('ba263b84-62af-5be6-a1da-34f8a9b1c708', '110efd29-2979-5c30-b41f-b3bf832f48cd', 208, 'public', 'Team Fight Execution Plan', '{"consequat","fugiat ex pariatur","commodo deserunt","mollit do aute ipsum duis","irure esse","qui culpa minim enim","consectetur reprehenderit","ea nisi labore et"}', DEFAULT, DEFAULT), ('0eda511d-00fb-5edd-a94c-61620ced28e5', 'e9decb87-4a50-5c41-896c-16fe0d21ebca', 203, 'private', 'Defensive Turtle Tactics', '{"est duis nostrud","aliquip","ipsum tempor"}', DEFAULT, DEFAULT), ('4a82ca5f-1296-51b0-9319-05459a439c92', '95c65795-b9a1-572f-87ae-6fa70b020fbb', 209, 'unlisted', 'Team Fight Execution Plan', '{"deserunt ipsum commodo dolore","sunt anim sunt labore irure","nisi nisi ipsum commodo officia"}', DEFAULT, DEFAULT), ('230e6990-91f4-5dc7-b6bc-229a44985e25', '0a9347d2-3396-5e6a-98f1-b406ca195226', 202, 'private', 'Gank Heavy Approach', '{"dolore laboris laborum","tempor exercitation do consectet","incididunt","dolor est incididunt"}', DEFAULT, DEFAULT), ('01a97da4-f21e-511b-9160-a834d5d7f82e', 'a69d43fa-2222-5203-b590-140e62599451', 203, 'unlisted', 'Split Push Blueprint', '{"ipsum ea","in magna","esse voluptate","sint pariatur amet ad anim","consequat aute","excepteur dolore enim ex"}', DEFAULT, DEFAULT), ('1c5613fb-a627-5391-a9ff-0cc49d9b395b', '5cdb9712-16b6-532e-9cc7-8cf7dfbe9b6b', 206, 'unlisted', 'Early Game Dominance Guide', '{"ullamco proident","irure mollit cupidatat","et","irure","consectetur non aute ea ipsum"}', DEFAULT, DEFAULT), ('69b55afa-a769-5eae-849b-0607118f6f38', '76980724-1543-5820-bc77-ff5f445e7244', 207, 'public', 'Aggressive Rush Strategy', '{"nulla ad veniam voluptate","cillum ea anim fugiat occaecat","ad eiusmod veniam labore","aute reprehenderit nulla","nulla","consectetur esse","quis cupidatat eiusmod nulla","magna"}', DEFAULT, DEFAULT), ('5653d3f7-e466-5b59-9cc7-02634d975655', 'fd2a8113-662a-5782-9e12-f7b49eee56e0', 210, 'unlisted', 'Wave Management Plan', '{"eiusmod sit veniam aliqua","occaecat anim","fugiat sint","sunt occaecat ut","incididunt Lorem nulla officia"}', DEFAULT, DEFAULT), ('11917a47-b89e-5663-8d37-049fe2bf5b34', '646b32cc-2525-5418-a0f1-5c9ced471b05', 202, 'unlisted', 'Late Game Scaling Strategy', '{"ullamco"}', DEFAULT, DEFAULT), ('c68ff46b-b1a9-581e-aa43-737e3b976580', 'fbbb9719-f3d1-5ce2-b584-4b70bf5bb135', 203, 'unlisted', 'Objective Focused Strategy', '{"ipsum nisi eiusmod","laboris consequat qui et","anim qui minim ea","mollit nisi dolore"}', DEFAULT, DEFAULT), ('e8d13e33-32bc-5c1a-9371-8f828965d869', 'a727f58e-5d42-555f-a07e-84196ea16b24', 206, 'public', 'Early Game Dominance Guide', '{"adipisicing aliquip culpa","id commodo id","velit enim dolore labore","labore ad minim","velit nostrud deserunt consequat","minim cupidatat consequat","et eiusmod"}', DEFAULT, DEFAULT), ('79cca71d-1dd7-5b78-9e31-229bb9872504', '110efd29-2979-5c30-b41f-b3bf832f48cd', 204, 'public', 'Wave Management Plan', '{"dolore tempor nisi"}', DEFAULT, DEFAULT), ('cdf1b1e3-61cd-52e6-b86e-eec98ea71e23', '844afdcc-93cf-55c8-b0f1-1cc22329a30b', 208, 'private', 'Siege Tactics Handbook', '{}', DEFAULT, DEFAULT), ('98ea8abd-4f3f-5750-b436-afb8aa79fb82', '549980e7-3e77-5d76-b263-84664d04b209', 207, 'private', 'Wave Management Plan', '{"dolore non","in mollit"}', DEFAULT, DEFAULT), ('bc227bd7-3214-5075-bca0-3f60046ac216', '2d1d7734-be70-5d07-a538-e76c6cae722e', 204, 'unlisted', 'Map Control Blueprint', '{"laborum fugiat ut","aliquip cupidatat","non","cupidatat ad est ipsum","ipsum voluptate dolore aliqua ex","velit consectetur duis tempor","ex id incididunt id irure","reprehenderit id cillum Lorem"}', DEFAULT, DEFAULT), ('8fd84214-96a6-5d6c-8437-0646145f15a1', '8c5ef042-1b14-56ed-adba-e25d3960a3cf', 204, 'unlisted', 'Split Push Blueprint', '{"in ea veniam sint","reprehenderit","pariatur sint consectetur"}', DEFAULT, DEFAULT), ('7b269807-4fdc-5847-8a5c-807ffa02f953', '79144a06-0314-5d41-8df1-e53dfcb6f109', 210, 'public', 'Aggressive Rush Strategy', '{}', DEFAULT, DEFAULT), ('cf8258c4-f278-5c75-a944-c2bcba526ad4', '2daf5548-f681-577a-9912-670e1304b2ad', 209, 'private', 'Objective Focused Strategy', '{"laborum adipisicing id cillum ir","laborum tempor nisi"}', DEFAULT, DEFAULT), ('2e51b4b0-68ac-5e21-94a2-b7afb1b16016', 'fb634118-b8a6-50b7-9010-0317dd27fba6', 203, 'unlisted', 'Objective Focused Strategy', '{"officia exercitation consequat e","ipsum dolore","sit pariatur enim id","voluptate tempor proident ut","incididunt enim reprehenderit id","ex deserunt proident","culpa","deserunt sint dolor voluptate","et occaecat consectetur reprehen"}', DEFAULT, DEFAULT), ('6e9d8d45-1d4b-5cdd-92c5-76194015ba99', 'b32027db-33da-5dc2-b906-e0c2a06ac683', 210, 'unlisted', 'Team Fight Execution Plan', '{"quis aute consequat anim","excepteur nulla amet culpa"}', DEFAULT, DEFAULT), ('fac7e894-3f38-5663-bc98-486c88732ea4', 'b5605791-3389-56c2-9ec6-17d538b9bb85', 209, 'public', 'Objective Focused Strategy', '{"et quis","nulla","in et qui laborum","eiusmod enim","duis ipsum","Lorem quis consectetur adipisici","cupidatat est sint excepteur"}', DEFAULT, DEFAULT), ('7d360079-2c18-5c6d-a1b8-85eb411ace3d', '1d734ef3-200a-5767-950c-960f29e166e0', 208, 'unlisted', 'Aggressive Rush Strategy', '{"commodo sit velit minim","et fugiat ex ipsum","anim aute eu ad","consequat","deserunt occaecat dolore est lab","ea","eu nostrud","laboris excepteur","amet ullamco dolor ad qui"}', DEFAULT, DEFAULT), ('be194c18-6eee-5ff6-a117-608bade8a86e', 'fc295a44-56fb-5a65-beee-66fd6554ae26', 207, 'private', 'Vision Control Blueprint', '{"magna","ea non","ut mollit","est sit qui","elit ullamco dolor","cupidatat mollit","Lorem non","eiusmod labore adipisicing","do consequat magna labore dolor"}', DEFAULT, DEFAULT), ('74297878-a21d-59b7-aced-265d4a9f30fa', '3c19e2d6-1e17-5580-adbc-319ee6c74e3c', 210, 'public', 'Gank Heavy Approach', '{"nisi","labore sunt anim"}', DEFAULT, DEFAULT), ('a0c5fdb3-1581-541b-b560-7473e0935643', '43bcab14-4a69-5e60-a07f-cda2fe595a2a', 202, 'unlisted', 'Jungle Control Playbook', '{"fugiat labore","minim aliquip eu laboris mollit","qui reprehenderit fugiat nulla n","tempor ex mollit","nisi","pariatur consequat dolor nostrud","est","deserunt proident velit anim","duis consequat ea"}', DEFAULT, DEFAULT), ('5bf01130-69dd-5547-acc0-717bf1395fda', 'b67e09de-df70-515b-91d0-6e53f3b4a58a', 210, 'unlisted', 'Vision Control Blueprint', '{"sunt commodo est pariatur ullamc","labore eiusmod","eiusmod est","ea","sunt consectetur adipisicing","aliquip","adipisicing minim cillum","incididunt quis veniam occaecat","dolore eu incididunt","aliquip dolor"}', DEFAULT, DEFAULT), ('1e052062-4999-589c-af48-bc4a3df69d05', '3d4df0ce-5a7f-53e4-b486-95faf0a09720', 208, 'private', 'Secure Objective Playbook', '{"dolore amet","do nisi","laboris eiusmod","est et nulla"}', DEFAULT, DEFAULT), ('38b49ca8-b50c-5e98-af9e-9c3898d28f8f', '3af5be38-b117-5675-8d7a-e27a1a34e8a8', 209, 'private', 'Aggressive Rush Strategy', '{"eu minim do labore","dolor","cupidatat ad velit tempor deseru","non minim anim esse Lorem"}', DEFAULT, DEFAULT), ('9b261f2f-f0b0-57c3-9c3a-156a89bfc9aa', '2da4149c-bf3e-5f98-b904-591c69530871', 207, 'unlisted', 'Secure Objective Playbook', '{"veniam ea","minim","pariatur eu esse esse","aute","nostrud pariatur","ullamco","proident aute dolor adipisicing"}', DEFAULT, DEFAULT), ('2d9d0644-e0d8-5f5d-84c2-071cd2c099ce', '84aabd0a-31ea-5dd5-9e39-ce95a07d2009', 201, 'public', 'Defensive Turtle Tactics', '{"anim velit","ipsum officia irure do","quis aute do ullamco","laborum consectetur","elit ad","proident nostrud","eiusmod laboris","quis incididunt ea veniam","deserunt elit","nostrud minim deserunt occaecat"}', DEFAULT, DEFAULT), ('b8c7a039-d039-57f7-bd1e-253b05ef8c03', '811570ef-0b81-508d-ba05-2f5e812d4131', 202, 'private', 'Vision Denial Blueprint', '{"cillum velit","do non","qui id aute officia ipsum","quis id","do esse ad"}', DEFAULT, DEFAULT), ('110d19c8-9e0d-5f75-a721-b94eb9080526', '09204188-e618-5728-88fc-034120742c41', 202, 'private', 'Objective Focused Strategy', '{"aute cillum velit tempor","enim cillum ad non","reprehenderit","labore ea exercitation","culpa enim cillum pariatur"}', DEFAULT, DEFAULT), ('09923517-e55a-5deb-98cb-d64b27c0ab72', '6ae168d9-ec9f-5cc8-9efc-a8418f6ebd72', 209, 'unlisted', 'Baron Control Strategy', '{"officia pariatur","occaecat consequat","commodo ullamco","dolor sit","elit id officia","commodo officia","officia ullamco sunt cupidatat"}', DEFAULT, DEFAULT), ('e5bd85d5-1f62-5598-9176-4bfd393badbe', '76980724-1543-5820-bc77-ff5f445e7244', 204, 'public', 'Vision Denial Blueprint', '{"do Lorem est aute culpa","ad esse nulla occaecat","duis ut sunt aliqua","laboris cupidatat","commodo esse proident","duis mollit","quis id","aliquip minim","deserunt velit ex laboris"}', DEFAULT, DEFAULT), ('e8eb7547-d359-5d88-afb0-cca98349d023', '9a52e2af-cb63-5ab2-95a7-ae32f01d6a1c', 208, 'public', 'Counter Pick Blueprint', '{"amet nisi nostrud quis","enim","sint ullamco ea","non cillum duis laborum","eu ipsum","amet in proident","reprehenderit aliqua"}', DEFAULT, DEFAULT), ('0e4135c9-4c74-5717-9ee1-cbbb37873838', 'd35ecca3-ac35-5e28-8e7e-6a25de908d18', 210, 'public', 'Team Fight Execution Plan', '{"quis deserunt elit nostrud","tempor nulla esse nostrud magna","cupidatat dolor in","irure voluptate","ea irure","non ipsum exercitation nisi id","do sit","esse irure ut","anim id"}', DEFAULT, DEFAULT), ('eb9d24ec-f15e-5e4f-870e-dd537efcd168', '9bf2ad50-cccb-50eb-8269-3a7e78bd21f5', 201, 'private', 'Counter Pick Blueprint', '{"minim nisi","adipisicing ea dolore nisi","consectetur amet non","magna elit","commodo nulla irure occaecat par","et voluptate amet","aliqua labore","reprehenderit","aliqua ex","anim consequat"}', DEFAULT, DEFAULT), ('688a2e3c-848e-5787-bd83-705a15229924', '5d378209-1fd5-506f-8b3f-511a16489d69', 203, 'unlisted', 'Counter Pick Blueprint', '{"proident commodo sit quis magna","ut consequat"}', DEFAULT, DEFAULT), ('a042a037-2e40-50ce-ae48-3f063c3067bb', '6653ef95-0532-561d-a71b-05f5c1bc302b', 208, 'unlisted', 'Roaming Support Plan', '{"proident mollit nisi magna ipsum","incididunt est velit voluptate","est"}', DEFAULT, DEFAULT), ('cb4eaa5a-1f18-571e-9566-4c1753ad9134', 'ddb44318-7e83-5b4d-8ba4-3bbd19edd327', 204, 'private', 'Vision Control Blueprint', '{"minim cupidatat dolore","est excepteur et culpa","magna dolore commodo","irure","ea reprehenderit minim","aute excepteur adipisicing et"}', DEFAULT, DEFAULT), ('2076216c-1b19-5f7f-b10d-db3cae2b4567', '81cd6138-b0c3-5d83-86b9-8143c909421b', 204, 'private', 'Defensive Turtle Tactics', '{"anim eu ea Lorem","adipisicing dolor sit nostrud do","sint occaecat Lorem ad","magna ad non","id minim non laborum","excepteur do","proident sint eiusmod","occaecat ea","pariatur dolor sunt consectetur"}', DEFAULT, DEFAULT), ('a0bd7980-cac4-5ded-adc5-004548282723', '8b474939-245b-5ed9-b06a-21432e2b9115', 202, 'unlisted', 'Vision Control Blueprint', '{"do voluptate consectetur excepte"}', DEFAULT, DEFAULT), ('e94657cc-5d4a-53ce-8902-19b99712c3c6', '3dbd7acc-a0c5-5607-8378-ec8dc206b269', 202, 'unlisted', 'Vision Control Blueprint', '{"dolor sint laborum","aliquip do","elit ea pariatur est","quis","et qui","ullamco"}', DEFAULT, DEFAULT), ('cdee6d23-791e-5a74-aba4-6e6c1b3863e7', '3de7919f-8a6e-5a5a-ad06-07f2ad53b96d', 204, 'unlisted', 'Baron Control Strategy', '{"id nostrud velit","fugiat cillum voluptate","tempor nisi sunt sunt officia","esse amet enim","enim aliqua anim","tempor consequat officia","mollit ad","esse ea reprehenderit laboris"}', DEFAULT, DEFAULT), ('d5a4641d-8cbb-5fd0-89e3-ac12979b690c', '7e8beeb3-7ee9-5191-900a-86dc6213ec6c', 204, 'unlisted', 'Secure Objective Playbook', '{"eiusmod consequat consequat ex e","enim et","ullamco aliqua","duis Lorem minim","eiusmod excepteur est voluptate","nisi dolore deserunt occaecat al"}', DEFAULT, DEFAULT), ('ab58f5b2-4308-5685-a477-a4b54637b2a0', '626028b2-23d2-53a4-aca9-9c9cc4158e30', 201, 'unlisted', 'Roaming Support Plan', '{"magna elit eiusmod","laboris fugiat nisi ea anim","amet in elit","cupidatat","amet irure eiusmod","pariatur excepteur officia velit","reprehenderit consectetur laboru","dolor aliquip"}', DEFAULT, DEFAULT), ('025da8e7-6d47-53be-9689-b0604284733b', 'e93ac05b-5c6e-5233-8fb4-6d181ade2e59', 208, 'unlisted', 'Gank Heavy Approach', '{"amet ex do quis","consequat","anim sit","quis ex","mollit reprehenderit","minim officia adipisicing ipsum"}', DEFAULT, DEFAULT), ('cfc01e92-0e9c-5f58-b116-ac73af2ff344', '405dd580-b1c8-5c0e-9df0-d82b7f57175d', 209, 'private', 'Baron Control Strategy', '{"deserunt excepteur","ex labore do","aute nostrud","irure exercitation","tempor nisi sint non velit","sint sint minim adipisicing duis","aliquip amet"}', DEFAULT, DEFAULT), ('6c7a0737-5d09-56f1-9a60-9ca811b68d40', '583774ae-7432-5503-850f-867e82c0838b', 206, 'public', 'Late Game Scaling Strategy', '{"cillum","veniam aliquip","magna irure do exercitation esse","excepteur enim","pariatur adipisicing nostrud qui","ad irure occaecat eu officia","Lorem adipisicing","dolor elit mollit veniam","culpa aliquip adipisicing deseru"}', DEFAULT, DEFAULT), ('b74b781d-f3ca-5ce2-a262-c20f23455d05', '3a804324-748d-571a-afad-6b9c20a35337', 201, 'private', 'Team Fight Execution Plan', '{"quis sint","reprehenderit do quis eu mollit","occaecat","laborum cupidatat","esse est ad","commodo dolor aliquip","pariatur minim","culpa in","adipisicing aute eiusmod tempor"}', DEFAULT, DEFAULT), ('ae76c1cf-66c9-5bf7-8fc8-d1e1260ab8bd', '84d2e38f-9f57-573c-beee-7b9678c403c3', 204, 'public', 'Jungle Control Playbook', '{"aliquip"}', DEFAULT, DEFAULT), ('3267d96d-4a33-5c13-9ef8-eb9652f76262', '59d8bfe4-2c84-5707-a356-dbe1eb5eec54', 205, 'public', 'Late Game Scaling Strategy', '{"adipisicing veniam eu voluptate","qui labore"}', DEFAULT, DEFAULT), ('272ce823-3f81-5671-93a8-93655178aa67', '0fa12fcf-97e2-5065-a698-e366ca117702', 209, 'unlisted', 'Counter Pick Blueprint', '{"proident labore Lorem","ea commodo nisi","amet ea ad","magna culpa","proident aliquip ea","occaecat ea commodo qui","velit","sit","consectetur cupidatat","nulla adipisicing non sint elit"}', DEFAULT, DEFAULT), ('0cd365ac-6479-5889-b532-b02ce5d93b9f', 'd00c085d-72d6-5114-a5fd-ba818539c2f7', 201, 'unlisted', 'Wave Management Plan', '{"esse reprehenderit duis"}', DEFAULT, DEFAULT), ('d1c31a1f-140d-5b01-95f7-3fc15003186c', '438bff0e-fd50-5c86-89ee-d397a0c0e548', 202, 'public', 'Baron Control Strategy', '{"ullamco magna","eiusmod aute","ex","sit ipsum ad","in elit","ex duis ut"}', DEFAULT, DEFAULT), ('139e14ed-bbf1-5d48-a6cc-84c72c891164', '8b7e423b-b9b9-5b3c-bf3d-1aa45d16235c', 204, 'unlisted', 'Jungle Control Playbook', '{"cupidatat dolor magna ad","ullamco deserunt incididunt cill","deserunt voluptate","duis qui","nostrud anim cillum aliquip","officia fugiat cillum minim cill","reprehenderit nulla qui veniam i","eu esse labore consectetur"}', DEFAULT, DEFAULT), ('586f1ac8-f524-5f8c-88e2-184c02d5ef6d', 'abf8504a-2cfc-5a9d-a5d2-31dccd8bf00f', 210, 'private', 'Aggressive Rush Strategy', '{"labore consectetur","minim anim exercitation ullamco","aute anim","esse","occaecat in tempor"}', DEFAULT, DEFAULT), ('62075432-2441-5ae8-a3d3-0c53f1490707', '3c6d504a-3b43-5117-a71b-e844b07b3920', 206, 'public', 'Vision Denial Blueprint', '{"officia reprehenderit","eiusmod sit"}', DEFAULT, DEFAULT), ('7e2a3012-f429-5959-8e79-e27f888f9ce7', '1497705a-df0e-5f8d-988d-61adba7199e0', 203, 'public', 'Baron Control Strategy', '{"consectetur magna elit proident","occaecat nisi laboris ut","laborum sint aliqua consectetur","et est duis","ullamco ad","et culpa cillum","ea incididunt Lorem minim","sunt culpa eiusmod in eiusmod","amet","fugiat commodo"}', DEFAULT, DEFAULT), ('b8821e56-73f0-54d5-b485-728d64492250', '76980724-1543-5820-bc77-ff5f445e7244', 203, 'private', 'Gank Heavy Approach', '{"est","qui officia","aute proident ut","cupidatat reprehenderit adipisic","occaecat ipsum","anim minim","eiusmod eiusmod occaecat","eiusmod nostrud duis adipisicing","anim do culpa aute"}', DEFAULT, DEFAULT), ('41c6ea7f-18a9-55e6-b2ba-f0f4f40a17bf', '8926b9fd-34b2-5421-a25c-9cd89c12cad0', 203, 'unlisted', 'Siege Tactics Handbook', '{"commodo dolor"}', DEFAULT, DEFAULT), ('6071eb55-6bca-516b-b2e7-cdcdc70b2f27', 'fe24988b-bca5-5bf5-be0f-c92da7b2cbe1', 204, 'private', 'Rotation Strategy Document', '{"tempor","labore fugiat ut ipsum ullamco","enim exercitation excepteur","laboris magna","quis id elit","ut veniam","minim veniam ea ut","eu cupidatat esse"}', DEFAULT, DEFAULT), ('d7cdb9d2-07a6-5208-bc43-84429587c78d', '59fbbc7c-edc9-5d3c-9170-cf6acabbcd28', 204, 'private', 'Gank Heavy Approach', '{"pariatur adipisicing","occaecat dolor","cupidatat","amet amet"}', DEFAULT, DEFAULT), ('edba76b8-16c2-5d65-8407-7c8846b18c8d', 'a9752d0c-ade4-58c6-b746-1b9df56a3d08', 209, 'private', 'Defensive Turtle Tactics', '{"amet","tempor consectetur cillum","aliqua in ad tempor","irure cillum ut","anim dolore","excepteur sunt anim","et officia","proident proident magna"}', DEFAULT, DEFAULT), ('4961b154-685f-5c2d-b1f1-598100239ea4', 'c15a1a93-cc16-5536-8ab0-42ef9626e379', 202, 'public', 'Early Game Dominance Guide', '{"esse","anim voluptate","minim officia labore nostrud","amet cillum","et","adipisicing in est","consequat amet","in commodo","enim adipisicing","ipsum nostrud id"}', DEFAULT, DEFAULT), ('81b648c1-576c-5086-ba4f-2125060d9cf0', '91434b27-2651-5429-8f42-45c3f8e334a0', 206, 'unlisted', 'Siege Tactics Handbook', '{"aliqua consequat","reprehenderit aliquip sit","enim laboris","sunt fugiat fugiat dolore adipis","eu reprehenderit irure","incididunt elit id","eu qui ipsum deserunt esse","est"}', DEFAULT, DEFAULT), ('edcc20e9-95a3-50eb-b84c-a2ac5801dd1f', 'e7ba2b18-a57c-5b02-9714-d376d9ea922f', 207, 'private', 'Objective Focused Strategy', '{"Lorem sit sint officia qui","amet sint"}', DEFAULT, DEFAULT), ('0f7963e1-2931-5603-b1f8-5f29e095a36f', '3d58489a-e732-5fe3-9fa1-7d8615a17b59', 208, 'private', 'Aggressive Rush Strategy', '{"eu duis amet","qui sunt aliquip incididunt","dolore exercitation sunt culpa","aute veniam aute"}', DEFAULT, DEFAULT), ('d90cf80e-490d-5c8c-85cc-9c761060fca5', 'a3df44c1-25a3-5190-a8bc-004597063afc', 209, 'public', 'Defensive Turtle Tactics', '{"minim sit"}', DEFAULT, DEFAULT), ('84a00f8f-8f65-512e-a89a-396ebb944774', 'a3df44c1-25a3-5190-a8bc-004597063afc', 210, 'unlisted', 'Counter Pick Blueprint', '{}', DEFAULT, DEFAULT), ('24530daa-18f4-5736-824e-740b98d86f84', '51a084b6-d183-5fbc-beeb-9d670865e2cb', 208, 'public', 'Objective Focused Strategy', '{"sunt"}', DEFAULT, DEFAULT), ('cef44dbb-01f1-53f9-a51f-bce20b8c9729', 'db9f2a26-569b-5431-9216-bcd2cf256bbd', 205, 'private', 'Gank Heavy Approach', '{"adipisicing tempor eiusmod","non culpa magna"}', DEFAULT, DEFAULT), ('2f432e43-c578-5d3f-a9f6-658650551fe1', '72d447b0-a4fa-5de7-bb4c-9ff5f169dfea', 207, 'public', 'Vision Denial Blueprint', '{"ipsum velit","esse officia enim cupidatat","exercitation et","non","sint aute velit occaecat ullamco","esse dolore","amet","in id consequat anim","dolor laboris cupidatat amet","anim incididunt do"}', DEFAULT, DEFAULT), ('9e0ad23d-bafe-536b-a992-47ea353cf3b5', 'db9f2a26-569b-5431-9216-bcd2cf256bbd', 209, 'unlisted', 'Gank Heavy Approach', '{"eu cillum nisi cupidatat","nostrud veniam","consequat","nostrud proident sit laborum ull","proident"}', DEFAULT, DEFAULT), ('ba4f3542-9d48-574a-8df6-823d78106037', '8d3f145b-67b0-504d-b49a-d59ecea5d2d8', 205, 'public', 'Defensive Turtle Tactics', '{"ipsum minim do consectetur nulla","esse ipsum deserunt","occaecat irure sunt"}', DEFAULT, DEFAULT), ('d5920fa6-848e-5195-b671-9577ccf74a26', '2f76c526-de17-58f1-a75e-aee239f7ed57', 207, 'public', 'Roaming Support Plan', '{"sint proident","non in occaecat","non sit et","sit sit qui magna","dolore velit aute","fugiat","aliqua sint"}', DEFAULT, DEFAULT), ('60e1ec45-4b3f-5cd2-b9e9-a6fd50c32391', 'ac772386-a452-5d18-88c7-396c2a71eb0b', 210, 'public', 'Vision Denial Blueprint', '{"ipsum ullamco","eiusmod duis","et exercitation","sunt occaecat officia","ipsum","laborum","ullamco","laborum esse veniam","velit esse esse","ad anim amet dolor"}', DEFAULT, DEFAULT), ('4152396c-eaf9-5aeb-9b7d-6c26ad4d722c', 'fbfa0c72-9c6c-54ce-ba23-f1ed2563396e', 208, 'unlisted', 'Defensive Turtle Tactics', '{"enim eiusmod tempor consectetur","qui reprehenderit sit","eu laborum quis ex","fugiat commodo anim ut","exercitation ex","labore Lorem","commodo Lorem culpa ad voluptate","incididunt in aliqua","irure id"}', DEFAULT, DEFAULT), ('82c66b9e-374b-5deb-960b-0b761f066806', 'fd2a8113-662a-5782-9e12-f7b49eee56e0', 206, 'public', 'Late Game Scaling Strategy', '{}', DEFAULT, DEFAULT), ('cb1a8444-be9e-581c-8a1e-9f0d5870d484', 'a6ea6199-2a1a-56d4-b12a-1bf7d32d154c', 201, 'public', 'Wave Management Plan', '{"est excepteur dolor","cillum excepteur"}', DEFAULT, DEFAULT), ('b4086fbf-8b55-5b20-af96-270e53efd260', 'b737f334-53a3-585e-98d7-69fce744e35e', 207, 'unlisted', 'Siege Tactics Handbook', '{"dolor ea adipisicing ullamco con","mollit magna aliquip","consectetur eu","quis ut","Lorem aliquip","culpa irure laborum reprehenderi","labore nulla ullamco eu","occaecat labore","enim nisi non reprehenderit"}', DEFAULT, DEFAULT), ('7dc2a385-02fd-5e9e-8ca3-480d310ce988', '4da5a34b-d621-539d-93ed-4bd842601284', 202, 'unlisted', 'Late Game Scaling Strategy', '{"adipisicing sint","nisi dolor"}', DEFAULT, DEFAULT), ('bd010a0a-cb39-59ee-8218-e7f775ac9a01', 'fb634118-b8a6-50b7-9010-0317dd27fba6', 208, 'private', 'Counter Pick Blueprint', '{"ea","non veniam","in veniam cillum","minim dolor Lorem","eiusmod dolore ipsum"}', DEFAULT, DEFAULT), ('eb100a5e-fbbc-5189-b323-e08ca1ddf4b2', '7d0c4d54-58ae-5ddf-b108-590171e8655a', 207, 'public', 'Map Control Blueprint', '{"elit laboris sint","ad labore adipisicing in"}', DEFAULT, DEFAULT), ('e43c6b3b-10fe-54f2-a09c-2f23976dbe42', '9e6824f3-dac2-540f-9e3d-8797171dab14', 203, 'public', 'Counter Pick Blueprint', '{"Lorem eiusmod occaecat","mollit veniam esse","officia Lorem adipisicing ad","pariatur nostrud mollit","veniam ut nostrud","occaecat minim consectetur elit ","dolor tempor","aliqua","eiusmod enim","velit magna"}', DEFAULT, DEFAULT), ('145f2d17-d2b0-59ee-98c0-d8b6d6c741cd', '27a14f80-586c-54cd-876e-cd42ede1f04f', 205, 'unlisted', 'Wave Management Plan', '{"ad in"}', DEFAULT, DEFAULT), ('27b7fc92-c399-5aec-bc43-ea4a7d41c984', '290e51c6-7ff6-5db4-8f40-69dda051b66c', 207, 'unlisted', 'Gank Heavy Approach', '{"pariatur labore","ullamco laboris et consectetur a"}', DEFAULT, DEFAULT), ('16e13bc2-bae9-5a1b-a23b-7f2503b73a03', '79efb743-bb54-546e-8bdf-089509399715', 205, 'private', 'Baron Control Strategy', '{"et amet anim","sit nostrud ad fugiat","anim nulla anim culpa","laborum Lorem ex","sint irure magna","et enim nostrud"}', DEFAULT, DEFAULT), ('fb9a721d-7da1-577d-a721-ae00139d250b', 'c67d2d09-4f9c-55d4-8995-a05fcda1aef5', 209, 'unlisted', 'Aggressive Rush Strategy', '{"Lorem","ut deserunt nostrud anim","commodo","mollit velit aliquip","commodo sint aute mollit","irure est veniam eu","labore irure dolor","irure veniam","minim"}', DEFAULT, DEFAULT), ('8514b549-2321-5223-bcae-362fbfc61c61', '91fa3874-9437-5dfa-a49a-f19fb38d9e92', 201, 'private', 'Split Push Blueprint', '{"ex mollit ea veniam","officia minim","in tempor","sint dolor nisi sint","eiusmod exercitation"}', DEFAULT, DEFAULT), ('8d222d98-29f0-5123-b99d-cc9f19493b20', 'a3df44c1-25a3-5190-a8bc-004597063afc', 208, 'public', 'Aggressive Rush Strategy', '{"voluptate occaecat excepteur cup","laborum elit reprehenderit id al"}', DEFAULT, DEFAULT), ('5ba895cd-4107-5c9d-a9cb-bd2d24899776', '99498cc5-464e-5b95-a415-0dba48b40687', 207, 'private', 'Vision Denial Blueprint', '{"sit","sit nulla consectetur","et officia reprehenderit","id dolore voluptate"}', DEFAULT, DEFAULT), ('73b23aba-b5e2-5b24-b442-00922b22f275', 'd297ab9e-40d4-51b5-bb8f-a1df399f1a9a', 204, 'private', 'Jungle Control Playbook', '{"ut adipisicing do duis","velit qui","est commodo culpa Lorem","sint"}', DEFAULT, DEFAULT), ('0e1a0168-a26a-5feb-9c91-7bd40d62afcc', '5f3671df-cc06-5a3d-87a6-e1e42e095fa3', 207, 'private', 'Map Control Blueprint', '{"velit amet commodo cillum","et occaecat minim eiusmod est","enim ad nostrud reprehenderit"}', DEFAULT, DEFAULT), ('9348bed0-a52a-59cd-98df-ed8ab48ba4f7', '59d8bfe4-2c84-5707-a356-dbe1eb5eec54', 206, 'private', 'Defensive Turtle Tactics', '{"velit ut","tempor","qui tempor sit do","culpa excepteur"}', DEFAULT, DEFAULT), ('1507f034-16ba-5219-b927-72f72394b9da', '7b09592d-b146-5ee2-9db5-3683955196d6', 210, 'unlisted', 'Wave Management Plan', '{"consequat sit","aliqua incididunt laboris qui pa","quis excepteur"}', DEFAULT, DEFAULT), ('3d6517ba-6968-54c9-9934-5dca00f20f48', 'd6d652bf-48a5-5a85-a95d-16c25edc5397', 208, 'private', 'Defensive Turtle Tactics', '{"anim nisi aliqua"}', DEFAULT, DEFAULT), ('253eb1a7-6466-5751-bb80-ba728a9d5688', '960932a7-c474-5ba2-97bb-0581aeeca485', 210, 'public', 'Split Push Blueprint', '{"do adipisicing dolor","sint voluptate excepteur","officia culpa","mollit exercitation","cillum laborum ullamco","cillum veniam nulla occaecat","aliqua dolore consequat cupidata","cupidatat ea commodo labore","pariatur consectetur cupidatat e","cillum elit tempor in"}', DEFAULT, DEFAULT), ('84afba7a-f643-5519-b420-54d83f591e9d', '9c793877-9a29-5409-acf9-8981bd39bd4d', 205, 'unlisted', 'Roaming Support Plan', '{"eu","sunt qui fugiat tempor","excepteur","cillum sunt amet deserunt","eu dolore consectetur commodo ei","culpa sint est esse","cillum aliqua","dolore anim sit Lorem fugiat"}', DEFAULT, DEFAULT), ('59b35be9-9d21-5b79-8875-4954a08d7239', '8c5ef042-1b14-56ed-adba-e25d3960a3cf', 205, 'public', 'Late Game Scaling Strategy', '{"commodo","in id","sit","voluptate aliquip aliqua","nostrud"}', DEFAULT, DEFAULT), ('b3ff9604-63d2-533f-8bbb-d5f0486381ad', '31ac52db-fa89-5177-b667-1cf6526a929a', 205, 'unlisted', 'Rotation Strategy Document', '{"irure aliquip","id minim esse reprehenderit","tempor excepteur","ad ipsum aliquip ipsum","velit fugiat sint esse","nulla nulla laboris laboris","dolore qui"}', DEFAULT, DEFAULT), ('bcc899da-7629-5e0e-b560-5f5f6e7060e1', 'a88bc9b9-135e-55c7-8c4c-5a072a3c8573', 209, 'private', 'Counter Pick Blueprint', '{"eiusmod occaecat","reprehenderit aliqua aliquip dol"}', DEFAULT, DEFAULT), ('96dbca51-d731-5e2c-a3d4-62e8f0faa072', '644bfc5c-cf27-5d76-8355-4e4c8d73061f', 205, 'unlisted', 'Map Control Blueprint', '{"cillum sit cupidatat nostrud","nulla velit voluptate esse","qui id proident aliquip"}', DEFAULT, DEFAULT), ('fc633e1f-14b8-590b-a0ba-c22147aaeeb4', 'a69d43fa-2222-5203-b590-140e62599451', 206, 'private', 'Secure Objective Playbook', '{"veniam qui tempor","aliquip occaecat proident aute a","et laboris culpa","cillum do irure","laboris cupidatat consequat"}', DEFAULT, DEFAULT), ('49af1081-9f3e-5569-af2e-1029eb808baf', '8babc841-00b0-585f-9ca3-85ef68fec1f7', 204, 'public', 'Late Game Scaling Strategy', '{"cupidatat deserunt qui"}', DEFAULT, DEFAULT), ('28c7fcd5-dc0b-528f-92f0-3e19e7b94b50', 'cb82a658-7a6b-5f53-8103-de934a9d041a', 209, 'public', 'Gank Heavy Approach', '{"irure labore","ex exercitation ullamco labore","anim officia"}', DEFAULT, DEFAULT), ('38780d0a-620c-5420-b84b-aa917e5db8c1', '02a341a2-35a0-5fbc-a1f4-aa8b42aa4b51', 201, 'unlisted', 'Aggressive Rush Strategy', '{"voluptate anim"}', DEFAULT, DEFAULT), ('535c1e86-4fb0-59ea-8076-b54244994b61', '897e7fb9-bd9c-59e3-afc7-d1c31ec7ef34', 206, 'unlisted', 'Split Push Blueprint', '{"eu amet id","deserunt cillum dolore amet in","laboris sit quis enim","consectetur Lorem irure"}', DEFAULT, DEFAULT), ('5e181f1c-b93c-59a3-a161-c4d4e29f775e', 'f8fbdff1-11b4-54fa-ab90-292d82d3d353', 204, 'unlisted', 'Secure Objective Playbook', '{"laborum id","deserunt fugiat","esse veniam exercitation duis si","ad amet reprehenderit ad"}', DEFAULT, DEFAULT), ('0cd34502-daee-52d8-b8a4-7aa032065e8a', '6c3f6730-2b1a-5e27-97de-caacad0bb1a5', 202, 'public', 'Objective Focused Strategy', '{"aliqua aliqua ex","aliquip adipisicing fugiat elit"}', DEFAULT, DEFAULT), ('6c9b6808-e737-5f8f-b196-93c0598b34b9', 'a9752d0c-ade4-58c6-b746-1b9df56a3d08', 207, 'public', 'Roaming Support Plan', '{"officia dolor","sunt ipsum exercitation","mollit aute excepteur","adipisicing amet eiusmod elit do"}', DEFAULT, DEFAULT), ('f498173a-b4a1-5b37-ad0b-67596b4fe0ac', '110efd29-2979-5c30-b41f-b3bf832f48cd', 208, 'unlisted', 'Siege Tactics Handbook', '{"esse ut","consequat velit id enim ut","pariatur fugiat"}', DEFAULT, DEFAULT), ('b0d542cd-fe80-5cad-9bd6-a81d0ed1c2f4', '91434b27-2651-5429-8f42-45c3f8e334a0', 208, 'unlisted', 'Vision Control Blueprint', '{"commodo"}', DEFAULT, DEFAULT), ('cd506b7e-0f7c-526c-b650-bb799376c313', '59558fa1-9cc0-5e85-a331-879d76e07f05', 202, 'unlisted', 'Gank Heavy Approach', '{"ut et consequat sit","dolor ea proident qui","ipsum fugiat velit cupidatat","adipisicing in","cillum nostrud proident"}', DEFAULT, DEFAULT), ('d625f518-4ec3-51e2-95c0-6cf965668d68', '59d8bfe4-2c84-5707-a356-dbe1eb5eec54', 208, 'public', 'Wave Management Plan', '{"mollit incididunt","dolor anim","nulla pariatur in occaecat offic","sunt","qui enim magna","magna officia irure"}', DEFAULT, DEFAULT), ('66b76653-1cc5-50ef-a109-c059c945f253', '36f6f3ba-e867-5008-b6c1-829e989f9d2f', 209, 'private', 'Team Fight Execution Plan', '{"sint in ut","incididunt in","ullamco enim","anim","officia irure et velit aliquip","ut ad","do sint esse","sint culpa quis aute"}', DEFAULT, DEFAULT), ('a6dbcc80-e965-5682-9448-6a65a83787b3', 'cda3814f-c14d-5dcf-a835-797df84f6d99', 201, 'public', 'Roaming Support Plan', '{"aute qui irure consequat cillum","aliqua deserunt","culpa mollit sit do deserunt","ea mollit","aute nulla labore ad sunt"}', DEFAULT, DEFAULT), ('c4d9fc37-aa2c-5cf4-8cef-779723958882', 'f457d7a7-01f9-5225-b07a-0e782525bbc7', 209, 'unlisted', 'Vision Control Blueprint', '{}', DEFAULT, DEFAULT), ('cbdcc83c-77a1-5d75-ace8-183321930672', '91fa3874-9437-5dfa-a49a-f19fb38d9e92', 203, 'private', 'Map Control Blueprint', '{"quis irure","labore aliqua est exercitation c","commodo reprehenderit ea","non reprehenderit tempor dolore ","duis","ex","laboris tempor laboris cillum eu","deserunt occaecat elit","exercitation irure dolor","ipsum"}', DEFAULT, DEFAULT), ('46b593cf-05b9-5316-ba74-ef4cf062dcc9', '3204ce32-7c5b-5953-969e-fe1d17de6e76', 205, 'unlisted', 'Vision Control Blueprint', '{"dolore reprehenderit"}', DEFAULT, DEFAULT), ('1770dbe6-c529-520b-a36c-454b023ccb2c', '36ab6720-a24b-578b-8d3f-3d9bb0485851', 206, 'public', 'Roaming Support Plan', '{"est est quis consectetur non","non ipsum ullamco"}', DEFAULT, DEFAULT), ('65973815-006c-531b-b69f-bd5d086f7786', 'd297ab9e-40d4-51b5-bb8f-a1df399f1a9a', 208, 'unlisted', 'Wave Management Plan', '{}', DEFAULT, DEFAULT), ('0cd413aa-1a82-5832-9edb-17fd5c059a41', '09bca3f4-0d37-5f5a-b637-9d7942a17cff', 210, 'private', 'Vision Denial Blueprint', '{"esse ad fugiat amet","culpa Lorem"}', DEFAULT, DEFAULT), ('5153bc7b-cd04-5c5e-83e9-7b7a5a1390e6', '02a341a2-35a0-5fbc-a1f4-aa8b42aa4b51', 204, 'public', 'Roaming Support Plan', '{"ullamco dolore magna sint","voluptate magna consectetur est","incididunt labore","aliquip ullamco proident","non"}', DEFAULT, DEFAULT), ('bd276dfa-2ddb-52c7-9feb-6d2cc281335e', '8b474939-245b-5ed9-b06a-21432e2b9115', 202, 'private', 'Map Control Blueprint', '{"nulla laborum non consequat","cillum duis","ullamco cillum amet","reprehenderit excepteur excepteu","cillum","ea et","id proident","incididunt sunt eu","cillum"}', DEFAULT, DEFAULT), ('12cafb5f-6adc-5f24-a738-9455dde3eb2a', 'd2268e40-fa6d-5300-9f01-b7cc8f9018e3', 202, 'public', 'Wave Management Plan', '{"minim fugiat","magna"}', DEFAULT, DEFAULT), ('e017f166-fa51-5fb5-af86-6fc41cad9674', 'e93ac05b-5c6e-5233-8fb4-6d181ade2e59', 202, 'private', 'Secure Objective Playbook', '{"laborum adipisicing","labore Lorem esse"}', DEFAULT, DEFAULT), ('544f27bb-a8e9-5b6b-8ec7-f1cfe91406e2', '110efd29-2979-5c30-b41f-b3bf832f48cd', 205, 'public', 'Wave Management Plan', '{"aliqua ex occaecat","tempor","cillum et quis","duis aliquip excepteur et","anim veniam"}', DEFAULT, DEFAULT), ('a704d0a7-ee9e-5aa5-bba9-aff3556d41a2', 'd1b8f3f8-af26-5088-8712-273c28ba98f7', 205, 'private', 'Wave Management Plan', '{"ex duis Lorem","adipisicing cupidatat sit non ut","cillum labore qui duis","irure non sit","enim veniam minim et","eu aute esse cillum","cillum officia minim","irure incididunt officia fugiat"}', DEFAULT, DEFAULT), ('a758f3b0-169f-56a9-80db-acb9f3972464', 'cf2e12ac-941e-5dbb-b044-ab0b13ab4af7', 202, 'public', 'Defensive Turtle Tactics', '{"adipisicing elit duis","ullamco in do","ex","est anim","Lorem","duis in in ipsum","minim do irure aliquip"}', DEFAULT, DEFAULT), ('1ebb07c2-9cc9-56df-b9e3-71837bafdca1', '94170f3d-888c-58bc-bc18-13592bfb52c5', 205, 'unlisted', 'Early Game Dominance Guide', '{"consequat et anim","nisi aliquip","amet culpa","nulla voluptate","laborum Lorem consectetur"}', DEFAULT, DEFAULT), ('217c4ba5-3ca5-503f-8fcd-2cf91341f163', 'fbfa0c72-9c6c-54ce-ba23-f1ed2563396e', 209, 'public', 'Vision Control Blueprint', '{"tempor est dolor dolore","commodo dolore","velit esse consectetur enim pari","proident Lorem","anim labore aliqua laborum"}', DEFAULT, DEFAULT), ('63c64b00-d130-5928-b403-258ebdb17248', 'd1dc8a74-c651-5dbd-b484-1cd2c51db9b9', 209, 'private', 'Early Game Dominance Guide', '{"enim do id","aute duis qui non","commodo velit","mollit","quis cillum","nisi nostrud cupidatat","laborum culpa ullamco do ullamco","consectetur culpa excepteur","ipsum labore tempor dolor","velit amet"}', DEFAULT, DEFAULT), ('0deb1a0e-8f26-576f-af23-e26ef824ea0b', 'fc6d457c-9711-5cde-813c-d584f858faae', 210, 'unlisted', 'Split Push Blueprint', '{"cupidatat eiusmod aliqua quis","in voluptate culpa","nisi proident laboris velit"}', DEFAULT, DEFAULT), ('924718ca-0525-5af0-b71a-2560f2cc09a0', 'b5605791-3389-56c2-9ec6-17d538b9bb85', 208, 'public', 'Map Control Blueprint', '{"esse consectetur","veniam aute dolore adipisicing c","dolor consequat deserunt veniam","elit est ullamco esse","consectetur","proident"}', DEFAULT, DEFAULT), ('877842c0-f0dc-575b-a7ad-30915aaaeebe', '5c25ba01-ab4d-5527-9a41-d79d770f3d79', 202, 'private', 'Secure Objective Playbook', '{"sunt occaecat ut exercitation","cillum do et","ex esse ex culpa ea","cillum ad quis ex","ea nulla","dolor commodo do adipisicing","fugiat","officia ipsum id","tempor sit dolore","adipisicing tempor"}', DEFAULT, DEFAULT), ('ebce0b2a-b558-5f18-bddc-2af385fe3118', 'cf1d2e5e-3a18-5518-8e4c-387978992b8a', 205, 'unlisted', 'Baron Control Strategy', '{"labore sit minim","culpa consequat veniam officia","consequat anim do consectetur","cillum est et qui","ea ea id sunt","ex voluptate quis amet"}', DEFAULT, DEFAULT), ('67f00577-22b1-541a-b8eb-43f4241ec322', '7bf99080-cdc6-5456-b6d5-417e28b4eba5', 202, 'private', 'Objective Focused Strategy', '{"Lorem ullamco incididunt eu","aute","elit","consequat cupidatat dolore adipi","laborum ut","ut eu consectetur","adipisicing id dolore","ipsum","quis"}', DEFAULT, DEFAULT), ('5c1d9b7d-9f54-545c-ae19-f60dd5ff1d25', 'eecf8a7e-af2f-524d-a645-c5fba3ebda06', 203, 'unlisted', 'Aggressive Rush Strategy', '{"irure minim esse","officia cillum","aliqua irure aliqua nisi eiusmod","ad","velit deserunt","minim sint minim velit","id reprehenderit nostrud reprehe"}', DEFAULT, DEFAULT), ('339c2395-3fcf-5f3b-90ec-90611b01fa37', '290bcd64-8663-5670-8efa-64e864979bbb', 205, 'public', 'Early Game Dominance Guide', '{"id incididunt","eu id sit consequat","dolore","et eiusmod laborum voluptate exe","exercitation minim","deserunt ad sint pariatur","exercitation non eiusmod","duis commodo"}', DEFAULT, DEFAULT), ('3e26da35-99ab-5fee-95a6-ca3120af490b', '2da4149c-bf3e-5f98-b904-591c69530871', 209, 'unlisted', 'Vision Control Blueprint', '{"id labore","minim quis","laboris voluptate deserunt incid","laborum amet irure in","exercitation in reprehenderit no","anim laborum est aute"}', DEFAULT, DEFAULT), ('540a4921-798c-58f1-8dda-fbb9b912bb43', 'e5b4727f-be5e-52c0-83cb-cb7ba230945f', 210, 'unlisted', 'Vision Denial Blueprint', '{"enim velit officia laboris sunt","et velit minim ullamco nostrud","elit fugiat nulla","excepteur","amet nisi"}', DEFAULT, DEFAULT), ('81b847bf-bc05-538e-bdc5-721f48634b78', 'd297ab9e-40d4-51b5-bb8f-a1df399f1a9a', 202, 'unlisted', 'Gank Heavy Approach', '{"id velit amet consequat aute","culpa ex mollit","anim ut ad consequat proident","officia ad","ad cillum","excepteur anim"}', DEFAULT, DEFAULT), ('2c9d2493-4412-5eae-aa39-69858c4bfd99', '26f7bb6a-3c9c-5b30-b11b-be5ebfb91948', 208, 'private', 'Gank Heavy Approach', '{"qui","deserunt sint sit aute irure","magna","id velit aute","labore magna nostrud ex nulla","veniam eu adipisicing","sit consectetur duis irure sint","qui culpa cupidatat id nisi","in labore qui culpa","aliqua sunt"}', DEFAULT, DEFAULT), ('51ef9256-0eab-579a-868b-52c27ddf10e9', 'e5b4727f-be5e-52c0-83cb-cb7ba230945f', 204, 'unlisted', 'Early Game Dominance Guide', '{"pariatur ut in ea","nulla elit","aute tempor eiusmod","enim officia aliqua","irure veniam laborum ullamco","reprehenderit amet sint proident"}', DEFAULT, DEFAULT), ('d6ceb82b-4af2-5d8a-96c1-8d6a9db93a31', '21d7354f-afef-5425-9907-92a0ff9e7110', 202, 'public', 'Aggressive Rush Strategy', '{"do","nisi non minim commodo eu","mollit est consequat"}', DEFAULT, DEFAULT), ('01ae0a36-6172-5c0a-baff-6c1805e0976a', '34a6eefa-de0a-5b54-8950-76863d1d5290', 209, 'public', 'Wave Management Plan', '{"occaecat qui aute duis","laborum elit","ea aliquip proident ad nostrud","ullamco laboris","culpa sunt veniam voluptate adip","anim culpa"}', DEFAULT, DEFAULT), ('df70af8b-9578-5bd7-9fd6-02ad92eaedca', '36ab6720-a24b-578b-8d3f-3d9bb0485851', 209, 'unlisted', 'Gank Heavy Approach', '{"nisi velit sint ipsum","incididunt"}', DEFAULT, DEFAULT), ('82fca927-01aa-5c29-8d7a-7a868f9ba6ea', '9f26eece-7e59-5b46-a98b-848dc55a0cda', 205, 'public', 'Rotation Strategy Document', '{"cupidatat","sit dolor labore aute","cillum sunt labore commodo","sunt officia","pariatur ipsum cupidatat exercit"}', DEFAULT, DEFAULT), ('4e5550d4-d39a-56c3-8f19-971fdeeb787e', '831f051c-863e-5783-acbb-10017cb1c3ce', 204, 'unlisted', 'Vision Denial Blueprint', '{}', DEFAULT, DEFAULT), ('83ec5ac5-8c23-5e38-8151-36af62098fff', 'c67d2d09-4f9c-55d4-8995-a05fcda1aef5', 201, 'private', 'Siege Tactics Handbook', '{"aliqua","non consequat","velit nisi reprehenderit deserun","non aute culpa voluptate","do qui irure","dolor ullamco aliquip incididunt","consectetur dolor enim dolore"}', DEFAULT, DEFAULT), ('d1996167-52fb-5e4a-b849-75efada773e6', 'ae956930-bebe-5aad-83f8-b8d0cae36371', 203, 'unlisted', 'Defensive Turtle Tactics', '{"fugiat nisi ipsum labore","dolor consectetur ad sint cillum","ipsum tempor eiusmod","laborum dolore sit excepteur"}', DEFAULT, DEFAULT), ('1818e464-6a87-5266-8677-c069741c3ab2', '59d8bfe4-2c84-5707-a356-dbe1eb5eec54', 207, 'unlisted', 'Vision Control Blueprint', '{"consectetur nostrud cupidatat","irure occaecat ullamco cupidatat","cupidatat et","id proident","do ut culpa pariatur","non ad nostrud","voluptate culpa in nulla"}', DEFAULT, DEFAULT), ('13ebb239-29e1-53ff-93b0-d55e3db05a11', '79efb743-bb54-546e-8bdf-089509399715', 201, 'unlisted', 'Baron Control Strategy', '{"elit officia","labore do","magna","qui","aliquip excepteur ipsum","fugiat dolor magna","et consectetur"}', DEFAULT, DEFAULT), ('a0a63713-f2dd-56aa-98a3-f6a26bcae5b9', 'db9f2a26-569b-5431-9216-bcd2cf256bbd', 210, 'unlisted', 'Jungle Control Playbook', '{"officia dolore nostrud id","sunt laboris","excepteur velit incididunt commo"}', DEFAULT, DEFAULT), ('4029bbad-86a6-5e60-a150-da0664c62b92', 'f7fce496-302a-564f-b89f-dc22379477c5', 202, 'private', 'Team Fight Execution Plan', '{"cillum","excepteur eiusmod velit laboris","proident mollit tempor eu","minim","cupidatat velit reprehenderit vo"}', DEFAULT, DEFAULT), ('6636a6a8-3a2d-5862-bb24-3e77bffdb640', '76a5e2d5-9a63-55f6-9eb8-8f0daf48e856', 208, 'private', 'Wave Management Plan', '{"aute sunt esse sint elit","nostrud velit exercitation eu","magna aute elit minim"}', DEFAULT, DEFAULT), ('4ba85443-f89e-5d68-8d4a-da572969b0dd', 'e9decb87-4a50-5c41-896c-16fe0d21ebca', 209, 'public', 'Split Push Blueprint', '{"cillum pariatur do aute","duis deserunt","pariatur non"}', DEFAULT, DEFAULT), ('55fbf0ae-1fd2-57d5-9884-2ceca8eef8f3', '71edf17f-e471-58c3-bbf8-8111bd6c7c8e', 203, 'unlisted', 'Team Fight Execution Plan', '{"tempor","ullamco consequat consequat culp","ipsum tempor laborum","proident laboris quis","consectetur veniam enim et","aute magna","proident ex mollit"}', DEFAULT, DEFAULT), ('c91a5204-a47c-5f58-8042-f917f2facb4b', '6451b879-16d7-5644-b6b9-87dd18b3facf', 209, 'public', 'Late Game Scaling Strategy', '{}', DEFAULT, DEFAULT), ('fdca53a8-e101-5585-90b8-82f7d3c1fc24', '94daea14-9b93-5933-9044-5ccc1eb32f8f', 209, 'public', 'Jungle Control Playbook', '{"ut excepteur sunt","anim reprehenderit","ipsum cupidatat excepteur consec","et cillum commodo aliquip quis","commodo","qui in officia"}', DEFAULT, DEFAULT), ('a76c18ad-af72-57b7-b165-f7757943d51e', '79efb743-bb54-546e-8bdf-089509399715', 209, 'unlisted', 'Jungle Control Playbook', '{"pariatur laboris laborum sunt"}', DEFAULT, DEFAULT), ('bf7ffe87-c4e2-5aa1-86f7-2fdfa8315ff6', '22052ce5-2628-54da-93cf-dce3c06b547a', 204, 'unlisted', 'Gank Heavy Approach', '{"reprehenderit ad cillum officia"}', DEFAULT, DEFAULT), ('764f06ba-b246-5c62-8e43-89fe991c749d', '290e51c6-7ff6-5db4-8f40-69dda051b66c', 205, 'public', 'Secure Objective Playbook', '{"nulla proident","ipsum"}', DEFAULT, DEFAULT), ('229d48f9-9e17-5f91-bd2c-3f3cdbae28c1', 'e6e5bdc8-dbe5-545a-b616-a55a5f857d1f', 208, 'public', 'Counter Pick Blueprint', '{"amet qui tempor","ea pariatur consequat pariatur","cillum qui","sunt ea ex","esse","proident anim deserunt","nostrud proident commodo"}', DEFAULT, DEFAULT), ('505fdba9-c563-5897-bd99-f3fd7e6efb10', '2589cf16-4103-5a4f-b544-b30078083eaa', 203, 'private', 'Map Control Blueprint', '{"adipisicing nisi dolore","culpa aute quis","exercitation ex mollit occaecat","nulla eiusmod sint pariatur","amet adipisicing"}', DEFAULT, DEFAULT), ('ad47e58b-6404-5eb4-b01c-1ab02b3af226', 'fbbb9719-f3d1-5ce2-b584-4b70bf5bb135', 209, 'private', 'Gank Heavy Approach', '{"enim ea mollit quis ut","duis nostrud voluptate","exercitation occaecat ut","qui eiusmod ea proident mollit","velit aliquip eu laboris culpa"}', DEFAULT, DEFAULT), ('4ae4f149-a1da-5a76-913f-5ea02c87f4e0', '2d1d7734-be70-5d07-a538-e76c6cae722e', 203, 'unlisted', 'Counter Pick Blueprint', '{"ex aliquip aliqua","proident duis","aute proident","proident ipsum nisi","Lorem quis laboris dolor ipsum"}', DEFAULT, DEFAULT), ('a85217e5-f8d6-5dd0-996b-8464fa1021ff', '72d447b0-a4fa-5de7-bb4c-9ff5f169dfea', 209, 'public', 'Counter Pick Blueprint', '{"enim culpa aliqua aute proident","aliquip irure voluptate Lorem","quis proident dolor quis","ea","incididunt labore","duis ullamco mollit anim","pariatur esse ipsum","officia velit eiusmod","enim cillum velit"}', DEFAULT, DEFAULT), ('b21411a7-0afc-5cf3-81fc-471ab95f5d8d', 'bbecd693-8054-5eee-8ada-8e2d5a3c5090', 208, 'unlisted', 'Vision Denial Blueprint', '{"ad laborum","eu ad est quis voluptate","aute nulla","anim ut sunt nulla","exercitation consectetur amet"}', DEFAULT, DEFAULT), ('d37fd98f-746a-582e-a0fc-de28d96e48c5', 'd2f08d89-447f-5d3d-96e5-385ed888c091', 201, 'public', 'Siege Tactics Handbook', '{"nulla","commodo enim ad mollit","irure fugiat ea quis","ea culpa nisi mollit","dolor","do consequat aliquip culpa aute"}', DEFAULT, DEFAULT), ('2dc53ff7-923f-50df-a732-82b60afbba2f', '31bb49e9-e86d-546a-9e01-6986e5eacf06', 208, 'unlisted', 'Roaming Support Plan', '{}', DEFAULT, DEFAULT), ('f9690101-a16f-5108-b391-78c9dba8aeee', 'e4de1a09-bd9a-5e42-b92c-2cb1af28bec6', 206, 'unlisted', 'Late Game Scaling Strategy', '{"reprehenderit consequat cupidata","eiusmod minim enim aute","pariatur id","proident sunt enim","cupidatat velit labore ipsum","non consequat","elit ipsum"}', DEFAULT, DEFAULT), ('7441a375-e1c1-5111-b299-b73d6da10ca2', 'b67e09de-df70-515b-91d0-6e53f3b4a58a', 202, 'unlisted', 'Vision Denial Blueprint', '{"do qui","cillum","cupidatat reprehenderit","nulla cillum occaecat enim qui","cupidatat enim exercitation qui","et occaecat officia irure"}', DEFAULT, DEFAULT), ('ca1d2bcf-5a98-5759-81b6-75e3ed47122a', '5f3671df-cc06-5a3d-87a6-e1e42e095fa3', 202, 'private', 'Objective Focused Strategy', '{"laborum consequat","sint ullamco","elit ea nostrud","Lorem ad","irure ut enim veniam elit","labore pariatur aliqua"}', DEFAULT, DEFAULT), ('77b1dab4-a856-5c18-bb24-053f8869bc5b', 'c97097d9-c6b8-5a50-931a-369c86f1535e', 204, 'private', 'Rotation Strategy Document', '{"aliqua ex sint do","ex laborum aute"}', DEFAULT, DEFAULT), ('08b3c695-d6fb-54e4-9ef2-bf508a57adc1', 'd2f08d89-447f-5d3d-96e5-385ed888c091', 206, 'public', 'Aggressive Rush Strategy', '{"labore nulla deserunt enim","occaecat amet esse incididunt","tempor dolore amet","irure labore voluptate","culpa quis veniam","minim fugiat ea","irure sunt id","id","eu tempor"}', DEFAULT, DEFAULT), ('7dc16d02-274a-5e7f-bc31-6af29982313f', 'd5491914-2799-5bc6-b20e-30ab3f38131e', 207, 'private', 'Late Game Scaling Strategy', '{"deserunt ullamco consectetur des","ea cupidatat exercitation","mollit sint in duis"}', DEFAULT, DEFAULT), ('acad405c-f8e9-559b-bd11-e0ffc3bebca6', 'a4b32498-f3a6-5110-a5b6-de20f0314c35', 201, 'unlisted', 'Siege Tactics Handbook', '{"dolore incididunt quis est","eu excepteur","tempor","eu enim cillum velit","do consectetur excepteur id"}', DEFAULT, DEFAULT), ('16d95573-87cd-5d45-be45-e8a020ba40ac', 'db9f2a26-569b-5431-9216-bcd2cf256bbd', 201, 'private', 'Counter Pick Blueprint', '{"dolor sunt veniam","proident ad laboris irure fugiat","commodo velit","laborum","est anim labore"}', DEFAULT, DEFAULT), ('5a993b43-eca0-563f-b6c9-fdd440759e85', '887dee3f-7921-537c-91f1-8b0d43117b12', 205, 'unlisted', 'Team Fight Execution Plan', '{"nisi occaecat elit","dolor aliqua","sit exercitation aliquip labore ","ex","est qui fugiat magna","aute ex exercitation","reprehenderit quis culpa tempor","duis veniam consequat","do officia"}', DEFAULT, DEFAULT), ('f7bfc2c8-d52a-5806-97fd-77bd67d93b23', '2da4149c-bf3e-5f98-b904-591c69530871', 203, 'unlisted', 'Counter Pick Blueprint', '{"amet exercitation aute non","qui","excepteur exercitation sint fugi","esse sit","quis eiusmod Lorem"}', DEFAULT, DEFAULT), ('748d5a8c-f2bf-5974-9c72-24f98b85813b', '3af5be38-b117-5675-8d7a-e27a1a34e8a8', 202, 'private', 'Defensive Turtle Tactics', '{"tempor non elit elit"}', DEFAULT, DEFAULT), ('808d9117-ba04-5cb0-8827-639e2642b0ee', '09204188-e618-5728-88fc-034120742c41', 208, 'public', 'Team Fight Execution Plan', '{"commodo nisi","elit incididunt tempor","aliquip culpa","officia commodo","deserunt","non nisi dolor proident","eu elit nulla","consequat et","duis ullamco commodo eiusmod","irure"}', DEFAULT, DEFAULT), ('e0185351-5b08-58b2-bd3e-c09965750112', 'e7ba2b18-a57c-5b02-9714-d376d9ea922f', 209, 'public', 'Roaming Support Plan', '{"ullamco proident reprehenderit","aliqua nulla pariatur exercitati","nulla aliquip cupidatat laborum"}', DEFAULT, DEFAULT), ('993f7ab3-9b54-5771-a99e-0c6d75a1f37d', '2190cc4c-2cc5-5f9f-983d-55f70f31e468', 204, 'unlisted', 'Late Game Scaling Strategy', '{"esse dolore velit laborum labori","ipsum","enim tempor","officia labore in enim incididun","adipisicing consequat nisi"}', DEFAULT, DEFAULT), ('bdb5114a-76d3-5fe4-944c-043e7ebd99da', '9a52e2af-cb63-5ab2-95a7-ae32f01d6a1c', 208, 'public', 'Baron Control Strategy', '{"deserunt ea sit consequat et","sit nulla reprehenderit qui","adipisicing esse elit","aliquip","aute non aute officia est"}', DEFAULT, DEFAULT), ('aa4964a1-4611-5528-9df9-ef170866214f', '3c0af99e-82a0-5346-8da5-2d2825b8a66d', 203, 'unlisted', 'Baron Control Strategy', '{"voluptate enim laboris reprehend","velit quis fugiat irure","enim nulla","tempor occaecat occaecat nulla"}', DEFAULT, DEFAULT), ('ec14513a-7d3c-5172-b68b-d531791ec9de', 'bbcbd7eb-4377-550e-af45-f77d693d98fe', 207, 'private', 'Aggressive Rush Strategy', '{"ut Lorem do","adipisicing ea","veniam","aute nulla eiusmod","Lorem Lorem","amet magna velit eiusmod aliquip"}', DEFAULT, DEFAULT), ('a0f81f50-aa3d-5780-b485-a54fb7b7833a', '274020d9-7513-5cf6-ae0b-e94ef1d1a62f', 210, 'private', 'Team Fight Execution Plan', '{"tempor ipsum","est","ut anim ut","ex duis","excepteur tempor non","eiusmod culpa nostrud non","fugiat veniam adipisicing quis","quis nisi","sunt sunt sint"}', DEFAULT, DEFAULT), ('aabd5608-e04b-5bd8-8d75-d004a1b17409', '88514f78-7770-5bc2-96a4-f0f4ebcab4a4', 210, 'unlisted', 'Objective Focused Strategy', '{"ipsum"}', DEFAULT, DEFAULT), ('7bcc2b79-de31-5963-9cfd-559af77da3be', 'df625f4d-0fe2-599a-b1d3-13232701e19f', 208, 'unlisted', 'Wave Management Plan', '{"non ullamco","id veniam"}', DEFAULT, DEFAULT), ('b4293a01-a1be-5e58-a088-abc550c9f820', '31bb49e9-e86d-546a-9e01-6986e5eacf06', 204, 'private', 'Early Game Dominance Guide', '{"aliqua occaecat ipsum","elit"}', DEFAULT, DEFAULT), ('a97e2960-b385-5f99-88c2-9e562f32234e', '6fb8bc22-57b5-5453-b6ee-d5dfa591c360', 207, 'public', 'Team Fight Execution Plan', '{"non velit","velit proident ad ea","duis enim nisi tempor","irure","dolor occaecat ut ullamco","incididunt amet sint exercitatio","velit et dolore"}', DEFAULT, DEFAULT), ('db39a462-f36a-54ba-b38e-2fcf35273cba', '2f76c526-de17-58f1-a75e-aee239f7ed57', 203, 'private', 'Counter Pick Blueprint', '{"do nulla dolor occaecat","dolore","laborum duis elit","non","ullamco ea culpa","excepteur","do exercitation","aliqua fugiat officia","do veniam amet do","et ut"}', DEFAULT, DEFAULT), ('35dc016a-9edc-565d-923e-9bee9a60bd24', '1e0af0c0-30ba-5a06-9647-a83cef3d815d', 204, 'public', 'Siege Tactics Handbook', '{"laborum in","deserunt excepteur eiusmod","do amet culpa","qui adipisicing sint ea"}', DEFAULT, DEFAULT), ('61e4dc6c-b183-5c81-91cb-8dc622fd6913', '646b32cc-2525-5418-a0f1-5c9ced471b05', 202, 'unlisted', 'Siege Tactics Handbook', '{"aute nostrud ullamco aute","dolor officia nisi duis"}', DEFAULT, DEFAULT), ('b5df5eae-45e8-5f54-a8f9-351afabf5f65', 'df90352f-468b-5345-9b3e-522b747ccf55', 209, 'unlisted', 'Rotation Strategy Document', '{"exercitation incididunt quis eli","tempor sint ut voluptate","amet pariatur voluptate ex ut","Lorem velit non","nisi proident ad laborum","magna qui","magna esse","veniam commodo aliquip","est mollit magna est","exercitation incididunt enim"}', DEFAULT, DEFAULT), ('18aa22db-700e-5a8a-892c-5bf7b7da1bbf', '29b47b7e-4cec-5d5a-b93d-172770b57ed6', 202, 'public', 'Aggressive Rush Strategy', '{"sint laboris consectetur commodo","commodo sunt qui","eiusmod consectetur esse","velit incididunt proident","fugiat","Lorem sit","ea ea sint","dolor exercitation ex exercitati","magna duis veniam incididunt et","esse adipisicing ea qui"}', DEFAULT, DEFAULT), ('7c9a7a2f-bf97-5fb7-9ff3-bb3e363fce60', 'ddb44318-7e83-5b4d-8ba4-3bbd19edd327', 202, 'unlisted', 'Gank Heavy Approach', '{"nostrud dolore eiusmod","quis ipsum qui magna","aute culpa adipisicing","nostrud fugiat laborum nostrud e","ex sint quis","do in cillum nostrud","Lorem incididunt","magna laboris do culpa qui"}', DEFAULT, DEFAULT), ('93216013-7bd8-59b1-a3f0-b1087d4d7f00', '646b32cc-2525-5418-a0f1-5c9ced471b05', 207, 'public', 'Secure Objective Playbook', '{"ex do ipsum commodo","veniam ea cillum","aliqua labore aliqua Lorem","sunt sit excepteur","eu tempor magna","do est consequat dolore","id cillum","nostrud labore quis","duis commodo esse"}', DEFAULT, DEFAULT), ('3e057cf2-df3a-50e5-82fa-e2dcf87ebd5a', '290bcd64-8663-5670-8efa-64e864979bbb', 203, 'public', 'Secure Objective Playbook', '{"veniam consequat fugiat amet","consequat aute reprehenderit ut","qui proident","fugiat labore est","exercitation nisi aliqua exercit","anim excepteur eu nulla","nostrud quis","nulla","ex ea ipsum","est aliquip"}', DEFAULT, DEFAULT), ('e3f5f266-44d3-5096-b897-56678a5f974b', 'c9f9ed6b-3ed1-5d46-9201-51000bdf47fa', 210, 'private', 'Vision Denial Blueprint', '{"occaecat aute Lorem","culpa irure incididunt ut","eu dolore ut velit","sunt","est officia","ex pariatur in deserunt aliqua","id","ad esse sit incididunt","aute occaecat anim adipisicing"}', DEFAULT, DEFAULT), ('ffbcf0c1-44bb-549f-ba50-18e1e874a611', '5c25ba01-ab4d-5527-9a41-d79d770f3d79', 203, 'private', 'Counter Pick Blueprint', '{}', DEFAULT, DEFAULT), ('c4f414cf-451e-5497-88db-62020e3a0dc5', '882c7ae5-914f-539d-8207-691de536097f', 202, 'private', 'Baron Control Strategy', '{"esse ad aliqua","dolore incididunt reprehenderit","incididunt nostrud est","tempor consectetur cillum ea fug","incididunt incididunt ipsum","incididunt"}', DEFAULT, DEFAULT), ('a109823a-0d02-5064-b8ef-3186d6d08cb0', 'ac772386-a452-5d18-88c7-396c2a71eb0b', 201, 'private', 'Aggressive Rush Strategy', '{"occaecat cillum excepteur","sunt ipsum nulla occaecat","enim tempor qui quis cupidatat","nostrud consectetur","dolore cillum consequat sit nisi","ex laborum consequat","est ea reprehenderit","aliqua anim labore","consectetur minim aliquip consec"}', DEFAULT, DEFAULT), ('3e4b1eac-b214-5aaa-a7f0-29af8a5b2ce9', '644bfc5c-cf27-5d76-8355-4e4c8d73061f', 201, 'public', 'Rotation Strategy Document', '{"exercitation et occaecat excepte","cupidatat aliquip est","occaecat cillum est elit","voluptate qui"}', DEFAULT, DEFAULT), ('72819b1c-0a2a-5e86-b5bc-5741c2854f96', 'fbbb9719-f3d1-5ce2-b584-4b70bf5bb135', 202, 'private', 'Split Push Blueprint', '{"mollit amet officia mollit","do quis velit incididunt","occaecat aliqua esse","laborum ea cillum","mollit amet labore","magna reprehenderit","velit magna","proident velit","amet consectetur"}', DEFAULT, DEFAULT), ('b5d7b26a-56f4-59fc-853e-1a1306ab6e95', '405dd580-b1c8-5c0e-9df0-d82b7f57175d', 203, 'public', 'Objective Focused Strategy', '{}', DEFAULT, DEFAULT), ('29365629-31e8-5e53-b1ae-ffdad1c2009e', '644bfc5c-cf27-5d76-8355-4e4c8d73061f', 204, 'unlisted', 'Jungle Control Playbook', '{"commodo deserunt","adipisicing esse excepteur","amet mollit enim","enim"}', DEFAULT, DEFAULT), ('ef9b1028-31e2-59d9-a64e-2a4d1686e96e', '09204188-e618-5728-88fc-034120742c41', 210, 'unlisted', 'Objective Focused Strategy', '{"adipisicing sunt et","aliquip excepteur magna qui aute","exercitation magna sunt","culpa excepteur occaecat do","nisi commodo","aliquip irure ea","nulla cillum qui","irure anim et laborum"}', DEFAULT, DEFAULT), ('51f9c2fa-a6a8-5d1e-9ef8-efb89c34ee1c', '644bfc5c-cf27-5d76-8355-4e4c8d73061f', 209, 'private', 'Split Push Blueprint', '{"ea nostrud","officia magna pariatur est","eiusmod elit culpa est","dolore ea voluptate non","consectetur ad adipisicing aute","qui veniam ullamco nulla","do est","exercitation eu","fugiat in eiusmod"}', DEFAULT, DEFAULT), ('930338c0-ea8e-56fc-b2df-a68255a6182c', '70e095a9-713d-5fe2-a06a-8145febdb917', 207, 'private', 'Aggressive Rush Strategy', '{"duis quis id do laboris"}', DEFAULT, DEFAULT), ('14f0b4c0-9d33-5d68-85ae-cc3d31b6b19e', 'cda3814f-c14d-5dcf-a835-797df84f6d99', 206, 'public', 'Jungle Control Playbook', '{"irure"}', DEFAULT, DEFAULT), ('7c51f66f-cf81-571f-a65c-f571f1f39cc9', 'ee88c41d-7461-5ecc-a96b-908770bc5575', 210, 'private', 'Roaming Support Plan', '{"ipsum id","ullamco","eiusmod excepteur cupidatat qui ","do aliquip voluptate","laborum exercitation adipisicing","laborum labore","magna nulla laborum","dolor cillum eiusmod excepteur","aliquip do"}', DEFAULT, DEFAULT), ('764b9b2a-d477-5bff-a789-cba064ac71f8', 'ad276812-3b86-5425-b36a-d822f2860912', 204, 'public', 'Vision Control Blueprint', '{"et laboris dolor do","laborum ad voluptate aliqua","sint incididunt sunt","exercitation aliquip fugiat dolo","proident reprehenderit","est commodo"}', DEFAULT, DEFAULT), ('1125d49b-2ad6-5500-bd14-7e0649f5dd73', '7d0c4d54-58ae-5ddf-b108-590171e8655a', 202, 'unlisted', 'Team Fight Execution Plan', '{"pariatur tempor","sint pariatur sit","ea non","aute mollit laboris"}', DEFAULT, DEFAULT), ('de1d5557-45c4-5747-8c2d-f8c09704db25', '583774ae-7432-5503-850f-867e82c0838b', 203, 'private', 'Baron Control Strategy', '{"eu consequat incididunt dolore","aliqua excepteur tempor","voluptate ad"}', DEFAULT, DEFAULT), ('dc2759a8-51ca-575d-9678-0ac64e900648', '1497705a-df0e-5f8d-988d-61adba7199e0', 210, 'private', 'Late Game Scaling Strategy', '{"eiusmod consectetur dolore irure","mollit adipisicing minim volupta","pariatur eiusmod","mollit elit nulla ut","voluptate","adipisicing enim eiusmod duis en","exercitation velit","eu anim cupidatat veniam"}', DEFAULT, DEFAULT), ('8c0ef303-3ae4-5fe5-b0be-ef1788ae8707', '9bf2ad50-cccb-50eb-8269-3a7e78bd21f5', 202, 'public', 'Vision Control Blueprint', '{"ullamco pariatur","nisi adipisicing id","adipisicing consectetur adipisic","duis eiusmod","irure exercitation dolore","sit commodo irure","labore in","eu in","enim"}', DEFAULT, DEFAULT), ('ddd094e1-b8f4-560e-b960-af5227a9b337', 'eff6dde6-e4aa-5c61-9818-5d7ae0bf58b7', 204, 'unlisted', 'Map Control Blueprint', '{"cillum veniam ut","id irure"}', DEFAULT, DEFAULT), ('4bd93d1d-9da0-508d-a30a-5cd1fe2e858d', '844afdcc-93cf-55c8-b0f1-1cc22329a30b', 202, 'public', 'Baron Control Strategy', '{"non anim"}', DEFAULT, DEFAULT), ('2d25022b-866c-584e-895d-11b8a727c08f', '262a78c7-eb9d-5e1a-8e58-41ecb0c31fbd', 208, 'public', 'Jungle Control Playbook', '{"exercitation nulla","voluptate nulla","mollit magna deserunt occaecat v"}', DEFAULT, DEFAULT), ('8d4a5d0e-3ef8-5e54-ac1b-6a14acb1ad0e', 'cd42da7d-ec75-53b3-9aad-015766f58921', 209, 'private', 'Team Fight Execution Plan', '{"consequat quis anim deserunt ess","labore occaecat ullamco","irure quis magna eu","elit esse","velit cillum do est"}', DEFAULT, DEFAULT), ('6b889196-1556-5eef-89c0-e7506a0ca45b', '3adfc207-aaeb-5fa1-b329-eb7ef2061320', 201, 'public', 'Baron Control Strategy', '{"ullamco","commodo","veniam sunt laboris eiusmod","pariatur","tempor labore non nostrud"}', DEFAULT, DEFAULT), ('e6b5025c-d432-567c-bc94-e80f642225ff', 'a8212e1b-5577-5c28-9c38-2d4fbd753550', 207, 'public', 'Aggressive Rush Strategy', '{"dolor magna","nisi","eu voluptate veniam consectetur","ipsum voluptate laboris consecte","enim dolore magna laboris offici","eiusmod","veniam culpa ad"}', DEFAULT, DEFAULT), ('4d0eaa15-67e7-50e5-bd92-8596a8c41516', '94daea14-9b93-5933-9044-5ccc1eb32f8f', 209, 'public', 'Jungle Control Playbook', '{"exercitation dolor officia"}', DEFAULT, DEFAULT), ('c2405ac9-0838-5ce8-a85b-e6db0fbe6c10', '3dbd7acc-a0c5-5607-8378-ec8dc206b269', 207, 'unlisted', 'Early Game Dominance Guide', '{"excepteur proident","irure velit","elit sunt","cillum consectetur minim aliquip","ipsum voluptate ad dolore","laborum"}', DEFAULT, DEFAULT), ('c8df1446-9b17-5687-8ff4-001003cfca37', 'c7198a1e-f50c-5635-a5bf-2073d4da7bc6', 210, 'private', 'Jungle Control Playbook', '{"culpa","ad nisi","adipisicing veniam quis","id","adipisicing magna consectetur"}', DEFAULT, DEFAULT), ('f706294d-163e-5aef-a517-eae489067781', 'cd80d13e-478f-5058-8dfd-e20a76013cb5', 202, 'public', 'Counter Pick Blueprint', '{"elit aliquip esse tempor labore","incididunt enim occaecat nostrud","Lorem nisi cupidatat","do et ipsum minim"}', DEFAULT, DEFAULT), ('bee3d023-7908-5b1b-a6e7-320078c804bf', 'f8fbdff1-11b4-54fa-ab90-292d82d3d353', 201, 'private', 'Roaming Support Plan', '{"officia laborum","sint tempor exercitation commodo","cupidatat laboris velit","Lorem velit magna","commodo tempor ad","et ex","ut ad","pariatur consequat eiusmod"}', DEFAULT, DEFAULT), ('d607d7db-ee7a-57fa-b0f1-08a24201e561', '6843e0c5-7d9d-55cf-a335-436ba5672a4d', 206, 'unlisted', 'Objective Focused Strategy', '{"ex consequat","cupidatat non labore pariatur","qui","veniam qui","id elit","culpa Lorem officia enim incidid","esse laborum aliqua magna velit"}', DEFAULT, DEFAULT), ('6db5eb76-a4d8-59b2-8682-ac0a5dca423f', 'f46ce5c6-3097-5b5d-8213-37b749a8664f', 205, 'public', 'Objective Focused Strategy', '{"ad aliqua nulla","eu id","ea nostrud","cillum aliquip enim incididunt","ullamco ad","sint adipisicing cillum irure ip","tempor"}', DEFAULT, DEFAULT), ('f0859c52-737d-58da-9c95-b804668a9ae6', '051188d3-54fa-59f4-adc8-b929fcb2c826', 202, 'public', 'Gank Heavy Approach', '{"magna veniam","veniam fugiat adipisicing ad","deserunt excepteur eiusmod minim","aliquip cupidatat"}', DEFAULT, DEFAULT), ('f843e0b1-5e16-5c9e-923e-e155f87b2422', '831f051c-863e-5783-acbb-10017cb1c3ce', 209, 'unlisted', 'Aggressive Rush Strategy', '{"dolor incididunt sint","eu"}', DEFAULT, DEFAULT), ('971d3e7d-1fd1-5fd1-ba3a-0a99dda2cb04', 'bbcbd7eb-4377-550e-af45-f77d693d98fe', 208, 'public', 'Secure Objective Playbook', '{"ut officia","mollit deserunt voluptate adipis","do non ipsum quis"}', DEFAULT, DEFAULT), ('51c6dab5-99f7-56c9-a820-7cfc76e25abf', '39da01f0-2195-5fc3-a74a-d12c26c902a3', 209, 'public', 'Early Game Dominance Guide', '{"nisi amet"}', DEFAULT, DEFAULT), ('88430d1c-f998-5183-ac05-d06b362a058a', 'e334db45-3389-5a47-b7c9-4ff8121637b5', 205, 'public', 'Map Control Blueprint', '{"in est ad incididunt dolor","dolore elit","proident officia adipisicing eu","enim sit reprehenderit mollit si","deserunt labore adipisicing Lore","cillum laborum","eu enim Lorem amet cillum","eu culpa","elit ad proident nisi","mollit dolore"}', DEFAULT, DEFAULT), ('fc959555-d183-544e-8cf6-52532b383f25', 'ddb44318-7e83-5b4d-8ba4-3bbd19edd327', 210, 'private', 'Jungle Control Playbook', '{"sunt non in","irure aute culpa","anim","nulla non ullamco ea incididunt"}', DEFAULT, DEFAULT), ('94935318-fc9b-5864-874e-912b663c75f7', '286a711e-ae86-5be5-9195-1d963e0504f7', 210, 'private', 'Defensive Turtle Tactics', '{"excepteur adipisicing laborum eu","ipsum qui consectetur","incididunt","dolor"}', DEFAULT, DEFAULT), ('ea529f5a-add2-5f29-a44d-2a799c7ab051', '097c4d8e-94d3-5fd3-94ca-7bbb66cf6929', 207, 'unlisted', 'Early Game Dominance Guide', '{"consequat"}', DEFAULT, DEFAULT), ('b2bd3c17-1864-5b1f-8d71-b6fe96b48ba6', '1bdf6d4a-906f-5da5-b91f-35917468bf74', 204, 'public', 'Early Game Dominance Guide', '{"magna incididunt ipsum reprehend","Lorem adipisicing dolor","esse exercitation cillum","qui nostrud enim","amet eiusmod","enim laboris excepteur"}', DEFAULT, DEFAULT), ('a46777c9-6f34-5718-a195-68edd93e1d42', '65d8ad86-6271-552b-8704-fabcdcf18cdb', 201, 'private', 'Split Push Blueprint', '{"et non id aliqua consectetur","cillum duis voluptate","laboris reprehenderit deserunt e","ullamco veniam","aute est","nostrud incididunt","adipisicing veniam est","est tempor","ad eu enim","officia excepteur ut"}', DEFAULT, DEFAULT), ('0f3df2fb-dd6e-55b9-9f86-0babb8fec748', 'c67d2d09-4f9c-55d4-8995-a05fcda1aef5', 204, 'public', 'Vision Control Blueprint', '{"ipsum aliquip ut sunt"}', DEFAULT, DEFAULT), ('95bb7f47-209b-5f16-a018-19e8f23e6e16', '051188d3-54fa-59f4-adc8-b929fcb2c826', 205, 'public', 'Jungle Control Playbook', '{"duis magna cupidatat","nulla fugiat ex et est"}', DEFAULT, DEFAULT), ('78959a88-41ee-5d40-85cb-71e22f4c47aa', 'd664e8db-93ef-5294-a361-9e8640907e59', 206, 'public', 'Jungle Control Playbook', '{"voluptate","est ut ipsum fugiat sit","ipsum minim cillum","exercitation irure officia","fugiat in occaecat cillum","Lorem","enim non tempor","exercitation incididunt voluptat","commodo qui laborum cupidatat ul"}', DEFAULT, DEFAULT), ('a9e614f8-c87a-596e-bdaf-6e577865453e', 'a9752d0c-ade4-58c6-b746-1b9df56a3d08', 208, 'public', 'Siege Tactics Handbook', '{"sint aliquip","sunt duis"}', DEFAULT, DEFAULT), ('f80096a0-59ff-58f8-a58f-cd508cb0f33e', 'eea550bd-8120-5fb2-9339-ad3a549506d4', 207, 'public', 'Defensive Turtle Tactics', '{"est irure duis","id sunt nulla","do","fugiat sint","excepteur voluptate tempor labor","dolore anim veniam aliqua sit","occaecat voluptate sunt elit","consectetur magna pariatur","aute sint sunt esse deserunt"}', DEFAULT, DEFAULT), ('a444e395-f85a-5fcf-904b-e713df3a17f6', '404e076e-a943-52e4-a2ce-10591a9caa1f', 208, 'public', 'Siege Tactics Handbook', '{"ex consectetur aute","sit Lorem","nisi ullamco qui ad esse","eiusmod ut amet qui","officia incididunt"}', DEFAULT, DEFAULT);
INSERT INTO public.team_member_role (id,name,flags) VALUES (61, 'owner', 511), (62, 'editor', 7), (63, 'viewer', 1);
SELECT setval('"public"."team_member_role_id_seq"'::regclass, (SELECT MAX("id") FROM "public"."team_member_role"));
