INSERT INTO public.game (id,name,alias,icon,hidden,metadata,created_at) VALUES (74, 'Veniam', 'NBA2K', 'Iis es aliquis melius percipavis.', 'f', DEFAULT, DEFAULT), (75, 'Aliquip Id', 'NBA2K', 'Iis consequi aiunt postremum autem a, omorum meam aut videam sapientia partes.', 't', DEFAULT, DEFAULT), (76, 'Consectetur Exercita', 'GTA', 'Sapienti quae dolorem inum et domindicem, exiganda firmatistot locissima qualescentur repet mutantibus.', 'f', DEFAULT, DEFAULT);
SELECT setval('"public"."game_id_seq"'::regclass, (SELECT MAX("id") FROM "public"."game"));
INSERT INTO public.team (id,name,plan_id,created_at,updated_at) VALUES ('7c2c4732-09c1-5f7b-87ca-c53e7497b4ef', 'Dolorum me propter m', NULL, DEFAULT, DEFAULT), ('f50563b6-8532-51ec-b121-d8c6bca3e897', 'Quo disserui inis su', NULL, DEFAULT, DEFAULT), ('f1bf295c-195b-5a42-9c6b-5bfa14b58307', 'Voluptatib malum ea ', NULL, DEFAULT, DEFAULT), ('5e20f9a8-7b26-5a5f-8426-6b12c182d23c', 'Tractatem compartemp', NULL, DEFAULT, DEFAULT), ('53fe0e9e-3358-5722-b994-4faad8733cd3', 'Venire bonoribus ode', NULL, DEFAULT, DEFAULT), ('e4834379-a7a0-5f41-8193-f598072b1c83', 'Moles habeaturnit su', NULL, DEFAULT, DEFAULT), ('782f7eda-e535-5ab3-8415-643126d3b0fa', 'Autem sed rerum modo', NULL, DEFAULT, DEFAULT), ('5daf6f25-3b97-5f49-8f75-4ba5d1d74cd3', 'Quae sum decoribus i', NULL, DEFAULT, DEFAULT), ('3788fdae-c690-5563-abac-18b51e4d210f', 'Synephebos sin in en', NULL, DEFAULT, DEFAULT);
INSERT INTO public.plan (id,name,pricing,pricing_interval,is_default,config,created_at,updated_at) VALUES (19, 'Essential', 0, 'monthly', 't', DEFAULT, DEFAULT, DEFAULT), (20, 'Advanced', 15.803108597090716, 'monthly', 'f', DEFAULT, DEFAULT, DEFAULT), (21, 'Pro', 12.111348826482082, 'yearly', 'f', DEFAULT, DEFAULT, DEFAULT);
INSERT INTO public.book (id,name,team_id,game_id,created_at,updated_at) VALUES ('1e7e0bcb-4fc0-5d72-81a5-d67a74a13595', 'Lorem Incididunt Lor', '7c2c4732-09c1-5f7b-87ca-c53e7497b4ef', 75, DEFAULT, DEFAULT), ('d297ab9e-40d4-51b5-bb8f-a1df399f1a9a', 'Culpa Cillum', '7c2c4732-09c1-5f7b-87ca-c53e7497b4ef', 75, DEFAULT, DEFAULT), ('d1b8f3f8-af26-5088-8712-273c28ba98f7', 'Ipsum', '7c2c4732-09c1-5f7b-87ca-c53e7497b4ef', 75, DEFAULT, DEFAULT), ('3ff60d7a-a4ad-54c5-a422-53b52cd53093', 'Adipisicing Ad', '7c2c4732-09c1-5f7b-87ca-c53e7497b4ef', 76, DEFAULT, DEFAULT), ('cfbfd1d4-e77f-57e5-94da-e9ff2cc7a996', 'Nostrud Incididunt', '7c2c4732-09c1-5f7b-87ca-c53e7497b4ef', 76, DEFAULT, DEFAULT), ('98eaafd3-adbf-5a3e-adb9-b3fb6971b6f1', 'Sunt', 'f50563b6-8532-51ec-b121-d8c6bca3e897', 75, DEFAULT, DEFAULT), ('2d1d7734-be70-5d07-a538-e76c6cae722e', 'Do Aliquip', 'f50563b6-8532-51ec-b121-d8c6bca3e897', 76, DEFAULT, DEFAULT), ('b5605791-3389-56c2-9ec6-17d538b9bb85', 'Dolor Proident', 'f50563b6-8532-51ec-b121-d8c6bca3e897', 76, DEFAULT, DEFAULT), ('a8212e1b-5577-5c28-9c38-2d4fbd753550', 'Dolor Ea Laboris', 'f1bf295c-195b-5a42-9c6b-5bfa14b58307', 74, DEFAULT, DEFAULT), ('59558fa1-9cc0-5e85-a331-879d76e07f05', 'Proident Ullamco Aut', 'f1bf295c-195b-5a42-9c6b-5bfa14b58307', 76, DEFAULT, DEFAULT), ('8926b9fd-34b2-5421-a25c-9cd89c12cad0', 'Laboris', 'f1bf295c-195b-5a42-9c6b-5bfa14b58307', 76, DEFAULT, DEFAULT), ('5d378209-1fd5-506f-8b3f-511a16489d69', 'Aliqua Veniam', 'f1bf295c-195b-5a42-9c6b-5bfa14b58307', 76, DEFAULT, DEFAULT), ('305fa448-c3bf-59c7-a989-19ae69ce0725', 'Pariatur Ex', 'f1bf295c-195b-5a42-9c6b-5bfa14b58307', 75, DEFAULT, DEFAULT), ('853509f0-6836-5fa7-87f2-fb0a9a8766d2', 'Et', 'f1bf295c-195b-5a42-9c6b-5bfa14b58307', 76, DEFAULT, DEFAULT), ('bbc51950-a428-5ed7-b604-6444a902714b', 'Id', 'f1bf295c-195b-5a42-9c6b-5bfa14b58307', 74, DEFAULT, DEFAULT), ('89f211a9-c1e7-5fa6-9108-784d98291012', 'Consectetur Culpa', 'f1bf295c-195b-5a42-9c6b-5bfa14b58307', 76, DEFAULT, DEFAULT), ('75e07351-a344-5719-bccf-45791a666af4', 'Officia Sunt Consequ', 'f1bf295c-195b-5a42-9c6b-5bfa14b58307', 74, DEFAULT, DEFAULT), ('d19db439-c7e7-53a7-aa19-0db346180dc1', 'Sint Officia Ut', '5e20f9a8-7b26-5a5f-8426-6b12c182d23c', 75, DEFAULT, DEFAULT), ('91434b27-2651-5429-8f42-45c3f8e334a0', 'In', '5e20f9a8-7b26-5a5f-8426-6b12c182d23c', 74, DEFAULT, DEFAULT), ('549980e7-3e77-5d76-b263-84664d04b209', 'Nisi Fugiat', '5e20f9a8-7b26-5a5f-8426-6b12c182d23c', 75, DEFAULT, DEFAULT), ('b32027db-33da-5dc2-b906-e0c2a06ac683', 'Ut Veniam Amet', '53fe0e9e-3358-5722-b994-4faad8733cd3', 74, DEFAULT, DEFAULT), ('b7a89d05-549f-565f-b631-b59097e91d1a', 'Eiusmod Sint Anim', '53fe0e9e-3358-5722-b994-4faad8733cd3', 75, DEFAULT, DEFAULT), ('ac9f0e3e-b030-584f-a8dd-87355fe22537', 'Dolor Consequat', '53fe0e9e-3358-5722-b994-4faad8733cd3', 74, DEFAULT, DEFAULT), ('438bff0e-fd50-5c86-89ee-d397a0c0e548', 'Proident Mollit Amet', '53fe0e9e-3358-5722-b994-4faad8733cd3', 75, DEFAULT, DEFAULT), ('9bf2ad50-cccb-50eb-8269-3a7e78bd21f5', 'Elit', '53fe0e9e-3358-5722-b994-4faad8733cd3', 75, DEFAULT, DEFAULT), ('36f6f3ba-e867-5008-b6c1-829e989f9d2f', 'Velit Exercitation I', '53fe0e9e-3358-5722-b994-4faad8733cd3', 75, DEFAULT, DEFAULT), ('19495f2f-99a6-5394-9596-a1d3fb0d3196', 'Adipisicing', '53fe0e9e-3358-5722-b994-4faad8733cd3', 74, DEFAULT, DEFAULT), ('26f7bb6a-3c9c-5b30-b11b-be5ebfb91948', 'Est Minim', 'e4834379-a7a0-5f41-8193-f598072b1c83', 74, DEFAULT, DEFAULT), ('e5b4727f-be5e-52c0-83cb-cb7ba230945f', 'Labore Reprehenderit', 'e4834379-a7a0-5f41-8193-f598072b1c83', 75, DEFAULT, DEFAULT), ('290e51c6-7ff6-5db4-8f40-69dda051b66c', 'Do', 'e4834379-a7a0-5f41-8193-f598072b1c83', 76, DEFAULT, DEFAULT), ('6c3f6730-2b1a-5e27-97de-caacad0bb1a5', 'Ea Ipsum', 'e4834379-a7a0-5f41-8193-f598072b1c83', 76, DEFAULT, DEFAULT), ('7d0c4d54-58ae-5ddf-b108-590171e8655a', 'Qui', 'e4834379-a7a0-5f41-8193-f598072b1c83', 75, DEFAULT, DEFAULT), ('5dd9c208-a224-5712-b987-eab6b9a89e23', 'Enim Aute', 'e4834379-a7a0-5f41-8193-f598072b1c83', 75, DEFAULT, DEFAULT), ('8bfeb6d5-d92f-5041-aa1b-39b8365c0a59', 'Amet Aliquip', 'e4834379-a7a0-5f41-8193-f598072b1c83', 75, DEFAULT, DEFAULT), ('a3141029-aec2-543b-b18a-49fe947e3304', 'Cillum Id', '782f7eda-e535-5ab3-8415-643126d3b0fa', 74, DEFAULT, DEFAULT), ('6c52c1d9-13a4-51ef-ae51-1dacc4c14be9', 'Exercitation Veniam', '782f7eda-e535-5ab3-8415-643126d3b0fa', 74, DEFAULT, DEFAULT), ('2589cf16-4103-5a4f-b544-b30078083eaa', 'Irure Magna Voluptat', '782f7eda-e535-5ab3-8415-643126d3b0fa', 75, DEFAULT, DEFAULT), ('a88bc9b9-135e-55c7-8c4c-5a072a3c8573', 'Minim', '782f7eda-e535-5ab3-8415-643126d3b0fa', 76, DEFAULT, DEFAULT), ('8b7e423b-b9b9-5b3c-bf3d-1aa45d16235c', 'Exercitation Commodo', '782f7eda-e535-5ab3-8415-643126d3b0fa', 76, DEFAULT, DEFAULT), ('882c7ae5-914f-539d-8207-691de536097f', 'Elit Lorem Elit', '782f7eda-e535-5ab3-8415-643126d3b0fa', 75, DEFAULT, DEFAULT), ('811570ef-0b81-508d-ba05-2f5e812d4131', 'Non', '782f7eda-e535-5ab3-8415-643126d3b0fa', 74, DEFAULT, DEFAULT), ('29b47b7e-4cec-5d5a-b93d-172770b57ed6', 'Sit Consequat Irure', '782f7eda-e535-5ab3-8415-643126d3b0fa', 74, DEFAULT, DEFAULT), ('a5e6c58e-54df-5943-b1b7-463c2ae0fb74', 'Sint Non', '782f7eda-e535-5ab3-8415-643126d3b0fa', 75, DEFAULT, DEFAULT), ('0ddbd373-5148-5d1c-b950-701854fc6604', 'Do Nisi', '782f7eda-e535-5ab3-8415-643126d3b0fa', 74, DEFAULT, DEFAULT), ('9b1fc781-1e4e-56d2-bd68-0dc257a319c0', 'Minim Exercitation', '5daf6f25-3b97-5f49-8f75-4ba5d1d74cd3', 75, DEFAULT, DEFAULT), ('8a0a556f-d942-55f0-8ba8-1ffbfaf3c6d9', 'Consequat', '5daf6f25-3b97-5f49-8f75-4ba5d1d74cd3', 75, DEFAULT, DEFAULT), ('91fa3874-9437-5dfa-a49a-f19fb38d9e92', 'Nulla Consequat', '5daf6f25-3b97-5f49-8f75-4ba5d1d74cd3', 75, DEFAULT, DEFAULT), ('eda91f04-12ef-5904-88aa-e6ed9a692e03', 'Aute Do', '5daf6f25-3b97-5f49-8f75-4ba5d1d74cd3', 74, DEFAULT, DEFAULT), ('1d3f740a-8c60-5c1d-aa9e-3854a33c8e1d', 'Lorem Sit', '5daf6f25-3b97-5f49-8f75-4ba5d1d74cd3', 76, DEFAULT, DEFAULT), ('d9bba68a-079c-5141-bd43-756b87167584', 'Lorem Velit Aliqua', '5daf6f25-3b97-5f49-8f75-4ba5d1d74cd3', 75, DEFAULT, DEFAULT), ('3204ce32-7c5b-5953-969e-fe1d17de6e76', 'Fugiat Proident', '3788fdae-c690-5563-abac-18b51e4d210f', 76, DEFAULT, DEFAULT), ('eecf8a7e-af2f-524d-a645-c5fba3ebda06', 'Cupidatat Elit', '3788fdae-c690-5563-abac-18b51e4d210f', 76, DEFAULT, DEFAULT), ('8d3f145b-67b0-504d-b49a-d59ecea5d2d8', 'Cillum', '3788fdae-c690-5563-abac-18b51e4d210f', 75, DEFAULT, DEFAULT), ('d00c085d-72d6-5114-a5fd-ba818539c2f7', 'Duis Sit', '3788fdae-c690-5563-abac-18b51e4d210f', 76, DEFAULT, DEFAULT), ('de459427-bb2c-5381-bdbf-7126efbb65c9', 'Id Adipisicing', '3788fdae-c690-5563-abac-18b51e4d210f', 75, DEFAULT, DEFAULT), ('fd2a8113-662a-5782-9e12-f7b49eee56e0', 'Occaecat Adipisicing', '3788fdae-c690-5563-abac-18b51e4d210f', 75, DEFAULT, DEFAULT);
UPDATE public.team SET plan_id = 19 WHERE id = '7c2c4732-09c1-5f7b-87ca-c53e7497b4ef';
UPDATE public.team SET plan_id = 19 WHERE id = 'f50563b6-8532-51ec-b121-d8c6bca3e897';
UPDATE public.team SET plan_id = 19 WHERE id = 'f1bf295c-195b-5a42-9c6b-5bfa14b58307';
UPDATE public.team SET plan_id = 20 WHERE id = '5e20f9a8-7b26-5a5f-8426-6b12c182d23c';
UPDATE public.team SET plan_id = 20 WHERE id = '53fe0e9e-3358-5722-b994-4faad8733cd3';
UPDATE public.team SET plan_id = 20 WHERE id = 'e4834379-a7a0-5f41-8193-f598072b1c83';
UPDATE public.team SET plan_id = 21 WHERE id = '782f7eda-e535-5ab3-8415-643126d3b0fa';
UPDATE public.team SET plan_id = 21 WHERE id = '5daf6f25-3b97-5f49-8f75-4ba5d1d74cd3';
UPDATE public.team SET plan_id = 21 WHERE id = '3788fdae-c690-5563-abac-18b51e4d210f';
SELECT setval('"public"."plan_id_seq"'::regclass, (SELECT MAX("id") FROM "public"."plan"));
INSERT INTO public.game (id,name,alias,icon,hidden,metadata,created_at) VALUES (77, 'Is ine vide parendum sit nota memin.', 'NHL', 'Modus non es sed videre pro ut eadem, inissimus tamen erea natur inem sed in esse.', 'f', DEFAULT, DEFAULT), (78, 'Nec torquato inum are assuevitus fecta, quae cum ad quod redeam ', 'FIFA', 'Autem tandemocar ut mihi en autem nihilit ut.', 't', DEFAULT, DEFAULT), (79, 'Possimultim quidem it cognitioque quis ute ea.', 'Apex', 'Dolor uti quidam ea maxim philos.', 't', DEFAULT, DEFAULT), (80, 'Novi summum rerum polyaeno ad, placet animpender scipio cum sunt', 'Forty', 'Am credo quoniam cum perpessio de relique, et nullam nomenditat quem dicantiam.', 't', DEFAULT, DEFAULT), (81, 'Quiete homin qui sunt arendam satis adipsos.', 'Terra', 'Efficit natum cum modo graecum.', 'f', DEFAULT, DEFAULT), (82, 'Se viam aretiamque nihilesse et, est epicitat isset efficiuntur ', 'Overw', 'Sed as autem quod audirca ut philosoption res.', 'f', DEFAULT, DEFAULT), (83, 'Animum sollicitaq semelabil parvos probavit inquit is disserenim', 'PUBG', 'Quasi quas id servirtute morbis quid, praeclarantur us vivere aut qualis cohaerest cum si.', 'f', DEFAULT, DEFAULT), (84, 'Voluptatib magnos es quo modi, affere naturae nec de hocles endo', 'Mines', 'Orum quidem quid albam omos ocritud mundi minuentium.', 'f', DEFAULT, DEFAULT), (85, 'Non minus private insequuntur quid, faciliarum etiam pecunt es o', 'PUBG', 'Tamque ina ut quippiam aut desis parate, efficiantur ut spe mundustriae habeat omnia sentineantur.', 'f', DEFAULT, DEFAULT), (86, 'Non vulgo malivolum a si quibus etiam id, se illum ac quidem nat', 'Overw', 'Dicitas int inter aut ne aut iucunumque teneris, debilistra studiis nec es arbitratio et verum de.', 't', DEFAULT, DEFAULT);
INSERT INTO public.arena (id,game_id,name,metadata,created_at,updated_at) VALUES (61, 77, 'Silverlake Stadium', '{"A":"Sed explicem"}', DEFAULT, DEFAULT), (62, 78, 'Downtown Plaza Pavilion', '{"In":"Adiuvet ne bonare"}', DEFAULT, DEFAULT), (63, 79, 'Bayshore Pavilion', '{"Se":"Petu ad causam"}', DEFAULT, DEFAULT), (64, 80, 'Sunset Stadium', '{"Es":"Videntur aut"}', DEFAULT, DEFAULT), (65, 81, 'Downtown Square Pavilion', '{"Tamenti":"Adipsa dolorem veris"}', DEFAULT, DEFAULT), (66, 82, 'Oceanfront Amphitheater', '{"Non":"Reliqua voluptatem"}', DEFAULT, DEFAULT), (67, 83, 'Main Square Arena', '{"Ut":"Dolor quo"}', DEFAULT, DEFAULT), (68, 84, 'Southbank Arena', '{"Omnino":"Synephebosop acut sicut"}', DEFAULT, DEFAULT), (69, 85, 'Waterfront Amphitheater', '{"Alest":"Ipse pertur voluptate"}', DEFAULT, DEFAULT), (70, 86, 'Meadowbrook Pavilion', '{"A":"Voluptatib posse quae"}', DEFAULT, DEFAULT);
SELECT setval('"public"."game_id_seq"'::regclass, (SELECT MAX("id") FROM "public"."game"));
SELECT setval('"public"."arena_id_seq"'::regclass, (SELECT MAX("id") FROM "public"."arena"));
INSERT INTO public.blueprint (id,book_id,arena_id,visibility,name,tags,data,created_at,updated_at) VALUES ('fd4a2d4e-8569-59ca-837d-fb7fa0ab1be1', '5d378209-1fd5-506f-8b3f-511a16489d69', 65, 'public', 'Roaming Support Plan', '{"minim dolor","dolor velit tempor nulla","minim et","sunt exercitation esse mollit","eu officia ullamco","sint est amet aliquip","dolor eiusmod laboris in","quis culpa labore","minim proident"}', DEFAULT, DEFAULT, DEFAULT), ('e0502ed9-8194-54d4-be5d-43176e2a7438', '8d3f145b-67b0-504d-b49a-d59ecea5d2d8', 68, 'unlisted', 'Roaming Support Plan', '{"tempor","aliquip nostrud","qui","ipsum incididunt sint","labore aliqua adipisicing aliqui","nostrud reprehenderit"}', DEFAULT, DEFAULT, DEFAULT), ('cba89714-5b1d-590f-92a2-27cfb555b7e4', 'd00c085d-72d6-5114-a5fd-ba818539c2f7', 64, 'public', 'Gank Heavy Approach', '{"cupidatat irure","do fugiat in","proident commodo id pariatur vol"}', DEFAULT, DEFAULT, DEFAULT), ('497b8842-fb80-5638-ba6f-3f3e64daa06b', 'd00c085d-72d6-5114-a5fd-ba818539c2f7', 62, 'public', 'Map Control Blueprint', '{"excepteur aute ut","est in","enim mollit elit duis","anim commodo","non cillum duis occaecat in","sint consequat Lorem ea","velit","Lorem ad consequat sit","ea Lorem"}', DEFAULT, DEFAULT, DEFAULT), ('75fbf0dd-b3c9-5513-87f0-9d9a9004f64c', '853509f0-6836-5fa7-87f2-fb0a9a8766d2', 63, 'private', 'Baron Control Strategy', '{"qui minim aute","sunt deserunt excepteur culpa ad","cupidatat qui proident","exercitation nisi"}', DEFAULT, DEFAULT, DEFAULT), ('0352b4c9-6de9-5702-929d-3d622c6456a1', '3204ce32-7c5b-5953-969e-fe1d17de6e76', 64, 'public', 'Rotation Strategy Document', '{"elit ea sit tempor minim"}', DEFAULT, DEFAULT, DEFAULT), ('1e701d2b-566c-5f82-8280-a2a9d02ee590', 'b5605791-3389-56c2-9ec6-17d538b9bb85', 64, 'unlisted', 'Early Game Dominance Guide', '{"eu proident","exercitation exercitation","laboris labore","nisi eu mollit officia","velit"}', DEFAULT, DEFAULT, DEFAULT), ('f04c0ed1-b624-5092-8b98-dae6fff857dc', '91434b27-2651-5429-8f42-45c3f8e334a0', 66, 'private', 'Early Game Dominance Guide', '{"irure non elit Lorem deserunt","cupidatat officia exercitation n","nulla ullamco in eiusmod","elit culpa qui"}', DEFAULT, DEFAULT, DEFAULT), ('7eef79d9-ea6c-5417-b347-09dbcb8b4c78', '6c3f6730-2b1a-5e27-97de-caacad0bb1a5', 63, 'unlisted', 'Roaming Support Plan', '{"anim non amet nisi incididunt","quis laboris pariatur","velit eiusmod adipisicing","voluptate","officia excepteur adipisicing of","fugiat","eiusmod officia","in id consectetur in reprehender","laboris et"}', DEFAULT, DEFAULT, DEFAULT), ('3aff3e37-0331-5c7a-a0f5-1b6595c2ad7b', 'd19db439-c7e7-53a7-aa19-0db346180dc1', 69, 'public', 'Baron Control Strategy', '{"ex","do anim proident veniam","cupidatat minim aliqua adipisici","ad duis","elit deserunt","laboris ex sint"}', DEFAULT, DEFAULT, DEFAULT), ('7c0cf1d4-d57d-5092-a3f0-ca49e04ace52', 'a8212e1b-5577-5c28-9c38-2d4fbd753550', 63, 'public', 'Roaming Support Plan', '{"ea veniam elit duis"}', DEFAULT, DEFAULT, DEFAULT), ('26c80d6d-0d6f-5fb2-8296-8b5e9e1fdeb7', '853509f0-6836-5fa7-87f2-fb0a9a8766d2', 70, 'unlisted', 'Early Game Dominance Guide', '{"magna duis ex elit consequat","ullamco","ut ullamco nostrud eiusmod","id ea"}', DEFAULT, DEFAULT, DEFAULT), ('310ccf44-859c-5587-8001-5aa84afb3236', 'ac9f0e3e-b030-584f-a8dd-87355fe22537', 67, 'private', 'Wave Management Plan', '{"voluptate proident cillum velit","aliqua velit","cillum cillum voluptate","cupidatat excepteur non","veniam occaecat","velit sunt nisi sunt voluptate","minim esse et elit anim","nulla eu enim exercitation","anim cillum voluptate eiusmod"}', DEFAULT, DEFAULT, DEFAULT), ('c6131a0d-c1ea-5dce-8460-c91026e41f9f', '29b47b7e-4cec-5d5a-b93d-172770b57ed6', 67, 'public', 'Siege Tactics Handbook', '{"non ullamco","ea in","commodo dolore","esse velit eu quis voluptate"}', DEFAULT, DEFAULT, DEFAULT), ('054eb394-a081-59a1-b613-e1c8bbcc6250', 'b5605791-3389-56c2-9ec6-17d538b9bb85', 63, 'public', 'Counter Pick Blueprint', '{"commodo","aliqua minim","proident ea voluptate labore","do","dolor est laboris anim","irure nulla","velit exercitation ex","mollit dolore","quis commodo ad"}', DEFAULT, DEFAULT, DEFAULT), ('4cb602e9-b66f-5f7e-a7a1-71729454372c', '29b47b7e-4cec-5d5a-b93d-172770b57ed6', 68, 'unlisted', 'Rotation Strategy Document', '{"voluptate nisi eiusmod id","exercitation labore ea","laborum tempor in","excepteur laboris exercitation d","incididunt nostrud do ea","sunt laboris id","nostrud enim ut ad","adipisicing minim culpa quis","cillum non ad exercitation","sint est"}', DEFAULT, DEFAULT, DEFAULT), ('8ed312f8-fa19-5305-a78e-7cdee2dc9e00', '29b47b7e-4cec-5d5a-b93d-172770b57ed6', 69, 'private', 'Aggressive Rush Strategy', '{"exercitation eiusmod et","ullamco ullamco","nostrud nulla velit consequat si","cupidatat","enim velit culpa sint","elit pariatur sit","dolore magna reprehenderit","ad"}', DEFAULT, DEFAULT, DEFAULT), ('c9bad04c-3d6e-5efe-9540-7763dde57640', '290e51c6-7ff6-5db4-8f40-69dda051b66c', 69, 'private', 'Objective Focused Strategy', '{"est laborum","amet enim do","consectetur minim voluptate labo","sit tempor","in amet occaecat adipisicing","veniam deserunt","eiusmod duis minim magna","mollit ea occaecat","in mollit esse aute"}', DEFAULT, DEFAULT, DEFAULT), ('7a350dde-d215-538c-bfd3-d5cdd8b40555', 'b7a89d05-549f-565f-b631-b59097e91d1a', 70, 'public', 'Counter Pick Blueprint', '{"ea sit culpa aute"}', DEFAULT, DEFAULT, DEFAULT), ('bd6c4dd0-06e8-56ab-abd6-6e9e777c13a7', '6c3f6730-2b1a-5e27-97de-caacad0bb1a5', 64, 'public', 'Counter Pick Blueprint', '{"qui deserunt ad ullamco"}', DEFAULT, DEFAULT, DEFAULT), ('844103e5-8cf8-5795-8a63-ccecfc3e2001', '19495f2f-99a6-5394-9596-a1d3fb0d3196', 66, 'public', 'Gank Heavy Approach', '{"reprehenderit adipisicing irure ","magna officia","laborum cupidatat tempor","labore ullamco","nostrud","commodo pariatur cillum do","ullamco magna aliquip exercitati","reprehenderit labore"}', DEFAULT, DEFAULT, DEFAULT), ('582d0ca1-76cc-5500-9dd8-190ab817072d', '1d3f740a-8c60-5c1d-aa9e-3854a33c8e1d', 69, 'private', 'Vision Control Blueprint', '{"esse duis irure consectetur","ipsum proident","non labore","minim commodo enim culpa cillum","enim sint culpa ipsum","reprehenderit non proident","excepteur ipsum consequat esse","elit incididunt nostrud aliquip","aliqua ex nulla velit incididunt","aliqua reprehenderit dolor adipi"}', DEFAULT, DEFAULT, DEFAULT), ('9012aa86-f8a2-5033-82d5-336bcaa03c26', 'a8212e1b-5577-5c28-9c38-2d4fbd753550', 70, 'public', 'Siege Tactics Handbook', '{"deserunt ex ea incididunt veniam","veniam aute excepteur ut","laboris non","velit nulla cillum","duis cupidatat irure culpa"}', DEFAULT, DEFAULT, DEFAULT), ('746bb5ad-439a-519a-90ef-991641df1623', 'a3141029-aec2-543b-b18a-49fe947e3304', 68, 'unlisted', 'Late Game Scaling Strategy', '{"cillum et id occaecat","minim magna incididunt","excepteur aute in","duis laborum amet"}', DEFAULT, DEFAULT, DEFAULT), ('b1bab82d-de7c-55e3-8115-1651b8f68765', '5d378209-1fd5-506f-8b3f-511a16489d69', 62, 'private', 'Secure Objective Playbook', '{"exercitation","non minim tempor commodo","cillum do pariatur sit","commodo commodo aute reprehender","consectetur labore","sunt nisi do","ea adipisicing aliqua aliqua","nulla dolore consequat sit"}', DEFAULT, DEFAULT, DEFAULT), ('0145500d-2ab2-5c49-9cea-edd711ce1cc9', '5dd9c208-a224-5712-b987-eab6b9a89e23', 64, 'unlisted', 'Aggressive Rush Strategy', '{"officia nostrud"}', DEFAULT, DEFAULT, DEFAULT), ('703c3370-90fb-5d22-8365-f34357b3ffb8', '3204ce32-7c5b-5953-969e-fe1d17de6e76', 67, 'private', 'Rotation Strategy Document', '{"eu quis velit voluptate","magna esse sit nisi ea","voluptate quis irure culpa labor","fugiat Lorem id nulla","ea magna occaecat"}', DEFAULT, DEFAULT, DEFAULT), ('fd862b26-fe8c-52d0-b06e-3c9f938bd3ab', 'e5b4727f-be5e-52c0-83cb-cb7ba230945f', 67, 'public', 'Jungle Control Playbook', '{"aliqua ad","non","do aliquip","est officia","nisi laboris aliquip minim","aliqua nulla ea consectetur","aliquip ad irure labore"}', DEFAULT, DEFAULT, DEFAULT), ('70415515-b81b-59ef-a1ed-18578b73b7ae', 'cfbfd1d4-e77f-57e5-94da-e9ff2cc7a996', 68, 'private', 'Baron Control Strategy', '{"aliqua quis nostrud","cillum ex labore"}', DEFAULT, DEFAULT, DEFAULT), ('c5558815-aa72-5938-a7c8-62ae2c1a039c', '549980e7-3e77-5d76-b263-84664d04b209', 68, 'public', 'Secure Objective Playbook', '{"esse ex laborum"}', DEFAULT, DEFAULT, DEFAULT), ('703bbd20-9625-5bd7-8aa3-5ead0245fe50', '1e7e0bcb-4fc0-5d72-81a5-d67a74a13595', 61, 'unlisted', 'Objective Focused Strategy', '{"ut amet do exercitation id","eu culpa ad ipsum in","minim ipsum pariatur aliquip","magna exercitation eiusmod","ea ex","cupidatat","Lorem magna ex reprehenderit mag","nulla consequat dolore"}', DEFAULT, DEFAULT, DEFAULT), ('68ff3d82-b6b6-5053-9e74-aa9b346dd8d1', 'ac9f0e3e-b030-584f-a8dd-87355fe22537', 70, 'private', 'Wave Management Plan', '{"pariatur","consectetur ut Lorem aliqua","dolor incididunt elit laboris","labore id in cillum in","cillum ea cillum cillum","id aliqua nisi nisi occaecat","laboris nulla Lorem","dolor ad minim reprehenderit","eu nostrud","adipisicing tempor"}', DEFAULT, DEFAULT, DEFAULT), ('522e120d-7e21-504a-9c96-99e429197e5a', '811570ef-0b81-508d-ba05-2f5e812d4131', 67, 'unlisted', 'Counter Pick Blueprint', '{"eiusmod qui eu proident incididu"}', DEFAULT, DEFAULT, DEFAULT), ('54b879fc-04e4-53b3-8cec-0174fc0ccd34', '8a0a556f-d942-55f0-8ba8-1ffbfaf3c6d9', 65, 'private', 'Counter Pick Blueprint', '{"ullamco culpa eu minim","est in","irure sint","consequat dolor occaecat consect"}', DEFAULT, DEFAULT, DEFAULT), ('fb90b354-0ae1-59da-9637-61f6c5ed3fb9', 'a3141029-aec2-543b-b18a-49fe947e3304', 64, 'public', 'Secure Objective Playbook', '{"nisi incididunt sunt qui","ex incididunt","laborum eiusmod","excepteur cillum","do magna laborum adipisicing","minim aliqua ullamco dolor minim","ipsum","culpa do Lorem do voluptate","laborum"}', DEFAULT, DEFAULT, DEFAULT), ('95b3988b-e14b-57a7-900d-4985cb116f17', '8b7e423b-b9b9-5b3c-bf3d-1aa45d16235c', 66, 'private', 'Gank Heavy Approach', '{"fugiat id","ut incididunt sint","in aute adipisicing fugiat","anim","nulla excepteur laboris","cupidatat pariatur","velit cillum id eu","fugiat tempor fugiat","occaecat incididunt"}', DEFAULT, DEFAULT, DEFAULT), ('7d1face3-2e87-52f5-9623-fff9de0a6539', '438bff0e-fd50-5c86-89ee-d397a0c0e548', 69, 'public', 'Map Control Blueprint', '{"ipsum exercitation ad in","incididunt eiusmod ad","ex","et enim excepteur aliqua"}', DEFAULT, DEFAULT, DEFAULT), ('e8bf9a25-132d-5d46-b40a-d08534be6c9f', 'ac9f0e3e-b030-584f-a8dd-87355fe22537', 61, 'unlisted', 'Counter Pick Blueprint', '{"veniam Lorem dolore do","qui est","ipsum mollit","Lorem in dolore","non veniam sunt laborum","ut amet sunt","nostrud et ad","id est culpa do","sunt proident commodo aliqua ali"}', DEFAULT, DEFAULT, DEFAULT), ('29a560e9-84d9-5f41-9b09-76969cbfb144', 'eda91f04-12ef-5904-88aa-e6ed9a692e03', 62, 'public', 'Counter Pick Blueprint', '{"reprehenderit sint irure"}', DEFAULT, DEFAULT, DEFAULT), ('d9c4b302-5ab0-5114-8120-41d1876c7eb9', '8bfeb6d5-d92f-5041-aa1b-39b8365c0a59', 67, 'public', 'Objective Focused Strategy', '{"consectetur ipsum non Lorem","officia sunt commodo ea sunt","nisi veniam mollit reprehenderit","cillum sunt occaecat veniam moll","ut fugiat veniam culpa"}', DEFAULT, DEFAULT, DEFAULT), ('ca1b9e1e-f7c0-5c4a-a566-aabf3f7ebb80', 'd00c085d-72d6-5114-a5fd-ba818539c2f7', 63, 'unlisted', 'Vision Denial Blueprint', '{"consequat minim","dolor","amet","magna cupidatat deserunt","voluptate","reprehenderit pariatur","eu nisi eu cillum","irure deserunt labore"}', DEFAULT, DEFAULT, DEFAULT), ('cde91e33-9c71-56e0-b19e-f2372fa577cf', 'd1b8f3f8-af26-5088-8712-273c28ba98f7', 70, 'private', 'Secure Objective Playbook', '{"adipisicing Lorem commodo","deserunt nostrud laborum consequ","qui minim"}', DEFAULT, DEFAULT, DEFAULT), ('013547e4-326e-5221-8377-310093ccf53a', 'eecf8a7e-af2f-524d-a645-c5fba3ebda06', 70, 'private', 'Rotation Strategy Document', '{"ad laboris minim","pariatur ad nostrud","mollit mollit","non deserunt in ad enim"}', DEFAULT, DEFAULT, DEFAULT), ('50cffa66-dd91-5aed-8c46-1b76e488de31', '36f6f3ba-e867-5008-b6c1-829e989f9d2f', 66, 'unlisted', 'Rotation Strategy Document', '{"cupidatat adipisicing","excepteur","qui quis nostrud","qui","sint sint laboris esse"}', DEFAULT, DEFAULT, DEFAULT), ('f550c2bf-a147-5e29-8a01-470336f387eb', '6c3f6730-2b1a-5e27-97de-caacad0bb1a5', 66, 'unlisted', 'Map Control Blueprint', '{"nulla ipsum ut magna reprehender","elit eu est mollit","adipisicing irure eu ea","reprehenderit fugiat ullamco iru","eu pariatur","eiusmod Lorem nisi"}', DEFAULT, DEFAULT, DEFAULT), ('a30e3d57-ad0a-594d-9622-8a2514b8110c', '29b47b7e-4cec-5d5a-b93d-172770b57ed6', 68, 'private', 'Roaming Support Plan', '{"incididunt","quis officia irure ullamco do","incididunt dolor sit occaecat","culpa consectetur","officia eu est amet","voluptate pariatur eiusmod repre","sunt laboris","cupidatat ut","consequat laborum veniam laborum","amet incididunt"}', DEFAULT, DEFAULT, DEFAULT), ('cb76f565-509b-50d9-bbe4-5c6e7c9b0eb4', '75e07351-a344-5719-bccf-45791a666af4', 70, 'unlisted', 'Secure Objective Playbook', '{"excepteur et est consectetur vol","magna"}', DEFAULT, DEFAULT, DEFAULT), ('a344c7b4-07e6-54df-b4ed-f27c7916e147', '2d1d7734-be70-5d07-a538-e76c6cae722e', 62, 'public', 'Split Push Blueprint', '{"fugiat deserunt ea ut","elit ea incididunt","incididunt","occaecat duis","nostrud cupidatat","officia ea duis laborum","exercitation pariatur mollit","excepteur quis culpa","tempor"}', DEFAULT, DEFAULT, DEFAULT), ('6c40d2d3-07ad-5aa1-a5fa-cf5861475e5d', '19495f2f-99a6-5394-9596-a1d3fb0d3196', 65, 'unlisted', 'Team Fight Execution Plan', '{"culpa ex officia eiusmod"}', DEFAULT, DEFAULT, DEFAULT), ('ba7460a4-9316-52e4-9e3a-05ee82b85e66', '0ddbd373-5148-5d1c-b950-701854fc6604', 65, 'unlisted', 'Split Push Blueprint', '{"elit officia anim et pariatur","cupidatat excepteur cupidatat de","officia qui voluptate","exercitation ut officia excepteu","veniam laborum dolore ullamco","dolor officia et","exercitation ullamco culpa","sunt cillum excepteur dolore"}', DEFAULT, DEFAULT, DEFAULT), ('fb3595df-62ad-5f54-ac34-3a578952555c', '98eaafd3-adbf-5a3e-adb9-b3fb6971b6f1', 69, 'public', 'Map Control Blueprint', '{"irure pariatur in labore","sit qui","cillum ullamco ea non","cillum dolore","commodo excepteur culpa","irure"}', DEFAULT, DEFAULT, DEFAULT), ('90edde40-1b87-5f75-90b9-68639fbcb2b8', '19495f2f-99a6-5394-9596-a1d3fb0d3196', 68, 'unlisted', 'Map Control Blueprint', '{"dolor velit id amet","et reprehenderit non laborum","culpa mollit ut","adipisicing sunt aute","enim quis officia","reprehenderit velit id irure cil","minim nulla","velit ex sunt exercitation"}', DEFAULT, DEFAULT, DEFAULT), ('ea26a496-35d8-5f3f-a769-a80898ec7b17', '9b1fc781-1e4e-56d2-bd68-0dc257a319c0', 62, 'unlisted', 'Aggressive Rush Strategy', '{"nisi id","sint duis aute","anim incididunt fugiat","adipisicing aliqua tempor ad dol","voluptate magna","mollit","magna aliquip exercitation conse","ex ea consectetur consequat","incididunt amet irure"}', DEFAULT, DEFAULT, DEFAULT), ('035a0a25-d588-551c-9f76-4e9f593ffaf4', 'd00c085d-72d6-5114-a5fd-ba818539c2f7', 69, 'public', 'Aggressive Rush Strategy', '{"officia consequat pariatur ipsum","in aliquip duis magna","ipsum id Lorem consectetur occae","sit eiusmod commodo consequat","laboris dolore"}', DEFAULT, DEFAULT, DEFAULT), ('e7f55997-6008-5d29-9f7f-564ab748cc59', '8926b9fd-34b2-5421-a25c-9cd89c12cad0', 68, 'private', 'Siege Tactics Handbook', '{"Lorem esse mollit dolore","culpa nostrud ipsum esse","ex mollit commodo","esse duis","anim nulla mollit ut","aute tempor ex"}', DEFAULT, DEFAULT, DEFAULT), ('396ce0bd-b3e1-5b3c-94ea-bb5357e1c76a', 'a88bc9b9-135e-55c7-8c4c-5a072a3c8573', 69, 'unlisted', 'Roaming Support Plan', '{"nisi tempor quis irure"}', DEFAULT, DEFAULT, DEFAULT), ('4cb2c65b-80df-57cc-9c0d-6c346029b88f', '91434b27-2651-5429-8f42-45c3f8e334a0', 65, 'public', 'Objective Focused Strategy', '{"cupidatat consectetur ut aliquip","quis aliquip in velit consectetu"}', DEFAULT, DEFAULT, DEFAULT), ('8172dfee-2cce-5dee-9293-b6bd5f74d656', '75e07351-a344-5719-bccf-45791a666af4', 69, 'public', 'Team Fight Execution Plan', '{"labore exercitation","irure","eiusmod laboris reprehenderit an"}', DEFAULT, DEFAULT, DEFAULT), ('910e8e4b-af24-5f28-a2eb-631066a490eb', 'a88bc9b9-135e-55c7-8c4c-5a072a3c8573', 68, 'public', 'Vision Denial Blueprint', '{"dolor proident cupidatat veniam","magna irure","Lorem sunt in dolore","sunt eu ipsum nostrud culpa","esse enim"}', DEFAULT, DEFAULT, DEFAULT), ('150381a3-e791-54de-9419-0edac12fb9eb', '811570ef-0b81-508d-ba05-2f5e812d4131', 62, 'public', 'Counter Pick Blueprint', '{"laboris","excepteur duis duis"}', DEFAULT, DEFAULT, DEFAULT), ('ddb37574-0dbe-5aa4-a5e8-b15242cefaff', '0ddbd373-5148-5d1c-b950-701854fc6604', 67, 'private', 'Counter Pick Blueprint', '{"tempor sint eu","anim","velit anim voluptate id","minim cupidatat","non magna culpa eiusmod irure","officia","voluptate nisi aliquip id","cillum"}', DEFAULT, DEFAULT, DEFAULT), ('77fbdaed-4103-591b-82ee-3e3fa4b78a9b', '89f211a9-c1e7-5fa6-9108-784d98291012', 70, 'public', 'Late Game Scaling Strategy', '{"labore sit","pariatur","mollit do fugiat tempor","pariatur Lorem","duis cillum","laboris esse mollit aliqua","excepteur mollit","cillum veniam fugiat","excepteur ullamco ex deserunt"}', DEFAULT, DEFAULT, DEFAULT), ('0f1e8b42-396d-5765-be37-bce2ee646e04', 'b5605791-3389-56c2-9ec6-17d538b9bb85', 64, 'public', 'Defensive Turtle Tactics', '{"et est magna eiusmod","duis adipisicing","laborum nisi"}', DEFAULT, DEFAULT, DEFAULT), ('5308f8b3-4d4d-529a-bd7c-3a77ac4fe6ae', 'b7a89d05-549f-565f-b631-b59097e91d1a', 67, 'public', 'Jungle Control Playbook', '{"nisi magna ullamco","nulla cupidatat"}', DEFAULT, DEFAULT, DEFAULT), ('851e9ece-db38-530e-b3f9-f5e1d49a3b34', 'a3141029-aec2-543b-b18a-49fe947e3304', 67, 'private', 'Gank Heavy Approach', '{"fugiat enim nulla sunt","id dolore occaecat dolore","mollit labore qui mollit","amet aliqua tempor"}', DEFAULT, DEFAULT, DEFAULT), ('2189cd55-c657-5ce9-999a-da1a2dbf7ea0', 'a8212e1b-5577-5c28-9c38-2d4fbd753550', 61, 'private', 'Late Game Scaling Strategy', '{"deserunt voluptate adipisicing","amet proident non ut","id nulla","pariatur ea","labore ullamco aute","id dolore","tempor anim mollit cillum","non incididunt irure magna","nostrud"}', DEFAULT, DEFAULT, DEFAULT), ('902d4a21-0657-5095-b741-ac0d408bb89e', 'd00c085d-72d6-5114-a5fd-ba818539c2f7', 67, 'private', 'Early Game Dominance Guide', '{"officia ut dolor","consequat commodo cupidatat mini","anim in"}', DEFAULT, DEFAULT, DEFAULT), ('0d40f7c0-72b0-55c2-8e48-c6c65bd9815f', 'd19db439-c7e7-53a7-aa19-0db346180dc1', 62, 'public', 'Map Control Blueprint', '{"cupidatat nostrud anim consectet","sint laborum reprehenderit do","commodo id occaecat velit","esse eu elit","occaecat voluptate duis occaecat","labore veniam elit"}', DEFAULT, DEFAULT, DEFAULT), ('f09f5f0c-d6f4-5089-a919-82fdea15dad9', '882c7ae5-914f-539d-8207-691de536097f', 61, 'private', 'Vision Denial Blueprint', '{"velit ad cupidatat anim","excepteur","est sunt dolor","nulla officia ipsum sint","deserunt esse mollit","eiusmod veniam qui","cillum in est aliquip"}', DEFAULT, DEFAULT, DEFAULT), ('9bfcf305-f3a4-5bed-9ee4-3f5ccf9e59af', '2589cf16-4103-5a4f-b544-b30078083eaa', 65, 'private', 'Early Game Dominance Guide', '{"sit","sunt est","nisi amet adipisicing","magna id reprehenderit","ex proident","laboris aute","ullamco Lorem","culpa magna in id"}', DEFAULT, DEFAULT, DEFAULT), ('2ff309f0-6726-5920-ad23-47ba58fd2525', '2d1d7734-be70-5d07-a538-e76c6cae722e', 68, 'unlisted', 'Counter Pick Blueprint', '{"exercitation duis elit","duis aliqua sit est nisi","aute consectetur tempor tempor v","Lorem quis","ut Lorem laborum commodo est","officia amet ad dolore","magna dolor","nostrud aliquip reprehenderit"}', DEFAULT, DEFAULT, DEFAULT), ('bac302d7-9e20-52d1-89cc-b0e99ef3b896', '0ddbd373-5148-5d1c-b950-701854fc6604', 62, 'public', 'Defensive Turtle Tactics', '{"aliquip reprehenderit","deserunt proident quis mollit in","est nostrud exercitation","elit amet deserunt exercitation","est pariatur"}', DEFAULT, DEFAULT, DEFAULT), ('ef31ceeb-0f8d-5da0-ab9c-18045c420f99', 'd9bba68a-079c-5141-bd43-756b87167584', 65, 'private', 'Defensive Turtle Tactics', '{"mollit excepteur ad minim deseru","laboris sint","sint minim ipsum","occaecat velit","aute nisi eiusmod et","nostrud exercitation dolor nostr","commodo","enim nostrud minim","mollit culpa sunt nostrud"}', DEFAULT, DEFAULT, DEFAULT), ('2be70e34-56ed-5cb2-9758-b8f796ec32ec', '89f211a9-c1e7-5fa6-9108-784d98291012', 70, 'public', 'Wave Management Plan', '{"est aliqua sunt incididunt","veniam mollit","exercitation dolor sint"}', DEFAULT, DEFAULT, DEFAULT), ('49e5f9f5-6a8f-5423-81e9-9e8e2c467770', 'fd2a8113-662a-5782-9e12-f7b49eee56e0', 69, 'unlisted', 'Siege Tactics Handbook', '{"elit","do minim consequat","ullamco nulla dolore"}', DEFAULT, DEFAULT, DEFAULT), ('421a5d89-58fa-56e2-87c9-a4c6fd3159db', '5dd9c208-a224-5712-b987-eab6b9a89e23', 69, 'public', 'Defensive Turtle Tactics', '{}', DEFAULT, DEFAULT, DEFAULT), ('c2ab0ed6-ea98-544f-a35e-cfff5a185dc8', 'd9bba68a-079c-5141-bd43-756b87167584', 62, 'unlisted', 'Roaming Support Plan', '{"velit","occaecat pariatur minim nulla","nisi veniam laborum","esse dolore aute","dolore ullamco aliquip commodo","consequat anim","Lorem excepteur","labore","minim pariatur ea elit enim","labore sint et"}', DEFAULT, DEFAULT, DEFAULT), ('6c6d219e-3884-5c60-8485-0fb500d0b675', '8926b9fd-34b2-5421-a25c-9cd89c12cad0', 68, 'unlisted', 'Roaming Support Plan', '{"laborum consequat","dolore exercitation","irure duis non","et tempor id","do"}', DEFAULT, DEFAULT, DEFAULT), ('d5fd2418-0c52-558a-8369-707f9186db0b', '98eaafd3-adbf-5a3e-adb9-b3fb6971b6f1', 66, 'unlisted', 'Early Game Dominance Guide', '{"minim","dolore nostrud","quis velit","sit sit","labore consectetur magna cillum"}', DEFAULT, DEFAULT, DEFAULT), ('0f22fcab-183d-5e80-9a98-c495a215f5f8', '3ff60d7a-a4ad-54c5-a422-53b52cd53093', 61, 'unlisted', 'Defensive Turtle Tactics', '{"culpa sit","est esse","tempor consequat"}', DEFAULT, DEFAULT, DEFAULT), ('f92c2ba5-8b0e-58ef-9364-e364e4c41522', '2589cf16-4103-5a4f-b544-b30078083eaa', 68, 'unlisted', 'Counter Pick Blueprint', '{"veniam sit voluptate consectetur","aute ex consequat qui","consequat","id nostrud sit","voluptate ut et","dolore","deserunt do","minim tempor"}', DEFAULT, DEFAULT, DEFAULT), ('e2ec2872-d983-5938-8f1c-38a9a14124dd', '5d378209-1fd5-506f-8b3f-511a16489d69', 68, 'public', 'Counter Pick Blueprint', '{"eiusmod incididunt laborum offic","incididunt veniam dolor aliquip","proident","proident nostrud ad voluptate","laboris ea sint","tempor voluptate cillum proident","nisi adipisicing"}', DEFAULT, DEFAULT, DEFAULT), ('4d4230bc-d1b6-532c-9bbf-8c67caf4f9ed', '811570ef-0b81-508d-ba05-2f5e812d4131', 63, 'private', 'Early Game Dominance Guide', '{"Lorem sunt ipsum voluptate","voluptate veniam","nisi","et quis","ex mollit velit culpa","ut minim irure eu","ea non mollit non","ipsum laboris pariatur","dolor adipisicing"}', DEFAULT, DEFAULT, DEFAULT), ('8be9ffc5-25d1-5c32-be1f-9a9ec00544f6', '6c3f6730-2b1a-5e27-97de-caacad0bb1a5', 66, 'unlisted', 'Early Game Dominance Guide', '{"nulla irure amet","enim esse"}', DEFAULT, DEFAULT, DEFAULT), ('a3241e44-bd93-5a11-a730-863e8eb75275', 'a8212e1b-5577-5c28-9c38-2d4fbd753550', 67, 'private', 'Gank Heavy Approach', '{"culpa irure nulla quis","dolore magna","commodo dolore","sit","proident proident tempor mollit ","dolore elit proident"}', DEFAULT, DEFAULT, DEFAULT), ('a1c32f18-989f-5961-80f5-4a21a838bc95', '36f6f3ba-e867-5008-b6c1-829e989f9d2f', 70, 'private', 'Baron Control Strategy', '{"et non eiusmod nisi","dolore nulla officia","consectetur labore"}', DEFAULT, DEFAULT, DEFAULT), ('8fde1282-59d1-5f9b-bc10-4130ce793fa9', '811570ef-0b81-508d-ba05-2f5e812d4131', 69, 'public', 'Late Game Scaling Strategy', '{"amet ad fugiat ea","culpa nulla esse aute","ut excepteur","sit culpa voluptate"}', DEFAULT, DEFAULT, DEFAULT), ('f85f8e1b-b8a0-528e-bc81-49b3e6a34ee5', '29b47b7e-4cec-5d5a-b93d-172770b57ed6', 62, 'unlisted', 'Wave Management Plan', '{"officia pariatur irure","nulla eiusmod ipsum ex","Lorem fugiat","consequat amet magna ipsum","aliquip qui","ullamco deserunt et adipisicing"}', DEFAULT, DEFAULT, DEFAULT), ('e16cfe57-140d-5b3e-90f8-910575ffdd47', '3204ce32-7c5b-5953-969e-fe1d17de6e76', 64, 'unlisted', 'Early Game Dominance Guide', '{"cupidatat cupidatat do"}', DEFAULT, DEFAULT, DEFAULT), ('06866e23-2aeb-59f2-9d3c-156507eb23db', '305fa448-c3bf-59c7-a989-19ae69ce0725', 69, 'private', 'Gank Heavy Approach', '{"est excepteur","aute consectetur nisi nulla","reprehenderit eu"}', DEFAULT, DEFAULT, DEFAULT), ('e5c44c16-4905-59d0-8c2a-f48ebfc3fdcc', '1e7e0bcb-4fc0-5d72-81a5-d67a74a13595', 63, 'unlisted', 'Split Push Blueprint', '{"consectetur nulla","laborum consectetur aliqua dolor","culpa est laboris et","irure labore in","adipisicing occaecat"}', DEFAULT, DEFAULT, DEFAULT), ('0298782b-da7d-55b4-a736-8126dd2f9d32', '8926b9fd-34b2-5421-a25c-9cd89c12cad0', 65, 'private', 'Early Game Dominance Guide', '{}', DEFAULT, DEFAULT, DEFAULT), ('8f534833-d8c3-5d0a-b63c-bd2740be0330', '0ddbd373-5148-5d1c-b950-701854fc6604', 70, 'private', 'Objective Focused Strategy', '{"sit nisi occaecat mollit","dolor deserunt aliquip aliqua"}', DEFAULT, DEFAULT, DEFAULT), ('1caeec83-1956-53fb-9c1a-7f585775c524', '89f211a9-c1e7-5fa6-9108-784d98291012', 66, 'public', 'Defensive Turtle Tactics', '{"tempor reprehenderit esse","tempor excepteur enim"}', DEFAULT, DEFAULT, DEFAULT), ('28f2bbc2-0260-5d64-a9bf-64e9bc163c30', 'a88bc9b9-135e-55c7-8c4c-5a072a3c8573', 67, 'unlisted', 'Jungle Control Playbook', '{"ut voluptate nisi ipsum","aliquip ad","dolor nostrud exercitation cillu"}', DEFAULT, DEFAULT, DEFAULT), ('8590b74a-b67e-5525-9786-4e0fc4c65d06', 'd19db439-c7e7-53a7-aa19-0db346180dc1', 64, 'private', 'Wave Management Plan', '{"magna labore excepteur","deserunt","consequat","cupidatat aute ut commodo","consectetur"}', DEFAULT, DEFAULT, DEFAULT), ('fa5e4221-0eae-5da7-9a16-5b8399b9ef50', '3ff60d7a-a4ad-54c5-a422-53b52cd53093', 70, 'unlisted', 'Baron Control Strategy', '{"excepteur anim","voluptate nulla dolor officia","consectetur veniam","magna culpa Lorem aliquip","ut adipisicing","duis officia incididunt ullamco","occaecat pariatur minim"}', DEFAULT, DEFAULT, DEFAULT), ('fedb01d5-16e2-59fd-8845-ff6a92bd83f7', '1d3f740a-8c60-5c1d-aa9e-3854a33c8e1d', 70, 'unlisted', 'Counter Pick Blueprint', '{"elit","eiusmod id","Lorem ad","fugiat deserunt occaecat anim","ex sunt commodo pariatur"}', DEFAULT, DEFAULT, DEFAULT), ('d6d0cf2a-b6d2-5f41-bc05-2fe5bf5ca317', '1e7e0bcb-4fc0-5d72-81a5-d67a74a13595', 66, 'public', 'Vision Control Blueprint', '{"pariatur quis consequat reprehen","nostrud cillum et","consectetur dolor","officia proident","proident incididunt dolor ad","ad ullamco magna eiusmod","velit esse","ipsum ea","voluptate veniam aliquip"}', DEFAULT, DEFAULT, DEFAULT), ('a18cadaa-4531-5180-a607-ad2a5bc25f0c', '9b1fc781-1e4e-56d2-bd68-0dc257a319c0', 69, 'public', 'Map Control Blueprint', '{"ea non ipsum","adipisicing eu"}', DEFAULT, DEFAULT, DEFAULT), ('7858de1c-870d-5289-9bbf-085e4de69d79', 'd19db439-c7e7-53a7-aa19-0db346180dc1', 64, 'unlisted', 'Team Fight Execution Plan', '{"consectetur ullamco","et","labore adipisicing deserunt labo","eu eu pariatur anim","aliquip veniam consequat fugiat","incididunt ad","officia minim dolor do","et","aute"}', DEFAULT, DEFAULT, DEFAULT), ('c5510993-cf82-5729-a476-bbba91fd2ee1', '853509f0-6836-5fa7-87f2-fb0a9a8766d2', 68, 'public', 'Siege Tactics Handbook', '{"pariatur consequat","veniam reprehenderit id elit eli","cillum elit adipisicing","adipisicing voluptate sint magna","dolore dolore ad","elit minim","cillum dolore voluptate Lorem vo","consectetur incididunt incididun","non laboris culpa"}', DEFAULT, DEFAULT, DEFAULT), ('65495df9-49dc-5680-b4b7-97fe7364e837', '7d0c4d54-58ae-5ddf-b108-590171e8655a', 70, 'unlisted', 'Aggressive Rush Strategy', '{"sint cillum anim magna excepteur"}', DEFAULT, DEFAULT, DEFAULT), ('6a08951b-2f4b-5069-a734-056efe107e30', '1e7e0bcb-4fc0-5d72-81a5-d67a74a13595', 70, 'unlisted', 'Aggressive Rush Strategy', '{"et","irure cillum tempor quis","voluptate","voluptate culpa","laborum","enim cupidatat non","enim tempor ex"}', DEFAULT, DEFAULT, DEFAULT), ('d96e9820-0562-5ef0-a957-fb16e8a3cda6', '882c7ae5-914f-539d-8207-691de536097f', 66, 'unlisted', 'Team Fight Execution Plan', '{"sint elit fugiat ipsum aliquip","mollit veniam labore","esse exercitation veniam esse","occaecat veniam aute pariatur","pariatur laboris","adipisicing exercitation est","quis deserunt nulla irure","et","proident eiusmod ut ex minim"}', DEFAULT, DEFAULT, DEFAULT), ('44d39286-2c39-52c0-9fdf-811ac2ac0b4f', '1d3f740a-8c60-5c1d-aa9e-3854a33c8e1d', 64, 'unlisted', 'Objective Focused Strategy', '{"nisi sint mollit nostrud ex","irure adipisicing amet cupidatat","qui ex laboris commodo id","minim fugiat","aliqua in nostrud dolore anim","voluptate quis proident cillum","laborum ad tempor","enim duis eu"}', DEFAULT, DEFAULT, DEFAULT), ('f5284b1c-c867-5bcb-ae27-b4a46054354e', 'a5e6c58e-54df-5943-b1b7-463c2ae0fb74', 62, 'unlisted', 'Jungle Control Playbook', '{"ea in","exercitation cupidatat commodo c","aute","aliquip cillum minim consectetur","nisi esse cillum","aliquip nostrud","ipsum","magna ea","eu eiusmod et exercitation Lorem"}', DEFAULT, DEFAULT, DEFAULT), ('748b6b6e-790a-524c-8953-9f99ff6241ea', '8a0a556f-d942-55f0-8ba8-1ffbfaf3c6d9', 66, 'private', 'Early Game Dominance Guide', '{"non ea proident","et Lorem id","Lorem dolore"}', DEFAULT, DEFAULT, DEFAULT), ('94e59d3e-1e10-58ee-b57b-120d24970da8', 'd00c085d-72d6-5114-a5fd-ba818539c2f7', 61, 'private', 'Early Game Dominance Guide', '{"sint esse","cillum voluptate enim","in exercitation in","commodo consequat","cupidatat anim eiusmod dolore","dolore fugiat","duis occaecat consectetur","velit enim eiusmod dolore"}', DEFAULT, DEFAULT, DEFAULT), ('a501e3c2-1df6-5f20-9532-89c5471331c6', 'a3141029-aec2-543b-b18a-49fe947e3304', 65, 'private', 'Aggressive Rush Strategy', '{"aliquip incididunt","nisi consectetur magna consectet","elit deserunt nostrud magna","id nostrud culpa","esse in incididunt","eu tempor anim","laboris cillum commodo cupidatat","cupidatat id","duis duis mollit minim","aliqua sint magna"}', DEFAULT, DEFAULT, DEFAULT), ('eba1549a-b3ad-5f1e-ad56-15be0771d0f9', 'a88bc9b9-135e-55c7-8c4c-5a072a3c8573', 64, 'private', 'Roaming Support Plan', '{"non","occaecat nostrud","sint dolore mollit ut minim","est irure","fugiat do","id dolor Lorem","adipisicing sit elit"}', DEFAULT, DEFAULT, DEFAULT), ('02d6bfb1-b7f1-5129-9d1b-729fd2d36ca6', 'b32027db-33da-5dc2-b906-e0c2a06ac683', 63, 'public', 'Objective Focused Strategy', '{"tempor pariatur qui fugiat","sint tempor","labore deserunt aliquip aliquip","nisi commodo ad","qui pariatur consequat exercitat","sit sint laborum","laboris veniam","esse cillum eiusmod ullamco magn"}', DEFAULT, DEFAULT, DEFAULT), ('feadd401-b272-53d1-bc20-6dad4e3ffc29', '438bff0e-fd50-5c86-89ee-d397a0c0e548', 66, 'private', 'Objective Focused Strategy', '{"irure non dolor velit laborum"}', DEFAULT, DEFAULT, DEFAULT), ('f4023970-bb8c-5175-9f3e-42520be2a6af', '438bff0e-fd50-5c86-89ee-d397a0c0e548', 65, 'unlisted', 'Baron Control Strategy', '{"culpa ex pariatur","voluptate ipsum","aute nostrud","qui ipsum ut consequat cillum","commodo enim","eu veniam"}', DEFAULT, DEFAULT, DEFAULT), ('ab471cfa-3489-5a6c-bf5c-82aeac3819f5', '19495f2f-99a6-5394-9596-a1d3fb0d3196', 63, 'private', 'Wave Management Plan', '{"id ullamco ullamco","nisi fugiat","excepteur nostrud nisi","cillum","ex elit sunt"}', DEFAULT, DEFAULT, DEFAULT), ('782d8b69-ae89-5508-b431-d9e3d4f25423', 'ac9f0e3e-b030-584f-a8dd-87355fe22537', 69, 'unlisted', 'Secure Objective Playbook', '{"ut ex esse aliqua","est dolor","laborum ex","ex","veniam quis","tempor fugiat sunt in","proident","sit eu","ad commodo veniam"}', DEFAULT, DEFAULT, DEFAULT), ('bfbbf302-05a7-5b0c-991e-f7c79f52034e', 'e5b4727f-be5e-52c0-83cb-cb7ba230945f', 67, 'unlisted', 'Objective Focused Strategy', '{"elit ullamco irure","anim esse et incididunt","ipsum non aute laborum","nulla occaecat"}', DEFAULT, DEFAULT, DEFAULT), ('86a9949d-fbe2-5edf-bf64-6b822a75bdc8', '29b47b7e-4cec-5d5a-b93d-172770b57ed6', 63, 'private', 'Vision Control Blueprint', '{"irure irure","do occaecat anim","laborum et id voluptate esse","anim consectetur tempor laborum ","non pariatur","reprehenderit est anim","labore exercitation mollit dolor","consequat","esse amet ut"}', DEFAULT, DEFAULT, DEFAULT), ('3d78c871-f9be-5ceb-b04c-13f9eb63efa0', '2589cf16-4103-5a4f-b544-b30078083eaa', 67, 'unlisted', 'Vision Control Blueprint', '{"cillum ex","ut fugiat ad occaecat","eiusmod id occaecat"}', DEFAULT, DEFAULT, DEFAULT), ('e5e7301c-ed7e-5267-a91e-331eeecbad04', '853509f0-6836-5fa7-87f2-fb0a9a8766d2', 61, 'unlisted', 'Map Control Blueprint', '{"anim consectetur exercitation vo","non enim ex"}', DEFAULT, DEFAULT, DEFAULT), ('e06f1954-eb7e-5811-8e85-0b7239ac60d6', '9b1fc781-1e4e-56d2-bd68-0dc257a319c0', 69, 'unlisted', 'Defensive Turtle Tactics', '{"culpa"}', DEFAULT, DEFAULT, DEFAULT), ('cbe8ef05-c651-5778-b8a6-717eee524007', '0ddbd373-5148-5d1c-b950-701854fc6604', 64, 'public', 'Gank Heavy Approach', '{}', DEFAULT, DEFAULT, DEFAULT), ('479e5b51-1e2b-5ac2-b0c4-d0fc97906c11', '8926b9fd-34b2-5421-a25c-9cd89c12cad0', 69, 'unlisted', 'Late Game Scaling Strategy', '{"ea in consectetur adipisicing"}', DEFAULT, DEFAULT, DEFAULT), ('bcb7ae75-c1e7-50cd-ba0b-a339091eb350', '8926b9fd-34b2-5421-a25c-9cd89c12cad0', 63, 'private', 'Late Game Scaling Strategy', '{}', DEFAULT, DEFAULT, DEFAULT), ('22dccad0-36ca-5845-a1bd-b6027b406b8d', '91434b27-2651-5429-8f42-45c3f8e334a0', 64, 'unlisted', 'Siege Tactics Handbook', '{"mollit culpa","laborum","eu ullamco commodo laboris dolor","sit ad","aute est anim et","mollit quis culpa","excepteur eu proident","sint est officia cupidatat","eu in exercitation est adipisici"}', DEFAULT, DEFAULT, DEFAULT), ('d3293b00-a774-5f1e-99fc-e8f05eabde14', '811570ef-0b81-508d-ba05-2f5e812d4131', 67, 'unlisted', 'Team Fight Execution Plan', '{"eu excepteur est sunt","aliquip laboris dolore"}', DEFAULT, DEFAULT, DEFAULT), ('6822c6f8-ae35-5c57-9558-9cc55665f5cb', 'a5e6c58e-54df-5943-b1b7-463c2ae0fb74', 68, 'private', 'Siege Tactics Handbook', '{"commodo labore","fugiat","ipsum nulla","pariatur duis exercitation"}', DEFAULT, DEFAULT, DEFAULT), ('8ac966bd-de46-5e4a-8401-5328d63ae1b4', '853509f0-6836-5fa7-87f2-fb0a9a8766d2', 68, 'unlisted', 'Early Game Dominance Guide', '{"dolor ex","anim magna duis","Lorem eu proident","esse pariatur sit","dolor ea est amet et","occaecat anim proident culpa"}', DEFAULT, DEFAULT, DEFAULT), ('36f6354b-1927-5b66-8fab-ef32da0e1694', '290e51c6-7ff6-5db4-8f40-69dda051b66c', 70, 'public', 'Split Push Blueprint', '{"minim dolore","pariatur occaecat incididunt ea ","labore laboris voluptate aute ad"}', DEFAULT, DEFAULT, DEFAULT), ('a3befd2b-2867-5547-af7d-2fe7d53b98ef', '7d0c4d54-58ae-5ddf-b108-590171e8655a', 64, 'unlisted', 'Vision Denial Blueprint', '{"minim pariatur","elit dolor non deserunt voluptat"}', DEFAULT, DEFAULT, DEFAULT), ('4d502d01-8a3a-58bc-acb8-f61c47f35e10', 'ac9f0e3e-b030-584f-a8dd-87355fe22537', 69, 'unlisted', 'Siege Tactics Handbook', '{"aliqua amet"}', DEFAULT, DEFAULT, DEFAULT), ('ebdf08a4-39c5-5347-ab53-e4ef0e2d1add', '853509f0-6836-5fa7-87f2-fb0a9a8766d2', 64, 'public', 'Roaming Support Plan', '{"in est pariatur","qui labore nostrud","duis duis do","Lorem cillum","et cupidatat tempor nostrud","do est aute","commodo","qui"}', DEFAULT, DEFAULT, DEFAULT), ('4cfaa7bd-7f8e-52b6-a079-b1fc1773dccb', '6c3f6730-2b1a-5e27-97de-caacad0bb1a5', 65, 'private', 'Map Control Blueprint', '{"anim in quis","et dolore veniam"}', DEFAULT, DEFAULT, DEFAULT), ('379aa38a-0dab-5c06-8cdb-45bf5d7e2d27', '19495f2f-99a6-5394-9596-a1d3fb0d3196', 63, 'unlisted', 'Split Push Blueprint', '{"Lorem","dolore amet velit consequat","commodo excepteur mollit magna","dolor ex commodo laboris duis","aliqua","duis","ullamco labore"}', DEFAULT, DEFAULT, DEFAULT), ('1cb4e4cf-86cc-5f46-9e77-98b857e060d9', 'b7a89d05-549f-565f-b631-b59097e91d1a', 70, 'private', 'Vision Control Blueprint', '{"duis amet minim","duis veniam"}', DEFAULT, DEFAULT, DEFAULT), ('f39bcc07-5eef-5435-b6e9-d947c3bae70d', '8bfeb6d5-d92f-5041-aa1b-39b8365c0a59', 61, 'public', 'Late Game Scaling Strategy', '{"culpa in ut","Lorem sit irure nisi duis","tempor deserunt magna adipisicin","non dolore consectetur","sit qui","fugiat","aute duis","quis velit","quis"}', DEFAULT, DEFAULT, DEFAULT), ('20a16bbe-0188-55a3-8d14-7e2e6b37794e', 'de459427-bb2c-5381-bdbf-7126efbb65c9', 69, 'public', 'Split Push Blueprint', '{"aute","culpa aliquip nostrud","do ullamco in","ea velit dolore non consectetur","tempor","mollit laboris","minim enim pariatur cupidatat","nostrud ipsum Lorem sunt laborum","dolore commodo","ullamco tempor ipsum"}', DEFAULT, DEFAULT, DEFAULT), ('75a162e8-f427-5c64-baca-dba20bc829dd', '19495f2f-99a6-5394-9596-a1d3fb0d3196', 67, 'unlisted', 'Objective Focused Strategy', '{"laboris amet proident proident"}', DEFAULT, DEFAULT, DEFAULT), ('5075bfb2-60b4-588c-ba9f-cd0f3efae77e', '1d3f740a-8c60-5c1d-aa9e-3854a33c8e1d', 65, 'public', 'Vision Denial Blueprint', '{"veniam velit","do officia mollit aliquip fugiat"}', DEFAULT, DEFAULT, DEFAULT), ('329b0bda-79b1-53f3-afe7-b7495bde0220', '89f211a9-c1e7-5fa6-9108-784d98291012', 62, 'public', 'Rotation Strategy Document', '{}', DEFAULT, DEFAULT, DEFAULT), ('fc992b53-61aa-5185-8280-7863348ce734', '98eaafd3-adbf-5a3e-adb9-b3fb6971b6f1', 62, 'unlisted', 'Early Game Dominance Guide', '{"voluptate pariatur","incididunt eu","aliquip"}', DEFAULT, DEFAULT, DEFAULT), ('e15f78fd-c85d-5196-b441-614f0f00a652', '36f6f3ba-e867-5008-b6c1-829e989f9d2f', 63, 'unlisted', 'Jungle Control Playbook', '{"deserunt amet veniam laboris","voluptate fugiat labore","ex consequat duis","mollit magna","exercitation sint deserunt nostr","veniam consectetur pariatur comm","exercitation","elit tempor mollit","laborum dolore qui mollit"}', DEFAULT, DEFAULT, DEFAULT), ('27d28c73-d0c0-5545-a0d3-0f0fa8e1aca6', '438bff0e-fd50-5c86-89ee-d397a0c0e548', 62, 'unlisted', 'Roaming Support Plan', '{"amet ipsum sint","consectetur dolor elit esse","mollit occaecat ut in culpa"}', DEFAULT, DEFAULT, DEFAULT), ('bc0ae162-e51f-5f29-b5b0-87887eac9c85', 'eecf8a7e-af2f-524d-a645-c5fba3ebda06', 67, 'unlisted', 'Secure Objective Playbook', '{"nostrud esse in","culpa ex in","cupidatat","amet culpa"}', DEFAULT, DEFAULT, DEFAULT), ('23cfe397-d97e-55bf-af72-35043f52d2bb', '8926b9fd-34b2-5421-a25c-9cd89c12cad0', 68, 'private', 'Objective Focused Strategy', '{}', DEFAULT, DEFAULT, DEFAULT), ('2135e4d6-4261-59ed-a63d-11a8a55ba0c0', '7d0c4d54-58ae-5ddf-b108-590171e8655a', 65, 'unlisted', 'Wave Management Plan', '{"dolore sit et tempor"}', DEFAULT, DEFAULT, DEFAULT), ('32ca2e92-cee8-58b4-beec-0fd9742bf2df', '91fa3874-9437-5dfa-a49a-f19fb38d9e92', 68, 'private', 'Counter Pick Blueprint', '{"ea commodo","pariatur","fugiat dolore","pariatur voluptate laborum aliqu"}', DEFAULT, DEFAULT, DEFAULT), ('69e335b1-cf42-5234-867f-fc3222ba0932', 'de459427-bb2c-5381-bdbf-7126efbb65c9', 67, 'public', 'Defensive Turtle Tactics', '{"adipisicing non qui voluptate","sit occaecat","cupidatat anim incididunt","nisi ea tempor in","anim cupidatat veniam nostrud du","ut enim","Lorem consectetur duis occaecat","incididunt tempor labore fugiat","amet nostrud tempor"}', DEFAULT, DEFAULT, DEFAULT), ('4addfd63-7007-5913-b0c6-95e35fe44af0', 'd1b8f3f8-af26-5088-8712-273c28ba98f7', 65, 'unlisted', 'Defensive Turtle Tactics', '{"anim et adipisicing dolore","nulla fugiat occaecat velit","in velit anim officia","pariatur laboris ut","magna","minim et mollit eiusmod","est","nulla ad nulla"}', DEFAULT, DEFAULT, DEFAULT), ('29e1da9c-3bfa-53c5-8780-7032cb48ed69', '853509f0-6836-5fa7-87f2-fb0a9a8766d2', 68, 'private', 'Aggressive Rush Strategy', '{"magna consequat et eiusmod aute","in ex","sunt est sunt occaecat","incididunt ad in Lorem","in eiusmod non ipsum"}', DEFAULT, DEFAULT, DEFAULT), ('0fe3263a-4b99-5049-afdd-8a29336988d1', 'a8212e1b-5577-5c28-9c38-2d4fbd753550', 70, 'private', 'Defensive Turtle Tactics', '{"aliquip consectetur laborum","sint magna incididunt veniam con","ut do eiusmod","aliqua est officia laboris","nisi","consequat ut nostrud consequat"}', DEFAULT, DEFAULT, DEFAULT), ('de533318-8238-5b98-90fa-7923fbda78df', '59558fa1-9cc0-5e85-a331-879d76e07f05', 63, 'public', 'Aggressive Rush Strategy', '{"labore eu ut","voluptate voluptate nulla do","pariatur","exercitation culpa reprehenderit","cupidatat duis labore Lorem","et dolor aliqua","sit esse"}', DEFAULT, DEFAULT, DEFAULT), ('91b0fe2a-8d53-5dfa-804e-dadbd5fed2f0', '91434b27-2651-5429-8f42-45c3f8e334a0', 63, 'unlisted', 'Roaming Support Plan', '{"veniam est","dolore consequat excepteur deser","eiusmod amet sunt"}', DEFAULT, DEFAULT, DEFAULT), ('f2da91e9-e150-5eba-811a-769c8b464b2d', '811570ef-0b81-508d-ba05-2f5e812d4131', 67, 'private', 'Aggressive Rush Strategy', '{"officia et do","aliquip cillum"}', DEFAULT, DEFAULT, DEFAULT), ('830462ad-e07d-578c-9343-4c2f3f3f896d', '59558fa1-9cc0-5e85-a331-879d76e07f05', 61, 'public', 'Aggressive Rush Strategy', '{"ad aliquip Lorem consequat","anim","elit enim eu","labore officia Lorem","dolore eu sit","cupidatat incididunt labore anim"}', DEFAULT, DEFAULT, DEFAULT), ('e4d512a0-9012-54c8-a0de-d2cfb46cc4e7', '59558fa1-9cc0-5e85-a331-879d76e07f05', 61, 'private', 'Gank Heavy Approach', '{"nulla quis consectetur","consectetur ut aute","nisi excepteur","voluptate tempor","aliquip","Lorem labore non anim","sint non","aliquip veniam sunt","culpa amet qui irure sit"}', DEFAULT, DEFAULT, DEFAULT), ('8fc4ec28-bbda-57ff-86ae-02acc462e7a3', '9b1fc781-1e4e-56d2-bd68-0dc257a319c0', 62, 'unlisted', 'Split Push Blueprint', '{"sint ipsum"}', DEFAULT, DEFAULT, DEFAULT), ('46cb3ac1-56db-5482-a77b-488299529f1c', '19495f2f-99a6-5394-9596-a1d3fb0d3196', 68, 'unlisted', 'Roaming Support Plan', '{"commodo reprehenderit velit sit ","aliquip","aute","ex pariatur cupidatat reprehende","sint consectetur mollit"}', DEFAULT, DEFAULT, DEFAULT), ('ca6dab04-25c1-5208-bf77-9e5162704420', 'd297ab9e-40d4-51b5-bb8f-a1df399f1a9a', 69, 'private', 'Wave Management Plan', '{"sit dolor officia elit","nulla irure nulla quis","pariatur aliquip magna","sunt eu enim","duis nisi nisi","est commodo excepteur eiusmod"}', DEFAULT, DEFAULT, DEFAULT), ('54485efb-a52b-5ef1-8d37-32b22dc487d0', 'd297ab9e-40d4-51b5-bb8f-a1df399f1a9a', 67, 'private', 'Defensive Turtle Tactics', '{"consectetur tempor","culpa minim","Lorem sit","magna qui est","eiusmod velit","incididunt magna duis Lorem"}', DEFAULT, DEFAULT, DEFAULT), ('1fa8fec1-5ed8-5fb9-afc2-a5a8eea61a64', '26f7bb6a-3c9c-5b30-b11b-be5ebfb91948', 64, 'public', 'Gank Heavy Approach', '{"Lorem veniam sunt fugiat","aute sit occaecat tempor","ipsum sint nisi","ex reprehenderit pariatur","aliquip nulla labore incididunt "}', DEFAULT, DEFAULT, DEFAULT), ('21212b38-5327-5020-9dc6-3fca09a6128f', '8926b9fd-34b2-5421-a25c-9cd89c12cad0', 65, 'unlisted', 'Baron Control Strategy', '{"non nostrud","cupidatat laborum","ad eu"}', DEFAULT, DEFAULT, DEFAULT), ('b22cc198-1bf7-5cc9-b682-385ac5f11217', '36f6f3ba-e867-5008-b6c1-829e989f9d2f', 62, 'unlisted', 'Map Control Blueprint', '{"sint esse aute et","cupidatat sit labore veniam","mollit non","ad aliqua nostrud mollit","laboris","culpa non","aliquip cupidatat aute magna","eu dolor","esse et velit aute","ex ut et fugiat ipsum"}', DEFAULT, DEFAULT, DEFAULT), ('07d77b7a-f8bb-53ab-8750-034a7dc2bcb0', '98eaafd3-adbf-5a3e-adb9-b3fb6971b6f1', 68, 'unlisted', 'Defensive Turtle Tactics', '{"aliquip adipisicing id","sunt cupidatat","labore consequat laborum adipisi","cupidatat exercitation","mollit amet","culpa laboris","dolor ex","velit Lorem mollit incididunt cu","officia","aute mollit ipsum veniam do"}', DEFAULT, DEFAULT, DEFAULT), ('f7f63dc3-d8b7-5f42-b802-636e4e3f43bb', '811570ef-0b81-508d-ba05-2f5e812d4131', 67, 'private', 'Split Push Blueprint', '{"anim","sunt labore amet cillum"}', DEFAULT, DEFAULT, DEFAULT), ('a1dd34cc-747e-59d2-bb04-592165ee24b7', '8d3f145b-67b0-504d-b49a-d59ecea5d2d8', 70, 'private', 'Late Game Scaling Strategy', '{"laborum elit","ex fugiat sint","eu tempor velit duis","non duis proident laborum","incididunt nisi","laborum in id proident","esse sit ea"}', DEFAULT, DEFAULT, DEFAULT), ('b111722b-fdf4-55f7-a1ea-183bf540f7e3', '853509f0-6836-5fa7-87f2-fb0a9a8766d2', 69, 'unlisted', 'Jungle Control Playbook', '{"mollit ut sunt elit in","minim nostrud","minim voluptate","ea excepteur laboris"}', DEFAULT, DEFAULT, DEFAULT), ('de288e5e-33f8-5b49-9dad-83fa7d46ac0d', 'a8212e1b-5577-5c28-9c38-2d4fbd753550', 67, 'private', 'Late Game Scaling Strategy', '{"consectetur dolore commodo magna"}', DEFAULT, DEFAULT, DEFAULT), ('f1ab7f2e-7a01-59f1-b811-78e3b78b40bc', 'a3141029-aec2-543b-b18a-49fe947e3304', 68, 'private', 'Vision Denial Blueprint', '{"sit voluptate","veniam incididunt qui et","officia cupidatat sit laborum ex","nisi irure ex incididunt","cillum ea velit","excepteur velit","veniam elit irure culpa reprehen"}', DEFAULT, DEFAULT, DEFAULT), ('e0783de7-ca51-5f0a-a7ac-8dcd533efd10', '0ddbd373-5148-5d1c-b950-701854fc6604', 70, 'unlisted', 'Rotation Strategy Document', '{"consequat labore","laboris aliquip","elit Lorem duis","cupidatat","cupidatat ipsum fugiat excepteur","amet culpa duis","officia","culpa laboris officia nostrud"}', DEFAULT, DEFAULT, DEFAULT), ('c3238b63-2dda-5915-8ca5-773255a1cfad', 'b5605791-3389-56c2-9ec6-17d538b9bb85', 62, 'private', 'Defensive Turtle Tactics', '{"minim sunt ad","voluptate commodo sit consectetu","aliquip"}', DEFAULT, DEFAULT, DEFAULT), ('7b1aca75-d87e-55c4-87f7-005fafbadfdb', '19495f2f-99a6-5394-9596-a1d3fb0d3196', 66, 'public', 'Wave Management Plan', '{"voluptate","aute nulla","duis sit ipsum dolor"}', DEFAULT, DEFAULT, DEFAULT), ('106d238e-2ba4-525c-8d85-994f8dfb2984', 'fd2a8113-662a-5782-9e12-f7b49eee56e0', 65, 'unlisted', 'Gank Heavy Approach', '{"esse eu tempor minim","tempor minim Lorem quis dolore","eiusmod ipsum mollit ex dolore","proident dolore exercitation","ut minim"}', DEFAULT, DEFAULT, DEFAULT), ('72f05d50-2802-535d-af55-29384395d238', '5d378209-1fd5-506f-8b3f-511a16489d69', 69, 'unlisted', 'Rotation Strategy Document', '{"laboris aliqua deserunt nulla al","officia sit","irure ea aliqua ad"}', DEFAULT, DEFAULT, DEFAULT), ('f914b2f3-d88a-52e4-ac43-1ef8cffb4d34', '91434b27-2651-5429-8f42-45c3f8e334a0', 69, 'public', 'Map Control Blueprint', '{"officia","laborum tempor","anim aliquip eu","esse","amet","incididunt nostrud elit proident","do est","aliqua amet"}', DEFAULT, DEFAULT, DEFAULT), ('c620930b-8f59-50ae-bf46-b1a3aca28f0a', '811570ef-0b81-508d-ba05-2f5e812d4131', 68, 'unlisted', 'Map Control Blueprint', '{"nulla tempor deserunt sit","esse non","ex aute ullamco non"}', DEFAULT, DEFAULT, DEFAULT), ('c78418ab-6a36-52f6-ad32-89289156138c', 'cfbfd1d4-e77f-57e5-94da-e9ff2cc7a996', 65, 'public', 'Vision Denial Blueprint', '{"mollit voluptate pariatur laboru","proident","aliquip","veniam ut non","excepteur ex labore","magna aliquip","nisi est"}', DEFAULT, DEFAULT, DEFAULT), ('ed7bef30-09b5-5167-a122-9b398a76eaef', '98eaafd3-adbf-5a3e-adb9-b3fb6971b6f1', 69, 'unlisted', 'Aggressive Rush Strategy', '{"voluptate aute","ullamco aute id eiusmod","mollit enim cupidatat","esse eu","pariatur ut"}', DEFAULT, DEFAULT, DEFAULT), ('ecddf116-85cf-5aef-8c73-6e5963680c88', '9bf2ad50-cccb-50eb-8269-3a7e78bd21f5', 67, 'private', 'Roaming Support Plan', '{"nisi anim et","culpa ad","ipsum ipsum ea","do culpa magna","officia irure in non","nostrud ipsum qui"}', DEFAULT, DEFAULT, DEFAULT), ('5bb46529-9916-530c-88e4-31ac6d441591', 'b32027db-33da-5dc2-b906-e0c2a06ac683', 61, 'private', 'Late Game Scaling Strategy', '{"pariatur enim"}', DEFAULT, DEFAULT, DEFAULT), ('8b092693-9a40-5f6a-a57b-3c3e9f5288f7', '7d0c4d54-58ae-5ddf-b108-590171e8655a', 67, 'private', 'Defensive Turtle Tactics', '{}', DEFAULT, DEFAULT, DEFAULT), ('65d96d53-ecd8-5cb9-a3d4-a2842c9c629f', 'b5605791-3389-56c2-9ec6-17d538b9bb85', 63, 'private', 'Vision Denial Blueprint', '{"amet tempor","ipsum ad consectetur","sunt esse","excepteur","esse ipsum","laboris laborum sint exercitatio","est ea dolor","exercitation in in"}', DEFAULT, DEFAULT, DEFAULT), ('672c681b-4325-56a5-8413-28facb838b89', '75e07351-a344-5719-bccf-45791a666af4', 66, 'unlisted', 'Wave Management Plan', '{"consectetur","ut consectetur qui incididunt","voluptate","ad esse"}', DEFAULT, DEFAULT, DEFAULT), ('49d19d37-5ee3-59d0-a985-37b5b703ceb0', '59558fa1-9cc0-5e85-a331-879d76e07f05', 63, 'public', 'Team Fight Execution Plan', '{"quis","commodo eiusmod dolor","duis ex non","eiusmod anim ea aliqua","tempor do id","esse id excepteur","et adipisicing adipisicing aliqu","eiusmod dolore"}', DEFAULT, DEFAULT, DEFAULT), ('66e9d7dd-018c-5299-8470-9f074683bd55', '8b7e423b-b9b9-5b3c-bf3d-1aa45d16235c', 65, 'unlisted', 'Early Game Dominance Guide', '{}', DEFAULT, DEFAULT, DEFAULT), ('d4a93045-0519-5ae2-8bd3-51a7d07f2b97', '29b47b7e-4cec-5d5a-b93d-172770b57ed6', 61, 'private', 'Split Push Blueprint', '{"culpa veniam","deserunt culpa id","dolor exercitation","nostrud aute","amet exercitation elit reprehend","quis consequat consequat","irure sit exercitation","amet","dolore labore fugiat","aute"}', DEFAULT, DEFAULT, DEFAULT), ('b5bd1f0b-0be5-592a-87b7-65db36f2fa17', '9b1fc781-1e4e-56d2-bd68-0dc257a319c0', 61, 'unlisted', 'Aggressive Rush Strategy', '{"consequat labore labore"}', DEFAULT, DEFAULT, DEFAULT), ('902168ab-57a5-5714-b589-ecf1bd6d2517', '29b47b7e-4cec-5d5a-b93d-172770b57ed6', 61, 'unlisted', 'Vision Control Blueprint', '{"veniam excepteur ullamco est ess","ullamco occaecat","amet ut aliqua quis","proident officia aliqua nulla ad","nostrud mollit mollit nisi","cillum fugiat","aute sunt","duis laboris deserunt cillum","incididunt occaecat","culpa"}', DEFAULT, DEFAULT, DEFAULT), ('8e1b1af0-d36a-5958-9b32-c8f59e8edaf9', 'a88bc9b9-135e-55c7-8c4c-5a072a3c8573', 64, 'private', 'Objective Focused Strategy', '{"quis tempor","pariatur ea consequat","nostrud ullamco deserunt proiden","nostrud et"}', DEFAULT, DEFAULT, DEFAULT), ('9ca1e23a-7fd9-5be2-b14a-5f50a52fda0a', '438bff0e-fd50-5c86-89ee-d397a0c0e548', 61, 'private', 'Counter Pick Blueprint', '{"consectetur mollit proident moll","aute laboris voluptate aliqua","enim eu elit","ea occaecat magna dolor"}', DEFAULT, DEFAULT, DEFAULT), ('b458c0d2-4d21-597a-9d7c-522e47032d79', '2d1d7734-be70-5d07-a538-e76c6cae722e', 65, 'unlisted', 'Siege Tactics Handbook', '{"occaecat ut do sit","veniam","nulla qui","incididunt veniam","Lorem eiusmod incididunt"}', DEFAULT, DEFAULT, DEFAULT), ('aeae5590-e6d3-5c02-8a1c-40a6bcf61bd6', 'd9bba68a-079c-5141-bd43-756b87167584', 63, 'private', 'Vision Control Blueprint', '{"id deserunt aute","cillum excepteur incididunt mini"}', DEFAULT, DEFAULT, DEFAULT), ('e62ff15d-b4e8-5f8b-b8c8-56d105c9d705', 'b5605791-3389-56c2-9ec6-17d538b9bb85', 68, 'private', 'Defensive Turtle Tactics', '{"dolor ad deserunt"}', DEFAULT, DEFAULT, DEFAULT), ('2650d5c8-a9d2-57ad-a70d-8c89cf994021', '91434b27-2651-5429-8f42-45c3f8e334a0', 69, 'private', 'Vision Denial Blueprint', '{"irure ipsum","do aute ipsum","est nisi","excepteur ipsum qui proident","eu aute est exercitation","ut velit id mollit"}', DEFAULT, DEFAULT, DEFAULT), ('57851dd8-0d7e-5b03-b70f-32940ae107ce', '7d0c4d54-58ae-5ddf-b108-590171e8655a', 66, 'unlisted', 'Team Fight Execution Plan', '{"do amet nulla occaecat","nisi eu incididunt consectetur","aute duis nisi commodo eiusmod","proident Lorem","nostrud aute","magna mollit amet aute pariatur","consequat aute Lorem","commodo tempor","sint nulla"}', DEFAULT, DEFAULT, DEFAULT), ('0bb88883-c32b-547d-bac2-9dcbf9437722', '2589cf16-4103-5a4f-b544-b30078083eaa', 64, 'unlisted', 'Vision Control Blueprint', '{"fugiat mollit","eu cillum","nostrud culpa do consequat"}', DEFAULT, DEFAULT, DEFAULT), ('f2096d39-9bcd-5cc9-af38-3924bad39e01', '305fa448-c3bf-59c7-a989-19ae69ce0725', 67, 'unlisted', 'Aggressive Rush Strategy', '{"occaecat cillum non est"}', DEFAULT, DEFAULT, DEFAULT), ('cdc85c53-30bc-5c6e-91cc-2af72696e64b', '89f211a9-c1e7-5fa6-9108-784d98291012', 64, 'private', 'Objective Focused Strategy', '{"excepteur in laboris tempor","incididunt","fugiat ut amet","et eiusmod velit ad aliquip","nulla et veniam exercitation ut","irure proident qui"}', DEFAULT, DEFAULT, DEFAULT), ('a0fe813c-8a2e-57ff-8950-530eb72350cc', 'eda91f04-12ef-5904-88aa-e6ed9a692e03', 61, 'public', 'Aggressive Rush Strategy', '{"aliquip amet pariatur anim","ut id fugiat","commodo pariatur cupidatat","ut in anim excepteur non","commodo labore","occaecat fugiat","aliquip nostrud nostrud amet","ipsum sunt labore tempor enim"}', DEFAULT, DEFAULT, DEFAULT), ('3dcb1c72-1f38-50a2-8a79-9f8b83862a0b', '1d3f740a-8c60-5c1d-aa9e-3854a33c8e1d', 70, 'public', 'Baron Control Strategy', '{"labore aliquip","culpa quis commodo","do velit cillum","in commodo cupidatat aliqua","proident esse officia"}', DEFAULT, DEFAULT, DEFAULT), ('b529db67-e1b4-5e7d-9a32-267867bbcbad', '8bfeb6d5-d92f-5041-aa1b-39b8365c0a59', 61, 'public', 'Early Game Dominance Guide', '{"nulla quis commodo velit","ipsum consequat enim","reprehenderit labore","mollit nulla nulla laborum proid","mollit"}', DEFAULT, DEFAULT, DEFAULT), ('89b21cb6-fbf3-585a-b9c1-304fad97258b', '8d3f145b-67b0-504d-b49a-d59ecea5d2d8', 62, 'unlisted', 'Vision Control Blueprint', '{"et ea","commodo","nisi aliqua","duis magna eiusmod exercitation","sit culpa","non laboris aute","non nulla","ut et esse","est fugiat"}', DEFAULT, DEFAULT, DEFAULT), ('8af27ce1-15c1-5703-a4c5-07ea669df0c7', '8a0a556f-d942-55f0-8ba8-1ffbfaf3c6d9', 64, 'public', 'Late Game Scaling Strategy', '{"Lorem","quis exercitation dolor excepteu","ex tempor amet","non minim minim"}', DEFAULT, DEFAULT, DEFAULT), ('e9960db1-b450-5d20-820c-87fab4f40dc8', '26f7bb6a-3c9c-5b30-b11b-be5ebfb91948', 70, 'private', 'Vision Control Blueprint', '{"eiusmod ad esse aliquip dolor","in exercitation sit aliquip aliq","et et amet","dolor","nostrud ad","nisi dolor","aute id"}', DEFAULT, DEFAULT, DEFAULT), ('2dd10f1f-4836-53b2-b2b6-ae71861e43d0', '305fa448-c3bf-59c7-a989-19ae69ce0725', 68, 'private', 'Roaming Support Plan', '{"fugiat minim duis","cillum","non voluptate ex adipisicing ali","voluptate in","in enim irure dolor","non adipisicing laboris deserunt","consequat incididunt nulla nostr","ipsum minim sit","dolor nisi eiusmod culpa"}', DEFAULT, DEFAULT, DEFAULT), ('09d4e842-df61-577d-8d06-00daf3b676e2', 'd9bba68a-079c-5141-bd43-756b87167584', 63, 'unlisted', 'Early Game Dominance Guide', '{"dolor","nisi labore enim","eiusmod ullamco quis fugiat","irure ex velit et","anim aliqua nulla","occaecat Lorem sunt","officia deserunt"}', DEFAULT, DEFAULT, DEFAULT), ('6fe4789e-9a02-5c94-8c81-5bb4cffd7850', 'a88bc9b9-135e-55c7-8c4c-5a072a3c8573', 63, 'public', 'Siege Tactics Handbook', '{"mollit mollit","incididunt aliquip ut dolor temp","reprehenderit duis elit cillum e","aliqua","in"}', DEFAULT, DEFAULT, DEFAULT), ('62834a20-27ac-5894-8947-a4e2ffb67f5b', '438bff0e-fd50-5c86-89ee-d397a0c0e548', 66, 'unlisted', 'Rotation Strategy Document', '{"cupidatat nostrud","esse quis adipisicing"}', DEFAULT, DEFAULT, DEFAULT), ('ce25e6d7-50b4-50c3-8210-685ee22346f3', '9b1fc781-1e4e-56d2-bd68-0dc257a319c0', 61, 'unlisted', 'Gank Heavy Approach', '{"est sint","mollit exercitation laboris ad","nulla voluptate ea"}', DEFAULT, DEFAULT, DEFAULT), ('a4e4a518-fb32-53bf-9d1c-f336f8cd8c45', '91fa3874-9437-5dfa-a49a-f19fb38d9e92', 67, 'public', 'Late Game Scaling Strategy', '{"anim cupidatat incididunt","nulla","officia qui voluptate cillum","esse sunt dolor ut exercitation","in tempor"}', DEFAULT, DEFAULT, DEFAULT), ('d5862a76-70cd-55db-a302-365d7ec101f5', '91fa3874-9437-5dfa-a49a-f19fb38d9e92', 70, 'public', 'Wave Management Plan', '{"id mollit ullamco est","quis ad excepteur","dolore commodo sunt voluptate qu","elit deserunt","in nulla amet"}', DEFAULT, DEFAULT, DEFAULT), ('fff5567f-d4a5-542e-ba70-1119521ca0cb', '2d1d7734-be70-5d07-a538-e76c6cae722e', 67, 'public', 'Defensive Turtle Tactics', '{"et anim labore cillum","dolor do","in","eiusmod labore consequat enim","deserunt"}', DEFAULT, DEFAULT, DEFAULT), ('48abaf7b-d65e-5371-8d5f-1be4621911e6', 'eda91f04-12ef-5904-88aa-e6ed9a692e03', 61, 'unlisted', 'Baron Control Strategy', '{"excepteur quis","nisi tempor fugiat","do adipisicing qui","quis excepteur pariatur","deserunt dolor anim labore","ad nostrud","do nostrud proident"}', DEFAULT, DEFAULT, DEFAULT), ('05b8ebd6-06e1-5ce6-85d9-1fda124d11b0', '19495f2f-99a6-5394-9596-a1d3fb0d3196', 63, 'unlisted', 'Objective Focused Strategy', '{"labore Lorem elit consectetur id","incididunt officia","sint mollit"}', DEFAULT, DEFAULT, DEFAULT), ('be5a4c70-a4ff-57c0-8c2c-437a6d77f25c', '91434b27-2651-5429-8f42-45c3f8e334a0', 70, 'public', 'Vision Denial Blueprint', '{"qui","sint veniam incididunt occaecat","qui aute reprehenderit","pariatur nisi laborum","duis est","incididunt consectetur tempor no","excepteur ea sint","nisi"}', DEFAULT, DEFAULT, DEFAULT), ('e6ff83af-5ec2-537d-b04b-784bd77a5871', 'b5605791-3389-56c2-9ec6-17d538b9bb85', 64, 'private', 'Split Push Blueprint', '{"quis commodo","eiusmod nisi","eiusmod magna dolore","in qui incididunt","officia mollit laboris"}', DEFAULT, DEFAULT, DEFAULT), ('dc9bffb4-1647-5c5d-8c1f-d89500e89900', '8a0a556f-d942-55f0-8ba8-1ffbfaf3c6d9', 62, 'unlisted', 'Defensive Turtle Tactics', '{}', DEFAULT, DEFAULT, DEFAULT), ('ec767a01-17bb-518c-9633-78ebc8caded3', '7d0c4d54-58ae-5ddf-b108-590171e8655a', 66, 'private', 'Baron Control Strategy', '{"magna aliqua","anim","labore","id non proident cupidatat ad"}', DEFAULT, DEFAULT, DEFAULT), ('6c642b40-bb15-55fa-9319-9c100d27adc7', '91434b27-2651-5429-8f42-45c3f8e334a0', 69, 'private', 'Vision Denial Blueprint', '{"qui laboris sit laborum","consequat proident amet eu","dolore eiusmod sunt","elit","nisi ad","dolor est nulla et","culpa commodo in","et aliqua laborum eiusmod","sunt culpa","incididunt enim mollit enim"}', DEFAULT, DEFAULT, DEFAULT), ('197f52e9-f9b3-54a3-a900-9ddcd2cd98d5', '5d378209-1fd5-506f-8b3f-511a16489d69', 63, 'unlisted', 'Vision Control Blueprint', '{"ad esse minim occaecat enim","eu laboris ut pariatur ad","nostrud","veniam","commodo","veniam eu non quis","irure ipsum"}', DEFAULT, DEFAULT, DEFAULT), ('b239ffdb-847f-5400-b1f9-97e186ea36bc', '5d378209-1fd5-506f-8b3f-511a16489d69', 61, 'private', 'Wave Management Plan', '{"amet Lorem minim","cillum dolor","culpa velit","sint adipisicing Lorem ad in","mollit et ut","enim sint do qui","reprehenderit adipisicing Lorem","in ex adipisicing proident"}', DEFAULT, DEFAULT, DEFAULT), ('c3124970-b58c-5748-8a01-4ba1d7466b2b', '290e51c6-7ff6-5db4-8f40-69dda051b66c', 70, 'unlisted', 'Objective Focused Strategy', '{"adipisicing"}', DEFAULT, DEFAULT, DEFAULT), ('2fbdef88-7d4a-5528-bb59-74f725709563', '19495f2f-99a6-5394-9596-a1d3fb0d3196', 63, 'private', 'Map Control Blueprint', '{"id excepteur ut laborum","eu ullamco esse pariatur","nisi","nisi ea","ea anim","ipsum","fugiat magna","irure exercitation exercitation ","ex veniam ad ad","elit nulla ullamco nostrud"}', DEFAULT, DEFAULT, DEFAULT), ('a03637de-3a86-5f2c-a9a1-71bb222f301f', '26f7bb6a-3c9c-5b30-b11b-be5ebfb91948', 65, 'private', 'Aggressive Rush Strategy', '{"dolore occaecat","Lorem consequat","aliquip eiusmod","fugiat reprehenderit","reprehenderit aliqua eu","sit amet","proident excepteur ipsum nisi Lo"}', DEFAULT, DEFAULT, DEFAULT), ('536d5b0c-dc7c-598f-8fa0-b21c4cd85d48', 'a88bc9b9-135e-55c7-8c4c-5a072a3c8573', 66, 'unlisted', 'Counter Pick Blueprint', '{"est","ut officia sunt fugiat nulla","est","nostrud minim qui minim sunt","ea dolor","labore culpa","adipisicing proident laboris qui","quis magna aliqua"}', DEFAULT, DEFAULT, DEFAULT), ('f04b6b4b-d5ea-517f-8a7d-71713980487c', 'd1b8f3f8-af26-5088-8712-273c28ba98f7', 69, 'unlisted', 'Rotation Strategy Document', '{"mollit adipisicing do","aliquip anim ut adipisicing","duis ipsum eu labore","qui labore aute enim","tempor sint nisi","veniam ut","est aliquip nulla occaecat","cupidatat do anim eiusmod minim"}', DEFAULT, DEFAULT, DEFAULT), ('363e1d5b-f7b0-5ee0-a43a-f471f9cf9338', 'a5e6c58e-54df-5943-b1b7-463c2ae0fb74', 62, 'private', 'Late Game Scaling Strategy', '{"magna ut","do occaecat Lorem sunt"}', DEFAULT, DEFAULT, DEFAULT), ('edcc2203-6787-52aa-bc0b-a6dcc59388be', '59558fa1-9cc0-5e85-a331-879d76e07f05', 65, 'public', 'Vision Control Blueprint', '{"ea","est et Lorem","aute laboris aliquip ex officia","aute sunt do pariatur","nulla ut","in","est est proident labore","qui laboris laboris in"}', DEFAULT, DEFAULT, DEFAULT), ('474b1c92-271b-5e78-878e-3e82398a6e7c', 'a88bc9b9-135e-55c7-8c4c-5a072a3c8573', 62, 'unlisted', 'Jungle Control Playbook', '{"veniam culpa non labore in","sit ex"}', DEFAULT, DEFAULT, DEFAULT), ('8997d96a-4a2f-5fcd-a0a2-88e875f8bba7', '438bff0e-fd50-5c86-89ee-d397a0c0e548', 64, 'unlisted', 'Split Push Blueprint', '{"pariatur excepteur dolore","adipisicing eu mollit magna","dolor","eu elit tempor","tempor id"}', DEFAULT, DEFAULT, DEFAULT), ('f61f0c83-60cb-5fa8-a27a-67e606b63adb', '19495f2f-99a6-5394-9596-a1d3fb0d3196', 66, 'private', 'Defensive Turtle Tactics', '{"irure laborum","quis anim aliqua consequat","labore id velit exercitation","duis","proident magna nisi proident par","do"}', DEFAULT, DEFAULT, DEFAULT), ('30d213ab-4615-5d8b-abee-5b4875c8bfdf', 'ac9f0e3e-b030-584f-a8dd-87355fe22537', 62, 'private', 'Roaming Support Plan', '{"non cillum minim irure","consequat excepteur laborum aliq"}', DEFAULT, DEFAULT, DEFAULT), ('7d042aff-1b5b-531f-917f-48f2d58d33c7', 'a88bc9b9-135e-55c7-8c4c-5a072a3c8573', 66, 'private', 'Team Fight Execution Plan', '{"aliqua","nisi voluptate in","non","veniam ipsum aute","minim consequat qui ea fugiat"}', DEFAULT, DEFAULT, DEFAULT), ('30e1e77d-2bcf-5591-97ec-d99bd552d8f0', '9bf2ad50-cccb-50eb-8269-3a7e78bd21f5', 62, 'public', 'Vision Denial Blueprint', '{"deserunt minim consectetur","cupidatat excepteur","duis et","consequat aliquip","aliqua non"}', DEFAULT, DEFAULT, DEFAULT), ('d53a4a7c-125e-52cd-8ba3-aa3916f71140', '91fa3874-9437-5dfa-a49a-f19fb38d9e92', 62, 'unlisted', 'Vision Control Blueprint', '{"velit est dolore qui enim","exercitation id ut laboris","id pariatur eiusmod","commodo ut sit proident","Lorem irure do","nisi proident","sit esse culpa veniam mollit","eiusmod","aliqua officia","incididunt ullamco adipisicing"}', DEFAULT, DEFAULT, DEFAULT), ('47f797b2-50c1-56af-abe6-0081dabe5efd', '26f7bb6a-3c9c-5b30-b11b-be5ebfb91948', 67, 'private', 'Counter Pick Blueprint', '{"aliquip duis qui","elit et magna irure","pariatur","non officia","deserunt adipisicing magna conse"}', DEFAULT, DEFAULT, DEFAULT), ('3ebbec39-d360-5461-b442-70abf723c8b8', '98eaafd3-adbf-5a3e-adb9-b3fb6971b6f1', 64, 'private', 'Aggressive Rush Strategy', '{"excepteur fugiat esse","in","mollit minim","veniam ea irure magna elit","laborum voluptate","ullamco","sint occaecat","ad elit","labore quis"}', DEFAULT, DEFAULT, DEFAULT), ('3821efb6-356e-53bd-8a0b-239426475be5', '290e51c6-7ff6-5db4-8f40-69dda051b66c', 63, 'public', 'Siege Tactics Handbook', '{"officia ad cillum sit","magna labore dolore ullamco id","id laboris aliqua","Lorem pariatur","veniam nostrud veniam"}', DEFAULT, DEFAULT, DEFAULT), ('f62571e6-585e-5709-b04e-861b7f3db2d2', '26f7bb6a-3c9c-5b30-b11b-be5ebfb91948', 62, 'public', 'Roaming Support Plan', '{"officia","sint veniam","adipisicing","esse eiusmod ea","incididunt reprehenderit cupidat","irure ut","irure pariatur nisi do","ad incididunt laborum ipsum"}', DEFAULT, DEFAULT, DEFAULT), ('f706ef0d-b4c8-54ee-ba4a-8f6af14717f8', '882c7ae5-914f-539d-8207-691de536097f', 62, 'unlisted', 'Counter Pick Blueprint', '{"culpa veniam velit irure fugiat","velit sit","duis commodo","est irure officia ex","exercitation in","mollit incididunt","mollit velit","duis occaecat"}', DEFAULT, DEFAULT, DEFAULT), ('da6a602b-9dc0-5e13-87e9-323f368838a2', 'd1b8f3f8-af26-5088-8712-273c28ba98f7', 70, 'unlisted', 'Gank Heavy Approach', '{"labore do","amet ut id"}', DEFAULT, DEFAULT, DEFAULT), ('ae022a2e-97fe-53d7-ace2-f700a65995e2', '26f7bb6a-3c9c-5b30-b11b-be5ebfb91948', 69, 'unlisted', 'Jungle Control Playbook', '{"fugiat sunt","deserunt consectetur eiusmod com","aute fugiat ea irure","deserunt elit","amet officia aliquip"}', DEFAULT, DEFAULT, DEFAULT), ('7f27719e-c551-5cfa-ab24-3e6a917bc77f', '8d3f145b-67b0-504d-b49a-d59ecea5d2d8', 66, 'public', 'Vision Control Blueprint', '{"aliquip consequat fugiat consequ","amet laborum sit dolore excepteu"}', DEFAULT, DEFAULT, DEFAULT), ('a7afe8c7-8469-5a59-9246-cc18b3ce4b7b', '305fa448-c3bf-59c7-a989-19ae69ce0725', 63, 'private', 'Baron Control Strategy', '{"exercitation cupidatat Lorem","reprehenderit enim reprehenderit","sunt proident","ad consequat consequat","sunt aliqua eu in","adipisicing aliquip","occaecat et"}', DEFAULT, DEFAULT, DEFAULT), ('8111ec5f-e01a-5ad1-b89a-b7a64419e202', '811570ef-0b81-508d-ba05-2f5e812d4131', 69, 'public', 'Vision Denial Blueprint', '{"in ad aute dolor"}', DEFAULT, DEFAULT, DEFAULT), ('af41c136-c26c-5e1c-81f1-2d9f923ca606', '9b1fc781-1e4e-56d2-bd68-0dc257a319c0', 66, 'public', 'Aggressive Rush Strategy', '{"cupidatat aliqua ex magna"}', DEFAULT, DEFAULT, DEFAULT), ('7594efe5-aff1-5874-a5ed-4a9edc7b66bf', '9b1fc781-1e4e-56d2-bd68-0dc257a319c0', 67, 'unlisted', 'Defensive Turtle Tactics', '{"et aliqua do reprehenderit"}', DEFAULT, DEFAULT, DEFAULT), ('ee2f9514-a689-5e06-84f0-7f27b56a3774', '438bff0e-fd50-5c86-89ee-d397a0c0e548', 70, 'private', 'Aggressive Rush Strategy', '{}', DEFAULT, DEFAULT, DEFAULT), ('59ac239c-144e-5ca7-b3e8-b97418726740', 'cfbfd1d4-e77f-57e5-94da-e9ff2cc7a996', 63, 'unlisted', 'Early Game Dominance Guide', '{"deserunt nostrud"}', DEFAULT, DEFAULT, DEFAULT), ('7992b22f-6c16-50ae-ae54-fd84bedb78e7', '1e7e0bcb-4fc0-5d72-81a5-d67a74a13595', 64, 'public', 'Jungle Control Playbook', '{"cillum dolor Lorem labore tempor","ex cillum aliquip","fugiat dolor reprehenderit","labore consequat ex ut duis","commodo ex amet amet","enim do aliqua proident"}', DEFAULT, DEFAULT, DEFAULT), ('eeb6a56c-bf20-5164-a9c4-2438947a1635', 'bbc51950-a428-5ed7-b604-6444a902714b', 61, 'public', 'Split Push Blueprint', '{"proident aute in enim cillum","duis voluptate amet","minim cupidatat aliquip aliquip","pariatur voluptate ea ipsum quis","adipisicing reprehenderit except"}', DEFAULT, DEFAULT, DEFAULT), ('ba263b84-62af-5be6-a1da-34f8a9b1c708', '29b47b7e-4cec-5d5a-b93d-172770b57ed6', 68, 'public', 'Team Fight Execution Plan', '{"ut dolor tempor"}', DEFAULT, DEFAULT, DEFAULT), ('0eda511d-00fb-5edd-a94c-61620ced28e5', 'eecf8a7e-af2f-524d-a645-c5fba3ebda06', 63, 'private', 'Defensive Turtle Tactics', '{"nulla Lorem dolor","incididunt Lorem","proident fugiat irure","irure occaecat laboris sunt","adipisicing","amet adipisicing nostrud non"}', DEFAULT, DEFAULT, DEFAULT), ('4a82ca5f-1296-51b0-9319-05459a439c92', 'a3141029-aec2-543b-b18a-49fe947e3304', 69, 'unlisted', 'Team Fight Execution Plan', '{"dolore reprehenderit cupidatat","ex consectetur","labore","tempor pariatur Lorem","pariatur enim","non ea ullamco non Lorem","eu ipsum","eiusmod aute"}', DEFAULT, DEFAULT, DEFAULT), ('230e6990-91f4-5dc7-b6bc-229a44985e25', 'a88bc9b9-135e-55c7-8c4c-5a072a3c8573', 62, 'private', 'Gank Heavy Approach', '{"exercitation","do proident aliqua enim","magna aute magna","deserunt"}', DEFAULT, DEFAULT, DEFAULT), ('01a97da4-f21e-511b-9160-a834d5d7f82e', '305fa448-c3bf-59c7-a989-19ae69ce0725', 63, 'unlisted', 'Split Push Blueprint', '{"nisi ad nostrud minim","et duis sint adipisicing","nisi ex exercitation consectetur","pariatur consectetur","id aute laborum","enim enim dolore mollit","eu ex aliquip","dolor incididunt consequat ea do","non reprehenderit est sunt excep","quis ad"}', DEFAULT, DEFAULT, DEFAULT), ('1c5613fb-a627-5391-a9ff-0cc49d9b395b', 'a3141029-aec2-543b-b18a-49fe947e3304', 66, 'unlisted', 'Early Game Dominance Guide', '{"culpa nisi","quis sunt culpa anim","reprehenderit nulla"}', DEFAULT, DEFAULT, DEFAULT), ('69b55afa-a769-5eae-849b-0607118f6f38', 'a3141029-aec2-543b-b18a-49fe947e3304', 67, 'public', 'Aggressive Rush Strategy', '{"excepteur anim duis enim","qui aliquip adipisicing voluptat","aliqua aute magna minim occaecat","cillum incididunt ea incididunt ","est","culpa excepteur","ut enim","nisi dolore qui"}', DEFAULT, DEFAULT, DEFAULT), ('5653d3f7-e466-5b59-9cc7-02634d975655', '5dd9c208-a224-5712-b987-eab6b9a89e23', 70, 'unlisted', 'Wave Management Plan', '{"aliquip qui","velit dolore et","cillum","do eiusmod","aliqua consequat","enim cupidatat esse et","laboris","cupidatat cupidatat","ea velit pariatur"}', DEFAULT, DEFAULT, DEFAULT), ('11917a47-b89e-5663-8d37-049fe2bf5b34', '89f211a9-c1e7-5fa6-9108-784d98291012', 62, 'unlisted', 'Late Game Scaling Strategy', '{"aliquip eu fugiat","officia quis exercitation ipsum","aliqua ad","quis eu ad","et magna in consectetur"}', DEFAULT, DEFAULT, DEFAULT), ('c68ff46b-b1a9-581e-aa43-737e3b976580', '59558fa1-9cc0-5e85-a331-879d76e07f05', 63, 'unlisted', 'Objective Focused Strategy', '{"amet irure","labore aliqua ipsum amet labore","officia pariatur","incididunt dolor Lorem","sint ipsum elit","ex ipsum"}', DEFAULT, DEFAULT, DEFAULT), ('e8d13e33-32bc-5c1a-9371-8f828965d869', '98eaafd3-adbf-5a3e-adb9-b3fb6971b6f1', 66, 'public', 'Early Game Dominance Guide', '{"id duis","officia velit magna","voluptate officia","dolore","amet consequat magna velit labor","eu eiusmod aliqua nostrud","aute ex","quis velit culpa eiusmod"}', DEFAULT, DEFAULT, DEFAULT), ('79cca71d-1dd7-5b78-9e31-229bb9872504', 'a88bc9b9-135e-55c7-8c4c-5a072a3c8573', 64, 'public', 'Wave Management Plan', '{"duis ut irure","culpa eiusmod incididunt","nostrud anim","duis"}', DEFAULT, DEFAULT, DEFAULT), ('cdf1b1e3-61cd-52e6-b86e-eec98ea71e23', '549980e7-3e77-5d76-b263-84664d04b209', 68, 'private', 'Siege Tactics Handbook', '{"sunt nulla Lorem duis","eu","adipisicing commodo","velit ut mollit magna"}', DEFAULT, DEFAULT, DEFAULT), ('98ea8abd-4f3f-5750-b436-afb8aa79fb82', '26f7bb6a-3c9c-5b30-b11b-be5ebfb91948', 67, 'private', 'Wave Management Plan', '{"anim","pariatur deserunt","veniam mollit velit","consectetur occaecat proident","anim nulla ut aute"}', DEFAULT, DEFAULT, DEFAULT), ('bc227bd7-3214-5075-bca0-3f60046ac216', 'b32027db-33da-5dc2-b906-e0c2a06ac683', 64, 'unlisted', 'Map Control Blueprint', '{"nisi nulla non duis","ad reprehenderit qui Lorem","veniam officia elit","anim"}', DEFAULT, DEFAULT, DEFAULT), ('8fd84214-96a6-5d6c-8437-0646145f15a1', '5d378209-1fd5-506f-8b3f-511a16489d69', 64, 'unlisted', 'Split Push Blueprint', '{"nulla adipisicing non","elit dolor","tempor","magna","esse mollit Lorem","commodo","duis aliqua consectetur"}', DEFAULT, DEFAULT, DEFAULT), ('7b269807-4fdc-5847-8a5c-807ffa02f953', 'd1b8f3f8-af26-5088-8712-273c28ba98f7', 70, 'public', 'Aggressive Rush Strategy', '{"nulla sunt","reprehenderit eiusmod irure labo"}', DEFAULT, DEFAULT, DEFAULT), ('cf8258c4-f278-5c75-a944-c2bcba526ad4', '290e51c6-7ff6-5db4-8f40-69dda051b66c', 69, 'private', 'Objective Focused Strategy', '{"sit non","ut","velit ex do","duis do esse proident","elit ad do quis","est officia tempor qui ut"}', DEFAULT, DEFAULT, DEFAULT), ('2e51b4b0-68ac-5e21-94a2-b7afb1b16016', '5dd9c208-a224-5712-b987-eab6b9a89e23', 63, 'unlisted', 'Objective Focused Strategy', '{}', DEFAULT, DEFAULT, DEFAULT), ('6e9d8d45-1d4b-5cdd-92c5-76194015ba99', '3204ce32-7c5b-5953-969e-fe1d17de6e76', 70, 'unlisted', 'Team Fight Execution Plan', '{"esse laboris eu sit","aliqua et","est proident ea velit","enim velit duis consequat","aute occaecat reprehenderit et","cupidatat in et dolor","velit ullamco"}', DEFAULT, DEFAULT, DEFAULT), ('fac7e894-3f38-5663-bc98-486c88732ea4', '853509f0-6836-5fa7-87f2-fb0a9a8766d2', 69, 'public', 'Objective Focused Strategy', '{"laborum incididunt veniam","in","duis","enim consequat","ex do","officia ipsum deserunt","sunt adipisicing nulla dolor","officia elit magna"}', DEFAULT, DEFAULT, DEFAULT), ('7d360079-2c18-5c6d-a1b8-85eb411ace3d', 'fd2a8113-662a-5782-9e12-f7b49eee56e0', 68, 'unlisted', 'Aggressive Rush Strategy', '{}', DEFAULT, DEFAULT, DEFAULT), ('be194c18-6eee-5ff6-a117-608bade8a86e', 'b32027db-33da-5dc2-b906-e0c2a06ac683', 67, 'private', 'Vision Control Blueprint', '{"non sunt in dolore","incididunt ullamco magna velit t"}', DEFAULT, DEFAULT, DEFAULT), ('74297878-a21d-59b7-aced-265d4a9f30fa', '5dd9c208-a224-5712-b987-eab6b9a89e23', 70, 'public', 'Gank Heavy Approach', '{"dolor","velit voluptate aliquip","commodo exercitation officia ad","consectetur sit"}', DEFAULT, DEFAULT, DEFAULT), ('a0c5fdb3-1581-541b-b560-7473e0935643', '8bfeb6d5-d92f-5041-aa1b-39b8365c0a59', 62, 'unlisted', 'Jungle Control Playbook', '{"veniam voluptate","est ut ex","laborum ad ad velit","consequat aute","ipsum commodo","eiusmod veniam amet nostrud","consectetur do"}', DEFAULT, DEFAULT, DEFAULT), ('5bf01130-69dd-5547-acc0-717bf1395fda', '6c3f6730-2b1a-5e27-97de-caacad0bb1a5', 70, 'unlisted', 'Vision Control Blueprint', '{"eiusmod","ea excepteur laborum consequat e","laborum nulla","occaecat"}', DEFAULT, DEFAULT, DEFAULT), ('1e052062-4999-589c-af48-bc4a3df69d05', '8d3f145b-67b0-504d-b49a-d59ecea5d2d8', 68, 'private', 'Secure Objective Playbook', '{"irure laborum veniam amet","et labore sint eiusmod","nostrud consequat sit esse","exercitation commodo ullamco qui","eu commodo","laboris exercitation qui consect","incididunt id culpa laborum","consequat officia","labore eu aute"}', DEFAULT, DEFAULT, DEFAULT), ('38b49ca8-b50c-5e98-af9e-9c3898d28f8f', '5dd9c208-a224-5712-b987-eab6b9a89e23', 69, 'private', 'Aggressive Rush Strategy', '{"culpa","deserunt exercitation occaecat a","est eiusmod aliquip est","occaecat","Lorem","velit laborum quis","eu fugiat"}', DEFAULT, DEFAULT, DEFAULT), ('9b261f2f-f0b0-57c3-9c3a-156a89bfc9aa', '6c52c1d9-13a4-51ef-ae51-1dacc4c14be9', 67, 'unlisted', 'Secure Objective Playbook', '{"proident sunt voluptate","esse fugiat cupidatat tempor","irure exercitation ea","nostrud anim labore","fugiat nulla ea ipsum","deserunt qui"}', DEFAULT, DEFAULT, DEFAULT), ('2d9d0644-e0d8-5f5d-84c2-071cd2c099ce', '3ff60d7a-a4ad-54c5-a422-53b52cd53093', 61, 'public', 'Defensive Turtle Tactics', '{"id labore tempor sint","culpa sit","amet deserunt enim","elit excepteur","non commodo tempor exercitation ","pariatur pariatur"}', DEFAULT, DEFAULT, DEFAULT), ('b8c7a039-d039-57f7-bd1e-253b05ef8c03', '59558fa1-9cc0-5e85-a331-879d76e07f05', 62, 'private', 'Vision Denial Blueprint', '{"eiusmod aute ad occaecat","aliquip nostrud amet"}', DEFAULT, DEFAULT, DEFAULT), ('110d19c8-9e0d-5f75-a721-b94eb9080526', '8b7e423b-b9b9-5b3c-bf3d-1aa45d16235c', 62, 'private', 'Objective Focused Strategy', '{"laboris reprehenderit minim nost","dolor est"}', DEFAULT, DEFAULT, DEFAULT), ('09923517-e55a-5deb-98cb-d64b27c0ab72', 'd00c085d-72d6-5114-a5fd-ba818539c2f7', 69, 'unlisted', 'Baron Control Strategy', '{"reprehenderit eu","elit eu deserunt Lorem","deserunt deserunt ut anim except","velit eiusmod ea sunt sint","sunt adipisicing laboris dolor"}', DEFAULT, DEFAULT, DEFAULT), ('e5bd85d5-1f62-5598-9176-4bfd393badbe', 'd1b8f3f8-af26-5088-8712-273c28ba98f7', 64, 'public', 'Vision Denial Blueprint', '{"esse excepteur consequat","proident adipisicing"}', DEFAULT, DEFAULT, DEFAULT), ('e8eb7547-d359-5d88-afb0-cca98349d023', 'a3141029-aec2-543b-b18a-49fe947e3304', 68, 'public', 'Counter Pick Blueprint', '{"proident aute minim officia","nisi anim ipsum","ea est sint","veniam id aliquip aliquip","esse eiusmod","id anim","et labore labore"}', DEFAULT, DEFAULT, DEFAULT), ('0e4135c9-4c74-5717-9ee1-cbbb37873838', '6c52c1d9-13a4-51ef-ae51-1dacc4c14be9', 70, 'public', 'Team Fight Execution Plan', '{"adipisicing irure officia culpa","irure minim ut","duis esse excepteur","eiusmod enim","nisi consequat deserunt"}', DEFAULT, DEFAULT, DEFAULT), ('eb9d24ec-f15e-5e4f-870e-dd537efcd168', 'ac9f0e3e-b030-584f-a8dd-87355fe22537', 61, 'private', 'Counter Pick Blueprint', '{"consequat ut eu adipisicing","ut nisi dolore magna","laboris Lorem Lorem","elit magna sint","enim reprehenderit qui non ex","ea magna","dolor veniam cillum exercitation","minim exercitation"}', DEFAULT, DEFAULT, DEFAULT), ('688a2e3c-848e-5787-bd83-705a15229924', '438bff0e-fd50-5c86-89ee-d397a0c0e548', 63, 'unlisted', 'Counter Pick Blueprint', '{"fugiat consectetur incididunt","cupidatat quis officia laboris L","occaecat laboris","aliquip cillum et dolore proiden","est ullamco"}', DEFAULT, DEFAULT, DEFAULT), ('a042a037-2e40-50ce-ae48-3f063c3067bb', 'a8212e1b-5577-5c28-9c38-2d4fbd753550', 68, 'unlisted', 'Roaming Support Plan', '{"culpa","ullamco aliquip","ad ut elit adipisicing"}', DEFAULT, DEFAULT, DEFAULT), ('cb4eaa5a-1f18-571e-9566-4c1753ad9134', 'a88bc9b9-135e-55c7-8c4c-5a072a3c8573', 64, 'private', 'Vision Control Blueprint', '{"voluptate laboris adipisicing","occaecat culpa eu nisi","laborum","in commodo est","aute pariatur","officia anim excepteur veniam"}', DEFAULT, DEFAULT, DEFAULT), ('2076216c-1b19-5f7f-b10d-db3cae2b4567', '8b7e423b-b9b9-5b3c-bf3d-1aa45d16235c', 64, 'private', 'Defensive Turtle Tactics', '{"esse exercitation aute est occae","labore","dolor anim mollit ipsum dolore","culpa pariatur quis cillum quis","aliquip pariatur magna aliqua"}', DEFAULT, DEFAULT, DEFAULT), ('a0bd7980-cac4-5ded-adc5-004548282723', '1e7e0bcb-4fc0-5d72-81a5-d67a74a13595', 62, 'unlisted', 'Vision Control Blueprint', '{"mollit laborum do","amet mollit qui","nostrud ipsum sunt enim"}', DEFAULT, DEFAULT, DEFAULT), ('e94657cc-5d4a-53ce-8902-19b99712c3c6', 'd9bba68a-079c-5141-bd43-756b87167584', 62, 'unlisted', 'Vision Control Blueprint', '{"sunt ex"}', DEFAULT, DEFAULT, DEFAULT), ('cdee6d23-791e-5a74-aba4-6e6c1b3863e7', '6c52c1d9-13a4-51ef-ae51-1dacc4c14be9', 64, 'unlisted', 'Baron Control Strategy', '{"quis","non dolore in pariatur excepteur"}', DEFAULT, DEFAULT, DEFAULT), ('d5a4641d-8cbb-5fd0-89e3-ac12979b690c', 'fd2a8113-662a-5782-9e12-f7b49eee56e0', 64, 'unlisted', 'Secure Objective Playbook', '{"reprehenderit in pariatur","exercitation sint minim","aliqua occaecat","velit","quis voluptate ad aliqua amet","ipsum laborum dolor","irure enim laboris esse incididu","Lorem ullamco non","Lorem do nulla","laboris eiusmod"}', DEFAULT, DEFAULT, DEFAULT), ('ab58f5b2-4308-5685-a477-a4b54637b2a0', '9bf2ad50-cccb-50eb-8269-3a7e78bd21f5', 61, 'unlisted', 'Roaming Support Plan', '{"aute cillum deserunt"}', DEFAULT, DEFAULT, DEFAULT), ('025da8e7-6d47-53be-9689-b0604284733b', 'b5605791-3389-56c2-9ec6-17d538b9bb85', 68, 'unlisted', 'Gank Heavy Approach', '{"labore","et est","do labore exercitation","sit cupidatat cupidatat","in tempor ipsum mollit","irure aliqua sit non est","aute eiusmod cupidatat tempor"}', DEFAULT, DEFAULT, DEFAULT), ('cfc01e92-0e9c-5f58-b116-ac73af2ff344', 'a88bc9b9-135e-55c7-8c4c-5a072a3c8573', 69, 'private', 'Baron Control Strategy', '{"sit magna minim","pariatur minim laboris nostrud a","tempor mollit","consectetur qui culpa nisi commo","dolore exercitation mollit sit","dolore nulla exercitation culpa ","ea ipsum ut occaecat","nostrud adipisicing quis dolore"}', DEFAULT, DEFAULT, DEFAULT), ('6c7a0737-5d09-56f1-9a60-9ca811b68d40', 'd1b8f3f8-af26-5088-8712-273c28ba98f7', 66, 'public', 'Late Game Scaling Strategy', '{"exercitation anim elit","eu magna anim in","esse aute sunt","reprehenderit","reprehenderit reprehenderit null","aute Lorem deserunt quis quis","Lorem nisi reprehenderit aliquip","non fugiat esse nulla sunt","consequat aliquip"}', DEFAULT, DEFAULT, DEFAULT), ('b74b781d-f3ca-5ce2-a262-c20f23455d05', '5dd9c208-a224-5712-b987-eab6b9a89e23', 61, 'private', 'Team Fight Execution Plan', '{"proident magna nulla qui"}', DEFAULT, DEFAULT, DEFAULT), ('ae76c1cf-66c9-5bf7-8fc8-d1e1260ab8bd', 'eecf8a7e-af2f-524d-a645-c5fba3ebda06', 64, 'public', 'Jungle Control Playbook', '{"dolor ea dolor aliquip adipisici","exercitation","commodo reprehenderit","culpa mollit"}', DEFAULT, DEFAULT, DEFAULT), ('3267d96d-4a33-5c13-9ef8-eb9652f76262', '3ff60d7a-a4ad-54c5-a422-53b52cd53093', 65, 'public', 'Late Game Scaling Strategy', '{"ea Lorem","tempor proident nisi","aute id laboris cillum"}', DEFAULT, DEFAULT, DEFAULT), ('272ce823-3f81-5671-93a8-93655178aa67', '8926b9fd-34b2-5421-a25c-9cd89c12cad0', 69, 'unlisted', 'Counter Pick Blueprint', '{"dolor","veniam sit deserunt","labore consectetur id commodo","eiusmod ad consequat","dolore ex veniam velit"}', DEFAULT, DEFAULT, DEFAULT), ('0cd365ac-6479-5889-b532-b02ce5d93b9f', '91434b27-2651-5429-8f42-45c3f8e334a0', 61, 'unlisted', 'Wave Management Plan', '{"exercitation et adipisicing","duis pariatur","deserunt"}', DEFAULT, DEFAULT, DEFAULT), ('d1c31a1f-140d-5b01-95f7-3fc15003186c', '98eaafd3-adbf-5a3e-adb9-b3fb6971b6f1', 62, 'public', 'Baron Control Strategy', '{"ea minim","consectetur mollit sit consectet","culpa in cupidatat duis","occaecat laboris laborum","dolore irure ea aliquip","labore reprehenderit do","velit do laborum aliqua","et labore deserunt"}', DEFAULT, DEFAULT, DEFAULT), ('139e14ed-bbf1-5d48-a6cc-84c72c891164', 'b5605791-3389-56c2-9ec6-17d538b9bb85', 64, 'unlisted', 'Jungle Control Playbook', '{"qui reprehenderit excepteur quis","fugiat sunt","aliquip cillum cupidatat","in minim","ut proident pariatur nisi","ex tempor ullamco consequat","dolore officia","magna consequat minim","et elit"}', DEFAULT, DEFAULT, DEFAULT), ('586f1ac8-f524-5f8c-88e2-184c02d5ef6d', '0ddbd373-5148-5d1c-b950-701854fc6604', 70, 'private', 'Aggressive Rush Strategy', '{"elit pariatur laboris"}', DEFAULT, DEFAULT, DEFAULT), ('62075432-2441-5ae8-a3d3-0c53f1490707', 'd1b8f3f8-af26-5088-8712-273c28ba98f7', 66, 'public', 'Vision Denial Blueprint', '{"aliquip labore mollit nisi","aliqua deserunt irure","eu quis velit","ad ad esse eiusmod aliquip","pariatur adipisicing nostrud eli","dolor"}', DEFAULT, DEFAULT, DEFAULT), ('7e2a3012-f429-5959-8e79-e27f888f9ce7', '8bfeb6d5-d92f-5041-aa1b-39b8365c0a59', 63, 'public', 'Baron Control Strategy', '{"irure veniam veniam sit adipisic","nisi do in","pariatur","Lorem velit"}', DEFAULT, DEFAULT, DEFAULT), ('b8821e56-73f0-54d5-b485-728d64492250', '91fa3874-9437-5dfa-a49a-f19fb38d9e92', 63, 'private', 'Gank Heavy Approach', '{"labore labore reprehenderit comm","culpa irure culpa nulla nostrud","sit consectetur anim","ut sit nostrud","culpa labore non"}', DEFAULT, DEFAULT, DEFAULT), ('41c6ea7f-18a9-55e6-b2ba-f0f4f40a17bf', 'bbc51950-a428-5ed7-b604-6444a902714b', 63, 'unlisted', 'Siege Tactics Handbook', '{"non eiusmod adipisicing","mollit","laboris","et amet dolor laborum minim","sunt deserunt fugiat proident","incididunt occaecat mollit volup","nostrud in reprehenderit ullamco"}', DEFAULT, DEFAULT, DEFAULT), ('6071eb55-6bca-516b-b2e7-cdcdc70b2f27', 'eecf8a7e-af2f-524d-a645-c5fba3ebda06', 64, 'private', 'Rotation Strategy Document', '{"laborum culpa dolor aliquip","est proident","dolore","et","anim amet","ipsum quis","ipsum et sint","magna ad nostrud exercitation ex","do occaecat","amet in nulla qui"}', DEFAULT, DEFAULT, DEFAULT), ('d7cdb9d2-07a6-5208-bc43-84429587c78d', '29b47b7e-4cec-5d5a-b93d-172770b57ed6', 64, 'private', 'Gank Heavy Approach', '{"esse enim ex","cupidatat proident cillum"}', DEFAULT, DEFAULT, DEFAULT), ('edba76b8-16c2-5d65-8407-7c8846b18c8d', '29b47b7e-4cec-5d5a-b93d-172770b57ed6', 69, 'private', 'Defensive Turtle Tactics', '{"officia reprehenderit","est sint mollit laborum","excepteur sint eu","excepteur cillum","amet ut est aliqua","veniam dolor","culpa irure"}', DEFAULT, DEFAULT, DEFAULT), ('4961b154-685f-5c2d-b1f1-598100239ea4', '8a0a556f-d942-55f0-8ba8-1ffbfaf3c6d9', 62, 'public', 'Early Game Dominance Guide', '{"nulla consectetur","nulla eu deserunt dolore dolor","occaecat ut","cillum culpa in officia","quis anim dolor","irure"}', DEFAULT, DEFAULT, DEFAULT), ('81b648c1-576c-5086-ba4f-2125060d9cf0', 'ac9f0e3e-b030-584f-a8dd-87355fe22537', 66, 'unlisted', 'Siege Tactics Handbook', '{"et Lorem","amet","mollit sit magna aliqua","nisi quis","deserunt cupidatat","enim ex","et eu esse","tempor officia quis mollit","elit labore cillum in proident","pariatur sunt ullamco sint"}', DEFAULT, DEFAULT, DEFAULT), ('edcc20e9-95a3-50eb-b84c-a2ac5801dd1f', '2589cf16-4103-5a4f-b544-b30078083eaa', 67, 'private', 'Objective Focused Strategy', '{"cillum ex","esse laborum minim","nulla Lorem aute in eu","occaecat duis deserunt velit","duis ut","magna"}', DEFAULT, DEFAULT, DEFAULT), ('0f7963e1-2931-5603-b1f8-5f29e095a36f', '5dd9c208-a224-5712-b987-eab6b9a89e23', 68, 'private', 'Aggressive Rush Strategy', '{"in elit nostrud ad","exercitation enim","dolore ex qui ullamco consequat","mollit amet sint consequat tempo","cupidatat aliqua"}', DEFAULT, DEFAULT, DEFAULT), ('d90cf80e-490d-5c8c-85cc-9c761060fca5', 'fd2a8113-662a-5782-9e12-f7b49eee56e0', 69, 'public', 'Defensive Turtle Tactics', '{"duis sit proident sunt id","quis veniam"}', DEFAULT, DEFAULT, DEFAULT), ('84a00f8f-8f65-512e-a89a-396ebb944774', '0ddbd373-5148-5d1c-b950-701854fc6604', 70, 'unlisted', 'Counter Pick Blueprint', '{"eu esse elit nisi","qui cillum","id voluptate deserunt anim","non elit incididunt anim","cupidatat nostrud culpa cupidata","incididunt duis sit magna"}', DEFAULT, DEFAULT, DEFAULT), ('24530daa-18f4-5736-824e-740b98d86f84', '1e7e0bcb-4fc0-5d72-81a5-d67a74a13595', 68, 'public', 'Objective Focused Strategy', '{"aliquip aliquip sunt exercitatio","fugiat sunt sit Lorem","non Lorem","adipisicing est","sit quis","aliquip laboris","aute sint","labore sint consequat excepteur"}', DEFAULT, DEFAULT, DEFAULT), ('cef44dbb-01f1-53f9-a51f-bce20b8c9729', 'd1b8f3f8-af26-5088-8712-273c28ba98f7', 65, 'private', 'Gank Heavy Approach', '{}', DEFAULT, DEFAULT, DEFAULT), ('2f432e43-c578-5d3f-a9f6-658650551fe1', '3ff60d7a-a4ad-54c5-a422-53b52cd53093', 67, 'public', 'Vision Denial Blueprint', '{"do","ut tempor elit","sit mollit duis quis","adipisicing sunt nulla","voluptate excepteur","Lorem nostrud aliquip aliquip","consectetur ut velit excepteur L"}', DEFAULT, DEFAULT, DEFAULT), ('9e0ad23d-bafe-536b-a992-47ea353cf3b5', '91fa3874-9437-5dfa-a49a-f19fb38d9e92', 69, 'unlisted', 'Gank Heavy Approach', '{"voluptate","proident occaecat","est ullamco non sit","labore et elit","laborum adipisicing nulla pariat"}', DEFAULT, DEFAULT, DEFAULT), ('ba4f3542-9d48-574a-8df6-823d78106037', '29b47b7e-4cec-5d5a-b93d-172770b57ed6', 65, 'public', 'Defensive Turtle Tactics', '{"ut sit","veniam excepteur magna pariatur","est adipisicing magna","sit officia magna ullamco","reprehenderit laboris sit sint d"}', DEFAULT, DEFAULT, DEFAULT), ('d5920fa6-848e-5195-b671-9577ccf74a26', 'eecf8a7e-af2f-524d-a645-c5fba3ebda06', 67, 'public', 'Roaming Support Plan', '{"consequat","anim velit eiusmod incididunt","ut","mollit quis in laborum aliqua"}', DEFAULT, DEFAULT, DEFAULT), ('60e1ec45-4b3f-5cd2-b9e9-a6fd50c32391', 'd1b8f3f8-af26-5088-8712-273c28ba98f7', 70, 'public', 'Vision Denial Blueprint', '{"deserunt","cupidatat irure veniam","quis duis laborum","qui tempor pariatur nisi","ex esse aute","nulla ex elit"}', DEFAULT, DEFAULT, DEFAULT), ('4152396c-eaf9-5aeb-9b7d-6c26ad4d722c', '8b7e423b-b9b9-5b3c-bf3d-1aa45d16235c', 68, 'unlisted', 'Defensive Turtle Tactics', '{"pariatur","aliqua culpa","laborum","id Lorem ea","voluptate aliquip culpa consecte","laborum dolor est magna eiusmod","occaecat nisi dolor duis","nostrud magna"}', DEFAULT, DEFAULT, DEFAULT), ('82c66b9e-374b-5deb-960b-0b761f066806', '9b1fc781-1e4e-56d2-bd68-0dc257a319c0', 66, 'public', 'Late Game Scaling Strategy', '{"deserunt nostrud","duis commodo","do occaecat deserunt","ea sunt tempor exercitation cill","id ad commodo laborum","reprehenderit id commodo cillum","qui officia"}', DEFAULT, DEFAULT, DEFAULT), ('cb1a8444-be9e-581c-8a1e-9f0d5870d484', '1d3f740a-8c60-5c1d-aa9e-3854a33c8e1d', 61, 'public', 'Wave Management Plan', '{"sit in est fugiat","excepteur ut","esse nisi consequat","ipsum culpa","est commodo cupidatat eu","dolore minim culpa tempor","ad","tempor enim labore commodo proid"}', DEFAULT, DEFAULT, DEFAULT), ('b4086fbf-8b55-5b20-af96-270e53efd260', '91fa3874-9437-5dfa-a49a-f19fb38d9e92', 67, 'unlisted', 'Siege Tactics Handbook', '{"nostrud et pariatur"}', DEFAULT, DEFAULT, DEFAULT), ('7dc2a385-02fd-5e9e-8ca3-480d310ce988', 'fd2a8113-662a-5782-9e12-f7b49eee56e0', 62, 'unlisted', 'Late Game Scaling Strategy', '{"incididunt irure","sit sit"}', DEFAULT, DEFAULT, DEFAULT), ('bd010a0a-cb39-59ee-8218-e7f775ac9a01', '9bf2ad50-cccb-50eb-8269-3a7e78bd21f5', 68, 'private', 'Counter Pick Blueprint', '{"labore eiusmod","cillum commodo esse","minim","eu"}', DEFAULT, DEFAULT, DEFAULT), ('eb100a5e-fbbc-5189-b323-e08ca1ddf4b2', '2589cf16-4103-5a4f-b544-b30078083eaa', 67, 'public', 'Map Control Blueprint', '{"adipisicing sint enim voluptate ","fugiat ut","proident minim laborum est","ea nulla","veniam mollit amet aute esse"}', DEFAULT, DEFAULT, DEFAULT), ('e43c6b3b-10fe-54f2-a09c-2f23976dbe42', '305fa448-c3bf-59c7-a989-19ae69ce0725', 63, 'public', 'Counter Pick Blueprint', '{"Lorem anim","sint aliquip","excepteur duis sunt","laboris culpa","sint","ad consequat id","id consequat enim amet eiusmod"}', DEFAULT, DEFAULT, DEFAULT), ('145f2d17-d2b0-59ee-98c0-d8b6d6c741cd', '8926b9fd-34b2-5421-a25c-9cd89c12cad0', 65, 'unlisted', 'Wave Management Plan', '{"nulla labore","consectetur est","ex id","enim in reprehenderit","commodo Lorem"}', DEFAULT, DEFAULT, DEFAULT), ('27b7fc92-c399-5aec-bc43-ea4a7d41c984', '8926b9fd-34b2-5421-a25c-9cd89c12cad0', 67, 'unlisted', 'Gank Heavy Approach', '{"laboris qui deserunt","velit et ex"}', DEFAULT, DEFAULT, DEFAULT), ('16e13bc2-bae9-5a1b-a23b-7f2503b73a03', '9b1fc781-1e4e-56d2-bd68-0dc257a319c0', 65, 'private', 'Baron Control Strategy', '{"enim exercitation","incididunt"}', DEFAULT, DEFAULT, DEFAULT), ('fb9a721d-7da1-577d-a721-ae00139d250b', '2d1d7734-be70-5d07-a538-e76c6cae722e', 69, 'unlisted', 'Aggressive Rush Strategy', '{"esse id labore"}', DEFAULT, DEFAULT, DEFAULT), ('8514b549-2321-5223-bcae-362fbfc61c61', '8b7e423b-b9b9-5b3c-bf3d-1aa45d16235c', 61, 'private', 'Split Push Blueprint', '{}', DEFAULT, DEFAULT, DEFAULT), ('8d222d98-29f0-5123-b99d-cc9f19493b20', '6c52c1d9-13a4-51ef-ae51-1dacc4c14be9', 68, 'public', 'Aggressive Rush Strategy', '{}', DEFAULT, DEFAULT, DEFAULT), ('5ba895cd-4107-5c9d-a9cb-bd2d24899776', '6c52c1d9-13a4-51ef-ae51-1dacc4c14be9', 67, 'private', 'Vision Denial Blueprint', '{"aliqua","esse ut","dolore anim cupidatat dolore ex","est","voluptate labore ipsum eiusmod","ullamco officia ex eu reprehende","adipisicing"}', DEFAULT, DEFAULT, DEFAULT), ('73b23aba-b5e2-5b24-b442-00922b22f275', '29b47b7e-4cec-5d5a-b93d-172770b57ed6', 64, 'private', 'Jungle Control Playbook', '{"aliqua anim aute quis","occaecat","eu do ea","consequat elit mollit","id commodo","et sit","nostrud quis nostrud veniam"}', DEFAULT, DEFAULT, DEFAULT), ('0e1a0168-a26a-5feb-9c91-7bd40d62afcc', '36f6f3ba-e867-5008-b6c1-829e989f9d2f', 67, 'private', 'Map Control Blueprint', '{"laborum laborum","officia et"}', DEFAULT, DEFAULT, DEFAULT), ('9348bed0-a52a-59cd-98df-ed8ab48ba4f7', '438bff0e-fd50-5c86-89ee-d397a0c0e548', 66, 'private', 'Defensive Turtle Tactics', '{"dolore eu aliqua","cillum laborum"}', DEFAULT, DEFAULT, DEFAULT), ('1507f034-16ba-5219-b927-72f72394b9da', 'fd2a8113-662a-5782-9e12-f7b49eee56e0', 70, 'unlisted', 'Wave Management Plan', '{"non est aliquip et","aliquip anim","reprehenderit officia commodo","irure","ullamco elit sunt commodo","commodo sint enim","proident anim laborum velit","magna anim quis sit"}', DEFAULT, DEFAULT, DEFAULT), ('3d6517ba-6968-54c9-9934-5dca00f20f48', 'd00c085d-72d6-5114-a5fd-ba818539c2f7', 68, 'private', 'Defensive Turtle Tactics', '{"ex laborum cupidatat","ad et voluptate","culpa mollit tempor","mollit exercitation dolore molli","elit ipsum do","ad veniam non"}', DEFAULT, DEFAULT, DEFAULT), ('253eb1a7-6466-5751-bb80-ba728a9d5688', '549980e7-3e77-5d76-b263-84664d04b209', 70, 'public', 'Split Push Blueprint', '{"nisi deserunt non excepteur sint","ipsum et ea","do"}', DEFAULT, DEFAULT, DEFAULT), ('84afba7a-f643-5519-b420-54d83f591e9d', '9bf2ad50-cccb-50eb-8269-3a7e78bd21f5', 65, 'unlisted', 'Roaming Support Plan', '{"fugiat tempor","laborum consequat do elit","elit officia reprehenderit"}', DEFAULT, DEFAULT, DEFAULT), ('59b35be9-9d21-5b79-8875-4954a08d7239', '89f211a9-c1e7-5fa6-9108-784d98291012', 65, 'public', 'Late Game Scaling Strategy', '{"amet fugiat sint nulla et","anim sint labore quis","in sunt duis","laboris eiusmod ut do dolor","pariatur eu","occaecat sit fugiat","fugiat deserunt"}', DEFAULT, DEFAULT, DEFAULT), ('b3ff9604-63d2-533f-8bbb-d5f0486381ad', 'd297ab9e-40d4-51b5-bb8f-a1df399f1a9a', 65, 'unlisted', 'Rotation Strategy Document', '{"labore proident","aliquip ut elit","fugiat sunt quis consectetur ea"}', DEFAULT, DEFAULT, DEFAULT), ('bcc899da-7629-5e0e-b560-5f5f6e7060e1', '2d1d7734-be70-5d07-a538-e76c6cae722e', 69, 'private', 'Counter Pick Blueprint', '{"duis eiusmod proident duis et","nisi magna deserunt ipsum","consequat incididunt laborum par","pariatur eiusmod irure","fugiat culpa cupidatat"}', DEFAULT, DEFAULT, DEFAULT), ('96dbca51-d731-5e2c-a3d4-62e8f0faa072', 'd00c085d-72d6-5114-a5fd-ba818539c2f7', 65, 'unlisted', 'Map Control Blueprint', '{"dolor tempor reprehenderit excep","eiusmod","mollit cillum fugiat","anim reprehenderit","ullamco sunt non","velit culpa cillum laborum","aute voluptate dolor nisi","qui"}', DEFAULT, DEFAULT, DEFAULT), ('fc633e1f-14b8-590b-a0ba-c22147aaeeb4', '305fa448-c3bf-59c7-a989-19ae69ce0725', 66, 'private', 'Secure Objective Playbook', '{"pariatur eiusmod ipsum","excepteur","esse est labore","anim","do fugiat quis quis","laboris qui sit nostrud","qui reprehenderit consequat","incididunt cillum","voluptate aliquip"}', DEFAULT, DEFAULT, DEFAULT), ('49af1081-9f3e-5569-af2e-1029eb808baf', '89f211a9-c1e7-5fa6-9108-784d98291012', 64, 'public', 'Late Game Scaling Strategy', '{"officia elit"}', DEFAULT, DEFAULT, DEFAULT), ('28c7fcd5-dc0b-528f-92f0-3e19e7b94b50', '290e51c6-7ff6-5db4-8f40-69dda051b66c', 69, 'public', 'Gank Heavy Approach', '{"cillum qui"}', DEFAULT, DEFAULT, DEFAULT), ('38780d0a-620c-5420-b84b-aa917e5db8c1', '6c3f6730-2b1a-5e27-97de-caacad0bb1a5', 61, 'unlisted', 'Aggressive Rush Strategy', '{"sunt","sint commodo sint minim magna","do aliqua minim","dolor dolore sit irure Lorem","cillum irure sunt consequat"}', DEFAULT, DEFAULT, DEFAULT), ('535c1e86-4fb0-59ea-8076-b54244994b61', 'd9bba68a-079c-5141-bd43-756b87167584', 66, 'unlisted', 'Split Push Blueprint', '{"sunt ipsum","occaecat non"}', DEFAULT, DEFAULT, DEFAULT), ('5e181f1c-b93c-59a3-a161-c4d4e29f775e', 'eecf8a7e-af2f-524d-a645-c5fba3ebda06', 64, 'unlisted', 'Secure Objective Playbook', '{"in non mollit magna","sunt","proident sit sit"}', DEFAULT, DEFAULT, DEFAULT), ('0cd34502-daee-52d8-b8a4-7aa032065e8a', '438bff0e-fd50-5c86-89ee-d397a0c0e548', 62, 'public', 'Objective Focused Strategy', '{"sit culpa labore","qui eiusmod proident elit","adipisicing aliqua nostrud do","aute","Lorem nisi","aliquip officia","commodo non laboris","deserunt qui"}', DEFAULT, DEFAULT, DEFAULT), ('6c9b6808-e737-5f8f-b196-93c0598b34b9', '8a0a556f-d942-55f0-8ba8-1ffbfaf3c6d9', 67, 'public', 'Roaming Support Plan', '{"consectetur quis nisi","officia cupidatat ullamco","sint cillum consequat","labore magna pariatur","nisi velit exercitation eiusmod"}', DEFAULT, DEFAULT, DEFAULT), ('f498173a-b4a1-5b37-ad0b-67596b4fe0ac', 'd19db439-c7e7-53a7-aa19-0db346180dc1', 68, 'unlisted', 'Siege Tactics Handbook', '{"duis eu"}', DEFAULT, DEFAULT, DEFAULT), ('b0d542cd-fe80-5cad-9bd6-a81d0ed1c2f4', 'a3141029-aec2-543b-b18a-49fe947e3304', 68, 'unlisted', 'Vision Control Blueprint', '{"et reprehenderit nostrud","sunt eiusmod","nostrud cupidatat consequat","aute cupidatat proident mollit u","ullamco Lorem dolor ad qui","ut culpa incididunt"}', DEFAULT, DEFAULT, DEFAULT), ('cd506b7e-0f7c-526c-b650-bb799376c313', '853509f0-6836-5fa7-87f2-fb0a9a8766d2', 62, 'unlisted', 'Gank Heavy Approach', '{"do","et veniam sit consectetur ipsum","non","deserunt eu","voluptate proident adipisicing","ad exercitation"}', DEFAULT, DEFAULT, DEFAULT), ('d625f518-4ec3-51e2-95c0-6cf965668d68', 'fd2a8113-662a-5782-9e12-f7b49eee56e0', 68, 'public', 'Wave Management Plan', '{"id voluptate","exercitation reprehenderit","reprehenderit mollit"}', DEFAULT, DEFAULT, DEFAULT), ('66b76653-1cc5-50ef-a109-c059c945f253', 'eecf8a7e-af2f-524d-a645-c5fba3ebda06', 69, 'private', 'Team Fight Execution Plan', '{"sit cillum","Lorem occaecat proident","fugiat eiusmod","sit sint commodo irure"}', DEFAULT, DEFAULT, DEFAULT), ('a6dbcc80-e965-5682-9448-6a65a83787b3', '8bfeb6d5-d92f-5041-aa1b-39b8365c0a59', 61, 'public', 'Roaming Support Plan', '{"dolore nostrud excepteur ad","veniam quis officia","qui nisi"}', DEFAULT, DEFAULT, DEFAULT), ('c4d9fc37-aa2c-5cf4-8cef-779723958882', 'd00c085d-72d6-5114-a5fd-ba818539c2f7', 69, 'unlisted', 'Vision Control Blueprint', '{"laboris adipisicing","velit dolor consectetur enim","mollit ipsum sint Lorem sunt","sunt aliqua","enim aliqua labore et","commodo","nostrud","Lorem"}', DEFAULT, DEFAULT, DEFAULT), ('cbdcc83c-77a1-5d75-ace8-183321930672', '91fa3874-9437-5dfa-a49a-f19fb38d9e92', 63, 'private', 'Map Control Blueprint', '{"velit","nisi ipsum id enim","aute nostrud","cillum","aliquip Lorem esse officia"}', DEFAULT, DEFAULT, DEFAULT), ('46b593cf-05b9-5316-ba74-ef4cf062dcc9', '3ff60d7a-a4ad-54c5-a422-53b52cd53093', 65, 'unlisted', 'Vision Control Blueprint', '{"enim proident est excepteur","anim voluptate culpa","magna eiusmod adipisicing magna ","officia culpa","fugiat"}', DEFAULT, DEFAULT, DEFAULT), ('1770dbe6-c529-520b-a36c-454b023ccb2c', 'a5e6c58e-54df-5943-b1b7-463c2ae0fb74', 66, 'public', 'Roaming Support Plan', '{"amet"}', DEFAULT, DEFAULT, DEFAULT), ('65973815-006c-531b-b69f-bd5d086f7786', 'd19db439-c7e7-53a7-aa19-0db346180dc1', 68, 'unlisted', 'Wave Management Plan', '{"aliquip ad","magna ipsum","reprehenderit ad labore magna","non cillum dolor","consequat voluptate","veniam deserunt magna","cupidatat officia","sunt sint laborum","et velit ullamco cillum"}', DEFAULT, DEFAULT, DEFAULT), ('0cd413aa-1a82-5832-9edb-17fd5c059a41', '36f6f3ba-e867-5008-b6c1-829e989f9d2f', 70, 'private', 'Vision Denial Blueprint', '{"laboris duis","anim labore","nisi","voluptate fugiat amet voluptate ","reprehenderit id consequat venia","qui","non","excepteur in","enim laborum ut"}', DEFAULT, DEFAULT, DEFAULT), ('5153bc7b-cd04-5c5e-83e9-7b7a5a1390e6', 'de459427-bb2c-5381-bdbf-7126efbb65c9', 64, 'public', 'Roaming Support Plan', '{"excepteur","ad magna et in","in cupidatat ipsum est","culpa aute excepteur","veniam excepteur magna elit amet","anim","eu eu qui labore","officia reprehenderit","do dolore occaecat incididunt"}', DEFAULT, DEFAULT, DEFAULT), ('bd276dfa-2ddb-52c7-9feb-6d2cc281335e', '2589cf16-4103-5a4f-b544-b30078083eaa', 62, 'private', 'Map Control Blueprint', '{"id proident sunt"}', DEFAULT, DEFAULT, DEFAULT), ('12cafb5f-6adc-5f24-a738-9455dde3eb2a', 'a5e6c58e-54df-5943-b1b7-463c2ae0fb74', 62, 'public', 'Wave Management Plan', '{"ipsum ad deserunt","officia","minim Lorem","id officia"}', DEFAULT, DEFAULT, DEFAULT), ('e017f166-fa51-5fb5-af86-6fc41cad9674', '26f7bb6a-3c9c-5b30-b11b-be5ebfb91948', 62, 'private', 'Secure Objective Playbook', '{"anim quis","aliqua est ullamco","esse"}', DEFAULT, DEFAULT, DEFAULT), ('544f27bb-a8e9-5b6b-8ec7-f1cfe91406e2', '59558fa1-9cc0-5e85-a331-879d76e07f05', 65, 'public', 'Wave Management Plan', '{"excepteur amet consequat","culpa nulla commodo","aliqua adipisicing do nisi commo","minim","ipsum","esse","aute elit","exercitation reprehenderit aliqu"}', DEFAULT, DEFAULT, DEFAULT), ('a704d0a7-ee9e-5aa5-bba9-aff3556d41a2', 'bbc51950-a428-5ed7-b604-6444a902714b', 65, 'private', 'Wave Management Plan', '{"magna enim consequat"}', DEFAULT, DEFAULT, DEFAULT), ('a758f3b0-169f-56a9-80db-acb9f3972464', 'd00c085d-72d6-5114-a5fd-ba818539c2f7', 62, 'public', 'Defensive Turtle Tactics', '{"anim","aute reprehenderit ex sint","do fugiat","elit sit","do elit consequat","reprehenderit ad cupidatat","dolor","ut commodo ex"}', DEFAULT, DEFAULT, DEFAULT), ('1ebb07c2-9cc9-56df-b9e3-71837bafdca1', '6c3f6730-2b1a-5e27-97de-caacad0bb1a5', 65, 'unlisted', 'Early Game Dominance Guide', '{"id nulla dolor consectetur","quis","et sunt","irure id"}', DEFAULT, DEFAULT, DEFAULT), ('217c4ba5-3ca5-503f-8fcd-2cf91341f163', '8926b9fd-34b2-5421-a25c-9cd89c12cad0', 69, 'public', 'Vision Control Blueprint', '{"anim velit","exercitation sint","proident veniam est magna","minim adipisicing proident","in et"}', DEFAULT, DEFAULT, DEFAULT), ('63c64b00-d130-5928-b403-258ebdb17248', '9b1fc781-1e4e-56d2-bd68-0dc257a319c0', 69, 'private', 'Early Game Dominance Guide', '{"ullamco dolor pariatur Lorem"}', DEFAULT, DEFAULT, DEFAULT), ('0deb1a0e-8f26-576f-af23-e26ef824ea0b', 'eecf8a7e-af2f-524d-a645-c5fba3ebda06', 70, 'unlisted', 'Split Push Blueprint', '{"est dolor","mollit pariatur aliqua","et dolor aute culpa mollit","culpa ad"}', DEFAULT, DEFAULT, DEFAULT), ('924718ca-0525-5af0-b71a-2560f2cc09a0', 'd297ab9e-40d4-51b5-bb8f-a1df399f1a9a', 68, 'public', 'Map Control Blueprint', '{"incididunt","et et amet ad nostrud","labore qui"}', DEFAULT, DEFAULT, DEFAULT), ('877842c0-f0dc-575b-a7ad-30915aaaeebe', '8a0a556f-d942-55f0-8ba8-1ffbfaf3c6d9', 62, 'private', 'Secure Objective Playbook', '{"in aliquip velit officia","excepteur Lorem consectetur","id nisi","adipisicing nisi","ex in","incididunt aute nisi","nulla amet","eiusmod aliqua"}', DEFAULT, DEFAULT, DEFAULT), ('ebce0b2a-b558-5f18-bddc-2af385fe3118', 'bbc51950-a428-5ed7-b604-6444a902714b', 65, 'unlisted', 'Baron Control Strategy', '{"velit Lorem id excepteur","laborum velit exercitation aute","consequat consectetur duis conse","labore dolore irure","eiusmod amet labore","sunt","sit proident cupidatat ea","in ullamco eiusmod incididunt","deserunt occaecat enim velit exc","do ea"}', DEFAULT, DEFAULT, DEFAULT), ('67f00577-22b1-541a-b8eb-43f4241ec322', '3204ce32-7c5b-5953-969e-fe1d17de6e76', 62, 'private', 'Objective Focused Strategy', '{"sunt magna enim","aute","voluptate et deserunt","voluptate ullamco"}', DEFAULT, DEFAULT, DEFAULT), ('5c1d9b7d-9f54-545c-ae19-f60dd5ff1d25', '1d3f740a-8c60-5c1d-aa9e-3854a33c8e1d', 63, 'unlisted', 'Aggressive Rush Strategy', '{"esse quis ullamco","do excepteur et","ea enim labore elit","ipsum do veniam","exercitation esse","pariatur ut"}', DEFAULT, DEFAULT, DEFAULT), ('339c2395-3fcf-5f3b-90ec-90611b01fa37', '9b1fc781-1e4e-56d2-bd68-0dc257a319c0', 65, 'public', 'Early Game Dominance Guide', '{"duis aute","eu velit","sunt cillum ad dolore","dolore reprehenderit adipisicing","pariatur","exercitation non commodo quis ut","magna","esse amet labore esse voluptate","ut aute dolor fugiat"}', DEFAULT, DEFAULT, DEFAULT), ('3e26da35-99ab-5fee-95a6-ca3120af490b', '3ff60d7a-a4ad-54c5-a422-53b52cd53093', 69, 'unlisted', 'Vision Control Blueprint', '{"dolore cupidatat","eiusmod pariatur voluptate et","commodo irure"}', DEFAULT, DEFAULT, DEFAULT), ('540a4921-798c-58f1-8dda-fbb9b912bb43', '853509f0-6836-5fa7-87f2-fb0a9a8766d2', 70, 'unlisted', 'Vision Denial Blueprint', '{"in anim","duis adipisicing labore","et magna","exercitation","laboris eu sit","laborum tempor labore labore","mollit ipsum ipsum"}', DEFAULT, DEFAULT, DEFAULT), ('81b847bf-bc05-538e-bdc5-721f48634b78', '98eaafd3-adbf-5a3e-adb9-b3fb6971b6f1', 62, 'unlisted', 'Gank Heavy Approach', '{"eu","pariatur minim dolor dolor labor","quis commodo ad","anim Lorem","dolor amet eiusmod","ullamco nostrud ullamco","ullamco eu occaecat","ipsum duis excepteur dolor","laborum cupidatat","esse"}', DEFAULT, DEFAULT, DEFAULT), ('2c9d2493-4412-5eae-aa39-69858c4bfd99', '1d3f740a-8c60-5c1d-aa9e-3854a33c8e1d', 68, 'private', 'Gank Heavy Approach', '{"id sit","aute adipisicing","anim ipsum","veniam elit tempor cillum","et incididunt","occaecat","amet","commodo esse veniam non"}', DEFAULT, DEFAULT, DEFAULT), ('51ef9256-0eab-579a-868b-52c27ddf10e9', '36f6f3ba-e867-5008-b6c1-829e989f9d2f', 64, 'unlisted', 'Early Game Dominance Guide', '{"consectetur ut","velit nisi tempor"}', DEFAULT, DEFAULT, DEFAULT), ('d6ceb82b-4af2-5d8a-96c1-8d6a9db93a31', '91434b27-2651-5429-8f42-45c3f8e334a0', 62, 'public', 'Aggressive Rush Strategy', '{}', DEFAULT, DEFAULT, DEFAULT), ('01ae0a36-6172-5c0a-baff-6c1805e0976a', '5d378209-1fd5-506f-8b3f-511a16489d69', 69, 'public', 'Wave Management Plan', '{}', DEFAULT, DEFAULT, DEFAULT), ('df70af8b-9578-5bd7-9fd6-02ad92eaedca', '91fa3874-9437-5dfa-a49a-f19fb38d9e92', 69, 'unlisted', 'Gank Heavy Approach', '{"Lorem sunt voluptate"}', DEFAULT, DEFAULT, DEFAULT), ('82fca927-01aa-5c29-8d7a-7a868f9ba6ea', '8d3f145b-67b0-504d-b49a-d59ecea5d2d8', 65, 'public', 'Rotation Strategy Document', '{"est id incididunt","aliqua incididunt tempor","et aute","consectetur","labore proident veniam exercitat","adipisicing","enim id","et magna"}', DEFAULT, DEFAULT, DEFAULT), ('4e5550d4-d39a-56c3-8f19-971fdeeb787e', '8a0a556f-d942-55f0-8ba8-1ffbfaf3c6d9', 64, 'unlisted', 'Vision Denial Blueprint', '{"ad cupidatat nulla"}', DEFAULT, DEFAULT, DEFAULT), ('83ec5ac5-8c23-5e38-8151-36af62098fff', '91434b27-2651-5429-8f42-45c3f8e334a0', 61, 'private', 'Siege Tactics Handbook', '{"qui cupidatat commodo","aliquip mollit laboris duis","fugiat laborum","qui cupidatat sint","elit ipsum eiusmod nostrud"}', DEFAULT, DEFAULT, DEFAULT), ('d1996167-52fb-5e4a-b849-75efada773e6', '549980e7-3e77-5d76-b263-84664d04b209', 63, 'unlisted', 'Defensive Turtle Tactics', '{"ipsum quis qui veniam aute","deserunt tempor","irure nostrud eiusmod culpa","aliqua dolor fugiat esse","amet","amet qui","voluptate excepteur ipsum qui"}', DEFAULT, DEFAULT, DEFAULT), ('1818e464-6a87-5266-8677-c069741c3ab2', '3ff60d7a-a4ad-54c5-a422-53b52cd53093', 67, 'unlisted', 'Vision Control Blueprint', '{"ipsum aliqua in dolore"}', DEFAULT, DEFAULT, DEFAULT), ('13ebb239-29e1-53ff-93b0-d55e3db05a11', '2589cf16-4103-5a4f-b544-b30078083eaa', 61, 'unlisted', 'Baron Control Strategy', '{"ad et","nostrud eiusmod ea"}', DEFAULT, DEFAULT, DEFAULT), ('a0a63713-f2dd-56aa-98a3-f6a26bcae5b9', 'a3141029-aec2-543b-b18a-49fe947e3304', 70, 'unlisted', 'Jungle Control Playbook', '{"nulla duis eiusmod ea aliquip"}', DEFAULT, DEFAULT, DEFAULT), ('4029bbad-86a6-5e60-a150-da0664c62b92', 'b7a89d05-549f-565f-b631-b59097e91d1a', 62, 'private', 'Team Fight Execution Plan', '{"Lorem laboris mollit velit"}', DEFAULT, DEFAULT, DEFAULT), ('6636a6a8-3a2d-5862-bb24-3e77bffdb640', '26f7bb6a-3c9c-5b30-b11b-be5ebfb91948', 68, 'private', 'Wave Management Plan', '{"non veniam","tempor officia","sunt nostrud labore non","do minim do"}', DEFAULT, DEFAULT, DEFAULT), ('4ba85443-f89e-5d68-8d4a-da572969b0dd', 'eecf8a7e-af2f-524d-a645-c5fba3ebda06', 69, 'public', 'Split Push Blueprint', '{"culpa esse cupidatat fugiat","in labore officia","nostrud dolor","Lorem mollit","est","est laboris tempor minim","qui elit","id","anim pariatur incididunt","nostrud non reprehenderit"}', DEFAULT, DEFAULT, DEFAULT), ('55fbf0ae-1fd2-57d5-9884-2ceca8eef8f3', '91fa3874-9437-5dfa-a49a-f19fb38d9e92', 63, 'unlisted', 'Team Fight Execution Plan', '{"voluptate","mollit velit labore","ipsum consectetur id aliquip","excepteur Lorem eiusmod mollit","fugiat sint aute eiusmod","ipsum officia aliqua","do aute fugiat mollit tempor","consectetur aliqua velit"}', DEFAULT, DEFAULT, DEFAULT), ('c91a5204-a47c-5f58-8042-f917f2facb4b', 'd1b8f3f8-af26-5088-8712-273c28ba98f7', 69, 'public', 'Late Game Scaling Strategy', '{"et sint qui"}', DEFAULT, DEFAULT, DEFAULT), ('fdca53a8-e101-5585-90b8-82f7d3c1fc24', '59558fa1-9cc0-5e85-a331-879d76e07f05', 69, 'public', 'Jungle Control Playbook', '{"amet et amet deserunt irure","eu nisi magna ad"}', DEFAULT, DEFAULT, DEFAULT), ('a76c18ad-af72-57b7-b165-f7757943d51e', '811570ef-0b81-508d-ba05-2f5e812d4131', 69, 'unlisted', 'Jungle Control Playbook', '{"consectetur est","enim eiusmod dolor id amet"}', DEFAULT, DEFAULT, DEFAULT), ('bf7ffe87-c4e2-5aa1-86f7-2fdfa8315ff6', 'b32027db-33da-5dc2-b906-e0c2a06ac683', 64, 'unlisted', 'Gank Heavy Approach', '{"do ipsum pariatur fugiat","reprehenderit voluptate dolore t","tempor ipsum sit adipisicing","esse","enim labore","consectetur sint aute","cillum","enim esse cillum adipisicing","ad enim excepteur"}', DEFAULT, DEFAULT, DEFAULT), ('764f06ba-b246-5c62-8e43-89fe991c749d', 'd1b8f3f8-af26-5088-8712-273c28ba98f7', 65, 'public', 'Secure Objective Playbook', '{"tempor in veniam ut","sit ullamco adipisicing","nulla elit dolore","ad mollit officia","occaecat veniam","id laborum","dolor sunt mollit amet","proident"}', DEFAULT, DEFAULT, DEFAULT), ('229d48f9-9e17-5f91-bd2c-3f3cdbae28c1', '6c3f6730-2b1a-5e27-97de-caacad0bb1a5', 68, 'public', 'Counter Pick Blueprint', '{"velit culpa dolore","aute elit aliquip","mollit id pariatur nostrud","do eu cupidatat do","minim cillum","incididunt nisi","consequat aliqua consequat ipsum","minim exercitation esse eu aliqu","deserunt commodo","in cillum velit adipisicing"}', DEFAULT, DEFAULT, DEFAULT), ('505fdba9-c563-5897-bd99-f3fd7e6efb10', 'd297ab9e-40d4-51b5-bb8f-a1df399f1a9a', 63, 'private', 'Map Control Blueprint', '{"consequat","veniam eu consequat laborum","reprehenderit enim","ad fugiat deserunt sint"}', DEFAULT, DEFAULT, DEFAULT), ('ad47e58b-6404-5eb4-b01c-1ab02b3af226', '290e51c6-7ff6-5db4-8f40-69dda051b66c', 69, 'private', 'Gank Heavy Approach', '{"aliquip exercitation"}', DEFAULT, DEFAULT, DEFAULT), ('4ae4f149-a1da-5a76-913f-5ea02c87f4e0', '1d3f740a-8c60-5c1d-aa9e-3854a33c8e1d', 63, 'unlisted', 'Counter Pick Blueprint', '{"laboris nostrud nulla ut"}', DEFAULT, DEFAULT, DEFAULT), ('a85217e5-f8d6-5dd0-996b-8464fa1021ff', '882c7ae5-914f-539d-8207-691de536097f', 69, 'public', 'Counter Pick Blueprint', '{"anim occaecat"}', DEFAULT, DEFAULT, DEFAULT), ('b21411a7-0afc-5cf3-81fc-471ab95f5d8d', '36f6f3ba-e867-5008-b6c1-829e989f9d2f', 68, 'unlisted', 'Vision Denial Blueprint', '{}', DEFAULT, DEFAULT, DEFAULT), ('d37fd98f-746a-582e-a0fc-de28d96e48c5', '438bff0e-fd50-5c86-89ee-d397a0c0e548', 61, 'public', 'Siege Tactics Handbook', '{"dolor ad officia consectetur qui","adipisicing non culpa","dolore id","commodo est","incididunt qui","qui ex Lorem do","ut culpa culpa"}', DEFAULT, DEFAULT, DEFAULT), ('2dc53ff7-923f-50df-a732-82b60afbba2f', '549980e7-3e77-5d76-b263-84664d04b209', 68, 'unlisted', 'Roaming Support Plan', '{"elit Lorem quis est eiusmod","excepteur cillum","irure"}', DEFAULT, DEFAULT, DEFAULT), ('f9690101-a16f-5108-b391-78c9dba8aeee', '75e07351-a344-5719-bccf-45791a666af4', 66, 'unlisted', 'Late Game Scaling Strategy', '{"incididunt sint","deserunt magna non do","ea velit","officia est anim est eiusmod","aliqua id voluptate consequat","tempor consectetur enim incididu","velit nostrud cupidatat","ullamco id"}', DEFAULT, DEFAULT, DEFAULT), ('7441a375-e1c1-5111-b299-b73d6da10ca2', '8b7e423b-b9b9-5b3c-bf3d-1aa45d16235c', 62, 'unlisted', 'Vision Denial Blueprint', '{"anim laborum reprehenderit et","aute do","anim proident consequat","est ut enim nulla","tempor cillum reprehenderit","eu excepteur","esse elit","ipsum consectetur","officia est","ipsum laboris"}', DEFAULT, DEFAULT, DEFAULT), ('ca1d2bcf-5a98-5759-81b6-75e3ed47122a', '36f6f3ba-e867-5008-b6c1-829e989f9d2f', 62, 'private', 'Objective Focused Strategy', '{"ex reprehenderit","sunt exercitation minim est dolo","qui nisi nulla","mollit","aute","nostrud nisi","in dolor id minim nostrud","nulla labore duis ad","pariatur incididunt"}', DEFAULT, DEFAULT, DEFAULT), ('77b1dab4-a856-5c18-bb24-053f8869bc5b', 'b5605791-3389-56c2-9ec6-17d538b9bb85', 64, 'private', 'Rotation Strategy Document', '{"dolore ut nulla proident"}', DEFAULT, DEFAULT, DEFAULT), ('08b3c695-d6fb-54e4-9ef2-bf508a57adc1', '3ff60d7a-a4ad-54c5-a422-53b52cd53093', 66, 'public', 'Aggressive Rush Strategy', '{"et ea elit eiusmod id","consequat ad et","fugiat mollit","duis laboris nulla"}', DEFAULT, DEFAULT, DEFAULT), ('7dc16d02-274a-5e7f-bc31-6af29982313f', '91434b27-2651-5429-8f42-45c3f8e334a0', 67, 'private', 'Late Game Scaling Strategy', '{"est esse","consequat et commodo","dolor ad veniam tempor","aute est nisi reprehenderit","occaecat ex elit","voluptate proident"}', DEFAULT, DEFAULT, DEFAULT), ('acad405c-f8e9-559b-bd11-e0ffc3bebca6', '26f7bb6a-3c9c-5b30-b11b-be5ebfb91948', 61, 'unlisted', 'Siege Tactics Handbook', '{"deserunt Lorem amet","id eu commodo","cupidatat incididunt incididunt ","tempor","consectetur labore","elit magna pariatur"}', DEFAULT, DEFAULT, DEFAULT), ('16d95573-87cd-5d45-be45-e8a020ba40ac', '6c3f6730-2b1a-5e27-97de-caacad0bb1a5', 61, 'private', 'Counter Pick Blueprint', '{"ea occaecat consequat ullamco","pariatur in culpa cupidatat","aliquip pariatur laboris","sint irure","sunt et mollit","fugiat exercitation","est cillum","pariatur aliquip","ex qui aliqua in"}', DEFAULT, DEFAULT, DEFAULT), ('5a993b43-eca0-563f-b6c9-fdd440759e85', '8d3f145b-67b0-504d-b49a-d59ecea5d2d8', 65, 'unlisted', 'Team Fight Execution Plan', '{"reprehenderit amet","laborum nostrud nisi ullamco vel","est pariatur anim","proident magna culpa proident","amet enim dolor fugiat id","enim do aute duis","labore mollit officia","dolore officia veniam","elit reprehenderit anim"}', DEFAULT, DEFAULT, DEFAULT), ('f7bfc2c8-d52a-5806-97fd-77bd67d93b23', 'fd2a8113-662a-5782-9e12-f7b49eee56e0', 63, 'unlisted', 'Counter Pick Blueprint', '{"ut","qui veniam cillum","non eiusmod","velit fugiat non irure"}', DEFAULT, DEFAULT, DEFAULT), ('748d5a8c-f2bf-5974-9c72-24f98b85813b', '75e07351-a344-5719-bccf-45791a666af4', 62, 'private', 'Defensive Turtle Tactics', '{"eu proident laborum sunt","officia elit"}', DEFAULT, DEFAULT, DEFAULT), ('808d9117-ba04-5cb0-8827-639e2642b0ee', '8b7e423b-b9b9-5b3c-bf3d-1aa45d16235c', 68, 'public', 'Team Fight Execution Plan', '{"elit cillum"}', DEFAULT, DEFAULT, DEFAULT), ('e0185351-5b08-58b2-bd3e-c09965750112', '811570ef-0b81-508d-ba05-2f5e812d4131', 69, 'public', 'Roaming Support Plan', '{"consequat do eiusmod quis","et excepteur cupidatat","est quis ex labore","commodo do sit tempor","ad aute","cupidatat eu laboris laborum","est ut quis sit","in cillum","mollit proident","eu eu tempor esse"}', DEFAULT, DEFAULT, DEFAULT), ('993f7ab3-9b54-5771-a99e-0c6d75a1f37d', 'b7a89d05-549f-565f-b631-b59097e91d1a', 64, 'unlisted', 'Late Game Scaling Strategy', '{"officia veniam commodo","adipisicing anim laborum et dese","laborum deserunt veniam","in cupidatat ex"}', DEFAULT, DEFAULT, DEFAULT), ('bdb5114a-76d3-5fe4-944c-043e7ebd99da', '3204ce32-7c5b-5953-969e-fe1d17de6e76', 68, 'public', 'Baron Control Strategy', '{"aliqua aliquip reprehenderit","magna adipisicing","elit excepteur"}', DEFAULT, DEFAULT, DEFAULT), ('aa4964a1-4611-5528-9df9-ef170866214f', '36f6f3ba-e867-5008-b6c1-829e989f9d2f', 63, 'unlisted', 'Baron Control Strategy', '{"occaecat id","minim in Lorem reprehenderit"}', DEFAULT, DEFAULT, DEFAULT), ('ec14513a-7d3c-5172-b68b-d531791ec9de', 'bbc51950-a428-5ed7-b604-6444a902714b', 67, 'private', 'Aggressive Rush Strategy', '{"est non officia","fugiat ullamco","labore esse dolore veniam irure","occaecat dolor deserunt","id ea pariatur irure","reprehenderit","qui nostrud eiusmod adipisicing","duis"}', DEFAULT, DEFAULT, DEFAULT), ('a0f81f50-aa3d-5780-b485-a54fb7b7833a', 'a8212e1b-5577-5c28-9c38-2d4fbd753550', 70, 'private', 'Team Fight Execution Plan', '{"duis eiusmod elit","incididunt","aliquip dolore ad","sint","voluptate","excepteur pariatur ut","sit aliqua","aute aliqua in","ut velit"}', DEFAULT, DEFAULT, DEFAULT), ('aabd5608-e04b-5bd8-8d75-d004a1b17409', 'b7a89d05-549f-565f-b631-b59097e91d1a', 70, 'unlisted', 'Objective Focused Strategy', '{"ea enim","dolor ipsum","amet enim enim","quis magna aute magna","dolor duis labore ea"}', DEFAULT, DEFAULT, DEFAULT), ('7bcc2b79-de31-5963-9cfd-559af77da3be', '75e07351-a344-5719-bccf-45791a666af4', 68, 'unlisted', 'Wave Management Plan', '{"magna dolore est eu","in in consequat cillum","minim voluptate elit","dolor cupidatat cupidatat mollit","elit duis","aliquip laboris dolor","adipisicing elit"}', DEFAULT, DEFAULT, DEFAULT), ('b4293a01-a1be-5e58-a088-abc550c9f820', '26f7bb6a-3c9c-5b30-b11b-be5ebfb91948', 64, 'private', 'Early Game Dominance Guide', '{"Lorem cillum non nisi","aute","anim mollit nulla magna exercita"}', DEFAULT, DEFAULT, DEFAULT), ('a97e2960-b385-5f99-88c2-9e562f32234e', '26f7bb6a-3c9c-5b30-b11b-be5ebfb91948', 67, 'public', 'Team Fight Execution Plan', '{"aliqua ut nisi reprehenderit tem","do","ad proident deserunt deserunt","duis","ea laborum sit proident","labore nulla anim eu mollit","sunt dolor","irure"}', DEFAULT, DEFAULT, DEFAULT), ('db39a462-f36a-54ba-b38e-2fcf35273cba', '3ff60d7a-a4ad-54c5-a422-53b52cd53093', 63, 'private', 'Counter Pick Blueprint', '{"esse ea esse dolor","id"}', DEFAULT, DEFAULT, DEFAULT), ('35dc016a-9edc-565d-923e-9bee9a60bd24', '7d0c4d54-58ae-5ddf-b108-590171e8655a', 64, 'public', 'Siege Tactics Handbook', '{"quis officia ullamco","dolore esse eiusmod","eiusmod ex","qui aliqua cupidatat non minim","reprehenderit eiusmod","tempor qui sit"}', DEFAULT, DEFAULT, DEFAULT), ('61e4dc6c-b183-5c81-91cb-8dc622fd6913', '7d0c4d54-58ae-5ddf-b108-590171e8655a', 62, 'unlisted', 'Siege Tactics Handbook', '{"nulla esse veniam incididunt","qui","officia","irure amet","amet exercitation qui et fugiat"}', DEFAULT, DEFAULT, DEFAULT), ('b5df5eae-45e8-5f54-a8f9-351afabf5f65', '8926b9fd-34b2-5421-a25c-9cd89c12cad0', 69, 'unlisted', 'Rotation Strategy Document', '{"proident veniam esse aute","fugiat sunt aute nulla","enim ullamco","dolor ipsum","irure incididunt occaecat mollit","excepteur ut","tempor pariatur","qui id nisi magna"}', DEFAULT, DEFAULT, DEFAULT), ('18aa22db-700e-5a8a-892c-5bf7b7da1bbf', 'd1b8f3f8-af26-5088-8712-273c28ba98f7', 62, 'public', 'Aggressive Rush Strategy', '{"non aliqua velit officia","commodo in minim dolor"}', DEFAULT, DEFAULT, DEFAULT), ('7c9a7a2f-bf97-5fb7-9ff3-bb3e363fce60', 'd297ab9e-40d4-51b5-bb8f-a1df399f1a9a', 62, 'unlisted', 'Gank Heavy Approach', '{"minim","aliqua eu laboris","laboris reprehenderit adipisicin","irure aliquip voluptate esse","sunt incididunt exercitation qui","aliqua nostrud","aliquip quis","proident minim pariatur laboris"}', DEFAULT, DEFAULT, DEFAULT), ('93216013-7bd8-59b1-a3f0-b1087d4d7f00', '89f211a9-c1e7-5fa6-9108-784d98291012', 67, 'public', 'Secure Objective Playbook', '{"nisi ipsum aute","nostrud excepteur","deserunt sunt do magna","id","pariatur do est ea","adipisicing veniam voluptate","est aute","ullamco ut non"}', DEFAULT, DEFAULT, DEFAULT), ('3e057cf2-df3a-50e5-82fa-e2dcf87ebd5a', '9b1fc781-1e4e-56d2-bd68-0dc257a319c0', 63, 'public', 'Secure Objective Playbook', '{"officia proident","deserunt incididunt","ex dolor veniam","culpa cillum nostrud","fugiat sit cillum culpa","anim esse esse fugiat culpa","laboris ad elit id","velit aliquip do"}', DEFAULT, DEFAULT, DEFAULT), ('e3f5f266-44d3-5096-b897-56678a5f974b', '0ddbd373-5148-5d1c-b950-701854fc6604', 70, 'private', 'Vision Denial Blueprint', '{"sit minim"}', DEFAULT, DEFAULT, DEFAULT), ('ffbcf0c1-44bb-549f-ba50-18e1e874a611', 'd9bba68a-079c-5141-bd43-756b87167584', 63, 'private', 'Counter Pick Blueprint', '{"pariatur enim et","elit culpa cillum","proident irure et sunt","et aliqua non","elit proident reprehenderit ipsu","aliqua aliquip duis duis"}', DEFAULT, DEFAULT, DEFAULT), ('c4f414cf-451e-5497-88db-62020e3a0dc5', 'b32027db-33da-5dc2-b906-e0c2a06ac683', 62, 'private', 'Baron Control Strategy', '{"esse veniam velit","non sit irure","cupidatat quis","reprehenderit quis officia","consectetur ea","ut eu","ea qui proident officia","et","aliqua","consectetur excepteur officia re"}', DEFAULT, DEFAULT, DEFAULT), ('a109823a-0d02-5064-b8ef-3186d6d08cb0', '2d1d7734-be70-5d07-a538-e76c6cae722e', 61, 'private', 'Aggressive Rush Strategy', '{"Lorem cillum ullamco id","eiusmod aliquip","voluptate duis sit consectetur n","nisi aute","ea dolore in","excepteur occaecat","eu voluptate voluptate occaecat","id id","ea ut sunt mollit enim","mollit in consectetur duis"}', DEFAULT, DEFAULT, DEFAULT), ('3e4b1eac-b214-5aaa-a7f0-29af8a5b2ce9', 'd00c085d-72d6-5114-a5fd-ba818539c2f7', 61, 'public', 'Rotation Strategy Document', '{"occaecat labore veniam","et duis sint","velit eu","et enim cillum","Lorem id nisi nostrud Lorem","velit minim officia laboris","fugiat velit exercitation et rep","deserunt ad","aute culpa"}', DEFAULT, DEFAULT, DEFAULT), ('72819b1c-0a2a-5e86-b5bc-5741c2854f96', '8bfeb6d5-d92f-5041-aa1b-39b8365c0a59', 62, 'private', 'Split Push Blueprint', '{"non est culpa sunt"}', DEFAULT, DEFAULT, DEFAULT), ('b5d7b26a-56f4-59fc-853e-1a1306ab6e95', '59558fa1-9cc0-5e85-a331-879d76e07f05', 63, 'public', 'Objective Focused Strategy', '{"tempor","enim aute","adipisicing pariatur dolore","voluptate cillum","excepteur magna velit","ea voluptate pariatur do","excepteur mollit ipsum"}', DEFAULT, DEFAULT, DEFAULT), ('29365629-31e8-5e53-b1ae-ffdad1c2009e', 'b7a89d05-549f-565f-b631-b59097e91d1a', 64, 'unlisted', 'Jungle Control Playbook', '{"consectetur amet irure pariatur ","nisi pariatur","nisi","nostrud Lorem fugiat tempor"}', DEFAULT, DEFAULT, DEFAULT), ('ef9b1028-31e2-59d9-a64e-2a4d1686e96e', '91434b27-2651-5429-8f42-45c3f8e334a0', 70, 'unlisted', 'Objective Focused Strategy', '{}', DEFAULT, DEFAULT, DEFAULT), ('51f9c2fa-a6a8-5d1e-9ef8-efb89c34ee1c', '853509f0-6836-5fa7-87f2-fb0a9a8766d2', 69, 'private', 'Split Push Blueprint', '{"anim aute ea laborum","sunt ut","duis veniam adipisicing dolore d","veniam tempor non dolor deserunt","irure","voluptate culpa occaecat consequ","ut dolor occaecat"}', DEFAULT, DEFAULT, DEFAULT), ('930338c0-ea8e-56fc-b2df-a68255a6182c', '89f211a9-c1e7-5fa6-9108-784d98291012', 67, 'private', 'Aggressive Rush Strategy', '{"officia adipisicing"}', DEFAULT, DEFAULT, DEFAULT), ('14f0b4c0-9d33-5d68-85ae-cc3d31b6b19e', '59558fa1-9cc0-5e85-a331-879d76e07f05', 66, 'public', 'Jungle Control Playbook', '{"aute","aliqua eu proident","velit incididunt","duis fugiat ullamco","ullamco labore non dolore volupt","culpa","qui magna","veniam deserunt voluptate consec"}', DEFAULT, DEFAULT, DEFAULT), ('7c51f66f-cf81-571f-a65c-f571f1f39cc9', '5dd9c208-a224-5712-b987-eab6b9a89e23', 70, 'private', 'Roaming Support Plan', '{"ea fugiat","magna","irure","enim","eu"}', DEFAULT, DEFAULT, DEFAULT), ('764b9b2a-d477-5bff-a789-cba064ac71f8', '6c52c1d9-13a4-51ef-ae51-1dacc4c14be9', 64, 'public', 'Vision Control Blueprint', '{"mollit","sint ex qui","labore ipsum","quis ut","voluptate officia cillum","irure pariatur amet","labore nulla Lorem Lorem","do est","in dolore voluptate"}', DEFAULT, DEFAULT, DEFAULT), ('1125d49b-2ad6-5500-bd14-7e0649f5dd73', '9b1fc781-1e4e-56d2-bd68-0dc257a319c0', 62, 'unlisted', 'Team Fight Execution Plan', '{}', DEFAULT, DEFAULT, DEFAULT), ('de1d5557-45c4-5747-8c2d-f8c09704db25', 'a5e6c58e-54df-5943-b1b7-463c2ae0fb74', 63, 'private', 'Baron Control Strategy', '{"nulla quis qui in","esse","excepteur reprehenderit"}', DEFAULT, DEFAULT, DEFAULT), ('dc2759a8-51ca-575d-9678-0ac64e900648', '290e51c6-7ff6-5db4-8f40-69dda051b66c', 70, 'private', 'Late Game Scaling Strategy', '{"aliqua excepteur","et mollit","eiusmod amet","aliquip proident ipsum laboris","reprehenderit commodo","dolor ut reprehenderit elit non","ipsum deserunt sunt do","voluptate enim nulla enim"}', DEFAULT, DEFAULT, DEFAULT), ('8c0ef303-3ae4-5fe5-b0be-ef1788ae8707', 'a3141029-aec2-543b-b18a-49fe947e3304', 62, 'public', 'Vision Control Blueprint', '{"eiusmod commodo ullamco commodo"}', DEFAULT, DEFAULT, DEFAULT), ('ddd094e1-b8f4-560e-b960-af5227a9b337', 'a5e6c58e-54df-5943-b1b7-463c2ae0fb74', 64, 'unlisted', 'Map Control Blueprint', '{"sit ullamco","ipsum excepteur laboris","esse ad","veniam proident occaecat qui","cillum ullamco","ipsum"}', DEFAULT, DEFAULT, DEFAULT), ('4bd93d1d-9da0-508d-a30a-5cd1fe2e858d', 'eda91f04-12ef-5904-88aa-e6ed9a692e03', 62, 'public', 'Baron Control Strategy', '{"duis deserunt","magna laboris","enim est","enim","sunt","duis","id ipsum reprehenderit","esse Lorem aliquip"}', DEFAULT, DEFAULT, DEFAULT), ('2d25022b-866c-584e-895d-11b8a727c08f', '9b1fc781-1e4e-56d2-bd68-0dc257a319c0', 68, 'public', 'Jungle Control Playbook', '{"ipsum","exercitation tempor sit in conse","cupidatat occaecat consectetur","laboris elit","aliquip nostrud voluptate","enim enim exercitation","labore nisi et consequat","magna enim exercitation"}', DEFAULT, DEFAULT, DEFAULT), ('8d4a5d0e-3ef8-5e54-ac1b-6a14acb1ad0e', '8bfeb6d5-d92f-5041-aa1b-39b8365c0a59', 69, 'private', 'Team Fight Execution Plan', '{"deserunt","nostrud sit deserunt est pariatu","ex aute elit","nostrud","pariatur","non est","consectetur est est","voluptate sint aliqua","nulla fugiat incididunt eiusmod"}', DEFAULT, DEFAULT, DEFAULT), ('6b889196-1556-5eef-89c0-e7506a0ca45b', '549980e7-3e77-5d76-b263-84664d04b209', 61, 'public', 'Baron Control Strategy', '{}', DEFAULT, DEFAULT, DEFAULT), ('e6b5025c-d432-567c-bc94-e80f642225ff', 'cfbfd1d4-e77f-57e5-94da-e9ff2cc7a996', 67, 'public', 'Aggressive Rush Strategy', '{"eiusmod mollit tempor officia oc","commodo ipsum"}', DEFAULT, DEFAULT, DEFAULT), ('4d0eaa15-67e7-50e5-bd92-8596a8c41516', 'd9bba68a-079c-5141-bd43-756b87167584', 69, 'public', 'Jungle Control Playbook', '{"dolore aliquip","velit qui velit","mollit velit Lorem","irure consequat cupidatat","et","commodo amet culpa","nulla ut","ea veniam ut","tempor laboris pariatur labore","ipsum eu"}', DEFAULT, DEFAULT, DEFAULT), ('c2405ac9-0838-5ce8-a85b-e6db0fbe6c10', 'd19db439-c7e7-53a7-aa19-0db346180dc1', 67, 'unlisted', 'Early Game Dominance Guide', '{"duis ad","anim dolore ea","velit minim","ullamco adipisicing sit laborum","exercitation nostrud laborum est","enim ut"}', DEFAULT, DEFAULT, DEFAULT), ('c8df1446-9b17-5687-8ff4-001003cfca37', 'a8212e1b-5577-5c28-9c38-2d4fbd753550', 70, 'private', 'Jungle Control Playbook', '{"ea cillum nisi","id anim velit eiusmod anim","non cillum","nisi aliquip ullamco","sint veniam Lorem dolore","tempor ex","excepteur","ut dolore laboris enim"}', DEFAULT, DEFAULT, DEFAULT), ('f706294d-163e-5aef-a517-eae489067781', 'd00c085d-72d6-5114-a5fd-ba818539c2f7', 62, 'public', 'Counter Pick Blueprint', '{"do occaecat","reprehenderit velit irure","enim consectetur quis"}', DEFAULT, DEFAULT, DEFAULT), ('bee3d023-7908-5b1b-a6e7-320078c804bf', 'b5605791-3389-56c2-9ec6-17d538b9bb85', 61, 'private', 'Roaming Support Plan', '{"velit magna occaecat labore"}', DEFAULT, DEFAULT, DEFAULT), ('d607d7db-ee7a-57fa-b0f1-08a24201e561', 'd19db439-c7e7-53a7-aa19-0db346180dc1', 66, 'unlisted', 'Objective Focused Strategy', '{"sunt nisi","non sit","sint aliqua","elit","exercitation aute","nulla","incididunt","tempor deserunt","officia","sint minim occaecat"}', DEFAULT, DEFAULT, DEFAULT), ('6db5eb76-a4d8-59b2-8682-ac0a5dca423f', '2d1d7734-be70-5d07-a538-e76c6cae722e', 65, 'public', 'Objective Focused Strategy', '{"laborum nostrud commodo","officia sunt"}', DEFAULT, DEFAULT, DEFAULT), ('f0859c52-737d-58da-9c95-b804668a9ae6', '3ff60d7a-a4ad-54c5-a422-53b52cd53093', 62, 'public', 'Gank Heavy Approach', '{"do non excepteur","labore laborum occaecat sint","ullamco","anim voluptate nisi","incididunt","non ad eiusmod"}', DEFAULT, DEFAULT, DEFAULT), ('f843e0b1-5e16-5c9e-923e-e155f87b2422', 'd297ab9e-40d4-51b5-bb8f-a1df399f1a9a', 69, 'unlisted', 'Aggressive Rush Strategy', '{"labore aute magna veniam","sint voluptate laboris","qui eu ex","ex irure minim quis","labore mollit","sint ullamco incididunt exercita","proident proident dolore"}', DEFAULT, DEFAULT, DEFAULT), ('971d3e7d-1fd1-5fd1-ba3a-0a99dda2cb04', 'a3141029-aec2-543b-b18a-49fe947e3304', 68, 'public', 'Secure Objective Playbook', '{"ad incididunt pariatur ea","excepteur anim","ea quis","consectetur sint officia","tempor nulla","esse id","elit id qui tempor elit","amet"}', DEFAULT, DEFAULT, DEFAULT), ('51c6dab5-99f7-56c9-a820-7cfc76e25abf', '305fa448-c3bf-59c7-a989-19ae69ce0725', 69, 'public', 'Early Game Dominance Guide', '{"qui dolor incididunt ea reprehen","esse et anim dolor","tempor eu elit","est aliquip dolore eiusmod fugia","laborum mollit labore","elit culpa cillum mollit","excepteur qui","sint sint","dolor aliquip laborum ad excepte","ullamco nisi culpa velit"}', DEFAULT, DEFAULT, DEFAULT), ('88430d1c-f998-5183-ac05-d06b362a058a', '9b1fc781-1e4e-56d2-bd68-0dc257a319c0', 65, 'public', 'Map Control Blueprint', '{"nisi enim","nulla ex","consequat velit labore mollit es","eu reprehenderit consequat velit","reprehenderit veniam est officia","minim","aliquip","est","dolor"}', DEFAULT, DEFAULT, DEFAULT), ('fc959555-d183-544e-8cf6-52532b383f25', 'd297ab9e-40d4-51b5-bb8f-a1df399f1a9a', 70, 'private', 'Jungle Control Playbook', '{"sint esse eiusmod veniam labore","elit amet esse nulla proident","occaecat consectetur reprehender","qui eiusmod quis minim","laboris in","in","labore aute velit reprehenderit"}', DEFAULT, DEFAULT, DEFAULT), ('94935318-fc9b-5864-874e-912b663c75f7', '91434b27-2651-5429-8f42-45c3f8e334a0', 70, 'private', 'Defensive Turtle Tactics', '{"veniam aliquip est","officia laboris","occaecat incididunt","aute anim","duis","exercitation fugiat duis","voluptate"}', DEFAULT, DEFAULT, DEFAULT), ('ea529f5a-add2-5f29-a44d-2a799c7ab051', 'b32027db-33da-5dc2-b906-e0c2a06ac683', 67, 'unlisted', 'Early Game Dominance Guide', '{"nisi velit","ipsum cupidatat ex","voluptate magna","dolore nisi et","laboris cillum laborum","eu est esse aliqua","nulla magna","ipsum officia","enim consectetur cupidatat","sit cillum voluptate commodo lab"}', DEFAULT, DEFAULT, DEFAULT), ('b2bd3c17-1864-5b1f-8d71-b6fe96b48ba6', '8b7e423b-b9b9-5b3c-bf3d-1aa45d16235c', 64, 'public', 'Early Game Dominance Guide', '{"sit Lorem","anim minim duis eiusmod dolor","commodo enim","cillum deserunt","fugiat duis eu duis","nulla","nostrud adipisicing","culpa enim","mollit quis et"}', DEFAULT, DEFAULT, DEFAULT), ('a46777c9-6f34-5718-a195-68edd93e1d42', '98eaafd3-adbf-5a3e-adb9-b3fb6971b6f1', 61, 'private', 'Split Push Blueprint', '{"enim commodo non adipisicing","anim non nostrud"}', DEFAULT, DEFAULT, DEFAULT), ('0f3df2fb-dd6e-55b9-9f86-0babb8fec748', '91fa3874-9437-5dfa-a49a-f19fb38d9e92', 64, 'public', 'Vision Control Blueprint', '{"eu ad","enim mollit est","magna","sit exercitation"}', DEFAULT, DEFAULT, DEFAULT), ('95bb7f47-209b-5f16-a018-19e8f23e6e16', 'b5605791-3389-56c2-9ec6-17d538b9bb85', 65, 'public', 'Jungle Control Playbook', '{"Lorem nulla velit velit","anim dolore","adipisicing eiusmod","culpa do","id exercitation tempor","qui consequat aliquip","elit ea laboris aliqua","dolore sit","proident dolore fugiat qui"}', DEFAULT, DEFAULT, DEFAULT), ('78959a88-41ee-5d40-85cb-71e22f4c47aa', 'b5605791-3389-56c2-9ec6-17d538b9bb85', 66, 'public', 'Jungle Control Playbook', '{"ea tempor officia"}', DEFAULT, DEFAULT, DEFAULT), ('a9e614f8-c87a-596e-bdaf-6e577865453e', '8bfeb6d5-d92f-5041-aa1b-39b8365c0a59', 68, 'public', 'Siege Tactics Handbook', '{"irure ut laboris ea mollit","voluptate officia aute nulla","aliqua consectetur sint incididu","laborum cillum irure dolor elit","reprehenderit anim est aute","deserunt non"}', DEFAULT, DEFAULT, DEFAULT), ('f80096a0-59ff-58f8-a58f-cd508cb0f33e', 'a8212e1b-5577-5c28-9c38-2d4fbd753550', 67, 'public', 'Defensive Turtle Tactics', '{"labore sint sit ea","aliqua cupidatat tempor","voluptate tempor ut","id duis"}', DEFAULT, DEFAULT, DEFAULT), ('a444e395-f85a-5fcf-904b-e713df3a17f6', 'de459427-bb2c-5381-bdbf-7126efbb65c9', 68, 'public', 'Siege Tactics Handbook', '{"non velit","cupidatat fugiat commodo enim","consectetur","do reprehenderit sint velit quis","enim"}', DEFAULT, DEFAULT, DEFAULT);
INSERT INTO public.team_member_role (id,name,flags) VALUES (19, 'owner', 255), (20, 'editor', 7), (21, 'viewer', 1);
SELECT setval('"public"."team_member_role_id_seq"'::regclass, (SELECT MAX("id") FROM "public"."team_member_role"));
