INSERT INTO public.game (id,name,alias,icon,hidden,metadata,created_at,updated_at) VALUES (27, 'Labore Adipisicing', 'NBA2K', 'https://svgshare.com/i/15iw.svg', 'f', '{"player_count":5,"gadgets_per_character":2}', DEFAULT, DEFAULT), (28, 'Dolor Ut', 'NBA2K', 'https://svgshare.com/i/15iw.svg', 'f', '{"player_count":5,"gadgets_per_character":2}', DEFAULT, DEFAULT), (29, 'Ullamco', 'GTA', 'https://svgshare.com/i/15iw.svg', 'f', '{"player_count":5,"gadgets_per_character":2}', DEFAULT, DEFAULT), (30, 'Duis', 'PUBG', 'https://svgshare.com/i/15iw.svg', 'f', '{"player_count":5,"gadgets_per_character":2}', DEFAULT, DEFAULT);
INSERT INTO public.game_object (id,game_id,type,url,name,metadata) VALUES (2038, 27, 'character', 'https://svgshare.com/i/16EY.svg', 'id veniam', '{"Molest":"Horribille ut metu"}'), (2039, 27, 'character', 'https://svgshare.com/i/16EY.svg', 'excepteur esse veniam', '{"Omorari":"Es gloriae"}'), (2040, 27, 'character', 'https://svgshare.com/i/16EY.svg', 'laborum commodo', '{"Isti":"Causa non maloribus"}'), (2041, 27, 'character', 'https://svgshare.com/i/16EY.svg', 'esse', '{"Ii":"Cursionibus desid omnium"}'), (2042, 27, 'character', 'https://svgshare.com/i/16EY.svg', 'veniam velit', '{"Abiliustit":"Scriberror iudexpetuam"}'), (2043, 27, 'character', 'https://svgshare.com/i/16EY.svg', 'adipisicing et', '{"Expetus":"Motu multos"}'), (2044, 27, 'character', 'https://svgshare.com/i/16EY.svg', 'sint velit', '{"Litterastris":"Epicitia quo sapientia"}'), (2045, 27, 'character', 'https://svgshare.com/i/16EY.svg', 'dolor', '{"Rationistis":"Cum in"}'), (2046, 27, 'character', 'https://svgshare.com/i/16EY.svg', 'Lorem', '{"Legimper":"Doloris endum perspici"}'), (2047, 27, 'character', 'https://svgshare.com/i/16EY.svg', 'fugiat fugiat eu', '{"Indivinter":"Reret sentenebo per"}'), (2048, 27, 'character', 'https://svgshare.com/i/16EY.svg', 'id occaecat', '{"Iudici":"Aut ratione nihilius"}'), (2049, 27, 'character', 'https://svgshare.com/i/16EY.svg', 'magna officia nulla', '{"Indignisi":"Locum mediocritum"}'), (2050, 27, 'character', 'https://svgshare.com/i/16EY.svg', 'anim', '{"Probabilit":"Tibi dolorum"}'), (2051, 27, 'character', 'https://svgshare.com/i/16EY.svg', 'cupidatat', '{"Difficerim":"Quae infinire celeret"}'), (2052, 27, 'character', 'https://svgshare.com/i/16EY.svg', 'dolore', '{"Ego":"Are itur"}'), (2053, 27, 'character', 'https://svgshare.com/i/16EY.svg', 'excepteur', '{"Inem":"Sit quem"}'), (2054, 27, 'character', 'https://svgshare.com/i/16EY.svg', 'eu commodo aliqua', '{"Seditaque":"In beata triarius"}'), (2055, 27, 'character', 'https://svgshare.com/i/16EY.svg', 'Lorem officia reprehenderit', '{"Quod":"Alter mihi cum"}'), (2056, 27, 'character', 'https://svgshare.com/i/16EY.svg', 'nisi laboris', '{"Et":"Ius quam"}'), (2057, 27, 'character', 'https://svgshare.com/i/16EY.svg', 'fugiat elit', '{"Utillo":"Modo qui philosoptim"}'), (2058, 27, 'character', 'https://svgshare.com/i/16EY.svg', 'incididunt incididunt', '{"Si":"Um ani molest"}'), (2059, 27, 'character', 'https://svgshare.com/i/16EY.svg', 'proident cillum ea', '{"Eo":"Ationumen ant"}'), (2060, 27, 'character', 'https://svgshare.com/i/16EY.svg', 'adipisicing minim ut', '{"Ilesse":"Eum metus"}'), (2061, 27, 'character', 'https://svgshare.com/i/16EY.svg', 'aliqua', '{"De":"Sed nostris"}'), (2062, 27, 'character', 'https://svgshare.com/i/16EY.svg', 'minim pariatur ut', '{"Sancircum":"A quod mutanda"}'), (2063, 27, 'character', 'https://svgshare.com/i/16EY.svg', 'cillum deserunt', '{"Praeclare":"Duo esse al"}'), (2064, 27, 'character', 'https://svgshare.com/i/16EY.svg', 'anim duis', '{"Omnium":"Esse fortitio"}'), (2065, 27, 'character', 'https://svgshare.com/i/16EY.svg', 'ad pariatur', '{"Imo":"Tota probartibus"}'), (2066, 27, 'character', 'https://svgshare.com/i/16EY.svg', 'ea est', '{"Convenis":"In tamendae quantus"}'), (2067, 27, 'character', 'https://svgshare.com/i/16EY.svg', 'id', '{"Transferrem":"Recus es"}'), (2068, 27, 'character', 'https://svgshare.com/i/16EY.svg', 'ut commodo mollit', '{"Aut":"Moderem hominstructus"}'), (2069, 27, 'character', 'https://svgshare.com/i/16EY.svg', 'dolore duis', '{"Cum":"Propterunt debillo ea"}'), (2070, 27, 'character', 'https://svgshare.com/i/16EY.svg', 'ad', '{"Ipsa":"Eum delectari non"}'), (2071, 27, 'character', 'https://svgshare.com/i/16EY.svg', 'nisi ut', '{"Iucuniae":"Et dubita"}'), (2072, 27, 'gadget', 'https://svgshare.com/i/16EY.svg', 'qui veniam', '{"Sed":"Non etiam politatib"}'), (2073, 27, 'gadget', 'https://svgshare.com/i/16EY.svg', 'ad dolor', '{"Eturovat":"Facit musicit"}'), (2074, 27, 'gadget', 'https://svgshare.com/i/16EY.svg', 'cillum fugiat', '{"Ent":"Scribi modaretiam se"}'), (2075, 27, 'gadget', 'https://svgshare.com/i/16EY.svg', 'veniam mollit', '{"En":"Iudicur omnescio a"}'), (2076, 27, 'gadget', 'https://svgshare.com/i/16EY.svg', 'nostrud', '{"Sit":"Anim eadem ido"}'), (2077, 27, 'gadget', 'https://svgshare.com/i/16EY.svg', 'eiusmod', '{"Sol":"Ea mireria"}'), (2078, 27, 'gadget', 'https://svgshare.com/i/16EY.svg', 'magna', '{"E":"Tamque seiunctum iudicultas"}'), (2079, 27, 'gadget', 'https://svgshare.com/i/16EY.svg', 'reprehenderit veniam', '{"Quietem":"Nec quae perspicuum"}'), (2080, 27, 'gadget', 'https://svgshare.com/i/16EY.svg', 'et', '{"Perspiciatur":"Quid ut"}'), (2081, 27, 'gadget', 'https://svgshare.com/i/16EY.svg', 'dolore Lorem veniam', '{"Nam":"Ab voluptatem"}'), (2082, 27, 'gadget', 'https://svgshare.com/i/16EY.svg', 'ea incididunt', '{"Sed":"Esse non vitam"}'), (2083, 27, 'gadget', 'https://svgshare.com/i/16EY.svg', 'aliqua nulla', '{"Sit":"Hoc quia"}'), (2084, 27, 'gadget', 'https://svgshare.com/i/16EY.svg', 'minim', '{"Infinitur":"Legenim se rebus"}'), (2085, 27, 'gadget', 'https://svgshare.com/i/16EY.svg', 'sint laborum', '{"Ne":"Endae legestiam"}'), (2086, 27, 'gadget', 'https://svgshare.com/i/16EY.svg', 'ipsum commodo', '{"Vel":"Putas recoranim"}'), (2087, 27, 'gadget', 'https://svgshare.com/i/16EY.svg', 'culpa laboris', '{"Labit":"Non formidanium"}'), (2088, 27, 'gadget', 'https://svgshare.com/i/16EY.svg', 'est', '{"Debendi":"Declinamic nec"}'), (2089, 27, 'gadget', 'https://svgshare.com/i/16EY.svg', 'culpa irure', '{"Quid":"Variisque tranquilli"}'), (2090, 27, 'gadget', 'https://svgshare.com/i/16EY.svg', 'non est aliquip', '{"Ego":"Intellegan ut"}'), (2091, 27, 'gadget', 'https://svgshare.com/i/16EY.svg', 'tempor', '{"Imo":"Ilemus in sabini"}'), (2092, 27, 'gadget', 'https://svgshare.com/i/16EY.svg', 'veniam culpa', '{"Praesennii":"Inter est videt"}'), (2093, 27, 'gadget', 'https://svgshare.com/i/16EY.svg', 'officia', '{"Modis":"Carere ea"}'), (2094, 27, 'gadget', 'https://svgshare.com/i/16EY.svg', 'esse laborum id', '{"Earum":"Essentenet fortitio constantia"}'), (2095, 27, 'gadget', 'https://svgshare.com/i/16EY.svg', 'mollit voluptate', '{"Omnia":"Sententiae inum fanti"}'), (2096, 27, 'gadget', 'https://svgshare.com/i/16EY.svg', 'commodo', '{"Enime":"Modo habeo ii"}'), (2097, 27, 'gadget', 'https://svgshare.com/i/16EY.svg', 'Lorem excepteur', '{"Quod":"Quidem tant inerierun"}'), (2098, 27, 'gadget', 'https://svgshare.com/i/16EY.svg', 'do dolore', '{"Pellatur":"Perangore tum eorum"}'), (2099, 27, 'gadget', 'https://svgshare.com/i/16EY.svg', 'magna labore velit', '{"Nec":"Aptis industria sic"}'), (2100, 27, 'gadget', 'https://svgshare.com/i/16EY.svg', 'excepteur', '{"Sit":"Solamus aut voluptatem"}'), (2101, 27, 'gadget', 'https://svgshare.com/i/16EY.svg', 'cillum enim', '{"Quas":"Ius si molest"}'), (2102, 27, 'gadget', 'https://svgshare.com/i/16EY.svg', 'tempor enim', '{"Volunum":"Vix graeci esse"}'), (2103, 27, 'gadget', 'https://svgshare.com/i/16EY.svg', 'pariatur eu', '{"Amurum":"Relique sum"}'), (2104, 28, 'character', 'https://svgshare.com/i/16EY.svg', 'et nulla et', '{"Finibus":"Ad alterea deseratum"}'), (2105, 28, 'character', 'https://svgshare.com/i/16EY.svg', 'Lorem Lorem', '{"Corporis":"Hominsiden tum"}'), (2106, 28, 'character', 'https://svgshare.com/i/16EY.svg', 'id Lorem', '{"Bonorum":"Docerit si"}'), (2107, 28, 'character', 'https://svgshare.com/i/16EY.svg', 'ad', '{"Ego":"Enim reperis"}'), (2108, 28, 'character', 'https://svgshare.com/i/16EY.svg', 'id', '{"Libidit":"Dolore qui"}'), (2109, 28, 'character', 'https://svgshare.com/i/16EY.svg', 'ex laboris', '{"Sit":"Aliquarum est physicis"}'), (2110, 28, 'character', 'https://svgshare.com/i/16EY.svg', 'non ea eiusmod', '{"Credo":"Et qua dolem"}'), (2111, 28, 'character', 'https://svgshare.com/i/16EY.svg', 'ad sint', '{"Hac":"Vidis in modernator"}'), (2112, 28, 'character', 'https://svgshare.com/i/16EY.svg', 'ad irure', '{"Probest":"Tollatin nihille propterenda"}'), (2113, 28, 'character', 'https://svgshare.com/i/16EY.svg', 'nisi', '{"Nutu":"Capti placet quam"}'), (2114, 28, 'character', 'https://svgshare.com/i/16EY.svg', 'dolore', '{"Cuiquamurnit":"Enimperner timum"}'), (2115, 28, 'character', 'https://svgshare.com/i/16EY.svg', 'dolore dolor', '{"Susceptur":"Nostrum supplication"}'), (2116, 28, 'character', 'https://svgshare.com/i/16EY.svg', 'pariatur veniam velit', '{"Id":"Cur congressuspic iudice"}'), (2117, 28, 'character', 'https://svgshare.com/i/16EY.svg', 'laboris officia nisi', '{"Ea":"Legi philosophiae"}'), (2118, 28, 'character', 'https://svgshare.com/i/16EY.svg', 'id eu', '{"Sensio":"Autemoder modo"}'), (2119, 28, 'character', 'https://svgshare.com/i/16EY.svg', 'mollit dolor', '{"Ratione":"Legere et"}'), (2120, 28, 'character', 'https://svgshare.com/i/16EY.svg', 'sunt voluptate', '{"Vero":"Ratione latin et"}'), (2121, 28, 'character', 'https://svgshare.com/i/16EY.svg', 'ea proident', '{"Eum":"Nam scaevolum nullam"}'), (2122, 28, 'character', 'https://svgshare.com/i/16EY.svg', 'labore proident', '{"Nihillum":"Sed tibi"}'), (2123, 28, 'character', 'https://svgshare.com/i/16EY.svg', 'deserunt anim', '{"Sedulantib":"Idituro per"}'), (2124, 28, 'character', 'https://svgshare.com/i/16EY.svg', 'in qui', '{"Placet":"Prospexitar omnes"}'), (2125, 28, 'character', 'https://svgshare.com/i/16EY.svg', 'cupidatat ipsum', '{"Ergo":"Facilius nec"}'), (2126, 28, 'character', 'https://svgshare.com/i/16EY.svg', 'ut', '{"Inorest":"Mundus est"}'), (2127, 28, 'character', 'https://svgshare.com/i/16EY.svg', 'eiusmod officia adipisicing', '{"Causae":"Doloribus quidem"}'), (2128, 28, 'character', 'https://svgshare.com/i/16EY.svg', 'minim exercitation', '{"Nisi":"Plane depravat"}'), (2129, 28, 'character', 'https://svgshare.com/i/16EY.svg', 'nostrud commodo', '{"Integre":"Philos sed expectate"}'), (2130, 28, 'character', 'https://svgshare.com/i/16EY.svg', 'duis', '{"Quidem":"Clamatomnis possunt"}'), (2131, 28, 'character', 'https://svgshare.com/i/16EY.svg', 'commodo anim', '{"Delectam":"Bonas levate"}'), (2132, 28, 'character', 'https://svgshare.com/i/16EY.svg', 'minim qui', '{"Metu":"Spe adverbum imo"}'), (2133, 28, 'character', 'https://svgshare.com/i/16EY.svg', 'duis ipsum', '{"Eo":"Studuisset ipsam"}'), (2134, 28, 'character', 'https://svgshare.com/i/16EY.svg', 'Lorem Lorem officia', '{"Invenerim":"Defentur aliquod"}'), (2135, 28, 'gadget', 'https://svgshare.com/i/16EY.svg', 'ad', '{"Et":"Quodsi dicet nis"}'), (2136, 28, 'gadget', 'https://svgshare.com/i/16EY.svg', 'velit quis nostrud', '{"Chaere":"Maioribus nisi am"}'), (2137, 28, 'gadget', 'https://svgshare.com/i/16EY.svg', 'sit', '{"Tum":"Me quibus aut"}'), (2138, 28, 'gadget', 'https://svgshare.com/i/16EY.svg', 'qui minim', '{"Mentitil":"Nullo p docui"}'), (2139, 28, 'gadget', 'https://svgshare.com/i/16EY.svg', 'laboris', '{"Ento":"Dolerum labefaces sensu"}'), (2140, 28, 'gadget', 'https://svgshare.com/i/16EY.svg', 'qui aliquip', '{"Ita":"Omnia cum"}'), (2141, 28, 'gadget', 'https://svgshare.com/i/16EY.svg', 'excepteur pariatur', '{"Homo":"Qua novi"}'), (2142, 28, 'gadget', 'https://svgshare.com/i/16EY.svg', 'minim', '{"Familis":"Non et omne"}'), (2143, 28, 'gadget', 'https://svgshare.com/i/16EY.svg', 'nisi', '{"Maius":"Duo fastidium quae"}'), (2144, 28, 'gadget', 'https://svgshare.com/i/16EY.svg', 'id aliqua', '{"Totam":"Minim expeditur itaque"}'), (2145, 28, 'gadget', 'https://svgshare.com/i/16EY.svg', 'adipisicing amet anim', '{"Minut":"Epicur inum"}'), (2146, 28, 'gadget', 'https://svgshare.com/i/16EY.svg', 'eu dolore deserunt', '{"Propter":"Quapropteris epicitia quodsi"}'), (2147, 28, 'gadget', 'https://svgshare.com/i/16EY.svg', 'quis nulla', '{"Inum":"Certe verbis ullam"}'), (2148, 28, 'gadget', 'https://svgshare.com/i/16EY.svg', 'mollit enim', '{"Quadamicar":"Pecunum atione"}'), (2149, 28, 'gadget', 'https://svgshare.com/i/16EY.svg', 'cupidatat commodo aliqua', '{"Doloresset":"Fortunt hoc"}'), (2150, 28, 'gadget', 'https://svgshare.com/i/16EY.svg', 'cillum qui anim', '{"Ipsi":"Exeros es rem"}'), (2151, 28, 'gadget', 'https://svgshare.com/i/16EY.svg', 'pariatur anim', '{"A":"Quam beatamicia solvantur"}'), (2152, 28, 'gadget', 'https://svgshare.com/i/16EY.svg', 'duis magna', '{"Esse":"Sole et"}'), (2153, 28, 'gadget', 'https://svgshare.com/i/16EY.svg', 'exercitation qui excepteur', '{"Dissero":"Multis diligiter permulti"}'), (2154, 28, 'gadget', 'https://svgshare.com/i/16EY.svg', 'culpa amet', '{"Ad":"Torquatistim quicquam nos"}'), (2155, 28, 'gadget', 'https://svgshare.com/i/16EY.svg', 'anim Lorem labore', '{"Esse":"Omnia viderudin nunc"}'), (2156, 28, 'gadget', 'https://svgshare.com/i/16EY.svg', 'laborum pariatur', '{"Satiscuntur":"Nullo reprehenim"}'), (2157, 28, 'gadget', 'https://svgshare.com/i/16EY.svg', 'qui enim', '{"Qui":"At aut rebus"}'), (2158, 28, 'gadget', 'https://svgshare.com/i/16EY.svg', 'commodo', '{"Referenter":"Vivatum nihil"}'), (2159, 28, 'gadget', 'https://svgshare.com/i/16EY.svg', 'cillum', '{"Anime":"Doctior haec cum"}'), (2160, 28, 'gadget', 'https://svgshare.com/i/16EY.svg', 'fugiat nisi', '{"Reprehent":"Hoc ferebimi"}'), (2161, 28, 'gadget', 'https://svgshare.com/i/16EY.svg', 'reprehenderit', '{"Sit":"Neque epicitat propriusque"}'), (2162, 28, 'gadget', 'https://svgshare.com/i/16EY.svg', 'aute laboris commodo', '{"Cum":"Repertitia rata de"}'), (2163, 28, 'gadget', 'https://svgshare.com/i/16EY.svg', 'fugiat anim', '{"De":"Quod reret tantopere"}'), (2164, 28, 'gadget', 'https://svgshare.com/i/16EY.svg', 'est adipisicing', '{"Nullo":"Et confirmatum cupidinit"}'), (2165, 28, 'gadget', 'https://svgshare.com/i/16EY.svg', 'laboris commodo', '{"Non":"Vos esse"}'), (2166, 28, 'gadget', 'https://svgshare.com/i/16EY.svg', 'veniam in', '{"Dolorum":"Cupidciret et autem"}'), (2167, 28, 'gadget', 'https://svgshare.com/i/16EY.svg', 'ea voluptate culpa', '{"Fugiendus":"Quibus inum quoniam"}'), (2168, 28, 'gadget', 'https://svgshare.com/i/16EY.svg', 'officia adipisicing', '{"Copulare":"Moles uti inter"}'), (2169, 28, 'gadget', 'https://svgshare.com/i/16EY.svg', 'in', '{"Est":"Non autem"}'), (2170, 28, 'gadget', 'https://svgshare.com/i/16EY.svg', 'irure', '{"Synephebosop":"Id qua"}'), (2171, 28, 'gadget', 'https://svgshare.com/i/16EY.svg', 'occaecat', '{"Cuius":"Ipse voluptatum"}'), (2172, 28, 'gadget', 'https://svgshare.com/i/16EY.svg', 'anim minim', '{"Voluptates":"Quod iliuste infinire"}'), (2173, 28, 'gadget', 'https://svgshare.com/i/16EY.svg', 'dolor', '{"Bello":"Modo famil"}'), (2174, 28, 'gadget', 'https://svgshare.com/i/16EY.svg', 'amet aute mollit', '{"Corrigeret":"Esse tu atil"}'), (2175, 29, 'character', 'https://svgshare.com/i/16EY.svg', 'sit et', '{"Genuit":"Cotidcirco omnium"}'), (2176, 29, 'character', 'https://svgshare.com/i/16EY.svg', 'aute', '{"Autem":"In fieri nec"}'), (2177, 29, 'character', 'https://svgshare.com/i/16EY.svg', 'consectetur ad', '{"Totum":"Graeca aboresse"}'), (2178, 29, 'character', 'https://svgshare.com/i/16EY.svg', 'adipisicing quis nostrud', '{"Am":"Tantopermit quae careat"}'), (2179, 29, 'character', 'https://svgshare.com/i/16EY.svg', 'commodo', '{"A":"Esse fieri"}'), (2180, 29, 'character', 'https://svgshare.com/i/16EY.svg', 'culpa et', '{"Idque":"Voluptare sint as"}'), (2181, 29, 'character', 'https://svgshare.com/i/16EY.svg', 'velit', '{"Hominam":"Maloriant sus poterudin"}'), (2182, 29, 'character', 'https://svgshare.com/i/16EY.svg', 'ipsum ullamco minim', '{"Igita":"Uti orest ini"}'), (2183, 29, 'character', 'https://svgshare.com/i/16EY.svg', 'deserunt', '{"Videt":"Nomin ipsi"}'), (2184, 29, 'character', 'https://svgshare.com/i/16EY.svg', 'ea sit nisi', '{"Vi":"Ut impendere"}'), (2185, 29, 'character', 'https://svgshare.com/i/16EY.svg', 'commodo cupidatat nostrud', '{"Appellat":"Te nunc rebus"}'), (2186, 29, 'character', 'https://svgshare.com/i/16EY.svg', 'Lorem', '{"Decornatur":"Ipsa fruenda aut"}'), (2187, 29, 'character', 'https://svgshare.com/i/16EY.svg', 'ut et', '{"Ne":"Epicab cum propterire"}'), (2188, 29, 'character', 'https://svgshare.com/i/16EY.svg', 'ea', '{"Alem":"In discipi endum"}'), (2189, 29, 'character', 'https://svgshare.com/i/16EY.svg', 'mollit in eiusmod', '{"M":"Puerillud autem e"}'), (2190, 29, 'character', 'https://svgshare.com/i/16EY.svg', 'quis', '{"Salutrumque":"Arbitrore falsi"}'), (2191, 29, 'character', 'https://svgshare.com/i/16EY.svg', 'occaecat cupidatat', '{"Utionis":"Ad ina"}'), (2192, 29, 'character', 'https://svgshare.com/i/16EY.svg', 'voluptate sit', '{"Potius":"In laborem lud"}'), (2193, 29, 'character', 'https://svgshare.com/i/16EY.svg', 'minim laboris', '{"Alita":"Videre aliae"}'), (2194, 29, 'character', 'https://svgshare.com/i/16EY.svg', 'tempor commodo', '{"Causa":"Malunt intellegim facillum"}'), (2195, 29, 'character', 'https://svgshare.com/i/16EY.svg', 'fugiat quis', '{"Fugientiam":"Iudicita maximperdid"}'), (2196, 29, 'character', 'https://svgshare.com/i/16EY.svg', 'laboris sunt anim', '{"Fieri":"Nullo avis iturnitioq"}'), (2197, 29, 'character', 'https://svgshare.com/i/16EY.svg', 'sit ut', '{"Traderunt":"Tamentiam crucian longinquit"}'), (2198, 29, 'character', 'https://svgshare.com/i/16EY.svg', 'veniam id esse', '{"Efac":"Et quae"}'), (2199, 29, 'character', 'https://svgshare.com/i/16EY.svg', 'laborum id ad', '{"Illa":"Beate praeda si"}'), (2200, 29, 'character', 'https://svgshare.com/i/16EY.svg', 'elit enim officia', '{"Eo":"Molest omnes"}'), (2201, 29, 'character', 'https://svgshare.com/i/16EY.svg', 'ex veniam', '{"Probest":"Praeteremus cum"}'), (2202, 29, 'character', 'https://svgshare.com/i/16EY.svg', 'mollit aliquip', '{"Ea":"Appetu sum docet"}'), (2203, 29, 'character', 'https://svgshare.com/i/16EY.svg', 'ex', '{"Omnem":"Beate faciam affecta"}'), (2204, 29, 'character', 'https://svgshare.com/i/16EY.svg', 'consequat ex', '{"Scriben":"Imus torum id"}'), (2205, 29, 'character', 'https://svgshare.com/i/16EY.svg', 'do', '{"Invitium":"It licam medium"}'), (2206, 29, 'character', 'https://svgshare.com/i/16EY.svg', 'amet cupidatat', '{"Qui":"Te eoque es"}'), (2207, 29, 'character', 'https://svgshare.com/i/16EY.svg', 'nisi ipsum quis', '{"Contem":"Robus reiciens paren"}'), (2208, 29, 'character', 'https://svgshare.com/i/16EY.svg', 'eu elit', '{"Ine":"Ad quod quarum"}'), (2209, 29, 'character', 'https://svgshare.com/i/16EY.svg', 'laboris', '{"Locosophor":"Res et"}'), (2210, 29, 'character', 'https://svgshare.com/i/16EY.svg', 'commodo enim do', '{"Iis":"Amicata est"}'), (2211, 29, 'character', 'https://svgshare.com/i/16EY.svg', 'pariatur ad', '{"In":"Finibusan nos"}'), (2212, 29, 'character', 'https://svgshare.com/i/16EY.svg', 'consequat', '{"Si":"Dolor in"}'), (2213, 29, 'gadget', 'https://svgshare.com/i/16EY.svg', 'ullamco quis nisi', '{"Perspicuum":"Issimis utrius nec"}'), (2214, 29, 'gadget', 'https://svgshare.com/i/16EY.svg', 'et amet reprehenderit', '{"Tum":"Ab cum disserentes"}'), (2215, 29, 'gadget', 'https://svgshare.com/i/16EY.svg', 'voluptate duis', '{"Neque":"Sunt in"}'), (2216, 29, 'gadget', 'https://svgshare.com/i/16EY.svg', 'aute elit cupidatat', '{"In":"Multa indivinclus"}'), (2217, 29, 'gadget', 'https://svgshare.com/i/16EY.svg', 'ullamco exercitation enim', '{"Met":"Et autem"}'), (2218, 29, 'gadget', 'https://svgshare.com/i/16EY.svg', 'incididunt proident', '{"Explicem":"Rerum epicur"}'), (2219, 29, 'gadget', 'https://svgshare.com/i/16EY.svg', 'id velit', '{"Natur":"Eorum utrumvis e"}'), (2220, 29, 'gadget', 'https://svgshare.com/i/16EY.svg', 'tempor proident', '{"Ine":"Es optari"}'), (2221, 29, 'gadget', 'https://svgshare.com/i/16EY.svg', 'culpa quis', '{"Quidnam":"Omnium facullam"}'), (2222, 29, 'gadget', 'https://svgshare.com/i/16EY.svg', 'aliquip qui', '{"Quod":"Saepti ineri"}'), (2223, 29, 'gadget', 'https://svgshare.com/i/16EY.svg', 'Lorem aliquip', '{"Inquam":"Legime tibusque legi"}'), (2224, 29, 'gadget', 'https://svgshare.com/i/16EY.svg', 'id', '{"Aut":"Esset quae ophia"}'), (2225, 29, 'gadget', 'https://svgshare.com/i/16EY.svg', 'anim sit', '{"Neque":"Eorum privavisset"}'), (2226, 29, 'gadget', 'https://svgshare.com/i/16EY.svg', 'veniam non aute', '{"Cupiderum":"Sibi statuamur"}'), (2227, 29, 'gadget', 'https://svgshare.com/i/16EY.svg', 'anim', '{"Dissentinguiq":"Ius amicia voluptatem"}'), (2228, 29, 'gadget', 'https://svgshare.com/i/16EY.svg', 'aute', '{"Omni":"D rem convenire"}'), (2229, 29, 'gadget', 'https://svgshare.com/i/16EY.svg', 'laboris', '{"Civium":"Habertimum iner declinatom"}'), (2230, 29, 'gadget', 'https://svgshare.com/i/16EY.svg', 'esse non consequat', '{"Hominter":"Posse fastidii"}'), (2231, 29, 'gadget', 'https://svgshare.com/i/16EY.svg', 'aliquip laborum est', '{"Utilii":"Dixit dolorest"}'), (2232, 29, 'gadget', 'https://svgshare.com/i/16EY.svg', 'nulla', '{"Pectantas":"Quod uta vitae"}'), (2233, 29, 'gadget', 'https://svgshare.com/i/16EY.svg', 'dolore duis', '{"Rem":"Quos ego"}'), (2234, 29, 'gadget', 'https://svgshare.com/i/16EY.svg', 'culpa nostrud', '{"Factis":"Ilisti quam"}'), (2235, 29, 'gadget', 'https://svgshare.com/i/16EY.svg', 'ipsum officia', '{"Eo":"Ac qui"}'), (2236, 29, 'gadget', 'https://svgshare.com/i/16EY.svg', 'amet minim', '{"Esse":"Naturi cupidua ne"}'), (2237, 29, 'gadget', 'https://svgshare.com/i/16EY.svg', 'esse Lorem', '{"Maior":"De detraxit abilla"}'), (2238, 29, 'gadget', 'https://svgshare.com/i/16EY.svg', 'anim dolore veniam', '{"Ipsam":"Quamquam quod es"}'), (2239, 29, 'gadget', 'https://svgshare.com/i/16EY.svg', 'cupidatat ullamco', '{"Commodo":"Ophiae accusante"}'), (2240, 29, 'gadget', 'https://svgshare.com/i/16EY.svg', 'exercitation', '{"Expetent":"Quis libiderun"}'), (2241, 29, 'gadget', 'https://svgshare.com/i/16EY.svg', 'velit', '{"Aeque":"Perantes estatemus sint"}'), (2242, 29, 'gadget', 'https://svgshare.com/i/16EY.svg', 'commodo dolore est', '{"Nosterum":"Igitat latin res"}'), (2243, 29, 'gadget', 'https://svgshare.com/i/16EY.svg', 'nulla eiusmod anim', '{"Relique":"Endis leviustit quem"}'), (2244, 29, 'gadget', 'https://svgshare.com/i/16EY.svg', 'qui laborum irure', '{"Est":"Tamquam audire"}'), (2245, 29, 'gadget', 'https://svgshare.com/i/16EY.svg', 'anim tempor', '{"Inprobata":"Etiam mortem"}'), (2246, 29, 'gadget', 'https://svgshare.com/i/16EY.svg', 'aliquip irure', '{"Satis":"De quo"}'), (2247, 29, 'gadget', 'https://svgshare.com/i/16EY.svg', 'ut nulla', '{"Philosopor":"Libere ego de"}'), (2248, 29, 'gadget', 'https://svgshare.com/i/16EY.svg', 'elit', '{"Abitiae":"Sit praeclare"}'), (2249, 29, 'gadget', 'https://svgshare.com/i/16EY.svg', 'ullamco dolore do', '{"Et":"Loco sed"}'), (2250, 29, 'gadget', 'https://svgshare.com/i/16EY.svg', 'aliqua enim velit', '{"Sunt":"Quo recta"}'), (2251, 29, 'gadget', 'https://svgshare.com/i/16EY.svg', 'aliquip est', '{"Sunt":"Rerum probis improbavis"}'), (2252, 29, 'gadget', 'https://svgshare.com/i/16EY.svg', 'duis occaecat', '{"Declineam":"Diceriet maximperan oblique"}'), (2253, 29, 'gadget', 'https://svgshare.com/i/16EY.svg', 'est anim', '{"Vita":"Copullius sint vituptatum"}'), (2254, 29, 'gadget', 'https://svgshare.com/i/16EY.svg', 'dolore aliquip', '{"Inmors":"Ut naturum quem"}'), (2255, 29, 'gadget', 'https://svgshare.com/i/16EY.svg', 'ipsum ut', '{"Hoc":"Statue concludatom ut"}'), (2256, 29, 'gadget', 'https://svgshare.com/i/16EY.svg', 'reprehenderit enim dolor', '{"Cuius":"Sunt atomnia quidemus"}'), (2257, 29, 'gadget', 'https://svgshare.com/i/16EY.svg', 'amet laborum', '{"Sunt":"Accedundus aeque"}'), (2258, 29, 'gadget', 'https://svgshare.com/i/16EY.svg', 'ad consequat cillum', '{"Segniorem":"Perfungimur vitae ut"}'), (2259, 29, 'gadget', 'https://svgshare.com/i/16EY.svg', 'adipisicing qui', '{"Veri":"Autem graecisti"}'), (2260, 29, 'gadget', 'https://svgshare.com/i/16EY.svg', 'labore sunt tempor', '{"Efficii":"Ad summum"}'), (2261, 30, 'character', 'https://svgshare.com/i/16EY.svg', 'deserunt consectetur non', '{"Id":"Sitne am quisit"}'), (2262, 30, 'character', 'https://svgshare.com/i/16EY.svg', 'deserunt nostrud adipisicing', '{"Ignoratio":"Cumque etiam"}'), (2263, 30, 'character', 'https://svgshare.com/i/16EY.svg', 'aute ea', '{"Ii":"Primis eo itaque"}'), (2264, 30, 'character', 'https://svgshare.com/i/16EY.svg', 'consequat ullamco', '{"Philos":"Deteret se"}'), (2265, 30, 'character', 'https://svgshare.com/i/16EY.svg', 'adipisicing reprehenderit culpa', '{"Si":"Are dici possunt"}'), (2266, 30, 'character', 'https://svgshare.com/i/16EY.svg', 'cupidatat', '{"Quorum":"Modum metu"}'), (2267, 30, 'character', 'https://svgshare.com/i/16EY.svg', 'consectetur commodo et', '{"De":"Tenercendi ne"}'), (2268, 30, 'character', 'https://svgshare.com/i/16EY.svg', 'est', '{"Eamustatem":"Er voluptatis sed"}'), (2269, 30, 'character', 'https://svgshare.com/i/16EY.svg', 'commodo dolor', '{"Est":"Modo recus"}'), (2270, 30, 'character', 'https://svgshare.com/i/16EY.svg', 'sunt commodo', '{"Atam":"Iudicur tamendisced"}'), (2271, 30, 'character', 'https://svgshare.com/i/16EY.svg', 'enim enim', '{"Sent":"Remis praetorest aliquisse"}'), (2272, 30, 'character', 'https://svgshare.com/i/16EY.svg', 'dolor aliqua', '{"Ident":"Quae inionis deorsummum"}'), (2273, 30, 'character', 'https://svgshare.com/i/16EY.svg', 'pariatur exercitation', '{"Se":"Quod aut"}'), (2274, 30, 'character', 'https://svgshare.com/i/16EY.svg', 'laborum esse', '{"Fit":"Corpore leviores"}'), (2275, 30, 'character', 'https://svgshare.com/i/16EY.svg', 'ut', '{"Et":"Dubita omnissimos rebus"}'), (2276, 30, 'character', 'https://svgshare.com/i/16EY.svg', 'anim quis', '{"Finiret":"In delici sit"}'), (2277, 30, 'character', 'https://svgshare.com/i/16EY.svg', 'culpa nisi', '{"Adverbum":"Nomin faceribus ore"}'), (2278, 30, 'character', 'https://svgshare.com/i/16EY.svg', 'reprehenderit reprehenderit', '{"Quietusque":"Conficerum duo"}'), (2279, 30, 'character', 'https://svgshare.com/i/16EY.svg', 'amet pariatur aliquip', '{"Nisi":"Quam ut"}'), (2280, 30, 'character', 'https://svgshare.com/i/16EY.svg', 'elit dolor Lorem', '{"Urbanitia":"Dolordation erunt ceteration"}'), (2281, 30, 'character', 'https://svgshare.com/i/16EY.svg', 'enim nostrud', '{"Quam":"Me nisi"}'), (2282, 30, 'character', 'https://svgshare.com/i/16EY.svg', 'cupidatat ea', '{"Ratione":"Fuit videtura sequitassec"}'), (2283, 30, 'character', 'https://svgshare.com/i/16EY.svg', 'magna', '{"Nihil":"Qua im"}'), (2284, 30, 'character', 'https://svgshare.com/i/16EY.svg', 'minim', '{"Longinquit":"Itur ane"}'), (2285, 30, 'character', 'https://svgshare.com/i/16EY.svg', 'labore dolore incididunt', '{"Esse":"Itas postremum"}'), (2286, 30, 'character', 'https://svgshare.com/i/16EY.svg', 'aliquip dolore', '{"Quibus":"Aut genia"}'), (2287, 30, 'character', 'https://svgshare.com/i/16EY.svg', 'aute incididunt', '{"Nostrum":"Ant dissensibi dicaveria"}'), (2288, 30, 'character', 'https://svgshare.com/i/16EY.svg', 'commodo minim', '{"Entis":"Ponit tentiae"}'), (2289, 30, 'character', 'https://svgshare.com/i/16EY.svg', 'sit sunt consectetur', '{"Praeteret":"Posse quo"}'), (2290, 30, 'character', 'https://svgshare.com/i/16EY.svg', 'voluptate', '{"Quis":"Semperspici non"}'), (2291, 30, 'character', 'https://svgshare.com/i/16EY.svg', 'ad magna', '{"Quas":"Disputatio am modo"}'), (2292, 30, 'character', 'https://svgshare.com/i/16EY.svg', 'deserunt magna commodo', '{"Laetitur":"Rem cumcisaque ant"}'), (2293, 30, 'character', 'https://svgshare.com/i/16EY.svg', 'adipisicing nostrud excepteur', '{"Eius":"Qui omnino"}'), (2294, 30, 'character', 'https://svgshare.com/i/16EY.svg', 'dolore', '{"Dixi":"Ea possunt"}'), (2295, 30, 'character', 'https://svgshare.com/i/16EY.svg', 'ea excepteur', '{"Vitiis":"Tam eo etur"}'), (2296, 30, 'character', 'https://svgshare.com/i/16EY.svg', 'quis nisi ex', '{"Conquis":"Voluptatem diesque e"}'), (2297, 30, 'character', 'https://svgshare.com/i/16EY.svg', 'ut reprehenderit', '{"Um":"Defendarum est"}'), (2298, 30, 'character', 'https://svgshare.com/i/16EY.svg', 'amet', '{"Vel":"Inanimper haec"}'), (2299, 30, 'character', 'https://svgshare.com/i/16EY.svg', 'nulla enim', '{"Certa":"Omni scriptorqueantur"}'), (2300, 30, 'character', 'https://svgshare.com/i/16EY.svg', 'consequat sit tempor', '{"Im":"Quidem convertatem quem"}'), (2301, 30, 'character', 'https://svgshare.com/i/16EY.svg', 'in sit nisi', '{"Vos":"Praeterga facillum cum"}'), (2302, 30, 'character', 'https://svgshare.com/i/16EY.svg', 'ad sint laboris', '{"Autemus":"Ad quem"}'), (2303, 30, 'character', 'https://svgshare.com/i/16EY.svg', 'officia', '{"Ne":"De erstituam non"}'), (2304, 30, 'gadget', 'https://svgshare.com/i/16EY.svg', 'Lorem esse', '{"Fieri":"Nullam laus"}'), (2305, 30, 'gadget', 'https://svgshare.com/i/16EY.svg', 'sint cillum', '{"Interest":"Distrahi tamenim aptis"}'), (2306, 30, 'gadget', 'https://svgshare.com/i/16EY.svg', 'in enim ullamco', '{"Nec":"Voluptate minus quis"}'), (2307, 30, 'gadget', 'https://svgshare.com/i/16EY.svg', 'aute', '{"Ilo":"Vita desis quidem"}'), (2308, 30, 'gadget', 'https://svgshare.com/i/16EY.svg', 'minim laboris', '{"Quia":"Sed et"}'), (2309, 30, 'gadget', 'https://svgshare.com/i/16EY.svg', 'est est', '{"Putet":"Ne qui et"}'), (2310, 30, 'gadget', 'https://svgshare.com/i/16EY.svg', 'aliqua exercitation', '{"T":"Atque es"}'), (2311, 30, 'gadget', 'https://svgshare.com/i/16EY.svg', 'aliqua', '{"Declinae":"Ante neque vim"}'), (2312, 30, 'gadget', 'https://svgshare.com/i/16EY.svg', 'dolor incididunt', '{"Quidem":"Ad autem"}'), (2313, 30, 'gadget', 'https://svgshare.com/i/16EY.svg', 'consequat ut', '{"Rationi":"Propterea non efficiat"}'), (2314, 30, 'gadget', 'https://svgshare.com/i/16EY.svg', 'non eu ullamco', '{"Ocur":"Sibi enime"}'), (2315, 30, 'gadget', 'https://svgshare.com/i/16EY.svg', 'pariatur', '{"Ad":"Philosophia nec ad"}'), (2316, 30, 'gadget', 'https://svgshare.com/i/16EY.svg', 'quis', '{"Et":"Doloreste as sed"}'), (2317, 30, 'gadget', 'https://svgshare.com/i/16EY.svg', 'eu minim magna', '{"Eius":"Es exquirentum estiam"}'), (2318, 30, 'gadget', 'https://svgshare.com/i/16EY.svg', 'nulla ad in', '{"Idem":"Qui succum"}'), (2319, 30, 'gadget', 'https://svgshare.com/i/16EY.svg', 'do ullamco', '{"Constituamus":"Quo dediti"}'), (2320, 30, 'gadget', 'https://svgshare.com/i/16EY.svg', 'anim laborum est', '{"Iucunt":"Est afficil esque"}'), (2321, 30, 'gadget', 'https://svgshare.com/i/16EY.svg', 'consequat laborum sint', '{"Mors":"Deorum itos plura"}'), (2322, 30, 'gadget', 'https://svgshare.com/i/16EY.svg', 'deserunt est', '{"Profecto":"Etiam suo causa"}'), (2323, 30, 'gadget', 'https://svgshare.com/i/16EY.svg', 'officia', '{"Accurrunt":"Et eaque"}'), (2324, 30, 'gadget', 'https://svgshare.com/i/16EY.svg', 'velit nostrud', '{"Totam":"Voluptates nollem"}'), (2325, 30, 'gadget', 'https://svgshare.com/i/16EY.svg', 'ut', '{"Tem":"Voluptas eptricessen"}'), (2326, 30, 'gadget', 'https://svgshare.com/i/16EY.svg', 'veniam aliqua', '{"Deorsumus":"Nisi me natequos"}'), (2327, 30, 'gadget', 'https://svgshare.com/i/16EY.svg', 'irure cupidatat', '{"Aut":"Scribendi cum"}'), (2328, 30, 'gadget', 'https://svgshare.com/i/16EY.svg', 'cupidatat aliquip', '{"Maiorem":"Detracta utincorpor"}'), (2329, 30, 'gadget', 'https://svgshare.com/i/16EY.svg', 'consequat est', '{"Cumcisaque":"Platonum repetur sentientium"}'), (2330, 30, 'gadget', 'https://svgshare.com/i/16EY.svg', 'incididunt', '{"Ob":"Cum in quae"}'), (2331, 30, 'gadget', 'https://svgshare.com/i/16EY.svg', 'velit occaecat', '{"Quidem":"Explicet te musicore"}'), (2332, 30, 'gadget', 'https://svgshare.com/i/16EY.svg', 'amet culpa', '{"Tento":"Fortite ore"}'), (2333, 30, 'gadget', 'https://svgshare.com/i/16EY.svg', 'cillum amet', '{"Et":"Conquis paene quod"}'), (2334, 30, 'gadget', 'https://svgshare.com/i/16EY.svg', 'ad ex', '{"Nostris":"Ab diesque iis"}'), (2335, 30, 'gadget', 'https://svgshare.com/i/16EY.svg', 'aute consequat', '{"Voluptate":"Quo ad quid"}'), (2336, 30, 'gadget', 'https://svgshare.com/i/16EY.svg', 'sint duis', '{"Legime":"Natur eo discenda"}'), (2337, 30, 'gadget', 'https://svgshare.com/i/16EY.svg', 'Lorem veniam dolore', '{"Scribendis":"Et legatque"}'), (2338, 30, 'gadget', 'https://svgshare.com/i/16EY.svg', 'non sunt', '{"Inum":"Verter cum litter"}'), (2339, 30, 'gadget', 'https://svgshare.com/i/16EY.svg', 'officia veniam', '{"Consequitur":"Omnium explicem et"}'), (2340, 30, 'gadget', 'https://svgshare.com/i/16EY.svg', 'occaecat enim', '{"Maximuro":"Sunt dolorum scribere"}'), (2341, 30, 'gadget', 'https://svgshare.com/i/16EY.svg', 'est culpa', '{"Entur":"Sic reiciatur"}'), (2342, 30, 'gadget', 'https://svgshare.com/i/16EY.svg', 'sit', '{"Intellegan":"Contra maximpedien sed"}'), (2343, 30, 'gadget', 'https://svgshare.com/i/16EY.svg', 'consectetur aliqua', '{"Lucilla":"Et expeccant me"}'), (2344, 30, 'gadget', 'https://svgshare.com/i/16EY.svg', 'est eu cillum', '{"Aut":"At dicet et"}'), (2345, 30, 'gadget', 'https://svgshare.com/i/16EY.svg', 'id anim', '{"Quis":"Depravarchit quondam"}'), (2346, 30, 'gadget', 'https://svgshare.com/i/16EY.svg', 'ut voluptate', '{"Quaeso":"Tum hostem aliae"}'), (2347, 30, 'gadget', 'https://svgshare.com/i/16EY.svg', 'enim duis', '{"Insolut":"Maleduntur possunt ac"}'), (2348, 30, 'gadget', 'https://svgshare.com/i/16EY.svg', 'deserunt minim', '{"Parit":"Itaque solum idiora"}'), (2349, 30, 'gadget', 'https://svgshare.com/i/16EY.svg', 'laboris incididunt proident', '{"Quippiam":"Nihillud ad"}'), (2350, 30, 'gadget', 'https://svgshare.com/i/16EY.svg', 'ex', '{"Nihil":"Quod tanta"}'), (2351, 30, 'gadget', 'https://svgshare.com/i/16EY.svg', 'aute labore', '{"Filium":"Possensibi nec"}'), (2352, 30, 'gadget', 'https://svgshare.com/i/16EY.svg', 'laborum cupidatat officia', '{"Id":"Aliosae et causa"}'), (2353, 30, 'gadget', 'https://svgshare.com/i/16EY.svg', 'mollit esse', '{"Orem":"Corporum his"}');
SELECT setval('"public"."game_id_seq"'::regclass, (SELECT MAX("id") FROM "public"."game"));
SELECT setval('"public"."game_object_id_seq"'::regclass, (SELECT MAX("id") FROM "public"."game_object"));
INSERT INTO public.team (id,name,plan_id,game_id,created_at,updated_at) VALUES ('7c2c4732-09c1-5f7b-87ca-c53e7497b4ef', 'Adipisicing Cillum M', NULL, 29, DEFAULT, DEFAULT), ('f50563b6-8532-51ec-b121-d8c6bca3e897', 'Sint Commodo Non', NULL, 28, DEFAULT, DEFAULT), ('5e20f9a8-7b26-5a5f-8426-6b12c182d23c', 'Do Anim Anim', NULL, 27, DEFAULT, DEFAULT), ('53fe0e9e-3358-5722-b994-4faad8733cd3', 'Ea Proident Do', NULL, 29, DEFAULT, DEFAULT), ('782f7eda-e535-5ab3-8415-643126d3b0fa', 'Ipsum Ipsum', NULL, 28, DEFAULT, DEFAULT), ('5daf6f25-3b97-5f49-8f75-4ba5d1d74cd3', 'Irure Ad Reprehender', NULL, 29, DEFAULT, DEFAULT);
INSERT INTO public.plan (id,name,pricing,pricing_interval,default_plan,config,created_at,updated_at) VALUES (19, 'Essential', 0, 'annually', 't', '{"max_members":6,"max_blueprints":100,"max_books":20}', DEFAULT, DEFAULT), (20, 'Advanced', 15.803108597090716, 'annually', 'f', '{"max_members":12,"max_blueprints":200,"max_books":40}', DEFAULT, DEFAULT), (21, 'Pro', 12.111348826482082, 'monthly', 'f', '{"max_members":18,"max_blueprints":300,"max_books":60}', DEFAULT, DEFAULT);
INSERT INTO public.book (id,name,team_id,created_at,updated_at) VALUES ('1e7e0bcb-4fc0-5d72-81a5-d67a74a13595', 'Reprehenderit Veniam', '7c2c4732-09c1-5f7b-87ca-c53e7497b4ef', DEFAULT, DEFAULT), ('d297ab9e-40d4-51b5-bb8f-a1df399f1a9a', 'Minim Irure', '7c2c4732-09c1-5f7b-87ca-c53e7497b4ef', DEFAULT, DEFAULT), ('d1b8f3f8-af26-5088-8712-273c28ba98f7', 'Excepteur Lorem', '7c2c4732-09c1-5f7b-87ca-c53e7497b4ef', DEFAULT, DEFAULT), ('3ff60d7a-a4ad-54c5-a422-53b52cd53093', 'Anim Qui', '7c2c4732-09c1-5f7b-87ca-c53e7497b4ef', DEFAULT, DEFAULT), ('cfbfd1d4-e77f-57e5-94da-e9ff2cc7a996', 'Pariatur Aliqua', '7c2c4732-09c1-5f7b-87ca-c53e7497b4ef', DEFAULT, DEFAULT), ('92bf5244-388d-5bbf-bd84-1c7ad2efe31b', 'Dolor', '7c2c4732-09c1-5f7b-87ca-c53e7497b4ef', DEFAULT, DEFAULT), ('9584676f-0635-591a-a937-d230d9a3abf3', 'Labore', '7c2c4732-09c1-5f7b-87ca-c53e7497b4ef', DEFAULT, DEFAULT), ('98eaafd3-adbf-5a3e-adb9-b3fb6971b6f1', 'Adipisicing', 'f50563b6-8532-51ec-b121-d8c6bca3e897', DEFAULT, DEFAULT), ('2d1d7734-be70-5d07-a538-e76c6cae722e', 'Est Velit', 'f50563b6-8532-51ec-b121-d8c6bca3e897', DEFAULT, DEFAULT), ('b5605791-3389-56c2-9ec6-17d538b9bb85', 'Sunt', 'f50563b6-8532-51ec-b121-d8c6bca3e897', DEFAULT, DEFAULT), ('a5831e58-2fc9-5b59-970d-00c344a4eb18', 'Aliquip Irure Elit', 'f50563b6-8532-51ec-b121-d8c6bca3e897', DEFAULT, DEFAULT), ('756cbb59-27d6-58f3-b4b9-8b56121e683f', 'Enim', 'f50563b6-8532-51ec-b121-d8c6bca3e897', DEFAULT, DEFAULT), ('d19db439-c7e7-53a7-aa19-0db346180dc1', 'Ipsum', '5e20f9a8-7b26-5a5f-8426-6b12c182d23c', DEFAULT, DEFAULT), ('91434b27-2651-5429-8f42-45c3f8e334a0', 'Ullamco', '5e20f9a8-7b26-5a5f-8426-6b12c182d23c', DEFAULT, DEFAULT), ('549980e7-3e77-5d76-b263-84664d04b209', 'Lorem Et Ex', '5e20f9a8-7b26-5a5f-8426-6b12c182d23c', DEFAULT, DEFAULT), ('b32027db-33da-5dc2-b906-e0c2a06ac683', 'Esse Adipisicing', '53fe0e9e-3358-5722-b994-4faad8733cd3', DEFAULT, DEFAULT), ('b7a89d05-549f-565f-b631-b59097e91d1a', 'Consectetur Labore', '53fe0e9e-3358-5722-b994-4faad8733cd3', DEFAULT, DEFAULT), ('ac9f0e3e-b030-584f-a8dd-87355fe22537', 'Voluptate Labore Ull', '53fe0e9e-3358-5722-b994-4faad8733cd3', DEFAULT, DEFAULT), ('438bff0e-fd50-5c86-89ee-d397a0c0e548', 'Deserunt', '53fe0e9e-3358-5722-b994-4faad8733cd3', DEFAULT, DEFAULT), ('9bf2ad50-cccb-50eb-8269-3a7e78bd21f5', 'Sunt Ullamco Labore', '53fe0e9e-3358-5722-b994-4faad8733cd3', DEFAULT, DEFAULT), ('36f6f3ba-e867-5008-b6c1-829e989f9d2f', 'Proident Incididunt', '53fe0e9e-3358-5722-b994-4faad8733cd3', DEFAULT, DEFAULT), ('a3141029-aec2-543b-b18a-49fe947e3304', 'Pariatur Nulla', '782f7eda-e535-5ab3-8415-643126d3b0fa', DEFAULT, DEFAULT), ('6c52c1d9-13a4-51ef-ae51-1dacc4c14be9', 'Proident Ea', '782f7eda-e535-5ab3-8415-643126d3b0fa', DEFAULT, DEFAULT), ('2589cf16-4103-5a4f-b544-b30078083eaa', 'Amet Sit Tempor', '782f7eda-e535-5ab3-8415-643126d3b0fa', DEFAULT, DEFAULT), ('a88bc9b9-135e-55c7-8c4c-5a072a3c8573', 'Ullamco', '782f7eda-e535-5ab3-8415-643126d3b0fa', DEFAULT, DEFAULT), ('8b7e423b-b9b9-5b3c-bf3d-1aa45d16235c', 'Anim Laborum', '782f7eda-e535-5ab3-8415-643126d3b0fa', DEFAULT, DEFAULT), ('882c7ae5-914f-539d-8207-691de536097f', 'Minim', '782f7eda-e535-5ab3-8415-643126d3b0fa', DEFAULT, DEFAULT), ('811570ef-0b81-508d-ba05-2f5e812d4131', 'Velit Ea Excepteur', '782f7eda-e535-5ab3-8415-643126d3b0fa', DEFAULT, DEFAULT), ('9b1fc781-1e4e-56d2-bd68-0dc257a319c0', 'Voluptate Excepteur ', '5daf6f25-3b97-5f49-8f75-4ba5d1d74cd3', DEFAULT, DEFAULT), ('8a0a556f-d942-55f0-8ba8-1ffbfaf3c6d9', 'Nulla Sit', '5daf6f25-3b97-5f49-8f75-4ba5d1d74cd3', DEFAULT, DEFAULT), ('91fa3874-9437-5dfa-a49a-f19fb38d9e92', 'Nostrud Non Commodo', '5daf6f25-3b97-5f49-8f75-4ba5d1d74cd3', DEFAULT, DEFAULT), ('eda91f04-12ef-5904-88aa-e6ed9a692e03', 'Nulla Et Laborum', '5daf6f25-3b97-5f49-8f75-4ba5d1d74cd3', DEFAULT, DEFAULT), ('1d3f740a-8c60-5c1d-aa9e-3854a33c8e1d', 'Ullamco Ipsum', '5daf6f25-3b97-5f49-8f75-4ba5d1d74cd3', DEFAULT, DEFAULT), ('d9bba68a-079c-5141-bd43-756b87167584', 'Non', '5daf6f25-3b97-5f49-8f75-4ba5d1d74cd3', DEFAULT, DEFAULT);
UPDATE public.team SET plan_id = 19 WHERE id = '7c2c4732-09c1-5f7b-87ca-c53e7497b4ef';
UPDATE public.team SET plan_id = 19 WHERE id = 'f50563b6-8532-51ec-b121-d8c6bca3e897';
UPDATE public.team SET plan_id = 20 WHERE id = '5e20f9a8-7b26-5a5f-8426-6b12c182d23c';
UPDATE public.team SET plan_id = 20 WHERE id = '53fe0e9e-3358-5722-b994-4faad8733cd3';
UPDATE public.team SET plan_id = 21 WHERE id = '782f7eda-e535-5ab3-8415-643126d3b0fa';
UPDATE public.team SET plan_id = 21 WHERE id = '5daf6f25-3b97-5f49-8f75-4ba5d1d74cd3';
SELECT setval('"public"."plan_id_seq"'::regclass, (SELECT MAX("id") FROM "public"."plan"));
INSERT INTO public.arena (id,game_id,name,metadata,outdated,created_at,updated_at) VALUES (61, 28, 'Silverlake Stadium', DEFAULT, 't', DEFAULT, DEFAULT), (62, 27, 'Downtown Plaza Pavilion', DEFAULT, 'f', DEFAULT, DEFAULT), (63, 30, 'Bayshore Pavilion', DEFAULT, 't', DEFAULT, DEFAULT), (64, 27, 'Sunset Stadium', DEFAULT, 't', DEFAULT, DEFAULT), (65, 28, 'Downtown Square Pavilion', DEFAULT, 't', DEFAULT, DEFAULT), (66, 30, 'Oceanfront Amphitheater', DEFAULT, 'f', DEFAULT, DEFAULT), (67, 30, 'Main Square Arena', DEFAULT, 'f', DEFAULT, DEFAULT), (68, 30, 'Southbank Arena', DEFAULT, 't', DEFAULT, DEFAULT), (69, 29, 'Waterfront Amphitheater', DEFAULT, 'f', DEFAULT, DEFAULT), (70, 27, 'Meadowbrook Pavilion', DEFAULT, 'f', DEFAULT, DEFAULT);
SELECT setval('"public"."arena_id_seq"'::regclass, (SELECT MAX("id") FROM "public"."arena"));
INSERT INTO public.blueprint (id,book_id,arena_id,visibility,name,tags,created_at,updated_at) VALUES ('fd4a2d4e-8569-59ca-837d-fb7fa0ab1be1', '9bf2ad50-cccb-50eb-8269-3a7e78bd21f5', 65, 'public', 'Roaming Support Plan', '{"eiusmod nulla occaecat nulla"}', DEFAULT, DEFAULT), ('e0502ed9-8194-54d4-be5d-43176e2a7438', '882c7ae5-914f-539d-8207-691de536097f', 68, 'unlisted', 'Roaming Support Plan', '{"cupidatat aute","ullamco velit aute pariatur","duis voluptate occaecat dolore e","duis magna sit","laboris anim fugiat irure","duis minim"}', DEFAULT, DEFAULT), ('cba89714-5b1d-590f-92a2-27cfb555b7e4', '91434b27-2651-5429-8f42-45c3f8e334a0', 64, 'public', 'Gank Heavy Approach', '{"proident et occaecat consectetur","dolore aliquip","est dolore consequat enim","non eiusmod culpa","ad enim sit laborum","nisi id enim consectetur","eu fugiat consequat elit aliquip","incididunt occaecat"}', DEFAULT, DEFAULT), ('497b8842-fb80-5638-ba6f-3f3e64daa06b', '8a0a556f-d942-55f0-8ba8-1ffbfaf3c6d9', 62, 'public', 'Map Control Blueprint', '{"irure ex ea culpa incididunt","voluptate consequat","in in ut","veniam duis","occaecat laboris adipisicing cil","fugiat nisi"}', DEFAULT, DEFAULT), ('75fbf0dd-b3c9-5513-87f0-9d9a9004f64c', 'd297ab9e-40d4-51b5-bb8f-a1df399f1a9a', 63, 'private', 'Baron Control Strategy', '{"excepteur do consectetur Lorem","do duis minim","velit","voluptate","eu occaecat magna exercitation","occaecat ipsum","adipisicing officia amet labore "}', DEFAULT, DEFAULT), ('0352b4c9-6de9-5702-929d-3d622c6456a1', '9b1fc781-1e4e-56d2-bd68-0dc257a319c0', 64, 'public', 'Rotation Strategy Document', '{"incididunt dolore","eu anim"}', DEFAULT, DEFAULT), ('1e701d2b-566c-5f82-8280-a2a9d02ee590', '9bf2ad50-cccb-50eb-8269-3a7e78bd21f5', 64, 'unlisted', 'Early Game Dominance Guide', '{"do exercitation","quis excepteur irure","laboris quis sint"}', DEFAULT, DEFAULT), ('f04c0ed1-b624-5092-8b98-dae6fff857dc', '9584676f-0635-591a-a937-d230d9a3abf3', 66, 'private', 'Early Game Dominance Guide', '{"pariatur adipisicing sunt minim","duis ipsum aute","do et","magna ullamco excepteur consequa","exercitation","dolore duis cillum ipsum","anim nostrud","commodo","non ut aute","cupidatat reprehenderit sit"}', DEFAULT, DEFAULT), ('7eef79d9-ea6c-5417-b347-09dbcb8b4c78', 'a88bc9b9-135e-55c7-8c4c-5a072a3c8573', 63, 'unlisted', 'Roaming Support Plan', '{"exercitation duis eiusmod ullamc","quis elit est nulla dolor","minim laboris sint aliqua","elit","occaecat nulla velit ut","quis ut dolore laborum","officia Lorem eiusmod esse"}', DEFAULT, DEFAULT), ('3aff3e37-0331-5c7a-a0f5-1b6595c2ad7b', '98eaafd3-adbf-5a3e-adb9-b3fb6971b6f1', 69, 'public', 'Baron Control Strategy', '{"ad","laboris sint cupidatat eiusmod","ipsum eiusmod culpa deserunt","labore culpa","veniam enim","consequat qui excepteur ea venia","nulla fugiat non","duis est laborum"}', DEFAULT, DEFAULT), ('7c0cf1d4-d57d-5092-a3f0-ca49e04ace52', 'd19db439-c7e7-53a7-aa19-0db346180dc1', 63, 'public', 'Roaming Support Plan', '{"ut tempor ex","Lorem non ipsum","commodo id minim","duis enim","id dolor proident minim"}', DEFAULT, DEFAULT), ('26c80d6d-0d6f-5fb2-8296-8b5e9e1fdeb7', '2589cf16-4103-5a4f-b544-b30078083eaa', 70, 'unlisted', 'Early Game Dominance Guide', '{"labore","esse","amet dolor","pariatur"}', DEFAULT, DEFAULT), ('310ccf44-859c-5587-8001-5aa84afb3236', 'b7a89d05-549f-565f-b631-b59097e91d1a', 67, 'private', 'Wave Management Plan', '{"pariatur mollit exercitation","pariatur","veniam sint non nulla nostrud","voluptate excepteur nulla deseru","labore exercitation nostrud exce","consequat","consequat consectetur Lorem irur","magna ipsum Lorem","eiusmod esse velit"}', DEFAULT, DEFAULT), ('c6131a0d-c1ea-5dce-8460-c91026e41f9f', '9bf2ad50-cccb-50eb-8269-3a7e78bd21f5', 67, 'public', 'Siege Tactics Handbook', '{"commodo aute fugiat sint","adipisicing laboris commodo anim","qui nulla","duis cillum anim incididunt moll","exercitation laborum Lorem aliqu","consequat Lorem","consequat ut","enim","pariatur reprehenderit ullamco s","laboris"}', DEFAULT, DEFAULT), ('054eb394-a081-59a1-b613-e1c8bbcc6250', '98eaafd3-adbf-5a3e-adb9-b3fb6971b6f1', 63, 'public', 'Counter Pick Blueprint', '{"ipsum","aliquip","elit nisi","culpa irure","anim aliquip minim","consectetur eu dolore in","occaecat ex cupidatat","velit duis ut in duis","do nisi labore fugiat","ipsum in irure Lorem"}', DEFAULT, DEFAULT), ('4cb602e9-b66f-5f7e-a7a1-71729454372c', 'ac9f0e3e-b030-584f-a8dd-87355fe22537', 68, 'unlisted', 'Rotation Strategy Document', '{"sint velit consequat eiusmod","reprehenderit","magna irure dolore aute cillum","tempor nostrud voluptate consect","sit culpa magna do eiusmod","quis nisi amet enim nisi"}', DEFAULT, DEFAULT), ('8ed312f8-fa19-5305-a78e-7cdee2dc9e00', '91434b27-2651-5429-8f42-45c3f8e334a0', 69, 'private', 'Aggressive Rush Strategy', '{"velit aute elit","nostrud esse occaecat"}', DEFAULT, DEFAULT), ('c9bad04c-3d6e-5efe-9540-7763dde57640', 'b32027db-33da-5dc2-b906-e0c2a06ac683', 69, 'private', 'Objective Focused Strategy', '{"ullamco fugiat","Lorem cupidatat","sint tempor proident"}', DEFAULT, DEFAULT), ('7a350dde-d215-538c-bfd3-d5cdd8b40555', 'a3141029-aec2-543b-b18a-49fe947e3304', 70, 'public', 'Counter Pick Blueprint', '{"reprehenderit ea proident","consequat ut eu","est do eiusmod nisi","elit dolor eiusmod","quis proident anim esse","fugiat"}', DEFAULT, DEFAULT), ('bd6c4dd0-06e8-56ab-abd6-6e9e777c13a7', '882c7ae5-914f-539d-8207-691de536097f', 64, 'public', 'Counter Pick Blueprint', '{"ut aliqua qui ut","mollit voluptate","in id dolore voluptate","irure Lorem non reprehenderit","et quis eu exercitation pariatur","Lorem ex","proident consequat officia ad do","nisi ea deserunt dolore"}', DEFAULT, DEFAULT), ('844103e5-8cf8-5795-8a63-ccecfc3e2001', '1d3f740a-8c60-5c1d-aa9e-3854a33c8e1d', 66, 'public', 'Gank Heavy Approach', '{"sit ullamco ut qui","ex exercitation culpa","esse","consectetur"}', DEFAULT, DEFAULT), ('582d0ca1-76cc-5500-9dd8-190ab817072d', '9584676f-0635-591a-a937-d230d9a3abf3', 69, 'private', 'Vision Control Blueprint', '{"laboris exercitation ipsum","id qui incididunt nisi","id dolor cupidatat sit"}', DEFAULT, DEFAULT), ('9012aa86-f8a2-5033-82d5-336bcaa03c26', '438bff0e-fd50-5c86-89ee-d397a0c0e548', 70, 'public', 'Siege Tactics Handbook', '{"Lorem laboris","sit irure nostrud occaecat","labore labore ullamco","elit eiusmod","ipsum labore et ullamco","proident","nisi do quis mollit","laborum labore aliquip eu in","aliqua","in excepteur tempor laborum"}', DEFAULT, DEFAULT), ('746bb5ad-439a-519a-90ef-991641df1623', '882c7ae5-914f-539d-8207-691de536097f', 68, 'unlisted', 'Late Game Scaling Strategy', '{"incididunt sunt amet cupidatat","aliquip aliquip","minim ipsum anim incididunt aliq","commodo ex cillum","duis voluptate","exercitation mollit pariatur"}', DEFAULT, DEFAULT), ('b1bab82d-de7c-55e3-8115-1651b8f68765', '3ff60d7a-a4ad-54c5-a422-53b52cd53093', 62, 'private', 'Secure Objective Playbook', '{"sit nulla fugiat deserunt","Lorem cupidatat","adipisicing magna","laboris ea amet"}', DEFAULT, DEFAULT), ('0145500d-2ab2-5c49-9cea-edd711ce1cc9', 'a88bc9b9-135e-55c7-8c4c-5a072a3c8573', 64, 'unlisted', 'Aggressive Rush Strategy', '{"eiusmod duis ipsum culpa","ea ex","tempor esse mollit"}', DEFAULT, DEFAULT), ('703c3370-90fb-5d22-8365-f34357b3ffb8', '882c7ae5-914f-539d-8207-691de536097f', 67, 'private', 'Rotation Strategy Document', '{"sunt tempor consequat","in Lorem fugiat","veniam labore","nulla nulla in","et","labore aliqua","voluptate incididunt et ex velit","ea esse qui","adipisicing quis"}', DEFAULT, DEFAULT), ('fd862b26-fe8c-52d0-b06e-3c9f938bd3ab', '36f6f3ba-e867-5008-b6c1-829e989f9d2f', 67, 'public', 'Jungle Control Playbook', '{"ut non ad","deserunt consequat aute","amet consectetur enim anim","anim cupidatat","nostrud"}', DEFAULT, DEFAULT), ('70415515-b81b-59ef-a1ed-18578b73b7ae', '9b1fc781-1e4e-56d2-bd68-0dc257a319c0', 68, 'private', 'Baron Control Strategy', '{"cillum magna voluptate Lorem","pariatur non","culpa fugiat","proident ipsum dolor","laboris ex","culpa sint excepteur commodo lab","Lorem labore consequat est","sunt id eu nostrud veniam","sint"}', DEFAULT, DEFAULT), ('c5558815-aa72-5938-a7c8-62ae2c1a039c', '92bf5244-388d-5bbf-bd84-1c7ad2efe31b', 68, 'public', 'Secure Objective Playbook', '{"in dolore","irure cupidatat cillum amet","eiusmod consectetur sit labore","esse nostrud consectetur ipsum","amet velit aute enim officia","mollit in consectetur quis"}', DEFAULT, DEFAULT), ('703bbd20-9625-5bd7-8aa3-5ead0245fe50', '91fa3874-9437-5dfa-a49a-f19fb38d9e92', 61, 'unlisted', 'Objective Focused Strategy', '{"est amet aute","consequat esse incididunt"}', DEFAULT, DEFAULT), ('68ff3d82-b6b6-5053-9e74-aa9b346dd8d1', 'a5831e58-2fc9-5b59-970d-00c344a4eb18', 70, 'private', 'Wave Management Plan', '{"ad sit nulla nulla","voluptate dolore in nostrud","ea ut labore exercitation","sunt ullamco ad ipsum est","excepteur aliqua","dolore","excepteur ullamco"}', DEFAULT, DEFAULT), ('522e120d-7e21-504a-9c96-99e429197e5a', '1d3f740a-8c60-5c1d-aa9e-3854a33c8e1d', 67, 'unlisted', 'Counter Pick Blueprint', '{"aute velit velit aute","mollit sint","ut eu","tempor ex aute et","ea","fugiat labore nostrud ex","magna cillum laborum adipisicing","duis magna","dolore occaecat nulla"}', DEFAULT, DEFAULT), ('54b879fc-04e4-53b3-8cec-0174fc0ccd34', 'ac9f0e3e-b030-584f-a8dd-87355fe22537', 65, 'private', 'Counter Pick Blueprint', '{"sint do nulla","eu minim labore officia","dolor minim","ipsum et sit in dolor"}', DEFAULT, DEFAULT), ('fb90b354-0ae1-59da-9637-61f6c5ed3fb9', '9b1fc781-1e4e-56d2-bd68-0dc257a319c0', 64, 'public', 'Secure Objective Playbook', '{}', DEFAULT, DEFAULT), ('95b3988b-e14b-57a7-900d-4985cb116f17', '1e7e0bcb-4fc0-5d72-81a5-d67a74a13595', 66, 'private', 'Gank Heavy Approach', '{"amet","ex sint ea occaecat ut","officia","esse","nulla ut anim sunt","dolore non","ut culpa consequat","mollit consequat","consectetur sunt","do duis"}', DEFAULT, DEFAULT), ('7d1face3-2e87-52f5-9623-fff9de0a6539', 'b5605791-3389-56c2-9ec6-17d538b9bb85', 69, 'public', 'Map Control Blueprint', '{"do cupidatat quis laborum quis","nulla sint nisi","ea consectetur est tempor aliqui"}', DEFAULT, DEFAULT), ('e8bf9a25-132d-5d46-b40a-d08534be6c9f', '91fa3874-9437-5dfa-a49a-f19fb38d9e92', 61, 'unlisted', 'Counter Pick Blueprint', '{"consectetur","elit in","eiusmod non aliquip","eiusmod dolor","proident aliqua cupidatat proide","id culpa","eu culpa officia dolor"}', DEFAULT, DEFAULT), ('29a560e9-84d9-5f41-9b09-76969cbfb144', 'b5605791-3389-56c2-9ec6-17d538b9bb85', 62, 'public', 'Counter Pick Blueprint', '{"mollit do aliquip occaecat paria","ad duis Lorem"}', DEFAULT, DEFAULT), ('d9c4b302-5ab0-5114-8120-41d1876c7eb9', '8a0a556f-d942-55f0-8ba8-1ffbfaf3c6d9', 67, 'public', 'Objective Focused Strategy', '{"enim elit veniam adipisicing","veniam","velit non voluptate esse","proident exercitation Lorem","dolore veniam"}', DEFAULT, DEFAULT), ('ca1b9e1e-f7c0-5c4a-a566-aabf3f7ebb80', 'b32027db-33da-5dc2-b906-e0c2a06ac683', 63, 'unlisted', 'Vision Denial Blueprint', '{"nostrud est enim amet","quis fugiat","magna consectetur enim ullamco","mollit","deserunt irure"}', DEFAULT, DEFAULT), ('cde91e33-9c71-56e0-b19e-f2372fa577cf', 'b7a89d05-549f-565f-b631-b59097e91d1a', 70, 'private', 'Secure Objective Playbook', '{"sit","fugiat cupidatat sit nisi","quis fugiat id laborum eiusmod","eu exercitation incididunt amet ","laborum cillum nulla","occaecat","deserunt","enim est est irure tempor","ad velit","est culpa consequat reprehenderi"}', DEFAULT, DEFAULT), ('013547e4-326e-5221-8377-310093ccf53a', 'a3141029-aec2-543b-b18a-49fe947e3304', 70, 'private', 'Rotation Strategy Document', '{"proident non","cupidatat nisi minim","laboris velit","velit qui nostrud","ullamco voluptate sit"}', DEFAULT, DEFAULT), ('50cffa66-dd91-5aed-8c46-1b76e488de31', 'b32027db-33da-5dc2-b906-e0c2a06ac683', 66, 'unlisted', 'Rotation Strategy Document', '{"occaecat","deserunt aute consequat","deserunt","reprehenderit dolor magna","ad esse ad culpa aliqua","tempor ipsum deserunt consequat","fugiat exercitation","deserunt qui","duis adipisicing deserunt ea"}', DEFAULT, DEFAULT), ('f550c2bf-a147-5e29-8a01-470336f387eb', '882c7ae5-914f-539d-8207-691de536097f', 66, 'unlisted', 'Map Control Blueprint', '{"aliquip amet"}', DEFAULT, DEFAULT), ('a30e3d57-ad0a-594d-9622-8a2514b8110c', '811570ef-0b81-508d-ba05-2f5e812d4131', 68, 'private', 'Roaming Support Plan', '{"Lorem quis","magna id exercitation consectetu","ex aliquip cillum","amet et enim cillum eiusmod","aliquip in commodo ex et","aliquip","in excepteur duis","duis tempor ad et exercitation","qui amet eiusmod laborum"}', DEFAULT, DEFAULT), ('cb76f565-509b-50d9-bbe4-5c6e7c9b0eb4', 'b7a89d05-549f-565f-b631-b59097e91d1a', 70, 'unlisted', 'Secure Objective Playbook', '{"consequat dolor ipsum","veniam irure eu","ipsum deserunt","nulla eu","tempor dolor dolore veniam molli","duis magna elit","occaecat do sit do ad","amet ut"}', DEFAULT, DEFAULT), ('a344c7b4-07e6-54df-b4ed-f27c7916e147', 'cfbfd1d4-e77f-57e5-94da-e9ff2cc7a996', 62, 'public', 'Split Push Blueprint', '{}', DEFAULT, DEFAULT), ('6c40d2d3-07ad-5aa1-a5fa-cf5861475e5d', '36f6f3ba-e867-5008-b6c1-829e989f9d2f', 65, 'unlisted', 'Team Fight Execution Plan', '{"cupidatat commodo aliquip ipsum","anim","eiusmod ullamco","minim non nulla","ut eiusmod pariatur","labore nisi esse in","labore proident non et nulla","Lorem adipisicing laboris deseru","officia eu sit in minim"}', DEFAULT, DEFAULT), ('ba7460a4-9316-52e4-9e3a-05ee82b85e66', '8b7e423b-b9b9-5b3c-bf3d-1aa45d16235c', 65, 'unlisted', 'Split Push Blueprint', '{"veniam irure","esse laborum","ut elit"}', DEFAULT, DEFAULT), ('fb3595df-62ad-5f54-ac34-3a578952555c', '92bf5244-388d-5bbf-bd84-1c7ad2efe31b', 69, 'public', 'Map Control Blueprint', '{"pariatur amet duis"}', DEFAULT, DEFAULT), ('90edde40-1b87-5f75-90b9-68639fbcb2b8', 'b7a89d05-549f-565f-b631-b59097e91d1a', 68, 'unlisted', 'Map Control Blueprint', '{"Lorem","commodo aliquip velit id aute"}', DEFAULT, DEFAULT), ('ea26a496-35d8-5f3f-a769-a80898ec7b17', '549980e7-3e77-5d76-b263-84664d04b209', 62, 'unlisted', 'Aggressive Rush Strategy', '{"ex reprehenderit pariatur","culpa laboris mollit ut","ad aliqua"}', DEFAULT, DEFAULT), ('035a0a25-d588-551c-9f76-4e9f593ffaf4', '92bf5244-388d-5bbf-bd84-1c7ad2efe31b', 69, 'public', 'Aggressive Rush Strategy', '{"sit eu dolor nostrud","eiusmod veniam quis"}', DEFAULT, DEFAULT), ('e7f55997-6008-5d29-9f7f-564ab748cc59', '36f6f3ba-e867-5008-b6c1-829e989f9d2f', 68, 'private', 'Siege Tactics Handbook', '{"exercitation in dolor","dolore velit incididunt fugiat"}', DEFAULT, DEFAULT), ('396ce0bd-b3e1-5b3c-94ea-bb5357e1c76a', 'eda91f04-12ef-5904-88aa-e6ed9a692e03', 69, 'unlisted', 'Roaming Support Plan', '{"est commodo culpa","sit officia","id aliquip","voluptate elit eu","do aliquip ea et","fugiat aute sunt culpa","commodo cupidatat ullamco except","est est excepteur","sunt"}', DEFAULT, DEFAULT), ('4cb2c65b-80df-57cc-9c0d-6c346029b88f', '1e7e0bcb-4fc0-5d72-81a5-d67a74a13595', 65, 'public', 'Objective Focused Strategy', '{"deserunt eu excepteur est","anim eu occaecat proident","sint","velit duis est anim anim","pariatur velit"}', DEFAULT, DEFAULT), ('8172dfee-2cce-5dee-9293-b6bd5f74d656', 'a88bc9b9-135e-55c7-8c4c-5a072a3c8573', 69, 'public', 'Team Fight Execution Plan', '{"pariatur"}', DEFAULT, DEFAULT), ('910e8e4b-af24-5f28-a2eb-631066a490eb', '2589cf16-4103-5a4f-b544-b30078083eaa', 68, 'public', 'Vision Denial Blueprint', '{}', DEFAULT, DEFAULT), ('150381a3-e791-54de-9419-0edac12fb9eb', 'cfbfd1d4-e77f-57e5-94da-e9ff2cc7a996', 62, 'public', 'Counter Pick Blueprint', '{"est ea aute","nostrud aliquip anim cupidatat e","deserunt culpa","qui tempor","in","consequat laborum duis aliqua no"}', DEFAULT, DEFAULT), ('ddb37574-0dbe-5aa4-a5e8-b15242cefaff', 'a3141029-aec2-543b-b18a-49fe947e3304', 67, 'private', 'Counter Pick Blueprint', '{"voluptate deserunt do excepteur ","nostrud reprehenderit cupidatat ","magna","tempor do cupidatat","aliqua elit sint","ipsum exercitation","voluptate"}', DEFAULT, DEFAULT), ('77fbdaed-4103-591b-82ee-3e3fa4b78a9b', '811570ef-0b81-508d-ba05-2f5e812d4131', 70, 'public', 'Late Game Scaling Strategy', '{"et nisi","quis in reprehenderit culpa amet","ad laboris","commodo enim quis","aute reprehenderit sunt laboris","adipisicing ut Lorem amet"}', DEFAULT, DEFAULT), ('0f1e8b42-396d-5765-be37-bce2ee646e04', 'eda91f04-12ef-5904-88aa-e6ed9a692e03', 64, 'public', 'Defensive Turtle Tactics', '{"do cupidatat commodo","et eiusmod et","nisi tempor velit tempor duis","officia quis mollit","ipsum aliqua","Lorem do","officia"}', DEFAULT, DEFAULT), ('5308f8b3-4d4d-529a-bd7c-3a77ac4fe6ae', 'a3141029-aec2-543b-b18a-49fe947e3304', 67, 'public', 'Jungle Control Playbook', '{"in eiusmod sunt laboris officia","est","amet","eu minim labore","dolore","ad dolor","mollit elit","eu veniam ad","laborum velit reprehenderit do i"}', DEFAULT, DEFAULT), ('851e9ece-db38-530e-b3f9-f5e1d49a3b34', '2d1d7734-be70-5d07-a538-e76c6cae722e', 67, 'private', 'Gank Heavy Approach', '{"aliquip ut nisi irure dolor","commodo ex","amet","minim velit duis nostrud","sunt aute ipsum aute","ullamco quis est veniam","elit veniam est elit","fugiat incididunt consectetur","irure adipisicing tempor"}', DEFAULT, DEFAULT), ('2189cd55-c657-5ce9-999a-da1a2dbf7ea0', '1e7e0bcb-4fc0-5d72-81a5-d67a74a13595', 61, 'private', 'Late Game Scaling Strategy', '{"excepteur","nulla consequat nostrud consecte","nulla","anim nulla commodo dolore commod","ipsum non mollit","in aliqua nulla velit"}', DEFAULT, DEFAULT), ('902d4a21-0657-5095-b741-ac0d408bb89e', 'd9bba68a-079c-5141-bd43-756b87167584', 67, 'private', 'Early Game Dominance Guide', '{"commodo quis","officia excepteur ullamco ea dol","tempor ex consequat officia","nulla sunt fugiat irure","ut dolor nulla exercitation","do ut quis laboris veniam","ex esse"}', DEFAULT, DEFAULT), ('0d40f7c0-72b0-55c2-8e48-c6c65bd9815f', 'eda91f04-12ef-5904-88aa-e6ed9a692e03', 62, 'public', 'Map Control Blueprint', '{"nostrud","proident elit officia","Lorem officia","do minim laborum tempor quis","consequat est laboris ex","fugiat nulla enim","quis eu officia non do","officia tempor do","anim eu"}', DEFAULT, DEFAULT), ('f09f5f0c-d6f4-5089-a919-82fdea15dad9', '2589cf16-4103-5a4f-b544-b30078083eaa', 61, 'private', 'Vision Denial Blueprint', '{"proident incididunt mollit non o","proident nisi","in deserunt"}', DEFAULT, DEFAULT), ('9bfcf305-f3a4-5bed-9ee4-3f5ccf9e59af', '1e7e0bcb-4fc0-5d72-81a5-d67a74a13595', 65, 'private', 'Early Game Dominance Guide', '{"cupidatat minim","quis est"}', DEFAULT, DEFAULT), ('2ff309f0-6726-5920-ad23-47ba58fd2525', 'a88bc9b9-135e-55c7-8c4c-5a072a3c8573', 68, 'unlisted', 'Counter Pick Blueprint', '{"esse non sit laborum","pariatur aliqua voluptate","dolor cillum magna"}', DEFAULT, DEFAULT), ('bac302d7-9e20-52d1-89cc-b0e99ef3b896', 'b32027db-33da-5dc2-b906-e0c2a06ac683', 62, 'public', 'Defensive Turtle Tactics', '{"id ad","magna nisi et","ex fugiat mollit aute","non ad id sunt minim","excepteur"}', DEFAULT, DEFAULT), ('ef31ceeb-0f8d-5da0-ab9c-18045c420f99', '811570ef-0b81-508d-ba05-2f5e812d4131', 65, 'private', 'Defensive Turtle Tactics', '{"cupidatat quis deserunt","eiusmod culpa veniam laboris","pariatur eu minim amet veniam","non aliqua adipisicing"}', DEFAULT, DEFAULT), ('2be70e34-56ed-5cb2-9758-b8f796ec32ec', 'b32027db-33da-5dc2-b906-e0c2a06ac683', 70, 'public', 'Wave Management Plan', '{"reprehenderit anim eu mollit","consectetur commodo est commodo","proident id consequat aliqua Lor","esse anim"}', DEFAULT, DEFAULT), ('49e5f9f5-6a8f-5423-81e9-9e8e2c467770', '91434b27-2651-5429-8f42-45c3f8e334a0', 69, 'unlisted', 'Siege Tactics Handbook', '{"eu","cupidatat ex quis","anim labore"}', DEFAULT, DEFAULT), ('421a5d89-58fa-56e2-87c9-a4c6fd3159db', '1e7e0bcb-4fc0-5d72-81a5-d67a74a13595', 69, 'public', 'Defensive Turtle Tactics', '{"esse quis anim","in minim reprehenderit amet aute","culpa","tempor","nisi id"}', DEFAULT, DEFAULT), ('c2ab0ed6-ea98-544f-a35e-cfff5a185dc8', 'a3141029-aec2-543b-b18a-49fe947e3304', 62, 'unlisted', 'Roaming Support Plan', '{"elit ea","ad sint in non","proident"}', DEFAULT, DEFAULT), ('6c6d219e-3884-5c60-8485-0fb500d0b675', 'd1b8f3f8-af26-5088-8712-273c28ba98f7', 68, 'unlisted', 'Roaming Support Plan', '{"ex excepteur tempor esse","officia amet incididunt officia","sit proident id","sit est laborum nisi enim","commodo"}', DEFAULT, DEFAULT), ('d5fd2418-0c52-558a-8369-707f9186db0b', '91434b27-2651-5429-8f42-45c3f8e334a0', 66, 'unlisted', 'Early Game Dominance Guide', '{"ipsum anim","eiusmod ea sunt","dolore amet","laboris labore magna elit","aliquip exercitation id sit nost"}', DEFAULT, DEFAULT), ('0f22fcab-183d-5e80-9a98-c495a215f5f8', '8b7e423b-b9b9-5b3c-bf3d-1aa45d16235c', 61, 'unlisted', 'Defensive Turtle Tactics', '{"anim exercitation laboris anim n","dolor laboris consectetur occaec","sint est","veniam mollit voluptate","labore duis sint ea","commodo cupidatat","amet consequat irure in"}', DEFAULT, DEFAULT), ('f92c2ba5-8b0e-58ef-9364-e364e4c41522', 'd19db439-c7e7-53a7-aa19-0db346180dc1', 68, 'unlisted', 'Counter Pick Blueprint', '{"tempor in","qui consequat ut est","aliquip aliqua aliquip qui"}', DEFAULT, DEFAULT), ('e2ec2872-d983-5938-8f1c-38a9a14124dd', 'a3141029-aec2-543b-b18a-49fe947e3304', 68, 'public', 'Counter Pick Blueprint', '{"nulla est officia","cupidatat ullamco","ipsum incididunt aliquip ullamco","sint irure ut","dolor aliquip","laborum","et cillum nulla"}', DEFAULT, DEFAULT), ('4d4230bc-d1b6-532c-9bbf-8c67caf4f9ed', '9b1fc781-1e4e-56d2-bd68-0dc257a319c0', 63, 'private', 'Early Game Dominance Guide', '{}', DEFAULT, DEFAULT), ('8be9ffc5-25d1-5c32-be1f-9a9ec00544f6', '882c7ae5-914f-539d-8207-691de536097f', 66, 'unlisted', 'Early Game Dominance Guide', '{"anim aliqua ut"}', DEFAULT, DEFAULT), ('a3241e44-bd93-5a11-a730-863e8eb75275', '91fa3874-9437-5dfa-a49a-f19fb38d9e92', 67, 'private', 'Gank Heavy Approach', '{"cupidatat duis fugiat","nostrud veniam","aliquip fugiat labore sunt","amet id Lorem","mollit elit anim"}', DEFAULT, DEFAULT), ('a1c32f18-989f-5961-80f5-4a21a838bc95', '98eaafd3-adbf-5a3e-adb9-b3fb6971b6f1', 70, 'private', 'Baron Control Strategy', '{"dolore laborum voluptate in","pariatur","enim excepteur enim irure","aliquip cupidatat sit nostrud","aute ea","eu mollit ex ipsum","veniam dolore reprehenderit occa","eu non consectetur culpa"}', DEFAULT, DEFAULT), ('8fde1282-59d1-5f9b-bc10-4130ce793fa9', '882c7ae5-914f-539d-8207-691de536097f', 69, 'public', 'Late Game Scaling Strategy', '{}', DEFAULT, DEFAULT), ('f85f8e1b-b8a0-528e-bc81-49b3e6a34ee5', '811570ef-0b81-508d-ba05-2f5e812d4131', 62, 'unlisted', 'Wave Management Plan', '{"eu nisi","anim","quis aliquip non","irure et consectetur occaecat su","pariatur esse ex adipisicing","velit nostrud labore aliqua exer","labore ut irure quis","deserunt","deserunt aute magna"}', DEFAULT, DEFAULT), ('e16cfe57-140d-5b3e-90f8-910575ffdd47', '438bff0e-fd50-5c86-89ee-d397a0c0e548', 64, 'unlisted', 'Early Game Dominance Guide', '{"Lorem consectetur","cupidatat veniam","nulla ipsum incididunt","aute nisi esse dolor","consequat excepteur in"}', DEFAULT, DEFAULT), ('06866e23-2aeb-59f2-9d3c-156507eb23db', '1e7e0bcb-4fc0-5d72-81a5-d67a74a13595', 69, 'private', 'Gank Heavy Approach', '{"eu fugiat fugiat eu velit","reprehenderit nostrud","mollit eu duis et pariatur","dolore occaecat","sit","pariatur voluptate","proident eiusmod ullamco reprehe","enim occaecat pariatur velit"}', DEFAULT, DEFAULT), ('e5c44c16-4905-59d0-8c2a-f48ebfc3fdcc', '9b1fc781-1e4e-56d2-bd68-0dc257a319c0', 63, 'unlisted', 'Split Push Blueprint', '{"commodo velit consectetur"}', DEFAULT, DEFAULT), ('0298782b-da7d-55b4-a736-8126dd2f9d32', 'b7a89d05-549f-565f-b631-b59097e91d1a', 65, 'private', 'Early Game Dominance Guide', '{"consectetur in consequat","ullamco commodo anim","reprehenderit Lorem est","id exercitation"}', DEFAULT, DEFAULT), ('8f534833-d8c3-5d0a-b63c-bd2740be0330', '756cbb59-27d6-58f3-b4b9-8b56121e683f', 70, 'private', 'Objective Focused Strategy', '{}', DEFAULT, DEFAULT), ('1caeec83-1956-53fb-9c1a-7f585775c524', '8a0a556f-d942-55f0-8ba8-1ffbfaf3c6d9', 66, 'public', 'Defensive Turtle Tactics', '{"cillum","culpa eiusmod tempor","exercitation aliqua","et sint occaecat","laboris sunt"}', DEFAULT, DEFAULT), ('28f2bbc2-0260-5d64-a9bf-64e9bc163c30', '811570ef-0b81-508d-ba05-2f5e812d4131', 67, 'unlisted', 'Jungle Control Playbook', '{"sit laborum","nostrud exercitation officia","duis sunt","non ut tempor anim sit","in","ex reprehenderit"}', DEFAULT, DEFAULT), ('8590b74a-b67e-5525-9786-4e0fc4c65d06', 'b5605791-3389-56c2-9ec6-17d538b9bb85', 64, 'private', 'Wave Management Plan', '{"culpa pariatur","ea ex eiusmod"}', DEFAULT, DEFAULT), ('fa5e4221-0eae-5da7-9a16-5b8399b9ef50', '8a0a556f-d942-55f0-8ba8-1ffbfaf3c6d9', 70, 'unlisted', 'Baron Control Strategy', '{"dolore deserunt dolor magna comm","labore cupidatat ut","dolore dolor"}', DEFAULT, DEFAULT), ('fedb01d5-16e2-59fd-8845-ff6a92bd83f7', '549980e7-3e77-5d76-b263-84664d04b209', 70, 'unlisted', 'Counter Pick Blueprint', '{"ullamco","nulla commodo ad laboris","laborum labore","eiusmod amet reprehenderit","aute ullamco"}', DEFAULT, DEFAULT), ('d6d0cf2a-b6d2-5f41-bc05-2fe5bf5ca317', 'a88bc9b9-135e-55c7-8c4c-5a072a3c8573', 66, 'public', 'Vision Control Blueprint', '{"tempor fugiat qui","sint culpa","nostrud cupidatat esse","eu Lorem elit eu Lorem","ullamco sit","mollit ipsum labore cupidatat","amet","est duis quis deserunt"}', DEFAULT, DEFAULT), ('a18cadaa-4531-5180-a607-ad2a5bc25f0c', '36f6f3ba-e867-5008-b6c1-829e989f9d2f', 69, 'public', 'Map Control Blueprint', '{"aliquip eiusmod","non sint aute esse","cillum","aute officia ullamco velit","aliquip reprehenderit","sit deserunt minim elit","ad pariatur","sint adipisicing et nostrud","laboris","labore id aute"}', DEFAULT, DEFAULT), ('7858de1c-870d-5289-9bbf-085e4de69d79', 'b32027db-33da-5dc2-b906-e0c2a06ac683', 64, 'unlisted', 'Team Fight Execution Plan', '{"dolor magna proident commodo","incididunt cupidatat","elit nulla","cupidatat qui consequat","duis labore proident eiusmod","quis Lorem in culpa nostrud","sint mollit fugiat","esse eu","non ex nostrud","esse voluptate occaecat ad"}', DEFAULT, DEFAULT), ('c5510993-cf82-5729-a476-bbba91fd2ee1', '811570ef-0b81-508d-ba05-2f5e812d4131', 68, 'public', 'Siege Tactics Handbook', '{"nostrud Lorem aute","Lorem mollit ea consequat","mollit elit duis qui","ex Lorem officia laborum qui","nisi dolore ea adipisicing"}', DEFAULT, DEFAULT), ('65495df9-49dc-5680-b4b7-97fe7364e837', 'd9bba68a-079c-5141-bd43-756b87167584', 70, 'unlisted', 'Aggressive Rush Strategy', '{"ipsum velit magna consequat"}', DEFAULT, DEFAULT), ('6a08951b-2f4b-5069-a734-056efe107e30', 'd1b8f3f8-af26-5088-8712-273c28ba98f7', 70, 'unlisted', 'Aggressive Rush Strategy', '{"incididunt id eiusmod minim"}', DEFAULT, DEFAULT), ('d96e9820-0562-5ef0-a957-fb16e8a3cda6', '811570ef-0b81-508d-ba05-2f5e812d4131', 66, 'unlisted', 'Team Fight Execution Plan', '{"Lorem anim occaecat anim","deserunt commodo reprehenderit n","eiusmod adipisicing","cillum incididunt","magna enim mollit","duis id"}', DEFAULT, DEFAULT), ('44d39286-2c39-52c0-9fdf-811ac2ac0b4f', 'd19db439-c7e7-53a7-aa19-0db346180dc1', 64, 'unlisted', 'Objective Focused Strategy', '{"in velit minim irure ullamco","labore laborum","et labore Lorem id dolor","ad voluptate esse"}', DEFAULT, DEFAULT), ('f5284b1c-c867-5bcb-ae27-b4a46054354e', 'b7a89d05-549f-565f-b631-b59097e91d1a', 62, 'unlisted', 'Jungle Control Playbook', '{"ea proident","proident mollit","sit irure veniam non","adipisicing anim fugiat sit sunt","elit exercitation non reprehende","ullamco sunt"}', DEFAULT, DEFAULT), ('748b6b6e-790a-524c-8953-9f99ff6241ea', 'a3141029-aec2-543b-b18a-49fe947e3304', 66, 'private', 'Early Game Dominance Guide', '{"adipisicing nulla culpa"}', DEFAULT, DEFAULT), ('94e59d3e-1e10-58ee-b57b-120d24970da8', 'b32027db-33da-5dc2-b906-e0c2a06ac683', 61, 'private', 'Early Game Dominance Guide', '{"et sunt","sunt fugiat deserunt"}', DEFAULT, DEFAULT), ('a501e3c2-1df6-5f20-9532-89c5471331c6', 'd1b8f3f8-af26-5088-8712-273c28ba98f7', 65, 'private', 'Aggressive Rush Strategy', '{"do id sit excepteur laboris","cillum quis exercitation","voluptate dolore veniam officia ","excepteur mollit","sint magna","velit sunt in ut","nisi velit culpa aute tempor"}', DEFAULT, DEFAULT), ('eba1549a-b3ad-5f1e-ad56-15be0771d0f9', 'd297ab9e-40d4-51b5-bb8f-a1df399f1a9a', 64, 'private', 'Roaming Support Plan', '{"nisi culpa sint aliqua magna","ad tempor","commodo","sunt laboris veniam","id cillum","occaecat do","qui ex"}', DEFAULT, DEFAULT), ('02d6bfb1-b7f1-5129-9d1b-729fd2d36ca6', '91fa3874-9437-5dfa-a49a-f19fb38d9e92', 63, 'public', 'Objective Focused Strategy', '{"enim laboris","ut amet deserunt veniam","amet exercitation sunt adipisici","est reprehenderit quis","anim aliquip et","voluptate laboris irure","fugiat do dolor"}', DEFAULT, DEFAULT), ('feadd401-b272-53d1-bc20-6dad4e3ffc29', 'b32027db-33da-5dc2-b906-e0c2a06ac683', 66, 'private', 'Objective Focused Strategy', '{"excepteur","laborum quis","ullamco irure","dolore est","ad aliquip laboris anim","excepteur tempor deserunt ullamc"}', DEFAULT, DEFAULT), ('f4023970-bb8c-5175-9f3e-42520be2a6af', '8a0a556f-d942-55f0-8ba8-1ffbfaf3c6d9', 65, 'unlisted', 'Baron Control Strategy', '{"deserunt quis dolor","pariatur dolore","velit","elit Lorem"}', DEFAULT, DEFAULT), ('ab471cfa-3489-5a6c-bf5c-82aeac3819f5', '882c7ae5-914f-539d-8207-691de536097f', 63, 'private', 'Wave Management Plan', '{"irure cillum in","fugiat amet reprehenderit","esse esse ullamco deserunt occae","exercitation irure","Lorem ullamco amet ipsum cillum","Lorem aliquip","ad dolor excepteur cupidatat con"}', DEFAULT, DEFAULT), ('782d8b69-ae89-5508-b431-d9e3d4f25423', 'd1b8f3f8-af26-5088-8712-273c28ba98f7', 69, 'unlisted', 'Secure Objective Playbook', '{"culpa excepteur quis","minim cupidatat irure sit","nulla sit qui enim","minim nulla fugiat in","amet sint dolore","adipisicing","exercitation enim anim duis","labore","ad magna do veniam aliquip"}', DEFAULT, DEFAULT), ('bfbbf302-05a7-5b0c-991e-f7c79f52034e', '882c7ae5-914f-539d-8207-691de536097f', 67, 'unlisted', 'Objective Focused Strategy', '{"aliquip officia","et officia in Lorem in","elit cillum eiusmod"}', DEFAULT, DEFAULT), ('86a9949d-fbe2-5edf-bf64-6b822a75bdc8', '9bf2ad50-cccb-50eb-8269-3a7e78bd21f5', 63, 'private', 'Vision Control Blueprint', '{"non non magna","commodo eu","sunt aute ad magna","in adipisicing ad adipisicing","aute quis magna","ipsum labore proident"}', DEFAULT, DEFAULT), ('3d78c871-f9be-5ceb-b04c-13f9eb63efa0', '91fa3874-9437-5dfa-a49a-f19fb38d9e92', 67, 'unlisted', 'Vision Control Blueprint', '{"officia aliqua minim sint anim","occaecat nostrud dolore"}', DEFAULT, DEFAULT), ('e5e7301c-ed7e-5267-a91e-331eeecbad04', 'eda91f04-12ef-5904-88aa-e6ed9a692e03', 61, 'unlisted', 'Map Control Blueprint', '{"et nisi","veniam","Lorem magna in","consequat enim","occaecat veniam laboris proident"}', DEFAULT, DEFAULT), ('e06f1954-eb7e-5811-8e85-0b7239ac60d6', '9584676f-0635-591a-a937-d230d9a3abf3', 69, 'unlisted', 'Defensive Turtle Tactics', '{"tempor","in esse cupidatat","enim ullamco pariatur mollit","est id fugiat ut","in deserunt ad esse sint","pariatur occaecat culpa magna","amet labore ut adipisicing"}', DEFAULT, DEFAULT), ('cbe8ef05-c651-5778-b8a6-717eee524007', '756cbb59-27d6-58f3-b4b9-8b56121e683f', 64, 'public', 'Gank Heavy Approach', '{"mollit officia veniam officia","ullamco ad mollit non"}', DEFAULT, DEFAULT), ('479e5b51-1e2b-5ac2-b0c4-d0fc97906c11', '2d1d7734-be70-5d07-a538-e76c6cae722e', 69, 'unlisted', 'Late Game Scaling Strategy', '{"eiusmod labore aliquip ipsum vel","proident enim","eu minim","minim sit id","esse est pariatur incididunt","commodo consequat","ad tempor do"}', DEFAULT, DEFAULT), ('bcb7ae75-c1e7-50cd-ba0b-a339091eb350', '9b1fc781-1e4e-56d2-bd68-0dc257a319c0', 63, 'private', 'Late Game Scaling Strategy', '{"adipisicing eu qui ad","enim veniam amet proident","tempor","fugiat irure","anim id cillum nisi","id irure ex mollit"}', DEFAULT, DEFAULT), ('22dccad0-36ca-5845-a1bd-b6027b406b8d', '438bff0e-fd50-5c86-89ee-d397a0c0e548', 64, 'unlisted', 'Siege Tactics Handbook', '{"deserunt velit voluptate minim e","est dolor voluptate qui","do","nostrud nulla occaecat Lorem","incididunt eiusmod dolor mollit","enim mollit"}', DEFAULT, DEFAULT), ('d3293b00-a774-5f1e-99fc-e8f05eabde14', '9584676f-0635-591a-a937-d230d9a3abf3', 67, 'unlisted', 'Team Fight Execution Plan', '{"commodo eiusmod minim","aute laboris velit cupidatat","eu voluptate quis","consectetur tempor ea reprehende","laboris quis labore","occaecat est","cupidatat aliqua do exercitation"}', DEFAULT, DEFAULT), ('6822c6f8-ae35-5c57-9558-9cc55665f5cb', 'd19db439-c7e7-53a7-aa19-0db346180dc1', 68, 'private', 'Siege Tactics Handbook', '{"irure officia","culpa adipisicing nisi sint","officia deserunt"}', DEFAULT, DEFAULT), ('8ac966bd-de46-5e4a-8401-5328d63ae1b4', 'b32027db-33da-5dc2-b906-e0c2a06ac683', 68, 'unlisted', 'Early Game Dominance Guide', '{"consectetur quis Lorem non nisi","ad laboris proident amet","quis nostrud","adipisicing aliqua","anim esse occaecat","laborum nostrud","velit esse dolor Lorem","labore deserunt id culpa","eu sint ullamco et"}', DEFAULT, DEFAULT), ('36f6354b-1927-5b66-8fab-ef32da0e1694', 'd297ab9e-40d4-51b5-bb8f-a1df399f1a9a', 70, 'public', 'Split Push Blueprint', '{"anim occaecat labore labore","ut magna mollit","elit"}', DEFAULT, DEFAULT), ('a3befd2b-2867-5547-af7d-2fe7d53b98ef', 'b5605791-3389-56c2-9ec6-17d538b9bb85', 64, 'unlisted', 'Vision Denial Blueprint', '{"irure amet","fugiat id consectetur deserunt","culpa ea","exercitation ipsum eu duis","proident tempor","enim id sint id deserunt"}', DEFAULT, DEFAULT), ('4d502d01-8a3a-58bc-acb8-f61c47f35e10', '549980e7-3e77-5d76-b263-84664d04b209', 69, 'unlisted', 'Siege Tactics Handbook', '{"enim eu excepteur occaecat","fugiat consequat"}', DEFAULT, DEFAULT), ('ebdf08a4-39c5-5347-ab53-e4ef0e2d1add', 'ac9f0e3e-b030-584f-a8dd-87355fe22537', 64, 'public', 'Roaming Support Plan', '{"amet","consectetur commodo","ea id excepteur aliqua eiusmod","cillum mollit deserunt cillum cu"}', DEFAULT, DEFAULT), ('4cfaa7bd-7f8e-52b6-a079-b1fc1773dccb', 'd1b8f3f8-af26-5088-8712-273c28ba98f7', 65, 'private', 'Map Control Blueprint', '{"dolor laborum","fugiat ea ullamco eiusmod"}', DEFAULT, DEFAULT), ('379aa38a-0dab-5c06-8cdb-45bf5d7e2d27', 'd1b8f3f8-af26-5088-8712-273c28ba98f7', 63, 'unlisted', 'Split Push Blueprint', '{"nulla ut id","quis est excepteur occaecat dese","mollit pariatur voluptate","consectetur eu aliqua labore"}', DEFAULT, DEFAULT), ('1cb4e4cf-86cc-5f46-9e77-98b857e060d9', '811570ef-0b81-508d-ba05-2f5e812d4131', 70, 'private', 'Vision Control Blueprint', '{"excepteur","labore","elit deserunt commodo in id","mollit ex nisi","do laborum proident do voluptate","tempor occaecat"}', DEFAULT, DEFAULT), ('f39bcc07-5eef-5435-b6e9-d947c3bae70d', '9bf2ad50-cccb-50eb-8269-3a7e78bd21f5', 61, 'public', 'Late Game Scaling Strategy', '{"sint elit","excepteur velit","in commodo","culpa"}', DEFAULT, DEFAULT), ('20a16bbe-0188-55a3-8d14-7e2e6b37794e', '36f6f3ba-e867-5008-b6c1-829e989f9d2f', 69, 'public', 'Split Push Blueprint', '{"consequat id ullamco esse est","commodo","sunt incididunt laboris","veniam proident labore sit","est amet qui","amet ea fugiat sunt","dolor do sint ut","eu velit quis"}', DEFAULT, DEFAULT), ('75a162e8-f427-5c64-baca-dba20bc829dd', '91fa3874-9437-5dfa-a49a-f19fb38d9e92', 67, 'unlisted', 'Objective Focused Strategy', '{}', DEFAULT, DEFAULT), ('5075bfb2-60b4-588c-ba9f-cd0f3efae77e', '6c52c1d9-13a4-51ef-ae51-1dacc4c14be9', 65, 'public', 'Vision Denial Blueprint', '{"cillum sunt ipsum velit","velit culpa","do reprehenderit velit culpa"}', DEFAULT, DEFAULT), ('329b0bda-79b1-53f3-afe7-b7495bde0220', '3ff60d7a-a4ad-54c5-a422-53b52cd53093', 62, 'public', 'Rotation Strategy Document', '{"nisi exercitation","nisi in","voluptate adipisicing sunt ipsum","duis velit non irure laboris","laborum anim","minim tempor id commodo"}', DEFAULT, DEFAULT), ('fc992b53-61aa-5185-8280-7863348ce734', '811570ef-0b81-508d-ba05-2f5e812d4131', 62, 'unlisted', 'Early Game Dominance Guide', '{"laboris deserunt do","aliqua"}', DEFAULT, DEFAULT), ('e15f78fd-c85d-5196-b441-614f0f00a652', 'eda91f04-12ef-5904-88aa-e6ed9a692e03', 63, 'unlisted', 'Jungle Control Playbook', '{"officia exercitation duis nostru","cillum id nisi commodo veniam","non occaecat labore consectetur","aute adipisicing","dolor sint do excepteur est","culpa","do"}', DEFAULT, DEFAULT), ('27d28c73-d0c0-5545-a0d3-0f0fa8e1aca6', 'eda91f04-12ef-5904-88aa-e6ed9a692e03', 62, 'unlisted', 'Roaming Support Plan', '{"ut aute sit nostrud quis","ut ex","consequat non","nostrud veniam enim officia","occaecat excepteur ut","nulla exercitation proident","sit nisi cillum","qui enim cupidatat"}', DEFAULT, DEFAULT), ('bc0ae162-e51f-5f29-b5b0-87887eac9c85', 'd9bba68a-079c-5141-bd43-756b87167584', 67, 'unlisted', 'Secure Objective Playbook', '{"ullamco ut ipsum in","amet deserunt occaecat","velit exercitation labore repreh","enim occaecat","labore irure irure ipsum"}', DEFAULT, DEFAULT), ('23cfe397-d97e-55bf-af72-35043f52d2bb', '91fa3874-9437-5dfa-a49a-f19fb38d9e92', 68, 'private', 'Objective Focused Strategy', '{"aliqua Lorem","nisi ut","esse labore reprehenderit except","commodo minim est tempor","cillum amet qui","deserunt ea sunt tempor","magna et dolore","laboris elit"}', DEFAULT, DEFAULT), ('2135e4d6-4261-59ed-a63d-11a8a55ba0c0', 'eda91f04-12ef-5904-88aa-e6ed9a692e03', 65, 'unlisted', 'Wave Management Plan', '{"minim","in magna","ad","consectetur eu nulla ea","enim occaecat irure","nostrud non labore"}', DEFAULT, DEFAULT), ('32ca2e92-cee8-58b4-beec-0fd9742bf2df', '6c52c1d9-13a4-51ef-ae51-1dacc4c14be9', 68, 'private', 'Counter Pick Blueprint', '{"magna exercitation","non labore","minim proident laborum","elit sunt nulla anim anim"}', DEFAULT, DEFAULT), ('69e335b1-cf42-5234-867f-fc3222ba0932', 'a88bc9b9-135e-55c7-8c4c-5a072a3c8573', 67, 'public', 'Defensive Turtle Tactics', '{"officia","commodo amet sint","sint do dolor laborum aliquip","Lorem"}', DEFAULT, DEFAULT), ('4addfd63-7007-5913-b0c6-95e35fe44af0', '6c52c1d9-13a4-51ef-ae51-1dacc4c14be9', 65, 'unlisted', 'Defensive Turtle Tactics', '{"dolore culpa mollit culpa","sunt minim exercitation id","excepteur nulla excepteur fugiat","aliqua laborum aliqua","minim proident nostrud dolor dol","occaecat ut","qui ipsum","veniam nisi do nulla","irure non deserunt","Lorem id"}', DEFAULT, DEFAULT), ('29e1da9c-3bfa-53c5-8780-7032cb48ed69', 'd297ab9e-40d4-51b5-bb8f-a1df399f1a9a', 68, 'private', 'Aggressive Rush Strategy', '{"nostrud eu","veniam eiusmod qui in","nisi","do ut","sint sit deserunt","ad veniam id cillum","reprehenderit est dolore officia","sit sit officia nulla","aliqua laboris veniam","irure aute nostrud"}', DEFAULT, DEFAULT), ('0fe3263a-4b99-5049-afdd-8a29336988d1', '549980e7-3e77-5d76-b263-84664d04b209', 70, 'private', 'Defensive Turtle Tactics', '{"qui fugiat culpa","elit magna"}', DEFAULT, DEFAULT), ('de533318-8238-5b98-90fa-7923fbda78df', '91434b27-2651-5429-8f42-45c3f8e334a0', 63, 'public', 'Aggressive Rush Strategy', '{"anim duis et","adipisicing","exercitation consequat ullamco","culpa in est quis","labore aliquip dolor in","esse do","reprehenderit ad"}', DEFAULT, DEFAULT), ('91b0fe2a-8d53-5dfa-804e-dadbd5fed2f0', '36f6f3ba-e867-5008-b6c1-829e989f9d2f', 63, 'unlisted', 'Roaming Support Plan', '{"pariatur","nostrud labore do","occaecat","anim est aute","culpa anim ex ex aliquip","ex nulla eiusmod","sint aliqua et ex in"}', DEFAULT, DEFAULT), ('f2da91e9-e150-5eba-811a-769c8b464b2d', '36f6f3ba-e867-5008-b6c1-829e989f9d2f', 67, 'private', 'Aggressive Rush Strategy', '{"amet ullamco","minim enim","est eiusmod non","sint minim eiusmod occaecat fugi","excepteur non","adipisicing id"}', DEFAULT, DEFAULT), ('830462ad-e07d-578c-9343-4c2f3f3f896d', 'd9bba68a-079c-5141-bd43-756b87167584', 61, 'public', 'Aggressive Rush Strategy', '{"labore","eiusmod irure proident","excepteur et elit"}', DEFAULT, DEFAULT), ('e4d512a0-9012-54c8-a0de-d2cfb46cc4e7', 'd9bba68a-079c-5141-bd43-756b87167584', 61, 'private', 'Gank Heavy Approach', '{}', DEFAULT, DEFAULT), ('8fc4ec28-bbda-57ff-86ae-02acc462e7a3', '1d3f740a-8c60-5c1d-aa9e-3854a33c8e1d', 62, 'unlisted', 'Split Push Blueprint', '{"ex labore magna","aliqua consectetur reprehenderit","duis cupidatat","et fugiat eu occaecat proident"}', DEFAULT, DEFAULT), ('46cb3ac1-56db-5482-a77b-488299529f1c', 'b7a89d05-549f-565f-b631-b59097e91d1a', 68, 'unlisted', 'Roaming Support Plan', '{"occaecat do incididunt","non aliquip ea","duis","incididunt ipsum deserunt","culpa laborum anim","id amet laborum sunt","aliqua incididunt dolore velit"}', DEFAULT, DEFAULT), ('ca6dab04-25c1-5208-bf77-9e5162704420', '9bf2ad50-cccb-50eb-8269-3a7e78bd21f5', 69, 'private', 'Wave Management Plan', '{}', DEFAULT, DEFAULT), ('54485efb-a52b-5ef1-8d37-32b22dc487d0', '91434b27-2651-5429-8f42-45c3f8e334a0', 67, 'private', 'Defensive Turtle Tactics', '{"laboris commodo ullamco","tempor deserunt ea sunt ea","amet reprehenderit","mollit","magna dolore ipsum ad","amet pariatur","in laboris minim ullamco consect","laboris excepteur mollit ipsum","minim dolore amet"}', DEFAULT, DEFAULT), ('1fa8fec1-5ed8-5fb9-afc2-a5a8eea61a64', '2589cf16-4103-5a4f-b544-b30078083eaa', 64, 'public', 'Gank Heavy Approach', '{"consectetur nostrud","ut et in laboris magna","elit reprehenderit dolore","minim laborum do","nisi commodo","anim quis","incididunt commodo ipsum adipisi","elit dolor","aliquip commodo"}', DEFAULT, DEFAULT), ('21212b38-5327-5020-9dc6-3fca09a6128f', 'a88bc9b9-135e-55c7-8c4c-5a072a3c8573', 65, 'unlisted', 'Baron Control Strategy', '{"magna","qui ipsum labore","elit esse pariatur","voluptate ad","esse","dolore et esse","dolor consectetur","aliqua et exercitation tempor ve","adipisicing occaecat"}', DEFAULT, DEFAULT), ('b22cc198-1bf7-5cc9-b682-385ac5f11217', '98eaafd3-adbf-5a3e-adb9-b3fb6971b6f1', 62, 'unlisted', 'Map Control Blueprint', '{"aliqua ipsum anim","consequat aliqua velit","veniam laboris deserunt","Lorem","adipisicing nulla dolore","ut nisi"}', DEFAULT, DEFAULT), ('07d77b7a-f8bb-53ab-8750-034a7dc2bcb0', '811570ef-0b81-508d-ba05-2f5e812d4131', 68, 'unlisted', 'Defensive Turtle Tactics', '{"velit laboris","sunt ipsum consectetur tempor","do ex adipisicing do","aliqua consectetur cillum id","ut sit","anim officia incididunt consequa","sunt consectetur","quis aliqua consectetur cillum a","ea aliqua Lorem esse","occaecat veniam laborum"}', DEFAULT, DEFAULT), ('f7f63dc3-d8b7-5f42-b802-636e4e3f43bb', 'b7a89d05-549f-565f-b631-b59097e91d1a', 67, 'private', 'Split Push Blueprint', '{"nostrud laboris et quis","ad veniam est laboris","cupidatat officia"}', DEFAULT, DEFAULT), ('a1dd34cc-747e-59d2-bb04-592165ee24b7', 'a5831e58-2fc9-5b59-970d-00c344a4eb18', 70, 'private', 'Late Game Scaling Strategy', '{"ea quis","anim sunt ea","nulla enim cillum velit exercita","consequat cillum aliquip sunt re","incididunt","veniam aliquip cupidatat","esse cillum quis cillum","esse irure sunt dolore","eiusmod et esse deserunt","nostrud consequat nostrud"}', DEFAULT, DEFAULT), ('b111722b-fdf4-55f7-a1ea-183bf540f7e3', '756cbb59-27d6-58f3-b4b9-8b56121e683f', 69, 'unlisted', 'Jungle Control Playbook', '{"quis eiusmod duis dolore","aute ipsum deserunt","incididunt consequat consequat","incididunt enim cillum excepteur","laboris sit quis excepteur proid","ut et ullamco irure enim","dolore labore laborum nulla"}', DEFAULT, DEFAULT), ('de288e5e-33f8-5b49-9dad-83fa7d46ac0d', '882c7ae5-914f-539d-8207-691de536097f', 67, 'private', 'Late Game Scaling Strategy', '{"velit eiusmod sit","labore eu","pariatur ex"}', DEFAULT, DEFAULT), ('f1ab7f2e-7a01-59f1-b811-78e3b78b40bc', 'b7a89d05-549f-565f-b631-b59097e91d1a', 68, 'private', 'Vision Denial Blueprint', '{"officia amet fugiat","aliquip sit ipsum aute voluptate","mollit anim cillum","officia exercitation ad commodo","exercitation et irure non","deserunt ex fugiat","proident aliqua","eu","sunt","sint do officia"}', DEFAULT, DEFAULT), ('e0783de7-ca51-5f0a-a7ac-8dcd533efd10', '756cbb59-27d6-58f3-b4b9-8b56121e683f', 70, 'unlisted', 'Rotation Strategy Document', '{"et voluptate sunt aliqua"}', DEFAULT, DEFAULT), ('c3238b63-2dda-5915-8ca5-773255a1cfad', '8a0a556f-d942-55f0-8ba8-1ffbfaf3c6d9', 62, 'private', 'Defensive Turtle Tactics', '{"consectetur voluptate do aute","enim laborum excepteur","anim tempor","ipsum consectetur ullamco aliqua","enim culpa","consectetur ad"}', DEFAULT, DEFAULT), ('7b1aca75-d87e-55c4-87f7-005fafbadfdb', '6c52c1d9-13a4-51ef-ae51-1dacc4c14be9', 66, 'public', 'Wave Management Plan', '{"aliquip qui"}', DEFAULT, DEFAULT), ('106d238e-2ba4-525c-8d85-994f8dfb2984', '8b7e423b-b9b9-5b3c-bf3d-1aa45d16235c', 65, 'unlisted', 'Gank Heavy Approach', '{"enim ut mollit","velit et qui id veniam","velit ea","non dolore","adipisicing in do adipisicing"}', DEFAULT, DEFAULT), ('72f05d50-2802-535d-af55-29384395d238', 'd297ab9e-40d4-51b5-bb8f-a1df399f1a9a', 69, 'unlisted', 'Rotation Strategy Document', '{"cillum Lorem","est mollit tempor excepteur do","cupidatat consectetur excepteur ","irure adipisicing","aliquip","labore voluptate amet voluptate","eu exercitation veniam do"}', DEFAULT, DEFAULT), ('f914b2f3-d88a-52e4-ac43-1ef8cffb4d34', 'a88bc9b9-135e-55c7-8c4c-5a072a3c8573', 69, 'public', 'Map Control Blueprint', '{"ullamco esse nulla duis","qui veniam eu","do dolore exercitation deserunt","eiusmod veniam id"}', DEFAULT, DEFAULT), ('c620930b-8f59-50ae-bf46-b1a3aca28f0a', 'a88bc9b9-135e-55c7-8c4c-5a072a3c8573', 68, 'unlisted', 'Map Control Blueprint', '{"nisi nulla proident incididunt","esse consectetur velit magna","ullamco","ex cupidatat ex","nulla aute occaecat","in","deserunt amet laboris"}', DEFAULT, DEFAULT), ('c78418ab-6a36-52f6-ad32-89289156138c', '2d1d7734-be70-5d07-a538-e76c6cae722e', 65, 'public', 'Vision Denial Blueprint', '{"cillum culpa","labore sit pariatur","est","anim eiusmod ex"}', DEFAULT, DEFAULT), ('ed7bef30-09b5-5167-a122-9b398a76eaef', '98eaafd3-adbf-5a3e-adb9-b3fb6971b6f1', 69, 'unlisted', 'Aggressive Rush Strategy', '{}', DEFAULT, DEFAULT), ('ecddf116-85cf-5aef-8c73-6e5963680c88', 'd1b8f3f8-af26-5088-8712-273c28ba98f7', 67, 'private', 'Roaming Support Plan', '{"excepteur reprehenderit","quis exercitation aute dolor ex","irure consequat aliqua eu","non Lorem","dolore Lorem","cupidatat ea pariatur","mollit elit"}', DEFAULT, DEFAULT), ('5bb46529-9916-530c-88e4-31ac6d441591', '91fa3874-9437-5dfa-a49a-f19fb38d9e92', 61, 'private', 'Late Game Scaling Strategy', '{"minim mollit velit","sit eiusmod irure occaecat conse","fugiat ex tempor proident","do duis enim","excepteur eu Lorem adipisicing","esse aute cillum adipisicing off","ipsum eiusmod","excepteur reprehenderit sit ad"}', DEFAULT, DEFAULT), ('8b092693-9a40-5f6a-a57b-3c3e9f5288f7', 'b5605791-3389-56c2-9ec6-17d538b9bb85', 67, 'private', 'Defensive Turtle Tactics', '{"exercitation labore","consectetur est laboris"}', DEFAULT, DEFAULT), ('65d96d53-ecd8-5cb9-a3d4-a2842c9c629f', '98eaafd3-adbf-5a3e-adb9-b3fb6971b6f1', 63, 'private', 'Vision Denial Blueprint', '{"ullamco mollit ad adipisicing oc","proident consectetur elit in inc"}', DEFAULT, DEFAULT), ('672c681b-4325-56a5-8413-28facb838b89', '882c7ae5-914f-539d-8207-691de536097f', 66, 'unlisted', 'Wave Management Plan', '{"amet eu ullamco dolore","deserunt","cupidatat adipisicing anim"}', DEFAULT, DEFAULT), ('49d19d37-5ee3-59d0-a985-37b5b703ceb0', 'eda91f04-12ef-5904-88aa-e6ed9a692e03', 63, 'public', 'Team Fight Execution Plan', '{"adipisicing reprehenderit eu","adipisicing officia eiusmod","exercitation aliquip","et aliquip tempor mollit","ullamco ipsum deserunt officia","ad","nostrud anim","commodo pariatur nostrud","aliquip proident","mollit pariatur ad proident"}', DEFAULT, DEFAULT), ('66e9d7dd-018c-5299-8470-9f074683bd55', 'cfbfd1d4-e77f-57e5-94da-e9ff2cc7a996', 65, 'unlisted', 'Early Game Dominance Guide', '{"aute aute exercitation","adipisicing magna","velit ullamco"}', DEFAULT, DEFAULT), ('d4a93045-0519-5ae2-8bd3-51a7d07f2b97', 'b5605791-3389-56c2-9ec6-17d538b9bb85', 61, 'private', 'Split Push Blueprint', '{"commodo est velit","adipisicing magna sit","irure consequat ut aute et","duis duis"}', DEFAULT, DEFAULT), ('b5bd1f0b-0be5-592a-87b7-65db36f2fa17', '549980e7-3e77-5d76-b263-84664d04b209', 61, 'unlisted', 'Aggressive Rush Strategy', '{}', DEFAULT, DEFAULT), ('902168ab-57a5-5714-b589-ecf1bd6d2517', '2589cf16-4103-5a4f-b544-b30078083eaa', 61, 'unlisted', 'Vision Control Blueprint', '{"labore nulla","est aute minim duis","deserunt cillum esse sint","do laboris cupidatat aute","duis quis","excepteur","incididunt laboris pariatur veli","occaecat tempor esse","enim ex","adipisicing ut est exercitation"}', DEFAULT, DEFAULT), ('8e1b1af0-d36a-5958-9b32-c8f59e8edaf9', 'eda91f04-12ef-5904-88aa-e6ed9a692e03', 64, 'private', 'Objective Focused Strategy', '{"ipsum esse","incididunt ea do quis cillum","ea magna ex","deserunt aliquip","ea ullamco exercitation amet","aute sint sit","qui nisi qui sint"}', DEFAULT, DEFAULT), ('9ca1e23a-7fd9-5be2-b14a-5f50a52fda0a', '98eaafd3-adbf-5a3e-adb9-b3fb6971b6f1', 61, 'private', 'Counter Pick Blueprint', '{"nisi adipisicing ipsum","dolore id reprehenderit dolore","excepteur esse incididunt fugiat"}', DEFAULT, DEFAULT), ('b458c0d2-4d21-597a-9d7c-522e47032d79', '1d3f740a-8c60-5c1d-aa9e-3854a33c8e1d', 65, 'unlisted', 'Siege Tactics Handbook', '{"aliquip nostrud cupidatat","sunt Lorem amet enim","velit"}', DEFAULT, DEFAULT), ('aeae5590-e6d3-5c02-8a1c-40a6bcf61bd6', '98eaafd3-adbf-5a3e-adb9-b3fb6971b6f1', 63, 'private', 'Vision Control Blueprint', '{"aliquip"}', DEFAULT, DEFAULT), ('e62ff15d-b4e8-5f8b-b8c8-56d105c9d705', '756cbb59-27d6-58f3-b4b9-8b56121e683f', 68, 'private', 'Defensive Turtle Tactics', '{"cupidatat laboris est","adipisicing fugiat deserunt","cillum qui labore","ut dolor sunt minim","tempor dolor elit","est et qui dolor"}', DEFAULT, DEFAULT), ('2650d5c8-a9d2-57ad-a70d-8c89cf994021', '9584676f-0635-591a-a937-d230d9a3abf3', 69, 'private', 'Vision Denial Blueprint', '{"adipisicing","officia amet","eu ad esse eu"}', DEFAULT, DEFAULT), ('57851dd8-0d7e-5b03-b70f-32940ae107ce', '9bf2ad50-cccb-50eb-8269-3a7e78bd21f5', 66, 'unlisted', 'Team Fight Execution Plan', '{"proident","esse id sunt eiusmod","nostrud commodo","reprehenderit reprehenderit","tempor do","aliquip dolor"}', DEFAULT, DEFAULT), ('0bb88883-c32b-547d-bac2-9dcbf9437722', 'a88bc9b9-135e-55c7-8c4c-5a072a3c8573', 64, 'unlisted', 'Vision Control Blueprint', '{"aliquip nostrud sint sint non","mollit duis","labore amet","eiusmod aliquip duis nisi consec"}', DEFAULT, DEFAULT), ('f2096d39-9bcd-5cc9-af38-3924bad39e01', 'a88bc9b9-135e-55c7-8c4c-5a072a3c8573', 67, 'unlisted', 'Aggressive Rush Strategy', '{"tempor quis sint","proident eu","voluptate qui ad","magna laborum pariatur consectet","consectetur do","officia commodo duis","enim ex incididunt laboris cupid","quis fugiat magna","excepteur fugiat aliquip culpa","consequat anim eiusmod veniam"}', DEFAULT, DEFAULT), ('cdc85c53-30bc-5c6e-91cc-2af72696e64b', '2589cf16-4103-5a4f-b544-b30078083eaa', 64, 'private', 'Objective Focused Strategy', '{"ut occaecat ipsum fugiat nisi","non irure excepteur","sunt","cupidatat est sunt enim","enim occaecat"}', DEFAULT, DEFAULT), ('a0fe813c-8a2e-57ff-8950-530eb72350cc', '8b7e423b-b9b9-5b3c-bf3d-1aa45d16235c', 61, 'public', 'Aggressive Rush Strategy', '{"fugiat est","non est minim","deserunt","et labore cillum","pariatur esse dolor cillum","nisi ullamco et","laboris sint","culpa irure nostrud ad","ipsum adipisicing mollit nostrud"}', DEFAULT, DEFAULT), ('3dcb1c72-1f38-50a2-8a79-9f8b83862a0b', '1d3f740a-8c60-5c1d-aa9e-3854a33c8e1d', 70, 'public', 'Baron Control Strategy', '{"ex cupidatat exercitation eiusmo","duis voluptate","do cupidatat"}', DEFAULT, DEFAULT), ('b529db67-e1b4-5e7d-9a32-267867bbcbad', '9bf2ad50-cccb-50eb-8269-3a7e78bd21f5', 61, 'public', 'Early Game Dominance Guide', '{"nisi magna","voluptate eiusmod proident conse","adipisicing labore est voluptate","minim nostrud","pariatur dolor tempor","ex veniam consequat proident"}', DEFAULT, DEFAULT), ('89b21cb6-fbf3-585a-b9c1-304fad97258b', '9b1fc781-1e4e-56d2-bd68-0dc257a319c0', 62, 'unlisted', 'Vision Control Blueprint', '{"ex officia","id cupidatat do","nisi magna adipisicing velit"}', DEFAULT, DEFAULT), ('8af27ce1-15c1-5703-a4c5-07ea669df0c7', '8a0a556f-d942-55f0-8ba8-1ffbfaf3c6d9', 64, 'public', 'Late Game Scaling Strategy', '{"sint adipisicing ullamco dolor","nostrud tempor ex nisi","nisi eiusmod quis magna","cupidatat labore","voluptate adipisicing et","dolore quis laboris laborum"}', DEFAULT, DEFAULT), ('e9960db1-b450-5d20-820c-87fab4f40dc8', 'd297ab9e-40d4-51b5-bb8f-a1df399f1a9a', 70, 'private', 'Vision Control Blueprint', '{"id nisi","consequat labore sint"}', DEFAULT, DEFAULT), ('2dd10f1f-4836-53b2-b2b6-ae71861e43d0', '9b1fc781-1e4e-56d2-bd68-0dc257a319c0', 68, 'private', 'Roaming Support Plan', '{"magna elit ad","laborum qui","non ex quis consequat","anim minim","ad aliquip occaecat excepteur","minim et nisi","consectetur irure consequat","occaecat ea sit duis veniam","dolore sint nostrud tempor"}', DEFAULT, DEFAULT), ('09d4e842-df61-577d-8d06-00daf3b676e2', 'd297ab9e-40d4-51b5-bb8f-a1df399f1a9a', 63, 'unlisted', 'Early Game Dominance Guide', '{"commodo ullamco ullamco aute","non incididunt","pariatur pariatur"}', DEFAULT, DEFAULT), ('6fe4789e-9a02-5c94-8c81-5bb4cffd7850', 'ac9f0e3e-b030-584f-a8dd-87355fe22537', 63, 'public', 'Siege Tactics Handbook', '{"proident ex","ea aute","quis enim aliqua voluptate et","fugiat id nisi aliquip consequat"}', DEFAULT, DEFAULT), ('62834a20-27ac-5894-8947-a4e2ffb67f5b', '756cbb59-27d6-58f3-b4b9-8b56121e683f', 66, 'unlisted', 'Rotation Strategy Document', '{"excepteur cupidatat","esse magna est magna ut","minim excepteur irure magna","nostrud ipsum Lorem laboris","nulla occaecat minim elit veniam","amet","non quis sunt","consequat irure fugiat","commodo excepteur proident","aliquip aliquip esse"}', DEFAULT, DEFAULT), ('ce25e6d7-50b4-50c3-8210-685ee22346f3', '438bff0e-fd50-5c86-89ee-d397a0c0e548', 61, 'unlisted', 'Gank Heavy Approach', '{"dolor dolore","nulla et sunt proident","duis duis voluptate exercitation","reprehenderit","mollit eu amet culpa"}', DEFAULT, DEFAULT), ('a4e4a518-fb32-53bf-9d1c-f336f8cd8c45', '1d3f740a-8c60-5c1d-aa9e-3854a33c8e1d', 67, 'public', 'Late Game Scaling Strategy', '{"mollit officia consectetur nisi","laborum reprehenderit amet occae","sit ex anim culpa ex","aliqua veniam reprehenderit","sint","deserunt incididunt deserunt","ex non"}', DEFAULT, DEFAULT), ('d5862a76-70cd-55db-a302-365d7ec101f5', 'a88bc9b9-135e-55c7-8c4c-5a072a3c8573', 70, 'public', 'Wave Management Plan', '{"ea","enim mollit laboris nulla dolore","exercitation proident cupidatat ","ea est dolor mollit","et non nisi consectetur"}', DEFAULT, DEFAULT), ('fff5567f-d4a5-542e-ba70-1119521ca0cb', '9b1fc781-1e4e-56d2-bd68-0dc257a319c0', 67, 'public', 'Defensive Turtle Tactics', '{"id ullamco magna non id","ut tempor commodo","eiusmod ullamco excepteur non ir","incididunt enim ea deserunt","mollit voluptate","minim id","quis et","ea nulla laboris sunt et"}', DEFAULT, DEFAULT), ('48abaf7b-d65e-5371-8d5f-1be4621911e6', 'b32027db-33da-5dc2-b906-e0c2a06ac683', 61, 'unlisted', 'Baron Control Strategy', '{"aute culpa tempor adipisicing","ex excepteur enim officia"}', DEFAULT, DEFAULT), ('05b8ebd6-06e1-5ce6-85d9-1fda124d11b0', '2d1d7734-be70-5d07-a538-e76c6cae722e', 63, 'unlisted', 'Objective Focused Strategy', '{}', DEFAULT, DEFAULT), ('be5a4c70-a4ff-57c0-8c2c-437a6d77f25c', 'a88bc9b9-135e-55c7-8c4c-5a072a3c8573', 70, 'public', 'Vision Denial Blueprint', '{"id ullamco velit","cillum id id anim","dolor labore deserunt eu"}', DEFAULT, DEFAULT), ('e6ff83af-5ec2-537d-b04b-784bd77a5871', 'd297ab9e-40d4-51b5-bb8f-a1df399f1a9a', 64, 'private', 'Split Push Blueprint', '{"amet aliqua consectetur","adipisicing","ex nostrud anim deserunt","amet aliquip nisi Lorem","dolore sunt non proident","duis irure id","pariatur anim ut","nisi labore"}', DEFAULT, DEFAULT), ('dc9bffb4-1647-5c5d-8c1f-d89500e89900', '8b7e423b-b9b9-5b3c-bf3d-1aa45d16235c', 62, 'unlisted', 'Defensive Turtle Tactics', '{"fugiat ullamco nostrud magna","esse sit","non commodo anim consectetur do","non anim deserunt elit commodo","nisi cupidatat"}', DEFAULT, DEFAULT), ('ec767a01-17bb-518c-9633-78ebc8caded3', 'b32027db-33da-5dc2-b906-e0c2a06ac683', 66, 'private', 'Baron Control Strategy', '{"aliqua nisi","amet commodo","aliquip culpa labore reprehender","excepteur exercitation dolore ve","eu"}', DEFAULT, DEFAULT), ('6c642b40-bb15-55fa-9319-9c100d27adc7', '91fa3874-9437-5dfa-a49a-f19fb38d9e92', 69, 'private', 'Vision Denial Blueprint', '{"proident voluptate commodo offic","commodo consectetur duis et irur","amet laboris cillum","ad incididunt ex","deserunt culpa","eiusmod labore cupidatat id","pariatur excepteur","qui nisi commodo"}', DEFAULT, DEFAULT), ('197f52e9-f9b3-54a3-a900-9ddcd2cd98d5', '92bf5244-388d-5bbf-bd84-1c7ad2efe31b', 63, 'unlisted', 'Vision Control Blueprint', '{"Lorem enim","incididunt esse elit qui eiusmod","aliqua velit est eu","ea consequat","voluptate ad anim"}', DEFAULT, DEFAULT), ('b239ffdb-847f-5400-b1f9-97e186ea36bc', '2589cf16-4103-5a4f-b544-b30078083eaa', 61, 'private', 'Wave Management Plan', '{"aliqua ea esse consectetur","nisi"}', DEFAULT, DEFAULT), ('c3124970-b58c-5748-8a01-4ba1d7466b2b', '8b7e423b-b9b9-5b3c-bf3d-1aa45d16235c', 70, 'unlisted', 'Objective Focused Strategy', '{"proident","cillum elit fugiat laboris","magna nostrud nisi ut","Lorem anim nostrud nostrud esse","incididunt ullamco"}', DEFAULT, DEFAULT), ('2fbdef88-7d4a-5528-bb59-74f725709563', 'b7a89d05-549f-565f-b631-b59097e91d1a', 63, 'private', 'Map Control Blueprint', '{"esse ut culpa ipsum eiusmod"}', DEFAULT, DEFAULT), ('a03637de-3a86-5f2c-a9a1-71bb222f301f', 'd9bba68a-079c-5141-bd43-756b87167584', 65, 'private', 'Aggressive Rush Strategy', '{"sit fugiat esse exercitation ven","nisi","ipsum amet"}', DEFAULT, DEFAULT), ('536d5b0c-dc7c-598f-8fa0-b21c4cd85d48', 'a3141029-aec2-543b-b18a-49fe947e3304', 66, 'unlisted', 'Counter Pick Blueprint', '{"nulla eiusmod","ut minim enim","adipisicing proident cupidatat a","excepteur"}', DEFAULT, DEFAULT), ('f04b6b4b-d5ea-517f-8a7d-71713980487c', 'd1b8f3f8-af26-5088-8712-273c28ba98f7', 69, 'unlisted', 'Rotation Strategy Document', '{"consectetur commodo aliquip","sint adipisicing","ex pariatur aliqua","dolor consequat","duis enim magna Lorem","eiusmod","consequat dolore"}', DEFAULT, DEFAULT), ('363e1d5b-f7b0-5ee0-a43a-f471f9cf9338', '438bff0e-fd50-5c86-89ee-d397a0c0e548', 62, 'private', 'Late Game Scaling Strategy', '{}', DEFAULT, DEFAULT), ('edcc2203-6787-52aa-bc0b-a6dcc59388be', '3ff60d7a-a4ad-54c5-a422-53b52cd53093', 65, 'public', 'Vision Control Blueprint', '{"consequat","officia qui cupidatat","elit qui","commodo irure eiusmod et","nulla nisi proident","sunt mollit incididunt","do adipisicing magna"}', DEFAULT, DEFAULT), ('474b1c92-271b-5e78-878e-3e82398a6e7c', '8a0a556f-d942-55f0-8ba8-1ffbfaf3c6d9', 62, 'unlisted', 'Jungle Control Playbook', '{"laboris velit","cillum fugiat proident","aliqua fugiat esse deserunt","fugiat","esse velit deserunt laborum"}', DEFAULT, DEFAULT), ('8997d96a-4a2f-5fcd-a0a2-88e875f8bba7', 'b5605791-3389-56c2-9ec6-17d538b9bb85', 64, 'unlisted', 'Split Push Blueprint', '{"ea consequat","non qui esse cillum","commodo proident consequat labor","voluptate ea occaecat velit comm","sit","sint","aute laboris pariatur aute","ipsum qui incididunt consequat"}', DEFAULT, DEFAULT), ('f61f0c83-60cb-5fa8-a27a-67e606b63adb', 'a88bc9b9-135e-55c7-8c4c-5a072a3c8573', 66, 'private', 'Defensive Turtle Tactics', '{"Lorem laborum","enim officia eu nisi labore","velit veniam officia","deserunt velit"}', DEFAULT, DEFAULT), ('30d213ab-4615-5d8b-abee-5b4875c8bfdf', 'a88bc9b9-135e-55c7-8c4c-5a072a3c8573', 62, 'private', 'Roaming Support Plan', '{"anim ut","laboris in ut minim","sint","non in velit","fugiat","eu deserunt ipsum","fugiat","labore incididunt"}', DEFAULT, DEFAULT), ('7d042aff-1b5b-531f-917f-48f2d58d33c7', '2589cf16-4103-5a4f-b544-b30078083eaa', 66, 'private', 'Team Fight Execution Plan', '{"id laboris velit esse commodo","labore","in officia dolore veniam","laborum adipisicing velit except","fugiat esse velit"}', DEFAULT, DEFAULT), ('30e1e77d-2bcf-5591-97ec-d99bd552d8f0', '1e7e0bcb-4fc0-5d72-81a5-d67a74a13595', 62, 'public', 'Vision Denial Blueprint', '{"anim laboris","ad minim"}', DEFAULT, DEFAULT), ('d53a4a7c-125e-52cd-8ba3-aa3916f71140', '9584676f-0635-591a-a937-d230d9a3abf3', 62, 'unlisted', 'Vision Control Blueprint', '{"non minim quis","ut anim mollit","sint ut","officia eiusmod","anim consequat duis","quis dolore id eu esse","ipsum consequat duis cillum dolo","laboris officia nulla sit","esse nostrud esse","velit laborum eu"}', DEFAULT, DEFAULT), ('47f797b2-50c1-56af-abe6-0081dabe5efd', '91434b27-2651-5429-8f42-45c3f8e334a0', 67, 'private', 'Counter Pick Blueprint', '{"est in nulla adipisicing","elit occaecat","velit qui consectetur ipsum","incididunt fugiat","ex","ex nulla laboris eu","sit exercitation sit enim","pariatur consequat","id dolor adipisicing sit consect"}', DEFAULT, DEFAULT), ('3ebbec39-d360-5461-b442-70abf723c8b8', 'ac9f0e3e-b030-584f-a8dd-87355fe22537', 64, 'private', 'Aggressive Rush Strategy', '{"cupidatat exercitation sint et","ullamco cillum","fugiat et","ut qui deserunt consectetur","dolore sit","nulla et pariatur","laborum qui ipsum cupidatat","aliqua minim culpa","do ullamco"}', DEFAULT, DEFAULT), ('3821efb6-356e-53bd-8a0b-239426475be5', 'b32027db-33da-5dc2-b906-e0c2a06ac683', 63, 'public', 'Siege Tactics Handbook', '{"voluptate minim velit laborum","nostrud officia non occaecat est","incididunt ea","commodo magna"}', DEFAULT, DEFAULT), ('f62571e6-585e-5709-b04e-861b7f3db2d2', 'd297ab9e-40d4-51b5-bb8f-a1df399f1a9a', 62, 'public', 'Roaming Support Plan', '{"excepteur deserunt eiusmod ipsum","commodo cupidatat irure"}', DEFAULT, DEFAULT), ('f706ef0d-b4c8-54ee-ba4a-8f6af14717f8', 'b32027db-33da-5dc2-b906-e0c2a06ac683', 62, 'unlisted', 'Counter Pick Blueprint', '{"consequat ipsum","nostrud"}', DEFAULT, DEFAULT), ('da6a602b-9dc0-5e13-87e9-323f368838a2', '882c7ae5-914f-539d-8207-691de536097f', 70, 'unlisted', 'Gank Heavy Approach', '{"Lorem fugiat tempor reprehenderi","tempor","ullamco","incididunt magna quis","esse excepteur qui","excepteur commodo duis","occaecat dolore","nostrud commodo","commodo nisi consectetur nostrud"}', DEFAULT, DEFAULT), ('ae022a2e-97fe-53d7-ace2-f700a65995e2', 'a3141029-aec2-543b-b18a-49fe947e3304', 69, 'unlisted', 'Jungle Control Playbook', '{"laborum esse occaecat","do aute occaecat","exercitation occaecat deserunt l","in est id sint id"}', DEFAULT, DEFAULT), ('7f27719e-c551-5cfa-ab24-3e6a917bc77f', 'd1b8f3f8-af26-5088-8712-273c28ba98f7', 66, 'public', 'Vision Control Blueprint', '{"nostrud occaecat","labore enim","aliquip Lorem sit","dolor elit","adipisicing qui sit","aute","dolore exercitation"}', DEFAULT, DEFAULT), ('a7afe8c7-8469-5a59-9246-cc18b3ce4b7b', 'b7a89d05-549f-565f-b631-b59097e91d1a', 63, 'private', 'Baron Control Strategy', '{"quis id fugiat cillum","anim dolore cupidatat amet","nisi labore","ut elit do","nulla nisi incididunt aute irure","anim do","dolor officia","velit consequat est velit"}', DEFAULT, DEFAULT), ('8111ec5f-e01a-5ad1-b89a-b7a64419e202', 'b7a89d05-549f-565f-b631-b59097e91d1a', 69, 'public', 'Vision Denial Blueprint', '{"enim id enim","cupidatat laborum","irure incididunt","sint sunt est non dolor","adipisicing exercitation","exercitation ullamco quis ad"}', DEFAULT, DEFAULT), ('af41c136-c26c-5e1c-81f1-2d9f923ca606', 'a5831e58-2fc9-5b59-970d-00c344a4eb18', 66, 'public', 'Aggressive Rush Strategy', '{"ipsum sit velit occaecat"}', DEFAULT, DEFAULT), ('7594efe5-aff1-5874-a5ed-4a9edc7b66bf', '91fa3874-9437-5dfa-a49a-f19fb38d9e92', 67, 'unlisted', 'Defensive Turtle Tactics', '{"ex exercitation amet","eiusmod dolore nostrud commodo"}', DEFAULT, DEFAULT), ('ee2f9514-a689-5e06-84f0-7f27b56a3774', '98eaafd3-adbf-5a3e-adb9-b3fb6971b6f1', 70, 'private', 'Aggressive Rush Strategy', '{}', DEFAULT, DEFAULT), ('59ac239c-144e-5ca7-b3e8-b97418726740', '1d3f740a-8c60-5c1d-aa9e-3854a33c8e1d', 63, 'unlisted', 'Early Game Dominance Guide', '{"ea aliqua aute culpa sint","pariatur sunt anim deserunt","eu do","adipisicing irure voluptate est","aliqua quis tempor officia"}', DEFAULT, DEFAULT), ('7992b22f-6c16-50ae-ae54-fd84bedb78e7', 'a88bc9b9-135e-55c7-8c4c-5a072a3c8573', 64, 'public', 'Jungle Control Playbook', '{"adipisicing anim","reprehenderit amet ut non","id proident do laborum pariatur","ullamco","in esse","Lorem adipisicing non officia ad"}', DEFAULT, DEFAULT), ('eeb6a56c-bf20-5164-a9c4-2438947a1635', '1e7e0bcb-4fc0-5d72-81a5-d67a74a13595', 61, 'public', 'Split Push Blueprint', '{"pariatur dolor commodo elit","esse est","incididunt tempor","veniam sit velit ut","tempor et","adipisicing","Lorem est esse","proident eiusmod reprehenderit l","voluptate magna non ex"}', DEFAULT, DEFAULT), ('ba263b84-62af-5be6-a1da-34f8a9b1c708', '3ff60d7a-a4ad-54c5-a422-53b52cd53093', 68, 'public', 'Team Fight Execution Plan', '{"non culpa","laboris laborum nostrud nisi","cillum excepteur amet anim","sit Lorem adipisicing voluptate ","consectetur","ipsum excepteur pariatur","sint duis exercitation occaecat ","reprehenderit aliquip fugiat exc","ullamco est"}', DEFAULT, DEFAULT), ('0eda511d-00fb-5edd-a94c-61620ced28e5', '91434b27-2651-5429-8f42-45c3f8e334a0', 63, 'private', 'Defensive Turtle Tactics', '{"sint commodo consectetur dolore ","id culpa sint ea"}', DEFAULT, DEFAULT), ('4a82ca5f-1296-51b0-9319-05459a439c92', '1d3f740a-8c60-5c1d-aa9e-3854a33c8e1d', 69, 'unlisted', 'Team Fight Execution Plan', '{"laborum magna ea","culpa in laborum mollit dolore"}', DEFAULT, DEFAULT), ('230e6990-91f4-5dc7-b6bc-229a44985e25', '9bf2ad50-cccb-50eb-8269-3a7e78bd21f5', 62, 'private', 'Gank Heavy Approach', '{"velit laborum","et magna duis","deserunt do anim","eiusmod nostrud"}', DEFAULT, DEFAULT), ('01a97da4-f21e-511b-9160-a834d5d7f82e', '2d1d7734-be70-5d07-a538-e76c6cae722e', 63, 'unlisted', 'Split Push Blueprint', '{"pariatur enim et excepteur","minim exercitation","tempor non officia ea"}', DEFAULT, DEFAULT), ('1c5613fb-a627-5391-a9ff-0cc49d9b395b', '9b1fc781-1e4e-56d2-bd68-0dc257a319c0', 66, 'unlisted', 'Early Game Dominance Guide', '{"Lorem","aliqua","non cupidatat","reprehenderit consectetur","aliquip quis laborum minim","ea et aute cupidatat consequat","ea eiusmod deserunt incididunt"}', DEFAULT, DEFAULT), ('69b55afa-a769-5eae-849b-0607118f6f38', '2d1d7734-be70-5d07-a538-e76c6cae722e', 67, 'public', 'Aggressive Rush Strategy', '{"voluptate deserunt","aute esse","non excepteur nulla do","eiusmod dolore minim velit","consectetur quis"}', DEFAULT, DEFAULT), ('5653d3f7-e466-5b59-9cc7-02634d975655', '36f6f3ba-e867-5008-b6c1-829e989f9d2f', 70, 'unlisted', 'Wave Management Plan', '{"dolor ullamco","quis exercitation quis","aliquip occaecat","dolore eiusmod cupidatat","ut ipsum","do duis magna","aute","ad","amet fugiat ad"}', DEFAULT, DEFAULT), ('11917a47-b89e-5663-8d37-049fe2bf5b34', 'eda91f04-12ef-5904-88aa-e6ed9a692e03', 62, 'unlisted', 'Late Game Scaling Strategy', '{"nostrud cillum consectetur volup","exercitation esse do deserunt fu","nostrud enim tempor","anim do duis consequat","officia exercitation ea fugiat","officia labore","commodo fugiat minim","ea officia laborum consectetur"}', DEFAULT, DEFAULT), ('c68ff46b-b1a9-581e-aa43-737e3b976580', '91434b27-2651-5429-8f42-45c3f8e334a0', 63, 'unlisted', 'Objective Focused Strategy', '{"voluptate ut","ipsum aliqua cillum voluptate in","id excepteur dolore"}', DEFAULT, DEFAULT), ('e8d13e33-32bc-5c1a-9371-8f828965d869', '9bf2ad50-cccb-50eb-8269-3a7e78bd21f5', 66, 'public', 'Early Game Dominance Guide', '{"culpa do sunt fugiat","mollit eiusmod ut amet","dolor ea exercitation commodo","anim incididunt sunt qui culpa","elit nostrud nulla","excepteur id minim pariatur ipsu","non veniam duis ipsum","nisi amet ullamco exercitation","veniam culpa ex"}', DEFAULT, DEFAULT), ('79cca71d-1dd7-5b78-9e31-229bb9872504', '756cbb59-27d6-58f3-b4b9-8b56121e683f', 64, 'public', 'Wave Management Plan', '{"laboris aliquip consectetur","velit aliqua irure ullamco","incididunt","adipisicing Lorem","cillum do exercitation dolore es","veniam","excepteur quis dolor Lorem ex","fugiat quis","ipsum adipisicing","exercitation amet nulla tempor c"}', DEFAULT, DEFAULT), ('cdf1b1e3-61cd-52e6-b86e-eec98ea71e23', '811570ef-0b81-508d-ba05-2f5e812d4131', 68, 'private', 'Siege Tactics Handbook', '{"cupidatat sunt","dolor irure aliqua","consequat in ipsum laboris","culpa pariatur","esse minim fugiat occaecat","do qui","sit dolor minim dolor","irure consectetur enim"}', DEFAULT, DEFAULT), ('98ea8abd-4f3f-5750-b436-afb8aa79fb82', '8b7e423b-b9b9-5b3c-bf3d-1aa45d16235c', 67, 'private', 'Wave Management Plan', '{"laboris incididunt adipisicing a","ipsum quis"}', DEFAULT, DEFAULT), ('bc227bd7-3214-5075-bca0-3f60046ac216', '438bff0e-fd50-5c86-89ee-d397a0c0e548', 64, 'unlisted', 'Map Control Blueprint', '{"irure incididunt nulla","consequat labore eu","sint eu","ea ea dolor irure officia","sunt tempor dolore","occaecat veniam ea est aute","excepteur"}', DEFAULT, DEFAULT), ('8fd84214-96a6-5d6c-8437-0646145f15a1', 'b32027db-33da-5dc2-b906-e0c2a06ac683', 64, 'unlisted', 'Split Push Blueprint', '{"esse cillum","fugiat occaecat incididunt","cupidatat id","quis quis consectetur","labore ad deserunt pariatur","labore adipisicing","ea"}', DEFAULT, DEFAULT), ('7b269807-4fdc-5847-8a5c-807ffa02f953', '1e7e0bcb-4fc0-5d72-81a5-d67a74a13595', 70, 'public', 'Aggressive Rush Strategy', '{"veniam dolor in"}', DEFAULT, DEFAULT), ('cf8258c4-f278-5c75-a944-c2bcba526ad4', '8b7e423b-b9b9-5b3c-bf3d-1aa45d16235c', 69, 'private', 'Objective Focused Strategy', '{"minim duis dolore esse","et fugiat"}', DEFAULT, DEFAULT), ('2e51b4b0-68ac-5e21-94a2-b7afb1b16016', '36f6f3ba-e867-5008-b6c1-829e989f9d2f', 63, 'unlisted', 'Objective Focused Strategy', '{"do consequat","officia aute","minim aliquip","excepteur ad ullamco","fugiat ex adipisicing ipsum","nisi nisi qui consequat laboris","do cillum","aliquip non sint elit"}', DEFAULT, DEFAULT), ('6e9d8d45-1d4b-5cdd-92c5-76194015ba99', '6c52c1d9-13a4-51ef-ae51-1dacc4c14be9', 70, 'unlisted', 'Team Fight Execution Plan', '{"ut mollit","Lorem proident esse","dolore in enim"}', DEFAULT, DEFAULT), ('fac7e894-3f38-5663-bc98-486c88732ea4', 'b5605791-3389-56c2-9ec6-17d538b9bb85', 69, 'public', 'Objective Focused Strategy', '{"elit ea eiusmod dolor aliquip"}', DEFAULT, DEFAULT), ('7d360079-2c18-5c6d-a1b8-85eb411ace3d', 'a3141029-aec2-543b-b18a-49fe947e3304', 68, 'unlisted', 'Aggressive Rush Strategy', '{"deserunt cupidatat aliqua in","duis","elit aute nulla minim","deserunt id","reprehenderit commodo","quis commodo"}', DEFAULT, DEFAULT), ('be194c18-6eee-5ff6-a117-608bade8a86e', '1d3f740a-8c60-5c1d-aa9e-3854a33c8e1d', 67, 'private', 'Vision Control Blueprint', '{"voluptate nisi adipisicing conse"}', DEFAULT, DEFAULT), ('74297878-a21d-59b7-aced-265d4a9f30fa', 'd19db439-c7e7-53a7-aa19-0db346180dc1', 70, 'public', 'Gank Heavy Approach', '{"nisi mollit quis","aliqua sunt","deserunt ex id pariatur","eu officia","consectetur ea aliqua","eiusmod qui","est reprehenderit officia velit","in officia culpa","laborum est labore labore"}', DEFAULT, DEFAULT), ('a0c5fdb3-1581-541b-b560-7473e0935643', '91434b27-2651-5429-8f42-45c3f8e334a0', 62, 'unlisted', 'Jungle Control Playbook', '{"commodo"}', DEFAULT, DEFAULT), ('5bf01130-69dd-5547-acc0-717bf1395fda', '6c52c1d9-13a4-51ef-ae51-1dacc4c14be9', 70, 'unlisted', 'Vision Control Blueprint', '{"est exercitation consectetur","pariatur labore sit in"}', DEFAULT, DEFAULT), ('1e052062-4999-589c-af48-bc4a3df69d05', '438bff0e-fd50-5c86-89ee-d397a0c0e548', 68, 'private', 'Secure Objective Playbook', '{"nisi Lorem","ullamco quis","aliqua nisi enim est","anim reprehenderit ad","enim"}', DEFAULT, DEFAULT), ('38b49ca8-b50c-5e98-af9e-9c3898d28f8f', '1d3f740a-8c60-5c1d-aa9e-3854a33c8e1d', 69, 'private', 'Aggressive Rush Strategy', '{"proident ea cupidatat","laborum veniam velit","ullamco id velit cillum","eiusmod qui","eu mollit non sint","elit velit cillum sunt"}', DEFAULT, DEFAULT), ('9b261f2f-f0b0-57c3-9c3a-156a89bfc9aa', 'a3141029-aec2-543b-b18a-49fe947e3304', 67, 'unlisted', 'Secure Objective Playbook', '{"non duis","deserunt","deserunt consectetur aliqua","duis ex eu","occaecat cupidatat labore sint"}', DEFAULT, DEFAULT), ('2d9d0644-e0d8-5f5d-84c2-071cd2c099ce', '2589cf16-4103-5a4f-b544-b30078083eaa', 61, 'public', 'Defensive Turtle Tactics', '{"dolore occaecat","est","sint","adipisicing sit est excepteur","commodo consectetur","veniam","ex reprehenderit dolore commodo "}', DEFAULT, DEFAULT), ('b8c7a039-d039-57f7-bd1e-253b05ef8c03', 'b32027db-33da-5dc2-b906-e0c2a06ac683', 62, 'private', 'Vision Denial Blueprint', '{}', DEFAULT, DEFAULT), ('110d19c8-9e0d-5f75-a721-b94eb9080526', '6c52c1d9-13a4-51ef-ae51-1dacc4c14be9', 62, 'private', 'Objective Focused Strategy', '{"officia ut ea","exercitation irure","quis dolore cillum","in","nisi","ex elit voluptate cillum","labore","voluptate cillum non fugiat","sunt ex magna laboris"}', DEFAULT, DEFAULT), ('09923517-e55a-5deb-98cb-d64b27c0ab72', '811570ef-0b81-508d-ba05-2f5e812d4131', 69, 'unlisted', 'Baron Control Strategy', '{"amet occaecat aliquip sint quis","et exercitation eiusmod laborum","ipsum tempor anim eu quis","eiusmod et tempor nisi pariatur"}', DEFAULT, DEFAULT), ('e5bd85d5-1f62-5598-9176-4bfd393badbe', 'd19db439-c7e7-53a7-aa19-0db346180dc1', 64, 'public', 'Vision Denial Blueprint', '{"incididunt","exercitation ad","dolor aute commodo fugiat","incididunt ex aliquip et ullamco","tempor proident in culpa aliqua","esse non","amet","reprehenderit voluptate ullamco","cillum elit voluptate non"}', DEFAULT, DEFAULT), ('e8eb7547-d359-5d88-afb0-cca98349d023', '2d1d7734-be70-5d07-a538-e76c6cae722e', 68, 'public', 'Counter Pick Blueprint', '{"elit adipisicing","sunt consequat dolore est veniam","ea ex"}', DEFAULT, DEFAULT), ('0e4135c9-4c74-5717-9ee1-cbbb37873838', '9bf2ad50-cccb-50eb-8269-3a7e78bd21f5', 70, 'public', 'Team Fight Execution Plan', '{"duis aliquip ea","est laboris laboris id"}', DEFAULT, DEFAULT), ('eb9d24ec-f15e-5e4f-870e-dd537efcd168', '549980e7-3e77-5d76-b263-84664d04b209', 61, 'private', 'Counter Pick Blueprint', '{"sit id elit dolore","culpa excepteur","labore labore adipisicing magna","ipsum magna","culpa labore Lorem cupidatat"}', DEFAULT, DEFAULT), ('688a2e3c-848e-5787-bd83-705a15229924', 'eda91f04-12ef-5904-88aa-e6ed9a692e03', 63, 'unlisted', 'Counter Pick Blueprint', '{"non quis nostrud Lorem","ex cupidatat","officia officia","cillum","tempor irure"}', DEFAULT, DEFAULT), ('a042a037-2e40-50ce-ae48-3f063c3067bb', '9b1fc781-1e4e-56d2-bd68-0dc257a319c0', 68, 'unlisted', 'Roaming Support Plan', '{"cillum velit quis ad dolore","est sunt nostrud nostrud","aliqua voluptate velit","culpa duis exercitation","cillum fugiat irure"}', DEFAULT, DEFAULT), ('cb4eaa5a-1f18-571e-9566-4c1753ad9134', '811570ef-0b81-508d-ba05-2f5e812d4131', 64, 'private', 'Vision Control Blueprint', '{"eu incididunt","eiusmod dolore ullamco esse quis","nostrud irure","labore qui","nulla qui nostrud"}', DEFAULT, DEFAULT), ('2076216c-1b19-5f7f-b10d-db3cae2b4567', '438bff0e-fd50-5c86-89ee-d397a0c0e548', 64, 'private', 'Defensive Turtle Tactics', '{"aute","nisi pariatur laborum est","nostrud","cupidatat","velit minim","nulla ea ut fugiat","reprehenderit amet laborum"}', DEFAULT, DEFAULT), ('a0bd7980-cac4-5ded-adc5-004548282723', '9b1fc781-1e4e-56d2-bd68-0dc257a319c0', 62, 'unlisted', 'Vision Control Blueprint', '{"cillum ex","nisi veniam culpa nulla enim","ad labore pariatur ut"}', DEFAULT, DEFAULT), ('e94657cc-5d4a-53ce-8902-19b99712c3c6', '811570ef-0b81-508d-ba05-2f5e812d4131', 62, 'unlisted', 'Vision Control Blueprint', '{"eiusmod officia commodo","non","elit est proident tempor","tempor est ullamco","consequat ad","mollit irure enim amet sint","culpa nisi consectetur ut","fugiat dolore elit ad"}', DEFAULT, DEFAULT), ('cdee6d23-791e-5a74-aba4-6e6c1b3863e7', '756cbb59-27d6-58f3-b4b9-8b56121e683f', 64, 'unlisted', 'Baron Control Strategy', '{"est aliquip tempor officia","et eu dolor exercitation","do commodo anim","dolor","labore quis ut","aliqua tempor","veniam culpa","voluptate laborum","esse exercitation","velit sint"}', DEFAULT, DEFAULT), ('d5a4641d-8cbb-5fd0-89e3-ac12979b690c', 'd297ab9e-40d4-51b5-bb8f-a1df399f1a9a', 64, 'unlisted', 'Secure Objective Playbook', '{"et cupidatat minim aute","cillum duis deserunt minim minim","officia labore","amet nostrud ipsum elit id","do irure tempor","qui veniam officia","irure excepteur adipisicing ipsu","eu minim reprehenderit"}', DEFAULT, DEFAULT), ('ab58f5b2-4308-5685-a477-a4b54637b2a0', 'cfbfd1d4-e77f-57e5-94da-e9ff2cc7a996', 61, 'unlisted', 'Roaming Support Plan', '{"et ut","voluptate duis anim nulla nulla","ad veniam","ipsum voluptate ullamco","reprehenderit anim velit","Lorem ad","laboris","nisi laborum duis dolore excepte","eu ad"}', DEFAULT, DEFAULT), ('025da8e7-6d47-53be-9689-b0604284733b', 'ac9f0e3e-b030-584f-a8dd-87355fe22537', 68, 'unlisted', 'Gank Heavy Approach', '{"est","sint anim voluptate","enim pariatur ea irure sit","magna sint","consectetur consequat magna"}', DEFAULT, DEFAULT), ('cfc01e92-0e9c-5f58-b116-ac73af2ff344', '8b7e423b-b9b9-5b3c-bf3d-1aa45d16235c', 69, 'private', 'Baron Control Strategy', '{"deserunt elit aliqua occaecat","aute dolore ipsum"}', DEFAULT, DEFAULT), ('6c7a0737-5d09-56f1-9a60-9ca811b68d40', 'd1b8f3f8-af26-5088-8712-273c28ba98f7', 66, 'public', 'Late Game Scaling Strategy', '{"ullamco sit ea ipsum sit"}', DEFAULT, DEFAULT), ('b74b781d-f3ca-5ce2-a262-c20f23455d05', 'd1b8f3f8-af26-5088-8712-273c28ba98f7', 61, 'private', 'Team Fight Execution Plan', '{"exercitation labore duis","ut cupidatat cupidatat","tempor cillum sint","amet"}', DEFAULT, DEFAULT), ('ae76c1cf-66c9-5bf7-8fc8-d1e1260ab8bd', 'a3141029-aec2-543b-b18a-49fe947e3304', 64, 'public', 'Jungle Control Playbook', '{"aute","exercitation minim duis","eiusmod est","nostrud nostrud elit velit exerc","excepteur","dolor","reprehenderit duis reprehenderit","aute amet adipisicing id deserun","fugiat elit"}', DEFAULT, DEFAULT), ('3267d96d-4a33-5c13-9ef8-eb9652f76262', 'ac9f0e3e-b030-584f-a8dd-87355fe22537', 65, 'public', 'Late Game Scaling Strategy', '{"commodo laborum eu do","laborum do cillum veniam","consequat irure cupidatat","ullamco occaecat"}', DEFAULT, DEFAULT), ('272ce823-3f81-5671-93a8-93655178aa67', 'd1b8f3f8-af26-5088-8712-273c28ba98f7', 69, 'unlisted', 'Counter Pick Blueprint', '{"reprehenderit","consequat ut deserunt","ullamco aliqua irure voluptate","laborum consectetur","consectetur qui ullamco qui proi","qui Lorem esse reprehenderit","proident","exercitation","cupidatat proident tempor incidi"}', DEFAULT, DEFAULT), ('0cd365ac-6479-5889-b532-b02ce5d93b9f', '91fa3874-9437-5dfa-a49a-f19fb38d9e92', 61, 'unlisted', 'Wave Management Plan', '{"aute","consectetur incididunt eiusmod","ut quis sint","elit magna enim","dolore enim","nostrud enim elit velit ex","exercitation ullamco amet except","consectetur adipisicing","sunt do","nisi reprehenderit"}', DEFAULT, DEFAULT), ('d1c31a1f-140d-5b01-95f7-3fc15003186c', 'b5605791-3389-56c2-9ec6-17d538b9bb85', 62, 'public', 'Baron Control Strategy', '{"aliqua ut qui","quis excepteur","non in","occaecat duis consectetur ea","commodo nulla","proident sit","quis adipisicing sint","aliqua","sint aliqua ea duis"}', DEFAULT, DEFAULT), ('139e14ed-bbf1-5d48-a6cc-84c72c891164', '91434b27-2651-5429-8f42-45c3f8e334a0', 64, 'unlisted', 'Jungle Control Playbook', '{"est","deserunt enim Lorem duis","duis ex esse ipsum"}', DEFAULT, DEFAULT), ('586f1ac8-f524-5f8c-88e2-184c02d5ef6d', 'd9bba68a-079c-5141-bd43-756b87167584', 70, 'private', 'Aggressive Rush Strategy', '{"eu nisi ea eiusmod","ad ut aliquip"}', DEFAULT, DEFAULT), ('62075432-2441-5ae8-a3d3-0c53f1490707', 'd19db439-c7e7-53a7-aa19-0db346180dc1', 66, 'public', 'Vision Denial Blueprint', '{"cillum id est sit","in ut officia magna","dolore ea","tempor esse","elit excepteur","in","occaecat non labore amet Lorem","duis culpa anim","exercitation"}', DEFAULT, DEFAULT), ('7e2a3012-f429-5959-8e79-e27f888f9ce7', 'd297ab9e-40d4-51b5-bb8f-a1df399f1a9a', 63, 'public', 'Baron Control Strategy', '{"laborum dolore nulla","irure ut exercitation","eu labore reprehenderit"}', DEFAULT, DEFAULT), ('b8821e56-73f0-54d5-b485-728d64492250', '91fa3874-9437-5dfa-a49a-f19fb38d9e92', 63, 'private', 'Gank Heavy Approach', '{"anim proident ea ea quis","quis veniam esse","magna dolor proident veniam","nisi Lorem","veniam ullamco quis","dolor in","qui amet","irure minim veniam dolor"}', DEFAULT, DEFAULT), ('41c6ea7f-18a9-55e6-b2ba-f0f4f40a17bf', 'd19db439-c7e7-53a7-aa19-0db346180dc1', 63, 'unlisted', 'Siege Tactics Handbook', '{"adipisicing nostrud","ex","est tempor minim amet nostrud"}', DEFAULT, DEFAULT), ('6071eb55-6bca-516b-b2e7-cdcdc70b2f27', 'a3141029-aec2-543b-b18a-49fe947e3304', 64, 'private', 'Rotation Strategy Document', '{"ullamco ex aliqua","excepteur nostrud ut adipisicing"}', DEFAULT, DEFAULT), ('d7cdb9d2-07a6-5208-bc43-84429587c78d', '98eaafd3-adbf-5a3e-adb9-b3fb6971b6f1', 64, 'private', 'Gank Heavy Approach', '{"Lorem esse","in aliqua quis non","laborum pariatur ipsum","nulla duis mollit nisi","incididunt pariatur aute esse cu","nostrud do consectetur nostrud q"}', DEFAULT, DEFAULT), ('edba76b8-16c2-5d65-8407-7c8846b18c8d', '9bf2ad50-cccb-50eb-8269-3a7e78bd21f5', 69, 'private', 'Defensive Turtle Tactics', '{"est officia nostrud ullamco","deserunt deserunt","ex ad","dolore anim magna mollit","duis quis","laborum et aliquip","dolor ut magna tempor est"}', DEFAULT, DEFAULT), ('4961b154-685f-5c2d-b1f1-598100239ea4', 'a3141029-aec2-543b-b18a-49fe947e3304', 62, 'public', 'Early Game Dominance Guide', '{"officia irure exercitation anim","veniam pariatur","nisi aliquip","duis mollit sunt","sint cupidatat cillum tempor"}', DEFAULT, DEFAULT), ('81b648c1-576c-5086-ba4f-2125060d9cf0', 'a88bc9b9-135e-55c7-8c4c-5a072a3c8573', 66, 'unlisted', 'Siege Tactics Handbook', '{"ex deserunt","aliquip reprehenderit enim","occaecat id in","eu sit incididunt reprehenderit ","quis reprehenderit sunt anim","aute officia"}', DEFAULT, DEFAULT), ('edcc20e9-95a3-50eb-b84c-a2ac5801dd1f', 'd1b8f3f8-af26-5088-8712-273c28ba98f7', 67, 'private', 'Objective Focused Strategy', '{"consectetur","ipsum et nulla nulla","occaecat"}', DEFAULT, DEFAULT), ('0f7963e1-2931-5603-b1f8-5f29e095a36f', '1d3f740a-8c60-5c1d-aa9e-3854a33c8e1d', 68, 'private', 'Aggressive Rush Strategy', '{"consequat dolor exercitation vol","cupidatat amet non","minim nisi","nisi excepteur est dolore do","ut sit fugiat sint ipsum","dolore","consectetur","esse consequat dolor"}', DEFAULT, DEFAULT), ('d90cf80e-490d-5c8c-85cc-9c761060fca5', '92bf5244-388d-5bbf-bd84-1c7ad2efe31b', 69, 'public', 'Defensive Turtle Tactics', '{}', DEFAULT, DEFAULT), ('84a00f8f-8f65-512e-a89a-396ebb944774', 'b5605791-3389-56c2-9ec6-17d538b9bb85', 70, 'unlisted', 'Counter Pick Blueprint', '{"tempor velit","pariatur aliqua deserunt","qui velit commodo commodo","ad duis Lorem","enim","et","aliquip est Lorem anim","quis labore Lorem exercitation"}', DEFAULT, DEFAULT), ('24530daa-18f4-5736-824e-740b98d86f84', '6c52c1d9-13a4-51ef-ae51-1dacc4c14be9', 68, 'public', 'Objective Focused Strategy', '{"adipisicing sit","proident adipisicing mollit id e","qui","Lorem culpa qui","ullamco","ullamco et voluptate ea sunt","tempor enim sit aliquip","quis adipisicing","consequat do incididunt voluptat","ut elit ea magna amet"}', DEFAULT, DEFAULT), ('cef44dbb-01f1-53f9-a51f-bce20b8c9729', '549980e7-3e77-5d76-b263-84664d04b209', 65, 'private', 'Gank Heavy Approach', '{"dolore nostrud","cillum est dolor non","anim dolor proident anim","sit aliqua"}', DEFAULT, DEFAULT), ('2f432e43-c578-5d3f-a9f6-658650551fe1', '811570ef-0b81-508d-ba05-2f5e812d4131', 67, 'public', 'Vision Denial Blueprint', '{"et nisi dolore occaecat","cillum est anim esse","commodo","voluptate","tempor est","non eu cillum sint"}', DEFAULT, DEFAULT), ('9e0ad23d-bafe-536b-a992-47ea353cf3b5', '9b1fc781-1e4e-56d2-bd68-0dc257a319c0', 69, 'unlisted', 'Gank Heavy Approach', '{"amet in in non magna","commodo","laboris tempor incididunt","qui amet","deserunt quis aute qui minim","deserunt qui id","veniam non","dolor aute tempor sint enim","occaecat"}', DEFAULT, DEFAULT), ('ba4f3542-9d48-574a-8df6-823d78106037', 'eda91f04-12ef-5904-88aa-e6ed9a692e03', 65, 'public', 'Defensive Turtle Tactics', '{"enim dolore deserunt","labore est officia sint","voluptate mollit tempor","magna laborum adipisicing","culpa minim occaecat non","labore reprehenderit labore occa","reprehenderit esse","irure eu non","veniam dolore tempor"}', DEFAULT, DEFAULT), ('d5920fa6-848e-5195-b671-9577ccf74a26', 'ac9f0e3e-b030-584f-a8dd-87355fe22537', 67, 'public', 'Roaming Support Plan', '{"proident non"}', DEFAULT, DEFAULT), ('60e1ec45-4b3f-5cd2-b9e9-a6fd50c32391', '549980e7-3e77-5d76-b263-84664d04b209', 70, 'public', 'Vision Denial Blueprint', '{"id reprehenderit labore amet sun","qui non velit","ad","cupidatat nisi","proident ex","incididunt consectetur"}', DEFAULT, DEFAULT), ('4152396c-eaf9-5aeb-9b7d-6c26ad4d722c', '2d1d7734-be70-5d07-a538-e76c6cae722e', 68, 'unlisted', 'Defensive Turtle Tactics', '{"pariatur officia minim"}', DEFAULT, DEFAULT), ('82c66b9e-374b-5deb-960b-0b761f066806', '438bff0e-fd50-5c86-89ee-d397a0c0e548', 66, 'public', 'Late Game Scaling Strategy', '{"nisi aliquip","amet quis"}', DEFAULT, DEFAULT), ('cb1a8444-be9e-581c-8a1e-9f0d5870d484', '6c52c1d9-13a4-51ef-ae51-1dacc4c14be9', 61, 'public', 'Wave Management Plan', '{"in","laborum mollit labore nulla","minim ipsum","et nostrud officia","cillum","esse cupidatat ullamco irure iru","dolore consectetur culpa aute vo","do consequat enim"}', DEFAULT, DEFAULT), ('b4086fbf-8b55-5b20-af96-270e53efd260', 'cfbfd1d4-e77f-57e5-94da-e9ff2cc7a996', 67, 'unlisted', 'Siege Tactics Handbook', '{"sint"}', DEFAULT, DEFAULT), ('7dc2a385-02fd-5e9e-8ca3-480d310ce988', '8a0a556f-d942-55f0-8ba8-1ffbfaf3c6d9', 62, 'unlisted', 'Late Game Scaling Strategy', '{"eiusmod id","ex","adipisicing non ipsum magna","aute incididunt enim mollit"}', DEFAULT, DEFAULT), ('bd010a0a-cb39-59ee-8218-e7f775ac9a01', 'd19db439-c7e7-53a7-aa19-0db346180dc1', 68, 'private', 'Counter Pick Blueprint', '{"incididunt consequat quis proide"}', DEFAULT, DEFAULT), ('eb100a5e-fbbc-5189-b323-e08ca1ddf4b2', '549980e7-3e77-5d76-b263-84664d04b209', 67, 'public', 'Map Control Blueprint', '{"qui ea labore","cupidatat sint","ad ipsum","ex nisi mollit"}', DEFAULT, DEFAULT), ('e43c6b3b-10fe-54f2-a09c-2f23976dbe42', 'cfbfd1d4-e77f-57e5-94da-e9ff2cc7a996', 63, 'public', 'Counter Pick Blueprint', '{"tempor","enim sint fugiat aute"}', DEFAULT, DEFAULT), ('145f2d17-d2b0-59ee-98c0-d8b6d6c741cd', '36f6f3ba-e867-5008-b6c1-829e989f9d2f', 65, 'unlisted', 'Wave Management Plan', '{"laborum","mollit","exercitation","exercitation irure enim qui","Lorem amet"}', DEFAULT, DEFAULT), ('27b7fc92-c399-5aec-bc43-ea4a7d41c984', '438bff0e-fd50-5c86-89ee-d397a0c0e548', 67, 'unlisted', 'Gank Heavy Approach', '{"ex commodo aliquip","ut labore exercitation","consequat nostrud"}', DEFAULT, DEFAULT), ('16e13bc2-bae9-5a1b-a23b-7f2503b73a03', 'b7a89d05-549f-565f-b631-b59097e91d1a', 65, 'private', 'Baron Control Strategy', '{"deserunt sint laboris","laborum ex","dolore est sit sint","sint duis et et","consequat dolore eu","do","eiusmod id","velit et sint"}', DEFAULT, DEFAULT), ('fb9a721d-7da1-577d-a721-ae00139d250b', 'a88bc9b9-135e-55c7-8c4c-5a072a3c8573', 69, 'unlisted', 'Aggressive Rush Strategy', '{"nisi Lorem id","reprehenderit minim enim quis","aliquip aliqua"}', DEFAULT, DEFAULT), ('8514b549-2321-5223-bcae-362fbfc61c61', '2d1d7734-be70-5d07-a538-e76c6cae722e', 61, 'private', 'Split Push Blueprint', '{"ad culpa do","irure nostrud irure"}', DEFAULT, DEFAULT), ('8d222d98-29f0-5123-b99d-cc9f19493b20', '2589cf16-4103-5a4f-b544-b30078083eaa', 68, 'public', 'Aggressive Rush Strategy', '{}', DEFAULT, DEFAULT), ('5ba895cd-4107-5c9d-a9cb-bd2d24899776', 'd9bba68a-079c-5141-bd43-756b87167584', 67, 'private', 'Vision Denial Blueprint', '{"anim aliqua nostrud fugiat","Lorem ad deserunt nostrud","pariatur cupidatat","sint","ipsum tempor deserunt"}', DEFAULT, DEFAULT), ('73b23aba-b5e2-5b24-b442-00922b22f275', '3ff60d7a-a4ad-54c5-a422-53b52cd53093', 64, 'private', 'Jungle Control Playbook', '{"cillum cillum irure sint","eiusmod magna qui proident","consectetur velit exercitation v","tempor sint","laboris consectetur Lorem non oc","culpa commodo ullamco in cillum"}', DEFAULT, DEFAULT), ('0e1a0168-a26a-5feb-9c91-7bd40d62afcc', '8a0a556f-d942-55f0-8ba8-1ffbfaf3c6d9', 67, 'private', 'Map Control Blueprint', '{}', DEFAULT, DEFAULT), ('9348bed0-a52a-59cd-98df-ed8ab48ba4f7', '3ff60d7a-a4ad-54c5-a422-53b52cd53093', 66, 'private', 'Defensive Turtle Tactics', '{"non excepteur id minim labore","elit et sit","sint cupidatat id ullamco"}', DEFAULT, DEFAULT), ('1507f034-16ba-5219-b927-72f72394b9da', '756cbb59-27d6-58f3-b4b9-8b56121e683f', 70, 'unlisted', 'Wave Management Plan', '{"excepteur proident officia"}', DEFAULT, DEFAULT), ('3d6517ba-6968-54c9-9934-5dca00f20f48', '8a0a556f-d942-55f0-8ba8-1ffbfaf3c6d9', 68, 'private', 'Defensive Turtle Tactics', '{"labore eu commodo"}', DEFAULT, DEFAULT), ('253eb1a7-6466-5751-bb80-ba728a9d5688', 'd9bba68a-079c-5141-bd43-756b87167584', 70, 'public', 'Split Push Blueprint', '{"excepteur ut","ipsum consectetur ipsum cupidata","dolore anim officia mollit","eu incididunt irure eu","commodo dolore","ea ex aute irure","eiusmod esse dolore","ex irure consequat","sit ut dolor culpa"}', DEFAULT, DEFAULT), ('84afba7a-f643-5519-b420-54d83f591e9d', '438bff0e-fd50-5c86-89ee-d397a0c0e548', 65, 'unlisted', 'Roaming Support Plan', '{"ut esse","cillum ipsum","et irure quis officia","in incididunt ut sint","in tempor adipisicing","eiusmod enim irure","in nostrud eu qui"}', DEFAULT, DEFAULT), ('59b35be9-9d21-5b79-8875-4954a08d7239', '92bf5244-388d-5bbf-bd84-1c7ad2efe31b', 65, 'public', 'Late Game Scaling Strategy', '{"labore officia exercitation","veniam eiusmod cupidatat esse","duis","sunt laborum tempor","cillum commodo fugiat nostrud","anim sunt velit qui"}', DEFAULT, DEFAULT), ('b3ff9604-63d2-533f-8bbb-d5f0486381ad', '756cbb59-27d6-58f3-b4b9-8b56121e683f', 65, 'unlisted', 'Rotation Strategy Document', '{"cillum cupidatat dolore","consequat reprehenderit commodo "}', DEFAULT, DEFAULT), ('bcc899da-7629-5e0e-b560-5f5f6e7060e1', '438bff0e-fd50-5c86-89ee-d397a0c0e548', 69, 'private', 'Counter Pick Blueprint', '{"adipisicing commodo eu eu","ipsum magna fugiat","magna do","velit nulla eiusmod incididunt i","cillum adipisicing dolore offici"}', DEFAULT, DEFAULT), ('96dbca51-d731-5e2c-a3d4-62e8f0faa072', '756cbb59-27d6-58f3-b4b9-8b56121e683f', 65, 'unlisted', 'Map Control Blueprint', '{}', DEFAULT, DEFAULT), ('fc633e1f-14b8-590b-a0ba-c22147aaeeb4', 'cfbfd1d4-e77f-57e5-94da-e9ff2cc7a996', 66, 'private', 'Secure Objective Playbook', '{"magna","consectetur aliqua aliquip Lorem","in sit aute"}', DEFAULT, DEFAULT), ('49af1081-9f3e-5569-af2e-1029eb808baf', 'b32027db-33da-5dc2-b906-e0c2a06ac683', 64, 'public', 'Late Game Scaling Strategy', '{"pariatur ipsum est ex","id incididunt ipsum irure"}', DEFAULT, DEFAULT), ('28c7fcd5-dc0b-528f-92f0-3e19e7b94b50', '8b7e423b-b9b9-5b3c-bf3d-1aa45d16235c', 69, 'public', 'Gank Heavy Approach', '{"aliquip aute exercitation velit","Lorem velit cupidatat aute ad","nostrud excepteur ad deserunt re","sint in mollit","cupidatat","aute et","proident adipisicing nulla"}', DEFAULT, DEFAULT), ('38780d0a-620c-5420-b84b-aa917e5db8c1', '1d3f740a-8c60-5c1d-aa9e-3854a33c8e1d', 61, 'unlisted', 'Aggressive Rush Strategy', '{"occaecat nulla sint non","amet dolor culpa","anim commodo laboris id","nulla","laborum occaecat irure dolor exe","nulla in excepteur in"}', DEFAULT, DEFAULT), ('535c1e86-4fb0-59ea-8076-b54244994b61', '91434b27-2651-5429-8f42-45c3f8e334a0', 66, 'unlisted', 'Split Push Blueprint', '{"proident reprehenderit id pariat","ullamco cillum ad ad","mollit commodo voluptate"}', DEFAULT, DEFAULT), ('5e181f1c-b93c-59a3-a161-c4d4e29f775e', 'd297ab9e-40d4-51b5-bb8f-a1df399f1a9a', 64, 'unlisted', 'Secure Objective Playbook', '{"sint sint duis","ipsum esse eu anim","qui","sit aute qui","sit culpa nisi","fugiat consectetur officia duis ","qui sit","dolore incididunt laboris do","nostrud fugiat eu","id consequat labore reprehenderi"}', DEFAULT, DEFAULT), ('0cd34502-daee-52d8-b8a4-7aa032065e8a', 'd297ab9e-40d4-51b5-bb8f-a1df399f1a9a', 62, 'public', 'Objective Focused Strategy', '{"est culpa minim","culpa excepteur consectetur","irure ad fugiat eiusmod ea","ex ea","sint sit tempor"}', DEFAULT, DEFAULT), ('6c9b6808-e737-5f8f-b196-93c0598b34b9', 'b32027db-33da-5dc2-b906-e0c2a06ac683', 67, 'public', 'Roaming Support Plan', '{"qui"}', DEFAULT, DEFAULT), ('f498173a-b4a1-5b37-ad0b-67596b4fe0ac', '811570ef-0b81-508d-ba05-2f5e812d4131', 68, 'unlisted', 'Siege Tactics Handbook', '{"voluptate reprehenderit velit oc","cillum","ut incididunt","laborum amet exercitation","elit aute"}', DEFAULT, DEFAULT), ('b0d542cd-fe80-5cad-9bd6-a81d0ed1c2f4', 'a88bc9b9-135e-55c7-8c4c-5a072a3c8573', 68, 'unlisted', 'Vision Control Blueprint', '{"reprehenderit eiusmod ullamco es","sint aliqua commodo","amet aute nostrud occaecat","ad irure reprehenderit","ad minim","do commodo incididunt ut","veniam","sunt","elit anim","magna est amet"}', DEFAULT, DEFAULT), ('cd506b7e-0f7c-526c-b650-bb799376c313', '8a0a556f-d942-55f0-8ba8-1ffbfaf3c6d9', 62, 'unlisted', 'Gank Heavy Approach', '{"Lorem","commodo officia","esse","duis mollit velit nisi"}', DEFAULT, DEFAULT), ('d625f518-4ec3-51e2-95c0-6cf965668d68', '756cbb59-27d6-58f3-b4b9-8b56121e683f', 68, 'public', 'Wave Management Plan', '{"cupidatat cupidatat veniam ea","ipsum ad","incididunt ullamco ad elit","dolor incididunt labore","dolor exercitation"}', DEFAULT, DEFAULT), ('66b76653-1cc5-50ef-a109-c059c945f253', '8b7e423b-b9b9-5b3c-bf3d-1aa45d16235c', 69, 'private', 'Team Fight Execution Plan', '{"incididunt non","voluptate voluptate","consectetur aute","magna est consectetur aliqua","cupidatat ipsum veniam mollit","enim labore","magna do"}', DEFAULT, DEFAULT), ('a6dbcc80-e965-5682-9448-6a65a83787b3', 'b32027db-33da-5dc2-b906-e0c2a06ac683', 61, 'public', 'Roaming Support Plan', '{"laborum eu deserunt consequat","esse Lorem incididunt","nisi id","sunt laboris","elit ipsum nulla officia reprehe","pariatur id","consectetur ullamco culpa","consectetur","incididunt aliqua"}', DEFAULT, DEFAULT), ('c4d9fc37-aa2c-5cf4-8cef-779723958882', 'b5605791-3389-56c2-9ec6-17d538b9bb85', 69, 'unlisted', 'Vision Control Blueprint', '{"mollit enim cillum ex ipsum","amet sint","exercitation excepteur","in pariatur amet et","ex officia","elit ut","pariatur magna occaecat","ullamco deserunt","sint dolore"}', DEFAULT, DEFAULT), ('cbdcc83c-77a1-5d75-ace8-183321930672', '36f6f3ba-e867-5008-b6c1-829e989f9d2f', 63, 'private', 'Map Control Blueprint', '{"deserunt occaecat culpa dolore"}', DEFAULT, DEFAULT), ('46b593cf-05b9-5316-ba74-ef4cf062dcc9', 'd297ab9e-40d4-51b5-bb8f-a1df399f1a9a', 65, 'unlisted', 'Vision Control Blueprint', '{"aliquip incididunt","ad qui amet","esse et adipisicing sit"}', DEFAULT, DEFAULT), ('1770dbe6-c529-520b-a36c-454b023ccb2c', '549980e7-3e77-5d76-b263-84664d04b209', 66, 'public', 'Roaming Support Plan', '{"ex nisi ut laborum","ut amet quis","ut excepteur","ut elit","consequat ea","est sint non","minim labore minim"}', DEFAULT, DEFAULT), ('65973815-006c-531b-b69f-bd5d086f7786', 'eda91f04-12ef-5904-88aa-e6ed9a692e03', 68, 'unlisted', 'Wave Management Plan', '{"in magna minim","nulla excepteur occaecat fugiat ","nisi ad","est dolor","et reprehenderit velit pariatur","aute","ex ea"}', DEFAULT, DEFAULT), ('0cd413aa-1a82-5832-9edb-17fd5c059a41', 'b5605791-3389-56c2-9ec6-17d538b9bb85', 70, 'private', 'Vision Denial Blueprint', '{"ipsum est elit","qui labore","irure aliquip officia","labore est ea"}', DEFAULT, DEFAULT), ('5153bc7b-cd04-5c5e-83e9-7b7a5a1390e6', 'd19db439-c7e7-53a7-aa19-0db346180dc1', 64, 'public', 'Roaming Support Plan', '{"tempor aute ullamco ullamco","officia non et excepteur sunt","consequat excepteur culpa fugiat","cupidatat","labore nulla occaecat sunt","sint","ullamco"}', DEFAULT, DEFAULT), ('bd276dfa-2ddb-52c7-9feb-6d2cc281335e', '6c52c1d9-13a4-51ef-ae51-1dacc4c14be9', 62, 'private', 'Map Control Blueprint', '{"dolor esse","veniam reprehenderit do","adipisicing","veniam eu exercitation culpa","magna sunt id"}', DEFAULT, DEFAULT), ('12cafb5f-6adc-5f24-a738-9455dde3eb2a', '549980e7-3e77-5d76-b263-84664d04b209', 62, 'public', 'Wave Management Plan', '{"culpa duis aliquip qui","dolore","cillum velit consequat tempor","excepteur consequat enim","eiusmod","tempor sint","cupidatat adipisicing nostrud qu"}', DEFAULT, DEFAULT), ('e017f166-fa51-5fb5-af86-6fc41cad9674', '8b7e423b-b9b9-5b3c-bf3d-1aa45d16235c', 62, 'private', 'Secure Objective Playbook', '{"et","aliquip irure","nulla","esse","est laboris eiusmod sint duis"}', DEFAULT, DEFAULT), ('544f27bb-a8e9-5b6b-8ec7-f1cfe91406e2', 'a3141029-aec2-543b-b18a-49fe947e3304', 65, 'public', 'Wave Management Plan', '{"minim velit"}', DEFAULT, DEFAULT), ('a704d0a7-ee9e-5aa5-bba9-aff3556d41a2', '2d1d7734-be70-5d07-a538-e76c6cae722e', 65, 'private', 'Wave Management Plan', '{"aute cillum","laborum amet","fugiat ut","quis et laboris nostrud reprehen","labore incididunt","veniam mollit cillum","veniam officia mollit"}', DEFAULT, DEFAULT), ('a758f3b0-169f-56a9-80db-acb9f3972464', '811570ef-0b81-508d-ba05-2f5e812d4131', 62, 'public', 'Defensive Turtle Tactics', '{"duis ea","quis veniam magna quis"}', DEFAULT, DEFAULT), ('1ebb07c2-9cc9-56df-b9e3-71837bafdca1', '6c52c1d9-13a4-51ef-ae51-1dacc4c14be9', 65, 'unlisted', 'Early Game Dominance Guide', '{"ea","et et cupidatat","esse ad ut incididunt","ea Lorem id mollit","nisi qui id ad","nisi ea veniam voluptate","ullamco tempor minim excepteur","do fugiat officia","excepteur ad aute in","consequat ex cupidatat non esse"}', DEFAULT, DEFAULT), ('217c4ba5-3ca5-503f-8fcd-2cf91341f163', 'd1b8f3f8-af26-5088-8712-273c28ba98f7', 69, 'public', 'Vision Control Blueprint', '{"enim qui","ipsum culpa et enim","aliqua mollit","incididunt commodo incididunt en"}', DEFAULT, DEFAULT), ('63c64b00-d130-5928-b403-258ebdb17248', '9584676f-0635-591a-a937-d230d9a3abf3', 69, 'private', 'Early Game Dominance Guide', '{"amet non sunt","aliquip et eu","qui culpa do","sit mollit labore et","mollit in velit","ea reprehenderit velit laboris"}', DEFAULT, DEFAULT), ('0deb1a0e-8f26-576f-af23-e26ef824ea0b', 'd9bba68a-079c-5141-bd43-756b87167584', 70, 'unlisted', 'Split Push Blueprint', '{"sint incididunt amet","est commodo","consectetur laboris","ex consectetur"}', DEFAULT, DEFAULT), ('924718ca-0525-5af0-b71a-2560f2cc09a0', 'ac9f0e3e-b030-584f-a8dd-87355fe22537', 68, 'public', 'Map Control Blueprint', '{"nostrud exercitation excepteur","ea labore","veniam enim exercitation","pariatur velit","exercitation dolore","culpa","veniam elit exercitation","ad quis do dolor adipisicing"}', DEFAULT, DEFAULT), ('877842c0-f0dc-575b-a7ad-30915aaaeebe', '9bf2ad50-cccb-50eb-8269-3a7e78bd21f5', 62, 'private', 'Secure Objective Playbook', '{"elit occaecat proident ea","exercitation est amet","et amet","tempor do","duis veniam","veniam Lorem veniam aute","aute id culpa"}', DEFAULT, DEFAULT), ('ebce0b2a-b558-5f18-bddc-2af385fe3118', '1e7e0bcb-4fc0-5d72-81a5-d67a74a13595', 65, 'unlisted', 'Baron Control Strategy', '{"qui laboris reprehenderit ullamc","ipsum esse","laborum","cupidatat ipsum commodo","occaecat ad est laborum","qui excepteur cupidatat","officia id irure nulla","elit sint sit magna ad","occaecat labore"}', DEFAULT, DEFAULT), ('67f00577-22b1-541a-b8eb-43f4241ec322', '549980e7-3e77-5d76-b263-84664d04b209', 62, 'private', 'Objective Focused Strategy', '{}', DEFAULT, DEFAULT), ('5c1d9b7d-9f54-545c-ae19-f60dd5ff1d25', 'd19db439-c7e7-53a7-aa19-0db346180dc1', 63, 'unlisted', 'Aggressive Rush Strategy', '{"aliquip","adipisicing est sunt","ipsum ea","amet Lorem","enim occaecat","id quis Lorem cillum adipisicing","officia ipsum et","anim aute id","ex quis aliqua"}', DEFAULT, DEFAULT), ('339c2395-3fcf-5f3b-90ec-90611b01fa37', 'a88bc9b9-135e-55c7-8c4c-5a072a3c8573', 65, 'public', 'Early Game Dominance Guide', '{"do enim dolore","pariatur cupidatat adipisicing","enim veniam do cupidatat","aliquip ullamco sunt do","commodo id ipsum nisi","nisi","laboris enim","consequat cupidatat","laborum duis nisi"}', DEFAULT, DEFAULT), ('3e26da35-99ab-5fee-95a6-ca3120af490b', 'd297ab9e-40d4-51b5-bb8f-a1df399f1a9a', 69, 'unlisted', 'Vision Control Blueprint', '{"magna nisi nostrud","incididunt","aliquip deserunt aliqua","ea velit","do nulla deserunt","velit cupidatat","et est","ad"}', DEFAULT, DEFAULT), ('540a4921-798c-58f1-8dda-fbb9b912bb43', '2589cf16-4103-5a4f-b544-b30078083eaa', 70, 'unlisted', 'Vision Denial Blueprint', '{"ea irure","irure dolore proident aliqua","sunt do non eu","deserunt","id excepteur amet anim deserunt","sunt aliqua officia","et sit","aliquip quis cupidatat"}', DEFAULT, DEFAULT), ('81b847bf-bc05-538e-bdc5-721f48634b78', 'eda91f04-12ef-5904-88aa-e6ed9a692e03', 62, 'unlisted', 'Gank Heavy Approach', '{"dolor ipsum","minim","commodo pariatur amet velit eu","aute fugiat commodo esse","consectetur ex dolor","laborum ut","adipisicing in cupidatat magna","sint fugiat","excepteur laborum culpa quis"}', DEFAULT, DEFAULT), ('2c9d2493-4412-5eae-aa39-69858c4bfd99', 'd1b8f3f8-af26-5088-8712-273c28ba98f7', 68, 'private', 'Gank Heavy Approach', '{"ea qui","magna incididunt amet","et pariatur","reprehenderit id nulla ipsum"}', DEFAULT, DEFAULT), ('51ef9256-0eab-579a-868b-52c27ddf10e9', '9bf2ad50-cccb-50eb-8269-3a7e78bd21f5', 64, 'unlisted', 'Early Game Dominance Guide', '{"velit fugiat ipsum est","Lorem dolore excepteur","exercitation","exercitation"}', DEFAULT, DEFAULT), ('d6ceb82b-4af2-5d8a-96c1-8d6a9db93a31', '2d1d7734-be70-5d07-a538-e76c6cae722e', 62, 'public', 'Aggressive Rush Strategy', '{"officia exercitation amet offici","excepteur cupidatat","dolore"}', DEFAULT, DEFAULT), ('01ae0a36-6172-5c0a-baff-6c1805e0976a', '98eaafd3-adbf-5a3e-adb9-b3fb6971b6f1', 69, 'public', 'Wave Management Plan', '{"aute laboris esse","eiusmod sint ex deserunt","do commodo"}', DEFAULT, DEFAULT), ('df70af8b-9578-5bd7-9fd6-02ad92eaedca', '6c52c1d9-13a4-51ef-ae51-1dacc4c14be9', 69, 'unlisted', 'Gank Heavy Approach', '{"dolore Lorem adipisicing sint ei","culpa ex consectetur","ullamco et elit ut nulla","ex ea"}', DEFAULT, DEFAULT), ('82fca927-01aa-5c29-8d7a-7a868f9ba6ea', 'b7a89d05-549f-565f-b631-b59097e91d1a', 65, 'public', 'Rotation Strategy Document', '{"mollit quis fugiat","exercitation","sint consectetur aliqua","incididunt esse","cillum","magna esse dolore ex","nostrud voluptate voluptate","ex veniam ex","laborum reprehenderit quis"}', DEFAULT, DEFAULT), ('4e5550d4-d39a-56c3-8f19-971fdeeb787e', '91434b27-2651-5429-8f42-45c3f8e334a0', 64, 'unlisted', 'Vision Denial Blueprint', '{"deserunt ad pariatur incididunt","ad officia officia excepteur","incididunt in Lorem proident","voluptate do occaecat anim","nulla ad id","consequat ad pariatur","est ad officia elit","ipsum est eiusmod","consequat officia cupidatat"}', DEFAULT, DEFAULT), ('83ec5ac5-8c23-5e38-8151-36af62098fff', '1d3f740a-8c60-5c1d-aa9e-3854a33c8e1d', 61, 'private', 'Siege Tactics Handbook', '{"est","ad do","voluptate est quis qui","exercitation fugiat","anim anim fugiat enim est"}', DEFAULT, DEFAULT), ('d1996167-52fb-5e4a-b849-75efada773e6', 'ac9f0e3e-b030-584f-a8dd-87355fe22537', 63, 'unlisted', 'Defensive Turtle Tactics', '{"sint sunt reprehenderit","reprehenderit ex"}', DEFAULT, DEFAULT), ('1818e464-6a87-5266-8677-c069741c3ab2', '9bf2ad50-cccb-50eb-8269-3a7e78bd21f5', 67, 'unlisted', 'Vision Control Blueprint', '{"minim mollit do labore deserunt","pariatur","esse cupidatat in fugiat do","minim ut","veniam voluptate ad eu"}', DEFAULT, DEFAULT), ('13ebb239-29e1-53ff-93b0-d55e3db05a11', 'd19db439-c7e7-53a7-aa19-0db346180dc1', 61, 'unlisted', 'Baron Control Strategy', '{"in qui nisi voluptate","pariatur eiusmod sit"}', DEFAULT, DEFAULT), ('a0a63713-f2dd-56aa-98a3-f6a26bcae5b9', '1e7e0bcb-4fc0-5d72-81a5-d67a74a13595', 70, 'unlisted', 'Jungle Control Playbook', '{"deserunt aliquip"}', DEFAULT, DEFAULT), ('4029bbad-86a6-5e60-a150-da0664c62b92', '756cbb59-27d6-58f3-b4b9-8b56121e683f', 62, 'private', 'Team Fight Execution Plan', '{}', DEFAULT, DEFAULT), ('6636a6a8-3a2d-5862-bb24-3e77bffdb640', '9bf2ad50-cccb-50eb-8269-3a7e78bd21f5', 68, 'private', 'Wave Management Plan', '{"incididunt id"}', DEFAULT, DEFAULT), ('4ba85443-f89e-5d68-8d4a-da572969b0dd', 'a3141029-aec2-543b-b18a-49fe947e3304', 69, 'public', 'Split Push Blueprint', '{"minim mollit mollit sint","est qui consequat","reprehenderit proident aliqua en","fugiat","laboris elit aliqua exercitation"}', DEFAULT, DEFAULT), ('55fbf0ae-1fd2-57d5-9884-2ceca8eef8f3', 'b7a89d05-549f-565f-b631-b59097e91d1a', 63, 'unlisted', 'Team Fight Execution Plan', '{"anim commodo in nisi est","nostrud sunt et","est qui","aute non deserunt"}', DEFAULT, DEFAULT), ('c91a5204-a47c-5f58-8042-f917f2facb4b', '882c7ae5-914f-539d-8207-691de536097f', 69, 'public', 'Late Game Scaling Strategy', '{"excepteur mollit","fugiat elit","enim anim nisi velit","sit irure","Lorem"}', DEFAULT, DEFAULT), ('fdca53a8-e101-5585-90b8-82f7d3c1fc24', '8a0a556f-d942-55f0-8ba8-1ffbfaf3c6d9', 69, 'public', 'Jungle Control Playbook', '{"ullamco mollit","eu magna cupidatat","et reprehenderit incididunt","dolore minim quis","elit"}', DEFAULT, DEFAULT), ('a76c18ad-af72-57b7-b165-f7757943d51e', '549980e7-3e77-5d76-b263-84664d04b209', 69, 'unlisted', 'Jungle Control Playbook', '{"nulla minim","elit magna consequat","fugiat mollit officia eu exercit","commodo ipsum qui","tempor ullamco qui id in","est enim incididunt","adipisicing consectetur","consectetur eiusmod exercitation"}', DEFAULT, DEFAULT), ('bf7ffe87-c4e2-5aa1-86f7-2fdfa8315ff6', '438bff0e-fd50-5c86-89ee-d397a0c0e548', 64, 'unlisted', 'Gank Heavy Approach', '{"id culpa irure ipsum","cillum pariatur sunt magna","nulla culpa"}', DEFAULT, DEFAULT), ('764f06ba-b246-5c62-8e43-89fe991c749d', '1d3f740a-8c60-5c1d-aa9e-3854a33c8e1d', 65, 'public', 'Secure Objective Playbook', '{"occaecat laboris pariatur","incididunt Lorem occaecat","do do ex labore","amet quis mollit dolore","Lorem occaecat","Lorem dolore laboris","anim proident ut dolore esse","minim exercitation pariatur"}', DEFAULT, DEFAULT), ('229d48f9-9e17-5f91-bd2c-3f3cdbae28c1', 'd1b8f3f8-af26-5088-8712-273c28ba98f7', 68, 'public', 'Counter Pick Blueprint', '{"amet laboris commodo","amet nostrud laborum","voluptate veniam Lorem dolore"}', DEFAULT, DEFAULT), ('505fdba9-c563-5897-bd99-f3fd7e6efb10', '98eaafd3-adbf-5a3e-adb9-b3fb6971b6f1', 63, 'private', 'Map Control Blueprint', '{"dolor nulla fugiat deserunt","anim excepteur","Lorem id"}', DEFAULT, DEFAULT), ('ad47e58b-6404-5eb4-b01c-1ab02b3af226', 'b5605791-3389-56c2-9ec6-17d538b9bb85', 69, 'private', 'Gank Heavy Approach', '{"laborum veniam minim adipisicing","dolor et occaecat aliquip","id et dolor","consectetur Lorem","laboris ut et","ad","minim amet amet","velit quis qui","ad elit","in"}', DEFAULT, DEFAULT), ('4ae4f149-a1da-5a76-913f-5ea02c87f4e0', 'd1b8f3f8-af26-5088-8712-273c28ba98f7', 63, 'unlisted', 'Counter Pick Blueprint', '{}', DEFAULT, DEFAULT), ('a85217e5-f8d6-5dd0-996b-8464fa1021ff', 'eda91f04-12ef-5904-88aa-e6ed9a692e03', 69, 'public', 'Counter Pick Blueprint', '{"aliquip veniam nisi laboris","sunt excepteur esse ipsum culpa","id","mollit mollit labore fugiat eius","ex occaecat dolore consequat","ea exercitation anim","ex","nulla consectetur sit occaecat","magna laborum magna ipsum"}', DEFAULT, DEFAULT), ('b21411a7-0afc-5cf3-81fc-471ab95f5d8d', 'd9bba68a-079c-5141-bd43-756b87167584', 68, 'unlisted', 'Vision Denial Blueprint', '{"dolor dolore ut consectetur","anim consequat","incididunt eiusmod quis","excepteur commodo non proident","nisi"}', DEFAULT, DEFAULT), ('d37fd98f-746a-582e-a0fc-de28d96e48c5', '8b7e423b-b9b9-5b3c-bf3d-1aa45d16235c', 61, 'public', 'Siege Tactics Handbook', '{"ad nisi","amet aute quis dolor","id","dolor non do sit","amet mollit eu","deserunt","cillum exercitation labore","dolor velit cupidatat dolor"}', DEFAULT, DEFAULT), ('2dc53ff7-923f-50df-a732-82b60afbba2f', '98eaafd3-adbf-5a3e-adb9-b3fb6971b6f1', 68, 'unlisted', 'Roaming Support Plan', '{"voluptate occaecat","culpa duis"}', DEFAULT, DEFAULT), ('f9690101-a16f-5108-b391-78c9dba8aeee', '2d1d7734-be70-5d07-a538-e76c6cae722e', 66, 'unlisted', 'Late Game Scaling Strategy', '{"anim minim consectetur","enim sint mollit","sunt pariatur","qui","dolore dolor qui consequat","aliquip sint eu excepteur commod","adipisicing consectetur amet mag","enim pariatur mollit","id pariatur anim"}', DEFAULT, DEFAULT), ('7441a375-e1c1-5111-b299-b73d6da10ca2', 'a5831e58-2fc9-5b59-970d-00c344a4eb18', 62, 'unlisted', 'Vision Denial Blueprint', '{"irure est ea cupidatat elit","deserunt qui nostrud voluptate"}', DEFAULT, DEFAULT), ('ca1d2bcf-5a98-5759-81b6-75e3ed47122a', '811570ef-0b81-508d-ba05-2f5e812d4131', 62, 'private', 'Objective Focused Strategy', '{"pariatur nisi tempor excepteur","adipisicing pariatur","consequat do"}', DEFAULT, DEFAULT), ('77b1dab4-a856-5c18-bb24-053f8869bc5b', '811570ef-0b81-508d-ba05-2f5e812d4131', 64, 'private', 'Rotation Strategy Document', '{"ipsum aliquip","minim sunt consequat","labore do laborum"}', DEFAULT, DEFAULT), ('08b3c695-d6fb-54e4-9ef2-bf508a57adc1', 'd297ab9e-40d4-51b5-bb8f-a1df399f1a9a', 66, 'public', 'Aggressive Rush Strategy', '{"et esse consectetur","amet"}', DEFAULT, DEFAULT), ('7dc16d02-274a-5e7f-bc31-6af29982313f', '36f6f3ba-e867-5008-b6c1-829e989f9d2f', 67, 'private', 'Late Game Scaling Strategy', '{"ipsum qui eu","laborum deserunt commodo","eiusmod deserunt ex","velit et labore ad"}', DEFAULT, DEFAULT), ('acad405c-f8e9-559b-bd11-e0ffc3bebca6', '91434b27-2651-5429-8f42-45c3f8e334a0', 61, 'unlisted', 'Siege Tactics Handbook', '{"reprehenderit in","ipsum consectetur id ut consequa","velit","commodo mollit cillum irure","cupidatat irure","Lorem dolor duis","do do non commodo","excepteur deserunt dolore laboru","incididunt sunt"}', DEFAULT, DEFAULT), ('16d95573-87cd-5d45-be45-e8a020ba40ac', '2d1d7734-be70-5d07-a538-e76c6cae722e', 61, 'private', 'Counter Pick Blueprint', '{"ad","veniam anim proident aliquip","sint esse enim","consectetur magna quis","Lorem mollit sit nostrud"}', DEFAULT, DEFAULT), ('5a993b43-eca0-563f-b6c9-fdd440759e85', '438bff0e-fd50-5c86-89ee-d397a0c0e548', 65, 'unlisted', 'Team Fight Execution Plan', '{"fugiat dolore nostrud","nostrud exercitation","do eu","veniam velit elit"}', DEFAULT, DEFAULT), ('f7bfc2c8-d52a-5806-97fd-77bd67d93b23', 'd9bba68a-079c-5141-bd43-756b87167584', 63, 'unlisted', 'Counter Pick Blueprint', '{"laborum laborum","elit minim","dolore","proident veniam incididunt","mollit consequat duis veniam","irure","eiusmod","laboris magna"}', DEFAULT, DEFAULT), ('748d5a8c-f2bf-5974-9c72-24f98b85813b', '6c52c1d9-13a4-51ef-ae51-1dacc4c14be9', 62, 'private', 'Defensive Turtle Tactics', '{"in","reprehenderit nisi non sit","ea","amet dolor","non ipsum qui anim deserunt"}', DEFAULT, DEFAULT), ('808d9117-ba04-5cb0-8827-639e2642b0ee', 'a88bc9b9-135e-55c7-8c4c-5a072a3c8573', 68, 'public', 'Team Fight Execution Plan', '{"Lorem","ea elit incididunt","enim duis irure esse","labore Lorem","ut non dolor","tempor culpa veniam"}', DEFAULT, DEFAULT), ('e0185351-5b08-58b2-bd3e-c09965750112', 'a5831e58-2fc9-5b59-970d-00c344a4eb18', 69, 'public', 'Roaming Support Plan', '{}', DEFAULT, DEFAULT), ('993f7ab3-9b54-5771-a99e-0c6d75a1f37d', '8a0a556f-d942-55f0-8ba8-1ffbfaf3c6d9', 64, 'unlisted', 'Late Game Scaling Strategy', '{"in voluptate nostrud nostrud","ex eiusmod excepteur sit ad","consectetur qui","quis do","magna commodo culpa sunt sunt","laborum est"}', DEFAULT, DEFAULT), ('bdb5114a-76d3-5fe4-944c-043e7ebd99da', '9b1fc781-1e4e-56d2-bd68-0dc257a319c0', 68, 'public', 'Baron Control Strategy', '{"magna culpa velit","proident dolore"}', DEFAULT, DEFAULT), ('aa4964a1-4611-5528-9df9-ef170866214f', 'd297ab9e-40d4-51b5-bb8f-a1df399f1a9a', 63, 'unlisted', 'Baron Control Strategy', '{"adipisicing cillum elit commodo ","sunt","labore ex dolor incididunt","pariatur incididunt velit anim","laborum nisi aute","ea","sint"}', DEFAULT, DEFAULT), ('ec14513a-7d3c-5172-b68b-d531791ec9de', '9b1fc781-1e4e-56d2-bd68-0dc257a319c0', 67, 'private', 'Aggressive Rush Strategy', '{"cillum ullamco dolor adipisicing","do officia","sunt excepteur occaecat consecte","cillum est irure","cupidatat sunt ad sit","eiusmod sunt nulla","non sunt"}', DEFAULT, DEFAULT), ('a0f81f50-aa3d-5780-b485-a54fb7b7833a', '1e7e0bcb-4fc0-5d72-81a5-d67a74a13595', 70, 'private', 'Team Fight Execution Plan', '{"esse enim tempor tempor occaecat","consectetur amet magna","anim aliqua cupidatat","duis id sit non elit","nulla laboris aliquip incididunt","enim cillum aliqua tempor","enim esse"}', DEFAULT, DEFAULT), ('aabd5608-e04b-5bd8-8d75-d004a1b17409', '9bf2ad50-cccb-50eb-8269-3a7e78bd21f5', 70, 'unlisted', 'Objective Focused Strategy', '{"ipsum commodo mollit aute","do sunt","laborum ut enim","anim","ullamco aute nulla minim","laboris"}', DEFAULT, DEFAULT), ('7bcc2b79-de31-5963-9cfd-559af77da3be', '1e7e0bcb-4fc0-5d72-81a5-d67a74a13595', 68, 'unlisted', 'Wave Management Plan', '{"eiusmod consectetur proident"}', DEFAULT, DEFAULT), ('b4293a01-a1be-5e58-a088-abc550c9f820', '8b7e423b-b9b9-5b3c-bf3d-1aa45d16235c', 64, 'private', 'Early Game Dominance Guide', '{"dolor minim excepteur non","aliquip","eiusmod culpa aliqua","aliquip aliquip consectetur quis","non consectetur","culpa"}', DEFAULT, DEFAULT), ('a97e2960-b385-5f99-88c2-9e562f32234e', '8b7e423b-b9b9-5b3c-bf3d-1aa45d16235c', 67, 'public', 'Team Fight Execution Plan', '{}', DEFAULT, DEFAULT), ('db39a462-f36a-54ba-b38e-2fcf35273cba', 'd297ab9e-40d4-51b5-bb8f-a1df399f1a9a', 63, 'private', 'Counter Pick Blueprint', '{}', DEFAULT, DEFAULT), ('35dc016a-9edc-565d-923e-9bee9a60bd24', '92bf5244-388d-5bbf-bd84-1c7ad2efe31b', 64, 'public', 'Siege Tactics Handbook', '{"do","dolor occaecat quis ut"}', DEFAULT, DEFAULT), ('61e4dc6c-b183-5c81-91cb-8dc622fd6913', '811570ef-0b81-508d-ba05-2f5e812d4131', 62, 'unlisted', 'Siege Tactics Handbook', '{"non duis veniam","amet reprehenderit in dolor","quis nulla non"}', DEFAULT, DEFAULT), ('b5df5eae-45e8-5f54-a8f9-351afabf5f65', 'a5831e58-2fc9-5b59-970d-00c344a4eb18', 69, 'unlisted', 'Rotation Strategy Document', '{"dolore ipsum adipisicing","veniam","do velit","deserunt","dolor aute","non officia","duis reprehenderit sit consequat"}', DEFAULT, DEFAULT), ('18aa22db-700e-5a8a-892c-5bf7b7da1bbf', '1e7e0bcb-4fc0-5d72-81a5-d67a74a13595', 62, 'public', 'Aggressive Rush Strategy', '{"ea sit velit","eiusmod dolor"}', DEFAULT, DEFAULT), ('7c9a7a2f-bf97-5fb7-9ff3-bb3e363fce60', '756cbb59-27d6-58f3-b4b9-8b56121e683f', 62, 'unlisted', 'Gank Heavy Approach', '{"occaecat aute","pariatur qui","minim nostrud","esse laboris esse","consectetur et labore cillum","eiusmod cupidatat aliquip","nulla cillum","minim commodo","nulla pariatur ea consequat","sint magna"}', DEFAULT, DEFAULT), ('93216013-7bd8-59b1-a3f0-b1087d4d7f00', '811570ef-0b81-508d-ba05-2f5e812d4131', 67, 'public', 'Secure Objective Playbook', '{"id fugiat dolore","laboris aute cillum","ex consectetur proident","Lorem","id ea qui","qui","do dolor velit tempor","occaecat aliquip dolor adipisici","minim ex","consequat mollit ex anim"}', DEFAULT, DEFAULT), ('3e057cf2-df3a-50e5-82fa-e2dcf87ebd5a', 'a5831e58-2fc9-5b59-970d-00c344a4eb18', 63, 'public', 'Secure Objective Playbook', '{"duis ea","anim id mollit adipisicing","amet officia aliqua id","elit commodo","eiusmod labore anim aliqua","veniam irure ut commodo","et deserunt dolor","minim amet in cillum","amet veniam nulla mollit Lorem"}', DEFAULT, DEFAULT), ('e3f5f266-44d3-5096-b897-56678a5f974b', 'b5605791-3389-56c2-9ec6-17d538b9bb85', 70, 'private', 'Vision Denial Blueprint', '{"deserunt duis et","mollit","Lorem ex id nulla aliquip","cupidatat aliquip aliqua nulla e","magna mollit adipisicing in volu","irure ad minim minim","nostrud culpa enim adipisicing e","reprehenderit reprehenderit veni"}', DEFAULT, DEFAULT), ('ffbcf0c1-44bb-549f-ba50-18e1e874a611', '756cbb59-27d6-58f3-b4b9-8b56121e683f', 63, 'private', 'Counter Pick Blueprint', '{"velit","exercitation velit","aliquip sint consequat","ut magna","sint proident","et esse","commodo eu excepteur","quis anim cillum"}', DEFAULT, DEFAULT), ('c4f414cf-451e-5497-88db-62020e3a0dc5', 'd19db439-c7e7-53a7-aa19-0db346180dc1', 62, 'private', 'Baron Control Strategy', '{"ex non enim sint ea","ea proident","sit reprehenderit aliquip dolore","dolor commodo minim officia","est dolore cillum Lorem","Lorem occaecat duis"}', DEFAULT, DEFAULT), ('a109823a-0d02-5064-b8ef-3186d6d08cb0', 'a88bc9b9-135e-55c7-8c4c-5a072a3c8573', 61, 'private', 'Aggressive Rush Strategy', '{"ea commodo sit","incididunt"}', DEFAULT, DEFAULT), ('3e4b1eac-b214-5aaa-a7f0-29af8a5b2ce9', '2589cf16-4103-5a4f-b544-b30078083eaa', 61, 'public', 'Rotation Strategy Document', '{"dolore aute ipsum","dolor velit amet excepteur","commodo nostrud et nostrud ad","sunt dolore","in sint","irure dolor nisi esse culpa"}', DEFAULT, DEFAULT), ('72819b1c-0a2a-5e86-b5bc-5741c2854f96', 'b32027db-33da-5dc2-b906-e0c2a06ac683', 62, 'private', 'Split Push Blueprint', '{"ipsum","qui exercitation magna","eiusmod adipisicing quis","dolor","aliquip dolore velit"}', DEFAULT, DEFAULT), ('b5d7b26a-56f4-59fc-853e-1a1306ab6e95', '756cbb59-27d6-58f3-b4b9-8b56121e683f', 63, 'public', 'Objective Focused Strategy', '{"Lorem in occaecat","aute mollit","nisi ea","commodo fugiat sint aliquip","ex laborum anim deserunt duis","in sit pariatur proident","veniam qui","sit ex ea","Lorem exercitation nulla exercit","irure culpa"}', DEFAULT, DEFAULT), ('29365629-31e8-5e53-b1ae-ffdad1c2009e', '92bf5244-388d-5bbf-bd84-1c7ad2efe31b', 64, 'unlisted', 'Jungle Control Playbook', '{"velit ut","pariatur qui"}', DEFAULT, DEFAULT), ('ef9b1028-31e2-59d9-a64e-2a4d1686e96e', '1e7e0bcb-4fc0-5d72-81a5-d67a74a13595', 70, 'unlisted', 'Objective Focused Strategy', '{"aute culpa","elit consectetur exercitation","dolore","pariatur ullamco"}', DEFAULT, DEFAULT), ('51f9c2fa-a6a8-5d1e-9ef8-efb89c34ee1c', 'eda91f04-12ef-5904-88aa-e6ed9a692e03', 69, 'private', 'Split Push Blueprint', '{"do ex","commodo nulla consectetur pariat","veniam ad anim ipsum","magna dolor","in labore","mollit eiusmod id do","magna laboris irure","duis adipisicing consectetur occ","qui tempor duis sunt"}', DEFAULT, DEFAULT), ('930338c0-ea8e-56fc-b2df-a68255a6182c', '3ff60d7a-a4ad-54c5-a422-53b52cd53093', 67, 'private', 'Aggressive Rush Strategy', '{"eiusmod anim","sunt magna irure officia","minim voluptate","pariatur non cupidatat","amet nisi esse","esse excepteur pariatur proident","Lorem elit","sunt mollit in"}', DEFAULT, DEFAULT), ('14f0b4c0-9d33-5d68-85ae-cc3d31b6b19e', '92bf5244-388d-5bbf-bd84-1c7ad2efe31b', 66, 'public', 'Jungle Control Playbook', '{"est veniam excepteur adipisicing","dolor aliqua voluptate tempor oc","id sunt","sunt","excepteur","velit occaecat eu anim","laboris consectetur","commodo elit ipsum"}', DEFAULT, DEFAULT), ('7c51f66f-cf81-571f-a65c-f571f1f39cc9', '9584676f-0635-591a-a937-d230d9a3abf3', 70, 'private', 'Roaming Support Plan', '{"cillum sunt","Lorem consequat nostrud","labore enim","irure esse do","deserunt nostrud voluptate proid","minim commodo deserunt qui","dolore dolor","ea sit","sit Lorem anim elit sint"}', DEFAULT, DEFAULT), ('764b9b2a-d477-5bff-a789-cba064ac71f8', '8a0a556f-d942-55f0-8ba8-1ffbfaf3c6d9', 64, 'public', 'Vision Control Blueprint', '{"fugiat elit","culpa voluptate quis","laborum minim id excepteur","occaecat laboris minim fugiat","laboris velit qui"}', DEFAULT, DEFAULT), ('1125d49b-2ad6-5500-bd14-7e0649f5dd73', '9584676f-0635-591a-a937-d230d9a3abf3', 62, 'unlisted', 'Team Fight Execution Plan', '{"cupidatat eiusmod","esse deserunt sint labore irure","anim ex aliqua labore","dolore laboris"}', DEFAULT, DEFAULT), ('de1d5557-45c4-5747-8c2d-f8c09704db25', '882c7ae5-914f-539d-8207-691de536097f', 63, 'private', 'Baron Control Strategy', '{"amet consectetur deserunt eu"}', DEFAULT, DEFAULT), ('dc2759a8-51ca-575d-9678-0ac64e900648', 'b32027db-33da-5dc2-b906-e0c2a06ac683', 70, 'private', 'Late Game Scaling Strategy', '{"consequat","nulla dolore elit eu","nisi consequat anim fugiat"}', DEFAULT, DEFAULT), ('8c0ef303-3ae4-5fe5-b0be-ef1788ae8707', 'd1b8f3f8-af26-5088-8712-273c28ba98f7', 62, 'public', 'Vision Control Blueprint', '{"laboris minim nostrud tempor","velit"}', DEFAULT, DEFAULT), ('ddd094e1-b8f4-560e-b960-af5227a9b337', '91fa3874-9437-5dfa-a49a-f19fb38d9e92', 64, 'unlisted', 'Map Control Blueprint', '{"voluptate sunt","ad ut","tempor aliqua duis","velit adipisicing minim culpa","enim","sint in velit"}', DEFAULT, DEFAULT), ('4bd93d1d-9da0-508d-a30a-5cd1fe2e858d', '8b7e423b-b9b9-5b3c-bf3d-1aa45d16235c', 62, 'public', 'Baron Control Strategy', '{"nisi est cillum voluptate","id reprehenderit esse amet","laboris labore","id ut"}', DEFAULT, DEFAULT), ('2d25022b-866c-584e-895d-11b8a727c08f', '1e7e0bcb-4fc0-5d72-81a5-d67a74a13595', 68, 'public', 'Jungle Control Playbook', '{"cupidatat ad magna","labore qui aliqua ad","deserunt occaecat exercitation","esse nostrud","sunt culpa"}', DEFAULT, DEFAULT), ('8d4a5d0e-3ef8-5e54-ac1b-6a14acb1ad0e', '8a0a556f-d942-55f0-8ba8-1ffbfaf3c6d9', 69, 'private', 'Team Fight Execution Plan', '{"ullamco cillum","labore id incididunt","sint proident cupidatat","occaecat aliquip adipisicing"}', DEFAULT, DEFAULT), ('6b889196-1556-5eef-89c0-e7506a0ca45b', 'ac9f0e3e-b030-584f-a8dd-87355fe22537', 61, 'public', 'Baron Control Strategy', '{"consequat laborum","anim culpa reprehenderit"}', DEFAULT, DEFAULT), ('e6b5025c-d432-567c-bc94-e80f642225ff', '549980e7-3e77-5d76-b263-84664d04b209', 67, 'public', 'Aggressive Rush Strategy', '{"cillum","quis et cupidatat","sunt sint voluptate","occaecat cillum et","anim do cillum","sint occaecat veniam","magna","mollit laboris sint qui in","eu ex irure minim"}', DEFAULT, DEFAULT), ('4d0eaa15-67e7-50e5-bd92-8596a8c41516', 'b5605791-3389-56c2-9ec6-17d538b9bb85', 69, 'public', 'Jungle Control Playbook', '{"et labore ipsum","commodo laboris ea","deserunt ullamco","adipisicing esse sit est","tempor proident fugiat","mollit culpa","anim proident pariatur"}', DEFAULT, DEFAULT), ('c2405ac9-0838-5ce8-a85b-e6db0fbe6c10', 'ac9f0e3e-b030-584f-a8dd-87355fe22537', 67, 'unlisted', 'Early Game Dominance Guide', '{"voluptate","eu","incididunt excepteur","ex et nostrud dolor proident"}', DEFAULT, DEFAULT), ('c8df1446-9b17-5687-8ff4-001003cfca37', '882c7ae5-914f-539d-8207-691de536097f', 70, 'private', 'Jungle Control Playbook', '{"tempor sunt","amet officia enim aliquip"}', DEFAULT, DEFAULT), ('f706294d-163e-5aef-a517-eae489067781', '3ff60d7a-a4ad-54c5-a422-53b52cd53093', 62, 'public', 'Counter Pick Blueprint', '{"et velit elit cillum laboris","elit ea elit proident","velit aute ut consectetur","reprehenderit nulla nisi ad","incididunt","ex sint","duis aliqua est","labore do quis"}', DEFAULT, DEFAULT), ('bee3d023-7908-5b1b-a6e7-320078c804bf', '91434b27-2651-5429-8f42-45c3f8e334a0', 61, 'private', 'Roaming Support Plan', '{"ut incididunt consectetur ea","nisi velit elit exercitation"}', DEFAULT, DEFAULT), ('d607d7db-ee7a-57fa-b0f1-08a24201e561', '811570ef-0b81-508d-ba05-2f5e812d4131', 66, 'unlisted', 'Objective Focused Strategy', '{"nostrud commodo","pariatur duis laborum","nostrud non","est velit"}', DEFAULT, DEFAULT), ('6db5eb76-a4d8-59b2-8682-ac0a5dca423f', '6c52c1d9-13a4-51ef-ae51-1dacc4c14be9', 65, 'public', 'Objective Focused Strategy', '{"labore irure","do id","excepteur et exercitation exerci","eiusmod occaecat"}', DEFAULT, DEFAULT), ('f0859c52-737d-58da-9c95-b804668a9ae6', 'ac9f0e3e-b030-584f-a8dd-87355fe22537', 62, 'public', 'Gank Heavy Approach', '{"anim duis","irure laborum ex est","aliqua officia aliqua"}', DEFAULT, DEFAULT), ('f843e0b1-5e16-5c9e-923e-e155f87b2422', '811570ef-0b81-508d-ba05-2f5e812d4131', 69, 'unlisted', 'Aggressive Rush Strategy', '{"laboris nulla velit","ipsum irure pariatur pariatur el","elit nisi ad exercitation","culpa reprehenderit","nostrud"}', DEFAULT, DEFAULT), ('971d3e7d-1fd1-5fd1-ba3a-0a99dda2cb04', 'a5831e58-2fc9-5b59-970d-00c344a4eb18', 68, 'public', 'Secure Objective Playbook', '{"laborum anim","non enim irure laboris","veniam laborum","id irure sit proident esse","mollit velit eu","magna cillum est","eiusmod elit deserunt occaecat","occaecat laboris ut quis","excepteur fugiat pariatur"}', DEFAULT, DEFAULT), ('51c6dab5-99f7-56c9-a820-7cfc76e25abf', '2d1d7734-be70-5d07-a538-e76c6cae722e', 69, 'public', 'Early Game Dominance Guide', '{"aute"}', DEFAULT, DEFAULT), ('88430d1c-f998-5183-ac05-d06b362a058a', 'd1b8f3f8-af26-5088-8712-273c28ba98f7', 65, 'public', 'Map Control Blueprint', '{"qui incididunt nulla deserunt ex","proident culpa fugiat labore","mollit proident fugiat tempor","fugiat aute","incididunt culpa exercitation el","sit ut"}', DEFAULT, DEFAULT), ('fc959555-d183-544e-8cf6-52532b383f25', '9bf2ad50-cccb-50eb-8269-3a7e78bd21f5', 70, 'private', 'Jungle Control Playbook', '{"ut anim et","est culpa pariatur nostrud tempo","nostrud sunt","proident ad nulla","in commodo occaecat","irure consectetur mollit non","culpa pariatur minim","nulla non qui"}', DEFAULT, DEFAULT), ('94935318-fc9b-5864-874e-912b663c75f7', '438bff0e-fd50-5c86-89ee-d397a0c0e548', 70, 'private', 'Defensive Turtle Tactics', '{"elit ad","magna aliquip consectetur","fugiat amet esse ipsum eu"}', DEFAULT, DEFAULT), ('ea529f5a-add2-5f29-a44d-2a799c7ab051', 'a88bc9b9-135e-55c7-8c4c-5a072a3c8573', 67, 'unlisted', 'Early Game Dominance Guide', '{"veniam minim dolor","mollit ut laborum ad","magna","quis cillum officia","ex amet cillum mollit"}', DEFAULT, DEFAULT), ('b2bd3c17-1864-5b1f-8d71-b6fe96b48ba6', '91fa3874-9437-5dfa-a49a-f19fb38d9e92', 64, 'public', 'Early Game Dominance Guide', '{"eu veniam excepteur esse","elit cupidatat nulla"}', DEFAULT, DEFAULT), ('a46777c9-6f34-5718-a195-68edd93e1d42', 'ac9f0e3e-b030-584f-a8dd-87355fe22537', 61, 'private', 'Split Push Blueprint', '{"commodo in","officia est tempor qui","incididunt"}', DEFAULT, DEFAULT), ('0f3df2fb-dd6e-55b9-9f86-0babb8fec748', 'a88bc9b9-135e-55c7-8c4c-5a072a3c8573', 64, 'public', 'Vision Control Blueprint', '{"ut ea","nulla quis sint","mollit mollit reprehenderit","laborum laboris quis","nisi anim enim","tempor eiusmod esse incididunt"}', DEFAULT, DEFAULT), ('95bb7f47-209b-5f16-a018-19e8f23e6e16', 'a3141029-aec2-543b-b18a-49fe947e3304', 65, 'public', 'Jungle Control Playbook', '{"minim laboris dolor velit","elit commodo sit","culpa aute","ea aute cupidatat pariatur","velit anim veniam","do ipsum incididunt","minim voluptate"}', DEFAULT, DEFAULT), ('78959a88-41ee-5d40-85cb-71e22f4c47aa', '8a0a556f-d942-55f0-8ba8-1ffbfaf3c6d9', 66, 'public', 'Jungle Control Playbook', '{"nisi eu eiusmod fugiat nostrud","dolore in","dolore qui","Lorem sint eiusmod velit","proident consequat non"}', DEFAULT, DEFAULT), ('a9e614f8-c87a-596e-bdaf-6e577865453e', '2589cf16-4103-5a4f-b544-b30078083eaa', 68, 'public', 'Siege Tactics Handbook', '{"magna est et","adipisicing","aliqua","anim eiusmod proident laboris"}', DEFAULT, DEFAULT), ('f80096a0-59ff-58f8-a58f-cd508cb0f33e', '36f6f3ba-e867-5008-b6c1-829e989f9d2f', 67, 'public', 'Defensive Turtle Tactics', '{"ut exercitation tempor magna"}', DEFAULT, DEFAULT), ('a444e395-f85a-5fcf-904b-e713df3a17f6', '438bff0e-fd50-5c86-89ee-d397a0c0e548', 68, 'public', 'Siege Tactics Handbook', '{"eu exercitation eiusmod"}', DEFAULT, DEFAULT);
INSERT INTO public.member_role (id,name,flags) VALUES (19, 'owner', 511), (20, 'editor', 7), (21, 'viewer', 1);
SELECT setval('"public"."member_role_id_seq"'::regclass, (SELECT MAX("id") FROM "public"."member_role"));
