INSERT INTO public.game (id,name,alias,icon,metadata,created_at) VALUES (14, 'Id Voluptate', 'NBA2K', 'https://svgur.com/i/15ay.svg', DEFAULT, DEFAULT), (15, 'Reprehenderit Deserunt', 'NBA2K', 'https://svgur.com/i/15ay.svg', DEFAULT, DEFAULT), (16, 'Occaecat Aliquip', 'GTA', 'https://svgur.com/i/15ay.svg', DEFAULT, DEFAULT);
SELECT setval('"public"."game_id_seq"'::regclass, (SELECT MAX("id") FROM "public"."game"));
INSERT INTO public.team (id,name,plan_id,created_at,updated_at) VALUES ('7c2c4732-09c1-5f7b-87ca-c53e7497b4ef', 'Dolorum me propter m', NULL, DEFAULT, DEFAULT), ('f50563b6-8532-51ec-b121-d8c6bca3e897', 'Quo disserui inis su', NULL, DEFAULT, DEFAULT), ('f1bf295c-195b-5a42-9c6b-5bfa14b58307', 'Voluptatib malum ea ', NULL, DEFAULT, DEFAULT), ('5e20f9a8-7b26-5a5f-8426-6b12c182d23c', 'Tractatem compartemp', NULL, DEFAULT, DEFAULT), ('53fe0e9e-3358-5722-b994-4faad8733cd3', 'Venire bonoribus ode', NULL, DEFAULT, DEFAULT), ('e4834379-a7a0-5f41-8193-f598072b1c83', 'Moles habeaturnit su', NULL, DEFAULT, DEFAULT), ('782f7eda-e535-5ab3-8415-643126d3b0fa', 'Autem sed rerum modo', NULL, DEFAULT, DEFAULT), ('5daf6f25-3b97-5f49-8f75-4ba5d1d74cd3', 'Quae sum decoribus i', NULL, DEFAULT, DEFAULT), ('3788fdae-c690-5563-abac-18b51e4d210f', 'Synephebos sin in en', NULL, DEFAULT, DEFAULT);
INSERT INTO public.plan (id,name,pricing,pricing_interval,is_default,config,created_at,updated_at) VALUES (4, 'Essential', 10.244888848695407, 'monthly', 't', DEFAULT, DEFAULT, DEFAULT), (5, 'Advanced', 15.803108597090716, 'monthly', DEFAULT, DEFAULT, DEFAULT, DEFAULT), (6, 'Pro', 12.111348826482082, 'yearly', DEFAULT, DEFAULT, DEFAULT, DEFAULT);
INSERT INTO public.book (id,name,team_id,game_id,created_at,updated_at) VALUES ('1e7e0bcb-4fc0-5d72-81a5-d67a74a13595', 'Tempor Occaecat', '7c2c4732-09c1-5f7b-87ca-c53e7497b4ef', 15, DEFAULT, DEFAULT), ('d297ab9e-40d4-51b5-bb8f-a1df399f1a9a', 'Do Voluptate', '7c2c4732-09c1-5f7b-87ca-c53e7497b4ef', 15, DEFAULT, DEFAULT), ('d1b8f3f8-af26-5088-8712-273c28ba98f7', 'Ex Ipsum', '7c2c4732-09c1-5f7b-87ca-c53e7497b4ef', 15, DEFAULT, DEFAULT), ('3ff60d7a-a4ad-54c5-a422-53b52cd53093', 'Cupidatat Exercitati', '7c2c4732-09c1-5f7b-87ca-c53e7497b4ef', 16, DEFAULT, DEFAULT), ('cfbfd1d4-e77f-57e5-94da-e9ff2cc7a996', 'Dolore Veniam', '7c2c4732-09c1-5f7b-87ca-c53e7497b4ef', 16, DEFAULT, DEFAULT), ('92bf5244-388d-5bbf-bd84-1c7ad2efe31b', 'Sint Magna', '7c2c4732-09c1-5f7b-87ca-c53e7497b4ef', 15, DEFAULT, DEFAULT), ('9584676f-0635-591a-a937-d230d9a3abf3', 'Incididunt In', '7c2c4732-09c1-5f7b-87ca-c53e7497b4ef', 15, DEFAULT, DEFAULT), ('5777772e-8d66-5c0f-ab03-fb0419760db6', 'Fugiat Veniam', '7c2c4732-09c1-5f7b-87ca-c53e7497b4ef', 15, DEFAULT, DEFAULT), ('62507209-107c-55b5-9f47-9cad3cb25da5', 'Dolor Irure', '7c2c4732-09c1-5f7b-87ca-c53e7497b4ef', 15, DEFAULT, DEFAULT), ('98eaafd3-adbf-5a3e-adb9-b3fb6971b6f1', 'Tempor Occaecat', 'f50563b6-8532-51ec-b121-d8c6bca3e897', 15, DEFAULT, DEFAULT), ('2d1d7734-be70-5d07-a538-e76c6cae722e', 'Do Voluptate', 'f50563b6-8532-51ec-b121-d8c6bca3e897', 16, DEFAULT, DEFAULT), ('b5605791-3389-56c2-9ec6-17d538b9bb85', 'Ex Ipsum', 'f50563b6-8532-51ec-b121-d8c6bca3e897', 16, DEFAULT, DEFAULT), ('a5831e58-2fc9-5b59-970d-00c344a4eb18', 'Cupidatat Exercitati', 'f50563b6-8532-51ec-b121-d8c6bca3e897', 16, DEFAULT, DEFAULT), ('756cbb59-27d6-58f3-b4b9-8b56121e683f', 'Dolore Veniam', 'f50563b6-8532-51ec-b121-d8c6bca3e897', 16, DEFAULT, DEFAULT), ('b64d0217-6a7b-5682-8927-676434f72be9', 'Sint Magna', 'f50563b6-8532-51ec-b121-d8c6bca3e897', 16, DEFAULT, DEFAULT), ('09617df2-6261-5b47-bc30-85d317367d48', 'Incididunt In', 'f50563b6-8532-51ec-b121-d8c6bca3e897', 16, DEFAULT, DEFAULT), ('98b30307-7ea7-5b6c-b9e4-560fe08299de', 'Fugiat Veniam', 'f50563b6-8532-51ec-b121-d8c6bca3e897', 14, DEFAULT, DEFAULT), ('731b24f8-f083-56fc-9161-1fd32dcd58d0', 'Dolor Irure', 'f50563b6-8532-51ec-b121-d8c6bca3e897', 14, DEFAULT, DEFAULT), ('a8212e1b-5577-5c28-9c38-2d4fbd753550', 'Tempor Occaecat', 'f1bf295c-195b-5a42-9c6b-5bfa14b58307', 14, DEFAULT, DEFAULT), ('59558fa1-9cc0-5e85-a331-879d76e07f05', 'Do Voluptate', 'f1bf295c-195b-5a42-9c6b-5bfa14b58307', 16, DEFAULT, DEFAULT), ('8926b9fd-34b2-5421-a25c-9cd89c12cad0', 'Ex Ipsum', 'f1bf295c-195b-5a42-9c6b-5bfa14b58307', 16, DEFAULT, DEFAULT), ('5d378209-1fd5-506f-8b3f-511a16489d69', 'Cupidatat Exercitati', 'f1bf295c-195b-5a42-9c6b-5bfa14b58307', 16, DEFAULT, DEFAULT), ('305fa448-c3bf-59c7-a989-19ae69ce0725', 'Dolore Veniam', 'f1bf295c-195b-5a42-9c6b-5bfa14b58307', 15, DEFAULT, DEFAULT), ('853509f0-6836-5fa7-87f2-fb0a9a8766d2', 'Sint Magna', 'f1bf295c-195b-5a42-9c6b-5bfa14b58307', 16, DEFAULT, DEFAULT), ('bbc51950-a428-5ed7-b604-6444a902714b', 'Incididunt In', 'f1bf295c-195b-5a42-9c6b-5bfa14b58307', 14, DEFAULT, DEFAULT), ('89f211a9-c1e7-5fa6-9108-784d98291012', 'Fugiat Veniam', 'f1bf295c-195b-5a42-9c6b-5bfa14b58307', 16, DEFAULT, DEFAULT), ('75e07351-a344-5719-bccf-45791a666af4', 'Dolor Irure', 'f1bf295c-195b-5a42-9c6b-5bfa14b58307', 14, DEFAULT, DEFAULT), ('d19db439-c7e7-53a7-aa19-0db346180dc1', 'Commodo Non', '5e20f9a8-7b26-5a5f-8426-6b12c182d23c', 15, DEFAULT, DEFAULT), ('91434b27-2651-5429-8f42-45c3f8e334a0', 'In Ipsum', '5e20f9a8-7b26-5a5f-8426-6b12c182d23c', 14, DEFAULT, DEFAULT), ('549980e7-3e77-5d76-b263-84664d04b209', 'Qui Mollit', '5e20f9a8-7b26-5a5f-8426-6b12c182d23c', 15, DEFAULT, DEFAULT), ('e4de1a09-bd9a-5e42-b92c-2cb1af28bec6', 'Aliquip Pariatur', '5e20f9a8-7b26-5a5f-8426-6b12c182d23c', 16, DEFAULT, DEFAULT), ('f4b5542b-ba61-519e-a8d2-5793282ad487', 'In Id', '5e20f9a8-7b26-5a5f-8426-6b12c182d23c', 15, DEFAULT, DEFAULT), ('cd7c291a-6d6e-5632-91e5-b7fd7a634d7d', 'Aliqua Commodo', '5e20f9a8-7b26-5a5f-8426-6b12c182d23c', 15, DEFAULT, DEFAULT), ('4da5a34b-d621-539d-93ed-4bd842601284', 'Nostrud Esse', '5e20f9a8-7b26-5a5f-8426-6b12c182d23c', 16, DEFAULT, DEFAULT), ('b32027db-33da-5dc2-b906-e0c2a06ac683', 'Commodo Non', '53fe0e9e-3358-5722-b994-4faad8733cd3', 14, DEFAULT, DEFAULT), ('b7a89d05-549f-565f-b631-b59097e91d1a', 'In Ipsum', '53fe0e9e-3358-5722-b994-4faad8733cd3', 15, DEFAULT, DEFAULT), ('ac9f0e3e-b030-584f-a8dd-87355fe22537', 'Qui Mollit', '53fe0e9e-3358-5722-b994-4faad8733cd3', 14, DEFAULT, DEFAULT), ('438bff0e-fd50-5c86-89ee-d397a0c0e548', 'Aliquip Pariatur', '53fe0e9e-3358-5722-b994-4faad8733cd3', 15, DEFAULT, DEFAULT), ('9bf2ad50-cccb-50eb-8269-3a7e78bd21f5', 'In Id', '53fe0e9e-3358-5722-b994-4faad8733cd3', 15, DEFAULT, DEFAULT), ('36f6f3ba-e867-5008-b6c1-829e989f9d2f', 'Aliqua Commodo', '53fe0e9e-3358-5722-b994-4faad8733cd3', 15, DEFAULT, DEFAULT), ('19495f2f-99a6-5394-9596-a1d3fb0d3196', 'Nostrud Esse', '53fe0e9e-3358-5722-b994-4faad8733cd3', 14, DEFAULT, DEFAULT), ('26f7bb6a-3c9c-5b30-b11b-be5ebfb91948', 'Commodo Non', 'e4834379-a7a0-5f41-8193-f598072b1c83', 14, DEFAULT, DEFAULT), ('e5b4727f-be5e-52c0-83cb-cb7ba230945f', 'In Ipsum', 'e4834379-a7a0-5f41-8193-f598072b1c83', 15, DEFAULT, DEFAULT), ('290e51c6-7ff6-5db4-8f40-69dda051b66c', 'Qui Mollit', 'e4834379-a7a0-5f41-8193-f598072b1c83', 16, DEFAULT, DEFAULT), ('6c3f6730-2b1a-5e27-97de-caacad0bb1a5', 'Aliquip Pariatur', 'e4834379-a7a0-5f41-8193-f598072b1c83', 16, DEFAULT, DEFAULT), ('7d0c4d54-58ae-5ddf-b108-590171e8655a', 'In Id', 'e4834379-a7a0-5f41-8193-f598072b1c83', 15, DEFAULT, DEFAULT), ('5dd9c208-a224-5712-b987-eab6b9a89e23', 'Aliqua Commodo', 'e4834379-a7a0-5f41-8193-f598072b1c83', 15, DEFAULT, DEFAULT), ('8bfeb6d5-d92f-5041-aa1b-39b8365c0a59', 'Nostrud Esse', 'e4834379-a7a0-5f41-8193-f598072b1c83', 15, DEFAULT, DEFAULT), ('a3141029-aec2-543b-b18a-49fe947e3304', 'Aliqua Enim', '782f7eda-e535-5ab3-8415-643126d3b0fa', 14, DEFAULT, DEFAULT), ('6c52c1d9-13a4-51ef-ae51-1dacc4c14be9', 'Aliqua Ipsum', '782f7eda-e535-5ab3-8415-643126d3b0fa', 14, DEFAULT, DEFAULT), ('2589cf16-4103-5a4f-b544-b30078083eaa', 'Cupidatat Nisi', '782f7eda-e535-5ab3-8415-643126d3b0fa', 15, DEFAULT, DEFAULT), ('a88bc9b9-135e-55c7-8c4c-5a072a3c8573', 'Sint Duis', '782f7eda-e535-5ab3-8415-643126d3b0fa', 16, DEFAULT, DEFAULT), ('8b7e423b-b9b9-5b3c-bf3d-1aa45d16235c', 'Consequat Ipsum', '782f7eda-e535-5ab3-8415-643126d3b0fa', 16, DEFAULT, DEFAULT), ('882c7ae5-914f-539d-8207-691de536097f', 'Ad Exercitation', '782f7eda-e535-5ab3-8415-643126d3b0fa', 15, DEFAULT, DEFAULT), ('811570ef-0b81-508d-ba05-2f5e812d4131', 'Nostrud Labore', '782f7eda-e535-5ab3-8415-643126d3b0fa', 14, DEFAULT, DEFAULT), ('29b47b7e-4cec-5d5a-b93d-172770b57ed6', 'Ex Occaecat', '782f7eda-e535-5ab3-8415-643126d3b0fa', 14, DEFAULT, DEFAULT), ('a5e6c58e-54df-5943-b1b7-463c2ae0fb74', 'Qui Est', '782f7eda-e535-5ab3-8415-643126d3b0fa', 15, DEFAULT, DEFAULT), ('0ddbd373-5148-5d1c-b950-701854fc6604', 'Id Laborum', '782f7eda-e535-5ab3-8415-643126d3b0fa', 14, DEFAULT, DEFAULT), ('9b1fc781-1e4e-56d2-bd68-0dc257a319c0', 'Aliqua Enim', '5daf6f25-3b97-5f49-8f75-4ba5d1d74cd3', 15, DEFAULT, DEFAULT), ('8a0a556f-d942-55f0-8ba8-1ffbfaf3c6d9', 'Aliqua Ipsum', '5daf6f25-3b97-5f49-8f75-4ba5d1d74cd3', 15, DEFAULT, DEFAULT), ('91fa3874-9437-5dfa-a49a-f19fb38d9e92', 'Cupidatat Nisi', '5daf6f25-3b97-5f49-8f75-4ba5d1d74cd3', 15, DEFAULT, DEFAULT), ('eda91f04-12ef-5904-88aa-e6ed9a692e03', 'Sint Duis', '5daf6f25-3b97-5f49-8f75-4ba5d1d74cd3', 14, DEFAULT, DEFAULT), ('1d3f740a-8c60-5c1d-aa9e-3854a33c8e1d', 'Consequat Ipsum', '5daf6f25-3b97-5f49-8f75-4ba5d1d74cd3', 16, DEFAULT, DEFAULT), ('d9bba68a-079c-5141-bd43-756b87167584', 'Ad Exercitation', '5daf6f25-3b97-5f49-8f75-4ba5d1d74cd3', 15, DEFAULT, DEFAULT), ('ca65e33b-de71-5d46-933a-849036127987', 'Nostrud Labore', '5daf6f25-3b97-5f49-8f75-4ba5d1d74cd3', 16, DEFAULT, DEFAULT), ('f52ce409-f800-5a86-b4ed-ce1a99a8a6ae', 'Ex Occaecat', '5daf6f25-3b97-5f49-8f75-4ba5d1d74cd3', 15, DEFAULT, DEFAULT), ('5ef5a669-7ca0-5a58-879f-c84c6abe3657', 'Qui Est', '5daf6f25-3b97-5f49-8f75-4ba5d1d74cd3', 14, DEFAULT, DEFAULT), ('65d5f58f-a7d0-56d7-a4ee-df91649fa9a4', 'Id Laborum', '5daf6f25-3b97-5f49-8f75-4ba5d1d74cd3', 16, DEFAULT, DEFAULT), ('3204ce32-7c5b-5953-969e-fe1d17de6e76', 'Aliqua Enim', '3788fdae-c690-5563-abac-18b51e4d210f', 16, DEFAULT, DEFAULT), ('eecf8a7e-af2f-524d-a645-c5fba3ebda06', 'Aliqua Ipsum', '3788fdae-c690-5563-abac-18b51e4d210f', 16, DEFAULT, DEFAULT), ('8d3f145b-67b0-504d-b49a-d59ecea5d2d8', 'Cupidatat Nisi', '3788fdae-c690-5563-abac-18b51e4d210f', 15, DEFAULT, DEFAULT), ('d00c085d-72d6-5114-a5fd-ba818539c2f7', 'Sint Duis', '3788fdae-c690-5563-abac-18b51e4d210f', 16, DEFAULT, DEFAULT), ('de459427-bb2c-5381-bdbf-7126efbb65c9', 'Consequat Ipsum', '3788fdae-c690-5563-abac-18b51e4d210f', 15, DEFAULT, DEFAULT), ('fd2a8113-662a-5782-9e12-f7b49eee56e0', 'Ad Exercitation', '3788fdae-c690-5563-abac-18b51e4d210f', 15, DEFAULT, DEFAULT), ('5c25ba01-ab4d-5527-9a41-d79d770f3d79', 'Nostrud Labore', '3788fdae-c690-5563-abac-18b51e4d210f', 16, DEFAULT, DEFAULT), ('bbcbd7eb-4377-550e-af45-f77d693d98fe', 'Ex Occaecat', '3788fdae-c690-5563-abac-18b51e4d210f', 16, DEFAULT, DEFAULT), ('84d2e38f-9f57-573c-beee-7b9678c403c3', 'Qui Est', '3788fdae-c690-5563-abac-18b51e4d210f', 16, DEFAULT, DEFAULT), ('285896cd-c894-5631-a1f6-527c321079e6', 'Id Laborum', '3788fdae-c690-5563-abac-18b51e4d210f', 14, DEFAULT, DEFAULT);
UPDATE public.team SET plan_id = 4 WHERE id = '7c2c4732-09c1-5f7b-87ca-c53e7497b4ef';
UPDATE public.team SET plan_id = 4 WHERE id = 'f50563b6-8532-51ec-b121-d8c6bca3e897';
UPDATE public.team SET plan_id = 4 WHERE id = 'f1bf295c-195b-5a42-9c6b-5bfa14b58307';
UPDATE public.team SET plan_id = 5 WHERE id = '5e20f9a8-7b26-5a5f-8426-6b12c182d23c';
UPDATE public.team SET plan_id = 5 WHERE id = '53fe0e9e-3358-5722-b994-4faad8733cd3';
UPDATE public.team SET plan_id = 5 WHERE id = 'e4834379-a7a0-5f41-8193-f598072b1c83';
UPDATE public.team SET plan_id = 6 WHERE id = '782f7eda-e535-5ab3-8415-643126d3b0fa';
UPDATE public.team SET plan_id = 6 WHERE id = '5daf6f25-3b97-5f49-8f75-4ba5d1d74cd3';
UPDATE public.team SET plan_id = 6 WHERE id = '3788fdae-c690-5563-abac-18b51e4d210f';
SELECT setval('"public"."plan_id_seq"'::regclass, (SELECT MAX("id") FROM "public"."plan"));
INSERT INTO public.game (id,name,alias,icon,metadata,created_at) VALUES (17, 'Is ine vide parendum sit nota memin.', 'NHL', 'https://svgur.com/i/15ay.svg', DEFAULT, DEFAULT), (18, 'Nec torquato inum are assuevitus fecta, quae cum ad quod redeam ', 'FIFA', 'https://svgur.com/i/15ay.svg', DEFAULT, DEFAULT), (19, 'Possimultim quidem it cognitioque quis ute ea.', 'Apex', 'https://svgur.com/i/15ay.svg', DEFAULT, DEFAULT), (20, 'Novi summum rerum polyaeno ad, placet animpender scipio cum sunt', 'Forty', 'https://svgur.com/i/15ay.svg', DEFAULT, DEFAULT), (21, 'Quiete homin qui sunt arendam satis adipsos.', 'Terra', 'https://svgur.com/i/15ay.svg', DEFAULT, DEFAULT), (22, 'Se viam aretiamque nihilesse et, est epicitat isset efficiuntur ', 'Overw', 'https://svgur.com/i/15ay.svg', DEFAULT, DEFAULT), (23, 'Animum sollicitaq semelabil parvos probavit inquit is disserenim', 'PUBG', 'https://svgur.com/i/15ay.svg', DEFAULT, DEFAULT), (24, 'Voluptatib magnos es quo modi, affere naturae nec de hocles endo', 'Mines', 'https://svgur.com/i/15ay.svg', DEFAULT, DEFAULT), (25, 'Non minus private insequuntur quid, faciliarum etiam pecunt es o', 'PUBG', 'https://svgur.com/i/15ay.svg', DEFAULT, DEFAULT), (26, 'Non vulgo malivolum a si quibus etiam id, se illum ac quidem nat', 'Overw', 'https://svgur.com/i/15ay.svg', DEFAULT, DEFAULT);
INSERT INTO public.arena (id,game_id,name,metadata,created_at,updated_at) VALUES (11, 17, 'Silverlake Stadium', '{"A":"Sed explicem"}', DEFAULT, DEFAULT), (12, 18, 'Downtown Plaza Pavilion', '{"In":"Adiuvet ne bonare"}', DEFAULT, DEFAULT), (13, 19, 'Bayshore Pavilion', '{"Se":"Petu ad causam"}', DEFAULT, DEFAULT), (14, 20, 'Sunset Stadium', '{"Es":"Videntur aut"}', DEFAULT, DEFAULT), (15, 21, 'Downtown Square Pavilion', '{"Tamenti":"Adipsa dolorem veris"}', DEFAULT, DEFAULT), (16, 22, 'Oceanfront Amphitheater', '{"Non":"Reliqua voluptatem"}', DEFAULT, DEFAULT), (17, 23, 'Main Square Arena', '{"Ut":"Dolor quo"}', DEFAULT, DEFAULT), (18, 24, 'Southbank Arena', '{"Omnino":"Synephebosop acut sicut"}', DEFAULT, DEFAULT), (19, 25, 'Waterfront Amphitheater', '{"Alest":"Ipse pertur voluptate"}', DEFAULT, DEFAULT), (20, 26, 'Meadowbrook Pavilion', '{"A":"Voluptatib posse quae"}', DEFAULT, DEFAULT);
SELECT setval('"public"."game_id_seq"'::regclass, (SELECT MAX("id") FROM "public"."game"));
SELECT setval('"public"."arena_id_seq"'::regclass, (SELECT MAX("id") FROM "public"."arena"));
INSERT INTO public.blueprint (id,book_id,arena_id,visibility,name,tags,data,created_at,updated_at) VALUES ('fd4a2d4e-8569-59ca-837d-fb7fa0ab1be1', '756cbb59-27d6-58f3-b4b9-8b56121e683f', 15, 'public', 'Roaming Support Plan', '{"voluptate incididunt","ex cillum eiusmod est","eu nostrud nulla veniam eiusmod"}', DEFAULT, DEFAULT, DEFAULT), ('e0502ed9-8194-54d4-be5d-43176e2a7438', '8926b9fd-34b2-5421-a25c-9cd89c12cad0', 18, 'unlisted', 'Roaming Support Plan', '{"velit tempor fugiat","sit excepteur fugiat pariatur","do sint"}', DEFAULT, DEFAULT, DEFAULT), ('cba89714-5b1d-590f-92a2-27cfb555b7e4', '438bff0e-fd50-5c86-89ee-d397a0c0e548', 14, 'public', 'Gank Heavy Approach', '{"reprehenderit cupidatat incididu","aliquip aute","anim nisi est dolore","ut nulla do"}', DEFAULT, DEFAULT, DEFAULT), ('497b8842-fb80-5638-ba6f-3f3e64daa06b', 'd19db439-c7e7-53a7-aa19-0db346180dc1', 12, 'public', 'Map Control Blueprint', '{"ex ad veniam","consequat non et commodo nisi"}', DEFAULT, DEFAULT, DEFAULT), ('75fbf0dd-b3c9-5513-87f0-9d9a9004f64c', '731b24f8-f083-56fc-9161-1fd32dcd58d0', 13, 'private', 'Baron Control Strategy', '{"et enim"}', DEFAULT, DEFAULT, DEFAULT), ('0352b4c9-6de9-5702-929d-3d622c6456a1', '3204ce32-7c5b-5953-969e-fe1d17de6e76', 14, 'public', 'Rotation Strategy Document', '{"Lorem laboris ad non incididunt","Lorem nulla exercitation","et occaecat dolor ad laboris","in officia enim","tempor ipsum","fugiat nulla commodo","nulla enim laborum tempor cupida"}', DEFAULT, DEFAULT, DEFAULT), ('1e701d2b-566c-5f82-8280-a2a9d02ee590', 'fd2a8113-662a-5782-9e12-f7b49eee56e0', 14, 'unlisted', 'Early Game Dominance Guide', '{"aliquip dolore enim"}', DEFAULT, DEFAULT, DEFAULT), ('f04c0ed1-b624-5092-8b98-dae6fff857dc', '5ef5a669-7ca0-5a58-879f-c84c6abe3657', 16, 'private', 'Early Game Dominance Guide', '{"minim nostrud exercitation aliqu","consectetur velit culpa"}', DEFAULT, DEFAULT, DEFAULT), ('7eef79d9-ea6c-5417-b347-09dbcb8b4c78', '91fa3874-9437-5dfa-a49a-f19fb38d9e92', 13, 'unlisted', 'Roaming Support Plan', '{"non officia dolore"}', DEFAULT, DEFAULT, DEFAULT), ('3aff3e37-0331-5c7a-a0f5-1b6595c2ad7b', '92bf5244-388d-5bbf-bd84-1c7ad2efe31b', 19, 'public', 'Baron Control Strategy', '{"magna velit","excepteur nostrud","enim sint do mollit","cillum aliqua mollit","dolor id mollit occaecat fugiat","irure enim nostrud","ipsum eiusmod amet","ullamco enim ea fugiat"}', DEFAULT, DEFAULT, DEFAULT), ('7c0cf1d4-d57d-5092-a3f0-ca49e04ace52', 'd1b8f3f8-af26-5088-8712-273c28ba98f7', 13, 'public', 'Roaming Support Plan', '{"non sunt fugiat aliquip","incididunt voluptate sint","culpa in deserunt duis elit","quis ea sint quis ullamco","et enim veniam in aliquip","anim Lorem","reprehenderit cupidatat"}', DEFAULT, DEFAULT, DEFAULT), ('26c80d6d-0d6f-5fb2-8296-8b5e9e1fdeb7', 'fd2a8113-662a-5782-9e12-f7b49eee56e0', 20, 'unlisted', 'Early Game Dominance Guide', '{"est do veniam ipsum"}', DEFAULT, DEFAULT, DEFAULT), ('310ccf44-859c-5587-8001-5aa84afb3236', '75e07351-a344-5719-bccf-45791a666af4', 17, 'private', 'Wave Management Plan', '{"nostrud anim reprehenderit irure","nostrud aliqua consequat"}', DEFAULT, DEFAULT, DEFAULT), ('c6131a0d-c1ea-5dce-8460-c91026e41f9f', '5777772e-8d66-5c0f-ab03-fb0419760db6', 17, 'public', 'Siege Tactics Handbook', '{"id aliquip amet ut excepteur","ad officia consectetur aute ad","laboris esse eu labore laborum","et et enim","nostrud proident mollit est in","anim et","fugiat do","ut mollit eu laboris","voluptate velit incididunt"}', DEFAULT, DEFAULT, DEFAULT), ('054eb394-a081-59a1-b613-e1c8bbcc6250', 'b5605791-3389-56c2-9ec6-17d538b9bb85', 13, 'public', 'Counter Pick Blueprint', '{"nostrud nulla aute esse mollit","qui ipsum anim reprehenderit","laboris adipisicing","consectetur excepteur officia et","tempor aliqua"}', DEFAULT, DEFAULT, DEFAULT), ('4cb602e9-b66f-5f7e-a7a1-71729454372c', 'f4b5542b-ba61-519e-a8d2-5793282ad487', 18, 'unlisted', 'Rotation Strategy Document', '{"cupidatat qui eu voluptate ipsum","esse incididunt nulla elit volup"}', DEFAULT, DEFAULT, DEFAULT), ('8ed312f8-fa19-5305-a78e-7cdee2dc9e00', '36f6f3ba-e867-5008-b6c1-829e989f9d2f', 19, 'private', 'Aggressive Rush Strategy', '{"excepteur amet fugiat eu","consectetur deserunt esse","ex nulla","adipisicing ad","anim excepteur qui elit","commodo anim","dolor ullamco"}', DEFAULT, DEFAULT, DEFAULT), ('c9bad04c-3d6e-5efe-9540-7763dde57640', '853509f0-6836-5fa7-87f2-fb0a9a8766d2', 19, 'private', 'Objective Focused Strategy', '{"est tempor enim","in dolor sunt quis aliquip"}', DEFAULT, DEFAULT, DEFAULT), ('7a350dde-d215-538c-bfd3-d5cdd8b40555', '26f7bb6a-3c9c-5b30-b11b-be5ebfb91948', 20, 'public', 'Counter Pick Blueprint', '{"irure minim in est sunt","occaecat culpa","proident in","amet consectetur Lorem amet","sit nisi do est deserunt","reprehenderit voluptate ea aliqu","aliquip aliqua id consequat","et amet"}', DEFAULT, DEFAULT, DEFAULT), ('bd6c4dd0-06e8-56ab-abd6-6e9e777c13a7', 'e4de1a09-bd9a-5e42-b92c-2cb1af28bec6', 14, 'public', 'Counter Pick Blueprint', '{"adipisicing quis laboris","qui fugiat","consequat occaecat nostrud Lorem","anim commodo sit minim","mollit id velit","minim quis","do proident esse dolor","anim officia"}', DEFAULT, DEFAULT, DEFAULT), ('844103e5-8cf8-5795-8a63-ccecfc3e2001', 'a5e6c58e-54df-5943-b1b7-463c2ae0fb74', 16, 'public', 'Gank Heavy Approach', '{"minim deserunt aliquip magna","culpa cillum quis culpa irure","anim eiusmod exercitation","ipsum duis cupidatat","dolor enim reprehenderit"}', DEFAULT, DEFAULT, DEFAULT), ('582d0ca1-76cc-5500-9dd8-190ab817072d', '62507209-107c-55b5-9f47-9cad3cb25da5', 19, 'private', 'Vision Control Blueprint', '{"labore adipisicing est ullamco","dolor excepteur voluptate velit","mollit eiusmod et labore","mollit magna sit proident","labore proident elit consequat","nisi elit consectetur","ut officia dolor","veniam do","amet deserunt dolor labore","ipsum id laborum"}', DEFAULT, DEFAULT, DEFAULT), ('9012aa86-f8a2-5033-82d5-336bcaa03c26', 'bbc51950-a428-5ed7-b604-6444a902714b', 20, 'public', 'Siege Tactics Handbook', '{"est deserunt Lorem pariatur ut","consectetur non non","in non labore aute mollit","reprehenderit consequat","occaecat cillum"}', DEFAULT, DEFAULT, DEFAULT), ('746bb5ad-439a-519a-90ef-991641df1623', '5ef5a669-7ca0-5a58-879f-c84c6abe3657', 18, 'unlisted', 'Late Game Scaling Strategy', '{"irure laboris pariatur officia","officia duis voluptate","deserunt pariatur","irure dolore ipsum","irure adipisicing","consequat ullamco incididunt","laborum incididunt aliqua"}', DEFAULT, DEFAULT, DEFAULT), ('b1bab82d-de7c-55e3-8115-1651b8f68765', '882c7ae5-914f-539d-8207-691de536097f', 12, 'private', 'Secure Objective Playbook', '{"proident occaecat quis adipisici","incididunt cupidatat","officia proident ex duis","sunt non elit deserunt ut","aliqua id cupidatat","labore culpa","fugiat ex dolore","sint adipisicing magna reprehend"}', DEFAULT, DEFAULT, DEFAULT), ('0145500d-2ab2-5c49-9cea-edd711ce1cc9', '91434b27-2651-5429-8f42-45c3f8e334a0', 14, 'unlisted', 'Aggressive Rush Strategy', '{"cupidatat incididunt","dolore est culpa","in ipsum in aliqua","ipsum in","anim cillum irure excepteur","cillum id"}', DEFAULT, DEFAULT, DEFAULT), ('703c3370-90fb-5d22-8365-f34357b3ffb8', '3204ce32-7c5b-5953-969e-fe1d17de6e76', 17, 'private', 'Rotation Strategy Document', '{"et ea deserunt","do qui quis voluptate aliquip"}', DEFAULT, DEFAULT, DEFAULT), ('fd862b26-fe8c-52d0-b06e-3c9f938bd3ab', '811570ef-0b81-508d-ba05-2f5e812d4131', 17, 'public', 'Jungle Control Playbook', '{"dolore cillum tempor irure","occaecat irure cillum Lorem","deserunt duis duis quis minim","commodo do occaecat commodo exce","reprehenderit commodo laboris ex","laborum adipisicing in est nulla","laborum pariatur cillum fugiat","duis ipsum duis","ex tempor et"}', DEFAULT, DEFAULT, DEFAULT), ('70415515-b81b-59ef-a1ed-18578b73b7ae', 'e5b4727f-be5e-52c0-83cb-cb7ba230945f', 18, 'private', 'Baron Control Strategy', '{"nisi ea irure","eu exercitation adipisicing in e","cillum dolore ex","cupidatat aliquip","ullamco anim","aliquip et nostrud ea aute","non occaecat","nisi commodo et voluptate"}', DEFAULT, DEFAULT, DEFAULT), ('c5558815-aa72-5938-a7c8-62ae2c1a039c', '756cbb59-27d6-58f3-b4b9-8b56121e683f', 18, 'public', 'Secure Objective Playbook', '{"non ut adipisicing do est","excepteur id laborum aliqua","ut ea ut"}', DEFAULT, DEFAULT, DEFAULT), ('703bbd20-9625-5bd7-8aa3-5ead0245fe50', 'e4de1a09-bd9a-5e42-b92c-2cb1af28bec6', 11, 'unlisted', 'Objective Focused Strategy', '{"est officia","qui excepteur","labore cillum fugiat"}', DEFAULT, DEFAULT, DEFAULT), ('68ff3d82-b6b6-5053-9e74-aa9b346dd8d1', '8d3f145b-67b0-504d-b49a-d59ecea5d2d8', 20, 'private', 'Wave Management Plan', '{"nulla nulla ea in aliqua"}', DEFAULT, DEFAULT, DEFAULT), ('522e120d-7e21-504a-9c96-99e429197e5a', 'a3141029-aec2-543b-b18a-49fe947e3304', 17, 'unlisted', 'Counter Pick Blueprint', '{"enim excepteur magna deserunt pa","nostrud officia esse tempor"}', DEFAULT, DEFAULT, DEFAULT), ('54b879fc-04e4-53b3-8cec-0174fc0ccd34', '5777772e-8d66-5c0f-ab03-fb0419760db6', 15, 'private', 'Counter Pick Blueprint', '{"Lorem deserunt veniam do"}', DEFAULT, DEFAULT, DEFAULT), ('fb90b354-0ae1-59da-9637-61f6c5ed3fb9', 'a5e6c58e-54df-5943-b1b7-463c2ae0fb74', 14, 'public', 'Secure Objective Playbook', '{"aliquip enim dolor ex","sit nulla","nulla irure aliqua","laborum ut pariatur","ullamco duis","proident deserunt ipsum consequa"}', DEFAULT, DEFAULT, DEFAULT), ('95b3988b-e14b-57a7-900d-4985cb116f17', 'd1b8f3f8-af26-5088-8712-273c28ba98f7', 16, 'private', 'Gank Heavy Approach', '{"occaecat nostrud ex ex culpa"}', DEFAULT, DEFAULT, DEFAULT), ('7d1face3-2e87-52f5-9623-fff9de0a6539', '731b24f8-f083-56fc-9161-1fd32dcd58d0', 19, 'public', 'Map Control Blueprint', '{"aute sunt officia commodo tempor","magna in nostrud","do pariatur duis anim","esse voluptate Lorem nostrud in","voluptate Lorem magna","enim cillum anim occaecat"}', DEFAULT, DEFAULT, DEFAULT), ('e8bf9a25-132d-5d46-b40a-d08534be6c9f', '91434b27-2651-5429-8f42-45c3f8e334a0', 11, 'unlisted', 'Counter Pick Blueprint', '{"esse do","do quis Lorem mollit cupidatat","dolor officia","culpa amet dolor ea","tempor Lorem non aliqua","cupidatat incididunt incididunt "}', DEFAULT, DEFAULT, DEFAULT), ('29a560e9-84d9-5f41-9b09-76969cbfb144', 'f4b5542b-ba61-519e-a8d2-5793282ad487', 12, 'public', 'Counter Pick Blueprint', '{"elit mollit","qui mollit pariatur","non consequat nulla et","in consectetur laborum","occaecat ea quis ipsum","velit in"}', DEFAULT, DEFAULT, DEFAULT), ('d9c4b302-5ab0-5114-8120-41d1876c7eb9', '36f6f3ba-e867-5008-b6c1-829e989f9d2f', 17, 'public', 'Objective Focused Strategy', '{"consequat amet laboris commodo e","esse proident velit","aliqua dolore labore","ipsum qui amet occaecat fugiat","elit velit","excepteur deserunt adipisicing i","nulla aute reprehenderit labore","sit est ex irure in"}', DEFAULT, DEFAULT, DEFAULT), ('ca1b9e1e-f7c0-5c4a-a566-aabf3f7ebb80', '3ff60d7a-a4ad-54c5-a422-53b52cd53093', 13, 'unlisted', 'Vision Denial Blueprint', '{"consequat id dolor culpa","nulla eiusmod adipisicing qui","velit ad ipsum consectetur non","voluptate anim mollit nulla ea","dolore et sint","laboris officia pariatur dolore ","consequat duis adipisicing aliqu"}', DEFAULT, DEFAULT, DEFAULT), ('cde91e33-9c71-56e0-b19e-f2372fa577cf', '5ef5a669-7ca0-5a58-879f-c84c6abe3657', 20, 'private', 'Secure Objective Playbook', '{"est excepteur irure","culpa exercitation minim laborum"}', DEFAULT, DEFAULT, DEFAULT), ('013547e4-326e-5221-8377-310093ccf53a', 'b7a89d05-549f-565f-b631-b59097e91d1a', 20, 'private', 'Rotation Strategy Document', '{"sint aute ex enim","Lorem irure","adipisicing minim velit","occaecat sunt","in pariatur nulla exercitation v","exercitation consectetur","non sit eiusmod aliquip"}', DEFAULT, DEFAULT, DEFAULT), ('50cffa66-dd91-5aed-8c46-1b76e488de31', '29b47b7e-4cec-5d5a-b93d-172770b57ed6', 16, 'unlisted', 'Rotation Strategy Document', '{"est exercitation cillum ut","sit ea ullamco","dolore ut consectetur","dolor proident","exercitation id sunt labore"}', DEFAULT, DEFAULT, DEFAULT), ('f550c2bf-a147-5e29-8a01-470336f387eb', 'b32027db-33da-5dc2-b906-e0c2a06ac683', 16, 'unlisted', 'Map Control Blueprint', '{"consequat ipsum Lorem elit","esse sint incididunt eu","culpa deserunt","tempor incididunt sit","elit eu","esse duis","tempor enim aute magna","sint sunt consequat elit","pariatur quis ullamco mollit ea","eiusmod incididunt labore sint"}', DEFAULT, DEFAULT, DEFAULT), ('a30e3d57-ad0a-594d-9622-8a2514b8110c', 'f52ce409-f800-5a86-b4ed-ce1a99a8a6ae', 18, 'private', 'Roaming Support Plan', '{"exercitation enim anim pariatur ","deserunt tempor velit","sit do ut","ex Lorem sit anim magna","aliqua pariatur minim adipisicin","cupidatat exercitation irure","occaecat nulla aute"}', DEFAULT, DEFAULT, DEFAULT), ('cb76f565-509b-50d9-bbe4-5c6e7c9b0eb4', '5c25ba01-ab4d-5527-9a41-d79d770f3d79', 20, 'unlisted', 'Secure Objective Playbook', '{"aliqua occaecat quis","occaecat aliquip qui ea","incididunt tempor","ea qui quis deserunt elit","dolor eu tempor Lorem officia","labore tempor est amet","culpa voluptate","aute ex do in id"}', DEFAULT, DEFAULT, DEFAULT), ('a344c7b4-07e6-54df-b4ed-f27c7916e147', 'cd7c291a-6d6e-5632-91e5-b7fd7a634d7d', 12, 'public', 'Split Push Blueprint', '{"et ex nulla","cillum tempor consequat voluptat","consequat velit consequat eiusmo","laboris excepteur","sint sit","cupidatat ut proident","consectetur amet consequat cillu","esse tempor laboris minim sint"}', DEFAULT, DEFAULT, DEFAULT), ('6c40d2d3-07ad-5aa1-a5fa-cf5861475e5d', '84d2e38f-9f57-573c-beee-7b9678c403c3', 15, 'unlisted', 'Team Fight Execution Plan', '{"esse ipsum non","proident ipsum","pariatur ad magna"}', DEFAULT, DEFAULT, DEFAULT), ('ba7460a4-9316-52e4-9e3a-05ee82b85e66', 'd00c085d-72d6-5114-a5fd-ba818539c2f7', 15, 'unlisted', 'Split Push Blueprint', '{"tempor elit aliquip duis proiden","amet nulla amet sint id","dolore ad sit","quis proident irure occaecat dui","deserunt commodo labore amet","qui qui et"}', DEFAULT, DEFAULT, DEFAULT), ('fb3595df-62ad-5f54-ac34-3a578952555c', 'd297ab9e-40d4-51b5-bb8f-a1df399f1a9a', 19, 'public', 'Map Control Blueprint', '{"ullamco quis eiusmod ut","cupidatat ad","commodo nulla","do esse ut","eu reprehenderit magna Lorem pro","nisi ipsum pariatur","dolore incididunt et deserunt","eu cupidatat quis"}', DEFAULT, DEFAULT, DEFAULT), ('90edde40-1b87-5f75-90b9-68639fbcb2b8', '98b30307-7ea7-5b6c-b9e4-560fe08299de', 18, 'unlisted', 'Map Control Blueprint', '{"est in laboris Lorem","Lorem et sunt laborum occaecat","nostrud sint Lorem","id excepteur ullamco labore","qui laborum nisi","tempor adipisicing"}', DEFAULT, DEFAULT, DEFAULT), ('ea26a496-35d8-5f3f-a769-a80898ec7b17', '75e07351-a344-5719-bccf-45791a666af4', 12, 'unlisted', 'Aggressive Rush Strategy', '{"minim mollit commodo do","deserunt ut dolor"}', DEFAULT, DEFAULT, DEFAULT), ('035a0a25-d588-551c-9f76-4e9f593ffaf4', 'fd2a8113-662a-5782-9e12-f7b49eee56e0', 19, 'public', 'Aggressive Rush Strategy', '{"dolor cupidatat","officia laborum in Lorem cillum","voluptate minim","officia cupidatat officia do","adipisicing nostrud","esse veniam quis","eiusmod ea magna sit","officia pariatur cupidatat conse"}', DEFAULT, DEFAULT, DEFAULT), ('e7f55997-6008-5d29-9f7f-564ab748cc59', 'b64d0217-6a7b-5682-8927-676434f72be9', 18, 'private', 'Siege Tactics Handbook', '{"non fugiat excepteur est elit","cillum sint","minim sit","officia id","nulla sit laborum labore reprehe","commodo est anim in aliqua","amet voluptate","veniam Lorem","incididunt ad"}', DEFAULT, DEFAULT, DEFAULT), ('396ce0bd-b3e1-5b3c-94ea-bb5357e1c76a', '4da5a34b-d621-539d-93ed-4bd842601284', 19, 'unlisted', 'Roaming Support Plan', '{"id dolor","consectetur ut non nisi"}', DEFAULT, DEFAULT, DEFAULT), ('4cb2c65b-80df-57cc-9c0d-6c346029b88f', '62507209-107c-55b5-9f47-9cad3cb25da5', 15, 'public', 'Objective Focused Strategy', '{"do officia","Lorem cupidatat Lorem"}', DEFAULT, DEFAULT, DEFAULT), ('8172dfee-2cce-5dee-9293-b6bd5f74d656', '6c3f6730-2b1a-5e27-97de-caacad0bb1a5', 19, 'public', 'Team Fight Execution Plan', '{"minim veniam aute nostrud quis","nostrud ex exercitation elit ips","sunt in nostrud ex ex","deserunt ullamco ad","amet mollit officia est","in culpa"}', DEFAULT, DEFAULT, DEFAULT), ('910e8e4b-af24-5f28-a2eb-631066a490eb', '5d378209-1fd5-506f-8b3f-511a16489d69', 18, 'public', 'Vision Denial Blueprint', '{"incididunt ad"}', DEFAULT, DEFAULT, DEFAULT), ('150381a3-e791-54de-9419-0edac12fb9eb', 'ca65e33b-de71-5d46-933a-849036127987', 12, 'public', 'Counter Pick Blueprint', '{"amet dolore","nostrud cillum","laboris ipsum","ea sunt"}', DEFAULT, DEFAULT, DEFAULT), ('ddb37574-0dbe-5aa4-a5e8-b15242cefaff', '8a0a556f-d942-55f0-8ba8-1ffbfaf3c6d9', 17, 'private', 'Counter Pick Blueprint', '{"id duis","cillum minim in ut","occaecat aute"}', DEFAULT, DEFAULT, DEFAULT), ('77fbdaed-4103-591b-82ee-3e3fa4b78a9b', '731b24f8-f083-56fc-9161-1fd32dcd58d0', 20, 'public', 'Late Game Scaling Strategy', '{"do non","culpa mollit tempor"}', DEFAULT, DEFAULT, DEFAULT), ('0f1e8b42-396d-5765-be37-bce2ee646e04', '6c52c1d9-13a4-51ef-ae51-1dacc4c14be9', 14, 'public', 'Defensive Turtle Tactics', '{"elit irure","nisi eiusmod nostrud","ea amet","eu excepteur labore dolor","Lorem qui Lorem laboris","labore veniam","nisi incididunt","voluptate est officia id","laboris deserunt id ullamco","deserunt sint sint quis"}', DEFAULT, DEFAULT, DEFAULT), ('5308f8b3-4d4d-529a-bd7c-3a77ac4fe6ae', 'd9bba68a-079c-5141-bd43-756b87167584', 17, 'public', 'Jungle Control Playbook', '{"duis in est consectetur","cupidatat esse aliquip veniam","dolore ipsum qui exercitation oc","sint aliquip","nostrud veniam","ad adipisicing exercitation"}', DEFAULT, DEFAULT, DEFAULT), ('851e9ece-db38-530e-b3f9-f5e1d49a3b34', '9b1fc781-1e4e-56d2-bd68-0dc257a319c0', 17, 'private', 'Gank Heavy Approach', '{"ipsum ad laborum magna consequat","mollit occaecat","qui eiusmod do quis amet","culpa cillum enim nostrud minim","mollit esse proident velit sit","exercitation velit id aliqua nis","dolor laborum","nostrud ex","ipsum et culpa adipisicing aliqu","pariatur consequat officia"}', DEFAULT, DEFAULT, DEFAULT), ('2189cd55-c657-5ce9-999a-da1a2dbf7ea0', '8b7e423b-b9b9-5b3c-bf3d-1aa45d16235c', 11, 'private', 'Late Game Scaling Strategy', '{"est ipsum nisi","veniam laboris ex aliqua ex","mollit irure occaecat","pariatur nisi nostrud tempor","laboris tempor"}', DEFAULT, DEFAULT, DEFAULT), ('902d4a21-0657-5095-b741-ac0d408bb89e', 'eecf8a7e-af2f-524d-a645-c5fba3ebda06', 17, 'private', 'Early Game Dominance Guide', '{"id proident","ipsum nulla nulla","eiusmod id","consequat dolor","et cupidatat culpa ut irure","tempor id","duis ullamco","qui aliquip consectetur qui","officia pariatur dolore","in aliqua"}', DEFAULT, DEFAULT, DEFAULT), ('0d40f7c0-72b0-55c2-8e48-c6c65bd9815f', '92bf5244-388d-5bbf-bd84-1c7ad2efe31b', 12, 'public', 'Map Control Blueprint', '{"do proident voluptate qui"}', DEFAULT, DEFAULT, DEFAULT), ('f09f5f0c-d6f4-5089-a919-82fdea15dad9', 'fd2a8113-662a-5782-9e12-f7b49eee56e0', 11, 'private', 'Vision Denial Blueprint', '{"labore officia in","deserunt sint","aliquip fugiat esse dolor eu","id tempor","deserunt eiusmod","velit pariatur nostrud anim","exercitation sint","esse in voluptate amet","veniam proident"}', DEFAULT, DEFAULT, DEFAULT), ('9bfcf305-f3a4-5bed-9ee4-3f5ccf9e59af', 'b64d0217-6a7b-5682-8927-676434f72be9', 15, 'private', 'Early Game Dominance Guide', '{"irure nulla","aute culpa ex laboris","ullamco ut ea"}', DEFAULT, DEFAULT, DEFAULT), ('2ff309f0-6726-5920-ad23-47ba58fd2525', '5dd9c208-a224-5712-b987-eab6b9a89e23', 18, 'unlisted', 'Counter Pick Blueprint', '{"ut fugiat ea nulla","aute officia culpa et eu","eu pariatur dolore","excepteur irure deserunt quis","ea consequat enim ut deserunt","veniam quis","minim enim amet"}', DEFAULT, DEFAULT, DEFAULT), ('bac302d7-9e20-52d1-89cc-b0e99ef3b896', 'fd2a8113-662a-5782-9e12-f7b49eee56e0', 12, 'public', 'Defensive Turtle Tactics', '{"aute in","magna in irure","magna veniam mollit reprehenderi","ut minim","fugiat culpa veniam nisi","cillum qui voluptate","elit sint laboris","aliqua ad mollit"}', DEFAULT, DEFAULT, DEFAULT), ('ef31ceeb-0f8d-5da0-ab9c-18045c420f99', 'bbcbd7eb-4377-550e-af45-f77d693d98fe', 15, 'private', 'Defensive Turtle Tactics', '{"voluptate cillum dolor fugiat","enim magna ex","commodo tempor","ad do non quis","dolor velit eu ea","commodo labore eiusmod velit","sunt elit","fugiat est officia et","qui tempor proident","amet elit consequat"}', DEFAULT, DEFAULT, DEFAULT), ('2be70e34-56ed-5cb2-9758-b8f796ec32ec', '92bf5244-388d-5bbf-bd84-1c7ad2efe31b', 20, 'public', 'Wave Management Plan', '{"non fugiat nulla voluptate fugia","consectetur ea","dolore dolor enim eu","ullamco mollit"}', DEFAULT, DEFAULT, DEFAULT), ('49e5f9f5-6a8f-5423-81e9-9e8e2c467770', 'd297ab9e-40d4-51b5-bb8f-a1df399f1a9a', 19, 'unlisted', 'Siege Tactics Handbook', '{"fugiat eu excepteur","labore labore esse adipisicing","tempor magna nulla","cillum ipsum irure velit ullamco","reprehenderit ea cupidatat aliqu","sunt cillum ad exercitation","eiusmod exercitation ipsum sit p","ullamco adipisicing nisi","laborum minim"}', DEFAULT, DEFAULT, DEFAULT), ('421a5d89-58fa-56e2-87c9-a4c6fd3159db', '6c3f6730-2b1a-5e27-97de-caacad0bb1a5', 19, 'public', 'Defensive Turtle Tactics', '{"nulla qui sint","non in ut","sunt commodo","exercitation sit culpa","culpa nulla cillum mollit id","et est sint amet aliqua","cillum laborum enim anim aute","velit irure deserunt veniam","ipsum ad sunt","nostrud consectetur"}', DEFAULT, DEFAULT, DEFAULT), ('c2ab0ed6-ea98-544f-a35e-cfff5a185dc8', '4da5a34b-d621-539d-93ed-4bd842601284', 12, 'unlisted', 'Roaming Support Plan', '{"do voluptate","nisi proident pariatur","do excepteur in aute","nisi mollit","amet ex fugiat"}', DEFAULT, DEFAULT, DEFAULT), ('6c6d219e-3884-5c60-8485-0fb500d0b675', 'e4de1a09-bd9a-5e42-b92c-2cb1af28bec6', 18, 'unlisted', 'Roaming Support Plan', '{"mollit in","laboris sunt","anim irure ad eu","quis est","nostrud veniam consectetur","eu mollit","fugiat amet"}', DEFAULT, DEFAULT, DEFAULT), ('d5fd2418-0c52-558a-8369-707f9186db0b', 'bbcbd7eb-4377-550e-af45-f77d693d98fe', 16, 'unlisted', 'Early Game Dominance Guide', '{"fugiat sunt","consequat ut excepteur nostrud n","magna enim enim fugiat","eiusmod Lorem sunt do nisi"}', DEFAULT, DEFAULT, DEFAULT), ('0f22fcab-183d-5e80-9a98-c495a215f5f8', '7d0c4d54-58ae-5ddf-b108-590171e8655a', 11, 'unlisted', 'Defensive Turtle Tactics', '{"proident eiusmod","cillum incididunt deserunt repre","qui dolor occaecat proident","incididunt esse nostrud deserunt","fugiat ex","laboris laboris in nostrud","laborum exercitation nostrud","magna id proident","et enim in enim","eu laborum non cupidatat Lorem"}', DEFAULT, DEFAULT, DEFAULT), ('f92c2ba5-8b0e-58ef-9364-e364e4c41522', '2d1d7734-be70-5d07-a538-e76c6cae722e', 18, 'unlisted', 'Counter Pick Blueprint', '{"magna nostrud officia quis","sunt aute nulla irure excepteur","excepteur fugiat","culpa et fugiat","nostrud quis sint incididunt","mollit Lorem commodo est","consequat ut labore occaecat ali","fugiat est"}', DEFAULT, DEFAULT, DEFAULT), ('e2ec2872-d983-5938-8f1c-38a9a14124dd', 'b5605791-3389-56c2-9ec6-17d538b9bb85', 18, 'public', 'Counter Pick Blueprint', '{"labore dolor labore","magna ut aliquip","officia ex non in sunt","quis non ullamco id est","esse duis","qui voluptate pariatur eiusmod l","sit officia dolore"}', DEFAULT, DEFAULT, DEFAULT), ('4d4230bc-d1b6-532c-9bbf-8c67caf4f9ed', 'a8212e1b-5577-5c28-9c38-2d4fbd753550', 13, 'private', 'Early Game Dominance Guide', '{"pariatur voluptate mollit","dolor enim magna deserunt quis","mollit do","cillum nostrud dolore ullamco si","esse ex voluptate","ut duis ullamco officia pariatur","dolore anim commodo ad"}', DEFAULT, DEFAULT, DEFAULT), ('8be9ffc5-25d1-5c32-be1f-9a9ec00544f6', 'de459427-bb2c-5381-bdbf-7126efbb65c9', 16, 'unlisted', 'Early Game Dominance Guide', '{"id in et","laboris culpa eiusmod nisi","velit elit laborum nulla","ipsum magna do","anim enim cillum","Lorem fugiat deserunt enim","sint eiusmod Lorem consectetur a","ex consequat sit","ipsum sunt"}', DEFAULT, DEFAULT, DEFAULT), ('a3241e44-bd93-5a11-a730-863e8eb75275', 'a5e6c58e-54df-5943-b1b7-463c2ae0fb74', 17, 'private', 'Gank Heavy Approach', '{"cupidatat qui excepteur irure ci","est ad amet","aute Lorem consectetur","mollit magna occaecat","aliquip ipsum pariatur","magna est","sint velit sint","officia in adipisicing non"}', DEFAULT, DEFAULT, DEFAULT), ('a1c32f18-989f-5961-80f5-4a21a838bc95', '549980e7-3e77-5d76-b263-84664d04b209', 20, 'private', 'Baron Control Strategy', '{"tempor Lorem","veniam exercitation sint occaeca"}', DEFAULT, DEFAULT, DEFAULT), ('8fde1282-59d1-5f9b-bc10-4130ce793fa9', '8926b9fd-34b2-5421-a25c-9cd89c12cad0', 19, 'public', 'Late Game Scaling Strategy', '{"sit reprehenderit","deserunt id et duis eiusmod","enim proident veniam ex exercita","aliqua exercitation pariatur vol","dolore veniam velit","eiusmod nisi exercitation esse","nostrud voluptate irure"}', DEFAULT, DEFAULT, DEFAULT), ('f85f8e1b-b8a0-528e-bc81-49b3e6a34ee5', 'b7a89d05-549f-565f-b631-b59097e91d1a', 12, 'unlisted', 'Wave Management Plan', '{"laboris quis adipisicing","laboris ullamco et excepteur ess","officia duis aliqua exercitation","consectetur ipsum velit","eiusmod fugiat occaecat proident","id eiusmod","qui reprehenderit amet incididun","fugiat ullamco consequat","in laboris excepteur"}', DEFAULT, DEFAULT, DEFAULT), ('e16cfe57-140d-5b3e-90f8-910575ffdd47', '5dd9c208-a224-5712-b987-eab6b9a89e23', 14, 'unlisted', 'Early Game Dominance Guide', '{"mollit fugiat occaecat voluptate"}', DEFAULT, DEFAULT, DEFAULT), ('06866e23-2aeb-59f2-9d3c-156507eb23db', '8b7e423b-b9b9-5b3c-bf3d-1aa45d16235c', 19, 'private', 'Gank Heavy Approach', '{"eiusmod do","culpa enim consectetur"}', DEFAULT, DEFAULT, DEFAULT), ('e5c44c16-4905-59d0-8c2a-f48ebfc3fdcc', '5c25ba01-ab4d-5527-9a41-d79d770f3d79', 13, 'unlisted', 'Split Push Blueprint', '{"commodo exercitation exercitatio","irure amet ut deserunt culpa","occaecat reprehenderit veniam ei"}', DEFAULT, DEFAULT, DEFAULT), ('0298782b-da7d-55b4-a736-8126dd2f9d32', '75e07351-a344-5719-bccf-45791a666af4', 15, 'private', 'Early Game Dominance Guide', '{"cillum dolore sit incididunt ut","aute cupidatat"}', DEFAULT, DEFAULT, DEFAULT), ('8f534833-d8c3-5d0a-b63c-bd2740be0330', 'f4b5542b-ba61-519e-a8d2-5793282ad487', 20, 'private', 'Objective Focused Strategy', '{"consequat excepteur in","sit mollit et laborum"}', DEFAULT, DEFAULT, DEFAULT), ('1caeec83-1956-53fb-9c1a-7f585775c524', '29b47b7e-4cec-5d5a-b93d-172770b57ed6', 16, 'public', 'Defensive Turtle Tactics', '{"ad occaecat esse","proident consectetur sit Lorem"}', DEFAULT, DEFAULT, DEFAULT), ('28f2bbc2-0260-5d64-a9bf-64e9bc163c30', 'a88bc9b9-135e-55c7-8c4c-5a072a3c8573', 17, 'unlisted', 'Jungle Control Playbook', '{"sint nulla velit labore ex","qui proident esse labore","exercitation exercitation magna ","tempor irure in","nostrud officia","ea id eu nostrud"}', DEFAULT, DEFAULT, DEFAULT), ('8590b74a-b67e-5525-9786-4e0fc4c65d06', '882c7ae5-914f-539d-8207-691de536097f', 14, 'private', 'Wave Management Plan', '{"deserunt aute magna eu non","ex deserunt consequat Lorem","commodo duis do laboris nulla","incididunt nulla","sit adipisicing eiusmod fugiat i","deserunt culpa aliquip excepteur","et consequat enim","Lorem commodo dolor reprehenderi","amet Lorem et","ipsum ipsum sint laboris"}', DEFAULT, DEFAULT, DEFAULT), ('fa5e4221-0eae-5da7-9a16-5b8399b9ef50', '29b47b7e-4cec-5d5a-b93d-172770b57ed6', 20, 'unlisted', 'Baron Control Strategy', '{"enim esse fugiat proident aute","nulla non laborum","veniam fugiat cillum amet do","cupidatat cillum velit","et pariatur labore","Lorem ullamco nostrud eiusmod au"}', DEFAULT, DEFAULT, DEFAULT), ('fedb01d5-16e2-59fd-8845-ff6a92bd83f7', '19495f2f-99a6-5394-9596-a1d3fb0d3196', 20, 'unlisted', 'Counter Pick Blueprint', '{"sint quis est sit","amet quis officia in nulla","qui id aliqua voluptate","minim aliquip excepteur Lorem si","officia id","fugiat laborum pariatur dolor ci","sit sit enim pariatur veniam"}', DEFAULT, DEFAULT, DEFAULT), ('d6d0cf2a-b6d2-5f41-bc05-2fe5bf5ca317', '2589cf16-4103-5a4f-b544-b30078083eaa', 16, 'public', 'Vision Control Blueprint', '{"magna ut sunt id","laborum minim laborum","incididunt et","pariatur proident anim","occaecat in do enim","elit eu duis non","do minim","ea ipsum sunt veniam"}', DEFAULT, DEFAULT, DEFAULT), ('a18cadaa-4531-5180-a607-ad2a5bc25f0c', '8b7e423b-b9b9-5b3c-bf3d-1aa45d16235c', 19, 'public', 'Map Control Blueprint', '{"sint eu nulla","est exercitation","ut sunt eiusmod in amet","est nisi"}', DEFAULT, DEFAULT, DEFAULT);
INSERT INTO public.team_member_role (id,name,flags) VALUES (1, 'owner', 63), (2, 'editor', 7), (3, 'viewer', 1);
SELECT setval('"public"."team_member_role_id_seq"'::regclass, (SELECT MAX("id") FROM "public"."team_member_role"));
