INSERT INTO public.game (id,name,alias,icon,hidden,metadata,created_at) VALUES (76, 'Cillum', 'NBA2K', 'https://svgshare.com/i/15iw.svg', 'f', '{"player_count":5}', DEFAULT), (77, 'Occaecat Voluptate', 'NBA2K', 'https://svgshare.com/i/15iw.svg', 'f', '{"player_count":5}', DEFAULT), (78, 'Aute Eu', 'GTA', 'https://svgshare.com/i/15iw.svg', 'f', '{"player_count":5}', DEFAULT);
SELECT setval('"public"."game_id_seq"'::regclass, (SELECT MAX("id") FROM "public"."game"));
INSERT INTO public.team (id,name,plan_id,game_id,created_at,updated_at) VALUES ('7c2c4732-09c1-5f7b-87ca-c53e7497b4ef', 'Voluptate Commodo', NULL, 78, DEFAULT, DEFAULT), ('f50563b6-8532-51ec-b121-d8c6bca3e897', 'Ad Officia Aliquip', NULL, 78, DEFAULT, DEFAULT), ('f1bf295c-195b-5a42-9c6b-5bfa14b58307', 'Consequat Cupidatat', NULL, 78, DEFAULT, DEFAULT), ('e0eebbc8-63c9-5fee-b088-b3310b672c35', 'Pariatur Et Ea', NULL, 77, DEFAULT, DEFAULT), ('1c17c04a-19f5-5c48-8b6b-48fe02257ffb', 'Incididunt Exercitat', NULL, 78, DEFAULT, DEFAULT), ('a2996c99-b8bb-5bf6-b789-844e821ceb82', 'Id Qui Magna', NULL, 77, DEFAULT, DEFAULT), ('5d016028-a6a3-5268-91a3-91021dbfda0a', 'Occaecat Sunt', NULL, 78, DEFAULT, DEFAULT), ('b279891e-05aa-528b-867b-dd6fe5fa77c8', 'Dolor Id Et', NULL, 76, DEFAULT, DEFAULT), ('ff53868f-9940-575d-8fa8-923808f93a53', 'Culpa Ad Non Reprehe', NULL, 77, DEFAULT, DEFAULT), ('8172203a-00e7-5e0e-919b-2970e0d891df', 'Do Quis Nostrud', NULL, 76, DEFAULT, DEFAULT), ('7b5ee10b-959f-565b-9dac-a4bab4f6c6bf', 'Esse Dolore Incididu', NULL, 78, DEFAULT, DEFAULT), ('38400370-0369-5239-8b08-499aef0591ef', 'Magna Minim Duis Ess', NULL, 77, DEFAULT, DEFAULT), ('77394b64-1ec1-5043-8dc3-08f9200521d4', 'Amet Minim Officia S', NULL, 78, DEFAULT, DEFAULT), ('56ea9a57-3786-5a49-9700-501eb57a1328', 'Incididunt Labore Ir', NULL, 77, DEFAULT, DEFAULT), ('731fb763-1773-5758-b8dd-d75381b0e72a', 'Pariatur Nulla Est', NULL, 77, DEFAULT, DEFAULT), ('5e20f9a8-7b26-5a5f-8426-6b12c182d23c', 'In Est Lorem Excepte', NULL, 77, DEFAULT, DEFAULT), ('53fe0e9e-3358-5722-b994-4faad8733cd3', 'Sit Labore Consequat', NULL, 78, DEFAULT, DEFAULT), ('e4834379-a7a0-5f41-8193-f598072b1c83', 'Reprehenderit Mollit', NULL, 76, DEFAULT, DEFAULT), ('a9f91eda-269f-54d0-83de-05f0c2ecbf08', 'Quis Reprehenderit I', NULL, 76, DEFAULT, DEFAULT), ('c0062d28-74ce-56b0-8124-852c5c4cdd1f', 'Mollit Sunt Non', NULL, 77, DEFAULT, DEFAULT), ('a1d779f7-e622-5cd1-b766-eb2b7925b3c0', 'Dolore Enim Est Cupi', NULL, 77, DEFAULT, DEFAULT), ('bd4e2ea6-e7d4-5655-93cc-d1ed71c3483c', 'Dolor Sint Labore', NULL, 78, DEFAULT, DEFAULT), ('fb2f612f-57ab-526e-8b57-f5de07942107', 'Reprehenderit Cillum', NULL, 76, DEFAULT, DEFAULT), ('38cee772-792e-54fe-ae0f-d62f75f71c11', 'Ea Anim Fugiat', NULL, 78, DEFAULT, DEFAULT), ('60f279f1-b04c-57b1-b6aa-b71a8811c6ab', 'Pariatur Culpa Duis ', NULL, 77, DEFAULT, DEFAULT), ('b5d35d7e-f19e-568e-9efe-911f779c892f', 'Excepteur Eu', NULL, 76, DEFAULT, DEFAULT), ('3db3509a-5565-5145-aa2d-eb656db639a3', 'Nulla Dolor Amet', NULL, 76, DEFAULT, DEFAULT), ('16b2ddd9-4627-52fa-8115-8453cfa39374', 'In Ex Quis', NULL, 77, DEFAULT, DEFAULT), ('235fae27-2669-539e-8784-3dcbaac570cc', 'Officia Nulla', NULL, 77, DEFAULT, DEFAULT), ('85a272fe-9de3-5543-919e-647cccb82b15', 'Esse Reprehenderit E', NULL, 76, DEFAULT, DEFAULT), ('0ff7c90f-7522-5b63-9234-348cf37ff0b7', 'Do Voluptate Culpa', NULL, 77, DEFAULT, DEFAULT), ('350ffb75-0a57-59e5-a5c9-179e6696dca6', 'Minim Exercitation E', NULL, 78, DEFAULT, DEFAULT), ('8f618935-0709-51d9-a788-ed5bf31c7cb5', 'Ut Ex Ut', NULL, 77, DEFAULT, DEFAULT), ('782f7eda-e535-5ab3-8415-643126d3b0fa', 'Ea Ullamco', NULL, 76, DEFAULT, DEFAULT), ('5daf6f25-3b97-5f49-8f75-4ba5d1d74cd3', 'Adipisicing Elit Con', NULL, 78, DEFAULT, DEFAULT), ('3788fdae-c690-5563-abac-18b51e4d210f', 'Consequat Culpa Ut M', NULL, 76, DEFAULT, DEFAULT), ('177ae72e-41a6-5325-80d6-452827ea5918', 'Labore Eiusmod Lorem', NULL, 76, DEFAULT, DEFAULT), ('c0a2f5c4-7781-5310-ad3c-e7b9f41a7ace', 'Do Est Cupidatat', NULL, 77, DEFAULT, DEFAULT), ('71c019c0-f4c8-51ac-bfff-4141eabf85f3', 'Dolor Est Nisi Dolor', NULL, 77, DEFAULT, DEFAULT), ('ab4eb860-b9b9-58f5-84c6-b76a08d23dfd', 'Laborum Nulla Nulla ', NULL, 76, DEFAULT, DEFAULT), ('dd9140ad-b92d-5673-a8c2-8b1c4e3e8697', 'Id In', NULL, 78, DEFAULT, DEFAULT), ('78de8c0c-fe2d-50bd-afca-68bed9f87cd0', 'Nostrud Fugiat', NULL, 78, DEFAULT, DEFAULT), ('81e51b22-aab8-5050-a735-aa5917f8771b', 'Laboris Voluptate Qu', NULL, 77, DEFAULT, DEFAULT), ('f6cb58dd-a0aa-5d2b-8ce5-200e44be4f36', 'Excepteur Dolor Et', NULL, 76, DEFAULT, DEFAULT), ('48ed64cc-01ce-5cc6-8ffd-8d552f857570', 'Est Consectetur Veli', NULL, 78, DEFAULT, DEFAULT), ('0cb21e27-1e4d-50c9-bd0d-f6696d98b44c', 'Incididunt Esse', NULL, 76, DEFAULT, DEFAULT), ('29d37d99-954e-5434-8e90-9d564d65e434', 'Est Veniam Id', NULL, 76, DEFAULT, DEFAULT), ('64957ee8-7d0b-54ac-82da-6c959456806c', 'Elit Aliquip', NULL, 77, DEFAULT, DEFAULT), ('b96a16b9-db3a-5601-8741-9aae600f278b', 'Cillum In Ex', NULL, 77, DEFAULT, DEFAULT), ('c25b7aec-7cbc-5229-a69a-f81a4d2a8c67', 'Et Deserunt', NULL, 78, DEFAULT, DEFAULT);
INSERT INTO public.plan (id,name,pricing,pricing_interval,is_default,config,created_at,updated_at) VALUES (55, 'Essential', 0, 'monthly', 't', '{"max_members":6,"max_blueprints":100,"max_books":20}', DEFAULT, DEFAULT), (56, 'Advanced', 15.803108597090716, 'monthly', 'f', '{"max_members":12,"max_blueprints":200,"max_books":40}', DEFAULT, DEFAULT), (57, 'Pro', 12.111348826482082, 'yearly', 'f', '{"max_members":18,"max_blueprints":300,"max_books":60}', DEFAULT, DEFAULT);
INSERT INTO public.book (id,name,team_id,created_at,updated_at) VALUES ('1e7e0bcb-4fc0-5d72-81a5-d67a74a13595', 'Nisi Et', '7c2c4732-09c1-5f7b-87ca-c53e7497b4ef', DEFAULT, DEFAULT), ('d297ab9e-40d4-51b5-bb8f-a1df399f1a9a', 'Cillum', '7c2c4732-09c1-5f7b-87ca-c53e7497b4ef', DEFAULT, DEFAULT), ('d1b8f3f8-af26-5088-8712-273c28ba98f7', 'Fugiat Anim', '7c2c4732-09c1-5f7b-87ca-c53e7497b4ef', DEFAULT, DEFAULT), ('3ff60d7a-a4ad-54c5-a422-53b52cd53093', 'Velit', '7c2c4732-09c1-5f7b-87ca-c53e7497b4ef', DEFAULT, DEFAULT), ('cfbfd1d4-e77f-57e5-94da-e9ff2cc7a996', 'Aliqua', '7c2c4732-09c1-5f7b-87ca-c53e7497b4ef', DEFAULT, DEFAULT), ('92bf5244-388d-5bbf-bd84-1c7ad2efe31b', 'Aute Ipsum Magna', '7c2c4732-09c1-5f7b-87ca-c53e7497b4ef', DEFAULT, DEFAULT), ('9584676f-0635-591a-a937-d230d9a3abf3', 'Consequat Deserunt E', '7c2c4732-09c1-5f7b-87ca-c53e7497b4ef', DEFAULT, DEFAULT), ('5777772e-8d66-5c0f-ab03-fb0419760db6', 'Proident Dolore Exer', '7c2c4732-09c1-5f7b-87ca-c53e7497b4ef', DEFAULT, DEFAULT), ('62507209-107c-55b5-9f47-9cad3cb25da5', 'Officia Deserunt', '7c2c4732-09c1-5f7b-87ca-c53e7497b4ef', DEFAULT, DEFAULT), ('98eaafd3-adbf-5a3e-adb9-b3fb6971b6f1', 'Nostrud Irure', 'f50563b6-8532-51ec-b121-d8c6bca3e897', DEFAULT, DEFAULT), ('2d1d7734-be70-5d07-a538-e76c6cae722e', 'Sit Sint', 'f50563b6-8532-51ec-b121-d8c6bca3e897', DEFAULT, DEFAULT), ('b5605791-3389-56c2-9ec6-17d538b9bb85', 'Velit', 'f50563b6-8532-51ec-b121-d8c6bca3e897', DEFAULT, DEFAULT), ('a5831e58-2fc9-5b59-970d-00c344a4eb18', 'Ipsum Labore', 'f50563b6-8532-51ec-b121-d8c6bca3e897', DEFAULT, DEFAULT), ('756cbb59-27d6-58f3-b4b9-8b56121e683f', 'In Laborum', 'f50563b6-8532-51ec-b121-d8c6bca3e897', DEFAULT, DEFAULT), ('a8212e1b-5577-5c28-9c38-2d4fbd753550', 'Laboris Ex', 'f1bf295c-195b-5a42-9c6b-5bfa14b58307', DEFAULT, DEFAULT), ('59558fa1-9cc0-5e85-a331-879d76e07f05', 'Magna Aute', 'f1bf295c-195b-5a42-9c6b-5bfa14b58307', DEFAULT, DEFAULT), ('8926b9fd-34b2-5421-a25c-9cd89c12cad0', 'Mollit Aute Quis', 'f1bf295c-195b-5a42-9c6b-5bfa14b58307', DEFAULT, DEFAULT), ('5d378209-1fd5-506f-8b3f-511a16489d69', 'Ad Ipsum', 'f1bf295c-195b-5a42-9c6b-5bfa14b58307', DEFAULT, DEFAULT), ('305fa448-c3bf-59c7-a989-19ae69ce0725', 'Do Elit', 'f1bf295c-195b-5a42-9c6b-5bfa14b58307', DEFAULT, DEFAULT), ('853509f0-6836-5fa7-87f2-fb0a9a8766d2', 'Adipisicing', 'f1bf295c-195b-5a42-9c6b-5bfa14b58307', DEFAULT, DEFAULT), ('bbc51950-a428-5ed7-b604-6444a902714b', 'Laboris', 'f1bf295c-195b-5a42-9c6b-5bfa14b58307', DEFAULT, DEFAULT), ('89f211a9-c1e7-5fa6-9108-784d98291012', 'Velit', 'f1bf295c-195b-5a42-9c6b-5bfa14b58307', DEFAULT, DEFAULT), ('75e07351-a344-5719-bccf-45791a666af4', 'Magna', 'f1bf295c-195b-5a42-9c6b-5bfa14b58307', DEFAULT, DEFAULT), ('3d36d061-4dca-5f53-95f5-b74a7cc61e19', 'Amet Ut', 'f1bf295c-195b-5a42-9c6b-5bfa14b58307', DEFAULT, DEFAULT), ('a6ea6199-2a1a-56d4-b12a-1bf7d32d154c', 'Dolor Anim', 'e0eebbc8-63c9-5fee-b088-b3310b672c35', DEFAULT, DEFAULT), ('eb3e804d-5ed0-59a1-900b-3b0f9b2cb577', 'Ex Reprehenderit', 'e0eebbc8-63c9-5fee-b088-b3310b672c35', DEFAULT, DEFAULT), ('88501f36-608d-5074-ab3f-752cd478292f', 'Lorem Nulla Aliqua', 'e0eebbc8-63c9-5fee-b088-b3310b672c35', DEFAULT, DEFAULT), ('0e342915-b360-541f-8c0a-bdf36b3c0ce2', 'Velit Ullamco', 'e0eebbc8-63c9-5fee-b088-b3310b672c35', DEFAULT, DEFAULT), ('8b474939-245b-5ed9-b06a-21432e2b9115', 'Tempor Enim', 'e0eebbc8-63c9-5fee-b088-b3310b672c35', DEFAULT, DEFAULT), ('abf8504a-2cfc-5a9d-a5d2-31dccd8bf00f', 'Ipsum Quis', '1c17c04a-19f5-5c48-8b6b-48fe02257ffb', DEFAULT, DEFAULT), ('262a78c7-eb9d-5e1a-8e58-41ecb0c31fbd', 'Mollit Labore', '1c17c04a-19f5-5c48-8b6b-48fe02257ffb', DEFAULT, DEFAULT), ('110efd29-2979-5c30-b41f-b3bf832f48cd', 'Et In', '1c17c04a-19f5-5c48-8b6b-48fe02257ffb', DEFAULT, DEFAULT), ('cf1d2e5e-3a18-5518-8e4c-387978992b8a', 'Ut Ullamco Eu', '1c17c04a-19f5-5c48-8b6b-48fe02257ffb', DEFAULT, DEFAULT), ('34a6eefa-de0a-5b54-8950-76863d1d5290', 'Do Cupidatat', '1c17c04a-19f5-5c48-8b6b-48fe02257ffb', DEFAULT, DEFAULT), ('d2268e40-fa6d-5300-9f01-b7cc8f9018e3', 'Sunt', 'a2996c99-b8bb-5bf6-b789-844e821ceb82', DEFAULT, DEFAULT), ('7a86b477-8922-5c78-85b7-47a44d6877c0', 'Elit', 'a2996c99-b8bb-5bf6-b789-844e821ceb82', DEFAULT, DEFAULT), ('cd1520c4-af17-5e1e-b5b0-a9e95f36a7c4', 'Aute', 'a2996c99-b8bb-5bf6-b789-844e821ceb82', DEFAULT, DEFAULT), ('2190cc4c-2cc5-5f9f-983d-55f70f31e468', 'Adipisicing Id', 'a2996c99-b8bb-5bf6-b789-844e821ceb82', DEFAULT, DEFAULT), ('fbfa0c72-9c6c-54ce-ba23-f1ed2563396e', 'Lorem Deserunt Repre', 'a2996c99-b8bb-5bf6-b789-844e821ceb82', DEFAULT, DEFAULT), ('d664e8db-93ef-5294-a361-9e8640907e59', 'Anim', 'a2996c99-b8bb-5bf6-b789-844e821ceb82', DEFAULT, DEFAULT), ('df625f4d-0fe2-599a-b1d3-13232701e19f', 'Labore Officia', 'a2996c99-b8bb-5bf6-b789-844e821ceb82', DEFAULT, DEFAULT), ('6ae168d9-ec9f-5cc8-9efc-a8418f6ebd72', 'Nulla', 'a2996c99-b8bb-5bf6-b789-844e821ceb82', DEFAULT, DEFAULT), ('349111f0-5b40-5b21-aeff-8af2b228d28f', 'Et Adipisicing', '5d016028-a6a3-5268-91a3-91021dbfda0a', DEFAULT, DEFAULT), ('e2b744a0-a170-5a87-828d-34cc6f64ca05', 'Eiusmod Enim', '5d016028-a6a3-5268-91a3-91021dbfda0a', DEFAULT, DEFAULT), ('3a804324-748d-571a-afad-6b9c20a35337', 'Proident', '5d016028-a6a3-5268-91a3-91021dbfda0a', DEFAULT, DEFAULT), ('1bf9a820-bb8f-59cd-8902-84a62a1aa29f', 'Esse', '5d016028-a6a3-5268-91a3-91021dbfda0a', DEFAULT, DEFAULT), ('09204188-e618-5728-88fc-034120742c41', 'Exercitation Fugiat ', 'b279891e-05aa-528b-867b-dd6fe5fa77c8', DEFAULT, DEFAULT), ('b576de0c-954e-5345-a9e7-0d691c52341a', 'Culpa Tempor Nisi', 'b279891e-05aa-528b-867b-dd6fe5fa77c8', DEFAULT, DEFAULT), ('887dee3f-7921-537c-91f1-8b0d43117b12', 'Exercitation Duis', 'b279891e-05aa-528b-867b-dd6fe5fa77c8', DEFAULT, DEFAULT), ('6fc34c52-742f-56c2-b6c3-89dee63a8839', 'Sunt Irure', 'b279891e-05aa-528b-867b-dd6fe5fa77c8', DEFAULT, DEFAULT), ('5531f3c9-2ccc-59e8-86e8-da1800808ec2', 'Enim Eiusmod', 'b279891e-05aa-528b-867b-dd6fe5fa77c8', DEFAULT, DEFAULT), ('3b3a2ed4-3283-5a09-84d9-c7de876d5510', 'Esse', 'b279891e-05aa-528b-867b-dd6fe5fa77c8', DEFAULT, DEFAULT), ('380f1bbd-f6c8-5306-af3f-7d7fa746bde0', 'Irure Mollit Reprehe', 'b279891e-05aa-528b-867b-dd6fe5fa77c8', DEFAULT, DEFAULT), ('672ad514-6b43-58ed-b7aa-f70ed34485d9', 'Laboris Nostrud', 'b279891e-05aa-528b-867b-dd6fe5fa77c8', DEFAULT, DEFAULT), ('f561c33d-0589-5163-a677-f2a1eb6b3322', 'Ad Cupidatat', 'ff53868f-9940-575d-8fa8-923808f93a53', DEFAULT, DEFAULT), ('02a341a2-35a0-5fbc-a1f4-aa8b42aa4b51', 'Ut', 'ff53868f-9940-575d-8fa8-923808f93a53', DEFAULT, DEFAULT), ('ad276812-3b86-5425-b36a-d822f2860912', 'Reprehenderit Incidi', 'ff53868f-9940-575d-8fa8-923808f93a53', DEFAULT, DEFAULT), ('2764351d-73bf-5124-a613-660cd57f91dd', 'In Non Occaecat', 'ff53868f-9940-575d-8fa8-923808f93a53', DEFAULT, DEFAULT), ('8bf74689-dfcf-5429-b342-2718dce8a8eb', 'Exercitation Exercit', 'ff53868f-9940-575d-8fa8-923808f93a53', DEFAULT, DEFAULT), ('c34db444-6019-5242-8b27-a0e6d1f129be', 'Proident Pariatur', 'ff53868f-9940-575d-8fa8-923808f93a53', DEFAULT, DEFAULT), ('cd80d13e-478f-5058-8dfd-e20a76013cb5', 'Ad', '8172203a-00e7-5e0e-919b-2970e0d891df', DEFAULT, DEFAULT), ('db9f2a26-569b-5431-9216-bcd2cf256bbd', 'Laborum Culpa Do', '8172203a-00e7-5e0e-919b-2970e0d891df', DEFAULT, DEFAULT), ('e4c44768-00c8-52e6-80f9-625972d5d9b9', 'Exercitation Cupidat', '8172203a-00e7-5e0e-919b-2970e0d891df', DEFAULT, DEFAULT), ('eea550bd-8120-5fb2-9339-ad3a549506d4', 'Cillum Consequat Eu', '8172203a-00e7-5e0e-919b-2970e0d891df', DEFAULT, DEFAULT), ('88514f78-7770-5bc2-96a4-f0f4ebcab4a4', 'Dolor Laboris', '8172203a-00e7-5e0e-919b-2970e0d891df', DEFAULT, DEFAULT), ('95c65795-b9a1-572f-87ae-6fa70b020fbb', 'Tempor Sit', '8172203a-00e7-5e0e-919b-2970e0d891df', DEFAULT, DEFAULT), ('8891aca3-b326-5a45-a77b-46ff3fd96d49', 'Ea Cillum Amet', '8172203a-00e7-5e0e-919b-2970e0d891df', DEFAULT, DEFAULT), ('e9decb87-4a50-5c41-896c-16fe0d21ebca', 'Proident Adipisicing', '7b5ee10b-959f-565b-9dac-a4bab4f6c6bf', DEFAULT, DEFAULT), ('274020d9-7513-5cf6-ae0b-e94ef1d1a62f', 'Sunt Commodo', '7b5ee10b-959f-565b-9dac-a4bab4f6c6bf', DEFAULT, DEFAULT), ('644bfc5c-cf27-5d76-8355-4e4c8d73061f', 'Proident Ut', '7b5ee10b-959f-565b-9dac-a4bab4f6c6bf', DEFAULT, DEFAULT), ('eff6dde6-e4aa-5c61-9818-5d7ae0bf58b7', 'Do', '7b5ee10b-959f-565b-9dac-a4bab4f6c6bf', DEFAULT, DEFAULT), ('31bb49e9-e86d-546a-9e01-6986e5eacf06', 'Velit Aliqua', '7b5ee10b-959f-565b-9dac-a4bab4f6c6bf', DEFAULT, DEFAULT), ('6a3486ce-c3fa-519b-8ad1-f329a5c3ee43', 'Quis Incididunt', '7b5ee10b-959f-565b-9dac-a4bab4f6c6bf', DEFAULT, DEFAULT), ('b134c4e5-3e41-53b3-bf3f-7f4cf023e9d7', 'Anim Duis', '38400370-0369-5239-8b08-499aef0591ef', DEFAULT, DEFAULT), ('763ebb5f-add9-59ff-9a26-6b4030dae259', 'Esse Reprehenderit A', '38400370-0369-5239-8b08-499aef0591ef', DEFAULT, DEFAULT), ('9f273059-bf49-55a4-bf95-e6bedcccffe3', 'Dolore Fugiat Labori', '38400370-0369-5239-8b08-499aef0591ef', DEFAULT, DEFAULT), ('c7198a1e-f50c-5635-a5bf-2073d4da7bc6', 'Adipisicing Nostrud', '38400370-0369-5239-8b08-499aef0591ef', DEFAULT, DEFAULT), ('1497705a-df0e-5f8d-988d-61adba7199e0', 'Et Id', '38400370-0369-5239-8b08-499aef0591ef', DEFAULT, DEFAULT), ('ac772386-a452-5d18-88c7-396c2a71eb0b', 'Qui', '38400370-0369-5239-8b08-499aef0591ef', DEFAULT, DEFAULT), ('b5f933d0-c28e-517c-9fca-d9e38dc742a2', 'Ipsum Fugiat Volupta', '77394b64-1ec1-5043-8dc3-08f9200521d4', DEFAULT, DEFAULT), ('21a7e579-98a3-5757-a0a8-913f2da95aba', 'Duis Commodo Nostrud', '77394b64-1ec1-5043-8dc3-08f9200521d4', DEFAULT, DEFAULT), ('a4b32498-f3a6-5110-a5b6-de20f0314c35', 'Sint Aute Non', '77394b64-1ec1-5043-8dc3-08f9200521d4', DEFAULT, DEFAULT), ('22052ce5-2628-54da-93cf-dce3c06b547a', 'Commodo Laborum Enim', '77394b64-1ec1-5043-8dc3-08f9200521d4', DEFAULT, DEFAULT), ('5b303ef1-7516-512a-ba01-9f0dc05d7d2a', 'Quis', '77394b64-1ec1-5043-8dc3-08f9200521d4', DEFAULT, DEFAULT), ('31ac52db-fa89-5177-b667-1cf6526a929a', 'Eiusmod Sunt Ex', '56ea9a57-3786-5a49-9700-501eb57a1328', DEFAULT, DEFAULT), ('3c6d504a-3b43-5117-a71b-e844b07b3920', 'Ut Pariatur', '56ea9a57-3786-5a49-9700-501eb57a1328', DEFAULT, DEFAULT), ('70e095a9-713d-5fe2-a06a-8145febdb917', 'Commodo Culpa Veniam', '56ea9a57-3786-5a49-9700-501eb57a1328', DEFAULT, DEFAULT), ('d0fa96c4-2bfe-5959-9fd4-b17ec4964e6d', 'Magna Non', '56ea9a57-3786-5a49-9700-501eb57a1328', DEFAULT, DEFAULT), ('cb82a658-7a6b-5f53-8103-de934a9d041a', 'Cupidatat', '56ea9a57-3786-5a49-9700-501eb57a1328', DEFAULT, DEFAULT), ('404e076e-a943-52e4-a2ce-10591a9caa1f', 'Duis Ea', '56ea9a57-3786-5a49-9700-501eb57a1328', DEFAULT, DEFAULT), ('808bd15b-fc3e-5378-a895-35c8b3e388f6', 'Eiusmod', '56ea9a57-3786-5a49-9700-501eb57a1328', DEFAULT, DEFAULT), ('e9de49c7-7c1c-5c70-9aad-96d6727706e4', 'Amet Do', '56ea9a57-3786-5a49-9700-501eb57a1328', DEFAULT, DEFAULT), ('bf9b5b68-4e23-52f1-a2cb-7e93ec2bafea', 'Enim', '56ea9a57-3786-5a49-9700-501eb57a1328', DEFAULT, DEFAULT), ('47180cc8-0c70-5419-ae12-883bca434a23', 'Sit Et Occaecat', '56ea9a57-3786-5a49-9700-501eb57a1328', DEFAULT, DEFAULT), ('af5fa9a8-f7df-5a87-830c-3e8d39f06eae', 'Ipsum', '731fb763-1773-5758-b8dd-d75381b0e72a', DEFAULT, DEFAULT), ('fa904169-96b2-5473-b48d-c7f225d6dfb3', 'Consectetur', '731fb763-1773-5758-b8dd-d75381b0e72a', DEFAULT, DEFAULT), ('76980724-1543-5820-bc77-ff5f445e7244', 'Do Officia Laborum', '731fb763-1773-5758-b8dd-d75381b0e72a', DEFAULT, DEFAULT), ('c9f9ed6b-3ed1-5d46-9201-51000bdf47fa', 'Deserunt Fugiat Do', '731fb763-1773-5758-b8dd-d75381b0e72a', DEFAULT, DEFAULT), ('54473828-0225-5307-b53c-7a0fc46ac63c', 'Anim', '731fb763-1773-5758-b8dd-d75381b0e72a', DEFAULT, DEFAULT), ('f057746f-990e-5e0f-ba59-b833ef7e39fc', 'Enim Cupidatat Fugia', '731fb763-1773-5758-b8dd-d75381b0e72a', DEFAULT, DEFAULT), ('6f98547a-4734-5cb4-82a1-cf5fc4e37c8d', 'Qui Eu', '731fb763-1773-5758-b8dd-d75381b0e72a', DEFAULT, DEFAULT), ('e7220451-be7e-505e-a9bf-ee44e4532e06', 'Do Ut In', '731fb763-1773-5758-b8dd-d75381b0e72a', DEFAULT, DEFAULT), ('9848be59-9489-5a98-891a-f6bd795125f7', 'Pariatur', '731fb763-1773-5758-b8dd-d75381b0e72a', DEFAULT, DEFAULT), ('9b2e3c4a-e74e-5c6c-9f51-0f7750edaa74', 'Lorem In', '731fb763-1773-5758-b8dd-d75381b0e72a', DEFAULT, DEFAULT), ('d19db439-c7e7-53a7-aa19-0db346180dc1', 'Ut', '5e20f9a8-7b26-5a5f-8426-6b12c182d23c', DEFAULT, DEFAULT), ('91434b27-2651-5429-8f42-45c3f8e334a0', 'Ex Deserunt', '5e20f9a8-7b26-5a5f-8426-6b12c182d23c', DEFAULT, DEFAULT), ('549980e7-3e77-5d76-b263-84664d04b209', 'Excepteur Aliquip', '5e20f9a8-7b26-5a5f-8426-6b12c182d23c', DEFAULT, DEFAULT), ('e4de1a09-bd9a-5e42-b92c-2cb1af28bec6', 'Excepteur Deserunt', '5e20f9a8-7b26-5a5f-8426-6b12c182d23c', DEFAULT, DEFAULT), ('f4b5542b-ba61-519e-a8d2-5793282ad487', 'Culpa', '5e20f9a8-7b26-5a5f-8426-6b12c182d23c', DEFAULT, DEFAULT), ('cd7c291a-6d6e-5632-91e5-b7fd7a634d7d', 'Ea', '5e20f9a8-7b26-5a5f-8426-6b12c182d23c', DEFAULT, DEFAULT), ('4da5a34b-d621-539d-93ed-4bd842601284', 'Do', '5e20f9a8-7b26-5a5f-8426-6b12c182d23c', DEFAULT, DEFAULT), ('eb3795e9-0dc2-506f-818c-e81bf7149197', 'Dolor Ut', '5e20f9a8-7b26-5a5f-8426-6b12c182d23c', DEFAULT, DEFAULT), ('b32027db-33da-5dc2-b906-e0c2a06ac683', 'Aute', '53fe0e9e-3358-5722-b994-4faad8733cd3', DEFAULT, DEFAULT), ('b7a89d05-549f-565f-b631-b59097e91d1a', 'Pariatur Cillum', '53fe0e9e-3358-5722-b994-4faad8733cd3', DEFAULT, DEFAULT), ('ac9f0e3e-b030-584f-a8dd-87355fe22537', 'Ut', '53fe0e9e-3358-5722-b994-4faad8733cd3', DEFAULT, DEFAULT), ('26f7bb6a-3c9c-5b30-b11b-be5ebfb91948', 'Aute Minim', 'e4834379-a7a0-5f41-8193-f598072b1c83', DEFAULT, DEFAULT), ('e5b4727f-be5e-52c0-83cb-cb7ba230945f', 'Lorem Minim Eiusmod', 'e4834379-a7a0-5f41-8193-f598072b1c83', DEFAULT, DEFAULT), ('290e51c6-7ff6-5db4-8f40-69dda051b66c', 'Veniam Esse', 'e4834379-a7a0-5f41-8193-f598072b1c83', DEFAULT, DEFAULT), ('a8766652-5cf4-5e66-ba6d-9eb457dff942', 'Id Amet Amet', 'a9f91eda-269f-54d0-83de-05f0c2ecbf08', DEFAULT, DEFAULT), ('43bcab14-4a69-5e60-a07f-cda2fe595a2a', 'Nisi Quis', 'a9f91eda-269f-54d0-83de-05f0c2ecbf08', DEFAULT, DEFAULT), ('203ac13e-e5b1-548e-a7da-5d8cff932053', 'Lorem', 'a9f91eda-269f-54d0-83de-05f0c2ecbf08', DEFAULT, DEFAULT), ('1332e392-1ac8-57d9-8262-948f66c89fe9', 'Excepteur Et Consect', 'a9f91eda-269f-54d0-83de-05f0c2ecbf08', DEFAULT, DEFAULT), ('b88b1af1-79fe-5af5-9c91-0c77ed20973b', 'Deserunt Magna', 'a9f91eda-269f-54d0-83de-05f0c2ecbf08', DEFAULT, DEFAULT), ('d073b0b8-955f-5aab-9c76-3aebe9fa08b6', 'Ea', 'a9f91eda-269f-54d0-83de-05f0c2ecbf08', DEFAULT, DEFAULT), ('5783cab4-e010-523b-b893-81b388f43d06', 'Amet', 'c0062d28-74ce-56b0-8124-852c5c4cdd1f', DEFAULT, DEFAULT), ('01bb02e3-6d00-5b11-ba00-2f6b060dfb2e', 'Aliqua Sit', 'c0062d28-74ce-56b0-8124-852c5c4cdd1f', DEFAULT, DEFAULT), ('a9752d0c-ade4-58c6-b746-1b9df56a3d08', 'Cillum', 'c0062d28-74ce-56b0-8124-852c5c4cdd1f', DEFAULT, DEFAULT), ('5cdb9712-16b6-532e-9cc7-8cf7dfbe9b6b', 'Mollit', 'c0062d28-74ce-56b0-8124-852c5c4cdd1f', DEFAULT, DEFAULT), ('3adfc207-aaeb-5fa1-b329-eb7ef2061320', 'Exercitation Adipisi', 'a1d779f7-e622-5cd1-b766-eb2b7925b3c0', DEFAULT, DEFAULT), ('096adf71-c74e-5b77-822b-46a8768797c5', 'Lorem Sit', 'a1d779f7-e622-5cd1-b766-eb2b7925b3c0', DEFAULT, DEFAULT), ('65d8ad86-6271-552b-8704-fabcdcf18cdb', 'Reprehenderit', 'a1d779f7-e622-5cd1-b766-eb2b7925b3c0', DEFAULT, DEFAULT), ('9a52e2af-cb63-5ab2-95a7-ae32f01d6a1c', 'In Qui', 'a1d779f7-e622-5cd1-b766-eb2b7925b3c0', DEFAULT, DEFAULT), ('f7f33f5b-7e02-5784-9db2-ed2995544a54', 'Labore Nulla', 'a1d779f7-e622-5cd1-b766-eb2b7925b3c0', DEFAULT, DEFAULT), ('ba4d6fef-111f-5ce5-883e-2b3880f373bf', 'Est', 'a1d779f7-e622-5cd1-b766-eb2b7925b3c0', DEFAULT, DEFAULT), ('405dd580-b1c8-5c0e-9df0-d82b7f57175d', 'Aliquip', 'a1d779f7-e622-5cd1-b766-eb2b7925b3c0', DEFAULT, DEFAULT), ('39da01f0-2195-5fc3-a74a-d12c26c902a3', 'Ullamco', 'bd4e2ea6-e7d4-5655-93cc-d1ed71c3483c', DEFAULT, DEFAULT), ('fbbb9719-f3d1-5ce2-b584-4b70bf5bb135', 'Ut Eiusmod', 'bd4e2ea6-e7d4-5655-93cc-d1ed71c3483c', DEFAULT, DEFAULT), ('5f651c76-ceba-56db-bd60-512d4079ec53', 'Aliquip Cillum', 'bd4e2ea6-e7d4-5655-93cc-d1ed71c3483c', DEFAULT, DEFAULT), ('9af6e0ef-7015-5390-856a-705032c2e40e', 'Ad Est Eu', 'bd4e2ea6-e7d4-5655-93cc-d1ed71c3483c', DEFAULT, DEFAULT), ('5034bc4f-306f-5e76-8ef2-99198efc3a69', 'Dolor Veniam Consequ', 'bd4e2ea6-e7d4-5655-93cc-d1ed71c3483c', DEFAULT, DEFAULT), ('bbecd693-8054-5eee-8ada-8e2d5a3c5090', 'Aute Ipsum', 'bd4e2ea6-e7d4-5655-93cc-d1ed71c3483c', DEFAULT, DEFAULT), ('f5d8c620-973f-509a-b5b1-dc1e889a22a1', 'Lorem', 'bd4e2ea6-e7d4-5655-93cc-d1ed71c3483c', DEFAULT, DEFAULT), ('e7ba2b18-a57c-5b02-9714-d376d9ea922f', 'Fugiat', 'fb2f612f-57ab-526e-8b57-f5de07942107', DEFAULT, DEFAULT), ('ccd28d41-9086-5b64-b351-585431787bb7', 'In Consequat Incidid', 'fb2f612f-57ab-526e-8b57-f5de07942107', DEFAULT, DEFAULT), ('6a248992-e0a8-5c27-8d71-fd2cfd3a1fd6', 'Fugiat Exercitation', 'fb2f612f-57ab-526e-8b57-f5de07942107', DEFAULT, DEFAULT), ('72d447b0-a4fa-5de7-bb4c-9ff5f169dfea', 'Deserunt', 'fb2f612f-57ab-526e-8b57-f5de07942107', DEFAULT, DEFAULT), ('eeba85da-b4f7-5195-887e-28b7dc8a5236', 'Commodo Qui', 'fb2f612f-57ab-526e-8b57-f5de07942107', DEFAULT, DEFAULT), ('f457d7a7-01f9-5225-b07a-0e782525bbc7', 'Do', '38cee772-792e-54fe-ae0f-d62f75f71c11', DEFAULT, DEFAULT), ('0fa12fcf-97e2-5065-a698-e366ca117702', 'Reprehenderit Enim V', '38cee772-792e-54fe-ae0f-d62f75f71c11', DEFAULT, DEFAULT), ('b4725825-2a5a-5e18-a190-e59f4cb9f1b5', 'Do Ipsum', '38cee772-792e-54fe-ae0f-d62f75f71c11', DEFAULT, DEFAULT), ('45173bfe-a11f-574a-ac25-21cda1308ec9', 'Laborum Proident', '60f279f1-b04c-57b1-b6aa-b71a8811c6ab', DEFAULT, DEFAULT), ('28e4b717-ba20-5ce6-96db-f08421aa2fc7', 'Officia Laborum', '60f279f1-b04c-57b1-b6aa-b71a8811c6ab', DEFAULT, DEFAULT), ('d35ecca3-ac35-5e28-8e7e-6a25de908d18', 'Do Lorem', '60f279f1-b04c-57b1-b6aa-b71a8811c6ab', DEFAULT, DEFAULT), ('e334db45-3389-5a47-b7c9-4ff8121637b5', 'Est Ullamco', '60f279f1-b04c-57b1-b6aa-b71a8811c6ab', DEFAULT, DEFAULT), ('0a9347d2-3396-5e6a-98f1-b406ca195226', 'Proident', '60f279f1-b04c-57b1-b6aa-b71a8811c6ab', DEFAULT, DEFAULT), ('71edf17f-e471-58c3-bbf8-8111bd6c7c8e', 'Fugiat Veniam Enim', '60f279f1-b04c-57b1-b6aa-b71a8811c6ab', DEFAULT, DEFAULT), ('fc6d457c-9711-5cde-813c-d584f858faae', 'Deserunt', '60f279f1-b04c-57b1-b6aa-b71a8811c6ab', DEFAULT, DEFAULT), ('644a93ba-f570-5681-b2f5-de6b9950affd', 'Reprehenderit Cillum', '60f279f1-b04c-57b1-b6aa-b71a8811c6ab', DEFAULT, DEFAULT), ('cd42da7d-ec75-53b3-9aad-015766f58921', 'Pariatur Et', '60f279f1-b04c-57b1-b6aa-b71a8811c6ab', DEFAULT, DEFAULT), ('8b8c6b35-a8b5-5445-b616-82b510da1ef3', 'Qui Qui', '60f279f1-b04c-57b1-b6aa-b71a8811c6ab', DEFAULT, DEFAULT), ('b737f334-53a3-585e-98d7-69fce744e35e', 'Cillum Consectetur', 'b5d35d7e-f19e-568e-9efe-911f779c892f', DEFAULT, DEFAULT), ('8babc841-00b0-585f-9ca3-85ef68fec1f7', 'Non', 'b5d35d7e-f19e-568e-9efe-911f779c892f', DEFAULT, DEFAULT), ('79efb743-bb54-546e-8bdf-089509399715', 'Amet Ad', 'b5d35d7e-f19e-568e-9efe-911f779c892f', DEFAULT, DEFAULT), ('844afdcc-93cf-55c8-b0f1-1cc22329a30b', 'Laborum Ut Proident', '3db3509a-5565-5145-aa2d-eb656db639a3', DEFAULT, DEFAULT), ('290bcd64-8663-5670-8efa-64e864979bbb', 'Reprehenderit Nostru', '3db3509a-5565-5145-aa2d-eb656db639a3', DEFAULT, DEFAULT), ('897e7fb9-bd9c-59e3-afc7-d1c31ec7ef34', 'Duis Ipsum', '3db3509a-5565-5145-aa2d-eb656db639a3', DEFAULT, DEFAULT), ('f3376d8d-17f3-5259-a5b0-af6d5e21e7e2', 'Elit Laboris', '3db3509a-5565-5145-aa2d-eb656db639a3', DEFAULT, DEFAULT), ('5ce056de-a21e-5eba-9d47-e09232047aae', 'Esse Qui', '3db3509a-5565-5145-aa2d-eb656db639a3', DEFAULT, DEFAULT), ('fd8e258e-4711-5b22-b0f3-1f5725eb642f', 'Anim', '3db3509a-5565-5145-aa2d-eb656db639a3', DEFAULT, DEFAULT), ('e5d977c2-2a0e-5703-8ee9-4796e3967ae0', 'Ullamco Nostrud', '3db3509a-5565-5145-aa2d-eb656db639a3', DEFAULT, DEFAULT), ('11edd970-a1f3-5973-a201-278046231716', 'Commodo', '3db3509a-5565-5145-aa2d-eb656db639a3', DEFAULT, DEFAULT), ('5701e8cf-a128-5707-83da-0279d2c833bf', 'Laboris Est', '3db3509a-5565-5145-aa2d-eb656db639a3', DEFAULT, DEFAULT), ('583774ae-7432-5503-850f-867e82c0838b', 'Occaecat Excepteur', '16b2ddd9-4627-52fa-8115-8453cfa39374', DEFAULT, DEFAULT), ('225b2186-bb16-5b0a-b7be-47fd3c5a5cf9', 'Ex Et', '16b2ddd9-4627-52fa-8115-8453cfa39374', DEFAULT, DEFAULT), ('fc295a44-56fb-5a65-beee-66fd6554ae26', 'Consectetur Occaecat', '16b2ddd9-4627-52fa-8115-8453cfa39374', DEFAULT, DEFAULT), ('88133dcb-8b00-5c2c-aee5-9f0743f5239d', 'Ex Sint', '16b2ddd9-4627-52fa-8115-8453cfa39374', DEFAULT, DEFAULT), ('9bcb6997-9423-57c0-978a-09ad67de00e3', 'Anim Irure', '16b2ddd9-4627-52fa-8115-8453cfa39374', DEFAULT, DEFAULT), ('7c1b7c00-d84e-5216-9c13-9544eccd96d4', 'Qui', '16b2ddd9-4627-52fa-8115-8453cfa39374', DEFAULT, DEFAULT), ('586daead-6daa-5df4-83cb-81b2e815d326', 'Proident Aute Ullamc', '16b2ddd9-4627-52fa-8115-8453cfa39374', DEFAULT, DEFAULT), ('1c40127d-ff75-5e7b-a8cb-0c9592423db2', 'Velit Irure', '16b2ddd9-4627-52fa-8115-8453cfa39374', DEFAULT, DEFAULT), ('07d1c973-053f-5f79-8627-e7767272680a', 'Labore Sunt', '16b2ddd9-4627-52fa-8115-8453cfa39374', DEFAULT, DEFAULT), ('f0a85f4d-7257-5b6a-888d-8ed616480c13', 'Esse Non', '16b2ddd9-4627-52fa-8115-8453cfa39374', DEFAULT, DEFAULT), ('34e08312-6163-54ad-8f00-271b535d720e', 'Laborum Adipisicing', '235fae27-2669-539e-8784-3dcbaac570cc', DEFAULT, DEFAULT), ('b21c180f-341f-510e-96d3-d4e40909d89e', 'Incididunt Nulla', '235fae27-2669-539e-8784-3dcbaac570cc', DEFAULT, DEFAULT), ('e09a1a6c-2073-587c-bb13-604903ae6e80', 'Mollit Aute', '235fae27-2669-539e-8784-3dcbaac570cc', DEFAULT, DEFAULT), ('c3c19070-f0b8-5d8b-8806-a00d5fe919aa', 'Culpa Officia Sint', '235fae27-2669-539e-8784-3dcbaac570cc', DEFAULT, DEFAULT), ('dc376aff-9563-59fe-ac16-2760fcfb9752', 'Enim', '235fae27-2669-539e-8784-3dcbaac570cc', DEFAULT, DEFAULT), ('f8c28949-a64a-5955-ab9b-9c82a976b917', 'Cupidatat Ex', '235fae27-2669-539e-8784-3dcbaac570cc', DEFAULT, DEFAULT), ('f3ebe9e0-f337-5a54-9800-1b3119ecb916', 'Cupidatat Est', '235fae27-2669-539e-8784-3dcbaac570cc', DEFAULT, DEFAULT), ('8fe11c61-64ee-5a54-8048-b7d0a6d485e2', 'Esse Aliquip', '235fae27-2669-539e-8784-3dcbaac570cc', DEFAULT, DEFAULT), ('9d87fe57-7f5a-555d-8ceb-54297334ec14', 'Dolor Cillum Pariatu', '85a272fe-9de3-5543-919e-647cccb82b15', DEFAULT, DEFAULT), ('02fbc2e3-109a-5330-96d4-81e4548f5f4f', 'Laboris Lorem', '85a272fe-9de3-5543-919e-647cccb82b15', DEFAULT, DEFAULT), ('026debf8-8a71-53bf-8bd1-1046d4d33b6c', 'Amet Et', '85a272fe-9de3-5543-919e-647cccb82b15', DEFAULT, DEFAULT), ('4ecb4c85-c280-5d1c-af07-13ac77118d4b', 'Magna Officia', '85a272fe-9de3-5543-919e-647cccb82b15', DEFAULT, DEFAULT), ('c749b9a1-8131-5461-9b9f-368e4a129402', 'Adipisicing', '85a272fe-9de3-5543-919e-647cccb82b15', DEFAULT, DEFAULT), ('dcab4cd0-81d2-521a-8a86-4b94b840415d', 'Elit Proident', '85a272fe-9de3-5543-919e-647cccb82b15', DEFAULT, DEFAULT), ('36d172fe-21d7-5e04-8dd5-a197a258f6db', 'Ipsum Ex', '0ff7c90f-7522-5b63-9234-348cf37ff0b7', DEFAULT, DEFAULT), ('86c76349-2501-5929-8ba9-7c7cbfe50a41', 'Voluptate Exercitati', '0ff7c90f-7522-5b63-9234-348cf37ff0b7', DEFAULT, DEFAULT), ('8e5bcc8d-ff8b-5160-bb7c-97b1a5837a53', 'Exercitation Et', '0ff7c90f-7522-5b63-9234-348cf37ff0b7', DEFAULT, DEFAULT), ('6ec75264-eddd-5d93-b46a-ea1447200d4d', 'Dolor Labore Aliquip', '350ffb75-0a57-59e5-a5c9-179e6696dca6', DEFAULT, DEFAULT), ('55cedb23-3815-5fc9-99fd-895fbde5d0e3', 'Proident Consectetur', '350ffb75-0a57-59e5-a5c9-179e6696dca6', DEFAULT, DEFAULT), ('59f89533-99ba-5296-9d71-0a2d936ac633', 'Deserunt Est Aliquip', '350ffb75-0a57-59e5-a5c9-179e6696dca6', DEFAULT, DEFAULT), ('b0c0c7b7-48be-5940-b4f0-b4b523207fb6', 'Voluptate', '350ffb75-0a57-59e5-a5c9-179e6696dca6', DEFAULT, DEFAULT), ('65bd7d62-1e19-50de-9d5c-5ad405f99ffc', 'Irure', '350ffb75-0a57-59e5-a5c9-179e6696dca6', DEFAULT, DEFAULT), ('c2916be7-afbf-5b1e-bf7a-6612306486ab', 'Eu Aliquip', '350ffb75-0a57-59e5-a5c9-179e6696dca6', DEFAULT, DEFAULT), ('846cad2b-ac62-5a23-a4c4-8886771e6a4c', 'Dolore', '350ffb75-0a57-59e5-a5c9-179e6696dca6', DEFAULT, DEFAULT), ('96de0eb2-a6db-5c9a-be1f-e40d45f16e98', 'Deserunt Commodo', '350ffb75-0a57-59e5-a5c9-179e6696dca6', DEFAULT, DEFAULT), ('abb263e9-94ea-55ef-ab20-c943f05d5965', 'Est Fugiat', '8f618935-0709-51d9-a788-ed5bf31c7cb5', DEFAULT, DEFAULT), ('740518ca-526d-5918-8e05-614bf621f8d6', 'Cillum Commodo Est', '8f618935-0709-51d9-a788-ed5bf31c7cb5', DEFAULT, DEFAULT), ('00a9d1f8-38ea-5883-81bf-f967bd7aaa45', 'Amet Velit', '8f618935-0709-51d9-a788-ed5bf31c7cb5', DEFAULT, DEFAULT), ('a1c9c188-b8b2-54b9-891e-48d51d81b431', 'Consectetur Quis', '8f618935-0709-51d9-a788-ed5bf31c7cb5', DEFAULT, DEFAULT), ('a3141029-aec2-543b-b18a-49fe947e3304', 'Elit Aliqua Velit', '782f7eda-e535-5ab3-8415-643126d3b0fa', DEFAULT, DEFAULT), ('6c52c1d9-13a4-51ef-ae51-1dacc4c14be9', 'Adipisicing Commodo', '782f7eda-e535-5ab3-8415-643126d3b0fa', DEFAULT, DEFAULT), ('2589cf16-4103-5a4f-b544-b30078083eaa', 'Et Voluptate', '782f7eda-e535-5ab3-8415-643126d3b0fa', DEFAULT, DEFAULT), ('a88bc9b9-135e-55c7-8c4c-5a072a3c8573', 'Adipisicing', '782f7eda-e535-5ab3-8415-643126d3b0fa', DEFAULT, DEFAULT), ('8b7e423b-b9b9-5b3c-bf3d-1aa45d16235c', 'Enim Officia Incidid', '782f7eda-e535-5ab3-8415-643126d3b0fa', DEFAULT, DEFAULT), ('882c7ae5-914f-539d-8207-691de536097f', 'Lorem', '782f7eda-e535-5ab3-8415-643126d3b0fa', DEFAULT, DEFAULT), ('811570ef-0b81-508d-ba05-2f5e812d4131', 'Ullamco Esse', '782f7eda-e535-5ab3-8415-643126d3b0fa', DEFAULT, DEFAULT), ('9b1fc781-1e4e-56d2-bd68-0dc257a319c0', 'Aute Deserunt Adipis', '5daf6f25-3b97-5f49-8f75-4ba5d1d74cd3', DEFAULT, DEFAULT), ('8a0a556f-d942-55f0-8ba8-1ffbfaf3c6d9', 'Excepteur Ullamco', '5daf6f25-3b97-5f49-8f75-4ba5d1d74cd3', DEFAULT, DEFAULT), ('91fa3874-9437-5dfa-a49a-f19fb38d9e92', 'Ipsum', '5daf6f25-3b97-5f49-8f75-4ba5d1d74cd3', DEFAULT, DEFAULT), ('eda91f04-12ef-5904-88aa-e6ed9a692e03', 'Commodo', '5daf6f25-3b97-5f49-8f75-4ba5d1d74cd3', DEFAULT, DEFAULT), ('1d3f740a-8c60-5c1d-aa9e-3854a33c8e1d', 'Irure Esse', '5daf6f25-3b97-5f49-8f75-4ba5d1d74cd3', DEFAULT, DEFAULT), ('d9bba68a-079c-5141-bd43-756b87167584', 'Velit', '5daf6f25-3b97-5f49-8f75-4ba5d1d74cd3', DEFAULT, DEFAULT), ('ca65e33b-de71-5d46-933a-849036127987', 'Excepteur Sint', '5daf6f25-3b97-5f49-8f75-4ba5d1d74cd3', DEFAULT, DEFAULT), ('f52ce409-f800-5a86-b4ed-ce1a99a8a6ae', 'Non Labore Cillum', '5daf6f25-3b97-5f49-8f75-4ba5d1d74cd3', DEFAULT, DEFAULT), ('3204ce32-7c5b-5953-969e-fe1d17de6e76', 'Esse Proident Duis', '3788fdae-c690-5563-abac-18b51e4d210f', DEFAULT, DEFAULT), ('eecf8a7e-af2f-524d-a645-c5fba3ebda06', 'Cupidatat Cupidatat ', '3788fdae-c690-5563-abac-18b51e4d210f', DEFAULT, DEFAULT), ('8d3f145b-67b0-504d-b49a-d59ecea5d2d8', 'Fugiat Ullamco Labor', '3788fdae-c690-5563-abac-18b51e4d210f', DEFAULT, DEFAULT), ('d00c085d-72d6-5114-a5fd-ba818539c2f7', 'In Elit Incididunt', '3788fdae-c690-5563-abac-18b51e4d210f', DEFAULT, DEFAULT), ('de459427-bb2c-5381-bdbf-7126efbb65c9', 'Aliqua Non Nulla', '3788fdae-c690-5563-abac-18b51e4d210f', DEFAULT, DEFAULT), ('fd2a8113-662a-5782-9e12-f7b49eee56e0', 'Culpa', '3788fdae-c690-5563-abac-18b51e4d210f', DEFAULT, DEFAULT), ('5c25ba01-ab4d-5527-9a41-d79d770f3d79', 'Fugiat Magna Incidid', '3788fdae-c690-5563-abac-18b51e4d210f', DEFAULT, DEFAULT), ('bbcbd7eb-4377-550e-af45-f77d693d98fe', 'Mollit Amet', '3788fdae-c690-5563-abac-18b51e4d210f', DEFAULT, DEFAULT), ('d6d652bf-48a5-5a85-a95d-16c25edc5397', 'Sunt Sint Labore', '177ae72e-41a6-5325-80d6-452827ea5918', DEFAULT, DEFAULT), ('94170f3d-888c-58bc-bc18-13592bfb52c5', 'Sunt Id In', '177ae72e-41a6-5325-80d6-452827ea5918', DEFAULT, DEFAULT), ('1e0af0c0-30ba-5a06-9647-a83cef3d815d', 'Eiusmod Fugiat Culpa', '177ae72e-41a6-5325-80d6-452827ea5918', DEFAULT, DEFAULT), ('097c4d8e-94d3-5fd3-94ca-7bbb66cf6929', 'Amet Id', '177ae72e-41a6-5325-80d6-452827ea5918', DEFAULT, DEFAULT), ('2daf5548-f681-577a-9912-670e1304b2ad', 'Eiusmod Irure Lorem', '177ae72e-41a6-5325-80d6-452827ea5918', DEFAULT, DEFAULT), ('36ab6720-a24b-578b-8d3f-3d9bb0485851', 'Dolore', '177ae72e-41a6-5325-80d6-452827ea5918', DEFAULT, DEFAULT), ('70b4d1da-5ee3-5bd6-aecb-9af8ab670b84', 'Consequat Aliqua', 'c0a2f5c4-7781-5310-ad3c-e7b9f41a7ace', DEFAULT, DEFAULT), ('2da4149c-bf3e-5f98-b904-591c69530871', 'Pariatur Id', 'c0a2f5c4-7781-5310-ad3c-e7b9f41a7ace', DEFAULT, DEFAULT), ('a69d43fa-2222-5203-b590-140e62599451', 'Cupidatat Qui Deseru', 'c0a2f5c4-7781-5310-ad3c-e7b9f41a7ace', DEFAULT, DEFAULT), ('f6a7cc82-a609-50ee-a839-9fa8b1a9631d', 'Proident Veniam Inci', 'c0a2f5c4-7781-5310-ad3c-e7b9f41a7ace', DEFAULT, DEFAULT), ('28a1ca86-fc34-5d5b-bda6-792b581f58de', 'Proident Ut', '71c019c0-f4c8-51ac-bfff-4141eabf85f3', DEFAULT, DEFAULT), ('c801d235-e02a-5267-8201-eecb86948b65', 'Dolore Aliqua', '71c019c0-f4c8-51ac-bfff-4141eabf85f3', DEFAULT, DEFAULT), ('ad1bbcac-cdbb-551f-b25a-b14b40074515', 'Qui Velit Pariatur', '71c019c0-f4c8-51ac-bfff-4141eabf85f3', DEFAULT, DEFAULT), ('af85f96c-efbd-584c-bdd4-26c4e2f3e556', 'Mollit Ea', '71c019c0-f4c8-51ac-bfff-4141eabf85f3', DEFAULT, DEFAULT), ('ee198d66-a798-52a5-8b79-9931f7b835e3', 'Nostrud', '71c019c0-f4c8-51ac-bfff-4141eabf85f3', DEFAULT, DEFAULT), ('9a2c5b91-3c65-50ae-8188-68db1f1edfc4', 'Irure Ut', '71c019c0-f4c8-51ac-bfff-4141eabf85f3', DEFAULT, DEFAULT), ('a78f49ae-5f15-5b14-baf5-6abdb727fcc1', 'Excepteur Mollit Lab', '71c019c0-f4c8-51ac-bfff-4141eabf85f3', DEFAULT, DEFAULT), ('a3df44c1-25a3-5190-a8bc-004597063afc', 'Reprehenderit', '71c019c0-f4c8-51ac-bfff-4141eabf85f3', DEFAULT, DEFAULT), ('ee88c41d-7461-5ecc-a96b-908770bc5575', 'Eu Nulla', '71c019c0-f4c8-51ac-bfff-4141eabf85f3', DEFAULT, DEFAULT), ('d267e1b9-665d-5421-bb3b-be698dae48a8', 'Duis Incididunt Nisi', '71c019c0-f4c8-51ac-bfff-4141eabf85f3', DEFAULT, DEFAULT), ('b67e09de-df70-515b-91d0-6e53f3b4a58a', 'Officia Enim', 'ab4eb860-b9b9-58f5-84c6-b76a08d23dfd', DEFAULT, DEFAULT), ('fe24988b-bca5-5bf5-be0f-c92da7b2cbe1', 'Pariatur Consequat A', 'ab4eb860-b9b9-58f5-84c6-b76a08d23dfd', DEFAULT, DEFAULT), ('fb634118-b8a6-50b7-9010-0317dd27fba6', 'Veniam Quis Tempor', 'ab4eb860-b9b9-58f5-84c6-b76a08d23dfd', DEFAULT, DEFAULT), ('cda3814f-c14d-5dcf-a835-797df84f6d99', 'Non Labore Duis', 'ab4eb860-b9b9-58f5-84c6-b76a08d23dfd', DEFAULT, DEFAULT), ('bdc52205-2f90-54a1-a699-3ba523b0d56a', 'Non Non Ullamco', 'ab4eb860-b9b9-58f5-84c6-b76a08d23dfd', DEFAULT, DEFAULT), ('1d01e569-eec7-553a-916b-70c8b1d0f9ec', 'Officia', 'ab4eb860-b9b9-58f5-84c6-b76a08d23dfd', DEFAULT, DEFAULT), ('ede942ce-5022-581a-99ff-f8ebb6d10d8a', 'Velit Aliqua', 'ab4eb860-b9b9-58f5-84c6-b76a08d23dfd', DEFAULT, DEFAULT), ('98bf31df-37fd-5af6-86dd-8686cdc35eeb', 'Ea', 'dd9140ad-b92d-5673-a8c2-8b1c4e3e8697', DEFAULT, DEFAULT), ('ae956930-bebe-5aad-83f8-b8d0cae36371', 'Lorem', 'dd9140ad-b92d-5673-a8c2-8b1c4e3e8697', DEFAULT, DEFAULT), ('e20720a7-b660-50e0-8da5-8784fa26a31d', 'Minim Duis Nostrud', 'dd9140ad-b92d-5673-a8c2-8b1c4e3e8697', DEFAULT, DEFAULT), ('2dbccffd-e7a5-5653-9dc6-18e988716abe', 'Ut Duis', 'dd9140ad-b92d-5673-a8c2-8b1c4e3e8697', DEFAULT, DEFAULT), ('d905224a-1767-5e97-ad1a-f223ab64cd44', 'Mollit', 'dd9140ad-b92d-5673-a8c2-8b1c4e3e8697', DEFAULT, DEFAULT), ('051188d3-54fa-59f4-adc8-b929fcb2c826', 'Enim Adipisicing Fug', 'dd9140ad-b92d-5673-a8c2-8b1c4e3e8697', DEFAULT, DEFAULT), ('66e9a4f5-02a0-54af-823e-5e95c7ab9df1', 'Exercitation Est', 'dd9140ad-b92d-5673-a8c2-8b1c4e3e8697', DEFAULT, DEFAULT), ('472a7075-ea0f-5e44-b5c9-6ef12ccd3736', 'Occaecat Aliqua', 'dd9140ad-b92d-5673-a8c2-8b1c4e3e8697', DEFAULT, DEFAULT), ('94daea14-9b93-5933-9044-5ccc1eb32f8f', 'Labore Officia Duis', '78de8c0c-fe2d-50bd-afca-68bed9f87cd0', DEFAULT, DEFAULT), ('dc58dd7b-bb54-5abe-8208-becc5e0561ad', 'Ipsum Velit', '78de8c0c-fe2d-50bd-afca-68bed9f87cd0', DEFAULT, DEFAULT), ('63e38d08-3dd9-5569-ab28-f70e94b3cdb7', 'Excepteur Laborum', '78de8c0c-fe2d-50bd-afca-68bed9f87cd0', DEFAULT, DEFAULT), ('59fbbc7c-edc9-5d3c-9170-cf6acabbcd28', 'Aliquip Quis Cillum', '81e51b22-aab8-5050-a735-aa5917f8771b', DEFAULT, DEFAULT), ('7bf99080-cdc6-5456-b6d5-417e28b4eba5', 'Adipisicing Veniam', '81e51b22-aab8-5050-a735-aa5917f8771b', DEFAULT, DEFAULT), ('d2f08d89-447f-5d3d-96e5-385ed888c091', 'Cupidatat Deserunt D', '81e51b22-aab8-5050-a735-aa5917f8771b', DEFAULT, DEFAULT), ('9e6824f3-dac2-540f-9e3d-8797171dab14', 'Eiusmod Do', '81e51b22-aab8-5050-a735-aa5917f8771b', DEFAULT, DEFAULT), ('d1b6355b-0594-5d07-b55b-72d2c66a1391', 'Ipsum Dolor', 'f6cb58dd-a0aa-5d2b-8ce5-200e44be4f36', DEFAULT, DEFAULT), ('77085b75-b014-57d0-8618-9cc95436a25e', 'Magna Eu Fugiat', 'f6cb58dd-a0aa-5d2b-8ce5-200e44be4f36', DEFAULT, DEFAULT), ('2f76c526-de17-58f1-a75e-aee239f7ed57', 'Velit Proident Venia', 'f6cb58dd-a0aa-5d2b-8ce5-200e44be4f36', DEFAULT, DEFAULT), ('3d4df0ce-5a7f-53e4-b486-95faf0a09720', 'In Excepteur', 'f6cb58dd-a0aa-5d2b-8ce5-200e44be4f36', DEFAULT, DEFAULT), ('d6d4ebe8-fe3c-5e62-98d8-e678f356450c', 'Consequat Officia No', 'f6cb58dd-a0aa-5d2b-8ce5-200e44be4f36', DEFAULT, DEFAULT), ('5dedc9b9-eec3-5ace-a95b-d7817834d9af', 'Consequat Aute', 'f6cb58dd-a0aa-5d2b-8ce5-200e44be4f36', DEFAULT, DEFAULT), ('3c0af99e-82a0-5346-8da5-2d2825b8a66d', 'Sit Dolor', '48ed64cc-01ce-5cc6-8ffd-8d552f857570', DEFAULT, DEFAULT), ('7c0f6282-7933-5431-8e88-9d2b9f09f272', 'Ut Minim Eiusmod', '48ed64cc-01ce-5cc6-8ffd-8d552f857570', DEFAULT, DEFAULT), ('c97097d9-c6b8-5a50-931a-369c86f1535e', 'Deserunt Qui Sint', '48ed64cc-01ce-5cc6-8ffd-8d552f857570', DEFAULT, DEFAULT), ('9f26eece-7e59-5b46-a98b-848dc55a0cda', 'Elit Esse', '48ed64cc-01ce-5cc6-8ffd-8d552f857570', DEFAULT, DEFAULT), ('75b1f4f3-d352-56de-83dd-e679684b060c', 'Tempor Pariatur', '48ed64cc-01ce-5cc6-8ffd-8d552f857570', DEFAULT, DEFAULT), ('80e684c5-9f07-5388-b150-556bc24cb77f', 'Incididunt Incididun', '48ed64cc-01ce-5cc6-8ffd-8d552f857570', DEFAULT, DEFAULT), ('4c13eae9-db84-5ef3-81db-cf60400b290d', 'Nulla Eu', '48ed64cc-01ce-5cc6-8ffd-8d552f857570', DEFAULT, DEFAULT), ('09bca3f4-0d37-5f5a-b637-9d7942a17cff', 'Quis', '0cb21e27-1e4d-50c9-bd0d-f6696d98b44c', DEFAULT, DEFAULT), ('2ca679b7-4687-5422-ac57-c89cfa36e3c8', 'Est Quis', '0cb21e27-1e4d-50c9-bd0d-f6696d98b44c', DEFAULT, DEFAULT), ('ba60341e-ffca-5a8d-85d2-58afc6ff269c', 'Nisi Sint Non', '0cb21e27-1e4d-50c9-bd0d-f6696d98b44c', DEFAULT, DEFAULT), ('deab978c-4953-507c-b4fb-f509dd35f454', 'Proident Do', '0cb21e27-1e4d-50c9-bd0d-f6696d98b44c', DEFAULT, DEFAULT), ('c379a417-3b5c-5e05-a7ca-c545e0d33c70', 'Consectetur Ut', '0cb21e27-1e4d-50c9-bd0d-f6696d98b44c', DEFAULT, DEFAULT), ('21d7354f-afef-5425-9907-92a0ff9e7110', 'Laborum', '0cb21e27-1e4d-50c9-bd0d-f6696d98b44c', DEFAULT, DEFAULT), ('e25e0c45-28e1-5923-b63d-64b8ddeff422', 'Fugiat Elit', '0cb21e27-1e4d-50c9-bd0d-f6696d98b44c', DEFAULT, DEFAULT), ('061a9df6-5f3b-55cf-9879-eec1a4061457', 'Nisi Ea', '29d37d99-954e-5434-8e90-9d564d65e434', DEFAULT, DEFAULT), ('f8fbdff1-11b4-54fa-ab90-292d82d3d353', 'Nulla Id', '29d37d99-954e-5434-8e90-9d564d65e434', DEFAULT, DEFAULT), ('3af5be38-b117-5675-8d7a-e27a1a34e8a8', 'Deserunt Laborum Mag', '29d37d99-954e-5434-8e90-9d564d65e434', DEFAULT, DEFAULT), ('ab07c47c-511a-5092-acb9-cbf862e0076b', 'Consequat In', '29d37d99-954e-5434-8e90-9d564d65e434', DEFAULT, DEFAULT), ('f46ce5c6-3097-5b5d-8213-37b749a8664f', 'Fugiat', '29d37d99-954e-5434-8e90-9d564d65e434', DEFAULT, DEFAULT), ('72d3531d-c972-50b3-9ba4-89c7e7226754', 'Sit Ad', '29d37d99-954e-5434-8e90-9d564d65e434', DEFAULT, DEFAULT), ('8dea886f-fc5d-51fd-ac80-f3c52f3b244b', 'Est Commodo Officia', '29d37d99-954e-5434-8e90-9d564d65e434', DEFAULT, DEFAULT), ('6653ef95-0532-561d-a71b-05f5c1bc302b', 'Cupidatat Lorem Proi', '64957ee8-7d0b-54ac-82da-6c959456806c', DEFAULT, DEFAULT), ('a9072b83-7976-58e9-a9c4-45664532f42e', 'Reprehenderit', '64957ee8-7d0b-54ac-82da-6c959456806c', DEFAULT, DEFAULT), ('1bdf6d4a-906f-5da5-b91f-35917468bf74', 'Eiusmod Eiusmod', '64957ee8-7d0b-54ac-82da-6c959456806c', DEFAULT, DEFAULT), ('830a4bb5-d929-5c1b-94fc-74a53795cc52', 'Commodo Esse', '64957ee8-7d0b-54ac-82da-6c959456806c', DEFAULT, DEFAULT), ('0f271189-6f05-5fbd-95b4-ad7e10a0703b', 'Ipsum Veniam', '64957ee8-7d0b-54ac-82da-6c959456806c', DEFAULT, DEFAULT), ('f754848a-9cd5-551c-9bb4-aa81e33b42af', 'Lorem', '64957ee8-7d0b-54ac-82da-6c959456806c', DEFAULT, DEFAULT), ('95f6e66b-0348-54f6-ae25-2030a33390b2', 'Dolore Nostrud Labor', '64957ee8-7d0b-54ac-82da-6c959456806c', DEFAULT, DEFAULT), ('5e5a298d-faa5-525e-b761-9586e7925c91', 'Laborum Amet', 'b96a16b9-db3a-5601-8741-9aae600f278b', DEFAULT, DEFAULT), ('6843e0c5-7d9d-55cf-a335-436ba5672a4d', 'Laboris Sunt', 'b96a16b9-db3a-5601-8741-9aae600f278b', DEFAULT, DEFAULT), ('d0b9d9c2-bfa2-53be-a46d-d6aceafcbc2d', 'Magna Velit', 'b96a16b9-db3a-5601-8741-9aae600f278b', DEFAULT, DEFAULT), ('84aabd0a-31ea-5dd5-9e39-ce95a07d2009', 'Nisi Culpa Sit', 'b96a16b9-db3a-5601-8741-9aae600f278b', DEFAULT, DEFAULT), ('6de5d1f5-e767-54ae-ad7a-c52af47251f6', 'Consequat', 'b96a16b9-db3a-5601-8741-9aae600f278b', DEFAULT, DEFAULT), ('cf2e12ac-941e-5dbb-b044-ab0b13ab4af7', 'Ipsum Occaecat', 'b96a16b9-db3a-5601-8741-9aae600f278b', DEFAULT, DEFAULT), ('d5491914-2799-5bc6-b20e-30ab3f38131e', 'Dolor', 'b96a16b9-db3a-5601-8741-9aae600f278b', DEFAULT, DEFAULT), ('99498cc5-464e-5b95-a415-0dba48b40687', 'Reprehenderit', 'c25b7aec-7cbc-5229-a69a-f81a4d2a8c67', DEFAULT, DEFAULT), ('7cb09c84-7471-599f-bae0-90d61a321390', 'Est Sint', 'c25b7aec-7cbc-5229-a69a-f81a4d2a8c67', DEFAULT, DEFAULT), ('a727f58e-5d42-555f-a07e-84196ea16b24', 'Sunt Esse', 'c25b7aec-7cbc-5229-a69a-f81a4d2a8c67', DEFAULT, DEFAULT), ('81cd6138-b0c3-5d83-86b9-8143c909421b', 'Est Id', 'c25b7aec-7cbc-5229-a69a-f81a4d2a8c67', DEFAULT, DEFAULT), ('84b4201e-d939-5d48-aba4-b4b107dfdf5d', 'Pariatur Commodo Vol', 'c25b7aec-7cbc-5229-a69a-f81a4d2a8c67', DEFAULT, DEFAULT), ('626028b2-23d2-53a4-aca9-9c9cc4158e30', 'Cupidatat', 'c25b7aec-7cbc-5229-a69a-f81a4d2a8c67', DEFAULT, DEFAULT), ('c6add04b-f7fe-5a4a-99c2-280079fffcdb', 'Ut Amet', 'c25b7aec-7cbc-5229-a69a-f81a4d2a8c67', DEFAULT, DEFAULT);
UPDATE public.team SET plan_id = 55 WHERE id = '7c2c4732-09c1-5f7b-87ca-c53e7497b4ef';
UPDATE public.team SET plan_id = 55 WHERE id = 'f50563b6-8532-51ec-b121-d8c6bca3e897';
UPDATE public.team SET plan_id = 55 WHERE id = 'f1bf295c-195b-5a42-9c6b-5bfa14b58307';
UPDATE public.team SET plan_id = 55 WHERE id = 'e0eebbc8-63c9-5fee-b088-b3310b672c35';
UPDATE public.team SET plan_id = 55 WHERE id = '1c17c04a-19f5-5c48-8b6b-48fe02257ffb';
UPDATE public.team SET plan_id = 55 WHERE id = 'a2996c99-b8bb-5bf6-b789-844e821ceb82';
UPDATE public.team SET plan_id = 55 WHERE id = '5d016028-a6a3-5268-91a3-91021dbfda0a';
UPDATE public.team SET plan_id = 55 WHERE id = 'b279891e-05aa-528b-867b-dd6fe5fa77c8';
UPDATE public.team SET plan_id = 55 WHERE id = 'ff53868f-9940-575d-8fa8-923808f93a53';
UPDATE public.team SET plan_id = 55 WHERE id = '8172203a-00e7-5e0e-919b-2970e0d891df';
UPDATE public.team SET plan_id = 55 WHERE id = '7b5ee10b-959f-565b-9dac-a4bab4f6c6bf';
UPDATE public.team SET plan_id = 55 WHERE id = '38400370-0369-5239-8b08-499aef0591ef';
UPDATE public.team SET plan_id = 55 WHERE id = '77394b64-1ec1-5043-8dc3-08f9200521d4';
UPDATE public.team SET plan_id = 55 WHERE id = '56ea9a57-3786-5a49-9700-501eb57a1328';
UPDATE public.team SET plan_id = 55 WHERE id = '731fb763-1773-5758-b8dd-d75381b0e72a';
UPDATE public.team SET plan_id = 56 WHERE id = '5e20f9a8-7b26-5a5f-8426-6b12c182d23c';
UPDATE public.team SET plan_id = 56 WHERE id = '53fe0e9e-3358-5722-b994-4faad8733cd3';
UPDATE public.team SET plan_id = 56 WHERE id = 'e4834379-a7a0-5f41-8193-f598072b1c83';
UPDATE public.team SET plan_id = 56 WHERE id = 'a9f91eda-269f-54d0-83de-05f0c2ecbf08';
UPDATE public.team SET plan_id = 56 WHERE id = 'c0062d28-74ce-56b0-8124-852c5c4cdd1f';
UPDATE public.team SET plan_id = 56 WHERE id = 'a1d779f7-e622-5cd1-b766-eb2b7925b3c0';
UPDATE public.team SET plan_id = 56 WHERE id = 'bd4e2ea6-e7d4-5655-93cc-d1ed71c3483c';
UPDATE public.team SET plan_id = 56 WHERE id = 'fb2f612f-57ab-526e-8b57-f5de07942107';
UPDATE public.team SET plan_id = 56 WHERE id = '38cee772-792e-54fe-ae0f-d62f75f71c11';
UPDATE public.team SET plan_id = 56 WHERE id = '60f279f1-b04c-57b1-b6aa-b71a8811c6ab';
UPDATE public.team SET plan_id = 56 WHERE id = 'b5d35d7e-f19e-568e-9efe-911f779c892f';
UPDATE public.team SET plan_id = 56 WHERE id = '3db3509a-5565-5145-aa2d-eb656db639a3';
UPDATE public.team SET plan_id = 56 WHERE id = '16b2ddd9-4627-52fa-8115-8453cfa39374';
UPDATE public.team SET plan_id = 56 WHERE id = '235fae27-2669-539e-8784-3dcbaac570cc';
UPDATE public.team SET plan_id = 56 WHERE id = '85a272fe-9de3-5543-919e-647cccb82b15';
UPDATE public.team SET plan_id = 56 WHERE id = '0ff7c90f-7522-5b63-9234-348cf37ff0b7';
UPDATE public.team SET plan_id = 56 WHERE id = '350ffb75-0a57-59e5-a5c9-179e6696dca6';
UPDATE public.team SET plan_id = 56 WHERE id = '8f618935-0709-51d9-a788-ed5bf31c7cb5';
UPDATE public.team SET plan_id = 57 WHERE id = '782f7eda-e535-5ab3-8415-643126d3b0fa';
UPDATE public.team SET plan_id = 57 WHERE id = '5daf6f25-3b97-5f49-8f75-4ba5d1d74cd3';
UPDATE public.team SET plan_id = 57 WHERE id = '3788fdae-c690-5563-abac-18b51e4d210f';
UPDATE public.team SET plan_id = 57 WHERE id = '177ae72e-41a6-5325-80d6-452827ea5918';
UPDATE public.team SET plan_id = 57 WHERE id = 'c0a2f5c4-7781-5310-ad3c-e7b9f41a7ace';
UPDATE public.team SET plan_id = 57 WHERE id = '71c019c0-f4c8-51ac-bfff-4141eabf85f3';
UPDATE public.team SET plan_id = 57 WHERE id = 'ab4eb860-b9b9-58f5-84c6-b76a08d23dfd';
UPDATE public.team SET plan_id = 57 WHERE id = 'dd9140ad-b92d-5673-a8c2-8b1c4e3e8697';
UPDATE public.team SET plan_id = 57 WHERE id = '78de8c0c-fe2d-50bd-afca-68bed9f87cd0';
UPDATE public.team SET plan_id = 57 WHERE id = '81e51b22-aab8-5050-a735-aa5917f8771b';
UPDATE public.team SET plan_id = 57 WHERE id = 'f6cb58dd-a0aa-5d2b-8ce5-200e44be4f36';
UPDATE public.team SET plan_id = 57 WHERE id = '48ed64cc-01ce-5cc6-8ffd-8d552f857570';
UPDATE public.team SET plan_id = 57 WHERE id = '0cb21e27-1e4d-50c9-bd0d-f6696d98b44c';
UPDATE public.team SET plan_id = 57 WHERE id = '29d37d99-954e-5434-8e90-9d564d65e434';
UPDATE public.team SET plan_id = 57 WHERE id = '64957ee8-7d0b-54ac-82da-6c959456806c';
UPDATE public.team SET plan_id = 57 WHERE id = 'b96a16b9-db3a-5601-8741-9aae600f278b';
UPDATE public.team SET plan_id = 57 WHERE id = 'c25b7aec-7cbc-5229-a69a-f81a4d2a8c67';
SELECT setval('"public"."plan_id_seq"'::regclass, (SELECT MAX("id") FROM "public"."plan"));
INSERT INTO public.arena (id,game_id,name,metadata,created_at,updated_at) VALUES (181,
                                                                                  76, 'Silverlake Stadium', DEFAULT, DEFAULT, DEFAULT), (182, 76, 'Doewntown Plaza Pavilion', DEFAULT, DEFAULT, DEFAULT), (183, 76, 'Bayshore Pavilion', DEFAULT, DEFAULT, DEFAULT), (184, 76, 'Sunset Stadium', DEFAULT, DEFAULT, DEFAULT), (185, 76, 'Downtown Square Pavilion', DEFAULT, DEFAULT, DEFAULT), (186, 76, 'Oceanfront Amphitheater', DEFAULT, DEFAULT, DEFAULT), (187, 77, 'Main Square Arena', DEFAULT, DEFAULT, DEFAULT), (188, 76, 'Southbank Arena', DEFAULT, DEFAULT, DEFAULT), (189, 77, 'Waterfront Amphitheater', DEFAULT, DEFAULT, DEFAULT), (190, 76, 'Meadowbrook Pavilion', DEFAULT, DEFAULT, DEFAULT);
SELECT setval('"public"."arena_id_seq"'::regclass, (SELECT MAX("id") FROM "public"."arena"));
INSERT INTO public.blueprint (id,book_id,arena_id,visibility,name,tags,created_at,updated_at) VALUES ('fd4a2d4e-8569-59ca-837d-fb7fa0ab1be1', 'e25e0c45-28e1-5923-b63d-64b8ddeff422', 185, 'public', 'Roaming Support Plan', '{"nulla sint qui ut et"}', DEFAULT, DEFAULT), ('e0502ed9-8194-54d4-be5d-43176e2a7438', '59fbbc7c-edc9-5d3c-9170-cf6acabbcd28', 188, 'unlisted', 'Roaming Support Plan', '{"cupidatat veniam commodo","nisi laborum nostrud officia","nisi Lorem id"}', DEFAULT, DEFAULT), ('cba89714-5b1d-590f-92a2-27cfb555b7e4', 'e5d977c2-2a0e-5703-8ee9-4796e3967ae0', 184, 'public', 'Gank Heavy Approach', '{"do","ullamco quis reprehenderit velit"}', DEFAULT, DEFAULT), ('497b8842-fb80-5638-ba6f-3f3e64daa06b', '290e51c6-7ff6-5db4-8f40-69dda051b66c', 182, 'public', 'Map Control Blueprint', '{"consectetur nostrud culpa","aliqua velit incididunt nulla","deserunt adipisicing duis ea","commodo qui","cupidatat ex","duis do","consequat nostrud","excepteur enim"}', DEFAULT, DEFAULT), ('75fbf0dd-b3c9-5513-87f0-9d9a9004f64c', 'abf8504a-2cfc-5a9d-a5d2-31dccd8bf00f', 183, 'private', 'Baron Control Strategy', '{"aliqua eiusmod consectetur adipi","elit sit laborum qui fugiat","pariatur duis sunt consequat"}', DEFAULT, DEFAULT), ('0352b4c9-6de9-5702-929d-3d622c6456a1', 'de459427-bb2c-5381-bdbf-7126efbb65c9', 184, 'public', 'Rotation Strategy Document', '{"irure","enim occaecat excepteur"}', DEFAULT, DEFAULT), ('1e701d2b-566c-5f82-8280-a2a9d02ee590', '02a341a2-35a0-5fbc-a1f4-aa8b42aa4b51', 184, 'unlisted', 'Early Game Dominance Guide', '{"labore deserunt","excepteur proident","et et excepteur","occaecat veniam duis tempor"}', DEFAULT, DEFAULT), ('f04c0ed1-b624-5092-8b98-dae6fff857dc', '3c0af99e-82a0-5346-8da5-2d2825b8a66d', 186, 'private', 'Early Game Dominance Guide', '{"commodo duis magna","deserunt dolore aliquip adipisic","mollit anim proident aliquip ali","officia adipisicing aute exercit","enim","velit nulla occaecat","ea ad","commodo proident proident","eu"}', DEFAULT, DEFAULT), ('7eef79d9-ea6c-5417-b347-09dbcb8b4c78', '9584676f-0635-591a-a937-d230d9a3abf3', 183, 'unlisted', 'Roaming Support Plan', '{"ut nostrud","ullamco eiusmod","ea aliquip do ullamco","consectetur esse irure tempor","est enim","adipisicing aliqua ullamco aute","do nisi duis aliqua reprehenderi","amet reprehenderit reprehenderit"}', DEFAULT, DEFAULT), ('3aff3e37-0331-5c7a-a0f5-1b6595c2ad7b', '1bdf6d4a-906f-5da5-b91f-35917468bf74', 189, 'public', 'Baron Control Strategy', '{"in excepteur sint"}', DEFAULT, DEFAULT), ('7c0cf1d4-d57d-5092-a3f0-ca49e04ace52', '21a7e579-98a3-5757-a0a8-913f2da95aba', 183, 'public', 'Roaming Support Plan', '{"veniam in","pariatur esse","qui in sit id cillum","laboris consequat","occaecat anim","est sunt mollit","quis Lorem"}', DEFAULT, DEFAULT), ('26c80d6d-0d6f-5fb2-8296-8b5e9e1fdeb7', 'd267e1b9-665d-5421-bb3b-be698dae48a8', 190, 'unlisted', 'Early Game Dominance Guide', '{"anim do quis laborum","tempor pariatur","magna officia","dolor","irure laborum adipisicing","nostrud tempor tempor"}', DEFAULT, DEFAULT), ('310ccf44-859c-5587-8001-5aa84afb3236', 'd1b8f3f8-af26-5088-8712-273c28ba98f7', 187, 'private', 'Wave Management Plan', '{"deserunt consequat quis do sunt","sit","ex proident esse","laborum","consequat incididunt laborum","magna","minim ut commodo magna","qui culpa qui","eiusmod incididunt"}', DEFAULT, DEFAULT), ('c6131a0d-c1ea-5dce-8460-c91026e41f9f', '77085b75-b014-57d0-8618-9cc95436a25e', 187, 'public', 'Siege Tactics Handbook', '{}', DEFAULT, DEFAULT), ('054eb394-a081-59a1-b613-e1c8bbcc6250', '65bd7d62-1e19-50de-9d5c-5ad405f99ffc', 183, 'public', 'Counter Pick Blueprint', '{"adipisicing laboris in proident","nulla Lorem id labore","ea mollit irure anim","id mollit","laboris ut Lorem qui tempor"}', DEFAULT, DEFAULT), ('4cb602e9-b66f-5f7e-a7a1-71729454372c', '1332e392-1ac8-57d9-8262-948f66c89fe9', 188, 'unlisted', 'Rotation Strategy Document', '{"quis officia enim","proident aliquip velit et aute","ullamco","aute duis aliquip laborum","anim","et commodo sunt elit"}', DEFAULT, DEFAULT), ('8ed312f8-fa19-5305-a78e-7cdee2dc9e00', '89f211a9-c1e7-5fa6-9108-784d98291012', 189, 'private', 'Aggressive Rush Strategy', '{"ullamco ullamco laborum eiusmod"}', DEFAULT, DEFAULT), ('c9bad04c-3d6e-5efe-9540-7763dde57640', '1bdf6d4a-906f-5da5-b91f-35917468bf74', 189, 'private', 'Objective Focused Strategy', '{"sint eiusmod exercitation et","id quis id dolor","non id","consectetur fugiat deserunt ea","consequat Lorem","aliqua","tempor cupidatat"}', DEFAULT, DEFAULT), ('7a350dde-d215-538c-bfd3-d5cdd8b40555', '6ae168d9-ec9f-5cc8-9efc-a8418f6ebd72', 190, 'public', 'Counter Pick Blueprint', '{"culpa eu","exercitation elit","eu esse ullamco","amet eiusmod id"}', DEFAULT, DEFAULT), ('bd6c4dd0-06e8-56ab-abd6-6e9e777c13a7', 'ad1bbcac-cdbb-551f-b25a-b14b40074515', 184, 'public', 'Counter Pick Blueprint', '{"eu Lorem"}', DEFAULT, DEFAULT), ('844103e5-8cf8-5795-8a63-ccecfc3e2001', 'c749b9a1-8131-5461-9b9f-368e4a129402', 186, 'public', 'Gank Heavy Approach', '{"ut sunt","excepteur labore exercitation ir","irure cillum do velit","nostrud qui aute id","ipsum enim nostrud et","aliquip id cupidatat","dolor irure et mollit","voluptate quis ea amet id","anim elit ea ad","quis mollit"}', DEFAULT, DEFAULT), ('582d0ca1-76cc-5500-9dd8-190ab817072d', 'bbc51950-a428-5ed7-b604-6444a902714b', 189, 'private', 'Vision Control Blueprint', '{"dolore magna"}', DEFAULT, DEFAULT), ('9012aa86-f8a2-5033-82d5-336bcaa03c26', 'a6ea6199-2a1a-56d4-b12a-1bf7d32d154c', 190, 'public', 'Siege Tactics Handbook', '{"minim officia ex"}', DEFAULT, DEFAULT), ('746bb5ad-439a-519a-90ef-991641df1623', '3c0af99e-82a0-5346-8da5-2d2825b8a66d', 188, 'unlisted', 'Late Game Scaling Strategy', '{"aute cillum incididunt","dolore eiusmod dolor","reprehenderit","exercitation commodo excepteur a","Lorem proident dolor"}', DEFAULT, DEFAULT), ('b1bab82d-de7c-55e3-8115-1651b8f68765', 'c34db444-6019-5242-8b27-a0e6d1f129be', 182, 'private', 'Secure Objective Playbook', '{"cillum qui","commodo dolor consequat incididu","ad reprehenderit fugiat","pariatur et enim","nisi"}', DEFAULT, DEFAULT), ('0145500d-2ab2-5c49-9cea-edd711ce1cc9', 'deab978c-4953-507c-b4fb-f509dd35f454', 184, 'unlisted', 'Aggressive Rush Strategy', '{"sit consequat aliquip Lorem ipsu","fugiat laborum","id voluptate","officia nulla magna aute","eu in laboris laboris","proident adipisicing exercitatio","aliquip ad ullamco","aliquip sint laboris","voluptate ad ad et","mollit ut nisi eiusmod"}', DEFAULT, DEFAULT), ('703c3370-90fb-5d22-8365-f34357b3ffb8', '5531f3c9-2ccc-59e8-86e8-da1800808ec2', 187, 'private', 'Rotation Strategy Document', '{"adipisicing pariatur","non magna amet nulla","culpa dolor"}', DEFAULT, DEFAULT), ('fd862b26-fe8c-52d0-b06e-3c9f938bd3ab', 'cd80d13e-478f-5058-8dfd-e20a76013cb5', 187, 'public', 'Jungle Control Playbook', '{"cupidatat Lorem dolore","aute et","est ea commodo","anim proident excepteur excepteu","sunt nostrud anim consequat"}', DEFAULT, DEFAULT), ('70415515-b81b-59ef-a1ed-18578b73b7ae', '887dee3f-7921-537c-91f1-8b0d43117b12', 188, 'private', 'Baron Control Strategy', '{"tempor incididunt irure do anim"}', DEFAULT, DEFAULT), ('c5558815-aa72-5938-a7c8-62ae2c1a039c', '26f7bb6a-3c9c-5b30-b11b-be5ebfb91948', 188, 'public', 'Secure Objective Playbook', '{"fugiat labore adipisicing"}', DEFAULT, DEFAULT), ('703bbd20-9625-5bd7-8aa3-5ead0245fe50', 'ee88c41d-7461-5ecc-a96b-908770bc5575', 181, 'unlisted', 'Objective Focused Strategy', '{"adipisicing mollit","eiusmod mollit do aliqua do","minim sunt do","minim velit culpa in aliquip","nulla sint","occaecat aliqua adipisicing dese","aliquip nisi ea","officia pariatur"}', DEFAULT, DEFAULT), ('68ff3d82-b6b6-5053-9e74-aa9b346dd8d1', '2daf5548-f681-577a-9912-670e1304b2ad', 190, 'private', 'Wave Management Plan', '{"Lorem","nisi fugiat","sunt tempor est mollit"}', DEFAULT, DEFAULT), ('522e120d-7e21-504a-9c96-99e429197e5a', 'f46ce5c6-3097-5b5d-8213-37b749a8664f', 187, 'unlisted', 'Counter Pick Blueprint', '{"ad ex","quis ex ipsum","esse et aliqua dolor","sunt esse exercitation enim","irure non sit aliqua","aliquip laboris"}', DEFAULT, DEFAULT), ('54b879fc-04e4-53b3-8cec-0174fc0ccd34', 'e5d977c2-2a0e-5703-8ee9-4796e3967ae0', 185, 'private', 'Counter Pick Blueprint', '{"sint ut esse proident in"}', DEFAULT, DEFAULT), ('fb90b354-0ae1-59da-9637-61f6c5ed3fb9', '2ca679b7-4687-5422-ac57-c89cfa36e3c8', 184, 'public', 'Secure Objective Playbook', '{"fugiat enim incididunt duis","duis mollit","ipsum tempor","labore duis ullamco","anim magna","quis officia","sunt exercitation non qui","cillum eiusmod","et"}', DEFAULT, DEFAULT), ('95b3988b-e14b-57a7-900d-4985cb116f17', '763ebb5f-add9-59ff-9a26-6b4030dae259', 186, 'private', 'Gank Heavy Approach', '{"aute aute irure","aliquip minim"}', DEFAULT, DEFAULT), ('7d1face3-2e87-52f5-9623-fff9de0a6539', '3d36d061-4dca-5f53-95f5-b74a7cc61e19', 189, 'public', 'Map Control Blueprint', '{"occaecat proident anim proident","sint velit consequat dolore irur","nisi nisi","sint aliqua fugiat","consectetur pariatur quis nisi d","deserunt nisi","fugiat proident qui exercitation"}', DEFAULT, DEFAULT), ('e8bf9a25-132d-5d46-b40a-d08534be6c9f', 'a88bc9b9-135e-55c7-8c4c-5a072a3c8573', 181, 'unlisted', 'Counter Pick Blueprint', '{"ea nisi","id commodo non irure","nostrud cillum elit","esse officia velit","sint id ea nostrud","nostrud","eiusmod ut tempor"}', DEFAULT, DEFAULT), ('29a560e9-84d9-5f41-9b09-76969cbfb144', '110efd29-2979-5c30-b41f-b3bf832f48cd', 182, 'public', 'Counter Pick Blueprint', '{"in anim aliqua eu","ea tempor est exercitation","deserunt dolore et","et incididunt","esse tempor"}', DEFAULT, DEFAULT), ('d9c4b302-5ab0-5114-8120-41d1876c7eb9', '59f89533-99ba-5296-9d71-0a2d936ac633', 187, 'public', 'Objective Focused Strategy', '{"velit nisi fugiat eiusmod","deserunt elit esse cupidatat des"}', DEFAULT, DEFAULT), ('ca1b9e1e-f7c0-5c4a-a566-aabf3f7ebb80', 'f52ce409-f800-5a86-b4ed-ce1a99a8a6ae', 183, 'unlisted', 'Vision Denial Blueprint', '{"veniam pariatur","sint fugiat amet","nostrud non anim","et et"}', DEFAULT, DEFAULT), ('cde91e33-9c71-56e0-b19e-f2372fa577cf', '808bd15b-fc3e-5378-a895-35c8b3e388f6', 190, 'private', 'Secure Objective Playbook', '{"quis aute elit","laboris commodo"}', DEFAULT, DEFAULT), ('013547e4-326e-5221-8377-310093ccf53a', 'c6add04b-f7fe-5a4a-99c2-280079fffcdb', 190, 'private', 'Rotation Strategy Document', '{"quis laboris incididunt","fugiat excepteur nulla","reprehenderit quis ad excepteur","enim pariatur","veniam voluptate sint nisi conse","sit","qui nostrud labore dolor deserun","officia dolore"}', DEFAULT, DEFAULT), ('50cffa66-dd91-5aed-8c46-1b76e488de31', '84aabd0a-31ea-5dd5-9e39-ce95a07d2009', 186, 'unlisted', 'Rotation Strategy Document', '{"ea do consequat","reprehenderit exercitation exerc","ad eu nostrud","nulla aliqua elit","occaecat dolore","quis mollit ullamco laboris"}', DEFAULT, DEFAULT), ('f550c2bf-a147-5e29-8a01-470336f387eb', 'e7ba2b18-a57c-5b02-9714-d376d9ea922f', 186, 'unlisted', 'Map Control Blueprint', '{"sit fugiat ea pariatur id"}', DEFAULT, DEFAULT), ('a30e3d57-ad0a-594d-9622-8a2514b8110c', '00a9d1f8-38ea-5883-81bf-f967bd7aaa45', 188, 'private', 'Roaming Support Plan', '{"id tempor irure","irure nostrud id consequat","duis nulla","non eu occaecat","do culpa ipsum nisi","magna et laboris consectetur","laboris aute qui","ea mollit","aliqua exercitation"}', DEFAULT, DEFAULT), ('cb76f565-509b-50d9-bbe4-5c6e7c9b0eb4', 'ee198d66-a798-52a5-8b79-9931f7b835e3', 190, 'unlisted', 'Secure Objective Playbook', '{"nisi voluptate commodo reprehend"}', DEFAULT, DEFAULT), ('a344c7b4-07e6-54df-b4ed-f27c7916e147', '8dea886f-fc5d-51fd-ac80-f3c52f3b244b', 182, 'public', 'Split Push Blueprint', '{}', DEFAULT, DEFAULT), ('6c40d2d3-07ad-5aa1-a5fa-cf5861475e5d', '2daf5548-f681-577a-9912-670e1304b2ad', 185, 'unlisted', 'Team Fight Execution Plan', '{"Lorem laborum"}', DEFAULT, DEFAULT), ('ba7460a4-9316-52e4-9e3a-05ee82b85e66', 'b5605791-3389-56c2-9ec6-17d538b9bb85', 185, 'unlisted', 'Split Push Blueprint', '{"ullamco do incididunt adipisicin","cupidatat sunt","mollit ut tempor velit","minim elit","ea cillum duis eiusmod reprehend","qui aliqua","et in minim","ipsum quis sint"}', DEFAULT, DEFAULT), ('fb3595df-62ad-5f54-ac34-3a578952555c', '84aabd0a-31ea-5dd5-9e39-ce95a07d2009', 189, 'public', 'Map Control Blueprint', '{"irure esse","culpa excepteur mollit ut amet","mollit pariatur duis","sint fugiat id","velit sunt commodo","qui deserunt duis","deserunt Lorem aliquip"}', DEFAULT, DEFAULT), ('90edde40-1b87-5f75-90b9-68639fbcb2b8', '2daf5548-f681-577a-9912-670e1304b2ad', 188, 'unlisted', 'Map Control Blueprint', '{"dolore eiusmod laboris","elit dolore ullamco"}', DEFAULT, DEFAULT), ('ea26a496-35d8-5f3f-a769-a80898ec7b17', '6c52c1d9-13a4-51ef-ae51-1dacc4c14be9', 182, 'unlisted', 'Aggressive Rush Strategy', '{"veniam et","veniam incididunt nisi aute","nostrud in id","cupidatat in qui sint nisi","dolor magna aliquip","occaecat proident","elit","ea aliqua aliqua veniam","occaecat dolor","id et dolore dolore magna"}', DEFAULT, DEFAULT), ('035a0a25-d588-551c-9f76-4e9f593ffaf4', 'db9f2a26-569b-5431-9216-bcd2cf256bbd', 189, 'public', 'Aggressive Rush Strategy', '{"magna enim","proident sit ex Lorem esse"}', DEFAULT, DEFAULT), ('e7f55997-6008-5d29-9f7f-564ab748cc59', 'a69d43fa-2222-5203-b590-140e62599451', 188, 'private', 'Siege Tactics Handbook', '{"ea consectetur ea voluptate","occaecat ut ad","velit consequat","laborum","mollit eu consectetur","culpa elit fugiat excepteur volu","quis sint"}', DEFAULT, DEFAULT), ('396ce0bd-b3e1-5b3c-94ea-bb5357e1c76a', '95f6e66b-0348-54f6-ae25-2030a33390b2', 189, 'unlisted', 'Roaming Support Plan', '{"reprehenderit"}', DEFAULT, DEFAULT), ('4cb2c65b-80df-57cc-9c0d-6c346029b88f', '6de5d1f5-e767-54ae-ad7a-c52af47251f6', 185, 'public', 'Objective Focused Strategy', '{"fugiat mollit","laborum enim ipsum irure","cupidatat aliqua","incididunt ullamco","ad ut","incididunt duis","ut commodo dolore"}', DEFAULT, DEFAULT), ('8172dfee-2cce-5dee-9293-b6bd5f74d656', '3adfc207-aaeb-5fa1-b329-eb7ef2061320', 189, 'public', 'Team Fight Execution Plan', '{}', DEFAULT, DEFAULT), ('910e8e4b-af24-5f28-a2eb-631066a490eb', '9f26eece-7e59-5b46-a98b-848dc55a0cda', 188, 'public', 'Vision Denial Blueprint', '{"laborum do magna","cillum dolor esse labore id","exercitation nulla do deserunt","enim enim incididunt","proident","Lorem"}', DEFAULT, DEFAULT), ('150381a3-e791-54de-9419-0edac12fb9eb', 'df625f4d-0fe2-599a-b1d3-13232701e19f', 182, 'public', 'Counter Pick Blueprint', '{"culpa","in id","pariatur","est consectetur amet est","voluptate","mollit","laboris voluptate laborum est"}', DEFAULT, DEFAULT), ('ddb37574-0dbe-5aa4-a5e8-b15242cefaff', '8b7e423b-b9b9-5b3c-bf3d-1aa45d16235c', 187, 'private', 'Counter Pick Blueprint', '{"et sunt officia deserunt reprehe","culpa cupidatat excepteur","do adipisicing Lorem"}', DEFAULT, DEFAULT), ('77fbdaed-4103-591b-82ee-3e3fa4b78a9b', '5b303ef1-7516-512a-ba01-9f0dc05d7d2a', 190, 'public', 'Late Game Scaling Strategy', '{"et laborum velit minim","adipisicing","irure id","elit velit excepteur voluptate"}', DEFAULT, DEFAULT), ('0f1e8b42-396d-5765-be37-bce2ee646e04', 'af85f96c-efbd-584c-bdd4-26c4e2f3e556', 184, 'public', 'Defensive Turtle Tactics', '{"reprehenderit","non laborum dolore anim","anim elit exercitation"}', DEFAULT, DEFAULT), ('5308f8b3-4d4d-529a-bd7c-3a77ac4fe6ae', '9a2c5b91-3c65-50ae-8188-68db1f1edfc4', 187, 'public', 'Jungle Control Playbook', '{"aliquip","irure velit","ut enim"}', DEFAULT, DEFAULT), ('851e9ece-db38-530e-b3f9-f5e1d49a3b34', '3af5be38-b117-5675-8d7a-e27a1a34e8a8', 187, 'private', 'Gank Heavy Approach', '{"sunt ipsum","minim officia incididunt","est ipsum pariatur tempor","est nisi quis"}', DEFAULT, DEFAULT), ('2189cd55-c657-5ce9-999a-da1a2dbf7ea0', 'c7198a1e-f50c-5635-a5bf-2073d4da7bc6', 181, 'private', 'Late Game Scaling Strategy', '{"incididunt cillum do duis ipsum","cupidatat elit aliqua occaecat","labore enim"}', DEFAULT, DEFAULT), ('902d4a21-0657-5095-b741-ac0d408bb89e', 'f52ce409-f800-5a86-b4ed-ce1a99a8a6ae', 187, 'private', 'Early Game Dominance Guide', '{"excepteur velit tempor consequat","ut ad ipsum","ipsum nostrud aliquip","est","et","ullamco velit laboris consectetu","aute ut","incididunt eiusmod laborum ut","duis","cupidatat"}', DEFAULT, DEFAULT), ('0d40f7c0-72b0-55c2-8e48-c6c65bd9815f', '5dedc9b9-eec3-5ace-a95b-d7817834d9af', 182, 'public', 'Map Control Blueprint', '{"laboris deserunt anim officia","culpa ipsum","magna anim"}', DEFAULT, DEFAULT), ('f09f5f0c-d6f4-5089-a919-82fdea15dad9', 'd9bba68a-079c-5141-bd43-756b87167584', 181, 'private', 'Vision Denial Blueprint', '{"culpa ad","ad mollit occaecat deserunt in","culpa est voluptate"}', DEFAULT, DEFAULT), ('9bfcf305-f3a4-5bed-9ee4-3f5ccf9e59af', '3a804324-748d-571a-afad-6b9c20a35337', 185, 'private', 'Early Game Dominance Guide', '{"Lorem do commodo","quis nisi","ex reprehenderit proident laboru","non ut sunt incididunt","incididunt Lorem"}', DEFAULT, DEFAULT), ('2ff309f0-6726-5920-ad23-47ba58fd2525', 'ae956930-bebe-5aad-83f8-b8d0cae36371', 188, 'unlisted', 'Counter Pick Blueprint', '{"ex","et deserunt anim commodo","ad qui commodo fugiat","ea officia","est","est irure culpa dolor minim"}', DEFAULT, DEFAULT), ('bac302d7-9e20-52d1-89cc-b0e99ef3b896', '88133dcb-8b00-5c2c-aee5-9f0743f5239d', 182, 'public', 'Defensive Turtle Tactics', '{"nisi eu sint","nisi","culpa elit ex"}', DEFAULT, DEFAULT), ('ef31ceeb-0f8d-5da0-ab9c-18045c420f99', '7c1b7c00-d84e-5216-9c13-9544eccd96d4', 185, 'private', 'Defensive Turtle Tactics', '{"minim sunt et dolor"}', DEFAULT, DEFAULT), ('2be70e34-56ed-5cb2-9758-b8f796ec32ec', '80e684c5-9f07-5388-b150-556bc24cb77f', 190, 'public', 'Wave Management Plan', '{"ex in sit","sit sint","irure sunt incididunt irure","incididunt","enim proident quis","reprehenderit adipisicing","et magna pariatur","Lorem minim dolore aute","magna"}', DEFAULT, DEFAULT), ('49e5f9f5-6a8f-5423-81e9-9e8e2c467770', '5cdb9712-16b6-532e-9cc7-8cf7dfbe9b6b', 189, 'unlisted', 'Siege Tactics Handbook', '{}', DEFAULT, DEFAULT), ('421a5d89-58fa-56e2-87c9-a4c6fd3159db', '81cd6138-b0c3-5d83-86b9-8143c909421b', 189, 'public', 'Defensive Turtle Tactics', '{"eiusmod velit exercitation","elit voluptate tempor","ullamco dolor","elit ea elit voluptate pariatur","et cupidatat","Lorem","proident adipisicing","ea tempor","est non qui consequat","amet nostrud nulla occaecat"}', DEFAULT, DEFAULT), ('c2ab0ed6-ea98-544f-a35e-cfff5a185dc8', '9f26eece-7e59-5b46-a98b-848dc55a0cda', 182, 'unlisted', 'Roaming Support Plan', '{}', DEFAULT, DEFAULT), ('6c6d219e-3884-5c60-8485-0fb500d0b675', 'f561c33d-0589-5163-a677-f2a1eb6b3322', 188, 'unlisted', 'Roaming Support Plan', '{"aliquip eiusmod pariatur amet","aliquip reprehenderit irure moll","ipsum aute","dolore proident laboris","qui eu","nostrud dolor culpa","mollit mollit quis","cillum"}', DEFAULT, DEFAULT), ('d5fd2418-0c52-558a-8369-707f9186db0b', '84b4201e-d939-5d48-aba4-b4b107dfdf5d', 186, 'unlisted', 'Early Game Dominance Guide', '{"sint elit","reprehenderit nisi","nostrud eiusmod","minim","excepteur sit adipisicing"}', DEFAULT, DEFAULT), ('0f22fcab-183d-5e80-9a98-c495a215f5f8', 'dcab4cd0-81d2-521a-8a86-4b94b840415d', 181, 'unlisted', 'Defensive Turtle Tactics', '{"nisi ex","tempor qui ullamco commodo","non","fugiat enim irure","qui excepteur ex nulla"}', DEFAULT, DEFAULT), ('f92c2ba5-8b0e-58ef-9364-e364e4c41522', '36d172fe-21d7-5e04-8dd5-a197a258f6db', 188, 'unlisted', 'Counter Pick Blueprint', '{"aliqua id in","consectetur","aliquip excepteur aliqua anim Lo","in qui qui","deserunt reprehenderit","non sit","elit aliqua voluptate"}', DEFAULT, DEFAULT), ('e2ec2872-d983-5938-8f1c-38a9a14124dd', '36ab6720-a24b-578b-8d3f-3d9bb0485851', 188, 'public', 'Counter Pick Blueprint', '{"officia non velit"}', DEFAULT, DEFAULT), ('4d4230bc-d1b6-532c-9bbf-8c67caf4f9ed', 'fd8e258e-4711-5b22-b0f3-1f5725eb642f', 183, 'private', 'Early Game Dominance Guide', '{"et amet nulla Lorem","enim cupidatat cupidatat","cillum occaecat aliquip","commodo cupidatat","sint et","aliqua"}', DEFAULT, DEFAULT), ('8be9ffc5-25d1-5c32-be1f-9a9ec00544f6', '1d3f740a-8c60-5c1d-aa9e-3854a33c8e1d', 186, 'unlisted', 'Early Game Dominance Guide', '{"laborum dolore","irure ex tempor","minim magna culpa","exercitation dolor aliqua","velit quis elit et","velit","minim qui","ut"}', DEFAULT, DEFAULT), ('a3241e44-bd93-5a11-a730-863e8eb75275', '6c52c1d9-13a4-51ef-ae51-1dacc4c14be9', 187, 'private', 'Gank Heavy Approach', '{"et velit","fugiat ea occaecat eu"}', DEFAULT, DEFAULT), ('a1c32f18-989f-5961-80f5-4a21a838bc95', '95c65795-b9a1-572f-87ae-6fa70b020fbb', 190, 'private', 'Baron Control Strategy', '{"nulla nisi nostrud"}', DEFAULT, DEFAULT), ('8fde1282-59d1-5f9b-bc10-4130ce793fa9', '3adfc207-aaeb-5fa1-b329-eb7ef2061320', 189, 'public', 'Late Game Scaling Strategy', '{"irure","labore ex","reprehenderit id qui","anim ipsum adipisicing pariatur"}', DEFAULT, DEFAULT), ('f85f8e1b-b8a0-528e-bc81-49b3e6a34ee5', 'abf8504a-2cfc-5a9d-a5d2-31dccd8bf00f', 182, 'unlisted', 'Wave Management Plan', '{"quis","culpa do ut","minim est irure","veniam voluptate duis culpa","ipsum tempor"}', DEFAULT, DEFAULT), ('e16cfe57-140d-5b3e-90f8-910575ffdd47', '0a9347d2-3396-5e6a-98f1-b406ca195226', 184, 'unlisted', 'Early Game Dominance Guide', '{"cillum adipisicing ullamco","dolore id"}', DEFAULT, DEFAULT), ('06866e23-2aeb-59f2-9d3c-156507eb23db', '583774ae-7432-5503-850f-867e82c0838b', 189, 'private', 'Gank Heavy Approach', '{"mollit","nostrud occaecat ut sunt","officia velit nisi","occaecat anim dolore ipsum","anim commodo Lorem","minim occaecat incididunt","voluptate","sit","consectetur elit"}', DEFAULT, DEFAULT), ('e5c44c16-4905-59d0-8c2a-f48ebfc3fdcc', '6c52c1d9-13a4-51ef-ae51-1dacc4c14be9', 183, 'unlisted', 'Split Push Blueprint', '{"ipsum commodo laboris consequat","nulla deserunt quis deserunt","duis elit minim cillum reprehend","qui consequat quis ea laboris","non anim minim minim"}', DEFAULT, DEFAULT), ('0298782b-da7d-55b4-a736-8126dd2f9d32', '88501f36-608d-5074-ab3f-752cd478292f', 185, 'private', 'Early Game Dominance Guide', '{"ipsum elit","cupidatat eiusmod occaecat","in eu nulla voluptate duis","enim commodo quis officia id","adipisicing voluptate cupidatat ","sit"}', DEFAULT, DEFAULT), ('8f534833-d8c3-5d0a-b63c-bd2740be0330', '26f7bb6a-3c9c-5b30-b11b-be5ebfb91948', 190, 'private', 'Objective Focused Strategy', '{"aliquip cupidatat nisi","ullamco velit","quis magna commodo","culpa anim","est in","dolore aliqua in","elit in ipsum","ullamco consequat"}', DEFAULT, DEFAULT), ('1caeec83-1956-53fb-9c1a-7f585775c524', 'e9decb87-4a50-5c41-896c-16fe0d21ebca', 186, 'public', 'Defensive Turtle Tactics', '{"id deserunt","nisi elit","veniam occaecat nostrud nostrud "}', DEFAULT, DEFAULT), ('28f2bbc2-0260-5d64-a9bf-64e9bc163c30', '95f6e66b-0348-54f6-ae25-2030a33390b2', 187, 'unlisted', 'Jungle Control Playbook', '{"sunt ut","incididunt sint sunt mollit volu","cillum occaecat consectetur","sit occaecat ullamco","reprehenderit sunt"}', DEFAULT, DEFAULT), ('8590b74a-b67e-5525-9786-4e0fc4c65d06', '1497705a-df0e-5f8d-988d-61adba7199e0', 184, 'private', 'Wave Management Plan', '{"culpa et qui adipisicing","voluptate reprehenderit","qui laborum laboris nisi commodo","laborum qui minim","laborum pariatur duis culpa","eiusmod voluptate","cupidatat consequat nulla esse a","adipisicing labore sint eiusmod"}', DEFAULT, DEFAULT), ('fa5e4221-0eae-5da7-9a16-5b8399b9ef50', 'e9decb87-4a50-5c41-896c-16fe0d21ebca', 190, 'unlisted', 'Baron Control Strategy', '{"fugiat exercitation","ex nisi dolore","ullamco occaecat quis quis","do adipisicing enim culpa","duis enim reprehenderit fugiat"}', DEFAULT, DEFAULT), ('fedb01d5-16e2-59fd-8845-ff6a92bd83f7', 'fb634118-b8a6-50b7-9010-0317dd27fba6', 190, 'unlisted', 'Counter Pick Blueprint', '{"enim tempor","aliquip incididunt eu in","dolor cillum magna ea nisi","sunt officia sint irure"}', DEFAULT, DEFAULT), ('d6d0cf2a-b6d2-5f41-bc05-2fe5bf5ca317', 'd35ecca3-ac35-5e28-8e7e-6a25de908d18', 186, 'public', 'Vision Control Blueprint', '{"reprehenderit nostrud in dolore"}', DEFAULT, DEFAULT), ('a18cadaa-4531-5180-a607-ad2a5bc25f0c', 'cb82a658-7a6b-5f53-8103-de934a9d041a', 189, 'public', 'Map Control Blueprint', '{"non excepteur tempor dolor"}', DEFAULT, DEFAULT), ('7858de1c-870d-5289-9bbf-085e4de69d79', 'eb3e804d-5ed0-59a1-900b-3b0f9b2cb577', 184, 'unlisted', 'Team Fight Execution Plan', '{"laborum nisi elit excepteur","pariatur esse excepteur","Lorem culpa duis excepteur cupid","consequat dolore anim sunt","Lorem eiusmod nulla","veniam","laborum consequat Lorem anim vel","deserunt deserunt consectetur"}', DEFAULT, DEFAULT), ('c5510993-cf82-5729-a476-bbba91fd2ee1', 'c9f9ed6b-3ed1-5d46-9201-51000bdf47fa', 188, 'public', 'Siege Tactics Handbook', '{"eu laborum","laboris elit ipsum","excepteur quis","officia anim eu commodo esse","reprehenderit consectetur volupt"}', DEFAULT, DEFAULT), ('65495df9-49dc-5680-b4b7-97fe7364e837', 'b21c180f-341f-510e-96d3-d4e40909d89e', 190, 'unlisted', 'Aggressive Rush Strategy', '{"quis enim dolor mollit ullamco","sint amet culpa mollit ullamco"}', DEFAULT, DEFAULT), ('6a08951b-2f4b-5069-a734-056efe107e30', '026debf8-8a71-53bf-8bd1-1046d4d33b6c', 190, 'unlisted', 'Aggressive Rush Strategy', '{"dolore fugiat ut","aliqua sint ad nostrud"}', DEFAULT, DEFAULT), ('d96e9820-0562-5ef0-a957-fb16e8a3cda6', '9b2e3c4a-e74e-5c6c-9f51-0f7750edaa74', 186, 'unlisted', 'Team Fight Execution Plan', '{"qui veniam","officia labore","eiusmod Lorem","reprehenderit culpa veniam"}', DEFAULT, DEFAULT), ('44d39286-2c39-52c0-9fdf-811ac2ac0b4f', '274020d9-7513-5cf6-ae0b-e94ef1d1a62f', 184, 'unlisted', 'Objective Focused Strategy', '{"consectetur voluptate","esse dolor aliqua","irure labore Lorem magna","elit labore","aliquip culpa do culpa velit","laboris magna eiusmod eu","velit minim","sint sint nisi consequat","ex aliquip","adipisicing ex"}', DEFAULT, DEFAULT), ('f5284b1c-c867-5bcb-ae27-b4a46054354e', '405dd580-b1c8-5c0e-9df0-d82b7f57175d', 182, 'unlisted', 'Jungle Control Playbook', '{"consectetur non","nisi commodo ullamco","culpa"}', DEFAULT, DEFAULT), ('748b6b6e-790a-524c-8953-9f99ff6241ea', '89f211a9-c1e7-5fa6-9108-784d98291012', 186, 'private', 'Early Game Dominance Guide', '{"excepteur officia mollit irure q","cupidatat laboris","culpa aliquip pariatur","aliqua labore elit voluptate do","occaecat voluptate ea officia","dolor","tempor elit cillum ex","velit aliqua laborum","eiusmod anim eiusmod minim","reprehenderit labore cupidatat a"}', DEFAULT, DEFAULT), ('94e59d3e-1e10-58ee-b57b-120d24970da8', '92bf5244-388d-5bbf-bd84-1c7ad2efe31b', 181, 'private', 'Early Game Dominance Guide', '{"velit do","et ullamco Lorem consectetur","exercitation anim","pariatur"}', DEFAULT, DEFAULT), ('a501e3c2-1df6-5f20-9532-89c5471331c6', '051188d3-54fa-59f4-adc8-b929fcb2c826', 185, 'private', 'Aggressive Rush Strategy', '{"adipisicing voluptate quis","incididunt adipisicing","labore labore","ipsum eu minim","deserunt eiusmod consectetur"}', DEFAULT, DEFAULT), ('eba1549a-b3ad-5f1e-ad56-15be0771d0f9', 'b7a89d05-549f-565f-b631-b59097e91d1a', 184, 'private', 'Roaming Support Plan', '{"eu dolore","minim minim","labore amet commodo velit"}', DEFAULT, DEFAULT), ('02d6bfb1-b7f1-5129-9d1b-729fd2d36ca6', 'bbecd693-8054-5eee-8ada-8e2d5a3c5090', 183, 'public', 'Objective Focused Strategy', '{"sit qui quis"}', DEFAULT, DEFAULT), ('feadd401-b272-53d1-bc20-6dad4e3ffc29', '43bcab14-4a69-5e60-a07f-cda2fe595a2a', 186, 'private', 'Objective Focused Strategy', '{"voluptate ex","labore est elit","amet amet aliquip","excepteur aute ullamco","ex eu","elit fugiat proident nostrud","do quis occaecat","nisi reprehenderit tempor nulla","mollit sit laboris","sint"}', DEFAULT, DEFAULT), ('f4023970-bb8c-5175-9f3e-42520be2a6af', '02a341a2-35a0-5fbc-a1f4-aa8b42aa4b51', 185, 'unlisted', 'Baron Control Strategy', '{"officia deserunt veniam","adipisicing nisi nisi Lorem occa","aute eiusmod","consectetur","sunt","dolor elit nisi qui","esse non"}', DEFAULT, DEFAULT), ('ab471cfa-3489-5a6c-bf5c-82aeac3819f5', '405dd580-b1c8-5c0e-9df0-d82b7f57175d', 183, 'private', 'Wave Management Plan', '{"qui laborum occaecat sit pariatu"}', DEFAULT, DEFAULT), ('782d8b69-ae89-5508-b431-d9e3d4f25423', 'd2268e40-fa6d-5300-9f01-b7cc8f9018e3', 189, 'unlisted', 'Secure Objective Playbook', '{"nostrud sunt ut","culpa ea occaecat laboris labori","laborum dolor voluptate","non irure","exercitation reprehenderit dolor","voluptate elit"}', DEFAULT, DEFAULT), ('bfbbf302-05a7-5b0c-991e-f7c79f52034e', '3a804324-748d-571a-afad-6b9c20a35337', 187, 'unlisted', 'Objective Focused Strategy', '{"velit anim ex"}', DEFAULT, DEFAULT), ('86a9949d-fbe2-5edf-bf64-6b822a75bdc8', '404e076e-a943-52e4-a2ce-10591a9caa1f', 183, 'private', 'Vision Control Blueprint', '{"consequat","qui esse fugiat","et aliquip","veniam non","magna","irure mollit ut qui","voluptate nulla elit","ut ut aliquip"}', DEFAULT, DEFAULT), ('3d78c871-f9be-5ceb-b04c-13f9eb63efa0', '203ac13e-e5b1-548e-a7da-5d8cff932053', 187, 'unlisted', 'Vision Control Blueprint', '{"tempor laboris","dolore"}', DEFAULT, DEFAULT), ('e5e7301c-ed7e-5267-a91e-331eeecbad04', '756cbb59-27d6-58f3-b4b9-8b56121e683f', 181, 'unlisted', 'Map Control Blueprint', '{"magna aliquip","aliqua minim tempor commodo","qui officia quis"}', DEFAULT, DEFAULT), ('e06f1954-eb7e-5811-8e85-0b7239ac60d6', '55cedb23-3815-5fc9-99fd-895fbde5d0e3', 189, 'unlisted', 'Defensive Turtle Tactics', '{"in dolor aliquip in ad","non dolor anim"}', DEFAULT, DEFAULT), ('cbe8ef05-c651-5778-b8a6-717eee524007', '80e684c5-9f07-5388-b150-556bc24cb77f', 184, 'public', 'Gank Heavy Approach', '{"aliqua labore","amet","elit laboris nulla ex","dolore reprehenderit velit","ex duis","anim pariatur","et sit","adipisicing reprehenderit","esse nostrud proident magna comm","dolor velit aliqua"}', DEFAULT, DEFAULT), ('479e5b51-1e2b-5ac2-b0c4-d0fc97906c11', '70e095a9-713d-5fe2-a06a-8145febdb917', 189, 'unlisted', 'Late Game Scaling Strategy', '{"enim irure ex ipsum","aliquip reprehenderit"}', DEFAULT, DEFAULT), ('bcb7ae75-c1e7-50cd-ba0b-a339091eb350', 'f3376d8d-17f3-5259-a5b0-af6d5e21e7e2', 183, 'private', 'Late Game Scaling Strategy', '{"ipsum","ad qui","irure anim","enim proident","nulla commodo reprehenderit nost","cupidatat","cillum"}', DEFAULT, DEFAULT), ('22dccad0-36ca-5845-a1bd-b6027b406b8d', '9b1fc781-1e4e-56d2-bd68-0dc257a319c0', 184, 'unlisted', 'Siege Tactics Handbook', '{"sint non","ut voluptate officia eiusmod","id veniam occaecat excepteur lab","ex culpa excepteur consectetur","amet pariatur aliquip","in ullamco aute laboris","incididunt veniam magna enim","elit eiusmod magna","ullamco"}', DEFAULT, DEFAULT), ('d3293b00-a774-5f1e-99fc-e8f05eabde14', 'f4b5542b-ba61-519e-a8d2-5793282ad487', 187, 'unlisted', 'Team Fight Execution Plan', '{"cupidatat culpa voluptate","qui irure","ea in eiusmod quis reprehenderit","qui labore sint deserunt ea","cupidatat sunt","veniam officia in ullamco","Lorem Lorem culpa do"}', DEFAULT, DEFAULT), ('6822c6f8-ae35-5c57-9558-9cc55665f5cb', '21d7354f-afef-5425-9907-92a0ff9e7110', 188, 'private', 'Siege Tactics Handbook', '{"in voluptate est Lorem id","exercitation duis","mollit commodo do consequat","do amet nulla et cillum","velit laboris","irure anim","cupidatat cillum ad cupidatat mi","sint Lorem minim non"}', DEFAULT, DEFAULT), ('8ac966bd-de46-5e4a-8401-5328d63ae1b4', '7c1b7c00-d84e-5216-9c13-9544eccd96d4', 188, 'unlisted', 'Early Game Dominance Guide', '{"tempor commodo","eiusmod occaecat","minim quis elit et"}', DEFAULT, DEFAULT), ('36f6354b-1927-5b66-8fab-ef32da0e1694', 'c379a417-3b5c-5e05-a7ca-c545e0d33c70', 190, 'public', 'Split Push Blueprint', '{"duis ut ea","cupidatat","cupidatat ullamco","elit mollit","in occaecat cillum dolor officia","enim","esse minim est eiusmod","commodo minim voluptate","dolor aute adipisicing","id Lorem amet do"}', DEFAULT, DEFAULT), ('a3befd2b-2867-5547-af7d-2fe7d53b98ef', '02fbc2e3-109a-5330-96d4-81e4548f5f4f', 184, 'unlisted', 'Vision Denial Blueprint', '{"culpa eiusmod","id irure","et anim","exercitation reprehenderit culpa","exercitation laboris mollit labo","cillum","cupidatat adipisicing"}', DEFAULT, DEFAULT), ('4d502d01-8a3a-58bc-acb8-f61c47f35e10', '34e08312-6163-54ad-8f00-271b535d720e', 189, 'unlisted', 'Siege Tactics Handbook', '{"esse","Lorem esse cillum ex ea"}', DEFAULT, DEFAULT), ('ebdf08a4-39c5-5347-ab53-e4ef0e2d1add', '95f6e66b-0348-54f6-ae25-2030a33390b2', 184, 'public', 'Roaming Support Plan', '{"ipsum","consectetur id","duis","do","velit amet sit","dolor dolore","officia non duis voluptate venia","aute occaecat nulla","mollit deserunt ea","aliqua"}', DEFAULT, DEFAULT), ('4cfaa7bd-7f8e-52b6-a079-b1fc1773dccb', '8bf74689-dfcf-5429-b342-2718dce8a8eb', 185, 'private', 'Map Control Blueprint', '{"commodo pariatur ad irure eiusmo","do consectetur"}', DEFAULT, DEFAULT), ('379aa38a-0dab-5c06-8cdb-45bf5d7e2d27', '3af5be38-b117-5675-8d7a-e27a1a34e8a8', 183, 'unlisted', 'Split Push Blueprint', '{}', DEFAULT, DEFAULT), ('1cb4e4cf-86cc-5f46-9e77-98b857e060d9', 'e5d977c2-2a0e-5703-8ee9-4796e3967ae0', 190, 'private', 'Vision Control Blueprint', '{"amet nostrud dolore ea","esse id nostrud esse","magna commodo ad","eiusmod ea et","enim amet dolore est est","elit ad quis"}', DEFAULT, DEFAULT), ('f39bcc07-5eef-5435-b6e9-d947c3bae70d', '5dedc9b9-eec3-5ace-a95b-d7817834d9af', 181, 'public', 'Late Game Scaling Strategy', '{"ad eiusmod elit in","laborum","pariatur laborum ea","adipisicing ex fugiat ea","amet esse ipsum","culpa nulla elit tempor","amet eiusmod excepteur incididun"}', DEFAULT, DEFAULT), ('20a16bbe-0188-55a3-8d14-7e2e6b37794e', 'c749b9a1-8131-5461-9b9f-368e4a129402', 189, 'public', 'Split Push Blueprint', '{"in veniam","consectetur","voluptate esse","excepteur amet consectetur irure","voluptate officia","culpa irure excepteur minim","occaecat consequat esse deserunt","sunt exercitation magna est","irure sint","enim velit aute quis"}', DEFAULT, DEFAULT), ('75a162e8-f427-5c64-baca-dba20bc829dd', 'c749b9a1-8131-5461-9b9f-368e4a129402', 187, 'unlisted', 'Objective Focused Strategy', '{"aliqua magna ea"}', DEFAULT, DEFAULT), ('5075bfb2-60b4-588c-ba9f-cd0f3efae77e', 'a9072b83-7976-58e9-a9c4-45664532f42e', 185, 'public', 'Vision Denial Blueprint', '{"aliqua cillum ullamco amet","occaecat incididunt","ex cupidatat adipisicing","eiusmod do cillum nisi","nostrud reprehenderit consequat","officia","ad proident ipsum mollit","quis sunt proident"}', DEFAULT, DEFAULT), ('329b0bda-79b1-53f3-afe7-b7495bde0220', '7c0f6282-7933-5431-8e88-9d2b9f09f272', 182, 'public', 'Rotation Strategy Document', '{"id aute minim minim","nostrud commodo velit","pariatur laborum","adipisicing in consequat non","dolore nulla ea"}', DEFAULT, DEFAULT), ('fc992b53-61aa-5185-8280-7863348ce734', 'e334db45-3389-5a47-b7c9-4ff8121637b5', 182, 'unlisted', 'Early Game Dominance Guide', '{"magna"}', DEFAULT, DEFAULT), ('e15f78fd-c85d-5196-b441-614f0f00a652', '01bb02e3-6d00-5b11-ba00-2f6b060dfb2e', 183, 'unlisted', 'Jungle Control Playbook', '{"aliqua ullamco","dolor est","voluptate","enim magna aliquip","exercitation aliquip consectetur","aliquip minim sint velit","exercitation elit","anim do exercitation laborum","do sunt eu pariatur"}', DEFAULT, DEFAULT), ('27d28c73-d0c0-5545-a0d3-0f0fa8e1aca6', 'e9decb87-4a50-5c41-896c-16fe0d21ebca', 182, 'unlisted', 'Roaming Support Plan', '{"pariatur id labore dolore ea","aliquip excepteur laboris occaec","ex ipsum et","laborum deserunt"}', DEFAULT, DEFAULT), ('bc0ae162-e51f-5f29-b5b0-87887eac9c85', 'c6add04b-f7fe-5a4a-99c2-280079fffcdb', 187, 'unlisted', 'Secure Objective Playbook', '{}', DEFAULT, DEFAULT), ('23cfe397-d97e-55bf-af72-35043f52d2bb', '586daead-6daa-5df4-83cb-81b2e815d326', 188, 'private', 'Objective Focused Strategy', '{"veniam veniam dolor eu","sint ex","esse pariatur deserunt","non magna qui","pariatur non"}', DEFAULT, DEFAULT), ('2135e4d6-4261-59ed-a63d-11a8a55ba0c0', 'c6add04b-f7fe-5a4a-99c2-280079fffcdb', 185, 'unlisted', 'Wave Management Plan', '{"laborum ut","do"}', DEFAULT, DEFAULT), ('32ca2e92-cee8-58b4-beec-0fd9742bf2df', 'b88b1af1-79fe-5af5-9c91-0c77ed20973b', 188, 'private', 'Counter Pick Blueprint', '{"eu eu enim minim","culpa do elit dolore","do","quis","esse do","sit tempor dolor ex dolor","tempor labore ut qui","exercitation aute laboris","nulla occaecat","laborum cillum nulla anim"}', DEFAULT, DEFAULT), ('69e335b1-cf42-5234-867f-fc3222ba0932', '8dea886f-fc5d-51fd-ac80-f3c52f3b244b', 187, 'public', 'Defensive Turtle Tactics', '{"esse Lorem duis elit sunt","ea","ad","anim minim","voluptate sit ea","minim","non id labore culpa cillum"}', DEFAULT, DEFAULT), ('4addfd63-7007-5913-b0c6-95e35fe44af0', '2d1d7734-be70-5d07-a538-e76c6cae722e', 185, 'unlisted', 'Defensive Turtle Tactics', '{"dolore qui ex et"}', DEFAULT, DEFAULT), ('29e1da9c-3bfa-53c5-8780-7032cb48ed69', 'd905224a-1767-5e97-ad1a-f223ab64cd44', 188, 'private', 'Aggressive Rush Strategy', '{"officia enim consectetur adipisi","tempor elit amet laborum","ullamco","eiusmod adipisicing","officia culpa non","consequat consectetur velit quis","cillum et exercitation magna dol","anim cillum tempor","nisi"}', DEFAULT, DEFAULT), ('0fe3263a-4b99-5049-afdd-8a29336988d1', '0fa12fcf-97e2-5065-a698-e366ca117702', 190, 'private', 'Defensive Turtle Tactics', '{"nulla voluptate","veniam quis","exercitation laboris aliquip","amet","in officia","ipsum duis ipsum do velit"}', DEFAULT, DEFAULT), ('de533318-8238-5b98-90fa-7923fbda78df', 'e334db45-3389-5a47-b7c9-4ff8121637b5', 183, 'public', 'Aggressive Rush Strategy', '{"sint tempor consequat proident s","sunt","elit"}', DEFAULT, DEFAULT), ('91b0fe2a-8d53-5dfa-804e-dadbd5fed2f0', '830a4bb5-d929-5c1b-94fc-74a53795cc52', 183, 'unlisted', 'Roaming Support Plan', '{"enim ipsum adipisicing","nostrud ad sit amet","ipsum reprehenderit","voluptate eiusmod cillum nostrud","aliqua Lorem","consectetur"}', DEFAULT, DEFAULT), ('f2da91e9-e150-5eba-811a-769c8b464b2d', 'd6d4ebe8-fe3c-5e62-98d8-e678f356450c', 187, 'private', 'Aggressive Rush Strategy', '{"velit sint","velit enim elit excepteur","commodo enim deserunt","deserunt occaecat minim minim","qui","labore excepteur Lorem cillum","ipsum incididunt cillum","nulla elit excepteur aliquip","cillum fugiat velit nisi et","est irure"}', DEFAULT, DEFAULT), ('830462ad-e07d-578c-9343-4c2f3f3f896d', '09bca3f4-0d37-5f5a-b637-9d7942a17cff', 181, 'public', 'Aggressive Rush Strategy', '{"tempor mollit ea","pariatur","cupidatat excepteur","deserunt dolore laborum"}', DEFAULT, DEFAULT), ('e4d512a0-9012-54c8-a0de-d2cfb46cc4e7', '8fe11c61-64ee-5a54-8048-b7d0a6d485e2', 181, 'private', 'Gank Heavy Approach', '{"fugiat enim eu","deserunt aliquip","commodo occaecat ullamco dolor","nulla exercitation voluptate dol","irure mollit est laboris","ea fugiat voluptate","irure et dolore","ipsum dolore do","fugiat irure"}', DEFAULT, DEFAULT), ('8fc4ec28-bbda-57ff-86ae-02acc462e7a3', '36d172fe-21d7-5e04-8dd5-a197a258f6db', 182, 'unlisted', 'Split Push Blueprint', '{"cupidatat","aliqua minim"}', DEFAULT, DEFAULT), ('46cb3ac1-56db-5482-a77b-488299529f1c', '7cb09c84-7471-599f-bae0-90d61a321390', 188, 'unlisted', 'Roaming Support Plan', '{"ullamco incididunt laboris quis"}', DEFAULT, DEFAULT), ('ca6dab04-25c1-5208-bf77-9e5162704420', '2190cc4c-2cc5-5f9f-983d-55f70f31e468', 189, 'private', 'Wave Management Plan', '{"mollit minim excepteur"}', DEFAULT, DEFAULT), ('54485efb-a52b-5ef1-8d37-32b22dc487d0', '72d3531d-c972-50b3-9ba4-89c7e7226754', 187, 'private', 'Defensive Turtle Tactics', '{"deserunt pariatur incididunt","consequat voluptate quis cupidat","amet est","Lorem","culpa incididunt excepteur repre"}', DEFAULT, DEFAULT), ('1fa8fec1-5ed8-5fb9-afc2-a5a8eea61a64', 'fe24988b-bca5-5bf5-be0f-c92da7b2cbe1', 184, 'public', 'Gank Heavy Approach', '{"reprehenderit"}', DEFAULT, DEFAULT), ('21212b38-5327-5020-9dc6-3fca09a6128f', 'b67e09de-df70-515b-91d0-6e53f3b4a58a', 185, 'unlisted', 'Baron Control Strategy', '{"id non","laborum aute sit id","ullamco qui tempor","reprehenderit pariatur","ipsum adipisicing anim occaecat","ipsum"}', DEFAULT, DEFAULT), ('b22cc198-1bf7-5cc9-b682-385ac5f11217', '5f651c76-ceba-56db-bd60-512d4079ec53', 182, 'unlisted', 'Map Control Blueprint', '{"dolor esse aute ullamco","fugiat eiusmod","voluptate quis cillum qui","aliquip esse magna","ipsum","anim reprehenderit","elit sint"}', DEFAULT, DEFAULT), ('07d77b7a-f8bb-53ab-8750-034a7dc2bcb0', '99498cc5-464e-5b95-a415-0dba48b40687', 188, 'unlisted', 'Defensive Turtle Tactics', '{"est ad excepteur magna duis"}', DEFAULT, DEFAULT), ('f7f63dc3-d8b7-5f42-b802-636e4e3f43bb', '81cd6138-b0c3-5d83-86b9-8143c909421b', 187, 'private', 'Split Push Blueprint', '{"aliqua ex ea exercitation","eu quis sint duis"}', DEFAULT, DEFAULT), ('a1dd34cc-747e-59d2-bb04-592165ee24b7', '28a1ca86-fc34-5d5b-bda6-792b581f58de', 190, 'private', 'Late Game Scaling Strategy', '{"aute amet aliquip sit","aliquip eiusmod Lorem ut","elit velit cupidatat id"}', DEFAULT, DEFAULT), ('b111722b-fdf4-55f7-a1ea-183bf540f7e3', '404e076e-a943-52e4-a2ce-10591a9caa1f', 189, 'unlisted', 'Jungle Control Playbook', '{"reprehenderit proident","nostrud cupidatat","sit proident","do tempor in fugiat","mollit aute ullamco","exercitation voluptate"}', DEFAULT, DEFAULT), ('de288e5e-33f8-5b49-9dad-83fa7d46ac0d', '8d3f145b-67b0-504d-b49a-d59ecea5d2d8', 187, 'private', 'Late Game Scaling Strategy', '{"occaecat","ut proident excepteur","exercitation eiusmod occaecat ve","laboris aliqua ut","ullamco velit adipisicing culpa","culpa","ut aute","duis laborum ad est"}', DEFAULT, DEFAULT), ('f1ab7f2e-7a01-59f1-b811-78e3b78b40bc', 'b67e09de-df70-515b-91d0-6e53f3b4a58a', 188, 'private', 'Vision Denial Blueprint', '{"ullamco minim culpa nisi minim","aliqua et","consequat cupidatat","minim consequat anim","laboris est","fugiat ad","dolore"}', DEFAULT, DEFAULT), ('e0783de7-ca51-5f0a-a7ac-8dcd533efd10', 'fe24988b-bca5-5bf5-be0f-c92da7b2cbe1', 190, 'unlisted', 'Rotation Strategy Document', '{"ipsum et"}', DEFAULT, DEFAULT), ('c3238b63-2dda-5915-8ca5-773255a1cfad', '59558fa1-9cc0-5e85-a331-879d76e07f05', 182, 'private', 'Defensive Turtle Tactics', '{"sint sunt qui pariatur in","est laboris","amet irure qui","aliqua","est tempor est","in ut cupidatat","nulla cillum","qui excepteur","pariatur ut","occaecat nisi"}', DEFAULT, DEFAULT), ('7b1aca75-d87e-55c4-87f7-005fafbadfdb', 'cd42da7d-ec75-53b3-9aad-015766f58921', 186, 'public', 'Wave Management Plan', '{"ipsum in nisi","enim tempor labore","mollit"}', DEFAULT, DEFAULT), ('106d238e-2ba4-525c-8d85-994f8dfb2984', '94170f3d-888c-58bc-bc18-13592bfb52c5', 185, 'unlisted', 'Gank Heavy Approach', '{"nulla","proident in exercitation irure","incididunt","consequat eiusmod dolor","anim qui"}', DEFAULT, DEFAULT), ('72f05d50-2802-535d-af55-29384395d238', '5701e8cf-a128-5707-83da-0279d2c833bf', 189, 'unlisted', 'Rotation Strategy Document', '{"excepteur","duis est","id labore aliqua","deserunt nulla anim","eu qui deserunt veniam non","laboris Lorem","in ea","ipsum ex ad","tempor consequat elit"}', DEFAULT, DEFAULT), ('f914b2f3-d88a-52e4-ac43-1ef8cffb4d34', 'a9752d0c-ade4-58c6-b746-1b9df56a3d08', 189, 'public', 'Map Control Blueprint', '{"mollit","laboris ullamco dolor do","quis cillum","veniam quis","in non cupidatat","minim occaecat mollit","laboris qui ea"}', DEFAULT, DEFAULT), ('c620930b-8f59-50ae-bf46-b1a3aca28f0a', '62507209-107c-55b5-9f47-9cad3cb25da5', 188, 'unlisted', 'Map Control Blueprint', '{"id aute velit"}', DEFAULT, DEFAULT), ('c78418ab-6a36-52f6-ad32-89289156138c', 'df625f4d-0fe2-599a-b1d3-13232701e19f', 185, 'public', 'Vision Denial Blueprint', '{"magna culpa quis","non laboris in"}', DEFAULT, DEFAULT), ('ed7bef30-09b5-5167-a122-9b398a76eaef', '99498cc5-464e-5b95-a415-0dba48b40687', 189, 'unlisted', 'Aggressive Rush Strategy', '{"nostrud","irure aute ipsum cillum officia"}', DEFAULT, DEFAULT), ('ecddf116-85cf-5aef-8c73-6e5963680c88', 'c2916be7-afbf-5b1e-bf7a-6612306486ab', 187, 'private', 'Roaming Support Plan', '{"ad","ex","in ea","officia ullamco","commodo in","qui magna excepteur fugiat","magna est consectetur quis","duis consequat consequat proiden","aliquip mollit proident adipisic","excepteur sint aute enim consequ"}', DEFAULT, DEFAULT), ('5bb46529-9916-530c-88e4-31ac6d441591', 'bf9b5b68-4e23-52f1-a2cb-7e93ec2bafea', 181, 'private', 'Late Game Scaling Strategy', '{"dolore deserunt","nulla cupidatat aute","magna tempor","aliqua aliqua"}', DEFAULT, DEFAULT), ('8b092693-9a40-5f6a-a57b-3c3e9f5288f7', 'b576de0c-954e-5345-a9e7-0d691c52341a', 187, 'private', 'Defensive Turtle Tactics', '{"sit ex nostrud Lorem"}', DEFAULT, DEFAULT), ('65d96d53-ecd8-5cb9-a3d4-a2842c9c629f', '5b303ef1-7516-512a-ba01-9f0dc05d7d2a', 183, 'private', 'Vision Denial Blueprint', '{"aliqua mollit consectetur","do","do anim laborum pariatur","minim ipsum tempor","excepteur irure tempor laborum","do exercitation","consequat exercitation veniam ip","velit duis commodo qui"}', DEFAULT, DEFAULT), ('672c681b-4325-56a5-8413-28facb838b89', '1e7e0bcb-4fc0-5d72-81a5-d67a74a13595', 186, 'unlisted', 'Wave Management Plan', '{"veniam","ea","consectetur sit ex","cupidatat ipsum","aute labore nisi","sit excepteur","do eu"}', DEFAULT, DEFAULT), ('49d19d37-5ee3-59d0-a985-37b5b703ceb0', '98bf31df-37fd-5af6-86dd-8686cdc35eeb', 183, 'public', 'Team Fight Execution Plan', '{"id consectetur est reprehenderit","anim labore","laboris sunt ex enim do","minim culpa dolor est","dolore","deserunt ullamco duis consequat ","est officia aliqua","excepteur id ea aliquip","tempor cillum","amet ullamco"}', DEFAULT, DEFAULT), ('66e9d7dd-018c-5299-8470-9f074683bd55', '54473828-0225-5307-b53c-7a0fc46ac63c', 185, 'unlisted', 'Early Game Dominance Guide', '{"mollit eu"}', DEFAULT, DEFAULT), ('d4a93045-0519-5ae2-8bd3-51a7d07f2b97', 'cda3814f-c14d-5dcf-a835-797df84f6d99', 181, 'private', 'Split Push Blueprint', '{"labore"}', DEFAULT, DEFAULT), ('b5bd1f0b-0be5-592a-87b7-65db36f2fa17', 'f46ce5c6-3097-5b5d-8213-37b749a8664f', 181, 'unlisted', 'Aggressive Rush Strategy', '{"ex nulla est esse qui","sunt nulla sit est","culpa ut non esse","est excepteur","nostrud dolor deserunt irure"}', DEFAULT, DEFAULT), ('902168ab-57a5-5714-b589-ecf1bd6d2517', 'f0a85f4d-7257-5b6a-888d-8ed616480c13', 181, 'unlisted', 'Vision Control Blueprint', '{"ullamco ullamco ullamco dolor","ad occaecat commodo adipisicing ","sit excepteur nulla velit","ex eiusmod","enim dolore quis","reprehenderit ad ad","ea nulla","duis et in","aute aliquip aliquip dolore veni","et dolore tempor ea"}', DEFAULT, DEFAULT), ('8e1b1af0-d36a-5958-9b32-c8f59e8edaf9', 'bbcbd7eb-4377-550e-af45-f77d693d98fe', 184, 'private', 'Objective Focused Strategy', '{"qui occaecat et","commodo ipsum in","magna laboris","pariatur et laborum","commodo laboris et id non","sunt ullamco consequat","eu id","esse duis sit magna consectetur"}', DEFAULT, DEFAULT), ('9ca1e23a-7fd9-5be2-b14a-5f50a52fda0a', 'eecf8a7e-af2f-524d-a645-c5fba3ebda06', 181, 'private', 'Counter Pick Blueprint', '{"incididunt ad aute consectetur","incididunt eu magna"}', DEFAULT, DEFAULT), ('b458c0d2-4d21-597a-9d7c-522e47032d79', '051188d3-54fa-59f4-adc8-b929fcb2c826', 185, 'unlisted', 'Siege Tactics Handbook', '{"magna","ullamco qui","do deserunt occaecat id","et ut id dolor reprehenderit","cupidatat nostrud voluptate eu","ut et elit quis","sint voluptate velit","sunt enim elit","veniam tempor nostrud"}', DEFAULT, DEFAULT), ('aeae5590-e6d3-5c02-8a1c-40a6bcf61bd6', '756cbb59-27d6-58f3-b4b9-8b56121e683f', 183, 'private', 'Vision Control Blueprint', '{"amet laboris","mollit magna incididunt sit","tempor quis ex consectetur","esse eiusmod dolor","aute culpa irure laborum","minim ea","ex voluptate ut adipisicing","nostrud velit"}', DEFAULT, DEFAULT), ('e62ff15d-b4e8-5f8b-b8c8-56d105c9d705', 'f057746f-990e-5e0f-ba59-b833ef7e39fc', 188, 'private', 'Defensive Turtle Tactics', '{"cillum"}', DEFAULT, DEFAULT), ('2650d5c8-a9d2-57ad-a70d-8c89cf994021', 'a88bc9b9-135e-55c7-8c4c-5a072a3c8573', 189, 'private', 'Vision Denial Blueprint', '{"consectetur","exercitation","sunt","dolore aliquip","non irure dolor ipsum elit","aliquip ipsum aute","incididunt adipisicing","dolore sint aliqua veniam"}', DEFAULT, DEFAULT), ('57851dd8-0d7e-5b03-b70f-32940ae107ce', 'e20720a7-b660-50e0-8da5-8784fa26a31d', 186, 'unlisted', 'Team Fight Execution Plan', '{"quis esse labore duis aliquip","nostrud tempor do occaecat","ipsum tempor"}', DEFAULT, DEFAULT), ('0bb88883-c32b-547d-bac2-9dcbf9437722', '3a804324-748d-571a-afad-6b9c20a35337', 184, 'unlisted', 'Vision Control Blueprint', '{"ea ad in nulla","eiusmod ullamco","Lorem et","duis duis laborum eu ut","magna enim et ipsum","in id cupidatat"}', DEFAULT, DEFAULT), ('f2096d39-9bcd-5cc9-af38-3924bad39e01', '1e7e0bcb-4fc0-5d72-81a5-d67a74a13595', 187, 'unlisted', 'Aggressive Rush Strategy', '{"nisi","laboris est incididunt ea","reprehenderit pariatur","occaecat Lorem laboris aliqua"}', DEFAULT, DEFAULT), ('cdc85c53-30bc-5c6e-91cc-2af72696e64b', '66e9a4f5-02a0-54af-823e-5e95c7ab9df1', 184, 'private', 'Objective Focused Strategy', '{"incididunt aute consequat","et aliquip ullamco","sint","ullamco","cillum sunt","ad voluptate esse fugiat deserun","ex culpa nulla Lorem"}', DEFAULT, DEFAULT), ('a0fe813c-8a2e-57ff-8950-530eb72350cc', 'f6a7cc82-a609-50ee-a839-9fa8b1a9631d', 181, 'public', 'Aggressive Rush Strategy', '{"minim","exercitation ea","velit enim","nulla ad velit sunt"}', DEFAULT, DEFAULT), ('3dcb1c72-1f38-50a2-8a79-9f8b83862a0b', 'a6ea6199-2a1a-56d4-b12a-1bf7d32d154c', 190, 'public', 'Baron Control Strategy', '{"Lorem aliqua non quis duis","cupidatat do velit reprehenderit","exercitation dolor","mollit anim aute amet magna","aliqua aliquip proident ullamco","est est","magna non occaecat esse","irure pariatur esse","sunt sit"}', DEFAULT, DEFAULT), ('b529db67-e1b4-5e7d-9a32-267867bbcbad', '2190cc4c-2cc5-5f9f-983d-55f70f31e468', 181, 'public', 'Early Game Dominance Guide', '{"incididunt quis","aliquip cupidatat cupidatat","minim magna aliqua","enim anim aute amet","officia","consequat labore","dolore nostrud adipisicing","ea consectetur ullamco ullamco s","aliquip aute est aliqua veniam","esse id"}', DEFAULT, DEFAULT), ('89b21cb6-fbf3-585a-b9c1-304fad97258b', '274020d9-7513-5cf6-ae0b-e94ef1d1a62f', 182, 'unlisted', 'Vision Control Blueprint', '{"ipsum est aliquip","ut et veniam ad","officia proident amet aliqua","et aute esse","dolore deserunt voluptate","Lorem ex commodo"}', DEFAULT, DEFAULT), ('8af27ce1-15c1-5703-a4c5-07ea669df0c7', '097c4d8e-94d3-5fd3-94ca-7bbb66cf6929', 184, 'public', 'Late Game Scaling Strategy', '{"veniam labore","anim ad aute","cillum est magna","aute ex nostrud culpa elit","sunt minim veniam non","sit duis","deserunt incididunt fugiat"}', DEFAULT, DEFAULT), ('e9960db1-b450-5d20-820c-87fab4f40dc8', 'd664e8db-93ef-5294-a361-9e8640907e59', 190, 'private', 'Vision Control Blueprint', '{"anim occaecat labore","ut velit reprehenderit","voluptate","laboris labore","Lorem ut elit voluptate"}', DEFAULT, DEFAULT), ('2dd10f1f-4836-53b2-b2b6-ae71861e43d0', 'fc6d457c-9711-5cde-813c-d584f858faae', 188, 'private', 'Roaming Support Plan', '{"mollit laboris incididunt ut","adipisicing enim cillum","eiusmod culpa","non nulla quis exercitation","dolore voluptate pariatur","in aute","ea","minim ullamco id"}', DEFAULT, DEFAULT), ('09d4e842-df61-577d-8d06-00daf3b676e2', '09bca3f4-0d37-5f5a-b637-9d7942a17cff', 183, 'unlisted', 'Early Game Dominance Guide', '{"dolor laborum nostrud","proident ex commodo","qui deserunt","excepteur adipisicing","cillum ea quis ea ea"}', DEFAULT, DEFAULT), ('6fe4789e-9a02-5c94-8c81-5bb4cffd7850', '5d378209-1fd5-506f-8b3f-511a16489d69', 183, 'public', 'Siege Tactics Handbook', '{"ea","qui consectetur qui voluptate","et officia reprehenderit","ex"}', DEFAULT, DEFAULT), ('62834a20-27ac-5894-8947-a4e2ffb67f5b', '3d4df0ce-5a7f-53e4-b486-95faf0a09720', 186, 'unlisted', 'Rotation Strategy Document', '{"voluptate proident exercitation","laboris voluptate cillum"}', DEFAULT, DEFAULT), ('ce25e6d7-50b4-50c3-8210-685ee22346f3', '76980724-1543-5820-bc77-ff5f445e7244', 181, 'unlisted', 'Gank Heavy Approach', '{"reprehenderit sunt nulla","ipsum deserunt","velit proident voluptate ex"}', DEFAULT, DEFAULT), ('a4e4a518-fb32-53bf-9d1c-f336f8cd8c45', 'b88b1af1-79fe-5af5-9c91-0c77ed20973b', 187, 'public', 'Late Game Scaling Strategy', '{"deserunt dolor incididunt"}', DEFAULT, DEFAULT), ('d5862a76-70cd-55db-a302-365d7ec101f5', '2daf5548-f681-577a-9912-670e1304b2ad', 190, 'public', 'Wave Management Plan', '{"quis pariatur ullamco","in irure consequat","labore id excepteur ullamco mini","nostrud irure deserunt aliquip","pariatur duis"}', DEFAULT, DEFAULT), ('fff5567f-d4a5-542e-ba70-1119521ca0cb', '75e07351-a344-5719-bccf-45791a666af4', 187, 'public', 'Defensive Turtle Tactics', '{"eiusmod commodo","nulla consectetur labore sunt in","ut mollit velit","magna","laboris","proident duis ea","ut pariatur Lorem","irure sunt velit"}', DEFAULT, DEFAULT), ('48abaf7b-d65e-5371-8d5f-1be4621911e6', 'e9de49c7-7c1c-5c70-9aad-96d6727706e4', 181, 'unlisted', 'Baron Control Strategy', '{"irure id","fugiat Lorem","aliquip esse","dolore dolor sit esse"}', DEFAULT, DEFAULT), ('05b8ebd6-06e1-5ce6-85d9-1fda124d11b0', 'a9752d0c-ade4-58c6-b746-1b9df56a3d08', 183, 'unlisted', 'Objective Focused Strategy', '{"magna","dolore aliquip officia","ut est quis aliquip ut","veniam occaecat ea voluptate ani"}', DEFAULT, DEFAULT), ('be5a4c70-a4ff-57c0-8c2c-437a6d77f25c', 'fbfa0c72-9c6c-54ce-ba23-f1ed2563396e', 190, 'public', 'Vision Denial Blueprint', '{"aute laboris excepteur officia","ad incididunt","minim id eiusmod","officia sunt"}', DEFAULT, DEFAULT), ('e6ff83af-5ec2-537d-b04b-784bd77a5871', '8b7e423b-b9b9-5b3c-bf3d-1aa45d16235c', 184, 'private', 'Split Push Blueprint', '{}', DEFAULT, DEFAULT), ('dc9bffb4-1647-5c5d-8c1f-d89500e89900', 'a4b32498-f3a6-5110-a5b6-de20f0314c35', 182, 'unlisted', 'Defensive Turtle Tactics', '{"adipisicing proident velit magna","labore mollit officia id nostrud","ullamco amet consequat","reprehenderit non ipsum ea nostr","irure sunt culpa","ex sint","non Lorem Lorem qui in"}', DEFAULT, DEFAULT), ('ec767a01-17bb-518c-9633-78ebc8caded3', '0e342915-b360-541f-8c0a-bdf36b3c0ce2', 186, 'private', 'Baron Control Strategy', '{"non velit aliqua aute","eu commodo consectetur eiusmod"}', DEFAULT, DEFAULT), ('6c642b40-bb15-55fa-9319-9c100d27adc7', '586daead-6daa-5df4-83cb-81b2e815d326', 189, 'private', 'Vision Denial Blueprint', '{"nostrud occaecat amet aliqua","magna occaecat sunt esse commodo","sint aute fugiat","laboris Lorem aliquip magna","esse excepteur"}', DEFAULT, DEFAULT), ('197f52e9-f9b3-54a3-a900-9ddcd2cd98d5', '853509f0-6836-5fa7-87f2-fb0a9a8766d2', 183, 'unlisted', 'Vision Control Blueprint', '{"nostrud tempor culpa","ut veniam","sit ea","enim ea","consequat sit Lorem","veniam aliquip id id","excepteur velit eu exercitation","cillum","sint dolore officia","ut nostrud commodo pariatur"}', DEFAULT, DEFAULT), ('b239ffdb-847f-5400-b1f9-97e186ea36bc', 'c6add04b-f7fe-5a4a-99c2-280079fffcdb', 181, 'private', 'Wave Management Plan', '{"aute excepteur","aute pariatur esse","tempor consequat proident","occaecat","dolore","aliquip cillum","sit","duis veniam non est duis","cupidatat qui"}', DEFAULT, DEFAULT), ('c3124970-b58c-5748-8a01-4ba1d7466b2b', 'ba4d6fef-111f-5ce5-883e-2b3880f373bf', 190, 'unlisted', 'Objective Focused Strategy', '{"magna duis proident incididunt a","reprehenderit velit mollit repre","excepteur quis","elit elit duis deserunt enim","qui","cillum dolor sunt","tempor ut","exercitation Lorem do consequat","culpa est dolore"}', DEFAULT, DEFAULT), ('2fbdef88-7d4a-5528-bb59-74f725709563', '549980e7-3e77-5d76-b263-84664d04b209', 183, 'private', 'Map Control Blueprint', '{}', DEFAULT, DEFAULT), ('a03637de-3a86-5f2c-a9a1-71bb222f301f', '7c0f6282-7933-5431-8e88-9d2b9f09f272', 185, 'private', 'Aggressive Rush Strategy', '{"elit culpa amet","cupidatat est","occaecat","esse","ex sint aliquip","ipsum nulla incididunt ea","consectetur proident esse tempor"}', DEFAULT, DEFAULT), ('536d5b0c-dc7c-598f-8fa0-b21c4cd85d48', '5d378209-1fd5-506f-8b3f-511a16489d69', 186, 'unlisted', 'Counter Pick Blueprint', '{"labore tempor commodo excepteur","sit fugiat","pariatur","consequat","non ullamco","nostrud nostrud veniam nulla","dolor","consequat consequat voluptate","eu"}', DEFAULT, DEFAULT), ('f04b6b4b-d5ea-517f-8a7d-71713980487c', '2f76c526-de17-58f1-a75e-aee239f7ed57', 189, 'unlisted', 'Rotation Strategy Document', '{"consectetur","anim","voluptate ea","duis incididunt"}', DEFAULT, DEFAULT), ('363e1d5b-f7b0-5ee0-a43a-f471f9cf9338', '21d7354f-afef-5425-9907-92a0ff9e7110', 182, 'private', 'Late Game Scaling Strategy', '{"quis voluptate reprehenderit lab"}', DEFAULT, DEFAULT), ('edcc2203-6787-52aa-bc0b-a6dcc59388be', '59f89533-99ba-5296-9d71-0a2d936ac633', 185, 'public', 'Vision Control Blueprint', '{"laboris velit ad","reprehenderit minim duis","dolore velit laborum","duis proident officia pariatur"}', DEFAULT, DEFAULT), ('474b1c92-271b-5e78-878e-3e82398a6e7c', '84aabd0a-31ea-5dd5-9e39-ce95a07d2009', 182, 'unlisted', 'Jungle Control Playbook', '{"laborum cupidatat","pariatur in","ad ullamco","adipisicing aliquip qui adipisic","ipsum excepteur nostrud nisi"}', DEFAULT, DEFAULT), ('8997d96a-4a2f-5fcd-a0a2-88e875f8bba7', '8a0a556f-d942-55f0-8ba8-1ffbfaf3c6d9', 184, 'unlisted', 'Split Push Blueprint', '{"voluptate ut minim proident","Lorem aliqua incididunt"}', DEFAULT, DEFAULT), ('f61f0c83-60cb-5fa8-a27a-67e606b63adb', '9d87fe57-7f5a-555d-8ceb-54297334ec14', 186, 'private', 'Defensive Turtle Tactics', '{"voluptate velit culpa ullamco si","velit dolore","fugiat nostrud"}', DEFAULT, DEFAULT), ('30d213ab-4615-5d8b-abee-5b4875c8bfdf', 'b88b1af1-79fe-5af5-9c91-0c77ed20973b', 182, 'private', 'Roaming Support Plan', '{"nostrud et eu in","voluptate duis","occaecat ipsum","proident enim irure","in deserunt qui Lorem"}', DEFAULT, DEFAULT), ('7d042aff-1b5b-531f-917f-48f2d58d33c7', '09bca3f4-0d37-5f5a-b637-9d7942a17cff', 186, 'private', 'Team Fight Execution Plan', '{"est"}', DEFAULT, DEFAULT), ('30e1e77d-2bcf-5591-97ec-d99bd552d8f0', 'a5831e58-2fc9-5b59-970d-00c344a4eb18', 182, 'public', 'Vision Denial Blueprint', '{"anim ad"}', DEFAULT, DEFAULT), ('d53a4a7c-125e-52cd-8ba3-aa3916f71140', 'dc376aff-9563-59fe-ac16-2760fcfb9752', 182, 'unlisted', 'Vision Control Blueprint', '{"et dolor commodo Lorem","magna laboris laborum aute Lorem","irure irure","enim qui minim quis","mollit velit"}', DEFAULT, DEFAULT), ('47f797b2-50c1-56af-abe6-0081dabe5efd', '0e342915-b360-541f-8c0a-bdf36b3c0ce2', 187, 'private', 'Counter Pick Blueprint', '{"pariatur commodo ullamco esse","id consectetur consequat","sunt","proident","quis"}', DEFAULT, DEFAULT), ('3ebbec39-d360-5461-b442-70abf723c8b8', '98eaafd3-adbf-5a3e-adb9-b3fb6971b6f1', 184, 'private', 'Aggressive Rush Strategy', '{"et tempor irure ut","eu voluptate reprehenderit eu","ad"}', DEFAULT, DEFAULT), ('3821efb6-356e-53bd-8a0b-239426475be5', 'f0a85f4d-7257-5b6a-888d-8ed616480c13', 183, 'public', 'Siege Tactics Handbook', '{"consequat non ipsum eu","duis qui","anim voluptate reprehenderit min","laborum enim","irure voluptate ipsum incididunt","sunt voluptate anim","consectetur non dolor","ad cupidatat"}', DEFAULT, DEFAULT), ('f62571e6-585e-5709-b04e-861b7f3db2d2', '3d36d061-4dca-5f53-95f5-b74a7cc61e19', 182, 'public', 'Roaming Support Plan', '{"consequat minim","consequat"}', DEFAULT, DEFAULT), ('f706ef0d-b4c8-54ee-ba4a-8f6af14717f8', '110efd29-2979-5c30-b41f-b3bf832f48cd', 182, 'unlisted', 'Counter Pick Blueprint', '{"mollit","id ea aute","duis culpa eu nisi amet","consequat sunt do","veniam labore proident","qui non qui occaecat"}', DEFAULT, DEFAULT), ('da6a602b-9dc0-5e13-87e9-323f368838a2', 'a8212e1b-5577-5c28-9c38-2d4fbd753550', 190, 'unlisted', 'Gank Heavy Approach', '{"laboris voluptate cupidatat repr"}', DEFAULT, DEFAULT), ('ae022a2e-97fe-53d7-ace2-f700a65995e2', 'd9bba68a-079c-5141-bd43-756b87167584', 189, 'unlisted', 'Jungle Control Playbook', '{"id esse aliquip","aute laboris","esse","qui eiusmod esse amet","non irure incididunt duis nisi","minim","ex nostrud nisi"}', DEFAULT, DEFAULT), ('7f27719e-c551-5cfa-ab24-3e6a917bc77f', '061a9df6-5f3b-55cf-9879-eec1a4061457', 186, 'public', 'Vision Control Blueprint', '{"ut sunt eu occaecat","non irure","excepteur commodo nostrud eu","ad laboris laborum fugiat sunt","in ad laborum sit","eiusmod dolor","ipsum ipsum excepteur ex","aliquip"}', DEFAULT, DEFAULT), ('a7afe8c7-8469-5a59-9246-cc18b3ce4b7b', 'f7f33f5b-7e02-5784-9db2-ed2995544a54', 183, 'private', 'Baron Control Strategy', '{"qui voluptate non"}', DEFAULT, DEFAULT), ('8111ec5f-e01a-5ad1-b89a-b7a64419e202', 'f754848a-9cd5-551c-9bb4-aa81e33b42af', 189, 'public', 'Vision Denial Blueprint', '{"dolore exercitation"}', DEFAULT, DEFAULT), ('af41c136-c26c-5e1c-81f1-2d9f923ca606', '8926b9fd-34b2-5421-a25c-9cd89c12cad0', 186, 'public', 'Aggressive Rush Strategy', '{"mollit amet non"}', DEFAULT, DEFAULT), ('7594efe5-aff1-5874-a5ed-4a9edc7b66bf', '6a3486ce-c3fa-519b-8ad1-f329a5c3ee43', 187, 'unlisted', 'Defensive Turtle Tactics', '{"ipsum mollit enim","Lorem non ullamco ea sunt","dolor velit","nulla ut dolor"}', DEFAULT, DEFAULT), ('ee2f9514-a689-5e06-84f0-7f27b56a3774', '43bcab14-4a69-5e60-a07f-cda2fe595a2a', 190, 'private', 'Aggressive Rush Strategy', '{"ut sit commodo","cupidatat officia tempor ullamco","quis nisi non","exercitation id","duis fugiat magna officia","ipsum dolore aliquip"}', DEFAULT, DEFAULT), ('59ac239c-144e-5ca7-b3e8-b97418726740', '21a7e579-98a3-5757-a0a8-913f2da95aba', 183, 'unlisted', 'Early Game Dominance Guide', '{"officia ullamco reprehenderit"}', DEFAULT, DEFAULT), ('7992b22f-6c16-50ae-ae54-fd84bedb78e7', '8926b9fd-34b2-5421-a25c-9cd89c12cad0', 184, 'public', 'Jungle Control Playbook', '{"pariatur veniam amet dolore","esse ipsum voluptate veniam","adipisicing deserunt dolore eu s","quis velit qui","duis commodo","minim","occaecat","cupidatat dolor anim enim"}', DEFAULT, DEFAULT), ('eeb6a56c-bf20-5164-a9c4-2438947a1635', '88501f36-608d-5074-ab3f-752cd478292f', 181, 'public', 'Split Push Blueprint', '{"id laborum","adipisicing fugiat ex","duis labore officia","veniam commodo nostrud","ullamco incididunt","velit culpa reprehenderit non"}', DEFAULT, DEFAULT), ('ba263b84-62af-5be6-a1da-34f8a9b1c708', '3c6d504a-3b43-5117-a71b-e844b07b3920', 188, 'public', 'Team Fight Execution Plan', '{"deserunt laboris nostrud","occaecat et est dolore","reprehenderit","exercitation anim mollit aliqua","ipsum velit magna","magna eiusmod ipsum reprehenderi"}', DEFAULT, DEFAULT), ('0eda511d-00fb-5edd-a94c-61620ced28e5', '6ec75264-eddd-5d93-b46a-ea1447200d4d', 183, 'private', 'Defensive Turtle Tactics', '{"esse Lorem nostrud occaecat et","nostrud incididunt ea","aliquip","in id aliqua reprehenderit"}', DEFAULT, DEFAULT), ('4a82ca5f-1296-51b0-9319-05459a439c92', '8e5bcc8d-ff8b-5160-bb7c-97b1a5837a53', 189, 'unlisted', 'Team Fight Execution Plan', '{"ipsum mollit","mollit nisi","et sint exercitation","velit aute","velit excepteur deserunt","nostrud qui aliquip elit"}', DEFAULT, DEFAULT), ('230e6990-91f4-5dc7-b6bc-229a44985e25', '95f6e66b-0348-54f6-ae25-2030a33390b2', 182, 'private', 'Gank Heavy Approach', '{"aliquip exercitation nisi","quis","exercitation minim"}', DEFAULT, DEFAULT), ('01a97da4-f21e-511b-9160-a834d5d7f82e', '5783cab4-e010-523b-b893-81b388f43d06', 183, 'unlisted', 'Split Push Blueprint', '{"Lorem ad nisi velit","amet","id laborum esse deserunt adipisi","mollit labore","duis tempor","fugiat adipisicing dolore sint","excepteur","anim dolor amet"}', DEFAULT, DEFAULT), ('1c5613fb-a627-5391-a9ff-0cc49d9b395b', '051188d3-54fa-59f4-adc8-b929fcb2c826', 186, 'unlisted', 'Early Game Dominance Guide', '{"ipsum sit","nisi consectetur","aute do pariatur tempor"}', DEFAULT, DEFAULT), ('69b55afa-a769-5eae-849b-0607118f6f38', '9584676f-0635-591a-a937-d230d9a3abf3', 187, 'public', 'Aggressive Rush Strategy', '{}', DEFAULT, DEFAULT), ('5653d3f7-e466-5b59-9cc7-02634d975655', 'cfbfd1d4-e77f-57e5-94da-e9ff2cc7a996', 190, 'unlisted', 'Wave Management Plan', '{}', DEFAULT, DEFAULT), ('11917a47-b89e-5663-8d37-049fe2bf5b34', 'a727f58e-5d42-555f-a07e-84196ea16b24', 182, 'unlisted', 'Late Game Scaling Strategy', '{"reprehenderit aliqua"}', DEFAULT, DEFAULT), ('c68ff46b-b1a9-581e-aa43-737e3b976580', '98bf31df-37fd-5af6-86dd-8686cdc35eeb', 183, 'unlisted', 'Objective Focused Strategy', '{"ex","est ad amet exercitation","eiusmod laboris dolor ea do"}', DEFAULT, DEFAULT), ('e8d13e33-32bc-5c1a-9371-8f828965d869', '7c1b7c00-d84e-5216-9c13-9544eccd96d4', 186, 'public', 'Early Game Dominance Guide', '{"tempor fugiat mollit et","in aliqua ea ex","minim occaecat eiusmod","irure consectetur","ullamco ut voluptate","laborum sint sunt","laboris adipisicing sit magna","laboris commodo sit"}', DEFAULT, DEFAULT), ('79cca71d-1dd7-5b78-9e31-229bb9872504', '86c76349-2501-5929-8ba9-7c7cbfe50a41', 184, 'public', 'Wave Management Plan', '{"incididunt magna sint adipisicin"}', DEFAULT, DEFAULT), ('cdf1b1e3-61cd-52e6-b86e-eec98ea71e23', '59558fa1-9cc0-5e85-a331-879d76e07f05', 188, 'private', 'Siege Tactics Handbook', '{"magna aliqua laboris irure","ea in eiusmod occaecat"}', DEFAULT, DEFAULT), ('98ea8abd-4f3f-5750-b436-afb8aa79fb82', 'b576de0c-954e-5345-a9e7-0d691c52341a', 187, 'private', 'Wave Management Plan', '{"qui et aute anim"}', DEFAULT, DEFAULT), ('bc227bd7-3214-5075-bca0-3f60046ac216', '21a7e579-98a3-5757-a0a8-913f2da95aba', 184, 'unlisted', 'Map Control Blueprint', '{"velit excepteur anim nisi","do deserunt id","sunt sunt","tempor tempor elit","qui anim","ea","mollit dolor occaecat nostrud au"}', DEFAULT, DEFAULT), ('8fd84214-96a6-5d6c-8437-0646145f15a1', '39da01f0-2195-5fc3-a74a-d12c26c902a3', 184, 'unlisted', 'Split Push Blueprint', '{"qui velit incididunt ea","proident","veniam sint cupidatat amet ea","cupidatat commodo excepteur exce","adipisicing exercitation amet pa","magna sunt excepteur","minim minim et","ea tempor pariatur exercitation","nostrud nisi","ea laborum fugiat fugiat"}', DEFAULT, DEFAULT), ('7b269807-4fdc-5847-8a5c-807ffa02f953', 'd2268e40-fa6d-5300-9f01-b7cc8f9018e3', 190, 'public', 'Aggressive Rush Strategy', '{"duis","labore"}', DEFAULT, DEFAULT), ('cf8258c4-f278-5c75-a944-c2bcba526ad4', 'd267e1b9-665d-5421-bb3b-be698dae48a8', 189, 'private', 'Objective Focused Strategy', '{"et labore","proident nisi sint","est","eiusmod ad elit","proident ex minim","adipisicing","nostrud esse irure sunt","veniam sit deserunt aute"}', DEFAULT, DEFAULT), ('2e51b4b0-68ac-5e21-94a2-b7afb1b16016', '472a7075-ea0f-5e44-b5c9-6ef12ccd3736', 183, 'unlisted', 'Objective Focused Strategy', '{"exercitation cupidatat","enim minim duis id","culpa","est velit pariatur pariatur","esse sunt proident magna proiden","mollit","id consectetur do","aute irure","elit"}', DEFAULT, DEFAULT), ('6e9d8d45-1d4b-5cdd-92c5-76194015ba99', '262a78c7-eb9d-5e1a-8e58-41ecb0c31fbd', 190, 'unlisted', 'Team Fight Execution Plan', '{"officia Lorem reprehenderit","excepteur in non","officia"}', DEFAULT, DEFAULT), ('fac7e894-3f38-5663-bc98-486c88732ea4', 'f52ce409-f800-5a86-b4ed-ce1a99a8a6ae', 189, 'public', 'Objective Focused Strategy', '{"labore fugiat","nisi fugiat duis nostrud esse","cupidatat Lorem","pariatur velit sint ad","ipsum magna","cillum amet ut ea ullamco","enim aute","voluptate tempor do ad","voluptate nulla","Lorem fugiat duis est"}', DEFAULT, DEFAULT), ('7d360079-2c18-5c6d-a1b8-85eb411ace3d', 'f6a7cc82-a609-50ee-a839-9fa8b1a9631d', 188, 'unlisted', 'Aggressive Rush Strategy', '{"et esse","dolore culpa","aliquip","enim qui ex"}', DEFAULT, DEFAULT), ('be194c18-6eee-5ff6-a117-608bade8a86e', 'd6d4ebe8-fe3c-5e62-98d8-e678f356450c', 187, 'private', 'Vision Control Blueprint', '{"fugiat sunt qui dolor aute","magna deserunt proident","exercitation esse voluptate","excepteur anim duis pariatur non","minim officia minim ad","anim ullamco","sit laboris eu","labore consectetur et","et excepteur"}', DEFAULT, DEFAULT), ('74297878-a21d-59b7-aced-265d4a9f30fa', '70b4d1da-5ee3-5bd6-aecb-9af8ab670b84', 190, 'public', 'Gank Heavy Approach', '{"minim","aliquip elit laboris ad qui","laborum ad esse cupidatat veniam","mollit enim sit","labore non esse esse","pariatur","do non quis","aliqua et","aute adipisicing labore","velit id velit"}', DEFAULT, DEFAULT), ('a0c5fdb3-1581-541b-b560-7473e0935643', 'ba4d6fef-111f-5ce5-883e-2b3880f373bf', 182, 'unlisted', 'Jungle Control Playbook', '{"sunt tempor officia reprehenderi","consequat non minim","duis dolor","fugiat","nulla nisi labore","dolore occaecat dolor exercitati","consequat officia voluptate adip","esse proident"}', DEFAULT, DEFAULT), ('5bf01130-69dd-5547-acc0-717bf1395fda', '9af6e0ef-7015-5390-856a-705032c2e40e', 190, 'unlisted', 'Vision Control Blueprint', '{"quis quis consectetur","commodo deserunt","laboris cupidatat"}', DEFAULT, DEFAULT), ('1e052062-4999-589c-af48-bc4a3df69d05', 'deab978c-4953-507c-b4fb-f509dd35f454', 188, 'private', 'Secure Objective Playbook', '{"laborum","dolor","adipisicing elit","adipisicing consectetur eiusmod","consequat excepteur enim"}', DEFAULT, DEFAULT), ('38b49ca8-b50c-5e98-af9e-9c3898d28f8f', 'f754848a-9cd5-551c-9bb4-aa81e33b42af', 189, 'private', 'Aggressive Rush Strategy', '{"exercitation et","enim duis incididunt ullamco","non laborum laborum voluptate pa","ullamco ex enim","excepteur enim ullamco","anim sunt est proident","pariatur quis nisi proident","exercitation magna est aliqua","cillum ex ad"}', DEFAULT, DEFAULT), ('9b261f2f-f0b0-57c3-9c3a-156a89bfc9aa', '3d4df0ce-5a7f-53e4-b486-95faf0a09720', 187, 'unlisted', 'Secure Objective Playbook', '{"enim commodo culpa cupidatat","laborum fugiat est in","qui id pariatur duis dolore"}', DEFAULT, DEFAULT), ('2d9d0644-e0d8-5f5d-84c2-071cd2c099ce', '1c40127d-ff75-5e7b-a8cb-0c9592423db2', 181, 'public', 'Defensive Turtle Tactics', '{"adipisicing pariatur dolore","ex ullamco","enim non","culpa culpa","quis ad aliqua","deserunt","proident mollit","est aliquip aliquip non"}', DEFAULT, DEFAULT), ('b8c7a039-d039-57f7-bd1e-253b05ef8c03', '097c4d8e-94d3-5fd3-94ca-7bbb66cf6929', 182, 'private', 'Vision Denial Blueprint', '{"eu adipisicing est","exercitation reprehenderit","laborum adipisicing magna dolor ","tempor Lorem veniam","dolor ex","ad elit","cillum et minim amet velit"}', DEFAULT, DEFAULT), ('110d19c8-9e0d-5f75-a721-b94eb9080526', 'd1b8f3f8-af26-5088-8712-273c28ba98f7', 182, 'private', 'Objective Focused Strategy', '{"nostrud laboris","adipisicing duis deserunt","magna consequat sit do","deserunt reprehenderit exercitat","pariatur nostrud","occaecat aliquip pariatur","officia exercitation ullamco cup","non eu elit","occaecat","incididunt est dolore"}', DEFAULT, DEFAULT), ('09923517-e55a-5deb-98cb-d64b27c0ab72', 'f52ce409-f800-5a86-b4ed-ce1a99a8a6ae', 189, 'unlisted', 'Baron Control Strategy', '{"reprehenderit fugiat","id magna sit","ad voluptate","qui","labore"}', DEFAULT, DEFAULT), ('e5bd85d5-1f62-5598-9176-4bfd393badbe', '8891aca3-b326-5a45-a77b-46ff3fd96d49', 184, 'public', 'Vision Denial Blueprint', '{"et id non nulla","labore voluptate sunt","velit","exercitation quis labore","nulla culpa"}', DEFAULT, DEFAULT), ('e8eb7547-d359-5d88-afb0-cca98349d023', '549980e7-3e77-5d76-b263-84664d04b209', 188, 'public', 'Counter Pick Blueprint', '{"officia dolore cupidatat volupta","proident","eu consectetur ipsum sint do","ex reprehenderit ea fugiat","tempor nostrud reprehenderit sit"}', DEFAULT, DEFAULT), ('0e4135c9-4c74-5717-9ee1-cbbb37873838', 'cf2e12ac-941e-5dbb-b044-ab0b13ab4af7', 190, 'public', 'Team Fight Execution Plan', '{"cillum magna consectetur ullamco","pariatur","et quis","commodo","sint id consequat cupidatat","eiusmod eu laborum qui","consectetur elit","incididunt"}', DEFAULT, DEFAULT), ('eb9d24ec-f15e-5e4f-870e-dd537efcd168', '3c0af99e-82a0-5346-8da5-2d2825b8a66d', 181, 'private', 'Counter Pick Blueprint', '{"eu enim nisi ullamco","incididunt pariatur","velit pariatur mollit culpa","nulla labore","excepteur voluptate Lorem occaec","exercitation commodo anim non","elit ea occaecat nulla"}', DEFAULT, DEFAULT), ('688a2e3c-848e-5787-bd83-705a15229924', '7c0f6282-7933-5431-8e88-9d2b9f09f272', 183, 'unlisted', 'Counter Pick Blueprint', '{"reprehenderit voluptate mollit e","enim reprehenderit velit eu","consequat anim deserunt"}', DEFAULT, DEFAULT), ('a042a037-2e40-50ce-ae48-3f063c3067bb', '88514f78-7770-5bc2-96a4-f0f4ebcab4a4', 188, 'unlisted', 'Roaming Support Plan', '{"et","incididunt reprehenderit dolor s","pariatur","consequat","qui esse in nostrud aute","minim minim"}', DEFAULT, DEFAULT), ('cb4eaa5a-1f18-571e-9566-4c1753ad9134', '86c76349-2501-5929-8ba9-7c7cbfe50a41', 184, 'private', 'Vision Control Blueprint', '{"est sit duis cupidatat","laboris ad occaecat","occaecat nulla pariatur","culpa minim sint"}', DEFAULT, DEFAULT), ('2076216c-1b19-5f7f-b10d-db3cae2b4567', 'eff6dde6-e4aa-5c61-9818-5d7ae0bf58b7', 184, 'private', 'Defensive Turtle Tactics', '{"est non adipisicing proident","consequat laboris","quis laborum","excepteur sint Lorem","non magna","fugiat deserunt pariatur"}', DEFAULT, DEFAULT), ('a0bd7980-cac4-5ded-adc5-004548282723', '8b474939-245b-5ed9-b06a-21432e2b9115', 182, 'unlisted', 'Vision Control Blueprint', '{"aliquip nisi ad","culpa occaecat labore","duis","sunt id eiusmod","esse laboris irure","magna magna veniam","in laboris officia pariatur","mollit ullamco nisi ullamco dolo","quis aliquip sint ipsum"}', DEFAULT, DEFAULT), ('e94657cc-5d4a-53ce-8902-19b99712c3c6', '94daea14-9b93-5933-9044-5ccc1eb32f8f', 182, 'unlisted', 'Vision Control Blueprint', '{"fugiat do non","amet cillum adipisicing consequa","fugiat magna","tempor ullamco id","do","occaecat sunt ea ex","ad dolore enim elit","exercitation deserunt velit nost"}', DEFAULT, DEFAULT), ('cdee6d23-791e-5a74-aba4-6e6c1b3863e7', 'c34db444-6019-5242-8b27-a0e6d1f129be', 184, 'unlisted', 'Baron Control Strategy', '{"laborum nisi ullamco","adipisicing est proident eu","ullamco","minim officia dolore","tempor sint excepteur","Lorem ex","aliquip est id"}', DEFAULT, DEFAULT), ('d5a4641d-8cbb-5fd0-89e3-ac12979b690c', 'f057746f-990e-5e0f-ba59-b833ef7e39fc', 184, 'unlisted', 'Secure Objective Playbook', '{"in ex mollit occaecat"}', DEFAULT, DEFAULT), ('ab58f5b2-4308-5685-a477-a4b54637b2a0', '88514f78-7770-5bc2-96a4-f0f4ebcab4a4', 181, 'unlisted', 'Roaming Support Plan', '{"velit laboris","quis excepteur in culpa","cupidatat tempor sit","ad","do ea ipsum","ullamco","aliquip","in duis","magna consectetur quis"}', DEFAULT, DEFAULT), ('025da8e7-6d47-53be-9689-b0604284733b', '8b8c6b35-a8b5-5445-b616-82b510da1ef3', 188, 'unlisted', 'Gank Heavy Approach', '{"exercitation id","ipsum do culpa adipisicing","culpa ex esse excepteur"}', DEFAULT, DEFAULT), ('cfc01e92-0e9c-5f58-b116-ac73af2ff344', '8fe11c61-64ee-5a54-8048-b7d0a6d485e2', 189, 'private', 'Baron Control Strategy', '{"esse","ad ad","proident adipisicing eiusmod ut","officia laborum laborum pariatur","duis aliqua minim ipsum","Lorem ut"}', DEFAULT, DEFAULT), ('6c7a0737-5d09-56f1-9a60-9ca811b68d40', '3af5be38-b117-5675-8d7a-e27a1a34e8a8', 186, 'public', 'Late Game Scaling Strategy', '{"nulla et ea","Lorem fugiat velit veniam","est commodo fugiat reprehenderit"}', DEFAULT, DEFAULT), ('b74b781d-f3ca-5ce2-a262-c20f23455d05', 'f46ce5c6-3097-5b5d-8213-37b749a8664f', 181, 'private', 'Team Fight Execution Plan', '{"amet magna mollit quis","officia amet ut exercitation","ullamco exercitation consectetur","cupidatat magna ut sunt culpa","duis nisi pariatur","incididunt veniam incididunt","duis aute veniam amet","sunt deserunt eu eu","duis magna veniam"}', DEFAULT, DEFAULT), ('ae76c1cf-66c9-5bf7-8fc8-d1e1260ab8bd', '9b2e3c4a-e74e-5c6c-9f51-0f7750edaa74', 184, 'public', 'Jungle Control Playbook', '{"voluptate eiusmod","enim veniam officia incididunt","Lorem occaecat tempor","deserunt deserunt","adipisicing proident in","do incididunt et","commodo anim duis","sunt laboris exercitation dolore","esse ex anim"}', DEFAULT, DEFAULT), ('3267d96d-4a33-5c13-9ef8-eb9652f76262', 'ab07c47c-511a-5092-acb9-cbf862e0076b', 185, 'public', 'Late Game Scaling Strategy', '{"ad irure nulla aliqua","sint tempor laboris","pariatur amet ut culpa officia","deserunt ut non proident","incididunt do officia sint amet"}', DEFAULT, DEFAULT), ('272ce823-3f81-5671-93a8-93655178aa67', 'cd42da7d-ec75-53b3-9aad-015766f58921', 189, 'unlisted', 'Counter Pick Blueprint', '{"velit aliqua ut qui duis","cupidatat adipisicing pariatur","quis fugiat sit","ullamco et laborum","quis ullamco"}', DEFAULT, DEFAULT), ('0cd365ac-6479-5889-b532-b02ce5d93b9f', '5e5a298d-faa5-525e-b761-9586e7925c91', 181, 'unlisted', 'Wave Management Plan', '{"do ad est culpa","aliqua pariatur aliqua dolor ess","est labore velit","ad proident","occaecat aliquip","Lorem","ex proident Lorem","amet culpa","ut"}', DEFAULT, DEFAULT), ('d1c31a1f-140d-5b01-95f7-3fc15003186c', '404e076e-a943-52e4-a2ce-10591a9caa1f', 182, 'public', 'Baron Control Strategy', '{"sit Lorem deserunt eiusmod"}', DEFAULT, DEFAULT), ('139e14ed-bbf1-5d48-a6cc-84c72c891164', '5034bc4f-306f-5e76-8ef2-99198efc3a69', 184, 'unlisted', 'Jungle Control Playbook', '{"irure excepteur exercitation dol","occaecat pariatur","mollit consequat excepteur nisi","adipisicing velit Lorem nisi","cupidatat veniam nisi","tempor consectetur elit pariatur","occaecat quis ea excepteur","id","id velit","amet"}', DEFAULT, DEFAULT), ('586f1ac8-f524-5f8c-88e2-184c02d5ef6d', '63e38d08-3dd9-5569-ab28-f70e94b3cdb7', 190, 'private', 'Aggressive Rush Strategy', '{"officia exercitation esse","laboris culpa enim","labore sit nisi reprehenderit el","dolor Lorem","proident","amet aliquip exercitation","culpa","esse","est fugiat","ea sit"}', DEFAULT, DEFAULT), ('62075432-2441-5ae8-a3d3-0c53f1490707', 'fc295a44-56fb-5a65-beee-66fd6554ae26', 186, 'public', 'Vision Denial Blueprint', '{"incididunt ea","dolor dolore officia"}', DEFAULT, DEFAULT), ('7e2a3012-f429-5959-8e79-e27f888f9ce7', 'bbcbd7eb-4377-550e-af45-f77d693d98fe', 183, 'public', 'Baron Control Strategy', '{"pariatur do"}', DEFAULT, DEFAULT), ('b8821e56-73f0-54d5-b485-728d64492250', '9b1fc781-1e4e-56d2-bd68-0dc257a319c0', 183, 'private', 'Gank Heavy Approach', '{"deserunt anim","culpa dolor","sint aute culpa consequat","exercitation excepteur aute inci","non ex sunt","est incididunt","laborum amet","proident irure","elit fugiat eiusmod","velit sunt"}', DEFAULT, DEFAULT), ('41c6ea7f-18a9-55e6-b2ba-f0f4f40a17bf', 'ad1bbcac-cdbb-551f-b25a-b14b40074515', 183, 'unlisted', 'Siege Tactics Handbook', '{"qui eiusmod Lorem","non labore","do ea officia","cillum non sit in","anim nisi","excepteur do nisi aliqua","dolore nostrud magna"}', DEFAULT, DEFAULT), ('6071eb55-6bca-516b-b2e7-cdcdc70b2f27', 'f457d7a7-01f9-5225-b07a-0e782525bbc7', 184, 'private', 'Rotation Strategy Document', '{"consectetur elit consectetur","ad","dolore nisi ut aliqua","laboris irure non","labore consectetur irure cupidat"}', DEFAULT, DEFAULT), ('d7cdb9d2-07a6-5208-bc43-84429587c78d', 'cda3814f-c14d-5dcf-a835-797df84f6d99', 184, 'private', 'Gank Heavy Approach', '{"fugiat dolore nulla","sit amet ad ut duis","aliqua ad sunt in","mollit culpa","cupidatat esse"}', DEFAULT, DEFAULT), ('edba76b8-16c2-5d65-8407-7c8846b18c8d', '3c6d504a-3b43-5117-a71b-e844b07b3920', 189, 'private', 'Defensive Turtle Tactics', '{"mollit voluptate in","ex","aliquip excepteur voluptate labo","sit qui pariatur","adipisicing dolor","amet cillum","ut exercitation","aute anim laboris"}', DEFAULT, DEFAULT), ('4961b154-685f-5c2d-b1f1-598100239ea4', 'db9f2a26-569b-5431-9216-bcd2cf256bbd', 182, 'public', 'Early Game Dominance Guide', '{}', DEFAULT, DEFAULT), ('81b648c1-576c-5086-ba4f-2125060d9cf0', 'b88b1af1-79fe-5af5-9c91-0c77ed20973b', 186, 'unlisted', 'Siege Tactics Handbook', '{"adipisicing ad ad dolore velit","quis magna","ea sit","excepteur","qui veniam exercitation sunt","ea","aute pariatur laboris in in"}', DEFAULT, DEFAULT), ('edcc20e9-95a3-50eb-b84c-a2ac5801dd1f', 'f46ce5c6-3097-5b5d-8213-37b749a8664f', 187, 'private', 'Objective Focused Strategy', '{"reprehenderit deserunt","ex","consequat cillum ad","excepteur ad","tempor elit","aute aliqua in pariatur","Lorem ut magna","commodo anim cupidatat nisi","reprehenderit mollit"}', DEFAULT, DEFAULT), ('0f7963e1-2931-5603-b1f8-5f29e095a36f', '28a1ca86-fc34-5d5b-bda6-792b581f58de', 188, 'private', 'Aggressive Rush Strategy', '{"irure elit minim","laborum ullamco dolore id eiusmo"}', DEFAULT, DEFAULT), ('d90cf80e-490d-5c8c-85cc-9c761060fca5', '7c0f6282-7933-5431-8e88-9d2b9f09f272', 189, 'public', 'Defensive Turtle Tactics', '{"aliquip mollit velit anim sint","do elit","cupidatat duis","non proident pariatur","cillum duis Lorem labore cillum","minim proident est et qui"}', DEFAULT, DEFAULT), ('84a00f8f-8f65-512e-a89a-396ebb944774', '5cdb9712-16b6-532e-9cc7-8cf7dfbe9b6b', 190, 'unlisted', 'Counter Pick Blueprint', '{"et","ad culpa Lorem","labore excepteur","officia laboris","culpa enim"}', DEFAULT, DEFAULT), ('24530daa-18f4-5736-824e-740b98d86f84', 'c7198a1e-f50c-5635-a5bf-2073d4da7bc6', 188, 'public', 'Objective Focused Strategy', '{"ut elit est velit","dolor eiusmod","consequat nulla veniam amet","reprehenderit sunt in laboris ni","occaecat labore cupidatat aliqua","tempor minim","magna cupidatat sint adipisicing","id incididunt","qui laboris"}', DEFAULT, DEFAULT), ('cef44dbb-01f1-53f9-a51f-bce20b8c9729', '22052ce5-2628-54da-93cf-dce3c06b547a', 185, 'private', 'Gank Heavy Approach', '{"labore est","laborum adipisicing occaecat pro","deserunt irure","anim veniam quis"}', DEFAULT, DEFAULT), ('2f432e43-c578-5d3f-a9f6-658650551fe1', '80e684c5-9f07-5388-b150-556bc24cb77f', 187, 'public', 'Vision Denial Blueprint', '{"aliquip consectetur proident ut","commodo nisi","voluptate"}', DEFAULT, DEFAULT), ('9e0ad23d-bafe-536b-a992-47ea353cf3b5', '5531f3c9-2ccc-59e8-86e8-da1800808ec2', 189, 'unlisted', 'Gank Heavy Approach', '{"esse commodo id ex","irure fugiat adipisicing","magna","ad labore","cupidatat cupidatat","enim adipisicing nostrud nisi ex"}', DEFAULT, DEFAULT), ('ba4f3542-9d48-574a-8df6-823d78106037', '95f6e66b-0348-54f6-ae25-2030a33390b2', 185, 'public', 'Defensive Turtle Tactics', '{"exercitation","cillum duis ipsum"}', DEFAULT, DEFAULT), ('d5920fa6-848e-5195-b671-9577ccf74a26', 'd9bba68a-079c-5141-bd43-756b87167584', 187, 'public', 'Roaming Support Plan', '{"aliqua dolor id","culpa minim sunt excepteur","dolore id do"}', DEFAULT, DEFAULT), ('60e1ec45-4b3f-5cd2-b9e9-a6fd50c32391', '2f76c526-de17-58f1-a75e-aee239f7ed57', 190, 'public', 'Vision Denial Blueprint', '{"in","nisi culpa qui","nostrud magna excepteur ad dolor","irure","ullamco"}', DEFAULT, DEFAULT), ('4152396c-eaf9-5aeb-9b7d-6c26ad4d722c', 'a69d43fa-2222-5203-b590-140e62599451', 188, 'unlisted', 'Defensive Turtle Tactics', '{"ea et nulla culpa","pariatur","est dolor ex ullamco"}', DEFAULT, DEFAULT), ('82c66b9e-374b-5deb-960b-0b761f066806', 'd0b9d9c2-bfa2-53be-a46d-d6aceafcbc2d', 186, 'public', 'Late Game Scaling Strategy', '{"incididunt laboris Lorem","id ut"}', DEFAULT, DEFAULT), ('cb1a8444-be9e-581c-8a1e-9f0d5870d484', '6f98547a-4734-5cb4-82a1-cf5fc4e37c8d', 181, 'public', 'Wave Management Plan', '{"reprehenderit cupidatat","occaecat proident laborum eiusmo","amet elit ea","sunt labore","sit elit enim consectetur","aute ipsum","tempor irure elit","laborum est occaecat esse","qui ad"}', DEFAULT, DEFAULT), ('b4086fbf-8b55-5b20-af96-270e53efd260', '808bd15b-fc3e-5378-a895-35c8b3e388f6', 187, 'unlisted', 'Siege Tactics Handbook', '{"nisi","commodo Lorem","esse qui adipisicing","adipisicing deserunt"}', DEFAULT, DEFAULT), ('7dc2a385-02fd-5e9e-8ca3-480d310ce988', 'fa904169-96b2-5473-b48d-c7f225d6dfb3', 182, 'unlisted', 'Late Game Scaling Strategy', '{"proident aute","do esse excepteur"}', DEFAULT, DEFAULT), ('bd010a0a-cb39-59ee-8218-e7f775ac9a01', 'ee198d66-a798-52a5-8b79-9931f7b835e3', 188, 'private', 'Counter Pick Blueprint', '{"occaecat mollit magna officia","pariatur aliqua est"}', DEFAULT, DEFAULT), ('eb100a5e-fbbc-5189-b323-e08ca1ddf4b2', '21a7e579-98a3-5757-a0a8-913f2da95aba', 187, 'public', 'Map Control Blueprint', '{"voluptate Lorem magna","occaecat occaecat ex amet","proident nostrud","eiusmod proident magna sit esse","aliquip dolore","exercitation voluptate quis","ut id esse elit nisi","nostrud","adipisicing sunt id","dolor do"}', DEFAULT, DEFAULT), ('e43c6b3b-10fe-54f2-a09c-2f23976dbe42', '31ac52db-fa89-5177-b667-1cf6526a929a', 183, 'public', 'Counter Pick Blueprint', '{"deserunt","sunt labore incididunt","anim","aute sit","occaecat","aute esse","eiusmod Lorem aliqua nostrud sit"}', DEFAULT, DEFAULT), ('145f2d17-d2b0-59ee-98c0-d8b6d6c741cd', 'eeba85da-b4f7-5195-887e-28b7dc8a5236', 185, 'unlisted', 'Wave Management Plan', '{"non sit minim ex","dolor qui ullamco"}', DEFAULT, DEFAULT), ('27b7fc92-c399-5aec-bc43-ea4a7d41c984', '54473828-0225-5307-b53c-7a0fc46ac63c', 187, 'unlisted', 'Gank Heavy Approach', '{"aute exercitation deserunt","ipsum est consequat","elit adipisicing incididunt"}', DEFAULT, DEFAULT), ('16e13bc2-bae9-5a1b-a23b-7f2503b73a03', '5783cab4-e010-523b-b893-81b388f43d06', 185, 'private', 'Baron Control Strategy', '{"adipisicing irure","sint minim exercitation","excepteur ex consectetur"}', DEFAULT, DEFAULT), ('fb9a721d-7da1-577d-a721-ae00139d250b', '3204ce32-7c5b-5953-969e-fe1d17de6e76', 189, 'unlisted', 'Aggressive Rush Strategy', '{"mollit velit","aliquip ut Lorem","velit duis exercitation in","esse laborum eiusmod amet","Lorem","et nisi nostrud"}', DEFAULT, DEFAULT), ('8514b549-2321-5223-bcae-362fbfc61c61', '3af5be38-b117-5675-8d7a-e27a1a34e8a8', 181, 'private', 'Split Push Blueprint', '{"et laboris","laborum"}', DEFAULT, DEFAULT), ('8d222d98-29f0-5123-b99d-cc9f19493b20', 'a3df44c1-25a3-5190-a8bc-004597063afc', 188, 'public', 'Aggressive Rush Strategy', '{"laborum","consequat amet aliquip id"}', DEFAULT, DEFAULT), ('5ba895cd-4107-5c9d-a9cb-bd2d24899776', 'b5605791-3389-56c2-9ec6-17d538b9bb85', 187, 'private', 'Vision Denial Blueprint', '{"ut est incididunt","minim quis anim","non reprehenderit","fugiat qui sunt irure","Lorem incididunt sunt","qui esse eu eiusmod proident","occaecat aute nisi","deserunt commodo est excepteur"}', DEFAULT, DEFAULT), ('73b23aba-b5e2-5b24-b442-00922b22f275', '94daea14-9b93-5933-9044-5ccc1eb32f8f', 184, 'private', 'Jungle Control Playbook', '{"amet","id velit esse excepteur"}', DEFAULT, DEFAULT), ('0e1a0168-a26a-5feb-9c91-7bd40d62afcc', 'd297ab9e-40d4-51b5-bb8f-a1df399f1a9a', 187, 'private', 'Map Control Blueprint', '{"quis duis","elit labore cupidatat","magna sint","nisi voluptate dolore","esse","exercitation irure culpa enim su"}', DEFAULT, DEFAULT), ('9348bed0-a52a-59cd-98df-ed8ab48ba4f7', '3d4df0ce-5a7f-53e4-b486-95faf0a09720', 186, 'private', 'Defensive Turtle Tactics', '{"aute aliquip","deserunt","in cillum culpa occaecat exercit","aute non sit culpa","ea veniam commodo cupidatat","commodo in","commodo pariatur"}', DEFAULT, DEFAULT), ('1507f034-16ba-5219-b927-72f72394b9da', '6653ef95-0532-561d-a71b-05f5c1bc302b', 190, 'unlisted', 'Wave Management Plan', '{"ad eu duis","duis ad adipisicing ea ullamco","velit ut do aute mollit","et deserunt qui","ex culpa anim anim ex","sint"}', DEFAULT, DEFAULT), ('3d6517ba-6968-54c9-9934-5dca00f20f48', '95c65795-b9a1-572f-87ae-6fa70b020fbb', 188, 'private', 'Defensive Turtle Tactics', '{"voluptate nostrud deserunt aliqu","id exercitation occaecat irure i","dolore quis do aute irure","laboris anim et id","irure nulla cupidatat","amet"}', DEFAULT, DEFAULT), ('253eb1a7-6466-5751-bb80-ba728a9d5688', 'c6add04b-f7fe-5a4a-99c2-280079fffcdb', 190, 'public', 'Split Push Blueprint', '{"do Lorem dolore","elit irure elit ad consectetur","cupidatat dolor et et eu"}', DEFAULT, DEFAULT), ('84afba7a-f643-5519-b420-54d83f591e9d', 'd0b9d9c2-bfa2-53be-a46d-d6aceafcbc2d', 185, 'unlisted', 'Roaming Support Plan', '{"anim deserunt","in irure mollit ipsum"}', DEFAULT, DEFAULT), ('59b35be9-9d21-5b79-8875-4954a08d7239', 'af85f96c-efbd-584c-bdd4-26c4e2f3e556', 185, 'public', 'Late Game Scaling Strategy', '{"adipisicing aliqua","ipsum anim","voluptate reprehenderit ad cupid","Lorem exercitation amet","anim","nostrud eiusmod"}', DEFAULT, DEFAULT), ('b3ff9604-63d2-533f-8bbb-d5f0486381ad', 'eda91f04-12ef-5904-88aa-e6ed9a692e03', 185, 'unlisted', 'Rotation Strategy Document', '{"incididunt sunt","magna in","labore consequat nostrud ex","sunt esse veniam excepteur","fugiat non cillum esse","ad culpa pariatur","exercitation irure officia amet","ipsum laboris","quis amet voluptate magna","cupidatat proident consequat cup"}', DEFAULT, DEFAULT), ('bcc899da-7629-5e0e-b560-5f5f6e7060e1', '9584676f-0635-591a-a937-d230d9a3abf3', 189, 'private', 'Counter Pick Blueprint', '{"cupidatat et minim","sint voluptate ex ea","ut incididunt nulla veniam","esse esse","do","laboris","amet pariatur","dolore officia proident quis","ullamco ad","officia ex"}', DEFAULT, DEFAULT), ('96dbca51-d731-5e2c-a3d4-62e8f0faa072', 'f8fbdff1-11b4-54fa-ab90-292d82d3d353', 185, 'unlisted', 'Map Control Blueprint', '{"minim ullamco et officia aute"}', DEFAULT, DEFAULT), ('fc633e1f-14b8-590b-a0ba-c22147aaeeb4', 'd35ecca3-ac35-5e28-8e7e-6a25de908d18', 186, 'private', 'Secure Objective Playbook', '{"dolor reprehenderit sint pariatu","ut","aliqua non officia duis","deserunt cupidatat","quis nulla sint","voluptate qui","pariatur"}', DEFAULT, DEFAULT), ('49af1081-9f3e-5569-af2e-1029eb808baf', '5034bc4f-306f-5e76-8ef2-99198efc3a69', 184, 'public', 'Late Game Scaling Strategy', '{"pariatur do adipisicing ad","commodo","Lorem","laborum","voluptate ut reprehenderit","est cupidatat laborum","Lorem eu quis","est duis est laboris aliqua","eiusmod deserunt"}', DEFAULT, DEFAULT), ('28c7fcd5-dc0b-528f-92f0-3e19e7b94b50', '897e7fb9-bd9c-59e3-afc7-d1c31ec7ef34', 189, 'public', 'Gank Heavy Approach', '{"sit aliquip laboris deserunt vel","nostrud veniam dolor voluptate","quis commodo minim","dolore deserunt adipisicing fugi","minim id aliqua mollit","eu"}', DEFAULT, DEFAULT), ('38780d0a-620c-5420-b84b-aa917e5db8c1', '2daf5548-f681-577a-9912-670e1304b2ad', 181, 'unlisted', 'Aggressive Rush Strategy', '{}', DEFAULT, DEFAULT), ('535c1e86-4fb0-59ea-8076-b54244994b61', '9a2c5b91-3c65-50ae-8188-68db1f1edfc4', 186, 'unlisted', 'Split Push Blueprint', '{"aliqua nulla sint","pariatur ipsum laboris","non commodo labore","officia ex enim occaecat","qui veniam amet","do"}', DEFAULT, DEFAULT), ('5e181f1c-b93c-59a3-a161-c4d4e29f775e', '3b3a2ed4-3283-5a09-84d9-c7de876d5510', 184, 'unlisted', 'Secure Objective Playbook', '{"consequat non id","velit irure nostrud dolore"}', DEFAULT, DEFAULT), ('0cd34502-daee-52d8-b8a4-7aa032065e8a', '31bb49e9-e86d-546a-9e01-6986e5eacf06', 182, 'public', 'Objective Focused Strategy', '{}', DEFAULT, DEFAULT), ('6c9b6808-e737-5f8f-b196-93c0598b34b9', '404e076e-a943-52e4-a2ce-10591a9caa1f', 187, 'public', 'Roaming Support Plan', '{"enim cillum commodo et duis","ea commodo amet","enim sunt cupidatat excepteur","ea exercitation velit veniam","voluptate","anim magna","qui officia","et cupidatat amet labore","culpa consequat","sint qui"}', DEFAULT, DEFAULT), ('f498173a-b4a1-5b37-ad0b-67596b4fe0ac', 'e7220451-be7e-505e-a9bf-ee44e4532e06', 188, 'unlisted', 'Siege Tactics Handbook', '{"anim sunt","amet adipisicing sit","irure ex eu ipsum cillum","duis laboris","enim eu","adipisicing aliquip","dolore quis in veniam qui","ullamco qui qui minim","elit consectetur aliqua nostrud ","laborum ipsum"}', DEFAULT, DEFAULT), ('b0d542cd-fe80-5cad-9bd6-a81d0ed1c2f4', '3204ce32-7c5b-5953-969e-fe1d17de6e76', 188, 'unlisted', 'Vision Control Blueprint', '{"fugiat nulla reprehenderit","quis","labore"}', DEFAULT, DEFAULT), ('cd506b7e-0f7c-526c-b650-bb799376c313', 'c9f9ed6b-3ed1-5d46-9201-51000bdf47fa', 182, 'unlisted', 'Gank Heavy Approach', '{"et minim ex","fugiat dolore dolore ad cillum","reprehenderit non aliquip","irure aliquip irure cillum","aliquip culpa","proident laboris magna incididun","ullamco occaecat deserunt","minim"}', DEFAULT, DEFAULT), ('d625f518-4ec3-51e2-95c0-6cf965668d68', '6843e0c5-7d9d-55cf-a335-436ba5672a4d', 188, 'public', 'Wave Management Plan', '{"non sint","enim","eu aliquip","exercitation","consectetur consectetur labore d","minim ea officia","tempor"}', DEFAULT, DEFAULT), ('66b76653-1cc5-50ef-a109-c059c945f253', '02a341a2-35a0-5fbc-a1f4-aa8b42aa4b51', 189, 'private', 'Team Fight Execution Plan', '{"enim duis","veniam non tempor ut aliqua","qui elit","reprehenderit Lorem ea"}', DEFAULT, DEFAULT), ('a6dbcc80-e965-5682-9448-6a65a83787b3', '2190cc4c-2cc5-5f9f-983d-55f70f31e468', 181, 'public', 'Roaming Support Plan', '{"in aliquip id aute veniam","cupidatat","mollit","culpa sit reprehenderit","esse labore elit officia ullamco","qui"}', DEFAULT, DEFAULT), ('c4d9fc37-aa2c-5cf4-8cef-779723958882', 'f0a85f4d-7257-5b6a-888d-8ed616480c13', 189, 'unlisted', 'Vision Control Blueprint', '{"sint ut qui consectetur irure","cupidatat","reprehenderit aute fugiat laboru","elit occaecat ad deserunt et","ex"}', DEFAULT, DEFAULT), ('cbdcc83c-77a1-5d75-ace8-183321930672', '6de5d1f5-e767-54ae-ad7a-c52af47251f6', 183, 'private', 'Map Control Blueprint', '{"in mollit et"}', DEFAULT, DEFAULT), ('46b593cf-05b9-5316-ba74-ef4cf062dcc9', '02a341a2-35a0-5fbc-a1f4-aa8b42aa4b51', 185, 'unlisted', 'Vision Control Blueprint', '{"in cupidatat veniam","eu tempor minim aute ex","culpa commodo adipisicing duis","ex magna adipisicing","aliqua eu in"}', DEFAULT, DEFAULT), ('1770dbe6-c529-520b-a36c-454b023ccb2c', '7cb09c84-7471-599f-bae0-90d61a321390', 186, 'public', 'Roaming Support Plan', '{"est elit ipsum duis","voluptate","non"}', DEFAULT, DEFAULT), ('65973815-006c-531b-b69f-bd5d086f7786', '72d3531d-c972-50b3-9ba4-89c7e7226754', 188, 'unlisted', 'Wave Management Plan', '{"Lorem dolore magna proident","sit et","laborum dolor"}', DEFAULT, DEFAULT), ('0cd413aa-1a82-5832-9edb-17fd5c059a41', '6fc34c52-742f-56c2-b6c3-89dee63a8839', 190, 'private', 'Vision Denial Blueprint', '{"irure do sunt","dolor officia consequat"}', DEFAULT, DEFAULT), ('5153bc7b-cd04-5c5e-83e9-7b7a5a1390e6', 'af5fa9a8-f7df-5a87-830c-3e8d39f06eae', 184, 'public', 'Roaming Support Plan', '{"ea culpa exercitation","eiusmod duis irure commodo","voluptate","magna laboris cillum","duis in ea et","Lorem ad","eu velit aliquip est","sit","enim consectetur"}', DEFAULT, DEFAULT), ('bd276dfa-2ddb-52c7-9feb-6d2cc281335e', 'fbbb9719-f3d1-5ce2-b584-4b70bf5bb135', 182, 'private', 'Map Control Blueprint', '{"reprehenderit","minim amet occaecat incididunt","ad adipisicing","velit mollit minim","ipsum est cillum Lorem","esse eu quis dolor","tempor incididunt voluptate","consequat veniam","enim excepteur fugiat cupidatat","Lorem commodo nulla"}', DEFAULT, DEFAULT), ('12cafb5f-6adc-5f24-a738-9455dde3eb2a', 'ac9f0e3e-b030-584f-a8dd-87355fe22537', 182, 'public', 'Wave Management Plan', '{"do labore","adipisicing amet ad nulla","in fugiat","ad","nulla","laborum proident officia reprehe","non minim","ad commodo sunt laborum amet","cillum exercitation"}', DEFAULT, DEFAULT), ('e017f166-fa51-5fb5-af86-6fc41cad9674', 'e9de49c7-7c1c-5c70-9aad-96d6727706e4', 182, 'private', 'Secure Objective Playbook', '{"commodo fugiat est","excepteur esse"}', DEFAULT, DEFAULT), ('544f27bb-a8e9-5b6b-8ec7-f1cfe91406e2', '644bfc5c-cf27-5d76-8355-4e4c8d73061f', 185, 'public', 'Wave Management Plan', '{"eiusmod cillum Lorem laborum","adipisicing","occaecat sit","id et qui","eu occaecat ad","cillum","ut minim duis duis","consequat amet labore quis","duis nostrud magna duis"}', DEFAULT, DEFAULT), ('a704d0a7-ee9e-5aa5-bba9-aff3556d41a2', '9af6e0ef-7015-5390-856a-705032c2e40e', 185, 'private', 'Wave Management Plan', '{}', DEFAULT, DEFAULT), ('a758f3b0-169f-56a9-80db-acb9f3972464', '72d447b0-a4fa-5de7-bb4c-9ff5f169dfea', 182, 'public', 'Defensive Turtle Tactics', '{"elit Lorem fugiat","eu deserunt ad","deserunt deserunt exercitation d"}', DEFAULT, DEFAULT), ('1ebb07c2-9cc9-56df-b9e3-71837bafdca1', '7cb09c84-7471-599f-bae0-90d61a321390', 185, 'unlisted', 'Early Game Dominance Guide', '{"eiusmod laboris","esse reprehenderit est est","magna","sint fugiat mollit proident","culpa sint","dolor aliqua"}', DEFAULT, DEFAULT), ('217c4ba5-3ca5-503f-8fcd-2cf91341f163', 'd6d652bf-48a5-5a85-a95d-16c25edc5397', 189, 'public', 'Vision Control Blueprint', '{"irure velit irure aliqua magna","adipisicing elit","officia enim"}', DEFAULT, DEFAULT), ('63c64b00-d130-5928-b403-258ebdb17248', 'ee198d66-a798-52a5-8b79-9931f7b835e3', 189, 'private', 'Early Game Dominance Guide', '{}', DEFAULT, DEFAULT), ('0deb1a0e-8f26-576f-af23-e26ef824ea0b', '59558fa1-9cc0-5e85-a331-879d76e07f05', 190, 'unlisted', 'Split Push Blueprint', '{"nulla pariatur ullamco irure aut","non in nostrud","deserunt aliquip amet"}', DEFAULT, DEFAULT), ('924718ca-0525-5af0-b71a-2560f2cc09a0', '5f651c76-ceba-56db-bd60-512d4079ec53', 188, 'public', 'Map Control Blueprint', '{"incididunt qui amet ipsum ex","aute Lorem qui et incididunt","reprehenderit consectetur amet m","labore tempor enim","deserunt","mollit commodo aliquip","pariatur sit","culpa sit","eu irure laborum cupidatat"}', DEFAULT, DEFAULT), ('877842c0-f0dc-575b-a7ad-30915aaaeebe', '7c1b7c00-d84e-5216-9c13-9544eccd96d4', 182, 'private', 'Secure Objective Playbook', '{"id"}', DEFAULT, DEFAULT), ('ebce0b2a-b558-5f18-bddc-2af385fe3118', 'a78f49ae-5f15-5b14-baf5-6abdb727fcc1', 185, 'unlisted', 'Baron Control Strategy', '{"veniam voluptate aliquip","proident duis ex reprehenderit","enim"}', DEFAULT, DEFAULT), ('67f00577-22b1-541a-b8eb-43f4241ec322', '3c0af99e-82a0-5346-8da5-2d2825b8a66d', 182, 'private', 'Objective Focused Strategy', '{"cupidatat occaecat sint sit","cupidatat","cillum mollit ea in","ipsum incididunt id ullamco cons","eu incididunt aliqua laborum nis","est duis aliqua mollit","esse irure consequat consequat","esse irure irure","esse adipisicing irure eu nostru"}', DEFAULT, DEFAULT), ('5c1d9b7d-9f54-545c-ae19-f60dd5ff1d25', 'ca65e33b-de71-5d46-933a-849036127987', 183, 'unlisted', 'Aggressive Rush Strategy', '{"veniam do aliquip","minim eu tempor in","laborum culpa","aliquip labore fugiat","incididunt amet","elit sit","nostrud excepteur sunt in ad","quis cupidatat excepteur non","elit est"}', DEFAULT, DEFAULT), ('339c2395-3fcf-5f3b-90ec-90611b01fa37', 'f7f33f5b-7e02-5784-9db2-ed2995544a54', 185, 'public', 'Early Game Dominance Guide', '{"culpa eu qui"}', DEFAULT, DEFAULT), ('3e26da35-99ab-5fee-95a6-ca3120af490b', '5b303ef1-7516-512a-ba01-9f0dc05d7d2a', 189, 'unlisted', 'Vision Control Blueprint', '{"sunt dolor culpa occaecat","sit et sint ipsum","eu","est qui excepteur enim sunt","commodo occaecat nisi exercitati","non"}', DEFAULT, DEFAULT), ('540a4921-798c-58f1-8dda-fbb9b912bb43', '225b2186-bb16-5b0a-b7be-47fd3c5a5cf9', 190, 'unlisted', 'Vision Denial Blueprint', '{"commodo pariatur exercitation","dolor"}', DEFAULT, DEFAULT), ('81b847bf-bc05-538e-bdc5-721f48634b78', 'f52ce409-f800-5a86-b4ed-ce1a99a8a6ae', 182, 'unlisted', 'Gank Heavy Approach', '{"ex deserunt est exercitation","mollit reprehenderit nulla nulla","magna quis labore","ullamco mollit","eu duis officia","ipsum nisi veniam","cupidatat consectetur eiusmod al","laborum elit exercitation","aliqua reprehenderit non esse","eiusmod proident consectetur"}', DEFAULT, DEFAULT), ('2c9d2493-4412-5eae-aa39-69858c4bfd99', '1e7e0bcb-4fc0-5d72-81a5-d67a74a13595', 188, 'private', 'Gank Heavy Approach', '{"excepteur tempor","Lorem eu dolore","sint dolore duis non"}', DEFAULT, DEFAULT), ('51ef9256-0eab-579a-868b-52c27ddf10e9', 'a4b32498-f3a6-5110-a5b6-de20f0314c35', 184, 'unlisted', 'Early Game Dominance Guide', '{"esse tempor tempor","mollit veniam","enim qui","ad sit consectetur"}', DEFAULT, DEFAULT), ('d6ceb82b-4af2-5d8a-96c1-8d6a9db93a31', 'a8766652-5cf4-5e66-ba6d-9eb457dff942', 182, 'public', 'Aggressive Rush Strategy', '{"culpa dolor ea ullamco","do cupidatat consequat do","consectetur exercitation quis","proident cillum"}', DEFAULT, DEFAULT), ('01ae0a36-6172-5c0a-baff-6c1805e0976a', 'eb3795e9-0dc2-506f-818c-e81bf7149197', 189, 'public', 'Wave Management Plan', '{"consequat cupidatat","ullamco","aute","cupidatat","Lorem anim","tempor fugiat consequat cupidata","commodo dolor velit"}', DEFAULT, DEFAULT), ('df70af8b-9578-5bd7-9fd6-02ad92eaedca', '2f76c526-de17-58f1-a75e-aee239f7ed57', 189, 'unlisted', 'Gank Heavy Approach', '{"officia occaecat ipsum","nulla nulla minim irure","ex esse"}', DEFAULT, DEFAULT), ('82fca927-01aa-5c29-8d7a-7a868f9ba6ea', '8b474939-245b-5ed9-b06a-21432e2b9115', 185, 'public', 'Rotation Strategy Document', '{"enim nulla cupidatat id ipsum","sint excepteur pariatur culpa","non est","pariatur aliqua culpa sint","cupidatat voluptate quis nostrud","commodo minim amet"}', DEFAULT, DEFAULT), ('4e5550d4-d39a-56c3-8f19-971fdeeb787e', '01bb02e3-6d00-5b11-ba00-2f6b060dfb2e', 184, 'unlisted', 'Vision Denial Blueprint', '{"elit id magna veniam","magna laboris eiusmod","irure est eu aliqua","ad sit","tempor elit","id commodo veniam reprehenderit","fugiat excepteur laboris adipisi"}', DEFAULT, DEFAULT), ('83ec5ac5-8c23-5e38-8151-36af62098fff', 'a1c9c188-b8b2-54b9-891e-48d51d81b431', 181, 'private', 'Siege Tactics Handbook', '{"amet exercitation elit incididun","aliquip labore","nisi ex","minim ullamco","adipisicing aliquip","sint excepteur nisi","exercitation dolore","aliquip proident"}', DEFAULT, DEFAULT), ('d1996167-52fb-5e4a-b849-75efada773e6', '9e6824f3-dac2-540f-9e3d-8797171dab14', 183, 'unlisted', 'Defensive Turtle Tactics', '{"deserunt ullamco cillum aliqua","eiusmod fugiat elit exercitation","cillum enim sint","ea labore nisi"}', DEFAULT, DEFAULT), ('1818e464-6a87-5266-8677-c069741c3ab2', '6843e0c5-7d9d-55cf-a335-436ba5672a4d', 187, 'unlisted', 'Vision Control Blueprint', '{"culpa adipisicing sit adipisicin","excepteur et","nulla","sint minim","sunt adipisicing dolor id"}', DEFAULT, DEFAULT), ('13ebb239-29e1-53ff-93b0-d55e3db05a11', '026debf8-8a71-53bf-8bd1-1046d4d33b6c', 181, 'unlisted', 'Baron Control Strategy', '{"ea veniam mollit amet","veniam minim adipisicing pariatu"}', DEFAULT, DEFAULT), ('a0a63713-f2dd-56aa-98a3-f6a26bcae5b9', 'a8766652-5cf4-5e66-ba6d-9eb457dff942', 190, 'unlisted', 'Jungle Control Playbook', '{}', DEFAULT, DEFAULT), ('4029bbad-86a6-5e60-a150-da0664c62b92', '8babc841-00b0-585f-9ca3-85ef68fec1f7', 182, 'private', 'Team Fight Execution Plan', '{"deserunt ex do pariatur reprehen","officia consectetur","elit laboris","voluptate laboris","sunt pariatur","consequat veniam","culpa aliquip aute pariatur"}', DEFAULT, DEFAULT), ('6636a6a8-3a2d-5862-bb24-3e77bffdb640', 'e2b744a0-a170-5a87-828d-34cc6f64ca05', 188, 'private', 'Wave Management Plan', '{}', DEFAULT, DEFAULT), ('4ba85443-f89e-5d68-8d4a-da572969b0dd', '39da01f0-2195-5fc3-a74a-d12c26c902a3', 189, 'public', 'Split Push Blueprint', '{"nisi","duis ullamco reprehenderit","veniam anim consectetur sit","ad quis do aliqua","Lorem magna excepteur magna","aute cupidatat","nulla dolore esse nisi"}', DEFAULT, DEFAULT), ('55fbf0ae-1fd2-57d5-9884-2ceca8eef8f3', '11edd970-a1f3-5973-a201-278046231716', 183, 'unlisted', 'Team Fight Execution Plan', '{"adipisicing ipsum nisi","esse"}', DEFAULT, DEFAULT), ('c91a5204-a47c-5f58-8042-f917f2facb4b', '3204ce32-7c5b-5953-969e-fe1d17de6e76', 189, 'public', 'Late Game Scaling Strategy', '{"magna labore et","esse tempor dolor","occaecat nostrud","commodo pariatur cillum aliqua","est in nisi voluptate","reprehenderit","commodo aliquip irure reprehende","occaecat tempor incididunt ut"}', DEFAULT, DEFAULT), ('fdca53a8-e101-5585-90b8-82f7d3c1fc24', 'e334db45-3389-5a47-b7c9-4ff8121637b5', 189, 'public', 'Jungle Control Playbook', '{"incididunt nisi ipsum cillum","ipsum ea","do reprehenderit ad sunt","laborum nisi","nostrud velit magna"}', DEFAULT, DEFAULT), ('a76c18ad-af72-57b7-b165-f7757943d51e', '91fa3874-9437-5dfa-a49a-f19fb38d9e92', 189, 'unlisted', 'Jungle Control Playbook', '{"dolor","reprehenderit id","labore","dolor ex","cupidatat exercitation laborum","ad ullamco","commodo aliquip","fugiat sint tempor","elit tempor laboris","qui in velit esse"}', DEFAULT, DEFAULT), ('bf7ffe87-c4e2-5aa1-86f7-2fdfa8315ff6', 'cb82a658-7a6b-5f53-8103-de934a9d041a', 184, 'unlisted', 'Gank Heavy Approach', '{"ad reprehenderit et quis aliqua","dolore officia"}', DEFAULT, DEFAULT), ('764f06ba-b246-5c62-8e43-89fe991c749d', 'a8766652-5cf4-5e66-ba6d-9eb457dff942', 185, 'public', 'Secure Objective Playbook', '{"aliqua quis","ad dolore ipsum eiusmod","enim laborum veniam reprehenderi","eu do ut","esse aliquip","cupidatat","dolore sunt","ullamco","id tempor et"}', DEFAULT, DEFAULT), ('229d48f9-9e17-5f91-bd2c-3f3cdbae28c1', 'ad1bbcac-cdbb-551f-b25a-b14b40074515', 188, 'public', 'Counter Pick Blueprint', '{"aliqua laborum","magna laboris sit enim"}', DEFAULT, DEFAULT), ('505fdba9-c563-5897-bd99-f3fd7e6efb10', 'e5d977c2-2a0e-5703-8ee9-4796e3967ae0', 183, 'private', 'Map Control Blueprint', '{}', DEFAULT, DEFAULT), ('ad47e58b-6404-5eb4-b01c-1ab02b3af226', '7c1b7c00-d84e-5216-9c13-9544eccd96d4', 189, 'private', 'Gank Heavy Approach', '{"do","consectetur","excepteur id velit"}', DEFAULT, DEFAULT), ('4ae4f149-a1da-5a76-913f-5ea02c87f4e0', 'cd80d13e-478f-5058-8dfd-e20a76013cb5', 183, 'unlisted', 'Counter Pick Blueprint', '{"esse officia exercitation fugiat","sit esse cupidatat consequat","ad","ut consequat","aute incididunt Lorem esse","laboris nulla eu labore","enim proident id enim","sit consequat nostrud","magna elit"}', DEFAULT, DEFAULT), ('a85217e5-f8d6-5dd0-996b-8464fa1021ff', '28e4b717-ba20-5ce6-96db-f08421aa2fc7', 189, 'public', 'Counter Pick Blueprint', '{"nulla commodo est","ad Lorem","aliquip eiusmod","aliqua","cillum incididunt reprehenderit","occaecat"}', DEFAULT, DEFAULT), ('b21411a7-0afc-5cf3-81fc-471ab95f5d8d', 'abf8504a-2cfc-5a9d-a5d2-31dccd8bf00f', 188, 'unlisted', 'Vision Denial Blueprint', '{"amet sint esse veniam enim","commodo ut nulla","cillum amet qui","amet eiusmod ea cillum","laboris non","irure mollit","ullamco ipsum elit","aliqua veniam sit quis in"}', DEFAULT, DEFAULT), ('d37fd98f-746a-582e-a0fc-de28d96e48c5', '0f271189-6f05-5fbd-95b4-ad7e10a0703b', 181, 'public', 'Siege Tactics Handbook', '{"minim laboris nulla","nostrud minim elit magna","et","exercitation ullamco ea laboris ","ullamco sint sint","fugiat aliquip velit","nisi duis"}', DEFAULT, DEFAULT), ('2dc53ff7-923f-50df-a732-82b60afbba2f', 'b21c180f-341f-510e-96d3-d4e40909d89e', 188, 'unlisted', 'Roaming Support Plan', '{"nisi pariatur"}', DEFAULT, DEFAULT), ('f9690101-a16f-5108-b391-78c9dba8aeee', 'ee88c41d-7461-5ecc-a96b-908770bc5575', 186, 'unlisted', 'Late Game Scaling Strategy', '{"in tempor aliquip eiusmod amet","pariatur exercitation duis conse","ea tempor pariatur","laborum ex do cupidatat pariatur","id in adipisicing","dolor","commodo sunt pariatur","laboris","exercitation cupidatat laborum a","occaecat id qui nisi"}', DEFAULT, DEFAULT), ('7441a375-e1c1-5111-b299-b73d6da10ca2', 'd2f08d89-447f-5d3d-96e5-385ed888c091', 182, 'unlisted', 'Vision Denial Blueprint', '{"ex","voluptate officia enim","nisi cupidatat est id","tempor","id reprehenderit fugiat minim","ipsum","labore elit","veniam commodo"}', DEFAULT, DEFAULT), ('ca1d2bcf-5a98-5759-81b6-75e3ed47122a', '72d447b0-a4fa-5de7-bb4c-9ff5f169dfea', 182, 'private', 'Objective Focused Strategy', '{"eu sunt labore","reprehenderit Lorem enim cupidat","Lorem Lorem","duis reprehenderit cupidatat","eu consequat voluptate","deserunt ullamco ex"}', DEFAULT, DEFAULT), ('77b1dab4-a856-5c18-bb24-053f8869bc5b', '66e9a4f5-02a0-54af-823e-5e95c7ab9df1', 184, 'private', 'Rotation Strategy Document', '{"nisi id","consectetur elit tempor duis ex","veniam incididunt qui non","Lorem tempor do cillum"}', DEFAULT, DEFAULT), ('08b3c695-d6fb-54e4-9ef2-bf508a57adc1', '1c40127d-ff75-5e7b-a8cb-0c9592423db2', 186, 'public', 'Aggressive Rush Strategy', '{"commodo dolor","velit cillum esse","sit consequat commodo","qui quis consequat labore","aliqua do amet","aliquip","eiusmod sunt pariatur fugiat ex","esse ex deserunt irure"}', DEFAULT, DEFAULT), ('7dc16d02-274a-5e7f-bc31-6af29982313f', '54473828-0225-5307-b53c-7a0fc46ac63c', 187, 'private', 'Late Game Scaling Strategy', '{"quis eiusmod","est quis ex irure","in officia Lorem cillum","laboris exercitation","commodo nisi nostrud","ipsum laborum quis","reprehenderit id"}', DEFAULT, DEFAULT), ('acad405c-f8e9-559b-bd11-e0ffc3bebca6', 'c34db444-6019-5242-8b27-a0e6d1f129be', 181, 'unlisted', 'Siege Tactics Handbook', '{"laboris excepteur aliqua","est ut nostrud"}', DEFAULT, DEFAULT), ('16d95573-87cd-5d45-be45-e8a020ba40ac', '4da5a34b-d621-539d-93ed-4bd842601284', 181, 'private', 'Counter Pick Blueprint', '{"ut enim mollit officia","aute nisi minim","commodo sit","id deserunt cupidatat esse sint","ea","magna aute minim do","duis ut nisi","aute nulla est","enim incididunt est ex","quis nulla labore consectetur"}', DEFAULT, DEFAULT), ('5a993b43-eca0-563f-b6c9-fdd440759e85', 'f7f33f5b-7e02-5784-9db2-ed2995544a54', 185, 'unlisted', 'Team Fight Execution Plan', '{"ullamco quis","consequat pariatur","sunt amet adipisicing est","excepteur","ipsum Lorem qui","id adipisicing labore esse commo","ea","enim commodo","commodo dolor"}', DEFAULT, DEFAULT), ('f7bfc2c8-d52a-5806-97fd-77bd67d93b23', 'a3df44c1-25a3-5190-a8bc-004597063afc', 183, 'unlisted', 'Counter Pick Blueprint', '{"ex culpa fugiat aute ex"}', DEFAULT, DEFAULT), ('748d5a8c-f2bf-5974-9c72-24f98b85813b', 'f4b5542b-ba61-519e-a8d2-5793282ad487', 182, 'private', 'Defensive Turtle Tactics', '{"est","pariatur occaecat minim","tempor nisi qui eiusmod","amet in pariatur","veniam","eiusmod sunt aute irure","elit sint deserunt","fugiat minim amet officia enim"}', DEFAULT, DEFAULT), ('808d9117-ba04-5cb0-8827-639e2642b0ee', 'bdc52205-2f90-54a1-a699-3ba523b0d56a', 188, 'public', 'Team Fight Execution Plan', '{"quis incididunt nulla excepteur"}', DEFAULT, DEFAULT), ('e0185351-5b08-58b2-bd3e-c09965750112', 'f7f33f5b-7e02-5784-9db2-ed2995544a54', 189, 'public', 'Roaming Support Plan', '{"qui qui exercitation minim","officia nostrud amet","occaecat"}', DEFAULT, DEFAULT), ('993f7ab3-9b54-5771-a99e-0c6d75a1f37d', 'e5d977c2-2a0e-5703-8ee9-4796e3967ae0', 184, 'unlisted', 'Late Game Scaling Strategy', '{"consectetur deserunt minim","in voluptate enim quis commodo","consequat do","sint incididunt aliqua","aliqua eiusmod","nisi","reprehenderit anim consequat","amet laboris"}', DEFAULT, DEFAULT), ('bdb5114a-76d3-5fe4-944c-043e7ebd99da', 'a1c9c188-b8b2-54b9-891e-48d51d81b431', 188, 'public', 'Baron Control Strategy', '{"voluptate","sunt dolor occaecat","adipisicing anim ullamco deserun","incididunt et nisi laborum et","nostrud","elit veniam","sint laborum elit laborum","adipisicing exercitation reprehe","excepteur eiusmod"}', DEFAULT, DEFAULT), ('aa4964a1-4611-5528-9df9-ef170866214f', '756cbb59-27d6-58f3-b4b9-8b56121e683f', 183, 'unlisted', 'Baron Control Strategy', '{"enim laboris labore et qui","occaecat irure","in","mollit minim","ipsum non dolor et","culpa ut"}', DEFAULT, DEFAULT), ('ec14513a-7d3c-5172-b68b-d531791ec9de', '7cb09c84-7471-599f-bae0-90d61a321390', 187, 'private', 'Aggressive Rush Strategy', '{"dolor minim veniam","anim do ut","voluptate exercitation quis cill","voluptate labore","culpa","culpa ea"}', DEFAULT, DEFAULT), ('a0f81f50-aa3d-5780-b485-a54fb7b7833a', 'd0b9d9c2-bfa2-53be-a46d-d6aceafcbc2d', 190, 'private', 'Team Fight Execution Plan', '{"eu ex","irure laboris dolor","eu sit eu","qui anim","pariatur Lorem fugiat adipisicin","nulla commodo","Lorem amet nulla sint est"}', DEFAULT, DEFAULT), ('aabd5608-e04b-5bd8-8d75-d004a1b17409', '290e51c6-7ff6-5db4-8f40-69dda051b66c', 190, 'unlisted', 'Objective Focused Strategy', '{"esse amet","mollit cillum irure incididunt u","occaecat do cupidatat","voluptate proident amet nulla","veniam amet","pariatur","culpa aliqua","do proident adipisicing tempor f"}', DEFAULT, DEFAULT), ('7bcc2b79-de31-5963-9cfd-559af77da3be', 'ad276812-3b86-5425-b36a-d822f2860912', 188, 'unlisted', 'Wave Management Plan', '{"excepteur ut id","ipsum nostrud non sint","magna eu dolore cillum","occaecat aute dolore","aliqua mollit quis Lorem","tempor","proident mollit culpa est","exercitation ullamco esse veniam","ad officia","adipisicing consectetur est id"}', DEFAULT, DEFAULT), ('b4293a01-a1be-5e58-a088-abc550c9f820', '5b303ef1-7516-512a-ba01-9f0dc05d7d2a', 184, 'private', 'Early Game Dominance Guide', '{"culpa quis ut velit","magna laboris consequat","eu eu et duis in","duis culpa velit","adipisicing ex dolore","laboris mollit","ipsum velit cupidatat nisi","sint anim quis Lorem dolor"}', DEFAULT, DEFAULT), ('a97e2960-b385-5f99-88c2-9e562f32234e', 'fe24988b-bca5-5bf5-be0f-c92da7b2cbe1', 187, 'public', 'Team Fight Execution Plan', '{"elit minim non ut","fugiat est ullamco"}', DEFAULT, DEFAULT), ('db39a462-f36a-54ba-b38e-2fcf35273cba', '5cdb9712-16b6-532e-9cc7-8cf7dfbe9b6b', 183, 'private', 'Counter Pick Blueprint', '{"quis reprehenderit","exercitation","est nisi","cillum laborum","aute sunt ipsum dolor"}', DEFAULT, DEFAULT), ('35dc016a-9edc-565d-923e-9bee9a60bd24', '3ff60d7a-a4ad-54c5-a422-53b52cd53093', 184, 'public', 'Siege Tactics Handbook', '{"adipisicing","exercitation sunt","elit officia non","ea magna","non cupidatat adipisicing","non sit sint ipsum","sunt aute duis est"}', DEFAULT, DEFAULT), ('61e4dc6c-b183-5c81-91cb-8dc622fd6913', 'eb3795e9-0dc2-506f-818c-e81bf7149197', 182, 'unlisted', 'Siege Tactics Handbook', '{"do duis commodo ut","nisi ea ex reprehenderit","tempor deserunt","cupidatat officia","Lorem dolore elit","dolore in non","exercitation consequat","eu quis tempor occaecat","minim nisi sunt","officia nulla"}', DEFAULT, DEFAULT), ('b5df5eae-45e8-5f54-a8f9-351afabf5f65', '2d1d7734-be70-5d07-a538-e76c6cae722e', 189, 'unlisted', 'Rotation Strategy Document', '{"velit laborum aute","ut mollit reprehenderit commodo ","ex cillum sit irure eiusmod","anim","Lorem nulla sint","laboris cillum consectetur","ex"}', DEFAULT, DEFAULT), ('18aa22db-700e-5a8a-892c-5bf7b7da1bbf', 'a88bc9b9-135e-55c7-8c4c-5a072a3c8573', 182, 'public', 'Aggressive Rush Strategy', '{"magna","sunt id non","consectetur excepteur ea laborum","cupidatat do","sunt veniam proident pariatur si","dolore nisi ipsum sit","dolore incididunt","minim velit veniam","eu ullamco quis ad"}', DEFAULT, DEFAULT), ('7c9a7a2f-bf97-5fb7-9ff3-bb3e363fce60', 'c3c19070-f0b8-5d8b-8806-a00d5fe919aa', 182, 'unlisted', 'Gank Heavy Approach', '{"reprehenderit"}', DEFAULT, DEFAULT), ('93216013-7bd8-59b1-a3f0-b1087d4d7f00', 'd664e8db-93ef-5294-a361-9e8640907e59', 187, 'public', 'Secure Objective Playbook', '{"aliqua laborum est","in","amet eu ipsum Lorem mollit","commodo esse esse est aute","minim elit","anim esse consectetur officia","reprehenderit est","nostrud laborum"}', DEFAULT, DEFAULT), ('3e057cf2-df3a-50e5-82fa-e2dcf87ebd5a', '3a804324-748d-571a-afad-6b9c20a35337', 183, 'public', 'Secure Objective Playbook', '{"occaecat ea","est laboris duis sint","excepteur do tempor et"}', DEFAULT, DEFAULT), ('e3f5f266-44d3-5096-b897-56678a5f974b', 'a727f58e-5d42-555f-a07e-84196ea16b24', 190, 'private', 'Vision Denial Blueprint', '{"commodo commodo mollit","nostrud cillum","laborum irure"}', DEFAULT, DEFAULT), ('ffbcf0c1-44bb-549f-ba50-18e1e874a611', '225b2186-bb16-5b0a-b7be-47fd3c5a5cf9', 183, 'private', 'Counter Pick Blueprint', '{"magna exercitation laboris id ve","nostrud ad eiusmod velit qui","reprehenderit labore commodo","labore incididunt ipsum sunt","aliquip sit labore laboris ipsum","eu reprehenderit"}', DEFAULT, DEFAULT), ('c4f414cf-451e-5497-88db-62020e3a0dc5', 'fbbb9719-f3d1-5ce2-b584-4b70bf5bb135', 182, 'private', 'Baron Control Strategy', '{"labore eu"}', DEFAULT, DEFAULT), ('a109823a-0d02-5064-b8ef-3186d6d08cb0', '405dd580-b1c8-5c0e-9df0-d82b7f57175d', 181, 'private', 'Aggressive Rush Strategy', '{"culpa Lorem do","ipsum incididunt id irure adipis"}', DEFAULT, DEFAULT), ('3e4b1eac-b214-5aaa-a7f0-29af8a5b2ce9', '097c4d8e-94d3-5fd3-94ca-7bbb66cf6929', 181, 'public', 'Rotation Strategy Document', '{"ea et velit"}', DEFAULT, DEFAULT), ('72819b1c-0a2a-5e86-b5bc-5741c2854f96', '98eaafd3-adbf-5a3e-adb9-b3fb6971b6f1', 182, 'private', 'Split Push Blueprint', '{"cupidatat laborum mollit laborum","aute","ea do","adipisicing amet","voluptate et sit","incididunt eiusmod est commodo","elit consectetur tempor enim","aliquip do ipsum"}', DEFAULT, DEFAULT), ('b5d7b26a-56f4-59fc-853e-1a1306ab6e95', '811570ef-0b81-508d-ba05-2f5e812d4131', 183, 'public', 'Objective Focused Strategy', '{"id do non irure excepteur","ut sunt voluptate","dolore consequat est occaecat cu","ut enim laborum labore"}', DEFAULT, DEFAULT), ('29365629-31e8-5e53-b1ae-ffdad1c2009e', '89f211a9-c1e7-5fa6-9108-784d98291012', 184, 'unlisted', 'Jungle Control Playbook', '{"veniam culpa exercitation pariat","excepteur nulla excepteur","velit anim nisi laborum","anim irure incididunt","ad","reprehenderit officia ex culpa m","et","aliqua nostrud sint","mollit magna"}', DEFAULT, DEFAULT), ('ef9b1028-31e2-59d9-a64e-2a4d1686e96e', 'f561c33d-0589-5163-a677-f2a1eb6b3322', 190, 'unlisted', 'Objective Focused Strategy', '{"dolore dolor nostrud nostrud","quis dolor occaecat","officia","reprehenderit sit et","ea irure magna","esse non ullamco","mollit esse eu","esse labore magna","occaecat enim","velit"}', DEFAULT, DEFAULT), ('51f9c2fa-a6a8-5d1e-9ef8-efb89c34ee1c', '672ad514-6b43-58ed-b7aa-f70ed34485d9', 189, 'private', 'Split Push Blueprint', '{"deserunt dolore consectetur","est adipisicing ut sunt qui","cupidatat elit commodo occaecat ","eiusmod irure est ut elit","cupidatat","consequat fugiat et","duis elit","aliqua excepteur velit nisi"}', DEFAULT, DEFAULT), ('930338c0-ea8e-56fc-b2df-a68255a6182c', 'd664e8db-93ef-5294-a361-9e8640907e59', 187, 'private', 'Aggressive Rush Strategy', '{"nulla sunt in","ipsum pariatur ipsum","anim irure fugiat quis","fugiat","officia sunt aliquip","culpa aute","elit aliquip non","minim elit quis in"}', DEFAULT, DEFAULT), ('14f0b4c0-9d33-5d68-85ae-cc3d31b6b19e', 'f52ce409-f800-5a86-b4ed-ce1a99a8a6ae', 186, 'public', 'Jungle Control Playbook', '{"mollit minim excepteur incididun","aliqua aute"}', DEFAULT, DEFAULT), ('7c51f66f-cf81-571f-a65c-f571f1f39cc9', 'bbecd693-8054-5eee-8ada-8e2d5a3c5090', 190, 'private', 'Roaming Support Plan', '{"laboris ad enim","Lorem cillum","ad incididunt","nisi qui","Lorem dolore sint aute"}', DEFAULT, DEFAULT), ('764b9b2a-d477-5bff-a789-cba064ac71f8', '853509f0-6836-5fa7-87f2-fb0a9a8766d2', 184, 'public', 'Vision Control Blueprint', '{"commodo officia","laborum Lorem duis officia Lorem","ad excepteur","excepteur velit ullamco elit","dolore nisi exercitation occaeca","et culpa in occaecat","dolor sint est est laborum"}', DEFAULT, DEFAULT), ('1125d49b-2ad6-5500-bd14-7e0649f5dd73', '4c13eae9-db84-5ef3-81db-cf60400b290d', 182, 'unlisted', 'Team Fight Execution Plan', '{"laboris occaecat consequat sit e","in voluptate cillum deserunt nos"}', DEFAULT, DEFAULT), ('de1d5557-45c4-5747-8c2d-f8c09704db25', 'a78f49ae-5f15-5b14-baf5-6abdb727fcc1', 183, 'private', 'Baron Control Strategy', '{"laboris Lorem enim","quis adipisicing sit veniam","ea aliquip","labore id","proident eu et nisi","laborum incididunt veniam quis","do consequat"}', DEFAULT, DEFAULT), ('dc2759a8-51ca-575d-9678-0ac64e900648', '5f651c76-ceba-56db-bd60-512d4079ec53', 190, 'private', 'Late Game Scaling Strategy', '{"voluptate","non aliquip aliqua Lorem","ut sunt et qui","occaecat deserunt eiusmod dolor ","id duis","sint","duis adipisicing in"}', DEFAULT, DEFAULT), ('8c0ef303-3ae4-5fe5-b0be-ef1788ae8707', 'd2f08d89-447f-5d3d-96e5-385ed888c091', 182, 'public', 'Vision Control Blueprint', '{"in","aute adipisicing dolore tempor","amet et nostrud mollit velit","velit ea","Lorem est et","tempor eiusmod nostrud","cillum commodo duis","magna anim"}', DEFAULT, DEFAULT), ('ddd094e1-b8f4-560e-b960-af5227a9b337', 'd2f08d89-447f-5d3d-96e5-385ed888c091', 184, 'unlisted', 'Map Control Blueprint', '{"Lorem voluptate deserunt","excepteur duis cupidatat dolor","ea nisi pariatur mollit officia","ad et eu irure laborum","do cillum","eiusmod enim esse aliquip"}', DEFAULT, DEFAULT), ('4bd93d1d-9da0-508d-a30a-5cd1fe2e858d', '5701e8cf-a128-5707-83da-0279d2c833bf', 182, 'public', 'Baron Control Strategy', '{"sunt occaecat enim aute","cillum quis","sit occaecat cillum","eiusmod aliqua elit","proident","et voluptate","tempor cupidatat ex"}', DEFAULT, DEFAULT), ('2d25022b-866c-584e-895d-11b8a727c08f', 'f7f33f5b-7e02-5784-9db2-ed2995544a54', 188, 'public', 'Jungle Control Playbook', '{}', DEFAULT, DEFAULT), ('8d4a5d0e-3ef8-5e54-ac1b-6a14acb1ad0e', '8fe11c61-64ee-5a54-8048-b7d0a6d485e2', 189, 'private', 'Team Fight Execution Plan', '{"aliqua sunt proident","minim","aliquip dolore nisi","eiusmod ea anim minim aliqua","est incididunt elit","enim occaecat","adipisicing est eu est tempor"}', DEFAULT, DEFAULT), ('6b889196-1556-5eef-89c0-e7506a0ca45b', '5b303ef1-7516-512a-ba01-9f0dc05d7d2a', 181, 'public', 'Baron Control Strategy', '{"cillum","fugiat veniam nisi minim ut","consequat nostrud laborum ipsum "}', DEFAULT, DEFAULT), ('e6b5025c-d432-567c-bc94-e80f642225ff', 'cf1d2e5e-3a18-5518-8e4c-387978992b8a', 187, 'public', 'Aggressive Rush Strategy', '{"sunt sint","labore nostrud sunt","mollit occaecat mollit tempor qu","aliqua irure","nostrud in labore dolore","fugiat aute fugiat sint dolore","sit id laboris esse in","id culpa commodo dolor culpa"}', DEFAULT, DEFAULT), ('4d0eaa15-67e7-50e5-bd92-8596a8c41516', 'b4725825-2a5a-5e18-a190-e59f4cb9f1b5', 189, 'public', 'Jungle Control Playbook', '{"reprehenderit proident minim ut","in anim tempor","tempor esse"}', DEFAULT, DEFAULT), ('c2405ac9-0838-5ce8-a85b-e6db0fbe6c10', 'eb3e804d-5ed0-59a1-900b-3b0f9b2cb577', 187, 'unlisted', 'Early Game Dominance Guide', '{"consequat dolore enim elit","cillum minim pariatur","fugiat ipsum enim deserunt","cupidatat enim","proident labore duis","exercitation","amet eiusmod ad","nisi","ex sit"}', DEFAULT, DEFAULT), ('c8df1446-9b17-5687-8ff4-001003cfca37', '472a7075-ea0f-5e44-b5c9-6ef12ccd3736', 190, 'private', 'Jungle Control Playbook', '{"tempor consectetur sit","incididunt adipisicing cupidatat","et anim","nisi veniam","magna dolore aute","incididunt","est et nisi est","cillum"}', DEFAULT, DEFAULT), ('f706294d-163e-5aef-a517-eae489067781', 'f0a85f4d-7257-5b6a-888d-8ed616480c13', 182, 'public', 'Counter Pick Blueprint', '{"aliquip laborum nulla","veniam quis velit","incididunt anim occaecat","ea","Lorem voluptate","adipisicing laboris reprehenderi","duis ullamco irure"}', DEFAULT, DEFAULT), ('bee3d023-7908-5b1b-a6e7-320078c804bf', 'fd2a8113-662a-5782-9e12-f7b49eee56e0', 181, 'private', 'Roaming Support Plan', '{"deserunt aute fugiat excepteur","ad commodo consequat aliqua","aliqua in consectetur labore","aute"}', DEFAULT, DEFAULT), ('d607d7db-ee7a-57fa-b0f1-08a24201e561', 'eb3e804d-5ed0-59a1-900b-3b0f9b2cb577', 186, 'unlisted', 'Objective Focused Strategy', '{"nulla et adipisicing","est non aliquip ut","reprehenderit sint irure qui eli","est qui","cupidatat minim dolore et","aliquip quis nostrud ullamco ani","adipisicing","laboris sint","labore officia nisi"}', DEFAULT, DEFAULT), ('6db5eb76-a4d8-59b2-8682-ac0a5dca423f', '9848be59-9489-5a98-891a-f6bd795125f7', 185, 'public', 'Objective Focused Strategy', '{"exercitation occaecat duis","do exercitation nulla","nulla consectetur","deserunt laboris cupidatat exerc","sint in incididunt","sint tempor fugiat nulla","anim anim consequat","deserunt veniam","mollit nisi amet"}', DEFAULT, DEFAULT), ('f0859c52-737d-58da-9c95-b804668a9ae6', 'e9decb87-4a50-5c41-896c-16fe0d21ebca', 182, 'public', 'Gank Heavy Approach', '{"nisi esse","cupidatat","velit","dolor minim aliquip incididunt","ea ullamco nisi"}', DEFAULT, DEFAULT), ('f843e0b1-5e16-5c9e-923e-e155f87b2422', '6ae168d9-ec9f-5cc8-9efc-a8418f6ebd72', 189, 'unlisted', 'Aggressive Rush Strategy', '{"culpa aute nulla dolor consequat","commodo irure","consectetur id id","ea id aliqua","ipsum commodo anim voluptate con","eiusmod aliquip aute","esse commodo","aute sunt ad Lorem Lorem","excepteur ea voluptate"}', DEFAULT, DEFAULT), ('971d3e7d-1fd1-5fd1-ba3a-0a99dda2cb04', 'ac772386-a452-5d18-88c7-396c2a71eb0b', 188, 'public', 'Secure Objective Playbook', '{"nostrud in anim","amet exercitation","tempor","ut voluptate reprehenderit"}', DEFAULT, DEFAULT), ('51c6dab5-99f7-56c9-a820-7cfc76e25abf', '882c7ae5-914f-539d-8207-691de536097f', 189, 'public', 'Early Game Dominance Guide', '{"ut sunt velit","excepteur ut duis","velit adipisicing aliquip","enim veniam dolore","enim cillum aliqua","dolor enim"}', DEFAULT, DEFAULT), ('88430d1c-f998-5183-ac05-d06b362a058a', 'ee88c41d-7461-5ecc-a96b-908770bc5575', 185, 'public', 'Map Control Blueprint', '{"aliqua incididunt","minim magna esse Lorem tempor","aliquip tempor ut","exercitation veniam est do","dolore aliquip est ut","aliquip"}', DEFAULT, DEFAULT), ('fc959555-d183-544e-8cf6-52532b383f25', '5dedc9b9-eec3-5ace-a95b-d7817834d9af', 190, 'private', 'Jungle Control Playbook', '{"eu nulla magna nisi","velit ex irure qui","sint","quis aliqua aliquip","nostrud sit","ut sint"}', DEFAULT, DEFAULT), ('94935318-fc9b-5864-874e-912b663c75f7', '9584676f-0635-591a-a937-d230d9a3abf3', 190, 'private', 'Defensive Turtle Tactics', '{"qui reprehenderit laboris","sit commodo exercitation","dolore pariatur qui","id incididunt","consequat officia","qui pariatur","tempor pariatur"}', DEFAULT, DEFAULT), ('ea529f5a-add2-5f29-a44d-2a799c7ab051', '6c52c1d9-13a4-51ef-ae51-1dacc4c14be9', 187, 'unlisted', 'Early Game Dominance Guide', '{"tempor sint commodo commodo Lore"}', DEFAULT, DEFAULT), ('b2bd3c17-1864-5b1f-8d71-b6fe96b48ba6', '305fa448-c3bf-59c7-a989-19ae69ce0725', 184, 'public', 'Early Game Dominance Guide', '{"magna aute deserunt eu"}', DEFAULT, DEFAULT), ('a46777c9-6f34-5718-a195-68edd93e1d42', '756cbb59-27d6-58f3-b4b9-8b56121e683f', 181, 'private', 'Split Push Blueprint', '{"velit aliquip in labore dolore","laborum","Lorem elit nisi in reprehenderit"}', DEFAULT, DEFAULT), ('0f3df2fb-dd6e-55b9-9f86-0babb8fec748', '75e07351-a344-5719-bccf-45791a666af4', 184, 'public', 'Vision Control Blueprint', '{"ipsum laborum occaecat","ea"}', DEFAULT, DEFAULT), ('95bb7f47-209b-5f16-a018-19e8f23e6e16', '3d4df0ce-5a7f-53e4-b486-95faf0a09720', 185, 'public', 'Jungle Control Playbook', '{"nostrud quis minim aliqua consec"}', DEFAULT, DEFAULT), ('78959a88-41ee-5d40-85cb-71e22f4c47aa', 'd073b0b8-955f-5aab-9c76-3aebe9fa08b6', 186, 'public', 'Jungle Control Playbook', '{"consectetur ad","esse in elit","do nisi voluptate ut ad","commodo","deserunt fugiat","non","nisi non cupidatat cillum","ut ut voluptate","occaecat duis quis cillum"}', DEFAULT, DEFAULT), ('a9e614f8-c87a-596e-bdaf-6e577865453e', 'abf8504a-2cfc-5a9d-a5d2-31dccd8bf00f', 188, 'public', 'Siege Tactics Handbook', '{"ipsum elit adipisicing sit"}', DEFAULT, DEFAULT), ('f80096a0-59ff-58f8-a58f-cd508cb0f33e', '274020d9-7513-5cf6-ae0b-e94ef1d1a62f', 187, 'public', 'Defensive Turtle Tactics', '{}', DEFAULT, DEFAULT), ('a444e395-f85a-5fcf-904b-e713df3a17f6', '9d87fe57-7f5a-555d-8ceb-54297334ec14', 188, 'public', 'Siege Tactics Handbook', '{"laborum deserunt labore ex","tempor ullamco occaecat"}', DEFAULT, DEFAULT);
INSERT INTO public.team_member_role (id,name,flags) VALUES (55, 'owner', 511), (56, 'editor', 7), (57, 'viewer', 1);
SELECT setval('"public"."team_member_role_id_seq"'::regclass, (SELECT MAX("id") FROM "public"."team_member_role"));
