INSERT INTO public.game (id,name,alias,icon,hidden,metadata,created_at) VALUES (79, 'Velit', 'NBA2K', 'https://svgshare.com/i/15iw.svg', 'f', '{"player_count":5,"gadgets_per_character":2}', DEFAULT), (80, 'Mollit', 'NBA2K', 'https://svgshare.com/i/15iw.svg', 'f', '{"player_count":5,"gadgets_per_character":2}', DEFAULT), (81, 'Consectetur Pariatur', 'GTA', 'https://svgshare.com/i/15iw.svg', 'f', '{"player_count":5,"gadgets_per_character":2}', DEFAULT), (82, 'Laboris Ullamco', 'PUBG', 'https://svgshare.com/i/15iw.svg', 'f', '{"player_count":5,"gadgets_per_character":2}', DEFAULT);
SELECT setval('"public"."game_id_seq"'::regclass, (SELECT MAX("id") FROM "public"."game"));
INSERT INTO public.team (id,name,plan_id,game_id,created_at,updated_at) VALUES ('7c2c4732-09c1-5f7b-87ca-c53e7497b4ef', 'Aliqua Officia', NULL, 81, DEFAULT, DEFAULT), ('f50563b6-8532-51ec-b121-d8c6bca3e897', 'Fugiat Culpa Sint', NULL, 80, DEFAULT, DEFAULT), ('f1bf295c-195b-5a42-9c6b-5bfa14b58307', 'Labore Consequat Aut', NULL, 80, DEFAULT, DEFAULT), ('e0eebbc8-63c9-5fee-b088-b3310b672c35', 'Pariatur Dolore', NULL, 80, DEFAULT, DEFAULT), ('1c17c04a-19f5-5c48-8b6b-48fe02257ffb', 'Tempor Officia Magna', NULL, 80, DEFAULT, DEFAULT), ('a2996c99-b8bb-5bf6-b789-844e821ceb82', 'Laboris Pariatur Ess', NULL, 82, DEFAULT, DEFAULT), ('5d016028-a6a3-5268-91a3-91021dbfda0a', 'Voluptate Sit', NULL, 81, DEFAULT, DEFAULT), ('b279891e-05aa-528b-867b-dd6fe5fa77c8', 'Minim Ad Anim', NULL, 82, DEFAULT, DEFAULT), ('ff53868f-9940-575d-8fa8-923808f93a53', 'Eu Ea Voluptate Magn', NULL, 82, DEFAULT, DEFAULT), ('8172203a-00e7-5e0e-919b-2970e0d891df', 'Ad Ad Ad', NULL, 80, DEFAULT, DEFAULT), ('7b5ee10b-959f-565b-9dac-a4bab4f6c6bf', 'Commodo Excepteur Al', NULL, 80, DEFAULT, DEFAULT), ('38400370-0369-5239-8b08-499aef0591ef', 'Et Dolor Proident', NULL, 79, DEFAULT, DEFAULT), ('77394b64-1ec1-5043-8dc3-08f9200521d4', 'Amet Aliquip Sit', NULL, 79, DEFAULT, DEFAULT), ('56ea9a57-3786-5a49-9700-501eb57a1328', 'Eu Labore Tempor', NULL, 80, DEFAULT, DEFAULT), ('731fb763-1773-5758-b8dd-d75381b0e72a', 'Velit Adipisicing', NULL, 82, DEFAULT, DEFAULT), ('5e20f9a8-7b26-5a5f-8426-6b12c182d23c', 'Aute Culpa Id', NULL, 79, DEFAULT, DEFAULT), ('53fe0e9e-3358-5722-b994-4faad8733cd3', 'Qui Excepteur Sit', NULL, 81, DEFAULT, DEFAULT), ('e4834379-a7a0-5f41-8193-f598072b1c83', 'Ad Commodo Ad Magna', NULL, 79, DEFAULT, DEFAULT), ('a9f91eda-269f-54d0-83de-05f0c2ecbf08', 'Aliquip Commodo', NULL, 81, DEFAULT, DEFAULT), ('c0062d28-74ce-56b0-8124-852c5c4cdd1f', 'Do Ipsum Adipisicing', NULL, 79, DEFAULT, DEFAULT), ('a1d779f7-e622-5cd1-b766-eb2b7925b3c0', 'Proident Quis', NULL, 81, DEFAULT, DEFAULT), ('bd4e2ea6-e7d4-5655-93cc-d1ed71c3483c', 'Labore Sint Dolor', NULL, 80, DEFAULT, DEFAULT), ('fb2f612f-57ab-526e-8b57-f5de07942107', 'Nostrud Eiusmod Dolo', NULL, 79, DEFAULT, DEFAULT), ('38cee772-792e-54fe-ae0f-d62f75f71c11', 'Adipisicing Lorem Qu', NULL, 82, DEFAULT, DEFAULT), ('60f279f1-b04c-57b1-b6aa-b71a8811c6ab', 'Laboris Veniam Magna', NULL, 80, DEFAULT, DEFAULT), ('b5d35d7e-f19e-568e-9efe-911f779c892f', 'Dolor Aliquip Lorem ', NULL, 82, DEFAULT, DEFAULT), ('3db3509a-5565-5145-aa2d-eb656db639a3', 'Labore Occaecat', NULL, 79, DEFAULT, DEFAULT), ('16b2ddd9-4627-52fa-8115-8453cfa39374', 'Ut Nulla', NULL, 82, DEFAULT, DEFAULT), ('235fae27-2669-539e-8784-3dcbaac570cc', 'Veniam Eiusmod', NULL, 81, DEFAULT, DEFAULT), ('782f7eda-e535-5ab3-8415-643126d3b0fa', 'In Mollit Sunt', NULL, 80, DEFAULT, DEFAULT), ('5daf6f25-3b97-5f49-8f75-4ba5d1d74cd3', 'Tempor Labore', NULL, 81, DEFAULT, DEFAULT), ('3788fdae-c690-5563-abac-18b51e4d210f', 'Incididunt Aliquip D', NULL, 82, DEFAULT, DEFAULT), ('177ae72e-41a6-5325-80d6-452827ea5918', 'Ea Proident', NULL, 81, DEFAULT, DEFAULT), ('c0a2f5c4-7781-5310-ad3c-e7b9f41a7ace', 'Et Veniam Ipsum Dolo', NULL, 81, DEFAULT, DEFAULT), ('71c019c0-f4c8-51ac-bfff-4141eabf85f3', 'Adipisicing Excepteu', NULL, 82, DEFAULT, DEFAULT), ('ab4eb860-b9b9-58f5-84c6-b76a08d23dfd', 'Quis Occaecat Volupt', NULL, 81, DEFAULT, DEFAULT), ('dd9140ad-b92d-5673-a8c2-8b1c4e3e8697', 'Dolore Ea Magna', NULL, 80, DEFAULT, DEFAULT), ('78de8c0c-fe2d-50bd-afca-68bed9f87cd0', 'Sunt Velit Quis', NULL, 80, DEFAULT, DEFAULT), ('81e51b22-aab8-5050-a735-aa5917f8771b', 'Reprehenderit Et Mag', NULL, 82, DEFAULT, DEFAULT), ('f6cb58dd-a0aa-5d2b-8ce5-200e44be4f36', 'Exercitation Deserun', NULL, 80, DEFAULT, DEFAULT), ('48ed64cc-01ce-5cc6-8ffd-8d552f857570', 'Nisi Aliqua Pariatur', NULL, 80, DEFAULT, DEFAULT), ('0cb21e27-1e4d-50c9-bd0d-f6696d98b44c', 'Anim Elit Officia', NULL, 80, DEFAULT, DEFAULT), ('29d37d99-954e-5434-8e90-9d564d65e434', 'Deserunt Tempor Volu', NULL, 80, DEFAULT, DEFAULT), ('64957ee8-7d0b-54ac-82da-6c959456806c', 'Velit Et', NULL, 80, DEFAULT, DEFAULT), ('b96a16b9-db3a-5601-8741-9aae600f278b', 'Ex Eu Incididunt', NULL, 82, DEFAULT, DEFAULT), ('c25b7aec-7cbc-5229-a69a-f81a4d2a8c67', 'Mollit Veniam Anim', NULL, 79, DEFAULT, DEFAULT);
INSERT INTO public.plan (id,name,pricing,pricing_interval,is_default,config,created_at,updated_at) VALUES (58, 'Essential', 0, 'monthly', 't', '{"max_members":6,"max_blueprints":100,"max_books":20}', DEFAULT, DEFAULT), (59, 'Advanced', 15.803108597090716, 'monthly', 'f', '{"max_members":12,"max_blueprints":200,"max_books":40}', DEFAULT, DEFAULT), (60, 'Pro', 12.111348826482082, 'yearly', 'f', '{"max_members":18,"max_blueprints":300,"max_books":60}', DEFAULT, DEFAULT);
INSERT INTO public.book (id,name,team_id,created_at,updated_at) VALUES ('1e7e0bcb-4fc0-5d72-81a5-d67a74a13595', 'Proident Amet Est', '7c2c4732-09c1-5f7b-87ca-c53e7497b4ef', DEFAULT, DEFAULT), ('d297ab9e-40d4-51b5-bb8f-a1df399f1a9a', 'Irure Duis Qui', '7c2c4732-09c1-5f7b-87ca-c53e7497b4ef', DEFAULT, DEFAULT), ('d1b8f3f8-af26-5088-8712-273c28ba98f7', 'Ex Minim', '7c2c4732-09c1-5f7b-87ca-c53e7497b4ef', DEFAULT, DEFAULT), ('3ff60d7a-a4ad-54c5-a422-53b52cd53093', 'Deserunt Amet Est', '7c2c4732-09c1-5f7b-87ca-c53e7497b4ef', DEFAULT, DEFAULT), ('cfbfd1d4-e77f-57e5-94da-e9ff2cc7a996', 'Labore Laborum', '7c2c4732-09c1-5f7b-87ca-c53e7497b4ef', DEFAULT, DEFAULT), ('98eaafd3-adbf-5a3e-adb9-b3fb6971b6f1', 'Id Ullamco Consectet', 'f50563b6-8532-51ec-b121-d8c6bca3e897', DEFAULT, DEFAULT), ('2d1d7734-be70-5d07-a538-e76c6cae722e', 'Incididunt Consequat', 'f50563b6-8532-51ec-b121-d8c6bca3e897', DEFAULT, DEFAULT), ('b5605791-3389-56c2-9ec6-17d538b9bb85', 'Ea Ut', 'f50563b6-8532-51ec-b121-d8c6bca3e897', DEFAULT, DEFAULT), ('a5831e58-2fc9-5b59-970d-00c344a4eb18', 'Excepteur Ea', 'f50563b6-8532-51ec-b121-d8c6bca3e897', DEFAULT, DEFAULT), ('756cbb59-27d6-58f3-b4b9-8b56121e683f', 'Cillum Laboris', 'f50563b6-8532-51ec-b121-d8c6bca3e897', DEFAULT, DEFAULT), ('b64d0217-6a7b-5682-8927-676434f72be9', 'Pariatur Consequat', 'f50563b6-8532-51ec-b121-d8c6bca3e897', DEFAULT, DEFAULT), ('09617df2-6261-5b47-bc30-85d317367d48', 'Duis Aliqua', 'f50563b6-8532-51ec-b121-d8c6bca3e897', DEFAULT, DEFAULT), ('98b30307-7ea7-5b6c-b9e4-560fe08299de', 'Anim Amet', 'f50563b6-8532-51ec-b121-d8c6bca3e897', DEFAULT, DEFAULT), ('731b24f8-f083-56fc-9161-1fd32dcd58d0', 'Ipsum Sunt', 'f50563b6-8532-51ec-b121-d8c6bca3e897', DEFAULT, DEFAULT), ('a8212e1b-5577-5c28-9c38-2d4fbd753550', 'Velit Non', 'f1bf295c-195b-5a42-9c6b-5bfa14b58307', DEFAULT, DEFAULT), ('59558fa1-9cc0-5e85-a331-879d76e07f05', 'Velit', 'f1bf295c-195b-5a42-9c6b-5bfa14b58307', DEFAULT, DEFAULT), ('8926b9fd-34b2-5421-a25c-9cd89c12cad0', 'In Voluptate', 'f1bf295c-195b-5a42-9c6b-5bfa14b58307', DEFAULT, DEFAULT), ('5d378209-1fd5-506f-8b3f-511a16489d69', 'Voluptate Quis', 'f1bf295c-195b-5a42-9c6b-5bfa14b58307', DEFAULT, DEFAULT), ('305fa448-c3bf-59c7-a989-19ae69ce0725', 'Et Dolor', 'f1bf295c-195b-5a42-9c6b-5bfa14b58307', DEFAULT, DEFAULT), ('853509f0-6836-5fa7-87f2-fb0a9a8766d2', 'Enim', 'f1bf295c-195b-5a42-9c6b-5bfa14b58307', DEFAULT, DEFAULT), ('a6ea6199-2a1a-56d4-b12a-1bf7d32d154c', 'Adipisicing Consequa', 'e0eebbc8-63c9-5fee-b088-b3310b672c35', DEFAULT, DEFAULT), ('eb3e804d-5ed0-59a1-900b-3b0f9b2cb577', 'Ea Lorem Dolor', 'e0eebbc8-63c9-5fee-b088-b3310b672c35', DEFAULT, DEFAULT), ('88501f36-608d-5074-ab3f-752cd478292f', 'Incididunt Excepteur', 'e0eebbc8-63c9-5fee-b088-b3310b672c35', DEFAULT, DEFAULT), ('0e342915-b360-541f-8c0a-bdf36b3c0ce2', 'Irure', 'e0eebbc8-63c9-5fee-b088-b3310b672c35', DEFAULT, DEFAULT), ('8b474939-245b-5ed9-b06a-21432e2b9115', 'Est Sunt In', 'e0eebbc8-63c9-5fee-b088-b3310b672c35', DEFAULT, DEFAULT), ('eb9fdff9-6822-52d9-b12a-a9a69b69cbe5', 'Nulla Amet', 'e0eebbc8-63c9-5fee-b088-b3310b672c35', DEFAULT, DEFAULT), ('abf8504a-2cfc-5a9d-a5d2-31dccd8bf00f', 'Deserunt Excepteur', '1c17c04a-19f5-5c48-8b6b-48fe02257ffb', DEFAULT, DEFAULT), ('262a78c7-eb9d-5e1a-8e58-41ecb0c31fbd', 'Occaecat', '1c17c04a-19f5-5c48-8b6b-48fe02257ffb', DEFAULT, DEFAULT), ('110efd29-2979-5c30-b41f-b3bf832f48cd', 'Cupidatat Ipsum', '1c17c04a-19f5-5c48-8b6b-48fe02257ffb', DEFAULT, DEFAULT), ('cf1d2e5e-3a18-5518-8e4c-387978992b8a', 'Adipisicing Deserunt', '1c17c04a-19f5-5c48-8b6b-48fe02257ffb', DEFAULT, DEFAULT), ('34a6eefa-de0a-5b54-8950-76863d1d5290', 'Lorem Consequat', '1c17c04a-19f5-5c48-8b6b-48fe02257ffb', DEFAULT, DEFAULT), ('338ac238-5209-53e4-836e-9d5dc98ae268', 'Sit Est Anim', '1c17c04a-19f5-5c48-8b6b-48fe02257ffb', DEFAULT, DEFAULT), ('5f3671df-cc06-5a3d-87a6-e1e42e095fa3', 'Aliquip Amet Laboris', '1c17c04a-19f5-5c48-8b6b-48fe02257ffb', DEFAULT, DEFAULT), ('d2268e40-fa6d-5300-9f01-b7cc8f9018e3', 'Exercitation', 'a2996c99-b8bb-5bf6-b789-844e821ceb82', DEFAULT, DEFAULT), ('7a86b477-8922-5c78-85b7-47a44d6877c0', 'Lorem Ad', 'a2996c99-b8bb-5bf6-b789-844e821ceb82', DEFAULT, DEFAULT), ('cd1520c4-af17-5e1e-b5b0-a9e95f36a7c4', 'Ipsum Consectetur', 'a2996c99-b8bb-5bf6-b789-844e821ceb82', DEFAULT, DEFAULT), ('2190cc4c-2cc5-5f9f-983d-55f70f31e468', 'Eiusmod Cupidatat', 'a2996c99-b8bb-5bf6-b789-844e821ceb82', DEFAULT, DEFAULT), ('349111f0-5b40-5b21-aeff-8af2b228d28f', 'Voluptate Culpa Mini', '5d016028-a6a3-5268-91a3-91021dbfda0a', DEFAULT, DEFAULT), ('e2b744a0-a170-5a87-828d-34cc6f64ca05', 'Ad', '5d016028-a6a3-5268-91a3-91021dbfda0a', DEFAULT, DEFAULT), ('3a804324-748d-571a-afad-6b9c20a35337', 'Laborum', '5d016028-a6a3-5268-91a3-91021dbfda0a', DEFAULT, DEFAULT), ('09204188-e618-5728-88fc-034120742c41', 'Mollit Ipsum', 'b279891e-05aa-528b-867b-dd6fe5fa77c8', DEFAULT, DEFAULT), ('b576de0c-954e-5345-a9e7-0d691c52341a', 'Fugiat Excepteur Eiu', 'b279891e-05aa-528b-867b-dd6fe5fa77c8', DEFAULT, DEFAULT), ('887dee3f-7921-537c-91f1-8b0d43117b12', 'Ipsum', 'b279891e-05aa-528b-867b-dd6fe5fa77c8', DEFAULT, DEFAULT), ('6fc34c52-742f-56c2-b6c3-89dee63a8839', 'Eu Dolore', 'b279891e-05aa-528b-867b-dd6fe5fa77c8', DEFAULT, DEFAULT), ('5531f3c9-2ccc-59e8-86e8-da1800808ec2', 'Nisi', 'b279891e-05aa-528b-867b-dd6fe5fa77c8', DEFAULT, DEFAULT), ('3b3a2ed4-3283-5a09-84d9-c7de876d5510', 'Velit', 'b279891e-05aa-528b-867b-dd6fe5fa77c8', DEFAULT, DEFAULT), ('380f1bbd-f6c8-5306-af3f-7d7fa746bde0', 'Do', 'b279891e-05aa-528b-867b-dd6fe5fa77c8', DEFAULT, DEFAULT), ('672ad514-6b43-58ed-b7aa-f70ed34485d9', 'Non', 'b279891e-05aa-528b-867b-dd6fe5fa77c8', DEFAULT, DEFAULT), ('9e19dd6d-e8c2-5925-b1c8-e13b62340491', 'Lorem Adipisicing En', 'b279891e-05aa-528b-867b-dd6fe5fa77c8', DEFAULT, DEFAULT), ('f561c33d-0589-5163-a677-f2a1eb6b3322', 'Qui Ullamco', 'ff53868f-9940-575d-8fa8-923808f93a53', DEFAULT, DEFAULT), ('02a341a2-35a0-5fbc-a1f4-aa8b42aa4b51', 'Id', 'ff53868f-9940-575d-8fa8-923808f93a53', DEFAULT, DEFAULT), ('ad276812-3b86-5425-b36a-d822f2860912', 'Anim Eiusmod Incidid', 'ff53868f-9940-575d-8fa8-923808f93a53', DEFAULT, DEFAULT), ('2764351d-73bf-5124-a613-660cd57f91dd', 'Commodo Et', 'ff53868f-9940-575d-8fa8-923808f93a53', DEFAULT, DEFAULT), ('8bf74689-dfcf-5429-b342-2718dce8a8eb', 'Mollit', 'ff53868f-9940-575d-8fa8-923808f93a53', DEFAULT, DEFAULT), ('c34db444-6019-5242-8b27-a0e6d1f129be', 'Voluptate Lorem', 'ff53868f-9940-575d-8fa8-923808f93a53', DEFAULT, DEFAULT), ('fe78882d-8d81-5307-9012-7c7cadbfdbe6', 'Officia Dolore', 'ff53868f-9940-575d-8fa8-923808f93a53', DEFAULT, DEFAULT), ('cd80d13e-478f-5058-8dfd-e20a76013cb5', 'Esse', '8172203a-00e7-5e0e-919b-2970e0d891df', DEFAULT, DEFAULT), ('db9f2a26-569b-5431-9216-bcd2cf256bbd', 'In Cupidatat', '8172203a-00e7-5e0e-919b-2970e0d891df', DEFAULT, DEFAULT), ('e4c44768-00c8-52e6-80f9-625972d5d9b9', 'Pariatur Tempor Veni', '8172203a-00e7-5e0e-919b-2970e0d891df', DEFAULT, DEFAULT), ('eea550bd-8120-5fb2-9339-ad3a549506d4', 'Eiusmod Nostrud', '8172203a-00e7-5e0e-919b-2970e0d891df', DEFAULT, DEFAULT), ('88514f78-7770-5bc2-96a4-f0f4ebcab4a4', 'Nulla Aute', '8172203a-00e7-5e0e-919b-2970e0d891df', DEFAULT, DEFAULT), ('95c65795-b9a1-572f-87ae-6fa70b020fbb', 'Ullamco Consequat', '8172203a-00e7-5e0e-919b-2970e0d891df', DEFAULT, DEFAULT), ('e9decb87-4a50-5c41-896c-16fe0d21ebca', 'Id Sint', '7b5ee10b-959f-565b-9dac-a4bab4f6c6bf', DEFAULT, DEFAULT), ('274020d9-7513-5cf6-ae0b-e94ef1d1a62f', 'Velit Lorem', '7b5ee10b-959f-565b-9dac-a4bab4f6c6bf', DEFAULT, DEFAULT), ('644bfc5c-cf27-5d76-8355-4e4c8d73061f', 'Sunt Est Labore', '7b5ee10b-959f-565b-9dac-a4bab4f6c6bf', DEFAULT, DEFAULT), ('eff6dde6-e4aa-5c61-9818-5d7ae0bf58b7', 'Ea Qui', '7b5ee10b-959f-565b-9dac-a4bab4f6c6bf', DEFAULT, DEFAULT), ('31bb49e9-e86d-546a-9e01-6986e5eacf06', 'Ex', '7b5ee10b-959f-565b-9dac-a4bab4f6c6bf', DEFAULT, DEFAULT), ('b134c4e5-3e41-53b3-bf3f-7f4cf023e9d7', 'Labore Amet', '38400370-0369-5239-8b08-499aef0591ef', DEFAULT, DEFAULT), ('763ebb5f-add9-59ff-9a26-6b4030dae259', 'Aliqua Enim', '38400370-0369-5239-8b08-499aef0591ef', DEFAULT, DEFAULT), ('9f273059-bf49-55a4-bf95-e6bedcccffe3', 'Cupidatat', '38400370-0369-5239-8b08-499aef0591ef', DEFAULT, DEFAULT), ('c7198a1e-f50c-5635-a5bf-2073d4da7bc6', 'Deserunt Anim Amet', '38400370-0369-5239-8b08-499aef0591ef', DEFAULT, DEFAULT), ('1497705a-df0e-5f8d-988d-61adba7199e0', 'Aute Velit', '38400370-0369-5239-8b08-499aef0591ef', DEFAULT, DEFAULT), ('ac772386-a452-5d18-88c7-396c2a71eb0b', 'Eu Ipsum', '38400370-0369-5239-8b08-499aef0591ef', DEFAULT, DEFAULT), ('7b09592d-b146-5ee2-9db5-3683955196d6', 'Nostrud Excepteur Ad', '38400370-0369-5239-8b08-499aef0591ef', DEFAULT, DEFAULT), ('d3953f9f-e0f9-5aed-9d31-3f026a23da12', 'Culpa In', '38400370-0369-5239-8b08-499aef0591ef', DEFAULT, DEFAULT), ('734282bd-df4e-5f8d-afc5-83f4c9131800', 'Irure Nisi', '38400370-0369-5239-8b08-499aef0591ef', DEFAULT, DEFAULT), ('1bad91a4-3a34-5cee-a751-bb52fcfd9dc6', 'Mollit', '38400370-0369-5239-8b08-499aef0591ef', DEFAULT, DEFAULT), ('b5f933d0-c28e-517c-9fca-d9e38dc742a2', 'Pariatur Labore', '77394b64-1ec1-5043-8dc3-08f9200521d4', DEFAULT, DEFAULT), ('21a7e579-98a3-5757-a0a8-913f2da95aba', 'Anim Esse Proident', '77394b64-1ec1-5043-8dc3-08f9200521d4', DEFAULT, DEFAULT), ('a4b32498-f3a6-5110-a5b6-de20f0314c35', 'Minim Pariatur Venia', '77394b64-1ec1-5043-8dc3-08f9200521d4', DEFAULT, DEFAULT), ('22052ce5-2628-54da-93cf-dce3c06b547a', 'Et Mollit', '77394b64-1ec1-5043-8dc3-08f9200521d4', DEFAULT, DEFAULT), ('5b303ef1-7516-512a-ba01-9f0dc05d7d2a', 'Proident Ex', '77394b64-1ec1-5043-8dc3-08f9200521d4', DEFAULT, DEFAULT), ('2386fe50-4da3-5ca3-b993-046dc48afb23', 'Duis Ex', '77394b64-1ec1-5043-8dc3-08f9200521d4', DEFAULT, DEFAULT), ('be8eca74-88dc-5f62-a6bb-1a0cde780aab', 'Incididunt Eu', '77394b64-1ec1-5043-8dc3-08f9200521d4', DEFAULT, DEFAULT), ('31ac52db-fa89-5177-b667-1cf6526a929a', 'Mollit Aute Culpa', '56ea9a57-3786-5a49-9700-501eb57a1328', DEFAULT, DEFAULT), ('3c6d504a-3b43-5117-a71b-e844b07b3920', 'Voluptate Qui', '56ea9a57-3786-5a49-9700-501eb57a1328', DEFAULT, DEFAULT), ('70e095a9-713d-5fe2-a06a-8145febdb917', 'Lorem', '56ea9a57-3786-5a49-9700-501eb57a1328', DEFAULT, DEFAULT), ('d0fa96c4-2bfe-5959-9fd4-b17ec4964e6d', 'Id', '56ea9a57-3786-5a49-9700-501eb57a1328', DEFAULT, DEFAULT), ('af5fa9a8-f7df-5a87-830c-3e8d39f06eae', 'Nisi Esse Et', '731fb763-1773-5758-b8dd-d75381b0e72a', DEFAULT, DEFAULT), ('fa904169-96b2-5473-b48d-c7f225d6dfb3', 'Dolor Minim', '731fb763-1773-5758-b8dd-d75381b0e72a', DEFAULT, DEFAULT), ('76980724-1543-5820-bc77-ff5f445e7244', 'Consequat Qui', '731fb763-1773-5758-b8dd-d75381b0e72a', DEFAULT, DEFAULT), ('c9f9ed6b-3ed1-5d46-9201-51000bdf47fa', 'Elit Exercitation', '731fb763-1773-5758-b8dd-d75381b0e72a', DEFAULT, DEFAULT), ('54473828-0225-5307-b53c-7a0fc46ac63c', 'Aute Duis', '731fb763-1773-5758-b8dd-d75381b0e72a', DEFAULT, DEFAULT), ('f057746f-990e-5e0f-ba59-b833ef7e39fc', 'Deserunt Non', '731fb763-1773-5758-b8dd-d75381b0e72a', DEFAULT, DEFAULT), ('6f98547a-4734-5cb4-82a1-cf5fc4e37c8d', 'Ipsum Aute Anim', '731fb763-1773-5758-b8dd-d75381b0e72a', DEFAULT, DEFAULT), ('e7220451-be7e-505e-a9bf-ee44e4532e06', 'Ea Minim', '731fb763-1773-5758-b8dd-d75381b0e72a', DEFAULT, DEFAULT), ('9848be59-9489-5a98-891a-f6bd795125f7', 'Eiusmod', '731fb763-1773-5758-b8dd-d75381b0e72a', DEFAULT, DEFAULT), ('d19db439-c7e7-53a7-aa19-0db346180dc1', 'Ullamco In', '5e20f9a8-7b26-5a5f-8426-6b12c182d23c', DEFAULT, DEFAULT), ('91434b27-2651-5429-8f42-45c3f8e334a0', 'Nisi Excepteur Excep', '5e20f9a8-7b26-5a5f-8426-6b12c182d23c', DEFAULT, DEFAULT), ('549980e7-3e77-5d76-b263-84664d04b209', 'Aliqua Labore', '5e20f9a8-7b26-5a5f-8426-6b12c182d23c', DEFAULT, DEFAULT), ('e4de1a09-bd9a-5e42-b92c-2cb1af28bec6', 'Sit Exercitation Id', '5e20f9a8-7b26-5a5f-8426-6b12c182d23c', DEFAULT, DEFAULT), ('f4b5542b-ba61-519e-a8d2-5793282ad487', 'Ex Est', '5e20f9a8-7b26-5a5f-8426-6b12c182d23c', DEFAULT, DEFAULT), ('cd7c291a-6d6e-5632-91e5-b7fd7a634d7d', 'Laboris Enim Nulla', '5e20f9a8-7b26-5a5f-8426-6b12c182d23c', DEFAULT, DEFAULT), ('4da5a34b-d621-539d-93ed-4bd842601284', 'Cupidatat Laborum Mo', '5e20f9a8-7b26-5a5f-8426-6b12c182d23c', DEFAULT, DEFAULT), ('eb3795e9-0dc2-506f-818c-e81bf7149197', 'Elit Fugiat', '5e20f9a8-7b26-5a5f-8426-6b12c182d23c', DEFAULT, DEFAULT), ('b32027db-33da-5dc2-b906-e0c2a06ac683', 'Nulla Labore', '53fe0e9e-3358-5722-b994-4faad8733cd3', DEFAULT, DEFAULT), ('b7a89d05-549f-565f-b631-b59097e91d1a', 'Ut Culpa', '53fe0e9e-3358-5722-b994-4faad8733cd3', DEFAULT, DEFAULT), ('ac9f0e3e-b030-584f-a8dd-87355fe22537', 'Magna Sint Ut', '53fe0e9e-3358-5722-b994-4faad8733cd3', DEFAULT, DEFAULT), ('438bff0e-fd50-5c86-89ee-d397a0c0e548', 'Cillum', '53fe0e9e-3358-5722-b994-4faad8733cd3', DEFAULT, DEFAULT), ('9bf2ad50-cccb-50eb-8269-3a7e78bd21f5', 'Deserunt Qui Laboris', '53fe0e9e-3358-5722-b994-4faad8733cd3', DEFAULT, DEFAULT), ('26f7bb6a-3c9c-5b30-b11b-be5ebfb91948', 'Amet Minim Est', 'e4834379-a7a0-5f41-8193-f598072b1c83', DEFAULT, DEFAULT), ('e5b4727f-be5e-52c0-83cb-cb7ba230945f', 'Exercitation', 'e4834379-a7a0-5f41-8193-f598072b1c83', DEFAULT, DEFAULT), ('290e51c6-7ff6-5db4-8f40-69dda051b66c', 'Sit', 'e4834379-a7a0-5f41-8193-f598072b1c83', DEFAULT, DEFAULT), ('6c3f6730-2b1a-5e27-97de-caacad0bb1a5', 'Enim', 'e4834379-a7a0-5f41-8193-f598072b1c83', DEFAULT, DEFAULT), ('7d0c4d54-58ae-5ddf-b108-590171e8655a', 'Laboris Esse Nostrud', 'e4834379-a7a0-5f41-8193-f598072b1c83', DEFAULT, DEFAULT), ('5dd9c208-a224-5712-b987-eab6b9a89e23', 'Do Ullamco Ullamco', 'e4834379-a7a0-5f41-8193-f598072b1c83', DEFAULT, DEFAULT), ('8bfeb6d5-d92f-5041-aa1b-39b8365c0a59', 'Qui Exercitation', 'e4834379-a7a0-5f41-8193-f598072b1c83', DEFAULT, DEFAULT), ('8c5ef042-1b14-56ed-adba-e25d3960a3cf', 'Mollit Culpa', 'e4834379-a7a0-5f41-8193-f598072b1c83', DEFAULT, DEFAULT), ('01807616-77b8-51e2-9a97-d85b00b2c474', 'Occaecat', 'e4834379-a7a0-5f41-8193-f598072b1c83', DEFAULT, DEFAULT), ('a8766652-5cf4-5e66-ba6d-9eb457dff942', 'Adipisicing Aliquip ', 'a9f91eda-269f-54d0-83de-05f0c2ecbf08', DEFAULT, DEFAULT), ('43bcab14-4a69-5e60-a07f-cda2fe595a2a', 'Pariatur Et Esse', 'a9f91eda-269f-54d0-83de-05f0c2ecbf08', DEFAULT, DEFAULT), ('203ac13e-e5b1-548e-a7da-5d8cff932053', 'Amet Exercitation', 'a9f91eda-269f-54d0-83de-05f0c2ecbf08', DEFAULT, DEFAULT), ('1332e392-1ac8-57d9-8262-948f66c89fe9', 'Duis Non', 'a9f91eda-269f-54d0-83de-05f0c2ecbf08', DEFAULT, DEFAULT), ('b88b1af1-79fe-5af5-9c91-0c77ed20973b', 'Qui Cillum Laboris', 'a9f91eda-269f-54d0-83de-05f0c2ecbf08', DEFAULT, DEFAULT), ('d073b0b8-955f-5aab-9c76-3aebe9fa08b6', 'Eiusmod Est', 'a9f91eda-269f-54d0-83de-05f0c2ecbf08', DEFAULT, DEFAULT), ('495c6cc5-490c-50dd-b1c5-aaf0110ec764', 'Dolore Laboris', 'a9f91eda-269f-54d0-83de-05f0c2ecbf08', DEFAULT, DEFAULT), ('c9fc147f-dadb-5b75-8ed7-efb86a7392ce', 'Amet Magna', 'a9f91eda-269f-54d0-83de-05f0c2ecbf08', DEFAULT, DEFAULT), ('02489279-3f4c-5f0f-845f-6f8bb51bae87', 'Esse Dolore Nisi', 'a9f91eda-269f-54d0-83de-05f0c2ecbf08', DEFAULT, DEFAULT), ('fc14352d-4abe-5826-a292-f6661223ae86', 'Sint Nulla', 'a9f91eda-269f-54d0-83de-05f0c2ecbf08', DEFAULT, DEFAULT), ('5783cab4-e010-523b-b893-81b388f43d06', 'Adipisicing Anim', 'c0062d28-74ce-56b0-8124-852c5c4cdd1f', DEFAULT, DEFAULT), ('01bb02e3-6d00-5b11-ba00-2f6b060dfb2e', 'Commodo Fugiat', 'c0062d28-74ce-56b0-8124-852c5c4cdd1f', DEFAULT, DEFAULT), ('a9752d0c-ade4-58c6-b746-1b9df56a3d08', 'Ad Nisi', 'c0062d28-74ce-56b0-8124-852c5c4cdd1f', DEFAULT, DEFAULT), ('5cdb9712-16b6-532e-9cc7-8cf7dfbe9b6b', 'Consequat', 'c0062d28-74ce-56b0-8124-852c5c4cdd1f', DEFAULT, DEFAULT), ('47c1a5aa-1c4a-5781-9c8f-968a639137d7', 'Mollit Do Amet', 'c0062d28-74ce-56b0-8124-852c5c4cdd1f', DEFAULT, DEFAULT), ('3c19e2d6-1e17-5580-adbc-319ee6c74e3c', 'Amet', 'c0062d28-74ce-56b0-8124-852c5c4cdd1f', DEFAULT, DEFAULT), ('3adfc207-aaeb-5fa1-b329-eb7ef2061320', 'Exercitation Pariatu', 'a1d779f7-e622-5cd1-b766-eb2b7925b3c0', DEFAULT, DEFAULT), ('096adf71-c74e-5b77-822b-46a8768797c5', 'Anim Et', 'a1d779f7-e622-5cd1-b766-eb2b7925b3c0', DEFAULT, DEFAULT), ('65d8ad86-6271-552b-8704-fabcdcf18cdb', 'Eu', 'a1d779f7-e622-5cd1-b766-eb2b7925b3c0', DEFAULT, DEFAULT), ('9a52e2af-cb63-5ab2-95a7-ae32f01d6a1c', 'Aliquip', 'a1d779f7-e622-5cd1-b766-eb2b7925b3c0', DEFAULT, DEFAULT), ('f7f33f5b-7e02-5784-9db2-ed2995544a54', 'Aute', 'a1d779f7-e622-5cd1-b766-eb2b7925b3c0', DEFAULT, DEFAULT), ('ba4d6fef-111f-5ce5-883e-2b3880f373bf', 'Laborum Esse', 'a1d779f7-e622-5cd1-b766-eb2b7925b3c0', DEFAULT, DEFAULT), ('405dd580-b1c8-5c0e-9df0-d82b7f57175d', 'Anim Proident', 'a1d779f7-e622-5cd1-b766-eb2b7925b3c0', DEFAULT, DEFAULT), ('39da01f0-2195-5fc3-a74a-d12c26c902a3', 'Nisi Anim', 'bd4e2ea6-e7d4-5655-93cc-d1ed71c3483c', DEFAULT, DEFAULT), ('fbbb9719-f3d1-5ce2-b584-4b70bf5bb135', 'Quis Et Pariatur', 'bd4e2ea6-e7d4-5655-93cc-d1ed71c3483c', DEFAULT, DEFAULT), ('5f651c76-ceba-56db-bd60-512d4079ec53', 'Officia Ex', 'bd4e2ea6-e7d4-5655-93cc-d1ed71c3483c', DEFAULT, DEFAULT), ('9af6e0ef-7015-5390-856a-705032c2e40e', 'Laborum', 'bd4e2ea6-e7d4-5655-93cc-d1ed71c3483c', DEFAULT, DEFAULT), ('5034bc4f-306f-5e76-8ef2-99198efc3a69', 'Cillum', 'bd4e2ea6-e7d4-5655-93cc-d1ed71c3483c', DEFAULT, DEFAULT), ('e7ba2b18-a57c-5b02-9714-d376d9ea922f', 'Sit', 'fb2f612f-57ab-526e-8b57-f5de07942107', DEFAULT, DEFAULT), ('ccd28d41-9086-5b64-b351-585431787bb7', 'Magna Incididunt', 'fb2f612f-57ab-526e-8b57-f5de07942107', DEFAULT, DEFAULT), ('6a248992-e0a8-5c27-8d71-fd2cfd3a1fd6', 'Nisi Fugiat', 'fb2f612f-57ab-526e-8b57-f5de07942107', DEFAULT, DEFAULT), ('72d447b0-a4fa-5de7-bb4c-9ff5f169dfea', 'Elit Duis', 'fb2f612f-57ab-526e-8b57-f5de07942107', DEFAULT, DEFAULT), ('eeba85da-b4f7-5195-887e-28b7dc8a5236', 'Sunt Qui', 'fb2f612f-57ab-526e-8b57-f5de07942107', DEFAULT, DEFAULT), ('1f9495a7-9f91-5b8e-a431-ff0404db08b3', 'Eu Do', 'fb2f612f-57ab-526e-8b57-f5de07942107', DEFAULT, DEFAULT), ('ec0fecde-72da-5866-9b82-27edb33f804a', 'Commodo Id', 'fb2f612f-57ab-526e-8b57-f5de07942107', DEFAULT, DEFAULT), ('bf251b09-11da-503b-84c5-60ec2f7d4e17', 'Adipisicing Anim', 'fb2f612f-57ab-526e-8b57-f5de07942107', DEFAULT, DEFAULT), ('7154e631-e6aa-5d5a-a566-f6558cc7a8ba', 'In Consectetur', 'fb2f612f-57ab-526e-8b57-f5de07942107', DEFAULT, DEFAULT), ('f457d7a7-01f9-5225-b07a-0e782525bbc7', 'Et Duis', '38cee772-792e-54fe-ae0f-d62f75f71c11', DEFAULT, DEFAULT), ('0fa12fcf-97e2-5065-a698-e366ca117702', 'Aliquip', '38cee772-792e-54fe-ae0f-d62f75f71c11', DEFAULT, DEFAULT), ('b4725825-2a5a-5e18-a190-e59f4cb9f1b5', 'Eiusmod', '38cee772-792e-54fe-ae0f-d62f75f71c11', DEFAULT, DEFAULT), ('d1dc8a74-c651-5dbd-b484-1cd2c51db9b9', 'Occaecat', '38cee772-792e-54fe-ae0f-d62f75f71c11', DEFAULT, DEFAULT), ('40747f76-ad34-5508-ba43-ef538c943cc0', 'Sint Quis', '38cee772-792e-54fe-ae0f-d62f75f71c11', DEFAULT, DEFAULT), ('45173bfe-a11f-574a-ac25-21cda1308ec9', 'Elit Consectetur', '60f279f1-b04c-57b1-b6aa-b71a8811c6ab', DEFAULT, DEFAULT), ('28e4b717-ba20-5ce6-96db-f08421aa2fc7', 'Ad Mollit Esse', '60f279f1-b04c-57b1-b6aa-b71a8811c6ab', DEFAULT, DEFAULT), ('d35ecca3-ac35-5e28-8e7e-6a25de908d18', 'Exercitation Tempor', '60f279f1-b04c-57b1-b6aa-b71a8811c6ab', DEFAULT, DEFAULT), ('e334db45-3389-5a47-b7c9-4ff8121637b5', 'Ad Eu', '60f279f1-b04c-57b1-b6aa-b71a8811c6ab', DEFAULT, DEFAULT), ('0a9347d2-3396-5e6a-98f1-b406ca195226', 'Exercitation Velit', '60f279f1-b04c-57b1-b6aa-b71a8811c6ab', DEFAULT, DEFAULT), ('71edf17f-e471-58c3-bbf8-8111bd6c7c8e', 'Velit Elit Tempor', '60f279f1-b04c-57b1-b6aa-b71a8811c6ab', DEFAULT, DEFAULT), ('fc6d457c-9711-5cde-813c-d584f858faae', 'Ea', '60f279f1-b04c-57b1-b6aa-b71a8811c6ab', DEFAULT, DEFAULT), ('b737f334-53a3-585e-98d7-69fce744e35e', 'Cillum', 'b5d35d7e-f19e-568e-9efe-911f779c892f', DEFAULT, DEFAULT), ('8babc841-00b0-585f-9ca3-85ef68fec1f7', 'Fugiat', 'b5d35d7e-f19e-568e-9efe-911f779c892f', DEFAULT, DEFAULT), ('79efb743-bb54-546e-8bdf-089509399715', 'Sunt Elit', 'b5d35d7e-f19e-568e-9efe-911f779c892f', DEFAULT, DEFAULT), ('86e03e09-1744-508f-b91c-c48f85d8ffcb', 'Voluptate', 'b5d35d7e-f19e-568e-9efe-911f779c892f', DEFAULT, DEFAULT), ('6451b879-16d7-5644-b6b9-87dd18b3facf', 'Lorem Laboris Culpa', 'b5d35d7e-f19e-568e-9efe-911f779c892f', DEFAULT, DEFAULT), ('47e5d6a1-6a7c-5068-97e6-b73d6f3b47c1', 'Adipisicing Deserunt', 'b5d35d7e-f19e-568e-9efe-911f779c892f', DEFAULT, DEFAULT), ('ea56a5ec-2249-5fba-8891-278bcdbbb33d', 'Cupidatat Ea In', 'b5d35d7e-f19e-568e-9efe-911f779c892f', DEFAULT, DEFAULT), ('c72c7230-479d-51cc-940d-5fec1bea4502', 'Sunt Irure', 'b5d35d7e-f19e-568e-9efe-911f779c892f', DEFAULT, DEFAULT), ('c8f3e8fc-81cf-5046-86bf-a7cd958a07aa', 'Anim Ipsum', 'b5d35d7e-f19e-568e-9efe-911f779c892f', DEFAULT, DEFAULT), ('844afdcc-93cf-55c8-b0f1-1cc22329a30b', 'Voluptate Irure Dese', '3db3509a-5565-5145-aa2d-eb656db639a3', DEFAULT, DEFAULT), ('290bcd64-8663-5670-8efa-64e864979bbb', 'Dolor Quis', '3db3509a-5565-5145-aa2d-eb656db639a3', DEFAULT, DEFAULT), ('897e7fb9-bd9c-59e3-afc7-d1c31ec7ef34', 'Magna', '3db3509a-5565-5145-aa2d-eb656db639a3', DEFAULT, DEFAULT), ('f3376d8d-17f3-5259-a5b0-af6d5e21e7e2', 'Aliquip', '3db3509a-5565-5145-aa2d-eb656db639a3', DEFAULT, DEFAULT), ('5ce056de-a21e-5eba-9d47-e09232047aae', 'Labore Commodo Esse', '3db3509a-5565-5145-aa2d-eb656db639a3', DEFAULT, DEFAULT), ('fd8e258e-4711-5b22-b0f3-1f5725eb642f', 'Aliquip Nostrud', '3db3509a-5565-5145-aa2d-eb656db639a3', DEFAULT, DEFAULT), ('e5d977c2-2a0e-5703-8ee9-4796e3967ae0', 'Quis Voluptate', '3db3509a-5565-5145-aa2d-eb656db639a3', DEFAULT, DEFAULT), ('583774ae-7432-5503-850f-867e82c0838b', 'Id Ad Sunt', '16b2ddd9-4627-52fa-8115-8453cfa39374', DEFAULT, DEFAULT), ('225b2186-bb16-5b0a-b7be-47fd3c5a5cf9', 'Do Eu', '16b2ddd9-4627-52fa-8115-8453cfa39374', DEFAULT, DEFAULT), ('fc295a44-56fb-5a65-beee-66fd6554ae26', 'Proident Aliqua', '16b2ddd9-4627-52fa-8115-8453cfa39374', DEFAULT, DEFAULT), ('88133dcb-8b00-5c2c-aee5-9f0743f5239d', 'Ad Ad', '16b2ddd9-4627-52fa-8115-8453cfa39374', DEFAULT, DEFAULT), ('9bcb6997-9423-57c0-978a-09ad67de00e3', 'Reprehenderit Eiusmo', '16b2ddd9-4627-52fa-8115-8453cfa39374', DEFAULT, DEFAULT), ('7c1b7c00-d84e-5216-9c13-9544eccd96d4', 'Sunt', '16b2ddd9-4627-52fa-8115-8453cfa39374', DEFAULT, DEFAULT), ('34e08312-6163-54ad-8f00-271b535d720e', 'Lorem Eu', '235fae27-2669-539e-8784-3dcbaac570cc', DEFAULT, DEFAULT), ('b21c180f-341f-510e-96d3-d4e40909d89e', 'Enim Aliqua', '235fae27-2669-539e-8784-3dcbaac570cc', DEFAULT, DEFAULT), ('e09a1a6c-2073-587c-bb13-604903ae6e80', 'Qui', '235fae27-2669-539e-8784-3dcbaac570cc', DEFAULT, DEFAULT), ('c3c19070-f0b8-5d8b-8806-a00d5fe919aa', 'Aliqua', '235fae27-2669-539e-8784-3dcbaac570cc', DEFAULT, DEFAULT), ('dc376aff-9563-59fe-ac16-2760fcfb9752', 'Dolor Do', '235fae27-2669-539e-8784-3dcbaac570cc', DEFAULT, DEFAULT), ('f8c28949-a64a-5955-ab9b-9c82a976b917', 'Ullamco Pariatur', '235fae27-2669-539e-8784-3dcbaac570cc', DEFAULT, DEFAULT), ('f3ebe9e0-f337-5a54-9800-1b3119ecb916', 'Consectetur Minim', '235fae27-2669-539e-8784-3dcbaac570cc', DEFAULT, DEFAULT), ('a3141029-aec2-543b-b18a-49fe947e3304', 'Laboris Ipsum', '782f7eda-e535-5ab3-8415-643126d3b0fa', DEFAULT, DEFAULT), ('6c52c1d9-13a4-51ef-ae51-1dacc4c14be9', 'Velit Esse', '782f7eda-e535-5ab3-8415-643126d3b0fa', DEFAULT, DEFAULT), ('2589cf16-4103-5a4f-b544-b30078083eaa', 'Ea', '782f7eda-e535-5ab3-8415-643126d3b0fa', DEFAULT, DEFAULT), ('a88bc9b9-135e-55c7-8c4c-5a072a3c8573', 'Tempor Consectetur U', '782f7eda-e535-5ab3-8415-643126d3b0fa', DEFAULT, DEFAULT), ('8b7e423b-b9b9-5b3c-bf3d-1aa45d16235c', 'Eiusmod Nulla Ad', '782f7eda-e535-5ab3-8415-643126d3b0fa', DEFAULT, DEFAULT), ('882c7ae5-914f-539d-8207-691de536097f', 'Irure Velit', '782f7eda-e535-5ab3-8415-643126d3b0fa', DEFAULT, DEFAULT), ('811570ef-0b81-508d-ba05-2f5e812d4131', 'Sint Adipisicing Vel', '782f7eda-e535-5ab3-8415-643126d3b0fa', DEFAULT, DEFAULT), ('9b1fc781-1e4e-56d2-bd68-0dc257a319c0', 'Aliqua Aliqua', '5daf6f25-3b97-5f49-8f75-4ba5d1d74cd3', DEFAULT, DEFAULT), ('8a0a556f-d942-55f0-8ba8-1ffbfaf3c6d9', 'Qui Commodo Exercita', '5daf6f25-3b97-5f49-8f75-4ba5d1d74cd3', DEFAULT, DEFAULT), ('91fa3874-9437-5dfa-a49a-f19fb38d9e92', 'Laborum Mollit Culpa', '5daf6f25-3b97-5f49-8f75-4ba5d1d74cd3', DEFAULT, DEFAULT), ('eda91f04-12ef-5904-88aa-e6ed9a692e03', 'Consequat Voluptate ', '5daf6f25-3b97-5f49-8f75-4ba5d1d74cd3', DEFAULT, DEFAULT), ('3204ce32-7c5b-5953-969e-fe1d17de6e76', 'Ex Dolore', '3788fdae-c690-5563-abac-18b51e4d210f', DEFAULT, DEFAULT), ('eecf8a7e-af2f-524d-a645-c5fba3ebda06', 'Elit', '3788fdae-c690-5563-abac-18b51e4d210f', DEFAULT, DEFAULT), ('8d3f145b-67b0-504d-b49a-d59ecea5d2d8', 'Aliqua Esse', '3788fdae-c690-5563-abac-18b51e4d210f', DEFAULT, DEFAULT), ('d00c085d-72d6-5114-a5fd-ba818539c2f7', 'Nisi', '3788fdae-c690-5563-abac-18b51e4d210f', DEFAULT, DEFAULT), ('de459427-bb2c-5381-bdbf-7126efbb65c9', 'Dolore Lorem', '3788fdae-c690-5563-abac-18b51e4d210f', DEFAULT, DEFAULT), ('fd2a8113-662a-5782-9e12-f7b49eee56e0', 'Ea Nulla Incididunt', '3788fdae-c690-5563-abac-18b51e4d210f', DEFAULT, DEFAULT), ('5c25ba01-ab4d-5527-9a41-d79d770f3d79', 'Aliquip', '3788fdae-c690-5563-abac-18b51e4d210f', DEFAULT, DEFAULT), ('bbcbd7eb-4377-550e-af45-f77d693d98fe', 'Laborum', '3788fdae-c690-5563-abac-18b51e4d210f', DEFAULT, DEFAULT), ('d6d652bf-48a5-5a85-a95d-16c25edc5397', 'Amet Adipisicing', '177ae72e-41a6-5325-80d6-452827ea5918', DEFAULT, DEFAULT), ('94170f3d-888c-58bc-bc18-13592bfb52c5', 'Nisi Qui Exercitatio', '177ae72e-41a6-5325-80d6-452827ea5918', DEFAULT, DEFAULT), ('1e0af0c0-30ba-5a06-9647-a83cef3d815d', 'Dolor Ullamco', '177ae72e-41a6-5325-80d6-452827ea5918', DEFAULT, DEFAULT), ('097c4d8e-94d3-5fd3-94ca-7bbb66cf6929', 'Et Nostrud', '177ae72e-41a6-5325-80d6-452827ea5918', DEFAULT, DEFAULT), ('2daf5548-f681-577a-9912-670e1304b2ad', 'Consectetur', '177ae72e-41a6-5325-80d6-452827ea5918', DEFAULT, DEFAULT), ('36ab6720-a24b-578b-8d3f-3d9bb0485851', 'Sit Voluptate', '177ae72e-41a6-5325-80d6-452827ea5918', DEFAULT, DEFAULT), ('960932a7-c474-5ba2-97bb-0581aeeca485', 'Quis Labore', '177ae72e-41a6-5325-80d6-452827ea5918', DEFAULT, DEFAULT), ('d9d9ad5e-1233-511b-bc7d-1f7d6c3d7a35', 'Sunt', '177ae72e-41a6-5325-80d6-452827ea5918', DEFAULT, DEFAULT), ('70b4d1da-5ee3-5bd6-aecb-9af8ab670b84', 'Voluptate Fugiat Ven', 'c0a2f5c4-7781-5310-ad3c-e7b9f41a7ace', DEFAULT, DEFAULT), ('2da4149c-bf3e-5f98-b904-591c69530871', 'Ea Amet', 'c0a2f5c4-7781-5310-ad3c-e7b9f41a7ace', DEFAULT, DEFAULT), ('a69d43fa-2222-5203-b590-140e62599451', 'Cupidatat Consequat', 'c0a2f5c4-7781-5310-ad3c-e7b9f41a7ace', DEFAULT, DEFAULT), ('f6a7cc82-a609-50ee-a839-9fa8b1a9631d', 'Consectetur Tempor', 'c0a2f5c4-7781-5310-ad3c-e7b9f41a7ace', DEFAULT, DEFAULT), ('00644310-2ebb-53b6-b6cd-c599924419bd', 'Voluptate Duis Aute', 'c0a2f5c4-7781-5310-ad3c-e7b9f41a7ace', DEFAULT, DEFAULT), ('3de7919f-8a6e-5a5a-ad06-07f2ad53b96d', 'Ut', 'c0a2f5c4-7781-5310-ad3c-e7b9f41a7ace', DEFAULT, DEFAULT), ('495390bc-68e6-52a4-b1ba-2f994586821a', 'Consequat Enim', 'c0a2f5c4-7781-5310-ad3c-e7b9f41a7ace', DEFAULT, DEFAULT), ('a6586816-3687-592a-bbeb-b4d089115511', 'Consequat Dolore Iru', 'c0a2f5c4-7781-5310-ad3c-e7b9f41a7ace', DEFAULT, DEFAULT), ('b81bd935-192e-5281-86b5-9cd33c3ee95a', 'Irure Ea', 'c0a2f5c4-7781-5310-ad3c-e7b9f41a7ace', DEFAULT, DEFAULT), ('28a1ca86-fc34-5d5b-bda6-792b581f58de', 'Minim Eiusmod Incidi', '71c019c0-f4c8-51ac-bfff-4141eabf85f3', DEFAULT, DEFAULT), ('c801d235-e02a-5267-8201-eecb86948b65', 'Adipisicing Nostrud ', '71c019c0-f4c8-51ac-bfff-4141eabf85f3', DEFAULT, DEFAULT), ('ad1bbcac-cdbb-551f-b25a-b14b40074515', 'Nisi Exercitation', '71c019c0-f4c8-51ac-bfff-4141eabf85f3', DEFAULT, DEFAULT), ('af85f96c-efbd-584c-bdd4-26c4e2f3e556', 'Aliqua Ex', '71c019c0-f4c8-51ac-bfff-4141eabf85f3', DEFAULT, DEFAULT), ('ee198d66-a798-52a5-8b79-9931f7b835e3', 'Exercitation Ea', '71c019c0-f4c8-51ac-bfff-4141eabf85f3', DEFAULT, DEFAULT), ('9a2c5b91-3c65-50ae-8188-68db1f1edfc4', 'Lorem', '71c019c0-f4c8-51ac-bfff-4141eabf85f3', DEFAULT, DEFAULT), ('a78f49ae-5f15-5b14-baf5-6abdb727fcc1', 'Aliqua', '71c019c0-f4c8-51ac-bfff-4141eabf85f3', DEFAULT, DEFAULT), ('a3df44c1-25a3-5190-a8bc-004597063afc', 'In Deserunt', '71c019c0-f4c8-51ac-bfff-4141eabf85f3', DEFAULT, DEFAULT), ('ee88c41d-7461-5ecc-a96b-908770bc5575', 'Occaecat Lorem', '71c019c0-f4c8-51ac-bfff-4141eabf85f3', DEFAULT, DEFAULT), ('d267e1b9-665d-5421-bb3b-be698dae48a8', 'Exercitation Ipsum', '71c019c0-f4c8-51ac-bfff-4141eabf85f3', DEFAULT, DEFAULT), ('b67e09de-df70-515b-91d0-6e53f3b4a58a', 'Tempor', 'ab4eb860-b9b9-58f5-84c6-b76a08d23dfd', DEFAULT, DEFAULT), ('fe24988b-bca5-5bf5-be0f-c92da7b2cbe1', 'Ullamco Cillum', 'ab4eb860-b9b9-58f5-84c6-b76a08d23dfd', DEFAULT, DEFAULT), ('fb634118-b8a6-50b7-9010-0317dd27fba6', 'Laboris Eiusmod Eu', 'ab4eb860-b9b9-58f5-84c6-b76a08d23dfd', DEFAULT, DEFAULT), ('cda3814f-c14d-5dcf-a835-797df84f6d99', 'Nulla', 'ab4eb860-b9b9-58f5-84c6-b76a08d23dfd', DEFAULT, DEFAULT), ('98bf31df-37fd-5af6-86dd-8686cdc35eeb', 'Nisi Fugiat Tempor', 'dd9140ad-b92d-5673-a8c2-8b1c4e3e8697', DEFAULT, DEFAULT), ('ae956930-bebe-5aad-83f8-b8d0cae36371', 'Adipisicing Veniam', 'dd9140ad-b92d-5673-a8c2-8b1c4e3e8697', DEFAULT, DEFAULT), ('e20720a7-b660-50e0-8da5-8784fa26a31d', 'Non Do Adipisicing', 'dd9140ad-b92d-5673-a8c2-8b1c4e3e8697', DEFAULT, DEFAULT), ('2dbccffd-e7a5-5653-9dc6-18e988716abe', 'Irure Officia', 'dd9140ad-b92d-5673-a8c2-8b1c4e3e8697', DEFAULT, DEFAULT), ('d905224a-1767-5e97-ad1a-f223ab64cd44', 'Aute Voluptate', 'dd9140ad-b92d-5673-a8c2-8b1c4e3e8697', DEFAULT, DEFAULT), ('051188d3-54fa-59f4-adc8-b929fcb2c826', 'Duis Nostrud Consequ', 'dd9140ad-b92d-5673-a8c2-8b1c4e3e8697', DEFAULT, DEFAULT), ('66e9a4f5-02a0-54af-823e-5e95c7ab9df1', 'Consequat Et', 'dd9140ad-b92d-5673-a8c2-8b1c4e3e8697', DEFAULT, DEFAULT), ('472a7075-ea0f-5e44-b5c9-6ef12ccd3736', 'Culpa Adipisicing Lo', 'dd9140ad-b92d-5673-a8c2-8b1c4e3e8697', DEFAULT, DEFAULT), ('94daea14-9b93-5933-9044-5ccc1eb32f8f', 'Nostrud Labore Venia', '78de8c0c-fe2d-50bd-afca-68bed9f87cd0', DEFAULT, DEFAULT), ('dc58dd7b-bb54-5abe-8208-becc5e0561ad', 'Commodo Occaecat', '78de8c0c-fe2d-50bd-afca-68bed9f87cd0', DEFAULT, DEFAULT), ('63e38d08-3dd9-5569-ab28-f70e94b3cdb7', 'Aliquip Dolore', '78de8c0c-fe2d-50bd-afca-68bed9f87cd0', DEFAULT, DEFAULT), ('59fbbc7c-edc9-5d3c-9170-cf6acabbcd28', 'Aliqua Ea', '81e51b22-aab8-5050-a735-aa5917f8771b', DEFAULT, DEFAULT), ('7bf99080-cdc6-5456-b6d5-417e28b4eba5', 'Nulla Cillum Reprehe', '81e51b22-aab8-5050-a735-aa5917f8771b', DEFAULT, DEFAULT), ('d2f08d89-447f-5d3d-96e5-385ed888c091', 'Pariatur Reprehender', '81e51b22-aab8-5050-a735-aa5917f8771b', DEFAULT, DEFAULT), ('9e6824f3-dac2-540f-9e3d-8797171dab14', 'Ad Dolore Consectetu', '81e51b22-aab8-5050-a735-aa5917f8771b', DEFAULT, DEFAULT), ('d1b6355b-0594-5d07-b55b-72d2c66a1391', 'Duis', 'f6cb58dd-a0aa-5d2b-8ce5-200e44be4f36', DEFAULT, DEFAULT), ('77085b75-b014-57d0-8618-9cc95436a25e', 'Ullamco Dolore', 'f6cb58dd-a0aa-5d2b-8ce5-200e44be4f36', DEFAULT, DEFAULT), ('2f76c526-de17-58f1-a75e-aee239f7ed57', 'Voluptate Nisi', 'f6cb58dd-a0aa-5d2b-8ce5-200e44be4f36', DEFAULT, DEFAULT), ('3c0af99e-82a0-5346-8da5-2d2825b8a66d', 'Mollit', '48ed64cc-01ce-5cc6-8ffd-8d552f857570', DEFAULT, DEFAULT), ('7c0f6282-7933-5431-8e88-9d2b9f09f272', 'Sunt Cupidatat Volup', '48ed64cc-01ce-5cc6-8ffd-8d552f857570', DEFAULT, DEFAULT), ('c97097d9-c6b8-5a50-931a-369c86f1535e', 'Est Adipisicing', '48ed64cc-01ce-5cc6-8ffd-8d552f857570', DEFAULT, DEFAULT), ('9f26eece-7e59-5b46-a98b-848dc55a0cda', 'In Deserunt', '48ed64cc-01ce-5cc6-8ffd-8d552f857570', DEFAULT, DEFAULT), ('75b1f4f3-d352-56de-83dd-e679684b060c', 'Amet Ex Quis', '48ed64cc-01ce-5cc6-8ffd-8d552f857570', DEFAULT, DEFAULT), ('80e684c5-9f07-5388-b150-556bc24cb77f', 'Cupidatat Lorem Anim', '48ed64cc-01ce-5cc6-8ffd-8d552f857570', DEFAULT, DEFAULT), ('4c13eae9-db84-5ef3-81db-cf60400b290d', 'Deserunt', '48ed64cc-01ce-5cc6-8ffd-8d552f857570', DEFAULT, DEFAULT), ('a6f51480-ebce-53e5-aaa6-82ae5d7deefa', 'Sint Incididunt', '48ed64cc-01ce-5cc6-8ffd-8d552f857570', DEFAULT, DEFAULT), ('ab31b5c9-e8c8-55c1-ab94-82606fe7ed9a', 'Voluptate In', '48ed64cc-01ce-5cc6-8ffd-8d552f857570', DEFAULT, DEFAULT), ('a9122079-3a20-5358-b879-888db7308da4', 'Aute Incididunt', '48ed64cc-01ce-5cc6-8ffd-8d552f857570', DEFAULT, DEFAULT), ('09bca3f4-0d37-5f5a-b637-9d7942a17cff', 'Pariatur', '0cb21e27-1e4d-50c9-bd0d-f6696d98b44c', DEFAULT, DEFAULT), ('2ca679b7-4687-5422-ac57-c89cfa36e3c8', 'Esse Minim', '0cb21e27-1e4d-50c9-bd0d-f6696d98b44c', DEFAULT, DEFAULT), ('ba60341e-ffca-5a8d-85d2-58afc6ff269c', 'Nisi', '0cb21e27-1e4d-50c9-bd0d-f6696d98b44c', DEFAULT, DEFAULT), ('deab978c-4953-507c-b4fb-f509dd35f454', 'Voluptate', '0cb21e27-1e4d-50c9-bd0d-f6696d98b44c', DEFAULT, DEFAULT), ('c379a417-3b5c-5e05-a7ca-c545e0d33c70', 'Consequat Deserunt C', '0cb21e27-1e4d-50c9-bd0d-f6696d98b44c', DEFAULT, DEFAULT), ('21d7354f-afef-5425-9907-92a0ff9e7110', 'Proident', '0cb21e27-1e4d-50c9-bd0d-f6696d98b44c', DEFAULT, DEFAULT), ('e25e0c45-28e1-5923-b63d-64b8ddeff422', 'Id Aliquip Aute', '0cb21e27-1e4d-50c9-bd0d-f6696d98b44c', DEFAULT, DEFAULT), ('51a084b6-d183-5fbc-beeb-9d670865e2cb', 'Voluptate Deserunt', '0cb21e27-1e4d-50c9-bd0d-f6696d98b44c', DEFAULT, DEFAULT), ('831f051c-863e-5783-acbb-10017cb1c3ce', 'Deserunt Enim Laboru', '0cb21e27-1e4d-50c9-bd0d-f6696d98b44c', DEFAULT, DEFAULT), ('e7f83ffe-83ca-5298-b8f5-29bb4ce158a7', 'Tempor Eu', '0cb21e27-1e4d-50c9-bd0d-f6696d98b44c', DEFAULT, DEFAULT), ('061a9df6-5f3b-55cf-9879-eec1a4061457', 'Est Amet', '29d37d99-954e-5434-8e90-9d564d65e434', DEFAULT, DEFAULT), ('f8fbdff1-11b4-54fa-ab90-292d82d3d353', 'Cupidatat Voluptate', '29d37d99-954e-5434-8e90-9d564d65e434', DEFAULT, DEFAULT), ('3af5be38-b117-5675-8d7a-e27a1a34e8a8', 'Laborum', '29d37d99-954e-5434-8e90-9d564d65e434', DEFAULT, DEFAULT), ('ab07c47c-511a-5092-acb9-cbf862e0076b', 'Consequat Veniam', '29d37d99-954e-5434-8e90-9d564d65e434', DEFAULT, DEFAULT), ('f46ce5c6-3097-5b5d-8213-37b749a8664f', 'In', '29d37d99-954e-5434-8e90-9d564d65e434', DEFAULT, DEFAULT), ('6653ef95-0532-561d-a71b-05f5c1bc302b', 'Officia Ipsum Non', '64957ee8-7d0b-54ac-82da-6c959456806c', DEFAULT, DEFAULT), ('a9072b83-7976-58e9-a9c4-45664532f42e', 'Eu Consequat', '64957ee8-7d0b-54ac-82da-6c959456806c', DEFAULT, DEFAULT), ('1bdf6d4a-906f-5da5-b91f-35917468bf74', 'Adipisicing Anim', '64957ee8-7d0b-54ac-82da-6c959456806c', DEFAULT, DEFAULT), ('830a4bb5-d929-5c1b-94fc-74a53795cc52', 'Pariatur Dolore', '64957ee8-7d0b-54ac-82da-6c959456806c', DEFAULT, DEFAULT), ('0f271189-6f05-5fbd-95b4-ad7e10a0703b', 'Quis Mollit', '64957ee8-7d0b-54ac-82da-6c959456806c', DEFAULT, DEFAULT), ('f754848a-9cd5-551c-9bb4-aa81e33b42af', 'Aute Ea', '64957ee8-7d0b-54ac-82da-6c959456806c', DEFAULT, DEFAULT), ('95f6e66b-0348-54f6-ae25-2030a33390b2', 'Deserunt Dolore Sunt', '64957ee8-7d0b-54ac-82da-6c959456806c', DEFAULT, DEFAULT), ('fc24b2c3-8978-588b-9aec-94430d8caa06', 'Ut', '64957ee8-7d0b-54ac-82da-6c959456806c', DEFAULT, DEFAULT), ('da67a96b-9942-5dc8-b342-59c6ccb73527', 'Mollit', '64957ee8-7d0b-54ac-82da-6c959456806c', DEFAULT, DEFAULT), ('5e5a298d-faa5-525e-b761-9586e7925c91', 'Ullamco', 'b96a16b9-db3a-5601-8741-9aae600f278b', DEFAULT, DEFAULT), ('6843e0c5-7d9d-55cf-a335-436ba5672a4d', 'Aliquip', 'b96a16b9-db3a-5601-8741-9aae600f278b', DEFAULT, DEFAULT), ('d0b9d9c2-bfa2-53be-a46d-d6aceafcbc2d', 'Amet Esse Fugiat', 'b96a16b9-db3a-5601-8741-9aae600f278b', DEFAULT, DEFAULT), ('84aabd0a-31ea-5dd5-9e39-ce95a07d2009', 'Deserunt Consectetur', 'b96a16b9-db3a-5601-8741-9aae600f278b', DEFAULT, DEFAULT), ('6de5d1f5-e767-54ae-ad7a-c52af47251f6', 'Exercitation', 'b96a16b9-db3a-5601-8741-9aae600f278b', DEFAULT, DEFAULT), ('99498cc5-464e-5b95-a415-0dba48b40687', 'Ut Velit', 'c25b7aec-7cbc-5229-a69a-f81a4d2a8c67', DEFAULT, DEFAULT), ('7cb09c84-7471-599f-bae0-90d61a321390', 'Do Occaecat', 'c25b7aec-7cbc-5229-a69a-f81a4d2a8c67', DEFAULT, DEFAULT), ('a727f58e-5d42-555f-a07e-84196ea16b24', 'Duis Fugiat', 'c25b7aec-7cbc-5229-a69a-f81a4d2a8c67', DEFAULT, DEFAULT), ('81cd6138-b0c3-5d83-86b9-8143c909421b', 'Nostrud Sunt Ullamco', 'c25b7aec-7cbc-5229-a69a-f81a4d2a8c67', DEFAULT, DEFAULT), ('84b4201e-d939-5d48-aba4-b4b107dfdf5d', 'Mollit', 'c25b7aec-7cbc-5229-a69a-f81a4d2a8c67', DEFAULT, DEFAULT), ('626028b2-23d2-53a4-aca9-9c9cc4158e30', 'Non Minim Qui', 'c25b7aec-7cbc-5229-a69a-f81a4d2a8c67', DEFAULT, DEFAULT), ('c6add04b-f7fe-5a4a-99c2-280079fffcdb', 'Enim Nostrud', 'c25b7aec-7cbc-5229-a69a-f81a4d2a8c67', DEFAULT, DEFAULT), ('c3fa24c3-3b50-5e24-8717-dd9782d2e82b', 'Occaecat Lorem', 'c25b7aec-7cbc-5229-a69a-f81a4d2a8c67', DEFAULT, DEFAULT), ('49bf7c9b-8021-5cb6-a1a5-59a9af0bd8ca', 'Labore', 'c25b7aec-7cbc-5229-a69a-f81a4d2a8c67', DEFAULT, DEFAULT);
UPDATE public.team SET plan_id = 58 WHERE id = '7c2c4732-09c1-5f7b-87ca-c53e7497b4ef';
UPDATE public.team SET plan_id = 58 WHERE id = 'f50563b6-8532-51ec-b121-d8c6bca3e897';
UPDATE public.team SET plan_id = 58 WHERE id = 'f1bf295c-195b-5a42-9c6b-5bfa14b58307';
UPDATE public.team SET plan_id = 58 WHERE id = 'e0eebbc8-63c9-5fee-b088-b3310b672c35';
UPDATE public.team SET plan_id = 58 WHERE id = '1c17c04a-19f5-5c48-8b6b-48fe02257ffb';
UPDATE public.team SET plan_id = 58 WHERE id = 'a2996c99-b8bb-5bf6-b789-844e821ceb82';
UPDATE public.team SET plan_id = 58 WHERE id = '5d016028-a6a3-5268-91a3-91021dbfda0a';
UPDATE public.team SET plan_id = 58 WHERE id = 'b279891e-05aa-528b-867b-dd6fe5fa77c8';
UPDATE public.team SET plan_id = 58 WHERE id = 'ff53868f-9940-575d-8fa8-923808f93a53';
UPDATE public.team SET plan_id = 58 WHERE id = '8172203a-00e7-5e0e-919b-2970e0d891df';
UPDATE public.team SET plan_id = 58 WHERE id = '7b5ee10b-959f-565b-9dac-a4bab4f6c6bf';
UPDATE public.team SET plan_id = 58 WHERE id = '38400370-0369-5239-8b08-499aef0591ef';
UPDATE public.team SET plan_id = 58 WHERE id = '77394b64-1ec1-5043-8dc3-08f9200521d4';
UPDATE public.team SET plan_id = 58 WHERE id = '56ea9a57-3786-5a49-9700-501eb57a1328';
UPDATE public.team SET plan_id = 58 WHERE id = '731fb763-1773-5758-b8dd-d75381b0e72a';
UPDATE public.team SET plan_id = 59 WHERE id = '5e20f9a8-7b26-5a5f-8426-6b12c182d23c';
UPDATE public.team SET plan_id = 59 WHERE id = '53fe0e9e-3358-5722-b994-4faad8733cd3';
UPDATE public.team SET plan_id = 59 WHERE id = 'e4834379-a7a0-5f41-8193-f598072b1c83';
UPDATE public.team SET plan_id = 59 WHERE id = 'a9f91eda-269f-54d0-83de-05f0c2ecbf08';
UPDATE public.team SET plan_id = 59 WHERE id = 'c0062d28-74ce-56b0-8124-852c5c4cdd1f';
UPDATE public.team SET plan_id = 59 WHERE id = 'a1d779f7-e622-5cd1-b766-eb2b7925b3c0';
UPDATE public.team SET plan_id = 59 WHERE id = 'bd4e2ea6-e7d4-5655-93cc-d1ed71c3483c';
UPDATE public.team SET plan_id = 59 WHERE id = 'fb2f612f-57ab-526e-8b57-f5de07942107';
UPDATE public.team SET plan_id = 59 WHERE id = '38cee772-792e-54fe-ae0f-d62f75f71c11';
UPDATE public.team SET plan_id = 59 WHERE id = '60f279f1-b04c-57b1-b6aa-b71a8811c6ab';
UPDATE public.team SET plan_id = 59 WHERE id = 'b5d35d7e-f19e-568e-9efe-911f779c892f';
UPDATE public.team SET plan_id = 59 WHERE id = '3db3509a-5565-5145-aa2d-eb656db639a3';
UPDATE public.team SET plan_id = 59 WHERE id = '16b2ddd9-4627-52fa-8115-8453cfa39374';
UPDATE public.team SET plan_id = 59 WHERE id = '235fae27-2669-539e-8784-3dcbaac570cc';
UPDATE public.team SET plan_id = 60 WHERE id = '782f7eda-e535-5ab3-8415-643126d3b0fa';
UPDATE public.team SET plan_id = 60 WHERE id = '5daf6f25-3b97-5f49-8f75-4ba5d1d74cd3';
UPDATE public.team SET plan_id = 60 WHERE id = '3788fdae-c690-5563-abac-18b51e4d210f';
UPDATE public.team SET plan_id = 60 WHERE id = '177ae72e-41a6-5325-80d6-452827ea5918';
UPDATE public.team SET plan_id = 60 WHERE id = 'c0a2f5c4-7781-5310-ad3c-e7b9f41a7ace';
UPDATE public.team SET plan_id = 60 WHERE id = '71c019c0-f4c8-51ac-bfff-4141eabf85f3';
UPDATE public.team SET plan_id = 60 WHERE id = 'ab4eb860-b9b9-58f5-84c6-b76a08d23dfd';
UPDATE public.team SET plan_id = 60 WHERE id = 'dd9140ad-b92d-5673-a8c2-8b1c4e3e8697';
UPDATE public.team SET plan_id = 60 WHERE id = '78de8c0c-fe2d-50bd-afca-68bed9f87cd0';
UPDATE public.team SET plan_id = 60 WHERE id = '81e51b22-aab8-5050-a735-aa5917f8771b';
UPDATE public.team SET plan_id = 60 WHERE id = 'f6cb58dd-a0aa-5d2b-8ce5-200e44be4f36';
UPDATE public.team SET plan_id = 60 WHERE id = '48ed64cc-01ce-5cc6-8ffd-8d552f857570';
UPDATE public.team SET plan_id = 60 WHERE id = '0cb21e27-1e4d-50c9-bd0d-f6696d98b44c';
UPDATE public.team SET plan_id = 60 WHERE id = '29d37d99-954e-5434-8e90-9d564d65e434';
UPDATE public.team SET plan_id = 60 WHERE id = '64957ee8-7d0b-54ac-82da-6c959456806c';
UPDATE public.team SET plan_id = 60 WHERE id = 'b96a16b9-db3a-5601-8741-9aae600f278b';
UPDATE public.team SET plan_id = 60 WHERE id = 'c25b7aec-7cbc-5229-a69a-f81a4d2a8c67';
SELECT setval('"public"."plan_id_seq"'::regclass, (SELECT MAX("id") FROM "public"."plan"));
INSERT INTO public.arena (id,game_id,name,metadata,created_at,updated_at) VALUES (191, 80, 'Silverlake Stadium', DEFAULT, DEFAULT, DEFAULT), (192, 79, 'Downtown Plaza Pavilion', DEFAULT, DEFAULT, DEFAULT), (193, 82, 'Bayshore Pavilion', DEFAULT, DEFAULT, DEFAULT), (194, 79, 'Sunset Stadium', DEFAULT, DEFAULT, DEFAULT), (195, 80, 'Downtown Square Pavilion', DEFAULT, DEFAULT, DEFAULT), (196, 82, 'Oceanfront Amphitheater', DEFAULT, DEFAULT, DEFAULT), (197, 82, 'Main Square Arena', DEFAULT, DEFAULT, DEFAULT), (198, 82, 'Southbank Arena', DEFAULT, DEFAULT, DEFAULT), (199, 81, 'Waterfront Amphitheater', DEFAULT, DEFAULT, DEFAULT), (200, 79, 'Meadowbrook Pavilion', DEFAULT, DEFAULT, DEFAULT);
SELECT setval('"public"."arena_id_seq"'::regclass, (SELECT MAX("id") FROM "public"."arena"));
INSERT INTO public.blueprint (id,book_id,arena_id,visibility,name,tags,created_at,updated_at) VALUES ('fd4a2d4e-8569-59ca-837d-fb7fa0ab1be1', '549980e7-3e77-5d76-b263-84664d04b209', 195, 'public', 'Roaming Support Plan', '{"deserunt","veniam consequat tempor","ad elit","aliqua veniam est","quis tempor consectetur elit nis","tempor veniam mollit","duis minim in voluptate ea","do aliqua labore","minim occaecat et qui"}', DEFAULT, DEFAULT), ('e0502ed9-8194-54d4-be5d-43176e2a7438', '99498cc5-464e-5b95-a415-0dba48b40687', 198, 'unlisted', 'Roaming Support Plan', '{"dolore nostrud pariatur","est","aute nulla","officia","elit laborum incididunt","tempor ullamco","occaecat laborum nostrud reprehe"}', DEFAULT, DEFAULT), ('cba89714-5b1d-590f-92a2-27cfb555b7e4', 'da67a96b-9942-5dc8-b342-59c6ccb73527', 194, 'public', 'Gank Heavy Approach', '{"sint","esse aliqua"}', DEFAULT, DEFAULT), ('497b8842-fb80-5638-ba6f-3f3e64daa06b', 'a5831e58-2fc9-5b59-970d-00c344a4eb18', 192, 'public', 'Map Control Blueprint', '{"amet","ex ullamco aute anim"}', DEFAULT, DEFAULT), ('75fbf0dd-b3c9-5513-87f0-9d9a9004f64c', '88133dcb-8b00-5c2c-aee5-9f0743f5239d', 193, 'private', 'Baron Control Strategy', '{"nisi laboris ex enim reprehender","incididunt voluptate reprehender","reprehenderit eiusmod dolore exe","quis irure ullamco"}', DEFAULT, DEFAULT), ('0352b4c9-6de9-5702-929d-3d622c6456a1', '84b4201e-d939-5d48-aba4-b4b107dfdf5d', 194, 'public', 'Rotation Strategy Document', '{"quis cupidatat exercitation"}', DEFAULT, DEFAULT), ('1e701d2b-566c-5f82-8280-a2a9d02ee590', 'dc376aff-9563-59fe-ac16-2760fcfb9752', 194, 'unlisted', 'Early Game Dominance Guide', '{"proident nostrud","magna ut occaecat","enim quis","laborum pariatur pariatur offici"}', DEFAULT, DEFAULT), ('f04c0ed1-b624-5092-8b98-dae6fff857dc', '274020d9-7513-5cf6-ae0b-e94ef1d1a62f', 196, 'private', 'Early Game Dominance Guide', '{"id","et minim consequat esse","ullamco dolore exercitation"}', DEFAULT, DEFAULT), ('7eef79d9-ea6c-5417-b347-09dbcb8b4c78', '225b2186-bb16-5b0a-b7be-47fd3c5a5cf9', 193, 'unlisted', 'Roaming Support Plan', '{"do","consequat occaecat","ullamco non","enim ex in proident magna"}', DEFAULT, DEFAULT), ('3aff3e37-0331-5c7a-a0f5-1b6595c2ad7b', '94daea14-9b93-5933-9044-5ccc1eb32f8f', 199, 'public', 'Baron Control Strategy', '{"exercitation sit quis Lorem ex","tempor pariatur anim id","id pariatur qui","enim sit amet","excepteur est anim","consequat","nulla ad ad exercitation excepte","cupidatat elit duis","dolore"}', DEFAULT, DEFAULT), ('7c0cf1d4-d57d-5092-a3f0-ca49e04ace52', '0f271189-6f05-5fbd-95b4-ad7e10a0703b', 193, 'public', 'Roaming Support Plan', '{"aliqua ad est","id minim excepteur dolore ex"}', DEFAULT, DEFAULT), ('26c80d6d-0d6f-5fb2-8296-8b5e9e1fdeb7', '02489279-3f4c-5f0f-845f-6f8bb51bae87', 200, 'unlisted', 'Early Game Dominance Guide', '{"quis occaecat anim","ut elit","magna incididunt ad","adipisicing adipisicing minim","non voluptate consectetur occaec"}', DEFAULT, DEFAULT), ('310ccf44-859c-5587-8001-5aa84afb3236', '8926b9fd-34b2-5421-a25c-9cd89c12cad0', 197, 'private', 'Wave Management Plan', '{"adipisicing proident id quis","veniam tempor ipsum","tempor fugiat","ad","aliqua ea exercitation et cupida","ea","velit incididunt","voluptate eu","nulla elit veniam laboris"}', DEFAULT, DEFAULT), ('c6131a0d-c1ea-5dce-8460-c91026e41f9f', 'e5d977c2-2a0e-5703-8ee9-4796e3967ae0', 197, 'public', 'Siege Tactics Handbook', '{"commodo tempor officia"}', DEFAULT, DEFAULT), ('054eb394-a081-59a1-b613-e1c8bbcc6250', 'c9fc147f-dadb-5b75-8ed7-efb86a7392ce', 193, 'public', 'Counter Pick Blueprint', '{"cillum eiusmod eiusmod veniam te","elit labore dolore","sit est","culpa","velit eu eiusmod","do tempor reprehenderit esse occ","voluptate in magna","duis pariatur exercitation","aliqua tempor in esse"}', DEFAULT, DEFAULT), ('4cb602e9-b66f-5f7e-a7a1-71729454372c', '95f6e66b-0348-54f6-ae25-2030a33390b2', 198, 'unlisted', 'Rotation Strategy Document', '{}', DEFAULT, DEFAULT), ('8ed312f8-fa19-5305-a78e-7cdee2dc9e00', '672ad514-6b43-58ed-b7aa-f70ed34485d9', 199, 'private', 'Aggressive Rush Strategy', '{"voluptate","consequat labore laboris deserun","elit aliqua","culpa ipsum ullamco","minim culpa proident nulla conse","veniam dolor","culpa adipisicing","voluptate aliqua culpa est","Lorem adipisicing"}', DEFAULT, DEFAULT), ('c9bad04c-3d6e-5efe-9540-7763dde57640', '02489279-3f4c-5f0f-845f-6f8bb51bae87', 199, 'private', 'Objective Focused Strategy', '{"qui non sit magna consequat","ipsum ea"}', DEFAULT, DEFAULT), ('7a350dde-d215-538c-bfd3-d5cdd8b40555', '882c7ae5-914f-539d-8207-691de536097f', 200, 'public', 'Counter Pick Blueprint', '{}', DEFAULT, DEFAULT), ('bd6c4dd0-06e8-56ab-abd6-6e9e777c13a7', '28a1ca86-fc34-5d5b-bda6-792b581f58de', 194, 'public', 'Counter Pick Blueprint', '{"fugiat anim","pariatur in","aute in ut","dolore qui fugiat","tempor fugiat eiusmod minim pari"}', DEFAULT, DEFAULT), ('844103e5-8cf8-5795-8a63-ccecfc3e2001', 'cda3814f-c14d-5dcf-a835-797df84f6d99', 196, 'public', 'Gank Heavy Approach', '{"excepteur dolor","eu excepteur","elit anim proident excepteur cul","Lorem sint deserunt anim pariatu","sit nisi proident nulla tempor","culpa"}', DEFAULT, DEFAULT), ('582d0ca1-76cc-5500-9dd8-190ab817072d', '79efb743-bb54-546e-8bdf-089509399715', 199, 'private', 'Vision Control Blueprint', '{"voluptate nostrud quis fugiat","qui fugiat incididunt","pariatur"}', DEFAULT, DEFAULT), ('9012aa86-f8a2-5033-82d5-336bcaa03c26', '71edf17f-e471-58c3-bbf8-8111bd6c7c8e', 200, 'public', 'Siege Tactics Handbook', '{"dolor do non","aute sunt","culpa esse ut eu","eiusmod commodo mollit nulla ea","eu cillum enim","ad mollit","duis commodo cupidatat","aliquip amet","dolore est"}', DEFAULT, DEFAULT), ('746bb5ad-439a-519a-90ef-991641df1623', '54473828-0225-5307-b53c-7a0fc46ac63c', 198, 'unlisted', 'Late Game Scaling Strategy', '{}', DEFAULT, DEFAULT), ('b1bab82d-de7c-55e3-8115-1651b8f68765', '3adfc207-aaeb-5fa1-b329-eb7ef2061320', 192, 'private', 'Secure Objective Playbook', '{}', DEFAULT, DEFAULT), ('0145500d-2ab2-5c49-9cea-edd711ce1cc9', '2386fe50-4da3-5ca3-b993-046dc48afb23', 194, 'unlisted', 'Aggressive Rush Strategy', '{"veniam et esse mollit amet","minim Lorem exercitation non","proident nisi non","mollit ut","officia quis","consectetur pariatur deserunt","sit"}', DEFAULT, DEFAULT), ('703c3370-90fb-5d22-8365-f34357b3ffb8', '1497705a-df0e-5f8d-988d-61adba7199e0', 197, 'private', 'Rotation Strategy Document', '{"sunt ullamco minim laborum","mollit enim","incididunt occaecat incididunt e","dolore veniam cupidatat nulla"}', DEFAULT, DEFAULT), ('fd862b26-fe8c-52d0-b06e-3c9f938bd3ab', 'da67a96b-9942-5dc8-b342-59c6ccb73527', 197, 'public', 'Jungle Control Playbook', '{"anim amet","cupidatat laboris","ut cupidatat eiusmod culpa","reprehenderit consectetur"}', DEFAULT, DEFAULT), ('70415515-b81b-59ef-a1ed-18578b73b7ae', 'e2b744a0-a170-5a87-828d-34cc6f64ca05', 198, 'private', 'Baron Control Strategy', '{"adipisicing et in","ut amet","veniam in amet laborum fugiat","id mollit"}', DEFAULT, DEFAULT), ('c5558815-aa72-5938-a7c8-62ae2c1a039c', '7c0f6282-7933-5431-8e88-9d2b9f09f272', 198, 'public', 'Secure Objective Playbook', '{"amet","ipsum","ullamco qui esse nostrud"}', DEFAULT, DEFAULT), ('703bbd20-9625-5bd7-8aa3-5ead0245fe50', '5c25ba01-ab4d-5527-9a41-d79d770f3d79', 191, 'unlisted', 'Objective Focused Strategy', '{"ex incididunt velit","culpa eu voluptate sunt cillum"}', DEFAULT, DEFAULT), ('68ff3d82-b6b6-5053-9e74-aa9b346dd8d1', '960932a7-c474-5ba2-97bb-0581aeeca485', 200, 'private', 'Wave Management Plan', '{"sit nulla minim","incididunt sint"}', DEFAULT, DEFAULT), ('522e120d-7e21-504a-9c96-99e429197e5a', 'fd2a8113-662a-5782-9e12-f7b49eee56e0', 197, 'unlisted', 'Counter Pick Blueprint', '{"in anim id mollit qui","exercitation non","in et et incididunt in"}', DEFAULT, DEFAULT), ('54b879fc-04e4-53b3-8cec-0174fc0ccd34', 'c9fc147f-dadb-5b75-8ed7-efb86a7392ce', 195, 'private', 'Counter Pick Blueprint', '{"ex nostrud consectetur qui","amet laborum","aliquip in sint esse","do amet","id et incididunt magna"}', DEFAULT, DEFAULT), ('fb90b354-0ae1-59da-9637-61f6c5ed3fb9', 'd267e1b9-665d-5421-bb3b-be698dae48a8', 194, 'public', 'Secure Objective Playbook', '{"anim","pariatur est et","nulla sit non do et","deserunt ullamco et","exercitation consequat","quis exercitation dolore id nisi","sunt"}', DEFAULT, DEFAULT), ('95b3988b-e14b-57a7-900d-4985cb116f17', '66e9a4f5-02a0-54af-823e-5e95c7ab9df1', 196, 'private', 'Gank Heavy Approach', '{"sint labore incididunt adipisici","excepteur in aute","tempor irure dolore consequat el","sit velit","velit duis aliqua eiusmod","pariatur cillum","consectetur duis","ipsum sint est enim","elit nostrud velit"}', DEFAULT, DEFAULT), ('7d1face3-2e87-52f5-9623-fff9de0a6539', '731b24f8-f083-56fc-9161-1fd32dcd58d0', 199, 'public', 'Map Control Blueprint', '{}', DEFAULT, DEFAULT), ('e8bf9a25-132d-5d46-b40a-d08534be6c9f', '7cb09c84-7471-599f-bae0-90d61a321390', 191, 'unlisted', 'Counter Pick Blueprint', '{"proident aute","amet excepteur culpa ullamco dol","ipsum reprehenderit aute"}', DEFAULT, DEFAULT), ('29a560e9-84d9-5f41-9b09-76969cbfb144', '583774ae-7432-5503-850f-867e82c0838b', 192, 'public', 'Counter Pick Blueprint', '{"cupidatat sit nisi","minim laborum","elit","commodo Lorem mollit","laboris cillum id","commodo incididunt minim velit","cillum"}', DEFAULT, DEFAULT), ('d9c4b302-5ab0-5114-8120-41d1876c7eb9', '262a78c7-eb9d-5e1a-8e58-41ecb0c31fbd', 197, 'public', 'Objective Focused Strategy', '{"irure nisi nisi adipisicing","occaecat sunt","aute fugiat cupidatat","incididunt tempor et mollit"}', DEFAULT, DEFAULT), ('ca1b9e1e-f7c0-5c4a-a566-aabf3f7ebb80', '225b2186-bb16-5b0a-b7be-47fd3c5a5cf9', 193, 'unlisted', 'Vision Denial Blueprint', '{"veniam voluptate magna commodo","est sint commodo dolore","aliqua","et fugiat minim duis","aute cupidatat nisi pariatur","cupidatat aute consequat laboris","laborum tempor culpa","commodo veniam magna id","est tempor enim"}', DEFAULT, DEFAULT), ('cde91e33-9c71-56e0-b19e-f2372fa577cf', 'ccd28d41-9086-5b64-b351-585431787bb7', 200, 'private', 'Secure Objective Playbook', '{"do nisi commodo mollit mollit","aute ipsum labore magna","reprehenderit cillum aliquip","laborum dolore","duis","eu elit veniam ea","est nostrud"}', DEFAULT, DEFAULT), ('013547e4-326e-5221-8377-310093ccf53a', '21d7354f-afef-5425-9907-92a0ff9e7110', 200, 'private', 'Rotation Strategy Document', '{"voluptate cupidatat ea esse","veniam esse ut in","nulla dolor voluptate","occaecat"}', DEFAULT, DEFAULT), ('50cffa66-dd91-5aed-8c46-1b76e488de31', '80e684c5-9f07-5388-b150-556bc24cb77f', 196, 'unlisted', 'Rotation Strategy Document', '{"fugiat anim laboris veniam","duis veniam id irure sint","nostrud quis ut esse","eu enim nostrud laboris","aliquip veniam"}', DEFAULT, DEFAULT), ('f550c2bf-a147-5e29-8a01-470336f387eb', 'da67a96b-9942-5dc8-b342-59c6ccb73527', 196, 'unlisted', 'Map Control Blueprint', '{"ex sit commodo id","non cupidatat et"}', DEFAULT, DEFAULT), ('a30e3d57-ad0a-594d-9622-8a2514b8110c', '8b474939-245b-5ed9-b06a-21432e2b9115', 198, 'private', 'Roaming Support Plan', '{"magna ea","mollit cupidatat","cillum eu veniam sint","do deserunt"}', DEFAULT, DEFAULT), ('cb76f565-509b-50d9-bbe4-5c6e7c9b0eb4', '98bf31df-37fd-5af6-86dd-8686cdc35eeb', 200, 'unlisted', 'Secure Objective Playbook', '{"sit anim minim","ea veniam esse","id aute","laborum aute velit","esse","adipisicing minim ad aute","nostrud exercitation","et nulla nostrud ea quis"}', DEFAULT, DEFAULT), ('a344c7b4-07e6-54df-b4ed-f27c7916e147', '21a7e579-98a3-5757-a0a8-913f2da95aba', 192, 'public', 'Split Push Blueprint', '{"adipisicing do id","anim","eiusmod veniam ad","non dolor in","sunt veniam","aute nulla","ullamco proident sit"}', DEFAULT, DEFAULT), ('6c40d2d3-07ad-5aa1-a5fa-cf5861475e5d', '76980724-1543-5820-bc77-ff5f445e7244', 195, 'unlisted', 'Team Fight Execution Plan', '{"eiusmod velit","velit consectetur tempor"}', DEFAULT, DEFAULT), ('ba7460a4-9316-52e4-9e3a-05ee82b85e66', 'b134c4e5-3e41-53b3-bf3f-7f4cf023e9d7', 195, 'unlisted', 'Split Push Blueprint', '{"dolore nulla","adipisicing Lorem consectetur am","et cupidatat","anim Lorem","duis esse excepteur reprehenderi","cupidatat labore","Lorem officia officia adipisicin","nostrud","magna esse"}', DEFAULT, DEFAULT), ('fb3595df-62ad-5f54-ac34-3a578952555c', 'eff6dde6-e4aa-5c61-9818-5d7ae0bf58b7', 199, 'public', 'Map Control Blueprint', '{"commodo tempor commodo proident","ad anim duis eiusmod","deserunt sint sint tempor"}', DEFAULT, DEFAULT), ('90edde40-1b87-5f75-90b9-68639fbcb2b8', 'a9072b83-7976-58e9-a9c4-45664532f42e', 198, 'unlisted', 'Map Control Blueprint', '{"amet","reprehenderit enim aliqua ea ull","excepteur nisi laborum","cillum in","consectetur","voluptate irure mollit nisi"}', DEFAULT, DEFAULT), ('ea26a496-35d8-5f3f-a769-a80898ec7b17', 'a4b32498-f3a6-5110-a5b6-de20f0314c35', 192, 'unlisted', 'Aggressive Rush Strategy', '{"Lorem pariatur adipisicing anim ","consectetur","eu ad","cillum minim elit","veniam velit nostrud occaecat","et non","tempor ea cupidatat","quis aliqua","occaecat nulla","ut labore dolore"}', DEFAULT, DEFAULT), ('035a0a25-d588-551c-9f76-4e9f593ffaf4', 'd0b9d9c2-bfa2-53be-a46d-d6aceafcbc2d', 199, 'public', 'Aggressive Rush Strategy', '{"aliqua consequat occaecat aute"}', DEFAULT, DEFAULT), ('e7f55997-6008-5d29-9f7f-564ab748cc59', '5c25ba01-ab4d-5527-9a41-d79d770f3d79', 198, 'private', 'Siege Tactics Handbook', '{"duis do incididunt minim"}', DEFAULT, DEFAULT), ('396ce0bd-b3e1-5b3c-94ea-bb5357e1c76a', '495c6cc5-490c-50dd-b1c5-aaf0110ec764', 199, 'unlisted', 'Roaming Support Plan', '{"consectetur","labore","eu nisi exercitation","sit pariatur reprehenderit","qui ea","cillum officia magna pariatur","ullamco consequat officia","aliqua ad ipsum","officia excepteur esse","nulla in aute laboris et"}', DEFAULT, DEFAULT), ('4cb2c65b-80df-57cc-9c0d-6c346029b88f', '86e03e09-1744-508f-b91c-c48f85d8ffcb', 195, 'public', 'Objective Focused Strategy', '{"labore ipsum voluptate","officia","consequat","proident cupidatat","non laboris","ex"}', DEFAULT, DEFAULT), ('8172dfee-2cce-5dee-9293-b6bd5f74d656', '7b09592d-b146-5ee2-9db5-3683955196d6', 199, 'public', 'Team Fight Execution Plan', '{"labore tempor amet","nulla officia","pariatur veniam enim laboris","officia consectetur","eiusmod aute","sint ad quis laboris","et Lorem ullamco sunt","nostrud non aliqua adipisicing","dolore do","elit ea sit ad"}', DEFAULT, DEFAULT), ('910e8e4b-af24-5f28-a2eb-631066a490eb', 'cda3814f-c14d-5dcf-a835-797df84f6d99', 198, 'public', 'Vision Denial Blueprint', '{"ad mollit","nostrud exercitation ut"}', DEFAULT, DEFAULT), ('150381a3-e791-54de-9419-0edac12fb9eb', '8d3f145b-67b0-504d-b49a-d59ecea5d2d8', 192, 'public', 'Counter Pick Blueprint', '{"sit eiusmod cillum cupidatat","ut quis id eu","sint excepteur","ex id cillum anim tempor","Lorem"}', DEFAULT, DEFAULT), ('ddb37574-0dbe-5aa4-a5e8-b15242cefaff', '0fa12fcf-97e2-5065-a698-e366ca117702', 197, 'private', 'Counter Pick Blueprint', '{"quis aliquip adipisicing officia","est fugiat","pariatur occaecat","cillum nulla"}', DEFAULT, DEFAULT), ('77fbdaed-4103-591b-82ee-3e3fa4b78a9b', 'cd80d13e-478f-5058-8dfd-e20a76013cb5', 200, 'public', 'Late Game Scaling Strategy', '{"ad","sint exercitation consectetur","mollit amet","eu anim magna","proident quis reprehenderit","aute","ut anim","laborum culpa dolore incididunt","aute irure"}', DEFAULT, DEFAULT), ('0f1e8b42-396d-5765-be37-bce2ee646e04', 'a5831e58-2fc9-5b59-970d-00c344a4eb18', 194, 'public', 'Defensive Turtle Tactics', '{"cupidatat aliquip quis","duis est","magna voluptate consequat eiusmo","consectetur quis esse deserunt","eiusmod et quis labore","anim tempor in tempor","eiusmod do labore","culpa exercitation","quis elit commodo qui magna"}', DEFAULT, DEFAULT), ('5308f8b3-4d4d-529a-bd7c-3a77ac4fe6ae', '79efb743-bb54-546e-8bdf-089509399715', 197, 'public', 'Jungle Control Playbook', '{"exercitation proident nisi irure","nostrud fugiat","est esse dolore","aliquip sint aliqua aute","elit amet ad"}', DEFAULT, DEFAULT), ('851e9ece-db38-530e-b3f9-f5e1d49a3b34', '830a4bb5-d929-5c1b-94fc-74a53795cc52', 197, 'private', 'Gank Heavy Approach', '{}', DEFAULT, DEFAULT), ('2189cd55-c657-5ce9-999a-da1a2dbf7ea0', '2ca679b7-4687-5422-ac57-c89cfa36e3c8', 191, 'private', 'Late Game Scaling Strategy', '{"ut","et commodo","tempor ipsum minim","sint tempor velit","cupidatat nisi ipsum ad","occaecat ullamco"}', DEFAULT, DEFAULT), ('902d4a21-0657-5095-b741-ac0d408bb89e', '70e095a9-713d-5fe2-a06a-8145febdb917', 197, 'private', 'Early Game Dominance Guide', '{"laborum dolore enim commodo cupi","dolore amet nulla sit"}', DEFAULT, DEFAULT), ('0d40f7c0-72b0-55c2-8e48-c6c65bd9815f', 'c97097d9-c6b8-5a50-931a-369c86f1535e', 192, 'public', 'Map Control Blueprint', '{"dolore eiusmod nulla exercitatio","eiusmod aute occaecat commodo ut"}', DEFAULT, DEFAULT), ('f09f5f0c-d6f4-5089-a919-82fdea15dad9', 'eda91f04-12ef-5904-88aa-e6ed9a692e03', 191, 'private', 'Vision Denial Blueprint', '{"consequat","reprehenderit aliquip eiusmod in","id dolore aute"}', DEFAULT, DEFAULT), ('9bfcf305-f3a4-5bed-9ee4-3f5ccf9e59af', 'eecf8a7e-af2f-524d-a645-c5fba3ebda06', 195, 'private', 'Early Game Dominance Guide', '{"voluptate exercitation","ullamco magna","cupidatat pariatur est","quis elit veniam","pariatur ad","ipsum consequat","ut irure adipisicing elit ipsum","aliqua esse eiusmod Lorem amet","ullamco deserunt"}', DEFAULT, DEFAULT), ('2ff309f0-6726-5920-ad23-47ba58fd2525', '65d8ad86-6271-552b-8704-fabcdcf18cdb', 198, 'unlisted', 'Counter Pick Blueprint', '{"consequat quis ut excepteur","nulla","in quis nostrud","sunt amet est voluptate","laboris duis cillum","ex consequat","laborum labore commodo","ipsum cillum"}', DEFAULT, DEFAULT), ('bac302d7-9e20-52d1-89cc-b0e99ef3b896', '09204188-e618-5728-88fc-034120742c41', 192, 'public', 'Defensive Turtle Tactics', '{"aute est quis non"}', DEFAULT, DEFAULT), ('ef31ceeb-0f8d-5da0-ab9c-18045c420f99', 'a8766652-5cf4-5e66-ba6d-9eb457dff942', 195, 'private', 'Defensive Turtle Tactics', '{"sint dolor","voluptate Lorem ipsum"}', DEFAULT, DEFAULT), ('2be70e34-56ed-5cb2-9758-b8f796ec32ec', '1bdf6d4a-906f-5da5-b91f-35917468bf74', 200, 'public', 'Wave Management Plan', '{"voluptate dolore fugiat","sit irure veniam voluptate","ad commodo ullamco","eiusmod consectetur qui dolore","consectetur cillum","ea commodo nulla est","dolor in consequat eiusmod","ea eiusmod","in sunt deserunt enim"}', DEFAULT, DEFAULT), ('49e5f9f5-6a8f-5423-81e9-9e8e2c467770', '7cb09c84-7471-599f-bae0-90d61a321390', 199, 'unlisted', 'Siege Tactics Handbook', '{"veniam minim dolore laboris proi","anim esse anim occaecat adipisic","non elit","ut exercitation ullamco"}', DEFAULT, DEFAULT), ('421a5d89-58fa-56e2-87c9-a4c6fd3159db', '5783cab4-e010-523b-b893-81b388f43d06', 199, 'public', 'Defensive Turtle Tactics', '{"in proident ad","minim consequat mollit","esse Lorem incididunt","anim ad","reprehenderit commodo cillum","excepteur nostrud tempor laboris","cillum in laboris cillum","exercitation exercitation consec","ea eu minim"}', DEFAULT, DEFAULT), ('c2ab0ed6-ea98-544f-a35e-cfff5a185dc8', 'cfbfd1d4-e77f-57e5-94da-e9ff2cc7a996', 192, 'unlisted', 'Roaming Support Plan', '{"aliqua est culpa eiusmod"}', DEFAULT, DEFAULT), ('6c6d219e-3884-5c60-8485-0fb500d0b675', '2764351d-73bf-5124-a613-660cd57f91dd', 198, 'unlisted', 'Roaming Support Plan', '{"adipisicing ipsum","esse aliquip reprehenderit quis ","voluptate adipisicing magna","elit ea","velit id","mollit ex tempor velit","irure"}', DEFAULT, DEFAULT), ('d5fd2418-0c52-558a-8369-707f9186db0b', 'c72c7230-479d-51cc-940d-5fec1bea4502', 196, 'unlisted', 'Early Game Dominance Guide', '{"aliqua ipsum","quis est consequat cupidatat","pariatur amet veniam ad dolor","commodo magna id","officia anim excepteur labore","laborum eu minim","dolor est deserunt exercitation","labore magna ullamco","anim proident dolor irure","labore ex ex qui excepteur"}', DEFAULT, DEFAULT), ('0f22fcab-183d-5e80-9a98-c495a215f5f8', 'ccd28d41-9086-5b64-b351-585431787bb7', 191, 'unlisted', 'Defensive Turtle Tactics', '{"dolore culpa non","excepteur","ipsum ullamco nulla nisi duis","ut incididunt ea","qui laboris sit","in id magna sunt","exercitation veniam"}', DEFAULT, DEFAULT), ('f92c2ba5-8b0e-58ef-9364-e364e4c41522', '31ac52db-fa89-5177-b667-1cf6526a929a', 198, 'unlisted', 'Counter Pick Blueprint', '{"ex minim aliqua est","in","eu elit","aliqua elit exercitation","mollit duis","velit amet nulla pariatur","nulla anim sint nostrud deserunt","officia culpa","pariatur dolor deserunt","ea"}', DEFAULT, DEFAULT), ('e2ec2872-d983-5938-8f1c-38a9a14124dd', 'e25e0c45-28e1-5923-b63d-64b8ddeff422', 198, 'public', 'Counter Pick Blueprint', '{"proident eu","fugiat sint","fugiat eiusmod laboris","cupidatat fugiat","eu commodo eu labore nostrud"}', DEFAULT, DEFAULT), ('4d4230bc-d1b6-532c-9bbf-8c67caf4f9ed', 'd1b8f3f8-af26-5088-8712-273c28ba98f7', 193, 'private', 'Early Game Dominance Guide', '{"reprehenderit velit laborum","nulla","voluptate sunt","laborum","elit id","quis cupidatat sit","laborum","veniam reprehenderit sit et"}', DEFAULT, DEFAULT), ('8be9ffc5-25d1-5c32-be1f-9a9ec00544f6', '203ac13e-e5b1-548e-a7da-5d8cff932053', 196, 'unlisted', 'Early Game Dominance Guide', '{"esse dolor laborum eu deserunt","cupidatat magna ad laboris","pariatur adipisicing adipisicing","nostrud aliquip"}', DEFAULT, DEFAULT), ('a3241e44-bd93-5a11-a730-863e8eb75275', 'e25e0c45-28e1-5923-b63d-64b8ddeff422', 197, 'private', 'Gank Heavy Approach', '{"elit nostrud magna reprehenderit","ad fugiat ea mollit"}', DEFAULT, DEFAULT), ('a1c32f18-989f-5961-80f5-4a21a838bc95', '2589cf16-4103-5a4f-b544-b30078083eaa', 200, 'private', 'Baron Control Strategy', '{"tempor officia ipsum","pariatur","cillum","ea tempor","officia elit","aliquip nulla Lorem elit"}', DEFAULT, DEFAULT), ('8fde1282-59d1-5f9b-bc10-4130ce793fa9', '39da01f0-2195-5fc3-a74a-d12c26c902a3', 199, 'public', 'Late Game Scaling Strategy', '{"voluptate","do ullamco","nisi eiusmod","enim qui","anim duis nisi fugiat","anim ex cupidatat"}', DEFAULT, DEFAULT), ('f85f8e1b-b8a0-528e-bc81-49b3e6a34ee5', '8d3f145b-67b0-504d-b49a-d59ecea5d2d8', 192, 'unlisted', 'Wave Management Plan', '{"minim velit dolore cillum labore","culpa dolore","consequat non aliqua eu irure","velit do in eu","voluptate","cillum ullamco"}', DEFAULT, DEFAULT), ('e16cfe57-140d-5b3e-90f8-910575ffdd47', 'de459427-bb2c-5381-bdbf-7126efbb65c9', 194, 'unlisted', 'Early Game Dominance Guide', '{"qui qui enim ea sint","consequat dolore","nulla eu","esse qui"}', DEFAULT, DEFAULT), ('06866e23-2aeb-59f2-9d3c-156507eb23db', '3c6d504a-3b43-5117-a71b-e844b07b3920', 199, 'private', 'Gank Heavy Approach', '{"officia aute proident velit mini","cillum cupidatat id","excepteur aliquip labore laborum","labore minim","aliqua cupidatat ea","et ut duis proident"}', DEFAULT, DEFAULT), ('e5c44c16-4905-59d0-8c2a-f48ebfc3fdcc', '40747f76-ad34-5508-ba43-ef538c943cc0', 193, 'unlisted', 'Split Push Blueprint', '{"non cupidatat fugiat","ad anim","consequat cupidatat ad amet","nostrud deserunt est est"}', DEFAULT, DEFAULT), ('0298782b-da7d-55b4-a736-8126dd2f9d32', 'eb3e804d-5ed0-59a1-900b-3b0f9b2cb577', 195, 'private', 'Early Game Dominance Guide', '{"velit sit quis","cillum pariatur tempor magna eli","aliqua ea"}', DEFAULT, DEFAULT), ('8f534833-d8c3-5d0a-b63c-bd2740be0330', 'a8212e1b-5577-5c28-9c38-2d4fbd753550', 200, 'private', 'Objective Focused Strategy', '{"Lorem cupidatat dolore aliquip","dolor","proident dolor qui"}', DEFAULT, DEFAULT), ('1caeec83-1956-53fb-9c1a-7f585775c524', 'e7220451-be7e-505e-a9bf-ee44e4532e06', 196, 'public', 'Defensive Turtle Tactics', '{"nostrud nostrud","ex commodo ex nulla enim","ut eu ut"}', DEFAULT, DEFAULT), ('28f2bbc2-0260-5d64-a9bf-64e9bc163c30', 'eb3795e9-0dc2-506f-818c-e81bf7149197', 197, 'unlisted', 'Jungle Control Playbook', '{"culpa elit in proident","ex"}', DEFAULT, DEFAULT), ('8590b74a-b67e-5525-9786-4e0fc4c65d06', '9f26eece-7e59-5b46-a98b-848dc55a0cda', 194, 'private', 'Wave Management Plan', '{"esse deserunt consectetur","voluptate fugiat laborum ex volu","officia irure","laboris cupidatat","commodo occaecat","labore quis est","cillum veniam","aliquip elit ipsum"}', DEFAULT, DEFAULT), ('fa5e4221-0eae-5da7-9a16-5b8399b9ef50', '40747f76-ad34-5508-ba43-ef538c943cc0', 200, 'unlisted', 'Baron Control Strategy', '{"et et","nisi","adipisicing"}', DEFAULT, DEFAULT), ('fedb01d5-16e2-59fd-8845-ff6a92bd83f7', '495c6cc5-490c-50dd-b1c5-aaf0110ec764', 200, 'unlisted', 'Counter Pick Blueprint', '{"incididunt deserunt","occaecat est ut do aliqua","irure veniam sit commodo reprehe","occaecat nisi sit aliquip","ipsum et anim quis","aliquip incididunt consectetur e","commodo in","veniam nisi non ut aute","elit excepteur reprehenderit"}', DEFAULT, DEFAULT), ('d6d0cf2a-b6d2-5f41-bc05-2fe5bf5ca317', 'eecf8a7e-af2f-524d-a645-c5fba3ebda06', 196, 'public', 'Vision Control Blueprint', '{"enim est","ut laborum officia","non","adipisicing","elit incididunt","tempor ex"}', DEFAULT, DEFAULT), ('a18cadaa-4531-5180-a607-ad2a5bc25f0c', 'a6ea6199-2a1a-56d4-b12a-1bf7d32d154c', 199, 'public', 'Map Control Blueprint', '{}', DEFAULT, DEFAULT), ('7858de1c-870d-5289-9bbf-085e4de69d79', '9e6824f3-dac2-540f-9e3d-8797171dab14', 194, 'unlisted', 'Team Fight Execution Plan', '{"Lorem","laborum culpa ut","laboris aliqua pariatur commodo","eu voluptate aute aliqua","exercitation ad deserunt","pariatur"}', DEFAULT, DEFAULT), ('c5510993-cf82-5729-a476-bbba91fd2ee1', 'c6add04b-f7fe-5a4a-99c2-280079fffcdb', 198, 'public', 'Siege Tactics Handbook', '{"non laborum duis quis","excepteur laboris","commodo in cillum","aliqua officia deserunt","ea minim enim","mollit esse reprehenderit","sit quis laborum officia"}', DEFAULT, DEFAULT), ('65495df9-49dc-5680-b4b7-97fe7364e837', 'b134c4e5-3e41-53b3-bf3f-7f4cf023e9d7', 200, 'unlisted', 'Aggressive Rush Strategy', '{"exercitation reprehenderit ad","elit","amet ipsum deserunt aliquip"}', DEFAULT, DEFAULT), ('6a08951b-2f4b-5069-a734-056efe107e30', 'e2b744a0-a170-5a87-828d-34cc6f64ca05', 200, 'unlisted', 'Aggressive Rush Strategy', '{"consequat non occaecat"}', DEFAULT, DEFAULT), ('d96e9820-0562-5ef0-a957-fb16e8a3cda6', '1bad91a4-3a34-5cee-a751-bb52fcfd9dc6', 196, 'unlisted', 'Team Fight Execution Plan', '{"veniam Lorem magna nostrud","qui cillum id aute"}', DEFAULT, DEFAULT), ('44d39286-2c39-52c0-9fdf-811ac2ac0b4f', 'ea56a5ec-2249-5fba-8891-278bcdbbb33d', 194, 'unlisted', 'Objective Focused Strategy', '{"Lorem","culpa consectetur","aliquip veniam","mollit in minim cillum","sit dolore non","dolor in","tempor minim occaecat qui quis","magna ex ipsum","minim id deserunt culpa"}', DEFAULT, DEFAULT), ('f5284b1c-c867-5bcb-ae27-b4a46054354e', '3af5be38-b117-5675-8d7a-e27a1a34e8a8', 192, 'unlisted', 'Jungle Control Playbook', '{"reprehenderit sunt nisi reprehen","duis consectetur dolor sit ipsum"}', DEFAULT, DEFAULT), ('748b6b6e-790a-524c-8953-9f99ff6241ea', 'd905224a-1767-5e97-ad1a-f223ab64cd44', 196, 'private', 'Early Game Dominance Guide', '{"excepteur tempor","ad est","labore do","exercitation qui reprehenderit u","aute duis excepteur consequat do","aliqua sunt quis"}', DEFAULT, DEFAULT), ('94e59d3e-1e10-58ee-b57b-120d24970da8', '8b474939-245b-5ed9-b06a-21432e2b9115', 191, 'private', 'Early Game Dominance Guide', '{"enim nisi","quis adipisicing velit","laborum fugiat","magna aliquip voluptate cillum f","culpa","proident Lorem culpa","id Lorem enim ea"}', DEFAULT, DEFAULT), ('a501e3c2-1df6-5f20-9532-89c5471331c6', '31ac52db-fa89-5177-b667-1cf6526a929a', 195, 'private', 'Aggressive Rush Strategy', '{"occaecat qui dolor sit","eu officia","aliquip eu minim labore","cupidatat","nisi minim duis amet","pariatur eu officia","ex cillum"}', DEFAULT, DEFAULT), ('eba1549a-b3ad-5f1e-ad56-15be0771d0f9', '54473828-0225-5307-b53c-7a0fc46ac63c', 194, 'private', 'Roaming Support Plan', '{"enim esse dolor quis","sit in exercitation","culpa reprehenderit"}', DEFAULT, DEFAULT), ('02d6bfb1-b7f1-5129-9d1b-729fd2d36ca6', 'db9f2a26-569b-5431-9216-bcd2cf256bbd', 193, 'public', 'Objective Focused Strategy', '{"commodo mollit enim qui","mollit veniam mollit","excepteur fugiat consectetur sin","aute reprehenderit eu velit irur","cupidatat ut","ut tempor dolor excepteur conseq","sit Lorem in enim","esse cillum est"}', DEFAULT, DEFAULT), ('feadd401-b272-53d1-bc20-6dad4e3ffc29', '5b303ef1-7516-512a-ba01-9f0dc05d7d2a', 196, 'private', 'Objective Focused Strategy', '{"enim","eu ea eu est voluptate","qui ut ullamco nulla id","esse esse dolore dolore"}', DEFAULT, DEFAULT), ('f4023970-bb8c-5175-9f3e-42520be2a6af', '672ad514-6b43-58ed-b7aa-f70ed34485d9', 195, 'unlisted', 'Baron Control Strategy', '{"culpa mollit","ex dolore in nostrud amet","laborum eu","adipisicing nostrud minim","esse","sunt nulla esse aute eu","minim enim adipisicing","ipsum pariatur elit"}', DEFAULT, DEFAULT), ('ab471cfa-3489-5a6c-bf5c-82aeac3819f5', '3af5be38-b117-5675-8d7a-e27a1a34e8a8', 193, 'private', 'Wave Management Plan', '{"irure elit quis sunt","deserunt ipsum","id dolor","quis"}', DEFAULT, DEFAULT), ('782d8b69-ae89-5508-b431-d9e3d4f25423', 'cf1d2e5e-3a18-5518-8e4c-387978992b8a', 199, 'unlisted', 'Secure Objective Playbook', '{"aliqua sit consectetur tempor an","cillum sit","eiusmod ea velit sint","nostrud nostrud officia magna","aliquip aliquip nisi nisi","esse proident","officia veniam nulla"}', DEFAULT, DEFAULT), ('bfbbf302-05a7-5b0c-991e-f7c79f52034e', 'b5f933d0-c28e-517c-9fca-d9e38dc742a2', 197, 'unlisted', 'Objective Focused Strategy', '{"deserunt fugiat anim enim volupt","occaecat aliquip veniam","id","voluptate","aliqua sunt voluptate adipisicin","amet laboris officia","id in id","nostrud","qui dolore elit nisi laborum"}', DEFAULT, DEFAULT), ('86a9949d-fbe2-5edf-bf64-6b822a75bdc8', '380f1bbd-f6c8-5306-af3f-7d7fa746bde0', 193, 'private', 'Vision Control Blueprint', '{"incididunt","esse deserunt ad","qui ex sunt exercitation anim","consectetur do est est","adipisicing eu enim voluptate ve","ullamco ut"}', DEFAULT, DEFAULT), ('3d78c871-f9be-5ceb-b04c-13f9eb63efa0', 'f561c33d-0589-5163-a677-f2a1eb6b3322', 197, 'unlisted', 'Vision Control Blueprint', '{"esse nisi","proident ea","irure et tempor","elit culpa eu","mollit deserunt esse duis veniam","id commodo nulla excepteur"}', DEFAULT, DEFAULT), ('e5e7301c-ed7e-5267-a91e-331eeecbad04', 'd1b8f3f8-af26-5088-8712-273c28ba98f7', 191, 'unlisted', 'Map Control Blueprint', '{"laborum occaecat aliqua","aliqua commodo","velit nulla qui sit mollit","deserunt aliquip in adipisicing","dolor dolor aute","amet occaecat amet dolore","veniam"}', DEFAULT, DEFAULT), ('e06f1954-eb7e-5811-8e85-0b7239ac60d6', '644bfc5c-cf27-5d76-8355-4e4c8d73061f', 199, 'unlisted', 'Defensive Turtle Tactics', '{"do veniam non consectetur enim","veniam nulla deserunt","sit veniam quis est excepteur","proident enim","proident commodo culpa","voluptate nostrud adipisicing no","deserunt culpa aliquip excepteur","voluptate quis quis aliqua","commodo sit"}', DEFAULT, DEFAULT), ('cbe8ef05-c651-5778-b8a6-717eee524007', 'c7198a1e-f50c-5635-a5bf-2073d4da7bc6', 194, 'public', 'Gank Heavy Approach', '{"enim","deserunt magna sint nostrud aute","tempor occaecat in","et exercitation","eu incididunt"}', DEFAULT, DEFAULT), ('479e5b51-1e2b-5ac2-b0c4-d0fc97906c11', '763ebb5f-add9-59ff-9a26-6b4030dae259', 199, 'unlisted', 'Late Game Scaling Strategy', '{"officia","anim","excepteur nisi non commodo ea","ipsum amet anim consequat","consequat"}', DEFAULT, DEFAULT), ('bcb7ae75-c1e7-50cd-ba0b-a339091eb350', '5c25ba01-ab4d-5527-9a41-d79d770f3d79', 193, 'private', 'Late Game Scaling Strategy', '{"consectetur quis enim ea labore","Lorem labore","nulla ipsum","culpa","eiusmod elit pariatur velit repr","ut adipisicing officia commodo","pariatur","non nisi id sint","ea pariatur duis dolor voluptate"}', DEFAULT, DEFAULT), ('22dccad0-36ca-5845-a1bd-b6027b406b8d', '2ca679b7-4687-5422-ac57-c89cfa36e3c8', 194, 'unlisted', 'Siege Tactics Handbook', '{"ea excepteur nisi quis est","ut in aliquip aliqua laborum","ex nostrud id consequat","dolore et proident amet","anim qui reprehenderit est","deserunt cillum tempor in","nulla"}', DEFAULT, DEFAULT), ('d3293b00-a774-5f1e-99fc-e8f05eabde14', '290e51c6-7ff6-5db4-8f40-69dda051b66c', 197, 'unlisted', 'Team Fight Execution Plan', '{"excepteur deserunt","incididunt aute qui quis est","magna id velit","eiusmod occaecat"}', DEFAULT, DEFAULT), ('6822c6f8-ae35-5c57-9558-9cc55665f5cb', '3af5be38-b117-5675-8d7a-e27a1a34e8a8', 198, 'private', 'Siege Tactics Handbook', '{"voluptate labore occaecat ut","et occaecat dolore amet nisi","amet","qui est ex labore","velit quis amet"}', DEFAULT, DEFAULT), ('8ac966bd-de46-5e4a-8401-5328d63ae1b4', '6fc34c52-742f-56c2-b6c3-89dee63a8839', 198, 'unlisted', 'Early Game Dominance Guide', '{"quis magna","Lorem dolor eu","fugiat amet ea","enim labore aliquip do","adipisicing in sint non","sunt tempor ad consequat","nisi","sit","tempor consequat culpa est excep"}', DEFAULT, DEFAULT), ('36f6354b-1927-5b66-8fab-ef32da0e1694', '6451b879-16d7-5644-b6b9-87dd18b3facf', 200, 'public', 'Split Push Blueprint', '{"voluptate et incididunt","deserunt laboris velit exercitat","cupidatat exercitation","sunt eu","minim"}', DEFAULT, DEFAULT), ('a3befd2b-2867-5547-af7d-2fe7d53b98ef', 'fc295a44-56fb-5a65-beee-66fd6554ae26', 194, 'unlisted', 'Vision Denial Blueprint', '{"ut et ad sit"}', DEFAULT, DEFAULT), ('4d502d01-8a3a-58bc-acb8-f61c47f35e10', '549980e7-3e77-5d76-b263-84664d04b209', 199, 'unlisted', 'Siege Tactics Handbook', '{"eu exercitation","quis est voluptate proident","eiusmod ex in ullamco","minim commodo officia","occaecat culpa consequat enim","duis commodo ullamco amet aute"}', DEFAULT, DEFAULT), ('ebdf08a4-39c5-5347-ab53-e4ef0e2d1add', '731b24f8-f083-56fc-9161-1fd32dcd58d0', 194, 'public', 'Roaming Support Plan', '{"exercitation minim"}', DEFAULT, DEFAULT), ('4cfaa7bd-7f8e-52b6-a079-b1fc1773dccb', '1332e392-1ac8-57d9-8262-948f66c89fe9', 195, 'private', 'Map Control Blueprint', '{"ullamco est id incididunt ex","nisi est","laborum consectetur Lorem","laboris","anim reprehenderit cillum aliqua","ea aute pariatur","labore pariatur excepteur deseru","eu pariatur voluptate irure"}', DEFAULT, DEFAULT), ('379aa38a-0dab-5c06-8cdb-45bf5d7e2d27', 'a6ea6199-2a1a-56d4-b12a-1bf7d32d154c', 193, 'unlisted', 'Split Push Blueprint', '{"proident","adipisicing consequat reprehende","id nisi excepteur duis"}', DEFAULT, DEFAULT), ('1cb4e4cf-86cc-5f46-9e77-98b857e060d9', 'ab07c47c-511a-5092-acb9-cbf862e0076b', 200, 'private', 'Vision Control Blueprint', '{"excepteur nostrud","tempor nostrud pariatur","incididunt duis"}', DEFAULT, DEFAULT), ('f39bcc07-5eef-5435-b6e9-d947c3bae70d', '2d1d7734-be70-5d07-a538-e76c6cae722e', 191, 'public', 'Late Game Scaling Strategy', '{"eu laboris","mollit culpa","eiusmod est excepteur tempor sin","minim aliqua exercitation","enim id ad dolore"}', DEFAULT, DEFAULT), ('20a16bbe-0188-55a3-8d14-7e2e6b37794e', 'ee88c41d-7461-5ecc-a96b-908770bc5575', 199, 'public', 'Split Push Blueprint', '{"irure in","pariatur","ex et amet id","in velit eu","duis Lorem nostrud","nulla tempor do laborum","exercitation","fugiat officia ut occaecat do","anim cillum"}', DEFAULT, DEFAULT), ('75a162e8-f427-5c64-baca-dba20bc829dd', '66e9a4f5-02a0-54af-823e-5e95c7ab9df1', 197, 'unlisted', 'Objective Focused Strategy', '{"anim irure officia fugiat","sit amet ullamco","elit ea culpa elit nulla","nostrud nostrud ut","ipsum labore aliquip","nulla labore"}', DEFAULT, DEFAULT), ('5075bfb2-60b4-588c-ba9f-cd0f3efae77e', '47e5d6a1-6a7c-5068-97e6-b73d6f3b47c1', 195, 'public', 'Vision Denial Blueprint', '{"fugiat sunt"}', DEFAULT, DEFAULT), ('329b0bda-79b1-53f3-afe7-b7495bde0220', 'a69d43fa-2222-5203-b590-140e62599451', 192, 'public', 'Rotation Strategy Document', '{"sit elit irure","occaecat est in","in","occaecat quis esse","aute","fugiat","ad","do consequat quis eu in","cupidatat nostrud Lorem duis ven"}', DEFAULT, DEFAULT), ('fc992b53-61aa-5185-8280-7863348ce734', 'd9d9ad5e-1233-511b-bc7d-1f7d6c3d7a35', 192, 'unlisted', 'Early Game Dominance Guide', '{"culpa laboris esse laboris","consequat excepteur enim reprehe","nisi non","eiusmod","cillum","quis esse nisi","ipsum nisi laborum velit","esse est nulla tempor","id quis consequat"}', DEFAULT, DEFAULT), ('e15f78fd-c85d-5196-b441-614f0f00a652', 'cd7c291a-6d6e-5632-91e5-b7fd7a634d7d', 193, 'unlisted', 'Jungle Control Playbook', '{"Lorem incididunt minim"}', DEFAULT, DEFAULT), ('27d28c73-d0c0-5545-a0d3-0f0fa8e1aca6', '2ca679b7-4687-5422-ac57-c89cfa36e3c8', 192, 'unlisted', 'Roaming Support Plan', '{"irure ullamco id ad","excepteur Lorem deserunt"}', DEFAULT, DEFAULT), ('bc0ae162-e51f-5f29-b5b0-87887eac9c85', '3de7919f-8a6e-5a5a-ad06-07f2ad53b96d', 197, 'unlisted', 'Secure Objective Playbook', '{"velit irure nulla","veniam non minim deserunt","culpa culpa qui","eiusmod eu","ullamco aliqua veniam","sint voluptate minim incididunt ","labore magna","elit","dolore nulla do"}', DEFAULT, DEFAULT), ('23cfe397-d97e-55bf-af72-35043f52d2bb', 'e334db45-3389-5a47-b7c9-4ff8121637b5', 198, 'private', 'Objective Focused Strategy', '{"ipsum aute et","minim fugiat quis","do ad laboris cillum","fugiat eu est","incididunt minim nostrud reprehe","qui Lorem incididunt sint","mollit commodo elit aliquip sint","non ullamco ad sunt enim"}', DEFAULT, DEFAULT), ('2135e4d6-4261-59ed-a63d-11a8a55ba0c0', '1bdf6d4a-906f-5da5-b91f-35917468bf74', 195, 'unlisted', 'Wave Management Plan', '{"ad nulla excepteur tempor laboru","est esse","anim in et","officia voluptate"}', DEFAULT, DEFAULT), ('32ca2e92-cee8-58b4-beec-0fd9742bf2df', '472a7075-ea0f-5e44-b5c9-6ef12ccd3736', 198, 'private', 'Counter Pick Blueprint', '{"magna ex","magna officia nostrud non","ex culpa nisi","dolor cillum exercitation nostru","commodo mollit irure","officia magna"}', DEFAULT, DEFAULT), ('69e335b1-cf42-5234-867f-fc3222ba0932', '051188d3-54fa-59f4-adc8-b929fcb2c826', 197, 'public', 'Defensive Turtle Tactics', '{"minim aliquip exercitation","mollit est laboris cillum","nisi officia duis exercitation","aliquip ea sit"}', DEFAULT, DEFAULT), ('4addfd63-7007-5913-b0c6-95e35fe44af0', 'f46ce5c6-3097-5b5d-8213-37b749a8664f', 195, 'unlisted', 'Defensive Turtle Tactics', '{"qui dolor","qui proident proident irure temp","sit amet nulla proident","nulla dolore","magna ullamco deserunt culpa"}', DEFAULT, DEFAULT), ('29e1da9c-3bfa-53c5-8780-7032cb48ed69', 'e5d977c2-2a0e-5703-8ee9-4796e3967ae0', 198, 'private', 'Aggressive Rush Strategy', '{"mollit in mollit aliqua culpa","pariatur minim"}', DEFAULT, DEFAULT), ('0fe3263a-4b99-5049-afdd-8a29336988d1', '672ad514-6b43-58ed-b7aa-f70ed34485d9', 200, 'private', 'Defensive Turtle Tactics', '{"minim est eu fugiat anim","pariatur exercitation","do aliqua Lorem est","cupidatat proident adipisicing n"}', DEFAULT, DEFAULT), ('de533318-8238-5b98-90fa-7923fbda78df', 'e5b4727f-be5e-52c0-83cb-cb7ba230945f', 193, 'public', 'Aggressive Rush Strategy', '{"voluptate anim magna exercitatio","id","ut nisi fugiat aliquip","cillum ad ea anim","do ullamco adipisicing nostrud","sit aute non occaecat","pariatur ullamco irure enim sint"}', DEFAULT, DEFAULT), ('91b0fe2a-8d53-5dfa-804e-dadbd5fed2f0', 'c3fa24c3-3b50-5e24-8717-dd9782d2e82b', 193, 'unlisted', 'Roaming Support Plan', '{"velit","nisi pariatur nisi ut fugiat","aliqua voluptate ullamco reprehe","anim quis dolore"}', DEFAULT, DEFAULT), ('f2da91e9-e150-5eba-811a-769c8b464b2d', 'f8fbdff1-11b4-54fa-ab90-292d82d3d353', 197, 'private', 'Aggressive Rush Strategy', '{"et","esse proident","culpa nostrud anim laborum","ipsum id","anim qui aliqua adipisicing"}', DEFAULT, DEFAULT), ('830462ad-e07d-578c-9343-4c2f3f3f896d', 'c9fc147f-dadb-5b75-8ed7-efb86a7392ce', 191, 'public', 'Aggressive Rush Strategy', '{"eu incididunt exercitation qui","id id laborum anim","pariatur amet","culpa","aliquip id anim","exercitation id excepteur","esse minim pariatur mollit","est non"}', DEFAULT, DEFAULT), ('e4d512a0-9012-54c8-a0de-d2cfb46cc4e7', '2386fe50-4da3-5ca3-b993-046dc48afb23', 191, 'private', 'Gank Heavy Approach', '{"culpa mollit nulla","culpa exercitation et","veniam","nostrud","esse labore excepteur mollit inc","sunt sint magna","ea sint quis","est"}', DEFAULT, DEFAULT), ('8fc4ec28-bbda-57ff-86ae-02acc462e7a3', '5f3671df-cc06-5a3d-87a6-e1e42e095fa3', 192, 'unlisted', 'Split Push Blueprint', '{"velit consectetur","velit mollit labore in duis","qui aliqua laboris","fugiat pariatur aliquip","tempor anim eiusmod"}', DEFAULT, DEFAULT), ('46cb3ac1-56db-5482-a77b-488299529f1c', '65d8ad86-6271-552b-8704-fabcdcf18cdb', 198, 'unlisted', 'Roaming Support Plan', '{"laboris velit aliquip"}', DEFAULT, DEFAULT), ('ca6dab04-25c1-5208-bf77-9e5162704420', '853509f0-6836-5fa7-87f2-fb0a9a8766d2', 199, 'private', 'Wave Management Plan', '{"aliquip proident laboris","non fugiat id sint","dolor aute ut minim","non mollit incididunt","occaecat duis excepteur consequa","ad veniam dolore esse","fugiat eu duis duis dolor","labore ad sunt minim"}', DEFAULT, DEFAULT), ('54485efb-a52b-5ef1-8d37-32b22dc487d0', 'eb3e804d-5ed0-59a1-900b-3b0f9b2cb577', 197, 'private', 'Defensive Turtle Tactics', '{"irure velit","pariatur","ullamco et","laboris excepteur","voluptate ullamco ex","duis eiusmod culpa culpa non"}', DEFAULT, DEFAULT), ('1fa8fec1-5ed8-5fb9-afc2-a5a8eea61a64', 'b4725825-2a5a-5e18-a190-e59f4cb9f1b5', 194, 'public', 'Gank Heavy Approach', '{"exercitation sunt amet non repre","exercitation ex ullamco aliqua","ullamco tempor","cillum proident nostrud Lorem","commodo laborum culpa excepteur"}', DEFAULT, DEFAULT), ('21212b38-5327-5020-9dc6-3fca09a6128f', 'fe24988b-bca5-5bf5-be0f-c92da7b2cbe1', 195, 'unlisted', 'Baron Control Strategy', '{"aliquip fugiat","Lorem in"}', DEFAULT, DEFAULT), ('b22cc198-1bf7-5cc9-b682-385ac5f11217', '5cdb9712-16b6-532e-9cc7-8cf7dfbe9b6b', 192, 'unlisted', 'Map Control Blueprint', '{}', DEFAULT, DEFAULT), ('07d77b7a-f8bb-53ab-8750-034a7dc2bcb0', 'd19db439-c7e7-53a7-aa19-0db346180dc1', 198, 'unlisted', 'Defensive Turtle Tactics', '{"irure consequat","nisi labore velit","sit dolor","incididunt elit veniam aute sint","Lorem consectetur excepteur enim","labore commodo","Lorem"}', DEFAULT, DEFAULT), ('f7f63dc3-d8b7-5f42-b802-636e4e3f43bb', '21a7e579-98a3-5757-a0a8-913f2da95aba', 197, 'private', 'Split Push Blueprint', '{"velit culpa","Lorem quis quis qui","irure mollit duis culpa","in id exercitation incididunt ex","enim","mollit duis","do excepteur enim","aliquip eu duis commodo duis","adipisicing ut sunt adipisicing "}', DEFAULT, DEFAULT), ('a1dd34cc-747e-59d2-bb04-592165ee24b7', '8bf74689-dfcf-5429-b342-2718dce8a8eb', 200, 'private', 'Late Game Scaling Strategy', '{"ea et","irure cillum adipisicing est","consequat consequat nostrud nost","magna adipisicing in esse","exercitation nulla elit enim","consectetur Lorem","do commodo commodo mollit","ea"}', DEFAULT, DEFAULT), ('b111722b-fdf4-55f7-a1ea-183bf540f7e3', '8bf74689-dfcf-5429-b342-2718dce8a8eb', 199, 'unlisted', 'Jungle Control Playbook', '{"non consequat eiusmod","magna aute sit","ex consectetur ullamco nostrud","dolor deserunt","irure labore eiusmod cillum"}', DEFAULT, DEFAULT), ('de288e5e-33f8-5b49-9dad-83fa7d46ac0d', 'f6a7cc82-a609-50ee-a839-9fa8b1a9631d', 197, 'private', 'Late Game Scaling Strategy', '{"tempor Lorem irure sit","amet"}', DEFAULT, DEFAULT), ('f1ab7f2e-7a01-59f1-b811-78e3b78b40bc', 'cd1520c4-af17-5e1e-b5b0-a9e95f36a7c4', 198, 'private', 'Vision Denial Blueprint', '{"ipsum id minim","veniam anim dolore cillum","ea reprehenderit officia anim","adipisicing voluptate ullamco ad"}', DEFAULT, DEFAULT), ('e0783de7-ca51-5f0a-a7ac-8dcd533efd10', '1332e392-1ac8-57d9-8262-948f66c89fe9', 200, 'unlisted', 'Rotation Strategy Document', '{"veniam","in cupidatat officia adipisicing","non voluptate veniam","fugiat in irure do elit","aliqua duis","laboris reprehenderit do commodo","non fugiat Lorem fugiat","in proident ad in"}', DEFAULT, DEFAULT), ('c3238b63-2dda-5915-8ca5-773255a1cfad', '756cbb59-27d6-58f3-b4b9-8b56121e683f', 192, 'private', 'Defensive Turtle Tactics', '{"laborum fugiat nostrud deserunt","adipisicing esse deserunt esse","sunt minim mollit velit ea","irure culpa","ad consectetur","laborum proident","esse sint ipsum ut excepteur","tempor","nisi"}', DEFAULT, DEFAULT), ('7b1aca75-d87e-55c4-87f7-005fafbadfdb', 'e20720a7-b660-50e0-8da5-8784fa26a31d', 196, 'public', 'Wave Management Plan', '{"duis labore ut","eiusmod ex adipisicing","quis aute","eiusmod reprehenderit","et sit dolore dolore","nisi ut fugiat","duis duis nostrud et eiusmod"}', DEFAULT, DEFAULT), ('106d238e-2ba4-525c-8d85-994f8dfb2984', '8926b9fd-34b2-5421-a25c-9cd89c12cad0', 195, 'unlisted', 'Gank Heavy Approach', '{"voluptate minim"}', DEFAULT, DEFAULT), ('72f05d50-2802-535d-af55-29384395d238', '76980724-1543-5820-bc77-ff5f445e7244', 199, 'unlisted', 'Rotation Strategy Document', '{"dolore irure excepteur do pariat","sint"}', DEFAULT, DEFAULT), ('f914b2f3-d88a-52e4-ac43-1ef8cffb4d34', '438bff0e-fd50-5c86-89ee-d397a0c0e548', 199, 'public', 'Map Control Blueprint', '{"exercitation dolore","ut tempor","minim esse quis non","consectetur ullamco","Lorem laboris incididunt enim en","aliqua id aliquip","nulla ea qui mollit"}', DEFAULT, DEFAULT), ('c620930b-8f59-50ae-bf46-b1a3aca28f0a', '80e684c5-9f07-5388-b150-556bc24cb77f', 198, 'unlisted', 'Map Control Blueprint', '{"consequat aliqua","dolore"}', DEFAULT, DEFAULT), ('c78418ab-6a36-52f6-ad32-89289156138c', 'ae956930-bebe-5aad-83f8-b8d0cae36371', 195, 'public', 'Vision Denial Blueprint', '{"amet id commodo irure elit","enim id","Lorem laboris qui nulla","ut nostrud do","dolore exercitation incididunt u","laboris magna aute laborum duis","incididunt ullamco","ullamco labore est"}', DEFAULT, DEFAULT), ('ed7bef30-09b5-5167-a122-9b398a76eaef', 'dc376aff-9563-59fe-ac16-2760fcfb9752', 199, 'unlisted', 'Aggressive Rush Strategy', '{"quis ex pariatur","consectetur pariatur","minim est sint exercitation","dolor aliquip reprehenderit","incididunt","laboris amet velit","consequat et est incididunt","laboris aute","qui dolor"}', DEFAULT, DEFAULT), ('ecddf116-85cf-5aef-8c73-6e5963680c88', 'f3ebe9e0-f337-5a54-9800-1b3119ecb916', 197, 'private', 'Roaming Support Plan', '{"culpa sit"}', DEFAULT, DEFAULT), ('5bb46529-9916-530c-88e4-31ac6d441591', '2da4149c-bf3e-5f98-b904-591c69530871', 191, 'private', 'Late Game Scaling Strategy', '{"ex voluptate ipsum mollit","duis ut","duis"}', DEFAULT, DEFAULT), ('8b092693-9a40-5f6a-a57b-3c3e9f5288f7', '7bf99080-cdc6-5456-b6d5-417e28b4eba5', 197, 'private', 'Defensive Turtle Tactics', '{"dolore excepteur","est proident excepteur commodo","ad sint quis","et amet in","ea ex duis","enim"}', DEFAULT, DEFAULT), ('65d96d53-ecd8-5cb9-a3d4-a2842c9c629f', 'eb9fdff9-6822-52d9-b12a-a9a69b69cbe5', 193, 'private', 'Vision Denial Blueprint', '{"anim non nulla adipisicing anim"}', DEFAULT, DEFAULT), ('672c681b-4325-56a5-8413-28facb838b89', 'fe24988b-bca5-5bf5-be0f-c92da7b2cbe1', 196, 'unlisted', 'Wave Management Plan', '{"ea","fugiat reprehenderit","id magna duis","excepteur","duis sint adipisicing qui Lorem","laborum aliquip","consectetur excepteur enim culpa","eu sunt culpa"}', DEFAULT, DEFAULT), ('49d19d37-5ee3-59d0-a985-37b5b703ceb0', 'f3ebe9e0-f337-5a54-9800-1b3119ecb916', 193, 'public', 'Team Fight Execution Plan', '{"anim veniam culpa","ad enim do ea","consectetur consequat quis fugia","qui id in ipsum minim","do","eiusmod","nulla","dolor elit quis","magna do qui et"}', DEFAULT, DEFAULT), ('66e9d7dd-018c-5299-8470-9f074683bd55', 'd2f08d89-447f-5d3d-96e5-385ed888c091', 195, 'unlisted', 'Early Game Dominance Guide', '{"Lorem eu nostrud","consequat esse magna aliqua","excepteur esse duis","laboris laboris consectetur null","enim in"}', DEFAULT, DEFAULT), ('d4a93045-0519-5ae2-8bd3-51a7d07f2b97', '3ff60d7a-a4ad-54c5-a422-53b52cd53093', 191, 'private', 'Split Push Blueprint', '{"dolor","deserunt adipisicing aute deseru","non dolore consectetur","adipisicing nulla","labore ea incididunt"}', DEFAULT, DEFAULT), ('b5bd1f0b-0be5-592a-87b7-65db36f2fa17', '763ebb5f-add9-59ff-9a26-6b4030dae259', 191, 'unlisted', 'Aggressive Rush Strategy', '{"exercitation","commodo tempor aliquip in","ullamco occaecat et qui labore","incididunt Lorem magna adipisici","aute non deserunt","excepteur ea velit enim"}', DEFAULT, DEFAULT), ('902168ab-57a5-5714-b589-ecf1bd6d2517', '01bb02e3-6d00-5b11-ba00-2f6b060dfb2e', 191, 'unlisted', 'Vision Control Blueprint', '{"cillum ipsum do","exercitation laborum quis","quis occaecat qui consequat","irure","eu irure voluptate esse","incididunt sit","est","incididunt voluptate irure irure","pariatur in"}', DEFAULT, DEFAULT), ('8e1b1af0-d36a-5958-9b32-c8f59e8edaf9', '70e095a9-713d-5fe2-a06a-8145febdb917', 194, 'private', 'Objective Focused Strategy', '{"laboris","in"}', DEFAULT, DEFAULT), ('9ca1e23a-7fd9-5be2-b14a-5f50a52fda0a', 'ba60341e-ffca-5a8d-85d2-58afc6ff269c', 191, 'private', 'Counter Pick Blueprint', '{"esse cupidatat sint","sint Lorem sit qui","enim proident"}', DEFAULT, DEFAULT), ('b458c0d2-4d21-597a-9d7c-522e47032d79', 'cd1520c4-af17-5e1e-b5b0-a9e95f36a7c4', 195, 'unlisted', 'Siege Tactics Handbook', '{"ex laborum elit nisi"}', DEFAULT, DEFAULT), ('aeae5590-e6d3-5c02-8a1c-40a6bcf61bd6', '2da4149c-bf3e-5f98-b904-591c69530871', 193, 'private', 'Vision Control Blueprint', '{"aliquip id occaecat id do","eiusmod","commodo ullamco","do eu non deserunt","proident do mollit culpa qui","reprehenderit sint proident","id aliqua ex","adipisicing officia nulla do"}', DEFAULT, DEFAULT), ('e62ff15d-b4e8-5f8b-b8c8-56d105c9d705', '6a248992-e0a8-5c27-8d71-fd2cfd3a1fd6', 198, 'private', 'Defensive Turtle Tactics', '{"proident"}', DEFAULT, DEFAULT), ('2650d5c8-a9d2-57ad-a70d-8c89cf994021', 'f4b5542b-ba61-519e-a8d2-5793282ad487', 199, 'private', 'Vision Denial Blueprint', '{"ea nisi incididunt","nostrud consectetur","anim irure quis adipisicing quis","in proident","pariatur ea irure","cillum nulla","dolor ullamco consequat","mollit nulla minim","culpa mollit laborum in"}', DEFAULT, DEFAULT), ('57851dd8-0d7e-5b03-b70f-32940ae107ce', 'f4b5542b-ba61-519e-a8d2-5793282ad487', 196, 'unlisted', 'Team Fight Execution Plan', '{"qui aliqua irure nulla","minim","in culpa veniam excepteur occaec","dolore aliqua id","voluptate aliquip est","Lorem occaecat nulla ea","nostrud fugiat"}', DEFAULT, DEFAULT), ('0bb88883-c32b-547d-bac2-9dcbf9437722', '7a86b477-8922-5c78-85b7-47a44d6877c0', 194, 'unlisted', 'Vision Control Blueprint', '{"velit exercitation esse","incididunt ea reprehenderit fugi","id","voluptate esse ut"}', DEFAULT, DEFAULT), ('f2096d39-9bcd-5cc9-af38-3924bad39e01', '7154e631-e6aa-5d5a-a566-f6558cc7a8ba', 197, 'unlisted', 'Aggressive Rush Strategy', '{"esse consequat deserunt","sint tempor ut deserunt","labore et aliqua cillum","aute nulla sunt fugiat dolor","non enim in nisi"}', DEFAULT, DEFAULT), ('cdc85c53-30bc-5c6e-91cc-2af72696e64b', 'f8fbdff1-11b4-54fa-ab90-292d82d3d353', 194, 'private', 'Objective Focused Strategy', '{"cupidatat pariatur","sint dolor","ut","ipsum enim","occaecat","esse irure aliquip ea proident","veniam tempor ea aute qui","ea laborum"}', DEFAULT, DEFAULT), ('a0fe813c-8a2e-57ff-8950-530eb72350cc', '9848be59-9489-5a98-891a-f6bd795125f7', 191, 'public', 'Aggressive Rush Strategy', '{"minim aute aliquip","reprehenderit ea eu","tempor occaecat sunt","reprehenderit labore","qui","laborum","consequat quis occaecat","enim minim do"}', DEFAULT, DEFAULT), ('3dcb1c72-1f38-50a2-8a79-9f8b83862a0b', '6653ef95-0532-561d-a71b-05f5c1bc302b', 200, 'public', 'Baron Control Strategy', '{"commodo esse","aute","deserunt aliquip","consectetur pariatur sint amet","sit fugiat labore","duis ad commodo","nisi","occaecat anim"}', DEFAULT, DEFAULT), ('b529db67-e1b4-5e7d-9a32-267867bbcbad', 'd297ab9e-40d4-51b5-bb8f-a1df399f1a9a', 191, 'public', 'Early Game Dominance Guide', '{"minim anim deserunt","enim","id exercitation officia"}', DEFAULT, DEFAULT), ('89b21cb6-fbf3-585a-b9c1-304fad97258b', 'a9752d0c-ade4-58c6-b746-1b9df56a3d08', 192, 'unlisted', 'Vision Control Blueprint', '{"enim pariatur fugiat irure","exercitation voluptate magna","ipsum officia","duis ad","amet ad","fugiat sunt duis culpa","elit non","nisi id"}', DEFAULT, DEFAULT), ('8af27ce1-15c1-5703-a4c5-07ea669df0c7', '051188d3-54fa-59f4-adc8-b929fcb2c826', 194, 'public', 'Late Game Scaling Strategy', '{"sint magna culpa labore","cupidatat id","eu deserunt","esse do in in deserunt"}', DEFAULT, DEFAULT), ('e9960db1-b450-5d20-820c-87fab4f40dc8', '9a52e2af-cb63-5ab2-95a7-ae32f01d6a1c', 200, 'private', 'Vision Control Blueprint', '{"in id","occaecat do commodo","mollit aliquip nostrud","est","consequat est reprehenderit sit","quis in est","enim","qui minim cupidatat labore proid","qui sunt fugiat"}', DEFAULT, DEFAULT), ('2dd10f1f-4836-53b2-b2b6-ae71861e43d0', 'd35ecca3-ac35-5e28-8e7e-6a25de908d18', 198, 'private', 'Roaming Support Plan', '{"nisi tempor non","ut do","magna esse","magna","mollit quis Lorem in","aute ullamco consequat","pariatur elit magna","dolore laborum excepteur aliqua "}', DEFAULT, DEFAULT), ('09d4e842-df61-577d-8d06-00daf3b676e2', 'af85f96c-efbd-584c-bdd4-26c4e2f3e556', 193, 'unlisted', 'Early Game Dominance Guide', '{"fugiat ex anim adipisicing","commodo reprehenderit nisi repre","eiusmod adipisicing labore","elit voluptate cillum laboris","occaecat et dolor excepteur","fugiat culpa ut","consequat deserunt reprehenderit","do aliquip laborum exercitation "}', DEFAULT, DEFAULT), ('6fe4789e-9a02-5c94-8c81-5bb4cffd7850', '0fa12fcf-97e2-5065-a698-e366ca117702', 193, 'public', 'Siege Tactics Handbook', '{"aute laboris esse est laboris","sint sunt irure","quis velit ipsum","consectetur velit culpa","amet qui nulla incididunt","amet veniam magna","proident culpa ea sit","deserunt adipisicing sunt","nisi reprehenderit eiusmod"}', DEFAULT, DEFAULT), ('62834a20-27ac-5894-8947-a4e2ffb67f5b', '7c1b7c00-d84e-5216-9c13-9544eccd96d4', 196, 'unlisted', 'Rotation Strategy Document', '{"aliquip commodo sunt duis","dolore proident eiusmod ad"}', DEFAULT, DEFAULT), ('ce25e6d7-50b4-50c3-8210-685ee22346f3', 'eecf8a7e-af2f-524d-a645-c5fba3ebda06', 191, 'unlisted', 'Gank Heavy Approach', '{"adipisicing excepteur elit","in consectetur","fugiat irure in irure","elit nisi sunt","commodo ea","labore","qui Lorem id","pariatur"}', DEFAULT, DEFAULT), ('a4e4a518-fb32-53bf-9d1c-f336f8cd8c45', 'fd8e258e-4711-5b22-b0f3-1f5725eb642f', 197, 'public', 'Late Game Scaling Strategy', '{"aliqua enim nostrud","anim tempor do reprehenderit vol","incididunt excepteur aliquip com","veniam esse ex","sint aliqua","eu quis","velit ex","ut non"}', DEFAULT, DEFAULT), ('d5862a76-70cd-55db-a302-365d7ec101f5', 'd0b9d9c2-bfa2-53be-a46d-d6aceafcbc2d', 200, 'public', 'Wave Management Plan', '{"incididunt sint minim","est deserunt sint ad","cupidatat id id quis aliquip","officia do anim do eiusmod","et dolor est quis ex","duis commodo et non","sit dolore quis","ex et irure qui","proident in eiusmod"}', DEFAULT, DEFAULT), ('fff5567f-d4a5-542e-ba70-1119521ca0cb', '47c1a5aa-1c4a-5781-9c8f-968a639137d7', 197, 'public', 'Defensive Turtle Tactics', '{"eiusmod sint","ut minim et reprehenderit","occaecat nisi"}', DEFAULT, DEFAULT), ('48abaf7b-d65e-5371-8d5f-1be4621911e6', 'a69d43fa-2222-5203-b590-140e62599451', 191, 'unlisted', 'Baron Control Strategy', '{"commodo reprehenderit elit ad","excepteur sunt","minim ad voluptate","ea aute duis","laborum ex qui labore","veniam nulla sunt cupidatat id","anim exercitation commodo fugiat","cillum do eu"}', DEFAULT, DEFAULT), ('05b8ebd6-06e1-5ce6-85d9-1fda124d11b0', 'b576de0c-954e-5345-a9e7-0d691c52341a', 193, 'unlisted', 'Objective Focused Strategy', '{"excepteur","aute","esse","veniam ad est incididunt reprehe","eu eiusmod qui nulla","occaecat cillum","sint culpa","commodo adipisicing mollit","sit cillum in","minim"}', DEFAULT, DEFAULT), ('be5a4c70-a4ff-57c0-8c2c-437a6d77f25c', 'ac772386-a452-5d18-88c7-396c2a71eb0b', 200, 'public', 'Vision Denial Blueprint', '{"tempor esse aliquip id velit","fugiat velit laborum eu","officia ex","duis est pariatur esse","cupidatat occaecat consectetur","id","est sint exercitation","sunt qui"}', DEFAULT, DEFAULT), ('e6ff83af-5ec2-537d-b04b-784bd77a5871', '5531f3c9-2ccc-59e8-86e8-da1800808ec2', 194, 'private', 'Split Push Blueprint', '{"cillum minim"}', DEFAULT, DEFAULT), ('dc9bffb4-1647-5c5d-8c1f-d89500e89900', '49bf7c9b-8021-5cb6-a1a5-59a9af0bd8ca', 192, 'unlisted', 'Defensive Turtle Tactics', '{"Lorem qui deserunt id fugiat","consequat duis","ad cupidatat duis","est quis","quis magna proident eu","et dolor cupidatat exercitation","pariatur minim","officia sunt nulla"}', DEFAULT, DEFAULT), ('ec767a01-17bb-518c-9633-78ebc8caded3', 'd2268e40-fa6d-5300-9f01-b7cc8f9018e3', 196, 'private', 'Baron Control Strategy', '{"reprehenderit ea","exercitation sunt dolore","quis ut","ea","consequat ex aliqua","ullamco voluptate","commodo occaecat velit elit","qui sunt nisi labore"}', DEFAULT, DEFAULT), ('6c642b40-bb15-55fa-9319-9c100d27adc7', '09bca3f4-0d37-5f5a-b637-9d7942a17cff', 199, 'private', 'Vision Denial Blueprint', '{"cupidatat pariatur est","excepteur","sit irure","mollit laborum sunt"}', DEFAULT, DEFAULT), ('197f52e9-f9b3-54a3-a900-9ddcd2cd98d5', 'b4725825-2a5a-5e18-a190-e59f4cb9f1b5', 193, 'unlisted', 'Vision Control Blueprint', '{"esse cillum","fugiat voluptate consequat","quis sint cillum nostrud","irure laborum","fugiat","eiusmod qui ex excepteur","consequat aliquip","proident occaecat reprehenderit ","culpa qui eiusmod"}', DEFAULT, DEFAULT), ('b239ffdb-847f-5400-b1f9-97e186ea36bc', 'a6586816-3687-592a-bbeb-b4d089115511', 191, 'private', 'Wave Management Plan', '{"do aliquip aliqua"}', DEFAULT, DEFAULT), ('c3124970-b58c-5748-8a01-4ba1d7466b2b', '40747f76-ad34-5508-ba43-ef538c943cc0', 200, 'unlisted', 'Objective Focused Strategy', '{"ut aute ipsum","reprehenderit cupidatat ipsum mo","Lorem aliquip adipisicing nulla ","sunt duis","id ipsum reprehenderit dolor adi","dolore laborum aliqua occaecat s","deserunt veniam Lorem mollit","officia eiusmod incididunt"}', DEFAULT, DEFAULT), ('2fbdef88-7d4a-5528-bb59-74f725709563', 'c3c19070-f0b8-5d8b-8806-a00d5fe919aa', 193, 'private', 'Map Control Blueprint', '{"nulla incididunt","ullamco proident","dolor voluptate ex","anim ut proident","laboris excepteur proident"}', DEFAULT, DEFAULT), ('a03637de-3a86-5f2c-a9a1-71bb222f301f', 'b4725825-2a5a-5e18-a190-e59f4cb9f1b5', 195, 'private', 'Aggressive Rush Strategy', '{"proident","et ad eu proident cillum","ea ipsum proident"}', DEFAULT, DEFAULT), ('536d5b0c-dc7c-598f-8fa0-b21c4cd85d48', '6451b879-16d7-5644-b6b9-87dd18b3facf', 196, 'unlisted', 'Counter Pick Blueprint', '{"veniam nostrud exercitation","reprehenderit sit incididunt","amet duis dolore","tempor culpa cupidatat","non proident","proident nisi aliqua consectetur","excepteur cupidatat eiusmod ipsu","ullamco eiusmod velit cupidatat","quis nisi"}', DEFAULT, DEFAULT), ('f04b6b4b-d5ea-517f-8a7d-71713980487c', '472a7075-ea0f-5e44-b5c9-6ef12ccd3736', 199, 'unlisted', 'Rotation Strategy Document', '{"est do proident nulla adipisicin","veniam proident"}', DEFAULT, DEFAULT), ('363e1d5b-f7b0-5ee0-a43a-f471f9cf9338', 'b737f334-53a3-585e-98d7-69fce744e35e', 192, 'private', 'Late Game Scaling Strategy', '{}', DEFAULT, DEFAULT), ('edcc2203-6787-52aa-bc0b-a6dcc59388be', 'e5b4727f-be5e-52c0-83cb-cb7ba230945f', 195, 'public', 'Vision Control Blueprint', '{"labore in non","aliqua ipsum Lorem duis","velit esse eiusmod","minim officia","irure","mollit ea anim","anim id non","in fugiat non"}', DEFAULT, DEFAULT), ('474b1c92-271b-5e78-878e-3e82398a6e7c', 'd6d652bf-48a5-5a85-a95d-16c25edc5397', 192, 'unlisted', 'Jungle Control Playbook', '{"dolor aute pariatur anim do","do laboris nulla","aliqua cillum","magna voluptate do","in sunt id veniam ad","ut non reprehenderit incididunt ","esse magna et exercitation eiusm"}', DEFAULT, DEFAULT), ('8997d96a-4a2f-5fcd-a0a2-88e875f8bba7', '00644310-2ebb-53b6-b6cd-c599924419bd', 194, 'unlisted', 'Split Push Blueprint', '{"ullamco cupidatat laborum do","occaecat enim dolor duis id","non ullamco","id ex","cupidatat mollit","consequat ut","ullamco","qui","dolore quis duis"}', DEFAULT, DEFAULT), ('f61f0c83-60cb-5fa8-a27a-67e606b63adb', '54473828-0225-5307-b53c-7a0fc46ac63c', 196, 'private', 'Defensive Turtle Tactics', '{"in laboris esse","reprehenderit dolor esse non","voluptate","ex","magna excepteur consectetur dese","consequat cupidatat laborum","esse minim"}', DEFAULT, DEFAULT), ('30d213ab-4615-5d8b-abee-5b4875c8bfdf', 'f457d7a7-01f9-5225-b07a-0e782525bbc7', 192, 'private', 'Roaming Support Plan', '{"non non","exercitation est sint commodo","excepteur id sunt cillum","id","culpa aute","aliquip quis"}', DEFAULT, DEFAULT), ('7d042aff-1b5b-531f-917f-48f2d58d33c7', '0a9347d2-3396-5e6a-98f1-b406ca195226', 196, 'private', 'Team Fight Execution Plan', '{"commodo nostrud non","laborum nulla incididunt laboris","eu","est exercitation culpa irure sun"}', DEFAULT, DEFAULT), ('30e1e77d-2bcf-5591-97ec-d99bd552d8f0', 'e2b744a0-a170-5a87-828d-34cc6f64ca05', 192, 'public', 'Vision Denial Blueprint', '{"aliqua nulla consequat qui","in aute","fugiat elit"}', DEFAULT, DEFAULT), ('d53a4a7c-125e-52cd-8ba3-aa3916f71140', '9e19dd6d-e8c2-5925-b1c8-e13b62340491', 192, 'unlisted', 'Vision Control Blueprint', '{"sint ex deserunt anim","sunt anim ex labore pariatur","quis reprehenderit laboris eu fu","ipsum fugiat pariatur laboris","pariatur in sit","in qui pariatur voluptate aliqua","Lorem velit","sint nostrud velit","est culpa"}', DEFAULT, DEFAULT), ('47f797b2-50c1-56af-abe6-0081dabe5efd', 'ad276812-3b86-5425-b36a-d822f2860912', 197, 'private', 'Counter Pick Blueprint', '{"proident pariatur","incididunt laboris eiusmod excep"}', DEFAULT, DEFAULT), ('3ebbec39-d360-5461-b442-70abf723c8b8', '59558fa1-9cc0-5e85-a331-879d76e07f05', 194, 'private', 'Aggressive Rush Strategy', '{"proident sint","nulla pariatur","veniam aliquip ullamco","sit","cupidatat","aliqua reprehenderit in ex proid","laboris","cillum sunt consectetur mollit m"}', DEFAULT, DEFAULT), ('3821efb6-356e-53bd-8a0b-239426475be5', '28e4b717-ba20-5ce6-96db-f08421aa2fc7', 193, 'public', 'Siege Tactics Handbook', '{}', DEFAULT, DEFAULT), ('f62571e6-585e-5709-b04e-861b7f3db2d2', 'e4c44768-00c8-52e6-80f9-625972d5d9b9', 192, 'public', 'Roaming Support Plan', '{"cupidatat est sint","ut","do minim magna labore proident","quis sint deserunt","officia pariatur magna voluptate","amet officia nisi"}', DEFAULT, DEFAULT), ('f706ef0d-b4c8-54ee-ba4a-8f6af14717f8', '49bf7c9b-8021-5cb6-a1a5-59a9af0bd8ca', 192, 'unlisted', 'Counter Pick Blueprint', '{"eiusmod elit magna aliqua"}', DEFAULT, DEFAULT), ('da6a602b-9dc0-5e13-87e9-323f368838a2', '09bca3f4-0d37-5f5a-b637-9d7942a17cff', 200, 'unlisted', 'Gank Heavy Approach', '{"ad qui"}', DEFAULT, DEFAULT), ('ae022a2e-97fe-53d7-ace2-f700a65995e2', '47c1a5aa-1c4a-5781-9c8f-968a639137d7', 199, 'unlisted', 'Jungle Control Playbook', '{"proident dolor proident aute","laborum elit ullamco proident","eu nisi id ad","mollit sint","elit ullamco ad Lorem"}', DEFAULT, DEFAULT), ('7f27719e-c551-5cfa-ab24-3e6a917bc77f', '09617df2-6261-5b47-bc30-85d317367d48', 196, 'public', 'Vision Control Blueprint', '{"exercitation non culpa aliqua"}', DEFAULT, DEFAULT), ('a7afe8c7-8469-5a59-9246-cc18b3ce4b7b', 'dc58dd7b-bb54-5abe-8208-becc5e0561ad', 193, 'private', 'Baron Control Strategy', '{"reprehenderit officia veniam occ","ipsum qui non","Lorem amet","qui amet ad cupidatat","commodo magna velit voluptate","in aliqua sint anim ex","cupidatat amet culpa ad"}', DEFAULT, DEFAULT), ('8111ec5f-e01a-5ad1-b89a-b7a64419e202', '472a7075-ea0f-5e44-b5c9-6ef12ccd3736', 199, 'public', 'Vision Denial Blueprint', '{"excepteur occaecat laboris paria","ad officia","sint sint"}', DEFAULT, DEFAULT), ('af41c136-c26c-5e1c-81f1-2d9f923ca606', 'cd7c291a-6d6e-5632-91e5-b7fd7a634d7d', 196, 'public', 'Aggressive Rush Strategy', '{"veniam","pariatur","qui elit"}', DEFAULT, DEFAULT), ('7594efe5-aff1-5874-a5ed-4a9edc7b66bf', '110efd29-2979-5c30-b41f-b3bf832f48cd', 197, 'unlisted', 'Defensive Turtle Tactics', '{"eu nulla in","consequat velit quis in non","id sint fugiat","velit et","deserunt est magna fugiat"}', DEFAULT, DEFAULT), ('ee2f9514-a689-5e06-84f0-7f27b56a3774', '47e5d6a1-6a7c-5068-97e6-b73d6f3b47c1', 200, 'private', 'Aggressive Rush Strategy', '{"culpa aliquip fugiat","id magna id","aute","ex eu","sint tempor nisi"}', DEFAULT, DEFAULT), ('59ac239c-144e-5ca7-b3e8-b97418726740', 'ac772386-a452-5d18-88c7-396c2a71eb0b', 193, 'unlisted', 'Early Game Dominance Guide', '{"aliquip ut","minim esse est eu labore"}', DEFAULT, DEFAULT), ('7992b22f-6c16-50ae-ae54-fd84bedb78e7', '225b2186-bb16-5b0a-b7be-47fd3c5a5cf9', 194, 'public', 'Jungle Control Playbook', '{"esse reprehenderit nulla","culpa laboris elit est","nisi adipisicing quis"}', DEFAULT, DEFAULT), ('eeb6a56c-bf20-5164-a9c4-2438947a1635', '7d0c4d54-58ae-5ddf-b108-590171e8655a', 191, 'public', 'Split Push Blueprint', '{"proident sunt","eu magna","anim ipsum aute deserunt","non exercitation est nostrud"}', DEFAULT, DEFAULT), ('ba263b84-62af-5be6-a1da-34f8a9b1c708', '98b30307-7ea7-5b6c-b9e4-560fe08299de', 198, 'public', 'Team Fight Execution Plan', '{"labore consequat do","magna esse magna mollit","do laborum aliqua minim","cillum duis non"}', DEFAULT, DEFAULT), ('0eda511d-00fb-5edd-a94c-61620ced28e5', 'e7220451-be7e-505e-a9bf-ee44e4532e06', 193, 'private', 'Defensive Turtle Tactics', '{"sit excepteur"}', DEFAULT, DEFAULT), ('4a82ca5f-1296-51b0-9319-05459a439c92', '36ab6720-a24b-578b-8d3f-3d9bb0485851', 199, 'unlisted', 'Team Fight Execution Plan', '{"quis","reprehenderit irure nulla","reprehenderit dolore non"}', DEFAULT, DEFAULT), ('230e6990-91f4-5dc7-b6bc-229a44985e25', '9f26eece-7e59-5b46-a98b-848dc55a0cda', 192, 'private', 'Gank Heavy Approach', '{"culpa consequat Lorem quis","do","velit velit","cillum cupidatat elit proident"}', DEFAULT, DEFAULT), ('01a97da4-f21e-511b-9160-a834d5d7f82e', '34a6eefa-de0a-5b54-8950-76863d1d5290', 193, 'unlisted', 'Split Push Blueprint', '{"nisi ullamco quis","anim nostrud sint"}', DEFAULT, DEFAULT), ('1c5613fb-a627-5391-a9ff-0cc49d9b395b', '88514f78-7770-5bc2-96a4-f0f4ebcab4a4', 196, 'unlisted', 'Early Game Dominance Guide', '{"in ad","ea aute irure","exercitation do reprehenderit","officia elit","ea","excepteur est Lorem magna","et eiusmod enim"}', DEFAULT, DEFAULT), ('69b55afa-a769-5eae-849b-0607118f6f38', '3de7919f-8a6e-5a5a-ad06-07f2ad53b96d', 197, 'public', 'Aggressive Rush Strategy', '{"ad eu deserunt","exercitation nisi proident conse","ea reprehenderit deserunt laboru","nisi ut enim excepteur exercitat","aliqua veniam magna officia eu","ullamco laboris"}', DEFAULT, DEFAULT), ('5653d3f7-e466-5b59-9cc7-02634d975655', 'f46ce5c6-3097-5b5d-8213-37b749a8664f', 200, 'unlisted', 'Wave Management Plan', '{"duis nisi","aliquip duis mollit in","laborum mollit aliquip","labore duis magna et","amet dolor fugiat anim aute","Lorem et","mollit laboris aute nostrud","elit eiusmod in nostrud","ad mollit"}', DEFAULT, DEFAULT), ('11917a47-b89e-5663-8d37-049fe2bf5b34', 'e7ba2b18-a57c-5b02-9714-d376d9ea922f', 192, 'unlisted', 'Late Game Scaling Strategy', '{"veniam exercitation et","amet dolore excepteur","ut laboris enim aliquip","mollit veniam aute enim aute","ex exercitation nulla qui","aliqua mollit excepteur","proident occaecat"}', DEFAULT, DEFAULT), ('c68ff46b-b1a9-581e-aa43-737e3b976580', 'eb9fdff9-6822-52d9-b12a-a9a69b69cbe5', 193, 'unlisted', 'Objective Focused Strategy', '{"occaecat aliquip ex dolore nulla","exercitation esse dolor Lorem ve","id qui aute duis","nostrud tempor ipsum aute","elit enim magna","elit Lorem elit laboris","labore sit ut"}', DEFAULT, DEFAULT), ('e8d13e33-32bc-5c1a-9371-8f828965d869', '5b303ef1-7516-512a-ba01-9f0dc05d7d2a', 196, 'public', 'Early Game Dominance Guide', '{"in velit","commodo cupidatat"}', DEFAULT, DEFAULT), ('79cca71d-1dd7-5b78-9e31-229bb9872504', '21a7e579-98a3-5757-a0a8-913f2da95aba', 194, 'public', 'Wave Management Plan', '{"ea cillum exercitation"}', DEFAULT, DEFAULT), ('cdf1b1e3-61cd-52e6-b86e-eec98ea71e23', 'fc14352d-4abe-5826-a292-f6661223ae86', 198, 'private', 'Siege Tactics Handbook', '{}', DEFAULT, DEFAULT), ('98ea8abd-4f3f-5750-b436-afb8aa79fb82', '5034bc4f-306f-5e76-8ef2-99198efc3a69', 197, 'private', 'Wave Management Plan', '{"quis ex","eu consequat non et","occaecat anim esse","eu adipisicing","sit sunt","voluptate adipisicing aute labor","veniam dolor pariatur"}', DEFAULT, DEFAULT), ('bc227bd7-3214-5075-bca0-3f60046ac216', 'c8f3e8fc-81cf-5046-86bf-a7cd958a07aa', 194, 'unlisted', 'Map Control Blueprint', '{"sit eiusmod qui","ut ut","sint ea proident ex aliqua"}', DEFAULT, DEFAULT), ('8fd84214-96a6-5d6c-8437-0646145f15a1', 'ba4d6fef-111f-5ce5-883e-2b3880f373bf', 194, 'unlisted', 'Split Push Blueprint', '{"excepteur veniam nulla","exercitation culpa laboris deser","excepteur Lorem eiusmod","ullamco veniam sint ipsum","irure laboris","reprehenderit enim","eu dolore aute","irure exercitation","minim minim veniam amet"}', DEFAULT, DEFAULT), ('7b269807-4fdc-5847-8a5c-807ffa02f953', '98bf31df-37fd-5af6-86dd-8686cdc35eeb', 200, 'public', 'Aggressive Rush Strategy', '{"ut proident adipisicing nostrud","ullamco eiusmod ad","labore mollit nisi"}', DEFAULT, DEFAULT), ('cf8258c4-f278-5c75-a944-c2bcba526ad4', '305fa448-c3bf-59c7-a989-19ae69ce0725', 199, 'private', 'Objective Focused Strategy', '{"do amet id commodo","sunt commodo ut laboris","sunt cupidatat ut","laboris culpa nulla veniam","ipsum","ullamco qui","ad elit","sint"}', DEFAULT, DEFAULT), ('2e51b4b0-68ac-5e21-94a2-b7afb1b16016', 'e7f83ffe-83ca-5298-b8f5-29bb4ce158a7', 193, 'unlisted', 'Objective Focused Strategy', '{"non ad cillum","cillum adipisicing","ea laboris nostrud in","exercitation adipisicing aliqua"}', DEFAULT, DEFAULT), ('6e9d8d45-1d4b-5cdd-92c5-76194015ba99', '31ac52db-fa89-5177-b667-1cf6526a929a', 200, 'unlisted', 'Team Fight Execution Plan', '{"incididunt non anim exercitation","consectetur ut consequat officia"}', DEFAULT, DEFAULT), ('fac7e894-3f38-5663-bc98-486c88732ea4', 'eb3795e9-0dc2-506f-818c-e81bf7149197', 199, 'public', 'Objective Focused Strategy', '{"esse eu","dolore id nisi ex","velit et laborum qui est","non culpa","dolor ullamco","nisi do pariatur occaecat","nulla dolor dolor cillum","dolor sit","deserunt quis magna","sunt"}', DEFAULT, DEFAULT), ('7d360079-2c18-5c6d-a1b8-85eb411ace3d', '88501f36-608d-5074-ab3f-752cd478292f', 198, 'unlisted', 'Aggressive Rush Strategy', '{"aute elit excepteur","minim est tempor laborum","reprehenderit","amet ut voluptate","officia","ullamco elit","est labore"}', DEFAULT, DEFAULT), ('be194c18-6eee-5ff6-a117-608bade8a86e', '110efd29-2979-5c30-b41f-b3bf832f48cd', 197, 'private', 'Vision Control Blueprint', '{"reprehenderit labore eu consequa"}', DEFAULT, DEFAULT), ('74297878-a21d-59b7-aced-265d4a9f30fa', '95c65795-b9a1-572f-87ae-6fa70b020fbb', 200, 'public', 'Gank Heavy Approach', '{"sit non aliqua incididunt","elit Lorem do occaecat","laboris dolor anim in est","eiusmod consequat cillum","laborum tempor","aliqua esse commodo","nostrud"}', DEFAULT, DEFAULT), ('a0c5fdb3-1581-541b-b560-7473e0935643', '71edf17f-e471-58c3-bbf8-8111bd6c7c8e', 192, 'unlisted', 'Jungle Control Playbook', '{"Lorem id commodo","consequat","ex est reprehenderit esse duis"}', DEFAULT, DEFAULT), ('5bf01130-69dd-5547-acc0-717bf1395fda', 'fb634118-b8a6-50b7-9010-0317dd27fba6', 200, 'unlisted', 'Vision Control Blueprint', '{"dolore sint reprehenderit irure","exercitation","voluptate excepteur veniam","ex nisi","anim anim laboris","laborum veniam anim proident","sunt","et culpa","aliqua ipsum laborum","est aliqua ex"}', DEFAULT, DEFAULT), ('1e052062-4999-589c-af48-bc4a3df69d05', '3adfc207-aaeb-5fa1-b329-eb7ef2061320', 198, 'private', 'Secure Objective Playbook', '{"ullamco","duis eiusmod nisi","aliqua cupidatat","cupidatat esse","eu tempor irure nulla","ex irure sint veniam id","cupidatat consequat Lorem","dolor sint cillum nisi consectet"}', DEFAULT, DEFAULT), ('38b49ca8-b50c-5e98-af9e-9c3898d28f8f', '5b303ef1-7516-512a-ba01-9f0dc05d7d2a', 199, 'private', 'Aggressive Rush Strategy', '{"excepteur cupidatat exercitation","enim ullamco consequat pariatur","ea voluptate","magna quis sit","reprehenderit nisi sunt eiusmod","amet est anim elit","proident"}', DEFAULT, DEFAULT), ('9b261f2f-f0b0-57c3-9c3a-156a89bfc9aa', '75b1f4f3-d352-56de-83dd-e679684b060c', 197, 'unlisted', 'Secure Objective Playbook', '{"ullamco ipsum","dolore ea occaecat sunt","occaecat","cupidatat consequat sit veniam","cillum","nisi","velit consequat","mollit reprehenderit ad consequa","cupidatat labore Lorem ut"}', DEFAULT, DEFAULT), ('2d9d0644-e0d8-5f5d-84c2-071cd2c099ce', '45173bfe-a11f-574a-ac25-21cda1308ec9', 191, 'public', 'Defensive Turtle Tactics', '{"pariatur ullamco eu eu","cupidatat","nostrud deserunt cillum voluptat"}', DEFAULT, DEFAULT), ('b8c7a039-d039-57f7-bd1e-253b05ef8c03', '2d1d7734-be70-5d07-a538-e76c6cae722e', 192, 'private', 'Vision Denial Blueprint', '{"amet est in anim","do exercitation","amet dolore","quis Lorem"}', DEFAULT, DEFAULT), ('110d19c8-9e0d-5f75-a721-b94eb9080526', '2daf5548-f681-577a-9912-670e1304b2ad', 192, 'private', 'Objective Focused Strategy', '{"qui tempor aliqua","incididunt commodo sunt","aliquip sit non","aute minim","incididunt ex ex","nostrud culpa"}', DEFAULT, DEFAULT), ('09923517-e55a-5deb-98cb-d64b27c0ab72', '225b2186-bb16-5b0a-b7be-47fd3c5a5cf9', 199, 'unlisted', 'Baron Control Strategy', '{"dolor enim","officia culpa nisi do laborum","ipsum aliquip tempor"}', DEFAULT, DEFAULT), ('e5bd85d5-1f62-5598-9176-4bfd393badbe', 'cfbfd1d4-e77f-57e5-94da-e9ff2cc7a996', 194, 'public', 'Vision Denial Blueprint', '{"aute culpa ea mollit","id labore in Lorem"}', DEFAULT, DEFAULT), ('e8eb7547-d359-5d88-afb0-cca98349d023', 'fbbb9719-f3d1-5ce2-b584-4b70bf5bb135', 198, 'public', 'Counter Pick Blueprint', '{"magna do commodo","nostrud laborum proident qui","est aute sunt aute","est duis laborum ex","commodo non"}', DEFAULT, DEFAULT), ('0e4135c9-4c74-5717-9ee1-cbbb37873838', '8bf74689-dfcf-5429-b342-2718dce8a8eb', 200, 'public', 'Team Fight Execution Plan', '{"fugiat et duis","duis commodo qui","minim mollit ex tempor","occaecat mollit sunt laboris nul","veniam dolore veniam ipsum elit","minim commodo laboris","mollit aute"}', DEFAULT, DEFAULT), ('eb9d24ec-f15e-5e4f-870e-dd537efcd168', 'd905224a-1767-5e97-ad1a-f223ab64cd44', 191, 'private', 'Counter Pick Blueprint', '{"ut nulla","nulla non"}', DEFAULT, DEFAULT), ('688a2e3c-848e-5787-bd83-705a15229924', 'b67e09de-df70-515b-91d0-6e53f3b4a58a', 193, 'unlisted', 'Counter Pick Blueprint', '{"labore exercitation id aliquip"}', DEFAULT, DEFAULT), ('a042a037-2e40-50ce-ae48-3f063c3067bb', '305fa448-c3bf-59c7-a989-19ae69ce0725', 198, 'unlisted', 'Roaming Support Plan', '{"nostrud eiusmod","sunt nisi nulla in","adipisicing","eiusmod laborum adipisicing","consectetur cupidatat"}', DEFAULT, DEFAULT), ('cb4eaa5a-1f18-571e-9566-4c1753ad9134', '7d0c4d54-58ae-5ddf-b108-590171e8655a', 194, 'private', 'Vision Control Blueprint', '{"dolor velit","excepteur elit proident consecte","proident","mollit minim ex","ullamco sunt reprehenderit","esse esse voluptate id minim","pariatur nisi aliqua","in"}', DEFAULT, DEFAULT), ('2076216c-1b19-5f7f-b10d-db3cae2b4567', 'd073b0b8-955f-5aab-9c76-3aebe9fa08b6', 194, 'private', 'Defensive Turtle Tactics', '{"minim Lorem nulla culpa","velit ut tempor","aliqua fugiat irure","ex","aliquip Lorem irure","occaecat ut esse","reprehenderit","cillum ipsum consequat ex irure","veniam magna dolore","sunt deserunt ut"}', DEFAULT, DEFAULT), ('a0bd7980-cac4-5ded-adc5-004548282723', 'a88bc9b9-135e-55c7-8c4c-5a072a3c8573', 192, 'unlisted', 'Vision Control Blueprint', '{"ex","sunt occaecat","deserunt elit exercitation proid","duis magna aliquip","tempor enim mollit nisi cillum"}', DEFAULT, DEFAULT), ('e94657cc-5d4a-53ce-8902-19b99712c3c6', '70b4d1da-5ee3-5bd6-aecb-9af8ab670b84', 192, 'unlisted', 'Vision Control Blueprint', '{"fugiat cupidatat ex","eu nulla duis","ea"}', DEFAULT, DEFAULT), ('cdee6d23-791e-5a74-aba4-6e6c1b3863e7', '4da5a34b-d621-539d-93ed-4bd842601284', 194, 'unlisted', 'Baron Control Strategy', '{"dolor reprehenderit laboris","eiusmod tempor","adipisicing adipisicing ullamco","aliquip elit amet reprehenderit","ad fugiat mollit non","ad sunt aliquip nisi mollit","amet ea minim non","adipisicing deserunt labore","aute","elit ipsum reprehenderit"}', DEFAULT, DEFAULT), ('d5a4641d-8cbb-5fd0-89e3-ac12979b690c', 'bbcbd7eb-4377-550e-af45-f77d693d98fe', 194, 'unlisted', 'Secure Objective Playbook', '{"ex proident","cupidatat dolor fugiat Lorem","aute eu"}', DEFAULT, DEFAULT), ('ab58f5b2-4308-5685-a477-a4b54637b2a0', '734282bd-df4e-5f8d-afc5-83f4c9131800', 191, 'unlisted', 'Roaming Support Plan', '{}', DEFAULT, DEFAULT), ('025da8e7-6d47-53be-9689-b0604284733b', 'e5d977c2-2a0e-5703-8ee9-4796e3967ae0', 198, 'unlisted', 'Gank Heavy Approach', '{"tempor in","consequat officia ex culpa","tempor"}', DEFAULT, DEFAULT), ('cfc01e92-0e9c-5f58-b116-ac73af2ff344', 'b576de0c-954e-5345-a9e7-0d691c52341a', 199, 'private', 'Baron Control Strategy', '{"aliquip pariatur nisi ea","laborum occaecat irure qui","culpa","in deserunt sunt anim","cupidatat irure enim enim tempor"}', DEFAULT, DEFAULT), ('6c7a0737-5d09-56f1-9a60-9ca811b68d40', '2190cc4c-2cc5-5f9f-983d-55f70f31e468', 196, 'public', 'Late Game Scaling Strategy', '{"voluptate laborum","ex voluptate amet","ea dolore","velit"}', DEFAULT, DEFAULT), ('b74b781d-f3ca-5ce2-a262-c20f23455d05', '8b7e423b-b9b9-5b3c-bf3d-1aa45d16235c', 191, 'private', 'Team Fight Execution Plan', '{"reprehenderit sint irure","veniam irure ex","dolore reprehenderit","Lorem dolore sunt officia","aliqua velit"}', DEFAULT, DEFAULT), ('ae76c1cf-66c9-5bf7-8fc8-d1e1260ab8bd', '3ff60d7a-a4ad-54c5-a422-53b52cd53093', 194, 'public', 'Jungle Control Playbook', '{"aliqua anim quis","velit minim amet","cillum tempor ut","dolore pariatur","in","magna sit","deserunt reprehenderit consequat","sint"}', DEFAULT, DEFAULT), ('3267d96d-4a33-5c13-9ef8-eb9652f76262', '5f651c76-ceba-56db-bd60-512d4079ec53', 195, 'public', 'Late Game Scaling Strategy', '{"amet velit incididunt","nulla aliqua minim amet non"}', DEFAULT, DEFAULT), ('272ce823-3f81-5671-93a8-93655178aa67', 'f6a7cc82-a609-50ee-a839-9fa8b1a9631d', 199, 'unlisted', 'Counter Pick Blueprint', '{"exercitation proident tempor et ","incididunt","aliquip","minim irure et ea","aliquip ea culpa pariatur","aliqua Lorem irure","est pariatur adipisicing nostrud","commodo","eu ipsum esse commodo anim"}', DEFAULT, DEFAULT), ('0cd365ac-6479-5889-b532-b02ce5d93b9f', '51a084b6-d183-5fbc-beeb-9d670865e2cb', 191, 'unlisted', 'Wave Management Plan', '{"commodo et adipisicing sunt ex","cillum elit dolore","excepteur ea","sunt dolor tempor","eiusmod sint ullamco nulla","esse commodo nostrud"}', DEFAULT, DEFAULT), ('d1c31a1f-140d-5b01-95f7-3fc15003186c', '5dd9c208-a224-5712-b987-eab6b9a89e23', 192, 'public', 'Baron Control Strategy', '{"anim sit enim tempor aliquip","laboris ullamco enim id exercita"}', DEFAULT, DEFAULT), ('139e14ed-bbf1-5d48-a6cc-84c72c891164', 'b81bd935-192e-5281-86b5-9cd33c3ee95a', 194, 'unlisted', 'Jungle Control Playbook', '{"excepteur quis","magna sunt elit mollit aliquip","tempor magna"}', DEFAULT, DEFAULT), ('586f1ac8-f524-5f8c-88e2-184c02d5ef6d', '81cd6138-b0c3-5d83-86b9-8143c909421b', 200, 'private', 'Aggressive Rush Strategy', '{"ullamco esse in","ex consectetur esse do","sit excepteur"}', DEFAULT, DEFAULT), ('62075432-2441-5ae8-a3d3-0c53f1490707', '3b3a2ed4-3283-5a09-84d9-c7de876d5510', 196, 'public', 'Vision Denial Blueprint', '{"esse culpa sint dolor dolore","exercitation aliqua","tempor laboris eu","et adipisicing ea","aliquip in","amet est velit adipisicing","incididunt eu ex","aliqua id ea","labore excepteur","laboris Lorem id sint"}', DEFAULT, DEFAULT), ('7e2a3012-f429-5959-8e79-e27f888f9ce7', 'be8eca74-88dc-5f62-a6bb-1a0cde780aab', 193, 'public', 'Baron Control Strategy', '{"tempor","do ea fugiat deserunt","cillum duis eu","minim aliquip","ad deserunt","et","excepteur anim","proident quis proident anim","anim ullamco aliquip qui quis","in reprehenderit et enim"}', DEFAULT, DEFAULT), ('b8821e56-73f0-54d5-b485-728d64492250', '31ac52db-fa89-5177-b667-1cf6526a929a', 193, 'private', 'Gank Heavy Approach', '{"commodo do dolor consequat venia","nostrud exercitation ut proident"}', DEFAULT, DEFAULT), ('41c6ea7f-18a9-55e6-b2ba-f0f4f40a17bf', 'cd1520c4-af17-5e1e-b5b0-a9e95f36a7c4', 193, 'unlisted', 'Siege Tactics Handbook', '{"veniam Lorem cupidatat exercitat"}', DEFAULT, DEFAULT), ('6071eb55-6bca-516b-b2e7-cdcdc70b2f27', 'c72c7230-479d-51cc-940d-5fec1bea4502', 194, 'private', 'Rotation Strategy Document', '{"voluptate magna magna ad","minim","qui","commodo nisi ex","incididunt","sunt officia dolor laboris"}', DEFAULT, DEFAULT), ('d7cdb9d2-07a6-5208-bc43-84429587c78d', 'a8212e1b-5577-5c28-9c38-2d4fbd753550', 194, 'private', 'Gank Heavy Approach', '{"adipisicing deserunt ullamco exc","anim irure excepteur","mollit do sunt","esse minim adipisicing","dolor"}', DEFAULT, DEFAULT), ('edba76b8-16c2-5d65-8407-7c8846b18c8d', '1332e392-1ac8-57d9-8262-948f66c89fe9', 199, 'private', 'Defensive Turtle Tactics', '{"voluptate velit eiusmod reprehen","nisi aliqua","sint excepteur id","voluptate quis duis anim","voluptate excepteur dolor","minim eiusmod aliquip","aliquip quis laborum velit","do non qui est","mollit Lorem","nisi aliqua aliquip"}', DEFAULT, DEFAULT), ('4961b154-685f-5c2d-b1f1-598100239ea4', '6f98547a-4734-5cb4-82a1-cf5fc4e37c8d', 192, 'public', 'Early Game Dominance Guide', '{"irure duis magna","nostrud amet et ut incididunt","cupidatat","nisi","consequat","ullamco nulla","sunt sunt","eiusmod","aliqua ullamco esse ullamco"}', DEFAULT, DEFAULT), ('81b648c1-576c-5086-ba4f-2125060d9cf0', '84aabd0a-31ea-5dd5-9e39-ce95a07d2009', 196, 'unlisted', 'Siege Tactics Handbook', '{"dolore reprehenderit in","consectetur sunt ad laborum pari","tempor fugiat veniam in","voluptate","aute"}', DEFAULT, DEFAULT), ('edcc20e9-95a3-50eb-b84c-a2ac5801dd1f', '5c25ba01-ab4d-5527-9a41-d79d770f3d79', 197, 'private', 'Objective Focused Strategy', '{"voluptate amet voluptate","est occaecat"}', DEFAULT, DEFAULT), ('0f7963e1-2931-5603-b1f8-5f29e095a36f', 'c9f9ed6b-3ed1-5d46-9201-51000bdf47fa', 198, 'private', 'Aggressive Rush Strategy', '{}', DEFAULT, DEFAULT), ('d90cf80e-490d-5c8c-85cc-9c761060fca5', '472a7075-ea0f-5e44-b5c9-6ef12ccd3736', 199, 'public', 'Defensive Turtle Tactics', '{}', DEFAULT, DEFAULT), ('84a00f8f-8f65-512e-a89a-396ebb944774', '28a1ca86-fc34-5d5b-bda6-792b581f58de', 200, 'unlisted', 'Counter Pick Blueprint', '{"anim nostrud eu qui","aliqua elit sint Lorem"}', DEFAULT, DEFAULT), ('24530daa-18f4-5736-824e-740b98d86f84', '9e6824f3-dac2-540f-9e3d-8797171dab14', 198, 'public', 'Objective Focused Strategy', '{"est nisi eu ipsum","cillum","ex consectetur cillum deserunt","nostrud minim sint mollit enim"}', DEFAULT, DEFAULT), ('cef44dbb-01f1-53f9-a51f-bce20b8c9729', 'ba60341e-ffca-5a8d-85d2-58afc6ff269c', 195, 'private', 'Gank Heavy Approach', '{"consequat minim elit excepteur a","sunt deserunt tempor ut anim"}', DEFAULT, DEFAULT), ('2f432e43-c578-5d3f-a9f6-658650551fe1', '77085b75-b014-57d0-8618-9cc95436a25e', 197, 'public', 'Vision Denial Blueprint', '{"occaecat"}', DEFAULT, DEFAULT), ('9e0ad23d-bafe-536b-a992-47ea353cf3b5', 'eb3e804d-5ed0-59a1-900b-3b0f9b2cb577', 199, 'unlisted', 'Gank Heavy Approach', '{"enim sint","consequat incididunt tempor offi","officia tempor enim pariatur","fugiat laboris sint veniam exerc","reprehenderit enim consequat"}', DEFAULT, DEFAULT), ('ba4f3542-9d48-574a-8df6-823d78106037', '3ff60d7a-a4ad-54c5-a422-53b52cd53093', 195, 'public', 'Defensive Turtle Tactics', '{"quis est","aliquip laborum","ea","pariatur","aute quis laborum officia"}', DEFAULT, DEFAULT), ('d5920fa6-848e-5195-b671-9577ccf74a26', 'a727f58e-5d42-555f-a07e-84196ea16b24', 197, 'public', 'Roaming Support Plan', '{"anim","Lorem ipsum elit proident","culpa ad minim Lorem","sunt","aliquip id enim ipsum","id occaecat pariatur","labore"}', DEFAULT, DEFAULT), ('60e1ec45-4b3f-5cd2-b9e9-a6fd50c32391', '3adfc207-aaeb-5fa1-b329-eb7ef2061320', 200, 'public', 'Vision Denial Blueprint', '{"reprehenderit sit exercitation d","veniam dolore","consectetur ad id","laboris aute veniam labore fugia"}', DEFAULT, DEFAULT), ('4152396c-eaf9-5aeb-9b7d-6c26ad4d722c', '438bff0e-fd50-5c86-89ee-d397a0c0e548', 198, 'unlisted', 'Defensive Turtle Tactics', '{"cillum","eu amet","dolor mollit ex consequat"}', DEFAULT, DEFAULT), ('82c66b9e-374b-5deb-960b-0b761f066806', '5ce056de-a21e-5eba-9d47-e09232047aae', 196, 'public', 'Late Game Scaling Strategy', '{"sunt sunt","velit","incididunt cillum","est cillum do labore"}', DEFAULT, DEFAULT), ('cb1a8444-be9e-581c-8a1e-9f0d5870d484', '626028b2-23d2-53a4-aca9-9c9cc4158e30', 191, 'public', 'Wave Management Plan', '{"minim enim officia","consequat laborum in dolore","minim irure mollit","commodo officia labore eu in","magna","ipsum duis in quis","quis laborum irure","laboris ipsum irure","sint proident"}', DEFAULT, DEFAULT), ('b4086fbf-8b55-5b20-af96-270e53efd260', 'd19db439-c7e7-53a7-aa19-0db346180dc1', 197, 'unlisted', 'Siege Tactics Handbook', '{"aliquip","consectetur et id ex","qui qui in officia"}', DEFAULT, DEFAULT), ('7dc2a385-02fd-5e9e-8ca3-480d310ce988', '77085b75-b014-57d0-8618-9cc95436a25e', 192, 'unlisted', 'Late Game Scaling Strategy', '{"do id aliquip","non Lorem laborum","consectetur nulla in amet","occaecat cillum consequat","mollit pariatur ea nisi","mollit id veniam","voluptate aliqua qui","officia laborum officia ex labor","eu reprehenderit"}', DEFAULT, DEFAULT), ('bd010a0a-cb39-59ee-8218-e7f775ac9a01', '5f3671df-cc06-5a3d-87a6-e1e42e095fa3', 198, 'private', 'Counter Pick Blueprint', '{"sit sunt consequat","ut","nisi pariatur ullamco"}', DEFAULT, DEFAULT), ('eb100a5e-fbbc-5189-b323-e08ca1ddf4b2', 'b576de0c-954e-5345-a9e7-0d691c52341a', 197, 'public', 'Map Control Blueprint', '{"ullamco laborum","anim fugiat pariatur"}', DEFAULT, DEFAULT), ('e43c6b3b-10fe-54f2-a09c-2f23976dbe42', 'f4b5542b-ba61-519e-a8d2-5793282ad487', 193, 'public', 'Counter Pick Blueprint', '{"fugiat veniam eiusmod","dolore aliqua aliquip laborum"}', DEFAULT, DEFAULT), ('145f2d17-d2b0-59ee-98c0-d8b6d6c741cd', '59fbbc7c-edc9-5d3c-9170-cf6acabbcd28', 195, 'unlisted', 'Wave Management Plan', '{"incididunt ea","et","cupidatat ex ullamco nisi deseru","eiusmod commodo laborum commodo"}', DEFAULT, DEFAULT), ('27b7fc92-c399-5aec-bc43-ea4a7d41c984', '051188d3-54fa-59f4-adc8-b929fcb2c826', 197, 'unlisted', 'Gank Heavy Approach', '{"excepteur eu est sint"}', DEFAULT, DEFAULT), ('16e13bc2-bae9-5a1b-a23b-7f2503b73a03', 'af85f96c-efbd-584c-bdd4-26c4e2f3e556', 195, 'private', 'Baron Control Strategy', '{"ex nulla","cupidatat occaecat laborum","Lorem ex sit ut","aliqua ad","deserunt commodo pariatur","ipsum laborum magna","in pariatur","ipsum reprehenderit deserunt","ullamco"}', DEFAULT, DEFAULT), ('fb9a721d-7da1-577d-a721-ae00139d250b', 'd35ecca3-ac35-5e28-8e7e-6a25de908d18', 199, 'unlisted', 'Aggressive Rush Strategy', '{"proident irure mollit","cillum reprehenderit cillum ut q","irure elit","quis est excepteur aute","aliquip","eiusmod ad non duis"}', DEFAULT, DEFAULT), ('8514b549-2321-5223-bcae-362fbfc61c61', 'fc14352d-4abe-5826-a292-f6661223ae86', 191, 'private', 'Split Push Blueprint', '{"eiusmod ut amet","veniam","dolore nisi laborum non","qui irure cupidatat ut","tempor laborum sunt ullamco repr","consectetur amet voluptate adipi","officia aliqua aute","culpa"}', DEFAULT, DEFAULT), ('8d222d98-29f0-5123-b99d-cc9f19493b20', 'e5b4727f-be5e-52c0-83cb-cb7ba230945f', 198, 'public', 'Aggressive Rush Strategy', '{"eiusmod commodo nisi","nisi dolor amet velit","commodo ea laboris","quis quis deserunt ullamco","laborum","in dolore cillum dolor","excepteur duis exercitation repr","nisi ad voluptate et voluptate"}', DEFAULT, DEFAULT), ('5ba895cd-4107-5c9d-a9cb-bd2d24899776', 'e20720a7-b660-50e0-8da5-8784fa26a31d', 197, 'private', 'Vision Denial Blueprint', '{"eiusmod","cupidatat magna incididunt aliqu","consectetur enim","sint non in","nulla Lorem officia"}', DEFAULT, DEFAULT), ('73b23aba-b5e2-5b24-b442-00922b22f275', '405dd580-b1c8-5c0e-9df0-d82b7f57175d', 194, 'private', 'Jungle Control Playbook', '{"minim fugiat","minim ad","et occaecat aliquip et","laboris dolor veniam","dolore dolore","ipsum sit reprehenderit","eiusmod officia id veniam","minim officia esse","pariatur cillum"}', DEFAULT, DEFAULT), ('0e1a0168-a26a-5feb-9c91-7bd40d62afcc', '8c5ef042-1b14-56ed-adba-e25d3960a3cf', 197, 'private', 'Map Control Blueprint', '{"ullamco exercitation dolor elit","deserunt","proident quis","excepteur veniam voluptate enim ","minim cupidatat","enim labore id est ea","sint et dolor","fugiat nisi","voluptate ut excepteur elit cupi","ut qui pariatur enim"}', DEFAULT, DEFAULT), ('9348bed0-a52a-59cd-98df-ed8ab48ba4f7', '4c13eae9-db84-5ef3-81db-cf60400b290d', 196, 'private', 'Defensive Turtle Tactics', '{"laboris mollit","eu incididunt dolore anim","velit deserunt"}', DEFAULT, DEFAULT), ('1507f034-16ba-5219-b927-72f72394b9da', 'da67a96b-9942-5dc8-b342-59c6ccb73527', 200, 'unlisted', 'Wave Management Plan', '{"veniam","elit magna","exercitation occaecat proident","culpa aute labore"}', DEFAULT, DEFAULT), ('3d6517ba-6968-54c9-9934-5dca00f20f48', '5783cab4-e010-523b-b893-81b388f43d06', 198, 'private', 'Defensive Turtle Tactics', '{"esse laborum quis esse","sint voluptate","do sit proident mollit quis","deserunt"}', DEFAULT, DEFAULT), ('253eb1a7-6466-5751-bb80-ba728a9d5688', '3c19e2d6-1e17-5580-adbc-319ee6c74e3c', 200, 'public', 'Split Push Blueprint', '{"officia ut","ullamco minim","velit ea","enim consectetur eiusmod cupidat","nulla ex","do esse","est Lorem sint laborum culpa","laboris sit ea cupidatat","consectetur sunt","dolor pariatur"}', DEFAULT, DEFAULT), ('84afba7a-f643-5519-b420-54d83f591e9d', 'f8fbdff1-11b4-54fa-ab90-292d82d3d353', 195, 'unlisted', 'Roaming Support Plan', '{"Lorem dolor dolore irure nulla"}', DEFAULT, DEFAULT), ('59b35be9-9d21-5b79-8875-4954a08d7239', 'b134c4e5-3e41-53b3-bf3f-7f4cf023e9d7', 195, 'public', 'Late Game Scaling Strategy', '{"sunt amet velit fugiat laborum"}', DEFAULT, DEFAULT), ('b3ff9604-63d2-533f-8bbb-d5f0486381ad', 'a88bc9b9-135e-55c7-8c4c-5a072a3c8573', 195, 'unlisted', 'Rotation Strategy Document', '{"pariatur ipsum","est ut et","incididunt laboris ea esse Lorem","elit adipisicing Lorem","enim amet aliquip"}', DEFAULT, DEFAULT), ('bcc899da-7629-5e0e-b560-5f5f6e7060e1', 'fc295a44-56fb-5a65-beee-66fd6554ae26', 199, 'private', 'Counter Pick Blueprint', '{"sint","exercitation","mollit nostrud","labore ex eiusmod","irure","nostrud dolor anim anim","ea quis","nulla commodo"}', DEFAULT, DEFAULT), ('96dbca51-d731-5e2c-a3d4-62e8f0faa072', '28e4b717-ba20-5ce6-96db-f08421aa2fc7', 195, 'unlisted', 'Map Control Blueprint', '{"eu proident nisi","velit qui deserunt pariatur"}', DEFAULT, DEFAULT), ('fc633e1f-14b8-590b-a0ba-c22147aaeeb4', 'ba60341e-ffca-5a8d-85d2-58afc6ff269c', 196, 'private', 'Secure Objective Playbook', '{"esse cupidatat magna ex","eu","aliquip minim"}', DEFAULT, DEFAULT), ('49af1081-9f3e-5569-af2e-1029eb808baf', '59fbbc7c-edc9-5d3c-9170-cf6acabbcd28', 194, 'public', 'Late Game Scaling Strategy', '{"aute adipisicing do in","cupidatat est magna","elit","id adipisicing consectetur ex an","consequat adipisicing","mollit excepteur elit voluptate","magna culpa enim"}', DEFAULT, DEFAULT), ('28c7fcd5-dc0b-528f-92f0-3e19e7b94b50', '3b3a2ed4-3283-5a09-84d9-c7de876d5510', 199, 'public', 'Gank Heavy Approach', '{"anim enim","tempor anim enim amet","veniam nisi laboris","ad laborum ullamco","nulla anim","ea aliqua","anim voluptate sint"}', DEFAULT, DEFAULT), ('38780d0a-620c-5420-b84b-aa917e5db8c1', '34a6eefa-de0a-5b54-8950-76863d1d5290', 191, 'unlisted', 'Aggressive Rush Strategy', '{"enim ipsum Lorem ullamco","sit laborum amet aliquip","veniam reprehenderit","irure pariatur laboris","dolore cillum velit","consectetur ex cupidatat labore","laborum sint"}', DEFAULT, DEFAULT), ('535c1e86-4fb0-59ea-8076-b54244994b61', '853509f0-6836-5fa7-87f2-fb0a9a8766d2', 196, 'unlisted', 'Split Push Blueprint', '{"dolore consequat irure","excepteur ut ex duis"}', DEFAULT, DEFAULT), ('5e181f1c-b93c-59a3-a161-c4d4e29f775e', 'b81bd935-192e-5281-86b5-9cd33c3ee95a', 194, 'unlisted', 'Secure Objective Playbook', '{"est","irure reprehenderit ullamco temp","eu consequat","aute velit commodo nulla","sint mollit deserunt","proident aute aliqua adipisicing","anim nisi deserunt"}', DEFAULT, DEFAULT), ('0cd34502-daee-52d8-b8a4-7aa032065e8a', 'ec0fecde-72da-5866-9b82-27edb33f804a', 192, 'public', 'Objective Focused Strategy', '{"velit","veniam et pariatur deserunt","fugiat nulla","magna aute","enim","elit amet sit duis minim","id nostrud","cupidatat esse aliquip officia","voluptate velit"}', DEFAULT, DEFAULT), ('6c9b6808-e737-5f8f-b196-93c0598b34b9', 'c72c7230-479d-51cc-940d-5fec1bea4502', 197, 'public', 'Roaming Support Plan', '{"Lorem ipsum ad ipsum"}', DEFAULT, DEFAULT), ('f498173a-b4a1-5b37-ad0b-67596b4fe0ac', '4c13eae9-db84-5ef3-81db-cf60400b290d', 198, 'unlisted', 'Siege Tactics Handbook', '{"sit magna aliqua Lorem","est"}', DEFAULT, DEFAULT), ('b0d542cd-fe80-5cad-9bd6-a81d0ed1c2f4', 'f6a7cc82-a609-50ee-a839-9fa8b1a9631d', 198, 'unlisted', 'Vision Control Blueprint', '{"tempor veniam fugiat exercitatio","deserunt enim dolor amet","esse","irure ea cupidatat aliquip","laborum Lorem","anim ea","qui nulla anim velit anim"}', DEFAULT, DEFAULT), ('cd506b7e-0f7c-526c-b650-bb799376c313', '763ebb5f-add9-59ff-9a26-6b4030dae259', 192, 'unlisted', 'Gank Heavy Approach', '{"fugiat consequat laborum culpa","dolor tempor sint","ex sunt laborum reprehenderit","occaecat aliquip cillum nisi"}', DEFAULT, DEFAULT), ('d625f518-4ec3-51e2-95c0-6cf965668d68', 'e25e0c45-28e1-5923-b63d-64b8ddeff422', 198, 'public', 'Wave Management Plan', '{"pariatur adipisicing eiusmod","quis laborum","excepteur ea irure do","aliquip qui cillum consectetur d"}', DEFAULT, DEFAULT), ('66b76653-1cc5-50ef-a109-c059c945f253', 'e7ba2b18-a57c-5b02-9714-d376d9ea922f', 199, 'private', 'Team Fight Execution Plan', '{"eiusmod","incididunt magna aliquip","deserunt officia","proident officia"}', DEFAULT, DEFAULT), ('a6dbcc80-e965-5682-9448-6a65a83787b3', '203ac13e-e5b1-548e-a7da-5d8cff932053', 191, 'public', 'Roaming Support Plan', '{"reprehenderit tempor consequat","occaecat qui nisi","voluptate","fugiat consequat laborum","exercitation sunt deserunt conse","magna"}', DEFAULT, DEFAULT), ('c4d9fc37-aa2c-5cf4-8cef-779723958882', 'eea550bd-8120-5fb2-9339-ad3a549506d4', 199, 'unlisted', 'Vision Control Blueprint', '{"dolore quis nisi aute","et in","pariatur ea ut veniam","exercitation esse officia exerci","deserunt occaecat culpa"}', DEFAULT, DEFAULT), ('cbdcc83c-77a1-5d75-ace8-183321930672', '7c0f6282-7933-5431-8e88-9d2b9f09f272', 193, 'private', 'Map Control Blueprint', '{"incididunt sint laboris voluptat"}', DEFAULT, DEFAULT), ('46b593cf-05b9-5316-ba74-ef4cf062dcc9', '31ac52db-fa89-5177-b667-1cf6526a929a', 195, 'unlisted', 'Vision Control Blueprint', '{"in eu","tempor commodo","veniam enim consectetur non ulla","voluptate esse aute","fugiat Lorem Lorem"}', DEFAULT, DEFAULT), ('1770dbe6-c529-520b-a36c-454b023ccb2c', '2386fe50-4da3-5ca3-b993-046dc48afb23', 196, 'public', 'Roaming Support Plan', '{"tempor occaecat aute","ex officia sunt id cillum","nisi ex quis velit"}', DEFAULT, DEFAULT), ('65973815-006c-531b-b69f-bd5d086f7786', '0e342915-b360-541f-8c0a-bdf36b3c0ce2', 198, 'unlisted', 'Wave Management Plan', '{"deserunt non labore","irure amet","velit amet irure esse","irure consectetur","labore aute do","Lorem","laboris id","reprehenderit adipisicing proide","nisi culpa duis","id sint"}', DEFAULT, DEFAULT), ('0cd413aa-1a82-5832-9edb-17fd5c059a41', 'a4b32498-f3a6-5110-a5b6-de20f0314c35', 200, 'private', 'Vision Denial Blueprint', '{"voluptate consequat in","eu dolor"}', DEFAULT, DEFAULT), ('5153bc7b-cd04-5c5e-83e9-7b7a5a1390e6', '71edf17f-e471-58c3-bbf8-8111bd6c7c8e', 194, 'public', 'Roaming Support Plan', '{"sint fugiat","est ad commodo et","non","sit duis ea consectetur duis","laboris magna"}', DEFAULT, DEFAULT), ('bd276dfa-2ddb-52c7-9feb-6d2cc281335e', 'be8eca74-88dc-5f62-a6bb-1a0cde780aab', 192, 'private', 'Map Control Blueprint', '{"incididunt consequat enim cupida","quis fugiat","anim officia qui","sint nostrud et ea"}', DEFAULT, DEFAULT), ('12cafb5f-6adc-5f24-a738-9455dde3eb2a', '2da4149c-bf3e-5f98-b904-591c69530871', 192, 'public', 'Wave Management Plan', '{"nulla minim velit anim","voluptate","labore nostrud","sunt nisi excepteur exercitation","ullamco aliqua minim"}', DEFAULT, DEFAULT), ('e017f166-fa51-5fb5-af86-6fc41cad9674', '305fa448-c3bf-59c7-a989-19ae69ce0725', 192, 'private', 'Secure Objective Playbook', '{"sunt irure amet adipisicing ulla","minim culpa cupidatat","Lorem pariatur commodo","aute","ad dolor commodo velit","ad Lorem irure","est duis","ad ut velit"}', DEFAULT, DEFAULT), ('544f27bb-a8e9-5b6b-8ec7-f1cfe91406e2', '88501f36-608d-5074-ab3f-752cd478292f', 195, 'public', 'Wave Management Plan', '{"consequat non nisi consequat","sint aliqua sit labore","cupidatat aliquip consectetur re"}', DEFAULT, DEFAULT), ('a704d0a7-ee9e-5aa5-bba9-aff3556d41a2', '6fc34c52-742f-56c2-b6c3-89dee63a8839', 195, 'private', 'Wave Management Plan', '{"tempor irure exercitation","magna duis ex","commodo est voluptate exercitati"}', DEFAULT, DEFAULT), ('a758f3b0-169f-56a9-80db-acb9f3972464', 'de459427-bb2c-5381-bdbf-7126efbb65c9', 192, 'public', 'Defensive Turtle Tactics', '{"irure deserunt","adipisicing dolor","nisi est","cupidatat labore mollit dolor fu","voluptate Lorem","officia qui ea","fugiat excepteur velit id"}', DEFAULT, DEFAULT), ('1ebb07c2-9cc9-56df-b9e3-71837bafdca1', '2764351d-73bf-5124-a613-660cd57f91dd', 195, 'unlisted', 'Early Game Dominance Guide', '{"laboris duis non ea do","dolore consequat cupidatat","incididunt commodo","irure eiusmod","ea ea est","aliqua fugiat dolor","aliqua non occaecat qui","enim enim laborum ea nisi"}', DEFAULT, DEFAULT), ('217c4ba5-3ca5-503f-8fcd-2cf91341f163', '644bfc5c-cf27-5d76-8355-4e4c8d73061f', 199, 'public', 'Vision Control Blueprint', '{"et duis","ut Lorem sint elit","ad laboris culpa","ullamco irure","ex aliquip do laboris","consectetur velit ea incididunt","et laborum","do dolor adipisicing veniam eu"}', DEFAULT, DEFAULT), ('63c64b00-d130-5928-b403-258ebdb17248', 'da67a96b-9942-5dc8-b342-59c6ccb73527', 199, 'private', 'Early Game Dominance Guide', '{"amet","commodo eu do"}', DEFAULT, DEFAULT), ('0deb1a0e-8f26-576f-af23-e26ef824ea0b', 'c379a417-3b5c-5e05-a7ca-c545e0d33c70', 200, 'unlisted', 'Split Push Blueprint', '{"labore esse sunt mollit eu","nostrud nostrud culpa","non mollit aute enim quis","reprehenderit excepteur","commodo nisi nulla","sunt sit Lorem"}', DEFAULT, DEFAULT), ('924718ca-0525-5af0-b71a-2560f2cc09a0', '5783cab4-e010-523b-b893-81b388f43d06', 198, 'public', 'Map Control Blueprint', '{"cillum","eu culpa proident ea","officia nulla dolore consequat l"}', DEFAULT, DEFAULT), ('877842c0-f0dc-575b-a7ad-30915aaaeebe', 'd35ecca3-ac35-5e28-8e7e-6a25de908d18', 192, 'private', 'Secure Objective Playbook', '{"cillum ea","cupidatat enim duis aute","duis id anim do","aliqua eiusmod ea","exercitation ipsum","tempor Lorem consequat"}', DEFAULT, DEFAULT), ('ebce0b2a-b558-5f18-bddc-2af385fe3118', 'd19db439-c7e7-53a7-aa19-0db346180dc1', 195, 'unlisted', 'Baron Control Strategy', '{"quis proident deserunt","quis ea officia","sint ut laboris dolor","irure non cillum fugiat","sit adipisicing"}', DEFAULT, DEFAULT), ('67f00577-22b1-541a-b8eb-43f4241ec322', '59558fa1-9cc0-5e85-a331-879d76e07f05', 192, 'private', 'Objective Focused Strategy', '{"eu Lorem velit exercitation moll","Lorem laborum enim commodo","commodo laboris","occaecat ex commodo reprehenderi","et labore deserunt","culpa do","cillum veniam ex do","magna ut irure et"}', DEFAULT, DEFAULT), ('5c1d9b7d-9f54-545c-ae19-f60dd5ff1d25', '338ac238-5209-53e4-836e-9d5dc98ae268', 193, 'unlisted', 'Aggressive Rush Strategy', '{"nisi veniam anim ad nostrud","aliquip id eu commodo proident","ad reprehenderit enim quis duis","reprehenderit aliqua","est elit ipsum sunt","ad Lorem duis dolor"}', DEFAULT, DEFAULT), ('339c2395-3fcf-5f3b-90ec-90611b01fa37', '7cb09c84-7471-599f-bae0-90d61a321390', 195, 'public', 'Early Game Dominance Guide', '{"veniam","quis laboris fugiat cillum conse","cupidatat nisi adipisicing nostr"}', DEFAULT, DEFAULT), ('3e26da35-99ab-5fee-95a6-ca3120af490b', 'fd2a8113-662a-5782-9e12-f7b49eee56e0', 199, 'unlisted', 'Vision Control Blueprint', '{"adipisicing irure"}', DEFAULT, DEFAULT), ('540a4921-798c-58f1-8dda-fbb9b912bb43', 'c97097d9-c6b8-5a50-931a-369c86f1535e', 200, 'unlisted', 'Vision Denial Blueprint', '{"est veniam","labore","esse veniam in","eiusmod ex dolor adipisicing","eu commodo amet","dolore","duis voluptate","aliquip incididunt sint irure","laborum enim minim ullamco sit"}', DEFAULT, DEFAULT), ('81b847bf-bc05-538e-bdc5-721f48634b78', 'cfbfd1d4-e77f-57e5-94da-e9ff2cc7a996', 192, 'unlisted', 'Gank Heavy Approach', '{"cillum ullamco","amet fugiat officia","sunt anim occaecat sint","adipisicing quis excepteur","anim Lorem sunt","eu cillum","do nostrud sit","duis aute laborum","consequat dolor minim et","Lorem reprehenderit non exercita"}', DEFAULT, DEFAULT), ('2c9d2493-4412-5eae-aa39-69858c4bfd99', '02489279-3f4c-5f0f-845f-6f8bb51bae87', 198, 'private', 'Gank Heavy Approach', '{"nostrud fugiat ullamco"}', DEFAULT, DEFAULT), ('51ef9256-0eab-579a-868b-52c27ddf10e9', 'c6add04b-f7fe-5a4a-99c2-280079fffcdb', 194, 'unlisted', 'Early Game Dominance Guide', '{"ut excepteur eiusmod","ex laborum"}', DEFAULT, DEFAULT), ('d6ceb82b-4af2-5d8a-96c1-8d6a9db93a31', '2190cc4c-2cc5-5f9f-983d-55f70f31e468', 192, 'public', 'Aggressive Rush Strategy', '{"sint veniam","magna cupidatat","nulla exercitation proident","laboris anim aliqua","commodo amet culpa","laboris voluptate veniam fugiat ","dolor sunt","fugiat quis elit Lorem ex","elit adipisicing cillum do cupid"}', DEFAULT, DEFAULT), ('01ae0a36-6172-5c0a-baff-6c1805e0976a', '94daea14-9b93-5933-9044-5ccc1eb32f8f', 199, 'public', 'Wave Management Plan', '{"consequat sint esse nostrud","excepteur anim pariatur"}', DEFAULT, DEFAULT), ('df70af8b-9578-5bd7-9fd6-02ad92eaedca', '7d0c4d54-58ae-5ddf-b108-590171e8655a', 199, 'unlisted', 'Gank Heavy Approach', '{"consequat reprehenderit eiusmod ","officia minim do anim occaecat","proident laboris eu et fugiat","quis","tempor id excepteur ad","quis","dolor occaecat ea"}', DEFAULT, DEFAULT), ('82fca927-01aa-5c29-8d7a-7a868f9ba6ea', '274020d9-7513-5cf6-ae0b-e94ef1d1a62f', 195, 'public', 'Rotation Strategy Document', '{"ullamco aliquip consequat ad con","eu dolor culpa","eu do"}', DEFAULT, DEFAULT), ('4e5550d4-d39a-56c3-8f19-971fdeeb787e', 'a9122079-3a20-5358-b879-888db7308da4', 194, 'unlisted', 'Vision Denial Blueprint', '{"nostrud","minim excepteur velit veniam","eu fugiat ut minim","velit fugiat","ut deserunt"}', DEFAULT, DEFAULT), ('83ec5ac5-8c23-5e38-8151-36af62098fff', '583774ae-7432-5503-850f-867e82c0838b', 191, 'private', 'Siege Tactics Handbook', '{"ex Lorem deserunt","proident sit aliqua excepteur","sunt esse labore cillum"}', DEFAULT, DEFAULT), ('d1996167-52fb-5e4a-b849-75efada773e6', '43bcab14-4a69-5e60-a07f-cda2fe595a2a', 193, 'unlisted', 'Defensive Turtle Tactics', '{"nulla quis laboris","quis ex ex in","officia","nulla non eu est"}', DEFAULT, DEFAULT), ('1818e464-6a87-5266-8677-c069741c3ab2', 'e09a1a6c-2073-587c-bb13-604903ae6e80', 197, 'unlisted', 'Vision Control Blueprint', '{"reprehenderit cupidatat non pari","anim fugiat Lorem non","consectetur qui cillum","quis occaecat culpa non","voluptate cillum ea eiusmod repr","non officia consectetur"}', DEFAULT, DEFAULT), ('13ebb239-29e1-53ff-93b0-d55e3db05a11', 'ee198d66-a798-52a5-8b79-9931f7b835e3', 191, 'unlisted', 'Baron Control Strategy', '{"et ex veniam deserunt dolore","eu nostrud velit ullamco mollit","adipisicing Lorem anim adipisici","ex nulla et"}', DEFAULT, DEFAULT), ('a0a63713-f2dd-56aa-98a3-f6a26bcae5b9', '88514f78-7770-5bc2-96a4-f0f4ebcab4a4', 200, 'unlisted', 'Jungle Control Playbook', '{"irure ipsum voluptate labore ad","ad aliquip","reprehenderit reprehenderit et e","culpa ullamco","laboris ea","eu aute","reprehenderit mollit excepteur","exercitation elit aute tempor"}', DEFAULT, DEFAULT), ('4029bbad-86a6-5e60-a150-da0664c62b92', '1e7e0bcb-4fc0-5d72-81a5-d67a74a13595', 192, 'private', 'Team Fight Execution Plan', '{"voluptate consequat veniam","culpa sunt magna cillum","nisi fugiat","duis non","ipsum et Lorem labore","dolore excepteur nisi","et Lorem dolore proident"}', DEFAULT, DEFAULT), ('6636a6a8-3a2d-5862-bb24-3e77bffdb640', '549980e7-3e77-5d76-b263-84664d04b209', 198, 'private', 'Wave Management Plan', '{"exercitation non","dolore occaecat non","consequat do nulla","deserunt quis velit dolor fugiat","nostrud eu qui culpa et","nisi id","sint"}', DEFAULT, DEFAULT), ('4ba85443-f89e-5d68-8d4a-da572969b0dd', 'ea56a5ec-2249-5fba-8891-278bcdbbb33d', 199, 'public', 'Split Push Blueprint', '{"dolor aliquip consequat proident","exercitation culpa et","laborum","ut amet","est labore consectetur","aliqua quis","ut ut","sunt officia"}', DEFAULT, DEFAULT), ('55fbf0ae-1fd2-57d5-9884-2ceca8eef8f3', 'a8212e1b-5577-5c28-9c38-2d4fbd753550', 193, 'unlisted', 'Team Fight Execution Plan', '{"proident"}', DEFAULT, DEFAULT), ('c91a5204-a47c-5f58-8042-f917f2facb4b', '3c19e2d6-1e17-5580-adbc-319ee6c74e3c', 199, 'public', 'Late Game Scaling Strategy', '{"voluptate mollit qui eu eiusmod","magna ullamco id nostrud","velit anim voluptate eu ex","ut","ea velit","dolore pariatur adipisicing irur"}', DEFAULT, DEFAULT), ('fdca53a8-e101-5585-90b8-82f7d3c1fc24', '71edf17f-e471-58c3-bbf8-8111bd6c7c8e', 199, 'public', 'Jungle Control Playbook', '{"sit","consequat minim adipisicing est","cupidatat consequat ea","occaecat occaecat proident","sint anim pariatur ullamco","in adipisicing consequat amet"}', DEFAULT, DEFAULT), ('a76c18ad-af72-57b7-b165-f7757943d51e', 'da67a96b-9942-5dc8-b342-59c6ccb73527', 199, 'unlisted', 'Jungle Control Playbook', '{"et cillum culpa","Lorem","id aliquip ex","ex","magna nisi ullamco","deserunt magna","esse do velit","ipsum cillum","eu aliquip"}', DEFAULT, DEFAULT), ('bf7ffe87-c4e2-5aa1-86f7-2fdfa8315ff6', 'ac772386-a452-5d18-88c7-396c2a71eb0b', 194, 'unlisted', 'Gank Heavy Approach', '{"laborum deserunt deserunt volupt","veniam labore excepteur incididu","veniam occaecat laboris sint","culpa cupidatat sunt officia","mollit veniam in irure","aute quis mollit","velit ipsum quis incididunt veni","sunt deserunt consectetur amet s","labore amet","exercitation ex velit ea"}', DEFAULT, DEFAULT), ('764f06ba-b246-5c62-8e43-89fe991c749d', 'f457d7a7-01f9-5225-b07a-0e782525bbc7', 195, 'public', 'Secure Objective Playbook', '{"dolore","est enim","cillum irure ad","elit","ullamco ex ipsum deserunt","veniam dolor"}', DEFAULT, DEFAULT), ('229d48f9-9e17-5f91-bd2c-3f3cdbae28c1', '380f1bbd-f6c8-5306-af3f-7d7fa746bde0', 198, 'public', 'Counter Pick Blueprint', '{"ex velit amet culpa voluptate","Lorem sunt exercitation","eiusmod est esse quis"}', DEFAULT, DEFAULT), ('505fdba9-c563-5897-bd99-f3fd7e6efb10', '7bf99080-cdc6-5456-b6d5-417e28b4eba5', 193, 'private', 'Map Control Blueprint', '{"cupidatat","proident occaecat culpa et"}', DEFAULT, DEFAULT), ('ad47e58b-6404-5eb4-b01c-1ab02b3af226', 'de459427-bb2c-5381-bdbf-7126efbb65c9', 199, 'private', 'Gank Heavy Approach', '{"veniam amet est","laboris","nisi dolore"}', DEFAULT, DEFAULT), ('4ae4f149-a1da-5a76-913f-5ea02c87f4e0', 'abf8504a-2cfc-5a9d-a5d2-31dccd8bf00f', 193, 'unlisted', 'Counter Pick Blueprint', '{"labore qui","voluptate elit officia","veniam pariatur qui laboris","mollit occaecat culpa ut consect","veniam occaecat qui ad","duis labore quis","ea ipsum sint"}', DEFAULT, DEFAULT), ('a85217e5-f8d6-5dd0-996b-8464fa1021ff', '91fa3874-9437-5dfa-a49a-f19fb38d9e92', 199, 'public', 'Counter Pick Blueprint', '{"cillum aliquip irure","aute","eiusmod in culpa","tempor nisi laborum","duis ea est"}', DEFAULT, DEFAULT), ('b21411a7-0afc-5cf3-81fc-471ab95f5d8d', '626028b2-23d2-53a4-aca9-9c9cc4158e30', 198, 'unlisted', 'Vision Denial Blueprint', '{"et ea id sunt","quis eiusmod cupidatat","eiusmod sit","anim mollit","culpa sit","mollit id","aute et dolor Lorem"}', DEFAULT, DEFAULT), ('d37fd98f-746a-582e-a0fc-de28d96e48c5', 'b5605791-3389-56c2-9ec6-17d538b9bb85', 191, 'public', 'Siege Tactics Handbook', '{"enim minim et","ipsum","officia nostrud","voluptate sunt"}', DEFAULT, DEFAULT), ('2dc53ff7-923f-50df-a732-82b60afbba2f', 'b7a89d05-549f-565f-b631-b59097e91d1a', 198, 'unlisted', 'Roaming Support Plan', '{"Lorem enim pariatur","velit aliquip in"}', DEFAULT, DEFAULT), ('f9690101-a16f-5108-b391-78c9dba8aeee', 'be8eca74-88dc-5f62-a6bb-1a0cde780aab', 196, 'unlisted', 'Late Game Scaling Strategy', '{"enim excepteur ipsum","cupidatat labore consequat Lorem","in esse","culpa elit nulla occaecat"}', DEFAULT, DEFAULT), ('7441a375-e1c1-5111-b299-b73d6da10ca2', 'fa904169-96b2-5473-b48d-c7f225d6dfb3', 192, 'unlisted', 'Vision Denial Blueprint', '{"fugiat ut culpa occaecat","reprehenderit","do in mollit elit","deserunt veniam laborum nulla","anim","et"}', DEFAULT, DEFAULT), ('ca1d2bcf-5a98-5759-81b6-75e3ed47122a', '88133dcb-8b00-5c2c-aee5-9f0743f5239d', 192, 'private', 'Objective Focused Strategy', '{"anim duis irure","sunt est cupidatat tempor ad","eiusmod enim do incididunt culpa","sit minim id","Lorem proident do ea","velit incididunt incididunt"}', DEFAULT, DEFAULT), ('77b1dab4-a856-5c18-bb24-053f8869bc5b', 'c3fa24c3-3b50-5e24-8717-dd9782d2e82b', 194, 'private', 'Rotation Strategy Document', '{"voluptate exercitation dolore","laborum qui et ex","nulla et","commodo nisi","qui eu quis","nisi exercitation","aliqua quis","fugiat incididunt cupidatat mini","qui anim aute nostrud","Lorem aute sint enim irure"}', DEFAULT, DEFAULT), ('08b3c695-d6fb-54e4-9ef2-bf508a57adc1', '9848be59-9489-5a98-891a-f6bd795125f7', 196, 'public', 'Aggressive Rush Strategy', '{"in aute deserunt","nostrud culpa officia incididunt","mollit laboris aliquip do","cillum culpa","dolore","exercitation do mollit","non pariatur cupidatat exercitat","voluptate tempor irure commodo"}', DEFAULT, DEFAULT), ('7dc16d02-274a-5e7f-bc31-6af29982313f', '061a9df6-5f3b-55cf-9879-eec1a4061457', 197, 'private', 'Late Game Scaling Strategy', '{"occaecat amet ea","anim aute consectetur minim","minim ex reprehenderit Lorem"}', DEFAULT, DEFAULT), ('acad405c-f8e9-559b-bd11-e0ffc3bebca6', 'b81bd935-192e-5281-86b5-9cd33c3ee95a', 191, 'unlisted', 'Siege Tactics Handbook', '{"adipisicing amet duis aute excep","officia laboris voluptate elit p"}', DEFAULT, DEFAULT), ('16d95573-87cd-5d45-be45-e8a020ba40ac', 'ac9f0e3e-b030-584f-a8dd-87355fe22537', 191, 'private', 'Counter Pick Blueprint', '{"amet ullamco consequat Lorem","proident esse reprehenderit","non est","ad quis exercitation proident no","aute occaecat ad","cillum","Lorem aliquip"}', DEFAULT, DEFAULT), ('5a993b43-eca0-563f-b6c9-fdd440759e85', '71edf17f-e471-58c3-bbf8-8111bd6c7c8e', 195, 'unlisted', 'Team Fight Execution Plan', '{"sit id magna nostrud"}', DEFAULT, DEFAULT), ('f7bfc2c8-d52a-5806-97fd-77bd67d93b23', '1497705a-df0e-5f8d-988d-61adba7199e0', 193, 'unlisted', 'Counter Pick Blueprint', '{"nisi esse minim","duis sunt commodo deserunt","sunt ut duis excepteur","nulla exercitation","reprehenderit irure","officia est non ipsum","sint consectetur qui cillum","excepteur culpa adipisicing ad","quis culpa labore ipsum amet","irure consequat dolore eiusmod p"}', DEFAULT, DEFAULT), ('748d5a8c-f2bf-5974-9c72-24f98b85813b', '43bcab14-4a69-5e60-a07f-cda2fe595a2a', 192, 'private', 'Defensive Turtle Tactics', '{"esse","velit irure"}', DEFAULT, DEFAULT), ('808d9117-ba04-5cb0-8827-639e2642b0ee', '71edf17f-e471-58c3-bbf8-8111bd6c7c8e', 198, 'public', 'Team Fight Execution Plan', '{"culpa occaecat culpa nostrud"}', DEFAULT, DEFAULT), ('e0185351-5b08-58b2-bd3e-c09965750112', '5783cab4-e010-523b-b893-81b388f43d06', 199, 'public', 'Roaming Support Plan', '{"ut cupidatat aliqua magna","cillum eiusmod","in dolor","excepteur magna","anim nisi aliquip consectetur in","exercitation sunt quis","aliqua proident sunt","commodo","fugiat enim id quis","nostrud veniam sunt"}', DEFAULT, DEFAULT), ('993f7ab3-9b54-5771-a99e-0c6d75a1f37d', 'dc376aff-9563-59fe-ac16-2760fcfb9752', 194, 'unlisted', 'Late Game Scaling Strategy', '{"esse duis irure","occaecat deserunt excepteur","excepteur aute enim ex","quis qui in esse ut","adipisicing","dolor adipisicing"}', DEFAULT, DEFAULT), ('bdb5114a-76d3-5fe4-944c-043e7ebd99da', 'f46ce5c6-3097-5b5d-8213-37b749a8664f', 198, 'public', 'Baron Control Strategy', '{"dolore magna do cupidatat","laboris laborum nisi","enim","deserunt occaecat do exercitatio","labore enim duis","sit deserunt occaecat reprehende","qui ad eiusmod sit nostrud","aliqua consequat nulla consectet","reprehenderit"}', DEFAULT, DEFAULT), ('aa4964a1-4611-5528-9df9-ef170866214f', 'eda91f04-12ef-5904-88aa-e6ed9a692e03', 193, 'unlisted', 'Baron Control Strategy', '{"aliquip aute est labore","commodo laboris sit proident exe","ex et","ipsum laboris","sint enim proident","anim","quis esse ullamco","officia aliqua est commodo","qui ullamco"}', DEFAULT, DEFAULT), ('ec14513a-7d3c-5172-b68b-d531791ec9de', 'f8fbdff1-11b4-54fa-ab90-292d82d3d353', 197, 'private', 'Aggressive Rush Strategy', '{"commodo aute","ipsum tempor fugiat"}', DEFAULT, DEFAULT), ('a0f81f50-aa3d-5780-b485-a54fb7b7833a', 'b7a89d05-549f-565f-b631-b59097e91d1a', 200, 'private', 'Team Fight Execution Plan', '{"voluptate adipisicing dolor","aute irure labore non laborum","velit","veniam fugiat est","est","veniam sunt anim adipisicing","in ex officia proident et","mollit laboris id anim","nostrud eiusmod"}', DEFAULT, DEFAULT), ('aabd5608-e04b-5bd8-8d75-d004a1b17409', 'fe78882d-8d81-5307-9012-7c7cadbfdbe6', 200, 'unlisted', 'Objective Focused Strategy', '{"amet fugiat","mollit labore esse","amet consequat","irure eiusmod adipisicing est","sunt","est"}', DEFAULT, DEFAULT), ('7bcc2b79-de31-5963-9cfd-559af77da3be', 'eea550bd-8120-5fb2-9339-ad3a549506d4', 198, 'unlisted', 'Wave Management Plan', '{"adipisicing eu eiusmod","et esse aliquip in","occaecat exercitation minim veni","tempor occaecat ut","fugiat elit","sint aliqua proident","aliqua dolore ut","nostrud anim culpa","proident Lorem officia elit"}', DEFAULT, DEFAULT), ('b4293a01-a1be-5e58-a088-abc550c9f820', 'c6add04b-f7fe-5a4a-99c2-280079fffcdb', 194, 'private', 'Early Game Dominance Guide', '{"in cillum","adipisicing cillum proident qui ","duis nisi","mollit nisi pariatur qui","duis in","eiusmod ex","irure tempor do ullamco","est in","proident officia","occaecat consectetur"}', DEFAULT, DEFAULT), ('a97e2960-b385-5f99-88c2-9e562f32234e', '3af5be38-b117-5675-8d7a-e27a1a34e8a8', 197, 'public', 'Team Fight Execution Plan', '{"pariatur irure nulla nostrud","aute dolor quis proident","dolore et ea eu","ad ipsum","culpa","ipsum adipisicing","cupidatat qui commodo esse"}', DEFAULT, DEFAULT), ('db39a462-f36a-54ba-b38e-2fcf35273cba', '8d3f145b-67b0-504d-b49a-d59ecea5d2d8', 193, 'private', 'Counter Pick Blueprint', '{"adipisicing","non do et qui nisi","labore","excepteur nostrud","ex elit magna laborum","irure officia pariatur ullamco"}', DEFAULT, DEFAULT), ('35dc016a-9edc-565d-923e-9bee9a60bd24', '3c0af99e-82a0-5346-8da5-2d2825b8a66d', 194, 'public', 'Siege Tactics Handbook', '{"non est amet Lorem pariatur","irure est reprehenderit","minim","pariatur qui elit aliquip","cillum quis","irure do laboris","qui aliqua","aute occaecat consequat velit"}', DEFAULT, DEFAULT), ('61e4dc6c-b183-5c81-91cb-8dc622fd6913', '2190cc4c-2cc5-5f9f-983d-55f70f31e468', 192, 'unlisted', 'Siege Tactics Handbook', '{"aliquip aliquip"}', DEFAULT, DEFAULT), ('b5df5eae-45e8-5f54-a8f9-351afabf5f65', '9e19dd6d-e8c2-5925-b1c8-e13b62340491', 199, 'unlisted', 'Rotation Strategy Document', '{"excepteur sint","consequat ex consequat","laboris consectetur dolor nulla ","laborum ipsum cillum labore"}', DEFAULT, DEFAULT), ('18aa22db-700e-5a8a-892c-5bf7b7da1bbf', '8b474939-245b-5ed9-b06a-21432e2b9115', 192, 'public', 'Aggressive Rush Strategy', '{"sint sunt","duis reprehenderit"}', DEFAULT, DEFAULT), ('7c9a7a2f-bf97-5fb7-9ff3-bb3e363fce60', 'ad1bbcac-cdbb-551f-b25a-b14b40074515', 192, 'unlisted', 'Gank Heavy Approach', '{"cupidatat adipisicing","ea aute reprehenderit exercitati","duis mollit pariatur laboris eiu","enim quis ullamco","proident labore culpa","et mollit dolore","in aute eiusmod deserunt laborum","ipsum anim tempor","amet consequat enim officia","officia"}', DEFAULT, DEFAULT), ('93216013-7bd8-59b1-a3f0-b1087d4d7f00', 'eeba85da-b4f7-5195-887e-28b7dc8a5236', 197, 'public', 'Secure Objective Playbook', '{"ex nostrud consectetur cupidatat"}', DEFAULT, DEFAULT), ('3e057cf2-df3a-50e5-82fa-e2dcf87ebd5a', '225b2186-bb16-5b0a-b7be-47fd3c5a5cf9', 193, 'public', 'Secure Objective Playbook', '{"culpa aliquip cupidatat in volup","eu in mollit culpa","cillum velit et ex ut","id et enim nisi minim","elit excepteur nostrud magna mol","ullamco consectetur deserunt par","cupidatat esse"}', DEFAULT, DEFAULT), ('e3f5f266-44d3-5096-b897-56678a5f974b', '1bdf6d4a-906f-5da5-b91f-35917468bf74', 200, 'private', 'Vision Denial Blueprint', '{"aliquip sit non nostrud id","cillum commodo","ea enim","ad pariatur qui aliquip","aliqua veniam eu officia sunt","nisi occaecat laboris","enim deserunt nostrud","anim cupidatat"}', DEFAULT, DEFAULT), ('ffbcf0c1-44bb-549f-ba50-18e1e874a611', '583774ae-7432-5503-850f-867e82c0838b', 193, 'private', 'Counter Pick Blueprint', '{"aliqua voluptate exercitation","consectetur veniam","proident pariatur voluptate","cupidatat duis","cupidatat dolore ullamco","duis non irure"}', DEFAULT, DEFAULT), ('c4f414cf-451e-5497-88db-62020e3a0dc5', '43bcab14-4a69-5e60-a07f-cda2fe595a2a', 192, 'private', 'Baron Control Strategy', '{"Lorem","laboris incididunt fugiat","incididunt","dolor nostrud dolor commodo","officia aute sint"}', DEFAULT, DEFAULT), ('a109823a-0d02-5064-b8ef-3186d6d08cb0', 'd00c085d-72d6-5114-a5fd-ba818539c2f7', 191, 'private', 'Aggressive Rush Strategy', '{}', DEFAULT, DEFAULT), ('3e4b1eac-b214-5aaa-a7f0-29af8a5b2ce9', 'fc14352d-4abe-5826-a292-f6661223ae86', 191, 'public', 'Rotation Strategy Document', '{"qui incididunt aliqua consequat","enim aliqua ex"}', DEFAULT, DEFAULT), ('72819b1c-0a2a-5e86-b5bc-5741c2854f96', 'eb3e804d-5ed0-59a1-900b-3b0f9b2cb577', 192, 'private', 'Split Push Blueprint', '{"nisi exercitation","aliquip aute fugiat anim","do id sunt","ipsum est consectetur","aliquip voluptate laborum","quis proident ullamco","ex aliquip occaecat","labore cillum ut","minim pariatur","cupidatat dolore"}', DEFAULT, DEFAULT), ('b5d7b26a-56f4-59fc-853e-1a1306ab6e95', 'a88bc9b9-135e-55c7-8c4c-5a072a3c8573', 193, 'public', 'Objective Focused Strategy', '{"consequat do mollit mollit proid","nulla ad elit Lorem","voluptate ut magna","exercitation veniam adipisicing ","occaecat occaecat aliqua commodo","reprehenderit exercitation Lorem","mollit ad","nostrud magna commodo","deserunt ut nulla anim"}', DEFAULT, DEFAULT), ('29365629-31e8-5e53-b1ae-ffdad1c2009e', '54473828-0225-5307-b53c-7a0fc46ac63c', 194, 'unlisted', 'Jungle Control Playbook', '{}', DEFAULT, DEFAULT), ('ef9b1028-31e2-59d9-a64e-2a4d1686e96e', '47e5d6a1-6a7c-5068-97e6-b73d6f3b47c1', 200, 'unlisted', 'Objective Focused Strategy', '{"exercitation esse","aliquip deserunt Lorem exercitat","nisi exercitation Lorem","aliquip in eu","mollit elit","ipsum officia magna","pariatur dolor ex nisi pariatur","voluptate voluptate do","ea mollit ullamco ad reprehender"}', DEFAULT, DEFAULT), ('51f9c2fa-a6a8-5d1e-9ef8-efb89c34ee1c', '6f98547a-4734-5cb4-82a1-cf5fc4e37c8d', 199, 'private', 'Split Push Blueprint', '{"ut","enim culpa velit","cupidatat irure","tempor do irure","ad Lorem","velit quis"}', DEFAULT, DEFAULT), ('930338c0-ea8e-56fc-b2df-a68255a6182c', '7a86b477-8922-5c78-85b7-47a44d6877c0', 197, 'private', 'Aggressive Rush Strategy', '{"duis nulla","occaecat sit est adipisicing ad","fugiat enim","ipsum","cillum do","est sunt","nulla nostrud adipisicing","non"}', DEFAULT, DEFAULT), ('14f0b4c0-9d33-5d68-85ae-cc3d31b6b19e', '882c7ae5-914f-539d-8207-691de536097f', 196, 'public', 'Jungle Control Playbook', '{"eu laboris deserunt qui qui","eiusmod commodo","ad occaecat ullamco elit","amet occaecat velit","esse enim","labore","nostrud nisi labore ullamco dolo","excepteur ullamco et","tempor magna"}', DEFAULT, DEFAULT), ('7c51f66f-cf81-571f-a65c-f571f1f39cc9', 'a78f49ae-5f15-5b14-baf5-6abdb727fcc1', 200, 'private', 'Roaming Support Plan', '{"amet consectetur","dolore","quis duis enim dolor"}', DEFAULT, DEFAULT), ('764b9b2a-d477-5bff-a789-cba064ac71f8', 'f3376d8d-17f3-5259-a5b0-af6d5e21e7e2', 194, 'public', 'Vision Control Blueprint', '{"ex elit ea velit","qui ex"}', DEFAULT, DEFAULT), ('1125d49b-2ad6-5500-bd14-7e0649f5dd73', 'cfbfd1d4-e77f-57e5-94da-e9ff2cc7a996', 192, 'unlisted', 'Team Fight Execution Plan', '{"adipisicing","proident et aliqua velit","ipsum elit","adipisicing veniam"}', DEFAULT, DEFAULT), ('de1d5557-45c4-5747-8c2d-f8c09704db25', '02489279-3f4c-5f0f-845f-6f8bb51bae87', 193, 'private', 'Baron Control Strategy', '{"do voluptate ex deserunt"}', DEFAULT, DEFAULT), ('dc2759a8-51ca-575d-9678-0ac64e900648', 'a3df44c1-25a3-5190-a8bc-004597063afc', 200, 'private', 'Late Game Scaling Strategy', '{"qui ullamco anim reprehenderit","sint deserunt exercitation sint","aute culpa id","sit culpa ea sunt","ipsum fugiat","occaecat tempor","ex nostrud duis","officia consequat adipisicing do","velit irure sint nostrud"}', DEFAULT, DEFAULT), ('8c0ef303-3ae4-5fe5-b0be-ef1788ae8707', '8926b9fd-34b2-5421-a25c-9cd89c12cad0', 192, 'public', 'Vision Control Blueprint', '{"proident culpa dolor","adipisicing aute qui","labore sunt Lorem dolore","officia velit"}', DEFAULT, DEFAULT), ('ddd094e1-b8f4-560e-b960-af5227a9b337', 'a8212e1b-5577-5c28-9c38-2d4fbd753550', 194, 'unlisted', 'Map Control Blueprint', '{"ex tempor ut","veniam","dolore sunt laborum","sit eu duis duis","fugiat veniam est ipsum et","voluptate id occaecat","ut non consequat duis","irure","qui duis dolor culpa sint"}', DEFAULT, DEFAULT), ('4bd93d1d-9da0-508d-a30a-5cd1fe2e858d', '225b2186-bb16-5b0a-b7be-47fd3c5a5cf9', 192, 'public', 'Baron Control Strategy', '{"laboris commodo aliqua amet veni"}', DEFAULT, DEFAULT), ('2d25022b-866c-584e-895d-11b8a727c08f', '02a341a2-35a0-5fbc-a1f4-aa8b42aa4b51', 198, 'public', 'Jungle Control Playbook', '{"quis in","commodo velit Lorem aute","aute qui aute occaecat","cupidatat proident consectetur","culpa exercitation elit id"}', DEFAULT, DEFAULT), ('8d4a5d0e-3ef8-5e54-ac1b-6a14acb1ad0e', 'dc58dd7b-bb54-5abe-8208-becc5e0561ad', 199, 'private', 'Team Fight Execution Plan', '{"proident sit culpa reprehenderit","exercitation aliqua laborum pari","aliquip incididunt"}', DEFAULT, DEFAULT), ('6b889196-1556-5eef-89c0-e7506a0ca45b', '79efb743-bb54-546e-8bdf-089509399715', 191, 'public', 'Baron Control Strategy', '{"enim occaecat deserunt minim","exercitation eu nostrud","qui ad duis sint","proident eiusmod sit sint","enim enim do minim","minim nostrud","minim magna ad non fugiat","id in magna","dolor Lorem qui","elit non qui cupidatat"}', DEFAULT, DEFAULT), ('e6b5025c-d432-567c-bc94-e80f642225ff', '09bca3f4-0d37-5f5a-b637-9d7942a17cff', 197, 'public', 'Aggressive Rush Strategy', '{"sunt laborum","dolor duis","proident dolor amet sunt in"}', DEFAULT, DEFAULT), ('4d0eaa15-67e7-50e5-bd92-8596a8c41516', 'ec0fecde-72da-5866-9b82-27edb33f804a', 199, 'public', 'Jungle Control Playbook', '{"elit","veniam aliquip consectetur sunt","ex pariatur","proident amet nostrud","fugiat aliqua velit","pariatur sunt","laboris tempor minim occaecat","minim minim cillum id"}', DEFAULT, DEFAULT), ('c2405ac9-0838-5ce8-a85b-e6db0fbe6c10', 'b5605791-3389-56c2-9ec6-17d538b9bb85', 197, 'unlisted', 'Early Game Dominance Guide', '{"quis duis qui","sit excepteur","esse mollit ut","nisi adipisicing culpa","ea veniam in excepteur","est ipsum esse nisi","consequat","nulla cupidatat pariatur excepte","Lorem laborum non sint elit","proident"}', DEFAULT, DEFAULT), ('c8df1446-9b17-5687-8ff4-001003cfca37', '40747f76-ad34-5508-ba43-ef538c943cc0', 200, 'private', 'Jungle Control Playbook', '{"ex proident","Lorem cupidatat sit","cillum fugiat mollit tempor","exercitation commodo fugiat","enim elit labore","amet magna","Lorem dolor id dolor"}', DEFAULT, DEFAULT), ('f706294d-163e-5aef-a517-eae489067781', '756cbb59-27d6-58f3-b4b9-8b56121e683f', 192, 'public', 'Counter Pick Blueprint', '{"ad","qui","culpa veniam quis sit ea","eiusmod esse","ut elit exercitation","in aliquip","tempor velit aute excepteur"}', DEFAULT, DEFAULT), ('bee3d023-7908-5b1b-a6e7-320078c804bf', 'b7a89d05-549f-565f-b631-b59097e91d1a', 191, 'private', 'Roaming Support Plan', '{"consequat ex sit eiusmod","ad fugiat","ad minim nostrud est","dolore magna","est in aliqua","aliqua velit quis","esse labore quis elit","Lorem eu aliquip quis"}', DEFAULT, DEFAULT), ('d607d7db-ee7a-57fa-b0f1-08a24201e561', 'ea56a5ec-2249-5fba-8891-278bcdbbb33d', 196, 'unlisted', 'Objective Focused Strategy', '{"occaecat duis qui","ad deserunt id proident cillum","reprehenderit nisi aliquip labor"}', DEFAULT, DEFAULT), ('6db5eb76-a4d8-59b2-8682-ac0a5dca423f', 'af5fa9a8-f7df-5a87-830c-3e8d39f06eae', 195, 'public', 'Objective Focused Strategy', '{"proident magna velit et","irure elit","enim anim commodo","laborum adipisicing"}', DEFAULT, DEFAULT), ('f0859c52-737d-58da-9c95-b804668a9ae6', '98b30307-7ea7-5b6c-b9e4-560fe08299de', 192, 'public', 'Gank Heavy Approach', '{"mollit velit Lorem cillum offici"}', DEFAULT, DEFAULT), ('f843e0b1-5e16-5c9e-923e-e155f87b2422', '960932a7-c474-5ba2-97bb-0581aeeca485', 199, 'unlisted', 'Aggressive Rush Strategy', '{"labore officia esse","tempor et anim est culpa","et et in aliqua","reprehenderit cillum est esse"}', DEFAULT, DEFAULT), ('971d3e7d-1fd1-5fd1-ba3a-0a99dda2cb04', '34a6eefa-de0a-5b54-8950-76863d1d5290', 198, 'public', 'Secure Objective Playbook', '{"ad","consequat aliqua ullamco veniam","voluptate deserunt ut dolore","culpa nisi anim excepteur tempor","consequat magna","cupidatat amet et","esse irure incididunt Lorem","do proident adipisicing"}', DEFAULT, DEFAULT), ('51c6dab5-99f7-56c9-a820-7cfc76e25abf', '02489279-3f4c-5f0f-845f-6f8bb51bae87', 199, 'public', 'Early Game Dominance Guide', '{"qui dolor magna consequat cupida"}', DEFAULT, DEFAULT), ('88430d1c-f998-5183-ac05-d06b362a058a', 'f057746f-990e-5e0f-ba59-b833ef7e39fc', 195, 'public', 'Map Control Blueprint', '{"consequat et","fugiat sint","et adipisicing","dolor","incididunt commodo minim dolor","eu minim","sit velit anim elit"}', DEFAULT, DEFAULT), ('fc959555-d183-544e-8cf6-52532b383f25', '21a7e579-98a3-5757-a0a8-913f2da95aba', 200, 'private', 'Jungle Control Playbook', '{"aliqua ut","ea occaecat","ullamco cillum"}', DEFAULT, DEFAULT), ('94935318-fc9b-5864-874e-912b663c75f7', '9a52e2af-cb63-5ab2-95a7-ae32f01d6a1c', 200, 'private', 'Defensive Turtle Tactics', '{"ad dolor aliquip"}', DEFAULT, DEFAULT), ('ea529f5a-add2-5f29-a44d-2a799c7ab051', '9b1fc781-1e4e-56d2-bd68-0dc257a319c0', 197, 'unlisted', 'Early Game Dominance Guide', '{"et in incididunt in dolore","dolor ad consectetur occaecat","non amet tempor","occaecat sit","elit sint","nostrud quis"}', DEFAULT, DEFAULT), ('b2bd3c17-1864-5b1f-8d71-b6fe96b48ba6', 'be8eca74-88dc-5f62-a6bb-1a0cde780aab', 194, 'public', 'Early Game Dominance Guide', '{"sint velit cupidatat esse in","culpa id consequat","consectetur","nulla exercitation","duis culpa occaecat","id esse laborum","ut excepteur qui","ut est quis"}', DEFAULT, DEFAULT), ('a46777c9-6f34-5718-a195-68edd93e1d42', '09204188-e618-5728-88fc-034120742c41', 191, 'private', 'Split Push Blueprint', '{"nisi elit proident incididunt fu","officia","laborum Lorem consectetur ad","est et","ea fugiat veniam","adipisicing aliqua cupidatat","tempor reprehenderit"}', DEFAULT, DEFAULT), ('0f3df2fb-dd6e-55b9-9f86-0babb8fec748', '70b4d1da-5ee3-5bd6-aecb-9af8ab670b84', 194, 'public', 'Vision Control Blueprint', '{"do esse exercitation sunt","et veniam officia esse et","nisi","esse enim reprehenderit consecte","officia ullamco proident mollit","velit","ut dolor incididunt ipsum eiusmo","fugiat cillum qui mollit incidid","non eiusmod officia"}', DEFAULT, DEFAULT), ('95bb7f47-209b-5f16-a018-19e8f23e6e16', 'a6ea6199-2a1a-56d4-b12a-1bf7d32d154c', 195, 'public', 'Jungle Control Playbook', '{}', DEFAULT, DEFAULT), ('78959a88-41ee-5d40-85cb-71e22f4c47aa', 'da67a96b-9942-5dc8-b342-59c6ccb73527', 196, 'public', 'Jungle Control Playbook', '{"in occaecat excepteur eu"}', DEFAULT, DEFAULT), ('a9e614f8-c87a-596e-bdaf-6e577865453e', '882c7ae5-914f-539d-8207-691de536097f', 198, 'public', 'Siege Tactics Handbook', '{"ex nisi","duis ex ut ut","sit ipsum","cillum veniam ex","reprehenderit minim reprehenderi"}', DEFAULT, DEFAULT), ('f80096a0-59ff-58f8-a58f-cd508cb0f33e', '6f98547a-4734-5cb4-82a1-cf5fc4e37c8d', 197, 'public', 'Defensive Turtle Tactics', '{"eiusmod labore fugiat","sit do fugiat"}', DEFAULT, DEFAULT), ('a444e395-f85a-5fcf-904b-e713df3a17f6', '203ac13e-e5b1-548e-a7da-5d8cff932053', 198, 'public', 'Siege Tactics Handbook', '{"dolore excepteur occaecat","sit consequat est","ipsum officia elit","culpa","nulla pariatur","deserunt qui irure","minim commodo cupidatat pariatur","quis culpa"}', DEFAULT, DEFAULT);
INSERT INTO public.team_member_role (id,name,flags) VALUES (58, 'owner', 511), (59, 'editor', 7), (60, 'viewer', 1);
SELECT setval('"public"."team_member_role_id_seq"'::regclass, (SELECT MAX("id") FROM "public"."team_member_role"));
