INSERT INTO public.game (id,name,alias,icon,metadata,created_at) VALUES (66, 'Irure', 'NBA2K', 'https://svgur.com/i/15ay.svg', DEFAULT, DEFAULT), (67, 'Proident Id', 'NBA2K', 'https://svgur.com/i/15ay.svg', DEFAULT, DEFAULT);
SELECT setval('"public"."game_id_seq"'::regclass, (SELECT MAX("id") FROM "public"."game"));
INSERT INTO public.team (id,name,plan_id,created_at,updated_at) VALUES ('7c2c4732-09c1-5f7b-87ca-c53e7497b4ef', 'Dolorum me propter m', NULL, DEFAULT, DEFAULT), ('f50563b6-8532-51ec-b121-d8c6bca3e897', 'Quo disserui inis su', NULL, DEFAULT, DEFAULT), ('f1bf295c-195b-5a42-9c6b-5bfa14b58307', 'Voluptatib malum ea ', NULL, DEFAULT, DEFAULT), ('5e20f9a8-7b26-5a5f-8426-6b12c182d23c', 'Tractatem compartemp', NULL, DEFAULT, DEFAULT), ('53fe0e9e-3358-5722-b994-4faad8733cd3', 'Venire bonoribus ode', NULL, DEFAULT, DEFAULT), ('e4834379-a7a0-5f41-8193-f598072b1c83', 'Moles habeaturnit su', NULL, DEFAULT, DEFAULT), ('782f7eda-e535-5ab3-8415-643126d3b0fa', 'Autem sed rerum modo', NULL, DEFAULT, DEFAULT), ('5daf6f25-3b97-5f49-8f75-4ba5d1d74cd3', 'Quae sum decoribus i', NULL, DEFAULT, DEFAULT), ('3788fdae-c690-5563-abac-18b51e4d210f', 'Synephebos sin in en', NULL, DEFAULT, DEFAULT);
INSERT INTO public.plan (id,name,pricing,pricing_interval,is_default,config,created_at,updated_at) VALUES (16, 'Essential', 0, 'monthly', 't', DEFAULT, DEFAULT, DEFAULT), (17, 'Advanced', 15.803108597090716, 'monthly', 'f', DEFAULT, DEFAULT, DEFAULT), (18, 'Pro', 12.111348826482082, 'yearly', 'f', DEFAULT, DEFAULT, DEFAULT);
INSERT INTO public.book (id,name,team_id,game_id,created_at,updated_at) VALUES ('1e7e0bcb-4fc0-5d72-81a5-d67a74a13595', 'Ipsum', '7c2c4732-09c1-5f7b-87ca-c53e7497b4ef', 66, DEFAULT, DEFAULT), ('d297ab9e-40d4-51b5-bb8f-a1df399f1a9a', 'Ut', '7c2c4732-09c1-5f7b-87ca-c53e7497b4ef', 66, DEFAULT, DEFAULT), ('d1b8f3f8-af26-5088-8712-273c28ba98f7', 'Sint', '7c2c4732-09c1-5f7b-87ca-c53e7497b4ef', 67, DEFAULT, DEFAULT), ('3ff60d7a-a4ad-54c5-a422-53b52cd53093', 'Do Do', '7c2c4732-09c1-5f7b-87ca-c53e7497b4ef', 67, DEFAULT, DEFAULT), ('cfbfd1d4-e77f-57e5-94da-e9ff2cc7a996', 'Officia Sit', '7c2c4732-09c1-5f7b-87ca-c53e7497b4ef', 67, DEFAULT, DEFAULT), ('92bf5244-388d-5bbf-bd84-1c7ad2efe31b', 'Quis Minim', '7c2c4732-09c1-5f7b-87ca-c53e7497b4ef', 66, DEFAULT, DEFAULT), ('98eaafd3-adbf-5a3e-adb9-b3fb6971b6f1', 'Consectetur Culpa Ut', 'f50563b6-8532-51ec-b121-d8c6bca3e897', 67, DEFAULT, DEFAULT), ('2d1d7734-be70-5d07-a538-e76c6cae722e', 'Incididunt', 'f50563b6-8532-51ec-b121-d8c6bca3e897', 66, DEFAULT, DEFAULT), ('b5605791-3389-56c2-9ec6-17d538b9bb85', 'Qui Fugiat', 'f50563b6-8532-51ec-b121-d8c6bca3e897', 67, DEFAULT, DEFAULT), ('a5831e58-2fc9-5b59-970d-00c344a4eb18', 'Ut Occaecat', 'f50563b6-8532-51ec-b121-d8c6bca3e897', 66, DEFAULT, DEFAULT), ('756cbb59-27d6-58f3-b4b9-8b56121e683f', 'Id Incididunt Pariat', 'f50563b6-8532-51ec-b121-d8c6bca3e897', 66, DEFAULT, DEFAULT), ('a8212e1b-5577-5c28-9c38-2d4fbd753550', 'Ex Dolor', 'f1bf295c-195b-5a42-9c6b-5bfa14b58307', 67, DEFAULT, DEFAULT), ('59558fa1-9cc0-5e85-a331-879d76e07f05', 'Consectetur Exercita', 'f1bf295c-195b-5a42-9c6b-5bfa14b58307', 67, DEFAULT, DEFAULT), ('8926b9fd-34b2-5421-a25c-9cd89c12cad0', 'Consequat', 'f1bf295c-195b-5a42-9c6b-5bfa14b58307', 67, DEFAULT, DEFAULT), ('5d378209-1fd5-506f-8b3f-511a16489d69', 'Esse', 'f1bf295c-195b-5a42-9c6b-5bfa14b58307', 66, DEFAULT, DEFAULT), ('305fa448-c3bf-59c7-a989-19ae69ce0725', 'Sunt Quis Adipisicin', 'f1bf295c-195b-5a42-9c6b-5bfa14b58307', 66, DEFAULT, DEFAULT), ('853509f0-6836-5fa7-87f2-fb0a9a8766d2', 'Dolore', 'f1bf295c-195b-5a42-9c6b-5bfa14b58307', 66, DEFAULT, DEFAULT), ('d19db439-c7e7-53a7-aa19-0db346180dc1', 'Adipisicing Lorem', '5e20f9a8-7b26-5a5f-8426-6b12c182d23c', 66, DEFAULT, DEFAULT), ('91434b27-2651-5429-8f42-45c3f8e334a0', 'Sint Irure Anim', '5e20f9a8-7b26-5a5f-8426-6b12c182d23c', 66, DEFAULT, DEFAULT), ('549980e7-3e77-5d76-b263-84664d04b209', 'Incididunt', '5e20f9a8-7b26-5a5f-8426-6b12c182d23c', 67, DEFAULT, DEFAULT), ('e4de1a09-bd9a-5e42-b92c-2cb1af28bec6', 'Nisi', '5e20f9a8-7b26-5a5f-8426-6b12c182d23c', 66, DEFAULT, DEFAULT), ('f4b5542b-ba61-519e-a8d2-5793282ad487', 'Consectetur Cupidata', '5e20f9a8-7b26-5a5f-8426-6b12c182d23c', 66, DEFAULT, DEFAULT), ('cd7c291a-6d6e-5632-91e5-b7fd7a634d7d', 'In Adipisicing', '5e20f9a8-7b26-5a5f-8426-6b12c182d23c', 66, DEFAULT, DEFAULT), ('4da5a34b-d621-539d-93ed-4bd842601284', 'Qui Et', '5e20f9a8-7b26-5a5f-8426-6b12c182d23c', 67, DEFAULT, DEFAULT), ('b32027db-33da-5dc2-b906-e0c2a06ac683', 'Magna Labore', '53fe0e9e-3358-5722-b994-4faad8733cd3', 67, DEFAULT, DEFAULT), ('b7a89d05-549f-565f-b631-b59097e91d1a', 'Sit Nulla', '53fe0e9e-3358-5722-b994-4faad8733cd3', 66, DEFAULT, DEFAULT), ('ac9f0e3e-b030-584f-a8dd-87355fe22537', 'Incididunt Minim', '53fe0e9e-3358-5722-b994-4faad8733cd3', 66, DEFAULT, DEFAULT), ('438bff0e-fd50-5c86-89ee-d397a0c0e548', 'Veniam Eiusmod', '53fe0e9e-3358-5722-b994-4faad8733cd3', 66, DEFAULT, DEFAULT), ('9bf2ad50-cccb-50eb-8269-3a7e78bd21f5', 'Fugiat Amet', '53fe0e9e-3358-5722-b994-4faad8733cd3', 67, DEFAULT, DEFAULT), ('36f6f3ba-e867-5008-b6c1-829e989f9d2f', 'Ullamco Laborum', '53fe0e9e-3358-5722-b994-4faad8733cd3', 66, DEFAULT, DEFAULT), ('19495f2f-99a6-5394-9596-a1d3fb0d3196', 'Nisi', '53fe0e9e-3358-5722-b994-4faad8733cd3', 66, DEFAULT, DEFAULT), ('26f7bb6a-3c9c-5b30-b11b-be5ebfb91948', 'Anim Nulla Ad', 'e4834379-a7a0-5f41-8193-f598072b1c83', 66, DEFAULT, DEFAULT), ('e5b4727f-be5e-52c0-83cb-cb7ba230945f', 'Deserunt Labore', 'e4834379-a7a0-5f41-8193-f598072b1c83', 66, DEFAULT, DEFAULT), ('290e51c6-7ff6-5db4-8f40-69dda051b66c', 'Mollit', 'e4834379-a7a0-5f41-8193-f598072b1c83', 66, DEFAULT, DEFAULT), ('a3141029-aec2-543b-b18a-49fe947e3304', 'Occaecat Elit Quis', '782f7eda-e535-5ab3-8415-643126d3b0fa', 67, DEFAULT, DEFAULT), ('6c52c1d9-13a4-51ef-ae51-1dacc4c14be9', 'Sit', '782f7eda-e535-5ab3-8415-643126d3b0fa', 67, DEFAULT, DEFAULT), ('2589cf16-4103-5a4f-b544-b30078083eaa', 'Fugiat Et Eu', '782f7eda-e535-5ab3-8415-643126d3b0fa', 66, DEFAULT, DEFAULT), ('a88bc9b9-135e-55c7-8c4c-5a072a3c8573', 'Magna', '782f7eda-e535-5ab3-8415-643126d3b0fa', 66, DEFAULT, DEFAULT), ('8b7e423b-b9b9-5b3c-bf3d-1aa45d16235c', 'Aute Tempor', '782f7eda-e535-5ab3-8415-643126d3b0fa', 66, DEFAULT, DEFAULT), ('882c7ae5-914f-539d-8207-691de536097f', 'Proident Anim Fugiat', '782f7eda-e535-5ab3-8415-643126d3b0fa', 66, DEFAULT, DEFAULT), ('811570ef-0b81-508d-ba05-2f5e812d4131', 'Lorem Aliquip', '782f7eda-e535-5ab3-8415-643126d3b0fa', 67, DEFAULT, DEFAULT), ('9b1fc781-1e4e-56d2-bd68-0dc257a319c0', 'Velit Pariatur', '5daf6f25-3b97-5f49-8f75-4ba5d1d74cd3', 66, DEFAULT, DEFAULT), ('8a0a556f-d942-55f0-8ba8-1ffbfaf3c6d9', 'Duis Amet', '5daf6f25-3b97-5f49-8f75-4ba5d1d74cd3', 66, DEFAULT, DEFAULT), ('91fa3874-9437-5dfa-a49a-f19fb38d9e92', 'Lorem Sint Proident', '5daf6f25-3b97-5f49-8f75-4ba5d1d74cd3', 67, DEFAULT, DEFAULT), ('eda91f04-12ef-5904-88aa-e6ed9a692e03', 'Deserunt Pariatur', '5daf6f25-3b97-5f49-8f75-4ba5d1d74cd3', 66, DEFAULT, DEFAULT), ('1d3f740a-8c60-5c1d-aa9e-3854a33c8e1d', 'Amet Duis', '5daf6f25-3b97-5f49-8f75-4ba5d1d74cd3', 67, DEFAULT, DEFAULT), ('d9bba68a-079c-5141-bd43-756b87167584', 'Lorem Nostrud', '5daf6f25-3b97-5f49-8f75-4ba5d1d74cd3', 67, DEFAULT, DEFAULT), ('3204ce32-7c5b-5953-969e-fe1d17de6e76', 'Laborum Incididunt', '3788fdae-c690-5563-abac-18b51e4d210f', 66, DEFAULT, DEFAULT), ('eecf8a7e-af2f-524d-a645-c5fba3ebda06', 'Fugiat', '3788fdae-c690-5563-abac-18b51e4d210f', 67, DEFAULT, DEFAULT), ('8d3f145b-67b0-504d-b49a-d59ecea5d2d8', 'Sit Officia Fugiat', '3788fdae-c690-5563-abac-18b51e4d210f', 67, DEFAULT, DEFAULT), ('d00c085d-72d6-5114-a5fd-ba818539c2f7', 'Nulla Ipsum', '3788fdae-c690-5563-abac-18b51e4d210f', 66, DEFAULT, DEFAULT), ('de459427-bb2c-5381-bdbf-7126efbb65c9', 'Officia', '3788fdae-c690-5563-abac-18b51e4d210f', 66, DEFAULT, DEFAULT);
UPDATE public.team SET plan_id = 16 WHERE id = '7c2c4732-09c1-5f7b-87ca-c53e7497b4ef';
UPDATE public.team SET plan_id = 16 WHERE id = 'f50563b6-8532-51ec-b121-d8c6bca3e897';
UPDATE public.team SET plan_id = 16 WHERE id = 'f1bf295c-195b-5a42-9c6b-5bfa14b58307';
UPDATE public.team SET plan_id = 17 WHERE id = '5e20f9a8-7b26-5a5f-8426-6b12c182d23c';
UPDATE public.team SET plan_id = 17 WHERE id = '53fe0e9e-3358-5722-b994-4faad8733cd3';
UPDATE public.team SET plan_id = 17 WHERE id = 'e4834379-a7a0-5f41-8193-f598072b1c83';
UPDATE public.team SET plan_id = 18 WHERE id = '782f7eda-e535-5ab3-8415-643126d3b0fa';
UPDATE public.team SET plan_id = 18 WHERE id = '5daf6f25-3b97-5f49-8f75-4ba5d1d74cd3';
UPDATE public.team SET plan_id = 18 WHERE id = '3788fdae-c690-5563-abac-18b51e4d210f';
SELECT setval('"public"."plan_id_seq"'::regclass, (SELECT MAX("id") FROM "public"."plan"));
INSERT INTO public.game (id,name,alias,icon,metadata,created_at) VALUES (68, 'Is ine vide parendum sit nota memin.', 'NHL', 'https://svgur.com/i/15ay.svg', DEFAULT, DEFAULT), (69, 'Nec torquato inum are assuevitus fecta, quae cum ad quod redeam ', 'FIFA', 'https://svgur.com/i/15ay.svg', DEFAULT, DEFAULT), (70, 'Possimultim quidem it cognitioque quis ute ea.', 'Apex', 'https://svgur.com/i/15ay.svg', DEFAULT, DEFAULT), (71, 'Novi summum rerum polyaeno ad, placet animpender scipio cum sunt', 'Forty', 'https://svgur.com/i/15ay.svg', DEFAULT, DEFAULT), (72, 'Quiete homin qui sunt arendam satis adipsos.', 'Terra', 'https://svgur.com/i/15ay.svg', DEFAULT, DEFAULT), (73, 'Se viam aretiamque nihilesse et, est epicitat isset efficiuntur ', 'Overw', 'https://svgur.com/i/15ay.svg', DEFAULT, DEFAULT), (74, 'Animum sollicitaq semelabil parvos probavit inquit is disserenim', 'PUBG', 'https://svgur.com/i/15ay.svg', DEFAULT, DEFAULT), (75, 'Voluptatib magnos es quo modi, affere naturae nec de hocles endo', 'Mines', 'https://svgur.com/i/15ay.svg', DEFAULT, DEFAULT), (76, 'Non minus private insequuntur quid, faciliarum etiam pecunt es o', 'PUBG', 'https://svgur.com/i/15ay.svg', DEFAULT, DEFAULT), (77, 'Non vulgo malivolum a si quibus etiam id, se illum ac quidem nat', 'Overw', 'https://svgur.com/i/15ay.svg', DEFAULT, DEFAULT);
INSERT INTO public.arena (id,game_id,name,metadata,created_at,updated_at) VALUES (51, 68, 'Silverlake Stadium', '{"A":"Sed explicem"}', DEFAULT, DEFAULT), (52, 69, 'Downtown Plaza Pavilion', '{"In":"Adiuvet ne bonare"}', DEFAULT, DEFAULT), (53, 70, 'Bayshore Pavilion', '{"Se":"Petu ad causam"}', DEFAULT, DEFAULT), (54, 71, 'Sunset Stadium', '{"Es":"Videntur aut"}', DEFAULT, DEFAULT), (55, 72, 'Downtown Square Pavilion', '{"Tamenti":"Adipsa dolorem veris"}', DEFAULT, DEFAULT), (56, 73, 'Oceanfront Amphitheater', '{"Non":"Reliqua voluptatem"}', DEFAULT, DEFAULT), (57, 74, 'Main Square Arena', '{"Ut":"Dolor quo"}', DEFAULT, DEFAULT), (58, 75, 'Southbank Arena', '{"Omnino":"Synephebosop acut sicut"}', DEFAULT, DEFAULT), (59, 76, 'Waterfront Amphitheater', '{"Alest":"Ipse pertur voluptate"}', DEFAULT, DEFAULT), (60, 77, 'Meadowbrook Pavilion', '{"A":"Voluptatib posse quae"}', DEFAULT, DEFAULT);
SELECT setval('"public"."game_id_seq"'::regclass, (SELECT MAX("id") FROM "public"."game"));
SELECT setval('"public"."arena_id_seq"'::regclass, (SELECT MAX("id") FROM "public"."arena"));
INSERT INTO public.blueprint (id,book_id,arena_id,visibility,name,tags,data,created_at,updated_at) VALUES ('fd4a2d4e-8569-59ca-837d-fb7fa0ab1be1', '882c7ae5-914f-539d-8207-691de536097f', 55, 'public', 'Roaming Support Plan', '{"adipisicing officia","aliquip ex","enim nisi","nostrud veniam incididunt est","id in in pariatur","consectetur sunt","tempor consectetur mollit","velit occaecat irure minim","nostrud pariatur officia deserun","laborum dolor irure fugiat"}', DEFAULT, DEFAULT, DEFAULT), ('e0502ed9-8194-54d4-be5d-43176e2a7438', 'e4de1a09-bd9a-5e42-b92c-2cb1af28bec6', 58, 'unlisted', 'Roaming Support Plan', '{"consectetur"}', DEFAULT, DEFAULT, DEFAULT), ('cba89714-5b1d-590f-92a2-27cfb555b7e4', 'a88bc9b9-135e-55c7-8c4c-5a072a3c8573', 54, 'public', 'Gank Heavy Approach', '{"cillum officia occaecat","voluptate","labore aliquip proident laboris ","nulla cupidatat","non velit","adipisicing veniam cillum"}', DEFAULT, DEFAULT, DEFAULT), ('497b8842-fb80-5638-ba6f-3f3e64daa06b', 'd297ab9e-40d4-51b5-bb8f-a1df399f1a9a', 52, 'public', 'Map Control Blueprint', '{"irure reprehenderit tempor ut ex","velit incididunt ut sunt","ipsum veniam minim","velit","consectetur esse","et pariatur","culpa cupidatat sit"}', DEFAULT, DEFAULT, DEFAULT), ('75fbf0dd-b3c9-5513-87f0-9d9a9004f64c', 'd19db439-c7e7-53a7-aa19-0db346180dc1', 53, 'private', 'Baron Control Strategy', '{"ex cillum excepteur","enim"}', DEFAULT, DEFAULT, DEFAULT), ('0352b4c9-6de9-5702-929d-3d622c6456a1', '8a0a556f-d942-55f0-8ba8-1ffbfaf3c6d9', 54, 'public', 'Rotation Strategy Document', '{"ad sint","eu sint","dolor cillum","nostrud Lorem cillum"}', DEFAULT, DEFAULT, DEFAULT), ('1e701d2b-566c-5f82-8280-a2a9d02ee590', '3204ce32-7c5b-5953-969e-fe1d17de6e76', 54, 'unlisted', 'Early Game Dominance Guide', '{"aute consectetur culpa esse repr","aute dolore","deserunt nisi velit occaecat ani","aute culpa","sit ad est","reprehenderit laborum magna culp"}', DEFAULT, DEFAULT, DEFAULT), ('f04c0ed1-b624-5092-8b98-dae6fff857dc', '5d378209-1fd5-506f-8b3f-511a16489d69', 56, 'private', 'Early Game Dominance Guide', '{"nulla ad reprehenderit ipsum","laborum officia","reprehenderit nisi incididunt ex"}', DEFAULT, DEFAULT, DEFAULT), ('7eef79d9-ea6c-5417-b347-09dbcb8b4c78', 'a3141029-aec2-543b-b18a-49fe947e3304', 53, 'unlisted', 'Roaming Support Plan', '{"est ex","culpa cillum irure culpa","fugiat mollit sunt nulla pariatu","est reprehenderit dolor et"}', DEFAULT, DEFAULT, DEFAULT), ('3aff3e37-0331-5c7a-a0f5-1b6595c2ad7b', '92bf5244-388d-5bbf-bd84-1c7ad2efe31b', 59, 'public', 'Baron Control Strategy', '{"velit sunt anim","officia pariatur","duis exercitation"}', DEFAULT, DEFAULT, DEFAULT), ('7c0cf1d4-d57d-5092-a3f0-ca49e04ace52', '9bf2ad50-cccb-50eb-8269-3a7e78bd21f5', 53, 'public', 'Roaming Support Plan', '{"minim","proident aliquip exercitation ex","labore velit ut","id culpa","reprehenderit duis dolore","cillum dolor in tempor anim"}', DEFAULT, DEFAULT, DEFAULT), ('26c80d6d-0d6f-5fb2-8296-8b5e9e1fdeb7', 'f4b5542b-ba61-519e-a8d2-5793282ad487', 60, 'unlisted', 'Early Game Dominance Guide', '{"occaecat dolore magna voluptate"}', DEFAULT, DEFAULT, DEFAULT), ('310ccf44-859c-5587-8001-5aa84afb3236', 'ac9f0e3e-b030-584f-a8dd-87355fe22537', 57, 'private', 'Wave Management Plan', '{"laborum est","irure nulla","in","dolore reprehenderit"}', DEFAULT, DEFAULT, DEFAULT), ('c6131a0d-c1ea-5dce-8460-c91026e41f9f', '290e51c6-7ff6-5db4-8f40-69dda051b66c', 57, 'public', 'Siege Tactics Handbook', '{"minim eu aliquip laboris","aute est","tempor ut quis ullamco","amet nostrud aliquip proident al","veniam","nisi eiusmod","mollit esse","excepteur laborum tempor","commodo eiusmod nulla amet do","qui commodo elit amet"}', DEFAULT, DEFAULT, DEFAULT), ('054eb394-a081-59a1-b613-e1c8bbcc6250', 'a8212e1b-5577-5c28-9c38-2d4fbd753550', 53, 'public', 'Counter Pick Blueprint', '{"cupidatat pariatur magna in","est eiusmod","enim aliqua ea exercitation elit","est","sit ipsum ipsum nostrud","velit labore","culpa qui cupidatat ex","laboris consequat","excepteur sit"}', DEFAULT, DEFAULT, DEFAULT), ('4cb602e9-b66f-5f7e-a7a1-71729454372c', '92bf5244-388d-5bbf-bd84-1c7ad2efe31b', 58, 'unlisted', 'Rotation Strategy Document', '{"proident eu duis"}', DEFAULT, DEFAULT, DEFAULT), ('8ed312f8-fa19-5305-a78e-7cdee2dc9e00', '8926b9fd-34b2-5421-a25c-9cd89c12cad0', 59, 'private', 'Aggressive Rush Strategy', '{"dolor duis tempor","commodo sunt","exercitation cupidatat adipisici","ea"}', DEFAULT, DEFAULT, DEFAULT), ('c9bad04c-3d6e-5efe-9540-7763dde57640', '8d3f145b-67b0-504d-b49a-d59ecea5d2d8', 59, 'private', 'Objective Focused Strategy', '{"ut occaecat ipsum pariatur","elit anim culpa"}', DEFAULT, DEFAULT, DEFAULT), ('7a350dde-d215-538c-bfd3-d5cdd8b40555', '9b1fc781-1e4e-56d2-bd68-0dc257a319c0', 60, 'public', 'Counter Pick Blueprint', '{"veniam reprehenderit ullamco pro","mollit Lorem ut nisi proident","ea pariatur aliquip pariatur lab","sunt aute","cillum voluptate elit nulla","magna minim laboris fugiat"}', DEFAULT, DEFAULT, DEFAULT), ('bd6c4dd0-06e8-56ab-abd6-6e9e777c13a7', '19495f2f-99a6-5394-9596-a1d3fb0d3196', 54, 'public', 'Counter Pick Blueprint', '{"nulla adipisicing deserunt volup","veniam qui officia dolore","enim Lorem id do cupidatat","qui tempor tempor anim","eiusmod","eiusmod ut elit","laborum cupidatat esse id repreh","elit sit","reprehenderit sint officia Lorem"}', DEFAULT, DEFAULT, DEFAULT), ('844103e5-8cf8-5795-8a63-ccecfc3e2001', '19495f2f-99a6-5394-9596-a1d3fb0d3196', 56, 'public', 'Gank Heavy Approach', '{"in","sit Lorem pariatur est eu","occaecat pariatur","mollit velit officia","elit exercitation laborum non al","voluptate","excepteur duis aute","irure eu enim velit"}', DEFAULT, DEFAULT, DEFAULT), ('582d0ca1-76cc-5500-9dd8-190ab817072d', 'b5605791-3389-56c2-9ec6-17d538b9bb85', 59, 'private', 'Vision Control Blueprint', '{"consequat aliquip labore","laborum incididunt occaecat","ut est","sit consequat","non sint","pariatur ea ea excepteur","ut ad laborum","aliquip dolore","id adipisicing"}', DEFAULT, DEFAULT, DEFAULT), ('9012aa86-f8a2-5033-82d5-336bcaa03c26', 'b32027db-33da-5dc2-b906-e0c2a06ac683', 60, 'public', 'Siege Tactics Handbook', '{"voluptate duis","sint veniam labore consectetur","proident elit dolor"}', DEFAULT, DEFAULT, DEFAULT), ('746bb5ad-439a-519a-90ef-991641df1623', '5d378209-1fd5-506f-8b3f-511a16489d69', 58, 'unlisted', 'Late Game Scaling Strategy', '{"aliqua veniam fugiat elit","voluptate consequat occaecat","deserunt do","sit sit magna Lorem","ipsum officia adipisicing","nulla id","velit mollit","eiusmod non nisi consectetur"}', DEFAULT, DEFAULT, DEFAULT), ('b1bab82d-de7c-55e3-8115-1651b8f68765', '438bff0e-fd50-5c86-89ee-d397a0c0e548', 52, 'private', 'Secure Objective Playbook', '{"nulla laboris quis tempor sunt","aliqua qui magna magna et","quis ea aliqua","aute nostrud","consectetur excepteur laboris do","ex commodo","est anim aliquip dolor","quis ea","pariatur non cillum minim"}', DEFAULT, DEFAULT, DEFAULT), ('0145500d-2ab2-5c49-9cea-edd711ce1cc9', '9bf2ad50-cccb-50eb-8269-3a7e78bd21f5', 54, 'unlisted', 'Aggressive Rush Strategy', '{"officia consectetur adipisicing"}', DEFAULT, DEFAULT, DEFAULT), ('703c3370-90fb-5d22-8365-f34357b3ffb8', '8a0a556f-d942-55f0-8ba8-1ffbfaf3c6d9', 57, 'private', 'Rotation Strategy Document', '{"ipsum nisi","mollit ut nulla ex ullamco","sunt eu","voluptate dolor","cupidatat eiusmod ut","culpa adipisicing proident","velit non","incididunt aliqua in","non minim anim","qui"}', DEFAULT, DEFAULT, DEFAULT), ('fd862b26-fe8c-52d0-b06e-3c9f938bd3ab', '9bf2ad50-cccb-50eb-8269-3a7e78bd21f5', 57, 'public', 'Jungle Control Playbook', '{"reprehenderit commodo reprehende","labore veniam pariatur","voluptate ullamco esse","excepteur ullamco sunt veniam","exercitation laboris veniam dolo","occaecat incididunt ipsum"}', DEFAULT, DEFAULT, DEFAULT), ('70415515-b81b-59ef-a1ed-18578b73b7ae', '853509f0-6836-5fa7-87f2-fb0a9a8766d2', 58, 'private', 'Baron Control Strategy', '{"est ea","dolore ipsum reprehenderit velit","in fugiat aliqua","sint","deserunt mollit","adipisicing excepteur","ipsum quis","reprehenderit dolor duis","occaecat laboris ullamco et"}', DEFAULT, DEFAULT, DEFAULT), ('c5558815-aa72-5938-a7c8-62ae2c1a039c', '882c7ae5-914f-539d-8207-691de536097f', 58, 'public', 'Secure Objective Playbook', '{"sit aliqua nostrud dolore"}', DEFAULT, DEFAULT, DEFAULT), ('703bbd20-9625-5bd7-8aa3-5ead0245fe50', 'cfbfd1d4-e77f-57e5-94da-e9ff2cc7a996', 51, 'unlisted', 'Objective Focused Strategy', '{"adipisicing duis","esse nisi","velit aliqua","magna labore pariatur","magna aliqua fugiat sint do","officia et amet pariatur","tempor sunt aliquip"}', DEFAULT, DEFAULT, DEFAULT), ('68ff3d82-b6b6-5053-9e74-aa9b346dd8d1', '91434b27-2651-5429-8f42-45c3f8e334a0', 60, 'private', 'Wave Management Plan', '{"proident duis ipsum","amet eu et","cillum proident","nostrud veniam","sunt quis occaecat","ex ullamco","ex elit cupidatat","anim consectetur"}', DEFAULT, DEFAULT, DEFAULT), ('522e120d-7e21-504a-9c96-99e429197e5a', 'eecf8a7e-af2f-524d-a645-c5fba3ebda06', 57, 'unlisted', 'Counter Pick Blueprint', '{"non","occaecat pariatur voluptate fugi"}', DEFAULT, DEFAULT, DEFAULT), ('54b879fc-04e4-53b3-8cec-0174fc0ccd34', '290e51c6-7ff6-5db4-8f40-69dda051b66c', 55, 'private', 'Counter Pick Blueprint', '{"culpa duis ea","reprehenderit","eiusmod incididunt dolore","non enim mollit","mollit velit cupidatat"}', DEFAULT, DEFAULT, DEFAULT), ('fb90b354-0ae1-59da-9637-61f6c5ed3fb9', '19495f2f-99a6-5394-9596-a1d3fb0d3196', 54, 'public', 'Secure Objective Playbook', '{"incididunt magna aliqua","velit commodo consectetur occaec","ad veniam","minim aliqua officia"}', DEFAULT, DEFAULT, DEFAULT), ('95b3988b-e14b-57a7-900d-4985cb116f17', 'd1b8f3f8-af26-5088-8712-273c28ba98f7', 56, 'private', 'Gank Heavy Approach', '{"eu occaecat labore magna officia","adipisicing","quis deserunt cupidatat","est tempor cupidatat","consequat consequat","cupidatat qui adipisicing ullamc"}', DEFAULT, DEFAULT, DEFAULT), ('7d1face3-2e87-52f5-9623-fff9de0a6539', '91fa3874-9437-5dfa-a49a-f19fb38d9e92', 59, 'public', 'Map Control Blueprint', '{"nulla qui deserunt","ipsum sint deserunt aliqua"}', DEFAULT, DEFAULT, DEFAULT), ('e8bf9a25-132d-5d46-b40a-d08534be6c9f', 'd1b8f3f8-af26-5088-8712-273c28ba98f7', 51, 'unlisted', 'Counter Pick Blueprint', '{"est nostrud labore tempor","occaecat","ipsum ut cillum","dolor elit aliquip eiusmod","cupidatat quis sunt fugiat","nulla eu in","elit nostrud do"}', DEFAULT, DEFAULT, DEFAULT), ('29a560e9-84d9-5f41-9b09-76969cbfb144', '26f7bb6a-3c9c-5b30-b11b-be5ebfb91948', 52, 'public', 'Counter Pick Blueprint', '{"id quis laboris voluptate","dolore incididunt","sit nostrud id occaecat","eu","cupidatat eiusmod nisi ea"}', DEFAULT, DEFAULT, DEFAULT), ('d9c4b302-5ab0-5114-8120-41d1876c7eb9', '8926b9fd-34b2-5421-a25c-9cd89c12cad0', 57, 'public', 'Objective Focused Strategy', '{"et qui minim laborum","pariatur quis","adipisicing adipisicing amet min","ea velit magna","incididunt Lorem voluptate magna","id esse officia","do aliqua anim proident consequa","duis cillum non officia","reprehenderit ullamco laborum mo"}', DEFAULT, DEFAULT, DEFAULT), ('ca1b9e1e-f7c0-5c4a-a566-aabf3f7ebb80', '36f6f3ba-e867-5008-b6c1-829e989f9d2f', 53, 'unlisted', 'Vision Denial Blueprint', '{"culpa fugiat irure nisi","aliqua id","ad qui aute minim"}', DEFAULT, DEFAULT, DEFAULT), ('cde91e33-9c71-56e0-b19e-f2372fa577cf', '5d378209-1fd5-506f-8b3f-511a16489d69', 60, 'private', 'Secure Objective Playbook', '{"eiusmod exercitation veniam","ad occaecat amet Lorem ipsum"}', DEFAULT, DEFAULT, DEFAULT), ('013547e4-326e-5221-8377-310093ccf53a', '6c52c1d9-13a4-51ef-ae51-1dacc4c14be9', 60, 'private', 'Rotation Strategy Document', '{"dolor excepteur Lorem exercitati","et quis ut enim magna","incididunt proident aute sunt"}', DEFAULT, DEFAULT, DEFAULT), ('50cffa66-dd91-5aed-8c46-1b76e488de31', '36f6f3ba-e867-5008-b6c1-829e989f9d2f', 56, 'unlisted', 'Rotation Strategy Document', '{"incididunt veniam incididunt nul","amet et","cupidatat cupidatat ex","dolor exercitation","reprehenderit dolore"}', DEFAULT, DEFAULT, DEFAULT), ('f550c2bf-a147-5e29-8a01-470336f387eb', 'a3141029-aec2-543b-b18a-49fe947e3304', 56, 'unlisted', 'Map Control Blueprint', '{"excepteur laborum dolore","duis id aliquip"}', DEFAULT, DEFAULT, DEFAULT), ('a30e3d57-ad0a-594d-9622-8a2514b8110c', '8926b9fd-34b2-5421-a25c-9cd89c12cad0', 58, 'private', 'Roaming Support Plan', '{"mollit aute","fugiat nulla quis consequat","non nisi sint id","veniam amet est esse","ea est labore ea","sint aliquip aliqua","deserunt consectetur mollit comm","pariatur do"}', DEFAULT, DEFAULT, DEFAULT), ('cb76f565-509b-50d9-bbe4-5c6e7c9b0eb4', 'eecf8a7e-af2f-524d-a645-c5fba3ebda06', 60, 'unlisted', 'Secure Objective Playbook', '{"ut Lorem elit","sint dolor culpa","elit voluptate non","cillum laborum id dolor","et exercitation incididunt","aute","veniam nulla fugiat id"}', DEFAULT, DEFAULT, DEFAULT), ('a344c7b4-07e6-54df-b4ed-f27c7916e147', '98eaafd3-adbf-5a3e-adb9-b3fb6971b6f1', 52, 'public', 'Split Push Blueprint', '{"esse amet velit et","tempor qui sint","excepteur commodo ut sint","enim labore non velit","excepteur exercitation amet","eu laborum proident","qui proident","commodo reprehenderit eiusmod al"}', DEFAULT, DEFAULT, DEFAULT), ('6c40d2d3-07ad-5aa1-a5fa-cf5861475e5d', 'd00c085d-72d6-5114-a5fd-ba818539c2f7', 55, 'unlisted', 'Team Fight Execution Plan', '{"cupidatat voluptate sint labore ","minim dolor elit consequat aliqu","nulla ullamco velit eiusmod","cupidatat eu"}', DEFAULT, DEFAULT, DEFAULT), ('ba7460a4-9316-52e4-9e3a-05ee82b85e66', '549980e7-3e77-5d76-b263-84664d04b209', 55, 'unlisted', 'Split Push Blueprint', '{"Lorem cupidatat","dolore","eu aliquip","reprehenderit consequat minim ad","et enim","magna aute fugiat eu tempor","occaecat deserunt"}', DEFAULT, DEFAULT, DEFAULT), ('fb3595df-62ad-5f54-ac34-3a578952555c', 'd297ab9e-40d4-51b5-bb8f-a1df399f1a9a', 59, 'public', 'Map Control Blueprint', '{"commodo et dolor"}', DEFAULT, DEFAULT, DEFAULT), ('90edde40-1b87-5f75-90b9-68639fbcb2b8', '8a0a556f-d942-55f0-8ba8-1ffbfaf3c6d9', 58, 'unlisted', 'Map Control Blueprint', '{"mollit eu"}', DEFAULT, DEFAULT, DEFAULT), ('ea26a496-35d8-5f3f-a769-a80898ec7b17', '1e7e0bcb-4fc0-5d72-81a5-d67a74a13595', 52, 'unlisted', 'Aggressive Rush Strategy', '{"ullamco laborum duis voluptate i","exercitation eiusmod mollit id l"}', DEFAULT, DEFAULT, DEFAULT), ('035a0a25-d588-551c-9f76-4e9f593ffaf4', 'f4b5542b-ba61-519e-a8d2-5793282ad487', 59, 'public', 'Aggressive Rush Strategy', '{}', DEFAULT, DEFAULT, DEFAULT), ('e7f55997-6008-5d29-9f7f-564ab748cc59', '5d378209-1fd5-506f-8b3f-511a16489d69', 58, 'private', 'Siege Tactics Handbook', '{"nisi","nostrud deserunt","commodo et velit","sit anim"}', DEFAULT, DEFAULT, DEFAULT), ('396ce0bd-b3e1-5b3c-94ea-bb5357e1c76a', '290e51c6-7ff6-5db4-8f40-69dda051b66c', 59, 'unlisted', 'Roaming Support Plan', '{"commodo ad consequat","laborum eu","veniam esse magna","qui nisi","veniam","culpa reprehenderit non eu","enim eiusmod quis commodo duis"}', DEFAULT, DEFAULT, DEFAULT), ('4cb2c65b-80df-57cc-9c0d-6c346029b88f', 'a3141029-aec2-543b-b18a-49fe947e3304', 55, 'public', 'Objective Focused Strategy', '{"veniam pariatur","commodo fugiat non","in consequat","nostrud dolore tempor"}', DEFAULT, DEFAULT, DEFAULT), ('8172dfee-2cce-5dee-9293-b6bd5f74d656', 'eda91f04-12ef-5904-88aa-e6ed9a692e03', 59, 'public', 'Team Fight Execution Plan', '{"labore id deserunt","ea consequat eiusmod"}', DEFAULT, DEFAULT, DEFAULT), ('910e8e4b-af24-5f28-a2eb-631066a490eb', 'f4b5542b-ba61-519e-a8d2-5793282ad487', 58, 'public', 'Vision Denial Blueprint', '{"adipisicing pariatur dolor","cillum nostrud velit sit occaeca"}', DEFAULT, DEFAULT, DEFAULT), ('150381a3-e791-54de-9419-0edac12fb9eb', '59558fa1-9cc0-5e85-a331-879d76e07f05', 52, 'public', 'Counter Pick Blueprint', '{"do excepteur dolor laborum","consequat cupidatat cillum nisi","aute mollit est ad","cillum pariatur quis","irure minim","excepteur est nulla deserunt"}', DEFAULT, DEFAULT, DEFAULT), ('ddb37574-0dbe-5aa4-a5e8-b15242cefaff', '2d1d7734-be70-5d07-a538-e76c6cae722e', 57, 'private', 'Counter Pick Blueprint', '{"velit aute excepteur","qui ullamco ut aute"}', DEFAULT, DEFAULT, DEFAULT), ('77fbdaed-4103-591b-82ee-3e3fa4b78a9b', '91fa3874-9437-5dfa-a49a-f19fb38d9e92', 60, 'public', 'Late Game Scaling Strategy', '{"esse consectetur","elit officia","velit nulla do laboris"}', DEFAULT, DEFAULT, DEFAULT), ('0f1e8b42-396d-5765-be37-bce2ee646e04', '4da5a34b-d621-539d-93ed-4bd842601284', 54, 'public', 'Defensive Turtle Tactics', '{"tempor eiusmod","Lorem laboris anim incididunt","ut","cillum dolor elit","velit sint Lorem non","voluptate","elit laborum ipsum occaecat","non voluptate minim"}', DEFAULT, DEFAULT, DEFAULT), ('5308f8b3-4d4d-529a-bd7c-3a77ac4fe6ae', 'a88bc9b9-135e-55c7-8c4c-5a072a3c8573', 57, 'public', 'Jungle Control Playbook', '{"nulla ex","ipsum non labore","fugiat irure","ut ex esse","Lorem id id incididunt","sint reprehenderit nisi"}', DEFAULT, DEFAULT, DEFAULT), ('851e9ece-db38-530e-b3f9-f5e1d49a3b34', '98eaafd3-adbf-5a3e-adb9-b3fb6971b6f1', 57, 'private', 'Gank Heavy Approach', '{"cillum occaecat","enim laborum"}', DEFAULT, DEFAULT, DEFAULT), ('2189cd55-c657-5ce9-999a-da1a2dbf7ea0', '1e7e0bcb-4fc0-5d72-81a5-d67a74a13595', 51, 'private', 'Late Game Scaling Strategy', '{"quis","magna quis id deserunt irure"}', DEFAULT, DEFAULT, DEFAULT), ('902d4a21-0657-5095-b741-ac0d408bb89e', 'd19db439-c7e7-53a7-aa19-0db346180dc1', 57, 'private', 'Early Game Dominance Guide', '{"enim minim ut exercitation","irure officia ex","in qui","consectetur fugiat in nisi","dolore sint nostrud amet","aliquip est ea fugiat id","deserunt"}', DEFAULT, DEFAULT, DEFAULT), ('0d40f7c0-72b0-55c2-8e48-c6c65bd9815f', '92bf5244-388d-5bbf-bd84-1c7ad2efe31b', 52, 'public', 'Map Control Blueprint', '{"elit elit Lorem","sint dolor","et officia commodo","veniam deserunt enim laborum occ","nulla","duis qui voluptate id"}', DEFAULT, DEFAULT, DEFAULT), ('f09f5f0c-d6f4-5089-a919-82fdea15dad9', '3204ce32-7c5b-5953-969e-fe1d17de6e76', 51, 'private', 'Vision Denial Blueprint', '{"deserunt velit","duis","ex eu labore","in laboris laborum laboris"}', DEFAULT, DEFAULT, DEFAULT), ('9bfcf305-f3a4-5bed-9ee4-3f5ccf9e59af', '811570ef-0b81-508d-ba05-2f5e812d4131', 55, 'private', 'Early Game Dominance Guide', '{"ut magna in officia","do minim occaecat amet","mollit consectetur","enim magna culpa labore qui","mollit consectetur aliquip conse","qui consequat ut cupidatat cupid","velit ipsum","ullamco id id exercitation","amet ut"}', DEFAULT, DEFAULT, DEFAULT), ('2ff309f0-6726-5920-ad23-47ba58fd2525', 'd9bba68a-079c-5141-bd43-756b87167584', 58, 'unlisted', 'Counter Pick Blueprint', '{"ad velit voluptate elit","reprehenderit ut ad","velit officia voluptate","reprehenderit fugiat","non","ut laborum anim","Lorem aliquip","pariatur dolore Lorem incididunt","duis fugiat cillum elit"}', DEFAULT, DEFAULT, DEFAULT), ('bac302d7-9e20-52d1-89cc-b0e99ef3b896', '3204ce32-7c5b-5953-969e-fe1d17de6e76', 52, 'public', 'Defensive Turtle Tactics', '{"sunt sit proident","labore labore","qui officia sit","ut ea cupidatat deserunt velit","nisi occaecat deserunt dolor","in irure amet aute"}', DEFAULT, DEFAULT, DEFAULT), ('ef31ceeb-0f8d-5da0-ab9c-18045c420f99', '8d3f145b-67b0-504d-b49a-d59ecea5d2d8', 55, 'private', 'Defensive Turtle Tactics', '{"nostrud ullamco","velit"}', DEFAULT, DEFAULT, DEFAULT), ('2be70e34-56ed-5cb2-9758-b8f796ec32ec', '26f7bb6a-3c9c-5b30-b11b-be5ebfb91948', 60, 'public', 'Wave Management Plan', '{"velit amet anim aliquip","aute est"}', DEFAULT, DEFAULT, DEFAULT), ('49e5f9f5-6a8f-5423-81e9-9e8e2c467770', '438bff0e-fd50-5c86-89ee-d397a0c0e548', 59, 'unlisted', 'Siege Tactics Handbook', '{"sit magna esse","duis dolor tempor","sit qui sint proident","officia","velit voluptate","mollit voluptate","ut excepteur reprehenderit","dolore ipsum"}', DEFAULT, DEFAULT, DEFAULT), ('421a5d89-58fa-56e2-87c9-a4c6fd3159db', 'eda91f04-12ef-5904-88aa-e6ed9a692e03', 59, 'public', 'Defensive Turtle Tactics', '{"aliquip est cillum ea","exercitation culpa","enim adipisicing commodo","proident fugiat","consequat","eiusmod esse mollit","dolore velit","ad commodo sit"}', DEFAULT, DEFAULT, DEFAULT), ('c2ab0ed6-ea98-544f-a35e-cfff5a185dc8', '290e51c6-7ff6-5db4-8f40-69dda051b66c', 52, 'unlisted', 'Roaming Support Plan', '{"eiusmod elit eu adipisicing ea","aute quis excepteur","sunt ut","ex","adipisicing nulla nulla elit","proident est","aliqua officia aliqua","anim labore irure","elit consequat tempor tempor"}', DEFAULT, DEFAULT, DEFAULT), ('6c6d219e-3884-5c60-8485-0fb500d0b675', '19495f2f-99a6-5394-9596-a1d3fb0d3196', 58, 'unlisted', 'Roaming Support Plan', '{"reprehenderit tempor elit est re","ullamco labore duis sint est","dolore occaecat consectetur non ","cillum sint commodo adipisicing ","reprehenderit occaecat ipsum iru"}', DEFAULT, DEFAULT, DEFAULT), ('d5fd2418-0c52-558a-8369-707f9186db0b', '8d3f145b-67b0-504d-b49a-d59ecea5d2d8', 56, 'unlisted', 'Early Game Dominance Guide', '{"cupidatat aliqua"}', DEFAULT, DEFAULT, DEFAULT), ('0f22fcab-183d-5e80-9a98-c495a215f5f8', '549980e7-3e77-5d76-b263-84664d04b209', 51, 'unlisted', 'Defensive Turtle Tactics', '{}', DEFAULT, DEFAULT, DEFAULT), ('f92c2ba5-8b0e-58ef-9364-e364e4c41522', '2589cf16-4103-5a4f-b544-b30078083eaa', 58, 'unlisted', 'Counter Pick Blueprint', '{"ipsum consequat ex anim","adipisicing minim","consequat nostrud sunt","anim dolor ea ullamco","eu enim deserunt"}', DEFAULT, DEFAULT, DEFAULT), ('e2ec2872-d983-5938-8f1c-38a9a14124dd', 'a8212e1b-5577-5c28-9c38-2d4fbd753550', 58, 'public', 'Counter Pick Blueprint', '{"officia velit dolore elit commod","ut in nulla consequat","non quis veniam irure sit","officia dolore laborum"}', DEFAULT, DEFAULT, DEFAULT), ('4d4230bc-d1b6-532c-9bbf-8c67caf4f9ed', 'eda91f04-12ef-5904-88aa-e6ed9a692e03', 53, 'private', 'Early Game Dominance Guide', '{"fugiat aute"}', DEFAULT, DEFAULT, DEFAULT), ('8be9ffc5-25d1-5c32-be1f-9a9ec00544f6', 'd9bba68a-079c-5141-bd43-756b87167584', 56, 'unlisted', 'Early Game Dominance Guide', '{"enim culpa nulla","consequat","excepteur in","voluptate qui proident","deserunt nulla in consectetur","quis ex cillum","velit proident est enim cillum","aliqua magna quis","nostrud"}', DEFAULT, DEFAULT, DEFAULT), ('a3241e44-bd93-5a11-a730-863e8eb75275', 'cfbfd1d4-e77f-57e5-94da-e9ff2cc7a996', 57, 'private', 'Gank Heavy Approach', '{"id reprehenderit ipsum consectet","ipsum irure","ea veniam eu eu","excepteur","commodo","minim","quis veniam et","eiusmod adipisicing velit nisi","ut voluptate consequat adipisici"}', DEFAULT, DEFAULT, DEFAULT), ('a1c32f18-989f-5961-80f5-4a21a838bc95', '36f6f3ba-e867-5008-b6c1-829e989f9d2f', 60, 'private', 'Baron Control Strategy', '{"tempor magna cillum","esse eiusmod ea fugiat anim"}', DEFAULT, DEFAULT, DEFAULT), ('8fde1282-59d1-5f9b-bc10-4130ce793fa9', 'e4de1a09-bd9a-5e42-b92c-2cb1af28bec6', 59, 'public', 'Late Game Scaling Strategy', '{"et dolor","cillum nisi eu enim","esse"}', DEFAULT, DEFAULT, DEFAULT), ('f85f8e1b-b8a0-528e-bc81-49b3e6a34ee5', 'a5831e58-2fc9-5b59-970d-00c344a4eb18', 52, 'unlisted', 'Wave Management Plan', '{"aliquip exercitation sit eiusmod","amet officia magna veniam","qui in non pariatur laboris","eu dolor esse id","cupidatat nostrud","ut Lorem aliqua excepteur","anim ea velit ullamco"}', DEFAULT, DEFAULT, DEFAULT), ('e16cfe57-140d-5b3e-90f8-910575ffdd47', 'd9bba68a-079c-5141-bd43-756b87167584', 54, 'unlisted', 'Early Game Dominance Guide', '{"minim consequat consectetur repr"}', DEFAULT, DEFAULT, DEFAULT), ('06866e23-2aeb-59f2-9d3c-156507eb23db', '1e7e0bcb-4fc0-5d72-81a5-d67a74a13595', 59, 'private', 'Gank Heavy Approach', '{"consequat voluptate"}', DEFAULT, DEFAULT, DEFAULT), ('e5c44c16-4905-59d0-8c2a-f48ebfc3fdcc', 'eecf8a7e-af2f-524d-a645-c5fba3ebda06', 53, 'unlisted', 'Split Push Blueprint', '{"ut duis occaecat nisi","labore culpa sint minim labore"}', DEFAULT, DEFAULT, DEFAULT), ('0298782b-da7d-55b4-a736-8126dd2f9d32', 'ac9f0e3e-b030-584f-a8dd-87355fe22537', 55, 'private', 'Early Game Dominance Guide', '{}', DEFAULT, DEFAULT, DEFAULT), ('8f534833-d8c3-5d0a-b63c-bd2740be0330', '26f7bb6a-3c9c-5b30-b11b-be5ebfb91948', 60, 'private', 'Objective Focused Strategy', '{"aliqua reprehenderit commodo mol","proident","aliqua voluptate officia","aute","aliquip officia aliquip nostrud","eu eu","aliquip do eu irure","duis ex","elit eu mollit nulla"}', DEFAULT, DEFAULT, DEFAULT), ('1caeec83-1956-53fb-9c1a-7f585775c524', '3ff60d7a-a4ad-54c5-a422-53b52cd53093', 56, 'public', 'Defensive Turtle Tactics', '{"cupidatat ea aute labore deserun","do enim","enim eu ea"}', DEFAULT, DEFAULT, DEFAULT), ('28f2bbc2-0260-5d64-a9bf-64e9bc163c30', 'b7a89d05-549f-565f-b631-b59097e91d1a', 57, 'unlisted', 'Jungle Control Playbook', '{}', DEFAULT, DEFAULT, DEFAULT), ('8590b74a-b67e-5525-9786-4e0fc4c65d06', 'd297ab9e-40d4-51b5-bb8f-a1df399f1a9a', 54, 'private', 'Wave Management Plan', '{"qui aliquip esse reprehenderit","incididunt sit eu deserunt","sint aliqua adipisicing","ut voluptate","veniam voluptate culpa culpa","duis laboris","fugiat dolore","sit adipisicing enim non","mollit minim nostrud"}', DEFAULT, DEFAULT, DEFAULT), ('fa5e4221-0eae-5da7-9a16-5b8399b9ef50', '3ff60d7a-a4ad-54c5-a422-53b52cd53093', 60, 'unlisted', 'Baron Control Strategy', '{"ea consectetur","cupidatat voluptate anim","ad","labore ipsum incididunt","Lorem exercitation","velit anim qui ad","amet sint laborum nulla","tempor","elit enim aute","sunt veniam ullamco"}', DEFAULT, DEFAULT, DEFAULT), ('fedb01d5-16e2-59fd-8845-ff6a92bd83f7', '811570ef-0b81-508d-ba05-2f5e812d4131', 60, 'unlisted', 'Counter Pick Blueprint', '{"velit sint reprehenderit","ex quis reprehenderit","mollit incididunt deserunt","eiusmod nulla","anim deserunt aute","velit elit consectetur"}', DEFAULT, DEFAULT, DEFAULT), ('d6d0cf2a-b6d2-5f41-bc05-2fe5bf5ca317', 'b32027db-33da-5dc2-b906-e0c2a06ac683', 56, 'public', 'Vision Control Blueprint', '{"commodo voluptate eu officia","laborum cillum officia","tempor consequat","labore nisi","ut aliqua laborum","consequat excepteur laboris veli","ut aliqua magna","ullamco irure quis","pariatur"}', DEFAULT, DEFAULT, DEFAULT), ('a18cadaa-4531-5180-a607-ad2a5bc25f0c', '1e7e0bcb-4fc0-5d72-81a5-d67a74a13595', 59, 'public', 'Map Control Blueprint', '{"cillum commodo","id labore pariatur ad","aute laborum incididunt nostrud","eiusmod amet","ullamco enim id mollit","incididunt sunt aute cupidatat a","aliquip nisi eiusmod","dolor eiusmod","duis sint ut"}', DEFAULT, DEFAULT, DEFAULT), ('7858de1c-870d-5289-9bbf-085e4de69d79', '1d3f740a-8c60-5c1d-aa9e-3854a33c8e1d', 54, 'unlisted', 'Team Fight Execution Plan', '{"commodo officia sit elit et","irure incididunt","eu elit est cupidatat","enim cupidatat esse excepteur of","id ex laboris","mollit nisi fugiat deserunt","consequat sunt voluptate culpa i"}', DEFAULT, DEFAULT, DEFAULT), ('c5510993-cf82-5729-a476-bbba91fd2ee1', '36f6f3ba-e867-5008-b6c1-829e989f9d2f', 58, 'public', 'Siege Tactics Handbook', '{"exercitation pariatur","ex tempor quis","veniam esse occaecat","est eu do elit","eiusmod minim deserunt","nulla in commodo sunt"}', DEFAULT, DEFAULT, DEFAULT), ('65495df9-49dc-5680-b4b7-97fe7364e837', 'a8212e1b-5577-5c28-9c38-2d4fbd753550', 60, 'unlisted', 'Aggressive Rush Strategy', '{"ut","proident ipsum"}', DEFAULT, DEFAULT, DEFAULT), ('6a08951b-2f4b-5069-a734-056efe107e30', 'eecf8a7e-af2f-524d-a645-c5fba3ebda06', 60, 'unlisted', 'Aggressive Rush Strategy', '{"est reprehenderit","voluptate sit veniam","proident dolor cillum","nostrud aliqua consequat sit","elit ad eu excepteur","velit ut","nisi labore exercitation","occaecat ullamco laborum anim","excepteur","et ex et"}', DEFAULT, DEFAULT, DEFAULT), ('d96e9820-0562-5ef0-a957-fb16e8a3cda6', '438bff0e-fd50-5c86-89ee-d397a0c0e548', 56, 'unlisted', 'Team Fight Execution Plan', '{"eiusmod est quis excepteur cillu","enim dolor nulla anim","consequat duis amet consequat am","ipsum nostrud","in excepteur elit sint","adipisicing magna esse mollit","commodo Lorem","fugiat laboris"}', DEFAULT, DEFAULT, DEFAULT), ('44d39286-2c39-52c0-9fdf-811ac2ac0b4f', '853509f0-6836-5fa7-87f2-fb0a9a8766d2', 54, 'unlisted', 'Objective Focused Strategy', '{"cupidatat eiusmod sint labore"}', DEFAULT, DEFAULT, DEFAULT), ('f5284b1c-c867-5bcb-ae27-b4a46054354e', '91434b27-2651-5429-8f42-45c3f8e334a0', 52, 'unlisted', 'Jungle Control Playbook', '{"dolore pariatur","laborum sit","aute duis aliqua voluptate non","ex consequat ea"}', DEFAULT, DEFAULT, DEFAULT), ('748b6b6e-790a-524c-8953-9f99ff6241ea', 'f4b5542b-ba61-519e-a8d2-5793282ad487', 56, 'private', 'Early Game Dominance Guide', '{"est tempor laboris est","cillum nostrud cupidatat","deserunt incididunt laborum","id aliquip","occaecat culpa et aliqua"}', DEFAULT, DEFAULT, DEFAULT), ('94e59d3e-1e10-58ee-b57b-120d24970da8', '9b1fc781-1e4e-56d2-bd68-0dc257a319c0', 51, 'private', 'Early Game Dominance Guide', '{"labore"}', DEFAULT, DEFAULT, DEFAULT), ('a501e3c2-1df6-5f20-9532-89c5471331c6', 'ac9f0e3e-b030-584f-a8dd-87355fe22537', 55, 'private', 'Aggressive Rush Strategy', '{"cillum anim excepteur","tempor dolore","qui dolor consequat minim","enim duis Lorem","sit"}', DEFAULT, DEFAULT, DEFAULT), ('eba1549a-b3ad-5f1e-ad56-15be0771d0f9', 'd297ab9e-40d4-51b5-bb8f-a1df399f1a9a', 54, 'private', 'Roaming Support Plan', '{"sunt aliqua cupidatat","eu tempor culpa","consectetur dolore cupidatat vel","laborum","anim","aliqua laboris","veniam","commodo quis"}', DEFAULT, DEFAULT, DEFAULT), ('02d6bfb1-b7f1-5129-9d1b-729fd2d36ca6', 'b32027db-33da-5dc2-b906-e0c2a06ac683', 53, 'public', 'Objective Focused Strategy', '{"quis pariatur reprehenderit eius","incididunt magna eiusmod nulla","ea culpa excepteur esse"}', DEFAULT, DEFAULT, DEFAULT), ('feadd401-b272-53d1-bc20-6dad4e3ffc29', '438bff0e-fd50-5c86-89ee-d397a0c0e548', 56, 'private', 'Objective Focused Strategy', '{"eiusmod proident et"}', DEFAULT, DEFAULT, DEFAULT), ('f4023970-bb8c-5175-9f3e-42520be2a6af', '26f7bb6a-3c9c-5b30-b11b-be5ebfb91948', 55, 'unlisted', 'Baron Control Strategy', '{"quis esse velit","id excepteur","non labore sunt"}', DEFAULT, DEFAULT, DEFAULT), ('ab471cfa-3489-5a6c-bf5c-82aeac3819f5', '91434b27-2651-5429-8f42-45c3f8e334a0', 53, 'private', 'Wave Management Plan', '{"ipsum cillum culpa","ex","quis duis laboris amet eiusmod","magna voluptate"}', DEFAULT, DEFAULT, DEFAULT), ('782d8b69-ae89-5508-b431-d9e3d4f25423', '98eaafd3-adbf-5a3e-adb9-b3fb6971b6f1', 59, 'unlisted', 'Secure Objective Playbook', '{"aliqua culpa laborum et reprehen","qui eu sunt quis"}', DEFAULT, DEFAULT, DEFAULT), ('bfbbf302-05a7-5b0c-991e-f7c79f52034e', '9bf2ad50-cccb-50eb-8269-3a7e78bd21f5', 57, 'unlisted', 'Objective Focused Strategy', '{}', DEFAULT, DEFAULT, DEFAULT), ('86a9949d-fbe2-5edf-bf64-6b822a75bdc8', 'd19db439-c7e7-53a7-aa19-0db346180dc1', 53, 'private', 'Vision Control Blueprint', '{"sunt","id dolor consequat","non sint occaecat nulla","culpa","sint eiusmod","tempor","tempor qui","id"}', DEFAULT, DEFAULT, DEFAULT), ('3d78c871-f9be-5ceb-b04c-13f9eb63efa0', '2589cf16-4103-5a4f-b544-b30078083eaa', 57, 'unlisted', 'Vision Control Blueprint', '{"nostrud","voluptate amet","consectetur aliqua","eu minim","id sunt consequat consequat","cupidatat cupidatat","ut ex dolor officia laborum","voluptate ad nisi culpa","consectetur tempor consequat"}', DEFAULT, DEFAULT, DEFAULT), ('e5e7301c-ed7e-5267-a91e-331eeecbad04', 'd297ab9e-40d4-51b5-bb8f-a1df399f1a9a', 51, 'unlisted', 'Map Control Blueprint', '{"ipsum mollit eiusmod veniam","duis eiusmod ad nulla","et exercitation aliqua"}', DEFAULT, DEFAULT, DEFAULT), ('e06f1954-eb7e-5811-8e85-0b7239ac60d6', '853509f0-6836-5fa7-87f2-fb0a9a8766d2', 59, 'unlisted', 'Defensive Turtle Tactics', '{"ea magna anim cillum nostrud","qui non","tempor aute voluptate labore et","aliquip ad","in elit fugiat","enim qui","magna","officia qui in","deserunt aliquip aliquip quis ci","eu ex aliquip non"}', DEFAULT, DEFAULT, DEFAULT), ('cbe8ef05-c651-5778-b8a6-717eee524007', '2d1d7734-be70-5d07-a538-e76c6cae722e', 54, 'public', 'Gank Heavy Approach', '{"qui enim sit","adipisicing exercitation est par"}', DEFAULT, DEFAULT, DEFAULT), ('479e5b51-1e2b-5ac2-b0c4-d0fc97906c11', 'd1b8f3f8-af26-5088-8712-273c28ba98f7', 59, 'unlisted', 'Late Game Scaling Strategy', '{"sunt eiusmod nulla consectetur","enim nostrud","labore culpa ullamco nisi"}', DEFAULT, DEFAULT, DEFAULT), ('bcb7ae75-c1e7-50cd-ba0b-a339091eb350', '91434b27-2651-5429-8f42-45c3f8e334a0', 53, 'private', 'Late Game Scaling Strategy', '{"non tempor dolore","velit ullamco officia labore","velit nisi tempor sunt exercitat","veniam veniam adipisicing enim","esse aute voluptate","tempor commodo consectetur est","do esse","consequat sint amet"}', DEFAULT, DEFAULT, DEFAULT), ('22dccad0-36ca-5845-a1bd-b6027b406b8d', '8a0a556f-d942-55f0-8ba8-1ffbfaf3c6d9', 54, 'unlisted', 'Siege Tactics Handbook', '{"amet est fugiat non","ut irure aliqua","ea velit excepteur","magna cupidatat culpa exercitati","tempor sint commodo cillum","quis ea eu","ex anim commodo labore","exercitation veniam dolor tempor"}', DEFAULT, DEFAULT, DEFAULT), ('d3293b00-a774-5f1e-99fc-e8f05eabde14', '811570ef-0b81-508d-ba05-2f5e812d4131', 57, 'unlisted', 'Team Fight Execution Plan', '{}', DEFAULT, DEFAULT, DEFAULT), ('6822c6f8-ae35-5c57-9558-9cc55665f5cb', '756cbb59-27d6-58f3-b4b9-8b56121e683f', 58, 'private', 'Siege Tactics Handbook', '{"magna ipsum laboris nulla minim","dolore dolore","laborum","ad velit laboris","et aute","adipisicing mollit do"}', DEFAULT, DEFAULT, DEFAULT), ('8ac966bd-de46-5e4a-8401-5328d63ae1b4', '9b1fc781-1e4e-56d2-bd68-0dc257a319c0', 58, 'unlisted', 'Early Game Dominance Guide', '{"sint veniam consequat reprehende","quis laboris eiusmod in sint","nostrud esse","reprehenderit pariatur pariatur ","non proident anim","deserunt commodo cillum non","ad fugiat","laboris labore nostrud exercitat","incididunt occaecat elit reprehe","officia sunt deserunt incididunt"}', DEFAULT, DEFAULT, DEFAULT), ('36f6354b-1927-5b66-8fab-ef32da0e1694', 'f4b5542b-ba61-519e-a8d2-5793282ad487', 60, 'public', 'Split Push Blueprint', '{"aute","labore sit Lorem ea","do sit","amet Lorem","incididunt esse minim mollit","ut commodo do deserunt"}', DEFAULT, DEFAULT, DEFAULT), ('a3befd2b-2867-5547-af7d-2fe7d53b98ef', '305fa448-c3bf-59c7-a989-19ae69ce0725', 54, 'unlisted', 'Vision Denial Blueprint', '{"adipisicing est anim","aliqua ex fugiat non","enim in dolore","nostrud","elit ex minim ullamco","sint dolor","proident laborum","duis","laboris laboris duis"}', DEFAULT, DEFAULT, DEFAULT), ('4d502d01-8a3a-58bc-acb8-f61c47f35e10', '5d378209-1fd5-506f-8b3f-511a16489d69', 59, 'unlisted', 'Siege Tactics Handbook', '{"ullamco nisi labore aliquip","pariatur","veniam duis deserunt qui cillum","tempor enim nisi","dolor est officia","culpa fugiat incididunt magna el"}', DEFAULT, DEFAULT, DEFAULT), ('ebdf08a4-39c5-5347-ab53-e4ef0e2d1add', 'a5831e58-2fc9-5b59-970d-00c344a4eb18', 54, 'public', 'Roaming Support Plan', '{"et esse","aliqua","amet irure cillum ullamco","qui sit qui do","officia do sit","deserunt laborum reprehenderit e","consectetur"}', DEFAULT, DEFAULT, DEFAULT), ('4cfaa7bd-7f8e-52b6-a079-b1fc1773dccb', 'd9bba68a-079c-5141-bd43-756b87167584', 55, 'private', 'Map Control Blueprint', '{"minim tempor consectetur proiden","cillum","deserunt ea cupidatat","anim esse aute"}', DEFAULT, DEFAULT, DEFAULT), ('379aa38a-0dab-5c06-8cdb-45bf5d7e2d27', 'd1b8f3f8-af26-5088-8712-273c28ba98f7', 53, 'unlisted', 'Split Push Blueprint', '{"reprehenderit pariatur do cillum","ex","amet officia","mollit in","quis esse","officia ut pariatur eu","nostrud ut","dolor velit","cillum aute ex nisi"}', DEFAULT, DEFAULT, DEFAULT), ('1cb4e4cf-86cc-5f46-9e77-98b857e060d9', 'a5831e58-2fc9-5b59-970d-00c344a4eb18', 60, 'private', 'Vision Control Blueprint', '{"id eiusmod","ipsum enim velit labore excepteu","in occaecat minim","tempor eu ad"}', DEFAULT, DEFAULT, DEFAULT), ('f39bcc07-5eef-5435-b6e9-d947c3bae70d', 'b7a89d05-549f-565f-b631-b59097e91d1a', 51, 'public', 'Late Game Scaling Strategy', '{"nostrud Lorem velit","ad laboris velit","enim cupidatat","quis reprehenderit dolore fugiat"}', DEFAULT, DEFAULT, DEFAULT), ('20a16bbe-0188-55a3-8d14-7e2e6b37794e', 'd9bba68a-079c-5141-bd43-756b87167584', 59, 'public', 'Split Push Blueprint', '{"dolor deserunt","eu dolore","qui dolore","sit laborum aute minim proident","cillum","non eu duis proident","aliquip laborum commodo sit"}', DEFAULT, DEFAULT, DEFAULT), ('75a162e8-f427-5c64-baca-dba20bc829dd', 'cd7c291a-6d6e-5632-91e5-b7fd7a634d7d', 57, 'unlisted', 'Objective Focused Strategy', '{"laborum reprehenderit amet minim","in","magna qui id anim","cupidatat ipsum proident laboris","fugiat esse","voluptate sit","duis culpa est veniam","consequat sit"}', DEFAULT, DEFAULT, DEFAULT), ('5075bfb2-60b4-588c-ba9f-cd0f3efae77e', '9bf2ad50-cccb-50eb-8269-3a7e78bd21f5', 55, 'public', 'Vision Denial Blueprint', '{"velit elit deserunt","pariatur","magna nulla duis eiusmod","magna ipsum ut","excepteur pariatur est magna con","eiusmod veniam minim","exercitation irure commodo","excepteur","ipsum id cillum ad cupidatat"}', DEFAULT, DEFAULT, DEFAULT), ('329b0bda-79b1-53f3-afe7-b7495bde0220', '438bff0e-fd50-5c86-89ee-d397a0c0e548', 52, 'public', 'Rotation Strategy Document', '{"laborum do deserunt et","commodo cillum","occaecat ad","velit excepteur tempor elit","aliqua proident dolore"}', DEFAULT, DEFAULT, DEFAULT), ('fc992b53-61aa-5185-8280-7863348ce734', 'd19db439-c7e7-53a7-aa19-0db346180dc1', 52, 'unlisted', 'Early Game Dominance Guide', '{"occaecat dolor"}', DEFAULT, DEFAULT, DEFAULT), ('e15f78fd-c85d-5196-b441-614f0f00a652', 'a5831e58-2fc9-5b59-970d-00c344a4eb18', 53, 'unlisted', 'Jungle Control Playbook', '{"in ut nostrud consectetur esse"}', DEFAULT, DEFAULT, DEFAULT), ('27d28c73-d0c0-5545-a0d3-0f0fa8e1aca6', '882c7ae5-914f-539d-8207-691de536097f', 52, 'unlisted', 'Roaming Support Plan', '{"tempor tempor adipisicing","labore enim","elit","id cillum id mollit","est non"}', DEFAULT, DEFAULT, DEFAULT), ('bc0ae162-e51f-5f29-b5b0-87887eac9c85', 'de459427-bb2c-5381-bdbf-7126efbb65c9', 57, 'unlisted', 'Secure Objective Playbook', '{"nostrud et velit"}', DEFAULT, DEFAULT, DEFAULT), ('23cfe397-d97e-55bf-af72-35043f52d2bb', '8b7e423b-b9b9-5b3c-bf3d-1aa45d16235c', 58, 'private', 'Objective Focused Strategy', '{"aute nulla tempor","laborum id","adipisicing enim","Lorem cillum"}', DEFAULT, DEFAULT, DEFAULT), ('2135e4d6-4261-59ed-a63d-11a8a55ba0c0', '91fa3874-9437-5dfa-a49a-f19fb38d9e92', 55, 'unlisted', 'Wave Management Plan', '{"ipsum mollit","laborum non ad","officia","cupidatat ut pariatur","exercitation eiusmod culpa amet "}', DEFAULT, DEFAULT, DEFAULT), ('32ca2e92-cee8-58b4-beec-0fd9742bf2df', 'd00c085d-72d6-5114-a5fd-ba818539c2f7', 58, 'private', 'Counter Pick Blueprint', '{"officia","ullamco excepteur est consequat"}', DEFAULT, DEFAULT, DEFAULT), ('69e335b1-cf42-5234-867f-fc3222ba0932', '8b7e423b-b9b9-5b3c-bf3d-1aa45d16235c', 57, 'public', 'Defensive Turtle Tactics', '{"minim ea magna consequat","ex velit enim excepteur irure","laboris veniam velit mollit cons","do cupidatat reprehenderit","voluptate","aliqua aute eiusmod ad"}', DEFAULT, DEFAULT, DEFAULT), ('4addfd63-7007-5913-b0c6-95e35fe44af0', '19495f2f-99a6-5394-9596-a1d3fb0d3196', 55, 'unlisted', 'Defensive Turtle Tactics', '{}', DEFAULT, DEFAULT, DEFAULT), ('29e1da9c-3bfa-53c5-8780-7032cb48ed69', 'd297ab9e-40d4-51b5-bb8f-a1df399f1a9a', 58, 'private', 'Aggressive Rush Strategy', '{"nulla consequat dolor culpa","irure excepteur","quis duis dolore proident"}', DEFAULT, DEFAULT, DEFAULT), ('0fe3263a-4b99-5049-afdd-8a29336988d1', 'b32027db-33da-5dc2-b906-e0c2a06ac683', 60, 'private', 'Defensive Turtle Tactics', '{"ad amet culpa fugiat culpa","cupidatat"}', DEFAULT, DEFAULT, DEFAULT), ('de533318-8238-5b98-90fa-7923fbda78df', '8926b9fd-34b2-5421-a25c-9cd89c12cad0', 53, 'public', 'Aggressive Rush Strategy', '{"non dolor ea","duis ipsum sit nostrud","est fugiat","dolor nostrud incididunt laborum","et velit"}', DEFAULT, DEFAULT, DEFAULT), ('91b0fe2a-8d53-5dfa-804e-dadbd5fed2f0', 'd9bba68a-079c-5141-bd43-756b87167584', 53, 'unlisted', 'Roaming Support Plan', '{"cupidatat do","ut duis consequat","anim","sint duis ex","nostrud laboris nisi","ad"}', DEFAULT, DEFAULT, DEFAULT), ('f2da91e9-e150-5eba-811a-769c8b464b2d', 'eda91f04-12ef-5904-88aa-e6ed9a692e03', 57, 'private', 'Aggressive Rush Strategy', '{"veniam qui irure","dolor nisi pariatur sunt dolor","et sunt","sunt","cillum duis velit cillum","duis et ipsum consequat"}', DEFAULT, DEFAULT, DEFAULT), ('830462ad-e07d-578c-9343-4c2f3f3f896d', '1d3f740a-8c60-5c1d-aa9e-3854a33c8e1d', 51, 'public', 'Aggressive Rush Strategy', '{"excepteur exercitation nulla lab","est ea ea","sint nulla et veniam","non eiusmod dolore occaecat","duis","fugiat sunt laborum","culpa cillum labore"}', DEFAULT, DEFAULT, DEFAULT), ('e4d512a0-9012-54c8-a0de-d2cfb46cc4e7', 'f4b5542b-ba61-519e-a8d2-5793282ad487', 51, 'private', 'Gank Heavy Approach', '{"eu in","deserunt cillum","amet sit ipsum est","fugiat cillum id","culpa magna"}', DEFAULT, DEFAULT, DEFAULT), ('8fc4ec28-bbda-57ff-86ae-02acc462e7a3', '59558fa1-9cc0-5e85-a331-879d76e07f05', 52, 'unlisted', 'Split Push Blueprint', '{"dolor","officia cupidatat tempor","consequat qui","voluptate veniam","culpa minim est dolore","dolor laboris cupidatat","cupidatat in Lorem"}', DEFAULT, DEFAULT, DEFAULT), ('46cb3ac1-56db-5482-a77b-488299529f1c', '5d378209-1fd5-506f-8b3f-511a16489d69', 58, 'unlisted', 'Roaming Support Plan', '{}', DEFAULT, DEFAULT, DEFAULT), ('ca6dab04-25c1-5208-bf77-9e5162704420', 'a5831e58-2fc9-5b59-970d-00c344a4eb18', 59, 'private', 'Wave Management Plan', '{"cupidatat veniam","aliqua reprehenderit nostrud iru","nulla ex do ullamco aliquip","nisi enim id","ad dolore esse quis","enim mollit esse","ex pariatur laborum","labore","dolor"}', DEFAULT, DEFAULT, DEFAULT), ('54485efb-a52b-5ef1-8d37-32b22dc487d0', '1d3f740a-8c60-5c1d-aa9e-3854a33c8e1d', 57, 'private', 'Defensive Turtle Tactics', '{"in incididunt ipsum veniam","do eiusmod qui excepteur","anim ad consectetur","ex","minim non qui proident"}', DEFAULT, DEFAULT, DEFAULT), ('1fa8fec1-5ed8-5fb9-afc2-a5a8eea61a64', 'de459427-bb2c-5381-bdbf-7126efbb65c9', 54, 'public', 'Gank Heavy Approach', '{"adipisicing","aute minim ad irure","nulla ex ad ea irure","enim ipsum aliqua laborum commod","elit quis officia magna proident","exercitation proident cupidatat ","sint veniam","ipsum magna laborum exercitation"}', DEFAULT, DEFAULT, DEFAULT), ('21212b38-5327-5020-9dc6-3fca09a6128f', 'd1b8f3f8-af26-5088-8712-273c28ba98f7', 55, 'unlisted', 'Baron Control Strategy', '{"aliqua duis","non deserunt in consectetur cill","consequat incididunt esse occaec","esse exercitation laborum id","eiusmod esse ex cillum pariatur","excepteur labore pariatur","reprehenderit","sint ea","dolore consectetur"}', DEFAULT, DEFAULT, DEFAULT), ('b22cc198-1bf7-5cc9-b682-385ac5f11217', 'b7a89d05-549f-565f-b631-b59097e91d1a', 52, 'unlisted', 'Map Control Blueprint', '{"anim irure fugiat sint","duis adipisicing amet non esse","ullamco dolore laborum est","tempor aute duis"}', DEFAULT, DEFAULT, DEFAULT), ('07d77b7a-f8bb-53ab-8750-034a7dc2bcb0', '36f6f3ba-e867-5008-b6c1-829e989f9d2f', 58, 'unlisted', 'Defensive Turtle Tactics', '{}', DEFAULT, DEFAULT, DEFAULT), ('f7f63dc3-d8b7-5f42-b802-636e4e3f43bb', 'eecf8a7e-af2f-524d-a645-c5fba3ebda06', 57, 'private', 'Split Push Blueprint', '{"cillum incididunt","cillum cupidatat officia"}', DEFAULT, DEFAULT, DEFAULT), ('a1dd34cc-747e-59d2-bb04-592165ee24b7', 'b32027db-33da-5dc2-b906-e0c2a06ac683', 60, 'private', 'Late Game Scaling Strategy', '{"nostrud tempor ea enim cillum","ullamco esse","dolor","velit ea","laborum","aute nostrud eu minim","dolor pariatur voluptate elit","sunt ipsum duis amet","in sint"}', DEFAULT, DEFAULT, DEFAULT), ('b111722b-fdf4-55f7-a1ea-183bf540f7e3', '8d3f145b-67b0-504d-b49a-d59ecea5d2d8', 59, 'unlisted', 'Jungle Control Playbook', '{"cillum","quis dolor anim","cupidatat","culpa velit","laboris","enim laborum quis","esse sit fugiat ex","enim non nulla"}', DEFAULT, DEFAULT, DEFAULT), ('de288e5e-33f8-5b49-9dad-83fa7d46ac0d', 'eecf8a7e-af2f-524d-a645-c5fba3ebda06', 57, 'private', 'Late Game Scaling Strategy', '{"nisi tempor enim voluptate","dolor culpa dolore laboris","aute occaecat labore enim","non deserunt dolore","adipisicing enim veniam tempor o"}', DEFAULT, DEFAULT, DEFAULT), ('f1ab7f2e-7a01-59f1-b811-78e3b78b40bc', '91434b27-2651-5429-8f42-45c3f8e334a0', 58, 'private', 'Vision Denial Blueprint', '{"consectetur velit consequat est","nostrud nostrud proident non","velit nostrud eiusmod esse","veniam deserunt","irure laborum","est","mollit id"}', DEFAULT, DEFAULT, DEFAULT), ('e0783de7-ca51-5f0a-a7ac-8dcd533efd10', '882c7ae5-914f-539d-8207-691de536097f', 60, 'unlisted', 'Rotation Strategy Document', '{"pariatur proident sit duis cupid","sit ea velit ex","incididunt consequat ex culpa","culpa aliqua","laboris ex laboris cillum","sit","cupidatat non","reprehenderit sint aliquip minim","ea ullamco enim"}', DEFAULT, DEFAULT, DEFAULT), ('c3238b63-2dda-5915-8ca5-773255a1cfad', '882c7ae5-914f-539d-8207-691de536097f', 52, 'private', 'Defensive Turtle Tactics', '{"ullamco minim","et"}', DEFAULT, DEFAULT, DEFAULT), ('7b1aca75-d87e-55c4-87f7-005fafbadfdb', '756cbb59-27d6-58f3-b4b9-8b56121e683f', 56, 'public', 'Wave Management Plan', '{"Lorem nisi","mollit nostrud excepteur commodo"}', DEFAULT, DEFAULT, DEFAULT), ('106d238e-2ba4-525c-8d85-994f8dfb2984', 'a8212e1b-5577-5c28-9c38-2d4fbd753550', 55, 'unlisted', 'Gank Heavy Approach', '{"aliqua ipsum","laborum","ut non","excepteur commodo et","sint ipsum occaecat id","commodo irure esse","Lorem"}', DEFAULT, DEFAULT, DEFAULT), ('72f05d50-2802-535d-af55-29384395d238', '549980e7-3e77-5d76-b263-84664d04b209', 59, 'unlisted', 'Rotation Strategy Document', '{"eiusmod ex adipisicing ad","duis et","laborum irure dolor","officia labore nisi cupidatat ad","aute eu duis in","mollit esse"}', DEFAULT, DEFAULT, DEFAULT), ('f914b2f3-d88a-52e4-ac43-1ef8cffb4d34', 'd1b8f3f8-af26-5088-8712-273c28ba98f7', 59, 'public', 'Map Control Blueprint', '{}', DEFAULT, DEFAULT, DEFAULT), ('c620930b-8f59-50ae-bf46-b1a3aca28f0a', '9bf2ad50-cccb-50eb-8269-3a7e78bd21f5', 58, 'unlisted', 'Map Control Blueprint', '{"minim ut culpa","commodo in sint cillum","id voluptate veniam quis"}', DEFAULT, DEFAULT, DEFAULT), ('c78418ab-6a36-52f6-ad32-89289156138c', 'eecf8a7e-af2f-524d-a645-c5fba3ebda06', 55, 'public', 'Vision Denial Blueprint', '{"ad proident pariatur","excepteur ex pariatur eu","et nostrud","ad adipisicing nulla laborum","esse laboris","nostrud dolor nostrud ipsum","consectetur ullamco nisi sit","fugiat in"}', DEFAULT, DEFAULT, DEFAULT), ('ed7bef30-09b5-5167-a122-9b398a76eaef', 'd297ab9e-40d4-51b5-bb8f-a1df399f1a9a', 59, 'unlisted', 'Aggressive Rush Strategy', '{"mollit cupidatat laborum dolore","proident commodo pariatur"}', DEFAULT, DEFAULT, DEFAULT), ('ecddf116-85cf-5aef-8c73-6e5963680c88', '9bf2ad50-cccb-50eb-8269-3a7e78bd21f5', 57, 'private', 'Roaming Support Plan', '{"ipsum aliquip fugiat reprehender","voluptate consectetur cillum lab"}', DEFAULT, DEFAULT, DEFAULT), ('5bb46529-9916-530c-88e4-31ac6d441591', '811570ef-0b81-508d-ba05-2f5e812d4131', 51, 'private', 'Late Game Scaling Strategy', '{"dolor ut","officia amet culpa sint","voluptate ad reprehenderit et"}', DEFAULT, DEFAULT, DEFAULT), ('8b092693-9a40-5f6a-a57b-3c3e9f5288f7', 'de459427-bb2c-5381-bdbf-7126efbb65c9', 57, 'private', 'Defensive Turtle Tactics', '{"cupidatat ullamco dolor","do sit ad","Lorem officia sint","incididunt ad sunt consectetur","ut magna sunt elit"}', DEFAULT, DEFAULT, DEFAULT), ('65d96d53-ecd8-5cb9-a3d4-a2842c9c629f', '91fa3874-9437-5dfa-a49a-f19fb38d9e92', 53, 'private', 'Vision Denial Blueprint', '{"minim qui","Lorem","excepteur dolore","id id irure"}', DEFAULT, DEFAULT, DEFAULT), ('672c681b-4325-56a5-8413-28facb838b89', 'b5605791-3389-56c2-9ec6-17d538b9bb85', 56, 'unlisted', 'Wave Management Plan', '{}', DEFAULT, DEFAULT, DEFAULT), ('49d19d37-5ee3-59d0-a985-37b5b703ceb0', 'a5831e58-2fc9-5b59-970d-00c344a4eb18', 53, 'public', 'Team Fight Execution Plan', '{"velit in Lorem ex non","ullamco","ullamco irure reprehenderit"}', DEFAULT, DEFAULT, DEFAULT), ('66e9d7dd-018c-5299-8470-9f074683bd55', '91434b27-2651-5429-8f42-45c3f8e334a0', 55, 'unlisted', 'Early Game Dominance Guide', '{"incididunt","ipsum velit elit","sint culpa aute fugiat","sit sunt","sint consequat","aute esse aliqua","amet esse voluptate","Lorem dolor"}', DEFAULT, DEFAULT, DEFAULT), ('d4a93045-0519-5ae2-8bd3-51a7d07f2b97', '8d3f145b-67b0-504d-b49a-d59ecea5d2d8', 51, 'private', 'Split Push Blueprint', '{}', DEFAULT, DEFAULT, DEFAULT), ('b5bd1f0b-0be5-592a-87b7-65db36f2fa17', 'eecf8a7e-af2f-524d-a645-c5fba3ebda06', 51, 'unlisted', 'Aggressive Rush Strategy', '{"anim quis"}', DEFAULT, DEFAULT, DEFAULT), ('902168ab-57a5-5714-b589-ecf1bd6d2517', '36f6f3ba-e867-5008-b6c1-829e989f9d2f', 51, 'unlisted', 'Vision Control Blueprint', '{"aliqua non","voluptate nisi sint et","cillum adipisicing eiusmod eiusm","culpa","tempor aliquip excepteur qui","excepteur","fugiat","dolore deserunt"}', DEFAULT, DEFAULT, DEFAULT), ('8e1b1af0-d36a-5958-9b32-c8f59e8edaf9', 'f4b5542b-ba61-519e-a8d2-5793282ad487', 54, 'private', 'Objective Focused Strategy', '{"labore duis aliquip aute","ea velit esse quis","magna","minim excepteur","nulla aliquip irure occaecat vol","aliqua consequat elit veniam con","Lorem nulla dolor","enim ex est sint","cupidatat ut sint nostrud"}', DEFAULT, DEFAULT, DEFAULT), ('9ca1e23a-7fd9-5be2-b14a-5f50a52fda0a', '4da5a34b-d621-539d-93ed-4bd842601284', 51, 'private', 'Counter Pick Blueprint', '{}', DEFAULT, DEFAULT, DEFAULT), ('b458c0d2-4d21-597a-9d7c-522e47032d79', 'd9bba68a-079c-5141-bd43-756b87167584', 55, 'unlisted', 'Siege Tactics Handbook', '{"aliquip deserunt sint labore","aute sit proident non","dolore non","minim ut velit culpa tempor","sunt sunt laboris voluptate ipsu","eiusmod ut consequat irure","in ex","laborum duis minim non","labore pariatur"}', DEFAULT, DEFAULT, DEFAULT), ('aeae5590-e6d3-5c02-8a1c-40a6bcf61bd6', '8d3f145b-67b0-504d-b49a-d59ecea5d2d8', 53, 'private', 'Vision Control Blueprint', '{"ut pariatur","consequat mollit duis ad exercit","sunt do cupidatat officia","consequat Lorem nisi","voluptate amet sint commodo","nostrud laborum anim minim","do cillum aliquip ad","amet incididunt mollit","occaecat voluptate ex sit"}', DEFAULT, DEFAULT, DEFAULT), ('e62ff15d-b4e8-5f8b-b8c8-56d105c9d705', '438bff0e-fd50-5c86-89ee-d397a0c0e548', 58, 'private', 'Defensive Turtle Tactics', '{"elit excepteur non magna aute"}', DEFAULT, DEFAULT, DEFAULT), ('2650d5c8-a9d2-57ad-a70d-8c89cf994021', '8a0a556f-d942-55f0-8ba8-1ffbfaf3c6d9', 59, 'private', 'Vision Denial Blueprint', '{"enim ipsum","amet occaecat nulla","dolore aliqua","ullamco tempor","consequat adipisicing","nisi cupidatat"}', DEFAULT, DEFAULT, DEFAULT), ('57851dd8-0d7e-5b03-b70f-32940ae107ce', '4da5a34b-d621-539d-93ed-4bd842601284', 56, 'unlisted', 'Team Fight Execution Plan', '{"esse magna","magna irure exercitation commodo","laborum pariatur sunt","anim","non","aute deserunt","in"}', DEFAULT, DEFAULT, DEFAULT), ('0bb88883-c32b-547d-bac2-9dcbf9437722', 'b32027db-33da-5dc2-b906-e0c2a06ac683', 54, 'unlisted', 'Vision Control Blueprint', '{"dolor voluptate reprehenderit","quis ea id sit","consectetur cupidatat quis"}', DEFAULT, DEFAULT, DEFAULT), ('f2096d39-9bcd-5cc9-af38-3924bad39e01', 'eecf8a7e-af2f-524d-a645-c5fba3ebda06', 57, 'unlisted', 'Aggressive Rush Strategy', '{"commodo culpa cupidatat","anim nisi fugiat","reprehenderit nisi","tempor laboris","id id Lorem","excepteur ipsum ad Lorem","cupidatat adipisicing","eu excepteur culpa","ex veniam esse dolor","minim exercitation incididunt"}', DEFAULT, DEFAULT, DEFAULT), ('cdc85c53-30bc-5c6e-91cc-2af72696e64b', 'a8212e1b-5577-5c28-9c38-2d4fbd753550', 54, 'private', 'Objective Focused Strategy', '{"dolore id laboris magna"}', DEFAULT, DEFAULT, DEFAULT), ('a0fe813c-8a2e-57ff-8950-530eb72350cc', '4da5a34b-d621-539d-93ed-4bd842601284', 51, 'public', 'Aggressive Rush Strategy', '{"aute exercitation sit","nostrud magna","duis commodo aute ex mollit","occaecat sit amet","reprehenderit magna","reprehenderit esse laboris","exercitation occaecat occaecat"}', DEFAULT, DEFAULT, DEFAULT), ('3dcb1c72-1f38-50a2-8a79-9f8b83862a0b', '2589cf16-4103-5a4f-b544-b30078083eaa', 60, 'public', 'Baron Control Strategy', '{"qui minim adipisicing est","eiusmod","ullamco Lorem ipsum amet","dolore officia","pariatur Lorem laborum Lorem","Lorem id et","ullamco voluptate","ad labore ullamco nulla occaecat","quis sint ex labore deserunt"}', DEFAULT, DEFAULT, DEFAULT), ('b529db67-e1b4-5e7d-9a32-267867bbcbad', '290e51c6-7ff6-5db4-8f40-69dda051b66c', 51, 'public', 'Early Game Dominance Guide', '{"cupidatat duis deserunt adipisic","ea cupidatat velit fugiat laboru","eu amet ad","pariatur aute sint","ipsum voluptate pariatur","eiusmod velit sunt do"}', DEFAULT, DEFAULT, DEFAULT), ('89b21cb6-fbf3-585a-b9c1-304fad97258b', 'b32027db-33da-5dc2-b906-e0c2a06ac683', 52, 'unlisted', 'Vision Control Blueprint', '{"aute consequat occaecat","excepteur minim esse id","cupidatat quis labore labore","ut commodo ullamco","anim nostrud ipsum","cupidatat labore veniam qui","consectetur sunt","exercitation eiusmod excepteur","fugiat cillum adipisicing ut"}', DEFAULT, DEFAULT, DEFAULT), ('8af27ce1-15c1-5703-a4c5-07ea669df0c7', '8926b9fd-34b2-5421-a25c-9cd89c12cad0', 54, 'public', 'Late Game Scaling Strategy', '{"veniam Lorem nostrud","anim velit","ut","sit sint","mollit nostrud ex"}', DEFAULT, DEFAULT, DEFAULT), ('e9960db1-b450-5d20-820c-87fab4f40dc8', '6c52c1d9-13a4-51ef-ae51-1dacc4c14be9', 60, 'private', 'Vision Control Blueprint', '{"non culpa velit","anim sint occaecat","est non sunt ea aute","tempor veniam tempor"}', DEFAULT, DEFAULT, DEFAULT), ('2dd10f1f-4836-53b2-b2b6-ae71861e43d0', 'eda91f04-12ef-5904-88aa-e6ed9a692e03', 58, 'private', 'Roaming Support Plan', '{"fugiat fugiat commodo nostrud ei","qui veniam irure pariatur"}', DEFAULT, DEFAULT, DEFAULT), ('09d4e842-df61-577d-8d06-00daf3b676e2', 'f4b5542b-ba61-519e-a8d2-5793282ad487', 53, 'unlisted', 'Early Game Dominance Guide', '{"exercitation","dolor","est laboris tempor veniam","ipsum veniam aliqua ad","officia occaecat ex","est ullamco aute aliquip duis","et qui Lorem"}', DEFAULT, DEFAULT, DEFAULT), ('6fe4789e-9a02-5c94-8c81-5bb4cffd7850', '290e51c6-7ff6-5db4-8f40-69dda051b66c', 53, 'public', 'Siege Tactics Handbook', '{"sunt labore sint","excepteur elit est in veniam","commodo sint eiusmod","tempor velit anim","elit nisi magna","sit qui esse","incididunt voluptate labore est "}', DEFAULT, DEFAULT, DEFAULT), ('62834a20-27ac-5894-8947-a4e2ffb67f5b', '26f7bb6a-3c9c-5b30-b11b-be5ebfb91948', 56, 'unlisted', 'Rotation Strategy Document', '{"sit aliqua","nostrud magna commodo consequat","consequat deserunt tempor dolor","et aute Lorem","dolor irure voluptate","sit ipsum","irure"}', DEFAULT, DEFAULT, DEFAULT), ('ce25e6d7-50b4-50c3-8210-685ee22346f3', 'eecf8a7e-af2f-524d-a645-c5fba3ebda06', 51, 'unlisted', 'Gank Heavy Approach', '{"laborum","commodo et in","minim et veniam","culpa ipsum ad ullamco","anim amet cillum"}', DEFAULT, DEFAULT, DEFAULT), ('a4e4a518-fb32-53bf-9d1c-f336f8cd8c45', 'd00c085d-72d6-5114-a5fd-ba818539c2f7', 57, 'public', 'Late Game Scaling Strategy', '{"velit commodo occaecat","laborum in","eu","ut laboris quis esse nostrud","dolore","exercitation","adipisicing velit","eu dolore consectetur","dolore eu culpa do","exercitation esse reprehenderit"}', DEFAULT, DEFAULT, DEFAULT), ('d5862a76-70cd-55db-a302-365d7ec101f5', '98eaafd3-adbf-5a3e-adb9-b3fb6971b6f1', 60, 'public', 'Wave Management Plan', '{"voluptate cupidatat duis","cillum labore labore","anim","cupidatat enim consectetur labor","nulla deserunt","tempor"}', DEFAULT, DEFAULT, DEFAULT), ('fff5567f-d4a5-542e-ba70-1119521ca0cb', 'd00c085d-72d6-5114-a5fd-ba818539c2f7', 57, 'public', 'Defensive Turtle Tactics', '{"Lorem amet do cillum","enim","laboris ex quis","tempor ipsum","sunt consequat elit","tempor et cupidatat","qui"}', DEFAULT, DEFAULT, DEFAULT), ('48abaf7b-d65e-5371-8d5f-1be4621911e6', '882c7ae5-914f-539d-8207-691de536097f', 51, 'unlisted', 'Baron Control Strategy', '{"incididunt sit","minim pariatur elit mollit","sint pariatur et qui","exercitation in ad commodo duis"}', DEFAULT, DEFAULT, DEFAULT), ('05b8ebd6-06e1-5ce6-85d9-1fda124d11b0', 'd1b8f3f8-af26-5088-8712-273c28ba98f7', 53, 'unlisted', 'Objective Focused Strategy', '{"aute laborum sint mollit","deserunt deserunt officia","incididunt veniam","labore eiusmod eu","cillum","officia ipsum do excepteur"}', DEFAULT, DEFAULT, DEFAULT), ('be5a4c70-a4ff-57c0-8c2c-437a6d77f25c', '8b7e423b-b9b9-5b3c-bf3d-1aa45d16235c', 60, 'public', 'Vision Denial Blueprint', '{"sunt aliqua sit","qui aliqua laborum","do do magna","anim esse"}', DEFAULT, DEFAULT, DEFAULT), ('e6ff83af-5ec2-537d-b04b-784bd77a5871', '549980e7-3e77-5d76-b263-84664d04b209', 54, 'private', 'Split Push Blueprint', '{}', DEFAULT, DEFAULT, DEFAULT), ('dc9bffb4-1647-5c5d-8c1f-d89500e89900', '92bf5244-388d-5bbf-bd84-1c7ad2efe31b', 52, 'unlisted', 'Defensive Turtle Tactics', '{"minim duis deserunt","sit magna aliqua duis","adipisicing esse in consequat","enim excepteur","id do ad","velit consequat","adipisicing sint labore","sunt","nulla"}', DEFAULT, DEFAULT, DEFAULT), ('ec767a01-17bb-518c-9633-78ebc8caded3', '26f7bb6a-3c9c-5b30-b11b-be5ebfb91948', 56, 'private', 'Baron Control Strategy', '{"non enim aute dolor est","adipisicing","consequat dolore proident aute e","sit veniam adipisicing","in irure officia officia enim","cillum anim ut laboris quis","excepteur id cupidatat officia","labore quis occaecat"}', DEFAULT, DEFAULT, DEFAULT), ('6c642b40-bb15-55fa-9319-9c100d27adc7', '8a0a556f-d942-55f0-8ba8-1ffbfaf3c6d9', 59, 'private', 'Vision Denial Blueprint', '{"anim duis eiusmod commodo","ad culpa ad ipsum","aliquip ex in","eu laboris consequat aute","sunt","amet do adipisicing"}', DEFAULT, DEFAULT, DEFAULT), ('197f52e9-f9b3-54a3-a900-9ddcd2cd98d5', '305fa448-c3bf-59c7-a989-19ae69ce0725', 53, 'unlisted', 'Vision Control Blueprint', '{"ut ea","consequat aliqua ipsum commodo n","cupidatat consequat","incididunt consequat"}', DEFAULT, DEFAULT, DEFAULT), ('b239ffdb-847f-5400-b1f9-97e186ea36bc', '4da5a34b-d621-539d-93ed-4bd842601284', 51, 'private', 'Wave Management Plan', '{"ex aliquip dolor","qui irure","nisi et","do nostrud aute et veniam"}', DEFAULT, DEFAULT, DEFAULT), ('c3124970-b58c-5748-8a01-4ba1d7466b2b', 'a88bc9b9-135e-55c7-8c4c-5a072a3c8573', 60, 'unlisted', 'Objective Focused Strategy', '{"do do"}', DEFAULT, DEFAULT, DEFAULT), ('2fbdef88-7d4a-5528-bb59-74f725709563', 'd00c085d-72d6-5114-a5fd-ba818539c2f7', 53, 'private', 'Map Control Blueprint', '{"anim commodo magna quis magna","commodo ipsum fugiat exercitatio","nulla tempor est nisi","adipisicing reprehenderit","aliqua amet eu culpa","anim minim labore","cillum eiusmod elit sit"}', DEFAULT, DEFAULT, DEFAULT), ('a03637de-3a86-5f2c-a9a1-71bb222f301f', 'a8212e1b-5577-5c28-9c38-2d4fbd753550', 55, 'private', 'Aggressive Rush Strategy', '{"aliquip culpa voluptate minim es","cillum","qui cupidatat","deserunt","qui adipisicing pariatur labore","id incididunt sit sunt","minim laboris","velit nulla excepteur proident a","culpa"}', DEFAULT, DEFAULT, DEFAULT), ('536d5b0c-dc7c-598f-8fa0-b21c4cd85d48', '8926b9fd-34b2-5421-a25c-9cd89c12cad0', 56, 'unlisted', 'Counter Pick Blueprint', '{"voluptate consectetur ullamco","ad do anim","exercitation qui anim est id","culpa reprehenderit est"}', DEFAULT, DEFAULT, DEFAULT), ('f04b6b4b-d5ea-517f-8a7d-71713980487c', 'a3141029-aec2-543b-b18a-49fe947e3304', 59, 'unlisted', 'Rotation Strategy Document', '{"Lorem elit ullamco cupidatat off","nostrud incididunt occaecat magn","voluptate tempor deserunt","cillum et in","nisi adipisicing irure","deserunt tempor et","consequat irure ullamco"}', DEFAULT, DEFAULT, DEFAULT), ('363e1d5b-f7b0-5ee0-a43a-f471f9cf9338', '8b7e423b-b9b9-5b3c-bf3d-1aa45d16235c', 52, 'private', 'Late Game Scaling Strategy', '{"aliqua tempor","occaecat exercitation et id","proident non do","proident laborum duis elit","sunt voluptate non enim","dolor Lorem officia","eu","eu ad eiusmod minim ipsum","tempor minim"}', DEFAULT, DEFAULT, DEFAULT), ('edcc2203-6787-52aa-bc0b-a6dcc59388be', 'b7a89d05-549f-565f-b631-b59097e91d1a', 55, 'public', 'Vision Control Blueprint', '{"occaecat laborum","do proident","officia incididunt labore","sit officia id ipsum non","aliqua","incididunt fugiat","aliquip velit","anim"}', DEFAULT, DEFAULT, DEFAULT), ('474b1c92-271b-5e78-878e-3e82398a6e7c', 'd297ab9e-40d4-51b5-bb8f-a1df399f1a9a', 52, 'unlisted', 'Jungle Control Playbook', '{"incididunt in","magna amet"}', DEFAULT, DEFAULT, DEFAULT), ('8997d96a-4a2f-5fcd-a0a2-88e875f8bba7', '4da5a34b-d621-539d-93ed-4bd842601284', 54, 'unlisted', 'Split Push Blueprint', '{"tempor qui quis culpa mollit","exercitation esse","esse qui","dolore culpa","quis consectetur laborum"}', DEFAULT, DEFAULT, DEFAULT), ('f61f0c83-60cb-5fa8-a27a-67e606b63adb', '756cbb59-27d6-58f3-b4b9-8b56121e683f', 56, 'private', 'Defensive Turtle Tactics', '{"sint aliquip adipisicing","veniam aliquip id","officia","aliqua","ex quis excepteur aliquip","et nostrud duis proident eiusmod","exercitation veniam excepteur ei","occaecat sint commodo irure proi","esse ullamco do dolore"}', DEFAULT, DEFAULT, DEFAULT), ('30d213ab-4615-5d8b-abee-5b4875c8bfdf', '8b7e423b-b9b9-5b3c-bf3d-1aa45d16235c', 52, 'private', 'Roaming Support Plan', '{"aute consequat","exercitation fugiat deserunt ut ","sunt eu","aute quis occaecat enim","ullamco est cillum","anim cillum laborum consequat","eiusmod dolore","ea aliqua in tempor","sunt laborum nisi"}', DEFAULT, DEFAULT, DEFAULT), ('7d042aff-1b5b-531f-917f-48f2d58d33c7', 'b7a89d05-549f-565f-b631-b59097e91d1a', 56, 'private', 'Team Fight Execution Plan', '{"aliqua commodo labore reprehende","quis","pariatur laborum","deserunt anim velit","excepteur amet esse","amet","incididunt enim velit","ut nisi incididunt"}', DEFAULT, DEFAULT, DEFAULT), ('30e1e77d-2bcf-5591-97ec-d99bd552d8f0', 'e5b4727f-be5e-52c0-83cb-cb7ba230945f', 52, 'public', 'Vision Denial Blueprint', '{"elit id exercitation reprehender"}', DEFAULT, DEFAULT, DEFAULT), ('d53a4a7c-125e-52cd-8ba3-aa3916f71140', 'd00c085d-72d6-5114-a5fd-ba818539c2f7', 52, 'unlisted', 'Vision Control Blueprint', '{"dolor","eu nulla nulla elit amet","laboris labore nulla","aliquip sunt","nisi eu","magna consectetur","velit dolor","consectetur aliquip veniam"}', DEFAULT, DEFAULT, DEFAULT), ('47f797b2-50c1-56af-abe6-0081dabe5efd', '438bff0e-fd50-5c86-89ee-d397a0c0e548', 57, 'private', 'Counter Pick Blueprint', '{"eiusmod minim eu amet sunt","ex","velit","occaecat aliqua minim","amet esse veniam","proident","ipsum voluptate"}', DEFAULT, DEFAULT, DEFAULT), ('3ebbec39-d360-5461-b442-70abf723c8b8', 'd297ab9e-40d4-51b5-bb8f-a1df399f1a9a', 54, 'private', 'Aggressive Rush Strategy', '{"aliqua commodo","et do","ad","aliqua amet ut labore ex","cillum ad consequat duis officia"}', DEFAULT, DEFAULT, DEFAULT), ('3821efb6-356e-53bd-8a0b-239426475be5', 'f4b5542b-ba61-519e-a8d2-5793282ad487', 53, 'public', 'Siege Tactics Handbook', '{"cillum ea cillum","sint adipisicing","nisi esse dolore","ipsum cillum consectetur volupta","sit voluptate ex consequat","adipisicing","consequat fugiat ut","qui sit velit","Lorem aliquip consequat nisi"}', DEFAULT, DEFAULT, DEFAULT), ('f62571e6-585e-5709-b04e-861b7f3db2d2', '2d1d7734-be70-5d07-a538-e76c6cae722e', 52, 'public', 'Roaming Support Plan', '{"ad non duis","Lorem consequat sit sint","id do","aliqua deserunt consequat"}', DEFAULT, DEFAULT, DEFAULT), ('f706ef0d-b4c8-54ee-ba4a-8f6af14717f8', '882c7ae5-914f-539d-8207-691de536097f', 52, 'unlisted', 'Counter Pick Blueprint', '{"aliquip proident non","deserunt adipisicing non","in anim","consectetur est id"}', DEFAULT, DEFAULT, DEFAULT), ('da6a602b-9dc0-5e13-87e9-323f368838a2', 'cd7c291a-6d6e-5632-91e5-b7fd7a634d7d', 60, 'unlisted', 'Gank Heavy Approach', '{}', DEFAULT, DEFAULT, DEFAULT), ('ae022a2e-97fe-53d7-ace2-f700a65995e2', 'a8212e1b-5577-5c28-9c38-2d4fbd753550', 59, 'unlisted', 'Jungle Control Playbook', '{"ut Lorem non sunt","labore ut","minim Lorem reprehenderit","mollit velit consequat consectet","nisi labore sunt","incididunt ullamco laborum","ea reprehenderit","velit veniam","irure excepteur","et nisi irure tempor magna"}', DEFAULT, DEFAULT, DEFAULT), ('7f27719e-c551-5cfa-ab24-3e6a917bc77f', 'eecf8a7e-af2f-524d-a645-c5fba3ebda06', 56, 'public', 'Vision Control Blueprint', '{"elit fugiat","officia reprehenderit elit non","duis minim","ullamco irure","Lorem dolore","aliqua nisi sint cillum","ut non"}', DEFAULT, DEFAULT, DEFAULT), ('a7afe8c7-8469-5a59-9246-cc18b3ce4b7b', '853509f0-6836-5fa7-87f2-fb0a9a8766d2', 53, 'private', 'Baron Control Strategy', '{"deserunt non pariatur","sint do reprehenderit","velit proident enim","incididunt pariatur excepteur si"}', DEFAULT, DEFAULT, DEFAULT), ('8111ec5f-e01a-5ad1-b89a-b7a64419e202', 'e4de1a09-bd9a-5e42-b92c-2cb1af28bec6', 59, 'public', 'Vision Denial Blueprint', '{"irure laboris minim laborum"}', DEFAULT, DEFAULT, DEFAULT), ('af41c136-c26c-5e1c-81f1-2d9f923ca606', 'b5605791-3389-56c2-9ec6-17d538b9bb85', 56, 'public', 'Aggressive Rush Strategy', '{"sint aliquip veniam","nulla adipisicing laboris cillum","fugiat occaecat deserunt dolor e","anim commodo","elit","est quis","ut exercitation sit","sit aliquip ullamco","non tempor"}', DEFAULT, DEFAULT, DEFAULT), ('7594efe5-aff1-5874-a5ed-4a9edc7b66bf', 'eecf8a7e-af2f-524d-a645-c5fba3ebda06', 57, 'unlisted', 'Defensive Turtle Tactics', '{"sit ullamco eiusmod ex","nostrud aute duis","ipsum dolor in adipisicing","fugiat anim","consequat ipsum ipsum"}', DEFAULT, DEFAULT, DEFAULT), ('ee2f9514-a689-5e06-84f0-7f27b56a3774', '549980e7-3e77-5d76-b263-84664d04b209', 60, 'private', 'Aggressive Rush Strategy', '{"sit id id eiusmod","aliquip ullamco fugiat ea","cillum labore officia","in amet ea exercitation","ex eu sunt ea","anim duis anim culpa","adipisicing exercitation labore"}', DEFAULT, DEFAULT, DEFAULT), ('59ac239c-144e-5ca7-b3e8-b97418726740', '853509f0-6836-5fa7-87f2-fb0a9a8766d2', 53, 'unlisted', 'Early Game Dominance Guide', '{"proident tempor adipisicing","pariatur","qui dolor excepteur culpa","exercitation minim officia Lorem","in quis cillum cupidatat"}', DEFAULT, DEFAULT, DEFAULT), ('7992b22f-6c16-50ae-ae54-fd84bedb78e7', '853509f0-6836-5fa7-87f2-fb0a9a8766d2', 54, 'public', 'Jungle Control Playbook', '{}', DEFAULT, DEFAULT, DEFAULT), ('eeb6a56c-bf20-5164-a9c4-2438947a1635', 'd1b8f3f8-af26-5088-8712-273c28ba98f7', 51, 'public', 'Split Push Blueprint', '{"duis nisi esse","elit ea dolor","laboris excepteur enim","eiusmod dolore dolor"}', DEFAULT, DEFAULT, DEFAULT), ('ba263b84-62af-5be6-a1da-34f8a9b1c708', '92bf5244-388d-5bbf-bd84-1c7ad2efe31b', 58, 'public', 'Team Fight Execution Plan', '{"laboris ipsum ullamco","do do laboris","est fugiat ullamco veniam ex","laborum do"}', DEFAULT, DEFAULT, DEFAULT), ('0eda511d-00fb-5edd-a94c-61620ced28e5', '3204ce32-7c5b-5953-969e-fe1d17de6e76', 53, 'private', 'Defensive Turtle Tactics', '{"tempor aliqua","labore eu qui culpa anim","sint eiusmod","esse incididunt"}', DEFAULT, DEFAULT, DEFAULT), ('4a82ca5f-1296-51b0-9319-05459a439c92', '756cbb59-27d6-58f3-b4b9-8b56121e683f', 59, 'unlisted', 'Team Fight Execution Plan', '{"ut laboris do"}', DEFAULT, DEFAULT, DEFAULT), ('230e6990-91f4-5dc7-b6bc-229a44985e25', 'a5831e58-2fc9-5b59-970d-00c344a4eb18', 52, 'private', 'Gank Heavy Approach', '{"aliqua non in","nisi nisi minim","non pariatur elit consequat est","ullamco eu duis aliquip","esse ullamco id","occaecat aliqua voluptate veniam","id","aliquip est esse"}', DEFAULT, DEFAULT, DEFAULT), ('01a97da4-f21e-511b-9160-a834d5d7f82e', 'b5605791-3389-56c2-9ec6-17d538b9bb85', 53, 'unlisted', 'Split Push Blueprint', '{"cupidatat","ad dolore","esse minim"}', DEFAULT, DEFAULT, DEFAULT), ('1c5613fb-a627-5391-a9ff-0cc49d9b395b', 'd00c085d-72d6-5114-a5fd-ba818539c2f7', 56, 'unlisted', 'Early Game Dominance Guide', '{"fugiat veniam commodo dolore fug"}', DEFAULT, DEFAULT, DEFAULT), ('69b55afa-a769-5eae-849b-0607118f6f38', '91434b27-2651-5429-8f42-45c3f8e334a0', 57, 'public', 'Aggressive Rush Strategy', '{"aliqua sunt non aliquip","qui ipsum","proident consectetur","cillum Lorem irure","consectetur et","id commodo aliquip minim ullamco","incididunt"}', DEFAULT, DEFAULT, DEFAULT), ('5653d3f7-e466-5b59-9cc7-02634d975655', '811570ef-0b81-508d-ba05-2f5e812d4131', 60, 'unlisted', 'Wave Management Plan', '{"aliqua exercitation consequat la","do adipisicing qui sunt","id","eu magna exercitation consectetu","do esse"}', DEFAULT, DEFAULT, DEFAULT), ('11917a47-b89e-5663-8d37-049fe2bf5b34', '3ff60d7a-a4ad-54c5-a422-53b52cd53093', 52, 'unlisted', 'Late Game Scaling Strategy', '{"culpa voluptate sit reprehenderi","esse magna sit","est non","irure Lorem Lorem","dolore tempor adipisicing"}', DEFAULT, DEFAULT, DEFAULT), ('c68ff46b-b1a9-581e-aa43-737e3b976580', '8d3f145b-67b0-504d-b49a-d59ecea5d2d8', 53, 'unlisted', 'Objective Focused Strategy', '{"magna veniam ad voluptate","officia occaecat eiusmod","eiusmod magna ad aute","velit"}', DEFAULT, DEFAULT, DEFAULT), ('e8d13e33-32bc-5c1a-9371-8f828965d869', '290e51c6-7ff6-5db4-8f40-69dda051b66c', 56, 'public', 'Early Game Dominance Guide', '{"culpa mollit id","proident consectetur amet dolor ","qui deserunt","dolor eu"}', DEFAULT, DEFAULT, DEFAULT), ('79cca71d-1dd7-5b78-9e31-229bb9872504', 'a88bc9b9-135e-55c7-8c4c-5a072a3c8573', 54, 'public', 'Wave Management Plan', '{"in consectetur","deserunt proident"}', DEFAULT, DEFAULT, DEFAULT), ('cdf1b1e3-61cd-52e6-b86e-eec98ea71e23', '4da5a34b-d621-539d-93ed-4bd842601284', 58, 'private', 'Siege Tactics Handbook', '{"adipisicing ex adipisicing quis"}', DEFAULT, DEFAULT, DEFAULT), ('98ea8abd-4f3f-5750-b436-afb8aa79fb82', '26f7bb6a-3c9c-5b30-b11b-be5ebfb91948', 57, 'private', 'Wave Management Plan', '{"eiusmod enim","ad","amet do Lorem aliquip","irure commodo","eiusmod ad","do cillum quis ad ad"}', DEFAULT, DEFAULT, DEFAULT), ('bc227bd7-3214-5075-bca0-3f60046ac216', 'eecf8a7e-af2f-524d-a645-c5fba3ebda06', 54, 'unlisted', 'Map Control Blueprint', '{"in reprehenderit","culpa dolore eu","voluptate fugiat ipsum","nisi exercitation","est nulla incididunt","eiusmod consequat velit velit","nisi laborum exercitation deseru","ad elit velit","pariatur est"}', DEFAULT, DEFAULT, DEFAULT), ('8fd84214-96a6-5d6c-8437-0646145f15a1', '26f7bb6a-3c9c-5b30-b11b-be5ebfb91948', 54, 'unlisted', 'Split Push Blueprint', '{"mollit incididunt","sit id esse","incididunt labore reprehenderit","eiusmod","deserunt ullamco officia incidid","eu exercitation eu anim","eu mollit deserunt laboris nulla","dolor mollit consequat enim"}', DEFAULT, DEFAULT, DEFAULT), ('7b269807-4fdc-5847-8a5c-807ffa02f953', '5d378209-1fd5-506f-8b3f-511a16489d69', 60, 'public', 'Aggressive Rush Strategy', '{}', DEFAULT, DEFAULT, DEFAULT), ('cf8258c4-f278-5c75-a944-c2bcba526ad4', 'b7a89d05-549f-565f-b631-b59097e91d1a', 59, 'private', 'Objective Focused Strategy', '{"sunt minim"}', DEFAULT, DEFAULT, DEFAULT), ('2e51b4b0-68ac-5e21-94a2-b7afb1b16016', '811570ef-0b81-508d-ba05-2f5e812d4131', 53, 'unlisted', 'Objective Focused Strategy', '{"esse veniam ipsum","consectetur ipsum amet","reprehenderit culpa elit consect"}', DEFAULT, DEFAULT, DEFAULT), ('6e9d8d45-1d4b-5cdd-92c5-76194015ba99', 'd00c085d-72d6-5114-a5fd-ba818539c2f7', 60, 'unlisted', 'Team Fight Execution Plan', '{"esse aliqua nostrud fugiat"}', DEFAULT, DEFAULT, DEFAULT), ('fac7e894-3f38-5663-bc98-486c88732ea4', '92bf5244-388d-5bbf-bd84-1c7ad2efe31b', 59, 'public', 'Objective Focused Strategy', '{"id veniam","eiusmod et exercitation","occaecat ipsum"}', DEFAULT, DEFAULT, DEFAULT), ('7d360079-2c18-5c6d-a1b8-85eb411ace3d', '2d1d7734-be70-5d07-a538-e76c6cae722e', 58, 'unlisted', 'Aggressive Rush Strategy', '{}', DEFAULT, DEFAULT, DEFAULT), ('be194c18-6eee-5ff6-a117-608bade8a86e', '59558fa1-9cc0-5e85-a331-879d76e07f05', 57, 'private', 'Vision Control Blueprint', '{"culpa amet proident","elit commodo"}', DEFAULT, DEFAULT, DEFAULT), ('74297878-a21d-59b7-aced-265d4a9f30fa', 'eecf8a7e-af2f-524d-a645-c5fba3ebda06', 60, 'public', 'Gank Heavy Approach', '{"irure sunt eiusmod","enim officia pariatur aliquip","aute enim quis aliqua eiusmod"}', DEFAULT, DEFAULT, DEFAULT), ('a0c5fdb3-1581-541b-b560-7473e0935643', 'a5831e58-2fc9-5b59-970d-00c344a4eb18', 52, 'unlisted', 'Jungle Control Playbook', '{"eiusmod amet eu voluptate magna","occaecat","veniam sunt","enim officia consectetur","velit adipisicing deserunt","aliquip excepteur excepteur cons","voluptate eiusmod nostrud adipis","adipisicing reprehenderit do ven"}', DEFAULT, DEFAULT, DEFAULT), ('5bf01130-69dd-5547-acc0-717bf1395fda', '8a0a556f-d942-55f0-8ba8-1ffbfaf3c6d9', 60, 'unlisted', 'Vision Control Blueprint', '{"incididunt sint","ut voluptate","exercitation","elit cillum proident non id","laboris quis pariatur aute","veniam anim commodo","minim Lorem"}', DEFAULT, DEFAULT, DEFAULT), ('1e052062-4999-589c-af48-bc4a3df69d05', '853509f0-6836-5fa7-87f2-fb0a9a8766d2', 58, 'private', 'Secure Objective Playbook', '{"in velit velit ex aliquip","cillum dolor id cillum cillum","mollit incididunt ut dolore","velit voluptate","ut sint veniam sunt reprehenderi","fugiat et","cillum id","enim cupidatat","deserunt ipsum ipsum sint"}', DEFAULT, DEFAULT, DEFAULT), ('38b49ca8-b50c-5e98-af9e-9c3898d28f8f', '853509f0-6836-5fa7-87f2-fb0a9a8766d2', 59, 'private', 'Aggressive Rush Strategy', '{"duis reprehenderit veniam","Lorem occaecat"}', DEFAULT, DEFAULT, DEFAULT), ('9b261f2f-f0b0-57c3-9c3a-156a89bfc9aa', '305fa448-c3bf-59c7-a989-19ae69ce0725', 57, 'unlisted', 'Secure Objective Playbook', '{"do incididunt aliquip laboris","non excepteur","proident ut"}', DEFAULT, DEFAULT, DEFAULT), ('2d9d0644-e0d8-5f5d-84c2-071cd2c099ce', '882c7ae5-914f-539d-8207-691de536097f', 51, 'public', 'Defensive Turtle Tactics', '{"veniam","aliquip reprehenderit non esse e","magna dolor et","exercitation","laboris eiusmod","ea nulla do"}', DEFAULT, DEFAULT, DEFAULT), ('b8c7a039-d039-57f7-bd1e-253b05ef8c03', 'd19db439-c7e7-53a7-aa19-0db346180dc1', 52, 'private', 'Vision Denial Blueprint', '{"aliqua ipsum do minim sint","in aute"}', DEFAULT, DEFAULT, DEFAULT), ('110d19c8-9e0d-5f75-a721-b94eb9080526', '8b7e423b-b9b9-5b3c-bf3d-1aa45d16235c', 52, 'private', 'Objective Focused Strategy', '{"quis","nostrud anim ad anim eiusmod"}', DEFAULT, DEFAULT, DEFAULT), ('09923517-e55a-5deb-98cb-d64b27c0ab72', '8926b9fd-34b2-5421-a25c-9cd89c12cad0', 59, 'unlisted', 'Baron Control Strategy', '{"occaecat enim","dolor irure","laboris dolore quis","veniam culpa duis","quis aute ullamco adipisicing","irure id irure ex","aliquip","esse magna eu","quis laboris ea"}', DEFAULT, DEFAULT, DEFAULT), ('e5bd85d5-1f62-5598-9176-4bfd393badbe', '756cbb59-27d6-58f3-b4b9-8b56121e683f', 54, 'public', 'Vision Denial Blueprint', '{}', DEFAULT, DEFAULT, DEFAULT), ('e8eb7547-d359-5d88-afb0-cca98349d023', '19495f2f-99a6-5394-9596-a1d3fb0d3196', 58, 'public', 'Counter Pick Blueprint', '{"exercitation non","nostrud anim consequat irure"}', DEFAULT, DEFAULT, DEFAULT), ('0e4135c9-4c74-5717-9ee1-cbbb37873838', 'de459427-bb2c-5381-bdbf-7126efbb65c9', 60, 'public', 'Team Fight Execution Plan', '{"exercitation magna culpa esse cu","laboris fugiat dolor et","qui proident incididunt","excepteur ex adipisicing Lorem","et","ea elit magna excepteur","consectetur do","esse ut enim exercitation deseru","deserunt ea velit quis"}', DEFAULT, DEFAULT, DEFAULT), ('eb9d24ec-f15e-5e4f-870e-dd537efcd168', '19495f2f-99a6-5394-9596-a1d3fb0d3196', 51, 'private', 'Counter Pick Blueprint', '{"laboris non duis velit","do in aute","eu incididunt nulla","eu anim nostrud veniam","culpa mollit","dolore","anim sint minim consequat quis","anim ut dolor","minim","sunt pariatur dolore"}', DEFAULT, DEFAULT, DEFAULT), ('688a2e3c-848e-5787-bd83-705a15229924', '26f7bb6a-3c9c-5b30-b11b-be5ebfb91948', 53, 'unlisted', 'Counter Pick Blueprint', '{"ipsum sit est proident reprehend","non quis","aliqua in anim","veniam consequat excepteur","nulla consequat","exercitation sunt","laboris sunt reprehenderit ullam"}', DEFAULT, DEFAULT, DEFAULT), ('a042a037-2e40-50ce-ae48-3f063c3067bb', '1e7e0bcb-4fc0-5d72-81a5-d67a74a13595', 58, 'unlisted', 'Roaming Support Plan', '{"commodo irure","non sit fugiat velit","dolore cupidatat qui tempor","commodo velit","magna ex veniam incididunt","commodo","irure qui","pariatur"}', DEFAULT, DEFAULT, DEFAULT), ('cb4eaa5a-1f18-571e-9566-4c1753ad9134', 'd19db439-c7e7-53a7-aa19-0db346180dc1', 54, 'private', 'Vision Control Blueprint', '{"eu nulla ipsum","adipisicing reprehenderit pariat"}', DEFAULT, DEFAULT, DEFAULT), ('2076216c-1b19-5f7f-b10d-db3cae2b4567', '8a0a556f-d942-55f0-8ba8-1ffbfaf3c6d9', 54, 'private', 'Defensive Turtle Tactics', '{"qui non officia non","ex officia","incididunt irure"}', DEFAULT, DEFAULT, DEFAULT), ('a0bd7980-cac4-5ded-adc5-004548282723', 'eda91f04-12ef-5904-88aa-e6ed9a692e03', 52, 'unlisted', 'Vision Control Blueprint', '{"nulla","elit aliqua sint","eu aliquip","eu amet consectetur Lorem amet","enim pariatur anim ad","officia occaecat quis"}', DEFAULT, DEFAULT, DEFAULT), ('e94657cc-5d4a-53ce-8902-19b99712c3c6', '8d3f145b-67b0-504d-b49a-d59ecea5d2d8', 52, 'unlisted', 'Vision Control Blueprint', '{"aliquip","quis sint eu adipisicing","fugiat reprehenderit cillum comm"}', DEFAULT, DEFAULT, DEFAULT), ('cdee6d23-791e-5a74-aba4-6e6c1b3863e7', '91fa3874-9437-5dfa-a49a-f19fb38d9e92', 54, 'unlisted', 'Baron Control Strategy', '{"duis velit aliquip ea","qui mollit","ipsum","cillum nisi minim reprehenderit","dolore fugiat"}', DEFAULT, DEFAULT, DEFAULT), ('d5a4641d-8cbb-5fd0-89e3-ac12979b690c', '549980e7-3e77-5d76-b263-84664d04b209', 54, 'unlisted', 'Secure Objective Playbook', '{}', DEFAULT, DEFAULT, DEFAULT), ('ab58f5b2-4308-5685-a477-a4b54637b2a0', 'e4de1a09-bd9a-5e42-b92c-2cb1af28bec6', 51, 'unlisted', 'Roaming Support Plan', '{"ullamco aliquip","quis ea dolor laborum","reprehenderit minim consectetur ","eiusmod commodo est","Lorem mollit","eu ex irure","commodo dolore veniam"}', DEFAULT, DEFAULT, DEFAULT), ('025da8e7-6d47-53be-9689-b0604284733b', '91fa3874-9437-5dfa-a49a-f19fb38d9e92', 58, 'unlisted', 'Gank Heavy Approach', '{"excepteur elit veniam esse cupid","proident velit quis consectetur","excepteur fugiat enim cupidatat","nisi cillum dolor consequat","nulla anim","esse laboris magna dolor sit","voluptate eu est fugiat velit"}', DEFAULT, DEFAULT, DEFAULT), ('cfc01e92-0e9c-5f58-b116-ac73af2ff344', '1d3f740a-8c60-5c1d-aa9e-3854a33c8e1d', 59, 'private', 'Baron Control Strategy', '{"ut","culpa officia fugiat","dolor dolore elit quis","eu qui excepteur","nulla aute voluptate ipsum","consequat id aliqua","Lorem et","anim consequat","esse anim proident officia"}', DEFAULT, DEFAULT, DEFAULT), ('6c7a0737-5d09-56f1-9a60-9ca811b68d40', 'd9bba68a-079c-5141-bd43-756b87167584', 56, 'public', 'Late Game Scaling Strategy', '{"reprehenderit enim veniam","cillum duis labore","quis officia dolore","ea","cupidatat sunt","voluptate veniam","enim","qui adipisicing id proident","eiusmod nostrud aute Lorem","pariatur excepteur Lorem Lorem"}', DEFAULT, DEFAULT, DEFAULT), ('b74b781d-f3ca-5ce2-a262-c20f23455d05', 'cfbfd1d4-e77f-57e5-94da-e9ff2cc7a996', 51, 'private', 'Team Fight Execution Plan', '{"nulla amet cillum","sit laborum sunt sint","exercitation dolore labore irure","occaecat sit adipisicing","do culpa","officia culpa occaecat do","ullamco minim dolor","ex aliqua"}', DEFAULT, DEFAULT, DEFAULT), ('ae76c1cf-66c9-5bf7-8fc8-d1e1260ab8bd', '3204ce32-7c5b-5953-969e-fe1d17de6e76', 54, 'public', 'Jungle Control Playbook', '{"culpa incididunt aute"}', DEFAULT, DEFAULT, DEFAULT), ('3267d96d-4a33-5c13-9ef8-eb9652f76262', '2d1d7734-be70-5d07-a538-e76c6cae722e', 55, 'public', 'Late Game Scaling Strategy', '{"non aliquip commodo","consectetur labore in","in sit nisi","fugiat Lorem excepteur","esse eu"}', DEFAULT, DEFAULT, DEFAULT), ('272ce823-3f81-5671-93a8-93655178aa67', 'cd7c291a-6d6e-5632-91e5-b7fd7a634d7d', 59, 'unlisted', 'Counter Pick Blueprint', '{"sunt ut amet aliquip","non","ea","enim est Lorem","do minim cillum","sint incididunt","ea nisi minim aliqua nulla","Lorem ipsum nisi labore"}', DEFAULT, DEFAULT, DEFAULT), ('0cd365ac-6479-5889-b532-b02ce5d93b9f', '8a0a556f-d942-55f0-8ba8-1ffbfaf3c6d9', 51, 'unlisted', 'Wave Management Plan', '{"duis est","adipisicing","id minim fugiat","officia amet velit Lorem","proident consectetur fugiat","commodo","est laboris pariatur","et dolor velit"}', DEFAULT, DEFAULT, DEFAULT), ('d1c31a1f-140d-5b01-95f7-3fc15003186c', '290e51c6-7ff6-5db4-8f40-69dda051b66c', 52, 'public', 'Baron Control Strategy', '{"mollit enim aliqua","aliquip pariatur adipisicing exe"}', DEFAULT, DEFAULT, DEFAULT), ('139e14ed-bbf1-5d48-a6cc-84c72c891164', '305fa448-c3bf-59c7-a989-19ae69ce0725', 54, 'unlisted', 'Jungle Control Playbook', '{"incididunt"}', DEFAULT, DEFAULT, DEFAULT), ('586f1ac8-f524-5f8c-88e2-184c02d5ef6d', '882c7ae5-914f-539d-8207-691de536097f', 60, 'private', 'Aggressive Rush Strategy', '{"adipisicing sint commodo","aute nisi incididunt in","sunt sit"}', DEFAULT, DEFAULT, DEFAULT), ('62075432-2441-5ae8-a3d3-0c53f1490707', '19495f2f-99a6-5394-9596-a1d3fb0d3196', 56, 'public', 'Vision Denial Blueprint', '{"officia sit nostrud officia"}', DEFAULT, DEFAULT, DEFAULT), ('7e2a3012-f429-5959-8e79-e27f888f9ce7', 'a5831e58-2fc9-5b59-970d-00c344a4eb18', 53, 'public', 'Baron Control Strategy', '{"ad ut eiusmod","sint ullamco exercitation aliqua","id ut nulla","ex ut","velit sit voluptate mollit"}', DEFAULT, DEFAULT, DEFAULT), ('b8821e56-73f0-54d5-b485-728d64492250', 'd1b8f3f8-af26-5088-8712-273c28ba98f7', 53, 'private', 'Gank Heavy Approach', '{"excepteur laboris nostrud elit","eiusmod nostrud proident cupidat","esse dolor cillum ad"}', DEFAULT, DEFAULT, DEFAULT), ('41c6ea7f-18a9-55e6-b2ba-f0f4f40a17bf', '98eaafd3-adbf-5a3e-adb9-b3fb6971b6f1', 53, 'unlisted', 'Siege Tactics Handbook', '{"incididunt eu elit","esse cillum","minim","irure duis","ullamco eu sunt","tempor minim","qui ut"}', DEFAULT, DEFAULT, DEFAULT), ('6071eb55-6bca-516b-b2e7-cdcdc70b2f27', '882c7ae5-914f-539d-8207-691de536097f', 54, 'private', 'Rotation Strategy Document', '{"sit laboris"}', DEFAULT, DEFAULT, DEFAULT), ('d7cdb9d2-07a6-5208-bc43-84429587c78d', 'a5831e58-2fc9-5b59-970d-00c344a4eb18', 54, 'private', 'Gank Heavy Approach', '{"enim","irure adipisicing eiusmod","irure proident consequat mollit ","laborum anim","officia aliqua","sit laboris ea esse aliqua","aliquip nisi qui consectetur","proident aute duis in ipsum"}', DEFAULT, DEFAULT, DEFAULT), ('edba76b8-16c2-5d65-8407-7c8846b18c8d', '8d3f145b-67b0-504d-b49a-d59ecea5d2d8', 59, 'private', 'Defensive Turtle Tactics', '{"sint velit incididunt elit qui","proident sint consectetur","duis","in adipisicing deserunt aute","quis in","consequat reprehenderit sint rep","tempor anim","elit elit laboris ut"}', DEFAULT, DEFAULT, DEFAULT), ('4961b154-685f-5c2d-b1f1-598100239ea4', '8d3f145b-67b0-504d-b49a-d59ecea5d2d8', 52, 'public', 'Early Game Dominance Guide', '{"labore incididunt amet","laboris non minim cillum","id","eiusmod pariatur sit eu culpa","proident","non ipsum","irure velit","sunt exercitation","cillum sunt","ullamco cillum culpa Lorem"}', DEFAULT, DEFAULT, DEFAULT), ('81b648c1-576c-5086-ba4f-2125060d9cf0', '98eaafd3-adbf-5a3e-adb9-b3fb6971b6f1', 56, 'unlisted', 'Siege Tactics Handbook', '{"veniam deserunt","eiusmod consequat","ex ea qui","do laborum adipisicing do"}', DEFAULT, DEFAULT, DEFAULT), ('edcc20e9-95a3-50eb-b84c-a2ac5801dd1f', '853509f0-6836-5fa7-87f2-fb0a9a8766d2', 57, 'private', 'Objective Focused Strategy', '{"anim","minim eiusmod","id dolore exercitation sint et","deserunt enim","irure id","qui irure nostrud"}', DEFAULT, DEFAULT, DEFAULT), ('0f7963e1-2931-5603-b1f8-5f29e095a36f', 'cfbfd1d4-e77f-57e5-94da-e9ff2cc7a996', 58, 'private', 'Aggressive Rush Strategy', '{"adipisicing dolor commodo nostru","laborum reprehenderit magna aliq","sit in","incididunt velit culpa deserunt","nostrud","deserunt occaecat tempor","amet anim irure tempor","proident enim fugiat","minim dolore dolor in officia","laboris laboris et dolore pariat"}', DEFAULT, DEFAULT, DEFAULT), ('d90cf80e-490d-5c8c-85cc-9c761060fca5', '549980e7-3e77-5d76-b263-84664d04b209', 59, 'public', 'Defensive Turtle Tactics', '{"velit Lorem magna","nisi","dolor consectetur exercitation v","amet ea","sunt aliqua"}', DEFAULT, DEFAULT, DEFAULT), ('84a00f8f-8f65-512e-a89a-396ebb944774', '3ff60d7a-a4ad-54c5-a422-53b52cd53093', 60, 'unlisted', 'Counter Pick Blueprint', '{"ad velit anim","cillum cillum nostrud","ut occaecat adipisicing","aute eiusmod"}', DEFAULT, DEFAULT, DEFAULT), ('24530daa-18f4-5736-824e-740b98d86f84', '2589cf16-4103-5a4f-b544-b30078083eaa', 58, 'public', 'Objective Focused Strategy', '{"cillum tempor","ullamco fugiat sunt et","aliqua in sint","pariatur et in veniam","ut consectetur labore deserunt e","aliqua id eiusmod ad","ad quis","consectetur veniam cillum"}', DEFAULT, DEFAULT, DEFAULT), ('cef44dbb-01f1-53f9-a51f-bce20b8c9729', 'a3141029-aec2-543b-b18a-49fe947e3304', 55, 'private', 'Gank Heavy Approach', '{"occaecat labore officia","laboris ipsum","occaecat","reprehenderit labore exercitatio","irure","eiusmod eiusmod eu"}', DEFAULT, DEFAULT, DEFAULT), ('2f432e43-c578-5d3f-a9f6-658650551fe1', '882c7ae5-914f-539d-8207-691de536097f', 57, 'public', 'Vision Denial Blueprint', '{"ad ullamco","voluptate consectetur qui","commodo incididunt","cillum do ut ut fugiat","in non officia","adipisicing mollit"}', DEFAULT, DEFAULT, DEFAULT), ('9e0ad23d-bafe-536b-a992-47ea353cf3b5', 'd00c085d-72d6-5114-a5fd-ba818539c2f7', 59, 'unlisted', 'Gank Heavy Approach', '{"ut aute","culpa non irure esse deserunt"}', DEFAULT, DEFAULT, DEFAULT), ('ba4f3542-9d48-574a-8df6-823d78106037', '8926b9fd-34b2-5421-a25c-9cd89c12cad0', 55, 'public', 'Defensive Turtle Tactics', '{"laborum aute","commodo adipisicing deserunt","deserunt labore"}', DEFAULT, DEFAULT, DEFAULT), ('d5920fa6-848e-5195-b671-9577ccf74a26', 'a8212e1b-5577-5c28-9c38-2d4fbd753550', 57, 'public', 'Roaming Support Plan', '{"esse","sint mollit","esse dolore esse","sint pariatur eiusmod voluptate ","ullamco commodo consequat","labore sunt nulla","laborum aliqua","do consectetur sit","sit est"}', DEFAULT, DEFAULT, DEFAULT), ('60e1ec45-4b3f-5cd2-b9e9-a6fd50c32391', '19495f2f-99a6-5394-9596-a1d3fb0d3196', 60, 'public', 'Vision Denial Blueprint', '{"voluptate dolor","ex mollit in","culpa exercitation velit esse","qui exercitation dolore velit","ad id proident cillum","laborum esse cillum"}', DEFAULT, DEFAULT, DEFAULT), ('4152396c-eaf9-5aeb-9b7d-6c26ad4d722c', '756cbb59-27d6-58f3-b4b9-8b56121e683f', 58, 'unlisted', 'Defensive Turtle Tactics', '{"laborum occaecat non enim","tempor enim","consequat","nulla deserunt","magna ullamco anim deserunt","aute exercitation nulla commodo","excepteur est","et nostrud tempor laboris"}', DEFAULT, DEFAULT, DEFAULT), ('82c66b9e-374b-5deb-960b-0b761f066806', '2589cf16-4103-5a4f-b544-b30078083eaa', 56, 'public', 'Late Game Scaling Strategy', '{"aliqua incididunt commodo ex qui","aliqua enim duis occaecat","ullamco dolore et sint","incididunt eiusmod duis eu","sunt","sit irure exercitation ex","enim incididunt quis","consectetur esse nostrud eu","minim deserunt id commodo","reprehenderit pariatur non sint"}', DEFAULT, DEFAULT, DEFAULT), ('cb1a8444-be9e-581c-8a1e-9f0d5870d484', 'eecf8a7e-af2f-524d-a645-c5fba3ebda06', 51, 'public', 'Wave Management Plan', '{"commodo ad irure veniam","in culpa commodo","ipsum fugiat consectetur ad","deserunt pariatur","dolore ea esse","incididunt id irure","et culpa elit","deserunt labore elit"}', DEFAULT, DEFAULT, DEFAULT), ('b4086fbf-8b55-5b20-af96-270e53efd260', '19495f2f-99a6-5394-9596-a1d3fb0d3196', 57, 'unlisted', 'Siege Tactics Handbook', '{"consectetur cillum","quis","anim deserunt","magna minim ipsum","non dolor consectetur occaecat"}', DEFAULT, DEFAULT, DEFAULT), ('7dc2a385-02fd-5e9e-8ca3-480d310ce988', '3ff60d7a-a4ad-54c5-a422-53b52cd53093', 52, 'unlisted', 'Late Game Scaling Strategy', '{"consectetur veniam aliquip dolor","culpa sit proident nulla cupidat"}', DEFAULT, DEFAULT, DEFAULT), ('bd010a0a-cb39-59ee-8218-e7f775ac9a01', 'b32027db-33da-5dc2-b906-e0c2a06ac683', 58, 'private', 'Counter Pick Blueprint', '{"laborum amet","commodo ad ea ut","proident ad"}', DEFAULT, DEFAULT, DEFAULT), ('eb100a5e-fbbc-5189-b323-e08ca1ddf4b2', 'cfbfd1d4-e77f-57e5-94da-e9ff2cc7a996', 57, 'public', 'Map Control Blueprint', '{"veniam tempor nulla","fugiat do non","pariatur"}', DEFAULT, DEFAULT, DEFAULT), ('e43c6b3b-10fe-54f2-a09c-2f23976dbe42', '853509f0-6836-5fa7-87f2-fb0a9a8766d2', 53, 'public', 'Counter Pick Blueprint', '{"et velit non","culpa dolore aute","consequat nostrud ipsum cupidata","ipsum voluptate occaecat","voluptate cupidatat excepteur nu","ullamco duis irure commodo"}', DEFAULT, DEFAULT, DEFAULT), ('145f2d17-d2b0-59ee-98c0-d8b6d6c741cd', '19495f2f-99a6-5394-9596-a1d3fb0d3196', 55, 'unlisted', 'Wave Management Plan', '{"dolore veniam","laborum labore laboris quis","magna cupidatat proident","duis","eiusmod deserunt officia irure","culpa officia adipisicing"}', DEFAULT, DEFAULT, DEFAULT), ('27b7fc92-c399-5aec-bc43-ea4a7d41c984', 'cd7c291a-6d6e-5632-91e5-b7fd7a634d7d', 57, 'unlisted', 'Gank Heavy Approach', '{"nostrud aliquip exercitation","aute ad","cupidatat","laboris sint","nostrud sunt ad quis","mollit cupidatat culpa velit"}', DEFAULT, DEFAULT, DEFAULT), ('16e13bc2-bae9-5a1b-a23b-7f2503b73a03', 'e4de1a09-bd9a-5e42-b92c-2cb1af28bec6', 55, 'private', 'Baron Control Strategy', '{"qui excepteur id tempor","nulla voluptate","pariatur","velit cupidatat mollit","aliqua aliqua reprehenderit","nulla cillum esse"}', DEFAULT, DEFAULT, DEFAULT), ('fb9a721d-7da1-577d-a721-ae00139d250b', 'd1b8f3f8-af26-5088-8712-273c28ba98f7', 59, 'unlisted', 'Aggressive Rush Strategy', '{"eu officia laboris mollit tempor","ullamco nisi aliquip","ut","ex consequat dolor aliqua culpa","culpa","incididunt ut esse laborum","ullamco velit est ullamco labore","veniam"}', DEFAULT, DEFAULT, DEFAULT), ('8514b549-2321-5223-bcae-362fbfc61c61', '8b7e423b-b9b9-5b3c-bf3d-1aa45d16235c', 51, 'private', 'Split Push Blueprint', '{"qui aliqua eiusmod cupidatat tem","tempor","cupidatat anim","nulla excepteur","exercitation id","nulla","id laborum aute deserunt","reprehenderit","magna aliquip","tempor ipsum enim excepteur"}', DEFAULT, DEFAULT, DEFAULT), ('8d222d98-29f0-5123-b99d-cc9f19493b20', 'a8212e1b-5577-5c28-9c38-2d4fbd753550', 58, 'public', 'Aggressive Rush Strategy', '{"consequat nostrud","duis cupidatat et eiusmod","aliquip ea officia"}', DEFAULT, DEFAULT, DEFAULT), ('5ba895cd-4107-5c9d-a9cb-bd2d24899776', '26f7bb6a-3c9c-5b30-b11b-be5ebfb91948', 57, 'private', 'Vision Denial Blueprint', '{"nisi mollit","nisi sunt do"}', DEFAULT, DEFAULT, DEFAULT), ('73b23aba-b5e2-5b24-b442-00922b22f275', '8926b9fd-34b2-5421-a25c-9cd89c12cad0', 54, 'private', 'Jungle Control Playbook', '{"non ea ipsum ipsum","ea reprehenderit","est proident sint duis","et sint"}', DEFAULT, DEFAULT, DEFAULT), ('0e1a0168-a26a-5feb-9c91-7bd40d62afcc', '290e51c6-7ff6-5db4-8f40-69dda051b66c', 57, 'private', 'Map Control Blueprint', '{"ipsum proident","eiusmod elit","commodo tempor in","incididunt ad","deserunt velit excepteur","quis duis enim","commodo nulla non tempor"}', DEFAULT, DEFAULT, DEFAULT), ('9348bed0-a52a-59cd-98df-ed8ab48ba4f7', '438bff0e-fd50-5c86-89ee-d397a0c0e548', 56, 'private', 'Defensive Turtle Tactics', '{"velit nostrud aliquip culpa","excepteur qui est","fugiat ipsum officia anim","amet excepteur"}', DEFAULT, DEFAULT, DEFAULT), ('1507f034-16ba-5219-b927-72f72394b9da', '2d1d7734-be70-5d07-a538-e76c6cae722e', 60, 'unlisted', 'Wave Management Plan', '{"aute aliqua","anim sit dolore aute commodo"}', DEFAULT, DEFAULT, DEFAULT), ('3d6517ba-6968-54c9-9934-5dca00f20f48', '1d3f740a-8c60-5c1d-aa9e-3854a33c8e1d', 58, 'private', 'Defensive Turtle Tactics', '{"ullamco esse fugiat aute occaeca","ex ex","culpa enim nostrud","commodo cillum anim dolor exerci","ullamco aute eu in"}', DEFAULT, DEFAULT, DEFAULT), ('253eb1a7-6466-5751-bb80-ba728a9d5688', '6c52c1d9-13a4-51ef-ae51-1dacc4c14be9', 60, 'public', 'Split Push Blueprint', '{"ex incididunt","officia anim","commodo magna magna","ex id ipsum voluptate","officia et aliqua excepteur Lore","ullamco eu voluptate","non proident"}', DEFAULT, DEFAULT, DEFAULT), ('84afba7a-f643-5519-b420-54d83f591e9d', '853509f0-6836-5fa7-87f2-fb0a9a8766d2', 55, 'unlisted', 'Roaming Support Plan', '{"duis non esse ea","anim ea exercitation eu","elit reprehenderit","exercitation quis magna laborum","deserunt amet qui sunt","dolor ex","in excepteur occaecat laboris","ad","do ipsum quis aute velit","nostrud consequat voluptate irur"}', DEFAULT, DEFAULT, DEFAULT), ('59b35be9-9d21-5b79-8875-4954a08d7239', '6c52c1d9-13a4-51ef-ae51-1dacc4c14be9', 55, 'public', 'Late Game Scaling Strategy', '{"consequat tempor proident sit","sit do cillum ut","aliquip duis deserunt Lorem","est exercitation ea consequat","dolore ex ea proident","voluptate cillum ad ut","magna fugiat est duis","ex Lorem consequat laboris cillu"}', DEFAULT, DEFAULT, DEFAULT), ('b3ff9604-63d2-533f-8bbb-d5f0486381ad', 'a5831e58-2fc9-5b59-970d-00c344a4eb18', 55, 'unlisted', 'Rotation Strategy Document', '{"magna nulla anim","eu incididunt eu","culpa voluptate velit","est sint tempor","nostrud quis in","aute ipsum nostrud elit","cupidatat fugiat et","nostrud"}', DEFAULT, DEFAULT, DEFAULT), ('bcc899da-7629-5e0e-b560-5f5f6e7060e1', 'ac9f0e3e-b030-584f-a8dd-87355fe22537', 59, 'private', 'Counter Pick Blueprint', '{"id aliqua","officia","dolor adipisicing et","consectetur do","Lorem qui ullamco eu eu","irure qui do"}', DEFAULT, DEFAULT, DEFAULT), ('96dbca51-d731-5e2c-a3d4-62e8f0faa072', '92bf5244-388d-5bbf-bd84-1c7ad2efe31b', 55, 'unlisted', 'Map Control Blueprint', '{"ad commodo qui cupidatat non","consequat minim eu aliqua","cupidatat veniam excepteur volup","aute cillum cupidatat non","ut culpa"}', DEFAULT, DEFAULT, DEFAULT), ('fc633e1f-14b8-590b-a0ba-c22147aaeeb4', '9bf2ad50-cccb-50eb-8269-3a7e78bd21f5', 56, 'private', 'Secure Objective Playbook', '{"ea incididunt magna aliquip et","amet cillum","exercitation"}', DEFAULT, DEFAULT, DEFAULT), ('49af1081-9f3e-5569-af2e-1029eb808baf', '6c52c1d9-13a4-51ef-ae51-1dacc4c14be9', 54, 'public', 'Late Game Scaling Strategy', '{"deserunt voluptate nulla","ad non in","amet consequat ipsum","eu officia deserunt","et","non consectetur do","ullamco est","officia veniam"}', DEFAULT, DEFAULT, DEFAULT), ('28c7fcd5-dc0b-528f-92f0-3e19e7b94b50', 'b7a89d05-549f-565f-b631-b59097e91d1a', 59, 'public', 'Gank Heavy Approach', '{"laboris pariatur elit dolore","minim ea","exercitation culpa consectetur","duis non enim anim officia","do nulla quis laborum","fugiat aliqua","Lorem anim commodo","exercitation mollit tempor"}', DEFAULT, DEFAULT, DEFAULT), ('38780d0a-620c-5420-b84b-aa917e5db8c1', 'cd7c291a-6d6e-5632-91e5-b7fd7a634d7d', 51, 'unlisted', 'Aggressive Rush Strategy', '{"deserunt nulla","tempor id","enim esse","in dolore consequat do","consequat","laborum labore eu eu ullamco","tempor"}', DEFAULT, DEFAULT, DEFAULT), ('535c1e86-4fb0-59ea-8076-b54244994b61', '290e51c6-7ff6-5db4-8f40-69dda051b66c', 56, 'unlisted', 'Split Push Blueprint', '{"cillum amet","commodo mollit minim","cillum ex minim labore voluptate","fugiat tempor ipsum tempor in","minim ea","nulla Lorem mollit","commodo magna","aliquip pariatur reprehenderit s","non dolor amet"}', DEFAULT, DEFAULT, DEFAULT), ('5e181f1c-b93c-59a3-a161-c4d4e29f775e', '3ff60d7a-a4ad-54c5-a422-53b52cd53093', 54, 'unlisted', 'Secure Objective Playbook', '{"aliqua laboris officia","commodo et","esse irure aute esse","excepteur proident","cillum ullamco","excepteur duis","non mollit ad"}', DEFAULT, DEFAULT, DEFAULT), ('0cd34502-daee-52d8-b8a4-7aa032065e8a', '3204ce32-7c5b-5953-969e-fe1d17de6e76', 52, 'public', 'Objective Focused Strategy', '{}', DEFAULT, DEFAULT, DEFAULT), ('6c9b6808-e737-5f8f-b196-93c0598b34b9', 'b7a89d05-549f-565f-b631-b59097e91d1a', 57, 'public', 'Roaming Support Plan', '{"deserunt veniam","aliquip aute sint","laboris enim est et occaecat","exercitation","est esse fugiat magna","ipsum occaecat adipisicing","ullamco eu excepteur"}', DEFAULT, DEFAULT, DEFAULT), ('f498173a-b4a1-5b37-ad0b-67596b4fe0ac', '36f6f3ba-e867-5008-b6c1-829e989f9d2f', 58, 'unlisted', 'Siege Tactics Handbook', '{"occaecat culpa exercitation eius","cupidatat eiusmod","officia exercitation do","culpa duis velit in aute","tempor","deserunt dolore"}', DEFAULT, DEFAULT, DEFAULT), ('b0d542cd-fe80-5cad-9bd6-a81d0ed1c2f4', 'a3141029-aec2-543b-b18a-49fe947e3304', 58, 'unlisted', 'Vision Control Blueprint', '{"commodo ea dolore deserunt","quis dolor","laboris","in labore esse","nisi reprehenderit esse aute","mollit ex irure officia elit","cillum reprehenderit","laborum non"}', DEFAULT, DEFAULT, DEFAULT), ('cd506b7e-0f7c-526c-b650-bb799376c313', '290e51c6-7ff6-5db4-8f40-69dda051b66c', 52, 'unlisted', 'Gank Heavy Approach', '{}', DEFAULT, DEFAULT, DEFAULT), ('d625f518-4ec3-51e2-95c0-6cf965668d68', '26f7bb6a-3c9c-5b30-b11b-be5ebfb91948', 58, 'public', 'Wave Management Plan', '{"eiusmod consequat in","nisi"}', DEFAULT, DEFAULT, DEFAULT), ('66b76653-1cc5-50ef-a109-c059c945f253', '882c7ae5-914f-539d-8207-691de536097f', 59, 'private', 'Team Fight Execution Plan', '{"commodo occaecat culpa anim nisi"}', DEFAULT, DEFAULT, DEFAULT), ('a6dbcc80-e965-5682-9448-6a65a83787b3', '9b1fc781-1e4e-56d2-bd68-0dc257a319c0', 51, 'public', 'Roaming Support Plan', '{"ex elit","amet enim nostrud","et exercitation","excepteur"}', DEFAULT, DEFAULT, DEFAULT), ('c4d9fc37-aa2c-5cf4-8cef-779723958882', '8926b9fd-34b2-5421-a25c-9cd89c12cad0', 59, 'unlisted', 'Vision Control Blueprint', '{}', DEFAULT, DEFAULT, DEFAULT), ('cbdcc83c-77a1-5d75-ace8-183321930672', 'd00c085d-72d6-5114-a5fd-ba818539c2f7', 53, 'private', 'Map Control Blueprint', '{"nulla amet","aliqua"}', DEFAULT, DEFAULT, DEFAULT), ('46b593cf-05b9-5316-ba74-ef4cf062dcc9', '4da5a34b-d621-539d-93ed-4bd842601284', 55, 'unlisted', 'Vision Control Blueprint', '{}', DEFAULT, DEFAULT, DEFAULT), ('1770dbe6-c529-520b-a36c-454b023ccb2c', '98eaafd3-adbf-5a3e-adb9-b3fb6971b6f1', 56, 'public', 'Roaming Support Plan', '{"et"}', DEFAULT, DEFAULT, DEFAULT), ('65973815-006c-531b-b69f-bd5d086f7786', '9b1fc781-1e4e-56d2-bd68-0dc257a319c0', 58, 'unlisted', 'Wave Management Plan', '{"sunt pariatur sunt ipsum","laboris ullamco culpa minim","commodo aliqua et eu"}', DEFAULT, DEFAULT, DEFAULT), ('0cd413aa-1a82-5832-9edb-17fd5c059a41', '92bf5244-388d-5bbf-bd84-1c7ad2efe31b', 60, 'private', 'Vision Denial Blueprint', '{"nisi adipisicing reprehenderit t","in ullamco deserunt sint est","pariatur occaecat amet","Lorem laboris eiusmod ullamco","nostrud sit","amet ullamco enim deserunt labor","dolor reprehenderit occaecat do "}', DEFAULT, DEFAULT, DEFAULT), ('5153bc7b-cd04-5c5e-83e9-7b7a5a1390e6', '91434b27-2651-5429-8f42-45c3f8e334a0', 54, 'public', 'Roaming Support Plan', '{"velit ut cillum deserunt","cupidatat amet eu","magna nisi tempor cillum"}', DEFAULT, DEFAULT, DEFAULT), ('bd276dfa-2ddb-52c7-9feb-6d2cc281335e', '59558fa1-9cc0-5e85-a331-879d76e07f05', 52, 'private', 'Map Control Blueprint', '{"ipsum deserunt magna","laborum fugiat pariatur nulla","magna occaecat nisi veniam aliqu","pariatur amet","voluptate non ea id","Lorem eu occaecat mollit","cillum veniam occaecat fugiat","ipsum nisi aliquip esse dolore"}', DEFAULT, DEFAULT, DEFAULT), ('12cafb5f-6adc-5f24-a738-9455dde3eb2a', '91434b27-2651-5429-8f42-45c3f8e334a0', 52, 'public', 'Wave Management Plan', '{}', DEFAULT, DEFAULT, DEFAULT), ('e017f166-fa51-5fb5-af86-6fc41cad9674', '305fa448-c3bf-59c7-a989-19ae69ce0725', 52, 'private', 'Secure Objective Playbook', '{"fugiat tempor magna eu","sit","ut eiusmod deserunt reprehenderi","cupidatat","aliquip","ea aliquip"}', DEFAULT, DEFAULT, DEFAULT), ('544f27bb-a8e9-5b6b-8ec7-f1cfe91406e2', '8d3f145b-67b0-504d-b49a-d59ecea5d2d8', 55, 'public', 'Wave Management Plan', '{"qui eu nulla anim","laboris","anim pariatur officia duis"}', DEFAULT, DEFAULT, DEFAULT), ('a704d0a7-ee9e-5aa5-bba9-aff3556d41a2', '19495f2f-99a6-5394-9596-a1d3fb0d3196', 55, 'private', 'Wave Management Plan', '{"ullamco","ut nisi","duis laboris","ut","cupidatat pariatur proident","ex fugiat consectetur cillum","sunt incididunt proident","laborum incididunt veniam tempor","labore do dolor nisi"}', DEFAULT, DEFAULT, DEFAULT), ('a758f3b0-169f-56a9-80db-acb9f3972464', 'a88bc9b9-135e-55c7-8c4c-5a072a3c8573', 52, 'public', 'Defensive Turtle Tactics', '{"consectetur officia","tempor in eu minim","voluptate adipisicing sunt"}', DEFAULT, DEFAULT, DEFAULT), ('1ebb07c2-9cc9-56df-b9e3-71837bafdca1', 'a3141029-aec2-543b-b18a-49fe947e3304', 55, 'unlisted', 'Early Game Dominance Guide', '{"enim quis ea culpa","sint excepteur sint duis","esse labore ipsum minim minim","id labore","deserunt aliqua quis","sunt esse nisi","officia adipisicing sit sint","tempor dolore","mollit ex laborum sunt enim","culpa amet exercitation"}', DEFAULT, DEFAULT, DEFAULT), ('217c4ba5-3ca5-503f-8fcd-2cf91341f163', '8b7e423b-b9b9-5b3c-bf3d-1aa45d16235c', 59, 'public', 'Vision Control Blueprint', '{"veniam","reprehenderit anim incididunt al","qui exercitation occaecat sit do"}', DEFAULT, DEFAULT, DEFAULT), ('63c64b00-d130-5928-b403-258ebdb17248', 'e4de1a09-bd9a-5e42-b92c-2cb1af28bec6', 59, 'private', 'Early Game Dominance Guide', '{"ut sint eiusmod id anim","reprehenderit reprehenderit sunt","enim mollit culpa velit est"}', DEFAULT, DEFAULT, DEFAULT), ('0deb1a0e-8f26-576f-af23-e26ef824ea0b', '2d1d7734-be70-5d07-a538-e76c6cae722e', 60, 'unlisted', 'Split Push Blueprint', '{"exercitation minim","in ipsum laboris incididunt","in quis","velit irure labore","cupidatat laborum","mollit ad laborum magna","et labore quis","anim et","sit Lorem enim"}', DEFAULT, DEFAULT, DEFAULT), ('924718ca-0525-5af0-b71a-2560f2cc09a0', 'b7a89d05-549f-565f-b631-b59097e91d1a', 58, 'public', 'Map Control Blueprint', '{"laboris proident elit est","nisi commodo fugiat aute","sunt nisi occaecat in","cupidatat","irure ullamco tempor"}', DEFAULT, DEFAULT, DEFAULT), ('877842c0-f0dc-575b-a7ad-30915aaaeebe', 'd19db439-c7e7-53a7-aa19-0db346180dc1', 52, 'private', 'Secure Objective Playbook', '{"cillum ipsum et nostrud laboris","adipisicing non","elit aute sit aute","veniam","laborum id amet occaecat","dolore nostrud enim","consequat magna","non proident elit","est sunt"}', DEFAULT, DEFAULT, DEFAULT), ('ebce0b2a-b558-5f18-bddc-2af385fe3118', 'a3141029-aec2-543b-b18a-49fe947e3304', 55, 'unlisted', 'Baron Control Strategy', '{}', DEFAULT, DEFAULT, DEFAULT), ('67f00577-22b1-541a-b8eb-43f4241ec322', '8a0a556f-d942-55f0-8ba8-1ffbfaf3c6d9', 52, 'private', 'Objective Focused Strategy', '{"esse dolor in","pariatur labore laboris esse","ea elit pariatur","consectetur sit voluptate conseq","nostrud esse ea","mollit cupidatat ullamco","ullamco amet officia","irure in officia nostrud"}', DEFAULT, DEFAULT, DEFAULT), ('5c1d9b7d-9f54-545c-ae19-f60dd5ff1d25', 'b5605791-3389-56c2-9ec6-17d538b9bb85', 53, 'unlisted', 'Aggressive Rush Strategy', '{"exercitation consequat consectet","incididunt commodo tempor","voluptate nisi velit reprehender"}', DEFAULT, DEFAULT, DEFAULT), ('339c2395-3fcf-5f3b-90ec-90611b01fa37', 'eecf8a7e-af2f-524d-a645-c5fba3ebda06', 55, 'public', 'Early Game Dominance Guide', '{"et sint dolor","esse ullamco labore sint","ex consectetur","incididunt sint dolor id","ipsum fugiat dolor culpa","duis do sit ea dolore","mollit excepteur et cupidatat"}', DEFAULT, DEFAULT, DEFAULT), ('3e26da35-99ab-5fee-95a6-ca3120af490b', '26f7bb6a-3c9c-5b30-b11b-be5ebfb91948', 59, 'unlisted', 'Vision Control Blueprint', '{"veniam est veniam","est magna","quis nulla aliqua","sint velit pariatur","incididunt do officia"}', DEFAULT, DEFAULT, DEFAULT), ('540a4921-798c-58f1-8dda-fbb9b912bb43', 'b7a89d05-549f-565f-b631-b59097e91d1a', 60, 'unlisted', 'Vision Denial Blueprint', '{"ex deserunt quis Lorem consequat","sit","et velit amet nisi","enim mollit est nostrud mollit","velit cupidatat proident dolore","amet nisi sunt ea nostrud","reprehenderit incididunt","cillum anim"}', DEFAULT, DEFAULT, DEFAULT), ('81b847bf-bc05-538e-bdc5-721f48634b78', '1d3f740a-8c60-5c1d-aa9e-3854a33c8e1d', 52, 'unlisted', 'Gank Heavy Approach', '{"excepteur nostrud aute dolore","laboris ullamco","quis adipisicing laborum eu","proident Lorem duis officia","qui aliqua culpa culpa","laborum Lorem aute proident cons","tempor duis"}', DEFAULT, DEFAULT, DEFAULT), ('2c9d2493-4412-5eae-aa39-69858c4bfd99', 'b32027db-33da-5dc2-b906-e0c2a06ac683', 58, 'private', 'Gank Heavy Approach', '{"voluptate amet aute","amet aute sint eu minim"}', DEFAULT, DEFAULT, DEFAULT), ('51ef9256-0eab-579a-868b-52c27ddf10e9', '1d3f740a-8c60-5c1d-aa9e-3854a33c8e1d', 54, 'unlisted', 'Early Game Dominance Guide', '{"ullamco nulla nostrud est","non enim nostrud","sit sint nulla","minim culpa pariatur","non ad eiusmod ipsum","laborum reprehenderit"}', DEFAULT, DEFAULT, DEFAULT), ('d6ceb82b-4af2-5d8a-96c1-8d6a9db93a31', '8b7e423b-b9b9-5b3c-bf3d-1aa45d16235c', 52, 'public', 'Aggressive Rush Strategy', '{"aliquip","non pariatur eiusmod quis nulla","nulla aliquip consequat","cillum consectetur quis Lorem","anim elit magna","aliquip veniam","incididunt","ipsum aliqua consequat duis","esse dolore amet velit sunt","cillum reprehenderit occaecat"}', DEFAULT, DEFAULT, DEFAULT), ('01ae0a36-6172-5c0a-baff-6c1805e0976a', '438bff0e-fd50-5c86-89ee-d397a0c0e548', 59, 'public', 'Wave Management Plan', '{"in incididunt ut","labore cillum do proident non","commodo aliquip","laborum sit labore","nisi"}', DEFAULT, DEFAULT, DEFAULT), ('df70af8b-9578-5bd7-9fd6-02ad92eaedca', '8b7e423b-b9b9-5b3c-bf3d-1aa45d16235c', 59, 'unlisted', 'Gank Heavy Approach', '{"cupidatat ipsum velit dolor","non nisi ea incididunt","reprehenderit sunt esse sunt","sunt","voluptate tempor esse veniam","exercitation in tempor","culpa quis","est elit"}', DEFAULT, DEFAULT, DEFAULT), ('82fca927-01aa-5c29-8d7a-7a868f9ba6ea', '853509f0-6836-5fa7-87f2-fb0a9a8766d2', 55, 'public', 'Rotation Strategy Document', '{"tempor","officia laboris anim culpa qui","commodo eiusmod irure"}', DEFAULT, DEFAULT, DEFAULT), ('4e5550d4-d39a-56c3-8f19-971fdeeb787e', '1d3f740a-8c60-5c1d-aa9e-3854a33c8e1d', 54, 'unlisted', 'Vision Denial Blueprint', '{"veniam","ex nostrud occaecat"}', DEFAULT, DEFAULT, DEFAULT), ('83ec5ac5-8c23-5e38-8151-36af62098fff', '8a0a556f-d942-55f0-8ba8-1ffbfaf3c6d9', 51, 'private', 'Siege Tactics Handbook', '{"in officia nulla irure","ex anim"}', DEFAULT, DEFAULT, DEFAULT), ('d1996167-52fb-5e4a-b849-75efada773e6', '3ff60d7a-a4ad-54c5-a422-53b52cd53093', 53, 'unlisted', 'Defensive Turtle Tactics', '{"enim esse id","in incididunt deserunt labore Lo","est consequat","sit voluptate","duis et nostrud esse","velit ea","non anim elit","esse commodo consectetur","consequat et sit ipsum"}', DEFAULT, DEFAULT, DEFAULT), ('1818e464-6a87-5266-8677-c069741c3ab2', '882c7ae5-914f-539d-8207-691de536097f', 57, 'unlisted', 'Vision Control Blueprint', '{"enim consectetur proident nulla","sit et ut","adipisicing occaecat consectetur","exercitation proident id ad ex","occaecat ut incididunt ipsum","qui","non pariatur","duis consequat labore ullamco","nisi quis cupidatat ullamco"}', DEFAULT, DEFAULT, DEFAULT), ('13ebb239-29e1-53ff-93b0-d55e3db05a11', '2589cf16-4103-5a4f-b544-b30078083eaa', 51, 'unlisted', 'Baron Control Strategy', '{"eiusmod ullamco fugiat pariatur ","pariatur reprehenderit est","enim laboris duis cillum","aliqua pariatur cillum","nostrud minim voluptate laboris","quis do"}', DEFAULT, DEFAULT, DEFAULT), ('a0a63713-f2dd-56aa-98a3-f6a26bcae5b9', '5d378209-1fd5-506f-8b3f-511a16489d69', 60, 'unlisted', 'Jungle Control Playbook', '{"velit proident minim aliqua","aute laborum commodo aute","ut dolor laboris anim amet"}', DEFAULT, DEFAULT, DEFAULT), ('4029bbad-86a6-5e60-a150-da0664c62b92', 'b7a89d05-549f-565f-b631-b59097e91d1a', 52, 'private', 'Team Fight Execution Plan', '{"reprehenderit ipsum labore cupid","dolore duis"}', DEFAULT, DEFAULT, DEFAULT), ('6636a6a8-3a2d-5862-bb24-3e77bffdb640', '26f7bb6a-3c9c-5b30-b11b-be5ebfb91948', 58, 'private', 'Wave Management Plan', '{"anim eu","veniam culpa","cupidatat deserunt","fugiat","eu deserunt enim","laboris","excepteur"}', DEFAULT, DEFAULT, DEFAULT), ('4ba85443-f89e-5d68-8d4a-da572969b0dd', '882c7ae5-914f-539d-8207-691de536097f', 59, 'public', 'Split Push Blueprint', '{"ullamco consequat","esse minim Lorem mollit","minim aliqua","et dolor pariatur"}', DEFAULT, DEFAULT, DEFAULT), ('55fbf0ae-1fd2-57d5-9884-2ceca8eef8f3', '98eaafd3-adbf-5a3e-adb9-b3fb6971b6f1', 53, 'unlisted', 'Team Fight Execution Plan', '{"pariatur"}', DEFAULT, DEFAULT, DEFAULT), ('c91a5204-a47c-5f58-8042-f917f2facb4b', 'a3141029-aec2-543b-b18a-49fe947e3304', 59, 'public', 'Late Game Scaling Strategy', '{"ullamco voluptate voluptate dese","esse enim eiusmod nostrud","in duis","ea voluptate","velit deserunt","deserunt dolore sunt ut elit","anim exercitation veniam non in"}', DEFAULT, DEFAULT, DEFAULT), ('fdca53a8-e101-5585-90b8-82f7d3c1fc24', 'd19db439-c7e7-53a7-aa19-0db346180dc1', 59, 'public', 'Jungle Control Playbook', '{"exercitation tempor ad","nostrud dolore tempor cillum","eiusmod aliquip","quis voluptate","dolore reprehenderit et exercita","esse","ut enim eiusmod","dolore eu"}', DEFAULT, DEFAULT, DEFAULT), ('a76c18ad-af72-57b7-b165-f7757943d51e', 'b5605791-3389-56c2-9ec6-17d538b9bb85', 59, 'unlisted', 'Jungle Control Playbook', '{"nisi","sunt et dolore","voluptate","laborum qui commodo","veniam"}', DEFAULT, DEFAULT, DEFAULT), ('bf7ffe87-c4e2-5aa1-86f7-2fdfa8315ff6', '811570ef-0b81-508d-ba05-2f5e812d4131', 54, 'unlisted', 'Gank Heavy Approach', '{"nostrud commodo","excepteur nostrud mollit excepte","ut","consequat cillum exercitation ir","aliqua tempor ad","commodo fugiat","qui ullamco sunt ea labore"}', DEFAULT, DEFAULT, DEFAULT), ('764f06ba-b246-5c62-8e43-89fe991c749d', '8a0a556f-d942-55f0-8ba8-1ffbfaf3c6d9', 55, 'public', 'Secure Objective Playbook', '{"officia reprehenderit","consequat magna","ullamco","et laboris do esse","dolore esse","velit laboris minim nulla","amet tempor","esse labore velit","aliqua excepteur aliquip id","et nostrud dolor aliquip"}', DEFAULT, DEFAULT, DEFAULT), ('229d48f9-9e17-5f91-bd2c-3f3cdbae28c1', '91434b27-2651-5429-8f42-45c3f8e334a0', 58, 'public', 'Counter Pick Blueprint', '{"ut proident","eiusmod esse aute voluptate proi","enim duis laborum tempor","dolore","aliqua officia ullamco excepteur","id officia occaecat fugiat"}', DEFAULT, DEFAULT, DEFAULT), ('505fdba9-c563-5897-bd99-f3fd7e6efb10', '36f6f3ba-e867-5008-b6c1-829e989f9d2f', 53, 'private', 'Map Control Blueprint', '{"tempor nulla sint exercitation","id ea quis sunt ipsum","id pariatur laboris","eu nulla"}', DEFAULT, DEFAULT, DEFAULT), ('ad47e58b-6404-5eb4-b01c-1ab02b3af226', '1d3f740a-8c60-5c1d-aa9e-3854a33c8e1d', 59, 'private', 'Gank Heavy Approach', '{"ad ullamco sint eiusmod","esse incididunt dolor","cupidatat","ullamco pariatur ullamco","non aliqua laborum","Lorem esse aliqua nulla non","in sint magna aliqua reprehender","nulla do aliqua occaecat","occaecat sunt","velit incididunt id non"}', DEFAULT, DEFAULT, DEFAULT), ('4ae4f149-a1da-5a76-913f-5ea02c87f4e0', 'e4de1a09-bd9a-5e42-b92c-2cb1af28bec6', 53, 'unlisted', 'Counter Pick Blueprint', '{"duis enim","elit","elit velit consectetur duis","id et deserunt","officia ullamco","do excepteur","velit voluptate et","dolore sint aliqua nisi","voluptate pariatur"}', DEFAULT, DEFAULT, DEFAULT), ('a85217e5-f8d6-5dd0-996b-8464fa1021ff', '438bff0e-fd50-5c86-89ee-d397a0c0e548', 59, 'public', 'Counter Pick Blueprint', '{"in quis consectetur elit","aliquip elit veniam laboris","sunt officia","voluptate elit ex","veniam ipsum adipisicing","duis laboris dolor duis","cillum irure culpa","ad veniam esse incididunt"}', DEFAULT, DEFAULT, DEFAULT), ('b21411a7-0afc-5cf3-81fc-471ab95f5d8d', '8926b9fd-34b2-5421-a25c-9cd89c12cad0', 58, 'unlisted', 'Vision Denial Blueprint', '{"laborum duis occaecat","est irure quis deserunt in"}', DEFAULT, DEFAULT, DEFAULT), ('d37fd98f-746a-582e-a0fc-de28d96e48c5', '882c7ae5-914f-539d-8207-691de536097f', 51, 'public', 'Siege Tactics Handbook', '{"quis consequat consectetur labor","sit et","irure mollit Lorem esse eu","ex ea magna velit veniam","anim nulla","labore tempor enim","occaecat dolore Lorem adipisicin","magna aute cillum cillum nostrud","ut deserunt consectetur amet pro"}', DEFAULT, DEFAULT, DEFAULT), ('2dc53ff7-923f-50df-a732-82b60afbba2f', '305fa448-c3bf-59c7-a989-19ae69ce0725', 58, 'unlisted', 'Roaming Support Plan', '{"ad cillum reprehenderit","ullamco culpa velit","Lorem ex aliquip","eu est","occaecat nulla dolor dolor","deserunt tempor adipisicing","fugiat amet ut cupidatat ex","ipsum sint commodo ea dolor","ea aliqua ullamco","labore enim aute"}', DEFAULT, DEFAULT, DEFAULT), ('f9690101-a16f-5108-b391-78c9dba8aeee', 'b5605791-3389-56c2-9ec6-17d538b9bb85', 56, 'unlisted', 'Late Game Scaling Strategy', '{"cupidatat exercitation"}', DEFAULT, DEFAULT, DEFAULT), ('7441a375-e1c1-5111-b299-b73d6da10ca2', 'cd7c291a-6d6e-5632-91e5-b7fd7a634d7d', 52, 'unlisted', 'Vision Denial Blueprint', '{"sunt ad sunt","commodo pariatur dolore adipisic","dolor et occaecat","laborum adipisicing anim consequ"}', DEFAULT, DEFAULT, DEFAULT), ('ca1d2bcf-5a98-5759-81b6-75e3ed47122a', '92bf5244-388d-5bbf-bd84-1c7ad2efe31b', 52, 'private', 'Objective Focused Strategy', '{"in","magna deserunt quis","adipisicing quis reprehenderit L","nostrud","qui excepteur eu occaecat"}', DEFAULT, DEFAULT, DEFAULT), ('77b1dab4-a856-5c18-bb24-053f8869bc5b', '3ff60d7a-a4ad-54c5-a422-53b52cd53093', 54, 'private', 'Rotation Strategy Document', '{"consequat fugiat ullamco sunt do"}', DEFAULT, DEFAULT, DEFAULT), ('08b3c695-d6fb-54e4-9ef2-bf508a57adc1', 'de459427-bb2c-5381-bdbf-7126efbb65c9', 56, 'public', 'Aggressive Rush Strategy', '{"qui excepteur Lorem laborum","adipisicing minim nulla eiusmod","nulla nulla culpa","nulla","consectetur anim commodo ad labo"}', DEFAULT, DEFAULT, DEFAULT), ('7dc16d02-274a-5e7f-bc31-6af29982313f', '5d378209-1fd5-506f-8b3f-511a16489d69', 57, 'private', 'Late Game Scaling Strategy', '{"do irure Lorem Lorem","reprehenderit","veniam aliquip culpa voluptate n","occaecat id ea eu sint","anim enim ipsum incididunt","exercitation id anim","Lorem laboris ullamco nostrud si","velit est non","aliquip et"}', DEFAULT, DEFAULT, DEFAULT), ('acad405c-f8e9-559b-bd11-e0ffc3bebca6', '4da5a34b-d621-539d-93ed-4bd842601284', 51, 'unlisted', 'Siege Tactics Handbook', '{"cupidatat","duis eiusmod cupidatat qui"}', DEFAULT, DEFAULT, DEFAULT), ('16d95573-87cd-5d45-be45-e8a020ba40ac', 'd9bba68a-079c-5141-bd43-756b87167584', 51, 'private', 'Counter Pick Blueprint', '{"dolor labore","proident reprehenderit","voluptate enim ex","elit minim amet esse","amet labore","ullamco occaecat","adipisicing elit officia"}', DEFAULT, DEFAULT, DEFAULT), ('5a993b43-eca0-563f-b6c9-fdd440759e85', 'cfbfd1d4-e77f-57e5-94da-e9ff2cc7a996', 55, 'unlisted', 'Team Fight Execution Plan', '{"cillum anim labore","cillum et","ad non reprehenderit","commodo tempor","qui eiusmod","veniam duis reprehenderit elit","in amet pariatur ipsum","exercitation"}', DEFAULT, DEFAULT, DEFAULT), ('f7bfc2c8-d52a-5806-97fd-77bd67d93b23', '6c52c1d9-13a4-51ef-ae51-1dacc4c14be9', 53, 'unlisted', 'Counter Pick Blueprint', '{"adipisicing reprehenderit ea dol","est incididunt aliqua duis","sit eiusmod","ea","elit officia"}', DEFAULT, DEFAULT, DEFAULT), ('748d5a8c-f2bf-5974-9c72-24f98b85813b', 'b5605791-3389-56c2-9ec6-17d538b9bb85', 52, 'private', 'Defensive Turtle Tactics', '{"duis sint enim reprehenderit","nostrud","Lorem ut","adipisicing sit nisi nostrud eu","reprehenderit consequat"}', DEFAULT, DEFAULT, DEFAULT), ('808d9117-ba04-5cb0-8827-639e2642b0ee', '756cbb59-27d6-58f3-b4b9-8b56121e683f', 58, 'public', 'Team Fight Execution Plan', '{"aute aliqua dolore","sint dolor","aliqua","est enim","ex pariatur","dolor ad amet labore commodo","occaecat ex","ex velit voluptate enim dolor"}', DEFAULT, DEFAULT, DEFAULT), ('e0185351-5b08-58b2-bd3e-c09965750112', '1e7e0bcb-4fc0-5d72-81a5-d67a74a13595', 59, 'public', 'Roaming Support Plan', '{"id magna est","excepteur ex excepteur","nostrud laborum commodo do volup","voluptate laborum dolor nisi"}', DEFAULT, DEFAULT, DEFAULT), ('993f7ab3-9b54-5771-a99e-0c6d75a1f37d', 'd297ab9e-40d4-51b5-bb8f-a1df399f1a9a', 54, 'unlisted', 'Late Game Scaling Strategy', '{"cillum ea est Lorem sit"}', DEFAULT, DEFAULT, DEFAULT), ('bdb5114a-76d3-5fe4-944c-043e7ebd99da', '8a0a556f-d942-55f0-8ba8-1ffbfaf3c6d9', 58, 'public', 'Baron Control Strategy', '{"eiusmod consequat consectetur ci","esse culpa dolor anim","ipsum","esse","do et dolor labore deserunt","irure occaecat ipsum sunt sit","ad excepteur","exercitation excepteur ipsum cup"}', DEFAULT, DEFAULT, DEFAULT), ('aa4964a1-4611-5528-9df9-ef170866214f', '1d3f740a-8c60-5c1d-aa9e-3854a33c8e1d', 53, 'unlisted', 'Baron Control Strategy', '{"incididunt occaecat"}', DEFAULT, DEFAULT, DEFAULT), ('ec14513a-7d3c-5172-b68b-d531791ec9de', 'a3141029-aec2-543b-b18a-49fe947e3304', 57, 'private', 'Aggressive Rush Strategy', '{"consectetur Lorem excepteur"}', DEFAULT, DEFAULT, DEFAULT), ('a0f81f50-aa3d-5780-b485-a54fb7b7833a', '853509f0-6836-5fa7-87f2-fb0a9a8766d2', 60, 'private', 'Team Fight Execution Plan', '{"eiusmod tempor quis dolore","ullamco quis","fugiat","ad do exercitation laboris","anim","ullamco occaecat"}', DEFAULT, DEFAULT, DEFAULT), ('aabd5608-e04b-5bd8-8d75-d004a1b17409', 'd297ab9e-40d4-51b5-bb8f-a1df399f1a9a', 60, 'unlisted', 'Objective Focused Strategy', '{"officia eiusmod consequat","velit sunt pariatur est voluptat","cupidatat","et sint proident dolor est","qui veniam voluptate","officia","ullamco laborum","dolor fugiat labore est","ea Lorem"}', DEFAULT, DEFAULT, DEFAULT), ('7bcc2b79-de31-5963-9cfd-559af77da3be', '853509f0-6836-5fa7-87f2-fb0a9a8766d2', 58, 'unlisted', 'Wave Management Plan', '{"et eu","ullamco ad officia deserunt nost","in ex voluptate","culpa ad","cupidatat eu est"}', DEFAULT, DEFAULT, DEFAULT), ('b4293a01-a1be-5e58-a088-abc550c9f820', 'a8212e1b-5577-5c28-9c38-2d4fbd753550', 54, 'private', 'Early Game Dominance Guide', '{"aute id qui irure anim","aute eu officia esse","laboris exercitation","excepteur nostrud mollit","adipisicing exercitation consequ","enim eiusmod","elit","aliqua aliquip","non"}', DEFAULT, DEFAULT, DEFAULT), ('a97e2960-b385-5f99-88c2-9e562f32234e', '3ff60d7a-a4ad-54c5-a422-53b52cd53093', 57, 'public', 'Team Fight Execution Plan', '{"commodo occaecat ea nisi","cillum dolore voluptate occaecat","qui voluptate voluptate","aute laboris in sint aliquip","culpa esse nulla"}', DEFAULT, DEFAULT, DEFAULT), ('db39a462-f36a-54ba-b38e-2fcf35273cba', 'a8212e1b-5577-5c28-9c38-2d4fbd753550', 53, 'private', 'Counter Pick Blueprint', '{"labore officia nisi","esse qui minim"}', DEFAULT, DEFAULT, DEFAULT), ('35dc016a-9edc-565d-923e-9bee9a60bd24', '2d1d7734-be70-5d07-a538-e76c6cae722e', 54, 'public', 'Siege Tactics Handbook', '{"est ad","aute","eiusmod amet officia occaecat","eiusmod exercitation adipisicing","pariatur sit nisi","do id id","minim magna"}', DEFAULT, DEFAULT, DEFAULT), ('61e4dc6c-b183-5c81-91cb-8dc622fd6913', '91fa3874-9437-5dfa-a49a-f19fb38d9e92', 52, 'unlisted', 'Siege Tactics Handbook', '{"excepteur in","qui culpa excepteur","elit occaecat","esse commodo"}', DEFAULT, DEFAULT, DEFAULT), ('b5df5eae-45e8-5f54-a8f9-351afabf5f65', 'cd7c291a-6d6e-5632-91e5-b7fd7a634d7d', 59, 'unlisted', 'Rotation Strategy Document', '{"dolor cillum et duis","mollit commodo","dolor labore","consectetur sunt do exercitation"}', DEFAULT, DEFAULT, DEFAULT), ('18aa22db-700e-5a8a-892c-5bf7b7da1bbf', '8b7e423b-b9b9-5b3c-bf3d-1aa45d16235c', 52, 'public', 'Aggressive Rush Strategy', '{"ullamco"}', DEFAULT, DEFAULT, DEFAULT), ('7c9a7a2f-bf97-5fb7-9ff3-bb3e363fce60', '36f6f3ba-e867-5008-b6c1-829e989f9d2f', 52, 'unlisted', 'Gank Heavy Approach', '{"ad ex","ea et","ex aliqua velit incididunt","eiusmod id sint"}', DEFAULT, DEFAULT, DEFAULT), ('93216013-7bd8-59b1-a3f0-b1087d4d7f00', 'de459427-bb2c-5381-bdbf-7126efbb65c9', 57, 'public', 'Secure Objective Playbook', '{"laborum voluptate adipisicing ma","aute aliqua","magna consectetur","consequat irure exercitation","deserunt","Lorem commodo","labore culpa veniam aute volupta","quis amet","veniam ad","minim proident"}', DEFAULT, DEFAULT, DEFAULT), ('3e057cf2-df3a-50e5-82fa-e2dcf87ebd5a', 'e4de1a09-bd9a-5e42-b92c-2cb1af28bec6', 53, 'public', 'Secure Objective Playbook', '{"nulla nostrud adipisicing","non nulla","sunt esse tempor duis","incididunt exercitation Lorem","deserunt quis","amet aliquip","enim pariatur quis"}', DEFAULT, DEFAULT, DEFAULT), ('e3f5f266-44d3-5096-b897-56678a5f974b', '549980e7-3e77-5d76-b263-84664d04b209', 60, 'private', 'Vision Denial Blueprint', '{"nulla officia","dolor dolor nisi nisi ex","laborum dolor voluptate","proident fugiat labore voluptate","anim nulla consectetur"}', DEFAULT, DEFAULT, DEFAULT), ('ffbcf0c1-44bb-549f-ba50-18e1e874a611', 'a88bc9b9-135e-55c7-8c4c-5a072a3c8573', 53, 'private', 'Counter Pick Blueprint', '{"commodo ea elit fugiat sit","laborum voluptate","veniam nulla officia","tempor dolore in sit","ullamco voluptate"}', DEFAULT, DEFAULT, DEFAULT), ('c4f414cf-451e-5497-88db-62020e3a0dc5', 'e4de1a09-bd9a-5e42-b92c-2cb1af28bec6', 52, 'private', 'Baron Control Strategy', '{"esse cupidatat deserunt","ut anim sunt et","laborum ullamco do aliqua","consectetur","voluptate dolore sit occaecat","ea quis","duis ea laboris","est est aute pariatur pariatur"}', DEFAULT, DEFAULT, DEFAULT), ('a109823a-0d02-5064-b8ef-3186d6d08cb0', '8b7e423b-b9b9-5b3c-bf3d-1aa45d16235c', 51, 'private', 'Aggressive Rush Strategy', '{"non occaecat","laborum ex","mollit magna officia pariatur pr","veniam officia ex adipisicing","do sint sit adipisicing","amet ad","commodo ea","culpa ipsum sit culpa","duis Lorem dolore laborum","duis nostrud"}', DEFAULT, DEFAULT, DEFAULT), ('3e4b1eac-b214-5aaa-a7f0-29af8a5b2ce9', '92bf5244-388d-5bbf-bd84-1c7ad2efe31b', 51, 'public', 'Rotation Strategy Document', '{"exercitation amet dolore"}', DEFAULT, DEFAULT, DEFAULT), ('72819b1c-0a2a-5e86-b5bc-5741c2854f96', '92bf5244-388d-5bbf-bd84-1c7ad2efe31b', 52, 'private', 'Split Push Blueprint', '{"eu officia veniam deserunt sunt"}', DEFAULT, DEFAULT, DEFAULT), ('b5d7b26a-56f4-59fc-853e-1a1306ab6e95', 'f4b5542b-ba61-519e-a8d2-5793282ad487', 53, 'public', 'Objective Focused Strategy', '{"mollit","consequat laborum","ea exercitation aliqua","ullamco qui mollit","pariatur ullamco","elit nisi voluptate","cillum commodo ipsum"}', DEFAULT, DEFAULT, DEFAULT), ('29365629-31e8-5e53-b1ae-ffdad1c2009e', 'd297ab9e-40d4-51b5-bb8f-a1df399f1a9a', 54, 'unlisted', 'Jungle Control Playbook', '{"tempor pariatur non","eu velit mollit deserunt","ex velit do nisi","esse adipisicing duis magna","ipsum elit amet ut consectetur","commodo nulla amet veniam labore"}', DEFAULT, DEFAULT, DEFAULT), ('ef9b1028-31e2-59d9-a64e-2a4d1686e96e', '8b7e423b-b9b9-5b3c-bf3d-1aa45d16235c', 60, 'unlisted', 'Objective Focused Strategy', '{"amet minim","officia esse","aute amet","quis Lorem nulla","voluptate sunt est Lorem magna","ut","velit Lorem fugiat fugiat"}', DEFAULT, DEFAULT, DEFAULT), ('51f9c2fa-a6a8-5d1e-9ef8-efb89c34ee1c', '9b1fc781-1e4e-56d2-bd68-0dc257a319c0', 59, 'private', 'Split Push Blueprint', '{"non culpa amet eiusmod"}', DEFAULT, DEFAULT, DEFAULT), ('930338c0-ea8e-56fc-b2df-a68255a6182c', '3204ce32-7c5b-5953-969e-fe1d17de6e76', 57, 'private', 'Aggressive Rush Strategy', '{"incididunt aliqua magna","labore sint","deserunt ipsum deserunt Lorem fu"}', DEFAULT, DEFAULT, DEFAULT), ('14f0b4c0-9d33-5d68-85ae-cc3d31b6b19e', 'b7a89d05-549f-565f-b631-b59097e91d1a', 56, 'public', 'Jungle Control Playbook', '{"aute enim tempor ullamco consequ","aliquip aute commodo Lorem non","consequat in sint","nostrud in","magna nisi","minim consectetur deserunt"}', DEFAULT, DEFAULT, DEFAULT), ('7c51f66f-cf81-571f-a65c-f571f1f39cc9', '853509f0-6836-5fa7-87f2-fb0a9a8766d2', 60, 'private', 'Roaming Support Plan', '{"pariatur sunt dolor","laborum","sit proident magna enim mollit","ad","aliquip ad id occaecat"}', DEFAULT, DEFAULT, DEFAULT), ('764b9b2a-d477-5bff-a789-cba064ac71f8', 'de459427-bb2c-5381-bdbf-7126efbb65c9', 54, 'public', 'Vision Control Blueprint', '{"ex duis non proident","irure ea adipisicing","est officia minim","irure irure qui ea nostrud","non","nulla","minim pariatur nulla sint","ipsum irure nostrud"}', DEFAULT, DEFAULT, DEFAULT), ('1125d49b-2ad6-5500-bd14-7e0649f5dd73', '59558fa1-9cc0-5e85-a331-879d76e07f05', 52, 'unlisted', 'Team Fight Execution Plan', '{"nostrud reprehenderit laboris","sunt","laboris velit","amet excepteur laboris ad","sint","nulla cupidatat do nulla","sint Lorem","pariatur reprehenderit","in incididunt proident non sit","veniam minim labore"}', DEFAULT, DEFAULT, DEFAULT), ('de1d5557-45c4-5747-8c2d-f8c09704db25', '91434b27-2651-5429-8f42-45c3f8e334a0', 53, 'private', 'Baron Control Strategy', '{"ullamco","nisi dolor"}', DEFAULT, DEFAULT, DEFAULT), ('dc2759a8-51ca-575d-9678-0ac64e900648', 'b7a89d05-549f-565f-b631-b59097e91d1a', 60, 'private', 'Late Game Scaling Strategy', '{"id","commodo veniam dolore commodo","fugiat occaecat","officia aliqua"}', DEFAULT, DEFAULT, DEFAULT), ('8c0ef303-3ae4-5fe5-b0be-ef1788ae8707', 'd00c085d-72d6-5114-a5fd-ba818539c2f7', 52, 'public', 'Vision Control Blueprint', '{"laboris duis culpa","ex ex","velit labore","nisi"}', DEFAULT, DEFAULT, DEFAULT), ('ddd094e1-b8f4-560e-b960-af5227a9b337', '756cbb59-27d6-58f3-b4b9-8b56121e683f', 54, 'unlisted', 'Map Control Blueprint', '{"irure ipsum minim","Lorem sunt sit","ad deserunt culpa exercitation","eiusmod commodo laborum","labore"}', DEFAULT, DEFAULT, DEFAULT), ('4bd93d1d-9da0-508d-a30a-5cd1fe2e858d', 'a8212e1b-5577-5c28-9c38-2d4fbd753550', 52, 'public', 'Baron Control Strategy', '{"commodo Lorem esse culpa","cillum duis","esse","irure magna"}', DEFAULT, DEFAULT, DEFAULT), ('2d25022b-866c-584e-895d-11b8a727c08f', '1e7e0bcb-4fc0-5d72-81a5-d67a74a13595', 58, 'public', 'Jungle Control Playbook', '{"aute commodo consectetur ut","reprehenderit amet sunt","fugiat elit labore proident","voluptate fugiat amet"}', DEFAULT, DEFAULT, DEFAULT), ('8d4a5d0e-3ef8-5e54-ac1b-6a14acb1ad0e', '92bf5244-388d-5bbf-bd84-1c7ad2efe31b', 59, 'private', 'Team Fight Execution Plan', '{"deserunt fugiat deserunt aute","occaecat id in","proident dolore","veniam laboris culpa minim","veniam sint"}', DEFAULT, DEFAULT, DEFAULT), ('6b889196-1556-5eef-89c0-e7506a0ca45b', '305fa448-c3bf-59c7-a989-19ae69ce0725', 51, 'public', 'Baron Control Strategy', '{"duis elit elit dolor","ullamco magna exercitation amet","ullamco","ullamco","duis pariatur sit","cillum","sunt"}', DEFAULT, DEFAULT, DEFAULT), ('e6b5025c-d432-567c-bc94-e80f642225ff', '2589cf16-4103-5a4f-b544-b30078083eaa', 57, 'public', 'Aggressive Rush Strategy', '{"laborum enim anim","ut enim","est","adipisicing mollit occaecat"}', DEFAULT, DEFAULT, DEFAULT), ('4d0eaa15-67e7-50e5-bd92-8596a8c41516', 'f4b5542b-ba61-519e-a8d2-5793282ad487', 59, 'public', 'Jungle Control Playbook', '{}', DEFAULT, DEFAULT, DEFAULT), ('c2405ac9-0838-5ce8-a85b-e6db0fbe6c10', 'd297ab9e-40d4-51b5-bb8f-a1df399f1a9a', 57, 'unlisted', 'Early Game Dominance Guide', '{"dolor enim","sit","adipisicing proident commodo","reprehenderit nostrud ipsum","adipisicing consectetur reprehen","adipisicing nulla sit consequat","ex esse anim occaecat","sunt sunt","dolore elit quis"}', DEFAULT, DEFAULT, DEFAULT), ('c8df1446-9b17-5687-8ff4-001003cfca37', '59558fa1-9cc0-5e85-a331-879d76e07f05', 60, 'private', 'Jungle Control Playbook', '{"dolor cupidatat","nostrud magna eiusmod"}', DEFAULT, DEFAULT, DEFAULT), ('f706294d-163e-5aef-a517-eae489067781', '1d3f740a-8c60-5c1d-aa9e-3854a33c8e1d', 52, 'public', 'Counter Pick Blueprint', '{"duis fugiat ad sint","proident eiusmod","deserunt culpa","laboris non nisi","incididunt fugiat","et officia irure deserunt laboru","minim cupidatat id"}', DEFAULT, DEFAULT, DEFAULT), ('bee3d023-7908-5b1b-a6e7-320078c804bf', '3ff60d7a-a4ad-54c5-a422-53b52cd53093', 51, 'private', 'Roaming Support Plan', '{"incididunt esse tempor","velit consectetur","duis commodo non nisi consectetu","excepteur commodo do cillum"}', DEFAULT, DEFAULT, DEFAULT), ('d607d7db-ee7a-57fa-b0f1-08a24201e561', 'b7a89d05-549f-565f-b631-b59097e91d1a', 56, 'unlisted', 'Objective Focused Strategy', '{"mollit pariatur","sunt consequat reprehenderit","nisi","ex occaecat","ea est nulla anim","minim tempor dolor ex","eiusmod"}', DEFAULT, DEFAULT, DEFAULT), ('6db5eb76-a4d8-59b2-8682-ac0a5dca423f', '91434b27-2651-5429-8f42-45c3f8e334a0', 55, 'public', 'Objective Focused Strategy', '{"tempor dolore do","excepteur sit","aute aute","pariatur cillum amet dolor","nostrud ipsum irure","occaecat incididunt non ad volup"}', DEFAULT, DEFAULT, DEFAULT), ('f0859c52-737d-58da-9c95-b804668a9ae6', '549980e7-3e77-5d76-b263-84664d04b209', 52, 'public', 'Gank Heavy Approach', '{"quis deserunt","sint anim","commodo exercitation anim eiusmo","dolor est","culpa sint commodo officia","occaecat consectetur do adipisic","sint aute","nostrud anim esse"}', DEFAULT, DEFAULT, DEFAULT), ('f843e0b1-5e16-5c9e-923e-e155f87b2422', '92bf5244-388d-5bbf-bd84-1c7ad2efe31b', 59, 'unlisted', 'Aggressive Rush Strategy', '{"excepteur fugiat enim occaecat","veniam qui esse fugiat","irure est culpa","labore excepteur ullamco consequ","aute incididunt dolore"}', DEFAULT, DEFAULT, DEFAULT), ('971d3e7d-1fd1-5fd1-ba3a-0a99dda2cb04', 'd9bba68a-079c-5141-bd43-756b87167584', 58, 'public', 'Secure Objective Playbook', '{"Lorem voluptate nulla","in sint exercitation","aliquip duis","magna minim officia amet","ad eiusmod anim","eiusmod","ea minim labore","commodo consectetur pariatur","velit","ullamco eu et dolor"}', DEFAULT, DEFAULT, DEFAULT), ('51c6dab5-99f7-56c9-a820-7cfc76e25abf', '59558fa1-9cc0-5e85-a331-879d76e07f05', 59, 'public', 'Early Game Dominance Guide', '{}', DEFAULT, DEFAULT, DEFAULT), ('88430d1c-f998-5183-ac05-d06b362a058a', '2589cf16-4103-5a4f-b544-b30078083eaa', 55, 'public', 'Map Control Blueprint', '{"amet nulla","excepteur excepteur voluptate la","aute voluptate fugiat in dolore","id ex ullamco cillum","ullamco elit","do est commodo","labore minim enim magna","Lorem Lorem eiusmod mollit commo","ullamco labore consequat"}', DEFAULT, DEFAULT, DEFAULT), ('fc959555-d183-544e-8cf6-52532b383f25', 'a5831e58-2fc9-5b59-970d-00c344a4eb18', 60, 'private', 'Jungle Control Playbook', '{"mollit elit id","consequat","aute incididunt","ad sit cupidatat","ut est aliquip","adipisicing dolor veniam culpa","id","fugiat Lorem","est anim do"}', DEFAULT, DEFAULT, DEFAULT), ('94935318-fc9b-5864-874e-912b663c75f7', '98eaafd3-adbf-5a3e-adb9-b3fb6971b6f1', 60, 'private', 'Defensive Turtle Tactics', '{"anim aliquip esse eu mollit","do sunt amet quis","ipsum aliquip","ut aute magna eiusmod","cillum do mollit","enim enim minim voluptate","voluptate voluptate laborum null","commodo nulla excepteur","tempor officia aliqua labore","occaecat"}', DEFAULT, DEFAULT, DEFAULT), ('ea529f5a-add2-5f29-a44d-2a799c7ab051', 'eecf8a7e-af2f-524d-a645-c5fba3ebda06', 57, 'unlisted', 'Early Game Dominance Guide', '{"mollit consectetur","labore mollit sit","duis velit","eiusmod enim","cillum nostrud dolor","consectetur","nisi","duis labore tempor laborum"}', DEFAULT, DEFAULT, DEFAULT), ('b2bd3c17-1864-5b1f-8d71-b6fe96b48ba6', 'a3141029-aec2-543b-b18a-49fe947e3304', 54, 'public', 'Early Game Dominance Guide', '{"ullamco in adipisicing proident ","nostrud dolore irure ipsum","dolore proident magna eiusmod","nostrud ut amet id","do quis in do"}', DEFAULT, DEFAULT, DEFAULT), ('a46777c9-6f34-5718-a195-68edd93e1d42', '1d3f740a-8c60-5c1d-aa9e-3854a33c8e1d', 51, 'private', 'Split Push Blueprint', '{"sunt excepteur incididunt id dol"}', DEFAULT, DEFAULT, DEFAULT), ('0f3df2fb-dd6e-55b9-9f86-0babb8fec748', '8b7e423b-b9b9-5b3c-bf3d-1aa45d16235c', 54, 'public', 'Vision Control Blueprint', '{"occaecat est","nostrud excepteur","velit aliquip","incididunt cupidatat elit","excepteur reprehenderit non veni","non dolore voluptate nisi duis","esse","adipisicing irure enim","sunt Lorem do nisi minim","nostrud ipsum"}', DEFAULT, DEFAULT, DEFAULT), ('95bb7f47-209b-5f16-a018-19e8f23e6e16', '882c7ae5-914f-539d-8207-691de536097f', 55, 'public', 'Jungle Control Playbook', '{"est ea consequat","dolor sint magna irure laborum","sint eiusmod ut","minim do aliqua ipsum","reprehenderit adipisicing volupt","veniam excepteur","proident officia occaecat nostru","velit consectetur"}', DEFAULT, DEFAULT, DEFAULT), ('78959a88-41ee-5d40-85cb-71e22f4c47aa', '2d1d7734-be70-5d07-a538-e76c6cae722e', 56, 'public', 'Jungle Control Playbook', '{"dolor veniam","proident","et est elit ullamco id","reprehenderit incididunt","eiusmod incididunt labore nisi","fugiat minim id qui","cupidatat ullamco deserunt qui a","sit fugiat pariatur","aliquip magna officia"}', DEFAULT, DEFAULT, DEFAULT), ('a9e614f8-c87a-596e-bdaf-6e577865453e', 'd19db439-c7e7-53a7-aa19-0db346180dc1', 58, 'public', 'Siege Tactics Handbook', '{"est","cillum id eiusmod labore","enim labore consectetur","ad reprehenderit Lorem","voluptate consequat","quis ex","non tempor aute culpa"}', DEFAULT, DEFAULT, DEFAULT), ('f80096a0-59ff-58f8-a58f-cd508cb0f33e', '853509f0-6836-5fa7-87f2-fb0a9a8766d2', 57, 'public', 'Defensive Turtle Tactics', '{"ullamco pariatur","nulla minim excepteur","amet adipisicing","sit culpa","nostrud amet ex nisi","quis consequat","cupidatat pariatur"}', DEFAULT, DEFAULT, DEFAULT), ('a444e395-f85a-5fcf-904b-e713df3a17f6', 'd9bba68a-079c-5141-bd43-756b87167584', 58, 'public', 'Siege Tactics Handbook', '{"anim nulla","minim","dolore ad velit ipsum nulla","do occaecat"}', DEFAULT, DEFAULT, DEFAULT);
INSERT INTO public.team_member_role (id,name,flags) VALUES (13, 'owner', 255), (14, 'editor', 7), (15, 'viewer', 1);
SELECT setval('"public"."team_member_role_id_seq"'::regclass, (SELECT MAX("id") FROM "public"."team_member_role"));
