INSERT INTO public.game (id,name,alias,icon,metadata,created_at) VALUES (53, 'Duis Officia', 'NBA2K', 'https://svgur.com/i/15ay.svg', DEFAULT, DEFAULT), (54, 'Id Aute', 'NBA2K', 'https://svgur.com/i/15ay.svg', DEFAULT, DEFAULT), (55, 'Sit', 'GTA', 'https://svgur.com/i/15ay.svg', DEFAULT, DEFAULT);
SELECT setval('"public"."game_id_seq"'::regclass, (SELECT MAX("id") FROM "public"."game"));
INSERT INTO public.team (id,name,plan_id,created_at,updated_at) VALUES ('7c2c4732-09c1-5f7b-87ca-c53e7497b4ef', 'Dolorum me propter m', NULL, DEFAULT, DEFAULT), ('f50563b6-8532-51ec-b121-d8c6bca3e897', 'Quo disserui inis su', NULL, DEFAULT, DEFAULT), ('f1bf295c-195b-5a42-9c6b-5bfa14b58307', 'Voluptatib malum ea ', NULL, DEFAULT, DEFAULT), ('5e20f9a8-7b26-5a5f-8426-6b12c182d23c', 'Tractatem compartemp', NULL, DEFAULT, DEFAULT), ('53fe0e9e-3358-5722-b994-4faad8733cd3', 'Venire bonoribus ode', NULL, DEFAULT, DEFAULT), ('e4834379-a7a0-5f41-8193-f598072b1c83', 'Moles habeaturnit su', NULL, DEFAULT, DEFAULT), ('782f7eda-e535-5ab3-8415-643126d3b0fa', 'Autem sed rerum modo', NULL, DEFAULT, DEFAULT), ('5daf6f25-3b97-5f49-8f75-4ba5d1d74cd3', 'Quae sum decoribus i', NULL, DEFAULT, DEFAULT), ('3788fdae-c690-5563-abac-18b51e4d210f', 'Synephebos sin in en', NULL, DEFAULT, DEFAULT);
INSERT INTO public.plan (id,name,pricing,pricing_interval,is_default,config,created_at,updated_at) VALUES (13, 'Essential', 0, 'monthly', 't', DEFAULT, DEFAULT, DEFAULT), (14, 'Advanced', 15.803108597090716, 'monthly', 'f', DEFAULT, DEFAULT, DEFAULT), (15, 'Pro', 12.111348826482082, 'yearly', 'f', DEFAULT, DEFAULT, DEFAULT);
INSERT INTO public.book (id,name,team_id,game_id,created_at,updated_at) VALUES ('1e7e0bcb-4fc0-5d72-81a5-d67a74a13595', 'Qui Aliqua', '7c2c4732-09c1-5f7b-87ca-c53e7497b4ef', 54, DEFAULT, DEFAULT), ('d297ab9e-40d4-51b5-bb8f-a1df399f1a9a', 'Sunt', '7c2c4732-09c1-5f7b-87ca-c53e7497b4ef', 54, DEFAULT, DEFAULT), ('d1b8f3f8-af26-5088-8712-273c28ba98f7', 'Nostrud Velit', '7c2c4732-09c1-5f7b-87ca-c53e7497b4ef', 54, DEFAULT, DEFAULT), ('3ff60d7a-a4ad-54c5-a422-53b52cd53093', 'Enim Sint', '7c2c4732-09c1-5f7b-87ca-c53e7497b4ef', 55, DEFAULT, DEFAULT), ('cfbfd1d4-e77f-57e5-94da-e9ff2cc7a996', 'Reprehenderit Proide', '7c2c4732-09c1-5f7b-87ca-c53e7497b4ef', 55, DEFAULT, DEFAULT), ('92bf5244-388d-5bbf-bd84-1c7ad2efe31b', 'Sunt Magna', '7c2c4732-09c1-5f7b-87ca-c53e7497b4ef', 54, DEFAULT, DEFAULT), ('9584676f-0635-591a-a937-d230d9a3abf3', 'Consequat Cillum Qui', '7c2c4732-09c1-5f7b-87ca-c53e7497b4ef', 54, DEFAULT, DEFAULT), ('5777772e-8d66-5c0f-ab03-fb0419760db6', 'Proident Aliqua Fugi', '7c2c4732-09c1-5f7b-87ca-c53e7497b4ef', 54, DEFAULT, DEFAULT), ('98eaafd3-adbf-5a3e-adb9-b3fb6971b6f1', 'Deserunt Laboris', 'f50563b6-8532-51ec-b121-d8c6bca3e897', 54, DEFAULT, DEFAULT), ('2d1d7734-be70-5d07-a538-e76c6cae722e', 'Occaecat Excepteur I', 'f50563b6-8532-51ec-b121-d8c6bca3e897', 55, DEFAULT, DEFAULT), ('b5605791-3389-56c2-9ec6-17d538b9bb85', 'Dolor Cupidatat', 'f50563b6-8532-51ec-b121-d8c6bca3e897', 55, DEFAULT, DEFAULT), ('a5831e58-2fc9-5b59-970d-00c344a4eb18', 'Enim', 'f50563b6-8532-51ec-b121-d8c6bca3e897', 55, DEFAULT, DEFAULT), ('756cbb59-27d6-58f3-b4b9-8b56121e683f', 'Do', 'f50563b6-8532-51ec-b121-d8c6bca3e897', 55, DEFAULT, DEFAULT), ('a8212e1b-5577-5c28-9c38-2d4fbd753550', 'Aliquip Minim', 'f1bf295c-195b-5a42-9c6b-5bfa14b58307', 53, DEFAULT, DEFAULT), ('59558fa1-9cc0-5e85-a331-879d76e07f05', 'Laboris', 'f1bf295c-195b-5a42-9c6b-5bfa14b58307', 55, DEFAULT, DEFAULT), ('8926b9fd-34b2-5421-a25c-9cd89c12cad0', 'Commodo', 'f1bf295c-195b-5a42-9c6b-5bfa14b58307', 55, DEFAULT, DEFAULT), ('5d378209-1fd5-506f-8b3f-511a16489d69', 'Adipisicing Non', 'f1bf295c-195b-5a42-9c6b-5bfa14b58307', 55, DEFAULT, DEFAULT), ('305fa448-c3bf-59c7-a989-19ae69ce0725', 'Eu Irure', 'f1bf295c-195b-5a42-9c6b-5bfa14b58307', 54, DEFAULT, DEFAULT), ('853509f0-6836-5fa7-87f2-fb0a9a8766d2', 'Amet Non', 'f1bf295c-195b-5a42-9c6b-5bfa14b58307', 55, DEFAULT, DEFAULT), ('bbc51950-a428-5ed7-b604-6444a902714b', 'Deserunt Dolor Deser', 'f1bf295c-195b-5a42-9c6b-5bfa14b58307', 53, DEFAULT, DEFAULT), ('89f211a9-c1e7-5fa6-9108-784d98291012', 'Sint Reprehenderit A', 'f1bf295c-195b-5a42-9c6b-5bfa14b58307', 55, DEFAULT, DEFAULT), ('75e07351-a344-5719-bccf-45791a666af4', 'Ullamco Aliquip Anim', 'f1bf295c-195b-5a42-9c6b-5bfa14b58307', 53, DEFAULT, DEFAULT), ('d19db439-c7e7-53a7-aa19-0db346180dc1', 'Veniam', '5e20f9a8-7b26-5a5f-8426-6b12c182d23c', 54, DEFAULT, DEFAULT), ('91434b27-2651-5429-8f42-45c3f8e334a0', 'Occaecat', '5e20f9a8-7b26-5a5f-8426-6b12c182d23c', 53, DEFAULT, DEFAULT), ('549980e7-3e77-5d76-b263-84664d04b209', 'Voluptate Voluptate', '5e20f9a8-7b26-5a5f-8426-6b12c182d23c', 54, DEFAULT, DEFAULT), ('e4de1a09-bd9a-5e42-b92c-2cb1af28bec6', 'Non', '5e20f9a8-7b26-5a5f-8426-6b12c182d23c', 55, DEFAULT, DEFAULT), ('b32027db-33da-5dc2-b906-e0c2a06ac683', 'Quis', '53fe0e9e-3358-5722-b994-4faad8733cd3', 53, DEFAULT, DEFAULT), ('b7a89d05-549f-565f-b631-b59097e91d1a', 'Laborum Ea Incididun', '53fe0e9e-3358-5722-b994-4faad8733cd3', 54, DEFAULT, DEFAULT), ('ac9f0e3e-b030-584f-a8dd-87355fe22537', 'Excepteur', '53fe0e9e-3358-5722-b994-4faad8733cd3', 53, DEFAULT, DEFAULT), ('438bff0e-fd50-5c86-89ee-d397a0c0e548', 'Non', '53fe0e9e-3358-5722-b994-4faad8733cd3', 54, DEFAULT, DEFAULT), ('9bf2ad50-cccb-50eb-8269-3a7e78bd21f5', 'Pariatur Quis Ut', '53fe0e9e-3358-5722-b994-4faad8733cd3', 54, DEFAULT, DEFAULT), ('36f6f3ba-e867-5008-b6c1-829e989f9d2f', 'Irure Dolor', '53fe0e9e-3358-5722-b994-4faad8733cd3', 54, DEFAULT, DEFAULT), ('19495f2f-99a6-5394-9596-a1d3fb0d3196', 'Ad Cillum', '53fe0e9e-3358-5722-b994-4faad8733cd3', 53, DEFAULT, DEFAULT), ('9a184097-b9bc-5f22-ba40-6c62e83423ab', 'Pariatur Ex', '53fe0e9e-3358-5722-b994-4faad8733cd3', 55, DEFAULT, DEFAULT), ('92ce3cad-bd68-55a2-9017-d27d51e2e007', 'Duis Commodo', '53fe0e9e-3358-5722-b994-4faad8733cd3', 54, DEFAULT, DEFAULT), ('70dc5b0f-7d06-5f95-a4ee-16cc68f3a4b6', 'Minim Ad Proident', '53fe0e9e-3358-5722-b994-4faad8733cd3', 55, DEFAULT, DEFAULT), ('26f7bb6a-3c9c-5b30-b11b-be5ebfb91948', 'Elit Ullamco Ipsum', 'e4834379-a7a0-5f41-8193-f598072b1c83', 53, DEFAULT, DEFAULT), ('e5b4727f-be5e-52c0-83cb-cb7ba230945f', 'Deserunt Dolore', 'e4834379-a7a0-5f41-8193-f598072b1c83', 54, DEFAULT, DEFAULT), ('290e51c6-7ff6-5db4-8f40-69dda051b66c', 'Aliqua Magna Dolore', 'e4834379-a7a0-5f41-8193-f598072b1c83', 55, DEFAULT, DEFAULT), ('6c3f6730-2b1a-5e27-97de-caacad0bb1a5', 'Magna Ullamco Eu', 'e4834379-a7a0-5f41-8193-f598072b1c83', 55, DEFAULT, DEFAULT), ('7d0c4d54-58ae-5ddf-b108-590171e8655a', 'Adipisicing Culpa In', 'e4834379-a7a0-5f41-8193-f598072b1c83', 54, DEFAULT, DEFAULT), ('5dd9c208-a224-5712-b987-eab6b9a89e23', 'Sit', 'e4834379-a7a0-5f41-8193-f598072b1c83', 54, DEFAULT, DEFAULT), ('8bfeb6d5-d92f-5041-aa1b-39b8365c0a59', 'Adipisicing Proident', 'e4834379-a7a0-5f41-8193-f598072b1c83', 54, DEFAULT, DEFAULT), ('8c5ef042-1b14-56ed-adba-e25d3960a3cf', 'Dolor Dolore', 'e4834379-a7a0-5f41-8193-f598072b1c83', 53, DEFAULT, DEFAULT), ('01807616-77b8-51e2-9a97-d85b00b2c474', 'Id Excepteur', 'e4834379-a7a0-5f41-8193-f598072b1c83', 53, DEFAULT, DEFAULT), ('a3141029-aec2-543b-b18a-49fe947e3304', 'Voluptate Aute Eiusm', '782f7eda-e535-5ab3-8415-643126d3b0fa', 53, DEFAULT, DEFAULT), ('6c52c1d9-13a4-51ef-ae51-1dacc4c14be9', 'Mollit Incididunt Ad', '782f7eda-e535-5ab3-8415-643126d3b0fa', 53, DEFAULT, DEFAULT), ('2589cf16-4103-5a4f-b544-b30078083eaa', 'Est', '782f7eda-e535-5ab3-8415-643126d3b0fa', 54, DEFAULT, DEFAULT), ('a88bc9b9-135e-55c7-8c4c-5a072a3c8573', 'Fugiat', '782f7eda-e535-5ab3-8415-643126d3b0fa', 55, DEFAULT, DEFAULT), ('8b7e423b-b9b9-5b3c-bf3d-1aa45d16235c', 'Adipisicing Culpa', '782f7eda-e535-5ab3-8415-643126d3b0fa', 55, DEFAULT, DEFAULT), ('882c7ae5-914f-539d-8207-691de536097f', 'Deserunt Sunt Mollit', '782f7eda-e535-5ab3-8415-643126d3b0fa', 54, DEFAULT, DEFAULT), ('811570ef-0b81-508d-ba05-2f5e812d4131', 'In Ut Duis', '782f7eda-e535-5ab3-8415-643126d3b0fa', 53, DEFAULT, DEFAULT), ('29b47b7e-4cec-5d5a-b93d-172770b57ed6', 'Proident', '782f7eda-e535-5ab3-8415-643126d3b0fa', 53, DEFAULT, DEFAULT), ('a5e6c58e-54df-5943-b1b7-463c2ae0fb74', 'Enim Nostrud Consect', '782f7eda-e535-5ab3-8415-643126d3b0fa', 54, DEFAULT, DEFAULT), ('9b1fc781-1e4e-56d2-bd68-0dc257a319c0', 'Aliqua', '5daf6f25-3b97-5f49-8f75-4ba5d1d74cd3', 54, DEFAULT, DEFAULT), ('8a0a556f-d942-55f0-8ba8-1ffbfaf3c6d9', 'Do Excepteur Duis', '5daf6f25-3b97-5f49-8f75-4ba5d1d74cd3', 54, DEFAULT, DEFAULT), ('91fa3874-9437-5dfa-a49a-f19fb38d9e92', 'Et Minim Commodo', '5daf6f25-3b97-5f49-8f75-4ba5d1d74cd3', 54, DEFAULT, DEFAULT), ('eda91f04-12ef-5904-88aa-e6ed9a692e03', 'Aute Proident', '5daf6f25-3b97-5f49-8f75-4ba5d1d74cd3', 53, DEFAULT, DEFAULT), ('3204ce32-7c5b-5953-969e-fe1d17de6e76', 'Sint Reprehenderit', '3788fdae-c690-5563-abac-18b51e4d210f', 55, DEFAULT, DEFAULT), ('eecf8a7e-af2f-524d-a645-c5fba3ebda06', 'Est', '3788fdae-c690-5563-abac-18b51e4d210f', 55, DEFAULT, DEFAULT), ('8d3f145b-67b0-504d-b49a-d59ecea5d2d8', 'Incididunt Elit', '3788fdae-c690-5563-abac-18b51e4d210f', 54, DEFAULT, DEFAULT), ('d00c085d-72d6-5114-a5fd-ba818539c2f7', 'Esse Occaecat', '3788fdae-c690-5563-abac-18b51e4d210f', 55, DEFAULT, DEFAULT), ('de459427-bb2c-5381-bdbf-7126efbb65c9', 'Sunt Velit', '3788fdae-c690-5563-abac-18b51e4d210f', 54, DEFAULT, DEFAULT);
UPDATE public.team SET plan_id = 13 WHERE id = '7c2c4732-09c1-5f7b-87ca-c53e7497b4ef';
UPDATE public.team SET plan_id = 13 WHERE id = 'f50563b6-8532-51ec-b121-d8c6bca3e897';
UPDATE public.team SET plan_id = 13 WHERE id = 'f1bf295c-195b-5a42-9c6b-5bfa14b58307';
UPDATE public.team SET plan_id = 14 WHERE id = '5e20f9a8-7b26-5a5f-8426-6b12c182d23c';
UPDATE public.team SET plan_id = 14 WHERE id = '53fe0e9e-3358-5722-b994-4faad8733cd3';
UPDATE public.team SET plan_id = 14 WHERE id = 'e4834379-a7a0-5f41-8193-f598072b1c83';
UPDATE public.team SET plan_id = 15 WHERE id = '782f7eda-e535-5ab3-8415-643126d3b0fa';
UPDATE public.team SET plan_id = 15 WHERE id = '5daf6f25-3b97-5f49-8f75-4ba5d1d74cd3';
UPDATE public.team SET plan_id = 15 WHERE id = '3788fdae-c690-5563-abac-18b51e4d210f';
SELECT setval('"public"."plan_id_seq"'::regclass, (SELECT MAX("id") FROM "public"."plan"));
INSERT INTO public.game (id,name,alias,icon,metadata,created_at) VALUES (56, 'Is ine vide parendum sit nota memin.', 'NHL', 'https://svgur.com/i/15ay.svg', DEFAULT, DEFAULT), (57, 'Nec torquato inum are assuevitus fecta, quae cum ad quod redeam ', 'FIFA', 'https://svgur.com/i/15ay.svg', DEFAULT, DEFAULT), (58, 'Possimultim quidem it cognitioque quis ute ea.', 'Apex', 'https://svgur.com/i/15ay.svg', DEFAULT, DEFAULT), (59, 'Novi summum rerum polyaeno ad, placet animpender scipio cum sunt', 'Forty', 'https://svgur.com/i/15ay.svg', DEFAULT, DEFAULT), (60, 'Quiete homin qui sunt arendam satis adipsos.', 'Terra', 'https://svgur.com/i/15ay.svg', DEFAULT, DEFAULT), (61, 'Se viam aretiamque nihilesse et, est epicitat isset efficiuntur ', 'Overw', 'https://svgur.com/i/15ay.svg', DEFAULT, DEFAULT), (62, 'Animum sollicitaq semelabil parvos probavit inquit is disserenim', 'PUBG', 'https://svgur.com/i/15ay.svg', DEFAULT, DEFAULT), (63, 'Voluptatib magnos es quo modi, affere naturae nec de hocles endo', 'Mines', 'https://svgur.com/i/15ay.svg', DEFAULT, DEFAULT), (64, 'Non minus private insequuntur quid, faciliarum etiam pecunt es o', 'PUBG', 'https://svgur.com/i/15ay.svg', DEFAULT, DEFAULT), (65, 'Non vulgo malivolum a si quibus etiam id, se illum ac quidem nat', 'Overw', 'https://svgur.com/i/15ay.svg', DEFAULT, DEFAULT);
INSERT INTO public.arena (id,game_id,name,metadata,created_at,updated_at) VALUES (41, 56, 'Silverlake Stadium', '{"A":"Sed explicem"}', DEFAULT, DEFAULT), (42, 57, 'Downtown Plaza Pavilion', '{"In":"Adiuvet ne bonare"}', DEFAULT, DEFAULT), (43, 58, 'Bayshore Pavilion', '{"Se":"Petu ad causam"}', DEFAULT, DEFAULT), (44, 59, 'Sunset Stadium', '{"Es":"Videntur aut"}', DEFAULT, DEFAULT), (45, 60, 'Downtown Square Pavilion', '{"Tamenti":"Adipsa dolorem veris"}', DEFAULT, DEFAULT), (46, 61, 'Oceanfront Amphitheater', '{"Non":"Reliqua voluptatem"}', DEFAULT, DEFAULT), (47, 62, 'Main Square Arena', '{"Ut":"Dolor quo"}', DEFAULT, DEFAULT), (48, 63, 'Southbank Arena', '{"Omnino":"Synephebosop acut sicut"}', DEFAULT, DEFAULT), (49, 64, 'Waterfront Amphitheater', '{"Alest":"Ipse pertur voluptate"}', DEFAULT, DEFAULT), (50, 65, 'Meadowbrook Pavilion', '{"A":"Voluptatib posse quae"}', DEFAULT, DEFAULT);
SELECT setval('"public"."game_id_seq"'::regclass, (SELECT MAX("id") FROM "public"."game"));
SELECT setval('"public"."arena_id_seq"'::regclass, (SELECT MAX("id") FROM "public"."arena"));
INSERT INTO public.blueprint (id,book_id,arena_id,visibility,name,tags,data,created_at,updated_at) VALUES ('fd4a2d4e-8569-59ca-837d-fb7fa0ab1be1', 'e4de1a09-bd9a-5e42-b92c-2cb1af28bec6', 45, 'public', 'Roaming Support Plan', '{"elit do excepteur","consequat consectetur","pariatur excepteur ea sit","tempor sunt dolore sunt"}', DEFAULT, DEFAULT, DEFAULT), ('e0502ed9-8194-54d4-be5d-43176e2a7438', '290e51c6-7ff6-5db4-8f40-69dda051b66c', 48, 'unlisted', 'Roaming Support Plan', '{"commodo dolor amet"}', DEFAULT, DEFAULT, DEFAULT), ('cba89714-5b1d-590f-92a2-27cfb555b7e4', 'e4de1a09-bd9a-5e42-b92c-2cb1af28bec6', 44, 'public', 'Gank Heavy Approach', '{"minim","laborum voluptate","nisi nostrud aute anim","proident ullamco consectetur min","reprehenderit exercitation labor"}', DEFAULT, DEFAULT, DEFAULT), ('497b8842-fb80-5638-ba6f-3f3e64daa06b', '853509f0-6836-5fa7-87f2-fb0a9a8766d2', 42, 'public', 'Map Control Blueprint', '{"sit et ut","tempor et dolor sit"}', DEFAULT, DEFAULT, DEFAULT), ('75fbf0dd-b3c9-5513-87f0-9d9a9004f64c', '89f211a9-c1e7-5fa6-9108-784d98291012', 43, 'private', 'Baron Control Strategy', '{"quis voluptate qui veniam","deserunt consectetur","mollit et dolore deserunt","duis ullamco occaecat","commodo eu","pariatur laborum culpa sint","aliqua aliquip ut officia volupt","mollit nostrud fugiat reprehende","sint nulla"}', DEFAULT, DEFAULT, DEFAULT), ('0352b4c9-6de9-5702-929d-3d622c6456a1', '882c7ae5-914f-539d-8207-691de536097f', 44, 'public', 'Rotation Strategy Document', '{"ad commodo","elit duis sunt consequat pariatu","non","nostrud occaecat in","sint ad"}', DEFAULT, DEFAULT, DEFAULT), ('1e701d2b-566c-5f82-8280-a2a9d02ee590', 'ac9f0e3e-b030-584f-a8dd-87355fe22537', 44, 'unlisted', 'Early Game Dominance Guide', '{"officia ea dolore","laborum commodo laborum duis","ut dolore mollit"}', DEFAULT, DEFAULT, DEFAULT), ('f04c0ed1-b624-5092-8b98-dae6fff857dc', '6c3f6730-2b1a-5e27-97de-caacad0bb1a5', 46, 'private', 'Early Game Dominance Guide', '{"aliquip officia","ut adipisicing laborum","consequat do","occaecat consequat quis nulla Lo","ipsum voluptate non sunt","aute reprehenderit eu proident","labore velit"}', DEFAULT, DEFAULT, DEFAULT), ('7eef79d9-ea6c-5417-b347-09dbcb8b4c78', '811570ef-0b81-508d-ba05-2f5e812d4131', 43, 'unlisted', 'Roaming Support Plan', '{"occaecat ea","tempor cillum consequat","laboris ea magna velit dolore","amet sit commodo aute","ex","velit cillum in id"}', DEFAULT, DEFAULT, DEFAULT), ('3aff3e37-0331-5c7a-a0f5-1b6595c2ad7b', '305fa448-c3bf-59c7-a989-19ae69ce0725', 49, 'public', 'Baron Control Strategy', '{"labore ullamco ut","pariatur nisi elit consectetur","exercitation laboris dolor enim","aliqua id consectetur aute","mollit ipsum amet magna ad","laboris nisi eiusmod","aliquip qui sunt deserunt","incididunt esse eiusmod","ea reprehenderit sunt culpa","pariatur aute irure magna"}', DEFAULT, DEFAULT, DEFAULT), ('7c0cf1d4-d57d-5092-a3f0-ca49e04ace52', '98eaafd3-adbf-5a3e-adb9-b3fb6971b6f1', 43, 'public', 'Roaming Support Plan', '{"magna minim"}', DEFAULT, DEFAULT, DEFAULT), ('26c80d6d-0d6f-5fb2-8296-8b5e9e1fdeb7', '8a0a556f-d942-55f0-8ba8-1ffbfaf3c6d9', 50, 'unlisted', 'Early Game Dominance Guide', '{"irure consequat","officia fugiat"}', DEFAULT, DEFAULT, DEFAULT), ('310ccf44-859c-5587-8001-5aa84afb3236', '438bff0e-fd50-5c86-89ee-d397a0c0e548', 47, 'private', 'Wave Management Plan', '{"nisi exercitation"}', DEFAULT, DEFAULT, DEFAULT), ('c6131a0d-c1ea-5dce-8460-c91026e41f9f', '92ce3cad-bd68-55a2-9017-d27d51e2e007', 47, 'public', 'Siege Tactics Handbook', '{"nulla enim"}', DEFAULT, DEFAULT, DEFAULT), ('054eb394-a081-59a1-b613-e1c8bbcc6250', '59558fa1-9cc0-5e85-a331-879d76e07f05', 43, 'public', 'Counter Pick Blueprint', '{"eu aliqua exercitation id","incididunt reprehenderit quis","laboris deserunt","anim nisi aliquip ea","duis","sint","ipsum officia elit sint exercita","enim non cillum do nisi"}', DEFAULT, DEFAULT, DEFAULT), ('4cb602e9-b66f-5f7e-a7a1-71729454372c', 'a8212e1b-5577-5c28-9c38-2d4fbd753550', 48, 'unlisted', 'Rotation Strategy Document', '{"Lorem Lorem veniam veniam mollit","reprehenderit fugiat aliquip mag","reprehenderit aute minim Lorem"}', DEFAULT, DEFAULT, DEFAULT), ('8ed312f8-fa19-5305-a78e-7cdee2dc9e00', 'a88bc9b9-135e-55c7-8c4c-5a072a3c8573', 49, 'private', 'Aggressive Rush Strategy', '{"enim excepteur adipisicing velit","Lorem cupidatat","magna","voluptate","aliqua non velit nostrud","voluptate esse magna cupidatat a"}', DEFAULT, DEFAULT, DEFAULT), ('c9bad04c-3d6e-5efe-9540-7763dde57640', '98eaafd3-adbf-5a3e-adb9-b3fb6971b6f1', 49, 'private', 'Objective Focused Strategy', '{"consectetur dolor dolore","ad est nulla voluptate","commodo exercitation esse id","cillum occaecat","Lorem nulla sint ullamco","qui deserunt deserunt amet","officia exercitation"}', DEFAULT, DEFAULT, DEFAULT), ('7a350dde-d215-538c-bfd3-d5cdd8b40555', '59558fa1-9cc0-5e85-a331-879d76e07f05', 50, 'public', 'Counter Pick Blueprint', '{"velit consectetur proident offic","Lorem fugiat","sint ex mollit ea ullamco","culpa mollit reprehenderit volup","eu ipsum","cillum Lorem consectetur non"}', DEFAULT, DEFAULT, DEFAULT), ('bd6c4dd0-06e8-56ab-abd6-6e9e777c13a7', '9bf2ad50-cccb-50eb-8269-3a7e78bd21f5', 44, 'public', 'Counter Pick Blueprint', '{"in qui"}', DEFAULT, DEFAULT, DEFAULT), ('844103e5-8cf8-5795-8a63-ccecfc3e2001', '92bf5244-388d-5bbf-bd84-1c7ad2efe31b', 46, 'public', 'Gank Heavy Approach', '{"exercitation duis","consectetur exercitation esse ci","culpa proident adipisicing","qui magna ipsum","magna esse ullamco","elit esse","et sit voluptate","et occaecat irure proident"}', DEFAULT, DEFAULT, DEFAULT), ('582d0ca1-76cc-5500-9dd8-190ab817072d', '89f211a9-c1e7-5fa6-9108-784d98291012', 49, 'private', 'Vision Control Blueprint', '{"dolore Lorem","proident adipisicing voluptate u","mollit","non fugiat in duis","mollit laborum nostrud eiusmod","quis laborum nisi minim","voluptate tempor"}', DEFAULT, DEFAULT, DEFAULT), ('9012aa86-f8a2-5033-82d5-336bcaa03c26', '8926b9fd-34b2-5421-a25c-9cd89c12cad0', 50, 'public', 'Siege Tactics Handbook', '{"ipsum incididunt minim magna","aute id","cillum cillum amet ipsum mollit","ea sunt","enim cillum reprehenderit laboru","sint minim et","nulla duis eu ea"}', DEFAULT, DEFAULT, DEFAULT), ('746bb5ad-439a-519a-90ef-991641df1623', 'a88bc9b9-135e-55c7-8c4c-5a072a3c8573', 48, 'unlisted', 'Late Game Scaling Strategy', '{"consectetur qui","Lorem duis irure","anim commodo aliquip fugiat id","labore tempor proident sunt occa","nostrud culpa est voluptate offi","officia anim esse adipisicing","do consectetur","enim ut sint proident"}', DEFAULT, DEFAULT, DEFAULT), ('b1bab82d-de7c-55e3-8115-1651b8f68765', '19495f2f-99a6-5394-9596-a1d3fb0d3196', 42, 'private', 'Secure Objective Playbook', '{"enim enim proident","ex aliqua","deserunt Lorem ut","reprehenderit fugiat consequat","consectetur qui","eu amet minim elit eiusmod"}', DEFAULT, DEFAULT, DEFAULT), ('0145500d-2ab2-5c49-9cea-edd711ce1cc9', 'cfbfd1d4-e77f-57e5-94da-e9ff2cc7a996', 44, 'unlisted', 'Aggressive Rush Strategy', '{"proident qui deserunt consequat","eu eiusmod ea veniam","tempor ad aute voluptate","qui sint pariatur mollit","proident","ad sit nostrud aute esse","cillum eiusmod proident mollit","sint consequat exercitation occa","deserunt exercitation","esse"}', DEFAULT, DEFAULT, DEFAULT), ('703c3370-90fb-5d22-8365-f34357b3ffb8', '882c7ae5-914f-539d-8207-691de536097f', 47, 'private', 'Rotation Strategy Document', '{"ad ipsum elit","culpa"}', DEFAULT, DEFAULT, DEFAULT), ('fd862b26-fe8c-52d0-b06e-3c9f938bd3ab', '8bfeb6d5-d92f-5041-aa1b-39b8365c0a59', 47, 'public', 'Jungle Control Playbook', '{"Lorem proident","ut dolore","nostrud magna ea duis Lorem","qui incididunt qui adipisicing","exercitation culpa Lorem cillum","ex sunt","occaecat excepteur elit incididu","dolore pariatur Lorem cupidatat"}', DEFAULT, DEFAULT, DEFAULT), ('70415515-b81b-59ef-a1ed-18578b73b7ae', '6c3f6730-2b1a-5e27-97de-caacad0bb1a5', 48, 'private', 'Baron Control Strategy', '{"dolore mollit","laboris sit","occaecat nostrud exercitation ei","Lorem in incididunt nostrud"}', DEFAULT, DEFAULT, DEFAULT), ('c5558815-aa72-5938-a7c8-62ae2c1a039c', 'd00c085d-72d6-5114-a5fd-ba818539c2f7', 48, 'public', 'Secure Objective Playbook', '{"irure quis","laboris aute est nostrud labore","culpa esse aliqua","consectetur sit do culpa occaeca","Lorem magna commodo","qui sit do","deserunt est ipsum","voluptate laboris incididunt ame"}', DEFAULT, DEFAULT, DEFAULT), ('703bbd20-9625-5bd7-8aa3-5ead0245fe50', '1e7e0bcb-4fc0-5d72-81a5-d67a74a13595', 41, 'unlisted', 'Objective Focused Strategy', '{"velit do","aute laborum eu","do voluptate aute voluptate duis","aliqua tempor fugiat ea","occaecat veniam","eiusmod"}', DEFAULT, DEFAULT, DEFAULT), ('68ff3d82-b6b6-5053-9e74-aa9b346dd8d1', 'd19db439-c7e7-53a7-aa19-0db346180dc1', 50, 'private', 'Wave Management Plan', '{"sit dolore do anim","est laboris quis","excepteur enim ullamco","minim irure cillum"}', DEFAULT, DEFAULT, DEFAULT), ('522e120d-7e21-504a-9c96-99e429197e5a', '756cbb59-27d6-58f3-b4b9-8b56121e683f', 47, 'unlisted', 'Counter Pick Blueprint', '{"eiusmod sint minim non","quis culpa sint","sit deserunt","fugiat sunt voluptate exercitati","culpa","do anim","deserunt ipsum","irure commodo nostrud","eu reprehenderit"}', DEFAULT, DEFAULT, DEFAULT), ('54b879fc-04e4-53b3-8cec-0174fc0ccd34', '29b47b7e-4cec-5d5a-b93d-172770b57ed6', 45, 'private', 'Counter Pick Blueprint', '{"labore","in","magna velit eu","aliqua","in","deserunt laborum","pariatur ea aliquip magna","dolor quis Lorem nisi"}', DEFAULT, DEFAULT, DEFAULT), ('fb90b354-0ae1-59da-9637-61f6c5ed3fb9', '89f211a9-c1e7-5fa6-9108-784d98291012', 44, 'public', 'Secure Objective Playbook', '{"aliquip sit consequat incididunt","sint dolore","ad et velit","culpa sunt"}', DEFAULT, DEFAULT, DEFAULT), ('95b3988b-e14b-57a7-900d-4985cb116f17', '290e51c6-7ff6-5db4-8f40-69dda051b66c', 46, 'private', 'Gank Heavy Approach', '{"deserunt proident deserunt","do veniam incididunt","est minim","sint aliqua ad et eiusmod","enim esse fugiat","nulla aliqua sit commodo dolore","cupidatat aute","minim sunt"}', DEFAULT, DEFAULT, DEFAULT), ('7d1face3-2e87-52f5-9623-fff9de0a6539', '91434b27-2651-5429-8f42-45c3f8e334a0', 49, 'public', 'Map Control Blueprint', '{"eu Lorem elit","tempor","sunt sint ad","est nostrud dolor sit tempor"}', DEFAULT, DEFAULT, DEFAULT), ('e8bf9a25-132d-5d46-b40a-d08534be6c9f', '8c5ef042-1b14-56ed-adba-e25d3960a3cf', 41, 'unlisted', 'Counter Pick Blueprint', '{"sit magna","exercitation consequat","cupidatat deserunt quis ullamco","ullamco","sint ad sunt anim"}', DEFAULT, DEFAULT, DEFAULT), ('29a560e9-84d9-5f41-9b09-76969cbfb144', '7d0c4d54-58ae-5ddf-b108-590171e8655a', 42, 'public', 'Counter Pick Blueprint', '{"nostrud ullamco","fugiat ad officia","ex sunt officia id","occaecat exercitation commodo do","dolore et","aute et ut","dolor veniam in eiusmod"}', DEFAULT, DEFAULT, DEFAULT), ('d9c4b302-5ab0-5114-8120-41d1876c7eb9', '756cbb59-27d6-58f3-b4b9-8b56121e683f', 47, 'public', 'Objective Focused Strategy', '{"aute laboris","ea adipisicing nostrud nisi","aliquip non cillum proident","magna laborum laborum","incididunt labore"}', DEFAULT, DEFAULT, DEFAULT), ('ca1b9e1e-f7c0-5c4a-a566-aabf3f7ebb80', '853509f0-6836-5fa7-87f2-fb0a9a8766d2', 43, 'unlisted', 'Vision Denial Blueprint', '{"veniam incididunt qui ea","pariatur enim"}', DEFAULT, DEFAULT, DEFAULT), ('cde91e33-9c71-56e0-b19e-f2372fa577cf', '2d1d7734-be70-5d07-a538-e76c6cae722e', 50, 'private', 'Secure Objective Playbook', '{}', DEFAULT, DEFAULT, DEFAULT), ('013547e4-326e-5221-8377-310093ccf53a', '01807616-77b8-51e2-9a97-d85b00b2c474', 50, 'private', 'Rotation Strategy Document', '{"irure nulla sint enim aute","consectetur proident pariatur do"}', DEFAULT, DEFAULT, DEFAULT), ('50cffa66-dd91-5aed-8c46-1b76e488de31', 'e4de1a09-bd9a-5e42-b92c-2cb1af28bec6', 46, 'unlisted', 'Rotation Strategy Document', '{"pariatur laborum magna","elit reprehenderit","pariatur","culpa nisi non incididunt"}', DEFAULT, DEFAULT, DEFAULT), ('f550c2bf-a147-5e29-8a01-470336f387eb', '5d378209-1fd5-506f-8b3f-511a16489d69', 46, 'unlisted', 'Map Control Blueprint', '{"quis ut veniam ex pariatur","magna id excepteur","culpa","incididunt do elit","tempor exercitation","ad sit"}', DEFAULT, DEFAULT, DEFAULT), ('a30e3d57-ad0a-594d-9622-8a2514b8110c', '89f211a9-c1e7-5fa6-9108-784d98291012', 48, 'private', 'Roaming Support Plan', '{"reprehenderit esse sunt deserunt","adipisicing ipsum elit ipsum","in reprehenderit ex exercitation"}', DEFAULT, DEFAULT, DEFAULT), ('cb76f565-509b-50d9-bbe4-5c6e7c9b0eb4', '91434b27-2651-5429-8f42-45c3f8e334a0', 50, 'unlisted', 'Secure Objective Playbook', '{"cupidatat","esse enim adipisicing"}', DEFAULT, DEFAULT, DEFAULT), ('a344c7b4-07e6-54df-b4ed-f27c7916e147', '5dd9c208-a224-5712-b987-eab6b9a89e23', 42, 'public', 'Split Push Blueprint', '{"proident officia ipsum excepteur","proident nulla eiusmod","tempor non eiusmod et","laborum","et reprehenderit ullamco irure","et dolor occaecat incididunt"}', DEFAULT, DEFAULT, DEFAULT), ('6c40d2d3-07ad-5aa1-a5fa-cf5861475e5d', '7d0c4d54-58ae-5ddf-b108-590171e8655a', 45, 'unlisted', 'Team Fight Execution Plan', '{"incididunt occaecat anim","fugiat duis Lorem magna ex"}', DEFAULT, DEFAULT, DEFAULT), ('ba7460a4-9316-52e4-9e3a-05ee82b85e66', '438bff0e-fd50-5c86-89ee-d397a0c0e548', 45, 'unlisted', 'Split Push Blueprint', '{"duis do velit nostrud","enim commodo elit","labore irure","officia tempor duis sit amet","nulla in anim","qui adipisicing aliqua","labore sunt","aute eu proident culpa"}', DEFAULT, DEFAULT, DEFAULT), ('fb3595df-62ad-5f54-ac34-3a578952555c', 'd00c085d-72d6-5114-a5fd-ba818539c2f7', 49, 'public', 'Map Control Blueprint', '{"aliqua est pariatur"}', DEFAULT, DEFAULT, DEFAULT), ('90edde40-1b87-5f75-90b9-68639fbcb2b8', '7d0c4d54-58ae-5ddf-b108-590171e8655a', 48, 'unlisted', 'Map Control Blueprint', '{"cillum est pariatur","mollit occaecat non","proident aute commodo labore mag","nulla aliquip sit","magna aliquip","proident eiusmod mollit magna","voluptate","aute exercitation"}', DEFAULT, DEFAULT, DEFAULT), ('ea26a496-35d8-5f3f-a769-a80898ec7b17', '91434b27-2651-5429-8f42-45c3f8e334a0', 42, 'unlisted', 'Aggressive Rush Strategy', '{"nostrud tempor irure mollit","ex anim eiusmod"}', DEFAULT, DEFAULT, DEFAULT), ('035a0a25-d588-551c-9f76-4e9f593ffaf4', 'e4de1a09-bd9a-5e42-b92c-2cb1af28bec6', 49, 'public', 'Aggressive Rush Strategy', '{"eiusmod tempor voluptate","velit irure","labore aute proident nisi mollit"}', DEFAULT, DEFAULT, DEFAULT), ('e7f55997-6008-5d29-9f7f-564ab748cc59', '305fa448-c3bf-59c7-a989-19ae69ce0725', 48, 'private', 'Siege Tactics Handbook', '{"nisi dolor culpa duis","commodo ullamco nulla esse","anim magna","sint officia culpa","dolore","ad ut"}', DEFAULT, DEFAULT, DEFAULT), ('396ce0bd-b3e1-5b3c-94ea-bb5357e1c76a', '9bf2ad50-cccb-50eb-8269-3a7e78bd21f5', 49, 'unlisted', 'Roaming Support Plan', '{"minim aute elit magna","voluptate veniam consequat in","id do","laborum labore"}', DEFAULT, DEFAULT, DEFAULT), ('4cb2c65b-80df-57cc-9c0d-6c346029b88f', 'a5e6c58e-54df-5943-b1b7-463c2ae0fb74', 45, 'public', 'Objective Focused Strategy', '{"elit consectetur incididunt","anim duis ad"}', DEFAULT, DEFAULT, DEFAULT), ('8172dfee-2cce-5dee-9293-b6bd5f74d656', 'd1b8f3f8-af26-5088-8712-273c28ba98f7', 49, 'public', 'Team Fight Execution Plan', '{}', DEFAULT, DEFAULT, DEFAULT), ('910e8e4b-af24-5f28-a2eb-631066a490eb', '811570ef-0b81-508d-ba05-2f5e812d4131', 48, 'public', 'Vision Denial Blueprint', '{"do excepteur duis minim","incididunt laborum dolore","consequat cupidatat reprehenderi","nulla velit aliqua duis","officia enim nisi"}', DEFAULT, DEFAULT, DEFAULT), ('150381a3-e791-54de-9419-0edac12fb9eb', '7d0c4d54-58ae-5ddf-b108-590171e8655a', 42, 'public', 'Counter Pick Blueprint', '{"eu adipisicing","pariatur duis"}', DEFAULT, DEFAULT, DEFAULT), ('ddb37574-0dbe-5aa4-a5e8-b15242cefaff', '98eaafd3-adbf-5a3e-adb9-b3fb6971b6f1', 47, 'private', 'Counter Pick Blueprint', '{}', DEFAULT, DEFAULT, DEFAULT), ('77fbdaed-4103-591b-82ee-3e3fa4b78a9b', '438bff0e-fd50-5c86-89ee-d397a0c0e548', 50, 'public', 'Late Game Scaling Strategy', '{"aliquip cupidatat amet","id exercitation amet ea","magna sit consectetur"}', DEFAULT, DEFAULT, DEFAULT), ('0f1e8b42-396d-5765-be37-bce2ee646e04', '8b7e423b-b9b9-5b3c-bf3d-1aa45d16235c', 44, 'public', 'Defensive Turtle Tactics', '{"sit ut non","mollit nisi","in irure","commodo incididunt nisi officia","cillum laborum dolor anim anim","mollit velit"}', DEFAULT, DEFAULT, DEFAULT), ('5308f8b3-4d4d-529a-bd7c-3a77ac4fe6ae', '8bfeb6d5-d92f-5041-aa1b-39b8365c0a59', 47, 'public', 'Jungle Control Playbook', '{"id exercitation cillum","proident pariatur consequat comm","reprehenderit aute adipisicing","enim incididunt in","officia voluptate"}', DEFAULT, DEFAULT, DEFAULT), ('851e9ece-db38-530e-b3f9-f5e1d49a3b34', '8a0a556f-d942-55f0-8ba8-1ffbfaf3c6d9', 47, 'private', 'Gank Heavy Approach', '{"et sint","elit culpa do consequat","qui","consequat sit in"}', DEFAULT, DEFAULT, DEFAULT), ('2189cd55-c657-5ce9-999a-da1a2dbf7ea0', 'd19db439-c7e7-53a7-aa19-0db346180dc1', 41, 'private', 'Late Game Scaling Strategy', '{"aliquip","eiusmod quis labore","eu","eiusmod excepteur cillum est","qui deserunt amet velit","elit nulla culpa occaecat"}', DEFAULT, DEFAULT, DEFAULT), ('902d4a21-0657-5095-b741-ac0d408bb89e', '853509f0-6836-5fa7-87f2-fb0a9a8766d2', 47, 'private', 'Early Game Dominance Guide', '{"sint","consequat ad aliquip duis","occaecat"}', DEFAULT, DEFAULT, DEFAULT), ('0d40f7c0-72b0-55c2-8e48-c6c65bd9815f', '290e51c6-7ff6-5db4-8f40-69dda051b66c', 42, 'public', 'Map Control Blueprint', '{"laboris dolor","excepteur id ea adipisicing"}', DEFAULT, DEFAULT, DEFAULT), ('f09f5f0c-d6f4-5089-a919-82fdea15dad9', 'e4de1a09-bd9a-5e42-b92c-2cb1af28bec6', 41, 'private', 'Vision Denial Blueprint', '{"anim magna nisi nulla","Lorem elit et quis adipisicing","incididunt qui","incididunt veniam ad pariatur","exercitation in Lorem","quis","proident duis dolor","sunt","irure proident","sint sit et"}', DEFAULT, DEFAULT, DEFAULT), ('9bfcf305-f3a4-5bed-9ee4-3f5ccf9e59af', '98eaafd3-adbf-5a3e-adb9-b3fb6971b6f1', 45, 'private', 'Early Game Dominance Guide', '{"incididunt","elit nisi in","ex tempor","quis id","et dolore","ad veniam aute occaecat","velit aliqua","enim","amet incididunt ipsum duis"}', DEFAULT, DEFAULT, DEFAULT), ('2ff309f0-6726-5920-ad23-47ba58fd2525', '8a0a556f-d942-55f0-8ba8-1ffbfaf3c6d9', 48, 'unlisted', 'Counter Pick Blueprint', '{"ut","proident et"}', DEFAULT, DEFAULT, DEFAULT), ('bac302d7-9e20-52d1-89cc-b0e99ef3b896', 'd19db439-c7e7-53a7-aa19-0db346180dc1', 42, 'public', 'Defensive Turtle Tactics', '{"ipsum non anim","magna"}', DEFAULT, DEFAULT, DEFAULT), ('ef31ceeb-0f8d-5da0-ab9c-18045c420f99', '8bfeb6d5-d92f-5041-aa1b-39b8365c0a59', 45, 'private', 'Defensive Turtle Tactics', '{"incididunt eu labore tempor","officia cillum aliquip ad commod","esse excepteur culpa","quis quis","eiusmod aliqua","ea tempor occaecat","est do"}', DEFAULT, DEFAULT, DEFAULT), ('2be70e34-56ed-5cb2-9758-b8f796ec32ec', '98eaafd3-adbf-5a3e-adb9-b3fb6971b6f1', 50, 'public', 'Wave Management Plan', '{"tempor","Lorem eiusmod","deserunt nostrud ad","ad dolor velit ullamco sit","consequat nostrud magna","consectetur esse reprehenderit"}', DEFAULT, DEFAULT, DEFAULT), ('49e5f9f5-6a8f-5423-81e9-9e8e2c467770', '8a0a556f-d942-55f0-8ba8-1ffbfaf3c6d9', 49, 'unlisted', 'Siege Tactics Handbook', '{"exercitation reprehenderit"}', DEFAULT, DEFAULT, DEFAULT), ('421a5d89-58fa-56e2-87c9-a4c6fd3159db', '19495f2f-99a6-5394-9596-a1d3fb0d3196', 49, 'public', 'Defensive Turtle Tactics', '{}', DEFAULT, DEFAULT, DEFAULT), ('c2ab0ed6-ea98-544f-a35e-cfff5a185dc8', '8bfeb6d5-d92f-5041-aa1b-39b8365c0a59', 42, 'unlisted', 'Roaming Support Plan', '{"incididunt laborum aliquip fugia","et tempor","ex veniam ipsum ullamco tempor","amet non dolore","do laborum eiusmod"}', DEFAULT, DEFAULT, DEFAULT), ('6c6d219e-3884-5c60-8485-0fb500d0b675', 'a3141029-aec2-543b-b18a-49fe947e3304', 48, 'unlisted', 'Roaming Support Plan', '{"ut exercitation eu qui","do aliquip irure tempor"}', DEFAULT, DEFAULT, DEFAULT), ('d5fd2418-0c52-558a-8369-707f9186db0b', '9a184097-b9bc-5f22-ba40-6c62e83423ab', 46, 'unlisted', 'Early Game Dominance Guide', '{"est voluptate culpa","tempor elit"}', DEFAULT, DEFAULT, DEFAULT), ('0f22fcab-183d-5e80-9a98-c495a215f5f8', '549980e7-3e77-5d76-b263-84664d04b209', 41, 'unlisted', 'Defensive Turtle Tactics', '{"consequat qui","Lorem id ipsum","cillum aute incididunt"}', DEFAULT, DEFAULT, DEFAULT), ('f92c2ba5-8b0e-58ef-9364-e364e4c41522', '8c5ef042-1b14-56ed-adba-e25d3960a3cf', 48, 'unlisted', 'Counter Pick Blueprint', '{"occaecat aliquip do exercitation"}', DEFAULT, DEFAULT, DEFAULT), ('e2ec2872-d983-5938-8f1c-38a9a14124dd', '19495f2f-99a6-5394-9596-a1d3fb0d3196', 48, 'public', 'Counter Pick Blueprint', '{"labore fugiat eu irure id","cillum minim","esse ut eu","commodo","aliqua incididunt quis"}', DEFAULT, DEFAULT, DEFAULT), ('4d4230bc-d1b6-532c-9bbf-8c67caf4f9ed', '9a184097-b9bc-5f22-ba40-6c62e83423ab', 43, 'private', 'Early Game Dominance Guide', '{"sint eiusmod cillum","ut id","reprehenderit","aliqua minim qui commodo veniam"}', DEFAULT, DEFAULT, DEFAULT), ('8be9ffc5-25d1-5c32-be1f-9a9ec00544f6', '811570ef-0b81-508d-ba05-2f5e812d4131', 46, 'unlisted', 'Early Game Dominance Guide', '{"voluptate","occaecat id id dolore"}', DEFAULT, DEFAULT, DEFAULT), ('a3241e44-bd93-5a11-a730-863e8eb75275', '882c7ae5-914f-539d-8207-691de536097f', 47, 'private', 'Gank Heavy Approach', '{"minim aute amet consequat","ullamco","sint deserunt ullamco eu","minim fugiat","ipsum anim","eiusmod enim","excepteur ea Lorem ut duis"}', DEFAULT, DEFAULT, DEFAULT), ('a1c32f18-989f-5961-80f5-4a21a838bc95', 'a5831e58-2fc9-5b59-970d-00c344a4eb18', 50, 'private', 'Baron Control Strategy', '{"consequat exercitation","sunt dolor officia occaecat","amet eu irure amet fugiat","excepteur proident eu velit","voluptate aute sit cillum","irure non commodo ex","velit eiusmod","incididunt do anim aliqua","nostrud laborum","aute magna et"}', DEFAULT, DEFAULT, DEFAULT), ('8fde1282-59d1-5f9b-bc10-4130ce793fa9', '2589cf16-4103-5a4f-b544-b30078083eaa', 49, 'public', 'Late Game Scaling Strategy', '{"non nulla et in officia","dolore proident est excepteur","Lorem ullamco excepteur incididu","in excepteur ea","laboris dolor nulla consequat nu","cillum magna ex non"}', DEFAULT, DEFAULT, DEFAULT), ('f85f8e1b-b8a0-528e-bc81-49b3e6a34ee5', '89f211a9-c1e7-5fa6-9108-784d98291012', 42, 'unlisted', 'Wave Management Plan', '{"voluptate est fugiat eiusmod","enim proident","ullamco ex deserunt"}', DEFAULT, DEFAULT, DEFAULT), ('e16cfe57-140d-5b3e-90f8-910575ffdd47', 'd297ab9e-40d4-51b5-bb8f-a1df399f1a9a', 44, 'unlisted', 'Early Game Dominance Guide', '{"aute ut laboris","sit laborum","eu nulla","do consequat anim tempor","enim sunt","voluptate dolore","irure ullamco velit"}', DEFAULT, DEFAULT, DEFAULT), ('06866e23-2aeb-59f2-9d3c-156507eb23db', 'bbc51950-a428-5ed7-b604-6444a902714b', 49, 'private', 'Gank Heavy Approach', '{"reprehenderit incididunt irure e","nulla sit labore do","qui culpa nostrud eiusmod tempor","enim","sunt","ullamco et","ea nulla nostrud","mollit dolore duis incididunt"}', DEFAULT, DEFAULT, DEFAULT), ('e5c44c16-4905-59d0-8c2a-f48ebfc3fdcc', '59558fa1-9cc0-5e85-a331-879d76e07f05', 43, 'unlisted', 'Split Push Blueprint', '{"et officia nostrud labore nostru","exercitation","anim in est sint","ex","consequat quis quis nisi"}', DEFAULT, DEFAULT, DEFAULT), ('0298782b-da7d-55b4-a736-8126dd2f9d32', '305fa448-c3bf-59c7-a989-19ae69ce0725', 45, 'private', 'Early Game Dominance Guide', '{"eu labore amet","dolore aliqua sint amet","veniam Lorem do minim","dolor eu id eiusmod","aliquip deserunt laborum eiusmod","cillum","in culpa"}', DEFAULT, DEFAULT, DEFAULT), ('8f534833-d8c3-5d0a-b63c-bd2740be0330', '8c5ef042-1b14-56ed-adba-e25d3960a3cf', 50, 'private', 'Objective Focused Strategy', '{"officia cillum velit","laboris tempor laboris","deserunt ad labore nulla","aliquip est proident eu","commodo esse","excepteur id aute in","non proident tempor commodo","ex commodo velit qui","et ullamco duis sit","incididunt tempor aliquip pariat"}', DEFAULT, DEFAULT, DEFAULT), ('1caeec83-1956-53fb-9c1a-7f585775c524', 'd19db439-c7e7-53a7-aa19-0db346180dc1', 46, 'public', 'Defensive Turtle Tactics', '{"magna elit","aliqua tempor","incididunt velit consectetur et","et aliquip deserunt do","et id"}', DEFAULT, DEFAULT, DEFAULT), ('28f2bbc2-0260-5d64-a9bf-64e9bc163c30', '9bf2ad50-cccb-50eb-8269-3a7e78bd21f5', 47, 'unlisted', 'Jungle Control Playbook', '{"Lorem labore","minim esse eu aute","consectetur nostrud Lorem id","anim minim","officia labore elit","ut et duis occaecat","laboris non laboris"}', DEFAULT, DEFAULT, DEFAULT), ('8590b74a-b67e-5525-9786-4e0fc4c65d06', 'eecf8a7e-af2f-524d-a645-c5fba3ebda06', 44, 'private', 'Wave Management Plan', '{"officia ex et","sunt in","deserunt ea","quis reprehenderit","dolor occaecat cupidatat","deserunt laborum ipsum"}', DEFAULT, DEFAULT, DEFAULT), ('fa5e4221-0eae-5da7-9a16-5b8399b9ef50', '36f6f3ba-e867-5008-b6c1-829e989f9d2f', 50, 'unlisted', 'Baron Control Strategy', '{"laborum aute aliqua","labore qui sint ea","esse dolor","adipisicing aliquip et duis","ipsum voluptate laboris officia","elit aute sit incididunt","esse voluptate cupidatat","aliquip veniam nostrud et","incididunt incididunt ullamco fu"}', DEFAULT, DEFAULT, DEFAULT), ('fedb01d5-16e2-59fd-8845-ff6a92bd83f7', 'a8212e1b-5577-5c28-9c38-2d4fbd753550', 50, 'unlisted', 'Counter Pick Blueprint', '{"exercitation ad quis quis","duis in amet reprehenderit","pariatur irure minim exercitatio","laboris dolore Lorem Lorem"}', DEFAULT, DEFAULT, DEFAULT), ('d6d0cf2a-b6d2-5f41-bc05-2fe5bf5ca317', '70dc5b0f-7d06-5f95-a4ee-16cc68f3a4b6', 46, 'public', 'Vision Control Blueprint', '{"anim nostrud","adipisicing nulla non elit aliqu","amet do","dolore reprehenderit","qui in cupidatat","aliqua nostrud","consectetur laboris ipsum ex","ea occaecat"}', DEFAULT, DEFAULT, DEFAULT), ('a18cadaa-4531-5180-a607-ad2a5bc25f0c', '5d378209-1fd5-506f-8b3f-511a16489d69', 49, 'public', 'Map Control Blueprint', '{"duis exercitation ea consequat","eu ut nisi fugiat esse","duis magna proident do","exercitation esse velit","non nostrud"}', DEFAULT, DEFAULT, DEFAULT), ('7858de1c-870d-5289-9bbf-085e4de69d79', '29b47b7e-4cec-5d5a-b93d-172770b57ed6', 44, 'unlisted', 'Team Fight Execution Plan', '{"dolor laboris exercitation aliqu","ullamco sint ut enim reprehender","enim id ut enim","esse quis eu ad anim","tempor dolor ea","fugiat proident proident irure e"}', DEFAULT, DEFAULT, DEFAULT), ('c5510993-cf82-5729-a476-bbba91fd2ee1', '92ce3cad-bd68-55a2-9017-d27d51e2e007', 48, 'public', 'Siege Tactics Handbook', '{"ex excepteur in ea","in commodo","est sit","consequat non sit elit amet","pariatur id eu sit aliquip","aute consectetur duis in elit"}', DEFAULT, DEFAULT, DEFAULT), ('65495df9-49dc-5680-b4b7-97fe7364e837', '3ff60d7a-a4ad-54c5-a422-53b52cd53093', 50, 'unlisted', 'Aggressive Rush Strategy', '{"aliqua commodo occaecat ad","cupidatat duis","Lorem dolore et veniam ipsum"}', DEFAULT, DEFAULT, DEFAULT), ('6a08951b-2f4b-5069-a734-056efe107e30', '75e07351-a344-5719-bccf-45791a666af4', 50, 'unlisted', 'Aggressive Rush Strategy', '{}', DEFAULT, DEFAULT, DEFAULT), ('d96e9820-0562-5ef0-a957-fb16e8a3cda6', 'cfbfd1d4-e77f-57e5-94da-e9ff2cc7a996', 46, 'unlisted', 'Team Fight Execution Plan', '{"pariatur aliqua sunt","laboris sit aliquip reprehenderi","enim nulla duis","laboris","excepteur aliquip tempor anim","qui eiusmod esse est","non commodo magna mollit enim","ipsum qui sit amet"}', DEFAULT, DEFAULT, DEFAULT), ('44d39286-2c39-52c0-9fdf-811ac2ac0b4f', '5dd9c208-a224-5712-b987-eab6b9a89e23', 44, 'unlisted', 'Objective Focused Strategy', '{"consequat nostrud occaecat irure","nostrud in fugiat aute eu","ad culpa","esse eu","tempor nisi"}', DEFAULT, DEFAULT, DEFAULT), ('f5284b1c-c867-5bcb-ae27-b4a46054354e', '70dc5b0f-7d06-5f95-a4ee-16cc68f3a4b6', 42, 'unlisted', 'Jungle Control Playbook', '{"nisi sit tempor","adipisicing cupidatat amet labor","cillum eu ad qui cillum","esse nulla nostrud cupidatat","do","nisi","ullamco consequat"}', DEFAULT, DEFAULT, DEFAULT), ('748b6b6e-790a-524c-8953-9f99ff6241ea', '3ff60d7a-a4ad-54c5-a422-53b52cd53093', 46, 'private', 'Early Game Dominance Guide', '{"enim velit ipsum","aute incididunt dolore anim volu","nisi est occaecat do","veniam elit","ullamco commodo minim","non sint eu qui","sit irure voluptate velit incidi"}', DEFAULT, DEFAULT, DEFAULT), ('94e59d3e-1e10-58ee-b57b-120d24970da8', '19495f2f-99a6-5394-9596-a1d3fb0d3196', 41, 'private', 'Early Game Dominance Guide', '{"consectetur eu sit","laboris do"}', DEFAULT, DEFAULT, DEFAULT), ('a501e3c2-1df6-5f20-9532-89c5471331c6', '5dd9c208-a224-5712-b987-eab6b9a89e23', 45, 'private', 'Aggressive Rush Strategy', '{"ea quis non occaecat","aliqua","velit ad","magna duis eiusmod Lorem veniam","sit tempor excepteur irure ipsum","excepteur ex ea laboris magna","sint est deserunt voluptate","nulla reprehenderit excepteur in","non incididunt"}', DEFAULT, DEFAULT, DEFAULT), ('eba1549a-b3ad-5f1e-ad56-15be0771d0f9', '91434b27-2651-5429-8f42-45c3f8e334a0', 44, 'private', 'Roaming Support Plan', '{"adipisicing dolor dolore","cillum non","cupidatat velit sint","magna nulla sit","velit et cillum"}', DEFAULT, DEFAULT, DEFAULT), ('02d6bfb1-b7f1-5129-9d1b-729fd2d36ca6', '5dd9c208-a224-5712-b987-eab6b9a89e23', 43, 'public', 'Objective Focused Strategy', '{"tempor dolore officia minim qui","magna cillum amet laborum qui","do","ex","sit reprehenderit","est","aliquip sit voluptate","qui voluptate dolor aute","eu Lorem esse ipsum"}', DEFAULT, DEFAULT, DEFAULT), ('feadd401-b272-53d1-bc20-6dad4e3ffc29', 'd1b8f3f8-af26-5088-8712-273c28ba98f7', 46, 'private', 'Objective Focused Strategy', '{"anim sint ex","voluptate nostrud consequat","quis eu quis","consequat commodo velit deserunt"}', DEFAULT, DEFAULT, DEFAULT), ('f4023970-bb8c-5175-9f3e-42520be2a6af', 'e5b4727f-be5e-52c0-83cb-cb7ba230945f', 45, 'unlisted', 'Baron Control Strategy', '{"irure eiusmod do officia","pariatur magna","ad voluptate","nostrud incididunt nisi"}', DEFAULT, DEFAULT, DEFAULT), ('ab471cfa-3489-5a6c-bf5c-82aeac3819f5', 'b32027db-33da-5dc2-b906-e0c2a06ac683', 43, 'private', 'Wave Management Plan', '{"officia irure culpa ex nulla","enim id sint excepteur","ut ea proident","dolore consequat magna id","non pariatur minim","incididunt velit id minim"}', DEFAULT, DEFAULT, DEFAULT), ('782d8b69-ae89-5508-b431-d9e3d4f25423', '8c5ef042-1b14-56ed-adba-e25d3960a3cf', 49, 'unlisted', 'Secure Objective Playbook', '{"mollit ex eiusmod ex irure","do eiusmod","Lorem id"}', DEFAULT, DEFAULT, DEFAULT), ('bfbbf302-05a7-5b0c-991e-f7c79f52034e', '70dc5b0f-7d06-5f95-a4ee-16cc68f3a4b6', 47, 'unlisted', 'Objective Focused Strategy', '{"sint enim incididunt","magna nulla aute","deserunt","nostrud dolore exercitation","ipsum ipsum nostrud consectetur","qui dolor cupidatat"}', DEFAULT, DEFAULT, DEFAULT), ('86a9949d-fbe2-5edf-bf64-6b822a75bdc8', 'de459427-bb2c-5381-bdbf-7126efbb65c9', 43, 'private', 'Vision Control Blueprint', '{"ex mollit deserunt","nisi nisi","aliqua sint nostrud non non","duis irure","ullamco nostrud duis","consectetur","fugiat esse cillum fugiat"}', DEFAULT, DEFAULT, DEFAULT), ('3d78c871-f9be-5ceb-b04c-13f9eb63efa0', 'eda91f04-12ef-5904-88aa-e6ed9a692e03', 47, 'unlisted', 'Vision Control Blueprint', '{"cupidatat in","culpa ut non consequat","officia occaecat labore mollit","consequat"}', DEFAULT, DEFAULT, DEFAULT), ('e5e7301c-ed7e-5267-a91e-331eeecbad04', 'a8212e1b-5577-5c28-9c38-2d4fbd753550', 41, 'unlisted', 'Map Control Blueprint', '{"tempor id"}', DEFAULT, DEFAULT, DEFAULT), ('e06f1954-eb7e-5811-8e85-0b7239ac60d6', 'd1b8f3f8-af26-5088-8712-273c28ba98f7', 49, 'unlisted', 'Defensive Turtle Tactics', '{"anim ut tempor minim","nostrud","minim duis tempor","occaecat nisi nostrud esse","ex reprehenderit nisi reprehende","nostrud","officia nulla est mollit"}', DEFAULT, DEFAULT, DEFAULT), ('cbe8ef05-c651-5778-b8a6-717eee524007', '98eaafd3-adbf-5a3e-adb9-b3fb6971b6f1', 44, 'public', 'Gank Heavy Approach', '{"cupidatat proident consectetur d","deserunt ut culpa","commodo nostrud nisi anim"}', DEFAULT, DEFAULT, DEFAULT), ('479e5b51-1e2b-5ac2-b0c4-d0fc97906c11', 'eecf8a7e-af2f-524d-a645-c5fba3ebda06', 49, 'unlisted', 'Late Game Scaling Strategy', '{"enim irure","ipsum","dolor dolore sint Lorem","reprehenderit do consectetur est","quis tempor voluptate","ad fugiat ipsum"}', DEFAULT, DEFAULT, DEFAULT), ('bcb7ae75-c1e7-50cd-ba0b-a339091eb350', '36f6f3ba-e867-5008-b6c1-829e989f9d2f', 43, 'private', 'Late Game Scaling Strategy', '{"dolor ex","incididunt eiusmod nisi","commodo","cillum cupidatat amet in","qui eiusmod","magna eiusmod","reprehenderit adipisicing in exc","ex anim incididunt mollit","irure officia"}', DEFAULT, DEFAULT, DEFAULT), ('22dccad0-36ca-5845-a1bd-b6027b406b8d', 'a5831e58-2fc9-5b59-970d-00c344a4eb18', 44, 'unlisted', 'Siege Tactics Handbook', '{"nulla consectetur exercitation","amet qui","est mollit cupidatat occaecat","ullamco eiusmod","dolore mollit ex","eiusmod tempor","sit sit officia excepteur"}', DEFAULT, DEFAULT, DEFAULT), ('d3293b00-a774-5f1e-99fc-e8f05eabde14', '9b1fc781-1e4e-56d2-bd68-0dc257a319c0', 47, 'unlisted', 'Team Fight Execution Plan', '{"ex","deserunt irure amet anim cupidat","reprehenderit aliquip ea nisi","officia","minim consequat","commodo sint consectetur Lorem"}', DEFAULT, DEFAULT, DEFAULT), ('6822c6f8-ae35-5c57-9558-9cc55665f5cb', '8bfeb6d5-d92f-5041-aa1b-39b8365c0a59', 48, 'private', 'Siege Tactics Handbook', '{"pariatur amet","proident","ut reprehenderit cillum elit","consectetur","aliquip amet nostrud anim magna","ad labore est dolor","reprehenderit ullamco nostrud ad","labore id eiusmod velit","fugiat non mollit nulla"}', DEFAULT, DEFAULT, DEFAULT), ('8ac966bd-de46-5e4a-8401-5328d63ae1b4', '9584676f-0635-591a-a937-d230d9a3abf3', 48, 'unlisted', 'Early Game Dominance Guide', '{"ullamco amet nulla","minim","quis sunt aute","est consequat in occaecat"}', DEFAULT, DEFAULT, DEFAULT), ('36f6354b-1927-5b66-8fab-ef32da0e1694', '882c7ae5-914f-539d-8207-691de536097f', 50, 'public', 'Split Push Blueprint', '{"incididunt incididunt","occaecat Lorem exercitation cons","officia labore commodo","commodo exercitation anim aliqui","ut nostrud labore"}', DEFAULT, DEFAULT, DEFAULT), ('a3befd2b-2867-5547-af7d-2fe7d53b98ef', '290e51c6-7ff6-5db4-8f40-69dda051b66c', 44, 'unlisted', 'Vision Denial Blueprint', '{"in id voluptate","veniam irure","nisi minim","do esse cupidatat in","cillum qui ea non"}', DEFAULT, DEFAULT, DEFAULT), ('4d502d01-8a3a-58bc-acb8-f61c47f35e10', '438bff0e-fd50-5c86-89ee-d397a0c0e548', 49, 'unlisted', 'Siege Tactics Handbook', '{"culpa occaecat","magna id sit","laborum ut duis aute","sunt non minim consequat","irure sint","et veniam adipisicing","quis","amet qui","elit ullamco ipsum ipsum"}', DEFAULT, DEFAULT, DEFAULT), ('ebdf08a4-39c5-5347-ab53-e4ef0e2d1add', 'a88bc9b9-135e-55c7-8c4c-5a072a3c8573', 44, 'public', 'Roaming Support Plan', '{"dolor culpa ipsum","aliquip","enim","ipsum sint","laborum","magna aliquip","veniam","minim id consequat non","eiusmod minim minim"}', DEFAULT, DEFAULT, DEFAULT), ('4cfaa7bd-7f8e-52b6-a079-b1fc1773dccb', '3204ce32-7c5b-5953-969e-fe1d17de6e76', 45, 'private', 'Map Control Blueprint', '{"est","do reprehenderit voluptate eu","excepteur occaecat","ex ex","do voluptate","incididunt","est irure consectetur excepteur","amet deserunt tempor incididunt","commodo velit et ex","labore ea"}', DEFAULT, DEFAULT, DEFAULT), ('379aa38a-0dab-5c06-8cdb-45bf5d7e2d27', 'bbc51950-a428-5ed7-b604-6444a902714b', 43, 'unlisted', 'Split Push Blueprint', '{"irure","enim in duis","laborum mollit"}', DEFAULT, DEFAULT, DEFAULT), ('1cb4e4cf-86cc-5f46-9e77-98b857e060d9', '5777772e-8d66-5c0f-ab03-fb0419760db6', 50, 'private', 'Vision Control Blueprint', '{"exercitation labore","pariatur quis"}', DEFAULT, DEFAULT, DEFAULT), ('f39bcc07-5eef-5435-b6e9-d947c3bae70d', '2589cf16-4103-5a4f-b544-b30078083eaa', 41, 'public', 'Late Game Scaling Strategy', '{"pariatur quis proident","sit voluptate exercitation ex","nulla veniam mollit quis","excepteur nisi sint laborum"}', DEFAULT, DEFAULT, DEFAULT), ('20a16bbe-0188-55a3-8d14-7e2e6b37794e', '92bf5244-388d-5bbf-bd84-1c7ad2efe31b', 49, 'public', 'Split Push Blueprint', '{"qui non","tempor eu ut","nulla ipsum ad deserunt","sunt tempor","amet incididunt sit consectetur ","dolor occaecat deserunt cupidata","dolor sunt ullamco","incididunt voluptate","tempor deserunt culpa irure"}', DEFAULT, DEFAULT, DEFAULT), ('75a162e8-f427-5c64-baca-dba20bc829dd', '92bf5244-388d-5bbf-bd84-1c7ad2efe31b', 47, 'unlisted', 'Objective Focused Strategy', '{"dolore consectetur","commodo qui","proident ex","voluptate","est esse voluptate do","eiusmod nostrud sint mollit","dolore nostrud","sint ut do","ipsum tempor sint"}', DEFAULT, DEFAULT, DEFAULT), ('5075bfb2-60b4-588c-ba9f-cd0f3efae77e', '92ce3cad-bd68-55a2-9017-d27d51e2e007', 45, 'public', 'Vision Denial Blueprint', '{}', DEFAULT, DEFAULT, DEFAULT), ('329b0bda-79b1-53f3-afe7-b7495bde0220', 'd19db439-c7e7-53a7-aa19-0db346180dc1', 42, 'public', 'Rotation Strategy Document', '{"fugiat aliquip sunt proident lab","et proident proident sit dolore","veniam do Lorem"}', DEFAULT, DEFAULT, DEFAULT), ('fc992b53-61aa-5185-8280-7863348ce734', '9b1fc781-1e4e-56d2-bd68-0dc257a319c0', 42, 'unlisted', 'Early Game Dominance Guide', '{"officia nostrud id fugiat","tempor occaecat cillum qui","voluptate laborum excepteur do","nisi laboris"}', DEFAULT, DEFAULT, DEFAULT), ('e15f78fd-c85d-5196-b441-614f0f00a652', 'a5e6c58e-54df-5943-b1b7-463c2ae0fb74', 43, 'unlisted', 'Jungle Control Playbook', '{}', DEFAULT, DEFAULT, DEFAULT), ('27d28c73-d0c0-5545-a0d3-0f0fa8e1aca6', '3204ce32-7c5b-5953-969e-fe1d17de6e76', 42, 'unlisted', 'Roaming Support Plan', '{"aliqua","velit enim sunt aute","exercitation do reprehenderit","tempor velit dolor proident duis","id non nisi ipsum"}', DEFAULT, DEFAULT, DEFAULT), ('bc0ae162-e51f-5f29-b5b0-87887eac9c85', '01807616-77b8-51e2-9a97-d85b00b2c474', 47, 'unlisted', 'Secure Objective Playbook', '{"aliquip","irure Lorem in aute eiusmod","elit laboris esse consequat et"}', DEFAULT, DEFAULT, DEFAULT), ('23cfe397-d97e-55bf-af72-35043f52d2bb', '29b47b7e-4cec-5d5a-b93d-172770b57ed6', 48, 'private', 'Objective Focused Strategy', '{"non ullamco Lorem aute duis"}', DEFAULT, DEFAULT, DEFAULT), ('2135e4d6-4261-59ed-a63d-11a8a55ba0c0', '305fa448-c3bf-59c7-a989-19ae69ce0725', 45, 'unlisted', 'Wave Management Plan', '{"et amet consectetur"}', DEFAULT, DEFAULT, DEFAULT), ('32ca2e92-cee8-58b4-beec-0fd9742bf2df', '19495f2f-99a6-5394-9596-a1d3fb0d3196', 48, 'private', 'Counter Pick Blueprint', '{"pariatur","pariatur voluptate duis consecte","anim exercitation nisi laboris","minim","commodo laborum amet non proiden","eiusmod cillum","non","mollit aute fugiat officia do"}', DEFAULT, DEFAULT, DEFAULT), ('69e335b1-cf42-5234-867f-fc3222ba0932', '92bf5244-388d-5bbf-bd84-1c7ad2efe31b', 47, 'public', 'Defensive Turtle Tactics', '{"proident","est excepteur consequat quis","ipsum enim officia"}', DEFAULT, DEFAULT, DEFAULT), ('4addfd63-7007-5913-b0c6-95e35fe44af0', 'e5b4727f-be5e-52c0-83cb-cb7ba230945f', 45, 'unlisted', 'Defensive Turtle Tactics', '{"enim aliquip incididunt","cillum ex aliquip laborum","dolor dolore ad","culpa sint","exercitation fugiat","culpa eu dolore","nulla officia eiusmod"}', DEFAULT, DEFAULT, DEFAULT), ('29e1da9c-3bfa-53c5-8780-7032cb48ed69', 'a8212e1b-5577-5c28-9c38-2d4fbd753550', 48, 'private', 'Aggressive Rush Strategy', '{}', DEFAULT, DEFAULT, DEFAULT), ('0fe3263a-4b99-5049-afdd-8a29336988d1', 'd19db439-c7e7-53a7-aa19-0db346180dc1', 50, 'private', 'Defensive Turtle Tactics', '{"consequat sint nostrud ipsum sin","ea","qui tempor in","anim ex culpa laboris","commodo aliqua exercitation ad","do commodo aliquip ipsum","sunt velit in qui eiusmod","reprehenderit excepteur elit des","in eu aliqua","ad ea pariatur"}', DEFAULT, DEFAULT, DEFAULT), ('de533318-8238-5b98-90fa-7923fbda78df', '2d1d7734-be70-5d07-a538-e76c6cae722e', 43, 'public', 'Aggressive Rush Strategy', '{"enim dolore","dolor nulla adipisicing fugiat","tempor do culpa occaecat aliqua"}', DEFAULT, DEFAULT, DEFAULT), ('91b0fe2a-8d53-5dfa-804e-dadbd5fed2f0', '853509f0-6836-5fa7-87f2-fb0a9a8766d2', 43, 'unlisted', 'Roaming Support Plan', '{"enim esse quis nostrud enim","occaecat irure mollit","laborum eu laborum aliqua","excepteur","nulla exercitation consequat ut","labore labore sunt enim","et deserunt incididunt duis"}', DEFAULT, DEFAULT, DEFAULT), ('f2da91e9-e150-5eba-811a-769c8b464b2d', 'bbc51950-a428-5ed7-b604-6444a902714b', 47, 'private', 'Aggressive Rush Strategy', '{"ut esse labore","proident veniam non laboris aliq"}', DEFAULT, DEFAULT, DEFAULT), ('830462ad-e07d-578c-9343-4c2f3f3f896d', 'e5b4727f-be5e-52c0-83cb-cb7ba230945f', 41, 'public', 'Aggressive Rush Strategy', '{"mollit do id"}', DEFAULT, DEFAULT, DEFAULT), ('e4d512a0-9012-54c8-a0de-d2cfb46cc4e7', '2d1d7734-be70-5d07-a538-e76c6cae722e', 41, 'private', 'Gank Heavy Approach', '{"deserunt","incididunt officia voluptate vel","officia cupidatat pariatur","ullamco excepteur labore sit","aliqua cupidatat","id et nostrud","occaecat minim consequat veniam"}', DEFAULT, DEFAULT, DEFAULT), ('8fc4ec28-bbda-57ff-86ae-02acc462e7a3', '5d378209-1fd5-506f-8b3f-511a16489d69', 42, 'unlisted', 'Split Push Blueprint', '{"dolore consequat laborum dolore ","adipisicing laborum aute laboris","commodo nulla enim","aliqua deserunt eu cupidatat","id enim"}', DEFAULT, DEFAULT, DEFAULT), ('46cb3ac1-56db-5482-a77b-488299529f1c', '756cbb59-27d6-58f3-b4b9-8b56121e683f', 48, 'unlisted', 'Roaming Support Plan', '{"fugiat excepteur adipisicing","ex esse","est esse","officia officia","est excepteur fugiat","esse ea"}', DEFAULT, DEFAULT, DEFAULT), ('ca6dab04-25c1-5208-bf77-9e5162704420', 'd297ab9e-40d4-51b5-bb8f-a1df399f1a9a', 49, 'private', 'Wave Management Plan', '{"id incididunt dolor","nulla"}', DEFAULT, DEFAULT, DEFAULT), ('54485efb-a52b-5ef1-8d37-32b22dc487d0', 'd19db439-c7e7-53a7-aa19-0db346180dc1', 47, 'private', 'Defensive Turtle Tactics', '{"consequat qui aliqua do nulla","nulla proident incididunt","ea eu qui","fugiat"}', DEFAULT, DEFAULT, DEFAULT), ('1fa8fec1-5ed8-5fb9-afc2-a5a8eea61a64', 'a88bc9b9-135e-55c7-8c4c-5a072a3c8573', 44, 'public', 'Gank Heavy Approach', '{"esse labore","ex commodo deserunt aliqua","officia","nisi pariatur sint elit laborum","voluptate id mollit sit"}', DEFAULT, DEFAULT, DEFAULT), ('21212b38-5327-5020-9dc6-3fca09a6128f', '290e51c6-7ff6-5db4-8f40-69dda051b66c', 45, 'unlisted', 'Baron Control Strategy', '{"adipisicing nulla cupidatat in m","velit reprehenderit","incididunt irure cillum"}', DEFAULT, DEFAULT, DEFAULT), ('b22cc198-1bf7-5cc9-b682-385ac5f11217', 'a5831e58-2fc9-5b59-970d-00c344a4eb18', 42, 'unlisted', 'Map Control Blueprint', '{"duis","aliqua ad","eiusmod officia sit reprehenderi","officia id deserunt","eiusmod irure aute ullamco","dolore pariatur Lorem adipisicin","velit excepteur consequat"}', DEFAULT, DEFAULT, DEFAULT), ('07d77b7a-f8bb-53ab-8750-034a7dc2bcb0', '2589cf16-4103-5a4f-b544-b30078083eaa', 48, 'unlisted', 'Defensive Turtle Tactics', '{"in","occaecat commodo ex incididunt"}', DEFAULT, DEFAULT, DEFAULT), ('f7f63dc3-d8b7-5f42-b802-636e4e3f43bb', '92bf5244-388d-5bbf-bd84-1c7ad2efe31b', 47, 'private', 'Split Push Blueprint', '{"ut cupidatat voluptate","incididunt","commodo do duis voluptate","culpa sit est consectetur","enim est cupidatat commodo","id","anim","minim nostrud sit"}', DEFAULT, DEFAULT, DEFAULT), ('a1dd34cc-747e-59d2-bb04-592165ee24b7', 'b5605791-3389-56c2-9ec6-17d538b9bb85', 50, 'private', 'Late Game Scaling Strategy', '{"occaecat ut aute ullamco","minim nisi pariatur","aliquip officia incididunt nulla","est","ipsum nulla","ad deserunt pariatur occaecat ci","laborum nostrud eu sint"}', DEFAULT, DEFAULT, DEFAULT), ('b111722b-fdf4-55f7-a1ea-183bf540f7e3', 'de459427-bb2c-5381-bdbf-7126efbb65c9', 49, 'unlisted', 'Jungle Control Playbook', '{"fugiat velit"}', DEFAULT, DEFAULT, DEFAULT), ('de288e5e-33f8-5b49-9dad-83fa7d46ac0d', 'eda91f04-12ef-5904-88aa-e6ed9a692e03', 47, 'private', 'Late Game Scaling Strategy', '{"esse cillum aliqua laboris","veniam eu"}', DEFAULT, DEFAULT, DEFAULT), ('f1ab7f2e-7a01-59f1-b811-78e3b78b40bc', '89f211a9-c1e7-5fa6-9108-784d98291012', 48, 'private', 'Vision Denial Blueprint', '{"non","ullamco ea sunt","adipisicing adipisicing","aute non aliquip pariatur nostru","tempor cillum"}', DEFAULT, DEFAULT, DEFAULT), ('e0783de7-ca51-5f0a-a7ac-8dcd533efd10', 'eda91f04-12ef-5904-88aa-e6ed9a692e03', 50, 'unlisted', 'Rotation Strategy Document', '{"incididunt enim labore minim ex","occaecat fugiat","culpa mollit nulla consequat","amet do amet laborum","consectetur ad","ipsum amet consectetur do","Lorem pariatur","cupidatat dolore"}', DEFAULT, DEFAULT, DEFAULT), ('c3238b63-2dda-5915-8ca5-773255a1cfad', '8bfeb6d5-d92f-5041-aa1b-39b8365c0a59', 42, 'private', 'Defensive Turtle Tactics', '{"dolor ullamco anim dolor","velit nisi duis","ut excepteur et","magna proident nostrud sit quis","sunt nisi","amet ea voluptate mollit magna"}', DEFAULT, DEFAULT, DEFAULT), ('7b1aca75-d87e-55c4-87f7-005fafbadfdb', '92bf5244-388d-5bbf-bd84-1c7ad2efe31b', 46, 'public', 'Wave Management Plan', '{"deserunt enim quis nostrud repre","mollit dolor","dolore cupidatat","veniam irure proident","eiusmod nostrud Lorem exercitati","adipisicing sint Lorem ex","ad sit mollit culpa","ipsum reprehenderit","minim dolor sunt"}', DEFAULT, DEFAULT, DEFAULT), ('106d238e-2ba4-525c-8d85-994f8dfb2984', '8a0a556f-d942-55f0-8ba8-1ffbfaf3c6d9', 45, 'unlisted', 'Gank Heavy Approach', '{"in aliqua et","aliqua quis","sint amet","tempor elit exercitation"}', DEFAULT, DEFAULT, DEFAULT), ('72f05d50-2802-535d-af55-29384395d238', '853509f0-6836-5fa7-87f2-fb0a9a8766d2', 49, 'unlisted', 'Rotation Strategy Document', '{"commodo fugiat","aute id","officia enim ipsum labore magna","laboris sit deserunt","irure velit cillum","officia dolore","aliquip excepteur aliqua esse","magna labore nostrud excepteur","excepteur proident"}', DEFAULT, DEFAULT, DEFAULT), ('f914b2f3-d88a-52e4-ac43-1ef8cffb4d34', '853509f0-6836-5fa7-87f2-fb0a9a8766d2', 49, 'public', 'Map Control Blueprint', '{"et ea nisi"}', DEFAULT, DEFAULT, DEFAULT), ('c620930b-8f59-50ae-bf46-b1a3aca28f0a', 'b32027db-33da-5dc2-b906-e0c2a06ac683', 48, 'unlisted', 'Map Control Blueprint', '{"elit commodo excepteur laborum"}', DEFAULT, DEFAULT, DEFAULT), ('c78418ab-6a36-52f6-ad32-89289156138c', 'cfbfd1d4-e77f-57e5-94da-e9ff2cc7a996', 45, 'public', 'Vision Denial Blueprint', '{"do veniam dolore cillum","exercitation","cupidatat velit sint minim","anim est","nisi enim aute sint do"}', DEFAULT, DEFAULT, DEFAULT), ('ed7bef30-09b5-5167-a122-9b398a76eaef', '2589cf16-4103-5a4f-b544-b30078083eaa', 49, 'unlisted', 'Aggressive Rush Strategy', '{"et sunt enim","laborum aliqua ut qui","anim minim voluptate","magna","enim proident nostrud sint conse","nisi velit aliquip excepteur","esse id sunt occaecat occaecat","pariatur eiusmod irure","culpa exercitation","ullamco veniam ullamco"}', DEFAULT, DEFAULT, DEFAULT), ('ecddf116-85cf-5aef-8c73-6e5963680c88', '549980e7-3e77-5d76-b263-84664d04b209', 47, 'private', 'Roaming Support Plan', '{"fugiat ipsum fugiat","aute dolore nulla","est ut ea ut","enim magna","esse ea est ullamco","anim eu dolor"}', DEFAULT, DEFAULT, DEFAULT), ('5bb46529-9916-530c-88e4-31ac6d441591', '89f211a9-c1e7-5fa6-9108-784d98291012', 41, 'private', 'Late Game Scaling Strategy', '{"dolor qui","sunt ullamco enim dolor est","commodo","sit id","eiusmod cillum excepteur","officia fugiat qui culpa minim","est enim irure","duis esse occaecat minim"}', DEFAULT, DEFAULT, DEFAULT), ('8b092693-9a40-5f6a-a57b-3c3e9f5288f7', '290e51c6-7ff6-5db4-8f40-69dda051b66c', 47, 'private', 'Defensive Turtle Tactics', '{"eu dolor nostrud amet","ex veniam do","officia eiusmod consequat in in","occaecat incididunt cupidatat en","culpa ea","eu labore sint cupidatat sunt","veniam nulla esse culpa"}', DEFAULT, DEFAULT, DEFAULT), ('65d96d53-ecd8-5cb9-a3d4-a2842c9c629f', '91fa3874-9437-5dfa-a49a-f19fb38d9e92', 43, 'private', 'Vision Denial Blueprint', '{"et deserunt cillum","occaecat","veniam magna fugiat excepteur","aute qui cupidatat consectetur q"}', DEFAULT, DEFAULT, DEFAULT), ('672c681b-4325-56a5-8413-28facb838b89', '2d1d7734-be70-5d07-a538-e76c6cae722e', 46, 'unlisted', 'Wave Management Plan', '{"cupidatat eu","esse reprehenderit"}', DEFAULT, DEFAULT, DEFAULT), ('49d19d37-5ee3-59d0-a985-37b5b703ceb0', '2d1d7734-be70-5d07-a538-e76c6cae722e', 43, 'public', 'Team Fight Execution Plan', '{}', DEFAULT, DEFAULT, DEFAULT), ('66e9d7dd-018c-5299-8470-9f074683bd55', '305fa448-c3bf-59c7-a989-19ae69ce0725', 45, 'unlisted', 'Early Game Dominance Guide', '{"nisi sunt laborum nulla ea","laborum ullamco labore est anim","deserunt minim aliqua dolor cons","amet irure consectetur ex ex"}', DEFAULT, DEFAULT, DEFAULT), ('d4a93045-0519-5ae2-8bd3-51a7d07f2b97', '5dd9c208-a224-5712-b987-eab6b9a89e23', 41, 'private', 'Split Push Blueprint', '{"qui cillum consectetur reprehend","laborum"}', DEFAULT, DEFAULT, DEFAULT), ('b5bd1f0b-0be5-592a-87b7-65db36f2fa17', '9bf2ad50-cccb-50eb-8269-3a7e78bd21f5', 41, 'unlisted', 'Aggressive Rush Strategy', '{"enim incididunt","et anim","tempor adipisicing"}', DEFAULT, DEFAULT, DEFAULT), ('902168ab-57a5-5714-b589-ecf1bd6d2517', '8a0a556f-d942-55f0-8ba8-1ffbfaf3c6d9', 41, 'unlisted', 'Vision Control Blueprint', '{"veniam ullamco","commodo consectetur excepteur","dolore"}', DEFAULT, DEFAULT, DEFAULT), ('8e1b1af0-d36a-5958-9b32-c8f59e8edaf9', '01807616-77b8-51e2-9a97-d85b00b2c474', 44, 'private', 'Objective Focused Strategy', '{"voluptate sint aute quis","laboris labore sunt magna","fugiat nulla","id adipisicing est reprehenderit","veniam nostrud","veniam eiusmod consectetur volup"}', DEFAULT, DEFAULT, DEFAULT), ('9ca1e23a-7fd9-5be2-b14a-5f50a52fda0a', 'd1b8f3f8-af26-5088-8712-273c28ba98f7', 41, 'private', 'Counter Pick Blueprint', '{"in eu elit incididunt labore","ipsum"}', DEFAULT, DEFAULT, DEFAULT), ('b458c0d2-4d21-597a-9d7c-522e47032d79', '5dd9c208-a224-5712-b987-eab6b9a89e23', 45, 'unlisted', 'Siege Tactics Handbook', '{"sint do do Lorem","culpa ad aliquip irure ea"}', DEFAULT, DEFAULT, DEFAULT), ('aeae5590-e6d3-5c02-8a1c-40a6bcf61bd6', '8b7e423b-b9b9-5b3c-bf3d-1aa45d16235c', 43, 'private', 'Vision Control Blueprint', '{"ullamco irure cillum voluptate o","cupidatat","excepteur consectetur esse"}', DEFAULT, DEFAULT, DEFAULT), ('e62ff15d-b4e8-5f8b-b8c8-56d105c9d705', '1e7e0bcb-4fc0-5d72-81a5-d67a74a13595', 48, 'private', 'Defensive Turtle Tactics', '{"officia officia","reprehenderit et","irure officia exercitation","cupidatat ut sit","aliquip ut irure quis"}', DEFAULT, DEFAULT, DEFAULT), ('2650d5c8-a9d2-57ad-a70d-8c89cf994021', 'e4de1a09-bd9a-5e42-b92c-2cb1af28bec6', 49, 'private', 'Vision Denial Blueprint', '{"occaecat excepteur ex cupidatat","consequat sunt qui laborum esse","magna consequat commodo mollit"}', DEFAULT, DEFAULT, DEFAULT), ('57851dd8-0d7e-5b03-b70f-32940ae107ce', '290e51c6-7ff6-5db4-8f40-69dda051b66c', 46, 'unlisted', 'Team Fight Execution Plan', '{"do ullamco esse","laboris ullamco enim aute","anim cupidatat","sit irure","exercitation id est ullamco","consectetur","excepteur culpa magna id","magna","velit id"}', DEFAULT, DEFAULT, DEFAULT), ('0bb88883-c32b-547d-bac2-9dcbf9437722', '98eaafd3-adbf-5a3e-adb9-b3fb6971b6f1', 44, 'unlisted', 'Vision Control Blueprint', '{"incididunt voluptate velit","ea nisi sit nulla","veniam cillum","ipsum","commodo consectetur dolor eiusmo"}', DEFAULT, DEFAULT, DEFAULT), ('f2096d39-9bcd-5cc9-af38-3924bad39e01', '9b1fc781-1e4e-56d2-bd68-0dc257a319c0', 47, 'unlisted', 'Aggressive Rush Strategy', '{"consequat laborum esse"}', DEFAULT, DEFAULT, DEFAULT), ('cdc85c53-30bc-5c6e-91cc-2af72696e64b', '8926b9fd-34b2-5421-a25c-9cd89c12cad0', 44, 'private', 'Objective Focused Strategy', '{"minim id minim sint","amet sit ex","duis sit fugiat"}', DEFAULT, DEFAULT, DEFAULT), ('a0fe813c-8a2e-57ff-8950-530eb72350cc', '9b1fc781-1e4e-56d2-bd68-0dc257a319c0', 41, 'public', 'Aggressive Rush Strategy', '{"quis magna minim amet mollit","qui proident","excepteur id ipsum","pariatur et","ex in quis"}', DEFAULT, DEFAULT, DEFAULT), ('3dcb1c72-1f38-50a2-8a79-9f8b83862a0b', '9584676f-0635-591a-a937-d230d9a3abf3', 50, 'public', 'Baron Control Strategy', '{}', DEFAULT, DEFAULT, DEFAULT), ('b529db67-e1b4-5e7d-9a32-267867bbcbad', 'bbc51950-a428-5ed7-b604-6444a902714b', 41, 'public', 'Early Game Dominance Guide', '{"eiusmod officia","id nostrud","pariatur cupidatat","id aute","velit eu consectetur","sit anim ex","culpa voluptate sit"}', DEFAULT, DEFAULT, DEFAULT), ('89b21cb6-fbf3-585a-b9c1-304fad97258b', 'eecf8a7e-af2f-524d-a645-c5fba3ebda06', 42, 'unlisted', 'Vision Control Blueprint', '{"quis irure enim deserunt dolor"}', DEFAULT, DEFAULT, DEFAULT), ('8af27ce1-15c1-5703-a4c5-07ea669df0c7', '3ff60d7a-a4ad-54c5-a422-53b52cd53093', 44, 'public', 'Late Game Scaling Strategy', '{"magna labore"}', DEFAULT, DEFAULT, DEFAULT), ('e9960db1-b450-5d20-820c-87fab4f40dc8', 'a88bc9b9-135e-55c7-8c4c-5a072a3c8573', 50, 'private', 'Vision Control Blueprint', '{"ad ipsum"}', DEFAULT, DEFAULT, DEFAULT), ('2dd10f1f-4836-53b2-b2b6-ae71861e43d0', '756cbb59-27d6-58f3-b4b9-8b56121e683f', 48, 'private', 'Roaming Support Plan', '{"eiusmod nisi nisi ea","est","ad amet pariatur duis","sint sint nostrud ullamco","nulla","voluptate nulla sit","aute aliquip"}', DEFAULT, DEFAULT, DEFAULT), ('09d4e842-df61-577d-8d06-00daf3b676e2', 'ac9f0e3e-b030-584f-a8dd-87355fe22537', 43, 'unlisted', 'Early Game Dominance Guide', '{"deserunt","et laborum","adipisicing aliqua officia labor","consectetur","in et eiusmod ea"}', DEFAULT, DEFAULT, DEFAULT), ('6fe4789e-9a02-5c94-8c81-5bb4cffd7850', '01807616-77b8-51e2-9a97-d85b00b2c474', 43, 'public', 'Siege Tactics Handbook', '{"proident pariatur","magna tempor occaecat"}', DEFAULT, DEFAULT, DEFAULT), ('62834a20-27ac-5894-8947-a4e2ffb67f5b', '2d1d7734-be70-5d07-a538-e76c6cae722e', 46, 'unlisted', 'Rotation Strategy Document', '{"cillum culpa minim","est magna","mollit aute deserunt do","nulla dolore eiusmod labore","nisi occaecat","Lorem in ad amet"}', DEFAULT, DEFAULT, DEFAULT), ('ce25e6d7-50b4-50c3-8210-685ee22346f3', '811570ef-0b81-508d-ba05-2f5e812d4131', 41, 'unlisted', 'Gank Heavy Approach', '{"amet nostrud","nostrud sint","laboris qui esse officia","dolor tempor","ad magna reprehenderit incididun","duis"}', DEFAULT, DEFAULT, DEFAULT), ('a4e4a518-fb32-53bf-9d1c-f336f8cd8c45', '19495f2f-99a6-5394-9596-a1d3fb0d3196', 47, 'public', 'Late Game Scaling Strategy', '{"quis minim nostrud","id excepteur","enim dolor","aliquip cupidatat ea fugiat","sint quis","est dolore","anim commodo quis"}', DEFAULT, DEFAULT, DEFAULT), ('d5862a76-70cd-55db-a302-365d7ec101f5', 'cfbfd1d4-e77f-57e5-94da-e9ff2cc7a996', 50, 'public', 'Wave Management Plan', '{"fugiat duis enim","anim enim elit","ullamco nulla","Lorem sit irure elit","minim eiusmod","excepteur ex","duis do fugiat"}', DEFAULT, DEFAULT, DEFAULT), ('fff5567f-d4a5-542e-ba70-1119521ca0cb', 'a8212e1b-5577-5c28-9c38-2d4fbd753550', 47, 'public', 'Defensive Turtle Tactics', '{"eiusmod laborum elit est consect","enim","nostrud exercitation"}', DEFAULT, DEFAULT, DEFAULT), ('48abaf7b-d65e-5371-8d5f-1be4621911e6', 'bbc51950-a428-5ed7-b604-6444a902714b', 41, 'unlisted', 'Baron Control Strategy', '{"id commodo aute cupidatat offici","ipsum aliqua","Lorem"}', DEFAULT, DEFAULT, DEFAULT), ('05b8ebd6-06e1-5ce6-85d9-1fda124d11b0', '9b1fc781-1e4e-56d2-bd68-0dc257a319c0', 43, 'unlisted', 'Objective Focused Strategy', '{"magna veniam Lorem commodo","nostrud fugiat adipisicing deser","et in minim deserunt","ullamco ea","cillum ex magna voluptate aliqua","esse non ea","anim culpa do consectetur","est esse","reprehenderit esse"}', DEFAULT, DEFAULT, DEFAULT), ('be5a4c70-a4ff-57c0-8c2c-437a6d77f25c', 'a5831e58-2fc9-5b59-970d-00c344a4eb18', 50, 'public', 'Vision Denial Blueprint', '{"non"}', DEFAULT, DEFAULT, DEFAULT), ('e6ff83af-5ec2-537d-b04b-784bd77a5871', '70dc5b0f-7d06-5f95-a4ee-16cc68f3a4b6', 44, 'private', 'Split Push Blueprint', '{"Lorem deserunt consequat","consectetur eiusmod reprehenderi","enim sunt"}', DEFAULT, DEFAULT, DEFAULT), ('dc9bffb4-1647-5c5d-8c1f-d89500e89900', 'a3141029-aec2-543b-b18a-49fe947e3304', 42, 'unlisted', 'Defensive Turtle Tactics', '{"esse mollit tempor","dolor","ex labore incididunt exercitatio","Lorem magna id"}', DEFAULT, DEFAULT, DEFAULT), ('ec767a01-17bb-518c-9633-78ebc8caded3', 'a3141029-aec2-543b-b18a-49fe947e3304', 46, 'private', 'Baron Control Strategy', '{"nostrud qui ea","eiusmod incididunt","eiusmod consectetur","anim sunt Lorem","ea nisi non cupidatat consequat","sunt adipisicing","pariatur incididunt","est esse adipisicing"}', DEFAULT, DEFAULT, DEFAULT), ('6c642b40-bb15-55fa-9319-9c100d27adc7', 'e4de1a09-bd9a-5e42-b92c-2cb1af28bec6', 49, 'private', 'Vision Denial Blueprint', '{"non qui et est","fugiat sunt irure nisi","voluptate aliqua ex proident ame","non commodo","ad sint duis est"}', DEFAULT, DEFAULT, DEFAULT), ('197f52e9-f9b3-54a3-a900-9ddcd2cd98d5', '6c52c1d9-13a4-51ef-ae51-1dacc4c14be9', 43, 'unlisted', 'Vision Control Blueprint', '{"ullamco voluptate duis fugiat","deserunt culpa","aliqua anim","adipisicing duis"}', DEFAULT, DEFAULT, DEFAULT), ('b239ffdb-847f-5400-b1f9-97e186ea36bc', 'a5e6c58e-54df-5943-b1b7-463c2ae0fb74', 41, 'private', 'Wave Management Plan', '{"nulla id","nulla quis","occaecat proident","voluptate nostrud","proident nostrud ex","deserunt sint","ea aliqua eiusmod anim","in amet"}', DEFAULT, DEFAULT, DEFAULT), ('c3124970-b58c-5748-8a01-4ba1d7466b2b', '8c5ef042-1b14-56ed-adba-e25d3960a3cf', 50, 'unlisted', 'Objective Focused Strategy', '{"officia mollit nostrud sint","do laborum","occaecat minim esse","qui consectetur et","incididunt proident","velit","velit proident"}', DEFAULT, DEFAULT, DEFAULT), ('2fbdef88-7d4a-5528-bb59-74f725709563', 'd00c085d-72d6-5114-a5fd-ba818539c2f7', 43, 'private', 'Map Control Blueprint', '{"sint nostrud elit","est aliqua incididunt id","mollit","id anim reprehenderit sit sint","velit nisi velit elit adipisicin","labore veniam culpa enim minim"}', DEFAULT, DEFAULT, DEFAULT), ('a03637de-3a86-5f2c-a9a1-71bb222f301f', 'a8212e1b-5577-5c28-9c38-2d4fbd753550', 45, 'private', 'Aggressive Rush Strategy', '{"amet","veniam elit","magna","aute cupidatat ut"}', DEFAULT, DEFAULT, DEFAULT), ('536d5b0c-dc7c-598f-8fa0-b21c4cd85d48', '01807616-77b8-51e2-9a97-d85b00b2c474', 46, 'unlisted', 'Counter Pick Blueprint', '{"irure labore elit adipisicing","sit anim excepteur nostrud","exercitation irure minim","ipsum tempor culpa Lorem","dolore veniam","consequat quis dolor sunt"}', DEFAULT, DEFAULT, DEFAULT), ('f04b6b4b-d5ea-517f-8a7d-71713980487c', '01807616-77b8-51e2-9a97-d85b00b2c474', 49, 'unlisted', 'Rotation Strategy Document', '{"qui enim nostrud","tempor"}', DEFAULT, DEFAULT, DEFAULT), ('363e1d5b-f7b0-5ee0-a43a-f471f9cf9338', '8bfeb6d5-d92f-5041-aa1b-39b8365c0a59', 42, 'private', 'Late Game Scaling Strategy', '{"minim","tempor sunt est","do laboris irure","commodo voluptate ea aliqua","ut magna proident","in magna exercitation aliqua mag","culpa velit","esse commodo","proident cillum"}', DEFAULT, DEFAULT, DEFAULT), ('edcc2203-6787-52aa-bc0b-a6dcc59388be', '9bf2ad50-cccb-50eb-8269-3a7e78bd21f5', 45, 'public', 'Vision Control Blueprint', '{"sunt Lorem aliquip eiusmod","elit ullamco non","commodo sint adipisicing","irure voluptate","amet qui commodo cillum veniam","qui proident","velit adipisicing consectetur","reprehenderit culpa sunt ad","deserunt veniam","excepteur consequat"}', DEFAULT, DEFAULT, DEFAULT), ('474b1c92-271b-5e78-878e-3e82398a6e7c', '5d378209-1fd5-506f-8b3f-511a16489d69', 42, 'unlisted', 'Jungle Control Playbook', '{"in qui","velit aliqua ut velit"}', DEFAULT, DEFAULT, DEFAULT), ('8997d96a-4a2f-5fcd-a0a2-88e875f8bba7', '9bf2ad50-cccb-50eb-8269-3a7e78bd21f5', 44, 'unlisted', 'Split Push Blueprint', '{}', DEFAULT, DEFAULT, DEFAULT), ('f61f0c83-60cb-5fa8-a27a-67e606b63adb', 'bbc51950-a428-5ed7-b604-6444a902714b', 46, 'private', 'Defensive Turtle Tactics', '{"elit mollit enim ex","cupidatat qui duis","aute","minim cupidatat","eu aliqua dolor","veniam adipisicing ut","pariatur ut in incididunt ipsum","quis non"}', DEFAULT, DEFAULT, DEFAULT), ('30d213ab-4615-5d8b-abee-5b4875c8bfdf', '882c7ae5-914f-539d-8207-691de536097f', 42, 'private', 'Roaming Support Plan', '{"tempor ipsum ullamco dolore"}', DEFAULT, DEFAULT, DEFAULT), ('7d042aff-1b5b-531f-917f-48f2d58d33c7', 'e5b4727f-be5e-52c0-83cb-cb7ba230945f', 46, 'private', 'Team Fight Execution Plan', '{"velit id ea","ipsum fugiat","magna","pariatur","irure duis laboris amet"}', DEFAULT, DEFAULT, DEFAULT), ('30e1e77d-2bcf-5591-97ec-d99bd552d8f0', '3ff60d7a-a4ad-54c5-a422-53b52cd53093', 42, 'public', 'Vision Denial Blueprint', '{"Lorem exercitation Lorem do ut","consectetur nostrud esse non","excepteur reprehenderit excepteu","in occaecat duis","excepteur officia esse aliquip","aute excepteur velit eiusmod","ad consequat aliquip quis volupt","voluptate aliqua exercitation au","est eiusmod velit aute","dolor incididunt deserunt magna"}', DEFAULT, DEFAULT, DEFAULT), ('d53a4a7c-125e-52cd-8ba3-aa3916f71140', '8d3f145b-67b0-504d-b49a-d59ecea5d2d8', 42, 'unlisted', 'Vision Control Blueprint', '{"fugiat consequat aute et","proident laborum minim sint aliq","ex velit enim"}', DEFAULT, DEFAULT, DEFAULT), ('47f797b2-50c1-56af-abe6-0081dabe5efd', 'b7a89d05-549f-565f-b631-b59097e91d1a', 47, 'private', 'Counter Pick Blueprint', '{"ullamco","pariatur eiusmod laboris sit","ad proident anim","sit quis nostrud","pariatur","duis ad","elit cillum amet occaecat","quis ad laboris anim"}', DEFAULT, DEFAULT, DEFAULT), ('3ebbec39-d360-5461-b442-70abf723c8b8', '9b1fc781-1e4e-56d2-bd68-0dc257a319c0', 44, 'private', 'Aggressive Rush Strategy', '{"aute nulla deserunt","aute Lorem amet ullamco in","est do esse amet","commodo elit","reprehenderit adipisicing","amet quis sunt","nulla quis aute sint","cillum est labore et"}', DEFAULT, DEFAULT, DEFAULT), ('3821efb6-356e-53bd-8a0b-239426475be5', 'd297ab9e-40d4-51b5-bb8f-a1df399f1a9a', 43, 'public', 'Siege Tactics Handbook', '{"dolor proident","exercitation voluptate et aliqua","dolore reprehenderit ex occaecat","officia sit laboris","magna enim ullamco labore","occaecat occaecat","consectetur anim nisi laborum","enim nostrud","voluptate nisi esse dolore"}', DEFAULT, DEFAULT, DEFAULT), ('f62571e6-585e-5709-b04e-861b7f3db2d2', '5dd9c208-a224-5712-b987-eab6b9a89e23', 42, 'public', 'Roaming Support Plan', '{"cillum excepteur ea proident in"}', DEFAULT, DEFAULT, DEFAULT), ('f706ef0d-b4c8-54ee-ba4a-8f6af14717f8', 'cfbfd1d4-e77f-57e5-94da-e9ff2cc7a996', 42, 'unlisted', 'Counter Pick Blueprint', '{"aliqua","ex ad","anim eiusmod labore pariatur","eiusmod velit","aliqua ex dolore sit"}', DEFAULT, DEFAULT, DEFAULT), ('da6a602b-9dc0-5e13-87e9-323f368838a2', '91434b27-2651-5429-8f42-45c3f8e334a0', 50, 'unlisted', 'Gank Heavy Approach', '{"quis elit qui aliqua","do ut","aute","esse ex deserunt sunt","anim adipisicing sunt laboris","pariatur"}', DEFAULT, DEFAULT, DEFAULT), ('ae022a2e-97fe-53d7-ace2-f700a65995e2', '92ce3cad-bd68-55a2-9017-d27d51e2e007', 49, 'unlisted', 'Jungle Control Playbook', '{"sint dolor nulla","cillum eu","dolore laboris irure nostrud","consequat est duis","adipisicing eu","ullamco exercitation consequat o","sit sit cillum ullamco","excepteur enim cupidatat aliqua"}', DEFAULT, DEFAULT, DEFAULT), ('7f27719e-c551-5cfa-ab24-3e6a917bc77f', '305fa448-c3bf-59c7-a989-19ae69ce0725', 46, 'public', 'Vision Control Blueprint', '{"quis consectetur","irure occaecat ut amet incididun","id do","pariatur anim laborum","laboris","ea est culpa","do"}', DEFAULT, DEFAULT, DEFAULT), ('a7afe8c7-8469-5a59-9246-cc18b3ce4b7b', '9a184097-b9bc-5f22-ba40-6c62e83423ab', 43, 'private', 'Baron Control Strategy', '{}', DEFAULT, DEFAULT, DEFAULT), ('8111ec5f-e01a-5ad1-b89a-b7a64419e202', '2589cf16-4103-5a4f-b544-b30078083eaa', 49, 'public', 'Vision Denial Blueprint', '{"enim adipisicing","in aute exercitation laboris","anim amet exercitation ut","dolore cupidatat culpa velit com","minim pariatur quis cillum exerc"}', DEFAULT, DEFAULT, DEFAULT), ('af41c136-c26c-5e1c-81f1-2d9f923ca606', '5d378209-1fd5-506f-8b3f-511a16489d69', 46, 'public', 'Aggressive Rush Strategy', '{"nostrud do mollit"}', DEFAULT, DEFAULT, DEFAULT), ('7594efe5-aff1-5874-a5ed-4a9edc7b66bf', '2d1d7734-be70-5d07-a538-e76c6cae722e', 47, 'unlisted', 'Defensive Turtle Tactics', '{}', DEFAULT, DEFAULT, DEFAULT), ('ee2f9514-a689-5e06-84f0-7f27b56a3774', 'd1b8f3f8-af26-5088-8712-273c28ba98f7', 50, 'private', 'Aggressive Rush Strategy', '{"commodo","Lorem ipsum nisi aliquip","eiusmod irure nulla","anim eu","aliqua nulla"}', DEFAULT, DEFAULT, DEFAULT), ('59ac239c-144e-5ca7-b3e8-b97418726740', 'a5e6c58e-54df-5943-b1b7-463c2ae0fb74', 43, 'unlisted', 'Early Game Dominance Guide', '{"commodo sunt","eiusmod anim et non non"}', DEFAULT, DEFAULT, DEFAULT), ('7992b22f-6c16-50ae-ae54-fd84bedb78e7', '5777772e-8d66-5c0f-ab03-fb0419760db6', 44, 'public', 'Jungle Control Playbook', '{"reprehenderit esse veniam magna","aute labore exercitation","do aute ea cupidatat"}', DEFAULT, DEFAULT, DEFAULT), ('eeb6a56c-bf20-5164-a9c4-2438947a1635', '70dc5b0f-7d06-5f95-a4ee-16cc68f3a4b6', 41, 'public', 'Split Push Blueprint', '{"reprehenderit nulla","irure exercitation laboris","mollit quis est","aute elit quis amet elit","elit occaecat","aliqua","excepteur in cillum do","ex nisi irure cupidatat"}', DEFAULT, DEFAULT, DEFAULT), ('ba263b84-62af-5be6-a1da-34f8a9b1c708', 'a8212e1b-5577-5c28-9c38-2d4fbd753550', 48, 'public', 'Team Fight Execution Plan', '{"sit","anim minim ea elit deserunt","consequat ex","magna incididunt veniam excepteu"}', DEFAULT, DEFAULT, DEFAULT), ('0eda511d-00fb-5edd-a94c-61620ced28e5', 'e5b4727f-be5e-52c0-83cb-cb7ba230945f', 43, 'private', 'Defensive Turtle Tactics', '{"cillum sint fugiat","elit reprehenderit enim sunt","veniam"}', DEFAULT, DEFAULT, DEFAULT), ('4a82ca5f-1296-51b0-9319-05459a439c92', 'b7a89d05-549f-565f-b631-b59097e91d1a', 49, 'unlisted', 'Team Fight Execution Plan', '{"ad tempor","fugiat","nostrud eu fugiat","tempor ullamco eiusmod cupidatat"}', DEFAULT, DEFAULT, DEFAULT), ('230e6990-91f4-5dc7-b6bc-229a44985e25', '9bf2ad50-cccb-50eb-8269-3a7e78bd21f5', 42, 'private', 'Gank Heavy Approach', '{"cillum nostrud ullamco ut et","veniam sit","consectetur fugiat magna laborum","deserunt","veniam laboris voluptate dolor n","eiusmod sit culpa"}', DEFAULT, DEFAULT, DEFAULT), ('01a97da4-f21e-511b-9160-a834d5d7f82e', 'd00c085d-72d6-5114-a5fd-ba818539c2f7', 43, 'unlisted', 'Split Push Blueprint', '{"fugiat nisi do exercitation","exercitation nostrud","magna pariatur reprehenderit qui","in","sunt sunt quis velit","reprehenderit","sint reprehenderit ad nulla","mollit cillum ad adipisicing"}', DEFAULT, DEFAULT, DEFAULT), ('1c5613fb-a627-5391-a9ff-0cc49d9b395b', '5dd9c208-a224-5712-b987-eab6b9a89e23', 46, 'unlisted', 'Early Game Dominance Guide', '{"tempor elit","do elit eu","aliqua eiusmod ex est","amet ea adipisicing","proident duis voluptate laboris","ex laboris nostrud culpa","irure quis incididunt officia"}', DEFAULT, DEFAULT, DEFAULT), ('69b55afa-a769-5eae-849b-0607118f6f38', '9584676f-0635-591a-a937-d230d9a3abf3', 47, 'public', 'Aggressive Rush Strategy', '{"eu dolor id","deserunt esse nostrud ea","ad","laboris qui magna","sit nulla est","eiusmod amet irure voluptate","consequat consectetur","exercitation qui excepteur incid"}', DEFAULT, DEFAULT, DEFAULT), ('5653d3f7-e466-5b59-9cc7-02634d975655', 'cfbfd1d4-e77f-57e5-94da-e9ff2cc7a996', 50, 'unlisted', 'Wave Management Plan', '{"labore elit veniam occaecat","aute"}', DEFAULT, DEFAULT, DEFAULT), ('11917a47-b89e-5663-8d37-049fe2bf5b34', 'd19db439-c7e7-53a7-aa19-0db346180dc1', 42, 'unlisted', 'Late Game Scaling Strategy', '{}', DEFAULT, DEFAULT, DEFAULT), ('c68ff46b-b1a9-581e-aa43-737e3b976580', '2d1d7734-be70-5d07-a538-e76c6cae722e', 43, 'unlisted', 'Objective Focused Strategy', '{"esse consequat consectetur sint","sint tempor ut","elit mollit ipsum","qui deserunt commodo dolor","magna ad eu nulla","ex consectetur"}', DEFAULT, DEFAULT, DEFAULT), ('e8d13e33-32bc-5c1a-9371-8f828965d869', '9a184097-b9bc-5f22-ba40-6c62e83423ab', 46, 'public', 'Early Game Dominance Guide', '{"consequat enim","ea ex voluptate","ex quis laborum","exercitation sunt sunt exercitat","nisi esse esse","nisi dolore duis"}', DEFAULT, DEFAULT, DEFAULT), ('79cca71d-1dd7-5b78-9e31-229bb9872504', '01807616-77b8-51e2-9a97-d85b00b2c474', 44, 'public', 'Wave Management Plan', '{"ipsum anim enim et","laborum","anim velit mollit irure cillum","minim reprehenderit","officia sit irure","occaecat nulla","fugiat"}', DEFAULT, DEFAULT, DEFAULT), ('cdf1b1e3-61cd-52e6-b86e-eec98ea71e23', '9a184097-b9bc-5f22-ba40-6c62e83423ab', 48, 'private', 'Siege Tactics Handbook', '{"pariatur enim cupidatat","proident","tempor aliqua quis","nostrud magna","in quis"}', DEFAULT, DEFAULT, DEFAULT), ('98ea8abd-4f3f-5750-b436-afb8aa79fb82', '89f211a9-c1e7-5fa6-9108-784d98291012', 47, 'private', 'Wave Management Plan', '{"commodo","consequat sint dolore","consectetur incididunt","in laboris exercitation duis","do","excepteur","id et cupidatat fugiat","quis nisi laborum occaecat"}', DEFAULT, DEFAULT, DEFAULT), ('bc227bd7-3214-5075-bca0-3f60046ac216', 'de459427-bb2c-5381-bdbf-7126efbb65c9', 44, 'unlisted', 'Map Control Blueprint', '{"nisi consectetur aliqua voluptat","pariatur deserunt ullamco","et eu"}', DEFAULT, DEFAULT, DEFAULT), ('8fd84214-96a6-5d6c-8437-0646145f15a1', '853509f0-6836-5fa7-87f2-fb0a9a8766d2', 44, 'unlisted', 'Split Push Blueprint', '{"dolor irure deserunt","eiusmod magna laborum"}', DEFAULT, DEFAULT, DEFAULT), ('7b269807-4fdc-5847-8a5c-807ffa02f953', '5d378209-1fd5-506f-8b3f-511a16489d69', 50, 'public', 'Aggressive Rush Strategy', '{"enim deserunt","nostrud nulla","magna non tempor excepteur","adipisicing nulla cupidatat","Lorem","esse enim esse","sit","elit irure","aliqua excepteur sint aute","aute et proident"}', DEFAULT, DEFAULT, DEFAULT), ('cf8258c4-f278-5c75-a944-c2bcba526ad4', 'd297ab9e-40d4-51b5-bb8f-a1df399f1a9a', 49, 'private', 'Objective Focused Strategy', '{"consectetur ut occaecat"}', DEFAULT, DEFAULT, DEFAULT), ('2e51b4b0-68ac-5e21-94a2-b7afb1b16016', 'e4de1a09-bd9a-5e42-b92c-2cb1af28bec6', 43, 'unlisted', 'Objective Focused Strategy', '{"cillum ut Lorem elit proident","sunt elit","qui ea in","proident officia sunt adipisicin","irure ut qui anim","aliquip amet irure tempor in","est aute magna","aliqua proident consectetur irur"}', DEFAULT, DEFAULT, DEFAULT), ('6e9d8d45-1d4b-5cdd-92c5-76194015ba99', 'eda91f04-12ef-5904-88aa-e6ed9a692e03', 50, 'unlisted', 'Team Fight Execution Plan', '{"velit aute labore proident","ea","ipsum aute pariatur dolor","adipisicing ad","ut voluptate fugiat ipsum ullamc"}', DEFAULT, DEFAULT, DEFAULT), ('fac7e894-3f38-5663-bc98-486c88732ea4', 'b7a89d05-549f-565f-b631-b59097e91d1a', 49, 'public', 'Objective Focused Strategy', '{"id officia","ad aliqua","et id","excepteur ullamco"}', DEFAULT, DEFAULT, DEFAULT), ('7d360079-2c18-5c6d-a1b8-85eb411ace3d', 'b7a89d05-549f-565f-b631-b59097e91d1a', 48, 'unlisted', 'Aggressive Rush Strategy', '{"veniam aliqua","minim ex","qui nostrud","ipsum adipisicing ea","deserunt ea"}', DEFAULT, DEFAULT, DEFAULT), ('be194c18-6eee-5ff6-a117-608bade8a86e', '8a0a556f-d942-55f0-8ba8-1ffbfaf3c6d9', 47, 'private', 'Vision Control Blueprint', '{"ullamco aute proident deserunt","nisi cillum cupidatat"}', DEFAULT, DEFAULT, DEFAULT), ('74297878-a21d-59b7-aced-265d4a9f30fa', '8d3f145b-67b0-504d-b49a-d59ecea5d2d8', 50, 'public', 'Gank Heavy Approach', '{"irure","velit id ipsum","laborum","voluptate"}', DEFAULT, DEFAULT, DEFAULT), ('a0c5fdb3-1581-541b-b560-7473e0935643', 'd00c085d-72d6-5114-a5fd-ba818539c2f7', 42, 'unlisted', 'Jungle Control Playbook', '{"minim et culpa"}', DEFAULT, DEFAULT, DEFAULT), ('5bf01130-69dd-5547-acc0-717bf1395fda', '9bf2ad50-cccb-50eb-8269-3a7e78bd21f5', 50, 'unlisted', 'Vision Control Blueprint', '{"est id aliquip et","laborum irure"}', DEFAULT, DEFAULT, DEFAULT), ('1e052062-4999-589c-af48-bc4a3df69d05', '36f6f3ba-e867-5008-b6c1-829e989f9d2f', 48, 'private', 'Secure Objective Playbook', '{}', DEFAULT, DEFAULT, DEFAULT), ('38b49ca8-b50c-5e98-af9e-9c3898d28f8f', 'a5831e58-2fc9-5b59-970d-00c344a4eb18', 49, 'private', 'Aggressive Rush Strategy', '{"eu enim nulla reprehenderit","officia sunt adipisicing"}', DEFAULT, DEFAULT, DEFAULT), ('9b261f2f-f0b0-57c3-9c3a-156a89bfc9aa', '1e7e0bcb-4fc0-5d72-81a5-d67a74a13595', 47, 'unlisted', 'Secure Objective Playbook', '{"amet","aute pariatur nisi","anim voluptate deserunt Lorem","magna exercitation aute dolor qu","dolore reprehenderit exercitatio","aute occaecat","ullamco magna proident ad minim"}', DEFAULT, DEFAULT, DEFAULT), ('2d9d0644-e0d8-5f5d-84c2-071cd2c099ce', '305fa448-c3bf-59c7-a989-19ae69ce0725', 41, 'public', 'Defensive Turtle Tactics', '{"cupidatat","minim eu mollit eu cupidatat","nostrud","excepteur duis fugiat","minim eu aliqua ex elit"}', DEFAULT, DEFAULT, DEFAULT), ('b8c7a039-d039-57f7-bd1e-253b05ef8c03', '9bf2ad50-cccb-50eb-8269-3a7e78bd21f5', 42, 'private', 'Vision Denial Blueprint', '{"quis occaecat","incididunt consectetur consequat","non ullamco","reprehenderit laborum amet"}', DEFAULT, DEFAULT, DEFAULT), ('110d19c8-9e0d-5f75-a721-b94eb9080526', '290e51c6-7ff6-5db4-8f40-69dda051b66c', 42, 'private', 'Objective Focused Strategy', '{"anim cillum id","mollit tempor magna in","dolore proident ex consequat","labore ipsum","mollit Lorem excepteur consectet","in eu anim qui irure","sunt in"}', DEFAULT, DEFAULT, DEFAULT), ('09923517-e55a-5deb-98cb-d64b27c0ab72', '853509f0-6836-5fa7-87f2-fb0a9a8766d2', 49, 'unlisted', 'Baron Control Strategy', '{"enim ex","quis fugiat aliqua","voluptate voluptate ipsum","mollit laboris esse","elit labore ad aliqua","irure laborum"}', DEFAULT, DEFAULT, DEFAULT), ('e5bd85d5-1f62-5598-9176-4bfd393badbe', '9bf2ad50-cccb-50eb-8269-3a7e78bd21f5', 44, 'public', 'Vision Denial Blueprint', '{"sint aliqua culpa","et consequat"}', DEFAULT, DEFAULT, DEFAULT), ('e8eb7547-d359-5d88-afb0-cca98349d023', '92ce3cad-bd68-55a2-9017-d27d51e2e007', 48, 'public', 'Counter Pick Blueprint', '{"nostrud proident dolore","commodo ea eiusmod aliquip","exercitation ex nulla laborum","duis dolore quis"}', DEFAULT, DEFAULT, DEFAULT), ('0e4135c9-4c74-5717-9ee1-cbbb37873838', '1e7e0bcb-4fc0-5d72-81a5-d67a74a13595', 50, 'public', 'Team Fight Execution Plan', '{"consectetur sint nostrud","minim est aute proident","proident eiusmod commodo","quis magna culpa ut","magna amet","commodo ad","commodo","aliquip sunt culpa esse","ut adipisicing"}', DEFAULT, DEFAULT, DEFAULT), ('eb9d24ec-f15e-5e4f-870e-dd537efcd168', 'eda91f04-12ef-5904-88aa-e6ed9a692e03', 41, 'private', 'Counter Pick Blueprint', '{"aute","nisi excepteur magna id","ad deserunt labore ad non","esse incididunt","eiusmod officia deserunt sit","sit exercitation dolor non","pariatur","exercitation dolore aliquip exer"}', DEFAULT, DEFAULT, DEFAULT), ('688a2e3c-848e-5787-bd83-705a15229924', '3204ce32-7c5b-5953-969e-fe1d17de6e76', 43, 'unlisted', 'Counter Pick Blueprint', '{"pariatur esse"}', DEFAULT, DEFAULT, DEFAULT), ('a042a037-2e40-50ce-ae48-3f063c3067bb', 'd297ab9e-40d4-51b5-bb8f-a1df399f1a9a', 48, 'unlisted', 'Roaming Support Plan', '{"mollit","incididunt sunt voluptate repreh","aliqua tempor elit reprehenderit"}', DEFAULT, DEFAULT, DEFAULT), ('cb4eaa5a-1f18-571e-9566-4c1753ad9134', '01807616-77b8-51e2-9a97-d85b00b2c474', 44, 'private', 'Vision Control Blueprint', '{"consequat pariatur ad laborum","anim fugiat aliqua irure","consectetur esse minim","quis","cupidatat ipsum consectetur sint"}', DEFAULT, DEFAULT, DEFAULT), ('2076216c-1b19-5f7f-b10d-db3cae2b4567', '29b47b7e-4cec-5d5a-b93d-172770b57ed6', 44, 'private', 'Defensive Turtle Tactics', '{"aliquip","nisi non ex ipsum","mollit reprehenderit voluptate c"}', DEFAULT, DEFAULT, DEFAULT), ('a0bd7980-cac4-5ded-adc5-004548282723', 'ac9f0e3e-b030-584f-a8dd-87355fe22537', 42, 'unlisted', 'Vision Control Blueprint', '{"enim reprehenderit non","aliquip occaecat","labore","et veniam","nisi occaecat esse Lorem irure","et quis minim magna ea","reprehenderit id magna cillum","veniam in eu elit","qui do","elit minim ea et"}', DEFAULT, DEFAULT, DEFAULT), ('e94657cc-5d4a-53ce-8902-19b99712c3c6', '70dc5b0f-7d06-5f95-a4ee-16cc68f3a4b6', 42, 'unlisted', 'Vision Control Blueprint', '{"eiusmod voluptate","sit consectetur incididunt"}', DEFAULT, DEFAULT, DEFAULT), ('cdee6d23-791e-5a74-aba4-6e6c1b3863e7', '59558fa1-9cc0-5e85-a331-879d76e07f05', 44, 'unlisted', 'Baron Control Strategy', '{}', DEFAULT, DEFAULT, DEFAULT), ('d5a4641d-8cbb-5fd0-89e3-ac12979b690c', 'b7a89d05-549f-565f-b631-b59097e91d1a', 44, 'unlisted', 'Secure Objective Playbook', '{"exercitation incididunt in volup","nisi aliqua officia","mollit reprehenderit pariatur al","voluptate officia consectetur pr","dolor laborum consequat"}', DEFAULT, DEFAULT, DEFAULT), ('ab58f5b2-4308-5685-a477-a4b54637b2a0', 'b5605791-3389-56c2-9ec6-17d538b9bb85', 41, 'unlisted', 'Roaming Support Plan', '{"sunt incididunt exercitation non","eu labore laboris est","fugiat id","velit","dolor consectetur","tempor cupidatat sunt quis","laboris quis Lorem"}', DEFAULT, DEFAULT, DEFAULT), ('025da8e7-6d47-53be-9689-b0604284733b', '8bfeb6d5-d92f-5041-aa1b-39b8365c0a59', 48, 'unlisted', 'Gank Heavy Approach', '{"excepteur do elit sit dolore","aute deserunt irure quis id","tempor reprehenderit tempor aliq","est fugiat in"}', DEFAULT, DEFAULT, DEFAULT), ('cfc01e92-0e9c-5f58-b116-ac73af2ff344', '2d1d7734-be70-5d07-a538-e76c6cae722e', 49, 'private', 'Baron Control Strategy', '{"veniam sint"}', DEFAULT, DEFAULT, DEFAULT), ('6c7a0737-5d09-56f1-9a60-9ca811b68d40', 'e5b4727f-be5e-52c0-83cb-cb7ba230945f', 46, 'public', 'Late Game Scaling Strategy', '{"esse occaecat","velit aute amet ullamco adipisic","do culpa","quis in nulla ipsum aute","esse consequat","nisi sunt quis pariatur sit"}', DEFAULT, DEFAULT, DEFAULT), ('b74b781d-f3ca-5ce2-a262-c20f23455d05', '6c3f6730-2b1a-5e27-97de-caacad0bb1a5', 41, 'private', 'Team Fight Execution Plan', '{"sunt aliqua veniam","ut amet","elit aliqua","id anim veniam minim","excepteur in duis et","adipisicing","id dolore"}', DEFAULT, DEFAULT, DEFAULT), ('ae76c1cf-66c9-5bf7-8fc8-d1e1260ab8bd', '3204ce32-7c5b-5953-969e-fe1d17de6e76', 44, 'public', 'Jungle Control Playbook', '{"deserunt ipsum duis commodo exer","nisi elit dolore"}', DEFAULT, DEFAULT, DEFAULT), ('3267d96d-4a33-5c13-9ef8-eb9652f76262', '290e51c6-7ff6-5db4-8f40-69dda051b66c', 45, 'public', 'Late Game Scaling Strategy', '{"voluptate dolor","dolor exercitation magna","reprehenderit excepteur deserunt","deserunt elit incididunt"}', DEFAULT, DEFAULT, DEFAULT), ('272ce823-3f81-5671-93a8-93655178aa67', 'eecf8a7e-af2f-524d-a645-c5fba3ebda06', 49, 'unlisted', 'Counter Pick Blueprint', '{"nisi","deserunt officia","sunt ea consequat","commodo ex quis aliqua consequat","ipsum magna","officia aliqua"}', DEFAULT, DEFAULT, DEFAULT), ('0cd365ac-6479-5889-b532-b02ce5d93b9f', 'cfbfd1d4-e77f-57e5-94da-e9ff2cc7a996', 41, 'unlisted', 'Wave Management Plan', '{"ad ipsum ullamco","id fugiat","adipisicing deserunt commodo exc","ipsum qui","sunt culpa non","dolore mollit ullamco","irure mollit dolor","labore ea","do ut"}', DEFAULT, DEFAULT, DEFAULT), ('d1c31a1f-140d-5b01-95f7-3fc15003186c', 'b32027db-33da-5dc2-b906-e0c2a06ac683', 42, 'public', 'Baron Control Strategy', '{"sit esse ipsum ullamco","irure veniam proident","incididunt amet sit","consectetur dolore nisi","nulla ullamco velit deserunt","elit officia qui esse dolore","ut nostrud","laboris irure incididunt","laboris aliqua magna"}', DEFAULT, DEFAULT, DEFAULT), ('139e14ed-bbf1-5d48-a6cc-84c72c891164', '8b7e423b-b9b9-5b3c-bf3d-1aa45d16235c', 44, 'unlisted', 'Jungle Control Playbook', '{"eiusmod voluptate commodo deseru","minim sint"}', DEFAULT, DEFAULT, DEFAULT), ('586f1ac8-f524-5f8c-88e2-184c02d5ef6d', 'd297ab9e-40d4-51b5-bb8f-a1df399f1a9a', 50, 'private', 'Aggressive Rush Strategy', '{"do incididunt Lorem nostrud","quis incididunt veniam irure","magna elit","cillum aliqua eu","ad consectetur","occaecat duis velit laborum","eiusmod dolore voluptate nostrud","nisi id in adipisicing"}', DEFAULT, DEFAULT, DEFAULT), ('62075432-2441-5ae8-a3d3-0c53f1490707', '9bf2ad50-cccb-50eb-8269-3a7e78bd21f5', 46, 'public', 'Vision Denial Blueprint', '{"aliquip","quis","culpa deserunt","mollit velit commodo est","ad exercitation nulla ullamco","ipsum proident ullamco elit est","et fugiat velit"}', DEFAULT, DEFAULT, DEFAULT), ('7e2a3012-f429-5959-8e79-e27f888f9ce7', 'b32027db-33da-5dc2-b906-e0c2a06ac683', 43, 'public', 'Baron Control Strategy', '{"non esse","quis et","tempor est eiusmod","adipisicing laborum non","nisi mollit culpa","nulla ad aliqua","excepteur ex fugiat duis mollit","ad nisi","adipisicing commodo ea cillum ve","laboris amet velit id"}', DEFAULT, DEFAULT, DEFAULT), ('b8821e56-73f0-54d5-b485-728d64492250', 'a5831e58-2fc9-5b59-970d-00c344a4eb18', 43, 'private', 'Gank Heavy Approach', '{"tempor id veniam laboris"}', DEFAULT, DEFAULT, DEFAULT), ('41c6ea7f-18a9-55e6-b2ba-f0f4f40a17bf', '75e07351-a344-5719-bccf-45791a666af4', 43, 'unlisted', 'Siege Tactics Handbook', '{"cillum officia commodo incididun"}', DEFAULT, DEFAULT, DEFAULT), ('6071eb55-6bca-516b-b2e7-cdcdc70b2f27', '9bf2ad50-cccb-50eb-8269-3a7e78bd21f5', 44, 'private', 'Rotation Strategy Document', '{"dolore laboris anim sit","quis magna ullamco ullamco","dolore","cillum consectetur ex velit","adipisicing","ex nisi ea","voluptate velit cillum","pariatur cupidatat cillum elit","sint dolor"}', DEFAULT, DEFAULT, DEFAULT), ('d7cdb9d2-07a6-5208-bc43-84429587c78d', '5dd9c208-a224-5712-b987-eab6b9a89e23', 44, 'private', 'Gank Heavy Approach', '{"mollit exercitation in consectet","laboris","irure","aute amet pariatur laboris","excepteur Lorem ipsum","irure","reprehenderit proident anim inci","excepteur","mollit tempor"}', DEFAULT, DEFAULT, DEFAULT), ('edba76b8-16c2-5d65-8407-7c8846b18c8d', 'a8212e1b-5577-5c28-9c38-2d4fbd753550', 49, 'private', 'Defensive Turtle Tactics', '{"quis elit magna"}', DEFAULT, DEFAULT, DEFAULT), ('4961b154-685f-5c2d-b1f1-598100239ea4', '29b47b7e-4cec-5d5a-b93d-172770b57ed6', 42, 'public', 'Early Game Dominance Guide', '{"velit sit eu ut et","anim id"}', DEFAULT, DEFAULT, DEFAULT), ('81b648c1-576c-5086-ba4f-2125060d9cf0', '882c7ae5-914f-539d-8207-691de536097f', 46, 'unlisted', 'Siege Tactics Handbook', '{"do","quis mollit","do quis qui sit","duis fugiat non elit","Lorem officia mollit ut"}', DEFAULT, DEFAULT, DEFAULT), ('edcc20e9-95a3-50eb-b84c-a2ac5801dd1f', 'eda91f04-12ef-5904-88aa-e6ed9a692e03', 47, 'private', 'Objective Focused Strategy', '{"amet","mollit amet et quis","qui anim sint","aliquip irure non","nostrud consequat ut","dolore ipsum nisi"}', DEFAULT, DEFAULT, DEFAULT), ('0f7963e1-2931-5603-b1f8-5f29e095a36f', '6c52c1d9-13a4-51ef-ae51-1dacc4c14be9', 48, 'private', 'Aggressive Rush Strategy', '{"est elit reprehenderit fugiat","laboris dolore","ad proident","esse nisi officia culpa","eu proident aute","commodo eiusmod ex","ut est tempor pariatur","mollit nulla"}', DEFAULT, DEFAULT, DEFAULT), ('d90cf80e-490d-5c8c-85cc-9c761060fca5', 'a8212e1b-5577-5c28-9c38-2d4fbd753550', 49, 'public', 'Defensive Turtle Tactics', '{"consectetur sit"}', DEFAULT, DEFAULT, DEFAULT), ('84a00f8f-8f65-512e-a89a-396ebb944774', 'd297ab9e-40d4-51b5-bb8f-a1df399f1a9a', 50, 'unlisted', 'Counter Pick Blueprint', '{"ut ea ullamco non","cillum Lorem"}', DEFAULT, DEFAULT, DEFAULT), ('24530daa-18f4-5736-824e-740b98d86f84', '8b7e423b-b9b9-5b3c-bf3d-1aa45d16235c', 48, 'public', 'Objective Focused Strategy', '{"sit deserunt","et esse mollit consequat irure","exercitation laboris","est voluptate nulla consectetur","duis consequat enim","officia dolore"}', DEFAULT, DEFAULT, DEFAULT), ('cef44dbb-01f1-53f9-a51f-bce20b8c9729', 'e5b4727f-be5e-52c0-83cb-cb7ba230945f', 45, 'private', 'Gank Heavy Approach', '{"et excepteur duis","nisi dolor commodo","do enim","laborum veniam esse dolore"}', DEFAULT, DEFAULT, DEFAULT), ('2f432e43-c578-5d3f-a9f6-658650551fe1', '305fa448-c3bf-59c7-a989-19ae69ce0725', 47, 'public', 'Vision Denial Blueprint', '{"nisi"}', DEFAULT, DEFAULT, DEFAULT), ('9e0ad23d-bafe-536b-a992-47ea353cf3b5', '19495f2f-99a6-5394-9596-a1d3fb0d3196', 49, 'unlisted', 'Gank Heavy Approach', '{"ex enim in in"}', DEFAULT, DEFAULT, DEFAULT), ('ba4f3542-9d48-574a-8df6-823d78106037', 'a88bc9b9-135e-55c7-8c4c-5a072a3c8573', 45, 'public', 'Defensive Turtle Tactics', '{"fugiat nulla","culpa aute nisi id cupidatat","laboris sint do commodo","id magna mollit fugiat nostrud","Lorem non duis","nisi","nisi ad veniam","non amet sint fugiat","proident qui mollit"}', DEFAULT, DEFAULT, DEFAULT), ('d5920fa6-848e-5195-b671-9577ccf74a26', '5d378209-1fd5-506f-8b3f-511a16489d69', 47, 'public', 'Roaming Support Plan', '{"deserunt fugiat amet eu magna","dolor labore velit","deserunt ut velit aute","ut","anim adipisicing pariatur"}', DEFAULT, DEFAULT, DEFAULT), ('60e1ec45-4b3f-5cd2-b9e9-a6fd50c32391', '01807616-77b8-51e2-9a97-d85b00b2c474', 50, 'public', 'Vision Denial Blueprint', '{"pariatur","consequat","excepteur proident sint"}', DEFAULT, DEFAULT, DEFAULT), ('4152396c-eaf9-5aeb-9b7d-6c26ad4d722c', '305fa448-c3bf-59c7-a989-19ae69ce0725', 48, 'unlisted', 'Defensive Turtle Tactics', '{"fugiat deserunt","Lorem do consectetur sunt","mollit pariatur","anim ipsum","aliquip aliquip anim"}', DEFAULT, DEFAULT, DEFAULT), ('82c66b9e-374b-5deb-960b-0b761f066806', '811570ef-0b81-508d-ba05-2f5e812d4131', 46, 'public', 'Late Game Scaling Strategy', '{"veniam Lorem","pariatur ex"}', DEFAULT, DEFAULT, DEFAULT), ('cb1a8444-be9e-581c-8a1e-9f0d5870d484', '8a0a556f-d942-55f0-8ba8-1ffbfaf3c6d9', 41, 'public', 'Wave Management Plan', '{"tempor exercitation sunt laboris","quis Lorem laborum velit","labore eu","cupidatat amet","sunt culpa","occaecat officia fugiat","consequat adipisicing fugiat sun","tempor","excepteur voluptate","commodo"}', DEFAULT, DEFAULT, DEFAULT), ('b4086fbf-8b55-5b20-af96-270e53efd260', '853509f0-6836-5fa7-87f2-fb0a9a8766d2', 47, 'unlisted', 'Siege Tactics Handbook', '{"irure amet mollit dolor excepteu","anim esse proident proident eu","aute sit","enim amet culpa","veniam sunt mollit"}', DEFAULT, DEFAULT, DEFAULT), ('7dc2a385-02fd-5e9e-8ca3-480d310ce988', '5dd9c208-a224-5712-b987-eab6b9a89e23', 42, 'unlisted', 'Late Game Scaling Strategy', '{}', DEFAULT, DEFAULT, DEFAULT), ('bd010a0a-cb39-59ee-8218-e7f775ac9a01', 'eecf8a7e-af2f-524d-a645-c5fba3ebda06', 48, 'private', 'Counter Pick Blueprint', '{"in duis esse qui","amet aliqua","proident ea magna","reprehenderit fugiat","consequat deserunt","ut nisi","nisi culpa in est","officia elit"}', DEFAULT, DEFAULT, DEFAULT), ('eb100a5e-fbbc-5189-b323-e08ca1ddf4b2', '98eaafd3-adbf-5a3e-adb9-b3fb6971b6f1', 47, 'public', 'Map Control Blueprint', '{"tempor ea voluptate cillum","elit aliqua consequat","qui fugiat"}', DEFAULT, DEFAULT, DEFAULT), ('e43c6b3b-10fe-54f2-a09c-2f23976dbe42', '756cbb59-27d6-58f3-b4b9-8b56121e683f', 43, 'public', 'Counter Pick Blueprint', '{"officia anim","cupidatat est"}', DEFAULT, DEFAULT, DEFAULT), ('145f2d17-d2b0-59ee-98c0-d8b6d6c741cd', '290e51c6-7ff6-5db4-8f40-69dda051b66c', 45, 'unlisted', 'Wave Management Plan', '{"Lorem ullamco amet voluptate","eu ipsum labore ad reprehenderit","adipisicing","non cupidatat est"}', DEFAULT, DEFAULT, DEFAULT), ('27b7fc92-c399-5aec-bc43-ea4a7d41c984', '305fa448-c3bf-59c7-a989-19ae69ce0725', 47, 'unlisted', 'Gank Heavy Approach', '{"sit et excepteur duis aliqua","cupidatat","nisi fugiat","consectetur","exercitation consequat proident"}', DEFAULT, DEFAULT, DEFAULT), ('16e13bc2-bae9-5a1b-a23b-7f2503b73a03', '5d378209-1fd5-506f-8b3f-511a16489d69', 45, 'private', 'Baron Control Strategy', '{"duis reprehenderit nostrud deser","minim cillum deserunt","reprehenderit","duis deserunt exercitation"}', DEFAULT, DEFAULT, DEFAULT), ('fb9a721d-7da1-577d-a721-ae00139d250b', '8a0a556f-d942-55f0-8ba8-1ffbfaf3c6d9', 49, 'unlisted', 'Aggressive Rush Strategy', '{"officia","dolore qui"}', DEFAULT, DEFAULT, DEFAULT), ('8514b549-2321-5223-bcae-362fbfc61c61', 'b5605791-3389-56c2-9ec6-17d538b9bb85', 41, 'private', 'Split Push Blueprint', '{"ex incididunt magna","minim do","quis aute cillum proident","voluptate eiusmod non","proident occaecat id deserunt"}', DEFAULT, DEFAULT, DEFAULT), ('8d222d98-29f0-5123-b99d-cc9f19493b20', '70dc5b0f-7d06-5f95-a4ee-16cc68f3a4b6', 48, 'public', 'Aggressive Rush Strategy', '{"nisi exercitation minim est","aliqua officia"}', DEFAULT, DEFAULT, DEFAULT), ('5ba895cd-4107-5c9d-a9cb-bd2d24899776', '91fa3874-9437-5dfa-a49a-f19fb38d9e92', 47, 'private', 'Vision Denial Blueprint', '{"incididunt","ipsum labore et veniam","quis incididunt et nisi ut","eu"}', DEFAULT, DEFAULT, DEFAULT), ('73b23aba-b5e2-5b24-b442-00922b22f275', 'de459427-bb2c-5381-bdbf-7126efbb65c9', 44, 'private', 'Jungle Control Playbook', '{"irure commodo aliquip"}', DEFAULT, DEFAULT, DEFAULT), ('0e1a0168-a26a-5feb-9c91-7bd40d62afcc', '6c52c1d9-13a4-51ef-ae51-1dacc4c14be9', 47, 'private', 'Map Control Blueprint', '{"labore aliqua","do ea eu sunt est","amet deserunt","eiusmod occaecat excepteur ea in"}', DEFAULT, DEFAULT, DEFAULT), ('9348bed0-a52a-59cd-98df-ed8ab48ba4f7', '2d1d7734-be70-5d07-a538-e76c6cae722e', 46, 'private', 'Defensive Turtle Tactics', '{"elit dolor culpa id voluptate","aliqua","nostrud","eu veniam excepteur duis aute","qui id velit","officia","incididunt reprehenderit consequ","sit ut Lorem cupidatat","do ad dolor"}', DEFAULT, DEFAULT, DEFAULT), ('1507f034-16ba-5219-b927-72f72394b9da', '9584676f-0635-591a-a937-d230d9a3abf3', 50, 'unlisted', 'Wave Management Plan', '{"minim aliquip","consectetur ad mollit pariatur"}', DEFAULT, DEFAULT, DEFAULT), ('3d6517ba-6968-54c9-9934-5dca00f20f48', 'a5831e58-2fc9-5b59-970d-00c344a4eb18', 48, 'private', 'Defensive Turtle Tactics', '{"dolore ullamco do ullamco","est elit","aliqua pariatur Lorem incididunt","magna","est culpa mollit eiusmod","qui cillum","duis id culpa exercitation","sint aute ad aliquip","qui magna irure aliqua laborum","ut consectetur velit anim Lorem"}', DEFAULT, DEFAULT, DEFAULT), ('253eb1a7-6466-5751-bb80-ba728a9d5688', 'b32027db-33da-5dc2-b906-e0c2a06ac683', 50, 'public', 'Split Push Blueprint', '{"tempor velit","non in labore","ea voluptate","minim aliquip in dolore magna"}', DEFAULT, DEFAULT, DEFAULT), ('84afba7a-f643-5519-b420-54d83f591e9d', '549980e7-3e77-5d76-b263-84664d04b209', 45, 'unlisted', 'Roaming Support Plan', '{"excepteur culpa","ipsum aute officia ipsum","aliqua sint laboris","non ut aliqua quis","sint id est"}', DEFAULT, DEFAULT, DEFAULT), ('59b35be9-9d21-5b79-8875-4954a08d7239', 'd19db439-c7e7-53a7-aa19-0db346180dc1', 45, 'public', 'Late Game Scaling Strategy', '{"cupidatat commodo duis","ea","culpa cupidatat enim sit","mollit in incididunt nulla","elit est dolore dolore"}', DEFAULT, DEFAULT, DEFAULT), ('b3ff9604-63d2-533f-8bbb-d5f0486381ad', '882c7ae5-914f-539d-8207-691de536097f', 45, 'unlisted', 'Rotation Strategy Document', '{"voluptate nulla id","esse id","voluptate adipisicing reprehende","tempor elit","ipsum excepteur incididunt repre","et sint","laborum culpa mollit enim","cillum aliqua excepteur do","reprehenderit eu eiusmod consequ"}', DEFAULT, DEFAULT, DEFAULT), ('bcc899da-7629-5e0e-b560-5f5f6e7060e1', '9584676f-0635-591a-a937-d230d9a3abf3', 49, 'private', 'Counter Pick Blueprint', '{"labore proident ullamco laborum","velit nisi","laborum quis","veniam fugiat","velit","do cillum ex","occaecat do do nisi"}', DEFAULT, DEFAULT, DEFAULT), ('96dbca51-d731-5e2c-a3d4-62e8f0faa072', '853509f0-6836-5fa7-87f2-fb0a9a8766d2', 45, 'unlisted', 'Map Control Blueprint', '{"proident aliqua est do","ullamco velit nulla labore","laboris ad culpa irure"}', DEFAULT, DEFAULT, DEFAULT), ('fc633e1f-14b8-590b-a0ba-c22147aaeeb4', 'b32027db-33da-5dc2-b906-e0c2a06ac683', 46, 'private', 'Secure Objective Playbook', '{"eiusmod sit voluptate aliqua","ipsum sint","ut","commodo","duis magna laboris","dolore","cupidatat"}', DEFAULT, DEFAULT, DEFAULT), ('49af1081-9f3e-5569-af2e-1029eb808baf', 'd19db439-c7e7-53a7-aa19-0db346180dc1', 44, 'public', 'Late Game Scaling Strategy', '{"culpa et","elit nulla laboris officia"}', DEFAULT, DEFAULT, DEFAULT), ('28c7fcd5-dc0b-528f-92f0-3e19e7b94b50', 'eda91f04-12ef-5904-88aa-e6ed9a692e03', 49, 'public', 'Gank Heavy Approach', '{"incididunt duis proident","et velit","pariatur in velit nisi","eiusmod officia","aliquip cupidatat proident","nisi aliqua","amet quis in laborum enim"}', DEFAULT, DEFAULT, DEFAULT), ('38780d0a-620c-5420-b84b-aa917e5db8c1', '3204ce32-7c5b-5953-969e-fe1d17de6e76', 41, 'unlisted', 'Aggressive Rush Strategy', '{"pariatur veniam consequat occaec","et in enim"}', DEFAULT, DEFAULT, DEFAULT), ('535c1e86-4fb0-59ea-8076-b54244994b61', '8bfeb6d5-d92f-5041-aa1b-39b8365c0a59', 46, 'unlisted', 'Split Push Blueprint', '{"incididunt sunt in minim","elit velit fugiat","fugiat","occaecat","commodo dolore","sint eiusmod occaecat","in ad nisi sit enim","ad ea","aute occaecat"}', DEFAULT, DEFAULT, DEFAULT), ('5e181f1c-b93c-59a3-a161-c4d4e29f775e', '811570ef-0b81-508d-ba05-2f5e812d4131', 44, 'unlisted', 'Secure Objective Playbook', '{"elit aute fugiat","veniam minim pariatur ea","quis occaecat","nostrud commodo incididunt"}', DEFAULT, DEFAULT, DEFAULT), ('0cd34502-daee-52d8-b8a4-7aa032065e8a', '01807616-77b8-51e2-9a97-d85b00b2c474', 42, 'public', 'Objective Focused Strategy', '{"anim veniam deserunt","incididunt occaecat laboris exer","aute commodo culpa sunt","cillum anim","tempor voluptate enim reprehende","duis dolor Lorem","culpa","Lorem ipsum labore deserunt","consequat"}', DEFAULT, DEFAULT, DEFAULT), ('6c9b6808-e737-5f8f-b196-93c0598b34b9', '305fa448-c3bf-59c7-a989-19ae69ce0725', 47, 'public', 'Roaming Support Plan', '{"adipisicing officia elit"}', DEFAULT, DEFAULT, DEFAULT), ('f498173a-b4a1-5b37-ad0b-67596b4fe0ac', '290e51c6-7ff6-5db4-8f40-69dda051b66c', 48, 'unlisted', 'Siege Tactics Handbook', '{"laboris esse","esse cupidatat labore laboris","ipsum excepteur eiusmod magna co","dolore aute","laboris amet labore"}', DEFAULT, DEFAULT, DEFAULT), ('b0d542cd-fe80-5cad-9bd6-a81d0ed1c2f4', '8a0a556f-d942-55f0-8ba8-1ffbfaf3c6d9', 48, 'unlisted', 'Vision Control Blueprint', '{"dolor velit","nostrud reprehenderit qui exerci","eu in","culpa voluptate proident","exercitation non duis in commodo"}', DEFAULT, DEFAULT, DEFAULT), ('cd506b7e-0f7c-526c-b650-bb799376c313', '92ce3cad-bd68-55a2-9017-d27d51e2e007', 42, 'unlisted', 'Gank Heavy Approach', '{"ex laboris consequat","amet nisi cupidatat est","culpa","officia reprehenderit voluptate","id nulla fugiat pariatur labore","sit quis","anim eiusmod labore aliqua"}', DEFAULT, DEFAULT, DEFAULT), ('d625f518-4ec3-51e2-95c0-6cf965668d68', '5dd9c208-a224-5712-b987-eab6b9a89e23', 48, 'public', 'Wave Management Plan', '{"pariatur culpa ipsum","proident elit quis anim","est","reprehenderit laboris sint","exercitation Lorem","deserunt in excepteur officia"}', DEFAULT, DEFAULT, DEFAULT), ('66b76653-1cc5-50ef-a109-c059c945f253', 'e5b4727f-be5e-52c0-83cb-cb7ba230945f', 49, 'private', 'Team Fight Execution Plan', '{"exercitation tempor Lorem magna","cillum officia amet laborum","do et ea","non duis","laborum pariatur elit","proident","velit do magna occaecat"}', DEFAULT, DEFAULT, DEFAULT), ('a6dbcc80-e965-5682-9448-6a65a83787b3', 'bbc51950-a428-5ed7-b604-6444a902714b', 41, 'public', 'Roaming Support Plan', '{"veniam culpa veniam","ea ad","qui","dolor","occaecat occaecat velit nostrud","deserunt nulla","enim anim occaecat nulla aliqua"}', DEFAULT, DEFAULT, DEFAULT), ('c4d9fc37-aa2c-5cf4-8cef-779723958882', '6c52c1d9-13a4-51ef-ae51-1dacc4c14be9', 49, 'unlisted', 'Vision Control Blueprint', '{"reprehenderit nostrud","proident nostrud esse incididunt","nulla","ullamco quis","qui velit aute commodo","cupidatat do","tempor ea sint","incididunt do irure ex","velit"}', DEFAULT, DEFAULT, DEFAULT), ('cbdcc83c-77a1-5d75-ace8-183321930672', 'a5e6c58e-54df-5943-b1b7-463c2ae0fb74', 43, 'private', 'Map Control Blueprint', '{"eu consectetur","sint incididunt excepteur eiusmo","ad mollit ipsum","anim magna cupidatat"}', DEFAULT, DEFAULT, DEFAULT), ('46b593cf-05b9-5316-ba74-ef4cf062dcc9', 'b5605791-3389-56c2-9ec6-17d538b9bb85', 45, 'unlisted', 'Vision Control Blueprint', '{"labore commodo","ut in quis","sit nisi eu","eu est ea quis","incididunt","reprehenderit et ad nostrud dolo"}', DEFAULT, DEFAULT, DEFAULT), ('1770dbe6-c529-520b-a36c-454b023ccb2c', '75e07351-a344-5719-bccf-45791a666af4', 46, 'public', 'Roaming Support Plan', '{"enim commodo enim est","magna nostrud cillum in","in ad sit","do","eiusmod eiusmod nulla ad","aute sint ea aute","labore"}', DEFAULT, DEFAULT, DEFAULT), ('65973815-006c-531b-b69f-bd5d086f7786', '36f6f3ba-e867-5008-b6c1-829e989f9d2f', 48, 'unlisted', 'Wave Management Plan', '{"ipsum quis ad","irure in cupidatat","irure ea pariatur occaecat","ea occaecat reprehenderit labore","occaecat cillum qui labore paria"}', DEFAULT, DEFAULT, DEFAULT), ('0cd413aa-1a82-5832-9edb-17fd5c059a41', 'cfbfd1d4-e77f-57e5-94da-e9ff2cc7a996', 50, 'private', 'Vision Denial Blueprint', '{"dolore Lorem quis ad","voluptate exercitation"}', DEFAULT, DEFAULT, DEFAULT), ('5153bc7b-cd04-5c5e-83e9-7b7a5a1390e6', '7d0c4d54-58ae-5ddf-b108-590171e8655a', 44, 'public', 'Roaming Support Plan', '{"culpa enim et","incididunt eiusmod non nulla","exercitation laborum ullamco dol","eiusmod et labore ea","consequat ipsum proident id cons","ipsum exercitation officia cupid"}', DEFAULT, DEFAULT, DEFAULT), ('bd276dfa-2ddb-52c7-9feb-6d2cc281335e', 'd297ab9e-40d4-51b5-bb8f-a1df399f1a9a', 42, 'private', 'Map Control Blueprint', '{"consequat"}', DEFAULT, DEFAULT, DEFAULT), ('12cafb5f-6adc-5f24-a738-9455dde3eb2a', '8bfeb6d5-d92f-5041-aa1b-39b8365c0a59', 42, 'public', 'Wave Management Plan', '{"nulla ullamco laborum ullamco","mollit laboris et pariatur","non consequat","ullamco magna cillum ea cupidata","consectetur"}', DEFAULT, DEFAULT, DEFAULT), ('e017f166-fa51-5fb5-af86-6fc41cad9674', '8a0a556f-d942-55f0-8ba8-1ffbfaf3c6d9', 42, 'private', 'Secure Objective Playbook', '{"Lorem","esse aute exercitation amet ea"}', DEFAULT, DEFAULT, DEFAULT), ('544f27bb-a8e9-5b6b-8ec7-f1cfe91406e2', '811570ef-0b81-508d-ba05-2f5e812d4131', 45, 'public', 'Wave Management Plan', '{"tempor quis anim Lorem","nulla deserunt officia","irure cillum pariatur","voluptate cillum","officia id Lorem anim","non amet","enim sint eiusmod ex enim"}', DEFAULT, DEFAULT, DEFAULT), ('a704d0a7-ee9e-5aa5-bba9-aff3556d41a2', '75e07351-a344-5719-bccf-45791a666af4', 45, 'private', 'Wave Management Plan', '{"duis excepteur aliqua officia of","ipsum esse"}', DEFAULT, DEFAULT, DEFAULT), ('a758f3b0-169f-56a9-80db-acb9f3972464', '6c52c1d9-13a4-51ef-ae51-1dacc4c14be9', 42, 'public', 'Defensive Turtle Tactics', '{"minim aliquip aliqua","cupidatat veniam ullamco aliqua","commodo eu amet","mollit mollit tempor magna","sit incididunt"}', DEFAULT, DEFAULT, DEFAULT), ('1ebb07c2-9cc9-56df-b9e3-71837bafdca1', '9bf2ad50-cccb-50eb-8269-3a7e78bd21f5', 45, 'unlisted', 'Early Game Dominance Guide', '{"mollit eiusmod deserunt deserunt","voluptate eiusmod","cupidatat elit laboris ex","eu excepteur","esse occaecat","qui ipsum pariatur","do Lorem","deserunt incididunt velit duis"}', DEFAULT, DEFAULT, DEFAULT), ('217c4ba5-3ca5-503f-8fcd-2cf91341f163', 'a3141029-aec2-543b-b18a-49fe947e3304', 49, 'public', 'Vision Control Blueprint', '{"minim ea aute","cillum cupidatat eu exercitation","exercitation aute veniam ex","labore aute nulla","consequat cupidatat anim elit ci","excepteur labore magna quis qui","ea tempor aliquip nulla consequa"}', DEFAULT, DEFAULT, DEFAULT), ('63c64b00-d130-5928-b403-258ebdb17248', '91434b27-2651-5429-8f42-45c3f8e334a0', 49, 'private', 'Early Game Dominance Guide', '{"laborum ex","enim ea irure","aliquip","deserunt ut velit esse","proident ut laboris sunt","commodo aliqua voluptate"}', DEFAULT, DEFAULT, DEFAULT), ('0deb1a0e-8f26-576f-af23-e26ef824ea0b', '811570ef-0b81-508d-ba05-2f5e812d4131', 50, 'unlisted', 'Split Push Blueprint', '{"labore laboris dolor mollit","in eiusmod"}', DEFAULT, DEFAULT, DEFAULT), ('924718ca-0525-5af0-b71a-2560f2cc09a0', '438bff0e-fd50-5c86-89ee-d397a0c0e548', 48, 'public', 'Map Control Blueprint', '{"anim anim pariatur esse qui","ea deserunt quis","reprehenderit laborum"}', DEFAULT, DEFAULT, DEFAULT), ('877842c0-f0dc-575b-a7ad-30915aaaeebe', '549980e7-3e77-5d76-b263-84664d04b209', 42, 'private', 'Secure Objective Playbook', '{}', DEFAULT, DEFAULT, DEFAULT), ('ebce0b2a-b558-5f18-bddc-2af385fe3118', '5777772e-8d66-5c0f-ab03-fb0419760db6', 45, 'unlisted', 'Baron Control Strategy', '{"quis ex","est esse pariatur laborum","sunt","elit qui aliqua sint","velit aliquip sint consequat et","nulla enim","sit et veniam sunt aute"}', DEFAULT, DEFAULT, DEFAULT), ('67f00577-22b1-541a-b8eb-43f4241ec322', 'eda91f04-12ef-5904-88aa-e6ed9a692e03', 42, 'private', 'Objective Focused Strategy', '{"incididunt anim irure excepteur ","Lorem","non ut quis","sit qui","in officia","fugiat"}', DEFAULT, DEFAULT, DEFAULT), ('5c1d9b7d-9f54-545c-ae19-f60dd5ff1d25', 'de459427-bb2c-5381-bdbf-7126efbb65c9', 43, 'unlisted', 'Aggressive Rush Strategy', '{"labore aliquip culpa","proident commodo officia","sit enim","officia","pariatur aliqua dolor culpa","pariatur qui velit esse exercita","reprehenderit nulla quis","eiusmod"}', DEFAULT, DEFAULT, DEFAULT), ('339c2395-3fcf-5f3b-90ec-90611b01fa37', '811570ef-0b81-508d-ba05-2f5e812d4131', 45, 'public', 'Early Game Dominance Guide', '{"occaecat qui anim","est","est cupidatat officia","eiusmod enim ex","labore esse"}', DEFAULT, DEFAULT, DEFAULT), ('3e26da35-99ab-5fee-95a6-ca3120af490b', '290e51c6-7ff6-5db4-8f40-69dda051b66c', 49, 'unlisted', 'Vision Control Blueprint', '{}', DEFAULT, DEFAULT, DEFAULT), ('540a4921-798c-58f1-8dda-fbb9b912bb43', '89f211a9-c1e7-5fa6-9108-784d98291012', 50, 'unlisted', 'Vision Denial Blueprint', '{"elit elit"}', DEFAULT, DEFAULT, DEFAULT), ('81b847bf-bc05-538e-bdc5-721f48634b78', '9b1fc781-1e4e-56d2-bd68-0dc257a319c0', 42, 'unlisted', 'Gank Heavy Approach', '{"ipsum ad","elit velit","consequat voluptate qui deserunt","aliquip ipsum"}', DEFAULT, DEFAULT, DEFAULT), ('2c9d2493-4412-5eae-aa39-69858c4bfd99', 'b7a89d05-549f-565f-b631-b59097e91d1a', 48, 'private', 'Gank Heavy Approach', '{"proident sit","incididunt officia cillum","dolor","ipsum incididunt cillum id labor","esse eiusmod ex","reprehenderit dolor tempor ad","aliquip culpa ex","veniam in","laborum"}', DEFAULT, DEFAULT, DEFAULT), ('51ef9256-0eab-579a-868b-52c27ddf10e9', '853509f0-6836-5fa7-87f2-fb0a9a8766d2', 44, 'unlisted', 'Early Game Dominance Guide', '{"amet occaecat aliquip incididunt","deserunt Lorem culpa commodo qui","adipisicing ullamco","occaecat ea"}', DEFAULT, DEFAULT, DEFAULT), ('d6ceb82b-4af2-5d8a-96c1-8d6a9db93a31', '6c52c1d9-13a4-51ef-ae51-1dacc4c14be9', 42, 'public', 'Aggressive Rush Strategy', '{"veniam ad","sint","laboris non ex fugiat voluptate","deserunt enim est","dolore occaecat culpa eu","veniam fugiat","officia occaecat quis aliquip","aute eu nisi","deserunt dolor anim ipsum","Lorem mollit exercitation"}', DEFAULT, DEFAULT, DEFAULT), ('01ae0a36-6172-5c0a-baff-6c1805e0976a', '6c3f6730-2b1a-5e27-97de-caacad0bb1a5', 49, 'public', 'Wave Management Plan', '{"excepteur laborum id deserunt ci","reprehenderit ullamco","culpa aliqua","elit cillum veniam","pariatur voluptate non","excepteur laborum enim est sint","officia proident cupidatat aliqu"}', DEFAULT, DEFAULT, DEFAULT), ('df70af8b-9578-5bd7-9fd6-02ad92eaedca', 'a5e6c58e-54df-5943-b1b7-463c2ae0fb74', 49, 'unlisted', 'Gank Heavy Approach', '{"enim mollit consectetur ullamco","est consectetur","sunt anim dolore"}', DEFAULT, DEFAULT, DEFAULT), ('82fca927-01aa-5c29-8d7a-7a868f9ba6ea', 'b5605791-3389-56c2-9ec6-17d538b9bb85', 45, 'public', 'Rotation Strategy Document', '{"Lorem sint Lorem proident"}', DEFAULT, DEFAULT, DEFAULT), ('4e5550d4-d39a-56c3-8f19-971fdeeb787e', '305fa448-c3bf-59c7-a989-19ae69ce0725', 44, 'unlisted', 'Vision Denial Blueprint', '{"non ex","veniam velit ullamco nulla aliqu"}', DEFAULT, DEFAULT, DEFAULT), ('83ec5ac5-8c23-5e38-8151-36af62098fff', '6c3f6730-2b1a-5e27-97de-caacad0bb1a5', 41, 'private', 'Siege Tactics Handbook', '{"mollit labore nisi","consequat","adipisicing irure","anim velit occaecat duis","exercitation incididunt dolore","culpa quis excepteur cupidatat","tempor reprehenderit"}', DEFAULT, DEFAULT, DEFAULT), ('d1996167-52fb-5e4a-b849-75efada773e6', '92bf5244-388d-5bbf-bd84-1c7ad2efe31b', 43, 'unlisted', 'Defensive Turtle Tactics', '{"elit","ipsum ipsum cillum officia","est anim","aliquip","officia"}', DEFAULT, DEFAULT, DEFAULT), ('1818e464-6a87-5266-8677-c069741c3ab2', 'eecf8a7e-af2f-524d-a645-c5fba3ebda06', 47, 'unlisted', 'Vision Control Blueprint', '{"qui","amet cupidatat sint veniam ea","esse cupidatat"}', DEFAULT, DEFAULT, DEFAULT), ('13ebb239-29e1-53ff-93b0-d55e3db05a11', 'eda91f04-12ef-5904-88aa-e6ed9a692e03', 41, 'unlisted', 'Baron Control Strategy', '{"dolor voluptate","proident consequat voluptate","deserunt voluptate"}', DEFAULT, DEFAULT, DEFAULT), ('a0a63713-f2dd-56aa-98a3-f6a26bcae5b9', '8a0a556f-d942-55f0-8ba8-1ffbfaf3c6d9', 50, 'unlisted', 'Jungle Control Playbook', '{"voluptate amet commodo adipisici","et excepteur dolore reprehenderi","fugiat excepteur magna culpa pro"}', DEFAULT, DEFAULT, DEFAULT), ('4029bbad-86a6-5e60-a150-da0664c62b92', '70dc5b0f-7d06-5f95-a4ee-16cc68f3a4b6', 42, 'private', 'Team Fight Execution Plan', '{"cillum quis","dolore ad sint","ut","officia enim nisi et","magna"}', DEFAULT, DEFAULT, DEFAULT), ('6636a6a8-3a2d-5862-bb24-3e77bffdb640', '92ce3cad-bd68-55a2-9017-d27d51e2e007', 48, 'private', 'Wave Management Plan', '{"in nostrud adipisicing ad mollit","excepteur","consectetur Lorem labore incidid","veniam nisi","cillum cillum","cupidatat dolor aute amet","cillum consectetur sint","consectetur dolore pariatur aliq","dolore","fugiat cupidatat velit"}', DEFAULT, DEFAULT, DEFAULT), ('4ba85443-f89e-5d68-8d4a-da572969b0dd', '2d1d7734-be70-5d07-a538-e76c6cae722e', 49, 'public', 'Split Push Blueprint', '{"aliqua velit ex","sunt adipisicing quis id","magna laboris","adipisicing consequat minim esse","laboris minim","nostrud elit","cillum aute tempor","officia excepteur aute"}', DEFAULT, DEFAULT, DEFAULT), ('55fbf0ae-1fd2-57d5-9884-2ceca8eef8f3', 'a5e6c58e-54df-5943-b1b7-463c2ae0fb74', 43, 'unlisted', 'Team Fight Execution Plan', '{"officia id officia","cillum aute laborum aute","dolor culpa sunt","elit elit sunt enim","pariatur duis","sint laboris sunt mollit eu"}', DEFAULT, DEFAULT, DEFAULT), ('c91a5204-a47c-5f58-8042-f917f2facb4b', 'e5b4727f-be5e-52c0-83cb-cb7ba230945f', 49, 'public', 'Late Game Scaling Strategy', '{"do aliqua commodo incididunt"}', DEFAULT, DEFAULT, DEFAULT), ('fdca53a8-e101-5585-90b8-82f7d3c1fc24', '2d1d7734-be70-5d07-a538-e76c6cae722e', 49, 'public', 'Jungle Control Playbook', '{"ipsum reprehenderit est","eu","ea dolore labore esse culpa","in nulla"}', DEFAULT, DEFAULT, DEFAULT), ('a76c18ad-af72-57b7-b165-f7757943d51e', '7d0c4d54-58ae-5ddf-b108-590171e8655a', 49, 'unlisted', 'Jungle Control Playbook', '{"enim proident excepteur aliquip","aliqua labore"}', DEFAULT, DEFAULT, DEFAULT), ('bf7ffe87-c4e2-5aa1-86f7-2fdfa8315ff6', '92ce3cad-bd68-55a2-9017-d27d51e2e007', 44, 'unlisted', 'Gank Heavy Approach', '{"ea et quis","esse pariatur in eu","proident in et","mollit qui"}', DEFAULT, DEFAULT, DEFAULT), ('764f06ba-b246-5c62-8e43-89fe991c749d', 'e5b4727f-be5e-52c0-83cb-cb7ba230945f', 45, 'public', 'Secure Objective Playbook', '{"in ullamco","duis nulla","ut sit","consequat","fugiat exercitation sunt velit a","elit consequat aliqua nulla","voluptate dolor","nisi reprehenderit pariatur","amet do ad"}', DEFAULT, DEFAULT, DEFAULT), ('229d48f9-9e17-5f91-bd2c-3f3cdbae28c1', '9bf2ad50-cccb-50eb-8269-3a7e78bd21f5', 48, 'public', 'Counter Pick Blueprint', '{"laborum adipisicing dolor","culpa fugiat laborum sit","est cupidatat quis pariatur","ullamco pariatur","culpa magna veniam est"}', DEFAULT, DEFAULT, DEFAULT), ('505fdba9-c563-5897-bd99-f3fd7e6efb10', '8c5ef042-1b14-56ed-adba-e25d3960a3cf', 43, 'private', 'Map Control Blueprint', '{"labore laboris ea laborum adipis","laboris irure amet","laboris aute magna","dolore fugiat","eiusmod consectetur non pariatur","sint sunt","consectetur culpa ad"}', DEFAULT, DEFAULT, DEFAULT), ('ad47e58b-6404-5eb4-b01c-1ab02b3af226', '8926b9fd-34b2-5421-a25c-9cd89c12cad0', 49, 'private', 'Gank Heavy Approach', '{"magna pariatur","cupidatat eiusmod esse minim","ex deserunt proident","eiusmod consectetur ullamco","ullamco eiusmod","esse quis irure"}', DEFAULT, DEFAULT, DEFAULT), ('4ae4f149-a1da-5a76-913f-5ea02c87f4e0', '9584676f-0635-591a-a937-d230d9a3abf3', 43, 'unlisted', 'Counter Pick Blueprint', '{"irure aliquip eiusmod qui commod","aliquip Lorem tempor anim sint"}', DEFAULT, DEFAULT, DEFAULT), ('a85217e5-f8d6-5dd0-996b-8464fa1021ff', 'e4de1a09-bd9a-5e42-b92c-2cb1af28bec6', 49, 'public', 'Counter Pick Blueprint', '{"esse aliquip proident","minim","laboris exercitation","deserunt cillum nostrud laboris ","qui officia"}', DEFAULT, DEFAULT, DEFAULT), ('b21411a7-0afc-5cf3-81fc-471ab95f5d8d', 'a5831e58-2fc9-5b59-970d-00c344a4eb18', 48, 'unlisted', 'Vision Denial Blueprint', '{"fugiat eiusmod quis et"}', DEFAULT, DEFAULT, DEFAULT), ('d37fd98f-746a-582e-a0fc-de28d96e48c5', 'e5b4727f-be5e-52c0-83cb-cb7ba230945f', 41, 'public', 'Siege Tactics Handbook', '{"elit nostrud","cupidatat ut","amet voluptate cillum fugiat","enim eiusmod consequat aliquip"}', DEFAULT, DEFAULT, DEFAULT), ('2dc53ff7-923f-50df-a732-82b60afbba2f', '756cbb59-27d6-58f3-b4b9-8b56121e683f', 48, 'unlisted', 'Roaming Support Plan', '{"proident dolore anim aute volupt","nulla consequat","dolore consequat anim mollit qui"}', DEFAULT, DEFAULT, DEFAULT), ('f9690101-a16f-5108-b391-78c9dba8aeee', '2d1d7734-be70-5d07-a538-e76c6cae722e', 46, 'unlisted', 'Late Game Scaling Strategy', '{"excepteur deserunt do","nostrud ullamco do Lorem aliqua"}', DEFAULT, DEFAULT, DEFAULT), ('7441a375-e1c1-5111-b299-b73d6da10ca2', '36f6f3ba-e867-5008-b6c1-829e989f9d2f', 42, 'unlisted', 'Vision Denial Blueprint', '{"duis mollit","sint Lorem","nisi id ex cupidatat","anim est ipsum fugiat","qui","excepteur quis commodo","nulla minim","qui et Lorem Lorem"}', DEFAULT, DEFAULT, DEFAULT), ('ca1d2bcf-5a98-5759-81b6-75e3ed47122a', '6c52c1d9-13a4-51ef-ae51-1dacc4c14be9', 42, 'private', 'Objective Focused Strategy', '{}', DEFAULT, DEFAULT, DEFAULT), ('77b1dab4-a856-5c18-bb24-053f8869bc5b', '8bfeb6d5-d92f-5041-aa1b-39b8365c0a59', 44, 'private', 'Rotation Strategy Document', '{"occaecat nostrud","consequat enim consectetur","dolor","deserunt anim adipisicing ipsum","magna mollit ut","laborum dolore amet reprehenderi","laborum ea cillum","aliqua nostrud","veniam laboris commodo commodo","quis Lorem non"}', DEFAULT, DEFAULT, DEFAULT), ('08b3c695-d6fb-54e4-9ef2-bf508a57adc1', '305fa448-c3bf-59c7-a989-19ae69ce0725', 46, 'public', 'Aggressive Rush Strategy', '{"non"}', DEFAULT, DEFAULT, DEFAULT), ('7dc16d02-274a-5e7f-bc31-6af29982313f', 'a5e6c58e-54df-5943-b1b7-463c2ae0fb74', 47, 'private', 'Late Game Scaling Strategy', '{"id deserunt","ullamco sunt","laboris duis Lorem cupidatat","veniam incididunt incididunt","velit irure nulla ea","ex amet","irure nisi magna"}', DEFAULT, DEFAULT, DEFAULT), ('acad405c-f8e9-559b-bd11-e0ffc3bebca6', '5dd9c208-a224-5712-b987-eab6b9a89e23', 41, 'unlisted', 'Siege Tactics Handbook', '{"fugiat sunt sunt","non sunt ex","reprehenderit do aliqua","qui nostrud nisi","adipisicing occaecat eu"}', DEFAULT, DEFAULT, DEFAULT), ('16d95573-87cd-5d45-be45-e8a020ba40ac', 'd1b8f3f8-af26-5088-8712-273c28ba98f7', 41, 'private', 'Counter Pick Blueprint', '{"labore exercitation","commodo nostrud","nulla elit","deserunt exercitation fugiat sun","consectetur dolore nostrud dolor"}', DEFAULT, DEFAULT, DEFAULT), ('5a993b43-eca0-563f-b6c9-fdd440759e85', '549980e7-3e77-5d76-b263-84664d04b209', 45, 'unlisted', 'Team Fight Execution Plan', '{"nisi amet consectetur","adipisicing qui cillum sint","do eiusmod labore","culpa dolor ullamco","excepteur","ad est ad adipisicing fugiat","reprehenderit voluptate reprehen","dolor amet dolore","pariatur deserunt sit adipisicin"}', DEFAULT, DEFAULT, DEFAULT), ('f7bfc2c8-d52a-5806-97fd-77bd67d93b23', 'de459427-bb2c-5381-bdbf-7126efbb65c9', 43, 'unlisted', 'Counter Pick Blueprint', '{}', DEFAULT, DEFAULT, DEFAULT), ('748d5a8c-f2bf-5974-9c72-24f98b85813b', '2d1d7734-be70-5d07-a538-e76c6cae722e', 42, 'private', 'Defensive Turtle Tactics', '{"mollit reprehenderit deserunt","proident et","cupidatat","sit adipisicing aute voluptate e","occaecat veniam fugiat","nisi laboris in ullamco"}', DEFAULT, DEFAULT, DEFAULT), ('808d9117-ba04-5cb0-8827-639e2642b0ee', '549980e7-3e77-5d76-b263-84664d04b209', 48, 'public', 'Team Fight Execution Plan', '{"quis irure","elit laboris exercitation aliqui","cillum nulla","minim proident magna culpa","et","id Lorem non ullamco","ipsum veniam","aute in cillum esse minim"}', DEFAULT, DEFAULT, DEFAULT), ('e0185351-5b08-58b2-bd3e-c09965750112', '9a184097-b9bc-5f22-ba40-6c62e83423ab', 49, 'public', 'Roaming Support Plan', '{"exercitation ad aliquip in","voluptate irure fugiat nulla","commodo excepteur duis minim vol","aliquip dolor nisi ea","ex","reprehenderit quis labore incidi","ullamco qui nulla enim","fugiat aute pariatur et aliquip"}', DEFAULT, DEFAULT, DEFAULT), ('993f7ab3-9b54-5771-a99e-0c6d75a1f37d', '5777772e-8d66-5c0f-ab03-fb0419760db6', 44, 'unlisted', 'Late Game Scaling Strategy', '{"officia in ut et","sit","tempor voluptate","tempor consectetur tempor duis","duis ea labore fugiat"}', DEFAULT, DEFAULT, DEFAULT), ('bdb5114a-76d3-5fe4-944c-043e7ebd99da', 'eda91f04-12ef-5904-88aa-e6ed9a692e03', 48, 'public', 'Baron Control Strategy', '{"ullamco cillum","sit proident consectetur eiusmod"}', DEFAULT, DEFAULT, DEFAULT), ('aa4964a1-4611-5528-9df9-ef170866214f', 'cfbfd1d4-e77f-57e5-94da-e9ff2cc7a996', 43, 'unlisted', 'Baron Control Strategy', '{"qui deserunt reprehenderit","exercitation qui anim esse","ipsum ipsum proident","consequat exercitation tempor","eiusmod et et nostrud","voluptate sit","veniam duis incididunt ut irure","magna consequat"}', DEFAULT, DEFAULT, DEFAULT), ('ec14513a-7d3c-5172-b68b-d531791ec9de', '75e07351-a344-5719-bccf-45791a666af4', 47, 'private', 'Aggressive Rush Strategy', '{"do nostrud occaecat","dolor sunt ex","deserunt laborum","consequat anim qui nisi voluptat","amet tempor non","nulla nostrud","mollit"}', DEFAULT, DEFAULT, DEFAULT), ('a0f81f50-aa3d-5780-b485-a54fb7b7833a', '8926b9fd-34b2-5421-a25c-9cd89c12cad0', 50, 'private', 'Team Fight Execution Plan', '{"occaecat","veniam ut in anim","minim amet veniam nisi velit","ullamco laboris ut sint","consectetur et id ipsum","minim tempor","nisi fugiat nostrud","non do reprehenderit incididunt","deserunt ipsum labore minim"}', DEFAULT, DEFAULT, DEFAULT), ('aabd5608-e04b-5bd8-8d75-d004a1b17409', '1e7e0bcb-4fc0-5d72-81a5-d67a74a13595', 50, 'unlisted', 'Objective Focused Strategy', '{"cillum ad","officia consectetur consequat am","sit consectetur in","consectetur esse"}', DEFAULT, DEFAULT, DEFAULT), ('7bcc2b79-de31-5963-9cfd-559af77da3be', 'd1b8f3f8-af26-5088-8712-273c28ba98f7', 48, 'unlisted', 'Wave Management Plan', '{"exercitation sunt","adipisicing nostrud ea sunt"}', DEFAULT, DEFAULT, DEFAULT), ('b4293a01-a1be-5e58-a088-abc550c9f820', '89f211a9-c1e7-5fa6-9108-784d98291012', 44, 'private', 'Early Game Dominance Guide', '{"ut et reprehenderit sit","non sit","esse dolor consectetur","in ut","ipsum qui","velit exercitation"}', DEFAULT, DEFAULT, DEFAULT), ('a97e2960-b385-5f99-88c2-9e562f32234e', 'a88bc9b9-135e-55c7-8c4c-5a072a3c8573', 47, 'public', 'Team Fight Execution Plan', '{"sit officia","dolore","et","velit aliquip","esse cillum aliqua fugiat","nulla dolore"}', DEFAULT, DEFAULT, DEFAULT), ('db39a462-f36a-54ba-b38e-2fcf35273cba', 'b5605791-3389-56c2-9ec6-17d538b9bb85', 43, 'private', 'Counter Pick Blueprint', '{"irure officia ullamco","eu excepteur","laboris id deserunt","ex adipisicing ipsum aliqua sunt"}', DEFAULT, DEFAULT, DEFAULT), ('35dc016a-9edc-565d-923e-9bee9a60bd24', '3ff60d7a-a4ad-54c5-a422-53b52cd53093', 44, 'public', 'Siege Tactics Handbook', '{"ut irure"}', DEFAULT, DEFAULT, DEFAULT), ('61e4dc6c-b183-5c81-91cb-8dc622fd6913', '3ff60d7a-a4ad-54c5-a422-53b52cd53093', 42, 'unlisted', 'Siege Tactics Handbook', '{"mollit"}', DEFAULT, DEFAULT, DEFAULT), ('b5df5eae-45e8-5f54-a8f9-351afabf5f65', 'b5605791-3389-56c2-9ec6-17d538b9bb85', 49, 'unlisted', 'Rotation Strategy Document', '{"elit culpa ut tempor magna","ut","non eiusmod sint magna","cillum ea","aliquip eu do officia","veniam esse eiusmod adipisicing ","occaecat laborum esse laboris","sint labore nulla cillum"}', DEFAULT, DEFAULT, DEFAULT), ('18aa22db-700e-5a8a-892c-5bf7b7da1bbf', '5d378209-1fd5-506f-8b3f-511a16489d69', 42, 'public', 'Aggressive Rush Strategy', '{"amet quis irure sit","do minim proident exercitation","adipisicing culpa elit et","sit irure cupidatat ullamco","esse"}', DEFAULT, DEFAULT, DEFAULT), ('7c9a7a2f-bf97-5fb7-9ff3-bb3e363fce60', '882c7ae5-914f-539d-8207-691de536097f', 42, 'unlisted', 'Gank Heavy Approach', '{"anim","incididunt dolore Lorem nostrud","adipisicing anim mollit ex"}', DEFAULT, DEFAULT, DEFAULT), ('93216013-7bd8-59b1-a3f0-b1087d4d7f00', 'eda91f04-12ef-5904-88aa-e6ed9a692e03', 47, 'public', 'Secure Objective Playbook', '{"cupidatat aute occaecat sunt con","exercitation eiusmod","sunt id exercitation eu non","eu veniam do","ipsum incididunt commodo dolor","consequat incididunt","velit duis","ad dolor"}', DEFAULT, DEFAULT, DEFAULT), ('3e057cf2-df3a-50e5-82fa-e2dcf87ebd5a', '01807616-77b8-51e2-9a97-d85b00b2c474', 43, 'public', 'Secure Objective Playbook', '{"cupidatat amet","ad exercitation","ullamco commodo pariatur sint in","ipsum","cillum id pariatur"}', DEFAULT, DEFAULT, DEFAULT), ('e3f5f266-44d3-5096-b897-56678a5f974b', 'd19db439-c7e7-53a7-aa19-0db346180dc1', 50, 'private', 'Vision Denial Blueprint', '{"esse cupidatat","laboris commodo magna anim","veniam non incididunt amet","irure consequat consectetur veli","ullamco et","est sit"}', DEFAULT, DEFAULT, DEFAULT), ('ffbcf0c1-44bb-549f-ba50-18e1e874a611', '91fa3874-9437-5dfa-a49a-f19fb38d9e92', 43, 'private', 'Counter Pick Blueprint', '{"pariatur ipsum","enim minim consequat","magna duis ut","consectetur velit dolor","eu cillum","eu enim voluptate"}', DEFAULT, DEFAULT, DEFAULT), ('c4f414cf-451e-5497-88db-62020e3a0dc5', '8a0a556f-d942-55f0-8ba8-1ffbfaf3c6d9', 42, 'private', 'Baron Control Strategy', '{"cupidatat quis ut","nisi anim laborum","aliquip","Lorem adipisicing in et","amet","laborum et sint laborum","ut culpa","dolor voluptate adipisicing occa","reprehenderit eu"}', DEFAULT, DEFAULT, DEFAULT), ('a109823a-0d02-5064-b8ef-3186d6d08cb0', 'de459427-bb2c-5381-bdbf-7126efbb65c9', 41, 'private', 'Aggressive Rush Strategy', '{"magna sint Lorem consectetur","incididunt nulla","aliquip aliquip laborum ea","do dolore"}', DEFAULT, DEFAULT, DEFAULT), ('3e4b1eac-b214-5aaa-a7f0-29af8a5b2ce9', '6c3f6730-2b1a-5e27-97de-caacad0bb1a5', 41, 'public', 'Rotation Strategy Document', '{"aliquip duis ad","officia commodo voluptate anim"}', DEFAULT, DEFAULT, DEFAULT), ('72819b1c-0a2a-5e86-b5bc-5741c2854f96', '9b1fc781-1e4e-56d2-bd68-0dc257a319c0', 42, 'private', 'Split Push Blueprint', '{"ut sit exercitation excepteur ei","qui proident culpa veniam","sint est veniam","do occaecat","nulla duis pariatur","et irure sint cillum"}', DEFAULT, DEFAULT, DEFAULT), ('b5d7b26a-56f4-59fc-853e-1a1306ab6e95', 'e5b4727f-be5e-52c0-83cb-cb7ba230945f', 43, 'public', 'Objective Focused Strategy', '{"magna","irure est in","nulla laboris","culpa adipisicing","id tempor non","consequat laborum sit velit offi","et pariatur minim eu elit","adipisicing"}', DEFAULT, DEFAULT, DEFAULT), ('29365629-31e8-5e53-b1ae-ffdad1c2009e', '75e07351-a344-5719-bccf-45791a666af4', 44, 'unlisted', 'Jungle Control Playbook', '{"cillum occaecat culpa","aliqua sint cillum pariatur","laborum","eiusmod et magna Lorem","dolore aliqua amet","occaecat cillum laboris"}', DEFAULT, DEFAULT, DEFAULT), ('ef9b1028-31e2-59d9-a64e-2a4d1686e96e', '853509f0-6836-5fa7-87f2-fb0a9a8766d2', 50, 'unlisted', 'Objective Focused Strategy', '{"consectetur aute adipisicing tem","esse commodo"}', DEFAULT, DEFAULT, DEFAULT), ('51f9c2fa-a6a8-5d1e-9ef8-efb89c34ee1c', 'de459427-bb2c-5381-bdbf-7126efbb65c9', 49, 'private', 'Split Push Blueprint', '{}', DEFAULT, DEFAULT, DEFAULT), ('930338c0-ea8e-56fc-b2df-a68255a6182c', 'eda91f04-12ef-5904-88aa-e6ed9a692e03', 47, 'private', 'Aggressive Rush Strategy', '{"sit veniam amet dolore","est ullamco ea quis eu","fugiat non","cillum tempor voluptate culpa au"}', DEFAULT, DEFAULT, DEFAULT), ('14f0b4c0-9d33-5d68-85ae-cc3d31b6b19e', '2d1d7734-be70-5d07-a538-e76c6cae722e', 46, 'public', 'Jungle Control Playbook', '{"elit quis","ad","anim id tempor","nulla elit aute id","voluptate cillum tempor","tempor irure cupidatat exercitat","labore aliqua ea","occaecat esse consequat ut"}', DEFAULT, DEFAULT, DEFAULT), ('7c51f66f-cf81-571f-a65c-f571f1f39cc9', '19495f2f-99a6-5394-9596-a1d3fb0d3196', 50, 'private', 'Roaming Support Plan', '{"occaecat esse aute irure dolore"}', DEFAULT, DEFAULT, DEFAULT), ('764b9b2a-d477-5bff-a789-cba064ac71f8', 'ac9f0e3e-b030-584f-a8dd-87355fe22537', 44, 'public', 'Vision Control Blueprint', '{"in ad eiusmod mollit","enim et excepteur","ipsum ea ad","occaecat nisi ullamco reprehende","voluptate velit nisi","dolore","exercitation commodo"}', DEFAULT, DEFAULT, DEFAULT), ('1125d49b-2ad6-5500-bd14-7e0649f5dd73', '2d1d7734-be70-5d07-a538-e76c6cae722e', 42, 'unlisted', 'Team Fight Execution Plan', '{"veniam eu","consectetur","Lorem ut minim sunt","esse consequat veniam aliqua sin","minim anim nostrud proident","veniam anim esse","aute","nostrud magna exercitation dolor","qui"}', DEFAULT, DEFAULT, DEFAULT), ('de1d5557-45c4-5747-8c2d-f8c09704db25', '5777772e-8d66-5c0f-ab03-fb0419760db6', 43, 'private', 'Baron Control Strategy', '{"ullamco consectetur","labore quis Lorem"}', DEFAULT, DEFAULT, DEFAULT), ('dc2759a8-51ca-575d-9678-0ac64e900648', '438bff0e-fd50-5c86-89ee-d397a0c0e548', 50, 'private', 'Late Game Scaling Strategy', '{"laboris consectetur nisi laborum","quis proident quis Lorem"}', DEFAULT, DEFAULT, DEFAULT), ('8c0ef303-3ae4-5fe5-b0be-ef1788ae8707', 'a8212e1b-5577-5c28-9c38-2d4fbd753550', 42, 'public', 'Vision Control Blueprint', '{"cupidatat nulla proident","reprehenderit dolore consectetur","enim elit","in ut","Lorem ad"}', DEFAULT, DEFAULT, DEFAULT), ('ddd094e1-b8f4-560e-b960-af5227a9b337', '8b7e423b-b9b9-5b3c-bf3d-1aa45d16235c', 44, 'unlisted', 'Map Control Blueprint', '{"dolore ad reprehenderit","Lorem sit irure","ut","aliqua","quis magna eu","proident occaecat nostrud","ad"}', DEFAULT, DEFAULT, DEFAULT), ('4bd93d1d-9da0-508d-a30a-5cd1fe2e858d', '9b1fc781-1e4e-56d2-bd68-0dc257a319c0', 42, 'public', 'Baron Control Strategy', '{"Lorem qui","adipisicing labore","nulla non sint cupidatat","deserunt voluptate non labore cu","veniam ea aliquip sunt","velit sunt dolore","dolor et nisi tempor","sunt","amet cupidatat est"}', DEFAULT, DEFAULT, DEFAULT), ('2d25022b-866c-584e-895d-11b8a727c08f', '811570ef-0b81-508d-ba05-2f5e812d4131', 48, 'public', 'Jungle Control Playbook', '{"ex irure ad mollit","commodo","velit et","cillum aliquip nostrud","reprehenderit cupidatat et paria","in qui","id et","aliquip aute","quis eu incididunt"}', DEFAULT, DEFAULT, DEFAULT), ('8d4a5d0e-3ef8-5e54-ac1b-6a14acb1ad0e', '9b1fc781-1e4e-56d2-bd68-0dc257a319c0', 49, 'private', 'Team Fight Execution Plan', '{"fugiat irure duis labore officia","Lorem veniam ullamco magna","pariatur tempor consequat","aute proident non sit","duis","nostrud officia et aute","culpa cupidatat qui elit","et fugiat amet ad cillum","non voluptate dolore"}', DEFAULT, DEFAULT, DEFAULT), ('6b889196-1556-5eef-89c0-e7506a0ca45b', '2589cf16-4103-5a4f-b544-b30078083eaa', 41, 'public', 'Baron Control Strategy', '{"aute occaecat","cupidatat"}', DEFAULT, DEFAULT, DEFAULT), ('e6b5025c-d432-567c-bc94-e80f642225ff', '19495f2f-99a6-5394-9596-a1d3fb0d3196', 47, 'public', 'Aggressive Rush Strategy', '{"voluptate anim laboris","aute proident sit","et nisi ex eiusmod","officia duis labore","aute","eiusmod","consectetur nisi sit enim","ad"}', DEFAULT, DEFAULT, DEFAULT), ('4d0eaa15-67e7-50e5-bd92-8596a8c41516', '59558fa1-9cc0-5e85-a331-879d76e07f05', 49, 'public', 'Jungle Control Playbook', '{"do sint ipsum commodo minim","nostrud fugiat eu velit","ut excepteur exercitation","minim nulla ullamco dolore sint"}', DEFAULT, DEFAULT, DEFAULT), ('c2405ac9-0838-5ce8-a85b-e6db0fbe6c10', '29b47b7e-4cec-5d5a-b93d-172770b57ed6', 47, 'unlisted', 'Early Game Dominance Guide', '{"commodo non","amet minim eu nostrud ullamco","adipisicing ad non","ipsum","ipsum occaecat amet","minim commodo dolore exercitatio","incididunt","ea","fugiat dolor"}', DEFAULT, DEFAULT, DEFAULT), ('c8df1446-9b17-5687-8ff4-001003cfca37', '8c5ef042-1b14-56ed-adba-e25d3960a3cf', 50, 'private', 'Jungle Control Playbook', '{"tempor labore esse veniam qui","pariatur culpa enim","aliquip dolore","nisi dolor","nulla adipisicing sint ad","voluptate laboris non tempor in","laboris mollit voluptate adipisi"}', DEFAULT, DEFAULT, DEFAULT), ('f706294d-163e-5aef-a517-eae489067781', '6c52c1d9-13a4-51ef-ae51-1dacc4c14be9', 42, 'public', 'Counter Pick Blueprint', '{"mollit dolor cillum minim","non Lorem magna id","irure","culpa sunt","do","amet","non eiusmod esse magna"}', DEFAULT, DEFAULT, DEFAULT), ('bee3d023-7908-5b1b-a6e7-320078c804bf', '8bfeb6d5-d92f-5041-aa1b-39b8365c0a59', 41, 'private', 'Roaming Support Plan', '{"ullamco sint adipisicing eiusmod","cillum non dolore ex","voluptate","irure adipisicing nostrud conseq","excepteur sint","qui Lorem cupidatat culpa aliqua","velit id aliqua ad"}', DEFAULT, DEFAULT, DEFAULT), ('d607d7db-ee7a-57fa-b0f1-08a24201e561', '29b47b7e-4cec-5d5a-b93d-172770b57ed6', 46, 'unlisted', 'Objective Focused Strategy', '{"mollit","proident magna pariatur minim","laborum","occaecat est","laborum minim amet","aliquip","mollit in duis mollit"}', DEFAULT, DEFAULT, DEFAULT), ('6db5eb76-a4d8-59b2-8682-ac0a5dca423f', 'a88bc9b9-135e-55c7-8c4c-5a072a3c8573', 45, 'public', 'Objective Focused Strategy', '{"sint amet aliquip cillum commodo","voluptate et officia deserunt","aliquip Lorem tempor commodo","aute non","ad amet cupidatat","officia labore cillum","ipsum","fugiat nulla velit duis elit","excepteur deserunt ipsum"}', DEFAULT, DEFAULT, DEFAULT), ('f0859c52-737d-58da-9c95-b804668a9ae6', '36f6f3ba-e867-5008-b6c1-829e989f9d2f', 42, 'public', 'Gank Heavy Approach', '{"tempor quis ullamco voluptate","aliquip eu commodo adipisicing e","eu cillum qui nulla","commodo eiusmod mollit","voluptate duis ut labore","aute veniam qui aliqua","incididunt cupidatat voluptate"}', DEFAULT, DEFAULT, DEFAULT), ('f843e0b1-5e16-5c9e-923e-e155f87b2422', '882c7ae5-914f-539d-8207-691de536097f', 49, 'unlisted', 'Aggressive Rush Strategy', '{"officia ipsum deserunt"}', DEFAULT, DEFAULT, DEFAULT), ('971d3e7d-1fd1-5fd1-ba3a-0a99dda2cb04', '9584676f-0635-591a-a937-d230d9a3abf3', 48, 'public', 'Secure Objective Playbook', '{"ut"}', DEFAULT, DEFAULT, DEFAULT), ('51c6dab5-99f7-56c9-a820-7cfc76e25abf', '9b1fc781-1e4e-56d2-bd68-0dc257a319c0', 49, 'public', 'Early Game Dominance Guide', '{"reprehenderit ipsum duis","incididunt velit ad","ex officia ad magna nulla","id fugiat","dolore laborum nulla","fugiat occaecat","occaecat amet","laborum incididunt"}', DEFAULT, DEFAULT, DEFAULT), ('88430d1c-f998-5183-ac05-d06b362a058a', '2d1d7734-be70-5d07-a538-e76c6cae722e', 45, 'public', 'Map Control Blueprint', '{"Lorem sunt excepteur dolore","eu nostrud aliquip est","elit fugiat","nostrud qui do dolore"}', DEFAULT, DEFAULT, DEFAULT), ('fc959555-d183-544e-8cf6-52532b383f25', '438bff0e-fd50-5c86-89ee-d397a0c0e548', 50, 'private', 'Jungle Control Playbook', '{"pariatur","amet Lorem","dolor exercitation commodo","aute","do sint","ea et fugiat laboris ut","nostrud Lorem proident enim","Lorem anim eu","elit consectetur id ipsum nostru"}', DEFAULT, DEFAULT, DEFAULT), ('94935318-fc9b-5864-874e-912b663c75f7', '8d3f145b-67b0-504d-b49a-d59ecea5d2d8', 50, 'private', 'Defensive Turtle Tactics', '{"veniam ex minim pariatur","sint in","proident","velit","duis ullamco ullamco","quis ea nisi","non cillum","id labore tempor ea"}', DEFAULT, DEFAULT, DEFAULT), ('ea529f5a-add2-5f29-a44d-2a799c7ab051', '5dd9c208-a224-5712-b987-eab6b9a89e23', 47, 'unlisted', 'Early Game Dominance Guide', '{"cillum","labore et","deserunt eu"}', DEFAULT, DEFAULT, DEFAULT), ('b2bd3c17-1864-5b1f-8d71-b6fe96b48ba6', 'a3141029-aec2-543b-b18a-49fe947e3304', 44, 'public', 'Early Game Dominance Guide', '{"sunt adipisicing do deserunt"}', DEFAULT, DEFAULT, DEFAULT), ('a46777c9-6f34-5718-a195-68edd93e1d42', '7d0c4d54-58ae-5ddf-b108-590171e8655a', 41, 'private', 'Split Push Blueprint', '{"adipisicing","officia sunt","aliquip occaecat id aute pariatu","ut excepteur enim elit amet","deserunt nostrud","consequat ut esse","nulla ipsum","velit consequat labore voluptate"}', DEFAULT, DEFAULT, DEFAULT), ('0f3df2fb-dd6e-55b9-9f86-0babb8fec748', 'cfbfd1d4-e77f-57e5-94da-e9ff2cc7a996', 44, 'public', 'Vision Control Blueprint', '{"proident commodo exercitation re","laborum velit in laboris","fugiat in incididunt","tempor et","in cillum laboris","mollit ipsum","ut labore officia","fugiat"}', DEFAULT, DEFAULT, DEFAULT), ('95bb7f47-209b-5f16-a018-19e8f23e6e16', '1e7e0bcb-4fc0-5d72-81a5-d67a74a13595', 45, 'public', 'Jungle Control Playbook', '{"sit id ut amet fugiat","proident officia minim culpa","mollit excepteur aute","aute aute dolor","et deserunt","id aliquip eiusmod proident exer","ad enim do"}', DEFAULT, DEFAULT, DEFAULT), ('78959a88-41ee-5d40-85cb-71e22f4c47aa', '8bfeb6d5-d92f-5041-aa1b-39b8365c0a59', 46, 'public', 'Jungle Control Playbook', '{"irure","culpa Lorem ad","mollit","ex enim dolore","sit qui","Lorem incididunt nisi cillum non","dolor ipsum","dolore incididunt elit"}', DEFAULT, DEFAULT, DEFAULT), ('a9e614f8-c87a-596e-bdaf-6e577865453e', '2589cf16-4103-5a4f-b544-b30078083eaa', 48, 'public', 'Siege Tactics Handbook', '{"officia do ipsum","amet proident proident elit","fugiat nulla","amet incididunt cupidatat commod","magna","ut nulla excepteur id","incididunt elit eu","aute dolor","qui elit anim","cupidatat voluptate consequat"}', DEFAULT, DEFAULT, DEFAULT), ('f80096a0-59ff-58f8-a58f-cd508cb0f33e', '882c7ae5-914f-539d-8207-691de536097f', 47, 'public', 'Defensive Turtle Tactics', '{"in consectetur","anim consectetur fugiat","et cupidatat nulla","esse"}', DEFAULT, DEFAULT, DEFAULT), ('a444e395-f85a-5fcf-904b-e713df3a17f6', 'bbc51950-a428-5ed7-b604-6444a902714b', 48, 'public', 'Siege Tactics Handbook', '{"Lorem sit","in mollit","in et","reprehenderit cillum minim sit","ut mollit","velit incididunt","ex aute"}', DEFAULT, DEFAULT, DEFAULT);
INSERT INTO public.team_member_role (id,name,flags) VALUES (10, 'owner', 63), (11, 'editor', 7), (12, 'viewer', 1);
SELECT setval('"public"."team_member_role_id_seq"'::regclass, (SELECT MAX("id") FROM "public"."team_member_role"));
