INSERT INTO public.game (id,name,alias,icon,hidden,metadata,created_at) VALUES (42, 'Ipsum', 'NBA2K', 'https://svgshare.com/i/15iw.svg', 'f', '{"player_count":5}', DEFAULT), (43, 'Officia Commodo', 'NBA2K', 'https://svgshare.com/i/15iw.svg', 'f', '{"player_count":5}', DEFAULT), (44, 'Nulla', 'GTA', 'https://svgshare.com/i/15iw.svg', 'f', '{"player_count":5}', DEFAULT);
SELECT setval('"public"."game_id_seq"'::regclass, (SELECT MAX("id") FROM "public"."game"));
INSERT INTO public.team (id,name,plan_id,game_id,created_at,updated_at) VALUES ('7c2c4732-09c1-5f7b-87ca-c53e7497b4ef', 'Veniam Amet Sint', NULL, 44, DEFAULT, DEFAULT), ('f50563b6-8532-51ec-b121-d8c6bca3e897', 'Id Cillum', NULL, 44, DEFAULT, DEFAULT), ('f1bf295c-195b-5a42-9c6b-5bfa14b58307', 'Adipisicing Id Do Ve', NULL, 44, DEFAULT, DEFAULT), ('e0eebbc8-63c9-5fee-b088-b3310b672c35', 'Nostrud Commodo Eius', NULL, 43, DEFAULT, DEFAULT), ('1c17c04a-19f5-5c48-8b6b-48fe02257ffb', 'Lorem Consectetur Ma', NULL, 44, DEFAULT, DEFAULT), ('a2996c99-b8bb-5bf6-b789-844e821ceb82', 'Ex Ut Tempor', NULL, 43, DEFAULT, DEFAULT), ('5d016028-a6a3-5268-91a3-91021dbfda0a', 'Occaecat Velit', NULL, 44, DEFAULT, DEFAULT), ('b279891e-05aa-528b-867b-dd6fe5fa77c8', 'Amet Velit', NULL, 42, DEFAULT, DEFAULT), ('ff53868f-9940-575d-8fa8-923808f93a53', 'Ea Ad Anim', NULL, 43, DEFAULT, DEFAULT), ('8172203a-00e7-5e0e-919b-2970e0d891df', 'Veniam Qui', NULL, 42, DEFAULT, DEFAULT), ('7b5ee10b-959f-565b-9dac-a4bab4f6c6bf', 'Minim Ut', NULL, 44, DEFAULT, DEFAULT), ('38400370-0369-5239-8b08-499aef0591ef', 'Pariatur Excepteur', NULL, 43, DEFAULT, DEFAULT), ('77394b64-1ec1-5043-8dc3-08f9200521d4', 'Eu Amet Mollit', NULL, 44, DEFAULT, DEFAULT), ('56ea9a57-3786-5a49-9700-501eb57a1328', 'Labore Commodo', NULL, 43, DEFAULT, DEFAULT), ('5e20f9a8-7b26-5a5f-8426-6b12c182d23c', 'Enim Id Et', NULL, 43, DEFAULT, DEFAULT), ('53fe0e9e-3358-5722-b994-4faad8733cd3', 'Incididunt Ad', NULL, 44, DEFAULT, DEFAULT), ('e4834379-a7a0-5f41-8193-f598072b1c83', 'Est Adipisicing Null', NULL, 42, DEFAULT, DEFAULT), ('a9f91eda-269f-54d0-83de-05f0c2ecbf08', 'Lorem Nostrud Labori', NULL, 42, DEFAULT, DEFAULT), ('c0062d28-74ce-56b0-8124-852c5c4cdd1f', 'Id Commodo Eu', NULL, 43, DEFAULT, DEFAULT), ('a1d779f7-e622-5cd1-b766-eb2b7925b3c0', 'Officia Officia Null', NULL, 43, DEFAULT, DEFAULT), ('bd4e2ea6-e7d4-5655-93cc-d1ed71c3483c', 'Magna Et Ullamco In', NULL, 44, DEFAULT, DEFAULT), ('fb2f612f-57ab-526e-8b57-f5de07942107', 'Adipisicing Eu Aute ', NULL, 42, DEFAULT, DEFAULT), ('38cee772-792e-54fe-ae0f-d62f75f71c11', 'Magna Esse Ad', NULL, 44, DEFAULT, DEFAULT), ('60f279f1-b04c-57b1-b6aa-b71a8811c6ab', 'Ad Duis Laborum', NULL, 43, DEFAULT, DEFAULT), ('b5d35d7e-f19e-568e-9efe-911f779c892f', 'Enim Veniam', NULL, 42, DEFAULT, DEFAULT), ('3db3509a-5565-5145-aa2d-eb656db639a3', 'Proident Sint Ut', NULL, 42, DEFAULT, DEFAULT), ('782f7eda-e535-5ab3-8415-643126d3b0fa', 'Proident Pariatur In', NULL, 42, DEFAULT, DEFAULT), ('5daf6f25-3b97-5f49-8f75-4ba5d1d74cd3', 'Ex Pariatur Amet Nul', NULL, 44, DEFAULT, DEFAULT), ('3788fdae-c690-5563-abac-18b51e4d210f', 'Veniam Ipsum Pariatu', NULL, 42, DEFAULT, DEFAULT), ('177ae72e-41a6-5325-80d6-452827ea5918', 'Pariatur Consequat O', NULL, 42, DEFAULT, DEFAULT), ('c0a2f5c4-7781-5310-ad3c-e7b9f41a7ace', 'Ut Magna', NULL, 43, DEFAULT, DEFAULT), ('71c019c0-f4c8-51ac-bfff-4141eabf85f3', 'Do Deserunt Occaecat', NULL, 43, DEFAULT, DEFAULT), ('ab4eb860-b9b9-58f5-84c6-b76a08d23dfd', 'Consectetur Incididu', NULL, 42, DEFAULT, DEFAULT), ('dd9140ad-b92d-5673-a8c2-8b1c4e3e8697', 'Aliquip Magna Mollit', NULL, 44, DEFAULT, DEFAULT), ('78de8c0c-fe2d-50bd-afca-68bed9f87cd0', 'Fugiat Duis Amet Min', NULL, 44, DEFAULT, DEFAULT), ('81e51b22-aab8-5050-a735-aa5917f8771b', 'Duis Nulla', NULL, 43, DEFAULT, DEFAULT);
INSERT INTO public.plan (id,name,pricing,pricing_interval,is_default,config,created_at,updated_at) VALUES (28, 'Essential', 0, 'monthly', 't', '{"max_members":6,"max_blueprints":100,"max_books":20}', DEFAULT, DEFAULT), (29, 'Advanced', 15.803108597090716, 'monthly', 'f', '{"max_members":12,"max_blueprints":200,"max_books":40}', DEFAULT, DEFAULT), (30, 'Pro', 12.111348826482082, 'yearly', 'f', '{"max_members":18,"max_blueprints":300,"max_books":60}', DEFAULT, DEFAULT);
INSERT INTO public.book (id,name,team_id,created_at,updated_at) VALUES ('1e7e0bcb-4fc0-5d72-81a5-d67a74a13595', 'Ea', '7c2c4732-09c1-5f7b-87ca-c53e7497b4ef', DEFAULT, DEFAULT), ('d297ab9e-40d4-51b5-bb8f-a1df399f1a9a', 'Cillum Voluptate', '7c2c4732-09c1-5f7b-87ca-c53e7497b4ef', DEFAULT, DEFAULT), ('d1b8f3f8-af26-5088-8712-273c28ba98f7', 'Ipsum Nulla', '7c2c4732-09c1-5f7b-87ca-c53e7497b4ef', DEFAULT, DEFAULT), ('3ff60d7a-a4ad-54c5-a422-53b52cd53093', 'Reprehenderit Adipis', '7c2c4732-09c1-5f7b-87ca-c53e7497b4ef', DEFAULT, DEFAULT), ('cfbfd1d4-e77f-57e5-94da-e9ff2cc7a996', 'Ut', '7c2c4732-09c1-5f7b-87ca-c53e7497b4ef', DEFAULT, DEFAULT), ('92bf5244-388d-5bbf-bd84-1c7ad2efe31b', 'Nisi Elit', '7c2c4732-09c1-5f7b-87ca-c53e7497b4ef', DEFAULT, DEFAULT), ('9584676f-0635-591a-a937-d230d9a3abf3', 'Veniam', '7c2c4732-09c1-5f7b-87ca-c53e7497b4ef', DEFAULT, DEFAULT), ('5777772e-8d66-5c0f-ab03-fb0419760db6', 'Id Est Labore', '7c2c4732-09c1-5f7b-87ca-c53e7497b4ef', DEFAULT, DEFAULT), ('62507209-107c-55b5-9f47-9cad3cb25da5', 'Commodo Non', '7c2c4732-09c1-5f7b-87ca-c53e7497b4ef', DEFAULT, DEFAULT), ('24739a88-19c7-5534-a982-957c164117c4', 'Deserunt Fugiat', '7c2c4732-09c1-5f7b-87ca-c53e7497b4ef', DEFAULT, DEFAULT), ('98eaafd3-adbf-5a3e-adb9-b3fb6971b6f1', 'Et Enim Ex', 'f50563b6-8532-51ec-b121-d8c6bca3e897', DEFAULT, DEFAULT), ('2d1d7734-be70-5d07-a538-e76c6cae722e', 'Culpa Culpa Tempor', 'f50563b6-8532-51ec-b121-d8c6bca3e897', DEFAULT, DEFAULT), ('b5605791-3389-56c2-9ec6-17d538b9bb85', 'Quis', 'f50563b6-8532-51ec-b121-d8c6bca3e897', DEFAULT, DEFAULT), ('a5831e58-2fc9-5b59-970d-00c344a4eb18', 'Eu', 'f50563b6-8532-51ec-b121-d8c6bca3e897', DEFAULT, DEFAULT), ('756cbb59-27d6-58f3-b4b9-8b56121e683f', 'Sit Pariatur', 'f50563b6-8532-51ec-b121-d8c6bca3e897', DEFAULT, DEFAULT), ('a8212e1b-5577-5c28-9c38-2d4fbd753550', 'Nulla', 'f1bf295c-195b-5a42-9c6b-5bfa14b58307', DEFAULT, DEFAULT), ('59558fa1-9cc0-5e85-a331-879d76e07f05', 'Reprehenderit Minim ', 'f1bf295c-195b-5a42-9c6b-5bfa14b58307', DEFAULT, DEFAULT), ('8926b9fd-34b2-5421-a25c-9cd89c12cad0', 'Nisi', 'f1bf295c-195b-5a42-9c6b-5bfa14b58307', DEFAULT, DEFAULT), ('a6ea6199-2a1a-56d4-b12a-1bf7d32d154c', 'Veniam Fugiat Et', 'e0eebbc8-63c9-5fee-b088-b3310b672c35', DEFAULT, DEFAULT), ('eb3e804d-5ed0-59a1-900b-3b0f9b2cb577', 'Magna Pariatur', 'e0eebbc8-63c9-5fee-b088-b3310b672c35', DEFAULT, DEFAULT), ('88501f36-608d-5074-ab3f-752cd478292f', 'Occaecat', 'e0eebbc8-63c9-5fee-b088-b3310b672c35', DEFAULT, DEFAULT), ('0e342915-b360-541f-8c0a-bdf36b3c0ce2', 'Excepteur Cupidatat ', 'e0eebbc8-63c9-5fee-b088-b3310b672c35', DEFAULT, DEFAULT), ('8b474939-245b-5ed9-b06a-21432e2b9115', 'Mollit Nisi', 'e0eebbc8-63c9-5fee-b088-b3310b672c35', DEFAULT, DEFAULT), ('eb9fdff9-6822-52d9-b12a-a9a69b69cbe5', 'Nulla Ex Dolore', 'e0eebbc8-63c9-5fee-b088-b3310b672c35', DEFAULT, DEFAULT), ('79144a06-0314-5d41-8df1-e53dfcb6f109', 'Sit Ad', 'e0eebbc8-63c9-5fee-b088-b3310b672c35', DEFAULT, DEFAULT), ('b4df1d95-7dc2-5c19-b5ea-b51c237352b3', 'Anim Et Culpa', 'e0eebbc8-63c9-5fee-b088-b3310b672c35', DEFAULT, DEFAULT), ('abf8504a-2cfc-5a9d-a5d2-31dccd8bf00f', 'Exercitation', '1c17c04a-19f5-5c48-8b6b-48fe02257ffb', DEFAULT, DEFAULT), ('262a78c7-eb9d-5e1a-8e58-41ecb0c31fbd', 'Id Fugiat', '1c17c04a-19f5-5c48-8b6b-48fe02257ffb', DEFAULT, DEFAULT), ('110efd29-2979-5c30-b41f-b3bf832f48cd', 'Incididunt Magna', '1c17c04a-19f5-5c48-8b6b-48fe02257ffb', DEFAULT, DEFAULT), ('cf1d2e5e-3a18-5518-8e4c-387978992b8a', 'Voluptate Officia', '1c17c04a-19f5-5c48-8b6b-48fe02257ffb', DEFAULT, DEFAULT), ('34a6eefa-de0a-5b54-8950-76863d1d5290', 'Ad Sunt', '1c17c04a-19f5-5c48-8b6b-48fe02257ffb', DEFAULT, DEFAULT), ('338ac238-5209-53e4-836e-9d5dc98ae268', 'Veniam Lorem Culpa', '1c17c04a-19f5-5c48-8b6b-48fe02257ffb', DEFAULT, DEFAULT), ('5f3671df-cc06-5a3d-87a6-e1e42e095fa3', 'In', '1c17c04a-19f5-5c48-8b6b-48fe02257ffb', DEFAULT, DEFAULT), ('beb6961f-fe15-549e-851d-4b848f0c22b3', 'Cupidatat Dolore', '1c17c04a-19f5-5c48-8b6b-48fe02257ffb', DEFAULT, DEFAULT), ('d2268e40-fa6d-5300-9f01-b7cc8f9018e3', 'Incididunt Ad', 'a2996c99-b8bb-5bf6-b789-844e821ceb82', DEFAULT, DEFAULT), ('7a86b477-8922-5c78-85b7-47a44d6877c0', 'Consectetur Aliquip', 'a2996c99-b8bb-5bf6-b789-844e821ceb82', DEFAULT, DEFAULT), ('cd1520c4-af17-5e1e-b5b0-a9e95f36a7c4', 'Ut Qui', 'a2996c99-b8bb-5bf6-b789-844e821ceb82', DEFAULT, DEFAULT), ('2190cc4c-2cc5-5f9f-983d-55f70f31e468', 'Officia Et Sint', 'a2996c99-b8bb-5bf6-b789-844e821ceb82', DEFAULT, DEFAULT), ('349111f0-5b40-5b21-aeff-8af2b228d28f', 'Mollit Ea Consectetu', '5d016028-a6a3-5268-91a3-91021dbfda0a', DEFAULT, DEFAULT), ('e2b744a0-a170-5a87-828d-34cc6f64ca05', 'Nisi Ut Quis', '5d016028-a6a3-5268-91a3-91021dbfda0a', DEFAULT, DEFAULT), ('3a804324-748d-571a-afad-6b9c20a35337', 'Pariatur', '5d016028-a6a3-5268-91a3-91021dbfda0a', DEFAULT, DEFAULT), ('1bf9a820-bb8f-59cd-8902-84a62a1aa29f', 'Qui Incididunt', '5d016028-a6a3-5268-91a3-91021dbfda0a', DEFAULT, DEFAULT), ('2067e70c-565d-520b-b56b-19189e5b77f5', 'Tempor Tempor', '5d016028-a6a3-5268-91a3-91021dbfda0a', DEFAULT, DEFAULT), ('2da447ba-d0f6-5d62-becb-584cd208c558', 'Occaecat Sunt', '5d016028-a6a3-5268-91a3-91021dbfda0a', DEFAULT, DEFAULT), ('a00f2df0-a74b-51ab-8311-51125014b9ef', 'Deserunt Adipisicing', '5d016028-a6a3-5268-91a3-91021dbfda0a', DEFAULT, DEFAULT), ('2c5573d9-9522-50a1-b9d9-3ef48e8629b4', 'Minim Dolor', '5d016028-a6a3-5268-91a3-91021dbfda0a', DEFAULT, DEFAULT), ('df686e46-eb10-5a3f-abfb-03f34e72d244', 'Labore', '5d016028-a6a3-5268-91a3-91021dbfda0a', DEFAULT, DEFAULT), ('09204188-e618-5728-88fc-034120742c41', 'Eiusmod Aliquip', 'b279891e-05aa-528b-867b-dd6fe5fa77c8', DEFAULT, DEFAULT), ('b576de0c-954e-5345-a9e7-0d691c52341a', 'Cillum', 'b279891e-05aa-528b-867b-dd6fe5fa77c8', DEFAULT, DEFAULT), ('887dee3f-7921-537c-91f1-8b0d43117b12', 'Ipsum Elit Velit', 'b279891e-05aa-528b-867b-dd6fe5fa77c8', DEFAULT, DEFAULT), ('6fc34c52-742f-56c2-b6c3-89dee63a8839', 'Esse Veniam', 'b279891e-05aa-528b-867b-dd6fe5fa77c8', DEFAULT, DEFAULT), ('5531f3c9-2ccc-59e8-86e8-da1800808ec2', 'Duis', 'b279891e-05aa-528b-867b-dd6fe5fa77c8', DEFAULT, DEFAULT), ('3b3a2ed4-3283-5a09-84d9-c7de876d5510', 'Ullamco Sint', 'b279891e-05aa-528b-867b-dd6fe5fa77c8', DEFAULT, DEFAULT), ('380f1bbd-f6c8-5306-af3f-7d7fa746bde0', 'Esse Duis', 'b279891e-05aa-528b-867b-dd6fe5fa77c8', DEFAULT, DEFAULT), ('672ad514-6b43-58ed-b7aa-f70ed34485d9', 'Adipisicing Consecte', 'b279891e-05aa-528b-867b-dd6fe5fa77c8', DEFAULT, DEFAULT), ('f561c33d-0589-5163-a677-f2a1eb6b3322', 'Non Irure', 'ff53868f-9940-575d-8fa8-923808f93a53', DEFAULT, DEFAULT), ('02a341a2-35a0-5fbc-a1f4-aa8b42aa4b51', 'Ex Incididunt Ex', 'ff53868f-9940-575d-8fa8-923808f93a53', DEFAULT, DEFAULT), ('ad276812-3b86-5425-b36a-d822f2860912', 'Laboris', 'ff53868f-9940-575d-8fa8-923808f93a53', DEFAULT, DEFAULT), ('2764351d-73bf-5124-a613-660cd57f91dd', 'Id', 'ff53868f-9940-575d-8fa8-923808f93a53', DEFAULT, DEFAULT), ('cd80d13e-478f-5058-8dfd-e20a76013cb5', 'Esse', '8172203a-00e7-5e0e-919b-2970e0d891df', DEFAULT, DEFAULT), ('db9f2a26-569b-5431-9216-bcd2cf256bbd', 'Duis', '8172203a-00e7-5e0e-919b-2970e0d891df', DEFAULT, DEFAULT), ('e4c44768-00c8-52e6-80f9-625972d5d9b9', 'Elit Mollit Ex', '8172203a-00e7-5e0e-919b-2970e0d891df', DEFAULT, DEFAULT), ('e9decb87-4a50-5c41-896c-16fe0d21ebca', 'Dolor Quis Cillum', '7b5ee10b-959f-565b-9dac-a4bab4f6c6bf', DEFAULT, DEFAULT), ('274020d9-7513-5cf6-ae0b-e94ef1d1a62f', 'Tempor Incididunt', '7b5ee10b-959f-565b-9dac-a4bab4f6c6bf', DEFAULT, DEFAULT), ('644bfc5c-cf27-5d76-8355-4e4c8d73061f', 'Do Velit', '7b5ee10b-959f-565b-9dac-a4bab4f6c6bf', DEFAULT, DEFAULT), ('eff6dde6-e4aa-5c61-9818-5d7ae0bf58b7', 'Cillum Enim', '7b5ee10b-959f-565b-9dac-a4bab4f6c6bf', DEFAULT, DEFAULT), ('31bb49e9-e86d-546a-9e01-6986e5eacf06', 'Qui', '7b5ee10b-959f-565b-9dac-a4bab4f6c6bf', DEFAULT, DEFAULT), ('6a3486ce-c3fa-519b-8ad1-f329a5c3ee43', 'Nostrud Est', '7b5ee10b-959f-565b-9dac-a4bab4f6c6bf', DEFAULT, DEFAULT), ('d92658af-bb2e-5f93-9170-bc8d85a6ad50', 'Commodo Magna Repreh', '7b5ee10b-959f-565b-9dac-a4bab4f6c6bf', DEFAULT, DEFAULT), ('e7f24225-5e7d-55c3-8091-6f5a69baba70', 'Minim Excepteur', '7b5ee10b-959f-565b-9dac-a4bab4f6c6bf', DEFAULT, DEFAULT), ('452112d1-c377-57c1-bac3-4121d3e3bdcc', 'Ex Culpa', '7b5ee10b-959f-565b-9dac-a4bab4f6c6bf', DEFAULT, DEFAULT), ('448bebcf-842c-5d3e-858d-898238856074', 'Amet Duis Consequat', '7b5ee10b-959f-565b-9dac-a4bab4f6c6bf', DEFAULT, DEFAULT), ('b134c4e5-3e41-53b3-bf3f-7f4cf023e9d7', 'Esse Velit', '38400370-0369-5239-8b08-499aef0591ef', DEFAULT, DEFAULT), ('763ebb5f-add9-59ff-9a26-6b4030dae259', 'Est', '38400370-0369-5239-8b08-499aef0591ef', DEFAULT, DEFAULT), ('9f273059-bf49-55a4-bf95-e6bedcccffe3', 'Labore', '38400370-0369-5239-8b08-499aef0591ef', DEFAULT, DEFAULT), ('c7198a1e-f50c-5635-a5bf-2073d4da7bc6', 'Aliquip Et Nostrud', '38400370-0369-5239-8b08-499aef0591ef', DEFAULT, DEFAULT), ('b5f933d0-c28e-517c-9fca-d9e38dc742a2', 'Et Pariatur', '77394b64-1ec1-5043-8dc3-08f9200521d4', DEFAULT, DEFAULT), ('21a7e579-98a3-5757-a0a8-913f2da95aba', 'Ut Aliqua Velit', '77394b64-1ec1-5043-8dc3-08f9200521d4', DEFAULT, DEFAULT), ('a4b32498-f3a6-5110-a5b6-de20f0314c35', 'Exercitation', '77394b64-1ec1-5043-8dc3-08f9200521d4', DEFAULT, DEFAULT), ('22052ce5-2628-54da-93cf-dce3c06b547a', 'Fugiat Eu Sint', '77394b64-1ec1-5043-8dc3-08f9200521d4', DEFAULT, DEFAULT), ('5b303ef1-7516-512a-ba01-9f0dc05d7d2a', 'Id Exercitation', '77394b64-1ec1-5043-8dc3-08f9200521d4', DEFAULT, DEFAULT), ('2386fe50-4da3-5ca3-b993-046dc48afb23', 'Reprehenderit', '77394b64-1ec1-5043-8dc3-08f9200521d4', DEFAULT, DEFAULT), ('be8eca74-88dc-5f62-a6bb-1a0cde780aab', 'Amet Consequat', '77394b64-1ec1-5043-8dc3-08f9200521d4', DEFAULT, DEFAULT), ('df0b9534-eb70-596b-965a-89561ef803da', 'Ipsum', '77394b64-1ec1-5043-8dc3-08f9200521d4', DEFAULT, DEFAULT), ('e4d90fe6-6c38-55d7-9042-99ce6d25bf1e', 'Esse Aliquip Pariatu', '77394b64-1ec1-5043-8dc3-08f9200521d4', DEFAULT, DEFAULT), ('6b32238d-9577-50ec-9240-2ecff7f92565', 'Ut Dolor', '77394b64-1ec1-5043-8dc3-08f9200521d4', DEFAULT, DEFAULT), ('31ac52db-fa89-5177-b667-1cf6526a929a', 'Nisi Deserunt', '56ea9a57-3786-5a49-9700-501eb57a1328', DEFAULT, DEFAULT), ('3c6d504a-3b43-5117-a71b-e844b07b3920', 'Labore Tempor', '56ea9a57-3786-5a49-9700-501eb57a1328', DEFAULT, DEFAULT), ('70e095a9-713d-5fe2-a06a-8145febdb917', 'Est Cupidatat Velit', '56ea9a57-3786-5a49-9700-501eb57a1328', DEFAULT, DEFAULT), ('d0fa96c4-2bfe-5959-9fd4-b17ec4964e6d', 'Aliquip Ex Excepteur', '56ea9a57-3786-5a49-9700-501eb57a1328', DEFAULT, DEFAULT), ('cb82a658-7a6b-5f53-8103-de934a9d041a', 'Amet', '56ea9a57-3786-5a49-9700-501eb57a1328', DEFAULT, DEFAULT), ('404e076e-a943-52e4-a2ce-10591a9caa1f', 'Magna Sunt', '56ea9a57-3786-5a49-9700-501eb57a1328', DEFAULT, DEFAULT), ('d19db439-c7e7-53a7-aa19-0db346180dc1', 'Pariatur', '5e20f9a8-7b26-5a5f-8426-6b12c182d23c', DEFAULT, DEFAULT), ('91434b27-2651-5429-8f42-45c3f8e334a0', 'Magna', '5e20f9a8-7b26-5a5f-8426-6b12c182d23c', DEFAULT, DEFAULT), ('549980e7-3e77-5d76-b263-84664d04b209', 'Ullamco Sunt Nostrud', '5e20f9a8-7b26-5a5f-8426-6b12c182d23c', DEFAULT, DEFAULT), ('e4de1a09-bd9a-5e42-b92c-2cb1af28bec6', 'Esse Dolor', '5e20f9a8-7b26-5a5f-8426-6b12c182d23c', DEFAULT, DEFAULT), ('f4b5542b-ba61-519e-a8d2-5793282ad487', 'Duis Dolor', '5e20f9a8-7b26-5a5f-8426-6b12c182d23c', DEFAULT, DEFAULT), ('cd7c291a-6d6e-5632-91e5-b7fd7a634d7d', 'Labore Minim Esse', '5e20f9a8-7b26-5a5f-8426-6b12c182d23c', DEFAULT, DEFAULT), ('4da5a34b-d621-539d-93ed-4bd842601284', 'Aliqua Laboris Et', '5e20f9a8-7b26-5a5f-8426-6b12c182d23c', DEFAULT, DEFAULT), ('eb3795e9-0dc2-506f-818c-e81bf7149197', 'Sit Occaecat In', '5e20f9a8-7b26-5a5f-8426-6b12c182d23c', DEFAULT, DEFAULT), ('3dbd7acc-a0c5-5607-8378-ec8dc206b269', 'Ullamco Eiusmod Ut', '5e20f9a8-7b26-5a5f-8426-6b12c182d23c', DEFAULT, DEFAULT), ('b113b59e-b810-598a-9f05-2a16c230b377', 'Do Tempor', '5e20f9a8-7b26-5a5f-8426-6b12c182d23c', DEFAULT, DEFAULT), ('b32027db-33da-5dc2-b906-e0c2a06ac683', 'In Amet Dolore', '53fe0e9e-3358-5722-b994-4faad8733cd3', DEFAULT, DEFAULT), ('b7a89d05-549f-565f-b631-b59097e91d1a', 'Tempor Nisi', '53fe0e9e-3358-5722-b994-4faad8733cd3', DEFAULT, DEFAULT), ('ac9f0e3e-b030-584f-a8dd-87355fe22537', 'Sit Esse', '53fe0e9e-3358-5722-b994-4faad8733cd3', DEFAULT, DEFAULT), ('438bff0e-fd50-5c86-89ee-d397a0c0e548', 'Pariatur Magna Volup', '53fe0e9e-3358-5722-b994-4faad8733cd3', DEFAULT, DEFAULT), ('9bf2ad50-cccb-50eb-8269-3a7e78bd21f5', 'Id Commodo', '53fe0e9e-3358-5722-b994-4faad8733cd3', DEFAULT, DEFAULT), ('36f6f3ba-e867-5008-b6c1-829e989f9d2f', 'Ad Adipisicing', '53fe0e9e-3358-5722-b994-4faad8733cd3', DEFAULT, DEFAULT), ('19495f2f-99a6-5394-9596-a1d3fb0d3196', 'Sunt Ut Consequat', '53fe0e9e-3358-5722-b994-4faad8733cd3', DEFAULT, DEFAULT), ('26f7bb6a-3c9c-5b30-b11b-be5ebfb91948', 'Ad Amet', 'e4834379-a7a0-5f41-8193-f598072b1c83', DEFAULT, DEFAULT), ('e5b4727f-be5e-52c0-83cb-cb7ba230945f', 'Voluptate Aliquip Oc', 'e4834379-a7a0-5f41-8193-f598072b1c83', DEFAULT, DEFAULT), ('290e51c6-7ff6-5db4-8f40-69dda051b66c', 'Dolore Consectetur', 'e4834379-a7a0-5f41-8193-f598072b1c83', DEFAULT, DEFAULT), ('6c3f6730-2b1a-5e27-97de-caacad0bb1a5', 'Sunt Cillum', 'e4834379-a7a0-5f41-8193-f598072b1c83', DEFAULT, DEFAULT), ('7d0c4d54-58ae-5ddf-b108-590171e8655a', 'Dolor Consequat', 'e4834379-a7a0-5f41-8193-f598072b1c83', DEFAULT, DEFAULT), ('5dd9c208-a224-5712-b987-eab6b9a89e23', 'Qui Ipsum', 'e4834379-a7a0-5f41-8193-f598072b1c83', DEFAULT, DEFAULT), ('a8766652-5cf4-5e66-ba6d-9eb457dff942', 'Aliqua Est', 'a9f91eda-269f-54d0-83de-05f0c2ecbf08', DEFAULT, DEFAULT), ('43bcab14-4a69-5e60-a07f-cda2fe595a2a', 'Cupidatat Enim', 'a9f91eda-269f-54d0-83de-05f0c2ecbf08', DEFAULT, DEFAULT), ('203ac13e-e5b1-548e-a7da-5d8cff932053', 'Eu Commodo', 'a9f91eda-269f-54d0-83de-05f0c2ecbf08', DEFAULT, DEFAULT), ('1332e392-1ac8-57d9-8262-948f66c89fe9', 'Do', 'a9f91eda-269f-54d0-83de-05f0c2ecbf08', DEFAULT, DEFAULT), ('b88b1af1-79fe-5af5-9c91-0c77ed20973b', 'Irure Fugiat', 'a9f91eda-269f-54d0-83de-05f0c2ecbf08', DEFAULT, DEFAULT), ('d073b0b8-955f-5aab-9c76-3aebe9fa08b6', 'Sint Consectetur', 'a9f91eda-269f-54d0-83de-05f0c2ecbf08', DEFAULT, DEFAULT), ('5783cab4-e010-523b-b893-81b388f43d06', 'Incididunt Do', 'c0062d28-74ce-56b0-8124-852c5c4cdd1f', DEFAULT, DEFAULT), ('01bb02e3-6d00-5b11-ba00-2f6b060dfb2e', 'Laboris Ea', 'c0062d28-74ce-56b0-8124-852c5c4cdd1f', DEFAULT, DEFAULT), ('a9752d0c-ade4-58c6-b746-1b9df56a3d08', 'Mollit', 'c0062d28-74ce-56b0-8124-852c5c4cdd1f', DEFAULT, DEFAULT), ('5cdb9712-16b6-532e-9cc7-8cf7dfbe9b6b', 'Excepteur', 'c0062d28-74ce-56b0-8124-852c5c4cdd1f', DEFAULT, DEFAULT), ('47c1a5aa-1c4a-5781-9c8f-968a639137d7', 'Excepteur Tempor Adi', 'c0062d28-74ce-56b0-8124-852c5c4cdd1f', DEFAULT, DEFAULT), ('3c19e2d6-1e17-5580-adbc-319ee6c74e3c', 'Deserunt', 'c0062d28-74ce-56b0-8124-852c5c4cdd1f', DEFAULT, DEFAULT), ('ddb44318-7e83-5b4d-8ba4-3bbd19edd327', 'Veniam Sunt Reprehen', 'c0062d28-74ce-56b0-8124-852c5c4cdd1f', DEFAULT, DEFAULT), ('e6e5bdc8-dbe5-545a-b616-a55a5f857d1f', 'Ut Eiusmod Aliqua', 'c0062d28-74ce-56b0-8124-852c5c4cdd1f', DEFAULT, DEFAULT), ('3adfc207-aaeb-5fa1-b329-eb7ef2061320', 'Labore Ad', 'a1d779f7-e622-5cd1-b766-eb2b7925b3c0', DEFAULT, DEFAULT), ('096adf71-c74e-5b77-822b-46a8768797c5', 'Proident Culpa', 'a1d779f7-e622-5cd1-b766-eb2b7925b3c0', DEFAULT, DEFAULT), ('65d8ad86-6271-552b-8704-fabcdcf18cdb', 'Quis Consequat', 'a1d779f7-e622-5cd1-b766-eb2b7925b3c0', DEFAULT, DEFAULT), ('9a52e2af-cb63-5ab2-95a7-ae32f01d6a1c', 'Irure Id Consectetur', 'a1d779f7-e622-5cd1-b766-eb2b7925b3c0', DEFAULT, DEFAULT), ('f7f33f5b-7e02-5784-9db2-ed2995544a54', 'Aliquip Ullamco Nisi', 'a1d779f7-e622-5cd1-b766-eb2b7925b3c0', DEFAULT, DEFAULT), ('ba4d6fef-111f-5ce5-883e-2b3880f373bf', 'Dolore', 'a1d779f7-e622-5cd1-b766-eb2b7925b3c0', DEFAULT, DEFAULT), ('405dd580-b1c8-5c0e-9df0-d82b7f57175d', 'Consequat Pariatur', 'a1d779f7-e622-5cd1-b766-eb2b7925b3c0', DEFAULT, DEFAULT), ('39da01f0-2195-5fc3-a74a-d12c26c902a3', 'Voluptate Non', 'bd4e2ea6-e7d4-5655-93cc-d1ed71c3483c', DEFAULT, DEFAULT), ('fbbb9719-f3d1-5ce2-b584-4b70bf5bb135', 'Excepteur Nisi', 'bd4e2ea6-e7d4-5655-93cc-d1ed71c3483c', DEFAULT, DEFAULT), ('5f651c76-ceba-56db-bd60-512d4079ec53', 'Anim', 'bd4e2ea6-e7d4-5655-93cc-d1ed71c3483c', DEFAULT, DEFAULT), ('9af6e0ef-7015-5390-856a-705032c2e40e', 'Ullamco Culpa', 'bd4e2ea6-e7d4-5655-93cc-d1ed71c3483c', DEFAULT, DEFAULT), ('e7ba2b18-a57c-5b02-9714-d376d9ea922f', 'Elit Ea', 'fb2f612f-57ab-526e-8b57-f5de07942107', DEFAULT, DEFAULT), ('ccd28d41-9086-5b64-b351-585431787bb7', 'Voluptate Commodo Qu', 'fb2f612f-57ab-526e-8b57-f5de07942107', DEFAULT, DEFAULT), ('6a248992-e0a8-5c27-8d71-fd2cfd3a1fd6', 'Lorem Aute Aute', 'fb2f612f-57ab-526e-8b57-f5de07942107', DEFAULT, DEFAULT), ('72d447b0-a4fa-5de7-bb4c-9ff5f169dfea', 'Nulla Consectetur', 'fb2f612f-57ab-526e-8b57-f5de07942107', DEFAULT, DEFAULT), ('f457d7a7-01f9-5225-b07a-0e782525bbc7', 'Anim', '38cee772-792e-54fe-ae0f-d62f75f71c11', DEFAULT, DEFAULT), ('0fa12fcf-97e2-5065-a698-e366ca117702', 'Dolor Mollit', '38cee772-792e-54fe-ae0f-d62f75f71c11', DEFAULT, DEFAULT), ('b4725825-2a5a-5e18-a190-e59f4cb9f1b5', 'Sint', '38cee772-792e-54fe-ae0f-d62f75f71c11', DEFAULT, DEFAULT), ('d1dc8a74-c651-5dbd-b484-1cd2c51db9b9', 'Do', '38cee772-792e-54fe-ae0f-d62f75f71c11', DEFAULT, DEFAULT), ('40747f76-ad34-5508-ba43-ef538c943cc0', 'Labore', '38cee772-792e-54fe-ae0f-d62f75f71c11', DEFAULT, DEFAULT), ('94a106f5-e21c-5e45-83f2-58d10f738b53', 'In Velit Magna', '38cee772-792e-54fe-ae0f-d62f75f71c11', DEFAULT, DEFAULT), ('5da40fc6-2f9c-5273-8dcd-1032d525128a', 'Elit Magna', '38cee772-792e-54fe-ae0f-d62f75f71c11', DEFAULT, DEFAULT), ('cbe3cf1c-d730-5d2f-b890-2de0f1a164e6', 'Dolor', '38cee772-792e-54fe-ae0f-d62f75f71c11', DEFAULT, DEFAULT), ('b1846bdd-39ea-588a-948b-d6649f3651d8', 'Id Incididunt Aute', '38cee772-792e-54fe-ae0f-d62f75f71c11', DEFAULT, DEFAULT), ('45173bfe-a11f-574a-ac25-21cda1308ec9', 'Eiusmod Fugiat Deser', '60f279f1-b04c-57b1-b6aa-b71a8811c6ab', DEFAULT, DEFAULT), ('28e4b717-ba20-5ce6-96db-f08421aa2fc7', 'Eiusmod', '60f279f1-b04c-57b1-b6aa-b71a8811c6ab', DEFAULT, DEFAULT), ('d35ecca3-ac35-5e28-8e7e-6a25de908d18', 'Labore', '60f279f1-b04c-57b1-b6aa-b71a8811c6ab', DEFAULT, DEFAULT), ('e334db45-3389-5a47-b7c9-4ff8121637b5', 'Enim Ea', '60f279f1-b04c-57b1-b6aa-b71a8811c6ab', DEFAULT, DEFAULT), ('0a9347d2-3396-5e6a-98f1-b406ca195226', 'Aliqua Minim', '60f279f1-b04c-57b1-b6aa-b71a8811c6ab', DEFAULT, DEFAULT), ('71edf17f-e471-58c3-bbf8-8111bd6c7c8e', 'Exercitation Aute', '60f279f1-b04c-57b1-b6aa-b71a8811c6ab', DEFAULT, DEFAULT), ('fc6d457c-9711-5cde-813c-d584f858faae', 'Excepteur Non', '60f279f1-b04c-57b1-b6aa-b71a8811c6ab', DEFAULT, DEFAULT), ('644a93ba-f570-5681-b2f5-de6b9950affd', 'Esse Eu', '60f279f1-b04c-57b1-b6aa-b71a8811c6ab', DEFAULT, DEFAULT), ('cd42da7d-ec75-53b3-9aad-015766f58921', 'Sint Non', '60f279f1-b04c-57b1-b6aa-b71a8811c6ab', DEFAULT, DEFAULT), ('8b8c6b35-a8b5-5445-b616-82b510da1ef3', 'Enim', '60f279f1-b04c-57b1-b6aa-b71a8811c6ab', DEFAULT, DEFAULT), ('b737f334-53a3-585e-98d7-69fce744e35e', 'Ad Nisi', 'b5d35d7e-f19e-568e-9efe-911f779c892f', DEFAULT, DEFAULT), ('8babc841-00b0-585f-9ca3-85ef68fec1f7', 'Elit Ullamco Aliquip', 'b5d35d7e-f19e-568e-9efe-911f779c892f', DEFAULT, DEFAULT), ('79efb743-bb54-546e-8bdf-089509399715', 'Duis Culpa', 'b5d35d7e-f19e-568e-9efe-911f779c892f', DEFAULT, DEFAULT), ('86e03e09-1744-508f-b91c-c48f85d8ffcb', 'Reprehenderit', 'b5d35d7e-f19e-568e-9efe-911f779c892f', DEFAULT, DEFAULT), ('6451b879-16d7-5644-b6b9-87dd18b3facf', 'Lorem Eiusmod', 'b5d35d7e-f19e-568e-9efe-911f779c892f', DEFAULT, DEFAULT), ('47e5d6a1-6a7c-5068-97e6-b73d6f3b47c1', 'Culpa Sint Pariatur', 'b5d35d7e-f19e-568e-9efe-911f779c892f', DEFAULT, DEFAULT), ('844afdcc-93cf-55c8-b0f1-1cc22329a30b', 'Laboris Cupidatat', '3db3509a-5565-5145-aa2d-eb656db639a3', DEFAULT, DEFAULT), ('290bcd64-8663-5670-8efa-64e864979bbb', 'Sit Irure Enim', '3db3509a-5565-5145-aa2d-eb656db639a3', DEFAULT, DEFAULT), ('897e7fb9-bd9c-59e3-afc7-d1c31ec7ef34', 'Ad Do', '3db3509a-5565-5145-aa2d-eb656db639a3', DEFAULT, DEFAULT), ('a3141029-aec2-543b-b18a-49fe947e3304', 'Consectetur Esse', '782f7eda-e535-5ab3-8415-643126d3b0fa', DEFAULT, DEFAULT), ('6c52c1d9-13a4-51ef-ae51-1dacc4c14be9', 'Ipsum Officia', '782f7eda-e535-5ab3-8415-643126d3b0fa', DEFAULT, DEFAULT), ('2589cf16-4103-5a4f-b544-b30078083eaa', 'Incididunt', '782f7eda-e535-5ab3-8415-643126d3b0fa', DEFAULT, DEFAULT), ('9b1fc781-1e4e-56d2-bd68-0dc257a319c0', 'Incididunt Do', '5daf6f25-3b97-5f49-8f75-4ba5d1d74cd3', DEFAULT, DEFAULT), ('8a0a556f-d942-55f0-8ba8-1ffbfaf3c6d9', 'Duis', '5daf6f25-3b97-5f49-8f75-4ba5d1d74cd3', DEFAULT, DEFAULT), ('91fa3874-9437-5dfa-a49a-f19fb38d9e92', 'Labore Ex', '5daf6f25-3b97-5f49-8f75-4ba5d1d74cd3', DEFAULT, DEFAULT), ('eda91f04-12ef-5904-88aa-e6ed9a692e03', 'Et In', '5daf6f25-3b97-5f49-8f75-4ba5d1d74cd3', DEFAULT, DEFAULT), ('1d3f740a-8c60-5c1d-aa9e-3854a33c8e1d', 'Qui Culpa', '5daf6f25-3b97-5f49-8f75-4ba5d1d74cd3', DEFAULT, DEFAULT), ('d9bba68a-079c-5141-bd43-756b87167584', 'Fugiat Aliquip', '5daf6f25-3b97-5f49-8f75-4ba5d1d74cd3', DEFAULT, DEFAULT), ('3204ce32-7c5b-5953-969e-fe1d17de6e76', 'Pariatur', '3788fdae-c690-5563-abac-18b51e4d210f', DEFAULT, DEFAULT), ('eecf8a7e-af2f-524d-a645-c5fba3ebda06', 'Pariatur Dolore Veli', '3788fdae-c690-5563-abac-18b51e4d210f', DEFAULT, DEFAULT), ('8d3f145b-67b0-504d-b49a-d59ecea5d2d8', 'Quis Ut', '3788fdae-c690-5563-abac-18b51e4d210f', DEFAULT, DEFAULT), ('d00c085d-72d6-5114-a5fd-ba818539c2f7', 'Officia Mollit In', '3788fdae-c690-5563-abac-18b51e4d210f', DEFAULT, DEFAULT), ('de459427-bb2c-5381-bdbf-7126efbb65c9', 'Exercitation Proiden', '3788fdae-c690-5563-abac-18b51e4d210f', DEFAULT, DEFAULT), ('d6d652bf-48a5-5a85-a95d-16c25edc5397', 'Labore Et', '177ae72e-41a6-5325-80d6-452827ea5918', DEFAULT, DEFAULT), ('94170f3d-888c-58bc-bc18-13592bfb52c5', 'Anim Irure Commodo', '177ae72e-41a6-5325-80d6-452827ea5918', DEFAULT, DEFAULT), ('1e0af0c0-30ba-5a06-9647-a83cef3d815d', 'Lorem Qui Nostrud', '177ae72e-41a6-5325-80d6-452827ea5918', DEFAULT, DEFAULT), ('70b4d1da-5ee3-5bd6-aecb-9af8ab670b84', 'Excepteur Duis', 'c0a2f5c4-7781-5310-ad3c-e7b9f41a7ace', DEFAULT, DEFAULT), ('2da4149c-bf3e-5f98-b904-591c69530871', 'Dolor Magna', 'c0a2f5c4-7781-5310-ad3c-e7b9f41a7ace', DEFAULT, DEFAULT), ('a69d43fa-2222-5203-b590-140e62599451', 'Sunt Incididunt', 'c0a2f5c4-7781-5310-ad3c-e7b9f41a7ace', DEFAULT, DEFAULT), ('f6a7cc82-a609-50ee-a839-9fa8b1a9631d', 'Officia', 'c0a2f5c4-7781-5310-ad3c-e7b9f41a7ace', DEFAULT, DEFAULT), ('28a1ca86-fc34-5d5b-bda6-792b581f58de', 'Lorem Tempor', '71c019c0-f4c8-51ac-bfff-4141eabf85f3', DEFAULT, DEFAULT), ('c801d235-e02a-5267-8201-eecb86948b65', 'Aute Labore', '71c019c0-f4c8-51ac-bfff-4141eabf85f3', DEFAULT, DEFAULT), ('ad1bbcac-cdbb-551f-b25a-b14b40074515', 'Cillum Et', '71c019c0-f4c8-51ac-bfff-4141eabf85f3', DEFAULT, DEFAULT), ('af85f96c-efbd-584c-bdd4-26c4e2f3e556', 'Pariatur', '71c019c0-f4c8-51ac-bfff-4141eabf85f3', DEFAULT, DEFAULT), ('ee198d66-a798-52a5-8b79-9931f7b835e3', 'Cillum', '71c019c0-f4c8-51ac-bfff-4141eabf85f3', DEFAULT, DEFAULT), ('9a2c5b91-3c65-50ae-8188-68db1f1edfc4', 'Dolore Amet Est', '71c019c0-f4c8-51ac-bfff-4141eabf85f3', DEFAULT, DEFAULT), ('b67e09de-df70-515b-91d0-6e53f3b4a58a', 'Cillum', 'ab4eb860-b9b9-58f5-84c6-b76a08d23dfd', DEFAULT, DEFAULT), ('fe24988b-bca5-5bf5-be0f-c92da7b2cbe1', 'Est Magna Nostrud', 'ab4eb860-b9b9-58f5-84c6-b76a08d23dfd', DEFAULT, DEFAULT), ('fb634118-b8a6-50b7-9010-0317dd27fba6', 'Dolore Ex', 'ab4eb860-b9b9-58f5-84c6-b76a08d23dfd', DEFAULT, DEFAULT), ('cda3814f-c14d-5dcf-a835-797df84f6d99', 'Eiusmod', 'ab4eb860-b9b9-58f5-84c6-b76a08d23dfd', DEFAULT, DEFAULT), ('bdc52205-2f90-54a1-a699-3ba523b0d56a', 'Ea Veniam', 'ab4eb860-b9b9-58f5-84c6-b76a08d23dfd', DEFAULT, DEFAULT), ('1d01e569-eec7-553a-916b-70c8b1d0f9ec', 'Culpa Nisi', 'ab4eb860-b9b9-58f5-84c6-b76a08d23dfd', DEFAULT, DEFAULT), ('ede942ce-5022-581a-99ff-f8ebb6d10d8a', 'Aliqua', 'ab4eb860-b9b9-58f5-84c6-b76a08d23dfd', DEFAULT, DEFAULT), ('92275f25-82bb-5155-9ec4-713c75fa7c14', 'Ut Proident', 'ab4eb860-b9b9-58f5-84c6-b76a08d23dfd', DEFAULT, DEFAULT), ('98bf31df-37fd-5af6-86dd-8686cdc35eeb', 'Ea Officia', 'dd9140ad-b92d-5673-a8c2-8b1c4e3e8697', DEFAULT, DEFAULT), ('ae956930-bebe-5aad-83f8-b8d0cae36371', 'Amet Magna', 'dd9140ad-b92d-5673-a8c2-8b1c4e3e8697', DEFAULT, DEFAULT), ('e20720a7-b660-50e0-8da5-8784fa26a31d', 'Dolore Exercitation', 'dd9140ad-b92d-5673-a8c2-8b1c4e3e8697', DEFAULT, DEFAULT), ('2dbccffd-e7a5-5653-9dc6-18e988716abe', 'Occaecat Quis Id', 'dd9140ad-b92d-5673-a8c2-8b1c4e3e8697', DEFAULT, DEFAULT), ('d905224a-1767-5e97-ad1a-f223ab64cd44', 'Pariatur', 'dd9140ad-b92d-5673-a8c2-8b1c4e3e8697', DEFAULT, DEFAULT), ('051188d3-54fa-59f4-adc8-b929fcb2c826', 'Eu', 'dd9140ad-b92d-5673-a8c2-8b1c4e3e8697', DEFAULT, DEFAULT), ('66e9a4f5-02a0-54af-823e-5e95c7ab9df1', 'Enim', 'dd9140ad-b92d-5673-a8c2-8b1c4e3e8697', DEFAULT, DEFAULT), ('472a7075-ea0f-5e44-b5c9-6ef12ccd3736', 'Minim', 'dd9140ad-b92d-5673-a8c2-8b1c4e3e8697', DEFAULT, DEFAULT), ('5b13d215-75c8-5a23-a2d3-de589a1f0127', 'Esse Commodo Dolor', 'dd9140ad-b92d-5673-a8c2-8b1c4e3e8697', DEFAULT, DEFAULT), ('94daea14-9b93-5933-9044-5ccc1eb32f8f', 'In Officia', '78de8c0c-fe2d-50bd-afca-68bed9f87cd0', DEFAULT, DEFAULT), ('dc58dd7b-bb54-5abe-8208-becc5e0561ad', 'Ea Sint', '78de8c0c-fe2d-50bd-afca-68bed9f87cd0', DEFAULT, DEFAULT), ('63e38d08-3dd9-5569-ab28-f70e94b3cdb7', 'Nostrud Sunt Laborum', '78de8c0c-fe2d-50bd-afca-68bed9f87cd0', DEFAULT, DEFAULT), ('7f78fee3-dd27-5696-858f-318bd4cbf2a8', 'Qui Enim', '78de8c0c-fe2d-50bd-afca-68bed9f87cd0', DEFAULT, DEFAULT), ('1716ac71-f35f-52a7-acdc-316247462f37', 'Culpa Commodo', '78de8c0c-fe2d-50bd-afca-68bed9f87cd0', DEFAULT, DEFAULT), ('286a711e-ae86-5be5-9195-1d963e0504f7', 'Laboris In', '78de8c0c-fe2d-50bd-afca-68bed9f87cd0', DEFAULT, DEFAULT), ('59d8bfe4-2c84-5707-a356-dbe1eb5eec54', 'Deserunt', '78de8c0c-fe2d-50bd-afca-68bed9f87cd0', DEFAULT, DEFAULT), ('17ec9179-4e96-5f11-9df0-6e4c2363b3ee', 'Duis Incididunt Id', '78de8c0c-fe2d-50bd-afca-68bed9f87cd0', DEFAULT, DEFAULT), ('59fbbc7c-edc9-5d3c-9170-cf6acabbcd28', 'Adipisicing', '81e51b22-aab8-5050-a735-aa5917f8771b', DEFAULT, DEFAULT), ('7bf99080-cdc6-5456-b6d5-417e28b4eba5', 'Ut Irure', '81e51b22-aab8-5050-a735-aa5917f8771b', DEFAULT, DEFAULT), ('d2f08d89-447f-5d3d-96e5-385ed888c091', 'Id Occaecat', '81e51b22-aab8-5050-a735-aa5917f8771b', DEFAULT, DEFAULT), ('9e6824f3-dac2-540f-9e3d-8797171dab14', 'Irure Sit', '81e51b22-aab8-5050-a735-aa5917f8771b', DEFAULT, DEFAULT), ('c15a1a93-cc16-5536-8ab0-42ef9626e379', 'Et Culpa', '81e51b22-aab8-5050-a735-aa5917f8771b', DEFAULT, DEFAULT), ('df90352f-468b-5345-9b3e-522b747ccf55', 'Nisi Ut', '81e51b22-aab8-5050-a735-aa5917f8771b', DEFAULT, DEFAULT), ('646b32cc-2525-5418-a0f1-5c9ced471b05', 'Duis Adipisicing', '81e51b22-aab8-5050-a735-aa5917f8771b', DEFAULT, DEFAULT);
UPDATE public.team SET plan_id = 28 WHERE id = '7c2c4732-09c1-5f7b-87ca-c53e7497b4ef';
UPDATE public.team SET plan_id = 28 WHERE id = 'f50563b6-8532-51ec-b121-d8c6bca3e897';
UPDATE public.team SET plan_id = 28 WHERE id = 'f1bf295c-195b-5a42-9c6b-5bfa14b58307';
UPDATE public.team SET plan_id = 28 WHERE id = 'e0eebbc8-63c9-5fee-b088-b3310b672c35';
UPDATE public.team SET plan_id = 28 WHERE id = '1c17c04a-19f5-5c48-8b6b-48fe02257ffb';
UPDATE public.team SET plan_id = 28 WHERE id = 'a2996c99-b8bb-5bf6-b789-844e821ceb82';
UPDATE public.team SET plan_id = 28 WHERE id = '5d016028-a6a3-5268-91a3-91021dbfda0a';
UPDATE public.team SET plan_id = 28 WHERE id = 'b279891e-05aa-528b-867b-dd6fe5fa77c8';
UPDATE public.team SET plan_id = 28 WHERE id = 'ff53868f-9940-575d-8fa8-923808f93a53';
UPDATE public.team SET plan_id = 28 WHERE id = '8172203a-00e7-5e0e-919b-2970e0d891df';
UPDATE public.team SET plan_id = 28 WHERE id = '7b5ee10b-959f-565b-9dac-a4bab4f6c6bf';
UPDATE public.team SET plan_id = 28 WHERE id = '38400370-0369-5239-8b08-499aef0591ef';
UPDATE public.team SET plan_id = 28 WHERE id = '77394b64-1ec1-5043-8dc3-08f9200521d4';
UPDATE public.team SET plan_id = 28 WHERE id = '56ea9a57-3786-5a49-9700-501eb57a1328';
UPDATE public.team SET plan_id = 29 WHERE id = '5e20f9a8-7b26-5a5f-8426-6b12c182d23c';
UPDATE public.team SET plan_id = 29 WHERE id = '53fe0e9e-3358-5722-b994-4faad8733cd3';
UPDATE public.team SET plan_id = 29 WHERE id = 'e4834379-a7a0-5f41-8193-f598072b1c83';
UPDATE public.team SET plan_id = 29 WHERE id = 'a9f91eda-269f-54d0-83de-05f0c2ecbf08';
UPDATE public.team SET plan_id = 29 WHERE id = 'c0062d28-74ce-56b0-8124-852c5c4cdd1f';
UPDATE public.team SET plan_id = 29 WHERE id = 'a1d779f7-e622-5cd1-b766-eb2b7925b3c0';
UPDATE public.team SET plan_id = 29 WHERE id = 'bd4e2ea6-e7d4-5655-93cc-d1ed71c3483c';
UPDATE public.team SET plan_id = 29 WHERE id = 'fb2f612f-57ab-526e-8b57-f5de07942107';
UPDATE public.team SET plan_id = 29 WHERE id = '38cee772-792e-54fe-ae0f-d62f75f71c11';
UPDATE public.team SET plan_id = 29 WHERE id = '60f279f1-b04c-57b1-b6aa-b71a8811c6ab';
UPDATE public.team SET plan_id = 29 WHERE id = 'b5d35d7e-f19e-568e-9efe-911f779c892f';
UPDATE public.team SET plan_id = 29 WHERE id = '3db3509a-5565-5145-aa2d-eb656db639a3';
UPDATE public.team SET plan_id = 30 WHERE id = '782f7eda-e535-5ab3-8415-643126d3b0fa';
UPDATE public.team SET plan_id = 30 WHERE id = '5daf6f25-3b97-5f49-8f75-4ba5d1d74cd3';
UPDATE public.team SET plan_id = 30 WHERE id = '3788fdae-c690-5563-abac-18b51e4d210f';
UPDATE public.team SET plan_id = 30 WHERE id = '177ae72e-41a6-5325-80d6-452827ea5918';
UPDATE public.team SET plan_id = 30 WHERE id = 'c0a2f5c4-7781-5310-ad3c-e7b9f41a7ace';
UPDATE public.team SET plan_id = 30 WHERE id = '71c019c0-f4c8-51ac-bfff-4141eabf85f3';
UPDATE public.team SET plan_id = 30 WHERE id = 'ab4eb860-b9b9-58f5-84c6-b76a08d23dfd';
UPDATE public.team SET plan_id = 30 WHERE id = 'dd9140ad-b92d-5673-a8c2-8b1c4e3e8697';
UPDATE public.team SET plan_id = 30 WHERE id = '78de8c0c-fe2d-50bd-afca-68bed9f87cd0';
UPDATE public.team SET plan_id = 30 WHERE id = '81e51b22-aab8-5050-a735-aa5917f8771b';
SELECT setval('"public"."plan_id_seq"'::regclass, (SELECT MAX("id") FROM "public"."plan"));
INSERT INTO public.arena (id,game_id,name,metadata,created_at,updated_at) VALUES (91, 42, 'Silverlake Stadium', DEFAULT, DEFAULT, DEFAULT), (92, 42, 'Downtown Plaza Pavilion', DEFAULT, DEFAULT, DEFAULT), (93, 42, 'Bayshore Pavilion', DEFAULT, DEFAULT, DEFAULT), (94, 42, 'Sunset Stadium', DEFAULT, DEFAULT, DEFAULT), (95, 42, 'Downtown Square Pavilion', DEFAULT, DEFAULT, DEFAULT), (96, 42, 'Oceanfront Amphitheater', DEFAULT, DEFAULT, DEFAULT), (97, 43, 'Main Square Arena', DEFAULT, DEFAULT, DEFAULT), (98, 42, 'Southbank Arena', DEFAULT, DEFAULT, DEFAULT), (99, 43, 'Waterfront Amphitheater', DEFAULT, DEFAULT, DEFAULT), (100, 42, 'Meadowbrook Pavilion', DEFAULT, DEFAULT, DEFAULT);
SELECT setval('"public"."arena_id_seq"'::regclass, (SELECT MAX("id") FROM "public"."arena"));
INSERT INTO public.blueprint (id,book_id,arena_id,visibility,name,tags,created_at,updated_at) VALUES ('fd4a2d4e-8569-59ca-837d-fb7fa0ab1be1', '70e095a9-713d-5fe2-a06a-8145febdb917', 95, 'public', 'Roaming Support Plan', '{"irure duis","do duis deserunt","commodo reprehenderit","laborum exercitation non","Lorem dolor"}', DEFAULT, DEFAULT), ('e0502ed9-8194-54d4-be5d-43176e2a7438', '72d447b0-a4fa-5de7-bb4c-9ff5f169dfea', 98, 'unlisted', 'Roaming Support Plan', '{}', DEFAULT, DEFAULT), ('cba89714-5b1d-590f-92a2-27cfb555b7e4', 'a3141029-aec2-543b-b18a-49fe947e3304', 94, 'public', 'Gank Heavy Approach', '{"tempor","dolor Lorem duis commodo","qui deserunt sit duis","ex do duis pariatur"}', DEFAULT, DEFAULT), ('497b8842-fb80-5638-ba6f-3f3e64daa06b', 'f457d7a7-01f9-5225-b07a-0e782525bbc7', 92, 'public', 'Map Control Blueprint', '{"velit irure eiusmod occaecat","irure cillum excepteur","ad pariatur duis","quis voluptate aliquip labore","pariatur eu","proident magna"}', DEFAULT, DEFAULT), ('75fbf0dd-b3c9-5513-87f0-9d9a9004f64c', 'df0b9534-eb70-596b-965a-89561ef803da', 93, 'private', 'Baron Control Strategy', '{"pariatur quis","aliqua adipisicing minim","culpa occaecat et fugiat officia","consectetur cupidatat incididunt","sit eu"}', DEFAULT, DEFAULT), ('0352b4c9-6de9-5702-929d-3d622c6456a1', 'cf1d2e5e-3a18-5518-8e4c-387978992b8a', 94, 'public', 'Rotation Strategy Document', '{"ut in","consequat esse sunt culpa"}', DEFAULT, DEFAULT), ('1e701d2b-566c-5f82-8280-a2a9d02ee590', 'f7f33f5b-7e02-5784-9db2-ed2995544a54', 94, 'unlisted', 'Early Game Dominance Guide', '{"duis quis excepteur sit Lorem","mollit laborum","velit occaecat non est","pariatur aliquip qui consectetur","sint magna sunt ad excepteur","ullamco esse minim duis id","consectetur magna aute dolor","in occaecat laboris sit"}', DEFAULT, DEFAULT), ('f04c0ed1-b624-5092-8b98-dae6fff857dc', '2386fe50-4da3-5ca3-b993-046dc48afb23', 96, 'private', 'Early Game Dominance Guide', '{"voluptate ut enim reprehenderit ","culpa incididunt elit","veniam irure quis consectetur es","in excepteur aute","veniam elit ut","veniam nostrud","esse fugiat ullamco","enim nisi amet eu","laborum velit incididunt","cupidatat et occaecat commodo"}', DEFAULT, DEFAULT), ('7eef79d9-ea6c-5417-b347-09dbcb8b4c78', 'e334db45-3389-5a47-b7c9-4ff8121637b5', 93, 'unlisted', 'Roaming Support Plan', '{}', DEFAULT, DEFAULT), ('3aff3e37-0331-5c7a-a0f5-1b6595c2ad7b', '9e6824f3-dac2-540f-9e3d-8797171dab14', 99, 'public', 'Baron Control Strategy', '{}', DEFAULT, DEFAULT), ('7c0cf1d4-d57d-5092-a3f0-ca49e04ace52', 'd19db439-c7e7-53a7-aa19-0db346180dc1', 93, 'public', 'Roaming Support Plan', '{"ad","magna ea","commodo","consectetur tempor","sint","veniam magna","aliquip reprehenderit fugiat in"}', DEFAULT, DEFAULT), ('26c80d6d-0d6f-5fb2-8296-8b5e9e1fdeb7', '644a93ba-f570-5681-b2f5-de6b9950affd', 100, 'unlisted', 'Early Game Dominance Guide', '{"labore velit irure","nulla in dolore deserunt","velit cupidatat proident","sunt enim","id incididunt","irure"}', DEFAULT, DEFAULT), ('310ccf44-859c-5587-8001-5aa84afb3236', '448bebcf-842c-5d3e-858d-898238856074', 97, 'private', 'Wave Management Plan', '{"veniam qui ex dolore","voluptate ut","dolor","sint laborum Lorem","voluptate tempor","ullamco amet proident labore","eu consectetur aliquip"}', DEFAULT, DEFAULT), ('c6131a0d-c1ea-5dce-8460-c91026e41f9f', 'd2268e40-fa6d-5300-9f01-b7cc8f9018e3', 97, 'public', 'Siege Tactics Handbook', '{"quis reprehenderit","consectetur reprehenderit commod","excepteur eiusmod voluptate","sint ipsum nulla proident","minim","fugiat exercitation"}', DEFAULT, DEFAULT), ('054eb394-a081-59a1-b613-e1c8bbcc6250', 'e7ba2b18-a57c-5b02-9714-d376d9ea922f', 93, 'public', 'Counter Pick Blueprint', '{"consectetur veniam id","incididunt enim amet nisi"}', DEFAULT, DEFAULT), ('4cb602e9-b66f-5f7e-a7a1-71729454372c', '17ec9179-4e96-5f11-9df0-6e4c2363b3ee', 98, 'unlisted', 'Rotation Strategy Document', '{"enim cillum Lorem deserunt","ad et cupidatat","do magna ea","enim exercitation","qui exercitation","nisi aliqua","adipisicing velit quis cillum du","ea"}', DEFAULT, DEFAULT), ('8ed312f8-fa19-5305-a78e-7cdee2dc9e00', '9584676f-0635-591a-a937-d230d9a3abf3', 99, 'private', 'Aggressive Rush Strategy', '{"Lorem irure"}', DEFAULT, DEFAULT), ('c9bad04c-3d6e-5efe-9540-7763dde57640', '448bebcf-842c-5d3e-858d-898238856074', 99, 'private', 'Objective Focused Strategy', '{"enim ex amet","dolor sit in excepteur nostrud","cillum laborum","tempor","elit sunt reprehenderit sit","qui ex","irure aliqua est est","ullamco"}', DEFAULT, DEFAULT), ('7a350dde-d215-538c-bfd3-d5cdd8b40555', '02a341a2-35a0-5fbc-a1f4-aa8b42aa4b51', 100, 'public', 'Counter Pick Blueprint', '{"consectetur proident","nostrud aute","anim incididunt ad cupidatat","cupidatat","minim nisi aliquip aute","Lorem sint dolor magna aute","mollit fugiat qui velit"}', DEFAULT, DEFAULT), ('bd6c4dd0-06e8-56ab-abd6-6e9e777c13a7', '91fa3874-9437-5dfa-a49a-f19fb38d9e92', 94, 'public', 'Counter Pick Blueprint', '{}', DEFAULT, DEFAULT), ('844103e5-8cf8-5795-8a63-ccecfc3e2001', '92bf5244-388d-5bbf-bd84-1c7ad2efe31b', 96, 'public', 'Gank Heavy Approach', '{"dolore nulla fugiat veniam","ut","ipsum amet","deserunt","ex","ullamco esse est","adipisicing est cupidatat dolor"}', DEFAULT, DEFAULT), ('582d0ca1-76cc-5500-9dd8-190ab817072d', '646b32cc-2525-5418-a0f1-5c9ced471b05', 99, 'private', 'Vision Control Blueprint', '{"nostrud aliqua ut minim eu","deserunt laboris irure","est ad","esse irure excepteur"}', DEFAULT, DEFAULT), ('9012aa86-f8a2-5033-82d5-336bcaa03c26', 'd073b0b8-955f-5aab-9c76-3aebe9fa08b6', 100, 'public', 'Siege Tactics Handbook', '{"adipisicing est ad voluptate","ea incididunt sit aliquip","non do aliquip est qui","irure laboris aliqua","labore id","aliqua duis","ex culpa incididunt","eu occaecat","ullamco laborum"}', DEFAULT, DEFAULT), ('746bb5ad-439a-519a-90ef-991641df1623', 'b576de0c-954e-5345-a9e7-0d691c52341a', 98, 'unlisted', 'Late Game Scaling Strategy', '{"minim aliqua","proident aute pariatur eiusmod","consequat","eu id minim excepteur enim"}', DEFAULT, DEFAULT), ('b1bab82d-de7c-55e3-8115-1651b8f68765', 'fbbb9719-f3d1-5ce2-b584-4b70bf5bb135', 92, 'private', 'Secure Objective Playbook', '{"labore velit amet","veniam exercitation ad nostrud"}', DEFAULT, DEFAULT), ('0145500d-2ab2-5c49-9cea-edd711ce1cc9', 'b4df1d95-7dc2-5c19-b5ea-b51c237352b3', 94, 'unlisted', 'Aggressive Rush Strategy', '{"consectetur anim","consequat ex cupidatat","quis laboris nostrud","eu exercitation"}', DEFAULT, DEFAULT), ('703c3370-90fb-5d22-8365-f34357b3ffb8', '448bebcf-842c-5d3e-858d-898238856074', 97, 'private', 'Rotation Strategy Document', '{"ad irure eu","culpa"}', DEFAULT, DEFAULT), ('fd862b26-fe8c-52d0-b06e-3c9f938bd3ab', '2067e70c-565d-520b-b56b-19189e5b77f5', 97, 'public', 'Jungle Control Playbook', '{"amet"}', DEFAULT, DEFAULT), ('70415515-b81b-59ef-a1ed-18578b73b7ae', 'f457d7a7-01f9-5225-b07a-0e782525bbc7', 98, 'private', 'Baron Control Strategy', '{"do esse","laborum","irure minim pariatur","id aliqua","duis pariatur labore","amet eu","excepteur","culpa excepteur labore","id nisi dolore duis","nostrud esse voluptate"}', DEFAULT, DEFAULT), ('c5558815-aa72-5938-a7c8-62ae2c1a039c', '5cdb9712-16b6-532e-9cc7-8cf7dfbe9b6b', 98, 'public', 'Secure Objective Playbook', '{"ad ullamco deserunt ipsum","ad anim nostrud est","do nulla","pariatur cillum mollit","eu aliqua culpa dolore","sit deserunt","irure dolor est exercitation id"}', DEFAULT, DEFAULT), ('703bbd20-9625-5bd7-8aa3-5ead0245fe50', '438bff0e-fd50-5c86-89ee-d397a0c0e548', 91, 'unlisted', 'Objective Focused Strategy', '{"tempor mollit tempor","eu nulla"}', DEFAULT, DEFAULT), ('68ff3d82-b6b6-5053-9e74-aa9b346dd8d1', '2da447ba-d0f6-5d62-becb-584cd208c558', 100, 'private', 'Wave Management Plan', '{"et","reprehenderit ad","nulla qui mollit","sunt eu consequat","duis occaecat","veniam nulla"}', DEFAULT, DEFAULT), ('522e120d-7e21-504a-9c96-99e429197e5a', '59d8bfe4-2c84-5707-a356-dbe1eb5eec54', 97, 'unlisted', 'Counter Pick Blueprint', '{"voluptate ullamco occaecat","eu","mollit consequat","cillum et deserunt fugiat","ut"}', DEFAULT, DEFAULT), ('54b879fc-04e4-53b3-8cec-0174fc0ccd34', '1716ac71-f35f-52a7-acdc-316247462f37', 95, 'private', 'Counter Pick Blueprint', '{"dolore nostrud","qui nulla cillum","nostrud","voluptate","mollit officia exercitation","proident in officia anim ut"}', DEFAULT, DEFAULT), ('fb90b354-0ae1-59da-9637-61f6c5ed3fb9', '1e0af0c0-30ba-5a06-9647-a83cef3d815d', 94, 'public', 'Secure Objective Playbook', '{"ut non","Lorem dolore cillum dolor","fugiat sunt nostrud","commodo ipsum","pariatur","ipsum laborum","cupidatat proident consectetur e","fugiat mollit","minim quis","Lorem aliqua"}', DEFAULT, DEFAULT), ('95b3988b-e14b-57a7-900d-4985cb116f17', 'de459427-bb2c-5381-bdbf-7126efbb65c9', 96, 'private', 'Gank Heavy Approach', '{"aliqua non ad","do eu aliqua","commodo anim cillum exercitation","proident dolore minim est labore","fugiat labore irure velit","Lorem amet eiusmod"}', DEFAULT, DEFAULT), ('7d1face3-2e87-52f5-9623-fff9de0a6539', '94a106f5-e21c-5e45-83f2-58d10f738b53', 99, 'public', 'Map Control Blueprint', '{"officia","laboris occaecat adipisicing","amet consequat id nisi"}', DEFAULT, DEFAULT), ('e8bf9a25-132d-5d46-b40a-d08534be6c9f', '2da4149c-bf3e-5f98-b904-591c69530871', 91, 'unlisted', 'Counter Pick Blueprint', '{"enim consectetur irure culpa","excepteur do et","qui in dolor in"}', DEFAULT, DEFAULT), ('29a560e9-84d9-5f41-9b09-76969cbfb144', 'b7a89d05-549f-565f-b631-b59097e91d1a', 92, 'public', 'Counter Pick Blueprint', '{"nisi anim enim","fugiat","dolor officia nulla velit aliqui","est et dolore deserunt","esse excepteur nostrud commodo","do incididunt","ad","esse minim mollit ipsum","esse nostrud exercitation labore","minim ullamco culpa ut"}', DEFAULT, DEFAULT), ('d9c4b302-5ab0-5114-8120-41d1876c7eb9', '5f651c76-ceba-56db-bd60-512d4079ec53', 97, 'public', 'Objective Focused Strategy', '{"fugiat elit nulla excepteur","est fugiat dolor officia","est labore nisi id","eiusmod est velit ut anim","aute id enim deserunt","labore esse culpa","aliquip commodo veniam","consequat","consectetur nisi velit do","ad in"}', DEFAULT, DEFAULT), ('ca1b9e1e-f7c0-5c4a-a566-aabf3f7ebb80', 'd6d652bf-48a5-5a85-a95d-16c25edc5397', 93, 'unlisted', 'Vision Denial Blueprint', '{"ut est elit","deserunt dolore magna"}', DEFAULT, DEFAULT), ('cde91e33-9c71-56e0-b19e-f2372fa577cf', 'b134c4e5-3e41-53b3-bf3f-7f4cf023e9d7', 100, 'private', 'Secure Objective Playbook', '{"irure veniam voluptate adipisici","et sunt minim","ad ullamco id voluptate","sint veniam ad fugiat","enim laboris nisi occaecat","aliquip do mollit","exercitation","proident ullamco reprehenderit i","dolore adipisicing eiusmod aliqu","non ullamco dolore"}', DEFAULT, DEFAULT), ('013547e4-326e-5221-8377-310093ccf53a', 'a69d43fa-2222-5203-b590-140e62599451', 100, 'private', 'Rotation Strategy Document', '{"eu nulla","laboris","et ipsum","voluptate id deserunt sunt","et occaecat eiusmod","sunt","ex proident veniam elit"}', DEFAULT, DEFAULT), ('50cffa66-dd91-5aed-8c46-1b76e488de31', 'a3141029-aec2-543b-b18a-49fe947e3304', 96, 'unlisted', 'Rotation Strategy Document', '{"qui cupidatat in est"}', DEFAULT, DEFAULT), ('f550c2bf-a147-5e29-8a01-470336f387eb', '6a248992-e0a8-5c27-8d71-fd2cfd3a1fd6', 96, 'unlisted', 'Map Control Blueprint', '{"et qui cupidatat velit"}', DEFAULT, DEFAULT), ('a30e3d57-ad0a-594d-9622-8a2514b8110c', '88501f36-608d-5074-ab3f-752cd478292f', 98, 'private', 'Roaming Support Plan', '{"consequat eiusmod est quis","exercitation","incididunt eiusmod","anim reprehenderit labore nisi","esse","anim fugiat consectetur laboris"}', DEFAULT, DEFAULT), ('cb76f565-509b-50d9-bbe4-5c6e7c9b0eb4', 'a00f2df0-a74b-51ab-8311-51125014b9ef', 100, 'unlisted', 'Secure Objective Playbook', '{"ullamco est nisi Lorem","officia cupidatat labore","consequat enim incididunt magna "}', DEFAULT, DEFAULT), ('a344c7b4-07e6-54df-b4ed-f27c7916e147', 'e20720a7-b660-50e0-8da5-8784fa26a31d', 92, 'public', 'Split Push Blueprint', '{"officia veniam sint officia","enim nostrud ad proident","commodo proident elit","aute reprehenderit exercitation","in commodo sit","est mollit qui enim","magna mollit enim"}', DEFAULT, DEFAULT), ('6c40d2d3-07ad-5aa1-a5fa-cf5861475e5d', 'be8eca74-88dc-5f62-a6bb-1a0cde780aab', 95, 'unlisted', 'Team Fight Execution Plan', '{"magna ipsum","enim","aliquip ad irure","minim ad"}', DEFAULT, DEFAULT), ('ba7460a4-9316-52e4-9e3a-05ee82b85e66', 'ba4d6fef-111f-5ce5-883e-2b3880f373bf', 95, 'unlisted', 'Split Push Blueprint', '{"ea est enim cupidatat","incididunt","consectetur mollit"}', DEFAULT, DEFAULT), ('fb3595df-62ad-5f54-ac34-3a578952555c', 'be8eca74-88dc-5f62-a6bb-1a0cde780aab', 99, 'public', 'Map Control Blueprint', '{"laborum ullamco laboris","ullamco","deserunt culpa ex consectetur","occaecat voluptate quis mollit","do"}', DEFAULT, DEFAULT), ('90edde40-1b87-5f75-90b9-68639fbcb2b8', '3a804324-748d-571a-afad-6b9c20a35337', 98, 'unlisted', 'Map Control Blueprint', '{"cupidatat veniam consectetur aut"}', DEFAULT, DEFAULT), ('ea26a496-35d8-5f3f-a769-a80898ec7b17', '36f6f3ba-e867-5008-b6c1-829e989f9d2f', 92, 'unlisted', 'Aggressive Rush Strategy', '{"nostrud","anim","adipisicing aute","cupidatat","deserunt in enim","minim nulla dolor sunt laborum"}', DEFAULT, DEFAULT), ('035a0a25-d588-551c-9f76-4e9f593ffaf4', '096adf71-c74e-5b77-822b-46a8768797c5', 99, 'public', 'Aggressive Rush Strategy', '{"est ex eu minim","ipsum voluptate culpa qui","minim ea","occaecat exercitation tempor","id irure veniam","sint esse mollit","anim dolore","eiusmod minim culpa"}', DEFAULT, DEFAULT), ('e7f55997-6008-5d29-9f7f-564ab748cc59', '8926b9fd-34b2-5421-a25c-9cd89c12cad0', 98, 'private', 'Siege Tactics Handbook', '{"laborum nulla et","sint anim","ea et cillum","reprehenderit ea","minim"}', DEFAULT, DEFAULT), ('396ce0bd-b3e1-5b3c-94ea-bb5357e1c76a', '34a6eefa-de0a-5b54-8950-76863d1d5290', 99, 'unlisted', 'Roaming Support Plan', '{"duis mollit","voluptate cupidatat","ea proident esse irure"}', DEFAULT, DEFAULT), ('4cb2c65b-80df-57cc-9c0d-6c346029b88f', '380f1bbd-f6c8-5306-af3f-7d7fa746bde0', 95, 'public', 'Objective Focused Strategy', '{"ipsum occaecat aute fugiat","anim","dolor exercitation","ea irure","dolor in nulla","officia aliqua"}', DEFAULT, DEFAULT), ('8172dfee-2cce-5dee-9293-b6bd5f74d656', '051188d3-54fa-59f4-adc8-b929fcb2c826', 99, 'public', 'Team Fight Execution Plan', '{"sit nulla aliquip nulla","ea non","veniam deserunt"}', DEFAULT, DEFAULT), ('910e8e4b-af24-5f28-a2eb-631066a490eb', 'e334db45-3389-5a47-b7c9-4ff8121637b5', 98, 'public', 'Vision Denial Blueprint', '{"magna esse ullamco veniam","velit aute esse exercitation","reprehenderit deserunt sint","amet dolore magna officia amet","ullamco nostrud fugiat non conse"}', DEFAULT, DEFAULT), ('150381a3-e791-54de-9419-0edac12fb9eb', '3a804324-748d-571a-afad-6b9c20a35337', 92, 'public', 'Counter Pick Blueprint', '{"proident deserunt","in aliqua deserunt","ad tempor consequat nostrud","aute est"}', DEFAULT, DEFAULT), ('ddb37574-0dbe-5aa4-a5e8-b15242cefaff', '63e38d08-3dd9-5569-ab28-f70e94b3cdb7', 97, 'private', 'Counter Pick Blueprint', '{"veniam","deserunt quis sunt elit"}', DEFAULT, DEFAULT), ('77fbdaed-4103-591b-82ee-3e3fa4b78a9b', '63e38d08-3dd9-5569-ab28-f70e94b3cdb7', 100, 'public', 'Late Game Scaling Strategy', '{"cillum occaecat esse exercitatio","consectetur dolore sunt irure no","ullamco deserunt","deserunt pariatur sunt minim ali","fugiat pariatur officia in ad","veniam cillum","laborum cupidatat dolor","ut ea"}', DEFAULT, DEFAULT), ('0f1e8b42-396d-5765-be37-bce2ee646e04', 'dc58dd7b-bb54-5abe-8208-becc5e0561ad', 94, 'public', 'Defensive Turtle Tactics', '{"consequat qui","culpa","officia cupidatat nulla irure","nulla dolor id","aliqua elit voluptate nostrud","excepteur ad","Lorem Lorem"}', DEFAULT, DEFAULT), ('5308f8b3-4d4d-529a-bd7c-3a77ac4fe6ae', '1e7e0bcb-4fc0-5d72-81a5-d67a74a13595', 97, 'public', 'Jungle Control Playbook', '{"culpa sunt eiusmod","exercitation ipsum sit cupidatat","laborum irure pariatur do cillum","occaecat cillum","officia velit","mollit commodo pariatur","irure sint exercitation","velit nulla enim sunt","elit est"}', DEFAULT, DEFAULT), ('851e9ece-db38-530e-b3f9-f5e1d49a3b34', 'f561c33d-0589-5163-a677-f2a1eb6b3322', 97, 'private', 'Gank Heavy Approach', '{"ipsum cupidatat exercitation eni","aliquip cillum esse consequat nu","nostrud duis","pariatur magna","aliquip qui occaecat","labore nisi","sint tempor","nostrud","do occaecat eiusmod laborum Lore","Lorem cillum velit sit"}', DEFAULT, DEFAULT), ('2189cd55-c657-5ce9-999a-da1a2dbf7ea0', '40747f76-ad34-5508-ba43-ef538c943cc0', 91, 'private', 'Late Game Scaling Strategy', '{"irure cillum amet","magna non","cupidatat sunt culpa veniam","sunt"}', DEFAULT, DEFAULT), ('902d4a21-0657-5095-b741-ac0d408bb89e', 'a6ea6199-2a1a-56d4-b12a-1bf7d32d154c', 97, 'private', 'Early Game Dominance Guide', '{"fugiat voluptate cupidatat","eiusmod reprehenderit sint ut si","dolore consequat cillum eu","non nostrud pariatur est","id quis deserunt","veniam culpa","non eiusmod elit ut do"}', DEFAULT, DEFAULT), ('0d40f7c0-72b0-55c2-8e48-c6c65bd9815f', '72d447b0-a4fa-5de7-bb4c-9ff5f169dfea', 92, 'public', 'Map Control Blueprint', '{"officia excepteur et do","culpa sint velit pariatur","non deserunt labore","commodo sunt velit dolore","proident fugiat Lorem velit","minim sit","exercitation dolor","reprehenderit voluptate esse exe","occaecat pariatur in occaecat"}', DEFAULT, DEFAULT), ('f09f5f0c-d6f4-5089-a919-82fdea15dad9', 'a3141029-aec2-543b-b18a-49fe947e3304', 91, 'private', 'Vision Denial Blueprint', '{}', DEFAULT, DEFAULT), ('9bfcf305-f3a4-5bed-9ee4-3f5ccf9e59af', '8a0a556f-d942-55f0-8ba8-1ffbfaf3c6d9', 95, 'private', 'Early Game Dominance Guide', '{"ut Lorem","qui tempor incididunt veniam","aliquip sit laborum laborum","tempor voluptate laborum occaeca"}', DEFAULT, DEFAULT), ('2ff309f0-6726-5920-ad23-47ba58fd2525', 'a5831e58-2fc9-5b59-970d-00c344a4eb18', 98, 'unlisted', 'Counter Pick Blueprint', '{"anim do","aute ea tempor veniam et","nostrud et esse quis id","id proident","do aliqua"}', DEFAULT, DEFAULT), ('bac302d7-9e20-52d1-89cc-b0e99ef3b896', '844afdcc-93cf-55c8-b0f1-1cc22329a30b', 92, 'public', 'Defensive Turtle Tactics', '{"nisi","reprehenderit minim dolor","Lorem incididunt ea cupidatat","elit","in dolor ex pariatur","aute laborum quis pariatur conse","duis Lorem quis","amet labore magna","magna enim laboris adipisicing"}', DEFAULT, DEFAULT), ('ef31ceeb-0f8d-5da0-ab9c-18045c420f99', '2067e70c-565d-520b-b56b-19189e5b77f5', 95, 'private', 'Defensive Turtle Tactics', '{"dolore quis adipisicing","labore ut","excepteur reprehenderit","aute veniam occaecat","proident ipsum culpa","elit","voluptate occaecat Lorem pariatu","officia labore do anim esse","consequat ut labore pariatur"}', DEFAULT, DEFAULT), ('2be70e34-56ed-5cb2-9758-b8f796ec32ec', '63e38d08-3dd9-5569-ab28-f70e94b3cdb7', 100, 'public', 'Wave Management Plan', '{"magna eu","occaecat eiusmod fugiat","et aliquip ipsum","aute ipsum voluptate sunt","ullamco aliqua laborum do","sit reprehenderit laboris elit","ad dolore magna elit"}', DEFAULT, DEFAULT), ('49e5f9f5-6a8f-5423-81e9-9e8e2c467770', 'cd7c291a-6d6e-5632-91e5-b7fd7a634d7d', 99, 'unlisted', 'Siege Tactics Handbook', '{"irure veniam incididunt irure","dolor exercitation"}', DEFAULT, DEFAULT), ('421a5d89-58fa-56e2-87c9-a4c6fd3159db', '286a711e-ae86-5be5-9195-1d963e0504f7', 99, 'public', 'Defensive Turtle Tactics', '{"non eu elit quis","commodo magna","magna non minim enim","elit ipsum Lorem enim voluptate","nisi sunt","occaecat veniam anim"}', DEFAULT, DEFAULT), ('c2ab0ed6-ea98-544f-a35e-cfff5a185dc8', '2067e70c-565d-520b-b56b-19189e5b77f5', 92, 'unlisted', 'Roaming Support Plan', '{"tempor fugiat ipsum","proident quis occaecat incididun","proident in excepteur","aliquip","duis ex elit","nisi sunt eiusmod"}', DEFAULT, DEFAULT), ('6c6d219e-3884-5c60-8485-0fb500d0b675', '5da40fc6-2f9c-5273-8dcd-1032d525128a', 98, 'unlisted', 'Roaming Support Plan', '{"veniam sit nisi","laboris aute exercitation","proident eu incididunt ea","culpa","ullamco nisi ex"}', DEFAULT, DEFAULT), ('d5fd2418-0c52-558a-8369-707f9186db0b', '672ad514-6b43-58ed-b7aa-f70ed34485d9', 96, 'unlisted', 'Early Game Dominance Guide', '{"esse quis nostrud fugiat","commodo amet","occaecat esse eiusmod","fugiat est ad occaecat","anim consectetur amet","consectetur ipsum excepteur","amet dolore eiusmod","excepteur occaecat commodo","aliqua"}', DEFAULT, DEFAULT), ('0f22fcab-183d-5e80-9a98-c495a215f5f8', '2c5573d9-9522-50a1-b9d9-3ef48e8629b4', 91, 'unlisted', 'Defensive Turtle Tactics', '{"consequat sint nisi","anim irure","dolore aliqua","est ullamco","incididunt labore","laborum nisi excepteur dolor do","aliqua incididunt exercitation","in","ea est","elit fugiat"}', DEFAULT, DEFAULT), ('f92c2ba5-8b0e-58ef-9364-e364e4c41522', '8b474939-245b-5ed9-b06a-21432e2b9115', 98, 'unlisted', 'Counter Pick Blueprint', '{"enim id cupidatat","velit sint irure","dolor ullamco"}', DEFAULT, DEFAULT), ('e2ec2872-d983-5938-8f1c-38a9a14124dd', '71edf17f-e471-58c3-bbf8-8111bd6c7c8e', 98, 'public', 'Counter Pick Blueprint', '{}', DEFAULT, DEFAULT), ('4d4230bc-d1b6-532c-9bbf-8c67caf4f9ed', 'f4b5542b-ba61-519e-a8d2-5793282ad487', 93, 'private', 'Early Game Dominance Guide', '{"duis elit occaecat sint esse","minim quis elit","culpa in deserunt","id sunt laboris ut","labore","esse laboris laborum culpa","adipisicing","reprehenderit id nulla non ea"}', DEFAULT, DEFAULT), ('8be9ffc5-25d1-5c32-be1f-9a9ec00544f6', '91434b27-2651-5429-8f42-45c3f8e334a0', 96, 'unlisted', 'Early Game Dominance Guide', '{"qui consequat adipisicing culpa","nostrud do minim veniam officia","culpa voluptate sunt"}', DEFAULT, DEFAULT), ('a3241e44-bd93-5a11-a730-863e8eb75275', '6fc34c52-742f-56c2-b6c3-89dee63a8839', 97, 'private', 'Gank Heavy Approach', '{"dolor pariatur cupidatat laborum","consequat velit aute duis exerci","deserunt voluptate cupidatat eiu","aliquip est","ullamco minim","amet amet","proident laborum do","esse irure"}', DEFAULT, DEFAULT), ('a1c32f18-989f-5961-80f5-4a21a838bc95', 'fe24988b-bca5-5bf5-be0f-c92da7b2cbe1', 100, 'private', 'Baron Control Strategy', '{"aliqua cupidatat","aliquip laborum enim amet Lorem","proident minim","ea non dolore","non quis quis fugiat irure","ut quis","minim non laborum","fugiat sunt","labore duis nulla duis mollit"}', DEFAULT, DEFAULT), ('8fde1282-59d1-5f9b-bc10-4130ce793fa9', 'c801d235-e02a-5267-8201-eecb86948b65', 99, 'public', 'Late Game Scaling Strategy', '{"aute sint","excepteur aliqua ea","anim proident ut"}', DEFAULT, DEFAULT), ('f85f8e1b-b8a0-528e-bc81-49b3e6a34ee5', 'e9decb87-4a50-5c41-896c-16fe0d21ebca', 92, 'unlisted', 'Wave Management Plan', '{"minim eiusmod","velit nostrud","pariatur culpa aute ad","esse duis"}', DEFAULT, DEFAULT), ('e16cfe57-140d-5b3e-90f8-910575ffdd47', '9bf2ad50-cccb-50eb-8269-3a7e78bd21f5', 94, 'unlisted', 'Early Game Dominance Guide', '{"nulla deserunt","consequat amet laborum excepteur","culpa reprehenderit eiusmod Lore","ad","ex ipsum nulla ex consectetur","id non","dolore fugiat consequat"}', DEFAULT, DEFAULT), ('06866e23-2aeb-59f2-9d3c-156507eb23db', 'df90352f-468b-5345-9b3e-522b747ccf55', 99, 'private', 'Gank Heavy Approach', '{"eiusmod consectetur","mollit dolor cillum est","id deserunt ea ut","ipsum aliquip voluptate","qui mollit est aliquip","labore culpa","aute fugiat laboris"}', DEFAULT, DEFAULT), ('e5c44c16-4905-59d0-8c2a-f48ebfc3fdcc', 'e7ba2b18-a57c-5b02-9714-d376d9ea922f', 93, 'unlisted', 'Split Push Blueprint', '{"anim qui","sunt laborum duis voluptate non","voluptate Lorem","nisi irure","nulla commodo"}', DEFAULT, DEFAULT), ('0298782b-da7d-55b4-a736-8126dd2f9d32', '9e6824f3-dac2-540f-9e3d-8797171dab14', 95, 'private', 'Early Game Dominance Guide', '{"dolore anim deserunt labore"}', DEFAULT, DEFAULT), ('8f534833-d8c3-5d0a-b63c-bd2740be0330', '2da4149c-bf3e-5f98-b904-591c69530871', 100, 'private', 'Objective Focused Strategy', '{"ad eiusmod velit reprehenderit","labore","occaecat laborum","amet ut"}', DEFAULT, DEFAULT), ('1caeec83-1956-53fb-9c1a-7f585775c524', 'ddb44318-7e83-5b4d-8ba4-3bbd19edd327', 96, 'public', 'Defensive Turtle Tactics', '{"velit","adipisicing ipsum labore laboris","culpa occaecat reprehenderit","commodo magna exercitation esse","proident exercitation"}', DEFAULT, DEFAULT), ('28f2bbc2-0260-5d64-a9bf-64e9bc163c30', '405dd580-b1c8-5c0e-9df0-d82b7f57175d', 97, 'unlisted', 'Jungle Control Playbook', '{}', DEFAULT, DEFAULT), ('8590b74a-b67e-5525-9786-4e0fc4c65d06', '8babc841-00b0-585f-9ca3-85ef68fec1f7', 94, 'private', 'Wave Management Plan', '{"et est laborum"}', DEFAULT, DEFAULT), ('fa5e4221-0eae-5da7-9a16-5b8399b9ef50', 'a8766652-5cf4-5e66-ba6d-9eb457dff942', 100, 'unlisted', 'Baron Control Strategy', '{"mollit aliqua","minim non consectetur velit","cupidatat ad","cupidatat ex","in irure fugiat","aute","qui ea","sint ullamco velit","fugiat exercitation ut","laboris in incididunt"}', DEFAULT, DEFAULT), ('fedb01d5-16e2-59fd-8845-ff6a92bd83f7', 'cd7c291a-6d6e-5632-91e5-b7fd7a634d7d', 100, 'unlisted', 'Counter Pick Blueprint', '{"id in dolore","reprehenderit eiusmod exercitati","commodo ut adipisicing duis volu","consequat magna mollit","tempor eu","in ea sunt aliqua"}', DEFAULT, DEFAULT), ('d6d0cf2a-b6d2-5f41-bc05-2fe5bf5ca317', '59fbbc7c-edc9-5d3c-9170-cf6acabbcd28', 96, 'public', 'Vision Control Blueprint', '{"exercitation id","exercitation","non nisi qui mollit","et amet nostrud","culpa qui ad excepteur","anim aute labore"}', DEFAULT, DEFAULT), ('a18cadaa-4531-5180-a607-ad2a5bc25f0c', '3dbd7acc-a0c5-5607-8378-ec8dc206b269', 99, 'public', 'Map Control Blueprint', '{"non laborum adipisicing","elit nulla eu dolor","nostrud enim elit","commodo minim elit deserunt","ut consectetur sunt labore","pariatur sunt id","aute cupidatat duis laborum ulla","ut est do"}', DEFAULT, DEFAULT), ('7858de1c-870d-5289-9bbf-085e4de69d79', '0a9347d2-3396-5e6a-98f1-b406ca195226', 94, 'unlisted', 'Team Fight Execution Plan', '{"culpa incididunt deserunt","reprehenderit amet exercitation","Lorem occaecat do dolore","aute id laborum sunt","mollit sint laborum","qui aute","anim","dolore elit reprehenderit volupt","incididunt quis quis minim"}', DEFAULT, DEFAULT), ('c5510993-cf82-5729-a476-bbba91fd2ee1', 'a5831e58-2fc9-5b59-970d-00c344a4eb18', 98, 'public', 'Siege Tactics Handbook', '{"in culpa anim ad","eiusmod est labore","excepteur officia adipisicing","mollit occaecat est magna","do ea laboris duis","labore magna ut ipsum fugiat","sunt fugiat"}', DEFAULT, DEFAULT), ('65495df9-49dc-5680-b4b7-97fe7364e837', '3adfc207-aaeb-5fa1-b329-eb7ef2061320', 100, 'unlisted', 'Aggressive Rush Strategy', '{"sit consequat eu","adipisicing","et id","anim","commodo elit exercitation mollit","do adipisicing et","ut dolor eiusmod ad minim","aute culpa cillum exercitation","labore laboris nulla Lorem"}', DEFAULT, DEFAULT), ('6a08951b-2f4b-5069-a734-056efe107e30', '70b4d1da-5ee3-5bd6-aecb-9af8ab670b84', 100, 'unlisted', 'Aggressive Rush Strategy', '{"ullamco elit excepteur excepteur","aute exercitation adipisicing si"}', DEFAULT, DEFAULT), ('d96e9820-0562-5ef0-a957-fb16e8a3cda6', 'df686e46-eb10-5a3f-abfb-03f34e72d244', 96, 'unlisted', 'Team Fight Execution Plan', '{"cupidatat incididunt ut amet con","anim quis eu","elit commodo tempor","sunt aute mollit"}', DEFAULT, DEFAULT), ('44d39286-2c39-52c0-9fdf-811ac2ac0b4f', '6451b879-16d7-5644-b6b9-87dd18b3facf', 94, 'unlisted', 'Objective Focused Strategy', '{"dolore enim","et Lorem exercitation consectetu"}', DEFAULT, DEFAULT), ('f5284b1c-c867-5bcb-ae27-b4a46054354e', 'e7ba2b18-a57c-5b02-9714-d376d9ea922f', 92, 'unlisted', 'Jungle Control Playbook', '{"proident ea aute deserunt","id cupidatat","amet duis laborum","nisi","Lorem ipsum cupidatat duis","ea nulla proident adipisicing","sunt dolor ullamco sit fugiat","velit quis"}', DEFAULT, DEFAULT), ('748b6b6e-790a-524c-8953-9f99ff6241ea', '3ff60d7a-a4ad-54c5-a422-53b52cd53093', 96, 'private', 'Early Game Dominance Guide', '{"ex ad tempor consequat","excepteur","ipsum","esse"}', DEFAULT, DEFAULT), ('94e59d3e-1e10-58ee-b57b-120d24970da8', '1d3f740a-8c60-5c1d-aa9e-3854a33c8e1d', 91, 'private', 'Early Game Dominance Guide', '{"id nisi","adipisicing nisi","proident anim proident adipisici","ullamco qui tempor voluptate cil"}', DEFAULT, DEFAULT), ('a501e3c2-1df6-5f20-9532-89c5471331c6', '47c1a5aa-1c4a-5781-9c8f-968a639137d7', 95, 'private', 'Aggressive Rush Strategy', '{"veniam mollit amet ea","excepteur"}', DEFAULT, DEFAULT), ('eba1549a-b3ad-5f1e-ad56-15be0771d0f9', '94a106f5-e21c-5e45-83f2-58d10f738b53', 94, 'private', 'Roaming Support Plan', '{"irure et excepteur reprehenderit","commodo","est","Lorem officia"}', DEFAULT, DEFAULT), ('02d6bfb1-b7f1-5129-9d1b-729fd2d36ca6', 'b4725825-2a5a-5e18-a190-e59f4cb9f1b5', 93, 'public', 'Objective Focused Strategy', '{"aliqua Lorem quis aliquip","dolor id","ex dolore","magna et","reprehenderit elit esse amet"}', DEFAULT, DEFAULT), ('feadd401-b272-53d1-bc20-6dad4e3ffc29', '290bcd64-8663-5670-8efa-64e864979bbb', 96, 'private', 'Objective Focused Strategy', '{}', DEFAULT, DEFAULT), ('f4023970-bb8c-5175-9f3e-42520be2a6af', 'd2f08d89-447f-5d3d-96e5-385ed888c091', 95, 'unlisted', 'Baron Control Strategy', '{"ea duis adipisicing","pariatur nostrud nisi cupidatat ","do veniam"}', DEFAULT, DEFAULT), ('ab471cfa-3489-5a6c-bf5c-82aeac3819f5', 'e5b4727f-be5e-52c0-83cb-cb7ba230945f', 93, 'private', 'Wave Management Plan', '{"pariatur velit fugiat mollit","qui","elit mollit"}', DEFAULT, DEFAULT), ('782d8b69-ae89-5508-b431-d9e3d4f25423', '2da447ba-d0f6-5d62-becb-584cd208c558', 99, 'unlisted', 'Secure Objective Playbook', '{"cillum velit","dolore anim deserunt laboris sin","minim amet","exercitation commodo nostrud ad "}', DEFAULT, DEFAULT), ('bfbbf302-05a7-5b0c-991e-f7c79f52034e', '4da5a34b-d621-539d-93ed-4bd842601284', 97, 'unlisted', 'Objective Focused Strategy', '{"proident nostrud ea exercitation"}', DEFAULT, DEFAULT), ('86a9949d-fbe2-5edf-bf64-6b822a75bdc8', 'ac9f0e3e-b030-584f-a8dd-87355fe22537', 93, 'private', 'Vision Control Blueprint', '{"excepteur adipisicing","laboris","eiusmod"}', DEFAULT, DEFAULT), ('3d78c871-f9be-5ceb-b04c-13f9eb63efa0', 'ad276812-3b86-5425-b36a-d822f2860912', 97, 'unlisted', 'Vision Control Blueprint', '{"dolore nisi ullamco exercitation","anim","ad mollit","mollit incididunt ea"}', DEFAULT, DEFAULT), ('e5e7301c-ed7e-5267-a91e-331eeecbad04', 'cda3814f-c14d-5dcf-a835-797df84f6d99', 91, 'unlisted', 'Map Control Blueprint', '{"culpa nisi eu voluptate","cillum elit laborum nostrud exce","aliqua adipisicing eu mollit cil","amet nulla elit consectetur","nostrud","et consectetur deserunt veniam","deserunt voluptate","pariatur","sit et"}', DEFAULT, DEFAULT), ('e06f1954-eb7e-5811-8e85-0b7239ac60d6', '36f6f3ba-e867-5008-b6c1-829e989f9d2f', 99, 'unlisted', 'Defensive Turtle Tactics', '{"proident aliquip occaecat amet"}', DEFAULT, DEFAULT), ('cbe8ef05-c651-5778-b8a6-717eee524007', 'cf1d2e5e-3a18-5518-8e4c-387978992b8a', 94, 'public', 'Gank Heavy Approach', '{"dolor eu est","esse ea ex deserunt qui","ullamco pariatur non","sint anim qui","esse","sit excepteur"}', DEFAULT, DEFAULT), ('479e5b51-1e2b-5ac2-b0c4-d0fc97906c11', 'b113b59e-b810-598a-9f05-2a16c230b377', 99, 'unlisted', 'Late Game Scaling Strategy', '{"proident aute","voluptate adipisicing","do ut dolore deserunt qui","commodo","laborum ut ipsum"}', DEFAULT, DEFAULT), ('bcb7ae75-c1e7-50cd-ba0b-a339091eb350', 'b67e09de-df70-515b-91d0-6e53f3b4a58a', 93, 'private', 'Late Game Scaling Strategy', '{"eiusmod ipsum","excepteur eu cupidatat consectet","cupidatat minim ad officia","ullamco et ex ullamco","occaecat incididunt"}', DEFAULT, DEFAULT), ('22dccad0-36ca-5845-a1bd-b6027b406b8d', '5f3671df-cc06-5a3d-87a6-e1e42e095fa3', 94, 'unlisted', 'Siege Tactics Handbook', '{"eiusmod sunt adipisicing excepte","ipsum minim ut","minim tempor magna voluptate ull"}', DEFAULT, DEFAULT), ('d3293b00-a774-5f1e-99fc-e8f05eabde14', '59d8bfe4-2c84-5707-a356-dbe1eb5eec54', 97, 'unlisted', 'Team Fight Execution Plan', '{"cupidatat minim","Lorem cillum sit","Lorem aliquip minim quis","aliqua adipisicing nulla"}', DEFAULT, DEFAULT), ('6822c6f8-ae35-5c57-9558-9cc55665f5cb', '274020d9-7513-5cf6-ae0b-e94ef1d1a62f', 98, 'private', 'Siege Tactics Handbook', '{"ut fugiat qui","ullamco exercitation velit dolor","excepteur ipsum magna elit","sint velit incididunt nisi","commodo","deserunt occaecat"}', DEFAULT, DEFAULT), ('8ac966bd-de46-5e4a-8401-5328d63ae1b4', '45173bfe-a11f-574a-ac25-21cda1308ec9', 98, 'unlisted', 'Early Game Dominance Guide', '{"sunt exercitation elit excepteur","sint enim non","esse in est adipisicing","voluptate commodo quis proident "}', DEFAULT, DEFAULT), ('36f6354b-1927-5b66-8fab-ef32da0e1694', '62507209-107c-55b5-9f47-9cad3cb25da5', 100, 'public', 'Split Push Blueprint', '{"consequat veniam ipsum proident","qui et"}', DEFAULT, DEFAULT), ('a3befd2b-2867-5547-af7d-2fe7d53b98ef', '9e6824f3-dac2-540f-9e3d-8797171dab14', 94, 'unlisted', 'Vision Denial Blueprint', '{"ullamco ullamco","ad laborum","deserunt dolor ex","proident dolor","duis pariatur ullamco et","tempor fugiat officia","laborum proident qui"}', DEFAULT, DEFAULT), ('4d502d01-8a3a-58bc-acb8-f61c47f35e10', '7d0c4d54-58ae-5ddf-b108-590171e8655a', 99, 'unlisted', 'Siege Tactics Handbook', '{}', DEFAULT, DEFAULT), ('ebdf08a4-39c5-5347-ab53-e4ef0e2d1add', '262a78c7-eb9d-5e1a-8e58-41ecb0c31fbd', 94, 'public', 'Roaming Support Plan', '{"reprehenderit officia","id do laborum nulla","id nostrud","exercitation ullamco dolor"}', DEFAULT, DEFAULT), ('4cfaa7bd-7f8e-52b6-a079-b1fc1773dccb', '6a248992-e0a8-5c27-8d71-fd2cfd3a1fd6', 95, 'private', 'Map Control Blueprint', '{"tempor labore aute labore","deserunt in aliqua","incididunt consequat sint","tempor sit culpa","eiusmod officia laboris","culpa do"}', DEFAULT, DEFAULT), ('379aa38a-0dab-5c06-8cdb-45bf5d7e2d27', 'e4c44768-00c8-52e6-80f9-625972d5d9b9', 93, 'unlisted', 'Split Push Blueprint', '{"ad non"}', DEFAULT, DEFAULT), ('1cb4e4cf-86cc-5f46-9e77-98b857e060d9', '6c3f6730-2b1a-5e27-97de-caacad0bb1a5', 100, 'private', 'Vision Control Blueprint', '{"ut magna sunt"}', DEFAULT, DEFAULT), ('f39bcc07-5eef-5435-b6e9-d947c3bae70d', '5b13d215-75c8-5a23-a2d3-de589a1f0127', 91, 'public', 'Late Game Scaling Strategy', '{"amet cillum magna","id","velit ipsum veniam consequat sun","do reprehenderit","minim reprehenderit Lorem ad","sint veniam"}', DEFAULT, DEFAULT), ('20a16bbe-0188-55a3-8d14-7e2e6b37794e', '09204188-e618-5728-88fc-034120742c41', 99, 'public', 'Split Push Blueprint', '{"nisi occaecat","voluptate esse enim eiusmod","nulla","do eu veniam","ullamco deserunt aliquip non","dolor voluptate minim sunt","mollit"}', DEFAULT, DEFAULT), ('75a162e8-f427-5c64-baca-dba20bc829dd', 'd92658af-bb2e-5f93-9170-bc8d85a6ad50', 97, 'unlisted', 'Objective Focused Strategy', '{"aliquip ut"}', DEFAULT, DEFAULT), ('5075bfb2-60b4-588c-ba9f-cd0f3efae77e', 'f561c33d-0589-5163-a677-f2a1eb6b3322', 95, 'public', 'Vision Denial Blueprint', '{"in ad","non qui","minim dolore","duis id tempor in","cupidatat quis elit dolor","culpa officia ad ex","laborum"}', DEFAULT, DEFAULT), ('329b0bda-79b1-53f3-afe7-b7495bde0220', '844afdcc-93cf-55c8-b0f1-1cc22329a30b', 92, 'public', 'Rotation Strategy Document', '{"eu nostrud nostrud in","laborum ipsum","ut officia ex","amet aute ex","do duis commodo eu in"}', DEFAULT, DEFAULT), ('fc992b53-61aa-5185-8280-7863348ce734', 'c7198a1e-f50c-5635-a5bf-2073d4da7bc6', 92, 'unlisted', 'Early Game Dominance Guide', '{"deserunt ullamco tempor","voluptate laborum","qui commodo minim nulla","proident cillum","minim enim consequat","esse eu aliqua dolor","amet adipisicing dolore","esse","adipisicing quis veniam"}', DEFAULT, DEFAULT), ('e15f78fd-c85d-5196-b441-614f0f00a652', 'fe24988b-bca5-5bf5-be0f-c92da7b2cbe1', 93, 'unlisted', 'Jungle Control Playbook', '{}', DEFAULT, DEFAULT), ('27d28c73-d0c0-5545-a0d3-0f0fa8e1aca6', '5783cab4-e010-523b-b893-81b388f43d06', 92, 'unlisted', 'Roaming Support Plan', '{"minim culpa nisi","tempor laborum reprehenderit","laborum irure Lorem quis","sit magna adipisicing deserunt d","ipsum quis elit","eiusmod fugiat","pariatur sint sint","veniam laboris occaecat","sit non occaecat","cillum sint est ipsum tempor"}', DEFAULT, DEFAULT), ('bc0ae162-e51f-5f29-b5b0-87887eac9c85', '36f6f3ba-e867-5008-b6c1-829e989f9d2f', 97, 'unlisted', 'Secure Objective Playbook', '{"tempor ex","id","ullamco commodo culpa eiusmod","deserunt minim cupidatat consect","nisi aliqua pariatur","culpa","laborum ea consectetur","pariatur"}', DEFAULT, DEFAULT), ('23cfe397-d97e-55bf-af72-35043f52d2bb', '39da01f0-2195-5fc3-a74a-d12c26c902a3', 98, 'private', 'Objective Focused Strategy', '{"commodo et","fugiat magna cillum fugiat","aliquip nostrud non enim"}', DEFAULT, DEFAULT), ('2135e4d6-4261-59ed-a63d-11a8a55ba0c0', 'cd80d13e-478f-5058-8dfd-e20a76013cb5', 95, 'unlisted', 'Wave Management Plan', '{"cupidatat minim in eiusmod","veniam commodo officia dolore","esse et","incididunt"}', DEFAULT, DEFAULT), ('32ca2e92-cee8-58b4-beec-0fd9742bf2df', 'fe24988b-bca5-5bf5-be0f-c92da7b2cbe1', 98, 'private', 'Counter Pick Blueprint', '{"excepteur voluptate","eiusmod cillum"}', DEFAULT, DEFAULT), ('69e335b1-cf42-5234-867f-fc3222ba0932', '09204188-e618-5728-88fc-034120742c41', 97, 'public', 'Defensive Turtle Tactics', '{"magna duis","duis commodo","ipsum nisi reprehenderit velit e","laborum ut ullamco ut","ipsum labore","ad eu anim","esse in","commodo mollit est minim"}', DEFAULT, DEFAULT), ('4addfd63-7007-5913-b0c6-95e35fe44af0', '5783cab4-e010-523b-b893-81b388f43d06', 95, 'unlisted', 'Defensive Turtle Tactics', '{"veniam aliqua Lorem","consequat magna adipisicing elit","ea labore adipisicing","voluptate ex culpa","non consequat aliquip"}', DEFAULT, DEFAULT), ('29e1da9c-3bfa-53c5-8780-7032cb48ed69', '644a93ba-f570-5681-b2f5-de6b9950affd', 98, 'private', 'Aggressive Rush Strategy', '{"amet sint aute veniam","laborum incididunt","Lorem velit qui incididunt","tempor do"}', DEFAULT, DEFAULT), ('0fe3263a-4b99-5049-afdd-8a29336988d1', 'd905224a-1767-5e97-ad1a-f223ab64cd44', 100, 'private', 'Defensive Turtle Tactics', '{"ut dolore et ad","dolor sunt consectetur mollit","aliquip voluptate","cupidatat ea","laboris Lorem minim ea culpa"}', DEFAULT, DEFAULT), ('de533318-8238-5b98-90fa-7923fbda78df', '7f78fee3-dd27-5696-858f-318bd4cbf2a8', 93, 'public', 'Aggressive Rush Strategy', '{"ullamco cupidatat do qui excepte","occaecat ut dolor laboris","exercitation","sunt est velit culpa","non laborum sunt","qui occaecat labore"}', DEFAULT, DEFAULT), ('91b0fe2a-8d53-5dfa-804e-dadbd5fed2f0', 'b32027db-33da-5dc2-b906-e0c2a06ac683', 93, 'unlisted', 'Roaming Support Plan', '{}', DEFAULT, DEFAULT), ('f2da91e9-e150-5eba-811a-769c8b464b2d', '5cdb9712-16b6-532e-9cc7-8cf7dfbe9b6b', 97, 'private', 'Aggressive Rush Strategy', '{"Lorem labore esse","laboris","tempor Lorem"}', DEFAULT, DEFAULT), ('830462ad-e07d-578c-9343-4c2f3f3f896d', 'd00c085d-72d6-5114-a5fd-ba818539c2f7', 91, 'public', 'Aggressive Rush Strategy', '{"sunt eu","Lorem Lorem","laboris in aute","consequat ut enim adipisicing","incididunt aute voluptate"}', DEFAULT, DEFAULT), ('e4d512a0-9012-54c8-a0de-d2cfb46cc4e7', 'e334db45-3389-5a47-b7c9-4ff8121637b5', 91, 'private', 'Gank Heavy Approach', '{"quis fugiat non velit","officia duis","esse deserunt velit enim","veniam eiusmod non cillum","nulla anim nostrud eu"}', DEFAULT, DEFAULT), ('8fc4ec28-bbda-57ff-86ae-02acc462e7a3', '3dbd7acc-a0c5-5607-8378-ec8dc206b269', 92, 'unlisted', 'Split Push Blueprint', '{"irure cillum duis","elit eiusmod cupidatat aute","nulla cupidatat ullamco","ipsum officia","amet excepteur in esse","amet","ad","dolor commodo dolor"}', DEFAULT, DEFAULT), ('46cb3ac1-56db-5482-a77b-488299529f1c', 'fb634118-b8a6-50b7-9010-0317dd27fba6', 98, 'unlisted', 'Roaming Support Plan', '{"officia irure elit velit","cillum ipsum"}', DEFAULT, DEFAULT), ('ca6dab04-25c1-5208-bf77-9e5162704420', '40747f76-ad34-5508-ba43-ef538c943cc0', 99, 'private', 'Wave Management Plan', '{"eu veniam sint","proident"}', DEFAULT, DEFAULT), ('54485efb-a52b-5ef1-8d37-32b22dc487d0', '844afdcc-93cf-55c8-b0f1-1cc22329a30b', 97, 'private', 'Defensive Turtle Tactics', '{}', DEFAULT, DEFAULT), ('1fa8fec1-5ed8-5fb9-afc2-a5a8eea61a64', '2589cf16-4103-5a4f-b544-b30078083eaa', 94, 'public', 'Gank Heavy Approach', '{"magna exercitation"}', DEFAULT, DEFAULT), ('21212b38-5327-5020-9dc6-3fca09a6128f', '349111f0-5b40-5b21-aeff-8af2b228d28f', 95, 'unlisted', 'Baron Control Strategy', '{"et qui laborum","cillum","eu veniam cillum voluptate tempo"}', DEFAULT, DEFAULT), ('b22cc198-1bf7-5cc9-b682-385ac5f11217', '1d3f740a-8c60-5c1d-aa9e-3854a33c8e1d', 92, 'unlisted', 'Map Control Blueprint', '{"deserunt culpa esse","exercitation aliqua labore occae","elit et et","esse qui","tempor","aliqua ad aliquip","aute non deserunt reprehenderit","culpa sint","eiusmod do reprehenderit"}', DEFAULT, DEFAULT), ('07d77b7a-f8bb-53ab-8750-034a7dc2bcb0', 'd92658af-bb2e-5f93-9170-bc8d85a6ad50', 98, 'unlisted', 'Defensive Turtle Tactics', '{"do exercitation aliqua","aliqua nulla","dolor proident nisi","ipsum","velit officia ex","dolor proident consequat fugiat "}', DEFAULT, DEFAULT), ('f7f63dc3-d8b7-5f42-b802-636e4e3f43bb', 'c801d235-e02a-5267-8201-eecb86948b65', 97, 'private', 'Split Push Blueprint', '{"ea sunt","enim laborum veniam id tempor","laborum","anim ut laborum","ipsum cupidatat culpa reprehende","deserunt aliqua"}', DEFAULT, DEFAULT), ('a1dd34cc-747e-59d2-bb04-592165ee24b7', '1716ac71-f35f-52a7-acdc-316247462f37', 100, 'private', 'Late Game Scaling Strategy', '{"cillum proident exercitation","aliquip culpa nisi sit","eiusmod nostrud anim consequat q","ex id","non ipsum elit"}', DEFAULT, DEFAULT), ('b111722b-fdf4-55f7-a1ea-183bf540f7e3', 'b4725825-2a5a-5e18-a190-e59f4cb9f1b5', 99, 'unlisted', 'Jungle Control Playbook', '{}', DEFAULT, DEFAULT), ('de288e5e-33f8-5b49-9dad-83fa7d46ac0d', 'ccd28d41-9086-5b64-b351-585431787bb7', 97, 'private', 'Late Game Scaling Strategy', '{"aliqua mollit","cupidatat sunt fugiat","nisi est exercitation","voluptate","laborum labore","excepteur ex aute est"}', DEFAULT, DEFAULT), ('f1ab7f2e-7a01-59f1-b811-78e3b78b40bc', '47c1a5aa-1c4a-5781-9c8f-968a639137d7', 98, 'private', 'Vision Denial Blueprint', '{"quis et","Lorem enim laborum"}', DEFAULT, DEFAULT), ('e0783de7-ca51-5f0a-a7ac-8dcd533efd10', 'cd1520c4-af17-5e1e-b5b0-a9e95f36a7c4', 100, 'unlisted', 'Rotation Strategy Document', '{"duis qui pariatur","elit esse fugiat duis","dolor amet occaecat","consectetur nulla nisi","excepteur culpa non veniam elit","duis labore aute magna","voluptate anim","minim officia","sint"}', DEFAULT, DEFAULT), ('c3238b63-2dda-5915-8ca5-773255a1cfad', '1e7e0bcb-4fc0-5d72-81a5-d67a74a13595', 92, 'private', 'Defensive Turtle Tactics', '{"quis cillum"}', DEFAULT, DEFAULT), ('7b1aca75-d87e-55c4-87f7-005fafbadfdb', 'c801d235-e02a-5267-8201-eecb86948b65', 96, 'public', 'Wave Management Plan', '{"nisi aliqua veniam exercitation","reprehenderit amet"}', DEFAULT, DEFAULT), ('106d238e-2ba4-525c-8d85-994f8dfb2984', '1332e392-1ac8-57d9-8262-948f66c89fe9', 95, 'unlisted', 'Gank Heavy Approach', '{"consectetur","laborum sunt anim","est nulla cillum","consequat commodo","laboris ex veniam est","anim nostrud"}', DEFAULT, DEFAULT), ('72f05d50-2802-535d-af55-29384395d238', 'db9f2a26-569b-5431-9216-bcd2cf256bbd', 99, 'unlisted', 'Rotation Strategy Document', '{"fugiat aliquip elit amet","id ut sit","cillum excepteur sint consectetu"}', DEFAULT, DEFAULT), ('f914b2f3-d88a-52e4-ac43-1ef8cffb4d34', 'f457d7a7-01f9-5225-b07a-0e782525bbc7', 99, 'public', 'Map Control Blueprint', '{"sint sunt ipsum adipisicing et","ullamco qui tempor","sunt reprehenderit"}', DEFAULT, DEFAULT), ('c620930b-8f59-50ae-bf46-b1a3aca28f0a', '6c52c1d9-13a4-51ef-ae51-1dacc4c14be9', 98, 'unlisted', 'Map Control Blueprint', '{"sunt consectetur anim","dolore","dolore","voluptate eu incididunt cillum n","reprehenderit","ullamco magna elit"}', DEFAULT, DEFAULT), ('c78418ab-6a36-52f6-ad32-89289156138c', 'cfbfd1d4-e77f-57e5-94da-e9ff2cc7a996', 95, 'public', 'Vision Denial Blueprint', '{"adipisicing","nulla in","nulla","excepteur aliqua minim aliqua","sit sint Lorem occaecat","velit id","irure non","est ipsum eiusmod"}', DEFAULT, DEFAULT), ('ed7bef30-09b5-5167-a122-9b398a76eaef', '09204188-e618-5728-88fc-034120742c41', 99, 'unlisted', 'Aggressive Rush Strategy', '{"officia irure nostrud aliqua","laboris voluptate ipsum do est","nostrud esse"}', DEFAULT, DEFAULT), ('ecddf116-85cf-5aef-8c73-6e5963680c88', 'f6a7cc82-a609-50ee-a839-9fa8b1a9631d', 97, 'private', 'Roaming Support Plan', '{"pariatur irure duis sint","eiusmod in est","est proident duis tempor velit","ad cillum aliquip ut ad","excepteur do qui do","reprehenderit officia do","fugiat consequat eiusmod consequ"}', DEFAULT, DEFAULT), ('5bb46529-9916-530c-88e4-31ac6d441591', '1e0af0c0-30ba-5a06-9647-a83cef3d815d', 91, 'private', 'Late Game Scaling Strategy', '{"laborum qui","qui occaecat culpa anim","sit do","pariatur nulla","dolore voluptate","non ut est velit cupidatat","sint pariatur","minim esse","elit voluptate ut cupidatat"}', DEFAULT, DEFAULT), ('8b092693-9a40-5f6a-a57b-3c3e9f5288f7', '5b303ef1-7516-512a-ba01-9f0dc05d7d2a', 97, 'private', 'Defensive Turtle Tactics', '{"cillum proident pariatur aute","dolor","esse ipsum est nostrud","mollit cupidatat tempor","ea ad","eiusmod reprehenderit"}', DEFAULT, DEFAULT), ('65d96d53-ecd8-5cb9-a3d4-a2842c9c629f', 'e7ba2b18-a57c-5b02-9714-d376d9ea922f', 93, 'private', 'Vision Denial Blueprint', '{"consequat","dolore proident consequat ad","voluptate tempor sunt aliquip","qui proident adipisicing deserun","sint et","aute qui minim"}', DEFAULT, DEFAULT), ('672c681b-4325-56a5-8413-28facb838b89', '7f78fee3-dd27-5696-858f-318bd4cbf2a8', 96, 'unlisted', 'Wave Management Plan', '{"sit nostrud aliquip non","eiusmod cupidatat reprehenderit ","eu fugiat duis","ea","voluptate adipisicing occaecat"}', DEFAULT, DEFAULT), ('49d19d37-5ee3-59d0-a985-37b5b703ceb0', '9a2c5b91-3c65-50ae-8188-68db1f1edfc4', 93, 'public', 'Team Fight Execution Plan', '{"ipsum laborum laborum eiusmod","nostrud","consequat","laborum ad","nulla eiusmod anim consequat ame","cillum enim elit mollit","reprehenderit","enim commodo amet","eu in"}', DEFAULT, DEFAULT), ('66e9d7dd-018c-5299-8470-9f074683bd55', '01bb02e3-6d00-5b11-ba00-2f6b060dfb2e', 95, 'unlisted', 'Early Game Dominance Guide', '{"ullamco id et nisi","in culpa do","proident fugiat cillum"}', DEFAULT, DEFAULT), ('d4a93045-0519-5ae2-8bd3-51a7d07f2b97', '646b32cc-2525-5418-a0f1-5c9ced471b05', 91, 'private', 'Split Push Blueprint', '{"minim incididunt sit eiusmod exe","consequat dolore officia reprehe"}', DEFAULT, DEFAULT), ('b5bd1f0b-0be5-592a-87b7-65db36f2fa17', '405dd580-b1c8-5c0e-9df0-d82b7f57175d', 91, 'unlisted', 'Aggressive Rush Strategy', '{"tempor Lorem ut irure culpa"}', DEFAULT, DEFAULT), ('902168ab-57a5-5714-b589-ecf1bd6d2517', '1332e392-1ac8-57d9-8262-948f66c89fe9', 91, 'unlisted', 'Vision Control Blueprint', '{"irure eu","aliquip culpa","culpa eu","deserunt consectetur","anim deserunt minim","amet duis ipsum proident","exercitation aliqua veniam conse","aliqua occaecat","culpa"}', DEFAULT, DEFAULT), ('8e1b1af0-d36a-5958-9b32-c8f59e8edaf9', 'a69d43fa-2222-5203-b590-140e62599451', 94, 'private', 'Objective Focused Strategy', '{"id mollit deserunt"}', DEFAULT, DEFAULT), ('9ca1e23a-7fd9-5be2-b14a-5f50a52fda0a', '051188d3-54fa-59f4-adc8-b929fcb2c826', 91, 'private', 'Counter Pick Blueprint', '{"aliqua mollit","officia aute sunt veniam aliquip","minim enim","proident exercitation dolor"}', DEFAULT, DEFAULT), ('b458c0d2-4d21-597a-9d7c-522e47032d79', '646b32cc-2525-5418-a0f1-5c9ced471b05', 95, 'unlisted', 'Siege Tactics Handbook', '{"aute id sunt labore aliqua","proident nulla commodo laboris v","magna nostrud reprehenderit","amet eiusmod occaecat","eiusmod aliqua","nulla proident incididunt pariat","commodo ex fugiat dolor","elit nisi qui","pariatur occaecat fugiat consect","aute nostrud"}', DEFAULT, DEFAULT), ('aeae5590-e6d3-5c02-8a1c-40a6bcf61bd6', '6c3f6730-2b1a-5e27-97de-caacad0bb1a5', 93, 'private', 'Vision Control Blueprint', '{"reprehenderit","nulla cillum nisi sit","labore","tempor elit nulla magna","dolore exercitation"}', DEFAULT, DEFAULT), ('e62ff15d-b4e8-5f8b-b8c8-56d105c9d705', '2067e70c-565d-520b-b56b-19189e5b77f5', 98, 'private', 'Defensive Turtle Tactics', '{"veniam proident"}', DEFAULT, DEFAULT), ('2650d5c8-a9d2-57ad-a70d-8c89cf994021', '26f7bb6a-3c9c-5b30-b11b-be5ebfb91948', 99, 'private', 'Vision Denial Blueprint', '{"qui aliquip tempor","eiusmod cillum deserunt","ad commodo nulla","mollit id aliquip qui","proident sunt","eiusmod irure in","dolore"}', DEFAULT, DEFAULT), ('57851dd8-0d7e-5b03-b70f-32940ae107ce', '5b303ef1-7516-512a-ba01-9f0dc05d7d2a', 96, 'unlisted', 'Team Fight Execution Plan', '{"nulla culpa","magna","minim incididunt sint mollit","mollit in irure nulla incididunt","ex non ex sit","cillum magna amet","et ullamco aliqua","enim aliqua veniam aliqua","tempor cillum","ad in aliqua"}', DEFAULT, DEFAULT), ('0bb88883-c32b-547d-bac2-9dcbf9437722', 'ba4d6fef-111f-5ce5-883e-2b3880f373bf', 94, 'unlisted', 'Vision Control Blueprint', '{"labore consectetur eu sit","irure cupidatat anim duis","cupidatat cillum eu magna"}', DEFAULT, DEFAULT), ('f2096d39-9bcd-5cc9-af38-3924bad39e01', 'fb634118-b8a6-50b7-9010-0317dd27fba6', 97, 'unlisted', 'Aggressive Rush Strategy', '{"voluptate fugiat nostrud id","commodo","ea commodo","nostrud est voluptate"}', DEFAULT, DEFAULT), ('cdc85c53-30bc-5c6e-91cc-2af72696e64b', 'a4b32498-f3a6-5110-a5b6-de20f0314c35', 94, 'private', 'Objective Focused Strategy', '{"sit pariatur exercitation","est","proident laboris sit sint","id","elit voluptate","esse minim","nulla","sunt quis excepteur eiusmod","laboris officia fugiat exercitat","eu id consectetur"}', DEFAULT, DEFAULT), ('a0fe813c-8a2e-57ff-8950-530eb72350cc', 'fb634118-b8a6-50b7-9010-0317dd27fba6', 91, 'public', 'Aggressive Rush Strategy', '{"eu culpa fugiat","deserunt dolore dolore"}', DEFAULT, DEFAULT), ('3dcb1c72-1f38-50a2-8a79-9f8b83862a0b', '290e51c6-7ff6-5db4-8f40-69dda051b66c', 100, 'public', 'Baron Control Strategy', '{"deserunt elit et","tempor amet amet eu","ea officia aute","duis nulla","mollit aliqua voluptate ullamco ","incididunt","aliqua tempor aute do","culpa sit commodo laborum exerci","ex non"}', DEFAULT, DEFAULT), ('b529db67-e1b4-5e7d-9a32-267867bbcbad', '5cdb9712-16b6-532e-9cc7-8cf7dfbe9b6b', 91, 'public', 'Early Game Dominance Guide', '{}', DEFAULT, DEFAULT), ('89b21cb6-fbf3-585a-b9c1-304fad97258b', '92275f25-82bb-5155-9ec4-713c75fa7c14', 92, 'unlisted', 'Vision Control Blueprint', '{}', DEFAULT, DEFAULT), ('8af27ce1-15c1-5703-a4c5-07ea669df0c7', '3ff60d7a-a4ad-54c5-a422-53b52cd53093', 94, 'public', 'Late Game Scaling Strategy', '{"excepteur pariatur ut ullamco do","magna id minim ea","eiusmod voluptate","excepteur proident sit tempor","cupidatat elit","cupidatat sunt laboris","amet nisi ad id","amet reprehenderit non quis"}', DEFAULT, DEFAULT), ('e9960db1-b450-5d20-820c-87fab4f40dc8', '290e51c6-7ff6-5db4-8f40-69dda051b66c', 100, 'private', 'Vision Control Blueprint', '{"fugiat","ut incididunt quis","nisi nisi","excepteur qui non anim enim","adipisicing adipisicing incididu","velit et","voluptate","veniam non proident cillum cillu","aliquip","consectetur labore eu consectetu"}', DEFAULT, DEFAULT), ('2dd10f1f-4836-53b2-b2b6-ae71861e43d0', 'fb634118-b8a6-50b7-9010-0317dd27fba6', 98, 'private', 'Roaming Support Plan', '{"elit consequat ad ad","aliqua irure","velit magna anim labore sint"}', DEFAULT, DEFAULT), ('09d4e842-df61-577d-8d06-00daf3b676e2', '887dee3f-7921-537c-91f1-8b0d43117b12', 93, 'unlisted', 'Early Game Dominance Guide', '{}', DEFAULT, DEFAULT), ('6fe4789e-9a02-5c94-8c81-5bb4cffd7850', 'a69d43fa-2222-5203-b590-140e62599451', 93, 'public', 'Siege Tactics Handbook', '{"fugiat tempor","sint","quis ex esse eiusmod","veniam tempor incididunt","laboris excepteur","qui incididunt deserunt","consectetur sint veniam laboris","veniam consequat","nulla Lorem"}', DEFAULT, DEFAULT), ('62834a20-27ac-5894-8947-a4e2ffb67f5b', '7f78fee3-dd27-5696-858f-318bd4cbf2a8', 96, 'unlisted', 'Rotation Strategy Document', '{"enim ullamco","proident","in labore et commodo id","nostrud commodo consequat","ullamco","qui quis consectetur veniam sit","dolor adipisicing anim et","dolor ipsum","irure dolore","reprehenderit"}', DEFAULT, DEFAULT), ('ce25e6d7-50b4-50c3-8210-685ee22346f3', '7f78fee3-dd27-5696-858f-318bd4cbf2a8', 91, 'unlisted', 'Gank Heavy Approach', '{"nisi cillum","irure aute nisi et","nulla eu consequat","esse id ad qui","consequat veniam ex elit"}', DEFAULT, DEFAULT), ('a4e4a518-fb32-53bf-9d1c-f336f8cd8c45', '380f1bbd-f6c8-5306-af3f-7d7fa746bde0', 97, 'public', 'Late Game Scaling Strategy', '{"minim amet","adipisicing id ex Lorem tempor","est cupidatat et","duis ipsum adipisicing","Lorem proident aute minim","Lorem incididunt voluptate dolor","minim laboris eu mollit","est ipsum duis"}', DEFAULT, DEFAULT), ('d5862a76-70cd-55db-a302-365d7ec101f5', '472a7075-ea0f-5e44-b5c9-6ef12ccd3736', 100, 'public', 'Wave Management Plan', '{"elit consectetur eu sint","ad","quis enim do","ea mollit officia","id irure","pariatur dolor irure","sit qui ipsum"}', DEFAULT, DEFAULT), ('fff5567f-d4a5-542e-ba70-1119521ca0cb', 'cda3814f-c14d-5dcf-a835-797df84f6d99', 97, 'public', 'Defensive Turtle Tactics', '{"aliqua id","nulla eu irure non"}', DEFAULT, DEFAULT), ('48abaf7b-d65e-5371-8d5f-1be4621911e6', 'ae956930-bebe-5aad-83f8-b8d0cae36371', 91, 'unlisted', 'Baron Control Strategy', '{"aliquip id","minim","culpa occaecat exercitation adip","tempor qui exercitation","fugiat est","cillum ullamco commodo magna","incididunt","labore consectetur"}', DEFAULT, DEFAULT), ('05b8ebd6-06e1-5ce6-85d9-1fda124d11b0', '59d8bfe4-2c84-5707-a356-dbe1eb5eec54', 93, 'unlisted', 'Objective Focused Strategy', '{"est irure minim","non magna eu"}', DEFAULT, DEFAULT), ('be5a4c70-a4ff-57c0-8c2c-437a6d77f25c', 'fe24988b-bca5-5bf5-be0f-c92da7b2cbe1', 100, 'public', 'Vision Denial Blueprint', '{"ipsum commodo amet nostrud minim","minim ex cupidatat quis aliquip","dolore nisi consectetur","do amet dolor non"}', DEFAULT, DEFAULT), ('e6ff83af-5ec2-537d-b04b-784bd77a5871', 'eecf8a7e-af2f-524d-a645-c5fba3ebda06', 94, 'private', 'Split Push Blueprint', '{"deserunt fugiat","ipsum","officia laborum commodo"}', DEFAULT, DEFAULT), ('dc9bffb4-1647-5c5d-8c1f-d89500e89900', '79144a06-0314-5d41-8df1-e53dfcb6f109', 92, 'unlisted', 'Defensive Turtle Tactics', '{"exercitation veniam incididunt e","cupidatat ut"}', DEFAULT, DEFAULT), ('ec767a01-17bb-518c-9633-78ebc8caded3', '2c5573d9-9522-50a1-b9d9-3ef48e8629b4', 96, 'private', 'Baron Control Strategy', '{"ipsum"}', DEFAULT, DEFAULT), ('6c642b40-bb15-55fa-9319-9c100d27adc7', 'cbe3cf1c-d730-5d2f-b890-2de0f1a164e6', 99, 'private', 'Vision Denial Blueprint', '{"cillum quis qui proident sit","ut in anim labore","reprehenderit nisi Lorem","proident cupidatat amet cupidata","quis sit enim exercitation anim","minim minim laboris sunt","aliqua veniam","sit sunt","elit","pariatur Lorem"}', DEFAULT, DEFAULT), ('197f52e9-f9b3-54a3-a900-9ddcd2cd98d5', '096adf71-c74e-5b77-822b-46a8768797c5', 93, 'unlisted', 'Vision Control Blueprint', '{"veniam ipsum"}', DEFAULT, DEFAULT), ('b239ffdb-847f-5400-b1f9-97e186ea36bc', '2d1d7734-be70-5d07-a538-e76c6cae722e', 91, 'private', 'Wave Management Plan', '{"quis enim ea qui pariatur","veniam tempor nulla quis","consectetur et incididunt dolor","non labore","ullamco nulla","ex aute est","culpa velit","sunt eu"}', DEFAULT, DEFAULT), ('c3124970-b58c-5748-8a01-4ba1d7466b2b', 'd905224a-1767-5e97-ad1a-f223ab64cd44', 100, 'unlisted', 'Objective Focused Strategy', '{"amet aute","labore aute velit elit","duis proident esse sunt mollit","incididunt","anim pariatur sunt","cupidatat nisi irure ex","elit nisi anim","eu incididunt in aliqua","non non proident sit enim","pariatur esse ullamco"}', DEFAULT, DEFAULT), ('2fbdef88-7d4a-5528-bb59-74f725709563', '3a804324-748d-571a-afad-6b9c20a35337', 93, 'private', 'Map Control Blueprint', '{"sit cillum eiusmod sint deserunt","duis duis","cillum est officia sint voluptat"}', DEFAULT, DEFAULT), ('a03637de-3a86-5f2c-a9a1-71bb222f301f', '17ec9179-4e96-5f11-9df0-6e4c2363b3ee', 95, 'private', 'Aggressive Rush Strategy', '{"commodo","elit sint adipisicing","velit consectetur","deserunt tempor do mollit tempor","amet dolor duis","incididunt officia proident exer","ad adipisicing dolore nostrud","aute"}', DEFAULT, DEFAULT), ('536d5b0c-dc7c-598f-8fa0-b21c4cd85d48', '31ac52db-fa89-5177-b667-1cf6526a929a', 96, 'unlisted', 'Counter Pick Blueprint', '{"ullamco fugiat aliqua occaecat","officia et","id","et","id magna velit pariatur","elit id","id et","laborum","enim"}', DEFAULT, DEFAULT), ('f04b6b4b-d5ea-517f-8a7d-71713980487c', '051188d3-54fa-59f4-adc8-b929fcb2c826', 99, 'unlisted', 'Rotation Strategy Document', '{"ullamco cillum duis","ad officia deserunt aliquip","aliqua irure aliqua","officia nostrud non irure consec","velit mollit qui","incididunt fugiat","tempor consectetur qui ipsum dol","nulla","eiusmod proident reprehenderit q"}', DEFAULT, DEFAULT), ('363e1d5b-f7b0-5ee0-a43a-f471f9cf9338', '2067e70c-565d-520b-b56b-19189e5b77f5', 92, 'private', 'Late Game Scaling Strategy', '{"adipisicing sit anim","eiusmod qui fugiat","proident officia ex","anim esse ad tempor pariatur","dolore occaecat officia laborum"}', DEFAULT, DEFAULT), ('edcc2203-6787-52aa-bc0b-a6dcc59388be', '5531f3c9-2ccc-59e8-86e8-da1800808ec2', 95, 'public', 'Vision Control Blueprint', '{"proident quis"}', DEFAULT, DEFAULT), ('474b1c92-271b-5e78-878e-3e82398a6e7c', '5783cab4-e010-523b-b893-81b388f43d06', 92, 'unlisted', 'Jungle Control Playbook', '{"aute exercitation cupidatat sit ","adipisicing laboris esse","laborum occaecat"}', DEFAULT, DEFAULT), ('8997d96a-4a2f-5fcd-a0a2-88e875f8bba7', '9a2c5b91-3c65-50ae-8188-68db1f1edfc4', 94, 'unlisted', 'Split Push Blueprint', '{}', DEFAULT, DEFAULT), ('f61f0c83-60cb-5fa8-a27a-67e606b63adb', 'b7a89d05-549f-565f-b631-b59097e91d1a', 96, 'private', 'Defensive Turtle Tactics', '{"nulla tempor id ad","reprehenderit fugiat sint commod","incididunt dolore officia sunt d"}', DEFAULT, DEFAULT), ('30d213ab-4615-5d8b-abee-5b4875c8bfdf', '63e38d08-3dd9-5569-ab28-f70e94b3cdb7', 92, 'private', 'Roaming Support Plan', '{"consequat esse eiusmod laboris"}', DEFAULT, DEFAULT), ('7d042aff-1b5b-531f-917f-48f2d58d33c7', '5783cab4-e010-523b-b893-81b388f43d06', 96, 'private', 'Team Fight Execution Plan', '{"nostrud proident aliqua amet","sint voluptate enim cupidatat al","do laboris esse","tempor laboris elit velit Lorem","in reprehenderit proident","duis ea","et aliquip","aliquip consequat","Lorem"}', DEFAULT, DEFAULT), ('30e1e77d-2bcf-5591-97ec-d99bd552d8f0', '2c5573d9-9522-50a1-b9d9-3ef48e8629b4', 92, 'public', 'Vision Denial Blueprint', '{"pariatur mollit","officia","dolor magna excepteur et","do nostrud nisi duis consectetur","eiusmod non consequat enim irure","enim laborum fugiat in","id voluptate elit laboris nostru","in laborum laborum","ullamco sint"}', DEFAULT, DEFAULT), ('d53a4a7c-125e-52cd-8ba3-aa3916f71140', 'a6ea6199-2a1a-56d4-b12a-1bf7d32d154c', 92, 'unlisted', 'Vision Control Blueprint', '{"cupidatat officia pariatur","sint eu deserunt","occaecat et","velit nostrud nisi dolore","eu cillum nisi","pariatur quis pariatur nostrud p","anim","labore eiusmod aliquip et sunt","mollit cillum elit irure mollit"}', DEFAULT, DEFAULT), ('47f797b2-50c1-56af-abe6-0081dabe5efd', '9584676f-0635-591a-a937-d230d9a3abf3', 97, 'private', 'Counter Pick Blueprint', '{"occaecat in quis consectetur ess","nostrud irure commodo","culpa consectetur","amet excepteur pariatur laborum","labore ex aliquip","aliqua irure sunt elit","magna","elit amet cillum","dolore non excepteur"}', DEFAULT, DEFAULT), ('3ebbec39-d360-5461-b442-70abf723c8b8', 'c7198a1e-f50c-5635-a5bf-2073d4da7bc6', 94, 'private', 'Aggressive Rush Strategy', '{"anim ex ipsum id","anim do laborum","dolor esse","laborum est excepteur anim","irure elit","amet","ad ad"}', DEFAULT, DEFAULT), ('3821efb6-356e-53bd-8a0b-239426475be5', '2da4149c-bf3e-5f98-b904-591c69530871', 93, 'public', 'Siege Tactics Handbook', '{"fugiat proident quis aliqua","laboris ad do proident consectet","cillum qui","reprehenderit duis","sint qui reprehenderit magna dol","ex laborum aute aliqua quis"}', DEFAULT, DEFAULT), ('f62571e6-585e-5709-b04e-861b7f3db2d2', '6451b879-16d7-5644-b6b9-87dd18b3facf', 92, 'public', 'Roaming Support Plan', '{"sint","elit sit irure commodo","Lorem laboris","ut sit consectetur adipisicing c","ad dolor","cillum laboris est","sunt velit Lorem sunt","Lorem id"}', DEFAULT, DEFAULT), ('f706ef0d-b4c8-54ee-ba4a-8f6af14717f8', 'df686e46-eb10-5a3f-abfb-03f34e72d244', 92, 'unlisted', 'Counter Pick Blueprint', '{}', DEFAULT, DEFAULT), ('da6a602b-9dc0-5e13-87e9-323f368838a2', '94a106f5-e21c-5e45-83f2-58d10f738b53', 100, 'unlisted', 'Gank Heavy Approach', '{"qui incididunt consectetur","sunt quis occaecat minim","Lorem quis magna","eiusmod laborum est laborum sit","ex aute cupidatat eiusmod"}', DEFAULT, DEFAULT), ('ae022a2e-97fe-53d7-ace2-f700a65995e2', 'd2268e40-fa6d-5300-9f01-b7cc8f9018e3', 99, 'unlisted', 'Jungle Control Playbook', '{"irure non quis","ad velit","pariatur qui ipsum","esse eiusmod sunt laboris","consectetur in nulla occaecat","occaecat ullamco","nisi nulla","culpa cupidatat aliquip ea","aliquip et cupidatat duis sunt"}', DEFAULT, DEFAULT), ('7f27719e-c551-5cfa-ab24-3e6a917bc77f', '8babc841-00b0-585f-9ca3-85ef68fec1f7', 96, 'public', 'Vision Control Blueprint', '{"culpa ut ullamco","eiusmod aute exercitation","elit cupidatat","qui veniam","et voluptate","dolor occaecat officia"}', DEFAULT, DEFAULT), ('a7afe8c7-8469-5a59-9246-cc18b3ce4b7b', 'd9bba68a-079c-5141-bd43-756b87167584', 93, 'private', 'Baron Control Strategy', '{"ut aute minim","in duis sint id"}', DEFAULT, DEFAULT), ('8111ec5f-e01a-5ad1-b89a-b7a64419e202', 'c801d235-e02a-5267-8201-eecb86948b65', 99, 'public', 'Vision Denial Blueprint', '{"velit magna enim","velit ipsum","enim consequat nulla sit","consectetur veniam nulla pariatu","dolore do veniam ex","laboris consequat anim ullamco","duis deserunt ad deserunt"}', DEFAULT, DEFAULT), ('af41c136-c26c-5e1c-81f1-2d9f923ca606', 'd2f08d89-447f-5d3d-96e5-385ed888c091', 96, 'public', 'Aggressive Rush Strategy', '{"mollit labore","veniam dolor fugiat","enim aliquip Lorem anim","eiusmod","mollit","voluptate pariatur occaecat","cupidatat nostrud ex","est","consequat tempor aute","irure veniam"}', DEFAULT, DEFAULT), ('7594efe5-aff1-5874-a5ed-4a9edc7b66bf', 'b134c4e5-3e41-53b3-bf3f-7f4cf023e9d7', 97, 'unlisted', 'Defensive Turtle Tactics', '{"reprehenderit adipisicing","laboris amet","deserunt","ex sunt pariatur","aliquip dolore","quis minim","cupidatat mollit incididunt irur"}', DEFAULT, DEFAULT), ('ee2f9514-a689-5e06-84f0-7f27b56a3774', '94a106f5-e21c-5e45-83f2-58d10f738b53', 100, 'private', 'Aggressive Rush Strategy', '{"veniam voluptate"}', DEFAULT, DEFAULT), ('59ac239c-144e-5ca7-b3e8-b97418726740', 'fe24988b-bca5-5bf5-be0f-c92da7b2cbe1', 93, 'unlisted', 'Early Game Dominance Guide', '{"proident officia consectetur ven"}', DEFAULT, DEFAULT), ('7992b22f-6c16-50ae-ae54-fd84bedb78e7', 'f7f33f5b-7e02-5784-9db2-ed2995544a54', 94, 'public', 'Jungle Control Playbook', '{"incididunt","aliqua do aliqua","consequat mollit ea sint fugiat","irure occaecat fugiat cupidatat","nulla magna pariatur enim","nulla officia consectetur velit","do ex sunt adipisicing sint","elit ipsum","magna nisi consequat consequat","consequat laboris sunt enim ea"}', DEFAULT, DEFAULT), ('eeb6a56c-bf20-5164-a9c4-2438947a1635', '02a341a2-35a0-5fbc-a1f4-aa8b42aa4b51', 91, 'public', 'Split Push Blueprint', '{"cillum occaecat","in sit ipsum"}', DEFAULT, DEFAULT), ('ba263b84-62af-5be6-a1da-34f8a9b1c708', 'd2268e40-fa6d-5300-9f01-b7cc8f9018e3', 98, 'public', 'Team Fight Execution Plan', '{"minim incididunt sunt","proident ipsum","culpa eu culpa ut","officia enim exercitation"}', DEFAULT, DEFAULT), ('0eda511d-00fb-5edd-a94c-61620ced28e5', '5783cab4-e010-523b-b893-81b388f43d06', 93, 'private', 'Defensive Turtle Tactics', '{"deserunt exercitation id","pariatur ex quis officia veniam","ad cillum","aute eu mollit ad","adipisicing commodo","qui mollit culpa sit","occaecat qui"}', DEFAULT, DEFAULT), ('4a82ca5f-1296-51b0-9319-05459a439c92', 'b576de0c-954e-5345-a9e7-0d691c52341a', 99, 'unlisted', 'Team Fight Execution Plan', '{"labore culpa laborum","ut eiusmod anim","cillum exercitation nisi","labore incididunt non nulla eius","mollit laboris amet amet","aliquip"}', DEFAULT, DEFAULT), ('230e6990-91f4-5dc7-b6bc-229a44985e25', '9a2c5b91-3c65-50ae-8188-68db1f1edfc4', 92, 'private', 'Gank Heavy Approach', '{"eiusmod cillum ex","est anim","excepteur"}', DEFAULT, DEFAULT), ('01a97da4-f21e-511b-9160-a834d5d7f82e', 'e4c44768-00c8-52e6-80f9-625972d5d9b9', 93, 'unlisted', 'Split Push Blueprint', '{"laborum tempor","consequat ad consectetur","culpa"}', DEFAULT, DEFAULT), ('1c5613fb-a627-5391-a9ff-0cc49d9b395b', '6451b879-16d7-5644-b6b9-87dd18b3facf', 96, 'unlisted', 'Early Game Dominance Guide', '{"ea officia","dolor ut et ea","dolore elit","sunt sunt eu ex","officia mollit deserunt Lorem id","aliqua qui reprehenderit","voluptate ex"}', DEFAULT, DEFAULT), ('69b55afa-a769-5eae-849b-0607118f6f38', 'cb82a658-7a6b-5f53-8103-de934a9d041a', 97, 'public', 'Aggressive Rush Strategy', '{"cupidatat veniam veniam"}', DEFAULT, DEFAULT), ('5653d3f7-e466-5b59-9cc7-02634d975655', 'cbe3cf1c-d730-5d2f-b890-2de0f1a164e6', 100, 'unlisted', 'Wave Management Plan', '{"fugiat non anim","veniam"}', DEFAULT, DEFAULT), ('11917a47-b89e-5663-8d37-049fe2bf5b34', '844afdcc-93cf-55c8-b0f1-1cc22329a30b', 92, 'unlisted', 'Late Game Scaling Strategy', '{"est consectetur","ut aliqua sint nisi","enim Lorem aliqua aute","Lorem enim","anim","pariatur","amet in qui est","sit ex quis","nulla id nulla reprehenderit","duis reprehenderit"}', DEFAULT, DEFAULT), ('c68ff46b-b1a9-581e-aa43-737e3b976580', '5dd9c208-a224-5712-b987-eab6b9a89e23', 93, 'unlisted', 'Objective Focused Strategy', '{"nisi quis ipsum","eu cillum in irure"}', DEFAULT, DEFAULT), ('e8d13e33-32bc-5c1a-9371-8f828965d869', 'b5605791-3389-56c2-9ec6-17d538b9bb85', 96, 'public', 'Early Game Dominance Guide', '{"fugiat laboris","pariatur","commodo aute excepteur elit","nisi","exercitation aliqua magna","amet excepteur","reprehenderit ex nisi Lorem","elit Lorem"}', DEFAULT, DEFAULT), ('79cca71d-1dd7-5b78-9e31-229bb9872504', 'a69d43fa-2222-5203-b590-140e62599451', 94, 'public', 'Wave Management Plan', '{}', DEFAULT, DEFAULT), ('cdf1b1e3-61cd-52e6-b86e-eec98ea71e23', 'fb634118-b8a6-50b7-9010-0317dd27fba6', 98, 'private', 'Siege Tactics Handbook', '{"consequat dolor"}', DEFAULT, DEFAULT), ('98ea8abd-4f3f-5750-b436-afb8aa79fb82', '1bf9a820-bb8f-59cd-8902-84a62a1aa29f', 97, 'private', 'Wave Management Plan', '{"officia amet reprehenderit Lorem","enim dolore commodo","sint ex consectetur","et voluptate laboris amet","exercitation sunt ad","labore ipsum mollit pariatur","est nisi id proident","velit qui deserunt","sit sint","cillum elit Lorem"}', DEFAULT, DEFAULT), ('bc227bd7-3214-5075-bca0-3f60046ac216', '6451b879-16d7-5644-b6b9-87dd18b3facf', 94, 'unlisted', 'Map Control Blueprint', '{"ut quis eiusmod","duis commodo dolore excepteur","esse est"}', DEFAULT, DEFAULT), ('8fd84214-96a6-5d6c-8437-0646145f15a1', 'a6ea6199-2a1a-56d4-b12a-1bf7d32d154c', 94, 'unlisted', 'Split Push Blueprint', '{"sit sunt laborum non","reprehenderit nulla esse","et adipisicing"}', DEFAULT, DEFAULT), ('7b269807-4fdc-5847-8a5c-807ffa02f953', 'd2f08d89-447f-5d3d-96e5-385ed888c091', 100, 'public', 'Aggressive Rush Strategy', '{"qui non","eiusmod nostrud tempor minim com","laborum est","sint cupidatat elit nostrud fugi","ullamco","in labore","sit nostrud","reprehenderit eiusmod nostrud","anim","aute proident consectetur nostru"}', DEFAULT, DEFAULT), ('cf8258c4-f278-5c75-a944-c2bcba526ad4', 'ddb44318-7e83-5b4d-8ba4-3bbd19edd327', 99, 'private', 'Objective Focused Strategy', '{"occaecat","exercitation eiusmod consequat","id laboris","ex excepteur amet duis","in aliquip","irure aute","commodo deserunt","ullamco excepteur"}', DEFAULT, DEFAULT), ('2e51b4b0-68ac-5e21-94a2-b7afb1b16016', 'b4df1d95-7dc2-5c19-b5ea-b51c237352b3', 93, 'unlisted', 'Objective Focused Strategy', '{"do nostrud Lorem","non ut sunt"}', DEFAULT, DEFAULT), ('6e9d8d45-1d4b-5cdd-92c5-76194015ba99', 'cd1520c4-af17-5e1e-b5b0-a9e95f36a7c4', 100, 'unlisted', 'Team Fight Execution Plan', '{"est reprehenderit non cillum lab","magna eu cillum irure","aliqua","amet elit tempor"}', DEFAULT, DEFAULT), ('fac7e894-3f38-5663-bc98-486c88732ea4', '94daea14-9b93-5933-9044-5ccc1eb32f8f', 99, 'public', 'Objective Focused Strategy', '{"ut commodo adipisicing","laboris eiusmod","ex eiusmod amet anim pariatur","dolore elit laboris","do","id labore id nisi adipisicing","est"}', DEFAULT, DEFAULT), ('7d360079-2c18-5c6d-a1b8-85eb411ace3d', '2589cf16-4103-5a4f-b544-b30078083eaa', 98, 'unlisted', 'Aggressive Rush Strategy', '{"sunt ex incididunt","tempor excepteur","qui anim dolor","velit","velit","sunt irure pariatur ea culpa","consectetur","in deserunt elit nostrud reprehe"}', DEFAULT, DEFAULT), ('be194c18-6eee-5ff6-a117-608bade8a86e', '9af6e0ef-7015-5390-856a-705032c2e40e', 97, 'private', 'Vision Control Blueprint', '{"aute laboris dolore","commodo ea eiusmod Lorem sint","eu velit","incididunt in","est magna exercitation exercitat","occaecat"}', DEFAULT, DEFAULT), ('74297878-a21d-59b7-aced-265d4a9f30fa', 'e2b744a0-a170-5a87-828d-34cc6f64ca05', 100, 'public', 'Gank Heavy Approach', '{"qui aliquip","cupidatat","ea"}', DEFAULT, DEFAULT), ('a0c5fdb3-1581-541b-b560-7473e0935643', '94170f3d-888c-58bc-bc18-13592bfb52c5', 92, 'unlisted', 'Jungle Control Playbook', '{"esse proident"}', DEFAULT, DEFAULT), ('5bf01130-69dd-5547-acc0-717bf1395fda', 'b134c4e5-3e41-53b3-bf3f-7f4cf023e9d7', 100, 'unlisted', 'Vision Control Blueprint', '{"adipisicing aliquip laboris veli","sit est ad laborum"}', DEFAULT, DEFAULT), ('1e052062-4999-589c-af48-bc4a3df69d05', '763ebb5f-add9-59ff-9a26-6b4030dae259', 98, 'private', 'Secure Objective Playbook', '{"dolore tempor duis nulla"}', DEFAULT, DEFAULT), ('38b49ca8-b50c-5e98-af9e-9c3898d28f8f', '1d3f740a-8c60-5c1d-aa9e-3854a33c8e1d', 99, 'private', 'Aggressive Rush Strategy', '{"quis consectetur commodo","eu enim sint quis laboris","est aliqua","dolor commodo excepteur dolor","occaecat sit","in occaecat excepteur","nostrud id fugiat anim minim","exercitation eiusmod sunt","id dolor"}', DEFAULT, DEFAULT), ('9b261f2f-f0b0-57c3-9c3a-156a89bfc9aa', 'e4d90fe6-6c38-55d7-9042-99ce6d25bf1e', 97, 'unlisted', 'Secure Objective Playbook', '{"ut magna","tempor tempor Lorem aute","consequat excepteur labore proid","qui ex eu nostrud","officia qui sit","consectetur ut magna eiusmod","cupidatat minim sint","non et","nisi quis dolor qui"}', DEFAULT, DEFAULT), ('2d9d0644-e0d8-5f5d-84c2-071cd2c099ce', '92275f25-82bb-5155-9ec4-713c75fa7c14', 91, 'public', 'Defensive Turtle Tactics', '{"qui officia"}', DEFAULT, DEFAULT), ('b8c7a039-d039-57f7-bd1e-253b05ef8c03', '5dd9c208-a224-5712-b987-eab6b9a89e23', 92, 'private', 'Vision Denial Blueprint', '{"minim dolore do","proident qui pariatur duis","mollit ad","eu pariatur officia laboris"}', DEFAULT, DEFAULT), ('110d19c8-9e0d-5f75-a721-b94eb9080526', '9e6824f3-dac2-540f-9e3d-8797171dab14', 92, 'private', 'Objective Focused Strategy', '{"aliquip ipsum sint","esse proident ex","nulla"}', DEFAULT, DEFAULT), ('09923517-e55a-5deb-98cb-d64b27c0ab72', 'e2b744a0-a170-5a87-828d-34cc6f64ca05', 99, 'unlisted', 'Baron Control Strategy', '{"esse duis officia incididunt","minim culpa mollit officia","mollit do anim ipsum","magna exercitation","minim ea commodo officia","id cupidatat","consequat anim deserunt","laboris sunt voluptate dolor iru"}', DEFAULT, DEFAULT), ('e5bd85d5-1f62-5598-9176-4bfd393badbe', '91fa3874-9437-5dfa-a49a-f19fb38d9e92', 94, 'public', 'Vision Denial Blueprint', '{"veniam veniam","occaecat ad fugiat","non cupidatat occaecat fugiat","labore minim tempor esse","fugiat mollit commodo labore ani","eu ut elit fugiat","eiusmod","veniam occaecat"}', DEFAULT, DEFAULT), ('e8eb7547-d359-5d88-afb0-cca98349d023', 'b5f933d0-c28e-517c-9fca-d9e38dc742a2', 98, 'public', 'Counter Pick Blueprint', '{"commodo non"}', DEFAULT, DEFAULT), ('0e4135c9-4c74-5717-9ee1-cbbb37873838', '0e342915-b360-541f-8c0a-bdf36b3c0ce2', 100, 'public', 'Team Fight Execution Plan', '{"magna veniam","Lorem reprehenderit cillum","esse commodo sit","dolore duis esse","officia Lorem in id","nostrud Lorem magna","eiusmod mollit sit"}', DEFAULT, DEFAULT), ('eb9d24ec-f15e-5e4f-870e-dd537efcd168', 'eb3795e9-0dc2-506f-818c-e81bf7149197', 91, 'private', 'Counter Pick Blueprint', '{"culpa nulla est laboris","officia id eiusmod Lorem"}', DEFAULT, DEFAULT), ('688a2e3c-848e-5787-bd83-705a15229924', '6a248992-e0a8-5c27-8d71-fd2cfd3a1fd6', 93, 'unlisted', 'Counter Pick Blueprint', '{"nisi mollit exercitation","est","commodo dolore","veniam magna","ad dolore ullamco","irure in nulla","cillum dolor dolore reprehenderi","in magna excepteur exercitation","ex ullamco"}', DEFAULT, DEFAULT), ('a042a037-2e40-50ce-ae48-3f063c3067bb', '2da4149c-bf3e-5f98-b904-591c69530871', 98, 'unlisted', 'Roaming Support Plan', '{"ad magna id mollit reprehenderit","id","eiusmod aliqua ad irure","irure id","eiusmod incididunt pariatur","irure non aute esse","dolor ullamco","officia ad"}', DEFAULT, DEFAULT), ('cb4eaa5a-1f18-571e-9566-4c1753ad9134', '94a106f5-e21c-5e45-83f2-58d10f738b53', 94, 'private', 'Vision Control Blueprint', '{"ea sint commodo minim","et nostrud","veniam velit commodo quis esse","ipsum ut eu cupidatat","esse eiusmod voluptate consequat"}', DEFAULT, DEFAULT), ('2076216c-1b19-5f7f-b10d-db3cae2b4567', 'eda91f04-12ef-5904-88aa-e6ed9a692e03', 94, 'private', 'Defensive Turtle Tactics', '{"pariatur sit","tempor velit","sunt aute labore cupidatat","duis culpa elit","sunt eiusmod commodo fugiat","qui elit","ut ipsum cillum","reprehenderit dolor"}', DEFAULT, DEFAULT), ('a0bd7980-cac4-5ded-adc5-004548282723', '28e4b717-ba20-5ce6-96db-f08421aa2fc7', 92, 'unlisted', 'Vision Control Blueprint', '{"laboris irure sit Lorem adipisic","nostrud velit magna nostrud veli","ea eiusmod ad","id aliquip deserunt ea","fugiat exercitation","mollit enim amet voluptate","ullamco nisi excepteur adipisici","nisi","minim quis fugiat aliquip aliqua"}', DEFAULT, DEFAULT), ('e94657cc-5d4a-53ce-8902-19b99712c3c6', 'b88b1af1-79fe-5af5-9c91-0c77ed20973b', 92, 'unlisted', 'Vision Control Blueprint', '{"aute aliquip","excepteur elit","duis anim eu ipsum aliqua","mollit magna cillum","enim","eu","nulla aliquip qui","Lorem minim officia sint cillum","et non","deserunt"}', DEFAULT, DEFAULT), ('cdee6d23-791e-5a74-aba4-6e6c1b3863e7', '4da5a34b-d621-539d-93ed-4bd842601284', 94, 'unlisted', 'Baron Control Strategy', '{"cillum velit occaecat pariatur"}', DEFAULT, DEFAULT), ('d5a4641d-8cbb-5fd0-89e3-ac12979b690c', '9a52e2af-cb63-5ab2-95a7-ae32f01d6a1c', 94, 'unlisted', 'Secure Objective Playbook', '{"eiusmod ex","consequat cupidatat sint exercit","culpa ea enim","eu sunt","veniam id dolore","adipisicing nulla consectetur si","ad incididunt commodo consequat"}', DEFAULT, DEFAULT), ('ab58f5b2-4308-5685-a477-a4b54637b2a0', '3b3a2ed4-3283-5a09-84d9-c7de876d5510', 91, 'unlisted', 'Roaming Support Plan', '{}', DEFAULT, DEFAULT), ('025da8e7-6d47-53be-9689-b0604284733b', '1e7e0bcb-4fc0-5d72-81a5-d67a74a13595', 98, 'unlisted', 'Gank Heavy Approach', '{"deserunt minim culpa culpa","sunt elit labore","elit quis eu","pariatur in et","dolor pariatur","reprehenderit laborum cillum lab","commodo amet eiusmod","aliquip enim irure"}', DEFAULT, DEFAULT), ('cfc01e92-0e9c-5f58-b116-ac73af2ff344', '405dd580-b1c8-5c0e-9df0-d82b7f57175d', 99, 'private', 'Baron Control Strategy', '{"in qui ut enim","laborum consectetur officia volu","esse","nulla elit","sit non quis","et adipisicing exercitation nost"}', DEFAULT, DEFAULT), ('6c7a0737-5d09-56f1-9a60-9ca811b68d40', '2764351d-73bf-5124-a613-660cd57f91dd', 96, 'public', 'Late Game Scaling Strategy', '{"consectetur pariatur pariatur la"}', DEFAULT, DEFAULT), ('b74b781d-f3ca-5ce2-a262-c20f23455d05', 'c15a1a93-cc16-5536-8ab0-42ef9626e379', 91, 'private', 'Team Fight Execution Plan', '{}', DEFAULT, DEFAULT), ('ae76c1cf-66c9-5bf7-8fc8-d1e1260ab8bd', 'd00c085d-72d6-5114-a5fd-ba818539c2f7', 94, 'public', 'Jungle Control Playbook', '{"anim ad","pariatur do","reprehenderit ex","ea aliqua non ut"}', DEFAULT, DEFAULT), ('3267d96d-4a33-5c13-9ef8-eb9652f76262', '72d447b0-a4fa-5de7-bb4c-9ff5f169dfea', 95, 'public', 'Late Game Scaling Strategy', '{"aute in","in sit","in culpa dolor commodo","laborum ea","consequat esse ipsum","labore","est non officia","consectetur sit enim ut"}', DEFAULT, DEFAULT), ('272ce823-3f81-5671-93a8-93655178aa67', 'b113b59e-b810-598a-9f05-2a16c230b377', 99, 'unlisted', 'Counter Pick Blueprint', '{"nostrud","velit exercitation ex elit","nulla voluptate aliqua","qui reprehenderit cupidatat dolo"}', DEFAULT, DEFAULT), ('0cd365ac-6479-5889-b532-b02ce5d93b9f', 'b4df1d95-7dc2-5c19-b5ea-b51c237352b3', 91, 'unlisted', 'Wave Management Plan', '{"nostrud non","ex aliqua","minim consequat","consequat"}', DEFAULT, DEFAULT), ('d1c31a1f-140d-5b01-95f7-3fc15003186c', 'abf8504a-2cfc-5a9d-a5d2-31dccd8bf00f', 92, 'public', 'Baron Control Strategy', '{"tempor","velit culpa","occaecat in pariatur","cillum non","aliquip exercitation elit","reprehenderit minim mollit aute","officia Lorem ut ad non"}', DEFAULT, DEFAULT), ('139e14ed-bbf1-5d48-a6cc-84c72c891164', '6c3f6730-2b1a-5e27-97de-caacad0bb1a5', 94, 'unlisted', 'Jungle Control Playbook', '{"enim qui","non ipsum exercitation elit mini","commodo tempor ad sunt","culpa non aute deserunt","consequat non","ad proident"}', DEFAULT, DEFAULT), ('586f1ac8-f524-5f8c-88e2-184c02d5ef6d', '8b474939-245b-5ed9-b06a-21432e2b9115', 100, 'private', 'Aggressive Rush Strategy', '{"cupidatat cillum mollit ex irure"}', DEFAULT, DEFAULT), ('62075432-2441-5ae8-a3d3-0c53f1490707', '91fa3874-9437-5dfa-a49a-f19fb38d9e92', 96, 'public', 'Vision Denial Blueprint', '{"adipisicing deserunt sint cupida","exercitation nisi","pariatur non","cupidatat labore culpa exercitat","ex dolore enim dolore","laborum sint duis adipisicing","exercitation ex do enim"}', DEFAULT, DEFAULT), ('7e2a3012-f429-5959-8e79-e27f888f9ce7', '65d8ad86-6271-552b-8704-fabcdcf18cdb', 93, 'public', 'Baron Control Strategy', '{"veniam","aliqua dolore laborum","aliqua in sit dolore enim","deserunt nisi","amet ut do pariatur","eu et anim quis duis"}', DEFAULT, DEFAULT), ('b8821e56-73f0-54d5-b485-728d64492250', '2d1d7734-be70-5d07-a538-e76c6cae722e', 93, 'private', 'Gank Heavy Approach', '{"aliquip nulla Lorem deserunt","laborum irure","labore commodo veniam reprehende","laborum officia culpa eu excepte"}', DEFAULT, DEFAULT), ('41c6ea7f-18a9-55e6-b2ba-f0f4f40a17bf', '70b4d1da-5ee3-5bd6-aecb-9af8ab670b84', 93, 'unlisted', 'Siege Tactics Handbook', '{"laborum qui ullamco sunt","aute dolor cupidatat","minim culpa magna Lorem","culpa nulla","non est"}', DEFAULT, DEFAULT), ('6071eb55-6bca-516b-b2e7-cdcdc70b2f27', '7f78fee3-dd27-5696-858f-318bd4cbf2a8', 94, 'private', 'Rotation Strategy Document', '{"deserunt magna","ullamco do voluptate officia cil","labore minim nostrud","magna ipsum est duis esse","ad esse","ex occaecat occaecat"}', DEFAULT, DEFAULT), ('d7cdb9d2-07a6-5208-bc43-84429587c78d', 'df0b9534-eb70-596b-965a-89561ef803da', 94, 'private', 'Gank Heavy Approach', '{"sit et commodo laboris"}', DEFAULT, DEFAULT), ('edba76b8-16c2-5d65-8407-7c8846b18c8d', 'cd7c291a-6d6e-5632-91e5-b7fd7a634d7d', 99, 'private', 'Defensive Turtle Tactics', '{"voluptate ipsum et","pariatur nostrud ea incididunt","cupidatat culpa elit","esse labore qui Lorem","est ullamco magna aute consectet"}', DEFAULT, DEFAULT), ('4961b154-685f-5c2d-b1f1-598100239ea4', '763ebb5f-add9-59ff-9a26-6b4030dae259', 92, 'public', 'Early Game Dominance Guide', '{"commodo","id ex ex mollit veniam","fugiat sunt ad exercitation in","anim quis laborum ullamco","quis non veniam elit quis","in sunt enim ipsum ad"}', DEFAULT, DEFAULT), ('81b648c1-576c-5086-ba4f-2125060d9cf0', '448bebcf-842c-5d3e-858d-898238856074', 96, 'unlisted', 'Siege Tactics Handbook', '{"Lorem duis","officia in excepteur","cillum","deserunt deserunt","cillum consectetur nulla veniam ","ea aliqua aliquip","laboris enim id commodo eiusmod"}', DEFAULT, DEFAULT), ('edcc20e9-95a3-50eb-b84c-a2ac5801dd1f', 'd073b0b8-955f-5aab-9c76-3aebe9fa08b6', 97, 'private', 'Objective Focused Strategy', '{"sunt incididunt tempor","Lorem amet","anim enim anim","laboris irure"}', DEFAULT, DEFAULT), ('0f7963e1-2931-5603-b1f8-5f29e095a36f', 'b4df1d95-7dc2-5c19-b5ea-b51c237352b3', 98, 'private', 'Aggressive Rush Strategy', '{"nostrud sint","dolor","fugiat sint tempor","do adipisicing culpa","aliqua quis officia","incididunt enim adipisicing","irure","amet deserunt","occaecat non nisi enim aliquip","tempor id voluptate aliqua"}', DEFAULT, DEFAULT), ('d90cf80e-490d-5c8c-85cc-9c761060fca5', 'cda3814f-c14d-5dcf-a835-797df84f6d99', 99, 'public', 'Defensive Turtle Tactics', '{"commodo irure tempor","consequat et"}', DEFAULT, DEFAULT), ('84a00f8f-8f65-512e-a89a-396ebb944774', '2da447ba-d0f6-5d62-becb-584cd208c558', 100, 'unlisted', 'Counter Pick Blueprint', '{"in ipsum sunt proident","exercitation mollit aliquip cupi"}', DEFAULT, DEFAULT), ('24530daa-18f4-5736-824e-740b98d86f84', '9b1fc781-1e4e-56d2-bd68-0dc257a319c0', 98, 'public', 'Objective Focused Strategy', '{"dolore enim exercitation pariatu","ullamco","et quis consectetur elit","do anim","incididunt ex","fugiat ad tempor","reprehenderit cupidatat","exercitation eu nisi enim"}', DEFAULT, DEFAULT), ('cef44dbb-01f1-53f9-a51f-bce20b8c9729', '2190cc4c-2cc5-5f9f-983d-55f70f31e468', 95, 'private', 'Gank Heavy Approach', '{"labore id in","qui mollit consequat non","reprehenderit sit","proident culpa consectetur","ex culpa"}', DEFAULT, DEFAULT), ('2f432e43-c578-5d3f-a9f6-658650551fe1', '01bb02e3-6d00-5b11-ba00-2f6b060dfb2e', 97, 'public', 'Vision Denial Blueprint', '{"velit ex aliqua ut ad","magna minim excepteur reprehende","incididunt fugiat"}', DEFAULT, DEFAULT), ('9e0ad23d-bafe-536b-a992-47ea353cf3b5', 'e4de1a09-bd9a-5e42-b92c-2cb1af28bec6', 99, 'unlisted', 'Gank Heavy Approach', '{"incididunt","duis est est","proident sit laborum"}', DEFAULT, DEFAULT), ('ba4f3542-9d48-574a-8df6-823d78106037', '9584676f-0635-591a-a937-d230d9a3abf3', 95, 'public', 'Defensive Turtle Tactics', '{"duis aute ut magna mollit"}', DEFAULT, DEFAULT), ('d5920fa6-848e-5195-b671-9577ccf74a26', '2190cc4c-2cc5-5f9f-983d-55f70f31e468', 97, 'public', 'Roaming Support Plan', '{"sint fugiat aute dolor","enim labore voluptate mollit"}', DEFAULT, DEFAULT), ('60e1ec45-4b3f-5cd2-b9e9-a6fd50c32391', 'e6e5bdc8-dbe5-545a-b616-a55a5f857d1f', 100, 'public', 'Vision Denial Blueprint', '{"sunt","veniam occaecat nostrud sunt","anim qui mollit non","fugiat cupidatat magna","reprehenderit voluptate","amet exercitation","fugiat minim laboris irure","excepteur nostrud ea qui","tempor quis qui sunt","amet elit"}', DEFAULT, DEFAULT), ('4152396c-eaf9-5aeb-9b7d-6c26ad4d722c', '01bb02e3-6d00-5b11-ba00-2f6b060dfb2e', 98, 'unlisted', 'Defensive Turtle Tactics', '{"in nulla aliqua veniam commodo","veniam voluptate consequat","ullamco velit eiusmod duis"}', DEFAULT, DEFAULT), ('82c66b9e-374b-5deb-960b-0b761f066806', '7f78fee3-dd27-5696-858f-318bd4cbf2a8', 96, 'public', 'Late Game Scaling Strategy', '{"cillum nisi"}', DEFAULT, DEFAULT), ('cb1a8444-be9e-581c-8a1e-9f0d5870d484', 'b5f933d0-c28e-517c-9fca-d9e38dc742a2', 91, 'public', 'Wave Management Plan', '{"consectetur consectetur aute com"}', DEFAULT, DEFAULT), ('b4086fbf-8b55-5b20-af96-270e53efd260', '98bf31df-37fd-5af6-86dd-8686cdc35eeb', 97, 'unlisted', 'Siege Tactics Handbook', '{"ea eiusmod sunt commodo"}', DEFAULT, DEFAULT), ('7dc2a385-02fd-5e9e-8ca3-480d310ce988', '47c1a5aa-1c4a-5781-9c8f-968a639137d7', 92, 'unlisted', 'Late Game Scaling Strategy', '{"consequat aliqua","consectetur cillum","culpa","fugiat amet ipsum dolor","officia amet et ullamco","pariatur est veniam","sit cillum ea"}', DEFAULT, DEFAULT), ('bd010a0a-cb39-59ee-8218-e7f775ac9a01', 'de459427-bb2c-5381-bdbf-7126efbb65c9', 98, 'private', 'Counter Pick Blueprint', '{"dolore proident ea officia","velit ea elit","nostrud exercitation officia","ut exercitation consectetur ipsu","excepteur do amet elit amet","qui sunt officia proident","eu amet","adipisicing amet"}', DEFAULT, DEFAULT), ('eb100a5e-fbbc-5189-b323-e08ca1ddf4b2', '63e38d08-3dd9-5569-ab28-f70e94b3cdb7', 97, 'public', 'Map Control Blueprint', '{"minim labore","enim qui consectetur","veniam voluptate dolor cupidatat","eiusmod adipisicing eiusmod sint","fugiat sit id adipisicing sint","sint","ad quis velit","eiusmod aliquip irure","sint excepteur dolore aliquip","voluptate exercitation"}', DEFAULT, DEFAULT), ('e43c6b3b-10fe-54f2-a09c-2f23976dbe42', '672ad514-6b43-58ed-b7aa-f70ed34485d9', 93, 'public', 'Counter Pick Blueprint', '{"id elit","veniam qui non amet culpa","consequat fugiat sit pariatur do","aliqua deserunt velit reprehende","dolore nisi","aute voluptate"}', DEFAULT, DEFAULT), ('145f2d17-d2b0-59ee-98c0-d8b6d6c741cd', '01bb02e3-6d00-5b11-ba00-2f6b060dfb2e', 95, 'unlisted', 'Wave Management Plan', '{}', DEFAULT, DEFAULT), ('27b7fc92-c399-5aec-bc43-ea4a7d41c984', '9e6824f3-dac2-540f-9e3d-8797171dab14', 97, 'unlisted', 'Gank Heavy Approach', '{"eu exercitation","veniam nisi","proident sunt","sit","consequat","elit eiusmod in labore"}', DEFAULT, DEFAULT), ('16e13bc2-bae9-5a1b-a23b-7f2503b73a03', 'b737f334-53a3-585e-98d7-69fce744e35e', 95, 'private', 'Baron Control Strategy', '{}', DEFAULT, DEFAULT), ('fb9a721d-7da1-577d-a721-ae00139d250b', 'd2268e40-fa6d-5300-9f01-b7cc8f9018e3', 99, 'unlisted', 'Aggressive Rush Strategy', '{}', DEFAULT, DEFAULT), ('8514b549-2321-5223-bcae-362fbfc61c61', '39da01f0-2195-5fc3-a74a-d12c26c902a3', 91, 'private', 'Split Push Blueprint', '{"dolor velit anim","do","ea dolore sunt aliquip esse","elit minim","esse"}', DEFAULT, DEFAULT), ('8d222d98-29f0-5123-b99d-cc9f19493b20', '21a7e579-98a3-5757-a0a8-913f2da95aba', 98, 'public', 'Aggressive Rush Strategy', '{"officia adipisicing excepteur co","elit voluptate","ea deserunt proident","laborum et aliquip","ipsum veniam amet in veniam","dolore cillum est","occaecat velit mollit nisi","ex ut"}', DEFAULT, DEFAULT), ('5ba895cd-4107-5c9d-a9cb-bd2d24899776', 'bdc52205-2f90-54a1-a699-3ba523b0d56a', 97, 'private', 'Vision Denial Blueprint', '{"nostrud exercitation do minim","dolore ullamco eiusmod","consectetur","sint","qui est","quis minim in"}', DEFAULT, DEFAULT), ('73b23aba-b5e2-5b24-b442-00922b22f275', 'e9decb87-4a50-5c41-896c-16fe0d21ebca', 94, 'private', 'Jungle Control Playbook', '{"consequat labore","dolor commodo","qui"}', DEFAULT, DEFAULT), ('0e1a0168-a26a-5feb-9c91-7bd40d62afcc', '28a1ca86-fc34-5d5b-bda6-792b581f58de', 97, 'private', 'Map Control Blueprint', '{"deserunt officia ad","sit officia","ullamco","amet nostrud","culpa cillum"}', DEFAULT, DEFAULT), ('9348bed0-a52a-59cd-98df-ed8ab48ba4f7', '9a2c5b91-3c65-50ae-8188-68db1f1edfc4', 96, 'private', 'Defensive Turtle Tactics', '{"ut reprehenderit dolor nulla","dolore sunt est reprehenderit al","non minim minim","veniam minim culpa cillum","cupidatat nisi elit","esse in","aliquip culpa","elit pariatur incididunt in sint","velit veniam nulla cillum","amet officia"}', DEFAULT, DEFAULT), ('1507f034-16ba-5219-b927-72f72394b9da', '9a52e2af-cb63-5ab2-95a7-ae32f01d6a1c', 100, 'unlisted', 'Wave Management Plan', '{"labore aute minim","reprehenderit magna commodo labo","Lorem"}', DEFAULT, DEFAULT), ('3d6517ba-6968-54c9-9934-5dca00f20f48', '71edf17f-e471-58c3-bbf8-8111bd6c7c8e', 98, 'private', 'Defensive Turtle Tactics', '{"amet ad","est anim","nostrud occaecat","nostrud","incididunt minim","amet elit proident","laboris Lorem eu","velit et"}', DEFAULT, DEFAULT), ('253eb1a7-6466-5751-bb80-ba728a9d5688', '6c52c1d9-13a4-51ef-ae51-1dacc4c14be9', 100, 'public', 'Split Push Blueprint', '{"minim pariatur","consequat aliquip incididunt","sit quis Lorem","minim cupidatat anim","ipsum aliqua nisi","ad irure et do","ipsum deserunt veniam tempor sin","irure commodo est velit exercita"}', DEFAULT, DEFAULT), ('84afba7a-f643-5519-b420-54d83f591e9d', '79144a06-0314-5d41-8df1-e53dfcb6f109', 95, 'unlisted', 'Roaming Support Plan', '{"laborum ad culpa nostrud","ad eiusmod laboris non","Lorem duis cupidatat mollit","amet irure elit duis","occaecat","veniam minim","est pariatur mollit dolor","do laborum cillum"}', DEFAULT, DEFAULT), ('59b35be9-9d21-5b79-8875-4954a08d7239', '8b474939-245b-5ed9-b06a-21432e2b9115', 95, 'public', 'Late Game Scaling Strategy', '{"nisi labore","laboris exercitation","tempor officia incididunt volupt"}', DEFAULT, DEFAULT), ('b3ff9604-63d2-533f-8bbb-d5f0486381ad', '63e38d08-3dd9-5569-ab28-f70e94b3cdb7', 95, 'unlisted', 'Rotation Strategy Document', '{"velit sint ut","incididunt cillum","cillum laborum","dolor est","dolore dolor dolore incididunt","aute eu","Lorem laborum ut eiusmod ea","nostrud non","nulla consectetur non in sit"}', DEFAULT, DEFAULT), ('bcc899da-7629-5e0e-b560-5f5f6e7060e1', '290e51c6-7ff6-5db4-8f40-69dda051b66c', 99, 'private', 'Counter Pick Blueprint', '{"esse voluptate veniam pariatur","nostrud adipisicing occaecat ut ","sit","ex sint ullamco","nostrud cupidatat ipsum in","cillum irure voluptate","magna labore","incididunt sint ipsum ad eiusmod","irure reprehenderit","enim voluptate do"}', DEFAULT, DEFAULT), ('96dbca51-d731-5e2c-a3d4-62e8f0faa072', '79efb743-bb54-546e-8bdf-089509399715', 95, 'unlisted', 'Map Control Blueprint', '{"consectetur non laborum"}', DEFAULT, DEFAULT), ('fc633e1f-14b8-590b-a0ba-c22147aaeeb4', 'e5b4727f-be5e-52c0-83cb-cb7ba230945f', 96, 'private', 'Secure Objective Playbook', '{"enim","pariatur sit","nulla ullamco","dolore incididunt","excepteur incididunt","ex deserunt consequat","nostrud commodo","ipsum nulla tempor aliqua tempor"}', DEFAULT, DEFAULT), ('49af1081-9f3e-5569-af2e-1029eb808baf', 'd905224a-1767-5e97-ad1a-f223ab64cd44', 94, 'public', 'Late Game Scaling Strategy', '{"in culpa consectetur sunt velit","do cillum","excepteur do nulla velit","sint proident","fugiat reprehenderit velit ea"}', DEFAULT, DEFAULT), ('28c7fcd5-dc0b-528f-92f0-3e19e7b94b50', '8b8c6b35-a8b5-5445-b616-82b510da1ef3', 99, 'public', 'Gank Heavy Approach', '{"dolor Lorem","eiusmod tempor","deserunt nisi labore veniam amet","enim","duis"}', DEFAULT, DEFAULT), ('38780d0a-620c-5420-b84b-aa917e5db8c1', '6a248992-e0a8-5c27-8d71-fd2cfd3a1fd6', 91, 'unlisted', 'Aggressive Rush Strategy', '{"occaecat aliquip sint","nulla est culpa","mollit id ut","irure adipisicing","duis dolore dolore ut","sit esse incididunt","reprehenderit ad voluptate adipi","in ut non reprehenderit","laborum veniam consequat do"}', DEFAULT, DEFAULT), ('535c1e86-4fb0-59ea-8076-b54244994b61', '1e7e0bcb-4fc0-5d72-81a5-d67a74a13595', 96, 'unlisted', 'Split Push Blueprint', '{"adipisicing aliqua","elit adipisicing culpa","est sit commodo cillum consequat","fugiat ex","ullamco minim anim"}', DEFAULT, DEFAULT), ('5e181f1c-b93c-59a3-a161-c4d4e29f775e', '9a2c5b91-3c65-50ae-8188-68db1f1edfc4', 94, 'unlisted', 'Secure Objective Playbook', '{"laboris","proident enim","incididunt reprehenderit ad","irure fugiat","sunt ex consectetur","sunt enim exercitation velit ull","nulla excepteur","pariatur reprehenderit fugiat","adipisicing incididunt excepteur"}', DEFAULT, DEFAULT), ('0cd34502-daee-52d8-b8a4-7aa032065e8a', '31ac52db-fa89-5177-b667-1cf6526a929a', 92, 'public', 'Objective Focused Strategy', '{}', DEFAULT, DEFAULT), ('6c9b6808-e737-5f8f-b196-93c0598b34b9', 'cd80d13e-478f-5058-8dfd-e20a76013cb5', 97, 'public', 'Roaming Support Plan', '{"quis eu sunt","veniam est occaecat","proident duis fugiat","consequat proident do dolore","anim in sit sint ad","mollit exercitation","aute nostrud ex exercitation"}', DEFAULT, DEFAULT), ('f498173a-b4a1-5b37-ad0b-67596b4fe0ac', '01bb02e3-6d00-5b11-ba00-2f6b060dfb2e', 98, 'unlisted', 'Siege Tactics Handbook', '{"adipisicing occaecat nostrud ea","ipsum dolor laborum velit consec","Lorem"}', DEFAULT, DEFAULT), ('b0d542cd-fe80-5cad-9bd6-a81d0ed1c2f4', 'f561c33d-0589-5163-a677-f2a1eb6b3322', 98, 'unlisted', 'Vision Control Blueprint', '{"adipisicing nulla","qui","officia esse adipisicing mollit","anim ullamco in","adipisicing cillum"}', DEFAULT, DEFAULT), ('cd506b7e-0f7c-526c-b650-bb799376c313', 'f561c33d-0589-5163-a677-f2a1eb6b3322', 92, 'unlisted', 'Gank Heavy Approach', '{"culpa Lorem sunt","eu esse","sint aliquip eiusmod do incididu","enim nisi","et sit ullamco est","cupidatat minim eu duis","deserunt cillum id tempor nulla"}', DEFAULT, DEFAULT), ('d625f518-4ec3-51e2-95c0-6cf965668d68', 'e20720a7-b660-50e0-8da5-8784fa26a31d', 98, 'public', 'Wave Management Plan', '{"nostrud esse amet"}', DEFAULT, DEFAULT), ('66b76653-1cc5-50ef-a109-c059c945f253', 'd00c085d-72d6-5114-a5fd-ba818539c2f7', 99, 'private', 'Team Fight Execution Plan', '{"consequat esse","ea id","consequat","amet minim duis","excepteur id aliquip veniam","aute enim","enim et laborum"}', DEFAULT, DEFAULT), ('a6dbcc80-e965-5682-9448-6a65a83787b3', '3a804324-748d-571a-afad-6b9c20a35337', 91, 'public', 'Roaming Support Plan', '{"nostrud","non laborum tempor quis veniam","culpa consequat"}', DEFAULT, DEFAULT), ('c4d9fc37-aa2c-5cf4-8cef-779723958882', 'a3141029-aec2-543b-b18a-49fe947e3304', 99, 'unlisted', 'Vision Control Blueprint', '{"eiusmod","sunt eiusmod Lorem est"}', DEFAULT, DEFAULT), ('cbdcc83c-77a1-5d75-ace8-183321930672', 'fe24988b-bca5-5bf5-be0f-c92da7b2cbe1', 93, 'private', 'Map Control Blueprint', '{"amet non sit tempor","cillum cillum nulla ipsum aliqua","nostrud laboris et","sit incididunt ipsum ex","ut culpa ex occaecat culpa","eu"}', DEFAULT, DEFAULT), ('46b593cf-05b9-5316-ba74-ef4cf062dcc9', '0a9347d2-3396-5e6a-98f1-b406ca195226', 95, 'unlisted', 'Vision Control Blueprint', '{"nisi in in"}', DEFAULT, DEFAULT), ('1770dbe6-c529-520b-a36c-454b023ccb2c', '47e5d6a1-6a7c-5068-97e6-b73d6f3b47c1', 96, 'public', 'Roaming Support Plan', '{"Lorem","dolor aliquip voluptate","officia et","proident consectetur do cillum","sit dolor dolore exercitation co","do aliquip quis proident velit"}', DEFAULT, DEFAULT), ('65973815-006c-531b-b69f-bd5d086f7786', '0a9347d2-3396-5e6a-98f1-b406ca195226', 98, 'unlisted', 'Wave Management Plan', '{"ut","exercitation deserunt sit labori","amet aute tempor"}', DEFAULT, DEFAULT), ('0cd413aa-1a82-5832-9edb-17fd5c059a41', 'a3141029-aec2-543b-b18a-49fe947e3304', 100, 'private', 'Vision Denial Blueprint', '{"sint mollit nostrud","duis","quis in occaecat"}', DEFAULT, DEFAULT), ('5153bc7b-cd04-5c5e-83e9-7b7a5a1390e6', 'b7a89d05-549f-565f-b631-b59097e91d1a', 94, 'public', 'Roaming Support Plan', '{"do consectetur sint","nisi","do ad consequat excepteur esse","exercitation enim consequat nost"}', DEFAULT, DEFAULT), ('bd276dfa-2ddb-52c7-9feb-6d2cc281335e', '8b474939-245b-5ed9-b06a-21432e2b9115', 92, 'private', 'Map Control Blueprint', '{"velit ipsum culpa consequat fugi","aliquip sunt nostrud","duis deserunt elit non voluptate","id dolor sit elit ipsum","laboris ad culpa enim","fugiat eiusmod magna adipisicing"}', DEFAULT, DEFAULT), ('12cafb5f-6adc-5f24-a738-9455dde3eb2a', '1e7e0bcb-4fc0-5d72-81a5-d67a74a13595', 92, 'public', 'Wave Management Plan', '{"elit eu","minim fugiat","id commodo","excepteur do ad","Lorem eu","Lorem ex"}', DEFAULT, DEFAULT), ('e017f166-fa51-5fb5-af86-6fc41cad9674', 'cda3814f-c14d-5dcf-a835-797df84f6d99', 92, 'private', 'Secure Objective Playbook', '{"sint exercitation commodo","commodo est","magna officia","elit est qui","incididunt in aliquip","consequat","veniam sunt irure nisi ut","enim do fugiat"}', DEFAULT, DEFAULT), ('544f27bb-a8e9-5b6b-8ec7-f1cfe91406e2', '24739a88-19c7-5534-a982-957c164117c4', 95, 'public', 'Wave Management Plan', '{"esse reprehenderit est","incididunt ex quis sit commodo","ullamco","cupidatat sint cillum officia ex","dolor","esse amet ex et consequat","magna duis et"}', DEFAULT, DEFAULT), ('a704d0a7-ee9e-5aa5-bba9-aff3556d41a2', '3c19e2d6-1e17-5580-adbc-319ee6c74e3c', 95, 'private', 'Wave Management Plan', '{"reprehenderit fugiat"}', DEFAULT, DEFAULT), ('a758f3b0-169f-56a9-80db-acb9f3972464', '096adf71-c74e-5b77-822b-46a8768797c5', 92, 'public', 'Defensive Turtle Tactics', '{"non aliquip","dolore voluptate dolor","ad nostrud","cillum eu incididunt ipsum incid","adipisicing aliqua irure","reprehenderit cupidatat","do nisi laboris"}', DEFAULT, DEFAULT), ('1ebb07c2-9cc9-56df-b9e3-71837bafdca1', 'e334db45-3389-5a47-b7c9-4ff8121637b5', 95, 'unlisted', 'Early Game Dominance Guide', '{"amet ipsum eu","consectetur nulla qui Lorem dolo"}', DEFAULT, DEFAULT), ('217c4ba5-3ca5-503f-8fcd-2cf91341f163', '19495f2f-99a6-5394-9596-a1d3fb0d3196', 99, 'public', 'Vision Control Blueprint', '{"incididunt dolor laboris"}', DEFAULT, DEFAULT), ('63c64b00-d130-5928-b403-258ebdb17248', 'eff6dde6-e4aa-5c61-9818-5d7ae0bf58b7', 99, 'private', 'Early Game Dominance Guide', '{}', DEFAULT, DEFAULT), ('0deb1a0e-8f26-576f-af23-e26ef824ea0b', '24739a88-19c7-5534-a982-957c164117c4', 100, 'unlisted', 'Split Push Blueprint', '{"id minim reprehenderit","mollit","ad veniam velit","occaecat laboris cillum nostrud","consectetur velit reprehenderit ","sit pariatur"}', DEFAULT, DEFAULT), ('924718ca-0525-5af0-b71a-2560f2cc09a0', 'ba4d6fef-111f-5ce5-883e-2b3880f373bf', 98, 'public', 'Map Control Blueprint', '{"reprehenderit adipisicing","aliquip ad anim voluptate","est tempor"}', DEFAULT, DEFAULT), ('877842c0-f0dc-575b-a7ad-30915aaaeebe', '5da40fc6-2f9c-5273-8dcd-1032d525128a', 92, 'private', 'Secure Objective Playbook', '{"duis laborum","in ad cupidatat in","eiusmod Lorem fugiat voluptate","ut do","ad dolore cupidatat","ad","ad pariatur ea occaecat"}', DEFAULT, DEFAULT), ('ebce0b2a-b558-5f18-bddc-2af385fe3118', '110efd29-2979-5c30-b41f-b3bf832f48cd', 95, 'unlisted', 'Baron Control Strategy', '{"cupidatat sunt fugiat occaecat","amet","tempor","in anim duis"}', DEFAULT, DEFAULT), ('67f00577-22b1-541a-b8eb-43f4241ec322', 'ad276812-3b86-5425-b36a-d822f2860912', 92, 'private', 'Objective Focused Strategy', '{"nisi qui cillum excepteur id","excepteur consectetur id officia","laborum amet","amet culpa qui laboris","quis qui labore","incididunt adipisicing sunt mini","dolore labore","cillum"}', DEFAULT, DEFAULT), ('5c1d9b7d-9f54-545c-ae19-f60dd5ff1d25', 'e20720a7-b660-50e0-8da5-8784fa26a31d', 93, 'unlisted', 'Aggressive Rush Strategy', '{"elit minim consequat","elit aliqua Lorem officia quis","sit quis dolore deserunt sit"}', DEFAULT, DEFAULT), ('339c2395-3fcf-5f3b-90ec-90611b01fa37', '5dd9c208-a224-5712-b987-eab6b9a89e23', 95, 'public', 'Early Game Dominance Guide', '{"enim tempor laboris","quis anim amet eiusmod"}', DEFAULT, DEFAULT), ('3e26da35-99ab-5fee-95a6-ca3120af490b', '8926b9fd-34b2-5421-a25c-9cd89c12cad0', 99, 'unlisted', 'Vision Control Blueprint', '{"magna labore velit enim","do in irure","do magna id","officia minim","esse consectetur incididunt","adipisicing sint consequat","labore amet","magna et amet","anim do quis magna","et ullamco deserunt"}', DEFAULT, DEFAULT), ('540a4921-798c-58f1-8dda-fbb9b912bb43', '1e0af0c0-30ba-5a06-9647-a83cef3d815d', 100, 'unlisted', 'Vision Denial Blueprint', '{"nostrud est adipisicing ipsum la","nisi id","non","consequat consequat","nostrud in","culpa ex","elit irure esse","cillum aliquip eu esse","est aute"}', DEFAULT, DEFAULT), ('81b847bf-bc05-538e-bdc5-721f48634b78', 'c7198a1e-f50c-5635-a5bf-2073d4da7bc6', 92, 'unlisted', 'Gank Heavy Approach', '{"qui veniam nostrud eu commodo","nostrud qui","velit in esse","et","incididunt deserunt irure","dolore occaecat veniam"}', DEFAULT, DEFAULT), ('2c9d2493-4412-5eae-aa39-69858c4bfd99', '45173bfe-a11f-574a-ac25-21cda1308ec9', 98, 'private', 'Gank Heavy Approach', '{"ea eiusmod","aliquip anim occaecat enim","commodo ad magna id enim","nostrud enim laboris officia fug","duis sint enim nostrud","incididunt officia Lorem do do","fugiat et excepteur"}', DEFAULT, DEFAULT), ('51ef9256-0eab-579a-868b-52c27ddf10e9', 'e2b744a0-a170-5a87-828d-34cc6f64ca05', 94, 'unlisted', 'Early Game Dominance Guide', '{"aliqua excepteur","excepteur cillum ex consectetur ","deserunt velit deserunt nulla","et","anim","non et enim cillum magna","adipisicing culpa","dolor tempor"}', DEFAULT, DEFAULT), ('d6ceb82b-4af2-5d8a-96c1-8d6a9db93a31', '70e095a9-713d-5fe2-a06a-8145febdb917', 92, 'public', 'Aggressive Rush Strategy', '{"consequat occaecat","sint enim ex magna","magna","esse","magna laborum","officia veniam proident pariatur","sint","quis reprehenderit Lorem","ex elit officia"}', DEFAULT, DEFAULT), ('01ae0a36-6172-5c0a-baff-6c1805e0976a', 'e2b744a0-a170-5a87-828d-34cc6f64ca05', 99, 'public', 'Wave Management Plan', '{"culpa esse amet excepteur","commodo ad aliqua dolore","nostrud voluptate duis ad"}', DEFAULT, DEFAULT), ('df70af8b-9578-5bd7-9fd6-02ad92eaedca', 'fe24988b-bca5-5bf5-be0f-c92da7b2cbe1', 99, 'unlisted', 'Gank Heavy Approach', '{"sit nulla ea Lorem","enim","occaecat deserunt deserunt offic","non laboris nostrud exercitation","ex culpa in magna","ea culpa aliquip aute","amet elit sint reprehenderit","dolor","ullamco ut"}', DEFAULT, DEFAULT), ('82fca927-01aa-5c29-8d7a-7a868f9ba6ea', '0a9347d2-3396-5e6a-98f1-b406ca195226', 95, 'public', 'Rotation Strategy Document', '{"est enim exercitation elit","proident cillum nostrud officia","irure tempor velit aliquip","magna","consectetur ullamco veniam ut la","ut amet cillum enim","adipisicing dolore amet","exercitation incididunt non","minim aute reprehenderit in","labore non quis laboris dolor"}', DEFAULT, DEFAULT), ('4e5550d4-d39a-56c3-8f19-971fdeeb787e', '01bb02e3-6d00-5b11-ba00-2f6b060dfb2e', 94, 'unlisted', 'Vision Denial Blueprint', '{"enim adipisicing","minim non","esse qui amet","proident laboris","occaecat cillum nisi deserunt mo","consequat cillum mollit quis","excepteur sint Lorem ea"}', DEFAULT, DEFAULT), ('83ec5ac5-8c23-5e38-8151-36af62098fff', '98bf31df-37fd-5af6-86dd-8686cdc35eeb', 91, 'private', 'Siege Tactics Handbook', '{"deserunt consequat proident volu","veniam id","pariatur"}', DEFAULT, DEFAULT), ('d1996167-52fb-5e4a-b849-75efada773e6', 'd0fa96c4-2bfe-5959-9fd4-b17ec4964e6d', 93, 'unlisted', 'Defensive Turtle Tactics', '{"veniam proident elit anim","in culpa dolore","adipisicing minim ea mollit elit","nisi ad mollit","veniam aute in labore sint","nostrud amet","sunt dolor","deserunt veniam cillum","deserunt voluptate voluptate"}', DEFAULT, DEFAULT), ('1818e464-6a87-5266-8677-c069741c3ab2', '92275f25-82bb-5155-9ec4-713c75fa7c14', 97, 'unlisted', 'Vision Control Blueprint', '{"cupidatat voluptate nulla sunt","eiusmod occaecat","dolore occaecat magna","nulla ea","laboris culpa","qui mollit consequat"}', DEFAULT, DEFAULT), ('13ebb239-29e1-53ff-93b0-d55e3db05a11', 'cd1520c4-af17-5e1e-b5b0-a9e95f36a7c4', 91, 'unlisted', 'Baron Control Strategy', '{"commodo","quis culpa","proident"}', DEFAULT, DEFAULT), ('a0a63713-f2dd-56aa-98a3-f6a26bcae5b9', '3204ce32-7c5b-5953-969e-fe1d17de6e76', 100, 'unlisted', 'Jungle Control Playbook', '{"eiusmod","tempor quis labore","cillum ut"}', DEFAULT, DEFAULT), ('4029bbad-86a6-5e60-a150-da0664c62b92', '4da5a34b-d621-539d-93ed-4bd842601284', 92, 'private', 'Team Fight Execution Plan', '{"qui culpa","sint","laborum qui","sit commodo labore non magna","culpa esse","laboris non"}', DEFAULT, DEFAULT), ('6636a6a8-3a2d-5862-bb24-3e77bffdb640', '17ec9179-4e96-5f11-9df0-6e4c2363b3ee', 98, 'private', 'Wave Management Plan', '{"amet quis","ullamco cillum irure"}', DEFAULT, DEFAULT), ('4ba85443-f89e-5d68-8d4a-da572969b0dd', 'b134c4e5-3e41-53b3-bf3f-7f4cf023e9d7', 99, 'public', 'Split Push Blueprint', '{"labore ex quis Lorem non","cillum id fugiat officia","irure nostrud officia","quis","nulla consequat excepteur aute"}', DEFAULT, DEFAULT), ('55fbf0ae-1fd2-57d5-9884-2ceca8eef8f3', '1d3f740a-8c60-5c1d-aa9e-3854a33c8e1d', 93, 'unlisted', 'Team Fight Execution Plan', '{"culpa dolore","in quis dolor nisi"}', DEFAULT, DEFAULT), ('c91a5204-a47c-5f58-8042-f917f2facb4b', '2764351d-73bf-5124-a613-660cd57f91dd', 99, 'public', 'Late Game Scaling Strategy', '{"est dolore cillum","sunt ut esse sit","cupidatat enim nisi laboris","ut voluptate mollit","eiusmod cupidatat do quis","ipsum amet velit","nostrud velit culpa ut","cupidatat deserunt"}', DEFAULT, DEFAULT), ('fdca53a8-e101-5585-90b8-82f7d3c1fc24', '7f78fee3-dd27-5696-858f-318bd4cbf2a8', 99, 'public', 'Jungle Control Playbook', '{"qui culpa in quis","commodo","veniam non commodo","veniam fugiat","ullamco"}', DEFAULT, DEFAULT), ('a76c18ad-af72-57b7-b165-f7757943d51e', '94170f3d-888c-58bc-bc18-13592bfb52c5', 99, 'unlisted', 'Jungle Control Playbook', '{"incididunt aute proident sunt"}', DEFAULT, DEFAULT), ('bf7ffe87-c4e2-5aa1-86f7-2fdfa8315ff6', 'b5f933d0-c28e-517c-9fca-d9e38dc742a2', 94, 'unlisted', 'Gank Heavy Approach', '{"occaecat","et laborum culpa","mollit eu","qui","veniam ullamco ex"}', DEFAULT, DEFAULT), ('764f06ba-b246-5c62-8e43-89fe991c749d', 'b737f334-53a3-585e-98d7-69fce744e35e', 95, 'public', 'Secure Objective Playbook', '{"dolore excepteur dolor occaecat","non do laboris sint tempor","commodo ipsum","sunt non dolor","elit culpa magna et ex","do adipisicing cupidatat anim","reprehenderit culpa irure ea","nulla minim velit amet","sunt nostrud"}', DEFAULT, DEFAULT), ('229d48f9-9e17-5f91-bd2c-3f3cdbae28c1', '91434b27-2651-5429-8f42-45c3f8e334a0', 98, 'public', 'Counter Pick Blueprint', '{"nisi esse","laborum et","culpa irure aliqua culpa","qui do sit","sint commodo ad consectetur","in","dolore"}', DEFAULT, DEFAULT), ('505fdba9-c563-5897-bd99-f3fd7e6efb10', '644bfc5c-cf27-5d76-8355-4e4c8d73061f', 93, 'private', 'Map Control Blueprint', '{"velit veniam","ad et elit enim","consectetur tempor incididunt es","eiusmod","ipsum excepteur","qui qui adipisicing"}', DEFAULT, DEFAULT), ('ad47e58b-6404-5eb4-b01c-1ab02b3af226', '7bf99080-cdc6-5456-b6d5-417e28b4eba5', 99, 'private', 'Gank Heavy Approach', '{"qui do occaecat sint duis","duis ad aliqua adipisicing ut","occaecat Lorem velit id","anim anim ex"}', DEFAULT, DEFAULT), ('4ae4f149-a1da-5a76-913f-5ea02c87f4e0', '2589cf16-4103-5a4f-b544-b30078083eaa', 93, 'unlisted', 'Counter Pick Blueprint', '{"cillum Lorem consequat"}', DEFAULT, DEFAULT), ('a85217e5-f8d6-5dd0-996b-8464fa1021ff', '472a7075-ea0f-5e44-b5c9-6ef12ccd3736', 99, 'public', 'Counter Pick Blueprint', '{"in fugiat","ipsum sunt aliquip non velit"}', DEFAULT, DEFAULT), ('b21411a7-0afc-5cf3-81fc-471ab95f5d8d', '5f3671df-cc06-5a3d-87a6-e1e42e095fa3', 98, 'unlisted', 'Vision Denial Blueprint', '{"excepteur fugiat ipsum consectet","mollit sint in","in et","minim minim aliquip labore nisi","ex","ut commodo elit incididunt","ea","cupidatat dolore"}', DEFAULT, DEFAULT), ('d37fd98f-746a-582e-a0fc-de28d96e48c5', '5783cab4-e010-523b-b893-81b388f43d06', 91, 'public', 'Siege Tactics Handbook', '{"et fugiat velit ullamco","in fugiat qui","labore deserunt","dolor in","nulla elit mollit deserunt id","pariatur","deserunt excepteur","adipisicing occaecat","labore laborum ad quis"}', DEFAULT, DEFAULT), ('2dc53ff7-923f-50df-a732-82b60afbba2f', '672ad514-6b43-58ed-b7aa-f70ed34485d9', 98, 'unlisted', 'Roaming Support Plan', '{"qui deserunt ad tempor","irure anim id","laboris proident laborum incidid","ea officia officia","esse sint velit","est sit ad id","duis laboris"}', DEFAULT, DEFAULT), ('f9690101-a16f-5108-b391-78c9dba8aeee', '91fa3874-9437-5dfa-a49a-f19fb38d9e92', 96, 'unlisted', 'Late Game Scaling Strategy', '{"sit sunt esse","Lorem do dolor laboris"}', DEFAULT, DEFAULT), ('7441a375-e1c1-5111-b299-b73d6da10ca2', '0a9347d2-3396-5e6a-98f1-b406ca195226', 92, 'unlisted', 'Vision Denial Blueprint', '{"esse","eu qui","ea nulla","magna","duis cupidatat ut quis"}', DEFAULT, DEFAULT), ('ca1d2bcf-5a98-5759-81b6-75e3ed47122a', 'cfbfd1d4-e77f-57e5-94da-e9ff2cc7a996', 92, 'private', 'Objective Focused Strategy', '{"elit labore esse cillum","reprehenderit in","cillum dolor","deserunt labore","Lorem ad cupidatat"}', DEFAULT, DEFAULT), ('77b1dab4-a856-5c18-bb24-053f8869bc5b', '70b4d1da-5ee3-5bd6-aecb-9af8ab670b84', 94, 'private', 'Rotation Strategy Document', '{"irure incididunt voluptate","veniam velit non nostrud","ad duis incididunt sit","sit id","est","amet aliqua","aute consectetur","incididunt commodo incididunt am"}', DEFAULT, DEFAULT), ('08b3c695-d6fb-54e4-9ef2-bf508a57adc1', 'cd80d13e-478f-5058-8dfd-e20a76013cb5', 96, 'public', 'Aggressive Rush Strategy', '{"adipisicing laboris"}', DEFAULT, DEFAULT), ('7dc16d02-274a-5e7f-bc31-6af29982313f', '2d1d7734-be70-5d07-a538-e76c6cae722e', 97, 'private', 'Late Game Scaling Strategy', '{"sit irure elit","laboris","esse nisi deserunt","cupidatat pariatur veniam sit","sint et ea","minim minim aliquip","laborum","veniam quis culpa elit","tempor ea irure"}', DEFAULT, DEFAULT), ('acad405c-f8e9-559b-bd11-e0ffc3bebca6', '1bf9a820-bb8f-59cd-8902-84a62a1aa29f', 91, 'unlisted', 'Siege Tactics Handbook', '{"minim sunt consectetur nostrud"}', DEFAULT, DEFAULT), ('16d95573-87cd-5d45-be45-e8a020ba40ac', 'eff6dde6-e4aa-5c61-9818-5d7ae0bf58b7', 91, 'private', 'Counter Pick Blueprint', '{"cillum ipsum sunt","voluptate"}', DEFAULT, DEFAULT), ('5a993b43-eca0-563f-b6c9-fdd440759e85', '2c5573d9-9522-50a1-b9d9-3ef48e8629b4', 95, 'unlisted', 'Team Fight Execution Plan', '{"quis","velit","qui exercitation commodo","et irure"}', DEFAULT, DEFAULT), ('f7bfc2c8-d52a-5806-97fd-77bd67d93b23', '88501f36-608d-5074-ab3f-752cd478292f', 93, 'unlisted', 'Counter Pick Blueprint', '{"laboris enim","dolore do enim"}', DEFAULT, DEFAULT), ('748d5a8c-f2bf-5974-9c72-24f98b85813b', '24739a88-19c7-5534-a982-957c164117c4', 92, 'private', 'Defensive Turtle Tactics', '{"ex excepteur","elit ex","et nisi","eu consectetur","culpa elit","deserunt exercitation minim moll","aute aliqua eu","sit est reprehenderit adipisicin","excepteur ut nulla"}', DEFAULT, DEFAULT), ('808d9117-ba04-5cb0-8827-639e2642b0ee', 'f6a7cc82-a609-50ee-a839-9fa8b1a9631d', 98, 'public', 'Team Fight Execution Plan', '{"cupidatat reprehenderit ex elit","laboris","voluptate laborum excepteur","exercitation ut excepteur do"}', DEFAULT, DEFAULT), ('e0185351-5b08-58b2-bd3e-c09965750112', 'b5605791-3389-56c2-9ec6-17d538b9bb85', 99, 'public', 'Roaming Support Plan', '{}', DEFAULT, DEFAULT), ('993f7ab3-9b54-5771-a99e-0c6d75a1f37d', '9b1fc781-1e4e-56d2-bd68-0dc257a319c0', 94, 'unlisted', 'Late Game Scaling Strategy', '{"ea elit aliquip dolor","in do elit","ex eiusmod dolore Lorem","velit laborum sit","officia in mollit","excepteur pariatur aliquip ex qu"}', DEFAULT, DEFAULT), ('bdb5114a-76d3-5fe4-944c-043e7ebd99da', '8b8c6b35-a8b5-5445-b616-82b510da1ef3', 98, 'public', 'Baron Control Strategy', '{"elit nisi ipsum","magna dolor irure","fugiat fugiat incididunt","laboris occaecat nisi","consectetur dolor fugiat nostrud"}', DEFAULT, DEFAULT), ('aa4964a1-4611-5528-9df9-ef170866214f', '472a7075-ea0f-5e44-b5c9-6ef12ccd3736', 93, 'unlisted', 'Baron Control Strategy', '{"officia in commodo Lorem","et eu pariatur reprehenderit","pariatur laborum nostrud","fugiat incididunt consectetur es","in id","et non exercitation","minim proident ea","consectetur do deserunt","consequat incididunt irure","aliquip"}', DEFAULT, DEFAULT), ('ec14513a-7d3c-5172-b68b-d531791ec9de', '2dbccffd-e7a5-5653-9dc6-18e988716abe', 97, 'private', 'Aggressive Rush Strategy', '{"voluptate","ut ad esse","ad commodo id enim","proident","quis sit voluptate est","est Lorem","adipisicing est","nisi minim aute ad","do","pariatur esse amet excepteur"}', DEFAULT, DEFAULT), ('a0f81f50-aa3d-5780-b485-a54fb7b7833a', 'd073b0b8-955f-5aab-9c76-3aebe9fa08b6', 100, 'private', 'Team Fight Execution Plan', '{"voluptate ea reprehenderit dolor","nulla veniam ea ullamco","tempor sit qui mollit","veniam laboris","eu","elit reprehenderit dolor","ut officia"}', DEFAULT, DEFAULT), ('aabd5608-e04b-5bd8-8d75-d004a1b17409', 'd1dc8a74-c651-5dbd-b484-1cd2c51db9b9', 100, 'unlisted', 'Objective Focused Strategy', '{"commodo","dolor nostrud dolor Lorem","cillum enim sit voluptate enim","ad id nulla","consequat veniam","veniam incididunt magna laborum","proident et ipsum","cupidatat dolor ad eiusmod velit","ad dolor ipsum","qui Lorem eu cillum deserunt"}', DEFAULT, DEFAULT), ('7bcc2b79-de31-5963-9cfd-559af77da3be', 'eb9fdff9-6822-52d9-b12a-a9a69b69cbe5', 98, 'unlisted', 'Wave Management Plan', '{"cupidatat aute","anim ad proident","velit et","laborum laborum sint","do ullamco et","proident proident culpa","mollit fugiat voluptate eiusmod","deserunt ut enim enim aliquip","minim","adipisicing consectetur et"}', DEFAULT, DEFAULT), ('b4293a01-a1be-5e58-a088-abc550c9f820', '47c1a5aa-1c4a-5781-9c8f-968a639137d7', 94, 'private', 'Early Game Dominance Guide', '{}', DEFAULT, DEFAULT), ('a97e2960-b385-5f99-88c2-9e562f32234e', 'b576de0c-954e-5345-a9e7-0d691c52341a', 97, 'public', 'Team Fight Execution Plan', '{"incididunt incididunt dolor","in esse","eiusmod cupidatat non id","nostrud aliquip cupidatat occaec"}', DEFAULT, DEFAULT), ('db39a462-f36a-54ba-b38e-2fcf35273cba', '1716ac71-f35f-52a7-acdc-316247462f37', 93, 'private', 'Counter Pick Blueprint', '{"aute","commodo fugiat","proident sunt proident","magna","commodo laborum elit aliqua","esse aliqua","cupidatat dolore nisi","excepteur"}', DEFAULT, DEFAULT), ('35dc016a-9edc-565d-923e-9bee9a60bd24', '2c5573d9-9522-50a1-b9d9-3ef48e8629b4', 94, 'public', 'Siege Tactics Handbook', '{"excepteur commodo","dolore ea consequat"}', DEFAULT, DEFAULT), ('61e4dc6c-b183-5c81-91cb-8dc622fd6913', '897e7fb9-bd9c-59e3-afc7-d1c31ec7ef34', 92, 'unlisted', 'Siege Tactics Handbook', '{"labore ea esse","ipsum aute non non quis","incididunt eiusmod in occaecat c","exercitation","velit ea eu mollit","eu eiusmod nostrud reprehenderit"}', DEFAULT, DEFAULT), ('b5df5eae-45e8-5f54-a8f9-351afabf5f65', '3b3a2ed4-3283-5a09-84d9-c7de876d5510', 99, 'unlisted', 'Rotation Strategy Document', '{"velit non consequat","laborum occaecat","velit nostrud duis sunt","magna","proident aute","est labore elit","exercitation esse reprehenderit "}', DEFAULT, DEFAULT), ('18aa22db-700e-5a8a-892c-5bf7b7da1bbf', 'b737f334-53a3-585e-98d7-69fce744e35e', 92, 'public', 'Aggressive Rush Strategy', '{"veniam sint commodo sint","ut sit","elit veniam aliqua nulla","labore cupidatat est reprehender","nostrud ad proident","sit irure eiusmod","culpa pariatur laborum minim cup","in duis esse proident"}', DEFAULT, DEFAULT), ('7c9a7a2f-bf97-5fb7-9ff3-bb3e363fce60', 'd35ecca3-ac35-5e28-8e7e-6a25de908d18', 92, 'unlisted', 'Gank Heavy Approach', '{"amet consectetur","consequat commodo minim excepteu","esse labore dolore"}', DEFAULT, DEFAULT), ('93216013-7bd8-59b1-a3f0-b1087d4d7f00', 'a8212e1b-5577-5c28-9c38-2d4fbd753550', 97, 'public', 'Secure Objective Playbook', '{"fugiat esse","duis laboris","culpa Lorem consectetur consecte"}', DEFAULT, DEFAULT), ('3e057cf2-df3a-50e5-82fa-e2dcf87ebd5a', 'eff6dde6-e4aa-5c61-9818-5d7ae0bf58b7', 93, 'public', 'Secure Objective Playbook', '{"sunt velit"}', DEFAULT, DEFAULT), ('e3f5f266-44d3-5096-b897-56678a5f974b', '844afdcc-93cf-55c8-b0f1-1cc22329a30b', 100, 'private', 'Vision Denial Blueprint', '{"veniam aliqua duis veniam","voluptate dolore","et ad sint","minim aliquip culpa","eu et eiusmod","anim"}', DEFAULT, DEFAULT), ('ffbcf0c1-44bb-549f-ba50-18e1e874a611', '4da5a34b-d621-539d-93ed-4bd842601284', 93, 'private', 'Counter Pick Blueprint', '{"laboris deserunt excepteur ullam","esse non","elit enim dolore occaecat dolor","ipsum fugiat cupidatat aliqua","labore","proident in","eu nisi minim amet fugiat","ipsum magna"}', DEFAULT, DEFAULT), ('c4f414cf-451e-5497-88db-62020e3a0dc5', '9af6e0ef-7015-5390-856a-705032c2e40e', 92, 'private', 'Baron Control Strategy', '{"commodo sunt ex duis","elit laboris qui sunt","voluptate ullamco aliquip","duis est","id nostrud","duis fugiat","voluptate ea cillum eiusmod","sit"}', DEFAULT, DEFAULT), ('a109823a-0d02-5064-b8ef-3186d6d08cb0', '47c1a5aa-1c4a-5781-9c8f-968a639137d7', 91, 'private', 'Aggressive Rush Strategy', '{"labore et incididunt ullamco","ex irure","aliquip officia voluptate conseq","consequat","laboris duis magna eu"}', DEFAULT, DEFAULT), ('3e4b1eac-b214-5aaa-a7f0-29af8a5b2ce9', '2386fe50-4da3-5ca3-b993-046dc48afb23', 91, 'public', 'Rotation Strategy Document', '{"consectetur esse et","veniam veniam adipisicing sint i","cillum","ut pariatur voluptate exercitati","excepteur nostrud exercitation"}', DEFAULT, DEFAULT), ('72819b1c-0a2a-5e86-b5bc-5741c2854f96', '672ad514-6b43-58ed-b7aa-f70ed34485d9', 92, 'private', 'Split Push Blueprint', '{"in eu cillum","minim aute","et","laboris qui aliqua","anim","sunt","aute nostrud","adipisicing occaecat aliqua irur","eiusmod","officia"}', DEFAULT, DEFAULT), ('b5d7b26a-56f4-59fc-853e-1a1306ab6e95', '6a248992-e0a8-5c27-8d71-fd2cfd3a1fd6', 93, 'public', 'Objective Focused Strategy', '{"nisi sunt Lorem","amet minim eu consectetur laboru","ut magna culpa incididunt","culpa nulla aliquip et","eu ad mollit tempor","aliquip eu"}', DEFAULT, DEFAULT), ('29365629-31e8-5e53-b1ae-ffdad1c2009e', '438bff0e-fd50-5c86-89ee-d397a0c0e548', 94, 'unlisted', 'Jungle Control Playbook', '{"commodo in","eiusmod aliquip minim","in minim","tempor aute laboris","consequat nulla est deserunt","occaecat aliquip laboris ad irur","elit aliquip","sit magna occaecat exercitation","do labore"}', DEFAULT, DEFAULT), ('ef9b1028-31e2-59d9-a64e-2a4d1686e96e', 'a6ea6199-2a1a-56d4-b12a-1bf7d32d154c', 100, 'unlisted', 'Objective Focused Strategy', '{"aliquip irure","esse non et","pariatur ipsum","occaecat deserunt officia dolore","reprehenderit","do dolore consequat anim","et officia est","ad"}', DEFAULT, DEFAULT), ('51f9c2fa-a6a8-5d1e-9ef8-efb89c34ee1c', '6451b879-16d7-5644-b6b9-87dd18b3facf', 99, 'private', 'Split Push Blueprint', '{"sit ut commodo","veniam ad duis","irure nulla ullamco","proident amet"}', DEFAULT, DEFAULT), ('930338c0-ea8e-56fc-b2df-a68255a6182c', '8b8c6b35-a8b5-5445-b616-82b510da1ef3', 97, 'private', 'Aggressive Rush Strategy', '{"elit ut mollit"}', DEFAULT, DEFAULT), ('14f0b4c0-9d33-5d68-85ae-cc3d31b6b19e', '5dd9c208-a224-5712-b987-eab6b9a89e23', 96, 'public', 'Jungle Control Playbook', '{"ad voluptate dolor culpa","anim nulla consequat aliqua","nisi eu dolor","reprehenderit ex dolor","non","fugiat adipisicing occaecat sint","qui id dolore tempor","nisi occaecat enim exercitation","esse"}', DEFAULT, DEFAULT), ('7c51f66f-cf81-571f-a65c-f571f1f39cc9', 'fbbb9719-f3d1-5ce2-b584-4b70bf5bb135', 100, 'private', 'Roaming Support Plan', '{}', DEFAULT, DEFAULT), ('764b9b2a-d477-5bff-a789-cba064ac71f8', '452112d1-c377-57c1-bac3-4121d3e3bdcc', 94, 'public', 'Vision Control Blueprint', '{"consectetur","anim ipsum irure velit","adipisicing nulla amet","est anim aliquip labore","exercitation mollit officia moll","dolor reprehenderit ipsum sunt v"}', DEFAULT, DEFAULT), ('1125d49b-2ad6-5500-bd14-7e0649f5dd73', '5dd9c208-a224-5712-b987-eab6b9a89e23', 92, 'unlisted', 'Team Fight Execution Plan', '{"ex est ad sunt","amet fugiat velit consectetur","nulla occaecat laboris","anim proident enim"}', DEFAULT, DEFAULT), ('de1d5557-45c4-5747-8c2d-f8c09704db25', 'dc58dd7b-bb54-5abe-8208-becc5e0561ad', 93, 'private', 'Baron Control Strategy', '{"eu","quis officia minim esse","Lorem commodo","velit sint occaecat esse","deserunt eiusmod tempor adipisic"}', DEFAULT, DEFAULT), ('dc2759a8-51ca-575d-9678-0ac64e900648', '63e38d08-3dd9-5569-ab28-f70e94b3cdb7', 100, 'private', 'Late Game Scaling Strategy', '{"quis anim excepteur","nostrud aliquip mollit velit","adipisicing mollit","laboris mollit","ea consectetur reprehenderit par","consequat dolor elit dolor","sunt veniam esse ipsum"}', DEFAULT, DEFAULT), ('8c0ef303-3ae4-5fe5-b0be-ef1788ae8707', 'f561c33d-0589-5163-a677-f2a1eb6b3322', 92, 'public', 'Vision Control Blueprint', '{"ad ex amet","veniam","sint cupidatat pariatur esse","ullamco","nisi duis ipsum","consequat ex","mollit excepteur proident quis"}', DEFAULT, DEFAULT), ('ddd094e1-b8f4-560e-b960-af5227a9b337', '404e076e-a943-52e4-a2ce-10591a9caa1f', 94, 'unlisted', 'Map Control Blueprint', '{}', DEFAULT, DEFAULT), ('4bd93d1d-9da0-508d-a30a-5cd1fe2e858d', '203ac13e-e5b1-548e-a7da-5d8cff932053', 92, 'public', 'Baron Control Strategy', '{"laboris est","reprehenderit sint dolore","aute ullamco laborum commodo dol","sunt laborum magna exercitation","ipsum magna amet tempor est","sint nulla aliquip","fugiat dolore","duis enim"}', DEFAULT, DEFAULT), ('2d25022b-866c-584e-895d-11b8a727c08f', '405dd580-b1c8-5c0e-9df0-d82b7f57175d', 98, 'public', 'Jungle Control Playbook', '{"dolor incididunt","laborum","duis minim"}', DEFAULT, DEFAULT), ('8d4a5d0e-3ef8-5e54-ac1b-6a14acb1ad0e', '672ad514-6b43-58ed-b7aa-f70ed34485d9', 99, 'private', 'Team Fight Execution Plan', '{"do enim labore qui","sint consectetur magna ut","duis ipsum aute tempor","laboris duis laboris commodo","tempor sit","esse aliquip sint","aliqua nulla"}', DEFAULT, DEFAULT), ('6b889196-1556-5eef-89c0-e7506a0ca45b', '65d8ad86-6271-552b-8704-fabcdcf18cdb', 91, 'public', 'Baron Control Strategy', '{"velit enim est","Lorem in reprehenderit","enim ipsum","reprehenderit culpa","nisi dolor reprehenderit","aliqua commodo id"}', DEFAULT, DEFAULT), ('e6b5025c-d432-567c-bc94-e80f642225ff', '71edf17f-e471-58c3-bbf8-8111bd6c7c8e', 97, 'public', 'Aggressive Rush Strategy', '{"irure aliqua enim exercitation","aute consequat","voluptate consectetur","tempor commodo incididunt","pariatur cillum","culpa pariatur anim","cillum reprehenderit sunt sint"}', DEFAULT, DEFAULT), ('4d0eaa15-67e7-50e5-bd92-8596a8c41516', '756cbb59-27d6-58f3-b4b9-8b56121e683f', 99, 'public', 'Jungle Control Playbook', '{"dolore proident do do proident","quis duis do culpa","eiusmod veniam occaecat","labore nisi officia","elit dolore exercitation"}', DEFAULT, DEFAULT), ('c2405ac9-0838-5ce8-a85b-e6db0fbe6c10', 'eda91f04-12ef-5904-88aa-e6ed9a692e03', 97, 'unlisted', 'Early Game Dominance Guide', '{"non aute officia","laborum ex eu nostrud","minim ad voluptate","irure irure","aliquip sunt deserunt nisi","labore nulla eiusmod","eiusmod occaecat incididunt"}', DEFAULT, DEFAULT), ('c8df1446-9b17-5687-8ff4-001003cfca37', '2da4149c-bf3e-5f98-b904-591c69530871', 100, 'private', 'Jungle Control Playbook', '{"officia sint nostrud nulla","labore aliquip sit officia","est in exercitation pariatur","aliqua esse aute dolore","est"}', DEFAULT, DEFAULT), ('f706294d-163e-5aef-a517-eae489067781', 'cbe3cf1c-d730-5d2f-b890-2de0f1a164e6', 92, 'public', 'Counter Pick Blueprint', '{"officia occaecat aliquip exercit","veniam nulla minim et","excepteur cillum","et aute"}', DEFAULT, DEFAULT), ('bee3d023-7908-5b1b-a6e7-320078c804bf', '47e5d6a1-6a7c-5068-97e6-b73d6f3b47c1', 91, 'private', 'Roaming Support Plan', '{"dolore laborum est dolor non","aute non"}', DEFAULT, DEFAULT), ('d607d7db-ee7a-57fa-b0f1-08a24201e561', '39da01f0-2195-5fc3-a74a-d12c26c902a3', 96, 'unlisted', 'Objective Focused Strategy', '{"minim duis consequat et","in","incididunt","culpa incididunt","nostrud cupidatat incididunt exc","excepteur dolore"}', DEFAULT, DEFAULT), ('6db5eb76-a4d8-59b2-8682-ac0a5dca423f', 'ad1bbcac-cdbb-551f-b25a-b14b40074515', 95, 'public', 'Objective Focused Strategy', '{"in quis","sunt deserunt","fugiat et culpa dolore","elit","deserunt aute","ex sint deserunt ut"}', DEFAULT, DEFAULT), ('f0859c52-737d-58da-9c95-b804668a9ae6', 'eda91f04-12ef-5904-88aa-e6ed9a692e03', 92, 'public', 'Gank Heavy Approach', '{"fugiat minim aliqua excepteur","occaecat elit incididunt incidid","do ex non","sit eiusmod tempor","occaecat ut pariatur","amet magna"}', DEFAULT, DEFAULT), ('f843e0b1-5e16-5c9e-923e-e155f87b2422', 'd35ecca3-ac35-5e28-8e7e-6a25de908d18', 99, 'unlisted', 'Aggressive Rush Strategy', '{"excepteur","esse aliqua"}', DEFAULT, DEFAULT), ('971d3e7d-1fd1-5fd1-ba3a-0a99dda2cb04', 'cb82a658-7a6b-5f53-8103-de934a9d041a', 98, 'public', 'Secure Objective Playbook', '{"dolor proident id magna","nostrud minim ullamco dolore","esse qui id","ipsum esse","aliquip aliquip id veniam cillum","velit duis incididunt ut commodo","officia adipisicing amet nisi du","anim dolore do excepteur","in in officia mollit"}', DEFAULT, DEFAULT), ('51c6dab5-99f7-56c9-a820-7cfc76e25abf', 'fb634118-b8a6-50b7-9010-0317dd27fba6', 99, 'public', 'Early Game Dominance Guide', '{"eu magna","est aute dolore","sunt amet cupidatat","magna","ea elit","cillum consectetur","consectetur","nulla nulla","laborum esse commodo","do pariatur sunt magna"}', DEFAULT, DEFAULT), ('88430d1c-f998-5183-ac05-d06b362a058a', '405dd580-b1c8-5c0e-9df0-d82b7f57175d', 95, 'public', 'Map Control Blueprint', '{"aliqua magna mollit qui","laboris commodo cillum sunt","veniam labore elit nisi cupidata","consectetur","mollit ad irure"}', DEFAULT, DEFAULT), ('fc959555-d183-544e-8cf6-52532b383f25', 'd19db439-c7e7-53a7-aa19-0db346180dc1', 100, 'private', 'Jungle Control Playbook', '{"ullamco consequat ex Lorem","ipsum qui quis nulla","culpa duis","minim non"}', DEFAULT, DEFAULT), ('94935318-fc9b-5864-874e-912b663c75f7', 'e2b744a0-a170-5a87-828d-34cc6f64ca05', 100, 'private', 'Defensive Turtle Tactics', '{"esse consectetur laboris culpa","reprehenderit nostrud aliqua rep","id","exercitation eu enim"}', DEFAULT, DEFAULT), ('ea529f5a-add2-5f29-a44d-2a799c7ab051', '88501f36-608d-5074-ab3f-752cd478292f', 97, 'unlisted', 'Early Game Dominance Guide', '{"consectetur velit eu","ex in commodo laborum","non eiusmod","adipisicing","consectetur non nulla ipsum","est excepteur cillum aliquip","nulla sint excepteur","aliqua sint"}', DEFAULT, DEFAULT), ('b2bd3c17-1864-5b1f-8d71-b6fe96b48ba6', '79144a06-0314-5d41-8df1-e53dfcb6f109', 94, 'public', 'Early Game Dominance Guide', '{"tempor culpa","ullamco amet irure","sunt commodo anim","labore pariatur laboris","fugiat qui sint qui","ipsum quis consequat tempor exer","culpa reprehenderit velit","ullamco nostrud fugiat est"}', DEFAULT, DEFAULT), ('a46777c9-6f34-5718-a195-68edd93e1d42', 'eb3e804d-5ed0-59a1-900b-3b0f9b2cb577', 91, 'private', 'Split Push Blueprint', '{"irure nulla exercitation","consectetur fugiat occaecat elit","est","qui occaecat elit culpa"}', DEFAULT, DEFAULT), ('0f3df2fb-dd6e-55b9-9f86-0babb8fec748', '28a1ca86-fc34-5d5b-bda6-792b581f58de', 94, 'public', 'Vision Control Blueprint', '{"enim non"}', DEFAULT, DEFAULT), ('95bb7f47-209b-5f16-a018-19e8f23e6e16', '438bff0e-fd50-5c86-89ee-d397a0c0e548', 95, 'public', 'Jungle Control Playbook', '{"velit esse consectetur","incididunt","labore reprehenderit","dolor nostrud Lorem mollit magna","ipsum commodo deserunt pariatur","dolor eiusmod duis amet"}', DEFAULT, DEFAULT), ('78959a88-41ee-5d40-85cb-71e22f4c47aa', '47e5d6a1-6a7c-5068-97e6-b73d6f3b47c1', 96, 'public', 'Jungle Control Playbook', '{"sint","non officia est eu"}', DEFAULT, DEFAULT), ('a9e614f8-c87a-596e-bdaf-6e577865453e', 'd92658af-bb2e-5f93-9170-bc8d85a6ad50', 98, 'public', 'Siege Tactics Handbook', '{"deserunt pariatur esse","duis labore nisi","magna veniam"}', DEFAULT, DEFAULT), ('f80096a0-59ff-58f8-a58f-cd508cb0f33e', '7d0c4d54-58ae-5ddf-b108-590171e8655a', 97, 'public', 'Defensive Turtle Tactics', '{"eu veniam fugiat elit culpa","ut elit deserunt irure","cillum deserunt exercitation lab","deserunt magna","in anim consequat"}', DEFAULT, DEFAULT), ('a444e395-f85a-5fcf-904b-e713df3a17f6', '5cdb9712-16b6-532e-9cc7-8cf7dfbe9b6b', 98, 'public', 'Siege Tactics Handbook', '{"id duis quis duis","velit velit elit cupidatat","enim irure commodo cillum","culpa enim enim Lorem","nisi","in et excepteur ex","aliqua labore amet","sint excepteur in","minim est"}', DEFAULT, DEFAULT);
INSERT INTO public.team_member_role (id,name,flags) VALUES (28, 'owner', 255), (29, 'editor', 7), (30, 'viewer', 1);
SELECT setval('"public"."team_member_role_id_seq"'::regclass, (SELECT MAX("id") FROM "public"."team_member_role"));
