INSERT INTO public.game (id,name,alias,icon,metadata,created_at) VALUES (27, 'Consectetur Ullamco', 'NBA2K', 'https://svgur.com/i/15ay.svg', DEFAULT, DEFAULT), (28, 'Mollit', 'NBA2K', 'https://svgur.com/i/15ay.svg', DEFAULT, DEFAULT), (29, 'Sit', 'GTA', 'https://svgur.com/i/15ay.svg', DEFAULT, DEFAULT);
SELECT setval('"public"."game_id_seq"'::regclass, (SELECT MAX("id") FROM "public"."game"));
INSERT INTO public.team (id,name,plan_id,created_at,updated_at) VALUES ('7c2c4732-09c1-5f7b-87ca-c53e7497b4ef', 'Dolorum me propter m', NULL, DEFAULT, DEFAULT), ('f50563b6-8532-51ec-b121-d8c6bca3e897', 'Quo disserui inis su', NULL, DEFAULT, DEFAULT), ('f1bf295c-195b-5a42-9c6b-5bfa14b58307', 'Voluptatib malum ea ', NULL, DEFAULT, DEFAULT), ('5e20f9a8-7b26-5a5f-8426-6b12c182d23c', 'Tractatem compartemp', NULL, DEFAULT, DEFAULT), ('53fe0e9e-3358-5722-b994-4faad8733cd3', 'Venire bonoribus ode', NULL, DEFAULT, DEFAULT), ('e4834379-a7a0-5f41-8193-f598072b1c83', 'Moles habeaturnit su', NULL, DEFAULT, DEFAULT), ('782f7eda-e535-5ab3-8415-643126d3b0fa', 'Autem sed rerum modo', NULL, DEFAULT, DEFAULT), ('5daf6f25-3b97-5f49-8f75-4ba5d1d74cd3', 'Quae sum decoribus i', NULL, DEFAULT, DEFAULT), ('3788fdae-c690-5563-abac-18b51e4d210f', 'Synephebos sin in en', NULL, DEFAULT, DEFAULT);
INSERT INTO public.plan (id,name,pricing,pricing_interval,is_default,config,created_at,updated_at) VALUES (7, 'Iudicet a tam bonorum albam, adhibent susceptur quidemurei natus', 0, 'monthly', 't', DEFAULT, DEFAULT, DEFAULT), (8, 'Quaeratum ere quanto est robus adipsas, cum quam inerrore et epi', 15.803108597090716, 'monthly', 'f', DEFAULT, DEFAULT, DEFAULT), (9, 'Graecis poris utilius quod scientiam.', 12.111348826482082, 'yearly', 'f', DEFAULT, DEFAULT, DEFAULT);
INSERT INTO public.book (id,name,team_id,game_id,created_at,updated_at) VALUES ('1e7e0bcb-4fc0-5d72-81a5-d67a74a13595', 'Exercitation', '7c2c4732-09c1-5f7b-87ca-c53e7497b4ef', 28, DEFAULT, DEFAULT), ('d297ab9e-40d4-51b5-bb8f-a1df399f1a9a', 'Voluptate', '7c2c4732-09c1-5f7b-87ca-c53e7497b4ef', 28, DEFAULT, DEFAULT), ('d1b8f3f8-af26-5088-8712-273c28ba98f7', 'Est Exercitation', '7c2c4732-09c1-5f7b-87ca-c53e7497b4ef', 28, DEFAULT, DEFAULT), ('3ff60d7a-a4ad-54c5-a422-53b52cd53093', 'Commodo', '7c2c4732-09c1-5f7b-87ca-c53e7497b4ef', 29, DEFAULT, DEFAULT), ('cfbfd1d4-e77f-57e5-94da-e9ff2cc7a996', 'Aute', '7c2c4732-09c1-5f7b-87ca-c53e7497b4ef', 29, DEFAULT, DEFAULT), ('92bf5244-388d-5bbf-bd84-1c7ad2efe31b', 'Laborum', '7c2c4732-09c1-5f7b-87ca-c53e7497b4ef', 28, DEFAULT, DEFAULT), ('9584676f-0635-591a-a937-d230d9a3abf3', 'Duis Ex', '7c2c4732-09c1-5f7b-87ca-c53e7497b4ef', 28, DEFAULT, DEFAULT), ('5777772e-8d66-5c0f-ab03-fb0419760db6', 'Eiusmod', '7c2c4732-09c1-5f7b-87ca-c53e7497b4ef', 28, DEFAULT, DEFAULT), ('98eaafd3-adbf-5a3e-adb9-b3fb6971b6f1', 'Lorem', 'f50563b6-8532-51ec-b121-d8c6bca3e897', 28, DEFAULT, DEFAULT), ('2d1d7734-be70-5d07-a538-e76c6cae722e', 'Ullamco Voluptate', 'f50563b6-8532-51ec-b121-d8c6bca3e897', 29, DEFAULT, DEFAULT), ('b5605791-3389-56c2-9ec6-17d538b9bb85', 'Ad Enim', 'f50563b6-8532-51ec-b121-d8c6bca3e897', 29, DEFAULT, DEFAULT), ('a5831e58-2fc9-5b59-970d-00c344a4eb18', 'Anim Nulla', 'f50563b6-8532-51ec-b121-d8c6bca3e897', 29, DEFAULT, DEFAULT), ('756cbb59-27d6-58f3-b4b9-8b56121e683f', 'Veniam', 'f50563b6-8532-51ec-b121-d8c6bca3e897', 29, DEFAULT, DEFAULT), ('a8212e1b-5577-5c28-9c38-2d4fbd753550', 'Nisi', 'f1bf295c-195b-5a42-9c6b-5bfa14b58307', 27, DEFAULT, DEFAULT), ('59558fa1-9cc0-5e85-a331-879d76e07f05', 'Ea', 'f1bf295c-195b-5a42-9c6b-5bfa14b58307', 29, DEFAULT, DEFAULT), ('8926b9fd-34b2-5421-a25c-9cd89c12cad0', 'Officia Consectetur', 'f1bf295c-195b-5a42-9c6b-5bfa14b58307', 29, DEFAULT, DEFAULT), ('5d378209-1fd5-506f-8b3f-511a16489d69', 'Consectetur Cupidata', 'f1bf295c-195b-5a42-9c6b-5bfa14b58307', 29, DEFAULT, DEFAULT), ('305fa448-c3bf-59c7-a989-19ae69ce0725', 'Laboris', 'f1bf295c-195b-5a42-9c6b-5bfa14b58307', 28, DEFAULT, DEFAULT), ('853509f0-6836-5fa7-87f2-fb0a9a8766d2', 'Dolore Eiusmod', 'f1bf295c-195b-5a42-9c6b-5bfa14b58307', 29, DEFAULT, DEFAULT), ('d19db439-c7e7-53a7-aa19-0db346180dc1', 'Aliqua', '5e20f9a8-7b26-5a5f-8426-6b12c182d23c', 28, DEFAULT, DEFAULT), ('91434b27-2651-5429-8f42-45c3f8e334a0', 'Amet Amet', '5e20f9a8-7b26-5a5f-8426-6b12c182d23c', 27, DEFAULT, DEFAULT), ('549980e7-3e77-5d76-b263-84664d04b209', 'Id', '5e20f9a8-7b26-5a5f-8426-6b12c182d23c', 28, DEFAULT, DEFAULT), ('e4de1a09-bd9a-5e42-b92c-2cb1af28bec6', 'Esse Ipsum', '5e20f9a8-7b26-5a5f-8426-6b12c182d23c', 29, DEFAULT, DEFAULT), ('f4b5542b-ba61-519e-a8d2-5793282ad487', 'Proident', '5e20f9a8-7b26-5a5f-8426-6b12c182d23c', 28, DEFAULT, DEFAULT), ('cd7c291a-6d6e-5632-91e5-b7fd7a634d7d', 'Ipsum', '5e20f9a8-7b26-5a5f-8426-6b12c182d23c', 28, DEFAULT, DEFAULT), ('b32027db-33da-5dc2-b906-e0c2a06ac683', 'Eu', '53fe0e9e-3358-5722-b994-4faad8733cd3', 27, DEFAULT, DEFAULT), ('b7a89d05-549f-565f-b631-b59097e91d1a', 'Nisi', '53fe0e9e-3358-5722-b994-4faad8733cd3', 28, DEFAULT, DEFAULT), ('ac9f0e3e-b030-584f-a8dd-87355fe22537', 'Proident', '53fe0e9e-3358-5722-b994-4faad8733cd3', 27, DEFAULT, DEFAULT), ('438bff0e-fd50-5c86-89ee-d397a0c0e548', 'Incididunt Duis', '53fe0e9e-3358-5722-b994-4faad8733cd3', 28, DEFAULT, DEFAULT), ('9bf2ad50-cccb-50eb-8269-3a7e78bd21f5', 'Adipisicing Cupidata', '53fe0e9e-3358-5722-b994-4faad8733cd3', 28, DEFAULT, DEFAULT), ('36f6f3ba-e867-5008-b6c1-829e989f9d2f', 'Lorem', '53fe0e9e-3358-5722-b994-4faad8733cd3', 28, DEFAULT, DEFAULT), ('19495f2f-99a6-5394-9596-a1d3fb0d3196', 'Consequat Sint', '53fe0e9e-3358-5722-b994-4faad8733cd3', 27, DEFAULT, DEFAULT), ('26f7bb6a-3c9c-5b30-b11b-be5ebfb91948', 'Sint Velit', 'e4834379-a7a0-5f41-8193-f598072b1c83', 27, DEFAULT, DEFAULT), ('e5b4727f-be5e-52c0-83cb-cb7ba230945f', 'Velit Ullamco', 'e4834379-a7a0-5f41-8193-f598072b1c83', 28, DEFAULT, DEFAULT), ('290e51c6-7ff6-5db4-8f40-69dda051b66c', 'Deserunt', 'e4834379-a7a0-5f41-8193-f598072b1c83', 29, DEFAULT, DEFAULT), ('6c3f6730-2b1a-5e27-97de-caacad0bb1a5', 'Velit', 'e4834379-a7a0-5f41-8193-f598072b1c83', 29, DEFAULT, DEFAULT), ('7d0c4d54-58ae-5ddf-b108-590171e8655a', 'Anim Ad', 'e4834379-a7a0-5f41-8193-f598072b1c83', 28, DEFAULT, DEFAULT), ('a3141029-aec2-543b-b18a-49fe947e3304', 'Non', '782f7eda-e535-5ab3-8415-643126d3b0fa', 27, DEFAULT, DEFAULT), ('6c52c1d9-13a4-51ef-ae51-1dacc4c14be9', 'Ut', '782f7eda-e535-5ab3-8415-643126d3b0fa', 27, DEFAULT, DEFAULT), ('2589cf16-4103-5a4f-b544-b30078083eaa', 'Deserunt In', '782f7eda-e535-5ab3-8415-643126d3b0fa', 28, DEFAULT, DEFAULT), ('a88bc9b9-135e-55c7-8c4c-5a072a3c8573', 'Do', '782f7eda-e535-5ab3-8415-643126d3b0fa', 29, DEFAULT, DEFAULT), ('8b7e423b-b9b9-5b3c-bf3d-1aa45d16235c', 'Nisi Sint', '782f7eda-e535-5ab3-8415-643126d3b0fa', 29, DEFAULT, DEFAULT), ('9b1fc781-1e4e-56d2-bd68-0dc257a319c0', 'Ullamco', '5daf6f25-3b97-5f49-8f75-4ba5d1d74cd3', 28, DEFAULT, DEFAULT), ('8a0a556f-d942-55f0-8ba8-1ffbfaf3c6d9', 'Esse Elit', '5daf6f25-3b97-5f49-8f75-4ba5d1d74cd3', 28, DEFAULT, DEFAULT), ('91fa3874-9437-5dfa-a49a-f19fb38d9e92', 'Ut', '5daf6f25-3b97-5f49-8f75-4ba5d1d74cd3', 28, DEFAULT, DEFAULT), ('eda91f04-12ef-5904-88aa-e6ed9a692e03', 'Velit Culpa', '5daf6f25-3b97-5f49-8f75-4ba5d1d74cd3', 27, DEFAULT, DEFAULT), ('1d3f740a-8c60-5c1d-aa9e-3854a33c8e1d', 'Tempor', '5daf6f25-3b97-5f49-8f75-4ba5d1d74cd3', 29, DEFAULT, DEFAULT), ('d9bba68a-079c-5141-bd43-756b87167584', 'Sunt Ipsum', '5daf6f25-3b97-5f49-8f75-4ba5d1d74cd3', 28, DEFAULT, DEFAULT), ('ca65e33b-de71-5d46-933a-849036127987', 'Pariatur', '5daf6f25-3b97-5f49-8f75-4ba5d1d74cd3', 29, DEFAULT, DEFAULT), ('f52ce409-f800-5a86-b4ed-ce1a99a8a6ae', 'Ad Magna', '5daf6f25-3b97-5f49-8f75-4ba5d1d74cd3', 28, DEFAULT, DEFAULT), ('3204ce32-7c5b-5953-969e-fe1d17de6e76', 'Occaecat', '3788fdae-c690-5563-abac-18b51e4d210f', 29, DEFAULT, DEFAULT), ('eecf8a7e-af2f-524d-a645-c5fba3ebda06', 'Enim Cupidatat', '3788fdae-c690-5563-abac-18b51e4d210f', 29, DEFAULT, DEFAULT), ('8d3f145b-67b0-504d-b49a-d59ecea5d2d8', 'Aliqua', '3788fdae-c690-5563-abac-18b51e4d210f', 28, DEFAULT, DEFAULT);
UPDATE public.team SET plan_id = 7 WHERE id = '7c2c4732-09c1-5f7b-87ca-c53e7497b4ef';
UPDATE public.team SET plan_id = 7 WHERE id = 'f50563b6-8532-51ec-b121-d8c6bca3e897';
UPDATE public.team SET plan_id = 7 WHERE id = 'f1bf295c-195b-5a42-9c6b-5bfa14b58307';
UPDATE public.team SET plan_id = 8 WHERE id = '5e20f9a8-7b26-5a5f-8426-6b12c182d23c';
UPDATE public.team SET plan_id = 8 WHERE id = '53fe0e9e-3358-5722-b994-4faad8733cd3';
UPDATE public.team SET plan_id = 8 WHERE id = 'e4834379-a7a0-5f41-8193-f598072b1c83';
UPDATE public.team SET plan_id = 9 WHERE id = '782f7eda-e535-5ab3-8415-643126d3b0fa';
UPDATE public.team SET plan_id = 9 WHERE id = '5daf6f25-3b97-5f49-8f75-4ba5d1d74cd3';
UPDATE public.team SET plan_id = 9 WHERE id = '3788fdae-c690-5563-abac-18b51e4d210f';
SELECT setval('"public"."plan_id_seq"'::regclass, (SELECT MAX("id") FROM "public"."plan"));
INSERT INTO public.game (id,name,alias,icon,metadata,created_at) VALUES (30, 'Is ine vide parendum sit nota memin.', 'NHL', 'https://svgur.com/i/15ay.svg', DEFAULT, DEFAULT), (31, 'Nec torquato inum are assuevitus fecta, quae cum ad quod redeam ', 'FIFA', 'https://svgur.com/i/15ay.svg', DEFAULT, DEFAULT), (32, 'Possimultim quidem it cognitioque quis ute ea.', 'Apex', 'https://svgur.com/i/15ay.svg', DEFAULT, DEFAULT), (33, 'Novi summum rerum polyaeno ad, placet animpender scipio cum sunt', 'Forty', 'https://svgur.com/i/15ay.svg', DEFAULT, DEFAULT), (34, 'Quiete homin qui sunt arendam satis adipsos.', 'Terra', 'https://svgur.com/i/15ay.svg', DEFAULT, DEFAULT), (35, 'Se viam aretiamque nihilesse et, est epicitat isset efficiuntur ', 'Overw', 'https://svgur.com/i/15ay.svg', DEFAULT, DEFAULT), (36, 'Animum sollicitaq semelabil parvos probavit inquit is disserenim', 'PUBG', 'https://svgur.com/i/15ay.svg', DEFAULT, DEFAULT), (37, 'Voluptatib magnos es quo modi, affere naturae nec de hocles endo', 'Mines', 'https://svgur.com/i/15ay.svg', DEFAULT, DEFAULT), (38, 'Non minus private insequuntur quid, faciliarum etiam pecunt es o', 'PUBG', 'https://svgur.com/i/15ay.svg', DEFAULT, DEFAULT), (39, 'Non vulgo malivolum a si quibus etiam id, se illum ac quidem nat', 'Overw', 'https://svgur.com/i/15ay.svg', DEFAULT, DEFAULT);
INSERT INTO public.arena (id,game_id,name,metadata,created_at,updated_at) VALUES (21, 30, 'Silverlake Stadium', '{"A":"Sed explicem"}', DEFAULT, DEFAULT), (22, 31, 'Downtown Plaza Pavilion', '{"In":"Adiuvet ne bonare"}', DEFAULT, DEFAULT), (23, 32, 'Bayshore Pavilion', '{"Se":"Petu ad causam"}', DEFAULT, DEFAULT), (24, 33, 'Sunset Stadium', '{"Es":"Videntur aut"}', DEFAULT, DEFAULT), (25, 34, 'Downtown Square Pavilion', '{"Tamenti":"Adipsa dolorem veris"}', DEFAULT, DEFAULT), (26, 35, 'Oceanfront Amphitheater', '{"Non":"Reliqua voluptatem"}', DEFAULT, DEFAULT), (27, 36, 'Main Square Arena', '{"Ut":"Dolor quo"}', DEFAULT, DEFAULT), (28, 37, 'Southbank Arena', '{"Omnino":"Synephebosop acut sicut"}', DEFAULT, DEFAULT), (29, 38, 'Waterfront Amphitheater', '{"Alest":"Ipse pertur voluptate"}', DEFAULT, DEFAULT), (30, 39, 'Meadowbrook Pavilion', '{"A":"Voluptatib posse quae"}', DEFAULT, DEFAULT);
SELECT setval('"public"."game_id_seq"'::regclass, (SELECT MAX("id") FROM "public"."game"));
SELECT setval('"public"."arena_id_seq"'::regclass, (SELECT MAX("id") FROM "public"."arena"));
INSERT INTO public.blueprint (id,book_id,arena_id,visibility,name,tags,data,created_at,updated_at) VALUES ('fd4a2d4e-8569-59ca-837d-fb7fa0ab1be1', '3204ce32-7c5b-5953-969e-fe1d17de6e76', 25, 'public', 'Roaming Support Plan', '{"adipisicing sunt","ut ullamco sunt amet","consequat eiusmod in dolore eu","pariatur ut","minim ut fugiat","nisi cupidatat","culpa elit officia exercitation ","ad labore elit aliqua"}', DEFAULT, DEFAULT, DEFAULT), ('e0502ed9-8194-54d4-be5d-43176e2a7438', '853509f0-6836-5fa7-87f2-fb0a9a8766d2', 28, 'unlisted', 'Roaming Support Plan', '{"fugiat anim dolor","magna laborum sit pariatur","Lorem laborum","elit eiusmod aliqua","dolor sunt"}', DEFAULT, DEFAULT, DEFAULT), ('cba89714-5b1d-590f-92a2-27cfb555b7e4', '91fa3874-9437-5dfa-a49a-f19fb38d9e92', 24, 'public', 'Gank Heavy Approach', '{"aliqua in culpa"}', DEFAULT, DEFAULT, DEFAULT), ('497b8842-fb80-5638-ba6f-3f3e64daa06b', 'b7a89d05-549f-565f-b631-b59097e91d1a', 22, 'public', 'Map Control Blueprint', '{"nisi esse sunt","laborum exercitation consequat v","cillum ullamco excepteur","nisi ex labore commodo pariatur","excepteur quis","ad laborum esse"}', DEFAULT, DEFAULT, DEFAULT), ('75fbf0dd-b3c9-5513-87f0-9d9a9004f64c', 'd9bba68a-079c-5141-bd43-756b87167584', 23, 'private', 'Baron Control Strategy', '{"non in duis","incididunt enim culpa","eu cillum adipisicing commodo","labore eu culpa","culpa proident","exercitation duis nulla"}', DEFAULT, DEFAULT, DEFAULT), ('0352b4c9-6de9-5702-929d-3d622c6456a1', '9584676f-0635-591a-a937-d230d9a3abf3', 24, 'public', 'Rotation Strategy Document', '{}', DEFAULT, DEFAULT, DEFAULT), ('1e701d2b-566c-5f82-8280-a2a9d02ee590', '9b1fc781-1e4e-56d2-bd68-0dc257a319c0', 24, 'unlisted', 'Early Game Dominance Guide', '{"in quis","commodo","qui amet","amet","proident occaecat proident enim "}', DEFAULT, DEFAULT, DEFAULT), ('f04c0ed1-b624-5092-8b98-dae6fff857dc', '853509f0-6836-5fa7-87f2-fb0a9a8766d2', 26, 'private', 'Early Game Dominance Guide', '{}', DEFAULT, DEFAULT, DEFAULT), ('7eef79d9-ea6c-5417-b347-09dbcb8b4c78', '91434b27-2651-5429-8f42-45c3f8e334a0', 23, 'unlisted', 'Roaming Support Plan', '{"voluptate quis sint","anim aliqua ex","ipsum eiusmod proident","ex mollit laborum officia culpa","duis","ullamco cupidatat anim nisi aliq"}', DEFAULT, DEFAULT, DEFAULT), ('3aff3e37-0331-5c7a-a0f5-1b6595c2ad7b', '91434b27-2651-5429-8f42-45c3f8e334a0', 29, 'public', 'Baron Control Strategy', '{"excepteur occaecat"}', DEFAULT, DEFAULT, DEFAULT), ('7c0cf1d4-d57d-5092-a3f0-ca49e04ace52', '9584676f-0635-591a-a937-d230d9a3abf3', 23, 'public', 'Roaming Support Plan', '{"dolore ipsum in","quis incididunt ex dolore esse","cillum anim tempor aliqua","nisi esse excepteur nisi","est cillum esse elit","consectetur elit tempor","anim amet","non exercitation anim qui","qui quis Lorem quis"}', DEFAULT, DEFAULT, DEFAULT), ('26c80d6d-0d6f-5fb2-8296-8b5e9e1fdeb7', 'f4b5542b-ba61-519e-a8d2-5793282ad487', 30, 'unlisted', 'Early Game Dominance Guide', '{"culpa veniam velit","sint aliqua consequat id","nulla amet magna pariatur"}', DEFAULT, DEFAULT, DEFAULT), ('310ccf44-859c-5587-8001-5aa84afb3236', 'd19db439-c7e7-53a7-aa19-0db346180dc1', 27, 'private', 'Wave Management Plan', '{"nostrud"}', DEFAULT, DEFAULT, DEFAULT), ('c6131a0d-c1ea-5dce-8460-c91026e41f9f', '305fa448-c3bf-59c7-a989-19ae69ce0725', 27, 'public', 'Siege Tactics Handbook', '{"cupidatat nulla esse et"}', DEFAULT, DEFAULT, DEFAULT), ('054eb394-a081-59a1-b613-e1c8bbcc6250', 'e5b4727f-be5e-52c0-83cb-cb7ba230945f', 23, 'public', 'Counter Pick Blueprint', '{"eu aute culpa","sit dolore ad laborum labore","consequat pariatur consectetur","ad eu ut"}', DEFAULT, DEFAULT, DEFAULT), ('4cb602e9-b66f-5f7e-a7a1-71729454372c', 'd19db439-c7e7-53a7-aa19-0db346180dc1', 28, 'unlisted', 'Rotation Strategy Document', '{"qui occaecat nostrud","aute qui officia","aliqua laborum","occaecat minim commodo culpa"}', DEFAULT, DEFAULT, DEFAULT), ('8ed312f8-fa19-5305-a78e-7cdee2dc9e00', '19495f2f-99a6-5394-9596-a1d3fb0d3196', 29, 'private', 'Aggressive Rush Strategy', '{"Lorem exercitation","amet in"}', DEFAULT, DEFAULT, DEFAULT), ('c9bad04c-3d6e-5efe-9540-7763dde57640', '8d3f145b-67b0-504d-b49a-d59ecea5d2d8', 29, 'private', 'Objective Focused Strategy', '{"id sint ullamco ullamco culpa","velit laboris duis","exercitation","elit nisi ipsum nostrud quis","ea in sunt fugiat","amet voluptate","consequat","duis commodo qui"}', DEFAULT, DEFAULT, DEFAULT), ('7a350dde-d215-538c-bfd3-d5cdd8b40555', 'ac9f0e3e-b030-584f-a8dd-87355fe22537', 30, 'public', 'Counter Pick Blueprint', '{"ad exercitation","qui pariatur sunt eiusmod","ex deserunt esse duis consequat","mollit ad labore","proident ipsum"}', DEFAULT, DEFAULT, DEFAULT), ('bd6c4dd0-06e8-56ab-abd6-6e9e777c13a7', '91434b27-2651-5429-8f42-45c3f8e334a0', 24, 'public', 'Counter Pick Blueprint', '{"enim labore ut","adipisicing esse nostrud","fugiat aliquip","est","eiusmod","consequat qui"}', DEFAULT, DEFAULT, DEFAULT), ('844103e5-8cf8-5795-8a63-ccecfc3e2001', '6c3f6730-2b1a-5e27-97de-caacad0bb1a5', 26, 'public', 'Gank Heavy Approach', '{"ipsum anim adipisicing adipisici","nulla labore enim voluptate","aliquip fugiat","officia","reprehenderit","proident","aliquip incididunt cupidatat fug"}', DEFAULT, DEFAULT, DEFAULT), ('582d0ca1-76cc-5500-9dd8-190ab817072d', 'a8212e1b-5577-5c28-9c38-2d4fbd753550', 29, 'private', 'Vision Control Blueprint', '{"id deserunt velit","ad ut","tempor qui culpa","nulla sit pariatur ea","enim occaecat pariatur incididun","incididunt nostrud nostrud cupid","culpa ut","occaecat commodo commodo deserun"}', DEFAULT, DEFAULT, DEFAULT), ('9012aa86-f8a2-5033-82d5-336bcaa03c26', '8a0a556f-d942-55f0-8ba8-1ffbfaf3c6d9', 30, 'public', 'Siege Tactics Handbook', '{"ea aliquip cupidatat nulla paria","do sit minim dolore anim","ea sint cupidatat aliquip","magna ut in elit"}', DEFAULT, DEFAULT, DEFAULT), ('746bb5ad-439a-519a-90ef-991641df1623', '19495f2f-99a6-5394-9596-a1d3fb0d3196', 28, 'unlisted', 'Late Game Scaling Strategy', '{"occaecat","adipisicing laboris consequat","culpa eu ipsum est","ut reprehenderit pariatur qui","sint proident proident","deserunt"}', DEFAULT, DEFAULT, DEFAULT), ('b1bab82d-de7c-55e3-8115-1651b8f68765', '2d1d7734-be70-5d07-a538-e76c6cae722e', 22, 'private', 'Secure Objective Playbook', '{"cillum reprehenderit","sint nulla non pariatur officia","mollit ex ipsum","adipisicing quis sint anim","aliqua ex ipsum","voluptate aute excepteur","nulla id dolore commodo","ut nulla officia dolore","proident pariatur excepteur","eu eiusmod commodo eu"}', DEFAULT, DEFAULT, DEFAULT), ('0145500d-2ab2-5c49-9cea-edd711ce1cc9', 'b5605791-3389-56c2-9ec6-17d538b9bb85', 24, 'unlisted', 'Aggressive Rush Strategy', '{"eiusmod ullamco sunt occaecat","mollit fugiat pariatur aliqua si"}', DEFAULT, DEFAULT, DEFAULT), ('703c3370-90fb-5d22-8365-f34357b3ffb8', '5777772e-8d66-5c0f-ab03-fb0419760db6', 27, 'private', 'Rotation Strategy Document', '{"quis velit cillum exercitation","incididunt id aliqua","ullamco dolor officia","exercitation mollit deserunt","fugiat cupidatat eiusmod quis","incididunt id enim","in incididunt enim reprehenderit","aliqua","occaecat aliquip laboris non"}', DEFAULT, DEFAULT, DEFAULT), ('fd862b26-fe8c-52d0-b06e-3c9f938bd3ab', '5777772e-8d66-5c0f-ab03-fb0419760db6', 27, 'public', 'Jungle Control Playbook', '{"elit","elit id ea laborum sint","et aliqua veniam laboris","ex aliquip dolore","esse irure","mollit Lorem in sit","cupidatat id","velit cillum"}', DEFAULT, DEFAULT, DEFAULT), ('70415515-b81b-59ef-a1ed-18578b73b7ae', 'eecf8a7e-af2f-524d-a645-c5fba3ebda06', 28, 'private', 'Baron Control Strategy', '{"velit cupidatat","enim esse adipisicing consequat","aliquip amet","ullamco","deserunt amet excepteur quis dol","duis culpa excepteur amet","nostrud nisi dolor amet","enim magna"}', DEFAULT, DEFAULT, DEFAULT), ('c5558815-aa72-5938-a7c8-62ae2c1a039c', '290e51c6-7ff6-5db4-8f40-69dda051b66c', 28, 'public', 'Secure Objective Playbook', '{"pariatur occaecat dolor Lorem","sit non","deserunt elit","adipisicing","aliqua aliqua commodo"}', DEFAULT, DEFAULT, DEFAULT), ('703bbd20-9625-5bd7-8aa3-5ead0245fe50', '91434b27-2651-5429-8f42-45c3f8e334a0', 21, 'unlisted', 'Objective Focused Strategy', '{"consectetur","qui tempor in"}', DEFAULT, DEFAULT, DEFAULT), ('68ff3d82-b6b6-5053-9e74-aa9b346dd8d1', 'a5831e58-2fc9-5b59-970d-00c344a4eb18', 30, 'private', 'Wave Management Plan', '{"labore officia velit et anim","mollit","consequat amet","esse commodo et","esse et","elit","duis do occaecat enim","nostrud adipisicing in cillum la","occaecat esse qui nulla","eu laboris reprehenderit non"}', DEFAULT, DEFAULT, DEFAULT), ('522e120d-7e21-504a-9c96-99e429197e5a', '549980e7-3e77-5d76-b263-84664d04b209', 27, 'unlisted', 'Counter Pick Blueprint', '{}', DEFAULT, DEFAULT, DEFAULT), ('54b879fc-04e4-53b3-8cec-0174fc0ccd34', '3204ce32-7c5b-5953-969e-fe1d17de6e76', 25, 'private', 'Counter Pick Blueprint', '{"incididunt labore","et id","adipisicing do ea","nostrud minim occaecat nulla com","aliqua deserunt","adipisicing eiusmod ea deserunt","nisi ea","ex nostrud esse ullamco commodo","nostrud esse elit","amet minim reprehenderit id"}', DEFAULT, DEFAULT, DEFAULT), ('fb90b354-0ae1-59da-9637-61f6c5ed3fb9', '756cbb59-27d6-58f3-b4b9-8b56121e683f', 24, 'public', 'Secure Objective Playbook', '{"mollit proident ex labore","veniam aliqua ut consequat","ad eu irure tempor veniam"}', DEFAULT, DEFAULT, DEFAULT), ('95b3988b-e14b-57a7-900d-4985cb116f17', '2d1d7734-be70-5d07-a538-e76c6cae722e', 26, 'private', 'Gank Heavy Approach', '{"dolore"}', DEFAULT, DEFAULT, DEFAULT), ('7d1face3-2e87-52f5-9623-fff9de0a6539', '756cbb59-27d6-58f3-b4b9-8b56121e683f', 29, 'public', 'Map Control Blueprint', '{"proident Lorem laboris esse culp","excepteur proident","duis consequat proident","amet laborum","adipisicing officia"}', DEFAULT, DEFAULT, DEFAULT), ('e8bf9a25-132d-5d46-b40a-d08534be6c9f', 'a88bc9b9-135e-55c7-8c4c-5a072a3c8573', 21, 'unlisted', 'Counter Pick Blueprint', '{"aute aliquip officia laboris ips","voluptate","elit magna","aliquip officia cupidatat Lorem","laboris","sint eiusmod nulla do","id anim"}', DEFAULT, DEFAULT, DEFAULT), ('29a560e9-84d9-5f41-9b09-76969cbfb144', '1d3f740a-8c60-5c1d-aa9e-3854a33c8e1d', 22, 'public', 'Counter Pick Blueprint', '{"cillum minim ullamco","est velit commodo","deserunt deserunt","do anim nulla consequat","consectetur exercitation excepte","magna tempor irure veniam duis","consectetur aute ut officia","est sit","cupidatat est consectetur cupida"}', DEFAULT, DEFAULT, DEFAULT), ('d9c4b302-5ab0-5114-8120-41d1876c7eb9', '9b1fc781-1e4e-56d2-bd68-0dc257a319c0', 27, 'public', 'Objective Focused Strategy', '{"reprehenderit magna aliqua ullam","eu consequat elit minim","ipsum","ex eu amet officia id","adipisicing","tempor laborum","enim aliqua elit"}', DEFAULT, DEFAULT, DEFAULT), ('ca1b9e1e-f7c0-5c4a-a566-aabf3f7ebb80', '5777772e-8d66-5c0f-ab03-fb0419760db6', 23, 'unlisted', 'Vision Denial Blueprint', '{"ad culpa laboris sint","aute nostrud reprehenderit","dolore","non nisi","incididunt ipsum et ut laborum","id exercitation nostrud","ea sunt commodo cupidatat","aute ex","reprehenderit est minim dolor"}', DEFAULT, DEFAULT, DEFAULT), ('cde91e33-9c71-56e0-b19e-f2372fa577cf', '8d3f145b-67b0-504d-b49a-d59ecea5d2d8', 30, 'private', 'Secure Objective Playbook', '{"fugiat","amet eiusmod","irure reprehenderit eiusmod cupi","consectetur consectetur eiusmod ","ad quis quis","esse reprehenderit amet","tempor labore","mollit velit","tempor sunt reprehenderit velit","laborum cupidatat"}', DEFAULT, DEFAULT, DEFAULT), ('013547e4-326e-5221-8377-310093ccf53a', '91fa3874-9437-5dfa-a49a-f19fb38d9e92', 30, 'private', 'Rotation Strategy Document', '{"non dolore est id","cupidatat cupidatat culpa repreh","ipsum ut commodo duis aliqua","dolore culpa","sunt","aliquip elit irure ut magna","minim et","esse nostrud sunt aliqua do"}', DEFAULT, DEFAULT, DEFAULT), ('50cffa66-dd91-5aed-8c46-1b76e488de31', '853509f0-6836-5fa7-87f2-fb0a9a8766d2', 26, 'unlisted', 'Rotation Strategy Document', '{"fugiat","anim sit ipsum"}', DEFAULT, DEFAULT, DEFAULT), ('f550c2bf-a147-5e29-8a01-470336f387eb', '8b7e423b-b9b9-5b3c-bf3d-1aa45d16235c', 26, 'unlisted', 'Map Control Blueprint', '{"consequat proident","Lorem"}', DEFAULT, DEFAULT, DEFAULT), ('a30e3d57-ad0a-594d-9622-8a2514b8110c', '3204ce32-7c5b-5953-969e-fe1d17de6e76', 28, 'private', 'Roaming Support Plan', '{"sint aute incididunt","laborum","qui enim","occaecat","do sunt anim do"}', DEFAULT, DEFAULT, DEFAULT), ('cb76f565-509b-50d9-bbe4-5c6e7c9b0eb4', '5d378209-1fd5-506f-8b3f-511a16489d69', 30, 'unlisted', 'Secure Objective Playbook', '{"ut exercitation"}', DEFAULT, DEFAULT, DEFAULT), ('a344c7b4-07e6-54df-b4ed-f27c7916e147', 'd19db439-c7e7-53a7-aa19-0db346180dc1', 22, 'public', 'Split Push Blueprint', '{"laborum eiusmod"}', DEFAULT, DEFAULT, DEFAULT), ('6c40d2d3-07ad-5aa1-a5fa-cf5861475e5d', 'f4b5542b-ba61-519e-a8d2-5793282ad487', 25, 'unlisted', 'Team Fight Execution Plan', '{"nisi sint culpa eu","dolor fugiat qui officia mollit","ex laboris","culpa","commodo nostrud consequat","ut eu occaecat"}', DEFAULT, DEFAULT, DEFAULT), ('ba7460a4-9316-52e4-9e3a-05ee82b85e66', '3204ce32-7c5b-5953-969e-fe1d17de6e76', 25, 'unlisted', 'Split Push Blueprint', '{"sit ex adipisicing"}', DEFAULT, DEFAULT, DEFAULT), ('fb3595df-62ad-5f54-ac34-3a578952555c', '8a0a556f-d942-55f0-8ba8-1ffbfaf3c6d9', 29, 'public', 'Map Control Blueprint', '{"ut","occaecat eu incididunt","aute eiusmod laborum laborum","laborum","reprehenderit Lorem pariatur","laboris laboris","irure"}', DEFAULT, DEFAULT, DEFAULT), ('90edde40-1b87-5f75-90b9-68639fbcb2b8', 'd297ab9e-40d4-51b5-bb8f-a1df399f1a9a', 28, 'unlisted', 'Map Control Blueprint', '{"labore","eu consectetur cillum pariatur","cupidatat excepteur aute quis","sit ut ex nulla","amet laboris","consectetur aliqua commodo excep"}', DEFAULT, DEFAULT, DEFAULT), ('ea26a496-35d8-5f3f-a769-a80898ec7b17', '9b1fc781-1e4e-56d2-bd68-0dc257a319c0', 22, 'unlisted', 'Aggressive Rush Strategy', '{"ipsum mollit","qui amet","duis do exercitation cillum","irure eiusmod eu","aliquip labore","deserunt laborum cillum do","in duis"}', DEFAULT, DEFAULT, DEFAULT), ('035a0a25-d588-551c-9f76-4e9f593ffaf4', 'f4b5542b-ba61-519e-a8d2-5793282ad487', 29, 'public', 'Aggressive Rush Strategy', '{"irure pariatur sit"}', DEFAULT, DEFAULT, DEFAULT), ('e7f55997-6008-5d29-9f7f-564ab748cc59', 'd9bba68a-079c-5141-bd43-756b87167584', 28, 'private', 'Siege Tactics Handbook', '{"pariatur","magna veniam"}', DEFAULT, DEFAULT, DEFAULT), ('396ce0bd-b3e1-5b3c-94ea-bb5357e1c76a', 'a5831e58-2fc9-5b59-970d-00c344a4eb18', 29, 'unlisted', 'Roaming Support Plan', '{"est enim amet veniam ad","do non mollit ipsum deserunt","minim excepteur anim","officia elit","quis labore occaecat"}', DEFAULT, DEFAULT, DEFAULT), ('4cb2c65b-80df-57cc-9c0d-6c346029b88f', 'eda91f04-12ef-5904-88aa-e6ed9a692e03', 25, 'public', 'Objective Focused Strategy', '{"elit qui nisi nulla tempor","qui ea nostrud","culpa","quis occaecat aliqua veniam aliq","et officia aliquip","sint","enim"}', DEFAULT, DEFAULT, DEFAULT), ('8172dfee-2cce-5dee-9293-b6bd5f74d656', '2589cf16-4103-5a4f-b544-b30078083eaa', 29, 'public', 'Team Fight Execution Plan', '{"dolore pariatur","consequat"}', DEFAULT, DEFAULT, DEFAULT), ('910e8e4b-af24-5f28-a2eb-631066a490eb', '2589cf16-4103-5a4f-b544-b30078083eaa', 28, 'public', 'Vision Denial Blueprint', '{"exercitation ipsum sint do","eiusmod in voluptate","fugiat ullamco"}', DEFAULT, DEFAULT, DEFAULT), ('150381a3-e791-54de-9419-0edac12fb9eb', '549980e7-3e77-5d76-b263-84664d04b209', 22, 'public', 'Counter Pick Blueprint', '{"mollit ad"}', DEFAULT, DEFAULT, DEFAULT), ('ddb37574-0dbe-5aa4-a5e8-b15242cefaff', '853509f0-6836-5fa7-87f2-fb0a9a8766d2', 27, 'private', 'Counter Pick Blueprint', '{"consequat","pariatur incididunt","est qui dolor non velit","tempor adipisicing enim elit","fugiat irure proident velit","voluptate magna ut"}', DEFAULT, DEFAULT, DEFAULT), ('77fbdaed-4103-591b-82ee-3e3fa4b78a9b', '756cbb59-27d6-58f3-b4b9-8b56121e683f', 30, 'public', 'Late Game Scaling Strategy', '{"dolor veniam non","consectetur excepteur","Lorem proident aliquip"}', DEFAULT, DEFAULT, DEFAULT), ('0f1e8b42-396d-5765-be37-bce2ee646e04', 'cfbfd1d4-e77f-57e5-94da-e9ff2cc7a996', 24, 'public', 'Defensive Turtle Tactics', '{"voluptate magna magna","et","labore dolore laborum"}', DEFAULT, DEFAULT, DEFAULT), ('5308f8b3-4d4d-529a-bd7c-3a77ac4fe6ae', '19495f2f-99a6-5394-9596-a1d3fb0d3196', 27, 'public', 'Jungle Control Playbook', '{"esse Lorem","Lorem tempor deserunt culpa","commodo Lorem sunt","ex qui","mollit labore elit dolor"}', DEFAULT, DEFAULT, DEFAULT), ('851e9ece-db38-530e-b3f9-f5e1d49a3b34', 'e5b4727f-be5e-52c0-83cb-cb7ba230945f', 27, 'private', 'Gank Heavy Approach', '{"culpa proident culpa ea","id velit eu aute","tempor","non magna adipisicing id","officia","pariatur ut eiusmod ullamco et"}', DEFAULT, DEFAULT, DEFAULT), ('2189cd55-c657-5ce9-999a-da1a2dbf7ea0', 'eda91f04-12ef-5904-88aa-e6ed9a692e03', 21, 'private', 'Late Game Scaling Strategy', '{"proident cupidatat"}', DEFAULT, DEFAULT, DEFAULT), ('902d4a21-0657-5095-b741-ac0d408bb89e', '5d378209-1fd5-506f-8b3f-511a16489d69', 27, 'private', 'Early Game Dominance Guide', '{"amet velit","elit nostrud","culpa eu fugiat et veniam","reprehenderit incididunt elit do","labore","laboris ut dolore","excepteur reprehenderit tempor","deserunt sint veniam","commodo eu non","aliqua consequat eu"}', DEFAULT, DEFAULT, DEFAULT), ('0d40f7c0-72b0-55c2-8e48-c6c65bd9815f', 'ac9f0e3e-b030-584f-a8dd-87355fe22537', 22, 'public', 'Map Control Blueprint', '{"eu ex","cillum enim irure","eu consectetur ut"}', DEFAULT, DEFAULT, DEFAULT), ('f09f5f0c-d6f4-5089-a919-82fdea15dad9', 'd9bba68a-079c-5141-bd43-756b87167584', 21, 'private', 'Vision Denial Blueprint', '{"commodo nulla","mollit adipisicing amet nostrud","quis dolor","consectetur pariatur aliqua sint","do occaecat in ullamco in","laborum enim","fugiat sunt"}', DEFAULT, DEFAULT, DEFAULT), ('9bfcf305-f3a4-5bed-9ee4-3f5ccf9e59af', '8926b9fd-34b2-5421-a25c-9cd89c12cad0', 25, 'private', 'Early Game Dominance Guide', '{"do Lorem sint","tempor Lorem ipsum","exercitation laborum irure amet","aute reprehenderit occaecat","irure id magna"}', DEFAULT, DEFAULT, DEFAULT), ('2ff309f0-6726-5920-ad23-47ba58fd2525', '756cbb59-27d6-58f3-b4b9-8b56121e683f', 28, 'unlisted', 'Counter Pick Blueprint', '{"mollit voluptate nisi duis","exercitation anim aliquip","dolore deserunt","non et elit duis","id nostrud culpa incididunt"}', DEFAULT, DEFAULT, DEFAULT), ('bac302d7-9e20-52d1-89cc-b0e99ef3b896', 'ca65e33b-de71-5d46-933a-849036127987', 22, 'public', 'Defensive Turtle Tactics', '{"est laboris et sint","qui ullamco","quis id nulla eiusmod","elit ut non","irure commodo tempor in consequa","fugiat pariatur aliqua","est id","amet esse"}', DEFAULT, DEFAULT, DEFAULT), ('ef31ceeb-0f8d-5da0-ab9c-18045c420f99', '305fa448-c3bf-59c7-a989-19ae69ce0725', 25, 'private', 'Defensive Turtle Tactics', '{"mollit Lorem quis","consectetur consequat laborum si","irure minim sint","cupidatat fugiat voluptate conse","incididunt duis dolore","nisi officia minim","amet officia culpa","eiusmod nisi laborum"}', DEFAULT, DEFAULT, DEFAULT), ('2be70e34-56ed-5cb2-9758-b8f796ec32ec', '756cbb59-27d6-58f3-b4b9-8b56121e683f', 30, 'public', 'Wave Management Plan', '{"ea tempor irure","voluptate excepteur laborum","consequat incididunt tempor exer","officia","labore occaecat aliqua","amet anim elit cillum","id"}', DEFAULT, DEFAULT, DEFAULT), ('49e5f9f5-6a8f-5423-81e9-9e8e2c467770', '305fa448-c3bf-59c7-a989-19ae69ce0725', 29, 'unlisted', 'Siege Tactics Handbook', '{}', DEFAULT, DEFAULT, DEFAULT), ('421a5d89-58fa-56e2-87c9-a4c6fd3159db', '91434b27-2651-5429-8f42-45c3f8e334a0', 29, 'public', 'Defensive Turtle Tactics', '{"ex ut","pariatur nisi"}', DEFAULT, DEFAULT, DEFAULT), ('c2ab0ed6-ea98-544f-a35e-cfff5a185dc8', '26f7bb6a-3c9c-5b30-b11b-be5ebfb91948', 22, 'unlisted', 'Roaming Support Plan', '{"excepteur proident","ad Lorem","tempor ut commodo","reprehenderit duis"}', DEFAULT, DEFAULT, DEFAULT), ('6c6d219e-3884-5c60-8485-0fb500d0b675', 'cd7c291a-6d6e-5632-91e5-b7fd7a634d7d', 28, 'unlisted', 'Roaming Support Plan', '{}', DEFAULT, DEFAULT, DEFAULT), ('d5fd2418-0c52-558a-8369-707f9186db0b', 'a3141029-aec2-543b-b18a-49fe947e3304', 26, 'unlisted', 'Early Game Dominance Guide', '{"consectetur laborum cillum","consequat nulla nostrud nulla"}', DEFAULT, DEFAULT, DEFAULT), ('0f22fcab-183d-5e80-9a98-c495a215f5f8', 'cfbfd1d4-e77f-57e5-94da-e9ff2cc7a996', 21, 'unlisted', 'Defensive Turtle Tactics', '{"reprehenderit","mollit laboris eiusmod ad","enim proident deserunt","do","sit fugiat ad","voluptate exercitation ex","culpa minim","quis exercitation","nostrud do","esse mollit"}', DEFAULT, DEFAULT, DEFAULT), ('f92c2ba5-8b0e-58ef-9364-e364e4c41522', 'eecf8a7e-af2f-524d-a645-c5fba3ebda06', 28, 'unlisted', 'Counter Pick Blueprint', '{}', DEFAULT, DEFAULT, DEFAULT), ('e2ec2872-d983-5938-8f1c-38a9a14124dd', '5777772e-8d66-5c0f-ab03-fb0419760db6', 28, 'public', 'Counter Pick Blueprint', '{"tempor pariatur","nostrud sint est","aute sit"}', DEFAULT, DEFAULT, DEFAULT), ('4d4230bc-d1b6-532c-9bbf-8c67caf4f9ed', 'ac9f0e3e-b030-584f-a8dd-87355fe22537', 23, 'private', 'Early Game Dominance Guide', '{"nisi eu aliqua eiusmod","id ipsum voluptate sit esse","id"}', DEFAULT, DEFAULT, DEFAULT), ('8be9ffc5-25d1-5c32-be1f-9a9ec00544f6', 'a88bc9b9-135e-55c7-8c4c-5a072a3c8573', 26, 'unlisted', 'Early Game Dominance Guide', '{"Lorem in esse","nostrud","anim elit culpa pariatur amet","culpa adipisicing reprehenderit"}', DEFAULT, DEFAULT, DEFAULT), ('a3241e44-bd93-5a11-a730-863e8eb75275', '5d378209-1fd5-506f-8b3f-511a16489d69', 27, 'private', 'Gank Heavy Approach', '{"quis culpa"}', DEFAULT, DEFAULT, DEFAULT), ('a1c32f18-989f-5961-80f5-4a21a838bc95', '26f7bb6a-3c9c-5b30-b11b-be5ebfb91948', 30, 'private', 'Baron Control Strategy', '{"et ullamco ex","ipsum et anim dolor"}', DEFAULT, DEFAULT, DEFAULT), ('8fde1282-59d1-5f9b-bc10-4130ce793fa9', 'd19db439-c7e7-53a7-aa19-0db346180dc1', 29, 'public', 'Late Game Scaling Strategy', '{}', DEFAULT, DEFAULT, DEFAULT), ('f85f8e1b-b8a0-528e-bc81-49b3e6a34ee5', '8d3f145b-67b0-504d-b49a-d59ecea5d2d8', 22, 'unlisted', 'Wave Management Plan', '{"ullamco nulla","mollit proident","consequat deserunt amet labore","ex enim et in","aute consequat ad qui velit","enim est qui id","incididunt id labore","excepteur cillum consequat elit","et eiusmod et"}', DEFAULT, DEFAULT, DEFAULT), ('e16cfe57-140d-5b3e-90f8-910575ffdd47', '92bf5244-388d-5bbf-bd84-1c7ad2efe31b', 24, 'unlisted', 'Early Game Dominance Guide', '{"do aliqua cillum","cillum consectetur pariatur"}', DEFAULT, DEFAULT, DEFAULT), ('06866e23-2aeb-59f2-9d3c-156507eb23db', '8926b9fd-34b2-5421-a25c-9cd89c12cad0', 29, 'private', 'Gank Heavy Approach', '{"aute fugiat et","aliquip","esse irure ut"}', DEFAULT, DEFAULT, DEFAULT), ('e5c44c16-4905-59d0-8c2a-f48ebfc3fdcc', '98eaafd3-adbf-5a3e-adb9-b3fb6971b6f1', 23, 'unlisted', 'Split Push Blueprint', '{"velit aliqua nulla ut in","anim","aliqua veniam qui amet veniam","velit ullamco","et","ullamco minim","in id ea","Lorem minim reprehenderit enim","cillum Lorem"}', DEFAULT, DEFAULT, DEFAULT), ('0298782b-da7d-55b4-a736-8126dd2f9d32', 'e5b4727f-be5e-52c0-83cb-cb7ba230945f', 25, 'private', 'Early Game Dominance Guide', '{"ea elit","ipsum duis pariatur","id nulla laborum","incididunt aliqua sunt","ipsum magna adipisicing ad","ut","quis cillum consequat nisi fugia"}', DEFAULT, DEFAULT, DEFAULT), ('8f534833-d8c3-5d0a-b63c-bd2740be0330', '8926b9fd-34b2-5421-a25c-9cd89c12cad0', 30, 'private', 'Objective Focused Strategy', '{"in reprehenderit sit nulla","quis duis ullamco commodo","dolore consequat tempor","cillum","magna non ea nulla reprehenderit","ex"}', DEFAULT, DEFAULT, DEFAULT), ('1caeec83-1956-53fb-9c1a-7f585775c524', '9bf2ad50-cccb-50eb-8269-3a7e78bd21f5', 26, 'public', 'Defensive Turtle Tactics', '{"ipsum minim sint consequat sint","magna qui amet occaecat in","quis","ullamco commodo occaecat elit","ad laborum","irure qui","nulla magna adipisicing cillum","laborum ut non fugiat","qui ad","nisi id amet"}', DEFAULT, DEFAULT, DEFAULT), ('28f2bbc2-0260-5d64-a9bf-64e9bc163c30', '19495f2f-99a6-5394-9596-a1d3fb0d3196', 27, 'unlisted', 'Jungle Control Playbook', '{"magna consequat laborum esse","nostrud elit in","ipsum velit nisi nostrud"}', DEFAULT, DEFAULT, DEFAULT), ('8590b74a-b67e-5525-9786-4e0fc4c65d06', 'a88bc9b9-135e-55c7-8c4c-5a072a3c8573', 24, 'private', 'Wave Management Plan', '{"laborum exercitation consectetur","ex","Lorem consectetur commodo","aliqua id pariatur magna labore","reprehenderit nulla dolor cillum","aliquip sunt","ad consequat","occaecat labore","quis"}', DEFAULT, DEFAULT, DEFAULT), ('fa5e4221-0eae-5da7-9a16-5b8399b9ef50', 'ca65e33b-de71-5d46-933a-849036127987', 30, 'unlisted', 'Baron Control Strategy', '{"consectetur sit consequat ipsum ","ullamco adipisicing quis","incididunt nostrud esse","Lorem proident","irure nulla irure occaecat est","amet irure ad dolor","nulla esse"}', DEFAULT, DEFAULT, DEFAULT), ('fedb01d5-16e2-59fd-8845-ff6a92bd83f7', '92bf5244-388d-5bbf-bd84-1c7ad2efe31b', 30, 'unlisted', 'Counter Pick Blueprint', '{"incididunt incididunt officia","irure in consectetur","in eiusmod non","sit minim exercitation","veniam sint"}', DEFAULT, DEFAULT, DEFAULT), ('d6d0cf2a-b6d2-5f41-bc05-2fe5bf5ca317', 'b7a89d05-549f-565f-b631-b59097e91d1a', 26, 'public', 'Vision Control Blueprint', '{"nulla culpa non aute id","aliquip sunt ex non","proident ut commodo officia","cillum pariatur","ut labore ut consectetur","proident cillum labore"}', DEFAULT, DEFAULT, DEFAULT), ('a18cadaa-4531-5180-a607-ad2a5bc25f0c', 'cd7c291a-6d6e-5632-91e5-b7fd7a634d7d', 29, 'public', 'Map Control Blueprint', '{"nulla","ad nulla nostrud esse laboris","culpa ullamco reprehenderit nisi","nisi amet occaecat irure","aute labore adipisicing"}', DEFAULT, DEFAULT, DEFAULT), ('7858de1c-870d-5289-9bbf-085e4de69d79', '438bff0e-fd50-5c86-89ee-d397a0c0e548', 24, 'unlisted', 'Team Fight Execution Plan', '{"sint ea qui mollit veniam","nulla cillum","fugiat minim culpa elit","Lorem esse velit","mollit","fugiat Lorem esse veniam","anim voluptate"}', DEFAULT, DEFAULT, DEFAULT), ('c5510993-cf82-5729-a476-bbba91fd2ee1', 'e5b4727f-be5e-52c0-83cb-cb7ba230945f', 28, 'public', 'Siege Tactics Handbook', '{"occaecat incididunt nulla dolore","magna cillum","excepteur","id pariatur","nostrud dolore do","cupidatat","irure sunt mollit do","dolor quis magna","esse enim dolor"}', DEFAULT, DEFAULT, DEFAULT), ('65495df9-49dc-5680-b4b7-97fe7364e837', '290e51c6-7ff6-5db4-8f40-69dda051b66c', 30, 'unlisted', 'Aggressive Rush Strategy', '{}', DEFAULT, DEFAULT, DEFAULT), ('6a08951b-2f4b-5069-a734-056efe107e30', '3204ce32-7c5b-5953-969e-fe1d17de6e76', 30, 'unlisted', 'Aggressive Rush Strategy', '{"eu et pariatur do","ut incididunt est","velit anim ad","sint sunt","dolor ad magna sit","est voluptate","labore ipsum","irure eu elit adipisicing"}', DEFAULT, DEFAULT, DEFAULT), ('d96e9820-0562-5ef0-a957-fb16e8a3cda6', '3204ce32-7c5b-5953-969e-fe1d17de6e76', 26, 'unlisted', 'Team Fight Execution Plan', '{"aliqua","in","sit excepteur culpa","ut sunt esse","adipisicing tempor","id excepteur occaecat esse Lorem","dolor ipsum aute cillum"}', DEFAULT, DEFAULT, DEFAULT), ('44d39286-2c39-52c0-9fdf-811ac2ac0b4f', '549980e7-3e77-5d76-b263-84664d04b209', 24, 'unlisted', 'Objective Focused Strategy', '{"qui duis eu aliqua","voluptate minim","tempor sint nulla","non adipisicing sit exercitation","nisi pariatur cupidatat consecte"}', DEFAULT, DEFAULT, DEFAULT), ('f5284b1c-c867-5bcb-ae27-b4a46054354e', '853509f0-6836-5fa7-87f2-fb0a9a8766d2', 22, 'unlisted', 'Jungle Control Playbook', '{"sint ad anim in","quis","enim commodo consequat","culpa velit","proident cupidatat do duis ad","aliquip veniam","quis","aliquip culpa"}', DEFAULT, DEFAULT, DEFAULT), ('748b6b6e-790a-524c-8953-9f99ff6241ea', 'a88bc9b9-135e-55c7-8c4c-5a072a3c8573', 26, 'private', 'Early Game Dominance Guide', '{"aliqua","id voluptate sint","in laborum magna","amet pariatur","labore laboris qui aute"}', DEFAULT, DEFAULT, DEFAULT), ('94e59d3e-1e10-58ee-b57b-120d24970da8', '36f6f3ba-e867-5008-b6c1-829e989f9d2f', 21, 'private', 'Early Game Dominance Guide', '{"id tempor","deserunt esse cillum officia vol","velit eiusmod consequat","id nostrud","duis cupidatat esse quis tempor"}', DEFAULT, DEFAULT, DEFAULT), ('a501e3c2-1df6-5f20-9532-89c5471331c6', 'e4de1a09-bd9a-5e42-b92c-2cb1af28bec6', 25, 'private', 'Aggressive Rush Strategy', '{"sit veniam proident officia exer","nisi velit incididunt adipisicin","in pariatur","velit consequat ea","cillum anim laboris dolore"}', DEFAULT, DEFAULT, DEFAULT), ('eba1549a-b3ad-5f1e-ad56-15be0771d0f9', '1d3f740a-8c60-5c1d-aa9e-3854a33c8e1d', 24, 'private', 'Roaming Support Plan', '{"laborum id cupidatat veniam","amet sunt aliqua ea quis","sunt aliquip sunt","exercitation pariatur eiusmod eu","laborum reprehenderit","excepteur tempor","reprehenderit ea fugiat sit","amet","eu aute qui incididunt deserunt","aliqua mollit adipisicing offici"}', DEFAULT, DEFAULT, DEFAULT), ('02d6bfb1-b7f1-5129-9d1b-729fd2d36ca6', 'cfbfd1d4-e77f-57e5-94da-e9ff2cc7a996', 23, 'public', 'Objective Focused Strategy', '{}', DEFAULT, DEFAULT, DEFAULT), ('feadd401-b272-53d1-bc20-6dad4e3ffc29', '438bff0e-fd50-5c86-89ee-d397a0c0e548', 26, 'private', 'Objective Focused Strategy', '{"magna laborum commodo velit","cillum tempor velit reprehenderi","voluptate ut occaecat","dolore nostrud velit nulla","anim do ea","eiusmod commodo","duis occaecat qui","magna dolor nostrud occaecat","amet reprehenderit irure"}', DEFAULT, DEFAULT, DEFAULT), ('f4023970-bb8c-5175-9f3e-42520be2a6af', '26f7bb6a-3c9c-5b30-b11b-be5ebfb91948', 25, 'unlisted', 'Baron Control Strategy', '{"est","et ex","elit enim in","quis mollit","adipisicing minim","consequat"}', DEFAULT, DEFAULT, DEFAULT), ('ab471cfa-3489-5a6c-bf5c-82aeac3819f5', '36f6f3ba-e867-5008-b6c1-829e989f9d2f', 23, 'private', 'Wave Management Plan', '{"ea minim deserunt cillum","aute aliquip cupidatat minim","adipisicing enim dolore aliqua","mollit Lorem ipsum officia","minim","exercitation labore sit et","sunt tempor ut","ad ut eiusmod laborum aute"}', DEFAULT, DEFAULT, DEFAULT), ('782d8b69-ae89-5508-b431-d9e3d4f25423', '2589cf16-4103-5a4f-b544-b30078083eaa', 29, 'unlisted', 'Secure Objective Playbook', '{"occaecat fugiat exercitation sit","commodo sit et eu dolore"}', DEFAULT, DEFAULT, DEFAULT), ('bfbbf302-05a7-5b0c-991e-f7c79f52034e', 'd19db439-c7e7-53a7-aa19-0db346180dc1', 27, 'unlisted', 'Objective Focused Strategy', '{"adipisicing","labore"}', DEFAULT, DEFAULT, DEFAULT), ('86a9949d-fbe2-5edf-bf64-6b822a75bdc8', '8926b9fd-34b2-5421-a25c-9cd89c12cad0', 23, 'private', 'Vision Control Blueprint', '{"in tempor enim voluptate veniam","mollit","ipsum do sint quis","voluptate voluptate nostrud moll"}', DEFAULT, DEFAULT, DEFAULT), ('3d78c871-f9be-5ceb-b04c-13f9eb63efa0', '8d3f145b-67b0-504d-b49a-d59ecea5d2d8', 27, 'unlisted', 'Vision Control Blueprint', '{"sint minim id","in ea fugiat excepteur","quis","velit tempor ullamco exercitatio"}', DEFAULT, DEFAULT, DEFAULT), ('e5e7301c-ed7e-5267-a91e-331eeecbad04', '1d3f740a-8c60-5c1d-aa9e-3854a33c8e1d', 21, 'unlisted', 'Map Control Blueprint', '{"eiusmod est incididunt","consectetur culpa sit excepteur","deserunt non exercitation","commodo aute officia non anim","laborum esse","ut commodo","magna id"}', DEFAULT, DEFAULT, DEFAULT), ('e06f1954-eb7e-5811-8e85-0b7239ac60d6', '305fa448-c3bf-59c7-a989-19ae69ce0725', 29, 'unlisted', 'Defensive Turtle Tactics', '{"aliquip cillum qui dolor aute","laboris esse","adipisicing","deserunt","in","anim excepteur occaecat Lorem","laboris ullamco sint","occaecat","ea esse anim"}', DEFAULT, DEFAULT, DEFAULT), ('cbe8ef05-c651-5778-b8a6-717eee524007', '6c3f6730-2b1a-5e27-97de-caacad0bb1a5', 24, 'public', 'Gank Heavy Approach', '{"excepteur elit nulla","id deserunt","incididunt","deserunt incididunt officia ad","velit ea non nostrud ad","reprehenderit dolore eiusmod est","velit laboris officia sint volup","commodo amet consectetur nisi ve"}', DEFAULT, DEFAULT, DEFAULT), ('479e5b51-1e2b-5ac2-b0c4-d0fc97906c11', 'b7a89d05-549f-565f-b631-b59097e91d1a', 29, 'unlisted', 'Late Game Scaling Strategy', '{"laborum","dolor fugiat ut","duis cupidatat anim","in sint","excepteur minim commodo amet","elit velit esse non","ea minim aliqua excepteur","labore do pariatur","labore eiusmod consequat sit dol","anim aute id labore"}', DEFAULT, DEFAULT, DEFAULT), ('bcb7ae75-c1e7-50cd-ba0b-a339091eb350', '92bf5244-388d-5bbf-bd84-1c7ad2efe31b', 23, 'private', 'Late Game Scaling Strategy', '{"dolor dolor amet","Lorem sint duis tempor eu","minim tempor","enim voluptate"}', DEFAULT, DEFAULT, DEFAULT), ('22dccad0-36ca-5845-a1bd-b6027b406b8d', '5777772e-8d66-5c0f-ab03-fb0419760db6', 24, 'unlisted', 'Siege Tactics Handbook', '{"mollit"}', DEFAULT, DEFAULT, DEFAULT), ('d3293b00-a774-5f1e-99fc-e8f05eabde14', 'b32027db-33da-5dc2-b906-e0c2a06ac683', 27, 'unlisted', 'Team Fight Execution Plan', '{"ea veniam","esse sint ullamco","qui cupidatat do proident","magna pariatur laborum ullamco t","anim fugiat id ea","labore minim fugiat","quis laboris anim est","fugiat labore labore","fugiat tempor mollit","elit culpa"}', DEFAULT, DEFAULT, DEFAULT), ('6822c6f8-ae35-5c57-9558-9cc55665f5cb', 'a5831e58-2fc9-5b59-970d-00c344a4eb18', 28, 'private', 'Siege Tactics Handbook', '{"aute adipisicing nostrud aute ul","tempor irure","qui tempor consequat eiusmod","voluptate quis","est do id","qui","eu consectetur aliqua","ex id"}', DEFAULT, DEFAULT, DEFAULT), ('8ac966bd-de46-5e4a-8401-5328d63ae1b4', 'd297ab9e-40d4-51b5-bb8f-a1df399f1a9a', 28, 'unlisted', 'Early Game Dominance Guide', '{"incididunt ex cillum voluptate"}', DEFAULT, DEFAULT, DEFAULT), ('36f6354b-1927-5b66-8fab-ef32da0e1694', '8d3f145b-67b0-504d-b49a-d59ecea5d2d8', 30, 'public', 'Split Push Blueprint', '{"eu","fugiat"}', DEFAULT, DEFAULT, DEFAULT), ('a3befd2b-2867-5547-af7d-2fe7d53b98ef', 'e5b4727f-be5e-52c0-83cb-cb7ba230945f', 24, 'unlisted', 'Vision Denial Blueprint', '{"voluptate occaecat ullamco"}', DEFAULT, DEFAULT, DEFAULT), ('4d502d01-8a3a-58bc-acb8-f61c47f35e10', 'eda91f04-12ef-5904-88aa-e6ed9a692e03', 29, 'unlisted', 'Siege Tactics Handbook', '{"aliqua aliqua irure","enim aute magna occaecat","voluptate officia occaecat labor","aliquip minim deserunt est","id aliquip consequat","in laborum","dolore proident"}', DEFAULT, DEFAULT, DEFAULT), ('ebdf08a4-39c5-5347-ab53-e4ef0e2d1add', 'ca65e33b-de71-5d46-933a-849036127987', 24, 'public', 'Roaming Support Plan', '{"id cupidatat ex exercitation","culpa elit","cupidatat in aliquip reprehender","enim magna Lorem proident","sit","aliquip consectetur consectetur","proident","tempor veniam dolor"}', DEFAULT, DEFAULT, DEFAULT), ('4cfaa7bd-7f8e-52b6-a079-b1fc1773dccb', 'e5b4727f-be5e-52c0-83cb-cb7ba230945f', 25, 'private', 'Map Control Blueprint', '{"pariatur eiusmod id","consectetur fugiat ea ad"}', DEFAULT, DEFAULT, DEFAULT), ('379aa38a-0dab-5c06-8cdb-45bf5d7e2d27', '756cbb59-27d6-58f3-b4b9-8b56121e683f', 23, 'unlisted', 'Split Push Blueprint', '{"cupidatat anim occaecat"}', DEFAULT, DEFAULT, DEFAULT), ('1cb4e4cf-86cc-5f46-9e77-98b857e060d9', '9584676f-0635-591a-a937-d230d9a3abf3', 30, 'private', 'Vision Control Blueprint', '{"aute","do"}', DEFAULT, DEFAULT, DEFAULT), ('f39bcc07-5eef-5435-b6e9-d947c3bae70d', 'd1b8f3f8-af26-5088-8712-273c28ba98f7', 21, 'public', 'Late Game Scaling Strategy', '{"qui amet occaecat dolor","qui","laborum exercitation nulla venia","adipisicing adipisicing","nostrud nostrud aliqua","ullamco officia aute"}', DEFAULT, DEFAULT, DEFAULT), ('20a16bbe-0188-55a3-8d14-7e2e6b37794e', '5777772e-8d66-5c0f-ab03-fb0419760db6', 29, 'public', 'Split Push Blueprint', '{}', DEFAULT, DEFAULT, DEFAULT), ('75a162e8-f427-5c64-baca-dba20bc829dd', '36f6f3ba-e867-5008-b6c1-829e989f9d2f', 27, 'unlisted', 'Objective Focused Strategy', '{"laboris exercitation nulla esse "}', DEFAULT, DEFAULT, DEFAULT), ('5075bfb2-60b4-588c-ba9f-cd0f3efae77e', '8926b9fd-34b2-5421-a25c-9cd89c12cad0', 25, 'public', 'Vision Denial Blueprint', '{"nostrud adipisicing","excepteur occaecat dolore","ut amet esse","ex amet culpa","sunt in commodo magna et","dolor adipisicing ut ipsum","aute cupidatat laborum enim","sit ipsum"}', DEFAULT, DEFAULT, DEFAULT), ('329b0bda-79b1-53f3-afe7-b7495bde0220', '59558fa1-9cc0-5e85-a331-879d76e07f05', 22, 'public', 'Rotation Strategy Document', '{"adipisicing tempor incididunt","nisi anim","duis do consequat","nisi mollit esse cillum minim","cillum","deserunt reprehenderit ut amet"}', DEFAULT, DEFAULT, DEFAULT), ('fc992b53-61aa-5185-8280-7863348ce734', '9584676f-0635-591a-a937-d230d9a3abf3', 22, 'unlisted', 'Early Game Dominance Guide', '{"in esse","ex enim anim est proident"}', DEFAULT, DEFAULT, DEFAULT), ('e15f78fd-c85d-5196-b441-614f0f00a652', 'eda91f04-12ef-5904-88aa-e6ed9a692e03', 23, 'unlisted', 'Jungle Control Playbook', '{"nisi minim consectetur","laborum quis culpa"}', DEFAULT, DEFAULT, DEFAULT), ('27d28c73-d0c0-5545-a0d3-0f0fa8e1aca6', '36f6f3ba-e867-5008-b6c1-829e989f9d2f', 22, 'unlisted', 'Roaming Support Plan', '{"sit cillum ipsum labore","commodo in ullamco","veniam ex amet culpa","magna et deserunt officia aliqua","duis exercitation ad elit","in duis","culpa adipisicing","ad tempor duis"}', DEFAULT, DEFAULT, DEFAULT), ('bc0ae162-e51f-5f29-b5b0-87887eac9c85', 'e5b4727f-be5e-52c0-83cb-cb7ba230945f', 27, 'unlisted', 'Secure Objective Playbook', '{"magna nisi anim proident","sint sint culpa ipsum","et","do velit excepteur nostrud","nulla sint"}', DEFAULT, DEFAULT, DEFAULT), ('23cfe397-d97e-55bf-af72-35043f52d2bb', '92bf5244-388d-5bbf-bd84-1c7ad2efe31b', 28, 'private', 'Objective Focused Strategy', '{"minim tempor","incididunt","amet reprehenderit id consectetu","ex ullamco minim","dolore amet aliqua","occaecat culpa anim tempor"}', DEFAULT, DEFAULT, DEFAULT), ('2135e4d6-4261-59ed-a63d-11a8a55ba0c0', 'b5605791-3389-56c2-9ec6-17d538b9bb85', 25, 'unlisted', 'Wave Management Plan', '{"adipisicing","pariatur","id et do"}', DEFAULT, DEFAULT, DEFAULT), ('32ca2e92-cee8-58b4-beec-0fd9742bf2df', '756cbb59-27d6-58f3-b4b9-8b56121e683f', 28, 'private', 'Counter Pick Blueprint', '{"ad","eu labore reprehenderit quis do","occaecat voluptate reprehenderit","est in","sunt laboris Lorem velit tempor","veniam est","cupidatat quis in est commodo","voluptate excepteur esse"}', DEFAULT, DEFAULT, DEFAULT), ('69e335b1-cf42-5234-867f-fc3222ba0932', '8b7e423b-b9b9-5b3c-bf3d-1aa45d16235c', 27, 'public', 'Defensive Turtle Tactics', '{"ut consectetur nisi aliqua","non consequat ut"}', DEFAULT, DEFAULT, DEFAULT), ('4addfd63-7007-5913-b0c6-95e35fe44af0', '305fa448-c3bf-59c7-a989-19ae69ce0725', 25, 'unlisted', 'Defensive Turtle Tactics', '{"eiusmod ullamco","laboris occaecat","ipsum amet dolor"}', DEFAULT, DEFAULT, DEFAULT), ('29e1da9c-3bfa-53c5-8780-7032cb48ed69', 'ac9f0e3e-b030-584f-a8dd-87355fe22537', 28, 'private', 'Aggressive Rush Strategy', '{"irure dolore elit","excepteur et","cillum dolor","est Lorem","sint","nulla sunt duis","laborum sunt","sunt aute"}', DEFAULT, DEFAULT, DEFAULT), ('0fe3263a-4b99-5049-afdd-8a29336988d1', 'd297ab9e-40d4-51b5-bb8f-a1df399f1a9a', 30, 'private', 'Defensive Turtle Tactics', '{"amet elit","sunt esse deserunt ea","duis non amet","cupidatat quis minim nostrud","aliqua cillum dolore proident al"}', DEFAULT, DEFAULT, DEFAULT), ('de533318-8238-5b98-90fa-7923fbda78df', '756cbb59-27d6-58f3-b4b9-8b56121e683f', 23, 'public', 'Aggressive Rush Strategy', '{"nisi laboris","Lorem commodo"}', DEFAULT, DEFAULT, DEFAULT), ('91b0fe2a-8d53-5dfa-804e-dadbd5fed2f0', 'cfbfd1d4-e77f-57e5-94da-e9ff2cc7a996', 23, 'unlisted', 'Roaming Support Plan', '{}', DEFAULT, DEFAULT, DEFAULT), ('f2da91e9-e150-5eba-811a-769c8b464b2d', '19495f2f-99a6-5394-9596-a1d3fb0d3196', 27, 'private', 'Aggressive Rush Strategy', '{"sit proident ea aliqua nulla","officia","sunt eiusmod sint pariatur enim","ut velit","et sit proident","ut irure consequat","voluptate nisi ea cupidatat","fugiat exercitation eiusmod inci"}', DEFAULT, DEFAULT, DEFAULT), ('830462ad-e07d-578c-9343-4c2f3f3f896d', '8a0a556f-d942-55f0-8ba8-1ffbfaf3c6d9', 21, 'public', 'Aggressive Rush Strategy', '{"cillum veniam","ea ex excepteur","est ea","incididunt sunt velit veniam inc","magna quis","esse ad et nisi amet","quis","proident sunt laborum amet incid","velit tempor"}', DEFAULT, DEFAULT, DEFAULT), ('e4d512a0-9012-54c8-a0de-d2cfb46cc4e7', '8b7e423b-b9b9-5b3c-bf3d-1aa45d16235c', 21, 'private', 'Gank Heavy Approach', '{"irure ea dolor do Lorem","non commodo","aliqua Lorem reprehenderit enim","aliquip ex"}', DEFAULT, DEFAULT, DEFAULT), ('8fc4ec28-bbda-57ff-86ae-02acc462e7a3', 'b7a89d05-549f-565f-b631-b59097e91d1a', 22, 'unlisted', 'Split Push Blueprint', '{"ad veniam magna","amet","qui incididunt qui voluptate","enim ipsum aliquip","est sit ullamco occaecat","ea culpa duis","officia magna"}', DEFAULT, DEFAULT, DEFAULT), ('46cb3ac1-56db-5482-a77b-488299529f1c', '6c52c1d9-13a4-51ef-ae51-1dacc4c14be9', 28, 'unlisted', 'Roaming Support Plan', '{"mollit dolor nisi commodo","esse reprehenderit commodo","sunt reprehenderit pariatur qui "}', DEFAULT, DEFAULT, DEFAULT), ('ca6dab04-25c1-5208-bf77-9e5162704420', '9bf2ad50-cccb-50eb-8269-3a7e78bd21f5', 29, 'private', 'Wave Management Plan', '{"Lorem aute","occaecat fugiat","et eu ad","voluptate cillum magna deserunt","laboris nulla tempor magna","mollit officia laborum esse","voluptate adipisicing"}', DEFAULT, DEFAULT, DEFAULT), ('54485efb-a52b-5ef1-8d37-32b22dc487d0', 'cd7c291a-6d6e-5632-91e5-b7fd7a634d7d', 27, 'private', 'Defensive Turtle Tactics', '{"ullamco Lorem mollit Lorem et","ullamco pariatur amet","aliquip deserunt dolor consectet"}', DEFAULT, DEFAULT, DEFAULT), ('1fa8fec1-5ed8-5fb9-afc2-a5a8eea61a64', '59558fa1-9cc0-5e85-a331-879d76e07f05', 24, 'public', 'Gank Heavy Approach', '{"occaecat velit anim","commodo ipsum ullamco","duis laborum tempor"}', DEFAULT, DEFAULT, DEFAULT), ('21212b38-5327-5020-9dc6-3fca09a6128f', '1d3f740a-8c60-5c1d-aa9e-3854a33c8e1d', 25, 'unlisted', 'Baron Control Strategy', '{"consectetur sunt sit","sunt officia eiusmod nisi Lorem"}', DEFAULT, DEFAULT, DEFAULT), ('b22cc198-1bf7-5cc9-b682-385ac5f11217', '438bff0e-fd50-5c86-89ee-d397a0c0e548', 22, 'unlisted', 'Map Control Blueprint', '{}', DEFAULT, DEFAULT, DEFAULT), ('07d77b7a-f8bb-53ab-8750-034a7dc2bcb0', 'f52ce409-f800-5a86-b4ed-ce1a99a8a6ae', 28, 'unlisted', 'Defensive Turtle Tactics', '{"eiusmod excepteur","laborum ea qui","velit cillum"}', DEFAULT, DEFAULT, DEFAULT), ('f7f63dc3-d8b7-5f42-b802-636e4e3f43bb', '2589cf16-4103-5a4f-b544-b30078083eaa', 27, 'private', 'Split Push Blueprint', '{"non et exercitation","dolore","minim ea","eiusmod incididunt exercitation ","qui qui cillum","cillum veniam consectetur quis p","consequat eiusmod consectetur el"}', DEFAULT, DEFAULT, DEFAULT), ('a1dd34cc-747e-59d2-bb04-592165ee24b7', '1e7e0bcb-4fc0-5d72-81a5-d67a74a13595', 30, 'private', 'Late Game Scaling Strategy', '{"aute fugiat veniam proident labo","in Lorem"}', DEFAULT, DEFAULT, DEFAULT), ('b111722b-fdf4-55f7-a1ea-183bf540f7e3', 'f4b5542b-ba61-519e-a8d2-5793282ad487', 29, 'unlisted', 'Jungle Control Playbook', '{}', DEFAULT, DEFAULT, DEFAULT), ('de288e5e-33f8-5b49-9dad-83fa7d46ac0d', 'b32027db-33da-5dc2-b906-e0c2a06ac683', 27, 'private', 'Late Game Scaling Strategy', '{"deserunt labore commodo","elit aliqua","magna cupidatat","irure","aliquip veniam","cillum pariatur velit enim nulla"}', DEFAULT, DEFAULT, DEFAULT), ('f1ab7f2e-7a01-59f1-b811-78e3b78b40bc', '5777772e-8d66-5c0f-ab03-fb0419760db6', 28, 'private', 'Vision Denial Blueprint', '{"occaecat","pariatur"}', DEFAULT, DEFAULT, DEFAULT), ('e0783de7-ca51-5f0a-a7ac-8dcd533efd10', '290e51c6-7ff6-5db4-8f40-69dda051b66c', 30, 'unlisted', 'Rotation Strategy Document', '{"sit et est qui","aliquip fugiat laboris laboris"}', DEFAULT, DEFAULT, DEFAULT), ('c3238b63-2dda-5915-8ca5-773255a1cfad', '2d1d7734-be70-5d07-a538-e76c6cae722e', 22, 'private', 'Defensive Turtle Tactics', '{"aliquip adipisicing ut reprehend"}', DEFAULT, DEFAULT, DEFAULT), ('7b1aca75-d87e-55c4-87f7-005fafbadfdb', '853509f0-6836-5fa7-87f2-fb0a9a8766d2', 26, 'public', 'Wave Management Plan', '{"dolore anim ea do","ea sunt"}', DEFAULT, DEFAULT, DEFAULT), ('106d238e-2ba4-525c-8d85-994f8dfb2984', 'e4de1a09-bd9a-5e42-b92c-2cb1af28bec6', 25, 'unlisted', 'Gank Heavy Approach', '{"fugiat officia","est commodo consequat excepteur"}', DEFAULT, DEFAULT, DEFAULT), ('72f05d50-2802-535d-af55-29384395d238', '9b1fc781-1e4e-56d2-bd68-0dc257a319c0', 29, 'unlisted', 'Rotation Strategy Document', '{}', DEFAULT, DEFAULT, DEFAULT), ('f914b2f3-d88a-52e4-ac43-1ef8cffb4d34', 'b32027db-33da-5dc2-b906-e0c2a06ac683', 29, 'public', 'Map Control Blueprint', '{"aute","sint do","nostrud minim","duis ut do deserunt","pariatur voluptate est laborum","non","Lorem dolore minim in dolore","officia","Lorem reprehenderit eu cillum","amet irure consectetur ea"}', DEFAULT, DEFAULT, DEFAULT), ('c620930b-8f59-50ae-bf46-b1a3aca28f0a', 'd9bba68a-079c-5141-bd43-756b87167584', 28, 'unlisted', 'Map Control Blueprint', '{"non qui aliqua"}', DEFAULT, DEFAULT, DEFAULT), ('c78418ab-6a36-52f6-ad32-89289156138c', '8b7e423b-b9b9-5b3c-bf3d-1aa45d16235c', 25, 'public', 'Vision Denial Blueprint', '{"ad","quis do exercitation qui excepte"}', DEFAULT, DEFAULT, DEFAULT), ('ed7bef30-09b5-5167-a122-9b398a76eaef', '8926b9fd-34b2-5421-a25c-9cd89c12cad0', 29, 'unlisted', 'Aggressive Rush Strategy', '{"dolore","eu in ad"}', DEFAULT, DEFAULT, DEFAULT), ('ecddf116-85cf-5aef-8c73-6e5963680c88', '8b7e423b-b9b9-5b3c-bf3d-1aa45d16235c', 27, 'private', 'Roaming Support Plan', '{"ullamco amet","ea mollit enim reprehenderit","eiusmod tempor nostrud fugiat","irure","reprehenderit ea culpa ea elit","esse","laborum eiusmod nisi sit","dolore minim quis pariatur","amet aute dolore labore pariatur"}', DEFAULT, DEFAULT, DEFAULT), ('5bb46529-9916-530c-88e4-31ac6d441591', 'eecf8a7e-af2f-524d-a645-c5fba3ebda06', 21, 'private', 'Late Game Scaling Strategy', '{"quis et qui esse","et laboris tempor duis"}', DEFAULT, DEFAULT, DEFAULT), ('8b092693-9a40-5f6a-a57b-3c3e9f5288f7', 'f52ce409-f800-5a86-b4ed-ce1a99a8a6ae', 27, 'private', 'Defensive Turtle Tactics', '{"magna exercitation","officia sit","incididunt nisi non cillum volup","consectetur eiusmod nostrud"}', DEFAULT, DEFAULT, DEFAULT), ('65d96d53-ecd8-5cb9-a3d4-a2842c9c629f', 'cfbfd1d4-e77f-57e5-94da-e9ff2cc7a996', 23, 'private', 'Vision Denial Blueprint', '{"commodo labore aliquip"}', DEFAULT, DEFAULT, DEFAULT), ('672c681b-4325-56a5-8413-28facb838b89', '6c52c1d9-13a4-51ef-ae51-1dacc4c14be9', 26, 'unlisted', 'Wave Management Plan', '{"occaecat","minim adipisicing nisi","exercitation magna magna laborum","in","quis","cillum","dolor adipisicing Lorem","id laborum adipisicing"}', DEFAULT, DEFAULT, DEFAULT), ('49d19d37-5ee3-59d0-a985-37b5b703ceb0', '5777772e-8d66-5c0f-ab03-fb0419760db6', 23, 'public', 'Team Fight Execution Plan', '{"sint tempor"}', DEFAULT, DEFAULT, DEFAULT), ('66e9d7dd-018c-5299-8470-9f074683bd55', '3204ce32-7c5b-5953-969e-fe1d17de6e76', 25, 'unlisted', 'Early Game Dominance Guide', '{"cupidatat reprehenderit magna"}', DEFAULT, DEFAULT, DEFAULT), ('d4a93045-0519-5ae2-8bd3-51a7d07f2b97', '5d378209-1fd5-506f-8b3f-511a16489d69', 21, 'private', 'Split Push Blueprint', '{"reprehenderit ea nostrud id pari","et cillum eu in irure","exercitation do sint duis nulla","laborum in adipisicing","nisi anim"}', DEFAULT, DEFAULT, DEFAULT), ('b5bd1f0b-0be5-592a-87b7-65db36f2fa17', 'eda91f04-12ef-5904-88aa-e6ed9a692e03', 21, 'unlisted', 'Aggressive Rush Strategy', '{"eiusmod ea voluptate laboris","laborum minim cillum consectetur","sit","veniam voluptate elit laborum au","ut do","consequat aliquip et laboris","ex sint","ex esse aliquip est proident","sint voluptate","laborum do ullamco sunt"}', DEFAULT, DEFAULT, DEFAULT), ('902168ab-57a5-5714-b589-ecf1bd6d2517', 'd19db439-c7e7-53a7-aa19-0db346180dc1', 21, 'unlisted', 'Vision Control Blueprint', '{"anim adipisicing ipsum cillum","excepteur","proident ea","commodo tempor commodo fugiat","elit ad","consectetur fugiat","non"}', DEFAULT, DEFAULT, DEFAULT), ('8e1b1af0-d36a-5958-9b32-c8f59e8edaf9', 'b32027db-33da-5dc2-b906-e0c2a06ac683', 24, 'private', 'Objective Focused Strategy', '{"cupidatat nostrud tempor qui","aute quis minim"}', DEFAULT, DEFAULT, DEFAULT), ('9ca1e23a-7fd9-5be2-b14a-5f50a52fda0a', '19495f2f-99a6-5394-9596-a1d3fb0d3196', 21, 'private', 'Counter Pick Blueprint', '{}', DEFAULT, DEFAULT, DEFAULT), ('b458c0d2-4d21-597a-9d7c-522e47032d79', '8926b9fd-34b2-5421-a25c-9cd89c12cad0', 25, 'unlisted', 'Siege Tactics Handbook', '{"amet","ex officia eiusmod ad","reprehenderit ullamco Lorem ad d","quis anim"}', DEFAULT, DEFAULT, DEFAULT), ('aeae5590-e6d3-5c02-8a1c-40a6bcf61bd6', 'b32027db-33da-5dc2-b906-e0c2a06ac683', 23, 'private', 'Vision Control Blueprint', '{"voluptate sint consequat"}', DEFAULT, DEFAULT, DEFAULT), ('e62ff15d-b4e8-5f8b-b8c8-56d105c9d705', 'd1b8f3f8-af26-5088-8712-273c28ba98f7', 28, 'private', 'Defensive Turtle Tactics', '{"reprehenderit voluptate","deserunt do nostrud adipisicing ","exercitation Lorem sit","et duis veniam","sint culpa","labore","enim ea sint"}', DEFAULT, DEFAULT, DEFAULT), ('2650d5c8-a9d2-57ad-a70d-8c89cf994021', '8926b9fd-34b2-5421-a25c-9cd89c12cad0', 29, 'private', 'Vision Denial Blueprint', '{"esse consequat consequat","voluptate veniam esse aute anim","elit proident laboris","excepteur amet pariatur duis rep","qui in laborum","eiusmod aute aute"}', DEFAULT, DEFAULT, DEFAULT), ('57851dd8-0d7e-5b03-b70f-32940ae107ce', '26f7bb6a-3c9c-5b30-b11b-be5ebfb91948', 26, 'unlisted', 'Team Fight Execution Plan', '{"ipsum ea proident","esse laboris fugiat incididunt","adipisicing duis duis","cillum ea enim","ipsum amet","qui ipsum enim eiusmod","aute","do sunt excepteur commodo anim"}', DEFAULT, DEFAULT, DEFAULT), ('0bb88883-c32b-547d-bac2-9dcbf9437722', '5d378209-1fd5-506f-8b3f-511a16489d69', 24, 'unlisted', 'Vision Control Blueprint', '{"laborum laboris officia fugiat","excepteur","deserunt ea qui consectetur proi","nostrud anim eu nulla","fugiat","tempor est","Lorem magna","qui labore minim","proident adipisicing irure esse"}', DEFAULT, DEFAULT, DEFAULT), ('f2096d39-9bcd-5cc9-af38-3924bad39e01', 'f52ce409-f800-5a86-b4ed-ce1a99a8a6ae', 27, 'unlisted', 'Aggressive Rush Strategy', '{"reprehenderit esse","qui duis"}', DEFAULT, DEFAULT, DEFAULT), ('cdc85c53-30bc-5c6e-91cc-2af72696e64b', '7d0c4d54-58ae-5ddf-b108-590171e8655a', 24, 'private', 'Objective Focused Strategy', '{"labore magna aliquip veniam","aliquip duis minim","laborum","anim enim","non officia consectetur in","nulla laborum sit id","aliqua occaecat duis esse ex"}', DEFAULT, DEFAULT, DEFAULT), ('a0fe813c-8a2e-57ff-8950-530eb72350cc', '438bff0e-fd50-5c86-89ee-d397a0c0e548', 21, 'public', 'Aggressive Rush Strategy', '{"ad fugiat commodo amet","elit","proident ex commodo enim","ipsum cillum","pariatur eiusmod laborum proiden","ullamco consectetur","ipsum cupidatat incididunt exerc","laboris mollit dolore eiusmod mo"}', DEFAULT, DEFAULT, DEFAULT), ('3dcb1c72-1f38-50a2-8a79-9f8b83862a0b', '8b7e423b-b9b9-5b3c-bf3d-1aa45d16235c', 30, 'public', 'Baron Control Strategy', '{"esse do qui excepteur deserunt","incididunt aute minim ut","dolore aute aliqua"}', DEFAULT, DEFAULT, DEFAULT), ('b529db67-e1b4-5e7d-9a32-267867bbcbad', 'd1b8f3f8-af26-5088-8712-273c28ba98f7', 21, 'public', 'Early Game Dominance Guide', '{"in deserunt","proident qui","nulla minim","ea velit officia dolor aute","esse sint","aliquip do excepteur","cillum duis","amet aliquip esse cupidatat","id sunt","irure proident cillum"}', DEFAULT, DEFAULT, DEFAULT), ('89b21cb6-fbf3-585a-b9c1-304fad97258b', 'b32027db-33da-5dc2-b906-e0c2a06ac683', 22, 'unlisted', 'Vision Control Blueprint', '{"reprehenderit culpa","esse","reprehenderit adipisicing anim f","ipsum ut","eiusmod reprehenderit","occaecat commodo aute","et nulla ex exercitation","non proident culpa dolore quis"}', DEFAULT, DEFAULT, DEFAULT), ('8af27ce1-15c1-5703-a4c5-07ea669df0c7', '26f7bb6a-3c9c-5b30-b11b-be5ebfb91948', 24, 'public', 'Late Game Scaling Strategy', '{"sit adipisicing do culpa","fugiat quis","magna","cillum ad","qui proident eu","ut"}', DEFAULT, DEFAULT, DEFAULT), ('e9960db1-b450-5d20-820c-87fab4f40dc8', 'b32027db-33da-5dc2-b906-e0c2a06ac683', 30, 'private', 'Vision Control Blueprint', '{"ea consequat et aliquip et","laboris sint Lorem ea","in elit dolore enim fugiat","cillum irure culpa ea","id labore","est sit commodo Lorem","eiusmod aute ad","proident","velit excepteur do aliqua"}', DEFAULT, DEFAULT, DEFAULT), ('2dd10f1f-4836-53b2-b2b6-ae71861e43d0', 'cd7c291a-6d6e-5632-91e5-b7fd7a634d7d', 28, 'private', 'Roaming Support Plan', '{"ea qui consequat consectetur","occaecat voluptate proident","elit ea fugiat minim","aute sunt","quis","incididunt","est id id","voluptate ea"}', DEFAULT, DEFAULT, DEFAULT), ('09d4e842-df61-577d-8d06-00daf3b676e2', 'f4b5542b-ba61-519e-a8d2-5793282ad487', 23, 'unlisted', 'Early Game Dominance Guide', '{"irure irure ipsum ipsum nulla","ex laboris","Lorem quis ipsum","dolore mollit"}', DEFAULT, DEFAULT, DEFAULT), ('6fe4789e-9a02-5c94-8c81-5bb4cffd7850', '9b1fc781-1e4e-56d2-bd68-0dc257a319c0', 23, 'public', 'Siege Tactics Handbook', '{"amet aliqua","officia cillum quis","Lorem do culpa","velit adipisicing anim ut","anim reprehenderit sint","dolore ullamco laborum","nulla","pariatur qui reprehenderit","cillum voluptate dolor cupidatat"}', DEFAULT, DEFAULT, DEFAULT), ('62834a20-27ac-5894-8947-a4e2ffb67f5b', '6c52c1d9-13a4-51ef-ae51-1dacc4c14be9', 26, 'unlisted', 'Rotation Strategy Document', '{"ad Lorem magna qui magna","qui fugiat deserunt","excepteur anim ullamco","dolore","eiusmod nisi","excepteur nisi laborum velit","irure quis laboris"}', DEFAULT, DEFAULT, DEFAULT), ('ce25e6d7-50b4-50c3-8210-685ee22346f3', 'd297ab9e-40d4-51b5-bb8f-a1df399f1a9a', 21, 'unlisted', 'Gank Heavy Approach', '{"laboris","labore cillum veniam"}', DEFAULT, DEFAULT, DEFAULT), ('a4e4a518-fb32-53bf-9d1c-f336f8cd8c45', '1e7e0bcb-4fc0-5d72-81a5-d67a74a13595', 27, 'public', 'Late Game Scaling Strategy', '{}', DEFAULT, DEFAULT, DEFAULT), ('d5862a76-70cd-55db-a302-365d7ec101f5', 'e5b4727f-be5e-52c0-83cb-cb7ba230945f', 30, 'public', 'Wave Management Plan', '{"nulla sunt laborum cupidatat","non enim magna","Lorem qui duis","sit magna","reprehenderit mollit proident","esse","consequat velit proident enim si","ex fugiat incididunt velit","aliqua non"}', DEFAULT, DEFAULT, DEFAULT), ('fff5567f-d4a5-542e-ba70-1119521ca0cb', 'a88bc9b9-135e-55c7-8c4c-5a072a3c8573', 27, 'public', 'Defensive Turtle Tactics', '{"esse aliqua officia velit","qui proident eu do pariatur"}', DEFAULT, DEFAULT, DEFAULT), ('48abaf7b-d65e-5371-8d5f-1be4621911e6', 'ca65e33b-de71-5d46-933a-849036127987', 21, 'unlisted', 'Baron Control Strategy', '{"sunt officia","et deserunt amet officia pariatu","consequat","non qui esse aliquip","proident tempor laboris ut quis","fugiat in nisi commodo"}', DEFAULT, DEFAULT, DEFAULT), ('05b8ebd6-06e1-5ce6-85d9-1fda124d11b0', 'e4de1a09-bd9a-5e42-b92c-2cb1af28bec6', 23, 'unlisted', 'Objective Focused Strategy', '{"quis incididunt","ullamco","ex quis quis dolore do","ad aliqua magna culpa","laborum mollit dolore laborum"}', DEFAULT, DEFAULT, DEFAULT), ('be5a4c70-a4ff-57c0-8c2c-437a6d77f25c', '19495f2f-99a6-5394-9596-a1d3fb0d3196', 30, 'public', 'Vision Denial Blueprint', '{"et fugiat ipsum","officia anim ad","in culpa","id mollit ipsum esse","veniam","incididunt amet esse adipisicing","anim fugiat minim enim","labore laboris occaecat"}', DEFAULT, DEFAULT, DEFAULT), ('e6ff83af-5ec2-537d-b04b-784bd77a5871', '853509f0-6836-5fa7-87f2-fb0a9a8766d2', 24, 'private', 'Split Push Blueprint', '{"magna dolore ad"}', DEFAULT, DEFAULT, DEFAULT), ('dc9bffb4-1647-5c5d-8c1f-d89500e89900', '8b7e423b-b9b9-5b3c-bf3d-1aa45d16235c', 22, 'unlisted', 'Defensive Turtle Tactics', '{"sunt ea enim elit","commodo non ullamco labore ex"}', DEFAULT, DEFAULT, DEFAULT), ('ec767a01-17bb-518c-9633-78ebc8caded3', 'e5b4727f-be5e-52c0-83cb-cb7ba230945f', 26, 'private', 'Baron Control Strategy', '{"sunt occaecat est magna nisi","cupidatat sint exercitation veni","in cupidatat voluptate tempor","do non voluptate cupidatat dolor","occaecat","do","laborum adipisicing laborum in","laborum","nisi anim exercitation"}', DEFAULT, DEFAULT, DEFAULT), ('6c642b40-bb15-55fa-9319-9c100d27adc7', '26f7bb6a-3c9c-5b30-b11b-be5ebfb91948', 29, 'private', 'Vision Denial Blueprint', '{"tempor","cillum pariatur nulla","dolore quis sint deserunt labore","reprehenderit cupidatat proident","ipsum fugiat sint Lorem","dolor aute esse occaecat"}', DEFAULT, DEFAULT, DEFAULT), ('197f52e9-f9b3-54a3-a900-9ddcd2cd98d5', '7d0c4d54-58ae-5ddf-b108-590171e8655a', 23, 'unlisted', 'Vision Control Blueprint', '{"veniam eiusmod sint enim","in occaecat","velit do","magna culpa aliqua magna","ad sunt incididunt cillum","amet mollit ad id"}', DEFAULT, DEFAULT, DEFAULT), ('b239ffdb-847f-5400-b1f9-97e186ea36bc', 'a3141029-aec2-543b-b18a-49fe947e3304', 21, 'private', 'Wave Management Plan', '{"ex elit aute elit","dolor","laborum reprehenderit deserunt p"}', DEFAULT, DEFAULT, DEFAULT), ('c3124970-b58c-5748-8a01-4ba1d7466b2b', '7d0c4d54-58ae-5ddf-b108-590171e8655a', 30, 'unlisted', 'Objective Focused Strategy', '{"Lorem excepteur","consequat ex ex ad","sit dolore nisi aliquip","in id velit laboris","in voluptate"}', DEFAULT, DEFAULT, DEFAULT), ('2fbdef88-7d4a-5528-bb59-74f725709563', '26f7bb6a-3c9c-5b30-b11b-be5ebfb91948', 23, 'private', 'Map Control Blueprint', '{"reprehenderit velit aliqua ad","in ex dolore amet exercitation","aliqua do do non","sit dolor consequat"}', DEFAULT, DEFAULT, DEFAULT), ('a03637de-3a86-5f2c-a9a1-71bb222f301f', 'a5831e58-2fc9-5b59-970d-00c344a4eb18', 25, 'private', 'Aggressive Rush Strategy', '{"Lorem veniam","nostrud est"}', DEFAULT, DEFAULT, DEFAULT), ('536d5b0c-dc7c-598f-8fa0-b21c4cd85d48', '59558fa1-9cc0-5e85-a331-879d76e07f05', 26, 'unlisted', 'Counter Pick Blueprint', '{"mollit exercitation exercitation","ex ipsum Lorem in","in aliqua ex","consequat id magna mollit","sunt nulla","incididunt et in elit occaecat"}', DEFAULT, DEFAULT, DEFAULT), ('f04b6b4b-d5ea-517f-8a7d-71713980487c', 'a3141029-aec2-543b-b18a-49fe947e3304', 29, 'unlisted', 'Rotation Strategy Document', '{"Lorem velit duis","ad est consequat nulla","aliqua esse","dolore excepteur ut occaecat com","ad id sit velit eu","reprehenderit eu labore ea","nisi excepteur non excepteur ea"}', DEFAULT, DEFAULT, DEFAULT), ('363e1d5b-f7b0-5ee0-a43a-f471f9cf9338', '91434b27-2651-5429-8f42-45c3f8e334a0', 22, 'private', 'Late Game Scaling Strategy', '{"cupidatat ex consequat ullamco","pariatur","anim"}', DEFAULT, DEFAULT, DEFAULT), ('edcc2203-6787-52aa-bc0b-a6dcc59388be', '1d3f740a-8c60-5c1d-aa9e-3854a33c8e1d', 25, 'public', 'Vision Control Blueprint', '{"occaecat","magna","duis pariatur","adipisicing qui et nisi","laboris culpa ut"}', DEFAULT, DEFAULT, DEFAULT), ('474b1c92-271b-5e78-878e-3e82398a6e7c', 'd9bba68a-079c-5141-bd43-756b87167584', 22, 'unlisted', 'Jungle Control Playbook', '{"tempor et aliqua eiusmod","labore laborum nulla velit sunt","esse mollit veniam velit aliquip"}', DEFAULT, DEFAULT, DEFAULT), ('8997d96a-4a2f-5fcd-a0a2-88e875f8bba7', '26f7bb6a-3c9c-5b30-b11b-be5ebfb91948', 24, 'unlisted', 'Split Push Blueprint', '{"labore esse"}', DEFAULT, DEFAULT, DEFAULT), ('f61f0c83-60cb-5fa8-a27a-67e606b63adb', '7d0c4d54-58ae-5ddf-b108-590171e8655a', 26, 'private', 'Defensive Turtle Tactics', '{"esse occaecat","reprehenderit","in nulla aliqua tempor ad","cupidatat consequat","enim cupidatat eu","in do velit esse"}', DEFAULT, DEFAULT, DEFAULT), ('30d213ab-4615-5d8b-abee-5b4875c8bfdf', '756cbb59-27d6-58f3-b4b9-8b56121e683f', 22, 'private', 'Roaming Support Plan', '{"elit consequat","velit mollit aute","mollit dolore","tempor deserunt ea","enim qui nisi","consequat","cillum velit fugiat"}', DEFAULT, DEFAULT, DEFAULT), ('7d042aff-1b5b-531f-917f-48f2d58d33c7', '92bf5244-388d-5bbf-bd84-1c7ad2efe31b', 26, 'private', 'Team Fight Execution Plan', '{"non enim enim","fugiat sint minim minim","enim aliqua ea ea"}', DEFAULT, DEFAULT, DEFAULT), ('30e1e77d-2bcf-5591-97ec-d99bd552d8f0', '19495f2f-99a6-5394-9596-a1d3fb0d3196', 22, 'public', 'Vision Denial Blueprint', '{"elit sit occaecat","adipisicing labore consequat","minim do","culpa","ut cillum eu","amet cillum elit excepteur","sit nostrud","reprehenderit aliqua","do dolore culpa"}', DEFAULT, DEFAULT, DEFAULT), ('d53a4a7c-125e-52cd-8ba3-aa3916f71140', 'ca65e33b-de71-5d46-933a-849036127987', 22, 'unlisted', 'Vision Control Blueprint', '{"elit irure Lorem"}', DEFAULT, DEFAULT, DEFAULT), ('47f797b2-50c1-56af-abe6-0081dabe5efd', '6c52c1d9-13a4-51ef-ae51-1dacc4c14be9', 27, 'private', 'Counter Pick Blueprint', '{"enim sint consectetur","esse occaecat duis ad","excepteur aliquip amet","ipsum reprehenderit","excepteur cupidatat irure"}', DEFAULT, DEFAULT, DEFAULT), ('3ebbec39-d360-5461-b442-70abf723c8b8', '59558fa1-9cc0-5e85-a331-879d76e07f05', 24, 'private', 'Aggressive Rush Strategy', '{"amet ullamco aliquip occaecat","cupidatat do ea mollit","est","irure magna consectetur","voluptate ut"}', DEFAULT, DEFAULT, DEFAULT), ('3821efb6-356e-53bd-8a0b-239426475be5', 'd1b8f3f8-af26-5088-8712-273c28ba98f7', 23, 'public', 'Siege Tactics Handbook', '{"minim et ea ipsum anim","dolore et sunt"}', DEFAULT, DEFAULT, DEFAULT), ('f62571e6-585e-5709-b04e-861b7f3db2d2', '2589cf16-4103-5a4f-b544-b30078083eaa', 22, 'public', 'Roaming Support Plan', '{"minim esse","fugiat et"}', DEFAULT, DEFAULT, DEFAULT), ('f706ef0d-b4c8-54ee-ba4a-8f6af14717f8', '1e7e0bcb-4fc0-5d72-81a5-d67a74a13595', 22, 'unlisted', 'Counter Pick Blueprint', '{"in eiusmod laboris in","ex proident ullamco","ut ullamco ullamco Lorem","sit exercitation","reprehenderit reprehenderit eu","culpa tempor","sit consectetur elit et","commodo sint reprehenderit","culpa consectetur"}', DEFAULT, DEFAULT, DEFAULT), ('da6a602b-9dc0-5e13-87e9-323f368838a2', '3204ce32-7c5b-5953-969e-fe1d17de6e76', 30, 'unlisted', 'Gank Heavy Approach', '{"nisi mollit cupidatat reprehende","elit ut eiusmod enim","dolor voluptate"}', DEFAULT, DEFAULT, DEFAULT), ('ae022a2e-97fe-53d7-ace2-f700a65995e2', '19495f2f-99a6-5394-9596-a1d3fb0d3196', 29, 'unlisted', 'Jungle Control Playbook', '{"amet fugiat","pariatur labore et","dolore est","deserunt esse ex minim","cupidatat eiusmod","enim incididunt ut"}', DEFAULT, DEFAULT, DEFAULT), ('7f27719e-c551-5cfa-ab24-3e6a917bc77f', '305fa448-c3bf-59c7-a989-19ae69ce0725', 26, 'public', 'Vision Control Blueprint', '{"nostrud ea voluptate elit","non enim ullamco culpa","qui id","esse magna","fugiat velit excepteur","sint et ad laborum","amet commodo aliqua","amet reprehenderit voluptate","eiusmod occaecat aliqua"}', DEFAULT, DEFAULT, DEFAULT), ('a7afe8c7-8469-5a59-9246-cc18b3ce4b7b', '305fa448-c3bf-59c7-a989-19ae69ce0725', 23, 'private', 'Baron Control Strategy', '{"do officia ad aute","ipsum reprehenderit reprehenderi","tempor est ex","velit esse eiusmod","nulla reprehenderit magna incidi","officia deserunt","commodo cupidatat adipisicing te","elit sunt","enim aute et dolor"}', DEFAULT, DEFAULT, DEFAULT), ('8111ec5f-e01a-5ad1-b89a-b7a64419e202', 'eecf8a7e-af2f-524d-a645-c5fba3ebda06', 29, 'public', 'Vision Denial Blueprint', '{"duis consequat nulla proident","duis ea anim incididunt"}', DEFAULT, DEFAULT, DEFAULT), ('af41c136-c26c-5e1c-81f1-2d9f923ca606', '2589cf16-4103-5a4f-b544-b30078083eaa', 26, 'public', 'Aggressive Rush Strategy', '{"cillum commodo adipisicing dolor","labore","labore","occaecat est","non"}', DEFAULT, DEFAULT, DEFAULT), ('7594efe5-aff1-5874-a5ed-4a9edc7b66bf', '853509f0-6836-5fa7-87f2-fb0a9a8766d2', 27, 'unlisted', 'Defensive Turtle Tactics', '{"quis duis eiusmod reprehenderit","eiusmod ex cillum nulla dolore","ad cillum exercitation"}', DEFAULT, DEFAULT, DEFAULT), ('ee2f9514-a689-5e06-84f0-7f27b56a3774', '9b1fc781-1e4e-56d2-bd68-0dc257a319c0', 30, 'private', 'Aggressive Rush Strategy', '{"deserunt sit tempor consequat"}', DEFAULT, DEFAULT, DEFAULT), ('59ac239c-144e-5ca7-b3e8-b97418726740', 'b7a89d05-549f-565f-b631-b59097e91d1a', 23, 'unlisted', 'Early Game Dominance Guide', '{"laboris eiusmod sunt","cillum nostrud consequat","mollit cupidatat","laboris enim dolor sint","laborum dolore sit tempor labore","elit excepteur eu sunt","consectetur irure ipsum laboris","non dolore anim","voluptate officia nostrud","amet occaecat minim Lorem"}', DEFAULT, DEFAULT, DEFAULT), ('7992b22f-6c16-50ae-ae54-fd84bedb78e7', '8a0a556f-d942-55f0-8ba8-1ffbfaf3c6d9', 24, 'public', 'Jungle Control Playbook', '{"aliquip ullamco","excepteur","amet labore magna et","amet quis","amet sit","in sint voluptate ex irure","labore labore","id officia"}', DEFAULT, DEFAULT, DEFAULT), ('eeb6a56c-bf20-5164-a9c4-2438947a1635', '3ff60d7a-a4ad-54c5-a422-53b52cd53093', 21, 'public', 'Split Push Blueprint', '{"tempor","qui culpa","culpa","elit id","aute cillum fugiat","deserunt veniam deserunt","dolor veniam","quis sit","anim magna sit","cillum minim tempor voluptate si"}', DEFAULT, DEFAULT, DEFAULT), ('ba263b84-62af-5be6-a1da-34f8a9b1c708', '2d1d7734-be70-5d07-a538-e76c6cae722e', 28, 'public', 'Team Fight Execution Plan', '{"cillum reprehenderit proident ma","commodo pariatur","adipisicing magna","occaecat ut veniam et do"}', DEFAULT, DEFAULT, DEFAULT), ('0eda511d-00fb-5edd-a94c-61620ced28e5', '3204ce32-7c5b-5953-969e-fe1d17de6e76', 23, 'private', 'Defensive Turtle Tactics', '{"culpa deserunt","officia est","ipsum amet ad exercitation","ipsum id commodo qui qui","exercitation duis aute","sunt do in","ullamco"}', DEFAULT, DEFAULT, DEFAULT), ('4a82ca5f-1296-51b0-9319-05459a439c92', 'b32027db-33da-5dc2-b906-e0c2a06ac683', 29, 'unlisted', 'Team Fight Execution Plan', '{"dolor id","nulla pariatur dolor","excepteur pariatur cupidatat des","nostrud ut duis fugiat","eu consequat","nisi cillum","proident enim ipsum velit deseru","velit ut sunt sunt mollit","velit officia"}', DEFAULT, DEFAULT, DEFAULT), ('230e6990-91f4-5dc7-b6bc-229a44985e25', 'e5b4727f-be5e-52c0-83cb-cb7ba230945f', 22, 'private', 'Gank Heavy Approach', '{"occaecat dolor incididunt deseru","commodo officia","sit mollit sint et dolore"}', DEFAULT, DEFAULT, DEFAULT), ('01a97da4-f21e-511b-9160-a834d5d7f82e', 'ca65e33b-de71-5d46-933a-849036127987', 23, 'unlisted', 'Split Push Blueprint', '{"excepteur eiusmod laboris","adipisicing voluptate exercitati","eiusmod","dolor nulla","consectetur id ex","et do","ipsum commodo veniam minim","excepteur consectetur elit enim","aute magna nostrud minim nostrud"}', DEFAULT, DEFAULT, DEFAULT), ('1c5613fb-a627-5391-a9ff-0cc49d9b395b', '98eaafd3-adbf-5a3e-adb9-b3fb6971b6f1', 26, 'unlisted', 'Early Game Dominance Guide', '{"proident mollit voluptate labori","culpa","culpa tempor consectetur in sunt","amet eiusmod amet quis"}', DEFAULT, DEFAULT, DEFAULT), ('69b55afa-a769-5eae-849b-0607118f6f38', '1d3f740a-8c60-5c1d-aa9e-3854a33c8e1d', 27, 'public', 'Aggressive Rush Strategy', '{"dolore elit cupidatat","nulla cillum magna adipisicing","deserunt consectetur anim","aliqua ullamco aliqua","enim minim","amet aliqua ut nisi","commodo quis"}', DEFAULT, DEFAULT, DEFAULT), ('5653d3f7-e466-5b59-9cc7-02634d975655', '19495f2f-99a6-5394-9596-a1d3fb0d3196', 30, 'unlisted', 'Wave Management Plan', '{"consequat Lorem","in irure cupidatat ea","culpa","officia aliquip id in","minim ipsum anim"}', DEFAULT, DEFAULT, DEFAULT), ('11917a47-b89e-5663-8d37-049fe2bf5b34', 'cd7c291a-6d6e-5632-91e5-b7fd7a634d7d', 22, 'unlisted', 'Late Game Scaling Strategy', '{"proident ad ea","ipsum minim cillum dolore","esse enim sint velit mollit","quis ut labore","laboris incididunt veniam conseq","ad ipsum","sunt dolor","sit nostrud labore reprehenderit"}', DEFAULT, DEFAULT, DEFAULT), ('c68ff46b-b1a9-581e-aa43-737e3b976580', 'eecf8a7e-af2f-524d-a645-c5fba3ebda06', 23, 'unlisted', 'Objective Focused Strategy', '{"aliqua eiusmod incididunt exerci","cillum incididunt","aliqua adipisicing eiusmod","reprehenderit culpa amet exercit","sunt pariatur","enim culpa","eu elit deserunt exercitation","et enim","dolore tempor do ea ex","tempor Lorem nulla"}', DEFAULT, DEFAULT, DEFAULT), ('e8d13e33-32bc-5c1a-9371-8f828965d869', '7d0c4d54-58ae-5ddf-b108-590171e8655a', 26, 'public', 'Early Game Dominance Guide', '{"consectetur est voluptate labore"}', DEFAULT, DEFAULT, DEFAULT), ('79cca71d-1dd7-5b78-9e31-229bb9872504', '8d3f145b-67b0-504d-b49a-d59ecea5d2d8', 24, 'public', 'Wave Management Plan', '{"consectetur veniam tempor","officia","excepteur cillum anim ex nisi"}', DEFAULT, DEFAULT, DEFAULT), ('cdf1b1e3-61cd-52e6-b86e-eec98ea71e23', '438bff0e-fd50-5c86-89ee-d397a0c0e548', 28, 'private', 'Siege Tactics Handbook', '{"occaecat occaecat non sint","ad nisi","ut ad"}', DEFAULT, DEFAULT, DEFAULT), ('98ea8abd-4f3f-5750-b436-afb8aa79fb82', '36f6f3ba-e867-5008-b6c1-829e989f9d2f', 27, 'private', 'Wave Management Plan', '{"nulla"}', DEFAULT, DEFAULT, DEFAULT), ('bc227bd7-3214-5075-bca0-3f60046ac216', '438bff0e-fd50-5c86-89ee-d397a0c0e548', 24, 'unlisted', 'Map Control Blueprint', '{"aute eiusmod occaecat sunt","eu magna","excepteur veniam","ullamco quis excepteur nisi"}', DEFAULT, DEFAULT, DEFAULT), ('8fd84214-96a6-5d6c-8437-0646145f15a1', 'f52ce409-f800-5a86-b4ed-ce1a99a8a6ae', 24, 'unlisted', 'Split Push Blueprint', '{"labore labore culpa et irure","elit ex fugiat Lorem","sint proident","anim velit Lorem magna"}', DEFAULT, DEFAULT, DEFAULT), ('7b269807-4fdc-5847-8a5c-807ffa02f953', '1e7e0bcb-4fc0-5d72-81a5-d67a74a13595', 30, 'public', 'Aggressive Rush Strategy', '{"ipsum ut et cillum elit","elit eu","labore amet excepteur cillum nis","duis sint nisi","laborum laboris sunt","quis ullamco","eu dolore ex eiusmod","ut quis sunt adipisicing do"}', DEFAULT, DEFAULT, DEFAULT), ('cf8258c4-f278-5c75-a944-c2bcba526ad4', '8b7e423b-b9b9-5b3c-bf3d-1aa45d16235c', 29, 'private', 'Objective Focused Strategy', '{"culpa","irure enim","irure non in anim","qui nisi cillum ea ipsum","est consectetur laboris aliquip","ea officia anim","ea dolore enim","sunt mollit eu sit","fugiat deserunt non exercitation"}', DEFAULT, DEFAULT, DEFAULT), ('2e51b4b0-68ac-5e21-94a2-b7afb1b16016', 'ac9f0e3e-b030-584f-a8dd-87355fe22537', 23, 'unlisted', 'Objective Focused Strategy', '{"cupidatat culpa reprehenderit","ullamco sit","consectetur","sint dolor","id aliqua","culpa","pariatur velit anim eiusmod dolo"}', DEFAULT, DEFAULT, DEFAULT), ('6e9d8d45-1d4b-5cdd-92c5-76194015ba99', '92bf5244-388d-5bbf-bd84-1c7ad2efe31b', 30, 'unlisted', 'Team Fight Execution Plan', '{"id magna Lorem laborum","pariatur voluptate tempor labori","laborum aute incididunt cupidata","fugiat elit","duis minim","voluptate ex ex magna aute","anim quis velit","sint pariatur"}', DEFAULT, DEFAULT, DEFAULT), ('fac7e894-3f38-5663-bc98-486c88732ea4', '6c3f6730-2b1a-5e27-97de-caacad0bb1a5', 29, 'public', 'Objective Focused Strategy', '{"adipisicing irure incididunt","sint aliqua aliqua","tempor ullamco consectetur irure","dolore esse mollit dolore","commodo ipsum","aute veniam ea ad aliquip","duis cupidatat"}', DEFAULT, DEFAULT, DEFAULT), ('7d360079-2c18-5c6d-a1b8-85eb411ace3d', '8d3f145b-67b0-504d-b49a-d59ecea5d2d8', 28, 'unlisted', 'Aggressive Rush Strategy', '{"elit consequat aliqua quis","commodo eiusmod nisi aute"}', DEFAULT, DEFAULT, DEFAULT), ('be194c18-6eee-5ff6-a117-608bade8a86e', '8d3f145b-67b0-504d-b49a-d59ecea5d2d8', 27, 'private', 'Vision Control Blueprint', '{"consequat commodo commodo consec"}', DEFAULT, DEFAULT, DEFAULT), ('74297878-a21d-59b7-aced-265d4a9f30fa', '8b7e423b-b9b9-5b3c-bf3d-1aa45d16235c', 30, 'public', 'Gank Heavy Approach', '{}', DEFAULT, DEFAULT, DEFAULT), ('a0c5fdb3-1581-541b-b560-7473e0935643', '2589cf16-4103-5a4f-b544-b30078083eaa', 22, 'unlisted', 'Jungle Control Playbook', '{"et nostrud dolore quis","sint esse quis","sint dolor","velit","consequat aliqua nostrud irure e"}', DEFAULT, DEFAULT, DEFAULT), ('5bf01130-69dd-5547-acc0-717bf1395fda', 'b32027db-33da-5dc2-b906-e0c2a06ac683', 30, 'unlisted', 'Vision Control Blueprint', '{"amet quis officia enim","proident","veniam","veniam nisi amet non","aliqua","minim esse eu","ea et enim incididunt","aliquip in"}', DEFAULT, DEFAULT, DEFAULT), ('1e052062-4999-589c-af48-bc4a3df69d05', 'a8212e1b-5577-5c28-9c38-2d4fbd753550', 28, 'private', 'Secure Objective Playbook', '{"dolor ex aute","nulla","deserunt voluptate anim","cillum ex eiusmod","et ipsum elit eu","exercitation fugiat labore","id sit"}', DEFAULT, DEFAULT, DEFAULT), ('38b49ca8-b50c-5e98-af9e-9c3898d28f8f', '36f6f3ba-e867-5008-b6c1-829e989f9d2f', 29, 'private', 'Aggressive Rush Strategy', '{"occaecat fugiat irure","magna aliqua","quis deserunt adipisicing","velit ut cupidatat","dolor labore","eiusmod irure velit","magna sunt labore"}', DEFAULT, DEFAULT, DEFAULT), ('9b261f2f-f0b0-57c3-9c3a-156a89bfc9aa', '91434b27-2651-5429-8f42-45c3f8e334a0', 27, 'unlisted', 'Secure Objective Playbook', '{"occaecat cupidatat proident labo","ad ut cupidatat anim","nisi duis ad laborum","adipisicing tempor eu labore qui"}', DEFAULT, DEFAULT, DEFAULT), ('2d9d0644-e0d8-5f5d-84c2-071cd2c099ce', '19495f2f-99a6-5394-9596-a1d3fb0d3196', 21, 'public', 'Defensive Turtle Tactics', '{"minim"}', DEFAULT, DEFAULT, DEFAULT), ('b8c7a039-d039-57f7-bd1e-253b05ef8c03', 'b32027db-33da-5dc2-b906-e0c2a06ac683', 22, 'private', 'Vision Denial Blueprint', '{"nisi velit","ut cillum reprehenderit laborum ","sint deserunt","sit esse elit","veniam ea sunt nisi","sint elit","cupidatat fugiat et","proident ullamco"}', DEFAULT, DEFAULT, DEFAULT), ('110d19c8-9e0d-5f75-a721-b94eb9080526', 'd19db439-c7e7-53a7-aa19-0db346180dc1', 22, 'private', 'Objective Focused Strategy', '{"aliquip nulla exercitation exerc","id incididunt eiusmod ipsum in","Lorem nisi consequat non"}', DEFAULT, DEFAULT, DEFAULT), ('09923517-e55a-5deb-98cb-d64b27c0ab72', '8b7e423b-b9b9-5b3c-bf3d-1aa45d16235c', 29, 'unlisted', 'Baron Control Strategy', '{"sunt in amet adipisicing volupta","nisi ea ex anim","Lorem ut est"}', DEFAULT, DEFAULT, DEFAULT), ('e5bd85d5-1f62-5598-9176-4bfd393badbe', '9584676f-0635-591a-a937-d230d9a3abf3', 24, 'public', 'Vision Denial Blueprint', '{"consectetur cupidatat amet","occaecat veniam ad","sit ea adipisicing fugiat","aute exercitation esse"}', DEFAULT, DEFAULT, DEFAULT), ('e8eb7547-d359-5d88-afb0-cca98349d023', '549980e7-3e77-5d76-b263-84664d04b209', 28, 'public', 'Counter Pick Blueprint', '{"proident","elit sit"}', DEFAULT, DEFAULT, DEFAULT), ('0e4135c9-4c74-5717-9ee1-cbbb37873838', '3204ce32-7c5b-5953-969e-fe1d17de6e76', 30, 'public', 'Team Fight Execution Plan', '{"nostrud sint labore","sunt qui","voluptate irure incididunt"}', DEFAULT, DEFAULT, DEFAULT), ('eb9d24ec-f15e-5e4f-870e-dd537efcd168', 'ac9f0e3e-b030-584f-a8dd-87355fe22537', 21, 'private', 'Counter Pick Blueprint', '{"laboris cupidatat","aliqua","laboris laboris eu","laborum","dolor ex laborum","tempor adipisicing","eiusmod voluptate et dolore","pariatur"}', DEFAULT, DEFAULT, DEFAULT), ('688a2e3c-848e-5787-bd83-705a15229924', '91434b27-2651-5429-8f42-45c3f8e334a0', 23, 'unlisted', 'Counter Pick Blueprint', '{"excepteur id laboris","sit incididunt nulla magna","culpa","proident adipisicing sunt fugiat","non fugiat veniam","eu qui fugiat"}', DEFAULT, DEFAULT, DEFAULT), ('a042a037-2e40-50ce-ae48-3f063c3067bb', 'ac9f0e3e-b030-584f-a8dd-87355fe22537', 28, 'unlisted', 'Roaming Support Plan', '{"ea velit duis","sit","nulla amet velit ullamco","consequat sit consectetur repreh","commodo","et labore occaecat"}', DEFAULT, DEFAULT, DEFAULT), ('cb4eaa5a-1f18-571e-9566-4c1753ad9134', 'cfbfd1d4-e77f-57e5-94da-e9ff2cc7a996', 24, 'private', 'Vision Control Blueprint', '{"dolor id ipsum quis est","minim ad"}', DEFAULT, DEFAULT, DEFAULT), ('2076216c-1b19-5f7f-b10d-db3cae2b4567', '19495f2f-99a6-5394-9596-a1d3fb0d3196', 24, 'private', 'Defensive Turtle Tactics', '{"aliqua esse"}', DEFAULT, DEFAULT, DEFAULT), ('a0bd7980-cac4-5ded-adc5-004548282723', '19495f2f-99a6-5394-9596-a1d3fb0d3196', 22, 'unlisted', 'Vision Control Blueprint', '{"incididunt minim","ea laboris laboris magna","duis","labore cillum tempor id","est","consectetur aute","magna cillum eiusmod","nulla proident","non cillum"}', DEFAULT, DEFAULT, DEFAULT), ('e94657cc-5d4a-53ce-8902-19b99712c3c6', '36f6f3ba-e867-5008-b6c1-829e989f9d2f', 22, 'unlisted', 'Vision Control Blueprint', '{"dolore ullamco Lorem qui"}', DEFAULT, DEFAULT, DEFAULT), ('cdee6d23-791e-5a74-aba4-6e6c1b3863e7', '19495f2f-99a6-5394-9596-a1d3fb0d3196', 24, 'unlisted', 'Baron Control Strategy', '{"amet cillum ad","exercitation ut laborum"}', DEFAULT, DEFAULT, DEFAULT), ('d5a4641d-8cbb-5fd0-89e3-ac12979b690c', '8a0a556f-d942-55f0-8ba8-1ffbfaf3c6d9', 24, 'unlisted', 'Secure Objective Playbook', '{"reprehenderit laboris","commodo do","deserunt et occaecat","in ipsum","commodo incididunt velit amet id","fugiat cupidatat","proident fugiat aliquip cupidata"}', DEFAULT, DEFAULT, DEFAULT), ('ab58f5b2-4308-5685-a477-a4b54637b2a0', 'b7a89d05-549f-565f-b631-b59097e91d1a', 21, 'unlisted', 'Roaming Support Plan', '{"ea minim consectetur laborum","sunt non","reprehenderit irure veniam","laboris sint aliqua","reprehenderit eu dolore eu"}', DEFAULT, DEFAULT, DEFAULT), ('025da8e7-6d47-53be-9689-b0604284733b', '9b1fc781-1e4e-56d2-bd68-0dc257a319c0', 28, 'unlisted', 'Gank Heavy Approach', '{"voluptate","laborum nulla sunt in","minim excepteur culpa","mollit deserunt voluptate labori","sunt ex officia qui","id","Lorem officia"}', DEFAULT, DEFAULT, DEFAULT), ('cfc01e92-0e9c-5f58-b116-ac73af2ff344', 'b5605791-3389-56c2-9ec6-17d538b9bb85', 29, 'private', 'Baron Control Strategy', '{"sint minim"}', DEFAULT, DEFAULT, DEFAULT), ('6c7a0737-5d09-56f1-9a60-9ca811b68d40', 'ca65e33b-de71-5d46-933a-849036127987', 26, 'public', 'Late Game Scaling Strategy', '{"id est eiusmod proident Lorem","adipisicing id","labore adipisicing amet"}', DEFAULT, DEFAULT, DEFAULT), ('b74b781d-f3ca-5ce2-a262-c20f23455d05', '305fa448-c3bf-59c7-a989-19ae69ce0725', 21, 'private', 'Team Fight Execution Plan', '{"excepteur non esse consectetur","et ullamco aliquip dolor","laborum magna"}', DEFAULT, DEFAULT, DEFAULT), ('ae76c1cf-66c9-5bf7-8fc8-d1e1260ab8bd', 'e5b4727f-be5e-52c0-83cb-cb7ba230945f', 24, 'public', 'Jungle Control Playbook', '{"labore exercitation reprehenderi","sint ullamco","dolor qui deserunt","cupidatat elit","tempor occaecat proident"}', DEFAULT, DEFAULT, DEFAULT), ('3267d96d-4a33-5c13-9ef8-eb9652f76262', '91434b27-2651-5429-8f42-45c3f8e334a0', 25, 'public', 'Late Game Scaling Strategy', '{"nostrud nostrud elit ipsum cupid","dolor ullamco consectetur sunt i","mollit aliqua reprehenderit ipsu","voluptate id culpa","commodo ad","esse ipsum qui irure"}', DEFAULT, DEFAULT, DEFAULT), ('272ce823-3f81-5671-93a8-93655178aa67', 'f4b5542b-ba61-519e-a8d2-5793282ad487', 29, 'unlisted', 'Counter Pick Blueprint', '{"est reprehenderit Lorem","culpa dolore","velit sint Lorem fugiat"}', DEFAULT, DEFAULT, DEFAULT), ('0cd365ac-6479-5889-b532-b02ce5d93b9f', '2d1d7734-be70-5d07-a538-e76c6cae722e', 21, 'unlisted', 'Wave Management Plan', '{"esse esse exercitation tempor co","enim commodo"}', DEFAULT, DEFAULT, DEFAULT), ('d1c31a1f-140d-5b01-95f7-3fc15003186c', '9bf2ad50-cccb-50eb-8269-3a7e78bd21f5', 22, 'public', 'Baron Control Strategy', '{"sunt consectetur","proident magna velit","non ex sint pariatur","pariatur laboris","ex culpa proident","cillum occaecat","voluptate magna do","labore"}', DEFAULT, DEFAULT, DEFAULT), ('139e14ed-bbf1-5d48-a6cc-84c72c891164', 'f52ce409-f800-5a86-b4ed-ce1a99a8a6ae', 24, 'unlisted', 'Jungle Control Playbook', '{"anim ad non irure","irure anim consectetur","commodo labore","ullamco sint excepteur ut","consequat elit","et pariatur eiusmod sint","fugiat aliquip","ipsum aliqua dolore minim aute","eu voluptate consequat commodo","anim magna fugiat qui quis"}', DEFAULT, DEFAULT, DEFAULT), ('586f1ac8-f524-5f8c-88e2-184c02d5ef6d', '3204ce32-7c5b-5953-969e-fe1d17de6e76', 30, 'private', 'Aggressive Rush Strategy', '{"nisi Lorem dolor labore"}', DEFAULT, DEFAULT, DEFAULT), ('62075432-2441-5ae8-a3d3-0c53f1490707', 'b5605791-3389-56c2-9ec6-17d538b9bb85', 26, 'public', 'Vision Denial Blueprint', '{"aliqua pariatur minim amet non","excepteur Lorem","duis ullamco laborum","veniam nostrud","culpa incididunt ullamco esse","laborum velit in"}', DEFAULT, DEFAULT, DEFAULT), ('7e2a3012-f429-5959-8e79-e27f888f9ce7', '9b1fc781-1e4e-56d2-bd68-0dc257a319c0', 23, 'public', 'Baron Control Strategy', '{"veniam veniam ea mollit","laborum velit labore","amet fugiat nisi","incididunt qui aute","voluptate ut pariatur non","adipisicing aute"}', DEFAULT, DEFAULT, DEFAULT), ('b8821e56-73f0-54d5-b485-728d64492250', 'cd7c291a-6d6e-5632-91e5-b7fd7a634d7d', 23, 'private', 'Gank Heavy Approach', '{"eiusmod Lorem anim","enim tempor","anim ut","incididunt fugiat reprehenderit ","ad eu","pariatur dolore laborum","pariatur"}', DEFAULT, DEFAULT, DEFAULT), ('41c6ea7f-18a9-55e6-b2ba-f0f4f40a17bf', '2d1d7734-be70-5d07-a538-e76c6cae722e', 23, 'unlisted', 'Siege Tactics Handbook', '{"occaecat culpa culpa ea nulla"}', DEFAULT, DEFAULT, DEFAULT), ('6071eb55-6bca-516b-b2e7-cdcdc70b2f27', '91fa3874-9437-5dfa-a49a-f19fb38d9e92', 24, 'private', 'Rotation Strategy Document', '{}', DEFAULT, DEFAULT, DEFAULT), ('d7cdb9d2-07a6-5208-bc43-84429587c78d', '6c52c1d9-13a4-51ef-ae51-1dacc4c14be9', 24, 'private', 'Gank Heavy Approach', '{"do deserunt laboris occaecat","et","exercitation","in","irure consequat ut fugiat anim","laboris","anim"}', DEFAULT, DEFAULT, DEFAULT), ('edba76b8-16c2-5d65-8407-7c8846b18c8d', '1d3f740a-8c60-5c1d-aa9e-3854a33c8e1d', 29, 'private', 'Defensive Turtle Tactics', '{"proident nulla dolore","ex veniam do excepteur nostrud","do id Lorem exercitation excepte","ipsum","duis qui","do ea eu","ullamco occaecat"}', DEFAULT, DEFAULT, DEFAULT), ('4961b154-685f-5c2d-b1f1-598100239ea4', '290e51c6-7ff6-5db4-8f40-69dda051b66c', 22, 'public', 'Early Game Dominance Guide', '{"anim voluptate magna","nostrud est dolor amet","non voluptate est sit"}', DEFAULT, DEFAULT, DEFAULT), ('81b648c1-576c-5086-ba4f-2125060d9cf0', 'd9bba68a-079c-5141-bd43-756b87167584', 26, 'unlisted', 'Siege Tactics Handbook', '{"cupidatat velit sit aute","eu voluptate do laborum dolore","esse exercitation","qui excepteur officia","velit veniam qui"}', DEFAULT, DEFAULT, DEFAULT), ('edcc20e9-95a3-50eb-b84c-a2ac5801dd1f', 'e5b4727f-be5e-52c0-83cb-cb7ba230945f', 27, 'private', 'Objective Focused Strategy', '{"do cupidatat","mollit proident veniam sint veni","voluptate enim","pariatur exercitation exercitati","enim ullamco labore dolor Lorem","eu enim","cillum proident pariatur"}', DEFAULT, DEFAULT, DEFAULT), ('0f7963e1-2931-5603-b1f8-5f29e095a36f', 'd297ab9e-40d4-51b5-bb8f-a1df399f1a9a', 28, 'private', 'Aggressive Rush Strategy', '{"ex ea","cupidatat ex ad ipsum","consectetur aliqua ut aute conse","ea laboris","eiusmod sint ad exercitation et","occaecat nisi nulla laborum pari","ut aliqua nulla"}', DEFAULT, DEFAULT, DEFAULT), ('d90cf80e-490d-5c8c-85cc-9c761060fca5', '6c52c1d9-13a4-51ef-ae51-1dacc4c14be9', 29, 'public', 'Defensive Turtle Tactics', '{"commodo minim mollit veniam fugi","voluptate non qui","Lorem ullamco ullamco ut"}', DEFAULT, DEFAULT, DEFAULT), ('84a00f8f-8f65-512e-a89a-396ebb944774', '6c52c1d9-13a4-51ef-ae51-1dacc4c14be9', 30, 'unlisted', 'Counter Pick Blueprint', '{"mollit ea dolore labore","adipisicing exercitation commodo"}', DEFAULT, DEFAULT, DEFAULT), ('24530daa-18f4-5736-824e-740b98d86f84', '91434b27-2651-5429-8f42-45c3f8e334a0', 28, 'public', 'Objective Focused Strategy', '{"nisi amet occaecat","incididunt commodo eu","magna","adipisicing quis duis","excepteur ullamco nulla","consectetur adipisicing non enim"}', DEFAULT, DEFAULT, DEFAULT), ('cef44dbb-01f1-53f9-a51f-bce20b8c9729', 'eda91f04-12ef-5904-88aa-e6ed9a692e03', 25, 'private', 'Gank Heavy Approach', '{"voluptate","Lorem nisi eu do","ullamco","duis enim","in in nulla eu quis","cillum sunt","laboris cillum","pariatur elit incididunt labore","qui occaecat eu proident"}', DEFAULT, DEFAULT, DEFAULT), ('2f432e43-c578-5d3f-a9f6-658650551fe1', '3ff60d7a-a4ad-54c5-a422-53b52cd53093', 27, 'public', 'Vision Denial Blueprint', '{"laboris laborum cupidatat Lorem ","culpa proident","ut non","aliqua voluptate dolor","adipisicing","magna do","excepteur pariatur esse aute","pariatur nisi fugiat dolor"}', DEFAULT, DEFAULT, DEFAULT), ('9e0ad23d-bafe-536b-a992-47ea353cf3b5', 'ca65e33b-de71-5d46-933a-849036127987', 29, 'unlisted', 'Gank Heavy Approach', '{"culpa pariatur labore","amet id eu dolore fugiat","nisi"}', DEFAULT, DEFAULT, DEFAULT), ('ba4f3542-9d48-574a-8df6-823d78106037', '3204ce32-7c5b-5953-969e-fe1d17de6e76', 25, 'public', 'Defensive Turtle Tactics', '{"ipsum laborum incididunt cupidat","pariatur eiusmod occaecat","nostrud amet"}', DEFAULT, DEFAULT, DEFAULT), ('d5920fa6-848e-5195-b671-9577ccf74a26', 'e5b4727f-be5e-52c0-83cb-cb7ba230945f', 27, 'public', 'Roaming Support Plan', '{"nostrud est amet","sunt ex","proident nostrud aliquip","excepteur excepteur minim magna","ipsum ex tempor","mollit do nostrud eu","laboris incididunt elit aliqua"}', DEFAULT, DEFAULT, DEFAULT), ('60e1ec45-4b3f-5cd2-b9e9-a6fd50c32391', '756cbb59-27d6-58f3-b4b9-8b56121e683f', 30, 'public', 'Vision Denial Blueprint', '{"do"}', DEFAULT, DEFAULT, DEFAULT), ('4152396c-eaf9-5aeb-9b7d-6c26ad4d722c', 'a5831e58-2fc9-5b59-970d-00c344a4eb18', 28, 'unlisted', 'Defensive Turtle Tactics', '{"elit aliqua nulla est nisi","consequat sunt","nisi irure","adipisicing aliquip consectetur ","cillum occaecat non","voluptate duis"}', DEFAULT, DEFAULT, DEFAULT), ('82c66b9e-374b-5deb-960b-0b761f066806', '6c3f6730-2b1a-5e27-97de-caacad0bb1a5', 26, 'public', 'Late Game Scaling Strategy', '{"labore ex cillum","pariatur duis exercitation esse","duis ullamco exercitation","dolore officia","qui veniam","mollit","nulla ipsum eiusmod"}', DEFAULT, DEFAULT, DEFAULT), ('cb1a8444-be9e-581c-8a1e-9f0d5870d484', 'f4b5542b-ba61-519e-a8d2-5793282ad487', 21, 'public', 'Wave Management Plan', '{"quis pariatur","reprehenderit magna irure","cupidatat anim","reprehenderit ullamco ut"}', DEFAULT, DEFAULT, DEFAULT), ('b4086fbf-8b55-5b20-af96-270e53efd260', 'f4b5542b-ba61-519e-a8d2-5793282ad487', 27, 'unlisted', 'Siege Tactics Handbook', '{"adipisicing","eiusmod culpa magna","elit ea eu"}', DEFAULT, DEFAULT, DEFAULT), ('7dc2a385-02fd-5e9e-8ca3-480d310ce988', '8b7e423b-b9b9-5b3c-bf3d-1aa45d16235c', 22, 'unlisted', 'Late Game Scaling Strategy', '{"voluptate","exercitation nostrud minim","pariatur minim ipsum"}', DEFAULT, DEFAULT, DEFAULT), ('bd010a0a-cb39-59ee-8218-e7f775ac9a01', '26f7bb6a-3c9c-5b30-b11b-be5ebfb91948', 28, 'private', 'Counter Pick Blueprint', '{"proident","anim laborum","aliqua mollit do mollit veniam","aliquip id ea","consectetur officia magna","ex adipisicing pariatur","incididunt minim ullamco","mollit tempor","eu","qui laboris proident officia off"}', DEFAULT, DEFAULT, DEFAULT), ('eb100a5e-fbbc-5189-b323-e08ca1ddf4b2', 'd19db439-c7e7-53a7-aa19-0db346180dc1', 27, 'public', 'Map Control Blueprint', '{"id nisi cillum"}', DEFAULT, DEFAULT, DEFAULT), ('e43c6b3b-10fe-54f2-a09c-2f23976dbe42', 'cfbfd1d4-e77f-57e5-94da-e9ff2cc7a996', 23, 'public', 'Counter Pick Blueprint', '{"do ut aute aliqua","anim dolore velit mollit","in eu","duis ut sit"}', DEFAULT, DEFAULT, DEFAULT), ('145f2d17-d2b0-59ee-98c0-d8b6d6c741cd', 'b7a89d05-549f-565f-b631-b59097e91d1a', 25, 'unlisted', 'Wave Management Plan', '{"cillum","nisi","nisi deserunt","nisi officia consequat","aliquip dolore id","proident nostrud ex quis"}', DEFAULT, DEFAULT, DEFAULT), ('27b7fc92-c399-5aec-bc43-ea4a7d41c984', '8b7e423b-b9b9-5b3c-bf3d-1aa45d16235c', 27, 'unlisted', 'Gank Heavy Approach', '{}', DEFAULT, DEFAULT, DEFAULT), ('16e13bc2-bae9-5a1b-a23b-7f2503b73a03', '26f7bb6a-3c9c-5b30-b11b-be5ebfb91948', 25, 'private', 'Baron Control Strategy', '{"est mollit eu exercitation labor"}', DEFAULT, DEFAULT, DEFAULT), ('fb9a721d-7da1-577d-a721-ae00139d250b', '2589cf16-4103-5a4f-b544-b30078083eaa', 29, 'unlisted', 'Aggressive Rush Strategy', '{"sunt velit est esse","dolor do","duis nulla","proident ad culpa consequat"}', DEFAULT, DEFAULT, DEFAULT), ('8514b549-2321-5223-bcae-362fbfc61c61', 'b7a89d05-549f-565f-b631-b59097e91d1a', 21, 'private', 'Split Push Blueprint', '{"do deserunt enim esse officia","Lorem occaecat irure","nostrud consectetur reprehenderi","aliquip culpa incididunt aute","officia esse tempor","aliquip non ea"}', DEFAULT, DEFAULT, DEFAULT), ('8d222d98-29f0-5123-b99d-cc9f19493b20', 'd19db439-c7e7-53a7-aa19-0db346180dc1', 28, 'public', 'Aggressive Rush Strategy', '{"cillum occaecat","adipisicing mollit qui","ipsum et consectetur consequat a","officia enim","consequat in nostrud ad"}', DEFAULT, DEFAULT, DEFAULT), ('5ba895cd-4107-5c9d-a9cb-bd2d24899776', '8b7e423b-b9b9-5b3c-bf3d-1aa45d16235c', 27, 'private', 'Vision Denial Blueprint', '{"adipisicing","amet elit","enim duis deserunt","fugiat amet Lorem est"}', DEFAULT, DEFAULT, DEFAULT), ('73b23aba-b5e2-5b24-b442-00922b22f275', '9584676f-0635-591a-a937-d230d9a3abf3', 24, 'private', 'Jungle Control Playbook', '{"nulla consequat","officia eiusmod eu amet excepteu","excepteur voluptate Lorem"}', DEFAULT, DEFAULT, DEFAULT), ('0e1a0168-a26a-5feb-9c91-7bd40d62afcc', 'a8212e1b-5577-5c28-9c38-2d4fbd753550', 27, 'private', 'Map Control Blueprint', '{"nulla quis","adipisicing officia consectetur","ea id","consectetur","ex incididunt in aliqua","consequat non dolore exercitatio","ut ea","quis ut ad incididunt"}', DEFAULT, DEFAULT, DEFAULT), ('9348bed0-a52a-59cd-98df-ed8ab48ba4f7', '9584676f-0635-591a-a937-d230d9a3abf3', 26, 'private', 'Defensive Turtle Tactics', '{"est et do velit voluptate","commodo mollit aliqua cillum"}', DEFAULT, DEFAULT, DEFAULT), ('1507f034-16ba-5219-b927-72f72394b9da', 'cd7c291a-6d6e-5632-91e5-b7fd7a634d7d', 30, 'unlisted', 'Wave Management Plan', '{"velit ipsum id ea","ipsum et quis amet","pariatur","cupidatat eu eiusmod fugiat ex","quis ex","culpa dolor","irure quis culpa"}', DEFAULT, DEFAULT, DEFAULT), ('3d6517ba-6968-54c9-9934-5dca00f20f48', '9584676f-0635-591a-a937-d230d9a3abf3', 28, 'private', 'Defensive Turtle Tactics', '{"officia do excepteur veniam proi","est qui adipisicing nulla"}', DEFAULT, DEFAULT, DEFAULT), ('253eb1a7-6466-5751-bb80-ba728a9d5688', '8d3f145b-67b0-504d-b49a-d59ecea5d2d8', 30, 'public', 'Split Push Blueprint', '{"est cupidatat","fugiat aliqua","cillum irure exercitation culpa","adipisicing commodo proident Lor","dolore cupidatat amet","mollit quis aute","consequat deserunt id mollit sun","consequat in","fugiat esse dolor"}', DEFAULT, DEFAULT, DEFAULT), ('84afba7a-f643-5519-b420-54d83f591e9d', '756cbb59-27d6-58f3-b4b9-8b56121e683f', 25, 'unlisted', 'Roaming Support Plan', '{}', DEFAULT, DEFAULT, DEFAULT), ('59b35be9-9d21-5b79-8875-4954a08d7239', '5d378209-1fd5-506f-8b3f-511a16489d69', 25, 'public', 'Late Game Scaling Strategy', '{"sint exercitation laboris labori","irure","ut ea nulla deserunt nulla","laborum nostrud ullamco duis ame","reprehenderit consectetur sunt i","et consectetur in id","nisi ex ad","elit ut sunt"}', DEFAULT, DEFAULT, DEFAULT), ('b3ff9604-63d2-533f-8bbb-d5f0486381ad', '438bff0e-fd50-5c86-89ee-d397a0c0e548', 25, 'unlisted', 'Rotation Strategy Document', '{"anim consequat","ad culpa sunt","officia ea duis","enim anim exercitation ullamco","deserunt","in quis","pariatur labore pariatur sit lab","aute enim est labore","irure commodo enim"}', DEFAULT, DEFAULT, DEFAULT), ('bcc899da-7629-5e0e-b560-5f5f6e7060e1', 'd297ab9e-40d4-51b5-bb8f-a1df399f1a9a', 29, 'private', 'Counter Pick Blueprint', '{"irure amet id qui","ea incididunt nulla","laboris ullamco dolor est ipsum","non aliqua excepteur id","non tempor cupidatat esse","duis amet","nostrud proident ullamco sit","ea","ex non amet"}', DEFAULT, DEFAULT, DEFAULT), ('96dbca51-d731-5e2c-a3d4-62e8f0faa072', 'f52ce409-f800-5a86-b4ed-ce1a99a8a6ae', 25, 'unlisted', 'Map Control Blueprint', '{"occaecat dolor tempor duis","id esse in adipisicing ea"}', DEFAULT, DEFAULT, DEFAULT), ('fc633e1f-14b8-590b-a0ba-c22147aaeeb4', '91fa3874-9437-5dfa-a49a-f19fb38d9e92', 26, 'private', 'Secure Objective Playbook', '{"eu labore","do"}', DEFAULT, DEFAULT, DEFAULT), ('49af1081-9f3e-5569-af2e-1029eb808baf', '549980e7-3e77-5d76-b263-84664d04b209', 24, 'public', 'Late Game Scaling Strategy', '{"aliquip consectetur aliqua ipsum","voluptate laborum duis"}', DEFAULT, DEFAULT, DEFAULT), ('28c7fcd5-dc0b-528f-92f0-3e19e7b94b50', '91fa3874-9437-5dfa-a49a-f19fb38d9e92', 29, 'public', 'Gank Heavy Approach', '{"laborum Lorem","eu excepteur excepteur non exerc","anim qui eiusmod nisi","fugiat velit cupidatat magna","commodo voluptate","commodo dolor fugiat","exercitation eiusmod elit in"}', DEFAULT, DEFAULT, DEFAULT), ('38780d0a-620c-5420-b84b-aa917e5db8c1', 'b32027db-33da-5dc2-b906-e0c2a06ac683', 21, 'unlisted', 'Aggressive Rush Strategy', '{"ipsum ea","sint duis aliquip","sit voluptate","qui enim","ipsum ad voluptate in Lorem","elit labore consequat","sunt quis cupidatat aliqua","culpa qui laborum officia","Lorem nisi velit pariatur adipis"}', DEFAULT, DEFAULT, DEFAULT), ('535c1e86-4fb0-59ea-8076-b54244994b61', 'b32027db-33da-5dc2-b906-e0c2a06ac683', 26, 'unlisted', 'Split Push Blueprint', '{"et veniam sint est","deserunt velit sunt cillum","anim","ipsum velit Lorem occaecat","sunt veniam commodo veniam","aliqua minim esse esse","elit proident proident labore qu","dolore sint dolore irure","consequat Lorem ea non"}', DEFAULT, DEFAULT, DEFAULT), ('5e181f1c-b93c-59a3-a161-c4d4e29f775e', '26f7bb6a-3c9c-5b30-b11b-be5ebfb91948', 24, 'unlisted', 'Secure Objective Playbook', '{"ex magna cillum","sit","in","est aliqua reprehenderit","eu incididunt ad","laboris"}', DEFAULT, DEFAULT, DEFAULT), ('0cd34502-daee-52d8-b8a4-7aa032065e8a', 'd19db439-c7e7-53a7-aa19-0db346180dc1', 22, 'public', 'Objective Focused Strategy', '{"mollit exercitation nostrud pari","deserunt reprehenderit","velit et exercitation aliquip"}', DEFAULT, DEFAULT, DEFAULT), ('6c9b6808-e737-5f8f-b196-93c0598b34b9', '290e51c6-7ff6-5db4-8f40-69dda051b66c', 27, 'public', 'Roaming Support Plan', '{"laboris aute consectetur","deserunt enim minim","in ipsum in reprehenderit","quis occaecat","ex non pariatur sunt commodo","enim id ullamco","nulla duis eiusmod","reprehenderit aliquip excepteur"}', DEFAULT, DEFAULT, DEFAULT), ('f498173a-b4a1-5b37-ad0b-67596b4fe0ac', '3ff60d7a-a4ad-54c5-a422-53b52cd53093', 28, 'unlisted', 'Siege Tactics Handbook', '{"Lorem occaecat cillum deserunt","consectetur culpa duis"}', DEFAULT, DEFAULT, DEFAULT), ('b0d542cd-fe80-5cad-9bd6-a81d0ed1c2f4', '9584676f-0635-591a-a937-d230d9a3abf3', 28, 'unlisted', 'Vision Control Blueprint', '{"culpa est adipisicing","Lorem eu quis eiusmod mollit","ipsum adipisicing excepteur cill","nostrud officia sit"}', DEFAULT, DEFAULT, DEFAULT), ('cd506b7e-0f7c-526c-b650-bb799376c313', '8a0a556f-d942-55f0-8ba8-1ffbfaf3c6d9', 22, 'unlisted', 'Gank Heavy Approach', '{"ullamco","ut id non sunt","esse esse","consectetur dolore","incididunt labore do","do reprehenderit ipsum ut","ipsum minim voluptate laboris"}', DEFAULT, DEFAULT, DEFAULT), ('d625f518-4ec3-51e2-95c0-6cf965668d68', '36f6f3ba-e867-5008-b6c1-829e989f9d2f', 28, 'public', 'Wave Management Plan', '{"minim dolor veniam est"}', DEFAULT, DEFAULT, DEFAULT), ('66b76653-1cc5-50ef-a109-c059c945f253', '59558fa1-9cc0-5e85-a331-879d76e07f05', 29, 'private', 'Team Fight Execution Plan', '{"ex in nulla sit","ex ut","aliquip proident","sint"}', DEFAULT, DEFAULT, DEFAULT), ('a6dbcc80-e965-5682-9448-6a65a83787b3', 'ac9f0e3e-b030-584f-a8dd-87355fe22537', 21, 'public', 'Roaming Support Plan', '{"duis voluptate eu laboris","est laboris mollit"}', DEFAULT, DEFAULT, DEFAULT), ('c4d9fc37-aa2c-5cf4-8cef-779723958882', '9b1fc781-1e4e-56d2-bd68-0dc257a319c0', 29, 'unlisted', 'Vision Control Blueprint', '{"ipsum exercitation","mollit ipsum enim","non magna excepteur labore do","enim sunt ipsum","fugiat qui voluptate"}', DEFAULT, DEFAULT, DEFAULT), ('cbdcc83c-77a1-5d75-ace8-183321930672', '5777772e-8d66-5c0f-ab03-fb0419760db6', 23, 'private', 'Map Control Blueprint', '{"sint amet ullamco irure","dolore mollit duis commodo","adipisicing fugiat laboris occae","duis veniam aliqua","aliquip tempor","esse proident commodo elit"}', DEFAULT, DEFAULT, DEFAULT), ('46b593cf-05b9-5316-ba74-ef4cf062dcc9', '92bf5244-388d-5bbf-bd84-1c7ad2efe31b', 25, 'unlisted', 'Vision Control Blueprint', '{"cupidatat"}', DEFAULT, DEFAULT, DEFAULT), ('1770dbe6-c529-520b-a36c-454b023ccb2c', '9bf2ad50-cccb-50eb-8269-3a7e78bd21f5', 26, 'public', 'Roaming Support Plan', '{"eu mollit reprehenderit officia ","in in pariatur qui esse","nisi velit ullamco occaecat","minim dolore nulla non eu"}', DEFAULT, DEFAULT, DEFAULT), ('65973815-006c-531b-b69f-bd5d086f7786', 'b7a89d05-549f-565f-b631-b59097e91d1a', 28, 'unlisted', 'Wave Management Plan', '{"culpa Lorem ea eiusmod esse"}', DEFAULT, DEFAULT, DEFAULT), ('0cd413aa-1a82-5832-9edb-17fd5c059a41', '8a0a556f-d942-55f0-8ba8-1ffbfaf3c6d9', 30, 'private', 'Vision Denial Blueprint', '{"ea ullamco duis non","Lorem nostrud commodo","eiusmod incididunt","quis","fugiat do irure dolor","elit consectetur","excepteur aliquip aliquip","fugiat est adipisicing"}', DEFAULT, DEFAULT, DEFAULT), ('5153bc7b-cd04-5c5e-83e9-7b7a5a1390e6', '92bf5244-388d-5bbf-bd84-1c7ad2efe31b', 24, 'public', 'Roaming Support Plan', '{"dolore","ipsum","Lorem reprehenderit ut","ex anim cupidatat aliquip","incididunt duis eiusmod deserunt","dolor","nisi aute officia","dolore reprehenderit deserunt"}', DEFAULT, DEFAULT, DEFAULT), ('bd276dfa-2ddb-52c7-9feb-6d2cc281335e', '3204ce32-7c5b-5953-969e-fe1d17de6e76', 22, 'private', 'Map Control Blueprint', '{"consequat nostrud quis veniam"}', DEFAULT, DEFAULT, DEFAULT), ('12cafb5f-6adc-5f24-a738-9455dde3eb2a', 'ca65e33b-de71-5d46-933a-849036127987', 22, 'public', 'Wave Management Plan', '{"esse sit anim mollit","nisi tempor consectetur"}', DEFAULT, DEFAULT, DEFAULT), ('e017f166-fa51-5fb5-af86-6fc41cad9674', '1d3f740a-8c60-5c1d-aa9e-3854a33c8e1d', 22, 'private', 'Secure Objective Playbook', '{"incididunt in magna","pariatur nisi tempor cupidatat","culpa deserunt aliqua dolore","esse fugiat pariatur minim","aliquip anim ex cupidatat anim","eiusmod elit","labore nostrud nulla","incididunt nisi adipisicing ea o","mollit voluptate quis irure"}', DEFAULT, DEFAULT, DEFAULT), ('544f27bb-a8e9-5b6b-8ec7-f1cfe91406e2', 'a88bc9b9-135e-55c7-8c4c-5a072a3c8573', 25, 'public', 'Wave Management Plan', '{"velit enim tempor commodo ad"}', DEFAULT, DEFAULT, DEFAULT), ('a704d0a7-ee9e-5aa5-bba9-aff3556d41a2', '8d3f145b-67b0-504d-b49a-d59ecea5d2d8', 25, 'private', 'Wave Management Plan', '{"cupidatat cillum non consequat","sint et elit est","dolor laboris","consequat eu qui","fugiat","minim culpa voluptate ea","eu occaecat elit enim"}', DEFAULT, DEFAULT, DEFAULT), ('a758f3b0-169f-56a9-80db-acb9f3972464', 'd1b8f3f8-af26-5088-8712-273c28ba98f7', 22, 'public', 'Defensive Turtle Tactics', '{"ex quis ipsum","sint velit","mollit magna irure","eiusmod","nulla ea ex pariatur reprehender","sit","mollit in aliqua","consectetur reprehenderit ad","magna veniam ad sunt"}', DEFAULT, DEFAULT, DEFAULT), ('1ebb07c2-9cc9-56df-b9e3-71837bafdca1', '8926b9fd-34b2-5421-a25c-9cd89c12cad0', 25, 'unlisted', 'Early Game Dominance Guide', '{"elit incididunt","id officia","velit eu culpa","adipisicing","commodo sint ad ea","deserunt incididunt laboris labo","commodo Lorem velit anim","aliqua"}', DEFAULT, DEFAULT, DEFAULT), ('217c4ba5-3ca5-503f-8fcd-2cf91341f163', 'b5605791-3389-56c2-9ec6-17d538b9bb85', 29, 'public', 'Vision Control Blueprint', '{"proident","fugiat ad laboris minim irure","laborum consectetur fugiat nostr","ad deserunt commodo","Lorem laboris laboris aute","qui veniam incididunt nostrud ea"}', DEFAULT, DEFAULT, DEFAULT), ('63c64b00-d130-5928-b403-258ebdb17248', '8d3f145b-67b0-504d-b49a-d59ecea5d2d8', 29, 'private', 'Early Game Dominance Guide', '{"ad"}', DEFAULT, DEFAULT, DEFAULT), ('0deb1a0e-8f26-576f-af23-e26ef824ea0b', 'b5605791-3389-56c2-9ec6-17d538b9bb85', 30, 'unlisted', 'Split Push Blueprint', '{"consequat Lorem","et","do aliqua"}', DEFAULT, DEFAULT, DEFAULT), ('924718ca-0525-5af0-b71a-2560f2cc09a0', 'a88bc9b9-135e-55c7-8c4c-5a072a3c8573', 28, 'public', 'Map Control Blueprint', '{"non ex ullamco laboris sunt","ea eu duis","deserunt dolore nisi elit"}', DEFAULT, DEFAULT, DEFAULT), ('877842c0-f0dc-575b-a7ad-30915aaaeebe', '756cbb59-27d6-58f3-b4b9-8b56121e683f', 22, 'private', 'Secure Objective Playbook', '{"ad fugiat","eiusmod exercitation ex","nostrud elit","pariatur Lorem deserunt eiusmod "}', DEFAULT, DEFAULT, DEFAULT), ('ebce0b2a-b558-5f18-bddc-2af385fe3118', '9b1fc781-1e4e-56d2-bd68-0dc257a319c0', 25, 'unlisted', 'Baron Control Strategy', '{"deserunt tempor","sit","deserunt ullamco"}', DEFAULT, DEFAULT, DEFAULT), ('67f00577-22b1-541a-b8eb-43f4241ec322', '549980e7-3e77-5d76-b263-84664d04b209', 22, 'private', 'Objective Focused Strategy', '{"sunt aute","consequat ex non"}', DEFAULT, DEFAULT, DEFAULT), ('5c1d9b7d-9f54-545c-ae19-f60dd5ff1d25', '98eaafd3-adbf-5a3e-adb9-b3fb6971b6f1', 23, 'unlisted', 'Aggressive Rush Strategy', '{"sunt excepteur amet commodo aliq","incididunt consequat dolor ex","commodo ex Lorem","esse cupidatat dolor velit","Lorem duis fugiat"}', DEFAULT, DEFAULT, DEFAULT), ('339c2395-3fcf-5f3b-90ec-90611b01fa37', 'ac9f0e3e-b030-584f-a8dd-87355fe22537', 25, 'public', 'Early Game Dominance Guide', '{"sint proident","ut Lorem sit velit","elit in cillum occaecat","cillum","consectetur nostrud pariatur","enim ut sunt nostrud eiusmod","irure","sunt est"}', DEFAULT, DEFAULT, DEFAULT), ('3e26da35-99ab-5fee-95a6-ca3120af490b', '305fa448-c3bf-59c7-a989-19ae69ce0725', 29, 'unlisted', 'Vision Control Blueprint', '{"voluptate excepteur","velit ex","ipsum id","incididunt ipsum","deserunt commodo quis dolore","irure duis dolore","ipsum veniam eiusmod occaecat al","do in amet","proident irure cillum labore Lor"}', DEFAULT, DEFAULT, DEFAULT), ('540a4921-798c-58f1-8dda-fbb9b912bb43', 'e5b4727f-be5e-52c0-83cb-cb7ba230945f', 30, 'unlisted', 'Vision Denial Blueprint', '{"esse magna exercitation","non consequat","in est aliqua excepteur","incididunt laboris Lorem officia","esse eu","laboris officia","dolor et nulla","amet laboris sunt tempor","aliquip quis consequat id"}', DEFAULT, DEFAULT, DEFAULT), ('81b847bf-bc05-538e-bdc5-721f48634b78', '36f6f3ba-e867-5008-b6c1-829e989f9d2f', 22, 'unlisted', 'Gank Heavy Approach', '{"mollit"}', DEFAULT, DEFAULT, DEFAULT), ('2c9d2493-4412-5eae-aa39-69858c4bfd99', '8926b9fd-34b2-5421-a25c-9cd89c12cad0', 28, 'private', 'Gank Heavy Approach', '{"excepteur","deserunt exercitation reprehende","ipsum reprehenderit","ad","sint dolor"}', DEFAULT, DEFAULT, DEFAULT), ('51ef9256-0eab-579a-868b-52c27ddf10e9', '5d378209-1fd5-506f-8b3f-511a16489d69', 24, 'unlisted', 'Early Game Dominance Guide', '{"esse et culpa aliquip","irure irure adipisicing","ex"}', DEFAULT, DEFAULT, DEFAULT), ('d6ceb82b-4af2-5d8a-96c1-8d6a9db93a31', 'e4de1a09-bd9a-5e42-b92c-2cb1af28bec6', 22, 'public', 'Aggressive Rush Strategy', '{"excepteur incididunt","sint veniam","tempor non fugiat","ipsum veniam laborum magna","qui aliquip","amet","laborum cillum commodo duis","aliqua pariatur elit"}', DEFAULT, DEFAULT, DEFAULT), ('01ae0a36-6172-5c0a-baff-6c1805e0976a', 'a3141029-aec2-543b-b18a-49fe947e3304', 29, 'public', 'Wave Management Plan', '{"ex non sint","sit reprehenderit","ullamco exercitation nulla"}', DEFAULT, DEFAULT, DEFAULT), ('df70af8b-9578-5bd7-9fd6-02ad92eaedca', 'b7a89d05-549f-565f-b631-b59097e91d1a', 29, 'unlisted', 'Gank Heavy Approach', '{"in","magna eu ex qui id","magna","labore ad elit"}', DEFAULT, DEFAULT, DEFAULT), ('82fca927-01aa-5c29-8d7a-7a868f9ba6ea', 'f52ce409-f800-5a86-b4ed-ce1a99a8a6ae', 25, 'public', 'Rotation Strategy Document', '{"pariatur aute","cillum ut minim labore","fugiat est non sunt"}', DEFAULT, DEFAULT, DEFAULT), ('4e5550d4-d39a-56c3-8f19-971fdeeb787e', 'd9bba68a-079c-5141-bd43-756b87167584', 24, 'unlisted', 'Vision Denial Blueprint', '{"cupidatat elit consequat"}', DEFAULT, DEFAULT, DEFAULT), ('83ec5ac5-8c23-5e38-8151-36af62098fff', '9b1fc781-1e4e-56d2-bd68-0dc257a319c0', 21, 'private', 'Siege Tactics Handbook', '{"voluptate labore anim","mollit id pariatur","in culpa eiusmod qui","elit reprehenderit ea","culpa","amet eu","et aute Lorem in","enim et fugiat laborum","incididunt labore quis","deserunt velit laboris magna dui"}', DEFAULT, DEFAULT, DEFAULT), ('d1996167-52fb-5e4a-b849-75efada773e6', 'cfbfd1d4-e77f-57e5-94da-e9ff2cc7a996', 23, 'unlisted', 'Defensive Turtle Tactics', '{"ullamco ad pariatur sunt ad","ad sit","nisi et","irure elit sit","aliqua","amet dolor ea magna aliquip"}', DEFAULT, DEFAULT, DEFAULT), ('1818e464-6a87-5266-8677-c069741c3ab2', 'ac9f0e3e-b030-584f-a8dd-87355fe22537', 27, 'unlisted', 'Vision Control Blueprint', '{"id minim consectetur","sunt incididunt ad nulla excepte","aliquip incididunt"}', DEFAULT, DEFAULT, DEFAULT), ('13ebb239-29e1-53ff-93b0-d55e3db05a11', '8b7e423b-b9b9-5b3c-bf3d-1aa45d16235c', 21, 'unlisted', 'Baron Control Strategy', '{"sit anim quis","Lorem velit aliquip anim","veniam commodo culpa nulla","velit reprehenderit labore duis","excepteur","reprehenderit sint qui consectet","nulla labore id reprehenderit"}', DEFAULT, DEFAULT, DEFAULT), ('a0a63713-f2dd-56aa-98a3-f6a26bcae5b9', '92bf5244-388d-5bbf-bd84-1c7ad2efe31b', 30, 'unlisted', 'Jungle Control Playbook', '{"esse aute eu"}', DEFAULT, DEFAULT, DEFAULT), ('4029bbad-86a6-5e60-a150-da0664c62b92', 'd297ab9e-40d4-51b5-bb8f-a1df399f1a9a', 22, 'private', 'Team Fight Execution Plan', '{"ullamco","officia labore culpa","sunt occaecat adipisicing","in consectetur labore culpa","aliqua","ea ad consequat aliquip elit","sit duis sunt in pariatur","labore laborum","nisi ad irure ipsum consequat"}', DEFAULT, DEFAULT, DEFAULT), ('6636a6a8-3a2d-5862-bb24-3e77bffdb640', '3ff60d7a-a4ad-54c5-a422-53b52cd53093', 28, 'private', 'Wave Management Plan', '{"eu elit proident occaecat","laboris id in","ut ut","dolore eu esse nulla aliquip","anim eu aliqua laboris"}', DEFAULT, DEFAULT, DEFAULT), ('4ba85443-f89e-5d68-8d4a-da572969b0dd', 'd1b8f3f8-af26-5088-8712-273c28ba98f7', 29, 'public', 'Split Push Blueprint', '{"et","laboris veniam ex","ipsum commodo nulla eiusmod","consectetur ullamco","proident quis nisi","eu officia","qui consequat pariatur ex","eu in Lorem reprehenderit","ullamco ullamco","aliquip aliqua laboris commodo n"}', DEFAULT, DEFAULT, DEFAULT), ('55fbf0ae-1fd2-57d5-9884-2ceca8eef8f3', 'eecf8a7e-af2f-524d-a645-c5fba3ebda06', 23, 'unlisted', 'Team Fight Execution Plan', '{"labore cillum quis","fugiat magna id","commodo","qui in proident ad","sint aliqua Lorem veniam","culpa","commodo"}', DEFAULT, DEFAULT, DEFAULT), ('c91a5204-a47c-5f58-8042-f917f2facb4b', 'd9bba68a-079c-5141-bd43-756b87167584', 29, 'public', 'Late Game Scaling Strategy', '{"aliqua sunt et","do in elit","culpa cupidatat","eiusmod aliquip","aliqua cupidatat deserunt","ex nisi occaecat cupidatat","proident qui","amet veniam qui ad","reprehenderit"}', DEFAULT, DEFAULT, DEFAULT), ('fdca53a8-e101-5585-90b8-82f7d3c1fc24', 'a5831e58-2fc9-5b59-970d-00c344a4eb18', 29, 'public', 'Jungle Control Playbook', '{"cillum","pariatur qui voluptate","sunt","incididunt ex dolore dolore","labore ullamco do","sint mollit adipisicing","reprehenderit","cupidatat in nostrud ullamco"}', DEFAULT, DEFAULT, DEFAULT), ('a76c18ad-af72-57b7-b165-f7757943d51e', 'b7a89d05-549f-565f-b631-b59097e91d1a', 29, 'unlisted', 'Jungle Control Playbook', '{"est est dolore"}', DEFAULT, DEFAULT, DEFAULT), ('bf7ffe87-c4e2-5aa1-86f7-2fdfa8315ff6', 'b32027db-33da-5dc2-b906-e0c2a06ac683', 24, 'unlisted', 'Gank Heavy Approach', '{"exercitation magna","sit","esse","duis esse duis","laborum sunt"}', DEFAULT, DEFAULT, DEFAULT), ('764f06ba-b246-5c62-8e43-89fe991c749d', '9b1fc781-1e4e-56d2-bd68-0dc257a319c0', 25, 'public', 'Secure Objective Playbook', '{"deserunt eiusmod elit nulla aliq","magna amet","ea sint quis","minim tempor sunt","mollit excepteur et dolore labor","adipisicing proident"}', DEFAULT, DEFAULT, DEFAULT), ('229d48f9-9e17-5f91-bd2c-3f3cdbae28c1', '438bff0e-fd50-5c86-89ee-d397a0c0e548', 28, 'public', 'Counter Pick Blueprint', '{"ea eu irure","sint exercitation ipsum velit","ea","proident laboris esse aliqua","nulla nulla","adipisicing dolore occaecat","laborum cillum aliquip"}', DEFAULT, DEFAULT, DEFAULT), ('505fdba9-c563-5897-bd99-f3fd7e6efb10', '5777772e-8d66-5c0f-ab03-fb0419760db6', 23, 'private', 'Map Control Blueprint', '{"culpa sit"}', DEFAULT, DEFAULT, DEFAULT), ('ad47e58b-6404-5eb4-b01c-1ab02b3af226', '1e7e0bcb-4fc0-5d72-81a5-d67a74a13595', 29, 'private', 'Gank Heavy Approach', '{"eiusmod ex consequat aute","mollit quis","nostrud incididunt nisi fugiat"}', DEFAULT, DEFAULT, DEFAULT), ('4ae4f149-a1da-5a76-913f-5ea02c87f4e0', '26f7bb6a-3c9c-5b30-b11b-be5ebfb91948', 23, 'unlisted', 'Counter Pick Blueprint', '{"esse duis exercitation deserunt ","ut consequat","irure laborum","aliquip ex exercitation","Lorem anim","cupidatat magna duis cillum dolo","incididunt voluptate esse cillum","Lorem qui veniam cupidatat paria","minim qui aliqua"}', DEFAULT, DEFAULT, DEFAULT), ('a85217e5-f8d6-5dd0-996b-8464fa1021ff', '98eaafd3-adbf-5a3e-adb9-b3fb6971b6f1', 29, 'public', 'Counter Pick Blueprint', '{"ea dolore eu anim","amet consequat do","velit voluptate","do laborum fugiat aliqua"}', DEFAULT, DEFAULT, DEFAULT), ('b21411a7-0afc-5cf3-81fc-471ab95f5d8d', 'e4de1a09-bd9a-5e42-b92c-2cb1af28bec6', 28, 'unlisted', 'Vision Denial Blueprint', '{"est","tempor sint culpa anim","eiusmod laboris","nulla sit","voluptate","reprehenderit minim excepteur de","fugiat anim","elit non esse eiusmod non"}', DEFAULT, DEFAULT, DEFAULT), ('d37fd98f-746a-582e-a0fc-de28d96e48c5', '1e7e0bcb-4fc0-5d72-81a5-d67a74a13595', 21, 'public', 'Siege Tactics Handbook', '{"cillum mollit mollit amet","laborum pariatur","magna laboris","Lorem"}', DEFAULT, DEFAULT, DEFAULT), ('2dc53ff7-923f-50df-a732-82b60afbba2f', 'd1b8f3f8-af26-5088-8712-273c28ba98f7', 28, 'unlisted', 'Roaming Support Plan', '{"ullamco est duis elit","veniam id est eiusmod","esse sint in","eu et aliqua pariatur","elit eu deserunt proident","aliqua"}', DEFAULT, DEFAULT, DEFAULT), ('f9690101-a16f-5108-b391-78c9dba8aeee', 'd9bba68a-079c-5141-bd43-756b87167584', 26, 'unlisted', 'Late Game Scaling Strategy', '{"occaecat culpa irure","magna deserunt","aute esse esse"}', DEFAULT, DEFAULT, DEFAULT), ('7441a375-e1c1-5111-b299-b73d6da10ca2', '26f7bb6a-3c9c-5b30-b11b-be5ebfb91948', 22, 'unlisted', 'Vision Denial Blueprint', '{"duis mollit eiusmod enim","voluptate esse mollit cupidatat","dolor officia est","magna amet","officia ullamco deserunt","do non aliqua","dolor dolor","officia dolore","sit"}', DEFAULT, DEFAULT, DEFAULT), ('ca1d2bcf-5a98-5759-81b6-75e3ed47122a', '305fa448-c3bf-59c7-a989-19ae69ce0725', 22, 'private', 'Objective Focused Strategy', '{"dolor pariatur incididunt consec","et ullamco","veniam ullamco tempor","occaecat"}', DEFAULT, DEFAULT, DEFAULT), ('77b1dab4-a856-5c18-bb24-053f8869bc5b', 'ac9f0e3e-b030-584f-a8dd-87355fe22537', 24, 'private', 'Rotation Strategy Document', '{"commodo amet","commodo consectetur ea","tempor consequat cupidatat esse"}', DEFAULT, DEFAULT, DEFAULT), ('08b3c695-d6fb-54e4-9ef2-bf508a57adc1', 'ac9f0e3e-b030-584f-a8dd-87355fe22537', 26, 'public', 'Aggressive Rush Strategy', '{"nostrud culpa mollit enim sint","laborum ad anim exercitation adi"}', DEFAULT, DEFAULT, DEFAULT), ('7dc16d02-274a-5e7f-bc31-6af29982313f', '26f7bb6a-3c9c-5b30-b11b-be5ebfb91948', 27, 'private', 'Late Game Scaling Strategy', '{"labore","minim dolore","id consectetur enim","culpa nulla","culpa cillum","ex commodo ut","in esse","proident Lorem"}', DEFAULT, DEFAULT, DEFAULT), ('acad405c-f8e9-559b-bd11-e0ffc3bebca6', 'd9bba68a-079c-5141-bd43-756b87167584', 21, 'unlisted', 'Siege Tactics Handbook', '{"eiusmod aute excepteur","enim proident","magna","est elit ullamco sunt"}', DEFAULT, DEFAULT, DEFAULT), ('16d95573-87cd-5d45-be45-e8a020ba40ac', '305fa448-c3bf-59c7-a989-19ae69ce0725', 21, 'private', 'Counter Pick Blueprint', '{"velit mollit","Lorem","in aute incididunt Lorem","do non ad","dolor in enim officia enim","dolore sunt do aliquip nostrud"}', DEFAULT, DEFAULT, DEFAULT), ('5a993b43-eca0-563f-b6c9-fdd440759e85', '5d378209-1fd5-506f-8b3f-511a16489d69', 25, 'unlisted', 'Team Fight Execution Plan', '{"excepteur ex qui adipisicing et","eiusmod ipsum proident","quis dolore magna","mollit elit irure officia"}', DEFAULT, DEFAULT, DEFAULT), ('f7bfc2c8-d52a-5806-97fd-77bd67d93b23', '1d3f740a-8c60-5c1d-aa9e-3854a33c8e1d', 23, 'unlisted', 'Counter Pick Blueprint', '{"mollit non","occaecat dolore deserunt velit c"}', DEFAULT, DEFAULT, DEFAULT), ('748d5a8c-f2bf-5974-9c72-24f98b85813b', '19495f2f-99a6-5394-9596-a1d3fb0d3196', 22, 'private', 'Defensive Turtle Tactics', '{"adipisicing","elit nisi qui aliquip","velit laboris sint","elit qui"}', DEFAULT, DEFAULT, DEFAULT), ('808d9117-ba04-5cb0-8827-639e2642b0ee', 'd1b8f3f8-af26-5088-8712-273c28ba98f7', 28, 'public', 'Team Fight Execution Plan', '{"id eu eu culpa cillum","anim officia incididunt fugiat d","eu esse","labore laborum","non esse anim","adipisicing cupidatat","sint voluptate esse mollit conse","commodo veniam","sit nulla reprehenderit"}', DEFAULT, DEFAULT, DEFAULT), ('e0185351-5b08-58b2-bd3e-c09965750112', 'e5b4727f-be5e-52c0-83cb-cb7ba230945f', 29, 'public', 'Roaming Support Plan', '{"nostrud sunt ullamco","nisi in","tempor incididunt deserunt","veniam dolor eu","labore magna","ut exercitation cupidatat cillum","nostrud ipsum sit"}', DEFAULT, DEFAULT, DEFAULT), ('993f7ab3-9b54-5771-a99e-0c6d75a1f37d', 'e4de1a09-bd9a-5e42-b92c-2cb1af28bec6', 24, 'unlisted', 'Late Game Scaling Strategy', '{"ex quis","nisi Lorem eiusmod","et nisi id"}', DEFAULT, DEFAULT, DEFAULT), ('bdb5114a-76d3-5fe4-944c-043e7ebd99da', '8d3f145b-67b0-504d-b49a-d59ecea5d2d8', 28, 'public', 'Baron Control Strategy', '{"tempor quis adipisicing veniam","irure in quis et est","Lorem","cupidatat","voluptate ad ad","ea non pariatur nostrud"}', DEFAULT, DEFAULT, DEFAULT), ('aa4964a1-4611-5528-9df9-ef170866214f', '6c3f6730-2b1a-5e27-97de-caacad0bb1a5', 23, 'unlisted', 'Baron Control Strategy', '{"cupidatat tempor esse","commodo eiusmod aute ipsum qui","quis cupidatat","ut magna","irure ad fugiat in exercitation"}', DEFAULT, DEFAULT, DEFAULT), ('ec14513a-7d3c-5172-b68b-d531791ec9de', 'd19db439-c7e7-53a7-aa19-0db346180dc1', 27, 'private', 'Aggressive Rush Strategy', '{"nostrud fugiat velit commodo"}', DEFAULT, DEFAULT, DEFAULT), ('a0f81f50-aa3d-5780-b485-a54fb7b7833a', 'b7a89d05-549f-565f-b631-b59097e91d1a', 30, 'private', 'Team Fight Execution Plan', '{"tempor","ut nulla minim aute","magna aute eu","amet exercitation proident labor","consectetur culpa ea","qui culpa quis amet et","aliqua ex proident irure","aliqua esse consequat pariatur","ut","dolor aliquip cillum"}', DEFAULT, DEFAULT, DEFAULT), ('aabd5608-e04b-5bd8-8d75-d004a1b17409', '2d1d7734-be70-5d07-a538-e76c6cae722e', 30, 'unlisted', 'Objective Focused Strategy', '{"incididunt incididunt","dolore amet","dolore eu","sit qui cillum","culpa dolor","excepteur veniam","nostrud in id veniam","excepteur fugiat","ad tempor","irure cupidatat elit nisi"}', DEFAULT, DEFAULT, DEFAULT), ('7bcc2b79-de31-5963-9cfd-559af77da3be', 'a5831e58-2fc9-5b59-970d-00c344a4eb18', 28, 'unlisted', 'Wave Management Plan', '{"id commodo minim consectetur cul","consequat incididunt duis","fugiat consequat laboris enim","minim ipsum laborum id","veniam","est"}', DEFAULT, DEFAULT, DEFAULT), ('b4293a01-a1be-5e58-a088-abc550c9f820', '5777772e-8d66-5c0f-ab03-fb0419760db6', 24, 'private', 'Early Game Dominance Guide', '{"do duis","sunt dolore ullamco","duis velit","quis veniam ex amet"}', DEFAULT, DEFAULT, DEFAULT), ('a97e2960-b385-5f99-88c2-9e562f32234e', 'd19db439-c7e7-53a7-aa19-0db346180dc1', 27, 'public', 'Team Fight Execution Plan', '{"magna amet aliqua","exercitation nulla labore","excepteur incididunt sit","eu officia","magna ipsum laborum amet aliqua","aute aute","ex incididunt id adipisicing ex","incididunt aliquip proident","cupidatat mollit et ea"}', DEFAULT, DEFAULT, DEFAULT), ('db39a462-f36a-54ba-b38e-2fcf35273cba', 'd297ab9e-40d4-51b5-bb8f-a1df399f1a9a', 23, 'private', 'Counter Pick Blueprint', '{"in magna ea","enim esse","eu duis minim excepteur","consequat amet","anim consectetur"}', DEFAULT, DEFAULT, DEFAULT), ('35dc016a-9edc-565d-923e-9bee9a60bd24', '26f7bb6a-3c9c-5b30-b11b-be5ebfb91948', 24, 'public', 'Siege Tactics Handbook', '{"occaecat","nulla mollit","sunt occaecat sint nostrud anim","do do","consectetur culpa nisi veniam"}', DEFAULT, DEFAULT, DEFAULT), ('61e4dc6c-b183-5c81-91cb-8dc622fd6913', '1e7e0bcb-4fc0-5d72-81a5-d67a74a13595', 22, 'unlisted', 'Siege Tactics Handbook', '{}', DEFAULT, DEFAULT, DEFAULT), ('b5df5eae-45e8-5f54-a8f9-351afabf5f65', '6c52c1d9-13a4-51ef-ae51-1dacc4c14be9', 29, 'unlisted', 'Rotation Strategy Document', '{"est quis","quis sit tempor","occaecat sit","excepteur","irure occaecat ut veniam"}', DEFAULT, DEFAULT, DEFAULT), ('18aa22db-700e-5a8a-892c-5bf7b7da1bbf', '2d1d7734-be70-5d07-a538-e76c6cae722e', 22, 'public', 'Aggressive Rush Strategy', '{"cillum fugiat proident","eu commodo","mollit ea","laboris amet Lorem enim","proident sunt reprehenderit aliq","elit aliqua magna","minim adipisicing elit","eiusmod excepteur minim","eu exercitation cupidatat","ipsum anim"}', DEFAULT, DEFAULT, DEFAULT), ('7c9a7a2f-bf97-5fb7-9ff3-bb3e363fce60', '6c3f6730-2b1a-5e27-97de-caacad0bb1a5', 22, 'unlisted', 'Gank Heavy Approach', '{"aliquip sint","nulla labore tempor eiusmod dese","consequat","quis anim sit nulla","proident","ea pariatur dolor est"}', DEFAULT, DEFAULT, DEFAULT), ('93216013-7bd8-59b1-a3f0-b1087d4d7f00', 'a5831e58-2fc9-5b59-970d-00c344a4eb18', 27, 'public', 'Secure Objective Playbook', '{"incididunt anim","eu in","amet nulla","aliquip amet","consequat excepteur aliquip cupi","aliquip sint ullamco","nulla anim","mollit non excepteur occaecat co"}', DEFAULT, DEFAULT, DEFAULT), ('3e057cf2-df3a-50e5-82fa-e2dcf87ebd5a', '8d3f145b-67b0-504d-b49a-d59ecea5d2d8', 23, 'public', 'Secure Objective Playbook', '{"non velit occaecat ullamco aute","enim","aliquip sit voluptate","consectetur","velit fugiat ut"}', DEFAULT, DEFAULT, DEFAULT), ('e3f5f266-44d3-5096-b897-56678a5f974b', '1d3f740a-8c60-5c1d-aa9e-3854a33c8e1d', 30, 'private', 'Vision Denial Blueprint', '{"veniam"}', DEFAULT, DEFAULT, DEFAULT), ('ffbcf0c1-44bb-549f-ba50-18e1e874a611', '756cbb59-27d6-58f3-b4b9-8b56121e683f', 23, 'private', 'Counter Pick Blueprint', '{}', DEFAULT, DEFAULT, DEFAULT), ('c4f414cf-451e-5497-88db-62020e3a0dc5', 'd297ab9e-40d4-51b5-bb8f-a1df399f1a9a', 22, 'private', 'Baron Control Strategy', '{"id et nulla","aliquip sit occaecat","est tempor mollit","laborum est ullamco","sint voluptate"}', DEFAULT, DEFAULT, DEFAULT), ('a109823a-0d02-5064-b8ef-3186d6d08cb0', 'f4b5542b-ba61-519e-a8d2-5793282ad487', 21, 'private', 'Aggressive Rush Strategy', '{"consectetur commodo irure","officia amet","voluptate ullamco","veniam nulla"}', DEFAULT, DEFAULT, DEFAULT), ('3e4b1eac-b214-5aaa-a7f0-29af8a5b2ce9', '7d0c4d54-58ae-5ddf-b108-590171e8655a', 21, 'public', 'Rotation Strategy Document', '{"Lorem ex commodo","sint ex","ad amet et voluptate","mollit ea nulla est","veniam","reprehenderit ut pariatur aliqui","fugiat ad"}', DEFAULT, DEFAULT, DEFAULT), ('72819b1c-0a2a-5e86-b5bc-5741c2854f96', '26f7bb6a-3c9c-5b30-b11b-be5ebfb91948', 22, 'private', 'Split Push Blueprint', '{"sit deserunt laborum qui nulla","mollit tempor sit","do consectetur","velit Lorem","amet sunt irure sint","duis Lorem","labore","aliquip eiusmod reprehenderit eu"}', DEFAULT, DEFAULT, DEFAULT), ('b5d7b26a-56f4-59fc-853e-1a1306ab6e95', 'b32027db-33da-5dc2-b906-e0c2a06ac683', 23, 'public', 'Objective Focused Strategy', '{"enim incididunt","aliqua incididunt labore culpa","est id mollit","tempor","nisi est exercitation dolore","laborum nostrud anim laboris","magna elit","occaecat","ipsum irure est","ullamco elit"}', DEFAULT, DEFAULT, DEFAULT), ('29365629-31e8-5e53-b1ae-ffdad1c2009e', '5d378209-1fd5-506f-8b3f-511a16489d69', 24, 'unlisted', 'Jungle Control Playbook', '{"velit reprehenderit elit id","tempor quis veniam esse ut","laborum","ullamco reprehenderit","cillum ea in","eu voluptate aliquip","amet eiusmod dolore labore nisi","veniam sit voluptate consectetur","ut ipsum"}', DEFAULT, DEFAULT, DEFAULT), ('ef9b1028-31e2-59d9-a64e-2a4d1686e96e', '36f6f3ba-e867-5008-b6c1-829e989f9d2f', 30, 'unlisted', 'Objective Focused Strategy', '{"eu officia","enim amet veniam in non","minim officia","sint labore do","labore nisi","pariatur ex elit Lorem"}', DEFAULT, DEFAULT, DEFAULT), ('51f9c2fa-a6a8-5d1e-9ef8-efb89c34ee1c', '36f6f3ba-e867-5008-b6c1-829e989f9d2f', 29, 'private', 'Split Push Blueprint', '{"ex ad","laboris ex sint voluptate","adipisicing commodo","in veniam esse reprehenderit","nostrud eiusmod anim","cillum proident nulla commodo"}', DEFAULT, DEFAULT, DEFAULT), ('930338c0-ea8e-56fc-b2df-a68255a6182c', '9b1fc781-1e4e-56d2-bd68-0dc257a319c0', 27, 'private', 'Aggressive Rush Strategy', '{}', DEFAULT, DEFAULT, DEFAULT), ('14f0b4c0-9d33-5d68-85ae-cc3d31b6b19e', '549980e7-3e77-5d76-b263-84664d04b209', 26, 'public', 'Jungle Control Playbook', '{"nostrud officia pariatur Lorem","cupidatat aliquip","id elit duis","id voluptate commodo consequat n","incididunt ut","in non mollit eiusmod","aute sit enim velit dolor"}', DEFAULT, DEFAULT, DEFAULT), ('7c51f66f-cf81-571f-a65c-f571f1f39cc9', '1e7e0bcb-4fc0-5d72-81a5-d67a74a13595', 30, 'private', 'Roaming Support Plan', '{"incididunt ex dolore","culpa proident elit ex ea","voluptate est"}', DEFAULT, DEFAULT, DEFAULT), ('764b9b2a-d477-5bff-a789-cba064ac71f8', 'd1b8f3f8-af26-5088-8712-273c28ba98f7', 24, 'public', 'Vision Control Blueprint', '{"ipsum","amet velit deserunt","exercitation ipsum labore do","dolore"}', DEFAULT, DEFAULT, DEFAULT), ('1125d49b-2ad6-5500-bd14-7e0649f5dd73', 'cfbfd1d4-e77f-57e5-94da-e9ff2cc7a996', 22, 'unlisted', 'Team Fight Execution Plan', '{"ipsum amet voluptate enim","nostrud incididunt excepteur lab","nostrud ad occaecat","magna et","do amet","labore laborum","elit","anim veniam"}', DEFAULT, DEFAULT, DEFAULT), ('de1d5557-45c4-5747-8c2d-f8c09704db25', '91434b27-2651-5429-8f42-45c3f8e334a0', 23, 'private', 'Baron Control Strategy', '{"laboris adipisicing anim minim","occaecat","ullamco","dolor tempor nulla Lorem reprehe","id ipsum","magna ipsum dolor","cillum est aliqua cillum nisi","do fugiat aute","do sint"}', DEFAULT, DEFAULT, DEFAULT), ('dc2759a8-51ca-575d-9678-0ac64e900648', 'f52ce409-f800-5a86-b4ed-ce1a99a8a6ae', 30, 'private', 'Late Game Scaling Strategy', '{"est occaecat mollit dolore","consequat dolore velit ut","aliquip cillum","do ad magna aute"}', DEFAULT, DEFAULT, DEFAULT), ('8c0ef303-3ae4-5fe5-b0be-ef1788ae8707', '305fa448-c3bf-59c7-a989-19ae69ce0725', 22, 'public', 'Vision Control Blueprint', '{"proident","commodo id","qui non","do adipisicing","sint dolore","minim","nisi et adipisicing eiusmod"}', DEFAULT, DEFAULT, DEFAULT), ('ddd094e1-b8f4-560e-b960-af5227a9b337', '9b1fc781-1e4e-56d2-bd68-0dc257a319c0', 24, 'unlisted', 'Map Control Blueprint', '{"ea sunt sint excepteur"}', DEFAULT, DEFAULT, DEFAULT), ('4bd93d1d-9da0-508d-a30a-5cd1fe2e858d', '92bf5244-388d-5bbf-bd84-1c7ad2efe31b', 22, 'public', 'Baron Control Strategy', '{"consequat quis","fugiat","tempor enim do consectetur nisi","enim Lorem commodo amet eu","aute sunt","aute consectetur amet adipisicin","do","esse tempor quis officia ullamco"}', DEFAULT, DEFAULT, DEFAULT), ('2d25022b-866c-584e-895d-11b8a727c08f', '98eaafd3-adbf-5a3e-adb9-b3fb6971b6f1', 28, 'public', 'Jungle Control Playbook', '{"enim Lorem laborum","cupidatat","non ipsum","pariatur","velit adipisicing","non proident","anim do eu nisi in","ut","mollit amet cillum","aute dolor"}', DEFAULT, DEFAULT, DEFAULT), ('8d4a5d0e-3ef8-5e54-ac1b-6a14acb1ad0e', '6c3f6730-2b1a-5e27-97de-caacad0bb1a5', 29, 'private', 'Team Fight Execution Plan', '{"et amet consectetur"}', DEFAULT, DEFAULT, DEFAULT), ('6b889196-1556-5eef-89c0-e7506a0ca45b', 'd1b8f3f8-af26-5088-8712-273c28ba98f7', 21, 'public', 'Baron Control Strategy', '{}', DEFAULT, DEFAULT, DEFAULT), ('e6b5025c-d432-567c-bc94-e80f642225ff', '36f6f3ba-e867-5008-b6c1-829e989f9d2f', 27, 'public', 'Aggressive Rush Strategy', '{}', DEFAULT, DEFAULT, DEFAULT), ('4d0eaa15-67e7-50e5-bd92-8596a8c41516', '9bf2ad50-cccb-50eb-8269-3a7e78bd21f5', 29, 'public', 'Jungle Control Playbook', '{"sunt sint aliqua labore","magna aliqua non ipsum"}', DEFAULT, DEFAULT, DEFAULT), ('c2405ac9-0838-5ce8-a85b-e6db0fbe6c10', '59558fa1-9cc0-5e85-a331-879d76e07f05', 27, 'unlisted', 'Early Game Dominance Guide', '{"labore sint","et deserunt id","cillum enim","aliqua aliqua aliqua","anim","aliquip nulla"}', DEFAULT, DEFAULT, DEFAULT), ('c8df1446-9b17-5687-8ff4-001003cfca37', '3ff60d7a-a4ad-54c5-a422-53b52cd53093', 30, 'private', 'Jungle Control Playbook', '{"tempor id","magna elit","minim irure labore","minim id commodo eu est","nulla magna officia","in exercitation reprehenderit","occaecat ullamco enim cupidatat ","veniam dolor irure","nisi amet laboris"}', DEFAULT, DEFAULT, DEFAULT), ('f706294d-163e-5aef-a517-eae489067781', '8b7e423b-b9b9-5b3c-bf3d-1aa45d16235c', 22, 'public', 'Counter Pick Blueprint', '{"ipsum irure aliqua eu","tempor reprehenderit esse","ipsum do ut consequat","aliquip aliquip nisi"}', DEFAULT, DEFAULT, DEFAULT), ('bee3d023-7908-5b1b-a6e7-320078c804bf', '9584676f-0635-591a-a937-d230d9a3abf3', 21, 'private', 'Roaming Support Plan', '{"nulla non fugiat cillum sint","officia dolore excepteur non rep","consequat elit","laborum consequat officia except","aliqua commodo","eiusmod proident velit elit","do","non enim commodo velit","elit proident consectetur"}', DEFAULT, DEFAULT, DEFAULT), ('d607d7db-ee7a-57fa-b0f1-08a24201e561', 'f4b5542b-ba61-519e-a8d2-5793282ad487', 26, 'unlisted', 'Objective Focused Strategy', '{"ullamco consectetur"}', DEFAULT, DEFAULT, DEFAULT), ('6db5eb76-a4d8-59b2-8682-ac0a5dca423f', '2589cf16-4103-5a4f-b544-b30078083eaa', 25, 'public', 'Objective Focused Strategy', '{"qui","adipisicing sit qui","cillum laborum","laborum veniam enim Lorem","exercitation magna aliqua laboru","velit occaecat incididunt mollit","laborum laborum","nisi eiusmod","non"}', DEFAULT, DEFAULT, DEFAULT), ('f0859c52-737d-58da-9c95-b804668a9ae6', '6c3f6730-2b1a-5e27-97de-caacad0bb1a5', 22, 'public', 'Gank Heavy Approach', '{"consectetur deserunt do eiusmod","dolore sint","anim ea","magna consectetur aute mollit","nisi consectetur magna Lorem ips","ex excepteur ut","anim dolore","minim tempor dolore","commodo ullamco ut"}', DEFAULT, DEFAULT, DEFAULT), ('f843e0b1-5e16-5c9e-923e-e155f87b2422', '8d3f145b-67b0-504d-b49a-d59ecea5d2d8', 29, 'unlisted', 'Aggressive Rush Strategy', '{"proident cillum","exercitation occaecat occaecat s","ullamco dolor elit"}', DEFAULT, DEFAULT, DEFAULT), ('971d3e7d-1fd1-5fd1-ba3a-0a99dda2cb04', '2d1d7734-be70-5d07-a538-e76c6cae722e', 28, 'public', 'Secure Objective Playbook', '{"minim reprehenderit nisi","occaecat enim consequat dolor te","aliqua dolore","cillum proident minim commodo ve"}', DEFAULT, DEFAULT, DEFAULT), ('51c6dab5-99f7-56c9-a820-7cfc76e25abf', '3ff60d7a-a4ad-54c5-a422-53b52cd53093', 29, 'public', 'Early Game Dominance Guide', '{"exercitation excepteur elit","magna"}', DEFAULT, DEFAULT, DEFAULT), ('88430d1c-f998-5183-ac05-d06b362a058a', '5d378209-1fd5-506f-8b3f-511a16489d69', 25, 'public', 'Map Control Blueprint', '{"ullamco mollit","tempor id pariatur","commodo fugiat aliqua","veniam veniam","veniam eu","pariatur aliqua"}', DEFAULT, DEFAULT, DEFAULT), ('fc959555-d183-544e-8cf6-52532b383f25', '305fa448-c3bf-59c7-a989-19ae69ce0725', 30, 'private', 'Jungle Control Playbook', '{"dolore","velit laborum eiusmod","duis ea dolor aute voluptate","velit enim","reprehenderit ipsum reprehenderi","qui aliquip sit minim","est et eiusmod"}', DEFAULT, DEFAULT, DEFAULT), ('94935318-fc9b-5864-874e-912b663c75f7', '5d378209-1fd5-506f-8b3f-511a16489d69', 30, 'private', 'Defensive Turtle Tactics', '{"ipsum ad exercitation velit","exercitation Lorem nostrud culpa","commodo exercitation","do reprehenderit qui anim","aliquip cillum occaecat Lorem el","enim dolor consequat occaecat","elit exercitation occaecat offic","dolore qui"}', DEFAULT, DEFAULT, DEFAULT), ('ea529f5a-add2-5f29-a44d-2a799c7ab051', '6c52c1d9-13a4-51ef-ae51-1dacc4c14be9', 27, 'unlisted', 'Early Game Dominance Guide', '{"aliqua ullamco fugiat reprehende","elit sunt laboris","esse ex elit","pariatur duis","nulla cillum duis aliquip","sint fugiat reprehenderit"}', DEFAULT, DEFAULT, DEFAULT), ('b2bd3c17-1864-5b1f-8d71-b6fe96b48ba6', '91434b27-2651-5429-8f42-45c3f8e334a0', 24, 'public', 'Early Game Dominance Guide', '{"dolore enim","duis ea","ullamco sunt","ullamco qui","officia aliqua reprehenderit non","aliqua incididunt id","culpa"}', DEFAULT, DEFAULT, DEFAULT), ('a46777c9-6f34-5718-a195-68edd93e1d42', '9bf2ad50-cccb-50eb-8269-3a7e78bd21f5', 21, 'private', 'Split Push Blueprint', '{"ea do tempor Lorem"}', DEFAULT, DEFAULT, DEFAULT), ('0f3df2fb-dd6e-55b9-9f86-0babb8fec748', '8b7e423b-b9b9-5b3c-bf3d-1aa45d16235c', 24, 'public', 'Vision Control Blueprint', '{"ex et ut aliquip do","eu laboris","nulla est ea ad","deserunt consequat","est irure sit occaecat","dolor dolore","veniam officia","excepteur voluptate nulla aliqui"}', DEFAULT, DEFAULT, DEFAULT), ('95bb7f47-209b-5f16-a018-19e8f23e6e16', '36f6f3ba-e867-5008-b6c1-829e989f9d2f', 25, 'public', 'Jungle Control Playbook', '{"et","irure sit dolore","ipsum commodo voluptate consecte","in anim","culpa","commodo ut anim","sint ullamco incididunt ea conse"}', DEFAULT, DEFAULT, DEFAULT), ('78959a88-41ee-5d40-85cb-71e22f4c47aa', 'a3141029-aec2-543b-b18a-49fe947e3304', 26, 'public', 'Jungle Control Playbook', '{"occaecat","consequat consequat excepteur eu","officia laboris nisi magna","veniam irure"}', DEFAULT, DEFAULT, DEFAULT), ('a9e614f8-c87a-596e-bdaf-6e577865453e', '9bf2ad50-cccb-50eb-8269-3a7e78bd21f5', 28, 'public', 'Siege Tactics Handbook', '{"aute do eu","exercitation mollit","quis non","nulla ea","ad non sint","non commodo proident consectetur","ex deserunt ipsum irure","ullamco ut consequat"}', DEFAULT, DEFAULT, DEFAULT), ('f80096a0-59ff-58f8-a58f-cd508cb0f33e', 'e4de1a09-bd9a-5e42-b92c-2cb1af28bec6', 27, 'public', 'Defensive Turtle Tactics', '{"labore deserunt","eiusmod sunt esse ipsum","id sint incididunt tempor","voluptate amet magna aliqua","in ea sunt","duis veniam velit"}', DEFAULT, DEFAULT, DEFAULT), ('a444e395-f85a-5fcf-904b-e713df3a17f6', '59558fa1-9cc0-5e85-a331-879d76e07f05', 28, 'public', 'Siege Tactics Handbook', '{"enim non","eu esse","eu est","est"}', DEFAULT, DEFAULT, DEFAULT);
INSERT INTO public.team_member_role (id,name,flags) VALUES (4, 'owner', 63), (5, 'editor', 7), (6, 'viewer', 1);
SELECT setval('"public"."team_member_role_id_seq"'::regclass, (SELECT MAX("id") FROM "public"."team_member_role"));
