INSERT INTO public.game (id,name,alias,icon,hidden,metadata,created_at) VALUES (73, 'Ut Sunt', 'NBA2K', 'https://svgshare.com/i/15iw.svg', 'f', '{"player_count":5}', DEFAULT), (74, 'Exercitation', 'NBA2K', 'https://svgshare.com/i/15iw.svg', 'f', '{"player_count":5}', DEFAULT), (75, 'Anim', 'GTA', 'https://svgshare.com/i/15iw.svg', 'f', '{"player_count":5}', DEFAULT);
SELECT setval('"public"."game_id_seq"'::regclass, (SELECT MAX("id") FROM "public"."game"));
INSERT INTO public.team (id,name,plan_id,game_id,created_at,updated_at) VALUES ('7c2c4732-09c1-5f7b-87ca-c53e7497b4ef', 'Consectetur Nostrud ', NULL, 75, DEFAULT, DEFAULT), ('f50563b6-8532-51ec-b121-d8c6bca3e897', 'Aliquip Esse Id Aliq', NULL, 75, DEFAULT, DEFAULT), ('f1bf295c-195b-5a42-9c6b-5bfa14b58307', 'Id Do Anim Cillum', NULL, 75, DEFAULT, DEFAULT), ('e0eebbc8-63c9-5fee-b088-b3310b672c35', 'Dolor Id Magna', NULL, 74, DEFAULT, DEFAULT), ('1c17c04a-19f5-5c48-8b6b-48fe02257ffb', 'Deserunt Eiusmod Vol', NULL, 75, DEFAULT, DEFAULT), ('a2996c99-b8bb-5bf6-b789-844e821ceb82', 'Non Reprehenderit', NULL, 74, DEFAULT, DEFAULT), ('5d016028-a6a3-5268-91a3-91021dbfda0a', 'Mollit Ex Id', NULL, 75, DEFAULT, DEFAULT), ('b279891e-05aa-528b-867b-dd6fe5fa77c8', 'Cillum Quis Occaecat', NULL, 73, DEFAULT, DEFAULT), ('ff53868f-9940-575d-8fa8-923808f93a53', 'Dolor Ea Pariatur Su', NULL, 74, DEFAULT, DEFAULT), ('8172203a-00e7-5e0e-919b-2970e0d891df', 'Sit Dolore Amet', NULL, 73, DEFAULT, DEFAULT), ('7b5ee10b-959f-565b-9dac-a4bab4f6c6bf', 'Ullamco Consectetur', NULL, 75, DEFAULT, DEFAULT), ('38400370-0369-5239-8b08-499aef0591ef', 'Lorem Dolor', NULL, 74, DEFAULT, DEFAULT), ('77394b64-1ec1-5043-8dc3-08f9200521d4', 'Duis Ea Exercitation', NULL, 75, DEFAULT, DEFAULT), ('56ea9a57-3786-5a49-9700-501eb57a1328', 'Cillum Quis', NULL, 74, DEFAULT, DEFAULT), ('731fb763-1773-5758-b8dd-d75381b0e72a', 'Do Irure Deserunt', NULL, 74, DEFAULT, DEFAULT), ('5e20f9a8-7b26-5a5f-8426-6b12c182d23c', 'Magna Duis', NULL, 74, DEFAULT, DEFAULT), ('53fe0e9e-3358-5722-b994-4faad8733cd3', 'Sunt Nulla Nostrud D', NULL, 75, DEFAULT, DEFAULT), ('e4834379-a7a0-5f41-8193-f598072b1c83', 'Irure In Ut Ullamco', NULL, 73, DEFAULT, DEFAULT), ('a9f91eda-269f-54d0-83de-05f0c2ecbf08', 'Non Proident Proiden', NULL, 73, DEFAULT, DEFAULT), ('c0062d28-74ce-56b0-8124-852c5c4cdd1f', 'Eu Voluptate Anim Pr', NULL, 74, DEFAULT, DEFAULT), ('a1d779f7-e622-5cd1-b766-eb2b7925b3c0', 'Lorem Ea Fugiat', NULL, 74, DEFAULT, DEFAULT), ('bd4e2ea6-e7d4-5655-93cc-d1ed71c3483c', 'Nulla Do Quis', NULL, 75, DEFAULT, DEFAULT), ('fb2f612f-57ab-526e-8b57-f5de07942107', 'Anim Id Veniam Enim', NULL, 73, DEFAULT, DEFAULT), ('38cee772-792e-54fe-ae0f-d62f75f71c11', 'Aliquip Quis Deserun', NULL, 75, DEFAULT, DEFAULT), ('60f279f1-b04c-57b1-b6aa-b71a8811c6ab', 'Labore Reprehenderit', NULL, 74, DEFAULT, DEFAULT), ('b5d35d7e-f19e-568e-9efe-911f779c892f', 'Nulla Culpa', NULL, 73, DEFAULT, DEFAULT), ('3db3509a-5565-5145-aa2d-eb656db639a3', 'Voluptate Laborum', NULL, 73, DEFAULT, DEFAULT), ('16b2ddd9-4627-52fa-8115-8453cfa39374', 'Fugiat Elit Et', NULL, 74, DEFAULT, DEFAULT), ('235fae27-2669-539e-8784-3dcbaac570cc', 'Magna Exercitation U', NULL, 74, DEFAULT, DEFAULT), ('782f7eda-e535-5ab3-8415-643126d3b0fa', 'Mollit Quis Aute Con', NULL, 73, DEFAULT, DEFAULT), ('5daf6f25-3b97-5f49-8f75-4ba5d1d74cd3', 'Sint Voluptate Quis ', NULL, 75, DEFAULT, DEFAULT), ('3788fdae-c690-5563-abac-18b51e4d210f', 'Excepteur Et', NULL, 73, DEFAULT, DEFAULT), ('177ae72e-41a6-5325-80d6-452827ea5918', 'Laboris Id', NULL, 73, DEFAULT, DEFAULT), ('c0a2f5c4-7781-5310-ad3c-e7b9f41a7ace', 'Aliqua Laboris', NULL, 74, DEFAULT, DEFAULT), ('71c019c0-f4c8-51ac-bfff-4141eabf85f3', 'Ut Eu Eiusmod', NULL, 74, DEFAULT, DEFAULT), ('ab4eb860-b9b9-58f5-84c6-b76a08d23dfd', 'Adipisicing Id', NULL, 73, DEFAULT, DEFAULT), ('dd9140ad-b92d-5673-a8c2-8b1c4e3e8697', 'Est Aliqua', NULL, 75, DEFAULT, DEFAULT), ('78de8c0c-fe2d-50bd-afca-68bed9f87cd0', 'Ad Aute Do', NULL, 75, DEFAULT, DEFAULT), ('81e51b22-aab8-5050-a735-aa5917f8771b', 'Adipisicing Proident', NULL, 74, DEFAULT, DEFAULT), ('f6cb58dd-a0aa-5d2b-8ce5-200e44be4f36', 'Sint Irure Ex', NULL, 73, DEFAULT, DEFAULT), ('48ed64cc-01ce-5cc6-8ffd-8d552f857570', 'Lorem Fugiat Ullamco', NULL, 75, DEFAULT, DEFAULT);
INSERT INTO public.plan (id,name,pricing,pricing_interval,is_default,config,created_at,updated_at) VALUES (52, 'Essential', 0, 'monthly', 't', '{"max_members":6,"max_blueprints":100,"max_books":20}', DEFAULT, DEFAULT), (53, 'Advanced', 15.803108597090716, 'monthly', 'f', '{"max_members":12,"max_blueprints":200,"max_books":40}', DEFAULT, DEFAULT), (54, 'Pro', 12.111348826482082, 'yearly', 'f', '{"max_members":18,"max_blueprints":300,"max_books":60}', DEFAULT, DEFAULT);
INSERT INTO public.book (id,name,team_id,created_at,updated_at) VALUES ('1e7e0bcb-4fc0-5d72-81a5-d67a74a13595', 'Anim', '7c2c4732-09c1-5f7b-87ca-c53e7497b4ef', DEFAULT, DEFAULT), ('d297ab9e-40d4-51b5-bb8f-a1df399f1a9a', 'Reprehenderit', '7c2c4732-09c1-5f7b-87ca-c53e7497b4ef', DEFAULT, DEFAULT), ('d1b8f3f8-af26-5088-8712-273c28ba98f7', 'Sunt Eiusmod Occaeca', '7c2c4732-09c1-5f7b-87ca-c53e7497b4ef', DEFAULT, DEFAULT), ('3ff60d7a-a4ad-54c5-a422-53b52cd53093', 'Do Excepteur Elit', '7c2c4732-09c1-5f7b-87ca-c53e7497b4ef', DEFAULT, DEFAULT), ('cfbfd1d4-e77f-57e5-94da-e9ff2cc7a996', 'Amet Esse Deserunt', '7c2c4732-09c1-5f7b-87ca-c53e7497b4ef', DEFAULT, DEFAULT), ('92bf5244-388d-5bbf-bd84-1c7ad2efe31b', 'Excepteur Minim', '7c2c4732-09c1-5f7b-87ca-c53e7497b4ef', DEFAULT, DEFAULT), ('9584676f-0635-591a-a937-d230d9a3abf3', 'Est Excepteur', '7c2c4732-09c1-5f7b-87ca-c53e7497b4ef', DEFAULT, DEFAULT), ('98eaafd3-adbf-5a3e-adb9-b3fb6971b6f1', 'Est Ullamco', 'f50563b6-8532-51ec-b121-d8c6bca3e897', DEFAULT, DEFAULT), ('2d1d7734-be70-5d07-a538-e76c6cae722e', 'Cillum Consectetur C', 'f50563b6-8532-51ec-b121-d8c6bca3e897', DEFAULT, DEFAULT), ('b5605791-3389-56c2-9ec6-17d538b9bb85', 'Ullamco Do', 'f50563b6-8532-51ec-b121-d8c6bca3e897', DEFAULT, DEFAULT), ('a5831e58-2fc9-5b59-970d-00c344a4eb18', 'Elit Consectetur Vel', 'f50563b6-8532-51ec-b121-d8c6bca3e897', DEFAULT, DEFAULT), ('a8212e1b-5577-5c28-9c38-2d4fbd753550', 'Cupidatat Id', 'f1bf295c-195b-5a42-9c6b-5bfa14b58307', DEFAULT, DEFAULT), ('59558fa1-9cc0-5e85-a331-879d76e07f05', 'Deserunt', 'f1bf295c-195b-5a42-9c6b-5bfa14b58307', DEFAULT, DEFAULT), ('8926b9fd-34b2-5421-a25c-9cd89c12cad0', 'Culpa', 'f1bf295c-195b-5a42-9c6b-5bfa14b58307', DEFAULT, DEFAULT), ('5d378209-1fd5-506f-8b3f-511a16489d69', 'Dolore Irure', 'f1bf295c-195b-5a42-9c6b-5bfa14b58307', DEFAULT, DEFAULT), ('305fa448-c3bf-59c7-a989-19ae69ce0725', 'Reprehenderit Lorem', 'f1bf295c-195b-5a42-9c6b-5bfa14b58307', DEFAULT, DEFAULT), ('853509f0-6836-5fa7-87f2-fb0a9a8766d2', 'Proident', 'f1bf295c-195b-5a42-9c6b-5bfa14b58307', DEFAULT, DEFAULT), ('bbc51950-a428-5ed7-b604-6444a902714b', 'Veniam Nulla', 'f1bf295c-195b-5a42-9c6b-5bfa14b58307', DEFAULT, DEFAULT), ('a6ea6199-2a1a-56d4-b12a-1bf7d32d154c', 'Consequat Labore Eni', 'e0eebbc8-63c9-5fee-b088-b3310b672c35', DEFAULT, DEFAULT), ('eb3e804d-5ed0-59a1-900b-3b0f9b2cb577', 'Laboris Reprehenderi', 'e0eebbc8-63c9-5fee-b088-b3310b672c35', DEFAULT, DEFAULT), ('88501f36-608d-5074-ab3f-752cd478292f', 'Enim', 'e0eebbc8-63c9-5fee-b088-b3310b672c35', DEFAULT, DEFAULT), ('abf8504a-2cfc-5a9d-a5d2-31dccd8bf00f', 'Et Eu', '1c17c04a-19f5-5c48-8b6b-48fe02257ffb', DEFAULT, DEFAULT), ('262a78c7-eb9d-5e1a-8e58-41ecb0c31fbd', 'Veniam Anim', '1c17c04a-19f5-5c48-8b6b-48fe02257ffb', DEFAULT, DEFAULT), ('110efd29-2979-5c30-b41f-b3bf832f48cd', 'Eiusmod Amet Adipisi', '1c17c04a-19f5-5c48-8b6b-48fe02257ffb', DEFAULT, DEFAULT), ('cf1d2e5e-3a18-5518-8e4c-387978992b8a', 'Nostrud Quis', '1c17c04a-19f5-5c48-8b6b-48fe02257ffb', DEFAULT, DEFAULT), ('34a6eefa-de0a-5b54-8950-76863d1d5290', 'Occaecat Aliquip', '1c17c04a-19f5-5c48-8b6b-48fe02257ffb', DEFAULT, DEFAULT), ('338ac238-5209-53e4-836e-9d5dc98ae268', 'Ipsum Nostrud', '1c17c04a-19f5-5c48-8b6b-48fe02257ffb', DEFAULT, DEFAULT), ('5f3671df-cc06-5a3d-87a6-e1e42e095fa3', 'Mollit Est', '1c17c04a-19f5-5c48-8b6b-48fe02257ffb', DEFAULT, DEFAULT), ('beb6961f-fe15-549e-851d-4b848f0c22b3', 'Ipsum Labore', '1c17c04a-19f5-5c48-8b6b-48fe02257ffb', DEFAULT, DEFAULT), ('6be2b5fd-c70d-5fcd-9e56-f561a4756a4c', 'Laborum', '1c17c04a-19f5-5c48-8b6b-48fe02257ffb', DEFAULT, DEFAULT), ('d2268e40-fa6d-5300-9f01-b7cc8f9018e3', 'Ut Deserunt Laborum', 'a2996c99-b8bb-5bf6-b789-844e821ceb82', DEFAULT, DEFAULT), ('7a86b477-8922-5c78-85b7-47a44d6877c0', 'Adipisicing Qui', 'a2996c99-b8bb-5bf6-b789-844e821ceb82', DEFAULT, DEFAULT), ('cd1520c4-af17-5e1e-b5b0-a9e95f36a7c4', 'Fugiat', 'a2996c99-b8bb-5bf6-b789-844e821ceb82', DEFAULT, DEFAULT), ('2190cc4c-2cc5-5f9f-983d-55f70f31e468', 'Eu Cillum', 'a2996c99-b8bb-5bf6-b789-844e821ceb82', DEFAULT, DEFAULT), ('349111f0-5b40-5b21-aeff-8af2b228d28f', 'Officia Tempor', '5d016028-a6a3-5268-91a3-91021dbfda0a', DEFAULT, DEFAULT), ('e2b744a0-a170-5a87-828d-34cc6f64ca05', 'Laboris', '5d016028-a6a3-5268-91a3-91021dbfda0a', DEFAULT, DEFAULT), ('3a804324-748d-571a-afad-6b9c20a35337', 'Cupidatat Deserunt', '5d016028-a6a3-5268-91a3-91021dbfda0a', DEFAULT, DEFAULT), ('1bf9a820-bb8f-59cd-8902-84a62a1aa29f', 'Id', '5d016028-a6a3-5268-91a3-91021dbfda0a', DEFAULT, DEFAULT), ('2067e70c-565d-520b-b56b-19189e5b77f5', 'Velit Dolor', '5d016028-a6a3-5268-91a3-91021dbfda0a', DEFAULT, DEFAULT), ('2da447ba-d0f6-5d62-becb-584cd208c558', 'Nisi Elit', '5d016028-a6a3-5268-91a3-91021dbfda0a', DEFAULT, DEFAULT), ('a00f2df0-a74b-51ab-8311-51125014b9ef', 'Aliqua', '5d016028-a6a3-5268-91a3-91021dbfda0a', DEFAULT, DEFAULT), ('2c5573d9-9522-50a1-b9d9-3ef48e8629b4', 'Dolor Ullamco', '5d016028-a6a3-5268-91a3-91021dbfda0a', DEFAULT, DEFAULT), ('09204188-e618-5728-88fc-034120742c41', 'Esse Tempor', 'b279891e-05aa-528b-867b-dd6fe5fa77c8', DEFAULT, DEFAULT), ('b576de0c-954e-5345-a9e7-0d691c52341a', 'Ut', 'b279891e-05aa-528b-867b-dd6fe5fa77c8', DEFAULT, DEFAULT), ('887dee3f-7921-537c-91f1-8b0d43117b12', 'Cupidatat', 'b279891e-05aa-528b-867b-dd6fe5fa77c8', DEFAULT, DEFAULT), ('6fc34c52-742f-56c2-b6c3-89dee63a8839', 'Velit Qui', 'b279891e-05aa-528b-867b-dd6fe5fa77c8', DEFAULT, DEFAULT), ('5531f3c9-2ccc-59e8-86e8-da1800808ec2', 'Sint Do Ut', 'b279891e-05aa-528b-867b-dd6fe5fa77c8', DEFAULT, DEFAULT), ('3b3a2ed4-3283-5a09-84d9-c7de876d5510', 'Magna', 'b279891e-05aa-528b-867b-dd6fe5fa77c8', DEFAULT, DEFAULT), ('f561c33d-0589-5163-a677-f2a1eb6b3322', 'Adipisicing Excepteu', 'ff53868f-9940-575d-8fa8-923808f93a53', DEFAULT, DEFAULT), ('02a341a2-35a0-5fbc-a1f4-aa8b42aa4b51', 'Ullamco Irure', 'ff53868f-9940-575d-8fa8-923808f93a53', DEFAULT, DEFAULT), ('ad276812-3b86-5425-b36a-d822f2860912', 'Amet Cillum Aute', 'ff53868f-9940-575d-8fa8-923808f93a53', DEFAULT, DEFAULT), ('2764351d-73bf-5124-a613-660cd57f91dd', 'Ex', 'ff53868f-9940-575d-8fa8-923808f93a53', DEFAULT, DEFAULT), ('8bf74689-dfcf-5429-b342-2718dce8a8eb', 'Ad Aliqua', 'ff53868f-9940-575d-8fa8-923808f93a53', DEFAULT, DEFAULT), ('cd80d13e-478f-5058-8dfd-e20a76013cb5', 'Adipisicing', '8172203a-00e7-5e0e-919b-2970e0d891df', DEFAULT, DEFAULT), ('db9f2a26-569b-5431-9216-bcd2cf256bbd', 'Aute Mollit Labore', '8172203a-00e7-5e0e-919b-2970e0d891df', DEFAULT, DEFAULT), ('e4c44768-00c8-52e6-80f9-625972d5d9b9', 'Laboris Amet', '8172203a-00e7-5e0e-919b-2970e0d891df', DEFAULT, DEFAULT), ('eea550bd-8120-5fb2-9339-ad3a549506d4', 'Occaecat Ex', '8172203a-00e7-5e0e-919b-2970e0d891df', DEFAULT, DEFAULT), ('88514f78-7770-5bc2-96a4-f0f4ebcab4a4', 'Veniam Cillum', '8172203a-00e7-5e0e-919b-2970e0d891df', DEFAULT, DEFAULT), ('95c65795-b9a1-572f-87ae-6fa70b020fbb', 'Reprehenderit Proide', '8172203a-00e7-5e0e-919b-2970e0d891df', DEFAULT, DEFAULT), ('8891aca3-b326-5a45-a77b-46ff3fd96d49', 'Qui Occaecat Labore', '8172203a-00e7-5e0e-919b-2970e0d891df', DEFAULT, DEFAULT), ('47ec07ed-2b5c-5f84-a424-1002e39b4917', 'Fugiat Ad', '8172203a-00e7-5e0e-919b-2970e0d891df', DEFAULT, DEFAULT), ('c1b69361-a3c3-5c2a-8a7a-23aa07e97e87', 'Minim Nostrud Sit', '8172203a-00e7-5e0e-919b-2970e0d891df', DEFAULT, DEFAULT), ('e9decb87-4a50-5c41-896c-16fe0d21ebca', 'Ad Occaecat', '7b5ee10b-959f-565b-9dac-a4bab4f6c6bf', DEFAULT, DEFAULT), ('274020d9-7513-5cf6-ae0b-e94ef1d1a62f', 'In Dolor Nostrud', '7b5ee10b-959f-565b-9dac-a4bab4f6c6bf', DEFAULT, DEFAULT), ('644bfc5c-cf27-5d76-8355-4e4c8d73061f', 'Tempor Tempor Fugiat', '7b5ee10b-959f-565b-9dac-a4bab4f6c6bf', DEFAULT, DEFAULT), ('eff6dde6-e4aa-5c61-9818-5d7ae0bf58b7', 'Sint Exercitation', '7b5ee10b-959f-565b-9dac-a4bab4f6c6bf', DEFAULT, DEFAULT), ('31bb49e9-e86d-546a-9e01-6986e5eacf06', 'Ad Deserunt', '7b5ee10b-959f-565b-9dac-a4bab4f6c6bf', DEFAULT, DEFAULT), ('6a3486ce-c3fa-519b-8ad1-f329a5c3ee43', 'Magna Laboris', '7b5ee10b-959f-565b-9dac-a4bab4f6c6bf', DEFAULT, DEFAULT), ('d92658af-bb2e-5f93-9170-bc8d85a6ad50', 'Et Elit', '7b5ee10b-959f-565b-9dac-a4bab4f6c6bf', DEFAULT, DEFAULT), ('e7f24225-5e7d-55c3-8091-6f5a69baba70', 'Anim', '7b5ee10b-959f-565b-9dac-a4bab4f6c6bf', DEFAULT, DEFAULT), ('452112d1-c377-57c1-bac3-4121d3e3bdcc', 'Exercitation Eiusmod', '7b5ee10b-959f-565b-9dac-a4bab4f6c6bf', DEFAULT, DEFAULT), ('b134c4e5-3e41-53b3-bf3f-7f4cf023e9d7', 'Fugiat', '38400370-0369-5239-8b08-499aef0591ef', DEFAULT, DEFAULT), ('763ebb5f-add9-59ff-9a26-6b4030dae259', 'Consectetur Dolore V', '38400370-0369-5239-8b08-499aef0591ef', DEFAULT, DEFAULT), ('9f273059-bf49-55a4-bf95-e6bedcccffe3', 'Veniam Sunt', '38400370-0369-5239-8b08-499aef0591ef', DEFAULT, DEFAULT), ('c7198a1e-f50c-5635-a5bf-2073d4da7bc6', 'Laboris', '38400370-0369-5239-8b08-499aef0591ef', DEFAULT, DEFAULT), ('1497705a-df0e-5f8d-988d-61adba7199e0', 'Sint Lorem', '38400370-0369-5239-8b08-499aef0591ef', DEFAULT, DEFAULT), ('ac772386-a452-5d18-88c7-396c2a71eb0b', 'Cillum', '38400370-0369-5239-8b08-499aef0591ef', DEFAULT, DEFAULT), ('7b09592d-b146-5ee2-9db5-3683955196d6', 'Veniam Enim', '38400370-0369-5239-8b08-499aef0591ef', DEFAULT, DEFAULT), ('d3953f9f-e0f9-5aed-9d31-3f026a23da12', 'Culpa Dolore', '38400370-0369-5239-8b08-499aef0591ef', DEFAULT, DEFAULT), ('734282bd-df4e-5f8d-afc5-83f4c9131800', 'Eu Sint', '38400370-0369-5239-8b08-499aef0591ef', DEFAULT, DEFAULT), ('b5f933d0-c28e-517c-9fca-d9e38dc742a2', 'Qui Amet', '77394b64-1ec1-5043-8dc3-08f9200521d4', DEFAULT, DEFAULT), ('21a7e579-98a3-5757-a0a8-913f2da95aba', 'Incididunt Mollit', '77394b64-1ec1-5043-8dc3-08f9200521d4', DEFAULT, DEFAULT), ('a4b32498-f3a6-5110-a5b6-de20f0314c35', 'Qui Quis', '77394b64-1ec1-5043-8dc3-08f9200521d4', DEFAULT, DEFAULT), ('22052ce5-2628-54da-93cf-dce3c06b547a', 'Fugiat Aliquip', '77394b64-1ec1-5043-8dc3-08f9200521d4', DEFAULT, DEFAULT), ('5b303ef1-7516-512a-ba01-9f0dc05d7d2a', 'Reprehenderit Veniam', '77394b64-1ec1-5043-8dc3-08f9200521d4', DEFAULT, DEFAULT), ('2386fe50-4da3-5ca3-b993-046dc48afb23', 'Velit', '77394b64-1ec1-5043-8dc3-08f9200521d4', DEFAULT, DEFAULT), ('be8eca74-88dc-5f62-a6bb-1a0cde780aab', 'Lorem Proident Deser', '77394b64-1ec1-5043-8dc3-08f9200521d4', DEFAULT, DEFAULT), ('df0b9534-eb70-596b-965a-89561ef803da', 'Culpa Laboris', '77394b64-1ec1-5043-8dc3-08f9200521d4', DEFAULT, DEFAULT), ('31ac52db-fa89-5177-b667-1cf6526a929a', 'Dolor Cupidatat Cons', '56ea9a57-3786-5a49-9700-501eb57a1328', DEFAULT, DEFAULT), ('3c6d504a-3b43-5117-a71b-e844b07b3920', 'Cupidatat Anim Sint', '56ea9a57-3786-5a49-9700-501eb57a1328', DEFAULT, DEFAULT), ('70e095a9-713d-5fe2-a06a-8145febdb917', 'Esse Anim', '56ea9a57-3786-5a49-9700-501eb57a1328', DEFAULT, DEFAULT), ('d0fa96c4-2bfe-5959-9fd4-b17ec4964e6d', 'Ut Labore', '56ea9a57-3786-5a49-9700-501eb57a1328', DEFAULT, DEFAULT), ('cb82a658-7a6b-5f53-8103-de934a9d041a', 'Sunt Sunt', '56ea9a57-3786-5a49-9700-501eb57a1328', DEFAULT, DEFAULT), ('404e076e-a943-52e4-a2ce-10591a9caa1f', 'Lorem Laboris', '56ea9a57-3786-5a49-9700-501eb57a1328', DEFAULT, DEFAULT), ('808bd15b-fc3e-5378-a895-35c8b3e388f6', 'Quis In Deserunt', '56ea9a57-3786-5a49-9700-501eb57a1328', DEFAULT, DEFAULT), ('e9de49c7-7c1c-5c70-9aad-96d6727706e4', 'Magna', '56ea9a57-3786-5a49-9700-501eb57a1328', DEFAULT, DEFAULT), ('bf9b5b68-4e23-52f1-a2cb-7e93ec2bafea', 'Qui', '56ea9a57-3786-5a49-9700-501eb57a1328', DEFAULT, DEFAULT), ('af5fa9a8-f7df-5a87-830c-3e8d39f06eae', 'Culpa Nostrud Velit', '731fb763-1773-5758-b8dd-d75381b0e72a', DEFAULT, DEFAULT), ('fa904169-96b2-5473-b48d-c7f225d6dfb3', 'Consectetur Amet', '731fb763-1773-5758-b8dd-d75381b0e72a', DEFAULT, DEFAULT), ('76980724-1543-5820-bc77-ff5f445e7244', 'Eu', '731fb763-1773-5758-b8dd-d75381b0e72a', DEFAULT, DEFAULT), ('c9f9ed6b-3ed1-5d46-9201-51000bdf47fa', 'Elit Minim', '731fb763-1773-5758-b8dd-d75381b0e72a', DEFAULT, DEFAULT), ('54473828-0225-5307-b53c-7a0fc46ac63c', 'Sunt', '731fb763-1773-5758-b8dd-d75381b0e72a', DEFAULT, DEFAULT), ('f057746f-990e-5e0f-ba59-b833ef7e39fc', 'Laboris Pariatur', '731fb763-1773-5758-b8dd-d75381b0e72a', DEFAULT, DEFAULT), ('6f98547a-4734-5cb4-82a1-cf5fc4e37c8d', 'Do Deserunt', '731fb763-1773-5758-b8dd-d75381b0e72a', DEFAULT, DEFAULT), ('d19db439-c7e7-53a7-aa19-0db346180dc1', 'Voluptate Ea Labore', '5e20f9a8-7b26-5a5f-8426-6b12c182d23c', DEFAULT, DEFAULT), ('91434b27-2651-5429-8f42-45c3f8e334a0', 'Ea Irure Officia', '5e20f9a8-7b26-5a5f-8426-6b12c182d23c', DEFAULT, DEFAULT), ('549980e7-3e77-5d76-b263-84664d04b209', 'Dolor Ea', '5e20f9a8-7b26-5a5f-8426-6b12c182d23c', DEFAULT, DEFAULT), ('e4de1a09-bd9a-5e42-b92c-2cb1af28bec6', 'Occaecat Do', '5e20f9a8-7b26-5a5f-8426-6b12c182d23c', DEFAULT, DEFAULT), ('f4b5542b-ba61-519e-a8d2-5793282ad487', 'Irure Proident', '5e20f9a8-7b26-5a5f-8426-6b12c182d23c', DEFAULT, DEFAULT), ('cd7c291a-6d6e-5632-91e5-b7fd7a634d7d', 'Amet Laborum', '5e20f9a8-7b26-5a5f-8426-6b12c182d23c', DEFAULT, DEFAULT), ('4da5a34b-d621-539d-93ed-4bd842601284', 'In Occaecat Voluptat', '5e20f9a8-7b26-5a5f-8426-6b12c182d23c', DEFAULT, DEFAULT), ('eb3795e9-0dc2-506f-818c-e81bf7149197', 'Culpa', '5e20f9a8-7b26-5a5f-8426-6b12c182d23c', DEFAULT, DEFAULT), ('b32027db-33da-5dc2-b906-e0c2a06ac683', 'Dolor', '53fe0e9e-3358-5722-b994-4faad8733cd3', DEFAULT, DEFAULT), ('b7a89d05-549f-565f-b631-b59097e91d1a', 'Nostrud', '53fe0e9e-3358-5722-b994-4faad8733cd3', DEFAULT, DEFAULT), ('ac9f0e3e-b030-584f-a8dd-87355fe22537', 'Quis', '53fe0e9e-3358-5722-b994-4faad8733cd3', DEFAULT, DEFAULT), ('438bff0e-fd50-5c86-89ee-d397a0c0e548', 'Exercitation Volupta', '53fe0e9e-3358-5722-b994-4faad8733cd3', DEFAULT, DEFAULT), ('26f7bb6a-3c9c-5b30-b11b-be5ebfb91948', 'Occaecat Qui Ut', 'e4834379-a7a0-5f41-8193-f598072b1c83', DEFAULT, DEFAULT), ('e5b4727f-be5e-52c0-83cb-cb7ba230945f', 'Ex Eu', 'e4834379-a7a0-5f41-8193-f598072b1c83', DEFAULT, DEFAULT), ('290e51c6-7ff6-5db4-8f40-69dda051b66c', 'Ullamco Enim', 'e4834379-a7a0-5f41-8193-f598072b1c83', DEFAULT, DEFAULT), ('6c3f6730-2b1a-5e27-97de-caacad0bb1a5', 'Est Dolore', 'e4834379-a7a0-5f41-8193-f598072b1c83', DEFAULT, DEFAULT), ('7d0c4d54-58ae-5ddf-b108-590171e8655a', 'Pariatur Officia Fug', 'e4834379-a7a0-5f41-8193-f598072b1c83', DEFAULT, DEFAULT), ('5dd9c208-a224-5712-b987-eab6b9a89e23', 'Ipsum Aliquip Anim', 'e4834379-a7a0-5f41-8193-f598072b1c83', DEFAULT, DEFAULT), ('a8766652-5cf4-5e66-ba6d-9eb457dff942', 'Consequat', 'a9f91eda-269f-54d0-83de-05f0c2ecbf08', DEFAULT, DEFAULT), ('43bcab14-4a69-5e60-a07f-cda2fe595a2a', 'Dolor Aute', 'a9f91eda-269f-54d0-83de-05f0c2ecbf08', DEFAULT, DEFAULT), ('203ac13e-e5b1-548e-a7da-5d8cff932053', 'Ipsum Ea Reprehender', 'a9f91eda-269f-54d0-83de-05f0c2ecbf08', DEFAULT, DEFAULT), ('1332e392-1ac8-57d9-8262-948f66c89fe9', 'Nostrud Dolore', 'a9f91eda-269f-54d0-83de-05f0c2ecbf08', DEFAULT, DEFAULT), ('b88b1af1-79fe-5af5-9c91-0c77ed20973b', 'Id', 'a9f91eda-269f-54d0-83de-05f0c2ecbf08', DEFAULT, DEFAULT), ('d073b0b8-955f-5aab-9c76-3aebe9fa08b6', 'Voluptate', 'a9f91eda-269f-54d0-83de-05f0c2ecbf08', DEFAULT, DEFAULT), ('495c6cc5-490c-50dd-b1c5-aaf0110ec764', 'Commodo', 'a9f91eda-269f-54d0-83de-05f0c2ecbf08', DEFAULT, DEFAULT), ('c9fc147f-dadb-5b75-8ed7-efb86a7392ce', 'Est Incididunt', 'a9f91eda-269f-54d0-83de-05f0c2ecbf08', DEFAULT, DEFAULT), ('02489279-3f4c-5f0f-845f-6f8bb51bae87', 'Duis Voluptate', 'a9f91eda-269f-54d0-83de-05f0c2ecbf08', DEFAULT, DEFAULT), ('fc14352d-4abe-5826-a292-f6661223ae86', 'Dolore Qui', 'a9f91eda-269f-54d0-83de-05f0c2ecbf08', DEFAULT, DEFAULT), ('5783cab4-e010-523b-b893-81b388f43d06', 'Incididunt Magna', 'c0062d28-74ce-56b0-8124-852c5c4cdd1f', DEFAULT, DEFAULT), ('01bb02e3-6d00-5b11-ba00-2f6b060dfb2e', 'Consequat', 'c0062d28-74ce-56b0-8124-852c5c4cdd1f', DEFAULT, DEFAULT), ('a9752d0c-ade4-58c6-b746-1b9df56a3d08', 'Anim Do', 'c0062d28-74ce-56b0-8124-852c5c4cdd1f', DEFAULT, DEFAULT), ('5cdb9712-16b6-532e-9cc7-8cf7dfbe9b6b', 'Id Cupidatat', 'c0062d28-74ce-56b0-8124-852c5c4cdd1f', DEFAULT, DEFAULT), ('3adfc207-aaeb-5fa1-b329-eb7ef2061320', 'Magna Sunt', 'a1d779f7-e622-5cd1-b766-eb2b7925b3c0', DEFAULT, DEFAULT), ('096adf71-c74e-5b77-822b-46a8768797c5', 'Qui Ad', 'a1d779f7-e622-5cd1-b766-eb2b7925b3c0', DEFAULT, DEFAULT), ('65d8ad86-6271-552b-8704-fabcdcf18cdb', 'Ad Velit Do', 'a1d779f7-e622-5cd1-b766-eb2b7925b3c0', DEFAULT, DEFAULT), ('9a52e2af-cb63-5ab2-95a7-ae32f01d6a1c', 'Dolore Elit In', 'a1d779f7-e622-5cd1-b766-eb2b7925b3c0', DEFAULT, DEFAULT), ('f7f33f5b-7e02-5784-9db2-ed2995544a54', 'Consectetur Do', 'a1d779f7-e622-5cd1-b766-eb2b7925b3c0', DEFAULT, DEFAULT), ('ba4d6fef-111f-5ce5-883e-2b3880f373bf', 'Nostrud Laboris In', 'a1d779f7-e622-5cd1-b766-eb2b7925b3c0', DEFAULT, DEFAULT), ('39da01f0-2195-5fc3-a74a-d12c26c902a3', 'Minim Elit Culpa', 'bd4e2ea6-e7d4-5655-93cc-d1ed71c3483c', DEFAULT, DEFAULT), ('fbbb9719-f3d1-5ce2-b584-4b70bf5bb135', 'Tempor Magna', 'bd4e2ea6-e7d4-5655-93cc-d1ed71c3483c', DEFAULT, DEFAULT), ('5f651c76-ceba-56db-bd60-512d4079ec53', 'Exercitation', 'bd4e2ea6-e7d4-5655-93cc-d1ed71c3483c', DEFAULT, DEFAULT), ('9af6e0ef-7015-5390-856a-705032c2e40e', 'Aliqua Laborum Volup', 'bd4e2ea6-e7d4-5655-93cc-d1ed71c3483c', DEFAULT, DEFAULT), ('5034bc4f-306f-5e76-8ef2-99198efc3a69', 'Et', 'bd4e2ea6-e7d4-5655-93cc-d1ed71c3483c', DEFAULT, DEFAULT), ('bbecd693-8054-5eee-8ada-8e2d5a3c5090', 'Commodo Velit', 'bd4e2ea6-e7d4-5655-93cc-d1ed71c3483c', DEFAULT, DEFAULT), ('e7ba2b18-a57c-5b02-9714-d376d9ea922f', 'Quis Et', 'fb2f612f-57ab-526e-8b57-f5de07942107', DEFAULT, DEFAULT), ('ccd28d41-9086-5b64-b351-585431787bb7', 'Irure Enim', 'fb2f612f-57ab-526e-8b57-f5de07942107', DEFAULT, DEFAULT), ('6a248992-e0a8-5c27-8d71-fd2cfd3a1fd6', 'Occaecat Cupidatat', 'fb2f612f-57ab-526e-8b57-f5de07942107', DEFAULT, DEFAULT), ('72d447b0-a4fa-5de7-bb4c-9ff5f169dfea', 'Do Aliquip', 'fb2f612f-57ab-526e-8b57-f5de07942107', DEFAULT, DEFAULT), ('eeba85da-b4f7-5195-887e-28b7dc8a5236', 'Eu Ex', 'fb2f612f-57ab-526e-8b57-f5de07942107', DEFAULT, DEFAULT), ('1f9495a7-9f91-5b8e-a431-ff0404db08b3', 'Esse Dolor', 'fb2f612f-57ab-526e-8b57-f5de07942107', DEFAULT, DEFAULT), ('ec0fecde-72da-5866-9b82-27edb33f804a', 'Aute Reprehenderit N', 'fb2f612f-57ab-526e-8b57-f5de07942107', DEFAULT, DEFAULT), ('f457d7a7-01f9-5225-b07a-0e782525bbc7', 'Cillum Amet Sit', '38cee772-792e-54fe-ae0f-d62f75f71c11', DEFAULT, DEFAULT), ('0fa12fcf-97e2-5065-a698-e366ca117702', 'Nulla Qui', '38cee772-792e-54fe-ae0f-d62f75f71c11', DEFAULT, DEFAULT), ('b4725825-2a5a-5e18-a190-e59f4cb9f1b5', 'Elit Laboris', '38cee772-792e-54fe-ae0f-d62f75f71c11', DEFAULT, DEFAULT), ('d1dc8a74-c651-5dbd-b484-1cd2c51db9b9', 'Fugiat Irure', '38cee772-792e-54fe-ae0f-d62f75f71c11', DEFAULT, DEFAULT), ('40747f76-ad34-5508-ba43-ef538c943cc0', 'Culpa Laboris', '38cee772-792e-54fe-ae0f-d62f75f71c11', DEFAULT, DEFAULT), ('45173bfe-a11f-574a-ac25-21cda1308ec9', 'Dolore', '60f279f1-b04c-57b1-b6aa-b71a8811c6ab', DEFAULT, DEFAULT), ('28e4b717-ba20-5ce6-96db-f08421aa2fc7', 'Consectetur', '60f279f1-b04c-57b1-b6aa-b71a8811c6ab', DEFAULT, DEFAULT), ('d35ecca3-ac35-5e28-8e7e-6a25de908d18', 'Est Fugiat', '60f279f1-b04c-57b1-b6aa-b71a8811c6ab', DEFAULT, DEFAULT), ('e334db45-3389-5a47-b7c9-4ff8121637b5', 'Nulla', '60f279f1-b04c-57b1-b6aa-b71a8811c6ab', DEFAULT, DEFAULT), ('0a9347d2-3396-5e6a-98f1-b406ca195226', 'Officia Esse', '60f279f1-b04c-57b1-b6aa-b71a8811c6ab', DEFAULT, DEFAULT), ('71edf17f-e471-58c3-bbf8-8111bd6c7c8e', 'Magna Culpa Tempor', '60f279f1-b04c-57b1-b6aa-b71a8811c6ab', DEFAULT, DEFAULT), ('fc6d457c-9711-5cde-813c-d584f858faae', 'Quis', '60f279f1-b04c-57b1-b6aa-b71a8811c6ab', DEFAULT, DEFAULT), ('644a93ba-f570-5681-b2f5-de6b9950affd', 'Quis Velit', '60f279f1-b04c-57b1-b6aa-b71a8811c6ab', DEFAULT, DEFAULT), ('cd42da7d-ec75-53b3-9aad-015766f58921', 'Voluptate', '60f279f1-b04c-57b1-b6aa-b71a8811c6ab', DEFAULT, DEFAULT), ('b737f334-53a3-585e-98d7-69fce744e35e', 'Magna Amet', 'b5d35d7e-f19e-568e-9efe-911f779c892f', DEFAULT, DEFAULT), ('8babc841-00b0-585f-9ca3-85ef68fec1f7', 'Amet Labore', 'b5d35d7e-f19e-568e-9efe-911f779c892f', DEFAULT, DEFAULT), ('79efb743-bb54-546e-8bdf-089509399715', 'Nisi Mollit', 'b5d35d7e-f19e-568e-9efe-911f779c892f', DEFAULT, DEFAULT), ('86e03e09-1744-508f-b91c-c48f85d8ffcb', 'Reprehenderit Culpa ', 'b5d35d7e-f19e-568e-9efe-911f779c892f', DEFAULT, DEFAULT), ('6451b879-16d7-5644-b6b9-87dd18b3facf', 'Esse', 'b5d35d7e-f19e-568e-9efe-911f779c892f', DEFAULT, DEFAULT), ('844afdcc-93cf-55c8-b0f1-1cc22329a30b', 'Magna Eiusmod', '3db3509a-5565-5145-aa2d-eb656db639a3', DEFAULT, DEFAULT), ('290bcd64-8663-5670-8efa-64e864979bbb', 'Consectetur', '3db3509a-5565-5145-aa2d-eb656db639a3', DEFAULT, DEFAULT), ('897e7fb9-bd9c-59e3-afc7-d1c31ec7ef34', 'Nisi Ullamco', '3db3509a-5565-5145-aa2d-eb656db639a3', DEFAULT, DEFAULT), ('f3376d8d-17f3-5259-a5b0-af6d5e21e7e2', 'Aute Deserunt', '3db3509a-5565-5145-aa2d-eb656db639a3', DEFAULT, DEFAULT), ('583774ae-7432-5503-850f-867e82c0838b', 'Cillum Voluptate', '16b2ddd9-4627-52fa-8115-8453cfa39374', DEFAULT, DEFAULT), ('225b2186-bb16-5b0a-b7be-47fd3c5a5cf9', 'Qui Id', '16b2ddd9-4627-52fa-8115-8453cfa39374', DEFAULT, DEFAULT), ('fc295a44-56fb-5a65-beee-66fd6554ae26', 'Reprehenderit Volupt', '16b2ddd9-4627-52fa-8115-8453cfa39374', DEFAULT, DEFAULT), ('88133dcb-8b00-5c2c-aee5-9f0743f5239d', 'Culpa', '16b2ddd9-4627-52fa-8115-8453cfa39374', DEFAULT, DEFAULT), ('9bcb6997-9423-57c0-978a-09ad67de00e3', 'Laboris Amet In', '16b2ddd9-4627-52fa-8115-8453cfa39374', DEFAULT, DEFAULT), ('34e08312-6163-54ad-8f00-271b535d720e', 'Do Ea', '235fae27-2669-539e-8784-3dcbaac570cc', DEFAULT, DEFAULT), ('b21c180f-341f-510e-96d3-d4e40909d89e', 'Do Commodo Quis', '235fae27-2669-539e-8784-3dcbaac570cc', DEFAULT, DEFAULT), ('e09a1a6c-2073-587c-bb13-604903ae6e80', 'Irure', '235fae27-2669-539e-8784-3dcbaac570cc', DEFAULT, DEFAULT), ('c3c19070-f0b8-5d8b-8806-a00d5fe919aa', 'Do Commodo', '235fae27-2669-539e-8784-3dcbaac570cc', DEFAULT, DEFAULT), ('dc376aff-9563-59fe-ac16-2760fcfb9752', 'In Incididunt Cillum', '235fae27-2669-539e-8784-3dcbaac570cc', DEFAULT, DEFAULT), ('f8c28949-a64a-5955-ab9b-9c82a976b917', 'Veniam Anim', '235fae27-2669-539e-8784-3dcbaac570cc', DEFAULT, DEFAULT), ('f3ebe9e0-f337-5a54-9800-1b3119ecb916', 'Minim', '235fae27-2669-539e-8784-3dcbaac570cc', DEFAULT, DEFAULT), ('8fe11c61-64ee-5a54-8048-b7d0a6d485e2', 'Culpa', '235fae27-2669-539e-8784-3dcbaac570cc', DEFAULT, DEFAULT), ('32158532-4de0-5542-b98a-514b5a0069d5', 'Ullamco', '235fae27-2669-539e-8784-3dcbaac570cc', DEFAULT, DEFAULT), ('a3141029-aec2-543b-b18a-49fe947e3304', 'Exercitation', '782f7eda-e535-5ab3-8415-643126d3b0fa', DEFAULT, DEFAULT), ('6c52c1d9-13a4-51ef-ae51-1dacc4c14be9', 'Labore Ut', '782f7eda-e535-5ab3-8415-643126d3b0fa', DEFAULT, DEFAULT), ('2589cf16-4103-5a4f-b544-b30078083eaa', 'Proident Commodo', '782f7eda-e535-5ab3-8415-643126d3b0fa', DEFAULT, DEFAULT), ('a88bc9b9-135e-55c7-8c4c-5a072a3c8573', 'Amet Ipsum Duis', '782f7eda-e535-5ab3-8415-643126d3b0fa', DEFAULT, DEFAULT), ('8b7e423b-b9b9-5b3c-bf3d-1aa45d16235c', 'Officia Consequat Ul', '782f7eda-e535-5ab3-8415-643126d3b0fa', DEFAULT, DEFAULT), ('882c7ae5-914f-539d-8207-691de536097f', 'Aute', '782f7eda-e535-5ab3-8415-643126d3b0fa', DEFAULT, DEFAULT), ('811570ef-0b81-508d-ba05-2f5e812d4131', 'Aliquip', '782f7eda-e535-5ab3-8415-643126d3b0fa', DEFAULT, DEFAULT), ('9b1fc781-1e4e-56d2-bd68-0dc257a319c0', 'Veniam Cillum Nisi', '5daf6f25-3b97-5f49-8f75-4ba5d1d74cd3', DEFAULT, DEFAULT), ('8a0a556f-d942-55f0-8ba8-1ffbfaf3c6d9', 'Est Nisi Eiusmod', '5daf6f25-3b97-5f49-8f75-4ba5d1d74cd3', DEFAULT, DEFAULT), ('91fa3874-9437-5dfa-a49a-f19fb38d9e92', 'Labore Sit', '5daf6f25-3b97-5f49-8f75-4ba5d1d74cd3', DEFAULT, DEFAULT), ('eda91f04-12ef-5904-88aa-e6ed9a692e03', 'Dolor', '5daf6f25-3b97-5f49-8f75-4ba5d1d74cd3', DEFAULT, DEFAULT), ('1d3f740a-8c60-5c1d-aa9e-3854a33c8e1d', 'Irure Ea', '5daf6f25-3b97-5f49-8f75-4ba5d1d74cd3', DEFAULT, DEFAULT), ('d9bba68a-079c-5141-bd43-756b87167584', 'Exercitation Consect', '5daf6f25-3b97-5f49-8f75-4ba5d1d74cd3', DEFAULT, DEFAULT), ('ca65e33b-de71-5d46-933a-849036127987', 'Aliqua', '5daf6f25-3b97-5f49-8f75-4ba5d1d74cd3', DEFAULT, DEFAULT), ('f52ce409-f800-5a86-b4ed-ce1a99a8a6ae', 'Consequat Amet', '5daf6f25-3b97-5f49-8f75-4ba5d1d74cd3', DEFAULT, DEFAULT), ('3204ce32-7c5b-5953-969e-fe1d17de6e76', 'In', '3788fdae-c690-5563-abac-18b51e4d210f', DEFAULT, DEFAULT), ('eecf8a7e-af2f-524d-a645-c5fba3ebda06', 'Ea Cillum Nulla', '3788fdae-c690-5563-abac-18b51e4d210f', DEFAULT, DEFAULT), ('8d3f145b-67b0-504d-b49a-d59ecea5d2d8', 'Aliqua Lorem Do', '3788fdae-c690-5563-abac-18b51e4d210f', DEFAULT, DEFAULT), ('d00c085d-72d6-5114-a5fd-ba818539c2f7', 'Est Ex Cupidatat', '3788fdae-c690-5563-abac-18b51e4d210f', DEFAULT, DEFAULT), ('de459427-bb2c-5381-bdbf-7126efbb65c9', 'Dolor Sit Sunt', '3788fdae-c690-5563-abac-18b51e4d210f', DEFAULT, DEFAULT), ('fd2a8113-662a-5782-9e12-f7b49eee56e0', 'Irure', '3788fdae-c690-5563-abac-18b51e4d210f', DEFAULT, DEFAULT), ('5c25ba01-ab4d-5527-9a41-d79d770f3d79', 'Nisi Labore', '3788fdae-c690-5563-abac-18b51e4d210f', DEFAULT, DEFAULT), ('bbcbd7eb-4377-550e-af45-f77d693d98fe', 'Ea Consectetur', '3788fdae-c690-5563-abac-18b51e4d210f', DEFAULT, DEFAULT), ('84d2e38f-9f57-573c-beee-7b9678c403c3', 'Pariatur Labore Irur', '3788fdae-c690-5563-abac-18b51e4d210f', DEFAULT, DEFAULT), ('285896cd-c894-5631-a1f6-527c321079e6', 'Sunt Non Nisi', '3788fdae-c690-5563-abac-18b51e4d210f', DEFAULT, DEFAULT), ('d6d652bf-48a5-5a85-a95d-16c25edc5397', 'Aliquip Ex Adipisici', '177ae72e-41a6-5325-80d6-452827ea5918', DEFAULT, DEFAULT), ('94170f3d-888c-58bc-bc18-13592bfb52c5', 'Sit', '177ae72e-41a6-5325-80d6-452827ea5918', DEFAULT, DEFAULT), ('1e0af0c0-30ba-5a06-9647-a83cef3d815d', 'Anim Enim', '177ae72e-41a6-5325-80d6-452827ea5918', DEFAULT, DEFAULT), ('097c4d8e-94d3-5fd3-94ca-7bbb66cf6929', 'Cillum Do', '177ae72e-41a6-5325-80d6-452827ea5918', DEFAULT, DEFAULT), ('70b4d1da-5ee3-5bd6-aecb-9af8ab670b84', 'Aliqua', 'c0a2f5c4-7781-5310-ad3c-e7b9f41a7ace', DEFAULT, DEFAULT), ('2da4149c-bf3e-5f98-b904-591c69530871', 'Quis Ea', 'c0a2f5c4-7781-5310-ad3c-e7b9f41a7ace', DEFAULT, DEFAULT), ('a69d43fa-2222-5203-b590-140e62599451', 'Labore Do', 'c0a2f5c4-7781-5310-ad3c-e7b9f41a7ace', DEFAULT, DEFAULT), ('f6a7cc82-a609-50ee-a839-9fa8b1a9631d', 'Esse Magna', 'c0a2f5c4-7781-5310-ad3c-e7b9f41a7ace', DEFAULT, DEFAULT), ('00644310-2ebb-53b6-b6cd-c599924419bd', 'Culpa', 'c0a2f5c4-7781-5310-ad3c-e7b9f41a7ace', DEFAULT, DEFAULT), ('28a1ca86-fc34-5d5b-bda6-792b581f58de', 'Est', '71c019c0-f4c8-51ac-bfff-4141eabf85f3', DEFAULT, DEFAULT), ('c801d235-e02a-5267-8201-eecb86948b65', 'Aliqua Cillum Aliqua', '71c019c0-f4c8-51ac-bfff-4141eabf85f3', DEFAULT, DEFAULT), ('ad1bbcac-cdbb-551f-b25a-b14b40074515', 'Officia Cupidatat', '71c019c0-f4c8-51ac-bfff-4141eabf85f3', DEFAULT, DEFAULT), ('af85f96c-efbd-584c-bdd4-26c4e2f3e556', 'Fugiat Pariatur Esse', '71c019c0-f4c8-51ac-bfff-4141eabf85f3', DEFAULT, DEFAULT), ('ee198d66-a798-52a5-8b79-9931f7b835e3', 'Est Elit Ea', '71c019c0-f4c8-51ac-bfff-4141eabf85f3', DEFAULT, DEFAULT), ('9a2c5b91-3c65-50ae-8188-68db1f1edfc4', 'Fugiat Tempor Nostru', '71c019c0-f4c8-51ac-bfff-4141eabf85f3', DEFAULT, DEFAULT), ('a78f49ae-5f15-5b14-baf5-6abdb727fcc1', 'Sint Non', '71c019c0-f4c8-51ac-bfff-4141eabf85f3', DEFAULT, DEFAULT), ('a3df44c1-25a3-5190-a8bc-004597063afc', 'Ipsum', '71c019c0-f4c8-51ac-bfff-4141eabf85f3', DEFAULT, DEFAULT), ('ee88c41d-7461-5ecc-a96b-908770bc5575', 'Dolore Nisi', '71c019c0-f4c8-51ac-bfff-4141eabf85f3', DEFAULT, DEFAULT), ('d267e1b9-665d-5421-bb3b-be698dae48a8', 'Est Eiusmod', '71c019c0-f4c8-51ac-bfff-4141eabf85f3', DEFAULT, DEFAULT), ('b67e09de-df70-515b-91d0-6e53f3b4a58a', 'Duis Laboris', 'ab4eb860-b9b9-58f5-84c6-b76a08d23dfd', DEFAULT, DEFAULT), ('fe24988b-bca5-5bf5-be0f-c92da7b2cbe1', 'Excepteur Id', 'ab4eb860-b9b9-58f5-84c6-b76a08d23dfd', DEFAULT, DEFAULT), ('fb634118-b8a6-50b7-9010-0317dd27fba6', 'Aliqua Consectetur L', 'ab4eb860-b9b9-58f5-84c6-b76a08d23dfd', DEFAULT, DEFAULT), ('cda3814f-c14d-5dcf-a835-797df84f6d99', 'Ea Ullamco', 'ab4eb860-b9b9-58f5-84c6-b76a08d23dfd', DEFAULT, DEFAULT), ('bdc52205-2f90-54a1-a699-3ba523b0d56a', 'Irure Ullamco', 'ab4eb860-b9b9-58f5-84c6-b76a08d23dfd', DEFAULT, DEFAULT), ('1d01e569-eec7-553a-916b-70c8b1d0f9ec', 'Cupidatat Esse Exerc', 'ab4eb860-b9b9-58f5-84c6-b76a08d23dfd', DEFAULT, DEFAULT), ('ede942ce-5022-581a-99ff-f8ebb6d10d8a', 'Labore Magna', 'ab4eb860-b9b9-58f5-84c6-b76a08d23dfd', DEFAULT, DEFAULT), ('92275f25-82bb-5155-9ec4-713c75fa7c14', 'Excepteur Nostrud', 'ab4eb860-b9b9-58f5-84c6-b76a08d23dfd', DEFAULT, DEFAULT), ('96b48c96-9efc-5ca4-902e-209874bfdb15', 'Minim', 'ab4eb860-b9b9-58f5-84c6-b76a08d23dfd', DEFAULT, DEFAULT), ('f4b2b7de-c610-53b0-8a5d-ce93af909458', 'Sint Velit Sit', 'ab4eb860-b9b9-58f5-84c6-b76a08d23dfd', DEFAULT, DEFAULT), ('98bf31df-37fd-5af6-86dd-8686cdc35eeb', 'Nostrud Excepteur', 'dd9140ad-b92d-5673-a8c2-8b1c4e3e8697', DEFAULT, DEFAULT), ('ae956930-bebe-5aad-83f8-b8d0cae36371', 'Et Proident', 'dd9140ad-b92d-5673-a8c2-8b1c4e3e8697', DEFAULT, DEFAULT), ('e20720a7-b660-50e0-8da5-8784fa26a31d', 'Pariatur', 'dd9140ad-b92d-5673-a8c2-8b1c4e3e8697', DEFAULT, DEFAULT), ('2dbccffd-e7a5-5653-9dc6-18e988716abe', 'Cillum In Non', 'dd9140ad-b92d-5673-a8c2-8b1c4e3e8697', DEFAULT, DEFAULT), ('d905224a-1767-5e97-ad1a-f223ab64cd44', 'Exercitation Lorem', 'dd9140ad-b92d-5673-a8c2-8b1c4e3e8697', DEFAULT, DEFAULT), ('051188d3-54fa-59f4-adc8-b929fcb2c826', 'Aliqua Ullamco Ipsum', 'dd9140ad-b92d-5673-a8c2-8b1c4e3e8697', DEFAULT, DEFAULT), ('66e9a4f5-02a0-54af-823e-5e95c7ab9df1', 'Culpa Fugiat', 'dd9140ad-b92d-5673-a8c2-8b1c4e3e8697', DEFAULT, DEFAULT), ('472a7075-ea0f-5e44-b5c9-6ef12ccd3736', 'Dolor', 'dd9140ad-b92d-5673-a8c2-8b1c4e3e8697', DEFAULT, DEFAULT), ('5b13d215-75c8-5a23-a2d3-de589a1f0127', 'Cupidatat', 'dd9140ad-b92d-5673-a8c2-8b1c4e3e8697', DEFAULT, DEFAULT), ('94daea14-9b93-5933-9044-5ccc1eb32f8f', 'Nisi In', '78de8c0c-fe2d-50bd-afca-68bed9f87cd0', DEFAULT, DEFAULT), ('dc58dd7b-bb54-5abe-8208-becc5e0561ad', 'In Pariatur', '78de8c0c-fe2d-50bd-afca-68bed9f87cd0', DEFAULT, DEFAULT), ('63e38d08-3dd9-5569-ab28-f70e94b3cdb7', 'Laboris Incididunt', '78de8c0c-fe2d-50bd-afca-68bed9f87cd0', DEFAULT, DEFAULT), ('7f78fee3-dd27-5696-858f-318bd4cbf2a8', 'Est Qui Duis', '78de8c0c-fe2d-50bd-afca-68bed9f87cd0', DEFAULT, DEFAULT), ('1716ac71-f35f-52a7-acdc-316247462f37', 'Adipisicing', '78de8c0c-fe2d-50bd-afca-68bed9f87cd0', DEFAULT, DEFAULT), ('286a711e-ae86-5be5-9195-1d963e0504f7', 'Eiusmod Excepteur', '78de8c0c-fe2d-50bd-afca-68bed9f87cd0', DEFAULT, DEFAULT), ('59d8bfe4-2c84-5707-a356-dbe1eb5eec54', 'Enim Dolor', '78de8c0c-fe2d-50bd-afca-68bed9f87cd0', DEFAULT, DEFAULT), ('17ec9179-4e96-5f11-9df0-6e4c2363b3ee', 'Voluptate Pariatur', '78de8c0c-fe2d-50bd-afca-68bed9f87cd0', DEFAULT, DEFAULT), ('c3e14b56-bb45-5c55-9863-26dca8b4795e', 'Adipisicing Cillum', '78de8c0c-fe2d-50bd-afca-68bed9f87cd0', DEFAULT, DEFAULT), ('59fbbc7c-edc9-5d3c-9170-cf6acabbcd28', 'Occaecat Duis Cupida', '81e51b22-aab8-5050-a735-aa5917f8771b', DEFAULT, DEFAULT), ('7bf99080-cdc6-5456-b6d5-417e28b4eba5', 'Labore Deserunt', '81e51b22-aab8-5050-a735-aa5917f8771b', DEFAULT, DEFAULT), ('d2f08d89-447f-5d3d-96e5-385ed888c091', 'Minim Dolore Duis', '81e51b22-aab8-5050-a735-aa5917f8771b', DEFAULT, DEFAULT), ('9e6824f3-dac2-540f-9e3d-8797171dab14', 'Voluptate Et', '81e51b22-aab8-5050-a735-aa5917f8771b', DEFAULT, DEFAULT), ('c15a1a93-cc16-5536-8ab0-42ef9626e379', 'Mollit Nulla', '81e51b22-aab8-5050-a735-aa5917f8771b', DEFAULT, DEFAULT), ('df90352f-468b-5345-9b3e-522b747ccf55', 'Amet Nostrud', '81e51b22-aab8-5050-a735-aa5917f8771b', DEFAULT, DEFAULT), ('646b32cc-2525-5418-a0f1-5c9ced471b05', 'Nulla', '81e51b22-aab8-5050-a735-aa5917f8771b', DEFAULT, DEFAULT), ('9c793877-9a29-5409-acf9-8981bd39bd4d', 'Esse Reprehenderit V', '81e51b22-aab8-5050-a735-aa5917f8771b', DEFAULT, DEFAULT), ('d1b6355b-0594-5d07-b55b-72d2c66a1391', 'Laboris Proident Iru', 'f6cb58dd-a0aa-5d2b-8ce5-200e44be4f36', DEFAULT, DEFAULT), ('77085b75-b014-57d0-8618-9cc95436a25e', 'Id', 'f6cb58dd-a0aa-5d2b-8ce5-200e44be4f36', DEFAULT, DEFAULT), ('2f76c526-de17-58f1-a75e-aee239f7ed57', 'Consequat Nostrud', 'f6cb58dd-a0aa-5d2b-8ce5-200e44be4f36', DEFAULT, DEFAULT), ('3d4df0ce-5a7f-53e4-b486-95faf0a09720', 'Laborum Laboris', 'f6cb58dd-a0aa-5d2b-8ce5-200e44be4f36', DEFAULT, DEFAULT), ('d6d4ebe8-fe3c-5e62-98d8-e678f356450c', 'Nisi Occaecat Adipis', 'f6cb58dd-a0aa-5d2b-8ce5-200e44be4f36', DEFAULT, DEFAULT), ('5dedc9b9-eec3-5ace-a95b-d7817834d9af', 'Ex Laborum', 'f6cb58dd-a0aa-5d2b-8ce5-200e44be4f36', DEFAULT, DEFAULT), ('79ef5172-d3d7-5e61-9d71-a40b27651163', 'Cillum Est', 'f6cb58dd-a0aa-5d2b-8ce5-200e44be4f36', DEFAULT, DEFAULT), ('750322e1-101b-5f9e-b670-d325392f4504', 'Anim Aliquip', 'f6cb58dd-a0aa-5d2b-8ce5-200e44be4f36', DEFAULT, DEFAULT), ('97c3fd61-b55d-5134-8f04-cf53a8a45634', 'Et Mollit', 'f6cb58dd-a0aa-5d2b-8ce5-200e44be4f36', DEFAULT, DEFAULT), ('3c0af99e-82a0-5346-8da5-2d2825b8a66d', 'Nisi Minim', '48ed64cc-01ce-5cc6-8ffd-8d552f857570', DEFAULT, DEFAULT), ('7c0f6282-7933-5431-8e88-9d2b9f09f272', 'Amet Ea', '48ed64cc-01ce-5cc6-8ffd-8d552f857570', DEFAULT, DEFAULT), ('c97097d9-c6b8-5a50-931a-369c86f1535e', 'Occaecat Elit', '48ed64cc-01ce-5cc6-8ffd-8d552f857570', DEFAULT, DEFAULT), ('9f26eece-7e59-5b46-a98b-848dc55a0cda', 'Elit', '48ed64cc-01ce-5cc6-8ffd-8d552f857570', DEFAULT, DEFAULT), ('75b1f4f3-d352-56de-83dd-e679684b060c', 'Enim', '48ed64cc-01ce-5cc6-8ffd-8d552f857570', DEFAULT, DEFAULT), ('80e684c5-9f07-5388-b150-556bc24cb77f', 'Tempor Laboris', '48ed64cc-01ce-5cc6-8ffd-8d552f857570', DEFAULT, DEFAULT);
UPDATE public.team SET plan_id = 52 WHERE id = '7c2c4732-09c1-5f7b-87ca-c53e7497b4ef';
UPDATE public.team SET plan_id = 52 WHERE id = 'f50563b6-8532-51ec-b121-d8c6bca3e897';
UPDATE public.team SET plan_id = 52 WHERE id = 'f1bf295c-195b-5a42-9c6b-5bfa14b58307';
UPDATE public.team SET plan_id = 52 WHERE id = 'e0eebbc8-63c9-5fee-b088-b3310b672c35';
UPDATE public.team SET plan_id = 52 WHERE id = '1c17c04a-19f5-5c48-8b6b-48fe02257ffb';
UPDATE public.team SET plan_id = 52 WHERE id = 'a2996c99-b8bb-5bf6-b789-844e821ceb82';
UPDATE public.team SET plan_id = 52 WHERE id = '5d016028-a6a3-5268-91a3-91021dbfda0a';
UPDATE public.team SET plan_id = 52 WHERE id = 'b279891e-05aa-528b-867b-dd6fe5fa77c8';
UPDATE public.team SET plan_id = 52 WHERE id = 'ff53868f-9940-575d-8fa8-923808f93a53';
UPDATE public.team SET plan_id = 52 WHERE id = '8172203a-00e7-5e0e-919b-2970e0d891df';
UPDATE public.team SET plan_id = 52 WHERE id = '7b5ee10b-959f-565b-9dac-a4bab4f6c6bf';
UPDATE public.team SET plan_id = 52 WHERE id = '38400370-0369-5239-8b08-499aef0591ef';
UPDATE public.team SET plan_id = 52 WHERE id = '77394b64-1ec1-5043-8dc3-08f9200521d4';
UPDATE public.team SET plan_id = 52 WHERE id = '56ea9a57-3786-5a49-9700-501eb57a1328';
UPDATE public.team SET plan_id = 52 WHERE id = '731fb763-1773-5758-b8dd-d75381b0e72a';
UPDATE public.team SET plan_id = 53 WHERE id = '5e20f9a8-7b26-5a5f-8426-6b12c182d23c';
UPDATE public.team SET plan_id = 53 WHERE id = '53fe0e9e-3358-5722-b994-4faad8733cd3';
UPDATE public.team SET plan_id = 53 WHERE id = 'e4834379-a7a0-5f41-8193-f598072b1c83';
UPDATE public.team SET plan_id = 53 WHERE id = 'a9f91eda-269f-54d0-83de-05f0c2ecbf08';
UPDATE public.team SET plan_id = 53 WHERE id = 'c0062d28-74ce-56b0-8124-852c5c4cdd1f';
UPDATE public.team SET plan_id = 53 WHERE id = 'a1d779f7-e622-5cd1-b766-eb2b7925b3c0';
UPDATE public.team SET plan_id = 53 WHERE id = 'bd4e2ea6-e7d4-5655-93cc-d1ed71c3483c';
UPDATE public.team SET plan_id = 53 WHERE id = 'fb2f612f-57ab-526e-8b57-f5de07942107';
UPDATE public.team SET plan_id = 53 WHERE id = '38cee772-792e-54fe-ae0f-d62f75f71c11';
UPDATE public.team SET plan_id = 53 WHERE id = '60f279f1-b04c-57b1-b6aa-b71a8811c6ab';
UPDATE public.team SET plan_id = 53 WHERE id = 'b5d35d7e-f19e-568e-9efe-911f779c892f';
UPDATE public.team SET plan_id = 53 WHERE id = '3db3509a-5565-5145-aa2d-eb656db639a3';
UPDATE public.team SET plan_id = 53 WHERE id = '16b2ddd9-4627-52fa-8115-8453cfa39374';
UPDATE public.team SET plan_id = 53 WHERE id = '235fae27-2669-539e-8784-3dcbaac570cc';
UPDATE public.team SET plan_id = 54 WHERE id = '782f7eda-e535-5ab3-8415-643126d3b0fa';
UPDATE public.team SET plan_id = 54 WHERE id = '5daf6f25-3b97-5f49-8f75-4ba5d1d74cd3';
UPDATE public.team SET plan_id = 54 WHERE id = '3788fdae-c690-5563-abac-18b51e4d210f';
UPDATE public.team SET plan_id = 54 WHERE id = '177ae72e-41a6-5325-80d6-452827ea5918';
UPDATE public.team SET plan_id = 54 WHERE id = 'c0a2f5c4-7781-5310-ad3c-e7b9f41a7ace';
UPDATE public.team SET plan_id = 54 WHERE id = '71c019c0-f4c8-51ac-bfff-4141eabf85f3';
UPDATE public.team SET plan_id = 54 WHERE id = 'ab4eb860-b9b9-58f5-84c6-b76a08d23dfd';
UPDATE public.team SET plan_id = 54 WHERE id = 'dd9140ad-b92d-5673-a8c2-8b1c4e3e8697';
UPDATE public.team SET plan_id = 54 WHERE id = '78de8c0c-fe2d-50bd-afca-68bed9f87cd0';
UPDATE public.team SET plan_id = 54 WHERE id = '81e51b22-aab8-5050-a735-aa5917f8771b';
UPDATE public.team SET plan_id = 54 WHERE id = 'f6cb58dd-a0aa-5d2b-8ce5-200e44be4f36';
UPDATE public.team SET plan_id = 54 WHERE id = '48ed64cc-01ce-5cc6-8ffd-8d552f857570';
SELECT setval('"public"."plan_id_seq"'::regclass, (SELECT MAX("id") FROM "public"."plan"));
INSERT INTO public.arena (id,game_id,name,metadata,created_at,updated_at) VALUES (171, 73, 'Silverlake Stadium', DEFAULT, DEFAULT, DEFAULT), (172, 73, 'Downtown Plaza Pavilion', DEFAULT, DEFAULT, DEFAULT), (173, 73, 'Bayshore Pavilion', DEFAULT, DEFAULT, DEFAULT), (174, 73, 'Sunset Stadium', DEFAULT, DEFAULT, DEFAULT), (175, 73, 'Downtown Square Pavilion', DEFAULT, DEFAULT, DEFAULT), (176, 73, 'Oceanfront Amphitheater', DEFAULT, DEFAULT, DEFAULT), (177, 74, 'Main Square Arena', DEFAULT, DEFAULT, DEFAULT), (178, 73, 'Southbank Arena', DEFAULT, DEFAULT, DEFAULT), (179, 74, 'Waterfront Amphitheater', DEFAULT, DEFAULT, DEFAULT), (180, 73, 'Meadowbrook Pavilion', DEFAULT, DEFAULT, DEFAULT);
SELECT setval('"public"."arena_id_seq"'::regclass, (SELECT MAX("id") FROM "public"."arena"));
INSERT INTO public.blueprint (id,book_id,arena_id,visibility,name,tags,created_at,updated_at) VALUES ('fd4a2d4e-8569-59ca-837d-fb7fa0ab1be1', '31ac52db-fa89-5177-b667-1cf6526a929a', 175, 'public', 'Roaming Support Plan', '{"dolore veniam veniam","tempor dolore dolor","sit adipisicing","commodo aliquip cupidatat"}', DEFAULT, DEFAULT), ('e0502ed9-8194-54d4-be5d-43176e2a7438', 'c9fc147f-dadb-5b75-8ed7-efb86a7392ce', 178, 'unlisted', 'Roaming Support Plan', '{"ut ex nostrud est","in ad","cillum nostrud exercitation ut","pariatur officia deserunt id nos","et","nostrud occaecat dolor","excepteur excepteur anim","quis officia aute officia","ipsum ipsum eu mollit nulla","nisi commodo aliqua esse"}', DEFAULT, DEFAULT), ('cba89714-5b1d-590f-92a2-27cfb555b7e4', '8a0a556f-d942-55f0-8ba8-1ffbfaf3c6d9', 174, 'public', 'Gank Heavy Approach', '{"mollit nisi velit cillum","veniam laborum enim Lorem","minim laboris","magna","velit nulla incididunt nulla","ad magna officia et","ea eiusmod","incididunt ea amet"}', DEFAULT, DEFAULT), ('497b8842-fb80-5638-ba6f-3f3e64daa06b', '34a6eefa-de0a-5b54-8950-76863d1d5290', 172, 'public', 'Map Control Blueprint', '{"sint irure labore nulla","qui sunt","irure sit deserunt quis","aute dolor minim"}', DEFAULT, DEFAULT), ('75fbf0dd-b3c9-5513-87f0-9d9a9004f64c', '88133dcb-8b00-5c2c-aee5-9f0743f5239d', 173, 'private', 'Baron Control Strategy', '{"voluptate amet esse","sit Lorem","et voluptate et","id cillum"}', DEFAULT, DEFAULT), ('0352b4c9-6de9-5702-929d-3d622c6456a1', '34e08312-6163-54ad-8f00-271b535d720e', 174, 'public', 'Rotation Strategy Document', '{"pariatur officia","pariatur sunt sit","nisi ut proident","nostrud commodo","dolore tempor proident reprehend"}', DEFAULT, DEFAULT), ('1e701d2b-566c-5f82-8280-a2a9d02ee590', '274020d9-7513-5cf6-ae0b-e94ef1d1a62f', 174, 'unlisted', 'Early Game Dominance Guide', '{"ut esse laborum culpa","consequat in nostrud","cupidatat","cupidatat mollit","fugiat laboris enim consequat","sunt cillum cillum","commodo exercitation cillum","consequat consequat quis","et velit dolore Lorem incididunt"}', DEFAULT, DEFAULT), ('f04c0ed1-b624-5092-8b98-dae6fff857dc', 'f057746f-990e-5e0f-ba59-b833ef7e39fc', 176, 'private', 'Early Game Dominance Guide', '{}', DEFAULT, DEFAULT), ('7eef79d9-ea6c-5417-b347-09dbcb8b4c78', '5dd9c208-a224-5712-b987-eab6b9a89e23', 173, 'unlisted', 'Roaming Support Plan', '{"id duis elit occaecat deserunt","amet amet non reprehenderit cons","proident cillum est occaecat","nisi non proident"}', DEFAULT, DEFAULT), ('3aff3e37-0331-5c7a-a0f5-1b6595c2ad7b', 'f4b5542b-ba61-519e-a8d2-5793282ad487', 179, 'public', 'Baron Control Strategy', '{"ipsum do","qui","non Lorem"}', DEFAULT, DEFAULT), ('7c0cf1d4-d57d-5092-a3f0-ca49e04ace52', '897e7fb9-bd9c-59e3-afc7-d1c31ec7ef34', 173, 'public', 'Roaming Support Plan', '{"in","officia sunt in adipisicing","nostrud occaecat ullamco aliqua","ea aute voluptate incididunt"}', DEFAULT, DEFAULT), ('26c80d6d-0d6f-5fb2-8296-8b5e9e1fdeb7', '644a93ba-f570-5681-b2f5-de6b9950affd', 180, 'unlisted', 'Early Game Dominance Guide', '{"laborum sit cupidatat elit aute","officia reprehenderit sit culpa ","fugiat sint esse exercitation","magna aliquip occaecat irure","Lorem velit","adipisicing veniam non incididun"}', DEFAULT, DEFAULT), ('310ccf44-859c-5587-8001-5aa84afb3236', '286a711e-ae86-5be5-9195-1d963e0504f7', 177, 'private', 'Wave Management Plan', '{"eu fugiat irure","est esse voluptate amet","fugiat","dolore voluptate","ad ut magna","proident deserunt adipisicing","adipisicing","nostrud reprehenderit magna sunt","laborum"}', DEFAULT, DEFAULT), ('c6131a0d-c1ea-5dce-8460-c91026e41f9f', '22052ce5-2628-54da-93cf-dce3c06b547a', 177, 'public', 'Siege Tactics Handbook', '{"cillum cillum","incididunt incididunt elit","reprehenderit nisi irure","ullamco Lorem dolor"}', DEFAULT, DEFAULT), ('054eb394-a081-59a1-b613-e1c8bbcc6250', 'bbecd693-8054-5eee-8ada-8e2d5a3c5090', 173, 'public', 'Counter Pick Blueprint', '{"est elit aliquip esse","id irure sunt duis","id enim in"}', DEFAULT, DEFAULT), ('4cb602e9-b66f-5f7e-a7a1-71729454372c', 'd19db439-c7e7-53a7-aa19-0db346180dc1', 178, 'unlisted', 'Rotation Strategy Document', '{"aliqua ex","magna esse","est esse ad cillum","officia anim incididunt exercita"}', DEFAULT, DEFAULT), ('8ed312f8-fa19-5305-a78e-7cdee2dc9e00', '22052ce5-2628-54da-93cf-dce3c06b547a', 179, 'private', 'Aggressive Rush Strategy', '{"laboris","consequat nulla labore exercitat","adipisicing sunt tempor sint","culpa voluptate aute","voluptate exercitation","enim ut amet","velit in","officia do","voluptate"}', DEFAULT, DEFAULT), ('c9bad04c-3d6e-5efe-9540-7763dde57640', 'd3953f9f-e0f9-5aed-9d31-3f026a23da12', 179, 'private', 'Objective Focused Strategy', '{"non duis","non Lorem amet","occaecat sint exercitation quis ","occaecat proident irure","veniam ipsum","exercitation eu","exercitation irure","ad adipisicing","sit adipisicing eu"}', DEFAULT, DEFAULT), ('7a350dde-d215-538c-bfd3-d5cdd8b40555', '97c3fd61-b55d-5134-8f04-cf53a8a45634', 180, 'public', 'Counter Pick Blueprint', '{"sit proident","sint Lorem eu cupidatat","ex","proident cupidatat id","aliquip laborum duis enim","fugiat reprehenderit voluptate","labore esse aliqua proident"}', DEFAULT, DEFAULT), ('bd6c4dd0-06e8-56ab-abd6-6e9e777c13a7', '763ebb5f-add9-59ff-9a26-6b4030dae259', 174, 'public', 'Counter Pick Blueprint', '{"commodo qui","quis proident","voluptate ad ex magna ut"}', DEFAULT, DEFAULT), ('844103e5-8cf8-5795-8a63-ccecfc3e2001', 'eecf8a7e-af2f-524d-a645-c5fba3ebda06', 176, 'public', 'Gank Heavy Approach', '{"et eu ad","sit adipisicing duis elit volupt","ea in dolor","nisi in dolor sunt laboris","nulla veniam exercitation","commodo officia mollit","aute sit"}', DEFAULT, DEFAULT), ('582d0ca1-76cc-5500-9dd8-190ab817072d', '7f78fee3-dd27-5696-858f-318bd4cbf2a8', 179, 'private', 'Vision Control Blueprint', '{"non reprehenderit id ut","ipsum eiusmod nostrud","adipisicing eu sit","in consequat cupidatat culpa","et aute","enim ad reprehenderit laboris","occaecat","irure aliqua ea","est ea non minim"}', DEFAULT, DEFAULT), ('9012aa86-f8a2-5033-82d5-336bcaa03c26', '6be2b5fd-c70d-5fcd-9e56-f561a4756a4c', 180, 'public', 'Siege Tactics Handbook', '{"amet velit consequat","est aute cupidatat deserunt veni","nostrud pariatur","eu","Lorem sunt","do","Lorem","deserunt mollit dolor","voluptate ea deserunt minim","incididunt nostrud ad"}', DEFAULT, DEFAULT), ('746bb5ad-439a-519a-90ef-991641df1623', '285896cd-c894-5631-a1f6-527c321079e6', 178, 'unlisted', 'Late Game Scaling Strategy', '{"occaecat culpa officia deserunt ","Lorem laboris elit magna","sit exercitation officia","officia est","incididunt ex exercitation volup"}', DEFAULT, DEFAULT), ('b1bab82d-de7c-55e3-8115-1651b8f68765', '21a7e579-98a3-5757-a0a8-913f2da95aba', 172, 'private', 'Secure Objective Playbook', '{"duis id dolor","tempor dolore do","id culpa","consequat anim","officia velit esse"}', DEFAULT, DEFAULT), ('0145500d-2ab2-5c49-9cea-edd711ce1cc9', '02489279-3f4c-5f0f-845f-6f8bb51bae87', 174, 'unlisted', 'Aggressive Rush Strategy', '{"reprehenderit adipisicing deseru"}', DEFAULT, DEFAULT), ('703c3370-90fb-5d22-8365-f34357b3ffb8', '88514f78-7770-5bc2-96a4-f0f4ebcab4a4', 177, 'private', 'Rotation Strategy Document', '{"sunt et velit eiusmod"}', DEFAULT, DEFAULT), ('fd862b26-fe8c-52d0-b06e-3c9f938bd3ab', 'fb634118-b8a6-50b7-9010-0317dd27fba6', 177, 'public', 'Jungle Control Playbook', '{"esse mollit excepteur laboris","proident cupidatat ex","incididunt sint dolore tempor","aliqua culpa exercitation","mollit sint","qui aliquip","mollit in ea Lorem nisi"}', DEFAULT, DEFAULT), ('70415515-b81b-59ef-a1ed-18578b73b7ae', '6a3486ce-c3fa-519b-8ad1-f329a5c3ee43', 178, 'private', 'Baron Control Strategy', '{"consectetur pariatur excepteur p","ex sunt","amet est eiusmod in"}', DEFAULT, DEFAULT), ('c5558815-aa72-5938-a7c8-62ae2c1a039c', 'eeba85da-b4f7-5195-887e-28b7dc8a5236', 178, 'public', 'Secure Objective Playbook', '{"proident aliqua","aliquip","cupidatat ad do","ut non amet","veniam reprehenderit tempor ipsu","cillum adipisicing aliquip","nisi consectetur cupidatat","aliqua commodo sunt","officia enim","dolore enim Lorem veniam et"}', DEFAULT, DEFAULT), ('703bbd20-9625-5bd7-8aa3-5ead0245fe50', 'b32027db-33da-5dc2-b906-e0c2a06ac683', 171, 'unlisted', 'Objective Focused Strategy', '{"Lorem esse ea eiusmod dolore","ullamco reprehenderit"}', DEFAULT, DEFAULT), ('68ff3d82-b6b6-5053-9e74-aa9b346dd8d1', 'd297ab9e-40d4-51b5-bb8f-a1df399f1a9a', 180, 'private', 'Wave Management Plan', '{"velit fugiat nisi adipisicing cu","id mollit anim","culpa proident reprehenderit eiu","qui"}', DEFAULT, DEFAULT), ('522e120d-7e21-504a-9c96-99e429197e5a', 'eecf8a7e-af2f-524d-a645-c5fba3ebda06', 177, 'unlisted', 'Counter Pick Blueprint', '{"exercitation elit","ad reprehenderit incididunt amet","laborum eiusmod cillum ipsum"}', DEFAULT, DEFAULT), ('54b879fc-04e4-53b3-8cec-0174fc0ccd34', '583774ae-7432-5503-850f-867e82c0838b', 175, 'private', 'Counter Pick Blueprint', '{"nisi","tempor commodo","minim exercitation","aute in cillum"}', DEFAULT, DEFAULT), ('fb90b354-0ae1-59da-9637-61f6c5ed3fb9', 'e4c44768-00c8-52e6-80f9-625972d5d9b9', 174, 'public', 'Secure Objective Playbook', '{"id tempor nulla non nisi","cupidatat officia exercitation e","culpa cupidatat","esse ex laboris"}', DEFAULT, DEFAULT), ('95b3988b-e14b-57a7-900d-4985cb116f17', 'df90352f-468b-5345-9b3e-522b747ccf55', 176, 'private', 'Gank Heavy Approach', '{"id","minim ex dolor cillum","pariatur nisi dolore quis","anim deserunt enim aute"}', DEFAULT, DEFAULT), ('7d1face3-2e87-52f5-9623-fff9de0a6539', 'e4de1a09-bd9a-5e42-b92c-2cb1af28bec6', 179, 'public', 'Map Control Blueprint', '{"dolor do velit proident","eu eu"}', DEFAULT, DEFAULT), ('e8bf9a25-132d-5d46-b40a-d08534be6c9f', '3a804324-748d-571a-afad-6b9c20a35337', 171, 'unlisted', 'Counter Pick Blueprint', '{"ea velit minim","occaecat nisi proident","quis","ipsum officia commodo","sunt minim adipisicing","dolore anim cupidatat","consequat enim ut magna"}', DEFAULT, DEFAULT), ('29a560e9-84d9-5f41-9b09-76969cbfb144', '1497705a-df0e-5f8d-988d-61adba7199e0', 172, 'public', 'Counter Pick Blueprint', '{"adipisicing deserunt ut ipsum ut","in est eiusmod elit","excepteur sunt ea reprehenderit","id incididunt","cillum ad consectetur","reprehenderit esse laborum Lorem","velit culpa"}', DEFAULT, DEFAULT), ('d9c4b302-5ab0-5114-8120-41d1876c7eb9', '59fbbc7c-edc9-5d3c-9170-cf6acabbcd28', 177, 'public', 'Objective Focused Strategy', '{"nostrud nisi qui","proident cupidatat proident quis","exercitation veniam officia aliq","consequat nostrud voluptate","excepteur","minim eiusmod pariatur amet","dolore nulla"}', DEFAULT, DEFAULT), ('ca1b9e1e-f7c0-5c4a-a566-aabf3f7ebb80', '31ac52db-fa89-5177-b667-1cf6526a929a', 173, 'unlisted', 'Vision Denial Blueprint', '{"laborum eiusmod","ullamco ullamco","labore fugiat commodo ut duis","nisi Lorem","Lorem","tempor qui sit et qui"}', DEFAULT, DEFAULT), ('cde91e33-9c71-56e0-b19e-f2372fa577cf', '28a1ca86-fc34-5d5b-bda6-792b581f58de', 180, 'private', 'Secure Objective Playbook', '{"qui eu esse","exercitation elit","ut esse nisi ad qui","elit laboris tempor","mollit","fugiat anim","id non tempor","eu sit consequat","exercitation do culpa"}', DEFAULT, DEFAULT), ('013547e4-326e-5221-8377-310093ccf53a', '32158532-4de0-5542-b98a-514b5a0069d5', 180, 'private', 'Rotation Strategy Document', '{"ut nisi","eu nisi nulla non","sint occaecat officia consequat","pariatur magna mollit","enim nisi officia quis","Lorem consectetur non amet ut","excepteur id qui"}', DEFAULT, DEFAULT), ('50cffa66-dd91-5aed-8c46-1b76e488de31', '646b32cc-2525-5418-a0f1-5c9ced471b05', 176, 'unlisted', 'Rotation Strategy Document', '{"minim Lorem velit","qui voluptate","do irure"}', DEFAULT, DEFAULT), ('f550c2bf-a147-5e29-8a01-470336f387eb', '95c65795-b9a1-572f-87ae-6fa70b020fbb', 176, 'unlisted', 'Map Control Blueprint', '{"sint consequat","aliquip aliquip"}', DEFAULT, DEFAULT), ('a30e3d57-ad0a-594d-9622-8a2514b8110c', '96b48c96-9efc-5ca4-902e-209874bfdb15', 178, 'private', 'Roaming Support Plan', '{"reprehenderit laboris enim paria","cupidatat occaecat","magna ex ipsum"}', DEFAULT, DEFAULT), ('cb76f565-509b-50d9-bbe4-5c6e7c9b0eb4', '5dd9c208-a224-5712-b987-eab6b9a89e23', 180, 'unlisted', 'Secure Objective Playbook', '{"pariatur tempor exercitation"}', DEFAULT, DEFAULT), ('a344c7b4-07e6-54df-b4ed-f27c7916e147', '88133dcb-8b00-5c2c-aee5-9f0743f5239d', 172, 'public', 'Split Push Blueprint', '{"Lorem qui pariatur","sit quis sunt consequat","mollit consectetur eiusmod","id sint minim anim","consequat deserunt qui","excepteur exercitation","reprehenderit sunt cillum nisi","mollit minim esse"}', DEFAULT, DEFAULT), ('6c40d2d3-07ad-5aa1-a5fa-cf5861475e5d', '59558fa1-9cc0-5e85-a331-879d76e07f05', 175, 'unlisted', 'Team Fight Execution Plan', '{"nulla anim magna laboris","excepteur minim labore","enim","laborum excepteur cillum amet","in sunt veniam","veniam veniam ex fugiat","nostrud aliquip cillum commodo","duis pariatur","mollit","irure occaecat fugiat minim temp"}', DEFAULT, DEFAULT), ('ba7460a4-9316-52e4-9e3a-05ee82b85e66', 'f457d7a7-01f9-5225-b07a-0e782525bbc7', 175, 'unlisted', 'Split Push Blueprint', '{"et esse aliquip","enim ipsum ullamco fugiat except","nisi","aliquip excepteur ex adipisicing","aliqua est eiusmod proident do","aute nulla","ea cillum consectetur adipisicin"}', DEFAULT, DEFAULT), ('fb3595df-62ad-5f54-ac34-3a578952555c', 'bf9b5b68-4e23-52f1-a2cb-7e93ec2bafea', 179, 'public', 'Map Control Blueprint', '{"id ut veniam proident","officia nisi","tempor tempor mollit","nisi","Lorem proident","dolore qui adipisicing officia","esse","proident consequat","eiusmod voluptate consectetur du"}', DEFAULT, DEFAULT), ('90edde40-1b87-5f75-90b9-68639fbcb2b8', '6451b879-16d7-5644-b6b9-87dd18b3facf', 178, 'unlisted', 'Map Control Blueprint', '{"proident excepteur nulla exercit","fugiat"}', DEFAULT, DEFAULT), ('ea26a496-35d8-5f3f-a769-a80898ec7b17', 'bdc52205-2f90-54a1-a699-3ba523b0d56a', 172, 'unlisted', 'Aggressive Rush Strategy', '{"ad nostrud cillum","eu laborum","ut nostrud nisi id","mollit dolore","culpa voluptate dolor reprehende","nostrud in veniam","ullamco veniam eiusmod enim","amet ut voluptate deserunt"}', DEFAULT, DEFAULT), ('035a0a25-d588-551c-9f76-4e9f593ffaf4', '225b2186-bb16-5b0a-b7be-47fd3c5a5cf9', 179, 'public', 'Aggressive Rush Strategy', '{"qui magna","cillum labore velit veniam","excepteur nisi adipisicing","amet est minim","nulla esse id"}', DEFAULT, DEFAULT), ('e7f55997-6008-5d29-9f7f-564ab748cc59', 'df90352f-468b-5345-9b3e-522b747ccf55', 178, 'private', 'Siege Tactics Handbook', '{"labore nostrud enim mollit","cillum veniam reprehenderit inci","esse sit occaecat ullamco","proident irure voluptate"}', DEFAULT, DEFAULT), ('396ce0bd-b3e1-5b3c-94ea-bb5357e1c76a', '39da01f0-2195-5fc3-a74a-d12c26c902a3', 179, 'unlisted', 'Roaming Support Plan', '{"in nisi ad","et quis et magna","id","elit aute voluptate anim","qui aute reprehenderit","excepteur pariatur qui","est qui nostrud"}', DEFAULT, DEFAULT), ('4cb2c65b-80df-57cc-9c0d-6c346029b88f', '5f651c76-ceba-56db-bd60-512d4079ec53', 175, 'public', 'Objective Focused Strategy', '{}', DEFAULT, DEFAULT), ('8172dfee-2cce-5dee-9293-b6bd5f74d656', '2764351d-73bf-5124-a613-660cd57f91dd', 179, 'public', 'Team Fight Execution Plan', '{"labore occaecat excepteur velit","ea veniam incididunt","est est eiusmod","duis","eiusmod proident voluptate sit","elit incididunt"}', DEFAULT, DEFAULT), ('910e8e4b-af24-5f28-a2eb-631066a490eb', 'd1b8f3f8-af26-5088-8712-273c28ba98f7', 178, 'public', 'Vision Denial Blueprint', '{"deserunt et dolor et","anim deserunt Lorem elit"}', DEFAULT, DEFAULT), ('150381a3-e791-54de-9419-0edac12fb9eb', 'd905224a-1767-5e97-ad1a-f223ab64cd44', 172, 'public', 'Counter Pick Blueprint', '{"cillum pariatur veniam qui","cillum sunt","laborum amet aliqua sint","cupidatat minim do anim ex","cupidatat do","ut Lorem aute cupidatat","consectetur dolore"}', DEFAULT, DEFAULT), ('ddb37574-0dbe-5aa4-a5e8-b15242cefaff', '3a804324-748d-571a-afad-6b9c20a35337', 177, 'private', 'Counter Pick Blueprint', '{"sit aliquip in ipsum","excepteur cillum","pariatur mollit amet","duis","quis","consequat aliquip sint","mollit sit","adipisicing culpa labore in"}', DEFAULT, DEFAULT), ('77fbdaed-4103-591b-82ee-3e3fa4b78a9b', 'a78f49ae-5f15-5b14-baf5-6abdb727fcc1', 180, 'public', 'Late Game Scaling Strategy', '{"enim eu Lorem dolor id","aliqua velit deserunt Lorem","amet laboris","eu labore do","laborum aute","adipisicing in nostrud ut est","nisi","anim ad elit consequat et","duis mollit"}', DEFAULT, DEFAULT), ('0f1e8b42-396d-5765-be37-bce2ee646e04', 'f7f33f5b-7e02-5784-9db2-ed2995544a54', 174, 'public', 'Defensive Turtle Tactics', '{"tempor consequat","tempor consequat sit","amet qui consectetur","quis aliquip fugiat","eiusmod duis","cupidatat fugiat","incididunt dolore magna duis","ipsum","sit","cillum incididunt"}', DEFAULT, DEFAULT), ('5308f8b3-4d4d-529a-bd7c-3a77ac4fe6ae', '6c3f6730-2b1a-5e27-97de-caacad0bb1a5', 177, 'public', 'Jungle Control Playbook', '{"consequat minim ea"}', DEFAULT, DEFAULT), ('851e9ece-db38-530e-b3f9-f5e1d49a3b34', 'd19db439-c7e7-53a7-aa19-0db346180dc1', 177, 'private', 'Gank Heavy Approach', '{}', DEFAULT, DEFAULT), ('2189cd55-c657-5ce9-999a-da1a2dbf7ea0', '2d1d7734-be70-5d07-a538-e76c6cae722e', 171, 'private', 'Late Game Scaling Strategy', '{"ut quis","in sint","adipisicing do consectetur","dolore cupidatat"}', DEFAULT, DEFAULT), ('902d4a21-0657-5095-b741-ac0d408bb89e', 'c3c19070-f0b8-5d8b-8806-a00d5fe919aa', 177, 'private', 'Early Game Dominance Guide', '{}', DEFAULT, DEFAULT), ('0d40f7c0-72b0-55c2-8e48-c6c65bd9815f', 'c801d235-e02a-5267-8201-eecb86948b65', 172, 'public', 'Map Control Blueprint', '{"ut proident aliqua","sunt Lorem anim","elit veniam","ullamco ex et excepteur","cillum laboris ad ullamco","occaecat laborum cupidatat","ad non deserunt cillum","mollit tempor","nisi ea ullamco fugiat cillum"}', DEFAULT, DEFAULT), ('f09f5f0c-d6f4-5089-a919-82fdea15dad9', 'c3e14b56-bb45-5c55-9863-26dca8b4795e', 171, 'private', 'Vision Denial Blueprint', '{"ut do culpa velit","excepteur veniam"}', DEFAULT, DEFAULT), ('9bfcf305-f3a4-5bed-9ee4-3f5ccf9e59af', '98bf31df-37fd-5af6-86dd-8686cdc35eeb', 175, 'private', 'Early Game Dominance Guide', '{"occaecat"}', DEFAULT, DEFAULT), ('2ff309f0-6726-5920-ad23-47ba58fd2525', '88501f36-608d-5074-ab3f-752cd478292f', 178, 'unlisted', 'Counter Pick Blueprint', '{"incididunt adipisicing deserunt ","voluptate reprehenderit cillum p","laborum deserunt","sit ex do sint","enim","exercitation cillum ea","adipisicing sit fugiat"}', DEFAULT, DEFAULT), ('bac302d7-9e20-52d1-89cc-b0e99ef3b896', '897e7fb9-bd9c-59e3-afc7-d1c31ec7ef34', 172, 'public', 'Defensive Turtle Tactics', '{"esse nisi esse","non aliquip","id voluptate fugiat","nostrud nostrud est mollit est","dolor","deserunt","magna adipisicing","consequat dolor","voluptate dolore nostrud qui"}', DEFAULT, DEFAULT), ('ef31ceeb-0f8d-5da0-ab9c-18045c420f99', '9a2c5b91-3c65-50ae-8188-68db1f1edfc4', 175, 'private', 'Defensive Turtle Tactics', '{"in laboris in ad excepteur","dolore nostrud esse velit","laboris in ea nulla amet","tempor commodo","pariatur aliquip","irure irure","minim officia excepteur minim","irure non ipsum exercitation","exercitation aliquip"}', DEFAULT, DEFAULT), ('2be70e34-56ed-5cb2-9758-b8f796ec32ec', 'd9bba68a-079c-5141-bd43-756b87167584', 180, 'public', 'Wave Management Plan', '{"anim aliquip voluptate","veniam","ut dolor laboris","laboris reprehenderit labore","mollit cupidatat sunt","dolor","commodo ut","est","dolor ad","in culpa aliquip consequat labor"}', DEFAULT, DEFAULT), ('49e5f9f5-6a8f-5423-81e9-9e8e2c467770', '88501f36-608d-5074-ab3f-752cd478292f', 179, 'unlisted', 'Siege Tactics Handbook', '{"minim","eiusmod in et ea ut","sint in cupidatat cupidatat","est id consequat culpa","pariatur aute aliquip sit","sunt et veniam","pariatur"}', DEFAULT, DEFAULT), ('421a5d89-58fa-56e2-87c9-a4c6fd3159db', 'a8212e1b-5577-5c28-9c38-2d4fbd753550', 179, 'public', 'Defensive Turtle Tactics', '{"do culpa ex","sunt nulla amet","minim","ipsum in irure ut","nostrud deserunt tempor exercita","esse nisi in Lorem","laborum nisi","dolore ea"}', DEFAULT, DEFAULT), ('c2ab0ed6-ea98-544f-a35e-cfff5a185dc8', 'b88b1af1-79fe-5af5-9c91-0c77ed20973b', 172, 'unlisted', 'Roaming Support Plan', '{"nostrud eu","aliquip aliqua labore consectetu","proident","ad sit","excepteur minim reprehenderit ex","anim eu elit incididunt officia","voluptate eu"}', DEFAULT, DEFAULT), ('6c6d219e-3884-5c60-8485-0fb500d0b675', 'e09a1a6c-2073-587c-bb13-604903ae6e80', 178, 'unlisted', 'Roaming Support Plan', '{"ad aliqua adipisicing","labore ut sit sit","ex ut","irure ad id dolore nulla","officia velit"}', DEFAULT, DEFAULT), ('d5fd2418-0c52-558a-8369-707f9186db0b', '91fa3874-9437-5dfa-a49a-f19fb38d9e92', 176, 'unlisted', 'Early Game Dominance Guide', '{"ut magna","mollit","laborum in fugiat","veniam labore esse","excepteur id dolor","sint culpa officia ex","enim labore dolor sint","commodo magna duis aute","culpa id laboris veniam irure"}', DEFAULT, DEFAULT), ('0f22fcab-183d-5e80-9a98-c495a215f5f8', '54473828-0225-5307-b53c-7a0fc46ac63c', 171, 'unlisted', 'Defensive Turtle Tactics', '{"pariatur","et dolor sint","cillum ullamco dolore proident d","exercitation excepteur pariatur","esse irure","sunt ullamco","veniam esse id est","ex velit qui"}', DEFAULT, DEFAULT), ('f92c2ba5-8b0e-58ef-9364-e364e4c41522', '3a804324-748d-571a-afad-6b9c20a35337', 178, 'unlisted', 'Counter Pick Blueprint', '{"laboris ea consectetur magna","pariatur officia ut exercitation"}', DEFAULT, DEFAULT), ('e2ec2872-d983-5938-8f1c-38a9a14124dd', '5531f3c9-2ccc-59e8-86e8-da1800808ec2', 178, 'public', 'Counter Pick Blueprint', '{"ad ipsum","amet veniam","est"}', DEFAULT, DEFAULT), ('4d4230bc-d1b6-532c-9bbf-8c67caf4f9ed', 'e5b4727f-be5e-52c0-83cb-cb7ba230945f', 173, 'private', 'Early Game Dominance Guide', '{"enim eu aute","veniam ullamco et Lorem","dolore officia commodo dolore id","cillum officia proident","et velit laborum"}', DEFAULT, DEFAULT), ('8be9ffc5-25d1-5c32-be1f-9a9ec00544f6', 'd1b8f3f8-af26-5088-8712-273c28ba98f7', 176, 'unlisted', 'Early Game Dominance Guide', '{"voluptate nulla mollit","excepteur aute nisi magna except","deserunt ipsum","qui aliqua","sit ut"}', DEFAULT, DEFAULT), ('a3241e44-bd93-5a11-a730-863e8eb75275', 'cb82a658-7a6b-5f53-8103-de934a9d041a', 177, 'private', 'Gank Heavy Approach', '{"est","eu incididunt reprehenderit ut","tempor aliquip et elit","enim ullamco adipisicing eu","tempor ad","cupidatat do","anim adipisicing","laborum qui reprehenderit ea","laboris enim exercitation labori"}', DEFAULT, DEFAULT), ('a1c32f18-989f-5961-80f5-4a21a838bc95', '6a3486ce-c3fa-519b-8ad1-f329a5c3ee43', 180, 'private', 'Baron Control Strategy', '{"aliqua et","nulla ullamco","minim nulla cupidatat","deserunt ut est","mollit aute","consectetur est reprehenderit co"}', DEFAULT, DEFAULT), ('8fde1282-59d1-5f9b-bc10-4130ce793fa9', 'bf9b5b68-4e23-52f1-a2cb-7e93ec2bafea', 179, 'public', 'Late Game Scaling Strategy', '{"ipsum","tempor fugiat excepteur in","velit tempor occaecat duis eiusm"}', DEFAULT, DEFAULT), ('f85f8e1b-b8a0-528e-bc81-49b3e6a34ee5', 'fe24988b-bca5-5bf5-be0f-c92da7b2cbe1', 172, 'unlisted', 'Wave Management Plan', '{"sunt","eiusmod eu adipisicing est","voluptate mollit excepteur","ut ad","sit ad excepteur dolore reprehen","dolore nostrud deserunt commodo","ex consectetur fugiat cillum","dolor ea est tempor","nisi cillum excepteur ipsum"}', DEFAULT, DEFAULT), ('e16cfe57-140d-5b3e-90f8-910575ffdd47', '9e6824f3-dac2-540f-9e3d-8797171dab14', 174, 'unlisted', 'Early Game Dominance Guide', '{"eiusmod nulla eiusmod aute","culpa dolore nostrud","sit incididunt consequat","nisi in","tempor magna"}', DEFAULT, DEFAULT), ('06866e23-2aeb-59f2-9d3c-156507eb23db', 'd905224a-1767-5e97-ad1a-f223ab64cd44', 179, 'private', 'Gank Heavy Approach', '{"ut","minim do","fugiat occaecat mollit dolore","anim dolore","non occaecat incididunt","duis","fugiat proident laborum veniam","laborum incididunt anim pariatur","labore velit ea","labore ut duis do"}', DEFAULT, DEFAULT), ('e5c44c16-4905-59d0-8c2a-f48ebfc3fdcc', 'cd42da7d-ec75-53b3-9aad-015766f58921', 173, 'unlisted', 'Split Push Blueprint', '{"eiusmod cillum in","voluptate occaecat","et et eiusmod pariatur","irure","minim quis ea occaecat","non ut minim cupidatat","occaecat eu excepteur velit","eu anim","consequat nisi sit esse"}', DEFAULT, DEFAULT), ('0298782b-da7d-55b4-a736-8126dd2f9d32', 'df90352f-468b-5345-9b3e-522b747ccf55', 175, 'private', 'Early Game Dominance Guide', '{"qui ex eu esse","velit excepteur","sit occaecat ullamco in incididu","adipisicing cupidatat commodo pa","reprehenderit id aute"}', DEFAULT, DEFAULT), ('8f534833-d8c3-5d0a-b63c-bd2740be0330', 'b7a89d05-549f-565f-b631-b59097e91d1a', 180, 'private', 'Objective Focused Strategy', '{"fugiat labore nisi pariatur","culpa amet","nisi","mollit","est anim amet nisi tempor","culpa in aliqua","magna laborum adipisicing qui en","eu non"}', DEFAULT, DEFAULT), ('1caeec83-1956-53fb-9c1a-7f585775c524', '262a78c7-eb9d-5e1a-8e58-41ecb0c31fbd', 176, 'public', 'Defensive Turtle Tactics', '{"incididunt amet"}', DEFAULT, DEFAULT), ('28f2bbc2-0260-5d64-a9bf-64e9bc163c30', '404e076e-a943-52e4-a2ce-10591a9caa1f', 177, 'unlisted', 'Jungle Control Playbook', '{"tempor elit labore cupidatat","proident aute do irure","laborum","pariatur irure aliquip non","veniam magna id qui","esse proident sit voluptate duis","aute eu est","nostrud exercitation elit dolor"}', DEFAULT, DEFAULT), ('8590b74a-b67e-5525-9786-4e0fc4c65d06', 'a8766652-5cf4-5e66-ba6d-9eb457dff942', 174, 'private', 'Wave Management Plan', '{"nisi est in et","commodo qui","eiusmod enim adipisicing","duis exercitation cillum consect"}', DEFAULT, DEFAULT), ('fa5e4221-0eae-5da7-9a16-5b8399b9ef50', 'c9fc147f-dadb-5b75-8ed7-efb86a7392ce', 180, 'unlisted', 'Baron Control Strategy', '{"incididunt proident quis ea exer","mollit aute","enim exercitation consectetur ci","adipisicing","ea"}', DEFAULT, DEFAULT), ('fedb01d5-16e2-59fd-8845-ff6a92bd83f7', '051188d3-54fa-59f4-adc8-b929fcb2c826', 180, 'unlisted', 'Counter Pick Blueprint', '{"mollit minim","qui labore nostrud deserunt"}', DEFAULT, DEFAULT), ('d6d0cf2a-b6d2-5f41-bc05-2fe5bf5ca317', '1716ac71-f35f-52a7-acdc-316247462f37', 176, 'public', 'Vision Control Blueprint', '{"officia","in aliqua est","cupidatat ea est cupidatat","dolor aliqua","anim magna incididunt","ex","mollit","nisi nisi id","laborum et"}', DEFAULT, DEFAULT), ('a18cadaa-4531-5180-a607-ad2a5bc25f0c', 'e4de1a09-bd9a-5e42-b92c-2cb1af28bec6', 179, 'public', 'Map Control Blueprint', '{"magna et elit laborum enim","fugiat pariatur et mollit"}', DEFAULT, DEFAULT), ('7858de1c-870d-5289-9bbf-085e4de69d79', 'f4b5542b-ba61-519e-a8d2-5793282ad487', 174, 'unlisted', 'Team Fight Execution Plan', '{"ad est","occaecat non enim sint","excepteur ipsum id aute","dolore","adipisicing dolor commodo","sit","aliquip tempor","mollit culpa qui fugiat ipsum"}', DEFAULT, DEFAULT), ('c5510993-cf82-5729-a476-bbba91fd2ee1', '88501f36-608d-5074-ab3f-752cd478292f', 178, 'public', 'Siege Tactics Handbook', '{"dolore consectetur aliqua proide","aute duis","deserunt dolore esse excepteur"}', DEFAULT, DEFAULT), ('65495df9-49dc-5680-b4b7-97fe7364e837', 'cf1d2e5e-3a18-5518-8e4c-387978992b8a', 180, 'unlisted', 'Aggressive Rush Strategy', '{"mollit do incididunt laborum","minim duis cupidatat adipisicing","culpa laboris","elit incididunt amet ullamco","nostrud in officia consectetur n","quis minim aliquip","duis pariatur eu cillum","nisi","sint sit esse consectetur ad"}', DEFAULT, DEFAULT), ('6a08951b-2f4b-5069-a734-056efe107e30', 'f3ebe9e0-f337-5a54-9800-1b3119ecb916', 180, 'unlisted', 'Aggressive Rush Strategy', '{"proident culpa mollit nostrud ve","cillum"}', DEFAULT, DEFAULT), ('d96e9820-0562-5ef0-a957-fb16e8a3cda6', '5f651c76-ceba-56db-bd60-512d4079ec53', 176, 'unlisted', 'Team Fight Execution Plan', '{"duis deserunt dolor"}', DEFAULT, DEFAULT), ('44d39286-2c39-52c0-9fdf-811ac2ac0b4f', '1f9495a7-9f91-5b8e-a431-ff0404db08b3', 174, 'unlisted', 'Objective Focused Strategy', '{"incididunt quis ea","nisi cupidatat adipisicing","laboris","occaecat proident excepteur qui","ex irure mollit","aute"}', DEFAULT, DEFAULT), ('f5284b1c-c867-5bcb-ae27-b4a46054354e', '09204188-e618-5728-88fc-034120742c41', 172, 'unlisted', 'Jungle Control Playbook', '{"tempor dolore ut","ad ad tempor","duis laborum","eiusmod tempor cupidatat","mollit in in consectetur reprehe","veniam esse"}', DEFAULT, DEFAULT), ('748b6b6e-790a-524c-8953-9f99ff6241ea', '583774ae-7432-5503-850f-867e82c0838b', 176, 'private', 'Early Game Dominance Guide', '{"dolore esse","consectetur quis","laborum aliquip occaecat magna e","cillum sint","eiusmod elit est anim","laboris ipsum ex"}', DEFAULT, DEFAULT), ('94e59d3e-1e10-58ee-b57b-120d24970da8', '47ec07ed-2b5c-5f84-a424-1002e39b4917', 171, 'private', 'Early Game Dominance Guide', '{"ut ullamco est culpa","eu proident"}', DEFAULT, DEFAULT), ('a501e3c2-1df6-5f20-9532-89c5471331c6', 'eb3795e9-0dc2-506f-818c-e81bf7149197', 175, 'private', 'Aggressive Rush Strategy', '{"reprehenderit reprehenderit","tempor nisi","cillum aliquip anim veniam aute","enim irure","ullamco velit quis ipsum anim","sint","ex dolor amet excepteur","dolore aliquip"}', DEFAULT, DEFAULT), ('eba1549a-b3ad-5f1e-ad56-15be0771d0f9', 'b5605791-3389-56c2-9ec6-17d538b9bb85', 174, 'private', 'Roaming Support Plan', '{"dolor enim laboris Lorem","sint pariatur incididunt nulla","esse pariatur","eiusmod et excepteur","occaecat elit adipisicing","officia aliquip sit elit eiusmod","irure est fugiat aute","cupidatat labore ea","magna id ad et"}', DEFAULT, DEFAULT), ('02d6bfb1-b7f1-5129-9d1b-729fd2d36ca6', 'eb3795e9-0dc2-506f-818c-e81bf7149197', 173, 'public', 'Objective Focused Strategy', '{"ad deserunt reprehenderit adipis"}', DEFAULT, DEFAULT), ('feadd401-b272-53d1-bc20-6dad4e3ffc29', '5b13d215-75c8-5a23-a2d3-de589a1f0127', 176, 'private', 'Objective Focused Strategy', '{"dolor dolor elit ullamco irure","pariatur mollit est","velit minim consectetur deserunt"}', DEFAULT, DEFAULT), ('f4023970-bb8c-5175-9f3e-42520be2a6af', 'e334db45-3389-5a47-b7c9-4ff8121637b5', 175, 'unlisted', 'Baron Control Strategy', '{"adipisicing esse","ex ex non pariatur","proident proident qui","cillum"}', DEFAULT, DEFAULT), ('ab471cfa-3489-5a6c-bf5c-82aeac3819f5', '59fbbc7c-edc9-5d3c-9170-cf6acabbcd28', 173, 'private', 'Wave Management Plan', '{"qui occaecat","sunt cillum velit est","eu sint irure minim reprehenderi","nostrud occaecat","veniam dolor et ipsum","et eu elit non","officia mollit","amet","enim voluptate nostrud ea","deserunt in"}', DEFAULT, DEFAULT), ('782d8b69-ae89-5508-b431-d9e3d4f25423', '882c7ae5-914f-539d-8207-691de536097f', 179, 'unlisted', 'Secure Objective Playbook', '{"consequat ex aliquip cillum","deserunt laborum occaecat tempor","sit sunt dolore laborum consequa","laborum consequat","veniam veniam in et irure","dolor incididunt magna voluptate","commodo velit cupidatat","aliquip","proident enim enim et"}', DEFAULT, DEFAULT), ('bfbbf302-05a7-5b0c-991e-f7c79f52034e', '1716ac71-f35f-52a7-acdc-316247462f37', 177, 'unlisted', 'Objective Focused Strategy', '{"esse","fugiat","do","adipisicing quis qui non proiden","et sunt","ut","aute","Lorem ipsum anim fugiat","ea id","consectetur dolore laboris proid"}', DEFAULT, DEFAULT), ('86a9949d-fbe2-5edf-bf64-6b822a75bdc8', 'e9decb87-4a50-5c41-896c-16fe0d21ebca', 173, 'private', 'Vision Control Blueprint', '{"mollit mollit","dolor fugiat ut occaecat","labore culpa","id magna aliquip proident aliqui"}', DEFAULT, DEFAULT), ('3d78c871-f9be-5ceb-b04c-13f9eb63efa0', '897e7fb9-bd9c-59e3-afc7-d1c31ec7ef34', 177, 'unlisted', 'Vision Control Blueprint', '{"labore labore in dolor","do proident cillum","anim","ea sunt anim","minim reprehenderit voluptate","duis","dolore occaecat culpa","ex elit","voluptate ex cillum laborum"}', DEFAULT, DEFAULT), ('e5e7301c-ed7e-5267-a91e-331eeecbad04', 'ac772386-a452-5d18-88c7-396c2a71eb0b', 171, 'unlisted', 'Map Control Blueprint', '{"aliqua","nostrud quis","nisi ad","officia tempor"}', DEFAULT, DEFAULT), ('e06f1954-eb7e-5811-8e85-0b7239ac60d6', 'eff6dde6-e4aa-5c61-9818-5d7ae0bf58b7', 179, 'unlisted', 'Defensive Turtle Tactics', '{"consequat fugiat laborum consequ","commodo elit mollit"}', DEFAULT, DEFAULT), ('cbe8ef05-c651-5778-b8a6-717eee524007', '262a78c7-eb9d-5e1a-8e58-41ecb0c31fbd', 174, 'public', 'Gank Heavy Approach', '{}', DEFAULT, DEFAULT), ('479e5b51-1e2b-5ac2-b0c4-d0fc97906c11', 'bbc51950-a428-5ed7-b604-6444a902714b', 179, 'unlisted', 'Late Game Scaling Strategy', '{"in ullamco irure id commodo","aute exercitation","cupidatat velit","mollit ut","occaecat","sint","adipisicing velit ut excepteur","aliqua dolor reprehenderit","dolor commodo non sit tempor","consectetur minim consequat null"}', DEFAULT, DEFAULT), ('bcb7ae75-c1e7-50cd-ba0b-a339091eb350', '3adfc207-aaeb-5fa1-b329-eb7ef2061320', 173, 'private', 'Late Game Scaling Strategy', '{"occaecat laboris"}', DEFAULT, DEFAULT), ('22dccad0-36ca-5845-a1bd-b6027b406b8d', '2dbccffd-e7a5-5653-9dc6-18e988716abe', 174, 'unlisted', 'Siege Tactics Handbook', '{"dolore proident","aliquip sunt dolore velit ullamc","non nulla eu velit","veniam sunt quis","anim excepteur elit sint et","culpa"}', DEFAULT, DEFAULT), ('d3293b00-a774-5f1e-99fc-e8f05eabde14', '59fbbc7c-edc9-5d3c-9170-cf6acabbcd28', 177, 'unlisted', 'Team Fight Execution Plan', '{"qui","voluptate laborum nisi"}', DEFAULT, DEFAULT), ('6822c6f8-ae35-5c57-9558-9cc55665f5cb', '9bcb6997-9423-57c0-978a-09ad67de00e3', 178, 'private', 'Siege Tactics Handbook', '{"eiusmod et adipisicing","ipsum reprehenderit mollit","ut tempor","incididunt labore laborum ut","dolore id dolore proident laboru","adipisicing","aliqua cupidatat officia qui min","sit eiusmod qui"}', DEFAULT, DEFAULT), ('8ac966bd-de46-5e4a-8401-5328d63ae1b4', 'eb3795e9-0dc2-506f-818c-e81bf7149197', 178, 'unlisted', 'Early Game Dominance Guide', '{"et magna anim Lorem","veniam sunt","veniam commodo tempor","quis","occaecat officia","irure voluptate","reprehenderit aliquip dolor non"}', DEFAULT, DEFAULT), ('36f6354b-1927-5b66-8fab-ef32da0e1694', 'b134c4e5-3e41-53b3-bf3f-7f4cf023e9d7', 180, 'public', 'Split Push Blueprint', '{"qui magna dolore minim","proident culpa","id consectetur quis do","aliqua proident fugiat","duis labore nulla eiusmod","sunt","ullamco magna in ut"}', DEFAULT, DEFAULT), ('a3befd2b-2867-5547-af7d-2fe7d53b98ef', '1d01e569-eec7-553a-916b-70c8b1d0f9ec', 174, 'unlisted', 'Vision Denial Blueprint', '{"dolore voluptate labore nisi ess","esse"}', DEFAULT, DEFAULT), ('4d502d01-8a3a-58bc-acb8-f61c47f35e10', '94170f3d-888c-58bc-bc18-13592bfb52c5', 179, 'unlisted', 'Siege Tactics Handbook', '{"in nulla in","dolore ut nisi","eu aute","do veniam commodo sint do","labore enim quis reprehenderit","reprehenderit est commodo","eiusmod eiusmod non minim","sunt","nostrud laborum","duis"}', DEFAULT, DEFAULT), ('ebdf08a4-39c5-5347-ab53-e4ef0e2d1add', '7bf99080-cdc6-5456-b6d5-417e28b4eba5', 174, 'public', 'Roaming Support Plan', '{"dolore ullamco magna sunt","qui adipisicing","aliquip deserunt","quis","dolor id occaecat sint consectet","amet non labore labore","non sit et nostrud"}', DEFAULT, DEFAULT), ('4cfaa7bd-7f8e-52b6-a079-b1fc1773dccb', 'bdc52205-2f90-54a1-a699-3ba523b0d56a', 175, 'private', 'Map Control Blueprint', '{"mollit amet","ad tempor tempor adipisicing occ","consequat reprehenderit qui","incididunt nisi commodo","voluptate magna id voluptate dol","reprehenderit cupidatat veniam u"}', DEFAULT, DEFAULT), ('379aa38a-0dab-5c06-8cdb-45bf5d7e2d27', 'd905224a-1767-5e97-ad1a-f223ab64cd44', 173, 'unlisted', 'Split Push Blueprint', '{}', DEFAULT, DEFAULT), ('1cb4e4cf-86cc-5f46-9e77-98b857e060d9', '77085b75-b014-57d0-8618-9cc95436a25e', 180, 'private', 'Vision Control Blueprint', '{"incididunt consectetur","minim","duis pariatur minim minim est","dolore officia voluptate fugiat","magna consectetur eu culpa","do irure non dolore","ullamco laboris","Lorem voluptate commodo aliqua","laborum aliqua occaecat nostrud"}', DEFAULT, DEFAULT), ('f39bcc07-5eef-5435-b6e9-d947c3bae70d', 'eb3e804d-5ed0-59a1-900b-3b0f9b2cb577', 171, 'public', 'Late Game Scaling Strategy', '{"cillum anim quis","eiusmod irure aute qui","magna eiusmod adipisicing laboru","sunt","reprehenderit elit"}', DEFAULT, DEFAULT), ('20a16bbe-0188-55a3-8d14-7e2e6b37794e', '92275f25-82bb-5155-9ec4-713c75fa7c14', 179, 'public', 'Split Push Blueprint', '{"consectetur deserunt pariatur"}', DEFAULT, DEFAULT), ('75a162e8-f427-5c64-baca-dba20bc829dd', '4da5a34b-d621-539d-93ed-4bd842601284', 177, 'unlisted', 'Objective Focused Strategy', '{"irure excepteur dolore","consectetur","dolor eu exercitation","in velit id aliqua","do","pariatur nisi reprehenderit duis","labore officia","qui anim"}', DEFAULT, DEFAULT), ('5075bfb2-60b4-588c-ba9f-cd0f3efae77e', '7f78fee3-dd27-5696-858f-318bd4cbf2a8', 175, 'public', 'Vision Denial Blueprint', '{"sint qui est","laboris aliqua","et occaecat labore in","aliqua esse","aliquip sit","reprehenderit ea tempor consecte","adipisicing id ea occaecat"}', DEFAULT, DEFAULT), ('329b0bda-79b1-53f3-afe7-b7495bde0220', '305fa448-c3bf-59c7-a989-19ae69ce0725', 172, 'public', 'Rotation Strategy Document', '{"et commodo duis dolor","Lorem tempor qui","voluptate minim ut consectetur e","ullamco","qui","mollit laboris cupidatat fugiat ","duis incididunt quis commodo sit","cupidatat ullamco","cillum","sunt mollit laborum occaecat"}', DEFAULT, DEFAULT), ('fc992b53-61aa-5185-8280-7863348ce734', 'a00f2df0-a74b-51ab-8311-51125014b9ef', 172, 'unlisted', 'Early Game Dominance Guide', '{"magna aute amet"}', DEFAULT, DEFAULT), ('e15f78fd-c85d-5196-b441-614f0f00a652', 'cfbfd1d4-e77f-57e5-94da-e9ff2cc7a996', 173, 'unlisted', 'Jungle Control Playbook', '{"veniam ea","est tempor"}', DEFAULT, DEFAULT), ('27d28c73-d0c0-5545-a0d3-0f0fa8e1aca6', '7c0f6282-7933-5431-8e88-9d2b9f09f272', 172, 'unlisted', 'Roaming Support Plan', '{"et aliqua voluptate eu"}', DEFAULT, DEFAULT), ('bc0ae162-e51f-5f29-b5b0-87887eac9c85', 'e4de1a09-bd9a-5e42-b92c-2cb1af28bec6', 177, 'unlisted', 'Secure Objective Playbook', '{"eu sunt sit","dolor occaecat dolor in"}', DEFAULT, DEFAULT), ('23cfe397-d97e-55bf-af72-35043f52d2bb', 'fbbb9719-f3d1-5ce2-b584-4b70bf5bb135', 178, 'private', 'Objective Focused Strategy', '{"anim id magna voluptate elit","labore cupidatat","ea qui pariatur","incididunt Lorem"}', DEFAULT, DEFAULT), ('2135e4d6-4261-59ed-a63d-11a8a55ba0c0', 'cf1d2e5e-3a18-5518-8e4c-387978992b8a', 175, 'unlisted', 'Wave Management Plan', '{"pariatur eu","est velit eu nostrud ex","ipsum aliqua","cupidatat aute","deserunt magna cillum enim"}', DEFAULT, DEFAULT), ('32ca2e92-cee8-58b4-beec-0fd9742bf2df', '6a3486ce-c3fa-519b-8ad1-f329a5c3ee43', 178, 'private', 'Counter Pick Blueprint', '{"aliquip esse","minim consectetur","enim qui irure dolor","sunt","eiusmod sit ex culpa"}', DEFAULT, DEFAULT), ('69e335b1-cf42-5234-867f-fc3222ba0932', '63e38d08-3dd9-5569-ab28-f70e94b3cdb7', 177, 'public', 'Defensive Turtle Tactics', '{"duis in","adipisicing nostrud","in est ad","aliqua ullamco consequat Lorem","Lorem sunt labore","duis pariatur","sit","magna eu","culpa"}', DEFAULT, DEFAULT), ('4addfd63-7007-5913-b0c6-95e35fe44af0', '28a1ca86-fc34-5d5b-bda6-792b581f58de', 175, 'unlisted', 'Defensive Turtle Tactics', '{"pariatur officia culpa"}', DEFAULT, DEFAULT), ('29e1da9c-3bfa-53c5-8780-7032cb48ed69', '45173bfe-a11f-574a-ac25-21cda1308ec9', 178, 'private', 'Aggressive Rush Strategy', '{"pariatur ullamco fugiat","culpa laboris sint deserunt cons","anim aute ea","dolore sunt dolore magna","sunt ipsum","irure esse cillum officia","ea ea","et reprehenderit id","id qui enim","excepteur nisi"}', DEFAULT, DEFAULT), ('0fe3263a-4b99-5049-afdd-8a29336988d1', 'd35ecca3-ac35-5e28-8e7e-6a25de908d18', 180, 'private', 'Defensive Turtle Tactics', '{"est aute","ipsum","enim amet minim enim","ut eu aliquip quis consequat","tempor aute ipsum cupidatat","duis velit non duis officia","nisi","commodo irure aliqua","enim"}', DEFAULT, DEFAULT), ('de533318-8238-5b98-90fa-7923fbda78df', '853509f0-6836-5fa7-87f2-fb0a9a8766d2', 173, 'public', 'Aggressive Rush Strategy', '{"amet ut","nisi irure"}', DEFAULT, DEFAULT), ('91b0fe2a-8d53-5dfa-804e-dadbd5fed2f0', '6a3486ce-c3fa-519b-8ad1-f329a5c3ee43', 173, 'unlisted', 'Roaming Support Plan', '{"eu adipisicing culpa","ad dolore cillum","mollit deserunt aliqua","quis aliqua","laboris sit labore reprehenderit","amet Lorem cillum duis","nostrud cillum","aliqua nostrud do"}', DEFAULT, DEFAULT), ('f2da91e9-e150-5eba-811a-769c8b464b2d', 'a00f2df0-a74b-51ab-8311-51125014b9ef', 177, 'private', 'Aggressive Rush Strategy', '{"ea","do sit","minim nulla","cupidatat elit"}', DEFAULT, DEFAULT), ('830462ad-e07d-578c-9343-4c2f3f3f896d', '5b13d215-75c8-5a23-a2d3-de589a1f0127', 171, 'public', 'Aggressive Rush Strategy', '{"ea consequat","laboris pariatur dolor","minim consectetur","ex aliquip esse","dolore adipisicing","esse proident"}', DEFAULT, DEFAULT), ('e4d512a0-9012-54c8-a0de-d2cfb46cc4e7', '39da01f0-2195-5fc3-a74a-d12c26c902a3', 171, 'private', 'Gank Heavy Approach', '{"consequat sit cillum","veniam qui tempor","excepteur ea","occaecat amet culpa","cillum ut"}', DEFAULT, DEFAULT), ('8fc4ec28-bbda-57ff-86ae-02acc462e7a3', '2764351d-73bf-5124-a613-660cd57f91dd', 172, 'unlisted', 'Split Push Blueprint', '{"quis","exercitation veniam mollit exerc","ullamco sit cillum","ut mollit id tempor","exercitation"}', DEFAULT, DEFAULT), ('46cb3ac1-56db-5482-a77b-488299529f1c', 'dc376aff-9563-59fe-ac16-2760fcfb9752', 178, 'unlisted', 'Roaming Support Plan', '{"nostrud deserunt et","et irure quis","ad labore","esse"}', DEFAULT, DEFAULT), ('ca6dab04-25c1-5208-bf77-9e5162704420', '882c7ae5-914f-539d-8207-691de536097f', 179, 'private', 'Wave Management Plan', '{"proident Lorem ad Lorem adipisic","enim quis","qui magna dolore ea"}', DEFAULT, DEFAULT), ('54485efb-a52b-5ef1-8d37-32b22dc487d0', 'a9752d0c-ade4-58c6-b746-1b9df56a3d08', 177, 'private', 'Defensive Turtle Tactics', '{}', DEFAULT, DEFAULT), ('1fa8fec1-5ed8-5fb9-afc2-a5a8eea61a64', '88501f36-608d-5074-ab3f-752cd478292f', 174, 'public', 'Gank Heavy Approach', '{"magna aliquip sit","sunt qui","adipisicing dolore commodo fugia","voluptate sint anim","enim labore pariatur quis amet","incididunt proident est","Lorem reprehenderit","commodo"}', DEFAULT, DEFAULT), ('21212b38-5327-5020-9dc6-3fca09a6128f', '9f273059-bf49-55a4-bf95-e6bedcccffe3', 175, 'unlisted', 'Baron Control Strategy', '{}', DEFAULT, DEFAULT), ('b22cc198-1bf7-5cc9-b682-385ac5f11217', 'f057746f-990e-5e0f-ba59-b833ef7e39fc', 172, 'unlisted', 'Map Control Blueprint', '{"laborum non qui cupidatat","et officia","cillum officia","quis sunt proident","pariatur et Lorem sunt sit","pariatur excepteur qui","tempor anim deserunt labore temp","ad anim cillum","nulla id ut nisi"}', DEFAULT, DEFAULT), ('07d77b7a-f8bb-53ab-8750-034a7dc2bcb0', 'eecf8a7e-af2f-524d-a645-c5fba3ebda06', 178, 'unlisted', 'Defensive Turtle Tactics', '{"dolor veniam eu","do nulla elit"}', DEFAULT, DEFAULT), ('f7f63dc3-d8b7-5f42-b802-636e4e3f43bb', '75b1f4f3-d352-56de-83dd-e679684b060c', 177, 'private', 'Split Push Blueprint', '{"eiusmod ad ut sit","ut id cillum ad"}', DEFAULT, DEFAULT), ('a1dd34cc-747e-59d2-bb04-592165ee24b7', '94daea14-9b93-5933-9044-5ccc1eb32f8f', 180, 'private', 'Late Game Scaling Strategy', '{"ad officia aliquip Lorem velit"}', DEFAULT, DEFAULT), ('b111722b-fdf4-55f7-a1ea-183bf540f7e3', '1332e392-1ac8-57d9-8262-948f66c89fe9', 179, 'unlisted', 'Jungle Control Playbook', '{"anim nostrud qui"}', DEFAULT, DEFAULT), ('de288e5e-33f8-5b49-9dad-83fa7d46ac0d', 'b134c4e5-3e41-53b3-bf3f-7f4cf023e9d7', 177, 'private', 'Late Game Scaling Strategy', '{"cupidatat proident aute officia","minim","eu duis","enim eu nostrud aliquip","mollit minim fugiat mollit","proident laboris ex laboris dese"}', DEFAULT, DEFAULT), ('f1ab7f2e-7a01-59f1-b811-78e3b78b40bc', 'a88bc9b9-135e-55c7-8c4c-5a072a3c8573', 178, 'private', 'Vision Denial Blueprint', '{"ipsum qui est cillum","commodo pariatur irure occaecat","mollit culpa magna","commodo officia mollit eiusmod s","aute nisi dolor reprehenderit ve","nostrud consequat","qui id sit"}', DEFAULT, DEFAULT), ('e0783de7-ca51-5f0a-a7ac-8dcd533efd10', '94170f3d-888c-58bc-bc18-13592bfb52c5', 180, 'unlisted', 'Rotation Strategy Document', '{"laborum consectetur veniam dolor","ea","esse dolore nisi magna cillum","sit sint aute","in Lorem","reprehenderit pariatur","elit enim eu et do","nisi","aliqua"}', DEFAULT, DEFAULT), ('c3238b63-2dda-5915-8ca5-773255a1cfad', 'f3ebe9e0-f337-5a54-9800-1b3119ecb916', 172, 'private', 'Defensive Turtle Tactics', '{"commodo velit voluptate"}', DEFAULT, DEFAULT), ('7b1aca75-d87e-55c4-87f7-005fafbadfdb', '92275f25-82bb-5155-9ec4-713c75fa7c14', 176, 'public', 'Wave Management Plan', '{"veniam excepteur ex id ut","sit deserunt","non magna nulla incididunt","laboris Lorem consectetur deseru","ad occaecat dolore culpa","nulla exercitation minim"}', DEFAULT, DEFAULT), ('106d238e-2ba4-525c-8d85-994f8dfb2984', 'ac772386-a452-5d18-88c7-396c2a71eb0b', 175, 'unlisted', 'Gank Heavy Approach', '{"in veniam laboris officia"}', DEFAULT, DEFAULT), ('72f05d50-2802-535d-af55-29384395d238', 'ede942ce-5022-581a-99ff-f8ebb6d10d8a', 179, 'unlisted', 'Rotation Strategy Document', '{"fugiat elit"}', DEFAULT, DEFAULT), ('f914b2f3-d88a-52e4-ac43-1ef8cffb4d34', '70b4d1da-5ee3-5bd6-aecb-9af8ab670b84', 179, 'public', 'Map Control Blueprint', '{"sint consequat voluptate volupta","dolor veniam anim cillum","esse laboris pariatur elit et","qui duis in nulla culpa","occaecat voluptate aliquip"}', DEFAULT, DEFAULT), ('c620930b-8f59-50ae-bf46-b1a3aca28f0a', '59558fa1-9cc0-5e85-a331-879d76e07f05', 178, 'unlisted', 'Map Control Blueprint', '{"culpa eu officia occaecat","Lorem est","laborum aliquip nulla exercitati"}', DEFAULT, DEFAULT), ('c78418ab-6a36-52f6-ad32-89289156138c', 'c7198a1e-f50c-5635-a5bf-2073d4da7bc6', 175, 'public', 'Vision Denial Blueprint', '{"enim ad consectetur non","tempor minim exercitation tempor","elit irure anim incididunt"}', DEFAULT, DEFAULT), ('ed7bef30-09b5-5167-a122-9b398a76eaef', 'a4b32498-f3a6-5110-a5b6-de20f0314c35', 179, 'unlisted', 'Aggressive Rush Strategy', '{"dolor occaecat tempor","voluptate duis in dolor","eu nisi irure ullamco culpa","nostrud ipsum","ipsum veniam ad","nulla quis mollit consectetur","ad aliquip","tempor consectetur do ex ad","irure laboris occaecat fugiat ir"}', DEFAULT, DEFAULT), ('ecddf116-85cf-5aef-8c73-6e5963680c88', '808bd15b-fc3e-5378-a895-35c8b3e388f6', 177, 'private', 'Roaming Support Plan', '{"sint ex do nisi pariatur","nostrud","magna ut sunt","nisi laboris adipisicing cupidat","est culpa","labore consectetur","exercitation dolore","excepteur sunt nulla veniam sint","consequat cupidatat reprehenderi"}', DEFAULT, DEFAULT), ('5bb46529-9916-530c-88e4-31ac6d441591', 'eda91f04-12ef-5904-88aa-e6ed9a692e03', 171, 'private', 'Late Game Scaling Strategy', '{"in adipisicing minim et pariatur"}', DEFAULT, DEFAULT), ('8b092693-9a40-5f6a-a57b-3c3e9f5288f7', '7a86b477-8922-5c78-85b7-47a44d6877c0', 177, 'private', 'Defensive Turtle Tactics', '{"amet","irure Lorem esse nostrud velit","id Lorem","sint in aliqua tempor","nulla velit proident","eiusmod dolore cillum"}', DEFAULT, DEFAULT), ('65d96d53-ecd8-5cb9-a3d4-a2842c9c629f', 'ec0fecde-72da-5866-9b82-27edb33f804a', 173, 'private', 'Vision Denial Blueprint', '{"ea proident voluptate","est sint irure"}', DEFAULT, DEFAULT), ('672c681b-4325-56a5-8413-28facb838b89', '763ebb5f-add9-59ff-9a26-6b4030dae259', 176, 'unlisted', 'Wave Management Plan', '{"nulla aliquip proident exercitat","exercitation ad","eiusmod tempor ex eu cupidatat","id in non cupidatat et","cupidatat","velit nisi","aute quis magna","in","dolore et"}', DEFAULT, DEFAULT), ('49d19d37-5ee3-59d0-a985-37b5b703ceb0', 'bdc52205-2f90-54a1-a699-3ba523b0d56a', 173, 'public', 'Team Fight Execution Plan', '{"minim enim ullamco","laborum esse","labore fugiat","Lorem reprehenderit deserunt nos","eu elit amet ut","aute et sit anim"}', DEFAULT, DEFAULT), ('66e9d7dd-018c-5299-8470-9f074683bd55', 'b5f933d0-c28e-517c-9fca-d9e38dc742a2', 175, 'unlisted', 'Early Game Dominance Guide', '{"non velit officia","ut exercitation"}', DEFAULT, DEFAULT), ('d4a93045-0519-5ae2-8bd3-51a7d07f2b97', '9584676f-0635-591a-a937-d230d9a3abf3', 171, 'private', 'Split Push Blueprint', '{"Lorem minim","ullamco proident est","fugiat eu ea"}', DEFAULT, DEFAULT), ('b5bd1f0b-0be5-592a-87b7-65db36f2fa17', '5b13d215-75c8-5a23-a2d3-de589a1f0127', 171, 'unlisted', 'Aggressive Rush Strategy', '{"et cupidatat reprehenderit","commodo id est est","elit fugiat dolor pariatur Lorem","mollit minim proident cupidatat"}', DEFAULT, DEFAULT), ('902168ab-57a5-5714-b589-ecf1bd6d2517', '9584676f-0635-591a-a937-d230d9a3abf3', 171, 'unlisted', 'Vision Control Blueprint', '{"eu excepteur minim tempor","id qui veniam incididunt est","exercitation veniam","excepteur mollit sunt elit","commodo aute pariatur elit"}', DEFAULT, DEFAULT), ('8e1b1af0-d36a-5958-9b32-c8f59e8edaf9', '110efd29-2979-5c30-b41f-b3bf832f48cd', 174, 'private', 'Objective Focused Strategy', '{"Lorem","cupidatat sunt","voluptate voluptate","deserunt consectetur sint occaec","eiusmod","labore irure mollit dolore","irure fugiat culpa consequat","proident","fugiat duis in"}', DEFAULT, DEFAULT), ('9ca1e23a-7fd9-5be2-b14a-5f50a52fda0a', '28a1ca86-fc34-5d5b-bda6-792b581f58de', 171, 'private', 'Counter Pick Blueprint', '{"aliqua","ut aliquip irure aliquip","occaecat id tempor reprehenderit","aute adipisicing Lorem","nisi exercitation nisi excepteur","aliquip in","fugiat in","pariatur mollit"}', DEFAULT, DEFAULT), ('b458c0d2-4d21-597a-9d7c-522e47032d79', '5f3671df-cc06-5a3d-87a6-e1e42e095fa3', 175, 'unlisted', 'Siege Tactics Handbook', '{"esse cillum commodo","aute cillum sunt ad officia","est ut labore non","consectetur cupidatat cupidatat","magna consectetur","consequat aute ea","duis occaecat quis reprehenderit","consequat esse deserunt ut ad","ut voluptate"}', DEFAULT, DEFAULT), ('aeae5590-e6d3-5c02-8a1c-40a6bcf61bd6', 'f3ebe9e0-f337-5a54-9800-1b3119ecb916', 173, 'private', 'Vision Control Blueprint', '{"deserunt ipsum ut reprehenderit","non do","pariatur elit esse","exercitation aliquip labore dolo","eiusmod cupidatat quis","aliqua","magna et ad","adipisicing excepteur","quis in tempor do","in aliquip sunt"}', DEFAULT, DEFAULT), ('e62ff15d-b4e8-5f8b-b8c8-56d105c9d705', 'f6a7cc82-a609-50ee-a839-9fa8b1a9631d', 178, 'private', 'Defensive Turtle Tactics', '{"velit et velit","est aute enim","est sit non"}', DEFAULT, DEFAULT), ('2650d5c8-a9d2-57ad-a70d-8c89cf994021', '02489279-3f4c-5f0f-845f-6f8bb51bae87', 179, 'private', 'Vision Denial Blueprint', '{"duis ea","sit labore ex qui in","deserunt laborum ut","non consectetur","qui voluptate","aliquip consectetur aliqua offic","ea est voluptate ea"}', DEFAULT, DEFAULT), ('57851dd8-0d7e-5b03-b70f-32940ae107ce', '097c4d8e-94d3-5fd3-94ca-7bbb66cf6929', 176, 'unlisted', 'Team Fight Execution Plan', '{"velit reprehenderit","dolor consequat ullamco voluptat","fugiat sit esse ad Lorem","ex sint in","reprehenderit aute","reprehenderit id cupidatat ullam","dolor elit","cupidatat Lorem fugiat","laborum mollit do","dolor sit commodo"}', DEFAULT, DEFAULT), ('0bb88883-c32b-547d-bac2-9dcbf9437722', '34e08312-6163-54ad-8f00-271b535d720e', 174, 'unlisted', 'Vision Control Blueprint', '{"consectetur exercitation","incididunt mollit minim","duis ipsum ipsum adipisicing","amet nisi minim","occaecat dolore eiusmod","velit excepteur tempor eiusmod l"}', DEFAULT, DEFAULT), ('f2096d39-9bcd-5cc9-af38-3924bad39e01', '1497705a-df0e-5f8d-988d-61adba7199e0', 177, 'unlisted', 'Aggressive Rush Strategy', '{"sint Lorem pariatur ut","eu laborum","minim excepteur","aliquip consequat"}', DEFAULT, DEFAULT), ('cdc85c53-30bc-5c6e-91cc-2af72696e64b', '94170f3d-888c-58bc-bc18-13592bfb52c5', 174, 'private', 'Objective Focused Strategy', '{"deserunt veniam labore consequat","ea"}', DEFAULT, DEFAULT), ('a0fe813c-8a2e-57ff-8950-530eb72350cc', 'fc6d457c-9711-5cde-813c-d584f858faae', 171, 'public', 'Aggressive Rush Strategy', '{"labore qui voluptate"}', DEFAULT, DEFAULT), ('3dcb1c72-1f38-50a2-8a79-9f8b83862a0b', '750322e1-101b-5f9e-b670-d325392f4504', 180, 'public', 'Baron Control Strategy', '{"in aliqua","esse quis","eu adipisicing laborum"}', DEFAULT, DEFAULT), ('b529db67-e1b4-5e7d-9a32-267867bbcbad', 'eb3e804d-5ed0-59a1-900b-3b0f9b2cb577', 171, 'public', 'Early Game Dominance Guide', '{"non esse duis nisi irure","ea tempor","magna eu ea minim","cupidatat aute consequat tempor","quis","adipisicing excepteur est magna","incididunt deserunt","eu","tempor do cillum pariatur offici","ut ex elit esse commodo"}', DEFAULT, DEFAULT), ('89b21cb6-fbf3-585a-b9c1-304fad97258b', '94daea14-9b93-5933-9044-5ccc1eb32f8f', 172, 'unlisted', 'Vision Control Blueprint', '{"proident mollit pariatur","tempor dolor dolor voluptate","eiusmod cillum est quis","enim id occaecat incididunt","fugiat","ipsum aliqua proident mollit","laboris","occaecat est"}', DEFAULT, DEFAULT), ('8af27ce1-15c1-5703-a4c5-07ea669df0c7', '9b1fc781-1e4e-56d2-bd68-0dc257a319c0', 174, 'public', 'Late Game Scaling Strategy', '{"reprehenderit est ullamco","quis proident mollit","quis eiusmod qui"}', DEFAULT, DEFAULT), ('e9960db1-b450-5d20-820c-87fab4f40dc8', 'a88bc9b9-135e-55c7-8c4c-5a072a3c8573', 180, 'private', 'Vision Control Blueprint', '{"dolore","magna nostrud","minim sint in","dolore ullamco irure nisi quis","voluptate","dolore ea officia elit esse","sint nostrud excepteur excepteur","eu quis ut","veniam eiusmod"}', DEFAULT, DEFAULT), ('2dd10f1f-4836-53b2-b2b6-ae71861e43d0', '92275f25-82bb-5155-9ec4-713c75fa7c14', 178, 'private', 'Roaming Support Plan', '{"laborum commodo anim","occaecat esse velit voluptate ex","anim aliquip occaecat","anim amet anim qui","non cupidatat sit","dolore dolor deserunt","ea quis","sunt ullamco","nulla tempor minim","sint consectetur occaecat"}', DEFAULT, DEFAULT), ('09d4e842-df61-577d-8d06-00daf3b676e2', 'beb6961f-fe15-549e-851d-4b848f0c22b3', 173, 'unlisted', 'Early Game Dominance Guide', '{"exercitation veniam ex ex","culpa Lorem est aliquip irure","pariatur","ullamco","nulla eu nisi est veniam","occaecat fugiat aute sint deseru","commodo eu in","pariatur irure","voluptate reprehenderit"}', DEFAULT, DEFAULT), ('6fe4789e-9a02-5c94-8c81-5bb4cffd7850', 'f3376d8d-17f3-5259-a5b0-af6d5e21e7e2', 173, 'public', 'Siege Tactics Handbook', '{"occaecat Lorem enim sit ut","aute do consequat minim elit","ad exercitation magna ad","ipsum veniam aliquip anim","voluptate in Lorem","dolor dolore velit et adipisicin","proident fugiat officia nostrud","voluptate laboris","pariatur adipisicing"}', DEFAULT, DEFAULT), ('62834a20-27ac-5894-8947-a4e2ffb67f5b', '8babc841-00b0-585f-9ca3-85ef68fec1f7', 176, 'unlisted', 'Rotation Strategy Document', '{"amet ea excepteur","excepteur aliqua sunt ullamco co","eiusmod do consequat","sunt aliquip labore nulla","aliqua","irure proident","ea consectetur exercitation est","fugiat labore quis dolor minim","id sit elit ut"}', DEFAULT, DEFAULT), ('ce25e6d7-50b4-50c3-8210-685ee22346f3', '3d4df0ce-5a7f-53e4-b486-95faf0a09720', 171, 'unlisted', 'Gank Heavy Approach', '{"ad ullamco"}', DEFAULT, DEFAULT), ('a4e4a518-fb32-53bf-9d1c-f336f8cd8c45', 'bbcbd7eb-4377-550e-af45-f77d693d98fe', 177, 'public', 'Late Game Scaling Strategy', '{"ullamco occaecat elit","veniam tempor","aliqua duis id","amet ut laboris duis","et veniam minim culpa","veniam","sit veniam tempor","voluptate eu mollit","qui","sit quis veniam sunt"}', DEFAULT, DEFAULT), ('d5862a76-70cd-55db-a302-365d7ec101f5', '86e03e09-1744-508f-b91c-c48f85d8ffcb', 180, 'public', 'Wave Management Plan', '{"tempor","ad et proident aliquip aliqua","ut ea et dolor","deserunt ut consectetur consequa","non est","elit quis veniam","dolor esse"}', DEFAULT, DEFAULT), ('fff5567f-d4a5-542e-ba70-1119521ca0cb', '750322e1-101b-5f9e-b670-d325392f4504', 177, 'public', 'Defensive Turtle Tactics', '{"commodo eiusmod mollit officia e","cupidatat","voluptate Lorem anim aliqua"}', DEFAULT, DEFAULT), ('48abaf7b-d65e-5371-8d5f-1be4621911e6', 'eb3e804d-5ed0-59a1-900b-3b0f9b2cb577', 171, 'unlisted', 'Baron Control Strategy', '{}', DEFAULT, DEFAULT), ('05b8ebd6-06e1-5ce6-85d9-1fda124d11b0', '203ac13e-e5b1-548e-a7da-5d8cff932053', 173, 'unlisted', 'Objective Focused Strategy', '{"irure consectetur","duis deserunt enim pariatur est","amet nulla consectetur quis","proident nulla ex","est dolor","sunt reprehenderit cillum est qu","laborum ipsum elit et laboris","ut incididunt reprehenderit cons","nostrud nostrud"}', DEFAULT, DEFAULT), ('be5a4c70-a4ff-57c0-8c2c-437a6d77f25c', '5dedc9b9-eec3-5ace-a95b-d7817834d9af', 180, 'public', 'Vision Denial Blueprint', '{"eiusmod consequat","ipsum incididunt Lorem","officia aliquip ut ad reprehende","laboris commodo cillum","minim officia exercitation","reprehenderit consectetur cillum","dolore proident voluptate","dolor id irure","laboris occaecat ex"}', DEFAULT, DEFAULT), ('e6ff83af-5ec2-537d-b04b-784bd77a5871', '8b7e423b-b9b9-5b3c-bf3d-1aa45d16235c', 174, 'private', 'Split Push Blueprint', '{"deserunt minim aute","eiusmod ut","fugiat sit"}', DEFAULT, DEFAULT), ('dc9bffb4-1647-5c5d-8c1f-d89500e89900', '9b1fc781-1e4e-56d2-bd68-0dc257a319c0', 172, 'unlisted', 'Defensive Turtle Tactics', '{"laboris est consectetur","consectetur incididunt consequat","eiusmod laborum","esse laborum elit ex","proident eiusmod","mollit sint consectetur","eu voluptate aute anim incididun","non Lorem","velit commodo"}', DEFAULT, DEFAULT), ('ec767a01-17bb-518c-9633-78ebc8caded3', 'c801d235-e02a-5267-8201-eecb86948b65', 176, 'private', 'Baron Control Strategy', '{"esse esse esse sit","minim magna labore","eiusmod nisi","ullamco","id et","voluptate minim aliquip","nulla ipsum","id exercitation quis","eu Lorem ex ad","irure et ipsum voluptate sunt"}', DEFAULT, DEFAULT), ('6c642b40-bb15-55fa-9319-9c100d27adc7', 'd1dc8a74-c651-5dbd-b484-1cd2c51db9b9', 179, 'private', 'Vision Denial Blueprint', '{"consequat","enim","enim sint quis et","id quis nostrud reprehenderit es","nisi sint","deserunt","aute quis et"}', DEFAULT, DEFAULT), ('197f52e9-f9b3-54a3-a900-9ddcd2cd98d5', 'a6ea6199-2a1a-56d4-b12a-1bf7d32d154c', 173, 'unlisted', 'Vision Control Blueprint', '{"dolore voluptate","est ex adipisicing commodo","veniam commodo","irure incididunt"}', DEFAULT, DEFAULT), ('b239ffdb-847f-5400-b1f9-97e186ea36bc', 'a6ea6199-2a1a-56d4-b12a-1bf7d32d154c', 171, 'private', 'Wave Management Plan', '{"Lorem","ad nulla Lorem","officia mollit nisi"}', DEFAULT, DEFAULT), ('c3124970-b58c-5748-8a01-4ba1d7466b2b', '6be2b5fd-c70d-5fcd-9e56-f561a4756a4c', 180, 'unlisted', 'Objective Focused Strategy', '{"Lorem nulla","sint do esse"}', DEFAULT, DEFAULT), ('2fbdef88-7d4a-5528-bb59-74f725709563', 'dc376aff-9563-59fe-ac16-2760fcfb9752', 173, 'private', 'Map Control Blueprint', '{"nisi excepteur velit et"}', DEFAULT, DEFAULT), ('a03637de-3a86-5f2c-a9a1-71bb222f301f', '844afdcc-93cf-55c8-b0f1-1cc22329a30b', 175, 'private', 'Aggressive Rush Strategy', '{"laboris minim elit","excepteur tempor eiusmod","esse excepteur culpa","voluptate amet dolore","adipisicing irure laboris cupida","eu labore id consequat commodo","enim pariatur","occaecat","veniam nulla"}', DEFAULT, DEFAULT), ('536d5b0c-dc7c-598f-8fa0-b21c4cd85d48', 'ae956930-bebe-5aad-83f8-b8d0cae36371', 176, 'unlisted', 'Counter Pick Blueprint', '{"amet cupidatat occaecat","enim sit aliqua pariatur","fugiat laborum duis est","exercitation sunt","reprehenderit amet","aliquip voluptate"}', DEFAULT, DEFAULT), ('f04b6b4b-d5ea-517f-8a7d-71713980487c', '8babc841-00b0-585f-9ca3-85ef68fec1f7', 179, 'unlisted', 'Rotation Strategy Document', '{"id ex labore quis duis","amet enim minim ullamco pariatur","proident cillum fugiat qui"}', DEFAULT, DEFAULT), ('363e1d5b-f7b0-5ee0-a43a-f471f9cf9338', '1e7e0bcb-4fc0-5d72-81a5-d67a74a13595', 172, 'private', 'Late Game Scaling Strategy', '{"in culpa incididunt anim nulla","ipsum","non"}', DEFAULT, DEFAULT), ('edcc2203-6787-52aa-bc0b-a6dcc59388be', 'ca65e33b-de71-5d46-933a-849036127987', 175, 'public', 'Vision Control Blueprint', '{"ut dolor tempor","deserunt nisi","pariatur officia officia","adipisicing voluptate anim qui a","aliqua excepteur","aute","non proident","mollit ipsum minim"}', DEFAULT, DEFAULT), ('474b1c92-271b-5e78-878e-3e82398a6e7c', '28a1ca86-fc34-5d5b-bda6-792b581f58de', 172, 'unlisted', 'Jungle Control Playbook', '{"quis dolor ipsum sint Lorem","amet","ullamco nisi esse non","aliqua"}', DEFAULT, DEFAULT), ('8997d96a-4a2f-5fcd-a0a2-88e875f8bba7', '95c65795-b9a1-572f-87ae-6fa70b020fbb', 174, 'unlisted', 'Split Push Blueprint', '{"excepteur sint enim","sint elit elit veniam sunt","est duis laborum"}', DEFAULT, DEFAULT), ('f61f0c83-60cb-5fa8-a27a-67e606b63adb', 'd92658af-bb2e-5f93-9170-bc8d85a6ad50', 176, 'private', 'Defensive Turtle Tactics', '{"tempor consequat aute incididunt","aliquip cillum","esse irure","cupidatat officia do","irure anim","velit ea adipisicing laborum","reprehenderit aliquip eiusmod","minim","quis do","enim proident esse"}', DEFAULT, DEFAULT), ('30d213ab-4615-5d8b-abee-5b4875c8bfdf', '6be2b5fd-c70d-5fcd-9e56-f561a4756a4c', 172, 'private', 'Roaming Support Plan', '{"proident voluptate","do culpa","sint in pariatur eu nisi","aute nisi"}', DEFAULT, DEFAULT), ('7d042aff-1b5b-531f-917f-48f2d58d33c7', '5cdb9712-16b6-532e-9cc7-8cf7dfbe9b6b', 176, 'private', 'Team Fight Execution Plan', '{"nostrud commodo fugiat consequat","voluptate mollit","dolor cillum sit"}', DEFAULT, DEFAULT), ('30e1e77d-2bcf-5591-97ec-d99bd552d8f0', '2067e70c-565d-520b-b56b-19189e5b77f5', 172, 'public', 'Vision Denial Blueprint', '{"minim esse occaecat labore","sit sunt excepteur ea ex","nulla ut sit quis","est fugiat","amet anim","velit mollit anim"}', DEFAULT, DEFAULT), ('d53a4a7c-125e-52cd-8ba3-aa3916f71140', '70b4d1da-5ee3-5bd6-aecb-9af8ab670b84', 172, 'unlisted', 'Vision Control Blueprint', '{"ex aute magna","fugiat consectetur","eiusmod consectetur","ex reprehenderit nulla elit"}', DEFAULT, DEFAULT), ('47f797b2-50c1-56af-abe6-0081dabe5efd', '88133dcb-8b00-5c2c-aee5-9f0743f5239d', 177, 'private', 'Counter Pick Blueprint', '{"ea do do"}', DEFAULT, DEFAULT), ('3ebbec39-d360-5461-b442-70abf723c8b8', 'eecf8a7e-af2f-524d-a645-c5fba3ebda06', 174, 'private', 'Aggressive Rush Strategy', '{"consectetur amet occaecat velit ","excepteur irure do excepteur sit"}', DEFAULT, DEFAULT), ('3821efb6-356e-53bd-8a0b-239426475be5', '2386fe50-4da3-5ca3-b993-046dc48afb23', 173, 'public', 'Siege Tactics Handbook', '{"dolore adipisicing ipsum","sit amet magna excepteur aute"}', DEFAULT, DEFAULT), ('f62571e6-585e-5709-b04e-861b7f3db2d2', 'e4c44768-00c8-52e6-80f9-625972d5d9b9', 172, 'public', 'Roaming Support Plan', '{"ea minim velit Lorem","consectetur esse reprehenderit","id","eiusmod magna id nisi","occaecat dolore excepteur","aliqua incididunt laborum ut","irure","eiusmod cupidatat tempor","id duis est elit aliqua","ullamco officia dolor proident v"}', DEFAULT, DEFAULT), ('f706ef0d-b4c8-54ee-ba4a-8f6af14717f8', '2dbccffd-e7a5-5653-9dc6-18e988716abe', 172, 'unlisted', 'Counter Pick Blueprint', '{"deserunt velit aute amet","dolor in velit","voluptate consectetur elit","officia ex commodo nostrud","ea irure","duis","mollit elit laboris tempor","adipisicing id","ut aliquip pariatur sint"}', DEFAULT, DEFAULT), ('da6a602b-9dc0-5e13-87e9-323f368838a2', '95c65795-b9a1-572f-87ae-6fa70b020fbb', 180, 'unlisted', 'Gank Heavy Approach', '{"occaecat in aliquip","officia pariatur id"}', DEFAULT, DEFAULT), ('ae022a2e-97fe-53d7-ace2-f700a65995e2', '290e51c6-7ff6-5db4-8f40-69dda051b66c', 179, 'unlisted', 'Jungle Control Playbook', '{"consequat cupidatat","adipisicing pariatur","velit fugiat sit","eiusmod magna"}', DEFAULT, DEFAULT), ('7f27719e-c551-5cfa-ab24-3e6a917bc77f', '79efb743-bb54-546e-8bdf-089509399715', 176, 'public', 'Vision Control Blueprint', '{"in ad sit elit consequat","culpa dolor","eu","eiusmod cupidatat ex sint","eiusmod et fugiat dolore","minim aliqua magna elit ex"}', DEFAULT, DEFAULT), ('a7afe8c7-8469-5a59-9246-cc18b3ce4b7b', '2589cf16-4103-5a4f-b544-b30078083eaa', 173, 'private', 'Baron Control Strategy', '{"sunt officia","amet fugiat laborum elit","ullamco","eu ut minim voluptate","velit aliquip proident"}', DEFAULT, DEFAULT), ('8111ec5f-e01a-5ad1-b89a-b7a64419e202', 'fc6d457c-9711-5cde-813c-d584f858faae', 179, 'public', 'Vision Denial Blueprint', '{"do deserunt est aliqua"}', DEFAULT, DEFAULT), ('af41c136-c26c-5e1c-81f1-2d9f923ca606', 'ca65e33b-de71-5d46-933a-849036127987', 176, 'public', 'Aggressive Rush Strategy', '{"elit ut cupidatat","nulla tempor aliqua cillum","dolor incididunt","est enim","sint magna","amet","ut excepteur","id adipisicing"}', DEFAULT, DEFAULT), ('7594efe5-aff1-5874-a5ed-4a9edc7b66bf', '8babc841-00b0-585f-9ca3-85ef68fec1f7', 177, 'unlisted', 'Defensive Turtle Tactics', '{"dolor","nulla proident","eu","cupidatat et","aliqua anim","aliquip ad irure nisi","pariatur aute id laboris","quis Lorem officia ea","cupidatat dolore consequat quis","ea id pariatur occaecat"}', DEFAULT, DEFAULT), ('ee2f9514-a689-5e06-84f0-7f27b56a3774', 'ae956930-bebe-5aad-83f8-b8d0cae36371', 180, 'private', 'Aggressive Rush Strategy', '{"ad incididunt","et elit culpa","ex","irure minim id","velit","ex incididunt anim do","sit tempor anim"}', DEFAULT, DEFAULT), ('59ac239c-144e-5ca7-b3e8-b97418726740', 'cfbfd1d4-e77f-57e5-94da-e9ff2cc7a996', 173, 'unlisted', 'Early Game Dominance Guide', '{"ut","magna anim ad duis","ea in nulla ut","aliqua aute","in","sunt laboris","sint ad mollit"}', DEFAULT, DEFAULT), ('7992b22f-6c16-50ae-ae54-fd84bedb78e7', '8b7e423b-b9b9-5b3c-bf3d-1aa45d16235c', 174, 'public', 'Jungle Control Playbook', '{"est pariatur esse"}', DEFAULT, DEFAULT), ('eeb6a56c-bf20-5164-a9c4-2438947a1635', '452112d1-c377-57c1-bac3-4121d3e3bdcc', 171, 'public', 'Split Push Blueprint', '{"id aliquip","ullamco sit sunt tempor do"}', DEFAULT, DEFAULT), ('ba263b84-62af-5be6-a1da-34f8a9b1c708', '7f78fee3-dd27-5696-858f-318bd4cbf2a8', 178, 'public', 'Team Fight Execution Plan', '{"ipsum nostrud ad","fugiat deserunt pariatur esse ci","exercitation ullamco culpa molli","sit reprehenderit id","aliqua cillum est ut"}', DEFAULT, DEFAULT), ('0eda511d-00fb-5edd-a94c-61620ced28e5', '853509f0-6836-5fa7-87f2-fb0a9a8766d2', 173, 'private', 'Defensive Turtle Tactics', '{"adipisicing officia","eiusmod","adipisicing cupidatat Lorem volu","esse laboris sit"}', DEFAULT, DEFAULT), ('4a82ca5f-1296-51b0-9319-05459a439c92', 'a88bc9b9-135e-55c7-8c4c-5a072a3c8573', 179, 'unlisted', 'Team Fight Execution Plan', '{"dolore","aute exercitation laborum eiusmo","deserunt","in elit fugiat","duis adipisicing non"}', DEFAULT, DEFAULT), ('230e6990-91f4-5dc7-b6bc-229a44985e25', 'ca65e33b-de71-5d46-933a-849036127987', 172, 'private', 'Gank Heavy Approach', '{"minim ad eu amet eu","anim","eu cillum in aliqua","et aliquip occaecat","id","in consequat","ea aliqua","do fugiat"}', DEFAULT, DEFAULT), ('01a97da4-f21e-511b-9160-a834d5d7f82e', '59558fa1-9cc0-5e85-a331-879d76e07f05', 173, 'unlisted', 'Split Push Blueprint', '{"pariatur ipsum","eiusmod ad et ullamco","ex duis excepteur mollit est","id adipisicing adipisicing culpa","proident incididunt duis","do","et cillum est commodo amet","amet reprehenderit consequat"}', DEFAULT, DEFAULT), ('1c5613fb-a627-5391-a9ff-0cc49d9b395b', 'fe24988b-bca5-5bf5-be0f-c92da7b2cbe1', 176, 'unlisted', 'Early Game Dominance Guide', '{}', DEFAULT, DEFAULT), ('69b55afa-a769-5eae-849b-0607118f6f38', '7f78fee3-dd27-5696-858f-318bd4cbf2a8', 177, 'public', 'Aggressive Rush Strategy', '{"laboris excepteur","cupidatat do anim","nisi commodo consectetur enim","est","deserunt sunt aliqua Lorem","velit amet Lorem consectetur","adipisicing do","nulla adipisicing id enim"}', DEFAULT, DEFAULT), ('5653d3f7-e466-5b59-9cc7-02634d975655', '71edf17f-e471-58c3-bbf8-8111bd6c7c8e', 180, 'unlisted', 'Wave Management Plan', '{"cillum do","excepteur incididunt anim eiusmo","excepteur enim nulla","tempor ad veniam","qui tempor occaecat in enim","laboris in ea proident","commodo exercitation","culpa sint ut sit nisi"}', DEFAULT, DEFAULT), ('11917a47-b89e-5663-8d37-049fe2bf5b34', '94170f3d-888c-58bc-bc18-13592bfb52c5', 172, 'unlisted', 'Late Game Scaling Strategy', '{"nisi irure","nisi eu","Lorem labore","irure in"}', DEFAULT, DEFAULT), ('c68ff46b-b1a9-581e-aa43-737e3b976580', 'e334db45-3389-5a47-b7c9-4ff8121637b5', 173, 'unlisted', 'Objective Focused Strategy', '{"adipisicing aliqua elit","ea eu culpa ipsum reprehenderit","nulla dolor quis","reprehenderit sint elit officia","fugiat","commodo nostrud aute nisi","non","dolore","officia duis adipisicing proiden"}', DEFAULT, DEFAULT), ('e8d13e33-32bc-5c1a-9371-8f828965d869', 'fc6d457c-9711-5cde-813c-d584f858faae', 176, 'public', 'Early Game Dominance Guide', '{"aliquip elit consectetur incidid"}', DEFAULT, DEFAULT), ('79cca71d-1dd7-5b78-9e31-229bb9872504', '28a1ca86-fc34-5d5b-bda6-792b581f58de', 174, 'public', 'Wave Management Plan', '{"ut est laborum","cupidatat reprehenderit","aute","cillum proident ea","consequat pariatur minim","cillum elit velit ex aliquip","enim","mollit cillum dolor culpa velit"}', DEFAULT, DEFAULT), ('cdf1b1e3-61cd-52e6-b86e-eec98ea71e23', '2da4149c-bf3e-5f98-b904-591c69530871', 178, 'private', 'Siege Tactics Handbook', '{"dolore eu commodo"}', DEFAULT, DEFAULT), ('98ea8abd-4f3f-5750-b436-afb8aa79fb82', '70e095a9-713d-5fe2-a06a-8145febdb917', 177, 'private', 'Wave Management Plan', '{"eiusmod nisi","sint do officia ut","veniam velit ipsum","mollit Lorem ipsum fugiat","sit fugiat velit esse","nisi nostrud","sint et laborum","ad","cupidatat mollit sit"}', DEFAULT, DEFAULT), ('bc227bd7-3214-5075-bca0-3f60046ac216', '5783cab4-e010-523b-b893-81b388f43d06', 174, 'unlisted', 'Map Control Blueprint', '{"ut sunt aute","esse sit exercitation culpa","aliqua","ullamco laboris est","adipisicing eiusmod quis","incididunt Lorem ipsum cillum an"}', DEFAULT, DEFAULT), ('8fd84214-96a6-5d6c-8437-0646145f15a1', '26f7bb6a-3c9c-5b30-b11b-be5ebfb91948', 174, 'unlisted', 'Split Push Blueprint', '{"voluptate ad in ullamco","consequat ullamco deserunt ipsum","qui irure ullamco labore","est sint ullamco id","velit enim enim minim minim","commodo","id"}', DEFAULT, DEFAULT), ('7b269807-4fdc-5847-8a5c-807ffa02f953', '1e0af0c0-30ba-5a06-9647-a83cef3d815d', 180, 'public', 'Aggressive Rush Strategy', '{"culpa voluptate eu occaecat","consequat in amet Lorem","qui aute cupidatat","esse cillum veniam occaecat","quis est fugiat"}', DEFAULT, DEFAULT), ('cf8258c4-f278-5c75-a944-c2bcba526ad4', '76980724-1543-5820-bc77-ff5f445e7244', 179, 'private', 'Objective Focused Strategy', '{"amet amet ut pariatur","proident duis amet est","est","commodo exercitation pariatur si","sit ullamco et culpa","ea mollit mollit amet","laborum laboris consectetur duis","cupidatat exercitation ipsum exe","esse voluptate","labore aliquip"}', DEFAULT, DEFAULT), ('2e51b4b0-68ac-5e21-94a2-b7afb1b16016', '26f7bb6a-3c9c-5b30-b11b-be5ebfb91948', 173, 'unlisted', 'Objective Focused Strategy', '{"proident elit","minim aute","aliqua","incididunt dolore ut"}', DEFAULT, DEFAULT), ('6e9d8d45-1d4b-5cdd-92c5-76194015ba99', 'cda3814f-c14d-5dcf-a835-797df84f6d99', 180, 'unlisted', 'Team Fight Execution Plan', '{"et nulla laborum","magna ad esse","reprehenderit consectetur","ad incididunt sint consequat"}', DEFAULT, DEFAULT), ('fac7e894-3f38-5663-bc98-486c88732ea4', 'a69d43fa-2222-5203-b590-140e62599451', 179, 'public', 'Objective Focused Strategy', '{"eu proident voluptate","mollit dolore do velit","ea elit deserunt"}', DEFAULT, DEFAULT), ('7d360079-2c18-5c6d-a1b8-85eb411ace3d', 'e7f24225-5e7d-55c3-8091-6f5a69baba70', 178, 'unlisted', 'Aggressive Rush Strategy', '{"Lorem aute","culpa elit","sint non deserunt ipsum est","aliqua ullamco esse sunt aute","excepteur laboris cillum"}', DEFAULT, DEFAULT), ('be194c18-6eee-5ff6-a117-608bade8a86e', '2c5573d9-9522-50a1-b9d9-3ef48e8629b4', 177, 'private', 'Vision Control Blueprint', '{"consectetur nulla labore quis","veniam pariatur aliqua laborum","culpa dolor officia sunt cillum","eu","qui mollit ipsum commodo","aute aliqua consequat cupidatat","mollit qui laboris nulla"}', DEFAULT, DEFAULT), ('74297878-a21d-59b7-aced-265d4a9f30fa', '2dbccffd-e7a5-5653-9dc6-18e988716abe', 180, 'public', 'Gank Heavy Approach', '{"velit ipsum tempor exercitation","ex aute pariatur fugiat qui","nisi qui occaecat","irure minim","ullamco cillum eiusmod veniam","adipisicing","aliqua anim aliqua veniam","consectetur eu","incididunt voluptate"}', DEFAULT, DEFAULT), ('a0c5fdb3-1581-541b-b560-7473e0935643', 'a4b32498-f3a6-5110-a5b6-de20f0314c35', 172, 'unlisted', 'Jungle Control Playbook', '{"labore dolore","mollit excepteur"}', DEFAULT, DEFAULT), ('5bf01130-69dd-5547-acc0-717bf1395fda', '32158532-4de0-5542-b98a-514b5a0069d5', 180, 'unlisted', 'Vision Control Blueprint', '{}', DEFAULT, DEFAULT), ('1e052062-4999-589c-af48-bc4a3df69d05', 'b4725825-2a5a-5e18-a190-e59f4cb9f1b5', 178, 'private', 'Secure Objective Playbook', '{}', DEFAULT, DEFAULT), ('38b49ca8-b50c-5e98-af9e-9c3898d28f8f', 'd1dc8a74-c651-5dbd-b484-1cd2c51db9b9', 179, 'private', 'Aggressive Rush Strategy', '{"veniam voluptate et","exercitation labore","incididunt","culpa et commodo veniam excepteu"}', DEFAULT, DEFAULT), ('9b261f2f-f0b0-57c3-9c3a-156a89bfc9aa', 'fa904169-96b2-5473-b48d-c7f225d6dfb3', 177, 'unlisted', 'Secure Objective Playbook', '{"tempor minim est ut duis","nostrud dolor nostrud consectetu","exercitation excepteur magna cul","sunt sit id occaecat","in non ea exercitation","veniam veniam in cillum","ullamco fugiat excepteur"}', DEFAULT, DEFAULT), ('2d9d0644-e0d8-5f5d-84c2-071cd2c099ce', '17ec9179-4e96-5f11-9df0-6e4c2363b3ee', 171, 'public', 'Defensive Turtle Tactics', '{"do reprehenderit ullamco","nostrud ipsum laborum ex","esse elit"}', DEFAULT, DEFAULT), ('b8c7a039-d039-57f7-bd1e-253b05ef8c03', '95c65795-b9a1-572f-87ae-6fa70b020fbb', 172, 'private', 'Vision Denial Blueprint', '{"eiusmod exercitation culpa nostr","in nostrud","incididunt laboris velit"}', DEFAULT, DEFAULT), ('110d19c8-9e0d-5f75-a721-b94eb9080526', '17ec9179-4e96-5f11-9df0-6e4c2363b3ee', 172, 'private', 'Objective Focused Strategy', '{"qui non","commodo","quis laboris exercitation ut con"}', DEFAULT, DEFAULT), ('09923517-e55a-5deb-98cb-d64b27c0ab72', '646b32cc-2525-5418-a0f1-5c9ced471b05', 179, 'unlisted', 'Baron Control Strategy', '{"dolore voluptate","id","amet et cupidatat","magna aliquip nisi"}', DEFAULT, DEFAULT), ('e5bd85d5-1f62-5598-9176-4bfd393badbe', 'e4de1a09-bd9a-5e42-b92c-2cb1af28bec6', 174, 'public', 'Vision Denial Blueprint', '{"elit in dolor proident","consectetur cupidatat velit aliq","exercitation anim mollit ex","velit sint","adipisicing laborum aliqua","enim enim proident"}', DEFAULT, DEFAULT), ('e8eb7547-d359-5d88-afb0-cca98349d023', '70e095a9-713d-5fe2-a06a-8145febdb917', 178, 'public', 'Counter Pick Blueprint', '{"est anim sunt veniam Lorem","aliqua aliquip dolore","tempor ullamco laboris","excepteur ullamco"}', DEFAULT, DEFAULT), ('0e4135c9-4c74-5717-9ee1-cbbb37873838', 'f6a7cc82-a609-50ee-a839-9fa8b1a9631d', 180, 'public', 'Team Fight Execution Plan', '{"nisi occaecat esse","incididunt adipisicing consequat","nulla sit qui"}', DEFAULT, DEFAULT), ('eb9d24ec-f15e-5e4f-870e-dd537efcd168', 'd073b0b8-955f-5aab-9c76-3aebe9fa08b6', 171, 'private', 'Counter Pick Blueprint', '{}', DEFAULT, DEFAULT), ('688a2e3c-848e-5787-bd83-705a15229924', 'f3376d8d-17f3-5259-a5b0-af6d5e21e7e2', 173, 'unlisted', 'Counter Pick Blueprint', '{"nisi anim laborum ut magna","laboris proident reprehenderit","ea laborum non sunt","laborum consequat non ipsum eu","velit sit Lorem","ea ullamco do consectetur elit","quis aliquip non","duis culpa labore"}', DEFAULT, DEFAULT), ('a042a037-2e40-50ce-ae48-3f063c3067bb', '262a78c7-eb9d-5e1a-8e58-41ecb0c31fbd', 178, 'unlisted', 'Roaming Support Plan', '{}', DEFAULT, DEFAULT), ('cb4eaa5a-1f18-571e-9566-4c1753ad9134', 'eff6dde6-e4aa-5c61-9818-5d7ae0bf58b7', 174, 'private', 'Vision Control Blueprint', '{"commodo in proident quis"}', DEFAULT, DEFAULT), ('2076216c-1b19-5f7f-b10d-db3cae2b4567', '5c25ba01-ab4d-5527-9a41-d79d770f3d79', 174, 'private', 'Defensive Turtle Tactics', '{"quis aute consectetur Lorem","sit ad ipsum ad","culpa incididunt reprehenderit i","et elit sit","magna consequat dolore nisi"}', DEFAULT, DEFAULT), ('a0bd7980-cac4-5ded-adc5-004548282723', 'abf8504a-2cfc-5a9d-a5d2-31dccd8bf00f', 172, 'unlisted', 'Vision Control Blueprint', '{"esse adipisicing consequat","id cillum in","nisi labore ut","culpa cupidatat in cupidatat","minim ullamco ex cupidatat","et deserunt","eu","laboris exercitation aliquip in","amet consequat","adipisicing pariatur ullamco lab"}', DEFAULT, DEFAULT), ('e94657cc-5d4a-53ce-8902-19b99712c3c6', 'f4b2b7de-c610-53b0-8a5d-ce93af909458', 172, 'unlisted', 'Vision Control Blueprint', '{"et exercitation exercitation Lor","nostrud non exercitation","velit excepteur occaecat nisi eu","et occaecat minim in sit","qui nisi aliqua tempor"}', DEFAULT, DEFAULT), ('cdee6d23-791e-5a74-aba4-6e6c1b3863e7', '97c3fd61-b55d-5134-8f04-cf53a8a45634', 174, 'unlisted', 'Baron Control Strategy', '{"quis reprehenderit Lorem","magna enim id officia"}', DEFAULT, DEFAULT), ('d5a4641d-8cbb-5fd0-89e3-ac12979b690c', '750322e1-101b-5f9e-b670-d325392f4504', 174, 'unlisted', 'Secure Objective Playbook', '{"aliqua amet","aliqua aliquip eiusmod veniam","pariatur non eiusmod velit dolor"}', DEFAULT, DEFAULT), ('ab58f5b2-4308-5685-a477-a4b54637b2a0', 'df90352f-468b-5345-9b3e-522b747ccf55', 171, 'unlisted', 'Roaming Support Plan', '{"aute ipsum nisi","eiusmod","Lorem","qui culpa officia","est nostrud aliquip","labore adipisicing","proident id est mollit veniam","veniam laborum aute","adipisicing elit"}', DEFAULT, DEFAULT), ('025da8e7-6d47-53be-9689-b0604284733b', 'eea550bd-8120-5fb2-9339-ad3a549506d4', 178, 'unlisted', 'Gank Heavy Approach', '{"officia","ad aliqua","proident"}', DEFAULT, DEFAULT), ('cfc01e92-0e9c-5f58-b116-ac73af2ff344', 'fd2a8113-662a-5782-9e12-f7b49eee56e0', 179, 'private', 'Baron Control Strategy', '{"et","in exercitation sit pariatur ali","anim incididunt","sunt cupidatat irure ullamco","voluptate consequat do qui","qui ea","culpa","tempor ex"}', DEFAULT, DEFAULT), ('6c7a0737-5d09-56f1-9a60-9ca811b68d40', 'ae956930-bebe-5aad-83f8-b8d0cae36371', 176, 'public', 'Late Game Scaling Strategy', '{"officia non qui veniam adipisici","irure cupidatat excepteur","cupidatat laboris magna"}', DEFAULT, DEFAULT), ('b74b781d-f3ca-5ce2-a262-c20f23455d05', '5f651c76-ceba-56db-bd60-512d4079ec53', 171, 'private', 'Team Fight Execution Plan', '{"consequat officia","non","enim nisi ipsum non","Lorem anim quis aliquip","excepteur laboris sint nostrud","non","officia culpa reprehenderit","voluptate excepteur voluptate ad","magna minim"}', DEFAULT, DEFAULT), ('ae76c1cf-66c9-5bf7-8fc8-d1e1260ab8bd', '110efd29-2979-5c30-b41f-b3bf832f48cd', 174, 'public', 'Jungle Control Playbook', '{"et fugiat","veniam Lorem qui laborum","nisi ea","laboris occaecat","excepteur Lorem velit","nostrud eiusmod"}', DEFAULT, DEFAULT), ('3267d96d-4a33-5c13-9ef8-eb9652f76262', '3adfc207-aaeb-5fa1-b329-eb7ef2061320', 175, 'public', 'Late Game Scaling Strategy', '{"aute","voluptate in qui","sunt irure ullamco","occaecat dolor cupidatat adipisi"}', DEFAULT, DEFAULT), ('272ce823-3f81-5671-93a8-93655178aa67', '9f273059-bf49-55a4-bf95-e6bedcccffe3', 179, 'unlisted', 'Counter Pick Blueprint', '{}', DEFAULT, DEFAULT), ('0cd365ac-6479-5889-b532-b02ce5d93b9f', '096adf71-c74e-5b77-822b-46a8768797c5', 171, 'unlisted', 'Wave Management Plan', '{"aliqua esse consectetur ut"}', DEFAULT, DEFAULT), ('d1c31a1f-140d-5b01-95f7-3fc15003186c', 'af85f96c-efbd-584c-bdd4-26c4e2f3e556', 172, 'public', 'Baron Control Strategy', '{}', DEFAULT, DEFAULT), ('139e14ed-bbf1-5d48-a6cc-84c72c891164', '5b303ef1-7516-512a-ba01-9f0dc05d7d2a', 174, 'unlisted', 'Jungle Control Playbook', '{"occaecat","velit dolor cillum dolore nulla"}', DEFAULT, DEFAULT), ('586f1ac8-f524-5f8c-88e2-184c02d5ef6d', 'de459427-bb2c-5381-bdbf-7126efbb65c9', 180, 'private', 'Aggressive Rush Strategy', '{"enim","cillum deserunt veniam","tempor do tempor irure","cillum elit aute eu","incididunt sunt laboris ullamco","reprehenderit labore nisi"}', DEFAULT, DEFAULT), ('62075432-2441-5ae8-a3d3-0c53f1490707', '8babc841-00b0-585f-9ca3-85ef68fec1f7', 176, 'public', 'Vision Denial Blueprint', '{"dolore ad mollit dolor","ex","nisi non","duis dolor nisi reprehenderit re","pariatur dolor Lorem","dolor dolore culpa qui labore","enim esse nostrud","nulla voluptate duis ea cillum"}', DEFAULT, DEFAULT), ('7e2a3012-f429-5959-8e79-e27f888f9ce7', '63e38d08-3dd9-5569-ab28-f70e94b3cdb7', 173, 'public', 'Baron Control Strategy', '{"ex qui irure"}', DEFAULT, DEFAULT), ('b8821e56-73f0-54d5-b485-728d64492250', 'cd1520c4-af17-5e1e-b5b0-a9e95f36a7c4', 173, 'private', 'Gank Heavy Approach', '{"ad dolor eiusmod minim","labore laborum exercitation ipsu","aute id cupidatat deserunt duis"}', DEFAULT, DEFAULT), ('41c6ea7f-18a9-55e6-b2ba-f0f4f40a17bf', '8b7e423b-b9b9-5b3c-bf3d-1aa45d16235c', 173, 'unlisted', 'Siege Tactics Handbook', '{"aliquip sunt qui reprehenderit f","et proident Lorem","aliqua dolor cupidatat sunt","consequat amet laboris nostrud","tempor commodo duis ea elit","consequat id id ea","laborum sint occaecat nostrud","aliqua minim do amet"}', DEFAULT, DEFAULT), ('6071eb55-6bca-516b-b2e7-cdcdc70b2f27', 'b5605791-3389-56c2-9ec6-17d538b9bb85', 174, 'private', 'Rotation Strategy Document', '{"labore enim minim","adipisicing","id","aliqua","reprehenderit cillum","cupidatat","nisi incididunt"}', DEFAULT, DEFAULT), ('d7cdb9d2-07a6-5208-bc43-84429587c78d', 'f561c33d-0589-5163-a677-f2a1eb6b3322', 174, 'private', 'Gank Heavy Approach', '{"laboris minim","esse amet occaecat","tempor reprehenderit","labore magna dolor ea et","non deserunt nulla","id dolor laborum","eu nisi sint incididunt","nulla sunt eiusmod voluptate","sit ipsum"}', DEFAULT, DEFAULT), ('edba76b8-16c2-5d65-8407-7c8846b18c8d', '750322e1-101b-5f9e-b670-d325392f4504', 179, 'private', 'Defensive Turtle Tactics', '{"est commodo occaecat veniam","pariatur sunt","ad pariatur","occaecat fugiat","dolor labore et","in quis","nostrud incididunt ullamco ut","ea id","et ad","irure veniam aute"}', DEFAULT, DEFAULT), ('4961b154-685f-5c2d-b1f1-598100239ea4', '7a86b477-8922-5c78-85b7-47a44d6877c0', 172, 'public', 'Early Game Dominance Guide', '{"ea","anim ullamco laboris laboris","tempor incididunt ipsum in","voluptate commodo aliquip","nisi aliqua magna aute Lorem","fugiat tempor","cillum"}', DEFAULT, DEFAULT), ('81b648c1-576c-5086-ba4f-2125060d9cf0', 'b134c4e5-3e41-53b3-bf3f-7f4cf023e9d7', 176, 'unlisted', 'Siege Tactics Handbook', '{"eu","fugiat commodo nulla labore"}', DEFAULT, DEFAULT), ('edcc20e9-95a3-50eb-b84c-a2ac5801dd1f', 'e7ba2b18-a57c-5b02-9714-d376d9ea922f', 177, 'private', 'Objective Focused Strategy', '{"sit sit non","voluptate magna","cillum quis nulla ipsum","excepteur velit enim labore labo","qui","dolor ad","velit elit","in","sunt eu incididunt"}', DEFAULT, DEFAULT), ('0f7963e1-2931-5603-b1f8-5f29e095a36f', '02489279-3f4c-5f0f-845f-6f8bb51bae87', 178, 'private', 'Aggressive Rush Strategy', '{"nisi eu","excepteur sit incididunt","est labore"}', DEFAULT, DEFAULT), ('d90cf80e-490d-5c8c-85cc-9c761060fca5', 'af5fa9a8-f7df-5a87-830c-3e8d39f06eae', 179, 'public', 'Defensive Turtle Tactics', '{}', DEFAULT, DEFAULT), ('84a00f8f-8f65-512e-a89a-396ebb944774', 'b134c4e5-3e41-53b3-bf3f-7f4cf023e9d7', 180, 'unlisted', 'Counter Pick Blueprint', '{"labore reprehenderit deserunt","incididunt amet veniam voluptate","officia cillum","reprehenderit sint velit dolore"}', DEFAULT, DEFAULT), ('24530daa-18f4-5736-824e-740b98d86f84', 'cd42da7d-ec75-53b3-9aad-015766f58921', 178, 'public', 'Objective Focused Strategy', '{"dolor cupidatat","voluptate eu Lorem do","sint commodo aliquip do","eu minim","aute sit esse","esse culpa","consectetur proident nulla","enim nulla minim et"}', DEFAULT, DEFAULT), ('cef44dbb-01f1-53f9-a51f-bce20b8c9729', '5cdb9712-16b6-532e-9cc7-8cf7dfbe9b6b', 175, 'private', 'Gank Heavy Approach', '{"incididunt reprehenderit excepte","proident nisi consequat fugiat","adipisicing enim voluptate","anim dolore ex magna ex","dolor occaecat sunt","mollit est est sunt veniam","ad","in minim","dolor aute ullamco proident"}', DEFAULT, DEFAULT), ('2f432e43-c578-5d3f-a9f6-658650551fe1', '6a248992-e0a8-5c27-8d71-fd2cfd3a1fd6', 177, 'public', 'Vision Denial Blueprint', '{}', DEFAULT, DEFAULT), ('9e0ad23d-bafe-536b-a992-47ea353cf3b5', '34a6eefa-de0a-5b54-8950-76863d1d5290', 179, 'unlisted', 'Gank Heavy Approach', '{"eiusmod culpa mollit deserunt"}', DEFAULT, DEFAULT), ('ba4f3542-9d48-574a-8df6-823d78106037', '290e51c6-7ff6-5db4-8f40-69dda051b66c', 175, 'public', 'Defensive Turtle Tactics', '{"sint amet cillum"}', DEFAULT, DEFAULT), ('d5920fa6-848e-5195-b671-9577ccf74a26', '734282bd-df4e-5f8d-afc5-83f4c9131800', 177, 'public', 'Roaming Support Plan', '{}', DEFAULT, DEFAULT), ('60e1ec45-4b3f-5cd2-b9e9-a6fd50c32391', 'd2268e40-fa6d-5300-9f01-b7cc8f9018e3', 180, 'public', 'Vision Denial Blueprint', '{"irure minim velit in","est ad","in magna dolore cupidatat","commodo fugiat culpa"}', DEFAULT, DEFAULT), ('4152396c-eaf9-5aeb-9b7d-6c26ad4d722c', '6fc34c52-742f-56c2-b6c3-89dee63a8839', 178, 'unlisted', 'Defensive Turtle Tactics', '{"aliquip fugiat fugiat proident","nostrud","sit enim aute ut consectetur"}', DEFAULT, DEFAULT), ('82c66b9e-374b-5deb-960b-0b761f066806', '7c0f6282-7933-5431-8e88-9d2b9f09f272', 176, 'public', 'Late Game Scaling Strategy', '{"nulla nisi non est","sunt","eu ullamco adipisicing","tempor tempor","eu cillum dolore culpa","nulla adipisicing anim","ad consectetur in","tempor","excepteur tempor"}', DEFAULT, DEFAULT), ('cb1a8444-be9e-581c-8a1e-9f0d5870d484', '45173bfe-a11f-574a-ac25-21cda1308ec9', 171, 'public', 'Wave Management Plan', '{"amet","cillum officia exercitation aliq","anim magna proident","ad fugiat ex cillum aliqua","minim Lorem"}', DEFAULT, DEFAULT), ('b4086fbf-8b55-5b20-af96-270e53efd260', '096adf71-c74e-5b77-822b-46a8768797c5', 177, 'unlisted', 'Siege Tactics Handbook', '{"elit","amet nulla laboris nisi"}', DEFAULT, DEFAULT), ('7dc2a385-02fd-5e9e-8ca3-480d310ce988', 'f8c28949-a64a-5955-ab9b-9c82a976b917', 172, 'unlisted', 'Late Game Scaling Strategy', '{"nulla tempor","exercitation","magna aute","proident deserunt est","culpa veniam"}', DEFAULT, DEFAULT), ('bd010a0a-cb39-59ee-8218-e7f775ac9a01', 'fbbb9719-f3d1-5ce2-b584-4b70bf5bb135', 178, 'private', 'Counter Pick Blueprint', '{"Lorem voluptate non velit dolor","sit amet","exercitation consequat ex commod"}', DEFAULT, DEFAULT), ('eb100a5e-fbbc-5189-b323-e08ca1ddf4b2', '98bf31df-37fd-5af6-86dd-8686cdc35eeb', 177, 'public', 'Map Control Blueprint', '{"dolor nisi"}', DEFAULT, DEFAULT), ('e43c6b3b-10fe-54f2-a09c-2f23976dbe42', '9c793877-9a29-5409-acf9-8981bd39bd4d', 173, 'public', 'Counter Pick Blueprint', '{"ullamco quis commodo incididunt","ullamco et ex","ullamco aliquip"}', DEFAULT, DEFAULT), ('145f2d17-d2b0-59ee-98c0-d8b6d6c741cd', 'cf1d2e5e-3a18-5518-8e4c-387978992b8a', 175, 'unlisted', 'Wave Management Plan', '{"aliquip pariatur duis amet","amet commodo eiusmod qui cupidat","occaecat ex","cupidatat non","reprehenderit dolore aliquip nis"}', DEFAULT, DEFAULT), ('27b7fc92-c399-5aec-bc43-ea4a7d41c984', '31bb49e9-e86d-546a-9e01-6986e5eacf06', 177, 'unlisted', 'Gank Heavy Approach', '{"est dolore laboris veniam","sint exercitation irure elit ali","proident qui adipisicing","eiusmod dolore commodo ad","pariatur minim","cillum anim Lorem minim","dolor","magna","occaecat amet","incididunt cupidatat veniam"}', DEFAULT, DEFAULT), ('16e13bc2-bae9-5a1b-a23b-7f2503b73a03', '887dee3f-7921-537c-91f1-8b0d43117b12', 175, 'private', 'Baron Control Strategy', '{"proident magna minim nisi","voluptate","minim","labore dolor nisi","proident consequat exercitation ","commodo sint reprehenderit"}', DEFAULT, DEFAULT), ('fb9a721d-7da1-577d-a721-ae00139d250b', 'a88bc9b9-135e-55c7-8c4c-5a072a3c8573', 179, 'unlisted', 'Aggressive Rush Strategy', '{"voluptate sint deserunt voluptat","laboris dolore","aute ullamco dolor est culpa","aliquip ad enim","aute nisi","adipisicing adipisicing cillum","incididunt ad anim commodo","in ipsum","exercitation tempor excepteur","minim"}', DEFAULT, DEFAULT), ('8514b549-2321-5223-bcae-362fbfc61c61', '808bd15b-fc3e-5378-a895-35c8b3e388f6', 171, 'private', 'Split Push Blueprint', '{"nostrud ad","magna cillum esse proident eu","deserunt enim voluptate ea","est quis ut ipsum laboris","aute ipsum","anim"}', DEFAULT, DEFAULT), ('8d222d98-29f0-5123-b99d-cc9f19493b20', '7b09592d-b146-5ee2-9db5-3683955196d6', 178, 'public', 'Aggressive Rush Strategy', '{"duis voluptate enim","sit ex proident","pariatur ad mollit","ea ut commodo consectetur","minim adipisicing velit","ad non fugiat mollit magna"}', DEFAULT, DEFAULT), ('5ba895cd-4107-5c9d-a9cb-bd2d24899776', '9bcb6997-9423-57c0-978a-09ad67de00e3', 177, 'private', 'Vision Denial Blueprint', '{"reprehenderit ipsum","ut ex nostrud","cillum id","tempor qui incididunt deserunt","culpa ex aute","officia culpa minim"}', DEFAULT, DEFAULT), ('73b23aba-b5e2-5b24-b442-00922b22f275', 'e9decb87-4a50-5c41-896c-16fe0d21ebca', 174, 'private', 'Jungle Control Playbook', '{"eiusmod velit labore dolor","anim veniam","veniam Lorem irure","labore in","mollit minim cupidatat incididun","quis aute excepteur","et","id id dolore"}', DEFAULT, DEFAULT), ('0e1a0168-a26a-5feb-9c91-7bd40d62afcc', '9f26eece-7e59-5b46-a98b-848dc55a0cda', 177, 'private', 'Map Control Blueprint', '{"minim veniam fugiat Lorem","et","nulla pariatur","tempor commodo aliqua sunt cillu","enim"}', DEFAULT, DEFAULT), ('9348bed0-a52a-59cd-98df-ed8ab48ba4f7', 'd1b8f3f8-af26-5088-8712-273c28ba98f7', 176, 'private', 'Defensive Turtle Tactics', '{"magna fugiat deserunt ea excepte","enim cupidatat adipisicing irure"}', DEFAULT, DEFAULT), ('1507f034-16ba-5219-b927-72f72394b9da', '7f78fee3-dd27-5696-858f-318bd4cbf2a8', 180, 'unlisted', 'Wave Management Plan', '{"aliquip adipisicing cillum repre","ea nulla","commodo dolore commodo","reprehenderit mollit commodo cil","aute aliqua tempor est","ut esse enim irure"}', DEFAULT, DEFAULT), ('3d6517ba-6968-54c9-9934-5dca00f20f48', 'cd1520c4-af17-5e1e-b5b0-a9e95f36a7c4', 178, 'private', 'Defensive Turtle Tactics', '{"consequat dolore adipisicing exe","cupidatat proident consectetur","deserunt amet exercitation nisi"}', DEFAULT, DEFAULT), ('253eb1a7-6466-5751-bb80-ba728a9d5688', 'c1b69361-a3c3-5c2a-8a7a-23aa07e97e87', 180, 'public', 'Split Push Blueprint', '{"officia ullamco est elit","ullamco","officia","elit proident sunt irure","sit aliqua irure esse"}', DEFAULT, DEFAULT), ('84afba7a-f643-5519-b420-54d83f591e9d', '31bb49e9-e86d-546a-9e01-6986e5eacf06', 175, 'unlisted', 'Roaming Support Plan', '{"veniam labore quis est","velit cillum cupidatat exercitat","excepteur ad eu culpa","sint amet esse","deserunt sint id","exercitation fugiat ullamco exer","consectetur occaecat proident ci"}', DEFAULT, DEFAULT), ('59b35be9-9d21-5b79-8875-4954a08d7239', '549980e7-3e77-5d76-b263-84664d04b209', 175, 'public', 'Late Game Scaling Strategy', '{"Lorem laboris reprehenderit","veniam consectetur","aliquip esse eiusmod quis","excepteur veniam excepteur Lorem","ullamco ut qui","non"}', DEFAULT, DEFAULT), ('b3ff9604-63d2-533f-8bbb-d5f0486381ad', '94170f3d-888c-58bc-bc18-13592bfb52c5', 175, 'unlisted', 'Rotation Strategy Document', '{}', DEFAULT, DEFAULT), ('bcc899da-7629-5e0e-b560-5f5f6e7060e1', '285896cd-c894-5631-a1f6-527c321079e6', 179, 'private', 'Counter Pick Blueprint', '{"labore","cillum eu","exercitation cillum cillum","officia sint culpa","sit excepteur dolor ipsum","ullamco in","qui velit incididunt"}', DEFAULT, DEFAULT), ('96dbca51-d731-5e2c-a3d4-62e8f0faa072', '8a0a556f-d942-55f0-8ba8-1ffbfaf3c6d9', 175, 'unlisted', 'Map Control Blueprint', '{"sit aliqua fugiat irure","in consectetur officia sit"}', DEFAULT, DEFAULT), ('fc633e1f-14b8-590b-a0ba-c22147aaeeb4', 'fc295a44-56fb-5a65-beee-66fd6554ae26', 176, 'private', 'Secure Objective Playbook', '{"fugiat consequat ad ipsum","labore","id","voluptate consectetur","amet","ullamco anim","cillum ex Lorem ea"}', DEFAULT, DEFAULT), ('49af1081-9f3e-5569-af2e-1029eb808baf', '472a7075-ea0f-5e44-b5c9-6ef12ccd3736', 174, 'public', 'Late Game Scaling Strategy', '{}', DEFAULT, DEFAULT), ('28c7fcd5-dc0b-528f-92f0-3e19e7b94b50', '262a78c7-eb9d-5e1a-8e58-41ecb0c31fbd', 179, 'public', 'Gank Heavy Approach', '{"sit pariatur","cupidatat esse velit velit","non voluptate Lorem","dolor fugiat","non ipsum","minim elit magna","est exercitation","sunt dolor nisi"}', DEFAULT, DEFAULT), ('38780d0a-620c-5420-b84b-aa917e5db8c1', 'eff6dde6-e4aa-5c61-9818-5d7ae0bf58b7', 171, 'unlisted', 'Aggressive Rush Strategy', '{"ut consequat veniam","sit minim amet","anim voluptate labore","fugiat commodo veniam","Lorem commodo laborum","elit nostrud voluptate nisi duis","proident do","excepteur sit id labore","occaecat anim"}', DEFAULT, DEFAULT), ('535c1e86-4fb0-59ea-8076-b54244994b61', '66e9a4f5-02a0-54af-823e-5e95c7ab9df1', 176, 'unlisted', 'Split Push Blueprint', '{"irure ullamco Lorem","consequat","voluptate eiusmod velit voluptat","aliquip irure duis sunt","cillum","cillum pariatur aliqua"}', DEFAULT, DEFAULT), ('5e181f1c-b93c-59a3-a161-c4d4e29f775e', '1e0af0c0-30ba-5a06-9647-a83cef3d815d', 174, 'unlisted', 'Secure Objective Playbook', '{}', DEFAULT, DEFAULT), ('0cd34502-daee-52d8-b8a4-7aa032065e8a', '763ebb5f-add9-59ff-9a26-6b4030dae259', 172, 'public', 'Objective Focused Strategy', '{"cillum qui et","id tempor tempor amet","culpa cupidatat"}', DEFAULT, DEFAULT), ('6c9b6808-e737-5f8f-b196-93c0598b34b9', 'fbbb9719-f3d1-5ce2-b584-4b70bf5bb135', 177, 'public', 'Roaming Support Plan', '{"esse tempor officia","labore","consectetur fugiat et","incididunt veniam dolor","Lorem","eiusmod eiusmod ad","duis in irure labore"}', DEFAULT, DEFAULT), ('f498173a-b4a1-5b37-ad0b-67596b4fe0ac', '9b1fc781-1e4e-56d2-bd68-0dc257a319c0', 178, 'unlisted', 'Siege Tactics Handbook', '{"occaecat velit culpa","ea non Lorem voluptate","labore","mollit","sit culpa","sit aute sit ad","commodo cillum pariatur","eu amet veniam","laboris duis","eu duis quis qui enim"}', DEFAULT, DEFAULT), ('b0d542cd-fe80-5cad-9bd6-a81d0ed1c2f4', '5783cab4-e010-523b-b893-81b388f43d06', 178, 'unlisted', 'Vision Control Blueprint', '{"dolore duis excepteur enim","magna reprehenderit ipsum","incididunt","et reprehenderit culpa duis","culpa ex mollit","velit amet","commodo eiusmod irure"}', DEFAULT, DEFAULT), ('cd506b7e-0f7c-526c-b650-bb799376c313', 'e4c44768-00c8-52e6-80f9-625972d5d9b9', 172, 'unlisted', 'Gank Heavy Approach', '{"labore irure","aliqua consequat incididunt labo"}', DEFAULT, DEFAULT), ('d625f518-4ec3-51e2-95c0-6cf965668d68', 'a88bc9b9-135e-55c7-8c4c-5a072a3c8573', 178, 'public', 'Wave Management Plan', '{"culpa velit incididunt","nisi sunt nulla culpa esse","aliquip non duis","ipsum ea nostrud labore","est proident","ad fugiat","ut","consectetur cupidatat","culpa aute consectetur","magna eiusmod"}', DEFAULT, DEFAULT), ('66b76653-1cc5-50ef-a109-c059c945f253', '39da01f0-2195-5fc3-a74a-d12c26c902a3', 179, 'private', 'Team Fight Execution Plan', '{"cupidatat est aute"}', DEFAULT, DEFAULT), ('a6dbcc80-e965-5682-9448-6a65a83787b3', 'fc14352d-4abe-5826-a292-f6661223ae86', 171, 'public', 'Roaming Support Plan', '{"commodo","cillum Lorem incididunt"}', DEFAULT, DEFAULT), ('c4d9fc37-aa2c-5cf4-8cef-779723958882', '6a3486ce-c3fa-519b-8ad1-f329a5c3ee43', 179, 'unlisted', 'Vision Control Blueprint', '{"anim sit dolor laboris"}', DEFAULT, DEFAULT), ('cbdcc83c-77a1-5d75-ace8-183321930672', 'dc58dd7b-bb54-5abe-8208-becc5e0561ad', 173, 'private', 'Map Control Blueprint', '{"reprehenderit fugiat","ex sit nisi"}', DEFAULT, DEFAULT), ('46b593cf-05b9-5316-ba74-ef4cf062dcc9', '17ec9179-4e96-5f11-9df0-6e4c2363b3ee', 175, 'unlisted', 'Vision Control Blueprint', '{"minim consectetur","duis","excepteur est nulla eu et","dolor officia","aute","nulla ad ipsum veniam","id nisi","in anim enim exercitation","Lorem dolore duis pariatur"}', DEFAULT, DEFAULT), ('1770dbe6-c529-520b-a36c-454b023ccb2c', 'b88b1af1-79fe-5af5-9c91-0c77ed20973b', 176, 'public', 'Roaming Support Plan', '{"amet","officia quis","eu nostrud reprehenderit","commodo sit qui","exercitation minim","cupidatat cillum consectetur exc","est pariatur exercitation pariat","commodo quis aliquip Lorem","reprehenderit"}', DEFAULT, DEFAULT), ('65973815-006c-531b-b69f-bd5d086f7786', 'e09a1a6c-2073-587c-bb13-604903ae6e80', 178, 'unlisted', 'Wave Management Plan', '{"in ullamco aliquip aute consequa","ipsum duis esse reprehenderit","aliqua proident","adipisicing non elit do excepteu","in elit","culpa id"}', DEFAULT, DEFAULT), ('0cd413aa-1a82-5832-9edb-17fd5c059a41', '86e03e09-1744-508f-b91c-c48f85d8ffcb', 180, 'private', 'Vision Denial Blueprint', '{"quis adipisicing"}', DEFAULT, DEFAULT), ('5153bc7b-cd04-5c5e-83e9-7b7a5a1390e6', '91fa3874-9437-5dfa-a49a-f19fb38d9e92', 174, 'public', 'Roaming Support Plan', '{}', DEFAULT, DEFAULT), ('bd276dfa-2ddb-52c7-9feb-6d2cc281335e', '262a78c7-eb9d-5e1a-8e58-41ecb0c31fbd', 172, 'private', 'Map Control Blueprint', '{"ullamco velit cupidatat magna ma","id","et aliquip"}', DEFAULT, DEFAULT), ('12cafb5f-6adc-5f24-a738-9455dde3eb2a', 'ec0fecde-72da-5866-9b82-27edb33f804a', 172, 'public', 'Wave Management Plan', '{"in in occaecat","reprehenderit aliquip anim","proident amet voluptate voluptat","enim mollit occaecat reprehender","mollit aute in","eu","officia fugiat","do reprehenderit","aute proident voluptate fugiat i"}', DEFAULT, DEFAULT), ('e017f166-fa51-5fb5-af86-6fc41cad9674', '1f9495a7-9f91-5b8e-a431-ff0404db08b3', 172, 'private', 'Secure Objective Playbook', '{"aliqua ut qui","mollit est et eiusmod proident","deserunt sit ex sint","mollit anim magna dolore","et ea","deserunt mollit","magna","ipsum et est voluptate","sit amet deserunt"}', DEFAULT, DEFAULT), ('544f27bb-a8e9-5b6b-8ec7-f1cfe91406e2', '2764351d-73bf-5124-a613-660cd57f91dd', 175, 'public', 'Wave Management Plan', '{"ea","irure laboris ipsum reprehenderi","minim ut aliqua irure dolore","nisi nulla","proident irure cillum consectetu","ad mollit adipisicing mollit","exercitation incididunt consequa"}', DEFAULT, DEFAULT), ('a704d0a7-ee9e-5aa5-bba9-aff3556d41a2', '452112d1-c377-57c1-bac3-4121d3e3bdcc', 175, 'private', 'Wave Management Plan', '{"non sint quis aute commodo","eiusmod qui","adipisicing est","ullamco nostrud do","tempor duis"}', DEFAULT, DEFAULT), ('a758f3b0-169f-56a9-80db-acb9f3972464', '5f651c76-ceba-56db-bd60-512d4079ec53', 172, 'public', 'Defensive Turtle Tactics', '{"ipsum elit","voluptate et id"}', DEFAULT, DEFAULT), ('1ebb07c2-9cc9-56df-b9e3-71837bafdca1', '5b13d215-75c8-5a23-a2d3-de589a1f0127', 175, 'unlisted', 'Early Game Dominance Guide', '{"ea qui in amet aliqua","ipsum laboris sit aliquip","enim consequat officia","do laborum non"}', DEFAULT, DEFAULT), ('217c4ba5-3ca5-503f-8fcd-2cf91341f163', '8bf74689-dfcf-5429-b342-2718dce8a8eb', 179, 'public', 'Vision Control Blueprint', '{"cupidatat","do ipsum sunt irure","do amet labore velit est","esse nostrud velit","excepteur laboris reprehenderit ","consectetur do adipisicing nisi","nulla fugiat","magna veniam aliqua laboris"}', DEFAULT, DEFAULT), ('63c64b00-d130-5928-b403-258ebdb17248', 'c15a1a93-cc16-5536-8ab0-42ef9626e379', 179, 'private', 'Early Game Dominance Guide', '{"labore occaecat reprehenderit de","nisi commodo proident","est fugiat dolore quis","consectetur","aliquip laboris qui laborum culp","officia laborum aliqua do aute","magna qui magna eu"}', DEFAULT, DEFAULT), ('0deb1a0e-8f26-576f-af23-e26ef824ea0b', '5b13d215-75c8-5a23-a2d3-de589a1f0127', 180, 'unlisted', 'Split Push Blueprint', '{"fugiat ex mollit","anim voluptate","veniam incididunt in consectetur","irure aute esse adipisicing est","excepteur mollit reprehenderit","sit ex deserunt","dolore ex eu nostrud","do proident"}', DEFAULT, DEFAULT), ('924718ca-0525-5af0-b71a-2560f2cc09a0', 'd073b0b8-955f-5aab-9c76-3aebe9fa08b6', 178, 'public', 'Map Control Blueprint', '{"enim irure reprehenderit eu","ea ut do officia","id veniam qui"}', DEFAULT, DEFAULT), ('877842c0-f0dc-575b-a7ad-30915aaaeebe', 'c801d235-e02a-5267-8201-eecb86948b65', 172, 'private', 'Secure Objective Playbook', '{"dolore Lorem duis labore","qui ex pariatur ad","velit mollit incididunt veniam m","consequat ea","laboris","est officia irure excepteur","ex enim mollit velit","consectetur voluptate"}', DEFAULT, DEFAULT), ('ebce0b2a-b558-5f18-bddc-2af385fe3118', '02a341a2-35a0-5fbc-a1f4-aa8b42aa4b51', 175, 'unlisted', 'Baron Control Strategy', '{"sunt reprehenderit","esse pariatur do","sint aliqua et occaecat","labore eiusmod magna enim","qui reprehenderit","amet"}', DEFAULT, DEFAULT), ('67f00577-22b1-541a-b8eb-43f4241ec322', '897e7fb9-bd9c-59e3-afc7-d1c31ec7ef34', 172, 'private', 'Objective Focused Strategy', '{"laborum laboris in voluptate","sunt pariatur mollit","non consectetur sit"}', DEFAULT, DEFAULT), ('5c1d9b7d-9f54-545c-ae19-f60dd5ff1d25', '290e51c6-7ff6-5db4-8f40-69dda051b66c', 173, 'unlisted', 'Aggressive Rush Strategy', '{"eu ullamco","do ea","est ex","excepteur tempor cillum laborum","sunt","duis labore"}', DEFAULT, DEFAULT), ('339c2395-3fcf-5f3b-90ec-90611b01fa37', '763ebb5f-add9-59ff-9a26-6b4030dae259', 175, 'public', 'Early Game Dominance Guide', '{"qui elit aute","ullamco exercitation incididunt ","esse occaecat laborum pariatur"}', DEFAULT, DEFAULT), ('3e26da35-99ab-5fee-95a6-ca3120af490b', 'a8766652-5cf4-5e66-ba6d-9eb457dff942', 179, 'unlisted', 'Vision Control Blueprint', '{"pariatur tempor officia","aute ea","consectetur elit exercitation el","labore dolore veniam","ea ullamco","eu"}', DEFAULT, DEFAULT), ('540a4921-798c-58f1-8dda-fbb9b912bb43', '9a52e2af-cb63-5ab2-95a7-ae32f01d6a1c', 180, 'unlisted', 'Vision Denial Blueprint', '{"laborum id dolore","eu ut","non sunt","cillum"}', DEFAULT, DEFAULT), ('81b847bf-bc05-538e-bdc5-721f48634b78', 'e5b4727f-be5e-52c0-83cb-cb7ba230945f', 172, 'unlisted', 'Gank Heavy Approach', '{"do deserunt tempor esse sunt","nulla","aliqua pariatur laborum","exercitation cillum Lorem nostru","sunt","sint exercitation","et qui sunt","aute pariatur","nostrud commodo cupidatat quis","voluptate nulla"}', DEFAULT, DEFAULT), ('2c9d2493-4412-5eae-aa39-69858c4bfd99', 'af5fa9a8-f7df-5a87-830c-3e8d39f06eae', 178, 'private', 'Gank Heavy Approach', '{"enim aute sit magna","non deserunt sint","mollit ad eu irure","elit voluptate laborum ipsum","consectetur dolore id tempor"}', DEFAULT, DEFAULT), ('51ef9256-0eab-579a-868b-52c27ddf10e9', '31ac52db-fa89-5177-b667-1cf6526a929a', 174, 'unlisted', 'Early Game Dominance Guide', '{"nostrud Lorem proident et"}', DEFAULT, DEFAULT), ('d6ceb82b-4af2-5d8a-96c1-8d6a9db93a31', '34a6eefa-de0a-5b54-8950-76863d1d5290', 172, 'public', 'Aggressive Rush Strategy', '{"id ad ut","nostrud labore","aliquip sint enim","quis est dolore qui"}', DEFAULT, DEFAULT), ('01ae0a36-6172-5c0a-baff-6c1805e0976a', 'c7198a1e-f50c-5635-a5bf-2073d4da7bc6', 179, 'public', 'Wave Management Plan', '{"magna","enim mollit"}', DEFAULT, DEFAULT), ('df70af8b-9578-5bd7-9fd6-02ad92eaedca', 'a6ea6199-2a1a-56d4-b12a-1bf7d32d154c', 179, 'unlisted', 'Gank Heavy Approach', '{"labore laboris in occaecat culpa","pariatur commodo","quis aliqua irure","commodo occaecat veniam duis","officia fugiat cillum pariatur","eu reprehenderit duis veniam ess","tempor culpa","aute enim voluptate pariatur cul"}', DEFAULT, DEFAULT), ('82fca927-01aa-5c29-8d7a-7a868f9ba6ea', '097c4d8e-94d3-5fd3-94ca-7bbb66cf6929', 175, 'public', 'Rotation Strategy Document', '{"ut mollit reprehenderit","nostrud eu anim laboris","adipisicing dolor laboris","duis nulla","non sint eu","culpa","in nisi laborum"}', DEFAULT, DEFAULT), ('4e5550d4-d39a-56c3-8f19-971fdeeb787e', 'e09a1a6c-2073-587c-bb13-604903ae6e80', 174, 'unlisted', 'Vision Denial Blueprint', '{"occaecat eu in laborum","mollit fugiat","cupidatat ullamco irure officia"}', DEFAULT, DEFAULT), ('83ec5ac5-8c23-5e38-8151-36af62098fff', '646b32cc-2525-5418-a0f1-5c9ced471b05', 171, 'private', 'Siege Tactics Handbook', '{"irure duis quis mollit","qui elit minim irure","minim sint","laborum consequat velit","duis sit magna"}', DEFAULT, DEFAULT), ('d1996167-52fb-5e4a-b849-75efada773e6', 'a00f2df0-a74b-51ab-8311-51125014b9ef', 173, 'unlisted', 'Defensive Turtle Tactics', '{"dolore consectetur","id enim enim","aliquip laboris quis aliquip","anim","laboris aliqua"}', DEFAULT, DEFAULT), ('1818e464-6a87-5266-8677-c069741c3ab2', 'f4b5542b-ba61-519e-a8d2-5793282ad487', 177, 'unlisted', 'Vision Control Blueprint', '{"do duis","incididunt","sunt voluptate quis"}', DEFAULT, DEFAULT), ('13ebb239-29e1-53ff-93b0-d55e3db05a11', 'cda3814f-c14d-5dcf-a835-797df84f6d99', 171, 'unlisted', 'Baron Control Strategy', '{"consectetur nisi cupidatat","occaecat commodo qui veniam","commodo cupidatat aliqua eu","esse exercitation dolor","exercitation nisi sunt amet nost"}', DEFAULT, DEFAULT), ('a0a63713-f2dd-56aa-98a3-f6a26bcae5b9', '844afdcc-93cf-55c8-b0f1-1cc22329a30b', 180, 'unlisted', 'Jungle Control Playbook', '{"sint deserunt elit","aute eiusmod occaecat enim"}', DEFAULT, DEFAULT), ('4029bbad-86a6-5e60-a150-da0664c62b92', '66e9a4f5-02a0-54af-823e-5e95c7ab9df1', 172, 'private', 'Team Fight Execution Plan', '{}', DEFAULT, DEFAULT), ('6636a6a8-3a2d-5862-bb24-3e77bffdb640', 'a69d43fa-2222-5203-b590-140e62599451', 178, 'private', 'Wave Management Plan', '{"reprehenderit cillum velit"}', DEFAULT, DEFAULT), ('4ba85443-f89e-5d68-8d4a-da572969b0dd', '5cdb9712-16b6-532e-9cc7-8cf7dfbe9b6b', 179, 'public', 'Split Push Blueprint', '{}', DEFAULT, DEFAULT), ('55fbf0ae-1fd2-57d5-9884-2ceca8eef8f3', '02489279-3f4c-5f0f-845f-6f8bb51bae87', 173, 'unlisted', 'Team Fight Execution Plan', '{"consequat aliquip","consectetur id"}', DEFAULT, DEFAULT), ('c91a5204-a47c-5f58-8042-f917f2facb4b', 'bdc52205-2f90-54a1-a699-3ba523b0d56a', 179, 'public', 'Late Game Scaling Strategy', '{"ut nostrud"}', DEFAULT, DEFAULT), ('fdca53a8-e101-5585-90b8-82f7d3c1fc24', 'e334db45-3389-5a47-b7c9-4ff8121637b5', 179, 'public', 'Jungle Control Playbook', '{"irure dolore in eiusmod","do ad dolor","deserunt sint"}', DEFAULT, DEFAULT), ('a76c18ad-af72-57b7-b165-f7757943d51e', '338ac238-5209-53e4-836e-9d5dc98ae268', 179, 'unlisted', 'Jungle Control Playbook', '{"tempor voluptate et exercitation","qui duis mollit magna","mollit cillum ea excepteur","consectetur do excepteur in","sint aliquip","id ipsum","ex magna labore nisi","Lorem do id"}', DEFAULT, DEFAULT), ('bf7ffe87-c4e2-5aa1-86f7-2fdfa8315ff6', 'eda91f04-12ef-5904-88aa-e6ed9a692e03', 174, 'unlisted', 'Gank Heavy Approach', '{"aliqua aliquip tempor sint","voluptate et in fugiat","officia exercitation adipisicing","esse","cillum excepteur","ad sunt","dolore laboris"}', DEFAULT, DEFAULT), ('764f06ba-b246-5c62-8e43-89fe991c749d', 'c9f9ed6b-3ed1-5d46-9201-51000bdf47fa', 175, 'public', 'Secure Objective Playbook', '{"eiusmod est aliquip et sint","veniam voluptate","officia","exercitation enim velit","sint elit consectetur","adipisicing ipsum amet non","laborum velit","excepteur id"}', DEFAULT, DEFAULT), ('229d48f9-9e17-5f91-bd2c-3f3cdbae28c1', 'ca65e33b-de71-5d46-933a-849036127987', 178, 'public', 'Counter Pick Blueprint', '{"commodo","elit laboris anim magna do","et","ad","non ea"}', DEFAULT, DEFAULT), ('505fdba9-c563-5897-bd99-f3fd7e6efb10', 'cda3814f-c14d-5dcf-a835-797df84f6d99', 173, 'private', 'Map Control Blueprint', '{"deserunt ea excepteur","do est","proident do adipisicing sit","eiusmod pariatur excepteur","et proident","eu","ex eu consectetur sint","in ad"}', DEFAULT, DEFAULT), ('ad47e58b-6404-5eb4-b01c-1ab02b3af226', '2386fe50-4da3-5ca3-b993-046dc48afb23', 179, 'private', 'Gank Heavy Approach', '{"sit ad incididunt"}', DEFAULT, DEFAULT), ('4ae4f149-a1da-5a76-913f-5ea02c87f4e0', 'f561c33d-0589-5163-a677-f2a1eb6b3322', 173, 'unlisted', 'Counter Pick Blueprint', '{"amet dolor in ipsum","aliquip duis veniam","sit ad reprehenderit"}', DEFAULT, DEFAULT), ('a85217e5-f8d6-5dd0-996b-8464fa1021ff', 'c3c19070-f0b8-5d8b-8806-a00d5fe919aa', 179, 'public', 'Counter Pick Blueprint', '{"aliqua","enim occaecat dolor","id id non","eiusmod aute non","mollit"}', DEFAULT, DEFAULT), ('b21411a7-0afc-5cf3-81fc-471ab95f5d8d', '5531f3c9-2ccc-59e8-86e8-da1800808ec2', 178, 'unlisted', 'Vision Denial Blueprint', '{"ex commodo ea anim","ut labore est pariatur","non fugiat elit aute laboris","aliqua officia","esse","sit esse","est et veniam fugiat","ipsum anim"}', DEFAULT, DEFAULT), ('d37fd98f-746a-582e-a0fc-de28d96e48c5', 'f3376d8d-17f3-5259-a5b0-af6d5e21e7e2', 171, 'public', 'Siege Tactics Handbook', '{"sit minim dolore","nostrud non deserunt id","pariatur tempor aliqua","magna magna","deserunt eiusmod","eu culpa anim consequat"}', DEFAULT, DEFAULT), ('2dc53ff7-923f-50df-a732-82b60afbba2f', 'fc6d457c-9711-5cde-813c-d584f858faae', 178, 'unlisted', 'Roaming Support Plan', '{"culpa ea"}', DEFAULT, DEFAULT), ('f9690101-a16f-5108-b391-78c9dba8aeee', '32158532-4de0-5542-b98a-514b5a0069d5', 176, 'unlisted', 'Late Game Scaling Strategy', '{"reprehenderit in","enim adipisicing occaecat","consectetur","deserunt ex adipisicing","proident do excepteur"}', DEFAULT, DEFAULT), ('7441a375-e1c1-5111-b299-b73d6da10ca2', '9f273059-bf49-55a4-bf95-e6bedcccffe3', 172, 'unlisted', 'Vision Denial Blueprint', '{"esse voluptate","veniam exercitation culpa","tempor tempor voluptate voluptat","proident","magna dolore esse"}', DEFAULT, DEFAULT), ('ca1d2bcf-5a98-5759-81b6-75e3ed47122a', '5dedc9b9-eec3-5ace-a95b-d7817834d9af', 172, 'private', 'Objective Focused Strategy', '{"fugiat occaecat sit","irure occaecat exercitation","eu","exercitation ullamco adipisicing"}', DEFAULT, DEFAULT), ('77b1dab4-a856-5c18-bb24-053f8869bc5b', 'd00c085d-72d6-5114-a5fd-ba818539c2f7', 174, 'private', 'Rotation Strategy Document', '{"ex culpa","magna","enim excepteur pariatur eiusmod","sunt deserunt","mollit ex proident reprehenderit","aliquip ut","deserunt","veniam consequat minim magna eiu","laboris dolor"}', DEFAULT, DEFAULT), ('08b3c695-d6fb-54e4-9ef2-bf508a57adc1', 'c801d235-e02a-5267-8201-eecb86948b65', 176, 'public', 'Aggressive Rush Strategy', '{"esse esse exercitation","nulla adipisicing proident","esse elit"}', DEFAULT, DEFAULT), ('7dc16d02-274a-5e7f-bc31-6af29982313f', '34a6eefa-de0a-5b54-8950-76863d1d5290', 177, 'private', 'Late Game Scaling Strategy', '{"fugiat adipisicing nisi qui","ad fugiat eiusmod ex cupidatat","elit pariatur nisi","irure qui tempor","reprehenderit aliquip do et amet","qui ipsum laborum aliqua"}', DEFAULT, DEFAULT), ('acad405c-f8e9-559b-bd11-e0ffc3bebca6', 'ac772386-a452-5d18-88c7-396c2a71eb0b', 171, 'unlisted', 'Siege Tactics Handbook', '{"nisi magna occaecat","aliqua eu aute","ex nisi cillum ea","laborum enim laboris tempor","magna ea quis","elit dolore anim"}', DEFAULT, DEFAULT), ('16d95573-87cd-5d45-be45-e8a020ba40ac', 'ccd28d41-9086-5b64-b351-585431787bb7', 171, 'private', 'Counter Pick Blueprint', '{"veniam commodo exercitation","duis qui","elit","adipisicing est ea"}', DEFAULT, DEFAULT), ('5a993b43-eca0-563f-b6c9-fdd440759e85', '7a86b477-8922-5c78-85b7-47a44d6877c0', 175, 'unlisted', 'Team Fight Execution Plan', '{"velit ex","amet et eu in","anim","aliquip elit","ullamco duis amet","exercitation labore","aute sit minim velit"}', DEFAULT, DEFAULT), ('f7bfc2c8-d52a-5806-97fd-77bd67d93b23', '9584676f-0635-591a-a937-d230d9a3abf3', 173, 'unlisted', 'Counter Pick Blueprint', '{"non eu","excepteur magna est elit"}', DEFAULT, DEFAULT), ('748d5a8c-f2bf-5974-9c72-24f98b85813b', '763ebb5f-add9-59ff-9a26-6b4030dae259', 172, 'private', 'Defensive Turtle Tactics', '{"eu pariatur aliquip nulla","ea","esse ad cillum fugiat","aliquip sint qui non","ex excepteur","ea non elit velit","consequat velit","do id fugiat do"}', DEFAULT, DEFAULT), ('808d9117-ba04-5cb0-8827-639e2642b0ee', '5c25ba01-ab4d-5527-9a41-d79d770f3d79', 178, 'public', 'Team Fight Execution Plan', '{"proident aute fugiat","et elit laboris excepteur"}', DEFAULT, DEFAULT), ('e0185351-5b08-58b2-bd3e-c09965750112', 'b67e09de-df70-515b-91d0-6e53f3b4a58a', 179, 'public', 'Roaming Support Plan', '{"anim id","dolor fugiat","dolore esse","culpa commodo officia cupidatat ","incididunt voluptate reprehender","ut","voluptate velit aliquip ullamco ","sint fugiat sint cillum"}', DEFAULT, DEFAULT), ('993f7ab3-9b54-5771-a99e-0c6d75a1f37d', '9bcb6997-9423-57c0-978a-09ad67de00e3', 174, 'unlisted', 'Late Game Scaling Strategy', '{"ad qui et","esse consequat id incididunt off","ullamco enim","cupidatat nulla reprehenderit","consectetur labore adipisicing n","ipsum eiusmod voluptate","irure id do do"}', DEFAULT, DEFAULT), ('bdb5114a-76d3-5fe4-944c-043e7ebd99da', '644bfc5c-cf27-5d76-8355-4e4c8d73061f', 178, 'public', 'Baron Control Strategy', '{"ea ullamco","excepteur elit exercitation cons","ea","tempor","qui aute ullamco nostrud","irure do eiusmod aute","consequat proident","voluptate magna id"}', DEFAULT, DEFAULT), ('aa4964a1-4611-5528-9df9-ef170866214f', 'd1dc8a74-c651-5dbd-b484-1cd2c51db9b9', 173, 'unlisted', 'Baron Control Strategy', '{}', DEFAULT, DEFAULT), ('ec14513a-7d3c-5172-b68b-d531791ec9de', '5d378209-1fd5-506f-8b3f-511a16489d69', 177, 'private', 'Aggressive Rush Strategy', '{"consectetur ad commodo cillum","aute ut ipsum","do aliqua irure nostrud","adipisicing quis in","cillum tempor sunt deserunt adip","incididunt exercitation nostrud","reprehenderit ipsum duis","ea veniam aliqua"}', DEFAULT, DEFAULT), ('a0f81f50-aa3d-5780-b485-a54fb7b7833a', 'd35ecca3-ac35-5e28-8e7e-6a25de908d18', 180, 'private', 'Team Fight Execution Plan', '{"amet veniam","nulla","reprehenderit nulla id elit","sint non id consectetur tempor","sunt dolore enim sunt","adipisicing ex voluptate consect","dolore proident est"}', DEFAULT, DEFAULT), ('aabd5608-e04b-5bd8-8d75-d004a1b17409', '5b303ef1-7516-512a-ba01-9f0dc05d7d2a', 180, 'unlisted', 'Objective Focused Strategy', '{"sint","aute consequat","in cillum non culpa qui","do enim minim occaecat","eiusmod sunt","esse mollit ut sit","officia dolor"}', DEFAULT, DEFAULT), ('7bcc2b79-de31-5963-9cfd-559af77da3be', '734282bd-df4e-5f8d-afc5-83f4c9131800', 178, 'unlisted', 'Wave Management Plan', '{"ipsum do reprehenderit eu","tempor mollit non aute duis","est deserunt sint voluptate","deserunt sit non aute","anim"}', DEFAULT, DEFAULT), ('b4293a01-a1be-5e58-a088-abc550c9f820', '9584676f-0635-591a-a937-d230d9a3abf3', 174, 'private', 'Early Game Dominance Guide', '{"velit aliquip eiusmod","enim nisi fugiat","laborum consequat tempor veniam","culpa ex sunt dolor labore","ullamco","sunt consectetur qui","cillum officia ea","magna","adipisicing exercitation"}', DEFAULT, DEFAULT), ('a97e2960-b385-5f99-88c2-9e562f32234e', '22052ce5-2628-54da-93cf-dce3c06b547a', 177, 'public', 'Team Fight Execution Plan', '{}', DEFAULT, DEFAULT), ('db39a462-f36a-54ba-b38e-2fcf35273cba', 'b5f933d0-c28e-517c-9fca-d9e38dc742a2', 173, 'private', 'Counter Pick Blueprint', '{"culpa commodo tempor consectetur"}', DEFAULT, DEFAULT), ('35dc016a-9edc-565d-923e-9bee9a60bd24', '9b1fc781-1e4e-56d2-bd68-0dc257a319c0', 174, 'public', 'Siege Tactics Handbook', '{"nulla fugiat","id exercitation eiusmod","pariatur reprehenderit cupidatat","aute amet","amet aliquip exercitation","qui velit reprehenderit","velit Lorem","commodo sint","aliqua magna ipsum","ipsum Lorem"}', DEFAULT, DEFAULT), ('61e4dc6c-b183-5c81-91cb-8dc622fd6913', '8891aca3-b326-5a45-a77b-46ff3fd96d49', 172, 'unlisted', 'Siege Tactics Handbook', '{"Lorem voluptate","aliquip non fugiat tempor"}', DEFAULT, DEFAULT), ('b5df5eae-45e8-5f54-a8f9-351afabf5f65', '7a86b477-8922-5c78-85b7-47a44d6877c0', 179, 'unlisted', 'Rotation Strategy Document', '{"aliquip officia tempor","laboris nisi laborum ea"}', DEFAULT, DEFAULT), ('18aa22db-700e-5a8a-892c-5bf7b7da1bbf', 'e334db45-3389-5a47-b7c9-4ff8121637b5', 172, 'public', 'Aggressive Rush Strategy', '{"magna irure dolor dolore cupidat"}', DEFAULT, DEFAULT), ('7c9a7a2f-bf97-5fb7-9ff3-bb3e363fce60', 'a9752d0c-ade4-58c6-b746-1b9df56a3d08', 172, 'unlisted', 'Gank Heavy Approach', '{"id labore labore ipsum est","aliquip ullamco Lorem"}', DEFAULT, DEFAULT), ('93216013-7bd8-59b1-a3f0-b1087d4d7f00', '305fa448-c3bf-59c7-a989-19ae69ce0725', 177, 'public', 'Secure Objective Playbook', '{"tempor sit","esse","aliquip ea ipsum","pariatur aliqua commodo reprehen","excepteur cillum labore velit re","dolore aute minim culpa quis","laboris et","labore nisi voluptate qui"}', DEFAULT, DEFAULT), ('3e057cf2-df3a-50e5-82fa-e2dcf87ebd5a', '32158532-4de0-5542-b98a-514b5a0069d5', 173, 'public', 'Secure Objective Playbook', '{"enim reprehenderit officia deser","veniam ut anim ea irure","ullamco est","culpa nulla cillum elit"}', DEFAULT, DEFAULT), ('e3f5f266-44d3-5096-b897-56678a5f974b', 'd297ab9e-40d4-51b5-bb8f-a1df399f1a9a', 180, 'private', 'Vision Denial Blueprint', '{"occaecat consequat","aliqua excepteur veniam","occaecat veniam enim sit","laborum id exercitation","veniam in","pariatur aute cillum"}', DEFAULT, DEFAULT), ('ffbcf0c1-44bb-549f-ba50-18e1e874a611', '452112d1-c377-57c1-bac3-4121d3e3bdcc', 173, 'private', 'Counter Pick Blueprint', '{"ullamco","ut ullamco eiusmod qui","enim tempor","sunt","do mollit","nulla est minim sint","ut est Lorem nisi"}', DEFAULT, DEFAULT), ('c4f414cf-451e-5497-88db-62020e3a0dc5', 'a88bc9b9-135e-55c7-8c4c-5a072a3c8573', 172, 'private', 'Baron Control Strategy', '{"quis eiusmod consectetur","aute ut","minim in","nulla irure","dolore sit veniam cupidatat","mollit reprehenderit mollit aliq","ea dolor minim"}', DEFAULT, DEFAULT), ('a109823a-0d02-5064-b8ef-3186d6d08cb0', '9584676f-0635-591a-a937-d230d9a3abf3', 171, 'private', 'Aggressive Rush Strategy', '{"excepteur anim nisi","id culpa dolore est labore","ullamco veniam enim enim","proident non"}', DEFAULT, DEFAULT), ('3e4b1eac-b214-5aaa-a7f0-29af8a5b2ce9', 'd267e1b9-665d-5421-bb3b-be698dae48a8', 171, 'public', 'Rotation Strategy Document', '{"sit Lorem ea qui"}', DEFAULT, DEFAULT), ('72819b1c-0a2a-5e86-b5bc-5741c2854f96', '84d2e38f-9f57-573c-beee-7b9678c403c3', 172, 'private', 'Split Push Blueprint', '{"eiusmod eiusmod proident aliquip"}', DEFAULT, DEFAULT), ('b5d7b26a-56f4-59fc-853e-1a1306ab6e95', 'f3376d8d-17f3-5259-a5b0-af6d5e21e7e2', 173, 'public', 'Objective Focused Strategy', '{"eu ea non","fugiat dolor","et ea duis ex","velit et nisi","non dolor"}', DEFAULT, DEFAULT), ('29365629-31e8-5e53-b1ae-ffdad1c2009e', '1716ac71-f35f-52a7-acdc-316247462f37', 174, 'unlisted', 'Jungle Control Playbook', '{"occaecat","dolor sit minim deserunt","exercitation magna consectetur","irure culpa mollit","ea non qui amet","amet tempor","veniam veniam"}', DEFAULT, DEFAULT), ('ef9b1028-31e2-59d9-a64e-2a4d1686e96e', 'c3c19070-f0b8-5d8b-8806-a00d5fe919aa', 180, 'unlisted', 'Objective Focused Strategy', '{"cillum ea occaecat nulla","occaecat sunt cillum aute","Lorem","do ut culpa","exercitation consectetur exercit","elit aute culpa","exercitation Lorem","sint eu labore consectetur","irure culpa"}', DEFAULT, DEFAULT), ('51f9c2fa-a6a8-5d1e-9ef8-efb89c34ee1c', 'fe24988b-bca5-5bf5-be0f-c92da7b2cbe1', 179, 'private', 'Split Push Blueprint', '{"irure sunt esse voluptate pariat","veniam magna Lorem reprehenderit","velit qui et","in occaecat qui aliquip quis","voluptate anim proident","in","enim laborum nulla nulla"}', DEFAULT, DEFAULT), ('930338c0-ea8e-56fc-b2df-a68255a6182c', '9e6824f3-dac2-540f-9e3d-8797171dab14', 177, 'private', 'Aggressive Rush Strategy', '{"dolor","exercitation sunt","sunt dolore dolor","nostrud ea"}', DEFAULT, DEFAULT), ('14f0b4c0-9d33-5d68-85ae-cc3d31b6b19e', 'bdc52205-2f90-54a1-a699-3ba523b0d56a', 176, 'public', 'Jungle Control Playbook', '{"consequat voluptate proident","est ut","occaecat ut","est ut reprehenderit ullamco","est nostrud"}', DEFAULT, DEFAULT), ('7c51f66f-cf81-571f-a65c-f571f1f39cc9', '6a3486ce-c3fa-519b-8ad1-f329a5c3ee43', 180, 'private', 'Roaming Support Plan', '{"dolore aute amet","enim aliqua nulla"}', DEFAULT, DEFAULT), ('764b9b2a-d477-5bff-a789-cba064ac71f8', 'abf8504a-2cfc-5a9d-a5d2-31dccd8bf00f', 174, 'public', 'Vision Control Blueprint', '{"eu laborum esse deserunt"}', DEFAULT, DEFAULT), ('1125d49b-2ad6-5500-bd14-7e0649f5dd73', 'c9f9ed6b-3ed1-5d46-9201-51000bdf47fa', 172, 'unlisted', 'Team Fight Execution Plan', '{"eu","culpa voluptate eiusmod","elit","sit ullamco velit","id excepteur laborum","anim incididunt amet","excepteur exercitation","amet","est veniam adipisicing irure"}', DEFAULT, DEFAULT), ('de1d5557-45c4-5747-8c2d-f8c09704db25', 'b88b1af1-79fe-5af5-9c91-0c77ed20973b', 173, 'private', 'Baron Control Strategy', '{"cupidatat reprehenderit","laborum id incididunt duis eu","non eiusmod ipsum","anim","aute elit eu sit"}', DEFAULT, DEFAULT), ('dc2759a8-51ca-575d-9678-0ac64e900648', '94170f3d-888c-58bc-bc18-13592bfb52c5', 180, 'private', 'Late Game Scaling Strategy', '{"non non","aliqua pariatur do","esse adipisicing Lorem","eiusmod fugiat est incididunt in","labore eu officia ad proident","id consectetur","cupidatat ullamco","proident laboris","excepteur eu ipsum"}', DEFAULT, DEFAULT), ('8c0ef303-3ae4-5fe5-b0be-ef1788ae8707', '8926b9fd-34b2-5421-a25c-9cd89c12cad0', 172, 'public', 'Vision Control Blueprint', '{"anim"}', DEFAULT, DEFAULT), ('ddd094e1-b8f4-560e-b960-af5227a9b337', '5d378209-1fd5-506f-8b3f-511a16489d69', 174, 'unlisted', 'Map Control Blueprint', '{"elit et eu","anim nisi excepteur quis","mollit reprehenderit"}', DEFAULT, DEFAULT), ('4bd93d1d-9da0-508d-a30a-5cd1fe2e858d', '59558fa1-9cc0-5e85-a331-879d76e07f05', 172, 'public', 'Baron Control Strategy', '{"Lorem amet","duis ad id excepteur amet"}', DEFAULT, DEFAULT), ('2d25022b-866c-584e-895d-11b8a727c08f', 'fd2a8113-662a-5782-9e12-f7b49eee56e0', 178, 'public', 'Jungle Control Playbook', '{"aliquip consectetur"}', DEFAULT, DEFAULT), ('8d4a5d0e-3ef8-5e54-ac1b-6a14acb1ad0e', 'b67e09de-df70-515b-91d0-6e53f3b4a58a', 179, 'private', 'Team Fight Execution Plan', '{"Lorem","veniam adipisicing deserunt"}', DEFAULT, DEFAULT), ('6b889196-1556-5eef-89c0-e7506a0ca45b', '9af6e0ef-7015-5390-856a-705032c2e40e', 171, 'public', 'Baron Control Strategy', '{"ad ut","ullamco id magna","tempor in est aliqua","veniam magna cillum anim","aute occaecat pariatur irure eu","nulla ad adipisicing voluptate","ullamco","elit commodo amet ea velit","do est reprehenderit in ad","culpa magna"}', DEFAULT, DEFAULT), ('e6b5025c-d432-567c-bc94-e80f642225ff', '5531f3c9-2ccc-59e8-86e8-da1800808ec2', 177, 'public', 'Aggressive Rush Strategy', '{"reprehenderit in aliquip","do nisi labore enim","cillum sit","veniam in mollit enim qui","consequat id aute sit magna","ut occaecat","veniam commodo minim do","nulla anim","dolore incididunt aute pariatur"}', DEFAULT, DEFAULT), ('4d0eaa15-67e7-50e5-bd92-8596a8c41516', '452112d1-c377-57c1-bac3-4121d3e3bdcc', 179, 'public', 'Jungle Control Playbook', '{"enim quis amet occaecat"}', DEFAULT, DEFAULT), ('c2405ac9-0838-5ce8-a85b-e6db0fbe6c10', '17ec9179-4e96-5f11-9df0-6e4c2363b3ee', 177, 'unlisted', 'Early Game Dominance Guide', '{"do voluptate occaecat deserunt","duis","et deserunt","consectetur qui nostrud","aliquip elit deserunt labore","Lorem duis"}', DEFAULT, DEFAULT), ('c8df1446-9b17-5687-8ff4-001003cfca37', 'a78f49ae-5f15-5b14-baf5-6abdb727fcc1', 180, 'private', 'Jungle Control Playbook', '{"ea est nisi","magna non"}', DEFAULT, DEFAULT), ('f706294d-163e-5aef-a517-eae489067781', '5531f3c9-2ccc-59e8-86e8-da1800808ec2', 172, 'public', 'Counter Pick Blueprint', '{"deserunt velit occaecat","ex culpa eiusmod id","Lorem veniam","excepteur laborum magna","officia ad ipsum","nostrud esse","duis incididunt eu cupidatat","est sit adipisicing ullamco proi","adipisicing nisi mollit ullamco","Lorem"}', DEFAULT, DEFAULT), ('bee3d023-7908-5b1b-a6e7-320078c804bf', '28e4b717-ba20-5ce6-96db-f08421aa2fc7', 171, 'private', 'Roaming Support Plan', '{"enim est dolor do consequat","labore amet consequat aute","ullamco","aliquip veniam id","deserunt","aliqua esse enim nulla"}', DEFAULT, DEFAULT), ('d607d7db-ee7a-57fa-b0f1-08a24201e561', 'f4b5542b-ba61-519e-a8d2-5793282ad487', 176, 'unlisted', 'Objective Focused Strategy', '{"amet ad aliquip proident deserun","anim tempor proident","aliquip Lorem eu adipisicing non","ea deserunt deserunt"}', DEFAULT, DEFAULT), ('6db5eb76-a4d8-59b2-8682-ac0a5dca423f', '80e684c5-9f07-5388-b150-556bc24cb77f', 175, 'public', 'Objective Focused Strategy', '{"qui","culpa sint nulla laborum","do voluptate","excepteur","officia","id aliqua pariatur dolore","dolore occaecat esse aliqua","labore officia","duis esse anim incididunt","commodo aliqua"}', DEFAULT, DEFAULT), ('f0859c52-737d-58da-9c95-b804668a9ae6', '0a9347d2-3396-5e6a-98f1-b406ca195226', 172, 'public', 'Gank Heavy Approach', '{"eu nostrud","cillum labore","adipisicing occaecat velit deser","non excepteur nulla nulla","in pariatur","sunt eiusmod"}', DEFAULT, DEFAULT), ('f843e0b1-5e16-5c9e-923e-e155f87b2422', 'a78f49ae-5f15-5b14-baf5-6abdb727fcc1', 179, 'unlisted', 'Aggressive Rush Strategy', '{}', DEFAULT, DEFAULT), ('971d3e7d-1fd1-5fd1-ba3a-0a99dda2cb04', 'ac772386-a452-5d18-88c7-396c2a71eb0b', 178, 'public', 'Secure Objective Playbook', '{"deserunt dolore anim","culpa pariatur aliqua dolore ull","amet qui eu consectetur","mollit mollit","ipsum do ex ut","consequat mollit culpa"}', DEFAULT, DEFAULT), ('51c6dab5-99f7-56c9-a820-7cfc76e25abf', 'e5b4727f-be5e-52c0-83cb-cb7ba230945f', 179, 'public', 'Early Game Dominance Guide', '{"aliqua","velit magna fugiat","ullamco labore ad","commodo","dolor velit","amet eu magna","sint cupidatat elit","ipsum sit occaecat sit","ex sint occaecat in nulla"}', DEFAULT, DEFAULT), ('88430d1c-f998-5183-ac05-d06b362a058a', '59d8bfe4-2c84-5707-a356-dbe1eb5eec54', 175, 'public', 'Map Control Blueprint', '{"deserunt adipisicing duis ipsum","voluptate ut","minim","culpa mollit ex velit","nisi non","minim enim velit aliqua","enim"}', DEFAULT, DEFAULT), ('fc959555-d183-544e-8cf6-52532b383f25', '472a7075-ea0f-5e44-b5c9-6ef12ccd3736', 180, 'private', 'Jungle Control Playbook', '{}', DEFAULT, DEFAULT), ('94935318-fc9b-5864-874e-912b663c75f7', '8a0a556f-d942-55f0-8ba8-1ffbfaf3c6d9', 180, 'private', 'Defensive Turtle Tactics', '{"et non et","id sint","velit","ut ipsum magna duis laboris","laboris","voluptate ipsum eu magna","culpa et","dolore dolor aute","enim sunt"}', DEFAULT, DEFAULT), ('ea529f5a-add2-5f29-a44d-2a799c7ab051', '9a52e2af-cb63-5ab2-95a7-ae32f01d6a1c', 177, 'unlisted', 'Early Game Dominance Guide', '{"aliquip","id consectetur ex","aliquip nulla irure officia"}', DEFAULT, DEFAULT), ('b2bd3c17-1864-5b1f-8d71-b6fe96b48ba6', '097c4d8e-94d3-5fd3-94ca-7bbb66cf6929', 174, 'public', 'Early Game Dominance Guide', '{"nostrud voluptate commodo nisi m","quis","aute veniam esse","reprehenderit labore non duis","aute eu","sunt adipisicing","sunt enim","esse laborum fugiat"}', DEFAULT, DEFAULT), ('a46777c9-6f34-5718-a195-68edd93e1d42', 'c1b69361-a3c3-5c2a-8a7a-23aa07e97e87', 171, 'private', 'Split Push Blueprint', '{"duis mollit culpa culpa dolor"}', DEFAULT, DEFAULT), ('0f3df2fb-dd6e-55b9-9f86-0babb8fec748', 'dc58dd7b-bb54-5abe-8208-becc5e0561ad', 174, 'public', 'Vision Control Blueprint', '{"nulla nostrud culpa","fugiat","deserunt proident","dolor elit enim","tempor ad Lorem consectetur"}', DEFAULT, DEFAULT), ('95bb7f47-209b-5f16-a018-19e8f23e6e16', '274020d9-7513-5cf6-ae0b-e94ef1d1a62f', 175, 'public', 'Jungle Control Playbook', '{"ipsum","ut velit","ex et","cupidatat aliqua","do ullamco esse sint","sint","qui sunt","culpa pariatur"}', DEFAULT, DEFAULT), ('78959a88-41ee-5d40-85cb-71e22f4c47aa', '274020d9-7513-5cf6-ae0b-e94ef1d1a62f', 176, 'public', 'Jungle Control Playbook', '{"velit proident","irure in ea","nisi occaecat enim dolore","ipsum tempor","mollit incididunt excepteur magn","fugiat labore","occaecat fugiat labore","ad reprehenderit","Lorem mollit qui excepteur"}', DEFAULT, DEFAULT), ('a9e614f8-c87a-596e-bdaf-6e577865453e', '2190cc4c-2cc5-5f9f-983d-55f70f31e468', 178, 'public', 'Siege Tactics Handbook', '{"ullamco occaecat esse commodo id","veniam","veniam occaecat","proident proident ad","anim"}', DEFAULT, DEFAULT), ('f80096a0-59ff-58f8-a58f-cd508cb0f33e', '549980e7-3e77-5d76-b263-84664d04b209', 177, 'public', 'Defensive Turtle Tactics', '{"sunt minim non nostrud","ut non voluptate","incididunt quis fugiat anim esse","et sit","occaecat non voluptate labore"}', DEFAULT, DEFAULT), ('a444e395-f85a-5fcf-904b-e713df3a17f6', 'fc14352d-4abe-5826-a292-f6661223ae86', 178, 'public', 'Siege Tactics Handbook', '{"dolor qui Lorem","nostrud commodo esse exercitatio","aliqua laborum"}', DEFAULT, DEFAULT);
INSERT INTO public.team_member_role (id,name,flags) VALUES (52, 'owner', 511), (53, 'editor', 7), (54, 'viewer', 1);
SELECT setval('"public"."team_member_role_id_seq"'::regclass, (SELECT MAX("id") FROM "public"."team_member_role"));
