INSERT INTO public.game (id,name,alias,icon,hidden,metadata,created_at,updated_at) VALUES (1, 'Do Cillum', 'NBA2K', 'https://svgshare.com/i/15iw.svg', 'f', '{"player_count":5,"gadgets_per_character":2}', DEFAULT, DEFAULT), (2, 'Ipsum Ex', 'NBA2K', 'https://svgshare.com/i/15iw.svg', 'f', '{"player_count":5,"gadgets_per_character":2}', DEFAULT, DEFAULT), (3, 'Elit Commodo', 'GTA', 'https://svgshare.com/i/15iw.svg', 'f', '{"player_count":5,"gadgets_per_character":2}', DEFAULT, DEFAULT);
INSERT INTO public.game_object (id,game_id,type,url,name,metadata) VALUES (1, 1, 'character', 'https://svgshare.com/i/16EY.svg', 'ea nulla', '{"Molest":"Horribille ut metu"}'), (2, 1, 'character', 'https://svgshare.com/i/16EY.svg', 'nisi ea consequat', '{"Omorari":"Es gloriae"}'), (3, 1, 'character', 'https://svgshare.com/i/16EY.svg', 'aute duis ullamco', '{"Isti":"Causa non maloribus"}'), (4, 1, 'character', 'https://svgshare.com/i/16EY.svg', 'incididunt sint', '{"Ii":"Cursionibus desid omnium"}'), (5, 1, 'character', 'https://svgshare.com/i/16EY.svg', 'occaecat laboris', '{"Abiliustit":"Scriberror iudexpetuam"}'), (6, 1, 'character', 'https://svgshare.com/i/16EY.svg', 'mollit', '{"Expetus":"Motu multos"}'), (7, 1, 'character', 'https://svgshare.com/i/16EY.svg', 'proident', '{"Litterastris":"Epicitia quo sapientia"}'), (8, 1, 'character', 'https://svgshare.com/i/16EY.svg', 'consectetur', '{"Rationistis":"Cum in"}'), (9, 1, 'character', 'https://svgshare.com/i/16EY.svg', 'do', '{"Legimper":"Doloris endum perspici"}'), (10, 1, 'character', 'https://svgshare.com/i/16EY.svg', 'irure fugiat Lorem', '{"Indivinter":"Reret sentenebo per"}'), (11, 1, 'character', 'https://svgshare.com/i/16EY.svg', 'velit fugiat', '{"Iudici":"Aut ratione nihilius"}'), (12, 1, 'character', 'https://svgshare.com/i/16EY.svg', 'incididunt minim', '{"Indignisi":"Locum mediocritum"}'), (13, 1, 'character', 'https://svgshare.com/i/16EY.svg', 'fugiat sunt', '{"Probabilit":"Tibi dolorum"}'), (14, 1, 'character', 'https://svgshare.com/i/16EY.svg', 'voluptate eu irure', '{"Difficerim":"Quae infinire celeret"}'), (15, 1, 'character', 'https://svgshare.com/i/16EY.svg', 'eiusmod', '{"Ego":"Are itur"}'), (16, 1, 'character', 'https://svgshare.com/i/16EY.svg', 'duis', '{"Inem":"Sit quem"}'), (17, 1, 'character', 'https://svgshare.com/i/16EY.svg', 'sunt proident est', '{"Seditaque":"In beata triarius"}'), (18, 1, 'character', 'https://svgshare.com/i/16EY.svg', 'eiusmod occaecat', '{"Quod":"Alter mihi cum"}'), (19, 1, 'character', 'https://svgshare.com/i/16EY.svg', 'ut laborum', '{"Et":"Ius quam"}'), (20, 1, 'character', 'https://svgshare.com/i/16EY.svg', 'ipsum id', '{"Utillo":"Modo qui philosoptim"}'), (21, 1, 'character', 'https://svgshare.com/i/16EY.svg', 'in ullamco', '{"Si":"Um ani molest"}'), (22, 1, 'character', 'https://svgshare.com/i/16EY.svg', 'dolor ea', '{"Eo":"Ationumen ant"}'), (23, 1, 'character', 'https://svgshare.com/i/16EY.svg', 'enim', '{"Ilesse":"Eum metus"}'), (24, 1, 'character', 'https://svgshare.com/i/16EY.svg', 'officia', '{"De":"Sed nostris"}'), (25, 1, 'character', 'https://svgshare.com/i/16EY.svg', 'voluptate dolore', '{"Sancircum":"A quod mutanda"}'), (26, 1, 'character', 'https://svgshare.com/i/16EY.svg', 'ad cillum', '{"Praeclare":"Duo esse al"}'), (27, 1, 'character', 'https://svgshare.com/i/16EY.svg', 'eiusmod do aute', '{"Omnium":"Esse fortitio"}'), (28, 1, 'character', 'https://svgshare.com/i/16EY.svg', 'consequat', '{"Imo":"Tota probartibus"}'), (29, 1, 'character', 'https://svgshare.com/i/16EY.svg', 'exercitation commodo veniam', '{"Convenis":"In tamendae quantus"}'), (30, 1, 'character', 'https://svgshare.com/i/16EY.svg', 'labore fugiat sint', '{"Transferrem":"Recus es"}'), (31, 1, 'character', 'https://svgshare.com/i/16EY.svg', 'id cillum voluptate', '{"Aut":"Moderem hominstructus"}'), (32, 1, 'character', 'https://svgshare.com/i/16EY.svg', 'sit', '{"Cum":"Propterunt debillo ea"}'), (33, 1, 'character', 'https://svgshare.com/i/16EY.svg', 'cupidatat', '{"Ipsa":"Eum delectari non"}'), (34, 1, 'character', 'https://svgshare.com/i/16EY.svg', 'anim mollit reprehenderit', '{"Iucuniae":"Et dubita"}'), (35, 1, 'character', 'https://svgshare.com/i/16EY.svg', 'nostrud laboris consectetur', '{"Sed":"Non etiam politatib"}'), (36, 1, 'character', 'https://svgshare.com/i/16EY.svg', 'ipsum laboris veniam', '{"Eturovat":"Facit musicit"}'), (37, 1, 'character', 'https://svgshare.com/i/16EY.svg', 'pariatur ut ullamco', '{"Ent":"Scribi modaretiam se"}'), (38, 1, 'character', 'https://svgshare.com/i/16EY.svg', 'commodo', '{"En":"Iudicur omnescio a"}'), (39, 1, 'character', 'https://svgshare.com/i/16EY.svg', 'in', '{"Sit":"Anim eadem ido"}'), (40, 1, 'character', 'https://svgshare.com/i/16EY.svg', 'officia ex veniam', '{"Sol":"Ea mireria"}'), (41, 1, 'character', 'https://svgshare.com/i/16EY.svg', 'consectetur eiusmod', '{"E":"Tamque seiunctum iudicultas"}'), (42, 1, 'character', 'https://svgshare.com/i/16EY.svg', 'labore cupidatat', '{"Quietem":"Nec quae perspicuum"}'), (43, 1, 'character', 'https://svgshare.com/i/16EY.svg', 'officia commodo culpa', '{"Perspiciatur":"Quid ut"}'), (44, 1, 'character', 'https://svgshare.com/i/16EY.svg', 'ea duis', '{"Nam":"Ab voluptatem"}'), (45, 1, 'character', 'https://svgshare.com/i/16EY.svg', 'tempor consectetur', '{"Sed":"Esse non vitam"}'), (46, 1, 'character', 'https://svgshare.com/i/16EY.svg', 'ex nostrud labore', '{"Sit":"Hoc quia"}'), (47, 1, 'character', 'https://svgshare.com/i/16EY.svg', 'sunt anim', '{"Infinitur":"Legenim se rebus"}'), (48, 1, 'character', 'https://svgshare.com/i/16EY.svg', 'irure', '{"Ne":"Endae legestiam"}'), (49, 1, 'gadget', 'https://svgshare.com/i/16EY.svg', 'voluptate ut', '{"Vel":"Putas recoranim"}'), (50, 1, 'gadget', 'https://svgshare.com/i/16EY.svg', 'eu reprehenderit', '{"Labit":"Non formidanium"}'), (51, 1, 'gadget', 'https://svgshare.com/i/16EY.svg', 'quis', '{"Debendi":"Declinamic nec"}'), (52, 1, 'gadget', 'https://svgshare.com/i/16EY.svg', 'id', '{"Quid":"Variisque tranquilli"}'), (53, 1, 'gadget', 'https://svgshare.com/i/16EY.svg', 'est duis', '{"Ego":"Intellegan ut"}'), (54, 1, 'gadget', 'https://svgshare.com/i/16EY.svg', 'enim voluptate', '{"Imo":"Ilemus in sabini"}'), (55, 1, 'gadget', 'https://svgshare.com/i/16EY.svg', 'anim amet', '{"Praesennii":"Inter est videt"}'), (56, 1, 'gadget', 'https://svgshare.com/i/16EY.svg', 'culpa reprehenderit', '{"Modis":"Carere ea"}'), (57, 1, 'gadget', 'https://svgshare.com/i/16EY.svg', 'esse ea', '{"Earum":"Essentenet fortitio constantia"}'), (58, 1, 'gadget', 'https://svgshare.com/i/16EY.svg', 'occaecat eu', '{"Omnia":"Sententiae inum fanti"}'), (59, 1, 'gadget', 'https://svgshare.com/i/16EY.svg', 'amet mollit', '{"Enime":"Modo habeo ii"}'), (60, 1, 'gadget', 'https://svgshare.com/i/16EY.svg', 'commodo velit dolor', '{"Quod":"Quidem tant inerierun"}'), (61, 1, 'gadget', 'https://svgshare.com/i/16EY.svg', 'tempor', '{"Pellatur":"Perangore tum eorum"}'), (62, 1, 'gadget', 'https://svgshare.com/i/16EY.svg', 'Lorem', '{"Nec":"Aptis industria sic"}'), (63, 1, 'gadget', 'https://svgshare.com/i/16EY.svg', 'eiusmod velit aliquip', '{"Sit":"Solamus aut voluptatem"}'), (64, 1, 'gadget', 'https://svgshare.com/i/16EY.svg', 'sit Lorem', '{"Quas":"Ius si molest"}'), (65, 1, 'gadget', 'https://svgshare.com/i/16EY.svg', 'id magna occaecat', '{"Volunum":"Vix graeci esse"}'), (66, 1, 'gadget', 'https://svgshare.com/i/16EY.svg', 'qui', '{"Amurum":"Relique sum"}'), (67, 1, 'gadget', 'https://svgshare.com/i/16EY.svg', 'deserunt aute dolore', '{"Auditis":"Difficeri est"}'), (68, 1, 'gadget', 'https://svgshare.com/i/16EY.svg', 'duis laborum', '{"Non":"Relique timeam"}'), (69, 1, 'gadget', 'https://svgshare.com/i/16EY.svg', 'aliqua', '{"Aut":"Vitamicit ipsius miseret"}'), (70, 1, 'gadget', 'https://svgshare.com/i/16EY.svg', 'fugiat laborum Lorem', '{"Nosmetu":"Semelab virtutestiae ales"}'), (71, 1, 'gadget', 'https://svgshare.com/i/16EY.svg', 'excepteur', '{"Graecis":"Cum voluptat"}'), (72, 1, 'gadget', 'https://svgshare.com/i/16EY.svg', 'proident ut', '{"Mea":"Provoccula a"}'), (73, 1, 'gadget', 'https://svgshare.com/i/16EY.svg', 'exercitation culpa', '{"Autem":"Inesse intellegam"}'), (74, 1, 'gadget', 'https://svgshare.com/i/16EY.svg', 'mollit reprehenderit pariatur', '{"Ante":"Pleniores etiam qui"}'), (75, 1, 'gadget', 'https://svgshare.com/i/16EY.svg', 'laboris eu est', '{"Studuisti":"Morte ea nostri"}'), (76, 1, 'gadget', 'https://svgshare.com/i/16EY.svg', 'non ex anim', '{"Iis":"Multis eius"}'), (77, 1, 'gadget', 'https://svgshare.com/i/16EY.svg', 'qui pariatur', '{"Aliquaque":"Nocet probati inut"}'), (78, 1, 'gadget', 'https://svgshare.com/i/16EY.svg', 'consequat consequat', '{"Quisit":"Angoribid in"}'), (79, 1, 'gadget', 'https://svgshare.com/i/16EY.svg', 'nostrud proident', '{"Vivenimus":"Voluptatum audire"}'), (80, 1, 'gadget', 'https://svgshare.com/i/16EY.svg', 'et voluptate', '{"Erea":"Aut suapte quem"}'), (81, 1, 'gadget', 'https://svgshare.com/i/16EY.svg', 'laboris', '{"Is":"Plato et"}'), (82, 1, 'gadget', 'https://svgshare.com/i/16EY.svg', 'anim aliqua', '{"Sic":"Meo abduce"}'), (83, 1, 'gadget', 'https://svgshare.com/i/16EY.svg', 'pariatur in', '{"Ando":"Patrioque inter"}'), (84, 2, 'character', 'https://svgshare.com/i/16EY.svg', 'aliquip nostrud reprehenderit', '{"Finibus":"Ad alterea deseratum"}'), (85, 2, 'character', 'https://svgshare.com/i/16EY.svg', 'laborum minim dolore', '{"Corporis":"Hominsiden tum"}'), (86, 2, 'character', 'https://svgshare.com/i/16EY.svg', 'voluptate incididunt culpa', '{"Bonorum":"Docerit si"}'), (87, 2, 'character', 'https://svgshare.com/i/16EY.svg', 'adipisicing ullamco', '{"Ego":"Enim reperis"}'), (88, 2, 'character', 'https://svgshare.com/i/16EY.svg', 'consectetur mollit', '{"Libidit":"Dolore qui"}'), (89, 2, 'character', 'https://svgshare.com/i/16EY.svg', 'ad', '{"Sit":"Aliquarum est physicis"}'), (90, 2, 'character', 'https://svgshare.com/i/16EY.svg', 'quis', '{"Credo":"Et qua dolem"}'), (91, 2, 'character', 'https://svgshare.com/i/16EY.svg', 'dolor qui id', '{"Hac":"Vidis in modernator"}'), (92, 2, 'character', 'https://svgshare.com/i/16EY.svg', 'consequat id', '{"Probest":"Tollatin nihille propterenda"}'), (93, 2, 'character', 'https://svgshare.com/i/16EY.svg', 'et consectetur', '{"Nutu":"Capti placet quam"}'), (94, 2, 'character', 'https://svgshare.com/i/16EY.svg', 'incididunt reprehenderit', '{"Cuiquamurnit":"Enimperner timum"}'), (95, 2, 'character', 'https://svgshare.com/i/16EY.svg', 'eiusmod reprehenderit reprehende', '{"Susceptur":"Nostrum supplication"}'), (96, 2, 'character', 'https://svgshare.com/i/16EY.svg', 'exercitation', '{"Id":"Cur congressuspic iudice"}'), (97, 2, 'character', 'https://svgshare.com/i/16EY.svg', 'nulla ex', '{"Ea":"Legi philosophiae"}'), (98, 2, 'character', 'https://svgshare.com/i/16EY.svg', 'ea cupidatat sunt', '{"Sensio":"Autemoder modo"}'), (99, 2, 'character', 'https://svgshare.com/i/16EY.svg', 'magna commodo', '{"Ratione":"Legere et"}'), (100, 2, 'character', 'https://svgshare.com/i/16EY.svg', 'amet consequat', '{"Vero":"Ratione latin et"}'), (101, 2, 'character', 'https://svgshare.com/i/16EY.svg', 'enim ea', '{"Eum":"Nam scaevolum nullam"}'), (102, 2, 'character', 'https://svgshare.com/i/16EY.svg', 'sunt consequat', '{"Nihillum":"Sed tibi"}'), (103, 2, 'character', 'https://svgshare.com/i/16EY.svg', 'in', '{"Sedulantib":"Idituro per"}'), (104, 2, 'character', 'https://svgshare.com/i/16EY.svg', 'nostrud sit', '{"Placet":"Prospexitar omnes"}'), (105, 2, 'character', 'https://svgshare.com/i/16EY.svg', 'voluptate', '{"Ergo":"Facilius nec"}'), (106, 2, 'character', 'https://svgshare.com/i/16EY.svg', 'voluptate elit', '{"Inorest":"Mundus est"}'), (107, 2, 'character', 'https://svgshare.com/i/16EY.svg', 'pariatur ex', '{"Causae":"Doloribus quidem"}'), (108, 2, 'character', 'https://svgshare.com/i/16EY.svg', 'ullamco non', '{"Nisi":"Plane depravat"}'), (109, 2, 'character', 'https://svgshare.com/i/16EY.svg', 'adipisicing ea aute', '{"Integre":"Philos sed expectate"}'), (110, 2, 'character', 'https://svgshare.com/i/16EY.svg', 'cillum aliquip aliqua', '{"Quidem":"Clamatomnis possunt"}'), (111, 2, 'character', 'https://svgshare.com/i/16EY.svg', 'Lorem in', '{"Delectam":"Bonas levate"}'), (112, 2, 'character', 'https://svgshare.com/i/16EY.svg', 'quis voluptate', '{"Metu":"Spe adverbum imo"}'), (113, 2, 'character', 'https://svgshare.com/i/16EY.svg', 'occaecat magna', '{"Eo":"Studuisset ipsam"}'), (114, 2, 'character', 'https://svgshare.com/i/16EY.svg', 'proident ea nulla', '{"Invenerim":"Defentur aliquod"}'), (115, 2, 'character', 'https://svgshare.com/i/16EY.svg', 'amet esse', '{"Et":"Quodsi dicet nis"}'), (116, 2, 'gadget', 'https://svgshare.com/i/16EY.svg', 'eu', '{"Chaere":"Maioribus nisi am"}'), (117, 2, 'gadget', 'https://svgshare.com/i/16EY.svg', 'non excepteur', '{"Tum":"Me quibus aut"}'), (118, 2, 'gadget', 'https://svgshare.com/i/16EY.svg', 'labore mollit tempor', '{"Mentitil":"Nullo p docui"}'), (119, 2, 'gadget', 'https://svgshare.com/i/16EY.svg', 'nostrud elit', '{"Ento":"Dolerum labefaces sensu"}'), (120, 2, 'gadget', 'https://svgshare.com/i/16EY.svg', 'laboris', '{"Ita":"Omnia cum"}'), (121, 2, 'gadget', 'https://svgshare.com/i/16EY.svg', 'quis', '{"Homo":"Qua novi"}'), (122, 2, 'gadget', 'https://svgshare.com/i/16EY.svg', 'ad', '{"Familis":"Non et omne"}'), (123, 2, 'gadget', 'https://svgshare.com/i/16EY.svg', 'laborum', '{"Maius":"Duo fastidium quae"}'), (124, 2, 'gadget', 'https://svgshare.com/i/16EY.svg', 'sit dolor nostrud', '{"Totam":"Minim expeditur itaque"}'), (125, 2, 'gadget', 'https://svgshare.com/i/16EY.svg', 'elit sit', '{"Minut":"Epicur inum"}'), (126, 2, 'gadget', 'https://svgshare.com/i/16EY.svg', 'incididunt in aliqua', '{"Propter":"Quapropteris epicitia quodsi"}'), (127, 2, 'gadget', 'https://svgshare.com/i/16EY.svg', 'mollit non', '{"Inum":"Certe verbis ullam"}'), (128, 2, 'gadget', 'https://svgshare.com/i/16EY.svg', 'nisi', '{"Quadamicar":"Pecunum atione"}'), (129, 2, 'gadget', 'https://svgshare.com/i/16EY.svg', 'elit laborum', '{"Doloresset":"Fortunt hoc"}'), (130, 2, 'gadget', 'https://svgshare.com/i/16EY.svg', 'occaecat', '{"Ipsi":"Exeros es rem"}'), (131, 2, 'gadget', 'https://svgshare.com/i/16EY.svg', 'mollit officia', '{"A":"Quam beatamicia solvantur"}'), (132, 2, 'gadget', 'https://svgshare.com/i/16EY.svg', 'aliqua ullamco', '{"Esse":"Sole et"}'), (133, 2, 'gadget', 'https://svgshare.com/i/16EY.svg', 'occaecat quis', '{"Dissero":"Multis diligiter permulti"}'), (134, 2, 'gadget', 'https://svgshare.com/i/16EY.svg', 'laborum labore', '{"Ad":"Torquatistim quicquam nos"}'), (135, 2, 'gadget', 'https://svgshare.com/i/16EY.svg', 'incididunt velit', '{"Esse":"Omnia viderudin nunc"}'), (136, 2, 'gadget', 'https://svgshare.com/i/16EY.svg', 'est cupidatat', '{"Satiscuntur":"Nullo reprehenim"}'), (137, 2, 'gadget', 'https://svgshare.com/i/16EY.svg', 'qui', '{"Qui":"At aut rebus"}'), (138, 2, 'gadget', 'https://svgshare.com/i/16EY.svg', 'velit elit', '{"Referenter":"Vivatum nihil"}'), (139, 2, 'gadget', 'https://svgshare.com/i/16EY.svg', 'esse velit aute', '{"Anime":"Doctior haec cum"}'), (140, 2, 'gadget', 'https://svgshare.com/i/16EY.svg', 'reprehenderit dolore', '{"Reprehent":"Hoc ferebimi"}'), (141, 2, 'gadget', 'https://svgshare.com/i/16EY.svg', 'labore', '{"Sit":"Neque epicitat propriusque"}'), (142, 2, 'gadget', 'https://svgshare.com/i/16EY.svg', 'cupidatat aliquip voluptate', '{"Cum":"Repertitia rata de"}'), (143, 2, 'gadget', 'https://svgshare.com/i/16EY.svg', 'esse deserunt laboris', '{"De":"Quod reret tantopere"}'), (144, 2, 'gadget', 'https://svgshare.com/i/16EY.svg', 'veniam eu voluptate', '{"Nullo":"Et confirmatum cupidinit"}'), (145, 2, 'gadget', 'https://svgshare.com/i/16EY.svg', 'aliquip fugiat', '{"Non":"Vos esse"}'), (146, 2, 'gadget', 'https://svgshare.com/i/16EY.svg', 'duis', '{"Dolorum":"Cupidciret et autem"}'), (147, 2, 'gadget', 'https://svgshare.com/i/16EY.svg', 'cillum aliquip ad', '{"Fugiendus":"Quibus inum quoniam"}'), (148, 2, 'gadget', 'https://svgshare.com/i/16EY.svg', 'labore esse', '{"Copulare":"Moles uti inter"}'), (149, 2, 'gadget', 'https://svgshare.com/i/16EY.svg', 'ad eiusmod nostrud', '{"Est":"Non autem"}'), (150, 2, 'gadget', 'https://svgshare.com/i/16EY.svg', 'sit et', '{"Synephebosop":"Id qua"}'), (151, 2, 'gadget', 'https://svgshare.com/i/16EY.svg', 'fugiat', '{"Cuius":"Ipse voluptatum"}'), (152, 2, 'gadget', 'https://svgshare.com/i/16EY.svg', 'aute', '{"Voluptates":"Quod iliuste infinire"}'), (153, 2, 'gadget', 'https://svgshare.com/i/16EY.svg', 'voluptate ut', '{"Bello":"Modo famil"}'), (154, 2, 'gadget', 'https://svgshare.com/i/16EY.svg', 'proident proident', '{"Corrigeret":"Esse tu atil"}'), (155, 2, 'gadget', 'https://svgshare.com/i/16EY.svg', 'in sint', '{"Eturalios":"Fugiam profectatum linab"}'), (156, 3, 'character', 'https://svgshare.com/i/16EY.svg', 'adipisicing aliquip', '{"Genuit":"Cotidcirco omnium"}'), (157, 3, 'character', 'https://svgshare.com/i/16EY.svg', 'id', '{"Autem":"In fieri nec"}'), (158, 3, 'character', 'https://svgshare.com/i/16EY.svg', 'minim', '{"Totum":"Graeca aboresse"}'), (159, 3, 'character', 'https://svgshare.com/i/16EY.svg', 'qui cupidatat nulla', '{"Am":"Tantopermit quae careat"}'), (160, 3, 'character', 'https://svgshare.com/i/16EY.svg', 'eiusmod Lorem laborum', '{"A":"Esse fieri"}'), (161, 3, 'character', 'https://svgshare.com/i/16EY.svg', 'amet enim et', '{"Idque":"Voluptare sint as"}'), (162, 3, 'character', 'https://svgshare.com/i/16EY.svg', 'amet', '{"Hominam":"Maloriant sus poterudin"}'), (163, 3, 'character', 'https://svgshare.com/i/16EY.svg', 'ex sint Lorem', '{"Igita":"Uti orest ini"}'), (164, 3, 'character', 'https://svgshare.com/i/16EY.svg', 'nostrud ad', '{"Videt":"Nomin ipsi"}'), (165, 3, 'character', 'https://svgshare.com/i/16EY.svg', 'occaecat ipsum', '{"Vi":"Ut impendere"}'), (166, 3, 'character', 'https://svgshare.com/i/16EY.svg', 'ut', '{"Appellat":"Te nunc rebus"}'), (167, 3, 'character', 'https://svgshare.com/i/16EY.svg', 'dolore', '{"Decornatur":"Ipsa fruenda aut"}'), (168, 3, 'character', 'https://svgshare.com/i/16EY.svg', 'reprehenderit amet ex', '{"Ne":"Epicab cum propterire"}'), (169, 3, 'character', 'https://svgshare.com/i/16EY.svg', 'qui Lorem', '{"Alem":"In discipi endum"}'), (170, 3, 'character', 'https://svgshare.com/i/16EY.svg', 'aliquip excepteur dolor', '{"M":"Puerillud autem e"}'), (171, 3, 'character', 'https://svgshare.com/i/16EY.svg', 'occaecat', '{"Salutrumque":"Arbitrore falsi"}'), (172, 3, 'character', 'https://svgshare.com/i/16EY.svg', 'culpa esse', '{"Utionis":"Ad ina"}'), (173, 3, 'character', 'https://svgshare.com/i/16EY.svg', 'ex ut officia', '{"Potius":"In laborem lud"}'), (174, 3, 'character', 'https://svgshare.com/i/16EY.svg', 'consequat nostrud', '{"Alita":"Videre aliae"}'), (175, 3, 'character', 'https://svgshare.com/i/16EY.svg', 'aute voluptate', '{"Causa":"Malunt intellegim facillum"}'), (176, 3, 'character', 'https://svgshare.com/i/16EY.svg', 'minim elit', '{"Fugientiam":"Iudicita maximperdid"}'), (177, 3, 'character', 'https://svgshare.com/i/16EY.svg', 'enim', '{"Fieri":"Nullo avis iturnitioq"}'), (178, 3, 'character', 'https://svgshare.com/i/16EY.svg', 'occaecat sit ipsum', '{"Traderunt":"Tamentiam crucian longinquit"}'), (179, 3, 'character', 'https://svgshare.com/i/16EY.svg', 'excepteur', '{"Efac":"Et quae"}'), (180, 3, 'character', 'https://svgshare.com/i/16EY.svg', 'ea', '{"Illa":"Beate praeda si"}'), (181, 3, 'character', 'https://svgshare.com/i/16EY.svg', 'reprehenderit', '{"Eo":"Molest omnes"}'), (182, 3, 'character', 'https://svgshare.com/i/16EY.svg', 'laborum eu minim', '{"Probest":"Praeteremus cum"}'), (183, 3, 'character', 'https://svgshare.com/i/16EY.svg', 'laborum Lorem do', '{"Ea":"Appetu sum docet"}'), (184, 3, 'character', 'https://svgshare.com/i/16EY.svg', 'id cillum', '{"Omnem":"Beate faciam affecta"}'), (185, 3, 'character', 'https://svgshare.com/i/16EY.svg', 'irure pariatur', '{"Scriben":"Imus torum id"}'), (186, 3, 'character', 'https://svgshare.com/i/16EY.svg', 'dolore qui', '{"Invitium":"It licam medium"}'), (187, 3, 'character', 'https://svgshare.com/i/16EY.svg', 'et enim reprehenderit', '{"Qui":"Te eoque es"}'), (188, 3, 'character', 'https://svgshare.com/i/16EY.svg', 'nulla aliqua', '{"Contem":"Robus reiciens paren"}'), (189, 3, 'character', 'https://svgshare.com/i/16EY.svg', 'cupidatat sit', '{"Ine":"Ad quod quarum"}'), (190, 3, 'character', 'https://svgshare.com/i/16EY.svg', 'commodo esse', '{"Locosophor":"Res et"}'), (191, 3, 'character', 'https://svgshare.com/i/16EY.svg', 'laborum reprehenderit', '{"Iis":"Amicata est"}'), (192, 3, 'gadget', 'https://svgshare.com/i/16EY.svg', 'reprehenderit', '{"In":"Finibusan nos"}'), (193, 3, 'gadget', 'https://svgshare.com/i/16EY.svg', 'incididunt anim', '{"Si":"Dolor in"}'), (194, 3, 'gadget', 'https://svgshare.com/i/16EY.svg', 'mollit', '{"Perspicuum":"Issimis utrius nec"}'), (195, 3, 'gadget', 'https://svgshare.com/i/16EY.svg', 'sint reprehenderit', '{"Tum":"Ab cum disserentes"}'), (196, 3, 'gadget', 'https://svgshare.com/i/16EY.svg', 'anim', '{"Neque":"Sunt in"}'), (197, 3, 'gadget', 'https://svgshare.com/i/16EY.svg', 'adipisicing', '{"In":"Multa indivinclus"}'), (198, 3, 'gadget', 'https://svgshare.com/i/16EY.svg', 'eiusmod quis', '{"Met":"Et autem"}'), (199, 3, 'gadget', 'https://svgshare.com/i/16EY.svg', 'est commodo amet', '{"Explicem":"Rerum epicur"}'), (200, 3, 'gadget', 'https://svgshare.com/i/16EY.svg', 'nostrud laborum esse', '{"Natur":"Eorum utrumvis e"}'), (201, 3, 'gadget', 'https://svgshare.com/i/16EY.svg', 'fugiat ex labore', '{"Ine":"Es optari"}'), (202, 3, 'gadget', 'https://svgshare.com/i/16EY.svg', 'ipsum qui', '{"Quidnam":"Omnium facullam"}'), (203, 3, 'gadget', 'https://svgshare.com/i/16EY.svg', 'excepteur', '{"Quod":"Saepti ineri"}'), (204, 3, 'gadget', 'https://svgshare.com/i/16EY.svg', 'aute est', '{"Inquam":"Legime tibusque legi"}'), (205, 3, 'gadget', 'https://svgshare.com/i/16EY.svg', 'veniam nostrud', '{"Aut":"Esset quae ophia"}'), (206, 3, 'gadget', 'https://svgshare.com/i/16EY.svg', 'qui adipisicing', '{"Neque":"Eorum privavisset"}'), (207, 3, 'gadget', 'https://svgshare.com/i/16EY.svg', 'deserunt aliquip', '{"Cupiderum":"Sibi statuamur"}'), (208, 3, 'gadget', 'https://svgshare.com/i/16EY.svg', 'elit', '{"Dissentinguiq":"Ius amicia voluptatem"}'), (209, 3, 'gadget', 'https://svgshare.com/i/16EY.svg', 'do culpa', '{"Omni":"D rem convenire"}'), (210, 3, 'gadget', 'https://svgshare.com/i/16EY.svg', 'ipsum pariatur', '{"Civium":"Habertimum iner declinatom"}'), (211, 3, 'gadget', 'https://svgshare.com/i/16EY.svg', 'eu voluptate', '{"Hominter":"Posse fastidii"}'), (212, 3, 'gadget', 'https://svgshare.com/i/16EY.svg', 'duis sint', '{"Utilii":"Dixit dolorest"}'), (213, 3, 'gadget', 'https://svgshare.com/i/16EY.svg', 'exercitation mollit fugiat', '{"Pectantas":"Quod uta vitae"}'), (214, 3, 'gadget', 'https://svgshare.com/i/16EY.svg', 'velit voluptate', '{"Rem":"Quos ego"}'), (215, 3, 'gadget', 'https://svgshare.com/i/16EY.svg', 'occaecat culpa tempor', '{"Factis":"Ilisti quam"}'), (216, 3, 'gadget', 'https://svgshare.com/i/16EY.svg', 'tempor', '{"Eo":"Ac qui"}'), (217, 3, 'gadget', 'https://svgshare.com/i/16EY.svg', 'aliqua consequat proident', '{"Esse":"Naturi cupidua ne"}'), (218, 3, 'gadget', 'https://svgshare.com/i/16EY.svg', 'mollit enim nulla', '{"Maior":"De detraxit abilla"}'), (219, 3, 'gadget', 'https://svgshare.com/i/16EY.svg', 'magna', '{"Ipsam":"Quamquam quod es"}'), (220, 3, 'gadget', 'https://svgshare.com/i/16EY.svg', 'reprehenderit ad', '{"Commodo":"Ophiae accusante"}'), (221, 3, 'gadget', 'https://svgshare.com/i/16EY.svg', 'sunt adipisicing ut', '{"Expetent":"Quis libiderun"}'), (222, 3, 'gadget', 'https://svgshare.com/i/16EY.svg', 'laborum', '{"Aeque":"Perantes estatemus sint"}'), (223, 3, 'gadget', 'https://svgshare.com/i/16EY.svg', 'culpa amet nisi', '{"Nosterum":"Igitat latin res"}'), (224, 3, 'gadget', 'https://svgshare.com/i/16EY.svg', 'commodo aliqua', '{"Relique":"Endis leviustit quem"}'), (225, 3, 'gadget', 'https://svgshare.com/i/16EY.svg', 'voluptate', '{"Est":"Tamquam audire"}'), (226, 3, 'gadget', 'https://svgshare.com/i/16EY.svg', 'proident excepteur in', '{"Inprobata":"Etiam mortem"}'), (227, 3, 'gadget', 'https://svgshare.com/i/16EY.svg', 'sunt', '{"Satis":"De quo"}'), (228, 3, 'gadget', 'https://svgshare.com/i/16EY.svg', 'irure cillum', '{"Philosopor":"Libere ego de"}'), (229, 3, 'gadget', 'https://svgshare.com/i/16EY.svg', 'nostrud', '{"Abitiae":"Sit praeclare"}'), (230, 3, 'gadget', 'https://svgshare.com/i/16EY.svg', 'eu quis', '{"Et":"Loco sed"}');
SELECT setval('"public"."game_id_seq"'::regclass, (SELECT MAX("id") FROM "public"."game"));
SELECT setval('"public"."game_object_id_seq"'::regclass, (SELECT MAX("id") FROM "public"."game_object"));
INSERT INTO public.team (id,name,plan_id,game_id,created_at,updated_at) VALUES ('7c2c4732-09c1-5f7b-87ca-c53e7497b4ef', 'Nisi Pariatur', NULL, 3, DEFAULT, DEFAULT), ('f50563b6-8532-51ec-b121-d8c6bca3e897', 'Magna Ipsum', NULL, 3, DEFAULT, DEFAULT), ('5e20f9a8-7b26-5a5f-8426-6b12c182d23c', 'Non Fugiat Velit Non', NULL, 2, DEFAULT, DEFAULT), ('53fe0e9e-3358-5722-b994-4faad8733cd3', 'Anim Irure', NULL, 3, DEFAULT, DEFAULT), ('782f7eda-e535-5ab3-8415-643126d3b0fa', 'Commodo Velit Nisi', NULL, 1, DEFAULT, DEFAULT), ('5daf6f25-3b97-5f49-8f75-4ba5d1d74cd3', 'Sit Anim Aliqua Cill', NULL, 3, DEFAULT, DEFAULT);
INSERT INTO public.plan (id,name,pricing,pricing_interval,color,default_plan,config,created_at,updated_at) VALUES (1, 'Essential', 0, 'annually', 'rgba(245, 245, 245, .7)', 't', '{"max_members":6,"max_blueprints":100,"max_books":20}', DEFAULT, DEFAULT), (2, 'Advanced', 15.803108597090716, 'annually', 'rgb(107, 185, 242)', 'f', '{"max_members":12,"max_blueprints":200,"max_books":40}', DEFAULT, DEFAULT), (3, 'Pro', 12.111348826482082, 'monthly', 'rgb(224, 76, 85)', 'f', '{"max_members":18,"max_blueprints":300,"max_books":60}', DEFAULT, DEFAULT);
INSERT INTO public.book (id,name,team_id,created_at,updated_at) VALUES ('1e7e0bcb-4fc0-5d72-81a5-d67a74a13595', 'Qui Commodo Ea', '7c2c4732-09c1-5f7b-87ca-c53e7497b4ef', DEFAULT, DEFAULT), ('d297ab9e-40d4-51b5-bb8f-a1df399f1a9a', 'Cupidatat', '7c2c4732-09c1-5f7b-87ca-c53e7497b4ef', DEFAULT, DEFAULT), ('d1b8f3f8-af26-5088-8712-273c28ba98f7', 'In In', '7c2c4732-09c1-5f7b-87ca-c53e7497b4ef', DEFAULT, DEFAULT), ('3ff60d7a-a4ad-54c5-a422-53b52cd53093', 'Esse', '7c2c4732-09c1-5f7b-87ca-c53e7497b4ef', DEFAULT, DEFAULT), ('cfbfd1d4-e77f-57e5-94da-e9ff2cc7a996', 'Proident Mollit Ea', '7c2c4732-09c1-5f7b-87ca-c53e7497b4ef', DEFAULT, DEFAULT), ('92bf5244-388d-5bbf-bd84-1c7ad2efe31b', 'In Cupidatat', '7c2c4732-09c1-5f7b-87ca-c53e7497b4ef', DEFAULT, DEFAULT), ('9584676f-0635-591a-a937-d230d9a3abf3', 'Minim', '7c2c4732-09c1-5f7b-87ca-c53e7497b4ef', DEFAULT, DEFAULT), ('5777772e-8d66-5c0f-ab03-fb0419760db6', 'Et Ut', '7c2c4732-09c1-5f7b-87ca-c53e7497b4ef', DEFAULT, DEFAULT), ('98eaafd3-adbf-5a3e-adb9-b3fb6971b6f1', 'Minim', 'f50563b6-8532-51ec-b121-d8c6bca3e897', DEFAULT, DEFAULT), ('2d1d7734-be70-5d07-a538-e76c6cae722e', 'Incididunt', 'f50563b6-8532-51ec-b121-d8c6bca3e897', DEFAULT, DEFAULT), ('b5605791-3389-56c2-9ec6-17d538b9bb85', 'Lorem Proident', 'f50563b6-8532-51ec-b121-d8c6bca3e897', DEFAULT, DEFAULT), ('a5831e58-2fc9-5b59-970d-00c344a4eb18', 'Excepteur Do', 'f50563b6-8532-51ec-b121-d8c6bca3e897', DEFAULT, DEFAULT), ('d19db439-c7e7-53a7-aa19-0db346180dc1', 'Excepteur Eu', '5e20f9a8-7b26-5a5f-8426-6b12c182d23c', DEFAULT, DEFAULT), ('91434b27-2651-5429-8f42-45c3f8e334a0', 'Ut', '5e20f9a8-7b26-5a5f-8426-6b12c182d23c', DEFAULT, DEFAULT), ('549980e7-3e77-5d76-b263-84664d04b209', 'Cupidatat Commodo Ve', '5e20f9a8-7b26-5a5f-8426-6b12c182d23c', DEFAULT, DEFAULT), ('e4de1a09-bd9a-5e42-b92c-2cb1af28bec6', 'Tempor Voluptate', '5e20f9a8-7b26-5a5f-8426-6b12c182d23c', DEFAULT, DEFAULT), ('f4b5542b-ba61-519e-a8d2-5793282ad487', 'Pariatur Sit', '5e20f9a8-7b26-5a5f-8426-6b12c182d23c', DEFAULT, DEFAULT), ('cd7c291a-6d6e-5632-91e5-b7fd7a634d7d', 'Exercitation Tempor', '5e20f9a8-7b26-5a5f-8426-6b12c182d23c', DEFAULT, DEFAULT), ('b32027db-33da-5dc2-b906-e0c2a06ac683', 'Laborum', '53fe0e9e-3358-5722-b994-4faad8733cd3', DEFAULT, DEFAULT), ('b7a89d05-549f-565f-b631-b59097e91d1a', 'Adipisicing', '53fe0e9e-3358-5722-b994-4faad8733cd3', DEFAULT, DEFAULT), ('ac9f0e3e-b030-584f-a8dd-87355fe22537', 'Eiusmod Sit Cupidata', '53fe0e9e-3358-5722-b994-4faad8733cd3', DEFAULT, DEFAULT), ('438bff0e-fd50-5c86-89ee-d397a0c0e548', 'Sunt Duis', '53fe0e9e-3358-5722-b994-4faad8733cd3', DEFAULT, DEFAULT), ('9bf2ad50-cccb-50eb-8269-3a7e78bd21f5', 'Magna Consequat', '53fe0e9e-3358-5722-b994-4faad8733cd3', DEFAULT, DEFAULT), ('36f6f3ba-e867-5008-b6c1-829e989f9d2f', 'Occaecat Velit', '53fe0e9e-3358-5722-b994-4faad8733cd3', DEFAULT, DEFAULT), ('19495f2f-99a6-5394-9596-a1d3fb0d3196', 'Dolor Tempor', '53fe0e9e-3358-5722-b994-4faad8733cd3', DEFAULT, DEFAULT), ('9a184097-b9bc-5f22-ba40-6c62e83423ab', 'Anim Non', '53fe0e9e-3358-5722-b994-4faad8733cd3', DEFAULT, DEFAULT), ('a3141029-aec2-543b-b18a-49fe947e3304', 'Anim', '782f7eda-e535-5ab3-8415-643126d3b0fa', DEFAULT, DEFAULT), ('6c52c1d9-13a4-51ef-ae51-1dacc4c14be9', 'Occaecat Ipsum', '782f7eda-e535-5ab3-8415-643126d3b0fa', DEFAULT, DEFAULT), ('2589cf16-4103-5a4f-b544-b30078083eaa', 'Incididunt Est', '782f7eda-e535-5ab3-8415-643126d3b0fa', DEFAULT, DEFAULT), ('a88bc9b9-135e-55c7-8c4c-5a072a3c8573', 'Ut', '782f7eda-e535-5ab3-8415-643126d3b0fa', DEFAULT, DEFAULT), ('9b1fc781-1e4e-56d2-bd68-0dc257a319c0', 'Occaecat Labore Eius', '5daf6f25-3b97-5f49-8f75-4ba5d1d74cd3', DEFAULT, DEFAULT), ('8a0a556f-d942-55f0-8ba8-1ffbfaf3c6d9', 'Ipsum Ea', '5daf6f25-3b97-5f49-8f75-4ba5d1d74cd3', DEFAULT, DEFAULT), ('91fa3874-9437-5dfa-a49a-f19fb38d9e92', 'Elit', '5daf6f25-3b97-5f49-8f75-4ba5d1d74cd3', DEFAULT, DEFAULT), ('eda91f04-12ef-5904-88aa-e6ed9a692e03', 'Mollit Fugiat Velit', '5daf6f25-3b97-5f49-8f75-4ba5d1d74cd3', DEFAULT, DEFAULT), ('1d3f740a-8c60-5c1d-aa9e-3854a33c8e1d', 'Minim Aute Minim', '5daf6f25-3b97-5f49-8f75-4ba5d1d74cd3', DEFAULT, DEFAULT), ('d9bba68a-079c-5141-bd43-756b87167584', 'Reprehenderit', '5daf6f25-3b97-5f49-8f75-4ba5d1d74cd3', DEFAULT, DEFAULT), ('ca65e33b-de71-5d46-933a-849036127987', 'Lorem', '5daf6f25-3b97-5f49-8f75-4ba5d1d74cd3', DEFAULT, DEFAULT), ('f52ce409-f800-5a86-b4ed-ce1a99a8a6ae', 'Tempor', '5daf6f25-3b97-5f49-8f75-4ba5d1d74cd3', DEFAULT, DEFAULT), ('5ef5a669-7ca0-5a58-879f-c84c6abe3657', 'Esse Consectetur', '5daf6f25-3b97-5f49-8f75-4ba5d1d74cd3', DEFAULT, DEFAULT);
UPDATE public.team SET plan_id = 1 WHERE id = '7c2c4732-09c1-5f7b-87ca-c53e7497b4ef';
UPDATE public.team SET plan_id = 1 WHERE id = 'f50563b6-8532-51ec-b121-d8c6bca3e897';
UPDATE public.team SET plan_id = 2 WHERE id = '5e20f9a8-7b26-5a5f-8426-6b12c182d23c';
UPDATE public.team SET plan_id = 2 WHERE id = '53fe0e9e-3358-5722-b994-4faad8733cd3';
UPDATE public.team SET plan_id = 3 WHERE id = '782f7eda-e535-5ab3-8415-643126d3b0fa';
UPDATE public.team SET plan_id = 3 WHERE id = '5daf6f25-3b97-5f49-8f75-4ba5d1d74cd3';
SELECT setval('"public"."plan_id_seq"'::regclass, (SELECT MAX("id") FROM "public"."plan"));
INSERT INTO public.arena (id,game_id,name,metadata,outdated,created_at,updated_at) VALUES (1, 1, 'Silverlake Stadium', DEFAULT, 't', DEFAULT, DEFAULT), (2, 1, 'Downtown Plaza Pavilion', DEFAULT, 'f', DEFAULT, DEFAULT), (3, 1, 'Bayshore Pavilion', DEFAULT, 't', DEFAULT, DEFAULT), (4, 1, 'Sunset Stadium', DEFAULT, 't', DEFAULT, DEFAULT), (5, 1, 'Downtown Square Pavilion', DEFAULT, 't', DEFAULT, DEFAULT), (6, 1, 'Oceanfront Amphitheater', DEFAULT, 'f', DEFAULT, DEFAULT), (7, 2, 'Main Square Arena', DEFAULT, 'f', DEFAULT, DEFAULT), (8, 1, 'Southbank Arena', DEFAULT, 't', DEFAULT, DEFAULT), (9, 2, 'Waterfront Amphitheater', DEFAULT, 'f', DEFAULT, DEFAULT), (10, 1, 'Meadowbrook Pavilion', DEFAULT, 'f', DEFAULT, DEFAULT);
SELECT setval('"public"."arena_id_seq"'::regclass, (SELECT MAX("id") FROM "public"."arena"));
INSERT INTO public.blueprint (id,book_id,arena_id,visibility,name,tags,created_at,updated_at) VALUES ('fd4a2d4e-8569-59ca-837d-fb7fa0ab1be1', '91434b27-2651-5429-8f42-45c3f8e334a0', 5, 'public', 'Roaming Support Plan', '{"pariatur irure velit","culpa sint excepteur non","ipsum ea","cillum duis ex","et anim excepteur est cupidatat","irure consectetur","magna veniam","nostrud ea","in laborum tempor","deserunt anim"}', DEFAULT, DEFAULT), ('e0502ed9-8194-54d4-be5d-43176e2a7438', 'ac9f0e3e-b030-584f-a8dd-87355fe22537', 8, 'unlisted', 'Roaming Support Plan', '{"id Lorem non","sint esse","ut occaecat eiusmod aliqua","eu sint aliqua eu pariatur","culpa labore ut","non ex nulla","dolor Lorem quis velit sunt","et officia qui incididunt","velit","ipsum commodo ex"}', DEFAULT, DEFAULT), ('cba89714-5b1d-590f-92a2-27cfb555b7e4', 'f52ce409-f800-5a86-b4ed-ce1a99a8a6ae', 4, 'public', 'Gank Heavy Approach', '{"proident","do qui adipisicing"}', DEFAULT, DEFAULT), ('497b8842-fb80-5638-ba6f-3f3e64daa06b', '6c52c1d9-13a4-51ef-ae51-1dacc4c14be9', 2, 'public', 'Map Control Blueprint', '{}', DEFAULT, DEFAULT), ('75fbf0dd-b3c9-5513-87f0-9d9a9004f64c', 'cd7c291a-6d6e-5632-91e5-b7fd7a634d7d', 3, 'private', 'Baron Control Strategy', '{"elit voluptate Lorem sit","minim esse","eu nisi commodo eu","cupidatat in ad","sint quis irure velit non","ullamco tempor","culpa laborum","consequat veniam"}', DEFAULT, DEFAULT), ('0352b4c9-6de9-5702-929d-3d622c6456a1', 'a88bc9b9-135e-55c7-8c4c-5a072a3c8573', 4, 'public', 'Rotation Strategy Document', '{"quis sunt tempor do","exercitation voluptate dolor","duis cillum et","nulla proident sit pariatur ipsu","enim laboris cupidatat cillum","do duis ex","cillum cupidatat ea","voluptate labore aliqua consequa","fugiat veniam nulla"}', DEFAULT, DEFAULT), ('1e701d2b-566c-5f82-8280-a2a9d02ee590', '1d3f740a-8c60-5c1d-aa9e-3854a33c8e1d', 4, 'unlisted', 'Early Game Dominance Guide', '{"ut do proident enim"}', DEFAULT, DEFAULT), ('f04c0ed1-b624-5092-8b98-dae6fff857dc', '6c52c1d9-13a4-51ef-ae51-1dacc4c14be9', 6, 'private', 'Early Game Dominance Guide', '{}', DEFAULT, DEFAULT), ('7eef79d9-ea6c-5417-b347-09dbcb8b4c78', '438bff0e-fd50-5c86-89ee-d397a0c0e548', 3, 'unlisted', 'Roaming Support Plan', '{"proident","quis cillum exercitation duis","fugiat ut","ipsum qui deserunt ut adipisicin","laborum laboris eiusmod velit","aute eiusmod"}', DEFAULT, DEFAULT), ('3aff3e37-0331-5c7a-a0f5-1b6595c2ad7b', '92bf5244-388d-5bbf-bd84-1c7ad2efe31b', 9, 'public', 'Baron Control Strategy', '{"tempor veniam id ipsum anim","labore consequat sit","amet nulla","proident laboris dolor consectet","adipisicing","commodo sit magna"}', DEFAULT, DEFAULT), ('7c0cf1d4-d57d-5092-a3f0-ca49e04ace52', 'd1b8f3f8-af26-5088-8712-273c28ba98f7', 3, 'public', 'Roaming Support Plan', '{"ullamco anim sint elit","commodo magna laborum anim","labore culpa","nostrud fugiat","excepteur do ipsum","reprehenderit nisi adipisicing","est eu reprehenderit"}', DEFAULT, DEFAULT), ('26c80d6d-0d6f-5fb2-8296-8b5e9e1fdeb7', '1d3f740a-8c60-5c1d-aa9e-3854a33c8e1d', 10, 'unlisted', 'Early Game Dominance Guide', '{"laboris aliquip consequat","deserunt pariatur","nostrud ullamco sunt mollit","magna do amet qui"}', DEFAULT, DEFAULT), ('310ccf44-859c-5587-8001-5aa84afb3236', 'a3141029-aec2-543b-b18a-49fe947e3304', 7, 'private', 'Wave Management Plan', '{"tempor duis sunt"}', DEFAULT, DEFAULT), ('c6131a0d-c1ea-5dce-8460-c91026e41f9f', '5777772e-8d66-5c0f-ab03-fb0419760db6', 7, 'public', 'Siege Tactics Handbook', '{}', DEFAULT, DEFAULT), ('054eb394-a081-59a1-b613-e1c8bbcc6250', 'a5831e58-2fc9-5b59-970d-00c344a4eb18', 3, 'public', 'Counter Pick Blueprint', '{"qui","ea consectetur","incididunt proident","tempor irure est","enim","magna et veniam cillum non","pariatur"}', DEFAULT, DEFAULT), ('4cb602e9-b66f-5f7e-a7a1-71729454372c', '8a0a556f-d942-55f0-8ba8-1ffbfaf3c6d9', 8, 'unlisted', 'Rotation Strategy Document', '{"aliqua excepteur qui adipisicing"}', DEFAULT, DEFAULT), ('8ed312f8-fa19-5305-a78e-7cdee2dc9e00', '1e7e0bcb-4fc0-5d72-81a5-d67a74a13595', 9, 'private', 'Aggressive Rush Strategy', '{"officia elit sint irure","exercitation nisi","nostrud culpa","elit cillum"}', DEFAULT, DEFAULT), ('c9bad04c-3d6e-5efe-9540-7763dde57640', '36f6f3ba-e867-5008-b6c1-829e989f9d2f', 9, 'private', 'Objective Focused Strategy', '{"veniam adipisicing sint","consequat ullamco aliqua","voluptate et sint minim"}', DEFAULT, DEFAULT), ('7a350dde-d215-538c-bfd3-d5cdd8b40555', 'd1b8f3f8-af26-5088-8712-273c28ba98f7', 10, 'public', 'Counter Pick Blueprint', '{"eu anim id","est eu magna nulla","esse","ut minim","aliquip elit","aute fugiat laborum tempor","dolor est dolore fugiat","Lorem sit sit eiusmod","tempor"}', DEFAULT, DEFAULT), ('bd6c4dd0-06e8-56ab-abd6-6e9e777c13a7', '9b1fc781-1e4e-56d2-bd68-0dc257a319c0', 4, 'public', 'Counter Pick Blueprint', '{"incididunt ullamco incididunt"}', DEFAULT, DEFAULT), ('844103e5-8cf8-5795-8a63-ccecfc3e2001', 'cd7c291a-6d6e-5632-91e5-b7fd7a634d7d', 6, 'public', 'Gank Heavy Approach', '{"magna non aliqua est"}', DEFAULT, DEFAULT), ('582d0ca1-76cc-5500-9dd8-190ab817072d', '98eaafd3-adbf-5a3e-adb9-b3fb6971b6f1', 9, 'private', 'Vision Control Blueprint', '{"consectetur esse exercitation el","sunt eu fugiat sit","veniam ipsum tempor","ipsum officia ipsum","non amet sint dolore do"}', DEFAULT, DEFAULT), ('9012aa86-f8a2-5033-82d5-336bcaa03c26', '19495f2f-99a6-5394-9596-a1d3fb0d3196', 10, 'public', 'Siege Tactics Handbook', '{"quis velit fugiat ad"}', DEFAULT, DEFAULT), ('746bb5ad-439a-519a-90ef-991641df1623', '6c52c1d9-13a4-51ef-ae51-1dacc4c14be9', 8, 'unlisted', 'Late Game Scaling Strategy', '{"commodo do","deserunt eu","laborum excepteur minim","nostrud exercitation","ipsum laboris esse consectetur","ad","anim enim"}', DEFAULT, DEFAULT), ('b1bab82d-de7c-55e3-8115-1651b8f68765', '549980e7-3e77-5d76-b263-84664d04b209', 2, 'private', 'Secure Objective Playbook', '{"elit tempor ex commodo","dolor culpa aute minim","veniam duis commodo","velit ea","sit commodo","aute velit","amet sint ullamco","est et","duis fugiat id"}', DEFAULT, DEFAULT), ('0145500d-2ab2-5c49-9cea-edd711ce1cc9', '2589cf16-4103-5a4f-b544-b30078083eaa', 4, 'unlisted', 'Aggressive Rush Strategy', '{"ipsum","tempor laboris"}', DEFAULT, DEFAULT), ('703c3370-90fb-5d22-8365-f34357b3ffb8', 'a88bc9b9-135e-55c7-8c4c-5a072a3c8573', 7, 'private', 'Rotation Strategy Document', '{"non cillum","ut sint ullamco eu excepteur","ex aute aliqua enim","cupidatat","cillum nostrud qui amet"}', DEFAULT, DEFAULT), ('fd862b26-fe8c-52d0-b06e-3c9f938bd3ab', 'e4de1a09-bd9a-5e42-b92c-2cb1af28bec6', 7, 'public', 'Jungle Control Playbook', '{"adipisicing do","voluptate deserunt magna","irure esse dolor","est esse sunt"}', DEFAULT, DEFAULT), ('70415515-b81b-59ef-a1ed-18578b73b7ae', '3ff60d7a-a4ad-54c5-a422-53b52cd53093', 8, 'private', 'Baron Control Strategy', '{"consequat Lorem","dolore","sunt magna","dolore aute fugiat","anim ad","labore laboris commodo enim","nostrud","in consectetur","laboris nisi anim"}', DEFAULT, DEFAULT), ('c5558815-aa72-5938-a7c8-62ae2c1a039c', '91434b27-2651-5429-8f42-45c3f8e334a0', 8, 'public', 'Secure Objective Playbook', '{"tempor anim","elit anim deserunt minim","voluptate"}', DEFAULT, DEFAULT), ('703bbd20-9625-5bd7-8aa3-5ead0245fe50', '9b1fc781-1e4e-56d2-bd68-0dc257a319c0', 1, 'unlisted', 'Objective Focused Strategy', '{"consequat aliquip","elit ea non ipsum","dolor ut dolore","cillum consequat velit amet enim"}', DEFAULT, DEFAULT), ('68ff3d82-b6b6-5053-9e74-aa9b346dd8d1', '8a0a556f-d942-55f0-8ba8-1ffbfaf3c6d9', 10, 'private', 'Wave Management Plan', '{"quis id commodo","cupidatat Lorem do","do consequat nostrud"}', DEFAULT, DEFAULT), ('522e120d-7e21-504a-9c96-99e429197e5a', '2d1d7734-be70-5d07-a538-e76c6cae722e', 7, 'unlisted', 'Counter Pick Blueprint', '{"fugiat pariatur deserunt","cupidatat velit veniam in"}', DEFAULT, DEFAULT), ('54b879fc-04e4-53b3-8cec-0174fc0ccd34', '5777772e-8d66-5c0f-ab03-fb0419760db6', 5, 'private', 'Counter Pick Blueprint', '{"sit ea duis duis"}', DEFAULT, DEFAULT), ('fb90b354-0ae1-59da-9637-61f6c5ed3fb9', 'cd7c291a-6d6e-5632-91e5-b7fd7a634d7d', 4, 'public', 'Secure Objective Playbook', '{"esse culpa ad nulla sit","nulla eu","sit eiusmod non nulla magna"}', DEFAULT, DEFAULT), ('95b3988b-e14b-57a7-900d-4985cb116f17', 'd1b8f3f8-af26-5088-8712-273c28ba98f7', 6, 'private', 'Gank Heavy Approach', '{"eiusmod non","voluptate excepteur sint","anim adipisicing ullamco officia","ad culpa culpa laboris","cillum veniam"}', DEFAULT, DEFAULT), ('7d1face3-2e87-52f5-9623-fff9de0a6539', 'cd7c291a-6d6e-5632-91e5-b7fd7a634d7d', 9, 'public', 'Map Control Blueprint', '{"consequat cillum","dolor enim quis velit elit","ipsum ullamco do excepteur","quis","duis proident in consectetur inc","velit sit","sint ad excepteur excepteur","adipisicing veniam"}', DEFAULT, DEFAULT), ('e8bf9a25-132d-5d46-b40a-d08534be6c9f', '2589cf16-4103-5a4f-b544-b30078083eaa', 1, 'unlisted', 'Counter Pick Blueprint', '{"irure velit minim minim","irure eu veniam","nulla laborum velit"}', DEFAULT, DEFAULT), ('29a560e9-84d9-5f41-9b09-76969cbfb144', '8a0a556f-d942-55f0-8ba8-1ffbfaf3c6d9', 2, 'public', 'Counter Pick Blueprint', '{"aute ullamco adipisicing ut labo","ut cupidatat esse aliquip sit","quis dolor sint laboris"}', DEFAULT, DEFAULT), ('d9c4b302-5ab0-5114-8120-41d1876c7eb9', '1e7e0bcb-4fc0-5d72-81a5-d67a74a13595', 7, 'public', 'Objective Focused Strategy', '{"dolor sunt","nostrud ad veniam ex","magna cupidatat Lorem"}', DEFAULT, DEFAULT), ('ca1b9e1e-f7c0-5c4a-a566-aabf3f7ebb80', '3ff60d7a-a4ad-54c5-a422-53b52cd53093', 3, 'unlisted', 'Vision Denial Blueprint', '{"irure pariatur","veniam sint duis proident velit","adipisicing deserunt occaecat cu","pariatur adipisicing exercitatio"}', DEFAULT, DEFAULT), ('cde91e33-9c71-56e0-b19e-f2372fa577cf', '6c52c1d9-13a4-51ef-ae51-1dacc4c14be9', 10, 'private', 'Secure Objective Playbook', '{"aute exercitation ut anim conseq","consequat","aliqua irure cillum","ad occaecat labore cillum","excepteur nisi Lorem irure sint","adipisicing eiusmod consequat ei"}', DEFAULT, DEFAULT), ('013547e4-326e-5221-8377-310093ccf53a', 'd9bba68a-079c-5141-bd43-756b87167584', 10, 'private', 'Rotation Strategy Document', '{"non labore sit nulla","dolore cillum anim velit","ut et"}', DEFAULT, DEFAULT), ('50cffa66-dd91-5aed-8c46-1b76e488de31', 'f4b5542b-ba61-519e-a8d2-5793282ad487', 6, 'unlisted', 'Rotation Strategy Document', '{"qui cupidatat","aliqua sint cupidatat amet","proident exercitation","cillum magna","id elit","commodo deserunt id adipisicing","pariatur esse tempor eu","velit reprehenderit","laboris ut","commodo et pariatur nulla"}', DEFAULT, DEFAULT), ('f550c2bf-a147-5e29-8a01-470336f387eb', '1d3f740a-8c60-5c1d-aa9e-3854a33c8e1d', 6, 'unlisted', 'Map Control Blueprint', '{"minim magna ullamco"}', DEFAULT, DEFAULT), ('a30e3d57-ad0a-594d-9622-8a2514b8110c', 'a3141029-aec2-543b-b18a-49fe947e3304', 8, 'private', 'Roaming Support Plan', '{"voluptate dolore exercitation fu","est","quis labore","nulla mollit duis culpa","duis reprehenderit eu","Lorem consequat enim reprehender","elit dolor amet","pariatur duis"}', DEFAULT, DEFAULT), ('cb76f565-509b-50d9-bbe4-5c6e7c9b0eb4', 'd9bba68a-079c-5141-bd43-756b87167584', 10, 'unlisted', 'Secure Objective Playbook', '{"commodo ipsum minim qui ex","et non non","consequat laboris","elit","sunt laboris","et id","officia amet tempor laboris","reprehenderit"}', DEFAULT, DEFAULT), ('a344c7b4-07e6-54df-b4ed-f27c7916e147', '91fa3874-9437-5dfa-a49a-f19fb38d9e92', 2, 'public', 'Split Push Blueprint', '{"sint officia","id qui velit adipisicing","id elit fugiat"}', DEFAULT, DEFAULT), ('6c40d2d3-07ad-5aa1-a5fa-cf5861475e5d', 'f52ce409-f800-5a86-b4ed-ce1a99a8a6ae', 5, 'unlisted', 'Team Fight Execution Plan', '{"incididunt ad","aliquip reprehenderit adipisicin","anim non non","minim","adipisicing esse amet","irure reprehenderit elit","cupidatat","occaecat ad","minim aliqua"}', DEFAULT, DEFAULT), ('ba7460a4-9316-52e4-9e3a-05ee82b85e66', '91fa3874-9437-5dfa-a49a-f19fb38d9e92', 5, 'unlisted', 'Split Push Blueprint', '{"deserunt culpa eu laboris","id qui","magna exercitation pariatur veli","eiusmod ea eiusmod id","fugiat in non","magna ipsum sunt"}', DEFAULT, DEFAULT), ('fb3595df-62ad-5f54-ac34-3a578952555c', 'd297ab9e-40d4-51b5-bb8f-a1df399f1a9a', 9, 'public', 'Map Control Blueprint', '{"incididunt ea consequat id","minim commodo et ullamco","ex Lorem minim amet","sint nulla velit ipsum","fugiat sint quis"}', DEFAULT, DEFAULT), ('90edde40-1b87-5f75-90b9-68639fbcb2b8', 'f4b5542b-ba61-519e-a8d2-5793282ad487', 8, 'unlisted', 'Map Control Blueprint', '{"Lorem do amet laborum qui","nostrud amet","reprehenderit id","sint cillum excepteur"}', DEFAULT, DEFAULT), ('ea26a496-35d8-5f3f-a769-a80898ec7b17', 'a3141029-aec2-543b-b18a-49fe947e3304', 2, 'unlisted', 'Aggressive Rush Strategy', '{"ut velit","et adipisicing dolore labore"}', DEFAULT, DEFAULT), ('035a0a25-d588-551c-9f76-4e9f593ffaf4', '1d3f740a-8c60-5c1d-aa9e-3854a33c8e1d', 9, 'public', 'Aggressive Rush Strategy', '{"sint ex nostrud","duis cupidatat excepteur","laboris commodo","enim consectetur voluptate incid"}', DEFAULT, DEFAULT), ('e7f55997-6008-5d29-9f7f-564ab748cc59', '549980e7-3e77-5d76-b263-84664d04b209', 8, 'private', 'Siege Tactics Handbook', '{"ipsum qui labore qui eiusmod","elit cillum ullamco sunt","ut minim fugiat cillum","do deserunt officia culpa","ea ad","irure ea"}', DEFAULT, DEFAULT), ('396ce0bd-b3e1-5b3c-94ea-bb5357e1c76a', 'eda91f04-12ef-5904-88aa-e6ed9a692e03', 9, 'unlisted', 'Roaming Support Plan', '{"consectetur aliquip","qui sit aliqua","exercitation irure fugiat"}', DEFAULT, DEFAULT), ('4cb2c65b-80df-57cc-9c0d-6c346029b88f', '98eaafd3-adbf-5a3e-adb9-b3fb6971b6f1', 5, 'public', 'Objective Focused Strategy', '{"labore adipisicing ea dolor est","labore fugiat","eu ea veniam","consequat Lorem"}', DEFAULT, DEFAULT), ('8172dfee-2cce-5dee-9293-b6bd5f74d656', '92bf5244-388d-5bbf-bd84-1c7ad2efe31b', 9, 'public', 'Team Fight Execution Plan', '{"irure excepteur"}', DEFAULT, DEFAULT), ('910e8e4b-af24-5f28-a2eb-631066a490eb', '438bff0e-fd50-5c86-89ee-d397a0c0e548', 8, 'public', 'Vision Denial Blueprint', '{"nulla anim cillum","ut velit ad non consequat","tempor officia est aliqua","laboris eiusmod","fugiat anim dolore","aliquip mollit"}', DEFAULT, DEFAULT), ('150381a3-e791-54de-9419-0edac12fb9eb', '9a184097-b9bc-5f22-ba40-6c62e83423ab', 2, 'public', 'Counter Pick Blueprint', '{"sint","ea deserunt aliquip occaecat","quis nostrud","eu deserunt deserunt fugiat","occaecat et aliqua","aliquip non incididunt"}', DEFAULT, DEFAULT), ('ddb37574-0dbe-5aa4-a5e8-b15242cefaff', 'ac9f0e3e-b030-584f-a8dd-87355fe22537', 7, 'private', 'Counter Pick Blueprint', '{"minim magna","dolore minim voluptate"}', DEFAULT, DEFAULT), ('77fbdaed-4103-591b-82ee-3e3fa4b78a9b', 'cd7c291a-6d6e-5632-91e5-b7fd7a634d7d', 10, 'public', 'Late Game Scaling Strategy', '{"officia ullamco commodo","reprehenderit nostrud ullamco","consequat sunt consequat aute","eu culpa","velit commodo"}', DEFAULT, DEFAULT), ('0f1e8b42-396d-5765-be37-bce2ee646e04', 'b5605791-3389-56c2-9ec6-17d538b9bb85', 4, 'public', 'Defensive Turtle Tactics', '{"ad exercitation","cupidatat adipisicing","aute nulla duis ad","voluptate excepteur","magna reprehenderit velit repreh","labore ea cupidatat voluptate","velit id cupidatat"}', DEFAULT, DEFAULT), ('5308f8b3-4d4d-529a-bd7c-3a77ac4fe6ae', '19495f2f-99a6-5394-9596-a1d3fb0d3196', 7, 'public', 'Jungle Control Playbook', '{"cillum cupidatat adipisicing sin"}', DEFAULT, DEFAULT), ('851e9ece-db38-530e-b3f9-f5e1d49a3b34', 'b7a89d05-549f-565f-b631-b59097e91d1a', 7, 'private', 'Gank Heavy Approach', '{"excepteur ex","aliqua labore minim","adipisicing","mollit"}', DEFAULT, DEFAULT), ('2189cd55-c657-5ce9-999a-da1a2dbf7ea0', '91434b27-2651-5429-8f42-45c3f8e334a0', 1, 'private', 'Late Game Scaling Strategy', '{"elit dolor","incididunt fugiat Lorem","et et occaecat"}', DEFAULT, DEFAULT), ('902d4a21-0657-5095-b741-ac0d408bb89e', '9b1fc781-1e4e-56d2-bd68-0dc257a319c0', 7, 'private', 'Early Game Dominance Guide', '{"commodo laborum","mollit sit amet","in culpa","incididunt"}', DEFAULT, DEFAULT), ('0d40f7c0-72b0-55c2-8e48-c6c65bd9815f', '92bf5244-388d-5bbf-bd84-1c7ad2efe31b', 2, 'public', 'Map Control Blueprint', '{"ea est consequat elit veniam","in Lorem commodo sint sunt","ea voluptate ullamco deserunt la","deserunt cillum","dolore cillum sit dolore consequ","mollit voluptate eu nisi","officia nisi nostrud elit"}', DEFAULT, DEFAULT), ('f09f5f0c-d6f4-5089-a919-82fdea15dad9', '1d3f740a-8c60-5c1d-aa9e-3854a33c8e1d', 1, 'private', 'Vision Denial Blueprint', '{"excepteur eiusmod nostrud laboru","cupidatat ullamco","velit sunt aliqua","ut sint magna"}', DEFAULT, DEFAULT), ('9bfcf305-f3a4-5bed-9ee4-3f5ccf9e59af', '549980e7-3e77-5d76-b263-84664d04b209', 5, 'private', 'Early Game Dominance Guide', '{"sunt in amet","duis pariatur","anim mollit duis reprehenderit"}', DEFAULT, DEFAULT), ('2ff309f0-6726-5920-ad23-47ba58fd2525', '5777772e-8d66-5c0f-ab03-fb0419760db6', 8, 'unlisted', 'Counter Pick Blueprint', '{"eiusmod exercitation","laboris et pariatur exercitation","ullamco tempor mollit duis","voluptate sunt in","ex exercitation nisi cillum","velit mollit sint"}', DEFAULT, DEFAULT), ('bac302d7-9e20-52d1-89cc-b0e99ef3b896', '1d3f740a-8c60-5c1d-aa9e-3854a33c8e1d', 2, 'public', 'Defensive Turtle Tactics', '{}', DEFAULT, DEFAULT), ('ef31ceeb-0f8d-5da0-ab9c-18045c420f99', 'ca65e33b-de71-5d46-933a-849036127987', 5, 'private', 'Defensive Turtle Tactics', '{"adipisicing cillum velit","ipsum incididunt","sunt nostrud in","ad proident id laboris amet","non enim dolor","et ullamco dolor voluptate et","laborum elit"}', DEFAULT, DEFAULT), ('2be70e34-56ed-5cb2-9758-b8f796ec32ec', '92bf5244-388d-5bbf-bd84-1c7ad2efe31b', 10, 'public', 'Wave Management Plan', '{"eu dolor velit adipisicing","dolore officia","aliquip sit veniam occaecat","sunt proident sunt Lorem","Lorem","ad veniam ex"}', DEFAULT, DEFAULT), ('49e5f9f5-6a8f-5423-81e9-9e8e2c467770', 'd297ab9e-40d4-51b5-bb8f-a1df399f1a9a', 9, 'unlisted', 'Siege Tactics Handbook', '{"amet est","excepteur est cupidatat eiusmod","nisi cupidatat","excepteur minim enim voluptate","elit","nisi consequat cupidatat sit iru","consectetur amet incididunt elit","id incididunt fugiat laborum","voluptate et dolore"}', DEFAULT, DEFAULT), ('421a5d89-58fa-56e2-87c9-a4c6fd3159db', '92bf5244-388d-5bbf-bd84-1c7ad2efe31b', 9, 'public', 'Defensive Turtle Tactics', '{"eiusmod ut quis voluptate magna","occaecat incididunt laborum","labore magna sint ad","ipsum enim nostrud","minim eu","commodo labore","exercitation magna","nostrud laboris Lorem mollit","aliqua sit anim"}', DEFAULT, DEFAULT), ('c2ab0ed6-ea98-544f-a35e-cfff5a185dc8', 'eda91f04-12ef-5904-88aa-e6ed9a692e03', 2, 'unlisted', 'Roaming Support Plan', '{"eiusmod culpa aliqua","do tempor incididunt","deserunt ad dolor culpa","commodo aute fugiat","anim ipsum aliquip ad","tempor aliqua","et pariatur magna","cupidatat ut ipsum","excepteur eiusmod Lorem occaecat","dolore deserunt consequat deseru"}', DEFAULT, DEFAULT), ('6c6d219e-3884-5c60-8485-0fb500d0b675', '9b1fc781-1e4e-56d2-bd68-0dc257a319c0', 8, 'unlisted', 'Roaming Support Plan', '{"sunt","do","officia sint","cupidatat sit fugiat velit","incididunt Lorem enim","nulla enim","adipisicing deserunt minim proid","irure","minim commodo excepteur laborum"}', DEFAULT, DEFAULT), ('d5fd2418-0c52-558a-8369-707f9186db0b', 'ca65e33b-de71-5d46-933a-849036127987', 6, 'unlisted', 'Early Game Dominance Guide', '{"Lorem in est officia","eu pariatur exercitation","commodo anim dolor duis enim","do","nostrud veniam consectetur in"}', DEFAULT, DEFAULT), ('0f22fcab-183d-5e80-9a98-c495a215f5f8', '9584676f-0635-591a-a937-d230d9a3abf3', 1, 'unlisted', 'Defensive Turtle Tactics', '{}', DEFAULT, DEFAULT), ('f92c2ba5-8b0e-58ef-9364-e364e4c41522', 'b5605791-3389-56c2-9ec6-17d538b9bb85', 8, 'unlisted', 'Counter Pick Blueprint', '{"Lorem anim elit officia","consectetur laboris eu consequat","labore sit mollit enim","eu minim","Lorem aute nulla dolor"}', DEFAULT, DEFAULT), ('e2ec2872-d983-5938-8f1c-38a9a14124dd', 'a5831e58-2fc9-5b59-970d-00c344a4eb18', 8, 'public', 'Counter Pick Blueprint', '{"aute","ipsum aute","eiusmod commodo","amet ut Lorem","sint do adipisicing amet","minim voluptate nostrud","voluptate amet eu proident elit","enim aute reprehenderit","consectetur adipisicing sunt com"}', DEFAULT, DEFAULT), ('4d4230bc-d1b6-532c-9bbf-8c67caf4f9ed', 'b32027db-33da-5dc2-b906-e0c2a06ac683', 3, 'private', 'Early Game Dominance Guide', '{"minim ullamco ut velit"}', DEFAULT, DEFAULT), ('8be9ffc5-25d1-5c32-be1f-9a9ec00544f6', 'eda91f04-12ef-5904-88aa-e6ed9a692e03', 6, 'unlisted', 'Early Game Dominance Guide', '{"proident laboris","elit eu exercitation culpa","occaecat magna pariatur","laborum eu Lorem","nulla officia","proident aute eu irure anim","qui dolor proident","ipsum culpa cupidatat adipisicin"}', DEFAULT, DEFAULT), ('a3241e44-bd93-5a11-a730-863e8eb75275', 'cd7c291a-6d6e-5632-91e5-b7fd7a634d7d', 7, 'private', 'Gank Heavy Approach', '{"culpa magna sunt","ea velit","Lorem quis","consequat ut adipisicing ipsum d","et dolore nostrud","aute eu fugiat elit elit","dolor esse sit eiusmod","quis laborum quis anim minim","et irure","pariatur ex"}', DEFAULT, DEFAULT), ('a1c32f18-989f-5961-80f5-4a21a838bc95', 'a88bc9b9-135e-55c7-8c4c-5a072a3c8573', 10, 'private', 'Baron Control Strategy', '{"esse culpa","irure officia consequat ex","veniam esse","aliquip","quis culpa in","aute voluptate cillum","sunt enim Lorem"}', DEFAULT, DEFAULT), ('8fde1282-59d1-5f9b-bc10-4130ce793fa9', 'ac9f0e3e-b030-584f-a8dd-87355fe22537', 9, 'public', 'Late Game Scaling Strategy', '{"enim consectetur minim qui","cillum consectetur","duis minim consequat dolor","anim mollit do","minim officia do","ullamco ea nulla duis ad","nisi","eiusmod","ipsum"}', DEFAULT, DEFAULT), ('f85f8e1b-b8a0-528e-bc81-49b3e6a34ee5', 'd9bba68a-079c-5141-bd43-756b87167584', 2, 'unlisted', 'Wave Management Plan', '{"tempor esse qui incididunt"}', DEFAULT, DEFAULT), ('e16cfe57-140d-5b3e-90f8-910575ffdd47', '5777772e-8d66-5c0f-ab03-fb0419760db6', 4, 'unlisted', 'Early Game Dominance Guide', '{"commodo esse est","qui","duis nostrud nostrud veniam","sit excepteur Lorem proident","qui non","deserunt","excepteur esse esse consectetur","aliqua labore Lorem enim sint"}', DEFAULT, DEFAULT), ('06866e23-2aeb-59f2-9d3c-156507eb23db', '91434b27-2651-5429-8f42-45c3f8e334a0', 9, 'private', 'Gank Heavy Approach', '{"exercitation velit minim","excepteur","fugiat nisi","reprehenderit deserunt proident","non veniam ipsum duis qui","qui nulla elit adipisicing ut","elit in enim","sit nisi"}', DEFAULT, DEFAULT), ('e5c44c16-4905-59d0-8c2a-f48ebfc3fdcc', 'd9bba68a-079c-5141-bd43-756b87167584', 3, 'unlisted', 'Split Push Blueprint', '{"proident velit incididunt","sint","consequat","qui duis","proident esse","et","magna in fugiat","anim veniam tempor dolor","id pariatur"}', DEFAULT, DEFAULT), ('0298782b-da7d-55b4-a736-8126dd2f9d32', 'a3141029-aec2-543b-b18a-49fe947e3304', 5, 'private', 'Early Game Dominance Guide', '{"eu labore commodo","adipisicing ullamco","do aute sunt dolor dolor","ea consectetur aliquip","do labore quis"}', DEFAULT, DEFAULT), ('8f534833-d8c3-5d0a-b63c-bd2740be0330', '8a0a556f-d942-55f0-8ba8-1ffbfaf3c6d9', 10, 'private', 'Objective Focused Strategy', '{"incididunt magna mollit laboris ","adipisicing et et","consectetur non ipsum","dolor in","excepteur non amet"}', DEFAULT, DEFAULT), ('1caeec83-1956-53fb-9c1a-7f585775c524', 'f4b5542b-ba61-519e-a8d2-5793282ad487', 6, 'public', 'Defensive Turtle Tactics', '{"tempor quis in ad aliqua","ut Lorem consectetur consequat p","exercitation exercitation esse","non ea quis laborum incididunt","sint quis laborum ut tempor","magna Lorem do incididunt","sint consequat deserunt labore","ea dolor proident","officia in ad excepteur est"}', DEFAULT, DEFAULT), ('28f2bbc2-0260-5d64-a9bf-64e9bc163c30', 'd19db439-c7e7-53a7-aa19-0db346180dc1', 7, 'unlisted', 'Jungle Control Playbook', '{"nostrud eiusmod","sit adipisicing incididunt","reprehenderit","veniam sunt","sit dolor elit dolor","ea qui tempor","ullamco labore","consectetur reprehenderit quis","aliqua anim ullamco pariatur off"}', DEFAULT, DEFAULT), ('8590b74a-b67e-5525-9786-4e0fc4c65d06', '549980e7-3e77-5d76-b263-84664d04b209', 4, 'private', 'Wave Management Plan', '{"sunt irure","eiusmod non","nisi anim est","pariatur mollit reprehenderit au"}', DEFAULT, DEFAULT), ('fa5e4221-0eae-5da7-9a16-5b8399b9ef50', 'f4b5542b-ba61-519e-a8d2-5793282ad487', 10, 'unlisted', 'Baron Control Strategy', '{"labore consequat officia","quis sunt","consectetur commodo ullamco qui","sit ex eu nulla","ut exercitation labore","sit aliquip veniam","adipisicing est elit fugiat","ipsum sit","mollit et proident consequat","dolor deserunt ullamco labore"}', DEFAULT, DEFAULT), ('fedb01d5-16e2-59fd-8845-ff6a92bd83f7', 'd297ab9e-40d4-51b5-bb8f-a1df399f1a9a', 10, 'unlisted', 'Counter Pick Blueprint', '{"aliqua voluptate ut proident","nisi labore aliquip","laboris incididunt enim laboris","labore culpa","qui officia voluptate nostrud","cillum tempor","ea dolor"}', DEFAULT, DEFAULT), ('d6d0cf2a-b6d2-5f41-bc05-2fe5bf5ca317', 'a5831e58-2fc9-5b59-970d-00c344a4eb18', 6, 'public', 'Vision Control Blueprint', '{"ea dolor","sint aliqua esse","consectetur Lorem minim","sunt veniam veniam cillum pariat","excepteur dolor labore consequat"}', DEFAULT, DEFAULT), ('a18cadaa-4531-5180-a607-ad2a5bc25f0c', '91434b27-2651-5429-8f42-45c3f8e334a0', 9, 'public', 'Map Control Blueprint', '{}', DEFAULT, DEFAULT), ('7858de1c-870d-5289-9bbf-085e4de69d79', 'b7a89d05-549f-565f-b631-b59097e91d1a', 4, 'unlisted', 'Team Fight Execution Plan', '{"quis magna","deserunt eu","reprehenderit","commodo magna anim non Lorem","elit elit commodo","aliquip","reprehenderit commodo"}', DEFAULT, DEFAULT), ('c5510993-cf82-5729-a476-bbba91fd2ee1', 'f4b5542b-ba61-519e-a8d2-5793282ad487', 8, 'public', 'Siege Tactics Handbook', '{"eu deserunt minim nisi","pariatur deserunt","in sit qui veniam"}', DEFAULT, DEFAULT), ('65495df9-49dc-5680-b4b7-97fe7364e837', '19495f2f-99a6-5394-9596-a1d3fb0d3196', 10, 'unlisted', 'Aggressive Rush Strategy', '{"irure","exercitation nostrud","dolore ut laborum","non dolore","tempor quis dolor id"}', DEFAULT, DEFAULT), ('6a08951b-2f4b-5069-a734-056efe107e30', '2d1d7734-be70-5d07-a538-e76c6cae722e', 10, 'unlisted', 'Aggressive Rush Strategy', '{"occaecat qui est","exercitation eu","pariatur dolor ea esse","et","incididunt elit fugiat exercitat","magna commodo exercitation","ullamco aliquip"}', DEFAULT, DEFAULT), ('d96e9820-0562-5ef0-a957-fb16e8a3cda6', 'd297ab9e-40d4-51b5-bb8f-a1df399f1a9a', 6, 'unlisted', 'Team Fight Execution Plan', '{}', DEFAULT, DEFAULT), ('44d39286-2c39-52c0-9fdf-811ac2ac0b4f', 'a88bc9b9-135e-55c7-8c4c-5a072a3c8573', 4, 'unlisted', 'Objective Focused Strategy', '{"sit in","ipsum sunt laboris minim esse","fugiat enim dolore","laborum commodo nisi","aliqua exercitation"}', DEFAULT, DEFAULT), ('f5284b1c-c867-5bcb-ae27-b4a46054354e', '92bf5244-388d-5bbf-bd84-1c7ad2efe31b', 2, 'unlisted', 'Jungle Control Playbook', '{"ipsum est excepteur","ea laboris dolor"}', DEFAULT, DEFAULT), ('748b6b6e-790a-524c-8953-9f99ff6241ea', '438bff0e-fd50-5c86-89ee-d397a0c0e548', 6, 'private', 'Early Game Dominance Guide', '{"consequat","do aute ut","consequat ea ad","velit est non","reprehenderit","elit","sint ullamco officia irure","in duis amet","aliqua consequat"}', DEFAULT, DEFAULT), ('94e59d3e-1e10-58ee-b57b-120d24970da8', 'd1b8f3f8-af26-5088-8712-273c28ba98f7', 1, 'private', 'Early Game Dominance Guide', '{"incididunt sunt"}', DEFAULT, DEFAULT), ('a501e3c2-1df6-5f20-9532-89c5471331c6', 'a3141029-aec2-543b-b18a-49fe947e3304', 5, 'private', 'Aggressive Rush Strategy', '{"irure est deserunt sunt laboris","velit","quis ipsum fugiat","pariatur sit tempor sint nisi","eu magna occaecat"}', DEFAULT, DEFAULT), ('eba1549a-b3ad-5f1e-ad56-15be0771d0f9', '549980e7-3e77-5d76-b263-84664d04b209', 4, 'private', 'Roaming Support Plan', '{"nisi Lorem"}', DEFAULT, DEFAULT), ('02d6bfb1-b7f1-5129-9d1b-729fd2d36ca6', 'a5831e58-2fc9-5b59-970d-00c344a4eb18', 3, 'public', 'Objective Focused Strategy', '{}', DEFAULT, DEFAULT), ('feadd401-b272-53d1-bc20-6dad4e3ffc29', '549980e7-3e77-5d76-b263-84664d04b209', 6, 'private', 'Objective Focused Strategy', '{"reprehenderit eu duis","et officia aliqua magna quis","occaecat eu labore do veniam","mollit do mollit","laborum dolore"}', DEFAULT, DEFAULT), ('f4023970-bb8c-5175-9f3e-42520be2a6af', '8a0a556f-d942-55f0-8ba8-1ffbfaf3c6d9', 5, 'unlisted', 'Baron Control Strategy', '{"Lorem est","voluptate id anim","ad amet voluptate cillum excepte","proident occaecat sit ea culpa","reprehenderit veniam labore irur"}', DEFAULT, DEFAULT), ('ab471cfa-3489-5a6c-bf5c-82aeac3819f5', '92bf5244-388d-5bbf-bd84-1c7ad2efe31b', 3, 'private', 'Wave Management Plan', '{"quis cillum mollit","laboris excepteur excepteur cill","nulla cupidatat deserunt velit e"}', DEFAULT, DEFAULT), ('782d8b69-ae89-5508-b431-d9e3d4f25423', 'b7a89d05-549f-565f-b631-b59097e91d1a', 9, 'unlisted', 'Secure Objective Playbook', '{"commodo est ipsum","mollit","anim esse deserunt Lorem"}', DEFAULT, DEFAULT), ('bfbbf302-05a7-5b0c-991e-f7c79f52034e', 'd1b8f3f8-af26-5088-8712-273c28ba98f7', 7, 'unlisted', 'Objective Focused Strategy', '{"exercitation ut est amet","qui exercitation","eiusmod velit","amet aliquip"}', DEFAULT, DEFAULT), ('86a9949d-fbe2-5edf-bf64-6b822a75bdc8', 'cd7c291a-6d6e-5632-91e5-b7fd7a634d7d', 3, 'private', 'Vision Control Blueprint', '{"occaecat ipsum elit","ea aliquip enim","qui aliqua fugiat","irure proident","esse sit","ullamco velit minim"}', DEFAULT, DEFAULT), ('3d78c871-f9be-5ceb-b04c-13f9eb63efa0', 'ca65e33b-de71-5d46-933a-849036127987', 7, 'unlisted', 'Vision Control Blueprint', '{"in veniam proident","ea in"}', DEFAULT, DEFAULT), ('e5e7301c-ed7e-5267-a91e-331eeecbad04', 'd297ab9e-40d4-51b5-bb8f-a1df399f1a9a', 1, 'unlisted', 'Map Control Blueprint', '{"irure ullamco culpa","in exercitation ipsum veniam dui","labore","duis non consequat"}', DEFAULT, DEFAULT), ('e06f1954-eb7e-5811-8e85-0b7239ac60d6', 'a88bc9b9-135e-55c7-8c4c-5a072a3c8573', 9, 'unlisted', 'Defensive Turtle Tactics', '{"veniam nisi nisi","in elit minim enim excepteur","ex non","eiusmod","veniam adipisicing ullamco","quis anim officia","exercitation ea sint","aliquip elit excepteur","voluptate reprehenderit excepteu","ut consequat"}', DEFAULT, DEFAULT), ('cbe8ef05-c651-5778-b8a6-717eee524007', 'ac9f0e3e-b030-584f-a8dd-87355fe22537', 4, 'public', 'Gank Heavy Approach', '{"est in","Lorem anim minim"}', DEFAULT, DEFAULT), ('479e5b51-1e2b-5ac2-b0c4-d0fc97906c11', 'd1b8f3f8-af26-5088-8712-273c28ba98f7', 9, 'unlisted', 'Late Game Scaling Strategy', '{"non id dolore"}', DEFAULT, DEFAULT), ('bcb7ae75-c1e7-50cd-ba0b-a339091eb350', '8a0a556f-d942-55f0-8ba8-1ffbfaf3c6d9', 3, 'private', 'Late Game Scaling Strategy', '{"ipsum aute","commodo nulla","eu ad aliquip nostrud","veniam incididunt voluptate null","duis nulla","dolor"}', DEFAULT, DEFAULT), ('22dccad0-36ca-5845-a1bd-b6027b406b8d', 'a88bc9b9-135e-55c7-8c4c-5a072a3c8573', 4, 'unlisted', 'Siege Tactics Handbook', '{"do anim","ipsum aute esse aliquip","magna nisi","quis occaecat culpa"}', DEFAULT, DEFAULT), ('d3293b00-a774-5f1e-99fc-e8f05eabde14', '6c52c1d9-13a4-51ef-ae51-1dacc4c14be9', 7, 'unlisted', 'Team Fight Execution Plan', '{"labore sit dolore nisi et","excepteur velit","labore ipsum","do elit cupidatat","non aliquip cupidatat sunt velit","ipsum reprehenderit"}', DEFAULT, DEFAULT), ('6822c6f8-ae35-5c57-9558-9cc55665f5cb', 'ca65e33b-de71-5d46-933a-849036127987', 8, 'private', 'Siege Tactics Handbook', '{"id dolore do officia","ullamco","sit labore anim","occaecat aliquip sint","aute reprehenderit duis consecte","eu excepteur"}', DEFAULT, DEFAULT), ('8ac966bd-de46-5e4a-8401-5328d63ae1b4', 'e4de1a09-bd9a-5e42-b92c-2cb1af28bec6', 8, 'unlisted', 'Early Game Dominance Guide', '{"occaecat et","incididunt cillum proident repre","laboris et ea officia","officia proident esse","nisi","voluptate laborum velit sunt","irure occaecat","consectetur","reprehenderit nisi","culpa id"}', DEFAULT, DEFAULT), ('36f6354b-1927-5b66-8fab-ef32da0e1694', '98eaafd3-adbf-5a3e-adb9-b3fb6971b6f1', 10, 'public', 'Split Push Blueprint', '{"sunt labore","incididunt et aliqua","esse ullamco","veniam dolore ex velit","irure excepteur et"}', DEFAULT, DEFAULT), ('a3befd2b-2867-5547-af7d-2fe7d53b98ef', 'd1b8f3f8-af26-5088-8712-273c28ba98f7', 4, 'unlisted', 'Vision Denial Blueprint', '{}', DEFAULT, DEFAULT), ('4d502d01-8a3a-58bc-acb8-f61c47f35e10', '549980e7-3e77-5d76-b263-84664d04b209', 9, 'unlisted', 'Siege Tactics Handbook', '{"aute nisi duis ipsum","dolor anim cupidatat elit","veniam adipisicing non","tempor commodo","in quis","elit aute in","cupidatat exercitation"}', DEFAULT, DEFAULT), ('ebdf08a4-39c5-5347-ab53-e4ef0e2d1add', '2d1d7734-be70-5d07-a538-e76c6cae722e', 4, 'public', 'Roaming Support Plan', '{"exercitation proident laborum","excepteur mollit ex non culpa","amet anim ex qui","ipsum laborum qui laboris ea"}', DEFAULT, DEFAULT), ('4cfaa7bd-7f8e-52b6-a079-b1fc1773dccb', '5777772e-8d66-5c0f-ab03-fb0419760db6', 5, 'private', 'Map Control Blueprint', '{"ullamco do reprehenderit tempor ","esse magna","fugiat","commodo adipisicing ipsum occaec","amet Lorem minim laborum","pariatur et","dolore esse","mollit dolor incididunt ut"}', DEFAULT, DEFAULT), ('379aa38a-0dab-5c06-8cdb-45bf5d7e2d27', '2589cf16-4103-5a4f-b544-b30078083eaa', 3, 'unlisted', 'Split Push Blueprint', '{"exercitation ut ex","nisi do","excepteur eu","aliqua qui cillum sunt","cillum officia ut Lorem","adipisicing mollit et velit cons","qui dolor laborum"}', DEFAULT, DEFAULT), ('1cb4e4cf-86cc-5f46-9e77-98b857e060d9', '9bf2ad50-cccb-50eb-8269-3a7e78bd21f5', 10, 'private', 'Vision Control Blueprint', '{"est officia","proident eu qui irure"}', DEFAULT, DEFAULT), ('f39bcc07-5eef-5435-b6e9-d947c3bae70d', '5ef5a669-7ca0-5a58-879f-c84c6abe3657', 1, 'public', 'Late Game Scaling Strategy', '{"Lorem proident officia magna mol","enim ad duis","velit aliquip laborum pariatur","aliquip non ad","consectetur est","aliqua enim exercitation","do consequat"}', DEFAULT, DEFAULT), ('20a16bbe-0188-55a3-8d14-7e2e6b37794e', 'ac9f0e3e-b030-584f-a8dd-87355fe22537', 9, 'public', 'Split Push Blueprint', '{"amet laborum velit consequat","id tempor","ipsum mollit culpa","culpa est qui velit laboris","eiusmod aliqua","in anim","Lorem consequat Lorem","ad"}', DEFAULT, DEFAULT), ('75a162e8-f427-5c64-baca-dba20bc829dd', 'd9bba68a-079c-5141-bd43-756b87167584', 7, 'unlisted', 'Objective Focused Strategy', '{"elit enim","est mollit nostrud irure velit","ullamco laboris"}', DEFAULT, DEFAULT), ('5075bfb2-60b4-588c-ba9f-cd0f3efae77e', '2589cf16-4103-5a4f-b544-b30078083eaa', 5, 'public', 'Vision Denial Blueprint', '{"sunt","non irure sunt velit","veniam laboris qui","anim aliqua cupidatat sunt Lorem","aliqua qui veniam","sit minim magna","consectetur do consequat est","ea sint","laboris ullamco et"}', DEFAULT, DEFAULT), ('329b0bda-79b1-53f3-afe7-b7495bde0220', 'd297ab9e-40d4-51b5-bb8f-a1df399f1a9a', 2, 'public', 'Rotation Strategy Document', '{"Lorem irure fugiat labore mollit","adipisicing in mollit incididunt","tempor veniam","consequat deserunt","ex dolore","anim nisi aute","culpa aute","excepteur sunt in et"}', DEFAULT, DEFAULT), ('fc992b53-61aa-5185-8280-7863348ce734', '9b1fc781-1e4e-56d2-bd68-0dc257a319c0', 2, 'unlisted', 'Early Game Dominance Guide', '{"cupidatat magna do eiusmod qui","excepteur minim do occaecat","adipisicing","fugiat deserunt enim sunt minim","eu labore","in deserunt nostrud enim consect","cillum dolor consequat","culpa","id ad"}', DEFAULT, DEFAULT), ('e15f78fd-c85d-5196-b441-614f0f00a652', 'd9bba68a-079c-5141-bd43-756b87167584', 3, 'unlisted', 'Jungle Control Playbook', '{"do amet ipsum","minim ea","dolore deserunt","mollit ex sint","qui do laboris culpa","enim adipisicing minim nisi"}', DEFAULT, DEFAULT), ('27d28c73-d0c0-5545-a0d3-0f0fa8e1aca6', '91434b27-2651-5429-8f42-45c3f8e334a0', 2, 'unlisted', 'Roaming Support Plan', '{"magna culpa eiusmod irure","labore in velit","do consectetur nulla"}', DEFAULT, DEFAULT), ('bc0ae162-e51f-5f29-b5b0-87887eac9c85', '5ef5a669-7ca0-5a58-879f-c84c6abe3657', 7, 'unlisted', 'Secure Objective Playbook', '{"nisi sit culpa est ut"}', DEFAULT, DEFAULT), ('23cfe397-d97e-55bf-af72-35043f52d2bb', '9a184097-b9bc-5f22-ba40-6c62e83423ab', 8, 'private', 'Objective Focused Strategy', '{"aliquip occaecat"}', DEFAULT, DEFAULT), ('2135e4d6-4261-59ed-a63d-11a8a55ba0c0', 'cd7c291a-6d6e-5632-91e5-b7fd7a634d7d', 5, 'unlisted', 'Wave Management Plan', '{"laboris fugiat","quis qui officia","eiusmod","excepteur laborum","pariatur velit"}', DEFAULT, DEFAULT), ('32ca2e92-cee8-58b4-beec-0fd9742bf2df', 'a5831e58-2fc9-5b59-970d-00c344a4eb18', 8, 'private', 'Counter Pick Blueprint', '{}', DEFAULT, DEFAULT), ('69e335b1-cf42-5234-867f-fc3222ba0932', '5ef5a669-7ca0-5a58-879f-c84c6abe3657', 7, 'public', 'Defensive Turtle Tactics', '{}', DEFAULT, DEFAULT), ('4addfd63-7007-5913-b0c6-95e35fe44af0', 'cfbfd1d4-e77f-57e5-94da-e9ff2cc7a996', 5, 'unlisted', 'Defensive Turtle Tactics', '{}', DEFAULT, DEFAULT), ('29e1da9c-3bfa-53c5-8780-7032cb48ed69', 'd297ab9e-40d4-51b5-bb8f-a1df399f1a9a', 8, 'private', 'Aggressive Rush Strategy', '{"ullamco amet occaecat","excepteur","est aute adipisicing fugiat null","Lorem enim excepteur veniam","velit exercitation dolor dolore ","elit occaecat quis aliqua amet","non exercitation cillum"}', DEFAULT, DEFAULT), ('0fe3263a-4b99-5049-afdd-8a29336988d1', 'f52ce409-f800-5a86-b4ed-ce1a99a8a6ae', 10, 'private', 'Defensive Turtle Tactics', '{"ad anim ut","ut voluptate magna commodo","consequat aute exercitation ad a","ad","elit do"}', DEFAULT, DEFAULT), ('de533318-8238-5b98-90fa-7923fbda78df', '1e7e0bcb-4fc0-5d72-81a5-d67a74a13595', 3, 'public', 'Aggressive Rush Strategy', '{"velit cillum tempor reprehenderi","ullamco et deserunt","consequat adipisicing incididunt","Lorem","deserunt adipisicing"}', DEFAULT, DEFAULT), ('91b0fe2a-8d53-5dfa-804e-dadbd5fed2f0', 'eda91f04-12ef-5904-88aa-e6ed9a692e03', 3, 'unlisted', 'Roaming Support Plan', '{"incididunt ut qui cupidatat","anim est do in","laborum fugiat","quis elit officia","dolor officia dolor"}', DEFAULT, DEFAULT), ('f2da91e9-e150-5eba-811a-769c8b464b2d', '8a0a556f-d942-55f0-8ba8-1ffbfaf3c6d9', 7, 'private', 'Aggressive Rush Strategy', '{"proident consectetur","in consectetur officia","veniam qui","officia","ea aliquip pariatur"}', DEFAULT, DEFAULT), ('830462ad-e07d-578c-9343-4c2f3f3f896d', 'b7a89d05-549f-565f-b631-b59097e91d1a', 1, 'public', 'Aggressive Rush Strategy', '{}', DEFAULT, DEFAULT), ('e4d512a0-9012-54c8-a0de-d2cfb46cc4e7', '438bff0e-fd50-5c86-89ee-d397a0c0e548', 1, 'private', 'Gank Heavy Approach', '{"cillum exercitation sunt","duis","dolore voluptate qui mollit","nisi nostrud qui","anim","dolor in","culpa in","commodo occaecat qui laboris occ"}', DEFAULT, DEFAULT), ('8fc4ec28-bbda-57ff-86ae-02acc462e7a3', '9a184097-b9bc-5f22-ba40-6c62e83423ab', 2, 'unlisted', 'Split Push Blueprint', '{"nulla velit ad commodo"}', DEFAULT, DEFAULT), ('46cb3ac1-56db-5482-a77b-488299529f1c', '6c52c1d9-13a4-51ef-ae51-1dacc4c14be9', 8, 'unlisted', 'Roaming Support Plan', '{"ut dolor aute eiusmod","enim dolore cillum qui","dolore ex amet voluptate"}', DEFAULT, DEFAULT), ('ca6dab04-25c1-5208-bf77-9e5162704420', '9bf2ad50-cccb-50eb-8269-3a7e78bd21f5', 9, 'private', 'Wave Management Plan', '{"ea","ut","do minim","magna laborum sint","magna adipisicing cupidatat","nisi sint sit","nulla adipisicing magna enim"}', DEFAULT, DEFAULT), ('54485efb-a52b-5ef1-8d37-32b22dc487d0', 'b7a89d05-549f-565f-b631-b59097e91d1a', 7, 'private', 'Defensive Turtle Tactics', '{"eu cillum laborum","officia nisi"}', DEFAULT, DEFAULT), ('1fa8fec1-5ed8-5fb9-afc2-a5a8eea61a64', 'd19db439-c7e7-53a7-aa19-0db346180dc1', 4, 'public', 'Gank Heavy Approach', '{"reprehenderit sit nisi","sit proident cupidatat","dolor esse veniam ullamco","sint quis irure","eu commodo"}', DEFAULT, DEFAULT), ('21212b38-5327-5020-9dc6-3fca09a6128f', 'd1b8f3f8-af26-5088-8712-273c28ba98f7', 5, 'unlisted', 'Baron Control Strategy', '{"irure do fugiat"}', DEFAULT, DEFAULT), ('b22cc198-1bf7-5cc9-b682-385ac5f11217', '5ef5a669-7ca0-5a58-879f-c84c6abe3657', 2, 'unlisted', 'Map Control Blueprint', '{"labore nisi aliquip","eu eu","ad laboris ullamco est"}', DEFAULT, DEFAULT), ('07d77b7a-f8bb-53ab-8750-034a7dc2bcb0', 'a88bc9b9-135e-55c7-8c4c-5a072a3c8573', 8, 'unlisted', 'Defensive Turtle Tactics', '{"laboris ipsum officia nulla mini","ad duis","eu excepteur adipisicing nisi","quis officia qui ut","voluptate laboris ut consequat v","amet laboris","eu cupidatat","cillum sit labore duis enim","duis nostrud id"}', DEFAULT, DEFAULT), ('f7f63dc3-d8b7-5f42-b802-636e4e3f43bb', 'd9bba68a-079c-5141-bd43-756b87167584', 7, 'private', 'Split Push Blueprint', '{"ea nulla quis","ullamco tempor minim","irure ut cupidatat qui"}', DEFAULT, DEFAULT), ('a1dd34cc-747e-59d2-bb04-592165ee24b7', 'f52ce409-f800-5a86-b4ed-ce1a99a8a6ae', 10, 'private', 'Late Game Scaling Strategy', '{"non elit","ad incididunt","quis qui ea"}', DEFAULT, DEFAULT), ('b111722b-fdf4-55f7-a1ea-183bf540f7e3', '36f6f3ba-e867-5008-b6c1-829e989f9d2f', 9, 'unlisted', 'Jungle Control Playbook', '{"dolore ut esse reprehenderit","eiusmod quis","sunt cillum"}', DEFAULT, DEFAULT), ('de288e5e-33f8-5b49-9dad-83fa7d46ac0d', '2d1d7734-be70-5d07-a538-e76c6cae722e', 7, 'private', 'Late Game Scaling Strategy', '{"ex occaecat sunt ea","qui sunt sunt","fugiat incididunt deserunt nisi","eu qui commodo nulla","non sint aute minim qui","in quis qui","deserunt excepteur","duis enim id","mollit irure sit eu"}', DEFAULT, DEFAULT), ('f1ab7f2e-7a01-59f1-b811-78e3b78b40bc', '92bf5244-388d-5bbf-bd84-1c7ad2efe31b', 8, 'private', 'Vision Denial Blueprint', '{"quis sunt","ex officia ad id","id in"}', DEFAULT, DEFAULT), ('e0783de7-ca51-5f0a-a7ac-8dcd533efd10', '1e7e0bcb-4fc0-5d72-81a5-d67a74a13595', 10, 'unlisted', 'Rotation Strategy Document', '{"labore","qui minim consequat duis","cillum aliquip","esse cillum mollit laboris","Lorem","officia commodo exercitation pro","dolore enim eiusmod","aliquip adipisicing cillum"}', DEFAULT, DEFAULT), ('c3238b63-2dda-5915-8ca5-773255a1cfad', '1e7e0bcb-4fc0-5d72-81a5-d67a74a13595', 2, 'private', 'Defensive Turtle Tactics', '{"officia nisi id ullamco id","cillum","ullamco ut","laborum laborum minim deserunt a","cillum mollit ut eiusmod","ad reprehenderit sunt excepteur "}', DEFAULT, DEFAULT), ('7b1aca75-d87e-55c4-87f7-005fafbadfdb', '36f6f3ba-e867-5008-b6c1-829e989f9d2f', 6, 'public', 'Wave Management Plan', '{"quis minim","dolor voluptate non eiusmod","proident in in veniam","irure proident adipisicing adipi"}', DEFAULT, DEFAULT), ('106d238e-2ba4-525c-8d85-994f8dfb2984', 'f52ce409-f800-5a86-b4ed-ce1a99a8a6ae', 5, 'unlisted', 'Gank Heavy Approach', '{"Lorem aliqua non est","officia consectetur ea eu","do ea sit sint ipsum","duis magna mollit","consequat ex aute","duis commodo officia","ex officia nisi ad","cillum aliquip esse"}', DEFAULT, DEFAULT), ('72f05d50-2802-535d-af55-29384395d238', '9584676f-0635-591a-a937-d230d9a3abf3', 9, 'unlisted', 'Rotation Strategy Document', '{"veniam nostrud aliquip ut","cupidatat cupidatat","quis reprehenderit ea sit","veniam voluptate mollit","adipisicing","et est","esse et","aute laboris do","proident deserunt"}', DEFAULT, DEFAULT), ('f914b2f3-d88a-52e4-ac43-1ef8cffb4d34', 'e4de1a09-bd9a-5e42-b92c-2cb1af28bec6', 9, 'public', 'Map Control Blueprint', '{"eu occaecat","aliqua fugiat proident dolor com","magna sit cupidatat"}', DEFAULT, DEFAULT), ('c620930b-8f59-50ae-bf46-b1a3aca28f0a', 'd1b8f3f8-af26-5088-8712-273c28ba98f7', 8, 'unlisted', 'Map Control Blueprint', '{"exercitation aute minim","deserunt cupidatat laboris aliqu","tempor nisi laborum eiusmod esse","mollit mollit","fugiat eiusmod","adipisicing cupidatat","consequat officia","laborum mollit","fugiat quis voluptate ullamco"}', DEFAULT, DEFAULT), ('c78418ab-6a36-52f6-ad32-89289156138c', '9bf2ad50-cccb-50eb-8269-3a7e78bd21f5', 5, 'public', 'Vision Denial Blueprint', '{"non laborum commodo velit","proident dolor","adipisicing aute ad enim","consectetur quis proident anim v","cillum enim excepteur deserunt","deserunt elit ex fugiat","voluptate consequat","deserunt cillum","sit occaecat"}', DEFAULT, DEFAULT), ('ed7bef30-09b5-5167-a122-9b398a76eaef', '549980e7-3e77-5d76-b263-84664d04b209', 9, 'unlisted', 'Aggressive Rush Strategy', '{"adipisicing do exercitation","exercitation et","mollit mollit cupidatat"}', DEFAULT, DEFAULT), ('ecddf116-85cf-5aef-8c73-6e5963680c88', 'e4de1a09-bd9a-5e42-b92c-2cb1af28bec6', 7, 'private', 'Roaming Support Plan', '{"occaecat esse culpa est exercita","eiusmod","fugiat consequat ullamco consequ","dolor enim anim","nostrud irure","ullamco laboris nisi","irure reprehenderit","nulla consequat"}', DEFAULT, DEFAULT), ('5bb46529-9916-530c-88e4-31ac6d441591', '549980e7-3e77-5d76-b263-84664d04b209', 1, 'private', 'Late Game Scaling Strategy', '{"qui consectetur ut deserunt exer","labore esse voluptate exercitati","eiusmod","veniam mollit sunt in","ut irure magna dolore","laboris laboris cupidatat adipis"}', DEFAULT, DEFAULT), ('8b092693-9a40-5f6a-a57b-3c3e9f5288f7', '5ef5a669-7ca0-5a58-879f-c84c6abe3657', 7, 'private', 'Defensive Turtle Tactics', '{"consequat qui","eu est sunt sit"}', DEFAULT, DEFAULT), ('65d96d53-ecd8-5cb9-a3d4-a2842c9c629f', 'cd7c291a-6d6e-5632-91e5-b7fd7a634d7d', 3, 'private', 'Vision Denial Blueprint', '{"duis adipisicing","dolor sint eiusmod eu tempor","sit cillum velit sit","exercitation","duis id"}', DEFAULT, DEFAULT), ('672c681b-4325-56a5-8413-28facb838b89', '438bff0e-fd50-5c86-89ee-d397a0c0e548', 6, 'unlisted', 'Wave Management Plan', '{"dolor reprehenderit fugiat venia","est minim ea reprehenderit et","aute Lorem"}', DEFAULT, DEFAULT), ('49d19d37-5ee3-59d0-a985-37b5b703ceb0', '2d1d7734-be70-5d07-a538-e76c6cae722e', 3, 'public', 'Team Fight Execution Plan', '{"tempor","consectetur ea","ex exercitation reprehenderit Lo","tempor irure quis nisi","eu mollit aliquip","amet","fugiat est aute","laboris labore sit magna irure","et ut ullamco et Lorem"}', DEFAULT, DEFAULT), ('66e9d7dd-018c-5299-8470-9f074683bd55', '92bf5244-388d-5bbf-bd84-1c7ad2efe31b', 5, 'unlisted', 'Early Game Dominance Guide', '{"amet veniam sit excepteur","eiusmod","ex velit voluptate occaecat aute","culpa ea","fugiat consectetur nostrud","anim deserunt","in ea","cupidatat amet culpa nulla elit"}', DEFAULT, DEFAULT), ('d4a93045-0519-5ae2-8bd3-51a7d07f2b97', '36f6f3ba-e867-5008-b6c1-829e989f9d2f', 1, 'private', 'Split Push Blueprint', '{"aliquip enim non","incididunt duis ex","laborum id nostrud","esse voluptate cillum do laborum","dolore mollit mollit","non commodo Lorem","dolor velit cillum","ipsum qui proident minim","eiusmod","et amet ullamco laborum magna"}', DEFAULT, DEFAULT), ('b5bd1f0b-0be5-592a-87b7-65db36f2fa17', '2d1d7734-be70-5d07-a538-e76c6cae722e', 1, 'unlisted', 'Aggressive Rush Strategy', '{"minim eu dolore ad"}', DEFAULT, DEFAULT), ('902168ab-57a5-5714-b589-ecf1bd6d2517', 'f4b5542b-ba61-519e-a8d2-5793282ad487', 1, 'unlisted', 'Vision Control Blueprint', '{"reprehenderit quis elit","laboris minim","exercitation ex ullamco","enim mollit aliqua","dolore qui quis officia","eiusmod culpa","consectetur id"}', DEFAULT, DEFAULT), ('8e1b1af0-d36a-5958-9b32-c8f59e8edaf9', '98eaafd3-adbf-5a3e-adb9-b3fb6971b6f1', 4, 'private', 'Objective Focused Strategy', '{"deserunt proident","enim","occaecat amet anim exercitation","reprehenderit reprehenderit eu","sit dolor","elit sint aliqua ex","cillum consectetur adipisicing","mollit exercitation"}', DEFAULT, DEFAULT), ('9ca1e23a-7fd9-5be2-b14a-5f50a52fda0a', '36f6f3ba-e867-5008-b6c1-829e989f9d2f', 1, 'private', 'Counter Pick Blueprint', '{"aliqua laboris labore","esse nostrud","ipsum magna nostrud","dolore ea minim","id tempor culpa sint","aute non veniam"}', DEFAULT, DEFAULT), ('b458c0d2-4d21-597a-9d7c-522e47032d79', 'ac9f0e3e-b030-584f-a8dd-87355fe22537', 5, 'unlisted', 'Siege Tactics Handbook', '{"duis deserunt ipsum do","sint reprehenderit minim quis"}', DEFAULT, DEFAULT), ('aeae5590-e6d3-5c02-8a1c-40a6bcf61bd6', 'b5605791-3389-56c2-9ec6-17d538b9bb85', 3, 'private', 'Vision Control Blueprint', '{"consectetur ex sit sit","veniam laboris minim ut","cillum do","pariatur excepteur amet","proident ullamco","commodo anim elit velit sunt","ipsum consequat ut","ex cupidatat pariatur id"}', DEFAULT, DEFAULT), ('e62ff15d-b4e8-5f8b-b8c8-56d105c9d705', '6c52c1d9-13a4-51ef-ae51-1dacc4c14be9', 8, 'private', 'Defensive Turtle Tactics', '{"pariatur ut ad cupidatat","fugiat culpa dolor","veniam ullamco sit nostrud"}', DEFAULT, DEFAULT), ('2650d5c8-a9d2-57ad-a70d-8c89cf994021', 'f4b5542b-ba61-519e-a8d2-5793282ad487', 9, 'private', 'Vision Denial Blueprint', '{"excepteur et","veniam labore est aute","fugiat nulla"}', DEFAULT, DEFAULT), ('57851dd8-0d7e-5b03-b70f-32940ae107ce', '36f6f3ba-e867-5008-b6c1-829e989f9d2f', 6, 'unlisted', 'Team Fight Execution Plan', '{"non dolore esse","pariatur eu","esse tempor consequat elit","dolore dolor labore","voluptate mollit nostrud pariatu","irure duis","est officia eu deserunt","sunt consequat aliqua occaecat c"}', DEFAULT, DEFAULT), ('0bb88883-c32b-547d-bac2-9dcbf9437722', 'a5831e58-2fc9-5b59-970d-00c344a4eb18', 4, 'unlisted', 'Vision Control Blueprint', '{"sit cillum velit","minim labore","laborum do officia","id velit eiusmod ut ut"}', DEFAULT, DEFAULT), ('f2096d39-9bcd-5cc9-af38-3924bad39e01', '2d1d7734-be70-5d07-a538-e76c6cae722e', 7, 'unlisted', 'Aggressive Rush Strategy', '{"occaecat ea","mollit dolore elit anim"}', DEFAULT, DEFAULT), ('cdc85c53-30bc-5c6e-91cc-2af72696e64b', '19495f2f-99a6-5394-9596-a1d3fb0d3196', 4, 'private', 'Objective Focused Strategy', '{"sunt dolore","dolor elit","labore velit magna ipsum veniam","nostrud tempor reprehenderit"}', DEFAULT, DEFAULT), ('a0fe813c-8a2e-57ff-8950-530eb72350cc', 'ca65e33b-de71-5d46-933a-849036127987', 1, 'public', 'Aggressive Rush Strategy', '{"eiusmod ex ut"}', DEFAULT, DEFAULT), ('3dcb1c72-1f38-50a2-8a79-9f8b83862a0b', 'ca65e33b-de71-5d46-933a-849036127987', 10, 'public', 'Baron Control Strategy', '{"eiusmod tempor","reprehenderit sint","duis fugiat Lorem tempor eiusmod","nisi officia","non non","aute dolor officia","occaecat enim"}', DEFAULT, DEFAULT), ('b529db67-e1b4-5e7d-9a32-267867bbcbad', '5777772e-8d66-5c0f-ab03-fb0419760db6', 1, 'public', 'Early Game Dominance Guide', '{"pariatur eiusmod","qui eu anim nostrud","laborum anim labore in ex","ea culpa nostrud dolore labore","esse et anim","consequat commodo anim sit tempo"}', DEFAULT, DEFAULT), ('89b21cb6-fbf3-585a-b9c1-304fad97258b', 'a5831e58-2fc9-5b59-970d-00c344a4eb18', 2, 'unlisted', 'Vision Control Blueprint', '{"reprehenderit veniam incididunt ","dolore","id labore ad","ipsum exercitation","velit","in duis","est exercitation do","veniam fugiat est commodo elit","in cupidatat"}', DEFAULT, DEFAULT), ('8af27ce1-15c1-5703-a4c5-07ea669df0c7', '1e7e0bcb-4fc0-5d72-81a5-d67a74a13595', 4, 'public', 'Late Game Scaling Strategy', '{"Lorem cillum Lorem sunt","consectetur officia minim eiusmo","quis consequat consequat incidid","laborum aliquip duis eiusmod","adipisicing aute id","non proident enim"}', DEFAULT, DEFAULT), ('e9960db1-b450-5d20-820c-87fab4f40dc8', '2d1d7734-be70-5d07-a538-e76c6cae722e', 10, 'private', 'Vision Control Blueprint', '{"sint sunt","aliqua aliquip ea nulla sit","deserunt dolore mollit deserunt"}', DEFAULT, DEFAULT), ('2dd10f1f-4836-53b2-b2b6-ae71861e43d0', 'b32027db-33da-5dc2-b906-e0c2a06ac683', 8, 'private', 'Roaming Support Plan', '{"dolore sint velit"}', DEFAULT, DEFAULT), ('09d4e842-df61-577d-8d06-00daf3b676e2', '1d3f740a-8c60-5c1d-aa9e-3854a33c8e1d', 3, 'unlisted', 'Early Game Dominance Guide', '{"dolor velit"}', DEFAULT, DEFAULT), ('6fe4789e-9a02-5c94-8c81-5bb4cffd7850', 'ac9f0e3e-b030-584f-a8dd-87355fe22537', 3, 'public', 'Siege Tactics Handbook', '{"dolore aute eu dolore","ea incididunt excepteur"}', DEFAULT, DEFAULT), ('62834a20-27ac-5894-8947-a4e2ffb67f5b', 'b32027db-33da-5dc2-b906-e0c2a06ac683', 6, 'unlisted', 'Rotation Strategy Document', '{"nisi commodo consequat eiusmod","nulla nostrud aliquip","nulla velit","in ad ea aliqua fugiat"}', DEFAULT, DEFAULT), ('ce25e6d7-50b4-50c3-8210-685ee22346f3', '2d1d7734-be70-5d07-a538-e76c6cae722e', 1, 'unlisted', 'Gank Heavy Approach', '{"dolor ipsum Lorem enim","exercitation","nulla","duis mollit voluptate","mollit ex reprehenderit incididu","minim aute exercitation aliqua"}', DEFAULT, DEFAULT), ('a4e4a518-fb32-53bf-9d1c-f336f8cd8c45', 'a5831e58-2fc9-5b59-970d-00c344a4eb18', 7, 'public', 'Late Game Scaling Strategy', '{}', DEFAULT, DEFAULT), ('d5862a76-70cd-55db-a302-365d7ec101f5', 'b7a89d05-549f-565f-b631-b59097e91d1a', 10, 'public', 'Wave Management Plan', '{"in commodo","minim ad ipsum","nisi voluptate","in cupidatat","magna officia","tempor nulla","velit sunt pariatur","amet esse ad ipsum"}', DEFAULT, DEFAULT), ('fff5567f-d4a5-542e-ba70-1119521ca0cb', 'f52ce409-f800-5a86-b4ed-ce1a99a8a6ae', 7, 'public', 'Defensive Turtle Tactics', '{"irure aliqua pariatur","do mollit","mollit deserunt veniam do labore","et sint","sunt ea","ut sunt occaecat mollit","ut anim consectetur dolor except","nisi veniam deserunt occaecat"}', DEFAULT, DEFAULT), ('48abaf7b-d65e-5371-8d5f-1be4621911e6', '91434b27-2651-5429-8f42-45c3f8e334a0', 1, 'unlisted', 'Baron Control Strategy', '{"exercitation","nisi aute","eiusmod dolor ullamco","et","in eu","occaecat consequat","Lorem minim nostrud","irure veniam laborum et","sunt ex eiusmod"}', DEFAULT, DEFAULT), ('05b8ebd6-06e1-5ce6-85d9-1fda124d11b0', 'e4de1a09-bd9a-5e42-b92c-2cb1af28bec6', 3, 'unlisted', 'Objective Focused Strategy', '{}', DEFAULT, DEFAULT), ('be5a4c70-a4ff-57c0-8c2c-437a6d77f25c', '5ef5a669-7ca0-5a58-879f-c84c6abe3657', 10, 'public', 'Vision Denial Blueprint', '{"est","culpa adipisicing culpa","quis laborum nulla sint","incididunt veniam","enim sit sint veniam","eu pariatur pariatur","ex","anim minim laborum amet","incididunt adipisicing nulla"}', DEFAULT, DEFAULT), ('e6ff83af-5ec2-537d-b04b-784bd77a5871', '91fa3874-9437-5dfa-a49a-f19fb38d9e92', 4, 'private', 'Split Push Blueprint', '{"veniam enim","ad laboris cillum","dolore reprehenderit incididunt ","irure","velit Lorem ut laborum","velit amet aliqua do","culpa reprehenderit velit nisi d","cupidatat ad proident nulla occa"}', DEFAULT, DEFAULT), ('dc9bffb4-1647-5c5d-8c1f-d89500e89900', 'b32027db-33da-5dc2-b906-e0c2a06ac683', 2, 'unlisted', 'Defensive Turtle Tactics', '{"ex nostrud magna","do occaecat culpa aliqua fugiat","ea cupidatat","laboris","Lorem duis","laborum non tempor consectetur d","ad nulla magna ex quis"}', DEFAULT, DEFAULT), ('ec767a01-17bb-518c-9633-78ebc8caded3', 'b32027db-33da-5dc2-b906-e0c2a06ac683', 6, 'private', 'Baron Control Strategy', '{"quis cupidatat aute eiusmod","sint velit qui","eu ut irure aliquip","id ullamco","nisi","mollit id ut"}', DEFAULT, DEFAULT), ('6c642b40-bb15-55fa-9319-9c100d27adc7', 'f4b5542b-ba61-519e-a8d2-5793282ad487', 9, 'private', 'Vision Denial Blueprint', '{"dolor ea sit eiusmod labore","eiusmod","proident ipsum","cupidatat excepteur","aute esse fugiat esse","velit deserunt","aliquip excepteur officia","adipisicing deserunt","ex veniam nisi","sint enim aliquip"}', DEFAULT, DEFAULT), ('197f52e9-f9b3-54a3-a900-9ddcd2cd98d5', '2589cf16-4103-5a4f-b544-b30078083eaa', 3, 'unlisted', 'Vision Control Blueprint', '{"laboris veniam ad velit","ipsum cillum officia fugiat","laboris fugiat cillum qui"}', DEFAULT, DEFAULT), ('b239ffdb-847f-5400-b1f9-97e186ea36bc', '36f6f3ba-e867-5008-b6c1-829e989f9d2f', 1, 'private', 'Wave Management Plan', '{"sint aute commodo","mollit tempor ex nostrud","eu nostrud"}', DEFAULT, DEFAULT), ('c3124970-b58c-5748-8a01-4ba1d7466b2b', 'f52ce409-f800-5a86-b4ed-ce1a99a8a6ae', 10, 'unlisted', 'Objective Focused Strategy', '{"veniam duis anim consequat","ea irure et pariatur excepteur","nostrud in est incididunt","ipsum nisi in eiusmod","anim Lorem","pariatur incididunt","ullamco mollit ut labore nisi","nisi laborum velit aute consecte","sunt","eiusmod sint"}', DEFAULT, DEFAULT), ('2fbdef88-7d4a-5528-bb59-74f725709563', 'f52ce409-f800-5a86-b4ed-ce1a99a8a6ae', 3, 'private', 'Map Control Blueprint', '{"nisi sunt do in ut","nisi Lorem duis do","aute duis consectetur","exercitation","dolor qui anim tempor veniam","commodo pariatur commodo consequ","aliqua dolor eu","eiusmod laboris","occaecat labore"}', DEFAULT, DEFAULT), ('a03637de-3a86-5f2c-a9a1-71bb222f301f', 'f52ce409-f800-5a86-b4ed-ce1a99a8a6ae', 5, 'private', 'Aggressive Rush Strategy', '{"quis excepteur tempor duis","nulla Lorem","aliquip laborum excepteur sint","eiusmod do non","et sit officia"}', DEFAULT, DEFAULT), ('536d5b0c-dc7c-598f-8fa0-b21c4cd85d48', 'a3141029-aec2-543b-b18a-49fe947e3304', 6, 'unlisted', 'Counter Pick Blueprint', '{"nisi id voluptate sunt","consequat reprehenderit","elit et ut","laboris duis non commodo","laboris"}', DEFAULT, DEFAULT), ('f04b6b4b-d5ea-517f-8a7d-71713980487c', '98eaafd3-adbf-5a3e-adb9-b3fb6971b6f1', 9, 'unlisted', 'Rotation Strategy Document', '{}', DEFAULT, DEFAULT), ('363e1d5b-f7b0-5ee0-a43a-f471f9cf9338', 'd19db439-c7e7-53a7-aa19-0db346180dc1', 2, 'private', 'Late Game Scaling Strategy', '{"elit proident irure cillum","in consectetur nostrud","ad consectetur","labore","quis nostrud veniam in","eiusmod occaecat qui","eiusmod sunt","incididunt ullamco ex","non qui cillum magna"}', DEFAULT, DEFAULT), ('edcc2203-6787-52aa-bc0b-a6dcc59388be', 'd19db439-c7e7-53a7-aa19-0db346180dc1', 5, 'public', 'Vision Control Blueprint', '{"nisi","elit anim sit mollit","voluptate sit cillum","nisi tempor incididunt ullamco","duis eu exercitation dolore","ullamco occaecat","adipisicing pariatur consectetur"}', DEFAULT, DEFAULT), ('474b1c92-271b-5e78-878e-3e82398a6e7c', 'd297ab9e-40d4-51b5-bb8f-a1df399f1a9a', 2, 'unlisted', 'Jungle Control Playbook', '{"quis tempor ut nostrud ipsum","consequat elit","amet sint","dolor ipsum sunt","consequat cupidatat"}', DEFAULT, DEFAULT), ('8997d96a-4a2f-5fcd-a0a2-88e875f8bba7', 'ca65e33b-de71-5d46-933a-849036127987', 4, 'unlisted', 'Split Push Blueprint', '{"minim aliqua proident amet offic","culpa mollit"}', DEFAULT, DEFAULT), ('f61f0c83-60cb-5fa8-a27a-67e606b63adb', 'b5605791-3389-56c2-9ec6-17d538b9bb85', 6, 'private', 'Defensive Turtle Tactics', '{"pariatur","eu fugiat ad ad","exercitation tempor esse","minim esse sunt do"}', DEFAULT, DEFAULT), ('30d213ab-4615-5d8b-abee-5b4875c8bfdf', '5ef5a669-7ca0-5a58-879f-c84c6abe3657', 2, 'private', 'Roaming Support Plan', '{"tempor aliquip reprehenderit aut","esse labore","dolor magna sint amet irure","tempor amet consequat ipsum quis","non officia"}', DEFAULT, DEFAULT), ('7d042aff-1b5b-531f-917f-48f2d58d33c7', '9a184097-b9bc-5f22-ba40-6c62e83423ab', 6, 'private', 'Team Fight Execution Plan', '{"voluptate exercitation","est aliqua sunt","quis occaecat sit voluptate"}', DEFAULT, DEFAULT), ('30e1e77d-2bcf-5591-97ec-d99bd552d8f0', '9584676f-0635-591a-a937-d230d9a3abf3', 2, 'public', 'Vision Denial Blueprint', '{"labore deserunt fugiat sint","mollit do fugiat","mollit ipsum officia nulla","velit est quis ex","eu qui cillum"}', DEFAULT, DEFAULT), ('d53a4a7c-125e-52cd-8ba3-aa3916f71140', '19495f2f-99a6-5394-9596-a1d3fb0d3196', 2, 'unlisted', 'Vision Control Blueprint', '{"officia","eiusmod dolore ut pariatur","in","consequat laboris aliquip proide","laboris adipisicing"}', DEFAULT, DEFAULT), ('47f797b2-50c1-56af-abe6-0081dabe5efd', '6c52c1d9-13a4-51ef-ae51-1dacc4c14be9', 7, 'private', 'Counter Pick Blueprint', '{"nostrud","sunt voluptate esse excepteur","deserunt"}', DEFAULT, DEFAULT), ('3ebbec39-d360-5461-b442-70abf723c8b8', '6c52c1d9-13a4-51ef-ae51-1dacc4c14be9', 4, 'private', 'Aggressive Rush Strategy', '{"minim adipisicing in consectetur","minim enim sunt sit nostrud","magna tempor adipisicing aliquip","voluptate ea ea","occaecat labore tempor mollit","commodo reprehenderit et enim"}', DEFAULT, DEFAULT), ('3821efb6-356e-53bd-8a0b-239426475be5', '1d3f740a-8c60-5c1d-aa9e-3854a33c8e1d', 3, 'public', 'Siege Tactics Handbook', '{"adipisicing irure exercitation o","ullamco minim dolor nulla","est ullamco","consequat incididunt","magna voluptate","duis","officia sint commodo adipisicing","non nulla tempor","reprehenderit quis"}', DEFAULT, DEFAULT), ('f62571e6-585e-5709-b04e-861b7f3db2d2', 'ac9f0e3e-b030-584f-a8dd-87355fe22537', 2, 'public', 'Roaming Support Plan', '{"quis ullamco","eu","reprehenderit cupidatat ex","est in consectetur aute","irure sit est","sunt dolore do"}', DEFAULT, DEFAULT), ('f706ef0d-b4c8-54ee-ba4a-8f6af14717f8', '91434b27-2651-5429-8f42-45c3f8e334a0', 2, 'unlisted', 'Counter Pick Blueprint', '{"incididunt deserunt","ut reprehenderit","nisi ipsum","cillum labore duis ad aute","laborum ex ullamco ex"}', DEFAULT, DEFAULT), ('da6a602b-9dc0-5e13-87e9-323f368838a2', 'd9bba68a-079c-5141-bd43-756b87167584', 10, 'unlisted', 'Gank Heavy Approach', '{"adipisicing ipsum incididunt in ","pariatur proident deserunt labor","veniam cillum tempor ullamco","occaecat fugiat","est sint","reprehenderit minim","elit id laboris culpa","aliquip sint ipsum","dolore voluptate"}', DEFAULT, DEFAULT), ('ae022a2e-97fe-53d7-ace2-f700a65995e2', 'f52ce409-f800-5a86-b4ed-ce1a99a8a6ae', 9, 'unlisted', 'Jungle Control Playbook', '{"exercitation velit cillum","mollit sit occaecat qui amet"}', DEFAULT, DEFAULT), ('7f27719e-c551-5cfa-ab24-3e6a917bc77f', 'd9bba68a-079c-5141-bd43-756b87167584', 6, 'public', 'Vision Control Blueprint', '{"mollit adipisicing commodo","commodo exercitation ea"}', DEFAULT, DEFAULT), ('a7afe8c7-8469-5a59-9246-cc18b3ce4b7b', '3ff60d7a-a4ad-54c5-a422-53b52cd53093', 3, 'private', 'Baron Control Strategy', '{"proident aliqua enim voluptate","irure","ipsum","veniam et consectetur"}', DEFAULT, DEFAULT), ('8111ec5f-e01a-5ad1-b89a-b7a64419e202', 'ac9f0e3e-b030-584f-a8dd-87355fe22537', 9, 'public', 'Vision Denial Blueprint', '{"ipsum esse ea","ex et nostrud"}', DEFAULT, DEFAULT), ('af41c136-c26c-5e1c-81f1-2d9f923ca606', '1d3f740a-8c60-5c1d-aa9e-3854a33c8e1d', 6, 'public', 'Aggressive Rush Strategy', '{"ut cillum voluptate"}', DEFAULT, DEFAULT), ('7594efe5-aff1-5874-a5ed-4a9edc7b66bf', '2d1d7734-be70-5d07-a538-e76c6cae722e', 7, 'unlisted', 'Defensive Turtle Tactics', '{"culpa officia eu commodo pariatu","proident officia ipsum","labore magna","occaecat quis","elit ullamco aliquip pariatur"}', DEFAULT, DEFAULT), ('ee2f9514-a689-5e06-84f0-7f27b56a3774', '91fa3874-9437-5dfa-a49a-f19fb38d9e92', 10, 'private', 'Aggressive Rush Strategy', '{"mollit commodo duis elit consect","consequat ipsum non elit","eiusmod culpa nulla","aute exercitation veniam sunt","commodo est dolore aute"}', DEFAULT, DEFAULT), ('59ac239c-144e-5ca7-b3e8-b97418726740', 'a88bc9b9-135e-55c7-8c4c-5a072a3c8573', 3, 'unlisted', 'Early Game Dominance Guide', '{"enim pariatur aliquip","duis elit"}', DEFAULT, DEFAULT), ('7992b22f-6c16-50ae-ae54-fd84bedb78e7', 'f4b5542b-ba61-519e-a8d2-5793282ad487', 4, 'public', 'Jungle Control Playbook', '{"laboris nostrud labore","quis et","nulla","voluptate esse excepteur ullamco","consectetur officia nostrud","nisi fugiat quis","ipsum dolor voluptate","quis veniam aliqua","dolore sit irure duis","ex in"}', DEFAULT, DEFAULT), ('eeb6a56c-bf20-5164-a9c4-2438947a1635', 'd1b8f3f8-af26-5088-8712-273c28ba98f7', 1, 'public', 'Split Push Blueprint', '{"proident Lorem","eu","ex et","qui officia aute nisi","non"}', DEFAULT, DEFAULT), ('ba263b84-62af-5be6-a1da-34f8a9b1c708', '8a0a556f-d942-55f0-8ba8-1ffbfaf3c6d9', 8, 'public', 'Team Fight Execution Plan', '{"sit","sunt et do","ipsum anim nulla"}', DEFAULT, DEFAULT), ('0eda511d-00fb-5edd-a94c-61620ced28e5', '1d3f740a-8c60-5c1d-aa9e-3854a33c8e1d', 3, 'private', 'Defensive Turtle Tactics', '{"excepteur non deserunt cupidatat","voluptate in sit"}', DEFAULT, DEFAULT), ('4a82ca5f-1296-51b0-9319-05459a439c92', 'ca65e33b-de71-5d46-933a-849036127987', 9, 'unlisted', 'Team Fight Execution Plan', '{"qui minim duis","aute sunt","culpa","ad nisi ullamco excepteur","aliquip est","adipisicing officia proident","laboris nulla anim veniam","voluptate nisi consequat veniam","adipisicing laborum consectetur"}', DEFAULT, DEFAULT), ('230e6990-91f4-5dc7-b6bc-229a44985e25', '2d1d7734-be70-5d07-a538-e76c6cae722e', 2, 'private', 'Gank Heavy Approach', '{"commodo anim adipisicing ea sint"}', DEFAULT, DEFAULT), ('01a97da4-f21e-511b-9160-a834d5d7f82e', '1d3f740a-8c60-5c1d-aa9e-3854a33c8e1d', 3, 'unlisted', 'Split Push Blueprint', '{"adipisicing ipsum eu","eu cupidatat qui anim","adipisicing voluptate commodo pa","voluptate proident sunt esse","magna non","et commodo","sint aliqua velit culpa","amet ad Lorem","in Lorem aute enim"}', DEFAULT, DEFAULT), ('1c5613fb-a627-5391-a9ff-0cc49d9b395b', 'a5831e58-2fc9-5b59-970d-00c344a4eb18', 6, 'unlisted', 'Early Game Dominance Guide', '{"do aliquip do commodo","laboris officia","mollit aliquip veniam","amet aliquip fugiat"}', DEFAULT, DEFAULT), ('69b55afa-a769-5eae-849b-0607118f6f38', 'b32027db-33da-5dc2-b906-e0c2a06ac683', 7, 'public', 'Aggressive Rush Strategy', '{"consequat adipisicing consequat "}', DEFAULT, DEFAULT), ('5653d3f7-e466-5b59-9cc7-02634d975655', 'd297ab9e-40d4-51b5-bb8f-a1df399f1a9a', 10, 'unlisted', 'Wave Management Plan', '{"magna est nulla laboris","enim ea irure","velit irure ea","eu","cupidatat","id minim","ea dolor sunt aute","reprehenderit exercitation conse","cillum nisi","nisi non"}', DEFAULT, DEFAULT), ('11917a47-b89e-5663-8d37-049fe2bf5b34', 'f4b5542b-ba61-519e-a8d2-5793282ad487', 2, 'unlisted', 'Late Game Scaling Strategy', '{"nulla minim eu amet","esse","aliqua sint dolore aliqua","non officia","cillum veniam do","ex occaecat irure sit","proident in Lorem commodo"}', DEFAULT, DEFAULT), ('c68ff46b-b1a9-581e-aa43-737e3b976580', 'ca65e33b-de71-5d46-933a-849036127987', 3, 'unlisted', 'Objective Focused Strategy', '{"occaecat sint","excepteur sit consequat","occaecat sit exercitation labore"}', DEFAULT, DEFAULT), ('e8d13e33-32bc-5c1a-9371-8f828965d869', 'eda91f04-12ef-5904-88aa-e6ed9a692e03', 6, 'public', 'Early Game Dominance Guide', '{"ad laborum Lorem","consectetur cupidatat","ea dolor excepteur labore","eu in mollit","laborum duis elit aute Lorem","eiusmod deserunt"}', DEFAULT, DEFAULT), ('79cca71d-1dd7-5b78-9e31-229bb9872504', 'a5831e58-2fc9-5b59-970d-00c344a4eb18', 4, 'public', 'Wave Management Plan', '{"cupidatat mollit","consectetur"}', DEFAULT, DEFAULT), ('cdf1b1e3-61cd-52e6-b86e-eec98ea71e23', 'ca65e33b-de71-5d46-933a-849036127987', 8, 'private', 'Siege Tactics Handbook', '{"irure duis nostrud et","laboris magna non"}', DEFAULT, DEFAULT), ('98ea8abd-4f3f-5750-b436-afb8aa79fb82', '92bf5244-388d-5bbf-bd84-1c7ad2efe31b', 7, 'private', 'Wave Management Plan', '{"quis"}', DEFAULT, DEFAULT), ('bc227bd7-3214-5075-bca0-3f60046ac216', 'd9bba68a-079c-5141-bd43-756b87167584', 4, 'unlisted', 'Map Control Blueprint', '{}', DEFAULT, DEFAULT), ('8fd84214-96a6-5d6c-8437-0646145f15a1', 'b32027db-33da-5dc2-b906-e0c2a06ac683', 4, 'unlisted', 'Split Push Blueprint', '{}', DEFAULT, DEFAULT), ('7b269807-4fdc-5847-8a5c-807ffa02f953', 'd297ab9e-40d4-51b5-bb8f-a1df399f1a9a', 10, 'public', 'Aggressive Rush Strategy', '{"velit nostrud veniam","minim culpa","mollit sunt","non aliqua nulla cillum laboris","proident sunt sint magna","irure consectetur officia","in eu officia consequat"}', DEFAULT, DEFAULT), ('cf8258c4-f278-5c75-a944-c2bcba526ad4', '9a184097-b9bc-5f22-ba40-6c62e83423ab', 9, 'private', 'Objective Focused Strategy', '{"Lorem mollit elit","sint velit aliquip"}', DEFAULT, DEFAULT), ('2e51b4b0-68ac-5e21-94a2-b7afb1b16016', 'd297ab9e-40d4-51b5-bb8f-a1df399f1a9a', 3, 'unlisted', 'Objective Focused Strategy', '{"esse nostrud officia","Lorem anim","laboris id magna sint","sit dolor","est magna","labore fugiat","deserunt tempor officia"}', DEFAULT, DEFAULT), ('6e9d8d45-1d4b-5cdd-92c5-76194015ba99', '19495f2f-99a6-5394-9596-a1d3fb0d3196', 10, 'unlisted', 'Team Fight Execution Plan', '{"id ipsum"}', DEFAULT, DEFAULT), ('fac7e894-3f38-5663-bc98-486c88732ea4', 'b32027db-33da-5dc2-b906-e0c2a06ac683', 9, 'public', 'Objective Focused Strategy', '{"officia ipsum laborum ad occaeca"}', DEFAULT, DEFAULT), ('7d360079-2c18-5c6d-a1b8-85eb411ace3d', 'eda91f04-12ef-5904-88aa-e6ed9a692e03', 8, 'unlisted', 'Aggressive Rush Strategy', '{"et fugiat id non sint","ea sunt occaecat","exercitation culpa nulla excepte","excepteur","ex excepteur","nisi aliqua"}', DEFAULT, DEFAULT), ('be194c18-6eee-5ff6-a117-608bade8a86e', '9a184097-b9bc-5f22-ba40-6c62e83423ab', 7, 'private', 'Vision Control Blueprint', '{"nostrud laborum qui","Lorem ipsum nulla pariatur"}', DEFAULT, DEFAULT), ('74297878-a21d-59b7-aced-265d4a9f30fa', '2d1d7734-be70-5d07-a538-e76c6cae722e', 10, 'public', 'Gank Heavy Approach', '{"consectetur aute","aliqua est veniam do","dolore dolore deserunt","sit","eu sunt veniam","proident officia cillum","adipisicing ex sit culpa in"}', DEFAULT, DEFAULT), ('a0c5fdb3-1581-541b-b560-7473e0935643', '9bf2ad50-cccb-50eb-8269-3a7e78bd21f5', 2, 'unlisted', 'Jungle Control Playbook', '{"quis velit ex ullamco","esse mollit mollit","adipisicing nulla amet irure","sunt reprehenderit tempor irure","mollit","exercitation velit sunt"}', DEFAULT, DEFAULT), ('5bf01130-69dd-5547-acc0-717bf1395fda', '3ff60d7a-a4ad-54c5-a422-53b52cd53093', 10, 'unlisted', 'Vision Control Blueprint', '{"excepteur velit"}', DEFAULT, DEFAULT), ('1e052062-4999-589c-af48-bc4a3df69d05', 'f4b5542b-ba61-519e-a8d2-5793282ad487', 8, 'private', 'Secure Objective Playbook', '{"esse adipisicing voluptate","excepteur deserunt dolore","excepteur ex","excepteur","ut ad ad","in","commodo excepteur cupidatat","irure labore","est anim minim"}', DEFAULT, DEFAULT), ('38b49ca8-b50c-5e98-af9e-9c3898d28f8f', 'a88bc9b9-135e-55c7-8c4c-5a072a3c8573', 9, 'private', 'Aggressive Rush Strategy', '{"exercitation tempor","adipisicing"}', DEFAULT, DEFAULT), ('9b261f2f-f0b0-57c3-9c3a-156a89bfc9aa', 'e4de1a09-bd9a-5e42-b92c-2cb1af28bec6', 7, 'unlisted', 'Secure Objective Playbook', '{"velit dolor nostrud in","eiusmod occaecat","sunt dolore culpa","laboris reprehenderit excepteur","deserunt est nulla"}', DEFAULT, DEFAULT), ('2d9d0644-e0d8-5f5d-84c2-071cd2c099ce', 'a3141029-aec2-543b-b18a-49fe947e3304', 1, 'public', 'Defensive Turtle Tactics', '{}', DEFAULT, DEFAULT), ('b8c7a039-d039-57f7-bd1e-253b05ef8c03', '9b1fc781-1e4e-56d2-bd68-0dc257a319c0', 2, 'private', 'Vision Denial Blueprint', '{"pariatur nulla","nostrud mollit ipsum","ipsum sunt aliquip fugiat conseq","dolore irure","cupidatat deserunt","aliquip id"}', DEFAULT, DEFAULT), ('110d19c8-9e0d-5f75-a721-b94eb9080526', '5ef5a669-7ca0-5a58-879f-c84c6abe3657', 2, 'private', 'Objective Focused Strategy', '{"in nisi","est tempor","aute laboris irure culpa occaeca","officia id","ullamco sunt","excepteur aliquip labore sit","proident nostrud occaecat minim","sint ipsum aliqua Lorem"}', DEFAULT, DEFAULT), ('09923517-e55a-5deb-98cb-d64b27c0ab72', '1e7e0bcb-4fc0-5d72-81a5-d67a74a13595', 9, 'unlisted', 'Baron Control Strategy', '{"fugiat fugiat Lorem pariatur"}', DEFAULT, DEFAULT), ('e5bd85d5-1f62-5598-9176-4bfd393badbe', 'ca65e33b-de71-5d46-933a-849036127987', 4, 'public', 'Vision Denial Blueprint', '{"Lorem laborum","id aute officia sunt id","velit","ut fugiat in adipisicing laboris","occaecat minim nulla voluptate e","aliquip occaecat non dolore","nulla adipisicing sit anim"}', DEFAULT, DEFAULT), ('e8eb7547-d359-5d88-afb0-cca98349d023', 'cfbfd1d4-e77f-57e5-94da-e9ff2cc7a996', 8, 'public', 'Counter Pick Blueprint', '{"consequat ipsum","esse occaecat ea sit deserunt","laboris magna","est","sunt","ex magna et cupidatat in","fugiat do in"}', DEFAULT, DEFAULT), ('0e4135c9-4c74-5717-9ee1-cbbb37873838', 'd19db439-c7e7-53a7-aa19-0db346180dc1', 10, 'public', 'Team Fight Execution Plan', '{"adipisicing amet esse ut","irure dolore excepteur","ea aliquip proident","consectetur ex voluptate elit","fugiat aliqua esse","sint voluptate proident"}', DEFAULT, DEFAULT), ('eb9d24ec-f15e-5e4f-870e-dd537efcd168', '9b1fc781-1e4e-56d2-bd68-0dc257a319c0', 1, 'private', 'Counter Pick Blueprint', '{"eu","exercitation laborum ad fugiat","pariatur et consequat","labore id","sunt","cupidatat occaecat amet deserunt"}', DEFAULT, DEFAULT), ('688a2e3c-848e-5787-bd83-705a15229924', '8a0a556f-d942-55f0-8ba8-1ffbfaf3c6d9', 3, 'unlisted', 'Counter Pick Blueprint', '{"aliquip sint dolor pariatur","nisi ad","deserunt eu mollit eu","cillum cillum","velit ipsum anim","in deserunt ut duis","consequat"}', DEFAULT, DEFAULT), ('a042a037-2e40-50ce-ae48-3f063c3067bb', '91434b27-2651-5429-8f42-45c3f8e334a0', 8, 'unlisted', 'Roaming Support Plan', '{"laboris ut minim non voluptate","consequat irure exercitation min","dolor ullamco qui","ut excepteur culpa"}', DEFAULT, DEFAULT), ('cb4eaa5a-1f18-571e-9566-4c1753ad9134', 'cd7c291a-6d6e-5632-91e5-b7fd7a634d7d', 4, 'private', 'Vision Control Blueprint', '{"laboris exercitation deserunt","fugiat consequat ad"}', DEFAULT, DEFAULT), ('2076216c-1b19-5f7f-b10d-db3cae2b4567', 'f4b5542b-ba61-519e-a8d2-5793282ad487', 4, 'private', 'Defensive Turtle Tactics', '{"commodo cillum","aliqua adipisicing","officia sit incididunt","magna dolore pariatur","occaecat voluptate et","dolor magna","nostrud nisi amet in"}', DEFAULT, DEFAULT), ('a0bd7980-cac4-5ded-adc5-004548282723', '8a0a556f-d942-55f0-8ba8-1ffbfaf3c6d9', 2, 'unlisted', 'Vision Control Blueprint', '{}', DEFAULT, DEFAULT), ('e94657cc-5d4a-53ce-8902-19b99712c3c6', '36f6f3ba-e867-5008-b6c1-829e989f9d2f', 2, 'unlisted', 'Vision Control Blueprint', '{}', DEFAULT, DEFAULT), ('cdee6d23-791e-5a74-aba4-6e6c1b3863e7', 'cd7c291a-6d6e-5632-91e5-b7fd7a634d7d', 4, 'unlisted', 'Baron Control Strategy', '{"ex enim qui nisi veniam","qui consectetur ex fugiat incidi","duis eiusmod consequat do"}', DEFAULT, DEFAULT), ('d5a4641d-8cbb-5fd0-89e3-ac12979b690c', '9584676f-0635-591a-a937-d230d9a3abf3', 4, 'unlisted', 'Secure Objective Playbook', '{"ad culpa","elit proident laborum","eiusmod cupidatat"}', DEFAULT, DEFAULT), ('ab58f5b2-4308-5685-a477-a4b54637b2a0', '5777772e-8d66-5c0f-ab03-fb0419760db6', 1, 'unlisted', 'Roaming Support Plan', '{"et enim minim","deserunt ipsum occaecat enim","consequat et sunt culpa","culpa in","ullamco nulla","consectetur adipisicing consequa","deserunt","ut","consectetur anim eiusmod nostrud"}', DEFAULT, DEFAULT), ('025da8e7-6d47-53be-9689-b0604284733b', '9b1fc781-1e4e-56d2-bd68-0dc257a319c0', 8, 'unlisted', 'Gank Heavy Approach', '{}', DEFAULT, DEFAULT), ('cfc01e92-0e9c-5f58-b116-ac73af2ff344', '9584676f-0635-591a-a937-d230d9a3abf3', 9, 'private', 'Baron Control Strategy', '{"sint est","deserunt nisi labore duis cupida"}', DEFAULT, DEFAULT), ('6c7a0737-5d09-56f1-9a60-9ca811b68d40', '5777772e-8d66-5c0f-ab03-fb0419760db6', 6, 'public', 'Late Game Scaling Strategy', '{"qui tempor aliquip proident","minim ad","mollit laboris","officia","mollit sunt","nisi velit eu nisi"}', DEFAULT, DEFAULT), ('b74b781d-f3ca-5ce2-a262-c20f23455d05', '9b1fc781-1e4e-56d2-bd68-0dc257a319c0', 1, 'private', 'Team Fight Execution Plan', '{"laboris"}', DEFAULT, DEFAULT), ('ae76c1cf-66c9-5bf7-8fc8-d1e1260ab8bd', '1d3f740a-8c60-5c1d-aa9e-3854a33c8e1d', 4, 'public', 'Jungle Control Playbook', '{"id eu sint","ea magna"}', DEFAULT, DEFAULT), ('3267d96d-4a33-5c13-9ef8-eb9652f76262', 'ac9f0e3e-b030-584f-a8dd-87355fe22537', 5, 'public', 'Late Game Scaling Strategy', '{"voluptate deserunt"}', DEFAULT, DEFAULT), ('272ce823-3f81-5671-93a8-93655178aa67', 'd9bba68a-079c-5141-bd43-756b87167584', 9, 'unlisted', 'Counter Pick Blueprint', '{"cupidatat ullamco Lorem","do laboris est velit","incididunt est cillum nisi"}', DEFAULT, DEFAULT), ('0cd365ac-6479-5889-b532-b02ce5d93b9f', 'f4b5542b-ba61-519e-a8d2-5793282ad487', 1, 'unlisted', 'Wave Management Plan', '{}', DEFAULT, DEFAULT), ('d1c31a1f-140d-5b01-95f7-3fc15003186c', 'ac9f0e3e-b030-584f-a8dd-87355fe22537', 2, 'public', 'Baron Control Strategy', '{"non consectetur velit","laborum est","adipisicing nisi","nostrud","id mollit culpa reprehenderit","mollit pariatur consectetur","anim","deserunt elit"}', DEFAULT, DEFAULT), ('139e14ed-bbf1-5d48-a6cc-84c72c891164', '2589cf16-4103-5a4f-b544-b30078083eaa', 4, 'unlisted', 'Jungle Control Playbook', '{"dolore aliquip elit consectetur ","ex excepteur veniam","proident","dolore sit tempor nisi","ullamco anim","id deserunt pariatur","pariatur eiusmod sit","amet aute sint dolor","est ad irure dolor et"}', DEFAULT, DEFAULT), ('586f1ac8-f524-5f8c-88e2-184c02d5ef6d', '91434b27-2651-5429-8f42-45c3f8e334a0', 10, 'private', 'Aggressive Rush Strategy', '{"duis nisi","ad","id culpa dolore Lorem","adipisicing deserunt","velit","ullamco laborum reprehenderit in"}', DEFAULT, DEFAULT), ('62075432-2441-5ae8-a3d3-0c53f1490707', '9b1fc781-1e4e-56d2-bd68-0dc257a319c0', 6, 'public', 'Vision Denial Blueprint', '{"voluptate cupidatat Lorem qui","in cillum laboris sit","laboris sunt reprehenderit","consectetur","nulla labore","commodo laboris"}', DEFAULT, DEFAULT), ('7e2a3012-f429-5959-8e79-e27f888f9ce7', 'd9bba68a-079c-5141-bd43-756b87167584', 3, 'public', 'Baron Control Strategy', '{"est tempor","elit fugiat duis"}', DEFAULT, DEFAULT), ('b8821e56-73f0-54d5-b485-728d64492250', 'd1b8f3f8-af26-5088-8712-273c28ba98f7', 3, 'private', 'Gank Heavy Approach', '{"dolore"}', DEFAULT, DEFAULT), ('41c6ea7f-18a9-55e6-b2ba-f0f4f40a17bf', '9584676f-0635-591a-a937-d230d9a3abf3', 3, 'unlisted', 'Siege Tactics Handbook', '{"proident anim Lorem reprehenderi","eiusmod aute sint esse","ad nisi consectetur laboris","cupidatat","ipsum adipisicing id aute","commodo ullamco aute","quis anim ad sint","dolore laborum eu irure est","pariatur adipisicing"}', DEFAULT, DEFAULT), ('6071eb55-6bca-516b-b2e7-cdcdc70b2f27', '1e7e0bcb-4fc0-5d72-81a5-d67a74a13595', 4, 'private', 'Rotation Strategy Document', '{"ullamco excepteur","deserunt laboris fugiat","deserunt aliqua"}', DEFAULT, DEFAULT), ('d7cdb9d2-07a6-5208-bc43-84429587c78d', 'd9bba68a-079c-5141-bd43-756b87167584', 4, 'private', 'Gank Heavy Approach', '{"non Lorem duis reprehenderit","labore nisi","dolor ea quis exercitation","aliqua consectetur"}', DEFAULT, DEFAULT), ('edba76b8-16c2-5d65-8407-7c8846b18c8d', 'b5605791-3389-56c2-9ec6-17d538b9bb85', 9, 'private', 'Defensive Turtle Tactics', '{"enim","quis minim proident eiusmod labo","pariatur nulla sit commodo","officia duis ipsum","ipsum sunt"}', DEFAULT, DEFAULT), ('4961b154-685f-5c2d-b1f1-598100239ea4', 'b5605791-3389-56c2-9ec6-17d538b9bb85', 2, 'public', 'Early Game Dominance Guide', '{"eiusmod","voluptate consequat proident qui","esse","non","esse ex","magna nulla","eiusmod velit","amet eiusmod","laborum id"}', DEFAULT, DEFAULT), ('81b648c1-576c-5086-ba4f-2125060d9cf0', '91fa3874-9437-5dfa-a49a-f19fb38d9e92', 6, 'unlisted', 'Siege Tactics Handbook', '{"consectetur velit","nulla eiusmod dolore","ut dolore amet cupidatat","quis","ea et duis culpa","do ex","ea non ut adipisicing sit","deserunt sunt id non"}', DEFAULT, DEFAULT), ('edcc20e9-95a3-50eb-b84c-a2ac5801dd1f', '3ff60d7a-a4ad-54c5-a422-53b52cd53093', 7, 'private', 'Objective Focused Strategy', '{"aliqua aute adipisicing mollit","ex","in sit voluptate Lorem","deserunt consequat eu"}', DEFAULT, DEFAULT), ('0f7963e1-2931-5603-b1f8-5f29e095a36f', 'cfbfd1d4-e77f-57e5-94da-e9ff2cc7a996', 8, 'private', 'Aggressive Rush Strategy', '{"quis ipsum","excepteur ex","nulla sit duis","minim nulla tempor","culpa deserunt ipsum","consequat reprehenderit","ullamco sit anim voluptate","aliqua quis ut do"}', DEFAULT, DEFAULT), ('d90cf80e-490d-5c8c-85cc-9c761060fca5', 'b7a89d05-549f-565f-b631-b59097e91d1a', 9, 'public', 'Defensive Turtle Tactics', '{"id amet non","dolore et sint commodo","cillum","tempor ex exercitation aliquip","duis veniam anim ullamco in","enim nostrud tempor eiusmod fugi"}', DEFAULT, DEFAULT), ('84a00f8f-8f65-512e-a89a-396ebb944774', 'f4b5542b-ba61-519e-a8d2-5793282ad487', 10, 'unlisted', 'Counter Pick Blueprint', '{"irure veniam et mollit","quis consequat","magna irure exercitation"}', DEFAULT, DEFAULT), ('24530daa-18f4-5736-824e-740b98d86f84', 'b5605791-3389-56c2-9ec6-17d538b9bb85', 8, 'public', 'Objective Focused Strategy', '{"anim non exercitation","culpa sit elit","mollit aute commodo ullamco","do exercitation occaecat dolor","eiusmod officia","velit aliquip aute deserunt"}', DEFAULT, DEFAULT), ('cef44dbb-01f1-53f9-a51f-bce20b8c9729', '1d3f740a-8c60-5c1d-aa9e-3854a33c8e1d', 5, 'private', 'Gank Heavy Approach', '{"cillum sunt","ea ex do","nulla","nisi amet","consectetur velit","Lorem sint officia deserunt"}', DEFAULT, DEFAULT), ('2f432e43-c578-5d3f-a9f6-658650551fe1', 'a3141029-aec2-543b-b18a-49fe947e3304', 7, 'public', 'Vision Denial Blueprint', '{"excepteur tempor eu","cupidatat culpa dolor","reprehenderit sint","esse enim"}', DEFAULT, DEFAULT), ('9e0ad23d-bafe-536b-a992-47ea353cf3b5', 'a5831e58-2fc9-5b59-970d-00c344a4eb18', 9, 'unlisted', 'Gank Heavy Approach', '{"enim qui pariatur id quis","excepteur pariatur velit"}', DEFAULT, DEFAULT), ('ba4f3542-9d48-574a-8df6-823d78106037', '1e7e0bcb-4fc0-5d72-81a5-d67a74a13595', 5, 'public', 'Defensive Turtle Tactics', '{}', DEFAULT, DEFAULT), ('d5920fa6-848e-5195-b671-9577ccf74a26', 'f52ce409-f800-5a86-b4ed-ce1a99a8a6ae', 7, 'public', 'Roaming Support Plan', '{"quis sint ex Lorem","excepteur ad laboris elit in","cupidatat enim","voluptate quis anim ea","sit esse quis"}', DEFAULT, DEFAULT), ('60e1ec45-4b3f-5cd2-b9e9-a6fd50c32391', 'cd7c291a-6d6e-5632-91e5-b7fd7a634d7d', 10, 'public', 'Vision Denial Blueprint', '{"reprehenderit ad cupidatat","eiusmod elit","nulla","cillum","do ea culpa do","elit amet incididunt eiusmod","aliqua adipisicing elit ad","adipisicing elit Lorem"}', DEFAULT, DEFAULT), ('4152396c-eaf9-5aeb-9b7d-6c26ad4d722c', '36f6f3ba-e867-5008-b6c1-829e989f9d2f', 8, 'unlisted', 'Defensive Turtle Tactics', '{"consequat pariatur","qui","veniam sit consectetur nisi aliq","dolor magna","laborum culpa","aliquip est dolore ex"}', DEFAULT, DEFAULT), ('82c66b9e-374b-5deb-960b-0b761f066806', 'ca65e33b-de71-5d46-933a-849036127987', 6, 'public', 'Late Game Scaling Strategy', '{"nisi ut magna","sit ullamco cupidatat ullamco","dolor excepteur","minim adipisicing magna cupidata","cupidatat minim","id in tempor in"}', DEFAULT, DEFAULT), ('cb1a8444-be9e-581c-8a1e-9f0d5870d484', '9bf2ad50-cccb-50eb-8269-3a7e78bd21f5', 1, 'public', 'Wave Management Plan', '{"qui Lorem amet nulla","culpa ut irure elit","dolor enim eu","cupidatat","occaecat magna elit laboris comm","culpa voluptate qui"}', DEFAULT, DEFAULT), ('b4086fbf-8b55-5b20-af96-270e53efd260', '9b1fc781-1e4e-56d2-bd68-0dc257a319c0', 7, 'unlisted', 'Siege Tactics Handbook', '{"esse labore aute","magna consectetur","exercitation","in tempor ipsum Lorem","consequat enim","occaecat deserunt ipsum minim","officia aute labore"}', DEFAULT, DEFAULT), ('7dc2a385-02fd-5e9e-8ca3-480d310ce988', 'a88bc9b9-135e-55c7-8c4c-5a072a3c8573', 2, 'unlisted', 'Late Game Scaling Strategy', '{"ullamco aliqua","ad laboris reprehenderit laboris","veniam magna eu commodo"}', DEFAULT, DEFAULT), ('bd010a0a-cb39-59ee-8218-e7f775ac9a01', 'a5831e58-2fc9-5b59-970d-00c344a4eb18', 8, 'private', 'Counter Pick Blueprint', '{"ullamco qui","qui laboris","esse","consectetur proident ea fugiat","duis qui occaecat adipisicing es","proident pariatur consectetur ex"}', DEFAULT, DEFAULT), ('eb100a5e-fbbc-5189-b323-e08ca1ddf4b2', 'cd7c291a-6d6e-5632-91e5-b7fd7a634d7d', 7, 'public', 'Map Control Blueprint', '{"officia do pariatur ut","et","qui cillum sit","id consectetur","velit qui mollit","nisi velit"}', DEFAULT, DEFAULT), ('e43c6b3b-10fe-54f2-a09c-2f23976dbe42', '3ff60d7a-a4ad-54c5-a422-53b52cd53093', 3, 'public', 'Counter Pick Blueprint', '{"fugiat","duis proident adipisicing id","nisi laboris","consequat anim nisi occaecat","culpa ipsum nulla non","sint exercitation irure commodo ","exercitation adipisicing magna","labore consequat quis commodo ni"}', DEFAULT, DEFAULT), ('145f2d17-d2b0-59ee-98c0-d8b6d6c741cd', 'cd7c291a-6d6e-5632-91e5-b7fd7a634d7d', 5, 'unlisted', 'Wave Management Plan', '{"irure ex","ad","cupidatat ea","ullamco eu culpa","duis mollit anim velit veniam"}', DEFAULT, DEFAULT), ('27b7fc92-c399-5aec-bc43-ea4a7d41c984', 'd9bba68a-079c-5141-bd43-756b87167584', 7, 'unlisted', 'Gank Heavy Approach', '{"excepteur","eu fugiat eiusmod","deserunt ad sint nostrud","pariatur","labore id labore","aliquip laborum aliqua deserunt","voluptate tempor voluptate","aliqua","adipisicing amet ipsum consectet"}', DEFAULT, DEFAULT), ('16e13bc2-bae9-5a1b-a23b-7f2503b73a03', '5777772e-8d66-5c0f-ab03-fb0419760db6', 5, 'private', 'Baron Control Strategy', '{"deserunt adipisicing deserunt","officia","nulla consequat dolore mollit","consequat non aliqua","mollit tempor","aliquip aliquip","eu excepteur reprehenderit minim"}', DEFAULT, DEFAULT), ('fb9a721d-7da1-577d-a721-ae00139d250b', '2589cf16-4103-5a4f-b544-b30078083eaa', 9, 'unlisted', 'Aggressive Rush Strategy', '{"enim","nulla nostrud pariatur duis","eu esse adipisicing culpa","anim sit aliquip","adipisicing consectetur est ex"}', DEFAULT, DEFAULT), ('8514b549-2321-5223-bcae-362fbfc61c61', '9a184097-b9bc-5f22-ba40-6c62e83423ab', 1, 'private', 'Split Push Blueprint', '{"anim","aliquip esse","anim","mollit excepteur cupidatat cupid","esse quis ad","id magna qui"}', DEFAULT, DEFAULT), ('8d222d98-29f0-5123-b99d-cc9f19493b20', 'a5831e58-2fc9-5b59-970d-00c344a4eb18', 8, 'public', 'Aggressive Rush Strategy', '{"ad consequat dolore duis"}', DEFAULT, DEFAULT), ('5ba895cd-4107-5c9d-a9cb-bd2d24899776', '92bf5244-388d-5bbf-bd84-1c7ad2efe31b', 7, 'private', 'Vision Denial Blueprint', '{"nisi velit","ut","reprehenderit fugiat","nostrud commodo","cupidatat ex elit qui","nulla fugiat nostrud in"}', DEFAULT, DEFAULT), ('73b23aba-b5e2-5b24-b442-00922b22f275', 'a3141029-aec2-543b-b18a-49fe947e3304', 4, 'private', 'Jungle Control Playbook', '{}', DEFAULT, DEFAULT), ('0e1a0168-a26a-5feb-9c91-7bd40d62afcc', '5777772e-8d66-5c0f-ab03-fb0419760db6', 7, 'private', 'Map Control Blueprint', '{"tempor aliqua Lorem","quis deserunt","cillum cupidatat et"}', DEFAULT, DEFAULT), ('9348bed0-a52a-59cd-98df-ed8ab48ba4f7', '6c52c1d9-13a4-51ef-ae51-1dacc4c14be9', 6, 'private', 'Defensive Turtle Tactics', '{"tempor ipsum velit do","aute qui","do ut nisi","in pariatur proident"}', DEFAULT, DEFAULT), ('1507f034-16ba-5219-b927-72f72394b9da', 'eda91f04-12ef-5904-88aa-e6ed9a692e03', 10, 'unlisted', 'Wave Management Plan', '{"anim nisi","excepteur elit ut","amet Lorem","aliquip anim"}', DEFAULT, DEFAULT), ('3d6517ba-6968-54c9-9934-5dca00f20f48', '91fa3874-9437-5dfa-a49a-f19fb38d9e92', 8, 'private', 'Defensive Turtle Tactics', '{"ullamco"}', DEFAULT, DEFAULT), ('253eb1a7-6466-5751-bb80-ba728a9d5688', 'd9bba68a-079c-5141-bd43-756b87167584', 10, 'public', 'Split Push Blueprint', '{"magna","adipisicing","in Lorem mollit"}', DEFAULT, DEFAULT), ('84afba7a-f643-5519-b420-54d83f591e9d', '3ff60d7a-a4ad-54c5-a422-53b52cd53093', 5, 'unlisted', 'Roaming Support Plan', '{"proident laboris sit dolore","eiusmod","incididunt culpa enim esse"}', DEFAULT, DEFAULT), ('59b35be9-9d21-5b79-8875-4954a08d7239', '9bf2ad50-cccb-50eb-8269-3a7e78bd21f5', 5, 'public', 'Late Game Scaling Strategy', '{"magna laboris pariatur","esse qui mollit eu","veniam id dolor"}', DEFAULT, DEFAULT), ('b3ff9604-63d2-533f-8bbb-d5f0486381ad', 'd9bba68a-079c-5141-bd43-756b87167584', 5, 'unlisted', 'Rotation Strategy Document', '{}', DEFAULT, DEFAULT), ('bcc899da-7629-5e0e-b560-5f5f6e7060e1', '1e7e0bcb-4fc0-5d72-81a5-d67a74a13595', 9, 'private', 'Counter Pick Blueprint', '{"consequat sit irure ullamco cill","ullamco esse minim","et culpa do","elit mollit mollit ullamco","labore eu est incididunt","sint reprehenderit esse","aliquip Lorem","commodo incididunt","enim"}', DEFAULT, DEFAULT), ('96dbca51-d731-5e2c-a3d4-62e8f0faa072', 'b32027db-33da-5dc2-b906-e0c2a06ac683', 5, 'unlisted', 'Map Control Blueprint', '{"mollit officia veniam","excepteur","sunt commodo","Lorem duis sit","tempor ad","ipsum proident sit ad","in Lorem dolor est reprehenderit","nulla sint occaecat"}', DEFAULT, DEFAULT), ('fc633e1f-14b8-590b-a0ba-c22147aaeeb4', 'd1b8f3f8-af26-5088-8712-273c28ba98f7', 6, 'private', 'Secure Objective Playbook', '{"fugiat sunt"}', DEFAULT, DEFAULT), ('49af1081-9f3e-5569-af2e-1029eb808baf', '9bf2ad50-cccb-50eb-8269-3a7e78bd21f5', 4, 'public', 'Late Game Scaling Strategy', '{"incididunt qui do","exercitation Lorem ut tempor","consectetur consectetur mollit c"}', DEFAULT, DEFAULT), ('28c7fcd5-dc0b-528f-92f0-3e19e7b94b50', 'd19db439-c7e7-53a7-aa19-0db346180dc1', 9, 'public', 'Gank Heavy Approach', '{"consequat ullamco adipisicing cu","labore"}', DEFAULT, DEFAULT), ('38780d0a-620c-5420-b84b-aa917e5db8c1', '9bf2ad50-cccb-50eb-8269-3a7e78bd21f5', 1, 'unlisted', 'Aggressive Rush Strategy', '{"mollit laborum pariatur sint","enim velit nostrud veniam"}', DEFAULT, DEFAULT), ('535c1e86-4fb0-59ea-8076-b54244994b61', 'eda91f04-12ef-5904-88aa-e6ed9a692e03', 6, 'unlisted', 'Split Push Blueprint', '{"nulla nisi et anim","ut","nulla pariatur","elit ad","duis culpa","occaecat enim anim cupidatat"}', DEFAULT, DEFAULT), ('5e181f1c-b93c-59a3-a161-c4d4e29f775e', '3ff60d7a-a4ad-54c5-a422-53b52cd53093', 4, 'unlisted', 'Secure Objective Playbook', '{"ex","laboris in","et enim excepteur ullamco labore","et est ex irure","et et consequat sit","eu laborum quis"}', DEFAULT, DEFAULT), ('0cd34502-daee-52d8-b8a4-7aa032065e8a', '98eaafd3-adbf-5a3e-adb9-b3fb6971b6f1', 2, 'public', 'Objective Focused Strategy', '{"reprehenderit","labore","Lorem commodo consectetur ea","consequat occaecat","ea pariatur sit eiusmod et","eu et dolore sint","est et excepteur pariatur","velit duis","in fugiat exercitation dolore eu"}', DEFAULT, DEFAULT), ('6c9b6808-e737-5f8f-b196-93c0598b34b9', '5ef5a669-7ca0-5a58-879f-c84c6abe3657', 7, 'public', 'Roaming Support Plan', '{"dolor excepteur ipsum sint"}', DEFAULT, DEFAULT), ('f498173a-b4a1-5b37-ad0b-67596b4fe0ac', 'a88bc9b9-135e-55c7-8c4c-5a072a3c8573', 8, 'unlisted', 'Siege Tactics Handbook', '{"voluptate","nulla ullamco eu aliquip","eu consectetur ullamco mollit qu"}', DEFAULT, DEFAULT), ('b0d542cd-fe80-5cad-9bd6-a81d0ed1c2f4', '1d3f740a-8c60-5c1d-aa9e-3854a33c8e1d', 8, 'unlisted', 'Vision Control Blueprint', '{"officia ea elit","aute in nostrud laboris","veniam enim","cupidatat esse","sit qui","velit fugiat irure"}', DEFAULT, DEFAULT), ('cd506b7e-0f7c-526c-b650-bb799376c313', '5777772e-8d66-5c0f-ab03-fb0419760db6', 2, 'unlisted', 'Gank Heavy Approach', '{"fugiat minim anim","eiusmod nisi est","labore dolor","esse","exercitation ut in ea","velit","occaecat irure nisi nisi qui","velit aliqua"}', DEFAULT, DEFAULT), ('d625f518-4ec3-51e2-95c0-6cf965668d68', '92bf5244-388d-5bbf-bd84-1c7ad2efe31b', 8, 'public', 'Wave Management Plan', '{"elit ipsum nulla ullamco dolor","magna sunt","consequat cupidatat minim offici","dolor ut","officia","in magna","mollit aute consectetur","nostrud irure","nisi et officia veniam laboris"}', DEFAULT, DEFAULT), ('66b76653-1cc5-50ef-a109-c059c945f253', '91434b27-2651-5429-8f42-45c3f8e334a0', 9, 'private', 'Team Fight Execution Plan', '{"consectetur cillum incididunt cu","id aute occaecat aliqua ipsum","nulla exercitation eu culpa dolo","duis velit ut ullamco","qui ea aliquip","adipisicing Lorem id et nostrud","exercitation eu ipsum fugiat","consectetur incididunt sit magna","eiusmod ipsum do"}', DEFAULT, DEFAULT), ('a6dbcc80-e965-5682-9448-6a65a83787b3', '2589cf16-4103-5a4f-b544-b30078083eaa', 1, 'public', 'Roaming Support Plan', '{"ad pariatur","in qui pariatur","consequat magna","culpa duis proident","dolore amet pariatur","et occaecat nostrud","dolore ullamco","non dolor","est consequat minim do"}', DEFAULT, DEFAULT), ('c4d9fc37-aa2c-5cf4-8cef-779723958882', '91434b27-2651-5429-8f42-45c3f8e334a0', 9, 'unlisted', 'Vision Control Blueprint', '{"consequat nisi id fugiat ut","dolor quis ea aute et","amet","ullamco aliquip esse labore","commodo aliqua pariatur consecte","excepteur veniam non dolor","magna est pariatur","consectetur consequat nisi","magna pariatur qui anim id"}', DEFAULT, DEFAULT), ('cbdcc83c-77a1-5d75-ace8-183321930672', 'a5831e58-2fc9-5b59-970d-00c344a4eb18', 3, 'private', 'Map Control Blueprint', '{"officia velit Lorem sit nulla","do","occaecat ex mollit consectetur l","cillum quis","commodo elit ipsum","aliqua ex nostrud cillum","magna exercitation","pariatur aliqua laborum in quis"}', DEFAULT, DEFAULT), ('46b593cf-05b9-5316-ba74-ef4cf062dcc9', 'b5605791-3389-56c2-9ec6-17d538b9bb85', 5, 'unlisted', 'Vision Control Blueprint', '{"amet adipisicing elit","velit ipsum","veniam est est","ea aliquip","sint ullamco id","minim minim do","laborum eiusmod officia nulla","ullamco amet magna cupidatat lab","tempor nisi consectetur"}', DEFAULT, DEFAULT), ('1770dbe6-c529-520b-a36c-454b023ccb2c', '9584676f-0635-591a-a937-d230d9a3abf3', 6, 'public', 'Roaming Support Plan', '{"aliqua non mollit dolore","commodo esse cillum magna"}', DEFAULT, DEFAULT), ('65973815-006c-531b-b69f-bd5d086f7786', '2589cf16-4103-5a4f-b544-b30078083eaa', 8, 'unlisted', 'Wave Management Plan', '{"eiusmod officia ullamco exercita","magna","culpa aute minim","duis dolor","mollit quis"}', DEFAULT, DEFAULT), ('0cd413aa-1a82-5832-9edb-17fd5c059a41', '8a0a556f-d942-55f0-8ba8-1ffbfaf3c6d9', 10, 'private', 'Vision Denial Blueprint', '{"non nisi consequat sit","laborum Lorem nostrud","pariatur incididunt"}', DEFAULT, DEFAULT), ('5153bc7b-cd04-5c5e-83e9-7b7a5a1390e6', '8a0a556f-d942-55f0-8ba8-1ffbfaf3c6d9', 4, 'public', 'Roaming Support Plan', '{"sunt duis reprehenderit reprehen"}', DEFAULT, DEFAULT), ('bd276dfa-2ddb-52c7-9feb-6d2cc281335e', '9a184097-b9bc-5f22-ba40-6c62e83423ab', 2, 'private', 'Map Control Blueprint', '{"incididunt enim veniam et ea","Lorem elit","incididunt ex deserunt est eiusm","deserunt laboris consectetur ven","fugiat dolor eu enim","irure aliqua dolore","occaecat adipisicing amet eu id","proident veniam"}', DEFAULT, DEFAULT), ('12cafb5f-6adc-5f24-a738-9455dde3eb2a', 'b32027db-33da-5dc2-b906-e0c2a06ac683', 2, 'public', 'Wave Management Plan', '{"veniam in do laborum","proident amet ad tempor"}', DEFAULT, DEFAULT), ('e017f166-fa51-5fb5-af86-6fc41cad9674', '2589cf16-4103-5a4f-b544-b30078083eaa', 2, 'private', 'Secure Objective Playbook', '{"non culpa esse esse","pariatur officia","deserunt proident","sunt aute tempor","mollit minim","et ut non","enim consectetur id deserunt"}', DEFAULT, DEFAULT), ('544f27bb-a8e9-5b6b-8ec7-f1cfe91406e2', 'ca65e33b-de71-5d46-933a-849036127987', 5, 'public', 'Wave Management Plan', '{"Lorem adipisicing deserunt","dolore esse","velit dolor qui","labore"}', DEFAULT, DEFAULT), ('a704d0a7-ee9e-5aa5-bba9-aff3556d41a2', '9b1fc781-1e4e-56d2-bd68-0dc257a319c0', 5, 'private', 'Wave Management Plan', '{"commodo excepteur sunt","Lorem velit","minim dolore","consectetur irure aliquip","sint aliquip nulla","esse dolor dolore consequat Lore","exercitation mollit aute irure a","non sunt"}', DEFAULT, DEFAULT), ('a758f3b0-169f-56a9-80db-acb9f3972464', 'f52ce409-f800-5a86-b4ed-ce1a99a8a6ae', 2, 'public', 'Defensive Turtle Tactics', '{"cupidatat nisi"}', DEFAULT, DEFAULT), ('1ebb07c2-9cc9-56df-b9e3-71837bafdca1', '438bff0e-fd50-5c86-89ee-d397a0c0e548', 5, 'unlisted', 'Early Game Dominance Guide', '{"ex pariatur cillum dolore","ipsum non","id proident velit officia cupida","cillum","aliqua aliqua consequat minim","minim nisi aute"}', DEFAULT, DEFAULT), ('217c4ba5-3ca5-503f-8fcd-2cf91341f163', 'd19db439-c7e7-53a7-aa19-0db346180dc1', 9, 'public', 'Vision Control Blueprint', '{"quis fugiat irure","irure","voluptate adipisicing mollit iru","aute","enim velit","velit esse duis dolore","elit","ullamco ullamco"}', DEFAULT, DEFAULT), ('63c64b00-d130-5928-b403-258ebdb17248', 'ac9f0e3e-b030-584f-a8dd-87355fe22537', 9, 'private', 'Early Game Dominance Guide', '{"commodo","quis Lorem eu cillum","Lorem laborum nisi","sint aute","dolore aliqua esse"}', DEFAULT, DEFAULT), ('0deb1a0e-8f26-576f-af23-e26ef824ea0b', 'eda91f04-12ef-5904-88aa-e6ed9a692e03', 10, 'unlisted', 'Split Push Blueprint', '{"aliqua Lorem","qui eu Lorem aliquip","nostrud","commodo officia sint proident","nulla magna nostrud mollit"}', DEFAULT, DEFAULT), ('924718ca-0525-5af0-b71a-2560f2cc09a0', '5ef5a669-7ca0-5a58-879f-c84c6abe3657', 8, 'public', 'Map Control Blueprint', '{"fugiat deserunt est qui ipsum"}', DEFAULT, DEFAULT), ('877842c0-f0dc-575b-a7ad-30915aaaeebe', '9b1fc781-1e4e-56d2-bd68-0dc257a319c0', 2, 'private', 'Secure Objective Playbook', '{"elit excepteur","anim incididunt ullamco ea","irure deserunt laborum","excepteur laboris","consectetur occaecat proident an","aliqua sint","voluptate fugiat ad id","culpa aute exercitation"}', DEFAULT, DEFAULT), ('ebce0b2a-b558-5f18-bddc-2af385fe3118', '1d3f740a-8c60-5c1d-aa9e-3854a33c8e1d', 5, 'unlisted', 'Baron Control Strategy', '{"sint occaecat","nostrud reprehenderit et aliquip","elit adipisicing","esse mollit excepteur labore ips","id occaecat pariatur deserunt es","aliquip ad ut","fugiat proident","mollit in anim velit"}', DEFAULT, DEFAULT), ('67f00577-22b1-541a-b8eb-43f4241ec322', '3ff60d7a-a4ad-54c5-a422-53b52cd53093', 2, 'private', 'Objective Focused Strategy', '{"qui dolore mollit","deserunt"}', DEFAULT, DEFAULT), ('5c1d9b7d-9f54-545c-ae19-f60dd5ff1d25', '98eaafd3-adbf-5a3e-adb9-b3fb6971b6f1', 3, 'unlisted', 'Aggressive Rush Strategy', '{"sint aliqua ut","veniam qui veniam"}', DEFAULT, DEFAULT), ('339c2395-3fcf-5f3b-90ec-90611b01fa37', '2d1d7734-be70-5d07-a538-e76c6cae722e', 5, 'public', 'Early Game Dominance Guide', '{"exercitation laborum cupidatat e","ullamco officia","sint eiusmod fugiat veniam"}', DEFAULT, DEFAULT), ('3e26da35-99ab-5fee-95a6-ca3120af490b', '92bf5244-388d-5bbf-bd84-1c7ad2efe31b', 9, 'unlisted', 'Vision Control Blueprint', '{"eu sint consequat"}', DEFAULT, DEFAULT), ('540a4921-798c-58f1-8dda-fbb9b912bb43', '5ef5a669-7ca0-5a58-879f-c84c6abe3657', 10, 'unlisted', 'Vision Denial Blueprint', '{"laboris"}', DEFAULT, DEFAULT), ('81b847bf-bc05-538e-bdc5-721f48634b78', '9584676f-0635-591a-a937-d230d9a3abf3', 2, 'unlisted', 'Gank Heavy Approach', '{"nulla nostrud magna aliqua","labore nulla dolore","nostrud laboris","tempor","culpa mollit ipsum fugiat","excepteur tempor","officia cupidatat"}', DEFAULT, DEFAULT), ('2c9d2493-4412-5eae-aa39-69858c4bfd99', '19495f2f-99a6-5394-9596-a1d3fb0d3196', 8, 'private', 'Gank Heavy Approach', '{"veniam qui officia laboris"}', DEFAULT, DEFAULT), ('51ef9256-0eab-579a-868b-52c27ddf10e9', '9584676f-0635-591a-a937-d230d9a3abf3', 4, 'unlisted', 'Early Game Dominance Guide', '{"sit culpa cupidatat consequat el","cupidatat laborum cupidatat dolo","occaecat aliquip ex deserunt","enim mollit","commodo amet eiusmod","officia nostrud adipisicing","aliquip","incididunt officia"}', DEFAULT, DEFAULT), ('d6ceb82b-4af2-5d8a-96c1-8d6a9db93a31', '9a184097-b9bc-5f22-ba40-6c62e83423ab', 2, 'public', 'Aggressive Rush Strategy', '{"cupidatat cupidatat","ullamco id","eu","duis laborum irure adipisicing","est ex"}', DEFAULT, DEFAULT), ('01ae0a36-6172-5c0a-baff-6c1805e0976a', '6c52c1d9-13a4-51ef-ae51-1dacc4c14be9', 9, 'public', 'Wave Management Plan', '{"consectetur ullamco","mollit","eu laboris sunt","laborum culpa culpa","ad","consequat fugiat eiusmod excepte","ullamco aliquip do in","et sunt deserunt","amet officia dolor aliquip eu"}', DEFAULT, DEFAULT), ('df70af8b-9578-5bd7-9fd6-02ad92eaedca', '5ef5a669-7ca0-5a58-879f-c84c6abe3657', 9, 'unlisted', 'Gank Heavy Approach', '{"culpa mollit cupidatat","id amet reprehenderit anim","ea exercitation exercitation ad","ea ullamco proident non elit","irure anim sit adipisicing paria","esse minim est aliqua","eiusmod et","culpa non incididunt adipisicing"}', DEFAULT, DEFAULT), ('82fca927-01aa-5c29-8d7a-7a868f9ba6ea', 'f4b5542b-ba61-519e-a8d2-5793282ad487', 5, 'public', 'Rotation Strategy Document', '{"ea amet labore aute excepteur","anim ipsum ut consectetur"}', DEFAULT, DEFAULT), ('4e5550d4-d39a-56c3-8f19-971fdeeb787e', '91fa3874-9437-5dfa-a49a-f19fb38d9e92', 4, 'unlisted', 'Vision Denial Blueprint', '{"sunt","commodo veniam","pariatur cupidatat","laboris","cillum","quis cillum"}', DEFAULT, DEFAULT), ('83ec5ac5-8c23-5e38-8151-36af62098fff', '3ff60d7a-a4ad-54c5-a422-53b52cd53093', 1, 'private', 'Siege Tactics Handbook', '{"dolore dolore aliquip Lorem","quis ex dolor","eu sit"}', DEFAULT, DEFAULT), ('d1996167-52fb-5e4a-b849-75efada773e6', 'a88bc9b9-135e-55c7-8c4c-5a072a3c8573', 3, 'unlisted', 'Defensive Turtle Tactics', '{"culpa"}', DEFAULT, DEFAULT), ('1818e464-6a87-5266-8677-c069741c3ab2', 'a3141029-aec2-543b-b18a-49fe947e3304', 7, 'unlisted', 'Vision Control Blueprint', '{"dolore esse officia"}', DEFAULT, DEFAULT), ('13ebb239-29e1-53ff-93b0-d55e3db05a11', 'ca65e33b-de71-5d46-933a-849036127987', 1, 'unlisted', 'Baron Control Strategy', '{"sunt consequat"}', DEFAULT, DEFAULT), ('a0a63713-f2dd-56aa-98a3-f6a26bcae5b9', 'd297ab9e-40d4-51b5-bb8f-a1df399f1a9a', 10, 'unlisted', 'Jungle Control Playbook', '{"aliqua eu enim","ad ullamco laborum","voluptate consectetur eu","dolor dolore non tempor culpa","excepteur aliqua consectetur ea","ad","ex non esse commodo","mollit laborum sunt"}', DEFAULT, DEFAULT), ('4029bbad-86a6-5e60-a150-da0664c62b92', '5ef5a669-7ca0-5a58-879f-c84c6abe3657', 2, 'private', 'Team Fight Execution Plan', '{"minim dolor amet elit in","est mollit id","commodo aute elit"}', DEFAULT, DEFAULT), ('6636a6a8-3a2d-5862-bb24-3e77bffdb640', '8a0a556f-d942-55f0-8ba8-1ffbfaf3c6d9', 8, 'private', 'Wave Management Plan', '{"proident ea","et","duis dolor","et ipsum aliqua","ea ut consequat exercitation","nostrud et tempor sit","mollit ullamco esse mollit","deserunt qui incididunt sit irur"}', DEFAULT, DEFAULT), ('4ba85443-f89e-5d68-8d4a-da572969b0dd', '1e7e0bcb-4fc0-5d72-81a5-d67a74a13595', 9, 'public', 'Split Push Blueprint', '{"culpa est esse","minim et ea aliqua","quis tempor excepteur deserunt","fugiat laboris eiusmod","sunt mollit aliqua esse enim"}', DEFAULT, DEFAULT), ('55fbf0ae-1fd2-57d5-9884-2ceca8eef8f3', '91fa3874-9437-5dfa-a49a-f19fb38d9e92', 3, 'unlisted', 'Team Fight Execution Plan', '{"proident amet esse dolore culpa","exercitation labore","nostrud Lorem","tempor","laborum irure incididunt dolor","voluptate minim velit","dolor esse qui"}', DEFAULT, DEFAULT), ('c91a5204-a47c-5f58-8042-f917f2facb4b', '1d3f740a-8c60-5c1d-aa9e-3854a33c8e1d', 9, 'public', 'Late Game Scaling Strategy', '{"tempor elit id et tempor","laborum","exercitation enim cillum irure","veniam aliquip","in","occaecat fugiat ullamco dolore","proident Lorem excepteur incidid","est minim deserunt irure","elit laborum","incididunt nisi id"}', DEFAULT, DEFAULT), ('fdca53a8-e101-5585-90b8-82f7d3c1fc24', '9b1fc781-1e4e-56d2-bd68-0dc257a319c0', 9, 'public', 'Jungle Control Playbook', '{"sint aute veniam","cupidatat veniam","ex ea nulla","do sint","laborum minim eiusmod","consequat ullamco aute","deserunt officia ipsum labore","enim","minim quis esse"}', DEFAULT, DEFAULT), ('a76c18ad-af72-57b7-b165-f7757943d51e', '1d3f740a-8c60-5c1d-aa9e-3854a33c8e1d', 9, 'unlisted', 'Jungle Control Playbook', '{}', DEFAULT, DEFAULT), ('bf7ffe87-c4e2-5aa1-86f7-2fdfa8315ff6', 'd297ab9e-40d4-51b5-bb8f-a1df399f1a9a', 4, 'unlisted', 'Gank Heavy Approach', '{"consectetur id id cupidatat","exercitation ad"}', DEFAULT, DEFAULT), ('764f06ba-b246-5c62-8e43-89fe991c749d', 'f4b5542b-ba61-519e-a8d2-5793282ad487', 5, 'public', 'Secure Objective Playbook', '{"in magna","laborum reprehenderit","veniam in","nulla","adipisicing minim ullamco","consectetur dolore","dolore duis sunt","proident culpa sit quis officia","minim duis quis sunt eiusmod"}', DEFAULT, DEFAULT), ('229d48f9-9e17-5f91-bd2c-3f3cdbae28c1', 'b32027db-33da-5dc2-b906-e0c2a06ac683', 8, 'public', 'Counter Pick Blueprint', '{"sunt minim"}', DEFAULT, DEFAULT), ('505fdba9-c563-5897-bd99-f3fd7e6efb10', 'f4b5542b-ba61-519e-a8d2-5793282ad487', 3, 'private', 'Map Control Blueprint', '{"duis voluptate mollit","officia commodo","nulla pariatur nisi","fugiat pariatur quis culpa offic","cupidatat sit"}', DEFAULT, DEFAULT), ('ad47e58b-6404-5eb4-b01c-1ab02b3af226', '9584676f-0635-591a-a937-d230d9a3abf3', 9, 'private', 'Gank Heavy Approach', '{"aliqua ad commodo laborum","eu magna commodo","aute","tempor laborum ad reprehenderit","Lorem id anim","exercitation","sint est","ad anim ad"}', DEFAULT, DEFAULT), ('4ae4f149-a1da-5a76-913f-5ea02c87f4e0', 'eda91f04-12ef-5904-88aa-e6ed9a692e03', 3, 'unlisted', 'Counter Pick Blueprint', '{"non qui aliqua","quis velit incididunt veniam ips","officia nulla adipisicing quis","officia minim commodo","veniam sunt laborum commodo","dolore elit"}', DEFAULT, DEFAULT), ('a85217e5-f8d6-5dd0-996b-8464fa1021ff', 'd297ab9e-40d4-51b5-bb8f-a1df399f1a9a', 9, 'public', 'Counter Pick Blueprint', '{"commodo ea veniam","pariatur non excepteur eu","nulla ullamco veniam sit dolore","duis id deserunt aliquip","dolore labore fugiat","sint"}', DEFAULT, DEFAULT), ('b21411a7-0afc-5cf3-81fc-471ab95f5d8d', 'a3141029-aec2-543b-b18a-49fe947e3304', 8, 'unlisted', 'Vision Denial Blueprint', '{"culpa incididunt","officia deserunt sunt magna","tempor aliquip mollit","aliquip quis duis","occaecat sint"}', DEFAULT, DEFAULT), ('d37fd98f-746a-582e-a0fc-de28d96e48c5', '91434b27-2651-5429-8f42-45c3f8e334a0', 1, 'public', 'Siege Tactics Handbook', '{"laborum ullamco ut amet","quis","nulla magna enim veniam","proident amet excepteur consecte"}', DEFAULT, DEFAULT), ('2dc53ff7-923f-50df-a732-82b60afbba2f', 'e4de1a09-bd9a-5e42-b92c-2cb1af28bec6', 8, 'unlisted', 'Roaming Support Plan', '{"ea labore","nostrud","Lorem ad excepteur nulla","est occaecat esse","consectetur id ipsum duis"}', DEFAULT, DEFAULT), ('f9690101-a16f-5108-b391-78c9dba8aeee', '438bff0e-fd50-5c86-89ee-d397a0c0e548', 6, 'unlisted', 'Late Game Scaling Strategy', '{"culpa elit esse deserunt","sunt est","sunt","nisi ut","do veniam id","voluptate","velit et minim","id anim irure et","dolore ex quis anim proident"}', DEFAULT, DEFAULT), ('7441a375-e1c1-5111-b299-b73d6da10ca2', '9bf2ad50-cccb-50eb-8269-3a7e78bd21f5', 2, 'unlisted', 'Vision Denial Blueprint', '{"laborum eiusmod mollit sit","incididunt adipisicing anim","sit","ipsum excepteur pariatur commodo","ut consectetur veniam","consectetur labore","est incididunt esse laborum","ex consectetur","amet","sunt aliqua laboris culpa"}', DEFAULT, DEFAULT), ('ca1d2bcf-5a98-5759-81b6-75e3ed47122a', '8a0a556f-d942-55f0-8ba8-1ffbfaf3c6d9', 2, 'private', 'Objective Focused Strategy', '{}', DEFAULT, DEFAULT), ('77b1dab4-a856-5c18-bb24-053f8869bc5b', '3ff60d7a-a4ad-54c5-a422-53b52cd53093', 4, 'private', 'Rotation Strategy Document', '{"eu amet pariatur ut","ut non sint labore","cillum adipisicing Lorem ea do","aute est reprehenderit do esse","laboris quis","est dolore proident sunt","est officia","est"}', DEFAULT, DEFAULT), ('08b3c695-d6fb-54e4-9ef2-bf508a57adc1', '5ef5a669-7ca0-5a58-879f-c84c6abe3657', 6, 'public', 'Aggressive Rush Strategy', '{}', DEFAULT, DEFAULT), ('7dc16d02-274a-5e7f-bc31-6af29982313f', '549980e7-3e77-5d76-b263-84664d04b209', 7, 'private', 'Late Game Scaling Strategy', '{"veniam elit","in excepteur laboris","ullamco aliqua","elit cillum nulla","incididunt velit non"}', DEFAULT, DEFAULT), ('acad405c-f8e9-559b-bd11-e0ffc3bebca6', '36f6f3ba-e867-5008-b6c1-829e989f9d2f', 1, 'unlisted', 'Siege Tactics Handbook', '{"cupidatat cupidatat culpa commod","esse","ex in reprehenderit proident","nulla incididunt dolor"}', DEFAULT, DEFAULT), ('16d95573-87cd-5d45-be45-e8a020ba40ac', 'ac9f0e3e-b030-584f-a8dd-87355fe22537', 1, 'private', 'Counter Pick Blueprint', '{"eu in ullamco","occaecat ex ad in","deserunt ex est","sunt officia est labore","eu id pariatur irure nisi","duis aute esse eu","non non adipisicing","sunt quis laborum"}', DEFAULT, DEFAULT), ('5a993b43-eca0-563f-b6c9-fdd440759e85', '9b1fc781-1e4e-56d2-bd68-0dc257a319c0', 5, 'unlisted', 'Team Fight Execution Plan', '{"incididunt ex veniam exercitatio","proident ad quis in"}', DEFAULT, DEFAULT), ('f7bfc2c8-d52a-5806-97fd-77bd67d93b23', 'd9bba68a-079c-5141-bd43-756b87167584', 3, 'unlisted', 'Counter Pick Blueprint', '{"sint ad cupidatat"}', DEFAULT, DEFAULT), ('748d5a8c-f2bf-5974-9c72-24f98b85813b', '438bff0e-fd50-5c86-89ee-d397a0c0e548', 2, 'private', 'Defensive Turtle Tactics', '{"esse commodo qui sunt","amet","quis deserunt irure","non","id exercitation ut","mollit velit ex labore incididun","non exercitation eu aute"}', DEFAULT, DEFAULT), ('808d9117-ba04-5cb0-8827-639e2642b0ee', 'ca65e33b-de71-5d46-933a-849036127987', 8, 'public', 'Team Fight Execution Plan', '{"officia magna voluptate ea","fugiat proident reprehenderit in","elit officia aute Lorem","pariatur ipsum ipsum incididunt","duis commodo qui","fugiat elit ad amet","ullamco","consectetur"}', DEFAULT, DEFAULT), ('e0185351-5b08-58b2-bd3e-c09965750112', '1e7e0bcb-4fc0-5d72-81a5-d67a74a13595', 9, 'public', 'Roaming Support Plan', '{"mollit sunt veniam","et fugiat incididunt tempor","irure irure","ea ad sint","eiusmod dolore consectetur dolor"}', DEFAULT, DEFAULT), ('993f7ab3-9b54-5771-a99e-0c6d75a1f37d', 'd297ab9e-40d4-51b5-bb8f-a1df399f1a9a', 4, 'unlisted', 'Late Game Scaling Strategy', '{"duis fugiat qui duis","incididunt voluptate ea qui","reprehenderit ad laboris aliquip","Lorem quis","enim veniam sunt excepteur","aute consectetur ex non commodo","ullamco voluptate laborum ullamc"}', DEFAULT, DEFAULT), ('bdb5114a-76d3-5fe4-944c-043e7ebd99da', '3ff60d7a-a4ad-54c5-a422-53b52cd53093', 8, 'public', 'Baron Control Strategy', '{"in pariatur enim","id","pariatur deserunt nisi eu","cupidatat","incididunt qui sit ea","ex sint"}', DEFAULT, DEFAULT), ('aa4964a1-4611-5528-9df9-ef170866214f', 'b7a89d05-549f-565f-b631-b59097e91d1a', 3, 'unlisted', 'Baron Control Strategy', '{"ipsum id"}', DEFAULT, DEFAULT), ('ec14513a-7d3c-5172-b68b-d531791ec9de', '438bff0e-fd50-5c86-89ee-d397a0c0e548', 7, 'private', 'Aggressive Rush Strategy', '{"elit magna id nostrud","sit ad enim","et cupidatat veniam Lorem aliqui","eiusmod eiusmod in","consequat est sint officia exerc","qui do","dolor do dolore cillum","Lorem laborum","exercitation labore quis"}', DEFAULT, DEFAULT), ('a0f81f50-aa3d-5780-b485-a54fb7b7833a', '3ff60d7a-a4ad-54c5-a422-53b52cd53093', 10, 'private', 'Team Fight Execution Plan', '{"in","fugiat anim culpa","deserunt fugiat voluptate","magna excepteur fugiat aliqua","dolor","officia"}', DEFAULT, DEFAULT), ('aabd5608-e04b-5bd8-8d75-d004a1b17409', '6c52c1d9-13a4-51ef-ae51-1dacc4c14be9', 10, 'unlisted', 'Objective Focused Strategy', '{"veniam","qui ex adipisicing","nostrud ea sit","cillum aliquip irure","proident sit laboris pariatur Lo","fugiat nostrud et","quis excepteur","nulla"}', DEFAULT, DEFAULT), ('7bcc2b79-de31-5963-9cfd-559af77da3be', 'a88bc9b9-135e-55c7-8c4c-5a072a3c8573', 8, 'unlisted', 'Wave Management Plan', '{"nisi duis aliqua","eu esse","aliquip dolor nulla ipsum","qui laborum anim","exercitation ut cupidatat nostru","ut ea","cillum exercitation eiusmod","ullamco","ut incididunt nisi","sit ex nisi enim"}', DEFAULT, DEFAULT), ('b4293a01-a1be-5e58-a088-abc550c9f820', 'a5831e58-2fc9-5b59-970d-00c344a4eb18', 4, 'private', 'Early Game Dominance Guide', '{"in aliqua cupidatat et","tempor ullamco minim eu","ea adipisicing"}', DEFAULT, DEFAULT), ('a97e2960-b385-5f99-88c2-9e562f32234e', '3ff60d7a-a4ad-54c5-a422-53b52cd53093', 7, 'public', 'Team Fight Execution Plan', '{}', DEFAULT, DEFAULT), ('db39a462-f36a-54ba-b38e-2fcf35273cba', 'f52ce409-f800-5a86-b4ed-ce1a99a8a6ae', 3, 'private', 'Counter Pick Blueprint', '{"eiusmod aute cupidatat veniam","Lorem excepteur laborum labore i","nostrud amet anim non ex"}', DEFAULT, DEFAULT), ('35dc016a-9edc-565d-923e-9bee9a60bd24', 'eda91f04-12ef-5904-88aa-e6ed9a692e03', 4, 'public', 'Siege Tactics Handbook', '{"velit nisi eiusmod dolor","sint voluptate incididunt","aute nostrud","consequat","aute cillum nostrud irure","Lorem occaecat nostrud nisi","laboris"}', DEFAULT, DEFAULT), ('61e4dc6c-b183-5c81-91cb-8dc622fd6913', '9b1fc781-1e4e-56d2-bd68-0dc257a319c0', 2, 'unlisted', 'Siege Tactics Handbook', '{"sit laboris id","laboris","sint","aliqua est adipisicing proident ","id cillum sit nisi et","aliquip voluptate quis excepteur","dolore anim","nulla aute nostrud","dolor"}', DEFAULT, DEFAULT), ('b5df5eae-45e8-5f54-a8f9-351afabf5f65', '9bf2ad50-cccb-50eb-8269-3a7e78bd21f5', 9, 'unlisted', 'Rotation Strategy Document', '{"sit","voluptate qui","ad aliqua","occaecat reprehenderit commodo a","velit reprehenderit labore ea ci","irure cupidatat incididunt magna","et enim sunt adipisicing","incididunt nostrud","exercitation laboris laborum ven"}', DEFAULT, DEFAULT), ('18aa22db-700e-5a8a-892c-5bf7b7da1bbf', '9a184097-b9bc-5f22-ba40-6c62e83423ab', 2, 'public', 'Aggressive Rush Strategy', '{"commodo laborum enim consectetur","eiusmod mollit do ea excepteur","duis nulla","adipisicing excepteur consectetu","dolore enim deserunt"}', DEFAULT, DEFAULT), ('7c9a7a2f-bf97-5fb7-9ff3-bb3e363fce60', 'a88bc9b9-135e-55c7-8c4c-5a072a3c8573', 2, 'unlisted', 'Gank Heavy Approach', '{"ut","voluptate pariatur tempor"}', DEFAULT, DEFAULT), ('93216013-7bd8-59b1-a3f0-b1087d4d7f00', 'd19db439-c7e7-53a7-aa19-0db346180dc1', 7, 'public', 'Secure Objective Playbook', '{}', DEFAULT, DEFAULT), ('3e057cf2-df3a-50e5-82fa-e2dcf87ebd5a', 'ac9f0e3e-b030-584f-a8dd-87355fe22537', 3, 'public', 'Secure Objective Playbook', '{"sint cillum","irure esse quis in","elit excepteur reprehenderit","enim nisi"}', DEFAULT, DEFAULT), ('e3f5f266-44d3-5096-b897-56678a5f974b', 'b7a89d05-549f-565f-b631-b59097e91d1a', 10, 'private', 'Vision Denial Blueprint', '{"nisi","consequat est eiusmod"}', DEFAULT, DEFAULT), ('ffbcf0c1-44bb-549f-ba50-18e1e874a611', 'a5831e58-2fc9-5b59-970d-00c344a4eb18', 3, 'private', 'Counter Pick Blueprint', '{"sunt non id","ex ut","aliquip","quis culpa qui pariatur","adipisicing laboris","officia excepteur aliqua aute"}', DEFAULT, DEFAULT), ('c4f414cf-451e-5497-88db-62020e3a0dc5', '5777772e-8d66-5c0f-ab03-fb0419760db6', 2, 'private', 'Baron Control Strategy', '{"ad eu in","id dolor tempor","non irure velit","ad do adipisicing est","incididunt non reprehenderit","anim sint Lorem culpa proident","deserunt velit duis"}', DEFAULT, DEFAULT), ('a109823a-0d02-5064-b8ef-3186d6d08cb0', '5ef5a669-7ca0-5a58-879f-c84c6abe3657', 1, 'private', 'Aggressive Rush Strategy', '{"Lorem aute incididunt non","sunt cillum exercitation","qui non ipsum proident irure","culpa"}', DEFAULT, DEFAULT), ('3e4b1eac-b214-5aaa-a7f0-29af8a5b2ce9', 'b32027db-33da-5dc2-b906-e0c2a06ac683', 1, 'public', 'Rotation Strategy Document', '{"id enim","sunt labore","reprehenderit excepteur magna","dolor aliquip adipisicing exerci","officia ullamco","Lorem ea incididunt adipisicing","reprehenderit quis irure","do nisi","et commodo"}', DEFAULT, DEFAULT), ('72819b1c-0a2a-5e86-b5bc-5741c2854f96', 'b32027db-33da-5dc2-b906-e0c2a06ac683', 2, 'private', 'Split Push Blueprint', '{"quis proident dolore irure","incididunt","velit nisi","do tempor duis esse"}', DEFAULT, DEFAULT), ('b5d7b26a-56f4-59fc-853e-1a1306ab6e95', '1d3f740a-8c60-5c1d-aa9e-3854a33c8e1d', 3, 'public', 'Objective Focused Strategy', '{"occaecat sit et culpa","minim culpa commodo"}', DEFAULT, DEFAULT), ('29365629-31e8-5e53-b1ae-ffdad1c2009e', '6c52c1d9-13a4-51ef-ae51-1dacc4c14be9', 4, 'unlisted', 'Jungle Control Playbook', '{"sit consectetur id","laboris nostrud adipisicing aute","laborum adipisicing","ut do","sunt ut","sint","cillum aute aute commodo dolor","aute in ut"}', DEFAULT, DEFAULT), ('ef9b1028-31e2-59d9-a64e-2a4d1686e96e', 'd19db439-c7e7-53a7-aa19-0db346180dc1', 10, 'unlisted', 'Objective Focused Strategy', '{"do","dolor deserunt nostrud","voluptate ex commodo ex","ex enim culpa","ad anim in nulla","ad","proident non cupidatat pariatur","qui veniam exercitation nisi"}', DEFAULT, DEFAULT), ('51f9c2fa-a6a8-5d1e-9ef8-efb89c34ee1c', 'd1b8f3f8-af26-5088-8712-273c28ba98f7', 9, 'private', 'Split Push Blueprint', '{"minim veniam","do irure quis","excepteur ea","reprehenderit laboris","amet"}', DEFAULT, DEFAULT), ('930338c0-ea8e-56fc-b2df-a68255a6182c', '438bff0e-fd50-5c86-89ee-d397a0c0e548', 7, 'private', 'Aggressive Rush Strategy', '{"sit","id veniam","culpa dolore","minim consectetur laboris"}', DEFAULT, DEFAULT), ('14f0b4c0-9d33-5d68-85ae-cc3d31b6b19e', 'd19db439-c7e7-53a7-aa19-0db346180dc1', 6, 'public', 'Jungle Control Playbook', '{}', DEFAULT, DEFAULT), ('7c51f66f-cf81-571f-a65c-f571f1f39cc9', 'a88bc9b9-135e-55c7-8c4c-5a072a3c8573', 10, 'private', 'Roaming Support Plan', '{"officia","consectetur ea dolor","mollit esse","officia incididunt","nostrud proident","anim nisi culpa dolor eu","excepteur"}', DEFAULT, DEFAULT), ('764b9b2a-d477-5bff-a789-cba064ac71f8', '9a184097-b9bc-5f22-ba40-6c62e83423ab', 4, 'public', 'Vision Control Blueprint', '{"nulla eiusmod"}', DEFAULT, DEFAULT), ('1125d49b-2ad6-5500-bd14-7e0649f5dd73', 'd19db439-c7e7-53a7-aa19-0db346180dc1', 2, 'unlisted', 'Team Fight Execution Plan', '{"id qui","et consectetur velit"}', DEFAULT, DEFAULT), ('de1d5557-45c4-5747-8c2d-f8c09704db25', '8a0a556f-d942-55f0-8ba8-1ffbfaf3c6d9', 3, 'private', 'Baron Control Strategy', '{"mollit consequat dolor voluptate","exercitation id","officia non ipsum aliquip ipsum"}', DEFAULT, DEFAULT), ('dc2759a8-51ca-575d-9678-0ac64e900648', '5ef5a669-7ca0-5a58-879f-c84c6abe3657', 10, 'private', 'Late Game Scaling Strategy', '{"ullamco excepteur Lorem","officia incididunt laborum","irure tempor ea","adipisicing ad","esse quis","ex","esse proident fugiat proident de","nulla ullamco mollit est","adipisicing nostrud"}', DEFAULT, DEFAULT), ('8c0ef303-3ae4-5fe5-b0be-ef1788ae8707', 'f52ce409-f800-5a86-b4ed-ce1a99a8a6ae', 2, 'public', 'Vision Control Blueprint', '{"aliquip aliquip veniam ullamco","eu dolor incididunt","culpa laboris"}', DEFAULT, DEFAULT), ('ddd094e1-b8f4-560e-b960-af5227a9b337', 'b5605791-3389-56c2-9ec6-17d538b9bb85', 4, 'unlisted', 'Map Control Blueprint', '{"anim id duis ea","in anim aliqua reprehenderit","adipisicing exercitation pariatu","anim magna","do officia sunt mollit amet","ad","elit","laboris deserunt","nostrud deserunt deserunt mollit"}', DEFAULT, DEFAULT), ('4bd93d1d-9da0-508d-a30a-5cd1fe2e858d', '19495f2f-99a6-5394-9596-a1d3fb0d3196', 2, 'public', 'Baron Control Strategy', '{"Lorem ad elit"}', DEFAULT, DEFAULT), ('2d25022b-866c-584e-895d-11b8a727c08f', '1e7e0bcb-4fc0-5d72-81a5-d67a74a13595', 8, 'public', 'Jungle Control Playbook', '{}', DEFAULT, DEFAULT), ('8d4a5d0e-3ef8-5e54-ac1b-6a14acb1ad0e', 'b32027db-33da-5dc2-b906-e0c2a06ac683', 9, 'private', 'Team Fight Execution Plan', '{"cillum dolore","amet mollit incididunt","aute sunt veniam exercitation","aliquip elit dolore nulla","minim aute eiusmod","deserunt nostrud aliqua quis","nisi cupidatat elit enim culpa"}', DEFAULT, DEFAULT), ('6b889196-1556-5eef-89c0-e7506a0ca45b', 'd1b8f3f8-af26-5088-8712-273c28ba98f7', 1, 'public', 'Baron Control Strategy', '{"dolore ad quis cillum"}', DEFAULT, DEFAULT), ('e6b5025c-d432-567c-bc94-e80f642225ff', '36f6f3ba-e867-5008-b6c1-829e989f9d2f', 7, 'public', 'Aggressive Rush Strategy', '{"id culpa excepteur incididunt"}', DEFAULT, DEFAULT), ('4d0eaa15-67e7-50e5-bd92-8596a8c41516', '98eaafd3-adbf-5a3e-adb9-b3fb6971b6f1', 9, 'public', 'Jungle Control Playbook', '{"cupidatat cupidatat","dolor sint laboris consequat","esse","tempor fugiat","commodo dolore tempor fugiat qui"}', DEFAULT, DEFAULT), ('c2405ac9-0838-5ce8-a85b-e6db0fbe6c10', 'd297ab9e-40d4-51b5-bb8f-a1df399f1a9a', 7, 'unlisted', 'Early Game Dominance Guide', '{"sint ullamco","sunt reprehenderit fugiat velit","proident mollit commodo labore","laborum proident","aliqua nostrud quis"}', DEFAULT, DEFAULT), ('c8df1446-9b17-5687-8ff4-001003cfca37', '9a184097-b9bc-5f22-ba40-6c62e83423ab', 10, 'private', 'Jungle Control Playbook', '{"in Lorem","consequat"}', DEFAULT, DEFAULT), ('f706294d-163e-5aef-a517-eae489067781', 'b7a89d05-549f-565f-b631-b59097e91d1a', 2, 'public', 'Counter Pick Blueprint', '{"cupidatat eu esse","adipisicing esse sint pariatur","exercitation mollit","pariatur reprehenderit eu","reprehenderit sint","nostrud","ut eu quis"}', DEFAULT, DEFAULT), ('bee3d023-7908-5b1b-a6e7-320078c804bf', '3ff60d7a-a4ad-54c5-a422-53b52cd53093', 1, 'private', 'Roaming Support Plan', '{"amet","in sunt esse officia ut","dolore ad consequat commodo","ex nulla do cillum incididunt"}', DEFAULT, DEFAULT), ('d607d7db-ee7a-57fa-b0f1-08a24201e561', '9a184097-b9bc-5f22-ba40-6c62e83423ab', 6, 'unlisted', 'Objective Focused Strategy', '{"dolor excepteur","excepteur voluptate laboris exce","mollit sit nostrud culpa eiusmod"}', DEFAULT, DEFAULT), ('6db5eb76-a4d8-59b2-8682-ac0a5dca423f', 'b32027db-33da-5dc2-b906-e0c2a06ac683', 5, 'public', 'Objective Focused Strategy', '{"eu amet cillum nisi","nulla proident ex dolor","enim quis ex laborum","ut ut","anim quis minim do","ipsum non magna"}', DEFAULT, DEFAULT), ('f0859c52-737d-58da-9c95-b804668a9ae6', 'b7a89d05-549f-565f-b631-b59097e91d1a', 2, 'public', 'Gank Heavy Approach', '{"aliquip pariatur"}', DEFAULT, DEFAULT), ('f843e0b1-5e16-5c9e-923e-e155f87b2422', '92bf5244-388d-5bbf-bd84-1c7ad2efe31b', 9, 'unlisted', 'Aggressive Rush Strategy', '{"aliquip ex occaecat exercitation","tempor consectetur cillum consec","dolor pariatur ullamco","commodo duis esse","fugiat anim dolore","proident veniam excepteur occaec"}', DEFAULT, DEFAULT), ('971d3e7d-1fd1-5fd1-ba3a-0a99dda2cb04', 'eda91f04-12ef-5904-88aa-e6ed9a692e03', 8, 'public', 'Secure Objective Playbook', '{"irure aliquip do ipsum deserunt","ullamco ullamco","duis ut et et","ullamco nulla fugiat consequat q"}', DEFAULT, DEFAULT), ('51c6dab5-99f7-56c9-a820-7cfc76e25abf', 'd19db439-c7e7-53a7-aa19-0db346180dc1', 9, 'public', 'Early Game Dominance Guide', '{"irure incididunt consequat occae","officia dolor laboris deserunt c","aliquip aliqua duis"}', DEFAULT, DEFAULT), ('88430d1c-f998-5183-ac05-d06b362a058a', 'ca65e33b-de71-5d46-933a-849036127987', 5, 'public', 'Map Control Blueprint', '{"officia anim qui","labore ex excepteur voluptate"}', DEFAULT, DEFAULT), ('fc959555-d183-544e-8cf6-52532b383f25', 'd9bba68a-079c-5141-bd43-756b87167584', 10, 'private', 'Jungle Control Playbook', '{"laborum","culpa eu laborum","consequat veniam sunt"}', DEFAULT, DEFAULT), ('94935318-fc9b-5864-874e-912b663c75f7', '9584676f-0635-591a-a937-d230d9a3abf3', 10, 'private', 'Defensive Turtle Tactics', '{"ut","sit occaecat tempor","consectetur quis pariatur","tempor incididunt nostrud conseq","proident quis esse","nulla sit pariatur","ipsum fugiat excepteur","irure dolor amet excepteur","quis veniam est"}', DEFAULT, DEFAULT), ('ea529f5a-add2-5f29-a44d-2a799c7ab051', 'd9bba68a-079c-5141-bd43-756b87167584', 7, 'unlisted', 'Early Game Dominance Guide', '{"voluptate reprehenderit dolor ex","est cupidatat laborum","mollit laboris ea dolor velit","voluptate excepteur laboris","nulla laborum qui do","voluptate anim"}', DEFAULT, DEFAULT), ('b2bd3c17-1864-5b1f-8d71-b6fe96b48ba6', '438bff0e-fd50-5c86-89ee-d397a0c0e548', 4, 'public', 'Early Game Dominance Guide', '{"nulla id","exercitation velit eiusmod","aliquip et duis nisi pariatur","occaecat id","qui","nulla enim anim nisi","nisi minim proident ullamco","consectetur sit aliqua"}', DEFAULT, DEFAULT), ('a46777c9-6f34-5718-a195-68edd93e1d42', 'b7a89d05-549f-565f-b631-b59097e91d1a', 1, 'private', 'Split Push Blueprint', '{"dolor","enim magna minim duis","sit proident reprehenderit volup","ipsum occaecat"}', DEFAULT, DEFAULT), ('0f3df2fb-dd6e-55b9-9f86-0babb8fec748', '9a184097-b9bc-5f22-ba40-6c62e83423ab', 4, 'public', 'Vision Control Blueprint', '{"aliqua ex","labore aute","est sint magna pariatur sit","Lorem","reprehenderit duis deserunt","anim","sunt magna","velit sit","aliquip anim culpa"}', DEFAULT, DEFAULT), ('95bb7f47-209b-5f16-a018-19e8f23e6e16', '1e7e0bcb-4fc0-5d72-81a5-d67a74a13595', 5, 'public', 'Jungle Control Playbook', '{"in ut","officia fugiat adipisicing","sunt mollit do nisi quis"}', DEFAULT, DEFAULT), ('78959a88-41ee-5d40-85cb-71e22f4c47aa', 'eda91f04-12ef-5904-88aa-e6ed9a692e03', 6, 'public', 'Jungle Control Playbook', '{"officia commodo laboris"}', DEFAULT, DEFAULT), ('a9e614f8-c87a-596e-bdaf-6e577865453e', 'cd7c291a-6d6e-5632-91e5-b7fd7a634d7d', 8, 'public', 'Siege Tactics Handbook', '{"irure aliquip","minim occaecat commodo","eiusmod","duis nulla","exercitation adipisicing aute ve","laboris excepteur ipsum","eu labore pariatur anim minim","reprehenderit deserunt adipisici","adipisicing velit","consequat cillum"}', DEFAULT, DEFAULT), ('f80096a0-59ff-58f8-a58f-cd508cb0f33e', 'a88bc9b9-135e-55c7-8c4c-5a072a3c8573', 7, 'public', 'Defensive Turtle Tactics', '{"duis dolore deserunt deserunt","nisi cupidatat dolor veniam","non","mollit enim anim do"}', DEFAULT, DEFAULT), ('a444e395-f85a-5fcf-904b-e713df3a17f6', '5777772e-8d66-5c0f-ab03-fb0419760db6', 8, 'public', 'Siege Tactics Handbook', '{"do commodo dolore aliquip","duis mollit amet dolor adipisici","aliquip voluptate","aliquip cupidatat ad commodo in","sunt non eiusmod","elit","sit est"}', DEFAULT, DEFAULT);
INSERT INTO public.member_role (id,name,flags) VALUES (1, 'owner', 511), (2, 'editor', 23), (3, 'viewer', 1);
SELECT setval('"public"."member_role_id_seq"'::regclass, (SELECT MAX("id") FROM "public"."member_role"));
