INSERT INTO public.game (id,name,alias,icon,hidden,metadata,created_at,updated_at) VALUES (20, 'Ad Enim', 'NBA2K', 'https://svgshare.com/i/15iw.svg', 'f', '{"player_count":5,"gadgets_per_character":2}', DEFAULT, DEFAULT), (21, 'Est Veniam', 'NBA2K', 'https://svgshare.com/i/15iw.svg', 'f', '{"player_count":5,"gadgets_per_character":2}', DEFAULT, DEFAULT), (22, 'Ea', 'GTA', 'https://svgshare.com/i/15iw.svg', 'f', '{"player_count":5,"gadgets_per_character":2}', DEFAULT, DEFAULT), (23, 'Magna Excepteur', 'PUBG', 'https://svgshare.com/i/15iw.svg', 'f', '{"player_count":5,"gadgets_per_character":2}', DEFAULT, DEFAULT), (24, 'Fugiat', 'Overw', 'https://svgshare.com/i/15iw.svg', 'f', '{"player_count":5,"gadgets_per_character":2}', DEFAULT, DEFAULT), (25, 'Qui Esse', 'Halo', 'https://svgshare.com/i/15iw.svg', 'f', '{"player_count":5,"gadgets_per_character":2}', DEFAULT, DEFAULT);
INSERT INTO public.game_object (id,game_id,type,url,name,metadata) VALUES (1552, 20, 'character', 'https://svgshare.com/i/16EY.svg', 'laboris aliquip', '{"Molest":"Horribille ut metu"}'), (1553, 20, 'character', 'https://svgshare.com/i/16EY.svg', 'incididunt qui ipsum', '{"Omorari":"Es gloriae"}'), (1554, 20, 'character', 'https://svgshare.com/i/16EY.svg', 'occaecat tempor', '{"Isti":"Causa non maloribus"}'), (1555, 20, 'character', 'https://svgshare.com/i/16EY.svg', 'reprehenderit ex', '{"Ii":"Cursionibus desid omnium"}'), (1556, 20, 'character', 'https://svgshare.com/i/16EY.svg', 'magna incididunt', '{"Abiliustit":"Scriberror iudexpetuam"}'), (1557, 20, 'character', 'https://svgshare.com/i/16EY.svg', 'cupidatat culpa sit', '{"Expetus":"Motu multos"}'), (1558, 20, 'character', 'https://svgshare.com/i/16EY.svg', 'velit Lorem', '{"Litterastris":"Epicitia quo sapientia"}'), (1559, 20, 'character', 'https://svgshare.com/i/16EY.svg', 'labore', '{"Rationistis":"Cum in"}'), (1560, 20, 'character', 'https://svgshare.com/i/16EY.svg', 'mollit', '{"Legimper":"Doloris endum perspici"}'), (1561, 20, 'character', 'https://svgshare.com/i/16EY.svg', 'eu occaecat', '{"Indivinter":"Reret sentenebo per"}'), (1562, 20, 'character', 'https://svgshare.com/i/16EY.svg', 'mollit irure', '{"Iudici":"Aut ratione nihilius"}'), (1563, 20, 'character', 'https://svgshare.com/i/16EY.svg', 'velit adipisicing', '{"Indignisi":"Locum mediocritum"}'), (1564, 20, 'character', 'https://svgshare.com/i/16EY.svg', 'Lorem tempor excepteur', '{"Probabilit":"Tibi dolorum"}'), (1565, 20, 'character', 'https://svgshare.com/i/16EY.svg', 'est dolore', '{"Difficerim":"Quae infinire celeret"}'), (1566, 20, 'character', 'https://svgshare.com/i/16EY.svg', 'in ut cillum', '{"Ego":"Are itur"}'), (1567, 20, 'character', 'https://svgshare.com/i/16EY.svg', 'nisi veniam', '{"Inem":"Sit quem"}'), (1568, 20, 'character', 'https://svgshare.com/i/16EY.svg', 'tempor dolore quis', '{"Seditaque":"In beata triarius"}'), (1569, 20, 'character', 'https://svgshare.com/i/16EY.svg', 'eiusmod aute', '{"Quod":"Alter mihi cum"}'), (1570, 20, 'character', 'https://svgshare.com/i/16EY.svg', 'id', '{"Et":"Ius quam"}'), (1571, 20, 'character', 'https://svgshare.com/i/16EY.svg', 'Lorem cupidatat ea', '{"Utillo":"Modo qui philosoptim"}'), (1572, 20, 'character', 'https://svgshare.com/i/16EY.svg', 'nostrud enim', '{"Si":"Um ani molest"}'), (1573, 20, 'character', 'https://svgshare.com/i/16EY.svg', 'tempor commodo', '{"Eo":"Ationumen ant"}'), (1574, 20, 'character', 'https://svgshare.com/i/16EY.svg', 'occaecat sint', '{"Ilesse":"Eum metus"}'), (1575, 20, 'character', 'https://svgshare.com/i/16EY.svg', 'incididunt fugiat', '{"De":"Sed nostris"}'), (1576, 20, 'character', 'https://svgshare.com/i/16EY.svg', 'non veniam', '{"Sancircum":"A quod mutanda"}'), (1577, 20, 'character', 'https://svgshare.com/i/16EY.svg', 'aute', '{"Praeclare":"Duo esse al"}'), (1578, 20, 'character', 'https://svgshare.com/i/16EY.svg', 'labore excepteur', '{"Omnium":"Esse fortitio"}'), (1579, 20, 'character', 'https://svgshare.com/i/16EY.svg', 'aliquip laboris', '{"Imo":"Tota probartibus"}'), (1580, 20, 'character', 'https://svgshare.com/i/16EY.svg', 'excepteur', '{"Convenis":"In tamendae quantus"}'), (1581, 20, 'character', 'https://svgshare.com/i/16EY.svg', 'elit magna', '{"Transferrem":"Recus es"}'), (1582, 20, 'character', 'https://svgshare.com/i/16EY.svg', 'sunt irure', '{"Aut":"Moderem hominstructus"}'), (1583, 20, 'character', 'https://svgshare.com/i/16EY.svg', 'sit', '{"Cum":"Propterunt debillo ea"}'), (1584, 20, 'character', 'https://svgshare.com/i/16EY.svg', 'in', '{"Ipsa":"Eum delectari non"}'), (1585, 20, 'character', 'https://svgshare.com/i/16EY.svg', 'duis nulla', '{"Iucuniae":"Et dubita"}'), (1586, 20, 'character', 'https://svgshare.com/i/16EY.svg', 'laborum sint reprehenderit', '{"Sed":"Non etiam politatib"}'), (1587, 20, 'character', 'https://svgshare.com/i/16EY.svg', 'aliquip', '{"Eturovat":"Facit musicit"}'), (1588, 20, 'character', 'https://svgshare.com/i/16EY.svg', 'nisi ullamco', '{"Ent":"Scribi modaretiam se"}'), (1589, 20, 'character', 'https://svgshare.com/i/16EY.svg', 'reprehenderit cillum', '{"En":"Iudicur omnescio a"}'), (1590, 20, 'character', 'https://svgshare.com/i/16EY.svg', 'esse', '{"Sit":"Anim eadem ido"}'), (1591, 20, 'character', 'https://svgshare.com/i/16EY.svg', 'veniam', '{"Sol":"Ea mireria"}'), (1592, 20, 'character', 'https://svgshare.com/i/16EY.svg', 'officia dolore dolor', '{"E":"Tamque seiunctum iudicultas"}'), (1593, 20, 'character', 'https://svgshare.com/i/16EY.svg', 'non', '{"Quietem":"Nec quae perspicuum"}'), (1594, 20, 'character', 'https://svgshare.com/i/16EY.svg', 'sint proident', '{"Perspiciatur":"Quid ut"}'), (1595, 20, 'character', 'https://svgshare.com/i/16EY.svg', 'est', '{"Nam":"Ab voluptatem"}'), (1596, 20, 'character', 'https://svgshare.com/i/16EY.svg', 'eu irure', '{"Sed":"Esse non vitam"}'), (1597, 20, 'character', 'https://svgshare.com/i/16EY.svg', 'ea eu', '{"Sit":"Hoc quia"}'), (1598, 20, 'character', 'https://svgshare.com/i/16EY.svg', 'cupidatat excepteur', '{"Infinitur":"Legenim se rebus"}'), (1599, 20, 'character', 'https://svgshare.com/i/16EY.svg', 'ipsum consectetur', '{"Ne":"Endae legestiam"}'), (1600, 20, 'gadget', 'https://svgshare.com/i/16EY.svg', 'qui', '{"Vel":"Putas recoranim"}'), (1601, 20, 'gadget', 'https://svgshare.com/i/16EY.svg', 'dolore ad', '{"Labit":"Non formidanium"}'), (1602, 20, 'gadget', 'https://svgshare.com/i/16EY.svg', 'aute', '{"Debendi":"Declinamic nec"}'), (1603, 20, 'gadget', 'https://svgshare.com/i/16EY.svg', 'deserunt labore', '{"Quid":"Variisque tranquilli"}'), (1604, 20, 'gadget', 'https://svgshare.com/i/16EY.svg', 'ut aliqua', '{"Ego":"Intellegan ut"}'), (1605, 20, 'gadget', 'https://svgshare.com/i/16EY.svg', 'aute quis', '{"Imo":"Ilemus in sabini"}'), (1606, 20, 'gadget', 'https://svgshare.com/i/16EY.svg', 'deserunt ullamco', '{"Praesennii":"Inter est videt"}'), (1607, 20, 'gadget', 'https://svgshare.com/i/16EY.svg', 'enim dolor', '{"Modis":"Carere ea"}'), (1608, 20, 'gadget', 'https://svgshare.com/i/16EY.svg', 'do', '{"Earum":"Essentenet fortitio constantia"}'), (1609, 20, 'gadget', 'https://svgshare.com/i/16EY.svg', 'sunt eu', '{"Omnia":"Sententiae inum fanti"}'), (1610, 20, 'gadget', 'https://svgshare.com/i/16EY.svg', 'fugiat minim', '{"Enime":"Modo habeo ii"}'), (1611, 20, 'gadget', 'https://svgshare.com/i/16EY.svg', 'enim ut', '{"Quod":"Quidem tant inerierun"}'), (1612, 20, 'gadget', 'https://svgshare.com/i/16EY.svg', 'officia officia non', '{"Pellatur":"Perangore tum eorum"}'), (1613, 20, 'gadget', 'https://svgshare.com/i/16EY.svg', 'ex', '{"Nec":"Aptis industria sic"}'), (1614, 20, 'gadget', 'https://svgshare.com/i/16EY.svg', 'elit qui ad', '{"Sit":"Solamus aut voluptatem"}'), (1615, 20, 'gadget', 'https://svgshare.com/i/16EY.svg', 'esse ex officia', '{"Quas":"Ius si molest"}'), (1616, 20, 'gadget', 'https://svgshare.com/i/16EY.svg', 'elit fugiat', '{"Volunum":"Vix graeci esse"}'), (1617, 20, 'gadget', 'https://svgshare.com/i/16EY.svg', 'do nisi', '{"Amurum":"Relique sum"}'), (1618, 20, 'gadget', 'https://svgshare.com/i/16EY.svg', 'aliqua excepteur laborum', '{"Auditis":"Difficeri est"}'), (1619, 20, 'gadget', 'https://svgshare.com/i/16EY.svg', 'ullamco excepteur consectetur', '{"Non":"Relique timeam"}'), (1620, 20, 'gadget', 'https://svgshare.com/i/16EY.svg', 'nostrud ullamco', '{"Aut":"Vitamicit ipsius miseret"}'), (1621, 20, 'gadget', 'https://svgshare.com/i/16EY.svg', 'ipsum', '{"Nosmetu":"Semelab virtutestiae ales"}'), (1622, 20, 'gadget', 'https://svgshare.com/i/16EY.svg', 'labore quis', '{"Graecis":"Cum voluptat"}'), (1623, 20, 'gadget', 'https://svgshare.com/i/16EY.svg', 'enim irure', '{"Mea":"Provoccula a"}'), (1624, 20, 'gadget', 'https://svgshare.com/i/16EY.svg', 'officia', '{"Autem":"Inesse intellegam"}'), (1625, 20, 'gadget', 'https://svgshare.com/i/16EY.svg', 'voluptate', '{"Ante":"Pleniores etiam qui"}'), (1626, 20, 'gadget', 'https://svgshare.com/i/16EY.svg', 'sint', '{"Studuisti":"Morte ea nostri"}'), (1627, 20, 'gadget', 'https://svgshare.com/i/16EY.svg', 'amet consequat', '{"Iis":"Multis eius"}'), (1628, 20, 'gadget', 'https://svgshare.com/i/16EY.svg', 'non', '{"Aliquaque":"Nocet probati inut"}'), (1629, 20, 'gadget', 'https://svgshare.com/i/16EY.svg', 'irure', '{"Quisit":"Angoribid in"}'), (1630, 20, 'gadget', 'https://svgshare.com/i/16EY.svg', 'laborum', '{"Vivenimus":"Voluptatum audire"}'), (1631, 20, 'gadget', 'https://svgshare.com/i/16EY.svg', 'ut', '{"Erea":"Aut suapte quem"}'), (1632, 20, 'gadget', 'https://svgshare.com/i/16EY.svg', 'fugiat quis pariatur', '{"Is":"Plato et"}'), (1633, 20, 'gadget', 'https://svgshare.com/i/16EY.svg', 'sint proident esse', '{"Sic":"Meo abduce"}'), (1634, 20, 'gadget', 'https://svgshare.com/i/16EY.svg', 'qui tempor', '{"Ando":"Patrioque inter"}'), (1635, 20, 'gadget', 'https://svgshare.com/i/16EY.svg', 'commodo', '{"De":"Morte sum audeam"}'), (1636, 20, 'gadget', 'https://svgshare.com/i/16EY.svg', 'aliquip tempor laboris', '{"Audeamus":"Quaedamplific viam et"}'), (1637, 20, 'gadget', 'https://svgshare.com/i/16EY.svg', 'adipisicing adipisicing nisi', '{"Democritat":"His paulo"}'), (1638, 21, 'character', 'https://svgshare.com/i/16EY.svg', 'veniam', '{"Finibus":"Ad alterea deseratum"}'), (1639, 21, 'character', 'https://svgshare.com/i/16EY.svg', 'do do', '{"Corporis":"Hominsiden tum"}'), (1640, 21, 'character', 'https://svgshare.com/i/16EY.svg', 'velit proident', '{"Bonorum":"Docerit si"}'), (1641, 21, 'character', 'https://svgshare.com/i/16EY.svg', 'sunt', '{"Ego":"Enim reperis"}'), (1642, 21, 'character', 'https://svgshare.com/i/16EY.svg', 'voluptate dolore', '{"Libidit":"Dolore qui"}'), (1643, 21, 'character', 'https://svgshare.com/i/16EY.svg', 'occaecat ut', '{"Sit":"Aliquarum est physicis"}'), (1644, 21, 'character', 'https://svgshare.com/i/16EY.svg', 'ullamco duis eiusmod', '{"Credo":"Et qua dolem"}'), (1645, 21, 'character', 'https://svgshare.com/i/16EY.svg', 'aliqua', '{"Hac":"Vidis in modernator"}'), (1646, 21, 'character', 'https://svgshare.com/i/16EY.svg', 'enim Lorem aute', '{"Probest":"Tollatin nihille propterenda"}'), (1647, 21, 'character', 'https://svgshare.com/i/16EY.svg', 'amet', '{"Nutu":"Capti placet quam"}'), (1648, 21, 'character', 'https://svgshare.com/i/16EY.svg', 'nulla incididunt', '{"Cuiquamurnit":"Enimperner timum"}'), (1649, 21, 'character', 'https://svgshare.com/i/16EY.svg', 'minim Lorem duis', '{"Susceptur":"Nostrum supplication"}'), (1650, 21, 'character', 'https://svgshare.com/i/16EY.svg', 'proident ullamco', '{"Id":"Cur congressuspic iudice"}'), (1651, 21, 'character', 'https://svgshare.com/i/16EY.svg', 'ea deserunt', '{"Ea":"Legi philosophiae"}'), (1652, 21, 'character', 'https://svgshare.com/i/16EY.svg', 'incididunt', '{"Sensio":"Autemoder modo"}'), (1653, 21, 'character', 'https://svgshare.com/i/16EY.svg', 'adipisicing tempor', '{"Ratione":"Legere et"}'), (1654, 21, 'character', 'https://svgshare.com/i/16EY.svg', 'magna', '{"Vero":"Ratione latin et"}'), (1655, 21, 'character', 'https://svgshare.com/i/16EY.svg', 'consectetur', '{"Eum":"Nam scaevolum nullam"}'), (1656, 21, 'character', 'https://svgshare.com/i/16EY.svg', 'Lorem proident', '{"Nihillum":"Sed tibi"}'), (1657, 21, 'character', 'https://svgshare.com/i/16EY.svg', 'minim consequat veniam', '{"Sedulantib":"Idituro per"}'), (1658, 21, 'character', 'https://svgshare.com/i/16EY.svg', 'eu pariatur deserunt', '{"Placet":"Prospexitar omnes"}'), (1659, 21, 'character', 'https://svgshare.com/i/16EY.svg', 'ea do', '{"Ergo":"Facilius nec"}'), (1660, 21, 'character', 'https://svgshare.com/i/16EY.svg', 'in', '{"Inorest":"Mundus est"}'), (1661, 21, 'character', 'https://svgshare.com/i/16EY.svg', 'labore veniam amet', '{"Causae":"Doloribus quidem"}'), (1662, 21, 'character', 'https://svgshare.com/i/16EY.svg', 'magna dolore deserunt', '{"Nisi":"Plane depravat"}'), (1663, 21, 'character', 'https://svgshare.com/i/16EY.svg', 'laboris', '{"Integre":"Philos sed expectate"}'), (1664, 21, 'character', 'https://svgshare.com/i/16EY.svg', 'cupidatat ipsum culpa', '{"Quidem":"Clamatomnis possunt"}'), (1665, 21, 'character', 'https://svgshare.com/i/16EY.svg', 'exercitation', '{"Delectam":"Bonas levate"}'), (1666, 21, 'character', 'https://svgshare.com/i/16EY.svg', 'irure', '{"Metu":"Spe adverbum imo"}'), (1667, 21, 'character', 'https://svgshare.com/i/16EY.svg', 'ad dolore', '{"Eo":"Studuisset ipsam"}'), (1668, 21, 'character', 'https://svgshare.com/i/16EY.svg', 'mollit', '{"Invenerim":"Defentur aliquod"}'), (1669, 21, 'character', 'https://svgshare.com/i/16EY.svg', 'consequat elit cillum', '{"Et":"Quodsi dicet nis"}'), (1670, 21, 'character', 'https://svgshare.com/i/16EY.svg', 'anim incididunt', '{"Chaere":"Maioribus nisi am"}'), (1671, 21, 'character', 'https://svgshare.com/i/16EY.svg', 'aute velit', '{"Tum":"Me quibus aut"}'), (1672, 21, 'character', 'https://svgshare.com/i/16EY.svg', 'ea', '{"Mentitil":"Nullo p docui"}'), (1673, 21, 'character', 'https://svgshare.com/i/16EY.svg', 'qui quis', '{"Ento":"Dolerum labefaces sensu"}'), (1674, 21, 'character', 'https://svgshare.com/i/16EY.svg', 'nostrud excepteur', '{"Ita":"Omnia cum"}'), (1675, 21, 'character', 'https://svgshare.com/i/16EY.svg', 'aliquip ut', '{"Homo":"Qua novi"}'), (1676, 21, 'gadget', 'https://svgshare.com/i/16EY.svg', 'proident consequat sunt', '{"Familis":"Non et omne"}'), (1677, 21, 'gadget', 'https://svgshare.com/i/16EY.svg', 'exercitation', '{"Maius":"Duo fastidium quae"}'), (1678, 21, 'gadget', 'https://svgshare.com/i/16EY.svg', 'qui nisi sunt', '{"Totam":"Minim expeditur itaque"}'), (1679, 21, 'gadget', 'https://svgshare.com/i/16EY.svg', 'incididunt ea', '{"Minut":"Epicur inum"}'), (1680, 21, 'gadget', 'https://svgshare.com/i/16EY.svg', 'ipsum tempor', '{"Propter":"Quapropteris epicitia quodsi"}'), (1681, 21, 'gadget', 'https://svgshare.com/i/16EY.svg', 'veniam incididunt incididunt', '{"Inum":"Certe verbis ullam"}'), (1682, 21, 'gadget', 'https://svgshare.com/i/16EY.svg', 'aute non', '{"Quadamicar":"Pecunum atione"}'), (1683, 21, 'gadget', 'https://svgshare.com/i/16EY.svg', 'laboris eu', '{"Doloresset":"Fortunt hoc"}'), (1684, 21, 'gadget', 'https://svgshare.com/i/16EY.svg', 'reprehenderit', '{"Ipsi":"Exeros es rem"}'), (1685, 21, 'gadget', 'https://svgshare.com/i/16EY.svg', 'proident', '{"A":"Quam beatamicia solvantur"}'), (1686, 21, 'gadget', 'https://svgshare.com/i/16EY.svg', 'officia proident occaecat', '{"Esse":"Sole et"}'), (1687, 21, 'gadget', 'https://svgshare.com/i/16EY.svg', 'ad commodo labore', '{"Dissero":"Multis diligiter permulti"}'), (1688, 21, 'gadget', 'https://svgshare.com/i/16EY.svg', 'excepteur ullamco', '{"Ad":"Torquatistim quicquam nos"}'), (1689, 21, 'gadget', 'https://svgshare.com/i/16EY.svg', 'anim', '{"Esse":"Omnia viderudin nunc"}'), (1690, 21, 'gadget', 'https://svgshare.com/i/16EY.svg', 'quis excepteur', '{"Satiscuntur":"Nullo reprehenim"}'), (1691, 21, 'gadget', 'https://svgshare.com/i/16EY.svg', 'dolor', '{"Qui":"At aut rebus"}'), (1692, 21, 'gadget', 'https://svgshare.com/i/16EY.svg', 'Lorem', '{"Referenter":"Vivatum nihil"}'), (1693, 21, 'gadget', 'https://svgshare.com/i/16EY.svg', 'cupidatat consectetur', '{"Anime":"Doctior haec cum"}'), (1694, 21, 'gadget', 'https://svgshare.com/i/16EY.svg', 'consectetur sint', '{"Reprehent":"Hoc ferebimi"}'), (1695, 21, 'gadget', 'https://svgshare.com/i/16EY.svg', 'non ad tempor', '{"Sit":"Neque epicitat propriusque"}'), (1696, 21, 'gadget', 'https://svgshare.com/i/16EY.svg', 'incididunt consectetur est', '{"Cum":"Repertitia rata de"}'), (1697, 21, 'gadget', 'https://svgshare.com/i/16EY.svg', 'et fugiat', '{"De":"Quod reret tantopere"}'), (1698, 21, 'gadget', 'https://svgshare.com/i/16EY.svg', 'dolore nostrud mollit', '{"Nullo":"Et confirmatum cupidinit"}'), (1699, 21, 'gadget', 'https://svgshare.com/i/16EY.svg', 'excepteur eiusmod mollit', '{"Non":"Vos esse"}'), (1700, 21, 'gadget', 'https://svgshare.com/i/16EY.svg', 'voluptate excepteur', '{"Dolorum":"Cupidciret et autem"}'), (1701, 21, 'gadget', 'https://svgshare.com/i/16EY.svg', 'do exercitation', '{"Fugiendus":"Quibus inum quoniam"}'), (1702, 21, 'gadget', 'https://svgshare.com/i/16EY.svg', 'cupidatat occaecat', '{"Copulare":"Moles uti inter"}'), (1703, 21, 'gadget', 'https://svgshare.com/i/16EY.svg', 'tempor', '{"Est":"Non autem"}'), (1704, 21, 'gadget', 'https://svgshare.com/i/16EY.svg', 'consequat duis', '{"Synephebosop":"Id qua"}'), (1705, 21, 'gadget', 'https://svgshare.com/i/16EY.svg', 'cupidatat aute cupidatat', '{"Cuius":"Ipse voluptatum"}'), (1706, 21, 'gadget', 'https://svgshare.com/i/16EY.svg', 'ea dolore id', '{"Voluptates":"Quod iliuste infinire"}'), (1707, 21, 'gadget', 'https://svgshare.com/i/16EY.svg', 'ullamco', '{"Bello":"Modo famil"}'), (1708, 21, 'gadget', 'https://svgshare.com/i/16EY.svg', 'elit qui', '{"Corrigeret":"Esse tu atil"}'), (1709, 21, 'gadget', 'https://svgshare.com/i/16EY.svg', 'amet tempor consectetur', '{"Eturalios":"Fugiam profectatum linab"}'), (1710, 21, 'gadget', 'https://svgshare.com/i/16EY.svg', 'minim', '{"Ad":"Dis ut versanosop"}'), (1711, 21, 'gadget', 'https://svgshare.com/i/16EY.svg', 'dolor eiusmod', '{"Poetae":"Sed haec"}'), (1712, 21, 'gadget', 'https://svgshare.com/i/16EY.svg', 'occaecat duis consequat', '{"Propterror":"Nostris nocet"}'), (1713, 21, 'gadget', 'https://svgshare.com/i/16EY.svg', 'sit reprehenderit', '{"Nollem":"Quas ab"}'), (1714, 22, 'character', 'https://svgshare.com/i/16EY.svg', 'cillum', '{"Genuit":"Cotidcirco omnium"}'), (1715, 22, 'character', 'https://svgshare.com/i/16EY.svg', 'ea excepteur', '{"Autem":"In fieri nec"}'), (1716, 22, 'character', 'https://svgshare.com/i/16EY.svg', 'tempor laborum', '{"Totum":"Graeca aboresse"}'), (1717, 22, 'character', 'https://svgshare.com/i/16EY.svg', 'irure esse', '{"Am":"Tantopermit quae careat"}'), (1718, 22, 'character', 'https://svgshare.com/i/16EY.svg', 'non pariatur sit', '{"A":"Esse fieri"}'), (1719, 22, 'character', 'https://svgshare.com/i/16EY.svg', 'do amet id', '{"Idque":"Voluptare sint as"}'), (1720, 22, 'character', 'https://svgshare.com/i/16EY.svg', 'labore excepteur', '{"Hominam":"Maloriant sus poterudin"}'), (1721, 22, 'character', 'https://svgshare.com/i/16EY.svg', 'esse', '{"Igita":"Uti orest ini"}'), (1722, 22, 'character', 'https://svgshare.com/i/16EY.svg', 'cupidatat sint', '{"Videt":"Nomin ipsi"}'), (1723, 22, 'character', 'https://svgshare.com/i/16EY.svg', 'mollit consectetur', '{"Vi":"Ut impendere"}'), (1724, 22, 'character', 'https://svgshare.com/i/16EY.svg', 'aliqua', '{"Appellat":"Te nunc rebus"}'), (1725, 22, 'character', 'https://svgshare.com/i/16EY.svg', 'fugiat', '{"Decornatur":"Ipsa fruenda aut"}'), (1726, 22, 'character', 'https://svgshare.com/i/16EY.svg', 'tempor nisi deserunt', '{"Ne":"Epicab cum propterire"}'), (1727, 22, 'character', 'https://svgshare.com/i/16EY.svg', 'ad', '{"Alem":"In discipi endum"}'), (1728, 22, 'character', 'https://svgshare.com/i/16EY.svg', 'reprehenderit irure', '{"M":"Puerillud autem e"}'), (1729, 22, 'character', 'https://svgshare.com/i/16EY.svg', 'Lorem officia', '{"Salutrumque":"Arbitrore falsi"}'), (1730, 22, 'character', 'https://svgshare.com/i/16EY.svg', 'fugiat ullamco', '{"Utionis":"Ad ina"}'), (1731, 22, 'character', 'https://svgshare.com/i/16EY.svg', 'magna consequat et', '{"Potius":"In laborem lud"}'), (1732, 22, 'character', 'https://svgshare.com/i/16EY.svg', 'Lorem aliqua', '{"Alita":"Videre aliae"}'), (1733, 22, 'character', 'https://svgshare.com/i/16EY.svg', 'laborum velit', '{"Causa":"Malunt intellegim facillum"}'), (1734, 22, 'character', 'https://svgshare.com/i/16EY.svg', 'culpa et', '{"Fugientiam":"Iudicita maximperdid"}'), (1735, 22, 'character', 'https://svgshare.com/i/16EY.svg', 'in consectetur Lorem', '{"Fieri":"Nullo avis iturnitioq"}'), (1736, 22, 'character', 'https://svgshare.com/i/16EY.svg', 'cupidatat anim', '{"Traderunt":"Tamentiam crucian longinquit"}'), (1737, 22, 'character', 'https://svgshare.com/i/16EY.svg', 'dolore ipsum', '{"Efac":"Et quae"}'), (1738, 22, 'character', 'https://svgshare.com/i/16EY.svg', 'eiusmod', '{"Illa":"Beate praeda si"}'), (1739, 22, 'character', 'https://svgshare.com/i/16EY.svg', 'ea consequat', '{"Eo":"Molest omnes"}'), (1740, 22, 'character', 'https://svgshare.com/i/16EY.svg', 'ex nulla', '{"Probest":"Praeteremus cum"}'), (1741, 22, 'character', 'https://svgshare.com/i/16EY.svg', 'ad labore', '{"Ea":"Appetu sum docet"}'), (1742, 22, 'character', 'https://svgshare.com/i/16EY.svg', 'irure ipsum', '{"Omnem":"Beate faciam affecta"}'), (1743, 22, 'character', 'https://svgshare.com/i/16EY.svg', 'sint Lorem', '{"Scriben":"Imus torum id"}'), (1744, 22, 'character', 'https://svgshare.com/i/16EY.svg', 'minim', '{"Invitium":"It licam medium"}'), (1745, 22, 'character', 'https://svgshare.com/i/16EY.svg', 'Lorem tempor', '{"Qui":"Te eoque es"}'), (1746, 22, 'character', 'https://svgshare.com/i/16EY.svg', 'eu proident', '{"Contem":"Robus reiciens paren"}'), (1747, 22, 'character', 'https://svgshare.com/i/16EY.svg', 'ad tempor ex', '{"Ine":"Ad quod quarum"}'), (1748, 22, 'character', 'https://svgshare.com/i/16EY.svg', 'quis', '{"Locosophor":"Res et"}'), (1749, 22, 'character', 'https://svgshare.com/i/16EY.svg', 'voluptate nulla', '{"Iis":"Amicata est"}'), (1750, 22, 'character', 'https://svgshare.com/i/16EY.svg', 'elit ex consequat', '{"In":"Finibusan nos"}'), (1751, 22, 'character', 'https://svgshare.com/i/16EY.svg', 'eu id', '{"Si":"Dolor in"}'), (1752, 22, 'character', 'https://svgshare.com/i/16EY.svg', 'nostrud', '{"Perspicuum":"Issimis utrius nec"}'), (1753, 22, 'character', 'https://svgshare.com/i/16EY.svg', 'do non labore', '{"Tum":"Ab cum disserentes"}'), (1754, 22, 'character', 'https://svgshare.com/i/16EY.svg', 'culpa laborum', '{"Neque":"Sunt in"}'), (1755, 22, 'character', 'https://svgshare.com/i/16EY.svg', 'cillum id', '{"In":"Multa indivinclus"}'), (1756, 22, 'character', 'https://svgshare.com/i/16EY.svg', 'exercitation', '{"Met":"Et autem"}'), (1757, 22, 'character', 'https://svgshare.com/i/16EY.svg', 'qui tempor', '{"Explicem":"Rerum epicur"}'), (1758, 22, 'character', 'https://svgshare.com/i/16EY.svg', 'incididunt ullamco', '{"Natur":"Eorum utrumvis e"}'), (1759, 22, 'character', 'https://svgshare.com/i/16EY.svg', 'incididunt eu incididunt', '{"Ine":"Es optari"}'), (1760, 22, 'character', 'https://svgshare.com/i/16EY.svg', 'est velit', '{"Quidnam":"Omnium facullam"}'), (1761, 22, 'gadget', 'https://svgshare.com/i/16EY.svg', 'fugiat voluptate', '{"Quod":"Saepti ineri"}'), (1762, 22, 'gadget', 'https://svgshare.com/i/16EY.svg', 'in occaecat nisi', '{"Inquam":"Legime tibusque legi"}'), (1763, 22, 'gadget', 'https://svgshare.com/i/16EY.svg', 'sit dolore tempor', '{"Aut":"Esset quae ophia"}'), (1764, 22, 'gadget', 'https://svgshare.com/i/16EY.svg', 'deserunt anim', '{"Neque":"Eorum privavisset"}'), (1765, 22, 'gadget', 'https://svgshare.com/i/16EY.svg', 'nostrud id', '{"Cupiderum":"Sibi statuamur"}'), (1766, 22, 'gadget', 'https://svgshare.com/i/16EY.svg', 'anim', '{"Dissentinguiq":"Ius amicia voluptatem"}'), (1767, 22, 'gadget', 'https://svgshare.com/i/16EY.svg', 'dolor velit', '{"Omni":"D rem convenire"}'), (1768, 22, 'gadget', 'https://svgshare.com/i/16EY.svg', 'qui exercitation', '{"Civium":"Habertimum iner declinatom"}'), (1769, 22, 'gadget', 'https://svgshare.com/i/16EY.svg', 'laboris non', '{"Hominter":"Posse fastidii"}'), (1770, 22, 'gadget', 'https://svgshare.com/i/16EY.svg', 'magna magna anim', '{"Utilii":"Dixit dolorest"}'), (1771, 22, 'gadget', 'https://svgshare.com/i/16EY.svg', 'nulla', '{"Pectantas":"Quod uta vitae"}'), (1772, 22, 'gadget', 'https://svgshare.com/i/16EY.svg', 'tempor', '{"Rem":"Quos ego"}'), (1773, 22, 'gadget', 'https://svgshare.com/i/16EY.svg', 'sunt incididunt', '{"Factis":"Ilisti quam"}'), (1774, 22, 'gadget', 'https://svgshare.com/i/16EY.svg', 'Lorem mollit', '{"Eo":"Ac qui"}'), (1775, 22, 'gadget', 'https://svgshare.com/i/16EY.svg', 'culpa', '{"Esse":"Naturi cupidua ne"}'), (1776, 22, 'gadget', 'https://svgshare.com/i/16EY.svg', 'officia', '{"Maior":"De detraxit abilla"}'), (1777, 22, 'gadget', 'https://svgshare.com/i/16EY.svg', 'pariatur amet', '{"Ipsam":"Quamquam quod es"}'), (1778, 22, 'gadget', 'https://svgshare.com/i/16EY.svg', 'dolor officia id', '{"Commodo":"Ophiae accusante"}'), (1779, 22, 'gadget', 'https://svgshare.com/i/16EY.svg', 'voluptate', '{"Expetent":"Quis libiderun"}'), (1780, 22, 'gadget', 'https://svgshare.com/i/16EY.svg', 'cupidatat aliquip ad', '{"Aeque":"Perantes estatemus sint"}'), (1781, 22, 'gadget', 'https://svgshare.com/i/16EY.svg', 'ipsum id', '{"Nosterum":"Igitat latin res"}'), (1782, 22, 'gadget', 'https://svgshare.com/i/16EY.svg', 'quis sunt', '{"Relique":"Endis leviustit quem"}'), (1783, 22, 'gadget', 'https://svgshare.com/i/16EY.svg', 'nisi commodo', '{"Est":"Tamquam audire"}'), (1784, 22, 'gadget', 'https://svgshare.com/i/16EY.svg', 'dolor', '{"Inprobata":"Etiam mortem"}'), (1785, 22, 'gadget', 'https://svgshare.com/i/16EY.svg', 'ut aliquip Lorem', '{"Satis":"De quo"}'), (1786, 22, 'gadget', 'https://svgshare.com/i/16EY.svg', 'nostrud deserunt', '{"Philosopor":"Libere ego de"}'), (1787, 22, 'gadget', 'https://svgshare.com/i/16EY.svg', 'sunt amet', '{"Abitiae":"Sit praeclare"}'), (1788, 22, 'gadget', 'https://svgshare.com/i/16EY.svg', 'reprehenderit enim', '{"Et":"Loco sed"}'), (1789, 22, 'gadget', 'https://svgshare.com/i/16EY.svg', 'incididunt velit', '{"Sunt":"Quo recta"}'), (1790, 22, 'gadget', 'https://svgshare.com/i/16EY.svg', 'amet anim anim', '{"Sunt":"Rerum probis improbavis"}'), (1791, 22, 'gadget', 'https://svgshare.com/i/16EY.svg', 'occaecat', '{"Declineam":"Diceriet maximperan oblique"}'), (1792, 22, 'gadget', 'https://svgshare.com/i/16EY.svg', 'ullamco deserunt', '{"Vita":"Copullius sint vituptatum"}'), (1793, 23, 'character', 'https://svgshare.com/i/16EY.svg', 'laboris commodo', '{"Id":"Sitne am quisit"}'), (1794, 23, 'character', 'https://svgshare.com/i/16EY.svg', 'laboris', '{"Ignoratio":"Cumque etiam"}'), (1795, 23, 'character', 'https://svgshare.com/i/16EY.svg', 'culpa', '{"Ii":"Primis eo itaque"}'), (1796, 23, 'character', 'https://svgshare.com/i/16EY.svg', 'ea', '{"Philos":"Deteret se"}'), (1797, 23, 'character', 'https://svgshare.com/i/16EY.svg', 'sunt eu', '{"Si":"Are dici possunt"}'), (1798, 23, 'character', 'https://svgshare.com/i/16EY.svg', 'ad ad exercitation', '{"Quorum":"Modum metu"}'), (1799, 23, 'character', 'https://svgshare.com/i/16EY.svg', 'sunt culpa', '{"De":"Tenercendi ne"}'), (1800, 23, 'character', 'https://svgshare.com/i/16EY.svg', 'consequat minim', '{"Eamustatem":"Er voluptatis sed"}'), (1801, 23, 'character', 'https://svgshare.com/i/16EY.svg', 'anim elit', '{"Est":"Modo recus"}'), (1802, 23, 'character', 'https://svgshare.com/i/16EY.svg', 'laborum sit aute', '{"Atam":"Iudicur tamendisced"}'), (1803, 23, 'character', 'https://svgshare.com/i/16EY.svg', 'aute Lorem dolore', '{"Sent":"Remis praetorest aliquisse"}'), (1804, 23, 'character', 'https://svgshare.com/i/16EY.svg', 'exercitation nisi', '{"Ident":"Quae inionis deorsummum"}'), (1805, 23, 'character', 'https://svgshare.com/i/16EY.svg', 'id eu', '{"Se":"Quod aut"}'), (1806, 23, 'character', 'https://svgshare.com/i/16EY.svg', 'nulla cupidatat', '{"Fit":"Corpore leviores"}'), (1807, 23, 'character', 'https://svgshare.com/i/16EY.svg', 'sit commodo', '{"Et":"Dubita omnissimos rebus"}'), (1808, 23, 'character', 'https://svgshare.com/i/16EY.svg', 'do Lorem exercitation', '{"Finiret":"In delici sit"}'), (1809, 23, 'character', 'https://svgshare.com/i/16EY.svg', 'tempor et', '{"Adverbum":"Nomin faceribus ore"}'), (1810, 23, 'character', 'https://svgshare.com/i/16EY.svg', 'laborum exercitation', '{"Quietusque":"Conficerum duo"}'), (1811, 23, 'character', 'https://svgshare.com/i/16EY.svg', 'amet id', '{"Nisi":"Quam ut"}'), (1812, 23, 'character', 'https://svgshare.com/i/16EY.svg', 'anim', '{"Urbanitia":"Dolordation erunt ceteration"}'), (1813, 23, 'character', 'https://svgshare.com/i/16EY.svg', 'qui', '{"Quam":"Me nisi"}'), (1814, 23, 'character', 'https://svgshare.com/i/16EY.svg', 'consectetur magna', '{"Ratione":"Fuit videtura sequitassec"}'), (1815, 23, 'character', 'https://svgshare.com/i/16EY.svg', 'aute dolore', '{"Nihil":"Qua im"}'), (1816, 23, 'character', 'https://svgshare.com/i/16EY.svg', 'aliquip', '{"Longinquit":"Itur ane"}'), (1817, 23, 'character', 'https://svgshare.com/i/16EY.svg', 'commodo', '{"Esse":"Itas postremum"}'), (1818, 23, 'character', 'https://svgshare.com/i/16EY.svg', 'minim sunt dolore', '{"Quibus":"Aut genia"}'), (1819, 23, 'character', 'https://svgshare.com/i/16EY.svg', 'pariatur non consectetur', '{"Nostrum":"Ant dissensibi dicaveria"}'), (1820, 23, 'character', 'https://svgshare.com/i/16EY.svg', 'laborum', '{"Entis":"Ponit tentiae"}'), (1821, 23, 'character', 'https://svgshare.com/i/16EY.svg', 'ex proident', '{"Praeteret":"Posse quo"}'), (1822, 23, 'character', 'https://svgshare.com/i/16EY.svg', 'consectetur eiusmod', '{"Quis":"Semperspici non"}'), (1823, 23, 'character', 'https://svgshare.com/i/16EY.svg', 'amet in', '{"Quas":"Disputatio am modo"}'), (1824, 23, 'character', 'https://svgshare.com/i/16EY.svg', 'commodo sit ad', '{"Laetitur":"Rem cumcisaque ant"}'), (1825, 23, 'character', 'https://svgshare.com/i/16EY.svg', 'pariatur', '{"Eius":"Qui omnino"}'), (1826, 23, 'gadget', 'https://svgshare.com/i/16EY.svg', 'reprehenderit Lorem', '{"Dixi":"Ea possunt"}'), (1827, 23, 'gadget', 'https://svgshare.com/i/16EY.svg', 'quis in', '{"Vitiis":"Tam eo etur"}'), (1828, 23, 'gadget', 'https://svgshare.com/i/16EY.svg', 'ut', '{"Conquis":"Voluptatem diesque e"}'), (1829, 23, 'gadget', 'https://svgshare.com/i/16EY.svg', 'do nulla', '{"Um":"Defendarum est"}'), (1830, 23, 'gadget', 'https://svgshare.com/i/16EY.svg', 'ad Lorem', '{"Vel":"Inanimper haec"}'), (1831, 23, 'gadget', 'https://svgshare.com/i/16EY.svg', 'non laborum pariatur', '{"Certa":"Omni scriptorqueantur"}'), (1832, 23, 'gadget', 'https://svgshare.com/i/16EY.svg', 'velit', '{"Im":"Quidem convertatem quem"}'), (1833, 23, 'gadget', 'https://svgshare.com/i/16EY.svg', 'fugiat sint', '{"Vos":"Praeterga facillum cum"}'), (1834, 23, 'gadget', 'https://svgshare.com/i/16EY.svg', 'reprehenderit', '{"Autemus":"Ad quem"}'), (1835, 23, 'gadget', 'https://svgshare.com/i/16EY.svg', 'cupidatat ullamco', '{"Ne":"De erstituam non"}'), (1836, 23, 'gadget', 'https://svgshare.com/i/16EY.svg', 'proident laborum', '{"Fieri":"Nullam laus"}'), (1837, 23, 'gadget', 'https://svgshare.com/i/16EY.svg', 'ipsum', '{"Interest":"Distrahi tamenim aptis"}'), (1838, 23, 'gadget', 'https://svgshare.com/i/16EY.svg', 'minim consectetur labore', '{"Nec":"Voluptate minus quis"}'), (1839, 23, 'gadget', 'https://svgshare.com/i/16EY.svg', 'pariatur magna', '{"Ilo":"Vita desis quidem"}'), (1840, 23, 'gadget', 'https://svgshare.com/i/16EY.svg', 'in ea', '{"Quia":"Sed et"}'), (1841, 23, 'gadget', 'https://svgshare.com/i/16EY.svg', 'incididunt', '{"Putet":"Ne qui et"}'), (1842, 23, 'gadget', 'https://svgshare.com/i/16EY.svg', 'laboris', '{"T":"Atque es"}'), (1843, 23, 'gadget', 'https://svgshare.com/i/16EY.svg', 'nisi enim', '{"Declinae":"Ante neque vim"}'), (1844, 23, 'gadget', 'https://svgshare.com/i/16EY.svg', 'ex consequat magna', '{"Quidem":"Ad autem"}'), (1845, 23, 'gadget', 'https://svgshare.com/i/16EY.svg', 'cillum dolor', '{"Rationi":"Propterea non efficiat"}'), (1846, 23, 'gadget', 'https://svgshare.com/i/16EY.svg', 'sunt ipsum', '{"Ocur":"Sibi enime"}'), (1847, 23, 'gadget', 'https://svgshare.com/i/16EY.svg', 'Lorem nulla', '{"Ad":"Philosophia nec ad"}'), (1848, 23, 'gadget', 'https://svgshare.com/i/16EY.svg', 'non est', '{"Et":"Doloreste as sed"}'), (1849, 23, 'gadget', 'https://svgshare.com/i/16EY.svg', 'exercitation', '{"Eius":"Es exquirentum estiam"}'), (1850, 23, 'gadget', 'https://svgshare.com/i/16EY.svg', 'dolor laboris', '{"Idem":"Qui succum"}'), (1851, 23, 'gadget', 'https://svgshare.com/i/16EY.svg', 'exercitation excepteur', '{"Constituamus":"Quo dediti"}'), (1852, 23, 'gadget', 'https://svgshare.com/i/16EY.svg', 'sint', '{"Iucunt":"Est afficil esque"}'), (1853, 23, 'gadget', 'https://svgshare.com/i/16EY.svg', 'magna', '{"Mors":"Deorum itos plura"}'), (1854, 23, 'gadget', 'https://svgshare.com/i/16EY.svg', 'elit', '{"Profecto":"Etiam suo causa"}'), (1855, 23, 'gadget', 'https://svgshare.com/i/16EY.svg', 'Lorem enim', '{"Accurrunt":"Et eaque"}'), (1856, 23, 'gadget', 'https://svgshare.com/i/16EY.svg', 'nulla', '{"Totam":"Voluptates nollem"}'), (1857, 23, 'gadget', 'https://svgshare.com/i/16EY.svg', 'velit mollit', '{"Tem":"Voluptas eptricessen"}'), (1858, 23, 'gadget', 'https://svgshare.com/i/16EY.svg', 'excepteur veniam', '{"Deorsumus":"Nisi me natequos"}'), (1859, 23, 'gadget', 'https://svgshare.com/i/16EY.svg', 'nisi', '{"Aut":"Scribendi cum"}'), (1860, 23, 'gadget', 'https://svgshare.com/i/16EY.svg', 'ut eu', '{"Maiorem":"Detracta utincorpor"}'), (1861, 23, 'gadget', 'https://svgshare.com/i/16EY.svg', 'ut cillum', '{"Cumcisaque":"Platonum repetur sentientium"}'), (1862, 23, 'gadget', 'https://svgshare.com/i/16EY.svg', 'dolor', '{"Ob":"Cum in quae"}'), (1863, 23, 'gadget', 'https://svgshare.com/i/16EY.svg', 'pariatur', '{"Quidem":"Explicet te musicore"}'), (1864, 23, 'gadget', 'https://svgshare.com/i/16EY.svg', 'occaecat', '{"Tento":"Fortite ore"}'), (1865, 23, 'gadget', 'https://svgshare.com/i/16EY.svg', 'enim', '{"Et":"Conquis paene quod"}'), (1866, 23, 'gadget', 'https://svgshare.com/i/16EY.svg', 'cupidatat amet', '{"Nostris":"Ab diesque iis"}'), (1867, 24, 'character', 'https://svgshare.com/i/16EY.svg', 'enim exercitation laboris', '{"Libiditud":"Sed amicatem democcultum"}'), (1868, 24, 'character', 'https://svgshare.com/i/16EY.svg', 'est aliquip anim', '{"Dici":"Nam iucunda licebatum"}'), (1869, 24, 'character', 'https://svgshare.com/i/16EY.svg', 'reprehenderit', '{"Quid":"Enim non perspicuum"}'), (1870, 24, 'character', 'https://svgshare.com/i/16EY.svg', 'aliquip', '{"Aliquerun":"Fore sentiam"}'), (1871, 24, 'character', 'https://svgshare.com/i/16EY.svg', 'in', '{"Sit":"Currunt solem"}'), (1872, 24, 'character', 'https://svgshare.com/i/16EY.svg', 'id Lorem', '{"Qui":"Ipsa igitaque"}'), (1873, 24, 'character', 'https://svgshare.com/i/16EY.svg', 'culpa non', '{"Quoddam":"Veris dilignoris esse"}'), (1874, 24, 'character', 'https://svgshare.com/i/16EY.svg', 'magna proident sint', '{"Accedisti":"Et inquit"}'), (1875, 24, 'character', 'https://svgshare.com/i/16EY.svg', 'fugiat deserunt', '{"Quae":"Privam adoli quanta"}'), (1876, 24, 'character', 'https://svgshare.com/i/16EY.svg', 'sit fugiat ipsum', '{"Ula":"Interente autem"}'), (1877, 24, 'character', 'https://svgshare.com/i/16EY.svg', 'nisi reprehenderit', '{"An":"Videt non"}'), (1878, 24, 'character', 'https://svgshare.com/i/16EY.svg', 'sit qui proident', '{"Ut":"Nullam nam"}'), (1879, 24, 'character', 'https://svgshare.com/i/16EY.svg', 'duis nostrud id', '{"Ophia":"Iliae ne sed"}'), (1880, 24, 'character', 'https://svgshare.com/i/16EY.svg', 'aliqua ut', '{"A":"Doloris sed fugiatur"}'), (1881, 24, 'character', 'https://svgshare.com/i/16EY.svg', 'nisi excepteur', '{"Non":"Graviste in"}'), (1882, 24, 'character', 'https://svgshare.com/i/16EY.svg', 'sunt cillum', '{"Peranimit":"Timo has ab"}'), (1883, 24, 'character', 'https://svgshare.com/i/16EY.svg', 'laborum occaecat', '{"A":"Ens refugnantium aliendum"}'), (1884, 24, 'character', 'https://svgshare.com/i/16EY.svg', 'magna duis', '{"Sed":"Ad nos magnamendi"}'), (1885, 24, 'character', 'https://svgshare.com/i/16EY.svg', 'sint culpa est', '{"Possimum":"Quantus tamendam quod"}'), (1886, 24, 'character', 'https://svgshare.com/i/16EY.svg', 'nostrud veniam esse', '{"Debentempus":"Et sed as"}'), (1887, 24, 'character', 'https://svgshare.com/i/16EY.svg', 'tempor', '{"Levius":"Tu non solid"}'), (1888, 24, 'character', 'https://svgshare.com/i/16EY.svg', 'laborum exercitation laborum', '{"Ari":"Voluptat toteligen"}'), (1889, 24, 'character', 'https://svgshare.com/i/16EY.svg', 'dolore', '{"Deterudo":"Etiam dicerab"}'), (1890, 24, 'character', 'https://svgshare.com/i/16EY.svg', 'aliquip dolore aliquip', '{"Collaudab":"Mat potesse tam"}'), (1891, 24, 'character', 'https://svgshare.com/i/16EY.svg', 'cupidatat pariatur laborum', '{"Oderuntat":"Debem efaccedit inquam"}'), (1892, 24, 'character', 'https://svgshare.com/i/16EY.svg', 'velit qui', '{"Estiae":"Utrum voluptas voluptatib"}'), (1893, 24, 'character', 'https://svgshare.com/i/16EY.svg', 'esse', '{"Eret":"Nostras quibus"}'), (1894, 24, 'character', 'https://svgshare.com/i/16EY.svg', 'nulla in', '{"Vitam":"Extremum nostrum"}'), (1895, 24, 'character', 'https://svgshare.com/i/16EY.svg', 'consequat Lorem fugiat', '{"Non":"Harum dignitudin ab"}'), (1896, 24, 'character', 'https://svgshare.com/i/16EY.svg', 'excepteur magna officia', '{"Efacuti":"Possit latinum"}'), (1897, 24, 'character', 'https://svgshare.com/i/16EY.svg', 'aute dolore', '{"Quam":"Physicis autem"}'), (1898, 24, 'character', 'https://svgshare.com/i/16EY.svg', 'ullamco cupidatat', '{"Pro":"Exullam superime tur"}'), (1899, 24, 'gadget', 'https://svgshare.com/i/16EY.svg', 'adipisicing', '{"Quaeri":"Notionis in tam"}'), (1900, 24, 'gadget', 'https://svgshare.com/i/16EY.svg', 'voluptate deserunt', '{"Nullam":"Non foderari ant"}'), (1901, 24, 'gadget', 'https://svgshare.com/i/16EY.svg', 'fugiat', '{"A":"Neces malorem aut"}'), (1902, 24, 'gadget', 'https://svgshare.com/i/16EY.svg', 'proident', '{"Ipsas":"Factis saepe primum"}'), (1903, 24, 'gadget', 'https://svgshare.com/i/16EY.svg', 'sunt', '{"Posse":"Non voluptas"}'), (1904, 24, 'gadget', 'https://svgshare.com/i/16EY.svg', 'labore dolor', '{"Voluptates":"Percipi dicta animicit"}'), (1905, 24, 'gadget', 'https://svgshare.com/i/16EY.svg', 'voluptate', '{"Falsariae":"Earum sed etiamus"}'), (1906, 24, 'gadget', 'https://svgshare.com/i/16EY.svg', 'ipsum ea', '{"Ilem":"Ponat dissentener legebita"}'), (1907, 24, 'gadget', 'https://svgshare.com/i/16EY.svg', 'excepteur', '{"Quidnam":"Ultim id voluperud"}'), (1908, 24, 'gadget', 'https://svgshare.com/i/16EY.svg', 'ut officia', '{"Multa":"Ad antis"}'), (1909, 24, 'gadget', 'https://svgshare.com/i/16EY.svg', 'id laborum', '{"Inducatque":"Dis consul"}'), (1910, 24, 'gadget', 'https://svgshare.com/i/16EY.svg', 'quis esse id', '{"Modum":"Voluptates docti quem"}'), (1911, 24, 'gadget', 'https://svgshare.com/i/16EY.svg', 'veniam labore', '{"Num":"Imis natur"}'), (1912, 24, 'gadget', 'https://svgshare.com/i/16EY.svg', 'aute amet', '{"Quam":"A dem"}'), (1913, 24, 'gadget', 'https://svgshare.com/i/16EY.svg', 'elit magna', '{"Ulla":"Etur molest"}'), (1914, 24, 'gadget', 'https://svgshare.com/i/16EY.svg', 'do', '{"Sive":"Imalem aeteret undit"}'), (1915, 24, 'gadget', 'https://svgshare.com/i/16EY.svg', 'culpa quis irure', '{"Esse":"Ut puto"}'), (1916, 24, 'gadget', 'https://svgshare.com/i/16EY.svg', 'excepteur tempor', '{"Modus":"Tam re"}'), (1917, 24, 'gadget', 'https://svgshare.com/i/16EY.svg', 'Lorem culpa aliqua', '{"Se":"Tum autem miraris"}'), (1918, 24, 'gadget', 'https://svgshare.com/i/16EY.svg', 'eu nisi', '{"Proptervalla":"Fidet in arent"}'), (1919, 24, 'gadget', 'https://svgshare.com/i/16EY.svg', 'cupidatat', '{"A":"Feratque nascuntur"}'), (1920, 24, 'gadget', 'https://svgshare.com/i/16EY.svg', 'eu nostrud duis', '{"Deniquem":"Alii vel de"}'), (1921, 24, 'gadget', 'https://svgshare.com/i/16EY.svg', 'amet sint quis', '{"Tibi":"Licit id"}'), (1922, 24, 'gadget', 'https://svgshare.com/i/16EY.svg', 'irure ut sunt', '{"Est":"Minorem aequum"}'), (1923, 24, 'gadget', 'https://svgshare.com/i/16EY.svg', 'nisi', '{"Laetitorib":"Qua quod"}'), (1924, 24, 'gadget', 'https://svgshare.com/i/16EY.svg', 'aliqua aliqua nisi', '{"Cum":"Nec eratis tum"}'), (1925, 24, 'gadget', 'https://svgshare.com/i/16EY.svg', 'laborum reprehenderit ea', '{"Quibus":"Eturo am nam"}'), (1926, 24, 'gadget', 'https://svgshare.com/i/16EY.svg', 'labore cupidatat do', '{"Graecos":"Nec macedatum sit"}'), (1927, 24, 'gadget', 'https://svgshare.com/i/16EY.svg', 'veniam sint cupidatat', '{"Confidam":"Monet aut"}'), (1928, 24, 'gadget', 'https://svgshare.com/i/16EY.svg', 'nulla dolore', '{"Praetert":"Dicam ob a"}'), (1929, 24, 'gadget', 'https://svgshare.com/i/16EY.svg', 'et quis est', '{"Phaedrumque":"Est et est"}'), (1930, 24, 'gadget', 'https://svgshare.com/i/16EY.svg', 'mollit anim', '{"Delicandro":"Acesse aut et"}'), (1931, 24, 'gadget', 'https://svgshare.com/i/16EY.svg', 'est enim sint', '{"Aut":"Disciplinab per recta"}'), (1932, 24, 'gadget', 'https://svgshare.com/i/16EY.svg', 'dolor labore', '{"Parari":"Veserius quae nullo"}'), (1933, 24, 'gadget', 'https://svgshare.com/i/16EY.svg', 'duis amet ad', '{"Quaeso":"Am voluptate dolorum"}'), (1934, 25, 'character', 'https://svgshare.com/i/16EY.svg', 'id consequat', '{"Versantur":"Loco credo"}'), (1935, 25, 'character', 'https://svgshare.com/i/16EY.svg', 'sint in', '{"Tibique":"Enturi non inum"}'), (1936, 25, 'character', 'https://svgshare.com/i/16EY.svg', 'eiusmod', '{"Ut":"Essentientium et sed"}'), (1937, 25, 'character', 'https://svgshare.com/i/16EY.svg', 'adipisicing aliquip', '{"Atur":"Praesenimi volunda"}'), (1938, 25, 'character', 'https://svgshare.com/i/16EY.svg', 'aliqua ex', '{"Patriusque":"Ponunde alis"}'), (1939, 25, 'character', 'https://svgshare.com/i/16EY.svg', 'qui reprehenderit', '{"Potes":"A nis"}'), (1940, 25, 'character', 'https://svgshare.com/i/16EY.svg', 'enim eiusmod', '{"Susciplinis":"Fecta dem"}'), (1941, 25, 'character', 'https://svgshare.com/i/16EY.svg', 'enim excepteur exercitation', '{"Et":"Sentio rem ruant"}'), (1942, 25, 'character', 'https://svgshare.com/i/16EY.svg', 'sunt consequat enim', '{"Omnino":"Quid et dissent"}'), (1943, 25, 'character', 'https://svgshare.com/i/16EY.svg', 'ullamco culpa', '{"Cum":"Am modo"}'), (1944, 25, 'character', 'https://svgshare.com/i/16EY.svg', 'minim eiusmod anim', '{"Everrore":"Sitne praesentem extremum"}'), (1945, 25, 'character', 'https://svgshare.com/i/16EY.svg', 'ea nostrud culpa', '{"Sine":"Aliquid nullae antiamque"}'), (1946, 25, 'character', 'https://svgshare.com/i/16EY.svg', 'ex', '{"Et":"Numquam ad"}'), (1947, 25, 'character', 'https://svgshare.com/i/16EY.svg', 'dolor ad', '{"Et":"Eum quibus voluptatis"}'), (1948, 25, 'character', 'https://svgshare.com/i/16EY.svg', 'fugiat', '{"Eo":"Ab idie in"}'), (1949, 25, 'character', 'https://svgshare.com/i/16EY.svg', 'duis commodo', '{"Adiunt":"Tare qui"}'), (1950, 25, 'character', 'https://svgshare.com/i/16EY.svg', 'eiusmod culpa ut', '{"Erita":"Nis vitae"}'), (1951, 25, 'character', 'https://svgshare.com/i/16EY.svg', 'sint nulla', '{"Tament":"Exere etsi"}'), (1952, 25, 'character', 'https://svgshare.com/i/16EY.svg', 'exercitation aute', '{"Neglegendis":"Voluptat neque"}'), (1953, 25, 'character', 'https://svgshare.com/i/16EY.svg', 'est veniam pariatur', '{"Nihilita":"Afferam se est"}'), (1954, 25, 'character', 'https://svgshare.com/i/16EY.svg', 'adipisicing', '{"Quam":"Iuberitem corporis sum"}'), (1955, 25, 'character', 'https://svgshare.com/i/16EY.svg', 'dolore Lorem esse', '{"Inhumillam":"Cum magna declinamic"}'), (1956, 25, 'character', 'https://svgshare.com/i/16EY.svg', 'amet', '{"Teresse":"Notionum semper"}'), (1957, 25, 'character', 'https://svgshare.com/i/16EY.svg', 'tempor irure', '{"Ratu":"Naturi imus"}'), (1958, 25, 'character', 'https://svgshare.com/i/16EY.svg', 'eiusmod aliquip irure', '{"Nec":"Quanta et sit"}'), (1959, 25, 'character', 'https://svgshare.com/i/16EY.svg', 'ea in dolor', '{"Namenim":"Aut it potesse"}'), (1960, 25, 'character', 'https://svgshare.com/i/16EY.svg', 'non minim', '{"Aliquerin":"Proficur tritantiam per"}'), (1961, 25, 'character', 'https://svgshare.com/i/16EY.svg', 'officia', '{"Orest":"Ophi nos"}'), (1962, 25, 'character', 'https://svgshare.com/i/16EY.svg', 'aliqua', '{"Praeclaram":"Am omnino"}'), (1963, 25, 'character', 'https://svgshare.com/i/16EY.svg', 'eiusmod sit', '{"Discedere":"Exeret lat"}'), (1964, 25, 'character', 'https://svgshare.com/i/16EY.svg', 'Lorem nisi dolore', '{"Ut":"Iucundum esse"}'), (1965, 25, 'character', 'https://svgshare.com/i/16EY.svg', 'ipsum reprehenderit', '{"In":"Detracto voluptate"}'), (1966, 25, 'character', 'https://svgshare.com/i/16EY.svg', 'dolore sint duis', '{"Diis":"Vitae quaeque"}'), (1967, 25, 'character', 'https://svgshare.com/i/16EY.svg', 'pariatur est', '{"Diceruntiar":"Percipavis sunt aut"}'), (1968, 25, 'character', 'https://svgshare.com/i/16EY.svg', 'sint eiusmod sint', '{"Sunt":"Epicisset eaque esse"}'), (1969, 25, 'character', 'https://svgshare.com/i/16EY.svg', 'mollit', '{"Antes":"Anitaque ales"}'), (1970, 25, 'character', 'https://svgshare.com/i/16EY.svg', 'irure', '{"Laborum":"Legere levamicio faciant"}'), (1971, 25, 'character', 'https://svgshare.com/i/16EY.svg', 'esse enim mollit', '{"Putantur":"Beatus comit"}'), (1972, 25, 'character', 'https://svgshare.com/i/16EY.svg', 'dolore qui', '{"In":"Ut non gere"}'), (1973, 25, 'character', 'https://svgshare.com/i/16EY.svg', 'est sint laborum', '{"Tellegentib":"Us explicem"}'), (1974, 25, 'character', 'https://svgshare.com/i/16EY.svg', 'dolor', '{"In":"Fabula quae exere"}'), (1975, 25, 'gadget', 'https://svgshare.com/i/16EY.svg', 'proident', '{"Es":"Scribenim inem in"}'), (1976, 25, 'gadget', 'https://svgshare.com/i/16EY.svg', 'occaecat', '{"Propriusque":"Ut sumitistem"}'), (1977, 25, 'gadget', 'https://svgshare.com/i/16EY.svg', 'ea ut', '{"Ea":"Amus dicunde esset"}'), (1978, 25, 'gadget', 'https://svgshare.com/i/16EY.svg', 'ut', '{"Praesent":"Dolornam eo"}'), (1979, 25, 'gadget', 'https://svgshare.com/i/16EY.svg', 'dolor excepteur', '{"Nonne":"Natum male vitium"}'), (1980, 25, 'gadget', 'https://svgshare.com/i/16EY.svg', 'nostrud labore', '{"Extremum":"Bene dictur ut"}'), (1981, 25, 'gadget', 'https://svgshare.com/i/16EY.svg', 'adipisicing consectetur reprehen', '{"Functio":"Sibi ad"}'), (1982, 25, 'gadget', 'https://svgshare.com/i/16EY.svg', 'nulla elit', '{"Qui":"Est nobisse ipsummum"}'), (1983, 25, 'gadget', 'https://svgshare.com/i/16EY.svg', 'amet officia', '{"In":"Domintelleg fanti"}'), (1984, 25, 'gadget', 'https://svgshare.com/i/16EY.svg', 'excepteur velit id', '{"Vel":"Efficillum copiose tam"}'), (1985, 25, 'gadget', 'https://svgshare.com/i/16EY.svg', 'magna', '{"Vidus":"Ut officiat"}'), (1986, 25, 'gadget', 'https://svgshare.com/i/16EY.svg', 'fugiat incididunt', '{"Es":"Sunt nulla"}'), (1987, 25, 'gadget', 'https://svgshare.com/i/16EY.svg', 'occaecat sit', '{"Alterrogar":"Nos id"}'), (1988, 25, 'gadget', 'https://svgshare.com/i/16EY.svg', 'velit quis velit', '{"Inenime":"Aequit iudicur a"}'), (1989, 25, 'gadget', 'https://svgshare.com/i/16EY.svg', 'do', '{"Bonum":"Graecisse esto non"}'), (1990, 25, 'gadget', 'https://svgshare.com/i/16EY.svg', 'ut elit excepteur', '{"Expetua":"Restate amotio"}'), (1991, 25, 'gadget', 'https://svgshare.com/i/16EY.svg', 'reprehenderit consectetur exerci', '{"Ultimum":"Dicergo sic nostra"}'), (1992, 25, 'gadget', 'https://svgshare.com/i/16EY.svg', 'eiusmod', '{"Uti":"Viti propter"}'), (1993, 25, 'gadget', 'https://svgshare.com/i/16EY.svg', 'esse exercitation', '{"Non":"Ationem autem"}'), (1994, 25, 'gadget', 'https://svgshare.com/i/16EY.svg', 'quis nulla occaecat', '{"Ne":"Duce physico"}'), (1995, 25, 'gadget', 'https://svgshare.com/i/16EY.svg', 'in do', '{"Voluptatis":"Philos ego"}'), (1996, 25, 'gadget', 'https://svgshare.com/i/16EY.svg', 'laboris id', '{"Est":"De quod"}'), (1997, 25, 'gadget', 'https://svgshare.com/i/16EY.svg', 'anim', '{"Sus":"Deorsummam partesque"}'), (1998, 25, 'gadget', 'https://svgshare.com/i/16EY.svg', 'ullamco sunt id', '{"Autem":"Celeretis mirare non"}'), (1999, 25, 'gadget', 'https://svgshare.com/i/16EY.svg', 'ad eiusmod', '{"Opere":"Id parta potest"}'), (2000, 25, 'gadget', 'https://svgshare.com/i/16EY.svg', 'incididunt', '{"A":"Plura iuberet es"}'), (2001, 25, 'gadget', 'https://svgshare.com/i/16EY.svg', 'qui', '{"Suo":"Sit philos omi"}'), (2002, 25, 'gadget', 'https://svgshare.com/i/16EY.svg', 'proident irure', '{"Cupiden":"Everea ipsa"}'), (2003, 25, 'gadget', 'https://svgshare.com/i/16EY.svg', 'id', '{"Ea":"Providua minus"}'), (2004, 25, 'gadget', 'https://svgshare.com/i/16EY.svg', 'consequat nostrud cupidatat', '{"Fit":"Quaeque incur"}'), (2005, 25, 'gadget', 'https://svgshare.com/i/16EY.svg', 'ea', '{"Refere":"Semperican iucuntur omni"}'), (2006, 25, 'gadget', 'https://svgshare.com/i/16EY.svg', 'nulla', '{"Dolornatur":"Videamus iudexistun voluptas"}'), (2007, 25, 'gadget', 'https://svgshare.com/i/16EY.svg', 'esse', '{"Expetension":"Nec quae"}'), (2008, 25, 'gadget', 'https://svgshare.com/i/16EY.svg', 'velit dolor sunt', '{"Ea":"Argumender eadem"}'), (2009, 25, 'gadget', 'https://svgshare.com/i/16EY.svg', 'exercitation', '{"In":"Eret exquisita"}'), (2010, 25, 'gadget', 'https://svgshare.com/i/16EY.svg', 'in deserunt', '{"Defut":"Hic de"}'), (2011, 25, 'gadget', 'https://svgshare.com/i/16EY.svg', 'sit ipsum', '{"Nobis":"Alii non"}'), (2012, 25, 'gadget', 'https://svgshare.com/i/16EY.svg', 'laborum sunt', '{"Voce":"Tempore ut cur"}');
SELECT setval('"public"."game_id_seq"'::regclass, (SELECT MAX("id") FROM "public"."game"));
SELECT setval('"public"."game_object_id_seq"'::regclass, (SELECT MAX("id") FROM "public"."game_object"));
INSERT INTO public.team (id,name,plan_id,game_id,created_at,updated_at) VALUES ('7c2c4732-09c1-5f7b-87ca-c53e7497b4ef', 'Et Officia Esse', NULL, 22, DEFAULT, DEFAULT), ('f50563b6-8532-51ec-b121-d8c6bca3e897', 'Ipsum Dolore Labore', NULL, 25, DEFAULT, DEFAULT), ('5e20f9a8-7b26-5a5f-8426-6b12c182d23c', 'Culpa Non', NULL, 24, DEFAULT, DEFAULT), ('53fe0e9e-3358-5722-b994-4faad8733cd3', 'Laboris Adipisicing ', NULL, 22, DEFAULT, DEFAULT), ('782f7eda-e535-5ab3-8415-643126d3b0fa', 'Exercitation Ea', NULL, 23, DEFAULT, DEFAULT), ('5daf6f25-3b97-5f49-8f75-4ba5d1d74cd3', 'Aliqua Esse Fugiat', NULL, 22, DEFAULT, DEFAULT);
INSERT INTO public.plan (id,name,pricing,pricing_interval,color,default_plan,config,created_at,updated_at) VALUES (13, 'Essential', 0, 'annually', 'rgba(245, 245, 245, .7)', 't', '{"max_members":6,"max_blueprints":100,"max_books":20}', DEFAULT, DEFAULT), (14, 'Advanced', 15.803108597090716, 'annually', 'rgb(107, 185, 242)', 'f', '{"max_members":12,"max_blueprints":200,"max_books":40}', DEFAULT, DEFAULT), (15, 'Pro', 12.111348826482082, 'monthly', 'rgb(224, 76, 85)', 'f', '{"max_members":18,"max_blueprints":300,"max_books":60}', DEFAULT, DEFAULT);
INSERT INTO public.book (id,name,team_id,index,created_at,updated_at) VALUES ('1e7e0bcb-4fc0-5d72-81a5-d67a74a13595', 'Cupidatat Sit', '7c2c4732-09c1-5f7b-87ca-c53e7497b4ef', DEFAULT, DEFAULT, DEFAULT), ('d297ab9e-40d4-51b5-bb8f-a1df399f1a9a', 'Occaecat', '7c2c4732-09c1-5f7b-87ca-c53e7497b4ef', DEFAULT, DEFAULT, DEFAULT), ('d1b8f3f8-af26-5088-8712-273c28ba98f7', 'Nostrud Cupidatat', '7c2c4732-09c1-5f7b-87ca-c53e7497b4ef', DEFAULT, DEFAULT, DEFAULT), ('98eaafd3-adbf-5a3e-adb9-b3fb6971b6f1', 'Laboris', 'f50563b6-8532-51ec-b121-d8c6bca3e897', DEFAULT, DEFAULT, DEFAULT), ('2d1d7734-be70-5d07-a538-e76c6cae722e', 'Ea Est', 'f50563b6-8532-51ec-b121-d8c6bca3e897', DEFAULT, DEFAULT, DEFAULT), ('b5605791-3389-56c2-9ec6-17d538b9bb85', 'Nisi', 'f50563b6-8532-51ec-b121-d8c6bca3e897', DEFAULT, DEFAULT, DEFAULT), ('a5831e58-2fc9-5b59-970d-00c344a4eb18', 'Anim Nisi Commodo', 'f50563b6-8532-51ec-b121-d8c6bca3e897', DEFAULT, DEFAULT, DEFAULT), ('d19db439-c7e7-53a7-aa19-0db346180dc1', 'Officia', '5e20f9a8-7b26-5a5f-8426-6b12c182d23c', DEFAULT, DEFAULT, DEFAULT), ('91434b27-2651-5429-8f42-45c3f8e334a0', 'Magna', '5e20f9a8-7b26-5a5f-8426-6b12c182d23c', DEFAULT, DEFAULT, DEFAULT), ('549980e7-3e77-5d76-b263-84664d04b209', 'Non Aliqua Sit', '5e20f9a8-7b26-5a5f-8426-6b12c182d23c', DEFAULT, DEFAULT, DEFAULT), ('b32027db-33da-5dc2-b906-e0c2a06ac683', 'Nisi', '53fe0e9e-3358-5722-b994-4faad8733cd3', DEFAULT, DEFAULT, DEFAULT), ('b7a89d05-549f-565f-b631-b59097e91d1a', 'Laborum', '53fe0e9e-3358-5722-b994-4faad8733cd3', DEFAULT, DEFAULT, DEFAULT), ('ac9f0e3e-b030-584f-a8dd-87355fe22537', 'Non Non Reprehenderi', '53fe0e9e-3358-5722-b994-4faad8733cd3', DEFAULT, DEFAULT, DEFAULT), ('438bff0e-fd50-5c86-89ee-d397a0c0e548', 'Incididunt Magna', '53fe0e9e-3358-5722-b994-4faad8733cd3', DEFAULT, DEFAULT, DEFAULT), ('9bf2ad50-cccb-50eb-8269-3a7e78bd21f5', 'Proident Dolor', '53fe0e9e-3358-5722-b994-4faad8733cd3', DEFAULT, DEFAULT, DEFAULT), ('36f6f3ba-e867-5008-b6c1-829e989f9d2f', 'Do Nisi', '53fe0e9e-3358-5722-b994-4faad8733cd3', DEFAULT, DEFAULT, DEFAULT), ('19495f2f-99a6-5394-9596-a1d3fb0d3196', 'Magna Magna Ut', '53fe0e9e-3358-5722-b994-4faad8733cd3', DEFAULT, DEFAULT, DEFAULT), ('9a184097-b9bc-5f22-ba40-6c62e83423ab', 'Lorem Ut', '53fe0e9e-3358-5722-b994-4faad8733cd3', DEFAULT, DEFAULT, DEFAULT), ('a3141029-aec2-543b-b18a-49fe947e3304', 'Fugiat Incididunt', '782f7eda-e535-5ab3-8415-643126d3b0fa', DEFAULT, DEFAULT, DEFAULT), ('6c52c1d9-13a4-51ef-ae51-1dacc4c14be9', 'Sit Elit', '782f7eda-e535-5ab3-8415-643126d3b0fa', DEFAULT, DEFAULT, DEFAULT), ('2589cf16-4103-5a4f-b544-b30078083eaa', 'Sit Ad', '782f7eda-e535-5ab3-8415-643126d3b0fa', DEFAULT, DEFAULT, DEFAULT), ('a88bc9b9-135e-55c7-8c4c-5a072a3c8573', 'Ut', '782f7eda-e535-5ab3-8415-643126d3b0fa', DEFAULT, DEFAULT, DEFAULT), ('8b7e423b-b9b9-5b3c-bf3d-1aa45d16235c', 'Cillum Eiusmod Ut', '782f7eda-e535-5ab3-8415-643126d3b0fa', DEFAULT, DEFAULT, DEFAULT), ('882c7ae5-914f-539d-8207-691de536097f', 'Irure Qui Nulla', '782f7eda-e535-5ab3-8415-643126d3b0fa', DEFAULT, DEFAULT, DEFAULT), ('811570ef-0b81-508d-ba05-2f5e812d4131', 'Cillum Nisi', '782f7eda-e535-5ab3-8415-643126d3b0fa', DEFAULT, DEFAULT, DEFAULT), ('29b47b7e-4cec-5d5a-b93d-172770b57ed6', 'Laborum Ut', '782f7eda-e535-5ab3-8415-643126d3b0fa', DEFAULT, DEFAULT, DEFAULT), ('9b1fc781-1e4e-56d2-bd68-0dc257a319c0', 'Excepteur Nulla', '5daf6f25-3b97-5f49-8f75-4ba5d1d74cd3', DEFAULT, DEFAULT, DEFAULT), ('8a0a556f-d942-55f0-8ba8-1ffbfaf3c6d9', 'Magna Adipisicing', '5daf6f25-3b97-5f49-8f75-4ba5d1d74cd3', DEFAULT, DEFAULT, DEFAULT), ('91fa3874-9437-5dfa-a49a-f19fb38d9e92', 'Elit Qui', '5daf6f25-3b97-5f49-8f75-4ba5d1d74cd3', DEFAULT, DEFAULT, DEFAULT), ('eda91f04-12ef-5904-88aa-e6ed9a692e03', 'Eu Quis', '5daf6f25-3b97-5f49-8f75-4ba5d1d74cd3', DEFAULT, DEFAULT, DEFAULT), ('1d3f740a-8c60-5c1d-aa9e-3854a33c8e1d', 'Nisi', '5daf6f25-3b97-5f49-8f75-4ba5d1d74cd3', DEFAULT, DEFAULT, DEFAULT), ('d9bba68a-079c-5141-bd43-756b87167584', 'Et Et', '5daf6f25-3b97-5f49-8f75-4ba5d1d74cd3', DEFAULT, DEFAULT, DEFAULT), ('ca65e33b-de71-5d46-933a-849036127987', 'Consequat', '5daf6f25-3b97-5f49-8f75-4ba5d1d74cd3', DEFAULT, DEFAULT, DEFAULT), ('f52ce409-f800-5a86-b4ed-ce1a99a8a6ae', 'Fugiat Velit Consect', '5daf6f25-3b97-5f49-8f75-4ba5d1d74cd3', DEFAULT, DEFAULT, DEFAULT), ('5ef5a669-7ca0-5a58-879f-c84c6abe3657', 'Sit', '5daf6f25-3b97-5f49-8f75-4ba5d1d74cd3', DEFAULT, DEFAULT, DEFAULT);
UPDATE public.team SET plan_id = 13 WHERE id = '7c2c4732-09c1-5f7b-87ca-c53e7497b4ef';
UPDATE public.team SET plan_id = 13 WHERE id = 'f50563b6-8532-51ec-b121-d8c6bca3e897';
UPDATE public.team SET plan_id = 14 WHERE id = '5e20f9a8-7b26-5a5f-8426-6b12c182d23c';
UPDATE public.team SET plan_id = 14 WHERE id = '53fe0e9e-3358-5722-b994-4faad8733cd3';
UPDATE public.team SET plan_id = 15 WHERE id = '782f7eda-e535-5ab3-8415-643126d3b0fa';
UPDATE public.team SET plan_id = 15 WHERE id = '5daf6f25-3b97-5f49-8f75-4ba5d1d74cd3';
SELECT setval('"public"."plan_id_seq"'::regclass, (SELECT MAX("id") FROM "public"."plan"));
INSERT INTO public.arena (id,game_id,name,outdated,created_at,updated_at) VALUES (32, 23, 'Ipsum Dolor', 't', DEFAULT, DEFAULT), (33, 20, 'Nisi Reprehenderit', 'f', DEFAULT, DEFAULT), (34, 23, 'Laborum Adipisicing', 't', DEFAULT, DEFAULT), (35, 20, 'Ullamco Eu Amet', 't', DEFAULT, DEFAULT), (36, 23, 'Eu Et In', 't', DEFAULT, DEFAULT), (37, 23, 'Dolor Cupidatat', 'f', DEFAULT, DEFAULT), (38, 21, 'Veniam Ullamco Cupid', 'f', DEFAULT, DEFAULT);
INSERT INTO public.arena_level (id,index,arena_id,image) VALUES (34, 0, 32, 'https://svgshare.com/i/161z.svg'), (35, 1, 32, 'https://svgshare.com/i/162B.svg'), (36, 2, 32, 'https://svgshare.com/i/1602.svg'), (37, 0, 33, 'https://svgshare.com/i/161z.svg'), (38, 1, 33, 'https://svgshare.com/i/162B.svg'), (39, 2, 33, 'https://svgshare.com/i/1602.svg'), (40, 0, 34, 'https://svgshare.com/i/161z.svg'), (41, 1, 34, 'https://svgshare.com/i/162B.svg'), (42, 2, 34, 'https://svgshare.com/i/1602.svg'), (43, 0, 35, 'https://svgshare.com/i/161z.svg'), (44, 1, 35, 'https://svgshare.com/i/162B.svg'), (45, 2, 35, 'https://svgshare.com/i/1602.svg'), (46, 0, 36, 'https://svgshare.com/i/161z.svg'), (47, 1, 36, 'https://svgshare.com/i/162B.svg'), (48, 2, 36, 'https://svgshare.com/i/1602.svg'), (49, 0, 37, 'https://svgshare.com/i/161z.svg'), (50, 1, 37, 'https://svgshare.com/i/162B.svg'), (51, 2, 37, 'https://svgshare.com/i/1602.svg'), (52, 0, 38, 'https://svgshare.com/i/161z.svg'), (53, 1, 38, 'https://svgshare.com/i/162B.svg'), (54, 2, 38, 'https://svgshare.com/i/1602.svg');
SELECT setval('"public"."arena_id_seq"'::regclass, (SELECT MAX("id") FROM "public"."arena"));
SELECT setval('"public"."arena_level_id_seq"'::regclass, (SELECT MAX("id") FROM "public"."arena_level"));
INSERT INTO public.blueprint (id,book_id,arena_id,visibility,name,tags,created_at,updated_at) VALUES ('fd4a2d4e-8569-59ca-837d-fb7fa0ab1be1', 'a3141029-aec2-543b-b18a-49fe947e3304', 32, 'public', 'Roaming Support Plan', '{"dolor exercitation","laboris consectetur consequat no","enim adipisicing in"}', DEFAULT, DEFAULT), ('e0502ed9-8194-54d4-be5d-43176e2a7438', 'd9bba68a-079c-5141-bd43-756b87167584', 36, 'unlisted', 'Roaming Support Plan', '{"nulla sint laboris","amet reprehenderit incididunt","cillum in sint ipsum"}', DEFAULT, DEFAULT), ('cba89714-5b1d-590f-92a2-27cfb555b7e4', 'ca65e33b-de71-5d46-933a-849036127987', 36, 'public', 'Gank Heavy Approach', '{"veniam"}', DEFAULT, DEFAULT), ('497b8842-fb80-5638-ba6f-3f3e64daa06b', 'b7a89d05-549f-565f-b631-b59097e91d1a', 33, 'public', 'Map Control Blueprint', '{"cupidatat ut"}', DEFAULT, DEFAULT), ('75fbf0dd-b3c9-5513-87f0-9d9a9004f64c', 'a5831e58-2fc9-5b59-970d-00c344a4eb18', 38, 'private', 'Baron Control Strategy', '{"culpa in","nostrud commodo dolor nostrud al","duis minim","labore labore exercitation","exercitation anim"}', DEFAULT, DEFAULT), ('0352b4c9-6de9-5702-929d-3d622c6456a1', '36f6f3ba-e867-5008-b6c1-829e989f9d2f', 36, 'public', 'Rotation Strategy Document', '{"sunt pariatur ad","ad nostrud officia","adipisicing laborum","veniam et velit","minim laborum","voluptate aliqua","mollit qui consectetur non","anim dolor ea consectetur sunt"}', DEFAULT, DEFAULT), ('1e701d2b-566c-5f82-8280-a2a9d02ee590', 'd19db439-c7e7-53a7-aa19-0db346180dc1', 33, 'unlisted', 'Early Game Dominance Guide', '{"ut qui","ex anim adipisicing non","consectetur tempor","nisi adipisicing","labore","elit nostrud esse"}', DEFAULT, DEFAULT), ('f04c0ed1-b624-5092-8b98-dae6fff857dc', 'b7a89d05-549f-565f-b631-b59097e91d1a', 32, 'private', 'Early Game Dominance Guide', '{"aute elit","aute qui","ex aliquip exercitation","sunt culpa occaecat","aliqua","ipsum excepteur ipsum","excepteur eiusmod aliquip veniam","dolore dolor reprehenderit","quis laborum reprehenderit incid"}', DEFAULT, DEFAULT), ('7eef79d9-ea6c-5417-b347-09dbcb8b4c78', '19495f2f-99a6-5394-9596-a1d3fb0d3196', 36, 'unlisted', 'Roaming Support Plan', '{"pariatur dolor ipsum cupidatat","irure mollit in id","magna incididunt velit","commodo laboris exercitation","ad","quis sunt anim fugiat qui","nostrud adipisicing non in eu","enim tempor quis","fugiat"}', DEFAULT, DEFAULT), ('3aff3e37-0331-5c7a-a0f5-1b6595c2ad7b', 'b32027db-33da-5dc2-b906-e0c2a06ac683', 32, 'public', 'Baron Control Strategy', '{"sit minim ullamco pariatur"}', DEFAULT, DEFAULT), ('7c0cf1d4-d57d-5092-a3f0-ca49e04ace52', 'eda91f04-12ef-5904-88aa-e6ed9a692e03', 37, 'public', 'Roaming Support Plan', '{"irure id consequat consectetur","ex laboris","fugiat","pariatur reprehenderit aute comm","ea commodo","minim sit non quis commodo"}', DEFAULT, DEFAULT), ('26c80d6d-0d6f-5fb2-8296-8b5e9e1fdeb7', 'a5831e58-2fc9-5b59-970d-00c344a4eb18', 35, 'unlisted', 'Early Game Dominance Guide', '{}', DEFAULT, DEFAULT), ('310ccf44-859c-5587-8001-5aa84afb3236', '8b7e423b-b9b9-5b3c-bf3d-1aa45d16235c', 35, 'private', 'Wave Management Plan', '{"consectetur quis do","sunt nisi dolore cupidatat","laborum elit pariatur"}', DEFAULT, DEFAULT), ('c6131a0d-c1ea-5dce-8460-c91026e41f9f', 'a5831e58-2fc9-5b59-970d-00c344a4eb18', 35, 'public', 'Siege Tactics Handbook', '{"reprehenderit nostrud anim","anim do officia cillum","Lorem commodo","in sunt adipisicing veniam","labore et ad reprehenderit offic","quis quis","anim eiusmod","ut tempor cupidatat irure nulla","consequat voluptate ut","dolor enim"}', DEFAULT, DEFAULT), ('054eb394-a081-59a1-b613-e1c8bbcc6250', 'a88bc9b9-135e-55c7-8c4c-5a072a3c8573', 36, 'public', 'Counter Pick Blueprint', '{"id ipsum","aliquip cupidatat labore ex","adipisicing esse irure proident","sint qui duis incididunt","sit ad","irure et","laborum aliqua excepteur sit","ullamco quis quis tempor dolor","excepteur sunt reprehenderit mol","est cillum qui nisi"}', DEFAULT, DEFAULT), ('4cb602e9-b66f-5f7e-a7a1-71729454372c', 'a5831e58-2fc9-5b59-970d-00c344a4eb18', 36, 'unlisted', 'Rotation Strategy Document', '{"do","exercitation ut non","ea Lorem duis","aliquip aliquip ut","Lorem","anim exercitation enim ad","non enim sint cillum","ad ad qui magna nostrud","dolore exercitation exercitation","veniam veniam in incididunt duis"}', DEFAULT, DEFAULT), ('8ed312f8-fa19-5305-a78e-7cdee2dc9e00', '5ef5a669-7ca0-5a58-879f-c84c6abe3657', 33, 'private', 'Aggressive Rush Strategy', '{"in officia aliquip magna","cupidatat"}', DEFAULT, DEFAULT), ('c9bad04c-3d6e-5efe-9540-7763dde57640', 'd297ab9e-40d4-51b5-bb8f-a1df399f1a9a', 37, 'private', 'Objective Focused Strategy', '{"Lorem pariatur","commodo ad ipsum minim","eu occaecat in et","exercitation commodo","sint","nulla dolor laborum","voluptate sint"}', DEFAULT, DEFAULT), ('7a350dde-d215-538c-bfd3-d5cdd8b40555', '9bf2ad50-cccb-50eb-8269-3a7e78bd21f5', 32, 'public', 'Counter Pick Blueprint', '{"elit exercitation nostrud ut ven","exercitation ut adipisicing inci","excepteur ut et","fugiat aute","velit cupidatat fugiat","cupidatat sint culpa magna duis"}', DEFAULT, DEFAULT), ('bd6c4dd0-06e8-56ab-abd6-6e9e777c13a7', '1d3f740a-8c60-5c1d-aa9e-3854a33c8e1d', 37, 'public', 'Counter Pick Blueprint', '{"aute nisi exercitation velit","amet excepteur cillum eu"}', DEFAULT, DEFAULT), ('844103e5-8cf8-5795-8a63-ccecfc3e2001', 'b5605791-3389-56c2-9ec6-17d538b9bb85', 37, 'public', 'Gank Heavy Approach', '{"est aute ad laborum","eu consequat labore est officia"}', DEFAULT, DEFAULT), ('582d0ca1-76cc-5500-9dd8-190ab817072d', '8a0a556f-d942-55f0-8ba8-1ffbfaf3c6d9', 37, 'private', 'Vision Control Blueprint', '{"minim ad sint eu","nisi adipisicing ex occaecat qui","laboris velit nostrud","magna eiusmod","velit consequat","proident commodo consequat minim","reprehenderit nulla irure et exe","veniam adipisicing reprehenderit","reprehenderit deserunt"}', DEFAULT, DEFAULT), ('9012aa86-f8a2-5033-82d5-336bcaa03c26', 'd297ab9e-40d4-51b5-bb8f-a1df399f1a9a', 38, 'public', 'Siege Tactics Handbook', '{"commodo id nulla","ex","duis esse","et aliqua officia","eu esse"}', DEFAULT, DEFAULT), ('746bb5ad-439a-519a-90ef-991641df1623', '5ef5a669-7ca0-5a58-879f-c84c6abe3657', 34, 'unlisted', 'Late Game Scaling Strategy', '{"ut","elit do elit ex","commodo aute tempor exercitation","duis sunt occaecat","cupidatat sint anim","officia commodo velit","reprehenderit nulla commodo","esse","nostrud qui exercitation"}', DEFAULT, DEFAULT), ('b1bab82d-de7c-55e3-8115-1651b8f68765', 'ca65e33b-de71-5d46-933a-849036127987', 34, 'private', 'Secure Objective Playbook', '{"sunt est sint","id occaecat nulla","non nisi quis","fugiat minim","mollit occaecat","qui amet commodo eiusmod","ad","ut veniam officia","non ut ullamco do"}', DEFAULT, DEFAULT), ('0145500d-2ab2-5c49-9cea-edd711ce1cc9', '29b47b7e-4cec-5d5a-b93d-172770b57ed6', 38, 'unlisted', 'Aggressive Rush Strategy', '{}', DEFAULT, DEFAULT), ('703c3370-90fb-5d22-8365-f34357b3ffb8', '91434b27-2651-5429-8f42-45c3f8e334a0', 32, 'private', 'Rotation Strategy Document', '{"dolore consequat duis ad Lorem","esse officia nostrud voluptate o","laboris","nisi sunt duis cillum"}', DEFAULT, DEFAULT), ('fd862b26-fe8c-52d0-b06e-3c9f938bd3ab', 'a88bc9b9-135e-55c7-8c4c-5a072a3c8573', 38, 'public', 'Jungle Control Playbook', '{"cillum in duis","qui"}', DEFAULT, DEFAULT), ('70415515-b81b-59ef-a1ed-18578b73b7ae', 'b7a89d05-549f-565f-b631-b59097e91d1a', 37, 'private', 'Baron Control Strategy', '{"laborum exercitation dolor venia","ea excepteur cupidatat est","anim velit eiusmod","dolor nostrud mollit","occaecat culpa laborum cupidatat","quis","amet veniam nostrud sit elit","labore fugiat ea","nulla enim voluptate","est sunt ad non"}', DEFAULT, DEFAULT), ('c5558815-aa72-5938-a7c8-62ae2c1a039c', 'b5605791-3389-56c2-9ec6-17d538b9bb85', 37, 'public', 'Secure Objective Playbook', '{"deserunt labore occaecat non","ad eiusmod aliqua occaecat","eu adipisicing quis do","incididunt culpa ex incididunt","in fugiat","est do","dolore adipisicing","velit","incididunt laborum exercitation"}', DEFAULT, DEFAULT), ('703bbd20-9625-5bd7-8aa3-5ead0245fe50', '1e7e0bcb-4fc0-5d72-81a5-d67a74a13595', 38, 'unlisted', 'Objective Focused Strategy', '{"voluptate eu"}', DEFAULT, DEFAULT), ('68ff3d82-b6b6-5053-9e74-aa9b346dd8d1', 'eda91f04-12ef-5904-88aa-e6ed9a692e03', 32, 'private', 'Wave Management Plan', '{"irure ex cupidatat","id in","ullamco ullamco","eiusmod Lorem ad ex ipsum","ex excepteur cillum laborum","ea cillum enim","elit laborum","laborum id","irure pariatur culpa"}', DEFAULT, DEFAULT), ('522e120d-7e21-504a-9c96-99e429197e5a', '9b1fc781-1e4e-56d2-bd68-0dc257a319c0', 36, 'unlisted', 'Counter Pick Blueprint', '{"incididunt consequat esse","aliquip in mollit non nostrud","est dolore do id","laborum ex do ad","esse occaecat eiusmod culpa","cupidatat aute quis elit"}', DEFAULT, DEFAULT), ('54b879fc-04e4-53b3-8cec-0174fc0ccd34', '9a184097-b9bc-5f22-ba40-6c62e83423ab', 34, 'private', 'Counter Pick Blueprint', '{"elit","do et tempor Lorem","aliqua duis fugiat","commodo","sit","veniam officia","veniam do reprehenderit"}', DEFAULT, DEFAULT), ('fb90b354-0ae1-59da-9637-61f6c5ed3fb9', '5ef5a669-7ca0-5a58-879f-c84c6abe3657', 34, 'public', 'Secure Objective Playbook', '{"ad cupidatat","adipisicing labore fugiat adipis"}', DEFAULT, DEFAULT), ('95b3988b-e14b-57a7-900d-4985cb116f17', '98eaafd3-adbf-5a3e-adb9-b3fb6971b6f1', 35, 'private', 'Gank Heavy Approach', '{"eiusmod voluptate voluptate volu","id qui velit amet","sint et"}', DEFAULT, DEFAULT), ('7d1face3-2e87-52f5-9623-fff9de0a6539', '549980e7-3e77-5d76-b263-84664d04b209', 36, 'public', 'Map Control Blueprint', '{"irure occaecat","consectetur magna laboris minim "}', DEFAULT, DEFAULT), ('e8bf9a25-132d-5d46-b40a-d08534be6c9f', '36f6f3ba-e867-5008-b6c1-829e989f9d2f', 37, 'unlisted', 'Counter Pick Blueprint', '{"nisi amet aute deserunt","aliquip ea","amet labore eiusmod mollit in","adipisicing commodo laborum veni","voluptate mollit et duis","laborum non laborum voluptate ei","occaecat id","minim ipsum","nostrud velit deserunt magna iru"}', DEFAULT, DEFAULT), ('29a560e9-84d9-5f41-9b09-76969cbfb144', 'b5605791-3389-56c2-9ec6-17d538b9bb85', 33, 'public', 'Counter Pick Blueprint', '{"ut enim qui","consequat elit commodo in amet","amet dolor Lorem","tempor fugiat deserunt labore","laboris magna","ex elit amet","consectetur magna ex dolore","non excepteur eiusmod irure"}', DEFAULT, DEFAULT), ('d9c4b302-5ab0-5114-8120-41d1876c7eb9', '9b1fc781-1e4e-56d2-bd68-0dc257a319c0', 36, 'public', 'Objective Focused Strategy', '{"nulla","dolore aliquip qui"}', DEFAULT, DEFAULT), ('ca1b9e1e-f7c0-5c4a-a566-aabf3f7ebb80', 'ca65e33b-de71-5d46-933a-849036127987', 32, 'unlisted', 'Vision Denial Blueprint', '{"et duis","irure proident dolore","duis Lorem proident anim","tempor sit"}', DEFAULT, DEFAULT), ('cde91e33-9c71-56e0-b19e-f2372fa577cf', 'd1b8f3f8-af26-5088-8712-273c28ba98f7', 35, 'private', 'Secure Objective Playbook', '{"officia magna sint labore","mollit nulla","consectetur nisi","ex cillum","id voluptate irure officia dolor","mollit aute"}', DEFAULT, DEFAULT), ('013547e4-326e-5221-8377-310093ccf53a', 'd1b8f3f8-af26-5088-8712-273c28ba98f7', 32, 'private', 'Rotation Strategy Document', '{"voluptate minim","officia pariatur eiusmod","aliquip laboris veniam nisi","dolor ipsum laboris ut"}', DEFAULT, DEFAULT), ('50cffa66-dd91-5aed-8c46-1b76e488de31', 'ca65e33b-de71-5d46-933a-849036127987', 35, 'unlisted', 'Rotation Strategy Document', '{"ea","laboris ut dolore","sunt excepteur","aliquip consectetur eu","proident","laborum qui enim","laboris tempor voluptate adipisi"}', DEFAULT, DEFAULT), ('f550c2bf-a147-5e29-8a01-470336f387eb', '19495f2f-99a6-5394-9596-a1d3fb0d3196', 37, 'unlisted', 'Map Control Blueprint', '{"excepteur dolor","quis incididunt","est ea irure sunt ut","qui mollit","in adipisicing magna ex et","nostrud esse ut ad","Lorem ea labore","ad id do quis","veniam culpa"}', DEFAULT, DEFAULT), ('a30e3d57-ad0a-594d-9622-8a2514b8110c', '5ef5a669-7ca0-5a58-879f-c84c6abe3657', 33, 'private', 'Roaming Support Plan', '{"dolore ut sunt","ad tempor","anim incididunt pariatur eu"}', DEFAULT, DEFAULT), ('cb76f565-509b-50d9-bbe4-5c6e7c9b0eb4', 'd1b8f3f8-af26-5088-8712-273c28ba98f7', 33, 'unlisted', 'Secure Objective Playbook', '{"velit irure elit aute","ipsum quis","proident proident esse","magna ex","aute minim sint excepteur","do qui sit culpa eiusmod","officia elit minim cillum","Lorem cillum labore do"}', DEFAULT, DEFAULT), ('a344c7b4-07e6-54df-b4ed-f27c7916e147', '438bff0e-fd50-5c86-89ee-d397a0c0e548', 36, 'public', 'Split Push Blueprint', '{"adipisicing magna incididunt","aliquip elit laborum fugiat","commodo sunt aliqua veniam labor","pariatur eu est id","excepteur irure","mollit eiusmod exercitation irur","ea","culpa ullamco cupidatat consequa","aliquip esse magna","in tempor"}', DEFAULT, DEFAULT), ('6c40d2d3-07ad-5aa1-a5fa-cf5861475e5d', 'f52ce409-f800-5a86-b4ed-ce1a99a8a6ae', 35, 'unlisted', 'Team Fight Execution Plan', '{"elit","voluptate amet","aliqua","sunt labore","commodo laboris duis","qui"}', DEFAULT, DEFAULT), ('ba7460a4-9316-52e4-9e3a-05ee82b85e66', '36f6f3ba-e867-5008-b6c1-829e989f9d2f', 33, 'unlisted', 'Split Push Blueprint', '{"sunt velit reprehenderit","deserunt voluptate incididunt do","ullamco deserunt ipsum"}', DEFAULT, DEFAULT), ('fb3595df-62ad-5f54-ac34-3a578952555c', '6c52c1d9-13a4-51ef-ae51-1dacc4c14be9', 36, 'public', 'Map Control Blueprint', '{"amet voluptate","laborum eu aliquip sit","dolore amet","tempor duis Lorem","nostrud","anim consectetur"}', DEFAULT, DEFAULT), ('90edde40-1b87-5f75-90b9-68639fbcb2b8', 'b5605791-3389-56c2-9ec6-17d538b9bb85', 38, 'unlisted', 'Map Control Blueprint', '{"id irure adipisicing do","ut consectetur aute","ad est non","pariatur cupidatat","mollit cillum esse ad deserunt","esse","voluptate sint tempor labore","dolor ipsum amet","est eu"}', DEFAULT, DEFAULT), ('ea26a496-35d8-5f3f-a769-a80898ec7b17', '1d3f740a-8c60-5c1d-aa9e-3854a33c8e1d', 34, 'unlisted', 'Aggressive Rush Strategy', '{"elit dolor","anim non labore occaecat","sit aliquip","deserunt eu nisi excepteur","sit exercitation magna","pariatur quis","magna esse","nulla"}', DEFAULT, DEFAULT), ('035a0a25-d588-551c-9f76-4e9f593ffaf4', '29b47b7e-4cec-5d5a-b93d-172770b57ed6', 32, 'public', 'Aggressive Rush Strategy', '{"incididunt consectetur ipsum cil","anim laboris tempor irure","id ipsum","ut voluptate","nulla ad","ullamco eu","reprehenderit sit sint sint","eu","eiusmod nostrud nostrud"}', DEFAULT, DEFAULT), ('e7f55997-6008-5d29-9f7f-564ab748cc59', 'b32027db-33da-5dc2-b906-e0c2a06ac683', 32, 'private', 'Siege Tactics Handbook', '{"ad eu commodo magna nisi","laboris anim excepteur reprehend","veniam sunt nostrud nostrud","labore ullamco elit","fugiat deserunt","consequat anim","do aute"}', DEFAULT, DEFAULT), ('396ce0bd-b3e1-5b3c-94ea-bb5357e1c76a', '1d3f740a-8c60-5c1d-aa9e-3854a33c8e1d', 37, 'unlisted', 'Roaming Support Plan', '{"non","amet Lorem sunt nostrud","irure mollit eiusmod"}', DEFAULT, DEFAULT), ('4cb2c65b-80df-57cc-9c0d-6c346029b88f', '29b47b7e-4cec-5d5a-b93d-172770b57ed6', 34, 'public', 'Objective Focused Strategy', '{"aute dolore","commodo officia velit aliquip","nisi"}', DEFAULT, DEFAULT), ('8172dfee-2cce-5dee-9293-b6bd5f74d656', '882c7ae5-914f-539d-8207-691de536097f', 34, 'public', 'Team Fight Execution Plan', '{"qui proident ullamco","dolore nulla reprehenderit venia"}', DEFAULT, DEFAULT), ('910e8e4b-af24-5f28-a2eb-631066a490eb', '1d3f740a-8c60-5c1d-aa9e-3854a33c8e1d', 34, 'public', 'Vision Denial Blueprint', '{"labore labore","velit magna nostrud dolor","aliqua","tempor consectetur eu cillum ani","adipisicing commodo","aliqua irure","labore elit fugiat ullamco labor","aute aute"}', DEFAULT, DEFAULT), ('150381a3-e791-54de-9419-0edac12fb9eb', '9b1fc781-1e4e-56d2-bd68-0dc257a319c0', 36, 'public', 'Counter Pick Blueprint', '{"adipisicing non aute sunt irure","in exercitation ut ullamco","veniam sunt","velit esse do","ex ut ad esse"}', DEFAULT, DEFAULT), ('ddb37574-0dbe-5aa4-a5e8-b15242cefaff', 'eda91f04-12ef-5904-88aa-e6ed9a692e03', 37, 'private', 'Counter Pick Blueprint', '{"eiusmod Lorem officia","voluptate reprehenderit Lorem ve","do ex","cupidatat aute ipsum commodo","eu veniam nulla","labore","fugiat dolore enim voluptate","sunt","nostrud laborum","reprehenderit esse tempor"}', DEFAULT, DEFAULT), ('77fbdaed-4103-591b-82ee-3e3fa4b78a9b', 'd297ab9e-40d4-51b5-bb8f-a1df399f1a9a', 36, 'public', 'Late Game Scaling Strategy', '{"velit aliqua sunt","nulla reprehenderit","laborum dolor","incididunt cillum elit dolore du","ad nisi","ea","ad culpa","dolor deserunt laboris","est laborum deserunt duis","ipsum"}', DEFAULT, DEFAULT), ('0f1e8b42-396d-5765-be37-bce2ee646e04', 'd19db439-c7e7-53a7-aa19-0db346180dc1', 37, 'public', 'Defensive Turtle Tactics', '{}', DEFAULT, DEFAULT), ('5308f8b3-4d4d-529a-bd7c-3a77ac4fe6ae', '91fa3874-9437-5dfa-a49a-f19fb38d9e92', 36, 'public', 'Jungle Control Playbook', '{"do non"}', DEFAULT, DEFAULT), ('851e9ece-db38-530e-b3f9-f5e1d49a3b34', '2589cf16-4103-5a4f-b544-b30078083eaa', 38, 'private', 'Gank Heavy Approach', '{"Lorem esse minim nostrud","nulla","commodo cillum sunt laborum ulla","tempor laborum nostrud occaecat","cillum ex","et culpa"}', DEFAULT, DEFAULT), ('2189cd55-c657-5ce9-999a-da1a2dbf7ea0', '8b7e423b-b9b9-5b3c-bf3d-1aa45d16235c', 33, 'private', 'Late Game Scaling Strategy', '{"pariatur deserunt mollit","eiusmod voluptate aute","sunt id esse proident","velit elit id laborum consequat","quis","pariatur non sint","culpa laboris aliqua ullamco","et fugiat nulla","qui pariatur officia ut adipisic"}', DEFAULT, DEFAULT), ('902d4a21-0657-5095-b741-ac0d408bb89e', 'ca65e33b-de71-5d46-933a-849036127987', 34, 'private', 'Early Game Dominance Guide', '{"nulla velit proident","id esse id nisi","ipsum Lorem aliquip","ex magna enim"}', DEFAULT, DEFAULT), ('0d40f7c0-72b0-55c2-8e48-c6c65bd9815f', '811570ef-0b81-508d-ba05-2f5e812d4131', 34, 'public', 'Map Control Blueprint', '{"nulla reprehenderit","commodo fugiat duis magna","enim laboris proident ad","laborum nisi","aliquip laboris reprehenderit ex"}', DEFAULT, DEFAULT), ('f09f5f0c-d6f4-5089-a919-82fdea15dad9', '29b47b7e-4cec-5d5a-b93d-172770b57ed6', 36, 'private', 'Vision Denial Blueprint', '{"cupidatat culpa","deserunt tempor quis","sit","esse nostrud"}', DEFAULT, DEFAULT), ('9bfcf305-f3a4-5bed-9ee4-3f5ccf9e59af', '36f6f3ba-e867-5008-b6c1-829e989f9d2f', 38, 'private', 'Early Game Dominance Guide', '{"et non magna laboris sint","deserunt ea non","ullamco laboris nostrud adipisic","est irure","labore","sint ullamco ut culpa","Lorem"}', DEFAULT, DEFAULT), ('2ff309f0-6726-5920-ad23-47ba58fd2525', '8a0a556f-d942-55f0-8ba8-1ffbfaf3c6d9', 35, 'unlisted', 'Counter Pick Blueprint', '{"sunt consequat aute cupidatat","mollit cupidatat","laborum","cupidatat ullamco Lorem","nostrud","voluptate quis mollit elit","proident adipisicing ut id incid","veniam velit consectetur nulla a","et nisi et proident laboris","irure nostrud ea est culpa"}', DEFAULT, DEFAULT), ('bac302d7-9e20-52d1-89cc-b0e99ef3b896', '36f6f3ba-e867-5008-b6c1-829e989f9d2f', 37, 'public', 'Defensive Turtle Tactics', '{"aliquip","aliqua","velit sit et","labore pariatur consequat do","aliqua excepteur esse","duis esse"}', DEFAULT, DEFAULT), ('ef31ceeb-0f8d-5da0-ab9c-18045c420f99', 'a88bc9b9-135e-55c7-8c4c-5a072a3c8573', 34, 'private', 'Defensive Turtle Tactics', '{"incididunt nulla consequat","esse mollit","reprehenderit sint","minim mollit","occaecat proident enim dolor ad","culpa","elit eiusmod nisi anim"}', DEFAULT, DEFAULT), ('2be70e34-56ed-5cb2-9758-b8f796ec32ec', '36f6f3ba-e867-5008-b6c1-829e989f9d2f', 37, 'public', 'Wave Management Plan', '{"ex cupidatat","quis nisi ut","culpa consectetur in cupidatat","aute ut in","eiusmod officia","fugiat mollit officia proident c","cupidatat reprehenderit magna in"}', DEFAULT, DEFAULT), ('49e5f9f5-6a8f-5423-81e9-9e8e2c467770', '438bff0e-fd50-5c86-89ee-d397a0c0e548', 34, 'unlisted', 'Siege Tactics Handbook', '{"labore proident aliquip","nisi","ea dolor nostrud cupidatat cupid","ut mollit","velit Lorem","incididunt dolor exercitation","amet adipisicing eiusmod id","fugiat incididunt irure ipsum","incididunt veniam duis"}', DEFAULT, DEFAULT), ('421a5d89-58fa-56e2-87c9-a4c6fd3159db', 'ca65e33b-de71-5d46-933a-849036127987', 34, 'public', 'Defensive Turtle Tactics', '{"reprehenderit enim","pariatur aliquip ipsum","ut aliquip"}', DEFAULT, DEFAULT), ('c2ab0ed6-ea98-544f-a35e-cfff5a185dc8', '1e7e0bcb-4fc0-5d72-81a5-d67a74a13595', 37, 'unlisted', 'Roaming Support Plan', '{"consectetur qui exercitation"}', DEFAULT, DEFAULT), ('6c6d219e-3884-5c60-8485-0fb500d0b675', 'd9bba68a-079c-5141-bd43-756b87167584', 36, 'unlisted', 'Roaming Support Plan', '{"ex tempor elit","sunt magna ipsum"}', DEFAULT, DEFAULT), ('d5fd2418-0c52-558a-8369-707f9186db0b', '6c52c1d9-13a4-51ef-ae51-1dacc4c14be9', 33, 'unlisted', 'Early Game Dominance Guide', '{"quis labore aute","et ullamco nulla Lorem","reprehenderit eu","aliqua incididunt","exercitation aliquip quis exerci","id culpa incididunt et irure","incididunt","amet incididunt ullamco","consectetur voluptate consectetu","aliquip non in"}', DEFAULT, DEFAULT), ('0f22fcab-183d-5e80-9a98-c495a215f5f8', '98eaafd3-adbf-5a3e-adb9-b3fb6971b6f1', 33, 'unlisted', 'Defensive Turtle Tactics', '{"ad","est laboris","esse mollit"}', DEFAULT, DEFAULT), ('f92c2ba5-8b0e-58ef-9364-e364e4c41522', '36f6f3ba-e867-5008-b6c1-829e989f9d2f', 35, 'unlisted', 'Counter Pick Blueprint', '{"aliquip dolore sint incididunt","do","consequat duis ea","officia excepteur excepteur cons","ut voluptate ea ea","consequat"}', DEFAULT, DEFAULT), ('e2ec2872-d983-5938-8f1c-38a9a14124dd', '2d1d7734-be70-5d07-a538-e76c6cae722e', 36, 'public', 'Counter Pick Blueprint', '{"tempor","esse eiusmod ea veniam","sunt deserunt","qui pariatur ut"}', DEFAULT, DEFAULT), ('4d4230bc-d1b6-532c-9bbf-8c67caf4f9ed', '6c52c1d9-13a4-51ef-ae51-1dacc4c14be9', 34, 'private', 'Early Game Dominance Guide', '{"laboris laborum ad","culpa cupidatat eiusmod cillum","laboris magna irure nostrud","id dolore do deserunt","ex cillum ex","minim ad","consequat officia","quis excepteur"}', DEFAULT, DEFAULT), ('8be9ffc5-25d1-5c32-be1f-9a9ec00544f6', '549980e7-3e77-5d76-b263-84664d04b209', 33, 'unlisted', 'Early Game Dominance Guide', '{"non laboris"}', DEFAULT, DEFAULT), ('a3241e44-bd93-5a11-a730-863e8eb75275', 'd297ab9e-40d4-51b5-bb8f-a1df399f1a9a', 33, 'private', 'Gank Heavy Approach', '{"mollit et cillum ullamco","est sit qui nisi","nisi est ipsum","exercitation elit aliquip ad","est qui","cillum magna reprehenderit labor","magna aliquip"}', DEFAULT, DEFAULT), ('a1c32f18-989f-5961-80f5-4a21a838bc95', 'b7a89d05-549f-565f-b631-b59097e91d1a', 36, 'private', 'Baron Control Strategy', '{"nisi ipsum ea magna veniam","in non in","ut","eu sit ipsum culpa","Lorem laboris"}', DEFAULT, DEFAULT), ('8fde1282-59d1-5f9b-bc10-4130ce793fa9', '9b1fc781-1e4e-56d2-bd68-0dc257a319c0', 37, 'public', 'Late Game Scaling Strategy', '{"ad","tempor ea anim esse","ex id eiusmod mollit eiusmod"}', DEFAULT, DEFAULT), ('f85f8e1b-b8a0-528e-bc81-49b3e6a34ee5', '8a0a556f-d942-55f0-8ba8-1ffbfaf3c6d9', 35, 'unlisted', 'Wave Management Plan', '{"labore adipisicing reprehenderit","ea enim","irure nulla ex in id"}', DEFAULT, DEFAULT), ('e16cfe57-140d-5b3e-90f8-910575ffdd47', 'eda91f04-12ef-5904-88aa-e6ed9a692e03', 33, 'unlisted', 'Early Game Dominance Guide', '{"reprehenderit est magna","duis nisi veniam adipisicing lab","minim","veniam ullamco","esse deserunt","reprehenderit consectetur","in","culpa mollit","occaecat do ullamco sint dolor"}', DEFAULT, DEFAULT), ('06866e23-2aeb-59f2-9d3c-156507eb23db', 'f52ce409-f800-5a86-b4ed-ce1a99a8a6ae', 36, 'private', 'Gank Heavy Approach', '{"fugiat esse","esse deserunt officia"}', DEFAULT, DEFAULT), ('e5c44c16-4905-59d0-8c2a-f48ebfc3fdcc', 'd19db439-c7e7-53a7-aa19-0db346180dc1', 35, 'unlisted', 'Split Push Blueprint', '{"magna officia nisi","do","deserunt minim irure"}', DEFAULT, DEFAULT), ('0298782b-da7d-55b4-a736-8126dd2f9d32', '9a184097-b9bc-5f22-ba40-6c62e83423ab', 36, 'private', 'Early Game Dominance Guide', '{"nisi velit id","aute magna anim cupidatat","elit","esse sint","excepteur do consequat consectet"}', DEFAULT, DEFAULT), ('8f534833-d8c3-5d0a-b63c-bd2740be0330', 'eda91f04-12ef-5904-88aa-e6ed9a692e03', 37, 'private', 'Objective Focused Strategy', '{"ex velit magna amet","proident","aliqua ad qui","ipsum tempor id amet sit","non"}', DEFAULT, DEFAULT), ('1caeec83-1956-53fb-9c1a-7f585775c524', 'd297ab9e-40d4-51b5-bb8f-a1df399f1a9a', 37, 'public', 'Defensive Turtle Tactics', '{"consequat commodo","laborum ex qui ad","do culpa tempor culpa labore","Lorem consectetur ex et"}', DEFAULT, DEFAULT), ('28f2bbc2-0260-5d64-a9bf-64e9bc163c30', '549980e7-3e77-5d76-b263-84664d04b209', 34, 'unlisted', 'Jungle Control Playbook', '{"officia","commodo adipisicing reprehenderi","occaecat culpa laboris incididun","aliqua magna ut","est","consectetur et nulla","mollit qui laboris"}', DEFAULT, DEFAULT), ('8590b74a-b67e-5525-9786-4e0fc4c65d06', '9a184097-b9bc-5f22-ba40-6c62e83423ab', 34, 'private', 'Wave Management Plan', '{"nostrud laboris et sint","reprehenderit nisi consequat vol"}', DEFAULT, DEFAULT), ('fa5e4221-0eae-5da7-9a16-5b8399b9ef50', '98eaafd3-adbf-5a3e-adb9-b3fb6971b6f1', 38, 'unlisted', 'Baron Control Strategy', '{"elit ut","exercitation culpa non","aliqua magna cupidatat nulla"}', DEFAULT, DEFAULT), ('fedb01d5-16e2-59fd-8845-ff6a92bd83f7', '8a0a556f-d942-55f0-8ba8-1ffbfaf3c6d9', 36, 'unlisted', 'Counter Pick Blueprint', '{"commodo et minim officia","ea","laborum nostrud","voluptate sint nostrud","minim consequat esse","incididunt cupidatat","ut et voluptate laborum nostrud"}', DEFAULT, DEFAULT), ('d6d0cf2a-b6d2-5f41-bc05-2fe5bf5ca317', '91fa3874-9437-5dfa-a49a-f19fb38d9e92', 35, 'public', 'Vision Control Blueprint', '{"consequat","amet duis","consectetur veniam enim aliqua o","ex commodo non","velit reprehenderit"}', DEFAULT, DEFAULT), ('a18cadaa-4531-5180-a607-ad2a5bc25f0c', 'd1b8f3f8-af26-5088-8712-273c28ba98f7', 38, 'public', 'Map Control Blueprint', '{"consectetur ea elit enim","officia","ex cupidatat tempor","nostrud esse"}', DEFAULT, DEFAULT), ('7858de1c-870d-5289-9bbf-085e4de69d79', 'b32027db-33da-5dc2-b906-e0c2a06ac683', 37, 'unlisted', 'Team Fight Execution Plan', '{"non ex","cillum proident","et ullamco mollit","deserunt et est occaecat","non","adipisicing","ut","culpa aliquip laborum","pariatur dolore voluptate esse m"}', DEFAULT, DEFAULT), ('c5510993-cf82-5729-a476-bbba91fd2ee1', '438bff0e-fd50-5c86-89ee-d397a0c0e548', 35, 'public', 'Siege Tactics Handbook', '{"culpa duis","eu anim dolore","nisi","fugiat quis","est ullamco ea laborum ipsum","occaecat eiusmod proident except","culpa id dolor fugiat ipsum","commodo sit"}', DEFAULT, DEFAULT), ('65495df9-49dc-5680-b4b7-97fe7364e837', '811570ef-0b81-508d-ba05-2f5e812d4131', 38, 'unlisted', 'Aggressive Rush Strategy', '{"eu enim","ut nostrud quis","nostrud esse sunt","labore eiusmod Lorem laboris","consectetur sunt enim laborum","amet voluptate tempor excepteur","cupidatat nulla pariatur","amet","eiusmod aute exercitation id","sint sint"}', DEFAULT, DEFAULT), ('6a08951b-2f4b-5069-a734-056efe107e30', 'd19db439-c7e7-53a7-aa19-0db346180dc1', 37, 'unlisted', 'Aggressive Rush Strategy', '{"et enim elit","officia ex Lorem sunt","anim anim eu","laboris exercitation consequat t","incididunt cupidatat"}', DEFAULT, DEFAULT), ('d96e9820-0562-5ef0-a957-fb16e8a3cda6', '2d1d7734-be70-5d07-a538-e76c6cae722e', 36, 'unlisted', 'Team Fight Execution Plan', '{"quis deserunt","amet est tempor"}', DEFAULT, DEFAULT), ('44d39286-2c39-52c0-9fdf-811ac2ac0b4f', '2589cf16-4103-5a4f-b544-b30078083eaa', 37, 'unlisted', 'Objective Focused Strategy', '{"proident occaecat adipisicing","quis ut ut","ullamco amet et consectetur","in labore consectetur ut nulla"}', DEFAULT, DEFAULT), ('f5284b1c-c867-5bcb-ae27-b4a46054354e', '9bf2ad50-cccb-50eb-8269-3a7e78bd21f5', 35, 'unlisted', 'Jungle Control Playbook', '{"reprehenderit excepteur","deserunt proident aliqua","ad excepteur incididunt cillum","veniam voluptate dolore amet"}', DEFAULT, DEFAULT), ('748b6b6e-790a-524c-8953-9f99ff6241ea', 'b32027db-33da-5dc2-b906-e0c2a06ac683', 34, 'private', 'Early Game Dominance Guide', '{"cupidatat"}', DEFAULT, DEFAULT), ('94e59d3e-1e10-58ee-b57b-120d24970da8', '2d1d7734-be70-5d07-a538-e76c6cae722e', 35, 'private', 'Early Game Dominance Guide', '{"duis consectetur","do magna eiusmod magna","ad dolore tempor"}', DEFAULT, DEFAULT), ('a501e3c2-1df6-5f20-9532-89c5471331c6', '8a0a556f-d942-55f0-8ba8-1ffbfaf3c6d9', 38, 'private', 'Aggressive Rush Strategy', '{"elit reprehenderit fugiat repreh","consectetur aute","eiusmod ea ex ipsum irure"}', DEFAULT, DEFAULT), ('eba1549a-b3ad-5f1e-ad56-15be0771d0f9', '549980e7-3e77-5d76-b263-84664d04b209', 37, 'private', 'Roaming Support Plan', '{"elit officia ex ullamco ullamco","aliqua voluptate ad excepteur","commodo officia aliquip culpa","amet est","in mollit commodo","ullamco enim sit","laboris mollit labore aliqua","eu consequat laboris","excepteur labore sit deserunt"}', DEFAULT, DEFAULT), ('02d6bfb1-b7f1-5129-9d1b-729fd2d36ca6', '438bff0e-fd50-5c86-89ee-d397a0c0e548', 38, 'public', 'Objective Focused Strategy', '{"nostrud consequat","enim incididunt occaecat culpa m","aliqua do dolor incididunt"}', DEFAULT, DEFAULT), ('feadd401-b272-53d1-bc20-6dad4e3ffc29', '882c7ae5-914f-539d-8207-691de536097f', 32, 'private', 'Objective Focused Strategy', '{"labore","sint officia veniam est"}', DEFAULT, DEFAULT), ('f4023970-bb8c-5175-9f3e-42520be2a6af', 'd1b8f3f8-af26-5088-8712-273c28ba98f7', 34, 'unlisted', 'Baron Control Strategy', '{"do dolore labore mollit","ex ad","aute dolore","laboris eu","dolore","esse ullamco aute exercitation","ullamco nulla","anim","ea sunt","amet ullamco sit"}', DEFAULT, DEFAULT), ('ab471cfa-3489-5a6c-bf5c-82aeac3819f5', 'f52ce409-f800-5a86-b4ed-ce1a99a8a6ae', 35, 'private', 'Wave Management Plan', '{"qui","ut fugiat nostrud deserunt","mollit ea quis commodo laboris","enim","ut esse","ex ipsum","pariatur aute magna non deserunt","commodo elit aliquip"}', DEFAULT, DEFAULT), ('782d8b69-ae89-5508-b431-d9e3d4f25423', '8b7e423b-b9b9-5b3c-bf3d-1aa45d16235c', 33, 'unlisted', 'Secure Objective Playbook', '{"in veniam","minim","adipisicing et veniam","minim cillum","reprehenderit eu culpa proident","enim veniam","magna culpa et minim","commodo pariatur culpa ad"}', DEFAULT, DEFAULT), ('bfbbf302-05a7-5b0c-991e-f7c79f52034e', '9bf2ad50-cccb-50eb-8269-3a7e78bd21f5', 32, 'unlisted', 'Objective Focused Strategy', '{"consequat ad do pariatur","veniam Lorem","voluptate incididunt nulla","nulla adipisicing id","amet veniam nulla labore","enim ullamco veniam duis","ullamco qui aliqua sint","excepteur consectetur velit"}', DEFAULT, DEFAULT), ('86a9949d-fbe2-5edf-bf64-6b822a75bdc8', '2589cf16-4103-5a4f-b544-b30078083eaa', 33, 'private', 'Vision Control Blueprint', '{"anim","consectetur qui sunt aliquip","sunt esse","eu reprehenderit officia adipisi","ipsum ea esse duis reprehenderit","sint amet","tempor irure sint velit"}', DEFAULT, DEFAULT), ('3d78c871-f9be-5ceb-b04c-13f9eb63efa0', '36f6f3ba-e867-5008-b6c1-829e989f9d2f', 38, 'unlisted', 'Vision Control Blueprint', '{"sint deserunt sint","enim cillum","officia aute","enim anim aliqua"}', DEFAULT, DEFAULT), ('e5e7301c-ed7e-5267-a91e-331eeecbad04', 'a5831e58-2fc9-5b59-970d-00c344a4eb18', 35, 'unlisted', 'Map Control Blueprint', '{"ipsum consequat","cillum voluptate","sint pariatur laboris reprehende","nulla incididunt ipsum deserunt "}', DEFAULT, DEFAULT), ('e06f1954-eb7e-5811-8e85-0b7239ac60d6', '549980e7-3e77-5d76-b263-84664d04b209', 37, 'unlisted', 'Defensive Turtle Tactics', '{"culpa id amet id","deserunt ipsum","ad reprehenderit eiusmod volupta","velit incididunt"}', DEFAULT, DEFAULT), ('cbe8ef05-c651-5778-b8a6-717eee524007', 'eda91f04-12ef-5904-88aa-e6ed9a692e03', 37, 'public', 'Gank Heavy Approach', '{"ex"}', DEFAULT, DEFAULT), ('479e5b51-1e2b-5ac2-b0c4-d0fc97906c11', '98eaafd3-adbf-5a3e-adb9-b3fb6971b6f1', 37, 'unlisted', 'Late Game Scaling Strategy', '{"ipsum fugiat ullamco cupidatat v","in","enim laborum fugiat pariatur","nulla tempor"}', DEFAULT, DEFAULT), ('bcb7ae75-c1e7-50cd-ba0b-a339091eb350', '98eaafd3-adbf-5a3e-adb9-b3fb6971b6f1', 36, 'private', 'Late Game Scaling Strategy', '{"id nostrud","occaecat mollit enim veniam ulla","et et ipsum","proident quis consectetur nulla ","sint magna","adipisicing eiusmod","aliqua"}', DEFAULT, DEFAULT), ('22dccad0-36ca-5845-a1bd-b6027b406b8d', 'b7a89d05-549f-565f-b631-b59097e91d1a', 36, 'unlisted', 'Siege Tactics Handbook', '{"magna culpa velit","excepteur anim reprehenderit mag","dolore nisi nisi"}', DEFAULT, DEFAULT), ('d3293b00-a774-5f1e-99fc-e8f05eabde14', '6c52c1d9-13a4-51ef-ae51-1dacc4c14be9', 36, 'unlisted', 'Team Fight Execution Plan', '{"consectetur elit","do aute commodo do","excepteur incididunt cupidatat","Lorem ullamco minim reprehenderi","occaecat occaecat dolore","ad aliqua do ullamco","officia Lorem eiusmod"}', DEFAULT, DEFAULT), ('6822c6f8-ae35-5c57-9558-9cc55665f5cb', '91fa3874-9437-5dfa-a49a-f19fb38d9e92', 38, 'private', 'Siege Tactics Handbook', '{"tempor aute officia sit","sit culpa dolore","veniam reprehenderit","excepteur Lorem commodo","excepteur velit commodo","tempor mollit","pariatur ea sunt amet","voluptate ad consequat","tempor enim"}', DEFAULT, DEFAULT), ('8ac966bd-de46-5e4a-8401-5328d63ae1b4', '8a0a556f-d942-55f0-8ba8-1ffbfaf3c6d9', 33, 'unlisted', 'Early Game Dominance Guide', '{"sit","dolor mollit commodo commodo non","elit voluptate"}', DEFAULT, DEFAULT), ('36f6354b-1927-5b66-8fab-ef32da0e1694', 'eda91f04-12ef-5904-88aa-e6ed9a692e03', 32, 'public', 'Split Push Blueprint', '{"labore laboris","id aliqua","dolor excepteur esse consectetur","occaecat ullamco","minim sunt in"}', DEFAULT, DEFAULT), ('a3befd2b-2867-5547-af7d-2fe7d53b98ef', '98eaafd3-adbf-5a3e-adb9-b3fb6971b6f1', 37, 'unlisted', 'Vision Denial Blueprint', '{"laborum aliquip amet","esse incididunt","mollit sint elit","pariatur","esse","labore aute in"}', DEFAULT, DEFAULT), ('4d502d01-8a3a-58bc-acb8-f61c47f35e10', '8b7e423b-b9b9-5b3c-bf3d-1aa45d16235c', 32, 'unlisted', 'Siege Tactics Handbook', '{"sunt reprehenderit","labore Lorem aliqua ipsum"}', DEFAULT, DEFAULT), ('ebdf08a4-39c5-5347-ab53-e4ef0e2d1add', '2589cf16-4103-5a4f-b544-b30078083eaa', 36, 'public', 'Roaming Support Plan', '{}', DEFAULT, DEFAULT), ('4cfaa7bd-7f8e-52b6-a079-b1fc1773dccb', '1d3f740a-8c60-5c1d-aa9e-3854a33c8e1d', 33, 'private', 'Map Control Blueprint', '{"id","cupidatat","veniam mollit excepteur veniam e","fugiat","sit ad proident"}', DEFAULT, DEFAULT), ('379aa38a-0dab-5c06-8cdb-45bf5d7e2d27', '6c52c1d9-13a4-51ef-ae51-1dacc4c14be9', 38, 'unlisted', 'Split Push Blueprint', '{"reprehenderit qui laborum","incididunt fugiat cillum","reprehenderit consequat ad incid","consequat dolor mollit mollit","et nisi","laboris consequat"}', DEFAULT, DEFAULT), ('1cb4e4cf-86cc-5f46-9e77-98b857e060d9', '1e7e0bcb-4fc0-5d72-81a5-d67a74a13595', 37, 'private', 'Vision Control Blueprint', '{"esse ex","consequat qui reprehenderit cupi","elit adipisicing sunt","aliqua occaecat","proident velit ad proident","laborum labore commodo"}', DEFAULT, DEFAULT), ('f39bcc07-5eef-5435-b6e9-d947c3bae70d', 'b5605791-3389-56c2-9ec6-17d538b9bb85', 37, 'public', 'Late Game Scaling Strategy', '{"esse","dolore incididunt cupidatat id s","eu ipsum non nulla","nisi","occaecat ullamco ullamco","id tempor culpa","voluptate labore","proident sunt amet duis"}', DEFAULT, DEFAULT), ('20a16bbe-0188-55a3-8d14-7e2e6b37794e', 'b5605791-3389-56c2-9ec6-17d538b9bb85', 37, 'public', 'Split Push Blueprint', '{"ut","cillum cillum aute","dolore aliquip cillum","mollit sint ad consectetur"}', DEFAULT, DEFAULT), ('75a162e8-f427-5c64-baca-dba20bc829dd', 'ac9f0e3e-b030-584f-a8dd-87355fe22537', 34, 'unlisted', 'Objective Focused Strategy', '{"sunt amet enim sint","velit et dolore aute","consectetur nulla","deserunt do ad","eiusmod fugiat amet ipsum","officia ipsum esse reprehenderit"}', DEFAULT, DEFAULT), ('5075bfb2-60b4-588c-ba9f-cd0f3efae77e', 'a5831e58-2fc9-5b59-970d-00c344a4eb18', 37, 'public', 'Vision Denial Blueprint', '{"eu anim cupidatat do"}', DEFAULT, DEFAULT), ('329b0bda-79b1-53f3-afe7-b7495bde0220', 'eda91f04-12ef-5904-88aa-e6ed9a692e03', 33, 'public', 'Rotation Strategy Document', '{}', DEFAULT, DEFAULT), ('fc992b53-61aa-5185-8280-7863348ce734', '9b1fc781-1e4e-56d2-bd68-0dc257a319c0', 38, 'unlisted', 'Early Game Dominance Guide', '{"qui eiusmod","proident quis excepteur","nostrud aliqua aute ea proident","enim ea cillum"}', DEFAULT, DEFAULT), ('e15f78fd-c85d-5196-b441-614f0f00a652', '2d1d7734-be70-5d07-a538-e76c6cae722e', 36, 'unlisted', 'Jungle Control Playbook', '{"officia officia in nulla","ex officia cupidatat"}', DEFAULT, DEFAULT), ('27d28c73-d0c0-5545-a0d3-0f0fa8e1aca6', '19495f2f-99a6-5394-9596-a1d3fb0d3196', 32, 'unlisted', 'Roaming Support Plan', '{"sit ex est"}', DEFAULT, DEFAULT), ('bc0ae162-e51f-5f29-b5b0-87887eac9c85', '549980e7-3e77-5d76-b263-84664d04b209', 36, 'unlisted', 'Secure Objective Playbook', '{"culpa est cupidatat deserunt","non consectetur","Lorem ad occaecat occaecat","incididunt aliqua","in anim anim et","dolore","ipsum eiusmod est"}', DEFAULT, DEFAULT), ('23cfe397-d97e-55bf-af72-35043f52d2bb', '811570ef-0b81-508d-ba05-2f5e812d4131', 32, 'private', 'Objective Focused Strategy', '{"ullamco anim sunt dolore","aliqua aute","cupidatat sint culpa ea","consequat ex"}', DEFAULT, DEFAULT), ('2135e4d6-4261-59ed-a63d-11a8a55ba0c0', '98eaafd3-adbf-5a3e-adb9-b3fb6971b6f1', 36, 'unlisted', 'Wave Management Plan', '{"dolor nulla et","ipsum dolor","eu ad aliquip sit sunt","deserunt qui enim","officia id","ex pariatur ea nulla","ipsum do ullamco nisi aute","eu","ut cupidatat"}', DEFAULT, DEFAULT), ('32ca2e92-cee8-58b4-beec-0fd9742bf2df', 'a3141029-aec2-543b-b18a-49fe947e3304', 35, 'private', 'Counter Pick Blueprint', '{"officia laboris","laborum nisi esse","tempor enim","minim","nostrud","ea"}', DEFAULT, DEFAULT), ('69e335b1-cf42-5234-867f-fc3222ba0932', 'b5605791-3389-56c2-9ec6-17d538b9bb85', 38, 'public', 'Defensive Turtle Tactics', '{"minim occaecat esse ad labore","pariatur","ea et ut commodo","mollit nisi","consectetur"}', DEFAULT, DEFAULT), ('4addfd63-7007-5913-b0c6-95e35fe44af0', '549980e7-3e77-5d76-b263-84664d04b209', 38, 'unlisted', 'Defensive Turtle Tactics', '{"incididunt magna aliqua","officia dolore nulla","dolore cillum exercitation","Lorem qui Lorem cillum exercitat","elit commodo veniam","amet","do","irure cillum irure tempor mollit","aliquip commodo magna"}', DEFAULT, DEFAULT), ('29e1da9c-3bfa-53c5-8780-7032cb48ed69', '2589cf16-4103-5a4f-b544-b30078083eaa', 32, 'private', 'Aggressive Rush Strategy', '{"pariatur in labore","occaecat dolore","esse incididunt non voluptate au","consectetur velit est","commodo labore laborum","consectetur commodo"}', DEFAULT, DEFAULT), ('0fe3263a-4b99-5049-afdd-8a29336988d1', '91434b27-2651-5429-8f42-45c3f8e334a0', 33, 'private', 'Defensive Turtle Tactics', '{"occaecat mollit adipisicing dolo","dolor Lorem","consectetur id","proident laboris","officia deserunt ex","enim qui esse Lorem","laboris pariatur","tempor fugiat laboris","nostrud ea reprehenderit ea"}', DEFAULT, DEFAULT), ('de533318-8238-5b98-90fa-7923fbda78df', '1d3f740a-8c60-5c1d-aa9e-3854a33c8e1d', 37, 'public', 'Aggressive Rush Strategy', '{"quis non cupidatat quis","pariatur nostrud excepteur","exercitation esse","cillum culpa id est reprehenderi","irure id pariatur velit","exercitation"}', DEFAULT, DEFAULT), ('91b0fe2a-8d53-5dfa-804e-dadbd5fed2f0', 'b7a89d05-549f-565f-b631-b59097e91d1a', 34, 'unlisted', 'Roaming Support Plan', '{"cillum aute"}', DEFAULT, DEFAULT), ('f2da91e9-e150-5eba-811a-769c8b464b2d', '9b1fc781-1e4e-56d2-bd68-0dc257a319c0', 38, 'private', 'Aggressive Rush Strategy', '{"officia est incididunt aliqua","anim ipsum","proident amet ipsum id sunt","culpa dolor quis culpa"}', DEFAULT, DEFAULT), ('830462ad-e07d-578c-9343-4c2f3f3f896d', '1d3f740a-8c60-5c1d-aa9e-3854a33c8e1d', 38, 'public', 'Aggressive Rush Strategy', '{"nostrud adipisicing exercitation","irure velit et dolore","in dolore cillum nostrud","culpa sint incididunt irure","enim ipsum dolor ipsum amet","do nulla excepteur"}', DEFAULT, DEFAULT), ('e4d512a0-9012-54c8-a0de-d2cfb46cc4e7', '1d3f740a-8c60-5c1d-aa9e-3854a33c8e1d', 35, 'private', 'Gank Heavy Approach', '{"elit occaecat excepteur dolor","ut adipisicing"}', DEFAULT, DEFAULT), ('8fc4ec28-bbda-57ff-86ae-02acc462e7a3', '1d3f740a-8c60-5c1d-aa9e-3854a33c8e1d', 37, 'unlisted', 'Split Push Blueprint', '{"cupidatat excepteur elit magna","duis deserunt cupidatat","amet consectetur est","adipisicing et nostrud","elit nisi proident excepteur","deserunt ullamco"}', DEFAULT, DEFAULT), ('46cb3ac1-56db-5482-a77b-488299529f1c', '9b1fc781-1e4e-56d2-bd68-0dc257a319c0', 36, 'unlisted', 'Roaming Support Plan', '{"magna","veniam nostrud deserunt eiusmod","duis elit consequat et","veniam adipisicing ex amet","mollit pariatur occaecat fugiat","quis","anim ea labore proident","non sit","eu"}', DEFAULT, DEFAULT), ('ca6dab04-25c1-5208-bf77-9e5162704420', '36f6f3ba-e867-5008-b6c1-829e989f9d2f', 38, 'private', 'Wave Management Plan', '{"eiusmod","ea","consectetur ut Lorem","amet enim voluptate","duis id","officia proident proident aliqui","eiusmod aliqua"}', DEFAULT, DEFAULT), ('54485efb-a52b-5ef1-8d37-32b22dc487d0', 'eda91f04-12ef-5904-88aa-e6ed9a692e03', 37, 'private', 'Defensive Turtle Tactics', '{"ea nulla nisi","dolore pariatur exercitation par","ipsum quis nulla fugiat","incididunt"}', DEFAULT, DEFAULT), ('1fa8fec1-5ed8-5fb9-afc2-a5a8eea61a64', 'a5831e58-2fc9-5b59-970d-00c344a4eb18', 36, 'public', 'Gank Heavy Approach', '{"eiusmod consectetur nisi adipisi","nostrud","ad reprehenderit ea amet officia","reprehenderit ipsum","commodo tempor"}', DEFAULT, DEFAULT), ('21212b38-5327-5020-9dc6-3fca09a6128f', '9a184097-b9bc-5f22-ba40-6c62e83423ab', 37, 'unlisted', 'Baron Control Strategy', '{"voluptate","qui sunt fugiat aliqua Lorem","reprehenderit ullamco","velit enim reprehenderit minim"}', DEFAULT, DEFAULT), ('b22cc198-1bf7-5cc9-b682-385ac5f11217', '29b47b7e-4cec-5d5a-b93d-172770b57ed6', 32, 'unlisted', 'Map Control Blueprint', '{"enim adipisicing","adipisicing ea ullamco elit","aliquip ea","consectetur aute elit tempor","consequat quis ipsum velit enim","dolore","excepteur dolor elit","duis amet occaecat aliqua","est velit","esse excepteur"}', DEFAULT, DEFAULT), ('07d77b7a-f8bb-53ab-8750-034a7dc2bcb0', 'b5605791-3389-56c2-9ec6-17d538b9bb85', 35, 'unlisted', 'Defensive Turtle Tactics', '{"veniam consectetur","exercitation do"}', DEFAULT, DEFAULT), ('f7f63dc3-d8b7-5f42-b802-636e4e3f43bb', 'ac9f0e3e-b030-584f-a8dd-87355fe22537', 38, 'private', 'Split Push Blueprint', '{"nulla","do cillum"}', DEFAULT, DEFAULT), ('a1dd34cc-747e-59d2-bb04-592165ee24b7', '9a184097-b9bc-5f22-ba40-6c62e83423ab', 34, 'private', 'Late Game Scaling Strategy', '{"tempor est","non ut reprehenderit"}', DEFAULT, DEFAULT), ('b111722b-fdf4-55f7-a1ea-183bf540f7e3', 'a5831e58-2fc9-5b59-970d-00c344a4eb18', 35, 'unlisted', 'Jungle Control Playbook', '{"voluptate exercitation ipsum rep","tempor culpa nostrud esse","officia id est","laboris","sunt","incididunt et voluptate nostrud ","irure amet pariatur","fugiat pariatur","quis culpa","sunt velit consequat"}', DEFAULT, DEFAULT), ('de288e5e-33f8-5b49-9dad-83fa7d46ac0d', '8b7e423b-b9b9-5b3c-bf3d-1aa45d16235c', 37, 'private', 'Late Game Scaling Strategy', '{"cupidatat et et exercitation","culpa sit qui","et elit","laborum qui ea nisi","ad nostrud sit","reprehenderit fugiat aute","proident reprehenderit","est adipisicing consectetur pari","nulla deserunt magna aliquip nis"}', DEFAULT, DEFAULT), ('f1ab7f2e-7a01-59f1-b811-78e3b78b40bc', '8a0a556f-d942-55f0-8ba8-1ffbfaf3c6d9', 37, 'private', 'Vision Denial Blueprint', '{"deserunt","laboris eu","aliquip laborum consequat est","culpa excepteur consequat nisi","duis est Lorem voluptate"}', DEFAULT, DEFAULT), ('e0783de7-ca51-5f0a-a7ac-8dcd533efd10', '8b7e423b-b9b9-5b3c-bf3d-1aa45d16235c', 38, 'unlisted', 'Rotation Strategy Document', '{"mollit aliqua occaecat elit exce","minim nostrud","consectetur officia ea","deserunt sunt aute amet tempor","laborum Lorem occaecat ullamco","do aute","dolore nulla culpa minim consequ","culpa eiusmod in minim cupidatat","nostrud amet Lorem"}', DEFAULT, DEFAULT), ('c3238b63-2dda-5915-8ca5-773255a1cfad', 'a88bc9b9-135e-55c7-8c4c-5a072a3c8573', 33, 'private', 'Defensive Turtle Tactics', '{"minim nisi ex","qui est et"}', DEFAULT, DEFAULT), ('7b1aca75-d87e-55c4-87f7-005fafbadfdb', '6c52c1d9-13a4-51ef-ae51-1dacc4c14be9', 38, 'public', 'Wave Management Plan', '{"quis ut","occaecat elit officia veniam","nulla ipsum eu","anim Lorem sunt nulla","do dolor et sint","ipsum id dolore","dolore","excepteur nisi elit"}', DEFAULT, DEFAULT), ('106d238e-2ba4-525c-8d85-994f8dfb2984', '2589cf16-4103-5a4f-b544-b30078083eaa', 37, 'unlisted', 'Gank Heavy Approach', '{"commodo","enim Lorem","nostrud nulla sit fugiat"}', DEFAULT, DEFAULT), ('72f05d50-2802-535d-af55-29384395d238', 'ca65e33b-de71-5d46-933a-849036127987', 32, 'unlisted', 'Rotation Strategy Document', '{"proident nulla labore minim qui","occaecat dolor consequat","nulla duis anim","aliqua exercitation non","ut consectetur incididunt","nulla","non in amet fugiat","aute sunt aute","nisi Lorem"}', DEFAULT, DEFAULT), ('f914b2f3-d88a-52e4-ac43-1ef8cffb4d34', '2d1d7734-be70-5d07-a538-e76c6cae722e', 33, 'public', 'Map Control Blueprint', '{"est culpa","incididunt id exercitation","cillum Lorem","ullamco sunt"}', DEFAULT, DEFAULT), ('c620930b-8f59-50ae-bf46-b1a3aca28f0a', '6c52c1d9-13a4-51ef-ae51-1dacc4c14be9', 38, 'unlisted', 'Map Control Blueprint', '{"amet dolor labore mollit in","ullamco","ad commodo ullamco anim","commodo ipsum veniam","eu","minim eu","dolor esse sunt ex ad","excepteur consequat eu","labore aliquip"}', DEFAULT, DEFAULT), ('c78418ab-6a36-52f6-ad32-89289156138c', '2d1d7734-be70-5d07-a538-e76c6cae722e', 33, 'public', 'Vision Denial Blueprint', '{"nisi adipisicing","magna ex veniam commodo culpa","nostrud officia","proident do amet","eu est dolore","sit pariatur officia aute","dolor non ex tempor","deserunt Lorem","culpa adipisicing ea"}', DEFAULT, DEFAULT), ('ed7bef30-09b5-5167-a122-9b398a76eaef', 'b5605791-3389-56c2-9ec6-17d538b9bb85', 32, 'unlisted', 'Aggressive Rush Strategy', '{"magna veniam","excepteur aliqua velit","Lorem","Lorem elit"}', DEFAULT, DEFAULT), ('ecddf116-85cf-5aef-8c73-6e5963680c88', '811570ef-0b81-508d-ba05-2f5e812d4131', 35, 'private', 'Roaming Support Plan', '{"esse","id duis sint minim","proident nulla duis Lorem","exercitation et"}', DEFAULT, DEFAULT), ('5bb46529-9916-530c-88e4-31ac6d441591', '8a0a556f-d942-55f0-8ba8-1ffbfaf3c6d9', 36, 'private', 'Late Game Scaling Strategy', '{"consequat qui labore ad mollit","dolor irure dolor eu ad"}', DEFAULT, DEFAULT), ('8b092693-9a40-5f6a-a57b-3c3e9f5288f7', '98eaafd3-adbf-5a3e-adb9-b3fb6971b6f1', 36, 'private', 'Defensive Turtle Tactics', '{"duis nulla nostrud cillum","dolor ea"}', DEFAULT, DEFAULT), ('65d96d53-ecd8-5cb9-a3d4-a2842c9c629f', '91fa3874-9437-5dfa-a49a-f19fb38d9e92', 36, 'private', 'Vision Denial Blueprint', '{"aliquip exercitation excepteur c","ullamco Lorem cillum eu nostrud","occaecat","aute ea aliquip","deserunt nostrud"}', DEFAULT, DEFAULT), ('672c681b-4325-56a5-8413-28facb838b89', '549980e7-3e77-5d76-b263-84664d04b209', 38, 'unlisted', 'Wave Management Plan', '{"id reprehenderit qui","officia qui"}', DEFAULT, DEFAULT), ('49d19d37-5ee3-59d0-a985-37b5b703ceb0', '1d3f740a-8c60-5c1d-aa9e-3854a33c8e1d', 35, 'public', 'Team Fight Execution Plan', '{"consectetur in proident nostrud ","sit sint dolor voluptate"}', DEFAULT, DEFAULT), ('66e9d7dd-018c-5299-8470-9f074683bd55', '98eaafd3-adbf-5a3e-adb9-b3fb6971b6f1', 32, 'unlisted', 'Early Game Dominance Guide', '{"voluptate nulla velit esse minim","nostrud proident sint excepteur","id in id minim","Lorem sit eu","sit Lorem","consectetur proident"}', DEFAULT, DEFAULT), ('d4a93045-0519-5ae2-8bd3-51a7d07f2b97', '438bff0e-fd50-5c86-89ee-d397a0c0e548', 37, 'private', 'Split Push Blueprint', '{"culpa exercitation","nulla","sit et dolor","anim nisi","excepteur quis aute","officia mollit consectetur irure","est amet elit laborum"}', DEFAULT, DEFAULT), ('b5bd1f0b-0be5-592a-87b7-65db36f2fa17', '19495f2f-99a6-5394-9596-a1d3fb0d3196', 35, 'unlisted', 'Aggressive Rush Strategy', '{"ipsum amet ut","veniam culpa","incididunt Lorem elit","do"}', DEFAULT, DEFAULT), ('902168ab-57a5-5714-b589-ecf1bd6d2517', '438bff0e-fd50-5c86-89ee-d397a0c0e548', 36, 'unlisted', 'Vision Control Blueprint', '{"nostrud aute duis","magna ex voluptate","adipisicing et pariatur ea offic","minim culpa","exercitation dolor cupidatat qui","occaecat","nostrud adipisicing cupidatat","officia duis"}', DEFAULT, DEFAULT), ('8e1b1af0-d36a-5958-9b32-c8f59e8edaf9', '1d3f740a-8c60-5c1d-aa9e-3854a33c8e1d', 33, 'private', 'Objective Focused Strategy', '{"adipisicing aliqua ipsum aliqua ","aute et ex","cupidatat velit consequat aliqua","et","in veniam duis","irure esse ea","cupidatat proident"}', DEFAULT, DEFAULT), ('9ca1e23a-7fd9-5be2-b14a-5f50a52fda0a', 'd1b8f3f8-af26-5088-8712-273c28ba98f7', 36, 'private', 'Counter Pick Blueprint', '{"ut eiusmod duis","nulla","Lorem","proident sit","anim reprehenderit","reprehenderit","aliquip tempor deserunt"}', DEFAULT, DEFAULT), ('b458c0d2-4d21-597a-9d7c-522e47032d79', '2589cf16-4103-5a4f-b544-b30078083eaa', 33, 'unlisted', 'Siege Tactics Handbook', '{"ut dolor","nulla in ut","labore in proident","veniam dolore irure et","exercitation id pariatur excepte","commodo id do","nisi quis in consectetur"}', DEFAULT, DEFAULT), ('aeae5590-e6d3-5c02-8a1c-40a6bcf61bd6', '91fa3874-9437-5dfa-a49a-f19fb38d9e92', 37, 'private', 'Vision Control Blueprint', '{"labore commodo velit","adipisicing excepteur","quis sit esse nisi do"}', DEFAULT, DEFAULT), ('e62ff15d-b4e8-5f8b-b8c8-56d105c9d705', '1e7e0bcb-4fc0-5d72-81a5-d67a74a13595', 35, 'private', 'Defensive Turtle Tactics', '{"dolore cupidatat","tempor minim dolore sunt","cupidatat dolor dolor qui","mollit eiusmod","ea occaecat velit exercitation","occaecat pariatur non tempor","nulla exercitation laboris velit","labore mollit esse aliqua"}', DEFAULT, DEFAULT), ('2650d5c8-a9d2-57ad-a70d-8c89cf994021', '2d1d7734-be70-5d07-a538-e76c6cae722e', 36, 'private', 'Vision Denial Blueprint', '{"amet nulla","ad id magna enim","nisi voluptate","sint voluptate","anim ut occaecat","ex","aliquip dolore","qui incididunt","mollit cillum Lorem"}', DEFAULT, DEFAULT), ('57851dd8-0d7e-5b03-b70f-32940ae107ce', '98eaafd3-adbf-5a3e-adb9-b3fb6971b6f1', 38, 'unlisted', 'Team Fight Execution Plan', '{"irure culpa","ut adipisicing in dolore","duis nisi id irure","et ad aute","anim","aute cupidatat culpa","duis sunt esse exercitation"}', DEFAULT, DEFAULT), ('0bb88883-c32b-547d-bac2-9dcbf9437722', '91434b27-2651-5429-8f42-45c3f8e334a0', 34, 'unlisted', 'Vision Control Blueprint', '{"sint sint nisi","non id est","labore labore","consectetur laborum"}', DEFAULT, DEFAULT), ('f2096d39-9bcd-5cc9-af38-3924bad39e01', 'f52ce409-f800-5a86-b4ed-ce1a99a8a6ae', 35, 'unlisted', 'Aggressive Rush Strategy', '{"duis","incididunt aute dolor","laboris commodo reprehenderit ve","in aute voluptate non","laboris fugiat quis quis","id est tempor ea","consectetur enim consequat ex","sunt occaecat"}', DEFAULT, DEFAULT), ('cdc85c53-30bc-5c6e-91cc-2af72696e64b', '36f6f3ba-e867-5008-b6c1-829e989f9d2f', 33, 'private', 'Objective Focused Strategy', '{"id eu","aliqua"}', DEFAULT, DEFAULT), ('a0fe813c-8a2e-57ff-8950-530eb72350cc', '6c52c1d9-13a4-51ef-ae51-1dacc4c14be9', 35, 'public', 'Aggressive Rush Strategy', '{"magna irure est adipisicing comm","enim in quis sint","et amet ex dolor","sit eu mollit mollit occaecat","irure nulla","deserunt dolor occaecat dolore","dolore tempor duis veniam","duis ipsum magna","et aute sunt reprehenderit esse"}', DEFAULT, DEFAULT), ('3dcb1c72-1f38-50a2-8a79-9f8b83862a0b', 'a5831e58-2fc9-5b59-970d-00c344a4eb18', 38, 'public', 'Baron Control Strategy', '{"ad commodo","cillum eu ad labore","culpa irure","nulla do","ipsum officia nisi","ea"}', DEFAULT, DEFAULT), ('b529db67-e1b4-5e7d-9a32-267867bbcbad', 'ac9f0e3e-b030-584f-a8dd-87355fe22537', 35, 'public', 'Early Game Dominance Guide', '{"laborum nulla do","exercitation","occaecat","elit dolore","qui deserunt irure qui deserunt","nostrud ullamco ex","adipisicing amet minim labore co","excepteur officia"}', DEFAULT, DEFAULT), ('89b21cb6-fbf3-585a-b9c1-304fad97258b', '9a184097-b9bc-5f22-ba40-6c62e83423ab', 36, 'unlisted', 'Vision Control Blueprint', '{"commodo culpa pariatur","fugiat enim amet voluptate","qui cupidatat reprehenderit ut","sunt eu in","tempor exercitation tempor in","officia ipsum culpa","anim"}', DEFAULT, DEFAULT), ('8af27ce1-15c1-5703-a4c5-07ea669df0c7', 'b32027db-33da-5dc2-b906-e0c2a06ac683', 34, 'public', 'Late Game Scaling Strategy', '{"ad minim ullamco","anim mollit ullamco","culpa sunt qui","deserunt in irure amet","esse adipisicing nostrud non","est irure","velit elit"}', DEFAULT, DEFAULT), ('e9960db1-b450-5d20-820c-87fab4f40dc8', 'a5831e58-2fc9-5b59-970d-00c344a4eb18', 33, 'private', 'Vision Control Blueprint', '{"voluptate voluptate et ea","qui labore","nostrud quis irure occaecat","quis non esse","exercitation magna culpa in","laboris","eiusmod commodo","voluptate culpa ea enim"}', DEFAULT, DEFAULT), ('2dd10f1f-4836-53b2-b2b6-ae71861e43d0', 'ac9f0e3e-b030-584f-a8dd-87355fe22537', 32, 'private', 'Roaming Support Plan', '{"enim occaecat quis cupidatat","veniam officia","veniam ex in dolore","aliquip sint sit","non labore commodo aliqua sint"}', DEFAULT, DEFAULT), ('09d4e842-df61-577d-8d06-00daf3b676e2', '91fa3874-9437-5dfa-a49a-f19fb38d9e92', 35, 'unlisted', 'Early Game Dominance Guide', '{"proident sint","ex laboris est aliqua","velit laboris ad officia","laborum aliqua consequat","pariatur amet","laboris ut","aute eiusmod","veniam"}', DEFAULT, DEFAULT), ('6fe4789e-9a02-5c94-8c81-5bb4cffd7850', '19495f2f-99a6-5394-9596-a1d3fb0d3196', 33, 'public', 'Siege Tactics Handbook', '{"ea ex","occaecat","elit esse deserunt","nisi pariatur incididunt et","dolor et aliquip","magna ex sit","velit nisi sit voluptate"}', DEFAULT, DEFAULT), ('62834a20-27ac-5894-8947-a4e2ffb67f5b', 'd1b8f3f8-af26-5088-8712-273c28ba98f7', 38, 'unlisted', 'Rotation Strategy Document', '{"qui id minim","deserunt labore velit","nulla","proident officia amet","deserunt enim do","amet voluptate","occaecat nulla culpa aliqua occa","mollit ullamco dolore ad","deserunt do aliquip non"}', DEFAULT, DEFAULT), ('ce25e6d7-50b4-50c3-8210-685ee22346f3', '1d3f740a-8c60-5c1d-aa9e-3854a33c8e1d', 38, 'unlisted', 'Gank Heavy Approach', '{"minim cillum","ad incididunt in ipsum","dolore mollit cillum","officia sunt esse consectetur","laboris proident","magna nisi magna","dolor"}', DEFAULT, DEFAULT), ('a4e4a518-fb32-53bf-9d1c-f336f8cd8c45', 'ca65e33b-de71-5d46-933a-849036127987', 36, 'public', 'Late Game Scaling Strategy', '{"exercitation aute ullamco","non nostrud consectetur culpa es"}', DEFAULT, DEFAULT), ('d5862a76-70cd-55db-a302-365d7ec101f5', 'b7a89d05-549f-565f-b631-b59097e91d1a', 38, 'public', 'Wave Management Plan', '{"non","aliqua pariatur elit commodo sun","qui officia","esse","ea non magna","enim eiusmod laborum et","ullamco adipisicing","exercitation reprehenderit deser","officia irure fugiat","mollit irure tempor ut"}', DEFAULT, DEFAULT), ('fff5567f-d4a5-542e-ba70-1119521ca0cb', 'a5831e58-2fc9-5b59-970d-00c344a4eb18', 33, 'public', 'Defensive Turtle Tactics', '{"tempor laboris aliquip","incididunt","minim","ut","eiusmod","dolor"}', DEFAULT, DEFAULT), ('48abaf7b-d65e-5371-8d5f-1be4621911e6', '9b1fc781-1e4e-56d2-bd68-0dc257a319c0', 33, 'unlisted', 'Baron Control Strategy', '{"occaecat cillum reprehenderit","cupidatat commodo in","duis laborum","nostrud duis voluptate","do nisi","cillum voluptate","dolor non laborum"}', DEFAULT, DEFAULT), ('05b8ebd6-06e1-5ce6-85d9-1fda124d11b0', 'f52ce409-f800-5a86-b4ed-ce1a99a8a6ae', 34, 'unlisted', 'Objective Focused Strategy', '{"enim nisi minim","esse sit dolore est"}', DEFAULT, DEFAULT), ('be5a4c70-a4ff-57c0-8c2c-437a6d77f25c', '2d1d7734-be70-5d07-a538-e76c6cae722e', 33, 'public', 'Vision Denial Blueprint', '{"consequat quis","aliqua occaecat","ipsum","qui quis","ea fugiat","id consectetur sint adipisicing","exercitation magna ipsum"}', DEFAULT, DEFAULT), ('e6ff83af-5ec2-537d-b04b-784bd77a5871', '91fa3874-9437-5dfa-a49a-f19fb38d9e92', 35, 'private', 'Split Push Blueprint', '{"exercitation voluptate laboris","enim proident","incididunt aliquip","aute consectetur sit et mollit","anim amet","adipisicing irure"}', DEFAULT, DEFAULT), ('dc9bffb4-1647-5c5d-8c1f-d89500e89900', 'b32027db-33da-5dc2-b906-e0c2a06ac683', 36, 'unlisted', 'Defensive Turtle Tactics', '{"laboris culpa","cillum sint","elit nisi","aute nulla velit","mollit do fugiat minim","voluptate id tempor aute laborum","in sit nisi qui"}', DEFAULT, DEFAULT), ('ec767a01-17bb-518c-9633-78ebc8caded3', '9a184097-b9bc-5f22-ba40-6c62e83423ab', 33, 'private', 'Baron Control Strategy', '{"fugiat consectetur fugiat","sit","ut sunt","dolor","non adipisicing officia ut ut","exercitation sunt deserunt tempo","consequat in exercitation veniam","officia proident sint mollit mag","duis labore"}', DEFAULT, DEFAULT), ('6c642b40-bb15-55fa-9319-9c100d27adc7', '29b47b7e-4cec-5d5a-b93d-172770b57ed6', 36, 'private', 'Vision Denial Blueprint', '{"in pariatur","aliquip et et esse","esse ad pariatur dolor","aute est velit aute","ipsum pariatur aute","qui ad sint consequat","excepteur labore ad"}', DEFAULT, DEFAULT), ('197f52e9-f9b3-54a3-a900-9ddcd2cd98d5', '2d1d7734-be70-5d07-a538-e76c6cae722e', 33, 'unlisted', 'Vision Control Blueprint', '{"nisi","non aliquip Lorem","aliqua enim","esse do pariatur"}', DEFAULT, DEFAULT), ('b239ffdb-847f-5400-b1f9-97e186ea36bc', 'b7a89d05-549f-565f-b631-b59097e91d1a', 33, 'private', 'Wave Management Plan', '{"et magna consequat aliqua nulla"}', DEFAULT, DEFAULT), ('c3124970-b58c-5748-8a01-4ba1d7466b2b', 'eda91f04-12ef-5904-88aa-e6ed9a692e03', 38, 'unlisted', 'Objective Focused Strategy', '{"exercitation sunt","occaecat minim est consectetur o","laborum ea","officia culpa in incididunt"}', DEFAULT, DEFAULT), ('2fbdef88-7d4a-5528-bb59-74f725709563', '6c52c1d9-13a4-51ef-ae51-1dacc4c14be9', 34, 'private', 'Map Control Blueprint', '{"quis magna","aliquip ea"}', DEFAULT, DEFAULT), ('a03637de-3a86-5f2c-a9a1-71bb222f301f', '438bff0e-fd50-5c86-89ee-d397a0c0e548', 34, 'private', 'Aggressive Rush Strategy', '{"commodo eiusmod et irure","tempor excepteur ipsum proident","tempor eu veniam cillum","culpa et","culpa non laborum","reprehenderit nostrud ad velit","consequat velit","magna adipisicing"}', DEFAULT, DEFAULT), ('536d5b0c-dc7c-598f-8fa0-b21c4cd85d48', 'd1b8f3f8-af26-5088-8712-273c28ba98f7', 37, 'unlisted', 'Counter Pick Blueprint', '{"consectetur excepteur ea et inci","ex laborum","veniam anim duis","dolor excepteur dolor","non nulla id","enim exercitation","sunt do minim qui qui","nostrud sit exercitation deserun","do dolore est aliqua"}', DEFAULT, DEFAULT), ('f04b6b4b-d5ea-517f-8a7d-71713980487c', '1d3f740a-8c60-5c1d-aa9e-3854a33c8e1d', 32, 'unlisted', 'Rotation Strategy Document', '{"adipisicing dolore reprehenderit","occaecat laboris ut","exercitation elit magna irure do","adipisicing do ad","magna enim incididunt","commodo Lorem","excepteur mollit quis culpa"}', DEFAULT, DEFAULT), ('363e1d5b-f7b0-5ee0-a43a-f471f9cf9338', 'a88bc9b9-135e-55c7-8c4c-5a072a3c8573', 38, 'private', 'Late Game Scaling Strategy', '{"adipisicing reprehenderit fugiat","pariatur eiusmod adipisicing iru","dolore do","minim officia aliqua aliqua exer","occaecat","id dolore amet nostrud"}', DEFAULT, DEFAULT), ('edcc2203-6787-52aa-bc0b-a6dcc59388be', '549980e7-3e77-5d76-b263-84664d04b209', 35, 'public', 'Vision Control Blueprint', '{"laborum","eiusmod Lorem"}', DEFAULT, DEFAULT), ('474b1c92-271b-5e78-878e-3e82398a6e7c', '882c7ae5-914f-539d-8207-691de536097f', 35, 'unlisted', 'Jungle Control Playbook', '{"irure","mollit","aliquip reprehenderit","est dolore ad occaecat","quis deserunt","ea","magna occaecat irure nisi","amet aute sunt nisi"}', DEFAULT, DEFAULT), ('8997d96a-4a2f-5fcd-a0a2-88e875f8bba7', '549980e7-3e77-5d76-b263-84664d04b209', 33, 'unlisted', 'Split Push Blueprint', '{"eiusmod sint","aute adipisicing irure labore ad","labore tempor","nostrud deserunt ut velit","labore exercitation non in","aute eu duis quis"}', DEFAULT, DEFAULT), ('f61f0c83-60cb-5fa8-a27a-67e606b63adb', '6c52c1d9-13a4-51ef-ae51-1dacc4c14be9', 37, 'private', 'Defensive Turtle Tactics', '{"eiusmod qui incididunt magna sin","in labore","labore voluptate laborum pariatu","nulla anim nisi ad pariatur","dolore anim sit anim","culpa ex tempor ad","eiusmod eiusmod in non","officia consectetur"}', DEFAULT, DEFAULT), ('30d213ab-4615-5d8b-abee-5b4875c8bfdf', 'd297ab9e-40d4-51b5-bb8f-a1df399f1a9a', 37, 'private', 'Roaming Support Plan', '{"enim nulla","laboris irure anim","enim qui commodo elit","consequat excepteur id","dolore"}', DEFAULT, DEFAULT), ('7d042aff-1b5b-531f-917f-48f2d58d33c7', '882c7ae5-914f-539d-8207-691de536097f', 37, 'private', 'Team Fight Execution Plan', '{"dolore minim non","non dolor sit enim","consequat eu","dolore aute","velit incididunt amet","in voluptate nulla","est elit aliqua et","sunt"}', DEFAULT, DEFAULT), ('30e1e77d-2bcf-5591-97ec-d99bd552d8f0', 'd9bba68a-079c-5141-bd43-756b87167584', 33, 'public', 'Vision Denial Blueprint', '{"ullamco tempor reprehenderit ips","eiusmod sit","nisi ad aliquip","excepteur mollit","aute","esse reprehenderit irure duis","eiusmod eu"}', DEFAULT, DEFAULT), ('d53a4a7c-125e-52cd-8ba3-aa3916f71140', '29b47b7e-4cec-5d5a-b93d-172770b57ed6', 35, 'unlisted', 'Vision Control Blueprint', '{"minim tempor nulla","velit exercitation nostrud","in anim velit","proident sit","exercitation elit duis commodo v","anim","dolor sunt aute occaecat nisi"}', DEFAULT, DEFAULT), ('47f797b2-50c1-56af-abe6-0081dabe5efd', '5ef5a669-7ca0-5a58-879f-c84c6abe3657', 37, 'private', 'Counter Pick Blueprint', '{"minim","officia adipisicing dolore conse","consequat veniam culpa"}', DEFAULT, DEFAULT), ('3ebbec39-d360-5461-b442-70abf723c8b8', 'f52ce409-f800-5a86-b4ed-ce1a99a8a6ae', 34, 'private', 'Aggressive Rush Strategy', '{"elit fugiat dolore veniam ad","labore consectetur laborum Lorem"}', DEFAULT, DEFAULT), ('3821efb6-356e-53bd-8a0b-239426475be5', '8b7e423b-b9b9-5b3c-bf3d-1aa45d16235c', 38, 'public', 'Siege Tactics Handbook', '{"culpa","incididunt non","cillum minim est proident","eiusmod excepteur veniam ullamco","anim nulla","ad nostrud aliqua elit","cillum culpa nostrud officia"}', DEFAULT, DEFAULT), ('f62571e6-585e-5709-b04e-861b7f3db2d2', '8a0a556f-d942-55f0-8ba8-1ffbfaf3c6d9', 35, 'public', 'Roaming Support Plan', '{"qui voluptate aute","pariatur aliqua","ipsum et","laborum dolore laboris ipsum","incididunt ullamco qui aliqua"}', DEFAULT, DEFAULT), ('f706ef0d-b4c8-54ee-ba4a-8f6af14717f8', '2d1d7734-be70-5d07-a538-e76c6cae722e', 38, 'unlisted', 'Counter Pick Blueprint', '{"adipisicing est occaecat","laboris","eiusmod laborum","magna adipisicing cupidatat","ex culpa non"}', DEFAULT, DEFAULT), ('da6a602b-9dc0-5e13-87e9-323f368838a2', '19495f2f-99a6-5394-9596-a1d3fb0d3196', 32, 'unlisted', 'Gank Heavy Approach', '{"excepteur consequat","mollit elit","ad amet","anim incididunt","et culpa commodo dolore","cillum"}', DEFAULT, DEFAULT), ('ae022a2e-97fe-53d7-ace2-f700a65995e2', '2589cf16-4103-5a4f-b544-b30078083eaa', 35, 'unlisted', 'Jungle Control Playbook', '{"ad culpa ullamco","dolor adipisicing","ex deserunt proident adipisicing","sunt enim ut","voluptate ullamco ad officia Lor","cillum laborum exercitation moll","ipsum voluptate et ut","reprehenderit sint"}', DEFAULT, DEFAULT), ('7f27719e-c551-5cfa-ab24-3e6a917bc77f', '811570ef-0b81-508d-ba05-2f5e812d4131', 33, 'public', 'Vision Control Blueprint', '{}', DEFAULT, DEFAULT), ('a7afe8c7-8469-5a59-9246-cc18b3ce4b7b', '6c52c1d9-13a4-51ef-ae51-1dacc4c14be9', 38, 'private', 'Baron Control Strategy', '{"incididunt irure quis cillum est","velit amet"}', DEFAULT, DEFAULT), ('8111ec5f-e01a-5ad1-b89a-b7a64419e202', 'b5605791-3389-56c2-9ec6-17d538b9bb85', 36, 'public', 'Vision Denial Blueprint', '{"proident elit nostrud excepteur","proident","incididunt voluptate nostrud do ","labore exercitation cupidatat ni","mollit sunt pariatur"}', DEFAULT, DEFAULT), ('af41c136-c26c-5e1c-81f1-2d9f923ca606', '19495f2f-99a6-5394-9596-a1d3fb0d3196', 38, 'public', 'Aggressive Rush Strategy', '{"non laboris nostrud magna magna","amet eu pariatur","voluptate reprehenderit","nulla deserunt voluptate laboris"}', DEFAULT, DEFAULT), ('7594efe5-aff1-5874-a5ed-4a9edc7b66bf', '549980e7-3e77-5d76-b263-84664d04b209', 33, 'unlisted', 'Defensive Turtle Tactics', '{"laboris laborum quis do exercita","tempor velit tempor","dolore occaecat","incididunt est tempor cillum","voluptate exercitation irure eu ","irure"}', DEFAULT, DEFAULT), ('ee2f9514-a689-5e06-84f0-7f27b56a3774', '549980e7-3e77-5d76-b263-84664d04b209', 38, 'private', 'Aggressive Rush Strategy', '{"incididunt nulla elit Lorem","commodo nulla adipisicing labori","amet","laboris","in proident eiusmod tempor tempo","est magna","sit et"}', DEFAULT, DEFAULT), ('59ac239c-144e-5ca7-b3e8-b97418726740', 'ca65e33b-de71-5d46-933a-849036127987', 36, 'unlisted', 'Early Game Dominance Guide', '{"consequat ea anim consequat","consectetur","exercitation voluptate amet","cillum amet sunt ea","duis labore magna nulla duis","est ut sit ut","culpa consectetur occaecat"}', DEFAULT, DEFAULT), ('7992b22f-6c16-50ae-ae54-fd84bedb78e7', '1e7e0bcb-4fc0-5d72-81a5-d67a74a13595', 33, 'public', 'Jungle Control Playbook', '{"dolore voluptate pariatur","commodo incididunt","aliquip in ut officia","et amet","ut cillum exercitation","dolor sint"}', DEFAULT, DEFAULT), ('eeb6a56c-bf20-5164-a9c4-2438947a1635', '91fa3874-9437-5dfa-a49a-f19fb38d9e92', 32, 'public', 'Split Push Blueprint', '{"commodo est velit ut","aliqua cupidatat exercitation ni","veniam duis velit","exercitation deserunt incididunt","et nulla reprehenderit","culpa veniam","dolore in officia sint","do ullamco nisi"}', DEFAULT, DEFAULT), ('ba263b84-62af-5be6-a1da-34f8a9b1c708', '5ef5a669-7ca0-5a58-879f-c84c6abe3657', 36, 'public', 'Team Fight Execution Plan', '{"elit"}', DEFAULT, DEFAULT), ('0eda511d-00fb-5edd-a94c-61620ced28e5', '1d3f740a-8c60-5c1d-aa9e-3854a33c8e1d', 33, 'private', 'Defensive Turtle Tactics', '{"culpa laborum"}', DEFAULT, DEFAULT), ('4a82ca5f-1296-51b0-9319-05459a439c92', 'a5831e58-2fc9-5b59-970d-00c344a4eb18', 38, 'unlisted', 'Team Fight Execution Plan', '{"ullamco reprehenderit elit do","deserunt cupidatat ea culpa","ut officia","anim nisi irure ex","nulla cillum","nulla commodo ut deserunt volupt","irure magna pariatur","ex"}', DEFAULT, DEFAULT), ('230e6990-91f4-5dc7-b6bc-229a44985e25', 'd1b8f3f8-af26-5088-8712-273c28ba98f7', 38, 'private', 'Gank Heavy Approach', '{"deserunt quis","enim consectetur aliqua excepteu","pariatur exercitation nostrud al","consequat excepteur","nostrud aliquip consectetur","in ad eu mollit aliquip"}', DEFAULT, DEFAULT), ('01a97da4-f21e-511b-9160-a834d5d7f82e', 'f52ce409-f800-5a86-b4ed-ce1a99a8a6ae', 32, 'unlisted', 'Split Push Blueprint', '{"sunt sit magna officia","velit"}', DEFAULT, DEFAULT), ('1c5613fb-a627-5391-a9ff-0cc49d9b395b', 'a5831e58-2fc9-5b59-970d-00c344a4eb18', 34, 'unlisted', 'Early Game Dominance Guide', '{"sint cillum cupidatat","laborum velit labore","id","do tempor"}', DEFAULT, DEFAULT), ('69b55afa-a769-5eae-849b-0607118f6f38', 'a5831e58-2fc9-5b59-970d-00c344a4eb18', 37, 'public', 'Aggressive Rush Strategy', '{}', DEFAULT, DEFAULT), ('5653d3f7-e466-5b59-9cc7-02634d975655', '2d1d7734-be70-5d07-a538-e76c6cae722e', 35, 'unlisted', 'Wave Management Plan', '{"Lorem adipisicing nulla","duis cupidatat id pariatur","nostrud exercitation et","consectetur adipisicing","minim irure excepteur Lorem","aliquip commodo excepteur exerci","qui","ullamco sunt et quis","velit quis elit aute","exercitation quis nisi est"}', DEFAULT, DEFAULT), ('11917a47-b89e-5663-8d37-049fe2bf5b34', 'eda91f04-12ef-5904-88aa-e6ed9a692e03', 32, 'unlisted', 'Late Game Scaling Strategy', '{"do sit","nulla aute aliquip","aliqua et","nostrud enim","sunt sint dolore excepteur"}', DEFAULT, DEFAULT), ('c68ff46b-b1a9-581e-aa43-737e3b976580', 'd1b8f3f8-af26-5088-8712-273c28ba98f7', 32, 'unlisted', 'Objective Focused Strategy', '{"eu Lorem","nostrud esse","elit","laboris mollit aute cillum","cillum ipsum voluptate irure","ut adipisicing minim pariatur mi","sit quis duis enim quis","dolore esse","exercitation reprehenderit ex ad","fugiat nostrud cupidatat"}', DEFAULT, DEFAULT), ('e8d13e33-32bc-5c1a-9371-8f828965d869', '9b1fc781-1e4e-56d2-bd68-0dc257a319c0', 32, 'public', 'Early Game Dominance Guide', '{"velit excepteur"}', DEFAULT, DEFAULT), ('79cca71d-1dd7-5b78-9e31-229bb9872504', '19495f2f-99a6-5394-9596-a1d3fb0d3196', 35, 'public', 'Wave Management Plan', '{"consequat laborum culpa excepteu"}', DEFAULT, DEFAULT), ('cdf1b1e3-61cd-52e6-b86e-eec98ea71e23', '6c52c1d9-13a4-51ef-ae51-1dacc4c14be9', 36, 'private', 'Siege Tactics Handbook', '{"nisi ad","excepteur qui","proident officia fugiat esse pro","mollit deserunt aliqua deserunt ","exercitation commodo Lorem","laborum aute duis sunt elit","nisi","laboris","consequat minim irure"}', DEFAULT, DEFAULT), ('98ea8abd-4f3f-5750-b436-afb8aa79fb82', 'a5831e58-2fc9-5b59-970d-00c344a4eb18', 35, 'private', 'Wave Management Plan', '{"cillum minim sunt ad","occaecat","enim ad ea"}', DEFAULT, DEFAULT), ('bc227bd7-3214-5075-bca0-3f60046ac216', '5ef5a669-7ca0-5a58-879f-c84c6abe3657', 32, 'unlisted', 'Map Control Blueprint', '{"aliquip irure nostrud"}', DEFAULT, DEFAULT), ('8fd84214-96a6-5d6c-8437-0646145f15a1', '2d1d7734-be70-5d07-a538-e76c6cae722e', 36, 'unlisted', 'Split Push Blueprint', '{"non eiusmod tempor est proident","irure dolor labore cupidatat cup","eu ea eiusmod labore","esse anim"}', DEFAULT, DEFAULT), ('7b269807-4fdc-5847-8a5c-807ffa02f953', '882c7ae5-914f-539d-8207-691de536097f', 33, 'public', 'Aggressive Rush Strategy', '{"ipsum in eiusmod","culpa excepteur","cupidatat exercitation esse sit","mollit officia","quis aliquip","in non anim","sint do"}', DEFAULT, DEFAULT), ('cf8258c4-f278-5c75-a944-c2bcba526ad4', 'd297ab9e-40d4-51b5-bb8f-a1df399f1a9a', 36, 'private', 'Objective Focused Strategy', '{"elit labore deserunt consectetur","deserunt ex","fugiat fugiat","pariatur consectetur non minim"}', DEFAULT, DEFAULT), ('2e51b4b0-68ac-5e21-94a2-b7afb1b16016', 'ca65e33b-de71-5d46-933a-849036127987', 34, 'unlisted', 'Objective Focused Strategy', '{}', DEFAULT, DEFAULT), ('6e9d8d45-1d4b-5cdd-92c5-76194015ba99', '8b7e423b-b9b9-5b3c-bf3d-1aa45d16235c', 35, 'unlisted', 'Team Fight Execution Plan', '{"deserunt cupidatat","velit cupidatat irure reprehende","dolore","velit quis et id"}', DEFAULT, DEFAULT), ('fac7e894-3f38-5663-bc98-486c88732ea4', '5ef5a669-7ca0-5a58-879f-c84c6abe3657', 34, 'public', 'Objective Focused Strategy', '{"elit","ad irure ipsum","est nostrud excepteur elit labor","irure elit","dolore culpa","anim"}', DEFAULT, DEFAULT), ('7d360079-2c18-5c6d-a1b8-85eb411ace3d', '8a0a556f-d942-55f0-8ba8-1ffbfaf3c6d9', 37, 'unlisted', 'Aggressive Rush Strategy', '{"duis elit","mollit magna"}', DEFAULT, DEFAULT), ('be194c18-6eee-5ff6-a117-608bade8a86e', '438bff0e-fd50-5c86-89ee-d397a0c0e548', 38, 'private', 'Vision Control Blueprint', '{"elit aute"}', DEFAULT, DEFAULT), ('74297878-a21d-59b7-aced-265d4a9f30fa', '29b47b7e-4cec-5d5a-b93d-172770b57ed6', 33, 'public', 'Gank Heavy Approach', '{"culpa esse ipsum"}', DEFAULT, DEFAULT), ('a0c5fdb3-1581-541b-b560-7473e0935643', '9b1fc781-1e4e-56d2-bd68-0dc257a319c0', 34, 'unlisted', 'Jungle Control Playbook', '{"incididunt sint","ipsum est deserunt","excepteur sit culpa"}', DEFAULT, DEFAULT), ('5bf01130-69dd-5547-acc0-717bf1395fda', '549980e7-3e77-5d76-b263-84664d04b209', 32, 'unlisted', 'Vision Control Blueprint', '{"deserunt excepteur exercitation","laboris dolore nulla eu","culpa consectetur sunt proident","exercitation ex mollit deserunt","voluptate nostrud","quis tempor mollit"}', DEFAULT, DEFAULT), ('1e052062-4999-589c-af48-bc4a3df69d05', '98eaafd3-adbf-5a3e-adb9-b3fb6971b6f1', 38, 'private', 'Secure Objective Playbook', '{"excepteur ipsum cupidatat velit","proident reprehenderit","fugiat","laborum","duis adipisicing","qui ullamco incididunt consectet","adipisicing"}', DEFAULT, DEFAULT), ('38b49ca8-b50c-5e98-af9e-9c3898d28f8f', '2d1d7734-be70-5d07-a538-e76c6cae722e', 36, 'private', 'Aggressive Rush Strategy', '{"in occaecat labore cupidatat do"}', DEFAULT, DEFAULT), ('9b261f2f-f0b0-57c3-9c3a-156a89bfc9aa', 'd19db439-c7e7-53a7-aa19-0db346180dc1', 33, 'unlisted', 'Secure Objective Playbook', '{"incididunt","ullamco labore exercitation","anim non ea"}', DEFAULT, DEFAULT), ('2d9d0644-e0d8-5f5d-84c2-071cd2c099ce', 'd9bba68a-079c-5141-bd43-756b87167584', 38, 'public', 'Defensive Turtle Tactics', '{"nisi","sunt proident consectetur amet c","anim","fugiat","cupidatat duis dolore","ea anim esse","ipsum aliqua nisi ut veniam","amet labore ex","incididunt dolor"}', DEFAULT, DEFAULT), ('b8c7a039-d039-57f7-bd1e-253b05ef8c03', '19495f2f-99a6-5394-9596-a1d3fb0d3196', 34, 'private', 'Vision Denial Blueprint', '{"laborum consectetur voluptate ul","ut magna quis nostrud","aliqua exercitation","dolor sunt reprehenderit qui","est","consectetur non laborum"}', DEFAULT, DEFAULT), ('110d19c8-9e0d-5f75-a721-b94eb9080526', '98eaafd3-adbf-5a3e-adb9-b3fb6971b6f1', 34, 'private', 'Objective Focused Strategy', '{"reprehenderit aliquip","consequat amet minim aute","reprehenderit ullamco ad ut","esse voluptate","consequat adipisicing aute ex","occaecat duis aute","incididunt qui"}', DEFAULT, DEFAULT), ('09923517-e55a-5deb-98cb-d64b27c0ab72', '2d1d7734-be70-5d07-a538-e76c6cae722e', 34, 'unlisted', 'Baron Control Strategy', '{"eu","veniam laboris commodo","pariatur mollit mollit voluptate","anim laborum magna","velit irure","anim reprehenderit eu anim","excepteur consequat","enim ex proident eu"}', DEFAULT, DEFAULT), ('e5bd85d5-1f62-5598-9176-4bfd393badbe', '549980e7-3e77-5d76-b263-84664d04b209', 38, 'public', 'Vision Denial Blueprint', '{"cillum adipisicing","cupidatat ad commodo laborum exe","Lorem","qui eiusmod ipsum velit","sit elit irure dolore","ipsum nulla aute","exercitation cupidatat","commodo excepteur sunt aliquip"}', DEFAULT, DEFAULT), ('e8eb7547-d359-5d88-afb0-cca98349d023', '8a0a556f-d942-55f0-8ba8-1ffbfaf3c6d9', 35, 'public', 'Counter Pick Blueprint', '{"culpa Lorem adipisicing ex","culpa","reprehenderit nisi excepteur lab"}', DEFAULT, DEFAULT), ('0e4135c9-4c74-5717-9ee1-cbbb37873838', '1e7e0bcb-4fc0-5d72-81a5-d67a74a13595', 33, 'public', 'Team Fight Execution Plan', '{"laborum laborum eiusmod deserunt","excepteur exercitation adipisici","nulla consequat","exercitation exercitation aliqui","id velit exercitation","id et pariatur voluptate","minim deserunt ipsum","consectetur qui ullamco ipsum","pariatur et","ex ea qui dolor"}', DEFAULT, DEFAULT), ('eb9d24ec-f15e-5e4f-870e-dd537efcd168', 'd297ab9e-40d4-51b5-bb8f-a1df399f1a9a', 35, 'private', 'Counter Pick Blueprint', '{"laboris","qui commodo","tempor do elit minim quis","adipisicing esse sint"}', DEFAULT, DEFAULT), ('688a2e3c-848e-5787-bd83-705a15229924', '549980e7-3e77-5d76-b263-84664d04b209', 32, 'unlisted', 'Counter Pick Blueprint', '{"veniam","commodo sint","eu ea nostrud anim","enim labore voluptate fugiat","id labore officia","non duis","adipisicing irure"}', DEFAULT, DEFAULT), ('a042a037-2e40-50ce-ae48-3f063c3067bb', '8b7e423b-b9b9-5b3c-bf3d-1aa45d16235c', 36, 'unlisted', 'Roaming Support Plan', '{"labore do ad ad labore","dolor laborum deserunt","est"}', DEFAULT, DEFAULT), ('cb4eaa5a-1f18-571e-9566-4c1753ad9134', '882c7ae5-914f-539d-8207-691de536097f', 32, 'private', 'Vision Control Blueprint', '{"nisi proident","labore aute reprehenderit cillum","ea","non do","sint qui","do in","sit ut aute minim","do veniam","deserunt culpa commodo sunt elit"}', DEFAULT, DEFAULT), ('2076216c-1b19-5f7f-b10d-db3cae2b4567', '9a184097-b9bc-5f22-ba40-6c62e83423ab', 38, 'private', 'Defensive Turtle Tactics', '{"pariatur pariatur in"}', DEFAULT, DEFAULT), ('a0bd7980-cac4-5ded-adc5-004548282723', '91fa3874-9437-5dfa-a49a-f19fb38d9e92', 36, 'unlisted', 'Vision Control Blueprint', '{"duis Lorem","laboris eiusmod","exercitation velit pariatur","magna elit"}', DEFAULT, DEFAULT), ('e94657cc-5d4a-53ce-8902-19b99712c3c6', '9bf2ad50-cccb-50eb-8269-3a7e78bd21f5', 33, 'unlisted', 'Vision Control Blueprint', '{"sint","enim culpa labore proident","in voluptate","occaecat ipsum","deserunt","sunt et anim","commodo","id nulla nisi"}', DEFAULT, DEFAULT), ('cdee6d23-791e-5a74-aba4-6e6c1b3863e7', '91fa3874-9437-5dfa-a49a-f19fb38d9e92', 35, 'unlisted', 'Baron Control Strategy', '{"ea aute excepteur id","sint id et","fugiat","et enim consequat tempor est","fugiat tempor incididunt pariatu","nostrud fugiat enim qui","tempor do Lorem","cillum officia esse"}', DEFAULT, DEFAULT), ('d5a4641d-8cbb-5fd0-89e3-ac12979b690c', '438bff0e-fd50-5c86-89ee-d397a0c0e548', 35, 'unlisted', 'Secure Objective Playbook', '{"elit veniam ut tempor","qui nostrud dolore","minim pariatur in","dolor Lorem exercitation aute al"}', DEFAULT, DEFAULT), ('ab58f5b2-4308-5685-a477-a4b54637b2a0', '811570ef-0b81-508d-ba05-2f5e812d4131', 32, 'unlisted', 'Roaming Support Plan', '{}', DEFAULT, DEFAULT), ('025da8e7-6d47-53be-9689-b0604284733b', '9bf2ad50-cccb-50eb-8269-3a7e78bd21f5', 32, 'unlisted', 'Gank Heavy Approach', '{"reprehenderit nostrud","labore","nostrud commodo"}', DEFAULT, DEFAULT), ('cfc01e92-0e9c-5f58-b116-ac73af2ff344', '549980e7-3e77-5d76-b263-84664d04b209', 34, 'private', 'Baron Control Strategy', '{"deserunt amet laborum","proident ex anim","consectetur dolore duis ut","reprehenderit irure","nostrud occaecat in","adipisicing"}', DEFAULT, DEFAULT), ('6c7a0737-5d09-56f1-9a60-9ca811b68d40', 'd1b8f3f8-af26-5088-8712-273c28ba98f7', 37, 'public', 'Late Game Scaling Strategy', '{"incididunt quis","minim laboris","ullamco sit veniam","sunt non magna ea eu","cupidatat"}', DEFAULT, DEFAULT), ('b74b781d-f3ca-5ce2-a262-c20f23455d05', '29b47b7e-4cec-5d5a-b93d-172770b57ed6', 38, 'private', 'Team Fight Execution Plan', '{"velit nulla culpa","adipisicing magna","enim aute nisi exercitation sit","dolor officia magna sint est","et sunt aliquip eu","proident nisi qui"}', DEFAULT, DEFAULT), ('ae76c1cf-66c9-5bf7-8fc8-d1e1260ab8bd', '19495f2f-99a6-5394-9596-a1d3fb0d3196', 35, 'public', 'Jungle Control Playbook', '{"anim veniam fugiat ullamco","dolor irure","veniam qui et","adipisicing nulla qui culpa","minim eiusmod sint nulla pariatu","ex duis","nostrud proident"}', DEFAULT, DEFAULT), ('3267d96d-4a33-5c13-9ef8-eb9652f76262', '98eaafd3-adbf-5a3e-adb9-b3fb6971b6f1', 33, 'public', 'Late Game Scaling Strategy', '{"labore in velit duis adipisicing","sint irure","sit veniam","adipisicing fugiat","exercitation reprehenderit","amet aliquip","culpa elit quis cupidatat"}', DEFAULT, DEFAULT), ('272ce823-3f81-5671-93a8-93655178aa67', 'd9bba68a-079c-5141-bd43-756b87167584', 32, 'unlisted', 'Counter Pick Blueprint', '{"ut nisi","velit pariatur pariatur","nostrud consequat dolor reprehen","laboris irure dolore id ad","consectetur magna ullamco pariat"}', DEFAULT, DEFAULT), ('0cd365ac-6479-5889-b532-b02ce5d93b9f', '29b47b7e-4cec-5d5a-b93d-172770b57ed6', 37, 'unlisted', 'Wave Management Plan', '{"sunt","nulla magna","est sint eiusmod aliqua ut"}', DEFAULT, DEFAULT), ('d1c31a1f-140d-5b01-95f7-3fc15003186c', 'f52ce409-f800-5a86-b4ed-ce1a99a8a6ae', 36, 'public', 'Baron Control Strategy', '{"consequat ipsum dolor aute ex","ex nulla culpa","voluptate laborum velit laborum","nulla anim Lorem","proident excepteur","consectetur irure cillum"}', DEFAULT, DEFAULT), ('139e14ed-bbf1-5d48-a6cc-84c72c891164', 'd19db439-c7e7-53a7-aa19-0db346180dc1', 37, 'unlisted', 'Jungle Control Playbook', '{"mollit exercitation aliquip aute","id consequat nulla est","nulla enim nisi consequat","exercitation officia veniam comm","officia nostrud aliquip anim","id ipsum cupidatat laborum","cupidatat quis aliquip ullamco d","non eiusmod elit","consequat esse dolor"}', DEFAULT, DEFAULT), ('586f1ac8-f524-5f8c-88e2-184c02d5ef6d', '36f6f3ba-e867-5008-b6c1-829e989f9d2f', 38, 'private', 'Aggressive Rush Strategy', '{"adipisicing ullamco deserunt","dolor tempor","laboris deserunt cupidatat labor","est adipisicing culpa sint","anim veniam dolore duis incididu","sunt"}', DEFAULT, DEFAULT), ('62075432-2441-5ae8-a3d3-0c53f1490707', '19495f2f-99a6-5394-9596-a1d3fb0d3196', 37, 'public', 'Vision Denial Blueprint', '{"irure ad cupidatat","sint dolore amet consequat","eiusmod id ad","deserunt","est cillum","exercitation nulla ea ex","fugiat ullamco velit"}', DEFAULT, DEFAULT), ('7e2a3012-f429-5959-8e79-e27f888f9ce7', 'f52ce409-f800-5a86-b4ed-ce1a99a8a6ae', 34, 'public', 'Baron Control Strategy', '{"ut qui ullamco velit pariatur","Lorem veniam amet laborum","magna in laboris mollit","exercitation aute","Lorem esse","anim laborum duis ea incididunt","sit dolor deserunt sit"}', DEFAULT, DEFAULT), ('b8821e56-73f0-54d5-b485-728d64492250', 'b7a89d05-549f-565f-b631-b59097e91d1a', 35, 'private', 'Gank Heavy Approach', '{"eiusmod deserunt ut","voluptate pariatur","exercitation aute eiusmod laboru","tempor labore qui","voluptate in eu","irure do deserunt mollit","et officia nostrud","do nulla ipsum","magna tempor"}', DEFAULT, DEFAULT), ('41c6ea7f-18a9-55e6-b2ba-f0f4f40a17bf', 'd19db439-c7e7-53a7-aa19-0db346180dc1', 35, 'unlisted', 'Siege Tactics Handbook', '{"ad sunt aliqua","velit","occaecat in adipisicing esse","dolor nisi","elit officia laborum","nulla minim non velit"}', DEFAULT, DEFAULT), ('6071eb55-6bca-516b-b2e7-cdcdc70b2f27', '882c7ae5-914f-539d-8207-691de536097f', 36, 'private', 'Rotation Strategy Document', '{"culpa","elit duis incididunt","enim ut","aliqua cupidatat tempor enim","do","nisi Lorem"}', DEFAULT, DEFAULT), ('d7cdb9d2-07a6-5208-bc43-84429587c78d', '8a0a556f-d942-55f0-8ba8-1ffbfaf3c6d9', 35, 'private', 'Gank Heavy Approach', '{"esse qui","eiusmod consequat laboris","ad eu ut incididunt ullamco","anim qui culpa laborum","id non","aliqua mollit","nostrud id ut voluptate","eiusmod nostrud in","officia id magna occaecat"}', DEFAULT, DEFAULT), ('edba76b8-16c2-5d65-8407-7c8846b18c8d', '438bff0e-fd50-5c86-89ee-d397a0c0e548', 35, 'private', 'Defensive Turtle Tactics', '{"eu dolore duis aliquip","adipisicing","duis","minim reprehenderit ipsum","qui veniam occaecat enim"}', DEFAULT, DEFAULT), ('4961b154-685f-5c2d-b1f1-598100239ea4', 'b32027db-33da-5dc2-b906-e0c2a06ac683', 35, 'public', 'Early Game Dominance Guide', '{"ad tempor sunt","fugiat proident excepteur ad","aliqua ullamco","veniam quis aliqua ex est","sint ipsum","ea eu tempor voluptate laborum","cillum laborum","velit officia"}', DEFAULT, DEFAULT), ('81b648c1-576c-5086-ba4f-2125060d9cf0', '8b7e423b-b9b9-5b3c-bf3d-1aa45d16235c', 34, 'unlisted', 'Siege Tactics Handbook', '{"sunt nulla","fugiat elit qui ex dolor","do ea occaecat nostrud","et Lorem enim","cillum commodo aliqua exercitati","laborum veniam duis proident"}', DEFAULT, DEFAULT), ('edcc20e9-95a3-50eb-b84c-a2ac5801dd1f', '36f6f3ba-e867-5008-b6c1-829e989f9d2f', 36, 'private', 'Objective Focused Strategy', '{"est occaecat enim","exercitation"}', DEFAULT, DEFAULT), ('0f7963e1-2931-5603-b1f8-5f29e095a36f', 'b7a89d05-549f-565f-b631-b59097e91d1a', 38, 'private', 'Aggressive Rush Strategy', '{"laboris labore","occaecat laboris esse commodo","laboris magna proident qui","deserunt dolore tempor aliqua no"}', DEFAULT, DEFAULT), ('d90cf80e-490d-5c8c-85cc-9c761060fca5', '438bff0e-fd50-5c86-89ee-d397a0c0e548', 35, 'public', 'Defensive Turtle Tactics', '{"dolore tempor ut eiusmod","nisi","ipsum in","dolore laborum","adipisicing tempor veniam ea con","proident nisi aliqua veniam","et incididunt","nisi sit duis magna","elit voluptate magna","dolore"}', DEFAULT, DEFAULT), ('84a00f8f-8f65-512e-a89a-396ebb944774', '91434b27-2651-5429-8f42-45c3f8e334a0', 38, 'unlisted', 'Counter Pick Blueprint', '{"anim","pariatur ipsum ad","incididunt magna sunt labore","deserunt laboris","laboris labore sunt laborum","labore in laboris eiusmod","adipisicing officia","laborum ipsum quis","consequat nisi ut non"}', DEFAULT, DEFAULT), ('24530daa-18f4-5736-824e-740b98d86f84', '1e7e0bcb-4fc0-5d72-81a5-d67a74a13595', 37, 'public', 'Objective Focused Strategy', '{"qui culpa occaecat","nulla dolore exercitation","qui elit commodo id"}', DEFAULT, DEFAULT), ('cef44dbb-01f1-53f9-a51f-bce20b8c9729', '1d3f740a-8c60-5c1d-aa9e-3854a33c8e1d', 36, 'private', 'Gank Heavy Approach', '{"nostrud cupidatat et","eiusmod voluptate nisi magna com","ipsum duis","culpa","minim enim"}', DEFAULT, DEFAULT), ('2f432e43-c578-5d3f-a9f6-658650551fe1', 'b32027db-33da-5dc2-b906-e0c2a06ac683', 38, 'public', 'Vision Denial Blueprint', '{"eiusmod irure","ut nisi duis","adipisicing non","do exercitation reprehenderit al","aute consectetur","ex elit"}', DEFAULT, DEFAULT), ('9e0ad23d-bafe-536b-a992-47ea353cf3b5', 'a3141029-aec2-543b-b18a-49fe947e3304', 36, 'unlisted', 'Gank Heavy Approach', '{"nostrud ex elit","eu sit magna","amet nisi nisi","eiusmod id et"}', DEFAULT, DEFAULT), ('ba4f3542-9d48-574a-8df6-823d78106037', 'a5831e58-2fc9-5b59-970d-00c344a4eb18', 35, 'public', 'Defensive Turtle Tactics', '{"nisi tempor officia eiusmod","velit reprehenderit adipisicing ","irure id","reprehenderit esse aliquip nisi","duis do minim est","eu cupidatat cupidatat","elit ea cillum deserunt voluptat","minim Lorem sit excepteur ipsum","duis ipsum exercitation in"}', DEFAULT, DEFAULT), ('d5920fa6-848e-5195-b671-9577ccf74a26', 'd1b8f3f8-af26-5088-8712-273c28ba98f7', 38, 'public', 'Roaming Support Plan', '{"duis nisi eu qui","culpa Lorem","sint","sunt eu aute","tempor anim","proident enim irure velit","magna id est culpa","consectetur sint labore do amet"}', DEFAULT, DEFAULT), ('60e1ec45-4b3f-5cd2-b9e9-a6fd50c32391', '549980e7-3e77-5d76-b263-84664d04b209', 35, 'public', 'Vision Denial Blueprint', '{"ut nisi id consequat","qui do","reprehenderit fugiat nulla excep"}', DEFAULT, DEFAULT), ('4152396c-eaf9-5aeb-9b7d-6c26ad4d722c', '98eaafd3-adbf-5a3e-adb9-b3fb6971b6f1', 35, 'unlisted', 'Defensive Turtle Tactics', '{"adipisicing tempor et Lorem sint","aute tempor id","occaecat sit quis","laboris irure aliquip labore"}', DEFAULT, DEFAULT), ('82c66b9e-374b-5deb-960b-0b761f066806', '19495f2f-99a6-5394-9596-a1d3fb0d3196', 35, 'public', 'Late Game Scaling Strategy', '{"laboris elit mollit reprehenderi","magna enim est id pariatur","dolore laborum voluptate do"}', DEFAULT, DEFAULT), ('cb1a8444-be9e-581c-8a1e-9f0d5870d484', '8a0a556f-d942-55f0-8ba8-1ffbfaf3c6d9', 38, 'public', 'Wave Management Plan', '{"ea sint","cillum exercitation sit","laborum ipsum","dolor non nisi","duis quis deserunt","id velit labore excepteur deseru","consequat"}', DEFAULT, DEFAULT), ('b4086fbf-8b55-5b20-af96-270e53efd260', 'a3141029-aec2-543b-b18a-49fe947e3304', 32, 'unlisted', 'Siege Tactics Handbook', '{"irure","mollit consequat labore fugiat"}', DEFAULT, DEFAULT), ('7dc2a385-02fd-5e9e-8ca3-480d310ce988', '2589cf16-4103-5a4f-b544-b30078083eaa', 35, 'unlisted', 'Late Game Scaling Strategy', '{"cillum nulla","sit aliquip pariatur sunt labore","qui ea","commodo exercitation nostrud exe","do irure","esse reprehenderit dolore"}', DEFAULT, DEFAULT), ('bd010a0a-cb39-59ee-8218-e7f775ac9a01', '9a184097-b9bc-5f22-ba40-6c62e83423ab', 38, 'private', 'Counter Pick Blueprint', '{"laboris sit consequat do","ea Lorem est laboris excepteur"}', DEFAULT, DEFAULT), ('eb100a5e-fbbc-5189-b323-e08ca1ddf4b2', '36f6f3ba-e867-5008-b6c1-829e989f9d2f', 33, 'public', 'Map Control Blueprint', '{"mollit duis aute consectetur lab","minim pariatur eiusmod","eiusmod ullamco ut","laboris tempor","pariatur aliquip eu labore","dolor reprehenderit laborum enim","minim cupidatat minim ut esse","consequat ut reprehenderit ex"}', DEFAULT, DEFAULT), ('e43c6b3b-10fe-54f2-a09c-2f23976dbe42', '6c52c1d9-13a4-51ef-ae51-1dacc4c14be9', 32, 'public', 'Counter Pick Blueprint', '{"pariatur dolor","minim commodo","officia ad do aliquip","voluptate aliqua aliquip nulla","veniam excepteur ex excepteur"}', DEFAULT, DEFAULT), ('145f2d17-d2b0-59ee-98c0-d8b6d6c741cd', '98eaafd3-adbf-5a3e-adb9-b3fb6971b6f1', 36, 'unlisted', 'Wave Management Plan', '{"occaecat reprehenderit","eiusmod exercitation velit magna","consectetur culpa","dolor dolor","quis culpa ullamco esse","nostrud ullamco labore consequat"}', DEFAULT, DEFAULT), ('27b7fc92-c399-5aec-bc43-ea4a7d41c984', '98eaafd3-adbf-5a3e-adb9-b3fb6971b6f1', 33, 'unlisted', 'Gank Heavy Approach', '{"irure ut nulla"}', DEFAULT, DEFAULT), ('16e13bc2-bae9-5a1b-a23b-7f2503b73a03', '19495f2f-99a6-5394-9596-a1d3fb0d3196', 35, 'private', 'Baron Control Strategy', '{"velit cillum id","qui Lorem incididunt","proident","ex occaecat"}', DEFAULT, DEFAULT), ('fb9a721d-7da1-577d-a721-ae00139d250b', '8a0a556f-d942-55f0-8ba8-1ffbfaf3c6d9', 36, 'unlisted', 'Aggressive Rush Strategy', '{"ipsum quis","minim ut"}', DEFAULT, DEFAULT), ('8514b549-2321-5223-bcae-362fbfc61c61', '9a184097-b9bc-5f22-ba40-6c62e83423ab', 38, 'private', 'Split Push Blueprint', '{"veniam","do sunt","sunt minim eu sunt"}', DEFAULT, DEFAULT), ('8d222d98-29f0-5123-b99d-cc9f19493b20', '1e7e0bcb-4fc0-5d72-81a5-d67a74a13595', 37, 'public', 'Aggressive Rush Strategy', '{"velit anim","fugiat aliquip ullamco"}', DEFAULT, DEFAULT), ('5ba895cd-4107-5c9d-a9cb-bd2d24899776', '1e7e0bcb-4fc0-5d72-81a5-d67a74a13595', 37, 'private', 'Vision Denial Blueprint', '{"exercitation ad","excepteur in","duis mollit labore","nisi nostrud"}', DEFAULT, DEFAULT), ('73b23aba-b5e2-5b24-b442-00922b22f275', '8a0a556f-d942-55f0-8ba8-1ffbfaf3c6d9', 35, 'private', 'Jungle Control Playbook', '{"tempor fugiat in","cupidatat aute","ex","cupidatat fugiat dolor cillum","et qui cupidatat esse","consequat in in","adipisicing","qui nisi eiusmod Lorem laboris"}', DEFAULT, DEFAULT), ('0e1a0168-a26a-5feb-9c91-7bd40d62afcc', '2d1d7734-be70-5d07-a538-e76c6cae722e', 32, 'private', 'Map Control Blueprint', '{"veniam est nisi","nulla deserunt ea"}', DEFAULT, DEFAULT), ('9348bed0-a52a-59cd-98df-ed8ab48ba4f7', 'd1b8f3f8-af26-5088-8712-273c28ba98f7', 35, 'private', 'Defensive Turtle Tactics', '{"laboris dolor aliqua","in","excepteur elit deserunt","veniam minim consequat fugiat","irure laboris sint dolor","dolor tempor adipisicing"}', DEFAULT, DEFAULT), ('1507f034-16ba-5219-b927-72f72394b9da', '2589cf16-4103-5a4f-b544-b30078083eaa', 36, 'unlisted', 'Wave Management Plan', '{"mollit et","aliquip tempor veniam dolore","dolor","amet laboris duis qui","aute"}', DEFAULT, DEFAULT), ('3d6517ba-6968-54c9-9934-5dca00f20f48', 'ca65e33b-de71-5d46-933a-849036127987', 32, 'private', 'Defensive Turtle Tactics', '{"consequat sit irure cillum"}', DEFAULT, DEFAULT), ('253eb1a7-6466-5751-bb80-ba728a9d5688', 'b5605791-3389-56c2-9ec6-17d538b9bb85', 36, 'public', 'Split Push Blueprint', '{"magna Lorem eiusmod voluptate","sit exercitation consectetur","ea et","quis aute deserunt","ex in dolore","quis culpa cillum voluptate mini","aliqua laborum officia"}', DEFAULT, DEFAULT), ('84afba7a-f643-5519-b420-54d83f591e9d', 'b32027db-33da-5dc2-b906-e0c2a06ac683', 32, 'unlisted', 'Roaming Support Plan', '{"duis","pariatur","enim laboris voluptate et","ea velit officia aute","occaecat laborum consequat","enim"}', DEFAULT, DEFAULT), ('59b35be9-9d21-5b79-8875-4954a08d7239', 'd297ab9e-40d4-51b5-bb8f-a1df399f1a9a', 32, 'public', 'Late Game Scaling Strategy', '{}', DEFAULT, DEFAULT), ('b3ff9604-63d2-533f-8bbb-d5f0486381ad', 'd297ab9e-40d4-51b5-bb8f-a1df399f1a9a', 34, 'unlisted', 'Rotation Strategy Document', '{}', DEFAULT, DEFAULT), ('bcc899da-7629-5e0e-b560-5f5f6e7060e1', '2589cf16-4103-5a4f-b544-b30078083eaa', 38, 'private', 'Counter Pick Blueprint', '{"ad excepteur excepteur dolor","ad esse","fugiat proident Lorem","excepteur","dolor voluptate nisi elit","est mollit incididunt","quis elit laborum","ad","enim commodo fugiat consectetur ","elit commodo"}', DEFAULT, DEFAULT), ('96dbca51-d731-5e2c-a3d4-62e8f0faa072', 'b7a89d05-549f-565f-b631-b59097e91d1a', 36, 'unlisted', 'Map Control Blueprint', '{"magna adipisicing ea nulla","deserunt eiusmod","consectetur et","officia occaecat cillum","nulla consequat adipisicing","mollit","enim cupidatat nisi"}', DEFAULT, DEFAULT), ('fc633e1f-14b8-590b-a0ba-c22147aaeeb4', '9b1fc781-1e4e-56d2-bd68-0dc257a319c0', 37, 'private', 'Secure Objective Playbook', '{"ut eiusmod"}', DEFAULT, DEFAULT), ('49af1081-9f3e-5569-af2e-1029eb808baf', '91434b27-2651-5429-8f42-45c3f8e334a0', 38, 'public', 'Late Game Scaling Strategy', '{"deserunt consectetur","voluptate ut","laborum culpa","amet velit","ad aliquip est mollit"}', DEFAULT, DEFAULT), ('28c7fcd5-dc0b-528f-92f0-3e19e7b94b50', '91434b27-2651-5429-8f42-45c3f8e334a0', 37, 'public', 'Gank Heavy Approach', '{"velit mollit","commodo cillum duis","pariatur exercitation duis","commodo","sunt cillum","nostrud eiusmod sint","deserunt exercitation","enim ipsum","incididunt voluptate","ea ea non pariatur id"}', DEFAULT, DEFAULT), ('38780d0a-620c-5420-b84b-aa917e5db8c1', '882c7ae5-914f-539d-8207-691de536097f', 32, 'unlisted', 'Aggressive Rush Strategy', '{"do commodo duis nostrud","minim adipisicing eu","non eu","labore et","elit proident anim elit ut","cupidatat fugiat","velit minim nisi velit","incididunt dolor reprehenderit"}', DEFAULT, DEFAULT), ('535c1e86-4fb0-59ea-8076-b54244994b61', '91fa3874-9437-5dfa-a49a-f19fb38d9e92', 38, 'unlisted', 'Split Push Blueprint', '{"consequat duis","sint do fugiat","cillum aliqua reprehenderit eius","nulla dolor est ut","exercitation officia","ea","reprehenderit sit tempor id"}', DEFAULT, DEFAULT), ('5e181f1c-b93c-59a3-a161-c4d4e29f775e', '882c7ae5-914f-539d-8207-691de536097f', 32, 'unlisted', 'Secure Objective Playbook', '{"magna dolor","esse pariatur esse","quis laboris eiusmod non"}', DEFAULT, DEFAULT), ('0cd34502-daee-52d8-b8a4-7aa032065e8a', '19495f2f-99a6-5394-9596-a1d3fb0d3196', 36, 'public', 'Objective Focused Strategy', '{"commodo laborum occaecat et dolo","quis labore deserunt deserunt cu","cillum ut consectetur aliqua inc","velit fugiat commodo tempor","duis consequat","ex","quis fugiat cillum exercitation","laborum"}', DEFAULT, DEFAULT), ('6c9b6808-e737-5f8f-b196-93c0598b34b9', 'b32027db-33da-5dc2-b906-e0c2a06ac683', 32, 'public', 'Roaming Support Plan', '{"non consequat","fugiat laborum"}', DEFAULT, DEFAULT), ('f498173a-b4a1-5b37-ad0b-67596b4fe0ac', 'd9bba68a-079c-5141-bd43-756b87167584', 36, 'unlisted', 'Siege Tactics Handbook', '{"aute esse","ipsum","adipisicing mollit eu cillum","irure est enim","elit occaecat eu","adipisicing commodo voluptate si","commodo exercitation officia ull","cillum minim"}', DEFAULT, DEFAULT), ('b0d542cd-fe80-5cad-9bd6-a81d0ed1c2f4', '438bff0e-fd50-5c86-89ee-d397a0c0e548', 38, 'unlisted', 'Vision Control Blueprint', '{"reprehenderit Lorem anim veniam ","et magna minim","consequat incididunt","aute eu cupidatat ex","velit deserunt","reprehenderit aliquip in","elit est duis labore","fugiat non cupidatat amet","aliqua est ex","elit nisi"}', DEFAULT, DEFAULT), ('cd506b7e-0f7c-526c-b650-bb799376c313', '5ef5a669-7ca0-5a58-879f-c84c6abe3657', 34, 'unlisted', 'Gank Heavy Approach', '{}', DEFAULT, DEFAULT), ('d625f518-4ec3-51e2-95c0-6cf965668d68', '8a0a556f-d942-55f0-8ba8-1ffbfaf3c6d9', 32, 'public', 'Wave Management Plan', '{"ipsum dolor","dolore"}', DEFAULT, DEFAULT), ('66b76653-1cc5-50ef-a109-c059c945f253', '1d3f740a-8c60-5c1d-aa9e-3854a33c8e1d', 36, 'private', 'Team Fight Execution Plan', '{"dolore elit duis","id ex Lorem tempor"}', DEFAULT, DEFAULT), ('a6dbcc80-e965-5682-9448-6a65a83787b3', 'f52ce409-f800-5a86-b4ed-ce1a99a8a6ae', 35, 'public', 'Roaming Support Plan', '{"cupidatat veniam in","esse do","eiusmod ad sit consequat ipsum"}', DEFAULT, DEFAULT), ('c4d9fc37-aa2c-5cf4-8cef-779723958882', '29b47b7e-4cec-5d5a-b93d-172770b57ed6', 36, 'unlisted', 'Vision Control Blueprint', '{"sunt magna do","proident elit ullamco commodo","duis sit laboris aliqua"}', DEFAULT, DEFAULT), ('cbdcc83c-77a1-5d75-ace8-183321930672', 'b7a89d05-549f-565f-b631-b59097e91d1a', 36, 'private', 'Map Control Blueprint', '{}', DEFAULT, DEFAULT), ('46b593cf-05b9-5316-ba74-ef4cf062dcc9', '811570ef-0b81-508d-ba05-2f5e812d4131', 35, 'unlisted', 'Vision Control Blueprint', '{"sint","et amet","reprehenderit aliqua incididunt","irure aliquip in"}', DEFAULT, DEFAULT), ('1770dbe6-c529-520b-a36c-454b023ccb2c', 'a88bc9b9-135e-55c7-8c4c-5a072a3c8573', 37, 'public', 'Roaming Support Plan', '{"reprehenderit sunt","officia ipsum occaecat","labore"}', DEFAULT, DEFAULT), ('65973815-006c-531b-b69f-bd5d086f7786', 'd9bba68a-079c-5141-bd43-756b87167584', 37, 'unlisted', 'Wave Management Plan', '{"adipisicing culpa do nisi","non exercitation do","irure cupidatat reprehenderit vo","veniam magna sit aute nulla","eu cupidatat"}', DEFAULT, DEFAULT), ('0cd413aa-1a82-5832-9edb-17fd5c059a41', 'ca65e33b-de71-5d46-933a-849036127987', 32, 'private', 'Vision Denial Blueprint', '{"sint mollit","est","fugiat et laborum proident","aliqua aliquip aute","quis nulla aliquip eu","aliquip","pariatur tempor ipsum","incididunt ut est","nostrud occaecat"}', DEFAULT, DEFAULT), ('5153bc7b-cd04-5c5e-83e9-7b7a5a1390e6', 'f52ce409-f800-5a86-b4ed-ce1a99a8a6ae', 34, 'public', 'Roaming Support Plan', '{"anim deserunt dolore","elit","ullamco sit pariatur excepteur","qui duis cillum consectetur cill","irure ea deserunt pariatur volup","nisi do do dolore officia","est laboris elit elit et","cupidatat commodo aliquip Lorem ","exercitation adipisicing ad irur"}', DEFAULT, DEFAULT), ('bd276dfa-2ddb-52c7-9feb-6d2cc281335e', 'eda91f04-12ef-5904-88aa-e6ed9a692e03', 35, 'private', 'Map Control Blueprint', '{"sint excepteur commodo ea","aliquip est","tempor in voluptate","eiusmod commodo sunt sit","sint nisi sunt mollit","amet in nisi aliquip","aliquip culpa sit duis officia","laborum nisi qui Lorem"}', DEFAULT, DEFAULT), ('12cafb5f-6adc-5f24-a738-9455dde3eb2a', 'd19db439-c7e7-53a7-aa19-0db346180dc1', 35, 'public', 'Wave Management Plan', '{"amet consectetur aute dolore","reprehenderit laborum ea","in adipisicing culpa esse ex"}', DEFAULT, DEFAULT), ('e017f166-fa51-5fb5-af86-6fc41cad9674', '438bff0e-fd50-5c86-89ee-d397a0c0e548', 36, 'private', 'Secure Objective Playbook', '{"proident","in elit velit excepteur pariatur","sunt ut anim mollit","laborum esse","eiusmod mollit irure velit","officia","irure esse ex"}', DEFAULT, DEFAULT), ('544f27bb-a8e9-5b6b-8ec7-f1cfe91406e2', '1d3f740a-8c60-5c1d-aa9e-3854a33c8e1d', 35, 'public', 'Wave Management Plan', '{}', DEFAULT, DEFAULT), ('a704d0a7-ee9e-5aa5-bba9-aff3556d41a2', '1e7e0bcb-4fc0-5d72-81a5-d67a74a13595', 36, 'private', 'Wave Management Plan', '{"cupidatat duis incididunt aliqui","voluptate dolor nisi","laborum et velit","cupidatat ea minim ullamco","magna","cupidatat duis"}', DEFAULT, DEFAULT), ('a758f3b0-169f-56a9-80db-acb9f3972464', 'b7a89d05-549f-565f-b631-b59097e91d1a', 33, 'public', 'Defensive Turtle Tactics', '{"reprehenderit ullamco dolore ali","cillum eiusmod fugiat","cillum fugiat irure labore","incididunt","voluptate amet ut","officia quis","est enim ex est","esse nisi amet exercitation volu"}', DEFAULT, DEFAULT), ('1ebb07c2-9cc9-56df-b9e3-71837bafdca1', 'd1b8f3f8-af26-5088-8712-273c28ba98f7', 36, 'unlisted', 'Early Game Dominance Guide', '{"est aliqua incididunt","proident est","velit mollit","est enim","cupidatat consectetur excepteur ","sit ad voluptate","excepteur","consequat sit","qui ad","enim veniam voluptate"}', DEFAULT, DEFAULT), ('217c4ba5-3ca5-503f-8fcd-2cf91341f163', '98eaafd3-adbf-5a3e-adb9-b3fb6971b6f1', 36, 'public', 'Vision Control Blueprint', '{"elit consequat consequat","reprehenderit consequat exercita","aliquip qui ex nulla","amet commodo consectetur","fugiat culpa","do duis","ad","minim laborum","pariatur pariatur Lorem"}', DEFAULT, DEFAULT), ('63c64b00-d130-5928-b403-258ebdb17248', '1d3f740a-8c60-5c1d-aa9e-3854a33c8e1d', 33, 'private', 'Early Game Dominance Guide', '{"cupidatat consequat id do","adipisicing excepteur magna cons","sit deserunt elit non","mollit incididunt non ut"}', DEFAULT, DEFAULT), ('0deb1a0e-8f26-576f-af23-e26ef824ea0b', '1d3f740a-8c60-5c1d-aa9e-3854a33c8e1d', 34, 'unlisted', 'Split Push Blueprint', '{"consequat","culpa occaecat magna nulla","culpa laborum duis reprehenderit","est dolor id minim esse","do eiusmod ipsum qui nisi","sunt in","ad nisi","velit commodo"}', DEFAULT, DEFAULT), ('924718ca-0525-5af0-b71a-2560f2cc09a0', '91434b27-2651-5429-8f42-45c3f8e334a0', 38, 'public', 'Map Control Blueprint', '{"et qui eiusmod","Lorem nulla occaecat laboris","voluptate"}', DEFAULT, DEFAULT), ('877842c0-f0dc-575b-a7ad-30915aaaeebe', '811570ef-0b81-508d-ba05-2f5e812d4131', 34, 'private', 'Secure Objective Playbook', '{}', DEFAULT, DEFAULT), ('ebce0b2a-b558-5f18-bddc-2af385fe3118', '9bf2ad50-cccb-50eb-8269-3a7e78bd21f5', 37, 'unlisted', 'Baron Control Strategy', '{"cupidatat sunt enim officia ea","adipisicing culpa","officia","minim qui","nulla Lorem sunt","non enim labore","eiusmod sit tempor enim","dolor do id adipisicing"}', DEFAULT, DEFAULT), ('67f00577-22b1-541a-b8eb-43f4241ec322', '8b7e423b-b9b9-5b3c-bf3d-1aa45d16235c', 35, 'private', 'Objective Focused Strategy', '{"excepteur amet","pariatur cupidatat","voluptate tempor","occaecat veniam pariatur adipisi","eu elit exercitation elit cupida","do tempor id aliquip","anim aliqua non"}', DEFAULT, DEFAULT), ('5c1d9b7d-9f54-545c-ae19-f60dd5ff1d25', 'a5831e58-2fc9-5b59-970d-00c344a4eb18', 32, 'unlisted', 'Aggressive Rush Strategy', '{"pariatur laborum","eu enim ipsum sint consequat","elit reprehenderit anim","occaecat aute","nisi","est","nostrud minim excepteur officia ","ea Lorem laboris eiusmod"}', DEFAULT, DEFAULT), ('339c2395-3fcf-5f3b-90ec-90611b01fa37', '882c7ae5-914f-539d-8207-691de536097f', 36, 'public', 'Early Game Dominance Guide', '{}', DEFAULT, DEFAULT), ('3e26da35-99ab-5fee-95a6-ca3120af490b', '811570ef-0b81-508d-ba05-2f5e812d4131', 37, 'unlisted', 'Vision Control Blueprint', '{"consectetur cupidatat aliquip mo","enim"}', DEFAULT, DEFAULT), ('540a4921-798c-58f1-8dda-fbb9b912bb43', '5ef5a669-7ca0-5a58-879f-c84c6abe3657', 32, 'unlisted', 'Vision Denial Blueprint', '{"consectetur","aliqua labore duis aute aliqua","minim et officia velit elit","sint do commodo","velit Lorem ad ea","enim excepteur ut","aute velit ut eu","deserunt nulla in","sint minim duis officia exercita"}', DEFAULT, DEFAULT), ('81b847bf-bc05-538e-bdc5-721f48634b78', '6c52c1d9-13a4-51ef-ae51-1dacc4c14be9', 35, 'unlisted', 'Gank Heavy Approach', '{}', DEFAULT, DEFAULT), ('2c9d2493-4412-5eae-aa39-69858c4bfd99', '2589cf16-4103-5a4f-b544-b30078083eaa', 34, 'private', 'Gank Heavy Approach', '{"voluptate nisi","incididunt aliquip ex nostrud"}', DEFAULT, DEFAULT), ('51ef9256-0eab-579a-868b-52c27ddf10e9', '29b47b7e-4cec-5d5a-b93d-172770b57ed6', 38, 'unlisted', 'Early Game Dominance Guide', '{"id est cillum","ut","aliqua pariatur officia","ipsum aute elit pariatur sit","eiusmod qui ipsum incididunt","est do officia amet anim","proident duis aute nisi duis","irure in id aliqua","elit consectetur veniam"}', DEFAULT, DEFAULT), ('d6ceb82b-4af2-5d8a-96c1-8d6a9db93a31', 'ca65e33b-de71-5d46-933a-849036127987', 38, 'public', 'Aggressive Rush Strategy', '{"ad consectetur","proident cillum consectetur ulla","qui ad","eu","incididunt cillum ea elit","nostrud consectetur officia moll","anim","consequat adipisicing laboris ei","consequat labore nulla cupidatat"}', DEFAULT, DEFAULT), ('01ae0a36-6172-5c0a-baff-6c1805e0976a', '2d1d7734-be70-5d07-a538-e76c6cae722e', 33, 'public', 'Wave Management Plan', '{"mollit voluptate laboris est","reprehenderit exercitation molli","laboris"}', DEFAULT, DEFAULT), ('df70af8b-9578-5bd7-9fd6-02ad92eaedca', '29b47b7e-4cec-5d5a-b93d-172770b57ed6', 33, 'unlisted', 'Gank Heavy Approach', '{"anim ea","labore","excepteur elit eiusmod mollit","enim fugiat Lorem nostrud","cupidatat nostrud","Lorem eu"}', DEFAULT, DEFAULT), ('82fca927-01aa-5c29-8d7a-7a868f9ba6ea', '9a184097-b9bc-5f22-ba40-6c62e83423ab', 34, 'public', 'Rotation Strategy Document', '{"magna dolor commodo dolor","eiusmod Lorem","nisi Lorem culpa","proident","do amet non aliqua","adipisicing veniam"}', DEFAULT, DEFAULT), ('4e5550d4-d39a-56c3-8f19-971fdeeb787e', '9a184097-b9bc-5f22-ba40-6c62e83423ab', 33, 'unlisted', 'Vision Denial Blueprint', '{"fugiat officia laboris","ut","amet excepteur velit","Lorem exercitation eu nulla sunt","excepteur eu in nulla","labore"}', DEFAULT, DEFAULT), ('83ec5ac5-8c23-5e38-8151-36af62098fff', 'b7a89d05-549f-565f-b631-b59097e91d1a', 36, 'private', 'Siege Tactics Handbook', '{"nulla nisi adipisicing cupidatat","non aliqua","duis cupidatat eu laborum","elit reprehenderit nisi","occaecat adipisicing deserunt en","laboris culpa irure et exercitat","proident aute excepteur nostrud","sit enim"}', DEFAULT, DEFAULT), ('d1996167-52fb-5e4a-b849-75efada773e6', '9b1fc781-1e4e-56d2-bd68-0dc257a319c0', 32, 'unlisted', 'Defensive Turtle Tactics', '{"reprehenderit in in laborum","occaecat consectetur excepteur","ipsum consectetur nulla sint"}', DEFAULT, DEFAULT), ('1818e464-6a87-5266-8677-c069741c3ab2', 'b32027db-33da-5dc2-b906-e0c2a06ac683', 34, 'unlisted', 'Vision Control Blueprint', '{"amet excepteur labore","aute pariatur ex","anim minim Lorem mollit","do eiusmod incididunt","commodo commodo laborum ipsum vo","ex laboris consectetur ipsum","mollit minim non"}', DEFAULT, DEFAULT), ('13ebb239-29e1-53ff-93b0-d55e3db05a11', 'eda91f04-12ef-5904-88aa-e6ed9a692e03', 37, 'unlisted', 'Baron Control Strategy', '{"tempor","proident officia"}', DEFAULT, DEFAULT), ('a0a63713-f2dd-56aa-98a3-f6a26bcae5b9', '5ef5a669-7ca0-5a58-879f-c84c6abe3657', 37, 'unlisted', 'Jungle Control Playbook', '{"pariatur culpa nulla et","fugiat dolore veniam","cupidatat consectetur proident i","culpa esse nulla consectetur tem","tempor qui","eu cillum et","occaecat aliqua"}', DEFAULT, DEFAULT), ('4029bbad-86a6-5e60-a150-da0664c62b92', 'd19db439-c7e7-53a7-aa19-0db346180dc1', 33, 'private', 'Team Fight Execution Plan', '{"sit occaecat commodo cupidatat","ipsum et","dolore fugiat","commodo nisi ullamco ad","sunt mollit","voluptate mollit","exercitation culpa est pariatur","occaecat fugiat irure culpa","deserunt consequat nisi"}', DEFAULT, DEFAULT), ('6636a6a8-3a2d-5862-bb24-3e77bffdb640', '5ef5a669-7ca0-5a58-879f-c84c6abe3657', 34, 'private', 'Wave Management Plan', '{}', DEFAULT, DEFAULT), ('4ba85443-f89e-5d68-8d4a-da572969b0dd', 'd1b8f3f8-af26-5088-8712-273c28ba98f7', 38, 'public', 'Split Push Blueprint', '{"ex quis","veniam commodo","nisi ad officia","consequat quis minim"}', DEFAULT, DEFAULT), ('55fbf0ae-1fd2-57d5-9884-2ceca8eef8f3', 'b7a89d05-549f-565f-b631-b59097e91d1a', 33, 'unlisted', 'Team Fight Execution Plan', '{"laboris laboris labore","sunt","nisi nulla incididunt labore tem","pariatur occaecat non","mollit id eu","incididunt","enim id officia deserunt eiusmod","mollit adipisicing duis mollit"}', DEFAULT, DEFAULT), ('c91a5204-a47c-5f58-8042-f917f2facb4b', '1d3f740a-8c60-5c1d-aa9e-3854a33c8e1d', 35, 'public', 'Late Game Scaling Strategy', '{"proident ullamco tempor","sunt et eiusmod consequat","excepteur eu labore"}', DEFAULT, DEFAULT), ('fdca53a8-e101-5585-90b8-82f7d3c1fc24', 'd1b8f3f8-af26-5088-8712-273c28ba98f7', 38, 'public', 'Jungle Control Playbook', '{"dolore adipisicing sint","elit aute irure excepteur do","dolor aliquip in velit","amet","ullamco tempor cillum aliqua","culpa minim","eu exercitation nisi","labore est ea"}', DEFAULT, DEFAULT), ('a76c18ad-af72-57b7-b165-f7757943d51e', '9b1fc781-1e4e-56d2-bd68-0dc257a319c0', 37, 'unlisted', 'Jungle Control Playbook', '{"sint velit aliqua"}', DEFAULT, DEFAULT), ('bf7ffe87-c4e2-5aa1-86f7-2fdfa8315ff6', '5ef5a669-7ca0-5a58-879f-c84c6abe3657', 38, 'unlisted', 'Gank Heavy Approach', '{"tempor incididunt","nostrud sint duis nulla consecte","esse occaecat anim magna nisi","laboris quis minim","aliquip tempor"}', DEFAULT, DEFAULT), ('764f06ba-b246-5c62-8e43-89fe991c749d', '882c7ae5-914f-539d-8207-691de536097f', 35, 'public', 'Secure Objective Playbook', '{"aute eu ex minim non","minim ad","ex occaecat et do"}', DEFAULT, DEFAULT), ('229d48f9-9e17-5f91-bd2c-3f3cdbae28c1', 'd1b8f3f8-af26-5088-8712-273c28ba98f7', 35, 'public', 'Counter Pick Blueprint', '{"ut ad sit reprehenderit"}', DEFAULT, DEFAULT), ('505fdba9-c563-5897-bd99-f3fd7e6efb10', '36f6f3ba-e867-5008-b6c1-829e989f9d2f', 35, 'private', 'Map Control Blueprint', '{"velit duis ex ea","magna enim","magna tempor veniam","ullamco culpa consectetur","aliquip ea sint officia","incididunt laborum","nostrud proident non","tempor enim cupidatat","do irure enim"}', DEFAULT, DEFAULT), ('ad47e58b-6404-5eb4-b01c-1ab02b3af226', 'd297ab9e-40d4-51b5-bb8f-a1df399f1a9a', 35, 'private', 'Gank Heavy Approach', '{"fugiat","laborum amet","et exercitation est anim ea","adipisicing nisi consequat","nulla sunt labore do qui","occaecat veniam","duis labore in","enim amet est ad","eiusmod aliqua adipisicing cillu"}', DEFAULT, DEFAULT), ('4ae4f149-a1da-5a76-913f-5ea02c87f4e0', '2589cf16-4103-5a4f-b544-b30078083eaa', 33, 'unlisted', 'Counter Pick Blueprint', '{"sunt Lorem sint","fugiat velit sit quis","et labore ut id","sunt quis aliquip","ea dolor incididunt amet consect","nisi exercitation veniam"}', DEFAULT, DEFAULT), ('a85217e5-f8d6-5dd0-996b-8464fa1021ff', '29b47b7e-4cec-5d5a-b93d-172770b57ed6', 36, 'public', 'Counter Pick Blueprint', '{"excepteur sit eiusmod exercitati"}', DEFAULT, DEFAULT), ('b21411a7-0afc-5cf3-81fc-471ab95f5d8d', 'a3141029-aec2-543b-b18a-49fe947e3304', 32, 'unlisted', 'Vision Denial Blueprint', '{"veniam culpa ut","nisi","ad excepteur sunt","pariatur laboris dolore consequa","ut consectetur voluptate Lorem","mollit quis Lorem veniam","velit"}', DEFAULT, DEFAULT), ('d37fd98f-746a-582e-a0fc-de28d96e48c5', 'd1b8f3f8-af26-5088-8712-273c28ba98f7', 36, 'public', 'Siege Tactics Handbook', '{"cupidatat eiusmod exercitation","culpa duis","eu pariatur irure","ex"}', DEFAULT, DEFAULT), ('2dc53ff7-923f-50df-a732-82b60afbba2f', 'f52ce409-f800-5a86-b4ed-ce1a99a8a6ae', 35, 'unlisted', 'Roaming Support Plan', '{"pariatur","aute sunt magna excepteur","et ad","cupidatat sunt ipsum ullamco","in sit nostrud officia reprehend","proident qui","ipsum id dolor","sunt amet duis sunt","mollit laborum ex"}', DEFAULT, DEFAULT), ('f9690101-a16f-5108-b391-78c9dba8aeee', '19495f2f-99a6-5394-9596-a1d3fb0d3196', 32, 'unlisted', 'Late Game Scaling Strategy', '{"anim aliquip commodo incididunt "}', DEFAULT, DEFAULT), ('7441a375-e1c1-5111-b299-b73d6da10ca2', '98eaafd3-adbf-5a3e-adb9-b3fb6971b6f1', 33, 'unlisted', 'Vision Denial Blueprint', '{"non","voluptate quis","Lorem occaecat fugiat nulla","commodo cupidatat do","sit id ex voluptate ad","labore mollit elit voluptate cup","deserunt nisi","ipsum aliqua"}', DEFAULT, DEFAULT), ('ca1d2bcf-5a98-5759-81b6-75e3ed47122a', 'ca65e33b-de71-5d46-933a-849036127987', 36, 'private', 'Objective Focused Strategy', '{"deserunt quis minim proident","enim laboris ipsum excepteur","Lorem","tempor in ea","aute anim mollit non cupidatat","reprehenderit excepteur elit"}', DEFAULT, DEFAULT), ('77b1dab4-a856-5c18-bb24-053f8869bc5b', '1e7e0bcb-4fc0-5d72-81a5-d67a74a13595', 33, 'private', 'Rotation Strategy Document', '{"labore","labore irure","aliquip laborum non","sunt officia","laborum culpa","pariatur sunt"}', DEFAULT, DEFAULT), ('08b3c695-d6fb-54e4-9ef2-bf508a57adc1', 'b32027db-33da-5dc2-b906-e0c2a06ac683', 38, 'public', 'Aggressive Rush Strategy', '{"aliqua nulla ipsum","consequat","sint"}', DEFAULT, DEFAULT), ('7dc16d02-274a-5e7f-bc31-6af29982313f', 'ca65e33b-de71-5d46-933a-849036127987', 38, 'private', 'Late Game Scaling Strategy', '{"magna officia minim","culpa deserunt","fugiat nulla sint cupidatat adip","velit","do dolor irure occaecat amet"}', DEFAULT, DEFAULT), ('acad405c-f8e9-559b-bd11-e0ffc3bebca6', 'a5831e58-2fc9-5b59-970d-00c344a4eb18', 33, 'unlisted', 'Siege Tactics Handbook', '{"laboris aliquip sit anim","laborum in","non laboris","do nisi laboris elit","fugiat"}', DEFAULT, DEFAULT), ('16d95573-87cd-5d45-be45-e8a020ba40ac', 'd1b8f3f8-af26-5088-8712-273c28ba98f7', 32, 'private', 'Counter Pick Blueprint', '{}', DEFAULT, DEFAULT), ('5a993b43-eca0-563f-b6c9-fdd440759e85', '9a184097-b9bc-5f22-ba40-6c62e83423ab', 38, 'unlisted', 'Team Fight Execution Plan', '{"ex cupidatat velit","tempor ea","cillum fugiat quis","consectetur Lorem sit nostrud ad"}', DEFAULT, DEFAULT), ('f7bfc2c8-d52a-5806-97fd-77bd67d93b23', 'a5831e58-2fc9-5b59-970d-00c344a4eb18', 37, 'unlisted', 'Counter Pick Blueprint', '{"incididunt dolore et ullamco","culpa nostrud","et quis duis mollit labore","fugiat"}', DEFAULT, DEFAULT), ('748d5a8c-f2bf-5974-9c72-24f98b85813b', '1d3f740a-8c60-5c1d-aa9e-3854a33c8e1d', 37, 'private', 'Defensive Turtle Tactics', '{"pariatur commodo mollit excepteu"}', DEFAULT, DEFAULT), ('808d9117-ba04-5cb0-8827-639e2642b0ee', '811570ef-0b81-508d-ba05-2f5e812d4131', 37, 'public', 'Team Fight Execution Plan', '{"in","pariatur anim ullamco","anim pariatur commodo","ullamco","deserunt ullamco laboris amet ex"}', DEFAULT, DEFAULT), ('e0185351-5b08-58b2-bd3e-c09965750112', 'f52ce409-f800-5a86-b4ed-ce1a99a8a6ae', 36, 'public', 'Roaming Support Plan', '{"sunt cillum deserunt","aliquip eiusmod velit ut amet","laboris officia amet","et pariatur dolor cupidatat adip","duis","tempor ad pariatur do sunt","consectetur officia aliqua deser"}', DEFAULT, DEFAULT), ('993f7ab3-9b54-5771-a99e-0c6d75a1f37d', 'a88bc9b9-135e-55c7-8c4c-5a072a3c8573', 37, 'unlisted', 'Late Game Scaling Strategy', '{"velit veniam dolore"}', DEFAULT, DEFAULT), ('bdb5114a-76d3-5fe4-944c-043e7ebd99da', '8b7e423b-b9b9-5b3c-bf3d-1aa45d16235c', 34, 'public', 'Baron Control Strategy', '{"ipsum quis est","velit consectetur id minim","fugiat ad anim amet","nulla ea irure","nulla"}', DEFAULT, DEFAULT), ('aa4964a1-4611-5528-9df9-ef170866214f', 'ca65e33b-de71-5d46-933a-849036127987', 36, 'unlisted', 'Baron Control Strategy', '{"amet aliquip","tempor reprehenderit irure","commodo aliquip anim"}', DEFAULT, DEFAULT), ('ec14513a-7d3c-5172-b68b-d531791ec9de', '9bf2ad50-cccb-50eb-8269-3a7e78bd21f5', 36, 'private', 'Aggressive Rush Strategy', '{"aliquip aliquip voluptate"}', DEFAULT, DEFAULT), ('a0f81f50-aa3d-5780-b485-a54fb7b7833a', 'd297ab9e-40d4-51b5-bb8f-a1df399f1a9a', 32, 'private', 'Team Fight Execution Plan', '{}', DEFAULT, DEFAULT), ('aabd5608-e04b-5bd8-8d75-d004a1b17409', 'a88bc9b9-135e-55c7-8c4c-5a072a3c8573', 32, 'unlisted', 'Objective Focused Strategy', '{"nostrud","sit aliquip veniam velit","in consequat veniam esse","deserunt ullamco aute sint","ex aliquip"}', DEFAULT, DEFAULT), ('7bcc2b79-de31-5963-9cfd-559af77da3be', '19495f2f-99a6-5394-9596-a1d3fb0d3196', 38, 'unlisted', 'Wave Management Plan', '{"laboris minim","tempor quis pariatur elit","veniam labore eiusmod tempor cup","minim est commodo","veniam elit veniam ad","duis aliquip veniam magna","cupidatat dolor esse quis","labore culpa reprehenderit","do eiusmod esse","commodo pariatur velit"}', DEFAULT, DEFAULT), ('b4293a01-a1be-5e58-a088-abc550c9f820', 'a5831e58-2fc9-5b59-970d-00c344a4eb18', 36, 'private', 'Early Game Dominance Guide', '{"et officia qui officia dolor","incididunt eu","nostrud tempor","sint laborum quis"}', DEFAULT, DEFAULT), ('a97e2960-b385-5f99-88c2-9e562f32234e', '438bff0e-fd50-5c86-89ee-d397a0c0e548', 35, 'public', 'Team Fight Execution Plan', '{"enim","ipsum","do duis consequat commodo aliqua","labore ullamco","excepteur mollit dolore Lorem","cillum ea","deserunt fugiat reprehenderit la"}', DEFAULT, DEFAULT), ('db39a462-f36a-54ba-b38e-2fcf35273cba', '98eaafd3-adbf-5a3e-adb9-b3fb6971b6f1', 33, 'private', 'Counter Pick Blueprint', '{"reprehenderit ipsum laboris ipsu","do ullamco","elit proident et ut reprehenderi","elit","amet enim velit","non ad","consequat labore minim non incid"}', DEFAULT, DEFAULT), ('35dc016a-9edc-565d-923e-9bee9a60bd24', '9a184097-b9bc-5f22-ba40-6c62e83423ab', 35, 'public', 'Siege Tactics Handbook', '{"minim reprehenderit voluptate","velit et ea non","nostrud aliquip","ea"}', DEFAULT, DEFAULT), ('61e4dc6c-b183-5c81-91cb-8dc622fd6913', '98eaafd3-adbf-5a3e-adb9-b3fb6971b6f1', 32, 'unlisted', 'Siege Tactics Handbook', '{"dolore ad","labore id commodo officia tempor","ea ad reprehenderit aliqua esse","dolore magna","sint aliquip cupidatat quis","qui velit"}', DEFAULT, DEFAULT), ('b5df5eae-45e8-5f54-a8f9-351afabf5f65', '98eaafd3-adbf-5a3e-adb9-b3fb6971b6f1', 37, 'unlisted', 'Rotation Strategy Document', '{"exercitation incididunt elit","labore","incididunt sunt voluptate nisi","laboris fugiat duis"}', DEFAULT, DEFAULT), ('18aa22db-700e-5a8a-892c-5bf7b7da1bbf', '19495f2f-99a6-5394-9596-a1d3fb0d3196', 33, 'public', 'Aggressive Rush Strategy', '{"fugiat ad ullamco amet","sunt qui dolore","do nulla veniam","consequat tempor labore consecte","deserunt nostrud"}', DEFAULT, DEFAULT), ('7c9a7a2f-bf97-5fb7-9ff3-bb3e363fce60', '91434b27-2651-5429-8f42-45c3f8e334a0', 33, 'unlisted', 'Gank Heavy Approach', '{"et est excepteur aute","duis consectetur","non incididunt esse qui consecte","fugiat","commodo","nisi qui","non ad irure","do ullamco qui"}', DEFAULT, DEFAULT), ('93216013-7bd8-59b1-a3f0-b1087d4d7f00', 'd297ab9e-40d4-51b5-bb8f-a1df399f1a9a', 37, 'public', 'Secure Objective Playbook', '{"deserunt est"}', DEFAULT, DEFAULT), ('3e057cf2-df3a-50e5-82fa-e2dcf87ebd5a', '1d3f740a-8c60-5c1d-aa9e-3854a33c8e1d', 32, 'public', 'Secure Objective Playbook', '{"est tempor incididunt dolor","laborum sunt","voluptate fugiat anim","duis esse quis reprehenderit","quis culpa","Lorem pariatur veniam excepteur","labore"}', DEFAULT, DEFAULT), ('e3f5f266-44d3-5096-b897-56678a5f974b', '36f6f3ba-e867-5008-b6c1-829e989f9d2f', 36, 'private', 'Vision Denial Blueprint', '{"fugiat aliqua laboris irure","irure occaecat","consectetur laboris eu et","sint","ullamco consectetur nisi"}', DEFAULT, DEFAULT), ('ffbcf0c1-44bb-549f-ba50-18e1e874a611', 'a88bc9b9-135e-55c7-8c4c-5a072a3c8573', 32, 'private', 'Counter Pick Blueprint', '{"minim ipsum","elit","do sunt irure","veniam mollit est aliqua ut"}', DEFAULT, DEFAULT), ('c4f414cf-451e-5497-88db-62020e3a0dc5', '5ef5a669-7ca0-5a58-879f-c84c6abe3657', 34, 'private', 'Baron Control Strategy', '{"sit pariatur deserunt nisi","aute proident sunt","eiusmod reprehenderit consequat ","veniam irure","aliqua mollit aliquip ad","officia dolore","et magna sint reprehenderit","excepteur incididunt magna","eiusmod nisi","minim enim qui consectetur"}', DEFAULT, DEFAULT), ('a109823a-0d02-5064-b8ef-3186d6d08cb0', '5ef5a669-7ca0-5a58-879f-c84c6abe3657', 32, 'private', 'Aggressive Rush Strategy', '{"tempor esse consequat","nulla"}', DEFAULT, DEFAULT), ('3e4b1eac-b214-5aaa-a7f0-29af8a5b2ce9', '29b47b7e-4cec-5d5a-b93d-172770b57ed6', 34, 'public', 'Rotation Strategy Document', '{"tempor laboris irure"}', DEFAULT, DEFAULT), ('72819b1c-0a2a-5e86-b5bc-5741c2854f96', '6c52c1d9-13a4-51ef-ae51-1dacc4c14be9', 33, 'private', 'Split Push Blueprint', '{"aliqua voluptate","cupidatat velit cillum ullamco"}', DEFAULT, DEFAULT), ('b5d7b26a-56f4-59fc-853e-1a1306ab6e95', '19495f2f-99a6-5394-9596-a1d3fb0d3196', 32, 'public', 'Objective Focused Strategy', '{"incididunt nisi do et","exercitation tempor ea est","nisi ex","esse exercitation","exercitation ad fugiat","proident proident duis ut"}', DEFAULT, DEFAULT), ('29365629-31e8-5e53-b1ae-ffdad1c2009e', 'd19db439-c7e7-53a7-aa19-0db346180dc1', 32, 'unlisted', 'Jungle Control Playbook', '{"commodo do pariatur","aliquip occaecat excepteur labor","non Lorem","reprehenderit duis ullamco et do","ipsum qui consequat duis","tempor","sunt sint aliqua labore proident"}', DEFAULT, DEFAULT), ('ef9b1028-31e2-59d9-a64e-2a4d1686e96e', 'a3141029-aec2-543b-b18a-49fe947e3304', 35, 'unlisted', 'Objective Focused Strategy', '{"cupidatat ea","occaecat ipsum tempor","officia veniam aliquip excepteur","Lorem","non nisi magna mollit","velit aliqua"}', DEFAULT, DEFAULT), ('51f9c2fa-a6a8-5d1e-9ef8-efb89c34ee1c', '438bff0e-fd50-5c86-89ee-d397a0c0e548', 35, 'private', 'Split Push Blueprint', '{"anim Lorem consequat incididunt","eu irure excepteur"}', DEFAULT, DEFAULT), ('930338c0-ea8e-56fc-b2df-a68255a6182c', '8b7e423b-b9b9-5b3c-bf3d-1aa45d16235c', 34, 'private', 'Aggressive Rush Strategy', '{"sunt voluptate officia minim","sit qui in laboris"}', DEFAULT, DEFAULT), ('14f0b4c0-9d33-5d68-85ae-cc3d31b6b19e', '549980e7-3e77-5d76-b263-84664d04b209', 32, 'public', 'Jungle Control Playbook', '{"reprehenderit ad aute est","culpa nulla aute et","sint sint amet","incididunt consectetur in","amet occaecat id","irure duis sint","cillum","laboris veniam id"}', DEFAULT, DEFAULT), ('7c51f66f-cf81-571f-a65c-f571f1f39cc9', 'ca65e33b-de71-5d46-933a-849036127987', 38, 'private', 'Roaming Support Plan', '{"incididunt eu adipisicing","sit ipsum laborum","irure esse ex ad","incididunt nisi aliqua reprehend","anim sit labore","duis laborum"}', DEFAULT, DEFAULT), ('764b9b2a-d477-5bff-a789-cba064ac71f8', 'a88bc9b9-135e-55c7-8c4c-5a072a3c8573', 34, 'public', 'Vision Control Blueprint', '{"officia quis laborum eiusmod","culpa do","pariatur excepteur non adipisici","id","sit fugiat reprehenderit","dolore nostrud"}', DEFAULT, DEFAULT), ('1125d49b-2ad6-5500-bd14-7e0649f5dd73', '549980e7-3e77-5d76-b263-84664d04b209', 38, 'unlisted', 'Team Fight Execution Plan', '{"quis in fugiat","tempor aute veniam","dolore amet","culpa","proident nostrud id nulla","minim"}', DEFAULT, DEFAULT), ('de1d5557-45c4-5747-8c2d-f8c09704db25', 'a88bc9b9-135e-55c7-8c4c-5a072a3c8573', 38, 'private', 'Baron Control Strategy', '{"irure magna tempor","ad commodo ullamco","sunt labore eiusmod","sit ad sunt anim duis","sint laboris Lorem eu","eiusmod nisi mollit","veniam elit"}', DEFAULT, DEFAULT), ('dc2759a8-51ca-575d-9678-0ac64e900648', '36f6f3ba-e867-5008-b6c1-829e989f9d2f', 33, 'private', 'Late Game Scaling Strategy', '{"qui"}', DEFAULT, DEFAULT), ('8c0ef303-3ae4-5fe5-b0be-ef1788ae8707', '438bff0e-fd50-5c86-89ee-d397a0c0e548', 33, 'public', 'Vision Control Blueprint', '{"Lorem veniam","est non laboris","incididunt enim commodo"}', DEFAULT, DEFAULT), ('ddd094e1-b8f4-560e-b960-af5227a9b337', '1e7e0bcb-4fc0-5d72-81a5-d67a74a13595', 37, 'unlisted', 'Map Control Blueprint', '{"laboris non magna ad labore"}', DEFAULT, DEFAULT), ('4bd93d1d-9da0-508d-a30a-5cd1fe2e858d', 'ac9f0e3e-b030-584f-a8dd-87355fe22537', 34, 'public', 'Baron Control Strategy', '{"officia nulla tempor officia","mollit tempor proident non","amet quis laborum officia","ex adipisicing ipsum","magna ex veniam"}', DEFAULT, DEFAULT), ('2d25022b-866c-584e-895d-11b8a727c08f', 'd1b8f3f8-af26-5088-8712-273c28ba98f7', 36, 'public', 'Jungle Control Playbook', '{"veniam officia","ullamco consequat"}', DEFAULT, DEFAULT), ('8d4a5d0e-3ef8-5e54-ac1b-6a14acb1ad0e', 'f52ce409-f800-5a86-b4ed-ce1a99a8a6ae', 33, 'private', 'Team Fight Execution Plan', '{"do consequat aute"}', DEFAULT, DEFAULT), ('6b889196-1556-5eef-89c0-e7506a0ca45b', 'ac9f0e3e-b030-584f-a8dd-87355fe22537', 33, 'public', 'Baron Control Strategy', '{"veniam"}', DEFAULT, DEFAULT), ('e6b5025c-d432-567c-bc94-e80f642225ff', 'ca65e33b-de71-5d46-933a-849036127987', 32, 'public', 'Aggressive Rush Strategy', '{"culpa dolor","sunt ex ut cupidatat","culpa id","incididunt occaecat","non proident"}', DEFAULT, DEFAULT), ('4d0eaa15-67e7-50e5-bd92-8596a8c41516', '91fa3874-9437-5dfa-a49a-f19fb38d9e92', 32, 'public', 'Jungle Control Playbook', '{"eiusmod ut adipisicing","anim dolore ex minim velit","voluptate sunt","do elit veniam","irure anim","adipisicing aute non elit","enim sit eiusmod veniam tempor","fugiat in","proident","magna"}', DEFAULT, DEFAULT), ('c2405ac9-0838-5ce8-a85b-e6db0fbe6c10', '9a184097-b9bc-5f22-ba40-6c62e83423ab', 37, 'unlisted', 'Early Game Dominance Guide', '{"fugiat","aliquip","dolor mollit qui eu","ex aute","nulla ex do","voluptate cillum aliqua fugiat","qui","in eu tempor ad"}', DEFAULT, DEFAULT), ('c8df1446-9b17-5687-8ff4-001003cfca37', 'eda91f04-12ef-5904-88aa-e6ed9a692e03', 38, 'private', 'Jungle Control Playbook', '{"nisi id adipisicing","ad","ipsum consectetur occaecat est i","occaecat"}', DEFAULT, DEFAULT), ('f706294d-163e-5aef-a517-eae489067781', '29b47b7e-4cec-5d5a-b93d-172770b57ed6', 33, 'public', 'Counter Pick Blueprint', '{"eu","officia id","ex consectetur ea"}', DEFAULT, DEFAULT), ('bee3d023-7908-5b1b-a6e7-320078c804bf', 'a88bc9b9-135e-55c7-8c4c-5a072a3c8573', 37, 'private', 'Roaming Support Plan', '{}', DEFAULT, DEFAULT), ('d607d7db-ee7a-57fa-b0f1-08a24201e561', '9a184097-b9bc-5f22-ba40-6c62e83423ab', 33, 'unlisted', 'Objective Focused Strategy', '{"consectetur ad eiusmod excepteur","laborum","minim proident velit"}', DEFAULT, DEFAULT), ('6db5eb76-a4d8-59b2-8682-ac0a5dca423f', '5ef5a669-7ca0-5a58-879f-c84c6abe3657', 38, 'public', 'Objective Focused Strategy', '{"aute excepteur et non","non aliqua consectetur","ad ex labore"}', DEFAULT, DEFAULT), ('f0859c52-737d-58da-9c95-b804668a9ae6', 'b32027db-33da-5dc2-b906-e0c2a06ac683', 38, 'public', 'Gank Heavy Approach', '{"enim incididunt mollit minim","labore fugiat esse","eiusmod ullamco in laborum dolor","non reprehenderit aliqua","laborum nostrud aute pariatur","dolor irure","sint voluptate fugiat sint"}', DEFAULT, DEFAULT), ('f843e0b1-5e16-5c9e-923e-e155f87b2422', '8b7e423b-b9b9-5b3c-bf3d-1aa45d16235c', 37, 'unlisted', 'Aggressive Rush Strategy', '{"velit voluptate eiusmod mollit","incididunt elit ut","deserunt et laborum sit","incididunt","labore qui esse","est eiusmod in"}', DEFAULT, DEFAULT), ('971d3e7d-1fd1-5fd1-ba3a-0a99dda2cb04', '5ef5a669-7ca0-5a58-879f-c84c6abe3657', 36, 'public', 'Secure Objective Playbook', '{"officia do aliqua aliquip pariat","ex ut","do eiusmod","laborum pariatur consequat deser","ex in"}', DEFAULT, DEFAULT), ('51c6dab5-99f7-56c9-a820-7cfc76e25abf', 'ac9f0e3e-b030-584f-a8dd-87355fe22537', 38, 'public', 'Early Game Dominance Guide', '{"veniam sint","irure do enim","magna aliqua officia","ut qui"}', DEFAULT, DEFAULT), ('88430d1c-f998-5183-ac05-d06b362a058a', '19495f2f-99a6-5394-9596-a1d3fb0d3196', 37, 'public', 'Map Control Blueprint', '{"voluptate id aliquip nostrud","cillum pariatur","eiusmod fugiat incididunt labore"}', DEFAULT, DEFAULT), ('fc959555-d183-544e-8cf6-52532b383f25', '91434b27-2651-5429-8f42-45c3f8e334a0', 38, 'private', 'Jungle Control Playbook', '{"laboris est consectetur","duis","anim commodo ipsum qui","ullamco","officia sint laborum","enim","enim","aute est","magna nulla"}', DEFAULT, DEFAULT), ('94935318-fc9b-5864-874e-912b663c75f7', 'b7a89d05-549f-565f-b631-b59097e91d1a', 34, 'private', 'Defensive Turtle Tactics', '{"ut culpa sint amet","mollit","incididunt nostrud pariatur","in Lorem laboris excepteur incid"}', DEFAULT, DEFAULT), ('ea529f5a-add2-5f29-a44d-2a799c7ab051', 'a5831e58-2fc9-5b59-970d-00c344a4eb18', 36, 'unlisted', 'Early Game Dominance Guide', '{"voluptate culpa nulla fugiat","minim exercitation irure enim qu","elit tempor qui id","et","amet est","amet minim nisi eu nisi","nisi quis nulla","laboris velit anim","culpa labore aliquip deserunt"}', DEFAULT, DEFAULT), ('b2bd3c17-1864-5b1f-8d71-b6fe96b48ba6', '811570ef-0b81-508d-ba05-2f5e812d4131', 35, 'public', 'Early Game Dominance Guide', '{"Lorem reprehenderit veniam","minim irure eiusmod sunt","deserunt non nisi"}', DEFAULT, DEFAULT), ('a46777c9-6f34-5718-a195-68edd93e1d42', 'f52ce409-f800-5a86-b4ed-ce1a99a8a6ae', 37, 'private', 'Split Push Blueprint', '{"nulla qui eu aliqua aliqua","do ad","reprehenderit elit minim","sint","consequat et aliqua","ipsum labore mollit anim","sint eiusmod consequat"}', DEFAULT, DEFAULT), ('0f3df2fb-dd6e-55b9-9f86-0babb8fec748', '29b47b7e-4cec-5d5a-b93d-172770b57ed6', 37, 'public', 'Vision Control Blueprint', '{"mollit","ut enim","nostrud proident","ut consequat","dolor cillum","anim est pariatur","sunt irure","ex non"}', DEFAULT, DEFAULT), ('95bb7f47-209b-5f16-a018-19e8f23e6e16', 'a88bc9b9-135e-55c7-8c4c-5a072a3c8573', 33, 'public', 'Jungle Control Playbook', '{"duis veniam nostrud","sunt","nulla"}', DEFAULT, DEFAULT), ('78959a88-41ee-5d40-85cb-71e22f4c47aa', 'a88bc9b9-135e-55c7-8c4c-5a072a3c8573', 35, 'public', 'Jungle Control Playbook', '{"quis","proident non"}', DEFAULT, DEFAULT), ('a9e614f8-c87a-596e-bdaf-6e577865453e', 'b5605791-3389-56c2-9ec6-17d538b9bb85', 38, 'public', 'Siege Tactics Handbook', '{"cillum reprehenderit cupidatat c","laborum"}', DEFAULT, DEFAULT), ('f80096a0-59ff-58f8-a58f-cd508cb0f33e', 'd297ab9e-40d4-51b5-bb8f-a1df399f1a9a', 35, 'public', 'Defensive Turtle Tactics', '{"duis veniam","aliquip consequat","quis id et","aute sit","exercitation"}', DEFAULT, DEFAULT), ('a444e395-f85a-5fcf-904b-e713df3a17f6', 'b5605791-3389-56c2-9ec6-17d538b9bb85', 36, 'public', 'Siege Tactics Handbook', '{"tempor officia deserunt","esse officia anim","fugiat irure quis cupidatat","non esse fugiat anim","ex labore cupidatat irure consec"}', DEFAULT, DEFAULT);
INSERT INTO public.blueprint_stage (id,blueprint_id,index,created_at,updated_at) VALUES (1, 'fd4a2d4e-8569-59ca-837d-fb7fa0ab1be1', 0, DEFAULT, DEFAULT), (2, 'fd4a2d4e-8569-59ca-837d-fb7fa0ab1be1', 1, DEFAULT, DEFAULT), (3, 'fd4a2d4e-8569-59ca-837d-fb7fa0ab1be1', 2, DEFAULT, DEFAULT), (4, 'e0502ed9-8194-54d4-be5d-43176e2a7438', 0, DEFAULT, DEFAULT), (5, 'e0502ed9-8194-54d4-be5d-43176e2a7438', 1, DEFAULT, DEFAULT), (6, 'e0502ed9-8194-54d4-be5d-43176e2a7438', 2, DEFAULT, DEFAULT), (7, 'cba89714-5b1d-590f-92a2-27cfb555b7e4', 0, DEFAULT, DEFAULT), (8, 'cba89714-5b1d-590f-92a2-27cfb555b7e4', 1, DEFAULT, DEFAULT), (9, 'cba89714-5b1d-590f-92a2-27cfb555b7e4', 2, DEFAULT, DEFAULT), (10, '497b8842-fb80-5638-ba6f-3f3e64daa06b', 0, DEFAULT, DEFAULT), (11, '497b8842-fb80-5638-ba6f-3f3e64daa06b', 1, DEFAULT, DEFAULT), (12, '497b8842-fb80-5638-ba6f-3f3e64daa06b', 2, DEFAULT, DEFAULT), (13, '75fbf0dd-b3c9-5513-87f0-9d9a9004f64c', 0, DEFAULT, DEFAULT), (14, '75fbf0dd-b3c9-5513-87f0-9d9a9004f64c', 1, DEFAULT, DEFAULT), (15, '75fbf0dd-b3c9-5513-87f0-9d9a9004f64c', 2, DEFAULT, DEFAULT), (16, '0352b4c9-6de9-5702-929d-3d622c6456a1', 0, DEFAULT, DEFAULT), (17, '0352b4c9-6de9-5702-929d-3d622c6456a1', 1, DEFAULT, DEFAULT), (18, '0352b4c9-6de9-5702-929d-3d622c6456a1', 2, DEFAULT, DEFAULT), (19, '1e701d2b-566c-5f82-8280-a2a9d02ee590', 0, DEFAULT, DEFAULT), (20, '1e701d2b-566c-5f82-8280-a2a9d02ee590', 1, DEFAULT, DEFAULT), (21, '1e701d2b-566c-5f82-8280-a2a9d02ee590', 2, DEFAULT, DEFAULT), (22, 'f04c0ed1-b624-5092-8b98-dae6fff857dc', 0, DEFAULT, DEFAULT), (23, 'f04c0ed1-b624-5092-8b98-dae6fff857dc', 1, DEFAULT, DEFAULT), (24, 'f04c0ed1-b624-5092-8b98-dae6fff857dc', 2, DEFAULT, DEFAULT), (25, '7eef79d9-ea6c-5417-b347-09dbcb8b4c78', 0, DEFAULT, DEFAULT), (26, '7eef79d9-ea6c-5417-b347-09dbcb8b4c78', 1, DEFAULT, DEFAULT), (27, '7eef79d9-ea6c-5417-b347-09dbcb8b4c78', 2, DEFAULT, DEFAULT), (28, '3aff3e37-0331-5c7a-a0f5-1b6595c2ad7b', 0, DEFAULT, DEFAULT), (29, '3aff3e37-0331-5c7a-a0f5-1b6595c2ad7b', 1, DEFAULT, DEFAULT), (30, '3aff3e37-0331-5c7a-a0f5-1b6595c2ad7b', 2, DEFAULT, DEFAULT), (31, '7c0cf1d4-d57d-5092-a3f0-ca49e04ace52', 0, DEFAULT, DEFAULT), (32, '7c0cf1d4-d57d-5092-a3f0-ca49e04ace52', 1, DEFAULT, DEFAULT), (33, '7c0cf1d4-d57d-5092-a3f0-ca49e04ace52', 2, DEFAULT, DEFAULT), (34, '26c80d6d-0d6f-5fb2-8296-8b5e9e1fdeb7', 0, DEFAULT, DEFAULT), (35, '26c80d6d-0d6f-5fb2-8296-8b5e9e1fdeb7', 1, DEFAULT, DEFAULT), (36, '26c80d6d-0d6f-5fb2-8296-8b5e9e1fdeb7', 2, DEFAULT, DEFAULT), (37, '310ccf44-859c-5587-8001-5aa84afb3236', 0, DEFAULT, DEFAULT), (38, '310ccf44-859c-5587-8001-5aa84afb3236', 1, DEFAULT, DEFAULT), (39, '310ccf44-859c-5587-8001-5aa84afb3236', 2, DEFAULT, DEFAULT), (40, 'c6131a0d-c1ea-5dce-8460-c91026e41f9f', 0, DEFAULT, DEFAULT), (41, 'c6131a0d-c1ea-5dce-8460-c91026e41f9f', 1, DEFAULT, DEFAULT), (42, 'c6131a0d-c1ea-5dce-8460-c91026e41f9f', 2, DEFAULT, DEFAULT), (43, '054eb394-a081-59a1-b613-e1c8bbcc6250', 0, DEFAULT, DEFAULT), (44, '054eb394-a081-59a1-b613-e1c8bbcc6250', 1, DEFAULT, DEFAULT), (45, '054eb394-a081-59a1-b613-e1c8bbcc6250', 2, DEFAULT, DEFAULT), (46, '4cb602e9-b66f-5f7e-a7a1-71729454372c', 0, DEFAULT, DEFAULT), (47, '4cb602e9-b66f-5f7e-a7a1-71729454372c', 1, DEFAULT, DEFAULT), (48, '4cb602e9-b66f-5f7e-a7a1-71729454372c', 2, DEFAULT, DEFAULT), (49, '8ed312f8-fa19-5305-a78e-7cdee2dc9e00', 0, DEFAULT, DEFAULT), (50, '8ed312f8-fa19-5305-a78e-7cdee2dc9e00', 1, DEFAULT, DEFAULT), (51, '8ed312f8-fa19-5305-a78e-7cdee2dc9e00', 2, DEFAULT, DEFAULT), (52, 'c9bad04c-3d6e-5efe-9540-7763dde57640', 0, DEFAULT, DEFAULT), (53, 'c9bad04c-3d6e-5efe-9540-7763dde57640', 1, DEFAULT, DEFAULT), (54, 'c9bad04c-3d6e-5efe-9540-7763dde57640', 2, DEFAULT, DEFAULT), (55, '7a350dde-d215-538c-bfd3-d5cdd8b40555', 0, DEFAULT, DEFAULT), (56, '7a350dde-d215-538c-bfd3-d5cdd8b40555', 1, DEFAULT, DEFAULT), (57, '7a350dde-d215-538c-bfd3-d5cdd8b40555', 2, DEFAULT, DEFAULT), (58, 'bd6c4dd0-06e8-56ab-abd6-6e9e777c13a7', 0, DEFAULT, DEFAULT), (59, 'bd6c4dd0-06e8-56ab-abd6-6e9e777c13a7', 1, DEFAULT, DEFAULT), (60, 'bd6c4dd0-06e8-56ab-abd6-6e9e777c13a7', 2, DEFAULT, DEFAULT), (61, '844103e5-8cf8-5795-8a63-ccecfc3e2001', 0, DEFAULT, DEFAULT), (62, '844103e5-8cf8-5795-8a63-ccecfc3e2001', 1, DEFAULT, DEFAULT), (63, '844103e5-8cf8-5795-8a63-ccecfc3e2001', 2, DEFAULT, DEFAULT), (64, '582d0ca1-76cc-5500-9dd8-190ab817072d', 0, DEFAULT, DEFAULT), (65, '582d0ca1-76cc-5500-9dd8-190ab817072d', 1, DEFAULT, DEFAULT), (66, '582d0ca1-76cc-5500-9dd8-190ab817072d', 2, DEFAULT, DEFAULT), (67, '9012aa86-f8a2-5033-82d5-336bcaa03c26', 0, DEFAULT, DEFAULT), (68, '9012aa86-f8a2-5033-82d5-336bcaa03c26', 1, DEFAULT, DEFAULT), (69, '9012aa86-f8a2-5033-82d5-336bcaa03c26', 2, DEFAULT, DEFAULT), (70, '746bb5ad-439a-519a-90ef-991641df1623', 0, DEFAULT, DEFAULT), (71, '746bb5ad-439a-519a-90ef-991641df1623', 1, DEFAULT, DEFAULT), (72, '746bb5ad-439a-519a-90ef-991641df1623', 2, DEFAULT, DEFAULT), (73, 'b1bab82d-de7c-55e3-8115-1651b8f68765', 0, DEFAULT, DEFAULT), (74, 'b1bab82d-de7c-55e3-8115-1651b8f68765', 1, DEFAULT, DEFAULT), (75, 'b1bab82d-de7c-55e3-8115-1651b8f68765', 2, DEFAULT, DEFAULT), (76, '0145500d-2ab2-5c49-9cea-edd711ce1cc9', 0, DEFAULT, DEFAULT), (77, '0145500d-2ab2-5c49-9cea-edd711ce1cc9', 1, DEFAULT, DEFAULT), (78, '0145500d-2ab2-5c49-9cea-edd711ce1cc9', 2, DEFAULT, DEFAULT), (79, '703c3370-90fb-5d22-8365-f34357b3ffb8', 0, DEFAULT, DEFAULT), (80, '703c3370-90fb-5d22-8365-f34357b3ffb8', 1, DEFAULT, DEFAULT), (81, '703c3370-90fb-5d22-8365-f34357b3ffb8', 2, DEFAULT, DEFAULT), (82, 'fd862b26-fe8c-52d0-b06e-3c9f938bd3ab', 0, DEFAULT, DEFAULT), (83, 'fd862b26-fe8c-52d0-b06e-3c9f938bd3ab', 1, DEFAULT, DEFAULT), (84, 'fd862b26-fe8c-52d0-b06e-3c9f938bd3ab', 2, DEFAULT, DEFAULT), (85, '70415515-b81b-59ef-a1ed-18578b73b7ae', 0, DEFAULT, DEFAULT), (86, '70415515-b81b-59ef-a1ed-18578b73b7ae', 1, DEFAULT, DEFAULT), (87, '70415515-b81b-59ef-a1ed-18578b73b7ae', 2, DEFAULT, DEFAULT), (88, 'c5558815-aa72-5938-a7c8-62ae2c1a039c', 0, DEFAULT, DEFAULT), (89, 'c5558815-aa72-5938-a7c8-62ae2c1a039c', 1, DEFAULT, DEFAULT), (90, 'c5558815-aa72-5938-a7c8-62ae2c1a039c', 2, DEFAULT, DEFAULT), (91, '703bbd20-9625-5bd7-8aa3-5ead0245fe50', 0, DEFAULT, DEFAULT), (92, '703bbd20-9625-5bd7-8aa3-5ead0245fe50', 1, DEFAULT, DEFAULT), (93, '703bbd20-9625-5bd7-8aa3-5ead0245fe50', 2, DEFAULT, DEFAULT), (94, '68ff3d82-b6b6-5053-9e74-aa9b346dd8d1', 0, DEFAULT, DEFAULT), (95, '68ff3d82-b6b6-5053-9e74-aa9b346dd8d1', 1, DEFAULT, DEFAULT), (96, '68ff3d82-b6b6-5053-9e74-aa9b346dd8d1', 2, DEFAULT, DEFAULT), (97, '522e120d-7e21-504a-9c96-99e429197e5a', 0, DEFAULT, DEFAULT), (98, '522e120d-7e21-504a-9c96-99e429197e5a', 1, DEFAULT, DEFAULT), (99, '522e120d-7e21-504a-9c96-99e429197e5a', 2, DEFAULT, DEFAULT), (100, '54b879fc-04e4-53b3-8cec-0174fc0ccd34', 0, DEFAULT, DEFAULT), (101, '54b879fc-04e4-53b3-8cec-0174fc0ccd34', 1, DEFAULT, DEFAULT), (102, '54b879fc-04e4-53b3-8cec-0174fc0ccd34', 2, DEFAULT, DEFAULT), (103, 'fb90b354-0ae1-59da-9637-61f6c5ed3fb9', 0, DEFAULT, DEFAULT), (104, 'fb90b354-0ae1-59da-9637-61f6c5ed3fb9', 1, DEFAULT, DEFAULT), (105, 'fb90b354-0ae1-59da-9637-61f6c5ed3fb9', 2, DEFAULT, DEFAULT), (106, '95b3988b-e14b-57a7-900d-4985cb116f17', 0, DEFAULT, DEFAULT), (107, '95b3988b-e14b-57a7-900d-4985cb116f17', 1, DEFAULT, DEFAULT), (108, '95b3988b-e14b-57a7-900d-4985cb116f17', 2, DEFAULT, DEFAULT), (109, '7d1face3-2e87-52f5-9623-fff9de0a6539', 0, DEFAULT, DEFAULT), (110, '7d1face3-2e87-52f5-9623-fff9de0a6539', 1, DEFAULT, DEFAULT), (111, '7d1face3-2e87-52f5-9623-fff9de0a6539', 2, DEFAULT, DEFAULT), (112, 'e8bf9a25-132d-5d46-b40a-d08534be6c9f', 0, DEFAULT, DEFAULT), (113, 'e8bf9a25-132d-5d46-b40a-d08534be6c9f', 1, DEFAULT, DEFAULT), (114, 'e8bf9a25-132d-5d46-b40a-d08534be6c9f', 2, DEFAULT, DEFAULT), (115, '29a560e9-84d9-5f41-9b09-76969cbfb144', 0, DEFAULT, DEFAULT), (116, '29a560e9-84d9-5f41-9b09-76969cbfb144', 1, DEFAULT, DEFAULT), (117, '29a560e9-84d9-5f41-9b09-76969cbfb144', 2, DEFAULT, DEFAULT), (118, 'd9c4b302-5ab0-5114-8120-41d1876c7eb9', 0, DEFAULT, DEFAULT), (119, 'd9c4b302-5ab0-5114-8120-41d1876c7eb9', 1, DEFAULT, DEFAULT), (120, 'd9c4b302-5ab0-5114-8120-41d1876c7eb9', 2, DEFAULT, DEFAULT), (121, 'ca1b9e1e-f7c0-5c4a-a566-aabf3f7ebb80', 0, DEFAULT, DEFAULT), (122, 'ca1b9e1e-f7c0-5c4a-a566-aabf3f7ebb80', 1, DEFAULT, DEFAULT), (123, 'ca1b9e1e-f7c0-5c4a-a566-aabf3f7ebb80', 2, DEFAULT, DEFAULT), (124, 'cde91e33-9c71-56e0-b19e-f2372fa577cf', 0, DEFAULT, DEFAULT), (125, 'cde91e33-9c71-56e0-b19e-f2372fa577cf', 1, DEFAULT, DEFAULT), (126, 'cde91e33-9c71-56e0-b19e-f2372fa577cf', 2, DEFAULT, DEFAULT), (127, '013547e4-326e-5221-8377-310093ccf53a', 0, DEFAULT, DEFAULT), (128, '013547e4-326e-5221-8377-310093ccf53a', 1, DEFAULT, DEFAULT), (129, '013547e4-326e-5221-8377-310093ccf53a', 2, DEFAULT, DEFAULT), (130, '50cffa66-dd91-5aed-8c46-1b76e488de31', 0, DEFAULT, DEFAULT), (131, '50cffa66-dd91-5aed-8c46-1b76e488de31', 1, DEFAULT, DEFAULT), (132, '50cffa66-dd91-5aed-8c46-1b76e488de31', 2, DEFAULT, DEFAULT), (133, 'f550c2bf-a147-5e29-8a01-470336f387eb', 0, DEFAULT, DEFAULT), (134, 'f550c2bf-a147-5e29-8a01-470336f387eb', 1, DEFAULT, DEFAULT), (135, 'f550c2bf-a147-5e29-8a01-470336f387eb', 2, DEFAULT, DEFAULT), (136, 'a30e3d57-ad0a-594d-9622-8a2514b8110c', 0, DEFAULT, DEFAULT), (137, 'a30e3d57-ad0a-594d-9622-8a2514b8110c', 1, DEFAULT, DEFAULT), (138, 'a30e3d57-ad0a-594d-9622-8a2514b8110c', 2, DEFAULT, DEFAULT), (139, 'cb76f565-509b-50d9-bbe4-5c6e7c9b0eb4', 0, DEFAULT, DEFAULT), (140, 'cb76f565-509b-50d9-bbe4-5c6e7c9b0eb4', 1, DEFAULT, DEFAULT), (141, 'cb76f565-509b-50d9-bbe4-5c6e7c9b0eb4', 2, DEFAULT, DEFAULT), (142, 'a344c7b4-07e6-54df-b4ed-f27c7916e147', 0, DEFAULT, DEFAULT), (143, 'a344c7b4-07e6-54df-b4ed-f27c7916e147', 1, DEFAULT, DEFAULT), (144, 'a344c7b4-07e6-54df-b4ed-f27c7916e147', 2, DEFAULT, DEFAULT), (145, '6c40d2d3-07ad-5aa1-a5fa-cf5861475e5d', 0, DEFAULT, DEFAULT), (146, '6c40d2d3-07ad-5aa1-a5fa-cf5861475e5d', 1, DEFAULT, DEFAULT), (147, '6c40d2d3-07ad-5aa1-a5fa-cf5861475e5d', 2, DEFAULT, DEFAULT), (148, 'ba7460a4-9316-52e4-9e3a-05ee82b85e66', 0, DEFAULT, DEFAULT), (149, 'ba7460a4-9316-52e4-9e3a-05ee82b85e66', 1, DEFAULT, DEFAULT), (150, 'ba7460a4-9316-52e4-9e3a-05ee82b85e66', 2, DEFAULT, DEFAULT), (151, 'fb3595df-62ad-5f54-ac34-3a578952555c', 0, DEFAULT, DEFAULT), (152, 'fb3595df-62ad-5f54-ac34-3a578952555c', 1, DEFAULT, DEFAULT), (153, 'fb3595df-62ad-5f54-ac34-3a578952555c', 2, DEFAULT, DEFAULT), (154, '90edde40-1b87-5f75-90b9-68639fbcb2b8', 0, DEFAULT, DEFAULT), (155, '90edde40-1b87-5f75-90b9-68639fbcb2b8', 1, DEFAULT, DEFAULT), (156, '90edde40-1b87-5f75-90b9-68639fbcb2b8', 2, DEFAULT, DEFAULT), (157, 'ea26a496-35d8-5f3f-a769-a80898ec7b17', 0, DEFAULT, DEFAULT), (158, 'ea26a496-35d8-5f3f-a769-a80898ec7b17', 1, DEFAULT, DEFAULT), (159, 'ea26a496-35d8-5f3f-a769-a80898ec7b17', 2, DEFAULT, DEFAULT), (160, '035a0a25-d588-551c-9f76-4e9f593ffaf4', 0, DEFAULT, DEFAULT), (161, '035a0a25-d588-551c-9f76-4e9f593ffaf4', 1, DEFAULT, DEFAULT), (162, '035a0a25-d588-551c-9f76-4e9f593ffaf4', 2, DEFAULT, DEFAULT), (163, 'e7f55997-6008-5d29-9f7f-564ab748cc59', 0, DEFAULT, DEFAULT), (164, 'e7f55997-6008-5d29-9f7f-564ab748cc59', 1, DEFAULT, DEFAULT), (165, 'e7f55997-6008-5d29-9f7f-564ab748cc59', 2, DEFAULT, DEFAULT), (166, '396ce0bd-b3e1-5b3c-94ea-bb5357e1c76a', 0, DEFAULT, DEFAULT), (167, '396ce0bd-b3e1-5b3c-94ea-bb5357e1c76a', 1, DEFAULT, DEFAULT), (168, '396ce0bd-b3e1-5b3c-94ea-bb5357e1c76a', 2, DEFAULT, DEFAULT), (169, '4cb2c65b-80df-57cc-9c0d-6c346029b88f', 0, DEFAULT, DEFAULT), (170, '4cb2c65b-80df-57cc-9c0d-6c346029b88f', 1, DEFAULT, DEFAULT), (171, '4cb2c65b-80df-57cc-9c0d-6c346029b88f', 2, DEFAULT, DEFAULT), (172, '8172dfee-2cce-5dee-9293-b6bd5f74d656', 0, DEFAULT, DEFAULT), (173, '8172dfee-2cce-5dee-9293-b6bd5f74d656', 1, DEFAULT, DEFAULT), (174, '8172dfee-2cce-5dee-9293-b6bd5f74d656', 2, DEFAULT, DEFAULT), (175, '910e8e4b-af24-5f28-a2eb-631066a490eb', 0, DEFAULT, DEFAULT), (176, '910e8e4b-af24-5f28-a2eb-631066a490eb', 1, DEFAULT, DEFAULT), (177, '910e8e4b-af24-5f28-a2eb-631066a490eb', 2, DEFAULT, DEFAULT), (178, '150381a3-e791-54de-9419-0edac12fb9eb', 0, DEFAULT, DEFAULT), (179, '150381a3-e791-54de-9419-0edac12fb9eb', 1, DEFAULT, DEFAULT), (180, '150381a3-e791-54de-9419-0edac12fb9eb', 2, DEFAULT, DEFAULT), (181, 'ddb37574-0dbe-5aa4-a5e8-b15242cefaff', 0, DEFAULT, DEFAULT), (182, 'ddb37574-0dbe-5aa4-a5e8-b15242cefaff', 1, DEFAULT, DEFAULT), (183, 'ddb37574-0dbe-5aa4-a5e8-b15242cefaff', 2, DEFAULT, DEFAULT), (184, '77fbdaed-4103-591b-82ee-3e3fa4b78a9b', 0, DEFAULT, DEFAULT), (185, '77fbdaed-4103-591b-82ee-3e3fa4b78a9b', 1, DEFAULT, DEFAULT), (186, '77fbdaed-4103-591b-82ee-3e3fa4b78a9b', 2, DEFAULT, DEFAULT), (187, '0f1e8b42-396d-5765-be37-bce2ee646e04', 0, DEFAULT, DEFAULT), (188, '0f1e8b42-396d-5765-be37-bce2ee646e04', 1, DEFAULT, DEFAULT), (189, '0f1e8b42-396d-5765-be37-bce2ee646e04', 2, DEFAULT, DEFAULT), (190, '5308f8b3-4d4d-529a-bd7c-3a77ac4fe6ae', 0, DEFAULT, DEFAULT), (191, '5308f8b3-4d4d-529a-bd7c-3a77ac4fe6ae', 1, DEFAULT, DEFAULT), (192, '5308f8b3-4d4d-529a-bd7c-3a77ac4fe6ae', 2, DEFAULT, DEFAULT), (193, '851e9ece-db38-530e-b3f9-f5e1d49a3b34', 0, DEFAULT, DEFAULT), (194, '851e9ece-db38-530e-b3f9-f5e1d49a3b34', 1, DEFAULT, DEFAULT), (195, '851e9ece-db38-530e-b3f9-f5e1d49a3b34', 2, DEFAULT, DEFAULT), (196, '2189cd55-c657-5ce9-999a-da1a2dbf7ea0', 0, DEFAULT, DEFAULT), (197, '2189cd55-c657-5ce9-999a-da1a2dbf7ea0', 1, DEFAULT, DEFAULT), (198, '2189cd55-c657-5ce9-999a-da1a2dbf7ea0', 2, DEFAULT, DEFAULT), (199, '902d4a21-0657-5095-b741-ac0d408bb89e', 0, DEFAULT, DEFAULT), (200, '902d4a21-0657-5095-b741-ac0d408bb89e', 1, DEFAULT, DEFAULT), (201, '902d4a21-0657-5095-b741-ac0d408bb89e', 2, DEFAULT, DEFAULT), (202, '0d40f7c0-72b0-55c2-8e48-c6c65bd9815f', 0, DEFAULT, DEFAULT), (203, '0d40f7c0-72b0-55c2-8e48-c6c65bd9815f', 1, DEFAULT, DEFAULT), (204, '0d40f7c0-72b0-55c2-8e48-c6c65bd9815f', 2, DEFAULT, DEFAULT), (205, 'f09f5f0c-d6f4-5089-a919-82fdea15dad9', 0, DEFAULT, DEFAULT), (206, 'f09f5f0c-d6f4-5089-a919-82fdea15dad9', 1, DEFAULT, DEFAULT), (207, 'f09f5f0c-d6f4-5089-a919-82fdea15dad9', 2, DEFAULT, DEFAULT), (208, '9bfcf305-f3a4-5bed-9ee4-3f5ccf9e59af', 0, DEFAULT, DEFAULT), (209, '9bfcf305-f3a4-5bed-9ee4-3f5ccf9e59af', 1, DEFAULT, DEFAULT), (210, '9bfcf305-f3a4-5bed-9ee4-3f5ccf9e59af', 2, DEFAULT, DEFAULT), (211, '2ff309f0-6726-5920-ad23-47ba58fd2525', 0, DEFAULT, DEFAULT), (212, '2ff309f0-6726-5920-ad23-47ba58fd2525', 1, DEFAULT, DEFAULT), (213, '2ff309f0-6726-5920-ad23-47ba58fd2525', 2, DEFAULT, DEFAULT), (214, 'bac302d7-9e20-52d1-89cc-b0e99ef3b896', 0, DEFAULT, DEFAULT), (215, 'bac302d7-9e20-52d1-89cc-b0e99ef3b896', 1, DEFAULT, DEFAULT), (216, 'bac302d7-9e20-52d1-89cc-b0e99ef3b896', 2, DEFAULT, DEFAULT), (217, 'ef31ceeb-0f8d-5da0-ab9c-18045c420f99', 0, DEFAULT, DEFAULT), (218, 'ef31ceeb-0f8d-5da0-ab9c-18045c420f99', 1, DEFAULT, DEFAULT), (219, 'ef31ceeb-0f8d-5da0-ab9c-18045c420f99', 2, DEFAULT, DEFAULT), (220, '2be70e34-56ed-5cb2-9758-b8f796ec32ec', 0, DEFAULT, DEFAULT), (221, '2be70e34-56ed-5cb2-9758-b8f796ec32ec', 1, DEFAULT, DEFAULT), (222, '2be70e34-56ed-5cb2-9758-b8f796ec32ec', 2, DEFAULT, DEFAULT), (223, '49e5f9f5-6a8f-5423-81e9-9e8e2c467770', 0, DEFAULT, DEFAULT), (224, '49e5f9f5-6a8f-5423-81e9-9e8e2c467770', 1, DEFAULT, DEFAULT), (225, '49e5f9f5-6a8f-5423-81e9-9e8e2c467770', 2, DEFAULT, DEFAULT), (226, '421a5d89-58fa-56e2-87c9-a4c6fd3159db', 0, DEFAULT, DEFAULT), (227, '421a5d89-58fa-56e2-87c9-a4c6fd3159db', 1, DEFAULT, DEFAULT), (228, '421a5d89-58fa-56e2-87c9-a4c6fd3159db', 2, DEFAULT, DEFAULT), (229, 'c2ab0ed6-ea98-544f-a35e-cfff5a185dc8', 0, DEFAULT, DEFAULT), (230, 'c2ab0ed6-ea98-544f-a35e-cfff5a185dc8', 1, DEFAULT, DEFAULT), (231, 'c2ab0ed6-ea98-544f-a35e-cfff5a185dc8', 2, DEFAULT, DEFAULT), (232, '6c6d219e-3884-5c60-8485-0fb500d0b675', 0, DEFAULT, DEFAULT), (233, '6c6d219e-3884-5c60-8485-0fb500d0b675', 1, DEFAULT, DEFAULT), (234, '6c6d219e-3884-5c60-8485-0fb500d0b675', 2, DEFAULT, DEFAULT), (235, 'd5fd2418-0c52-558a-8369-707f9186db0b', 0, DEFAULT, DEFAULT), (236, 'd5fd2418-0c52-558a-8369-707f9186db0b', 1, DEFAULT, DEFAULT), (237, 'd5fd2418-0c52-558a-8369-707f9186db0b', 2, DEFAULT, DEFAULT), (238, '0f22fcab-183d-5e80-9a98-c495a215f5f8', 0, DEFAULT, DEFAULT), (239, '0f22fcab-183d-5e80-9a98-c495a215f5f8', 1, DEFAULT, DEFAULT), (240, '0f22fcab-183d-5e80-9a98-c495a215f5f8', 2, DEFAULT, DEFAULT), (241, 'f92c2ba5-8b0e-58ef-9364-e364e4c41522', 0, DEFAULT, DEFAULT), (242, 'f92c2ba5-8b0e-58ef-9364-e364e4c41522', 1, DEFAULT, DEFAULT), (243, 'f92c2ba5-8b0e-58ef-9364-e364e4c41522', 2, DEFAULT, DEFAULT), (244, 'e2ec2872-d983-5938-8f1c-38a9a14124dd', 0, DEFAULT, DEFAULT), (245, 'e2ec2872-d983-5938-8f1c-38a9a14124dd', 1, DEFAULT, DEFAULT), (246, 'e2ec2872-d983-5938-8f1c-38a9a14124dd', 2, DEFAULT, DEFAULT), (247, '4d4230bc-d1b6-532c-9bbf-8c67caf4f9ed', 0, DEFAULT, DEFAULT), (248, '4d4230bc-d1b6-532c-9bbf-8c67caf4f9ed', 1, DEFAULT, DEFAULT), (249, '4d4230bc-d1b6-532c-9bbf-8c67caf4f9ed', 2, DEFAULT, DEFAULT), (250, '8be9ffc5-25d1-5c32-be1f-9a9ec00544f6', 0, DEFAULT, DEFAULT), (251, '8be9ffc5-25d1-5c32-be1f-9a9ec00544f6', 1, DEFAULT, DEFAULT), (252, '8be9ffc5-25d1-5c32-be1f-9a9ec00544f6', 2, DEFAULT, DEFAULT), (253, 'a3241e44-bd93-5a11-a730-863e8eb75275', 0, DEFAULT, DEFAULT), (254, 'a3241e44-bd93-5a11-a730-863e8eb75275', 1, DEFAULT, DEFAULT), (255, 'a3241e44-bd93-5a11-a730-863e8eb75275', 2, DEFAULT, DEFAULT), (256, 'a1c32f18-989f-5961-80f5-4a21a838bc95', 0, DEFAULT, DEFAULT), (257, 'a1c32f18-989f-5961-80f5-4a21a838bc95', 1, DEFAULT, DEFAULT), (258, 'a1c32f18-989f-5961-80f5-4a21a838bc95', 2, DEFAULT, DEFAULT), (259, '8fde1282-59d1-5f9b-bc10-4130ce793fa9', 0, DEFAULT, DEFAULT), (260, '8fde1282-59d1-5f9b-bc10-4130ce793fa9', 1, DEFAULT, DEFAULT), (261, '8fde1282-59d1-5f9b-bc10-4130ce793fa9', 2, DEFAULT, DEFAULT), (262, 'f85f8e1b-b8a0-528e-bc81-49b3e6a34ee5', 0, DEFAULT, DEFAULT), (263, 'f85f8e1b-b8a0-528e-bc81-49b3e6a34ee5', 1, DEFAULT, DEFAULT), (264, 'f85f8e1b-b8a0-528e-bc81-49b3e6a34ee5', 2, DEFAULT, DEFAULT), (265, 'e16cfe57-140d-5b3e-90f8-910575ffdd47', 0, DEFAULT, DEFAULT), (266, 'e16cfe57-140d-5b3e-90f8-910575ffdd47', 1, DEFAULT, DEFAULT), (267, 'e16cfe57-140d-5b3e-90f8-910575ffdd47', 2, DEFAULT, DEFAULT), (268, '06866e23-2aeb-59f2-9d3c-156507eb23db', 0, DEFAULT, DEFAULT), (269, '06866e23-2aeb-59f2-9d3c-156507eb23db', 1, DEFAULT, DEFAULT), (270, '06866e23-2aeb-59f2-9d3c-156507eb23db', 2, DEFAULT, DEFAULT), (271, 'e5c44c16-4905-59d0-8c2a-f48ebfc3fdcc', 0, DEFAULT, DEFAULT), (272, 'e5c44c16-4905-59d0-8c2a-f48ebfc3fdcc', 1, DEFAULT, DEFAULT), (273, 'e5c44c16-4905-59d0-8c2a-f48ebfc3fdcc', 2, DEFAULT, DEFAULT), (274, '0298782b-da7d-55b4-a736-8126dd2f9d32', 0, DEFAULT, DEFAULT), (275, '0298782b-da7d-55b4-a736-8126dd2f9d32', 1, DEFAULT, DEFAULT), (276, '0298782b-da7d-55b4-a736-8126dd2f9d32', 2, DEFAULT, DEFAULT), (277, '8f534833-d8c3-5d0a-b63c-bd2740be0330', 0, DEFAULT, DEFAULT), (278, '8f534833-d8c3-5d0a-b63c-bd2740be0330', 1, DEFAULT, DEFAULT), (279, '8f534833-d8c3-5d0a-b63c-bd2740be0330', 2, DEFAULT, DEFAULT), (280, '1caeec83-1956-53fb-9c1a-7f585775c524', 0, DEFAULT, DEFAULT), (281, '1caeec83-1956-53fb-9c1a-7f585775c524', 1, DEFAULT, DEFAULT), (282, '1caeec83-1956-53fb-9c1a-7f585775c524', 2, DEFAULT, DEFAULT), (283, '28f2bbc2-0260-5d64-a9bf-64e9bc163c30', 0, DEFAULT, DEFAULT), (284, '28f2bbc2-0260-5d64-a9bf-64e9bc163c30', 1, DEFAULT, DEFAULT), (285, '28f2bbc2-0260-5d64-a9bf-64e9bc163c30', 2, DEFAULT, DEFAULT), (286, '8590b74a-b67e-5525-9786-4e0fc4c65d06', 0, DEFAULT, DEFAULT), (287, '8590b74a-b67e-5525-9786-4e0fc4c65d06', 1, DEFAULT, DEFAULT), (288, '8590b74a-b67e-5525-9786-4e0fc4c65d06', 2, DEFAULT, DEFAULT), (289, 'fa5e4221-0eae-5da7-9a16-5b8399b9ef50', 0, DEFAULT, DEFAULT), (290, 'fa5e4221-0eae-5da7-9a16-5b8399b9ef50', 1, DEFAULT, DEFAULT), (291, 'fa5e4221-0eae-5da7-9a16-5b8399b9ef50', 2, DEFAULT, DEFAULT), (292, 'fedb01d5-16e2-59fd-8845-ff6a92bd83f7', 0, DEFAULT, DEFAULT), (293, 'fedb01d5-16e2-59fd-8845-ff6a92bd83f7', 1, DEFAULT, DEFAULT), (294, 'fedb01d5-16e2-59fd-8845-ff6a92bd83f7', 2, DEFAULT, DEFAULT), (295, 'd6d0cf2a-b6d2-5f41-bc05-2fe5bf5ca317', 0, DEFAULT, DEFAULT), (296, 'd6d0cf2a-b6d2-5f41-bc05-2fe5bf5ca317', 1, DEFAULT, DEFAULT), (297, 'd6d0cf2a-b6d2-5f41-bc05-2fe5bf5ca317', 2, DEFAULT, DEFAULT), (298, 'a18cadaa-4531-5180-a607-ad2a5bc25f0c', 0, DEFAULT, DEFAULT), (299, 'a18cadaa-4531-5180-a607-ad2a5bc25f0c', 1, DEFAULT, DEFAULT), (300, 'a18cadaa-4531-5180-a607-ad2a5bc25f0c', 2, DEFAULT, DEFAULT), (301, '7858de1c-870d-5289-9bbf-085e4de69d79', 0, DEFAULT, DEFAULT), (302, '7858de1c-870d-5289-9bbf-085e4de69d79', 1, DEFAULT, DEFAULT), (303, '7858de1c-870d-5289-9bbf-085e4de69d79', 2, DEFAULT, DEFAULT), (304, 'c5510993-cf82-5729-a476-bbba91fd2ee1', 0, DEFAULT, DEFAULT), (305, 'c5510993-cf82-5729-a476-bbba91fd2ee1', 1, DEFAULT, DEFAULT), (306, 'c5510993-cf82-5729-a476-bbba91fd2ee1', 2, DEFAULT, DEFAULT), (307, '65495df9-49dc-5680-b4b7-97fe7364e837', 0, DEFAULT, DEFAULT), (308, '65495df9-49dc-5680-b4b7-97fe7364e837', 1, DEFAULT, DEFAULT), (309, '65495df9-49dc-5680-b4b7-97fe7364e837', 2, DEFAULT, DEFAULT), (310, '6a08951b-2f4b-5069-a734-056efe107e30', 0, DEFAULT, DEFAULT), (311, '6a08951b-2f4b-5069-a734-056efe107e30', 1, DEFAULT, DEFAULT), (312, '6a08951b-2f4b-5069-a734-056efe107e30', 2, DEFAULT, DEFAULT), (313, 'd96e9820-0562-5ef0-a957-fb16e8a3cda6', 0, DEFAULT, DEFAULT), (314, 'd96e9820-0562-5ef0-a957-fb16e8a3cda6', 1, DEFAULT, DEFAULT), (315, 'd96e9820-0562-5ef0-a957-fb16e8a3cda6', 2, DEFAULT, DEFAULT), (316, '44d39286-2c39-52c0-9fdf-811ac2ac0b4f', 0, DEFAULT, DEFAULT), (317, '44d39286-2c39-52c0-9fdf-811ac2ac0b4f', 1, DEFAULT, DEFAULT), (318, '44d39286-2c39-52c0-9fdf-811ac2ac0b4f', 2, DEFAULT, DEFAULT), (319, 'f5284b1c-c867-5bcb-ae27-b4a46054354e', 0, DEFAULT, DEFAULT), (320, 'f5284b1c-c867-5bcb-ae27-b4a46054354e', 1, DEFAULT, DEFAULT), (321, 'f5284b1c-c867-5bcb-ae27-b4a46054354e', 2, DEFAULT, DEFAULT), (322, '748b6b6e-790a-524c-8953-9f99ff6241ea', 0, DEFAULT, DEFAULT), (323, '748b6b6e-790a-524c-8953-9f99ff6241ea', 1, DEFAULT, DEFAULT), (324, '748b6b6e-790a-524c-8953-9f99ff6241ea', 2, DEFAULT, DEFAULT), (325, '94e59d3e-1e10-58ee-b57b-120d24970da8', 0, DEFAULT, DEFAULT), (326, '94e59d3e-1e10-58ee-b57b-120d24970da8', 1, DEFAULT, DEFAULT), (327, '94e59d3e-1e10-58ee-b57b-120d24970da8', 2, DEFAULT, DEFAULT), (328, 'a501e3c2-1df6-5f20-9532-89c5471331c6', 0, DEFAULT, DEFAULT), (329, 'a501e3c2-1df6-5f20-9532-89c5471331c6', 1, DEFAULT, DEFAULT), (330, 'a501e3c2-1df6-5f20-9532-89c5471331c6', 2, DEFAULT, DEFAULT), (331, 'eba1549a-b3ad-5f1e-ad56-15be0771d0f9', 0, DEFAULT, DEFAULT), (332, 'eba1549a-b3ad-5f1e-ad56-15be0771d0f9', 1, DEFAULT, DEFAULT), (333, 'eba1549a-b3ad-5f1e-ad56-15be0771d0f9', 2, DEFAULT, DEFAULT), (334, '02d6bfb1-b7f1-5129-9d1b-729fd2d36ca6', 0, DEFAULT, DEFAULT), (335, '02d6bfb1-b7f1-5129-9d1b-729fd2d36ca6', 1, DEFAULT, DEFAULT), (336, '02d6bfb1-b7f1-5129-9d1b-729fd2d36ca6', 2, DEFAULT, DEFAULT), (337, 'feadd401-b272-53d1-bc20-6dad4e3ffc29', 0, DEFAULT, DEFAULT), (338, 'feadd401-b272-53d1-bc20-6dad4e3ffc29', 1, DEFAULT, DEFAULT), (339, 'feadd401-b272-53d1-bc20-6dad4e3ffc29', 2, DEFAULT, DEFAULT), (340, 'f4023970-bb8c-5175-9f3e-42520be2a6af', 0, DEFAULT, DEFAULT), (341, 'f4023970-bb8c-5175-9f3e-42520be2a6af', 1, DEFAULT, DEFAULT), (342, 'f4023970-bb8c-5175-9f3e-42520be2a6af', 2, DEFAULT, DEFAULT), (343, 'ab471cfa-3489-5a6c-bf5c-82aeac3819f5', 0, DEFAULT, DEFAULT), (344, 'ab471cfa-3489-5a6c-bf5c-82aeac3819f5', 1, DEFAULT, DEFAULT), (345, 'ab471cfa-3489-5a6c-bf5c-82aeac3819f5', 2, DEFAULT, DEFAULT), (346, '782d8b69-ae89-5508-b431-d9e3d4f25423', 0, DEFAULT, DEFAULT), (347, '782d8b69-ae89-5508-b431-d9e3d4f25423', 1, DEFAULT, DEFAULT), (348, '782d8b69-ae89-5508-b431-d9e3d4f25423', 2, DEFAULT, DEFAULT), (349, 'bfbbf302-05a7-5b0c-991e-f7c79f52034e', 0, DEFAULT, DEFAULT), (350, 'bfbbf302-05a7-5b0c-991e-f7c79f52034e', 1, DEFAULT, DEFAULT), (351, 'bfbbf302-05a7-5b0c-991e-f7c79f52034e', 2, DEFAULT, DEFAULT), (352, '86a9949d-fbe2-5edf-bf64-6b822a75bdc8', 0, DEFAULT, DEFAULT), (353, '86a9949d-fbe2-5edf-bf64-6b822a75bdc8', 1, DEFAULT, DEFAULT), (354, '86a9949d-fbe2-5edf-bf64-6b822a75bdc8', 2, DEFAULT, DEFAULT), (355, '3d78c871-f9be-5ceb-b04c-13f9eb63efa0', 0, DEFAULT, DEFAULT), (356, '3d78c871-f9be-5ceb-b04c-13f9eb63efa0', 1, DEFAULT, DEFAULT), (357, '3d78c871-f9be-5ceb-b04c-13f9eb63efa0', 2, DEFAULT, DEFAULT), (358, 'e5e7301c-ed7e-5267-a91e-331eeecbad04', 0, DEFAULT, DEFAULT), (359, 'e5e7301c-ed7e-5267-a91e-331eeecbad04', 1, DEFAULT, DEFAULT), (360, 'e5e7301c-ed7e-5267-a91e-331eeecbad04', 2, DEFAULT, DEFAULT), (361, 'e06f1954-eb7e-5811-8e85-0b7239ac60d6', 0, DEFAULT, DEFAULT), (362, 'e06f1954-eb7e-5811-8e85-0b7239ac60d6', 1, DEFAULT, DEFAULT), (363, 'e06f1954-eb7e-5811-8e85-0b7239ac60d6', 2, DEFAULT, DEFAULT), (364, 'cbe8ef05-c651-5778-b8a6-717eee524007', 0, DEFAULT, DEFAULT), (365, 'cbe8ef05-c651-5778-b8a6-717eee524007', 1, DEFAULT, DEFAULT), (366, 'cbe8ef05-c651-5778-b8a6-717eee524007', 2, DEFAULT, DEFAULT), (367, '479e5b51-1e2b-5ac2-b0c4-d0fc97906c11', 0, DEFAULT, DEFAULT), (368, '479e5b51-1e2b-5ac2-b0c4-d0fc97906c11', 1, DEFAULT, DEFAULT), (369, '479e5b51-1e2b-5ac2-b0c4-d0fc97906c11', 2, DEFAULT, DEFAULT), (370, 'bcb7ae75-c1e7-50cd-ba0b-a339091eb350', 0, DEFAULT, DEFAULT), (371, 'bcb7ae75-c1e7-50cd-ba0b-a339091eb350', 1, DEFAULT, DEFAULT), (372, 'bcb7ae75-c1e7-50cd-ba0b-a339091eb350', 2, DEFAULT, DEFAULT), (373, '22dccad0-36ca-5845-a1bd-b6027b406b8d', 0, DEFAULT, DEFAULT), (374, '22dccad0-36ca-5845-a1bd-b6027b406b8d', 1, DEFAULT, DEFAULT), (375, '22dccad0-36ca-5845-a1bd-b6027b406b8d', 2, DEFAULT, DEFAULT), (376, 'd3293b00-a774-5f1e-99fc-e8f05eabde14', 0, DEFAULT, DEFAULT), (377, 'd3293b00-a774-5f1e-99fc-e8f05eabde14', 1, DEFAULT, DEFAULT), (378, 'd3293b00-a774-5f1e-99fc-e8f05eabde14', 2, DEFAULT, DEFAULT), (379, '6822c6f8-ae35-5c57-9558-9cc55665f5cb', 0, DEFAULT, DEFAULT), (380, '6822c6f8-ae35-5c57-9558-9cc55665f5cb', 1, DEFAULT, DEFAULT), (381, '6822c6f8-ae35-5c57-9558-9cc55665f5cb', 2, DEFAULT, DEFAULT), (382, '8ac966bd-de46-5e4a-8401-5328d63ae1b4', 0, DEFAULT, DEFAULT), (383, '8ac966bd-de46-5e4a-8401-5328d63ae1b4', 1, DEFAULT, DEFAULT), (384, '8ac966bd-de46-5e4a-8401-5328d63ae1b4', 2, DEFAULT, DEFAULT), (385, '36f6354b-1927-5b66-8fab-ef32da0e1694', 0, DEFAULT, DEFAULT), (386, '36f6354b-1927-5b66-8fab-ef32da0e1694', 1, DEFAULT, DEFAULT), (387, '36f6354b-1927-5b66-8fab-ef32da0e1694', 2, DEFAULT, DEFAULT), (388, 'a3befd2b-2867-5547-af7d-2fe7d53b98ef', 0, DEFAULT, DEFAULT), (389, 'a3befd2b-2867-5547-af7d-2fe7d53b98ef', 1, DEFAULT, DEFAULT), (390, 'a3befd2b-2867-5547-af7d-2fe7d53b98ef', 2, DEFAULT, DEFAULT), (391, '4d502d01-8a3a-58bc-acb8-f61c47f35e10', 0, DEFAULT, DEFAULT), (392, '4d502d01-8a3a-58bc-acb8-f61c47f35e10', 1, DEFAULT, DEFAULT), (393, '4d502d01-8a3a-58bc-acb8-f61c47f35e10', 2, DEFAULT, DEFAULT), (394, 'ebdf08a4-39c5-5347-ab53-e4ef0e2d1add', 0, DEFAULT, DEFAULT), (395, 'ebdf08a4-39c5-5347-ab53-e4ef0e2d1add', 1, DEFAULT, DEFAULT), (396, 'ebdf08a4-39c5-5347-ab53-e4ef0e2d1add', 2, DEFAULT, DEFAULT), (397, '4cfaa7bd-7f8e-52b6-a079-b1fc1773dccb', 0, DEFAULT, DEFAULT), (398, '4cfaa7bd-7f8e-52b6-a079-b1fc1773dccb', 1, DEFAULT, DEFAULT), (399, '4cfaa7bd-7f8e-52b6-a079-b1fc1773dccb', 2, DEFAULT, DEFAULT), (400, '379aa38a-0dab-5c06-8cdb-45bf5d7e2d27', 0, DEFAULT, DEFAULT), (401, '379aa38a-0dab-5c06-8cdb-45bf5d7e2d27', 1, DEFAULT, DEFAULT), (402, '379aa38a-0dab-5c06-8cdb-45bf5d7e2d27', 2, DEFAULT, DEFAULT), (403, '1cb4e4cf-86cc-5f46-9e77-98b857e060d9', 0, DEFAULT, DEFAULT), (404, '1cb4e4cf-86cc-5f46-9e77-98b857e060d9', 1, DEFAULT, DEFAULT), (405, '1cb4e4cf-86cc-5f46-9e77-98b857e060d9', 2, DEFAULT, DEFAULT), (406, 'f39bcc07-5eef-5435-b6e9-d947c3bae70d', 0, DEFAULT, DEFAULT), (407, 'f39bcc07-5eef-5435-b6e9-d947c3bae70d', 1, DEFAULT, DEFAULT), (408, 'f39bcc07-5eef-5435-b6e9-d947c3bae70d', 2, DEFAULT, DEFAULT), (409, '20a16bbe-0188-55a3-8d14-7e2e6b37794e', 0, DEFAULT, DEFAULT), (410, '20a16bbe-0188-55a3-8d14-7e2e6b37794e', 1, DEFAULT, DEFAULT), (411, '20a16bbe-0188-55a3-8d14-7e2e6b37794e', 2, DEFAULT, DEFAULT), (412, '75a162e8-f427-5c64-baca-dba20bc829dd', 0, DEFAULT, DEFAULT), (413, '75a162e8-f427-5c64-baca-dba20bc829dd', 1, DEFAULT, DEFAULT), (414, '75a162e8-f427-5c64-baca-dba20bc829dd', 2, DEFAULT, DEFAULT), (415, '5075bfb2-60b4-588c-ba9f-cd0f3efae77e', 0, DEFAULT, DEFAULT), (416, '5075bfb2-60b4-588c-ba9f-cd0f3efae77e', 1, DEFAULT, DEFAULT), (417, '5075bfb2-60b4-588c-ba9f-cd0f3efae77e', 2, DEFAULT, DEFAULT), (418, '329b0bda-79b1-53f3-afe7-b7495bde0220', 0, DEFAULT, DEFAULT), (419, '329b0bda-79b1-53f3-afe7-b7495bde0220', 1, DEFAULT, DEFAULT), (420, '329b0bda-79b1-53f3-afe7-b7495bde0220', 2, DEFAULT, DEFAULT), (421, 'fc992b53-61aa-5185-8280-7863348ce734', 0, DEFAULT, DEFAULT), (422, 'fc992b53-61aa-5185-8280-7863348ce734', 1, DEFAULT, DEFAULT), (423, 'fc992b53-61aa-5185-8280-7863348ce734', 2, DEFAULT, DEFAULT), (424, 'e15f78fd-c85d-5196-b441-614f0f00a652', 0, DEFAULT, DEFAULT), (425, 'e15f78fd-c85d-5196-b441-614f0f00a652', 1, DEFAULT, DEFAULT), (426, 'e15f78fd-c85d-5196-b441-614f0f00a652', 2, DEFAULT, DEFAULT), (427, '27d28c73-d0c0-5545-a0d3-0f0fa8e1aca6', 0, DEFAULT, DEFAULT), (428, '27d28c73-d0c0-5545-a0d3-0f0fa8e1aca6', 1, DEFAULT, DEFAULT), (429, '27d28c73-d0c0-5545-a0d3-0f0fa8e1aca6', 2, DEFAULT, DEFAULT), (430, 'bc0ae162-e51f-5f29-b5b0-87887eac9c85', 0, DEFAULT, DEFAULT), (431, 'bc0ae162-e51f-5f29-b5b0-87887eac9c85', 1, DEFAULT, DEFAULT), (432, 'bc0ae162-e51f-5f29-b5b0-87887eac9c85', 2, DEFAULT, DEFAULT), (433, '23cfe397-d97e-55bf-af72-35043f52d2bb', 0, DEFAULT, DEFAULT), (434, '23cfe397-d97e-55bf-af72-35043f52d2bb', 1, DEFAULT, DEFAULT), (435, '23cfe397-d97e-55bf-af72-35043f52d2bb', 2, DEFAULT, DEFAULT), (436, '2135e4d6-4261-59ed-a63d-11a8a55ba0c0', 0, DEFAULT, DEFAULT), (437, '2135e4d6-4261-59ed-a63d-11a8a55ba0c0', 1, DEFAULT, DEFAULT), (438, '2135e4d6-4261-59ed-a63d-11a8a55ba0c0', 2, DEFAULT, DEFAULT), (439, '32ca2e92-cee8-58b4-beec-0fd9742bf2df', 0, DEFAULT, DEFAULT), (440, '32ca2e92-cee8-58b4-beec-0fd9742bf2df', 1, DEFAULT, DEFAULT), (441, '32ca2e92-cee8-58b4-beec-0fd9742bf2df', 2, DEFAULT, DEFAULT), (442, '69e335b1-cf42-5234-867f-fc3222ba0932', 0, DEFAULT, DEFAULT), (443, '69e335b1-cf42-5234-867f-fc3222ba0932', 1, DEFAULT, DEFAULT), (444, '69e335b1-cf42-5234-867f-fc3222ba0932', 2, DEFAULT, DEFAULT), (445, '4addfd63-7007-5913-b0c6-95e35fe44af0', 0, DEFAULT, DEFAULT), (446, '4addfd63-7007-5913-b0c6-95e35fe44af0', 1, DEFAULT, DEFAULT), (447, '4addfd63-7007-5913-b0c6-95e35fe44af0', 2, DEFAULT, DEFAULT), (448, '29e1da9c-3bfa-53c5-8780-7032cb48ed69', 0, DEFAULT, DEFAULT), (449, '29e1da9c-3bfa-53c5-8780-7032cb48ed69', 1, DEFAULT, DEFAULT), (450, '29e1da9c-3bfa-53c5-8780-7032cb48ed69', 2, DEFAULT, DEFAULT), (451, '0fe3263a-4b99-5049-afdd-8a29336988d1', 0, DEFAULT, DEFAULT), (452, '0fe3263a-4b99-5049-afdd-8a29336988d1', 1, DEFAULT, DEFAULT), (453, '0fe3263a-4b99-5049-afdd-8a29336988d1', 2, DEFAULT, DEFAULT), (454, 'de533318-8238-5b98-90fa-7923fbda78df', 0, DEFAULT, DEFAULT), (455, 'de533318-8238-5b98-90fa-7923fbda78df', 1, DEFAULT, DEFAULT), (456, 'de533318-8238-5b98-90fa-7923fbda78df', 2, DEFAULT, DEFAULT), (457, '91b0fe2a-8d53-5dfa-804e-dadbd5fed2f0', 0, DEFAULT, DEFAULT), (458, '91b0fe2a-8d53-5dfa-804e-dadbd5fed2f0', 1, DEFAULT, DEFAULT), (459, '91b0fe2a-8d53-5dfa-804e-dadbd5fed2f0', 2, DEFAULT, DEFAULT), (460, 'f2da91e9-e150-5eba-811a-769c8b464b2d', 0, DEFAULT, DEFAULT), (461, 'f2da91e9-e150-5eba-811a-769c8b464b2d', 1, DEFAULT, DEFAULT), (462, 'f2da91e9-e150-5eba-811a-769c8b464b2d', 2, DEFAULT, DEFAULT), (463, '830462ad-e07d-578c-9343-4c2f3f3f896d', 0, DEFAULT, DEFAULT), (464, '830462ad-e07d-578c-9343-4c2f3f3f896d', 1, DEFAULT, DEFAULT), (465, '830462ad-e07d-578c-9343-4c2f3f3f896d', 2, DEFAULT, DEFAULT), (466, 'e4d512a0-9012-54c8-a0de-d2cfb46cc4e7', 0, DEFAULT, DEFAULT), (467, 'e4d512a0-9012-54c8-a0de-d2cfb46cc4e7', 1, DEFAULT, DEFAULT), (468, 'e4d512a0-9012-54c8-a0de-d2cfb46cc4e7', 2, DEFAULT, DEFAULT), (469, '8fc4ec28-bbda-57ff-86ae-02acc462e7a3', 0, DEFAULT, DEFAULT), (470, '8fc4ec28-bbda-57ff-86ae-02acc462e7a3', 1, DEFAULT, DEFAULT), (471, '8fc4ec28-bbda-57ff-86ae-02acc462e7a3', 2, DEFAULT, DEFAULT), (472, '46cb3ac1-56db-5482-a77b-488299529f1c', 0, DEFAULT, DEFAULT), (473, '46cb3ac1-56db-5482-a77b-488299529f1c', 1, DEFAULT, DEFAULT), (474, '46cb3ac1-56db-5482-a77b-488299529f1c', 2, DEFAULT, DEFAULT), (475, 'ca6dab04-25c1-5208-bf77-9e5162704420', 0, DEFAULT, DEFAULT), (476, 'ca6dab04-25c1-5208-bf77-9e5162704420', 1, DEFAULT, DEFAULT), (477, 'ca6dab04-25c1-5208-bf77-9e5162704420', 2, DEFAULT, DEFAULT), (478, '54485efb-a52b-5ef1-8d37-32b22dc487d0', 0, DEFAULT, DEFAULT), (479, '54485efb-a52b-5ef1-8d37-32b22dc487d0', 1, DEFAULT, DEFAULT), (480, '54485efb-a52b-5ef1-8d37-32b22dc487d0', 2, DEFAULT, DEFAULT), (481, '1fa8fec1-5ed8-5fb9-afc2-a5a8eea61a64', 0, DEFAULT, DEFAULT), (482, '1fa8fec1-5ed8-5fb9-afc2-a5a8eea61a64', 1, DEFAULT, DEFAULT), (483, '1fa8fec1-5ed8-5fb9-afc2-a5a8eea61a64', 2, DEFAULT, DEFAULT), (484, '21212b38-5327-5020-9dc6-3fca09a6128f', 0, DEFAULT, DEFAULT), (485, '21212b38-5327-5020-9dc6-3fca09a6128f', 1, DEFAULT, DEFAULT), (486, '21212b38-5327-5020-9dc6-3fca09a6128f', 2, DEFAULT, DEFAULT), (487, 'b22cc198-1bf7-5cc9-b682-385ac5f11217', 0, DEFAULT, DEFAULT), (488, 'b22cc198-1bf7-5cc9-b682-385ac5f11217', 1, DEFAULT, DEFAULT), (489, 'b22cc198-1bf7-5cc9-b682-385ac5f11217', 2, DEFAULT, DEFAULT), (490, '07d77b7a-f8bb-53ab-8750-034a7dc2bcb0', 0, DEFAULT, DEFAULT), (491, '07d77b7a-f8bb-53ab-8750-034a7dc2bcb0', 1, DEFAULT, DEFAULT), (492, '07d77b7a-f8bb-53ab-8750-034a7dc2bcb0', 2, DEFAULT, DEFAULT), (493, 'f7f63dc3-d8b7-5f42-b802-636e4e3f43bb', 0, DEFAULT, DEFAULT), (494, 'f7f63dc3-d8b7-5f42-b802-636e4e3f43bb', 1, DEFAULT, DEFAULT), (495, 'f7f63dc3-d8b7-5f42-b802-636e4e3f43bb', 2, DEFAULT, DEFAULT), (496, 'a1dd34cc-747e-59d2-bb04-592165ee24b7', 0, DEFAULT, DEFAULT), (497, 'a1dd34cc-747e-59d2-bb04-592165ee24b7', 1, DEFAULT, DEFAULT), (498, 'a1dd34cc-747e-59d2-bb04-592165ee24b7', 2, DEFAULT, DEFAULT), (499, 'b111722b-fdf4-55f7-a1ea-183bf540f7e3', 0, DEFAULT, DEFAULT), (500, 'b111722b-fdf4-55f7-a1ea-183bf540f7e3', 1, DEFAULT, DEFAULT), (501, 'b111722b-fdf4-55f7-a1ea-183bf540f7e3', 2, DEFAULT, DEFAULT), (502, 'de288e5e-33f8-5b49-9dad-83fa7d46ac0d', 0, DEFAULT, DEFAULT), (503, 'de288e5e-33f8-5b49-9dad-83fa7d46ac0d', 1, DEFAULT, DEFAULT), (504, 'de288e5e-33f8-5b49-9dad-83fa7d46ac0d', 2, DEFAULT, DEFAULT), (505, 'f1ab7f2e-7a01-59f1-b811-78e3b78b40bc', 0, DEFAULT, DEFAULT), (506, 'f1ab7f2e-7a01-59f1-b811-78e3b78b40bc', 1, DEFAULT, DEFAULT), (507, 'f1ab7f2e-7a01-59f1-b811-78e3b78b40bc', 2, DEFAULT, DEFAULT), (508, 'e0783de7-ca51-5f0a-a7ac-8dcd533efd10', 0, DEFAULT, DEFAULT), (509, 'e0783de7-ca51-5f0a-a7ac-8dcd533efd10', 1, DEFAULT, DEFAULT), (510, 'e0783de7-ca51-5f0a-a7ac-8dcd533efd10', 2, DEFAULT, DEFAULT), (511, 'c3238b63-2dda-5915-8ca5-773255a1cfad', 0, DEFAULT, DEFAULT), (512, 'c3238b63-2dda-5915-8ca5-773255a1cfad', 1, DEFAULT, DEFAULT), (513, 'c3238b63-2dda-5915-8ca5-773255a1cfad', 2, DEFAULT, DEFAULT), (514, '7b1aca75-d87e-55c4-87f7-005fafbadfdb', 0, DEFAULT, DEFAULT), (515, '7b1aca75-d87e-55c4-87f7-005fafbadfdb', 1, DEFAULT, DEFAULT), (516, '7b1aca75-d87e-55c4-87f7-005fafbadfdb', 2, DEFAULT, DEFAULT), (517, '106d238e-2ba4-525c-8d85-994f8dfb2984', 0, DEFAULT, DEFAULT), (518, '106d238e-2ba4-525c-8d85-994f8dfb2984', 1, DEFAULT, DEFAULT), (519, '106d238e-2ba4-525c-8d85-994f8dfb2984', 2, DEFAULT, DEFAULT), (520, '72f05d50-2802-535d-af55-29384395d238', 0, DEFAULT, DEFAULT), (521, '72f05d50-2802-535d-af55-29384395d238', 1, DEFAULT, DEFAULT), (522, '72f05d50-2802-535d-af55-29384395d238', 2, DEFAULT, DEFAULT), (523, 'f914b2f3-d88a-52e4-ac43-1ef8cffb4d34', 0, DEFAULT, DEFAULT), (524, 'f914b2f3-d88a-52e4-ac43-1ef8cffb4d34', 1, DEFAULT, DEFAULT), (525, 'f914b2f3-d88a-52e4-ac43-1ef8cffb4d34', 2, DEFAULT, DEFAULT), (526, 'c620930b-8f59-50ae-bf46-b1a3aca28f0a', 0, DEFAULT, DEFAULT), (527, 'c620930b-8f59-50ae-bf46-b1a3aca28f0a', 1, DEFAULT, DEFAULT), (528, 'c620930b-8f59-50ae-bf46-b1a3aca28f0a', 2, DEFAULT, DEFAULT), (529, 'c78418ab-6a36-52f6-ad32-89289156138c', 0, DEFAULT, DEFAULT), (530, 'c78418ab-6a36-52f6-ad32-89289156138c', 1, DEFAULT, DEFAULT), (531, 'c78418ab-6a36-52f6-ad32-89289156138c', 2, DEFAULT, DEFAULT), (532, 'ed7bef30-09b5-5167-a122-9b398a76eaef', 0, DEFAULT, DEFAULT), (533, 'ed7bef30-09b5-5167-a122-9b398a76eaef', 1, DEFAULT, DEFAULT), (534, 'ed7bef30-09b5-5167-a122-9b398a76eaef', 2, DEFAULT, DEFAULT), (535, 'ecddf116-85cf-5aef-8c73-6e5963680c88', 0, DEFAULT, DEFAULT), (536, 'ecddf116-85cf-5aef-8c73-6e5963680c88', 1, DEFAULT, DEFAULT), (537, 'ecddf116-85cf-5aef-8c73-6e5963680c88', 2, DEFAULT, DEFAULT), (538, '5bb46529-9916-530c-88e4-31ac6d441591', 0, DEFAULT, DEFAULT), (539, '5bb46529-9916-530c-88e4-31ac6d441591', 1, DEFAULT, DEFAULT), (540, '5bb46529-9916-530c-88e4-31ac6d441591', 2, DEFAULT, DEFAULT), (541, '8b092693-9a40-5f6a-a57b-3c3e9f5288f7', 0, DEFAULT, DEFAULT), (542, '8b092693-9a40-5f6a-a57b-3c3e9f5288f7', 1, DEFAULT, DEFAULT), (543, '8b092693-9a40-5f6a-a57b-3c3e9f5288f7', 2, DEFAULT, DEFAULT), (544, '65d96d53-ecd8-5cb9-a3d4-a2842c9c629f', 0, DEFAULT, DEFAULT), (545, '65d96d53-ecd8-5cb9-a3d4-a2842c9c629f', 1, DEFAULT, DEFAULT), (546, '65d96d53-ecd8-5cb9-a3d4-a2842c9c629f', 2, DEFAULT, DEFAULT), (547, '672c681b-4325-56a5-8413-28facb838b89', 0, DEFAULT, DEFAULT), (548, '672c681b-4325-56a5-8413-28facb838b89', 1, DEFAULT, DEFAULT), (549, '672c681b-4325-56a5-8413-28facb838b89', 2, DEFAULT, DEFAULT), (550, '49d19d37-5ee3-59d0-a985-37b5b703ceb0', 0, DEFAULT, DEFAULT), (551, '49d19d37-5ee3-59d0-a985-37b5b703ceb0', 1, DEFAULT, DEFAULT), (552, '49d19d37-5ee3-59d0-a985-37b5b703ceb0', 2, DEFAULT, DEFAULT), (553, '66e9d7dd-018c-5299-8470-9f074683bd55', 0, DEFAULT, DEFAULT), (554, '66e9d7dd-018c-5299-8470-9f074683bd55', 1, DEFAULT, DEFAULT), (555, '66e9d7dd-018c-5299-8470-9f074683bd55', 2, DEFAULT, DEFAULT), (556, 'd4a93045-0519-5ae2-8bd3-51a7d07f2b97', 0, DEFAULT, DEFAULT), (557, 'd4a93045-0519-5ae2-8bd3-51a7d07f2b97', 1, DEFAULT, DEFAULT), (558, 'd4a93045-0519-5ae2-8bd3-51a7d07f2b97', 2, DEFAULT, DEFAULT), (559, 'b5bd1f0b-0be5-592a-87b7-65db36f2fa17', 0, DEFAULT, DEFAULT), (560, 'b5bd1f0b-0be5-592a-87b7-65db36f2fa17', 1, DEFAULT, DEFAULT), (561, 'b5bd1f0b-0be5-592a-87b7-65db36f2fa17', 2, DEFAULT, DEFAULT), (562, '902168ab-57a5-5714-b589-ecf1bd6d2517', 0, DEFAULT, DEFAULT), (563, '902168ab-57a5-5714-b589-ecf1bd6d2517', 1, DEFAULT, DEFAULT), (564, '902168ab-57a5-5714-b589-ecf1bd6d2517', 2, DEFAULT, DEFAULT), (565, '8e1b1af0-d36a-5958-9b32-c8f59e8edaf9', 0, DEFAULT, DEFAULT), (566, '8e1b1af0-d36a-5958-9b32-c8f59e8edaf9', 1, DEFAULT, DEFAULT), (567, '8e1b1af0-d36a-5958-9b32-c8f59e8edaf9', 2, DEFAULT, DEFAULT), (568, '9ca1e23a-7fd9-5be2-b14a-5f50a52fda0a', 0, DEFAULT, DEFAULT), (569, '9ca1e23a-7fd9-5be2-b14a-5f50a52fda0a', 1, DEFAULT, DEFAULT), (570, '9ca1e23a-7fd9-5be2-b14a-5f50a52fda0a', 2, DEFAULT, DEFAULT), (571, 'b458c0d2-4d21-597a-9d7c-522e47032d79', 0, DEFAULT, DEFAULT), (572, 'b458c0d2-4d21-597a-9d7c-522e47032d79', 1, DEFAULT, DEFAULT), (573, 'b458c0d2-4d21-597a-9d7c-522e47032d79', 2, DEFAULT, DEFAULT), (574, 'aeae5590-e6d3-5c02-8a1c-40a6bcf61bd6', 0, DEFAULT, DEFAULT), (575, 'aeae5590-e6d3-5c02-8a1c-40a6bcf61bd6', 1, DEFAULT, DEFAULT), (576, 'aeae5590-e6d3-5c02-8a1c-40a6bcf61bd6', 2, DEFAULT, DEFAULT), (577, 'e62ff15d-b4e8-5f8b-b8c8-56d105c9d705', 0, DEFAULT, DEFAULT), (578, 'e62ff15d-b4e8-5f8b-b8c8-56d105c9d705', 1, DEFAULT, DEFAULT), (579, 'e62ff15d-b4e8-5f8b-b8c8-56d105c9d705', 2, DEFAULT, DEFAULT), (580, '2650d5c8-a9d2-57ad-a70d-8c89cf994021', 0, DEFAULT, DEFAULT), (581, '2650d5c8-a9d2-57ad-a70d-8c89cf994021', 1, DEFAULT, DEFAULT), (582, '2650d5c8-a9d2-57ad-a70d-8c89cf994021', 2, DEFAULT, DEFAULT), (583, '57851dd8-0d7e-5b03-b70f-32940ae107ce', 0, DEFAULT, DEFAULT), (584, '57851dd8-0d7e-5b03-b70f-32940ae107ce', 1, DEFAULT, DEFAULT), (585, '57851dd8-0d7e-5b03-b70f-32940ae107ce', 2, DEFAULT, DEFAULT), (586, '0bb88883-c32b-547d-bac2-9dcbf9437722', 0, DEFAULT, DEFAULT), (587, '0bb88883-c32b-547d-bac2-9dcbf9437722', 1, DEFAULT, DEFAULT), (588, '0bb88883-c32b-547d-bac2-9dcbf9437722', 2, DEFAULT, DEFAULT), (589, 'f2096d39-9bcd-5cc9-af38-3924bad39e01', 0, DEFAULT, DEFAULT), (590, 'f2096d39-9bcd-5cc9-af38-3924bad39e01', 1, DEFAULT, DEFAULT), (591, 'f2096d39-9bcd-5cc9-af38-3924bad39e01', 2, DEFAULT, DEFAULT), (592, 'cdc85c53-30bc-5c6e-91cc-2af72696e64b', 0, DEFAULT, DEFAULT), (593, 'cdc85c53-30bc-5c6e-91cc-2af72696e64b', 1, DEFAULT, DEFAULT), (594, 'cdc85c53-30bc-5c6e-91cc-2af72696e64b', 2, DEFAULT, DEFAULT), (595, 'a0fe813c-8a2e-57ff-8950-530eb72350cc', 0, DEFAULT, DEFAULT), (596, 'a0fe813c-8a2e-57ff-8950-530eb72350cc', 1, DEFAULT, DEFAULT), (597, 'a0fe813c-8a2e-57ff-8950-530eb72350cc', 2, DEFAULT, DEFAULT), (598, '3dcb1c72-1f38-50a2-8a79-9f8b83862a0b', 0, DEFAULT, DEFAULT), (599, '3dcb1c72-1f38-50a2-8a79-9f8b83862a0b', 1, DEFAULT, DEFAULT), (600, '3dcb1c72-1f38-50a2-8a79-9f8b83862a0b', 2, DEFAULT, DEFAULT), (601, 'b529db67-e1b4-5e7d-9a32-267867bbcbad', 0, DEFAULT, DEFAULT), (602, 'b529db67-e1b4-5e7d-9a32-267867bbcbad', 1, DEFAULT, DEFAULT), (603, 'b529db67-e1b4-5e7d-9a32-267867bbcbad', 2, DEFAULT, DEFAULT), (604, '89b21cb6-fbf3-585a-b9c1-304fad97258b', 0, DEFAULT, DEFAULT), (605, '89b21cb6-fbf3-585a-b9c1-304fad97258b', 1, DEFAULT, DEFAULT), (606, '89b21cb6-fbf3-585a-b9c1-304fad97258b', 2, DEFAULT, DEFAULT), (607, '8af27ce1-15c1-5703-a4c5-07ea669df0c7', 0, DEFAULT, DEFAULT), (608, '8af27ce1-15c1-5703-a4c5-07ea669df0c7', 1, DEFAULT, DEFAULT), (609, '8af27ce1-15c1-5703-a4c5-07ea669df0c7', 2, DEFAULT, DEFAULT), (610, 'e9960db1-b450-5d20-820c-87fab4f40dc8', 0, DEFAULT, DEFAULT), (611, 'e9960db1-b450-5d20-820c-87fab4f40dc8', 1, DEFAULT, DEFAULT), (612, 'e9960db1-b450-5d20-820c-87fab4f40dc8', 2, DEFAULT, DEFAULT), (613, '2dd10f1f-4836-53b2-b2b6-ae71861e43d0', 0, DEFAULT, DEFAULT), (614, '2dd10f1f-4836-53b2-b2b6-ae71861e43d0', 1, DEFAULT, DEFAULT), (615, '2dd10f1f-4836-53b2-b2b6-ae71861e43d0', 2, DEFAULT, DEFAULT), (616, '09d4e842-df61-577d-8d06-00daf3b676e2', 0, DEFAULT, DEFAULT), (617, '09d4e842-df61-577d-8d06-00daf3b676e2', 1, DEFAULT, DEFAULT), (618, '09d4e842-df61-577d-8d06-00daf3b676e2', 2, DEFAULT, DEFAULT), (619, '6fe4789e-9a02-5c94-8c81-5bb4cffd7850', 0, DEFAULT, DEFAULT), (620, '6fe4789e-9a02-5c94-8c81-5bb4cffd7850', 1, DEFAULT, DEFAULT), (621, '6fe4789e-9a02-5c94-8c81-5bb4cffd7850', 2, DEFAULT, DEFAULT), (622, '62834a20-27ac-5894-8947-a4e2ffb67f5b', 0, DEFAULT, DEFAULT), (623, '62834a20-27ac-5894-8947-a4e2ffb67f5b', 1, DEFAULT, DEFAULT), (624, '62834a20-27ac-5894-8947-a4e2ffb67f5b', 2, DEFAULT, DEFAULT), (625, 'ce25e6d7-50b4-50c3-8210-685ee22346f3', 0, DEFAULT, DEFAULT), (626, 'ce25e6d7-50b4-50c3-8210-685ee22346f3', 1, DEFAULT, DEFAULT), (627, 'ce25e6d7-50b4-50c3-8210-685ee22346f3', 2, DEFAULT, DEFAULT), (628, 'a4e4a518-fb32-53bf-9d1c-f336f8cd8c45', 0, DEFAULT, DEFAULT), (629, 'a4e4a518-fb32-53bf-9d1c-f336f8cd8c45', 1, DEFAULT, DEFAULT), (630, 'a4e4a518-fb32-53bf-9d1c-f336f8cd8c45', 2, DEFAULT, DEFAULT), (631, 'd5862a76-70cd-55db-a302-365d7ec101f5', 0, DEFAULT, DEFAULT), (632, 'd5862a76-70cd-55db-a302-365d7ec101f5', 1, DEFAULT, DEFAULT), (633, 'd5862a76-70cd-55db-a302-365d7ec101f5', 2, DEFAULT, DEFAULT), (634, 'fff5567f-d4a5-542e-ba70-1119521ca0cb', 0, DEFAULT, DEFAULT), (635, 'fff5567f-d4a5-542e-ba70-1119521ca0cb', 1, DEFAULT, DEFAULT), (636, 'fff5567f-d4a5-542e-ba70-1119521ca0cb', 2, DEFAULT, DEFAULT), (637, '48abaf7b-d65e-5371-8d5f-1be4621911e6', 0, DEFAULT, DEFAULT), (638, '48abaf7b-d65e-5371-8d5f-1be4621911e6', 1, DEFAULT, DEFAULT), (639, '48abaf7b-d65e-5371-8d5f-1be4621911e6', 2, DEFAULT, DEFAULT), (640, '05b8ebd6-06e1-5ce6-85d9-1fda124d11b0', 0, DEFAULT, DEFAULT), (641, '05b8ebd6-06e1-5ce6-85d9-1fda124d11b0', 1, DEFAULT, DEFAULT), (642, '05b8ebd6-06e1-5ce6-85d9-1fda124d11b0', 2, DEFAULT, DEFAULT), (643, 'be5a4c70-a4ff-57c0-8c2c-437a6d77f25c', 0, DEFAULT, DEFAULT), (644, 'be5a4c70-a4ff-57c0-8c2c-437a6d77f25c', 1, DEFAULT, DEFAULT), (645, 'be5a4c70-a4ff-57c0-8c2c-437a6d77f25c', 2, DEFAULT, DEFAULT), (646, 'e6ff83af-5ec2-537d-b04b-784bd77a5871', 0, DEFAULT, DEFAULT), (647, 'e6ff83af-5ec2-537d-b04b-784bd77a5871', 1, DEFAULT, DEFAULT), (648, 'e6ff83af-5ec2-537d-b04b-784bd77a5871', 2, DEFAULT, DEFAULT), (649, 'dc9bffb4-1647-5c5d-8c1f-d89500e89900', 0, DEFAULT, DEFAULT), (650, 'dc9bffb4-1647-5c5d-8c1f-d89500e89900', 1, DEFAULT, DEFAULT), (651, 'dc9bffb4-1647-5c5d-8c1f-d89500e89900', 2, DEFAULT, DEFAULT), (652, 'ec767a01-17bb-518c-9633-78ebc8caded3', 0, DEFAULT, DEFAULT), (653, 'ec767a01-17bb-518c-9633-78ebc8caded3', 1, DEFAULT, DEFAULT), (654, 'ec767a01-17bb-518c-9633-78ebc8caded3', 2, DEFAULT, DEFAULT), (655, '6c642b40-bb15-55fa-9319-9c100d27adc7', 0, DEFAULT, DEFAULT), (656, '6c642b40-bb15-55fa-9319-9c100d27adc7', 1, DEFAULT, DEFAULT), (657, '6c642b40-bb15-55fa-9319-9c100d27adc7', 2, DEFAULT, DEFAULT), (658, '197f52e9-f9b3-54a3-a900-9ddcd2cd98d5', 0, DEFAULT, DEFAULT), (659, '197f52e9-f9b3-54a3-a900-9ddcd2cd98d5', 1, DEFAULT, DEFAULT), (660, '197f52e9-f9b3-54a3-a900-9ddcd2cd98d5', 2, DEFAULT, DEFAULT), (661, 'b239ffdb-847f-5400-b1f9-97e186ea36bc', 0, DEFAULT, DEFAULT), (662, 'b239ffdb-847f-5400-b1f9-97e186ea36bc', 1, DEFAULT, DEFAULT), (663, 'b239ffdb-847f-5400-b1f9-97e186ea36bc', 2, DEFAULT, DEFAULT), (664, 'c3124970-b58c-5748-8a01-4ba1d7466b2b', 0, DEFAULT, DEFAULT), (665, 'c3124970-b58c-5748-8a01-4ba1d7466b2b', 1, DEFAULT, DEFAULT), (666, 'c3124970-b58c-5748-8a01-4ba1d7466b2b', 2, DEFAULT, DEFAULT), (667, '2fbdef88-7d4a-5528-bb59-74f725709563', 0, DEFAULT, DEFAULT), (668, '2fbdef88-7d4a-5528-bb59-74f725709563', 1, DEFAULT, DEFAULT), (669, '2fbdef88-7d4a-5528-bb59-74f725709563', 2, DEFAULT, DEFAULT), (670, 'a03637de-3a86-5f2c-a9a1-71bb222f301f', 0, DEFAULT, DEFAULT), (671, 'a03637de-3a86-5f2c-a9a1-71bb222f301f', 1, DEFAULT, DEFAULT), (672, 'a03637de-3a86-5f2c-a9a1-71bb222f301f', 2, DEFAULT, DEFAULT), (673, '536d5b0c-dc7c-598f-8fa0-b21c4cd85d48', 0, DEFAULT, DEFAULT), (674, '536d5b0c-dc7c-598f-8fa0-b21c4cd85d48', 1, DEFAULT, DEFAULT), (675, '536d5b0c-dc7c-598f-8fa0-b21c4cd85d48', 2, DEFAULT, DEFAULT), (676, 'f04b6b4b-d5ea-517f-8a7d-71713980487c', 0, DEFAULT, DEFAULT), (677, 'f04b6b4b-d5ea-517f-8a7d-71713980487c', 1, DEFAULT, DEFAULT), (678, 'f04b6b4b-d5ea-517f-8a7d-71713980487c', 2, DEFAULT, DEFAULT), (679, '363e1d5b-f7b0-5ee0-a43a-f471f9cf9338', 0, DEFAULT, DEFAULT), (680, '363e1d5b-f7b0-5ee0-a43a-f471f9cf9338', 1, DEFAULT, DEFAULT), (681, '363e1d5b-f7b0-5ee0-a43a-f471f9cf9338', 2, DEFAULT, DEFAULT), (682, 'edcc2203-6787-52aa-bc0b-a6dcc59388be', 0, DEFAULT, DEFAULT), (683, 'edcc2203-6787-52aa-bc0b-a6dcc59388be', 1, DEFAULT, DEFAULT), (684, 'edcc2203-6787-52aa-bc0b-a6dcc59388be', 2, DEFAULT, DEFAULT), (685, '474b1c92-271b-5e78-878e-3e82398a6e7c', 0, DEFAULT, DEFAULT), (686, '474b1c92-271b-5e78-878e-3e82398a6e7c', 1, DEFAULT, DEFAULT), (687, '474b1c92-271b-5e78-878e-3e82398a6e7c', 2, DEFAULT, DEFAULT), (688, '8997d96a-4a2f-5fcd-a0a2-88e875f8bba7', 0, DEFAULT, DEFAULT), (689, '8997d96a-4a2f-5fcd-a0a2-88e875f8bba7', 1, DEFAULT, DEFAULT), (690, '8997d96a-4a2f-5fcd-a0a2-88e875f8bba7', 2, DEFAULT, DEFAULT), (691, 'f61f0c83-60cb-5fa8-a27a-67e606b63adb', 0, DEFAULT, DEFAULT), (692, 'f61f0c83-60cb-5fa8-a27a-67e606b63adb', 1, DEFAULT, DEFAULT), (693, 'f61f0c83-60cb-5fa8-a27a-67e606b63adb', 2, DEFAULT, DEFAULT), (694, '30d213ab-4615-5d8b-abee-5b4875c8bfdf', 0, DEFAULT, DEFAULT), (695, '30d213ab-4615-5d8b-abee-5b4875c8bfdf', 1, DEFAULT, DEFAULT), (696, '30d213ab-4615-5d8b-abee-5b4875c8bfdf', 2, DEFAULT, DEFAULT), (697, '7d042aff-1b5b-531f-917f-48f2d58d33c7', 0, DEFAULT, DEFAULT), (698, '7d042aff-1b5b-531f-917f-48f2d58d33c7', 1, DEFAULT, DEFAULT), (699, '7d042aff-1b5b-531f-917f-48f2d58d33c7', 2, DEFAULT, DEFAULT), (700, '30e1e77d-2bcf-5591-97ec-d99bd552d8f0', 0, DEFAULT, DEFAULT), (701, '30e1e77d-2bcf-5591-97ec-d99bd552d8f0', 1, DEFAULT, DEFAULT), (702, '30e1e77d-2bcf-5591-97ec-d99bd552d8f0', 2, DEFAULT, DEFAULT), (703, 'd53a4a7c-125e-52cd-8ba3-aa3916f71140', 0, DEFAULT, DEFAULT), (704, 'd53a4a7c-125e-52cd-8ba3-aa3916f71140', 1, DEFAULT, DEFAULT), (705, 'd53a4a7c-125e-52cd-8ba3-aa3916f71140', 2, DEFAULT, DEFAULT), (706, '47f797b2-50c1-56af-abe6-0081dabe5efd', 0, DEFAULT, DEFAULT), (707, '47f797b2-50c1-56af-abe6-0081dabe5efd', 1, DEFAULT, DEFAULT), (708, '47f797b2-50c1-56af-abe6-0081dabe5efd', 2, DEFAULT, DEFAULT), (709, '3ebbec39-d360-5461-b442-70abf723c8b8', 0, DEFAULT, DEFAULT), (710, '3ebbec39-d360-5461-b442-70abf723c8b8', 1, DEFAULT, DEFAULT), (711, '3ebbec39-d360-5461-b442-70abf723c8b8', 2, DEFAULT, DEFAULT), (712, '3821efb6-356e-53bd-8a0b-239426475be5', 0, DEFAULT, DEFAULT), (713, '3821efb6-356e-53bd-8a0b-239426475be5', 1, DEFAULT, DEFAULT), (714, '3821efb6-356e-53bd-8a0b-239426475be5', 2, DEFAULT, DEFAULT), (715, 'f62571e6-585e-5709-b04e-861b7f3db2d2', 0, DEFAULT, DEFAULT), (716, 'f62571e6-585e-5709-b04e-861b7f3db2d2', 1, DEFAULT, DEFAULT), (717, 'f62571e6-585e-5709-b04e-861b7f3db2d2', 2, DEFAULT, DEFAULT), (718, 'f706ef0d-b4c8-54ee-ba4a-8f6af14717f8', 0, DEFAULT, DEFAULT), (719, 'f706ef0d-b4c8-54ee-ba4a-8f6af14717f8', 1, DEFAULT, DEFAULT), (720, 'f706ef0d-b4c8-54ee-ba4a-8f6af14717f8', 2, DEFAULT, DEFAULT), (721, 'da6a602b-9dc0-5e13-87e9-323f368838a2', 0, DEFAULT, DEFAULT), (722, 'da6a602b-9dc0-5e13-87e9-323f368838a2', 1, DEFAULT, DEFAULT), (723, 'da6a602b-9dc0-5e13-87e9-323f368838a2', 2, DEFAULT, DEFAULT), (724, 'ae022a2e-97fe-53d7-ace2-f700a65995e2', 0, DEFAULT, DEFAULT), (725, 'ae022a2e-97fe-53d7-ace2-f700a65995e2', 1, DEFAULT, DEFAULT), (726, 'ae022a2e-97fe-53d7-ace2-f700a65995e2', 2, DEFAULT, DEFAULT), (727, '7f27719e-c551-5cfa-ab24-3e6a917bc77f', 0, DEFAULT, DEFAULT), (728, '7f27719e-c551-5cfa-ab24-3e6a917bc77f', 1, DEFAULT, DEFAULT), (729, '7f27719e-c551-5cfa-ab24-3e6a917bc77f', 2, DEFAULT, DEFAULT), (730, 'a7afe8c7-8469-5a59-9246-cc18b3ce4b7b', 0, DEFAULT, DEFAULT), (731, 'a7afe8c7-8469-5a59-9246-cc18b3ce4b7b', 1, DEFAULT, DEFAULT), (732, 'a7afe8c7-8469-5a59-9246-cc18b3ce4b7b', 2, DEFAULT, DEFAULT), (733, '8111ec5f-e01a-5ad1-b89a-b7a64419e202', 0, DEFAULT, DEFAULT), (734, '8111ec5f-e01a-5ad1-b89a-b7a64419e202', 1, DEFAULT, DEFAULT), (735, '8111ec5f-e01a-5ad1-b89a-b7a64419e202', 2, DEFAULT, DEFAULT), (736, 'af41c136-c26c-5e1c-81f1-2d9f923ca606', 0, DEFAULT, DEFAULT), (737, 'af41c136-c26c-5e1c-81f1-2d9f923ca606', 1, DEFAULT, DEFAULT), (738, 'af41c136-c26c-5e1c-81f1-2d9f923ca606', 2, DEFAULT, DEFAULT), (739, '7594efe5-aff1-5874-a5ed-4a9edc7b66bf', 0, DEFAULT, DEFAULT), (740, '7594efe5-aff1-5874-a5ed-4a9edc7b66bf', 1, DEFAULT, DEFAULT), (741, '7594efe5-aff1-5874-a5ed-4a9edc7b66bf', 2, DEFAULT, DEFAULT), (742, 'ee2f9514-a689-5e06-84f0-7f27b56a3774', 0, DEFAULT, DEFAULT), (743, 'ee2f9514-a689-5e06-84f0-7f27b56a3774', 1, DEFAULT, DEFAULT), (744, 'ee2f9514-a689-5e06-84f0-7f27b56a3774', 2, DEFAULT, DEFAULT), (745, '59ac239c-144e-5ca7-b3e8-b97418726740', 0, DEFAULT, DEFAULT), (746, '59ac239c-144e-5ca7-b3e8-b97418726740', 1, DEFAULT, DEFAULT), (747, '59ac239c-144e-5ca7-b3e8-b97418726740', 2, DEFAULT, DEFAULT), (748, '7992b22f-6c16-50ae-ae54-fd84bedb78e7', 0, DEFAULT, DEFAULT), (749, '7992b22f-6c16-50ae-ae54-fd84bedb78e7', 1, DEFAULT, DEFAULT), (750, '7992b22f-6c16-50ae-ae54-fd84bedb78e7', 2, DEFAULT, DEFAULT), (751, 'eeb6a56c-bf20-5164-a9c4-2438947a1635', 0, DEFAULT, DEFAULT), (752, 'eeb6a56c-bf20-5164-a9c4-2438947a1635', 1, DEFAULT, DEFAULT), (753, 'eeb6a56c-bf20-5164-a9c4-2438947a1635', 2, DEFAULT, DEFAULT), (754, 'ba263b84-62af-5be6-a1da-34f8a9b1c708', 0, DEFAULT, DEFAULT), (755, 'ba263b84-62af-5be6-a1da-34f8a9b1c708', 1, DEFAULT, DEFAULT), (756, 'ba263b84-62af-5be6-a1da-34f8a9b1c708', 2, DEFAULT, DEFAULT), (757, '0eda511d-00fb-5edd-a94c-61620ced28e5', 0, DEFAULT, DEFAULT), (758, '0eda511d-00fb-5edd-a94c-61620ced28e5', 1, DEFAULT, DEFAULT), (759, '0eda511d-00fb-5edd-a94c-61620ced28e5', 2, DEFAULT, DEFAULT), (760, '4a82ca5f-1296-51b0-9319-05459a439c92', 0, DEFAULT, DEFAULT), (761, '4a82ca5f-1296-51b0-9319-05459a439c92', 1, DEFAULT, DEFAULT), (762, '4a82ca5f-1296-51b0-9319-05459a439c92', 2, DEFAULT, DEFAULT), (763, '230e6990-91f4-5dc7-b6bc-229a44985e25', 0, DEFAULT, DEFAULT), (764, '230e6990-91f4-5dc7-b6bc-229a44985e25', 1, DEFAULT, DEFAULT), (765, '230e6990-91f4-5dc7-b6bc-229a44985e25', 2, DEFAULT, DEFAULT), (766, '01a97da4-f21e-511b-9160-a834d5d7f82e', 0, DEFAULT, DEFAULT), (767, '01a97da4-f21e-511b-9160-a834d5d7f82e', 1, DEFAULT, DEFAULT), (768, '01a97da4-f21e-511b-9160-a834d5d7f82e', 2, DEFAULT, DEFAULT), (769, '1c5613fb-a627-5391-a9ff-0cc49d9b395b', 0, DEFAULT, DEFAULT), (770, '1c5613fb-a627-5391-a9ff-0cc49d9b395b', 1, DEFAULT, DEFAULT), (771, '1c5613fb-a627-5391-a9ff-0cc49d9b395b', 2, DEFAULT, DEFAULT), (772, '69b55afa-a769-5eae-849b-0607118f6f38', 0, DEFAULT, DEFAULT), (773, '69b55afa-a769-5eae-849b-0607118f6f38', 1, DEFAULT, DEFAULT), (774, '69b55afa-a769-5eae-849b-0607118f6f38', 2, DEFAULT, DEFAULT), (775, '5653d3f7-e466-5b59-9cc7-02634d975655', 0, DEFAULT, DEFAULT), (776, '5653d3f7-e466-5b59-9cc7-02634d975655', 1, DEFAULT, DEFAULT), (777, '5653d3f7-e466-5b59-9cc7-02634d975655', 2, DEFAULT, DEFAULT), (778, '11917a47-b89e-5663-8d37-049fe2bf5b34', 0, DEFAULT, DEFAULT), (779, '11917a47-b89e-5663-8d37-049fe2bf5b34', 1, DEFAULT, DEFAULT), (780, '11917a47-b89e-5663-8d37-049fe2bf5b34', 2, DEFAULT, DEFAULT), (781, 'c68ff46b-b1a9-581e-aa43-737e3b976580', 0, DEFAULT, DEFAULT), (782, 'c68ff46b-b1a9-581e-aa43-737e3b976580', 1, DEFAULT, DEFAULT), (783, 'c68ff46b-b1a9-581e-aa43-737e3b976580', 2, DEFAULT, DEFAULT), (784, 'e8d13e33-32bc-5c1a-9371-8f828965d869', 0, DEFAULT, DEFAULT), (785, 'e8d13e33-32bc-5c1a-9371-8f828965d869', 1, DEFAULT, DEFAULT), (786, 'e8d13e33-32bc-5c1a-9371-8f828965d869', 2, DEFAULT, DEFAULT), (787, '79cca71d-1dd7-5b78-9e31-229bb9872504', 0, DEFAULT, DEFAULT), (788, '79cca71d-1dd7-5b78-9e31-229bb9872504', 1, DEFAULT, DEFAULT), (789, '79cca71d-1dd7-5b78-9e31-229bb9872504', 2, DEFAULT, DEFAULT), (790, 'cdf1b1e3-61cd-52e6-b86e-eec98ea71e23', 0, DEFAULT, DEFAULT), (791, 'cdf1b1e3-61cd-52e6-b86e-eec98ea71e23', 1, DEFAULT, DEFAULT), (792, 'cdf1b1e3-61cd-52e6-b86e-eec98ea71e23', 2, DEFAULT, DEFAULT), (793, '98ea8abd-4f3f-5750-b436-afb8aa79fb82', 0, DEFAULT, DEFAULT), (794, '98ea8abd-4f3f-5750-b436-afb8aa79fb82', 1, DEFAULT, DEFAULT), (795, '98ea8abd-4f3f-5750-b436-afb8aa79fb82', 2, DEFAULT, DEFAULT), (796, 'bc227bd7-3214-5075-bca0-3f60046ac216', 0, DEFAULT, DEFAULT), (797, 'bc227bd7-3214-5075-bca0-3f60046ac216', 1, DEFAULT, DEFAULT), (798, 'bc227bd7-3214-5075-bca0-3f60046ac216', 2, DEFAULT, DEFAULT), (799, '8fd84214-96a6-5d6c-8437-0646145f15a1', 0, DEFAULT, DEFAULT), (800, '8fd84214-96a6-5d6c-8437-0646145f15a1', 1, DEFAULT, DEFAULT), (801, '8fd84214-96a6-5d6c-8437-0646145f15a1', 2, DEFAULT, DEFAULT), (802, '7b269807-4fdc-5847-8a5c-807ffa02f953', 0, DEFAULT, DEFAULT), (803, '7b269807-4fdc-5847-8a5c-807ffa02f953', 1, DEFAULT, DEFAULT), (804, '7b269807-4fdc-5847-8a5c-807ffa02f953', 2, DEFAULT, DEFAULT), (805, 'cf8258c4-f278-5c75-a944-c2bcba526ad4', 0, DEFAULT, DEFAULT), (806, 'cf8258c4-f278-5c75-a944-c2bcba526ad4', 1, DEFAULT, DEFAULT), (807, 'cf8258c4-f278-5c75-a944-c2bcba526ad4', 2, DEFAULT, DEFAULT), (808, '2e51b4b0-68ac-5e21-94a2-b7afb1b16016', 0, DEFAULT, DEFAULT), (809, '2e51b4b0-68ac-5e21-94a2-b7afb1b16016', 1, DEFAULT, DEFAULT), (810, '2e51b4b0-68ac-5e21-94a2-b7afb1b16016', 2, DEFAULT, DEFAULT), (811, '6e9d8d45-1d4b-5cdd-92c5-76194015ba99', 0, DEFAULT, DEFAULT), (812, '6e9d8d45-1d4b-5cdd-92c5-76194015ba99', 1, DEFAULT, DEFAULT), (813, '6e9d8d45-1d4b-5cdd-92c5-76194015ba99', 2, DEFAULT, DEFAULT), (814, 'fac7e894-3f38-5663-bc98-486c88732ea4', 0, DEFAULT, DEFAULT), (815, 'fac7e894-3f38-5663-bc98-486c88732ea4', 1, DEFAULT, DEFAULT), (816, 'fac7e894-3f38-5663-bc98-486c88732ea4', 2, DEFAULT, DEFAULT), (817, '7d360079-2c18-5c6d-a1b8-85eb411ace3d', 0, DEFAULT, DEFAULT), (818, '7d360079-2c18-5c6d-a1b8-85eb411ace3d', 1, DEFAULT, DEFAULT), (819, '7d360079-2c18-5c6d-a1b8-85eb411ace3d', 2, DEFAULT, DEFAULT), (820, 'be194c18-6eee-5ff6-a117-608bade8a86e', 0, DEFAULT, DEFAULT), (821, 'be194c18-6eee-5ff6-a117-608bade8a86e', 1, DEFAULT, DEFAULT), (822, 'be194c18-6eee-5ff6-a117-608bade8a86e', 2, DEFAULT, DEFAULT), (823, '74297878-a21d-59b7-aced-265d4a9f30fa', 0, DEFAULT, DEFAULT), (824, '74297878-a21d-59b7-aced-265d4a9f30fa', 1, DEFAULT, DEFAULT), (825, '74297878-a21d-59b7-aced-265d4a9f30fa', 2, DEFAULT, DEFAULT), (826, 'a0c5fdb3-1581-541b-b560-7473e0935643', 0, DEFAULT, DEFAULT), (827, 'a0c5fdb3-1581-541b-b560-7473e0935643', 1, DEFAULT, DEFAULT), (828, 'a0c5fdb3-1581-541b-b560-7473e0935643', 2, DEFAULT, DEFAULT), (829, '5bf01130-69dd-5547-acc0-717bf1395fda', 0, DEFAULT, DEFAULT), (830, '5bf01130-69dd-5547-acc0-717bf1395fda', 1, DEFAULT, DEFAULT), (831, '5bf01130-69dd-5547-acc0-717bf1395fda', 2, DEFAULT, DEFAULT), (832, '1e052062-4999-589c-af48-bc4a3df69d05', 0, DEFAULT, DEFAULT), (833, '1e052062-4999-589c-af48-bc4a3df69d05', 1, DEFAULT, DEFAULT), (834, '1e052062-4999-589c-af48-bc4a3df69d05', 2, DEFAULT, DEFAULT), (835, '38b49ca8-b50c-5e98-af9e-9c3898d28f8f', 0, DEFAULT, DEFAULT), (836, '38b49ca8-b50c-5e98-af9e-9c3898d28f8f', 1, DEFAULT, DEFAULT), (837, '38b49ca8-b50c-5e98-af9e-9c3898d28f8f', 2, DEFAULT, DEFAULT), (838, '9b261f2f-f0b0-57c3-9c3a-156a89bfc9aa', 0, DEFAULT, DEFAULT), (839, '9b261f2f-f0b0-57c3-9c3a-156a89bfc9aa', 1, DEFAULT, DEFAULT), (840, '9b261f2f-f0b0-57c3-9c3a-156a89bfc9aa', 2, DEFAULT, DEFAULT), (841, '2d9d0644-e0d8-5f5d-84c2-071cd2c099ce', 0, DEFAULT, DEFAULT), (842, '2d9d0644-e0d8-5f5d-84c2-071cd2c099ce', 1, DEFAULT, DEFAULT), (843, '2d9d0644-e0d8-5f5d-84c2-071cd2c099ce', 2, DEFAULT, DEFAULT), (844, 'b8c7a039-d039-57f7-bd1e-253b05ef8c03', 0, DEFAULT, DEFAULT), (845, 'b8c7a039-d039-57f7-bd1e-253b05ef8c03', 1, DEFAULT, DEFAULT), (846, 'b8c7a039-d039-57f7-bd1e-253b05ef8c03', 2, DEFAULT, DEFAULT), (847, '110d19c8-9e0d-5f75-a721-b94eb9080526', 0, DEFAULT, DEFAULT), (848, '110d19c8-9e0d-5f75-a721-b94eb9080526', 1, DEFAULT, DEFAULT), (849, '110d19c8-9e0d-5f75-a721-b94eb9080526', 2, DEFAULT, DEFAULT), (850, '09923517-e55a-5deb-98cb-d64b27c0ab72', 0, DEFAULT, DEFAULT), (851, '09923517-e55a-5deb-98cb-d64b27c0ab72', 1, DEFAULT, DEFAULT), (852, '09923517-e55a-5deb-98cb-d64b27c0ab72', 2, DEFAULT, DEFAULT), (853, 'e5bd85d5-1f62-5598-9176-4bfd393badbe', 0, DEFAULT, DEFAULT), (854, 'e5bd85d5-1f62-5598-9176-4bfd393badbe', 1, DEFAULT, DEFAULT), (855, 'e5bd85d5-1f62-5598-9176-4bfd393badbe', 2, DEFAULT, DEFAULT), (856, 'e8eb7547-d359-5d88-afb0-cca98349d023', 0, DEFAULT, DEFAULT), (857, 'e8eb7547-d359-5d88-afb0-cca98349d023', 1, DEFAULT, DEFAULT), (858, 'e8eb7547-d359-5d88-afb0-cca98349d023', 2, DEFAULT, DEFAULT), (859, '0e4135c9-4c74-5717-9ee1-cbbb37873838', 0, DEFAULT, DEFAULT), (860, '0e4135c9-4c74-5717-9ee1-cbbb37873838', 1, DEFAULT, DEFAULT), (861, '0e4135c9-4c74-5717-9ee1-cbbb37873838', 2, DEFAULT, DEFAULT), (862, 'eb9d24ec-f15e-5e4f-870e-dd537efcd168', 0, DEFAULT, DEFAULT), (863, 'eb9d24ec-f15e-5e4f-870e-dd537efcd168', 1, DEFAULT, DEFAULT), (864, 'eb9d24ec-f15e-5e4f-870e-dd537efcd168', 2, DEFAULT, DEFAULT), (865, '688a2e3c-848e-5787-bd83-705a15229924', 0, DEFAULT, DEFAULT), (866, '688a2e3c-848e-5787-bd83-705a15229924', 1, DEFAULT, DEFAULT), (867, '688a2e3c-848e-5787-bd83-705a15229924', 2, DEFAULT, DEFAULT), (868, 'a042a037-2e40-50ce-ae48-3f063c3067bb', 0, DEFAULT, DEFAULT), (869, 'a042a037-2e40-50ce-ae48-3f063c3067bb', 1, DEFAULT, DEFAULT), (870, 'a042a037-2e40-50ce-ae48-3f063c3067bb', 2, DEFAULT, DEFAULT), (871, 'cb4eaa5a-1f18-571e-9566-4c1753ad9134', 0, DEFAULT, DEFAULT), (872, 'cb4eaa5a-1f18-571e-9566-4c1753ad9134', 1, DEFAULT, DEFAULT), (873, 'cb4eaa5a-1f18-571e-9566-4c1753ad9134', 2, DEFAULT, DEFAULT), (874, '2076216c-1b19-5f7f-b10d-db3cae2b4567', 0, DEFAULT, DEFAULT), (875, '2076216c-1b19-5f7f-b10d-db3cae2b4567', 1, DEFAULT, DEFAULT), (876, '2076216c-1b19-5f7f-b10d-db3cae2b4567', 2, DEFAULT, DEFAULT), (877, 'a0bd7980-cac4-5ded-adc5-004548282723', 0, DEFAULT, DEFAULT), (878, 'a0bd7980-cac4-5ded-adc5-004548282723', 1, DEFAULT, DEFAULT), (879, 'a0bd7980-cac4-5ded-adc5-004548282723', 2, DEFAULT, DEFAULT), (880, 'e94657cc-5d4a-53ce-8902-19b99712c3c6', 0, DEFAULT, DEFAULT), (881, 'e94657cc-5d4a-53ce-8902-19b99712c3c6', 1, DEFAULT, DEFAULT), (882, 'e94657cc-5d4a-53ce-8902-19b99712c3c6', 2, DEFAULT, DEFAULT), (883, 'cdee6d23-791e-5a74-aba4-6e6c1b3863e7', 0, DEFAULT, DEFAULT), (884, 'cdee6d23-791e-5a74-aba4-6e6c1b3863e7', 1, DEFAULT, DEFAULT), (885, 'cdee6d23-791e-5a74-aba4-6e6c1b3863e7', 2, DEFAULT, DEFAULT), (886, 'd5a4641d-8cbb-5fd0-89e3-ac12979b690c', 0, DEFAULT, DEFAULT), (887, 'd5a4641d-8cbb-5fd0-89e3-ac12979b690c', 1, DEFAULT, DEFAULT), (888, 'd5a4641d-8cbb-5fd0-89e3-ac12979b690c', 2, DEFAULT, DEFAULT), (889, 'ab58f5b2-4308-5685-a477-a4b54637b2a0', 0, DEFAULT, DEFAULT), (890, 'ab58f5b2-4308-5685-a477-a4b54637b2a0', 1, DEFAULT, DEFAULT), (891, 'ab58f5b2-4308-5685-a477-a4b54637b2a0', 2, DEFAULT, DEFAULT), (892, '025da8e7-6d47-53be-9689-b0604284733b', 0, DEFAULT, DEFAULT), (893, '025da8e7-6d47-53be-9689-b0604284733b', 1, DEFAULT, DEFAULT), (894, '025da8e7-6d47-53be-9689-b0604284733b', 2, DEFAULT, DEFAULT), (895, 'cfc01e92-0e9c-5f58-b116-ac73af2ff344', 0, DEFAULT, DEFAULT), (896, 'cfc01e92-0e9c-5f58-b116-ac73af2ff344', 1, DEFAULT, DEFAULT), (897, 'cfc01e92-0e9c-5f58-b116-ac73af2ff344', 2, DEFAULT, DEFAULT), (898, '6c7a0737-5d09-56f1-9a60-9ca811b68d40', 0, DEFAULT, DEFAULT), (899, '6c7a0737-5d09-56f1-9a60-9ca811b68d40', 1, DEFAULT, DEFAULT), (900, '6c7a0737-5d09-56f1-9a60-9ca811b68d40', 2, DEFAULT, DEFAULT), (901, 'b74b781d-f3ca-5ce2-a262-c20f23455d05', 0, DEFAULT, DEFAULT), (902, 'b74b781d-f3ca-5ce2-a262-c20f23455d05', 1, DEFAULT, DEFAULT), (903, 'b74b781d-f3ca-5ce2-a262-c20f23455d05', 2, DEFAULT, DEFAULT), (904, 'ae76c1cf-66c9-5bf7-8fc8-d1e1260ab8bd', 0, DEFAULT, DEFAULT), (905, 'ae76c1cf-66c9-5bf7-8fc8-d1e1260ab8bd', 1, DEFAULT, DEFAULT), (906, 'ae76c1cf-66c9-5bf7-8fc8-d1e1260ab8bd', 2, DEFAULT, DEFAULT), (907, '3267d96d-4a33-5c13-9ef8-eb9652f76262', 0, DEFAULT, DEFAULT), (908, '3267d96d-4a33-5c13-9ef8-eb9652f76262', 1, DEFAULT, DEFAULT), (909, '3267d96d-4a33-5c13-9ef8-eb9652f76262', 2, DEFAULT, DEFAULT), (910, '272ce823-3f81-5671-93a8-93655178aa67', 0, DEFAULT, DEFAULT), (911, '272ce823-3f81-5671-93a8-93655178aa67', 1, DEFAULT, DEFAULT), (912, '272ce823-3f81-5671-93a8-93655178aa67', 2, DEFAULT, DEFAULT), (913, '0cd365ac-6479-5889-b532-b02ce5d93b9f', 0, DEFAULT, DEFAULT), (914, '0cd365ac-6479-5889-b532-b02ce5d93b9f', 1, DEFAULT, DEFAULT), (915, '0cd365ac-6479-5889-b532-b02ce5d93b9f', 2, DEFAULT, DEFAULT), (916, 'd1c31a1f-140d-5b01-95f7-3fc15003186c', 0, DEFAULT, DEFAULT), (917, 'd1c31a1f-140d-5b01-95f7-3fc15003186c', 1, DEFAULT, DEFAULT), (918, 'd1c31a1f-140d-5b01-95f7-3fc15003186c', 2, DEFAULT, DEFAULT), (919, '139e14ed-bbf1-5d48-a6cc-84c72c891164', 0, DEFAULT, DEFAULT), (920, '139e14ed-bbf1-5d48-a6cc-84c72c891164', 1, DEFAULT, DEFAULT), (921, '139e14ed-bbf1-5d48-a6cc-84c72c891164', 2, DEFAULT, DEFAULT), (922, '586f1ac8-f524-5f8c-88e2-184c02d5ef6d', 0, DEFAULT, DEFAULT), (923, '586f1ac8-f524-5f8c-88e2-184c02d5ef6d', 1, DEFAULT, DEFAULT), (924, '586f1ac8-f524-5f8c-88e2-184c02d5ef6d', 2, DEFAULT, DEFAULT), (925, '62075432-2441-5ae8-a3d3-0c53f1490707', 0, DEFAULT, DEFAULT), (926, '62075432-2441-5ae8-a3d3-0c53f1490707', 1, DEFAULT, DEFAULT), (927, '62075432-2441-5ae8-a3d3-0c53f1490707', 2, DEFAULT, DEFAULT), (928, '7e2a3012-f429-5959-8e79-e27f888f9ce7', 0, DEFAULT, DEFAULT), (929, '7e2a3012-f429-5959-8e79-e27f888f9ce7', 1, DEFAULT, DEFAULT), (930, '7e2a3012-f429-5959-8e79-e27f888f9ce7', 2, DEFAULT, DEFAULT), (931, 'b8821e56-73f0-54d5-b485-728d64492250', 0, DEFAULT, DEFAULT), (932, 'b8821e56-73f0-54d5-b485-728d64492250', 1, DEFAULT, DEFAULT), (933, 'b8821e56-73f0-54d5-b485-728d64492250', 2, DEFAULT, DEFAULT), (934, '41c6ea7f-18a9-55e6-b2ba-f0f4f40a17bf', 0, DEFAULT, DEFAULT), (935, '41c6ea7f-18a9-55e6-b2ba-f0f4f40a17bf', 1, DEFAULT, DEFAULT), (936, '41c6ea7f-18a9-55e6-b2ba-f0f4f40a17bf', 2, DEFAULT, DEFAULT), (937, '6071eb55-6bca-516b-b2e7-cdcdc70b2f27', 0, DEFAULT, DEFAULT), (938, '6071eb55-6bca-516b-b2e7-cdcdc70b2f27', 1, DEFAULT, DEFAULT), (939, '6071eb55-6bca-516b-b2e7-cdcdc70b2f27', 2, DEFAULT, DEFAULT), (940, 'd7cdb9d2-07a6-5208-bc43-84429587c78d', 0, DEFAULT, DEFAULT), (941, 'd7cdb9d2-07a6-5208-bc43-84429587c78d', 1, DEFAULT, DEFAULT), (942, 'd7cdb9d2-07a6-5208-bc43-84429587c78d', 2, DEFAULT, DEFAULT), (943, 'edba76b8-16c2-5d65-8407-7c8846b18c8d', 0, DEFAULT, DEFAULT), (944, 'edba76b8-16c2-5d65-8407-7c8846b18c8d', 1, DEFAULT, DEFAULT), (945, 'edba76b8-16c2-5d65-8407-7c8846b18c8d', 2, DEFAULT, DEFAULT), (946, '4961b154-685f-5c2d-b1f1-598100239ea4', 0, DEFAULT, DEFAULT), (947, '4961b154-685f-5c2d-b1f1-598100239ea4', 1, DEFAULT, DEFAULT), (948, '4961b154-685f-5c2d-b1f1-598100239ea4', 2, DEFAULT, DEFAULT), (949, '81b648c1-576c-5086-ba4f-2125060d9cf0', 0, DEFAULT, DEFAULT), (950, '81b648c1-576c-5086-ba4f-2125060d9cf0', 1, DEFAULT, DEFAULT), (951, '81b648c1-576c-5086-ba4f-2125060d9cf0', 2, DEFAULT, DEFAULT), (952, 'edcc20e9-95a3-50eb-b84c-a2ac5801dd1f', 0, DEFAULT, DEFAULT), (953, 'edcc20e9-95a3-50eb-b84c-a2ac5801dd1f', 1, DEFAULT, DEFAULT), (954, 'edcc20e9-95a3-50eb-b84c-a2ac5801dd1f', 2, DEFAULT, DEFAULT), (955, '0f7963e1-2931-5603-b1f8-5f29e095a36f', 0, DEFAULT, DEFAULT), (956, '0f7963e1-2931-5603-b1f8-5f29e095a36f', 1, DEFAULT, DEFAULT), (957, '0f7963e1-2931-5603-b1f8-5f29e095a36f', 2, DEFAULT, DEFAULT), (958, 'd90cf80e-490d-5c8c-85cc-9c761060fca5', 0, DEFAULT, DEFAULT), (959, 'd90cf80e-490d-5c8c-85cc-9c761060fca5', 1, DEFAULT, DEFAULT), (960, 'd90cf80e-490d-5c8c-85cc-9c761060fca5', 2, DEFAULT, DEFAULT), (961, '84a00f8f-8f65-512e-a89a-396ebb944774', 0, DEFAULT, DEFAULT), (962, '84a00f8f-8f65-512e-a89a-396ebb944774', 1, DEFAULT, DEFAULT), (963, '84a00f8f-8f65-512e-a89a-396ebb944774', 2, DEFAULT, DEFAULT), (964, '24530daa-18f4-5736-824e-740b98d86f84', 0, DEFAULT, DEFAULT), (965, '24530daa-18f4-5736-824e-740b98d86f84', 1, DEFAULT, DEFAULT), (966, '24530daa-18f4-5736-824e-740b98d86f84', 2, DEFAULT, DEFAULT), (967, 'cef44dbb-01f1-53f9-a51f-bce20b8c9729', 0, DEFAULT, DEFAULT), (968, 'cef44dbb-01f1-53f9-a51f-bce20b8c9729', 1, DEFAULT, DEFAULT), (969, 'cef44dbb-01f1-53f9-a51f-bce20b8c9729', 2, DEFAULT, DEFAULT), (970, '2f432e43-c578-5d3f-a9f6-658650551fe1', 0, DEFAULT, DEFAULT), (971, '2f432e43-c578-5d3f-a9f6-658650551fe1', 1, DEFAULT, DEFAULT), (972, '2f432e43-c578-5d3f-a9f6-658650551fe1', 2, DEFAULT, DEFAULT), (973, '9e0ad23d-bafe-536b-a992-47ea353cf3b5', 0, DEFAULT, DEFAULT), (974, '9e0ad23d-bafe-536b-a992-47ea353cf3b5', 1, DEFAULT, DEFAULT), (975, '9e0ad23d-bafe-536b-a992-47ea353cf3b5', 2, DEFAULT, DEFAULT), (976, 'ba4f3542-9d48-574a-8df6-823d78106037', 0, DEFAULT, DEFAULT), (977, 'ba4f3542-9d48-574a-8df6-823d78106037', 1, DEFAULT, DEFAULT), (978, 'ba4f3542-9d48-574a-8df6-823d78106037', 2, DEFAULT, DEFAULT), (979, 'd5920fa6-848e-5195-b671-9577ccf74a26', 0, DEFAULT, DEFAULT), (980, 'd5920fa6-848e-5195-b671-9577ccf74a26', 1, DEFAULT, DEFAULT), (981, 'd5920fa6-848e-5195-b671-9577ccf74a26', 2, DEFAULT, DEFAULT), (982, '60e1ec45-4b3f-5cd2-b9e9-a6fd50c32391', 0, DEFAULT, DEFAULT), (983, '60e1ec45-4b3f-5cd2-b9e9-a6fd50c32391', 1, DEFAULT, DEFAULT), (984, '60e1ec45-4b3f-5cd2-b9e9-a6fd50c32391', 2, DEFAULT, DEFAULT), (985, '4152396c-eaf9-5aeb-9b7d-6c26ad4d722c', 0, DEFAULT, DEFAULT), (986, '4152396c-eaf9-5aeb-9b7d-6c26ad4d722c', 1, DEFAULT, DEFAULT), (987, '4152396c-eaf9-5aeb-9b7d-6c26ad4d722c', 2, DEFAULT, DEFAULT), (988, '82c66b9e-374b-5deb-960b-0b761f066806', 0, DEFAULT, DEFAULT), (989, '82c66b9e-374b-5deb-960b-0b761f066806', 1, DEFAULT, DEFAULT), (990, '82c66b9e-374b-5deb-960b-0b761f066806', 2, DEFAULT, DEFAULT), (991, 'cb1a8444-be9e-581c-8a1e-9f0d5870d484', 0, DEFAULT, DEFAULT), (992, 'cb1a8444-be9e-581c-8a1e-9f0d5870d484', 1, DEFAULT, DEFAULT), (993, 'cb1a8444-be9e-581c-8a1e-9f0d5870d484', 2, DEFAULT, DEFAULT), (994, 'b4086fbf-8b55-5b20-af96-270e53efd260', 0, DEFAULT, DEFAULT), (995, 'b4086fbf-8b55-5b20-af96-270e53efd260', 1, DEFAULT, DEFAULT), (996, 'b4086fbf-8b55-5b20-af96-270e53efd260', 2, DEFAULT, DEFAULT), (997, '7dc2a385-02fd-5e9e-8ca3-480d310ce988', 0, DEFAULT, DEFAULT), (998, '7dc2a385-02fd-5e9e-8ca3-480d310ce988', 1, DEFAULT, DEFAULT), (999, '7dc2a385-02fd-5e9e-8ca3-480d310ce988', 2, DEFAULT, DEFAULT), (1000, 'bd010a0a-cb39-59ee-8218-e7f775ac9a01', 0, DEFAULT, DEFAULT), (1001, 'bd010a0a-cb39-59ee-8218-e7f775ac9a01', 1, DEFAULT, DEFAULT), (1002, 'bd010a0a-cb39-59ee-8218-e7f775ac9a01', 2, DEFAULT, DEFAULT), (1003, 'eb100a5e-fbbc-5189-b323-e08ca1ddf4b2', 0, DEFAULT, DEFAULT), (1004, 'eb100a5e-fbbc-5189-b323-e08ca1ddf4b2', 1, DEFAULT, DEFAULT), (1005, 'eb100a5e-fbbc-5189-b323-e08ca1ddf4b2', 2, DEFAULT, DEFAULT), (1006, 'e43c6b3b-10fe-54f2-a09c-2f23976dbe42', 0, DEFAULT, DEFAULT), (1007, 'e43c6b3b-10fe-54f2-a09c-2f23976dbe42', 1, DEFAULT, DEFAULT), (1008, 'e43c6b3b-10fe-54f2-a09c-2f23976dbe42', 2, DEFAULT, DEFAULT), (1009, '145f2d17-d2b0-59ee-98c0-d8b6d6c741cd', 0, DEFAULT, DEFAULT), (1010, '145f2d17-d2b0-59ee-98c0-d8b6d6c741cd', 1, DEFAULT, DEFAULT), (1011, '145f2d17-d2b0-59ee-98c0-d8b6d6c741cd', 2, DEFAULT, DEFAULT), (1012, '27b7fc92-c399-5aec-bc43-ea4a7d41c984', 0, DEFAULT, DEFAULT), (1013, '27b7fc92-c399-5aec-bc43-ea4a7d41c984', 1, DEFAULT, DEFAULT), (1014, '27b7fc92-c399-5aec-bc43-ea4a7d41c984', 2, DEFAULT, DEFAULT), (1015, '16e13bc2-bae9-5a1b-a23b-7f2503b73a03', 0, DEFAULT, DEFAULT), (1016, '16e13bc2-bae9-5a1b-a23b-7f2503b73a03', 1, DEFAULT, DEFAULT), (1017, '16e13bc2-bae9-5a1b-a23b-7f2503b73a03', 2, DEFAULT, DEFAULT), (1018, 'fb9a721d-7da1-577d-a721-ae00139d250b', 0, DEFAULT, DEFAULT), (1019, 'fb9a721d-7da1-577d-a721-ae00139d250b', 1, DEFAULT, DEFAULT), (1020, 'fb9a721d-7da1-577d-a721-ae00139d250b', 2, DEFAULT, DEFAULT), (1021, '8514b549-2321-5223-bcae-362fbfc61c61', 0, DEFAULT, DEFAULT), (1022, '8514b549-2321-5223-bcae-362fbfc61c61', 1, DEFAULT, DEFAULT), (1023, '8514b549-2321-5223-bcae-362fbfc61c61', 2, DEFAULT, DEFAULT), (1024, '8d222d98-29f0-5123-b99d-cc9f19493b20', 0, DEFAULT, DEFAULT), (1025, '8d222d98-29f0-5123-b99d-cc9f19493b20', 1, DEFAULT, DEFAULT), (1026, '8d222d98-29f0-5123-b99d-cc9f19493b20', 2, DEFAULT, DEFAULT), (1027, '5ba895cd-4107-5c9d-a9cb-bd2d24899776', 0, DEFAULT, DEFAULT), (1028, '5ba895cd-4107-5c9d-a9cb-bd2d24899776', 1, DEFAULT, DEFAULT), (1029, '5ba895cd-4107-5c9d-a9cb-bd2d24899776', 2, DEFAULT, DEFAULT), (1030, '73b23aba-b5e2-5b24-b442-00922b22f275', 0, DEFAULT, DEFAULT), (1031, '73b23aba-b5e2-5b24-b442-00922b22f275', 1, DEFAULT, DEFAULT), (1032, '73b23aba-b5e2-5b24-b442-00922b22f275', 2, DEFAULT, DEFAULT), (1033, '0e1a0168-a26a-5feb-9c91-7bd40d62afcc', 0, DEFAULT, DEFAULT), (1034, '0e1a0168-a26a-5feb-9c91-7bd40d62afcc', 1, DEFAULT, DEFAULT), (1035, '0e1a0168-a26a-5feb-9c91-7bd40d62afcc', 2, DEFAULT, DEFAULT), (1036, '9348bed0-a52a-59cd-98df-ed8ab48ba4f7', 0, DEFAULT, DEFAULT), (1037, '9348bed0-a52a-59cd-98df-ed8ab48ba4f7', 1, DEFAULT, DEFAULT), (1038, '9348bed0-a52a-59cd-98df-ed8ab48ba4f7', 2, DEFAULT, DEFAULT), (1039, '1507f034-16ba-5219-b927-72f72394b9da', 0, DEFAULT, DEFAULT), (1040, '1507f034-16ba-5219-b927-72f72394b9da', 1, DEFAULT, DEFAULT), (1041, '1507f034-16ba-5219-b927-72f72394b9da', 2, DEFAULT, DEFAULT), (1042, '3d6517ba-6968-54c9-9934-5dca00f20f48', 0, DEFAULT, DEFAULT), (1043, '3d6517ba-6968-54c9-9934-5dca00f20f48', 1, DEFAULT, DEFAULT), (1044, '3d6517ba-6968-54c9-9934-5dca00f20f48', 2, DEFAULT, DEFAULT), (1045, '253eb1a7-6466-5751-bb80-ba728a9d5688', 0, DEFAULT, DEFAULT), (1046, '253eb1a7-6466-5751-bb80-ba728a9d5688', 1, DEFAULT, DEFAULT), (1047, '253eb1a7-6466-5751-bb80-ba728a9d5688', 2, DEFAULT, DEFAULT), (1048, '84afba7a-f643-5519-b420-54d83f591e9d', 0, DEFAULT, DEFAULT), (1049, '84afba7a-f643-5519-b420-54d83f591e9d', 1, DEFAULT, DEFAULT), (1050, '84afba7a-f643-5519-b420-54d83f591e9d', 2, DEFAULT, DEFAULT), (1051, '59b35be9-9d21-5b79-8875-4954a08d7239', 0, DEFAULT, DEFAULT), (1052, '59b35be9-9d21-5b79-8875-4954a08d7239', 1, DEFAULT, DEFAULT), (1053, '59b35be9-9d21-5b79-8875-4954a08d7239', 2, DEFAULT, DEFAULT), (1054, 'b3ff9604-63d2-533f-8bbb-d5f0486381ad', 0, DEFAULT, DEFAULT), (1055, 'b3ff9604-63d2-533f-8bbb-d5f0486381ad', 1, DEFAULT, DEFAULT), (1056, 'b3ff9604-63d2-533f-8bbb-d5f0486381ad', 2, DEFAULT, DEFAULT), (1057, 'bcc899da-7629-5e0e-b560-5f5f6e7060e1', 0, DEFAULT, DEFAULT), (1058, 'bcc899da-7629-5e0e-b560-5f5f6e7060e1', 1, DEFAULT, DEFAULT), (1059, 'bcc899da-7629-5e0e-b560-5f5f6e7060e1', 2, DEFAULT, DEFAULT), (1060, '96dbca51-d731-5e2c-a3d4-62e8f0faa072', 0, DEFAULT, DEFAULT), (1061, '96dbca51-d731-5e2c-a3d4-62e8f0faa072', 1, DEFAULT, DEFAULT), (1062, '96dbca51-d731-5e2c-a3d4-62e8f0faa072', 2, DEFAULT, DEFAULT), (1063, 'fc633e1f-14b8-590b-a0ba-c22147aaeeb4', 0, DEFAULT, DEFAULT), (1064, 'fc633e1f-14b8-590b-a0ba-c22147aaeeb4', 1, DEFAULT, DEFAULT), (1065, 'fc633e1f-14b8-590b-a0ba-c22147aaeeb4', 2, DEFAULT, DEFAULT), (1066, '49af1081-9f3e-5569-af2e-1029eb808baf', 0, DEFAULT, DEFAULT), (1067, '49af1081-9f3e-5569-af2e-1029eb808baf', 1, DEFAULT, DEFAULT), (1068, '49af1081-9f3e-5569-af2e-1029eb808baf', 2, DEFAULT, DEFAULT), (1069, '28c7fcd5-dc0b-528f-92f0-3e19e7b94b50', 0, DEFAULT, DEFAULT), (1070, '28c7fcd5-dc0b-528f-92f0-3e19e7b94b50', 1, DEFAULT, DEFAULT), (1071, '28c7fcd5-dc0b-528f-92f0-3e19e7b94b50', 2, DEFAULT, DEFAULT), (1072, '38780d0a-620c-5420-b84b-aa917e5db8c1', 0, DEFAULT, DEFAULT), (1073, '38780d0a-620c-5420-b84b-aa917e5db8c1', 1, DEFAULT, DEFAULT), (1074, '38780d0a-620c-5420-b84b-aa917e5db8c1', 2, DEFAULT, DEFAULT), (1075, '535c1e86-4fb0-59ea-8076-b54244994b61', 0, DEFAULT, DEFAULT), (1076, '535c1e86-4fb0-59ea-8076-b54244994b61', 1, DEFAULT, DEFAULT), (1077, '535c1e86-4fb0-59ea-8076-b54244994b61', 2, DEFAULT, DEFAULT), (1078, '5e181f1c-b93c-59a3-a161-c4d4e29f775e', 0, DEFAULT, DEFAULT), (1079, '5e181f1c-b93c-59a3-a161-c4d4e29f775e', 1, DEFAULT, DEFAULT), (1080, '5e181f1c-b93c-59a3-a161-c4d4e29f775e', 2, DEFAULT, DEFAULT), (1081, '0cd34502-daee-52d8-b8a4-7aa032065e8a', 0, DEFAULT, DEFAULT), (1082, '0cd34502-daee-52d8-b8a4-7aa032065e8a', 1, DEFAULT, DEFAULT), (1083, '0cd34502-daee-52d8-b8a4-7aa032065e8a', 2, DEFAULT, DEFAULT), (1084, '6c9b6808-e737-5f8f-b196-93c0598b34b9', 0, DEFAULT, DEFAULT), (1085, '6c9b6808-e737-5f8f-b196-93c0598b34b9', 1, DEFAULT, DEFAULT), (1086, '6c9b6808-e737-5f8f-b196-93c0598b34b9', 2, DEFAULT, DEFAULT), (1087, 'f498173a-b4a1-5b37-ad0b-67596b4fe0ac', 0, DEFAULT, DEFAULT), (1088, 'f498173a-b4a1-5b37-ad0b-67596b4fe0ac', 1, DEFAULT, DEFAULT), (1089, 'f498173a-b4a1-5b37-ad0b-67596b4fe0ac', 2, DEFAULT, DEFAULT), (1090, 'b0d542cd-fe80-5cad-9bd6-a81d0ed1c2f4', 0, DEFAULT, DEFAULT), (1091, 'b0d542cd-fe80-5cad-9bd6-a81d0ed1c2f4', 1, DEFAULT, DEFAULT), (1092, 'b0d542cd-fe80-5cad-9bd6-a81d0ed1c2f4', 2, DEFAULT, DEFAULT), (1093, 'cd506b7e-0f7c-526c-b650-bb799376c313', 0, DEFAULT, DEFAULT), (1094, 'cd506b7e-0f7c-526c-b650-bb799376c313', 1, DEFAULT, DEFAULT), (1095, 'cd506b7e-0f7c-526c-b650-bb799376c313', 2, DEFAULT, DEFAULT), (1096, 'd625f518-4ec3-51e2-95c0-6cf965668d68', 0, DEFAULT, DEFAULT), (1097, 'd625f518-4ec3-51e2-95c0-6cf965668d68', 1, DEFAULT, DEFAULT), (1098, 'd625f518-4ec3-51e2-95c0-6cf965668d68', 2, DEFAULT, DEFAULT), (1099, '66b76653-1cc5-50ef-a109-c059c945f253', 0, DEFAULT, DEFAULT), (1100, '66b76653-1cc5-50ef-a109-c059c945f253', 1, DEFAULT, DEFAULT), (1101, '66b76653-1cc5-50ef-a109-c059c945f253', 2, DEFAULT, DEFAULT), (1102, 'a6dbcc80-e965-5682-9448-6a65a83787b3', 0, DEFAULT, DEFAULT), (1103, 'a6dbcc80-e965-5682-9448-6a65a83787b3', 1, DEFAULT, DEFAULT), (1104, 'a6dbcc80-e965-5682-9448-6a65a83787b3', 2, DEFAULT, DEFAULT), (1105, 'c4d9fc37-aa2c-5cf4-8cef-779723958882', 0, DEFAULT, DEFAULT), (1106, 'c4d9fc37-aa2c-5cf4-8cef-779723958882', 1, DEFAULT, DEFAULT), (1107, 'c4d9fc37-aa2c-5cf4-8cef-779723958882', 2, DEFAULT, DEFAULT), (1108, 'cbdcc83c-77a1-5d75-ace8-183321930672', 0, DEFAULT, DEFAULT), (1109, 'cbdcc83c-77a1-5d75-ace8-183321930672', 1, DEFAULT, DEFAULT), (1110, 'cbdcc83c-77a1-5d75-ace8-183321930672', 2, DEFAULT, DEFAULT), (1111, '46b593cf-05b9-5316-ba74-ef4cf062dcc9', 0, DEFAULT, DEFAULT), (1112, '46b593cf-05b9-5316-ba74-ef4cf062dcc9', 1, DEFAULT, DEFAULT), (1113, '46b593cf-05b9-5316-ba74-ef4cf062dcc9', 2, DEFAULT, DEFAULT), (1114, '1770dbe6-c529-520b-a36c-454b023ccb2c', 0, DEFAULT, DEFAULT), (1115, '1770dbe6-c529-520b-a36c-454b023ccb2c', 1, DEFAULT, DEFAULT), (1116, '1770dbe6-c529-520b-a36c-454b023ccb2c', 2, DEFAULT, DEFAULT), (1117, '65973815-006c-531b-b69f-bd5d086f7786', 0, DEFAULT, DEFAULT), (1118, '65973815-006c-531b-b69f-bd5d086f7786', 1, DEFAULT, DEFAULT), (1119, '65973815-006c-531b-b69f-bd5d086f7786', 2, DEFAULT, DEFAULT), (1120, '0cd413aa-1a82-5832-9edb-17fd5c059a41', 0, DEFAULT, DEFAULT), (1121, '0cd413aa-1a82-5832-9edb-17fd5c059a41', 1, DEFAULT, DEFAULT), (1122, '0cd413aa-1a82-5832-9edb-17fd5c059a41', 2, DEFAULT, DEFAULT), (1123, '5153bc7b-cd04-5c5e-83e9-7b7a5a1390e6', 0, DEFAULT, DEFAULT), (1124, '5153bc7b-cd04-5c5e-83e9-7b7a5a1390e6', 1, DEFAULT, DEFAULT), (1125, '5153bc7b-cd04-5c5e-83e9-7b7a5a1390e6', 2, DEFAULT, DEFAULT), (1126, 'bd276dfa-2ddb-52c7-9feb-6d2cc281335e', 0, DEFAULT, DEFAULT), (1127, 'bd276dfa-2ddb-52c7-9feb-6d2cc281335e', 1, DEFAULT, DEFAULT), (1128, 'bd276dfa-2ddb-52c7-9feb-6d2cc281335e', 2, DEFAULT, DEFAULT), (1129, '12cafb5f-6adc-5f24-a738-9455dde3eb2a', 0, DEFAULT, DEFAULT), (1130, '12cafb5f-6adc-5f24-a738-9455dde3eb2a', 1, DEFAULT, DEFAULT), (1131, '12cafb5f-6adc-5f24-a738-9455dde3eb2a', 2, DEFAULT, DEFAULT), (1132, 'e017f166-fa51-5fb5-af86-6fc41cad9674', 0, DEFAULT, DEFAULT), (1133, 'e017f166-fa51-5fb5-af86-6fc41cad9674', 1, DEFAULT, DEFAULT), (1134, 'e017f166-fa51-5fb5-af86-6fc41cad9674', 2, DEFAULT, DEFAULT), (1135, '544f27bb-a8e9-5b6b-8ec7-f1cfe91406e2', 0, DEFAULT, DEFAULT), (1136, '544f27bb-a8e9-5b6b-8ec7-f1cfe91406e2', 1, DEFAULT, DEFAULT), (1137, '544f27bb-a8e9-5b6b-8ec7-f1cfe91406e2', 2, DEFAULT, DEFAULT), (1138, 'a704d0a7-ee9e-5aa5-bba9-aff3556d41a2', 0, DEFAULT, DEFAULT), (1139, 'a704d0a7-ee9e-5aa5-bba9-aff3556d41a2', 1, DEFAULT, DEFAULT), (1140, 'a704d0a7-ee9e-5aa5-bba9-aff3556d41a2', 2, DEFAULT, DEFAULT), (1141, 'a758f3b0-169f-56a9-80db-acb9f3972464', 0, DEFAULT, DEFAULT), (1142, 'a758f3b0-169f-56a9-80db-acb9f3972464', 1, DEFAULT, DEFAULT), (1143, 'a758f3b0-169f-56a9-80db-acb9f3972464', 2, DEFAULT, DEFAULT), (1144, '1ebb07c2-9cc9-56df-b9e3-71837bafdca1', 0, DEFAULT, DEFAULT), (1145, '1ebb07c2-9cc9-56df-b9e3-71837bafdca1', 1, DEFAULT, DEFAULT), (1146, '1ebb07c2-9cc9-56df-b9e3-71837bafdca1', 2, DEFAULT, DEFAULT), (1147, '217c4ba5-3ca5-503f-8fcd-2cf91341f163', 0, DEFAULT, DEFAULT), (1148, '217c4ba5-3ca5-503f-8fcd-2cf91341f163', 1, DEFAULT, DEFAULT), (1149, '217c4ba5-3ca5-503f-8fcd-2cf91341f163', 2, DEFAULT, DEFAULT), (1150, '63c64b00-d130-5928-b403-258ebdb17248', 0, DEFAULT, DEFAULT), (1151, '63c64b00-d130-5928-b403-258ebdb17248', 1, DEFAULT, DEFAULT), (1152, '63c64b00-d130-5928-b403-258ebdb17248', 2, DEFAULT, DEFAULT), (1153, '0deb1a0e-8f26-576f-af23-e26ef824ea0b', 0, DEFAULT, DEFAULT), (1154, '0deb1a0e-8f26-576f-af23-e26ef824ea0b', 1, DEFAULT, DEFAULT), (1155, '0deb1a0e-8f26-576f-af23-e26ef824ea0b', 2, DEFAULT, DEFAULT), (1156, '924718ca-0525-5af0-b71a-2560f2cc09a0', 0, DEFAULT, DEFAULT), (1157, '924718ca-0525-5af0-b71a-2560f2cc09a0', 1, DEFAULT, DEFAULT), (1158, '924718ca-0525-5af0-b71a-2560f2cc09a0', 2, DEFAULT, DEFAULT), (1159, '877842c0-f0dc-575b-a7ad-30915aaaeebe', 0, DEFAULT, DEFAULT), (1160, '877842c0-f0dc-575b-a7ad-30915aaaeebe', 1, DEFAULT, DEFAULT), (1161, '877842c0-f0dc-575b-a7ad-30915aaaeebe', 2, DEFAULT, DEFAULT), (1162, 'ebce0b2a-b558-5f18-bddc-2af385fe3118', 0, DEFAULT, DEFAULT), (1163, 'ebce0b2a-b558-5f18-bddc-2af385fe3118', 1, DEFAULT, DEFAULT), (1164, 'ebce0b2a-b558-5f18-bddc-2af385fe3118', 2, DEFAULT, DEFAULT), (1165, '67f00577-22b1-541a-b8eb-43f4241ec322', 0, DEFAULT, DEFAULT), (1166, '67f00577-22b1-541a-b8eb-43f4241ec322', 1, DEFAULT, DEFAULT), (1167, '67f00577-22b1-541a-b8eb-43f4241ec322', 2, DEFAULT, DEFAULT), (1168, '5c1d9b7d-9f54-545c-ae19-f60dd5ff1d25', 0, DEFAULT, DEFAULT), (1169, '5c1d9b7d-9f54-545c-ae19-f60dd5ff1d25', 1, DEFAULT, DEFAULT), (1170, '5c1d9b7d-9f54-545c-ae19-f60dd5ff1d25', 2, DEFAULT, DEFAULT), (1171, '339c2395-3fcf-5f3b-90ec-90611b01fa37', 0, DEFAULT, DEFAULT), (1172, '339c2395-3fcf-5f3b-90ec-90611b01fa37', 1, DEFAULT, DEFAULT), (1173, '339c2395-3fcf-5f3b-90ec-90611b01fa37', 2, DEFAULT, DEFAULT), (1174, '3e26da35-99ab-5fee-95a6-ca3120af490b', 0, DEFAULT, DEFAULT), (1175, '3e26da35-99ab-5fee-95a6-ca3120af490b', 1, DEFAULT, DEFAULT), (1176, '3e26da35-99ab-5fee-95a6-ca3120af490b', 2, DEFAULT, DEFAULT), (1177, '540a4921-798c-58f1-8dda-fbb9b912bb43', 0, DEFAULT, DEFAULT), (1178, '540a4921-798c-58f1-8dda-fbb9b912bb43', 1, DEFAULT, DEFAULT), (1179, '540a4921-798c-58f1-8dda-fbb9b912bb43', 2, DEFAULT, DEFAULT), (1180, '81b847bf-bc05-538e-bdc5-721f48634b78', 0, DEFAULT, DEFAULT), (1181, '81b847bf-bc05-538e-bdc5-721f48634b78', 1, DEFAULT, DEFAULT), (1182, '81b847bf-bc05-538e-bdc5-721f48634b78', 2, DEFAULT, DEFAULT), (1183, '2c9d2493-4412-5eae-aa39-69858c4bfd99', 0, DEFAULT, DEFAULT), (1184, '2c9d2493-4412-5eae-aa39-69858c4bfd99', 1, DEFAULT, DEFAULT), (1185, '2c9d2493-4412-5eae-aa39-69858c4bfd99', 2, DEFAULT, DEFAULT), (1186, '51ef9256-0eab-579a-868b-52c27ddf10e9', 0, DEFAULT, DEFAULT), (1187, '51ef9256-0eab-579a-868b-52c27ddf10e9', 1, DEFAULT, DEFAULT), (1188, '51ef9256-0eab-579a-868b-52c27ddf10e9', 2, DEFAULT, DEFAULT), (1189, 'd6ceb82b-4af2-5d8a-96c1-8d6a9db93a31', 0, DEFAULT, DEFAULT), (1190, 'd6ceb82b-4af2-5d8a-96c1-8d6a9db93a31', 1, DEFAULT, DEFAULT), (1191, 'd6ceb82b-4af2-5d8a-96c1-8d6a9db93a31', 2, DEFAULT, DEFAULT), (1192, '01ae0a36-6172-5c0a-baff-6c1805e0976a', 0, DEFAULT, DEFAULT), (1193, '01ae0a36-6172-5c0a-baff-6c1805e0976a', 1, DEFAULT, DEFAULT), (1194, '01ae0a36-6172-5c0a-baff-6c1805e0976a', 2, DEFAULT, DEFAULT), (1195, 'df70af8b-9578-5bd7-9fd6-02ad92eaedca', 0, DEFAULT, DEFAULT), (1196, 'df70af8b-9578-5bd7-9fd6-02ad92eaedca', 1, DEFAULT, DEFAULT), (1197, 'df70af8b-9578-5bd7-9fd6-02ad92eaedca', 2, DEFAULT, DEFAULT), (1198, '82fca927-01aa-5c29-8d7a-7a868f9ba6ea', 0, DEFAULT, DEFAULT), (1199, '82fca927-01aa-5c29-8d7a-7a868f9ba6ea', 1, DEFAULT, DEFAULT), (1200, '82fca927-01aa-5c29-8d7a-7a868f9ba6ea', 2, DEFAULT, DEFAULT), (1201, '4e5550d4-d39a-56c3-8f19-971fdeeb787e', 0, DEFAULT, DEFAULT), (1202, '4e5550d4-d39a-56c3-8f19-971fdeeb787e', 1, DEFAULT, DEFAULT), (1203, '4e5550d4-d39a-56c3-8f19-971fdeeb787e', 2, DEFAULT, DEFAULT), (1204, '83ec5ac5-8c23-5e38-8151-36af62098fff', 0, DEFAULT, DEFAULT), (1205, '83ec5ac5-8c23-5e38-8151-36af62098fff', 1, DEFAULT, DEFAULT), (1206, '83ec5ac5-8c23-5e38-8151-36af62098fff', 2, DEFAULT, DEFAULT), (1207, 'd1996167-52fb-5e4a-b849-75efada773e6', 0, DEFAULT, DEFAULT), (1208, 'd1996167-52fb-5e4a-b849-75efada773e6', 1, DEFAULT, DEFAULT), (1209, 'd1996167-52fb-5e4a-b849-75efada773e6', 2, DEFAULT, DEFAULT), (1210, '1818e464-6a87-5266-8677-c069741c3ab2', 0, DEFAULT, DEFAULT), (1211, '1818e464-6a87-5266-8677-c069741c3ab2', 1, DEFAULT, DEFAULT), (1212, '1818e464-6a87-5266-8677-c069741c3ab2', 2, DEFAULT, DEFAULT), (1213, '13ebb239-29e1-53ff-93b0-d55e3db05a11', 0, DEFAULT, DEFAULT), (1214, '13ebb239-29e1-53ff-93b0-d55e3db05a11', 1, DEFAULT, DEFAULT), (1215, '13ebb239-29e1-53ff-93b0-d55e3db05a11', 2, DEFAULT, DEFAULT), (1216, 'a0a63713-f2dd-56aa-98a3-f6a26bcae5b9', 0, DEFAULT, DEFAULT), (1217, 'a0a63713-f2dd-56aa-98a3-f6a26bcae5b9', 1, DEFAULT, DEFAULT), (1218, 'a0a63713-f2dd-56aa-98a3-f6a26bcae5b9', 2, DEFAULT, DEFAULT), (1219, '4029bbad-86a6-5e60-a150-da0664c62b92', 0, DEFAULT, DEFAULT), (1220, '4029bbad-86a6-5e60-a150-da0664c62b92', 1, DEFAULT, DEFAULT), (1221, '4029bbad-86a6-5e60-a150-da0664c62b92', 2, DEFAULT, DEFAULT), (1222, '6636a6a8-3a2d-5862-bb24-3e77bffdb640', 0, DEFAULT, DEFAULT), (1223, '6636a6a8-3a2d-5862-bb24-3e77bffdb640', 1, DEFAULT, DEFAULT), (1224, '6636a6a8-3a2d-5862-bb24-3e77bffdb640', 2, DEFAULT, DEFAULT), (1225, '4ba85443-f89e-5d68-8d4a-da572969b0dd', 0, DEFAULT, DEFAULT), (1226, '4ba85443-f89e-5d68-8d4a-da572969b0dd', 1, DEFAULT, DEFAULT), (1227, '4ba85443-f89e-5d68-8d4a-da572969b0dd', 2, DEFAULT, DEFAULT), (1228, '55fbf0ae-1fd2-57d5-9884-2ceca8eef8f3', 0, DEFAULT, DEFAULT), (1229, '55fbf0ae-1fd2-57d5-9884-2ceca8eef8f3', 1, DEFAULT, DEFAULT), (1230, '55fbf0ae-1fd2-57d5-9884-2ceca8eef8f3', 2, DEFAULT, DEFAULT), (1231, 'c91a5204-a47c-5f58-8042-f917f2facb4b', 0, DEFAULT, DEFAULT), (1232, 'c91a5204-a47c-5f58-8042-f917f2facb4b', 1, DEFAULT, DEFAULT), (1233, 'c91a5204-a47c-5f58-8042-f917f2facb4b', 2, DEFAULT, DEFAULT), (1234, 'fdca53a8-e101-5585-90b8-82f7d3c1fc24', 0, DEFAULT, DEFAULT), (1235, 'fdca53a8-e101-5585-90b8-82f7d3c1fc24', 1, DEFAULT, DEFAULT), (1236, 'fdca53a8-e101-5585-90b8-82f7d3c1fc24', 2, DEFAULT, DEFAULT), (1237, 'a76c18ad-af72-57b7-b165-f7757943d51e', 0, DEFAULT, DEFAULT), (1238, 'a76c18ad-af72-57b7-b165-f7757943d51e', 1, DEFAULT, DEFAULT), (1239, 'a76c18ad-af72-57b7-b165-f7757943d51e', 2, DEFAULT, DEFAULT), (1240, 'bf7ffe87-c4e2-5aa1-86f7-2fdfa8315ff6', 0, DEFAULT, DEFAULT), (1241, 'bf7ffe87-c4e2-5aa1-86f7-2fdfa8315ff6', 1, DEFAULT, DEFAULT), (1242, 'bf7ffe87-c4e2-5aa1-86f7-2fdfa8315ff6', 2, DEFAULT, DEFAULT), (1243, '764f06ba-b246-5c62-8e43-89fe991c749d', 0, DEFAULT, DEFAULT), (1244, '764f06ba-b246-5c62-8e43-89fe991c749d', 1, DEFAULT, DEFAULT), (1245, '764f06ba-b246-5c62-8e43-89fe991c749d', 2, DEFAULT, DEFAULT), (1246, '229d48f9-9e17-5f91-bd2c-3f3cdbae28c1', 0, DEFAULT, DEFAULT), (1247, '229d48f9-9e17-5f91-bd2c-3f3cdbae28c1', 1, DEFAULT, DEFAULT), (1248, '229d48f9-9e17-5f91-bd2c-3f3cdbae28c1', 2, DEFAULT, DEFAULT), (1249, '505fdba9-c563-5897-bd99-f3fd7e6efb10', 0, DEFAULT, DEFAULT), (1250, '505fdba9-c563-5897-bd99-f3fd7e6efb10', 1, DEFAULT, DEFAULT), (1251, '505fdba9-c563-5897-bd99-f3fd7e6efb10', 2, DEFAULT, DEFAULT), (1252, 'ad47e58b-6404-5eb4-b01c-1ab02b3af226', 0, DEFAULT, DEFAULT), (1253, 'ad47e58b-6404-5eb4-b01c-1ab02b3af226', 1, DEFAULT, DEFAULT), (1254, 'ad47e58b-6404-5eb4-b01c-1ab02b3af226', 2, DEFAULT, DEFAULT), (1255, '4ae4f149-a1da-5a76-913f-5ea02c87f4e0', 0, DEFAULT, DEFAULT), (1256, '4ae4f149-a1da-5a76-913f-5ea02c87f4e0', 1, DEFAULT, DEFAULT), (1257, '4ae4f149-a1da-5a76-913f-5ea02c87f4e0', 2, DEFAULT, DEFAULT), (1258, 'a85217e5-f8d6-5dd0-996b-8464fa1021ff', 0, DEFAULT, DEFAULT), (1259, 'a85217e5-f8d6-5dd0-996b-8464fa1021ff', 1, DEFAULT, DEFAULT), (1260, 'a85217e5-f8d6-5dd0-996b-8464fa1021ff', 2, DEFAULT, DEFAULT), (1261, 'b21411a7-0afc-5cf3-81fc-471ab95f5d8d', 0, DEFAULT, DEFAULT), (1262, 'b21411a7-0afc-5cf3-81fc-471ab95f5d8d', 1, DEFAULT, DEFAULT), (1263, 'b21411a7-0afc-5cf3-81fc-471ab95f5d8d', 2, DEFAULT, DEFAULT), (1264, 'd37fd98f-746a-582e-a0fc-de28d96e48c5', 0, DEFAULT, DEFAULT), (1265, 'd37fd98f-746a-582e-a0fc-de28d96e48c5', 1, DEFAULT, DEFAULT), (1266, 'd37fd98f-746a-582e-a0fc-de28d96e48c5', 2, DEFAULT, DEFAULT), (1267, '2dc53ff7-923f-50df-a732-82b60afbba2f', 0, DEFAULT, DEFAULT), (1268, '2dc53ff7-923f-50df-a732-82b60afbba2f', 1, DEFAULT, DEFAULT), (1269, '2dc53ff7-923f-50df-a732-82b60afbba2f', 2, DEFAULT, DEFAULT), (1270, 'f9690101-a16f-5108-b391-78c9dba8aeee', 0, DEFAULT, DEFAULT), (1271, 'f9690101-a16f-5108-b391-78c9dba8aeee', 1, DEFAULT, DEFAULT), (1272, 'f9690101-a16f-5108-b391-78c9dba8aeee', 2, DEFAULT, DEFAULT), (1273, '7441a375-e1c1-5111-b299-b73d6da10ca2', 0, DEFAULT, DEFAULT), (1274, '7441a375-e1c1-5111-b299-b73d6da10ca2', 1, DEFAULT, DEFAULT), (1275, '7441a375-e1c1-5111-b299-b73d6da10ca2', 2, DEFAULT, DEFAULT), (1276, 'ca1d2bcf-5a98-5759-81b6-75e3ed47122a', 0, DEFAULT, DEFAULT), (1277, 'ca1d2bcf-5a98-5759-81b6-75e3ed47122a', 1, DEFAULT, DEFAULT), (1278, 'ca1d2bcf-5a98-5759-81b6-75e3ed47122a', 2, DEFAULT, DEFAULT), (1279, '77b1dab4-a856-5c18-bb24-053f8869bc5b', 0, DEFAULT, DEFAULT), (1280, '77b1dab4-a856-5c18-bb24-053f8869bc5b', 1, DEFAULT, DEFAULT), (1281, '77b1dab4-a856-5c18-bb24-053f8869bc5b', 2, DEFAULT, DEFAULT), (1282, '08b3c695-d6fb-54e4-9ef2-bf508a57adc1', 0, DEFAULT, DEFAULT), (1283, '08b3c695-d6fb-54e4-9ef2-bf508a57adc1', 1, DEFAULT, DEFAULT), (1284, '08b3c695-d6fb-54e4-9ef2-bf508a57adc1', 2, DEFAULT, DEFAULT), (1285, '7dc16d02-274a-5e7f-bc31-6af29982313f', 0, DEFAULT, DEFAULT), (1286, '7dc16d02-274a-5e7f-bc31-6af29982313f', 1, DEFAULT, DEFAULT), (1287, '7dc16d02-274a-5e7f-bc31-6af29982313f', 2, DEFAULT, DEFAULT), (1288, 'acad405c-f8e9-559b-bd11-e0ffc3bebca6', 0, DEFAULT, DEFAULT), (1289, 'acad405c-f8e9-559b-bd11-e0ffc3bebca6', 1, DEFAULT, DEFAULT), (1290, 'acad405c-f8e9-559b-bd11-e0ffc3bebca6', 2, DEFAULT, DEFAULT), (1291, '16d95573-87cd-5d45-be45-e8a020ba40ac', 0, DEFAULT, DEFAULT), (1292, '16d95573-87cd-5d45-be45-e8a020ba40ac', 1, DEFAULT, DEFAULT), (1293, '16d95573-87cd-5d45-be45-e8a020ba40ac', 2, DEFAULT, DEFAULT), (1294, '5a993b43-eca0-563f-b6c9-fdd440759e85', 0, DEFAULT, DEFAULT), (1295, '5a993b43-eca0-563f-b6c9-fdd440759e85', 1, DEFAULT, DEFAULT), (1296, '5a993b43-eca0-563f-b6c9-fdd440759e85', 2, DEFAULT, DEFAULT), (1297, 'f7bfc2c8-d52a-5806-97fd-77bd67d93b23', 0, DEFAULT, DEFAULT), (1298, 'f7bfc2c8-d52a-5806-97fd-77bd67d93b23', 1, DEFAULT, DEFAULT), (1299, 'f7bfc2c8-d52a-5806-97fd-77bd67d93b23', 2, DEFAULT, DEFAULT), (1300, '748d5a8c-f2bf-5974-9c72-24f98b85813b', 0, DEFAULT, DEFAULT), (1301, '748d5a8c-f2bf-5974-9c72-24f98b85813b', 1, DEFAULT, DEFAULT), (1302, '748d5a8c-f2bf-5974-9c72-24f98b85813b', 2, DEFAULT, DEFAULT), (1303, '808d9117-ba04-5cb0-8827-639e2642b0ee', 0, DEFAULT, DEFAULT), (1304, '808d9117-ba04-5cb0-8827-639e2642b0ee', 1, DEFAULT, DEFAULT), (1305, '808d9117-ba04-5cb0-8827-639e2642b0ee', 2, DEFAULT, DEFAULT), (1306, 'e0185351-5b08-58b2-bd3e-c09965750112', 0, DEFAULT, DEFAULT), (1307, 'e0185351-5b08-58b2-bd3e-c09965750112', 1, DEFAULT, DEFAULT), (1308, 'e0185351-5b08-58b2-bd3e-c09965750112', 2, DEFAULT, DEFAULT), (1309, '993f7ab3-9b54-5771-a99e-0c6d75a1f37d', 0, DEFAULT, DEFAULT), (1310, '993f7ab3-9b54-5771-a99e-0c6d75a1f37d', 1, DEFAULT, DEFAULT), (1311, '993f7ab3-9b54-5771-a99e-0c6d75a1f37d', 2, DEFAULT, DEFAULT), (1312, 'bdb5114a-76d3-5fe4-944c-043e7ebd99da', 0, DEFAULT, DEFAULT), (1313, 'bdb5114a-76d3-5fe4-944c-043e7ebd99da', 1, DEFAULT, DEFAULT), (1314, 'bdb5114a-76d3-5fe4-944c-043e7ebd99da', 2, DEFAULT, DEFAULT), (1315, 'aa4964a1-4611-5528-9df9-ef170866214f', 0, DEFAULT, DEFAULT), (1316, 'aa4964a1-4611-5528-9df9-ef170866214f', 1, DEFAULT, DEFAULT), (1317, 'aa4964a1-4611-5528-9df9-ef170866214f', 2, DEFAULT, DEFAULT), (1318, 'ec14513a-7d3c-5172-b68b-d531791ec9de', 0, DEFAULT, DEFAULT), (1319, 'ec14513a-7d3c-5172-b68b-d531791ec9de', 1, DEFAULT, DEFAULT), (1320, 'ec14513a-7d3c-5172-b68b-d531791ec9de', 2, DEFAULT, DEFAULT), (1321, 'a0f81f50-aa3d-5780-b485-a54fb7b7833a', 0, DEFAULT, DEFAULT), (1322, 'a0f81f50-aa3d-5780-b485-a54fb7b7833a', 1, DEFAULT, DEFAULT), (1323, 'a0f81f50-aa3d-5780-b485-a54fb7b7833a', 2, DEFAULT, DEFAULT), (1324, 'aabd5608-e04b-5bd8-8d75-d004a1b17409', 0, DEFAULT, DEFAULT), (1325, 'aabd5608-e04b-5bd8-8d75-d004a1b17409', 1, DEFAULT, DEFAULT), (1326, 'aabd5608-e04b-5bd8-8d75-d004a1b17409', 2, DEFAULT, DEFAULT), (1327, '7bcc2b79-de31-5963-9cfd-559af77da3be', 0, DEFAULT, DEFAULT), (1328, '7bcc2b79-de31-5963-9cfd-559af77da3be', 1, DEFAULT, DEFAULT), (1329, '7bcc2b79-de31-5963-9cfd-559af77da3be', 2, DEFAULT, DEFAULT), (1330, 'b4293a01-a1be-5e58-a088-abc550c9f820', 0, DEFAULT, DEFAULT), (1331, 'b4293a01-a1be-5e58-a088-abc550c9f820', 1, DEFAULT, DEFAULT), (1332, 'b4293a01-a1be-5e58-a088-abc550c9f820', 2, DEFAULT, DEFAULT), (1333, 'a97e2960-b385-5f99-88c2-9e562f32234e', 0, DEFAULT, DEFAULT), (1334, 'a97e2960-b385-5f99-88c2-9e562f32234e', 1, DEFAULT, DEFAULT), (1335, 'a97e2960-b385-5f99-88c2-9e562f32234e', 2, DEFAULT, DEFAULT), (1336, 'db39a462-f36a-54ba-b38e-2fcf35273cba', 0, DEFAULT, DEFAULT), (1337, 'db39a462-f36a-54ba-b38e-2fcf35273cba', 1, DEFAULT, DEFAULT), (1338, 'db39a462-f36a-54ba-b38e-2fcf35273cba', 2, DEFAULT, DEFAULT), (1339, '35dc016a-9edc-565d-923e-9bee9a60bd24', 0, DEFAULT, DEFAULT), (1340, '35dc016a-9edc-565d-923e-9bee9a60bd24', 1, DEFAULT, DEFAULT), (1341, '35dc016a-9edc-565d-923e-9bee9a60bd24', 2, DEFAULT, DEFAULT), (1342, '61e4dc6c-b183-5c81-91cb-8dc622fd6913', 0, DEFAULT, DEFAULT), (1343, '61e4dc6c-b183-5c81-91cb-8dc622fd6913', 1, DEFAULT, DEFAULT), (1344, '61e4dc6c-b183-5c81-91cb-8dc622fd6913', 2, DEFAULT, DEFAULT), (1345, 'b5df5eae-45e8-5f54-a8f9-351afabf5f65', 0, DEFAULT, DEFAULT), (1346, 'b5df5eae-45e8-5f54-a8f9-351afabf5f65', 1, DEFAULT, DEFAULT), (1347, 'b5df5eae-45e8-5f54-a8f9-351afabf5f65', 2, DEFAULT, DEFAULT), (1348, '18aa22db-700e-5a8a-892c-5bf7b7da1bbf', 0, DEFAULT, DEFAULT), (1349, '18aa22db-700e-5a8a-892c-5bf7b7da1bbf', 1, DEFAULT, DEFAULT), (1350, '18aa22db-700e-5a8a-892c-5bf7b7da1bbf', 2, DEFAULT, DEFAULT), (1351, '7c9a7a2f-bf97-5fb7-9ff3-bb3e363fce60', 0, DEFAULT, DEFAULT), (1352, '7c9a7a2f-bf97-5fb7-9ff3-bb3e363fce60', 1, DEFAULT, DEFAULT), (1353, '7c9a7a2f-bf97-5fb7-9ff3-bb3e363fce60', 2, DEFAULT, DEFAULT), (1354, '93216013-7bd8-59b1-a3f0-b1087d4d7f00', 0, DEFAULT, DEFAULT), (1355, '93216013-7bd8-59b1-a3f0-b1087d4d7f00', 1, DEFAULT, DEFAULT), (1356, '93216013-7bd8-59b1-a3f0-b1087d4d7f00', 2, DEFAULT, DEFAULT), (1357, '3e057cf2-df3a-50e5-82fa-e2dcf87ebd5a', 0, DEFAULT, DEFAULT), (1358, '3e057cf2-df3a-50e5-82fa-e2dcf87ebd5a', 1, DEFAULT, DEFAULT), (1359, '3e057cf2-df3a-50e5-82fa-e2dcf87ebd5a', 2, DEFAULT, DEFAULT), (1360, 'e3f5f266-44d3-5096-b897-56678a5f974b', 0, DEFAULT, DEFAULT), (1361, 'e3f5f266-44d3-5096-b897-56678a5f974b', 1, DEFAULT, DEFAULT), (1362, 'e3f5f266-44d3-5096-b897-56678a5f974b', 2, DEFAULT, DEFAULT), (1363, 'ffbcf0c1-44bb-549f-ba50-18e1e874a611', 0, DEFAULT, DEFAULT), (1364, 'ffbcf0c1-44bb-549f-ba50-18e1e874a611', 1, DEFAULT, DEFAULT), (1365, 'ffbcf0c1-44bb-549f-ba50-18e1e874a611', 2, DEFAULT, DEFAULT), (1366, 'c4f414cf-451e-5497-88db-62020e3a0dc5', 0, DEFAULT, DEFAULT), (1367, 'c4f414cf-451e-5497-88db-62020e3a0dc5', 1, DEFAULT, DEFAULT), (1368, 'c4f414cf-451e-5497-88db-62020e3a0dc5', 2, DEFAULT, DEFAULT), (1369, 'a109823a-0d02-5064-b8ef-3186d6d08cb0', 0, DEFAULT, DEFAULT), (1370, 'a109823a-0d02-5064-b8ef-3186d6d08cb0', 1, DEFAULT, DEFAULT), (1371, 'a109823a-0d02-5064-b8ef-3186d6d08cb0', 2, DEFAULT, DEFAULT), (1372, '3e4b1eac-b214-5aaa-a7f0-29af8a5b2ce9', 0, DEFAULT, DEFAULT), (1373, '3e4b1eac-b214-5aaa-a7f0-29af8a5b2ce9', 1, DEFAULT, DEFAULT), (1374, '3e4b1eac-b214-5aaa-a7f0-29af8a5b2ce9', 2, DEFAULT, DEFAULT), (1375, '72819b1c-0a2a-5e86-b5bc-5741c2854f96', 0, DEFAULT, DEFAULT), (1376, '72819b1c-0a2a-5e86-b5bc-5741c2854f96', 1, DEFAULT, DEFAULT), (1377, '72819b1c-0a2a-5e86-b5bc-5741c2854f96', 2, DEFAULT, DEFAULT), (1378, 'b5d7b26a-56f4-59fc-853e-1a1306ab6e95', 0, DEFAULT, DEFAULT), (1379, 'b5d7b26a-56f4-59fc-853e-1a1306ab6e95', 1, DEFAULT, DEFAULT), (1380, 'b5d7b26a-56f4-59fc-853e-1a1306ab6e95', 2, DEFAULT, DEFAULT), (1381, '29365629-31e8-5e53-b1ae-ffdad1c2009e', 0, DEFAULT, DEFAULT), (1382, '29365629-31e8-5e53-b1ae-ffdad1c2009e', 1, DEFAULT, DEFAULT), (1383, '29365629-31e8-5e53-b1ae-ffdad1c2009e', 2, DEFAULT, DEFAULT), (1384, 'ef9b1028-31e2-59d9-a64e-2a4d1686e96e', 0, DEFAULT, DEFAULT), (1385, 'ef9b1028-31e2-59d9-a64e-2a4d1686e96e', 1, DEFAULT, DEFAULT), (1386, 'ef9b1028-31e2-59d9-a64e-2a4d1686e96e', 2, DEFAULT, DEFAULT), (1387, '51f9c2fa-a6a8-5d1e-9ef8-efb89c34ee1c', 0, DEFAULT, DEFAULT), (1388, '51f9c2fa-a6a8-5d1e-9ef8-efb89c34ee1c', 1, DEFAULT, DEFAULT), (1389, '51f9c2fa-a6a8-5d1e-9ef8-efb89c34ee1c', 2, DEFAULT, DEFAULT), (1390, '930338c0-ea8e-56fc-b2df-a68255a6182c', 0, DEFAULT, DEFAULT), (1391, '930338c0-ea8e-56fc-b2df-a68255a6182c', 1, DEFAULT, DEFAULT), (1392, '930338c0-ea8e-56fc-b2df-a68255a6182c', 2, DEFAULT, DEFAULT), (1393, '14f0b4c0-9d33-5d68-85ae-cc3d31b6b19e', 0, DEFAULT, DEFAULT), (1394, '14f0b4c0-9d33-5d68-85ae-cc3d31b6b19e', 1, DEFAULT, DEFAULT), (1395, '14f0b4c0-9d33-5d68-85ae-cc3d31b6b19e', 2, DEFAULT, DEFAULT), (1396, '7c51f66f-cf81-571f-a65c-f571f1f39cc9', 0, DEFAULT, DEFAULT), (1397, '7c51f66f-cf81-571f-a65c-f571f1f39cc9', 1, DEFAULT, DEFAULT), (1398, '7c51f66f-cf81-571f-a65c-f571f1f39cc9', 2, DEFAULT, DEFAULT), (1399, '764b9b2a-d477-5bff-a789-cba064ac71f8', 0, DEFAULT, DEFAULT), (1400, '764b9b2a-d477-5bff-a789-cba064ac71f8', 1, DEFAULT, DEFAULT), (1401, '764b9b2a-d477-5bff-a789-cba064ac71f8', 2, DEFAULT, DEFAULT), (1402, '1125d49b-2ad6-5500-bd14-7e0649f5dd73', 0, DEFAULT, DEFAULT), (1403, '1125d49b-2ad6-5500-bd14-7e0649f5dd73', 1, DEFAULT, DEFAULT), (1404, '1125d49b-2ad6-5500-bd14-7e0649f5dd73', 2, DEFAULT, DEFAULT), (1405, 'de1d5557-45c4-5747-8c2d-f8c09704db25', 0, DEFAULT, DEFAULT), (1406, 'de1d5557-45c4-5747-8c2d-f8c09704db25', 1, DEFAULT, DEFAULT), (1407, 'de1d5557-45c4-5747-8c2d-f8c09704db25', 2, DEFAULT, DEFAULT), (1408, 'dc2759a8-51ca-575d-9678-0ac64e900648', 0, DEFAULT, DEFAULT), (1409, 'dc2759a8-51ca-575d-9678-0ac64e900648', 1, DEFAULT, DEFAULT), (1410, 'dc2759a8-51ca-575d-9678-0ac64e900648', 2, DEFAULT, DEFAULT), (1411, '8c0ef303-3ae4-5fe5-b0be-ef1788ae8707', 0, DEFAULT, DEFAULT), (1412, '8c0ef303-3ae4-5fe5-b0be-ef1788ae8707', 1, DEFAULT, DEFAULT), (1413, '8c0ef303-3ae4-5fe5-b0be-ef1788ae8707', 2, DEFAULT, DEFAULT), (1414, 'ddd094e1-b8f4-560e-b960-af5227a9b337', 0, DEFAULT, DEFAULT), (1415, 'ddd094e1-b8f4-560e-b960-af5227a9b337', 1, DEFAULT, DEFAULT), (1416, 'ddd094e1-b8f4-560e-b960-af5227a9b337', 2, DEFAULT, DEFAULT), (1417, '4bd93d1d-9da0-508d-a30a-5cd1fe2e858d', 0, DEFAULT, DEFAULT), (1418, '4bd93d1d-9da0-508d-a30a-5cd1fe2e858d', 1, DEFAULT, DEFAULT), (1419, '4bd93d1d-9da0-508d-a30a-5cd1fe2e858d', 2, DEFAULT, DEFAULT), (1420, '2d25022b-866c-584e-895d-11b8a727c08f', 0, DEFAULT, DEFAULT), (1421, '2d25022b-866c-584e-895d-11b8a727c08f', 1, DEFAULT, DEFAULT), (1422, '2d25022b-866c-584e-895d-11b8a727c08f', 2, DEFAULT, DEFAULT), (1423, '8d4a5d0e-3ef8-5e54-ac1b-6a14acb1ad0e', 0, DEFAULT, DEFAULT), (1424, '8d4a5d0e-3ef8-5e54-ac1b-6a14acb1ad0e', 1, DEFAULT, DEFAULT), (1425, '8d4a5d0e-3ef8-5e54-ac1b-6a14acb1ad0e', 2, DEFAULT, DEFAULT), (1426, '6b889196-1556-5eef-89c0-e7506a0ca45b', 0, DEFAULT, DEFAULT), (1427, '6b889196-1556-5eef-89c0-e7506a0ca45b', 1, DEFAULT, DEFAULT), (1428, '6b889196-1556-5eef-89c0-e7506a0ca45b', 2, DEFAULT, DEFAULT), (1429, 'e6b5025c-d432-567c-bc94-e80f642225ff', 0, DEFAULT, DEFAULT), (1430, 'e6b5025c-d432-567c-bc94-e80f642225ff', 1, DEFAULT, DEFAULT), (1431, 'e6b5025c-d432-567c-bc94-e80f642225ff', 2, DEFAULT, DEFAULT), (1432, '4d0eaa15-67e7-50e5-bd92-8596a8c41516', 0, DEFAULT, DEFAULT), (1433, '4d0eaa15-67e7-50e5-bd92-8596a8c41516', 1, DEFAULT, DEFAULT), (1434, '4d0eaa15-67e7-50e5-bd92-8596a8c41516', 2, DEFAULT, DEFAULT), (1435, 'c2405ac9-0838-5ce8-a85b-e6db0fbe6c10', 0, DEFAULT, DEFAULT), (1436, 'c2405ac9-0838-5ce8-a85b-e6db0fbe6c10', 1, DEFAULT, DEFAULT), (1437, 'c2405ac9-0838-5ce8-a85b-e6db0fbe6c10', 2, DEFAULT, DEFAULT), (1438, 'c8df1446-9b17-5687-8ff4-001003cfca37', 0, DEFAULT, DEFAULT), (1439, 'c8df1446-9b17-5687-8ff4-001003cfca37', 1, DEFAULT, DEFAULT), (1440, 'c8df1446-9b17-5687-8ff4-001003cfca37', 2, DEFAULT, DEFAULT), (1441, 'f706294d-163e-5aef-a517-eae489067781', 0, DEFAULT, DEFAULT), (1442, 'f706294d-163e-5aef-a517-eae489067781', 1, DEFAULT, DEFAULT), (1443, 'f706294d-163e-5aef-a517-eae489067781', 2, DEFAULT, DEFAULT), (1444, 'bee3d023-7908-5b1b-a6e7-320078c804bf', 0, DEFAULT, DEFAULT), (1445, 'bee3d023-7908-5b1b-a6e7-320078c804bf', 1, DEFAULT, DEFAULT), (1446, 'bee3d023-7908-5b1b-a6e7-320078c804bf', 2, DEFAULT, DEFAULT), (1447, 'd607d7db-ee7a-57fa-b0f1-08a24201e561', 0, DEFAULT, DEFAULT), (1448, 'd607d7db-ee7a-57fa-b0f1-08a24201e561', 1, DEFAULT, DEFAULT), (1449, 'd607d7db-ee7a-57fa-b0f1-08a24201e561', 2, DEFAULT, DEFAULT), (1450, '6db5eb76-a4d8-59b2-8682-ac0a5dca423f', 0, DEFAULT, DEFAULT), (1451, '6db5eb76-a4d8-59b2-8682-ac0a5dca423f', 1, DEFAULT, DEFAULT), (1452, '6db5eb76-a4d8-59b2-8682-ac0a5dca423f', 2, DEFAULT, DEFAULT), (1453, 'f0859c52-737d-58da-9c95-b804668a9ae6', 0, DEFAULT, DEFAULT), (1454, 'f0859c52-737d-58da-9c95-b804668a9ae6', 1, DEFAULT, DEFAULT), (1455, 'f0859c52-737d-58da-9c95-b804668a9ae6', 2, DEFAULT, DEFAULT), (1456, 'f843e0b1-5e16-5c9e-923e-e155f87b2422', 0, DEFAULT, DEFAULT), (1457, 'f843e0b1-5e16-5c9e-923e-e155f87b2422', 1, DEFAULT, DEFAULT), (1458, 'f843e0b1-5e16-5c9e-923e-e155f87b2422', 2, DEFAULT, DEFAULT), (1459, '971d3e7d-1fd1-5fd1-ba3a-0a99dda2cb04', 0, DEFAULT, DEFAULT), (1460, '971d3e7d-1fd1-5fd1-ba3a-0a99dda2cb04', 1, DEFAULT, DEFAULT), (1461, '971d3e7d-1fd1-5fd1-ba3a-0a99dda2cb04', 2, DEFAULT, DEFAULT), (1462, '51c6dab5-99f7-56c9-a820-7cfc76e25abf', 0, DEFAULT, DEFAULT), (1463, '51c6dab5-99f7-56c9-a820-7cfc76e25abf', 1, DEFAULT, DEFAULT), (1464, '51c6dab5-99f7-56c9-a820-7cfc76e25abf', 2, DEFAULT, DEFAULT), (1465, '88430d1c-f998-5183-ac05-d06b362a058a', 0, DEFAULT, DEFAULT), (1466, '88430d1c-f998-5183-ac05-d06b362a058a', 1, DEFAULT, DEFAULT), (1467, '88430d1c-f998-5183-ac05-d06b362a058a', 2, DEFAULT, DEFAULT), (1468, 'fc959555-d183-544e-8cf6-52532b383f25', 0, DEFAULT, DEFAULT), (1469, 'fc959555-d183-544e-8cf6-52532b383f25', 1, DEFAULT, DEFAULT), (1470, 'fc959555-d183-544e-8cf6-52532b383f25', 2, DEFAULT, DEFAULT), (1471, '94935318-fc9b-5864-874e-912b663c75f7', 0, DEFAULT, DEFAULT), (1472, '94935318-fc9b-5864-874e-912b663c75f7', 1, DEFAULT, DEFAULT), (1473, '94935318-fc9b-5864-874e-912b663c75f7', 2, DEFAULT, DEFAULT), (1474, 'ea529f5a-add2-5f29-a44d-2a799c7ab051', 0, DEFAULT, DEFAULT), (1475, 'ea529f5a-add2-5f29-a44d-2a799c7ab051', 1, DEFAULT, DEFAULT), (1476, 'ea529f5a-add2-5f29-a44d-2a799c7ab051', 2, DEFAULT, DEFAULT), (1477, 'b2bd3c17-1864-5b1f-8d71-b6fe96b48ba6', 0, DEFAULT, DEFAULT), (1478, 'b2bd3c17-1864-5b1f-8d71-b6fe96b48ba6', 1, DEFAULT, DEFAULT), (1479, 'b2bd3c17-1864-5b1f-8d71-b6fe96b48ba6', 2, DEFAULT, DEFAULT), (1480, 'a46777c9-6f34-5718-a195-68edd93e1d42', 0, DEFAULT, DEFAULT), (1481, 'a46777c9-6f34-5718-a195-68edd93e1d42', 1, DEFAULT, DEFAULT), (1482, 'a46777c9-6f34-5718-a195-68edd93e1d42', 2, DEFAULT, DEFAULT), (1483, '0f3df2fb-dd6e-55b9-9f86-0babb8fec748', 0, DEFAULT, DEFAULT), (1484, '0f3df2fb-dd6e-55b9-9f86-0babb8fec748', 1, DEFAULT, DEFAULT), (1485, '0f3df2fb-dd6e-55b9-9f86-0babb8fec748', 2, DEFAULT, DEFAULT), (1486, '95bb7f47-209b-5f16-a018-19e8f23e6e16', 0, DEFAULT, DEFAULT), (1487, '95bb7f47-209b-5f16-a018-19e8f23e6e16', 1, DEFAULT, DEFAULT), (1488, '95bb7f47-209b-5f16-a018-19e8f23e6e16', 2, DEFAULT, DEFAULT), (1489, '78959a88-41ee-5d40-85cb-71e22f4c47aa', 0, DEFAULT, DEFAULT), (1490, '78959a88-41ee-5d40-85cb-71e22f4c47aa', 1, DEFAULT, DEFAULT), (1491, '78959a88-41ee-5d40-85cb-71e22f4c47aa', 2, DEFAULT, DEFAULT), (1492, 'a9e614f8-c87a-596e-bdaf-6e577865453e', 0, DEFAULT, DEFAULT), (1493, 'a9e614f8-c87a-596e-bdaf-6e577865453e', 1, DEFAULT, DEFAULT), (1494, 'a9e614f8-c87a-596e-bdaf-6e577865453e', 2, DEFAULT, DEFAULT), (1495, 'f80096a0-59ff-58f8-a58f-cd508cb0f33e', 0, DEFAULT, DEFAULT), (1496, 'f80096a0-59ff-58f8-a58f-cd508cb0f33e', 1, DEFAULT, DEFAULT), (1497, 'f80096a0-59ff-58f8-a58f-cd508cb0f33e', 2, DEFAULT, DEFAULT), (1498, 'a444e395-f85a-5fcf-904b-e713df3a17f6', 0, DEFAULT, DEFAULT), (1499, 'a444e395-f85a-5fcf-904b-e713df3a17f6', 1, DEFAULT, DEFAULT), (1500, 'a444e395-f85a-5fcf-904b-e713df3a17f6', 2, DEFAULT, DEFAULT);
SELECT setval('"public"."blueprint_stage_id_seq"'::regclass, (SELECT MAX("id") FROM "public"."blueprint_stage"));
INSERT INTO public.member_role (id,name,flags) VALUES (13, 'owner', 511), (14, 'editor', 23), (15, 'viewer', 1);
SELECT setval('"public"."member_role_id_seq"'::regclass, (SELECT MAX("id") FROM "public"."member_role"));
