INSERT INTO public.game (id,name,alias,icon,hidden,metadata,created_at,updated_at) VALUES (5, 'Esse', 'NBA2K', 'https://svgshare.com/i/15iw.svg', 'f', '{"player_count":5,"gadgets_per_character":2}', DEFAULT, DEFAULT), (6, 'Aliquip', 'NBA2K', 'https://svgshare.com/i/15iw.svg', 'f', '{"player_count":5,"gadgets_per_character":2}', DEFAULT, DEFAULT), (7, 'Amet', 'GTA', 'https://svgshare.com/i/15iw.svg', 'f', '{"player_count":5,"gadgets_per_character":2}', DEFAULT, DEFAULT), (8, 'Quis', 'PUBG', 'https://svgshare.com/i/15iw.svg', 'f', '{"player_count":5,"gadgets_per_character":2}', DEFAULT, DEFAULT);
INSERT INTO public.game_object (id,game_id,type,url,name,metadata) VALUES (319, 5, 'character', 'https://svgshare.com/i/16EY.svg', 'exercitation', '{"Molest":"Horribille ut metu"}'), (320, 5, 'character', 'https://svgshare.com/i/16EY.svg', 'deserunt', '{"Omorari":"Es gloriae"}'), (321, 5, 'character', 'https://svgshare.com/i/16EY.svg', 'reprehenderit', '{"Isti":"Causa non maloribus"}'), (322, 5, 'character', 'https://svgshare.com/i/16EY.svg', 'dolor dolor occaecat', '{"Ii":"Cursionibus desid omnium"}'), (323, 5, 'character', 'https://svgshare.com/i/16EY.svg', 'elit mollit', '{"Abiliustit":"Scriberror iudexpetuam"}'), (324, 5, 'character', 'https://svgshare.com/i/16EY.svg', 'esse', '{"Expetus":"Motu multos"}'), (325, 5, 'character', 'https://svgshare.com/i/16EY.svg', 'ipsum ex', '{"Litterastris":"Epicitia quo sapientia"}'), (326, 5, 'character', 'https://svgshare.com/i/16EY.svg', 'anim officia amet', '{"Rationistis":"Cum in"}'), (327, 5, 'character', 'https://svgshare.com/i/16EY.svg', 'ut ut', '{"Legimper":"Doloris endum perspici"}'), (328, 5, 'character', 'https://svgshare.com/i/16EY.svg', 'ea sint', '{"Indivinter":"Reret sentenebo per"}'), (329, 5, 'character', 'https://svgshare.com/i/16EY.svg', 'reprehenderit occaecat excepteur', '{"Iudici":"Aut ratione nihilius"}'), (330, 5, 'character', 'https://svgshare.com/i/16EY.svg', 'nostrud', '{"Indignisi":"Locum mediocritum"}'), (331, 5, 'character', 'https://svgshare.com/i/16EY.svg', 'id duis', '{"Probabilit":"Tibi dolorum"}'), (332, 5, 'character', 'https://svgshare.com/i/16EY.svg', 'dolore', '{"Difficerim":"Quae infinire celeret"}'), (333, 5, 'character', 'https://svgshare.com/i/16EY.svg', 'dolor occaecat', '{"Ego":"Are itur"}'), (334, 5, 'character', 'https://svgshare.com/i/16EY.svg', 'irure', '{"Inem":"Sit quem"}'), (335, 5, 'character', 'https://svgshare.com/i/16EY.svg', 'duis nisi quis', '{"Seditaque":"In beata triarius"}'), (336, 5, 'character', 'https://svgshare.com/i/16EY.svg', 'nostrud aute', '{"Quod":"Alter mihi cum"}'), (337, 5, 'character', 'https://svgshare.com/i/16EY.svg', 'duis irure et', '{"Et":"Ius quam"}'), (338, 5, 'character', 'https://svgshare.com/i/16EY.svg', 'sunt magna', '{"Utillo":"Modo qui philosoptim"}'), (339, 5, 'character', 'https://svgshare.com/i/16EY.svg', 'laborum in commodo', '{"Si":"Um ani molest"}'), (340, 5, 'character', 'https://svgshare.com/i/16EY.svg', 'adipisicing culpa', '{"Eo":"Ationumen ant"}'), (341, 5, 'character', 'https://svgshare.com/i/16EY.svg', 'laboris ullamco minim', '{"Ilesse":"Eum metus"}'), (342, 5, 'character', 'https://svgshare.com/i/16EY.svg', 'quis commodo', '{"De":"Sed nostris"}'), (343, 5, 'character', 'https://svgshare.com/i/16EY.svg', 'minim', '{"Sancircum":"A quod mutanda"}'), (344, 5, 'character', 'https://svgshare.com/i/16EY.svg', 'ut dolor excepteur', '{"Praeclare":"Duo esse al"}'), (345, 5, 'character', 'https://svgshare.com/i/16EY.svg', 'eiusmod', '{"Omnium":"Esse fortitio"}'), (346, 5, 'character', 'https://svgshare.com/i/16EY.svg', 'non ex incididunt', '{"Imo":"Tota probartibus"}'), (347, 5, 'character', 'https://svgshare.com/i/16EY.svg', 'eu mollit', '{"Convenis":"In tamendae quantus"}'), (348, 5, 'character', 'https://svgshare.com/i/16EY.svg', 'cupidatat non sunt', '{"Transferrem":"Recus es"}'), (349, 5, 'character', 'https://svgshare.com/i/16EY.svg', 'proident', '{"Aut":"Moderem hominstructus"}'), (350, 5, 'character', 'https://svgshare.com/i/16EY.svg', 'labore', '{"Cum":"Propterunt debillo ea"}'), (351, 5, 'character', 'https://svgshare.com/i/16EY.svg', 'cupidatat veniam magna', '{"Ipsa":"Eum delectari non"}'), (352, 5, 'character', 'https://svgshare.com/i/16EY.svg', 'est', '{"Iucuniae":"Et dubita"}'), (353, 5, 'character', 'https://svgshare.com/i/16EY.svg', 'duis', '{"Sed":"Non etiam politatib"}'), (354, 5, 'character', 'https://svgshare.com/i/16EY.svg', 'irure commodo', '{"Eturovat":"Facit musicit"}'), (355, 5, 'character', 'https://svgshare.com/i/16EY.svg', 'fugiat commodo', '{"Ent":"Scribi modaretiam se"}'), (356, 5, 'character', 'https://svgshare.com/i/16EY.svg', 'laboris sint', '{"En":"Iudicur omnescio a"}'), (357, 5, 'character', 'https://svgshare.com/i/16EY.svg', 'labore mollit ea', '{"Sit":"Anim eadem ido"}'), (358, 5, 'character', 'https://svgshare.com/i/16EY.svg', 'adipisicing ut', '{"Sol":"Ea mireria"}'), (359, 5, 'character', 'https://svgshare.com/i/16EY.svg', 'in exercitation adipisicing', '{"E":"Tamque seiunctum iudicultas"}'), (360, 5, 'character', 'https://svgshare.com/i/16EY.svg', 'eu enim eu', '{"Quietem":"Nec quae perspicuum"}'), (361, 5, 'character', 'https://svgshare.com/i/16EY.svg', 'nisi', '{"Perspiciatur":"Quid ut"}'), (362, 5, 'character', 'https://svgshare.com/i/16EY.svg', 'sunt nisi', '{"Nam":"Ab voluptatem"}'), (363, 5, 'character', 'https://svgshare.com/i/16EY.svg', 'pariatur et irure', '{"Sed":"Esse non vitam"}'), (364, 5, 'character', 'https://svgshare.com/i/16EY.svg', 'reprehenderit ullamco', '{"Sit":"Hoc quia"}'), (365, 5, 'character', 'https://svgshare.com/i/16EY.svg', 'reprehenderit minim', '{"Infinitur":"Legenim se rebus"}'), (366, 5, 'character', 'https://svgshare.com/i/16EY.svg', 'cupidatat aliquip', '{"Ne":"Endae legestiam"}'), (367, 5, 'gadget', 'https://svgshare.com/i/16EY.svg', 'cillum eiusmod officia', '{"Vel":"Putas recoranim"}'), (368, 5, 'gadget', 'https://svgshare.com/i/16EY.svg', 'non dolor', '{"Labit":"Non formidanium"}'), (369, 5, 'gadget', 'https://svgshare.com/i/16EY.svg', 'consectetur quis', '{"Debendi":"Declinamic nec"}'), (370, 5, 'gadget', 'https://svgshare.com/i/16EY.svg', 'occaecat', '{"Quid":"Variisque tranquilli"}'), (371, 5, 'gadget', 'https://svgshare.com/i/16EY.svg', 'veniam amet', '{"Ego":"Intellegan ut"}'), (372, 5, 'gadget', 'https://svgshare.com/i/16EY.svg', 'duis', '{"Imo":"Ilemus in sabini"}'), (373, 5, 'gadget', 'https://svgshare.com/i/16EY.svg', 'dolore eiusmod', '{"Praesennii":"Inter est videt"}'), (374, 5, 'gadget', 'https://svgshare.com/i/16EY.svg', 'ipsum cillum pariatur', '{"Modis":"Carere ea"}'), (375, 5, 'gadget', 'https://svgshare.com/i/16EY.svg', 'proident labore', '{"Earum":"Essentenet fortitio constantia"}'), (376, 5, 'gadget', 'https://svgshare.com/i/16EY.svg', 'ut incididunt fugiat', '{"Omnia":"Sententiae inum fanti"}'), (377, 5, 'gadget', 'https://svgshare.com/i/16EY.svg', 'reprehenderit', '{"Enime":"Modo habeo ii"}'), (378, 5, 'gadget', 'https://svgshare.com/i/16EY.svg', 'nulla', '{"Quod":"Quidem tant inerierun"}'), (379, 5, 'gadget', 'https://svgshare.com/i/16EY.svg', 'fugiat', '{"Pellatur":"Perangore tum eorum"}'), (380, 5, 'gadget', 'https://svgshare.com/i/16EY.svg', 'commodo', '{"Nec":"Aptis industria sic"}'), (381, 5, 'gadget', 'https://svgshare.com/i/16EY.svg', 'sunt reprehenderit consectetur', '{"Sit":"Solamus aut voluptatem"}'), (382, 5, 'gadget', 'https://svgshare.com/i/16EY.svg', 'anim aliqua', '{"Quas":"Ius si molest"}'), (383, 5, 'gadget', 'https://svgshare.com/i/16EY.svg', 'magna sit', '{"Volunum":"Vix graeci esse"}'), (384, 5, 'gadget', 'https://svgshare.com/i/16EY.svg', 'non', '{"Amurum":"Relique sum"}'), (385, 5, 'gadget', 'https://svgshare.com/i/16EY.svg', 'labore officia', '{"Auditis":"Difficeri est"}'), (386, 5, 'gadget', 'https://svgshare.com/i/16EY.svg', 'elit ut aliquip', '{"Non":"Relique timeam"}'), (387, 5, 'gadget', 'https://svgshare.com/i/16EY.svg', 'non velit', '{"Aut":"Vitamicit ipsius miseret"}'), (388, 5, 'gadget', 'https://svgshare.com/i/16EY.svg', 'eu eiusmod exercitation', '{"Nosmetu":"Semelab virtutestiae ales"}'), (389, 5, 'gadget', 'https://svgshare.com/i/16EY.svg', 'id', '{"Graecis":"Cum voluptat"}'), (390, 5, 'gadget', 'https://svgshare.com/i/16EY.svg', 'proident dolor excepteur', '{"Mea":"Provoccula a"}'), (391, 5, 'gadget', 'https://svgshare.com/i/16EY.svg', 'irure cillum eiusmod', '{"Autem":"Inesse intellegam"}'), (392, 5, 'gadget', 'https://svgshare.com/i/16EY.svg', 'elit quis amet', '{"Ante":"Pleniores etiam qui"}'), (393, 5, 'gadget', 'https://svgshare.com/i/16EY.svg', 'minim', '{"Studuisti":"Morte ea nostri"}'), (394, 5, 'gadget', 'https://svgshare.com/i/16EY.svg', 'irure dolor', '{"Iis":"Multis eius"}'), (395, 5, 'gadget', 'https://svgshare.com/i/16EY.svg', 'sunt aliqua', '{"Aliquaque":"Nocet probati inut"}'), (396, 5, 'gadget', 'https://svgshare.com/i/16EY.svg', 'aliqua nisi adipisicing', '{"Quisit":"Angoribid in"}'), (397, 5, 'gadget', 'https://svgshare.com/i/16EY.svg', 'nostrud', '{"Vivenimus":"Voluptatum audire"}'), (398, 5, 'gadget', 'https://svgshare.com/i/16EY.svg', 'sit do', '{"Erea":"Aut suapte quem"}'), (399, 5, 'gadget', 'https://svgshare.com/i/16EY.svg', 'est', '{"Is":"Plato et"}'), (400, 6, 'character', 'https://svgshare.com/i/16EY.svg', 'labore id qui', '{"Finibus":"Ad alterea deseratum"}'), (401, 6, 'character', 'https://svgshare.com/i/16EY.svg', 'consectetur elit', '{"Corporis":"Hominsiden tum"}'), (402, 6, 'character', 'https://svgshare.com/i/16EY.svg', 'in mollit', '{"Bonorum":"Docerit si"}'), (403, 6, 'character', 'https://svgshare.com/i/16EY.svg', 'dolor sint', '{"Ego":"Enim reperis"}'), (404, 6, 'character', 'https://svgshare.com/i/16EY.svg', 'eu adipisicing', '{"Libidit":"Dolore qui"}'), (405, 6, 'character', 'https://svgshare.com/i/16EY.svg', 'exercitation', '{"Sit":"Aliquarum est physicis"}'), (406, 6, 'character', 'https://svgshare.com/i/16EY.svg', 'ipsum', '{"Credo":"Et qua dolem"}'), (407, 6, 'character', 'https://svgshare.com/i/16EY.svg', 'ea eu', '{"Hac":"Vidis in modernator"}'), (408, 6, 'character', 'https://svgshare.com/i/16EY.svg', 'reprehenderit magna eiusmod', '{"Probest":"Tollatin nihille propterenda"}'), (409, 6, 'character', 'https://svgshare.com/i/16EY.svg', 'id ex', '{"Nutu":"Capti placet quam"}'), (410, 6, 'character', 'https://svgshare.com/i/16EY.svg', 'sit velit eiusmod', '{"Cuiquamurnit":"Enimperner timum"}'), (411, 6, 'character', 'https://svgshare.com/i/16EY.svg', 'sit', '{"Susceptur":"Nostrum supplication"}'), (412, 6, 'character', 'https://svgshare.com/i/16EY.svg', 'ut', '{"Id":"Cur congressuspic iudice"}'), (413, 6, 'character', 'https://svgshare.com/i/16EY.svg', 'commodo cupidatat', '{"Ea":"Legi philosophiae"}'), (414, 6, 'character', 'https://svgshare.com/i/16EY.svg', 'laborum ex', '{"Sensio":"Autemoder modo"}'), (415, 6, 'character', 'https://svgshare.com/i/16EY.svg', 'eu est laboris', '{"Ratione":"Legere et"}'), (416, 6, 'character', 'https://svgshare.com/i/16EY.svg', 'culpa', '{"Vero":"Ratione latin et"}'), (417, 6, 'character', 'https://svgshare.com/i/16EY.svg', 'qui esse', '{"Eum":"Nam scaevolum nullam"}'), (418, 6, 'character', 'https://svgshare.com/i/16EY.svg', 'ipsum excepteur dolor', '{"Nihillum":"Sed tibi"}'), (419, 6, 'character', 'https://svgshare.com/i/16EY.svg', 'ad officia', '{"Sedulantib":"Idituro per"}'), (420, 6, 'character', 'https://svgshare.com/i/16EY.svg', 'proident', '{"Placet":"Prospexitar omnes"}'), (421, 6, 'character', 'https://svgshare.com/i/16EY.svg', 'excepteur nulla', '{"Ergo":"Facilius nec"}'), (422, 6, 'character', 'https://svgshare.com/i/16EY.svg', 'elit in labore', '{"Inorest":"Mundus est"}'), (423, 6, 'character', 'https://svgshare.com/i/16EY.svg', 'aute incididunt nostrud', '{"Causae":"Doloribus quidem"}'), (424, 6, 'character', 'https://svgshare.com/i/16EY.svg', 'nulla irure consectetur', '{"Nisi":"Plane depravat"}'), (425, 6, 'character', 'https://svgshare.com/i/16EY.svg', 'ex enim', '{"Integre":"Philos sed expectate"}'), (426, 6, 'character', 'https://svgshare.com/i/16EY.svg', 'exercitation veniam', '{"Quidem":"Clamatomnis possunt"}'), (427, 6, 'character', 'https://svgshare.com/i/16EY.svg', 'labore exercitation fugiat', '{"Delectam":"Bonas levate"}'), (428, 6, 'character', 'https://svgshare.com/i/16EY.svg', 'excepteur eu', '{"Metu":"Spe adverbum imo"}'), (429, 6, 'character', 'https://svgshare.com/i/16EY.svg', 'non sunt', '{"Eo":"Studuisset ipsam"}'), (430, 6, 'character', 'https://svgshare.com/i/16EY.svg', 'non', '{"Invenerim":"Defentur aliquod"}'), (431, 6, 'character', 'https://svgshare.com/i/16EY.svg', 'anim nostrud', '{"Et":"Quodsi dicet nis"}'), (432, 6, 'character', 'https://svgshare.com/i/16EY.svg', 'duis dolore', '{"Chaere":"Maioribus nisi am"}'), (433, 6, 'character', 'https://svgshare.com/i/16EY.svg', 'consectetur nulla', '{"Tum":"Me quibus aut"}'), (434, 6, 'character', 'https://svgshare.com/i/16EY.svg', 'excepteur enim occaecat', '{"Mentitil":"Nullo p docui"}'), (435, 6, 'character', 'https://svgshare.com/i/16EY.svg', 'fugiat commodo', '{"Ento":"Dolerum labefaces sensu"}'), (436, 6, 'character', 'https://svgshare.com/i/16EY.svg', 'amet', '{"Ita":"Omnia cum"}'), (437, 6, 'character', 'https://svgshare.com/i/16EY.svg', 'officia mollit', '{"Homo":"Qua novi"}'), (438, 6, 'character', 'https://svgshare.com/i/16EY.svg', 'voluptate elit', '{"Familis":"Non et omne"}'), (439, 6, 'character', 'https://svgshare.com/i/16EY.svg', 'Lorem adipisicing', '{"Maius":"Duo fastidium quae"}'), (440, 6, 'character', 'https://svgshare.com/i/16EY.svg', 'eiusmod sit', '{"Totam":"Minim expeditur itaque"}'), (441, 6, 'character', 'https://svgshare.com/i/16EY.svg', 'reprehenderit', '{"Minut":"Epicur inum"}'), (442, 6, 'character', 'https://svgshare.com/i/16EY.svg', 'culpa deserunt', '{"Propter":"Quapropteris epicitia quodsi"}'), (443, 6, 'character', 'https://svgshare.com/i/16EY.svg', 'commodo commodo', '{"Inum":"Certe verbis ullam"}'), (444, 6, 'character', 'https://svgshare.com/i/16EY.svg', 'labore cillum', '{"Quadamicar":"Pecunum atione"}'), (445, 6, 'character', 'https://svgshare.com/i/16EY.svg', 'eu ex fugiat', '{"Doloresset":"Fortunt hoc"}'), (446, 6, 'gadget', 'https://svgshare.com/i/16EY.svg', 'sint sint', '{"Ipsi":"Exeros es rem"}'), (447, 6, 'gadget', 'https://svgshare.com/i/16EY.svg', 'aute sit officia', '{"A":"Quam beatamicia solvantur"}'), (448, 6, 'gadget', 'https://svgshare.com/i/16EY.svg', 'reprehenderit', '{"Esse":"Sole et"}'), (449, 6, 'gadget', 'https://svgshare.com/i/16EY.svg', 'eu', '{"Dissero":"Multis diligiter permulti"}'), (450, 6, 'gadget', 'https://svgshare.com/i/16EY.svg', 'veniam eiusmod', '{"Ad":"Torquatistim quicquam nos"}'), (451, 6, 'gadget', 'https://svgshare.com/i/16EY.svg', 'qui', '{"Esse":"Omnia viderudin nunc"}'), (452, 6, 'gadget', 'https://svgshare.com/i/16EY.svg', 'fugiat Lorem id', '{"Satiscuntur":"Nullo reprehenim"}'), (453, 6, 'gadget', 'https://svgshare.com/i/16EY.svg', 'magna', '{"Qui":"At aut rebus"}'), (454, 6, 'gadget', 'https://svgshare.com/i/16EY.svg', 'deserunt est', '{"Referenter":"Vivatum nihil"}'), (455, 6, 'gadget', 'https://svgshare.com/i/16EY.svg', 'Lorem', '{"Anime":"Doctior haec cum"}'), (456, 6, 'gadget', 'https://svgshare.com/i/16EY.svg', 'excepteur', '{"Reprehent":"Hoc ferebimi"}'), (457, 6, 'gadget', 'https://svgshare.com/i/16EY.svg', 'pariatur dolor', '{"Sit":"Neque epicitat propriusque"}'), (458, 6, 'gadget', 'https://svgshare.com/i/16EY.svg', 'Lorem Lorem', '{"Cum":"Repertitia rata de"}'), (459, 6, 'gadget', 'https://svgshare.com/i/16EY.svg', 'eiusmod elit', '{"De":"Quod reret tantopere"}'), (460, 6, 'gadget', 'https://svgshare.com/i/16EY.svg', 'proident', '{"Nullo":"Et confirmatum cupidinit"}'), (461, 6, 'gadget', 'https://svgshare.com/i/16EY.svg', 'esse', '{"Non":"Vos esse"}'), (462, 6, 'gadget', 'https://svgshare.com/i/16EY.svg', 'fugiat consequat', '{"Dolorum":"Cupidciret et autem"}'), (463, 6, 'gadget', 'https://svgshare.com/i/16EY.svg', 'aliqua officia minim', '{"Fugiendus":"Quibus inum quoniam"}'), (464, 6, 'gadget', 'https://svgshare.com/i/16EY.svg', 'culpa fugiat', '{"Copulare":"Moles uti inter"}'), (465, 6, 'gadget', 'https://svgshare.com/i/16EY.svg', 'irure proident nostrud', '{"Est":"Non autem"}'), (466, 6, 'gadget', 'https://svgshare.com/i/16EY.svg', 'est esse', '{"Synephebosop":"Id qua"}'), (467, 6, 'gadget', 'https://svgshare.com/i/16EY.svg', 'consectetur', '{"Cuius":"Ipse voluptatum"}'), (468, 6, 'gadget', 'https://svgshare.com/i/16EY.svg', 'anim et dolor', '{"Voluptates":"Quod iliuste infinire"}'), (469, 6, 'gadget', 'https://svgshare.com/i/16EY.svg', 'quis', '{"Bello":"Modo famil"}'), (470, 6, 'gadget', 'https://svgshare.com/i/16EY.svg', 'mollit', '{"Corrigeret":"Esse tu atil"}'), (471, 6, 'gadget', 'https://svgshare.com/i/16EY.svg', 'enim labore', '{"Eturalios":"Fugiam profectatum linab"}'), (472, 6, 'gadget', 'https://svgshare.com/i/16EY.svg', 'reprehenderit tempor', '{"Ad":"Dis ut versanosop"}'), (473, 6, 'gadget', 'https://svgshare.com/i/16EY.svg', 'dolor', '{"Poetae":"Sed haec"}'), (474, 6, 'gadget', 'https://svgshare.com/i/16EY.svg', 'ad cillum ea', '{"Propterror":"Nostris nocet"}'), (475, 6, 'gadget', 'https://svgshare.com/i/16EY.svg', 'laborum nostrud', '{"Nollem":"Quas ab"}'), (476, 6, 'gadget', 'https://svgshare.com/i/16EY.svg', 'incididunt in', '{"Itatis":"Enimi qua"}'), (477, 6, 'gadget', 'https://svgshare.com/i/16EY.svg', 'velit deserunt sit', '{"Omnia":"Relique in"}'), (478, 6, 'gadget', 'https://svgshare.com/i/16EY.svg', 'tempor', '{"Valla":"Dolorum saxum"}'), (479, 6, 'gadget', 'https://svgshare.com/i/16EY.svg', 'deserunt', '{"Romangere":"In bonis disceduntur"}'), (480, 6, 'gadget', 'https://svgshare.com/i/16EY.svg', 'nulla', '{"Iucunt":"Neces non"}'), (481, 6, 'gadget', 'https://svgshare.com/i/16EY.svg', 'reprehenderit ipsum esse', '{"Rerum":"Autem et"}'), (482, 6, 'gadget', 'https://svgshare.com/i/16EY.svg', 'fugiat', '{"Dixi":"Video scripta eosque"}'), (483, 6, 'gadget', 'https://svgshare.com/i/16EY.svg', 'minim', '{"Plus":"Liberatem dere"}'), (484, 6, 'gadget', 'https://svgshare.com/i/16EY.svg', 'duis sit', '{"Signifere":"Ea etiam ex"}'), (485, 6, 'gadget', 'https://svgshare.com/i/16EY.svg', 'adipisicing et', '{"Victi":"Nec bonorisque"}'), (486, 6, 'gadget', 'https://svgshare.com/i/16EY.svg', 'duis', '{"Modum":"Suum feceret distrahi"}'), (487, 6, 'gadget', 'https://svgshare.com/i/16EY.svg', 'incididunt enim ad', '{"Utramque":"Quod autem et"}'), (488, 6, 'gadget', 'https://svgshare.com/i/16EY.svg', 'mollit Lorem do', '{"Aut":"Interrogat vidia"}'), (489, 6, 'gadget', 'https://svgshare.com/i/16EY.svg', 'pariatur ipsum', '{"Voluptatib":"Rerum et iliti"}'), (490, 6, 'gadget', 'https://svgshare.com/i/16EY.svg', 'non', '{"Multi":"Vide plato numquam"}'), (491, 6, 'gadget', 'https://svgshare.com/i/16EY.svg', 'quis culpa', '{"Este":"Uto vidertimo"}'), (492, 6, 'gadget', 'https://svgshare.com/i/16EY.svg', 'nostrud sit', '{"Ad":"Enimus aut appellantur"}'), (493, 7, 'character', 'https://svgshare.com/i/16EY.svg', 'sunt fugiat qui', '{"Genuit":"Cotidcirco omnium"}'), (494, 7, 'character', 'https://svgshare.com/i/16EY.svg', 'tempor veniam', '{"Autem":"In fieri nec"}'), (495, 7, 'character', 'https://svgshare.com/i/16EY.svg', 'nisi fugiat aute', '{"Totum":"Graeca aboresse"}'), (496, 7, 'character', 'https://svgshare.com/i/16EY.svg', 'fugiat aute', '{"Am":"Tantopermit quae careat"}'), (497, 7, 'character', 'https://svgshare.com/i/16EY.svg', 'pariatur nulla aliquip', '{"A":"Esse fieri"}'), (498, 7, 'character', 'https://svgshare.com/i/16EY.svg', 'anim', '{"Idque":"Voluptare sint as"}'), (499, 7, 'character', 'https://svgshare.com/i/16EY.svg', 'id deserunt', '{"Hominam":"Maloriant sus poterudin"}'), (500, 7, 'character', 'https://svgshare.com/i/16EY.svg', 'aliquip culpa', '{"Igita":"Uti orest ini"}'), (501, 7, 'character', 'https://svgshare.com/i/16EY.svg', 'nisi', '{"Videt":"Nomin ipsi"}'), (502, 7, 'character', 'https://svgshare.com/i/16EY.svg', 'est adipisicing', '{"Vi":"Ut impendere"}'), (503, 7, 'character', 'https://svgshare.com/i/16EY.svg', 'aliqua', '{"Appellat":"Te nunc rebus"}'), (504, 7, 'character', 'https://svgshare.com/i/16EY.svg', 'ea esse', '{"Decornatur":"Ipsa fruenda aut"}'), (505, 7, 'character', 'https://svgshare.com/i/16EY.svg', 'ipsum ut', '{"Ne":"Epicab cum propterire"}'), (506, 7, 'character', 'https://svgshare.com/i/16EY.svg', 'Lorem deserunt', '{"Alem":"In discipi endum"}'), (507, 7, 'character', 'https://svgshare.com/i/16EY.svg', 'fugiat quis', '{"M":"Puerillud autem e"}'), (508, 7, 'character', 'https://svgshare.com/i/16EY.svg', 'in', '{"Salutrumque":"Arbitrore falsi"}'), (509, 7, 'character', 'https://svgshare.com/i/16EY.svg', 'labore adipisicing', '{"Utionis":"Ad ina"}'), (510, 7, 'character', 'https://svgshare.com/i/16EY.svg', 'sunt veniam', '{"Potius":"In laborem lud"}'), (511, 7, 'character', 'https://svgshare.com/i/16EY.svg', 'dolore ullamco', '{"Alita":"Videre aliae"}'), (512, 7, 'character', 'https://svgshare.com/i/16EY.svg', 'anim adipisicing ad', '{"Causa":"Malunt intellegim facillum"}'), (513, 7, 'character', 'https://svgshare.com/i/16EY.svg', 'veniam duis minim', '{"Fugientiam":"Iudicita maximperdid"}'), (514, 7, 'character', 'https://svgshare.com/i/16EY.svg', 'aute', '{"Fieri":"Nullo avis iturnitioq"}'), (515, 7, 'character', 'https://svgshare.com/i/16EY.svg', 'incididunt reprehenderit ea', '{"Traderunt":"Tamentiam crucian longinquit"}'), (516, 7, 'character', 'https://svgshare.com/i/16EY.svg', 'exercitation', '{"Efac":"Et quae"}'), (517, 7, 'character', 'https://svgshare.com/i/16EY.svg', 'non', '{"Illa":"Beate praeda si"}'), (518, 7, 'character', 'https://svgshare.com/i/16EY.svg', 'incididunt qui tempor', '{"Eo":"Molest omnes"}'), (519, 7, 'character', 'https://svgshare.com/i/16EY.svg', 'est', '{"Probest":"Praeteremus cum"}'), (520, 7, 'character', 'https://svgshare.com/i/16EY.svg', 'nostrud consectetur', '{"Ea":"Appetu sum docet"}'), (521, 7, 'character', 'https://svgshare.com/i/16EY.svg', 'velit aute', '{"Omnem":"Beate faciam affecta"}'), (522, 7, 'character', 'https://svgshare.com/i/16EY.svg', 'quis', '{"Scriben":"Imus torum id"}'), (523, 7, 'character', 'https://svgshare.com/i/16EY.svg', 'nisi adipisicing', '{"Invitium":"It licam medium"}'), (524, 7, 'character', 'https://svgshare.com/i/16EY.svg', 'est aliqua ullamco', '{"Qui":"Te eoque es"}'), (525, 7, 'character', 'https://svgshare.com/i/16EY.svg', 'nisi reprehenderit', '{"Contem":"Robus reiciens paren"}'), (526, 7, 'character', 'https://svgshare.com/i/16EY.svg', 'et adipisicing', '{"Ine":"Ad quod quarum"}'), (527, 7, 'character', 'https://svgshare.com/i/16EY.svg', 'sit laborum', '{"Locosophor":"Res et"}'), (528, 7, 'character', 'https://svgshare.com/i/16EY.svg', 'in do', '{"Iis":"Amicata est"}'), (529, 7, 'character', 'https://svgshare.com/i/16EY.svg', 'enim commodo', '{"In":"Finibusan nos"}'), (530, 7, 'character', 'https://svgshare.com/i/16EY.svg', 'quis cupidatat', '{"Si":"Dolor in"}'), (531, 7, 'character', 'https://svgshare.com/i/16EY.svg', 'sit velit incididunt', '{"Perspicuum":"Issimis utrius nec"}'), (532, 7, 'character', 'https://svgshare.com/i/16EY.svg', 'velit ipsum laborum', '{"Tum":"Ab cum disserentes"}'), (533, 7, 'character', 'https://svgshare.com/i/16EY.svg', 'culpa tempor esse', '{"Neque":"Sunt in"}'), (534, 7, 'character', 'https://svgshare.com/i/16EY.svg', 'ut nisi irure', '{"In":"Multa indivinclus"}'), (535, 7, 'character', 'https://svgshare.com/i/16EY.svg', 'cillum eu', '{"Met":"Et autem"}'), (536, 7, 'gadget', 'https://svgshare.com/i/16EY.svg', 'occaecat commodo', '{"Explicem":"Rerum epicur"}'), (537, 7, 'gadget', 'https://svgshare.com/i/16EY.svg', 'deserunt labore deserunt', '{"Natur":"Eorum utrumvis e"}'), (538, 7, 'gadget', 'https://svgshare.com/i/16EY.svg', 'officia consequat', '{"Ine":"Es optari"}'), (539, 7, 'gadget', 'https://svgshare.com/i/16EY.svg', 'veniam', '{"Quidnam":"Omnium facullam"}'), (540, 7, 'gadget', 'https://svgshare.com/i/16EY.svg', 'non', '{"Quod":"Saepti ineri"}'), (541, 7, 'gadget', 'https://svgshare.com/i/16EY.svg', 'ipsum', '{"Inquam":"Legime tibusque legi"}'), (542, 7, 'gadget', 'https://svgshare.com/i/16EY.svg', 'cillum ad', '{"Aut":"Esset quae ophia"}'), (543, 7, 'gadget', 'https://svgshare.com/i/16EY.svg', 'ex cillum', '{"Neque":"Eorum privavisset"}'), (544, 7, 'gadget', 'https://svgshare.com/i/16EY.svg', 'non quis', '{"Cupiderum":"Sibi statuamur"}'), (545, 7, 'gadget', 'https://svgshare.com/i/16EY.svg', 'id esse', '{"Dissentinguiq":"Ius amicia voluptatem"}'), (546, 7, 'gadget', 'https://svgshare.com/i/16EY.svg', 'consequat cupidatat non', '{"Omni":"D rem convenire"}'), (547, 7, 'gadget', 'https://svgshare.com/i/16EY.svg', 'mollit', '{"Civium":"Habertimum iner declinatom"}'), (548, 7, 'gadget', 'https://svgshare.com/i/16EY.svg', 'reprehenderit', '{"Hominter":"Posse fastidii"}'), (549, 7, 'gadget', 'https://svgshare.com/i/16EY.svg', 'magna in', '{"Utilii":"Dixit dolorest"}'), (550, 7, 'gadget', 'https://svgshare.com/i/16EY.svg', 'adipisicing nulla', '{"Pectantas":"Quod uta vitae"}'), (551, 7, 'gadget', 'https://svgshare.com/i/16EY.svg', 'commodo id', '{"Rem":"Quos ego"}'), (552, 7, 'gadget', 'https://svgshare.com/i/16EY.svg', 'adipisicing', '{"Factis":"Ilisti quam"}'), (553, 7, 'gadget', 'https://svgshare.com/i/16EY.svg', 'culpa incididunt aute', '{"Eo":"Ac qui"}'), (554, 7, 'gadget', 'https://svgshare.com/i/16EY.svg', 'exercitation', '{"Esse":"Naturi cupidua ne"}'), (555, 7, 'gadget', 'https://svgshare.com/i/16EY.svg', 'ad', '{"Maior":"De detraxit abilla"}'), (556, 7, 'gadget', 'https://svgshare.com/i/16EY.svg', 'sunt aute aliqua', '{"Ipsam":"Quamquam quod es"}'), (557, 7, 'gadget', 'https://svgshare.com/i/16EY.svg', 'et deserunt', '{"Commodo":"Ophiae accusante"}'), (558, 7, 'gadget', 'https://svgshare.com/i/16EY.svg', 'reprehenderit mollit eu', '{"Expetent":"Quis libiderun"}'), (559, 7, 'gadget', 'https://svgshare.com/i/16EY.svg', 'quis proident', '{"Aeque":"Perantes estatemus sint"}'), (560, 7, 'gadget', 'https://svgshare.com/i/16EY.svg', 'pariatur aliquip', '{"Nosterum":"Igitat latin res"}'), (561, 7, 'gadget', 'https://svgshare.com/i/16EY.svg', 'sunt', '{"Relique":"Endis leviustit quem"}'), (562, 7, 'gadget', 'https://svgshare.com/i/16EY.svg', 'ipsum tempor voluptate', '{"Est":"Tamquam audire"}'), (563, 7, 'gadget', 'https://svgshare.com/i/16EY.svg', 'mollit incididunt', '{"Inprobata":"Etiam mortem"}'), (564, 7, 'gadget', 'https://svgshare.com/i/16EY.svg', 'qui ut', '{"Satis":"De quo"}'), (565, 7, 'gadget', 'https://svgshare.com/i/16EY.svg', 'labore proident', '{"Philosopor":"Libere ego de"}'), (566, 7, 'gadget', 'https://svgshare.com/i/16EY.svg', 'consectetur cillum', '{"Abitiae":"Sit praeclare"}'), (567, 7, 'gadget', 'https://svgshare.com/i/16EY.svg', 'ea fugiat', '{"Et":"Loco sed"}'), (568, 7, 'gadget', 'https://svgshare.com/i/16EY.svg', 'proident sunt', '{"Sunt":"Quo recta"}'), (569, 8, 'character', 'https://svgshare.com/i/16EY.svg', 'amet laborum', '{"Id":"Sitne am quisit"}'), (570, 8, 'character', 'https://svgshare.com/i/16EY.svg', 'cillum nostrud', '{"Ignoratio":"Cumque etiam"}'), (571, 8, 'character', 'https://svgshare.com/i/16EY.svg', 'tempor amet ut', '{"Ii":"Primis eo itaque"}'), (572, 8, 'character', 'https://svgshare.com/i/16EY.svg', 'id voluptate', '{"Philos":"Deteret se"}'), (573, 8, 'character', 'https://svgshare.com/i/16EY.svg', 'est eiusmod', '{"Si":"Are dici possunt"}'), (574, 8, 'character', 'https://svgshare.com/i/16EY.svg', 'veniam', '{"Quorum":"Modum metu"}'), (575, 8, 'character', 'https://svgshare.com/i/16EY.svg', 'ad voluptate', '{"De":"Tenercendi ne"}'), (576, 8, 'character', 'https://svgshare.com/i/16EY.svg', 'eiusmod', '{"Eamustatem":"Er voluptatis sed"}'), (577, 8, 'character', 'https://svgshare.com/i/16EY.svg', 'ullamco laboris', '{"Est":"Modo recus"}'), (578, 8, 'character', 'https://svgshare.com/i/16EY.svg', 'excepteur velit', '{"Atam":"Iudicur tamendisced"}'), (579, 8, 'character', 'https://svgshare.com/i/16EY.svg', 'irure laboris', '{"Sent":"Remis praetorest aliquisse"}'), (580, 8, 'character', 'https://svgshare.com/i/16EY.svg', 'non velit', '{"Ident":"Quae inionis deorsummum"}'), (581, 8, 'character', 'https://svgshare.com/i/16EY.svg', 'velit', '{"Se":"Quod aut"}'), (582, 8, 'character', 'https://svgshare.com/i/16EY.svg', 'est dolore', '{"Fit":"Corpore leviores"}'), (583, 8, 'character', 'https://svgshare.com/i/16EY.svg', 'et non aliquip', '{"Et":"Dubita omnissimos rebus"}'), (584, 8, 'character', 'https://svgshare.com/i/16EY.svg', 'labore eiusmod', '{"Finiret":"In delici sit"}'), (585, 8, 'character', 'https://svgshare.com/i/16EY.svg', 'reprehenderit eu', '{"Adverbum":"Nomin faceribus ore"}'), (586, 8, 'character', 'https://svgshare.com/i/16EY.svg', 'esse', '{"Quietusque":"Conficerum duo"}'), (587, 8, 'character', 'https://svgshare.com/i/16EY.svg', 'veniam ipsum', '{"Nisi":"Quam ut"}'), (588, 8, 'character', 'https://svgshare.com/i/16EY.svg', 'minim', '{"Urbanitia":"Dolordation erunt ceteration"}'), (589, 8, 'character', 'https://svgshare.com/i/16EY.svg', 'mollit id esse', '{"Quam":"Me nisi"}'), (590, 8, 'character', 'https://svgshare.com/i/16EY.svg', 'culpa amet occaecat', '{"Ratione":"Fuit videtura sequitassec"}'), (591, 8, 'character', 'https://svgshare.com/i/16EY.svg', 'amet ad', '{"Nihil":"Qua im"}'), (592, 8, 'character', 'https://svgshare.com/i/16EY.svg', 'nisi sit', '{"Longinquit":"Itur ane"}'), (593, 8, 'character', 'https://svgshare.com/i/16EY.svg', 'elit ipsum', '{"Esse":"Itas postremum"}'), (594, 8, 'character', 'https://svgshare.com/i/16EY.svg', 'commodo', '{"Quibus":"Aut genia"}'), (595, 8, 'character', 'https://svgshare.com/i/16EY.svg', 'deserunt nulla et', '{"Nostrum":"Ant dissensibi dicaveria"}'), (596, 8, 'character', 'https://svgshare.com/i/16EY.svg', 'consequat ut', '{"Entis":"Ponit tentiae"}'), (597, 8, 'character', 'https://svgshare.com/i/16EY.svg', 'eu qui do', '{"Praeteret":"Posse quo"}'), (598, 8, 'character', 'https://svgshare.com/i/16EY.svg', 'consectetur veniam', '{"Quis":"Semperspici non"}'), (599, 8, 'character', 'https://svgshare.com/i/16EY.svg', 'fugiat nulla', '{"Quas":"Disputatio am modo"}'), (600, 8, 'character', 'https://svgshare.com/i/16EY.svg', 'esse exercitation', '{"Laetitur":"Rem cumcisaque ant"}'), (601, 8, 'character', 'https://svgshare.com/i/16EY.svg', 'aliqua exercitation', '{"Eius":"Qui omnino"}'), (602, 8, 'character', 'https://svgshare.com/i/16EY.svg', 'Lorem in nisi', '{"Dixi":"Ea possunt"}'), (603, 8, 'character', 'https://svgshare.com/i/16EY.svg', 'amet consectetur', '{"Vitiis":"Tam eo etur"}'), (604, 8, 'character', 'https://svgshare.com/i/16EY.svg', 'est', '{"Conquis":"Voluptatem diesque e"}'), (605, 8, 'character', 'https://svgshare.com/i/16EY.svg', 'esse minim', '{"Um":"Defendarum est"}'), (606, 8, 'gadget', 'https://svgshare.com/i/16EY.svg', 'irure aliqua', '{"Vel":"Inanimper haec"}'), (607, 8, 'gadget', 'https://svgshare.com/i/16EY.svg', 'et', '{"Certa":"Omni scriptorqueantur"}'), (608, 8, 'gadget', 'https://svgshare.com/i/16EY.svg', 'non', '{"Im":"Quidem convertatem quem"}'), (609, 8, 'gadget', 'https://svgshare.com/i/16EY.svg', 'est', '{"Vos":"Praeterga facillum cum"}'), (610, 8, 'gadget', 'https://svgshare.com/i/16EY.svg', 'ipsum', '{"Autemus":"Ad quem"}'), (611, 8, 'gadget', 'https://svgshare.com/i/16EY.svg', 'qui', '{"Ne":"De erstituam non"}'), (612, 8, 'gadget', 'https://svgshare.com/i/16EY.svg', 'enim et', '{"Fieri":"Nullam laus"}'), (613, 8, 'gadget', 'https://svgshare.com/i/16EY.svg', 'officia qui', '{"Interest":"Distrahi tamenim aptis"}'), (614, 8, 'gadget', 'https://svgshare.com/i/16EY.svg', 'duis', '{"Nec":"Voluptate minus quis"}'), (615, 8, 'gadget', 'https://svgshare.com/i/16EY.svg', 'id', '{"Ilo":"Vita desis quidem"}'), (616, 8, 'gadget', 'https://svgshare.com/i/16EY.svg', 'fugiat', '{"Quia":"Sed et"}'), (617, 8, 'gadget', 'https://svgshare.com/i/16EY.svg', 'proident in', '{"Putet":"Ne qui et"}'), (618, 8, 'gadget', 'https://svgshare.com/i/16EY.svg', 'velit enim', '{"T":"Atque es"}'), (619, 8, 'gadget', 'https://svgshare.com/i/16EY.svg', 'anim culpa voluptate', '{"Declinae":"Ante neque vim"}'), (620, 8, 'gadget', 'https://svgshare.com/i/16EY.svg', 'pariatur tempor', '{"Quidem":"Ad autem"}'), (621, 8, 'gadget', 'https://svgshare.com/i/16EY.svg', 'nisi nisi eiusmod', '{"Rationi":"Propterea non efficiat"}'), (622, 8, 'gadget', 'https://svgshare.com/i/16EY.svg', 'quis aute', '{"Ocur":"Sibi enime"}'), (623, 8, 'gadget', 'https://svgshare.com/i/16EY.svg', 'laboris proident', '{"Ad":"Philosophia nec ad"}'), (624, 8, 'gadget', 'https://svgshare.com/i/16EY.svg', 'commodo nostrud', '{"Et":"Doloreste as sed"}'), (625, 8, 'gadget', 'https://svgshare.com/i/16EY.svg', 'officia ipsum', '{"Eius":"Es exquirentum estiam"}'), (626, 8, 'gadget', 'https://svgshare.com/i/16EY.svg', 'magna magna', '{"Idem":"Qui succum"}'), (627, 8, 'gadget', 'https://svgshare.com/i/16EY.svg', 'elit mollit', '{"Constituamus":"Quo dediti"}'), (628, 8, 'gadget', 'https://svgshare.com/i/16EY.svg', 'aute et dolor', '{"Iucunt":"Est afficil esque"}'), (629, 8, 'gadget', 'https://svgshare.com/i/16EY.svg', 'irure aliquip', '{"Mors":"Deorum itos plura"}'), (630, 8, 'gadget', 'https://svgshare.com/i/16EY.svg', 'Lorem exercitation', '{"Profecto":"Etiam suo causa"}'), (631, 8, 'gadget', 'https://svgshare.com/i/16EY.svg', 'do laboris', '{"Accurrunt":"Et eaque"}'), (632, 8, 'gadget', 'https://svgshare.com/i/16EY.svg', 'laborum', '{"Totam":"Voluptates nollem"}'), (633, 8, 'gadget', 'https://svgshare.com/i/16EY.svg', 'est cillum', '{"Tem":"Voluptas eptricessen"}'), (634, 8, 'gadget', 'https://svgshare.com/i/16EY.svg', 'eiusmod non sit', '{"Deorsumus":"Nisi me natequos"}'), (635, 8, 'gadget', 'https://svgshare.com/i/16EY.svg', 'anim aliqua', '{"Aut":"Scribendi cum"}'), (636, 8, 'gadget', 'https://svgshare.com/i/16EY.svg', 'elit', '{"Maiorem":"Detracta utincorpor"}'), (637, 8, 'gadget', 'https://svgshare.com/i/16EY.svg', 'deserunt ad', '{"Cumcisaque":"Platonum repetur sentientium"}');
SELECT setval('"public"."game_id_seq"'::regclass, (SELECT MAX("id") FROM "public"."game"));
SELECT setval('"public"."game_object_id_seq"'::regclass, (SELECT MAX("id") FROM "public"."game_object"));
INSERT INTO public.team (id,name,plan_id,game_id,created_at,updated_at) VALUES ('7c2c4732-09c1-5f7b-87ca-c53e7497b4ef', 'Irure Ipsum Occaecat', NULL, 7, DEFAULT, DEFAULT), ('f50563b6-8532-51ec-b121-d8c6bca3e897', 'Voluptate Non', NULL, 6, DEFAULT, DEFAULT), ('5e20f9a8-7b26-5a5f-8426-6b12c182d23c', 'Ea Quis Ad', NULL, 5, DEFAULT, DEFAULT), ('53fe0e9e-3358-5722-b994-4faad8733cd3', 'Excepteur Duis', NULL, 7, DEFAULT, DEFAULT), ('782f7eda-e535-5ab3-8415-643126d3b0fa', 'Ipsum Exercitation C', NULL, 6, DEFAULT, DEFAULT), ('5daf6f25-3b97-5f49-8f75-4ba5d1d74cd3', 'Ullamco Aute Aliqua', NULL, 7, DEFAULT, DEFAULT);
INSERT INTO public.plan (id,name,pricing,pricing_interval,color,default_plan,config,created_at,updated_at) VALUES (4, 'Essential', 0, 'annually', 'rgba(245, 245, 245, .7)', 't', '{"max_members":6,"max_blueprints":100,"max_books":20}', DEFAULT, DEFAULT), (5, 'Advanced', 15.803108597090716, 'annually', 'rgb(107, 185, 242)', 'f', '{"max_members":12,"max_blueprints":200,"max_books":40}', DEFAULT, DEFAULT), (6, 'Pro', 12.111348826482082, 'monthly', 'rgb(224, 76, 85)', 'f', '{"max_members":18,"max_blueprints":300,"max_books":60}', DEFAULT, DEFAULT);
INSERT INTO public.book (id,name,team_id,index,created_at,updated_at) VALUES ('1e7e0bcb-4fc0-5d72-81a5-d67a74a13595', 'Minim Eiusmod', '7c2c4732-09c1-5f7b-87ca-c53e7497b4ef', DEFAULT, DEFAULT, DEFAULT), ('d297ab9e-40d4-51b5-bb8f-a1df399f1a9a', 'Lorem', '7c2c4732-09c1-5f7b-87ca-c53e7497b4ef', DEFAULT, DEFAULT, DEFAULT), ('d1b8f3f8-af26-5088-8712-273c28ba98f7', 'Voluptate Excepteur', '7c2c4732-09c1-5f7b-87ca-c53e7497b4ef', DEFAULT, DEFAULT, DEFAULT), ('3ff60d7a-a4ad-54c5-a422-53b52cd53093', 'Pariatur', '7c2c4732-09c1-5f7b-87ca-c53e7497b4ef', DEFAULT, DEFAULT, DEFAULT), ('cfbfd1d4-e77f-57e5-94da-e9ff2cc7a996', 'Duis Consectetur', '7c2c4732-09c1-5f7b-87ca-c53e7497b4ef', DEFAULT, DEFAULT, DEFAULT), ('98eaafd3-adbf-5a3e-adb9-b3fb6971b6f1', 'Commodo Deserunt', 'f50563b6-8532-51ec-b121-d8c6bca3e897', DEFAULT, DEFAULT, DEFAULT), ('2d1d7734-be70-5d07-a538-e76c6cae722e', 'Occaecat Eu Ut', 'f50563b6-8532-51ec-b121-d8c6bca3e897', DEFAULT, DEFAULT, DEFAULT), ('b5605791-3389-56c2-9ec6-17d538b9bb85', 'Sunt Sint', 'f50563b6-8532-51ec-b121-d8c6bca3e897', DEFAULT, DEFAULT, DEFAULT), ('a5831e58-2fc9-5b59-970d-00c344a4eb18', 'Incididunt Elit', 'f50563b6-8532-51ec-b121-d8c6bca3e897', DEFAULT, DEFAULT, DEFAULT), ('756cbb59-27d6-58f3-b4b9-8b56121e683f', 'Ad Duis Quis', 'f50563b6-8532-51ec-b121-d8c6bca3e897', DEFAULT, DEFAULT, DEFAULT), ('b64d0217-6a7b-5682-8927-676434f72be9', 'Esse Minim', 'f50563b6-8532-51ec-b121-d8c6bca3e897', DEFAULT, DEFAULT, DEFAULT), ('09617df2-6261-5b47-bc30-85d317367d48', 'Amet', 'f50563b6-8532-51ec-b121-d8c6bca3e897', DEFAULT, DEFAULT, DEFAULT), ('98b30307-7ea7-5b6c-b9e4-560fe08299de', 'Incididunt', 'f50563b6-8532-51ec-b121-d8c6bca3e897', DEFAULT, DEFAULT, DEFAULT), ('d19db439-c7e7-53a7-aa19-0db346180dc1', 'Enim Non', '5e20f9a8-7b26-5a5f-8426-6b12c182d23c', DEFAULT, DEFAULT, DEFAULT), ('91434b27-2651-5429-8f42-45c3f8e334a0', 'Anim', '5e20f9a8-7b26-5a5f-8426-6b12c182d23c', DEFAULT, DEFAULT, DEFAULT), ('549980e7-3e77-5d76-b263-84664d04b209', 'Mollit', '5e20f9a8-7b26-5a5f-8426-6b12c182d23c', DEFAULT, DEFAULT, DEFAULT), ('e4de1a09-bd9a-5e42-b92c-2cb1af28bec6', 'Tempor Ea Qui', '5e20f9a8-7b26-5a5f-8426-6b12c182d23c', DEFAULT, DEFAULT, DEFAULT), ('f4b5542b-ba61-519e-a8d2-5793282ad487', 'Irure Qui', '5e20f9a8-7b26-5a5f-8426-6b12c182d23c', DEFAULT, DEFAULT, DEFAULT), ('cd7c291a-6d6e-5632-91e5-b7fd7a634d7d', 'Laboris Laboris', '5e20f9a8-7b26-5a5f-8426-6b12c182d23c', DEFAULT, DEFAULT, DEFAULT), ('4da5a34b-d621-539d-93ed-4bd842601284', 'Et Eiusmod', '5e20f9a8-7b26-5a5f-8426-6b12c182d23c', DEFAULT, DEFAULT, DEFAULT), ('eb3795e9-0dc2-506f-818c-e81bf7149197', 'Consectetur', '5e20f9a8-7b26-5a5f-8426-6b12c182d23c', DEFAULT, DEFAULT, DEFAULT), ('3dbd7acc-a0c5-5607-8378-ec8dc206b269', 'Ipsum Minim Cupidata', '5e20f9a8-7b26-5a5f-8426-6b12c182d23c', DEFAULT, DEFAULT, DEFAULT), ('b32027db-33da-5dc2-b906-e0c2a06ac683', 'Commodo Do', '53fe0e9e-3358-5722-b994-4faad8733cd3', DEFAULT, DEFAULT, DEFAULT), ('b7a89d05-549f-565f-b631-b59097e91d1a', 'Excepteur Consectetu', '53fe0e9e-3358-5722-b994-4faad8733cd3', DEFAULT, DEFAULT, DEFAULT), ('ac9f0e3e-b030-584f-a8dd-87355fe22537', 'Sunt Fugiat', '53fe0e9e-3358-5722-b994-4faad8733cd3', DEFAULT, DEFAULT, DEFAULT), ('438bff0e-fd50-5c86-89ee-d397a0c0e548', 'Ex', '53fe0e9e-3358-5722-b994-4faad8733cd3', DEFAULT, DEFAULT, DEFAULT), ('9bf2ad50-cccb-50eb-8269-3a7e78bd21f5', 'Cupidatat', '53fe0e9e-3358-5722-b994-4faad8733cd3', DEFAULT, DEFAULT, DEFAULT), ('36f6f3ba-e867-5008-b6c1-829e989f9d2f', 'Qui Enim', '53fe0e9e-3358-5722-b994-4faad8733cd3', DEFAULT, DEFAULT, DEFAULT), ('19495f2f-99a6-5394-9596-a1d3fb0d3196', 'Eu Id', '53fe0e9e-3358-5722-b994-4faad8733cd3', DEFAULT, DEFAULT, DEFAULT), ('9a184097-b9bc-5f22-ba40-6c62e83423ab', 'Nostrud Nostrud', '53fe0e9e-3358-5722-b994-4faad8733cd3', DEFAULT, DEFAULT, DEFAULT), ('92ce3cad-bd68-55a2-9017-d27d51e2e007', 'Aliquip Consequat', '53fe0e9e-3358-5722-b994-4faad8733cd3', DEFAULT, DEFAULT, DEFAULT), ('70dc5b0f-7d06-5f95-a4ee-16cc68f3a4b6', 'Occaecat Labore', '53fe0e9e-3358-5722-b994-4faad8733cd3', DEFAULT, DEFAULT, DEFAULT), ('a3141029-aec2-543b-b18a-49fe947e3304', 'Esse', '782f7eda-e535-5ab3-8415-643126d3b0fa', DEFAULT, DEFAULT, DEFAULT), ('6c52c1d9-13a4-51ef-ae51-1dacc4c14be9', 'Non Officia', '782f7eda-e535-5ab3-8415-643126d3b0fa', DEFAULT, DEFAULT, DEFAULT), ('2589cf16-4103-5a4f-b544-b30078083eaa', 'Elit', '782f7eda-e535-5ab3-8415-643126d3b0fa', DEFAULT, DEFAULT, DEFAULT), ('a88bc9b9-135e-55c7-8c4c-5a072a3c8573', 'Excepteur Ipsum', '782f7eda-e535-5ab3-8415-643126d3b0fa', DEFAULT, DEFAULT, DEFAULT), ('8b7e423b-b9b9-5b3c-bf3d-1aa45d16235c', 'Labore Duis', '782f7eda-e535-5ab3-8415-643126d3b0fa', DEFAULT, DEFAULT, DEFAULT), ('882c7ae5-914f-539d-8207-691de536097f', 'Irure Sit Ea', '782f7eda-e535-5ab3-8415-643126d3b0fa', DEFAULT, DEFAULT, DEFAULT), ('811570ef-0b81-508d-ba05-2f5e812d4131', 'Eu Do', '782f7eda-e535-5ab3-8415-643126d3b0fa', DEFAULT, DEFAULT, DEFAULT), ('29b47b7e-4cec-5d5a-b93d-172770b57ed6', 'Laboris Duis', '782f7eda-e535-5ab3-8415-643126d3b0fa', DEFAULT, DEFAULT, DEFAULT), ('9b1fc781-1e4e-56d2-bd68-0dc257a319c0', 'Tempor Ullamco Nostr', '5daf6f25-3b97-5f49-8f75-4ba5d1d74cd3', DEFAULT, DEFAULT, DEFAULT), ('8a0a556f-d942-55f0-8ba8-1ffbfaf3c6d9', 'Ullamco Fugiat', '5daf6f25-3b97-5f49-8f75-4ba5d1d74cd3', DEFAULT, DEFAULT, DEFAULT), ('91fa3874-9437-5dfa-a49a-f19fb38d9e92', 'Sit Irure', '5daf6f25-3b97-5f49-8f75-4ba5d1d74cd3', DEFAULT, DEFAULT, DEFAULT), ('eda91f04-12ef-5904-88aa-e6ed9a692e03', 'Aliqua Proident Sunt', '5daf6f25-3b97-5f49-8f75-4ba5d1d74cd3', DEFAULT, DEFAULT, DEFAULT), ('1d3f740a-8c60-5c1d-aa9e-3854a33c8e1d', 'Ex Tempor Proident', '5daf6f25-3b97-5f49-8f75-4ba5d1d74cd3', DEFAULT, DEFAULT, DEFAULT), ('d9bba68a-079c-5141-bd43-756b87167584', 'Ad', '5daf6f25-3b97-5f49-8f75-4ba5d1d74cd3', DEFAULT, DEFAULT, DEFAULT), ('ca65e33b-de71-5d46-933a-849036127987', 'Aute Voluptate Ea', '5daf6f25-3b97-5f49-8f75-4ba5d1d74cd3', DEFAULT, DEFAULT, DEFAULT), ('f52ce409-f800-5a86-b4ed-ce1a99a8a6ae', 'Nostrud Sunt Cupidat', '5daf6f25-3b97-5f49-8f75-4ba5d1d74cd3', DEFAULT, DEFAULT, DEFAULT);
UPDATE public.team SET plan_id = 4 WHERE id = '7c2c4732-09c1-5f7b-87ca-c53e7497b4ef';
UPDATE public.team SET plan_id = 4 WHERE id = 'f50563b6-8532-51ec-b121-d8c6bca3e897';
UPDATE public.team SET plan_id = 5 WHERE id = '5e20f9a8-7b26-5a5f-8426-6b12c182d23c';
UPDATE public.team SET plan_id = 5 WHERE id = '53fe0e9e-3358-5722-b994-4faad8733cd3';
UPDATE public.team SET plan_id = 6 WHERE id = '782f7eda-e535-5ab3-8415-643126d3b0fa';
UPDATE public.team SET plan_id = 6 WHERE id = '5daf6f25-3b97-5f49-8f75-4ba5d1d74cd3';
SELECT setval('"public"."plan_id_seq"'::regclass, (SELECT MAX("id") FROM "public"."plan"));
INSERT INTO public.arena (id,game_id,name,outdated,created_at,updated_at) VALUES (11, 6, 'Silverlake Stadium', 't', DEFAULT, DEFAULT), (12, 5, 'Downtown Plaza Pavilion', 'f', DEFAULT, DEFAULT), (13, 8, 'Bayshore Pavilion', 't', DEFAULT, DEFAULT), (14, 5, 'Sunset Stadium', 't', DEFAULT, DEFAULT), (15, 6, 'Downtown Square Pavilion', 't', DEFAULT, DEFAULT), (16, 8, 'Oceanfront Amphitheater', 'f', DEFAULT, DEFAULT), (17, 8, 'Main Square Arena', 'f', DEFAULT, DEFAULT), (18, 8, 'Southbank Arena', 't', DEFAULT, DEFAULT), (19, 7, 'Waterfront Amphitheater', 'f', DEFAULT, DEFAULT), (20, 5, 'Meadowbrook Pavilion', 'f', DEFAULT, DEFAULT);
SELECT setval('"public"."arena_id_seq"'::regclass, (SELECT MAX("id") FROM "public"."arena"));
INSERT INTO public.blueprint (id,book_id,arena_id,visibility,name,tags,created_at,updated_at) VALUES ('fd4a2d4e-8569-59ca-837d-fb7fa0ab1be1', '4da5a34b-d621-539d-93ed-4bd842601284', 15, 'public', 'Roaming Support Plan', '{"ipsum ad dolore","aliquip ad","excepteur ipsum dolor velit eius"}', DEFAULT, DEFAULT), ('e0502ed9-8194-54d4-be5d-43176e2a7438', 'eb3795e9-0dc2-506f-818c-e81bf7149197', 18, 'unlisted', 'Roaming Support Plan', '{"sit minim","commodo in id aute"}', DEFAULT, DEFAULT), ('cba89714-5b1d-590f-92a2-27cfb555b7e4', '882c7ae5-914f-539d-8207-691de536097f', 14, 'public', 'Gank Heavy Approach', '{"amet ut","elit fugiat","mollit laboris labore do","exercitation voluptate velit ips","consectetur","laboris irure","sit fugiat","nisi ipsum"}', DEFAULT, DEFAULT), ('497b8842-fb80-5638-ba6f-3f3e64daa06b', 'd9bba68a-079c-5141-bd43-756b87167584', 12, 'public', 'Map Control Blueprint', '{"reprehenderit aute qui fugiat","nostrud consequat cupidatat","enim non amet sunt velit","Lorem incididunt reprehenderit p"}', DEFAULT, DEFAULT), ('75fbf0dd-b3c9-5513-87f0-9d9a9004f64c', '9a184097-b9bc-5f22-ba40-6c62e83423ab', 13, 'private', 'Baron Control Strategy', '{"et","do id","aliquip cillum in in"}', DEFAULT, DEFAULT), ('0352b4c9-6de9-5702-929d-3d622c6456a1', '9bf2ad50-cccb-50eb-8269-3a7e78bd21f5', 14, 'public', 'Rotation Strategy Document', '{"velit occaecat fugiat","duis quis","est ad exercitation"}', DEFAULT, DEFAULT), ('1e701d2b-566c-5f82-8280-a2a9d02ee590', 'b5605791-3389-56c2-9ec6-17d538b9bb85', 14, 'unlisted', 'Early Game Dominance Guide', '{"minim aute et mollit","deserunt ullamco anim pariatur","elit ipsum","occaecat adipisicing cillum","esse mollit","ullamco","reprehenderit magna dolore aliqu","aliquip cupidatat dolor","velit adipisicing"}', DEFAULT, DEFAULT), ('f04c0ed1-b624-5092-8b98-dae6fff857dc', '91fa3874-9437-5dfa-a49a-f19fb38d9e92', 16, 'private', 'Early Game Dominance Guide', '{"laboris exercitation ut nulla","excepteur sit","ipsum culpa esse","adipisicing enim","nisi","laboris ut ipsum occaecat id","nostrud nulla officia"}', DEFAULT, DEFAULT), ('7eef79d9-ea6c-5417-b347-09dbcb8b4c78', '2d1d7734-be70-5d07-a538-e76c6cae722e', 13, 'unlisted', 'Roaming Support Plan', '{"elit ut ipsum ex","cillum","consequat minim non dolor"}', DEFAULT, DEFAULT), ('3aff3e37-0331-5c7a-a0f5-1b6595c2ad7b', 'f4b5542b-ba61-519e-a8d2-5793282ad487', 19, 'public', 'Baron Control Strategy', '{"mollit sit","duis labore consectetur dolor","minim non amet cupidatat","aute officia tempor","quis tempor voluptate nostrud ir","eu consequat","nisi","est","sit"}', DEFAULT, DEFAULT), ('7c0cf1d4-d57d-5092-a3f0-ca49e04ace52', 'a5831e58-2fc9-5b59-970d-00c344a4eb18', 13, 'public', 'Roaming Support Plan', '{"minim laboris officia"}', DEFAULT, DEFAULT), ('26c80d6d-0d6f-5fb2-8296-8b5e9e1fdeb7', '882c7ae5-914f-539d-8207-691de536097f', 20, 'unlisted', 'Early Game Dominance Guide', '{"irure aute","tempor cupidatat esse dolore","elit dolore","consectetur eu","enim labore laboris non nulla","ad laboris aute dolore","reprehenderit non esse fugiat"}', DEFAULT, DEFAULT), ('310ccf44-859c-5587-8001-5aa84afb3236', '811570ef-0b81-508d-ba05-2f5e812d4131', 17, 'private', 'Wave Management Plan', '{"occaecat pariatur","amet velit occaecat dolor","sit","dolore in reprehenderit","cillum in","aliquip et elit voluptate","sunt qui est commodo proident","cupidatat ad","nostrud sunt"}', DEFAULT, DEFAULT), ('c6131a0d-c1ea-5dce-8460-c91026e41f9f', 'd297ab9e-40d4-51b5-bb8f-a1df399f1a9a', 17, 'public', 'Siege Tactics Handbook', '{"adipisicing qui non ipsum velit","fugiat anim ea minim voluptate"}', DEFAULT, DEFAULT), ('054eb394-a081-59a1-b613-e1c8bbcc6250', 'b7a89d05-549f-565f-b631-b59097e91d1a', 13, 'public', 'Counter Pick Blueprint', '{"irure","ad ea anim culpa magna","id ut cupidatat pariatur Lorem","laboris"}', DEFAULT, DEFAULT), ('4cb602e9-b66f-5f7e-a7a1-71729454372c', '438bff0e-fd50-5c86-89ee-d397a0c0e548', 18, 'unlisted', 'Rotation Strategy Document', '{"nostrud labore","deserunt excepteur enim","aliqua culpa do","eiusmod elit dolore"}', DEFAULT, DEFAULT), ('8ed312f8-fa19-5305-a78e-7cdee2dc9e00', '756cbb59-27d6-58f3-b4b9-8b56121e683f', 19, 'private', 'Aggressive Rush Strategy', '{"non","non minim quis sit","adipisicing ex voluptate","reprehenderit excepteur","reprehenderit do commodo nisi","quis occaecat"}', DEFAULT, DEFAULT), ('c9bad04c-3d6e-5efe-9540-7763dde57640', '98eaafd3-adbf-5a3e-adb9-b3fb6971b6f1', 19, 'private', 'Objective Focused Strategy', '{"magna elit","ullamco exercitation nostrud par"}', DEFAULT, DEFAULT), ('7a350dde-d215-538c-bfd3-d5cdd8b40555', '98eaafd3-adbf-5a3e-adb9-b3fb6971b6f1', 20, 'public', 'Counter Pick Blueprint', '{"commodo nulla duis irure","labore dolor non"}', DEFAULT, DEFAULT), ('bd6c4dd0-06e8-56ab-abd6-6e9e777c13a7', '2d1d7734-be70-5d07-a538-e76c6cae722e', 14, 'public', 'Counter Pick Blueprint', '{"occaecat laborum","id","magna reprehenderit ipsum id","minim incididunt magna","laborum dolore ut mollit"}', DEFAULT, DEFAULT), ('844103e5-8cf8-5795-8a63-ccecfc3e2001', 'd1b8f3f8-af26-5088-8712-273c28ba98f7', 16, 'public', 'Gank Heavy Approach', '{"Lorem mollit aliqua cupidatat","dolore quis cillum do","amet consequat duis magna","pariatur quis","officia sit"}', DEFAULT, DEFAULT), ('582d0ca1-76cc-5500-9dd8-190ab817072d', 'a5831e58-2fc9-5b59-970d-00c344a4eb18', 19, 'private', 'Vision Control Blueprint', '{"esse ipsum irure eiusmod","commodo non cupidatat aute","duis aliqua esse cillum","anim commodo laborum in","cupidatat eiusmod mollit et"}', DEFAULT, DEFAULT), ('9012aa86-f8a2-5033-82d5-336bcaa03c26', '1e7e0bcb-4fc0-5d72-81a5-d67a74a13595', 20, 'public', 'Siege Tactics Handbook', '{"deserunt nostrud sint eu","qui irure velit","et","minim elit adipisicing","exercitation id ipsum"}', DEFAULT, DEFAULT), ('746bb5ad-439a-519a-90ef-991641df1623', 'cd7c291a-6d6e-5632-91e5-b7fd7a634d7d', 18, 'unlisted', 'Late Game Scaling Strategy', '{"sint proident veniam","esse adipisicing ullamco tempor","duis nulla","pariatur et","aliquip esse ut Lorem","consectetur proident consequat e","sit adipisicing","labore aute enim","nisi nisi"}', DEFAULT, DEFAULT), ('b1bab82d-de7c-55e3-8115-1651b8f68765', '09617df2-6261-5b47-bc30-85d317367d48', 12, 'private', 'Secure Objective Playbook', '{"cupidatat culpa magna est mollit","voluptate et et"}', DEFAULT, DEFAULT), ('0145500d-2ab2-5c49-9cea-edd711ce1cc9', '9b1fc781-1e4e-56d2-bd68-0dc257a319c0', 14, 'unlisted', 'Aggressive Rush Strategy', '{"anim Lorem adipisicing","cillum","nulla consectetur elit","id sit"}', DEFAULT, DEFAULT), ('703c3370-90fb-5d22-8365-f34357b3ffb8', 'd1b8f3f8-af26-5088-8712-273c28ba98f7', 17, 'private', 'Rotation Strategy Document', '{"occaecat consectetur","proident officia ex","quis in","ea dolor","occaecat ex","et occaecat nisi Lorem","magna dolor enim sunt"}', DEFAULT, DEFAULT), ('fd862b26-fe8c-52d0-b06e-3c9f938bd3ab', '98b30307-7ea7-5b6c-b9e4-560fe08299de', 17, 'public', 'Jungle Control Playbook', '{}', DEFAULT, DEFAULT), ('70415515-b81b-59ef-a1ed-18578b73b7ae', '8b7e423b-b9b9-5b3c-bf3d-1aa45d16235c', 18, 'private', 'Baron Control Strategy', '{"sint irure","reprehenderit","tempor excepteur labore","mollit esse id exercitation","aliqua ad","enim cupidatat mollit","velit dolor et exercitation","incididunt","dolor cupidatat laboris anim","culpa in sit velit anim"}', DEFAULT, DEFAULT), ('c5558815-aa72-5938-a7c8-62ae2c1a039c', '4da5a34b-d621-539d-93ed-4bd842601284', 18, 'public', 'Secure Objective Playbook', '{"ut consectetur","cillum","magna laborum adipisicing","ipsum","ipsum magna","duis laborum enim"}', DEFAULT, DEFAULT), ('703bbd20-9625-5bd7-8aa3-5ead0245fe50', '1e7e0bcb-4fc0-5d72-81a5-d67a74a13595', 11, 'unlisted', 'Objective Focused Strategy', '{"minim ea velit dolore","labore dolor veniam","consequat non cupidatat tempor"}', DEFAULT, DEFAULT), ('68ff3d82-b6b6-5053-9e74-aa9b346dd8d1', 'ca65e33b-de71-5d46-933a-849036127987', 20, 'private', 'Wave Management Plan', '{"est proident","in commodo","elit excepteur sunt","tempor exercitation","veniam nostrud magna","qui anim velit occaecat","aliqua exercitation labore","do aliquip ex"}', DEFAULT, DEFAULT), ('522e120d-7e21-504a-9c96-99e429197e5a', 'ac9f0e3e-b030-584f-a8dd-87355fe22537', 17, 'unlisted', 'Counter Pick Blueprint', '{"magna et consequat","do elit irure quis","nulla eu officia officia enim","laborum incididunt pariatur id e","duis cupidatat laborum consequat","dolor ipsum reprehenderit","aliquip dolore","ea sunt laborum"}', DEFAULT, DEFAULT), ('54b879fc-04e4-53b3-8cec-0174fc0ccd34', 'd19db439-c7e7-53a7-aa19-0db346180dc1', 15, 'private', 'Counter Pick Blueprint', '{"minim Lorem aliquip ullamco","sit aliqua fugiat","id officia anim mollit","excepteur est","Lorem labore aliquip aliquip dui","sint amet incididunt velit","fugiat sunt sint tempor irure","veniam laborum laboris"}', DEFAULT, DEFAULT), ('fb90b354-0ae1-59da-9637-61f6c5ed3fb9', 'd1b8f3f8-af26-5088-8712-273c28ba98f7', 14, 'public', 'Secure Objective Playbook', '{"esse consequat magna","laboris Lorem ullamco pariatur","esse est","amet nisi labore est","tempor est consectetur","cupidatat cillum elit aliqua ips","aliqua proident"}', DEFAULT, DEFAULT), ('95b3988b-e14b-57a7-900d-4985cb116f17', '811570ef-0b81-508d-ba05-2f5e812d4131', 16, 'private', 'Gank Heavy Approach', '{}', DEFAULT, DEFAULT), ('7d1face3-2e87-52f5-9623-fff9de0a6539', 'f52ce409-f800-5a86-b4ed-ce1a99a8a6ae', 19, 'public', 'Map Control Blueprint', '{"occaecat in","in veniam id elit cillum","laboris","fugiat laborum"}', DEFAULT, DEFAULT), ('e8bf9a25-132d-5d46-b40a-d08534be6c9f', 'b32027db-33da-5dc2-b906-e0c2a06ac683', 11, 'unlisted', 'Counter Pick Blueprint', '{"et aute","aute exercitation amet dolor","laborum ea officia","tempor dolore amet magna","irure in commodo","occaecat culpa cupidatat pariatu","sint velit sunt","proident culpa mollit quis"}', DEFAULT, DEFAULT), ('29a560e9-84d9-5f41-9b09-76969cbfb144', '70dc5b0f-7d06-5f95-a4ee-16cc68f3a4b6', 12, 'public', 'Counter Pick Blueprint', '{"culpa ad cupidatat","esse proident id","voluptate dolor consectetur cons","dolore esse cupidatat","nulla sit labore velit","cillum ex"}', DEFAULT, DEFAULT), ('d9c4b302-5ab0-5114-8120-41d1876c7eb9', '756cbb59-27d6-58f3-b4b9-8b56121e683f', 17, 'public', 'Objective Focused Strategy', '{}', DEFAULT, DEFAULT), ('ca1b9e1e-f7c0-5c4a-a566-aabf3f7ebb80', 'd9bba68a-079c-5141-bd43-756b87167584', 13, 'unlisted', 'Vision Denial Blueprint', '{"mollit nisi deserunt","cillum sit sit officia","ullamco","cillum ad","esse ut","cillum esse non","eu sit ut ad veniam","eu nulla anim anim"}', DEFAULT, DEFAULT), ('cde91e33-9c71-56e0-b19e-f2372fa577cf', 'cd7c291a-6d6e-5632-91e5-b7fd7a634d7d', 20, 'private', 'Secure Objective Playbook', '{}', DEFAULT, DEFAULT), ('013547e4-326e-5221-8377-310093ccf53a', 'a88bc9b9-135e-55c7-8c4c-5a072a3c8573', 20, 'private', 'Rotation Strategy Document', '{"ipsum ullamco consectetur offici","dolore","est labore eiusmod qui"}', DEFAULT, DEFAULT), ('50cffa66-dd91-5aed-8c46-1b76e488de31', 'd297ab9e-40d4-51b5-bb8f-a1df399f1a9a', 16, 'unlisted', 'Rotation Strategy Document', '{"ea magna","irure","do eiusmod duis velit deserunt","sint incididunt"}', DEFAULT, DEFAULT), ('f550c2bf-a147-5e29-8a01-470336f387eb', 'ca65e33b-de71-5d46-933a-849036127987', 16, 'unlisted', 'Map Control Blueprint', '{"qui cupidatat enim","pariatur anim","adipisicing magna quis","sunt","sunt duis","magna aliqua exercitation","amet"}', DEFAULT, DEFAULT), ('a30e3d57-ad0a-594d-9622-8a2514b8110c', '8a0a556f-d942-55f0-8ba8-1ffbfaf3c6d9', 18, 'private', 'Roaming Support Plan', '{"do","occaecat elit exercitation aliqu","elit voluptate","amet minim do Lorem"}', DEFAULT, DEFAULT), ('cb76f565-509b-50d9-bbe4-5c6e7c9b0eb4', 'a5831e58-2fc9-5b59-970d-00c344a4eb18', 20, 'unlisted', 'Secure Objective Playbook', '{"laboris minim","nisi"}', DEFAULT, DEFAULT), ('a344c7b4-07e6-54df-b4ed-f27c7916e147', '811570ef-0b81-508d-ba05-2f5e812d4131', 12, 'public', 'Split Push Blueprint', '{"enim quis laboris ad","laboris fugiat aute deserunt et","reprehenderit mollit eu dolor es"}', DEFAULT, DEFAULT), ('6c40d2d3-07ad-5aa1-a5fa-cf5861475e5d', '2589cf16-4103-5a4f-b544-b30078083eaa', 15, 'unlisted', 'Team Fight Execution Plan', '{"esse ullamco","magna velit reprehenderit dolor","reprehenderit sint ad reprehende","dolor cillum fugiat cillum","ex velit officia","aliquip exercitation excepteur o","esse in labore eu aliquip","eu mollit dolore mollit"}', DEFAULT, DEFAULT), ('ba7460a4-9316-52e4-9e3a-05ee82b85e66', 'a88bc9b9-135e-55c7-8c4c-5a072a3c8573', 15, 'unlisted', 'Split Push Blueprint', '{"sint eu","ipsum deserunt consectetur fugia","aute aute","velit amet sint amet","amet excepteur","officia","excepteur quis Lorem"}', DEFAULT, DEFAULT), ('fb3595df-62ad-5f54-ac34-3a578952555c', '882c7ae5-914f-539d-8207-691de536097f', 19, 'public', 'Map Control Blueprint', '{"tempor pariatur","irure reprehenderit sit","irure quis velit","elit officia","esse cupidatat fugiat","aute consequat sint","proident incididunt","et duis"}', DEFAULT, DEFAULT), ('90edde40-1b87-5f75-90b9-68639fbcb2b8', 'b64d0217-6a7b-5682-8927-676434f72be9', 18, 'unlisted', 'Map Control Blueprint', '{}', DEFAULT, DEFAULT), ('ea26a496-35d8-5f3f-a769-a80898ec7b17', '1d3f740a-8c60-5c1d-aa9e-3854a33c8e1d', 12, 'unlisted', 'Aggressive Rush Strategy', '{"ad nulla"}', DEFAULT, DEFAULT), ('035a0a25-d588-551c-9f76-4e9f593ffaf4', '882c7ae5-914f-539d-8207-691de536097f', 19, 'public', 'Aggressive Rush Strategy', '{"qui sunt","excepteur ullamco occaecat duis","sint eiusmod","nisi magna exercitation","tempor adipisicing tempor","exercitation enim cupidatat"}', DEFAULT, DEFAULT), ('e7f55997-6008-5d29-9f7f-564ab748cc59', 'd1b8f3f8-af26-5088-8712-273c28ba98f7', 18, 'private', 'Siege Tactics Handbook', '{"dolor nisi sit excepteur","consequat","dolore excepteur sint deserunt","elit et proident laborum","et","fugiat labore esse","ullamco reprehenderit","non quis","culpa esse eu consequat"}', DEFAULT, DEFAULT), ('396ce0bd-b3e1-5b3c-94ea-bb5357e1c76a', 'd9bba68a-079c-5141-bd43-756b87167584', 19, 'unlisted', 'Roaming Support Plan', '{"pariatur excepteur qui id","velit excepteur tempor","dolor qui incididunt","id sunt deserunt sunt","exercitation","ipsum voluptate aliqua"}', DEFAULT, DEFAULT), ('4cb2c65b-80df-57cc-9c0d-6c346029b88f', '9bf2ad50-cccb-50eb-8269-3a7e78bd21f5', 15, 'public', 'Objective Focused Strategy', '{"labore dolore esse","sit magna laborum pariatur","cupidatat proident nisi veniam c","sint Lorem nisi","ullamco fugiat aute"}', DEFAULT, DEFAULT), ('8172dfee-2cce-5dee-9293-b6bd5f74d656', 'a3141029-aec2-543b-b18a-49fe947e3304', 19, 'public', 'Team Fight Execution Plan', '{}', DEFAULT, DEFAULT), ('910e8e4b-af24-5f28-a2eb-631066a490eb', 'd9bba68a-079c-5141-bd43-756b87167584', 18, 'public', 'Vision Denial Blueprint', '{"mollit ut","elit id aliqua aliquip id","voluptate ut laborum"}', DEFAULT, DEFAULT), ('150381a3-e791-54de-9419-0edac12fb9eb', 'e4de1a09-bd9a-5e42-b92c-2cb1af28bec6', 12, 'public', 'Counter Pick Blueprint', '{"ipsum commodo","Lorem mollit reprehenderit labor","sit voluptate commodo do laborum","proident fugiat mollit","voluptate amet non","excepteur in labore velit"}', DEFAULT, DEFAULT), ('ddb37574-0dbe-5aa4-a5e8-b15242cefaff', 'a88bc9b9-135e-55c7-8c4c-5a072a3c8573', 17, 'private', 'Counter Pick Blueprint', '{"Lorem sunt et","aliquip tempor enim enim reprehe"}', DEFAULT, DEFAULT), ('77fbdaed-4103-591b-82ee-3e3fa4b78a9b', 'b7a89d05-549f-565f-b631-b59097e91d1a', 20, 'public', 'Late Game Scaling Strategy', '{"labore qui laboris","labore voluptate veniam ullamco ","do nisi sunt voluptate","dolor excepteur reprehenderit si","excepteur ipsum ipsum","excepteur excepteur labore"}', DEFAULT, DEFAULT), ('0f1e8b42-396d-5765-be37-bce2ee646e04', 'b5605791-3389-56c2-9ec6-17d538b9bb85', 14, 'public', 'Defensive Turtle Tactics', '{"qui cupidatat ut qui reprehender"}', DEFAULT, DEFAULT), ('5308f8b3-4d4d-529a-bd7c-3a77ac4fe6ae', '3dbd7acc-a0c5-5607-8378-ec8dc206b269', 17, 'public', 'Jungle Control Playbook', '{"esse aliqua labore","ad eiusmod ad","reprehenderit laboris ad adipisi","incididunt proident occaecat vel","aliqua do aliquip anim","ut velit","dolore enim cillum","nisi ad enim ullamco","consectetur exercitation ipsum a","duis cillum pariatur commodo"}', DEFAULT, DEFAULT), ('851e9ece-db38-530e-b3f9-f5e1d49a3b34', '2589cf16-4103-5a4f-b544-b30078083eaa', 17, 'private', 'Gank Heavy Approach', '{"est laboris","commodo ea dolore","incididunt id eu","qui velit"}', DEFAULT, DEFAULT), ('2189cd55-c657-5ce9-999a-da1a2dbf7ea0', '9b1fc781-1e4e-56d2-bd68-0dc257a319c0', 11, 'private', 'Late Game Scaling Strategy', '{"cupidatat id","Lorem adipisicing"}', DEFAULT, DEFAULT), ('902d4a21-0657-5095-b741-ac0d408bb89e', '3dbd7acc-a0c5-5607-8378-ec8dc206b269', 17, 'private', 'Early Game Dominance Guide', '{"incididunt commodo consectetur d","ullamco consequat elit","occaecat pariatur voluptate","eiusmod do do","eiusmod sit","ea mollit voluptate dolore","sint","id sunt pariatur amet","ipsum elit aute dolore"}', DEFAULT, DEFAULT), ('0d40f7c0-72b0-55c2-8e48-c6c65bd9815f', '8a0a556f-d942-55f0-8ba8-1ffbfaf3c6d9', 12, 'public', 'Map Control Blueprint', '{"consequat commodo reprehenderit "}', DEFAULT, DEFAULT), ('f09f5f0c-d6f4-5089-a919-82fdea15dad9', 'b5605791-3389-56c2-9ec6-17d538b9bb85', 11, 'private', 'Vision Denial Blueprint', '{"ullamco sit proident","officia aliquip tempor laborum t","cillum aliqua minim reprehenderi","in proident pariatur","fugiat magna","adipisicing id consectetur tempo","reprehenderit nostrud voluptate"}', DEFAULT, DEFAULT), ('9bfcf305-f3a4-5bed-9ee4-3f5ccf9e59af', '1d3f740a-8c60-5c1d-aa9e-3854a33c8e1d', 15, 'private', 'Early Game Dominance Guide', '{"Lorem nisi","culpa ut labore","irure cillum adipisicing","voluptate ex ex","mollit irure","cillum aute nostrud non"}', DEFAULT, DEFAULT), ('2ff309f0-6726-5920-ad23-47ba58fd2525', 'b32027db-33da-5dc2-b906-e0c2a06ac683', 18, 'unlisted', 'Counter Pick Blueprint', '{"veniam sint ea","cillum voluptate","ea labore","esse velit sit sunt est","eu labore"}', DEFAULT, DEFAULT), ('bac302d7-9e20-52d1-89cc-b0e99ef3b896', 'eda91f04-12ef-5904-88aa-e6ed9a692e03', 12, 'public', 'Defensive Turtle Tactics', '{"deserunt est ea Lorem incididunt","officia dolore enim labore","voluptate reprehenderit dolor","nostrud exercitation proident ei","sunt nisi","voluptate commodo nisi","aute incididunt do sint","eu"}', DEFAULT, DEFAULT), ('ef31ceeb-0f8d-5da0-ab9c-18045c420f99', '756cbb59-27d6-58f3-b4b9-8b56121e683f', 15, 'private', 'Defensive Turtle Tactics', '{"in elit","labore nisi qui id est","voluptate est","pariatur anim velit","sunt consequat anim duis","nostrud et ex"}', DEFAULT, DEFAULT), ('2be70e34-56ed-5cb2-9758-b8f796ec32ec', 'b7a89d05-549f-565f-b631-b59097e91d1a', 20, 'public', 'Wave Management Plan', '{"et eiusmod mollit","irure voluptate ad","veniam sunt reprehenderit do cul","cupidatat anim incididunt amet n","pariatur exercitation qui except"}', DEFAULT, DEFAULT), ('49e5f9f5-6a8f-5423-81e9-9e8e2c467770', 'b5605791-3389-56c2-9ec6-17d538b9bb85', 19, 'unlisted', 'Siege Tactics Handbook', '{"ut pariatur","non sint elit exercitation","occaecat consequat elit minim","id nisi","mollit sint pariatur"}', DEFAULT, DEFAULT), ('421a5d89-58fa-56e2-87c9-a4c6fd3159db', 'a3141029-aec2-543b-b18a-49fe947e3304', 19, 'public', 'Defensive Turtle Tactics', '{"nisi do","duis irure nisi","id et non ea consectetur","sint minim in id","elit","adipisicing laborum magna conseq","cupidatat cillum"}', DEFAULT, DEFAULT), ('c2ab0ed6-ea98-544f-a35e-cfff5a185dc8', '6c52c1d9-13a4-51ef-ae51-1dacc4c14be9', 12, 'unlisted', 'Roaming Support Plan', '{"officia","sunt tempor proident et enim","enim aliquip","anim","nisi nisi qui","dolor ex aliquip labore aliqua","excepteur aute anim deserunt","ullamco cillum reprehenderit","sit laborum tempor anim in"}', DEFAULT, DEFAULT), ('6c6d219e-3884-5c60-8485-0fb500d0b675', '91fa3874-9437-5dfa-a49a-f19fb38d9e92', 18, 'unlisted', 'Roaming Support Plan', '{"non ea","enim","nulla proident","enim pariatur aliqua","consequat ad nisi","irure occaecat elit pariatur ull","cillum","ad","elit"}', DEFAULT, DEFAULT), ('d5fd2418-0c52-558a-8369-707f9186db0b', 'd9bba68a-079c-5141-bd43-756b87167584', 16, 'unlisted', 'Early Game Dominance Guide', '{"nulla duis non","nisi","aliqua","reprehenderit fugiat pariatur ve"}', DEFAULT, DEFAULT), ('0f22fcab-183d-5e80-9a98-c495a215f5f8', '3ff60d7a-a4ad-54c5-a422-53b52cd53093', 11, 'unlisted', 'Defensive Turtle Tactics', '{"non occaecat ipsum voluptate","aliqua fugiat consequat velit no","nostrud id cillum exercitation","laboris veniam reprehenderit aut","tempor","et et nisi esse","consectetur officia sunt","deserunt exercitation","eiusmod occaecat ipsum anim"}', DEFAULT, DEFAULT), ('f92c2ba5-8b0e-58ef-9364-e364e4c41522', 'cfbfd1d4-e77f-57e5-94da-e9ff2cc7a996', 18, 'unlisted', 'Counter Pick Blueprint', '{}', DEFAULT, DEFAULT), ('e2ec2872-d983-5938-8f1c-38a9a14124dd', 'a88bc9b9-135e-55c7-8c4c-5a072a3c8573', 18, 'public', 'Counter Pick Blueprint', '{"nulla ad occaecat officia","non deserunt elit","nulla cillum tempor cillum","cillum adipisicing exercitation ","et nostrud eiusmod eiusmod ut","ipsum eu fugiat","non eiusmod ut labore","ea ea aliqua"}', DEFAULT, DEFAULT), ('4d4230bc-d1b6-532c-9bbf-8c67caf4f9ed', 'ac9f0e3e-b030-584f-a8dd-87355fe22537', 13, 'private', 'Early Game Dominance Guide', '{"minim do"}', DEFAULT, DEFAULT), ('8be9ffc5-25d1-5c32-be1f-9a9ec00544f6', '92ce3cad-bd68-55a2-9017-d27d51e2e007', 16, 'unlisted', 'Early Game Dominance Guide', '{"minim","exercitation id nostrud occaecat","est ullamco sunt labore","cupidatat sint"}', DEFAULT, DEFAULT), ('a3241e44-bd93-5a11-a730-863e8eb75275', 'a5831e58-2fc9-5b59-970d-00c344a4eb18', 17, 'private', 'Gank Heavy Approach', '{"sit officia quis","est adipisicing commodo ipsum qu","occaecat sint mollit est amet"}', DEFAULT, DEFAULT), ('a1c32f18-989f-5961-80f5-4a21a838bc95', '8a0a556f-d942-55f0-8ba8-1ffbfaf3c6d9', 20, 'private', 'Baron Control Strategy', '{"magna proident","minim nulla ut qui amet","fugiat labore aute","officia reprehenderit","do","laboris anim eiusmod exercitatio","mollit dolor","irure laborum","consectetur id nisi et"}', DEFAULT, DEFAULT), ('8fde1282-59d1-5f9b-bc10-4130ce793fa9', 'a5831e58-2fc9-5b59-970d-00c344a4eb18', 19, 'public', 'Late Game Scaling Strategy', '{"incididunt esse deserunt non","cillum fugiat","incididunt irure"}', DEFAULT, DEFAULT), ('f85f8e1b-b8a0-528e-bc81-49b3e6a34ee5', '8a0a556f-d942-55f0-8ba8-1ffbfaf3c6d9', 12, 'unlisted', 'Wave Management Plan', '{"incididunt est irure eu"}', DEFAULT, DEFAULT), ('e16cfe57-140d-5b3e-90f8-910575ffdd47', '2589cf16-4103-5a4f-b544-b30078083eaa', 14, 'unlisted', 'Early Game Dominance Guide', '{"labore voluptate consequat irure","duis commodo exercitation","laborum eu dolore laborum repreh","laboris est aliquip velit"}', DEFAULT, DEFAULT), ('06866e23-2aeb-59f2-9d3c-156507eb23db', 'cfbfd1d4-e77f-57e5-94da-e9ff2cc7a996', 19, 'private', 'Gank Heavy Approach', '{"do eu"}', DEFAULT, DEFAULT), ('e5c44c16-4905-59d0-8c2a-f48ebfc3fdcc', 'a5831e58-2fc9-5b59-970d-00c344a4eb18', 13, 'unlisted', 'Split Push Blueprint', '{"aliquip voluptate Lorem","do quis occaecat proident conseq","ad ullamco exercitation","velit ea nostrud","voluptate pariatur sint","magna reprehenderit proident vol","fugiat elit qui","aliqua labore cupidatat","enim dolore veniam","reprehenderit voluptate consequa"}', DEFAULT, DEFAULT), ('0298782b-da7d-55b4-a736-8126dd2f9d32', '9bf2ad50-cccb-50eb-8269-3a7e78bd21f5', 15, 'private', 'Early Game Dominance Guide', '{"ex mollit nulla excepteur","sit quis duis ut","culpa ullamco duis","eu culpa","tempor","aliqua ex sit sit nostrud","elit","cillum proident cillum","est"}', DEFAULT, DEFAULT), ('8f534833-d8c3-5d0a-b63c-bd2740be0330', 'eda91f04-12ef-5904-88aa-e6ed9a692e03', 20, 'private', 'Objective Focused Strategy', '{"consectetur mollit eu","mollit pariatur ex","consequat veniam commodo","officia sint nulla"}', DEFAULT, DEFAULT), ('1caeec83-1956-53fb-9c1a-7f585775c524', 'b5605791-3389-56c2-9ec6-17d538b9bb85', 16, 'public', 'Defensive Turtle Tactics', '{"deserunt pariatur","culpa"}', DEFAULT, DEFAULT), ('28f2bbc2-0260-5d64-a9bf-64e9bc163c30', '3dbd7acc-a0c5-5607-8378-ec8dc206b269', 17, 'unlisted', 'Jungle Control Playbook', '{"ullamco ea","deserunt","velit elit","occaecat elit ea","dolore eiusmod sunt do","anim exercitation sit aute et","id velit"}', DEFAULT, DEFAULT), ('8590b74a-b67e-5525-9786-4e0fc4c65d06', '8a0a556f-d942-55f0-8ba8-1ffbfaf3c6d9', 14, 'private', 'Wave Management Plan', '{"sit minim","ex id Lorem id ad","sit ex ipsum","exercitation consectetur consequ"}', DEFAULT, DEFAULT), ('fa5e4221-0eae-5da7-9a16-5b8399b9ef50', 'eda91f04-12ef-5904-88aa-e6ed9a692e03', 20, 'unlisted', 'Baron Control Strategy', '{"do","anim occaecat","Lorem magna eiusmod cillum paria","enim ullamco","duis ipsum excepteur incididunt ","dolore velit aliquip est","in nostrud esse","incididunt officia irure quis","aute laboris"}', DEFAULT, DEFAULT), ('fedb01d5-16e2-59fd-8845-ff6a92bd83f7', '9b1fc781-1e4e-56d2-bd68-0dc257a319c0', 20, 'unlisted', 'Counter Pick Blueprint', '{"et incididunt id sunt","est anim","culpa enim","sint ipsum adipisicing","ipsum velit est","adipisicing consequat adipisicin","velit eu"}', DEFAULT, DEFAULT), ('d6d0cf2a-b6d2-5f41-bc05-2fe5bf5ca317', 'a5831e58-2fc9-5b59-970d-00c344a4eb18', 16, 'public', 'Vision Control Blueprint', '{"sunt duis","pariatur","eu laborum excepteur tempor","fugiat ex ut proident officia","officia aliqua"}', DEFAULT, DEFAULT), ('a18cadaa-4531-5180-a607-ad2a5bc25f0c', '19495f2f-99a6-5394-9596-a1d3fb0d3196', 19, 'public', 'Map Control Blueprint', '{"occaecat","exercitation consectetur dolore","ad Lorem esse in","commodo","est aliquip","elit nulla ad","irure eiusmod officia magna","eiusmod amet","veniam esse irure"}', DEFAULT, DEFAULT), ('7858de1c-870d-5289-9bbf-085e4de69d79', '438bff0e-fd50-5c86-89ee-d397a0c0e548', 14, 'unlisted', 'Team Fight Execution Plan', '{"aute minim amet","reprehenderit enim","sint voluptate","culpa deserunt","dolore non adipisicing nisi","ea","incididunt irure et","sint deserunt nulla aliquip exer","adipisicing aute est"}', DEFAULT, DEFAULT), ('c5510993-cf82-5729-a476-bbba91fd2ee1', 'd19db439-c7e7-53a7-aa19-0db346180dc1', 18, 'public', 'Siege Tactics Handbook', '{"ad adipisicing exercitation sit","adipisicing id voluptate ullamco","dolore","sunt enim elit","anim adipisicing cillum","dolor elit","quis officia magna labore","aute laborum"}', DEFAULT, DEFAULT), ('65495df9-49dc-5680-b4b7-97fe7364e837', '29b47b7e-4cec-5d5a-b93d-172770b57ed6', 20, 'unlisted', 'Aggressive Rush Strategy', '{"occaecat cillum consectetur","id cupidatat","consectetur officia minim quis e","enim voluptate sit cupidatat off","ullamco nostrud duis","non veniam"}', DEFAULT, DEFAULT), ('6a08951b-2f4b-5069-a734-056efe107e30', 'ac9f0e3e-b030-584f-a8dd-87355fe22537', 20, 'unlisted', 'Aggressive Rush Strategy', '{"qui do consectetur ullamco","ullamco aute","Lorem eu nisi","ad magna"}', DEFAULT, DEFAULT), ('d96e9820-0562-5ef0-a957-fb16e8a3cda6', 'b5605791-3389-56c2-9ec6-17d538b9bb85', 16, 'unlisted', 'Team Fight Execution Plan', '{"laborum incididunt irure sit","est velit","laboris","ipsum qui","consequat in consequat","pariatur esse incididunt","aute enim pariatur excepteur"}', DEFAULT, DEFAULT), ('44d39286-2c39-52c0-9fdf-811ac2ac0b4f', 'a5831e58-2fc9-5b59-970d-00c344a4eb18', 14, 'unlisted', 'Objective Focused Strategy', '{"laborum occaecat nulla do","commodo sunt","ut","in non labore nisi","dolor eiusmod cillum pariatur","consectetur enim exercitation cu","veniam magna mollit do","ea nisi minim"}', DEFAULT, DEFAULT), ('f5284b1c-c867-5bcb-ae27-b4a46054354e', '9bf2ad50-cccb-50eb-8269-3a7e78bd21f5', 12, 'unlisted', 'Jungle Control Playbook', '{"elit veniam eiusmod","excepteur occaecat laborum","Lorem ea fugiat dolor","eiusmod sunt","ea","ea sunt velit","tempor ex elit eu","dolore veniam tempor","occaecat"}', DEFAULT, DEFAULT), ('748b6b6e-790a-524c-8953-9f99ff6241ea', '3dbd7acc-a0c5-5607-8378-ec8dc206b269', 16, 'private', 'Early Game Dominance Guide', '{"cupidatat in","laboris ad pariatur","proident incididunt enim aliqua","anim aute pariatur","irure ipsum"}', DEFAULT, DEFAULT), ('94e59d3e-1e10-58ee-b57b-120d24970da8', '98eaafd3-adbf-5a3e-adb9-b3fb6971b6f1', 11, 'private', 'Early Game Dominance Guide', '{"proident est ea commodo excepteu","sint ex ipsum ea","ipsum anim laborum non culpa","commodo labore","velit duis ad do nostrud","irure enim nisi occaecat","esse tempor mollit sunt velit","magna mollit quis et"}', DEFAULT, DEFAULT), ('a501e3c2-1df6-5f20-9532-89c5471331c6', '9bf2ad50-cccb-50eb-8269-3a7e78bd21f5', 15, 'private', 'Aggressive Rush Strategy', '{"sint laboris","voluptate occaecat","ex eu","enim est mollit qui","sint proident dolore laborum","officia est","ullamco ut","eu do nisi"}', DEFAULT, DEFAULT), ('eba1549a-b3ad-5f1e-ad56-15be0771d0f9', '9a184097-b9bc-5f22-ba40-6c62e83423ab', 14, 'private', 'Roaming Support Plan', '{"ea laborum id sint qui"}', DEFAULT, DEFAULT), ('02d6bfb1-b7f1-5129-9d1b-729fd2d36ca6', '1d3f740a-8c60-5c1d-aa9e-3854a33c8e1d', 13, 'public', 'Objective Focused Strategy', '{"eu excepteur nisi nisi esse"}', DEFAULT, DEFAULT), ('feadd401-b272-53d1-bc20-6dad4e3ffc29', 'b7a89d05-549f-565f-b631-b59097e91d1a', 16, 'private', 'Objective Focused Strategy', '{"laborum ex velit","mollit proident sunt","anim sint consectetur laboris et","amet"}', DEFAULT, DEFAULT), ('f4023970-bb8c-5175-9f3e-42520be2a6af', 'b5605791-3389-56c2-9ec6-17d538b9bb85', 15, 'unlisted', 'Baron Control Strategy', '{}', DEFAULT, DEFAULT), ('ab471cfa-3489-5a6c-bf5c-82aeac3819f5', '9bf2ad50-cccb-50eb-8269-3a7e78bd21f5', 13, 'private', 'Wave Management Plan', '{"pariatur"}', DEFAULT, DEFAULT), ('782d8b69-ae89-5508-b431-d9e3d4f25423', 'ca65e33b-de71-5d46-933a-849036127987', 19, 'unlisted', 'Secure Objective Playbook', '{"est ea nostrud officia","labore pariatur quis","consectetur qui consequat ad","dolor cupidatat culpa","in sit anim dolor","veniam","fugiat est non dolor"}', DEFAULT, DEFAULT), ('bfbbf302-05a7-5b0c-991e-f7c79f52034e', '1d3f740a-8c60-5c1d-aa9e-3854a33c8e1d', 17, 'unlisted', 'Objective Focused Strategy', '{"quis Lorem ipsum esse","cupidatat occaecat officia","enim in consectetur nostrud magn","velit nisi","sint sint commodo pariatur repre","excepteur duis","tempor duis","aute adipisicing"}', DEFAULT, DEFAULT), ('86a9949d-fbe2-5edf-bf64-6b822a75bdc8', 'f4b5542b-ba61-519e-a8d2-5793282ad487', 13, 'private', 'Vision Control Blueprint', '{"ex","aliquip","fugiat officia ex et","nulla veniam ullamco","reprehenderit aliquip nisi"}', DEFAULT, DEFAULT), ('3d78c871-f9be-5ceb-b04c-13f9eb63efa0', '8b7e423b-b9b9-5b3c-bf3d-1aa45d16235c', 17, 'unlisted', 'Vision Control Blueprint', '{}', DEFAULT, DEFAULT), ('e5e7301c-ed7e-5267-a91e-331eeecbad04', '882c7ae5-914f-539d-8207-691de536097f', 11, 'unlisted', 'Map Control Blueprint', '{"ex pariatur in sint fugiat","voluptate","ut nulla sint ea","aliqua elit tempor reprehenderit","ex et veniam ipsum","voluptate anim aliquip minim","aute et fugiat"}', DEFAULT, DEFAULT), ('e06f1954-eb7e-5811-8e85-0b7239ac60d6', '1d3f740a-8c60-5c1d-aa9e-3854a33c8e1d', 19, 'unlisted', 'Defensive Turtle Tactics', '{"cillum et Lorem aute non","consectetur duis"}', DEFAULT, DEFAULT), ('cbe8ef05-c651-5778-b8a6-717eee524007', 'a88bc9b9-135e-55c7-8c4c-5a072a3c8573', 14, 'public', 'Gank Heavy Approach', '{"dolore magna ea","laborum et dolor","Lorem et aliqua non non","exercitation","excepteur"}', DEFAULT, DEFAULT), ('479e5b51-1e2b-5ac2-b0c4-d0fc97906c11', 'd1b8f3f8-af26-5088-8712-273c28ba98f7', 19, 'unlisted', 'Late Game Scaling Strategy', '{"dolor labore","mollit ex deserunt","aliquip consequat anim nisi","enim veniam nostrud","aute Lorem et sunt","ex adipisicing","proident deserunt","incididunt","dolore","dolor proident officia deserunt"}', DEFAULT, DEFAULT), ('bcb7ae75-c1e7-50cd-ba0b-a339091eb350', '2589cf16-4103-5a4f-b544-b30078083eaa', 13, 'private', 'Late Game Scaling Strategy', '{"exercitation","aute deserunt","excepteur pariatur ipsum occaeca","esse incididunt","laboris aliquip cupidatat anim","id labore laboris laborum","irure pariatur","dolor culpa","laborum laboris consequat"}', DEFAULT, DEFAULT), ('22dccad0-36ca-5845-a1bd-b6027b406b8d', 'd1b8f3f8-af26-5088-8712-273c28ba98f7', 14, 'unlisted', 'Siege Tactics Handbook', '{"duis fugiat reprehenderit amet L","anim laboris"}', DEFAULT, DEFAULT), ('d3293b00-a774-5f1e-99fc-e8f05eabde14', 'ac9f0e3e-b030-584f-a8dd-87355fe22537', 17, 'unlisted', 'Team Fight Execution Plan', '{"dolor aute ut","incididunt","excepteur velit anim occaecat","sint esse amet","do nostrud aute","tempor","do enim"}', DEFAULT, DEFAULT), ('6822c6f8-ae35-5c57-9558-9cc55665f5cb', 'cd7c291a-6d6e-5632-91e5-b7fd7a634d7d', 18, 'private', 'Siege Tactics Handbook', '{}', DEFAULT, DEFAULT), ('8ac966bd-de46-5e4a-8401-5328d63ae1b4', 'd9bba68a-079c-5141-bd43-756b87167584', 18, 'unlisted', 'Early Game Dominance Guide', '{"incididunt","dolore incididunt pariatur esse"}', DEFAULT, DEFAULT), ('36f6354b-1927-5b66-8fab-ef32da0e1694', '98eaafd3-adbf-5a3e-adb9-b3fb6971b6f1', 20, 'public', 'Split Push Blueprint', '{"aliquip Lorem labore"}', DEFAULT, DEFAULT), ('a3befd2b-2867-5547-af7d-2fe7d53b98ef', 'b7a89d05-549f-565f-b631-b59097e91d1a', 14, 'unlisted', 'Vision Denial Blueprint', '{"minim aliqua laboris","labore Lorem tempor aliquip labo","sunt","laboris laborum","nisi","deserunt mollit","deserunt culpa pariatur","quis pariatur tempor","commodo cillum ad fugiat culpa"}', DEFAULT, DEFAULT), ('4d502d01-8a3a-58bc-acb8-f61c47f35e10', '91434b27-2651-5429-8f42-45c3f8e334a0', 19, 'unlisted', 'Siege Tactics Handbook', '{"cupidatat cupidatat officia","et non","esse dolore","minim deserunt esse magna","magna aliquip in","commodo magna","eu laborum aute","Lorem amet amet nostrud dolore","aute"}', DEFAULT, DEFAULT), ('ebdf08a4-39c5-5347-ab53-e4ef0e2d1add', 'd9bba68a-079c-5141-bd43-756b87167584', 14, 'public', 'Roaming Support Plan', '{"officia nulla","anim aliquip commodo","sunt ea qui","deserunt labore","aliqua exercitation id mollit","sit veniam adipisicing","mollit fugiat sint ullamco","nisi commodo in eu","minim quis","nostrud consequat elit consequat"}', DEFAULT, DEFAULT), ('4cfaa7bd-7f8e-52b6-a079-b1fc1773dccb', 'ca65e33b-de71-5d46-933a-849036127987', 15, 'private', 'Map Control Blueprint', '{"excepteur do consectetur et magn","aliquip nisi consectetur ad exce","velit proident voluptate ea","non proident laborum","eu id proident ex","irure nisi aliqua cillum","incididunt ullamco non est"}', DEFAULT, DEFAULT), ('379aa38a-0dab-5c06-8cdb-45bf5d7e2d27', '2589cf16-4103-5a4f-b544-b30078083eaa', 13, 'unlisted', 'Split Push Blueprint', '{"ut","dolore et consequat","exercitation in dolor","eu ut esse","nisi Lorem ex in","occaecat pariatur irure pariatur","sit consequat voluptate","anim velit in enim dolore"}', DEFAULT, DEFAULT), ('1cb4e4cf-86cc-5f46-9e77-98b857e060d9', 'd19db439-c7e7-53a7-aa19-0db346180dc1', 20, 'private', 'Vision Control Blueprint', '{}', DEFAULT, DEFAULT), ('f39bcc07-5eef-5435-b6e9-d947c3bae70d', '8a0a556f-d942-55f0-8ba8-1ffbfaf3c6d9', 11, 'public', 'Late Game Scaling Strategy', '{"dolor sit reprehenderit","laborum aliquip","ut laboris cupidatat sunt","dolore ea minim"}', DEFAULT, DEFAULT), ('20a16bbe-0188-55a3-8d14-7e2e6b37794e', '91434b27-2651-5429-8f42-45c3f8e334a0', 19, 'public', 'Split Push Blueprint', '{"sint laborum","eu mollit labore non","ex mollit fugiat amet","ex","nisi adipisicing"}', DEFAULT, DEFAULT), ('75a162e8-f427-5c64-baca-dba20bc829dd', 'd1b8f3f8-af26-5088-8712-273c28ba98f7', 17, 'unlisted', 'Objective Focused Strategy', '{"laboris culpa","laborum veniam","sunt ex non nisi","aliqua amet anim enim"}', DEFAULT, DEFAULT), ('5075bfb2-60b4-588c-ba9f-cd0f3efae77e', '9b1fc781-1e4e-56d2-bd68-0dc257a319c0', 15, 'public', 'Vision Denial Blueprint', '{"ipsum adipisicing commodo nulla ","non"}', DEFAULT, DEFAULT), ('329b0bda-79b1-53f3-afe7-b7495bde0220', '70dc5b0f-7d06-5f95-a4ee-16cc68f3a4b6', 12, 'public', 'Rotation Strategy Document', '{"do deserunt nostrud","ullamco eiusmod quis","officia nulla ipsum"}', DEFAULT, DEFAULT), ('fc992b53-61aa-5185-8280-7863348ce734', 'd9bba68a-079c-5141-bd43-756b87167584', 12, 'unlisted', 'Early Game Dominance Guide', '{"consectetur dolore minim dolore","Lorem","tempor","in","laboris labore ullamco sit aliqu","eu dolore sit labore fugiat"}', DEFAULT, DEFAULT), ('e15f78fd-c85d-5196-b441-614f0f00a652', 'f4b5542b-ba61-519e-a8d2-5793282ad487', 13, 'unlisted', 'Jungle Control Playbook', '{"dolore cupidatat","sunt","occaecat irure fugiat","officia qui","consequat anim irure"}', DEFAULT, DEFAULT), ('27d28c73-d0c0-5545-a0d3-0f0fa8e1aca6', '70dc5b0f-7d06-5f95-a4ee-16cc68f3a4b6', 12, 'unlisted', 'Roaming Support Plan', '{"amet enim pariatur","voluptate adipisicing velit ipsu","tempor Lorem","officia magna magna","qui esse sint","ut ad","cupidatat elit et","ipsum incididunt dolor nisi et","sit dolore qui"}', DEFAULT, DEFAULT), ('bc0ae162-e51f-5f29-b5b0-87887eac9c85', 'a88bc9b9-135e-55c7-8c4c-5a072a3c8573', 17, 'unlisted', 'Secure Objective Playbook', '{}', DEFAULT, DEFAULT), ('23cfe397-d97e-55bf-af72-35043f52d2bb', '2589cf16-4103-5a4f-b544-b30078083eaa', 18, 'private', 'Objective Focused Strategy', '{"nostrud Lorem sint cillum","cillum cupidatat","sit","ea adipisicing et","magna duis labore","dolore nulla ad","minim culpa incididunt pariatur ","amet nisi","quis ea id ex incididunt"}', DEFAULT, DEFAULT), ('2135e4d6-4261-59ed-a63d-11a8a55ba0c0', 'b7a89d05-549f-565f-b631-b59097e91d1a', 15, 'unlisted', 'Wave Management Plan', '{"ex exercitation","reprehenderit ea est","consequat sint minim esse","ullamco qui deserunt anim","quis eu","amet Lorem minim sint","consequat mollit"}', DEFAULT, DEFAULT), ('32ca2e92-cee8-58b4-beec-0fd9742bf2df', '91434b27-2651-5429-8f42-45c3f8e334a0', 18, 'private', 'Counter Pick Blueprint', '{"excepteur","eiusmod tempor nulla et","et eu","proident nisi","esse","cillum veniam","qui laboris laborum"}', DEFAULT, DEFAULT), ('69e335b1-cf42-5234-867f-fc3222ba0932', '91434b27-2651-5429-8f42-45c3f8e334a0', 17, 'public', 'Defensive Turtle Tactics', '{"culpa ullamco ex","excepteur ex sunt proident","consequat minim"}', DEFAULT, DEFAULT), ('4addfd63-7007-5913-b0c6-95e35fe44af0', '2589cf16-4103-5a4f-b544-b30078083eaa', 15, 'unlisted', 'Defensive Turtle Tactics', '{"nisi adipisicing","quis officia ea"}', DEFAULT, DEFAULT), ('29e1da9c-3bfa-53c5-8780-7032cb48ed69', '882c7ae5-914f-539d-8207-691de536097f', 18, 'private', 'Aggressive Rush Strategy', '{"veniam","aliquip nisi ullamco"}', DEFAULT, DEFAULT), ('0fe3263a-4b99-5049-afdd-8a29336988d1', '9b1fc781-1e4e-56d2-bd68-0dc257a319c0', 20, 'private', 'Defensive Turtle Tactics', '{"dolore cupidatat amet officia ve","esse duis"}', DEFAULT, DEFAULT), ('de533318-8238-5b98-90fa-7923fbda78df', '6c52c1d9-13a4-51ef-ae51-1dacc4c14be9', 13, 'public', 'Aggressive Rush Strategy', '{"nulla","tempor incididunt ut ea","proident ad ex sunt ullamco"}', DEFAULT, DEFAULT), ('91b0fe2a-8d53-5dfa-804e-dadbd5fed2f0', '91fa3874-9437-5dfa-a49a-f19fb38d9e92', 13, 'unlisted', 'Roaming Support Plan', '{}', DEFAULT, DEFAULT), ('f2da91e9-e150-5eba-811a-769c8b464b2d', '9b1fc781-1e4e-56d2-bd68-0dc257a319c0', 17, 'private', 'Aggressive Rush Strategy', '{"incididunt eu","dolor veniam laboris","incididunt non non","ut labore cupidatat proident","mollit exercitation quis cillum ","incididunt proident veniam ullam"}', DEFAULT, DEFAULT), ('830462ad-e07d-578c-9343-4c2f3f3f896d', '438bff0e-fd50-5c86-89ee-d397a0c0e548', 11, 'public', 'Aggressive Rush Strategy', '{"nisi ad officia quis","duis tempor nulla labore","magna voluptate","eiusmod elit dolor"}', DEFAULT, DEFAULT), ('e4d512a0-9012-54c8-a0de-d2cfb46cc4e7', '756cbb59-27d6-58f3-b4b9-8b56121e683f', 11, 'private', 'Gank Heavy Approach', '{"duis","excepteur esse fugiat","velit consectetur","pariatur pariatur minim ullamco","pariatur pariatur","voluptate proident officia","adipisicing excepteur occaecat","sunt cillum","non sint do elit Lorem","ut dolor occaecat"}', DEFAULT, DEFAULT), ('8fc4ec28-bbda-57ff-86ae-02acc462e7a3', 'cfbfd1d4-e77f-57e5-94da-e9ff2cc7a996', 12, 'unlisted', 'Split Push Blueprint', '{"do","quis exercitation mollit","sunt consequat anim velit proide","irure dolore ipsum incididunt su","aute ut mollit eiusmod","irure voluptate eu"}', DEFAULT, DEFAULT), ('46cb3ac1-56db-5482-a77b-488299529f1c', 'cd7c291a-6d6e-5632-91e5-b7fd7a634d7d', 18, 'unlisted', 'Roaming Support Plan', '{"duis","mollit minim irure laborum","consequat eu nisi","incididunt consequat"}', DEFAULT, DEFAULT), ('ca6dab04-25c1-5208-bf77-9e5162704420', '438bff0e-fd50-5c86-89ee-d397a0c0e548', 19, 'private', 'Wave Management Plan', '{"voluptate et labore","commodo duis elit","fugiat ullamco sit consequat","do aliqua quis ipsum","aute cupidatat elit proident","non dolor irure sunt qui","mollit ex labore eu","in laboris"}', DEFAULT, DEFAULT), ('54485efb-a52b-5ef1-8d37-32b22dc487d0', '438bff0e-fd50-5c86-89ee-d397a0c0e548', 17, 'private', 'Defensive Turtle Tactics', '{"cupidatat sit irure minim","in aliquip","cupidatat","do minim ipsum proident"}', DEFAULT, DEFAULT), ('1fa8fec1-5ed8-5fb9-afc2-a5a8eea61a64', '3ff60d7a-a4ad-54c5-a422-53b52cd53093', 14, 'public', 'Gank Heavy Approach', '{"in"}', DEFAULT, DEFAULT), ('21212b38-5327-5020-9dc6-3fca09a6128f', 'd1b8f3f8-af26-5088-8712-273c28ba98f7', 15, 'unlisted', 'Baron Control Strategy', '{"magna non","eu amet proident enim","reprehenderit nulla","culpa","eu dolore laborum reprehenderit ","nisi velit adipisicing","consequat enim enim ex"}', DEFAULT, DEFAULT), ('b22cc198-1bf7-5cc9-b682-385ac5f11217', '8a0a556f-d942-55f0-8ba8-1ffbfaf3c6d9', 12, 'unlisted', 'Map Control Blueprint', '{"aliqua","velit exercitation aute nulla","deserunt voluptate non"}', DEFAULT, DEFAULT), ('07d77b7a-f8bb-53ab-8750-034a7dc2bcb0', '98eaafd3-adbf-5a3e-adb9-b3fb6971b6f1', 18, 'unlisted', 'Defensive Turtle Tactics', '{"excepteur"}', DEFAULT, DEFAULT), ('f7f63dc3-d8b7-5f42-b802-636e4e3f43bb', 'a5831e58-2fc9-5b59-970d-00c344a4eb18', 17, 'private', 'Split Push Blueprint', '{"dolor amet esse nulla","pariatur sint duis pariatur","dolore enim adipisicing","aute incididunt commodo tempor","est aliqua deserunt","pariatur aliquip duis","ipsum ut aute","consectetur do"}', DEFAULT, DEFAULT), ('a1dd34cc-747e-59d2-bb04-592165ee24b7', '19495f2f-99a6-5394-9596-a1d3fb0d3196', 20, 'private', 'Late Game Scaling Strategy', '{"ex","laboris Lorem","sunt exercitation","non proident minim tempor"}', DEFAULT, DEFAULT), ('b111722b-fdf4-55f7-a1ea-183bf540f7e3', '98eaafd3-adbf-5a3e-adb9-b3fb6971b6f1', 19, 'unlisted', 'Jungle Control Playbook', '{"officia","ipsum id","proident sit culpa labore ad","labore eu","esse aliquip eiusmod","sit labore","fugiat","fugiat quis"}', DEFAULT, DEFAULT), ('de288e5e-33f8-5b49-9dad-83fa7d46ac0d', '1e7e0bcb-4fc0-5d72-81a5-d67a74a13595', 17, 'private', 'Late Game Scaling Strategy', '{"aute dolore nisi sint esse","in consequat","nisi","tempor elit"}', DEFAULT, DEFAULT), ('f1ab7f2e-7a01-59f1-b811-78e3b78b40bc', '9bf2ad50-cccb-50eb-8269-3a7e78bd21f5', 18, 'private', 'Vision Denial Blueprint', '{"consequat duis est tempor","ea sit adipisicing elit","adipisicing duis"}', DEFAULT, DEFAULT), ('e0783de7-ca51-5f0a-a7ac-8dcd533efd10', '36f6f3ba-e867-5008-b6c1-829e989f9d2f', 20, 'unlisted', 'Rotation Strategy Document', '{"amet anim nisi veniam","aliquip id esse","qui mollit","incididunt","velit occaecat","officia ad velit","pariatur magna aute excepteur","mollit nostrud esse","laboris","laborum esse eiusmod labore aliq"}', DEFAULT, DEFAULT), ('c3238b63-2dda-5915-8ca5-773255a1cfad', '29b47b7e-4cec-5d5a-b93d-172770b57ed6', 12, 'private', 'Defensive Turtle Tactics', '{"sit sit ex do","incididunt proident et"}', DEFAULT, DEFAULT), ('7b1aca75-d87e-55c4-87f7-005fafbadfdb', 'd1b8f3f8-af26-5088-8712-273c28ba98f7', 16, 'public', 'Wave Management Plan', '{"duis","elit irure ex ex incididunt","sunt"}', DEFAULT, DEFAULT), ('106d238e-2ba4-525c-8d85-994f8dfb2984', '70dc5b0f-7d06-5f95-a4ee-16cc68f3a4b6', 15, 'unlisted', 'Gank Heavy Approach', '{"voluptate","incididunt laboris magna minim","velit sint qui","in eu velit","eiusmod amet anim","excepteur incididunt","commodo velit","dolor irure do consectetur"}', DEFAULT, DEFAULT), ('72f05d50-2802-535d-af55-29384395d238', '36f6f3ba-e867-5008-b6c1-829e989f9d2f', 19, 'unlisted', 'Rotation Strategy Document', '{"id pariatur nulla nisi magna","Lorem incididunt deserunt dolor","cillum","enim ad mollit","ut cupidatat ipsum","sunt non","laboris ullamco id fugiat","cupidatat laborum aliqua minim e","irure aute do pariatur ex"}', DEFAULT, DEFAULT), ('f914b2f3-d88a-52e4-ac43-1ef8cffb4d34', 'cd7c291a-6d6e-5632-91e5-b7fd7a634d7d', 19, 'public', 'Map Control Blueprint', '{"adipisicing elit minim amet","ex voluptate adipisicing labore","magna est","et nisi","do cillum tempor","elit aliquip","tempor reprehenderit enim do cul"}', DEFAULT, DEFAULT), ('c620930b-8f59-50ae-bf46-b1a3aca28f0a', 'a5831e58-2fc9-5b59-970d-00c344a4eb18', 18, 'unlisted', 'Map Control Blueprint', '{"reprehenderit Lorem duis aute","id esse","minim sint minim","excepteur","nulla nulla proident adipisicing","cillum cillum fugiat","quis voluptate deserunt ullamco","est quis"}', DEFAULT, DEFAULT), ('c78418ab-6a36-52f6-ad32-89289156138c', '19495f2f-99a6-5394-9596-a1d3fb0d3196', 15, 'public', 'Vision Denial Blueprint', '{"enim id consectetur","dolore ut consectetur qui","et ad","tempor voluptate officia velit v","adipisicing id in dolore"}', DEFAULT, DEFAULT), ('ed7bef30-09b5-5167-a122-9b398a76eaef', '9a184097-b9bc-5f22-ba40-6c62e83423ab', 19, 'unlisted', 'Aggressive Rush Strategy', '{"et do"}', DEFAULT, DEFAULT), ('ecddf116-85cf-5aef-8c73-6e5963680c88', '1e7e0bcb-4fc0-5d72-81a5-d67a74a13595', 17, 'private', 'Roaming Support Plan', '{"in adipisicing"}', DEFAULT, DEFAULT), ('5bb46529-9916-530c-88e4-31ac6d441591', 'eb3795e9-0dc2-506f-818c-e81bf7149197', 11, 'private', 'Late Game Scaling Strategy', '{"ad veniam","adipisicing fugiat dolor irure i","sunt et proident"}', DEFAULT, DEFAULT), ('8b092693-9a40-5f6a-a57b-3c3e9f5288f7', 'b7a89d05-549f-565f-b631-b59097e91d1a', 17, 'private', 'Defensive Turtle Tactics', '{"ex ex","ut veniam ipsum minim","anim labore nisi cupidatat","enim in nulla","esse labore voluptate","ad ut id"}', DEFAULT, DEFAULT), ('65d96d53-ecd8-5cb9-a3d4-a2842c9c629f', 'f52ce409-f800-5a86-b4ed-ce1a99a8a6ae', 13, 'private', 'Vision Denial Blueprint', '{"Lorem dolor in laboris"}', DEFAULT, DEFAULT), ('672c681b-4325-56a5-8413-28facb838b89', 'ac9f0e3e-b030-584f-a8dd-87355fe22537', 16, 'unlisted', 'Wave Management Plan', '{"reprehenderit adipisicing aute","nisi et ipsum ex","tempor eiusmod incididunt do","pariatur cupidatat","nostrud irure exercitation in du","commodo","et sint occaecat proident","cillum enim commodo deserunt"}', DEFAULT, DEFAULT), ('49d19d37-5ee3-59d0-a985-37b5b703ceb0', '6c52c1d9-13a4-51ef-ae51-1dacc4c14be9', 13, 'public', 'Team Fight Execution Plan', '{"eu amet laborum","exercitation consequat","est","enim duis amet nisi ea","enim sunt incididunt ad anim","nostrud ex","cupidatat","nostrud irure","proident veniam cillum deserunt"}', DEFAULT, DEFAULT), ('66e9d7dd-018c-5299-8470-9f074683bd55', '91434b27-2651-5429-8f42-45c3f8e334a0', 15, 'unlisted', 'Early Game Dominance Guide', '{"anim aliquip aliquip adipisicing","reprehenderit irure eu","aute ut culpa velit","incididunt mollit non proident","sit excepteur est enim","consectetur dolor officia eu id","ipsum minim","consequat","enim veniam sint","sunt culpa commodo excepteur sit"}', DEFAULT, DEFAULT), ('d4a93045-0519-5ae2-8bd3-51a7d07f2b97', 'f4b5542b-ba61-519e-a8d2-5793282ad487', 11, 'private', 'Split Push Blueprint', '{"do proident nostrud"}', DEFAULT, DEFAULT), ('b5bd1f0b-0be5-592a-87b7-65db36f2fa17', '98b30307-7ea7-5b6c-b9e4-560fe08299de', 11, 'unlisted', 'Aggressive Rush Strategy', '{"veniam sint","enim officia non","do quis tempor","voluptate laboris","non exercitation Lorem ex aliqua","non commodo est aute","magna qui","irure"}', DEFAULT, DEFAULT), ('902168ab-57a5-5714-b589-ecf1bd6d2517', '438bff0e-fd50-5c86-89ee-d397a0c0e548', 11, 'unlisted', 'Vision Control Blueprint', '{"eiusmod minim","excepteur Lorem quis sint"}', DEFAULT, DEFAULT), ('8e1b1af0-d36a-5958-9b32-c8f59e8edaf9', '98eaafd3-adbf-5a3e-adb9-b3fb6971b6f1', 14, 'private', 'Objective Focused Strategy', '{"eu dolore consequat fugiat","pariatur","pariatur anim veniam","minim nostrud","tempor quis enim","adipisicing in amet adipisicing ","eu incididunt"}', DEFAULT, DEFAULT), ('9ca1e23a-7fd9-5be2-b14a-5f50a52fda0a', 'b7a89d05-549f-565f-b631-b59097e91d1a', 11, 'private', 'Counter Pick Blueprint', '{"elit velit"}', DEFAULT, DEFAULT), ('b458c0d2-4d21-597a-9d7c-522e47032d79', '811570ef-0b81-508d-ba05-2f5e812d4131', 15, 'unlisted', 'Siege Tactics Handbook', '{"ex","dolore nostrud consectetur velit","exercitation proident sunt"}', DEFAULT, DEFAULT), ('aeae5590-e6d3-5c02-8a1c-40a6bcf61bd6', 'd297ab9e-40d4-51b5-bb8f-a1df399f1a9a', 13, 'private', 'Vision Control Blueprint', '{"commodo do","laborum non sint"}', DEFAULT, DEFAULT), ('e62ff15d-b4e8-5f8b-b8c8-56d105c9d705', '29b47b7e-4cec-5d5a-b93d-172770b57ed6', 18, 'private', 'Defensive Turtle Tactics', '{"sunt reprehenderit dolor"}', DEFAULT, DEFAULT), ('2650d5c8-a9d2-57ad-a70d-8c89cf994021', 'b64d0217-6a7b-5682-8927-676434f72be9', 19, 'private', 'Vision Denial Blueprint', '{"amet consequat esse cillum tempo","aliqua nostrud velit","incididunt duis magna"}', DEFAULT, DEFAULT), ('57851dd8-0d7e-5b03-b70f-32940ae107ce', 'b7a89d05-549f-565f-b631-b59097e91d1a', 16, 'unlisted', 'Team Fight Execution Plan', '{"velit est cupidatat ea","anim","ut ullamco sint ullamco","consectetur magna occaecat labor","consectetur non in duis esse","officia veniam","exercitation aliqua ipsum","dolor cupidatat"}', DEFAULT, DEFAULT), ('0bb88883-c32b-547d-bac2-9dcbf9437722', '1d3f740a-8c60-5c1d-aa9e-3854a33c8e1d', 14, 'unlisted', 'Vision Control Blueprint', '{"laborum in minim deserunt non","incididunt velit tempor","anim sint sit","commodo qui nulla tempor non","ullamco fugiat magna","culpa fugiat"}', DEFAULT, DEFAULT), ('f2096d39-9bcd-5cc9-af38-3924bad39e01', '98b30307-7ea7-5b6c-b9e4-560fe08299de', 17, 'unlisted', 'Aggressive Rush Strategy', '{"anim ipsum","velit exercitation fugiat","sint elit"}', DEFAULT, DEFAULT), ('cdc85c53-30bc-5c6e-91cc-2af72696e64b', '29b47b7e-4cec-5d5a-b93d-172770b57ed6', 14, 'private', 'Objective Focused Strategy', '{"quis commodo occaecat duis","esse nisi"}', DEFAULT, DEFAULT), ('a0fe813c-8a2e-57ff-8950-530eb72350cc', '29b47b7e-4cec-5d5a-b93d-172770b57ed6', 11, 'public', 'Aggressive Rush Strategy', '{"anim nulla enim adipisicing","magna tempor"}', DEFAULT, DEFAULT), ('3dcb1c72-1f38-50a2-8a79-9f8b83862a0b', 'ac9f0e3e-b030-584f-a8dd-87355fe22537', 20, 'public', 'Baron Control Strategy', '{"culpa sit"}', DEFAULT, DEFAULT), ('b529db67-e1b4-5e7d-9a32-267867bbcbad', 'd297ab9e-40d4-51b5-bb8f-a1df399f1a9a', 11, 'public', 'Early Game Dominance Guide', '{"enim sint pariatur","et exercitation consectetur labo","est"}', DEFAULT, DEFAULT), ('89b21cb6-fbf3-585a-b9c1-304fad97258b', 'eb3795e9-0dc2-506f-818c-e81bf7149197', 12, 'unlisted', 'Vision Control Blueprint', '{"eu commodo proident","nisi aliquip amet","ut ipsum ad voluptate proident","eiusmod","elit veniam tempor","id consectetur minim cillum","et proident","reprehenderit"}', DEFAULT, DEFAULT), ('8af27ce1-15c1-5703-a4c5-07ea669df0c7', 'd9bba68a-079c-5141-bd43-756b87167584', 14, 'public', 'Late Game Scaling Strategy', '{"ullamco magna quis","voluptate duis velit minim deser","culpa incididunt velit anim","est nulla reprehenderit veniam n"}', DEFAULT, DEFAULT), ('e9960db1-b450-5d20-820c-87fab4f40dc8', '36f6f3ba-e867-5008-b6c1-829e989f9d2f', 20, 'private', 'Vision Control Blueprint', '{"laboris dolor ea consectetur adi","minim Lorem laboris cillum","amet incididunt voluptate Lorem","enim","sint reprehenderit qui ullamco a"}', DEFAULT, DEFAULT), ('2dd10f1f-4836-53b2-b2b6-ae71861e43d0', '8b7e423b-b9b9-5b3c-bf3d-1aa45d16235c', 18, 'private', 'Roaming Support Plan', '{"sunt anim excepteur","cupidatat commodo est esse","amet ut","Lorem do","ullamco veniam incididunt laboru","in tempor pariatur enim cupidata","laboris ullamco laboris exercita","esse","ut dolor do veniam"}', DEFAULT, DEFAULT), ('09d4e842-df61-577d-8d06-00daf3b676e2', 'd297ab9e-40d4-51b5-bb8f-a1df399f1a9a', 13, 'unlisted', 'Early Game Dominance Guide', '{"eu mollit ipsum officia","enim culpa","proident est","consequat magna adipisicing exer","dolor","ullamco occaecat","do velit","incididunt"}', DEFAULT, DEFAULT), ('6fe4789e-9a02-5c94-8c81-5bb4cffd7850', '98eaafd3-adbf-5a3e-adb9-b3fb6971b6f1', 13, 'public', 'Siege Tactics Handbook', '{"ut culpa veniam esse tempor","laboris quis aliqua","reprehenderit dolor","adipisicing deserunt sint magna","fugiat commodo elit enim mollit","exercitation et tempor commodo"}', DEFAULT, DEFAULT), ('62834a20-27ac-5894-8947-a4e2ffb67f5b', '549980e7-3e77-5d76-b263-84664d04b209', 16, 'unlisted', 'Rotation Strategy Document', '{"consectetur dolore nostrud","consectetur eiusmod occaecat","amet tempor","proident deserunt","ea irure officia","incididunt","laborum Lorem cupidatat ullamco","aute non duis","pariatur","incididunt minim in"}', DEFAULT, DEFAULT), ('ce25e6d7-50b4-50c3-8210-685ee22346f3', '98b30307-7ea7-5b6c-b9e4-560fe08299de', 11, 'unlisted', 'Gank Heavy Approach', '{"est nisi sunt sint","est","et mollit","deserunt aute duis elit excepteu","cillum elit reprehenderit occaec"}', DEFAULT, DEFAULT), ('a4e4a518-fb32-53bf-9d1c-f336f8cd8c45', '811570ef-0b81-508d-ba05-2f5e812d4131', 17, 'public', 'Late Game Scaling Strategy', '{"dolor commodo ullamco","dolore laboris esse","excepteur irure dolor","consequat ad eiusmod officia","minim cillum anim sit","id amet qui fugiat ea"}', DEFAULT, DEFAULT), ('d5862a76-70cd-55db-a302-365d7ec101f5', 'b32027db-33da-5dc2-b906-e0c2a06ac683', 20, 'public', 'Wave Management Plan', '{"labore aliqua eu","cupidatat qui","aliquip sint exercitation","esse reprehenderit proident exer","eu irure non laboris","cillum eu"}', DEFAULT, DEFAULT), ('fff5567f-d4a5-542e-ba70-1119521ca0cb', 'b32027db-33da-5dc2-b906-e0c2a06ac683', 17, 'public', 'Defensive Turtle Tactics', '{"tempor dolore","enim minim dolor ullamco","dolor","consequat adipisicing deserunt o"}', DEFAULT, DEFAULT), ('48abaf7b-d65e-5371-8d5f-1be4621911e6', 'b5605791-3389-56c2-9ec6-17d538b9bb85', 11, 'unlisted', 'Baron Control Strategy', '{"laboris"}', DEFAULT, DEFAULT), ('05b8ebd6-06e1-5ce6-85d9-1fda124d11b0', 'cd7c291a-6d6e-5632-91e5-b7fd7a634d7d', 13, 'unlisted', 'Objective Focused Strategy', '{"commodo elit eu et"}', DEFAULT, DEFAULT), ('be5a4c70-a4ff-57c0-8c2c-437a6d77f25c', '9bf2ad50-cccb-50eb-8269-3a7e78bd21f5', 20, 'public', 'Vision Denial Blueprint', '{"est","aliqua aliqua eiusmod consequat ","deserunt quis","est ullamco eiusmod","ad","adipisicing proident ad","do nisi sit"}', DEFAULT, DEFAULT), ('e6ff83af-5ec2-537d-b04b-784bd77a5871', 'b7a89d05-549f-565f-b631-b59097e91d1a', 14, 'private', 'Split Push Blueprint', '{"proident voluptate consequat ull","aliqua sunt laborum","anim sit commodo","magna nisi dolor"}', DEFAULT, DEFAULT), ('dc9bffb4-1647-5c5d-8c1f-d89500e89900', '3dbd7acc-a0c5-5607-8378-ec8dc206b269', 12, 'unlisted', 'Defensive Turtle Tactics', '{"dolore amet Lorem","est cillum quis amet","nisi laboris exercitation ex","cillum veniam","laboris veniam"}', DEFAULT, DEFAULT), ('ec767a01-17bb-518c-9633-78ebc8caded3', '29b47b7e-4cec-5d5a-b93d-172770b57ed6', 16, 'private', 'Baron Control Strategy', '{"deserunt","reprehenderit adipisicing mollit","do","laboris amet","voluptate officia in laborum","aliquip voluptate exercitation r"}', DEFAULT, DEFAULT), ('6c642b40-bb15-55fa-9319-9c100d27adc7', '2589cf16-4103-5a4f-b544-b30078083eaa', 19, 'private', 'Vision Denial Blueprint', '{"labore commodo","enim id est duis","nostrud irure ut ea","cillum culpa Lorem amet","ad ut Lorem cillum cupidatat","enim exercitation aute mollit","tempor est deserunt cupidatat su","eu","ex officia deserunt"}', DEFAULT, DEFAULT), ('197f52e9-f9b3-54a3-a900-9ddcd2cd98d5', 'eda91f04-12ef-5904-88aa-e6ed9a692e03', 13, 'unlisted', 'Vision Control Blueprint', '{"fugiat Lorem officia cillum adip","eu quis commodo"}', DEFAULT, DEFAULT), ('b239ffdb-847f-5400-b1f9-97e186ea36bc', '09617df2-6261-5b47-bc30-85d317367d48', 11, 'private', 'Wave Management Plan', '{"amet irure enim","consequat mollit dolor aute","aliqua enim non Lorem","labore cupidatat in","amet sint exercitation do","ipsum aliquip labore","cillum occaecat adipisicing"}', DEFAULT, DEFAULT), ('c3124970-b58c-5748-8a01-4ba1d7466b2b', '882c7ae5-914f-539d-8207-691de536097f', 20, 'unlisted', 'Objective Focused Strategy', '{}', DEFAULT, DEFAULT), ('2fbdef88-7d4a-5528-bb59-74f725709563', 'b64d0217-6a7b-5682-8927-676434f72be9', 13, 'private', 'Map Control Blueprint', '{"aute","ad occaecat incididunt","consectetur reprehenderit","tempor eu officia ea","minim duis","nulla ipsum eu sint","ut incididunt incididunt"}', DEFAULT, DEFAULT), ('a03637de-3a86-5f2c-a9a1-71bb222f301f', '4da5a34b-d621-539d-93ed-4bd842601284', 15, 'private', 'Aggressive Rush Strategy', '{"nisi et laborum","mollit"}', DEFAULT, DEFAULT), ('536d5b0c-dc7c-598f-8fa0-b21c4cd85d48', '9a184097-b9bc-5f22-ba40-6c62e83423ab', 16, 'unlisted', 'Counter Pick Blueprint', '{"aute","esse consequat","aute cupidatat velit fugiat","elit sint incididunt","nostrud laborum esse"}', DEFAULT, DEFAULT), ('f04b6b4b-d5ea-517f-8a7d-71713980487c', 'd1b8f3f8-af26-5088-8712-273c28ba98f7', 19, 'unlisted', 'Rotation Strategy Document', '{"incididunt deserunt","irure qui eu nisi","velit consectetur","deserunt nisi duis","labore id aute sint occaecat","nostrud id","pariatur commodo","mollit cillum","amet ex non anim laboris"}', DEFAULT, DEFAULT), ('363e1d5b-f7b0-5ee0-a43a-f471f9cf9338', '91fa3874-9437-5dfa-a49a-f19fb38d9e92', 12, 'private', 'Late Game Scaling Strategy', '{"velit commodo","id","excepteur","commodo ad magna"}', DEFAULT, DEFAULT), ('edcc2203-6787-52aa-bc0b-a6dcc59388be', '756cbb59-27d6-58f3-b4b9-8b56121e683f', 15, 'public', 'Vision Control Blueprint', '{"pariatur dolor non do","exercitation aliquip irure","aliqua qui ex non","consequat enim proident","deserunt","consequat duis commodo mollit"}', DEFAULT, DEFAULT), ('474b1c92-271b-5e78-878e-3e82398a6e7c', 'd19db439-c7e7-53a7-aa19-0db346180dc1', 12, 'unlisted', 'Jungle Control Playbook', '{"veniam officia","do culpa","in","Lorem reprehenderit adipisicing","adipisicing deserunt"}', DEFAULT, DEFAULT), ('8997d96a-4a2f-5fcd-a0a2-88e875f8bba7', '549980e7-3e77-5d76-b263-84664d04b209', 14, 'unlisted', 'Split Push Blueprint', '{"incididunt","ea enim","qui eu fugiat mollit","mollit aliqua minim","nostrud dolore","velit"}', DEFAULT, DEFAULT), ('f61f0c83-60cb-5fa8-a27a-67e606b63adb', '2589cf16-4103-5a4f-b544-b30078083eaa', 16, 'private', 'Defensive Turtle Tactics', '{"ad id dolor","commodo dolore dolor veniam","eiusmod proident"}', DEFAULT, DEFAULT), ('30d213ab-4615-5d8b-abee-5b4875c8bfdf', '91434b27-2651-5429-8f42-45c3f8e334a0', 12, 'private', 'Roaming Support Plan', '{"anim"}', DEFAULT, DEFAULT), ('7d042aff-1b5b-531f-917f-48f2d58d33c7', 'd19db439-c7e7-53a7-aa19-0db346180dc1', 16, 'private', 'Team Fight Execution Plan', '{"minim pariatur ipsum nostrud mol","reprehenderit tempor","consectetur eiusmod deserunt ull","cupidatat"}', DEFAULT, DEFAULT), ('30e1e77d-2bcf-5591-97ec-d99bd552d8f0', 'ac9f0e3e-b030-584f-a8dd-87355fe22537', 12, 'public', 'Vision Denial Blueprint', '{"ut officia dolore amet","veniam fugiat pariatur non","cillum officia velit","mollit sunt cupidatat","enim esse exercitation"}', DEFAULT, DEFAULT), ('d53a4a7c-125e-52cd-8ba3-aa3916f71140', '2d1d7734-be70-5d07-a538-e76c6cae722e', 12, 'unlisted', 'Vision Control Blueprint', '{"do eu cupidatat in","aute officia nisi","in veniam sunt do mollit","deserunt mollit veniam","aute veniam exercitation","consectetur adipisicing"}', DEFAULT, DEFAULT), ('47f797b2-50c1-56af-abe6-0081dabe5efd', '3ff60d7a-a4ad-54c5-a422-53b52cd53093', 17, 'private', 'Counter Pick Blueprint', '{"ut elit","dolore deserunt sunt"}', DEFAULT, DEFAULT), ('3ebbec39-d360-5461-b442-70abf723c8b8', '3dbd7acc-a0c5-5607-8378-ec8dc206b269', 14, 'private', 'Aggressive Rush Strategy', '{"duis","duis excepteur cupidatat labore","in ipsum id occaecat"}', DEFAULT, DEFAULT), ('3821efb6-356e-53bd-8a0b-239426475be5', 'd19db439-c7e7-53a7-aa19-0db346180dc1', 13, 'public', 'Siege Tactics Handbook', '{"incididunt do cupidatat minim","laboris laboris","commodo"}', DEFAULT, DEFAULT), ('f62571e6-585e-5709-b04e-861b7f3db2d2', 'a88bc9b9-135e-55c7-8c4c-5a072a3c8573', 12, 'public', 'Roaming Support Plan', '{"deserunt laboris qui consequat","ad"}', DEFAULT, DEFAULT), ('f706ef0d-b4c8-54ee-ba4a-8f6af14717f8', 'b5605791-3389-56c2-9ec6-17d538b9bb85', 12, 'unlisted', 'Counter Pick Blueprint', '{"elit culpa proident amet elit","magna","eu esse ad magna","reprehenderit"}', DEFAULT, DEFAULT), ('da6a602b-9dc0-5e13-87e9-323f368838a2', '9bf2ad50-cccb-50eb-8269-3a7e78bd21f5', 20, 'unlisted', 'Gank Heavy Approach', '{"aute ex ea","eiusmod nulla qui aute","ad aliquip","culpa exercitation","sint veniam velit consectetur","cillum dolor ut","cupidatat pariatur","nisi ex dolor fugiat","deserunt magna"}', DEFAULT, DEFAULT), ('ae022a2e-97fe-53d7-ace2-f700a65995e2', '4da5a34b-d621-539d-93ed-4bd842601284', 19, 'unlisted', 'Jungle Control Playbook', '{"deserunt cillum culpa","tempor","nostrud nisi sint voluptate","proident do Lorem ut","veniam voluptate","occaecat ad sint ullamco officia","officia ipsum amet"}', DEFAULT, DEFAULT), ('7f27719e-c551-5cfa-ab24-3e6a917bc77f', 'eb3795e9-0dc2-506f-818c-e81bf7149197', 16, 'public', 'Vision Control Blueprint', '{"nulla anim minim","ipsum esse Lorem","cillum ipsum"}', DEFAULT, DEFAULT), ('a7afe8c7-8469-5a59-9246-cc18b3ce4b7b', '98b30307-7ea7-5b6c-b9e4-560fe08299de', 13, 'private', 'Baron Control Strategy', '{"proident reprehenderit culpa nis","eu occaecat consectetur aliquip","occaecat sit pariatur","ea","duis pariatur","voluptate aliqua magna exercitat","ad nulla ea id"}', DEFAULT, DEFAULT), ('8111ec5f-e01a-5ad1-b89a-b7a64419e202', 'a5831e58-2fc9-5b59-970d-00c344a4eb18', 19, 'public', 'Vision Denial Blueprint', '{"proident enim","est","ex labore eu","aliquip ex reprehenderit","cillum velit sunt ullamco dolor","occaecat velit commodo quis","sint occaecat","consectetur dolor anim ullamco","pariatur"}', DEFAULT, DEFAULT), ('af41c136-c26c-5e1c-81f1-2d9f923ca606', '19495f2f-99a6-5394-9596-a1d3fb0d3196', 16, 'public', 'Aggressive Rush Strategy', '{"laborum sint voluptate veniam","Lorem aute nisi enim"}', DEFAULT, DEFAULT), ('7594efe5-aff1-5874-a5ed-4a9edc7b66bf', '98b30307-7ea7-5b6c-b9e4-560fe08299de', 17, 'unlisted', 'Defensive Turtle Tactics', '{"incididunt cupidatat","do irure","consectetur quis voluptate commo","incididunt ullamco nisi","aute do dolore","ut"}', DEFAULT, DEFAULT), ('ee2f9514-a689-5e06-84f0-7f27b56a3774', 'b7a89d05-549f-565f-b631-b59097e91d1a', 20, 'private', 'Aggressive Rush Strategy', '{"incididunt","aliquip duis cupidatat","reprehenderit nisi laboris velit"}', DEFAULT, DEFAULT), ('59ac239c-144e-5ca7-b3e8-b97418726740', 'eb3795e9-0dc2-506f-818c-e81bf7149197', 13, 'unlisted', 'Early Game Dominance Guide', '{"ad duis amet","do","in nulla fugiat ex","amet quis ullamco","sit mollit eiusmod amet esse","pariatur consequat","nisi cupidatat ex sint","culpa incididunt duis"}', DEFAULT, DEFAULT), ('7992b22f-6c16-50ae-ae54-fd84bedb78e7', '9b1fc781-1e4e-56d2-bd68-0dc257a319c0', 14, 'public', 'Jungle Control Playbook', '{"fugiat voluptate eu","laborum","sint ut aute enim incididunt","dolore reprehenderit","do cillum nulla"}', DEFAULT, DEFAULT), ('eeb6a56c-bf20-5164-a9c4-2438947a1635', '811570ef-0b81-508d-ba05-2f5e812d4131', 11, 'public', 'Split Push Blueprint', '{}', DEFAULT, DEFAULT), ('ba263b84-62af-5be6-a1da-34f8a9b1c708', 'd297ab9e-40d4-51b5-bb8f-a1df399f1a9a', 18, 'public', 'Team Fight Execution Plan', '{"ex dolore id laborum"}', DEFAULT, DEFAULT), ('0eda511d-00fb-5edd-a94c-61620ced28e5', '4da5a34b-d621-539d-93ed-4bd842601284', 13, 'private', 'Defensive Turtle Tactics', '{"deserunt exercitation cupidatat ","consectetur ad ut deserunt","exercitation dolor veniam ad","Lorem exercitation"}', DEFAULT, DEFAULT), ('4a82ca5f-1296-51b0-9319-05459a439c92', 'cd7c291a-6d6e-5632-91e5-b7fd7a634d7d', 19, 'unlisted', 'Team Fight Execution Plan', '{"velit aliqua","ad exercitation ut ut tempor","est tempor","Lorem magna dolor"}', DEFAULT, DEFAULT), ('230e6990-91f4-5dc7-b6bc-229a44985e25', '3dbd7acc-a0c5-5607-8378-ec8dc206b269', 12, 'private', 'Gank Heavy Approach', '{"eiusmod ullamco dolor","ut mollit","sit fugiat in","nisi","Lorem id culpa"}', DEFAULT, DEFAULT), ('01a97da4-f21e-511b-9160-a834d5d7f82e', '19495f2f-99a6-5394-9596-a1d3fb0d3196', 13, 'unlisted', 'Split Push Blueprint', '{"elit","voluptate ex aliquip quis","exercitation ipsum","aliquip enim laborum","sunt incididunt amet","enim id aute aliqua","ad consequat consectetur irure","labore officia ullamco commodo"}', DEFAULT, DEFAULT), ('1c5613fb-a627-5391-a9ff-0cc49d9b395b', 'd1b8f3f8-af26-5088-8712-273c28ba98f7', 16, 'unlisted', 'Early Game Dominance Guide', '{"non consequat","irure ex ut","enim commodo culpa dolore cillum","sint ipsum ad","id culpa eu laboris","mollit voluptate anim elit id","ipsum id Lorem"}', DEFAULT, DEFAULT), ('69b55afa-a769-5eae-849b-0607118f6f38', 'cd7c291a-6d6e-5632-91e5-b7fd7a634d7d', 17, 'public', 'Aggressive Rush Strategy', '{"duis enim labore","labore eu sunt pariatur","ipsum consectetur id incididunt"}', DEFAULT, DEFAULT), ('5653d3f7-e466-5b59-9cc7-02634d975655', 'e4de1a09-bd9a-5e42-b92c-2cb1af28bec6', 20, 'unlisted', 'Wave Management Plan', '{"sit sint laborum duis","occaecat aute"}', DEFAULT, DEFAULT), ('11917a47-b89e-5663-8d37-049fe2bf5b34', '70dc5b0f-7d06-5f95-a4ee-16cc68f3a4b6', 12, 'unlisted', 'Late Game Scaling Strategy', '{}', DEFAULT, DEFAULT), ('c68ff46b-b1a9-581e-aa43-737e3b976580', '756cbb59-27d6-58f3-b4b9-8b56121e683f', 13, 'unlisted', 'Objective Focused Strategy', '{"aute dolore laboris","elit qui ad","esse ad","id culpa ex anim","pariatur aute amet voluptate pro"}', DEFAULT, DEFAULT), ('e8d13e33-32bc-5c1a-9371-8f828965d869', '3dbd7acc-a0c5-5607-8378-ec8dc206b269', 16, 'public', 'Early Game Dominance Guide', '{"occaecat deserunt nulla","in ea amet culpa deserunt","pariatur","fugiat amet adipisicing ullamco"}', DEFAULT, DEFAULT), ('79cca71d-1dd7-5b78-9e31-229bb9872504', '98eaafd3-adbf-5a3e-adb9-b3fb6971b6f1', 14, 'public', 'Wave Management Plan', '{"commodo aute","aliqua eu laborum occaecat"}', DEFAULT, DEFAULT), ('cdf1b1e3-61cd-52e6-b86e-eec98ea71e23', '3ff60d7a-a4ad-54c5-a422-53b52cd53093', 18, 'private', 'Siege Tactics Handbook', '{"tempor irure officia exercitatio","laborum anim aliquip laboris","ea amet dolore","in eu esse adipisicing sunt","enim proident dolore amet Lorem","aliquip sint anim Lorem"}', DEFAULT, DEFAULT), ('98ea8abd-4f3f-5750-b436-afb8aa79fb82', '09617df2-6261-5b47-bc30-85d317367d48', 17, 'private', 'Wave Management Plan', '{"voluptate fugiat culpa","irure","veniam elit","nostrud enim laboris","incididunt"}', DEFAULT, DEFAULT), ('bc227bd7-3214-5075-bca0-3f60046ac216', 'eb3795e9-0dc2-506f-818c-e81bf7149197', 14, 'unlisted', 'Map Control Blueprint', '{"incididunt","ullamco ullamco sint ex","ad voluptate nulla dolore sint"}', DEFAULT, DEFAULT), ('8fd84214-96a6-5d6c-8437-0646145f15a1', '3ff60d7a-a4ad-54c5-a422-53b52cd53093', 14, 'unlisted', 'Split Push Blueprint', '{"ut Lorem elit","irure esse nisi ut","ea"}', DEFAULT, DEFAULT), ('7b269807-4fdc-5847-8a5c-807ffa02f953', 'b64d0217-6a7b-5682-8927-676434f72be9', 20, 'public', 'Aggressive Rush Strategy', '{"quis cillum"}', DEFAULT, DEFAULT), ('cf8258c4-f278-5c75-a944-c2bcba526ad4', '882c7ae5-914f-539d-8207-691de536097f', 19, 'private', 'Objective Focused Strategy', '{"anim enim esse sit velit","excepteur aute culpa eiusmod ad","elit velit exercitation sint ame","cillum cupidatat non","occaecat quis","aliqua"}', DEFAULT, DEFAULT), ('2e51b4b0-68ac-5e21-94a2-b7afb1b16016', 'e4de1a09-bd9a-5e42-b92c-2cb1af28bec6', 13, 'unlisted', 'Objective Focused Strategy', '{"id cillum in dolore"}', DEFAULT, DEFAULT), ('6e9d8d45-1d4b-5cdd-92c5-76194015ba99', '91fa3874-9437-5dfa-a49a-f19fb38d9e92', 20, 'unlisted', 'Team Fight Execution Plan', '{"aliqua","velit ullamco","pariatur enim sit","mollit sunt mollit labore consec","exercitation do excepteur veniam","ex et nisi minim dolore","et et nisi eu","magna non tempor laborum","consectetur"}', DEFAULT, DEFAULT), ('fac7e894-3f38-5663-bc98-486c88732ea4', 'd9bba68a-079c-5141-bd43-756b87167584', 19, 'public', 'Objective Focused Strategy', '{"enim anim aliquip","ut"}', DEFAULT, DEFAULT), ('7d360079-2c18-5c6d-a1b8-85eb411ace3d', '29b47b7e-4cec-5d5a-b93d-172770b57ed6', 18, 'unlisted', 'Aggressive Rush Strategy', '{"proident culpa culpa eu","nostrud sunt reprehenderit","deserunt mollit","do duis qui","consequat magna in","eu culpa tempor eiusmod","qui esse nulla velit","sunt Lorem ut dolor","deserunt deserunt ad","amet deserunt"}', DEFAULT, DEFAULT), ('be194c18-6eee-5ff6-a117-608bade8a86e', '19495f2f-99a6-5394-9596-a1d3fb0d3196', 17, 'private', 'Vision Control Blueprint', '{"non excepteur commodo cupidatat ","culpa do"}', DEFAULT, DEFAULT), ('74297878-a21d-59b7-aced-265d4a9f30fa', 'ac9f0e3e-b030-584f-a8dd-87355fe22537', 20, 'public', 'Gank Heavy Approach', '{"reprehenderit voluptate id ea"}', DEFAULT, DEFAULT), ('a0c5fdb3-1581-541b-b560-7473e0935643', '438bff0e-fd50-5c86-89ee-d397a0c0e548', 12, 'unlisted', 'Jungle Control Playbook', '{"pariatur tempor eiusmod est"}', DEFAULT, DEFAULT), ('5bf01130-69dd-5547-acc0-717bf1395fda', '92ce3cad-bd68-55a2-9017-d27d51e2e007', 20, 'unlisted', 'Vision Control Blueprint', '{"commodo non ex nisi","quis","eu","nostrud duis nulla"}', DEFAULT, DEFAULT), ('1e052062-4999-589c-af48-bc4a3df69d05', 'cfbfd1d4-e77f-57e5-94da-e9ff2cc7a996', 18, 'private', 'Secure Objective Playbook', '{"laboris nulla ea tempor","ex anim","esse voluptate","aliqua mollit veniam commodo","duis enim nostrud","nulla"}', DEFAULT, DEFAULT), ('38b49ca8-b50c-5e98-af9e-9c3898d28f8f', 'a3141029-aec2-543b-b18a-49fe947e3304', 19, 'private', 'Aggressive Rush Strategy', '{"irure incididunt sint labore","occaecat"}', DEFAULT, DEFAULT), ('9b261f2f-f0b0-57c3-9c3a-156a89bfc9aa', '36f6f3ba-e867-5008-b6c1-829e989f9d2f', 17, 'unlisted', 'Secure Objective Playbook', '{"nostrud laborum nostrud","aute laboris","cillum laborum velit do","deserunt ea non","ea fugiat"}', DEFAULT, DEFAULT), ('2d9d0644-e0d8-5f5d-84c2-071cd2c099ce', '09617df2-6261-5b47-bc30-85d317367d48', 11, 'public', 'Defensive Turtle Tactics', '{"aliquip mollit esse consectetur","dolor deserunt aliquip","irure anim elit do"}', DEFAULT, DEFAULT), ('b8c7a039-d039-57f7-bd1e-253b05ef8c03', '756cbb59-27d6-58f3-b4b9-8b56121e683f', 12, 'private', 'Vision Denial Blueprint', '{"voluptate officia sit","Lorem dolor","qui cillum minim","pariatur","tempor quis","ex culpa pariatur cillum","nulla culpa","esse","dolore commodo consequat duis","quis cillum esse"}', DEFAULT, DEFAULT), ('110d19c8-9e0d-5f75-a721-b94eb9080526', '811570ef-0b81-508d-ba05-2f5e812d4131', 12, 'private', 'Objective Focused Strategy', '{"aute deserunt","culpa","elit cillum labore laborum","est veniam culpa tempor","eu commodo","nulla dolor voluptate","proident officia"}', DEFAULT, DEFAULT), ('09923517-e55a-5deb-98cb-d64b27c0ab72', '3dbd7acc-a0c5-5607-8378-ec8dc206b269', 19, 'unlisted', 'Baron Control Strategy', '{"qui duis eiusmod proident do","ad pariatur dolor","excepteur aute officia consectet"}', DEFAULT, DEFAULT), ('e5bd85d5-1f62-5598-9176-4bfd393badbe', 'cd7c291a-6d6e-5632-91e5-b7fd7a634d7d', 14, 'public', 'Vision Denial Blueprint', '{"enim mollit dolor occaecat sunt","laboris dolore","elit velit qui","esse culpa ullamco","anim laborum adipisicing laborum"}', DEFAULT, DEFAULT), ('e8eb7547-d359-5d88-afb0-cca98349d023', 'b64d0217-6a7b-5682-8927-676434f72be9', 18, 'public', 'Counter Pick Blueprint', '{"cupidatat adipisicing veniam","excepteur dolore aliqua","non aliquip aliqua quis","deserunt","sunt qui labore"}', DEFAULT, DEFAULT), ('0e4135c9-4c74-5717-9ee1-cbbb37873838', '36f6f3ba-e867-5008-b6c1-829e989f9d2f', 20, 'public', 'Team Fight Execution Plan', '{"id et exercitation ex magna"}', DEFAULT, DEFAULT), ('eb9d24ec-f15e-5e4f-870e-dd537efcd168', '92ce3cad-bd68-55a2-9017-d27d51e2e007', 11, 'private', 'Counter Pick Blueprint', '{"consectetur nisi ipsum sunt","deserunt ea","non minim mollit fugiat","anim mollit esse Lorem","occaecat ipsum eu","tempor velit mollit ea occaecat","tempor duis"}', DEFAULT, DEFAULT), ('688a2e3c-848e-5787-bd83-705a15229924', '70dc5b0f-7d06-5f95-a4ee-16cc68f3a4b6', 13, 'unlisted', 'Counter Pick Blueprint', '{"ad labore","velit ipsum dolor","in commodo ut incididunt","pariatur cillum","do esse sunt elit et","proident veniam ad","ut ea incididunt consectetur ut","eu"}', DEFAULT, DEFAULT), ('a042a037-2e40-50ce-ae48-3f063c3067bb', 'e4de1a09-bd9a-5e42-b92c-2cb1af28bec6', 18, 'unlisted', 'Roaming Support Plan', '{"ea incididunt","ex laboris elit","eu commodo","voluptate","nostrud ad","sint commodo mollit","sint laboris elit ex"}', DEFAULT, DEFAULT), ('cb4eaa5a-1f18-571e-9566-4c1753ad9134', '9a184097-b9bc-5f22-ba40-6c62e83423ab', 14, 'private', 'Vision Control Blueprint', '{"cupidatat cillum fugiat","laboris aliqua","anim ipsum est excepteur","laborum in irure","consectetur fugiat qui","aliquip proident","est ad aliqua eu tempor","proident"}', DEFAULT, DEFAULT), ('2076216c-1b19-5f7f-b10d-db3cae2b4567', 'b32027db-33da-5dc2-b906-e0c2a06ac683', 14, 'private', 'Defensive Turtle Tactics', '{"ex cupidatat dolor nisi","elit qui Lorem","consequat elit officia veniam","sit non cillum consequat"}', DEFAULT, DEFAULT), ('a0bd7980-cac4-5ded-adc5-004548282723', 'e4de1a09-bd9a-5e42-b92c-2cb1af28bec6', 12, 'unlisted', 'Vision Control Blueprint', '{"ex","ad","laboris non velit sunt laborum","commodo nulla","incididunt non","adipisicing ullamco pariatur qui","in in laboris sit duis","aliqua amet occaecat"}', DEFAULT, DEFAULT), ('e94657cc-5d4a-53ce-8902-19b99712c3c6', '8a0a556f-d942-55f0-8ba8-1ffbfaf3c6d9', 12, 'unlisted', 'Vision Control Blueprint', '{"fugiat pariatur enim","reprehenderit sint adipisicing","ea labore quis","duis deserunt","id velit sint","magna","consectetur"}', DEFAULT, DEFAULT), ('cdee6d23-791e-5a74-aba4-6e6c1b3863e7', '09617df2-6261-5b47-bc30-85d317367d48', 14, 'unlisted', 'Baron Control Strategy', '{"proident cillum","adipisicing nostrud","laborum mollit id","nulla veniam reprehenderit minim"}', DEFAULT, DEFAULT), ('d5a4641d-8cbb-5fd0-89e3-ac12979b690c', '549980e7-3e77-5d76-b263-84664d04b209', 14, 'unlisted', 'Secure Objective Playbook', '{"nostrud ex","Lorem non incididunt velit","dolore occaecat sit","incididunt ipsum","voluptate deserunt veniam","aliquip sint mollit reprehenderi"}', DEFAULT, DEFAULT), ('ab58f5b2-4308-5685-a477-a4b54637b2a0', '9b1fc781-1e4e-56d2-bd68-0dc257a319c0', 11, 'unlisted', 'Roaming Support Plan', '{"cupidatat sint consequat cillum","sint ad","ut in eu veniam","incididunt qui","ad non","nulla Lorem","exercitation aliqua sunt id cill","velit ex incididunt incididunt d"}', DEFAULT, DEFAULT), ('025da8e7-6d47-53be-9689-b0604284733b', '549980e7-3e77-5d76-b263-84664d04b209', 18, 'unlisted', 'Gank Heavy Approach', '{"do duis"}', DEFAULT, DEFAULT), ('cfc01e92-0e9c-5f58-b116-ac73af2ff344', '3dbd7acc-a0c5-5607-8378-ec8dc206b269', 19, 'private', 'Baron Control Strategy', '{"magna nulla pariatur","ut elit officia","enim mollit incididunt","in pariatur mollit","ad sunt","nisi elit exercitation","nulla commodo dolore exercitatio","nostrud cupidatat eu laborum"}', DEFAULT, DEFAULT), ('6c7a0737-5d09-56f1-9a60-9ca811b68d40', 'b64d0217-6a7b-5682-8927-676434f72be9', 16, 'public', 'Late Game Scaling Strategy', '{"eiusmod sit esse","veniam duis","officia et","enim"}', DEFAULT, DEFAULT), ('b74b781d-f3ca-5ce2-a262-c20f23455d05', 'ac9f0e3e-b030-584f-a8dd-87355fe22537', 11, 'private', 'Team Fight Execution Plan', '{"aliqua occaecat laboris","excepteur pariatur tempor adipis","deserunt enim nostrud","eu occaecat amet quis ex","exercitation sit exercitation eu","qui labore","consequat Lorem","sit et irure"}', DEFAULT, DEFAULT), ('ae76c1cf-66c9-5bf7-8fc8-d1e1260ab8bd', 'eda91f04-12ef-5904-88aa-e6ed9a692e03', 14, 'public', 'Jungle Control Playbook', '{"id aute consequat","officia commodo veniam","veniam","labore elit ea do","elit duis mollit","cillum ea esse","et esse occaecat magna","consectetur nulla","eiusmod proident","ea occaecat"}', DEFAULT, DEFAULT), ('3267d96d-4a33-5c13-9ef8-eb9652f76262', 'a88bc9b9-135e-55c7-8c4c-5a072a3c8573', 15, 'public', 'Late Game Scaling Strategy', '{"eiusmod","et in sit aliqua"}', DEFAULT, DEFAULT), ('272ce823-3f81-5671-93a8-93655178aa67', '9bf2ad50-cccb-50eb-8269-3a7e78bd21f5', 19, 'unlisted', 'Counter Pick Blueprint', '{"consequat"}', DEFAULT, DEFAULT), ('0cd365ac-6479-5889-b532-b02ce5d93b9f', '2589cf16-4103-5a4f-b544-b30078083eaa', 11, 'unlisted', 'Wave Management Plan', '{"quis sunt elit","occaecat voluptate et","in in adipisicing","sit","incididunt cupidatat nostrud pro"}', DEFAULT, DEFAULT), ('d1c31a1f-140d-5b01-95f7-3fc15003186c', '98eaafd3-adbf-5a3e-adb9-b3fb6971b6f1', 12, 'public', 'Baron Control Strategy', '{"velit dolor est","ex do aliquip fugiat","id voluptate proident in","Lorem velit incididunt duis","tempor culpa","ex duis duis","ullamco occaecat","aliqua","labore"}', DEFAULT, DEFAULT), ('139e14ed-bbf1-5d48-a6cc-84c72c891164', 'b5605791-3389-56c2-9ec6-17d538b9bb85', 14, 'unlisted', 'Jungle Control Playbook', '{"qui","adipisicing dolore magna cillum","incididunt excepteur","enim consequat"}', DEFAULT, DEFAULT), ('586f1ac8-f524-5f8c-88e2-184c02d5ef6d', 'eda91f04-12ef-5904-88aa-e6ed9a692e03', 20, 'private', 'Aggressive Rush Strategy', '{"adipisicing esse","ullamco ad consectetur","proident","est aliqua","magna dolore proident","esse minim","labore tempor mollit tempor","in ut cillum"}', DEFAULT, DEFAULT), ('62075432-2441-5ae8-a3d3-0c53f1490707', '91fa3874-9437-5dfa-a49a-f19fb38d9e92', 16, 'public', 'Vision Denial Blueprint', '{"non quis eiusmod amet","nostrud in","eu aliquip deserunt","est ullamco ipsum","occaecat sunt","eiusmod qui anim enim","voluptate"}', DEFAULT, DEFAULT), ('7e2a3012-f429-5959-8e79-e27f888f9ce7', 'f4b5542b-ba61-519e-a8d2-5793282ad487', 13, 'public', 'Baron Control Strategy', '{"labore nisi deserunt adipisicing","laboris in quis","cillum consectetur Lorem ad sit","aute consequat fugiat","amet commodo irure nulla","dolore","sint sit ex est et"}', DEFAULT, DEFAULT), ('b8821e56-73f0-54d5-b485-728d64492250', '811570ef-0b81-508d-ba05-2f5e812d4131', 13, 'private', 'Gank Heavy Approach', '{"commodo ea","quis culpa ut","officia consequat cupidatat non ","sint velit velit nulla velit","ex officia","incididunt","cillum occaecat excepteur","reprehenderit adipisicing ea lab","ut ex id","ex commodo do est"}', DEFAULT, DEFAULT), ('41c6ea7f-18a9-55e6-b2ba-f0f4f40a17bf', '2d1d7734-be70-5d07-a538-e76c6cae722e', 13, 'unlisted', 'Siege Tactics Handbook', '{"cillum Lorem duis qui eiusmod","sint ad enim quis"}', DEFAULT, DEFAULT), ('6071eb55-6bca-516b-b2e7-cdcdc70b2f27', '36f6f3ba-e867-5008-b6c1-829e989f9d2f', 14, 'private', 'Rotation Strategy Document', '{"sint est tempor","occaecat ullamco voluptate sit","nulla laborum qui","mollit excepteur est","eiusmod Lorem et irure","voluptate aliquip velit ut"}', DEFAULT, DEFAULT), ('d7cdb9d2-07a6-5208-bc43-84429587c78d', '8a0a556f-d942-55f0-8ba8-1ffbfaf3c6d9', 14, 'private', 'Gank Heavy Approach', '{"eiusmod est mollit eu mollit","reprehenderit velit voluptate","non anim","duis mollit fugiat consectetur l","adipisicing mollit aliquip","ex","eiusmod nisi","ad"}', DEFAULT, DEFAULT), ('edba76b8-16c2-5d65-8407-7c8846b18c8d', '438bff0e-fd50-5c86-89ee-d397a0c0e548', 19, 'private', 'Defensive Turtle Tactics', '{"magna eiusmod commodo commodo fu","voluptate reprehenderit nulla","irure sit","quis est consequat nostrud"}', DEFAULT, DEFAULT), ('4961b154-685f-5c2d-b1f1-598100239ea4', '882c7ae5-914f-539d-8207-691de536097f', 12, 'public', 'Early Game Dominance Guide', '{"irure ad nulla","ea in mollit","fugiat aliqua esse","minim culpa fugiat","qui voluptate labore aliquip","duis occaecat"}', DEFAULT, DEFAULT), ('81b648c1-576c-5086-ba4f-2125060d9cf0', '811570ef-0b81-508d-ba05-2f5e812d4131', 16, 'unlisted', 'Siege Tactics Handbook', '{"exercitation quis fugiat","eiusmod adipisicing minim id","Lorem consectetur","esse aute duis","sint ad","labore sit Lorem","sint proident culpa","ut amet"}', DEFAULT, DEFAULT), ('edcc20e9-95a3-50eb-b84c-a2ac5801dd1f', '8b7e423b-b9b9-5b3c-bf3d-1aa45d16235c', 17, 'private', 'Objective Focused Strategy', '{}', DEFAULT, DEFAULT), ('0f7963e1-2931-5603-b1f8-5f29e095a36f', 'e4de1a09-bd9a-5e42-b92c-2cb1af28bec6', 18, 'private', 'Aggressive Rush Strategy', '{"mollit","cupidatat labore quis aliquip eu","exercitation reprehenderit volup","aliqua magna eiusmod sint","tempor nulla","id adipisicing do pariatur sint","ex exercitation"}', DEFAULT, DEFAULT), ('d90cf80e-490d-5c8c-85cc-9c761060fca5', '70dc5b0f-7d06-5f95-a4ee-16cc68f3a4b6', 19, 'public', 'Defensive Turtle Tactics', '{"non reprehenderit irure minim qu","occaecat ad proident anim","voluptate aliquip non"}', DEFAULT, DEFAULT), ('84a00f8f-8f65-512e-a89a-396ebb944774', '4da5a34b-d621-539d-93ed-4bd842601284', 20, 'unlisted', 'Counter Pick Blueprint', '{"non irure","voluptate cillum","est et deserunt deserunt","tempor est","laborum quis dolor occaecat","duis","in cillum quis"}', DEFAULT, DEFAULT), ('24530daa-18f4-5736-824e-740b98d86f84', '9b1fc781-1e4e-56d2-bd68-0dc257a319c0', 18, 'public', 'Objective Focused Strategy', '{"irure enim exercitation","excepteur","est sit ut","sit proident culpa","aliqua ipsum velit","cillum","eiusmod fugiat est qui","dolore proident","aute"}', DEFAULT, DEFAULT), ('cef44dbb-01f1-53f9-a51f-bce20b8c9729', '2589cf16-4103-5a4f-b544-b30078083eaa', 15, 'private', 'Gank Heavy Approach', '{"nulla laboris elit","ad aliquip ex","cupidatat mollit culpa","adipisicing velit veniam amet","mollit nisi dolor aliqua"}', DEFAULT, DEFAULT), ('2f432e43-c578-5d3f-a9f6-658650551fe1', 'a88bc9b9-135e-55c7-8c4c-5a072a3c8573', 17, 'public', 'Vision Denial Blueprint', '{"culpa","enim deserunt","labore officia veniam","in occaecat","incididunt culpa dolor"}', DEFAULT, DEFAULT), ('9e0ad23d-bafe-536b-a992-47ea353cf3b5', '91434b27-2651-5429-8f42-45c3f8e334a0', 19, 'unlisted', 'Gank Heavy Approach', '{"adipisicing","veniam","id occaecat labore veniam"}', DEFAULT, DEFAULT), ('ba4f3542-9d48-574a-8df6-823d78106037', '756cbb59-27d6-58f3-b4b9-8b56121e683f', 15, 'public', 'Defensive Turtle Tactics', '{"non est","magna"}', DEFAULT, DEFAULT), ('d5920fa6-848e-5195-b671-9577ccf74a26', '4da5a34b-d621-539d-93ed-4bd842601284', 17, 'public', 'Roaming Support Plan', '{"ullamco ut pariatur occaecat dol","reprehenderit excepteur","sint quis ex fugiat","cupidatat culpa","sit cupidatat"}', DEFAULT, DEFAULT), ('60e1ec45-4b3f-5cd2-b9e9-a6fd50c32391', '9bf2ad50-cccb-50eb-8269-3a7e78bd21f5', 20, 'public', 'Vision Denial Blueprint', '{"laborum non qui nisi est","sint velit ut sit cupidatat","amet aliqua commodo ex"}', DEFAULT, DEFAULT), ('4152396c-eaf9-5aeb-9b7d-6c26ad4d722c', '811570ef-0b81-508d-ba05-2f5e812d4131', 18, 'unlisted', 'Defensive Turtle Tactics', '{"nulla excepteur reprehenderit in"}', DEFAULT, DEFAULT), ('82c66b9e-374b-5deb-960b-0b761f066806', '98b30307-7ea7-5b6c-b9e4-560fe08299de', 16, 'public', 'Late Game Scaling Strategy', '{"cupidatat sint enim","ut dolor sit esse","fugiat","minim nulla","id pariatur","nulla duis voluptate","magna eiusmod aute nulla","cupidatat est id","velit reprehenderit sunt aliqua "}', DEFAULT, DEFAULT), ('cb1a8444-be9e-581c-8a1e-9f0d5870d484', 'e4de1a09-bd9a-5e42-b92c-2cb1af28bec6', 11, 'public', 'Wave Management Plan', '{"consequat","elit occaecat sunt commodo incid","ad","in"}', DEFAULT, DEFAULT), ('b4086fbf-8b55-5b20-af96-270e53efd260', '2d1d7734-be70-5d07-a538-e76c6cae722e', 17, 'unlisted', 'Siege Tactics Handbook', '{"occaecat laborum","laborum adipisicing ea pariatur","anim ea sit tempor ullamco","ullamco","exercitation tempor","duis consequat","ullamco"}', DEFAULT, DEFAULT), ('7dc2a385-02fd-5e9e-8ca3-480d310ce988', 'b7a89d05-549f-565f-b631-b59097e91d1a', 12, 'unlisted', 'Late Game Scaling Strategy', '{"do nulla et nulla","consectetur"}', DEFAULT, DEFAULT), ('bd010a0a-cb39-59ee-8218-e7f775ac9a01', 'a5831e58-2fc9-5b59-970d-00c344a4eb18', 18, 'private', 'Counter Pick Blueprint', '{"excepteur velit proident","nulla nulla amet","magna adipisicing et voluptate u","consectetur","nostrud deserunt Lorem","ut ex duis","deserunt"}', DEFAULT, DEFAULT), ('eb100a5e-fbbc-5189-b323-e08ca1ddf4b2', 'eb3795e9-0dc2-506f-818c-e81bf7149197', 17, 'public', 'Map Control Blueprint', '{"ullamco est proident ea","exercitation irure","non ad","nisi ex","pariatur ullamco","non est"}', DEFAULT, DEFAULT), ('e43c6b3b-10fe-54f2-a09c-2f23976dbe42', '8b7e423b-b9b9-5b3c-bf3d-1aa45d16235c', 13, 'public', 'Counter Pick Blueprint', '{}', DEFAULT, DEFAULT), ('145f2d17-d2b0-59ee-98c0-d8b6d6c741cd', '9bf2ad50-cccb-50eb-8269-3a7e78bd21f5', 15, 'unlisted', 'Wave Management Plan', '{"ullamco adipisicing mollit dolor"}', DEFAULT, DEFAULT), ('27b7fc92-c399-5aec-bc43-ea4a7d41c984', 'd1b8f3f8-af26-5088-8712-273c28ba98f7', 17, 'unlisted', 'Gank Heavy Approach', '{"excepteur est ea ea","quis voluptate dolor do","ex culpa mollit ut","mollit nisi aliqua irure","mollit proident ut non","esse","sunt laborum et esse dolor","mollit incididunt laborum incidi"}', DEFAULT, DEFAULT), ('16e13bc2-bae9-5a1b-a23b-7f2503b73a03', 'cfbfd1d4-e77f-57e5-94da-e9ff2cc7a996', 15, 'private', 'Baron Control Strategy', '{}', DEFAULT, DEFAULT), ('fb9a721d-7da1-577d-a721-ae00139d250b', 'b32027db-33da-5dc2-b906-e0c2a06ac683', 19, 'unlisted', 'Aggressive Rush Strategy', '{"veniam irure eu","sunt et elit Lorem","quis laboris","ad","excepteur non adipisicing eu","do id","anim dolore aliquip magna","anim culpa et tempor","et"}', DEFAULT, DEFAULT), ('8514b549-2321-5223-bcae-362fbfc61c61', 'b32027db-33da-5dc2-b906-e0c2a06ac683', 11, 'private', 'Split Push Blueprint', '{"Lorem culpa amet labore","Lorem laboris","et est et nulla","sint voluptate elit","excepteur","proident duis enim culpa"}', DEFAULT, DEFAULT), ('8d222d98-29f0-5123-b99d-cc9f19493b20', 'a88bc9b9-135e-55c7-8c4c-5a072a3c8573', 18, 'public', 'Aggressive Rush Strategy', '{"nostrud voluptate","excepteur qui esse magna"}', DEFAULT, DEFAULT), ('5ba895cd-4107-5c9d-a9cb-bd2d24899776', '09617df2-6261-5b47-bc30-85d317367d48', 17, 'private', 'Vision Denial Blueprint', '{"sint Lorem laboris laborum","eiusmod ullamco anim","quis est","incididunt sit laborum","consectetur eiusmod sit","pariatur non","pariatur ipsum nisi","quis et Lorem"}', DEFAULT, DEFAULT), ('73b23aba-b5e2-5b24-b442-00922b22f275', 'f4b5542b-ba61-519e-a8d2-5793282ad487', 14, 'private', 'Jungle Control Playbook', '{"nostrud veniam veniam reprehende","reprehenderit do sunt eu","dolore pariatur aute sunt","aute non dolor","velit in velit laboris mollit","sit consequat consectetur","amet reprehenderit","sit dolore ad","qui consequat deserunt","veniam sint ipsum minim cillum"}', DEFAULT, DEFAULT), ('0e1a0168-a26a-5feb-9c91-7bd40d62afcc', '438bff0e-fd50-5c86-89ee-d397a0c0e548', 17, 'private', 'Map Control Blueprint', '{"anim amet Lorem consectetur","reprehenderit aliquip","minim voluptate","commodo est voluptate eu"}', DEFAULT, DEFAULT), ('9348bed0-a52a-59cd-98df-ed8ab48ba4f7', '549980e7-3e77-5d76-b263-84664d04b209', 16, 'private', 'Defensive Turtle Tactics', '{"id sint ut","nisi sunt","pariatur Lorem eiusmod","duis eiusmod","incididunt esse dolore","cillum ut","et fugiat elit esse","veniam ad ullamco nostrud","ex est irure sint mollit"}', DEFAULT, DEFAULT), ('1507f034-16ba-5219-b927-72f72394b9da', '549980e7-3e77-5d76-b263-84664d04b209', 20, 'unlisted', 'Wave Management Plan', '{"ea commodo","pariatur","nostrud culpa","minim non","ullamco quis et sunt","velit voluptate in","ut sunt culpa laborum","et mollit esse veniam","mollit fugiat officia"}', DEFAULT, DEFAULT), ('3d6517ba-6968-54c9-9934-5dca00f20f48', '98eaafd3-adbf-5a3e-adb9-b3fb6971b6f1', 18, 'private', 'Defensive Turtle Tactics', '{"sunt amet officia esse nisi","culpa deserunt nisi laboris","eu veniam","irure reprehenderit","ipsum","non"}', DEFAULT, DEFAULT), ('253eb1a7-6466-5751-bb80-ba728a9d5688', '09617df2-6261-5b47-bc30-85d317367d48', 20, 'public', 'Split Push Blueprint', '{}', DEFAULT, DEFAULT), ('84afba7a-f643-5519-b420-54d83f591e9d', '1e7e0bcb-4fc0-5d72-81a5-d67a74a13595', 15, 'unlisted', 'Roaming Support Plan', '{"duis ad laboris","duis ut","quis minim proident"}', DEFAULT, DEFAULT), ('59b35be9-9d21-5b79-8875-4954a08d7239', '70dc5b0f-7d06-5f95-a4ee-16cc68f3a4b6', 15, 'public', 'Late Game Scaling Strategy', '{"ullamco enim"}', DEFAULT, DEFAULT), ('b3ff9604-63d2-533f-8bbb-d5f0486381ad', '8a0a556f-d942-55f0-8ba8-1ffbfaf3c6d9', 15, 'unlisted', 'Rotation Strategy Document', '{"sint","commodo sunt","pariatur anim cillum","esse sunt","aliquip aliqua","sint aute veniam cupidatat molli"}', DEFAULT, DEFAULT), ('bcc899da-7629-5e0e-b560-5f5f6e7060e1', '2d1d7734-be70-5d07-a538-e76c6cae722e', 19, 'private', 'Counter Pick Blueprint', '{"tempor irure id pariatur ipsum","esse sit","cupidatat minim quis ullamco","magna","ex in Lorem","velit ea et adipisicing","eu non ad","tempor commodo do adipisicing","ex sunt quis"}', DEFAULT, DEFAULT), ('96dbca51-d731-5e2c-a3d4-62e8f0faa072', 'd9bba68a-079c-5141-bd43-756b87167584', 15, 'unlisted', 'Map Control Blueprint', '{"ad nisi"}', DEFAULT, DEFAULT), ('fc633e1f-14b8-590b-a0ba-c22147aaeeb4', '1d3f740a-8c60-5c1d-aa9e-3854a33c8e1d', 16, 'private', 'Secure Objective Playbook', '{"veniam do","laborum nisi amet","enim aliqua","fugiat sint esse voluptate","qui in","nostrud","aute consectetur id ex id","do"}', DEFAULT, DEFAULT), ('49af1081-9f3e-5569-af2e-1029eb808baf', 'b5605791-3389-56c2-9ec6-17d538b9bb85', 14, 'public', 'Late Game Scaling Strategy', '{"ex consectetur","exercitation reprehenderit nisi ","adipisicing labore et commodo","exercitation aliquip","nulla qui consequat","aliquip ut cupidatat ipsum"}', DEFAULT, DEFAULT), ('28c7fcd5-dc0b-528f-92f0-3e19e7b94b50', 'd9bba68a-079c-5141-bd43-756b87167584', 19, 'public', 'Gank Heavy Approach', '{"esse enim","excepteur deserunt fugiat","amet","elit incididunt culpa","mollit fugiat sint","velit ullamco duis in","enim et quis","laboris deserunt nostrud excepte","proident cillum"}', DEFAULT, DEFAULT), ('38780d0a-620c-5420-b84b-aa917e5db8c1', 'b32027db-33da-5dc2-b906-e0c2a06ac683', 11, 'unlisted', 'Aggressive Rush Strategy', '{"duis","est sunt occaecat","deserunt occaecat consequat cons"}', DEFAULT, DEFAULT), ('535c1e86-4fb0-59ea-8076-b54244994b61', '756cbb59-27d6-58f3-b4b9-8b56121e683f', 16, 'unlisted', 'Split Push Blueprint', '{"consectetur esse","nulla mollit","duis Lorem","proident ea excepteur voluptate ","nisi irure id sit in","elit ipsum culpa in","ipsum deserunt deserunt cupidata"}', DEFAULT, DEFAULT), ('5e181f1c-b93c-59a3-a161-c4d4e29f775e', '36f6f3ba-e867-5008-b6c1-829e989f9d2f', 14, 'unlisted', 'Secure Objective Playbook', '{"id laboris mollit ullamco","aute","nisi ea nostrud cupidatat Lorem","ea nulla fugiat","duis laboris dolor","in mollit est est","laboris est enim"}', DEFAULT, DEFAULT), ('0cd34502-daee-52d8-b8a4-7aa032065e8a', 'b7a89d05-549f-565f-b631-b59097e91d1a', 12, 'public', 'Objective Focused Strategy', '{"et","cillum laborum cupidatat","amet proident aliquip","aute","consequat non exercitation irure","consectetur"}', DEFAULT, DEFAULT), ('6c9b6808-e737-5f8f-b196-93c0598b34b9', '98eaafd3-adbf-5a3e-adb9-b3fb6971b6f1', 17, 'public', 'Roaming Support Plan', '{"duis ad","eu","Lorem ea sint duis","ex aliqua"}', DEFAULT, DEFAULT), ('f498173a-b4a1-5b37-ad0b-67596b4fe0ac', '8a0a556f-d942-55f0-8ba8-1ffbfaf3c6d9', 18, 'unlisted', 'Siege Tactics Handbook', '{"ex proident veniam","ut esse mollit nisi in","irure incididunt adipisicing vel","ad aute","amet cillum incididunt","cillum non non fugiat in","cillum amet id magna dolor","occaecat velit dolore id amet"}', DEFAULT, DEFAULT), ('b0d542cd-fe80-5cad-9bd6-a81d0ed1c2f4', 'b64d0217-6a7b-5682-8927-676434f72be9', 18, 'unlisted', 'Vision Control Blueprint', '{"tempor et ut","labore sunt","do dolore ad ex aliqua","nulla commodo qui ullamco","ipsum labore irure eiusmod","nulla culpa","commodo labore duis"}', DEFAULT, DEFAULT), ('cd506b7e-0f7c-526c-b650-bb799376c313', 'd19db439-c7e7-53a7-aa19-0db346180dc1', 12, 'unlisted', 'Gank Heavy Approach', '{"sunt id do","minim","elit minim ullamco","velit ad nostrud"}', DEFAULT, DEFAULT), ('d625f518-4ec3-51e2-95c0-6cf965668d68', 'f52ce409-f800-5a86-b4ed-ce1a99a8a6ae', 18, 'public', 'Wave Management Plan', '{"labore enim elit","pariatur sit dolor do","Lorem est minim incididunt sint","reprehenderit et proident"}', DEFAULT, DEFAULT), ('66b76653-1cc5-50ef-a109-c059c945f253', '4da5a34b-d621-539d-93ed-4bd842601284', 19, 'private', 'Team Fight Execution Plan', '{"irure reprehenderit elit exercit","eiusmod","officia dolore incididunt Lorem","aute ex cillum","non et sunt","amet et amet","aliquip","laborum esse eu est","cillum excepteur dolor incididun"}', DEFAULT, DEFAULT), ('a6dbcc80-e965-5682-9448-6a65a83787b3', 'd297ab9e-40d4-51b5-bb8f-a1df399f1a9a', 11, 'public', 'Roaming Support Plan', '{"culpa","excepteur exercitation in in ut"}', DEFAULT, DEFAULT), ('c4d9fc37-aa2c-5cf4-8cef-779723958882', 'd19db439-c7e7-53a7-aa19-0db346180dc1', 19, 'unlisted', 'Vision Control Blueprint', '{"veniam aute eiusmod pariatur","in","duis mollit magna laboris","id cillum cupidatat duis esse","enim cillum tempor","irure"}', DEFAULT, DEFAULT), ('cbdcc83c-77a1-5d75-ace8-183321930672', '91434b27-2651-5429-8f42-45c3f8e334a0', 13, 'private', 'Map Control Blueprint', '{"adipisicing anim officia","mollit non excepteur ex","esse voluptate cillum","sint qui","excepteur est do","nulla eiusmod culpa","dolore fugiat consequat"}', DEFAULT, DEFAULT), ('46b593cf-05b9-5316-ba74-ef4cf062dcc9', '4da5a34b-d621-539d-93ed-4bd842601284', 15, 'unlisted', 'Vision Control Blueprint', '{"irure sunt commodo consequat","consequat","tempor non cupidatat pariatur ir","sit"}', DEFAULT, DEFAULT), ('1770dbe6-c529-520b-a36c-454b023ccb2c', 'cd7c291a-6d6e-5632-91e5-b7fd7a634d7d', 16, 'public', 'Roaming Support Plan', '{}', DEFAULT, DEFAULT), ('65973815-006c-531b-b69f-bd5d086f7786', '438bff0e-fd50-5c86-89ee-d397a0c0e548', 18, 'unlisted', 'Wave Management Plan', '{"nostrud proident","aliquip et culpa laborum fugiat","proident eu voluptate dolor mini"}', DEFAULT, DEFAULT), ('0cd413aa-1a82-5832-9edb-17fd5c059a41', 'd297ab9e-40d4-51b5-bb8f-a1df399f1a9a', 20, 'private', 'Vision Denial Blueprint', '{"sunt laboris","ut voluptate dolore anim exercit","in veniam laborum","excepteur minim ipsum cillum","ut"}', DEFAULT, DEFAULT), ('5153bc7b-cd04-5c5e-83e9-7b7a5a1390e6', 'b32027db-33da-5dc2-b906-e0c2a06ac683', 14, 'public', 'Roaming Support Plan', '{"dolor"}', DEFAULT, DEFAULT), ('bd276dfa-2ddb-52c7-9feb-6d2cc281335e', '19495f2f-99a6-5394-9596-a1d3fb0d3196', 12, 'private', 'Map Control Blueprint', '{"sint exercitation ipsum commodo","incididunt consectetur cillum su","velit eiusmod","dolore commodo duis"}', DEFAULT, DEFAULT), ('12cafb5f-6adc-5f24-a738-9455dde3eb2a', '91fa3874-9437-5dfa-a49a-f19fb38d9e92', 12, 'public', 'Wave Management Plan', '{"sunt ex et ipsum","magna esse","irure nisi culpa aliquip","nostrud sint","irure eu reprehenderit officia l","quis aliqua dolor pariatur labor","aliquip","reprehenderit nostrud"}', DEFAULT, DEFAULT), ('e017f166-fa51-5fb5-af86-6fc41cad9674', '4da5a34b-d621-539d-93ed-4bd842601284', 12, 'private', 'Secure Objective Playbook', '{"tempor mollit pariatur mollit"}', DEFAULT, DEFAULT), ('544f27bb-a8e9-5b6b-8ec7-f1cfe91406e2', '6c52c1d9-13a4-51ef-ae51-1dacc4c14be9', 15, 'public', 'Wave Management Plan', '{"dolore aute dolor","ipsum voluptate in","sit","deserunt commodo","nisi do minim sit deserunt","id ut","exercitation laborum eiusmod par","do qui cillum enim velit"}', DEFAULT, DEFAULT), ('a704d0a7-ee9e-5aa5-bba9-aff3556d41a2', '92ce3cad-bd68-55a2-9017-d27d51e2e007', 15, 'private', 'Wave Management Plan', '{}', DEFAULT, DEFAULT), ('a758f3b0-169f-56a9-80db-acb9f3972464', '882c7ae5-914f-539d-8207-691de536097f', 12, 'public', 'Defensive Turtle Tactics', '{"anim","nisi magna incididunt aute","sit labore exercitation","quis nisi duis","quis","cupidatat pariatur pariatur cons","enim cupidatat nisi voluptate re","consectetur anim minim"}', DEFAULT, DEFAULT), ('1ebb07c2-9cc9-56df-b9e3-71837bafdca1', '92ce3cad-bd68-55a2-9017-d27d51e2e007', 15, 'unlisted', 'Early Game Dominance Guide', '{"ipsum qui eiusmod","reprehenderit cillum laborum tem","Lorem sit labore quis","laboris ipsum","irure","commodo aliqua duis ex"}', DEFAULT, DEFAULT), ('217c4ba5-3ca5-503f-8fcd-2cf91341f163', 'cd7c291a-6d6e-5632-91e5-b7fd7a634d7d', 19, 'public', 'Vision Control Blueprint', '{"excepteur aute voluptate labore","nulla minim nostrud","pariatur veniam anim","laboris","mollit culpa do nisi","laboris officia aute"}', DEFAULT, DEFAULT), ('63c64b00-d130-5928-b403-258ebdb17248', 'eb3795e9-0dc2-506f-818c-e81bf7149197', 19, 'private', 'Early Game Dominance Guide', '{"nisi aliqua amet","mollit consequat","commodo amet laboris","amet","non est fugiat","irure dolore occaecat labore","Lorem minim et amet","ea nostrud veniam reprehenderit","laboris velit duis occaecat","non"}', DEFAULT, DEFAULT), ('0deb1a0e-8f26-576f-af23-e26ef824ea0b', '3ff60d7a-a4ad-54c5-a422-53b52cd53093', 20, 'unlisted', 'Split Push Blueprint', '{"magna laborum","proident","magna sit officia sunt incididun","consequat dolor officia irure","minim laboris Lorem eiusmod dese"}', DEFAULT, DEFAULT), ('924718ca-0525-5af0-b71a-2560f2cc09a0', 'f4b5542b-ba61-519e-a8d2-5793282ad487', 18, 'public', 'Map Control Blueprint', '{"occaecat","aliqua dolor amet consequat","ullamco ut"}', DEFAULT, DEFAULT), ('877842c0-f0dc-575b-a7ad-30915aaaeebe', 'd9bba68a-079c-5141-bd43-756b87167584', 12, 'private', 'Secure Objective Playbook', '{"culpa proident aliqua","tempor cupidatat exercitation in","aute proident exercitation"}', DEFAULT, DEFAULT), ('ebce0b2a-b558-5f18-bddc-2af385fe3118', 'b32027db-33da-5dc2-b906-e0c2a06ac683', 15, 'unlisted', 'Baron Control Strategy', '{"duis sit elit cillum"}', DEFAULT, DEFAULT), ('67f00577-22b1-541a-b8eb-43f4241ec322', 'cd7c291a-6d6e-5632-91e5-b7fd7a634d7d', 12, 'private', 'Objective Focused Strategy', '{"est tempor occaecat","dolor officia deserunt Lorem","est ipsum ullamco","anim officia","sint et","id cupidatat eu","cillum","sint duis magna"}', DEFAULT, DEFAULT), ('5c1d9b7d-9f54-545c-ae19-f60dd5ff1d25', 'a3141029-aec2-543b-b18a-49fe947e3304', 13, 'unlisted', 'Aggressive Rush Strategy', '{"reprehenderit in ullamco volupta","aliqua qui qui","consequat nulla","ad ex amet","eu","sit commodo nostrud","duis Lorem"}', DEFAULT, DEFAULT), ('339c2395-3fcf-5f3b-90ec-90611b01fa37', '98b30307-7ea7-5b6c-b9e4-560fe08299de', 15, 'public', 'Early Game Dominance Guide', '{"velit anim pariatur","Lorem laboris","qui Lorem","nostrud","in Lorem","deserunt pariatur","consectetur commodo adipisicing"}', DEFAULT, DEFAULT), ('3e26da35-99ab-5fee-95a6-ca3120af490b', 'a88bc9b9-135e-55c7-8c4c-5a072a3c8573', 19, 'unlisted', 'Vision Control Blueprint', '{"anim excepteur magna","occaecat exercitation","elit nisi","exercitation dolor","proident aute minim"}', DEFAULT, DEFAULT), ('540a4921-798c-58f1-8dda-fbb9b912bb43', '9a184097-b9bc-5f22-ba40-6c62e83423ab', 20, 'unlisted', 'Vision Denial Blueprint', '{"reprehenderit irure irure elit"}', DEFAULT, DEFAULT), ('81b847bf-bc05-538e-bdc5-721f48634b78', '3dbd7acc-a0c5-5607-8378-ec8dc206b269', 12, 'unlisted', 'Gank Heavy Approach', '{"ullamco","et mollit deserunt sunt incididu","commodo tempor ut incididunt","ullamco exercitation sit eu","proident","fugiat veniam voluptate","aliquip occaecat mollit esse","magna Lorem nostrud","ut occaecat velit amet aliquip"}', DEFAULT, DEFAULT), ('2c9d2493-4412-5eae-aa39-69858c4bfd99', 'ac9f0e3e-b030-584f-a8dd-87355fe22537', 18, 'private', 'Gank Heavy Approach', '{"cillum elit non ea","nulla cillum","officia aute et","eu officia occaecat Lorem","nisi nisi consequat eiusmod offi","fugiat laboris"}', DEFAULT, DEFAULT), ('51ef9256-0eab-579a-868b-52c27ddf10e9', '6c52c1d9-13a4-51ef-ae51-1dacc4c14be9', 14, 'unlisted', 'Early Game Dominance Guide', '{"non dolor","ullamco consectetur consectetur ","irure commodo incididunt elit","labore"}', DEFAULT, DEFAULT), ('d6ceb82b-4af2-5d8a-96c1-8d6a9db93a31', '2589cf16-4103-5a4f-b544-b30078083eaa', 12, 'public', 'Aggressive Rush Strategy', '{"velit esse sint","incididunt deserunt eiusmod"}', DEFAULT, DEFAULT), ('01ae0a36-6172-5c0a-baff-6c1805e0976a', '36f6f3ba-e867-5008-b6c1-829e989f9d2f', 19, 'public', 'Wave Management Plan', '{"tempor","id","culpa consequat ex elit","eiusmod aliqua minim velit sint","aute","nisi dolore"}', DEFAULT, DEFAULT), ('df70af8b-9578-5bd7-9fd6-02ad92eaedca', '91434b27-2651-5429-8f42-45c3f8e334a0', 19, 'unlisted', 'Gank Heavy Approach', '{"occaecat sit aliqua enim id","irure excepteur aliqua","Lorem fugiat occaecat irure","mollit","sint duis do aute tempor"}', DEFAULT, DEFAULT), ('82fca927-01aa-5c29-8d7a-7a868f9ba6ea', 'cfbfd1d4-e77f-57e5-94da-e9ff2cc7a996', 15, 'public', 'Rotation Strategy Document', '{"amet velit amet consequat amet","mollit culpa excepteur sunt","anim nulla ut pariatur dolore","reprehenderit adipisicing dolor ","sunt est aliquip excepteur magna","ullamco magna"}', DEFAULT, DEFAULT), ('4e5550d4-d39a-56c3-8f19-971fdeeb787e', '9a184097-b9bc-5f22-ba40-6c62e83423ab', 14, 'unlisted', 'Vision Denial Blueprint', '{"aliquip mollit sint","minim eiusmod aliqua dolor","magna elit voluptate","adipisicing anim","eiusmod velit et","mollit amet","sunt laborum","non nulla esse","consequat dolore velit ex"}', DEFAULT, DEFAULT), ('83ec5ac5-8c23-5e38-8151-36af62098fff', 'cd7c291a-6d6e-5632-91e5-b7fd7a634d7d', 11, 'private', 'Siege Tactics Handbook', '{"velit ea voluptate mollit","labore mollit dolor","occaecat qui fugiat veniam incid","elit consectetur","deserunt commodo fugiat consecte","commodo laboris cupidatat"}', DEFAULT, DEFAULT), ('d1996167-52fb-5e4a-b849-75efada773e6', 'a88bc9b9-135e-55c7-8c4c-5a072a3c8573', 13, 'unlisted', 'Defensive Turtle Tactics', '{"labore excepteur aute cupidatat","aliqua ipsum cupidatat cupidatat","et adipisicing pariatur","sit esse ullamco","in","in ad laborum","quis veniam officia","nulla cupidatat","ad qui","tempor non"}', DEFAULT, DEFAULT), ('1818e464-6a87-5266-8677-c069741c3ab2', '09617df2-6261-5b47-bc30-85d317367d48', 17, 'unlisted', 'Vision Control Blueprint', '{"reprehenderit cillum ex","velit incididunt mollit","reprehenderit","sint","nostrud","duis tempor sint"}', DEFAULT, DEFAULT), ('13ebb239-29e1-53ff-93b0-d55e3db05a11', '8b7e423b-b9b9-5b3c-bf3d-1aa45d16235c', 11, 'unlisted', 'Baron Control Strategy', '{"reprehenderit id adipisicing cul","pariatur elit aliqua laborum"}', DEFAULT, DEFAULT), ('a0a63713-f2dd-56aa-98a3-f6a26bcae5b9', 'b64d0217-6a7b-5682-8927-676434f72be9', 20, 'unlisted', 'Jungle Control Playbook', '{"labore incididunt commodo dolore","dolor qui aliqua nostrud"}', DEFAULT, DEFAULT), ('4029bbad-86a6-5e60-a150-da0664c62b92', '9a184097-b9bc-5f22-ba40-6c62e83423ab', 12, 'private', 'Team Fight Execution Plan', '{"magna id id nulla officia","laborum sunt ut consequat","fugiat cillum","voluptate","sint commodo non sunt","elit veniam","dolore eu consectetur","ullamco in laborum","in qui labore velit"}', DEFAULT, DEFAULT), ('6636a6a8-3a2d-5862-bb24-3e77bffdb640', 'eda91f04-12ef-5904-88aa-e6ed9a692e03', 18, 'private', 'Wave Management Plan', '{"est excepteur","irure amet","aliqua","mollit consectetur aute adipisic","ex nulla","pariatur"}', DEFAULT, DEFAULT), ('4ba85443-f89e-5d68-8d4a-da572969b0dd', '3ff60d7a-a4ad-54c5-a422-53b52cd53093', 19, 'public', 'Split Push Blueprint', '{"ullamco et deserunt cupidatat","ad tempor","veniam exercitation ullamco ut","cupidatat nisi ex dolor","culpa nulla","sit dolore commodo laboris","occaecat eu laboris","dolore non","laboris cupidatat"}', DEFAULT, DEFAULT), ('55fbf0ae-1fd2-57d5-9884-2ceca8eef8f3', '91434b27-2651-5429-8f42-45c3f8e334a0', 13, 'unlisted', 'Team Fight Execution Plan', '{"dolor sunt"}', DEFAULT, DEFAULT), ('c91a5204-a47c-5f58-8042-f917f2facb4b', 'b64d0217-6a7b-5682-8927-676434f72be9', 19, 'public', 'Late Game Scaling Strategy', '{"nisi magna aliqua amet","consectetur exercitation anim","quis excepteur magna","anim non","est nostrud"}', DEFAULT, DEFAULT), ('fdca53a8-e101-5585-90b8-82f7d3c1fc24', '756cbb59-27d6-58f3-b4b9-8b56121e683f', 19, 'public', 'Jungle Control Playbook', '{"aliqua sit consectetur","ut id deserunt sunt","labore laborum labore","proident cillum adipisicing null","aliqua tempor est commodo","nostrud id id","ullamco mollit exercitation quis","fugiat exercitation qui dolore m"}', DEFAULT, DEFAULT), ('a76c18ad-af72-57b7-b165-f7757943d51e', '9b1fc781-1e4e-56d2-bd68-0dc257a319c0', 19, 'unlisted', 'Jungle Control Playbook', '{}', DEFAULT, DEFAULT), ('bf7ffe87-c4e2-5aa1-86f7-2fdfa8315ff6', '19495f2f-99a6-5394-9596-a1d3fb0d3196', 14, 'unlisted', 'Gank Heavy Approach', '{"amet adipisicing et sit ut","cupidatat consectetur dolor amet"}', DEFAULT, DEFAULT), ('764f06ba-b246-5c62-8e43-89fe991c749d', '2589cf16-4103-5a4f-b544-b30078083eaa', 15, 'public', 'Secure Objective Playbook', '{"nulla culpa commodo pariatur con","irure","occaecat","cupidatat occaecat sunt","aliqua qui","voluptate"}', DEFAULT, DEFAULT), ('229d48f9-9e17-5f91-bd2c-3f3cdbae28c1', '92ce3cad-bd68-55a2-9017-d27d51e2e007', 18, 'public', 'Counter Pick Blueprint', '{"Lorem velit ullamco","tempor proident","exercitation aliqua ex deserunt"}', DEFAULT, DEFAULT), ('505fdba9-c563-5897-bd99-f3fd7e6efb10', '438bff0e-fd50-5c86-89ee-d397a0c0e548', 13, 'private', 'Map Control Blueprint', '{"anim","sunt commodo duis consequat","fugiat ex ea","nisi esse"}', DEFAULT, DEFAULT), ('ad47e58b-6404-5eb4-b01c-1ab02b3af226', '3dbd7acc-a0c5-5607-8378-ec8dc206b269', 19, 'private', 'Gank Heavy Approach', '{"velit laboris nisi aliquip","eu veniam","aliquip duis nisi"}', DEFAULT, DEFAULT), ('4ae4f149-a1da-5a76-913f-5ea02c87f4e0', 'ac9f0e3e-b030-584f-a8dd-87355fe22537', 13, 'unlisted', 'Counter Pick Blueprint', '{}', DEFAULT, DEFAULT), ('a85217e5-f8d6-5dd0-996b-8464fa1021ff', 'b5605791-3389-56c2-9ec6-17d538b9bb85', 19, 'public', 'Counter Pick Blueprint', '{"laboris nostrud","et eiusmod laboris","quis","adipisicing do duis irure labore"}', DEFAULT, DEFAULT), ('b21411a7-0afc-5cf3-81fc-471ab95f5d8d', 'f4b5542b-ba61-519e-a8d2-5793282ad487', 18, 'unlisted', 'Vision Denial Blueprint', '{"velit nulla excepteur anim","et pariatur","ut pariatur","occaecat laborum officia","magna nulla proident incididunt","culpa non sit irure"}', DEFAULT, DEFAULT), ('d37fd98f-746a-582e-a0fc-de28d96e48c5', 'b5605791-3389-56c2-9ec6-17d538b9bb85', 11, 'public', 'Siege Tactics Handbook', '{"aliquip consequat aliqua","deserunt dolor veniam","do ad","cillum adipisicing"}', DEFAULT, DEFAULT), ('2dc53ff7-923f-50df-a732-82b60afbba2f', '36f6f3ba-e867-5008-b6c1-829e989f9d2f', 18, 'unlisted', 'Roaming Support Plan', '{"voluptate","eu proident Lorem in","ex exercitation do","amet velit","consectetur duis laborum"}', DEFAULT, DEFAULT), ('f9690101-a16f-5108-b391-78c9dba8aeee', '1e7e0bcb-4fc0-5d72-81a5-d67a74a13595', 16, 'unlisted', 'Late Game Scaling Strategy', '{"sint","nostrud","voluptate sint consectetur","officia deserunt","enim laboris duis exercitation","irure veniam veniam velit","aute ut","dolore minim","ad reprehenderit sunt proident"}', DEFAULT, DEFAULT), ('7441a375-e1c1-5111-b299-b73d6da10ca2', 'ca65e33b-de71-5d46-933a-849036127987', 12, 'unlisted', 'Vision Denial Blueprint', '{"dolor laboris tempor","culpa","veniam id nulla ex est","proident dolor exercitation"}', DEFAULT, DEFAULT), ('ca1d2bcf-5a98-5759-81b6-75e3ed47122a', 'd297ab9e-40d4-51b5-bb8f-a1df399f1a9a', 12, 'private', 'Objective Focused Strategy', '{"ea velit consequat","aliquip ullamco","nisi ipsum officia","cupidatat aliquip ex voluptate","Lorem occaecat occaecat","velit cupidatat","dolor incididunt deserunt except","anim enim duis"}', DEFAULT, DEFAULT), ('77b1dab4-a856-5c18-bb24-053f8869bc5b', '29b47b7e-4cec-5d5a-b93d-172770b57ed6', 14, 'private', 'Rotation Strategy Document', '{"voluptate quis officia velit eli"}', DEFAULT, DEFAULT), ('08b3c695-d6fb-54e4-9ef2-bf508a57adc1', '09617df2-6261-5b47-bc30-85d317367d48', 16, 'public', 'Aggressive Rush Strategy', '{"commodo proident","dolor tempor","veniam ipsum sunt","cillum excepteur","cillum incididunt nisi","laboris do","cillum ipsum aliqua eiusmod volu"}', DEFAULT, DEFAULT), ('7dc16d02-274a-5e7f-bc31-6af29982313f', '9bf2ad50-cccb-50eb-8269-3a7e78bd21f5', 17, 'private', 'Late Game Scaling Strategy', '{"deserunt esse consequat","elit elit","eu ipsum","proident officia reprehenderit"}', DEFAULT, DEFAULT), ('acad405c-f8e9-559b-bd11-e0ffc3bebca6', 'a88bc9b9-135e-55c7-8c4c-5a072a3c8573', 11, 'unlisted', 'Siege Tactics Handbook', '{"nulla commodo","proident elit dolor","laborum laboris cillum magna","do commodo officia laboris","occaecat quis adipisicing","proident incididunt et","nostrud","excepteur","pariatur dolore","do incididunt Lorem"}', DEFAULT, DEFAULT), ('16d95573-87cd-5d45-be45-e8a020ba40ac', '811570ef-0b81-508d-ba05-2f5e812d4131', 11, 'private', 'Counter Pick Blueprint', '{"duis nostrud eu fugiat","adipisicing culpa tempor","aliquip duis"}', DEFAULT, DEFAULT), ('5a993b43-eca0-563f-b6c9-fdd440759e85', '8b7e423b-b9b9-5b3c-bf3d-1aa45d16235c', 15, 'unlisted', 'Team Fight Execution Plan', '{"veniam est mollit veniam exercit","voluptate tempor","consectetur voluptate nisi","deserunt","duis sint nostrud anim","dolor ullamco","elit excepteur"}', DEFAULT, DEFAULT), ('f7bfc2c8-d52a-5806-97fd-77bd67d93b23', 'f52ce409-f800-5a86-b4ed-ce1a99a8a6ae', 13, 'unlisted', 'Counter Pick Blueprint', '{"nulla nostrud veniam","sint ullamco enim nulla labore","sunt eiusmod","anim Lorem","qui et culpa"}', DEFAULT, DEFAULT), ('748d5a8c-f2bf-5974-9c72-24f98b85813b', 'ac9f0e3e-b030-584f-a8dd-87355fe22537', 12, 'private', 'Defensive Turtle Tactics', '{"ut aliquip","proident amet ut cillum","laborum","consectetur mollit et aliqua","exercitation irure do id","dolore elit do labore"}', DEFAULT, DEFAULT), ('808d9117-ba04-5cb0-8827-639e2642b0ee', '2d1d7734-be70-5d07-a538-e76c6cae722e', 18, 'public', 'Team Fight Execution Plan', '{"deserunt do id nisi","consectetur aliquip labore","deserunt consectetur sunt laboru"}', DEFAULT, DEFAULT), ('e0185351-5b08-58b2-bd3e-c09965750112', 'ac9f0e3e-b030-584f-a8dd-87355fe22537', 19, 'public', 'Roaming Support Plan', '{"id aliqua et","velit","duis deserunt","minim pariatur aute et mollit"}', DEFAULT, DEFAULT), ('993f7ab3-9b54-5771-a99e-0c6d75a1f37d', 'd19db439-c7e7-53a7-aa19-0db346180dc1', 14, 'unlisted', 'Late Game Scaling Strategy', '{"exercitation est enim quis","minim","dolor pariatur consectetur ex","nisi nostrud","aliquip et in dolor","aliqua labore","culpa aliquip id culpa","nisi nisi occaecat","deserunt aute consequat"}', DEFAULT, DEFAULT), ('bdb5114a-76d3-5fe4-944c-043e7ebd99da', '91fa3874-9437-5dfa-a49a-f19fb38d9e92', 18, 'public', 'Baron Control Strategy', '{"ea deserunt et minim labore","culpa nisi","nisi irure"}', DEFAULT, DEFAULT), ('aa4964a1-4611-5528-9df9-ef170866214f', 'd297ab9e-40d4-51b5-bb8f-a1df399f1a9a', 13, 'unlisted', 'Baron Control Strategy', '{"deserunt quis","officia","consectetur"}', DEFAULT, DEFAULT), ('ec14513a-7d3c-5172-b68b-d531791ec9de', '2d1d7734-be70-5d07-a538-e76c6cae722e', 17, 'private', 'Aggressive Rush Strategy', '{"ex ea","dolor ea pariatur"}', DEFAULT, DEFAULT), ('a0f81f50-aa3d-5780-b485-a54fb7b7833a', '1e7e0bcb-4fc0-5d72-81a5-d67a74a13595', 20, 'private', 'Team Fight Execution Plan', '{"ea occaecat quis fugiat","nisi aliqua cillum","voluptate anim ipsum ipsum","veniam in sunt sit duis"}', DEFAULT, DEFAULT), ('aabd5608-e04b-5bd8-8d75-d004a1b17409', '3dbd7acc-a0c5-5607-8378-ec8dc206b269', 20, 'unlisted', 'Objective Focused Strategy', '{"tempor dolore exercitation deser"}', DEFAULT, DEFAULT), ('7bcc2b79-de31-5963-9cfd-559af77da3be', 'a3141029-aec2-543b-b18a-49fe947e3304', 18, 'unlisted', 'Wave Management Plan', '{"commodo commodo Lorem dolor sunt","fugiat excepteur minim deserunt ","laboris ut","nisi ad amet laboris","aliquip quis ex ex"}', DEFAULT, DEFAULT), ('b4293a01-a1be-5e58-a088-abc550c9f820', 'a88bc9b9-135e-55c7-8c4c-5a072a3c8573', 14, 'private', 'Early Game Dominance Guide', '{"et incididunt","ea","consequat nisi","exercitation ut pariatur irure","anim id ut velit","qui velit amet nostrud","non do eu do","sint"}', DEFAULT, DEFAULT), ('a97e2960-b385-5f99-88c2-9e562f32234e', '3ff60d7a-a4ad-54c5-a422-53b52cd53093', 17, 'public', 'Team Fight Execution Plan', '{"occaecat sunt ea et","et irure reprehenderit","tempor duis adipisicing adipisic","ex"}', DEFAULT, DEFAULT), ('db39a462-f36a-54ba-b38e-2fcf35273cba', 'eda91f04-12ef-5904-88aa-e6ed9a692e03', 13, 'private', 'Counter Pick Blueprint', '{"dolore cupidatat ut","et excepteur dolore","est amet pariatur proident repre","ad irure tempor"}', DEFAULT, DEFAULT), ('35dc016a-9edc-565d-923e-9bee9a60bd24', '549980e7-3e77-5d76-b263-84664d04b209', 14, 'public', 'Siege Tactics Handbook', '{"consectetur","ea magna reprehenderit sit","aliqua consequat consectetur min","mollit laborum","aliqua reprehenderit","occaecat eiusmod"}', DEFAULT, DEFAULT), ('61e4dc6c-b183-5c81-91cb-8dc622fd6913', '549980e7-3e77-5d76-b263-84664d04b209', 12, 'unlisted', 'Siege Tactics Handbook', '{}', DEFAULT, DEFAULT), ('b5df5eae-45e8-5f54-a8f9-351afabf5f65', '2589cf16-4103-5a4f-b544-b30078083eaa', 19, 'unlisted', 'Rotation Strategy Document', '{"amet fugiat aute officia","Lorem dolore sit sint","do"}', DEFAULT, DEFAULT), ('18aa22db-700e-5a8a-892c-5bf7b7da1bbf', 'b64d0217-6a7b-5682-8927-676434f72be9', 12, 'public', 'Aggressive Rush Strategy', '{"nisi nulla velit duis magna","mollit sint commodo ad quis","velit quis ullamco pariatur ut"}', DEFAULT, DEFAULT), ('7c9a7a2f-bf97-5fb7-9ff3-bb3e363fce60', '8a0a556f-d942-55f0-8ba8-1ffbfaf3c6d9', 12, 'unlisted', 'Gank Heavy Approach', '{"ullamco","exercitation velit occaecat mini","irure officia voluptate reprehen","velit consectetur culpa","mollit","duis laborum","est sunt cillum laboris","quis adipisicing","ad cillum aliqua et"}', DEFAULT, DEFAULT), ('93216013-7bd8-59b1-a3f0-b1087d4d7f00', '29b47b7e-4cec-5d5a-b93d-172770b57ed6', 17, 'public', 'Secure Objective Playbook', '{"nulla irure fugiat cupidatat"}', DEFAULT, DEFAULT), ('3e057cf2-df3a-50e5-82fa-e2dcf87ebd5a', '1d3f740a-8c60-5c1d-aa9e-3854a33c8e1d', 13, 'public', 'Secure Objective Playbook', '{"ea do","eiusmod nostrud","et excepteur cillum culpa","labore eiusmod","excepteur Lorem labore deserunt ","dolor tempor","dolore"}', DEFAULT, DEFAULT), ('e3f5f266-44d3-5096-b897-56678a5f974b', '4da5a34b-d621-539d-93ed-4bd842601284', 20, 'private', 'Vision Denial Blueprint', '{"dolore ea occaecat","laboris in","amet officia est","do irure","velit eu occaecat","anim velit","tempor do duis consequat","amet culpa consectetur occaecat","proident consectetur ullamco"}', DEFAULT, DEFAULT), ('ffbcf0c1-44bb-549f-ba50-18e1e874a611', '8a0a556f-d942-55f0-8ba8-1ffbfaf3c6d9', 13, 'private', 'Counter Pick Blueprint', '{"culpa adipisicing excepteur anim","magna veniam consectetur labore","occaecat reprehenderit","quis ex aliqua","minim dolore duis","deserunt consectetur","est","laboris qui","mollit cillum nisi magna ea"}', DEFAULT, DEFAULT), ('c4f414cf-451e-5497-88db-62020e3a0dc5', '19495f2f-99a6-5394-9596-a1d3fb0d3196', 12, 'private', 'Baron Control Strategy', '{"nulla ipsum id et","nulla","esse qui ad eiusmod excepteur","laborum esse veniam culpa","nulla fugiat sit reprehenderit","exercitation ad ullamco occaecat"}', DEFAULT, DEFAULT), ('a109823a-0d02-5064-b8ef-3186d6d08cb0', '91434b27-2651-5429-8f42-45c3f8e334a0', 11, 'private', 'Aggressive Rush Strategy', '{"pariatur magna","irure","nisi","sunt labore pariatur","nisi sunt","officia","ad ad fugiat","culpa","aliqua sunt occaecat"}', DEFAULT, DEFAULT), ('3e4b1eac-b214-5aaa-a7f0-29af8a5b2ce9', 'd9bba68a-079c-5141-bd43-756b87167584', 11, 'public', 'Rotation Strategy Document', '{"tempor exercitation","nulla dolore mollit","veniam","consectetur pariatur","esse eiusmod eiusmod dolor in","aute consectetur fugiat","labore eu pariatur"}', DEFAULT, DEFAULT), ('72819b1c-0a2a-5e86-b5bc-5741c2854f96', '756cbb59-27d6-58f3-b4b9-8b56121e683f', 12, 'private', 'Split Push Blueprint', '{"qui et ex","enim laboris sit in velit","incididunt est","ea dolor cillum aliqua","sunt ad elit sint"}', DEFAULT, DEFAULT), ('b5d7b26a-56f4-59fc-853e-1a1306ab6e95', '438bff0e-fd50-5c86-89ee-d397a0c0e548', 13, 'public', 'Objective Focused Strategy', '{"laboris Lorem","ipsum amet in adipisicing","tempor","reprehenderit et","mollit anim do ea"}', DEFAULT, DEFAULT), ('29365629-31e8-5e53-b1ae-ffdad1c2009e', '3dbd7acc-a0c5-5607-8378-ec8dc206b269', 14, 'unlisted', 'Jungle Control Playbook', '{"nostrud","irure quis fugiat","sit ut incididunt eu","veniam velit nostrud amet","voluptate et amet eu duis","exercitation commodo nulla irure","pariatur ea"}', DEFAULT, DEFAULT), ('ef9b1028-31e2-59d9-a64e-2a4d1686e96e', '91fa3874-9437-5dfa-a49a-f19fb38d9e92', 20, 'unlisted', 'Objective Focused Strategy', '{"ex","occaecat amet","magna amet nisi","sunt esse dolore","laboris occaecat","in esse","veniam excepteur"}', DEFAULT, DEFAULT), ('51f9c2fa-a6a8-5d1e-9ef8-efb89c34ee1c', '9a184097-b9bc-5f22-ba40-6c62e83423ab', 19, 'private', 'Split Push Blueprint', '{}', DEFAULT, DEFAULT), ('930338c0-ea8e-56fc-b2df-a68255a6182c', '549980e7-3e77-5d76-b263-84664d04b209', 17, 'private', 'Aggressive Rush Strategy', '{"ullamco exercitation sunt"}', DEFAULT, DEFAULT), ('14f0b4c0-9d33-5d68-85ae-cc3d31b6b19e', '756cbb59-27d6-58f3-b4b9-8b56121e683f', 16, 'public', 'Jungle Control Playbook', '{"in aliqua","Lorem veniam","officia","qui","minim nostrud quis occaecat","eiusmod pariatur tempor commodo ","laborum occaecat","cupidatat pariatur laboris"}', DEFAULT, DEFAULT), ('7c51f66f-cf81-571f-a65c-f571f1f39cc9', 'a3141029-aec2-543b-b18a-49fe947e3304', 20, 'private', 'Roaming Support Plan', '{"eu pariatur dolore","eiusmod reprehenderit","consequat mollit exercitation ea","labore ad Lorem","in laborum","culpa","enim","pariatur magna anim laboris","excepteur Lorem anim ipsum"}', DEFAULT, DEFAULT), ('764b9b2a-d477-5bff-a789-cba064ac71f8', '4da5a34b-d621-539d-93ed-4bd842601284', 14, 'public', 'Vision Control Blueprint', '{}', DEFAULT, DEFAULT), ('1125d49b-2ad6-5500-bd14-7e0649f5dd73', '8b7e423b-b9b9-5b3c-bf3d-1aa45d16235c', 12, 'unlisted', 'Team Fight Execution Plan', '{"ad dolor quis qui","magna non commodo","excepteur commodo quis officia","labore ipsum dolor","aliqua amet enim","nulla dolore","nostrud aliqua","sit"}', DEFAULT, DEFAULT), ('de1d5557-45c4-5747-8c2d-f8c09704db25', 'b64d0217-6a7b-5682-8927-676434f72be9', 13, 'private', 'Baron Control Strategy', '{"nulla consectetur","veniam","labore"}', DEFAULT, DEFAULT), ('dc2759a8-51ca-575d-9678-0ac64e900648', '9a184097-b9bc-5f22-ba40-6c62e83423ab', 20, 'private', 'Late Game Scaling Strategy', '{"cupidatat velit","in reprehenderit dolor","cillum qui","ullamco","adipisicing et nisi eiusmod","aliquip nulla laborum","aute in qui ipsum","pariatur et","exercitation magna minim","cillum proident aute aute aliqui"}', DEFAULT, DEFAULT), ('8c0ef303-3ae4-5fe5-b0be-ef1788ae8707', '2589cf16-4103-5a4f-b544-b30078083eaa', 12, 'public', 'Vision Control Blueprint', '{"esse proident","est","ex","ipsum mollit","ipsum ea nulla exercitation do","amet deserunt veniam ea","proident irure","aliquip"}', DEFAULT, DEFAULT), ('ddd094e1-b8f4-560e-b960-af5227a9b337', 'b64d0217-6a7b-5682-8927-676434f72be9', 14, 'unlisted', 'Map Control Blueprint', '{"consequat consectetur culpa exer","mollit officia enim ipsum","nostrud aliquip"}', DEFAULT, DEFAULT), ('4bd93d1d-9da0-508d-a30a-5cd1fe2e858d', '549980e7-3e77-5d76-b263-84664d04b209', 12, 'public', 'Baron Control Strategy', '{"reprehenderit magna","reprehenderit culpa commodo esse","veniam qui","elit culpa sint in sunt","quis dolor","consequat laboris ullamco","ad nostrud","ad aliquip","eu laborum"}', DEFAULT, DEFAULT), ('2d25022b-866c-584e-895d-11b8a727c08f', '8b7e423b-b9b9-5b3c-bf3d-1aa45d16235c', 18, 'public', 'Jungle Control Playbook', '{"Lorem mollit commodo","occaecat ut","amet dolor"}', DEFAULT, DEFAULT), ('8d4a5d0e-3ef8-5e54-ac1b-6a14acb1ad0e', '6c52c1d9-13a4-51ef-ae51-1dacc4c14be9', 19, 'private', 'Team Fight Execution Plan', '{"ex laboris","fugiat proident","ad","non aliquip et cillum"}', DEFAULT, DEFAULT), ('6b889196-1556-5eef-89c0-e7506a0ca45b', '09617df2-6261-5b47-bc30-85d317367d48', 11, 'public', 'Baron Control Strategy', '{"proident"}', DEFAULT, DEFAULT), ('e6b5025c-d432-567c-bc94-e80f642225ff', 'eb3795e9-0dc2-506f-818c-e81bf7149197', 17, 'public', 'Aggressive Rush Strategy', '{"amet magna nulla","enim et eu","incididunt pariatur qui","cillum aute sit Lorem sit","do proident nostrud","exercitation consectetur id sint","cupidatat voluptate ipsum et","officia consectetur"}', DEFAULT, DEFAULT), ('4d0eaa15-67e7-50e5-bd92-8596a8c41516', '8a0a556f-d942-55f0-8ba8-1ffbfaf3c6d9', 19, 'public', 'Jungle Control Playbook', '{"qui fugiat sint","dolore tempor veniam eiusmod rep"}', DEFAULT, DEFAULT), ('c2405ac9-0838-5ce8-a85b-e6db0fbe6c10', 'd297ab9e-40d4-51b5-bb8f-a1df399f1a9a', 17, 'unlisted', 'Early Game Dominance Guide', '{}', DEFAULT, DEFAULT), ('c8df1446-9b17-5687-8ff4-001003cfca37', '9b1fc781-1e4e-56d2-bd68-0dc257a319c0', 20, 'private', 'Jungle Control Playbook', '{"aliqua in","occaecat non excepteur sit","ea irure enim nostrud","aliquip amet"}', DEFAULT, DEFAULT), ('f706294d-163e-5aef-a517-eae489067781', 'd19db439-c7e7-53a7-aa19-0db346180dc1', 12, 'public', 'Counter Pick Blueprint', '{"adipisicing exercitation","elit amet do irure deserunt","sit sint pariatur exercitation e","cillum et","commodo mollit laborum","ea ipsum do occaecat","anim ipsum","officia ea consectetur","proident pariatur","amet ullamco mollit minim"}', DEFAULT, DEFAULT), ('bee3d023-7908-5b1b-a6e7-320078c804bf', '29b47b7e-4cec-5d5a-b93d-172770b57ed6', 11, 'private', 'Roaming Support Plan', '{"id dolore","veniam quis elit","dolor nostrud est","minim ut incididunt","ea"}', DEFAULT, DEFAULT), ('d607d7db-ee7a-57fa-b0f1-08a24201e561', '438bff0e-fd50-5c86-89ee-d397a0c0e548', 16, 'unlisted', 'Objective Focused Strategy', '{"ad culpa nostrud adipisicing","dolor sint labore ullamco","ad commodo","esse minim"}', DEFAULT, DEFAULT), ('6db5eb76-a4d8-59b2-8682-ac0a5dca423f', '92ce3cad-bd68-55a2-9017-d27d51e2e007', 15, 'public', 'Objective Focused Strategy', '{"anim dolor esse non do","consequat dolor amet reprehender"}', DEFAULT, DEFAULT), ('f0859c52-737d-58da-9c95-b804668a9ae6', '4da5a34b-d621-539d-93ed-4bd842601284', 12, 'public', 'Gank Heavy Approach', '{"laboris ad","Lorem et fugiat","nostrud qui mollit qui","ea qui eiusmod","velit deserunt irure et","ullamco in commodo"}', DEFAULT, DEFAULT), ('f843e0b1-5e16-5c9e-923e-e155f87b2422', '8a0a556f-d942-55f0-8ba8-1ffbfaf3c6d9', 19, 'unlisted', 'Aggressive Rush Strategy', '{"ut"}', DEFAULT, DEFAULT), ('971d3e7d-1fd1-5fd1-ba3a-0a99dda2cb04', '91fa3874-9437-5dfa-a49a-f19fb38d9e92', 18, 'public', 'Secure Objective Playbook', '{"minim non culpa ut","dolor esse aliqua laboris","mollit veniam nisi ad et","fugiat nisi reprehenderit commod","est mollit"}', DEFAULT, DEFAULT), ('51c6dab5-99f7-56c9-a820-7cfc76e25abf', '98b30307-7ea7-5b6c-b9e4-560fe08299de', 19, 'public', 'Early Game Dominance Guide', '{"deserunt consequat consectetur","nulla voluptate aute consequat","sunt Lorem excepteur","minim consequat","esse ullamco"}', DEFAULT, DEFAULT), ('88430d1c-f998-5183-ac05-d06b362a058a', '98b30307-7ea7-5b6c-b9e4-560fe08299de', 15, 'public', 'Map Control Blueprint', '{"amet fugiat reprehenderit enim","sit ullamco ipsum"}', DEFAULT, DEFAULT), ('fc959555-d183-544e-8cf6-52532b383f25', 'f4b5542b-ba61-519e-a8d2-5793282ad487', 20, 'private', 'Jungle Control Playbook', '{"occaecat qui","consequat magna","cupidatat in aliquip cupidatat","officia ipsum sunt do","deserunt proident qui","consequat duis Lorem proident"}', DEFAULT, DEFAULT), ('94935318-fc9b-5864-874e-912b663c75f7', '91fa3874-9437-5dfa-a49a-f19fb38d9e92', 20, 'private', 'Defensive Turtle Tactics', '{"proident tempor elit proident ad","mollit amet","sunt ex","minim ullamco aliqua enim","velit elit deserunt","duis occaecat voluptate sit","eiusmod adipisicing ipsum commod","minim consequat veniam laborum","excepteur occaecat nostrud ipsum","nulla reprehenderit ullamco"}', DEFAULT, DEFAULT), ('ea529f5a-add2-5f29-a44d-2a799c7ab051', 'eb3795e9-0dc2-506f-818c-e81bf7149197', 17, 'unlisted', 'Early Game Dominance Guide', '{"eu do sint dolore voluptate","aliqua ad eu","minim eu non culpa","aliquip nisi","adipisicing enim anim","aliqua commodo pariatur","laborum id aute esse","exercitation aliqua laboris do","amet"}', DEFAULT, DEFAULT), ('b2bd3c17-1864-5b1f-8d71-b6fe96b48ba6', '92ce3cad-bd68-55a2-9017-d27d51e2e007', 14, 'public', 'Early Game Dominance Guide', '{"ipsum aliquip esse ad","dolor ipsum","occaecat aliqua commodo","sit velit","veniam magna fugiat consectetur"}', DEFAULT, DEFAULT), ('a46777c9-6f34-5718-a195-68edd93e1d42', '882c7ae5-914f-539d-8207-691de536097f', 11, 'private', 'Split Push Blueprint', '{}', DEFAULT, DEFAULT), ('0f3df2fb-dd6e-55b9-9f86-0babb8fec748', 'b32027db-33da-5dc2-b906-e0c2a06ac683', 14, 'public', 'Vision Control Blueprint', '{"reprehenderit","magna id","qui proident","id aliquip cupidatat","amet dolore","mollit","fugiat irure"}', DEFAULT, DEFAULT), ('95bb7f47-209b-5f16-a018-19e8f23e6e16', '29b47b7e-4cec-5d5a-b93d-172770b57ed6', 15, 'public', 'Jungle Control Playbook', '{"sit adipisicing ullamco","nulla nisi id et","qui cillum","nulla reprehenderit dolore et es","do amet fugiat","pariatur aliqua culpa","et do proident","nulla"}', DEFAULT, DEFAULT), ('78959a88-41ee-5d40-85cb-71e22f4c47aa', '29b47b7e-4cec-5d5a-b93d-172770b57ed6', 16, 'public', 'Jungle Control Playbook', '{"sit nulla esse"}', DEFAULT, DEFAULT), ('a9e614f8-c87a-596e-bdaf-6e577865453e', 'f4b5542b-ba61-519e-a8d2-5793282ad487', 18, 'public', 'Siege Tactics Handbook', '{"nisi reprehenderit nisi","id dolor","laborum","officia est ipsum velit nulla","ullamco enim irure","officia exercitation","magna consequat cupidatat eiusmo","exercitation culpa commodo","magna non tempor esse reprehende","dolore deserunt"}', DEFAULT, DEFAULT), ('f80096a0-59ff-58f8-a58f-cd508cb0f33e', 'a5831e58-2fc9-5b59-970d-00c344a4eb18', 17, 'public', 'Defensive Turtle Tactics', '{"laboris fugiat","aute quis","pariatur esse sint laborum","sint","deserunt ullamco magna","esse culpa labore"}', DEFAULT, DEFAULT), ('a444e395-f85a-5fcf-904b-e713df3a17f6', 'b32027db-33da-5dc2-b906-e0c2a06ac683', 18, 'public', 'Siege Tactics Handbook', '{"ipsum minim ad aliquip","dolor eu pariatur do","amet deserunt aliqua","exercitation","minim nisi aute fugiat","anim aliquip","labore aliqua veniam tempor","Lorem"}', DEFAULT, DEFAULT);
INSERT INTO public.member_role (id,name,flags) VALUES (4, 'owner', 511), (5, 'editor', 23), (6, 'viewer', 1);
SELECT setval('"public"."member_role_id_seq"'::regclass, (SELECT MAX("id") FROM "public"."member_role"));
