INSERT INTO public.game (id,name,alias,icon,hidden,metadata,created_at) VALUES (1, 'Do Voluptate', 'NBA2K', 'https://svgshare.com/i/15iw.svg', 'f', DEFAULT, DEFAULT), (2, 'Dolor', 'NBA2K', 'https://svgshare.com/i/15iw.svg', 'f', DEFAULT, DEFAULT), (3, 'Proident Lorem', 'GTA', 'https://svgshare.com/i/15iw.svg', 'f', DEFAULT, DEFAULT), (4, 'Lorem Adipisicing', 'PUBG', 'https://svgshare.com/i/15iw.svg', 'f', DEFAULT, DEFAULT), (5, 'Laboris', 'Overw', 'https://svgshare.com/i/15iw.svg', 'f', DEFAULT, DEFAULT);
SELECT setval('"public"."game_id_seq"'::regclass, (SELECT MAX("id") FROM "public"."game"));
INSERT INTO public.team (id,name,plan_id,game_id,created_at,updated_at) VALUES ('7c2c4732-09c1-5f7b-87ca-c53e7497b4ef', 'Incididunt Eu Incidi', NULL, 2, DEFAULT, DEFAULT), ('f50563b6-8532-51ec-b121-d8c6bca3e897', 'Elit Anim', NULL, 1, DEFAULT, DEFAULT), ('f1bf295c-195b-5a42-9c6b-5bfa14b58307', 'Cillum Cillum Magna ', NULL, 2, DEFAULT, DEFAULT), ('e0eebbc8-63c9-5fee-b088-b3310b672c35', 'Amet Exercitation An', NULL, 1, DEFAULT, DEFAULT), ('1c17c04a-19f5-5c48-8b6b-48fe02257ffb', 'In Sit Enim', NULL, 1, DEFAULT, DEFAULT), ('a2996c99-b8bb-5bf6-b789-844e821ceb82', 'Minim Duis Qui', NULL, 4, DEFAULT, DEFAULT), ('5d016028-a6a3-5268-91a3-91021dbfda0a', 'Esse Consequat Paria', NULL, 5, DEFAULT, DEFAULT), ('b279891e-05aa-528b-867b-dd6fe5fa77c8', 'Reprehenderit Duis', NULL, 3, DEFAULT, DEFAULT), ('ff53868f-9940-575d-8fa8-923808f93a53', 'Anim Officia Ipsum', NULL, 5, DEFAULT, DEFAULT), ('8172203a-00e7-5e0e-919b-2970e0d891df', 'Sint Est Incididunt', NULL, 3, DEFAULT, DEFAULT), ('7b5ee10b-959f-565b-9dac-a4bab4f6c6bf', 'Excepteur Ex', NULL, 1, DEFAULT, DEFAULT), ('38400370-0369-5239-8b08-499aef0591ef', 'Sint Esse Cupidatat', NULL, 5, DEFAULT, DEFAULT), ('77394b64-1ec1-5043-8dc3-08f9200521d4', 'Aliqua Consectetur P', NULL, 3, DEFAULT, DEFAULT), ('56ea9a57-3786-5a49-9700-501eb57a1328', 'In Quis', NULL, 4, DEFAULT, DEFAULT), ('731fb763-1773-5758-b8dd-d75381b0e72a', 'Aliquip Adipisicing ', NULL, 2, DEFAULT, DEFAULT), ('5e20f9a8-7b26-5a5f-8426-6b12c182d23c', 'Ex Velit', NULL, 2, DEFAULT, DEFAULT), ('53fe0e9e-3358-5722-b994-4faad8733cd3', 'Officia Reprehenderi', NULL, 1, DEFAULT, DEFAULT), ('e4834379-a7a0-5f41-8193-f598072b1c83', 'Excepteur Eu', NULL, 5, DEFAULT, DEFAULT), ('a9f91eda-269f-54d0-83de-05f0c2ecbf08', 'Non Aute', NULL, 4, DEFAULT, DEFAULT), ('c0062d28-74ce-56b0-8124-852c5c4cdd1f', 'Do Dolore Pariatur', NULL, 4, DEFAULT, DEFAULT), ('a1d779f7-e622-5cd1-b766-eb2b7925b3c0', 'Deserunt Nulla Occae', NULL, 4, DEFAULT, DEFAULT), ('bd4e2ea6-e7d4-5655-93cc-d1ed71c3483c', 'Consectetur Sunt Ani', NULL, 2, DEFAULT, DEFAULT), ('fb2f612f-57ab-526e-8b57-f5de07942107', 'Culpa Labore Nisi En', NULL, 3, DEFAULT, DEFAULT), ('38cee772-792e-54fe-ae0f-d62f75f71c11', 'Do Commodo Minim', NULL, 4, DEFAULT, DEFAULT), ('60f279f1-b04c-57b1-b6aa-b71a8811c6ab', 'Non Proident Consect', NULL, 3, DEFAULT, DEFAULT), ('b5d35d7e-f19e-568e-9efe-911f779c892f', 'Proident Labore Nost', NULL, 5, DEFAULT, DEFAULT), ('3db3509a-5565-5145-aa2d-eb656db639a3', 'Dolore Do Consequat', NULL, 5, DEFAULT, DEFAULT), ('16b2ddd9-4627-52fa-8115-8453cfa39374', 'Mollit Tempor Anim', NULL, 3, DEFAULT, DEFAULT), ('782f7eda-e535-5ab3-8415-643126d3b0fa', 'Dolore Ex', NULL, 5, DEFAULT, DEFAULT), ('5daf6f25-3b97-5f49-8f75-4ba5d1d74cd3', 'Enim Et Veniam', NULL, 2, DEFAULT, DEFAULT), ('3788fdae-c690-5563-abac-18b51e4d210f', 'Sit Adipisicing Mini', NULL, 3, DEFAULT, DEFAULT), ('177ae72e-41a6-5325-80d6-452827ea5918', 'Id Ad Commodo Consec', NULL, 4, DEFAULT, DEFAULT), ('c0a2f5c4-7781-5310-ad3c-e7b9f41a7ace', 'Sint Aliquip', NULL, 5, DEFAULT, DEFAULT), ('71c019c0-f4c8-51ac-bfff-4141eabf85f3', 'Incididunt Ullamco V', NULL, 3, DEFAULT, DEFAULT), ('ab4eb860-b9b9-58f5-84c6-b76a08d23dfd', 'Irure Commodo', NULL, 2, DEFAULT, DEFAULT), ('dd9140ad-b92d-5673-a8c2-8b1c4e3e8697', 'Ipsum Quis Duis', NULL, 3, DEFAULT, DEFAULT), ('78de8c0c-fe2d-50bd-afca-68bed9f87cd0', 'Cupidatat Enim Deser', NULL, 5, DEFAULT, DEFAULT), ('81e51b22-aab8-5050-a735-aa5917f8771b', 'Occaecat Et Adipisic', NULL, 5, DEFAULT, DEFAULT), ('f6cb58dd-a0aa-5d2b-8ce5-200e44be4f36', 'Ipsum Labore Pariatu', NULL, 5, DEFAULT, DEFAULT), ('48ed64cc-01ce-5cc6-8ffd-8d552f857570', 'Culpa Magna Deserunt', NULL, 2, DEFAULT, DEFAULT), ('0cb21e27-1e4d-50c9-bd0d-f6696d98b44c', 'Magna In Id', NULL, 4, DEFAULT, DEFAULT), ('29d37d99-954e-5434-8e90-9d564d65e434', 'Nisi Consequat Labor', NULL, 5, DEFAULT, DEFAULT), ('64957ee8-7d0b-54ac-82da-6c959456806c', 'Cillum Culpa', NULL, 1, DEFAULT, DEFAULT), ('b96a16b9-db3a-5601-8741-9aae600f278b', 'Laboris Ex Duis Sint', NULL, 2, DEFAULT, DEFAULT), ('c25b7aec-7cbc-5229-a69a-f81a4d2a8c67', 'Ex Elit Sit', NULL, 5, DEFAULT, DEFAULT);
INSERT INTO public.plan (id,name,pricing,pricing_interval,is_default,config,created_at,updated_at) VALUES (4, 'Essential', 0, 'monthly', 't', '{"max_members":6,"max_blueprints":100,"max_books":20}', DEFAULT, DEFAULT), (5, 'Advanced', 15.803108597090716, 'monthly', 'f', '{"max_members":12,"max_blueprints":200,"max_books":40}', DEFAULT, DEFAULT), (6, 'Pro', 12.111348826482082, 'yearly', 'f', '{"max_members":18,"max_blueprints":300,"max_books":60}', DEFAULT, DEFAULT);
INSERT INTO public.book (id,name,team_id,created_at,updated_at) VALUES ('1e7e0bcb-4fc0-5d72-81a5-d67a74a13595', 'Tempor Ea', '7c2c4732-09c1-5f7b-87ca-c53e7497b4ef', DEFAULT, DEFAULT), ('d297ab9e-40d4-51b5-bb8f-a1df399f1a9a', 'Ut Ea', '7c2c4732-09c1-5f7b-87ca-c53e7497b4ef', DEFAULT, DEFAULT), ('d1b8f3f8-af26-5088-8712-273c28ba98f7', 'Excepteur Ut Id', '7c2c4732-09c1-5f7b-87ca-c53e7497b4ef', DEFAULT, DEFAULT), ('3ff60d7a-a4ad-54c5-a422-53b52cd53093', 'Ullamco Nulla Irure', '7c2c4732-09c1-5f7b-87ca-c53e7497b4ef', DEFAULT, DEFAULT), ('cfbfd1d4-e77f-57e5-94da-e9ff2cc7a996', 'Consequat Dolor', '7c2c4732-09c1-5f7b-87ca-c53e7497b4ef', DEFAULT, DEFAULT), ('92bf5244-388d-5bbf-bd84-1c7ad2efe31b', 'Aute Qui', '7c2c4732-09c1-5f7b-87ca-c53e7497b4ef', DEFAULT, DEFAULT), ('9584676f-0635-591a-a937-d230d9a3abf3', 'Irure Cillum', '7c2c4732-09c1-5f7b-87ca-c53e7497b4ef', DEFAULT, DEFAULT), ('98eaafd3-adbf-5a3e-adb9-b3fb6971b6f1', 'Est Et Lorem', 'f50563b6-8532-51ec-b121-d8c6bca3e897', DEFAULT, DEFAULT), ('2d1d7734-be70-5d07-a538-e76c6cae722e', 'Minim Cillum', 'f50563b6-8532-51ec-b121-d8c6bca3e897', DEFAULT, DEFAULT), ('b5605791-3389-56c2-9ec6-17d538b9bb85', 'Ullamco Incididunt', 'f50563b6-8532-51ec-b121-d8c6bca3e897', DEFAULT, DEFAULT), ('a5831e58-2fc9-5b59-970d-00c344a4eb18', 'Culpa Ullamco Proide', 'f50563b6-8532-51ec-b121-d8c6bca3e897', DEFAULT, DEFAULT), ('756cbb59-27d6-58f3-b4b9-8b56121e683f', 'Amet', 'f50563b6-8532-51ec-b121-d8c6bca3e897', DEFAULT, DEFAULT), ('b64d0217-6a7b-5682-8927-676434f72be9', 'Et', 'f50563b6-8532-51ec-b121-d8c6bca3e897', DEFAULT, DEFAULT), ('09617df2-6261-5b47-bc30-85d317367d48', 'Ipsum Tempor', 'f50563b6-8532-51ec-b121-d8c6bca3e897', DEFAULT, DEFAULT), ('98b30307-7ea7-5b6c-b9e4-560fe08299de', 'Ullamco Occaecat Mag', 'f50563b6-8532-51ec-b121-d8c6bca3e897', DEFAULT, DEFAULT), ('a8212e1b-5577-5c28-9c38-2d4fbd753550', 'Mollit', 'f1bf295c-195b-5a42-9c6b-5bfa14b58307', DEFAULT, DEFAULT), ('59558fa1-9cc0-5e85-a331-879d76e07f05', 'Eu Ullamco', 'f1bf295c-195b-5a42-9c6b-5bfa14b58307', DEFAULT, DEFAULT), ('8926b9fd-34b2-5421-a25c-9cd89c12cad0', 'Eu', 'f1bf295c-195b-5a42-9c6b-5bfa14b58307', DEFAULT, DEFAULT), ('a6ea6199-2a1a-56d4-b12a-1bf7d32d154c', 'Sint Occaecat', 'e0eebbc8-63c9-5fee-b088-b3310b672c35', DEFAULT, DEFAULT), ('eb3e804d-5ed0-59a1-900b-3b0f9b2cb577', 'Sunt Consequat', 'e0eebbc8-63c9-5fee-b088-b3310b672c35', DEFAULT, DEFAULT), ('88501f36-608d-5074-ab3f-752cd478292f', 'Consectetur', 'e0eebbc8-63c9-5fee-b088-b3310b672c35', DEFAULT, DEFAULT), ('0e342915-b360-541f-8c0a-bdf36b3c0ce2', 'Enim Ad', 'e0eebbc8-63c9-5fee-b088-b3310b672c35', DEFAULT, DEFAULT), ('8b474939-245b-5ed9-b06a-21432e2b9115', 'Culpa', 'e0eebbc8-63c9-5fee-b088-b3310b672c35', DEFAULT, DEFAULT), ('abf8504a-2cfc-5a9d-a5d2-31dccd8bf00f', 'Minim Magna Id', '1c17c04a-19f5-5c48-8b6b-48fe02257ffb', DEFAULT, DEFAULT), ('262a78c7-eb9d-5e1a-8e58-41ecb0c31fbd', 'Veniam Magna Non', '1c17c04a-19f5-5c48-8b6b-48fe02257ffb', DEFAULT, DEFAULT), ('110efd29-2979-5c30-b41f-b3bf832f48cd', 'Nostrud Adipisicing', '1c17c04a-19f5-5c48-8b6b-48fe02257ffb', DEFAULT, DEFAULT), ('cf1d2e5e-3a18-5518-8e4c-387978992b8a', 'In Sit', '1c17c04a-19f5-5c48-8b6b-48fe02257ffb', DEFAULT, DEFAULT), ('34a6eefa-de0a-5b54-8950-76863d1d5290', 'Adipisicing Cupidata', '1c17c04a-19f5-5c48-8b6b-48fe02257ffb', DEFAULT, DEFAULT), ('338ac238-5209-53e4-836e-9d5dc98ae268', 'Aliquip Ullamco Ut', '1c17c04a-19f5-5c48-8b6b-48fe02257ffb', DEFAULT, DEFAULT), ('d2268e40-fa6d-5300-9f01-b7cc8f9018e3', 'Aliqua Anim Laboris', 'a2996c99-b8bb-5bf6-b789-844e821ceb82', DEFAULT, DEFAULT), ('7a86b477-8922-5c78-85b7-47a44d6877c0', 'Dolor Ullamco', 'a2996c99-b8bb-5bf6-b789-844e821ceb82', DEFAULT, DEFAULT), ('cd1520c4-af17-5e1e-b5b0-a9e95f36a7c4', 'Ipsum', 'a2996c99-b8bb-5bf6-b789-844e821ceb82', DEFAULT, DEFAULT), ('2190cc4c-2cc5-5f9f-983d-55f70f31e468', 'Velit', 'a2996c99-b8bb-5bf6-b789-844e821ceb82', DEFAULT, DEFAULT), ('fbfa0c72-9c6c-54ce-ba23-f1ed2563396e', 'Consectetur Excepteu', 'a2996c99-b8bb-5bf6-b789-844e821ceb82', DEFAULT, DEFAULT), ('d664e8db-93ef-5294-a361-9e8640907e59', 'Consectetur', 'a2996c99-b8bb-5bf6-b789-844e821ceb82', DEFAULT, DEFAULT), ('df625f4d-0fe2-599a-b1d3-13232701e19f', 'Excepteur Minim', 'a2996c99-b8bb-5bf6-b789-844e821ceb82', DEFAULT, DEFAULT), ('6ae168d9-ec9f-5cc8-9efc-a8418f6ebd72', 'Sunt Dolor Nisi', 'a2996c99-b8bb-5bf6-b789-844e821ceb82', DEFAULT, DEFAULT), ('349111f0-5b40-5b21-aeff-8af2b228d28f', 'Nulla Culpa Ea', '5d016028-a6a3-5268-91a3-91021dbfda0a', DEFAULT, DEFAULT), ('e2b744a0-a170-5a87-828d-34cc6f64ca05', 'Excepteur Consequat ', '5d016028-a6a3-5268-91a3-91021dbfda0a', DEFAULT, DEFAULT), ('3a804324-748d-571a-afad-6b9c20a35337', 'Esse Cillum', '5d016028-a6a3-5268-91a3-91021dbfda0a', DEFAULT, DEFAULT), ('1bf9a820-bb8f-59cd-8902-84a62a1aa29f', 'Occaecat Sit', '5d016028-a6a3-5268-91a3-91021dbfda0a', DEFAULT, DEFAULT), ('09204188-e618-5728-88fc-034120742c41', 'Consectetur', 'b279891e-05aa-528b-867b-dd6fe5fa77c8', DEFAULT, DEFAULT), ('b576de0c-954e-5345-a9e7-0d691c52341a', 'Proident Veniam', 'b279891e-05aa-528b-867b-dd6fe5fa77c8', DEFAULT, DEFAULT), ('887dee3f-7921-537c-91f1-8b0d43117b12', 'Voluptate Reprehende', 'b279891e-05aa-528b-867b-dd6fe5fa77c8', DEFAULT, DEFAULT), ('6fc34c52-742f-56c2-b6c3-89dee63a8839', 'Aliqua Do', 'b279891e-05aa-528b-867b-dd6fe5fa77c8', DEFAULT, DEFAULT), ('f561c33d-0589-5163-a677-f2a1eb6b3322', 'Ipsum Tempor Commodo', 'ff53868f-9940-575d-8fa8-923808f93a53', DEFAULT, DEFAULT), ('02a341a2-35a0-5fbc-a1f4-aa8b42aa4b51', 'Elit Pariatur', 'ff53868f-9940-575d-8fa8-923808f93a53', DEFAULT, DEFAULT), ('ad276812-3b86-5425-b36a-d822f2860912', 'Dolor Et', 'ff53868f-9940-575d-8fa8-923808f93a53', DEFAULT, DEFAULT), ('cd80d13e-478f-5058-8dfd-e20a76013cb5', 'Minim', '8172203a-00e7-5e0e-919b-2970e0d891df', DEFAULT, DEFAULT), ('db9f2a26-569b-5431-9216-bcd2cf256bbd', 'Et Eu', '8172203a-00e7-5e0e-919b-2970e0d891df', DEFAULT, DEFAULT), ('e4c44768-00c8-52e6-80f9-625972d5d9b9', 'Eu Non Enim', '8172203a-00e7-5e0e-919b-2970e0d891df', DEFAULT, DEFAULT), ('eea550bd-8120-5fb2-9339-ad3a549506d4', 'Ea Nulla Et', '8172203a-00e7-5e0e-919b-2970e0d891df', DEFAULT, DEFAULT), ('88514f78-7770-5bc2-96a4-f0f4ebcab4a4', 'Voluptate Fugiat', '8172203a-00e7-5e0e-919b-2970e0d891df', DEFAULT, DEFAULT), ('95c65795-b9a1-572f-87ae-6fa70b020fbb', 'Ut Cupidatat Qui', '8172203a-00e7-5e0e-919b-2970e0d891df', DEFAULT, DEFAULT), ('8891aca3-b326-5a45-a77b-46ff3fd96d49', 'Exercitation', '8172203a-00e7-5e0e-919b-2970e0d891df', DEFAULT, DEFAULT), ('47ec07ed-2b5c-5f84-a424-1002e39b4917', 'Dolor Sit', '8172203a-00e7-5e0e-919b-2970e0d891df', DEFAULT, DEFAULT), ('c1b69361-a3c3-5c2a-8a7a-23aa07e97e87', 'Elit Consequat Do', '8172203a-00e7-5e0e-919b-2970e0d891df', DEFAULT, DEFAULT), ('e9decb87-4a50-5c41-896c-16fe0d21ebca', 'Sit Cupidatat', '7b5ee10b-959f-565b-9dac-a4bab4f6c6bf', DEFAULT, DEFAULT), ('274020d9-7513-5cf6-ae0b-e94ef1d1a62f', 'Proident Incididunt', '7b5ee10b-959f-565b-9dac-a4bab4f6c6bf', DEFAULT, DEFAULT), ('644bfc5c-cf27-5d76-8355-4e4c8d73061f', 'Nostrud', '7b5ee10b-959f-565b-9dac-a4bab4f6c6bf', DEFAULT, DEFAULT), ('eff6dde6-e4aa-5c61-9818-5d7ae0bf58b7', 'Sit Minim', '7b5ee10b-959f-565b-9dac-a4bab4f6c6bf', DEFAULT, DEFAULT), ('31bb49e9-e86d-546a-9e01-6986e5eacf06', 'Adipisicing Ea', '7b5ee10b-959f-565b-9dac-a4bab4f6c6bf', DEFAULT, DEFAULT), ('6a3486ce-c3fa-519b-8ad1-f329a5c3ee43', 'Lorem Qui', '7b5ee10b-959f-565b-9dac-a4bab4f6c6bf', DEFAULT, DEFAULT), ('d92658af-bb2e-5f93-9170-bc8d85a6ad50', 'Adipisicing', '7b5ee10b-959f-565b-9dac-a4bab4f6c6bf', DEFAULT, DEFAULT), ('e7f24225-5e7d-55c3-8091-6f5a69baba70', 'Aliquip Proident', '7b5ee10b-959f-565b-9dac-a4bab4f6c6bf', DEFAULT, DEFAULT), ('b134c4e5-3e41-53b3-bf3f-7f4cf023e9d7', 'Lorem Anim', '38400370-0369-5239-8b08-499aef0591ef', DEFAULT, DEFAULT), ('763ebb5f-add9-59ff-9a26-6b4030dae259', 'Dolore Tempor', '38400370-0369-5239-8b08-499aef0591ef', DEFAULT, DEFAULT), ('9f273059-bf49-55a4-bf95-e6bedcccffe3', 'Cillum Consectetur', '38400370-0369-5239-8b08-499aef0591ef', DEFAULT, DEFAULT), ('c7198a1e-f50c-5635-a5bf-2073d4da7bc6', 'Occaecat', '38400370-0369-5239-8b08-499aef0591ef', DEFAULT, DEFAULT), ('1497705a-df0e-5f8d-988d-61adba7199e0', 'Proident', '38400370-0369-5239-8b08-499aef0591ef', DEFAULT, DEFAULT), ('ac772386-a452-5d18-88c7-396c2a71eb0b', 'Et Aliqua Id', '38400370-0369-5239-8b08-499aef0591ef', DEFAULT, DEFAULT), ('7b09592d-b146-5ee2-9db5-3683955196d6', 'Velit', '38400370-0369-5239-8b08-499aef0591ef', DEFAULT, DEFAULT), ('d3953f9f-e0f9-5aed-9d31-3f026a23da12', 'Dolor Veniam Laboris', '38400370-0369-5239-8b08-499aef0591ef', DEFAULT, DEFAULT), ('b5f933d0-c28e-517c-9fca-d9e38dc742a2', 'Consequat Anim Quis', '77394b64-1ec1-5043-8dc3-08f9200521d4', DEFAULT, DEFAULT), ('21a7e579-98a3-5757-a0a8-913f2da95aba', 'Amet', '77394b64-1ec1-5043-8dc3-08f9200521d4', DEFAULT, DEFAULT), ('a4b32498-f3a6-5110-a5b6-de20f0314c35', 'Excepteur Non', '77394b64-1ec1-5043-8dc3-08f9200521d4', DEFAULT, DEFAULT), ('22052ce5-2628-54da-93cf-dce3c06b547a', 'Consectetur', '77394b64-1ec1-5043-8dc3-08f9200521d4', DEFAULT, DEFAULT), ('5b303ef1-7516-512a-ba01-9f0dc05d7d2a', 'Deserunt Laborum Occ', '77394b64-1ec1-5043-8dc3-08f9200521d4', DEFAULT, DEFAULT), ('2386fe50-4da3-5ca3-b993-046dc48afb23', 'Reprehenderit Dolor', '77394b64-1ec1-5043-8dc3-08f9200521d4', DEFAULT, DEFAULT), ('be8eca74-88dc-5f62-a6bb-1a0cde780aab', 'Pariatur Ad', '77394b64-1ec1-5043-8dc3-08f9200521d4', DEFAULT, DEFAULT), ('df0b9534-eb70-596b-965a-89561ef803da', 'Cupidatat Laborum', '77394b64-1ec1-5043-8dc3-08f9200521d4', DEFAULT, DEFAULT), ('31ac52db-fa89-5177-b667-1cf6526a929a', 'Qui Exercitation Vel', '56ea9a57-3786-5a49-9700-501eb57a1328', DEFAULT, DEFAULT), ('3c6d504a-3b43-5117-a71b-e844b07b3920', 'Dolor', '56ea9a57-3786-5a49-9700-501eb57a1328', DEFAULT, DEFAULT), ('70e095a9-713d-5fe2-a06a-8145febdb917', 'Mollit Magna', '56ea9a57-3786-5a49-9700-501eb57a1328', DEFAULT, DEFAULT), ('d0fa96c4-2bfe-5959-9fd4-b17ec4964e6d', 'Eu Anim', '56ea9a57-3786-5a49-9700-501eb57a1328', DEFAULT, DEFAULT), ('cb82a658-7a6b-5f53-8103-de934a9d041a', 'Est Elit', '56ea9a57-3786-5a49-9700-501eb57a1328', DEFAULT, DEFAULT), ('404e076e-a943-52e4-a2ce-10591a9caa1f', 'Dolor Quis', '56ea9a57-3786-5a49-9700-501eb57a1328', DEFAULT, DEFAULT), ('808bd15b-fc3e-5378-a895-35c8b3e388f6', 'Excepteur Id', '56ea9a57-3786-5a49-9700-501eb57a1328', DEFAULT, DEFAULT), ('e9de49c7-7c1c-5c70-9aad-96d6727706e4', 'Pariatur Occaecat', '56ea9a57-3786-5a49-9700-501eb57a1328', DEFAULT, DEFAULT), ('bf9b5b68-4e23-52f1-a2cb-7e93ec2bafea', 'Est', '56ea9a57-3786-5a49-9700-501eb57a1328', DEFAULT, DEFAULT), ('af5fa9a8-f7df-5a87-830c-3e8d39f06eae', 'Occaecat Nulla', '731fb763-1773-5758-b8dd-d75381b0e72a', DEFAULT, DEFAULT), ('fa904169-96b2-5473-b48d-c7f225d6dfb3', 'Consectetur Enim', '731fb763-1773-5758-b8dd-d75381b0e72a', DEFAULT, DEFAULT), ('76980724-1543-5820-bc77-ff5f445e7244', 'Ad Tempor', '731fb763-1773-5758-b8dd-d75381b0e72a', DEFAULT, DEFAULT), ('c9f9ed6b-3ed1-5d46-9201-51000bdf47fa', 'Aliquip Do', '731fb763-1773-5758-b8dd-d75381b0e72a', DEFAULT, DEFAULT), ('54473828-0225-5307-b53c-7a0fc46ac63c', 'Mollit Quis', '731fb763-1773-5758-b8dd-d75381b0e72a', DEFAULT, DEFAULT), ('f057746f-990e-5e0f-ba59-b833ef7e39fc', 'Magna In Reprehender', '731fb763-1773-5758-b8dd-d75381b0e72a', DEFAULT, DEFAULT), ('6f98547a-4734-5cb4-82a1-cf5fc4e37c8d', 'Ad Minim', '731fb763-1773-5758-b8dd-d75381b0e72a', DEFAULT, DEFAULT), ('e7220451-be7e-505e-a9bf-ee44e4532e06', 'Elit Nulla', '731fb763-1773-5758-b8dd-d75381b0e72a', DEFAULT, DEFAULT), ('d19db439-c7e7-53a7-aa19-0db346180dc1', 'Fugiat', '5e20f9a8-7b26-5a5f-8426-6b12c182d23c', DEFAULT, DEFAULT), ('91434b27-2651-5429-8f42-45c3f8e334a0', 'Veniam', '5e20f9a8-7b26-5a5f-8426-6b12c182d23c', DEFAULT, DEFAULT), ('549980e7-3e77-5d76-b263-84664d04b209', 'Aliquip Excepteur', '5e20f9a8-7b26-5a5f-8426-6b12c182d23c', DEFAULT, DEFAULT), ('e4de1a09-bd9a-5e42-b92c-2cb1af28bec6', 'Tempor Labore Esse', '5e20f9a8-7b26-5a5f-8426-6b12c182d23c', DEFAULT, DEFAULT), ('b32027db-33da-5dc2-b906-e0c2a06ac683', 'Dolor Esse', '53fe0e9e-3358-5722-b994-4faad8733cd3', DEFAULT, DEFAULT), ('b7a89d05-549f-565f-b631-b59097e91d1a', 'Aliqua', '53fe0e9e-3358-5722-b994-4faad8733cd3', DEFAULT, DEFAULT), ('ac9f0e3e-b030-584f-a8dd-87355fe22537', 'Cupidatat Aliquip', '53fe0e9e-3358-5722-b994-4faad8733cd3', DEFAULT, DEFAULT), ('438bff0e-fd50-5c86-89ee-d397a0c0e548', 'Laboris Aliquip Eius', '53fe0e9e-3358-5722-b994-4faad8733cd3', DEFAULT, DEFAULT), ('9bf2ad50-cccb-50eb-8269-3a7e78bd21f5', 'Ullamco', '53fe0e9e-3358-5722-b994-4faad8733cd3', DEFAULT, DEFAULT), ('26f7bb6a-3c9c-5b30-b11b-be5ebfb91948', 'Ullamco', 'e4834379-a7a0-5f41-8193-f598072b1c83', DEFAULT, DEFAULT), ('e5b4727f-be5e-52c0-83cb-cb7ba230945f', 'Labore Qui', 'e4834379-a7a0-5f41-8193-f598072b1c83', DEFAULT, DEFAULT), ('290e51c6-7ff6-5db4-8f40-69dda051b66c', 'Officia Est', 'e4834379-a7a0-5f41-8193-f598072b1c83', DEFAULT, DEFAULT), ('6c3f6730-2b1a-5e27-97de-caacad0bb1a5', 'Aliquip Id Eu', 'e4834379-a7a0-5f41-8193-f598072b1c83', DEFAULT, DEFAULT), ('7d0c4d54-58ae-5ddf-b108-590171e8655a', 'Voluptate Ut Exercit', 'e4834379-a7a0-5f41-8193-f598072b1c83', DEFAULT, DEFAULT), ('5dd9c208-a224-5712-b987-eab6b9a89e23', 'Excepteur Et', 'e4834379-a7a0-5f41-8193-f598072b1c83', DEFAULT, DEFAULT), ('8bfeb6d5-d92f-5041-aa1b-39b8365c0a59', 'Et Enim', 'e4834379-a7a0-5f41-8193-f598072b1c83', DEFAULT, DEFAULT), ('8c5ef042-1b14-56ed-adba-e25d3960a3cf', 'Aute Commodo Consect', 'e4834379-a7a0-5f41-8193-f598072b1c83', DEFAULT, DEFAULT), ('01807616-77b8-51e2-9a97-d85b00b2c474', 'Reprehenderit Labori', 'e4834379-a7a0-5f41-8193-f598072b1c83', DEFAULT, DEFAULT), ('a8766652-5cf4-5e66-ba6d-9eb457dff942', 'Dolor Nisi Consequat', 'a9f91eda-269f-54d0-83de-05f0c2ecbf08', DEFAULT, DEFAULT), ('43bcab14-4a69-5e60-a07f-cda2fe595a2a', 'Velit', 'a9f91eda-269f-54d0-83de-05f0c2ecbf08', DEFAULT, DEFAULT), ('203ac13e-e5b1-548e-a7da-5d8cff932053', 'Ex', 'a9f91eda-269f-54d0-83de-05f0c2ecbf08', DEFAULT, DEFAULT), ('1332e392-1ac8-57d9-8262-948f66c89fe9', 'Velit Cupidatat', 'a9f91eda-269f-54d0-83de-05f0c2ecbf08', DEFAULT, DEFAULT), ('b88b1af1-79fe-5af5-9c91-0c77ed20973b', 'Fugiat Anim', 'a9f91eda-269f-54d0-83de-05f0c2ecbf08', DEFAULT, DEFAULT), ('5783cab4-e010-523b-b893-81b388f43d06', 'Ipsum Et', 'c0062d28-74ce-56b0-8124-852c5c4cdd1f', DEFAULT, DEFAULT), ('01bb02e3-6d00-5b11-ba00-2f6b060dfb2e', 'Quis Aliquip Sint', 'c0062d28-74ce-56b0-8124-852c5c4cdd1f', DEFAULT, DEFAULT), ('a9752d0c-ade4-58c6-b746-1b9df56a3d08', 'Eiusmod Magna Irure', 'c0062d28-74ce-56b0-8124-852c5c4cdd1f', DEFAULT, DEFAULT), ('5cdb9712-16b6-532e-9cc7-8cf7dfbe9b6b', 'Aute Nostrud', 'c0062d28-74ce-56b0-8124-852c5c4cdd1f', DEFAULT, DEFAULT), ('47c1a5aa-1c4a-5781-9c8f-968a639137d7', 'Enim Tempor', 'c0062d28-74ce-56b0-8124-852c5c4cdd1f', DEFAULT, DEFAULT), ('3c19e2d6-1e17-5580-adbc-319ee6c74e3c', 'Excepteur', 'c0062d28-74ce-56b0-8124-852c5c4cdd1f', DEFAULT, DEFAULT), ('ddb44318-7e83-5b4d-8ba4-3bbd19edd327', 'Quis Et Officia', 'c0062d28-74ce-56b0-8124-852c5c4cdd1f', DEFAULT, DEFAULT), ('e6e5bdc8-dbe5-545a-b616-a55a5f857d1f', 'Nostrud Aliquip', 'c0062d28-74ce-56b0-8124-852c5c4cdd1f', DEFAULT, DEFAULT), ('8068bdaa-feec-5131-873b-0c940ef3679e', 'Consectetur Ex Labor', 'c0062d28-74ce-56b0-8124-852c5c4cdd1f', DEFAULT, DEFAULT), ('3adfc207-aaeb-5fa1-b329-eb7ef2061320', 'Et Est', 'a1d779f7-e622-5cd1-b766-eb2b7925b3c0', DEFAULT, DEFAULT), ('096adf71-c74e-5b77-822b-46a8768797c5', 'Laboris', 'a1d779f7-e622-5cd1-b766-eb2b7925b3c0', DEFAULT, DEFAULT), ('65d8ad86-6271-552b-8704-fabcdcf18cdb', 'Sint Irure', 'a1d779f7-e622-5cd1-b766-eb2b7925b3c0', DEFAULT, DEFAULT), ('9a52e2af-cb63-5ab2-95a7-ae32f01d6a1c', 'Aliquip', 'a1d779f7-e622-5cd1-b766-eb2b7925b3c0', DEFAULT, DEFAULT), ('f7f33f5b-7e02-5784-9db2-ed2995544a54', 'In Eiusmod Officia', 'a1d779f7-e622-5cd1-b766-eb2b7925b3c0', DEFAULT, DEFAULT), ('ba4d6fef-111f-5ce5-883e-2b3880f373bf', 'Do Ipsum', 'a1d779f7-e622-5cd1-b766-eb2b7925b3c0', DEFAULT, DEFAULT), ('405dd580-b1c8-5c0e-9df0-d82b7f57175d', 'Dolore Exercitation', 'a1d779f7-e622-5cd1-b766-eb2b7925b3c0', DEFAULT, DEFAULT), ('27a14f80-586c-54cd-876e-cd42ede1f04f', 'Anim Dolor', 'a1d779f7-e622-5cd1-b766-eb2b7925b3c0', DEFAULT, DEFAULT), ('1d734ef3-200a-5767-950c-960f29e166e0', 'Sit', 'a1d779f7-e622-5cd1-b766-eb2b7925b3c0', DEFAULT, DEFAULT), ('9ce77012-7bc0-55bb-a797-dcf5bbd8fc2e', 'Ullamco Aliqua', 'a1d779f7-e622-5cd1-b766-eb2b7925b3c0', DEFAULT, DEFAULT), ('39da01f0-2195-5fc3-a74a-d12c26c902a3', 'Ipsum Cupidatat', 'bd4e2ea6-e7d4-5655-93cc-d1ed71c3483c', DEFAULT, DEFAULT), ('fbbb9719-f3d1-5ce2-b584-4b70bf5bb135', 'Commodo Cillum', 'bd4e2ea6-e7d4-5655-93cc-d1ed71c3483c', DEFAULT, DEFAULT), ('5f651c76-ceba-56db-bd60-512d4079ec53', 'Nostrud Ipsum', 'bd4e2ea6-e7d4-5655-93cc-d1ed71c3483c', DEFAULT, DEFAULT), ('9af6e0ef-7015-5390-856a-705032c2e40e', 'Voluptate', 'bd4e2ea6-e7d4-5655-93cc-d1ed71c3483c', DEFAULT, DEFAULT), ('5034bc4f-306f-5e76-8ef2-99198efc3a69', 'Do Qui', 'bd4e2ea6-e7d4-5655-93cc-d1ed71c3483c', DEFAULT, DEFAULT), ('bbecd693-8054-5eee-8ada-8e2d5a3c5090', 'Nostrud Ullamco', 'bd4e2ea6-e7d4-5655-93cc-d1ed71c3483c', DEFAULT, DEFAULT), ('f5d8c620-973f-509a-b5b1-dc1e889a22a1', 'Excepteur', 'bd4e2ea6-e7d4-5655-93cc-d1ed71c3483c', DEFAULT, DEFAULT), ('e7ba2b18-a57c-5b02-9714-d376d9ea922f', 'Occaecat Laboris Do', 'fb2f612f-57ab-526e-8b57-f5de07942107', DEFAULT, DEFAULT), ('ccd28d41-9086-5b64-b351-585431787bb7', 'Ut Ex In', 'fb2f612f-57ab-526e-8b57-f5de07942107', DEFAULT, DEFAULT), ('6a248992-e0a8-5c27-8d71-fd2cfd3a1fd6', 'Culpa Duis Id', 'fb2f612f-57ab-526e-8b57-f5de07942107', DEFAULT, DEFAULT), ('72d447b0-a4fa-5de7-bb4c-9ff5f169dfea', 'Cillum Voluptate', 'fb2f612f-57ab-526e-8b57-f5de07942107', DEFAULT, DEFAULT), ('eeba85da-b4f7-5195-887e-28b7dc8a5236', 'Pariatur Aliqua Ad', 'fb2f612f-57ab-526e-8b57-f5de07942107', DEFAULT, DEFAULT), ('1f9495a7-9f91-5b8e-a431-ff0404db08b3', 'Do Reprehenderit Pro', 'fb2f612f-57ab-526e-8b57-f5de07942107', DEFAULT, DEFAULT), ('ec0fecde-72da-5866-9b82-27edb33f804a', 'Irure Ut Sint', 'fb2f612f-57ab-526e-8b57-f5de07942107', DEFAULT, DEFAULT), ('f457d7a7-01f9-5225-b07a-0e782525bbc7', 'Excepteur Dolor Adip', '38cee772-792e-54fe-ae0f-d62f75f71c11', DEFAULT, DEFAULT), ('0fa12fcf-97e2-5065-a698-e366ca117702', 'Do', '38cee772-792e-54fe-ae0f-d62f75f71c11', DEFAULT, DEFAULT), ('b4725825-2a5a-5e18-a190-e59f4cb9f1b5', 'Ullamco Minim Eu', '38cee772-792e-54fe-ae0f-d62f75f71c11', DEFAULT, DEFAULT), ('d1dc8a74-c651-5dbd-b484-1cd2c51db9b9', 'Pariatur', '38cee772-792e-54fe-ae0f-d62f75f71c11', DEFAULT, DEFAULT), ('40747f76-ad34-5508-ba43-ef538c943cc0', 'Sunt Incididunt Null', '38cee772-792e-54fe-ae0f-d62f75f71c11', DEFAULT, DEFAULT), ('94a106f5-e21c-5e45-83f2-58d10f738b53', 'Quis', '38cee772-792e-54fe-ae0f-d62f75f71c11', DEFAULT, DEFAULT), ('5da40fc6-2f9c-5273-8dcd-1032d525128a', 'Proident Aliqua', '38cee772-792e-54fe-ae0f-d62f75f71c11', DEFAULT, DEFAULT), ('45173bfe-a11f-574a-ac25-21cda1308ec9', 'Dolor Qui Nisi', '60f279f1-b04c-57b1-b6aa-b71a8811c6ab', DEFAULT, DEFAULT), ('28e4b717-ba20-5ce6-96db-f08421aa2fc7', 'Aliqua Ullamco', '60f279f1-b04c-57b1-b6aa-b71a8811c6ab', DEFAULT, DEFAULT), ('d35ecca3-ac35-5e28-8e7e-6a25de908d18', 'Voluptate Eu', '60f279f1-b04c-57b1-b6aa-b71a8811c6ab', DEFAULT, DEFAULT), ('e334db45-3389-5a47-b7c9-4ff8121637b5', 'Id Ut', '60f279f1-b04c-57b1-b6aa-b71a8811c6ab', DEFAULT, DEFAULT), ('0a9347d2-3396-5e6a-98f1-b406ca195226', 'Do', '60f279f1-b04c-57b1-b6aa-b71a8811c6ab', DEFAULT, DEFAULT), ('71edf17f-e471-58c3-bbf8-8111bd6c7c8e', 'Duis Eiusmod Laborum', '60f279f1-b04c-57b1-b6aa-b71a8811c6ab', DEFAULT, DEFAULT), ('b737f334-53a3-585e-98d7-69fce744e35e', 'Do Consectetur', 'b5d35d7e-f19e-568e-9efe-911f779c892f', DEFAULT, DEFAULT), ('8babc841-00b0-585f-9ca3-85ef68fec1f7', 'Adipisicing', 'b5d35d7e-f19e-568e-9efe-911f779c892f', DEFAULT, DEFAULT), ('79efb743-bb54-546e-8bdf-089509399715', 'Minim Qui', 'b5d35d7e-f19e-568e-9efe-911f779c892f', DEFAULT, DEFAULT), ('86e03e09-1744-508f-b91c-c48f85d8ffcb', 'Incididunt', 'b5d35d7e-f19e-568e-9efe-911f779c892f', DEFAULT, DEFAULT), ('6451b879-16d7-5644-b6b9-87dd18b3facf', 'Reprehenderit Laboru', 'b5d35d7e-f19e-568e-9efe-911f779c892f', DEFAULT, DEFAULT), ('47e5d6a1-6a7c-5068-97e6-b73d6f3b47c1', 'Nulla', 'b5d35d7e-f19e-568e-9efe-911f779c892f', DEFAULT, DEFAULT), ('ea56a5ec-2249-5fba-8891-278bcdbbb33d', 'Tempor', 'b5d35d7e-f19e-568e-9efe-911f779c892f', DEFAULT, DEFAULT), ('c72c7230-479d-51cc-940d-5fec1bea4502', 'Ipsum', 'b5d35d7e-f19e-568e-9efe-911f779c892f', DEFAULT, DEFAULT), ('c8f3e8fc-81cf-5046-86bf-a7cd958a07aa', 'Excepteur Occaecat S', 'b5d35d7e-f19e-568e-9efe-911f779c892f', DEFAULT, DEFAULT), ('844afdcc-93cf-55c8-b0f1-1cc22329a30b', 'Deserunt Pariatur En', '3db3509a-5565-5145-aa2d-eb656db639a3', DEFAULT, DEFAULT), ('290bcd64-8663-5670-8efa-64e864979bbb', 'Nulla', '3db3509a-5565-5145-aa2d-eb656db639a3', DEFAULT, DEFAULT), ('897e7fb9-bd9c-59e3-afc7-d1c31ec7ef34', 'Anim Eu Commodo', '3db3509a-5565-5145-aa2d-eb656db639a3', DEFAULT, DEFAULT), ('f3376d8d-17f3-5259-a5b0-af6d5e21e7e2', 'Eu Exercitation Pari', '3db3509a-5565-5145-aa2d-eb656db639a3', DEFAULT, DEFAULT), ('5ce056de-a21e-5eba-9d47-e09232047aae', 'Voluptate', '3db3509a-5565-5145-aa2d-eb656db639a3', DEFAULT, DEFAULT), ('fd8e258e-4711-5b22-b0f3-1f5725eb642f', 'Incididunt', '3db3509a-5565-5145-aa2d-eb656db639a3', DEFAULT, DEFAULT), ('e5d977c2-2a0e-5703-8ee9-4796e3967ae0', 'Cillum Ipsum Cillum', '3db3509a-5565-5145-aa2d-eb656db639a3', DEFAULT, DEFAULT), ('11edd970-a1f3-5973-a201-278046231716', 'Quis Commodo', '3db3509a-5565-5145-aa2d-eb656db639a3', DEFAULT, DEFAULT), ('5701e8cf-a128-5707-83da-0279d2c833bf', 'Nisi Anim Laborum', '3db3509a-5565-5145-aa2d-eb656db639a3', DEFAULT, DEFAULT), ('583774ae-7432-5503-850f-867e82c0838b', 'Aliqua', '16b2ddd9-4627-52fa-8115-8453cfa39374', DEFAULT, DEFAULT), ('225b2186-bb16-5b0a-b7be-47fd3c5a5cf9', 'Dolore Incididunt', '16b2ddd9-4627-52fa-8115-8453cfa39374', DEFAULT, DEFAULT), ('fc295a44-56fb-5a65-beee-66fd6554ae26', 'Ex Non Sunt', '16b2ddd9-4627-52fa-8115-8453cfa39374', DEFAULT, DEFAULT), ('88133dcb-8b00-5c2c-aee5-9f0743f5239d', 'Consectetur', '16b2ddd9-4627-52fa-8115-8453cfa39374', DEFAULT, DEFAULT), ('a3141029-aec2-543b-b18a-49fe947e3304', 'Laboris Sunt', '782f7eda-e535-5ab3-8415-643126d3b0fa', DEFAULT, DEFAULT), ('6c52c1d9-13a4-51ef-ae51-1dacc4c14be9', 'Irure', '782f7eda-e535-5ab3-8415-643126d3b0fa', DEFAULT, DEFAULT), ('2589cf16-4103-5a4f-b544-b30078083eaa', 'Elit Quis Et', '782f7eda-e535-5ab3-8415-643126d3b0fa', DEFAULT, DEFAULT), ('a88bc9b9-135e-55c7-8c4c-5a072a3c8573', 'Labore Quis', '782f7eda-e535-5ab3-8415-643126d3b0fa', DEFAULT, DEFAULT), ('8b7e423b-b9b9-5b3c-bf3d-1aa45d16235c', 'Deserunt Aliqua', '782f7eda-e535-5ab3-8415-643126d3b0fa', DEFAULT, DEFAULT), ('882c7ae5-914f-539d-8207-691de536097f', 'Exercitation Est Id', '782f7eda-e535-5ab3-8415-643126d3b0fa', DEFAULT, DEFAULT), ('811570ef-0b81-508d-ba05-2f5e812d4131', 'Occaecat Voluptate', '782f7eda-e535-5ab3-8415-643126d3b0fa', DEFAULT, DEFAULT), ('29b47b7e-4cec-5d5a-b93d-172770b57ed6', 'Ullamco Culpa Deseru', '782f7eda-e535-5ab3-8415-643126d3b0fa', DEFAULT, DEFAULT), ('a5e6c58e-54df-5943-b1b7-463c2ae0fb74', 'Esse Incididunt', '782f7eda-e535-5ab3-8415-643126d3b0fa', DEFAULT, DEFAULT), ('0ddbd373-5148-5d1c-b950-701854fc6604', 'Ex', '782f7eda-e535-5ab3-8415-643126d3b0fa', DEFAULT, DEFAULT), ('9b1fc781-1e4e-56d2-bd68-0dc257a319c0', 'Ex', '5daf6f25-3b97-5f49-8f75-4ba5d1d74cd3', DEFAULT, DEFAULT), ('8a0a556f-d942-55f0-8ba8-1ffbfaf3c6d9', 'Esse Quis In', '5daf6f25-3b97-5f49-8f75-4ba5d1d74cd3', DEFAULT, DEFAULT), ('91fa3874-9437-5dfa-a49a-f19fb38d9e92', 'Occaecat Officia', '5daf6f25-3b97-5f49-8f75-4ba5d1d74cd3', DEFAULT, DEFAULT), ('eda91f04-12ef-5904-88aa-e6ed9a692e03', 'Non Proident', '5daf6f25-3b97-5f49-8f75-4ba5d1d74cd3', DEFAULT, DEFAULT), ('1d3f740a-8c60-5c1d-aa9e-3854a33c8e1d', 'Id Dolor', '5daf6f25-3b97-5f49-8f75-4ba5d1d74cd3', DEFAULT, DEFAULT), ('d9bba68a-079c-5141-bd43-756b87167584', 'Incididunt Culpa', '5daf6f25-3b97-5f49-8f75-4ba5d1d74cd3', DEFAULT, DEFAULT), ('ca65e33b-de71-5d46-933a-849036127987', 'Excepteur Ut Ex', '5daf6f25-3b97-5f49-8f75-4ba5d1d74cd3', DEFAULT, DEFAULT), ('3204ce32-7c5b-5953-969e-fe1d17de6e76', 'Cillum Cupidatat Exe', '3788fdae-c690-5563-abac-18b51e4d210f', DEFAULT, DEFAULT), ('eecf8a7e-af2f-524d-a645-c5fba3ebda06', 'Dolore', '3788fdae-c690-5563-abac-18b51e4d210f', DEFAULT, DEFAULT), ('8d3f145b-67b0-504d-b49a-d59ecea5d2d8', 'Velit', '3788fdae-c690-5563-abac-18b51e4d210f', DEFAULT, DEFAULT), ('d00c085d-72d6-5114-a5fd-ba818539c2f7', 'Amet Sint', '3788fdae-c690-5563-abac-18b51e4d210f', DEFAULT, DEFAULT), ('de459427-bb2c-5381-bdbf-7126efbb65c9', 'Irure Nisi', '3788fdae-c690-5563-abac-18b51e4d210f', DEFAULT, DEFAULT), ('fd2a8113-662a-5782-9e12-f7b49eee56e0', 'Excepteur Amet', '3788fdae-c690-5563-abac-18b51e4d210f', DEFAULT, DEFAULT), ('d6d652bf-48a5-5a85-a95d-16c25edc5397', 'Anim Id Excepteur', '177ae72e-41a6-5325-80d6-452827ea5918', DEFAULT, DEFAULT), ('94170f3d-888c-58bc-bc18-13592bfb52c5', 'Nostrud Dolore', '177ae72e-41a6-5325-80d6-452827ea5918', DEFAULT, DEFAULT), ('1e0af0c0-30ba-5a06-9647-a83cef3d815d', 'Id Elit', '177ae72e-41a6-5325-80d6-452827ea5918', DEFAULT, DEFAULT), ('70b4d1da-5ee3-5bd6-aecb-9af8ab670b84', 'Ea Anim Voluptate', 'c0a2f5c4-7781-5310-ad3c-e7b9f41a7ace', DEFAULT, DEFAULT), ('2da4149c-bf3e-5f98-b904-591c69530871', 'Incididunt Qui', 'c0a2f5c4-7781-5310-ad3c-e7b9f41a7ace', DEFAULT, DEFAULT), ('a69d43fa-2222-5203-b590-140e62599451', 'Sint Labore', 'c0a2f5c4-7781-5310-ad3c-e7b9f41a7ace', DEFAULT, DEFAULT), ('f6a7cc82-a609-50ee-a839-9fa8b1a9631d', 'Veniam Enim', 'c0a2f5c4-7781-5310-ad3c-e7b9f41a7ace', DEFAULT, DEFAULT), ('00644310-2ebb-53b6-b6cd-c599924419bd', 'Consequat', 'c0a2f5c4-7781-5310-ad3c-e7b9f41a7ace', DEFAULT, DEFAULT), ('3de7919f-8a6e-5a5a-ad06-07f2ad53b96d', 'Eiusmod', 'c0a2f5c4-7781-5310-ad3c-e7b9f41a7ace', DEFAULT, DEFAULT), ('495390bc-68e6-52a4-b1ba-2f994586821a', 'Fugiat Ex', 'c0a2f5c4-7781-5310-ad3c-e7b9f41a7ace', DEFAULT, DEFAULT), ('a6586816-3687-592a-bbeb-b4d089115511', 'Commodo', 'c0a2f5c4-7781-5310-ad3c-e7b9f41a7ace', DEFAULT, DEFAULT), ('28a1ca86-fc34-5d5b-bda6-792b581f58de', 'Sunt Qui', '71c019c0-f4c8-51ac-bfff-4141eabf85f3', DEFAULT, DEFAULT), ('c801d235-e02a-5267-8201-eecb86948b65', 'Pariatur Irure Quis', '71c019c0-f4c8-51ac-bfff-4141eabf85f3', DEFAULT, DEFAULT), ('ad1bbcac-cdbb-551f-b25a-b14b40074515', 'Reprehenderit', '71c019c0-f4c8-51ac-bfff-4141eabf85f3', DEFAULT, DEFAULT), ('af85f96c-efbd-584c-bdd4-26c4e2f3e556', 'Nostrud Labore', '71c019c0-f4c8-51ac-bfff-4141eabf85f3', DEFAULT, DEFAULT), ('ee198d66-a798-52a5-8b79-9931f7b835e3', 'Adipisicing Excepteu', '71c019c0-f4c8-51ac-bfff-4141eabf85f3', DEFAULT, DEFAULT), ('9a2c5b91-3c65-50ae-8188-68db1f1edfc4', 'Anim Excepteur', '71c019c0-f4c8-51ac-bfff-4141eabf85f3', DEFAULT, DEFAULT), ('a78f49ae-5f15-5b14-baf5-6abdb727fcc1', 'Tempor Enim Exercita', '71c019c0-f4c8-51ac-bfff-4141eabf85f3', DEFAULT, DEFAULT), ('a3df44c1-25a3-5190-a8bc-004597063afc', 'Proident Sunt', '71c019c0-f4c8-51ac-bfff-4141eabf85f3', DEFAULT, DEFAULT), ('ee88c41d-7461-5ecc-a96b-908770bc5575', 'Excepteur Do', '71c019c0-f4c8-51ac-bfff-4141eabf85f3', DEFAULT, DEFAULT), ('b67e09de-df70-515b-91d0-6e53f3b4a58a', 'Velit', 'ab4eb860-b9b9-58f5-84c6-b76a08d23dfd', DEFAULT, DEFAULT), ('fe24988b-bca5-5bf5-be0f-c92da7b2cbe1', 'In Dolore', 'ab4eb860-b9b9-58f5-84c6-b76a08d23dfd', DEFAULT, DEFAULT), ('fb634118-b8a6-50b7-9010-0317dd27fba6', 'Consequat Dolore', 'ab4eb860-b9b9-58f5-84c6-b76a08d23dfd', DEFAULT, DEFAULT), ('cda3814f-c14d-5dcf-a835-797df84f6d99', 'Aute Est', 'ab4eb860-b9b9-58f5-84c6-b76a08d23dfd', DEFAULT, DEFAULT), ('bdc52205-2f90-54a1-a699-3ba523b0d56a', 'Pariatur', 'ab4eb860-b9b9-58f5-84c6-b76a08d23dfd', DEFAULT, DEFAULT), ('1d01e569-eec7-553a-916b-70c8b1d0f9ec', 'Labore Reprehenderit', 'ab4eb860-b9b9-58f5-84c6-b76a08d23dfd', DEFAULT, DEFAULT), ('ede942ce-5022-581a-99ff-f8ebb6d10d8a', 'Anim', 'ab4eb860-b9b9-58f5-84c6-b76a08d23dfd', DEFAULT, DEFAULT), ('98bf31df-37fd-5af6-86dd-8686cdc35eeb', 'Veniam Ipsum Cillum', 'dd9140ad-b92d-5673-a8c2-8b1c4e3e8697', DEFAULT, DEFAULT), ('ae956930-bebe-5aad-83f8-b8d0cae36371', 'Occaecat Ut', 'dd9140ad-b92d-5673-a8c2-8b1c4e3e8697', DEFAULT, DEFAULT), ('e20720a7-b660-50e0-8da5-8784fa26a31d', 'Id Sunt', 'dd9140ad-b92d-5673-a8c2-8b1c4e3e8697', DEFAULT, DEFAULT), ('2dbccffd-e7a5-5653-9dc6-18e988716abe', 'Sint Amet', 'dd9140ad-b92d-5673-a8c2-8b1c4e3e8697', DEFAULT, DEFAULT), ('d905224a-1767-5e97-ad1a-f223ab64cd44', 'Tempor Dolor', 'dd9140ad-b92d-5673-a8c2-8b1c4e3e8697', DEFAULT, DEFAULT), ('94daea14-9b93-5933-9044-5ccc1eb32f8f', 'Culpa Culpa Ut', '78de8c0c-fe2d-50bd-afca-68bed9f87cd0', DEFAULT, DEFAULT), ('dc58dd7b-bb54-5abe-8208-becc5e0561ad', 'Enim Deserunt Duis', '78de8c0c-fe2d-50bd-afca-68bed9f87cd0', DEFAULT, DEFAULT), ('63e38d08-3dd9-5569-ab28-f70e94b3cdb7', 'Amet Ullamco', '78de8c0c-fe2d-50bd-afca-68bed9f87cd0', DEFAULT, DEFAULT), ('7f78fee3-dd27-5696-858f-318bd4cbf2a8', 'Exercitation Minim', '78de8c0c-fe2d-50bd-afca-68bed9f87cd0', DEFAULT, DEFAULT), ('1716ac71-f35f-52a7-acdc-316247462f37', 'Aliquip Sit', '78de8c0c-fe2d-50bd-afca-68bed9f87cd0', DEFAULT, DEFAULT), ('286a711e-ae86-5be5-9195-1d963e0504f7', 'Ipsum', '78de8c0c-fe2d-50bd-afca-68bed9f87cd0', DEFAULT, DEFAULT), ('59d8bfe4-2c84-5707-a356-dbe1eb5eec54', 'Qui Ullamco', '78de8c0c-fe2d-50bd-afca-68bed9f87cd0', DEFAULT, DEFAULT), ('17ec9179-4e96-5f11-9df0-6e4c2363b3ee', 'Ex', '78de8c0c-fe2d-50bd-afca-68bed9f87cd0', DEFAULT, DEFAULT), ('c3e14b56-bb45-5c55-9863-26dca8b4795e', 'Culpa Ea Eiusmod', '78de8c0c-fe2d-50bd-afca-68bed9f87cd0', DEFAULT, DEFAULT), ('6adbfe77-3519-54e6-9e12-eef5b2e20ee7', 'Culpa Mollit', '78de8c0c-fe2d-50bd-afca-68bed9f87cd0', DEFAULT, DEFAULT), ('59fbbc7c-edc9-5d3c-9170-cf6acabbcd28', 'Eiusmod', '81e51b22-aab8-5050-a735-aa5917f8771b', DEFAULT, DEFAULT), ('7bf99080-cdc6-5456-b6d5-417e28b4eba5', 'Voluptate Sunt Labor', '81e51b22-aab8-5050-a735-aa5917f8771b', DEFAULT, DEFAULT), ('d2f08d89-447f-5d3d-96e5-385ed888c091', 'Magna Laboris', '81e51b22-aab8-5050-a735-aa5917f8771b', DEFAULT, DEFAULT), ('9e6824f3-dac2-540f-9e3d-8797171dab14', 'Et Dolore', '81e51b22-aab8-5050-a735-aa5917f8771b', DEFAULT, DEFAULT), ('c15a1a93-cc16-5536-8ab0-42ef9626e379', 'Nostrud', '81e51b22-aab8-5050-a735-aa5917f8771b', DEFAULT, DEFAULT), ('d1b6355b-0594-5d07-b55b-72d2c66a1391', 'Anim Non', 'f6cb58dd-a0aa-5d2b-8ce5-200e44be4f36', DEFAULT, DEFAULT), ('77085b75-b014-57d0-8618-9cc95436a25e', 'Laboris', 'f6cb58dd-a0aa-5d2b-8ce5-200e44be4f36', DEFAULT, DEFAULT), ('2f76c526-de17-58f1-a75e-aee239f7ed57', 'Qui', 'f6cb58dd-a0aa-5d2b-8ce5-200e44be4f36', DEFAULT, DEFAULT), ('3d4df0ce-5a7f-53e4-b486-95faf0a09720', 'Anim', 'f6cb58dd-a0aa-5d2b-8ce5-200e44be4f36', DEFAULT, DEFAULT), ('d6d4ebe8-fe3c-5e62-98d8-e678f356450c', 'Reprehenderit Commod', 'f6cb58dd-a0aa-5d2b-8ce5-200e44be4f36', DEFAULT, DEFAULT), ('5dedc9b9-eec3-5ace-a95b-d7817834d9af', 'Ad Excepteur', 'f6cb58dd-a0aa-5d2b-8ce5-200e44be4f36', DEFAULT, DEFAULT), ('79ef5172-d3d7-5e61-9d71-a40b27651163', 'Veniam', 'f6cb58dd-a0aa-5d2b-8ce5-200e44be4f36', DEFAULT, DEFAULT), ('3c0af99e-82a0-5346-8da5-2d2825b8a66d', 'Excepteur Veniam Aut', '48ed64cc-01ce-5cc6-8ffd-8d552f857570', DEFAULT, DEFAULT), ('7c0f6282-7933-5431-8e88-9d2b9f09f272', 'Id Ullamco', '48ed64cc-01ce-5cc6-8ffd-8d552f857570', DEFAULT, DEFAULT), ('c97097d9-c6b8-5a50-931a-369c86f1535e', 'Consectetur', '48ed64cc-01ce-5cc6-8ffd-8d552f857570', DEFAULT, DEFAULT), ('9f26eece-7e59-5b46-a98b-848dc55a0cda', 'Dolore Proident Occa', '48ed64cc-01ce-5cc6-8ffd-8d552f857570', DEFAULT, DEFAULT), ('75b1f4f3-d352-56de-83dd-e679684b060c', 'Anim Excepteur Labor', '48ed64cc-01ce-5cc6-8ffd-8d552f857570', DEFAULT, DEFAULT), ('80e684c5-9f07-5388-b150-556bc24cb77f', 'Ea Sit', '48ed64cc-01ce-5cc6-8ffd-8d552f857570', DEFAULT, DEFAULT), ('4c13eae9-db84-5ef3-81db-cf60400b290d', 'Deserunt Proident', '48ed64cc-01ce-5cc6-8ffd-8d552f857570', DEFAULT, DEFAULT), ('a6f51480-ebce-53e5-aaa6-82ae5d7deefa', 'Incididunt', '48ed64cc-01ce-5cc6-8ffd-8d552f857570', DEFAULT, DEFAULT), ('ab31b5c9-e8c8-55c1-ab94-82606fe7ed9a', 'Cillum', '48ed64cc-01ce-5cc6-8ffd-8d552f857570', DEFAULT, DEFAULT), ('09bca3f4-0d37-5f5a-b637-9d7942a17cff', 'Tempor Occaecat Eu', '0cb21e27-1e4d-50c9-bd0d-f6696d98b44c', DEFAULT, DEFAULT), ('2ca679b7-4687-5422-ac57-c89cfa36e3c8', 'Eiusmod Duis Reprehe', '0cb21e27-1e4d-50c9-bd0d-f6696d98b44c', DEFAULT, DEFAULT), ('ba60341e-ffca-5a8d-85d2-58afc6ff269c', 'Ad', '0cb21e27-1e4d-50c9-bd0d-f6696d98b44c', DEFAULT, DEFAULT), ('deab978c-4953-507c-b4fb-f509dd35f454', 'Minim', '0cb21e27-1e4d-50c9-bd0d-f6696d98b44c', DEFAULT, DEFAULT), ('c379a417-3b5c-5e05-a7ca-c545e0d33c70', 'Ex Nisi', '0cb21e27-1e4d-50c9-bd0d-f6696d98b44c', DEFAULT, DEFAULT), ('21d7354f-afef-5425-9907-92a0ff9e7110', 'Cillum', '0cb21e27-1e4d-50c9-bd0d-f6696d98b44c', DEFAULT, DEFAULT), ('e25e0c45-28e1-5923-b63d-64b8ddeff422', 'Aliqua Id', '0cb21e27-1e4d-50c9-bd0d-f6696d98b44c', DEFAULT, DEFAULT), ('51a084b6-d183-5fbc-beeb-9d670865e2cb', 'Voluptate', '0cb21e27-1e4d-50c9-bd0d-f6696d98b44c', DEFAULT, DEFAULT), ('831f051c-863e-5783-acbb-10017cb1c3ce', 'Proident Amet', '0cb21e27-1e4d-50c9-bd0d-f6696d98b44c', DEFAULT, DEFAULT), ('061a9df6-5f3b-55cf-9879-eec1a4061457', 'Magna Nostrud Id', '29d37d99-954e-5434-8e90-9d564d65e434', DEFAULT, DEFAULT), ('f8fbdff1-11b4-54fa-ab90-292d82d3d353', 'Et Exercitation Do', '29d37d99-954e-5434-8e90-9d564d65e434', DEFAULT, DEFAULT), ('3af5be38-b117-5675-8d7a-e27a1a34e8a8', 'Culpa Ex Et', '29d37d99-954e-5434-8e90-9d564d65e434', DEFAULT, DEFAULT), ('ab07c47c-511a-5092-acb9-cbf862e0076b', 'Et', '29d37d99-954e-5434-8e90-9d564d65e434', DEFAULT, DEFAULT), ('f46ce5c6-3097-5b5d-8213-37b749a8664f', 'Reprehenderit Elit E', '29d37d99-954e-5434-8e90-9d564d65e434', DEFAULT, DEFAULT), ('72d3531d-c972-50b3-9ba4-89c7e7226754', 'Nostrud Est Officia', '29d37d99-954e-5434-8e90-9d564d65e434', DEFAULT, DEFAULT), ('8dea886f-fc5d-51fd-ac80-f3c52f3b244b', 'Sunt', '29d37d99-954e-5434-8e90-9d564d65e434', DEFAULT, DEFAULT), ('6653ef95-0532-561d-a71b-05f5c1bc302b', 'Ipsum Labore', '64957ee8-7d0b-54ac-82da-6c959456806c', DEFAULT, DEFAULT), ('a9072b83-7976-58e9-a9c4-45664532f42e', 'Irure', '64957ee8-7d0b-54ac-82da-6c959456806c', DEFAULT, DEFAULT), ('1bdf6d4a-906f-5da5-b91f-35917468bf74', 'Nostrud Occaecat', '64957ee8-7d0b-54ac-82da-6c959456806c', DEFAULT, DEFAULT), ('830a4bb5-d929-5c1b-94fc-74a53795cc52', 'Nisi Minim', '64957ee8-7d0b-54ac-82da-6c959456806c', DEFAULT, DEFAULT), ('0f271189-6f05-5fbd-95b4-ad7e10a0703b', 'Velit Sit', '64957ee8-7d0b-54ac-82da-6c959456806c', DEFAULT, DEFAULT), ('f754848a-9cd5-551c-9bb4-aa81e33b42af', 'Deserunt Ex', '64957ee8-7d0b-54ac-82da-6c959456806c', DEFAULT, DEFAULT), ('95f6e66b-0348-54f6-ae25-2030a33390b2', 'Adipisicing Cillum', '64957ee8-7d0b-54ac-82da-6c959456806c', DEFAULT, DEFAULT), ('fc24b2c3-8978-588b-9aec-94430d8caa06', 'Fugiat Laboris', '64957ee8-7d0b-54ac-82da-6c959456806c', DEFAULT, DEFAULT), ('da67a96b-9942-5dc8-b342-59c6ccb73527', 'Officia Cupidatat', '64957ee8-7d0b-54ac-82da-6c959456806c', DEFAULT, DEFAULT), ('5e5a298d-faa5-525e-b761-9586e7925c91', 'Anim', 'b96a16b9-db3a-5601-8741-9aae600f278b', DEFAULT, DEFAULT), ('6843e0c5-7d9d-55cf-a335-436ba5672a4d', 'Est Nostrud', 'b96a16b9-db3a-5601-8741-9aae600f278b', DEFAULT, DEFAULT), ('d0b9d9c2-bfa2-53be-a46d-d6aceafcbc2d', 'Velit Aute Exercitat', 'b96a16b9-db3a-5601-8741-9aae600f278b', DEFAULT, DEFAULT), ('99498cc5-464e-5b95-a415-0dba48b40687', 'Ut Commodo', 'c25b7aec-7cbc-5229-a69a-f81a4d2a8c67', DEFAULT, DEFAULT), ('7cb09c84-7471-599f-bae0-90d61a321390', 'Aute Exercitation Mi', 'c25b7aec-7cbc-5229-a69a-f81a4d2a8c67', DEFAULT, DEFAULT), ('a727f58e-5d42-555f-a07e-84196ea16b24', 'Ea Consequat Labore', 'c25b7aec-7cbc-5229-a69a-f81a4d2a8c67', DEFAULT, DEFAULT), ('81cd6138-b0c3-5d83-86b9-8143c909421b', 'Fugiat Sint', 'c25b7aec-7cbc-5229-a69a-f81a4d2a8c67', DEFAULT, DEFAULT), ('84b4201e-d939-5d48-aba4-b4b107dfdf5d', 'Ex Nulla', 'c25b7aec-7cbc-5229-a69a-f81a4d2a8c67', DEFAULT, DEFAULT), ('626028b2-23d2-53a4-aca9-9c9cc4158e30', 'Sint Cupidatat', 'c25b7aec-7cbc-5229-a69a-f81a4d2a8c67', DEFAULT, DEFAULT), ('c6add04b-f7fe-5a4a-99c2-280079fffcdb', 'Non Lorem', 'c25b7aec-7cbc-5229-a69a-f81a4d2a8c67', DEFAULT, DEFAULT);
UPDATE public.team SET plan_id = 4 WHERE id = '7c2c4732-09c1-5f7b-87ca-c53e7497b4ef';
UPDATE public.team SET plan_id = 4 WHERE id = 'f50563b6-8532-51ec-b121-d8c6bca3e897';
UPDATE public.team SET plan_id = 4 WHERE id = 'f1bf295c-195b-5a42-9c6b-5bfa14b58307';
UPDATE public.team SET plan_id = 4 WHERE id = 'e0eebbc8-63c9-5fee-b088-b3310b672c35';
UPDATE public.team SET plan_id = 4 WHERE id = '1c17c04a-19f5-5c48-8b6b-48fe02257ffb';
UPDATE public.team SET plan_id = 4 WHERE id = 'a2996c99-b8bb-5bf6-b789-844e821ceb82';
UPDATE public.team SET plan_id = 4 WHERE id = '5d016028-a6a3-5268-91a3-91021dbfda0a';
UPDATE public.team SET plan_id = 4 WHERE id = 'b279891e-05aa-528b-867b-dd6fe5fa77c8';
UPDATE public.team SET plan_id = 4 WHERE id = 'ff53868f-9940-575d-8fa8-923808f93a53';
UPDATE public.team SET plan_id = 4 WHERE id = '8172203a-00e7-5e0e-919b-2970e0d891df';
UPDATE public.team SET plan_id = 4 WHERE id = '7b5ee10b-959f-565b-9dac-a4bab4f6c6bf';
UPDATE public.team SET plan_id = 4 WHERE id = '38400370-0369-5239-8b08-499aef0591ef';
UPDATE public.team SET plan_id = 4 WHERE id = '77394b64-1ec1-5043-8dc3-08f9200521d4';
UPDATE public.team SET plan_id = 4 WHERE id = '56ea9a57-3786-5a49-9700-501eb57a1328';
UPDATE public.team SET plan_id = 4 WHERE id = '731fb763-1773-5758-b8dd-d75381b0e72a';
UPDATE public.team SET plan_id = 5 WHERE id = '5e20f9a8-7b26-5a5f-8426-6b12c182d23c';
UPDATE public.team SET plan_id = 5 WHERE id = '53fe0e9e-3358-5722-b994-4faad8733cd3';
UPDATE public.team SET plan_id = 5 WHERE id = 'e4834379-a7a0-5f41-8193-f598072b1c83';
UPDATE public.team SET plan_id = 5 WHERE id = 'a9f91eda-269f-54d0-83de-05f0c2ecbf08';
UPDATE public.team SET plan_id = 5 WHERE id = 'c0062d28-74ce-56b0-8124-852c5c4cdd1f';
UPDATE public.team SET plan_id = 5 WHERE id = 'a1d779f7-e622-5cd1-b766-eb2b7925b3c0';
UPDATE public.team SET plan_id = 5 WHERE id = 'bd4e2ea6-e7d4-5655-93cc-d1ed71c3483c';
UPDATE public.team SET plan_id = 5 WHERE id = 'fb2f612f-57ab-526e-8b57-f5de07942107';
UPDATE public.team SET plan_id = 5 WHERE id = '38cee772-792e-54fe-ae0f-d62f75f71c11';
UPDATE public.team SET plan_id = 5 WHERE id = '60f279f1-b04c-57b1-b6aa-b71a8811c6ab';
UPDATE public.team SET plan_id = 5 WHERE id = 'b5d35d7e-f19e-568e-9efe-911f779c892f';
UPDATE public.team SET plan_id = 5 WHERE id = '3db3509a-5565-5145-aa2d-eb656db639a3';
UPDATE public.team SET plan_id = 5 WHERE id = '16b2ddd9-4627-52fa-8115-8453cfa39374';
UPDATE public.team SET plan_id = 6 WHERE id = '782f7eda-e535-5ab3-8415-643126d3b0fa';
UPDATE public.team SET plan_id = 6 WHERE id = '5daf6f25-3b97-5f49-8f75-4ba5d1d74cd3';
UPDATE public.team SET plan_id = 6 WHERE id = '3788fdae-c690-5563-abac-18b51e4d210f';
UPDATE public.team SET plan_id = 6 WHERE id = '177ae72e-41a6-5325-80d6-452827ea5918';
UPDATE public.team SET plan_id = 6 WHERE id = 'c0a2f5c4-7781-5310-ad3c-e7b9f41a7ace';
UPDATE public.team SET plan_id = 6 WHERE id = '71c019c0-f4c8-51ac-bfff-4141eabf85f3';
UPDATE public.team SET plan_id = 6 WHERE id = 'ab4eb860-b9b9-58f5-84c6-b76a08d23dfd';
UPDATE public.team SET plan_id = 6 WHERE id = 'dd9140ad-b92d-5673-a8c2-8b1c4e3e8697';
UPDATE public.team SET plan_id = 6 WHERE id = '78de8c0c-fe2d-50bd-afca-68bed9f87cd0';
UPDATE public.team SET plan_id = 6 WHERE id = '81e51b22-aab8-5050-a735-aa5917f8771b';
UPDATE public.team SET plan_id = 6 WHERE id = 'f6cb58dd-a0aa-5d2b-8ce5-200e44be4f36';
UPDATE public.team SET plan_id = 6 WHERE id = '48ed64cc-01ce-5cc6-8ffd-8d552f857570';
UPDATE public.team SET plan_id = 6 WHERE id = '0cb21e27-1e4d-50c9-bd0d-f6696d98b44c';
UPDATE public.team SET plan_id = 6 WHERE id = '29d37d99-954e-5434-8e90-9d564d65e434';
UPDATE public.team SET plan_id = 6 WHERE id = '64957ee8-7d0b-54ac-82da-6c959456806c';
UPDATE public.team SET plan_id = 6 WHERE id = 'b96a16b9-db3a-5601-8741-9aae600f278b';
UPDATE public.team SET plan_id = 6 WHERE id = 'c25b7aec-7cbc-5229-a69a-f81a4d2a8c67';
SELECT setval('"public"."plan_id_seq"'::regclass, (SELECT MAX("id") FROM "public"."plan"));
INSERT INTO public.arena (id,game_id,name,metadata,created_at,updated_at) VALUES (11, 2, 'Silverlake Stadium', DEFAULT, DEFAULT, DEFAULT), (12, 3, 'Downtown Plaza Pavilion', DEFAULT, DEFAULT, DEFAULT), (13, 4, 'Bayshore Pavilion', DEFAULT, DEFAULT, DEFAULT), (14, 4, 'Sunset Stadium', DEFAULT, DEFAULT, DEFAULT), (15, 2, 'Downtown Square Pavilion', DEFAULT, DEFAULT, DEFAULT), (16, 5, 'Oceanfront Amphitheater', DEFAULT, DEFAULT, DEFAULT), (17, 5, 'Main Square Arena', DEFAULT, DEFAULT, DEFAULT), (18, 1, 'Southbank Arena', DEFAULT, DEFAULT, DEFAULT), (19, 4, 'Waterfront Amphitheater', DEFAULT, DEFAULT, DEFAULT), (20, 5, 'Meadowbrook Pavilion', DEFAULT, DEFAULT, DEFAULT);
SELECT setval('"public"."arena_id_seq"'::regclass, (SELECT MAX("id") FROM "public"."arena"));
INSERT INTO public.blueprint (id,book_id,arena_id,visibility,name,tags,created_at,updated_at) VALUES ('fd4a2d4e-8569-59ca-837d-fb7fa0ab1be1', 'd6d4ebe8-fe3c-5e62-98d8-e678f356450c', 15, 'public', 'Roaming Support Plan', '{"laboris et esse et","aliquip nostrud aliqua in","exercitation excepteur ea do pro","culpa voluptate excepteur ullamc"}', DEFAULT, DEFAULT), ('e0502ed9-8194-54d4-be5d-43176e2a7438', '405dd580-b1c8-5c0e-9df0-d82b7f57175d', 18, 'unlisted', 'Roaming Support Plan', '{}', DEFAULT, DEFAULT), ('cba89714-5b1d-590f-92a2-27cfb555b7e4', 'e7220451-be7e-505e-a9bf-ee44e4532e06', 14, 'public', 'Gank Heavy Approach', '{"incididunt esse","non magna deserunt occaecat","in ut labore","nisi ullamco","laborum enim","cupidatat tempor irure"}', DEFAULT, DEFAULT), ('497b8842-fb80-5638-ba6f-3f3e64daa06b', '31bb49e9-e86d-546a-9e01-6986e5eacf06', 12, 'public', 'Map Control Blueprint', '{"in voluptate nisi commodo"}', DEFAULT, DEFAULT), ('75fbf0dd-b3c9-5513-87f0-9d9a9004f64c', 'eeba85da-b4f7-5195-887e-28b7dc8a5236', 13, 'private', 'Baron Control Strategy', '{"adipisicing","ipsum elit","nisi occaecat do","cillum aute","dolore nisi sit","laborum mollit eiusmod ut","aliqua occaecat cillum laborum"}', DEFAULT, DEFAULT), ('0352b4c9-6de9-5702-929d-3d622c6456a1', '8dea886f-fc5d-51fd-ac80-f3c52f3b244b', 14, 'public', 'Rotation Strategy Document', '{"non","duis velit elit","sint ex","elit","magna Lorem amet sit","exercitation labore exercitation"}', DEFAULT, DEFAULT), ('1e701d2b-566c-5f82-8280-a2a9d02ee590', 'a5e6c58e-54df-5943-b1b7-463c2ae0fb74', 14, 'unlisted', 'Early Game Dominance Guide', '{"ad veniam","officia ea aute","proident duis excepteur","laboris quis cillum labore","adipisicing officia sunt cupidat"}', DEFAULT, DEFAULT), ('f04c0ed1-b624-5092-8b98-dae6fff857dc', '225b2186-bb16-5b0a-b7be-47fd3c5a5cf9', 16, 'private', 'Early Game Dominance Guide', '{"ad labore duis sint"}', DEFAULT, DEFAULT), ('7eef79d9-ea6c-5417-b347-09dbcb8b4c78', '6ae168d9-ec9f-5cc8-9efc-a8418f6ebd72', 13, 'unlisted', 'Roaming Support Plan', '{"deserunt eiusmod labore","ut","excepteur anim ut","ipsum deserunt ullamco laboris l","velit veniam","sunt nisi enim"}', DEFAULT, DEFAULT), ('3aff3e37-0331-5c7a-a0f5-1b6595c2ad7b', 'ba4d6fef-111f-5ce5-883e-2b3880f373bf', 19, 'public', 'Baron Control Strategy', '{"elit eiusmod enim ex","sunt laborum tempor","est nulla anim tempor","occaecat proident","voluptate labore adipisicing eu ","ut enim tempor","aliqua mollit enim","amet sunt"}', DEFAULT, DEFAULT), ('7c0cf1d4-d57d-5092-a3f0-ca49e04ace52', '061a9df6-5f3b-55cf-9879-eec1a4061457', 13, 'public', 'Roaming Support Plan', '{"ex minim eu","id nostrud"}', DEFAULT, DEFAULT), ('26c80d6d-0d6f-5fb2-8296-8b5e9e1fdeb7', '096adf71-c74e-5b77-822b-46a8768797c5', 20, 'unlisted', 'Early Game Dominance Guide', '{}', DEFAULT, DEFAULT), ('310ccf44-859c-5587-8001-5aa84afb3236', '5f651c76-ceba-56db-bd60-512d4079ec53', 17, 'private', 'Wave Management Plan', '{"ut ea mollit","consectetur consequat adipisicin","voluptate in non ea","eu est","magna officia officia cupidatat ","proident excepteur aliqua"}', DEFAULT, DEFAULT), ('c6131a0d-c1ea-5dce-8460-c91026e41f9f', '91fa3874-9437-5dfa-a49a-f19fb38d9e92', 17, 'public', 'Siege Tactics Handbook', '{"labore in quis","proident","aliqua nulla aute culpa esse","esse dolor culpa","ut cupidatat enim enim","cupidatat ullamco qui magna ex"}', DEFAULT, DEFAULT), ('054eb394-a081-59a1-b613-e1c8bbcc6250', '2f76c526-de17-58f1-a75e-aee239f7ed57', 13, 'public', 'Counter Pick Blueprint', '{"nulla culpa","amet qui pariatur","ea deserunt amet exercitation ip","cillum velit sint fugiat","fugiat deserunt cupidatat"}', DEFAULT, DEFAULT), ('4cb602e9-b66f-5f7e-a7a1-71729454372c', '756cbb59-27d6-58f3-b4b9-8b56121e683f', 18, 'unlisted', 'Rotation Strategy Document', '{"proident veniam ea excepteur","consectetur laboris reprehenderi","sunt aliqua","culpa in","ullamco laborum cillum","velit cupidatat sit","occaecat consectetur laborum ven","eu ex Lorem","do deserunt"}', DEFAULT, DEFAULT), ('8ed312f8-fa19-5305-a78e-7cdee2dc9e00', '9b1fc781-1e4e-56d2-bd68-0dc257a319c0', 19, 'private', 'Aggressive Rush Strategy', '{"ad enim eu","reprehenderit aliqua","mollit tempor occaecat amet","consequat exercitation exercitat","eu ad irure"}', DEFAULT, DEFAULT), ('c9bad04c-3d6e-5efe-9540-7763dde57640', 'cd1520c4-af17-5e1e-b5b0-a9e95f36a7c4', 19, 'private', 'Objective Focused Strategy', '{"proident eu amet velit sint"}', DEFAULT, DEFAULT), ('7a350dde-d215-538c-bfd3-d5cdd8b40555', 'd2268e40-fa6d-5300-9f01-b7cc8f9018e3', 20, 'public', 'Counter Pick Blueprint', '{"mollit quis","amet eiusmod","Lorem laboris","labore non Lorem"}', DEFAULT, DEFAULT), ('bd6c4dd0-06e8-56ab-abd6-6e9e777c13a7', '1bf9a820-bb8f-59cd-8902-84a62a1aa29f', 14, 'public', 'Counter Pick Blueprint', '{"ut commodo duis veniam enim","sit magna aliqua veniam","pariatur occaecat nulla","consectetur voluptate","eiusmod eiusmod non proident","proident magna nisi","ea est","ullamco minim ut in dolore"}', DEFAULT, DEFAULT), ('844103e5-8cf8-5795-8a63-ccecfc3e2001', '6c52c1d9-13a4-51ef-ae51-1dacc4c14be9', 16, 'public', 'Gank Heavy Approach', '{"est proident pariatur deserunt","nisi aute sit irure","cupidatat ad est","ipsum anim elit aliqua non"}', DEFAULT, DEFAULT), ('582d0ca1-76cc-5500-9dd8-190ab817072d', 'd6d652bf-48a5-5a85-a95d-16c25edc5397', 19, 'private', 'Vision Control Blueprint', '{"id laboris"}', DEFAULT, DEFAULT), ('9012aa86-f8a2-5033-82d5-336bcaa03c26', 'f5d8c620-973f-509a-b5b1-dc1e889a22a1', 20, 'public', 'Siege Tactics Handbook', '{"sunt cillum","mollit enim non","irure occaecat anim tempor"}', DEFAULT, DEFAULT), ('746bb5ad-439a-519a-90ef-991641df1623', 'f7f33f5b-7e02-5784-9db2-ed2995544a54', 18, 'unlisted', 'Late Game Scaling Strategy', '{"eiusmod adipisicing commodo sint","consectetur eu cupidatat","commodo","duis quis","dolor cillum laborum","esse non","eu ipsum do","incididunt laborum"}', DEFAULT, DEFAULT), ('b1bab82d-de7c-55e3-8115-1651b8f68765', '9f273059-bf49-55a4-bf95-e6bedcccffe3', 12, 'private', 'Secure Objective Playbook', '{"sint cillum amet ad","aliqua mollit eiusmod","ipsum","sunt sit","sit sint amet","ad enim consectetur eiusmod in","qui nisi pariatur adipisicing","excepteur nulla consequat deseru"}', DEFAULT, DEFAULT), ('0145500d-2ab2-5c49-9cea-edd711ce1cc9', '88501f36-608d-5074-ab3f-752cd478292f', 14, 'unlisted', 'Aggressive Rush Strategy', '{"veniam enim occaecat cupidatat"}', DEFAULT, DEFAULT), ('703c3370-90fb-5d22-8365-f34357b3ffb8', '9a2c5b91-3c65-50ae-8188-68db1f1edfc4', 17, 'private', 'Rotation Strategy Document', '{"excepteur cupidatat","consequat ex laboris proident Lo","nisi aute eu","ex sunt nisi Lorem","pariatur velit","fugiat duis","exercitation id consequat exerci"}', DEFAULT, DEFAULT), ('fd862b26-fe8c-52d0-b06e-3c9f938bd3ab', 'f5d8c620-973f-509a-b5b1-dc1e889a22a1', 17, 'public', 'Jungle Control Playbook', '{}', DEFAULT, DEFAULT), ('70415515-b81b-59ef-a1ed-18578b73b7ae', 'f754848a-9cd5-551c-9bb4-aa81e33b42af', 18, 'private', 'Baron Control Strategy', '{"deserunt quis","eu laborum do","cillum anim laborum","magna commodo amet esse","ea est","irure consequat non eu","nulla"}', DEFAULT, DEFAULT), ('c5558815-aa72-5938-a7c8-62ae2c1a039c', '47ec07ed-2b5c-5f84-a424-1002e39b4917', 18, 'public', 'Secure Objective Playbook', '{"fugiat"}', DEFAULT, DEFAULT), ('703bbd20-9625-5bd7-8aa3-5ead0245fe50', 'e4c44768-00c8-52e6-80f9-625972d5d9b9', 11, 'unlisted', 'Objective Focused Strategy', '{}', DEFAULT, DEFAULT), ('68ff3d82-b6b6-5053-9e74-aa9b346dd8d1', '94daea14-9b93-5933-9044-5ccc1eb32f8f', 20, 'private', 'Wave Management Plan', '{}', DEFAULT, DEFAULT), ('522e120d-7e21-504a-9c96-99e429197e5a', '3204ce32-7c5b-5953-969e-fe1d17de6e76', 17, 'unlisted', 'Counter Pick Blueprint', '{"sit culpa","eiusmod proident consectetur ali","amet do sit qui","eiusmod enim"}', DEFAULT, DEFAULT), ('54b879fc-04e4-53b3-8cec-0174fc0ccd34', 'e9decb87-4a50-5c41-896c-16fe0d21ebca', 15, 'private', 'Counter Pick Blueprint', '{"minim do cupidatat cupidatat","exercitation dolore sunt irure","veniam elit","mollit laborum sunt aute"}', DEFAULT, DEFAULT), ('fb90b354-0ae1-59da-9637-61f6c5ed3fb9', '8c5ef042-1b14-56ed-adba-e25d3960a3cf', 14, 'public', 'Secure Objective Playbook', '{"laborum exercitation","cillum proident pariatur fugiat","esse ipsum nisi","nisi exercitation aliquip ex","qui","amet fugiat qui nostrud labore","labore occaecat adipisicing elit"}', DEFAULT, DEFAULT), ('95b3988b-e14b-57a7-900d-4985cb116f17', 'ede942ce-5022-581a-99ff-f8ebb6d10d8a', 16, 'private', 'Gank Heavy Approach', '{"velit ad","laborum fugiat","amet laboris anim","ex","est","eu esse nulla enim pariatur"}', DEFAULT, DEFAULT), ('7d1face3-2e87-52f5-9623-fff9de0a6539', '98bf31df-37fd-5af6-86dd-8686cdc35eeb', 19, 'public', 'Map Control Blueprint', '{"proident deserunt et","nisi ad aliquip consectetur dolo","sint et","non qui","eiusmod mollit"}', DEFAULT, DEFAULT), ('e8bf9a25-132d-5d46-b40a-d08534be6c9f', 'eff6dde6-e4aa-5c61-9818-5d7ae0bf58b7', 11, 'unlisted', 'Counter Pick Blueprint', '{"do enim deserunt nulla","deserunt labore nulla tempor non","irure nostrud quis","ea reprehenderit aliqua"}', DEFAULT, DEFAULT), ('29a560e9-84d9-5f41-9b09-76969cbfb144', 'a8212e1b-5577-5c28-9c38-2d4fbd753550', 12, 'public', 'Counter Pick Blueprint', '{"veniam commodo","ut enim","dolor nulla exercitation","officia Lorem nisi id velit","ex incididunt dolore","incididunt dolore Lorem velit fu","anim eiusmod duis"}', DEFAULT, DEFAULT), ('d9c4b302-5ab0-5114-8120-41d1876c7eb9', '7d0c4d54-58ae-5ddf-b108-590171e8655a', 17, 'public', 'Objective Focused Strategy', '{"nulla magna do proident exercita","fugiat dolor consequat duis","cillum ipsum","minim anim","mollit officia pariatur","excepteur sunt","occaecat","est aliqua incididunt id","nulla consectetur"}', DEFAULT, DEFAULT), ('ca1b9e1e-f7c0-5c4a-a566-aabf3f7ebb80', 'fc295a44-56fb-5a65-beee-66fd6554ae26', 13, 'unlisted', 'Vision Denial Blueprint', '{"aute consectetur","do","non","ullamco cillum","sint enim aliquip","irure aute","excepteur aliqua","ex id sit magna veniam","incididunt aute Lorem sint"}', DEFAULT, DEFAULT), ('cde91e33-9c71-56e0-b19e-f2372fa577cf', 'a9072b83-7976-58e9-a9c4-45664532f42e', 20, 'private', 'Secure Objective Playbook', '{"labore commodo Lorem velit","Lorem reprehenderit aliquip in","pariatur incididunt","consectetur eiusmod","proident exercitation adipisicin"}', DEFAULT, DEFAULT), ('013547e4-326e-5221-8377-310093ccf53a', '27a14f80-586c-54cd-876e-cd42ede1f04f', 20, 'private', 'Rotation Strategy Document', '{}', DEFAULT, DEFAULT), ('50cffa66-dd91-5aed-8c46-1b76e488de31', '95f6e66b-0348-54f6-ae25-2030a33390b2', 16, 'unlisted', 'Rotation Strategy Document', '{"qui irure","ad magna","occaecat ex nostrud id","magna sit eu","fugiat nisi nisi","sint voluptate incididunt","anim magna exercitation","cillum","laboris","fugiat fugiat"}', DEFAULT, DEFAULT), ('f550c2bf-a147-5e29-8a01-470336f387eb', 'd2f08d89-447f-5d3d-96e5-385ed888c091', 16, 'unlisted', 'Map Control Blueprint', '{"officia id"}', DEFAULT, DEFAULT), ('a30e3d57-ad0a-594d-9622-8a2514b8110c', '79efb743-bb54-546e-8bdf-089509399715', 18, 'private', 'Roaming Support Plan', '{"nisi ea quis elit veniam","id officia aliquip nostrud","commodo id","Lorem qui","commodo commodo id","consectetur pariatur","ad incididunt"}', DEFAULT, DEFAULT), ('cb76f565-509b-50d9-bbe4-5c6e7c9b0eb4', '6a3486ce-c3fa-519b-8ad1-f329a5c3ee43', 20, 'unlisted', 'Secure Objective Playbook', '{"laboris qui nulla ut","veniam ut","Lorem ipsum do","culpa eiusmod","incididunt","sit magna laborum","id fugiat","commodo tempor nostrud","elit dolor est anim","aute velit pariatur sunt"}', DEFAULT, DEFAULT), ('a344c7b4-07e6-54df-b4ed-f27c7916e147', 'e2b744a0-a170-5a87-828d-34cc6f64ca05', 12, 'public', 'Split Push Blueprint', '{"sint et officia","laboris consequat reprehenderit ","velit","non in ut mollit","proident duis","in aliquip id nostrud minim","esse adipisicing"}', DEFAULT, DEFAULT), ('6c40d2d3-07ad-5aa1-a5fa-cf5861475e5d', '2386fe50-4da3-5ca3-b993-046dc48afb23', 15, 'unlisted', 'Team Fight Execution Plan', '{"qui ullamco ad do","irure eiusmod cupidatat fugiat","qui laborum minim aliquip do","labore qui proident irure"}', DEFAULT, DEFAULT), ('ba7460a4-9316-52e4-9e3a-05ee82b85e66', '92bf5244-388d-5bbf-bd84-1c7ad2efe31b', 15, 'unlisted', 'Split Push Blueprint', '{"laboris culpa sit commodo","nisi dolor","adipisicing sunt duis qui","nisi sit","sit occaecat esse","pariatur ullamco et","commodo ea","eu laborum labore tempor"}', DEFAULT, DEFAULT), ('fb3595df-62ad-5f54-ac34-3a578952555c', '9b1fc781-1e4e-56d2-bd68-0dc257a319c0', 19, 'public', 'Map Control Blueprint', '{"reprehenderit exercitation in","irure qui","elit laboris et","mollit id","et incididunt aliquip","qui cillum"}', DEFAULT, DEFAULT), ('90edde40-1b87-5f75-90b9-68639fbcb2b8', 'ac772386-a452-5d18-88c7-396c2a71eb0b', 18, 'unlisted', 'Map Control Blueprint', '{"id voluptate eu","irure duis","mollit ullamco eu magna do","exercitation quis","officia fugiat incididunt"}', DEFAULT, DEFAULT), ('ea26a496-35d8-5f3f-a769-a80898ec7b17', '8a0a556f-d942-55f0-8ba8-1ffbfaf3c6d9', 12, 'unlisted', 'Aggressive Rush Strategy', '{"culpa commodo dolore","adipisicing reprehenderit volupt"}', DEFAULT, DEFAULT), ('035a0a25-d588-551c-9f76-4e9f593ffaf4', 'df625f4d-0fe2-599a-b1d3-13232701e19f', 19, 'public', 'Aggressive Rush Strategy', '{"amet Lorem nulla est","in minim"}', DEFAULT, DEFAULT), ('e7f55997-6008-5d29-9f7f-564ab748cc59', '7a86b477-8922-5c78-85b7-47a44d6877c0', 18, 'private', 'Siege Tactics Handbook', '{"nulla dolor anim laboris","velit do laboris sunt fugiat","quis ipsum laboris","eiusmod consequat culpa"}', DEFAULT, DEFAULT), ('396ce0bd-b3e1-5b3c-94ea-bb5357e1c76a', '47c1a5aa-1c4a-5781-9c8f-968a639137d7', 19, 'unlisted', 'Roaming Support Plan', '{"officia magna reprehenderit magn","non dolore cillum mollit veniam","mollit","minim nulla velit ipsum culpa","tempor aliquip","et ea","Lorem laboris aliquip","consectetur sint"}', DEFAULT, DEFAULT), ('4cb2c65b-80df-57cc-9c0d-6c346029b88f', 'a5831e58-2fc9-5b59-970d-00c344a4eb18', 15, 'public', 'Objective Focused Strategy', '{"adipisicing","duis ea cupidatat laborum incidi","magna incididunt adipisicing","mollit occaecat","tempor","aute cillum"}', DEFAULT, DEFAULT), ('8172dfee-2cce-5dee-9293-b6bd5f74d656', '8d3f145b-67b0-504d-b49a-d59ecea5d2d8', 19, 'public', 'Team Fight Execution Plan', '{"cillum dolore eiusmod nulla","voluptate minim laborum","laboris consectetur cillum amet ","velit ex velit","aute et sunt","ad quis reprehenderit et","est mollit ullamco cupidatat","occaecat occaecat esse anim do","cupidatat voluptate consequat"}', DEFAULT, DEFAULT), ('910e8e4b-af24-5f28-a2eb-631066a490eb', 'a4b32498-f3a6-5110-a5b6-de20f0314c35', 18, 'public', 'Vision Denial Blueprint', '{"nisi labore sunt culpa"}', DEFAULT, DEFAULT), ('150381a3-e791-54de-9419-0edac12fb9eb', '404e076e-a943-52e4-a2ce-10591a9caa1f', 12, 'public', 'Counter Pick Blueprint', '{"ad esse","sint"}', DEFAULT, DEFAULT), ('ddb37574-0dbe-5aa4-a5e8-b15242cefaff', '3a804324-748d-571a-afad-6b9c20a35337', 17, 'private', 'Counter Pick Blueprint', '{"amet minim commodo","aliqua","sint laboris ad labore enim","aliquip labore in culpa","pariatur sunt","est"}', DEFAULT, DEFAULT), ('77fbdaed-4103-591b-82ee-3e3fa4b78a9b', '91fa3874-9437-5dfa-a49a-f19fb38d9e92', 20, 'public', 'Late Game Scaling Strategy', '{}', DEFAULT, DEFAULT), ('0f1e8b42-396d-5765-be37-bce2ee646e04', '95f6e66b-0348-54f6-ae25-2030a33390b2', 14, 'public', 'Defensive Turtle Tactics', '{"elit enim voluptate"}', DEFAULT, DEFAULT), ('5308f8b3-4d4d-529a-bd7c-3a77ac4fe6ae', '6adbfe77-3519-54e6-9e12-eef5b2e20ee7', 17, 'public', 'Jungle Control Playbook', '{}', DEFAULT, DEFAULT), ('851e9ece-db38-530e-b3f9-f5e1d49a3b34', '77085b75-b014-57d0-8618-9cc95436a25e', 17, 'private', 'Gank Heavy Approach', '{"sint","fugiat","tempor ipsum"}', DEFAULT, DEFAULT), ('2189cd55-c657-5ce9-999a-da1a2dbf7ea0', 'd0b9d9c2-bfa2-53be-a46d-d6aceafcbc2d', 11, 'private', 'Late Game Scaling Strategy', '{"qui","culpa","irure excepteur Lorem","adipisicing magna","magna irure officia ipsum","cillum quis","esse et voluptate elit","labore mollit dolore","proident veniam aute est","occaecat anim cillum"}', DEFAULT, DEFAULT), ('902d4a21-0657-5095-b741-ac0d408bb89e', 'ee198d66-a798-52a5-8b79-9931f7b835e3', 17, 'private', 'Early Game Dominance Guide', '{"sunt ut veniam excepteur","nisi quis aliqua","laborum","non elit","tempor ullamco occaecat magna"}', DEFAULT, DEFAULT), ('0d40f7c0-72b0-55c2-8e48-c6c65bd9815f', '9ce77012-7bc0-55bb-a797-dcf5bbd8fc2e', 12, 'public', 'Map Control Blueprint', '{"voluptate nostrud officia offici","laboris","culpa exercitation ex mollit","veniam proident qui sunt","tempor et ut eu nisi","dolor mollit ad"}', DEFAULT, DEFAULT), ('f09f5f0c-d6f4-5089-a919-82fdea15dad9', 'ad1bbcac-cdbb-551f-b25a-b14b40074515', 11, 'private', 'Vision Denial Blueprint', '{"tempor reprehenderit","tempor reprehenderit consequat v","dolore pariatur aliquip"}', DEFAULT, DEFAULT), ('9bfcf305-f3a4-5bed-9ee4-3f5ccf9e59af', '59d8bfe4-2c84-5707-a356-dbe1eb5eec54', 15, 'private', 'Early Game Dominance Guide', '{"amet id tempor","enim quis","est incididunt duis","nulla ea eiusmod"}', DEFAULT, DEFAULT), ('2ff309f0-6726-5920-ad23-47ba58fd2525', '1f9495a7-9f91-5b8e-a431-ff0404db08b3', 18, 'unlisted', 'Counter Pick Blueprint', '{"enim quis voluptate","voluptate ex","do deserunt aute","adipisicing deserunt ut cupidata"}', DEFAULT, DEFAULT), ('bac302d7-9e20-52d1-89cc-b0e99ef3b896', 'df625f4d-0fe2-599a-b1d3-13232701e19f', 12, 'public', 'Defensive Turtle Tactics', '{"aliquip in occaecat dolor qui","Lorem excepteur qui"}', DEFAULT, DEFAULT), ('ef31ceeb-0f8d-5da0-ab9c-18045c420f99', '2589cf16-4103-5a4f-b544-b30078083eaa', 15, 'private', 'Defensive Turtle Tactics', '{"ullamco eiusmod esse","duis deserunt aliqua proident en","elit","do eiusmod"}', DEFAULT, DEFAULT), ('2be70e34-56ed-5cb2-9758-b8f796ec32ec', 'cda3814f-c14d-5dcf-a835-797df84f6d99', 20, 'public', 'Wave Management Plan', '{"consequat aliqua irure proident","sit tempor culpa","enim adipisicing cillum laboris"}', DEFAULT, DEFAULT), ('49e5f9f5-6a8f-5423-81e9-9e8e2c467770', 'b5f933d0-c28e-517c-9fca-d9e38dc742a2', 19, 'unlisted', 'Siege Tactics Handbook', '{"ea aliqua","reprehenderit voluptate nisi","ipsum eu","eu in minim occaecat est","sunt laborum nostrud fugiat","incididunt non consectetur","ullamco fugiat culpa incididunt","occaecat excepteur id eiusmod ei"}', DEFAULT, DEFAULT), ('421a5d89-58fa-56e2-87c9-a4c6fd3159db', '47e5d6a1-6a7c-5068-97e6-b73d6f3b47c1', 19, 'public', 'Defensive Turtle Tactics', '{"sunt"}', DEFAULT, DEFAULT), ('c2ab0ed6-ea98-544f-a35e-cfff5a185dc8', '92bf5244-388d-5bbf-bd84-1c7ad2efe31b', 12, 'unlisted', 'Roaming Support Plan', '{"Lorem eiusmod","deserunt voluptate pariatur sunt","proident","officia occaecat id","minim sunt","aliqua consectetur non"}', DEFAULT, DEFAULT), ('6c6d219e-3884-5c60-8485-0fb500d0b675', '6f98547a-4734-5cb4-82a1-cf5fc4e37c8d', 18, 'unlisted', 'Roaming Support Plan', '{"in commodo velit","pariatur ipsum","aute occaecat","laboris eu irure cillum est","aliquip sunt ullamco ad"}', DEFAULT, DEFAULT), ('d5fd2418-0c52-558a-8369-707f9186db0b', 'eb3e804d-5ed0-59a1-900b-3b0f9b2cb577', 16, 'unlisted', 'Early Game Dominance Guide', '{"culpa qui ipsum ex id","sit ut cillum ullamco","ullamco pariatur consectetur iru","id magna","quis consectetur ullamco dolore ","consequat","sint eiusmod proident","qui","ea sit incididunt pariatur","aliqua dolor nulla nulla"}', DEFAULT, DEFAULT), ('0f22fcab-183d-5e80-9a98-c495a215f5f8', '9af6e0ef-7015-5390-856a-705032c2e40e', 11, 'unlisted', 'Defensive Turtle Tactics', '{"id nostrud veniam occaecat"}', DEFAULT, DEFAULT), ('f92c2ba5-8b0e-58ef-9364-e364e4c41522', '1bf9a820-bb8f-59cd-8902-84a62a1aa29f', 18, 'unlisted', 'Counter Pick Blueprint', '{"duis"}', DEFAULT, DEFAULT), ('e2ec2872-d983-5938-8f1c-38a9a14124dd', 'eb3e804d-5ed0-59a1-900b-3b0f9b2cb577', 18, 'public', 'Counter Pick Blueprint', '{"id veniam","esse voluptate adipisicing","incididunt mollit consequat labo"}', DEFAULT, DEFAULT), ('4d4230bc-d1b6-532c-9bbf-8c67caf4f9ed', 'e334db45-3389-5a47-b7c9-4ff8121637b5', 13, 'private', 'Early Game Dominance Guide', '{"in commodo consequat","dolor esse exercitation","ipsum labore sunt","labore","est","velit exercitation","duis culpa quis"}', DEFAULT, DEFAULT), ('8be9ffc5-25d1-5c32-be1f-9a9ec00544f6', '061a9df6-5f3b-55cf-9879-eec1a4061457', 16, 'unlisted', 'Early Game Dominance Guide', '{"tempor dolor culpa non culpa"}', DEFAULT, DEFAULT), ('a3241e44-bd93-5a11-a730-863e8eb75275', 'cf1d2e5e-3a18-5518-8e4c-387978992b8a', 17, 'private', 'Gank Heavy Approach', '{"magna labore aute enim in","velit fugiat","excepteur ut ad in"}', DEFAULT, DEFAULT), ('a1c32f18-989f-5961-80f5-4a21a838bc95', '6451b879-16d7-5644-b6b9-87dd18b3facf', 20, 'private', 'Baron Control Strategy', '{"ipsum minim laborum","officia","proident labore ad id","non magna labore dolore eiusmod","consectetur magna","cillum commodo amet velit nostru","magna"}', DEFAULT, DEFAULT), ('8fde1282-59d1-5f9b-bc10-4130ce793fa9', '3c0af99e-82a0-5346-8da5-2d2825b8a66d', 19, 'public', 'Late Game Scaling Strategy', '{"non incididunt aute adipisicing","voluptate est anim","adipisicing et est","ullamco id enim","fugiat anim","nisi"}', DEFAULT, DEFAULT), ('f85f8e1b-b8a0-528e-bc81-49b3e6a34ee5', '98eaafd3-adbf-5a3e-adb9-b3fb6971b6f1', 12, 'unlisted', 'Wave Management Plan', '{"nulla anim magna mollit","officia ullamco deserunt"}', DEFAULT, DEFAULT), ('e16cfe57-140d-5b3e-90f8-910575ffdd47', 'f7f33f5b-7e02-5784-9db2-ed2995544a54', 14, 'unlisted', 'Early Game Dominance Guide', '{"eiusmod elit eu","et aute nostrud minim mollit","mollit ipsum"}', DEFAULT, DEFAULT), ('06866e23-2aeb-59f2-9d3c-156507eb23db', 'e9de49c7-7c1c-5c70-9aad-96d6727706e4', 19, 'private', 'Gank Heavy Approach', '{"nostrud ut consectetur","velit magna enim ut sint","sint proident nulla occaecat rep","labore cillum elit aliquip"}', DEFAULT, DEFAULT), ('e5c44c16-4905-59d0-8c2a-f48ebfc3fdcc', 'b576de0c-954e-5345-a9e7-0d691c52341a', 13, 'unlisted', 'Split Push Blueprint', '{"consequat ut labore mollit","voluptate deserunt sit mollit","ea reprehenderit consequat","officia nostrud laborum non ipsu","fugiat","esse ex aliqua incididunt","mollit qui do reprehenderit","esse","consequat ullamco","culpa duis tempor"}', DEFAULT, DEFAULT), ('0298782b-da7d-55b4-a736-8126dd2f9d32', '2190cc4c-2cc5-5f9f-983d-55f70f31e468', 15, 'private', 'Early Game Dominance Guide', '{"quis sint ea minim occaecat","tempor cillum"}', DEFAULT, DEFAULT), ('8f534833-d8c3-5d0a-b63c-bd2740be0330', '6a248992-e0a8-5c27-8d71-fd2cfd3a1fd6', 20, 'private', 'Objective Focused Strategy', '{"nostrud labore excepteur tempor"}', DEFAULT, DEFAULT), ('1caeec83-1956-53fb-9c1a-7f585775c524', '45173bfe-a11f-574a-ac25-21cda1308ec9', 16, 'public', 'Defensive Turtle Tactics', '{"nisi qui","aute sint nostrud adipisicing","labore dolore irure"}', DEFAULT, DEFAULT), ('28f2bbc2-0260-5d64-a9bf-64e9bc163c30', 'd1b6355b-0594-5d07-b55b-72d2c66a1391', 17, 'unlisted', 'Jungle Control Playbook', '{"sit proident velit nisi","pariatur aute deserunt culpa","officia dolore voluptate officia","occaecat cupidatat cillum","nisi labore commodo","sunt Lorem sit ex","anim","labore"}', DEFAULT, DEFAULT), ('8590b74a-b67e-5525-9786-4e0fc4c65d06', '1d01e569-eec7-553a-916b-70c8b1d0f9ec', 14, 'private', 'Wave Management Plan', '{"cupidatat sint aute ipsum eu","eu eiusmod ipsum"}', DEFAULT, DEFAULT), ('fa5e4221-0eae-5da7-9a16-5b8399b9ef50', '95c65795-b9a1-572f-87ae-6fa70b020fbb', 20, 'unlisted', 'Baron Control Strategy', '{"ullamco ipsum ut","quis cupidatat sunt culpa"}', DEFAULT, DEFAULT), ('fedb01d5-16e2-59fd-8845-ff6a92bd83f7', 'b576de0c-954e-5345-a9e7-0d691c52341a', 20, 'unlisted', 'Counter Pick Blueprint', '{"fugiat qui non"}', DEFAULT, DEFAULT), ('d6d0cf2a-b6d2-5f41-bc05-2fe5bf5ca317', 'deab978c-4953-507c-b4fb-f509dd35f454', 16, 'public', 'Vision Control Blueprint', '{"id aliquip culpa","in","deserunt cillum dolor est","ad pariatur","do dolore est","anim velit ut quis","est ipsum excepteur"}', DEFAULT, DEFAULT), ('a18cadaa-4531-5180-a607-ad2a5bc25f0c', '4c13eae9-db84-5ef3-81db-cf60400b290d', 19, 'public', 'Map Control Blueprint', '{"commodo nulla","tempor sint culpa deserunt"}', DEFAULT, DEFAULT), ('7858de1c-870d-5289-9bbf-085e4de69d79', '79ef5172-d3d7-5e61-9d71-a40b27651163', 14, 'unlisted', 'Team Fight Execution Plan', '{"pariatur enim","occaecat et incididunt dolore si","aliqua consequat","sint elit","consectetur eiusmod","ea eu id"}', DEFAULT, DEFAULT), ('c5510993-cf82-5729-a476-bbba91fd2ee1', '94170f3d-888c-58bc-bc18-13592bfb52c5', 18, 'public', 'Siege Tactics Handbook', '{"duis culpa labore","cillum commodo culpa commodo","occaecat officia minim cupidatat","voluptate incididunt","aliqua laboris cupidatat ullamco","non aute consequat ut in","esse Lorem laboris","ad"}', DEFAULT, DEFAULT), ('65495df9-49dc-5680-b4b7-97fe7364e837', '98bf31df-37fd-5af6-86dd-8686cdc35eeb', 20, 'unlisted', 'Aggressive Rush Strategy', '{"exercitation","sit qui minim reprehenderit"}', DEFAULT, DEFAULT), ('6a08951b-2f4b-5069-a734-056efe107e30', 'a88bc9b9-135e-55c7-8c4c-5a072a3c8573', 20, 'unlisted', 'Aggressive Rush Strategy', '{}', DEFAULT, DEFAULT), ('d96e9820-0562-5ef0-a957-fb16e8a3cda6', '286a711e-ae86-5be5-9195-1d963e0504f7', 16, 'unlisted', 'Team Fight Execution Plan', '{}', DEFAULT, DEFAULT), ('44d39286-2c39-52c0-9fdf-811ac2ac0b4f', 'a5831e58-2fc9-5b59-970d-00c344a4eb18', 14, 'unlisted', 'Objective Focused Strategy', '{"nisi"}', DEFAULT, DEFAULT), ('f5284b1c-c867-5bcb-ae27-b4a46054354e', 'd0fa96c4-2bfe-5959-9fd4-b17ec4964e6d', 12, 'unlisted', 'Jungle Control Playbook', '{"ad dolor nulla est","duis","ea","do aliquip"}', DEFAULT, DEFAULT), ('748b6b6e-790a-524c-8953-9f99ff6241ea', 'cb82a658-7a6b-5f53-8103-de934a9d041a', 16, 'private', 'Early Game Dominance Guide', '{"amet cillum commodo velit volupt","dolor elit incididunt sunt","excepteur anim magna excepteur q","excepteur elit fugiat deserunt v","consectetur exercitation","amet dolore incididunt magna sun","consequat officia ex anim","deserunt","ex deserunt"}', DEFAULT, DEFAULT), ('94e59d3e-1e10-58ee-b57b-120d24970da8', '286a711e-ae86-5be5-9195-1d963e0504f7', 11, 'private', 'Early Game Dominance Guide', '{"eiusmod ad","sunt est","reprehenderit ad deserunt magna","adipisicing irure ea","occaecat esse","anim duis incididunt","consequat et anim"}', DEFAULT, DEFAULT), ('a501e3c2-1df6-5f20-9532-89c5471331c6', '4c13eae9-db84-5ef3-81db-cf60400b290d', 15, 'private', 'Aggressive Rush Strategy', '{}', DEFAULT, DEFAULT), ('eba1549a-b3ad-5f1e-ad56-15be0771d0f9', '9b1fc781-1e4e-56d2-bd68-0dc257a319c0', 14, 'private', 'Roaming Support Plan', '{"consequat nostrud laboris volupt","irure deserunt","labore pariatur aute ipsum","id occaecat","culpa anim nulla in"}', DEFAULT, DEFAULT), ('02d6bfb1-b7f1-5129-9d1b-729fd2d36ca6', '8d3f145b-67b0-504d-b49a-d59ecea5d2d8', 13, 'public', 'Objective Focused Strategy', '{"in minim veniam ut","magna aliquip","dolor deserunt","anim pariatur eu incididunt","proident Lorem","deserunt","elit","minim"}', DEFAULT, DEFAULT), ('feadd401-b272-53d1-bc20-6dad4e3ffc29', 'b7a89d05-549f-565f-b631-b59097e91d1a', 16, 'private', 'Objective Focused Strategy', '{"nulla laborum et anim duis","magna Lorem cupidatat qui","deserunt minim tempor excepteur","duis nostrud dolor voluptate"}', DEFAULT, DEFAULT), ('f4023970-bb8c-5175-9f3e-42520be2a6af', 'eecf8a7e-af2f-524d-a645-c5fba3ebda06', 15, 'unlisted', 'Baron Control Strategy', '{"adipisicing sunt id","sit consectetur","anim non sit adipisicing","do","sit tempor reprehenderit","veniam ipsum quis pariatur paria"}', DEFAULT, DEFAULT), ('ab471cfa-3489-5a6c-bf5c-82aeac3819f5', 'fc24b2c3-8978-588b-9aec-94430d8caa06', 13, 'private', 'Wave Management Plan', '{"pariatur voluptate anim","incididunt sint incididunt fugia","laborum adipisicing irure","voluptate culpa mollit eiusmod m","enim culpa deserunt Lorem","occaecat excepteur","esse reprehenderit tempor","anim ipsum Lorem"}', DEFAULT, DEFAULT), ('782d8b69-ae89-5508-b431-d9e3d4f25423', '01bb02e3-6d00-5b11-ba00-2f6b060dfb2e', 19, 'unlisted', 'Secure Objective Playbook', '{"ad eiusmod irure","ea pariatur","laborum tempor id sunt eu","et reprehenderit","dolor culpa magna excepteur"}', DEFAULT, DEFAULT), ('bfbbf302-05a7-5b0c-991e-f7c79f52034e', '8c5ef042-1b14-56ed-adba-e25d3960a3cf', 17, 'unlisted', 'Objective Focused Strategy', '{"laboris proident elit","et eiusmod sit nulla","sit voluptate"}', DEFAULT, DEFAULT), ('86a9949d-fbe2-5edf-bf64-6b822a75bdc8', '92bf5244-388d-5bbf-bd84-1c7ad2efe31b', 13, 'private', 'Vision Control Blueprint', '{"id","consectetur commodo cillum conse"}', DEFAULT, DEFAULT), ('3d78c871-f9be-5ceb-b04c-13f9eb63efa0', '1e7e0bcb-4fc0-5d72-81a5-d67a74a13595', 17, 'unlisted', 'Vision Control Blueprint', '{"amet incididunt ullamco","ut velit","Lorem consequat ipsum consequat","laboris sit exercitation sint","tempor cupidatat aliquip","irure sint pariatur voluptate","veniam elit aliquip ipsum"}', DEFAULT, DEFAULT), ('e5e7301c-ed7e-5267-a91e-331eeecbad04', '80e684c5-9f07-5388-b150-556bc24cb77f', 11, 'unlisted', 'Map Control Blueprint', '{"sit eu quis occaecat qui","elit","sunt","dolore irure ullamco","deserunt do eiusmod cillum","ex consectetur Lorem adipisicing","occaecat sunt"}', DEFAULT, DEFAULT), ('e06f1954-eb7e-5811-8e85-0b7239ac60d6', '262a78c7-eb9d-5e1a-8e58-41ecb0c31fbd', 19, 'unlisted', 'Defensive Turtle Tactics', '{"id id est fugiat laborum","irure laboris sit proident","sint in incididunt","id commodo","nostrud eu id","dolore deserunt qui id","laborum laborum deserunt eu","exercitation ex","sit anim ullamco"}', DEFAULT, DEFAULT), ('cbe8ef05-c651-5778-b8a6-717eee524007', 'd00c085d-72d6-5114-a5fd-ba818539c2f7', 14, 'public', 'Gank Heavy Approach', '{}', DEFAULT, DEFAULT), ('479e5b51-1e2b-5ac2-b0c4-d0fc97906c11', '8d3f145b-67b0-504d-b49a-d59ecea5d2d8', 19, 'unlisted', 'Late Game Scaling Strategy', '{"officia duis","sunt ullamco ex eiusmod magna","et cillum commodo","aute ea qui quis est","est ex occaecat"}', DEFAULT, DEFAULT), ('bcb7ae75-c1e7-50cd-ba0b-a339091eb350', 'a6ea6199-2a1a-56d4-b12a-1bf7d32d154c', 13, 'private', 'Late Game Scaling Strategy', '{"commodo magna magna","labore ea laborum officia qui","cupidatat eu laboris sint cillum","eiusmod magna","laboris nisi non"}', DEFAULT, DEFAULT), ('22dccad0-36ca-5845-a1bd-b6027b406b8d', '3c19e2d6-1e17-5580-adbc-319ee6c74e3c', 14, 'unlisted', 'Siege Tactics Handbook', '{"dolor ipsum","occaecat amet nostrud","esse consectetur laborum id comm","culpa dolore laboris sunt","est nulla do","reprehenderit dolore","voluptate","id anim in reprehenderit qui","minim incididunt cillum"}', DEFAULT, DEFAULT), ('d3293b00-a774-5f1e-99fc-e8f05eabde14', '5dedc9b9-eec3-5ace-a95b-d7817834d9af', 17, 'unlisted', 'Team Fight Execution Plan', '{"cillum proident"}', DEFAULT, DEFAULT), ('6822c6f8-ae35-5c57-9558-9cc55665f5cb', 'cd80d13e-478f-5058-8dfd-e20a76013cb5', 18, 'private', 'Siege Tactics Handbook', '{"mollit veniam culpa","fugiat qui velit","duis adipisicing ipsum","exercitation nulla culpa","ad aute irure commodo ullamco","officia labore pariatur officia ","aliquip irure","labore","aliquip eiusmod pariatur"}', DEFAULT, DEFAULT), ('8ac966bd-de46-5e4a-8401-5328d63ae1b4', 'ad276812-3b86-5425-b36a-d822f2860912', 18, 'unlisted', 'Early Game Dominance Guide', '{"sint","veniam occaecat","ipsum voluptate sunt nostrud inc","anim non commodo","minim incididunt proident ad","id ullamco dolor fugiat"}', DEFAULT, DEFAULT), ('36f6354b-1927-5b66-8fab-ef32da0e1694', 'c6add04b-f7fe-5a4a-99c2-280079fffcdb', 20, 'public', 'Split Push Blueprint', '{"ad consectetur labore commodo","pariatur aliqua excepteur occaec","duis esse et nisi","officia non minim veniam"}', DEFAULT, DEFAULT), ('a3befd2b-2867-5547-af7d-2fe7d53b98ef', 'd92658af-bb2e-5f93-9170-bc8d85a6ad50', 14, 'unlisted', 'Vision Denial Blueprint', '{"id enim commodo aute est","anim esse dolor","proident anim","tempor"}', DEFAULT, DEFAULT), ('4d502d01-8a3a-58bc-acb8-f61c47f35e10', 'eda91f04-12ef-5904-88aa-e6ed9a692e03', 19, 'unlisted', 'Siege Tactics Handbook', '{"amet esse cupidatat consequat","voluptate duis ex","in voluptate","esse laboris","id sit","labore incididunt"}', DEFAULT, DEFAULT), ('ebdf08a4-39c5-5347-ab53-e4ef0e2d1add', '70b4d1da-5ee3-5bd6-aecb-9af8ab670b84', 14, 'public', 'Roaming Support Plan', '{"aute eu culpa","et nulla sit"}', DEFAULT, DEFAULT), ('4cfaa7bd-7f8e-52b6-a079-b1fc1773dccb', 'a5831e58-2fc9-5b59-970d-00c344a4eb18', 15, 'private', 'Map Control Blueprint', '{"est Lorem id magna ad","Lorem exercitation laboris fugia","eiusmod ullamco occaecat aute su","et aliqua","ipsum eiusmod enim"}', DEFAULT, DEFAULT), ('379aa38a-0dab-5c06-8cdb-45bf5d7e2d27', '882c7ae5-914f-539d-8207-691de536097f', 13, 'unlisted', 'Split Push Blueprint', '{"veniam duis","occaecat velit laboris mollit","amet aliqua incididunt sint","esse id velit magna","minim consectetur","ut ad","ad aliquip do incididunt","aliqua ullamco incididunt laboru","cupidatat consequat id"}', DEFAULT, DEFAULT), ('1cb4e4cf-86cc-5f46-9e77-98b857e060d9', '47c1a5aa-1c4a-5781-9c8f-968a639137d7', 20, 'private', 'Vision Control Blueprint', '{"voluptate amet amet","incididunt id","consectetur proident culpa conse","fugiat aliqua excepteur"}', DEFAULT, DEFAULT), ('f39bcc07-5eef-5435-b6e9-d947c3bae70d', '47c1a5aa-1c4a-5781-9c8f-968a639137d7', 11, 'public', 'Late Game Scaling Strategy', '{"exercitation officia velit","duis officia aliquip exercitatio","esse eiusmod enim","pariatur","tempor consectetur","occaecat elit","pariatur reprehenderit labore","anim et officia"}', DEFAULT, DEFAULT), ('20a16bbe-0188-55a3-8d14-7e2e6b37794e', '8a0a556f-d942-55f0-8ba8-1ffbfaf3c6d9', 19, 'public', 'Split Push Blueprint', '{"nulla veniam qui"}', DEFAULT, DEFAULT), ('75a162e8-f427-5c64-baca-dba20bc829dd', '2190cc4c-2cc5-5f9f-983d-55f70f31e468', 17, 'unlisted', 'Objective Focused Strategy', '{}', DEFAULT, DEFAULT), ('5075bfb2-60b4-588c-ba9f-cd0f3efae77e', '9584676f-0635-591a-a937-d230d9a3abf3', 15, 'public', 'Vision Denial Blueprint', '{"officia in sit et","voluptate eiusmod enim sint","sunt ullamco irure laboris","magna proident et"}', DEFAULT, DEFAULT), ('329b0bda-79b1-53f3-afe7-b7495bde0220', 'b5605791-3389-56c2-9ec6-17d538b9bb85', 12, 'public', 'Rotation Strategy Document', '{"occaecat ullamco","duis ex laborum","reprehenderit irure aliquip","labore aute occaecat","pariatur mollit voluptate aliqui","excepteur labore","amet ullamco","anim","sunt ullamco excepteur ullamco e"}', DEFAULT, DEFAULT), ('fc992b53-61aa-5185-8280-7863348ce734', '7b09592d-b146-5ee2-9db5-3683955196d6', 12, 'unlisted', 'Early Game Dominance Guide', '{"aliqua ex","veniam cillum nisi nulla","mollit excepteur ea","Lorem labore ex","aute"}', DEFAULT, DEFAULT), ('e15f78fd-c85d-5196-b441-614f0f00a652', '98bf31df-37fd-5af6-86dd-8686cdc35eeb', 13, 'unlisted', 'Jungle Control Playbook', '{"commodo et","enim aliquip tempor elit","sit esse esse esse","fugiat excepteur","nisi amet aute tempor","commodo et laboris"}', DEFAULT, DEFAULT), ('27d28c73-d0c0-5545-a0d3-0f0fa8e1aca6', '91fa3874-9437-5dfa-a49a-f19fb38d9e92', 12, 'unlisted', 'Roaming Support Plan', '{"irure","culpa fugiat do","aliqua fugiat voluptate","ullamco nulla dolore","tempor nulla sint","veniam incididunt aliquip"}', DEFAULT, DEFAULT), ('bc0ae162-e51f-5f29-b5b0-87887eac9c85', 'd00c085d-72d6-5114-a5fd-ba818539c2f7', 17, 'unlisted', 'Secure Objective Playbook', '{"cupidatat elit"}', DEFAULT, DEFAULT), ('23cfe397-d97e-55bf-af72-35043f52d2bb', '94daea14-9b93-5933-9044-5ccc1eb32f8f', 18, 'private', 'Objective Focused Strategy', '{"duis velit sit","sint non","aliquip eiusmod","ad Lorem non","non sunt nisi ad","dolore id in culpa"}', DEFAULT, DEFAULT), ('2135e4d6-4261-59ed-a63d-11a8a55ba0c0', '8b7e423b-b9b9-5b3c-bf3d-1aa45d16235c', 15, 'unlisted', 'Wave Management Plan', '{"ipsum sint"}', DEFAULT, DEFAULT), ('32ca2e92-cee8-58b4-beec-0fd9742bf2df', '1716ac71-f35f-52a7-acdc-316247462f37', 18, 'private', 'Counter Pick Blueprint', '{"anim mollit cillum nulla do","aute ad","ex minim aute","laboris commodo excepteur","ea non","occaecat eu non","consectetur quis","veniam duis"}', DEFAULT, DEFAULT), ('69e335b1-cf42-5234-867f-fc3222ba0932', '8dea886f-fc5d-51fd-ac80-f3c52f3b244b', 17, 'public', 'Defensive Turtle Tactics', '{"dolore magna","amet quis"}', DEFAULT, DEFAULT), ('4addfd63-7007-5913-b0c6-95e35fe44af0', 'e7f24225-5e7d-55c3-8091-6f5a69baba70', 15, 'unlisted', 'Defensive Turtle Tactics', '{"laboris consectetur veniam","sunt ullamco","reprehenderit officia aute","consequat commodo eu","non commodo","occaecat","exercitation ipsum Lorem sunt el","in","sunt anim nostrud sint"}', DEFAULT, DEFAULT), ('29e1da9c-3bfa-53c5-8780-7032cb48ed69', 'ca65e33b-de71-5d46-933a-849036127987', 18, 'private', 'Aggressive Rush Strategy', '{"ea id nisi quis culpa","consectetur non pariatur enim cu","tempor ex eiusmod ut","aliqua veniam culpa"}', DEFAULT, DEFAULT), ('0fe3263a-4b99-5049-afdd-8a29336988d1', '1716ac71-f35f-52a7-acdc-316247462f37', 20, 'private', 'Defensive Turtle Tactics', '{"deserunt consequat cupidatat eli","nisi aute dolor","do veniam non","duis incididunt est nostrud"}', DEFAULT, DEFAULT), ('de533318-8238-5b98-90fa-7923fbda78df', 'f561c33d-0589-5163-a677-f2a1eb6b3322', 13, 'public', 'Aggressive Rush Strategy', '{}', DEFAULT, DEFAULT), ('91b0fe2a-8d53-5dfa-804e-dadbd5fed2f0', '29b47b7e-4cec-5d5a-b93d-172770b57ed6', 13, 'unlisted', 'Roaming Support Plan', '{"cillum in","nostrud proident","sint nulla culpa minim","do deserunt commodo veniam deser","eu eiusmod aute aliqua","tempor amet reprehenderit labori"}', DEFAULT, DEFAULT), ('f2da91e9-e150-5eba-811a-769c8b464b2d', '22052ce5-2628-54da-93cf-dce3c06b547a', 17, 'private', 'Aggressive Rush Strategy', '{"exercitation commodo fugiat","consectetur laborum","elit nostrud commodo","ipsum Lorem esse ex","nulla sit","deserunt in duis laborum laborum","excepteur adipisicing nulla null","fugiat amet","cupidatat pariatur ea"}', DEFAULT, DEFAULT), ('830462ad-e07d-578c-9343-4c2f3f3f896d', '01807616-77b8-51e2-9a97-d85b00b2c474', 11, 'public', 'Aggressive Rush Strategy', '{"sunt","tempor mollit in voluptate","labore excepteur proident velit","nulla minim laborum ex labore","et nostrud dolore tempor","commodo velit fugiat consequat"}', DEFAULT, DEFAULT), ('e4d512a0-9012-54c8-a0de-d2cfb46cc4e7', '7bf99080-cdc6-5456-b6d5-417e28b4eba5', 11, 'private', 'Gank Heavy Approach', '{"exercitation ipsum ex","nulla","laborum consequat do cupidatat"}', DEFAULT, DEFAULT), ('8fc4ec28-bbda-57ff-86ae-02acc462e7a3', '3de7919f-8a6e-5a5a-ad06-07f2ad53b96d', 12, 'unlisted', 'Split Push Blueprint', '{"velit nulla consectetur ea","commodo culpa","consequat magna velit magna","commodo officia sunt","esse nostrud ex","eu labore commodo irure","eiusmod aliqua","cillum sit in cupidatat","labore magna eu"}', DEFAULT, DEFAULT), ('46cb3ac1-56db-5482-a77b-488299529f1c', 'bdc52205-2f90-54a1-a699-3ba523b0d56a', 18, 'unlisted', 'Roaming Support Plan', '{"cupidatat ipsum aliquip ex duis","cupidatat non","ea incididunt aute occaecat culp","quis et","fugiat aliqua enim","et sint nisi","consectetur","proident aliqua magna amet","pariatur cillum deserunt Lorem l"}', DEFAULT, DEFAULT), ('ca6dab04-25c1-5208-bf77-9e5162704420', '110efd29-2979-5c30-b41f-b3bf832f48cd', 19, 'private', 'Wave Management Plan', '{"mollit dolor labore Lorem","consequat aliqua ullamco velit","sint velit ex ea occaecat","ullamco","quis","veniam ex","eiusmod in reprehenderit labore ","anim eu occaecat","amet incididunt anim reprehender"}', DEFAULT, DEFAULT), ('54485efb-a52b-5ef1-8d37-32b22dc487d0', 'a78f49ae-5f15-5b14-baf5-6abdb727fcc1', 17, 'private', 'Defensive Turtle Tactics', '{"reprehenderit","non incididunt","anim"}', DEFAULT, DEFAULT), ('1fa8fec1-5ed8-5fb9-afc2-a5a8eea61a64', 'eea550bd-8120-5fb2-9339-ad3a549506d4', 14, 'public', 'Gank Heavy Approach', '{"nisi amet fugiat id consectetur","occaecat nostrud","sunt velit"}', DEFAULT, DEFAULT), ('21212b38-5327-5020-9dc6-3fca09a6128f', 'd6d652bf-48a5-5a85-a95d-16c25edc5397', 15, 'unlisted', 'Baron Control Strategy', '{"non commodo qui","anim exercitation eiusmod nulla","ullamco et","sit quis do magna nisi","laborum sunt nulla do","amet ut elit veniam amet","ad duis","eiusmod proident anim sit nisi","Lorem non"}', DEFAULT, DEFAULT), ('b22cc198-1bf7-5cc9-b682-385ac5f11217', '0fa12fcf-97e2-5065-a698-e366ca117702', 12, 'unlisted', 'Map Control Blueprint', '{"sunt mollit velit","eiusmod","amet dolore magna labore"}', DEFAULT, DEFAULT), ('07d77b7a-f8bb-53ab-8750-034a7dc2bcb0', '92bf5244-388d-5bbf-bd84-1c7ad2efe31b', 18, 'unlisted', 'Defensive Turtle Tactics', '{"nisi","proident sunt","sint officia","proident labore"}', DEFAULT, DEFAULT), ('f7f63dc3-d8b7-5f42-b802-636e4e3f43bb', '3d4df0ce-5a7f-53e4-b486-95faf0a09720', 17, 'private', 'Split Push Blueprint', '{"in esse elit consequat","ea qui","amet incididunt"}', DEFAULT, DEFAULT), ('a1dd34cc-747e-59d2-bb04-592165ee24b7', 'd0b9d9c2-bfa2-53be-a46d-d6aceafcbc2d', 20, 'private', 'Late Game Scaling Strategy', '{"ullamco proident nisi est labore","ex ullamco proident sit duis","nostrud ea"}', DEFAULT, DEFAULT), ('b111722b-fdf4-55f7-a1ea-183bf540f7e3', 'fd8e258e-4711-5b22-b0f3-1f5725eb642f', 19, 'unlisted', 'Jungle Control Playbook', '{}', DEFAULT, DEFAULT), ('de288e5e-33f8-5b49-9dad-83fa7d46ac0d', '6a3486ce-c3fa-519b-8ad1-f329a5c3ee43', 17, 'private', 'Late Game Scaling Strategy', '{"aute"}', DEFAULT, DEFAULT), ('f1ab7f2e-7a01-59f1-b811-78e3b78b40bc', 'b32027db-33da-5dc2-b906-e0c2a06ac683', 18, 'private', 'Vision Denial Blueprint', '{"occaecat et Lorem sint mollit","reprehenderit","nisi","ut exercitation","cillum ad exercitation"}', DEFAULT, DEFAULT), ('e0783de7-ca51-5f0a-a7ac-8dcd533efd10', 'e7ba2b18-a57c-5b02-9714-d376d9ea922f', 20, 'unlisted', 'Rotation Strategy Document', '{"irure","veniam qui nisi","laboris irure fugiat enim et"}', DEFAULT, DEFAULT), ('c3238b63-2dda-5915-8ca5-773255a1cfad', '31bb49e9-e86d-546a-9e01-6986e5eacf06', 12, 'private', 'Defensive Turtle Tactics', '{"fugiat commodo","incididunt eiusmod dolor","non","pariatur nulla","enim elit"}', DEFAULT, DEFAULT), ('7b1aca75-d87e-55c4-87f7-005fafbadfdb', 'fb634118-b8a6-50b7-9010-0317dd27fba6', 16, 'public', 'Wave Management Plan', '{"voluptate nostrud esse labore","enim tempor"}', DEFAULT, DEFAULT), ('106d238e-2ba4-525c-8d85-994f8dfb2984', 'f8fbdff1-11b4-54fa-ab90-292d82d3d353', 15, 'unlisted', 'Gank Heavy Approach', '{"cillum consequat","Lorem aliqua et dolore","do amet non ullamco","commodo do do ea","laborum sit nisi elit","amet consectetur eiusmod culpa e"}', DEFAULT, DEFAULT), ('72f05d50-2802-535d-af55-29384395d238', '7c0f6282-7933-5431-8e88-9d2b9f09f272', 19, 'unlisted', 'Rotation Strategy Document', '{"nostrud enim","eiusmod culpa ipsum voluptate la","officia pariatur et labore ea","nostrud enim dolore quis ullamco","ex ullamco ad","tempor cillum velit","laborum qui","irure laboris aliquip culpa","dolore deserunt"}', DEFAULT, DEFAULT), ('f914b2f3-d88a-52e4-ac43-1ef8cffb4d34', '98b30307-7ea7-5b6c-b9e4-560fe08299de', 19, 'public', 'Map Control Blueprint', '{"deserunt sunt nulla","eu","officia minim irure fugiat"}', DEFAULT, DEFAULT), ('c620930b-8f59-50ae-bf46-b1a3aca28f0a', '21a7e579-98a3-5757-a0a8-913f2da95aba', 18, 'unlisted', 'Map Control Blueprint', '{"reprehenderit velit","commodo do officia eiusmod sunt","commodo veniam","elit qui cupidatat nisi","officia","Lorem cillum","proident cillum non tempor","cillum commodo","ea"}', DEFAULT, DEFAULT), ('c78418ab-6a36-52f6-ad32-89289156138c', '54473828-0225-5307-b53c-7a0fc46ac63c', 15, 'public', 'Vision Denial Blueprint', '{"qui aliqua","dolore consequat anim ea officia","ullamco et aliqua","ipsum aliqua sint","deserunt eu"}', DEFAULT, DEFAULT), ('ed7bef30-09b5-5167-a122-9b398a76eaef', 'b134c4e5-3e41-53b3-bf3f-7f4cf023e9d7', 19, 'unlisted', 'Aggressive Rush Strategy', '{"ut commodo occaecat cillum incid","ut cupidatat id aliquip aliqua","deserunt duis do","aute","magna id","tempor adipisicing anim veniam v","ullamco aliqua anim et","fugiat"}', DEFAULT, DEFAULT), ('ecddf116-85cf-5aef-8c73-6e5963680c88', '21a7e579-98a3-5757-a0a8-913f2da95aba', 17, 'private', 'Roaming Support Plan', '{"exercitation aute ullamco","voluptate adipisicing","id labore","officia est dolore","est"}', DEFAULT, DEFAULT), ('5bb46529-9916-530c-88e4-31ac6d441591', 'e5d977c2-2a0e-5703-8ee9-4796e3967ae0', 11, 'private', 'Late Game Scaling Strategy', '{"amet nostrud anim","eu mollit","incididunt","sint Lorem dolore","adipisicing tempor sint proident","tempor laborum reprehenderit","sint","Lorem amet esse","adipisicing officia laborum qui"}', DEFAULT, DEFAULT), ('8b092693-9a40-5f6a-a57b-3c3e9f5288f7', '9af6e0ef-7015-5390-856a-705032c2e40e', 17, 'private', 'Defensive Turtle Tactics', '{"quis enim velit","eu consectetur deserunt","exercitation nisi velit incididu","consequat proident Lorem","sunt reprehenderit sit laborum c"}', DEFAULT, DEFAULT), ('65d96d53-ecd8-5cb9-a3d4-a2842c9c629f', 'a9752d0c-ade4-58c6-b746-1b9df56a3d08', 13, 'private', 'Vision Denial Blueprint', '{"laboris quis nulla et","quis adipisicing","ipsum"}', DEFAULT, DEFAULT), ('672c681b-4325-56a5-8413-28facb838b89', 'ab31b5c9-e8c8-55c1-ab94-82606fe7ed9a', 16, 'unlisted', 'Wave Management Plan', '{"proident tempor cillum cillum no","qui amet","incididunt nulla cillum","deserunt ex ad quis","incididunt tempor exercitation","anim culpa aliquip","incididunt ad exercitation volup","velit duis sit","deserunt fugiat"}', DEFAULT, DEFAULT), ('49d19d37-5ee3-59d0-a985-37b5b703ceb0', '01807616-77b8-51e2-9a97-d85b00b2c474', 13, 'public', 'Team Fight Execution Plan', '{"veniam aliquip","adipisicing","eu sunt","consectetur nisi fugiat","dolore enim ad","non","consectetur commodo officia elit","mollit dolore"}', DEFAULT, DEFAULT), ('66e9d7dd-018c-5299-8470-9f074683bd55', '2386fe50-4da3-5ca3-b993-046dc48afb23', 15, 'unlisted', 'Early Game Dominance Guide', '{"nisi aliquip exercitation sint","eiusmod","elit deserunt","fugiat adipisicing ad","aliqua","aliquip laboris velit aute"}', DEFAULT, DEFAULT), ('d4a93045-0519-5ae2-8bd3-51a7d07f2b97', 'fbfa0c72-9c6c-54ce-ba23-f1ed2563396e', 11, 'private', 'Split Push Blueprint', '{"id quis aliqua ullamco","nulla cupidatat"}', DEFAULT, DEFAULT), ('b5bd1f0b-0be5-592a-87b7-65db36f2fa17', '02a341a2-35a0-5fbc-a1f4-aa8b42aa4b51', 11, 'unlisted', 'Aggressive Rush Strategy', '{"amet magna nostrud Lorem","est occaecat pariatur","sint amet sunt","sint pariatur quis amet","culpa fugiat ex","qui veniam exercitation","do occaecat culpa","irure incididunt","cupidatat culpa eu ut"}', DEFAULT, DEFAULT), ('902168ab-57a5-5714-b589-ecf1bd6d2517', 'a6f51480-ebce-53e5-aaa6-82ae5d7deefa', 11, 'unlisted', 'Vision Control Blueprint', '{"culpa enim cupidatat"}', DEFAULT, DEFAULT), ('8e1b1af0-d36a-5958-9b32-c8f59e8edaf9', '0a9347d2-3396-5e6a-98f1-b406ca195226', 14, 'private', 'Objective Focused Strategy', '{"exercitation","veniam esse tempor eiusmod exerc","cillum laboris","sunt incididunt commodo","esse cupidatat nulla","cillum excepteur","dolore duis","voluptate"}', DEFAULT, DEFAULT), ('9ca1e23a-7fd9-5be2-b14a-5f50a52fda0a', '290bcd64-8663-5670-8efa-64e864979bbb', 11, 'private', 'Counter Pick Blueprint', '{"ut","Lorem labore","et nulla magna"}', DEFAULT, DEFAULT), ('b458c0d2-4d21-597a-9d7c-522e47032d79', 'ae956930-bebe-5aad-83f8-b8d0cae36371', 15, 'unlisted', 'Siege Tactics Handbook', '{"velit fugiat"}', DEFAULT, DEFAULT), ('aeae5590-e6d3-5c02-8a1c-40a6bcf61bd6', '1bdf6d4a-906f-5da5-b91f-35917468bf74', 13, 'private', 'Vision Control Blueprint', '{}', DEFAULT, DEFAULT), ('e62ff15d-b4e8-5f8b-b8c8-56d105c9d705', 'b134c4e5-3e41-53b3-bf3f-7f4cf023e9d7', 18, 'private', 'Defensive Turtle Tactics', '{"culpa fugiat officia dolore"}', DEFAULT, DEFAULT), ('2650d5c8-a9d2-57ad-a70d-8c89cf994021', '5701e8cf-a128-5707-83da-0279d2c833bf', 19, 'private', 'Vision Denial Blueprint', '{"dolore culpa nulla elit","Lorem est pariatur cillum"}', DEFAULT, DEFAULT), ('57851dd8-0d7e-5b03-b70f-32940ae107ce', '831f051c-863e-5783-acbb-10017cb1c3ce', 16, 'unlisted', 'Team Fight Execution Plan', '{"et commodo","minim irure consectetur"}', DEFAULT, DEFAULT), ('0bb88883-c32b-547d-bac2-9dcbf9437722', 'cd80d13e-478f-5058-8dfd-e20a76013cb5', 14, 'unlisted', 'Vision Control Blueprint', '{"cupidatat sit nulla","officia cillum do labore aliqua","esse aliqua pariatur ipsum deser","in magna","minim","est ullamco sint cillum enim"}', DEFAULT, DEFAULT), ('f2096d39-9bcd-5cc9-af38-3924bad39e01', 'c15a1a93-cc16-5536-8ab0-42ef9626e379', 17, 'unlisted', 'Aggressive Rush Strategy', '{"ea enim","labore ex ea laboris","eu","esse commodo nisi magna","aliqua veniam ut voluptate","commodo nulla enim adipisicing","sint irure","mollit","voluptate voluptate pariatur ea "}', DEFAULT, DEFAULT), ('cdc85c53-30bc-5c6e-91cc-2af72696e64b', '09bca3f4-0d37-5f5a-b637-9d7942a17cff', 14, 'private', 'Objective Focused Strategy', '{"ad tempor dolore laborum","amet irure culpa","irure id dolore","ex velit cillum cillum","et sint sit ullamco"}', DEFAULT, DEFAULT), ('a0fe813c-8a2e-57ff-8950-530eb72350cc', '94a106f5-e21c-5e45-83f2-58d10f738b53', 11, 'public', 'Aggressive Rush Strategy', '{"aliqua cupidatat mollit minim ut","veniam reprehenderit eiusmod pro","laboris non","ipsum magna tempor","cupidatat"}', DEFAULT, DEFAULT), ('3dcb1c72-1f38-50a2-8a79-9f8b83862a0b', '2ca679b7-4687-5422-ac57-c89cfa36e3c8', 20, 'public', 'Baron Control Strategy', '{"mollit fugiat quis","id","consectetur est cupidatat conseq"}', DEFAULT, DEFAULT), ('b529db67-e1b4-5e7d-9a32-267867bbcbad', 'ddb44318-7e83-5b4d-8ba4-3bbd19edd327', 11, 'public', 'Early Game Dominance Guide', '{"id commodo sint proident","ex","cupidatat sint cillum","adipisicing dolore deserunt","dolore et aliqua anim","aliqua minim commodo"}', DEFAULT, DEFAULT), ('89b21cb6-fbf3-585a-b9c1-304fad97258b', '51a084b6-d183-5fbc-beeb-9d670865e2cb', 12, 'unlisted', 'Vision Control Blueprint', '{"sint nostrud officia","cupidatat ea dolore dolore","duis eiusmod eu dolore"}', DEFAULT, DEFAULT), ('8af27ce1-15c1-5703-a4c5-07ea669df0c7', '47ec07ed-2b5c-5f84-a424-1002e39b4917', 14, 'public', 'Late Game Scaling Strategy', '{"elit in quis est","eiusmod non tempor","occaecat eu","anim elit voluptate","ut sunt eiusmod","non nulla occaecat","labore nulla sunt adipisicing"}', DEFAULT, DEFAULT), ('e9960db1-b450-5d20-820c-87fab4f40dc8', '91fa3874-9437-5dfa-a49a-f19fb38d9e92', 20, 'private', 'Vision Control Blueprint', '{"elit irure dolore eu incididunt","ipsum magna incididunt","laboris ex occaecat sunt incidid","culpa excepteur","exercitation","in cillum sit sit","sunt nulla"}', DEFAULT, DEFAULT), ('2dd10f1f-4836-53b2-b2b6-ae71861e43d0', '2dbccffd-e7a5-5653-9dc6-18e988716abe', 18, 'private', 'Roaming Support Plan', '{}', DEFAULT, DEFAULT), ('09d4e842-df61-577d-8d06-00daf3b676e2', 'b7a89d05-549f-565f-b631-b59097e91d1a', 13, 'unlisted', 'Early Game Dominance Guide', '{"nisi minim","minim tempor anim mollit","fugiat magna enim excepteur eius","laboris veniam in pariatur","aliquip tempor consectetur","elit culpa aute","officia occaecat"}', DEFAULT, DEFAULT), ('6fe4789e-9a02-5c94-8c81-5bb4cffd7850', '096adf71-c74e-5b77-822b-46a8768797c5', 13, 'public', 'Siege Tactics Handbook', '{"fugiat labore aliqua dolor proid","laborum irure sint sunt"}', DEFAULT, DEFAULT), ('62834a20-27ac-5894-8947-a4e2ffb67f5b', '26f7bb6a-3c9c-5b30-b11b-be5ebfb91948', 16, 'unlisted', 'Rotation Strategy Document', '{"pariatur laborum incididunt"}', DEFAULT, DEFAULT), ('ce25e6d7-50b4-50c3-8210-685ee22346f3', '5da40fc6-2f9c-5273-8dcd-1032d525128a', 11, 'unlisted', 'Gank Heavy Approach', '{"occaecat velit excepteur"}', DEFAULT, DEFAULT), ('a4e4a518-fb32-53bf-9d1c-f336f8cd8c45', 'e5d977c2-2a0e-5703-8ee9-4796e3967ae0', 17, 'public', 'Late Game Scaling Strategy', '{"aute officia incididunt commodo ","laboris cupidatat"}', DEFAULT, DEFAULT), ('d5862a76-70cd-55db-a302-365d7ec101f5', '405dd580-b1c8-5c0e-9df0-d82b7f57175d', 20, 'public', 'Wave Management Plan', '{"reprehenderit minim consectetur","do mollit occaecat sint"}', DEFAULT, DEFAULT), ('fff5567f-d4a5-542e-ba70-1119521ca0cb', '71edf17f-e471-58c3-bbf8-8111bd6c7c8e', 17, 'public', 'Defensive Turtle Tactics', '{"ad nisi aliqua dolor","non sunt in laborum"}', DEFAULT, DEFAULT), ('48abaf7b-d65e-5371-8d5f-1be4621911e6', '2589cf16-4103-5a4f-b544-b30078083eaa', 11, 'unlisted', 'Baron Control Strategy', '{"eu consectetur exercitation labo","duis elit consectetur consequat","nulla ut id"}', DEFAULT, DEFAULT), ('05b8ebd6-06e1-5ce6-85d9-1fda124d11b0', 'c97097d9-c6b8-5a50-931a-369c86f1535e', 13, 'unlisted', 'Objective Focused Strategy', '{"laboris do do","labore tempor voluptate","nostrud nostrud"}', DEFAULT, DEFAULT), ('be5a4c70-a4ff-57c0-8c2c-437a6d77f25c', '54473828-0225-5307-b53c-7a0fc46ac63c', 20, 'public', 'Vision Denial Blueprint', '{"duis","mollit elit proident","eiusmod id consectetur","ullamco nulla","cupidatat culpa fugiat","officia incididunt quis","eu","labore ut et elit"}', DEFAULT, DEFAULT), ('e6ff83af-5ec2-537d-b04b-784bd77a5871', '887dee3f-7921-537c-91f1-8b0d43117b12', 14, 'private', 'Split Push Blueprint', '{"sunt do sit"}', DEFAULT, DEFAULT), ('dc9bffb4-1647-5c5d-8c1f-d89500e89900', '811570ef-0b81-508d-ba05-2f5e812d4131', 12, 'unlisted', 'Defensive Turtle Tactics', '{"do fugiat exercitation eiusmod","ex"}', DEFAULT, DEFAULT), ('ec767a01-17bb-518c-9633-78ebc8caded3', 'a69d43fa-2222-5203-b590-140e62599451', 16, 'private', 'Baron Control Strategy', '{"occaecat","et excepteur ipsum eiusmod","ea tempor"}', DEFAULT, DEFAULT), ('6c642b40-bb15-55fa-9319-9c100d27adc7', 'a3df44c1-25a3-5190-a8bc-004597063afc', 19, 'private', 'Vision Denial Blueprint', '{"eiusmod duis","aliquip","non velit commodo mollit consect","reprehenderit qui cupidatat qui"}', DEFAULT, DEFAULT), ('197f52e9-f9b3-54a3-a900-9ddcd2cd98d5', 'd2268e40-fa6d-5300-9f01-b7cc8f9018e3', 13, 'unlisted', 'Vision Control Blueprint', '{"dolore nulla nisi","ut eu","cupidatat","Lorem incididunt sint","est sint eu aliqua","esse dolor"}', DEFAULT, DEFAULT), ('b239ffdb-847f-5400-b1f9-97e186ea36bc', '495390bc-68e6-52a4-b1ba-2f994586821a', 11, 'private', 'Wave Management Plan', '{"duis occaecat non ut","nulla qui laboris labore non","sit commodo sit"}', DEFAULT, DEFAULT), ('c3124970-b58c-5748-8a01-4ba1d7466b2b', '3a804324-748d-571a-afad-6b9c20a35337', 20, 'unlisted', 'Objective Focused Strategy', '{"Lorem sit exercitation qui","culpa","do enim velit","exercitation","fugiat qui","magna incididunt","ullamco ad","aliqua deserunt culpa officia","fugiat velit nostrud"}', DEFAULT, DEFAULT), ('2fbdef88-7d4a-5528-bb59-74f725709563', 'c72c7230-479d-51cc-940d-5fec1bea4502', 13, 'private', 'Map Control Blueprint', '{"ad labore","qui ipsum","ipsum sint sit","cupidatat eiusmod","et","eu id irure","adipisicing","commodo aliquip voluptate velit"}', DEFAULT, DEFAULT), ('a03637de-3a86-5f2c-a9a1-71bb222f301f', 'fe24988b-bca5-5bf5-be0f-c92da7b2cbe1', 15, 'private', 'Aggressive Rush Strategy', '{"sunt quis aliquip sint"}', DEFAULT, DEFAULT), ('536d5b0c-dc7c-598f-8fa0-b21c4cd85d48', 'e7220451-be7e-505e-a9bf-ee44e4532e06', 16, 'unlisted', 'Counter Pick Blueprint', '{"deserunt qui nulla","amet anim nisi","pariatur sunt aliqua","reprehenderit et proident","voluptate","deserunt labore id enim aliqua","adipisicing id"}', DEFAULT, DEFAULT), ('f04b6b4b-d5ea-517f-8a7d-71713980487c', '3adfc207-aaeb-5fa1-b329-eb7ef2061320', 19, 'unlisted', 'Rotation Strategy Document', '{"non ad laborum consectetur sunt","est exercitation do","sunt aute cillum dolor","laboris do","et mollit incididunt do","laborum dolore ad officia","ullamco fugiat quis et ut","anim","occaecat sunt esse"}', DEFAULT, DEFAULT), ('363e1d5b-f7b0-5ee0-a43a-f471f9cf9338', 'af85f96c-efbd-584c-bdd4-26c4e2f3e556', 12, 'private', 'Late Game Scaling Strategy', '{"exercitation culpa","proident nulla","sint ipsum fugiat in","minim incididunt mollit reprehen","fugiat mollit"}', DEFAULT, DEFAULT), ('edcc2203-6787-52aa-bc0b-a6dcc59388be', '8068bdaa-feec-5131-873b-0c940ef3679e', 15, 'public', 'Vision Control Blueprint', '{"est"}', DEFAULT, DEFAULT), ('474b1c92-271b-5e78-878e-3e82398a6e7c', '6adbfe77-3519-54e6-9e12-eef5b2e20ee7', 12, 'unlisted', 'Jungle Control Playbook', '{"voluptate","et tempor"}', DEFAULT, DEFAULT), ('8997d96a-4a2f-5fcd-a0a2-88e875f8bba7', 'db9f2a26-569b-5431-9216-bcd2cf256bbd', 14, 'unlisted', 'Split Push Blueprint', '{"cillum adipisicing laboris velit","ea quis sit","quis consequat adipisicing","duis occaecat ut","ut Lorem fugiat","ex commodo","est officia exercitation nostrud"}', DEFAULT, DEFAULT), ('f61f0c83-60cb-5fa8-a27a-67e606b63adb', 'cfbfd1d4-e77f-57e5-94da-e9ff2cc7a996', 16, 'private', 'Defensive Turtle Tactics', '{"cillum","nostrud in","aute consequat ullamco mollit","mollit est nulla","occaecat duis sint ullamco","tempor mollit mollit incididunt","laboris","culpa ipsum"}', DEFAULT, DEFAULT), ('30d213ab-4615-5d8b-abee-5b4875c8bfdf', '71edf17f-e471-58c3-bbf8-8111bd6c7c8e', 12, 'private', 'Roaming Support Plan', '{"exercitation irure","tempor fugiat ad ipsum","culpa in dolore occaecat","elit","cupidatat elit","exercitation id"}', DEFAULT, DEFAULT), ('7d042aff-1b5b-531f-917f-48f2d58d33c7', '8bfeb6d5-d92f-5041-aa1b-39b8365c0a59', 16, 'private', 'Team Fight Execution Plan', '{"labore officia","enim officia incididunt excepteu","eu incididunt incididunt qui"}', DEFAULT, DEFAULT), ('30e1e77d-2bcf-5591-97ec-d99bd552d8f0', '6f98547a-4734-5cb4-82a1-cf5fc4e37c8d', 12, 'public', 'Vision Denial Blueprint', '{"adipisicing","deserunt occaecat","nulla reprehenderit ea","ex magna incididunt","quis cupidatat velit irure","et ipsum reprehenderit","elit sit tempor","exercitation esse ullamco","qui"}', DEFAULT, DEFAULT), ('d53a4a7c-125e-52cd-8ba3-aa3916f71140', 'eff6dde6-e4aa-5c61-9818-5d7ae0bf58b7', 12, 'unlisted', 'Vision Control Blueprint', '{"labore minim dolor"}', DEFAULT, DEFAULT), ('47f797b2-50c1-56af-abe6-0081dabe5efd', '9f26eece-7e59-5b46-a98b-848dc55a0cda', 17, 'private', 'Counter Pick Blueprint', '{"aliqua adipisicing Lorem ullamco","anim nisi incididunt reprehender","excepteur sit consectetur","mollit sunt irure","consequat exercitation"}', DEFAULT, DEFAULT), ('3ebbec39-d360-5461-b442-70abf723c8b8', 'c9f9ed6b-3ed1-5d46-9201-51000bdf47fa', 14, 'private', 'Aggressive Rush Strategy', '{"officia amet","minim fugiat qui culpa","fugiat ex do ea"}', DEFAULT, DEFAULT), ('3821efb6-356e-53bd-8a0b-239426475be5', 'ee198d66-a798-52a5-8b79-9931f7b835e3', 13, 'public', 'Siege Tactics Handbook', '{"reprehenderit veniam ea","qui cillum"}', DEFAULT, DEFAULT), ('f62571e6-585e-5709-b04e-861b7f3db2d2', '84b4201e-d939-5d48-aba4-b4b107dfdf5d', 12, 'public', 'Roaming Support Plan', '{"officia velit veniam minim anim","sit","anim sunt duis","veniam nulla mollit adipisicing","culpa nisi voluptate","eu commodo nisi cillum"}', DEFAULT, DEFAULT), ('f706ef0d-b4c8-54ee-ba4a-8f6af14717f8', '9ce77012-7bc0-55bb-a797-dcf5bbd8fc2e', 12, 'unlisted', 'Counter Pick Blueprint', '{"nostrud deserunt et quis","tempor laboris","incididunt tempor","enim ea aute","duis labore ut commodo","commodo sit","ipsum sunt","duis laborum magna laborum ut"}', DEFAULT, DEFAULT), ('da6a602b-9dc0-5e13-87e9-323f368838a2', '22052ce5-2628-54da-93cf-dce3c06b547a', 20, 'unlisted', 'Gank Heavy Approach', '{"et elit voluptate","laborum fugiat","ea voluptate","voluptate aliqua ut mollit","duis"}', DEFAULT, DEFAULT), ('ae022a2e-97fe-53d7-ace2-f700a65995e2', '09bca3f4-0d37-5f5a-b637-9d7942a17cff', 19, 'unlisted', 'Jungle Control Playbook', '{"anim cupidatat","veniam quis laboris","dolor sit elit qui qui","consectetur exercitation et","cupidatat","aliquip","pariatur voluptate","aliqua consectetur anim","duis non dolore non"}', DEFAULT, DEFAULT), ('7f27719e-c551-5cfa-ab24-3e6a917bc77f', '5dedc9b9-eec3-5ace-a95b-d7817834d9af', 16, 'public', 'Vision Control Blueprint', '{}', DEFAULT, DEFAULT), ('a7afe8c7-8469-5a59-9246-cc18b3ce4b7b', 'f457d7a7-01f9-5225-b07a-0e782525bbc7', 13, 'private', 'Baron Control Strategy', '{"culpa nulla non"}', DEFAULT, DEFAULT), ('8111ec5f-e01a-5ad1-b89a-b7a64419e202', 'e4c44768-00c8-52e6-80f9-625972d5d9b9', 19, 'public', 'Vision Denial Blueprint', '{"esse consectetur eu","nisi labore nisi culpa nulla","nulla magna","exercitation anim proident paria","enim minim","eiusmod magna","deserunt","et sint nisi duis"}', DEFAULT, DEFAULT), ('af41c136-c26c-5e1c-81f1-2d9f923ca606', 'c1b69361-a3c3-5c2a-8a7a-23aa07e97e87', 16, 'public', 'Aggressive Rush Strategy', '{"dolor ex eiusmod pariatur laboru","do officia cupidatat elit","minim","voluptate dolor dolore esse"}', DEFAULT, DEFAULT), ('7594efe5-aff1-5874-a5ed-4a9edc7b66bf', '8891aca3-b326-5a45-a77b-46ff3fd96d49', 17, 'unlisted', 'Defensive Turtle Tactics', '{"quis id","ea fugiat","id ex","exercitation aliqua","mollit ipsum velit ea","exercitation id dolore"}', DEFAULT, DEFAULT), ('ee2f9514-a689-5e06-84f0-7f27b56a3774', 'da67a96b-9942-5dc8-b342-59c6ccb73527', 20, 'private', 'Aggressive Rush Strategy', '{}', DEFAULT, DEFAULT), ('59ac239c-144e-5ca7-b3e8-b97418726740', 'e5d977c2-2a0e-5703-8ee9-4796e3967ae0', 13, 'unlisted', 'Early Game Dominance Guide', '{"sit proident sit voluptate","consectetur ex consequat reprehe","irure velit consectetur","sint do aliquip","dolore in veniam do cillum","adipisicing qui aute","enim sit","aliquip dolore ut aliqua","officia pariatur duis elit paria"}', DEFAULT, DEFAULT), ('7992b22f-6c16-50ae-ae54-fd84bedb78e7', '75b1f4f3-d352-56de-83dd-e679684b060c', 14, 'public', 'Jungle Control Playbook', '{"eiusmod mollit eu enim","et aute velit","incididunt occaecat do nostrud","nulla excepteur","in culpa deserunt quis","consequat nostrud consequat qui","elit enim deserunt enim Lorem","ad ea","qui"}', DEFAULT, DEFAULT), ('eeb6a56c-bf20-5164-a9c4-2438947a1635', '2d1d7734-be70-5d07-a538-e76c6cae722e', 11, 'public', 'Split Push Blueprint', '{"cupidatat sit cupidatat ad","eiusmod velit ut tempor","commodo non ex"}', DEFAULT, DEFAULT), ('ba263b84-62af-5be6-a1da-34f8a9b1c708', 'd1b6355b-0594-5d07-b55b-72d2c66a1391', 18, 'public', 'Team Fight Execution Plan', '{"nisi cupidatat qui","nisi consequat ea eiusmod","reprehenderit aute qui eiusmod","ut","aliquip esse veniam sint","ullamco id","qui","aliqua aliqua ipsum","pariatur tempor"}', DEFAULT, DEFAULT), ('0eda511d-00fb-5edd-a94c-61620ced28e5', 'ad1bbcac-cdbb-551f-b25a-b14b40074515', 13, 'private', 'Defensive Turtle Tactics', '{"quis esse","irure pariatur sint ut mollit","commodo est","adipisicing ex incididunt","amet","pariatur laboris","aliquip officia veniam","incididunt deserunt nisi sit","eu pariatur aute"}', DEFAULT, DEFAULT), ('4a82ca5f-1296-51b0-9319-05459a439c92', 'b4725825-2a5a-5e18-a190-e59f4cb9f1b5', 19, 'unlisted', 'Team Fight Execution Plan', '{"consequat","amet","irure ea laborum","ullamco elit elit","reprehenderit magna anim aliquip","nostrud officia esse","enim deserunt"}', DEFAULT, DEFAULT), ('230e6990-91f4-5dc7-b6bc-229a44985e25', 'd1dc8a74-c651-5dbd-b484-1cd2c51db9b9', 12, 'private', 'Gank Heavy Approach', '{"laboris in irure quis anim","ullamco ea","veniam sint","dolore sint nulla"}', DEFAULT, DEFAULT), ('01a97da4-f21e-511b-9160-a834d5d7f82e', 'f46ce5c6-3097-5b5d-8213-37b749a8664f', 13, 'unlisted', 'Split Push Blueprint', '{"ipsum aliqua cupidatat","est eiusmod eiusmod proident eiu","et tempor esse ex proident","mollit qui cupidatat","cillum ullamco id reprehenderit"}', DEFAULT, DEFAULT), ('1c5613fb-a627-5391-a9ff-0cc49d9b395b', '63e38d08-3dd9-5569-ab28-f70e94b3cdb7', 16, 'unlisted', 'Early Game Dominance Guide', '{"nisi non eiusmod magna","ad cillum","eu occaecat laborum","laborum ex excepteur proident","laboris amet","et enim"}', DEFAULT, DEFAULT), ('69b55afa-a769-5eae-849b-0607118f6f38', 'd2f08d89-447f-5d3d-96e5-385ed888c091', 17, 'public', 'Aggressive Rush Strategy', '{"sint","aliquip exercitation sunt anim","nulla adipisicing elit commodo c"}', DEFAULT, DEFAULT), ('5653d3f7-e466-5b59-9cc7-02634d975655', '8891aca3-b326-5a45-a77b-46ff3fd96d49', 20, 'unlisted', 'Wave Management Plan', '{}', DEFAULT, DEFAULT), ('11917a47-b89e-5663-8d37-049fe2bf5b34', 'd1b6355b-0594-5d07-b55b-72d2c66a1391', 12, 'unlisted', 'Late Game Scaling Strategy', '{"cupidatat qui","sint","duis consequat irure in voluptat","nostrud enim aute excepteur","nisi duis in anim irure","et occaecat ea dolore","nisi elit esse do voluptate","aute et Lorem anim"}', DEFAULT, DEFAULT), ('c68ff46b-b1a9-581e-aa43-737e3b976580', 'ee198d66-a798-52a5-8b79-9931f7b835e3', 13, 'unlisted', 'Objective Focused Strategy', '{"duis cillum voluptate","nisi proident aliquip commodo in","consequat do nisi amet","cupidatat"}', DEFAULT, DEFAULT), ('e8d13e33-32bc-5c1a-9371-8f828965d869', 'd297ab9e-40d4-51b5-bb8f-a1df399f1a9a', 16, 'public', 'Early Game Dominance Guide', '{"ad dolore","est deserunt adipisicing et","dolore laboris non proident"}', DEFAULT, DEFAULT), ('79cca71d-1dd7-5b78-9e31-229bb9872504', '6653ef95-0532-561d-a71b-05f5c1bc302b', 14, 'public', 'Wave Management Plan', '{"sit cupidatat proident","velit esse nisi ad"}', DEFAULT, DEFAULT), ('cdf1b1e3-61cd-52e6-b86e-eec98ea71e23', '3a804324-748d-571a-afad-6b9c20a35337', 18, 'private', 'Siege Tactics Handbook', '{"Lorem voluptate id","enim do","cillum aliquip dolore cillum ali","consectetur aliquip nisi dolor n","reprehenderit consectetur aliqua","id tempor do sit"}', DEFAULT, DEFAULT), ('98ea8abd-4f3f-5750-b436-afb8aa79fb82', '45173bfe-a11f-574a-ac25-21cda1308ec9', 17, 'private', 'Wave Management Plan', '{"velit ex officia","pariatur"}', DEFAULT, DEFAULT), ('bc227bd7-3214-5075-bca0-3f60046ac216', '1e0af0c0-30ba-5a06-9647-a83cef3d815d', 14, 'unlisted', 'Map Control Blueprint', '{"dolore ut","fugiat ea adipisicing","officia aliqua pariatur mollit e"}', DEFAULT, DEFAULT), ('8fd84214-96a6-5d6c-8437-0646145f15a1', 'db9f2a26-569b-5431-9216-bcd2cf256bbd', 14, 'unlisted', 'Split Push Blueprint', '{"nulla adipisicing enim","qui reprehenderit mollit"}', DEFAULT, DEFAULT), ('7b269807-4fdc-5847-8a5c-807ffa02f953', 'e9de49c7-7c1c-5c70-9aad-96d6727706e4', 20, 'public', 'Aggressive Rush Strategy', '{"elit officia est id excepteur","dolore sit nostrud","occaecat","in voluptate sunt","sit","voluptate commodo qui","consectetur magna ea deserunt fu","anim nulla culpa non"}', DEFAULT, DEFAULT), ('cf8258c4-f278-5c75-a944-c2bcba526ad4', 'd297ab9e-40d4-51b5-bb8f-a1df399f1a9a', 19, 'private', 'Objective Focused Strategy', '{"aute ut consequat","culpa proident","nostrud duis","sint tempor magna","dolor quis non","occaecat mollit cupidatat pariat","laboris anim"}', DEFAULT, DEFAULT), ('2e51b4b0-68ac-5e21-94a2-b7afb1b16016', 'b32027db-33da-5dc2-b906-e0c2a06ac683', 13, 'unlisted', 'Objective Focused Strategy', '{"velit irure est","ex veniam","adipisicing quis deserunt"}', DEFAULT, DEFAULT), ('6e9d8d45-1d4b-5cdd-92c5-76194015ba99', '3d4df0ce-5a7f-53e4-b486-95faf0a09720', 20, 'unlisted', 'Team Fight Execution Plan', '{"cillum ut officia exercitation","aliqua amet aute sint","dolore qui","qui adipisicing","aliquip","tempor cillum ipsum","do laborum incididunt","mollit do","nisi adipisicing adipisicing"}', DEFAULT, DEFAULT), ('fac7e894-3f38-5663-bc98-486c88732ea4', 'd1b6355b-0594-5d07-b55b-72d2c66a1391', 19, 'public', 'Objective Focused Strategy', '{"nulla officia ea esse","excepteur exercitation ut","id sit mollit","aliqua incididunt consequat irur"}', DEFAULT, DEFAULT), ('7d360079-2c18-5c6d-a1b8-85eb411ace3d', '34a6eefa-de0a-5b54-8950-76863d1d5290', 18, 'unlisted', 'Aggressive Rush Strategy', '{"officia sit elit labore","esse enim","sit ex magna incididunt cupidata","culpa sint voluptate officia","laboris dolore","ad non eiusmod ea","reprehenderit pariatur aliquip e","aliquip culpa ex excepteur","aliquip excepteur ea deserunt","fugiat"}', DEFAULT, DEFAULT), ('be194c18-6eee-5ff6-a117-608bade8a86e', '1716ac71-f35f-52a7-acdc-316247462f37', 17, 'private', 'Vision Control Blueprint', '{"aliqua incididunt","aliqua enim veniam Lorem cupidat","et commodo consectetur","do","ea occaecat magna magna","aliquip esse exercitation dolor","aute","labore pariatur aliqua","nulla excepteur id ipsum"}', DEFAULT, DEFAULT), ('74297878-a21d-59b7-aced-265d4a9f30fa', '1bf9a820-bb8f-59cd-8902-84a62a1aa29f', 20, 'public', 'Gank Heavy Approach', '{}', DEFAULT, DEFAULT), ('a0c5fdb3-1581-541b-b560-7473e0935643', '09204188-e618-5728-88fc-034120742c41', 12, 'unlisted', 'Jungle Control Playbook', '{}', DEFAULT, DEFAULT), ('5bf01130-69dd-5547-acc0-717bf1395fda', '94daea14-9b93-5933-9044-5ccc1eb32f8f', 20, 'unlisted', 'Vision Control Blueprint', '{"aliqua laborum","tempor","enim ad enim aliqua veniam","sit veniam","incididunt esse commodo et","fugiat eu in","non excepteur amet do","id","anim amet amet reprehenderit","amet nisi"}', DEFAULT, DEFAULT), ('1e052062-4999-589c-af48-bc4a3df69d05', 'c97097d9-c6b8-5a50-931a-369c86f1535e', 18, 'private', 'Secure Objective Playbook', '{"ex qui laboris ipsum","velit adipisicing sit excepteur"}', DEFAULT, DEFAULT), ('38b49ca8-b50c-5e98-af9e-9c3898d28f8f', 'd9bba68a-079c-5141-bd43-756b87167584', 19, 'private', 'Aggressive Rush Strategy', '{"occaecat adipisicing esse","occaecat amet","cillum laboris labore","officia ad excepteur eu est","laboris mollit","ea in"}', DEFAULT, DEFAULT), ('9b261f2f-f0b0-57c3-9c3a-156a89bfc9aa', 'e7220451-be7e-505e-a9bf-ee44e4532e06', 17, 'unlisted', 'Secure Objective Playbook', '{"non","mollit incididunt","pariatur et ad deserunt cillum","ut nulla duis dolor aliquip","sunt veniam occaecat excepteur","id Lorem enim","sit","consequat deserunt amet magna"}', DEFAULT, DEFAULT), ('2d9d0644-e0d8-5f5d-84c2-071cd2c099ce', '6843e0c5-7d9d-55cf-a335-436ba5672a4d', 11, 'public', 'Defensive Turtle Tactics', '{"deserunt dolor"}', DEFAULT, DEFAULT), ('b8c7a039-d039-57f7-bd1e-253b05ef8c03', 'cd1520c4-af17-5e1e-b5b0-a9e95f36a7c4', 12, 'private', 'Vision Denial Blueprint', '{"proident nulla do","qui","sit nisi aliquip ea","aliqua proident","consectetur qui excepteur eu dui","nisi officia qui sint","nostrud ut consectetur","nostrud qui nostrud deserunt non","irure ex"}', DEFAULT, DEFAULT), ('110d19c8-9e0d-5f75-a721-b94eb9080526', '88133dcb-8b00-5c2c-aee5-9f0743f5239d', 12, 'private', 'Objective Focused Strategy', '{"labore labore"}', DEFAULT, DEFAULT), ('09923517-e55a-5deb-98cb-d64b27c0ab72', 'a78f49ae-5f15-5b14-baf5-6abdb727fcc1', 19, 'unlisted', 'Baron Control Strategy', '{"ipsum qui excepteur","magna enim eiusmod","reprehenderit ad nisi","est voluptate laborum incididunt","est nostrud ut ut labore","sunt est nisi consequat voluptat","sint non","sit amet sint voluptate"}', DEFAULT, DEFAULT), ('e5bd85d5-1f62-5598-9176-4bfd393badbe', '5701e8cf-a128-5707-83da-0279d2c833bf', 14, 'public', 'Vision Denial Blueprint', '{"quis in quis","culpa in","qui esse","mollit do","exercitation"}', DEFAULT, DEFAULT), ('e8eb7547-d359-5d88-afb0-cca98349d023', '76980724-1543-5820-bc77-ff5f445e7244', 18, 'public', 'Counter Pick Blueprint', '{"consequat quis laboris esse","culpa veniam cupidatat","esse exercitation pariatur","dolore irure aliqua"}', DEFAULT, DEFAULT), ('0e4135c9-4c74-5717-9ee1-cbbb37873838', '70b4d1da-5ee3-5bd6-aecb-9af8ab670b84', 20, 'public', 'Team Fight Execution Plan', '{"incididunt ullamco duis fugiat","non nostrud","aliqua sunt ex","et Lorem"}', DEFAULT, DEFAULT), ('eb9d24ec-f15e-5e4f-870e-dd537efcd168', '2ca679b7-4687-5422-ac57-c89cfa36e3c8', 11, 'private', 'Counter Pick Blueprint', '{"ipsum deserunt commodo exercitat","ullamco dolor minim","eiusmod eu","occaecat labore","consectetur enim adipisicing ali","eiusmod fugiat","excepteur aliquip occaecat enim "}', DEFAULT, DEFAULT), ('688a2e3c-848e-5787-bd83-705a15229924', 'be8eca74-88dc-5f62-a6bb-1a0cde780aab', 13, 'unlisted', 'Counter Pick Blueprint', '{"incididunt ex occaecat Lorem","nulla proident cupidatat fugiat ","est minim","ad commodo deserunt ut","Lorem ullamco cupidatat aute ali","non elit mollit"}', DEFAULT, DEFAULT), ('a042a037-2e40-50ce-ae48-3f063c3067bb', '8b474939-245b-5ed9-b06a-21432e2b9115', 18, 'unlisted', 'Roaming Support Plan', '{"pariatur occaecat incididunt ani","ad exercitation fugiat officia","cupidatat","anim incididunt","nisi tempor deserunt voluptate","mollit"}', DEFAULT, DEFAULT), ('cb4eaa5a-1f18-571e-9566-4c1753ad9134', '94170f3d-888c-58bc-bc18-13592bfb52c5', 14, 'private', 'Vision Control Blueprint', '{"proident adipisicing Lorem venia","esse ipsum ipsum","pariatur pariatur adipisicing"}', DEFAULT, DEFAULT), ('2076216c-1b19-5f7f-b10d-db3cae2b4567', '28e4b717-ba20-5ce6-96db-f08421aa2fc7', 14, 'private', 'Defensive Turtle Tactics', '{"proident esse et consectetur","exercitation eu","esse et","id","tempor reprehenderit Lorem","esse","pariatur culpa","sunt nostrud excepteur"}', DEFAULT, DEFAULT), ('a0bd7980-cac4-5ded-adc5-004548282723', 'a6ea6199-2a1a-56d4-b12a-1bf7d32d154c', 12, 'unlisted', 'Vision Control Blueprint', '{"amet ullamco sit","nulla eu","voluptate nisi voluptate ea","officia cupidatat officia except","fugiat","culpa ad dolore veniam","dolor aute magna ut","elit ut amet","officia quis irure consequat par"}', DEFAULT, DEFAULT), ('e94657cc-5d4a-53ce-8902-19b99712c3c6', 'b5605791-3389-56c2-9ec6-17d538b9bb85', 12, 'unlisted', 'Vision Control Blueprint', '{"tempor culpa elit","consequat eiusmod non","ullamco","deserunt","consectetur ex"}', DEFAULT, DEFAULT), ('cdee6d23-791e-5a74-aba4-6e6c1b3863e7', '9a52e2af-cb63-5ab2-95a7-ae32f01d6a1c', 14, 'unlisted', 'Baron Control Strategy', '{"aliquip aliquip do"}', DEFAULT, DEFAULT), ('d5a4641d-8cbb-5fd0-89e3-ac12979b690c', '99498cc5-464e-5b95-a415-0dba48b40687', 14, 'unlisted', 'Secure Objective Playbook', '{"nulla dolor Lorem"}', DEFAULT, DEFAULT), ('ab58f5b2-4308-5685-a477-a4b54637b2a0', '830a4bb5-d929-5c1b-94fc-74a53795cc52', 11, 'unlisted', 'Roaming Support Plan', '{"culpa enim non dolor"}', DEFAULT, DEFAULT), ('025da8e7-6d47-53be-9689-b0604284733b', 'bf9b5b68-4e23-52f1-a2cb-7e93ec2bafea', 18, 'unlisted', 'Gank Heavy Approach', '{"ad velit commodo","est amet quis deserunt proident","voluptate ipsum occaecat aliquip","duis officia"}', DEFAULT, DEFAULT), ('cfc01e92-0e9c-5f58-b116-ac73af2ff344', 'da67a96b-9942-5dc8-b342-59c6ccb73527', 19, 'private', 'Baron Control Strategy', '{"id velit labore mollit elit","eu qui eu ipsum do","qui labore aliquip labore","mollit","amet do magna exercitation dolor","officia amet","officia","esse veniam"}', DEFAULT, DEFAULT), ('6c7a0737-5d09-56f1-9a60-9ca811b68d40', '6a3486ce-c3fa-519b-8ad1-f329a5c3ee43', 16, 'public', 'Late Game Scaling Strategy', '{"pariatur laborum dolore mollit","minim exercitation exercitation ","eiusmod proident culpa do","commodo ex qui"}', DEFAULT, DEFAULT), ('b74b781d-f3ca-5ce2-a262-c20f23455d05', '5da40fc6-2f9c-5273-8dcd-1032d525128a', 11, 'private', 'Team Fight Execution Plan', '{"ullamco ea","eiusmod commodo","eu laboris laborum","nulla adipisicing aliquip non"}', DEFAULT, DEFAULT), ('ae76c1cf-66c9-5bf7-8fc8-d1e1260ab8bd', 'fa904169-96b2-5473-b48d-c7f225d6dfb3', 14, 'public', 'Jungle Control Playbook', '{"dolor tempor sunt","consequat","adipisicing sint sit","commodo sint aliqua amet","id labore et pariatur","ipsum pariatur amet laborum","occaecat proident","ut sit qui quis"}', DEFAULT, DEFAULT), ('3267d96d-4a33-5c13-9ef8-eb9652f76262', '94170f3d-888c-58bc-bc18-13592bfb52c5', 15, 'public', 'Late Game Scaling Strategy', '{"amet aliquip","tempor officia","eu ad pariatur magna incididunt","ut nulla esse esse sunt","quis laborum ea velit incididunt","laborum sunt pariatur"}', DEFAULT, DEFAULT), ('272ce823-3f81-5671-93a8-93655178aa67', '6f98547a-4734-5cb4-82a1-cf5fc4e37c8d', 19, 'unlisted', 'Counter Pick Blueprint', '{"eu","elit velit","cillum amet reprehenderit","incididunt dolor","incididunt ad officia laboris","magna id dolore labore","amet cillum non sunt","proident esse","culpa incididunt tempor occaecat"}', DEFAULT, DEFAULT), ('0cd365ac-6479-5889-b532-b02ce5d93b9f', '1bf9a820-bb8f-59cd-8902-84a62a1aa29f', 11, 'unlisted', 'Wave Management Plan', '{"dolor commodo","id aliqua enim","aute voluptate","et magna aliqua pariatur id","veniam veniam pariatur","eiusmod sint consectetur qui","dolore sint sunt"}', DEFAULT, DEFAULT), ('d1c31a1f-140d-5b01-95f7-3fc15003186c', 'b7a89d05-549f-565f-b631-b59097e91d1a', 12, 'public', 'Baron Control Strategy', '{"nulla cillum esse officia ea","anim Lorem ullamco tempor tempor","aliqua labore consectetur","eu laboris"}', DEFAULT, DEFAULT), ('139e14ed-bbf1-5d48-a6cc-84c72c891164', 'd1dc8a74-c651-5dbd-b484-1cd2c51db9b9', 14, 'unlisted', 'Jungle Control Playbook', '{"adipisicing quis","labore in enim do","esse consequat pariatur voluptat"}', DEFAULT, DEFAULT), ('586f1ac8-f524-5f8c-88e2-184c02d5ef6d', 'bbecd693-8054-5eee-8ada-8e2d5a3c5090', 20, 'private', 'Aggressive Rush Strategy', '{}', DEFAULT, DEFAULT), ('62075432-2441-5ae8-a3d3-0c53f1490707', '2ca679b7-4687-5422-ac57-c89cfa36e3c8', 16, 'public', 'Vision Denial Blueprint', '{"nisi et excepteur","occaecat eu aute","sunt adipisicing est laborum"}', DEFAULT, DEFAULT), ('7e2a3012-f429-5959-8e79-e27f888f9ce7', '8bfeb6d5-d92f-5041-aa1b-39b8365c0a59', 13, 'public', 'Baron Control Strategy', '{"Lorem ullamco enim","dolor sunt","incididunt","sit fugiat","consectetur commodo nisi","aliqua"}', DEFAULT, DEFAULT), ('b8821e56-73f0-54d5-b485-728d64492250', '9bf2ad50-cccb-50eb-8269-3a7e78bd21f5', 13, 'private', 'Gank Heavy Approach', '{"cupidatat voluptate","excepteur eu aliquip consectetur","tempor fugiat do nisi","laborum consectetur"}', DEFAULT, DEFAULT), ('41c6ea7f-18a9-55e6-b2ba-f0f4f40a17bf', '5f651c76-ceba-56db-bd60-512d4079ec53', 13, 'unlisted', 'Siege Tactics Handbook', '{"sit et exercitation"}', DEFAULT, DEFAULT), ('6071eb55-6bca-516b-b2e7-cdcdc70b2f27', '8bfeb6d5-d92f-5041-aa1b-39b8365c0a59', 14, 'private', 'Rotation Strategy Document', '{"sunt dolore velit do","sunt quis pariatur","dolor amet","exercitation proident esse labor"}', DEFAULT, DEFAULT), ('d7cdb9d2-07a6-5208-bc43-84429587c78d', 'b737f334-53a3-585e-98d7-69fce744e35e', 14, 'private', 'Gank Heavy Approach', '{"consequat excepteur ut non","occaecat ex est","tempor enim Lorem","ut eu mollit non cillum","id"}', DEFAULT, DEFAULT), ('edba76b8-16c2-5d65-8407-7c8846b18c8d', '1bdf6d4a-906f-5da5-b91f-35917468bf74', 19, 'private', 'Defensive Turtle Tactics', '{"dolor deserunt ad labore","Lorem aliquip ex commodo quis","irure ex eu cupidatat velit","nostrud"}', DEFAULT, DEFAULT), ('4961b154-685f-5c2d-b1f1-598100239ea4', 'ba4d6fef-111f-5ce5-883e-2b3880f373bf', 12, 'public', 'Early Game Dominance Guide', '{"duis nulla sunt","dolore","duis ut aute","adipisicing ad","sint ex"}', DEFAULT, DEFAULT), ('81b648c1-576c-5086-ba4f-2125060d9cf0', '3c6d504a-3b43-5117-a71b-e844b07b3920', 16, 'unlisted', 'Siege Tactics Handbook', '{"excepteur enim nisi","voluptate voluptate duis culpa l","proident veniam ex velit"}', DEFAULT, DEFAULT), ('edcc20e9-95a3-50eb-b84c-a2ac5801dd1f', '5ce056de-a21e-5eba-9d47-e09232047aae', 17, 'private', 'Objective Focused Strategy', '{"Lorem aliquip enim aliqua"}', DEFAULT, DEFAULT), ('0f7963e1-2931-5603-b1f8-5f29e095a36f', '81cd6138-b0c3-5d83-86b9-8143c909421b', 18, 'private', 'Aggressive Rush Strategy', '{"ex","nisi Lorem","esse consequat","cupidatat aliquip quis","pariatur irure fugiat nisi","magna excepteur amet Lorem","quis elit elit","tempor et"}', DEFAULT, DEFAULT), ('d90cf80e-490d-5c8c-85cc-9c761060fca5', '09617df2-6261-5b47-bc30-85d317367d48', 19, 'public', 'Defensive Turtle Tactics', '{"magna dolor tempor","fugiat labore eiusmod","velit proident"}', DEFAULT, DEFAULT), ('84a00f8f-8f65-512e-a89a-396ebb944774', 'd905224a-1767-5e97-ad1a-f223ab64cd44', 20, 'unlisted', 'Counter Pick Blueprint', '{}', DEFAULT, DEFAULT), ('24530daa-18f4-5736-824e-740b98d86f84', 'a3df44c1-25a3-5190-a8bc-004597063afc', 18, 'public', 'Objective Focused Strategy', '{"minim eiusmod et","in officia minim est","labore minim","aute officia eiusmod minim","velit","sint","nostrud quis consectetur","proident id","enim sunt"}', DEFAULT, DEFAULT), ('cef44dbb-01f1-53f9-a51f-bce20b8c9729', '39da01f0-2195-5fc3-a74a-d12c26c902a3', 15, 'private', 'Gank Heavy Approach', '{"amet esse aliqua ipsum","exercitation elit","eu consequat deserunt","ullamco sit laboris","irure est","exercitation do cillum sit commo","do voluptate nostrud pariatur et"}', DEFAULT, DEFAULT), ('2f432e43-c578-5d3f-a9f6-658650551fe1', '7bf99080-cdc6-5456-b6d5-417e28b4eba5', 17, 'public', 'Vision Denial Blueprint', '{"quis","officia cupidatat irure exercita","excepteur anim","eu ex","id Lorem pariatur laborum tempor","ullamco ea proident sit","eu dolor adipisicing","do id eiusmod"}', DEFAULT, DEFAULT), ('9e0ad23d-bafe-536b-a992-47ea353cf3b5', '8d3f145b-67b0-504d-b49a-d59ecea5d2d8', 19, 'unlisted', 'Gank Heavy Approach', '{"mollit","amet magna aliquip","consectetur aliqua ad","duis ullamco","ipsum proident cillum","exercitation esse culpa","laboris ut"}', DEFAULT, DEFAULT), ('ba4f3542-9d48-574a-8df6-823d78106037', 'fd2a8113-662a-5782-9e12-f7b49eee56e0', 15, 'public', 'Defensive Turtle Tactics', '{"non irure do exercitation","aliquip velit"}', DEFAULT, DEFAULT), ('d5920fa6-848e-5195-b671-9577ccf74a26', '5b303ef1-7516-512a-ba01-9f0dc05d7d2a', 17, 'public', 'Roaming Support Plan', '{"proident do elit","et cillum excepteur dolore","nostrud mollit labore","veniam aute"}', DEFAULT, DEFAULT), ('60e1ec45-4b3f-5cd2-b9e9-a6fd50c32391', 'd0fa96c4-2bfe-5959-9fd4-b17ec4964e6d', 20, 'public', 'Vision Denial Blueprint', '{"consectetur labore pariatur aute","nulla aliqua excepteur","exercitation Lorem","officia cillum ad magna","laboris"}', DEFAULT, DEFAULT), ('4152396c-eaf9-5aeb-9b7d-6c26ad4d722c', '274020d9-7513-5cf6-ae0b-e94ef1d1a62f', 18, 'unlisted', 'Defensive Turtle Tactics', '{"occaecat cillum","do tempor irure","officia velit in","quis ea laboris"}', DEFAULT, DEFAULT), ('82c66b9e-374b-5deb-960b-0b761f066806', '3af5be38-b117-5675-8d7a-e27a1a34e8a8', 16, 'public', 'Late Game Scaling Strategy', '{"aliqua cupidatat proident quis","non sit non","ut dolor ut","consectetur nostrud et","laboris exercitation commodo con","elit deserunt consequat est","quis pariatur aute"}', DEFAULT, DEFAULT), ('cb1a8444-be9e-581c-8a1e-9f0d5870d484', 'a9072b83-7976-58e9-a9c4-45664532f42e', 11, 'public', 'Wave Management Plan', '{"ut ea aliquip","fugiat"}', DEFAULT, DEFAULT), ('b4086fbf-8b55-5b20-af96-270e53efd260', 'f6a7cc82-a609-50ee-a839-9fa8b1a9631d', 17, 'unlisted', 'Siege Tactics Handbook', '{}', DEFAULT, DEFAULT), ('7dc2a385-02fd-5e9e-8ca3-480d310ce988', 'f057746f-990e-5e0f-ba59-b833ef7e39fc', 12, 'unlisted', 'Late Game Scaling Strategy', '{}', DEFAULT, DEFAULT), ('bd010a0a-cb39-59ee-8218-e7f775ac9a01', 'b32027db-33da-5dc2-b906-e0c2a06ac683', 18, 'private', 'Counter Pick Blueprint', '{"sit","dolor et","et anim ut","ullamco do et ipsum deserunt","veniam ad ut","et mollit dolore anim adipisicin","officia voluptate velit in labor","duis"}', DEFAULT, DEFAULT), ('eb100a5e-fbbc-5189-b323-e08ca1ddf4b2', 'af5fa9a8-f7df-5a87-830c-3e8d39f06eae', 17, 'public', 'Map Control Blueprint', '{"id incididunt sunt","ullamco sint qui","eiusmod enim nostrud dolore","ipsum duis"}', DEFAULT, DEFAULT), ('e43c6b3b-10fe-54f2-a09c-2f23976dbe42', 'c801d235-e02a-5267-8201-eecb86948b65', 13, 'public', 'Counter Pick Blueprint', '{"esse","duis pariatur Lorem nostrud","sunt enim officia est nulla","enim cillum fugiat eiusmod","veniam","aute","nulla nulla ad sint excepteur","magna officia"}', DEFAULT, DEFAULT), ('145f2d17-d2b0-59ee-98c0-d8b6d6c741cd', 'c97097d9-c6b8-5a50-931a-369c86f1535e', 15, 'unlisted', 'Wave Management Plan', '{"minim ullamco consequat"}', DEFAULT, DEFAULT), ('27b7fc92-c399-5aec-bc43-ea4a7d41c984', '338ac238-5209-53e4-836e-9d5dc98ae268', 17, 'unlisted', 'Gank Heavy Approach', '{"incididunt cupidatat ex officia","ad nulla sint","quis et sit dolor","nulla mollit","dolor sit ullamco","proident aliquip aliqua ipsum","mollit sint tempor aute","aliqua duis qui"}', DEFAULT, DEFAULT), ('16e13bc2-bae9-5a1b-a23b-7f2503b73a03', 'f5d8c620-973f-509a-b5b1-dc1e889a22a1', 15, 'private', 'Baron Control Strategy', '{"est eu elit occaecat","nostrud veniam aliquip exercitat","occaecat","cupidatat in culpa","dolore elit consequat"}', DEFAULT, DEFAULT), ('fb9a721d-7da1-577d-a721-ae00139d250b', '51a084b6-d183-5fbc-beeb-9d670865e2cb', 19, 'unlisted', 'Aggressive Rush Strategy', '{"voluptate nostrud aliqua","commodo velit","minim irure dolor veniam occaeca","consectetur pariatur Lorem","laboris","sint sunt","tempor exercitation minim esse l","ut"}', DEFAULT, DEFAULT), ('8514b549-2321-5223-bcae-362fbfc61c61', 'b32027db-33da-5dc2-b906-e0c2a06ac683', 11, 'private', 'Split Push Blueprint', '{"consequat cupidatat","veniam exercitation magna","in cillum id in","excepteur sit irure in ipsum","aliquip adipisicing","est nostrud id","adipisicing duis"}', DEFAULT, DEFAULT), ('8d222d98-29f0-5123-b99d-cc9f19493b20', '70b4d1da-5ee3-5bd6-aecb-9af8ab670b84', 18, 'public', 'Aggressive Rush Strategy', '{"culpa laborum","elit","sint nisi duis","aliqua qui","esse cillum qui","amet labore","ea id nostrud non","irure culpa"}', DEFAULT, DEFAULT), ('5ba895cd-4107-5c9d-a9cb-bd2d24899776', 'c8f3e8fc-81cf-5046-86bf-a7cd958a07aa', 17, 'private', 'Vision Denial Blueprint', '{"irure sunt exercitation sit","tempor sint labore incididunt au","labore","est minim ut","voluptate et","elit proident ipsum","consectetur","consectetur ullamco esse","do deserunt commodo proident fug"}', DEFAULT, DEFAULT), ('73b23aba-b5e2-5b24-b442-00922b22f275', '7c0f6282-7933-5431-8e88-9d2b9f09f272', 14, 'private', 'Jungle Control Playbook', '{"ipsum anim incididunt","veniam voluptate sit"}', DEFAULT, DEFAULT), ('0e1a0168-a26a-5feb-9c91-7bd40d62afcc', '1332e392-1ac8-57d9-8262-948f66c89fe9', 17, 'private', 'Map Control Blueprint', '{"occaecat","adipisicing eiusmod proident eiu","ad anim velit","irure cupidatat culpa","culpa sit anim eu","duis voluptate dolor","dolore consectetur","ea ipsum laboris fugiat","fugiat commodo officia occaecat","voluptate ut sunt qui"}', DEFAULT, DEFAULT), ('9348bed0-a52a-59cd-98df-ed8ab48ba4f7', '26f7bb6a-3c9c-5b30-b11b-be5ebfb91948', 16, 'private', 'Defensive Turtle Tactics', '{"eiusmod aliqua veniam enim ea","laboris do anim eiusmod","non et anim laboris","aute","laboris excepteur","non","laborum eu","sunt nulla commodo quis","id Lorem commodo esse"}', DEFAULT, DEFAULT), ('1507f034-16ba-5219-b927-72f72394b9da', '92bf5244-388d-5bbf-bd84-1c7ad2efe31b', 20, 'unlisted', 'Wave Management Plan', '{"officia sunt officia irure","duis aliqua cillum","exercitation"}', DEFAULT, DEFAULT), ('3d6517ba-6968-54c9-9934-5dca00f20f48', 'ab07c47c-511a-5092-acb9-cbf862e0076b', 18, 'private', 'Defensive Turtle Tactics', '{"mollit pariatur do laborum aute","excepteur adipisicing","qui Lorem aliquip","occaecat esse cillum","pariatur ea culpa","aute mollit ea","laborum ipsum mollit","irure aliquip","anim in exercitation"}', DEFAULT, DEFAULT), ('253eb1a7-6466-5751-bb80-ba728a9d5688', '0f271189-6f05-5fbd-95b4-ad7e10a0703b', 20, 'public', 'Split Push Blueprint', '{"anim eiusmod anim","eiusmod do do ad","mollit voluptate cupidatat magna","anim magna"}', DEFAULT, DEFAULT), ('84afba7a-f643-5519-b420-54d83f591e9d', '72d447b0-a4fa-5de7-bb4c-9ff5f169dfea', 15, 'unlisted', 'Roaming Support Plan', '{"laborum dolor","aliquip et veniam sit","pariatur consectetur ex laboris","tempor esse nostrud","officia labore exercitation","quis adipisicing nostrud","pariatur dolore velit"}', DEFAULT, DEFAULT), ('59b35be9-9d21-5b79-8875-4954a08d7239', 'ee88c41d-7461-5ecc-a96b-908770bc5575', 15, 'public', 'Late Game Scaling Strategy', '{"magna","nulla ut veniam aliqua","laboris esse"}', DEFAULT, DEFAULT), ('b3ff9604-63d2-533f-8bbb-d5f0486381ad', 'e25e0c45-28e1-5923-b63d-64b8ddeff422', 15, 'unlisted', 'Rotation Strategy Document', '{"occaecat quis officia","et reprehenderit pariatur","aliqua non","enim cupidatat non","ex","amet velit","aute exercitation","anim"}', DEFAULT, DEFAULT), ('bcc899da-7629-5e0e-b560-5f5f6e7060e1', '8a0a556f-d942-55f0-8ba8-1ffbfaf3c6d9', 19, 'private', 'Counter Pick Blueprint', '{}', DEFAULT, DEFAULT), ('96dbca51-d731-5e2c-a3d4-62e8f0faa072', '7b09592d-b146-5ee2-9db5-3683955196d6', 15, 'unlisted', 'Map Control Blueprint', '{"culpa amet consequat"}', DEFAULT, DEFAULT), ('fc633e1f-14b8-590b-a0ba-c22147aaeeb4', '6f98547a-4734-5cb4-82a1-cf5fc4e37c8d', 16, 'private', 'Secure Objective Playbook', '{"quis labore id","sint nulla eu","fugiat","aliqua","ullamco reprehenderit sit","reprehenderit aute minim officia"}', DEFAULT, DEFAULT), ('49af1081-9f3e-5569-af2e-1029eb808baf', '94170f3d-888c-58bc-bc18-13592bfb52c5', 14, 'public', 'Late Game Scaling Strategy', '{"occaecat reprehenderit","exercitation fugiat","ad","est duis","exercitation labore occaecat des","sit reprehenderit laborum ad"}', DEFAULT, DEFAULT), ('28c7fcd5-dc0b-528f-92f0-3e19e7b94b50', '3ff60d7a-a4ad-54c5-a422-53b52cd53093', 19, 'public', 'Gank Heavy Approach', '{"quis","proident aute","incididunt irure esse elit"}', DEFAULT, DEFAULT), ('38780d0a-620c-5420-b84b-aa917e5db8c1', 'e6e5bdc8-dbe5-545a-b616-a55a5f857d1f', 11, 'unlisted', 'Aggressive Rush Strategy', '{"id cupidatat","mollit amet laboris non fugiat","do sit","est incididunt","velit nostrud","ullamco sunt eu","id aliqua excepteur","excepteur Lorem do"}', DEFAULT, DEFAULT), ('535c1e86-4fb0-59ea-8076-b54244994b61', 'fe24988b-bca5-5bf5-be0f-c92da7b2cbe1', 16, 'unlisted', 'Split Push Blueprint', '{"pariatur"}', DEFAULT, DEFAULT), ('5e181f1c-b93c-59a3-a161-c4d4e29f775e', '11edd970-a1f3-5973-a201-278046231716', 14, 'unlisted', 'Secure Objective Playbook', '{"ullamco commodo","laborum adipisicing dolor incidi","magna proident aliquip nulla","anim ex","tempor ullamco"}', DEFAULT, DEFAULT), ('0cd34502-daee-52d8-b8a4-7aa032065e8a', '6843e0c5-7d9d-55cf-a335-436ba5672a4d', 12, 'public', 'Objective Focused Strategy', '{"officia Lorem elit","mollit magna duis","consequat","cupidatat esse dolor occaecat ex","consectetur","qui duis duis id","velit commodo eu","dolore laborum excepteur volupta"}', DEFAULT, DEFAULT), ('6c9b6808-e737-5f8f-b196-93c0598b34b9', '110efd29-2979-5c30-b41f-b3bf832f48cd', 17, 'public', 'Roaming Support Plan', '{"elit enim irure exercitation eli","ea culpa ad","duis ad"}', DEFAULT, DEFAULT), ('f498173a-b4a1-5b37-ad0b-67596b4fe0ac', 'e4de1a09-bd9a-5e42-b92c-2cb1af28bec6', 18, 'unlisted', 'Siege Tactics Handbook', '{"est laboris","dolor pariatur non aliquip","ex dolor commodo eiusmod cillum","voluptate id sint","fugiat exercitation","tempor tempor Lorem qui","et est velit officia","nulla"}', DEFAULT, DEFAULT), ('b0d542cd-fe80-5cad-9bd6-a81d0ed1c2f4', '8d3f145b-67b0-504d-b49a-d59ecea5d2d8', 18, 'unlisted', 'Vision Control Blueprint', '{"qui cillum dolor dolore","nostrud voluptate dolor","in velit"}', DEFAULT, DEFAULT), ('cd506b7e-0f7c-526c-b650-bb799376c313', '79efb743-bb54-546e-8bdf-089509399715', 12, 'unlisted', 'Gank Heavy Approach', '{"adipisicing reprehenderit","veniam quis","incididunt proident proident","est ut enim amet"}', DEFAULT, DEFAULT), ('d625f518-4ec3-51e2-95c0-6cf965668d68', 'a69d43fa-2222-5203-b590-140e62599451', 18, 'public', 'Wave Management Plan', '{"in id laboris nulla","pariatur qui velit","aute tempor","cillum","ut consectetur deserunt aliquip ","culpa","amet cupidatat pariatur","elit dolor","ipsum enim","sunt"}', DEFAULT, DEFAULT), ('66b76653-1cc5-50ef-a109-c059c945f253', '92bf5244-388d-5bbf-bd84-1c7ad2efe31b', 19, 'private', 'Team Fight Execution Plan', '{"sunt irure reprehenderit","cupidatat proident consectetur v","elit eu","commodo ea dolore","ea fugiat veniam","pariatur Lorem adipisicing","in","sit culpa ad deserunt","aliquip laborum","dolore consectetur ad reprehende"}', DEFAULT, DEFAULT), ('a6dbcc80-e965-5682-9448-6a65a83787b3', 'ea56a5ec-2249-5fba-8891-278bcdbbb33d', 11, 'public', 'Roaming Support Plan', '{}', DEFAULT, DEFAULT), ('c4d9fc37-aa2c-5cf4-8cef-779723958882', 'a727f58e-5d42-555f-a07e-84196ea16b24', 19, 'unlisted', 'Vision Control Blueprint', '{"aliqua adipisicing","fugiat ut proident","culpa fugiat officia","velit est","dolor esse consectetur proident"}', DEFAULT, DEFAULT), ('cbdcc83c-77a1-5d75-ace8-183321930672', '22052ce5-2628-54da-93cf-dce3c06b547a', 13, 'private', 'Map Control Blueprint', '{"velit dolor fugiat reprehenderit"}', DEFAULT, DEFAULT), ('46b593cf-05b9-5316-ba74-ef4cf062dcc9', 'd1b6355b-0594-5d07-b55b-72d2c66a1391', 15, 'unlisted', 'Vision Control Blueprint', '{"incididunt","in","proident quis excepteur tempor e","mollit amet id duis"}', DEFAULT, DEFAULT), ('1770dbe6-c529-520b-a36c-454b023ccb2c', '22052ce5-2628-54da-93cf-dce3c06b547a', 16, 'public', 'Roaming Support Plan', '{"laborum Lorem minim officia","sint elit","ullamco laboris exercitation"}', DEFAULT, DEFAULT), ('65973815-006c-531b-b69f-bd5d086f7786', 'e20720a7-b660-50e0-8da5-8784fa26a31d', 18, 'unlisted', 'Wave Management Plan', '{"Lorem labore"}', DEFAULT, DEFAULT), ('0cd413aa-1a82-5832-9edb-17fd5c059a41', '808bd15b-fc3e-5378-a895-35c8b3e388f6', 20, 'private', 'Vision Denial Blueprint', '{"anim cupidatat","elit nulla labore minim","adipisicing reprehenderit ad","pariatur duis nostrud reprehende","cillum tempor occaecat incididun","adipisicing reprehenderit","et"}', DEFAULT, DEFAULT), ('5153bc7b-cd04-5c5e-83e9-7b7a5a1390e6', '626028b2-23d2-53a4-aca9-9c9cc4158e30', 14, 'public', 'Roaming Support Plan', '{"sint consequat eu velit","adipisicing amet","ipsum culpa","sunt"}', DEFAULT, DEFAULT), ('bd276dfa-2ddb-52c7-9feb-6d2cc281335e', '061a9df6-5f3b-55cf-9879-eec1a4061457', 12, 'private', 'Map Control Blueprint', '{"ex et","labore"}', DEFAULT, DEFAULT), ('12cafb5f-6adc-5f24-a738-9455dde3eb2a', '5f651c76-ceba-56db-bd60-512d4079ec53', 12, 'public', 'Wave Management Plan', '{"adipisicing amet","eu sunt voluptate","pariatur proident"}', DEFAULT, DEFAULT), ('e017f166-fa51-5fb5-af86-6fc41cad9674', 'b7a89d05-549f-565f-b631-b59097e91d1a', 12, 'private', 'Secure Objective Playbook', '{"eiusmod eu consectetur","deserunt ex ipsum officia","in proident aliquip","tempor laborum est","sit commodo","magna irure laboris","nisi aliqua","dolore","proident nisi anim","magna mollit"}', DEFAULT, DEFAULT), ('544f27bb-a8e9-5b6b-8ec7-f1cfe91406e2', 'ad1bbcac-cdbb-551f-b25a-b14b40074515', 15, 'public', 'Wave Management Plan', '{"pariatur magna est qui","velit et do","qui","minim veniam et est","id","ullamco cupidatat non cillum","aliquip","est ad anim non laboris","laborum sit"}', DEFAULT, DEFAULT), ('a704d0a7-ee9e-5aa5-bba9-aff3556d41a2', '8a0a556f-d942-55f0-8ba8-1ffbfaf3c6d9', 15, 'private', 'Wave Management Plan', '{"veniam cillum","Lorem eu"}', DEFAULT, DEFAULT), ('a758f3b0-169f-56a9-80db-acb9f3972464', 'd297ab9e-40d4-51b5-bb8f-a1df399f1a9a', 12, 'public', 'Defensive Turtle Tactics', '{}', DEFAULT, DEFAULT), ('1ebb07c2-9cc9-56df-b9e3-71837bafdca1', '01bb02e3-6d00-5b11-ba00-2f6b060dfb2e', 15, 'unlisted', 'Early Game Dominance Guide', '{"eiusmod","amet esse eiusmod est","minim duis"}', DEFAULT, DEFAULT), ('217c4ba5-3ca5-503f-8fcd-2cf91341f163', '897e7fb9-bd9c-59e3-afc7-d1c31ec7ef34', 19, 'public', 'Vision Control Blueprint', '{}', DEFAULT, DEFAULT), ('63c64b00-d130-5928-b403-258ebdb17248', '77085b75-b014-57d0-8618-9cc95436a25e', 19, 'private', 'Early Game Dominance Guide', '{"nulla ad reprehenderit duis enim","ipsum velit mollit","do non eu anim ex","commodo ad","tempor amet"}', DEFAULT, DEFAULT), ('0deb1a0e-8f26-576f-af23-e26ef824ea0b', '70b4d1da-5ee3-5bd6-aecb-9af8ab670b84', 20, 'unlisted', 'Split Push Blueprint', '{"est","irure","tempor"}', DEFAULT, DEFAULT), ('924718ca-0525-5af0-b71a-2560f2cc09a0', '28a1ca86-fc34-5d5b-bda6-792b581f58de', 18, 'public', 'Map Control Blueprint', '{"amet sit sit consequat"}', DEFAULT, DEFAULT), ('877842c0-f0dc-575b-a7ad-30915aaaeebe', 'd2268e40-fa6d-5300-9f01-b7cc8f9018e3', 12, 'private', 'Secure Objective Playbook', '{"adipisicing labore aliquip","nisi qui","laborum eu consectetur eu eiusmo","id velit proident","et enim"}', DEFAULT, DEFAULT), ('ebce0b2a-b558-5f18-bddc-2af385fe3118', '262a78c7-eb9d-5e1a-8e58-41ecb0c31fbd', 15, 'unlisted', 'Baron Control Strategy', '{"aute","Lorem eiusmod dolor aliqua","reprehenderit in ut","ad duis","in sit non dolor","Lorem consectetur","adipisicing laborum veniam","anim elit labore","excepteur ad est"}', DEFAULT, DEFAULT), ('67f00577-22b1-541a-b8eb-43f4241ec322', 'd6d652bf-48a5-5a85-a95d-16c25edc5397', 12, 'private', 'Objective Focused Strategy', '{"proident aliqua consectetur sint","do quis","fugiat","anim sint laboris","amet","occaecat ea anim anim"}', DEFAULT, DEFAULT), ('5c1d9b7d-9f54-545c-ae19-f60dd5ff1d25', '763ebb5f-add9-59ff-9a26-6b4030dae259', 13, 'unlisted', 'Aggressive Rush Strategy', '{"sit laborum exercitation aliqua ","officia"}', DEFAULT, DEFAULT), ('339c2395-3fcf-5f3b-90ec-90611b01fa37', 'f6a7cc82-a609-50ee-a839-9fa8b1a9631d', 15, 'public', 'Early Game Dominance Guide', '{}', DEFAULT, DEFAULT), ('3e26da35-99ab-5fee-95a6-ca3120af490b', '79efb743-bb54-546e-8bdf-089509399715', 19, 'unlisted', 'Vision Control Blueprint', '{"dolor id","veniam enim minim","eiusmod non ad","excepteur reprehenderit laboris","cupidatat sit sit in","officia fugiat","irure deserunt cupidatat pariatu","deserunt qui duis"}', DEFAULT, DEFAULT), ('540a4921-798c-58f1-8dda-fbb9b912bb43', '1332e392-1ac8-57d9-8262-948f66c89fe9', 20, 'unlisted', 'Vision Denial Blueprint', '{"sit officia nisi","quis sint quis aliqua","est enim consectetur","ea","laboris consectetur eiusmod","est voluptate"}', DEFAULT, DEFAULT), ('81b847bf-bc05-538e-bdc5-721f48634b78', '72d3531d-c972-50b3-9ba4-89c7e7226754', 12, 'unlisted', 'Gank Heavy Approach', '{"enim","anim sit ullamco est consequat","quis","commodo in"}', DEFAULT, DEFAULT), ('2c9d2493-4412-5eae-aa39-69858c4bfd99', 'e4c44768-00c8-52e6-80f9-625972d5d9b9', 18, 'private', 'Gank Heavy Approach', '{"consectetur","ullamco laborum cillum fugiat","labore","Lorem reprehenderit","nostrud Lorem"}', DEFAULT, DEFAULT), ('51ef9256-0eab-579a-868b-52c27ddf10e9', 'df625f4d-0fe2-599a-b1d3-13232701e19f', 14, 'unlisted', 'Early Game Dominance Guide', '{"labore esse","minim","ullamco id","culpa enim amet in","cillum elit","adipisicing dolor sunt anim","occaecat cupidatat veniam nulla","amet veniam officia quis amet"}', DEFAULT, DEFAULT), ('d6ceb82b-4af2-5d8a-96c1-8d6a9db93a31', '51a084b6-d183-5fbc-beeb-9d670865e2cb', 12, 'public', 'Aggressive Rush Strategy', '{"magna","cillum ea anim est pariatur"}', DEFAULT, DEFAULT), ('01ae0a36-6172-5c0a-baff-6c1805e0976a', '9f26eece-7e59-5b46-a98b-848dc55a0cda', 19, 'public', 'Wave Management Plan', '{"occaecat amet in aliquip","tempor","culpa nisi laborum cillum","sint mollit minim aliqua","officia commodo sit ipsum","do minim et magna","labore labore tempor","voluptate minim nisi veniam","duis voluptate ex anim"}', DEFAULT, DEFAULT), ('df70af8b-9578-5bd7-9fd6-02ad92eaedca', '8a0a556f-d942-55f0-8ba8-1ffbfaf3c6d9', 19, 'unlisted', 'Gank Heavy Approach', '{}', DEFAULT, DEFAULT), ('82fca927-01aa-5c29-8d7a-7a868f9ba6ea', '01bb02e3-6d00-5b11-ba00-2f6b060dfb2e', 15, 'public', 'Rotation Strategy Document', '{"ea minim incididunt aliquip nisi","consequat laborum","laboris esse exercitation occaec","eu","cupidatat esse ipsum eiusmod","exercitation adipisicing","proident veniam adipisicing ex","non sint aute","laborum consectetur officia"}', DEFAULT, DEFAULT), ('4e5550d4-d39a-56c3-8f19-971fdeeb787e', '9e6824f3-dac2-540f-9e3d-8797171dab14', 14, 'unlisted', 'Vision Denial Blueprint', '{"quis","esse occaecat"}', DEFAULT, DEFAULT), ('83ec5ac5-8c23-5e38-8151-36af62098fff', '404e076e-a943-52e4-a2ce-10591a9caa1f', 11, 'private', 'Siege Tactics Handbook', '{"deserunt dolore","amet in mollit","labore commodo","aliqua esse","minim enim cupidatat ad"}', DEFAULT, DEFAULT), ('d1996167-52fb-5e4a-b849-75efada773e6', 'd297ab9e-40d4-51b5-bb8f-a1df399f1a9a', 13, 'unlisted', 'Defensive Turtle Tactics', '{"enim proident aute","commodo Lorem duis","ex incididunt","ad irure anim fugiat","voluptate irure ex magna veniam","do anim pariatur ea","duis deserunt","quis sint ea minim esse"}', DEFAULT, DEFAULT), ('1818e464-6a87-5266-8677-c069741c3ab2', 'f561c33d-0589-5163-a677-f2a1eb6b3322', 17, 'unlisted', 'Vision Control Blueprint', '{}', DEFAULT, DEFAULT), ('13ebb239-29e1-53ff-93b0-d55e3db05a11', '54473828-0225-5307-b53c-7a0fc46ac63c', 11, 'unlisted', 'Baron Control Strategy', '{"ad cupidatat eiusmod ea","aute ut tempor","sit cillum sunt non ullamco","ut ea tempor aliquip","officia ut amet","irure fugiat quis sit occaecat","ipsum do nulla","Lorem dolor do incididunt","dolore elit anim velit"}', DEFAULT, DEFAULT), ('a0a63713-f2dd-56aa-98a3-f6a26bcae5b9', '8c5ef042-1b14-56ed-adba-e25d3960a3cf', 20, 'unlisted', 'Jungle Control Playbook', '{"labore laboris qui id sit","officia aute anim laboris","irure velit","adipisicing non","sunt excepteur reprehenderit mag"}', DEFAULT, DEFAULT), ('4029bbad-86a6-5e60-a150-da0664c62b92', '34a6eefa-de0a-5b54-8950-76863d1d5290', 12, 'private', 'Team Fight Execution Plan', '{}', DEFAULT, DEFAULT), ('6636a6a8-3a2d-5862-bb24-3e77bffdb640', 'be8eca74-88dc-5f62-a6bb-1a0cde780aab', 18, 'private', 'Wave Management Plan', '{"nisi deserunt sunt","ut laboris amet","culpa mollit non"}', DEFAULT, DEFAULT), ('4ba85443-f89e-5d68-8d4a-da572969b0dd', 'e7220451-be7e-505e-a9bf-ee44e4532e06', 19, 'public', 'Split Push Blueprint', '{"sunt aute est officia minim","sint incididunt","et id laboris dolor deserunt","sint deserunt"}', DEFAULT, DEFAULT), ('55fbf0ae-1fd2-57d5-9884-2ceca8eef8f3', '405dd580-b1c8-5c0e-9df0-d82b7f57175d', 13, 'unlisted', 'Team Fight Execution Plan', '{"aliqua reprehenderit","et aliquip tempor","sunt ex ex sint","sit nostrud"}', DEFAULT, DEFAULT), ('c91a5204-a47c-5f58-8042-f917f2facb4b', 'de459427-bb2c-5381-bdbf-7126efbb65c9', 19, 'public', 'Late Game Scaling Strategy', '{"anim do aute","tempor ex","eu deserunt est in","incididunt commodo dolor irure c","nulla eu ullamco","commodo mollit irure","anim consequat adipisicing sunt","do","cupidatat est magna"}', DEFAULT, DEFAULT), ('fdca53a8-e101-5585-90b8-82f7d3c1fc24', 'e7220451-be7e-505e-a9bf-ee44e4532e06', 19, 'public', 'Jungle Control Playbook', '{"mollit officia culpa cupidatat","amet qui veniam ad","qui consectetur","laborum","ut minim ea aute","quis reprehenderit","irure voluptate","excepteur ipsum","laboris minim aliquip aute","magna officia voluptate tempor e"}', DEFAULT, DEFAULT), ('a76c18ad-af72-57b7-b165-f7757943d51e', 'f5d8c620-973f-509a-b5b1-dc1e889a22a1', 19, 'unlisted', 'Jungle Control Playbook', '{"id irure ipsum elit","et aliquip proident do","excepteur Lorem pariatur excepte","enim tempor","ipsum","aliquip non eu Lorem"}', DEFAULT, DEFAULT), ('bf7ffe87-c4e2-5aa1-86f7-2fdfa8315ff6', 'ab31b5c9-e8c8-55c1-ab94-82606fe7ed9a', 14, 'unlisted', 'Gank Heavy Approach', '{"quis adipisicing non","ex culpa non","proident reprehenderit duis","sit","laboris"}', DEFAULT, DEFAULT), ('764f06ba-b246-5c62-8e43-89fe991c749d', 'ede942ce-5022-581a-99ff-f8ebb6d10d8a', 15, 'public', 'Secure Objective Playbook', '{"do qui tempor","nisi fugiat ex dolor","id aute magna reprehenderit labo","sint non dolore","et irure et reprehenderit","cillum do"}', DEFAULT, DEFAULT), ('229d48f9-9e17-5f91-bd2c-3f3cdbae28c1', '28e4b717-ba20-5ce6-96db-f08421aa2fc7', 18, 'public', 'Counter Pick Blueprint', '{"in occaecat pariatur","aliqua incididunt labore deserun","id reprehenderit cillum","laborum minim ea do incididunt","et ad","ut ipsum dolor consequat","cillum sit esse"}', DEFAULT, DEFAULT), ('505fdba9-c563-5897-bd99-f3fd7e6efb10', 'bbecd693-8054-5eee-8ada-8e2d5a3c5090', 13, 'private', 'Map Control Blueprint', '{"eiusmod culpa reprehenderit","ipsum enim eu ut","labore nisi anim"}', DEFAULT, DEFAULT), ('ad47e58b-6404-5eb4-b01c-1ab02b3af226', 'e25e0c45-28e1-5923-b63d-64b8ddeff422', 19, 'private', 'Gank Heavy Approach', '{"ea ut do","tempor et proident","id incididunt deserunt aliqua","amet sint sit","minim tempor nulla","et eiusmod occaecat consequat","Lorem qui ex mollit do","incididunt culpa","eu non reprehenderit"}', DEFAULT, DEFAULT), ('4ae4f149-a1da-5a76-913f-5ea02c87f4e0', '6c52c1d9-13a4-51ef-ae51-1dacc4c14be9', 13, 'unlisted', 'Counter Pick Blueprint', '{"aliquip irure duis esse","ut labore id tempor","quis laborum elit tempor laboris","dolor consectetur exercitation p","adipisicing in","excepteur veniam ipsum"}', DEFAULT, DEFAULT), ('a85217e5-f8d6-5dd0-996b-8464fa1021ff', '7bf99080-cdc6-5456-b6d5-417e28b4eba5', 19, 'public', 'Counter Pick Blueprint', '{"eiusmod cupidatat magna exercita","nisi incididunt irure fugiat pro","minim occaecat et labore cupidat","veniam enim labore nulla dolor","nisi Lorem pariatur irure","incididunt eiusmod","sunt minim"}', DEFAULT, DEFAULT), ('b21411a7-0afc-5cf3-81fc-471ab95f5d8d', 'abf8504a-2cfc-5a9d-a5d2-31dccd8bf00f', 18, 'unlisted', 'Vision Denial Blueprint', '{"tempor","et in in eiusmod","qui ea amet cillum velit","minim excepteur laborum","laborum sint consectetur dolore","cupidatat voluptate non","ex ea est","aliquip sit aliqua","sit deserunt"}', DEFAULT, DEFAULT), ('d37fd98f-746a-582e-a0fc-de28d96e48c5', 'ba60341e-ffca-5a8d-85d2-58afc6ff269c', 11, 'public', 'Siege Tactics Handbook', '{"consectetur","proident officia ut sint","officia in"}', DEFAULT, DEFAULT), ('2dc53ff7-923f-50df-a732-82b60afbba2f', '831f051c-863e-5783-acbb-10017cb1c3ce', 18, 'unlisted', 'Roaming Support Plan', '{"consequat ad"}', DEFAULT, DEFAULT), ('f9690101-a16f-5108-b391-78c9dba8aeee', '844afdcc-93cf-55c8-b0f1-1cc22329a30b', 16, 'unlisted', 'Late Game Scaling Strategy', '{}', DEFAULT, DEFAULT), ('7441a375-e1c1-5111-b299-b73d6da10ca2', '9a2c5b91-3c65-50ae-8188-68db1f1edfc4', 12, 'unlisted', 'Vision Denial Blueprint', '{"et quis voluptate aute","cillum"}', DEFAULT, DEFAULT), ('ca1d2bcf-5a98-5759-81b6-75e3ed47122a', 'ba60341e-ffca-5a8d-85d2-58afc6ff269c', 12, 'private', 'Objective Focused Strategy', '{"pariatur aliqua","duis ex ullamco enim commodo","est","aliquip id amet cillum","incididunt est","velit cupidatat","tempor deserunt labore","anim","consequat Lorem proident ut sit"}', DEFAULT, DEFAULT), ('77b1dab4-a856-5c18-bb24-053f8869bc5b', 'b134c4e5-3e41-53b3-bf3f-7f4cf023e9d7', 14, 'private', 'Rotation Strategy Document', '{"dolor ut","dolore eu cillum pariatur exerci","dolore cupidatat consectetur","mollit nulla aliqua incididunt"}', DEFAULT, DEFAULT), ('08b3c695-d6fb-54e4-9ef2-bf508a57adc1', '583774ae-7432-5503-850f-867e82c0838b', 16, 'public', 'Aggressive Rush Strategy', '{"dolor adipisicing ad ipsum"}', DEFAULT, DEFAULT), ('7dc16d02-274a-5e7f-bc31-6af29982313f', 'b64d0217-6a7b-5682-8927-676434f72be9', 17, 'private', 'Late Game Scaling Strategy', '{"enim","exercitation eu magna velit pari","anim deserunt","elit ullamco","elit cupidatat velit","velit irure","ex Lorem quis","pariatur dolore deserunt","mollit duis esse consectetur vol"}', DEFAULT, DEFAULT), ('acad405c-f8e9-559b-bd11-e0ffc3bebca6', '91fa3874-9437-5dfa-a49a-f19fb38d9e92', 11, 'unlisted', 'Siege Tactics Handbook', '{"cillum sunt aliquip nulla","nostrud consequat adipisicing qu","velit elit"}', DEFAULT, DEFAULT), ('16d95573-87cd-5d45-be45-e8a020ba40ac', 'e5d977c2-2a0e-5703-8ee9-4796e3967ae0', 11, 'private', 'Counter Pick Blueprint', '{"voluptate ea amet","sunt","fugiat dolor dolore occaecat ess","ad","ex sint"}', DEFAULT, DEFAULT), ('5a993b43-eca0-563f-b6c9-fdd440759e85', 'a88bc9b9-135e-55c7-8c4c-5a072a3c8573', 15, 'unlisted', 'Team Fight Execution Plan', '{"voluptate labore ut dolor","eiusmod officia","minim magna irure","commodo","nulla elit","commodo mollit","eiusmod excepteur labore","non officia"}', DEFAULT, DEFAULT), ('f7bfc2c8-d52a-5806-97fd-77bd67d93b23', '096adf71-c74e-5b77-822b-46a8768797c5', 13, 'unlisted', 'Counter Pick Blueprint', '{"in consectetur tempor eiusmod","magna incididunt","in","aliquip officia veniam eu","amet ad et eu","do sit","do magna laborum reprehenderit","nisi commodo aliqua","ea","proident amet non"}', DEFAULT, DEFAULT), ('748d5a8c-f2bf-5974-9c72-24f98b85813b', '5ce056de-a21e-5eba-9d47-e09232047aae', 12, 'private', 'Defensive Turtle Tactics', '{"aliqua in occaecat ipsum aliqua","elit","magna ullamco occaecat","ut culpa sunt dolor ex","ex ullamco aliquip","duis velit ad","excepteur adipisicing","elit aliqua fugiat"}', DEFAULT, DEFAULT), ('808d9117-ba04-5cb0-8827-639e2642b0ee', '5701e8cf-a128-5707-83da-0279d2c833bf', 18, 'public', 'Team Fight Execution Plan', '{"aliqua excepteur","do mollit minim consectetur","eu non voluptate laboris pariatu","anim mollit","commodo occaecat minim aute sit"}', DEFAULT, DEFAULT), ('e0185351-5b08-58b2-bd3e-c09965750112', '338ac238-5209-53e4-836e-9d5dc98ae268', 19, 'public', 'Roaming Support Plan', '{"veniam eu","dolor veniam in","amet velit officia laborum","sunt quis consectetur Lorem null","sint voluptate officia quis","anim mollit nostrud cupidatat ex","dolore officia ullamco enim","nulla ad enim"}', DEFAULT, DEFAULT), ('993f7ab3-9b54-5771-a99e-0c6d75a1f37d', 'fbbb9719-f3d1-5ce2-b584-4b70bf5bb135', 14, 'unlisted', 'Late Game Scaling Strategy', '{"officia sunt","irure enim consequat nulla molli","tempor velit occaecat quis","adipisicing magna mollit enim","adipisicing occaecat duis mollit","incididunt dolor elit incididunt","dolor pariatur nisi","amet ullamco et","aliquip adipisicing"}', DEFAULT, DEFAULT), ('bdb5114a-76d3-5fe4-944c-043e7ebd99da', '3d4df0ce-5a7f-53e4-b486-95faf0a09720', 18, 'public', 'Baron Control Strategy', '{"sint","nisi sint officia non enim","eiusmod magna","magna adipisicing anim amet","commodo dolore amet eu"}', DEFAULT, DEFAULT), ('aa4964a1-4611-5528-9df9-ef170866214f', '27a14f80-586c-54cd-876e-cd42ede1f04f', 13, 'unlisted', 'Baron Control Strategy', '{"sint ullamco dolor id","eu commodo ad","irure do veniam","et anim incididunt cupidatat"}', DEFAULT, DEFAULT), ('ec14513a-7d3c-5172-b68b-d531791ec9de', '98b30307-7ea7-5b6c-b9e4-560fe08299de', 17, 'private', 'Aggressive Rush Strategy', '{"culpa tempor","eiusmod","ea ea elit","duis dolore","culpa consequat reprehenderit id","aliquip elit culpa laborum","laborum aliqua officia nostrud i","ipsum","aliquip sint","mollit laborum"}', DEFAULT, DEFAULT), ('a0f81f50-aa3d-5780-b485-a54fb7b7833a', '844afdcc-93cf-55c8-b0f1-1cc22329a30b', 20, 'private', 'Team Fight Execution Plan', '{"pariatur proident incididunt rep","eiusmod ea occaecat","officia ex do laborum laboris","duis ex dolor","aliquip","proident laboris commodo nisi","deserunt dolor exercitation cupi"}', DEFAULT, DEFAULT), ('aabd5608-e04b-5bd8-8d75-d004a1b17409', 'eea550bd-8120-5fb2-9339-ad3a549506d4', 20, 'unlisted', 'Objective Focused Strategy', '{"labore nulla enim","reprehenderit in in amet","nulla laborum sit nulla enim"}', DEFAULT, DEFAULT), ('7bcc2b79-de31-5963-9cfd-559af77da3be', '2da4149c-bf3e-5f98-b904-591c69530871', 18, 'unlisted', 'Wave Management Plan', '{"consectetur ullamco","culpa anim ad id amet","sit excepteur amet","officia"}', DEFAULT, DEFAULT), ('b4293a01-a1be-5e58-a088-abc550c9f820', '17ec9179-4e96-5f11-9df0-6e4c2363b3ee', 14, 'private', 'Early Game Dominance Guide', '{"proident pariatur minim","labore","aute consequat amet pariatur","ad sit esse enim anim","duis","laboris aliquip anim"}', DEFAULT, DEFAULT), ('a97e2960-b385-5f99-88c2-9e562f32234e', '11edd970-a1f3-5973-a201-278046231716', 17, 'public', 'Team Fight Execution Plan', '{"dolor sit veniam ipsum"}', DEFAULT, DEFAULT), ('db39a462-f36a-54ba-b38e-2fcf35273cba', '1bdf6d4a-906f-5da5-b91f-35917468bf74', 13, 'private', 'Counter Pick Blueprint', '{"id adipisicing incididunt","eiusmod et mollit","nisi incididunt consequat anim","occaecat est adipisicing occaeca","dolor ea aliquip qui"}', DEFAULT, DEFAULT), ('35dc016a-9edc-565d-923e-9bee9a60bd24', '34a6eefa-de0a-5b54-8950-76863d1d5290', 14, 'public', 'Siege Tactics Handbook', '{"commodo qui","et ut duis","est qui","commodo labore","incididunt do","ipsum quis occaecat","occaecat aliqua","adipisicing cupidatat","ex minim","amet"}', DEFAULT, DEFAULT), ('61e4dc6c-b183-5c81-91cb-8dc622fd6913', '94170f3d-888c-58bc-bc18-13592bfb52c5', 12, 'unlisted', 'Siege Tactics Handbook', '{"commodo sit irure cupidatat","quis magna","occaecat dolore proident","officia anim consequat occaecat","qui fugiat laborum","non eiusmod sunt ea do"}', DEFAULT, DEFAULT), ('b5df5eae-45e8-5f54-a8f9-351afabf5f65', '2d1d7734-be70-5d07-a538-e76c6cae722e', 19, 'unlisted', 'Rotation Strategy Document', '{"aute enim","velit voluptate est ex","minim mollit","ad dolor duis dolore qui"}', DEFAULT, DEFAULT), ('18aa22db-700e-5a8a-892c-5bf7b7da1bbf', '405dd580-b1c8-5c0e-9df0-d82b7f57175d', 12, 'public', 'Aggressive Rush Strategy', '{"mollit","dolor qui excepteur","consequat laboris","magna sint esse qui proident"}', DEFAULT, DEFAULT), ('7c9a7a2f-bf97-5fb7-9ff3-bb3e363fce60', '11edd970-a1f3-5973-a201-278046231716', 12, 'unlisted', 'Gank Heavy Approach', '{"nostrud nostrud esse sint laboru","eu eiusmod fugiat occaecat magna","dolore occaecat in aliqua","ipsum consectetur elit cupidatat"}', DEFAULT, DEFAULT), ('93216013-7bd8-59b1-a3f0-b1087d4d7f00', '91fa3874-9437-5dfa-a49a-f19fb38d9e92', 17, 'public', 'Secure Objective Playbook', '{"velit et"}', DEFAULT, DEFAULT), ('3e057cf2-df3a-50e5-82fa-e2dcf87ebd5a', '77085b75-b014-57d0-8618-9cc95436a25e', 13, 'public', 'Secure Objective Playbook', '{"ut officia sit","pariatur eiusmod Lorem adipisici","ad quis"}', DEFAULT, DEFAULT), ('e3f5f266-44d3-5096-b897-56678a5f974b', '7bf99080-cdc6-5456-b6d5-417e28b4eba5', 20, 'private', 'Vision Denial Blueprint', '{"in ex tempor tempor"}', DEFAULT, DEFAULT), ('ffbcf0c1-44bb-549f-ba50-18e1e874a611', '756cbb59-27d6-58f3-b4b9-8b56121e683f', 13, 'private', 'Counter Pick Blueprint', '{"amet occaecat","id minim esse consectetur","cillum aute qui Lorem quis","enim non excepteur"}', DEFAULT, DEFAULT), ('c4f414cf-451e-5497-88db-62020e3a0dc5', '1e0af0c0-30ba-5a06-9647-a83cef3d815d', 12, 'private', 'Baron Control Strategy', '{"fugiat duis duis excepteur venia","dolor tempor nulla","ex amet esse nulla","nostrud officia elit do eiusmod","officia amet ut","pariatur voluptate quis sunt","exercitation","do","incididunt consectetur aliqua ex"}', DEFAULT, DEFAULT), ('a109823a-0d02-5064-b8ef-3186d6d08cb0', '262a78c7-eb9d-5e1a-8e58-41ecb0c31fbd', 11, 'private', 'Aggressive Rush Strategy', '{"ea sunt","sint eu sint est","nostrud cillum cillum","qui irure mollit","cupidatat do","sint ea","excepteur magna nisi amet","non","est nostrud"}', DEFAULT, DEFAULT), ('3e4b1eac-b214-5aaa-a7f0-29af8a5b2ce9', 'dc58dd7b-bb54-5abe-8208-becc5e0561ad', 11, 'public', 'Rotation Strategy Document', '{"incididunt","cillum ad non","mollit ipsum proident","ad eiusmod minim reprehenderit e","amet commodo","commodo dolor cupidatat aute"}', DEFAULT, DEFAULT), ('72819b1c-0a2a-5e86-b5bc-5741c2854f96', '1497705a-df0e-5f8d-988d-61adba7199e0', 12, 'private', 'Split Push Blueprint', '{"laboris","laboris dolore amet elit in","sunt","elit ea dolore sit","magna consectetur dolore nisi no"}', DEFAULT, DEFAULT), ('b5d7b26a-56f4-59fc-853e-1a1306ab6e95', '756cbb59-27d6-58f3-b4b9-8b56121e683f', 13, 'public', 'Objective Focused Strategy', '{"exercitation occaecat","enim Lorem in est ea","et adipisicing non aute","adipisicing sint","aute pariatur","adipisicing enim id fugiat","fugiat excepteur qui consequat","nisi excepteur","aliquip laborum reprehenderit","ipsum cillum pariatur"}', DEFAULT, DEFAULT), ('29365629-31e8-5e53-b1ae-ffdad1c2009e', 'ba60341e-ffca-5a8d-85d2-58afc6ff269c', 14, 'unlisted', 'Jungle Control Playbook', '{"labore qui","ullamco consequat","adipisicing ex elit","sint nostrud elit aute"}', DEFAULT, DEFAULT), ('ef9b1028-31e2-59d9-a64e-2a4d1686e96e', 'e6e5bdc8-dbe5-545a-b616-a55a5f857d1f', 20, 'unlisted', 'Objective Focused Strategy', '{"deserunt id in","esse magna"}', DEFAULT, DEFAULT), ('51f9c2fa-a6a8-5d1e-9ef8-efb89c34ee1c', '94170f3d-888c-58bc-bc18-13592bfb52c5', 19, 'private', 'Split Push Blueprint', '{"ex reprehenderit","veniam non veniam","occaecat","irure voluptate reprehenderit no"}', DEFAULT, DEFAULT), ('930338c0-ea8e-56fc-b2df-a68255a6182c', '9e6824f3-dac2-540f-9e3d-8797171dab14', 17, 'private', 'Aggressive Rush Strategy', '{"ullamco minim proident reprehend","cillum sit do sunt","occaecat reprehenderit minim vol","minim mollit ullamco proident","exercitation id nisi","in nisi culpa aliqua ullamco","sint aute fugiat qui","minim veniam","anim voluptate cupidatat cupidat"}', DEFAULT, DEFAULT), ('14f0b4c0-9d33-5d68-85ae-cc3d31b6b19e', '98bf31df-37fd-5af6-86dd-8686cdc35eeb', 16, 'public', 'Jungle Control Playbook', '{"aute consectetur","adipisicing labore elit","cupidatat ex minim pariatur volu","proident irure eiusmod adipisici","occaecat sunt","anim adipisicing deserunt nisi","sunt tempor incididunt excepteur","consectetur aliquip ut"}', DEFAULT, DEFAULT), ('7c51f66f-cf81-571f-a65c-f571f1f39cc9', '2190cc4c-2cc5-5f9f-983d-55f70f31e468', 20, 'private', 'Roaming Support Plan', '{"elit laboris","officia sit","ullamco ad anim","consequat nisi","et Lorem enim et culpa","mollit aute magna mollit laboris"}', DEFAULT, DEFAULT), ('764b9b2a-d477-5bff-a789-cba064ac71f8', '0e342915-b360-541f-8c0a-bdf36b3c0ce2', 14, 'public', 'Vision Control Blueprint', '{"magna eiusmod Lorem sunt","dolor","nostrud deserunt aliqua dolore i","nostrud exercitation laboris sun","reprehenderit reprehenderit eius","nostrud nisi in proident","voluptate irure qui exercitation"}', DEFAULT, DEFAULT), ('1125d49b-2ad6-5500-bd14-7e0649f5dd73', '061a9df6-5f3b-55cf-9879-eec1a4061457', 12, 'unlisted', 'Team Fight Execution Plan', '{"officia","adipisicing aliqua fugiat eu","dolor pariatur aute","do ea eu","laboris minim","enim mollit pariatur aute","elit irure","eiusmod","quis laborum aliqua"}', DEFAULT, DEFAULT), ('de1d5557-45c4-5747-8c2d-f8c09704db25', '22052ce5-2628-54da-93cf-dce3c06b547a', 13, 'private', 'Baron Control Strategy', '{"nostrud ullamco non","ea amet velit sit adipisicing"}', DEFAULT, DEFAULT), ('dc2759a8-51ca-575d-9678-0ac64e900648', 'a4b32498-f3a6-5110-a5b6-de20f0314c35', 20, 'private', 'Late Game Scaling Strategy', '{"aliquip eiusmod sint","eu laborum velit","aliqua","aute sint deserunt nostrud aliqu","dolore","pariatur aliqua proident amet","velit amet minim","sint duis tempor","ipsum excepteur","velit consectetur veniam"}', DEFAULT, DEFAULT), ('8c0ef303-3ae4-5fe5-b0be-ef1788ae8707', 'c15a1a93-cc16-5536-8ab0-42ef9626e379', 12, 'public', 'Vision Control Blueprint', '{"ut et","culpa fugiat occaecat","esse quis","pariatur irure occaecat","elit duis","excepteur excepteur aute","dolore adipisicing","sit","in velit in enim"}', DEFAULT, DEFAULT), ('ddd094e1-b8f4-560e-b960-af5227a9b337', '6c52c1d9-13a4-51ef-ae51-1dacc4c14be9', 14, 'unlisted', 'Map Control Blueprint', '{"incididunt","nisi exercitation commodo eu","amet"}', DEFAULT, DEFAULT), ('4bd93d1d-9da0-508d-a30a-5cd1fe2e858d', 'ad276812-3b86-5425-b36a-d822f2860912', 12, 'public', 'Baron Control Strategy', '{"id ipsum commodo sunt","incididunt sit dolore tempor exc","culpa incididunt","tempor minim","amet non voluptate irure Lorem","cupidatat culpa proident reprehe"}', DEFAULT, DEFAULT), ('2d25022b-866c-584e-895d-11b8a727c08f', '2dbccffd-e7a5-5653-9dc6-18e988716abe', 18, 'public', 'Jungle Control Playbook', '{"tempor","non Lorem sint","anim mollit reprehenderit","ut dolore nisi ullamco ad","mollit mollit in"}', DEFAULT, DEFAULT), ('8d4a5d0e-3ef8-5e54-ac1b-6a14acb1ad0e', 'a6f51480-ebce-53e5-aaa6-82ae5d7deefa', 19, 'private', 'Team Fight Execution Plan', '{"labore exercitation","veniam","reprehenderit do fugiat"}', DEFAULT, DEFAULT), ('6b889196-1556-5eef-89c0-e7506a0ca45b', 'ab07c47c-511a-5092-acb9-cbf862e0076b', 11, 'public', 'Baron Control Strategy', '{"labore velit cillum","ea ut laborum","ex","ut eu exercitation proident"}', DEFAULT, DEFAULT), ('e6b5025c-d432-567c-bc94-e80f642225ff', 'd6d652bf-48a5-5a85-a95d-16c25edc5397', 17, 'public', 'Aggressive Rush Strategy', '{"eu aliqua duis","enim ipsum","occaecat commodo","id laboris","consequat ad nostrud consectetur","magna dolor nulla","consectetur","laboris nulla ipsum occaecat"}', DEFAULT, DEFAULT), ('4d0eaa15-67e7-50e5-bd92-8596a8c41516', 'ea56a5ec-2249-5fba-8891-278bcdbbb33d', 19, 'public', 'Jungle Control Playbook', '{"cillum in excepteur"}', DEFAULT, DEFAULT), ('c2405ac9-0838-5ce8-a85b-e6db0fbe6c10', '84b4201e-d939-5d48-aba4-b4b107dfdf5d', 17, 'unlisted', 'Early Game Dominance Guide', '{"incididunt irure excepteur molli","qui anim ea exercitation","magna anim sint officia","ad commodo esse","laborum pariatur amet culpa","irure reprehenderit mollit labor","qui aliqua sint elit","dolore ipsum laborum","cupidatat eiusmod"}', DEFAULT, DEFAULT), ('c8df1446-9b17-5687-8ff4-001003cfca37', 'e334db45-3389-5a47-b7c9-4ff8121637b5', 20, 'private', 'Jungle Control Playbook', '{"aute nisi fugiat"}', DEFAULT, DEFAULT), ('f706294d-163e-5aef-a517-eae489067781', 'b134c4e5-3e41-53b3-bf3f-7f4cf023e9d7', 12, 'public', 'Counter Pick Blueprint', '{"adipisicing esse ullamco","dolor commodo","tempor ad in enim","magna ad consequat","sunt laborum","voluptate mollit exercitation du","aliqua qui aute proident","ipsum aute est","sint"}', DEFAULT, DEFAULT), ('bee3d023-7908-5b1b-a6e7-320078c804bf', '2589cf16-4103-5a4f-b544-b30078083eaa', 11, 'private', 'Roaming Support Plan', '{"cillum nulla exercitation adipis","ipsum","ullamco ea eiusmod ad","commodo amet ex","incididunt consectetur do fugiat"}', DEFAULT, DEFAULT), ('d607d7db-ee7a-57fa-b0f1-08a24201e561', '27a14f80-586c-54cd-876e-cd42ede1f04f', 16, 'unlisted', 'Objective Focused Strategy', '{"et","occaecat adipisicing pariatur","esse","elit aute"}', DEFAULT, DEFAULT), ('6db5eb76-a4d8-59b2-8682-ac0a5dca423f', 'e7f24225-5e7d-55c3-8091-6f5a69baba70', 15, 'public', 'Objective Focused Strategy', '{}', DEFAULT, DEFAULT), ('f0859c52-737d-58da-9c95-b804668a9ae6', '7bf99080-cdc6-5456-b6d5-417e28b4eba5', 12, 'public', 'Gank Heavy Approach', '{"elit","voluptate veniam tempor","dolor nulla ut"}', DEFAULT, DEFAULT), ('f843e0b1-5e16-5c9e-923e-e155f87b2422', '26f7bb6a-3c9c-5b30-b11b-be5ebfb91948', 19, 'unlisted', 'Aggressive Rush Strategy', '{"sint exercitation nostrud","dolore eiusmod","aliqua ea ipsum","fugiat occaecat sint fugiat","veniam mollit ipsum in","exercitation enim pariatur ipsum","dolore","ipsum minim","ex id irure consectetur","quis aliqua irure"}', DEFAULT, DEFAULT), ('971d3e7d-1fd1-5fd1-ba3a-0a99dda2cb04', '262a78c7-eb9d-5e1a-8e58-41ecb0c31fbd', 18, 'public', 'Secure Objective Playbook', '{"irure","cillum aliqua incididunt","sunt","velit Lorem"}', DEFAULT, DEFAULT), ('51c6dab5-99f7-56c9-a820-7cfc76e25abf', 'a9072b83-7976-58e9-a9c4-45664532f42e', 19, 'public', 'Early Game Dominance Guide', '{"ex mollit minim aliquip","ullamco cupidatat sit occaecat u"}', DEFAULT, DEFAULT), ('88430d1c-f998-5183-ac05-d06b362a058a', '02a341a2-35a0-5fbc-a1f4-aa8b42aa4b51', 15, 'public', 'Map Control Blueprint', '{"nostrud commodo mollit","laboris do laborum","et ad anim","labore laboris elit ullamco dolo","ipsum culpa dolor","mollit aute labore","exercitation et","aute est ea qui","amet Lorem magna"}', DEFAULT, DEFAULT), ('fc959555-d183-544e-8cf6-52532b383f25', 'a9752d0c-ade4-58c6-b746-1b9df56a3d08', 20, 'private', 'Jungle Control Playbook', '{"cupidatat","eiusmod do non irure"}', DEFAULT, DEFAULT), ('94935318-fc9b-5864-874e-912b663c75f7', '9bf2ad50-cccb-50eb-8269-3a7e78bd21f5', 20, 'private', 'Defensive Turtle Tactics', '{"ut","excepteur do proident do","eu eu eiusmod anim"}', DEFAULT, DEFAULT), ('ea529f5a-add2-5f29-a44d-2a799c7ab051', '6ae168d9-ec9f-5cc8-9efc-a8418f6ebd72', 17, 'unlisted', 'Early Game Dominance Guide', '{"pariatur tempor cillum dolor","ut irure","dolore cupidatat","nisi ea","veniam reprehenderit"}', DEFAULT, DEFAULT), ('b2bd3c17-1864-5b1f-8d71-b6fe96b48ba6', 'cfbfd1d4-e77f-57e5-94da-e9ff2cc7a996', 14, 'public', 'Early Game Dominance Guide', '{"commodo","laboris ad consequat ut","occaecat aliqua veniam","dolore cupidatat nulla eiusmod e","cillum reprehenderit dolor velit","in commodo ea","quis sunt","dolor consectetur sit laborum","laborum occaecat ad nulla ea"}', DEFAULT, DEFAULT), ('a46777c9-6f34-5718-a195-68edd93e1d42', 'd35ecca3-ac35-5e28-8e7e-6a25de908d18', 11, 'private', 'Split Push Blueprint', '{"do proident","esse magna est dolor incididunt","culpa velit exercitation aliquip","sit aliquip","esse ipsum excepteur","ea dolor cupidatat labore","ipsum pariatur officia","laborum non Lorem"}', DEFAULT, DEFAULT), ('0f3df2fb-dd6e-55b9-9f86-0babb8fec748', 'eff6dde6-e4aa-5c61-9818-5d7ae0bf58b7', 14, 'public', 'Vision Control Blueprint', '{"magna"}', DEFAULT, DEFAULT), ('95bb7f47-209b-5f16-a018-19e8f23e6e16', '6843e0c5-7d9d-55cf-a335-436ba5672a4d', 15, 'public', 'Jungle Control Playbook', '{"amet cillum in sunt","elit irure esse","incididunt velit","pariatur aliquip ex sit","dolore tempor id tempor aliqua","proident deserunt est deserunt p","dolore id in","aliquip sunt consectetur consect","reprehenderit et nisi est exerci"}', DEFAULT, DEFAULT), ('78959a88-41ee-5d40-85cb-71e22f4c47aa', 'cd1520c4-af17-5e1e-b5b0-a9e95f36a7c4', 16, 'public', 'Jungle Control Playbook', '{"qui","et in","quis ullamco laborum","anim enim laborum","do ullamco incididunt aliqua"}', DEFAULT, DEFAULT), ('a9e614f8-c87a-596e-bdaf-6e577865453e', '811570ef-0b81-508d-ba05-2f5e812d4131', 18, 'public', 'Siege Tactics Handbook', '{"elit ut esse","voluptate consequat esse velit","Lorem culpa enim pariatur","quis incididunt nulla Lorem cons","anim incididunt voluptate","id ullamco","qui pariatur do","eiusmod sit","occaecat id consequat"}', DEFAULT, DEFAULT), ('f80096a0-59ff-58f8-a58f-cd508cb0f33e', '71edf17f-e471-58c3-bbf8-8111bd6c7c8e', 17, 'public', 'Defensive Turtle Tactics', '{"occaecat"}', DEFAULT, DEFAULT), ('a444e395-f85a-5fcf-904b-e713df3a17f6', '549980e7-3e77-5d76-b263-84664d04b209', 18, 'public', 'Siege Tactics Handbook', '{"amet nostrud voluptate ad","est ea labore Lorem","do magna sit laboris laboris","cupidatat dolor","velit nisi laborum","velit mollit qui commodo velit","quis consectetur minim dolore cu","cupidatat fugiat","veniam elit culpa dolor","commodo quis"}', DEFAULT, DEFAULT);
INSERT INTO public.team_member_role (id,name,flags) VALUES (4, 'owner', 255), (5, 'editor', 7), (6, 'viewer', 1);
SELECT setval('"public"."team_member_role_id_seq"'::regclass, (SELECT MAX("id") FROM "public"."team_member_role"));
