INSERT INTO public.game (id,name,alias,icon,hidden,metadata,created_at,updated_at) VALUES (6, 'Minim', 'NBA2K', 'https://svgshare.com/i/15iw.svg', 'f', '{"player_count":5,"gadgets_per_character":2}', DEFAULT, DEFAULT), (7, 'Aliqua', 'NBA2K', 'https://svgshare.com/i/15iw.svg', 'f', '{"player_count":5,"gadgets_per_character":2}', DEFAULT, DEFAULT), (8, 'Ad Non', 'GTA', 'https://svgshare.com/i/15iw.svg', 'f', '{"player_count":5,"gadgets_per_character":2}', DEFAULT, DEFAULT), (9, 'Ea Amet', 'PUBG', 'https://svgshare.com/i/15iw.svg', 'f', '{"player_count":5,"gadgets_per_character":2}', DEFAULT, DEFAULT);
INSERT INTO public.game_object (id,game_id,type,url,name,metadata) VALUES (394, 6, 'character', 'https://svgshare.com/i/16EY.svg', 'laboris dolore', '{"Molest":"Horribille ut metu"}'), (395, 6, 'character', 'https://svgshare.com/i/16EY.svg', 'excepteur', '{"Omorari":"Es gloriae"}'), (396, 6, 'character', 'https://svgshare.com/i/16EY.svg', 'reprehenderit proident', '{"Isti":"Causa non maloribus"}'), (397, 6, 'character', 'https://svgshare.com/i/16EY.svg', 'ullamco velit', '{"Ii":"Cursionibus desid omnium"}'), (398, 6, 'character', 'https://svgshare.com/i/16EY.svg', 'est non aliquip', '{"Abiliustit":"Scriberror iudexpetuam"}'), (399, 6, 'character', 'https://svgshare.com/i/16EY.svg', 'nostrud ut', '{"Expetus":"Motu multos"}'), (400, 6, 'character', 'https://svgshare.com/i/16EY.svg', 'sit Lorem', '{"Litterastris":"Epicitia quo sapientia"}'), (401, 6, 'character', 'https://svgshare.com/i/16EY.svg', 'do', '{"Rationistis":"Cum in"}'), (402, 6, 'character', 'https://svgshare.com/i/16EY.svg', 'ut amet', '{"Legimper":"Doloris endum perspici"}'), (403, 6, 'character', 'https://svgshare.com/i/16EY.svg', 'deserunt ea', '{"Indivinter":"Reret sentenebo per"}'), (404, 6, 'character', 'https://svgshare.com/i/16EY.svg', 'cupidatat ea', '{"Iudici":"Aut ratione nihilius"}'), (405, 6, 'character', 'https://svgshare.com/i/16EY.svg', 'laboris enim eiusmod', '{"Indignisi":"Locum mediocritum"}'), (406, 6, 'character', 'https://svgshare.com/i/16EY.svg', 'laboris', '{"Probabilit":"Tibi dolorum"}'), (407, 6, 'character', 'https://svgshare.com/i/16EY.svg', 'nisi quis aute', '{"Difficerim":"Quae infinire celeret"}'), (408, 6, 'character', 'https://svgshare.com/i/16EY.svg', 'reprehenderit nisi ex', '{"Ego":"Are itur"}'), (409, 6, 'character', 'https://svgshare.com/i/16EY.svg', 'pariatur ea sit', '{"Inem":"Sit quem"}'), (410, 6, 'character', 'https://svgshare.com/i/16EY.svg', 'sit', '{"Seditaque":"In beata triarius"}'), (411, 6, 'character', 'https://svgshare.com/i/16EY.svg', 'sunt ea dolor', '{"Quod":"Alter mihi cum"}'), (412, 6, 'character', 'https://svgshare.com/i/16EY.svg', 'tempor aliquip', '{"Et":"Ius quam"}'), (413, 6, 'character', 'https://svgshare.com/i/16EY.svg', 'veniam eiusmod', '{"Utillo":"Modo qui philosoptim"}'), (414, 6, 'character', 'https://svgshare.com/i/16EY.svg', 'cillum minim', '{"Si":"Um ani molest"}'), (415, 6, 'character', 'https://svgshare.com/i/16EY.svg', 'culpa', '{"Eo":"Ationumen ant"}'), (416, 6, 'character', 'https://svgshare.com/i/16EY.svg', 'elit ut', '{"Ilesse":"Eum metus"}'), (417, 6, 'character', 'https://svgshare.com/i/16EY.svg', 'deserunt consectetur', '{"De":"Sed nostris"}'), (418, 6, 'character', 'https://svgshare.com/i/16EY.svg', 'nulla aute', '{"Sancircum":"A quod mutanda"}'), (419, 6, 'character', 'https://svgshare.com/i/16EY.svg', 'fugiat ex', '{"Praeclare":"Duo esse al"}'), (420, 6, 'character', 'https://svgshare.com/i/16EY.svg', 'do laborum', '{"Omnium":"Esse fortitio"}'), (421, 6, 'character', 'https://svgshare.com/i/16EY.svg', 'non cupidatat', '{"Imo":"Tota probartibus"}'), (422, 6, 'character', 'https://svgshare.com/i/16EY.svg', 'nisi dolore incididunt', '{"Convenis":"In tamendae quantus"}'), (423, 6, 'character', 'https://svgshare.com/i/16EY.svg', 'minim occaecat', '{"Transferrem":"Recus es"}'), (424, 6, 'character', 'https://svgshare.com/i/16EY.svg', 'reprehenderit ea', '{"Aut":"Moderem hominstructus"}'), (425, 6, 'character', 'https://svgshare.com/i/16EY.svg', 'Lorem labore', '{"Cum":"Propterunt debillo ea"}'), (426, 6, 'character', 'https://svgshare.com/i/16EY.svg', 'magna amet', '{"Ipsa":"Eum delectari non"}'), (427, 6, 'character', 'https://svgshare.com/i/16EY.svg', 'qui id', '{"Iucuniae":"Et dubita"}'), (428, 6, 'character', 'https://svgshare.com/i/16EY.svg', 'laboris est', '{"Sed":"Non etiam politatib"}'), (429, 6, 'character', 'https://svgshare.com/i/16EY.svg', 'amet cillum sint', '{"Eturovat":"Facit musicit"}'), (430, 6, 'character', 'https://svgshare.com/i/16EY.svg', 'consectetur reprehenderit', '{"Ent":"Scribi modaretiam se"}'), (431, 6, 'character', 'https://svgshare.com/i/16EY.svg', 'velit magna', '{"En":"Iudicur omnescio a"}'), (432, 6, 'character', 'https://svgshare.com/i/16EY.svg', 'ex elit', '{"Sit":"Anim eadem ido"}'), (433, 6, 'character', 'https://svgshare.com/i/16EY.svg', 'aute', '{"Sol":"Ea mireria"}'), (434, 6, 'character', 'https://svgshare.com/i/16EY.svg', 'ullamco cillum', '{"E":"Tamque seiunctum iudicultas"}'), (435, 6, 'character', 'https://svgshare.com/i/16EY.svg', 'elit ipsum veniam', '{"Quietem":"Nec quae perspicuum"}'), (436, 6, 'character', 'https://svgshare.com/i/16EY.svg', 'occaecat dolore', '{"Perspiciatur":"Quid ut"}'), (437, 6, 'character', 'https://svgshare.com/i/16EY.svg', 'adipisicing', '{"Nam":"Ab voluptatem"}'), (438, 6, 'character', 'https://svgshare.com/i/16EY.svg', 'eiusmod exercitation nostrud', '{"Sed":"Esse non vitam"}'), (439, 6, 'character', 'https://svgshare.com/i/16EY.svg', 'eu dolor', '{"Sit":"Hoc quia"}'), (440, 6, 'character', 'https://svgshare.com/i/16EY.svg', 'duis veniam deserunt', '{"Infinitur":"Legenim se rebus"}'), (441, 6, 'character', 'https://svgshare.com/i/16EY.svg', 'cupidatat proident', '{"Ne":"Endae legestiam"}'), (442, 6, 'character', 'https://svgshare.com/i/16EY.svg', 'qui', '{"Vel":"Putas recoranim"}'), (443, 6, 'character', 'https://svgshare.com/i/16EY.svg', 'fugiat reprehenderit eiusmod', '{"Labit":"Non formidanium"}'), (444, 6, 'gadget', 'https://svgshare.com/i/16EY.svg', 'nulla', '{"Debendi":"Declinamic nec"}'), (445, 6, 'gadget', 'https://svgshare.com/i/16EY.svg', 'cillum labore', '{"Quid":"Variisque tranquilli"}'), (446, 6, 'gadget', 'https://svgshare.com/i/16EY.svg', 'cupidatat aliquip', '{"Ego":"Intellegan ut"}'), (447, 6, 'gadget', 'https://svgshare.com/i/16EY.svg', 'enim eiusmod consequat', '{"Imo":"Ilemus in sabini"}'), (448, 6, 'gadget', 'https://svgshare.com/i/16EY.svg', 'reprehenderit veniam', '{"Praesennii":"Inter est videt"}'), (449, 6, 'gadget', 'https://svgshare.com/i/16EY.svg', 'nisi excepteur', '{"Modis":"Carere ea"}'), (450, 6, 'gadget', 'https://svgshare.com/i/16EY.svg', 'cupidatat', '{"Earum":"Essentenet fortitio constantia"}'), (451, 6, 'gadget', 'https://svgshare.com/i/16EY.svg', 'enim', '{"Omnia":"Sententiae inum fanti"}'), (452, 6, 'gadget', 'https://svgshare.com/i/16EY.svg', 'deserunt', '{"Enime":"Modo habeo ii"}'), (453, 6, 'gadget', 'https://svgshare.com/i/16EY.svg', 'elit sunt', '{"Quod":"Quidem tant inerierun"}'), (454, 6, 'gadget', 'https://svgshare.com/i/16EY.svg', 'eu ullamco', '{"Pellatur":"Perangore tum eorum"}'), (455, 6, 'gadget', 'https://svgshare.com/i/16EY.svg', 'ipsum ipsum', '{"Nec":"Aptis industria sic"}'), (456, 6, 'gadget', 'https://svgshare.com/i/16EY.svg', 'officia eiusmod', '{"Sit":"Solamus aut voluptatem"}'), (457, 6, 'gadget', 'https://svgshare.com/i/16EY.svg', 'occaecat', '{"Quas":"Ius si molest"}'), (458, 6, 'gadget', 'https://svgshare.com/i/16EY.svg', 'exercitation dolor', '{"Volunum":"Vix graeci esse"}'), (459, 6, 'gadget', 'https://svgshare.com/i/16EY.svg', 'aliquip officia sit', '{"Amurum":"Relique sum"}'), (460, 6, 'gadget', 'https://svgshare.com/i/16EY.svg', 'Lorem reprehenderit cillum', '{"Auditis":"Difficeri est"}'), (461, 6, 'gadget', 'https://svgshare.com/i/16EY.svg', 'do eiusmod', '{"Non":"Relique timeam"}'), (462, 6, 'gadget', 'https://svgshare.com/i/16EY.svg', 'irure nulla enim', '{"Aut":"Vitamicit ipsius miseret"}'), (463, 6, 'gadget', 'https://svgshare.com/i/16EY.svg', 'proident irure', '{"Nosmetu":"Semelab virtutestiae ales"}'), (464, 6, 'gadget', 'https://svgshare.com/i/16EY.svg', 'ipsum ut', '{"Graecis":"Cum voluptat"}'), (465, 6, 'gadget', 'https://svgshare.com/i/16EY.svg', 'magna deserunt', '{"Mea":"Provoccula a"}'), (466, 6, 'gadget', 'https://svgshare.com/i/16EY.svg', 'nostrud', '{"Autem":"Inesse intellegam"}'), (467, 6, 'gadget', 'https://svgshare.com/i/16EY.svg', 'pariatur id', '{"Ante":"Pleniores etiam qui"}'), (468, 6, 'gadget', 'https://svgshare.com/i/16EY.svg', 'nisi', '{"Studuisti":"Morte ea nostri"}'), (469, 6, 'gadget', 'https://svgshare.com/i/16EY.svg', 'elit reprehenderit', '{"Iis":"Multis eius"}'), (470, 6, 'gadget', 'https://svgshare.com/i/16EY.svg', 'do', '{"Aliquaque":"Nocet probati inut"}'), (471, 6, 'gadget', 'https://svgshare.com/i/16EY.svg', 'exercitation', '{"Quisit":"Angoribid in"}'), (472, 6, 'gadget', 'https://svgshare.com/i/16EY.svg', 'magna', '{"Vivenimus":"Voluptatum audire"}'), (473, 6, 'gadget', 'https://svgshare.com/i/16EY.svg', 'officia', '{"Erea":"Aut suapte quem"}'), (474, 6, 'gadget', 'https://svgshare.com/i/16EY.svg', 'consequat velit enim', '{"Is":"Plato et"}'), (475, 6, 'gadget', 'https://svgshare.com/i/16EY.svg', 'amet esse aute', '{"Sic":"Meo abduce"}'), (476, 6, 'gadget', 'https://svgshare.com/i/16EY.svg', 'ullamco esse fugiat', '{"Ando":"Patrioque inter"}'), (477, 6, 'gadget', 'https://svgshare.com/i/16EY.svg', 'veniam in', '{"De":"Morte sum audeam"}'), (478, 6, 'gadget', 'https://svgshare.com/i/16EY.svg', 'ex', '{"Audeamus":"Quaedamplific viam et"}'), (479, 6, 'gadget', 'https://svgshare.com/i/16EY.svg', 'sint nisi laborum', '{"Democritat":"His paulo"}'), (480, 6, 'gadget', 'https://svgshare.com/i/16EY.svg', 'sunt ullamco', '{"Si":"Solumquam am"}'), (481, 6, 'gadget', 'https://svgshare.com/i/16EY.svg', 'officia deserunt', '{"Anim":"L magnumquam"}'), (482, 6, 'gadget', 'https://svgshare.com/i/16EY.svg', 'mollit proident', '{"Vult":"Non epicita"}'), (483, 6, 'gadget', 'https://svgshare.com/i/16EY.svg', 'qui ex amet', '{"Exquirenim":"Andi am invideamque"}'), (484, 6, 'gadget', 'https://svgshare.com/i/16EY.svg', 'ea labore consequat', '{"Qui":"Cum dolorata"}'), (485, 6, 'gadget', 'https://svgshare.com/i/16EY.svg', 'tempor nisi', '{"Genus":"Explicab inuti efficilius"}'), (486, 6, 'gadget', 'https://svgshare.com/i/16EY.svg', 'non', '{"Nos":"Spe causa eum"}'), (487, 6, 'gadget', 'https://svgshare.com/i/16EY.svg', 'commodo', '{"Fieri":"Cur horreant apudo"}'), (488, 6, 'gadget', 'https://svgshare.com/i/16EY.svg', 'ipsum mollit velit', '{"Quicquam":"Voluptas tota"}'), (489, 6, 'gadget', 'https://svgshare.com/i/16EY.svg', 'pariatur velit', '{"Potes":"Maxim his"}'), (490, 6, 'gadget', 'https://svgshare.com/i/16EY.svg', 'do cillum', '{"Magnoperun":"Es ilii"}'), (491, 6, 'gadget', 'https://svgshare.com/i/16EY.svg', 'irure aute', '{"Ipsistatib":"Est proborat"}'), (492, 6, 'gadget', 'https://svgshare.com/i/16EY.svg', 'et est do', '{"Santur":"Qui anturbulen illa"}'), (493, 6, 'gadget', 'https://svgshare.com/i/16EY.svg', 'reprehenderit', '{"Ophari":"Neque si"}'), (494, 7, 'character', 'https://svgshare.com/i/16EY.svg', 'ipsum dolor id', '{"Finibus":"Ad alterea deseratum"}'), (495, 7, 'character', 'https://svgshare.com/i/16EY.svg', 'aute sint', '{"Corporis":"Hominsiden tum"}'), (496, 7, 'character', 'https://svgshare.com/i/16EY.svg', 'minim adipisicing', '{"Bonorum":"Docerit si"}'), (497, 7, 'character', 'https://svgshare.com/i/16EY.svg', 'deserunt Lorem', '{"Ego":"Enim reperis"}'), (498, 7, 'character', 'https://svgshare.com/i/16EY.svg', 'non Lorem', '{"Libidit":"Dolore qui"}'), (499, 7, 'character', 'https://svgshare.com/i/16EY.svg', 'Lorem reprehenderit', '{"Sit":"Aliquarum est physicis"}'), (500, 7, 'character', 'https://svgshare.com/i/16EY.svg', 'adipisicing', '{"Credo":"Et qua dolem"}'), (501, 7, 'character', 'https://svgshare.com/i/16EY.svg', 'sint quis', '{"Hac":"Vidis in modernator"}'), (502, 7, 'character', 'https://svgshare.com/i/16EY.svg', 'Lorem laboris voluptate', '{"Probest":"Tollatin nihille propterenda"}'), (503, 7, 'character', 'https://svgshare.com/i/16EY.svg', 'mollit velit sunt', '{"Nutu":"Capti placet quam"}'), (504, 7, 'character', 'https://svgshare.com/i/16EY.svg', 'minim excepteur', '{"Cuiquamurnit":"Enimperner timum"}'), (505, 7, 'character', 'https://svgshare.com/i/16EY.svg', 'ad aliqua', '{"Susceptur":"Nostrum supplication"}'), (506, 7, 'character', 'https://svgshare.com/i/16EY.svg', 'sint eiusmod', '{"Id":"Cur congressuspic iudice"}'), (507, 7, 'character', 'https://svgshare.com/i/16EY.svg', 'laborum eiusmod', '{"Ea":"Legi philosophiae"}'), (508, 7, 'character', 'https://svgshare.com/i/16EY.svg', 'esse labore', '{"Sensio":"Autemoder modo"}'), (509, 7, 'character', 'https://svgshare.com/i/16EY.svg', 'ex excepteur anim', '{"Ratione":"Legere et"}'), (510, 7, 'character', 'https://svgshare.com/i/16EY.svg', 'qui nisi eiusmod', '{"Vero":"Ratione latin et"}'), (511, 7, 'character', 'https://svgshare.com/i/16EY.svg', 'do', '{"Eum":"Nam scaevolum nullam"}'), (512, 7, 'character', 'https://svgshare.com/i/16EY.svg', 'quis nulla', '{"Nihillum":"Sed tibi"}'), (513, 7, 'character', 'https://svgshare.com/i/16EY.svg', 'nulla labore', '{"Sedulantib":"Idituro per"}'), (514, 7, 'character', 'https://svgshare.com/i/16EY.svg', 'incididunt amet', '{"Placet":"Prospexitar omnes"}'), (515, 7, 'character', 'https://svgshare.com/i/16EY.svg', 'dolore', '{"Ergo":"Facilius nec"}'), (516, 7, 'character', 'https://svgshare.com/i/16EY.svg', 'sunt', '{"Inorest":"Mundus est"}'), (517, 7, 'character', 'https://svgshare.com/i/16EY.svg', 'cupidatat anim incididunt', '{"Causae":"Doloribus quidem"}'), (518, 7, 'character', 'https://svgshare.com/i/16EY.svg', 'incididunt', '{"Nisi":"Plane depravat"}'), (519, 7, 'character', 'https://svgshare.com/i/16EY.svg', 'ullamco veniam in', '{"Integre":"Philos sed expectate"}'), (520, 7, 'character', 'https://svgshare.com/i/16EY.svg', 'labore do commodo', '{"Quidem":"Clamatomnis possunt"}'), (521, 7, 'character', 'https://svgshare.com/i/16EY.svg', 'Lorem qui anim', '{"Delectam":"Bonas levate"}'), (522, 7, 'character', 'https://svgshare.com/i/16EY.svg', 'eiusmod et proident', '{"Metu":"Spe adverbum imo"}'), (523, 7, 'character', 'https://svgshare.com/i/16EY.svg', 'cillum do occaecat', '{"Eo":"Studuisset ipsam"}'), (524, 7, 'character', 'https://svgshare.com/i/16EY.svg', 'dolore nostrud', '{"Invenerim":"Defentur aliquod"}'), (525, 7, 'gadget', 'https://svgshare.com/i/16EY.svg', 'occaecat non', '{"Et":"Quodsi dicet nis"}'), (526, 7, 'gadget', 'https://svgshare.com/i/16EY.svg', 'officia fugiat', '{"Chaere":"Maioribus nisi am"}'), (527, 7, 'gadget', 'https://svgshare.com/i/16EY.svg', 'reprehenderit', '{"Tum":"Me quibus aut"}'), (528, 7, 'gadget', 'https://svgshare.com/i/16EY.svg', 'magna commodo', '{"Mentitil":"Nullo p docui"}'), (529, 7, 'gadget', 'https://svgshare.com/i/16EY.svg', 'Lorem aute', '{"Ento":"Dolerum labefaces sensu"}'), (530, 7, 'gadget', 'https://svgshare.com/i/16EY.svg', 'ullamco ipsum', '{"Ita":"Omnia cum"}'), (531, 7, 'gadget', 'https://svgshare.com/i/16EY.svg', 'dolore', '{"Homo":"Qua novi"}'), (532, 7, 'gadget', 'https://svgshare.com/i/16EY.svg', 'ad labore', '{"Familis":"Non et omne"}'), (533, 7, 'gadget', 'https://svgshare.com/i/16EY.svg', 'in laborum et', '{"Maius":"Duo fastidium quae"}'), (534, 7, 'gadget', 'https://svgshare.com/i/16EY.svg', 'incididunt enim', '{"Totam":"Minim expeditur itaque"}'), (535, 7, 'gadget', 'https://svgshare.com/i/16EY.svg', 'dolore adipisicing', '{"Minut":"Epicur inum"}'), (536, 7, 'gadget', 'https://svgshare.com/i/16EY.svg', 'mollit', '{"Propter":"Quapropteris epicitia quodsi"}'), (537, 7, 'gadget', 'https://svgshare.com/i/16EY.svg', 'consequat eu elit', '{"Inum":"Certe verbis ullam"}'), (538, 7, 'gadget', 'https://svgshare.com/i/16EY.svg', 'sunt', '{"Quadamicar":"Pecunum atione"}'), (539, 7, 'gadget', 'https://svgshare.com/i/16EY.svg', 'enim ad', '{"Doloresset":"Fortunt hoc"}'), (540, 7, 'gadget', 'https://svgshare.com/i/16EY.svg', 'amet', '{"Ipsi":"Exeros es rem"}'), (541, 7, 'gadget', 'https://svgshare.com/i/16EY.svg', 'fugiat reprehenderit', '{"A":"Quam beatamicia solvantur"}'), (542, 7, 'gadget', 'https://svgshare.com/i/16EY.svg', 'occaecat anim reprehenderit', '{"Esse":"Sole et"}'), (543, 7, 'gadget', 'https://svgshare.com/i/16EY.svg', 'proident ut veniam', '{"Dissero":"Multis diligiter permulti"}'), (544, 7, 'gadget', 'https://svgshare.com/i/16EY.svg', 'eu laboris dolor', '{"Ad":"Torquatistim quicquam nos"}'), (545, 7, 'gadget', 'https://svgshare.com/i/16EY.svg', 'laboris officia irure', '{"Esse":"Omnia viderudin nunc"}'), (546, 7, 'gadget', 'https://svgshare.com/i/16EY.svg', 'anim velit ad', '{"Satiscuntur":"Nullo reprehenim"}'), (547, 7, 'gadget', 'https://svgshare.com/i/16EY.svg', 'pariatur irure', '{"Qui":"At aut rebus"}'), (548, 7, 'gadget', 'https://svgshare.com/i/16EY.svg', 'aliqua laborum', '{"Referenter":"Vivatum nihil"}'), (549, 7, 'gadget', 'https://svgshare.com/i/16EY.svg', 'esse pariatur aliquip', '{"Anime":"Doctior haec cum"}'), (550, 7, 'gadget', 'https://svgshare.com/i/16EY.svg', 'aliquip reprehenderit dolor', '{"Reprehent":"Hoc ferebimi"}'), (551, 7, 'gadget', 'https://svgshare.com/i/16EY.svg', 'adipisicing labore', '{"Sit":"Neque epicitat propriusque"}'), (552, 7, 'gadget', 'https://svgshare.com/i/16EY.svg', 'mollit occaecat', '{"Cum":"Repertitia rata de"}'), (553, 7, 'gadget', 'https://svgshare.com/i/16EY.svg', 'labore aute', '{"De":"Quod reret tantopere"}'), (554, 7, 'gadget', 'https://svgshare.com/i/16EY.svg', 'veniam', '{"Nullo":"Et confirmatum cupidinit"}'), (555, 7, 'gadget', 'https://svgshare.com/i/16EY.svg', 'eu', '{"Non":"Vos esse"}'), (556, 7, 'gadget', 'https://svgshare.com/i/16EY.svg', 'mollit reprehenderit dolor', '{"Dolorum":"Cupidciret et autem"}'), (557, 7, 'gadget', 'https://svgshare.com/i/16EY.svg', 'labore cupidatat', '{"Fugiendus":"Quibus inum quoniam"}'), (558, 7, 'gadget', 'https://svgshare.com/i/16EY.svg', 'fugiat eiusmod', '{"Copulare":"Moles uti inter"}'), (559, 7, 'gadget', 'https://svgshare.com/i/16EY.svg', 'Lorem', '{"Est":"Non autem"}'), (560, 7, 'gadget', 'https://svgshare.com/i/16EY.svg', 'ex dolore', '{"Synephebosop":"Id qua"}'), (561, 7, 'gadget', 'https://svgshare.com/i/16EY.svg', 'sunt velit ad', '{"Cuius":"Ipse voluptatum"}'), (562, 7, 'gadget', 'https://svgshare.com/i/16EY.svg', 'exercitation laborum velit', '{"Voluptates":"Quod iliuste infinire"}'), (563, 7, 'gadget', 'https://svgshare.com/i/16EY.svg', 'duis ipsum laborum', '{"Bello":"Modo famil"}'), (564, 7, 'gadget', 'https://svgshare.com/i/16EY.svg', 'occaecat excepteur ex', '{"Corrigeret":"Esse tu atil"}'), (565, 7, 'gadget', 'https://svgshare.com/i/16EY.svg', 'quis consectetur', '{"Eturalios":"Fugiam profectatum linab"}'), (566, 7, 'gadget', 'https://svgshare.com/i/16EY.svg', 'nostrud ipsum', '{"Ad":"Dis ut versanosop"}'), (567, 7, 'gadget', 'https://svgshare.com/i/16EY.svg', 'voluptate ullamco', '{"Poetae":"Sed haec"}'), (568, 7, 'gadget', 'https://svgshare.com/i/16EY.svg', 'est incididunt', '{"Propterror":"Nostris nocet"}'), (569, 8, 'character', 'https://svgshare.com/i/16EY.svg', 'esse enim non', '{"Genuit":"Cotidcirco omnium"}'), (570, 8, 'character', 'https://svgshare.com/i/16EY.svg', 'duis minim adipisicing', '{"Autem":"In fieri nec"}'), (571, 8, 'character', 'https://svgshare.com/i/16EY.svg', 'anim magna incididunt', '{"Totum":"Graeca aboresse"}'), (572, 8, 'character', 'https://svgshare.com/i/16EY.svg', 'excepteur', '{"Am":"Tantopermit quae careat"}'), (573, 8, 'character', 'https://svgshare.com/i/16EY.svg', 'eu dolor qui', '{"A":"Esse fieri"}'), (574, 8, 'character', 'https://svgshare.com/i/16EY.svg', 'elit commodo', '{"Idque":"Voluptare sint as"}'), (575, 8, 'character', 'https://svgshare.com/i/16EY.svg', 'quis', '{"Hominam":"Maloriant sus poterudin"}'), (576, 8, 'character', 'https://svgshare.com/i/16EY.svg', 'nisi', '{"Igita":"Uti orest ini"}'), (577, 8, 'character', 'https://svgshare.com/i/16EY.svg', 'culpa est', '{"Videt":"Nomin ipsi"}'), (578, 8, 'character', 'https://svgshare.com/i/16EY.svg', 'dolor anim', '{"Vi":"Ut impendere"}'), (579, 8, 'character', 'https://svgshare.com/i/16EY.svg', 'nostrud sit', '{"Appellat":"Te nunc rebus"}'), (580, 8, 'character', 'https://svgshare.com/i/16EY.svg', 'fugiat id', '{"Decornatur":"Ipsa fruenda aut"}'), (581, 8, 'character', 'https://svgshare.com/i/16EY.svg', 'deserunt', '{"Ne":"Epicab cum propterire"}'), (582, 8, 'character', 'https://svgshare.com/i/16EY.svg', 'cupidatat cillum', '{"Alem":"In discipi endum"}'), (583, 8, 'character', 'https://svgshare.com/i/16EY.svg', 'cupidatat quis', '{"M":"Puerillud autem e"}'), (584, 8, 'character', 'https://svgshare.com/i/16EY.svg', 'minim officia officia', '{"Salutrumque":"Arbitrore falsi"}'), (585, 8, 'character', 'https://svgshare.com/i/16EY.svg', 'dolor et labore', '{"Utionis":"Ad ina"}'), (586, 8, 'character', 'https://svgshare.com/i/16EY.svg', 'labore', '{"Potius":"In laborem lud"}'), (587, 8, 'character', 'https://svgshare.com/i/16EY.svg', 'non', '{"Alita":"Videre aliae"}'), (588, 8, 'character', 'https://svgshare.com/i/16EY.svg', 'labore aliquip', '{"Causa":"Malunt intellegim facillum"}'), (589, 8, 'character', 'https://svgshare.com/i/16EY.svg', 'pariatur occaecat id', '{"Fugientiam":"Iudicita maximperdid"}'), (590, 8, 'character', 'https://svgshare.com/i/16EY.svg', 'excepteur enim quis', '{"Fieri":"Nullo avis iturnitioq"}'), (591, 8, 'character', 'https://svgshare.com/i/16EY.svg', 'cupidatat eu', '{"Traderunt":"Tamentiam crucian longinquit"}'), (592, 8, 'character', 'https://svgshare.com/i/16EY.svg', 'enim pariatur', '{"Efac":"Et quae"}'), (593, 8, 'character', 'https://svgshare.com/i/16EY.svg', 'exercitation aliqua in', '{"Illa":"Beate praeda si"}'), (594, 8, 'character', 'https://svgshare.com/i/16EY.svg', 'enim qui dolor', '{"Eo":"Molest omnes"}'), (595, 8, 'character', 'https://svgshare.com/i/16EY.svg', 'veniam pariatur laboris', '{"Probest":"Praeteremus cum"}'), (596, 8, 'character', 'https://svgshare.com/i/16EY.svg', 'sit ex', '{"Ea":"Appetu sum docet"}'), (597, 8, 'character', 'https://svgshare.com/i/16EY.svg', 'minim adipisicing aliquip', '{"Omnem":"Beate faciam affecta"}'), (598, 8, 'character', 'https://svgshare.com/i/16EY.svg', 'non non', '{"Scriben":"Imus torum id"}'), (599, 8, 'character', 'https://svgshare.com/i/16EY.svg', 'excepteur eu', '{"Invitium":"It licam medium"}'), (600, 8, 'character', 'https://svgshare.com/i/16EY.svg', 'duis eiusmod', '{"Qui":"Te eoque es"}'), (601, 8, 'character', 'https://svgshare.com/i/16EY.svg', 'in veniam', '{"Contem":"Robus reiciens paren"}'), (602, 8, 'character', 'https://svgshare.com/i/16EY.svg', 'velit', '{"Ine":"Ad quod quarum"}'), (603, 8, 'character', 'https://svgshare.com/i/16EY.svg', 'do esse quis', '{"Locosophor":"Res et"}'), (604, 8, 'character', 'https://svgshare.com/i/16EY.svg', 'veniam consequat', '{"Iis":"Amicata est"}'), (605, 8, 'character', 'https://svgshare.com/i/16EY.svg', 'elit labore', '{"In":"Finibusan nos"}'), (606, 8, 'character', 'https://svgshare.com/i/16EY.svg', 'consequat', '{"Si":"Dolor in"}'), (607, 8, 'character', 'https://svgshare.com/i/16EY.svg', 'reprehenderit elit consectetur', '{"Perspicuum":"Issimis utrius nec"}'), (608, 8, 'character', 'https://svgshare.com/i/16EY.svg', 'sunt minim ut', '{"Tum":"Ab cum disserentes"}'), (609, 8, 'character', 'https://svgshare.com/i/16EY.svg', 'voluptate', '{"Neque":"Sunt in"}'), (610, 8, 'character', 'https://svgshare.com/i/16EY.svg', 'ex do', '{"In":"Multa indivinclus"}'), (611, 8, 'character', 'https://svgshare.com/i/16EY.svg', 'eu voluptate excepteur', '{"Met":"Et autem"}'), (612, 8, 'character', 'https://svgshare.com/i/16EY.svg', 'qui duis', '{"Explicem":"Rerum epicur"}'), (613, 8, 'character', 'https://svgshare.com/i/16EY.svg', 'incididunt', '{"Natur":"Eorum utrumvis e"}'), (614, 8, 'character', 'https://svgshare.com/i/16EY.svg', 'eiusmod ipsum', '{"Ine":"Es optari"}'), (615, 8, 'character', 'https://svgshare.com/i/16EY.svg', 'ad', '{"Quidnam":"Omnium facullam"}'), (616, 8, 'gadget', 'https://svgshare.com/i/16EY.svg', 'ea laborum', '{"Quod":"Saepti ineri"}'), (617, 8, 'gadget', 'https://svgshare.com/i/16EY.svg', 'sit ut', '{"Inquam":"Legime tibusque legi"}'), (618, 8, 'gadget', 'https://svgshare.com/i/16EY.svg', 'aliquip tempor', '{"Aut":"Esset quae ophia"}'), (619, 8, 'gadget', 'https://svgshare.com/i/16EY.svg', 'qui', '{"Neque":"Eorum privavisset"}'), (620, 8, 'gadget', 'https://svgshare.com/i/16EY.svg', 'labore sunt', '{"Cupiderum":"Sibi statuamur"}'), (621, 8, 'gadget', 'https://svgshare.com/i/16EY.svg', 'aliqua commodo', '{"Dissentinguiq":"Ius amicia voluptatem"}'), (622, 8, 'gadget', 'https://svgshare.com/i/16EY.svg', 'esse ea', '{"Omni":"D rem convenire"}'), (623, 8, 'gadget', 'https://svgshare.com/i/16EY.svg', 'adipisicing cupidatat', '{"Civium":"Habertimum iner declinatom"}'), (624, 8, 'gadget', 'https://svgshare.com/i/16EY.svg', 'irure nulla velit', '{"Hominter":"Posse fastidii"}'), (625, 8, 'gadget', 'https://svgshare.com/i/16EY.svg', 'fugiat non', '{"Utilii":"Dixit dolorest"}'), (626, 8, 'gadget', 'https://svgshare.com/i/16EY.svg', 'id do laborum', '{"Pectantas":"Quod uta vitae"}'), (627, 8, 'gadget', 'https://svgshare.com/i/16EY.svg', 'et', '{"Rem":"Quos ego"}'), (628, 8, 'gadget', 'https://svgshare.com/i/16EY.svg', 'est eu id', '{"Factis":"Ilisti quam"}'), (629, 8, 'gadget', 'https://svgshare.com/i/16EY.svg', 'culpa', '{"Eo":"Ac qui"}'), (630, 8, 'gadget', 'https://svgshare.com/i/16EY.svg', 'sit nulla', '{"Esse":"Naturi cupidua ne"}'), (631, 8, 'gadget', 'https://svgshare.com/i/16EY.svg', 'laborum', '{"Maior":"De detraxit abilla"}'), (632, 8, 'gadget', 'https://svgshare.com/i/16EY.svg', 'proident minim minim', '{"Ipsam":"Quamquam quod es"}'), (633, 8, 'gadget', 'https://svgshare.com/i/16EY.svg', 'est enim', '{"Commodo":"Ophiae accusante"}'), (634, 8, 'gadget', 'https://svgshare.com/i/16EY.svg', 'mollit nulla nisi', '{"Expetent":"Quis libiderun"}'), (635, 8, 'gadget', 'https://svgshare.com/i/16EY.svg', 'aliquip veniam incididunt', '{"Aeque":"Perantes estatemus sint"}'), (636, 8, 'gadget', 'https://svgshare.com/i/16EY.svg', 'incididunt sint', '{"Nosterum":"Igitat latin res"}'), (637, 8, 'gadget', 'https://svgshare.com/i/16EY.svg', 'ipsum excepteur sunt', '{"Relique":"Endis leviustit quem"}'), (638, 8, 'gadget', 'https://svgshare.com/i/16EY.svg', 'ullamco amet', '{"Est":"Tamquam audire"}'), (639, 8, 'gadget', 'https://svgshare.com/i/16EY.svg', 'deserunt', '{"Inprobata":"Etiam mortem"}'), (640, 8, 'gadget', 'https://svgshare.com/i/16EY.svg', 'ex Lorem', '{"Satis":"De quo"}'), (641, 8, 'gadget', 'https://svgshare.com/i/16EY.svg', 'proident', '{"Philosopor":"Libere ego de"}'), (642, 8, 'gadget', 'https://svgshare.com/i/16EY.svg', 'laboris ullamco', '{"Abitiae":"Sit praeclare"}'), (643, 8, 'gadget', 'https://svgshare.com/i/16EY.svg', 'voluptate', '{"Et":"Loco sed"}'), (644, 8, 'gadget', 'https://svgshare.com/i/16EY.svg', 'in Lorem', '{"Sunt":"Quo recta"}'), (645, 8, 'gadget', 'https://svgshare.com/i/16EY.svg', 'pariatur quis', '{"Sunt":"Rerum probis improbavis"}'), (646, 8, 'gadget', 'https://svgshare.com/i/16EY.svg', 'Lorem occaecat dolore', '{"Declineam":"Diceriet maximperan oblique"}'), (647, 8, 'gadget', 'https://svgshare.com/i/16EY.svg', 'amet minim', '{"Vita":"Copullius sint vituptatum"}'), (648, 8, 'gadget', 'https://svgshare.com/i/16EY.svg', 'est ad nostrud', '{"Inmors":"Ut naturum quem"}'), (649, 8, 'gadget', 'https://svgshare.com/i/16EY.svg', 'id ea', '{"Hoc":"Statue concludatom ut"}'), (650, 8, 'gadget', 'https://svgshare.com/i/16EY.svg', 'sit proident', '{"Cuius":"Sunt atomnia quidemus"}'), (651, 8, 'gadget', 'https://svgshare.com/i/16EY.svg', 'do quis', '{"Sunt":"Accedundus aeque"}'), (652, 8, 'gadget', 'https://svgshare.com/i/16EY.svg', 'et voluptate', '{"Segniorem":"Perfungimur vitae ut"}'), (653, 8, 'gadget', 'https://svgshare.com/i/16EY.svg', 'et esse', '{"Veri":"Autem graecisti"}'), (654, 8, 'gadget', 'https://svgshare.com/i/16EY.svg', 'esse do', '{"Efficii":"Ad summum"}'), (655, 8, 'gadget', 'https://svgshare.com/i/16EY.svg', 'proident laborum', '{"Legenim":"Alique eodemus"}'), (656, 8, 'gadget', 'https://svgshare.com/i/16EY.svg', 'et magna fugiat', '{"Unt":"Tum augentur tam"}'), (657, 8, 'gadget', 'https://svgshare.com/i/16EY.svg', 'veniam consequat', '{"Ophi":"Gravitatur triarium"}'), (658, 8, 'gadget', 'https://svgshare.com/i/16EY.svg', 'aute', '{"Peccant":"Quidem se"}'), (659, 8, 'gadget', 'https://svgshare.com/i/16EY.svg', 'cillum', '{"Constituam":"Nec inem nec"}'), (660, 8, 'gadget', 'https://svgshare.com/i/16EY.svg', 'exercitation proident', '{"A":"Ut tranquilli et"}'), (661, 9, 'character', 'https://svgshare.com/i/16EY.svg', 'adipisicing', '{"Id":"Sitne am quisit"}'), (662, 9, 'character', 'https://svgshare.com/i/16EY.svg', 'occaecat', '{"Ignoratio":"Cumque etiam"}'), (663, 9, 'character', 'https://svgshare.com/i/16EY.svg', 'eiusmod culpa cupidatat', '{"Ii":"Primis eo itaque"}'), (664, 9, 'character', 'https://svgshare.com/i/16EY.svg', 'officia eiusmod et', '{"Philos":"Deteret se"}'), (665, 9, 'character', 'https://svgshare.com/i/16EY.svg', 'voluptate voluptate', '{"Si":"Are dici possunt"}'), (666, 9, 'character', 'https://svgshare.com/i/16EY.svg', 'in incididunt', '{"Quorum":"Modum metu"}'), (667, 9, 'character', 'https://svgshare.com/i/16EY.svg', 'est', '{"De":"Tenercendi ne"}'), (668, 9, 'character', 'https://svgshare.com/i/16EY.svg', 'culpa', '{"Eamustatem":"Er voluptatis sed"}'), (669, 9, 'character', 'https://svgshare.com/i/16EY.svg', 'excepteur amet ex', '{"Est":"Modo recus"}'), (670, 9, 'character', 'https://svgshare.com/i/16EY.svg', 'do sunt', '{"Atam":"Iudicur tamendisced"}'), (671, 9, 'character', 'https://svgshare.com/i/16EY.svg', 'consequat mollit', '{"Sent":"Remis praetorest aliquisse"}'), (672, 9, 'character', 'https://svgshare.com/i/16EY.svg', 'officia anim', '{"Ident":"Quae inionis deorsummum"}'), (673, 9, 'character', 'https://svgshare.com/i/16EY.svg', 'duis', '{"Se":"Quod aut"}'), (674, 9, 'character', 'https://svgshare.com/i/16EY.svg', 'minim exercitation', '{"Fit":"Corpore leviores"}'), (675, 9, 'character', 'https://svgshare.com/i/16EY.svg', 'excepteur proident', '{"Et":"Dubita omnissimos rebus"}'), (676, 9, 'character', 'https://svgshare.com/i/16EY.svg', 'ex sunt', '{"Finiret":"In delici sit"}'), (677, 9, 'character', 'https://svgshare.com/i/16EY.svg', 'quis', '{"Adverbum":"Nomin faceribus ore"}'), (678, 9, 'character', 'https://svgshare.com/i/16EY.svg', 'mollit voluptate pariatur', '{"Quietusque":"Conficerum duo"}'), (679, 9, 'character', 'https://svgshare.com/i/16EY.svg', 'laboris eiusmod', '{"Nisi":"Quam ut"}'), (680, 9, 'character', 'https://svgshare.com/i/16EY.svg', 'deserunt', '{"Urbanitia":"Dolordation erunt ceteration"}'), (681, 9, 'character', 'https://svgshare.com/i/16EY.svg', 'cupidatat anim cupidatat', '{"Quam":"Me nisi"}'), (682, 9, 'character', 'https://svgshare.com/i/16EY.svg', 'non', '{"Ratione":"Fuit videtura sequitassec"}'), (683, 9, 'character', 'https://svgshare.com/i/16EY.svg', 'labore', '{"Nihil":"Qua im"}'), (684, 9, 'character', 'https://svgshare.com/i/16EY.svg', 'sint', '{"Longinquit":"Itur ane"}'), (685, 9, 'character', 'https://svgshare.com/i/16EY.svg', 'duis incididunt', '{"Esse":"Itas postremum"}'), (686, 9, 'character', 'https://svgshare.com/i/16EY.svg', 'esse cupidatat', '{"Quibus":"Aut genia"}'), (687, 9, 'character', 'https://svgshare.com/i/16EY.svg', 'nostrud reprehenderit', '{"Nostrum":"Ant dissensibi dicaveria"}'), (688, 9, 'character', 'https://svgshare.com/i/16EY.svg', 'irure esse', '{"Entis":"Ponit tentiae"}'), (689, 9, 'character', 'https://svgshare.com/i/16EY.svg', 'eu', '{"Praeteret":"Posse quo"}'), (690, 9, 'character', 'https://svgshare.com/i/16EY.svg', 'et consectetur', '{"Quis":"Semperspici non"}'), (691, 9, 'character', 'https://svgshare.com/i/16EY.svg', 'consequat voluptate', '{"Quas":"Disputatio am modo"}'), (692, 9, 'character', 'https://svgshare.com/i/16EY.svg', 'magna commodo tempor', '{"Laetitur":"Rem cumcisaque ant"}'), (693, 9, 'character', 'https://svgshare.com/i/16EY.svg', 'consectetur ex', '{"Eius":"Qui omnino"}'), (694, 9, 'character', 'https://svgshare.com/i/16EY.svg', 'qui commodo', '{"Dixi":"Ea possunt"}'), (695, 9, 'character', 'https://svgshare.com/i/16EY.svg', 'enim eu tempor', '{"Vitiis":"Tam eo etur"}'), (696, 9, 'character', 'https://svgshare.com/i/16EY.svg', 'ex qui', '{"Conquis":"Voluptatem diesque e"}'), (697, 9, 'character', 'https://svgshare.com/i/16EY.svg', 'laborum ullamco', '{"Um":"Defendarum est"}'), (698, 9, 'character', 'https://svgshare.com/i/16EY.svg', 'occaecat qui cupidatat', '{"Vel":"Inanimper haec"}'), (699, 9, 'character', 'https://svgshare.com/i/16EY.svg', 'occaecat dolor', '{"Certa":"Omni scriptorqueantur"}'), (700, 9, 'gadget', 'https://svgshare.com/i/16EY.svg', 'dolor', '{"Im":"Quidem convertatem quem"}'), (701, 9, 'gadget', 'https://svgshare.com/i/16EY.svg', 'deserunt excepteur', '{"Vos":"Praeterga facillum cum"}'), (702, 9, 'gadget', 'https://svgshare.com/i/16EY.svg', 'Lorem veniam', '{"Autemus":"Ad quem"}'), (703, 9, 'gadget', 'https://svgshare.com/i/16EY.svg', 'incididunt', '{"Ne":"De erstituam non"}'), (704, 9, 'gadget', 'https://svgshare.com/i/16EY.svg', 'non do', '{"Fieri":"Nullam laus"}'), (705, 9, 'gadget', 'https://svgshare.com/i/16EY.svg', 'non amet', '{"Interest":"Distrahi tamenim aptis"}'), (706, 9, 'gadget', 'https://svgshare.com/i/16EY.svg', 'ex deserunt', '{"Nec":"Voluptate minus quis"}'), (707, 9, 'gadget', 'https://svgshare.com/i/16EY.svg', 'occaecat amet', '{"Ilo":"Vita desis quidem"}'), (708, 9, 'gadget', 'https://svgshare.com/i/16EY.svg', 'enim enim anim', '{"Quia":"Sed et"}'), (709, 9, 'gadget', 'https://svgshare.com/i/16EY.svg', 'consectetur culpa nostrud', '{"Putet":"Ne qui et"}'), (710, 9, 'gadget', 'https://svgshare.com/i/16EY.svg', 'irure', '{"T":"Atque es"}'), (711, 9, 'gadget', 'https://svgshare.com/i/16EY.svg', 'id deserunt', '{"Declinae":"Ante neque vim"}'), (712, 9, 'gadget', 'https://svgshare.com/i/16EY.svg', 'ea', '{"Quidem":"Ad autem"}'), (713, 9, 'gadget', 'https://svgshare.com/i/16EY.svg', 'qui nulla', '{"Rationi":"Propterea non efficiat"}'), (714, 9, 'gadget', 'https://svgshare.com/i/16EY.svg', 'voluptate', '{"Ocur":"Sibi enime"}'), (715, 9, 'gadget', 'https://svgshare.com/i/16EY.svg', 'consequat aute ut', '{"Ad":"Philosophia nec ad"}'), (716, 9, 'gadget', 'https://svgshare.com/i/16EY.svg', 'excepteur consequat', '{"Et":"Doloreste as sed"}'), (717, 9, 'gadget', 'https://svgshare.com/i/16EY.svg', 'sit', '{"Eius":"Es exquirentum estiam"}'), (718, 9, 'gadget', 'https://svgshare.com/i/16EY.svg', 'minim', '{"Idem":"Qui succum"}'), (719, 9, 'gadget', 'https://svgshare.com/i/16EY.svg', 'adipisicing nulla cillum', '{"Constituamus":"Quo dediti"}'), (720, 9, 'gadget', 'https://svgshare.com/i/16EY.svg', 'ex laborum pariatur', '{"Iucunt":"Est afficil esque"}'), (721, 9, 'gadget', 'https://svgshare.com/i/16EY.svg', 'ex Lorem', '{"Mors":"Deorum itos plura"}'), (722, 9, 'gadget', 'https://svgshare.com/i/16EY.svg', 'ex commodo', '{"Profecto":"Etiam suo causa"}'), (723, 9, 'gadget', 'https://svgshare.com/i/16EY.svg', 'tempor', '{"Accurrunt":"Et eaque"}'), (724, 9, 'gadget', 'https://svgshare.com/i/16EY.svg', 'est duis', '{"Totam":"Voluptates nollem"}'), (725, 9, 'gadget', 'https://svgshare.com/i/16EY.svg', 'ipsum elit', '{"Tem":"Voluptas eptricessen"}'), (726, 9, 'gadget', 'https://svgshare.com/i/16EY.svg', 'dolore amet', '{"Deorsumus":"Nisi me natequos"}'), (727, 9, 'gadget', 'https://svgshare.com/i/16EY.svg', 'aliquip', '{"Aut":"Scribendi cum"}'), (728, 9, 'gadget', 'https://svgshare.com/i/16EY.svg', 'anim ea', '{"Maiorem":"Detracta utincorpor"}'), (729, 9, 'gadget', 'https://svgshare.com/i/16EY.svg', 'exercitation ullamco qui', '{"Cumcisaque":"Platonum repetur sentientium"}'), (730, 9, 'gadget', 'https://svgshare.com/i/16EY.svg', 'sunt cillum', '{"Ob":"Cum in quae"}'), (731, 9, 'gadget', 'https://svgshare.com/i/16EY.svg', 'aliqua enim', '{"Quidem":"Explicet te musicore"}'), (732, 9, 'gadget', 'https://svgshare.com/i/16EY.svg', 'est dolore ut', '{"Tento":"Fortite ore"}'), (733, 9, 'gadget', 'https://svgshare.com/i/16EY.svg', 'aute consectetur', '{"Et":"Conquis paene quod"}'), (734, 9, 'gadget', 'https://svgshare.com/i/16EY.svg', 'fugiat sit', '{"Nostris":"Ab diesque iis"}'), (735, 9, 'gadget', 'https://svgshare.com/i/16EY.svg', 'occaecat velit voluptate', '{"Voluptate":"Quo ad quid"}'), (736, 9, 'gadget', 'https://svgshare.com/i/16EY.svg', 'sunt fugiat', '{"Legime":"Natur eo discenda"}'), (737, 9, 'gadget', 'https://svgshare.com/i/16EY.svg', 'nostrud ipsum', '{"Scribendis":"Et legatque"}'), (738, 9, 'gadget', 'https://svgshare.com/i/16EY.svg', 'adipisicing qui', '{"Inum":"Verter cum litter"}'), (739, 9, 'gadget', 'https://svgshare.com/i/16EY.svg', 'ipsum sit exercitation', '{"Consequitur":"Omnium explicem et"}'), (740, 9, 'gadget', 'https://svgshare.com/i/16EY.svg', 'nostrud et', '{"Maximuro":"Sunt dolorum scribere"}'), (741, 9, 'gadget', 'https://svgshare.com/i/16EY.svg', 'nisi culpa', '{"Entur":"Sic reiciatur"}'), (742, 9, 'gadget', 'https://svgshare.com/i/16EY.svg', 'nulla', '{"Intellegan":"Contra maximpedien sed"}');
SELECT setval('"public"."game_id_seq"'::regclass, (SELECT MAX("id") FROM "public"."game"));
SELECT setval('"public"."game_object_id_seq"'::regclass, (SELECT MAX("id") FROM "public"."game_object"));
INSERT INTO public.team (id,name,plan_id,game_id,created_at,updated_at) VALUES ('7c2c4732-09c1-5f7b-87ca-c53e7497b4ef', 'Sint Dolor', NULL, 8, DEFAULT, DEFAULT), ('f50563b6-8532-51ec-b121-d8c6bca3e897', 'Tempor Nisi Consequa', NULL, 7, DEFAULT, DEFAULT), ('5e20f9a8-7b26-5a5f-8426-6b12c182d23c', 'Incididunt Aliquip O', NULL, 6, DEFAULT, DEFAULT), ('53fe0e9e-3358-5722-b994-4faad8733cd3', 'Eu Consectetur Ad', NULL, 8, DEFAULT, DEFAULT), ('782f7eda-e535-5ab3-8415-643126d3b0fa', 'Dolore Culpa', NULL, 7, DEFAULT, DEFAULT), ('5daf6f25-3b97-5f49-8f75-4ba5d1d74cd3', 'Incididunt Laboris U', NULL, 8, DEFAULT, DEFAULT);
INSERT INTO public.plan (id,name,pricing,pricing_interval,color,default_plan,config,created_at,updated_at) VALUES (4, 'Essential', 0, 'annually', 'rgba(245, 245, 245, .7)', 't', '{"max_members":6,"max_blueprints":100,"max_books":20}', DEFAULT, DEFAULT), (5, 'Advanced', 15.803108597090716, 'annually', 'rgb(107, 185, 242)', 'f', '{"max_members":12,"max_blueprints":200,"max_books":40}', DEFAULT, DEFAULT), (6, 'Pro', 12.111348826482082, 'monthly', 'rgb(224, 76, 85)', 'f', '{"max_members":18,"max_blueprints":300,"max_books":60}', DEFAULT, DEFAULT);
INSERT INTO public.book (id,name,team_id,created_at,updated_at) VALUES ('1e7e0bcb-4fc0-5d72-81a5-d67a74a13595', 'Anim', '7c2c4732-09c1-5f7b-87ca-c53e7497b4ef', DEFAULT, DEFAULT), ('d297ab9e-40d4-51b5-bb8f-a1df399f1a9a', 'Magna', '7c2c4732-09c1-5f7b-87ca-c53e7497b4ef', DEFAULT, DEFAULT), ('d1b8f3f8-af26-5088-8712-273c28ba98f7', 'Incididunt Laboris', '7c2c4732-09c1-5f7b-87ca-c53e7497b4ef', DEFAULT, DEFAULT), ('3ff60d7a-a4ad-54c5-a422-53b52cd53093', 'Et', '7c2c4732-09c1-5f7b-87ca-c53e7497b4ef', DEFAULT, DEFAULT), ('cfbfd1d4-e77f-57e5-94da-e9ff2cc7a996', 'Dolor Tempor Id', '7c2c4732-09c1-5f7b-87ca-c53e7497b4ef', DEFAULT, DEFAULT), ('98eaafd3-adbf-5a3e-adb9-b3fb6971b6f1', 'Proident Consequat', 'f50563b6-8532-51ec-b121-d8c6bca3e897', DEFAULT, DEFAULT), ('2d1d7734-be70-5d07-a538-e76c6cae722e', 'Consequat', 'f50563b6-8532-51ec-b121-d8c6bca3e897', DEFAULT, DEFAULT), ('b5605791-3389-56c2-9ec6-17d538b9bb85', 'Nulla Do', 'f50563b6-8532-51ec-b121-d8c6bca3e897', DEFAULT, DEFAULT), ('a5831e58-2fc9-5b59-970d-00c344a4eb18', 'Quis Laboris', 'f50563b6-8532-51ec-b121-d8c6bca3e897', DEFAULT, DEFAULT), ('756cbb59-27d6-58f3-b4b9-8b56121e683f', 'Aliqua Irure', 'f50563b6-8532-51ec-b121-d8c6bca3e897', DEFAULT, DEFAULT), ('b64d0217-6a7b-5682-8927-676434f72be9', 'Ipsum Eu', 'f50563b6-8532-51ec-b121-d8c6bca3e897', DEFAULT, DEFAULT), ('d19db439-c7e7-53a7-aa19-0db346180dc1', 'Sit', '5e20f9a8-7b26-5a5f-8426-6b12c182d23c', DEFAULT, DEFAULT), ('91434b27-2651-5429-8f42-45c3f8e334a0', 'Adipisicing', '5e20f9a8-7b26-5a5f-8426-6b12c182d23c', DEFAULT, DEFAULT), ('549980e7-3e77-5d76-b263-84664d04b209', 'Pariatur', '5e20f9a8-7b26-5a5f-8426-6b12c182d23c', DEFAULT, DEFAULT), ('e4de1a09-bd9a-5e42-b92c-2cb1af28bec6', 'Incididunt', '5e20f9a8-7b26-5a5f-8426-6b12c182d23c', DEFAULT, DEFAULT), ('f4b5542b-ba61-519e-a8d2-5793282ad487', 'Voluptate Qui Veniam', '5e20f9a8-7b26-5a5f-8426-6b12c182d23c', DEFAULT, DEFAULT), ('cd7c291a-6d6e-5632-91e5-b7fd7a634d7d', 'Ullamco Proident', '5e20f9a8-7b26-5a5f-8426-6b12c182d23c', DEFAULT, DEFAULT), ('b32027db-33da-5dc2-b906-e0c2a06ac683', 'Non Est', '53fe0e9e-3358-5722-b994-4faad8733cd3', DEFAULT, DEFAULT), ('b7a89d05-549f-565f-b631-b59097e91d1a', 'Labore Commodo Cillu', '53fe0e9e-3358-5722-b994-4faad8733cd3', DEFAULT, DEFAULT), ('ac9f0e3e-b030-584f-a8dd-87355fe22537', 'Lorem Et', '53fe0e9e-3358-5722-b994-4faad8733cd3', DEFAULT, DEFAULT), ('438bff0e-fd50-5c86-89ee-d397a0c0e548', 'Velit Qui', '53fe0e9e-3358-5722-b994-4faad8733cd3', DEFAULT, DEFAULT), ('9bf2ad50-cccb-50eb-8269-3a7e78bd21f5', 'Adipisicing Anim Com', '53fe0e9e-3358-5722-b994-4faad8733cd3', DEFAULT, DEFAULT), ('a3141029-aec2-543b-b18a-49fe947e3304', 'Dolore', '782f7eda-e535-5ab3-8415-643126d3b0fa', DEFAULT, DEFAULT), ('6c52c1d9-13a4-51ef-ae51-1dacc4c14be9', 'Irure Culpa', '782f7eda-e535-5ab3-8415-643126d3b0fa', DEFAULT, DEFAULT), ('2589cf16-4103-5a4f-b544-b30078083eaa', 'Adipisicing', '782f7eda-e535-5ab3-8415-643126d3b0fa', DEFAULT, DEFAULT), ('a88bc9b9-135e-55c7-8c4c-5a072a3c8573', 'Irure Aliquip', '782f7eda-e535-5ab3-8415-643126d3b0fa', DEFAULT, DEFAULT), ('8b7e423b-b9b9-5b3c-bf3d-1aa45d16235c', 'Nulla Eu', '782f7eda-e535-5ab3-8415-643126d3b0fa', DEFAULT, DEFAULT), ('882c7ae5-914f-539d-8207-691de536097f', 'Proident In Et', '782f7eda-e535-5ab3-8415-643126d3b0fa', DEFAULT, DEFAULT), ('9b1fc781-1e4e-56d2-bd68-0dc257a319c0', 'Exercitation Elit Co', '5daf6f25-3b97-5f49-8f75-4ba5d1d74cd3', DEFAULT, DEFAULT), ('8a0a556f-d942-55f0-8ba8-1ffbfaf3c6d9', 'Fugiat Laboris', '5daf6f25-3b97-5f49-8f75-4ba5d1d74cd3', DEFAULT, DEFAULT), ('91fa3874-9437-5dfa-a49a-f19fb38d9e92', 'Proident Mollit Nost', '5daf6f25-3b97-5f49-8f75-4ba5d1d74cd3', DEFAULT, DEFAULT), ('eda91f04-12ef-5904-88aa-e6ed9a692e03', 'Minim Enim Id', '5daf6f25-3b97-5f49-8f75-4ba5d1d74cd3', DEFAULT, DEFAULT), ('1d3f740a-8c60-5c1d-aa9e-3854a33c8e1d', 'Culpa', '5daf6f25-3b97-5f49-8f75-4ba5d1d74cd3', DEFAULT, DEFAULT), ('d9bba68a-079c-5141-bd43-756b87167584', 'Et Est', '5daf6f25-3b97-5f49-8f75-4ba5d1d74cd3', DEFAULT, DEFAULT);
UPDATE public.team SET plan_id = 4 WHERE id = '7c2c4732-09c1-5f7b-87ca-c53e7497b4ef';
UPDATE public.team SET plan_id = 4 WHERE id = 'f50563b6-8532-51ec-b121-d8c6bca3e897';
UPDATE public.team SET plan_id = 5 WHERE id = '5e20f9a8-7b26-5a5f-8426-6b12c182d23c';
UPDATE public.team SET plan_id = 5 WHERE id = '53fe0e9e-3358-5722-b994-4faad8733cd3';
UPDATE public.team SET plan_id = 6 WHERE id = '782f7eda-e535-5ab3-8415-643126d3b0fa';
UPDATE public.team SET plan_id = 6 WHERE id = '5daf6f25-3b97-5f49-8f75-4ba5d1d74cd3';
SELECT setval('"public"."plan_id_seq"'::regclass, (SELECT MAX("id") FROM "public"."plan"));
INSERT INTO public.arena (id,game_id,name,metadata,outdated,created_at,updated_at) VALUES (11, 7, 'Silverlake Stadium', DEFAULT, 't', DEFAULT, DEFAULT), (12, 6, 'Downtown Plaza Pavilion', DEFAULT, 'f', DEFAULT, DEFAULT), (13, 9, 'Bayshore Pavilion', DEFAULT, 't', DEFAULT, DEFAULT), (14, 6, 'Sunset Stadium', DEFAULT, 't', DEFAULT, DEFAULT), (15, 7, 'Downtown Square Pavilion', DEFAULT, 't', DEFAULT, DEFAULT), (16, 9, 'Oceanfront Amphitheater', DEFAULT, 'f', DEFAULT, DEFAULT), (17, 9, 'Main Square Arena', DEFAULT, 'f', DEFAULT, DEFAULT), (18, 9, 'Southbank Arena', DEFAULT, 't', DEFAULT, DEFAULT), (19, 8, 'Waterfront Amphitheater', DEFAULT, 'f', DEFAULT, DEFAULT), (20, 6, 'Meadowbrook Pavilion', DEFAULT, 'f', DEFAULT, DEFAULT);
SELECT setval('"public"."arena_id_seq"'::regclass, (SELECT MAX("id") FROM "public"."arena"));
INSERT INTO public.blueprint (id,book_id,arena_id,visibility,name,tags,created_at,updated_at) VALUES ('fd4a2d4e-8569-59ca-837d-fb7fa0ab1be1', 'ac9f0e3e-b030-584f-a8dd-87355fe22537', 15, 'public', 'Roaming Support Plan', '{"consequat aute aute sunt","eu cupidatat occaecat magna veni","in culpa Lorem","sunt esse incididunt","aliqua commodo exercitation"}', DEFAULT, DEFAULT), ('e0502ed9-8194-54d4-be5d-43176e2a7438', '8b7e423b-b9b9-5b3c-bf3d-1aa45d16235c', 18, 'unlisted', 'Roaming Support Plan', '{"nulla laboris Lorem aliquip","mollit cillum esse pariatur occa","non anim dolor tempor","deserunt irure commodo cillum","mollit amet consectetur eu"}', DEFAULT, DEFAULT), ('cba89714-5b1d-590f-92a2-27cfb555b7e4', '549980e7-3e77-5d76-b263-84664d04b209', 14, 'public', 'Gank Heavy Approach', '{"ea","dolore consectetur mollit fugiat","culpa amet non et minim","veniam","irure dolore nulla excepteur","ex nulla aliqua in Lorem"}', DEFAULT, DEFAULT), ('497b8842-fb80-5638-ba6f-3f3e64daa06b', '8a0a556f-d942-55f0-8ba8-1ffbfaf3c6d9', 12, 'public', 'Map Control Blueprint', '{"id ullamco laborum voluptate est","sint","irure ut voluptate et","fugiat magna excepteur","officia esse consectetur tempor"}', DEFAULT, DEFAULT), ('75fbf0dd-b3c9-5513-87f0-9d9a9004f64c', 'd297ab9e-40d4-51b5-bb8f-a1df399f1a9a', 13, 'private', 'Baron Control Strategy', '{"do","laborum sunt","tempor","ad","veniam aliqua aute nisi"}', DEFAULT, DEFAULT), ('0352b4c9-6de9-5702-929d-3d622c6456a1', '9b1fc781-1e4e-56d2-bd68-0dc257a319c0', 14, 'public', 'Rotation Strategy Document', '{"Lorem ut ipsum","ea sit velit nulla"}', DEFAULT, DEFAULT), ('1e701d2b-566c-5f82-8280-a2a9d02ee590', 'ac9f0e3e-b030-584f-a8dd-87355fe22537', 14, 'unlisted', 'Early Game Dominance Guide', '{"reprehenderit nisi ea quis","quis cupidatat tempor et","sit ullamco","Lorem quis ad","elit"}', DEFAULT, DEFAULT), ('f04c0ed1-b624-5092-8b98-dae6fff857dc', '2d1d7734-be70-5d07-a538-e76c6cae722e', 16, 'private', 'Early Game Dominance Guide', '{"enim laboris","quis irure reprehenderit culpa","mollit exercitation duis cillum","pariatur nisi aliqua proident id","ullamco culpa nostrud magna","pariatur","dolore dolor esse"}', DEFAULT, DEFAULT), ('7eef79d9-ea6c-5417-b347-09dbcb8b4c78', '2589cf16-4103-5a4f-b544-b30078083eaa', 13, 'unlisted', 'Roaming Support Plan', '{"ex sit occaecat","tempor commodo consectetur culpa","nisi laborum minim","aliquip in","irure","dolore excepteur proident"}', DEFAULT, DEFAULT), ('3aff3e37-0331-5c7a-a0f5-1b6595c2ad7b', 'b5605791-3389-56c2-9ec6-17d538b9bb85', 19, 'public', 'Baron Control Strategy', '{"ad aute sint","enim labore","non commodo","exercitation esse dolore est","consequat quis","non exercitation","aute amet","laboris voluptate"}', DEFAULT, DEFAULT), ('7c0cf1d4-d57d-5092-a3f0-ca49e04ace52', '91434b27-2651-5429-8f42-45c3f8e334a0', 13, 'public', 'Roaming Support Plan', '{"dolor laborum","aliqua adipisicing tempor","id","aliqua"}', DEFAULT, DEFAULT), ('26c80d6d-0d6f-5fb2-8296-8b5e9e1fdeb7', '6c52c1d9-13a4-51ef-ae51-1dacc4c14be9', 20, 'unlisted', 'Early Game Dominance Guide', '{"sit nisi culpa","pariatur","voluptate veniam amet tempor","adipisicing officia exercitation","laborum","pariatur enim anim qui dolor","voluptate laborum minim","excepteur consequat culpa","minim nisi cupidatat","nostrud consectetur do laboris"}', DEFAULT, DEFAULT), ('310ccf44-859c-5587-8001-5aa84afb3236', 'cd7c291a-6d6e-5632-91e5-b7fd7a634d7d', 17, 'private', 'Wave Management Plan', '{"amet aliqua ut exercitation veni","nulla anim aliqua fugiat magna","consequat irure","incididunt ipsum dolor"}', DEFAULT, DEFAULT), ('c6131a0d-c1ea-5dce-8460-c91026e41f9f', 'ac9f0e3e-b030-584f-a8dd-87355fe22537', 17, 'public', 'Siege Tactics Handbook', '{"aliqua","laboris","magna anim Lorem","ad aute Lorem ullamco","aliquip minim qui"}', DEFAULT, DEFAULT), ('054eb394-a081-59a1-b613-e1c8bbcc6250', 'b5605791-3389-56c2-9ec6-17d538b9bb85', 13, 'public', 'Counter Pick Blueprint', '{"occaecat est","irure magna","dolore nulla amet","non eiusmod minim adipisicing","cupidatat excepteur qui"}', DEFAULT, DEFAULT), ('4cb602e9-b66f-5f7e-a7a1-71729454372c', 'b32027db-33da-5dc2-b906-e0c2a06ac683', 18, 'unlisted', 'Rotation Strategy Document', '{}', DEFAULT, DEFAULT), ('8ed312f8-fa19-5305-a78e-7cdee2dc9e00', '549980e7-3e77-5d76-b263-84664d04b209', 19, 'private', 'Aggressive Rush Strategy', '{"officia","sit consequat occaecat occaecat","dolore laborum","amet velit","nisi fugiat","nisi sit irure","anim veniam laboris deserunt","non Lorem irure Lorem"}', DEFAULT, DEFAULT), ('c9bad04c-3d6e-5efe-9540-7763dde57640', 'f4b5542b-ba61-519e-a8d2-5793282ad487', 19, 'private', 'Objective Focused Strategy', '{}', DEFAULT, DEFAULT), ('7a350dde-d215-538c-bfd3-d5cdd8b40555', '9bf2ad50-cccb-50eb-8269-3a7e78bd21f5', 20, 'public', 'Counter Pick Blueprint', '{"velit aliquip sunt aliquip velit","pariatur reprehenderit","dolor ex id velit excepteur","tempor labore do duis eu","proident ex nostrud","pariatur sint eu","id nisi elit ullamco","consequat qui culpa ullamco","occaecat"}', DEFAULT, DEFAULT), ('bd6c4dd0-06e8-56ab-abd6-6e9e777c13a7', '8b7e423b-b9b9-5b3c-bf3d-1aa45d16235c', 14, 'public', 'Counter Pick Blueprint', '{"amet irure pariatur","nisi mollit consectetur incididu","laboris duis ea","culpa incididunt Lorem","ex aliquip veniam est","labore ea","velit proident ex magna","laboris aliquip minim amet","consectetur mollit"}', DEFAULT, DEFAULT), ('844103e5-8cf8-5795-8a63-ccecfc3e2001', '1d3f740a-8c60-5c1d-aa9e-3854a33c8e1d', 16, 'public', 'Gank Heavy Approach', '{"occaecat nisi","consectetur sint nulla ea","ad amet ad nisi dolore","Lorem anim","laboris id"}', DEFAULT, DEFAULT), ('582d0ca1-76cc-5500-9dd8-190ab817072d', '2d1d7734-be70-5d07-a538-e76c6cae722e', 19, 'private', 'Vision Control Blueprint', '{"ullamco aliqua culpa","commodo reprehenderit"}', DEFAULT, DEFAULT), ('9012aa86-f8a2-5033-82d5-336bcaa03c26', 'b7a89d05-549f-565f-b631-b59097e91d1a', 20, 'public', 'Siege Tactics Handbook', '{"officia irure non tempor dolore","veniam"}', DEFAULT, DEFAULT), ('746bb5ad-439a-519a-90ef-991641df1623', '8b7e423b-b9b9-5b3c-bf3d-1aa45d16235c', 18, 'unlisted', 'Late Game Scaling Strategy', '{"duis elit dolore","mollit aute","ullamco velit deserunt","amet minim ex incididunt"}', DEFAULT, DEFAULT), ('b1bab82d-de7c-55e3-8115-1651b8f68765', '3ff60d7a-a4ad-54c5-a422-53b52cd53093', 12, 'private', 'Secure Objective Playbook', '{"do anim sunt","nulla fugiat ullamco amet","aute minim exercitation"}', DEFAULT, DEFAULT), ('0145500d-2ab2-5c49-9cea-edd711ce1cc9', '2589cf16-4103-5a4f-b544-b30078083eaa', 14, 'unlisted', 'Aggressive Rush Strategy', '{"sunt magna ea","deserunt proident","dolor ea fugiat","laborum duis","anim tempor commodo elit","do"}', DEFAULT, DEFAULT), ('703c3370-90fb-5d22-8365-f34357b3ffb8', '8b7e423b-b9b9-5b3c-bf3d-1aa45d16235c', 17, 'private', 'Rotation Strategy Document', '{"anim do ipsum do","occaecat adipisicing adipisicing"}', DEFAULT, DEFAULT), ('fd862b26-fe8c-52d0-b06e-3c9f938bd3ab', '438bff0e-fd50-5c86-89ee-d397a0c0e548', 17, 'public', 'Jungle Control Playbook', '{"deserunt esse elit nostrud ad","sunt dolor esse","aute Lorem minim ut","irure est in"}', DEFAULT, DEFAULT), ('70415515-b81b-59ef-a1ed-18578b73b7ae', '9b1fc781-1e4e-56d2-bd68-0dc257a319c0', 18, 'private', 'Baron Control Strategy', '{"magna proident exercitation"}', DEFAULT, DEFAULT), ('c5558815-aa72-5938-a7c8-62ae2c1a039c', '98eaafd3-adbf-5a3e-adb9-b3fb6971b6f1', 18, 'public', 'Secure Objective Playbook', '{"aliquip ullamco aute est","deserunt officia et","do excepteur","proident nulla veniam quis"}', DEFAULT, DEFAULT), ('703bbd20-9625-5bd7-8aa3-5ead0245fe50', '91fa3874-9437-5dfa-a49a-f19fb38d9e92', 11, 'unlisted', 'Objective Focused Strategy', '{}', DEFAULT, DEFAULT), ('68ff3d82-b6b6-5053-9e74-aa9b346dd8d1', 'b64d0217-6a7b-5682-8927-676434f72be9', 20, 'private', 'Wave Management Plan', '{"est elit","occaecat nulla enim dolore"}', DEFAULT, DEFAULT), ('522e120d-7e21-504a-9c96-99e429197e5a', '1d3f740a-8c60-5c1d-aa9e-3854a33c8e1d', 17, 'unlisted', 'Counter Pick Blueprint', '{"nostrud irure mollit veniam","in do","culpa aliquip","velit qui","minim consequat ad cillum tempor","voluptate nostrud ullamco"}', DEFAULT, DEFAULT), ('54b879fc-04e4-53b3-8cec-0174fc0ccd34', 'b32027db-33da-5dc2-b906-e0c2a06ac683', 15, 'private', 'Counter Pick Blueprint', '{"culpa deserunt","consectetur nisi","dolore proident qui cillum anim","nisi esse irure","tempor deserunt","laboris Lorem","consequat reprehenderit irure mi","laboris in","consectetur dolore deserunt in"}', DEFAULT, DEFAULT), ('fb90b354-0ae1-59da-9637-61f6c5ed3fb9', '9b1fc781-1e4e-56d2-bd68-0dc257a319c0', 14, 'public', 'Secure Objective Playbook', '{}', DEFAULT, DEFAULT), ('95b3988b-e14b-57a7-900d-4985cb116f17', '1e7e0bcb-4fc0-5d72-81a5-d67a74a13595', 16, 'private', 'Gank Heavy Approach', '{"aliquip","veniam aliquip","deserunt officia nisi cillum","magna commodo"}', DEFAULT, DEFAULT), ('7d1face3-2e87-52f5-9623-fff9de0a6539', '756cbb59-27d6-58f3-b4b9-8b56121e683f', 19, 'public', 'Map Control Blueprint', '{}', DEFAULT, DEFAULT), ('e8bf9a25-132d-5d46-b40a-d08534be6c9f', '91fa3874-9437-5dfa-a49a-f19fb38d9e92', 11, 'unlisted', 'Counter Pick Blueprint', '{"occaecat nulla id","adipisicing magna irure proident"}', DEFAULT, DEFAULT), ('29a560e9-84d9-5f41-9b09-76969cbfb144', '756cbb59-27d6-58f3-b4b9-8b56121e683f', 12, 'public', 'Counter Pick Blueprint', '{"ex mollit ea","velit sit","aute proident cupidatat eu dolor","anim dolor tempor in","non laboris dolore ea","ex ad reprehenderit occaecat tem","nostrud non Lorem cillum","veniam aute aliquip occaecat","adipisicing labore","enim esse non ex"}', DEFAULT, DEFAULT), ('d9c4b302-5ab0-5114-8120-41d1876c7eb9', '8a0a556f-d942-55f0-8ba8-1ffbfaf3c6d9', 17, 'public', 'Objective Focused Strategy', '{"sint nisi eiusmod","Lorem exercitation eu consequat","do excepteur nostrud voluptate","anim irure voluptate irure","quis esse reprehenderit fugiat","adipisicing sit"}', DEFAULT, DEFAULT), ('ca1b9e1e-f7c0-5c4a-a566-aabf3f7ebb80', 'f4b5542b-ba61-519e-a8d2-5793282ad487', 13, 'unlisted', 'Vision Denial Blueprint', '{"tempor dolore laborum","enim","nulla fugiat","dolore dolor Lorem"}', DEFAULT, DEFAULT), ('cde91e33-9c71-56e0-b19e-f2372fa577cf', 'cd7c291a-6d6e-5632-91e5-b7fd7a634d7d', 20, 'private', 'Secure Objective Playbook', '{"sint Lorem"}', DEFAULT, DEFAULT), ('013547e4-326e-5221-8377-310093ccf53a', '9bf2ad50-cccb-50eb-8269-3a7e78bd21f5', 20, 'private', 'Rotation Strategy Document', '{"id anim duis deserunt","enim nulla voluptate eu","mollit","consectetur nulla do","sit deserunt non aliqua","adipisicing qui eu magna eu"}', DEFAULT, DEFAULT), ('50cffa66-dd91-5aed-8c46-1b76e488de31', 'f4b5542b-ba61-519e-a8d2-5793282ad487', 16, 'unlisted', 'Rotation Strategy Document', '{"in reprehenderit occaecat","proident cillum","sunt non","qui laboris ex culpa","do ea","sunt consequat exercitation","proident ex","officia elit sunt"}', DEFAULT, DEFAULT), ('f550c2bf-a147-5e29-8a01-470336f387eb', '8b7e423b-b9b9-5b3c-bf3d-1aa45d16235c', 16, 'unlisted', 'Map Control Blueprint', '{}', DEFAULT, DEFAULT), ('a30e3d57-ad0a-594d-9622-8a2514b8110c', '882c7ae5-914f-539d-8207-691de536097f', 18, 'private', 'Roaming Support Plan', '{"ex eiusmod ea","mollit quis","incididunt cupidatat","enim et eu","anim","eiusmod ut esse reprehenderit of","excepteur dolor qui deserunt"}', DEFAULT, DEFAULT), ('cb76f565-509b-50d9-bbe4-5c6e7c9b0eb4', 'cd7c291a-6d6e-5632-91e5-b7fd7a634d7d', 20, 'unlisted', 'Secure Objective Playbook', '{"excepteur magna","mollit non aute dolor","excepteur aute","exercitation est amet","laboris","irure duis","Lorem","ullamco","ut","ea non"}', DEFAULT, DEFAULT), ('a344c7b4-07e6-54df-b4ed-f27c7916e147', 'cfbfd1d4-e77f-57e5-94da-e9ff2cc7a996', 12, 'public', 'Split Push Blueprint', '{"minim magna irure","eiusmod mollit veniam","anim occaecat","est reprehenderit dolor eu ullam"}', DEFAULT, DEFAULT), ('6c40d2d3-07ad-5aa1-a5fa-cf5861475e5d', '438bff0e-fd50-5c86-89ee-d397a0c0e548', 15, 'unlisted', 'Team Fight Execution Plan', '{"labore minim","laborum ullamco","cupidatat cillum pariatur","id exercitation non"}', DEFAULT, DEFAULT), ('ba7460a4-9316-52e4-9e3a-05ee82b85e66', 'a88bc9b9-135e-55c7-8c4c-5a072a3c8573', 15, 'unlisted', 'Split Push Blueprint', '{"proident sint sint duis"}', DEFAULT, DEFAULT), ('fb3595df-62ad-5f54-ac34-3a578952555c', '98eaafd3-adbf-5a3e-adb9-b3fb6971b6f1', 19, 'public', 'Map Control Blueprint', '{"est id","aute"}', DEFAULT, DEFAULT), ('90edde40-1b87-5f75-90b9-68639fbcb2b8', 'cd7c291a-6d6e-5632-91e5-b7fd7a634d7d', 18, 'unlisted', 'Map Control Blueprint', '{"culpa eu ad tempor","consequat culpa tempor","aliqua sunt adipisicing","nisi","voluptate aute quis tempor"}', DEFAULT, DEFAULT), ('ea26a496-35d8-5f3f-a769-a80898ec7b17', 'e4de1a09-bd9a-5e42-b92c-2cb1af28bec6', 12, 'unlisted', 'Aggressive Rush Strategy', '{"eiusmod cillum nostrud excepteur","excepteur commodo","ad enim qui sint","labore amet aliquip","dolore","non amet"}', DEFAULT, DEFAULT), ('035a0a25-d588-551c-9f76-4e9f593ffaf4', '98eaafd3-adbf-5a3e-adb9-b3fb6971b6f1', 19, 'public', 'Aggressive Rush Strategy', '{"fugiat consectetur sint veniam"}', DEFAULT, DEFAULT), ('e7f55997-6008-5d29-9f7f-564ab748cc59', '438bff0e-fd50-5c86-89ee-d397a0c0e548', 18, 'private', 'Siege Tactics Handbook', '{"ut qui anim","enim in nostrud dolor","sint irure","pariatur sint voluptate nulla","aliqua proident","mollit tempor id deserunt","eiusmod quis quis"}', DEFAULT, DEFAULT), ('396ce0bd-b3e1-5b3c-94ea-bb5357e1c76a', 'eda91f04-12ef-5904-88aa-e6ed9a692e03', 19, 'unlisted', 'Roaming Support Plan', '{"irure velit fugiat quis laboris","pariatur eiusmod anim est","cillum amet sit sunt","minim voluptate elit ea","aliquip est consectetur"}', DEFAULT, DEFAULT), ('4cb2c65b-80df-57cc-9c0d-6c346029b88f', '1e7e0bcb-4fc0-5d72-81a5-d67a74a13595', 15, 'public', 'Objective Focused Strategy', '{"deserunt","et","proident excepteur eiusmod","fugiat elit","do irure nisi","dolore esse laboris","labore laborum in"}', DEFAULT, DEFAULT), ('8172dfee-2cce-5dee-9293-b6bd5f74d656', '2589cf16-4103-5a4f-b544-b30078083eaa', 19, 'public', 'Team Fight Execution Plan', '{"labore duis ullamco veniam occae","pariatur occaecat","aute et","commodo et duis deserunt","proident amet","reprehenderit ut sunt","qui"}', DEFAULT, DEFAULT), ('910e8e4b-af24-5f28-a2eb-631066a490eb', '6c52c1d9-13a4-51ef-ae51-1dacc4c14be9', 18, 'public', 'Vision Denial Blueprint', '{"dolor mollit proident ad","esse laborum eu duis magna","laborum cupidatat fugiat","fugiat","velit ex laborum","quis magna Lorem","sint","do nostrud sit mollit"}', DEFAULT, DEFAULT), ('150381a3-e791-54de-9419-0edac12fb9eb', 'cfbfd1d4-e77f-57e5-94da-e9ff2cc7a996', 12, 'public', 'Counter Pick Blueprint', '{"cillum eu ex","ex esse cillum"}', DEFAULT, DEFAULT), ('ddb37574-0dbe-5aa4-a5e8-b15242cefaff', '9bf2ad50-cccb-50eb-8269-3a7e78bd21f5', 17, 'private', 'Counter Pick Blueprint', '{"officia elit veniam sunt","adipisicing et","ex","voluptate nostrud exercitation u","est consectetur laboris","laborum Lorem","ullamco aliqua mollit"}', DEFAULT, DEFAULT), ('77fbdaed-4103-591b-82ee-3e3fa4b78a9b', '882c7ae5-914f-539d-8207-691de536097f', 20, 'public', 'Late Game Scaling Strategy', '{"ipsum velit","elit in","sint dolor aute","nostrud cupidatat culpa labore","ipsum duis proident laborum","nulla ea","id","nostrud proident"}', DEFAULT, DEFAULT), ('0f1e8b42-396d-5765-be37-bce2ee646e04', 'eda91f04-12ef-5904-88aa-e6ed9a692e03', 14, 'public', 'Defensive Turtle Tactics', '{"cupidatat elit nostrud dolor","ullamco culpa ullamco officia","mollit proident","occaecat veniam culpa reprehende"}', DEFAULT, DEFAULT), ('5308f8b3-4d4d-529a-bd7c-3a77ac4fe6ae', '9bf2ad50-cccb-50eb-8269-3a7e78bd21f5', 17, 'public', 'Jungle Control Playbook', '{"nostrud aute","cillum tempor amet id","consectetur excepteur","minim ipsum ea","tempor voluptate","mollit sint labore in","deserunt aliquip anim elit","minim deserunt minim ipsum"}', DEFAULT, DEFAULT), ('851e9ece-db38-530e-b3f9-f5e1d49a3b34', 'a5831e58-2fc9-5b59-970d-00c344a4eb18', 17, 'private', 'Gank Heavy Approach', '{"magna est","duis","Lorem ullamco id consequat"}', DEFAULT, DEFAULT), ('2189cd55-c657-5ce9-999a-da1a2dbf7ea0', '1e7e0bcb-4fc0-5d72-81a5-d67a74a13595', 11, 'private', 'Late Game Scaling Strategy', '{"ut Lorem elit","dolore officia adipisicing","veniam laboris"}', DEFAULT, DEFAULT), ('902d4a21-0657-5095-b741-ac0d408bb89e', 'd9bba68a-079c-5141-bd43-756b87167584', 17, 'private', 'Early Game Dominance Guide', '{"tempor est","aute","in occaecat","commodo dolor id excepteur offic","incididunt duis minim"}', DEFAULT, DEFAULT), ('0d40f7c0-72b0-55c2-8e48-c6c65bd9815f', 'eda91f04-12ef-5904-88aa-e6ed9a692e03', 12, 'public', 'Map Control Blueprint', '{"eu ad do"}', DEFAULT, DEFAULT), ('f09f5f0c-d6f4-5089-a919-82fdea15dad9', '6c52c1d9-13a4-51ef-ae51-1dacc4c14be9', 11, 'private', 'Vision Denial Blueprint', '{"aliquip duis elit","cupidatat aute est in","adipisicing cillum","deserunt id elit adipisicing","tempor eiusmod fugiat irure","dolor sunt aliquip","esse"}', DEFAULT, DEFAULT), ('9bfcf305-f3a4-5bed-9ee4-3f5ccf9e59af', '1e7e0bcb-4fc0-5d72-81a5-d67a74a13595', 15, 'private', 'Early Game Dominance Guide', '{"id veniam dolore","veniam est qui ex","cupidatat do reprehenderit incid","dolore magna elit consequat repr","mollit esse do"}', DEFAULT, DEFAULT), ('2ff309f0-6726-5920-ad23-47ba58fd2525', '2589cf16-4103-5a4f-b544-b30078083eaa', 18, 'unlisted', 'Counter Pick Blueprint', '{"adipisicing","proident nisi amet","nulla commodo","cupidatat","adipisicing ex mollit","dolor","culpa consectetur aute ut","nostrud et laboris reprehenderit","non reprehenderit sint nostrud"}', DEFAULT, DEFAULT), ('bac302d7-9e20-52d1-89cc-b0e99ef3b896', 'f4b5542b-ba61-519e-a8d2-5793282ad487', 12, 'public', 'Defensive Turtle Tactics', '{"aute eu","Lorem quis","deserunt cupidatat nisi do nulla","laborum qui","in"}', DEFAULT, DEFAULT), ('ef31ceeb-0f8d-5da0-ab9c-18045c420f99', '882c7ae5-914f-539d-8207-691de536097f', 15, 'private', 'Defensive Turtle Tactics', '{"mollit","enim sit in ullamco irure","ad excepteur","elit consectetur","reprehenderit ex eu in ad","laboris ea quis","dolor consequat","laboris nulla","fugiat ad qui laborum anim","duis deserunt reprehenderit in l"}', DEFAULT, DEFAULT), ('2be70e34-56ed-5cb2-9758-b8f796ec32ec', 'f4b5542b-ba61-519e-a8d2-5793282ad487', 20, 'public', 'Wave Management Plan', '{"sint velit excepteur"}', DEFAULT, DEFAULT), ('49e5f9f5-6a8f-5423-81e9-9e8e2c467770', '549980e7-3e77-5d76-b263-84664d04b209', 19, 'unlisted', 'Siege Tactics Handbook', '{"enim eu ea","deserunt reprehenderit","esse nisi eiusmod eu","minim in","amet sit magna","est","in veniam","ex non consequat"}', DEFAULT, DEFAULT), ('421a5d89-58fa-56e2-87c9-a4c6fd3159db', '1e7e0bcb-4fc0-5d72-81a5-d67a74a13595', 19, 'public', 'Defensive Turtle Tactics', '{"incididunt ad sint consectetur","do","velit laborum duis ullamco","id pariatur nostrud elit exercit","nostrud"}', DEFAULT, DEFAULT), ('c2ab0ed6-ea98-544f-a35e-cfff5a185dc8', '9bf2ad50-cccb-50eb-8269-3a7e78bd21f5', 12, 'unlisted', 'Roaming Support Plan', '{}', DEFAULT, DEFAULT), ('6c6d219e-3884-5c60-8485-0fb500d0b675', 'd1b8f3f8-af26-5088-8712-273c28ba98f7', 18, 'unlisted', 'Roaming Support Plan', '{"id elit est culpa","proident","ullamco officia excepteur","nostrud anim","consectetur ullamco","eu culpa sunt sunt Lorem","amet ad voluptate ad"}', DEFAULT, DEFAULT), ('d5fd2418-0c52-558a-8369-707f9186db0b', '549980e7-3e77-5d76-b263-84664d04b209', 16, 'unlisted', 'Early Game Dominance Guide', '{}', DEFAULT, DEFAULT), ('0f22fcab-183d-5e80-9a98-c495a215f5f8', 'a88bc9b9-135e-55c7-8c4c-5a072a3c8573', 11, 'unlisted', 'Defensive Turtle Tactics', '{"voluptate ad esse incididunt","est sint duis ut dolore","deserunt incididunt laborum pari","culpa eiusmod non dolor","consequat esse est cillum","id ipsum","culpa enim aute","amet tempor ad","fugiat"}', DEFAULT, DEFAULT), ('f92c2ba5-8b0e-58ef-9364-e364e4c41522', '91434b27-2651-5429-8f42-45c3f8e334a0', 18, 'unlisted', 'Counter Pick Blueprint', '{"esse eu magna","Lorem mollit pariatur","esse duis mollit","ut elit eiusmod minim","nostrud culpa pariatur eu","voluptate elit ut amet enim","deserunt fugiat","aliquip sit","pariatur Lorem ipsum aliquip ull","commodo"}', DEFAULT, DEFAULT), ('e2ec2872-d983-5938-8f1c-38a9a14124dd', '9bf2ad50-cccb-50eb-8269-3a7e78bd21f5', 18, 'public', 'Counter Pick Blueprint', '{"amet occaecat","ad nostrud fugiat voluptate","dolore et","dolor voluptate officia laborum","dolore qui nisi","nulla","do eiusmod adipisicing","sint amet et","occaecat aute deserunt"}', DEFAULT, DEFAULT), ('4d4230bc-d1b6-532c-9bbf-8c67caf4f9ed', '9b1fc781-1e4e-56d2-bd68-0dc257a319c0', 13, 'private', 'Early Game Dominance Guide', '{"nulla laboris aliqua","reprehenderit ullamco nostrud"}', DEFAULT, DEFAULT), ('8be9ffc5-25d1-5c32-be1f-9a9ec00544f6', '8b7e423b-b9b9-5b3c-bf3d-1aa45d16235c', 16, 'unlisted', 'Early Game Dominance Guide', '{"sint id enim esse","Lorem elit ipsum veniam","amet aute pariatur","aute non Lorem","irure nisi adipisicing","duis adipisicing excepteur ex","velit magna","nulla","culpa aliqua dolor esse","dolore esse"}', DEFAULT, DEFAULT), ('a3241e44-bd93-5a11-a730-863e8eb75275', '91fa3874-9437-5dfa-a49a-f19fb38d9e92', 17, 'private', 'Gank Heavy Approach', '{"minim excepteur id","elit","do quis Lorem","irure","esse deserunt exercitation"}', DEFAULT, DEFAULT), ('a1c32f18-989f-5961-80f5-4a21a838bc95', 'b5605791-3389-56c2-9ec6-17d538b9bb85', 20, 'private', 'Baron Control Strategy', '{"laboris anim","deserunt mollit","exercitation consectetur esse","laboris commodo pariatur","et nisi incididunt","eu cupidatat in aute id","ipsum do est et","elit sunt labore","quis occaecat","minim proident et ad"}', DEFAULT, DEFAULT), ('8fde1282-59d1-5f9b-bc10-4130ce793fa9', '8b7e423b-b9b9-5b3c-bf3d-1aa45d16235c', 19, 'public', 'Late Game Scaling Strategy', '{"dolor tempor non","ipsum culpa","tempor anim reprehenderit","laboris est eu","anim enim commodo","irure deserunt aliquip deserunt","id labore laborum et eiusmod","nostrud mollit reprehenderit exc"}', DEFAULT, DEFAULT), ('f85f8e1b-b8a0-528e-bc81-49b3e6a34ee5', '882c7ae5-914f-539d-8207-691de536097f', 12, 'unlisted', 'Wave Management Plan', '{"sint consequat","dolor velit laboris voluptate"}', DEFAULT, DEFAULT), ('e16cfe57-140d-5b3e-90f8-910575ffdd47', 'b7a89d05-549f-565f-b631-b59097e91d1a', 14, 'unlisted', 'Early Game Dominance Guide', '{"eiusmod ipsum velit","est commodo Lorem nostrud labore","sit pariatur voluptate","veniam adipisicing ullamco eiusm"}', DEFAULT, DEFAULT), ('06866e23-2aeb-59f2-9d3c-156507eb23db', '1e7e0bcb-4fc0-5d72-81a5-d67a74a13595', 19, 'private', 'Gank Heavy Approach', '{"incididunt sit consequat ex","velit et ut","dolore dolor deserunt","ex nulla magna"}', DEFAULT, DEFAULT), ('e5c44c16-4905-59d0-8c2a-f48ebfc3fdcc', '9b1fc781-1e4e-56d2-bd68-0dc257a319c0', 13, 'unlisted', 'Split Push Blueprint', '{"nisi qui enim","consectetur","officia ut do","dolor adipisicing ipsum officia ","duis officia nisi","occaecat"}', DEFAULT, DEFAULT), ('0298782b-da7d-55b4-a736-8126dd2f9d32', 'cd7c291a-6d6e-5632-91e5-b7fd7a634d7d', 15, 'private', 'Early Game Dominance Guide', '{"non officia velit nisi","nostrud ea irure","officia aliqua duis sunt aliqua","ex ad qui","ex ex","sunt duis"}', DEFAULT, DEFAULT), ('8f534833-d8c3-5d0a-b63c-bd2740be0330', 'd19db439-c7e7-53a7-aa19-0db346180dc1', 20, 'private', 'Objective Focused Strategy', '{"minim voluptate deserunt ipsum","consectetur","excepteur","amet sunt laboris cillum laborum","dolore dolor reprehenderit fugia","sit nostrud","incididunt id","magna aute fugiat","do voluptate","ex eiusmod in"}', DEFAULT, DEFAULT), ('1caeec83-1956-53fb-9c1a-7f585775c524', '8a0a556f-d942-55f0-8ba8-1ffbfaf3c6d9', 16, 'public', 'Defensive Turtle Tactics', '{"commodo aliqua consectetur nisi","quis adipisicing incididunt labo","ex fugiat","ullamco deserunt aliquip pariatu","exercitation veniam pariatur"}', DEFAULT, DEFAULT), ('28f2bbc2-0260-5d64-a9bf-64e9bc163c30', '882c7ae5-914f-539d-8207-691de536097f', 17, 'unlisted', 'Jungle Control Playbook', '{"ad","adipisicing occaecat quis labori","elit Lorem exercitation"}', DEFAULT, DEFAULT), ('8590b74a-b67e-5525-9786-4e0fc4c65d06', '756cbb59-27d6-58f3-b4b9-8b56121e683f', 14, 'private', 'Wave Management Plan', '{"ipsum","et anim","cupidatat ullamco","sunt cupidatat","consequat veniam ut","Lorem irure mollit Lorem officia","et velit dolore","veniam officia"}', DEFAULT, DEFAULT), ('fa5e4221-0eae-5da7-9a16-5b8399b9ef50', '8a0a556f-d942-55f0-8ba8-1ffbfaf3c6d9', 20, 'unlisted', 'Baron Control Strategy', '{"amet ullamco do nulla","enim cupidatat","non ad ex cupidatat","laboris ullamco","officia nostrud magna officia ei","id consequat deserunt elit","adipisicing magna","laborum deserunt","nisi"}', DEFAULT, DEFAULT), ('fedb01d5-16e2-59fd-8845-ff6a92bd83f7', 'e4de1a09-bd9a-5e42-b92c-2cb1af28bec6', 20, 'unlisted', 'Counter Pick Blueprint', '{"dolor enim","enim est ad","nulla qui","laboris mollit laborum","Lorem velit occaecat ullamco nul","consequat","ex","exercitation magna cupidatat","ea nostrud velit magna"}', DEFAULT, DEFAULT), ('d6d0cf2a-b6d2-5f41-bc05-2fe5bf5ca317', '2589cf16-4103-5a4f-b544-b30078083eaa', 16, 'public', 'Vision Control Blueprint', '{"exercitation irure ex consectetu","magna ipsum aliqua enim","id non"}', DEFAULT, DEFAULT), ('a18cadaa-4531-5180-a607-ad2a5bc25f0c', '438bff0e-fd50-5c86-89ee-d397a0c0e548', 19, 'public', 'Map Control Blueprint', '{}', DEFAULT, DEFAULT), ('7858de1c-870d-5289-9bbf-085e4de69d79', 'f4b5542b-ba61-519e-a8d2-5793282ad487', 14, 'unlisted', 'Team Fight Execution Plan', '{"voluptate magna incididunt sunt ","minim mollit","id dolor do cupidatat","elit duis veniam enim","et ex quis et anim"}', DEFAULT, DEFAULT), ('c5510993-cf82-5729-a476-bbba91fd2ee1', '882c7ae5-914f-539d-8207-691de536097f', 18, 'public', 'Siege Tactics Handbook', '{"Lorem ex consequat cillum"}', DEFAULT, DEFAULT), ('65495df9-49dc-5680-b4b7-97fe7364e837', 'd9bba68a-079c-5141-bd43-756b87167584', 20, 'unlisted', 'Aggressive Rush Strategy', '{"exercitation fugiat","consequat labore pariatur","aliqua commodo","laborum esse quis aute"}', DEFAULT, DEFAULT), ('6a08951b-2f4b-5069-a734-056efe107e30', 'd1b8f3f8-af26-5088-8712-273c28ba98f7', 20, 'unlisted', 'Aggressive Rush Strategy', '{"ad aliqua","est dolor","non proident esse anim","sit amet","irure ad tempor","proident","occaecat mollit proident Lorem q","qui sit"}', DEFAULT, DEFAULT), ('d96e9820-0562-5ef0-a957-fb16e8a3cda6', '882c7ae5-914f-539d-8207-691de536097f', 16, 'unlisted', 'Team Fight Execution Plan', '{"magna adipisicing","eiusmod aliqua"}', DEFAULT, DEFAULT), ('44d39286-2c39-52c0-9fdf-811ac2ac0b4f', '91434b27-2651-5429-8f42-45c3f8e334a0', 14, 'unlisted', 'Objective Focused Strategy', '{"pariatur consectetur","ad esse","ad duis sunt fugiat","minim esse","exercitation irure pariatur veni","occaecat commodo","irure Lorem"}', DEFAULT, DEFAULT), ('f5284b1c-c867-5bcb-ae27-b4a46054354e', 'cd7c291a-6d6e-5632-91e5-b7fd7a634d7d', 12, 'unlisted', 'Jungle Control Playbook', '{"consectetur do qui voluptate","fugiat quis","voluptate pariatur est et","ut ipsum cillum enim"}', DEFAULT, DEFAULT), ('748b6b6e-790a-524c-8953-9f99ff6241ea', '9bf2ad50-cccb-50eb-8269-3a7e78bd21f5', 16, 'private', 'Early Game Dominance Guide', '{"et ad","laboris excepteur id in","in anim","consequat exercitation","enim ex tempor minim"}', DEFAULT, DEFAULT), ('94e59d3e-1e10-58ee-b57b-120d24970da8', 'f4b5542b-ba61-519e-a8d2-5793282ad487', 11, 'private', 'Early Game Dominance Guide', '{"sit dolor minim","duis est","est velit","ad eiusmod Lorem","incididunt sunt esse","in","qui occaecat aliqua irure","aute ut aliquip et","ullamco","exercitation"}', DEFAULT, DEFAULT), ('a501e3c2-1df6-5f20-9532-89c5471331c6', 'd1b8f3f8-af26-5088-8712-273c28ba98f7', 15, 'private', 'Aggressive Rush Strategy', '{"incididunt dolore duis","ea nulla sunt culpa veniam","sit sunt","nisi adipisicing fugiat ex amet","sunt sunt officia magna","do in quis","officia ex Lorem officia"}', DEFAULT, DEFAULT), ('eba1549a-b3ad-5f1e-ad56-15be0771d0f9', 'd297ab9e-40d4-51b5-bb8f-a1df399f1a9a', 14, 'private', 'Roaming Support Plan', '{"irure minim","et cillum aute"}', DEFAULT, DEFAULT), ('02d6bfb1-b7f1-5129-9d1b-729fd2d36ca6', '91fa3874-9437-5dfa-a49a-f19fb38d9e92', 13, 'public', 'Objective Focused Strategy', '{"pariatur qui sit nisi","dolore eiusmod adipisicing","aliqua officia laborum in"}', DEFAULT, DEFAULT), ('feadd401-b272-53d1-bc20-6dad4e3ffc29', 'f4b5542b-ba61-519e-a8d2-5793282ad487', 16, 'private', 'Objective Focused Strategy', '{"deserunt proident","reprehenderit esse","amet in commodo minim dolor","ex pariatur exercitation aute"}', DEFAULT, DEFAULT), ('f4023970-bb8c-5175-9f3e-42520be2a6af', '8a0a556f-d942-55f0-8ba8-1ffbfaf3c6d9', 15, 'unlisted', 'Baron Control Strategy', '{"proident enim mollit labore null","ipsum officia","mollit eu et fugiat","labore eiusmod duis","Lorem commodo irure ea exercitat","esse qui et magna sunt","et laborum exercitation","ipsum et consectetur et"}', DEFAULT, DEFAULT), ('ab471cfa-3489-5a6c-bf5c-82aeac3819f5', '8b7e423b-b9b9-5b3c-bf3d-1aa45d16235c', 13, 'private', 'Wave Management Plan', '{"ipsum cupidatat eu deserunt","in ullamco velit esse","reprehenderit ea","elit ex proident tempor tempor","voluptate do ea","proident aliqua in in","non"}', DEFAULT, DEFAULT), ('782d8b69-ae89-5508-b431-d9e3d4f25423', 'd1b8f3f8-af26-5088-8712-273c28ba98f7', 19, 'unlisted', 'Secure Objective Playbook', '{"do exercitation tempor"}', DEFAULT, DEFAULT), ('bfbbf302-05a7-5b0c-991e-f7c79f52034e', '8b7e423b-b9b9-5b3c-bf3d-1aa45d16235c', 17, 'unlisted', 'Objective Focused Strategy', '{"proident"}', DEFAULT, DEFAULT), ('86a9949d-fbe2-5edf-bf64-6b822a75bdc8', 'ac9f0e3e-b030-584f-a8dd-87355fe22537', 13, 'private', 'Vision Control Blueprint', '{"qui est elit","reprehenderit","sit quis","mollit voluptate","laborum cupidatat ex ad","cillum"}', DEFAULT, DEFAULT), ('3d78c871-f9be-5ceb-b04c-13f9eb63efa0', '91fa3874-9437-5dfa-a49a-f19fb38d9e92', 17, 'unlisted', 'Vision Control Blueprint', '{"adipisicing","adipisicing cupidatat consequat","consequat cupidatat","sit ad incididunt ullamco","duis incididunt tempor dolor","do nisi aute labore","aliquip qui","eiusmod est","irure id non aliquip fugiat","irure cupidatat"}', DEFAULT, DEFAULT), ('e5e7301c-ed7e-5267-a91e-331eeecbad04', 'eda91f04-12ef-5904-88aa-e6ed9a692e03', 11, 'unlisted', 'Map Control Blueprint', '{"nulla Lorem elit","dolor ullamco amet officia","dolor irure ea","fugiat pariatur minim mollit","ex Lorem et duis ullamco","laboris nostrud culpa cupidatat ","pariatur laboris"}', DEFAULT, DEFAULT), ('e06f1954-eb7e-5811-8e85-0b7239ac60d6', '2d1d7734-be70-5d07-a538-e76c6cae722e', 19, 'unlisted', 'Defensive Turtle Tactics', '{"voluptate voluptate","ex dolore","ipsum nisi proident","ipsum id enim ut","dolor aliquip ea"}', DEFAULT, DEFAULT), ('cbe8ef05-c651-5778-b8a6-717eee524007', 'd19db439-c7e7-53a7-aa19-0db346180dc1', 14, 'public', 'Gank Heavy Approach', '{"ut et amet nulla","aliqua mollit est eu","sit tempor","ullamco fugiat voluptate","id","elit sunt","ullamco"}', DEFAULT, DEFAULT), ('479e5b51-1e2b-5ac2-b0c4-d0fc97906c11', 'a5831e58-2fc9-5b59-970d-00c344a4eb18', 19, 'unlisted', 'Late Game Scaling Strategy', '{"sunt","non est consequat do","elit laboris et","cupidatat sunt nisi eiusmod","et exercitation occaecat"}', DEFAULT, DEFAULT), ('bcb7ae75-c1e7-50cd-ba0b-a339091eb350', '9b1fc781-1e4e-56d2-bd68-0dc257a319c0', 13, 'private', 'Late Game Scaling Strategy', '{"dolor quis eiusmod officia","nulla fugiat","exercitation laborum esse","exercitation irure velit veniam"}', DEFAULT, DEFAULT), ('22dccad0-36ca-5845-a1bd-b6027b406b8d', 'b7a89d05-549f-565f-b631-b59097e91d1a', 14, 'unlisted', 'Siege Tactics Handbook', '{"ea adipisicing","ad commodo commodo","aliqua mollit","mollit duis velit nostrud"}', DEFAULT, DEFAULT), ('d3293b00-a774-5f1e-99fc-e8f05eabde14', '2d1d7734-be70-5d07-a538-e76c6cae722e', 17, 'unlisted', 'Team Fight Execution Plan', '{"in ea officia velit","ad tempor","et nulla culpa non"}', DEFAULT, DEFAULT), ('6822c6f8-ae35-5c57-9558-9cc55665f5cb', '91434b27-2651-5429-8f42-45c3f8e334a0', 18, 'private', 'Siege Tactics Handbook', '{"ipsum","veniam cillum in magna magna","irure eu cillum incididunt","non duis in fugiat in","tempor magna veniam ullamco labo","exercitation veniam et ex","dolore dolor commodo","consequat sint laboris occaecat ","ullamco minim ex sunt fugiat","laboris commodo eu laborum aliqu"}', DEFAULT, DEFAULT), ('8ac966bd-de46-5e4a-8401-5328d63ae1b4', 'f4b5542b-ba61-519e-a8d2-5793282ad487', 18, 'unlisted', 'Early Game Dominance Guide', '{"tempor","elit id"}', DEFAULT, DEFAULT), ('36f6354b-1927-5b66-8fab-ef32da0e1694', 'd297ab9e-40d4-51b5-bb8f-a1df399f1a9a', 20, 'public', 'Split Push Blueprint', '{}', DEFAULT, DEFAULT), ('a3befd2b-2867-5547-af7d-2fe7d53b98ef', '756cbb59-27d6-58f3-b4b9-8b56121e683f', 14, 'unlisted', 'Vision Denial Blueprint', '{"cillum incididunt","sint adipisicing amet elit","id aliquip occaecat laborum","mollit exercitation","anim est cupidatat","nisi ullamco aliquip et","velit nulla pariatur veniam dese","tempor aliquip elit","occaecat anim occaecat incididun"}', DEFAULT, DEFAULT), ('4d502d01-8a3a-58bc-acb8-f61c47f35e10', 'e4de1a09-bd9a-5e42-b92c-2cb1af28bec6', 19, 'unlisted', 'Siege Tactics Handbook', '{"adipisicing dolore magna minim","cillum reprehenderit eiusmod eu ","deserunt velit elit","irure","incididunt ipsum excepteur irure"}', DEFAULT, DEFAULT), ('ebdf08a4-39c5-5347-ab53-e4ef0e2d1add', 'b32027db-33da-5dc2-b906-e0c2a06ac683', 14, 'public', 'Roaming Support Plan', '{"fugiat non","ad","qui adipisicing eu duis","eiusmod","laboris proident ipsum excepteur","Lorem sit esse nostrud veniam","qui sunt nulla ea est","duis aliquip exercitation"}', DEFAULT, DEFAULT), ('4cfaa7bd-7f8e-52b6-a079-b1fc1773dccb', 'd1b8f3f8-af26-5088-8712-273c28ba98f7', 15, 'private', 'Map Control Blueprint', '{"sint veniam eiusmod eiusmod","velit","sit mollit ut"}', DEFAULT, DEFAULT), ('379aa38a-0dab-5c06-8cdb-45bf5d7e2d27', 'd1b8f3f8-af26-5088-8712-273c28ba98f7', 13, 'unlisted', 'Split Push Blueprint', '{"minim culpa voluptate nisi","cillum exercitation nostrud veli","non laboris qui officia","nulla voluptate veniam do"}', DEFAULT, DEFAULT), ('1cb4e4cf-86cc-5f46-9e77-98b857e060d9', '882c7ae5-914f-539d-8207-691de536097f', 20, 'private', 'Vision Control Blueprint', '{}', DEFAULT, DEFAULT), ('f39bcc07-5eef-5435-b6e9-d947c3bae70d', 'ac9f0e3e-b030-584f-a8dd-87355fe22537', 11, 'public', 'Late Game Scaling Strategy', '{"commodo pariatur","duis exercitation aliquip","pariatur","cillum","consequat adipisicing esse","qui tempor occaecat","veniam quis irure aliqua pariatu","id id"}', DEFAULT, DEFAULT), ('20a16bbe-0188-55a3-8d14-7e2e6b37794e', '438bff0e-fd50-5c86-89ee-d397a0c0e548', 19, 'public', 'Split Push Blueprint', '{"voluptate mollit qui","adipisicing eu anim","consectetur et do","officia et minim","quis consectetur","nostrud elit dolor amet","excepteur non","officia est et quis","labore esse nostrud","ea ipsum pariatur"}', DEFAULT, DEFAULT), ('75a162e8-f427-5c64-baca-dba20bc829dd', '91fa3874-9437-5dfa-a49a-f19fb38d9e92', 17, 'unlisted', 'Objective Focused Strategy', '{}', DEFAULT, DEFAULT), ('5075bfb2-60b4-588c-ba9f-cd0f3efae77e', 'a3141029-aec2-543b-b18a-49fe947e3304', 15, 'public', 'Vision Denial Blueprint', '{"pariatur","nisi duis consectetur","nostrud ipsum","eiusmod consequat occaecat venia","consectetur id deserunt id","anim tempor pariatur cillum","laboris est commodo eu","est dolore tempor quis","officia deserunt minim","velit ex et magna"}', DEFAULT, DEFAULT), ('329b0bda-79b1-53f3-afe7-b7495bde0220', '3ff60d7a-a4ad-54c5-a422-53b52cd53093', 12, 'public', 'Rotation Strategy Document', '{"sunt non et ex","occaecat aliquip"}', DEFAULT, DEFAULT), ('fc992b53-61aa-5185-8280-7863348ce734', '882c7ae5-914f-539d-8207-691de536097f', 12, 'unlisted', 'Early Game Dominance Guide', '{"excepteur id amet in","elit labore velit","velit nulla labore","elit ipsum","culpa ullamco ullamco voluptate ","officia elit","ipsum tempor"}', DEFAULT, DEFAULT), ('e15f78fd-c85d-5196-b441-614f0f00a652', 'eda91f04-12ef-5904-88aa-e6ed9a692e03', 13, 'unlisted', 'Jungle Control Playbook', '{}', DEFAULT, DEFAULT), ('27d28c73-d0c0-5545-a0d3-0f0fa8e1aca6', 'eda91f04-12ef-5904-88aa-e6ed9a692e03', 12, 'unlisted', 'Roaming Support Plan', '{"non laboris enim","id veniam","laboris laboris amet officia","consequat ea","officia fugiat sint cillum","commodo reprehenderit proident n","non","nulla tempor excepteur"}', DEFAULT, DEFAULT), ('bc0ae162-e51f-5f29-b5b0-87887eac9c85', 'd9bba68a-079c-5141-bd43-756b87167584', 17, 'unlisted', 'Secure Objective Playbook', '{"laborum labore magna laboris est","incididunt qui","pariatur aute fugiat","amet ipsum cupidatat","do id adipisicing laborum","magna sunt nisi irure","tempor","id eu"}', DEFAULT, DEFAULT), ('23cfe397-d97e-55bf-af72-35043f52d2bb', '91fa3874-9437-5dfa-a49a-f19fb38d9e92', 18, 'private', 'Objective Focused Strategy', '{"consequat duis reprehenderit sin","fugiat dolor","qui magna occaecat ad","Lorem magna consectetur","irure adipisicing","aliquip quis ea nisi culpa","cillum consequat excepteur qui"}', DEFAULT, DEFAULT), ('2135e4d6-4261-59ed-a63d-11a8a55ba0c0', 'eda91f04-12ef-5904-88aa-e6ed9a692e03', 15, 'unlisted', 'Wave Management Plan', '{}', DEFAULT, DEFAULT), ('32ca2e92-cee8-58b4-beec-0fd9742bf2df', 'a3141029-aec2-543b-b18a-49fe947e3304', 18, 'private', 'Counter Pick Blueprint', '{"voluptate ex labore","excepteur","duis laboris"}', DEFAULT, DEFAULT), ('69e335b1-cf42-5234-867f-fc3222ba0932', '2589cf16-4103-5a4f-b544-b30078083eaa', 17, 'public', 'Defensive Turtle Tactics', '{}', DEFAULT, DEFAULT), ('4addfd63-7007-5913-b0c6-95e35fe44af0', 'a3141029-aec2-543b-b18a-49fe947e3304', 15, 'unlisted', 'Defensive Turtle Tactics', '{"aliqua tempor sit aliqua","dolore sit","nisi occaecat occaecat culpa","id amet velit","excepteur ea occaecat veniam","est aute deserunt est","ex eiusmod sint consectetur"}', DEFAULT, DEFAULT), ('29e1da9c-3bfa-53c5-8780-7032cb48ed69', 'd297ab9e-40d4-51b5-bb8f-a1df399f1a9a', 18, 'private', 'Aggressive Rush Strategy', '{"eu","laborum aliquip elit","commodo est sit elit culpa","voluptate","sit veniam sit quis","exercitation sit laborum eu ex"}', DEFAULT, DEFAULT), ('0fe3263a-4b99-5049-afdd-8a29336988d1', 'e4de1a09-bd9a-5e42-b92c-2cb1af28bec6', 20, 'private', 'Defensive Turtle Tactics', '{"fugiat ullamco tempor excepteur","amet id dolore Lorem"}', DEFAULT, DEFAULT), ('de533318-8238-5b98-90fa-7923fbda78df', '549980e7-3e77-5d76-b263-84664d04b209', 13, 'public', 'Aggressive Rush Strategy', '{"magna est mollit elit"}', DEFAULT, DEFAULT), ('91b0fe2a-8d53-5dfa-804e-dadbd5fed2f0', '438bff0e-fd50-5c86-89ee-d397a0c0e548', 13, 'unlisted', 'Roaming Support Plan', '{"labore Lorem","reprehenderit occaecat et","irure laborum ut consectetur eni","ad exercitation exercitation aut","commodo consequat aliqua nostrud","est commodo elit duis","eu quis","nisi proident","duis excepteur"}', DEFAULT, DEFAULT), ('f2da91e9-e150-5eba-811a-769c8b464b2d', '438bff0e-fd50-5c86-89ee-d397a0c0e548', 17, 'private', 'Aggressive Rush Strategy', '{"deserunt in","aliqua elit","aliquip consequat eu nisi","commodo occaecat velit labore"}', DEFAULT, DEFAULT), ('830462ad-e07d-578c-9343-4c2f3f3f896d', 'd9bba68a-079c-5141-bd43-756b87167584', 11, 'public', 'Aggressive Rush Strategy', '{"eu sunt minim dolore dolor","aliquip aliquip","eu labore","sit ad commodo exercitation","ea aute","qui dolore pariatur veniam","officia enim voluptate","sunt mollit veniam qui ad","laboris enim"}', DEFAULT, DEFAULT), ('e4d512a0-9012-54c8-a0de-d2cfb46cc4e7', 'd9bba68a-079c-5141-bd43-756b87167584', 11, 'private', 'Gank Heavy Approach', '{"pariatur minim ullamco officia","laboris incididunt"}', DEFAULT, DEFAULT), ('8fc4ec28-bbda-57ff-86ae-02acc462e7a3', '1d3f740a-8c60-5c1d-aa9e-3854a33c8e1d', 12, 'unlisted', 'Split Push Blueprint', '{"amet aliquip","adipisicing deserunt","consequat"}', DEFAULT, DEFAULT), ('46cb3ac1-56db-5482-a77b-488299529f1c', 'cd7c291a-6d6e-5632-91e5-b7fd7a634d7d', 18, 'unlisted', 'Roaming Support Plan', '{"incididunt nisi qui proident","laboris quis adipisicing ad","tempor consequat dolor ea","sint minim anim mollit","ullamco exercitation cupidatat","elit non"}', DEFAULT, DEFAULT), ('ca6dab04-25c1-5208-bf77-9e5162704420', 'ac9f0e3e-b030-584f-a8dd-87355fe22537', 19, 'private', 'Wave Management Plan', '{"incididunt irure est"}', DEFAULT, DEFAULT), ('54485efb-a52b-5ef1-8d37-32b22dc487d0', '549980e7-3e77-5d76-b263-84664d04b209', 17, 'private', 'Defensive Turtle Tactics', '{"ex ea veniam labore","Lorem magna","exercitation consectetur enim vo","tempor proident"}', DEFAULT, DEFAULT), ('1fa8fec1-5ed8-5fb9-afc2-a5a8eea61a64', '6c52c1d9-13a4-51ef-ae51-1dacc4c14be9', 14, 'public', 'Gank Heavy Approach', '{"velit dolore","non amet nisi"}', DEFAULT, DEFAULT), ('21212b38-5327-5020-9dc6-3fca09a6128f', '2589cf16-4103-5a4f-b544-b30078083eaa', 15, 'unlisted', 'Baron Control Strategy', '{"nulla","cupidatat dolore est","commodo eu","eiusmod","veniam","est exercitation pariatur culpa","reprehenderit nostrud"}', DEFAULT, DEFAULT), ('b22cc198-1bf7-5cc9-b682-385ac5f11217', 'b5605791-3389-56c2-9ec6-17d538b9bb85', 12, 'unlisted', 'Map Control Blueprint', '{"aute in commodo minim quis","excepteur officia adipisicing","eiusmod et aliqua aliqua","in anim aliquip","dolor reprehenderit reprehenderi","nulla aliquip esse occaecat","enim mollit nostrud et id"}', DEFAULT, DEFAULT), ('07d77b7a-f8bb-53ab-8750-034a7dc2bcb0', '882c7ae5-914f-539d-8207-691de536097f', 18, 'unlisted', 'Defensive Turtle Tactics', '{"cillum id","nisi dolor veniam consectetur","dolore voluptate quis tempor non","reprehenderit elit duis sunt","reprehenderit consequat mollit s","mollit veniam elit anim sunt"}', DEFAULT, DEFAULT), ('f7f63dc3-d8b7-5f42-b802-636e4e3f43bb', 'cd7c291a-6d6e-5632-91e5-b7fd7a634d7d', 17, 'private', 'Split Push Blueprint', '{"ad ad aliquip","occaecat incididunt enim occaeca","dolore","ullamco aliqua velit exercitatio","et id","mollit fugiat aliquip quis"}', DEFAULT, DEFAULT), ('a1dd34cc-747e-59d2-bb04-592165ee24b7', 'b64d0217-6a7b-5682-8927-676434f72be9', 20, 'private', 'Late Game Scaling Strategy', '{"voluptate aute ut et","ea irure quis non","et minim","dolor Lorem","consequat pariatur culpa dolore","ea irure aliqua","et incididunt fugiat","officia cupidatat"}', DEFAULT, DEFAULT), ('b111722b-fdf4-55f7-a1ea-183bf540f7e3', 'd19db439-c7e7-53a7-aa19-0db346180dc1', 19, 'unlisted', 'Jungle Control Playbook', '{"minim pariatur","laboris nostrud proident duis","tempor eu duis consectetur aliqu","aliquip in nisi sint","commodo consectetur"}', DEFAULT, DEFAULT), ('de288e5e-33f8-5b49-9dad-83fa7d46ac0d', '8b7e423b-b9b9-5b3c-bf3d-1aa45d16235c', 17, 'private', 'Late Game Scaling Strategy', '{"Lorem nisi nostrud irure","do","enim aute sint","incididunt pariatur dolore et si"}', DEFAULT, DEFAULT), ('f1ab7f2e-7a01-59f1-b811-78e3b78b40bc', 'cd7c291a-6d6e-5632-91e5-b7fd7a634d7d', 18, 'private', 'Vision Denial Blueprint', '{"exercitation labore pariatur id "}', DEFAULT, DEFAULT), ('e0783de7-ca51-5f0a-a7ac-8dcd533efd10', 'd19db439-c7e7-53a7-aa19-0db346180dc1', 20, 'unlisted', 'Rotation Strategy Document', '{"eu exercitation labore sint","fugiat adipisicing do aute","dolore minim laborum id","ullamco","ullamco nisi voluptate pariatur","aliquip excepteur reprehenderit","fugiat Lorem nostrud"}', DEFAULT, DEFAULT), ('c3238b63-2dda-5915-8ca5-773255a1cfad', '8a0a556f-d942-55f0-8ba8-1ffbfaf3c6d9', 12, 'private', 'Defensive Turtle Tactics', '{"sint"}', DEFAULT, DEFAULT), ('7b1aca75-d87e-55c4-87f7-005fafbadfdb', 'a3141029-aec2-543b-b18a-49fe947e3304', 16, 'public', 'Wave Management Plan', '{"consectetur in","pariatur et nisi","et eiusmod ipsum velit","ullamco exercitation dolor","consequat sint reprehenderit cil","cillum minim","magna ullamco voluptate occaecat","sint id sit","mollit pariatur"}', DEFAULT, DEFAULT), ('106d238e-2ba4-525c-8d85-994f8dfb2984', 'a88bc9b9-135e-55c7-8c4c-5a072a3c8573', 15, 'unlisted', 'Gank Heavy Approach', '{"culpa anim"}', DEFAULT, DEFAULT), ('72f05d50-2802-535d-af55-29384395d238', 'd297ab9e-40d4-51b5-bb8f-a1df399f1a9a', 19, 'unlisted', 'Rotation Strategy Document', '{"enim nulla","ipsum dolore","dolore dolore qui aute","enim irure","cupidatat occaecat magna","do esse commodo nostrud"}', DEFAULT, DEFAULT), ('f914b2f3-d88a-52e4-ac43-1ef8cffb4d34', '2589cf16-4103-5a4f-b544-b30078083eaa', 19, 'public', 'Map Control Blueprint', '{"anim magna","ut eu magna voluptate adipisicin","occaecat qui ex","non eiusmod cupidatat excepteur","occaecat cupidatat id","exercitation Lorem do","cupidatat officia dolore excepte"}', DEFAULT, DEFAULT), ('c620930b-8f59-50ae-bf46-b1a3aca28f0a', '2589cf16-4103-5a4f-b544-b30078083eaa', 18, 'unlisted', 'Map Control Blueprint', '{"cupidatat consequat ad commodo","quis","quis in sunt sint","occaecat commodo ut","sunt dolore sunt","cillum pariatur ut","exercitation ipsum nisi","ullamco non"}', DEFAULT, DEFAULT), ('c78418ab-6a36-52f6-ad32-89289156138c', 'a5831e58-2fc9-5b59-970d-00c344a4eb18', 15, 'public', 'Vision Denial Blueprint', '{"consequat minim","cillum deserunt velit","veniam cupidatat aute proident e"}', DEFAULT, DEFAULT), ('ed7bef30-09b5-5167-a122-9b398a76eaef', 'b5605791-3389-56c2-9ec6-17d538b9bb85', 19, 'unlisted', 'Aggressive Rush Strategy', '{"sint laborum consequat sint veli","aliqua sunt reprehenderit ad ali","do est et velit ad","ut","id nisi in eiusmod tempor","pariatur ea cillum enim","exercitation Lorem reprehenderit"}', DEFAULT, DEFAULT), ('ecddf116-85cf-5aef-8c73-6e5963680c88', 'd1b8f3f8-af26-5088-8712-273c28ba98f7', 17, 'private', 'Roaming Support Plan', '{"ullamco","elit irure consectetur consectet","irure laborum anim voluptate"}', DEFAULT, DEFAULT), ('5bb46529-9916-530c-88e4-31ac6d441591', '91fa3874-9437-5dfa-a49a-f19fb38d9e92', 11, 'private', 'Late Game Scaling Strategy', '{"et irure","Lorem dolore","minim mollit sint","consectetur deserunt non ut","in","aute consequat fugiat incididunt","enim labore eu irure aute","laborum sit aliquip"}', DEFAULT, DEFAULT), ('8b092693-9a40-5f6a-a57b-3c3e9f5288f7', '756cbb59-27d6-58f3-b4b9-8b56121e683f', 17, 'private', 'Defensive Turtle Tactics', '{"consequat sunt officia","aute amet sint ea","sint minim","laborum proident excepteur qui","deserunt ipsum","duis qui","cillum sit sunt","officia sunt adipisicing","consequat aliqua","pariatur est adipisicing dolor"}', DEFAULT, DEFAULT), ('65d96d53-ecd8-5cb9-a3d4-a2842c9c629f', 'b5605791-3389-56c2-9ec6-17d538b9bb85', 13, 'private', 'Vision Denial Blueprint', '{"veniam adipisicing commodo","pariatur reprehenderit nulla ess","culpa","amet est cupidatat nisi id","laborum commodo fugiat","dolor consequat dolor","ipsum ea"}', DEFAULT, DEFAULT), ('672c681b-4325-56a5-8413-28facb838b89', '8b7e423b-b9b9-5b3c-bf3d-1aa45d16235c', 16, 'unlisted', 'Wave Management Plan', '{"ipsum Lorem cupidatat pariatur","nostrud labore deserunt fugiat","officia laborum anim"}', DEFAULT, DEFAULT), ('49d19d37-5ee3-59d0-a985-37b5b703ceb0', 'eda91f04-12ef-5904-88aa-e6ed9a692e03', 13, 'public', 'Team Fight Execution Plan', '{"irure esse ut","adipisicing","eu irure","consectetur ad veniam voluptate"}', DEFAULT, DEFAULT), ('66e9d7dd-018c-5299-8470-9f074683bd55', 'cfbfd1d4-e77f-57e5-94da-e9ff2cc7a996', 15, 'unlisted', 'Early Game Dominance Guide', '{"cillum dolor labore"}', DEFAULT, DEFAULT), ('d4a93045-0519-5ae2-8bd3-51a7d07f2b97', '756cbb59-27d6-58f3-b4b9-8b56121e683f', 11, 'private', 'Split Push Blueprint', '{"fugiat laboris","deserunt","consequat pariatur ipsum et","enim incididunt officia eiusmod ","ut labore aliqua","labore ex dolore sit sunt","cillum consequat","nisi","enim laboris aute ut"}', DEFAULT, DEFAULT), ('b5bd1f0b-0be5-592a-87b7-65db36f2fa17', 'e4de1a09-bd9a-5e42-b92c-2cb1af28bec6', 11, 'unlisted', 'Aggressive Rush Strategy', '{"amet magna laborum","ipsum commodo excepteur enim","ullamco adipisicing consequat am","dolor et elit ea","eu enim","eu incididunt"}', DEFAULT, DEFAULT), ('902168ab-57a5-5714-b589-ecf1bd6d2517', '6c52c1d9-13a4-51ef-ae51-1dacc4c14be9', 11, 'unlisted', 'Vision Control Blueprint', '{"cillum excepteur esse","non consequat","est eiusmod","veniam sit incididunt"}', DEFAULT, DEFAULT), ('8e1b1af0-d36a-5958-9b32-c8f59e8edaf9', 'eda91f04-12ef-5904-88aa-e6ed9a692e03', 14, 'private', 'Objective Focused Strategy', '{"eu adipisicing elit quis amet","in esse","ea culpa nostrud","qui","enim irure exercitation minim","pariatur aliquip","dolore cillum","consectetur fugiat et","duis sint et"}', DEFAULT, DEFAULT), ('9ca1e23a-7fd9-5be2-b14a-5f50a52fda0a', 'b5605791-3389-56c2-9ec6-17d538b9bb85', 11, 'private', 'Counter Pick Blueprint', '{"pariatur occaecat ut","consequat laborum culpa","velit ex ullamco do","aliqua laborum voluptate enim","elit amet pariatur","Lorem veniam qui eu et","cupidatat consequat"}', DEFAULT, DEFAULT), ('b458c0d2-4d21-597a-9d7c-522e47032d79', '1d3f740a-8c60-5c1d-aa9e-3854a33c8e1d', 15, 'unlisted', 'Siege Tactics Handbook', '{"veniam non dolor cillum","culpa enim","pariatur enim do laborum","pariatur","mollit proident eiusmod fugiat","in"}', DEFAULT, DEFAULT), ('aeae5590-e6d3-5c02-8a1c-40a6bcf61bd6', 'b5605791-3389-56c2-9ec6-17d538b9bb85', 13, 'private', 'Vision Control Blueprint', '{"non nostrud occaecat excepteur","anim nostrud","labore amet mollit","non officia consequat","ex deserunt","ullamco","ad excepteur cupidatat duis","pariatur incididunt ex velit sun","fugiat laboris"}', DEFAULT, DEFAULT), ('e62ff15d-b4e8-5f8b-b8c8-56d105c9d705', 'd19db439-c7e7-53a7-aa19-0db346180dc1', 18, 'private', 'Defensive Turtle Tactics', '{"ea"}', DEFAULT, DEFAULT), ('2650d5c8-a9d2-57ad-a70d-8c89cf994021', '2d1d7734-be70-5d07-a538-e76c6cae722e', 19, 'private', 'Vision Denial Blueprint', '{"commodo dolore","quis","officia magna ut magna culpa","consequat id ea ea","veniam","ut officia","tempor ex"}', DEFAULT, DEFAULT), ('57851dd8-0d7e-5b03-b70f-32940ae107ce', 'ac9f0e3e-b030-584f-a8dd-87355fe22537', 16, 'unlisted', 'Team Fight Execution Plan', '{"deserunt exercitation nostrud eu","duis irure eu magna"}', DEFAULT, DEFAULT), ('0bb88883-c32b-547d-bac2-9dcbf9437722', '2589cf16-4103-5a4f-b544-b30078083eaa', 14, 'unlisted', 'Vision Control Blueprint', '{"dolor non sit culpa","eu","esse Lorem deserunt","sunt aute velit","ipsum cillum commodo eu sit","duis eiusmod reprehenderit cupid"}', DEFAULT, DEFAULT), ('f2096d39-9bcd-5cc9-af38-3924bad39e01', '2589cf16-4103-5a4f-b544-b30078083eaa', 17, 'unlisted', 'Aggressive Rush Strategy', '{"nisi nisi commodo ad mollit","cillum aute","sit pariatur","eu veniam irure est officia","in","tempor"}', DEFAULT, DEFAULT), ('cdc85c53-30bc-5c6e-91cc-2af72696e64b', '6c52c1d9-13a4-51ef-ae51-1dacc4c14be9', 14, 'private', 'Objective Focused Strategy', '{"ea elit commodo","tempor do adipisicing eiusmod","est ullamco Lorem","consectetur aliquip","eu sunt sunt tempor dolore","duis tempor sunt culpa","eiusmod exercitation"}', DEFAULT, DEFAULT), ('a0fe813c-8a2e-57ff-8950-530eb72350cc', 'a88bc9b9-135e-55c7-8c4c-5a072a3c8573', 11, 'public', 'Aggressive Rush Strategy', '{"commodo commodo magna","officia","non eu aute laborum eiusmod","excepteur cupidatat incididunt"}', DEFAULT, DEFAULT), ('3dcb1c72-1f38-50a2-8a79-9f8b83862a0b', '1d3f740a-8c60-5c1d-aa9e-3854a33c8e1d', 20, 'public', 'Baron Control Strategy', '{"eu ea quis exercitation","reprehenderit labore tempor proi","pariatur minim quis","exercitation dolore quis quis"}', DEFAULT, DEFAULT), ('b529db67-e1b4-5e7d-9a32-267867bbcbad', 'ac9f0e3e-b030-584f-a8dd-87355fe22537', 11, 'public', 'Early Game Dominance Guide', '{"voluptate quis minim","voluptate sit cupidatat sunt","veniam aliqua nostrud aliquip","exercitation Lorem ex elit offic","velit","do","Lorem et","commodo occaecat do"}', DEFAULT, DEFAULT), ('89b21cb6-fbf3-585a-b9c1-304fad97258b', '9b1fc781-1e4e-56d2-bd68-0dc257a319c0', 12, 'unlisted', 'Vision Control Blueprint', '{"minim exercitation occaecat cupi","sint elit esse nostrud amet","ut ullamco","esse culpa","fugiat ullamco ullamco","ullamco est eu","aute veniam aute aliquip occaeca"}', DEFAULT, DEFAULT), ('8af27ce1-15c1-5703-a4c5-07ea669df0c7', '8a0a556f-d942-55f0-8ba8-1ffbfaf3c6d9', 14, 'public', 'Late Game Scaling Strategy', '{"exercitation occaecat et","ad duis","deserunt enim"}', DEFAULT, DEFAULT), ('e9960db1-b450-5d20-820c-87fab4f40dc8', 'd297ab9e-40d4-51b5-bb8f-a1df399f1a9a', 20, 'private', 'Vision Control Blueprint', '{"exercitation cillum enim magna","duis anim ut","incididunt","Lorem reprehenderit laboris ex i","pariatur ad Lorem amet","consectetur ipsum","ea occaecat laboris aute ad","reprehenderit eu sunt ea aute"}', DEFAULT, DEFAULT), ('2dd10f1f-4836-53b2-b2b6-ae71861e43d0', '9b1fc781-1e4e-56d2-bd68-0dc257a319c0', 18, 'private', 'Roaming Support Plan', '{"Lorem enim sunt sunt laborum"}', DEFAULT, DEFAULT), ('09d4e842-df61-577d-8d06-00daf3b676e2', 'd297ab9e-40d4-51b5-bb8f-a1df399f1a9a', 13, 'unlisted', 'Early Game Dominance Guide', '{"commodo","dolore velit minim excepteur","commodo laboris anim laborum","aute nostrud magna","nostrud exercitation et","esse nulla","tempor duis ad","sint aliqua aute"}', DEFAULT, DEFAULT), ('6fe4789e-9a02-5c94-8c81-5bb4cffd7850', 'b32027db-33da-5dc2-b906-e0c2a06ac683', 13, 'public', 'Siege Tactics Handbook', '{"qui ad nisi cupidatat","mollit pariatur consectetur","commodo mollit officia","Lorem eiusmod irure exercitation","irure velit eiusmod adipisicing"}', DEFAULT, DEFAULT), ('62834a20-27ac-5894-8947-a4e2ffb67f5b', 'd19db439-c7e7-53a7-aa19-0db346180dc1', 16, 'unlisted', 'Rotation Strategy Document', '{"nisi tempor","incididunt eu eu qui","adipisicing nisi enim proident","id minim duis adipisicing labori","sunt nisi ex dolor"}', DEFAULT, DEFAULT), ('ce25e6d7-50b4-50c3-8210-685ee22346f3', 'b7a89d05-549f-565f-b631-b59097e91d1a', 11, 'unlisted', 'Gank Heavy Approach', '{"cillum mollit excepteur proident","ullamco ipsum labore","ut consequat in occaecat","ut aute","non cillum","eiusmod et sint sint","exercitation","voluptate veniam eiusmod laboris","cillum"}', DEFAULT, DEFAULT), ('a4e4a518-fb32-53bf-9d1c-f336f8cd8c45', '1d3f740a-8c60-5c1d-aa9e-3854a33c8e1d', 17, 'public', 'Late Game Scaling Strategy', '{"pariatur adipisicing ad nisi","laboris elit occaecat dolor","sunt proident","elit deserunt","consequat","voluptate in dolore tempor offic","fugiat do sunt sunt","quis cupidatat"}', DEFAULT, DEFAULT), ('d5862a76-70cd-55db-a302-365d7ec101f5', '2589cf16-4103-5a4f-b544-b30078083eaa', 20, 'public', 'Wave Management Plan', '{}', DEFAULT, DEFAULT), ('fff5567f-d4a5-542e-ba70-1119521ca0cb', '9b1fc781-1e4e-56d2-bd68-0dc257a319c0', 17, 'public', 'Defensive Turtle Tactics', '{"ipsum est magna eu","ullamco","esse cupidatat est excepteur","consectetur mollit duis aliqua d","ullamco aliqua","cupidatat est"}', DEFAULT, DEFAULT), ('48abaf7b-d65e-5371-8d5f-1be4621911e6', 'f4b5542b-ba61-519e-a8d2-5793282ad487', 11, 'unlisted', 'Baron Control Strategy', '{"aute aute","consectetur consectetur exercita","nulla eiusmod veniam occaecat"}', DEFAULT, DEFAULT), ('05b8ebd6-06e1-5ce6-85d9-1fda124d11b0', 'a5831e58-2fc9-5b59-970d-00c344a4eb18', 13, 'unlisted', 'Objective Focused Strategy', '{"excepteur ex","non nulla est","sit dolor magna eiusmod","ad dolore","ullamco irure pariatur","irure cillum pariatur deserunt","occaecat ipsum"}', DEFAULT, DEFAULT), ('be5a4c70-a4ff-57c0-8c2c-437a6d77f25c', '2589cf16-4103-5a4f-b544-b30078083eaa', 20, 'public', 'Vision Denial Blueprint', '{}', DEFAULT, DEFAULT), ('e6ff83af-5ec2-537d-b04b-784bd77a5871', 'd297ab9e-40d4-51b5-bb8f-a1df399f1a9a', 14, 'private', 'Split Push Blueprint', '{"sit esse"}', DEFAULT, DEFAULT), ('dc9bffb4-1647-5c5d-8c1f-d89500e89900', 'a88bc9b9-135e-55c7-8c4c-5a072a3c8573', 12, 'unlisted', 'Defensive Turtle Tactics', '{"minim","magna amet eu minim","culpa nulla exercitation mollit","in exercitation Lorem commodo","ea laborum fugiat culpa cupidata","non non laborum ad"}', DEFAULT, DEFAULT), ('ec767a01-17bb-518c-9633-78ebc8caded3', 'f4b5542b-ba61-519e-a8d2-5793282ad487', 16, 'private', 'Baron Control Strategy', '{"enim","sit reprehenderit","incididunt voluptate irure aliqu","et fugiat in sunt","deserunt consectetur sit incidid"}', DEFAULT, DEFAULT), ('6c642b40-bb15-55fa-9319-9c100d27adc7', '91fa3874-9437-5dfa-a49a-f19fb38d9e92', 19, 'private', 'Vision Denial Blueprint', '{"occaecat amet","ut irure culpa nostrud","mollit cillum et consectetur","ullamco","elit irure","dolor ex magna occaecat","nulla do"}', DEFAULT, DEFAULT), ('197f52e9-f9b3-54a3-a900-9ddcd2cd98d5', '98eaafd3-adbf-5a3e-adb9-b3fb6971b6f1', 13, 'unlisted', 'Vision Control Blueprint', '{"est dolore ut non","occaecat cupidatat elit irure","esse labore voluptate pariatur e","magna mollit","sint excepteur in","eu"}', DEFAULT, DEFAULT), ('b239ffdb-847f-5400-b1f9-97e186ea36bc', '6c52c1d9-13a4-51ef-ae51-1dacc4c14be9', 11, 'private', 'Wave Management Plan', '{"elit eu","occaecat et nostrud"}', DEFAULT, DEFAULT), ('c3124970-b58c-5748-8a01-4ba1d7466b2b', 'a88bc9b9-135e-55c7-8c4c-5a072a3c8573', 20, 'unlisted', 'Objective Focused Strategy', '{"est ut commodo enim veniam","sint nostrud","magna id non","sit commodo","cupidatat enim"}', DEFAULT, DEFAULT), ('2fbdef88-7d4a-5528-bb59-74f725709563', 'cd7c291a-6d6e-5632-91e5-b7fd7a634d7d', 13, 'private', 'Map Control Blueprint', '{"ad commodo dolor","consequat pariatur et"}', DEFAULT, DEFAULT), ('a03637de-3a86-5f2c-a9a1-71bb222f301f', 'd9bba68a-079c-5141-bd43-756b87167584', 15, 'private', 'Aggressive Rush Strategy', '{"aute tempor culpa","nostrud amet","eu consectetur voluptate aliqua","laboris","cupidatat ex exercitation proide","ut excepteur eiusmod"}', DEFAULT, DEFAULT), ('536d5b0c-dc7c-598f-8fa0-b21c4cd85d48', '9bf2ad50-cccb-50eb-8269-3a7e78bd21f5', 16, 'unlisted', 'Counter Pick Blueprint', '{"incididunt consectetur","duis anim fugiat excepteur enim","nisi est","in exercitation elit sunt"}', DEFAULT, DEFAULT), ('f04b6b4b-d5ea-517f-8a7d-71713980487c', 'd1b8f3f8-af26-5088-8712-273c28ba98f7', 19, 'unlisted', 'Rotation Strategy Document', '{"proident dolore","Lorem"}', DEFAULT, DEFAULT), ('363e1d5b-f7b0-5ee0-a43a-f471f9cf9338', 'b7a89d05-549f-565f-b631-b59097e91d1a', 12, 'private', 'Late Game Scaling Strategy', '{"mollit excepteur duis","dolor ad aliqua qui amet","anim mollit id","excepteur minim incididunt sunt ","officia tempor qui adipisicing"}', DEFAULT, DEFAULT), ('edcc2203-6787-52aa-bc0b-a6dcc59388be', '3ff60d7a-a4ad-54c5-a422-53b52cd53093', 15, 'public', 'Vision Control Blueprint', '{"elit aliqua adipisicing reprehen","veniam dolore","deserunt ad voluptate eu"}', DEFAULT, DEFAULT), ('474b1c92-271b-5e78-878e-3e82398a6e7c', '8a0a556f-d942-55f0-8ba8-1ffbfaf3c6d9', 12, 'unlisted', 'Jungle Control Playbook', '{"ullamco","non ex","cillum sit laboris","anim fugiat laboris tempor","minim ad laboris Lorem","pariatur est"}', DEFAULT, DEFAULT), ('8997d96a-4a2f-5fcd-a0a2-88e875f8bba7', '756cbb59-27d6-58f3-b4b9-8b56121e683f', 14, 'unlisted', 'Split Push Blueprint', '{}', DEFAULT, DEFAULT), ('f61f0c83-60cb-5fa8-a27a-67e606b63adb', '2589cf16-4103-5a4f-b544-b30078083eaa', 16, 'private', 'Defensive Turtle Tactics', '{}', DEFAULT, DEFAULT), ('30d213ab-4615-5d8b-abee-5b4875c8bfdf', '2589cf16-4103-5a4f-b544-b30078083eaa', 12, 'private', 'Roaming Support Plan', '{"ullamco et","sint culpa nisi et","enim sit sint amet","elit non anim"}', DEFAULT, DEFAULT), ('7d042aff-1b5b-531f-917f-48f2d58d33c7', '6c52c1d9-13a4-51ef-ae51-1dacc4c14be9', 16, 'private', 'Team Fight Execution Plan', '{"nisi","duis fugiat irure","nostrud mollit esse aliquip"}', DEFAULT, DEFAULT), ('30e1e77d-2bcf-5591-97ec-d99bd552d8f0', '1e7e0bcb-4fc0-5d72-81a5-d67a74a13595', 12, 'public', 'Vision Denial Blueprint', '{"duis fugiat","nostrud pariatur commodo"}', DEFAULT, DEFAULT), ('d53a4a7c-125e-52cd-8ba3-aa3916f71140', '2d1d7734-be70-5d07-a538-e76c6cae722e', 12, 'unlisted', 'Vision Control Blueprint', '{"anim quis"}', DEFAULT, DEFAULT), ('47f797b2-50c1-56af-abe6-0081dabe5efd', '549980e7-3e77-5d76-b263-84664d04b209', 17, 'private', 'Counter Pick Blueprint', '{"minim aliqua pariatur","pariatur culpa nisi dolore","dolore","mollit nostrud nostrud et","et sit ad duis"}', DEFAULT, DEFAULT), ('3ebbec39-d360-5461-b442-70abf723c8b8', 'b32027db-33da-5dc2-b906-e0c2a06ac683', 14, 'private', 'Aggressive Rush Strategy', '{"proident magna","ex et nulla anim","ea","nisi deserunt est velit"}', DEFAULT, DEFAULT), ('3821efb6-356e-53bd-8a0b-239426475be5', 'f4b5542b-ba61-519e-a8d2-5793282ad487', 13, 'public', 'Siege Tactics Handbook', '{"pariatur est enim ut","fugiat id reprehenderit","reprehenderit tempor ea incididu","duis","occaecat","laboris","cupidatat ut","adipisicing nisi ad"}', DEFAULT, DEFAULT), ('f62571e6-585e-5709-b04e-861b7f3db2d2', 'd297ab9e-40d4-51b5-bb8f-a1df399f1a9a', 12, 'public', 'Roaming Support Plan', '{"non anim pariatur excepteur","mollit labore","enim adipisicing eu","adipisicing incididunt labore","esse","voluptate in ea","Lorem duis exercitation incididu","velit incididunt","excepteur labore","ipsum amet commodo nulla nulla"}', DEFAULT, DEFAULT), ('f706ef0d-b4c8-54ee-ba4a-8f6af14717f8', 'f4b5542b-ba61-519e-a8d2-5793282ad487', 12, 'unlisted', 'Counter Pick Blueprint', '{"consequat labore","quis non in laboris"}', DEFAULT, DEFAULT), ('da6a602b-9dc0-5e13-87e9-323f368838a2', '8b7e423b-b9b9-5b3c-bf3d-1aa45d16235c', 20, 'unlisted', 'Gank Heavy Approach', '{"reprehenderit excepteur","nulla consectetur","dolore fugiat deserunt esse comm","aliqua","duis","tempor ipsum","tempor dolore","ut reprehenderit","minim non"}', DEFAULT, DEFAULT), ('ae022a2e-97fe-53d7-ace2-f700a65995e2', '9bf2ad50-cccb-50eb-8269-3a7e78bd21f5', 19, 'unlisted', 'Jungle Control Playbook', '{"tempor","consectetur laboris"}', DEFAULT, DEFAULT), ('7f27719e-c551-5cfa-ab24-3e6a917bc77f', 'd1b8f3f8-af26-5088-8712-273c28ba98f7', 16, 'public', 'Vision Control Blueprint', '{"id laborum consectetur in","nisi tempor labore non"}', DEFAULT, DEFAULT), ('a7afe8c7-8469-5a59-9246-cc18b3ce4b7b', 'cd7c291a-6d6e-5632-91e5-b7fd7a634d7d', 13, 'private', 'Baron Control Strategy', '{"sunt do","enim","ut aliquip","nulla proident"}', DEFAULT, DEFAULT), ('8111ec5f-e01a-5ad1-b89a-b7a64419e202', 'cd7c291a-6d6e-5632-91e5-b7fd7a634d7d', 19, 'public', 'Vision Denial Blueprint', '{}', DEFAULT, DEFAULT), ('af41c136-c26c-5e1c-81f1-2d9f923ca606', 'b64d0217-6a7b-5682-8927-676434f72be9', 16, 'public', 'Aggressive Rush Strategy', '{"labore sit ullamco"}', DEFAULT, DEFAULT), ('7594efe5-aff1-5874-a5ed-4a9edc7b66bf', '91fa3874-9437-5dfa-a49a-f19fb38d9e92', 17, 'unlisted', 'Defensive Turtle Tactics', '{"esse"}', DEFAULT, DEFAULT), ('ee2f9514-a689-5e06-84f0-7f27b56a3774', 'b5605791-3389-56c2-9ec6-17d538b9bb85', 20, 'private', 'Aggressive Rush Strategy', '{"pariatur cillum","culpa voluptate","elit ea occaecat elit cupidatat","officia culpa pariatur eiusmod","ut esse consequat quis","laborum","laborum ex in proident","aliquip laboris Lorem proident n","cillum enim"}', DEFAULT, DEFAULT), ('59ac239c-144e-5ca7-b3e8-b97418726740', '1d3f740a-8c60-5c1d-aa9e-3854a33c8e1d', 13, 'unlisted', 'Early Game Dominance Guide', '{"pariatur eu exercitation ipsum"}', DEFAULT, DEFAULT), ('7992b22f-6c16-50ae-ae54-fd84bedb78e7', '2589cf16-4103-5a4f-b544-b30078083eaa', 14, 'public', 'Jungle Control Playbook', '{"exercitation aliquip amet ea sit","culpa adipisicing elit consequat","velit occaecat cupidatat qui","id","culpa laboris","esse","officia est nisi mollit"}', DEFAULT, DEFAULT), ('eeb6a56c-bf20-5164-a9c4-2438947a1635', '1e7e0bcb-4fc0-5d72-81a5-d67a74a13595', 11, 'public', 'Split Push Blueprint', '{"proident cupidatat ipsum dolor","esse et","culpa","in culpa","elit commodo minim nostrud proid","eu","deserunt et","ad","sint exercitation id nostrud"}', DEFAULT, DEFAULT), ('ba263b84-62af-5be6-a1da-34f8a9b1c708', '3ff60d7a-a4ad-54c5-a422-53b52cd53093', 18, 'public', 'Team Fight Execution Plan', '{"nulla ullamco irure","est pariatur","sit cupidatat","aliquip"}', DEFAULT, DEFAULT), ('0eda511d-00fb-5edd-a94c-61620ced28e5', '549980e7-3e77-5d76-b263-84664d04b209', 13, 'private', 'Defensive Turtle Tactics', '{"cillum consequat"}', DEFAULT, DEFAULT), ('4a82ca5f-1296-51b0-9319-05459a439c92', '1d3f740a-8c60-5c1d-aa9e-3854a33c8e1d', 19, 'unlisted', 'Team Fight Execution Plan', '{"et aliqua reprehenderit aute"}', DEFAULT, DEFAULT), ('230e6990-91f4-5dc7-b6bc-229a44985e25', 'ac9f0e3e-b030-584f-a8dd-87355fe22537', 12, 'private', 'Gank Heavy Approach', '{"consectetur veniam","aliqua duis ut et","in","reprehenderit ex aliquip pariatu","cillum aute","mollit labore nulla anim","Lorem voluptate","dolor irure tempor irure"}', DEFAULT, DEFAULT), ('01a97da4-f21e-511b-9160-a834d5d7f82e', 'a5831e58-2fc9-5b59-970d-00c344a4eb18', 13, 'unlisted', 'Split Push Blueprint', '{"exercitation laborum esse","adipisicing","exercitation tempor ad ex","nulla occaecat sunt dolor"}', DEFAULT, DEFAULT), ('1c5613fb-a627-5391-a9ff-0cc49d9b395b', '9b1fc781-1e4e-56d2-bd68-0dc257a319c0', 16, 'unlisted', 'Early Game Dominance Guide', '{"reprehenderit","id","commodo culpa consequat commodo","elit incididunt","in nulla","incididunt"}', DEFAULT, DEFAULT), ('69b55afa-a769-5eae-849b-0607118f6f38', 'a5831e58-2fc9-5b59-970d-00c344a4eb18', 17, 'public', 'Aggressive Rush Strategy', '{"excepteur do anim et","exercitation nostrud incididunt ","proident aute culpa","ut minim quis qui aliquip","enim anim et","nisi","qui id ex dolor","id duis voluptate minim"}', DEFAULT, DEFAULT), ('5653d3f7-e466-5b59-9cc7-02634d975655', '438bff0e-fd50-5c86-89ee-d397a0c0e548', 20, 'unlisted', 'Wave Management Plan', '{"exercitation aliquip consectetur","exercitation","aute duis anim tempor","amet dolore","proident consequat tempor","non dolore ullamco","eiusmod aute ullamco","tempor","dolor do aute","magna amet tempor esse"}', DEFAULT, DEFAULT), ('11917a47-b89e-5663-8d37-049fe2bf5b34', 'eda91f04-12ef-5904-88aa-e6ed9a692e03', 12, 'unlisted', 'Late Game Scaling Strategy', '{}', DEFAULT, DEFAULT), ('c68ff46b-b1a9-581e-aa43-737e3b976580', '549980e7-3e77-5d76-b263-84664d04b209', 13, 'unlisted', 'Objective Focused Strategy', '{"veniam","cupidatat proident"}', DEFAULT, DEFAULT), ('e8d13e33-32bc-5c1a-9371-8f828965d869', 'ac9f0e3e-b030-584f-a8dd-87355fe22537', 16, 'public', 'Early Game Dominance Guide', '{"velit sunt ullamco nostrud culpa","ea velit","ipsum veniam aute","ut"}', DEFAULT, DEFAULT), ('79cca71d-1dd7-5b78-9e31-229bb9872504', 'd19db439-c7e7-53a7-aa19-0db346180dc1', 14, 'public', 'Wave Management Plan', '{"qui","laborum"}', DEFAULT, DEFAULT), ('cdf1b1e3-61cd-52e6-b86e-eec98ea71e23', '882c7ae5-914f-539d-8207-691de536097f', 18, 'private', 'Siege Tactics Handbook', '{"cillum voluptate fugiat esse tem","ut excepteur","veniam enim Lorem voluptate","officia","deserunt"}', DEFAULT, DEFAULT), ('98ea8abd-4f3f-5750-b436-afb8aa79fb82', 'a88bc9b9-135e-55c7-8c4c-5a072a3c8573', 17, 'private', 'Wave Management Plan', '{"excepteur quis ut proident"}', DEFAULT, DEFAULT), ('bc227bd7-3214-5075-bca0-3f60046ac216', 'b7a89d05-549f-565f-b631-b59097e91d1a', 14, 'unlisted', 'Map Control Blueprint', '{"aliquip nisi duis quis"}', DEFAULT, DEFAULT), ('8fd84214-96a6-5d6c-8437-0646145f15a1', 'f4b5542b-ba61-519e-a8d2-5793282ad487', 14, 'unlisted', 'Split Push Blueprint', '{"ullamco tempor occaecat","cillum minim do"}', DEFAULT, DEFAULT), ('7b269807-4fdc-5847-8a5c-807ffa02f953', '1e7e0bcb-4fc0-5d72-81a5-d67a74a13595', 20, 'public', 'Aggressive Rush Strategy', '{"ut enim elit consequat"}', DEFAULT, DEFAULT), ('cf8258c4-f278-5c75-a944-c2bcba526ad4', 'a88bc9b9-135e-55c7-8c4c-5a072a3c8573', 19, 'private', 'Objective Focused Strategy', '{"exercitation nostrud sunt","laborum commodo","do ipsum irure tempor","cupidatat dolor do amet nulla","quis enim sunt duis mollit","nostrud pariatur","sunt amet veniam exercitation ve"}', DEFAULT, DEFAULT), ('2e51b4b0-68ac-5e21-94a2-b7afb1b16016', '438bff0e-fd50-5c86-89ee-d397a0c0e548', 13, 'unlisted', 'Objective Focused Strategy', '{"est labore consectetur veniam et","duis irure culpa proident qui","eiusmod veniam voluptate","qui voluptate incididunt pariatu","enim magna deserunt","nisi tempor adipisicing"}', DEFAULT, DEFAULT), ('6e9d8d45-1d4b-5cdd-92c5-76194015ba99', 'a3141029-aec2-543b-b18a-49fe947e3304', 20, 'unlisted', 'Team Fight Execution Plan', '{"ipsum labore labore eiusmod","excepteur occaecat do tempor"}', DEFAULT, DEFAULT), ('fac7e894-3f38-5663-bc98-486c88732ea4', '756cbb59-27d6-58f3-b4b9-8b56121e683f', 19, 'public', 'Objective Focused Strategy', '{"non","nulla elit ut","nulla consectetur officia volupt","incididunt fugiat","elit culpa qui"}', DEFAULT, DEFAULT), ('7d360079-2c18-5c6d-a1b8-85eb411ace3d', '9bf2ad50-cccb-50eb-8269-3a7e78bd21f5', 18, 'unlisted', 'Aggressive Rush Strategy', '{"consectetur id","laborum laborum nostrud veniam","laboris ad","aliqua ex id deserunt"}', DEFAULT, DEFAULT), ('be194c18-6eee-5ff6-a117-608bade8a86e', '1d3f740a-8c60-5c1d-aa9e-3854a33c8e1d', 17, 'private', 'Vision Control Blueprint', '{"culpa quis eu est","ut sit quis incididunt","nisi labore","tempor consectetur","ut irure commodo"}', DEFAULT, DEFAULT), ('74297878-a21d-59b7-aced-265d4a9f30fa', '91434b27-2651-5429-8f42-45c3f8e334a0', 20, 'public', 'Gank Heavy Approach', '{"duis veniam incididunt irure","nisi nulla incididunt nulla","in veniam","ad commodo ut cupidatat reprehen","eu enim","cillum tempor labore nisi exerci","enim voluptate incididunt","culpa elit qui velit","tempor magna"}', DEFAULT, DEFAULT), ('a0c5fdb3-1581-541b-b560-7473e0935643', '549980e7-3e77-5d76-b263-84664d04b209', 12, 'unlisted', 'Jungle Control Playbook', '{"ea cillum","ex laborum mollit"}', DEFAULT, DEFAULT), ('5bf01130-69dd-5547-acc0-717bf1395fda', 'a3141029-aec2-543b-b18a-49fe947e3304', 20, 'unlisted', 'Vision Control Blueprint', '{"consectetur quis in","mollit ipsum ex velit laborum","ad sint dolor ullamco et","exercitation aliqua adipisicing","qui voluptate mollit magna duis"}', DEFAULT, DEFAULT), ('1e052062-4999-589c-af48-bc4a3df69d05', 'b7a89d05-549f-565f-b631-b59097e91d1a', 18, 'private', 'Secure Objective Playbook', '{"dolor eiusmod","adipisicing commodo quis dolore","laborum qui labore","consequat sunt deserunt"}', DEFAULT, DEFAULT), ('38b49ca8-b50c-5e98-af9e-9c3898d28f8f', '1d3f740a-8c60-5c1d-aa9e-3854a33c8e1d', 19, 'private', 'Aggressive Rush Strategy', '{"amet","anim","nostrud culpa elit consectetur o","officia anim duis","ipsum reprehenderit deserunt","ad ipsum cillum"}', DEFAULT, DEFAULT), ('9b261f2f-f0b0-57c3-9c3a-156a89bfc9aa', '9bf2ad50-cccb-50eb-8269-3a7e78bd21f5', 17, 'unlisted', 'Secure Objective Playbook', '{"ullamco","occaecat aute","non sunt ullamco irure eiusmod","magna veniam nulla officia","incididunt in","ipsum in nulla","in reprehenderit","pariatur incididunt nostrud","nulla magna officia labore","occaecat do"}', DEFAULT, DEFAULT), ('2d9d0644-e0d8-5f5d-84c2-071cd2c099ce', '6c52c1d9-13a4-51ef-ae51-1dacc4c14be9', 11, 'public', 'Defensive Turtle Tactics', '{"incididunt culpa"}', DEFAULT, DEFAULT), ('b8c7a039-d039-57f7-bd1e-253b05ef8c03', 'f4b5542b-ba61-519e-a8d2-5793282ad487', 12, 'private', 'Vision Denial Blueprint', '{"sint sint sunt","enim aliqua aute nulla","mollit","eu non nulla sunt eiusmod","reprehenderit consequat id offic","sit labore non Lorem","nostrud incididunt tempor","incididunt esse velit","aliqua Lorem in"}', DEFAULT, DEFAULT), ('110d19c8-9e0d-5f75-a721-b94eb9080526', 'a3141029-aec2-543b-b18a-49fe947e3304', 12, 'private', 'Objective Focused Strategy', '{"ipsum sunt nisi","commodo commodo","tempor ex fugiat ut","aute"}', DEFAULT, DEFAULT), ('09923517-e55a-5deb-98cb-d64b27c0ab72', '882c7ae5-914f-539d-8207-691de536097f', 19, 'unlisted', 'Baron Control Strategy', '{"do","incididunt voluptate laborum","do mollit minim","eu","sit minim officia aute","ullamco ea","sunt aliquip proident proident","enim dolor veniam nulla tempor","culpa nisi tempor in elit"}', DEFAULT, DEFAULT), ('e5bd85d5-1f62-5598-9176-4bfd393badbe', '91434b27-2651-5429-8f42-45c3f8e334a0', 14, 'public', 'Vision Denial Blueprint', '{"nulla","do sunt quis officia in"}', DEFAULT, DEFAULT), ('e8eb7547-d359-5d88-afb0-cca98349d023', 'a5831e58-2fc9-5b59-970d-00c344a4eb18', 18, 'public', 'Counter Pick Blueprint', '{"ex Lorem eu nisi laborum"}', DEFAULT, DEFAULT), ('0e4135c9-4c74-5717-9ee1-cbbb37873838', 'ac9f0e3e-b030-584f-a8dd-87355fe22537', 20, 'public', 'Team Fight Execution Plan', '{"duis qui","tempor ad enim nostrud eiusmod","dolore occaecat do","et aute minim","do sunt ex do anim","elit do tempor","tempor non anim","Lorem labore"}', DEFAULT, DEFAULT), ('eb9d24ec-f15e-5e4f-870e-dd537efcd168', 'e4de1a09-bd9a-5e42-b92c-2cb1af28bec6', 11, 'private', 'Counter Pick Blueprint', '{"sunt ut qui aliqua","duis magna occaecat irure","aliquip id culpa","veniam in exercitation","est consequat","commodo non minim","elit esse excepteur aute","nisi sunt aliqua","eiusmod reprehenderit velit"}', DEFAULT, DEFAULT), ('688a2e3c-848e-5787-bd83-705a15229924', 'eda91f04-12ef-5904-88aa-e6ed9a692e03', 13, 'unlisted', 'Counter Pick Blueprint', '{"mollit","consequat non in do","dolore qui consectetur","laboris esse sunt sunt","occaecat duis aliqua ex tempor","et nisi","aliquip magna","nisi et amet","eiusmod velit sit"}', DEFAULT, DEFAULT), ('a042a037-2e40-50ce-ae48-3f063c3067bb', '9b1fc781-1e4e-56d2-bd68-0dc257a319c0', 18, 'unlisted', 'Roaming Support Plan', '{"dolor mollit fugiat Lorem enim","exercitation eiusmod et","elit in"}', DEFAULT, DEFAULT), ('cb4eaa5a-1f18-571e-9566-4c1753ad9134', '882c7ae5-914f-539d-8207-691de536097f', 14, 'private', 'Vision Control Blueprint', '{"in excepteur qui pariatur","incididunt","irure adipisicing","aliquip do enim excepteur labore"}', DEFAULT, DEFAULT), ('2076216c-1b19-5f7f-b10d-db3cae2b4567', 'b7a89d05-549f-565f-b631-b59097e91d1a', 14, 'private', 'Defensive Turtle Tactics', '{"ad esse"}', DEFAULT, DEFAULT), ('a0bd7980-cac4-5ded-adc5-004548282723', '9b1fc781-1e4e-56d2-bd68-0dc257a319c0', 12, 'unlisted', 'Vision Control Blueprint', '{"in cillum enim","eiusmod cupidatat sint ad","Lorem"}', DEFAULT, DEFAULT), ('e94657cc-5d4a-53ce-8902-19b99712c3c6', '882c7ae5-914f-539d-8207-691de536097f', 12, 'unlisted', 'Vision Control Blueprint', '{"amet","laborum deserunt culpa mollit","quis nisi","nostrud anim cillum eiusmod ea","Lorem aute","Lorem dolor","aute quis proident cupidatat des","aliqua pariatur consectetur eius"}', DEFAULT, DEFAULT), ('cdee6d23-791e-5a74-aba4-6e6c1b3863e7', 'd19db439-c7e7-53a7-aa19-0db346180dc1', 14, 'unlisted', 'Baron Control Strategy', '{"tempor fugiat non velit","nisi reprehenderit et amet","culpa pariatur fugiat irure culp","magna"}', DEFAULT, DEFAULT), ('d5a4641d-8cbb-5fd0-89e3-ac12979b690c', 'd297ab9e-40d4-51b5-bb8f-a1df399f1a9a', 14, 'unlisted', 'Secure Objective Playbook', '{"voluptate","ut aliqua veniam","elit","aliquip duis","exercitation incididunt non qui"}', DEFAULT, DEFAULT), ('ab58f5b2-4308-5685-a477-a4b54637b2a0', 'cfbfd1d4-e77f-57e5-94da-e9ff2cc7a996', 11, 'unlisted', 'Roaming Support Plan', '{"mollit","cillum","anim reprehenderit fugiat","proident","elit aute sit","cillum aute"}', DEFAULT, DEFAULT), ('025da8e7-6d47-53be-9689-b0604284733b', 'b32027db-33da-5dc2-b906-e0c2a06ac683', 18, 'unlisted', 'Gank Heavy Approach', '{}', DEFAULT, DEFAULT), ('cfc01e92-0e9c-5f58-b116-ac73af2ff344', 'a88bc9b9-135e-55c7-8c4c-5a072a3c8573', 19, 'private', 'Baron Control Strategy', '{"tempor excepteur","qui eu ex","et","mollit magna proident","fugiat qui occaecat","voluptate exercitation dolor","non nisi cillum duis anim","duis aute proident qui nisi"}', DEFAULT, DEFAULT), ('6c7a0737-5d09-56f1-9a60-9ca811b68d40', 'd1b8f3f8-af26-5088-8712-273c28ba98f7', 16, 'public', 'Late Game Scaling Strategy', '{"reprehenderit nulla ipsum consec","dolor","veniam elit consectetur labore","pariatur culpa sit consequat","sunt minim fugiat","quis sit magna","id exercitation"}', DEFAULT, DEFAULT), ('b74b781d-f3ca-5ce2-a262-c20f23455d05', 'd1b8f3f8-af26-5088-8712-273c28ba98f7', 11, 'private', 'Team Fight Execution Plan', '{"voluptate cillum"}', DEFAULT, DEFAULT), ('ae76c1cf-66c9-5bf7-8fc8-d1e1260ab8bd', '9bf2ad50-cccb-50eb-8269-3a7e78bd21f5', 14, 'public', 'Jungle Control Playbook', '{"cillum laborum nisi"}', DEFAULT, DEFAULT), ('3267d96d-4a33-5c13-9ef8-eb9652f76262', 'b32027db-33da-5dc2-b906-e0c2a06ac683', 15, 'public', 'Late Game Scaling Strategy', '{"id ea"}', DEFAULT, DEFAULT), ('272ce823-3f81-5671-93a8-93655178aa67', 'd1b8f3f8-af26-5088-8712-273c28ba98f7', 19, 'unlisted', 'Counter Pick Blueprint', '{}', DEFAULT, DEFAULT), ('0cd365ac-6479-5889-b532-b02ce5d93b9f', '91fa3874-9437-5dfa-a49a-f19fb38d9e92', 11, 'unlisted', 'Wave Management Plan', '{"non magna veniam","reprehenderit laborum ex","aute consequat","commodo et nulla veniam","duis ut reprehenderit","dolore ex ea","nisi officia","non nostrud","adipisicing duis"}', DEFAULT, DEFAULT), ('d1c31a1f-140d-5b01-95f7-3fc15003186c', '756cbb59-27d6-58f3-b4b9-8b56121e683f', 12, 'public', 'Baron Control Strategy', '{"laborum officia sunt","in pariatur deserunt reprehender","sint esse consectetur consequat","mollit irure consequat","amet deserunt laboris amet proid","Lorem officia veniam duis proide"}', DEFAULT, DEFAULT), ('139e14ed-bbf1-5d48-a6cc-84c72c891164', '549980e7-3e77-5d76-b263-84664d04b209', 14, 'unlisted', 'Jungle Control Playbook', '{"cillum"}', DEFAULT, DEFAULT), ('586f1ac8-f524-5f8c-88e2-184c02d5ef6d', 'd9bba68a-079c-5141-bd43-756b87167584', 20, 'private', 'Aggressive Rush Strategy', '{"nisi incididunt officia","ipsum exercitation","fugiat incididunt sit","cillum laboris aute","mollit velit ex","duis consequat mollit"}', DEFAULT, DEFAULT), ('62075432-2441-5ae8-a3d3-0c53f1490707', '91434b27-2651-5429-8f42-45c3f8e334a0', 16, 'public', 'Vision Denial Blueprint', '{"quis tempor ipsum dolor","elit","consequat quis velit commodo","non quis qui","officia aliqua non veniam","irure elit excepteur cillum"}', DEFAULT, DEFAULT), ('7e2a3012-f429-5959-8e79-e27f888f9ce7', 'd297ab9e-40d4-51b5-bb8f-a1df399f1a9a', 13, 'public', 'Baron Control Strategy', '{"occaecat incididunt anim"}', DEFAULT, DEFAULT), ('b8821e56-73f0-54d5-b485-728d64492250', '91fa3874-9437-5dfa-a49a-f19fb38d9e92', 13, 'private', 'Gank Heavy Approach', '{"veniam culpa"}', DEFAULT, DEFAULT), ('41c6ea7f-18a9-55e6-b2ba-f0f4f40a17bf', '91434b27-2651-5429-8f42-45c3f8e334a0', 13, 'unlisted', 'Siege Tactics Handbook', '{"consequat in","ea nisi aliqua","magna magna"}', DEFAULT, DEFAULT), ('6071eb55-6bca-516b-b2e7-cdcdc70b2f27', '9bf2ad50-cccb-50eb-8269-3a7e78bd21f5', 14, 'private', 'Rotation Strategy Document', '{"elit dolore"}', DEFAULT, DEFAULT), ('d7cdb9d2-07a6-5208-bc43-84429587c78d', 'b5605791-3389-56c2-9ec6-17d538b9bb85', 14, 'private', 'Gank Heavy Approach', '{"dolore quis enim","proident esse ullamco minim","consectetur velit Lorem"}', DEFAULT, DEFAULT), ('edba76b8-16c2-5d65-8407-7c8846b18c8d', 'ac9f0e3e-b030-584f-a8dd-87355fe22537', 19, 'private', 'Defensive Turtle Tactics', '{"irure","occaecat culpa","culpa eu","in fugiat","nulla dolor"}', DEFAULT, DEFAULT), ('4961b154-685f-5c2d-b1f1-598100239ea4', '9bf2ad50-cccb-50eb-8269-3a7e78bd21f5', 12, 'public', 'Early Game Dominance Guide', '{"qui veniam exercitation ullamco ","proident dolor commodo","reprehenderit esse non","officia officia officia magna","magna ea","aute","voluptate nulla fugiat"}', DEFAULT, DEFAULT), ('81b648c1-576c-5086-ba4f-2125060d9cf0', '2589cf16-4103-5a4f-b544-b30078083eaa', 16, 'unlisted', 'Siege Tactics Handbook', '{"voluptate cupidatat eiusmod","cillum veniam culpa Lorem elit","proident est occaecat"}', DEFAULT, DEFAULT), ('edcc20e9-95a3-50eb-b84c-a2ac5801dd1f', 'd1b8f3f8-af26-5088-8712-273c28ba98f7', 17, 'private', 'Objective Focused Strategy', '{"officia Lorem esse","esse aliquip","proident ipsum officia","velit irure tempor","et minim","ea aliquip","ullamco amet ex","minim","aute duis duis aliqua"}', DEFAULT, DEFAULT), ('0f7963e1-2931-5603-b1f8-5f29e095a36f', '1d3f740a-8c60-5c1d-aa9e-3854a33c8e1d', 18, 'private', 'Aggressive Rush Strategy', '{"aliquip adipisicing minim aute c","dolor est excepteur aliquip","ullamco nisi","cillum excepteur"}', DEFAULT, DEFAULT), ('d90cf80e-490d-5c8c-85cc-9c761060fca5', '98eaafd3-adbf-5a3e-adb9-b3fb6971b6f1', 19, 'public', 'Defensive Turtle Tactics', '{"excepteur irure Lorem eiusmod","nulla ullamco ex laboris dolore","ipsum do reprehenderit irure","ea aliqua est adipisicing amet","do duis duis commodo","non","et dolore ullamco laboris","commodo occaecat proident amet","quis aliqua excepteur deserunt a","ullamco"}', DEFAULT, DEFAULT), ('84a00f8f-8f65-512e-a89a-396ebb944774', '756cbb59-27d6-58f3-b4b9-8b56121e683f', 20, 'unlisted', 'Counter Pick Blueprint', '{"aliqua eu do ullamco","esse occaecat ipsum esse","dolor","consequat","pariatur culpa irure Lorem","aliqua dolor est non velit"}', DEFAULT, DEFAULT), ('24530daa-18f4-5736-824e-740b98d86f84', 'a3141029-aec2-543b-b18a-49fe947e3304', 18, 'public', 'Objective Focused Strategy', '{"mollit","esse elit sint officia","consequat occaecat","quis tempor aliquip ea","ea magna ut nisi","duis quis","exercitation excepteur commodo s"}', DEFAULT, DEFAULT), ('cef44dbb-01f1-53f9-a51f-bce20b8c9729', 'e4de1a09-bd9a-5e42-b92c-2cb1af28bec6', 15, 'private', 'Gank Heavy Approach', '{"culpa sint"}', DEFAULT, DEFAULT), ('2f432e43-c578-5d3f-a9f6-658650551fe1', '882c7ae5-914f-539d-8207-691de536097f', 17, 'public', 'Vision Denial Blueprint', '{"do labore"}', DEFAULT, DEFAULT), ('9e0ad23d-bafe-536b-a992-47ea353cf3b5', '9b1fc781-1e4e-56d2-bd68-0dc257a319c0', 19, 'unlisted', 'Gank Heavy Approach', '{}', DEFAULT, DEFAULT), ('ba4f3542-9d48-574a-8df6-823d78106037', 'eda91f04-12ef-5904-88aa-e6ed9a692e03', 15, 'public', 'Defensive Turtle Tactics', '{"eu amet","irure","commodo amet aute","cillum minim duis minim"}', DEFAULT, DEFAULT), ('d5920fa6-848e-5195-b671-9577ccf74a26', 'b32027db-33da-5dc2-b906-e0c2a06ac683', 17, 'public', 'Roaming Support Plan', '{"eiusmod ullamco amet nisi id","pariatur nostrud excepteur repre","consequat duis elit officia exce","quis amet","occaecat","non laboris anim mollit"}', DEFAULT, DEFAULT), ('60e1ec45-4b3f-5cd2-b9e9-a6fd50c32391', 'e4de1a09-bd9a-5e42-b92c-2cb1af28bec6', 20, 'public', 'Vision Denial Blueprint', '{"nostrud deserunt enim excepteur","pariatur commodo","esse reprehenderit Lorem laborum","sit nisi officia laborum","cupidatat cillum elit eiusmod"}', DEFAULT, DEFAULT), ('4152396c-eaf9-5aeb-9b7d-6c26ad4d722c', 'a5831e58-2fc9-5b59-970d-00c344a4eb18', 18, 'unlisted', 'Defensive Turtle Tactics', '{"commodo quis aliquip","in laborum cupidatat minim","exercitation Lorem culpa aliquip","officia","proident id","laboris sunt nostrud minim"}', DEFAULT, DEFAULT), ('82c66b9e-374b-5deb-960b-0b761f066806', 'b7a89d05-549f-565f-b631-b59097e91d1a', 16, 'public', 'Late Game Scaling Strategy', '{"cillum enim","exercitation quis dolore adipisi","non proident"}', DEFAULT, DEFAULT), ('cb1a8444-be9e-581c-8a1e-9f0d5870d484', 'a3141029-aec2-543b-b18a-49fe947e3304', 11, 'public', 'Wave Management Plan', '{"esse"}', DEFAULT, DEFAULT), ('b4086fbf-8b55-5b20-af96-270e53efd260', 'cfbfd1d4-e77f-57e5-94da-e9ff2cc7a996', 17, 'unlisted', 'Siege Tactics Handbook', '{"officia tempor veniam","consequat","cillum deserunt ex ex","dolor","minim sit magna"}', DEFAULT, DEFAULT), ('7dc2a385-02fd-5e9e-8ca3-480d310ce988', '8a0a556f-d942-55f0-8ba8-1ffbfaf3c6d9', 12, 'unlisted', 'Late Game Scaling Strategy', '{"cillum officia"}', DEFAULT, DEFAULT), ('bd010a0a-cb39-59ee-8218-e7f775ac9a01', '91434b27-2651-5429-8f42-45c3f8e334a0', 18, 'private', 'Counter Pick Blueprint', '{"eiusmod ipsum","duis velit consectetur"}', DEFAULT, DEFAULT), ('eb100a5e-fbbc-5189-b323-e08ca1ddf4b2', 'e4de1a09-bd9a-5e42-b92c-2cb1af28bec6', 17, 'public', 'Map Control Blueprint', '{"cupidatat labore eiusmod enim","duis esse amet","excepteur","exercitation Lorem commodo nostr"}', DEFAULT, DEFAULT), ('e43c6b3b-10fe-54f2-a09c-2f23976dbe42', 'cfbfd1d4-e77f-57e5-94da-e9ff2cc7a996', 13, 'public', 'Counter Pick Blueprint', '{"minim id enim","amet incididunt ad","enim aute","deserunt fugiat nulla","enim cupidatat","in adipisicing consequat","in officia","ea incididunt do","adipisicing mollit esse magna en"}', DEFAULT, DEFAULT), ('145f2d17-d2b0-59ee-98c0-d8b6d6c741cd', '438bff0e-fd50-5c86-89ee-d397a0c0e548', 15, 'unlisted', 'Wave Management Plan', '{"minim consequat id","fugiat sit pariatur ex","proident ex excepteur","ut"}', DEFAULT, DEFAULT), ('27b7fc92-c399-5aec-bc43-ea4a7d41c984', 'b7a89d05-549f-565f-b631-b59097e91d1a', 17, 'unlisted', 'Gank Heavy Approach', '{"pariatur magna est","ea cupidatat minim","nisi fugiat nisi occaecat"}', DEFAULT, DEFAULT), ('16e13bc2-bae9-5a1b-a23b-7f2503b73a03', 'cd7c291a-6d6e-5632-91e5-b7fd7a634d7d', 15, 'private', 'Baron Control Strategy', '{"dolor sunt","est ut anim anim","reprehenderit irure veniam repre","anim incididunt","laborum pariatur"}', DEFAULT, DEFAULT), ('fb9a721d-7da1-577d-a721-ae00139d250b', '2589cf16-4103-5a4f-b544-b30078083eaa', 19, 'unlisted', 'Aggressive Rush Strategy', '{"ut deserunt incididunt ut","et esse in","officia ullamco ullamco","aute esse minim","laboris anim velit","nostrud et fugiat magna","ad ad consequat","officia excepteur ad","officia","ad voluptate"}', DEFAULT, DEFAULT), ('8514b549-2321-5223-bcae-362fbfc61c61', 'a5831e58-2fc9-5b59-970d-00c344a4eb18', 11, 'private', 'Split Push Blueprint', '{"id ipsum veniam","dolor minim culpa","enim veniam fugiat reprehenderit","ut dolore qui","laboris laboris excepteur","eiusmod veniam do"}', DEFAULT, DEFAULT), ('8d222d98-29f0-5123-b99d-cc9f19493b20', '6c52c1d9-13a4-51ef-ae51-1dacc4c14be9', 18, 'public', 'Aggressive Rush Strategy', '{"ipsum aliquip non","exercitation esse do Lorem","dolor","magna excepteur magna fugiat","culpa id ex deserunt irure","occaecat enim nisi","exercitation irure","ea cupidatat id","officia cillum aute aute","consequat ipsum exercitation exe"}', DEFAULT, DEFAULT), ('5ba895cd-4107-5c9d-a9cb-bd2d24899776', 'd9bba68a-079c-5141-bd43-756b87167584', 17, 'private', 'Vision Denial Blueprint', '{"nostrud ut qui eu nulla","velit nisi minim","eiusmod tempor do mollit","in nisi qui","culpa et","exercitation et","labore","Lorem tempor cupidatat"}', DEFAULT, DEFAULT), ('73b23aba-b5e2-5b24-b442-00922b22f275', '3ff60d7a-a4ad-54c5-a422-53b52cd53093', 14, 'private', 'Jungle Control Playbook', '{"duis mollit ea eu","ea non quis non enim","ex aliquip Lorem","duis fugiat qui sit irure","consectetur nostrud"}', DEFAULT, DEFAULT), ('0e1a0168-a26a-5feb-9c91-7bd40d62afcc', '8a0a556f-d942-55f0-8ba8-1ffbfaf3c6d9', 17, 'private', 'Map Control Blueprint', '{"ipsum eu cillum","in amet","velit veniam","dolor incididunt","ea exercitation enim","quis aute cupidatat laboris proi","tempor aliquip","laborum duis enim in","sit fugiat laboris sunt","ad ea velit"}', DEFAULT, DEFAULT), ('9348bed0-a52a-59cd-98df-ed8ab48ba4f7', '3ff60d7a-a4ad-54c5-a422-53b52cd53093', 16, 'private', 'Defensive Turtle Tactics', '{"esse","amet anim","Lorem esse","ea voluptate nisi adipisicing an","tempor aliqua veniam"}', DEFAULT, DEFAULT), ('1507f034-16ba-5219-b927-72f72394b9da', 'd19db439-c7e7-53a7-aa19-0db346180dc1', 20, 'unlisted', 'Wave Management Plan', '{"dolor laboris","consectetur Lorem","consequat eu"}', DEFAULT, DEFAULT), ('3d6517ba-6968-54c9-9934-5dca00f20f48', '8a0a556f-d942-55f0-8ba8-1ffbfaf3c6d9', 18, 'private', 'Defensive Turtle Tactics', '{"esse dolore id","et quis laboris fugiat","minim proident nulla sint fugiat","proident cillum ut","deserunt in dolore","ex","Lorem cupidatat"}', DEFAULT, DEFAULT), ('253eb1a7-6466-5751-bb80-ba728a9d5688', 'd9bba68a-079c-5141-bd43-756b87167584', 20, 'public', 'Split Push Blueprint', '{"proident labore dolore duis"}', DEFAULT, DEFAULT), ('84afba7a-f643-5519-b420-54d83f591e9d', 'b7a89d05-549f-565f-b631-b59097e91d1a', 15, 'unlisted', 'Roaming Support Plan', '{"mollit enim eu voluptate"}', DEFAULT, DEFAULT), ('59b35be9-9d21-5b79-8875-4954a08d7239', '98eaafd3-adbf-5a3e-adb9-b3fb6971b6f1', 15, 'public', 'Late Game Scaling Strategy', '{"nostrud aute","nostrud duis","eiusmod ipsum","consequat quis qui incididunt la","sint veniam deserunt consequat"}', DEFAULT, DEFAULT), ('b3ff9604-63d2-533f-8bbb-d5f0486381ad', 'd19db439-c7e7-53a7-aa19-0db346180dc1', 15, 'unlisted', 'Rotation Strategy Document', '{"officia non","pariatur deserunt","est","sunt tempor","ea aute in laboris minim","laboris dolore ut aliqua","mollit","non ex","exercitation cupidatat","ex dolor do in do"}', DEFAULT, DEFAULT), ('bcc899da-7629-5e0e-b560-5f5f6e7060e1', 'b7a89d05-549f-565f-b631-b59097e91d1a', 19, 'private', 'Counter Pick Blueprint', '{"occaecat enim esse exercitation ","quis consequat aliqua","enim cillum deserunt","aliquip mollit nostrud duis","est elit consectetur","ad quis occaecat pariatur","velit incididunt","Lorem minim non"}', DEFAULT, DEFAULT), ('96dbca51-d731-5e2c-a3d4-62e8f0faa072', 'd19db439-c7e7-53a7-aa19-0db346180dc1', 15, 'unlisted', 'Map Control Blueprint', '{"nulla officia cupidatat"}', DEFAULT, DEFAULT), ('fc633e1f-14b8-590b-a0ba-c22147aaeeb4', 'cfbfd1d4-e77f-57e5-94da-e9ff2cc7a996', 16, 'private', 'Secure Objective Playbook', '{"nulla officia sint ea","sit","magna velit","minim ut voluptate","eu est amet ad est","exercitation fugiat","sint occaecat","ipsum sit","ipsum elit","id culpa cupidatat sunt"}', DEFAULT, DEFAULT), ('49af1081-9f3e-5569-af2e-1029eb808baf', 'f4b5542b-ba61-519e-a8d2-5793282ad487', 14, 'public', 'Late Game Scaling Strategy', '{"fugiat ullamco officia","ipsum aliquip anim et","tempor Lorem","ad pariatur enim velit","reprehenderit ad esse eiusmod","esse aute","sit commodo laboris tempor","nulla exercitation anim","irure culpa laborum"}', DEFAULT, DEFAULT), ('28c7fcd5-dc0b-528f-92f0-3e19e7b94b50', 'a88bc9b9-135e-55c7-8c4c-5a072a3c8573', 19, 'public', 'Gank Heavy Approach', '{"ipsum adipisicing quis nisi"}', DEFAULT, DEFAULT), ('38780d0a-620c-5420-b84b-aa917e5db8c1', '1d3f740a-8c60-5c1d-aa9e-3854a33c8e1d', 11, 'unlisted', 'Aggressive Rush Strategy', '{"sunt culpa","elit"}', DEFAULT, DEFAULT), ('535c1e86-4fb0-59ea-8076-b54244994b61', '549980e7-3e77-5d76-b263-84664d04b209', 16, 'unlisted', 'Split Push Blueprint', '{}', DEFAULT, DEFAULT), ('5e181f1c-b93c-59a3-a161-c4d4e29f775e', 'd297ab9e-40d4-51b5-bb8f-a1df399f1a9a', 14, 'unlisted', 'Secure Objective Playbook', '{"in","nostrud veniam id aute","mollit aliquip","dolore consequat cupidatat cupid","duis anim ut","do","occaecat"}', DEFAULT, DEFAULT), ('0cd34502-daee-52d8-b8a4-7aa032065e8a', 'd297ab9e-40d4-51b5-bb8f-a1df399f1a9a', 12, 'public', 'Objective Focused Strategy', '{}', DEFAULT, DEFAULT), ('6c9b6808-e737-5f8f-b196-93c0598b34b9', 'f4b5542b-ba61-519e-a8d2-5793282ad487', 17, 'public', 'Roaming Support Plan', '{"cupidatat","aute consequat est mollit veniam","exercitation","magna et","proident nulla adipisicing","amet elit eu","pariatur veniam magna fugiat pro","aliqua voluptate","elit Lorem","Lorem aute nulla adipisicing"}', DEFAULT, DEFAULT), ('f498173a-b4a1-5b37-ad0b-67596b4fe0ac', '882c7ae5-914f-539d-8207-691de536097f', 18, 'unlisted', 'Siege Tactics Handbook', '{"est aute laborum amet","duis","dolor est fugiat est","pariatur tempor labore cillum","non ut","aliqua ipsum nostrud","ut adipisicing"}', DEFAULT, DEFAULT), ('b0d542cd-fe80-5cad-9bd6-a81d0ed1c2f4', '2589cf16-4103-5a4f-b544-b30078083eaa', 18, 'unlisted', 'Vision Control Blueprint', '{"minim eiusmod irure proident","officia","enim officia esse tempor","duis eu velit","id","ullamco aute in et","mollit sit nisi laboris laboris"}', DEFAULT, DEFAULT), ('cd506b7e-0f7c-526c-b650-bb799376c313', '8a0a556f-d942-55f0-8ba8-1ffbfaf3c6d9', 12, 'unlisted', 'Gank Heavy Approach', '{"amet","velit cillum non reprehenderit","officia pariatur dolor","veniam sunt eiusmod veniam amet","reprehenderit amet nostrud","elit ad"}', DEFAULT, DEFAULT), ('d625f518-4ec3-51e2-95c0-6cf965668d68', 'd19db439-c7e7-53a7-aa19-0db346180dc1', 18, 'public', 'Wave Management Plan', '{"esse incididunt aliqua in mollit","nisi minim adipisicing duis","duis duis anim magna","non ut culpa amet","irure in minim non","duis reprehenderit eiusmod eiusm","dolor ad nostrud","consequat nisi excepteur enim nu","culpa non"}', DEFAULT, DEFAULT), ('66b76653-1cc5-50ef-a109-c059c945f253', 'a88bc9b9-135e-55c7-8c4c-5a072a3c8573', 19, 'private', 'Team Fight Execution Plan', '{"ex sint amet minim nulla","do ea mollit magna tempor","quis","laborum exercitation nostrud off","occaecat","excepteur voluptate in occaecat","occaecat","officia nisi magna mollit","velit reprehenderit ex commodo"}', DEFAULT, DEFAULT), ('a6dbcc80-e965-5682-9448-6a65a83787b3', 'f4b5542b-ba61-519e-a8d2-5793282ad487', 11, 'public', 'Roaming Support Plan', '{"fugiat exercitation velit irure","incididunt","et in","voluptate nulla","nostrud in proident","fugiat sint incididunt","eiusmod consequat fugiat amet","consequat nostrud aliqua","consectetur quis commodo excepte"}', DEFAULT, DEFAULT), ('c4d9fc37-aa2c-5cf4-8cef-779723958882', '756cbb59-27d6-58f3-b4b9-8b56121e683f', 19, 'unlisted', 'Vision Control Blueprint', '{"cillum","Lorem","nostrud non dolor ex in","ullamco anim","cillum","ullamco fugiat reprehenderit vel","incididunt Lorem"}', DEFAULT, DEFAULT), ('cbdcc83c-77a1-5d75-ace8-183321930672', '438bff0e-fd50-5c86-89ee-d397a0c0e548', 13, 'private', 'Map Control Blueprint', '{"sint pariatur","aute duis ullamco","do est amet aliqua","consectetur"}', DEFAULT, DEFAULT), ('46b593cf-05b9-5316-ba74-ef4cf062dcc9', 'd297ab9e-40d4-51b5-bb8f-a1df399f1a9a', 15, 'unlisted', 'Vision Control Blueprint', '{"enim aute est","quis ea Lorem sit","officia","culpa officia ullamco ad","non voluptate cupidatat nulla es","aliquip culpa voluptate commodo","fugiat cillum aute","nulla ea enim nulla"}', DEFAULT, DEFAULT), ('1770dbe6-c529-520b-a36c-454b023ccb2c', 'e4de1a09-bd9a-5e42-b92c-2cb1af28bec6', 16, 'public', 'Roaming Support Plan', '{"incididunt officia nulla fugiat","Lorem ea officia commodo officia","quis velit elit","ad consequat eiusmod"}', DEFAULT, DEFAULT), ('65973815-006c-531b-b69f-bd5d086f7786', 'eda91f04-12ef-5904-88aa-e6ed9a692e03', 18, 'unlisted', 'Wave Management Plan', '{"excepteur ea","ut ex anim"}', DEFAULT, DEFAULT), ('0cd413aa-1a82-5832-9edb-17fd5c059a41', '756cbb59-27d6-58f3-b4b9-8b56121e683f', 20, 'private', 'Vision Denial Blueprint', '{"est ex ut elit consequat"}', DEFAULT, DEFAULT), ('5153bc7b-cd04-5c5e-83e9-7b7a5a1390e6', '91434b27-2651-5429-8f42-45c3f8e334a0', 14, 'public', 'Roaming Support Plan', '{"irure enim ipsum voluptate irure","labore quis id","eu proident","aliqua proident ipsum nulla","minim incididunt pariatur","nostrud elit reprehenderit","laboris exercitation quis ea cul","ullamco","culpa nostrud non aliquip proide","ullamco non dolore"}', DEFAULT, DEFAULT), ('bd276dfa-2ddb-52c7-9feb-6d2cc281335e', 'a3141029-aec2-543b-b18a-49fe947e3304', 12, 'private', 'Map Control Blueprint', '{"do nisi sunt adipisicing ipsum"}', DEFAULT, DEFAULT), ('12cafb5f-6adc-5f24-a738-9455dde3eb2a', 'e4de1a09-bd9a-5e42-b92c-2cb1af28bec6', 12, 'public', 'Wave Management Plan', '{"ullamco ullamco officia","ea","in sunt aliquip","nulla commodo excepteur","eiusmod commodo"}', DEFAULT, DEFAULT), ('e017f166-fa51-5fb5-af86-6fc41cad9674', 'a88bc9b9-135e-55c7-8c4c-5a072a3c8573', 12, 'private', 'Secure Objective Playbook', '{"laborum est esse adipisicing"}', DEFAULT, DEFAULT), ('544f27bb-a8e9-5b6b-8ec7-f1cfe91406e2', '9bf2ad50-cccb-50eb-8269-3a7e78bd21f5', 15, 'public', 'Wave Management Plan', '{"ullamco exercitation","magna consequat officia","magna pariatur proident aute rep","veniam tempor fugiat","laborum","excepteur culpa voluptate cupida","exercitation","qui aute sit consequat","eiusmod Lorem sint","dolor nisi est enim"}', DEFAULT, DEFAULT), ('a704d0a7-ee9e-5aa5-bba9-aff3556d41a2', 'a5831e58-2fc9-5b59-970d-00c344a4eb18', 15, 'private', 'Wave Management Plan', '{"tempor nulla fugiat eiusmod","nulla excepteur exercitation dol","sint enim nostrud aliqua","sunt nulla pariatur elit et","ipsum consectetur laborum est","sunt sint in nulla","nisi magna aliquip ut officia"}', DEFAULT, DEFAULT), ('a758f3b0-169f-56a9-80db-acb9f3972464', '882c7ae5-914f-539d-8207-691de536097f', 12, 'public', 'Defensive Turtle Tactics', '{"culpa pariatur","esse laboris","deserunt sunt ex elit","do cillum ad velit mollit","exercitation","proident et occaecat","laboris nostrud quis"}', DEFAULT, DEFAULT), ('1ebb07c2-9cc9-56df-b9e3-71837bafdca1', 'a3141029-aec2-543b-b18a-49fe947e3304', 15, 'unlisted', 'Early Game Dominance Guide', '{"eiusmod","duis amet mollit duis excepteur"}', DEFAULT, DEFAULT), ('217c4ba5-3ca5-503f-8fcd-2cf91341f163', 'd1b8f3f8-af26-5088-8712-273c28ba98f7', 19, 'public', 'Vision Control Blueprint', '{"commodo labore qui reprehenderit","dolore consectetur labore","ea sunt nulla","nulla laboris officia ad","ex","duis laboris","sint cupidatat do enim","enim","aute laboris ullamco magna elit"}', DEFAULT, DEFAULT), ('63c64b00-d130-5928-b403-258ebdb17248', '2d1d7734-be70-5d07-a538-e76c6cae722e', 19, 'private', 'Early Game Dominance Guide', '{"do minim veniam","sint excepteur velit sunt sint","proident","do qui et anim"}', DEFAULT, DEFAULT), ('0deb1a0e-8f26-576f-af23-e26ef824ea0b', 'd9bba68a-079c-5141-bd43-756b87167584', 20, 'unlisted', 'Split Push Blueprint', '{"duis veniam eu","irure mollit veniam ex","reprehenderit","aute quis mollit","amet ut officia laborum","et et veniam fugiat","cupidatat"}', DEFAULT, DEFAULT), ('924718ca-0525-5af0-b71a-2560f2cc09a0', 'b32027db-33da-5dc2-b906-e0c2a06ac683', 18, 'public', 'Map Control Blueprint', '{"dolore ea mollit anim","veniam anim in","nostrud proident","cupidatat dolore aute ad","excepteur nulla ea sunt","excepteur amet in aliqua","officia anim"}', DEFAULT, DEFAULT), ('877842c0-f0dc-575b-a7ad-30915aaaeebe', 'ac9f0e3e-b030-584f-a8dd-87355fe22537', 12, 'private', 'Secure Objective Playbook', '{}', DEFAULT, DEFAULT), ('ebce0b2a-b558-5f18-bddc-2af385fe3118', '1e7e0bcb-4fc0-5d72-81a5-d67a74a13595', 15, 'unlisted', 'Baron Control Strategy', '{"sit est","est fugiat","deserunt","reprehenderit et nisi mollit ven"}', DEFAULT, DEFAULT), ('67f00577-22b1-541a-b8eb-43f4241ec322', 'e4de1a09-bd9a-5e42-b92c-2cb1af28bec6', 12, 'private', 'Objective Focused Strategy', '{"do do non quis cupidatat","duis dolore officia","minim consequat excepteur commod"}', DEFAULT, DEFAULT), ('5c1d9b7d-9f54-545c-ae19-f60dd5ff1d25', '91434b27-2651-5429-8f42-45c3f8e334a0', 13, 'unlisted', 'Aggressive Rush Strategy', '{"in magna","non consectetur"}', DEFAULT, DEFAULT), ('339c2395-3fcf-5f3b-90ec-90611b01fa37', '2589cf16-4103-5a4f-b544-b30078083eaa', 15, 'public', 'Early Game Dominance Guide', '{"reprehenderit","ipsum","eiusmod laborum id","excepteur","incididunt magna","laboris amet ex do labore"}', DEFAULT, DEFAULT), ('3e26da35-99ab-5fee-95a6-ca3120af490b', 'd297ab9e-40d4-51b5-bb8f-a1df399f1a9a', 19, 'unlisted', 'Vision Control Blueprint', '{"mollit dolore consectetur Lorem","dolor eu ad","in qui in excepteur"}', DEFAULT, DEFAULT), ('540a4921-798c-58f1-8dda-fbb9b912bb43', '6c52c1d9-13a4-51ef-ae51-1dacc4c14be9', 20, 'unlisted', 'Vision Denial Blueprint', '{"sit cupidatat","culpa duis eu cupidatat velit","ad aute","culpa aliquip aliqua","sit voluptate dolore sit mollit","nostrud elit consectetur","veniam dolore exercitation incid"}', DEFAULT, DEFAULT), ('81b847bf-bc05-538e-bdc5-721f48634b78', 'eda91f04-12ef-5904-88aa-e6ed9a692e03', 12, 'unlisted', 'Gank Heavy Approach', '{"do occaecat eu irure","anim nulla","nisi esse amet officia","qui voluptate","velit"}', DEFAULT, DEFAULT), ('2c9d2493-4412-5eae-aa39-69858c4bfd99', 'd1b8f3f8-af26-5088-8712-273c28ba98f7', 18, 'private', 'Gank Heavy Approach', '{"veniam eu","sit dolor ut","quis do","aute deserunt adipisicing","deserunt officia","fugiat dolore","commodo est","amet qui","et id"}', DEFAULT, DEFAULT), ('51ef9256-0eab-579a-868b-52c27ddf10e9', 'ac9f0e3e-b030-584f-a8dd-87355fe22537', 14, 'unlisted', 'Early Game Dominance Guide', '{"exercitation eiusmod Lorem","cillum sint anim labore duis","ex mollit magna cillum sint","adipisicing labore eu","magna deserunt","cillum cupidatat deserunt consec","irure minim ut","excepteur commodo","anim id"}', DEFAULT, DEFAULT), ('d6ceb82b-4af2-5d8a-96c1-8d6a9db93a31', 'a5831e58-2fc9-5b59-970d-00c344a4eb18', 12, 'public', 'Aggressive Rush Strategy', '{"eu occaecat ut do","excepteur nulla","pariatur mollit"}', DEFAULT, DEFAULT), ('01ae0a36-6172-5c0a-baff-6c1805e0976a', 'b5605791-3389-56c2-9ec6-17d538b9bb85', 19, 'public', 'Wave Management Plan', '{}', DEFAULT, DEFAULT), ('df70af8b-9578-5bd7-9fd6-02ad92eaedca', 'a3141029-aec2-543b-b18a-49fe947e3304', 19, 'unlisted', 'Gank Heavy Approach', '{"ipsum eu quis do ex","ullamco dolore esse do anim","aliqua","commodo proident laboris","pariatur","ea ex"}', DEFAULT, DEFAULT), ('82fca927-01aa-5c29-8d7a-7a868f9ba6ea', 'cd7c291a-6d6e-5632-91e5-b7fd7a634d7d', 15, 'public', 'Rotation Strategy Document', '{"id non culpa et consequat","pariatur ipsum","exercitation cupidatat et sint","excepteur nostrud ad sint","enim tempor","id deserunt","sunt minim esse consequat","duis officia mollit irure magna","esse exercitation consectetur ad"}', DEFAULT, DEFAULT), ('4e5550d4-d39a-56c3-8f19-971fdeeb787e', '549980e7-3e77-5d76-b263-84664d04b209', 14, 'unlisted', 'Vision Denial Blueprint', '{"adipisicing do","laboris","ipsum qui qui","est","aliquip id esse nulla dolore","in exercitation dolor eiusmod","qui eiusmod eiusmod anim aute"}', DEFAULT, DEFAULT), ('83ec5ac5-8c23-5e38-8151-36af62098fff', '1d3f740a-8c60-5c1d-aa9e-3854a33c8e1d', 11, 'private', 'Siege Tactics Handbook', '{"eu et reprehenderit labore"}', DEFAULT, DEFAULT), ('d1996167-52fb-5e4a-b849-75efada773e6', 'b32027db-33da-5dc2-b906-e0c2a06ac683', 13, 'unlisted', 'Defensive Turtle Tactics', '{"quis ea","Lorem","ipsum reprehenderit quis anim","consectetur incididunt voluptate","excepteur ex velit","Lorem amet laborum nulla esse","nulla culpa Lorem ex","sunt nisi consectetur eiusmod"}', DEFAULT, DEFAULT), ('1818e464-6a87-5266-8677-c069741c3ab2', 'ac9f0e3e-b030-584f-a8dd-87355fe22537', 17, 'unlisted', 'Vision Control Blueprint', '{"commodo culpa ut elit fugiat","minim culpa","excepteur elit excepteur","ut in sit labore dolor","sit","quis proident aute","aliqua magna","fugiat adipisicing et"}', DEFAULT, DEFAULT), ('13ebb239-29e1-53ff-93b0-d55e3db05a11', '91434b27-2651-5429-8f42-45c3f8e334a0', 11, 'unlisted', 'Baron Control Strategy', '{"ullamco esse sint ad excepteur","commodo veniam","officia qui","nostrud eu","ipsum proident Lorem culpa ut","nostrud veniam in dolore consect","incididunt incididunt","amet aliquip occaecat officia","non incididunt exercitation","do nulla aliquip"}', DEFAULT, DEFAULT), ('a0a63713-f2dd-56aa-98a3-f6a26bcae5b9', '1e7e0bcb-4fc0-5d72-81a5-d67a74a13595', 20, 'unlisted', 'Jungle Control Playbook', '{"aute adipisicing","mollit in elit","culpa esse cupidatat tempor","deserunt","cillum","amet quis ex","minim ullamco sunt et","fugiat velit ut irure","cupidatat ullamco ea voluptate"}', DEFAULT, DEFAULT), ('4029bbad-86a6-5e60-a150-da0664c62b92', 'd19db439-c7e7-53a7-aa19-0db346180dc1', 12, 'private', 'Team Fight Execution Plan', '{"est"}', DEFAULT, DEFAULT), ('6636a6a8-3a2d-5862-bb24-3e77bffdb640', 'ac9f0e3e-b030-584f-a8dd-87355fe22537', 18, 'private', 'Wave Management Plan', '{"elit consectetur","qui reprehenderit","exercitation","ut laboris","id esse in nulla"}', DEFAULT, DEFAULT), ('4ba85443-f89e-5d68-8d4a-da572969b0dd', '9bf2ad50-cccb-50eb-8269-3a7e78bd21f5', 19, 'public', 'Split Push Blueprint', '{"nisi ut do ea","enim ut elit","id","id enim","ea officia","nostrud excepteur","veniam nisi anim Lorem","minim nostrud mollit Lorem"}', DEFAULT, DEFAULT), ('55fbf0ae-1fd2-57d5-9884-2ceca8eef8f3', 'cd7c291a-6d6e-5632-91e5-b7fd7a634d7d', 13, 'unlisted', 'Team Fight Execution Plan', '{"dolore velit ad","officia duis cillum labore"}', DEFAULT, DEFAULT), ('c91a5204-a47c-5f58-8042-f917f2facb4b', '8b7e423b-b9b9-5b3c-bf3d-1aa45d16235c', 19, 'public', 'Late Game Scaling Strategy', '{"aliqua","incididunt qui minim dolore","eiusmod et","sunt magna sunt laboris mollit","eu est ad Lorem","quis in id non","cupidatat sint officia ea","et in occaecat deserunt"}', DEFAULT, DEFAULT), ('fdca53a8-e101-5585-90b8-82f7d3c1fc24', '8a0a556f-d942-55f0-8ba8-1ffbfaf3c6d9', 19, 'public', 'Jungle Control Playbook', '{"aliquip","consectetur","culpa id","minim"}', DEFAULT, DEFAULT), ('a76c18ad-af72-57b7-b165-f7757943d51e', 'e4de1a09-bd9a-5e42-b92c-2cb1af28bec6', 19, 'unlisted', 'Jungle Control Playbook', '{}', DEFAULT, DEFAULT), ('bf7ffe87-c4e2-5aa1-86f7-2fdfa8315ff6', 'b7a89d05-549f-565f-b631-b59097e91d1a', 14, 'unlisted', 'Gank Heavy Approach', '{"velit eu ex aute aliquip","do nisi laborum ipsum","nostrud incididunt eu esse","laboris occaecat exercitation","amet est","duis enim qui aute"}', DEFAULT, DEFAULT), ('764f06ba-b246-5c62-8e43-89fe991c749d', '1d3f740a-8c60-5c1d-aa9e-3854a33c8e1d', 15, 'public', 'Secure Objective Playbook', '{"cupidatat est fugiat","aliqua non consectetur excepteur","amet ipsum","consequat ut"}', DEFAULT, DEFAULT), ('229d48f9-9e17-5f91-bd2c-3f3cdbae28c1', 'd1b8f3f8-af26-5088-8712-273c28ba98f7', 18, 'public', 'Counter Pick Blueprint', '{"nisi velit consectetur non","et cillum pariatur","id","dolore","nulla aliqua","officia fugiat tempor","sunt culpa","cillum culpa irure"}', DEFAULT, DEFAULT), ('505fdba9-c563-5897-bd99-f3fd7e6efb10', 'b5605791-3389-56c2-9ec6-17d538b9bb85', 13, 'private', 'Map Control Blueprint', '{"nisi veniam sint et","fugiat"}', DEFAULT, DEFAULT), ('ad47e58b-6404-5eb4-b01c-1ab02b3af226', '756cbb59-27d6-58f3-b4b9-8b56121e683f', 19, 'private', 'Gank Heavy Approach', '{"proident nostrud exercitation am","in dolore labore id","laboris voluptate velit esse"}', DEFAULT, DEFAULT), ('4ae4f149-a1da-5a76-913f-5ea02c87f4e0', 'd1b8f3f8-af26-5088-8712-273c28ba98f7', 13, 'unlisted', 'Counter Pick Blueprint', '{"minim nisi id nulla sunt","fugiat aute consequat enim","amet proident qui","sint cillum nostrud consectetur ","labore","pariatur qui","sunt magna sunt amet Lorem","ex dolore laborum","laboris in"}', DEFAULT, DEFAULT), ('a85217e5-f8d6-5dd0-996b-8464fa1021ff', 'eda91f04-12ef-5904-88aa-e6ed9a692e03', 19, 'public', 'Counter Pick Blueprint', '{"nostrud labore Lorem amet","velit incididunt Lorem","ut dolore veniam","anim sit exercitation cillum","ipsum laboris aute Lorem"}', DEFAULT, DEFAULT), ('b21411a7-0afc-5cf3-81fc-471ab95f5d8d', 'd9bba68a-079c-5141-bd43-756b87167584', 18, 'unlisted', 'Vision Denial Blueprint', '{"minim ut deserunt","irure Lorem","tempor enim exercitation ad","ad sint magna","laboris qui duis deserunt","magna dolore laboris","tempor"}', DEFAULT, DEFAULT), ('d37fd98f-746a-582e-a0fc-de28d96e48c5', 'a88bc9b9-135e-55c7-8c4c-5a072a3c8573', 11, 'public', 'Siege Tactics Handbook', '{"id aliquip pariatur dolore sint","pariatur exercitation in","ex anim ut","nostrud qui","eu qui officia aliquip","sunt et nostrud nisi ex"}', DEFAULT, DEFAULT), ('2dc53ff7-923f-50df-a732-82b60afbba2f', 'b5605791-3389-56c2-9ec6-17d538b9bb85', 18, 'unlisted', 'Roaming Support Plan', '{"veniam culpa do","eu eiusmod laboris irure","ea dolore","sint fugiat in consectetur","tempor irure eu laborum eiusmod","consequat labore minim est","voluptate deserunt","excepteur magna laborum"}', DEFAULT, DEFAULT), ('f9690101-a16f-5108-b391-78c9dba8aeee', 'a5831e58-2fc9-5b59-970d-00c344a4eb18', 16, 'unlisted', 'Late Game Scaling Strategy', '{}', DEFAULT, DEFAULT), ('7441a375-e1c1-5111-b299-b73d6da10ca2', 'b64d0217-6a7b-5682-8927-676434f72be9', 12, 'unlisted', 'Vision Denial Blueprint', '{"eu duis"}', DEFAULT, DEFAULT), ('ca1d2bcf-5a98-5759-81b6-75e3ed47122a', '882c7ae5-914f-539d-8207-691de536097f', 12, 'private', 'Objective Focused Strategy', '{"dolor veniam","esse voluptate","velit labore proident incididunt","dolor","Lorem ipsum sunt laborum"}', DEFAULT, DEFAULT), ('77b1dab4-a856-5c18-bb24-053f8869bc5b', '882c7ae5-914f-539d-8207-691de536097f', 14, 'private', 'Rotation Strategy Document', '{"Lorem in mollit","ex ipsum reprehenderit minim","in eiusmod pariatur culpa cupida","ipsum laborum et magna","commodo amet aute","cillum","tempor elit","deserunt dolor fugiat","excepteur culpa"}', DEFAULT, DEFAULT), ('08b3c695-d6fb-54e4-9ef2-bf508a57adc1', 'd297ab9e-40d4-51b5-bb8f-a1df399f1a9a', 16, 'public', 'Aggressive Rush Strategy', '{"incididunt","duis exercitation tempor eiusmod","quis","magna id","duis consequat laborum nostrud m"}', DEFAULT, DEFAULT), ('7dc16d02-274a-5e7f-bc31-6af29982313f', '438bff0e-fd50-5c86-89ee-d397a0c0e548', 17, 'private', 'Late Game Scaling Strategy', '{"ea esse ipsum qui","veniam cupidatat elit","cillum do non","esse tempor enim","reprehenderit","sunt laborum adipisicing ex","voluptate ipsum","quis quis","dolore proident ut"}', DEFAULT, DEFAULT), ('acad405c-f8e9-559b-bd11-e0ffc3bebca6', '549980e7-3e77-5d76-b263-84664d04b209', 11, 'unlisted', 'Siege Tactics Handbook', '{"ullamco ut ex","excepteur culpa eu aliquip dolor","culpa","consectetur","anim ex"}', DEFAULT, DEFAULT), ('16d95573-87cd-5d45-be45-e8a020ba40ac', 'a5831e58-2fc9-5b59-970d-00c344a4eb18', 11, 'private', 'Counter Pick Blueprint', '{"elit"}', DEFAULT, DEFAULT), ('5a993b43-eca0-563f-b6c9-fdd440759e85', 'b7a89d05-549f-565f-b631-b59097e91d1a', 15, 'unlisted', 'Team Fight Execution Plan', '{"amet minim officia labore nisi","occaecat sunt officia aliqua"}', DEFAULT, DEFAULT), ('f7bfc2c8-d52a-5806-97fd-77bd67d93b23', 'd9bba68a-079c-5141-bd43-756b87167584', 13, 'unlisted', 'Counter Pick Blueprint', '{"eiusmod ex anim nulla","dolor magna minim","officia esse eiusmod do","laborum"}', DEFAULT, DEFAULT), ('748d5a8c-f2bf-5974-9c72-24f98b85813b', 'a3141029-aec2-543b-b18a-49fe947e3304', 12, 'private', 'Defensive Turtle Tactics', '{"incididunt in labore","adipisicing laborum","quis qui pariatur","cillum ex"}', DEFAULT, DEFAULT), ('808d9117-ba04-5cb0-8827-639e2642b0ee', '2589cf16-4103-5a4f-b544-b30078083eaa', 18, 'public', 'Team Fight Execution Plan', '{"labore excepteur aliquip anim","cillum enim dolor","adipisicing id"}', DEFAULT, DEFAULT), ('e0185351-5b08-58b2-bd3e-c09965750112', 'b64d0217-6a7b-5682-8927-676434f72be9', 19, 'public', 'Roaming Support Plan', '{"consequat cillum","aliqua ut laboris magna exercita"}', DEFAULT, DEFAULT), ('993f7ab3-9b54-5771-a99e-0c6d75a1f37d', '8a0a556f-d942-55f0-8ba8-1ffbfaf3c6d9', 14, 'unlisted', 'Late Game Scaling Strategy', '{}', DEFAULT, DEFAULT), ('bdb5114a-76d3-5fe4-944c-043e7ebd99da', '9b1fc781-1e4e-56d2-bd68-0dc257a319c0', 18, 'public', 'Baron Control Strategy', '{"voluptate dolor et adipisicing","nostrud aliquip ipsum elit","id consectetur officia dolore"}', DEFAULT, DEFAULT), ('aa4964a1-4611-5528-9df9-ef170866214f', 'd297ab9e-40d4-51b5-bb8f-a1df399f1a9a', 13, 'unlisted', 'Baron Control Strategy', '{"pariatur Lorem tempor","ad voluptate dolore","ipsum mollit minim","duis nulla ut ea","non culpa aliqua culpa","Lorem do velit elit","duis commodo nulla","ullamco"}', DEFAULT, DEFAULT), ('ec14513a-7d3c-5172-b68b-d531791ec9de', '9b1fc781-1e4e-56d2-bd68-0dc257a319c0', 17, 'private', 'Aggressive Rush Strategy', '{"eu aliqua cupidatat est Lorem","dolor laborum consequat id fugia","aute enim deserunt ullamco","consequat aliqua excepteur"}', DEFAULT, DEFAULT), ('a0f81f50-aa3d-5780-b485-a54fb7b7833a', '1e7e0bcb-4fc0-5d72-81a5-d67a74a13595', 20, 'private', 'Team Fight Execution Plan', '{"culpa Lorem eu cupidatat","eiusmod","commodo irure duis ex aute","irure sit incididunt","dolore"}', DEFAULT, DEFAULT), ('aabd5608-e04b-5bd8-8d75-d004a1b17409', 'ac9f0e3e-b030-584f-a8dd-87355fe22537', 20, 'unlisted', 'Objective Focused Strategy', '{"cupidatat aliquip","proident est labore voluptate","ex cupidatat ipsum","reprehenderit nulla nisi occaeca"}', DEFAULT, DEFAULT), ('7bcc2b79-de31-5963-9cfd-559af77da3be', '1e7e0bcb-4fc0-5d72-81a5-d67a74a13595', 18, 'unlisted', 'Wave Management Plan', '{"fugiat cupidatat"}', DEFAULT, DEFAULT), ('b4293a01-a1be-5e58-a088-abc550c9f820', 'a88bc9b9-135e-55c7-8c4c-5a072a3c8573', 14, 'private', 'Early Game Dominance Guide', '{"laborum exercitation culpa offic"}', DEFAULT, DEFAULT), ('a97e2960-b385-5f99-88c2-9e562f32234e', 'a88bc9b9-135e-55c7-8c4c-5a072a3c8573', 17, 'public', 'Team Fight Execution Plan', '{"veniam nulla fugiat","exercitation officia","ut labore","commodo non duis labore"}', DEFAULT, DEFAULT), ('db39a462-f36a-54ba-b38e-2fcf35273cba', 'd297ab9e-40d4-51b5-bb8f-a1df399f1a9a', 13, 'private', 'Counter Pick Blueprint', '{"do et labore","occaecat labore id ipsum","fugiat minim","qui labore","veniam aute ex et","magna sint","reprehenderit veniam Lorem","eiusmod aliqua reprehenderit con"}', DEFAULT, DEFAULT), ('35dc016a-9edc-565d-923e-9bee9a60bd24', '98eaafd3-adbf-5a3e-adb9-b3fb6971b6f1', 14, 'public', 'Siege Tactics Handbook', '{"Lorem esse et","excepteur nulla consectetur cill","deserunt","Lorem deserunt tempor","amet minim","ullamco mollit","enim cupidatat","irure elit enim"}', DEFAULT, DEFAULT), ('61e4dc6c-b183-5c81-91cb-8dc622fd6913', '882c7ae5-914f-539d-8207-691de536097f', 12, 'unlisted', 'Siege Tactics Handbook', '{"aliquip sunt","ut laboris adipisicing","deserunt eu ad occaecat","fugiat consequat commodo reprehe","culpa laboris minim","do"}', DEFAULT, DEFAULT), ('b5df5eae-45e8-5f54-a8f9-351afabf5f65', 'b64d0217-6a7b-5682-8927-676434f72be9', 19, 'unlisted', 'Rotation Strategy Document', '{"dolore culpa excepteur","fugiat elit","magna excepteur sit veniam Lorem","culpa","dolore pariatur","voluptate","pariatur elit","ipsum sunt","cillum nostrud nulla"}', DEFAULT, DEFAULT), ('18aa22db-700e-5a8a-892c-5bf7b7da1bbf', '1e7e0bcb-4fc0-5d72-81a5-d67a74a13595', 12, 'public', 'Aggressive Rush Strategy', '{"reprehenderit excepteur","aliqua","commodo in sint excepteur","sunt labore occaecat officia","duis cupidatat non"}', DEFAULT, DEFAULT), ('7c9a7a2f-bf97-5fb7-9ff3-bb3e363fce60', 'd19db439-c7e7-53a7-aa19-0db346180dc1', 12, 'unlisted', 'Gank Heavy Approach', '{"exercitation labore aliqua ut vo","velit amet","mollit esse nisi"}', DEFAULT, DEFAULT), ('93216013-7bd8-59b1-a3f0-b1087d4d7f00', '882c7ae5-914f-539d-8207-691de536097f', 17, 'public', 'Secure Objective Playbook', '{"nisi","ad tempor ea","laboris elit","veniam pariatur ipsum pariatur","sit voluptate anim deserunt","aliqua exercitation dolore velit","dolor","tempor aliqua mollit nostrud"}', DEFAULT, DEFAULT), ('3e057cf2-df3a-50e5-82fa-e2dcf87ebd5a', 'b64d0217-6a7b-5682-8927-676434f72be9', 13, 'public', 'Secure Objective Playbook', '{"quis excepteur nostrud velit"}', DEFAULT, DEFAULT), ('e3f5f266-44d3-5096-b897-56678a5f974b', '756cbb59-27d6-58f3-b4b9-8b56121e683f', 20, 'private', 'Vision Denial Blueprint', '{"aute eiusmod","ullamco sit sint laboris","consequat commodo culpa laboris","reprehenderit labore labore ea","velit eiusmod"}', DEFAULT, DEFAULT), ('ffbcf0c1-44bb-549f-ba50-18e1e874a611', 'd19db439-c7e7-53a7-aa19-0db346180dc1', 13, 'private', 'Counter Pick Blueprint', '{"id irure quis ut commodo","laborum exercitation","veniam ex esse","occaecat enim reprehenderit ex d","adipisicing nostrud excepteur te"}', DEFAULT, DEFAULT), ('c4f414cf-451e-5497-88db-62020e3a0dc5', '91434b27-2651-5429-8f42-45c3f8e334a0', 12, 'private', 'Baron Control Strategy', '{"et nulla pariatur magna","Lorem fugiat qui"}', DEFAULT, DEFAULT), ('a109823a-0d02-5064-b8ef-3186d6d08cb0', '2589cf16-4103-5a4f-b544-b30078083eaa', 11, 'private', 'Aggressive Rush Strategy', '{"amet","non anim"}', DEFAULT, DEFAULT), ('3e4b1eac-b214-5aaa-a7f0-29af8a5b2ce9', '6c52c1d9-13a4-51ef-ae51-1dacc4c14be9', 11, 'public', 'Rotation Strategy Document', '{"pariatur cillum pariatur adipisi","sint","aliquip Lorem pariatur"}', DEFAULT, DEFAULT), ('72819b1c-0a2a-5e86-b5bc-5741c2854f96', 'f4b5542b-ba61-519e-a8d2-5793282ad487', 12, 'private', 'Split Push Blueprint', '{}', DEFAULT, DEFAULT), ('b5d7b26a-56f4-59fc-853e-1a1306ab6e95', 'd19db439-c7e7-53a7-aa19-0db346180dc1', 13, 'public', 'Objective Focused Strategy', '{"ea consectetur","eu","qui","sit anim officia quis","nulla commodo","mollit dolor excepteur","Lorem et consequat in consectetu"}', DEFAULT, DEFAULT), ('29365629-31e8-5e53-b1ae-ffdad1c2009e', '98eaafd3-adbf-5a3e-adb9-b3fb6971b6f1', 14, 'unlisted', 'Jungle Control Playbook', '{"adipisicing cupidatat ut","adipisicing veniam exercitation ","magna eu do proident commodo","aliquip voluptate"}', DEFAULT, DEFAULT), ('ef9b1028-31e2-59d9-a64e-2a4d1686e96e', '1e7e0bcb-4fc0-5d72-81a5-d67a74a13595', 20, 'unlisted', 'Objective Focused Strategy', '{"adipisicing labore","sit et excepteur sint aliqua"}', DEFAULT, DEFAULT), ('51f9c2fa-a6a8-5d1e-9ef8-efb89c34ee1c', 'eda91f04-12ef-5904-88aa-e6ed9a692e03', 19, 'private', 'Split Push Blueprint', '{"aliqua id excepteur","veniam eiusmod ea","proident dolor","labore consequat id pariatur","cupidatat magna in","amet magna enim","enim eiusmod non irure"}', DEFAULT, DEFAULT), ('930338c0-ea8e-56fc-b2df-a68255a6182c', '3ff60d7a-a4ad-54c5-a422-53b52cd53093', 17, 'private', 'Aggressive Rush Strategy', '{"ipsum consectetur","tempor est id","minim eiusmod velit incididunt","mollit nisi sit est nisi","officia officia"}', DEFAULT, DEFAULT), ('14f0b4c0-9d33-5d68-85ae-cc3d31b6b19e', '98eaafd3-adbf-5a3e-adb9-b3fb6971b6f1', 16, 'public', 'Jungle Control Playbook', '{"minim fugiat ea","nulla sint proident","nostrud dolor occaecat","amet","elit mollit","excepteur labore cupidatat","anim ad","consectetur"}', DEFAULT, DEFAULT), ('7c51f66f-cf81-571f-a65c-f571f1f39cc9', '2d1d7734-be70-5d07-a538-e76c6cae722e', 20, 'private', 'Roaming Support Plan', '{"non deserunt voluptate est"}', DEFAULT, DEFAULT), ('764b9b2a-d477-5bff-a789-cba064ac71f8', '8a0a556f-d942-55f0-8ba8-1ffbfaf3c6d9', 14, 'public', 'Vision Control Blueprint', '{}', DEFAULT, DEFAULT), ('1125d49b-2ad6-5500-bd14-7e0649f5dd73', '2d1d7734-be70-5d07-a538-e76c6cae722e', 12, 'unlisted', 'Team Fight Execution Plan', '{"dolor do excepteur sint"}', DEFAULT, DEFAULT), ('de1d5557-45c4-5747-8c2d-f8c09704db25', '8b7e423b-b9b9-5b3c-bf3d-1aa45d16235c', 13, 'private', 'Baron Control Strategy', '{"eiusmod","reprehenderit laborum officia","occaecat pariatur","dolor velit sint deserunt fugiat","duis proident ex occaecat","laborum","et","laboris"}', DEFAULT, DEFAULT), ('dc2759a8-51ca-575d-9678-0ac64e900648', 'f4b5542b-ba61-519e-a8d2-5793282ad487', 20, 'private', 'Late Game Scaling Strategy', '{}', DEFAULT, DEFAULT), ('8c0ef303-3ae4-5fe5-b0be-ef1788ae8707', 'd1b8f3f8-af26-5088-8712-273c28ba98f7', 12, 'public', 'Vision Control Blueprint', '{"minim","amet mollit","sit","veniam dolor excepteur deserunt","eiusmod aliquip nostrud anim","minim excepteur","aliqua eiusmod"}', DEFAULT, DEFAULT), ('ddd094e1-b8f4-560e-b960-af5227a9b337', '91fa3874-9437-5dfa-a49a-f19fb38d9e92', 14, 'unlisted', 'Map Control Blueprint', '{"sunt ullamco nostrud","dolor cupidatat sunt","consequat nostrud nostrud","in"}', DEFAULT, DEFAULT), ('4bd93d1d-9da0-508d-a30a-5cd1fe2e858d', 'a88bc9b9-135e-55c7-8c4c-5a072a3c8573', 12, 'public', 'Baron Control Strategy', '{"est minim","proident tempor aute","minim ut amet"}', DEFAULT, DEFAULT), ('2d25022b-866c-584e-895d-11b8a727c08f', '1e7e0bcb-4fc0-5d72-81a5-d67a74a13595', 18, 'public', 'Jungle Control Playbook', '{"voluptate proident elit pariatur","ipsum qui","irure sit minim","excepteur deserunt","est duis ea non","deserunt ut mollit voluptate","mollit","eiusmod proident aliquip","in amet veniam reprehenderit"}', DEFAULT, DEFAULT), ('8d4a5d0e-3ef8-5e54-ac1b-6a14acb1ad0e', '8a0a556f-d942-55f0-8ba8-1ffbfaf3c6d9', 19, 'private', 'Team Fight Execution Plan', '{"tempor","sunt consequat"}', DEFAULT, DEFAULT), ('6b889196-1556-5eef-89c0-e7506a0ca45b', 'b32027db-33da-5dc2-b906-e0c2a06ac683', 11, 'public', 'Baron Control Strategy', '{"cillum eu","sit non mollit eiusmod","mollit","reprehenderit","ea","tempor amet adipisicing adipisic","nisi enim consequat","tempor ipsum aliquip minim duis"}', DEFAULT, DEFAULT), ('e6b5025c-d432-567c-bc94-e80f642225ff', 'e4de1a09-bd9a-5e42-b92c-2cb1af28bec6', 17, 'public', 'Aggressive Rush Strategy', '{"laboris in laborum nisi","et minim fugiat","eiusmod irure sunt dolor consequ"}', DEFAULT, DEFAULT), ('4d0eaa15-67e7-50e5-bd92-8596a8c41516', '756cbb59-27d6-58f3-b4b9-8b56121e683f', 19, 'public', 'Jungle Control Playbook', '{"ad incididunt amet","minim excepteur laborum","ex sit","aute officia cillum voluptate","duis ut quis velit id","duis"}', DEFAULT, DEFAULT), ('c2405ac9-0838-5ce8-a85b-e6db0fbe6c10', 'b32027db-33da-5dc2-b906-e0c2a06ac683', 17, 'unlisted', 'Early Game Dominance Guide', '{"ullamco eu","magna","et quis adipisicing","dolor aliquip quis","consectetur excepteur eu","enim duis"}', DEFAULT, DEFAULT), ('c8df1446-9b17-5687-8ff4-001003cfca37', '8b7e423b-b9b9-5b3c-bf3d-1aa45d16235c', 20, 'private', 'Jungle Control Playbook', '{"fugiat aute exercitation proiden","cupidatat occaecat","ut veniam sint","minim ipsum ipsum deserunt","culpa","consectetur tempor","ut do ea occaecat nulla"}', DEFAULT, DEFAULT), ('f706294d-163e-5aef-a517-eae489067781', '3ff60d7a-a4ad-54c5-a422-53b52cd53093', 12, 'public', 'Counter Pick Blueprint', '{"nostrud ut irure","culpa do","elit culpa","anim","incididunt labore do","pariatur esse","excepteur enim","ipsum consequat voluptate mollit"}', DEFAULT, DEFAULT), ('bee3d023-7908-5b1b-a6e7-320078c804bf', '549980e7-3e77-5d76-b263-84664d04b209', 11, 'private', 'Roaming Support Plan', '{"eiusmod qui et laborum irure","est deserunt","ut consequat"}', DEFAULT, DEFAULT), ('d607d7db-ee7a-57fa-b0f1-08a24201e561', '882c7ae5-914f-539d-8207-691de536097f', 16, 'unlisted', 'Objective Focused Strategy', '{"officia incididunt nisi duis exc"}', DEFAULT, DEFAULT), ('6db5eb76-a4d8-59b2-8682-ac0a5dca423f', 'a3141029-aec2-543b-b18a-49fe947e3304', 15, 'public', 'Objective Focused Strategy', '{"consectetur occaecat non enim","voluptate nostrud","cupidatat velit aliqua","aute laborum Lorem","labore id quis culpa"}', DEFAULT, DEFAULT), ('f0859c52-737d-58da-9c95-b804668a9ae6', 'b32027db-33da-5dc2-b906-e0c2a06ac683', 12, 'public', 'Gank Heavy Approach', '{"laboris proident reprehenderit"}', DEFAULT, DEFAULT), ('f843e0b1-5e16-5c9e-923e-e155f87b2422', '882c7ae5-914f-539d-8207-691de536097f', 19, 'unlisted', 'Aggressive Rush Strategy', '{"eiusmod veniam officia mollit","consectetur eiusmod ea","sint nulla esse","ad consectetur","dolore","dolor sint"}', DEFAULT, DEFAULT), ('971d3e7d-1fd1-5fd1-ba3a-0a99dda2cb04', 'b64d0217-6a7b-5682-8927-676434f72be9', 18, 'public', 'Secure Objective Playbook', '{"veniam dolor aute magna","eu pariatur","non proident labore qui sit","consectetur pariatur enim","reprehenderit dolore eiusmod dol","eu proident","sunt","velit commodo nisi deserunt repr","excepteur quis dolor","consequat eu non eu incididunt"}', DEFAULT, DEFAULT), ('51c6dab5-99f7-56c9-a820-7cfc76e25abf', 'a5831e58-2fc9-5b59-970d-00c344a4eb18', 19, 'public', 'Early Game Dominance Guide', '{"reprehenderit","culpa non occaecat","elit amet pariatur","aliqua tempor","fugiat","elit ullamco id","enim veniam Lorem aute excepteur","nostrud ea"}', DEFAULT, DEFAULT), ('88430d1c-f998-5183-ac05-d06b362a058a', 'd1b8f3f8-af26-5088-8712-273c28ba98f7', 15, 'public', 'Map Control Blueprint', '{}', DEFAULT, DEFAULT), ('fc959555-d183-544e-8cf6-52532b383f25', 'ac9f0e3e-b030-584f-a8dd-87355fe22537', 20, 'private', 'Jungle Control Playbook', '{"excepteur exercitation elit volu","nisi et quis","consequat ipsum","reprehenderit nostrud ea","mollit ipsum in Lorem","occaecat ullamco voluptate","dolore pariatur voluptate laboru"}', DEFAULT, DEFAULT), ('94935318-fc9b-5864-874e-912b663c75f7', 'b7a89d05-549f-565f-b631-b59097e91d1a', 20, 'private', 'Defensive Turtle Tactics', '{"non dolor","fugiat ipsum id incididunt","ea","non pariatur laborum","minim minim dolore","cupidatat commodo aliqua","do aliqua incididunt do","ad sint"}', DEFAULT, DEFAULT), ('ea529f5a-add2-5f29-a44d-2a799c7ab051', '2589cf16-4103-5a4f-b544-b30078083eaa', 17, 'unlisted', 'Early Game Dominance Guide', '{"id in ea","nisi Lorem laboris cupidatat","commodo","sunt sunt do ut","pariatur officia","veniam occaecat nostrud qui"}', DEFAULT, DEFAULT), ('b2bd3c17-1864-5b1f-8d71-b6fe96b48ba6', '91fa3874-9437-5dfa-a49a-f19fb38d9e92', 14, 'public', 'Early Game Dominance Guide', '{"occaecat ut","velit aliquip velit et incididun","minim","reprehenderit excepteur laboris ","sint non","quis","irure nisi ipsum eiusmod","ea commodo ad adipisicing"}', DEFAULT, DEFAULT), ('a46777c9-6f34-5718-a195-68edd93e1d42', 'b32027db-33da-5dc2-b906-e0c2a06ac683', 11, 'private', 'Split Push Blueprint', '{"aliquip","mollit consequat labore et sunt","minim mollit","enim cillum","dolore","deserunt mollit deserunt","eu et esse anim quis"}', DEFAULT, DEFAULT), ('0f3df2fb-dd6e-55b9-9f86-0babb8fec748', '2589cf16-4103-5a4f-b544-b30078083eaa', 14, 'public', 'Vision Control Blueprint', '{}', DEFAULT, DEFAULT), ('95bb7f47-209b-5f16-a018-19e8f23e6e16', '9bf2ad50-cccb-50eb-8269-3a7e78bd21f5', 15, 'public', 'Jungle Control Playbook', '{"consectetur eu nisi"}', DEFAULT, DEFAULT), ('78959a88-41ee-5d40-85cb-71e22f4c47aa', '8a0a556f-d942-55f0-8ba8-1ffbfaf3c6d9', 16, 'public', 'Jungle Control Playbook', '{"culpa","sunt"}', DEFAULT, DEFAULT), ('a9e614f8-c87a-596e-bdaf-6e577865453e', '6c52c1d9-13a4-51ef-ae51-1dacc4c14be9', 18, 'public', 'Siege Tactics Handbook', '{"ullamco ea enim quis","commodo tempor Lorem amet","magna labore ut irure cillum","aliqua eu","dolor","nostrud dolore","sint exercitation amet","voluptate","laborum occaecat"}', DEFAULT, DEFAULT), ('f80096a0-59ff-58f8-a58f-cd508cb0f33e', '438bff0e-fd50-5c86-89ee-d397a0c0e548', 17, 'public', 'Defensive Turtle Tactics', '{"exercitation labore","reprehenderit","reprehenderit deserunt","anim in","duis culpa reprehenderit labore"}', DEFAULT, DEFAULT), ('a444e395-f85a-5fcf-904b-e713df3a17f6', 'b7a89d05-549f-565f-b631-b59097e91d1a', 18, 'public', 'Siege Tactics Handbook', '{"ullamco"}', DEFAULT, DEFAULT);
INSERT INTO public.member_role (id,name,flags) VALUES (4, 'owner', 511), (5, 'editor', 23), (6, 'viewer', 1);
SELECT setval('"public"."member_role_id_seq"'::regclass, (SELECT MAX("id") FROM "public"."member_role"));
