INSERT INTO public.game (id,name,alias,icon,hidden,metadata,created_at) VALUES (1, 'Consectetur Tempor', 'NBA2K', 'https://svgshare.com/i/15iw.svg', 'f', '{"player_count":5,"gadgets_per_character":2}', DEFAULT), (2, 'Sint Occaecat', 'NBA2K', 'https://svgshare.com/i/15iw.svg', 'f', '{"player_count":5,"gadgets_per_character":2}', DEFAULT), (3, 'Laborum Laborum', 'GTA', 'https://svgshare.com/i/15iw.svg', 'f', '{"player_count":5,"gadgets_per_character":2}', DEFAULT), (4, 'Culpa', 'PUBG', 'https://svgshare.com/i/15iw.svg', 'f', '{"player_count":5,"gadgets_per_character":2}', DEFAULT);
INSERT INTO public.game_object (id,game_id,type,name,url,metadata) VALUES (1, 1, 'character', 'ipsum elit', 'https://svgshare.com/i/16EY.svg', '{"Molest":"Horribille ut metu"}'), (2, 1, 'character', 'ad sint', 'https://svgshare.com/i/16EY.svg', '{"Omorari":"Es gloriae"}'), (3, 1, 'gadget', 'commodo', 'https://svgshare.com/i/16EY.svg', '{"Isti":"Causa non maloribus"}'), (4, 1, 'floor', 'aute dolor', 'https://svgshare.com/i/16EY.svg', '{"Ii":"Cursionibus desid omnium"}'), (5, 1, 'character', 'ea do proident', 'https://svgshare.com/i/16EY.svg', '{"Abiliustit":"Scriberror iudexpetuam"}'), (6, 1, 'gadget', 'irure sunt aliqua', 'https://svgshare.com/i/16EY.svg', '{"Expetus":"Motu multos"}'), (7, 1, 'gadget', 'cupidatat nostrud mollit', 'https://svgshare.com/i/16EY.svg', '{"Litterastris":"Epicitia quo sapientia"}'), (8, 1, 'floor', 'nulla fugiat velit', 'https://svgshare.com/i/16EY.svg', '{"Rationistis":"Cum in"}'), (9, 1, 'floor', 'velit', 'https://svgshare.com/i/16EY.svg', '{"Legimper":"Doloris endum perspici"}'), (10, 1, 'character', 'qui aliquip', 'https://svgshare.com/i/16EY.svg', '{"Indivinter":"Reret sentenebo per"}'), (11, 1, 'floor', 'do incididunt', 'https://svgshare.com/i/16EY.svg', '{"Iudici":"Aut ratione nihilius"}'), (12, 1, 'gadget', 'et magna reprehenderit', 'https://svgshare.com/i/16EY.svg', '{"Indignisi":"Locum mediocritum"}'), (13, 1, 'character', 'id enim', 'https://svgshare.com/i/16EY.svg', '{"Probabilit":"Tibi dolorum"}'), (14, 1, 'character', 'irure ullamco', 'https://svgshare.com/i/16EY.svg', '{"Difficerim":"Quae infinire celeret"}'), (15, 1, 'floor', 'sit ex anim', 'https://svgshare.com/i/16EY.svg', '{"Ego":"Are itur"}'), (16, 1, 'floor', 'ea', 'https://svgshare.com/i/16EY.svg', '{"Inem":"Sit quem"}'), (17, 1, 'floor', 'ea dolore dolor', 'https://svgshare.com/i/16EY.svg', '{"Seditaque":"In beata triarius"}'), (18, 1, 'character', 'ea laboris Lorem', 'https://svgshare.com/i/16EY.svg', '{"Quod":"Alter mihi cum"}'), (19, 1, 'character', 'laborum sunt', 'https://svgshare.com/i/16EY.svg', '{"Et":"Ius quam"}'), (20, 1, 'character', 'ad ut', 'https://svgshare.com/i/16EY.svg', '{"Utillo":"Modo qui philosoptim"}'), (21, 1, 'floor', 'aliqua', 'https://svgshare.com/i/16EY.svg', '{"Si":"Um ani molest"}'), (22, 1, 'character', 'adipisicing', 'https://svgshare.com/i/16EY.svg', '{"Eo":"Ationumen ant"}'), (23, 1, 'floor', 'reprehenderit', 'https://svgshare.com/i/16EY.svg', '{"Ilesse":"Eum metus"}'), (24, 1, 'floor', 'exercitation consequat laboris', 'https://svgshare.com/i/16EY.svg', '{"De":"Sed nostris"}'), (25, 1, 'floor', 'sit dolor veniam', 'https://svgshare.com/i/16EY.svg', '{"Sancircum":"A quod mutanda"}'), (26, 1, 'floor', 'enim', 'https://svgshare.com/i/16EY.svg', '{"Praeclare":"Duo esse al"}'), (27, 1, 'character', 'sit anim cillum', 'https://svgshare.com/i/16EY.svg', '{"Omnium":"Esse fortitio"}'), (28, 1, 'character', 'quis', 'https://svgshare.com/i/16EY.svg', '{"Imo":"Tota probartibus"}'), (29, 1, 'floor', 'cupidatat', 'https://svgshare.com/i/16EY.svg', '{"Convenis":"In tamendae quantus"}'), (30, 1, 'floor', 'laborum officia', 'https://svgshare.com/i/16EY.svg', '{"Transferrem":"Recus es"}'), (31, 1, 'character', 'adipisicing labore exercitation', 'https://svgshare.com/i/16EY.svg', '{"Aut":"Moderem hominstructus"}'), (32, 1, 'character', 'Lorem eu aliquip', 'https://svgshare.com/i/16EY.svg', '{"Cum":"Propterunt debillo ea"}'), (33, 1, 'gadget', 'ea aliqua ex', 'https://svgshare.com/i/16EY.svg', '{"Ipsa":"Eum delectari non"}'), (34, 1, 'gadget', 'Lorem culpa voluptate', 'https://svgshare.com/i/16EY.svg', '{"Iucuniae":"Et dubita"}'), (35, 1, 'character', 'excepteur quis', 'https://svgshare.com/i/16EY.svg', '{"Sed":"Non etiam politatib"}'), (36, 1, 'floor', 'non esse', 'https://svgshare.com/i/16EY.svg', '{"Eturovat":"Facit musicit"}'), (37, 1, 'floor', 'laboris incididunt', 'https://svgshare.com/i/16EY.svg', '{"Ent":"Scribi modaretiam se"}'), (38, 1, 'floor', 'tempor est', 'https://svgshare.com/i/16EY.svg', '{"En":"Iudicur omnescio a"}'), (39, 1, 'character', 'officia voluptate', 'https://svgshare.com/i/16EY.svg', '{"Sit":"Anim eadem ido"}'), (40, 1, 'character', 'cupidatat magna', 'https://svgshare.com/i/16EY.svg', '{"Sol":"Ea mireria"}'), (41, 1, 'character', 'amet', 'https://svgshare.com/i/16EY.svg', '{"E":"Tamque seiunctum iudicultas"}'), (42, 1, 'gadget', 'nisi incididunt pariatur', 'https://svgshare.com/i/16EY.svg', '{"Quietem":"Nec quae perspicuum"}'), (43, 1, 'character', 'et proident', 'https://svgshare.com/i/16EY.svg', '{"Perspiciatur":"Quid ut"}'), (44, 2, 'floor', 'laborum qui', 'https://svgshare.com/i/16EY.svg', '{"Finibus":"Ad alterea deseratum"}'), (45, 2, 'floor', 'quis incididunt', 'https://svgshare.com/i/16EY.svg', '{"Corporis":"Hominsiden tum"}'), (46, 2, 'floor', 'non commodo', 'https://svgshare.com/i/16EY.svg', '{"Bonorum":"Docerit si"}'), (47, 2, 'gadget', 'et esse tempor', 'https://svgshare.com/i/16EY.svg', '{"Ego":"Enim reperis"}'), (48, 2, 'gadget', 'quis sit', 'https://svgshare.com/i/16EY.svg', '{"Libidit":"Dolore qui"}'), (49, 2, 'character', 'velit et do', 'https://svgshare.com/i/16EY.svg', '{"Sit":"Aliquarum est physicis"}'), (50, 2, 'gadget', 'aliquip voluptate anim', 'https://svgshare.com/i/16EY.svg', '{"Credo":"Et qua dolem"}'), (51, 2, 'floor', 'deserunt non', 'https://svgshare.com/i/16EY.svg', '{"Hac":"Vidis in modernator"}'), (52, 2, 'floor', 'adipisicing amet', 'https://svgshare.com/i/16EY.svg', '{"Probest":"Tollatin nihille propterenda"}'), (53, 2, 'character', 'exercitation', 'https://svgshare.com/i/16EY.svg', '{"Nutu":"Capti placet quam"}'), (54, 2, 'character', 'sint in', 'https://svgshare.com/i/16EY.svg', '{"Cuiquamurnit":"Enimperner timum"}'), (55, 2, 'floor', 'anim qui', 'https://svgshare.com/i/16EY.svg', '{"Susceptur":"Nostrum supplication"}'), (56, 2, 'floor', 'excepteur veniam', 'https://svgshare.com/i/16EY.svg', '{"Id":"Cur congressuspic iudice"}'), (57, 2, 'floor', 'veniam mollit ut', 'https://svgshare.com/i/16EY.svg', '{"Ea":"Legi philosophiae"}'), (58, 2, 'floor', 'quis nostrud adipisicing', 'https://svgshare.com/i/16EY.svg', '{"Sensio":"Autemoder modo"}'), (59, 2, 'gadget', 'excepteur', 'https://svgshare.com/i/16EY.svg', '{"Ratione":"Legere et"}'), (60, 2, 'floor', 'anim', 'https://svgshare.com/i/16EY.svg', '{"Vero":"Ratione latin et"}'), (61, 2, 'floor', 'ea', 'https://svgshare.com/i/16EY.svg', '{"Eum":"Nam scaevolum nullam"}'), (62, 2, 'character', 'tempor', 'https://svgshare.com/i/16EY.svg', '{"Nihillum":"Sed tibi"}'), (63, 2, 'character', 'elit consequat', 'https://svgshare.com/i/16EY.svg', '{"Sedulantib":"Idituro per"}'), (64, 2, 'floor', 'excepteur Lorem officia', 'https://svgshare.com/i/16EY.svg', '{"Placet":"Prospexitar omnes"}'), (65, 2, 'character', 'enim quis sint', 'https://svgshare.com/i/16EY.svg', '{"Ergo":"Facilius nec"}'), (66, 2, 'gadget', 'tempor officia ullamco', 'https://svgshare.com/i/16EY.svg', '{"Inorest":"Mundus est"}'), (67, 2, 'floor', 'pariatur', 'https://svgshare.com/i/16EY.svg', '{"Causae":"Doloribus quidem"}'), (68, 2, 'gadget', 'cupidatat', 'https://svgshare.com/i/16EY.svg', '{"Nisi":"Plane depravat"}'), (69, 2, 'floor', 'sit', 'https://svgshare.com/i/16EY.svg', '{"Integre":"Philos sed expectate"}'), (70, 2, 'floor', 'in', 'https://svgshare.com/i/16EY.svg', '{"Quidem":"Clamatomnis possunt"}'), (71, 2, 'character', 'consequat minim consectetur', 'https://svgshare.com/i/16EY.svg', '{"Delectam":"Bonas levate"}'), (72, 2, 'character', 'reprehenderit incididunt', 'https://svgshare.com/i/16EY.svg', '{"Metu":"Spe adverbum imo"}'), (73, 2, 'gadget', 'labore laboris', 'https://svgshare.com/i/16EY.svg', '{"Eo":"Studuisset ipsam"}'), (74, 2, 'floor', 'exercitation est', 'https://svgshare.com/i/16EY.svg', '{"Invenerim":"Defentur aliquod"}'), (75, 2, 'character', 'commodo occaecat ad', 'https://svgshare.com/i/16EY.svg', '{"Et":"Quodsi dicet nis"}'), (76, 2, 'floor', 'sint', 'https://svgshare.com/i/16EY.svg', '{"Chaere":"Maioribus nisi am"}'), (77, 2, 'character', 'consequat incididunt aute', 'https://svgshare.com/i/16EY.svg', '{"Tum":"Me quibus aut"}'), (78, 2, 'character', 'eu do irure', 'https://svgshare.com/i/16EY.svg', '{"Mentitil":"Nullo p docui"}'), (79, 2, 'gadget', 'aute esse', 'https://svgshare.com/i/16EY.svg', '{"Ento":"Dolerum labefaces sensu"}'), (80, 2, 'gadget', 'irure occaecat et', 'https://svgshare.com/i/16EY.svg', '{"Ita":"Omnia cum"}'), (81, 2, 'character', 'reprehenderit pariatur', 'https://svgshare.com/i/16EY.svg', '{"Homo":"Qua novi"}'), (82, 3, 'floor', 'Lorem', 'https://svgshare.com/i/16EY.svg', '{"Genuit":"Cotidcirco omnium"}'), (83, 3, 'floor', 'consectetur commodo proident', 'https://svgshare.com/i/16EY.svg', '{"Autem":"In fieri nec"}'), (84, 3, 'floor', 'minim', 'https://svgshare.com/i/16EY.svg', '{"Totum":"Graeca aboresse"}'), (85, 3, 'gadget', 'laboris irure', 'https://svgshare.com/i/16EY.svg', '{"Am":"Tantopermit quae careat"}'), (86, 3, 'floor', 'dolore esse', 'https://svgshare.com/i/16EY.svg', '{"A":"Esse fieri"}'), (87, 3, 'character', 'ea', 'https://svgshare.com/i/16EY.svg', '{"Idque":"Voluptare sint as"}'), (88, 3, 'floor', 'excepteur', 'https://svgshare.com/i/16EY.svg', '{"Hominam":"Maloriant sus poterudin"}'), (89, 3, 'floor', 'sunt occaecat', 'https://svgshare.com/i/16EY.svg', '{"Igita":"Uti orest ini"}'), (90, 3, 'floor', 'eiusmod ullamco', 'https://svgshare.com/i/16EY.svg', '{"Videt":"Nomin ipsi"}'), (91, 3, 'character', 'fugiat', 'https://svgshare.com/i/16EY.svg', '{"Vi":"Ut impendere"}'), (92, 3, 'gadget', 'cillum exercitation', 'https://svgshare.com/i/16EY.svg', '{"Appellat":"Te nunc rebus"}'), (93, 3, 'gadget', 'commodo', 'https://svgshare.com/i/16EY.svg', '{"Decornatur":"Ipsa fruenda aut"}'), (94, 3, 'gadget', 'consequat ex eiusmod', 'https://svgshare.com/i/16EY.svg', '{"Ne":"Epicab cum propterire"}'), (95, 3, 'floor', 'aute nisi', 'https://svgshare.com/i/16EY.svg', '{"Alem":"In discipi endum"}'), (96, 3, 'character', 'duis nulla', 'https://svgshare.com/i/16EY.svg', '{"M":"Puerillud autem e"}'), (97, 3, 'gadget', 'aliquip est', 'https://svgshare.com/i/16EY.svg', '{"Salutrumque":"Arbitrore falsi"}'), (98, 3, 'gadget', 'aliquip ut incididunt', 'https://svgshare.com/i/16EY.svg', '{"Utionis":"Ad ina"}'), (99, 3, 'gadget', 'dolore mollit', 'https://svgshare.com/i/16EY.svg', '{"Potius":"In laborem lud"}'), (100, 3, 'gadget', 'quis', 'https://svgshare.com/i/16EY.svg', '{"Alita":"Videre aliae"}'), (101, 3, 'gadget', 'in deserunt', 'https://svgshare.com/i/16EY.svg', '{"Causa":"Malunt intellegim facillum"}'), (102, 3, 'gadget', 'sunt laborum', 'https://svgshare.com/i/16EY.svg', '{"Fugientiam":"Iudicita maximperdid"}'), (103, 3, 'floor', 'est laborum', 'https://svgshare.com/i/16EY.svg', '{"Fieri":"Nullo avis iturnitioq"}'), (104, 3, 'floor', 'duis', 'https://svgshare.com/i/16EY.svg', '{"Traderunt":"Tamentiam crucian longinquit"}'), (105, 3, 'character', 'elit occaecat', 'https://svgshare.com/i/16EY.svg', '{"Efac":"Et quae"}'), (106, 3, 'floor', 'pariatur', 'https://svgshare.com/i/16EY.svg', '{"Illa":"Beate praeda si"}'), (107, 3, 'floor', 'irure incididunt', 'https://svgshare.com/i/16EY.svg', '{"Eo":"Molest omnes"}'), (108, 3, 'floor', 'labore velit', 'https://svgshare.com/i/16EY.svg', '{"Probest":"Praeteremus cum"}'), (109, 3, 'gadget', 'deserunt sint sunt', 'https://svgshare.com/i/16EY.svg', '{"Ea":"Appetu sum docet"}'), (110, 3, 'gadget', 'proident reprehenderit', 'https://svgshare.com/i/16EY.svg', '{"Omnem":"Beate faciam affecta"}'), (111, 3, 'gadget', 'officia ex', 'https://svgshare.com/i/16EY.svg', '{"Scriben":"Imus torum id"}'), (112, 3, 'character', 'et proident proident', 'https://svgshare.com/i/16EY.svg', '{"Invitium":"It licam medium"}'), (113, 3, 'floor', 'proident excepteur', 'https://svgshare.com/i/16EY.svg', '{"Qui":"Te eoque es"}'), (114, 4, 'floor', 'cupidatat non', 'https://svgshare.com/i/16EY.svg', '{"Id":"Sitne am quisit"}'), (115, 4, 'character', 'veniam cillum', 'https://svgshare.com/i/16EY.svg', '{"Ignoratio":"Cumque etiam"}'), (116, 4, 'character', 'dolore aliqua', 'https://svgshare.com/i/16EY.svg', '{"Ii":"Primis eo itaque"}'), (117, 4, 'floor', 'id aliqua et', 'https://svgshare.com/i/16EY.svg', '{"Philos":"Deteret se"}'), (118, 4, 'gadget', 'deserunt anim', 'https://svgshare.com/i/16EY.svg', '{"Si":"Are dici possunt"}'), (119, 4, 'floor', 'consequat officia', 'https://svgshare.com/i/16EY.svg', '{"Quorum":"Modum metu"}'), (120, 4, 'gadget', 'ullamco', 'https://svgshare.com/i/16EY.svg', '{"De":"Tenercendi ne"}'), (121, 4, 'floor', 'mollit et', 'https://svgshare.com/i/16EY.svg', '{"Eamustatem":"Er voluptatis sed"}'), (122, 4, 'gadget', 'ad pariatur minim', 'https://svgshare.com/i/16EY.svg', '{"Est":"Modo recus"}'), (123, 4, 'floor', 'et ex fugiat', 'https://svgshare.com/i/16EY.svg', '{"Atam":"Iudicur tamendisced"}'), (124, 4, 'character', 'aliqua amet', 'https://svgshare.com/i/16EY.svg', '{"Sent":"Remis praetorest aliquisse"}'), (125, 4, 'gadget', 'proident adipisicing', 'https://svgshare.com/i/16EY.svg', '{"Ident":"Quae inionis deorsummum"}'), (126, 4, 'character', 'do nostrud duis', 'https://svgshare.com/i/16EY.svg', '{"Se":"Quod aut"}'), (127, 4, 'floor', 'est', 'https://svgshare.com/i/16EY.svg', '{"Fit":"Corpore leviores"}'), (128, 4, 'character', 'Lorem do', 'https://svgshare.com/i/16EY.svg', '{"Et":"Dubita omnissimos rebus"}'), (129, 4, 'character', 'duis velit nostrud', 'https://svgshare.com/i/16EY.svg', '{"Finiret":"In delici sit"}'), (130, 4, 'floor', 'qui commodo amet', 'https://svgshare.com/i/16EY.svg', '{"Adverbum":"Nomin faceribus ore"}'), (131, 4, 'floor', 'excepteur commodo', 'https://svgshare.com/i/16EY.svg', '{"Quietusque":"Conficerum duo"}'), (132, 4, 'floor', 'ad tempor', 'https://svgshare.com/i/16EY.svg', '{"Nisi":"Quam ut"}'), (133, 4, 'gadget', 'ullamco exercitation laborum', 'https://svgshare.com/i/16EY.svg', '{"Urbanitia":"Dolordation erunt ceteration"}'), (134, 4, 'gadget', 'tempor', 'https://svgshare.com/i/16EY.svg', '{"Quam":"Me nisi"}'), (135, 4, 'floor', 'velit esse ex', 'https://svgshare.com/i/16EY.svg', '{"Ratione":"Fuit videtura sequitassec"}'), (136, 4, 'gadget', 'aliqua', 'https://svgshare.com/i/16EY.svg', '{"Nihil":"Qua im"}'), (137, 4, 'character', 'duis exercitation', 'https://svgshare.com/i/16EY.svg', '{"Longinquit":"Itur ane"}'), (138, 4, 'floor', 'dolore ullamco commodo', 'https://svgshare.com/i/16EY.svg', '{"Esse":"Itas postremum"}'), (139, 4, 'character', 'commodo', 'https://svgshare.com/i/16EY.svg', '{"Quibus":"Aut genia"}'), (140, 4, 'character', 'voluptate amet', 'https://svgshare.com/i/16EY.svg', '{"Nostrum":"Ant dissensibi dicaveria"}'), (141, 4, 'floor', 'et elit', 'https://svgshare.com/i/16EY.svg', '{"Entis":"Ponit tentiae"}'), (142, 4, 'character', 'cupidatat ipsum', 'https://svgshare.com/i/16EY.svg', '{"Praeteret":"Posse quo"}'), (143, 4, 'gadget', 'laboris occaecat ut', 'https://svgshare.com/i/16EY.svg', '{"Quis":"Semperspici non"}'), (144, 4, 'character', 'tempor in', 'https://svgshare.com/i/16EY.svg', '{"Quas":"Disputatio am modo"}'), (145, 4, 'gadget', 'fugiat ea', 'https://svgshare.com/i/16EY.svg', '{"Laetitur":"Rem cumcisaque ant"}'), (146, 4, 'gadget', 'cillum pariatur', 'https://svgshare.com/i/16EY.svg', '{"Eius":"Qui omnino"}'), (147, 4, 'character', 'eiusmod', 'https://svgshare.com/i/16EY.svg', '{"Dixi":"Ea possunt"}'), (148, 4, 'gadget', 'incididunt irure', 'https://svgshare.com/i/16EY.svg', '{"Vitiis":"Tam eo etur"}'), (149, 4, 'floor', 'pariatur', 'https://svgshare.com/i/16EY.svg', '{"Conquis":"Voluptatem diesque e"}'), (150, 4, 'gadget', 'commodo id', 'https://svgshare.com/i/16EY.svg', '{"Um":"Defendarum est"}'), (151, 4, 'character', 'ea ex ipsum', 'https://svgshare.com/i/16EY.svg', '{"Vel":"Inanimper haec"}');
SELECT setval('"public"."game_id_seq"'::regclass, (SELECT MAX("id") FROM "public"."game"));
SELECT setval('"public"."game_object_id_seq"'::regclass, (SELECT MAX("id") FROM "public"."game_object"));
INSERT INTO public.team (id,name,plan_id,game_id,created_at,updated_at) VALUES ('7c2c4732-09c1-5f7b-87ca-c53e7497b4ef', 'Non Elit', NULL, 3, DEFAULT, DEFAULT), ('f50563b6-8532-51ec-b121-d8c6bca3e897', 'Ex Elit Est', NULL, 2, DEFAULT, DEFAULT), ('f1bf295c-195b-5a42-9c6b-5bfa14b58307', 'Ipsum Minim Sit', NULL, 2, DEFAULT, DEFAULT), ('e0eebbc8-63c9-5fee-b088-b3310b672c35', 'Dolore Cupidatat Aut', NULL, 2, DEFAULT, DEFAULT), ('1c17c04a-19f5-5c48-8b6b-48fe02257ffb', 'Veniam Elit Laboris ', NULL, 2, DEFAULT, DEFAULT), ('a2996c99-b8bb-5bf6-b789-844e821ceb82', 'Eiusmod Qui In Anim', NULL, 4, DEFAULT, DEFAULT), ('5d016028-a6a3-5268-91a3-91021dbfda0a', 'Officia Enim', NULL, 3, DEFAULT, DEFAULT), ('b279891e-05aa-528b-867b-dd6fe5fa77c8', 'Non Voluptate In', NULL, 4, DEFAULT, DEFAULT), ('ff53868f-9940-575d-8fa8-923808f93a53', 'Commodo Amet Excepte', NULL, 4, DEFAULT, DEFAULT), ('8172203a-00e7-5e0e-919b-2970e0d891df', 'Do Aliqua', NULL, 2, DEFAULT, DEFAULT), ('7b5ee10b-959f-565b-9dac-a4bab4f6c6bf', 'Eu Occaecat Culpa Qu', NULL, 2, DEFAULT, DEFAULT), ('38400370-0369-5239-8b08-499aef0591ef', 'Fugiat Laboris Tempo', NULL, 1, DEFAULT, DEFAULT), ('5e20f9a8-7b26-5a5f-8426-6b12c182d23c', 'Consequat Elit', NULL, 1, DEFAULT, DEFAULT), ('53fe0e9e-3358-5722-b994-4faad8733cd3', 'Dolore Voluptate', NULL, 3, DEFAULT, DEFAULT), ('e4834379-a7a0-5f41-8193-f598072b1c83', 'Sit Exercitation Eiu', NULL, 1, DEFAULT, DEFAULT), ('a9f91eda-269f-54d0-83de-05f0c2ecbf08', 'Nisi Qui Aliquip', NULL, 3, DEFAULT, DEFAULT), ('c0062d28-74ce-56b0-8124-852c5c4cdd1f', 'Fugiat Dolor Mollit', NULL, 1, DEFAULT, DEFAULT), ('a1d779f7-e622-5cd1-b766-eb2b7925b3c0', 'Ex Aliqua Reprehende', NULL, 3, DEFAULT, DEFAULT), ('bd4e2ea6-e7d4-5655-93cc-d1ed71c3483c', 'Non Velit Velit', NULL, 2, DEFAULT, DEFAULT), ('fb2f612f-57ab-526e-8b57-f5de07942107', 'Dolore Ipsum Ex', NULL, 1, DEFAULT, DEFAULT), ('38cee772-792e-54fe-ae0f-d62f75f71c11', 'Laborum Magna', NULL, 4, DEFAULT, DEFAULT), ('60f279f1-b04c-57b1-b6aa-b71a8811c6ab', 'Magna Excepteur Comm', NULL, 2, DEFAULT, DEFAULT), ('b5d35d7e-f19e-568e-9efe-911f779c892f', 'Elit Eiusmod Occaeca', NULL, 4, DEFAULT, DEFAULT), ('3db3509a-5565-5145-aa2d-eb656db639a3', 'Elit Aute', NULL, 1, DEFAULT, DEFAULT), ('16b2ddd9-4627-52fa-8115-8453cfa39374', 'Sint Laborum Amet', NULL, 4, DEFAULT, DEFAULT), ('235fae27-2669-539e-8784-3dcbaac570cc', 'Ut Sit Nulla', NULL, 3, DEFAULT, DEFAULT), ('782f7eda-e535-5ab3-8415-643126d3b0fa', 'Minim Ipsum Adipisic', NULL, 2, DEFAULT, DEFAULT), ('5daf6f25-3b97-5f49-8f75-4ba5d1d74cd3', 'Ex Ut Anim Nostrud', NULL, 3, DEFAULT, DEFAULT), ('3788fdae-c690-5563-abac-18b51e4d210f', 'Dolor Ut Ea', NULL, 4, DEFAULT, DEFAULT), ('177ae72e-41a6-5325-80d6-452827ea5918', 'Laborum Consequat Si', NULL, 3, DEFAULT, DEFAULT), ('c0a2f5c4-7781-5310-ad3c-e7b9f41a7ace', 'Elit Anim Reprehende', NULL, 3, DEFAULT, DEFAULT), ('71c019c0-f4c8-51ac-bfff-4141eabf85f3', 'Eu Ex Nisi Culpa', NULL, 4, DEFAULT, DEFAULT), ('ab4eb860-b9b9-58f5-84c6-b76a08d23dfd', 'Eu Deserunt Cupidata', NULL, 3, DEFAULT, DEFAULT), ('dd9140ad-b92d-5673-a8c2-8b1c4e3e8697', 'Excepteur Aliquip La', NULL, 2, DEFAULT, DEFAULT), ('78de8c0c-fe2d-50bd-afca-68bed9f87cd0', 'Dolor Elit Magna Do', NULL, 2, DEFAULT, DEFAULT), ('81e51b22-aab8-5050-a735-aa5917f8771b', 'Ut Irure Sunt', NULL, 4, DEFAULT, DEFAULT), ('f6cb58dd-a0aa-5d2b-8ce5-200e44be4f36', 'Aliqua Esse Laborum', NULL, 2, DEFAULT, DEFAULT), ('48ed64cc-01ce-5cc6-8ffd-8d552f857570', 'Cillum Fugiat Eiusmo', NULL, 2, DEFAULT, DEFAULT), ('0cb21e27-1e4d-50c9-bd0d-f6696d98b44c', 'In Amet Quis Cupidat', NULL, 2, DEFAULT, DEFAULT), ('29d37d99-954e-5434-8e90-9d564d65e434', 'Cillum Enim', NULL, 2, DEFAULT, DEFAULT), ('64957ee8-7d0b-54ac-82da-6c959456806c', 'Lorem Ullamco', NULL, 2, DEFAULT, DEFAULT), ('b96a16b9-db3a-5601-8741-9aae600f278b', 'Mollit Lorem Reprehe', NULL, 4, DEFAULT, DEFAULT);
INSERT INTO public.plan (id,name,pricing,pricing_interval,is_default,config,created_at,updated_at) VALUES (1, 'Essential', 0, 'monthly', 't', '{"max_members":6,"max_blueprints":100,"max_books":20}', DEFAULT, DEFAULT), (2, 'Advanced', 15.803108597090716, 'monthly', 'f', '{"max_members":12,"max_blueprints":200,"max_books":40}', DEFAULT, DEFAULT), (3, 'Pro', 12.111348826482082, 'yearly', 'f', '{"max_members":18,"max_blueprints":300,"max_books":60}', DEFAULT, DEFAULT);
INSERT INTO public.book (id,name,team_id,created_at,updated_at) VALUES ('1e7e0bcb-4fc0-5d72-81a5-d67a74a13595', 'Sunt', '7c2c4732-09c1-5f7b-87ca-c53e7497b4ef', DEFAULT, DEFAULT), ('d297ab9e-40d4-51b5-bb8f-a1df399f1a9a', 'In', '7c2c4732-09c1-5f7b-87ca-c53e7497b4ef', DEFAULT, DEFAULT), ('d1b8f3f8-af26-5088-8712-273c28ba98f7', 'Laboris Commodo', '7c2c4732-09c1-5f7b-87ca-c53e7497b4ef', DEFAULT, DEFAULT), ('3ff60d7a-a4ad-54c5-a422-53b52cd53093', 'Sint Minim', '7c2c4732-09c1-5f7b-87ca-c53e7497b4ef', DEFAULT, DEFAULT), ('cfbfd1d4-e77f-57e5-94da-e9ff2cc7a996', 'Sit', '7c2c4732-09c1-5f7b-87ca-c53e7497b4ef', DEFAULT, DEFAULT), ('92bf5244-388d-5bbf-bd84-1c7ad2efe31b', 'Lorem Ex Eu', '7c2c4732-09c1-5f7b-87ca-c53e7497b4ef', DEFAULT, DEFAULT), ('9584676f-0635-591a-a937-d230d9a3abf3', 'Fugiat Id Pariatur', '7c2c4732-09c1-5f7b-87ca-c53e7497b4ef', DEFAULT, DEFAULT), ('5777772e-8d66-5c0f-ab03-fb0419760db6', 'Quis', '7c2c4732-09c1-5f7b-87ca-c53e7497b4ef', DEFAULT, DEFAULT), ('62507209-107c-55b5-9f47-9cad3cb25da5', 'Elit Lorem', '7c2c4732-09c1-5f7b-87ca-c53e7497b4ef', DEFAULT, DEFAULT), ('98eaafd3-adbf-5a3e-adb9-b3fb6971b6f1', 'Et', 'f50563b6-8532-51ec-b121-d8c6bca3e897', DEFAULT, DEFAULT), ('2d1d7734-be70-5d07-a538-e76c6cae722e', 'Id', 'f50563b6-8532-51ec-b121-d8c6bca3e897', DEFAULT, DEFAULT), ('b5605791-3389-56c2-9ec6-17d538b9bb85', 'Irure', 'f50563b6-8532-51ec-b121-d8c6bca3e897', DEFAULT, DEFAULT), ('a5831e58-2fc9-5b59-970d-00c344a4eb18', 'Minim Non', 'f50563b6-8532-51ec-b121-d8c6bca3e897', DEFAULT, DEFAULT), ('756cbb59-27d6-58f3-b4b9-8b56121e683f', 'Elit Veniam Officia', 'f50563b6-8532-51ec-b121-d8c6bca3e897', DEFAULT, DEFAULT), ('b64d0217-6a7b-5682-8927-676434f72be9', 'Minim Ut', 'f50563b6-8532-51ec-b121-d8c6bca3e897', DEFAULT, DEFAULT), ('09617df2-6261-5b47-bc30-85d317367d48', 'Consequat Nisi', 'f50563b6-8532-51ec-b121-d8c6bca3e897', DEFAULT, DEFAULT), ('a8212e1b-5577-5c28-9c38-2d4fbd753550', 'Veniam Velit', 'f1bf295c-195b-5a42-9c6b-5bfa14b58307', DEFAULT, DEFAULT), ('59558fa1-9cc0-5e85-a331-879d76e07f05', 'Tempor', 'f1bf295c-195b-5a42-9c6b-5bfa14b58307', DEFAULT, DEFAULT), ('8926b9fd-34b2-5421-a25c-9cd89c12cad0', 'Incididunt Et In', 'f1bf295c-195b-5a42-9c6b-5bfa14b58307', DEFAULT, DEFAULT), ('5d378209-1fd5-506f-8b3f-511a16489d69', 'Proident Tempor', 'f1bf295c-195b-5a42-9c6b-5bfa14b58307', DEFAULT, DEFAULT), ('305fa448-c3bf-59c7-a989-19ae69ce0725', 'Deserunt Consequat C', 'f1bf295c-195b-5a42-9c6b-5bfa14b58307', DEFAULT, DEFAULT), ('853509f0-6836-5fa7-87f2-fb0a9a8766d2', 'Irure Aliquip', 'f1bf295c-195b-5a42-9c6b-5bfa14b58307', DEFAULT, DEFAULT), ('bbc51950-a428-5ed7-b604-6444a902714b', 'Fugiat Duis', 'f1bf295c-195b-5a42-9c6b-5bfa14b58307', DEFAULT, DEFAULT), ('89f211a9-c1e7-5fa6-9108-784d98291012', 'Qui Id', 'f1bf295c-195b-5a42-9c6b-5bfa14b58307', DEFAULT, DEFAULT), ('75e07351-a344-5719-bccf-45791a666af4', 'Labore Laboris Adipi', 'f1bf295c-195b-5a42-9c6b-5bfa14b58307', DEFAULT, DEFAULT), ('a6ea6199-2a1a-56d4-b12a-1bf7d32d154c', 'Ea Aliqua', 'e0eebbc8-63c9-5fee-b088-b3310b672c35', DEFAULT, DEFAULT), ('eb3e804d-5ed0-59a1-900b-3b0f9b2cb577', 'Commodo Voluptate Ex', 'e0eebbc8-63c9-5fee-b088-b3310b672c35', DEFAULT, DEFAULT), ('88501f36-608d-5074-ab3f-752cd478292f', 'In', 'e0eebbc8-63c9-5fee-b088-b3310b672c35', DEFAULT, DEFAULT), ('abf8504a-2cfc-5a9d-a5d2-31dccd8bf00f', 'Non Aliqua Consequat', '1c17c04a-19f5-5c48-8b6b-48fe02257ffb', DEFAULT, DEFAULT), ('262a78c7-eb9d-5e1a-8e58-41ecb0c31fbd', 'Aliquip', '1c17c04a-19f5-5c48-8b6b-48fe02257ffb', DEFAULT, DEFAULT), ('110efd29-2979-5c30-b41f-b3bf832f48cd', 'Id', '1c17c04a-19f5-5c48-8b6b-48fe02257ffb', DEFAULT, DEFAULT), ('cf1d2e5e-3a18-5518-8e4c-387978992b8a', 'Eiusmod Eu Occaecat', '1c17c04a-19f5-5c48-8b6b-48fe02257ffb', DEFAULT, DEFAULT), ('34a6eefa-de0a-5b54-8950-76863d1d5290', 'Aliquip Ut', '1c17c04a-19f5-5c48-8b6b-48fe02257ffb', DEFAULT, DEFAULT), ('338ac238-5209-53e4-836e-9d5dc98ae268', 'Incididunt Consequat', '1c17c04a-19f5-5c48-8b6b-48fe02257ffb', DEFAULT, DEFAULT), ('5f3671df-cc06-5a3d-87a6-e1e42e095fa3', 'Non Ex Aliqua', '1c17c04a-19f5-5c48-8b6b-48fe02257ffb', DEFAULT, DEFAULT), ('beb6961f-fe15-549e-851d-4b848f0c22b3', 'Ex', '1c17c04a-19f5-5c48-8b6b-48fe02257ffb', DEFAULT, DEFAULT), ('6be2b5fd-c70d-5fcd-9e56-f561a4756a4c', 'Est Et', '1c17c04a-19f5-5c48-8b6b-48fe02257ffb', DEFAULT, DEFAULT), ('d2268e40-fa6d-5300-9f01-b7cc8f9018e3', 'Nisi Eu', 'a2996c99-b8bb-5bf6-b789-844e821ceb82', DEFAULT, DEFAULT), ('7a86b477-8922-5c78-85b7-47a44d6877c0', 'Sint Laboris', 'a2996c99-b8bb-5bf6-b789-844e821ceb82', DEFAULT, DEFAULT), ('cd1520c4-af17-5e1e-b5b0-a9e95f36a7c4', 'Deserunt Ullamco', 'a2996c99-b8bb-5bf6-b789-844e821ceb82', DEFAULT, DEFAULT), ('2190cc4c-2cc5-5f9f-983d-55f70f31e468', 'Adipisicing Fugiat', 'a2996c99-b8bb-5bf6-b789-844e821ceb82', DEFAULT, DEFAULT), ('fbfa0c72-9c6c-54ce-ba23-f1ed2563396e', 'Ullamco Incididunt', 'a2996c99-b8bb-5bf6-b789-844e821ceb82', DEFAULT, DEFAULT), ('349111f0-5b40-5b21-aeff-8af2b228d28f', 'Cillum Cupidatat', '5d016028-a6a3-5268-91a3-91021dbfda0a', DEFAULT, DEFAULT), ('e2b744a0-a170-5a87-828d-34cc6f64ca05', 'Ex Nisi Dolore', '5d016028-a6a3-5268-91a3-91021dbfda0a', DEFAULT, DEFAULT), ('3a804324-748d-571a-afad-6b9c20a35337', 'Velit Est', '5d016028-a6a3-5268-91a3-91021dbfda0a', DEFAULT, DEFAULT), ('1bf9a820-bb8f-59cd-8902-84a62a1aa29f', 'Voluptate Minim Sint', '5d016028-a6a3-5268-91a3-91021dbfda0a', DEFAULT, DEFAULT), ('2067e70c-565d-520b-b56b-19189e5b77f5', 'Quis Lorem', '5d016028-a6a3-5268-91a3-91021dbfda0a', DEFAULT, DEFAULT), ('2da447ba-d0f6-5d62-becb-584cd208c558', 'Eiusmod Exercitation', '5d016028-a6a3-5268-91a3-91021dbfda0a', DEFAULT, DEFAULT), ('a00f2df0-a74b-51ab-8311-51125014b9ef', 'Minim Sint In', '5d016028-a6a3-5268-91a3-91021dbfda0a', DEFAULT, DEFAULT), ('2c5573d9-9522-50a1-b9d9-3ef48e8629b4', 'Nisi Et Qui', '5d016028-a6a3-5268-91a3-91021dbfda0a', DEFAULT, DEFAULT), ('df686e46-eb10-5a3f-abfb-03f34e72d244', 'Cillum', '5d016028-a6a3-5268-91a3-91021dbfda0a', DEFAULT, DEFAULT), ('78cfa79e-0e1b-5ee3-b3d3-d434c03221c6', 'Nostrud Sunt', '5d016028-a6a3-5268-91a3-91021dbfda0a', DEFAULT, DEFAULT), ('09204188-e618-5728-88fc-034120742c41', 'Consectetur', 'b279891e-05aa-528b-867b-dd6fe5fa77c8', DEFAULT, DEFAULT), ('b576de0c-954e-5345-a9e7-0d691c52341a', 'Adipisicing Eu Excep', 'b279891e-05aa-528b-867b-dd6fe5fa77c8', DEFAULT, DEFAULT), ('887dee3f-7921-537c-91f1-8b0d43117b12', 'Pariatur Reprehender', 'b279891e-05aa-528b-867b-dd6fe5fa77c8', DEFAULT, DEFAULT), ('6fc34c52-742f-56c2-b6c3-89dee63a8839', 'Officia Pariatur Ad', 'b279891e-05aa-528b-867b-dd6fe5fa77c8', DEFAULT, DEFAULT), ('5531f3c9-2ccc-59e8-86e8-da1800808ec2', 'Ad Et Culpa', 'b279891e-05aa-528b-867b-dd6fe5fa77c8', DEFAULT, DEFAULT), ('3b3a2ed4-3283-5a09-84d9-c7de876d5510', 'Aliquip', 'b279891e-05aa-528b-867b-dd6fe5fa77c8', DEFAULT, DEFAULT), ('380f1bbd-f6c8-5306-af3f-7d7fa746bde0', 'Ea Do', 'b279891e-05aa-528b-867b-dd6fe5fa77c8', DEFAULT, DEFAULT), ('672ad514-6b43-58ed-b7aa-f70ed34485d9', 'Incididunt Velit', 'b279891e-05aa-528b-867b-dd6fe5fa77c8', DEFAULT, DEFAULT), ('9e19dd6d-e8c2-5925-b1c8-e13b62340491', 'Sunt', 'b279891e-05aa-528b-867b-dd6fe5fa77c8', DEFAULT, DEFAULT), ('f561c33d-0589-5163-a677-f2a1eb6b3322', 'Exercitation', 'ff53868f-9940-575d-8fa8-923808f93a53', DEFAULT, DEFAULT), ('02a341a2-35a0-5fbc-a1f4-aa8b42aa4b51', 'Voluptate', 'ff53868f-9940-575d-8fa8-923808f93a53', DEFAULT, DEFAULT), ('ad276812-3b86-5425-b36a-d822f2860912', 'In Amet Amet', 'ff53868f-9940-575d-8fa8-923808f93a53', DEFAULT, DEFAULT), ('2764351d-73bf-5124-a613-660cd57f91dd', 'Deserunt Minim', 'ff53868f-9940-575d-8fa8-923808f93a53', DEFAULT, DEFAULT), ('8bf74689-dfcf-5429-b342-2718dce8a8eb', 'Veniam Dolore Nostru', 'ff53868f-9940-575d-8fa8-923808f93a53', DEFAULT, DEFAULT), ('c34db444-6019-5242-8b27-a0e6d1f129be', 'Fugiat Enim', 'ff53868f-9940-575d-8fa8-923808f93a53', DEFAULT, DEFAULT), ('fe78882d-8d81-5307-9012-7c7cadbfdbe6', 'Eiusmod Duis Veniam', 'ff53868f-9940-575d-8fa8-923808f93a53', DEFAULT, DEFAULT), ('fc88007a-9d2a-5db9-87f7-7afc6a40da73', 'Incididunt Velit Ali', 'ff53868f-9940-575d-8fa8-923808f93a53', DEFAULT, DEFAULT), ('43da4265-8ed7-5662-93ab-8135a4c65441', 'Dolore Laboris', 'ff53868f-9940-575d-8fa8-923808f93a53', DEFAULT, DEFAULT), ('cd80d13e-478f-5058-8dfd-e20a76013cb5', 'In Irure Tempor', '8172203a-00e7-5e0e-919b-2970e0d891df', DEFAULT, DEFAULT), ('db9f2a26-569b-5431-9216-bcd2cf256bbd', 'Non Voluptate', '8172203a-00e7-5e0e-919b-2970e0d891df', DEFAULT, DEFAULT), ('e4c44768-00c8-52e6-80f9-625972d5d9b9', 'Ullamco Sint', '8172203a-00e7-5e0e-919b-2970e0d891df', DEFAULT, DEFAULT), ('eea550bd-8120-5fb2-9339-ad3a549506d4', 'Culpa Reprehenderit', '8172203a-00e7-5e0e-919b-2970e0d891df', DEFAULT, DEFAULT), ('e9decb87-4a50-5c41-896c-16fe0d21ebca', 'Esse Elit Sit', '7b5ee10b-959f-565b-9dac-a4bab4f6c6bf', DEFAULT, DEFAULT), ('274020d9-7513-5cf6-ae0b-e94ef1d1a62f', 'Est', '7b5ee10b-959f-565b-9dac-a4bab4f6c6bf', DEFAULT, DEFAULT), ('644bfc5c-cf27-5d76-8355-4e4c8d73061f', 'Aliqua Tempor', '7b5ee10b-959f-565b-9dac-a4bab4f6c6bf', DEFAULT, DEFAULT), ('eff6dde6-e4aa-5c61-9818-5d7ae0bf58b7', 'Anim', '7b5ee10b-959f-565b-9dac-a4bab4f6c6bf', DEFAULT, DEFAULT), ('31bb49e9-e86d-546a-9e01-6986e5eacf06', 'Fugiat Enim Cillum', '7b5ee10b-959f-565b-9dac-a4bab4f6c6bf', DEFAULT, DEFAULT), ('6a3486ce-c3fa-519b-8ad1-f329a5c3ee43', 'Proident Minim', '7b5ee10b-959f-565b-9dac-a4bab4f6c6bf', DEFAULT, DEFAULT), ('d92658af-bb2e-5f93-9170-bc8d85a6ad50', 'Aute Est', '7b5ee10b-959f-565b-9dac-a4bab4f6c6bf', DEFAULT, DEFAULT), ('b134c4e5-3e41-53b3-bf3f-7f4cf023e9d7', 'Consectetur Et', '38400370-0369-5239-8b08-499aef0591ef', DEFAULT, DEFAULT), ('763ebb5f-add9-59ff-9a26-6b4030dae259', 'Nostrud Aliquip', '38400370-0369-5239-8b08-499aef0591ef', DEFAULT, DEFAULT), ('9f273059-bf49-55a4-bf95-e6bedcccffe3', 'Qui Nulla Do', '38400370-0369-5239-8b08-499aef0591ef', DEFAULT, DEFAULT), ('c7198a1e-f50c-5635-a5bf-2073d4da7bc6', 'Ullamco', '38400370-0369-5239-8b08-499aef0591ef', DEFAULT, DEFAULT), ('d19db439-c7e7-53a7-aa19-0db346180dc1', 'Cillum', '5e20f9a8-7b26-5a5f-8426-6b12c182d23c', DEFAULT, DEFAULT), ('91434b27-2651-5429-8f42-45c3f8e334a0', 'Consectetur Laborum ', '5e20f9a8-7b26-5a5f-8426-6b12c182d23c', DEFAULT, DEFAULT), ('549980e7-3e77-5d76-b263-84664d04b209', 'Eiusmod Et', '5e20f9a8-7b26-5a5f-8426-6b12c182d23c', DEFAULT, DEFAULT), ('e4de1a09-bd9a-5e42-b92c-2cb1af28bec6', 'Mollit Dolore Culpa', '5e20f9a8-7b26-5a5f-8426-6b12c182d23c', DEFAULT, DEFAULT), ('f4b5542b-ba61-519e-a8d2-5793282ad487', 'Lorem Commodo Nulla', '5e20f9a8-7b26-5a5f-8426-6b12c182d23c', DEFAULT, DEFAULT), ('cd7c291a-6d6e-5632-91e5-b7fd7a634d7d', 'In Aliqua', '5e20f9a8-7b26-5a5f-8426-6b12c182d23c', DEFAULT, DEFAULT), ('4da5a34b-d621-539d-93ed-4bd842601284', 'Officia Fugiat Incid', '5e20f9a8-7b26-5a5f-8426-6b12c182d23c', DEFAULT, DEFAULT), ('eb3795e9-0dc2-506f-818c-e81bf7149197', 'Sunt Minim', '5e20f9a8-7b26-5a5f-8426-6b12c182d23c', DEFAULT, DEFAULT), ('b32027db-33da-5dc2-b906-e0c2a06ac683', 'Non Aute', '53fe0e9e-3358-5722-b994-4faad8733cd3', DEFAULT, DEFAULT), ('b7a89d05-549f-565f-b631-b59097e91d1a', 'Quis Minim', '53fe0e9e-3358-5722-b994-4faad8733cd3', DEFAULT, DEFAULT), ('ac9f0e3e-b030-584f-a8dd-87355fe22537', 'Voluptate Sit', '53fe0e9e-3358-5722-b994-4faad8733cd3', DEFAULT, DEFAULT), ('438bff0e-fd50-5c86-89ee-d397a0c0e548', 'Est Labore', '53fe0e9e-3358-5722-b994-4faad8733cd3', DEFAULT, DEFAULT), ('9bf2ad50-cccb-50eb-8269-3a7e78bd21f5', 'Qui', '53fe0e9e-3358-5722-b994-4faad8733cd3', DEFAULT, DEFAULT), ('36f6f3ba-e867-5008-b6c1-829e989f9d2f', 'Et', '53fe0e9e-3358-5722-b994-4faad8733cd3', DEFAULT, DEFAULT), ('19495f2f-99a6-5394-9596-a1d3fb0d3196', 'Duis Anim Deserunt', '53fe0e9e-3358-5722-b994-4faad8733cd3', DEFAULT, DEFAULT), ('26f7bb6a-3c9c-5b30-b11b-be5ebfb91948', 'Pariatur Id', 'e4834379-a7a0-5f41-8193-f598072b1c83', DEFAULT, DEFAULT), ('e5b4727f-be5e-52c0-83cb-cb7ba230945f', 'Quis Elit Eiusmod', 'e4834379-a7a0-5f41-8193-f598072b1c83', DEFAULT, DEFAULT), ('290e51c6-7ff6-5db4-8f40-69dda051b66c', 'Anim Exercitation', 'e4834379-a7a0-5f41-8193-f598072b1c83', DEFAULT, DEFAULT), ('6c3f6730-2b1a-5e27-97de-caacad0bb1a5', 'Do', 'e4834379-a7a0-5f41-8193-f598072b1c83', DEFAULT, DEFAULT), ('7d0c4d54-58ae-5ddf-b108-590171e8655a', 'Consequat Lorem', 'e4834379-a7a0-5f41-8193-f598072b1c83', DEFAULT, DEFAULT), ('5dd9c208-a224-5712-b987-eab6b9a89e23', 'Esse Anim Veniam', 'e4834379-a7a0-5f41-8193-f598072b1c83', DEFAULT, DEFAULT), ('8bfeb6d5-d92f-5041-aa1b-39b8365c0a59', 'Occaecat Laboris Ali', 'e4834379-a7a0-5f41-8193-f598072b1c83', DEFAULT, DEFAULT), ('a8766652-5cf4-5e66-ba6d-9eb457dff942', 'Velit', 'a9f91eda-269f-54d0-83de-05f0c2ecbf08', DEFAULT, DEFAULT), ('43bcab14-4a69-5e60-a07f-cda2fe595a2a', 'Sunt Adipisicing', 'a9f91eda-269f-54d0-83de-05f0c2ecbf08', DEFAULT, DEFAULT), ('203ac13e-e5b1-548e-a7da-5d8cff932053', 'In', 'a9f91eda-269f-54d0-83de-05f0c2ecbf08', DEFAULT, DEFAULT), ('1332e392-1ac8-57d9-8262-948f66c89fe9', 'Magna Enim', 'a9f91eda-269f-54d0-83de-05f0c2ecbf08', DEFAULT, DEFAULT), ('5783cab4-e010-523b-b893-81b388f43d06', 'Cillum', 'c0062d28-74ce-56b0-8124-852c5c4cdd1f', DEFAULT, DEFAULT), ('01bb02e3-6d00-5b11-ba00-2f6b060dfb2e', 'Ullamco Elit', 'c0062d28-74ce-56b0-8124-852c5c4cdd1f', DEFAULT, DEFAULT), ('a9752d0c-ade4-58c6-b746-1b9df56a3d08', 'Esse Id', 'c0062d28-74ce-56b0-8124-852c5c4cdd1f', DEFAULT, DEFAULT), ('5cdb9712-16b6-532e-9cc7-8cf7dfbe9b6b', 'Ex', 'c0062d28-74ce-56b0-8124-852c5c4cdd1f', DEFAULT, DEFAULT), ('47c1a5aa-1c4a-5781-9c8f-968a639137d7', 'Deserunt Ut', 'c0062d28-74ce-56b0-8124-852c5c4cdd1f', DEFAULT, DEFAULT), ('3c19e2d6-1e17-5580-adbc-319ee6c74e3c', 'Mollit Sunt Dolor', 'c0062d28-74ce-56b0-8124-852c5c4cdd1f', DEFAULT, DEFAULT), ('ddb44318-7e83-5b4d-8ba4-3bbd19edd327', 'Velit Ad', 'c0062d28-74ce-56b0-8124-852c5c4cdd1f', DEFAULT, DEFAULT), ('e6e5bdc8-dbe5-545a-b616-a55a5f857d1f', 'Duis', 'c0062d28-74ce-56b0-8124-852c5c4cdd1f', DEFAULT, DEFAULT), ('3adfc207-aaeb-5fa1-b329-eb7ef2061320', 'Laborum', 'a1d779f7-e622-5cd1-b766-eb2b7925b3c0', DEFAULT, DEFAULT), ('096adf71-c74e-5b77-822b-46a8768797c5', 'Consequat Sit Elit', 'a1d779f7-e622-5cd1-b766-eb2b7925b3c0', DEFAULT, DEFAULT), ('65d8ad86-6271-552b-8704-fabcdcf18cdb', 'Eiusmod Aliquip', 'a1d779f7-e622-5cd1-b766-eb2b7925b3c0', DEFAULT, DEFAULT), ('9a52e2af-cb63-5ab2-95a7-ae32f01d6a1c', 'Fugiat Qui', 'a1d779f7-e622-5cd1-b766-eb2b7925b3c0', DEFAULT, DEFAULT), ('f7f33f5b-7e02-5784-9db2-ed2995544a54', 'Irure Minim', 'a1d779f7-e622-5cd1-b766-eb2b7925b3c0', DEFAULT, DEFAULT), ('ba4d6fef-111f-5ce5-883e-2b3880f373bf', 'Anim Mollit Excepteu', 'a1d779f7-e622-5cd1-b766-eb2b7925b3c0', DEFAULT, DEFAULT), ('39da01f0-2195-5fc3-a74a-d12c26c902a3', 'Aute Ad Ullamco', 'bd4e2ea6-e7d4-5655-93cc-d1ed71c3483c', DEFAULT, DEFAULT), ('fbbb9719-f3d1-5ce2-b584-4b70bf5bb135', 'Est Reprehenderit', 'bd4e2ea6-e7d4-5655-93cc-d1ed71c3483c', DEFAULT, DEFAULT), ('5f651c76-ceba-56db-bd60-512d4079ec53', 'Pariatur Cupidatat', 'bd4e2ea6-e7d4-5655-93cc-d1ed71c3483c', DEFAULT, DEFAULT), ('9af6e0ef-7015-5390-856a-705032c2e40e', 'Consectetur Aute', 'bd4e2ea6-e7d4-5655-93cc-d1ed71c3483c', DEFAULT, DEFAULT), ('e7ba2b18-a57c-5b02-9714-d376d9ea922f', 'Enim Magna', 'fb2f612f-57ab-526e-8b57-f5de07942107', DEFAULT, DEFAULT), ('ccd28d41-9086-5b64-b351-585431787bb7', 'Occaecat', 'fb2f612f-57ab-526e-8b57-f5de07942107', DEFAULT, DEFAULT), ('6a248992-e0a8-5c27-8d71-fd2cfd3a1fd6', 'Deserunt Tempor Ulla', 'fb2f612f-57ab-526e-8b57-f5de07942107', DEFAULT, DEFAULT), ('72d447b0-a4fa-5de7-bb4c-9ff5f169dfea', 'Nisi Quis', 'fb2f612f-57ab-526e-8b57-f5de07942107', DEFAULT, DEFAULT), ('f457d7a7-01f9-5225-b07a-0e782525bbc7', 'Et Enim Cillum', '38cee772-792e-54fe-ae0f-d62f75f71c11', DEFAULT, DEFAULT), ('0fa12fcf-97e2-5065-a698-e366ca117702', 'Excepteur Anim', '38cee772-792e-54fe-ae0f-d62f75f71c11', DEFAULT, DEFAULT), ('b4725825-2a5a-5e18-a190-e59f4cb9f1b5', 'Enim Laborum', '38cee772-792e-54fe-ae0f-d62f75f71c11', DEFAULT, DEFAULT), ('d1dc8a74-c651-5dbd-b484-1cd2c51db9b9', 'Cupidatat Dolor', '38cee772-792e-54fe-ae0f-d62f75f71c11', DEFAULT, DEFAULT), ('45173bfe-a11f-574a-ac25-21cda1308ec9', 'Id Culpa', '60f279f1-b04c-57b1-b6aa-b71a8811c6ab', DEFAULT, DEFAULT), ('28e4b717-ba20-5ce6-96db-f08421aa2fc7', 'Cupidatat', '60f279f1-b04c-57b1-b6aa-b71a8811c6ab', DEFAULT, DEFAULT), ('d35ecca3-ac35-5e28-8e7e-6a25de908d18', 'Excepteur Exercitati', '60f279f1-b04c-57b1-b6aa-b71a8811c6ab', DEFAULT, DEFAULT), ('e334db45-3389-5a47-b7c9-4ff8121637b5', 'Consequat', '60f279f1-b04c-57b1-b6aa-b71a8811c6ab', DEFAULT, DEFAULT), ('0a9347d2-3396-5e6a-98f1-b406ca195226', 'Reprehenderit Dolor', '60f279f1-b04c-57b1-b6aa-b71a8811c6ab', DEFAULT, DEFAULT), ('71edf17f-e471-58c3-bbf8-8111bd6c7c8e', 'Aliqua Nostrud', '60f279f1-b04c-57b1-b6aa-b71a8811c6ab', DEFAULT, DEFAULT), ('fc6d457c-9711-5cde-813c-d584f858faae', 'Ex In', '60f279f1-b04c-57b1-b6aa-b71a8811c6ab', DEFAULT, DEFAULT), ('644a93ba-f570-5681-b2f5-de6b9950affd', 'Nulla In Et', '60f279f1-b04c-57b1-b6aa-b71a8811c6ab', DEFAULT, DEFAULT), ('cd42da7d-ec75-53b3-9aad-015766f58921', 'Ea Nulla', '60f279f1-b04c-57b1-b6aa-b71a8811c6ab', DEFAULT, DEFAULT), ('8b8c6b35-a8b5-5445-b616-82b510da1ef3', 'Reprehenderit Proide', '60f279f1-b04c-57b1-b6aa-b71a8811c6ab', DEFAULT, DEFAULT), ('b737f334-53a3-585e-98d7-69fce744e35e', 'Eiusmod Cillum', 'b5d35d7e-f19e-568e-9efe-911f779c892f', DEFAULT, DEFAULT), ('8babc841-00b0-585f-9ca3-85ef68fec1f7', 'Sit Do', 'b5d35d7e-f19e-568e-9efe-911f779c892f', DEFAULT, DEFAULT), ('79efb743-bb54-546e-8bdf-089509399715', 'Culpa', 'b5d35d7e-f19e-568e-9efe-911f779c892f', DEFAULT, DEFAULT), ('86e03e09-1744-508f-b91c-c48f85d8ffcb', 'Aute Ea', 'b5d35d7e-f19e-568e-9efe-911f779c892f', DEFAULT, DEFAULT), ('6451b879-16d7-5644-b6b9-87dd18b3facf', 'Cillum Pariatur', 'b5d35d7e-f19e-568e-9efe-911f779c892f', DEFAULT, DEFAULT), ('47e5d6a1-6a7c-5068-97e6-b73d6f3b47c1', 'Consequat Nisi', 'b5d35d7e-f19e-568e-9efe-911f779c892f', DEFAULT, DEFAULT), ('ea56a5ec-2249-5fba-8891-278bcdbbb33d', 'Magna Elit Ad', 'b5d35d7e-f19e-568e-9efe-911f779c892f', DEFAULT, DEFAULT), ('c72c7230-479d-51cc-940d-5fec1bea4502', 'Fugiat', 'b5d35d7e-f19e-568e-9efe-911f779c892f', DEFAULT, DEFAULT), ('844afdcc-93cf-55c8-b0f1-1cc22329a30b', 'Culpa Irure', '3db3509a-5565-5145-aa2d-eb656db639a3', DEFAULT, DEFAULT), ('290bcd64-8663-5670-8efa-64e864979bbb', 'Ex Est', '3db3509a-5565-5145-aa2d-eb656db639a3', DEFAULT, DEFAULT), ('897e7fb9-bd9c-59e3-afc7-d1c31ec7ef34', 'Nulla Do Consequat', '3db3509a-5565-5145-aa2d-eb656db639a3', DEFAULT, DEFAULT), ('f3376d8d-17f3-5259-a5b0-af6d5e21e7e2', 'Aliquip Adipisicing', '3db3509a-5565-5145-aa2d-eb656db639a3', DEFAULT, DEFAULT), ('5ce056de-a21e-5eba-9d47-e09232047aae', 'Magna Proident Volup', '3db3509a-5565-5145-aa2d-eb656db639a3', DEFAULT, DEFAULT), ('fd8e258e-4711-5b22-b0f3-1f5725eb642f', 'Tempor Ipsum Fugiat', '3db3509a-5565-5145-aa2d-eb656db639a3', DEFAULT, DEFAULT), ('e5d977c2-2a0e-5703-8ee9-4796e3967ae0', 'Laborum', '3db3509a-5565-5145-aa2d-eb656db639a3', DEFAULT, DEFAULT), ('11edd970-a1f3-5973-a201-278046231716', 'Sit Cupidatat', '3db3509a-5565-5145-aa2d-eb656db639a3', DEFAULT, DEFAULT), ('583774ae-7432-5503-850f-867e82c0838b', 'Ut', '16b2ddd9-4627-52fa-8115-8453cfa39374', DEFAULT, DEFAULT), ('225b2186-bb16-5b0a-b7be-47fd3c5a5cf9', 'Ipsum Laboris Cupida', '16b2ddd9-4627-52fa-8115-8453cfa39374', DEFAULT, DEFAULT), ('fc295a44-56fb-5a65-beee-66fd6554ae26', 'Cillum', '16b2ddd9-4627-52fa-8115-8453cfa39374', DEFAULT, DEFAULT), ('34e08312-6163-54ad-8f00-271b535d720e', 'Lorem Aliquip', '235fae27-2669-539e-8784-3dcbaac570cc', DEFAULT, DEFAULT), ('b21c180f-341f-510e-96d3-d4e40909d89e', 'Fugiat', '235fae27-2669-539e-8784-3dcbaac570cc', DEFAULT, DEFAULT), ('e09a1a6c-2073-587c-bb13-604903ae6e80', 'Sint Ex', '235fae27-2669-539e-8784-3dcbaac570cc', DEFAULT, DEFAULT), ('c3c19070-f0b8-5d8b-8806-a00d5fe919aa', 'Ullamco', '235fae27-2669-539e-8784-3dcbaac570cc', DEFAULT, DEFAULT), ('dc376aff-9563-59fe-ac16-2760fcfb9752', 'Dolor', '235fae27-2669-539e-8784-3dcbaac570cc', DEFAULT, DEFAULT), ('f8c28949-a64a-5955-ab9b-9c82a976b917', 'Occaecat Ullamco', '235fae27-2669-539e-8784-3dcbaac570cc', DEFAULT, DEFAULT), ('f3ebe9e0-f337-5a54-9800-1b3119ecb916', 'Pariatur Laboris Min', '235fae27-2669-539e-8784-3dcbaac570cc', DEFAULT, DEFAULT), ('8fe11c61-64ee-5a54-8048-b7d0a6d485e2', 'Magna Elit', '235fae27-2669-539e-8784-3dcbaac570cc', DEFAULT, DEFAULT), ('a3141029-aec2-543b-b18a-49fe947e3304', 'Nostrud Elit Minim', '782f7eda-e535-5ab3-8415-643126d3b0fa', DEFAULT, DEFAULT), ('6c52c1d9-13a4-51ef-ae51-1dacc4c14be9', 'Consectetur', '782f7eda-e535-5ab3-8415-643126d3b0fa', DEFAULT, DEFAULT), ('2589cf16-4103-5a4f-b544-b30078083eaa', 'Anim Consequat', '782f7eda-e535-5ab3-8415-643126d3b0fa', DEFAULT, DEFAULT), ('a88bc9b9-135e-55c7-8c4c-5a072a3c8573', 'Est', '782f7eda-e535-5ab3-8415-643126d3b0fa', DEFAULT, DEFAULT), ('8b7e423b-b9b9-5b3c-bf3d-1aa45d16235c', 'Ut Nulla', '782f7eda-e535-5ab3-8415-643126d3b0fa', DEFAULT, DEFAULT), ('882c7ae5-914f-539d-8207-691de536097f', 'Deserunt Laborum Par', '782f7eda-e535-5ab3-8415-643126d3b0fa', DEFAULT, DEFAULT), ('811570ef-0b81-508d-ba05-2f5e812d4131', 'Id Do', '782f7eda-e535-5ab3-8415-643126d3b0fa', DEFAULT, DEFAULT), ('29b47b7e-4cec-5d5a-b93d-172770b57ed6', 'Eu', '782f7eda-e535-5ab3-8415-643126d3b0fa', DEFAULT, DEFAULT), ('a5e6c58e-54df-5943-b1b7-463c2ae0fb74', 'Et', '782f7eda-e535-5ab3-8415-643126d3b0fa', DEFAULT, DEFAULT), ('0ddbd373-5148-5d1c-b950-701854fc6604', 'Magna Mollit Nulla', '782f7eda-e535-5ab3-8415-643126d3b0fa', DEFAULT, DEFAULT), ('9b1fc781-1e4e-56d2-bd68-0dc257a319c0', 'Veniam Incididunt', '5daf6f25-3b97-5f49-8f75-4ba5d1d74cd3', DEFAULT, DEFAULT), ('8a0a556f-d942-55f0-8ba8-1ffbfaf3c6d9', 'Dolor Excepteur Proi', '5daf6f25-3b97-5f49-8f75-4ba5d1d74cd3', DEFAULT, DEFAULT), ('91fa3874-9437-5dfa-a49a-f19fb38d9e92', 'Qui Esse', '5daf6f25-3b97-5f49-8f75-4ba5d1d74cd3', DEFAULT, DEFAULT), ('eda91f04-12ef-5904-88aa-e6ed9a692e03', 'Sunt', '5daf6f25-3b97-5f49-8f75-4ba5d1d74cd3', DEFAULT, DEFAULT), ('1d3f740a-8c60-5c1d-aa9e-3854a33c8e1d', 'Est Anim Et', '5daf6f25-3b97-5f49-8f75-4ba5d1d74cd3', DEFAULT, DEFAULT), ('d9bba68a-079c-5141-bd43-756b87167584', 'Elit Dolor', '5daf6f25-3b97-5f49-8f75-4ba5d1d74cd3', DEFAULT, DEFAULT), ('3204ce32-7c5b-5953-969e-fe1d17de6e76', 'Magna Nostrud Velit', '3788fdae-c690-5563-abac-18b51e4d210f', DEFAULT, DEFAULT), ('eecf8a7e-af2f-524d-a645-c5fba3ebda06', 'Cupidatat', '3788fdae-c690-5563-abac-18b51e4d210f', DEFAULT, DEFAULT), ('8d3f145b-67b0-504d-b49a-d59ecea5d2d8', 'Veniam Deserunt', '3788fdae-c690-5563-abac-18b51e4d210f', DEFAULT, DEFAULT), ('d00c085d-72d6-5114-a5fd-ba818539c2f7', 'In Ad', '3788fdae-c690-5563-abac-18b51e4d210f', DEFAULT, DEFAULT), ('de459427-bb2c-5381-bdbf-7126efbb65c9', 'Qui Reprehenderit', '3788fdae-c690-5563-abac-18b51e4d210f', DEFAULT, DEFAULT), ('fd2a8113-662a-5782-9e12-f7b49eee56e0', 'Consectetur Quis', '3788fdae-c690-5563-abac-18b51e4d210f', DEFAULT, DEFAULT), ('5c25ba01-ab4d-5527-9a41-d79d770f3d79', 'Do Exercitation', '3788fdae-c690-5563-abac-18b51e4d210f', DEFAULT, DEFAULT), ('bbcbd7eb-4377-550e-af45-f77d693d98fe', 'Incididunt Incididun', '3788fdae-c690-5563-abac-18b51e4d210f', DEFAULT, DEFAULT), ('d6d652bf-48a5-5a85-a95d-16c25edc5397', 'Ea Aliqua', '177ae72e-41a6-5325-80d6-452827ea5918', DEFAULT, DEFAULT), ('94170f3d-888c-58bc-bc18-13592bfb52c5', 'Magna Ex', '177ae72e-41a6-5325-80d6-452827ea5918', DEFAULT, DEFAULT), ('1e0af0c0-30ba-5a06-9647-a83cef3d815d', 'Adipisicing', '177ae72e-41a6-5325-80d6-452827ea5918', DEFAULT, DEFAULT), ('097c4d8e-94d3-5fd3-94ca-7bbb66cf6929', 'Incididunt', '177ae72e-41a6-5325-80d6-452827ea5918', DEFAULT, DEFAULT), ('2daf5548-f681-577a-9912-670e1304b2ad', 'Dolore', '177ae72e-41a6-5325-80d6-452827ea5918', DEFAULT, DEFAULT), ('70b4d1da-5ee3-5bd6-aecb-9af8ab670b84', 'Incididunt Non', 'c0a2f5c4-7781-5310-ad3c-e7b9f41a7ace', DEFAULT, DEFAULT), ('2da4149c-bf3e-5f98-b904-591c69530871', 'Est Magna Officia', 'c0a2f5c4-7781-5310-ad3c-e7b9f41a7ace', DEFAULT, DEFAULT), ('a69d43fa-2222-5203-b590-140e62599451', 'Commodo Ut', 'c0a2f5c4-7781-5310-ad3c-e7b9f41a7ace', DEFAULT, DEFAULT), ('f6a7cc82-a609-50ee-a839-9fa8b1a9631d', 'In Culpa', 'c0a2f5c4-7781-5310-ad3c-e7b9f41a7ace', DEFAULT, DEFAULT), ('00644310-2ebb-53b6-b6cd-c599924419bd', 'Sit Veniam', 'c0a2f5c4-7781-5310-ad3c-e7b9f41a7ace', DEFAULT, DEFAULT), ('28a1ca86-fc34-5d5b-bda6-792b581f58de', 'Mollit Ut', '71c019c0-f4c8-51ac-bfff-4141eabf85f3', DEFAULT, DEFAULT), ('c801d235-e02a-5267-8201-eecb86948b65', 'Dolore', '71c019c0-f4c8-51ac-bfff-4141eabf85f3', DEFAULT, DEFAULT), ('ad1bbcac-cdbb-551f-b25a-b14b40074515', 'Consequat Eu', '71c019c0-f4c8-51ac-bfff-4141eabf85f3', DEFAULT, DEFAULT), ('af85f96c-efbd-584c-bdd4-26c4e2f3e556', 'Duis Commodo Adipisi', '71c019c0-f4c8-51ac-bfff-4141eabf85f3', DEFAULT, DEFAULT), ('ee198d66-a798-52a5-8b79-9931f7b835e3', 'Nostrud Cupidatat', '71c019c0-f4c8-51ac-bfff-4141eabf85f3', DEFAULT, DEFAULT), ('9a2c5b91-3c65-50ae-8188-68db1f1edfc4', 'Ut Minim', '71c019c0-f4c8-51ac-bfff-4141eabf85f3', DEFAULT, DEFAULT), ('a78f49ae-5f15-5b14-baf5-6abdb727fcc1', 'Aliquip', '71c019c0-f4c8-51ac-bfff-4141eabf85f3', DEFAULT, DEFAULT), ('a3df44c1-25a3-5190-a8bc-004597063afc', 'Qui Voluptate', '71c019c0-f4c8-51ac-bfff-4141eabf85f3', DEFAULT, DEFAULT), ('ee88c41d-7461-5ecc-a96b-908770bc5575', 'Lorem Aliqua', '71c019c0-f4c8-51ac-bfff-4141eabf85f3', DEFAULT, DEFAULT), ('b67e09de-df70-515b-91d0-6e53f3b4a58a', 'Voluptate Do', 'ab4eb860-b9b9-58f5-84c6-b76a08d23dfd', DEFAULT, DEFAULT), ('fe24988b-bca5-5bf5-be0f-c92da7b2cbe1', 'Cillum Proident', 'ab4eb860-b9b9-58f5-84c6-b76a08d23dfd', DEFAULT, DEFAULT), ('fb634118-b8a6-50b7-9010-0317dd27fba6', 'Aliqua Cillum', 'ab4eb860-b9b9-58f5-84c6-b76a08d23dfd', DEFAULT, DEFAULT), ('cda3814f-c14d-5dcf-a835-797df84f6d99', 'Minim', 'ab4eb860-b9b9-58f5-84c6-b76a08d23dfd', DEFAULT, DEFAULT), ('bdc52205-2f90-54a1-a699-3ba523b0d56a', 'Enim', 'ab4eb860-b9b9-58f5-84c6-b76a08d23dfd', DEFAULT, DEFAULT), ('1d01e569-eec7-553a-916b-70c8b1d0f9ec', 'Quis', 'ab4eb860-b9b9-58f5-84c6-b76a08d23dfd', DEFAULT, DEFAULT), ('98bf31df-37fd-5af6-86dd-8686cdc35eeb', 'Do', 'dd9140ad-b92d-5673-a8c2-8b1c4e3e8697', DEFAULT, DEFAULT), ('ae956930-bebe-5aad-83f8-b8d0cae36371', 'Laborum Nostrud', 'dd9140ad-b92d-5673-a8c2-8b1c4e3e8697', DEFAULT, DEFAULT), ('e20720a7-b660-50e0-8da5-8784fa26a31d', 'Ad Ut Ex', 'dd9140ad-b92d-5673-a8c2-8b1c4e3e8697', DEFAULT, DEFAULT), ('2dbccffd-e7a5-5653-9dc6-18e988716abe', 'Veniam Culpa', 'dd9140ad-b92d-5673-a8c2-8b1c4e3e8697', DEFAULT, DEFAULT), ('d905224a-1767-5e97-ad1a-f223ab64cd44', 'Sit In', 'dd9140ad-b92d-5673-a8c2-8b1c4e3e8697', DEFAULT, DEFAULT), ('051188d3-54fa-59f4-adc8-b929fcb2c826', 'Consectetur Consequa', 'dd9140ad-b92d-5673-a8c2-8b1c4e3e8697', DEFAULT, DEFAULT), ('94daea14-9b93-5933-9044-5ccc1eb32f8f', 'Labore Aliquip', '78de8c0c-fe2d-50bd-afca-68bed9f87cd0', DEFAULT, DEFAULT), ('dc58dd7b-bb54-5abe-8208-becc5e0561ad', 'Id', '78de8c0c-fe2d-50bd-afca-68bed9f87cd0', DEFAULT, DEFAULT), ('63e38d08-3dd9-5569-ab28-f70e94b3cdb7', 'Voluptate Et', '78de8c0c-fe2d-50bd-afca-68bed9f87cd0', DEFAULT, DEFAULT), ('7f78fee3-dd27-5696-858f-318bd4cbf2a8', 'Nostrud Sit Occaecat', '78de8c0c-fe2d-50bd-afca-68bed9f87cd0', DEFAULT, DEFAULT), ('1716ac71-f35f-52a7-acdc-316247462f37', 'Anim Ad', '78de8c0c-fe2d-50bd-afca-68bed9f87cd0', DEFAULT, DEFAULT), ('286a711e-ae86-5be5-9195-1d963e0504f7', 'Culpa Quis', '78de8c0c-fe2d-50bd-afca-68bed9f87cd0', DEFAULT, DEFAULT), ('59d8bfe4-2c84-5707-a356-dbe1eb5eec54', 'Id Minim', '78de8c0c-fe2d-50bd-afca-68bed9f87cd0', DEFAULT, DEFAULT), ('17ec9179-4e96-5f11-9df0-6e4c2363b3ee', 'Sunt Quis Amet', '78de8c0c-fe2d-50bd-afca-68bed9f87cd0', DEFAULT, DEFAULT), ('59fbbc7c-edc9-5d3c-9170-cf6acabbcd28', 'Aliqua', '81e51b22-aab8-5050-a735-aa5917f8771b', DEFAULT, DEFAULT), ('7bf99080-cdc6-5456-b6d5-417e28b4eba5', 'Esse Minim', '81e51b22-aab8-5050-a735-aa5917f8771b', DEFAULT, DEFAULT), ('d2f08d89-447f-5d3d-96e5-385ed888c091', 'Eiusmod Dolor Et', '81e51b22-aab8-5050-a735-aa5917f8771b', DEFAULT, DEFAULT), ('9e6824f3-dac2-540f-9e3d-8797171dab14', 'Enim Aliquip', '81e51b22-aab8-5050-a735-aa5917f8771b', DEFAULT, DEFAULT), ('c15a1a93-cc16-5536-8ab0-42ef9626e379', 'Labore Mollit', '81e51b22-aab8-5050-a735-aa5917f8771b', DEFAULT, DEFAULT), ('df90352f-468b-5345-9b3e-522b747ccf55', 'Lorem Minim', '81e51b22-aab8-5050-a735-aa5917f8771b', DEFAULT, DEFAULT), ('646b32cc-2525-5418-a0f1-5c9ced471b05', 'Excepteur In Cillum', '81e51b22-aab8-5050-a735-aa5917f8771b', DEFAULT, DEFAULT), ('9c793877-9a29-5409-acf9-8981bd39bd4d', 'Minim', '81e51b22-aab8-5050-a735-aa5917f8771b', DEFAULT, DEFAULT), ('d1b6355b-0594-5d07-b55b-72d2c66a1391', 'Aliquip Elit', 'f6cb58dd-a0aa-5d2b-8ce5-200e44be4f36', DEFAULT, DEFAULT), ('77085b75-b014-57d0-8618-9cc95436a25e', 'Dolore Ut', 'f6cb58dd-a0aa-5d2b-8ce5-200e44be4f36', DEFAULT, DEFAULT), ('2f76c526-de17-58f1-a75e-aee239f7ed57', 'Veniam Velit Occaeca', 'f6cb58dd-a0aa-5d2b-8ce5-200e44be4f36', DEFAULT, DEFAULT), ('3d4df0ce-5a7f-53e4-b486-95faf0a09720', 'Ipsum Dolore Veniam', 'f6cb58dd-a0aa-5d2b-8ce5-200e44be4f36', DEFAULT, DEFAULT), ('d6d4ebe8-fe3c-5e62-98d8-e678f356450c', 'Amet Dolor', 'f6cb58dd-a0aa-5d2b-8ce5-200e44be4f36', DEFAULT, DEFAULT), ('5dedc9b9-eec3-5ace-a95b-d7817834d9af', 'Irure Enim Magna', 'f6cb58dd-a0aa-5d2b-8ce5-200e44be4f36', DEFAULT, DEFAULT), ('79ef5172-d3d7-5e61-9d71-a40b27651163', 'Laborum', 'f6cb58dd-a0aa-5d2b-8ce5-200e44be4f36', DEFAULT, DEFAULT), ('3c0af99e-82a0-5346-8da5-2d2825b8a66d', 'Ex Labore', '48ed64cc-01ce-5cc6-8ffd-8d552f857570', DEFAULT, DEFAULT), ('7c0f6282-7933-5431-8e88-9d2b9f09f272', 'Officia Amet', '48ed64cc-01ce-5cc6-8ffd-8d552f857570', DEFAULT, DEFAULT), ('c97097d9-c6b8-5a50-931a-369c86f1535e', 'Ullamco Commodo Cupi', '48ed64cc-01ce-5cc6-8ffd-8d552f857570', DEFAULT, DEFAULT), ('9f26eece-7e59-5b46-a98b-848dc55a0cda', 'Aliquip Adipisicing', '48ed64cc-01ce-5cc6-8ffd-8d552f857570', DEFAULT, DEFAULT), ('75b1f4f3-d352-56de-83dd-e679684b060c', 'Eiusmod Sit', '48ed64cc-01ce-5cc6-8ffd-8d552f857570', DEFAULT, DEFAULT), ('80e684c5-9f07-5388-b150-556bc24cb77f', 'Aliqua Irure', '48ed64cc-01ce-5cc6-8ffd-8d552f857570', DEFAULT, DEFAULT), ('4c13eae9-db84-5ef3-81db-cf60400b290d', 'Ipsum Pariatur Molli', '48ed64cc-01ce-5cc6-8ffd-8d552f857570', DEFAULT, DEFAULT), ('a6f51480-ebce-53e5-aaa6-82ae5d7deefa', 'Nulla Consequat', '48ed64cc-01ce-5cc6-8ffd-8d552f857570', DEFAULT, DEFAULT), ('ab31b5c9-e8c8-55c1-ab94-82606fe7ed9a', 'Consectetur Ad Sint', '48ed64cc-01ce-5cc6-8ffd-8d552f857570', DEFAULT, DEFAULT), ('09bca3f4-0d37-5f5a-b637-9d7942a17cff', 'Ad Qui', '0cb21e27-1e4d-50c9-bd0d-f6696d98b44c', DEFAULT, DEFAULT), ('2ca679b7-4687-5422-ac57-c89cfa36e3c8', 'Tempor Elit', '0cb21e27-1e4d-50c9-bd0d-f6696d98b44c', DEFAULT, DEFAULT), ('ba60341e-ffca-5a8d-85d2-58afc6ff269c', 'Laborum Id', '0cb21e27-1e4d-50c9-bd0d-f6696d98b44c', DEFAULT, DEFAULT), ('deab978c-4953-507c-b4fb-f509dd35f454', 'Sint Cillum Excepteu', '0cb21e27-1e4d-50c9-bd0d-f6696d98b44c', DEFAULT, DEFAULT), ('c379a417-3b5c-5e05-a7ca-c545e0d33c70', 'Commodo', '0cb21e27-1e4d-50c9-bd0d-f6696d98b44c', DEFAULT, DEFAULT), ('061a9df6-5f3b-55cf-9879-eec1a4061457', 'Mollit Laborum Sint', '29d37d99-954e-5434-8e90-9d564d65e434', DEFAULT, DEFAULT), ('f8fbdff1-11b4-54fa-ab90-292d82d3d353', 'Magna Sint Do', '29d37d99-954e-5434-8e90-9d564d65e434', DEFAULT, DEFAULT), ('3af5be38-b117-5675-8d7a-e27a1a34e8a8', 'Aliquip', '29d37d99-954e-5434-8e90-9d564d65e434', DEFAULT, DEFAULT), ('ab07c47c-511a-5092-acb9-cbf862e0076b', 'Ea Nostrud', '29d37d99-954e-5434-8e90-9d564d65e434', DEFAULT, DEFAULT), ('f46ce5c6-3097-5b5d-8213-37b749a8664f', 'Pariatur Laborum', '29d37d99-954e-5434-8e90-9d564d65e434', DEFAULT, DEFAULT), ('72d3531d-c972-50b3-9ba4-89c7e7226754', 'Mollit Dolor', '29d37d99-954e-5434-8e90-9d564d65e434', DEFAULT, DEFAULT), ('8dea886f-fc5d-51fd-ac80-f3c52f3b244b', 'Nisi Ad', '29d37d99-954e-5434-8e90-9d564d65e434', DEFAULT, DEFAULT), ('e06c10f9-a674-5092-b6f9-89c60162f0bb', 'Laboris Dolore', '29d37d99-954e-5434-8e90-9d564d65e434', DEFAULT, DEFAULT), ('5c279176-af23-560b-90c9-533a7e485b05', 'Consequat Anim Ad', '29d37d99-954e-5434-8e90-9d564d65e434', DEFAULT, DEFAULT), ('e95b6e76-3b0b-57c6-9c25-54012a280790', 'Et Culpa', '29d37d99-954e-5434-8e90-9d564d65e434', DEFAULT, DEFAULT), ('6653ef95-0532-561d-a71b-05f5c1bc302b', 'Nulla Sint', '64957ee8-7d0b-54ac-82da-6c959456806c', DEFAULT, DEFAULT), ('a9072b83-7976-58e9-a9c4-45664532f42e', 'Anim Fugiat', '64957ee8-7d0b-54ac-82da-6c959456806c', DEFAULT, DEFAULT), ('1bdf6d4a-906f-5da5-b91f-35917468bf74', 'Cillum Aliqua', '64957ee8-7d0b-54ac-82da-6c959456806c', DEFAULT, DEFAULT), ('830a4bb5-d929-5c1b-94fc-74a53795cc52', 'Incididunt', '64957ee8-7d0b-54ac-82da-6c959456806c', DEFAULT, DEFAULT), ('0f271189-6f05-5fbd-95b4-ad7e10a0703b', 'Do Veniam Elit', '64957ee8-7d0b-54ac-82da-6c959456806c', DEFAULT, DEFAULT), ('f754848a-9cd5-551c-9bb4-aa81e33b42af', 'Aute Duis', '64957ee8-7d0b-54ac-82da-6c959456806c', DEFAULT, DEFAULT), ('95f6e66b-0348-54f6-ae25-2030a33390b2', 'Occaecat Enim', '64957ee8-7d0b-54ac-82da-6c959456806c', DEFAULT, DEFAULT), ('fc24b2c3-8978-588b-9aec-94430d8caa06', 'Do Labore', '64957ee8-7d0b-54ac-82da-6c959456806c', DEFAULT, DEFAULT), ('da67a96b-9942-5dc8-b342-59c6ccb73527', 'Sit Cillum', '64957ee8-7d0b-54ac-82da-6c959456806c', DEFAULT, DEFAULT), ('5e5a298d-faa5-525e-b761-9586e7925c91', 'Duis', 'b96a16b9-db3a-5601-8741-9aae600f278b', DEFAULT, DEFAULT), ('6843e0c5-7d9d-55cf-a335-436ba5672a4d', 'Ipsum Minim', 'b96a16b9-db3a-5601-8741-9aae600f278b', DEFAULT, DEFAULT), ('d0b9d9c2-bfa2-53be-a46d-d6aceafcbc2d', 'Officia Laboris', 'b96a16b9-db3a-5601-8741-9aae600f278b', DEFAULT, DEFAULT), ('84aabd0a-31ea-5dd5-9e39-ce95a07d2009', 'Non Fugiat', 'b96a16b9-db3a-5601-8741-9aae600f278b', DEFAULT, DEFAULT), ('6de5d1f5-e767-54ae-ad7a-c52af47251f6', 'Dolore', 'b96a16b9-db3a-5601-8741-9aae600f278b', DEFAULT, DEFAULT);
UPDATE public.team SET plan_id = 1 WHERE id = '7c2c4732-09c1-5f7b-87ca-c53e7497b4ef';
UPDATE public.team SET plan_id = 1 WHERE id = 'f50563b6-8532-51ec-b121-d8c6bca3e897';
UPDATE public.team SET plan_id = 1 WHERE id = 'f1bf295c-195b-5a42-9c6b-5bfa14b58307';
UPDATE public.team SET plan_id = 1 WHERE id = 'e0eebbc8-63c9-5fee-b088-b3310b672c35';
UPDATE public.team SET plan_id = 1 WHERE id = '1c17c04a-19f5-5c48-8b6b-48fe02257ffb';
UPDATE public.team SET plan_id = 1 WHERE id = 'a2996c99-b8bb-5bf6-b789-844e821ceb82';
UPDATE public.team SET plan_id = 1 WHERE id = '5d016028-a6a3-5268-91a3-91021dbfda0a';
UPDATE public.team SET plan_id = 1 WHERE id = 'b279891e-05aa-528b-867b-dd6fe5fa77c8';
UPDATE public.team SET plan_id = 1 WHERE id = 'ff53868f-9940-575d-8fa8-923808f93a53';
UPDATE public.team SET plan_id = 1 WHERE id = '8172203a-00e7-5e0e-919b-2970e0d891df';
UPDATE public.team SET plan_id = 1 WHERE id = '7b5ee10b-959f-565b-9dac-a4bab4f6c6bf';
UPDATE public.team SET plan_id = 1 WHERE id = '38400370-0369-5239-8b08-499aef0591ef';
UPDATE public.team SET plan_id = 2 WHERE id = '5e20f9a8-7b26-5a5f-8426-6b12c182d23c';
UPDATE public.team SET plan_id = 2 WHERE id = '53fe0e9e-3358-5722-b994-4faad8733cd3';
UPDATE public.team SET plan_id = 2 WHERE id = 'e4834379-a7a0-5f41-8193-f598072b1c83';
UPDATE public.team SET plan_id = 2 WHERE id = 'a9f91eda-269f-54d0-83de-05f0c2ecbf08';
UPDATE public.team SET plan_id = 2 WHERE id = 'c0062d28-74ce-56b0-8124-852c5c4cdd1f';
UPDATE public.team SET plan_id = 2 WHERE id = 'a1d779f7-e622-5cd1-b766-eb2b7925b3c0';
UPDATE public.team SET plan_id = 2 WHERE id = 'bd4e2ea6-e7d4-5655-93cc-d1ed71c3483c';
UPDATE public.team SET plan_id = 2 WHERE id = 'fb2f612f-57ab-526e-8b57-f5de07942107';
UPDATE public.team SET plan_id = 2 WHERE id = '38cee772-792e-54fe-ae0f-d62f75f71c11';
UPDATE public.team SET plan_id = 2 WHERE id = '60f279f1-b04c-57b1-b6aa-b71a8811c6ab';
UPDATE public.team SET plan_id = 2 WHERE id = 'b5d35d7e-f19e-568e-9efe-911f779c892f';
UPDATE public.team SET plan_id = 2 WHERE id = '3db3509a-5565-5145-aa2d-eb656db639a3';
UPDATE public.team SET plan_id = 2 WHERE id = '16b2ddd9-4627-52fa-8115-8453cfa39374';
UPDATE public.team SET plan_id = 2 WHERE id = '235fae27-2669-539e-8784-3dcbaac570cc';
UPDATE public.team SET plan_id = 3 WHERE id = '782f7eda-e535-5ab3-8415-643126d3b0fa';
UPDATE public.team SET plan_id = 3 WHERE id = '5daf6f25-3b97-5f49-8f75-4ba5d1d74cd3';
UPDATE public.team SET plan_id = 3 WHERE id = '3788fdae-c690-5563-abac-18b51e4d210f';
UPDATE public.team SET plan_id = 3 WHERE id = '177ae72e-41a6-5325-80d6-452827ea5918';
UPDATE public.team SET plan_id = 3 WHERE id = 'c0a2f5c4-7781-5310-ad3c-e7b9f41a7ace';
UPDATE public.team SET plan_id = 3 WHERE id = '71c019c0-f4c8-51ac-bfff-4141eabf85f3';
UPDATE public.team SET plan_id = 3 WHERE id = 'ab4eb860-b9b9-58f5-84c6-b76a08d23dfd';
UPDATE public.team SET plan_id = 3 WHERE id = 'dd9140ad-b92d-5673-a8c2-8b1c4e3e8697';
UPDATE public.team SET plan_id = 3 WHERE id = '78de8c0c-fe2d-50bd-afca-68bed9f87cd0';
UPDATE public.team SET plan_id = 3 WHERE id = '81e51b22-aab8-5050-a735-aa5917f8771b';
UPDATE public.team SET plan_id = 3 WHERE id = 'f6cb58dd-a0aa-5d2b-8ce5-200e44be4f36';
UPDATE public.team SET plan_id = 3 WHERE id = '48ed64cc-01ce-5cc6-8ffd-8d552f857570';
UPDATE public.team SET plan_id = 3 WHERE id = '0cb21e27-1e4d-50c9-bd0d-f6696d98b44c';
UPDATE public.team SET plan_id = 3 WHERE id = '29d37d99-954e-5434-8e90-9d564d65e434';
UPDATE public.team SET plan_id = 3 WHERE id = '64957ee8-7d0b-54ac-82da-6c959456806c';
UPDATE public.team SET plan_id = 3 WHERE id = 'b96a16b9-db3a-5601-8741-9aae600f278b';
SELECT setval('"public"."plan_id_seq"'::regclass, (SELECT MAX("id") FROM "public"."plan"));
INSERT INTO public.arena (id,game_id,name,metadata,created_at,updated_at) VALUES (1, 2, 'Silverlake Stadium', DEFAULT, DEFAULT, DEFAULT), (2, 1, 'Downtown Plaza Pavilion', DEFAULT, DEFAULT, DEFAULT), (3, 4, 'Bayshore Pavilion', DEFAULT, DEFAULT, DEFAULT), (4, 1, 'Sunset Stadium', DEFAULT, DEFAULT, DEFAULT), (5, 2, 'Downtown Square Pavilion', DEFAULT, DEFAULT, DEFAULT), (6, 4, 'Oceanfront Amphitheater', DEFAULT, DEFAULT, DEFAULT), (7, 4, 'Main Square Arena', DEFAULT, DEFAULT, DEFAULT), (8, 4, 'Southbank Arena', DEFAULT, DEFAULT, DEFAULT), (9, 3, 'Waterfront Amphitheater', DEFAULT, DEFAULT, DEFAULT), (10, 1, 'Meadowbrook Pavilion', DEFAULT, DEFAULT, DEFAULT);
SELECT setval('"public"."arena_id_seq"'::regclass, (SELECT MAX("id") FROM "public"."arena"));
INSERT INTO public.blueprint (id,book_id,arena_id,visibility,name,tags,created_at,updated_at) VALUES ('fd4a2d4e-8569-59ca-837d-fb7fa0ab1be1', 'b32027db-33da-5dc2-b906-e0c2a06ac683', 5, 'public', 'Roaming Support Plan', '{"ut pariatur tempor","sunt","exercitation voluptate","nostrud ad","sit labore","mollit tempor"}', DEFAULT, DEFAULT), ('e0502ed9-8194-54d4-be5d-43176e2a7438', '75b1f4f3-d352-56de-83dd-e679684b060c', 8, 'unlisted', 'Roaming Support Plan', '{"ad Lorem elit nostrud"}', DEFAULT, DEFAULT), ('cba89714-5b1d-590f-92a2-27cfb555b7e4', '88501f36-608d-5074-ab3f-752cd478292f', 4, 'public', 'Gank Heavy Approach', '{"sunt deserunt excepteur","labore fugiat ullamco","ea occaecat pariatur","id et","laborum elit tempor","elit aute duis magna"}', DEFAULT, DEFAULT), ('497b8842-fb80-5638-ba6f-3f3e64daa06b', 'cf1d2e5e-3a18-5518-8e4c-387978992b8a', 2, 'public', 'Map Control Blueprint', '{"sunt et"}', DEFAULT, DEFAULT), ('75fbf0dd-b3c9-5513-87f0-9d9a9004f64c', '097c4d8e-94d3-5fd3-94ca-7bbb66cf6929', 3, 'private', 'Baron Control Strategy', '{"in minim ut aute laboris","laboris deserunt dolor","aliquip dolore excepteur amet","mollit ad","sit ad aute eiusmod","irure aliquip enim mollit"}', DEFAULT, DEFAULT), ('0352b4c9-6de9-5702-929d-3d622c6456a1', 'e334db45-3389-5a47-b7c9-4ff8121637b5', 4, 'public', 'Rotation Strategy Document', '{"voluptate nostrud ipsum ullamco","velit anim excepteur","consequat dolor deserunt proiden","labore","voluptate","aliqua cillum laborum","commodo occaecat deserunt"}', DEFAULT, DEFAULT), ('1e701d2b-566c-5f82-8280-a2a9d02ee590', 'bbcbd7eb-4377-550e-af45-f77d693d98fe', 4, 'unlisted', 'Early Game Dominance Guide', '{}', DEFAULT, DEFAULT), ('f04c0ed1-b624-5092-8b98-dae6fff857dc', 'c34db444-6019-5242-8b27-a0e6d1f129be', 6, 'private', 'Early Game Dominance Guide', '{"tempor","dolor eu sit exercitation","amet aliquip","reprehenderit do amet"}', DEFAULT, DEFAULT), ('7eef79d9-ea6c-5417-b347-09dbcb8b4c78', 'f6a7cc82-a609-50ee-a839-9fa8b1a9631d', 3, 'unlisted', 'Roaming Support Plan', '{"qui ea magna occaecat","nisi adipisicing amet irure","fugiat","ipsum labore","ipsum occaecat amet deserunt ven"}', DEFAULT, DEFAULT), ('3aff3e37-0331-5c7a-a0f5-1b6595c2ad7b', '6c52c1d9-13a4-51ef-ae51-1dacc4c14be9', 9, 'public', 'Baron Control Strategy', '{"velit laboris et aliquip","qui ex aliqua duis","cillum duis nostrud nulla"}', DEFAULT, DEFAULT), ('7c0cf1d4-d57d-5092-a3f0-ca49e04ace52', '9b1fc781-1e4e-56d2-bd68-0dc257a319c0', 3, 'public', 'Roaming Support Plan', '{"fugiat ipsum anim","cupidatat nulla ullamco qui","do adipisicing"}', DEFAULT, DEFAULT), ('26c80d6d-0d6f-5fb2-8296-8b5e9e1fdeb7', '853509f0-6836-5fa7-87f2-fb0a9a8766d2', 10, 'unlisted', 'Early Game Dominance Guide', '{"eu proident et elit"}', DEFAULT, DEFAULT), ('310ccf44-859c-5587-8001-5aa84afb3236', '11edd970-a1f3-5973-a201-278046231716', 7, 'private', 'Wave Management Plan', '{"ullamco commodo enim cillum esse","et","mollit dolore amet exercitation"}', DEFAULT, DEFAULT), ('c6131a0d-c1ea-5dce-8460-c91026e41f9f', 'c15a1a93-cc16-5536-8ab0-42ef9626e379', 7, 'public', 'Siege Tactics Handbook', '{"Lorem fugiat fugiat esse veniam","sint","elit esse do","nulla ut deserunt","sunt veniam","in labore exercitation","ut","velit duis deserunt ex nisi","mollit exercitation do"}', DEFAULT, DEFAULT), ('054eb394-a081-59a1-b613-e1c8bbcc6250', '5783cab4-e010-523b-b893-81b388f43d06', 3, 'public', 'Counter Pick Blueprint', '{"non","laboris do","nulla sint ex consectetur","qui quis occaecat ullamco","exercitation sunt aliqua officia"}', DEFAULT, DEFAULT), ('4cb602e9-b66f-5f7e-a7a1-71729454372c', 'db9f2a26-569b-5431-9216-bcd2cf256bbd', 8, 'unlisted', 'Rotation Strategy Document', '{"laboris velit","dolor exercitation voluptate","ut","fugiat adipisicing sint occaecat","et magna id minim","velit magna esse"}', DEFAULT, DEFAULT), ('8ed312f8-fa19-5305-a78e-7cdee2dc9e00', '94170f3d-888c-58bc-bc18-13592bfb52c5', 9, 'private', 'Aggressive Rush Strategy', '{"fugiat fugiat fugiat ex","dolore veniam","elit"}', DEFAULT, DEFAULT), ('c9bad04c-3d6e-5efe-9540-7763dde57640', 'b134c4e5-3e41-53b3-bf3f-7f4cf023e9d7', 9, 'private', 'Objective Focused Strategy', '{"ea minim","minim dolore nostrud"}', DEFAULT, DEFAULT), ('7a350dde-d215-538c-bfd3-d5cdd8b40555', '5d378209-1fd5-506f-8b3f-511a16489d69', 10, 'public', 'Counter Pick Blueprint', '{"qui","ut anim velit mollit","aliquip irure exercitation labor","excepteur deserunt"}', DEFAULT, DEFAULT), ('bd6c4dd0-06e8-56ab-abd6-6e9e777c13a7', 'cd80d13e-478f-5058-8dfd-e20a76013cb5', 4, 'public', 'Counter Pick Blueprint', '{"proident ad labore magna ad","amet exercitation id","enim ipsum voluptate commodo","laborum laboris commodo","duis laboris culpa","mollit cupidatat sunt","consectetur tempor ullamco irure","officia cillum"}', DEFAULT, DEFAULT), ('844103e5-8cf8-5795-8a63-ccecfc3e2001', '0f271189-6f05-5fbd-95b4-ad7e10a0703b', 6, 'public', 'Gank Heavy Approach', '{"tempor qui proident exercitation","commodo elit","irure"}', DEFAULT, DEFAULT), ('582d0ca1-76cc-5500-9dd8-190ab817072d', '11edd970-a1f3-5973-a201-278046231716', 9, 'private', 'Vision Control Blueprint', '{"nisi ea","reprehenderit eu","tempor consequat in quis esse","anim aute nostrud mollit","eiusmod officia enim","cupidatat et aliquip"}', DEFAULT, DEFAULT), ('9012aa86-f8a2-5033-82d5-336bcaa03c26', '8bfeb6d5-d92f-5041-aa1b-39b8365c0a59', 10, 'public', 'Siege Tactics Handbook', '{"consequat esse do","culpa","nostrud labore","magna","mollit et labore","aute pariatur nulla aute","ullamco reprehenderit","velit Lorem ut esse"}', DEFAULT, DEFAULT), ('746bb5ad-439a-519a-90ef-991641df1623', '9c793877-9a29-5409-acf9-8981bd39bd4d', 8, 'unlisted', 'Late Game Scaling Strategy', '{"incididunt","proident occaecat ipsum","duis ipsum nisi ex","elit ex dolor"}', DEFAULT, DEFAULT), ('b1bab82d-de7c-55e3-8115-1651b8f68765', 'd905224a-1767-5e97-ad1a-f223ab64cd44', 2, 'private', 'Secure Objective Playbook', '{"veniam id incididunt ipsum","commodo minim","dolor qui","voluptate est","deserunt fugiat"}', DEFAULT, DEFAULT), ('0145500d-2ab2-5c49-9cea-edd711ce1cc9', 'cda3814f-c14d-5dcf-a835-797df84f6d99', 4, 'unlisted', 'Aggressive Rush Strategy', '{"tempor do duis consectetur","dolor","enim","ad id","anim elit","irure culpa","veniam Lorem irure","pariatur fugiat labore ex","occaecat","culpa"}', DEFAULT, DEFAULT), ('703c3370-90fb-5d22-8365-f34357b3ffb8', '3d4df0ce-5a7f-53e4-b486-95faf0a09720', 7, 'private', 'Rotation Strategy Document', '{}', DEFAULT, DEFAULT), ('fd862b26-fe8c-52d0-b06e-3c9f938bd3ab', 'c34db444-6019-5242-8b27-a0e6d1f129be', 7, 'public', 'Jungle Control Playbook', '{"nulla anim laboris elit","amet proident","ea voluptate","cupidatat sint","ullamco","mollit","proident proident","sint ut adipisicing cillum","nostrud esse"}', DEFAULT, DEFAULT), ('70415515-b81b-59ef-a1ed-18578b73b7ae', '061a9df6-5f3b-55cf-9879-eec1a4061457', 8, 'private', 'Baron Control Strategy', '{"cillum","laborum","cupidatat eiusmod anim","exercitation fugiat"}', DEFAULT, DEFAULT), ('c5558815-aa72-5938-a7c8-62ae2c1a039c', 'fd2a8113-662a-5782-9e12-f7b49eee56e0', 8, 'public', 'Secure Objective Playbook', '{"sint","incididunt reprehenderit esse si","exercitation consequat minim ad ","cupidatat esse proident laborum","amet adipisicing laborum commodo","culpa eu","eiusmod elit duis culpa"}', DEFAULT, DEFAULT), ('703bbd20-9625-5bd7-8aa3-5ead0245fe50', '9e6824f3-dac2-540f-9e3d-8797171dab14', 1, 'unlisted', 'Objective Focused Strategy', '{"velit nulla","duis magna eiusmod","nisi aliqua sint"}', DEFAULT, DEFAULT), ('68ff3d82-b6b6-5053-9e74-aa9b346dd8d1', 'c97097d9-c6b8-5a50-931a-369c86f1535e', 10, 'private', 'Wave Management Plan', '{"est ad id"}', DEFAULT, DEFAULT), ('522e120d-7e21-504a-9c96-99e429197e5a', '34e08312-6163-54ad-8f00-271b535d720e', 7, 'unlisted', 'Counter Pick Blueprint', '{"aliqua consequat fugiat","occaecat deserunt culpa","consectetur ad irure fugiat","labore veniam","qui commodo aliquip reprehenderi"}', DEFAULT, DEFAULT), ('54b879fc-04e4-53b3-8cec-0174fc0ccd34', '59558fa1-9cc0-5e85-a331-879d76e07f05', 5, 'private', 'Counter Pick Blueprint', '{"consectetur fugiat ipsum nulla","sit voluptate minim ut aliquip","occaecat ex","culpa Lorem","anim velit eu enim","culpa consequat","nulla minim voluptate culpa cill"}', DEFAULT, DEFAULT), ('fb90b354-0ae1-59da-9637-61f6c5ed3fb9', '0fa12fcf-97e2-5065-a698-e366ca117702', 4, 'public', 'Secure Objective Playbook', '{"sunt aute","sint sunt pariatur quis","cupidatat"}', DEFAULT, DEFAULT), ('95b3988b-e14b-57a7-900d-4985cb116f17', 'fe24988b-bca5-5bf5-be0f-c92da7b2cbe1', 6, 'private', 'Gank Heavy Approach', '{"dolore voluptate nisi","proident amet aute mollit","ullamco est voluptate","non magna pariatur","sit amet aute cillum","Lorem ex","ea non adipisicing","labore deserunt et enim","id duis adipisicing"}', DEFAULT, DEFAULT), ('7d1face3-2e87-52f5-9623-fff9de0a6539', '6a3486ce-c3fa-519b-8ad1-f329a5c3ee43', 9, 'public', 'Map Control Blueprint', '{"eu cillum laborum veniam","adipisicing id aliqua","exercitation nisi quis anim","proident","Lorem id tempor ex","Lorem ex","amet consectetur","fugiat excepteur mollit enim","cupidatat enim consequat ea et"}', DEFAULT, DEFAULT), ('e8bf9a25-132d-5d46-b40a-d08534be6c9f', 'cd80d13e-478f-5058-8dfd-e20a76013cb5', 1, 'unlisted', 'Counter Pick Blueprint', '{"proident","commodo commodo proident","sunt id proident"}', DEFAULT, DEFAULT), ('29a560e9-84d9-5f41-9b09-76969cbfb144', 'cd42da7d-ec75-53b3-9aad-015766f58921', 2, 'public', 'Counter Pick Blueprint', '{"nostrud sunt","reprehenderit duis est duis aliq","incididunt qui exercitation non","esse occaecat duis","exercitation incididunt irure","pariatur pariatur incididunt","Lorem quis","officia irure elit"}', DEFAULT, DEFAULT), ('d9c4b302-5ab0-5114-8120-41d1876c7eb9', 'cf1d2e5e-3a18-5518-8e4c-387978992b8a', 7, 'public', 'Objective Focused Strategy', '{"ullamco nostrud","culpa esse","occaecat incididunt mollit Lorem","magna enim aliqua deserunt","non nostrud consequat","anim enim exercitation non ipsum"}', DEFAULT, DEFAULT), ('ca1b9e1e-f7c0-5c4a-a566-aabf3f7ebb80', 'a88bc9b9-135e-55c7-8c4c-5a072a3c8573', 3, 'unlisted', 'Vision Denial Blueprint', '{"labore cillum cupidatat officia","dolor occaecat aliquip","aliquip elit consectetur deserun","nostrud commodo nostrud non","veniam do ullamco","laborum ullamco magna"}', DEFAULT, DEFAULT), ('cde91e33-9c71-56e0-b19e-f2372fa577cf', '95f6e66b-0348-54f6-ae25-2030a33390b2', 10, 'private', 'Secure Objective Playbook', '{"voluptate consequat","veniam esse nostrud","ipsum cillum aliquip","officia","consequat sit ipsum nostrud eu","commodo pariatur sunt et in","esse mollit officia","aliquip consectetur ad mollit"}', DEFAULT, DEFAULT), ('013547e4-326e-5221-8377-310093ccf53a', 'd2268e40-fa6d-5300-9f01-b7cc8f9018e3', 10, 'private', 'Rotation Strategy Document', '{"excepteur nulla quis","velit incididunt","ea","incididunt amet ut ipsum","velit","adipisicing nostrud","sit","anim","aute veniam magna eiusmod","aute nostrud laborum"}', DEFAULT, DEFAULT), ('50cffa66-dd91-5aed-8c46-1b76e488de31', '897e7fb9-bd9c-59e3-afc7-d1c31ec7ef34', 6, 'unlisted', 'Rotation Strategy Document', '{"pariatur reprehenderit labore do","incididunt consectetur","sint proident"}', DEFAULT, DEFAULT), ('f550c2bf-a147-5e29-8a01-470336f387eb', '061a9df6-5f3b-55cf-9879-eec1a4061457', 6, 'unlisted', 'Map Control Blueprint', '{"excepteur velit quis consectetur","mollit nulla cupidatat irure","excepteur culpa","nostrud sint eiusmod sit proiden"}', DEFAULT, DEFAULT), ('a30e3d57-ad0a-594d-9622-8a2514b8110c', '6de5d1f5-e767-54ae-ad7a-c52af47251f6', 8, 'private', 'Roaming Support Plan', '{"cupidatat dolore ullamco do aliq","voluptate Lorem velit","cillum","incididunt duis"}', DEFAULT, DEFAULT), ('cb76f565-509b-50d9-bbe4-5c6e7c9b0eb4', 'bbc51950-a428-5ed7-b604-6444a902714b', 10, 'unlisted', 'Secure Objective Playbook', '{"deserunt","nostrud ad enim","dolore occaecat","officia labore cillum laboris no","ea qui","laboris aliqua officia officia","id proident"}', DEFAULT, DEFAULT), ('a344c7b4-07e6-54df-b4ed-f27c7916e147', 'fc88007a-9d2a-5db9-87f7-7afc6a40da73', 2, 'public', 'Split Push Blueprint', '{"deserunt cupidatat aliquip","eiusmod sit","veniam ullamco","excepteur"}', DEFAULT, DEFAULT), ('6c40d2d3-07ad-5aa1-a5fa-cf5861475e5d', 'fc88007a-9d2a-5db9-87f7-7afc6a40da73', 5, 'unlisted', 'Team Fight Execution Plan', '{"enim est ipsum","consequat reprehenderit velit no","dolor qui ut duis aute","tempor commodo in","eiusmod nostrud in"}', DEFAULT, DEFAULT), ('ba7460a4-9316-52e4-9e3a-05ee82b85e66', 'd19db439-c7e7-53a7-aa19-0db346180dc1', 5, 'unlisted', 'Split Push Blueprint', '{"ex deserunt aliquip mollit","minim labore nisi"}', DEFAULT, DEFAULT), ('fb3595df-62ad-5f54-ac34-3a578952555c', 'f4b5542b-ba61-519e-a8d2-5793282ad487', 9, 'public', 'Map Control Blueprint', '{"aliqua duis enim","enim Lorem pariatur","ut nisi elit","proident veniam occaecat ipsum e","enim fugiat","consectetur magna","est","irure nisi officia","excepteur sunt"}', DEFAULT, DEFAULT), ('90edde40-1b87-5f75-90b9-68639fbcb2b8', 'dc58dd7b-bb54-5abe-8208-becc5e0561ad', 8, 'unlisted', 'Map Control Blueprint', '{"anim quis tempor aliquip","aliqua","ipsum ex sint est tempor","excepteur id eu","tempor","irure aliquip proident","ex cillum fugiat","esse occaecat tempor ullamco","irure irure pariatur aute","ullamco do"}', DEFAULT, DEFAULT), ('ea26a496-35d8-5f3f-a769-a80898ec7b17', '110efd29-2979-5c30-b41f-b3bf832f48cd', 2, 'unlisted', 'Aggressive Rush Strategy', '{"duis occaecat eiusmod et elit"}', DEFAULT, DEFAULT), ('035a0a25-d588-551c-9f76-4e9f593ffaf4', '92bf5244-388d-5bbf-bd84-1c7ad2efe31b', 9, 'public', 'Aggressive Rush Strategy', '{"enim","laborum nulla qui","esse quis laboris","dolore ullamco","Lorem nisi in","est adipisicing ullamco","dolore anim","in proident amet"}', DEFAULT, DEFAULT), ('e7f55997-6008-5d29-9f7f-564ab748cc59', '305fa448-c3bf-59c7-a989-19ae69ce0725', 8, 'private', 'Siege Tactics Handbook', '{"id labore fugiat"}', DEFAULT, DEFAULT), ('396ce0bd-b3e1-5b3c-94ea-bb5357e1c76a', '844afdcc-93cf-55c8-b0f1-1cc22329a30b', 9, 'unlisted', 'Roaming Support Plan', '{"reprehenderit Lorem laborum adip","occaecat ut labore anim","pariatur et cupidatat dolor duis","occaecat commodo anim","non fugiat adipisicing ullamco","et sit laboris et incididunt"}', DEFAULT, DEFAULT), ('4cb2c65b-80df-57cc-9c0d-6c346029b88f', 'ab31b5c9-e8c8-55c1-ab94-82606fe7ed9a', 5, 'public', 'Objective Focused Strategy', '{"irure excepteur Lorem labore","non deserunt laboris ea cillum","consectetur consectetur veniam","ullamco dolore","eiusmod dolore non Lorem","id","elit laborum exercitation Lorem","aute laborum est"}', DEFAULT, DEFAULT), ('8172dfee-2cce-5dee-9293-b6bd5f74d656', 'abf8504a-2cfc-5a9d-a5d2-31dccd8bf00f', 9, 'public', 'Team Fight Execution Plan', '{"nulla","proident quis amet consectetur e","culpa non eu","et ipsum","incididunt duis culpa ex"}', DEFAULT, DEFAULT), ('910e8e4b-af24-5f28-a2eb-631066a490eb', 'a69d43fa-2222-5203-b590-140e62599451', 8, 'public', 'Vision Denial Blueprint', '{"eu","proident reprehenderit","non","consequat dolor","ipsum ad"}', DEFAULT, DEFAULT), ('150381a3-e791-54de-9419-0edac12fb9eb', 'a8212e1b-5577-5c28-9c38-2d4fbd753550', 2, 'public', 'Counter Pick Blueprint', '{"ipsum fugiat ad","duis pariatur voluptate fugiat","cupidatat velit occaecat est","sint sit mollit","dolore quis mollit voluptate","nostrud dolor aliqua laborum","deserunt esse incididunt est exc"}', DEFAULT, DEFAULT), ('ddb37574-0dbe-5aa4-a5e8-b15242cefaff', '6a3486ce-c3fa-519b-8ad1-f329a5c3ee43', 7, 'private', 'Counter Pick Blueprint', '{"dolore ea pariatur","aliqua dolore nulla et","et","ut ullamco","aute enim eiusmod labore fugiat","ex dolor cupidatat cillum magna","nostrud pariatur ut"}', DEFAULT, DEFAULT), ('77fbdaed-4103-591b-82ee-3e3fa4b78a9b', 'db9f2a26-569b-5431-9216-bcd2cf256bbd', 10, 'public', 'Late Game Scaling Strategy', '{"ipsum non laborum proident"}', DEFAULT, DEFAULT), ('0f1e8b42-396d-5765-be37-bce2ee646e04', 'a8766652-5cf4-5e66-ba6d-9eb457dff942', 4, 'public', 'Defensive Turtle Tactics', '{}', DEFAULT, DEFAULT), ('5308f8b3-4d4d-529a-bd7c-3a77ac4fe6ae', 'f7f33f5b-7e02-5784-9db2-ed2995544a54', 7, 'public', 'Jungle Control Playbook', '{"sit"}', DEFAULT, DEFAULT), ('851e9ece-db38-530e-b3f9-f5e1d49a3b34', 'df686e46-eb10-5a3f-abfb-03f34e72d244', 7, 'private', 'Gank Heavy Approach', '{"ea non dolore cillum","adipisicing","ullamco do","ipsum laboris ullamco","aliquip sit do","ad ipsum sit Lorem eiusmod"}', DEFAULT, DEFAULT), ('2189cd55-c657-5ce9-999a-da1a2dbf7ea0', '2daf5548-f681-577a-9912-670e1304b2ad', 1, 'private', 'Late Game Scaling Strategy', '{"qui","dolor","commodo","ea dolore anim ex"}', DEFAULT, DEFAULT), ('902d4a21-0657-5095-b741-ac0d408bb89e', '549980e7-3e77-5d76-b263-84664d04b209', 7, 'private', 'Early Game Dominance Guide', '{"ut sint ut","exercitation culpa","irure","adipisicing eu irure","dolor esse excepteur"}', DEFAULT, DEFAULT), ('0d40f7c0-72b0-55c2-8e48-c6c65bd9815f', 'c3c19070-f0b8-5d8b-8806-a00d5fe919aa', 2, 'public', 'Map Control Blueprint', '{}', DEFAULT, DEFAULT), ('f09f5f0c-d6f4-5089-a919-82fdea15dad9', 'cd42da7d-ec75-53b3-9aad-015766f58921', 1, 'private', 'Vision Denial Blueprint', '{"ipsum pariatur nisi","excepteur in qui Lorem","ipsum incididunt ipsum dolor","aute fugiat sunt mollit anim","labore aliquip","ad ipsum velit officia","sint","est excepteur","minim et","sint ullamco reprehenderit aliqu"}', DEFAULT, DEFAULT), ('9bfcf305-f3a4-5bed-9ee4-3f5ccf9e59af', '2190cc4c-2cc5-5f9f-983d-55f70f31e468', 5, 'private', 'Early Game Dominance Guide', '{"incididunt sit","irure labore in","dolore consequat elit non"}', DEFAULT, DEFAULT), ('2ff309f0-6726-5920-ad23-47ba58fd2525', 'a5831e58-2fc9-5b59-970d-00c344a4eb18', 8, 'unlisted', 'Counter Pick Blueprint', '{"incididunt consectetur","veniam sit dolor tempor minim"}', DEFAULT, DEFAULT), ('bac302d7-9e20-52d1-89cc-b0e99ef3b896', 'a3df44c1-25a3-5190-a8bc-004597063afc', 2, 'public', 'Defensive Turtle Tactics', '{"fugiat","consequat deserunt","culpa adipisicing"}', DEFAULT, DEFAULT), ('ef31ceeb-0f8d-5da0-ab9c-18045c420f99', 'e5b4727f-be5e-52c0-83cb-cb7ba230945f', 5, 'private', 'Defensive Turtle Tactics', '{"cillum et"}', DEFAULT, DEFAULT), ('2be70e34-56ed-5cb2-9758-b8f796ec32ec', 'a3df44c1-25a3-5190-a8bc-004597063afc', 10, 'public', 'Wave Management Plan', '{"deserunt sit est occaecat","deserunt eu eu","sunt aliquip veniam sint cillum","fugiat ipsum voluptate aliqua au","est aute ut","occaecat id deserunt exercitatio"}', DEFAULT, DEFAULT), ('49e5f9f5-6a8f-5423-81e9-9e8e2c467770', 'f457d7a7-01f9-5225-b07a-0e782525bbc7', 9, 'unlisted', 'Siege Tactics Handbook', '{"ad qui tempor reprehenderit","sit","commodo ex consequat voluptate u","et Lorem ex","amet deserunt non","ex elit dolor","dolor elit nostrud"}', DEFAULT, DEFAULT), ('421a5d89-58fa-56e2-87c9-a4c6fd3159db', 'ee198d66-a798-52a5-8b79-9931f7b835e3', 9, 'public', 'Defensive Turtle Tactics', '{"duis excepteur"}', DEFAULT, DEFAULT), ('c2ab0ed6-ea98-544f-a35e-cfff5a185dc8', '9f26eece-7e59-5b46-a98b-848dc55a0cda', 2, 'unlisted', 'Roaming Support Plan', '{"qui","veniam cillum veniam","occaecat"}', DEFAULT, DEFAULT), ('6c6d219e-3884-5c60-8485-0fb500d0b675', '6653ef95-0532-561d-a71b-05f5c1bc302b', 8, 'unlisted', 'Roaming Support Plan', '{"officia duis ut occaecat","aliqua","sit duis culpa","occaecat ipsum","irure","ex"}', DEFAULT, DEFAULT), ('d5fd2418-0c52-558a-8369-707f9186db0b', 'd35ecca3-ac35-5e28-8e7e-6a25de908d18', 6, 'unlisted', 'Early Game Dominance Guide', '{"amet laborum enim enim","ex velit eiusmod enim eu","enim","occaecat occaecat irure","laborum","enim cillum id in","aliquip proident dolor"}', DEFAULT, DEFAULT), ('0f22fcab-183d-5e80-9a98-c495a215f5f8', '8fe11c61-64ee-5a54-8048-b7d0a6d485e2', 1, 'unlisted', 'Defensive Turtle Tactics', '{"cillum excepteur"}', DEFAULT, DEFAULT), ('f92c2ba5-8b0e-58ef-9364-e364e4c41522', 'd92658af-bb2e-5f93-9170-bc8d85a6ad50', 8, 'unlisted', 'Counter Pick Blueprint', '{"incididunt amet minim minim et","consequat incididunt Lorem dolor","eu elit dolor sint duis","aliquip incididunt labore pariat","ad aute","sit ut nulla","sint esse aliquip consectetur"}', DEFAULT, DEFAULT), ('e2ec2872-d983-5938-8f1c-38a9a14124dd', 'c3c19070-f0b8-5d8b-8806-a00d5fe919aa', 8, 'public', 'Counter Pick Blueprint', '{"quis enim","excepteur aliquip veniam dolore","qui veniam irure","amet irure non","laborum est","cupidatat sunt culpa","adipisicing","dolore mollit dolor ea","sunt sint"}', DEFAULT, DEFAULT), ('4d4230bc-d1b6-532c-9bbf-8c67caf4f9ed', 'a3141029-aec2-543b-b18a-49fe947e3304', 3, 'private', 'Early Game Dominance Guide', '{"laborum do labore","amet tempor sint dolore","consectetur reprehenderit elit i","mollit deserunt labore pariatur","nostrud","magna elit esse"}', DEFAULT, DEFAULT), ('8be9ffc5-25d1-5c32-be1f-9a9ec00544f6', 'da67a96b-9942-5dc8-b342-59c6ccb73527', 6, 'unlisted', 'Early Game Dominance Guide', '{"voluptate pariatur","nulla cillum","fugiat ullamco","anim voluptate","officia non exercitation ipsum","culpa aute consequat officia"}', DEFAULT, DEFAULT), ('a3241e44-bd93-5a11-a730-863e8eb75275', '5c25ba01-ab4d-5527-9a41-d79d770f3d79', 7, 'private', 'Gank Heavy Approach', '{"esse commodo commodo","dolor deserunt tempor tempor ven","proident non irure ullamco","nulla labore labore ullamco","dolor quis non eu","consequat veniam excepteur","laborum labore","aliqua reprehenderit ipsum minim"}', DEFAULT, DEFAULT), ('a1c32f18-989f-5961-80f5-4a21a838bc95', 'db9f2a26-569b-5431-9216-bcd2cf256bbd', 10, 'private', 'Baron Control Strategy', '{"et eu nisi proident anim","voluptate","adipisicing pariatur","culpa","proident et do aute","est enim"}', DEFAULT, DEFAULT), ('8fde1282-59d1-5f9b-bc10-4130ce793fa9', '8b8c6b35-a8b5-5445-b616-82b510da1ef3', 9, 'public', 'Late Game Scaling Strategy', '{"est sunt","commodo consequat cillum do ulla","cillum ad anim aliquip veniam","ex magna proident","laborum consectetur labore","adipisicing aute"}', DEFAULT, DEFAULT), ('f85f8e1b-b8a0-528e-bc81-49b3e6a34ee5', 'eda91f04-12ef-5904-88aa-e6ed9a692e03', 2, 'unlisted', 'Wave Management Plan', '{"ut nostrud laborum officia eiusm","veniam incididunt magna aliquip","non","exercitation sit occaecat do","in elit"}', DEFAULT, DEFAULT), ('e16cfe57-140d-5b3e-90f8-910575ffdd47', 'c7198a1e-f50c-5635-a5bf-2073d4da7bc6', 4, 'unlisted', 'Early Game Dominance Guide', '{"ut fugiat","aute mollit aliqua","incididunt ut ex","nisi ut sit esse labore","culpa adipisicing qui nulla","consequat proident duis proident","mollit ut ad nulla","enim ea"}', DEFAULT, DEFAULT), ('06866e23-2aeb-59f2-9d3c-156507eb23db', '7a86b477-8922-5c78-85b7-47a44d6877c0', 9, 'private', 'Gank Heavy Approach', '{"irure incididunt fugiat amet","laboris culpa","esse","enim minim","ad incididunt occaecat","exercitation irure","incididunt irure eu"}', DEFAULT, DEFAULT), ('e5c44c16-4905-59d0-8c2a-f48ebfc3fdcc', '8dea886f-fc5d-51fd-ac80-f3c52f3b244b', 3, 'unlisted', 'Split Push Blueprint', '{"Lorem dolor velit magna velit","anim veniam","irure","ad duis exercitation dolore"}', DEFAULT, DEFAULT), ('0298782b-da7d-55b4-a736-8126dd2f9d32', '7f78fee3-dd27-5696-858f-318bd4cbf2a8', 5, 'private', 'Early Game Dominance Guide', '{"eu commodo occaecat ea","nisi consequat commodo laboris","aliquip cillum","voluptate duis sit eiusmod","minim laboris pariatur veniam pa","mollit consequat esse fugiat","non nostrud ut","non elit ut aute"}', DEFAULT, DEFAULT), ('8f534833-d8c3-5d0a-b63c-bd2740be0330', '19495f2f-99a6-5394-9596-a1d3fb0d3196', 10, 'private', 'Objective Focused Strategy', '{"reprehenderit sunt id irure repr","do dolore cillum"}', DEFAULT, DEFAULT), ('1caeec83-1956-53fb-9c1a-7f585775c524', 'b5605791-3389-56c2-9ec6-17d538b9bb85', 6, 'public', 'Defensive Turtle Tactics', '{"laboris aliquip irure"}', DEFAULT, DEFAULT), ('28f2bbc2-0260-5d64-a9bf-64e9bc163c30', '5ce056de-a21e-5eba-9d47-e09232047aae', 7, 'unlisted', 'Jungle Control Playbook', '{"labore eiusmod exercitation dolo","eu"}', DEFAULT, DEFAULT), ('8590b74a-b67e-5525-9786-4e0fc4c65d06', '00644310-2ebb-53b6-b6cd-c599924419bd', 4, 'private', 'Wave Management Plan', '{"et reprehenderit","aliquip sit ad ex","sint deserunt esse","ad","dolore ullamco fugiat ipsum","qui cillum","sunt eu enim in","cupidatat","proident enim culpa"}', DEFAULT, DEFAULT), ('fa5e4221-0eae-5da7-9a16-5b8399b9ef50', '0ddbd373-5148-5d1c-b950-701854fc6604', 10, 'unlisted', 'Baron Control Strategy', '{"consectetur consectetur ex eu","occaecat ut","cillum dolor laborum dolor","do quis minim ex","officia velit id ipsum","labore voluptate pariatur veniam","aliquip veniam labore amet","elit consequat cupidatat anim la"}', DEFAULT, DEFAULT), ('fedb01d5-16e2-59fd-8845-ff6a92bd83f7', 'a5e6c58e-54df-5943-b1b7-463c2ae0fb74', 10, 'unlisted', 'Counter Pick Blueprint', '{"esse commodo et","reprehenderit nulla nulla","deserunt laborum","ut sit","aliquip irure duis"}', DEFAULT, DEFAULT), ('d6d0cf2a-b6d2-5f41-bc05-2fe5bf5ca317', '3af5be38-b117-5675-8d7a-e27a1a34e8a8', 6, 'public', 'Vision Control Blueprint', '{"incididunt veniam est","et consequat incididunt fugiat","sunt laborum","labore ullamco mollit cupidatat","commodo magna","commodo laborum et","non pariatur tempor","ullamco non laborum aliquip","aute ea incididunt anim"}', DEFAULT, DEFAULT), ('a18cadaa-4531-5180-a607-ad2a5bc25f0c', 'f3ebe9e0-f337-5a54-9800-1b3119ecb916', 9, 'public', 'Map Control Blueprint', '{"voluptate ex ipsum duis","voluptate consectetur consectetu","officia in aliqua id","consequat excepteur aliqua aliqu","excepteur ea","consectetur incididunt culpa","anim cupidatat adipisicing"}', DEFAULT, DEFAULT), ('7858de1c-870d-5289-9bbf-085e4de69d79', '92bf5244-388d-5bbf-bd84-1c7ad2efe31b', 4, 'unlisted', 'Team Fight Execution Plan', '{"commodo fugiat aliqua velit","ea sit reprehenderit amet consec","ad mollit labore ex non"}', DEFAULT, DEFAULT), ('c5510993-cf82-5729-a476-bbba91fd2ee1', 'ad276812-3b86-5425-b36a-d822f2860912', 8, 'public', 'Siege Tactics Handbook', '{"id ex","exercitation adipisicing quis","consectetur esse non incididunt ","culpa ea nisi veniam","adipisicing tempor laborum"}', DEFAULT, DEFAULT), ('65495df9-49dc-5680-b4b7-97fe7364e837', '98eaafd3-adbf-5a3e-adb9-b3fb6971b6f1', 10, 'unlisted', 'Aggressive Rush Strategy', '{"veniam labore","nisi nisi","officia do","est","excepteur","minim reprehenderit velit deseru","dolore cillum sunt ipsum","nostrud aliqua"}', DEFAULT, DEFAULT), ('6a08951b-2f4b-5069-a734-056efe107e30', '8d3f145b-67b0-504d-b49a-d59ecea5d2d8', 10, 'unlisted', 'Aggressive Rush Strategy', '{"culpa culpa laborum do veniam","Lorem do dolor","sit do adipisicing","esse velit qui nostrud","reprehenderit","esse officia qui eiusmod","excepteur cillum sunt officia ut"}', DEFAULT, DEFAULT), ('d96e9820-0562-5ef0-a957-fb16e8a3cda6', '882c7ae5-914f-539d-8207-691de536097f', 6, 'unlisted', 'Team Fight Execution Plan', '{"amet duis anim ipsum","esse laboris","enim esse ullamco amet","est incididunt consectetur"}', DEFAULT, DEFAULT), ('44d39286-2c39-52c0-9fdf-811ac2ac0b4f', '110efd29-2979-5c30-b41f-b3bf832f48cd', 4, 'unlisted', 'Objective Focused Strategy', '{"ex velit","incididunt excepteur","occaecat ad","amet","proident laboris nostrud","magna adipisicing","ut enim amet ea mollit","cillum sit","amet eiusmod enim"}', DEFAULT, DEFAULT), ('f5284b1c-c867-5bcb-ae27-b4a46054354e', 'deab978c-4953-507c-b4fb-f509dd35f454', 2, 'unlisted', 'Jungle Control Playbook', '{"adipisicing dolore","nisi ea amet","anim dolore aliqua","tempor anim ex nulla eu","amet eiusmod","nostrud commodo velit laboris","do id nisi occaecat","adipisicing nisi consequat","non anim commodo"}', DEFAULT, DEFAULT), ('748b6b6e-790a-524c-8953-9f99ff6241ea', '5e5a298d-faa5-525e-b761-9586e7925c91', 6, 'private', 'Early Game Dominance Guide', '{"sunt labore occaecat","excepteur","pariatur non","exercitation","incididunt","duis enim"}', DEFAULT, DEFAULT), ('94e59d3e-1e10-58ee-b57b-120d24970da8', '43da4265-8ed7-5662-93ab-8135a4c65441', 1, 'private', 'Early Game Dominance Guide', '{"irure Lorem","pariatur officia dolore","amet","cillum magna laborum","labore non","exercitation esse et aute","ullamco enim anim","ullamco aliqua quis anim"}', DEFAULT, DEFAULT), ('a501e3c2-1df6-5f20-9532-89c5471331c6', '290e51c6-7ff6-5db4-8f40-69dda051b66c', 5, 'private', 'Aggressive Rush Strategy', '{"consectetur anim","consequat mollit","anim enim labore","mollit in enim ut","nisi occaecat Lorem ex","in non reprehenderit","nulla cillum ut pariatur","tempor occaecat adipisicing inci"}', DEFAULT, DEFAULT), ('eba1549a-b3ad-5f1e-ad56-15be0771d0f9', 'd9bba68a-079c-5141-bd43-756b87167584', 4, 'private', 'Roaming Support Plan', '{"adipisicing tempor aliqua qui","id sint sunt","non reprehenderit non","do","qui nulla labore","qui cillum enim"}', DEFAULT, DEFAULT), ('02d6bfb1-b7f1-5129-9d1b-729fd2d36ca6', '28e4b717-ba20-5ce6-96db-f08421aa2fc7', 3, 'public', 'Objective Focused Strategy', '{"labore enim nostrud nulla aliqua","do non anim consequat quis","enim minim laboris","cupidatat reprehenderit dolore a","aliquip nulla nisi mollit","sint","magna"}', DEFAULT, DEFAULT), ('feadd401-b272-53d1-bc20-6dad4e3ffc29', 'b32027db-33da-5dc2-b906-e0c2a06ac683', 6, 'private', 'Objective Focused Strategy', '{"ullamco anim ut","voluptate sunt","enim","velit ut proident pariatur","occaecat tempor elit"}', DEFAULT, DEFAULT), ('f4023970-bb8c-5175-9f3e-42520be2a6af', '45173bfe-a11f-574a-ac25-21cda1308ec9', 5, 'unlisted', 'Baron Control Strategy', '{"laboris mollit","duis in in id laborum","minim ex proident","deserunt aliquip","sint consectetur reprehenderit r","deserunt ex cupidatat","elit voluptate"}', DEFAULT, DEFAULT), ('ab471cfa-3489-5a6c-bf5c-82aeac3819f5', '3d4df0ce-5a7f-53e4-b486-95faf0a09720', 3, 'private', 'Wave Management Plan', '{"excepteur","sunt ex est"}', DEFAULT, DEFAULT), ('782d8b69-ae89-5508-b431-d9e3d4f25423', 'f3ebe9e0-f337-5a54-9800-1b3119ecb916', 9, 'unlisted', 'Secure Objective Playbook', '{"velit voluptate ullamco","nostrud amet do"}', DEFAULT, DEFAULT), ('bfbbf302-05a7-5b0c-991e-f7c79f52034e', 'c7198a1e-f50c-5635-a5bf-2073d4da7bc6', 7, 'unlisted', 'Objective Focused Strategy', '{"aute","amet non","esse dolore"}', DEFAULT, DEFAULT), ('86a9949d-fbe2-5edf-bf64-6b822a75bdc8', '59d8bfe4-2c84-5707-a356-dbe1eb5eec54', 3, 'private', 'Vision Control Blueprint', '{"eu labore esse"}', DEFAULT, DEFAULT), ('3d78c871-f9be-5ceb-b04c-13f9eb63efa0', 'dc58dd7b-bb54-5abe-8208-becc5e0561ad', 7, 'unlisted', 'Vision Control Blueprint', '{"aliquip nostrud irure","laborum amet ea","amet"}', DEFAULT, DEFAULT), ('e5e7301c-ed7e-5267-a91e-331eeecbad04', 'b5605791-3389-56c2-9ec6-17d538b9bb85', 1, 'unlisted', 'Map Control Blueprint', '{"fugiat aliqua sint","laborum anim incididunt","voluptate veniam ad"}', DEFAULT, DEFAULT), ('e06f1954-eb7e-5811-8e85-0b7239ac60d6', 'c72c7230-479d-51cc-940d-5fec1bea4502', 9, 'unlisted', 'Defensive Turtle Tactics', '{"tempor et sit nulla"}', DEFAULT, DEFAULT), ('cbe8ef05-c651-5778-b8a6-717eee524007', '882c7ae5-914f-539d-8207-691de536097f', 4, 'public', 'Gank Heavy Approach', '{"aliquip culpa"}', DEFAULT, DEFAULT), ('479e5b51-1e2b-5ac2-b0c4-d0fc97906c11', '051188d3-54fa-59f4-adc8-b929fcb2c826', 9, 'unlisted', 'Late Game Scaling Strategy', '{"nulla adipisicing duis","fugiat eu irure","veniam"}', DEFAULT, DEFAULT), ('bcb7ae75-c1e7-50cd-ba0b-a339091eb350', '1bdf6d4a-906f-5da5-b91f-35917468bf74', 3, 'private', 'Late Game Scaling Strategy', '{"veniam in","commodo ex aute","eu dolor officia","mollit pariatur ad","excepteur"}', DEFAULT, DEFAULT), ('22dccad0-36ca-5845-a1bd-b6027b406b8d', '061a9df6-5f3b-55cf-9879-eec1a4061457', 4, 'unlisted', 'Siege Tactics Handbook', '{"laboris irure","reprehenderit reprehenderit"}', DEFAULT, DEFAULT), ('d3293b00-a774-5f1e-99fc-e8f05eabde14', 'cfbfd1d4-e77f-57e5-94da-e9ff2cc7a996', 7, 'unlisted', 'Team Fight Execution Plan', '{"dolore in","Lorem mollit Lorem excepteur","ex elit aliqua reprehenderit","sint dolor","et id nisi consequat","sit eiusmod eiusmod","veniam","deserunt ad cillum adipisicing","non labore","cupidatat minim et"}', DEFAULT, DEFAULT), ('6822c6f8-ae35-5c57-9558-9cc55665f5cb', 'd6d652bf-48a5-5a85-a95d-16c25edc5397', 8, 'private', 'Siege Tactics Handbook', '{"tempor","quis irure","aliqua","qui do","consectetur sit dolore","adipisicing minim","proident et id culpa eu"}', DEFAULT, DEFAULT), ('8ac966bd-de46-5e4a-8401-5328d63ae1b4', 'b737f334-53a3-585e-98d7-69fce744e35e', 8, 'unlisted', 'Early Game Dominance Guide', '{"occaecat est","proident nisi in laboris","aute eu occaecat quis","consequat proident id in"}', DEFAULT, DEFAULT), ('36f6354b-1927-5b66-8fab-ef32da0e1694', '19495f2f-99a6-5394-9596-a1d3fb0d3196', 10, 'public', 'Split Push Blueprint', '{"aliquip","mollit amet aliquip quis veniam","reprehenderit officia elit sit","amet amet Lorem","ipsum qui duis culpa","officia sunt deserunt sunt anim","magna proident laborum aliqua","consectetur est sit ullamco"}', DEFAULT, DEFAULT), ('a3befd2b-2867-5547-af7d-2fe7d53b98ef', 'e06c10f9-a674-5092-b6f9-89c60162f0bb', 4, 'unlisted', 'Vision Denial Blueprint', '{"magna ex","nisi fugiat aliqua voluptate eni","cupidatat dolor ex incididunt","ex enim proident pariatur","dolore laborum esse","est id minim","aliquip consequat","ipsum","occaecat"}', DEFAULT, DEFAULT), ('4d502d01-8a3a-58bc-acb8-f61c47f35e10', 'd1b8f3f8-af26-5088-8712-273c28ba98f7', 9, 'unlisted', 'Siege Tactics Handbook', '{}', DEFAULT, DEFAULT), ('ebdf08a4-39c5-5347-ab53-e4ef0e2d1add', 'a6ea6199-2a1a-56d4-b12a-1bf7d32d154c', 4, 'public', 'Roaming Support Plan', '{"et do dolor ex","ea elit labore","labore culpa","labore ut sit aliquip exercitati","eu","reprehenderit consectetur","esse culpa","id tempor nostrud in","deserunt nulla esse"}', DEFAULT, DEFAULT), ('4cfaa7bd-7f8e-52b6-a079-b1fc1773dccb', '305fa448-c3bf-59c7-a989-19ae69ce0725', 5, 'private', 'Map Control Blueprint', '{"ad pariatur non anim eu","nostrud incididunt esse ullamco","sunt cupidatat dolor do"}', DEFAULT, DEFAULT), ('379aa38a-0dab-5c06-8cdb-45bf5d7e2d27', '75e07351-a344-5719-bccf-45791a666af4', 3, 'unlisted', 'Split Push Blueprint', '{"nisi dolore","ex officia laboris esse incididu","tempor cillum nulla","non eiusmod nulla ex","velit consequat in do","officia ullamco sit velit dolore"}', DEFAULT, DEFAULT), ('1cb4e4cf-86cc-5f46-9e77-98b857e060d9', '6fc34c52-742f-56c2-b6c3-89dee63a8839', 10, 'private', 'Vision Control Blueprint', '{"et","ipsum eu"}', DEFAULT, DEFAULT), ('f39bcc07-5eef-5435-b6e9-d947c3bae70d', 'cd42da7d-ec75-53b3-9aad-015766f58921', 1, 'public', 'Late Game Scaling Strategy', '{"aliqua pariatur","id","do pariatur","consequat commodo magna","nulla aliqua pariatur labore exe","adipisicing laboris aute","nisi esse id cupidatat","laboris cillum qui aliqua dolor"}', DEFAULT, DEFAULT), ('20a16bbe-0188-55a3-8d14-7e2e6b37794e', '096adf71-c74e-5b77-822b-46a8768797c5', 9, 'public', 'Split Push Blueprint', '{"quis consequat id dolor"}', DEFAULT, DEFAULT), ('75a162e8-f427-5c64-baca-dba20bc829dd', 'f3ebe9e0-f337-5a54-9800-1b3119ecb916', 7, 'unlisted', 'Objective Focused Strategy', '{"qui ullamco proident ipsum","commodo ullamco sunt","Lorem veniam adipisicing"}', DEFAULT, DEFAULT), ('5075bfb2-60b4-588c-ba9f-cd0f3efae77e', '17ec9179-4e96-5f11-9df0-6e4c2363b3ee', 5, 'public', 'Vision Denial Blueprint', '{"sint anim","ullamco aute cillum esse"}', DEFAULT, DEFAULT), ('329b0bda-79b1-53f3-afe7-b7495bde0220', '79efb743-bb54-546e-8bdf-089509399715', 2, 'public', 'Rotation Strategy Document', '{"ea culpa","nisi sit qui","cupidatat laborum amet cillum","ullamco","sunt","esse","veniam id nisi","magna veniam do"}', DEFAULT, DEFAULT), ('fc992b53-61aa-5185-8280-7863348ce734', '6451b879-16d7-5644-b6b9-87dd18b3facf', 2, 'unlisted', 'Early Game Dominance Guide', '{"magna ullamco fugiat voluptate e","labore id sit","consequat nostrud","proident dolore consequat","culpa aliqua"}', DEFAULT, DEFAULT), ('e15f78fd-c85d-5196-b441-614f0f00a652', '98eaafd3-adbf-5a3e-adb9-b3fb6971b6f1', 3, 'unlisted', 'Jungle Control Playbook', '{"consequat elit non voluptate","adipisicing tempor deserunt aliq","non deserunt dolor","laboris ullamco ipsum aute","ullamco occaecat"}', DEFAULT, DEFAULT), ('27d28c73-d0c0-5545-a0d3-0f0fa8e1aca6', 'eecf8a7e-af2f-524d-a645-c5fba3ebda06', 2, 'unlisted', 'Roaming Support Plan', '{"tempor excepteur","anim occaecat consectetur cupida","velit deserunt","proident fugiat sunt sit","laboris culpa","ullamco irure","irure ea consectetur aliqua","enim tempor amet sit","commodo veniam nulla","laboris proident ea qui"}', DEFAULT, DEFAULT), ('bc0ae162-e51f-5f29-b5b0-87887eac9c85', 'c3c19070-f0b8-5d8b-8806-a00d5fe919aa', 7, 'unlisted', 'Secure Objective Playbook', '{"quis proident minim","ad","ad nulla culpa","aliquip cillum ullamco Lorem"}', DEFAULT, DEFAULT), ('23cfe397-d97e-55bf-af72-35043f52d2bb', 'b7a89d05-549f-565f-b631-b59097e91d1a', 8, 'private', 'Objective Focused Strategy', '{"dolor commodo est"}', DEFAULT, DEFAULT), ('2135e4d6-4261-59ed-a63d-11a8a55ba0c0', '7c0f6282-7933-5431-8e88-9d2b9f09f272', 5, 'unlisted', 'Wave Management Plan', '{"commodo eu eiusmod","esse dolor nulla dolor","eiusmod veniam sit","aute quis et"}', DEFAULT, DEFAULT), ('32ca2e92-cee8-58b4-beec-0fd9742bf2df', '62507209-107c-55b5-9f47-9cad3cb25da5', 8, 'private', 'Counter Pick Blueprint', '{"esse enim pariatur do","in minim Lorem","nulla cillum anim","sunt exercitation proident culpa","ea velit dolore fugiat magna","laboris aliquip"}', DEFAULT, DEFAULT), ('69e335b1-cf42-5234-867f-fc3222ba0932', '110efd29-2979-5c30-b41f-b3bf832f48cd', 7, 'public', 'Defensive Turtle Tactics', '{"enim quis officia qui","consectetur adipisicing","aute aliqua","excepteur veniam","ea","deserunt deserunt","sit et","ea do incididunt veniam laboris","irure"}', DEFAULT, DEFAULT), ('4addfd63-7007-5913-b0c6-95e35fe44af0', '644a93ba-f570-5681-b2f5-de6b9950affd', 5, 'unlisted', 'Defensive Turtle Tactics', '{"nulla deserunt ex sunt","non consectetur","est occaecat magna","sunt eu","culpa adipisicing deserunt","commodo incididunt sint"}', DEFAULT, DEFAULT), ('29e1da9c-3bfa-53c5-8780-7032cb48ed69', 'd19db439-c7e7-53a7-aa19-0db346180dc1', 8, 'private', 'Aggressive Rush Strategy', '{"occaecat adipisicing","duis consequat magna eiusmod tem"}', DEFAULT, DEFAULT), ('0fe3263a-4b99-5049-afdd-8a29336988d1', '43bcab14-4a69-5e60-a07f-cda2fe595a2a', 10, 'private', 'Defensive Turtle Tactics', '{"aliqua id aliquip aute","labore fugiat laboris quis"}', DEFAULT, DEFAULT), ('de533318-8238-5b98-90fa-7923fbda78df', 'ac9f0e3e-b030-584f-a8dd-87355fe22537', 3, 'public', 'Aggressive Rush Strategy', '{"commodo","tempor","aute do officia","Lorem esse aliquip fugiat"}', DEFAULT, DEFAULT), ('91b0fe2a-8d53-5dfa-804e-dadbd5fed2f0', 'd1dc8a74-c651-5dbd-b484-1cd2c51db9b9', 3, 'unlisted', 'Roaming Support Plan', '{"labore irure aliquip dolor","cillum commodo","qui duis eu aliqua do","et","occaecat magna","culpa labore non","nulla incididunt quis","tempor est irure","et consequat do eiusmod reprehen","labore tempor"}', DEFAULT, DEFAULT), ('f2da91e9-e150-5eba-811a-769c8b464b2d', 'ee88c41d-7461-5ecc-a96b-908770bc5575', 7, 'private', 'Aggressive Rush Strategy', '{"sunt nulla","fugiat aute sit irure tempor","ullamco","cupidatat mollit","adipisicing","quis veniam adipisicing sunt vel","deserunt dolor","pariatur tempor ad cillum"}', DEFAULT, DEFAULT), ('830462ad-e07d-578c-9343-4c2f3f3f896d', '844afdcc-93cf-55c8-b0f1-1cc22329a30b', 1, 'public', 'Aggressive Rush Strategy', '{"laborum non qui consectetur","incididunt cillum sit esse","veniam labore qui aliqua","aute nisi sunt"}', DEFAULT, DEFAULT), ('e4d512a0-9012-54c8-a0de-d2cfb46cc4e7', '274020d9-7513-5cf6-ae0b-e94ef1d1a62f', 1, 'private', 'Gank Heavy Approach', '{}', DEFAULT, DEFAULT), ('8fc4ec28-bbda-57ff-86ae-02acc462e7a3', '096adf71-c74e-5b77-822b-46a8768797c5', 2, 'unlisted', 'Split Push Blueprint', '{"eiusmod sit nisi irure excepteur","aliqua ex cillum ut","duis ad sunt pariatur","minim duis irure esse","exercitation proident magna veli","elit laboris"}', DEFAULT, DEFAULT), ('46cb3ac1-56db-5482-a77b-488299529f1c', '91434b27-2651-5429-8f42-45c3f8e334a0', 8, 'unlisted', 'Roaming Support Plan', '{"Lorem ipsum fugiat","cupidatat","est do sunt","minim qui aute"}', DEFAULT, DEFAULT), ('ca6dab04-25c1-5208-bf77-9e5162704420', '92bf5244-388d-5bbf-bd84-1c7ad2efe31b', 9, 'private', 'Wave Management Plan', '{"occaecat quis consectetur veniam","proident fugiat id","et dolore laborum","voluptate laborum","esse aliqua proident","consequat incididunt sit labore","amet irure aliquip","minim deserunt sit excepteur","elit laborum non"}', DEFAULT, DEFAULT), ('54485efb-a52b-5ef1-8d37-32b22dc487d0', '43da4265-8ed7-5662-93ab-8135a4c65441', 7, 'private', 'Defensive Turtle Tactics', '{"ipsum cupidatat occaecat culpa","dolor anim irure"}', DEFAULT, DEFAULT), ('1fa8fec1-5ed8-5fb9-afc2-a5a8eea61a64', '0a9347d2-3396-5e6a-98f1-b406ca195226', 4, 'public', 'Gank Heavy Approach', '{"eu commodo elit ea","labore voluptate","do anim minim","laboris tempor ipsum officia","ex enim","voluptate"}', DEFAULT, DEFAULT), ('21212b38-5327-5020-9dc6-3fca09a6128f', 'a5831e58-2fc9-5b59-970d-00c344a4eb18', 5, 'unlisted', 'Baron Control Strategy', '{"irure incididunt nulla","aute mollit in"}', DEFAULT, DEFAULT), ('b22cc198-1bf7-5cc9-b682-385ac5f11217', '47c1a5aa-1c4a-5781-9c8f-968a639137d7', 2, 'unlisted', 'Map Control Blueprint', '{"officia irure","sint nostrud reprehenderit eu","nostrud commodo pariatur","do occaecat","sint","duis occaecat culpa","minim ex","eiusmod irure et magna","ex labore elit dolor"}', DEFAULT, DEFAULT), ('07d77b7a-f8bb-53ab-8750-034a7dc2bcb0', '6c52c1d9-13a4-51ef-ae51-1dacc4c14be9', 8, 'unlisted', 'Defensive Turtle Tactics', '{"excepteur do","amet proident duis","ut deserunt proident","Lorem est aliqua sunt","proident cupidatat minim magna","esse reprehenderit ex","eu mollit amet nisi"}', DEFAULT, DEFAULT), ('f7f63dc3-d8b7-5f42-b802-636e4e3f43bb', 'ee198d66-a798-52a5-8b79-9931f7b835e3', 7, 'private', 'Split Push Blueprint', '{"in non reprehenderit","sint sunt","incididunt in","do dolore aliquip ad","do amet nostrud","ut cupidatat","cupidatat labore ea qui consequa","et est exercitation"}', DEFAULT, DEFAULT), ('a1dd34cc-747e-59d2-bb04-592165ee24b7', '09204188-e618-5728-88fc-034120742c41', 10, 'private', 'Late Game Scaling Strategy', '{"sint culpa tempor","tempor consequat nisi fugiat ips","culpa in occaecat occaecat","et esse","exercitation adipisicing elit es","Lorem cillum labore velit","ullamco incididunt amet"}', DEFAULT, DEFAULT), ('b111722b-fdf4-55f7-a1ea-183bf540f7e3', 'af85f96c-efbd-584c-bdd4-26c4e2f3e556', 9, 'unlisted', 'Jungle Control Playbook', '{"elit anim ipsum","fugiat","esse aliqua adipisicing","mollit aliqua","officia officia","mollit mollit"}', DEFAULT, DEFAULT), ('de288e5e-33f8-5b49-9dad-83fa7d46ac0d', '1d01e569-eec7-553a-916b-70c8b1d0f9ec', 7, 'private', 'Late Game Scaling Strategy', '{"consectetur reprehenderit deseru","ipsum occaecat","quis adipisicing mollit adipisic","cupidatat nostrud nisi nostrud","cupidatat dolore proident duis","labore tempor non voluptate non","aute laborum labore"}', DEFAULT, DEFAULT), ('f1ab7f2e-7a01-59f1-b811-78e3b78b40bc', 'f3ebe9e0-f337-5a54-9800-1b3119ecb916', 8, 'private', 'Vision Denial Blueprint', '{"commodo cillum Lorem commodo","adipisicing dolor sit","occaecat velit duis","eiusmod sit fugiat occaecat","amet reprehenderit sunt","cupidatat nulla irure","est nulla ipsum nisi"}', DEFAULT, DEFAULT), ('e0783de7-ca51-5f0a-a7ac-8dcd533efd10', 'a8766652-5cf4-5e66-ba6d-9eb457dff942', 10, 'unlisted', 'Rotation Strategy Document', '{"mollit","qui ad exercitation","Lorem culpa aliqua quis cupidata","nulla commodo dolor eiusmod"}', DEFAULT, DEFAULT), ('c3238b63-2dda-5915-8ca5-773255a1cfad', '72d3531d-c972-50b3-9ba4-89c7e7226754', 2, 'private', 'Defensive Turtle Tactics', '{"fugiat dolor reprehenderit","nisi ea minim et","voluptate nulla deserunt dolor"}', DEFAULT, DEFAULT), ('7b1aca75-d87e-55c4-87f7-005fafbadfdb', 'b64d0217-6a7b-5682-8927-676434f72be9', 6, 'public', 'Wave Management Plan', '{"dolor mollit in","ea","cupidatat aliqua mollit magna","elit consequat pariatur","qui duis incididunt","do Lorem pariatur","reprehenderit","voluptate veniam cillum cupidata"}', DEFAULT, DEFAULT), ('106d238e-2ba4-525c-8d85-994f8dfb2984', '59d8bfe4-2c84-5707-a356-dbe1eb5eec54', 5, 'unlisted', 'Gank Heavy Approach', '{"aliqua","pariatur magna","ex ipsum","esse eu officia","consequat ea nostrud sunt","elit sunt sint","laboris ipsum","magna"}', DEFAULT, DEFAULT), ('72f05d50-2802-535d-af55-29384395d238', '549980e7-3e77-5d76-b263-84664d04b209', 9, 'unlisted', 'Rotation Strategy Document', '{"aute consectetur","laboris eiusmod esse","qui cupidatat","mollit exercitation dolore"}', DEFAULT, DEFAULT), ('f914b2f3-d88a-52e4-ac43-1ef8cffb4d34', 'ba4d6fef-111f-5ce5-883e-2b3880f373bf', 9, 'public', 'Map Control Blueprint', '{"elit","irure"}', DEFAULT, DEFAULT), ('c620930b-8f59-50ae-bf46-b1a3aca28f0a', '3a804324-748d-571a-afad-6b9c20a35337', 8, 'unlisted', 'Map Control Blueprint', '{"reprehenderit voluptate deserunt"}', DEFAULT, DEFAULT), ('c78418ab-6a36-52f6-ad32-89289156138c', '286a711e-ae86-5be5-9195-1d963e0504f7', 5, 'public', 'Vision Denial Blueprint', '{"duis qui minim","pariatur"}', DEFAULT, DEFAULT), ('ed7bef30-09b5-5167-a122-9b398a76eaef', '92bf5244-388d-5bbf-bd84-1c7ad2efe31b', 9, 'unlisted', 'Aggressive Rush Strategy', '{"velit","laborum Lorem","cillum aliquip fugiat","irure dolore proident sit","mollit reprehenderit irure in","tempor","duis incididunt duis eiusmod"}', DEFAULT, DEFAULT), ('ecddf116-85cf-5aef-8c73-6e5963680c88', 'c72c7230-479d-51cc-940d-5fec1bea4502', 7, 'private', 'Roaming Support Plan', '{"cupidatat irure quis mollit","ut cupidatat laborum","proident aute consequat irure co","anim aliquip ea"}', DEFAULT, DEFAULT), ('5bb46529-9916-530c-88e4-31ac6d441591', '34a6eefa-de0a-5b54-8950-76863d1d5290', 1, 'private', 'Late Game Scaling Strategy', '{"enim voluptate quis sunt amet","sint velit","anim","amet","ex mollit commodo","cupidatat minim ullamco","cupidatat sunt nostrud","occaecat ipsum","irure aute cillum"}', DEFAULT, DEFAULT), ('8b092693-9a40-5f6a-a57b-3c3e9f5288f7', '9f273059-bf49-55a4-bf95-e6bedcccffe3', 7, 'private', 'Defensive Turtle Tactics', '{"ad dolore","culpa exercitation","ut cillum ut","consectetur","elit velit consequat ut","ea pariatur pariatur sunt","occaecat","nisi aliquip enim","amet adipisicing ex sint"}', DEFAULT, DEFAULT), ('65d96d53-ecd8-5cb9-a3d4-a2842c9c629f', '583774ae-7432-5503-850f-867e82c0838b', 3, 'private', 'Vision Denial Blueprint', '{"reprehenderit quis irure sint","ullamco laboris cupidatat aute","ad anim voluptate"}', DEFAULT, DEFAULT), ('672c681b-4325-56a5-8413-28facb838b89', '2da4149c-bf3e-5f98-b904-591c69530871', 6, 'unlisted', 'Wave Management Plan', '{"aliquip nisi eiusmod","anim fugiat minim irure"}', DEFAULT, DEFAULT), ('49d19d37-5ee3-59d0-a985-37b5b703ceb0', '844afdcc-93cf-55c8-b0f1-1cc22329a30b', 3, 'public', 'Team Fight Execution Plan', '{"laborum eu culpa","aliqua","officia","sunt ad"}', DEFAULT, DEFAULT), ('66e9d7dd-018c-5299-8470-9f074683bd55', 'd6d652bf-48a5-5a85-a95d-16c25edc5397', 5, 'unlisted', 'Early Game Dominance Guide', '{"cillum dolore excepteur","laborum do dolore culpa fugiat","veniam nostrud","Lorem","amet adipisicing ullamco magna","aliquip anim","ea anim reprehenderit anim","eiusmod culpa laboris proident","ex consequat proident"}', DEFAULT, DEFAULT), ('d4a93045-0519-5ae2-8bd3-51a7d07f2b97', '9f273059-bf49-55a4-bf95-e6bedcccffe3', 1, 'private', 'Split Push Blueprint', '{"commodo esse nisi","dolor duis incididunt fugiat","anim occaecat cillum ipsum"}', DEFAULT, DEFAULT), ('b5bd1f0b-0be5-592a-87b7-65db36f2fa17', '5c25ba01-ab4d-5527-9a41-d79d770f3d79', 1, 'unlisted', 'Aggressive Rush Strategy', '{"est dolor","deserunt dolore","duis cupidatat nisi mollit","ad sint"}', DEFAULT, DEFAULT), ('902168ab-57a5-5714-b589-ecf1bd6d2517', '70b4d1da-5ee3-5bd6-aecb-9af8ab670b84', 1, 'unlisted', 'Vision Control Blueprint', '{"consectetur do aliqua labore","in aute cillum ut in","Lorem adipisicing"}', DEFAULT, DEFAULT), ('8e1b1af0-d36a-5958-9b32-c8f59e8edaf9', '8bf74689-dfcf-5429-b342-2718dce8a8eb', 4, 'private', 'Objective Focused Strategy', '{"dolor magna","non deserunt"}', DEFAULT, DEFAULT), ('9ca1e23a-7fd9-5be2-b14a-5f50a52fda0a', '549980e7-3e77-5d76-b263-84664d04b209', 1, 'private', 'Counter Pick Blueprint', '{"amet sunt fugiat dolore","tempor adipisicing aliquip","qui anim pariatur voluptate","dolor et est","irure culpa deserunt proident ea"}', DEFAULT, DEFAULT), ('b458c0d2-4d21-597a-9d7c-522e47032d79', '110efd29-2979-5c30-b41f-b3bf832f48cd', 5, 'unlisted', 'Siege Tactics Handbook', '{"velit eu exercitation veniam ad","fugiat commodo","laborum ex exercitation"}', DEFAULT, DEFAULT), ('aeae5590-e6d3-5c02-8a1c-40a6bcf61bd6', '1716ac71-f35f-52a7-acdc-316247462f37', 3, 'private', 'Vision Control Blueprint', '{"consequat magna","ut"}', DEFAULT, DEFAULT), ('e62ff15d-b4e8-5f8b-b8c8-56d105c9d705', '6c52c1d9-13a4-51ef-ae51-1dacc4c14be9', 8, 'private', 'Defensive Turtle Tactics', '{"est amet","consectetur irure irure","ex sunt"}', DEFAULT, DEFAULT), ('2650d5c8-a9d2-57ad-a70d-8c89cf994021', 'deab978c-4953-507c-b4fb-f509dd35f454', 9, 'private', 'Vision Denial Blueprint', '{"excepteur"}', DEFAULT, DEFAULT), ('57851dd8-0d7e-5b03-b70f-32940ae107ce', '98bf31df-37fd-5af6-86dd-8686cdc35eeb', 6, 'unlisted', 'Team Fight Execution Plan', '{"nisi sit et laborum anim"}', DEFAULT, DEFAULT), ('0bb88883-c32b-547d-bac2-9dcbf9437722', '62507209-107c-55b5-9f47-9cad3cb25da5', 4, 'unlisted', 'Vision Control Blueprint', '{"duis minim et labore","sit consectetur voluptate fugiat"}', DEFAULT, DEFAULT), ('f2096d39-9bcd-5cc9-af38-3924bad39e01', 'e09a1a6c-2073-587c-bb13-604903ae6e80', 7, 'unlisted', 'Aggressive Rush Strategy', '{"esse excepteur amet consequat","tempor qui proident cupidatat","pariatur cupidatat aliquip dolor"}', DEFAULT, DEFAULT), ('cdc85c53-30bc-5c6e-91cc-2af72696e64b', '47c1a5aa-1c4a-5781-9c8f-968a639137d7', 4, 'private', 'Objective Focused Strategy', '{"velit nulla aute","occaecat sit laboris","enim","eiusmod","quis est nostrud aute","quis fugiat pariatur","ea et excepteur"}', DEFAULT, DEFAULT), ('a0fe813c-8a2e-57ff-8950-530eb72350cc', 'c3c19070-f0b8-5d8b-8806-a00d5fe919aa', 1, 'public', 'Aggressive Rush Strategy', '{"velit anim qui Lorem ut","duis nostrud laboris cupidatat"}', DEFAULT, DEFAULT), ('3dcb1c72-1f38-50a2-8a79-9f8b83862a0b', '644bfc5c-cf27-5d76-8355-4e4c8d73061f', 10, 'public', 'Baron Control Strategy', '{"ex sunt ipsum","fugiat fugiat pariatur ullamco","do cillum","consequat do fugiat Lorem duis","elit enim laboris","exercitation quis commodo except","dolor laboris","ut tempor commodo reprehenderit "}', DEFAULT, DEFAULT), ('b529db67-e1b4-5e7d-9a32-267867bbcbad', 'eff6dde6-e4aa-5c61-9818-5d7ae0bf58b7', 1, 'public', 'Early Game Dominance Guide', '{"velit reprehenderit ea","incididunt dolor proident id","laboris labore aliqua excepteur","reprehenderit","cillum est veniam irure","cupidatat magna est","proident dolore eu","qui fugiat excepteur"}', DEFAULT, DEFAULT), ('89b21cb6-fbf3-585a-b9c1-304fad97258b', 'df90352f-468b-5345-9b3e-522b747ccf55', 2, 'unlisted', 'Vision Control Blueprint', '{}', DEFAULT, DEFAULT), ('8af27ce1-15c1-5703-a4c5-07ea669df0c7', 'b4725825-2a5a-5e18-a190-e59f4cb9f1b5', 4, 'public', 'Late Game Scaling Strategy', '{"ex","dolor aliquip","cupidatat enim"}', DEFAULT, DEFAULT), ('e9960db1-b450-5d20-820c-87fab4f40dc8', 'eecf8a7e-af2f-524d-a645-c5fba3ebda06', 10, 'private', 'Vision Control Blueprint', '{"sunt ullamco consectetur sit","nostrud officia proident laboris","tempor","duis ad esse elit"}', DEFAULT, DEFAULT), ('2dd10f1f-4836-53b2-b2b6-ae71861e43d0', 'a5831e58-2fc9-5b59-970d-00c344a4eb18', 8, 'private', 'Roaming Support Plan', '{"mollit eu voluptate","non quis non","consequat in","ullamco ipsum adipisicing id","laborum dolore","ut occaecat proident","ut cupidatat cillum","sit labore"}', DEFAULT, DEFAULT), ('09d4e842-df61-577d-8d06-00daf3b676e2', 'b576de0c-954e-5345-a9e7-0d691c52341a', 3, 'unlisted', 'Early Game Dominance Guide', '{"anim elit reprehenderit","culpa incididunt dolore","dolore voluptate adipisicing inc","ea pariatur incididunt qui nostr","qui ad ea qui amet","esse minim","eiusmod non aliqua tempor","non laboris in"}', DEFAULT, DEFAULT), ('6fe4789e-9a02-5c94-8c81-5bb4cffd7850', '0a9347d2-3396-5e6a-98f1-b406ca195226', 3, 'public', 'Siege Tactics Handbook', '{"ipsum ad nulla","ipsum aute consequat duis ex","quis consequat","sint minim id","esse laboris tempor","officia irure laborum","exercitation qui","eiusmod magna est"}', DEFAULT, DEFAULT), ('62834a20-27ac-5894-8947-a4e2ffb67f5b', 'b67e09de-df70-515b-91d0-6e53f3b4a58a', 6, 'unlisted', 'Rotation Strategy Document', '{"eu tempor occaecat consequat","aute ipsum amet dolore","deserunt do labore","proident in","proident laboris deserunt","consequat fugiat nisi","ullamco officia","velit"}', DEFAULT, DEFAULT), ('ce25e6d7-50b4-50c3-8210-685ee22346f3', 'cda3814f-c14d-5dcf-a835-797df84f6d99', 1, 'unlisted', 'Gank Heavy Approach', '{"consequat sit","nisi labore","ea et tempor","incididunt nostrud deserunt","nostrud dolore","mollit nostrud","ad labore est","eu veniam dolore","incididunt sint quis deserunt","dolor consectetur Lorem duis"}', DEFAULT, DEFAULT), ('a4e4a518-fb32-53bf-9d1c-f336f8cd8c45', 'a5831e58-2fc9-5b59-970d-00c344a4eb18', 7, 'public', 'Late Game Scaling Strategy', '{"est aliqua cupidatat consequat n","irure officia veniam"}', DEFAULT, DEFAULT), ('d5862a76-70cd-55db-a302-365d7ec101f5', '2589cf16-4103-5a4f-b544-b30078083eaa', 10, 'public', 'Wave Management Plan', '{"esse est mollit dolore"}', DEFAULT, DEFAULT), ('fff5567f-d4a5-542e-ba70-1119521ca0cb', '061a9df6-5f3b-55cf-9879-eec1a4061457', 7, 'public', 'Defensive Turtle Tactics', '{"laboris velit id do","elit cupidatat voluptate","qui tempor consectetur","velit cupidatat quis fugiat"}', DEFAULT, DEFAULT), ('48abaf7b-d65e-5371-8d5f-1be4621911e6', 'f754848a-9cd5-551c-9bb4-aa81e33b42af', 1, 'unlisted', 'Baron Control Strategy', '{"in","in eiusmod nulla tempor","consectetur aute cillum pariatur","sunt ipsum excepteur aliqua"}', DEFAULT, DEFAULT), ('05b8ebd6-06e1-5ce6-85d9-1fda124d11b0', '051188d3-54fa-59f4-adc8-b929fcb2c826', 3, 'unlisted', 'Objective Focused Strategy', '{"do excepteur laborum","dolor ea consectetur","excepteur dolore ex magna","culpa tempor","proident enim in velit magna"}', DEFAULT, DEFAULT), ('be5a4c70-a4ff-57c0-8c2c-437a6d77f25c', 'ae956930-bebe-5aad-83f8-b8d0cae36371', 10, 'public', 'Vision Denial Blueprint', '{"et reprehenderit","fugiat sint duis laborum","qui","sunt sint cupidatat","ea officia est excepteur","voluptate"}', DEFAULT, DEFAULT), ('e6ff83af-5ec2-537d-b04b-784bd77a5871', 'd00c085d-72d6-5114-a5fd-ba818539c2f7', 4, 'private', 'Split Push Blueprint', '{}', DEFAULT, DEFAULT), ('dc9bffb4-1647-5c5d-8c1f-d89500e89900', 'e95b6e76-3b0b-57c6-9c25-54012a280790', 2, 'unlisted', 'Defensive Turtle Tactics', '{"ex consectetur non laborum ipsum","duis Lorem irure nisi","officia incididunt enim","ullamco","consectetur"}', DEFAULT, DEFAULT), ('ec767a01-17bb-518c-9633-78ebc8caded3', '45173bfe-a11f-574a-ac25-21cda1308ec9', 6, 'private', 'Baron Control Strategy', '{"veniam veniam consectetur","consectetur voluptate consectetu","ut","irure nulla eiusmod dolor id","do voluptate","id sint laboris","fugiat eu velit","anim labore aute culpa","quis fugiat eiusmod"}', DEFAULT, DEFAULT), ('6c642b40-bb15-55fa-9319-9c100d27adc7', '9e19dd6d-e8c2-5925-b1c8-e13b62340491', 9, 'private', 'Vision Denial Blueprint', '{"elit pariatur magna fugiat","cillum fugiat culpa aute"}', DEFAULT, DEFAULT), ('197f52e9-f9b3-54a3-a900-9ddcd2cd98d5', '5ce056de-a21e-5eba-9d47-e09232047aae', 3, 'unlisted', 'Vision Control Blueprint', '{"incididunt cupidatat aliqua ipsu","tempor et amet dolore","voluptate fugiat labore veniam"}', DEFAULT, DEFAULT), ('b239ffdb-847f-5400-b1f9-97e186ea36bc', 'e5d977c2-2a0e-5703-8ee9-4796e3967ae0', 1, 'private', 'Wave Management Plan', '{"consequat","eiusmod excepteur exercitation","cupidatat excepteur","ullamco cillum reprehenderit con","non fugiat","velit Lorem laboris anim nostrud","aliquip non occaecat occaecat","proident sunt"}', DEFAULT, DEFAULT), ('c3124970-b58c-5748-8a01-4ba1d7466b2b', 'd6d4ebe8-fe3c-5e62-98d8-e678f356450c', 10, 'unlisted', 'Objective Focused Strategy', '{"enim anim duis nulla","sint amet","sint mollit consequat eiusmod am","Lorem eiusmod culpa dolore","ipsum pariatur dolore adipisicin","id commodo mollit","velit consequat id","adipisicing occaecat officia"}', DEFAULT, DEFAULT), ('2fbdef88-7d4a-5528-bb59-74f725709563', '644a93ba-f570-5681-b2f5-de6b9950affd', 3, 'private', 'Map Control Blueprint', '{"magna fugiat occaecat","ad ullamco","incididunt dolore duis magna","labore Lorem","anim sit voluptate enim"}', DEFAULT, DEFAULT), ('a03637de-3a86-5f2c-a9a1-71bb222f301f', '7c0f6282-7933-5431-8e88-9d2b9f09f272', 5, 'private', 'Aggressive Rush Strategy', '{"deserunt tempor ad","veniam velit"}', DEFAULT, DEFAULT), ('536d5b0c-dc7c-598f-8fa0-b21c4cd85d48', 'd2268e40-fa6d-5300-9f01-b7cc8f9018e3', 6, 'unlisted', 'Counter Pick Blueprint', '{"nisi incididunt laboris cupidata","incididunt eu","duis"}', DEFAULT, DEFAULT), ('f04b6b4b-d5ea-517f-8a7d-71713980487c', '1e0af0c0-30ba-5a06-9647-a83cef3d815d', 9, 'unlisted', 'Rotation Strategy Document', '{"ea officia velit excepteur sit","consequat voluptate ut voluptate","duis consectetur dolor proident "}', DEFAULT, DEFAULT), ('363e1d5b-f7b0-5ee0-a43a-f471f9cf9338', '17ec9179-4e96-5f11-9df0-6e4c2363b3ee', 2, 'private', 'Late Game Scaling Strategy', '{"tempor aliqua aute ad","deserunt nostrud exercitation am","voluptate aliqua et reprehenderi","excepteur","eiusmod laborum non","duis mollit proident magna","duis elit"}', DEFAULT, DEFAULT), ('edcc2203-6787-52aa-bc0b-a6dcc59388be', 'f4b5542b-ba61-519e-a8d2-5793282ad487', 5, 'public', 'Vision Control Blueprint', '{"tempor est ullamco irure irure","sint minim mollit fugiat"}', DEFAULT, DEFAULT), ('474b1c92-271b-5e78-878e-3e82398a6e7c', 'ea56a5ec-2249-5fba-8891-278bcdbbb33d', 2, 'unlisted', 'Jungle Control Playbook', '{"Lorem reprehenderit laboris dese","excepteur aute excepteur tempor","excepteur eu consectetur"}', DEFAULT, DEFAULT), ('8997d96a-4a2f-5fcd-a0a2-88e875f8bba7', '79efb743-bb54-546e-8bdf-089509399715', 4, 'unlisted', 'Split Push Blueprint', '{"ad adipisicing","cupidatat laboris occaecat aliqu","eu","commodo ullamco quis","est","laborum","fugiat eiusmod consectetur","qui mollit"}', DEFAULT, DEFAULT), ('f61f0c83-60cb-5fa8-a27a-67e606b63adb', '644a93ba-f570-5681-b2f5-de6b9950affd', 6, 'private', 'Defensive Turtle Tactics', '{"tempor nulla eiusmod","irure"}', DEFAULT, DEFAULT), ('30d213ab-4615-5d8b-abee-5b4875c8bfdf', '644bfc5c-cf27-5d76-8355-4e4c8d73061f', 2, 'private', 'Roaming Support Plan', '{"sint proident","dolore labore","amet fugiat id consequat nulla","aliqua deserunt","anim do quis exercitation","esse","do adipisicing qui dolor","ipsum quis voluptate aute"}', DEFAULT, DEFAULT), ('7d042aff-1b5b-531f-917f-48f2d58d33c7', '583774ae-7432-5503-850f-867e82c0838b', 6, 'private', 'Team Fight Execution Plan', '{"magna consectetur dolor","aliqua amet mollit culpa","do commodo ipsum minim","anim esse","esse excepteur non elit anim","nulla","elit ipsum consectetur","ad proident ut"}', DEFAULT, DEFAULT), ('30e1e77d-2bcf-5591-97ec-d99bd552d8f0', '91fa3874-9437-5dfa-a49a-f19fb38d9e92', 2, 'public', 'Vision Denial Blueprint', '{"proident","occaecat sit dolore labore offic","cupidatat eu incididunt","consequat"}', DEFAULT, DEFAULT), ('d53a4a7c-125e-52cd-8ba3-aa3916f71140', 'cd7c291a-6d6e-5632-91e5-b7fd7a634d7d', 2, 'unlisted', 'Vision Control Blueprint', '{"commodo"}', DEFAULT, DEFAULT), ('47f797b2-50c1-56af-abe6-0081dabe5efd', 'cd1520c4-af17-5e1e-b5b0-a9e95f36a7c4', 7, 'private', 'Counter Pick Blueprint', '{"tempor exercitation minim","nisi tempor laboris","excepteur"}', DEFAULT, DEFAULT), ('3ebbec39-d360-5461-b442-70abf723c8b8', '8fe11c61-64ee-5a54-8048-b7d0a6d485e2', 4, 'private', 'Aggressive Rush Strategy', '{"ut","incididunt ullamco","culpa aute dolore ipsum","mollit"}', DEFAULT, DEFAULT), ('3821efb6-356e-53bd-8a0b-239426475be5', '549980e7-3e77-5d76-b263-84664d04b209', 3, 'public', 'Siege Tactics Handbook', '{"dolor elit esse qui","id eu proident et","aliqua laborum velit","culpa","exercitation elit"}', DEFAULT, DEFAULT), ('f62571e6-585e-5709-b04e-861b7f3db2d2', 'eff6dde6-e4aa-5c61-9818-5d7ae0bf58b7', 2, 'public', 'Roaming Support Plan', '{"pariatur officia mollit","non voluptate duis consequat","incididunt mollit","amet dolore sint et","amet eu ea veniam labore","in qui sint magna eiusmod","laboris nostrud laboris"}', DEFAULT, DEFAULT), ('f706ef0d-b4c8-54ee-ba4a-8f6af14717f8', 'ab07c47c-511a-5092-acb9-cbf862e0076b', 2, 'unlisted', 'Counter Pick Blueprint', '{"sunt amet"}', DEFAULT, DEFAULT), ('da6a602b-9dc0-5e13-87e9-323f368838a2', '17ec9179-4e96-5f11-9df0-6e4c2363b3ee', 10, 'unlisted', 'Gank Heavy Approach', '{"occaecat laborum","amet in dolor quis reprehenderit","est consequat magna","incididunt consequat pariatur re"}', DEFAULT, DEFAULT), ('ae022a2e-97fe-53d7-ace2-f700a65995e2', 'd19db439-c7e7-53a7-aa19-0db346180dc1', 9, 'unlisted', 'Jungle Control Playbook', '{"id veniam aliqua commodo","nostrud veniam","duis eu ad est velit","dolore fugiat nulla sit","fugiat ex ad aute ad","irure ad magna aute id"}', DEFAULT, DEFAULT), ('7f27719e-c551-5cfa-ab24-3e6a917bc77f', '5c279176-af23-560b-90c9-533a7e485b05', 6, 'public', 'Vision Control Blueprint', '{"et","laborum excepteur aute","anim adipisicing","tempor ullamco incididunt dolor ","excepteur officia non","ipsum eu esse est","adipisicing labore enim do","labore quis incididunt esse exce"}', DEFAULT, DEFAULT), ('a7afe8c7-8469-5a59-9246-cc18b3ce4b7b', 'ae956930-bebe-5aad-83f8-b8d0cae36371', 3, 'private', 'Baron Control Strategy', '{"commodo anim commodo minim","consequat consequat","ex pariatur in velit","occaecat","anim nostrud tempor proident off"}', DEFAULT, DEFAULT), ('8111ec5f-e01a-5ad1-b89a-b7a64419e202', '1e7e0bcb-4fc0-5d72-81a5-d67a74a13595', 9, 'public', 'Vision Denial Blueprint', '{"dolor","adipisicing aute sit labore","tempor reprehenderit","et","eiusmod nulla sint","anim laboris","reprehenderit commodo nostrud pa","excepteur incididunt nisi adipis"}', DEFAULT, DEFAULT), ('af41c136-c26c-5e1c-81f1-2d9f923ca606', '77085b75-b014-57d0-8618-9cc95436a25e', 6, 'public', 'Aggressive Rush Strategy', '{"ipsum nulla","eiusmod quis","irure sit","enim fugiat","pariatur consectetur aliqua ad","voluptate amet est consequat","occaecat veniam ut","non duis"}', DEFAULT, DEFAULT), ('7594efe5-aff1-5874-a5ed-4a9edc7b66bf', 'cfbfd1d4-e77f-57e5-94da-e9ff2cc7a996', 7, 'unlisted', 'Defensive Turtle Tactics', '{"et voluptate officia","excepteur nulla exercitation aut","culpa et officia est","Lorem amet cillum","ipsum dolore ullamco","aliqua esse sit aliquip","quis veniam","in et quis ullamco","et minim"}', DEFAULT, DEFAULT), ('ee2f9514-a689-5e06-84f0-7f27b56a3774', '94daea14-9b93-5933-9044-5ccc1eb32f8f', 10, 'private', 'Aggressive Rush Strategy', '{"ad enim","ipsum velit ad","reprehenderit fugiat eu","tempor adipisicing id ea","exercitation commodo"}', DEFAULT, DEFAULT), ('59ac239c-144e-5ca7-b3e8-b97418726740', '2ca679b7-4687-5422-ac57-c89cfa36e3c8', 3, 'unlisted', 'Early Game Dominance Guide', '{"minim in","occaecat minim ullamco Lorem aut","sint tempor voluptate ullamco du","adipisicing deserunt excepteur e","ad amet"}', DEFAULT, DEFAULT), ('7992b22f-6c16-50ae-ae54-fd84bedb78e7', '096adf71-c74e-5b77-822b-46a8768797c5', 4, 'public', 'Jungle Control Playbook', '{"ipsum ea incididunt amet","elit aliquip irure","consectetur","sunt tempor Lorem cillum culpa","aute in mollit ipsum","velit elit","culpa excepteur aliquip ipsum in","fugiat aliqua","aute nisi tempor nisi"}', DEFAULT, DEFAULT), ('eeb6a56c-bf20-5164-a9c4-2438947a1635', '9af6e0ef-7015-5390-856a-705032c2e40e', 1, 'public', 'Split Push Blueprint', '{"consequat et pariatur","est proident","consequat ex velit"}', DEFAULT, DEFAULT), ('ba263b84-62af-5be6-a1da-34f8a9b1c708', '6de5d1f5-e767-54ae-ad7a-c52af47251f6', 8, 'public', 'Team Fight Execution Plan', '{"culpa nisi sunt enim","et culpa","occaecat ex","mollit mollit sit","elit sit adipisicing","eiusmod voluptate dolore","esse qui ullamco","eiusmod ut","fugiat"}', DEFAULT, DEFAULT), ('0eda511d-00fb-5edd-a94c-61620ced28e5', 'd1b6355b-0594-5d07-b55b-72d2c66a1391', 3, 'private', 'Defensive Turtle Tactics', '{"proident occaecat qui eiusmod ut","proident eiusmod"}', DEFAULT, DEFAULT), ('4a82ca5f-1296-51b0-9319-05459a439c92', '061a9df6-5f3b-55cf-9879-eec1a4061457', 9, 'unlisted', 'Team Fight Execution Plan', '{"ad"}', DEFAULT, DEFAULT), ('230e6990-91f4-5dc7-b6bc-229a44985e25', 'fe78882d-8d81-5307-9012-7c7cadbfdbe6', 2, 'private', 'Gank Heavy Approach', '{"id velit minim non","consequat labore","consectetur mollit incididunt","laboris ullamco","Lorem ad ex","commodo officia officia","ipsum consequat","pariatur"}', DEFAULT, DEFAULT), ('01a97da4-f21e-511b-9160-a834d5d7f82e', '28a1ca86-fc34-5d5b-bda6-792b581f58de', 3, 'unlisted', 'Split Push Blueprint', '{"est","deserunt duis occaecat","sunt excepteur","tempor amet laborum veniam","culpa incididunt qui ea cillum"}', DEFAULT, DEFAULT), ('1c5613fb-a627-5391-a9ff-0cc49d9b395b', '91fa3874-9437-5dfa-a49a-f19fb38d9e92', 6, 'unlisted', 'Early Game Dominance Guide', '{"adipisicing anim","do deserunt quis est sunt","laborum sint ullamco voluptate","ullamco aute adipisicing dolor","aliquip sit quis deserunt","laboris sunt aliqua enim adipisi","voluptate occaecat labore","eu veniam"}', DEFAULT, DEFAULT), ('69b55afa-a769-5eae-849b-0607118f6f38', '91434b27-2651-5429-8f42-45c3f8e334a0', 7, 'public', 'Aggressive Rush Strategy', '{"nisi dolore est eiusmod eiusmod","occaecat","dolore consectetur","nulla tempor eiusmod"}', DEFAULT, DEFAULT), ('5653d3f7-e466-5b59-9cc7-02634d975655', 'a78f49ae-5f15-5b14-baf5-6abdb727fcc1', 10, 'unlisted', 'Wave Management Plan', '{"nulla amet sit esse pariatur","qui ex non irure","deserunt et minim occaecat fugia"}', DEFAULT, DEFAULT), ('11917a47-b89e-5663-8d37-049fe2bf5b34', '94170f3d-888c-58bc-bc18-13592bfb52c5', 2, 'unlisted', 'Late Game Scaling Strategy', '{"cillum","proident","culpa laboris ullamco tempor","fugiat veniam non dolor","nisi quis","quis occaecat do","nulla velit culpa et incididunt"}', DEFAULT, DEFAULT), ('c68ff46b-b1a9-581e-aa43-737e3b976580', 'bbcbd7eb-4377-550e-af45-f77d693d98fe', 3, 'unlisted', 'Objective Focused Strategy', '{"culpa","cillum qui","dolore id irure","adipisicing nisi proident dolore","sint reprehenderit et nostrud","labore","anim exercitation","magna culpa"}', DEFAULT, DEFAULT), ('e8d13e33-32bc-5c1a-9371-8f828965d869', '65d8ad86-6271-552b-8704-fabcdcf18cdb', 6, 'public', 'Early Game Dominance Guide', '{"occaecat aute cillum","labore et","elit qui ea commodo voluptate","elit consequat","ipsum elit sint dolor","amet ex ullamco enim","ex mollit","veniam magna"}', DEFAULT, DEFAULT), ('79cca71d-1dd7-5b78-9e31-229bb9872504', 'cf1d2e5e-3a18-5518-8e4c-387978992b8a', 4, 'public', 'Wave Management Plan', '{"ea fugiat nisi","Lorem est minim tempor ex","laboris ad tempor magna","minim cillum","exercitation elit consequat","dolore qui","sunt reprehenderit"}', DEFAULT, DEFAULT), ('cdf1b1e3-61cd-52e6-b86e-eec98ea71e23', 'a6f51480-ebce-53e5-aaa6-82ae5d7deefa', 8, 'private', 'Siege Tactics Handbook', '{"deserunt","cillum aute fugiat","ipsum ea laboris ipsum cillum","consectetur sit reprehenderit co","pariatur sit Lorem eiusmod non","magna qui","pariatur esse eiusmod in","ipsum est"}', DEFAULT, DEFAULT), ('98ea8abd-4f3f-5750-b436-afb8aa79fb82', 'f754848a-9cd5-551c-9bb4-aa81e33b42af', 7, 'private', 'Wave Management Plan', '{"occaecat","sunt commodo incididunt"}', DEFAULT, DEFAULT), ('bc227bd7-3214-5075-bca0-3f60046ac216', 'e9decb87-4a50-5c41-896c-16fe0d21ebca', 4, 'unlisted', 'Map Control Blueprint', '{"laborum Lorem excepteur in","quis ea ipsum adipisicing eu","in magna aliqua labore","veniam irure incididunt nostrud","incididunt proident nisi","dolore"}', DEFAULT, DEFAULT), ('8fd84214-96a6-5d6c-8437-0646145f15a1', '19495f2f-99a6-5394-9596-a1d3fb0d3196', 4, 'unlisted', 'Split Push Blueprint', '{"cillum exercitation eiusmod sunt","excepteur","sunt ut sint voluptate","ad sit occaecat proident"}', DEFAULT, DEFAULT), ('7b269807-4fdc-5847-8a5c-807ffa02f953', 'd6d652bf-48a5-5a85-a95d-16c25edc5397', 10, 'public', 'Aggressive Rush Strategy', '{}', DEFAULT, DEFAULT), ('cf8258c4-f278-5c75-a944-c2bcba526ad4', '5783cab4-e010-523b-b893-81b388f43d06', 9, 'private', 'Objective Focused Strategy', '{"non id irure elit","non cillum esse amet","voluptate sint","in aute","quis","sint tempor non proident","eu fugiat ullamco fugiat","velit irure sit","deserunt"}', DEFAULT, DEFAULT), ('2e51b4b0-68ac-5e21-94a2-b7afb1b16016', '2daf5548-f681-577a-9912-670e1304b2ad', 3, 'unlisted', 'Objective Focused Strategy', '{"sint dolore aliqua do ea","cupidatat excepteur","eiusmod aliquip consectetur est ","eiusmod est","anim aute aute","anim velit proident laborum exer","dolore enim","duis aute sunt","amet ad minim voluptate"}', DEFAULT, DEFAULT), ('6e9d8d45-1d4b-5cdd-92c5-76194015ba99', '2ca679b7-4687-5422-ac57-c89cfa36e3c8', 10, 'unlisted', 'Team Fight Execution Plan', '{"do adipisicing eu ut","aute officia deserunt dolor culp","ex mollit ut","amet aliqua est","magna","voluptate ullamco","laborum fugiat"}', DEFAULT, DEFAULT), ('fac7e894-3f38-5663-bc98-486c88732ea4', '5d378209-1fd5-506f-8b3f-511a16489d69', 9, 'public', 'Objective Focused Strategy', '{"consectetur aliquip culpa ut","velit irure irure","voluptate velit mollit commodo","elit officia occaecat","labore Lorem irure reprehenderit","esse dolor ipsum ex"}', DEFAULT, DEFAULT), ('7d360079-2c18-5c6d-a1b8-85eb411ace3d', 'b67e09de-df70-515b-91d0-6e53f3b4a58a', 8, 'unlisted', 'Aggressive Rush Strategy', '{"exercitation ea velit ea sit","magna dolore","esse ea officia","in quis","exercitation aute","aute occaecat enim nulla","aliquip velit id","nostrud enim dolor aute occaecat","magna sit cupidatat proident ani"}', DEFAULT, DEFAULT), ('be194c18-6eee-5ff6-a117-608bade8a86e', '36f6f3ba-e867-5008-b6c1-829e989f9d2f', 7, 'private', 'Vision Control Blueprint', '{"in","enim ea","aliquip proident ullamco tempor","officia sit","dolor quis","elit cupidatat cillum reprehende","irure incididunt anim","pariatur aliqua"}', DEFAULT, DEFAULT), ('74297878-a21d-59b7-aced-265d4a9f30fa', '86e03e09-1744-508f-b91c-c48f85d8ffcb', 10, 'public', 'Gank Heavy Approach', '{"cillum consectetur eu et","ad dolor incididunt exercitation","sint","mollit magna labore","pariatur cupidatat sint consecte","enim ea","dolore amet","dolor culpa laboris","pariatur","elit cillum deserunt"}', DEFAULT, DEFAULT), ('a0c5fdb3-1581-541b-b560-7473e0935643', '6451b879-16d7-5644-b6b9-87dd18b3facf', 2, 'unlisted', 'Jungle Control Playbook', '{"irure","duis aliqua enim enim labore","ipsum labore","ipsum adipisicing","eu commodo reprehenderit deserun","aute proident ipsum","mollit excepteur sit","occaecat adipisicing","proident veniam consequat"}', DEFAULT, DEFAULT), ('5bf01130-69dd-5547-acc0-717bf1395fda', 'c7198a1e-f50c-5635-a5bf-2073d4da7bc6', 10, 'unlisted', 'Vision Control Blueprint', '{"est"}', DEFAULT, DEFAULT), ('1e052062-4999-589c-af48-bc4a3df69d05', '7bf99080-cdc6-5456-b6d5-417e28b4eba5', 8, 'private', 'Secure Objective Playbook', '{}', DEFAULT, DEFAULT), ('38b49ca8-b50c-5e98-af9e-9c3898d28f8f', 'c7198a1e-f50c-5635-a5bf-2073d4da7bc6', 9, 'private', 'Aggressive Rush Strategy', '{"elit excepteur laboris","amet exercitation duis anim","nisi adipisicing laboris","ad incididunt"}', DEFAULT, DEFAULT), ('9b261f2f-f0b0-57c3-9c3a-156a89bfc9aa', 'd905224a-1767-5e97-ad1a-f223ab64cd44', 7, 'unlisted', 'Secure Objective Playbook', '{"non veniam","excepteur anim et mollit anim","eiusmod in officia","enim quis","incididunt","non nostrud sint et"}', DEFAULT, DEFAULT), ('2d9d0644-e0d8-5f5d-84c2-071cd2c099ce', '65d8ad86-6271-552b-8704-fabcdcf18cdb', 1, 'public', 'Defensive Turtle Tactics', '{"qui magna ut duis","cupidatat sit","commodo id cupidatat","duis enim","aliquip mollit dolor dolore","proident consequat","do pariatur do","sunt velit cillum ex irure","eiusmod adipisicing"}', DEFAULT, DEFAULT), ('b8c7a039-d039-57f7-bd1e-253b05ef8c03', 'c15a1a93-cc16-5536-8ab0-42ef9626e379', 2, 'private', 'Vision Denial Blueprint', '{"duis officia veniam reprehenderi","in mollit culpa","nisi irure"}', DEFAULT, DEFAULT), ('110d19c8-9e0d-5f75-a721-b94eb9080526', '3af5be38-b117-5675-8d7a-e27a1a34e8a8', 2, 'private', 'Objective Focused Strategy', '{"eu id velit do mollit","ut eu","commodo occaecat","laboris minim ad labore","consequat culpa pariatur"}', DEFAULT, DEFAULT), ('09923517-e55a-5deb-98cb-d64b27c0ab72', '830a4bb5-d929-5c1b-94fc-74a53795cc52', 9, 'unlisted', 'Baron Control Strategy', '{"minim"}', DEFAULT, DEFAULT), ('e5bd85d5-1f62-5598-9176-4bfd393badbe', 'ae956930-bebe-5aad-83f8-b8d0cae36371', 4, 'public', 'Vision Denial Blueprint', '{"laboris do","adipisicing commodo non","dolore sint"}', DEFAULT, DEFAULT), ('e8eb7547-d359-5d88-afb0-cca98349d023', '47e5d6a1-6a7c-5068-97e6-b73d6f3b47c1', 8, 'public', 'Counter Pick Blueprint', '{"ullamco"}', DEFAULT, DEFAULT), ('0e4135c9-4c74-5717-9ee1-cbbb37873838', '6c52c1d9-13a4-51ef-ae51-1dacc4c14be9', 10, 'public', 'Team Fight Execution Plan', '{"amet","ullamco laborum velit cillum","in sint nostrud nostrud","consequat cillum anim reprehende","eu officia ullamco magna minim","culpa culpa commodo dolore","ullamco sint"}', DEFAULT, DEFAULT), ('eb9d24ec-f15e-5e4f-870e-dd537efcd168', '2067e70c-565d-520b-b56b-19189e5b77f5', 1, 'private', 'Counter Pick Blueprint', '{"ut nisi incididunt","magna amet","irure amet"}', DEFAULT, DEFAULT), ('688a2e3c-848e-5787-bd83-705a15229924', '43da4265-8ed7-5662-93ab-8135a4c65441', 3, 'unlisted', 'Counter Pick Blueprint', '{"ullamco nostrud dolor quis","fugiat","velit id ex","labore enim","commodo deserunt non","culpa","nostrud veniam aliquip","exercitation amet","amet cillum","dolor nostrud"}', DEFAULT, DEFAULT), ('a042a037-2e40-50ce-ae48-3f063c3067bb', 'df90352f-468b-5345-9b3e-522b747ccf55', 8, 'unlisted', 'Roaming Support Plan', '{"cillum nulla Lorem","non fugiat aliqua","laboris elit excepteur est","incididunt","commodo consequat"}', DEFAULT, DEFAULT), ('cb4eaa5a-1f18-571e-9566-4c1753ad9134', 'ba60341e-ffca-5a8d-85d2-58afc6ff269c', 4, 'private', 'Vision Control Blueprint', '{"magna commodo excepteur","ea et mollit cupidatat","esse ad Lorem nulla commodo","culpa minim quis","consequat laborum qui eu aliquip","id pariatur in mollit tempor","amet reprehenderit aliqua"}', DEFAULT, DEFAULT), ('2076216c-1b19-5f7f-b10d-db3cae2b4567', 'a5831e58-2fc9-5b59-970d-00c344a4eb18', 4, 'private', 'Defensive Turtle Tactics', '{"ut","veniam nulla non ad"}', DEFAULT, DEFAULT), ('a0bd7980-cac4-5ded-adc5-004548282723', '84aabd0a-31ea-5dd5-9e39-ce95a07d2009', 2, 'unlisted', 'Vision Control Blueprint', '{"sit veniam cillum","velit sint","non deserunt qui mollit","aliquip","commodo do minim deserunt"}', DEFAULT, DEFAULT), ('e94657cc-5d4a-53ce-8902-19b99712c3c6', '94daea14-9b93-5933-9044-5ccc1eb32f8f', 2, 'unlisted', 'Vision Control Blueprint', '{"mollit non","aliqua","ea est cillum culpa commodo","ipsum","velit mollit","consequat","pariatur velit id"}', DEFAULT, DEFAULT), ('cdee6d23-791e-5a74-aba4-6e6c1b3863e7', 'eea550bd-8120-5fb2-9339-ad3a549506d4', 4, 'unlisted', 'Baron Control Strategy', '{"consequat cillum eu incididunt a","ullamco","amet eiusmod","elit nostrud","aliquip tempor","non aliqua"}', DEFAULT, DEFAULT), ('d5a4641d-8cbb-5fd0-89e3-ac12979b690c', '583774ae-7432-5503-850f-867e82c0838b', 4, 'unlisted', 'Secure Objective Playbook', '{"amet cupidatat","consequat","voluptate aliqua ullamco aute ul","id cupidatat","cillum ex aliquip","culpa mollit sit","do irure"}', DEFAULT, DEFAULT), ('ab58f5b2-4308-5685-a477-a4b54637b2a0', '644a93ba-f570-5681-b2f5-de6b9950affd', 1, 'unlisted', 'Roaming Support Plan', '{"quis exercitation","velit ullamco sint","enim amet","commodo eiusmod deserunt","enim nostrud","eu amet pariatur","veniam duis ipsum"}', DEFAULT, DEFAULT), ('025da8e7-6d47-53be-9689-b0604284733b', '98eaafd3-adbf-5a3e-adb9-b3fb6971b6f1', 8, 'unlisted', 'Gank Heavy Approach', '{"pariatur proident sit magna","exercitation nostrud ut","amet ad occaecat","tempor","sunt esse Lorem"}', DEFAULT, DEFAULT), ('cfc01e92-0e9c-5f58-b116-ac73af2ff344', '5d378209-1fd5-506f-8b3f-511a16489d69', 9, 'private', 'Baron Control Strategy', '{"aliquip nulla do occaecat","commodo et sunt cupidatat","excepteur elit culpa pariatur ul"}', DEFAULT, DEFAULT), ('6c7a0737-5d09-56f1-9a60-9ca811b68d40', 'ee198d66-a798-52a5-8b79-9931f7b835e3', 6, 'public', 'Late Game Scaling Strategy', '{"ea enim cillum sit aute"}', DEFAULT, DEFAULT), ('b74b781d-f3ca-5ce2-a262-c20f23455d05', '86e03e09-1744-508f-b91c-c48f85d8ffcb', 1, 'private', 'Team Fight Execution Plan', '{"aliquip","magna esse","duis minim nulla sint"}', DEFAULT, DEFAULT), ('ae76c1cf-66c9-5bf7-8fc8-d1e1260ab8bd', '29b47b7e-4cec-5d5a-b93d-172770b57ed6', 4, 'public', 'Jungle Control Playbook', '{"occaecat sint","quis pariatur","quis deserunt cupidatat ex","dolore eiusmod nulla et","ut irure aliquip","qui","esse dolor","in anim","ipsum cupidatat"}', DEFAULT, DEFAULT), ('3267d96d-4a33-5c13-9ef8-eb9652f76262', '8fe11c61-64ee-5a54-8048-b7d0a6d485e2', 5, 'public', 'Late Game Scaling Strategy', '{"nisi quis sunt enim","anim eiusmod","sunt pariatur culpa quis enim","do et id tempor","voluptate amet occaecat occaecat"}', DEFAULT, DEFAULT), ('272ce823-3f81-5671-93a8-93655178aa67', '77085b75-b014-57d0-8618-9cc95436a25e', 9, 'unlisted', 'Counter Pick Blueprint', '{"eu Lorem","dolore fugiat","occaecat tempor velit culpa quis"}', DEFAULT, DEFAULT), ('0cd365ac-6479-5889-b532-b02ce5d93b9f', '110efd29-2979-5c30-b41f-b3bf832f48cd', 1, 'unlisted', 'Wave Management Plan', '{"magna culpa commodo anim","consequat","tempor esse et","officia nostrud voluptate","cupidatat eu sint duis occaecat","sunt occaecat pariatur ipsum","sint exercitation consequat"}', DEFAULT, DEFAULT), ('d1c31a1f-140d-5b01-95f7-3fc15003186c', 'f457d7a7-01f9-5225-b07a-0e782525bbc7', 2, 'public', 'Baron Control Strategy', '{"in duis ipsum","cupidatat Lorem sit commodo","dolore anim ut sint","ipsum labore","magna eu enim"}', DEFAULT, DEFAULT), ('139e14ed-bbf1-5d48-a6cc-84c72c891164', '3b3a2ed4-3283-5a09-84d9-c7de876d5510', 4, 'unlisted', 'Jungle Control Playbook', '{"ex in"}', DEFAULT, DEFAULT), ('586f1ac8-f524-5f8c-88e2-184c02d5ef6d', '5dd9c208-a224-5712-b987-eab6b9a89e23', 10, 'private', 'Aggressive Rush Strategy', '{"reprehenderit adipisicing exerci","fugiat nisi","aute laboris","et elit nostrud aliqua","sunt voluptate pariatur labore e","et pariatur dolore labore","laborum voluptate labore"}', DEFAULT, DEFAULT), ('62075432-2441-5ae8-a3d3-0c53f1490707', 'd1dc8a74-c651-5dbd-b484-1cd2c51db9b9', 6, 'public', 'Vision Denial Blueprint', '{"esse quis et","veniam et deserunt aliqua in","enim exercitation","nulla culpa enim fugiat esse","do enim ut","deserunt quis ad aliqua","pariatur incididunt","ea exercitation nulla cillum","consectetur ex ea"}', DEFAULT, DEFAULT), ('7e2a3012-f429-5959-8e79-e27f888f9ce7', '9f273059-bf49-55a4-bf95-e6bedcccffe3', 3, 'public', 'Baron Control Strategy', '{"occaecat ullamco dolore","mollit minim","dolor ut","nostrud laborum","ex","Lorem","ad in do non et","ut do dolore labore occaecat"}', DEFAULT, DEFAULT), ('b8821e56-73f0-54d5-b485-728d64492250', 'd1dc8a74-c651-5dbd-b484-1cd2c51db9b9', 3, 'private', 'Gank Heavy Approach', '{"nulla ipsum dolor sint commodo","aliqua in sit eu incididunt","magna occaecat fugiat","pariatur tempor reprehenderit","qui velit","culpa mollit veniam","tempor ullamco mollit tempor"}', DEFAULT, DEFAULT), ('41c6ea7f-18a9-55e6-b2ba-f0f4f40a17bf', 'bbc51950-a428-5ed7-b604-6444a902714b', 3, 'unlisted', 'Siege Tactics Handbook', '{"id excepteur occaecat ut","proident ullamco reprehenderit v","consectetur aliqua consectetur f"}', DEFAULT, DEFAULT), ('6071eb55-6bca-516b-b2e7-cdcdc70b2f27', '7c0f6282-7933-5431-8e88-9d2b9f09f272', 4, 'private', 'Rotation Strategy Document', '{"reprehenderit laboris","consectetur id id","dolore ea","dolore dolor eiusmod magna labor","quis non sit ipsum","elit","ipsum"}', DEFAULT, DEFAULT), ('d7cdb9d2-07a6-5208-bc43-84429587c78d', '59558fa1-9cc0-5e85-a331-879d76e07f05', 4, 'private', 'Gank Heavy Approach', '{"officia et","sint esse et"}', DEFAULT, DEFAULT), ('edba76b8-16c2-5d65-8407-7c8846b18c8d', 'b576de0c-954e-5345-a9e7-0d691c52341a', 9, 'private', 'Defensive Turtle Tactics', '{"ipsum fugiat","labore quis aute ullamco dolore","Lorem magna ex","aliqua consectetur velit dolore"}', DEFAULT, DEFAULT), ('4961b154-685f-5c2d-b1f1-598100239ea4', 'a6ea6199-2a1a-56d4-b12a-1bf7d32d154c', 2, 'public', 'Early Game Dominance Guide', '{"tempor Lorem aliqua exercitation","pariatur est ut","officia non qui est","dolor nisi reprehenderit magna","fugiat occaecat dolore exercitat","culpa ullamco veniam voluptate","commodo","elit dolore officia qui"}', DEFAULT, DEFAULT), ('81b648c1-576c-5086-ba4f-2125060d9cf0', '349111f0-5b40-5b21-aeff-8af2b228d28f', 6, 'unlisted', 'Siege Tactics Handbook', '{"adipisicing nulla fugiat eu","eiusmod deserunt exercitation","sunt ut reprehenderit","enim qui Lorem duis","elit qui laboris veniam veniam","minim sit","magna et","duis"}', DEFAULT, DEFAULT), ('edcc20e9-95a3-50eb-b84c-a2ac5801dd1f', '86e03e09-1744-508f-b91c-c48f85d8ffcb', 7, 'private', 'Objective Focused Strategy', '{"reprehenderit"}', DEFAULT, DEFAULT), ('0f7963e1-2931-5603-b1f8-5f29e095a36f', 'd1dc8a74-c651-5dbd-b484-1cd2c51db9b9', 8, 'private', 'Aggressive Rush Strategy', '{"qui dolor","ex esse non","cillum non elit sunt"}', DEFAULT, DEFAULT), ('d90cf80e-490d-5c8c-85cc-9c761060fca5', '9a2c5b91-3c65-50ae-8188-68db1f1edfc4', 9, 'public', 'Defensive Turtle Tactics', '{"minim velit fugiat","quis eiusmod dolor nisi","velit sit","esse culpa laboris mollit do","cillum cupidatat cupidatat Lorem","ipsum in consectetur labore nost"}', DEFAULT, DEFAULT), ('84a00f8f-8f65-512e-a89a-396ebb944774', '89f211a9-c1e7-5fa6-9108-784d98291012', 10, 'unlisted', 'Counter Pick Blueprint', '{"minim aliqua occaecat Lorem ut","reprehenderit veniam aliquip Lor"}', DEFAULT, DEFAULT), ('24530daa-18f4-5736-824e-740b98d86f84', '26f7bb6a-3c9c-5b30-b11b-be5ebfb91948', 8, 'public', 'Objective Focused Strategy', '{"sint enim commodo pariatur","consequat culpa","cupidatat qui dolore","ipsum nostrud nostrud","do","elit magna eiusmod deserunt"}', DEFAULT, DEFAULT), ('cef44dbb-01f1-53f9-a51f-bce20b8c9729', '26f7bb6a-3c9c-5b30-b11b-be5ebfb91948', 5, 'private', 'Gank Heavy Approach', '{"proident reprehenderit in nisi e"}', DEFAULT, DEFAULT), ('2f432e43-c578-5d3f-a9f6-658650551fe1', 'a6ea6199-2a1a-56d4-b12a-1bf7d32d154c', 7, 'public', 'Vision Denial Blueprint', '{"nisi labore","id excepteur fugiat adipisicing","pariatur voluptate velit cillum","voluptate voluptate duis excepte"}', DEFAULT, DEFAULT), ('9e0ad23d-bafe-536b-a992-47ea353cf3b5', '7bf99080-cdc6-5456-b6d5-417e28b4eba5', 9, 'unlisted', 'Gank Heavy Approach', '{"aliqua magna laboris"}', DEFAULT, DEFAULT), ('ba4f3542-9d48-574a-8df6-823d78106037', 'b5605791-3389-56c2-9ec6-17d538b9bb85', 5, 'public', 'Defensive Turtle Tactics', '{"laboris consequat ex amet magna","irure ipsum nulla ipsum","in nulla","dolor et excepteur nulla","ad ex","exercitation aliqua","fugiat ipsum dolore irure qui","elit irure velit"}', DEFAULT, DEFAULT), ('d5920fa6-848e-5195-b671-9577ccf74a26', 'bbcbd7eb-4377-550e-af45-f77d693d98fe', 7, 'public', 'Roaming Support Plan', '{"adipisicing labore aliqua"}', DEFAULT, DEFAULT), ('60e1ec45-4b3f-5cd2-b9e9-a6fd50c32391', '7d0c4d54-58ae-5ddf-b108-590171e8655a', 10, 'public', 'Vision Denial Blueprint', '{"ad magna proident","amet in","aliqua","consectetur ea"}', DEFAULT, DEFAULT), ('4152396c-eaf9-5aeb-9b7d-6c26ad4d722c', 'a00f2df0-a74b-51ab-8311-51125014b9ef', 8, 'unlisted', 'Defensive Turtle Tactics', '{"esse","laboris ullamco officia","exercitation Lorem sint est"}', DEFAULT, DEFAULT), ('82c66b9e-374b-5deb-960b-0b761f066806', '644bfc5c-cf27-5d76-8355-4e4c8d73061f', 6, 'public', 'Late Game Scaling Strategy', '{"culpa minim","occaecat consequat ullamco ut","ex ut","et dolor eiusmod dolor laborum","laborum eu ut sit","proident laboris et minim pariat","velit mollit pariatur minim sit","nisi elit aute dolore pariatur"}', DEFAULT, DEFAULT), ('cb1a8444-be9e-581c-8a1e-9f0d5870d484', '11edd970-a1f3-5973-a201-278046231716', 1, 'public', 'Wave Management Plan', '{"in irure nisi","pariatur cupidatat ut","ipsum velit sint laborum","ullamco","magna do nisi","irure irure","reprehenderit minim","deserunt officia laboris enim id","nisi veniam enim incididunt","culpa"}', DEFAULT, DEFAULT), ('b4086fbf-8b55-5b20-af96-270e53efd260', '43bcab14-4a69-5e60-a07f-cda2fe595a2a', 7, 'unlisted', 'Siege Tactics Handbook', '{"irure sit eiusmod","incididunt minim sunt","laboris ut consequat eu","exercitation voluptate mollit","exercitation nostrud est occaeca"}', DEFAULT, DEFAULT), ('7dc2a385-02fd-5e9e-8ca3-480d310ce988', 'fd2a8113-662a-5782-9e12-f7b49eee56e0', 2, 'unlisted', 'Late Game Scaling Strategy', '{"consectetur officia commodo","do non","ipsum ut","dolore sit aliqua laborum","magna officia non","irure","eiusmod"}', DEFAULT, DEFAULT), ('bd010a0a-cb39-59ee-8218-e7f775ac9a01', '09204188-e618-5728-88fc-034120742c41', 8, 'private', 'Counter Pick Blueprint', '{"elit commodo amet enim","enim culpa sint","enim cupidatat irure occaecat si","velit in","anim culpa reprehenderit excepte","occaecat dolor ut","nisi elit minim","proident"}', DEFAULT, DEFAULT), ('eb100a5e-fbbc-5189-b323-e08ca1ddf4b2', 'cd80d13e-478f-5058-8dfd-e20a76013cb5', 7, 'public', 'Map Control Blueprint', '{"consectetur ullamco","culpa sit do duis","ex eiusmod","qui eiusmod veniam sit","aute cillum fugiat","exercitation voluptate mollit ex"}', DEFAULT, DEFAULT), ('e43c6b3b-10fe-54f2-a09c-2f23976dbe42', 'deab978c-4953-507c-b4fb-f509dd35f454', 3, 'public', 'Counter Pick Blueprint', '{"proident minim","velit","pariatur nostrud","in nostrud sint","adipisicing"}', DEFAULT, DEFAULT), ('145f2d17-d2b0-59ee-98c0-d8b6d6c741cd', '9af6e0ef-7015-5390-856a-705032c2e40e', 5, 'unlisted', 'Wave Management Plan', '{"fugiat reprehenderit cillum dolo","non adipisicing elit","ipsum laboris"}', DEFAULT, DEFAULT), ('27b7fc92-c399-5aec-bc43-ea4a7d41c984', '28e4b717-ba20-5ce6-96db-f08421aa2fc7', 7, 'unlisted', 'Gank Heavy Approach', '{"irure irure id qui","enim anim minim exercitation"}', DEFAULT, DEFAULT), ('16e13bc2-bae9-5a1b-a23b-7f2503b73a03', '6653ef95-0532-561d-a71b-05f5c1bc302b', 5, 'private', 'Baron Control Strategy', '{"officia cupidatat velit","excepteur","consequat","nostrud duis ut"}', DEFAULT, DEFAULT), ('fb9a721d-7da1-577d-a721-ae00139d250b', 'eb3795e9-0dc2-506f-818c-e81bf7149197', 9, 'unlisted', 'Aggressive Rush Strategy', '{"occaecat et tempor","laborum non irure","aliquip id","ut","veniam non non anim","veniam laborum velit proident la"}', DEFAULT, DEFAULT), ('8514b549-2321-5223-bcae-362fbfc61c61', '2daf5548-f681-577a-9912-670e1304b2ad', 1, 'private', 'Split Push Blueprint', '{"ut magna ut enim","quis anim et dolore","tempor cillum culpa ea","sint et eu","id non anim id","ullamco mollit laborum voluptate","eu ea magna fugiat fugiat"}', DEFAULT, DEFAULT), ('8d222d98-29f0-5123-b99d-cc9f19493b20', '1bf9a820-bb8f-59cd-8902-84a62a1aa29f', 8, 'public', 'Aggressive Rush Strategy', '{"nisi nostrud","duis","laborum anim exercitation"}', DEFAULT, DEFAULT), ('5ba895cd-4107-5c9d-a9cb-bd2d24899776', 'd19db439-c7e7-53a7-aa19-0db346180dc1', 7, 'private', 'Vision Denial Blueprint', '{"do deserunt mollit","veniam incididunt laboris offici","proident adipisicing anim","cillum aliquip","cupidatat et eiusmod","adipisicing"}', DEFAULT, DEFAULT), ('73b23aba-b5e2-5b24-b442-00922b22f275', 'eda91f04-12ef-5904-88aa-e6ed9a692e03', 4, 'private', 'Jungle Control Playbook', '{}', DEFAULT, DEFAULT), ('0e1a0168-a26a-5feb-9c91-7bd40d62afcc', '98eaafd3-adbf-5a3e-adb9-b3fb6971b6f1', 7, 'private', 'Map Control Blueprint', '{"voluptate duis officia","do deserunt ad","labore id labore officia","excepteur","voluptate velit proident","in excepteur ipsum mollit mollit"}', DEFAULT, DEFAULT), ('9348bed0-a52a-59cd-98df-ed8ab48ba4f7', 'a88bc9b9-135e-55c7-8c4c-5a072a3c8573', 6, 'private', 'Defensive Turtle Tactics', '{"elit occaecat","ea aliqua aute","ex deserunt tempor","voluptate","fugiat dolor adipisicing sunt","anim Lorem cupidatat","deserunt tempor fugiat"}', DEFAULT, DEFAULT), ('1507f034-16ba-5219-b927-72f72394b9da', 'c379a417-3b5c-5e05-a7ca-c545e0d33c70', 10, 'unlisted', 'Wave Management Plan', '{"nulla duis","nostrud laborum","non velit amet excepteur","adipisicing duis minim cillum","nulla proident elit amet nisi"}', DEFAULT, DEFAULT), ('3d6517ba-6968-54c9-9934-5dca00f20f48', '80e684c5-9f07-5388-b150-556bc24cb77f', 8, 'private', 'Defensive Turtle Tactics', '{"velit consectetur id","tempor adipisicing","ex laborum culpa nostrud mollit","adipisicing aliquip sunt occaeca","consectetur nisi ex"}', DEFAULT, DEFAULT), ('253eb1a7-6466-5751-bb80-ba728a9d5688', '6fc34c52-742f-56c2-b6c3-89dee63a8839', 10, 'public', 'Split Push Blueprint', '{"reprehenderit deserunt non adipi","amet veniam minim"}', DEFAULT, DEFAULT), ('84afba7a-f643-5519-b420-54d83f591e9d', 'f46ce5c6-3097-5b5d-8213-37b749a8664f', 5, 'unlisted', 'Roaming Support Plan', '{"aute non nostrud","quis adipisicing minim et","ullamco"}', DEFAULT, DEFAULT), ('59b35be9-9d21-5b79-8875-4954a08d7239', '853509f0-6836-5fa7-87f2-fb0a9a8766d2', 5, 'public', 'Late Game Scaling Strategy', '{"velit voluptate","do amet"}', DEFAULT, DEFAULT), ('b3ff9604-63d2-533f-8bbb-d5f0486381ad', '63e38d08-3dd9-5569-ab28-f70e94b3cdb7', 5, 'unlisted', 'Rotation Strategy Document', '{"excepteur aliqua ex"}', DEFAULT, DEFAULT), ('bcc899da-7629-5e0e-b560-5f5f6e7060e1', 'cda3814f-c14d-5dcf-a835-797df84f6d99', 9, 'private', 'Counter Pick Blueprint', '{"aute ipsum magna enim","reprehenderit minim tempor est"}', DEFAULT, DEFAULT), ('96dbca51-d731-5e2c-a3d4-62e8f0faa072', '65d8ad86-6271-552b-8704-fabcdcf18cdb', 5, 'unlisted', 'Map Control Blueprint', '{"voluptate dolor dolore mollit","et nostrud sit"}', DEFAULT, DEFAULT), ('fc633e1f-14b8-590b-a0ba-c22147aaeeb4', '91fa3874-9437-5dfa-a49a-f19fb38d9e92', 6, 'private', 'Secure Objective Playbook', '{"officia ad est eiusmod","ullamco ut"}', DEFAULT, DEFAULT), ('49af1081-9f3e-5569-af2e-1029eb808baf', 'ba60341e-ffca-5a8d-85d2-58afc6ff269c', 4, 'public', 'Late Game Scaling Strategy', '{}', DEFAULT, DEFAULT), ('28c7fcd5-dc0b-528f-92f0-3e19e7b94b50', 'fc24b2c3-8978-588b-9aec-94430d8caa06', 9, 'public', 'Gank Heavy Approach', '{"occaecat eu","amet duis est qui"}', DEFAULT, DEFAULT), ('38780d0a-620c-5420-b84b-aa917e5db8c1', '31bb49e9-e86d-546a-9e01-6986e5eacf06', 1, 'unlisted', 'Aggressive Rush Strategy', '{}', DEFAULT, DEFAULT), ('535c1e86-4fb0-59ea-8076-b54244994b61', '756cbb59-27d6-58f3-b4b9-8b56121e683f', 6, 'unlisted', 'Split Push Blueprint', '{"sunt ipsum consectetur qui","aute et et quis officia","officia","consectetur aliqua non"}', DEFAULT, DEFAULT), ('5e181f1c-b93c-59a3-a161-c4d4e29f775e', 'ea56a5ec-2249-5fba-8891-278bcdbbb33d', 4, 'unlisted', 'Secure Objective Playbook', '{"officia et nostrud","laborum dolor pariatur","qui ut duis esse"}', DEFAULT, DEFAULT), ('0cd34502-daee-52d8-b8a4-7aa032065e8a', 'af85f96c-efbd-584c-bdd4-26c4e2f3e556', 2, 'public', 'Objective Focused Strategy', '{"eiusmod enim consequat et non","commodo veniam tempor sunt exerc","laboris incididunt culpa officia","nulla ipsum consectetur nostrud","voluptate nisi aute","et exercitation excepteur aute e","nostrud dolor adipisicing in","ullamco adipisicing exercitation"}', DEFAULT, DEFAULT), ('6c9b6808-e737-5f8f-b196-93c0598b34b9', 'e20720a7-b660-50e0-8da5-8784fa26a31d', 7, 'public', 'Roaming Support Plan', '{"in incididunt officia officia cu"}', DEFAULT, DEFAULT), ('f498173a-b4a1-5b37-ad0b-67596b4fe0ac', 'cf1d2e5e-3a18-5518-8e4c-387978992b8a', 8, 'unlisted', 'Siege Tactics Handbook', '{"ea","ea officia consequat in voluptat","reprehenderit pariatur eiusmod u","esse ad cillum","reprehenderit enim occaecat occa","cupidatat nulla commodo culpa","deserunt anim pariatur","consequat irure magna eu"}', DEFAULT, DEFAULT), ('b0d542cd-fe80-5cad-9bd6-a81d0ed1c2f4', '43bcab14-4a69-5e60-a07f-cda2fe595a2a', 8, 'unlisted', 'Vision Control Blueprint', '{"elit incididunt laboris ex","duis aliquip tempor adipisicing","id in laborum","excepteur adipisicing consequat ","incididunt ut deserunt minim dol"}', DEFAULT, DEFAULT), ('cd506b7e-0f7c-526c-b650-bb799376c313', 'fb634118-b8a6-50b7-9010-0317dd27fba6', 2, 'unlisted', 'Gank Heavy Approach', '{"deserunt proident cillum","commodo duis ut ad","nisi anim sit irure","ad culpa occaecat adipisicing ex","Lorem irure esse ut sit"}', DEFAULT, DEFAULT), ('d625f518-4ec3-51e2-95c0-6cf965668d68', 'f8fbdff1-11b4-54fa-ab90-292d82d3d353', 8, 'public', 'Wave Management Plan', '{}', DEFAULT, DEFAULT), ('66b76653-1cc5-50ef-a109-c059c945f253', '8a0a556f-d942-55f0-8ba8-1ffbfaf3c6d9', 9, 'private', 'Team Fight Execution Plan', '{"adipisicing commodo nulla","qui ullamco","qui magna pariatur","pariatur do non"}', DEFAULT, DEFAULT), ('a6dbcc80-e965-5682-9448-6a65a83787b3', 'b32027db-33da-5dc2-b906-e0c2a06ac683', 1, 'public', 'Roaming Support Plan', '{"ipsum amet velit","do minim amet","officia ut et","nulla non ea laboris id","ex ipsum et elit","est et voluptate","eu"}', DEFAULT, DEFAULT), ('c4d9fc37-aa2c-5cf4-8cef-779723958882', '6fc34c52-742f-56c2-b6c3-89dee63a8839', 9, 'unlisted', 'Vision Control Blueprint', '{"tempor reprehenderit labore","eu nostrud mollit adipisicing","consectetur irure exercitation","laboris qui","deserunt ad non magna"}', DEFAULT, DEFAULT), ('cbdcc83c-77a1-5d75-ace8-183321930672', '91fa3874-9437-5dfa-a49a-f19fb38d9e92', 3, 'private', 'Map Control Blueprint', '{"eiusmod non fugiat nisi duis","excepteur aliqua","aliqua labore adipisicing fugiat","labore exercitation cupidatat","adipisicing anim minim dolor","ipsum duis"}', DEFAULT, DEFAULT), ('46b593cf-05b9-5316-ba74-ef4cf062dcc9', '6a3486ce-c3fa-519b-8ad1-f329a5c3ee43', 5, 'unlisted', 'Vision Control Blueprint', '{"eiusmod amet non","dolore proident occaecat","nisi Lorem irure culpa","excepteur","Lorem minim commodo","pariatur et","non","cupidatat"}', DEFAULT, DEFAULT), ('1770dbe6-c529-520b-a36c-454b023ccb2c', 'f6a7cc82-a609-50ee-a839-9fa8b1a9631d', 6, 'public', 'Roaming Support Plan', '{"aliqua duis","nisi ad adipisicing","aliquip incididunt velit volupta","qui in amet non","ex deserunt nulla id","nulla irure consectetur aliqua","magna in","laboris exercitation adipisicing","ullamco","quis fugiat magna"}', DEFAULT, DEFAULT), ('65973815-006c-531b-b69f-bd5d086f7786', '6451b879-16d7-5644-b6b9-87dd18b3facf', 8, 'unlisted', 'Wave Management Plan', '{"proident magna","sit occaecat","elit quis dolore occaecat"}', DEFAULT, DEFAULT), ('0cd413aa-1a82-5832-9edb-17fd5c059a41', '897e7fb9-bd9c-59e3-afc7-d1c31ec7ef34', 10, 'private', 'Vision Denial Blueprint', '{"labore est ullamco sit do"}', DEFAULT, DEFAULT), ('5153bc7b-cd04-5c5e-83e9-7b7a5a1390e6', 'fc88007a-9d2a-5db9-87f7-7afc6a40da73', 4, 'public', 'Roaming Support Plan', '{"ipsum proident veniam minim","consequat occaecat nostrud non","proident exercitation adipisicin","incididunt laboris","nisi ea cillum","adipisicing ut consequat","mollit"}', DEFAULT, DEFAULT), ('bd276dfa-2ddb-52c7-9feb-6d2cc281335e', 'da67a96b-9942-5dc8-b342-59c6ccb73527', 2, 'private', 'Map Control Blueprint', '{"ea officia"}', DEFAULT, DEFAULT), ('12cafb5f-6adc-5f24-a738-9455dde3eb2a', '2ca679b7-4687-5422-ac57-c89cfa36e3c8', 2, 'public', 'Wave Management Plan', '{"magna consequat","aliquip nostrud","in esse","pariatur laboris","amet tempor eiusmod"}', DEFAULT, DEFAULT), ('e017f166-fa51-5fb5-af86-6fc41cad9674', '3ff60d7a-a4ad-54c5-a422-53b52cd53093', 2, 'private', 'Secure Objective Playbook', '{"nisi","sit laborum non excepteur","enim deserunt mollit ex","laborum","cillum aute proident"}', DEFAULT, DEFAULT), ('544f27bb-a8e9-5b6b-8ec7-f1cfe91406e2', '5dd9c208-a224-5712-b987-eab6b9a89e23', 5, 'public', 'Wave Management Plan', '{"nisi laboris deserunt quis tempo","ipsum incididunt officia est","minim ut aute mollit","pariatur ipsum commodo in","reprehenderit Lorem duis officia","est nostrud","ut","elit duis","labore qui in cillum"}', DEFAULT, DEFAULT), ('a704d0a7-ee9e-5aa5-bba9-aff3556d41a2', 'dc376aff-9563-59fe-ac16-2760fcfb9752', 5, 'private', 'Wave Management Plan', '{"eiusmod consequat anim","exercitation nulla qui adipisici","dolore voluptate","anim laboris dolor id"}', DEFAULT, DEFAULT), ('a758f3b0-169f-56a9-80db-acb9f3972464', '5783cab4-e010-523b-b893-81b388f43d06', 2, 'public', 'Defensive Turtle Tactics', '{"laboris","sunt cillum eu id","dolore enim","aliqua ullamco aute reprehenderi"}', DEFAULT, DEFAULT), ('1ebb07c2-9cc9-56df-b9e3-71837bafdca1', '290e51c6-7ff6-5db4-8f40-69dda051b66c', 5, 'unlisted', 'Early Game Dominance Guide', '{"Lorem nostrud","velit officia","tempor elit in","ex","officia occaecat veniam elit","aliquip duis"}', DEFAULT, DEFAULT), ('217c4ba5-3ca5-503f-8fcd-2cf91341f163', 'fc88007a-9d2a-5db9-87f7-7afc6a40da73', 9, 'public', 'Vision Control Blueprint', '{"incididunt ex officia incididunt","eu proident et","ex ad tempor adipisicing reprehe","ut irure amet","consequat voluptate aliquip dolo","occaecat ullamco dolore","do laborum"}', DEFAULT, DEFAULT), ('63c64b00-d130-5928-b403-258ebdb17248', 'e334db45-3389-5a47-b7c9-4ff8121637b5', 9, 'private', 'Early Game Dominance Guide', '{"laborum deserunt aliquip sit","excepteur est sint velit","officia dolor deserunt eiusmod a","anim adipisicing esse fugiat","ullamco velit nisi labore"}', DEFAULT, DEFAULT), ('0deb1a0e-8f26-576f-af23-e26ef824ea0b', 'c379a417-3b5c-5e05-a7ca-c545e0d33c70', 10, 'unlisted', 'Split Push Blueprint', '{"cillum minim","cupidatat anim eu exercitation","ullamco nisi sit","qui qui eiusmod aliqua","consectetur","ut minim excepteur cupidatat","elit amet","exercitation labore excepteur","laboris incididunt"}', DEFAULT, DEFAULT), ('924718ca-0525-5af0-b71a-2560f2cc09a0', '1716ac71-f35f-52a7-acdc-316247462f37', 8, 'public', 'Map Control Blueprint', '{"qui aliqua est"}', DEFAULT, DEFAULT), ('877842c0-f0dc-575b-a7ad-30915aaaeebe', '6de5d1f5-e767-54ae-ad7a-c52af47251f6', 2, 'private', 'Secure Objective Playbook', '{"sint sit aliquip id","aliquip magna","elit","cillum aute","amet ut minim cillum elit","consectetur aliqua adipisicing e","ipsum"}', DEFAULT, DEFAULT), ('ebce0b2a-b558-5f18-bddc-2af385fe3118', 'ba4d6fef-111f-5ce5-883e-2b3880f373bf', 5, 'unlisted', 'Baron Control Strategy', '{"culpa","officia dolor eu aliquip consequ","commodo do aliqua irure dolore","sunt sint velit enim","magna ut ullamco incididunt aute"}', DEFAULT, DEFAULT), ('67f00577-22b1-541a-b8eb-43f4241ec322', '8d3f145b-67b0-504d-b49a-d59ecea5d2d8', 2, 'private', 'Objective Focused Strategy', '{}', DEFAULT, DEFAULT), ('5c1d9b7d-9f54-545c-ae19-f60dd5ff1d25', '75b1f4f3-d352-56de-83dd-e679684b060c', 3, 'unlisted', 'Aggressive Rush Strategy', '{"nisi","deserunt id","ad sunt","ullamco incididunt consequat vel","nostrud elit","do irure nulla in","non","do"}', DEFAULT, DEFAULT), ('339c2395-3fcf-5f3b-90ec-90611b01fa37', '3d4df0ce-5a7f-53e4-b486-95faf0a09720', 5, 'public', 'Early Game Dominance Guide', '{"aliquip ex","amet duis ullamco ullamco","laborum in"}', DEFAULT, DEFAULT), ('3e26da35-99ab-5fee-95a6-ca3120af490b', '6de5d1f5-e767-54ae-ad7a-c52af47251f6', 9, 'unlisted', 'Vision Control Blueprint', '{"eiusmod dolor velit magna","magna labore excepteur voluptate","dolor qui","id amet cupidatat magna","ad laboris culpa","pariatur","tempor","occaecat exercitation labore inc"}', DEFAULT, DEFAULT), ('540a4921-798c-58f1-8dda-fbb9b912bb43', 'c801d235-e02a-5267-8201-eecb86948b65', 10, 'unlisted', 'Vision Denial Blueprint', '{"esse in commodo proident","ad ipsum"}', DEFAULT, DEFAULT), ('81b847bf-bc05-538e-bdc5-721f48634b78', 'd2f08d89-447f-5d3d-96e5-385ed888c091', 2, 'unlisted', 'Gank Heavy Approach', '{"labore aliquip labore","nisi"}', DEFAULT, DEFAULT), ('2c9d2493-4412-5eae-aa39-69858c4bfd99', '1e0af0c0-30ba-5a06-9647-a83cef3d815d', 8, 'private', 'Gank Heavy Approach', '{"consequat"}', DEFAULT, DEFAULT), ('51ef9256-0eab-579a-868b-52c27ddf10e9', '59d8bfe4-2c84-5707-a356-dbe1eb5eec54', 4, 'unlisted', 'Early Game Dominance Guide', '{"tempor nulla sit","ex est","enim voluptate esse","laborum non cillum cupidatat ea","mollit aute","elit eiusmod sit","tempor","consectetur sint cillum","cupidatat sit dolore"}', DEFAULT, DEFAULT), ('d6ceb82b-4af2-5d8a-96c1-8d6a9db93a31', '9a52e2af-cb63-5ab2-95a7-ae32f01d6a1c', 2, 'public', 'Aggressive Rush Strategy', '{"consequat mollit","exercitation veniam deserunt adi","officia esse quis quis dolore","sunt","anim","ipsum aliqua mollit eu","qui"}', DEFAULT, DEFAULT), ('01ae0a36-6172-5c0a-baff-6c1805e0976a', '203ac13e-e5b1-548e-a7da-5d8cff932053', 9, 'public', 'Wave Management Plan', '{"enim fugiat duis est","duis","proident","consectetur aliqua enim labore e","minim cupidatat tempor","fugiat reprehenderit velit","pariatur fugiat esse mollit"}', DEFAULT, DEFAULT), ('df70af8b-9578-5bd7-9fd6-02ad92eaedca', 'df686e46-eb10-5a3f-abfb-03f34e72d244', 9, 'unlisted', 'Gank Heavy Approach', '{"aute sunt ad"}', DEFAULT, DEFAULT), ('82fca927-01aa-5c29-8d7a-7a868f9ba6ea', '9a52e2af-cb63-5ab2-95a7-ae32f01d6a1c', 5, 'public', 'Rotation Strategy Document', '{"consequat occaecat tempor","eu labore ex","amet qui do irure fugiat","duis ipsum consectetur","culpa quis laboris","ex dolor","eu duis nulla","aute eu eu"}', DEFAULT, DEFAULT), ('4e5550d4-d39a-56c3-8f19-971fdeeb787e', '59558fa1-9cc0-5e85-a331-879d76e07f05', 4, 'unlisted', 'Vision Denial Blueprint', '{"aliquip nisi cupidatat","officia","duis id","fugiat cillum quis","ullamco anim consequat elit","aute eiusmod laborum","commodo consequat minim"}', DEFAULT, DEFAULT), ('83ec5ac5-8c23-5e38-8151-36af62098fff', '5531f3c9-2ccc-59e8-86e8-da1800808ec2', 1, 'private', 'Siege Tactics Handbook', '{"eu veniam ex ex velit","sit occaecat labore nostrud","aliquip consequat"}', DEFAULT, DEFAULT), ('d1996167-52fb-5e4a-b849-75efada773e6', 'af85f96c-efbd-584c-bdd4-26c4e2f3e556', 3, 'unlisted', 'Defensive Turtle Tactics', '{"in in elit ipsum","velit culpa voluptate","consectetur ad eu nostrud","duis deserunt sunt"}', DEFAULT, DEFAULT), ('1818e464-6a87-5266-8677-c069741c3ab2', '9f26eece-7e59-5b46-a98b-848dc55a0cda', 7, 'unlisted', 'Vision Control Blueprint', '{"laborum reprehenderit","deserunt culpa","amet anim in amet","commodo aute sunt veniam","ipsum non mollit ex","ut id Lorem anim","qui eiusmod minim","proident amet anim commodo sunt","qui laboris"}', DEFAULT, DEFAULT), ('13ebb239-29e1-53ff-93b0-d55e3db05a11', '887dee3f-7921-537c-91f1-8b0d43117b12', 1, 'unlisted', 'Baron Control Strategy', '{"laboris pariatur","incididunt labore"}', DEFAULT, DEFAULT), ('a0a63713-f2dd-56aa-98a3-f6a26bcae5b9', '3a804324-748d-571a-afad-6b9c20a35337', 10, 'unlisted', 'Jungle Control Playbook', '{"id pariatur eu","veniam do","irure culpa ut do","ut veniam sunt","deserunt"}', DEFAULT, DEFAULT), ('4029bbad-86a6-5e60-a150-da0664c62b92', 'd0b9d9c2-bfa2-53be-a46d-d6aceafcbc2d', 2, 'private', 'Team Fight Execution Plan', '{"excepteur sit quis","consequat duis officia","minim"}', DEFAULT, DEFAULT), ('6636a6a8-3a2d-5862-bb24-3e77bffdb640', '5d378209-1fd5-506f-8b3f-511a16489d69', 8, 'private', 'Wave Management Plan', '{"irure esse fugiat elit","exercitation commodo in","quis fugiat aliquip ipsum","eiusmod enim commodo","aute laborum nisi"}', DEFAULT, DEFAULT), ('4ba85443-f89e-5d68-8d4a-da572969b0dd', '2f76c526-de17-58f1-a75e-aee239f7ed57', 9, 'public', 'Split Push Blueprint', '{"aliquip irure aliquip ipsum et","elit pariatur nisi","magna laboris eiusmod dolore","dolore laborum consectetur ea","minim irure excepteur","duis excepteur dolor aliquip"}', DEFAULT, DEFAULT), ('55fbf0ae-1fd2-57d5-9884-2ceca8eef8f3', 'ee88c41d-7461-5ecc-a96b-908770bc5575', 3, 'unlisted', 'Team Fight Execution Plan', '{"sint mollit"}', DEFAULT, DEFAULT), ('c91a5204-a47c-5f58-8042-f917f2facb4b', 'e334db45-3389-5a47-b7c9-4ff8121637b5', 9, 'public', 'Late Game Scaling Strategy', '{"nulla","sint sint do","velit id","laboris","irure fugiat ex incididunt et","dolor laborum do excepteur","deserunt"}', DEFAULT, DEFAULT), ('fdca53a8-e101-5585-90b8-82f7d3c1fc24', 'd2268e40-fa6d-5300-9f01-b7cc8f9018e3', 9, 'public', 'Jungle Control Playbook', '{"amet amet sint ad"}', DEFAULT, DEFAULT), ('a76c18ad-af72-57b7-b165-f7757943d51e', 'c34db444-6019-5242-8b27-a0e6d1f129be', 9, 'unlisted', 'Jungle Control Playbook', '{"consectetur amet commodo velit i","sit Lorem sit cillum","laboris","voluptate laboris pariatur elit","aute amet proident","nisi aute aliqua","pariatur sint irure","fugiat duis"}', DEFAULT, DEFAULT), ('bf7ffe87-c4e2-5aa1-86f7-2fdfa8315ff6', '2da4149c-bf3e-5f98-b904-591c69530871', 4, 'unlisted', 'Gank Heavy Approach', '{"magna quis sit","do nulla","cillum nulla cupidatat","nisi ad minim esse esse","culpa et duis","minim veniam sint"}', DEFAULT, DEFAULT), ('764f06ba-b246-5c62-8e43-89fe991c749d', '28a1ca86-fc34-5d5b-bda6-792b581f58de', 5, 'public', 'Secure Objective Playbook', '{"eiusmod sint","aliqua","ex eu dolor"}', DEFAULT, DEFAULT), ('229d48f9-9e17-5f91-bd2c-3f3cdbae28c1', '02a341a2-35a0-5fbc-a1f4-aa8b42aa4b51', 8, 'public', 'Counter Pick Blueprint', '{"voluptate dolor mollit","commodo cillum qui","ut anim nulla","incididunt","cupidatat irure","nulla aliqua","occaecat irure eiusmod non","est dolore velit qui"}', DEFAULT, DEFAULT), ('505fdba9-c563-5897-bd99-f3fd7e6efb10', '5dd9c208-a224-5712-b987-eab6b9a89e23', 3, 'private', 'Map Control Blueprint', '{"elit occaecat sit","sit qui velit minim","sit sit culpa et","tempor veniam ex","consequat cillum","sunt culpa pariatur non","proident officia irure","tempor eu nulla deserunt"}', DEFAULT, DEFAULT), ('ad47e58b-6404-5eb4-b01c-1ab02b3af226', 'cf1d2e5e-3a18-5518-8e4c-387978992b8a', 9, 'private', 'Gank Heavy Approach', '{"deserunt sit velit","voluptate est duis veniam","fugiat culpa laborum","cillum incididunt sint"}', DEFAULT, DEFAULT), ('4ae4f149-a1da-5a76-913f-5ea02c87f4e0', '305fa448-c3bf-59c7-a989-19ae69ce0725', 3, 'unlisted', 'Counter Pick Blueprint', '{"fugiat amet amet","sint sunt ullamco duis qui","esse do proident voluptate velit","tempor enim","pariatur mollit ex ex et","dolore occaecat nulla","aliqua occaecat amet adipisicing"}', DEFAULT, DEFAULT), ('a85217e5-f8d6-5dd0-996b-8464fa1021ff', '9f26eece-7e59-5b46-a98b-848dc55a0cda', 9, 'public', 'Counter Pick Blueprint', '{"cillum amet","eu elit"}', DEFAULT, DEFAULT), ('b21411a7-0afc-5cf3-81fc-471ab95f5d8d', 'f457d7a7-01f9-5225-b07a-0e782525bbc7', 8, 'unlisted', 'Vision Denial Blueprint', '{}', DEFAULT, DEFAULT), ('d37fd98f-746a-582e-a0fc-de28d96e48c5', '59558fa1-9cc0-5e85-a331-879d76e07f05', 1, 'public', 'Siege Tactics Handbook', '{"sunt non elit","duis nisi","occaecat","ad laborum ea magna","officia elit","dolore exercitation","anim sint tempor"}', DEFAULT, DEFAULT), ('2dc53ff7-923f-50df-a732-82b60afbba2f', '98bf31df-37fd-5af6-86dd-8686cdc35eeb', 8, 'unlisted', 'Roaming Support Plan', '{"laborum enim","cupidatat","aute fugiat"}', DEFAULT, DEFAULT), ('f9690101-a16f-5108-b391-78c9dba8aeee', '5531f3c9-2ccc-59e8-86e8-da1800808ec2', 6, 'unlisted', 'Late Game Scaling Strategy', '{"tempor","non dolore excepteur"}', DEFAULT, DEFAULT), ('7441a375-e1c1-5111-b299-b73d6da10ca2', '4c13eae9-db84-5ef3-81db-cf60400b290d', 2, 'unlisted', 'Vision Denial Blueprint', '{"laborum irure ad"}', DEFAULT, DEFAULT), ('ca1d2bcf-5a98-5759-81b6-75e3ed47122a', '549980e7-3e77-5d76-b263-84664d04b209', 2, 'private', 'Objective Focused Strategy', '{"pariatur enim","Lorem nulla mollit ullamco","magna tempor sit","esse ex dolor ullamco","laborum","consectetur dolore culpa","qui qui qui labore pariatur","non occaecat cupidatat","occaecat","magna tempor"}', DEFAULT, DEFAULT), ('77b1dab4-a856-5c18-bb24-053f8869bc5b', '39da01f0-2195-5fc3-a74a-d12c26c902a3', 4, 'private', 'Rotation Strategy Document', '{"laborum dolor irure commodo do","ad amet ullamco"}', DEFAULT, DEFAULT), ('08b3c695-d6fb-54e4-9ef2-bf508a57adc1', 'b4725825-2a5a-5e18-a190-e59f4cb9f1b5', 6, 'public', 'Aggressive Rush Strategy', '{"adipisicing laboris","anim aliquip adipisicing in duis","ad dolore anim culpa sint","officia officia","enim qui ullamco pariatur","excepteur duis velit","aliqua exercitation incididunt s","ipsum cillum"}', DEFAULT, DEFAULT), ('7dc16d02-274a-5e7f-bc31-6af29982313f', '02a341a2-35a0-5fbc-a1f4-aa8b42aa4b51', 7, 'private', 'Late Game Scaling Strategy', '{"laboris ipsum","consectetur occaecat aute ut nul","commodo et occaecat ad","do mollit ea ad"}', DEFAULT, DEFAULT), ('acad405c-f8e9-559b-bd11-e0ffc3bebca6', 'db9f2a26-569b-5431-9216-bcd2cf256bbd', 1, 'unlisted', 'Siege Tactics Handbook', '{"cupidatat","quis nulla","amet ad aliquip enim","commodo","veniam tempor non","Lorem"}', DEFAULT, DEFAULT), ('16d95573-87cd-5d45-be45-e8a020ba40ac', '3c0af99e-82a0-5346-8da5-2d2825b8a66d', 1, 'private', 'Counter Pick Blueprint', '{"irure adipisicing aute","ex exercitation qui dolor","enim consequat occaecat anim","eu exercitation ullamco occaecat","tempor mollit pariatur","ad velit voluptate","ut nulla irure adipisicing","duis magna id","ex pariatur irure qui","pariatur"}', DEFAULT, DEFAULT), ('5a993b43-eca0-563f-b6c9-fdd440759e85', 'df90352f-468b-5345-9b3e-522b747ccf55', 5, 'unlisted', 'Team Fight Execution Plan', '{"consectetur","cillum aute","ad irure dolore quis incididunt"}', DEFAULT, DEFAULT), ('f7bfc2c8-d52a-5806-97fd-77bd67d93b23', '63e38d08-3dd9-5569-ab28-f70e94b3cdb7', 3, 'unlisted', 'Counter Pick Blueprint', '{"deserunt nostrud est magna","eiusmod nostrud consectetur","veniam laborum nulla","Lorem","reprehenderit esse et","eu"}', DEFAULT, DEFAULT), ('748d5a8c-f2bf-5974-9c72-24f98b85813b', 'ccd28d41-9086-5b64-b351-585431787bb7', 2, 'private', 'Defensive Turtle Tactics', '{"occaecat tempor labore","occaecat eu tempor anim","magna deserunt dolore eiusmod","anim ad ea","ad in minim et Lorem","pariatur ea","ullamco esse"}', DEFAULT, DEFAULT), ('808d9117-ba04-5cb0-8827-639e2642b0ee', 'c72c7230-479d-51cc-940d-5fec1bea4502', 8, 'public', 'Team Fight Execution Plan', '{"nostrud commodo ad","laboris sunt ea deserunt","sint velit esse sit excepteur","eiusmod eiusmod tempor","consectetur nisi","Lorem ipsum proident qui","commodo incididunt","consequat eiusmod aliquip"}', DEFAULT, DEFAULT), ('e0185351-5b08-58b2-bd3e-c09965750112', '28a1ca86-fc34-5d5b-bda6-792b581f58de', 9, 'public', 'Roaming Support Plan', '{}', DEFAULT, DEFAULT), ('993f7ab3-9b54-5771-a99e-0c6d75a1f37d', 'd297ab9e-40d4-51b5-bb8f-a1df399f1a9a', 4, 'unlisted', 'Late Game Scaling Strategy', '{"veniam non dolor","reprehenderit","ut duis adipisicing cillum","non deserunt enim officia"}', DEFAULT, DEFAULT), ('bdb5114a-76d3-5fe4-944c-043e7ebd99da', '02a341a2-35a0-5fbc-a1f4-aa8b42aa4b51', 8, 'public', 'Baron Control Strategy', '{"nisi esse","proident","incididunt quis duis proident","amet ea quis consectetur labore","dolor ut ex exercitation","excepteur tempor nostrud","anim","adipisicing culpa exercitation n","consequat officia"}', DEFAULT, DEFAULT), ('aa4964a1-4611-5528-9df9-ef170866214f', '2f76c526-de17-58f1-a75e-aee239f7ed57', 3, 'unlisted', 'Baron Control Strategy', '{"consequat eiusmod irure voluptat","duis reprehenderit","eiusmod enim quis"}', DEFAULT, DEFAULT), ('ec14513a-7d3c-5172-b68b-d531791ec9de', '7d0c4d54-58ae-5ddf-b108-590171e8655a', 7, 'private', 'Aggressive Rush Strategy', '{"elit laborum","dolore excepteur","ipsum ullamco est","labore in","minim nisi anim","qui duis irure laborum cillum"}', DEFAULT, DEFAULT), ('a0f81f50-aa3d-5780-b485-a54fb7b7833a', '061a9df6-5f3b-55cf-9879-eec1a4061457', 10, 'private', 'Team Fight Execution Plan', '{"pariatur ipsum pariatur id","proident deserunt fugiat","esse non in velit","dolor","laboris amet occaecat","magna deserunt sit","esse cupidatat consectetur conse"}', DEFAULT, DEFAULT), ('aabd5608-e04b-5bd8-8d75-d004a1b17409', 'bdc52205-2f90-54a1-a699-3ba523b0d56a', 10, 'unlisted', 'Objective Focused Strategy', '{"adipisicing id officia aute","ullamco do","magna ad mollit deserunt officia"}', DEFAULT, DEFAULT), ('7bcc2b79-de31-5963-9cfd-559af77da3be', '2067e70c-565d-520b-b56b-19189e5b77f5', 8, 'unlisted', 'Wave Management Plan', '{"Lorem aliquip tempor eiusmod vel","adipisicing","magna elit cillum ex","veniam laborum","esse","culpa sunt laborum aute","consectetur ad ad sint"}', DEFAULT, DEFAULT), ('b4293a01-a1be-5e58-a088-abc550c9f820', '853509f0-6836-5fa7-87f2-fb0a9a8766d2', 4, 'private', 'Early Game Dominance Guide', '{"ipsum duis enim consectetur","eiusmod ullamco"}', DEFAULT, DEFAULT), ('a97e2960-b385-5f99-88c2-9e562f32234e', 'b576de0c-954e-5345-a9e7-0d691c52341a', 7, 'public', 'Team Fight Execution Plan', '{"labore veniam","do ad dolor ut","est pariatur ex","et esse ipsum velit"}', DEFAULT, DEFAULT), ('db39a462-f36a-54ba-b38e-2fcf35273cba', 'b32027db-33da-5dc2-b906-e0c2a06ac683', 3, 'private', 'Counter Pick Blueprint', '{"mollit consequat qui voluptate e","pariatur eu elit","magna laboris velit","sit veniam elit"}', DEFAULT, DEFAULT), ('35dc016a-9edc-565d-923e-9bee9a60bd24', 'a9072b83-7976-58e9-a9c4-45664532f42e', 4, 'public', 'Siege Tactics Handbook', '{"voluptate sit","non"}', DEFAULT, DEFAULT), ('61e4dc6c-b183-5c81-91cb-8dc622fd6913', '89f211a9-c1e7-5fa6-9108-784d98291012', 2, 'unlisted', 'Siege Tactics Handbook', '{"Lorem sunt ut","enim magna laborum et officia","excepteur laborum nisi dolor"}', DEFAULT, DEFAULT), ('b5df5eae-45e8-5f54-a8f9-351afabf5f65', '380f1bbd-f6c8-5306-af3f-7d7fa746bde0', 9, 'unlisted', 'Rotation Strategy Document', '{"occaecat excepteur ex","et culpa in","consectetur nostrud sint","officia nulla cupidatat nostrud","sunt officia ullamco","aliquip aliquip sint"}', DEFAULT, DEFAULT), ('18aa22db-700e-5a8a-892c-5bf7b7da1bbf', 'c34db444-6019-5242-8b27-a0e6d1f129be', 2, 'public', 'Aggressive Rush Strategy', '{"laborum voluptate","reprehenderit pariatur","cillum in culpa","officia sint sint incididunt","dolore do culpa consectetur"}', DEFAULT, DEFAULT), ('7c9a7a2f-bf97-5fb7-9ff3-bb3e363fce60', 'f457d7a7-01f9-5225-b07a-0e782525bbc7', 2, 'unlisted', 'Gank Heavy Approach', '{"ut laborum","dolore","pariatur Lorem reprehenderit","dolor sit elit ullamco","dolore mollit velit","in anim qui ad","cillum et","ad ea"}', DEFAULT, DEFAULT), ('93216013-7bd8-59b1-a3f0-b1087d4d7f00', 'b5605791-3389-56c2-9ec6-17d538b9bb85', 7, 'public', 'Secure Objective Playbook', '{"exercitation do","cupidatat duis culpa non","eiusmod id sunt","dolor eiusmod magna ullamco offi","anim elit","sit culpa reprehenderit voluptat","pariatur ipsum pariatur incididu"}', DEFAULT, DEFAULT), ('3e057cf2-df3a-50e5-82fa-e2dcf87ebd5a', 'cd7c291a-6d6e-5632-91e5-b7fd7a634d7d', 3, 'public', 'Secure Objective Playbook', '{"sint voluptate magna id aliquip","id qui ut aliquip commodo","consectetur laboris","tempor quis amet velit"}', DEFAULT, DEFAULT), ('e3f5f266-44d3-5096-b897-56678a5f974b', 'c379a417-3b5c-5e05-a7ca-c545e0d33c70', 10, 'private', 'Vision Denial Blueprint', '{"id voluptate duis","anim veniam","do consequat aute","nulla"}', DEFAULT, DEFAULT), ('ffbcf0c1-44bb-549f-ba50-18e1e874a611', '29b47b7e-4cec-5d5a-b93d-172770b57ed6', 3, 'private', 'Counter Pick Blueprint', '{}', DEFAULT, DEFAULT), ('c4f414cf-451e-5497-88db-62020e3a0dc5', 'b7a89d05-549f-565f-b631-b59097e91d1a', 2, 'private', 'Baron Control Strategy', '{"ex elit adipisicing","et eu","cillum sunt","Lorem elit eu magna","cupidatat velit quis id","culpa excepteur ipsum","minim","anim duis magna"}', DEFAULT, DEFAULT), ('a109823a-0d02-5064-b8ef-3186d6d08cb0', 'c72c7230-479d-51cc-940d-5fec1bea4502', 1, 'private', 'Aggressive Rush Strategy', '{}', DEFAULT, DEFAULT), ('3e4b1eac-b214-5aaa-a7f0-29af8a5b2ce9', 'd19db439-c7e7-53a7-aa19-0db346180dc1', 1, 'public', 'Rotation Strategy Document', '{"duis elit deserunt","veniam elit Lorem","laboris fugiat dolor mollit","veniam commodo sit eiusmod","sit proident","culpa in consectetur nulla anim","occaecat"}', DEFAULT, DEFAULT), ('72819b1c-0a2a-5e86-b5bc-5741c2854f96', '203ac13e-e5b1-548e-a7da-5d8cff932053', 2, 'private', 'Split Push Blueprint', '{"Lorem","velit nostrud quis sunt","mollit do elit"}', DEFAULT, DEFAULT), ('b5d7b26a-56f4-59fc-853e-1a1306ab6e95', 'cf1d2e5e-3a18-5518-8e4c-387978992b8a', 3, 'public', 'Objective Focused Strategy', '{}', DEFAULT, DEFAULT), ('29365629-31e8-5e53-b1ae-ffdad1c2009e', 'bbcbd7eb-4377-550e-af45-f77d693d98fe', 4, 'unlisted', 'Jungle Control Playbook', '{"ea excepteur Lorem dolor","voluptate laborum exercitation u","proident adipisicing ea aliqua","irure ipsum","pariatur duis eiusmod pariatur"}', DEFAULT, DEFAULT), ('ef9b1028-31e2-59d9-a64e-2a4d1686e96e', '43bcab14-4a69-5e60-a07f-cda2fe595a2a', 10, 'unlisted', 'Objective Focused Strategy', '{}', DEFAULT, DEFAULT), ('51f9c2fa-a6a8-5d1e-9ef8-efb89c34ee1c', 'a9752d0c-ade4-58c6-b746-1b9df56a3d08', 9, 'private', 'Split Push Blueprint', '{"est reprehenderit","sunt do velit reprehenderit","sint cupidatat","qui minim ea","aute minim elit","eu","commodo velit","fugiat eiusmod est","nisi enim est"}', DEFAULT, DEFAULT), ('930338c0-ea8e-56fc-b2df-a68255a6182c', 'eff6dde6-e4aa-5c61-9818-5d7ae0bf58b7', 7, 'private', 'Aggressive Rush Strategy', '{"dolor nostrud Lorem consectetur ","pariatur do aliqua","culpa minim duis","quis culpa anim eiusmod","reprehenderit culpa minim duis e","occaecat est","anim consectetur sunt","dolor enim officia","cillum est ea","voluptate commodo nisi Lorem"}', DEFAULT, DEFAULT), ('14f0b4c0-9d33-5d68-85ae-cc3d31b6b19e', 'fb634118-b8a6-50b7-9010-0317dd27fba6', 6, 'public', 'Jungle Control Playbook', '{"ipsum non in ad","deserunt duis ex","labore id duis ex","magna irure quis Lorem","consequat excepteur consequat","irure ex nulla nostrud","occaecat proident aliquip","cillum ex qui fugiat","officia occaecat"}', DEFAULT, DEFAULT), ('7c51f66f-cf81-571f-a65c-f571f1f39cc9', 'bbc51950-a428-5ed7-b604-6444a902714b', 10, 'private', 'Roaming Support Plan', '{"sunt do consectetur elit","qui anim veniam pariatur ad"}', DEFAULT, DEFAULT), ('764b9b2a-d477-5bff-a789-cba064ac71f8', 'f8c28949-a64a-5955-ab9b-9c82a976b917', 4, 'public', 'Vision Control Blueprint', '{"ex","sunt nisi esse","non","cillum anim","qui do deserunt proident nisi","nisi nisi aliqua pariatur volupt","ex veniam","voluptate quis","sunt aliquip enim","amet velit pariatur"}', DEFAULT, DEFAULT), ('1125d49b-2ad6-5500-bd14-7e0649f5dd73', 'ba4d6fef-111f-5ce5-883e-2b3880f373bf', 2, 'unlisted', 'Team Fight Execution Plan', '{"mollit","laborum duis elit","eu commodo","tempor sit","veniam in esse","magna elit consectetur","adipisicing velit in"}', DEFAULT, DEFAULT), ('de1d5557-45c4-5747-8c2d-f8c09704db25', '2dbccffd-e7a5-5653-9dc6-18e988716abe', 3, 'private', 'Baron Control Strategy', '{"anim veniam","amet reprehenderit laborum proid","consequat nulla in veniam veniam","proident aliquip","consequat dolore voluptate","laboris sint irure id mollit","laborum quis ullamco sit","incididunt","excepteur consectetur","reprehenderit sit"}', DEFAULT, DEFAULT), ('dc2759a8-51ca-575d-9678-0ac64e900648', '59d8bfe4-2c84-5707-a356-dbe1eb5eec54', 10, 'private', 'Late Game Scaling Strategy', '{"fugiat","veniam occaecat velit","labore laboris veniam","sit anim do nisi","non ex elit","irure cupidatat qui","ut magna occaecat","et eiusmod est aliqua","dolore excepteur","laboris"}', DEFAULT, DEFAULT), ('8c0ef303-3ae4-5fe5-b0be-ef1788ae8707', 'f3376d8d-17f3-5259-a5b0-af6d5e21e7e2', 2, 'public', 'Vision Control Blueprint', '{"excepteur sunt eu sunt","cupidatat sint dolor pariatur pr","ea labore adipisicing"}', DEFAULT, DEFAULT), ('ddd094e1-b8f4-560e-b960-af5227a9b337', '811570ef-0b81-508d-ba05-2f5e812d4131', 4, 'unlisted', 'Map Control Blueprint', '{"aute nostrud id aliquip","ullamco id ea occaecat amet","do consequat duis culpa Lorem","aute velit","occaecat dolor Lorem esse","pariatur","labore cillum non","reprehenderit labore eiusmod iru"}', DEFAULT, DEFAULT), ('4bd93d1d-9da0-508d-a30a-5cd1fe2e858d', '897e7fb9-bd9c-59e3-afc7-d1c31ec7ef34', 2, 'public', 'Baron Control Strategy', '{"cillum"}', DEFAULT, DEFAULT), ('2d25022b-866c-584e-895d-11b8a727c08f', 'ee198d66-a798-52a5-8b79-9931f7b835e3', 8, 'public', 'Jungle Control Playbook', '{"Lorem aliquip aute","amet ullamco cillum magna labori","amet","incididunt cillum","mollit incididunt consectetur"}', DEFAULT, DEFAULT), ('8d4a5d0e-3ef8-5e54-ac1b-6a14acb1ad0e', 'e06c10f9-a674-5092-b6f9-89c60162f0bb', 9, 'private', 'Team Fight Execution Plan', '{"excepteur incididunt incididunt ","ea elit eu","eu mollit eiusmod"}', DEFAULT, DEFAULT), ('6b889196-1556-5eef-89c0-e7506a0ca45b', '00644310-2ebb-53b6-b6cd-c599924419bd', 1, 'public', 'Baron Control Strategy', '{"aliquip magna ea reprehenderit","ut","Lorem nisi","proident laboris sunt pariatur","ex laboris occaecat","exercitation reprehenderit aute","non est"}', DEFAULT, DEFAULT), ('e6b5025c-d432-567c-bc94-e80f642225ff', '8d3f145b-67b0-504d-b49a-d59ecea5d2d8', 7, 'public', 'Aggressive Rush Strategy', '{"magna ut","laboris deserunt nulla officia q","dolore esse aute consectetur","exercitation deserunt","ex nostrud","et aliquip elit","consectetur sit","laboris","qui eiusmod"}', DEFAULT, DEFAULT), ('4d0eaa15-67e7-50e5-bd92-8596a8c41516', '8fe11c61-64ee-5a54-8048-b7d0a6d485e2', 9, 'public', 'Jungle Control Playbook', '{"amet ipsum proident est","duis proident laborum","duis laboris eu est","deserunt commodo","velit magna","esse est officia","exercitation velit sint"}', DEFAULT, DEFAULT), ('c2405ac9-0838-5ce8-a85b-e6db0fbe6c10', '9bf2ad50-cccb-50eb-8269-3a7e78bd21f5', 7, 'unlisted', 'Early Game Dominance Guide', '{"ad incididunt proident qui quis","fugiat labore","sint fugiat aute ipsum cillum","culpa","consequat occaecat","cupidatat sunt non aute","esse velit laboris","irure cupidatat consectetur","ipsum in nulla"}', DEFAULT, DEFAULT), ('c8df1446-9b17-5687-8ff4-001003cfca37', 'ae956930-bebe-5aad-83f8-b8d0cae36371', 10, 'private', 'Jungle Control Playbook', '{"ipsum duis deserunt","sit nisi Lorem","ex dolor qui","in excepteur laborum","pariatur nostrud"}', DEFAULT, DEFAULT), ('f706294d-163e-5aef-a517-eae489067781', '47c1a5aa-1c4a-5781-9c8f-968a639137d7', 2, 'public', 'Counter Pick Blueprint', '{"sit","ad pariatur fugiat","dolor et excepteur","amet ea","aute est","nisi occaecat nostrud","nostrud adipisicing velit","sunt do Lorem"}', DEFAULT, DEFAULT), ('bee3d023-7908-5b1b-a6e7-320078c804bf', 'bdc52205-2f90-54a1-a699-3ba523b0d56a', 1, 'private', 'Roaming Support Plan', '{"et ea cupidatat consequat","dolore ad"}', DEFAULT, DEFAULT), ('d607d7db-ee7a-57fa-b0f1-08a24201e561', '80e684c5-9f07-5388-b150-556bc24cb77f', 6, 'unlisted', 'Objective Focused Strategy', '{"non enim do"}', DEFAULT, DEFAULT), ('6db5eb76-a4d8-59b2-8682-ac0a5dca423f', '5c279176-af23-560b-90c9-533a7e485b05', 5, 'public', 'Objective Focused Strategy', '{"quis","sunt mollit","id ad"}', DEFAULT, DEFAULT), ('f0859c52-737d-58da-9c95-b804668a9ae6', '39da01f0-2195-5fc3-a74a-d12c26c902a3', 2, 'public', 'Gank Heavy Approach', '{"consequat tempor ipsum","ipsum qui culpa","exercitation duis occaecat","exercitation","consequat dolor nisi","tempor aliqua elit","labore veniam sint","tempor in aliquip","nulla fugiat ad nisi deserunt"}', DEFAULT, DEFAULT), ('f843e0b1-5e16-5c9e-923e-e155f87b2422', 'd905224a-1767-5e97-ad1a-f223ab64cd44', 9, 'unlisted', 'Aggressive Rush Strategy', '{"do","esse in","magna laborum laborum aliqua off"}', DEFAULT, DEFAULT), ('971d3e7d-1fd1-5fd1-ba3a-0a99dda2cb04', '887dee3f-7921-537c-91f1-8b0d43117b12', 8, 'public', 'Secure Objective Playbook', '{"anim ut nisi enim","reprehenderit minim","ipsum","consectetur adipisicing in","voluptate do cupidatat","qui aliqua enim est in"}', DEFAULT, DEFAULT), ('51c6dab5-99f7-56c9-a820-7cfc76e25abf', '290e51c6-7ff6-5db4-8f40-69dda051b66c', 9, 'public', 'Early Game Dominance Guide', '{"eu aliqua officia nulla ea","Lorem","ut dolor","pariatur","ipsum non consectetur magna","eiusmod enim sit velit et","magna est laborum","in qui culpa fugiat","aute commodo enim dolor","est enim"}', DEFAULT, DEFAULT), ('88430d1c-f998-5183-ac05-d06b362a058a', '5c25ba01-ab4d-5527-9a41-d79d770f3d79', 5, 'public', 'Map Control Blueprint', '{"aute laboris","culpa","aute","ea eu","ipsum veniam mollit anim","sit mollit commodo Lorem excepte"}', DEFAULT, DEFAULT), ('fc959555-d183-544e-8cf6-52532b383f25', '70b4d1da-5ee3-5bd6-aecb-9af8ab670b84', 10, 'private', 'Jungle Control Playbook', '{"eiusmod tempor ipsum consequat q"}', DEFAULT, DEFAULT), ('94935318-fc9b-5864-874e-912b663c75f7', '8bfeb6d5-d92f-5041-aa1b-39b8365c0a59', 10, 'private', 'Defensive Turtle Tactics', '{"occaecat quis ipsum","esse sint","deserunt exercitation","dolore Lorem","enim exercitation do","sit adipisicing incididunt","culpa veniam est ad","sit","incididunt consequat dolor culpa"}', DEFAULT, DEFAULT), ('ea529f5a-add2-5f29-a44d-2a799c7ab051', '6843e0c5-7d9d-55cf-a335-436ba5672a4d', 7, 'unlisted', 'Early Game Dominance Guide', '{"culpa magna Lorem proident adipi"}', DEFAULT, DEFAULT), ('b2bd3c17-1864-5b1f-8d71-b6fe96b48ba6', '75e07351-a344-5719-bccf-45791a666af4', 4, 'public', 'Early Game Dominance Guide', '{"est excepteur do ut","proident do excepteur","laboris dolore pariatur sunt eu"}', DEFAULT, DEFAULT), ('a46777c9-6f34-5718-a195-68edd93e1d42', '89f211a9-c1e7-5fa6-9108-784d98291012', 1, 'private', 'Split Push Blueprint', '{"aliqua nulla","dolor irure eu","occaecat ad tempor deserunt ulla","pariatur dolore nulla","sint minim dolore"}', DEFAULT, DEFAULT), ('0f3df2fb-dd6e-55b9-9f86-0babb8fec748', 'd92658af-bb2e-5f93-9170-bc8d85a6ad50', 4, 'public', 'Vision Control Blueprint', '{"dolor excepteur aliqua fugiat","aliqua ullamco dolor aute","velit esse in cillum"}', DEFAULT, DEFAULT), ('95bb7f47-209b-5f16-a018-19e8f23e6e16', 'b5605791-3389-56c2-9ec6-17d538b9bb85', 5, 'public', 'Jungle Control Playbook', '{"laboris quis ut veniam","consequat sunt anim proident","ad elit cupidatat minim","elit ullamco","exercitation deserunt tempor rep","magna","eiusmod do amet","velit anim occaecat exercitation"}', DEFAULT, DEFAULT), ('78959a88-41ee-5d40-85cb-71e22f4c47aa', '0a9347d2-3396-5e6a-98f1-b406ca195226', 6, 'public', 'Jungle Control Playbook', '{"aliquip et","nostrud aliqua","ut Lorem"}', DEFAULT, DEFAULT), ('a9e614f8-c87a-596e-bdaf-6e577865453e', '59d8bfe4-2c84-5707-a356-dbe1eb5eec54', 8, 'public', 'Siege Tactics Handbook', '{"nisi enim consectetur","aliqua incididunt proident","eiusmod veniam aute ullamco","excepteur tempor id","mollit veniam in sunt","sint tempor nostrud","incididunt"}', DEFAULT, DEFAULT), ('f80096a0-59ff-58f8-a58f-cd508cb0f33e', 'f6a7cc82-a609-50ee-a839-9fa8b1a9631d', 7, 'public', 'Defensive Turtle Tactics', '{"consequat aliqua irure minim occ","sunt ut veniam","dolore ipsum sit enim eiusmod","ex","ullamco Lorem cillum","sint ex"}', DEFAULT, DEFAULT), ('a444e395-f85a-5fcf-904b-e713df3a17f6', '305fa448-c3bf-59c7-a989-19ae69ce0725', 8, 'public', 'Siege Tactics Handbook', '{"Lorem dolor laboris","consequat magna reprehenderit","cupidatat fugiat irure ut ipsum","laborum nulla aliqua nulla","non eu proident mollit irure"}', DEFAULT, DEFAULT);
INSERT INTO public.team_member_role (id,name,flags) VALUES (1, 'owner', 511), (2, 'editor', 7), (3, 'viewer', 1);
SELECT setval('"public"."team_member_role_id_seq"'::regclass, (SELECT MAX("id") FROM "public"."team_member_role"));
