INSERT INTO public.game (id,name,alias,icon,hidden,metadata,created_at) VALUES (51, 'Tempor Ex', 'NBA2K', 'https://svgshare.com/i/15iw.svg', 'f', DEFAULT, DEFAULT), (52, 'Ad', 'NBA2K', 'https://svgshare.com/i/15iw.svg', 'f', DEFAULT, DEFAULT), (53, 'Duis', 'GTA', 'https://svgshare.com/i/15iw.svg', 'f', DEFAULT, DEFAULT);
SELECT setval('"public"."game_id_seq"'::regclass, (SELECT MAX("id") FROM "public"."game"));
INSERT INTO public.team (id,name,plan_id,created_at,updated_at) VALUES ('7c2c4732-09c1-5f7b-87ca-c53e7497b4ef', 'Esse Culpa', NULL, DEFAULT, DEFAULT), ('f50563b6-8532-51ec-b121-d8c6bca3e897', 'Dolor Veniam Cupidat', NULL, DEFAULT, DEFAULT), ('f1bf295c-195b-5a42-9c6b-5bfa14b58307', 'Officia Duis Deserun', NULL, DEFAULT, DEFAULT), ('e0eebbc8-63c9-5fee-b088-b3310b672c35', 'Consectetur Deserunt', NULL, DEFAULT, DEFAULT), ('1c17c04a-19f5-5c48-8b6b-48fe02257ffb', 'Tempor Est Officia', NULL, DEFAULT, DEFAULT), ('a2996c99-b8bb-5bf6-b789-844e821ceb82', 'Exercitation Volupta', NULL, DEFAULT, DEFAULT), ('5d016028-a6a3-5268-91a3-91021dbfda0a', 'Fugiat Laboris Lorem', NULL, DEFAULT, DEFAULT), ('b279891e-05aa-528b-867b-dd6fe5fa77c8', 'Exercitation Reprehe', NULL, DEFAULT, DEFAULT), ('ff53868f-9940-575d-8fa8-923808f93a53', 'Nostrud Id', NULL, DEFAULT, DEFAULT), ('8172203a-00e7-5e0e-919b-2970e0d891df', 'Cillum Laborum Do', NULL, DEFAULT, DEFAULT), ('7b5ee10b-959f-565b-9dac-a4bab4f6c6bf', 'Fugiat Cillum Sit Mo', NULL, DEFAULT, DEFAULT), ('38400370-0369-5239-8b08-499aef0591ef', 'Veniam Nostrud Quis', NULL, DEFAULT, DEFAULT), ('77394b64-1ec1-5043-8dc3-08f9200521d4', 'Occaecat Labore Dolo', NULL, DEFAULT, DEFAULT), ('5e20f9a8-7b26-5a5f-8426-6b12c182d23c', 'Id Duis Proident', NULL, DEFAULT, DEFAULT), ('53fe0e9e-3358-5722-b994-4faad8733cd3', 'Consequat Sunt Est C', NULL, DEFAULT, DEFAULT), ('e4834379-a7a0-5f41-8193-f598072b1c83', 'Pariatur Proident Nu', NULL, DEFAULT, DEFAULT), ('a9f91eda-269f-54d0-83de-05f0c2ecbf08', 'Incididunt Sit', NULL, DEFAULT, DEFAULT), ('c0062d28-74ce-56b0-8124-852c5c4cdd1f', 'Enim Incididunt Et T', NULL, DEFAULT, DEFAULT), ('a1d779f7-e622-5cd1-b766-eb2b7925b3c0', 'Qui Labore', NULL, DEFAULT, DEFAULT), ('bd4e2ea6-e7d4-5655-93cc-d1ed71c3483c', 'Sit Minim Adipisicin', NULL, DEFAULT, DEFAULT), ('fb2f612f-57ab-526e-8b57-f5de07942107', 'Occaecat Quis Ex', NULL, DEFAULT, DEFAULT), ('38cee772-792e-54fe-ae0f-d62f75f71c11', 'Duis Id Ut', NULL, DEFAULT, DEFAULT), ('60f279f1-b04c-57b1-b6aa-b71a8811c6ab', 'Culpa Sint Non In', NULL, DEFAULT, DEFAULT), ('b5d35d7e-f19e-568e-9efe-911f779c892f', 'Consectetur Aute Ali', NULL, DEFAULT, DEFAULT), ('782f7eda-e535-5ab3-8415-643126d3b0fa', 'Deserunt Tempor', NULL, DEFAULT, DEFAULT), ('5daf6f25-3b97-5f49-8f75-4ba5d1d74cd3', 'Ipsum Ea', NULL, DEFAULT, DEFAULT), ('3788fdae-c690-5563-abac-18b51e4d210f', 'Ad Qui', NULL, DEFAULT, DEFAULT), ('177ae72e-41a6-5325-80d6-452827ea5918', 'Ut Est Nisi', NULL, DEFAULT, DEFAULT), ('c0a2f5c4-7781-5310-ad3c-e7b9f41a7ace', 'Non Occaecat Sunt', NULL, DEFAULT, DEFAULT), ('71c019c0-f4c8-51ac-bfff-4141eabf85f3', 'Velit Cupidatat', NULL, DEFAULT, DEFAULT), ('ab4eb860-b9b9-58f5-84c6-b76a08d23dfd', 'Cillum Incididunt La', NULL, DEFAULT, DEFAULT), ('dd9140ad-b92d-5673-a8c2-8b1c4e3e8697', 'Aute Dolore Quis', NULL, DEFAULT, DEFAULT), ('78de8c0c-fe2d-50bd-afca-68bed9f87cd0', 'Duis Velit Qui Labor', NULL, DEFAULT, DEFAULT), ('81e51b22-aab8-5050-a735-aa5917f8771b', 'Ullamco Lorem Consec', NULL, DEFAULT, DEFAULT), ('f6cb58dd-a0aa-5d2b-8ce5-200e44be4f36', 'Do Consequat Pariatu', NULL, DEFAULT, DEFAULT);
INSERT INTO public.plan (id,name,pricing,pricing_interval,is_default,config,created_at,updated_at) VALUES (52, 'Essential', 0, 'monthly', 't', '{"max_members":6,"max_blueprints":100,"max_books":20}', DEFAULT, DEFAULT), (53, 'Advanced', 15.803108597090716, 'monthly', 'f', '{"max_members":12,"max_blueprints":200,"max_books":40}', DEFAULT, DEFAULT), (54, 'Pro', 12.111348826482082, 'yearly', 'f', '{"max_members":18,"max_blueprints":300,"max_books":60}', DEFAULT, DEFAULT);
INSERT INTO public.book (id,name,team_id,game_id,created_at,updated_at) VALUES ('1e7e0bcb-4fc0-5d72-81a5-d67a74a13595', 'Ex Do', '7c2c4732-09c1-5f7b-87ca-c53e7497b4ef', 52, DEFAULT, DEFAULT), ('d297ab9e-40d4-51b5-bb8f-a1df399f1a9a', 'Et Ex Dolor', '7c2c4732-09c1-5f7b-87ca-c53e7497b4ef', 52, DEFAULT, DEFAULT), ('d1b8f3f8-af26-5088-8712-273c28ba98f7', 'Minim Magna', '7c2c4732-09c1-5f7b-87ca-c53e7497b4ef', 52, DEFAULT, DEFAULT), ('98eaafd3-adbf-5a3e-adb9-b3fb6971b6f1', 'Incididunt Elit', 'f50563b6-8532-51ec-b121-d8c6bca3e897', 52, DEFAULT, DEFAULT), ('2d1d7734-be70-5d07-a538-e76c6cae722e', 'Eu Ipsum Dolore', 'f50563b6-8532-51ec-b121-d8c6bca3e897', 53, DEFAULT, DEFAULT), ('b5605791-3389-56c2-9ec6-17d538b9bb85', 'Duis Occaecat', 'f50563b6-8532-51ec-b121-d8c6bca3e897', 53, DEFAULT, DEFAULT), ('a5831e58-2fc9-5b59-970d-00c344a4eb18', 'Sit Adipisicing', 'f50563b6-8532-51ec-b121-d8c6bca3e897', 53, DEFAULT, DEFAULT), ('756cbb59-27d6-58f3-b4b9-8b56121e683f', 'Consectetur Dolore N', 'f50563b6-8532-51ec-b121-d8c6bca3e897', 53, DEFAULT, DEFAULT), ('b64d0217-6a7b-5682-8927-676434f72be9', 'Commodo Nisi Mollit', 'f50563b6-8532-51ec-b121-d8c6bca3e897', 53, DEFAULT, DEFAULT), ('09617df2-6261-5b47-bc30-85d317367d48', 'Minim Eu Quis', 'f50563b6-8532-51ec-b121-d8c6bca3e897', 53, DEFAULT, DEFAULT), ('98b30307-7ea7-5b6c-b9e4-560fe08299de', 'Et Enim', 'f50563b6-8532-51ec-b121-d8c6bca3e897', 51, DEFAULT, DEFAULT), ('731b24f8-f083-56fc-9161-1fd32dcd58d0', 'Magna Sit', 'f50563b6-8532-51ec-b121-d8c6bca3e897', 51, DEFAULT, DEFAULT), ('a8212e1b-5577-5c28-9c38-2d4fbd753550', 'Consectetur Mollit', 'f1bf295c-195b-5a42-9c6b-5bfa14b58307', 51, DEFAULT, DEFAULT), ('59558fa1-9cc0-5e85-a331-879d76e07f05', 'Sint Consectetur', 'f1bf295c-195b-5a42-9c6b-5bfa14b58307', 53, DEFAULT, DEFAULT), ('8926b9fd-34b2-5421-a25c-9cd89c12cad0', 'Sit Irure Consectetu', 'f1bf295c-195b-5a42-9c6b-5bfa14b58307', 53, DEFAULT, DEFAULT), ('5d378209-1fd5-506f-8b3f-511a16489d69', 'Ut Adipisicing', 'f1bf295c-195b-5a42-9c6b-5bfa14b58307', 53, DEFAULT, DEFAULT), ('305fa448-c3bf-59c7-a989-19ae69ce0725', 'Adipisicing Est', 'f1bf295c-195b-5a42-9c6b-5bfa14b58307', 52, DEFAULT, DEFAULT), ('853509f0-6836-5fa7-87f2-fb0a9a8766d2', 'Consequat', 'f1bf295c-195b-5a42-9c6b-5bfa14b58307', 53, DEFAULT, DEFAULT), ('bbc51950-a428-5ed7-b604-6444a902714b', 'Minim Consectetur', 'f1bf295c-195b-5a42-9c6b-5bfa14b58307', 51, DEFAULT, DEFAULT), ('a6ea6199-2a1a-56d4-b12a-1bf7d32d154c', 'Tempor Enim', 'e0eebbc8-63c9-5fee-b088-b3310b672c35', 51, DEFAULT, DEFAULT), ('eb3e804d-5ed0-59a1-900b-3b0f9b2cb577', 'Ut Incididunt', 'e0eebbc8-63c9-5fee-b088-b3310b672c35', 51, DEFAULT, DEFAULT), ('88501f36-608d-5074-ab3f-752cd478292f', 'Enim Consectetur', 'e0eebbc8-63c9-5fee-b088-b3310b672c35', 51, DEFAULT, DEFAULT), ('0e342915-b360-541f-8c0a-bdf36b3c0ce2', 'Voluptate Et', 'e0eebbc8-63c9-5fee-b088-b3310b672c35', 53, DEFAULT, DEFAULT), ('8b474939-245b-5ed9-b06a-21432e2b9115', 'Enim Mollit', 'e0eebbc8-63c9-5fee-b088-b3310b672c35', 52, DEFAULT, DEFAULT), ('eb9fdff9-6822-52d9-b12a-a9a69b69cbe5', 'Velit Et', 'e0eebbc8-63c9-5fee-b088-b3310b672c35', 53, DEFAULT, DEFAULT), ('abf8504a-2cfc-5a9d-a5d2-31dccd8bf00f', 'Minim Cupidatat', '1c17c04a-19f5-5c48-8b6b-48fe02257ffb', 53, DEFAULT, DEFAULT), ('262a78c7-eb9d-5e1a-8e58-41ecb0c31fbd', 'Consectetur Adipisic', '1c17c04a-19f5-5c48-8b6b-48fe02257ffb', 53, DEFAULT, DEFAULT), ('110efd29-2979-5c30-b41f-b3bf832f48cd', 'Id Culpa', '1c17c04a-19f5-5c48-8b6b-48fe02257ffb', 53, DEFAULT, DEFAULT), ('cf1d2e5e-3a18-5518-8e4c-387978992b8a', 'Mollit Ullamco', '1c17c04a-19f5-5c48-8b6b-48fe02257ffb', 53, DEFAULT, DEFAULT), ('34a6eefa-de0a-5b54-8950-76863d1d5290', 'Consectetur Do', '1c17c04a-19f5-5c48-8b6b-48fe02257ffb', 52, DEFAULT, DEFAULT), ('338ac238-5209-53e4-836e-9d5dc98ae268', 'Nostrud Sunt', '1c17c04a-19f5-5c48-8b6b-48fe02257ffb', 53, DEFAULT, DEFAULT), ('5f3671df-cc06-5a3d-87a6-e1e42e095fa3', 'Occaecat Nisi Incidi', '1c17c04a-19f5-5c48-8b6b-48fe02257ffb', 52, DEFAULT, DEFAULT), ('beb6961f-fe15-549e-851d-4b848f0c22b3', 'Minim Esse', '1c17c04a-19f5-5c48-8b6b-48fe02257ffb', 52, DEFAULT, DEFAULT), ('d2268e40-fa6d-5300-9f01-b7cc8f9018e3', 'Laboris Amet Dolore', 'a2996c99-b8bb-5bf6-b789-844e821ceb82', 52, DEFAULT, DEFAULT), ('7a86b477-8922-5c78-85b7-47a44d6877c0', 'Proident Et Do', 'a2996c99-b8bb-5bf6-b789-844e821ceb82', 52, DEFAULT, DEFAULT), ('cd1520c4-af17-5e1e-b5b0-a9e95f36a7c4', 'Pariatur Ullamco Eu', 'a2996c99-b8bb-5bf6-b789-844e821ceb82', 53, DEFAULT, DEFAULT), ('2190cc4c-2cc5-5f9f-983d-55f70f31e468', 'Cillum Ex', 'a2996c99-b8bb-5bf6-b789-844e821ceb82', 53, DEFAULT, DEFAULT), ('fbfa0c72-9c6c-54ce-ba23-f1ed2563396e', 'Commodo Labore Non', 'a2996c99-b8bb-5bf6-b789-844e821ceb82', 53, DEFAULT, DEFAULT), ('d664e8db-93ef-5294-a361-9e8640907e59', 'Ad Deserunt Minim', 'a2996c99-b8bb-5bf6-b789-844e821ceb82', 52, DEFAULT, DEFAULT), ('df625f4d-0fe2-599a-b1d3-13232701e19f', 'Dolor In Veniam', 'a2996c99-b8bb-5bf6-b789-844e821ceb82', 52, DEFAULT, DEFAULT), ('6ae168d9-ec9f-5cc8-9efc-a8418f6ebd72', 'Elit Do', 'a2996c99-b8bb-5bf6-b789-844e821ceb82', 51, DEFAULT, DEFAULT), ('38fe4d82-b6c5-5a86-ba1f-e35cd1bbf482', 'Deserunt Occaecat', 'a2996c99-b8bb-5bf6-b789-844e821ceb82', 51, DEFAULT, DEFAULT), ('9862065e-db18-558e-9d0a-1f16845c58c9', 'Nisi Tempor', 'a2996c99-b8bb-5bf6-b789-844e821ceb82', 52, DEFAULT, DEFAULT), ('349111f0-5b40-5b21-aeff-8af2b228d28f', 'Ullamco Eu', '5d016028-a6a3-5268-91a3-91021dbfda0a', 52, DEFAULT, DEFAULT), ('e2b744a0-a170-5a87-828d-34cc6f64ca05', 'Consectetur', '5d016028-a6a3-5268-91a3-91021dbfda0a', 52, DEFAULT, DEFAULT), ('3a804324-748d-571a-afad-6b9c20a35337', 'Excepteur Culpa', '5d016028-a6a3-5268-91a3-91021dbfda0a', 53, DEFAULT, DEFAULT), ('1bf9a820-bb8f-59cd-8902-84a62a1aa29f', 'Nulla', '5d016028-a6a3-5268-91a3-91021dbfda0a', 51, DEFAULT, DEFAULT), ('2067e70c-565d-520b-b56b-19189e5b77f5', 'Nisi Tempor Dolor', '5d016028-a6a3-5268-91a3-91021dbfda0a', 52, DEFAULT, DEFAULT), ('2da447ba-d0f6-5d62-becb-584cd208c558', 'Commodo Ad', '5d016028-a6a3-5268-91a3-91021dbfda0a', 53, DEFAULT, DEFAULT), ('a00f2df0-a74b-51ab-8311-51125014b9ef', 'Elit Sint', '5d016028-a6a3-5268-91a3-91021dbfda0a', 52, DEFAULT, DEFAULT), ('2c5573d9-9522-50a1-b9d9-3ef48e8629b4', 'Excepteur Qui', '5d016028-a6a3-5268-91a3-91021dbfda0a', 53, DEFAULT, DEFAULT), ('df686e46-eb10-5a3f-abfb-03f34e72d244', 'Ipsum Fugiat Adipisi', '5d016028-a6a3-5268-91a3-91021dbfda0a', 52, DEFAULT, DEFAULT), ('09204188-e618-5728-88fc-034120742c41', 'Ex Magna Ullamco', 'b279891e-05aa-528b-867b-dd6fe5fa77c8', 51, DEFAULT, DEFAULT), ('b576de0c-954e-5345-a9e7-0d691c52341a', 'Enim Ut Cupidatat', 'b279891e-05aa-528b-867b-dd6fe5fa77c8', 53, DEFAULT, DEFAULT), ('887dee3f-7921-537c-91f1-8b0d43117b12', 'Amet Id', 'b279891e-05aa-528b-867b-dd6fe5fa77c8', 51, DEFAULT, DEFAULT), ('6fc34c52-742f-56c2-b6c3-89dee63a8839', 'Id', 'b279891e-05aa-528b-867b-dd6fe5fa77c8', 53, DEFAULT, DEFAULT), ('f561c33d-0589-5163-a677-f2a1eb6b3322', 'Elit Ex', 'ff53868f-9940-575d-8fa8-923808f93a53', 53, DEFAULT, DEFAULT), ('02a341a2-35a0-5fbc-a1f4-aa8b42aa4b51', 'Et', 'ff53868f-9940-575d-8fa8-923808f93a53', 52, DEFAULT, DEFAULT), ('ad276812-3b86-5425-b36a-d822f2860912', 'Eu', 'ff53868f-9940-575d-8fa8-923808f93a53', 51, DEFAULT, DEFAULT), ('2764351d-73bf-5124-a613-660cd57f91dd', 'Sit Velit Ullamco', 'ff53868f-9940-575d-8fa8-923808f93a53', 52, DEFAULT, DEFAULT), ('8bf74689-dfcf-5429-b342-2718dce8a8eb', 'Minim', 'ff53868f-9940-575d-8fa8-923808f93a53', 53, DEFAULT, DEFAULT), ('c34db444-6019-5242-8b27-a0e6d1f129be', 'Velit', 'ff53868f-9940-575d-8fa8-923808f93a53', 51, DEFAULT, DEFAULT), ('fe78882d-8d81-5307-9012-7c7cadbfdbe6', 'Culpa', 'ff53868f-9940-575d-8fa8-923808f93a53', 53, DEFAULT, DEFAULT), ('cd80d13e-478f-5058-8dfd-e20a76013cb5', 'Dolore Esse', '8172203a-00e7-5e0e-919b-2970e0d891df', 53, DEFAULT, DEFAULT), ('db9f2a26-569b-5431-9216-bcd2cf256bbd', 'Eu Id Anim', '8172203a-00e7-5e0e-919b-2970e0d891df', 53, DEFAULT, DEFAULT), ('e4c44768-00c8-52e6-80f9-625972d5d9b9', 'Nostrud Cillum', '8172203a-00e7-5e0e-919b-2970e0d891df', 52, DEFAULT, DEFAULT), ('eea550bd-8120-5fb2-9339-ad3a549506d4', 'Dolor Aute Dolore', '8172203a-00e7-5e0e-919b-2970e0d891df', 52, DEFAULT, DEFAULT), ('88514f78-7770-5bc2-96a4-f0f4ebcab4a4', 'Sunt Exercitation No', '8172203a-00e7-5e0e-919b-2970e0d891df', 52, DEFAULT, DEFAULT), ('95c65795-b9a1-572f-87ae-6fa70b020fbb', 'Dolor Nulla', '8172203a-00e7-5e0e-919b-2970e0d891df', 53, DEFAULT, DEFAULT), ('8891aca3-b326-5a45-a77b-46ff3fd96d49', 'Eiusmod Officia', '8172203a-00e7-5e0e-919b-2970e0d891df', 51, DEFAULT, DEFAULT), ('47ec07ed-2b5c-5f84-a424-1002e39b4917', 'Enim Excepteur', '8172203a-00e7-5e0e-919b-2970e0d891df', 51, DEFAULT, DEFAULT), ('c1b69361-a3c3-5c2a-8a7a-23aa07e97e87', 'Ipsum Culpa', '8172203a-00e7-5e0e-919b-2970e0d891df', 51, DEFAULT, DEFAULT), ('e9decb87-4a50-5c41-896c-16fe0d21ebca', 'Velit', '7b5ee10b-959f-565b-9dac-a4bab4f6c6bf', 52, DEFAULT, DEFAULT), ('274020d9-7513-5cf6-ae0b-e94ef1d1a62f', 'Aliqua Dolor', '7b5ee10b-959f-565b-9dac-a4bab4f6c6bf', 53, DEFAULT, DEFAULT), ('644bfc5c-cf27-5d76-8355-4e4c8d73061f', 'Nisi Proident', '7b5ee10b-959f-565b-9dac-a4bab4f6c6bf', 52, DEFAULT, DEFAULT), ('eff6dde6-e4aa-5c61-9818-5d7ae0bf58b7', 'Ex Occaecat Lorem', '7b5ee10b-959f-565b-9dac-a4bab4f6c6bf', 53, DEFAULT, DEFAULT), ('31bb49e9-e86d-546a-9e01-6986e5eacf06', 'Nisi Est', '7b5ee10b-959f-565b-9dac-a4bab4f6c6bf', 53, DEFAULT, DEFAULT), ('6a3486ce-c3fa-519b-8ad1-f329a5c3ee43', 'Mollit Ea', '7b5ee10b-959f-565b-9dac-a4bab4f6c6bf', 53, DEFAULT, DEFAULT), ('d92658af-bb2e-5f93-9170-bc8d85a6ad50', 'Ea Sunt', '7b5ee10b-959f-565b-9dac-a4bab4f6c6bf', 52, DEFAULT, DEFAULT), ('e7f24225-5e7d-55c3-8091-6f5a69baba70', 'Ullamco Reprehenderi', '7b5ee10b-959f-565b-9dac-a4bab4f6c6bf', 52, DEFAULT, DEFAULT), ('b134c4e5-3e41-53b3-bf3f-7f4cf023e9d7', 'Ad Occaecat', '38400370-0369-5239-8b08-499aef0591ef', 53, DEFAULT, DEFAULT), ('763ebb5f-add9-59ff-9a26-6b4030dae259', 'Minim Ullamco', '38400370-0369-5239-8b08-499aef0591ef', 52, DEFAULT, DEFAULT), ('9f273059-bf49-55a4-bf95-e6bedcccffe3', 'Cupidatat Eiusmod Ei', '38400370-0369-5239-8b08-499aef0591ef', 52, DEFAULT, DEFAULT), ('c7198a1e-f50c-5635-a5bf-2073d4da7bc6', 'Consequat Veniam', '38400370-0369-5239-8b08-499aef0591ef', 51, DEFAULT, DEFAULT), ('1497705a-df0e-5f8d-988d-61adba7199e0', 'Aliqua', '38400370-0369-5239-8b08-499aef0591ef', 51, DEFAULT, DEFAULT), ('ac772386-a452-5d18-88c7-396c2a71eb0b', 'Exercitation Dolor', '38400370-0369-5239-8b08-499aef0591ef', 52, DEFAULT, DEFAULT), ('7b09592d-b146-5ee2-9db5-3683955196d6', 'Qui Incididunt', '38400370-0369-5239-8b08-499aef0591ef', 52, DEFAULT, DEFAULT), ('d3953f9f-e0f9-5aed-9d31-3f026a23da12', 'Eiusmod', '38400370-0369-5239-8b08-499aef0591ef', 53, DEFAULT, DEFAULT), ('734282bd-df4e-5f8d-afc5-83f4c9131800', 'Quis Cillum Nostrud', '38400370-0369-5239-8b08-499aef0591ef', 53, DEFAULT, DEFAULT), ('b5f933d0-c28e-517c-9fca-d9e38dc742a2', 'Ut Irure', '77394b64-1ec1-5043-8dc3-08f9200521d4', 53, DEFAULT, DEFAULT), ('21a7e579-98a3-5757-a0a8-913f2da95aba', 'Veniam Officia Dolor', '77394b64-1ec1-5043-8dc3-08f9200521d4', 51, DEFAULT, DEFAULT), ('a4b32498-f3a6-5110-a5b6-de20f0314c35', 'Enim Tempor Minim', '77394b64-1ec1-5043-8dc3-08f9200521d4', 51, DEFAULT, DEFAULT), ('22052ce5-2628-54da-93cf-dce3c06b547a', 'Quis Proident', '77394b64-1ec1-5043-8dc3-08f9200521d4', 52, DEFAULT, DEFAULT), ('5b303ef1-7516-512a-ba01-9f0dc05d7d2a', 'Occaecat Excepteur', '77394b64-1ec1-5043-8dc3-08f9200521d4', 52, DEFAULT, DEFAULT), ('2386fe50-4da3-5ca3-b993-046dc48afb23', 'Voluptate Reprehende', '77394b64-1ec1-5043-8dc3-08f9200521d4', 51, DEFAULT, DEFAULT), ('be8eca74-88dc-5f62-a6bb-1a0cde780aab', 'Exercitation Ea Ut', '77394b64-1ec1-5043-8dc3-08f9200521d4', 51, DEFAULT, DEFAULT), ('d19db439-c7e7-53a7-aa19-0db346180dc1', 'Eu Laboris Ipsum', '5e20f9a8-7b26-5a5f-8426-6b12c182d23c', 52, DEFAULT, DEFAULT), ('91434b27-2651-5429-8f42-45c3f8e334a0', 'Id Dolor', '5e20f9a8-7b26-5a5f-8426-6b12c182d23c', 51, DEFAULT, DEFAULT), ('549980e7-3e77-5d76-b263-84664d04b209', 'Laboris Laborum', '5e20f9a8-7b26-5a5f-8426-6b12c182d23c', 52, DEFAULT, DEFAULT), ('e4de1a09-bd9a-5e42-b92c-2cb1af28bec6', 'Proident Do', '5e20f9a8-7b26-5a5f-8426-6b12c182d23c', 53, DEFAULT, DEFAULT), ('f4b5542b-ba61-519e-a8d2-5793282ad487', 'Esse', '5e20f9a8-7b26-5a5f-8426-6b12c182d23c', 52, DEFAULT, DEFAULT), ('b32027db-33da-5dc2-b906-e0c2a06ac683', 'Est Ipsum', '53fe0e9e-3358-5722-b994-4faad8733cd3', 51, DEFAULT, DEFAULT), ('b7a89d05-549f-565f-b631-b59097e91d1a', 'Qui Esse', '53fe0e9e-3358-5722-b994-4faad8733cd3', 52, DEFAULT, DEFAULT), ('ac9f0e3e-b030-584f-a8dd-87355fe22537', 'Ullamco', '53fe0e9e-3358-5722-b994-4faad8733cd3', 51, DEFAULT, DEFAULT), ('438bff0e-fd50-5c86-89ee-d397a0c0e548', 'Ipsum Dolor', '53fe0e9e-3358-5722-b994-4faad8733cd3', 52, DEFAULT, DEFAULT), ('9bf2ad50-cccb-50eb-8269-3a7e78bd21f5', 'Ea In', '53fe0e9e-3358-5722-b994-4faad8733cd3', 52, DEFAULT, DEFAULT), ('36f6f3ba-e867-5008-b6c1-829e989f9d2f', 'Proident Aute', '53fe0e9e-3358-5722-b994-4faad8733cd3', 52, DEFAULT, DEFAULT), ('26f7bb6a-3c9c-5b30-b11b-be5ebfb91948', 'Eiusmod Ea', 'e4834379-a7a0-5f41-8193-f598072b1c83', 51, DEFAULT, DEFAULT), ('e5b4727f-be5e-52c0-83cb-cb7ba230945f', 'Qui Excepteur Pariat', 'e4834379-a7a0-5f41-8193-f598072b1c83', 52, DEFAULT, DEFAULT), ('290e51c6-7ff6-5db4-8f40-69dda051b66c', 'Ex', 'e4834379-a7a0-5f41-8193-f598072b1c83', 53, DEFAULT, DEFAULT), ('6c3f6730-2b1a-5e27-97de-caacad0bb1a5', 'Occaecat Tempor', 'e4834379-a7a0-5f41-8193-f598072b1c83', 53, DEFAULT, DEFAULT), ('a8766652-5cf4-5e66-ba6d-9eb457dff942', 'Commodo Magna Occaec', 'a9f91eda-269f-54d0-83de-05f0c2ecbf08', 52, DEFAULT, DEFAULT), ('43bcab14-4a69-5e60-a07f-cda2fe595a2a', 'Enim Velit', 'a9f91eda-269f-54d0-83de-05f0c2ecbf08', 52, DEFAULT, DEFAULT), ('203ac13e-e5b1-548e-a7da-5d8cff932053', 'Ullamco', 'a9f91eda-269f-54d0-83de-05f0c2ecbf08', 53, DEFAULT, DEFAULT), ('1332e392-1ac8-57d9-8262-948f66c89fe9', 'Consequat Elit', 'a9f91eda-269f-54d0-83de-05f0c2ecbf08', 53, DEFAULT, DEFAULT), ('b88b1af1-79fe-5af5-9c91-0c77ed20973b', 'Tempor Aliquip', 'a9f91eda-269f-54d0-83de-05f0c2ecbf08', 52, DEFAULT, DEFAULT), ('d073b0b8-955f-5aab-9c76-3aebe9fa08b6', 'Sint Amet Non', 'a9f91eda-269f-54d0-83de-05f0c2ecbf08', 52, DEFAULT, DEFAULT), ('495c6cc5-490c-50dd-b1c5-aaf0110ec764', 'Esse', 'a9f91eda-269f-54d0-83de-05f0c2ecbf08', 52, DEFAULT, DEFAULT), ('c9fc147f-dadb-5b75-8ed7-efb86a7392ce', 'Est', 'a9f91eda-269f-54d0-83de-05f0c2ecbf08', 52, DEFAULT, DEFAULT), ('5783cab4-e010-523b-b893-81b388f43d06', 'Nulla Nulla', 'c0062d28-74ce-56b0-8124-852c5c4cdd1f', 53, DEFAULT, DEFAULT), ('01bb02e3-6d00-5b11-ba00-2f6b060dfb2e', 'In Magna Amet', 'c0062d28-74ce-56b0-8124-852c5c4cdd1f', 51, DEFAULT, DEFAULT), ('a9752d0c-ade4-58c6-b746-1b9df56a3d08', 'Labore Est', 'c0062d28-74ce-56b0-8124-852c5c4cdd1f', 52, DEFAULT, DEFAULT), ('5cdb9712-16b6-532e-9cc7-8cf7dfbe9b6b', 'Proident', 'c0062d28-74ce-56b0-8124-852c5c4cdd1f', 52, DEFAULT, DEFAULT), ('47c1a5aa-1c4a-5781-9c8f-968a639137d7', 'Ex', 'c0062d28-74ce-56b0-8124-852c5c4cdd1f', 52, DEFAULT, DEFAULT), ('3c19e2d6-1e17-5580-adbc-319ee6c74e3c', 'Occaecat', 'c0062d28-74ce-56b0-8124-852c5c4cdd1f', 52, DEFAULT, DEFAULT), ('ddb44318-7e83-5b4d-8ba4-3bbd19edd327', 'Velit', 'c0062d28-74ce-56b0-8124-852c5c4cdd1f', 51, DEFAULT, DEFAULT), ('e6e5bdc8-dbe5-545a-b616-a55a5f857d1f', 'Irure Non Quis', 'c0062d28-74ce-56b0-8124-852c5c4cdd1f', 53, DEFAULT, DEFAULT), ('3adfc207-aaeb-5fa1-b329-eb7ef2061320', 'Elit Tempor', 'a1d779f7-e622-5cd1-b766-eb2b7925b3c0', 52, DEFAULT, DEFAULT), ('096adf71-c74e-5b77-822b-46a8768797c5', 'Pariatur Magna Molli', 'a1d779f7-e622-5cd1-b766-eb2b7925b3c0', 53, DEFAULT, DEFAULT), ('65d8ad86-6271-552b-8704-fabcdcf18cdb', 'Duis Mollit Tempor', 'a1d779f7-e622-5cd1-b766-eb2b7925b3c0', 51, DEFAULT, DEFAULT), ('9a52e2af-cb63-5ab2-95a7-ae32f01d6a1c', 'Magna', 'a1d779f7-e622-5cd1-b766-eb2b7925b3c0', 51, DEFAULT, DEFAULT), ('f7f33f5b-7e02-5784-9db2-ed2995544a54', 'Dolor Amet', 'a1d779f7-e622-5cd1-b766-eb2b7925b3c0', 53, DEFAULT, DEFAULT), ('ba4d6fef-111f-5ce5-883e-2b3880f373bf', 'In Laborum Proident', 'a1d779f7-e622-5cd1-b766-eb2b7925b3c0', 52, DEFAULT, DEFAULT), ('405dd580-b1c8-5c0e-9df0-d82b7f57175d', 'Lorem Ea Cupidatat', 'a1d779f7-e622-5cd1-b766-eb2b7925b3c0', 52, DEFAULT, DEFAULT), ('27a14f80-586c-54cd-876e-cd42ede1f04f', 'Irure', 'a1d779f7-e622-5cd1-b766-eb2b7925b3c0', 52, DEFAULT, DEFAULT), ('39da01f0-2195-5fc3-a74a-d12c26c902a3', 'Ad', 'bd4e2ea6-e7d4-5655-93cc-d1ed71c3483c', 52, DEFAULT, DEFAULT), ('fbbb9719-f3d1-5ce2-b584-4b70bf5bb135', 'Ad Duis', 'bd4e2ea6-e7d4-5655-93cc-d1ed71c3483c', 52, DEFAULT, DEFAULT), ('5f651c76-ceba-56db-bd60-512d4079ec53', 'Deserunt Cupidatat', 'bd4e2ea6-e7d4-5655-93cc-d1ed71c3483c', 51, DEFAULT, DEFAULT), ('e7ba2b18-a57c-5b02-9714-d376d9ea922f', 'Culpa Culpa', 'fb2f612f-57ab-526e-8b57-f5de07942107', 51, DEFAULT, DEFAULT), ('ccd28d41-9086-5b64-b351-585431787bb7', 'Enim Veniam Veniam', 'fb2f612f-57ab-526e-8b57-f5de07942107', 52, DEFAULT, DEFAULT), ('6a248992-e0a8-5c27-8d71-fd2cfd3a1fd6', 'Pariatur', 'fb2f612f-57ab-526e-8b57-f5de07942107', 53, DEFAULT, DEFAULT), ('72d447b0-a4fa-5de7-bb4c-9ff5f169dfea', 'Nostrud Incididunt', 'fb2f612f-57ab-526e-8b57-f5de07942107', 52, DEFAULT, DEFAULT), ('eeba85da-b4f7-5195-887e-28b7dc8a5236', 'Ipsum Dolore Enim', 'fb2f612f-57ab-526e-8b57-f5de07942107', 52, DEFAULT, DEFAULT), ('1f9495a7-9f91-5b8e-a431-ff0404db08b3', 'Officia Amet', 'fb2f612f-57ab-526e-8b57-f5de07942107', 53, DEFAULT, DEFAULT), ('ec0fecde-72da-5866-9b82-27edb33f804a', 'Ut Aliquip', 'fb2f612f-57ab-526e-8b57-f5de07942107', 53, DEFAULT, DEFAULT), ('bf251b09-11da-503b-84c5-60ec2f7d4e17', 'Laboris', 'fb2f612f-57ab-526e-8b57-f5de07942107', 52, DEFAULT, DEFAULT), ('7154e631-e6aa-5d5a-a566-f6558cc7a8ba', 'Magna Ea Do', 'fb2f612f-57ab-526e-8b57-f5de07942107', 52, DEFAULT, DEFAULT), ('f457d7a7-01f9-5225-b07a-0e782525bbc7', 'Aliquip Eu', '38cee772-792e-54fe-ae0f-d62f75f71c11', 51, DEFAULT, DEFAULT), ('0fa12fcf-97e2-5065-a698-e366ca117702', 'Velit Excepteur', '38cee772-792e-54fe-ae0f-d62f75f71c11', 52, DEFAULT, DEFAULT), ('b4725825-2a5a-5e18-a190-e59f4cb9f1b5', 'Non', '38cee772-792e-54fe-ae0f-d62f75f71c11', 52, DEFAULT, DEFAULT), ('d1dc8a74-c651-5dbd-b484-1cd2c51db9b9', 'Aute Commodo Do', '38cee772-792e-54fe-ae0f-d62f75f71c11', 52, DEFAULT, DEFAULT), ('40747f76-ad34-5508-ba43-ef538c943cc0', 'Quis Enim Nulla', '38cee772-792e-54fe-ae0f-d62f75f71c11', 52, DEFAULT, DEFAULT), ('45173bfe-a11f-574a-ac25-21cda1308ec9', 'Sit Labore', '60f279f1-b04c-57b1-b6aa-b71a8811c6ab', 53, DEFAULT, DEFAULT), ('28e4b717-ba20-5ce6-96db-f08421aa2fc7', 'Exercitation', '60f279f1-b04c-57b1-b6aa-b71a8811c6ab', 51, DEFAULT, DEFAULT), ('d35ecca3-ac35-5e28-8e7e-6a25de908d18', 'Cillum Dolor Commodo', '60f279f1-b04c-57b1-b6aa-b71a8811c6ab', 51, DEFAULT, DEFAULT), ('e334db45-3389-5a47-b7c9-4ff8121637b5', 'Proident Elit Adipis', '60f279f1-b04c-57b1-b6aa-b71a8811c6ab', 52, DEFAULT, DEFAULT), ('0a9347d2-3396-5e6a-98f1-b406ca195226', 'Eu Consectetur', '60f279f1-b04c-57b1-b6aa-b71a8811c6ab', 51, DEFAULT, DEFAULT), ('71edf17f-e471-58c3-bbf8-8111bd6c7c8e', 'Enim Pariatur Adipis', '60f279f1-b04c-57b1-b6aa-b71a8811c6ab', 53, DEFAULT, DEFAULT), ('fc6d457c-9711-5cde-813c-d584f858faae', 'Enim Nisi', '60f279f1-b04c-57b1-b6aa-b71a8811c6ab', 51, DEFAULT, DEFAULT), ('644a93ba-f570-5681-b2f5-de6b9950affd', 'Officia Qui Minim', '60f279f1-b04c-57b1-b6aa-b71a8811c6ab', 51, DEFAULT, DEFAULT), ('cd42da7d-ec75-53b3-9aad-015766f58921', 'Enim', '60f279f1-b04c-57b1-b6aa-b71a8811c6ab', 53, DEFAULT, DEFAULT), ('b737f334-53a3-585e-98d7-69fce744e35e', 'Et', 'b5d35d7e-f19e-568e-9efe-911f779c892f', 53, DEFAULT, DEFAULT), ('8babc841-00b0-585f-9ca3-85ef68fec1f7', 'Elit Amet', 'b5d35d7e-f19e-568e-9efe-911f779c892f', 53, DEFAULT, DEFAULT), ('79efb743-bb54-546e-8bdf-089509399715', 'Ullamco Est', 'b5d35d7e-f19e-568e-9efe-911f779c892f', 52, DEFAULT, DEFAULT), ('86e03e09-1744-508f-b91c-c48f85d8ffcb', 'Veniam Lorem Cupidat', 'b5d35d7e-f19e-568e-9efe-911f779c892f', 53, DEFAULT, DEFAULT), ('6451b879-16d7-5644-b6b9-87dd18b3facf', 'Nostrud Veniam Amet', 'b5d35d7e-f19e-568e-9efe-911f779c892f', 53, DEFAULT, DEFAULT), ('47e5d6a1-6a7c-5068-97e6-b73d6f3b47c1', 'Sunt Nisi', 'b5d35d7e-f19e-568e-9efe-911f779c892f', 51, DEFAULT, DEFAULT), ('ea56a5ec-2249-5fba-8891-278bcdbbb33d', 'Est Sunt Sint', 'b5d35d7e-f19e-568e-9efe-911f779c892f', 51, DEFAULT, DEFAULT), ('a3141029-aec2-543b-b18a-49fe947e3304', 'Mollit Consectetur', '782f7eda-e535-5ab3-8415-643126d3b0fa', 51, DEFAULT, DEFAULT), ('6c52c1d9-13a4-51ef-ae51-1dacc4c14be9', 'Fugiat', '782f7eda-e535-5ab3-8415-643126d3b0fa', 51, DEFAULT, DEFAULT), ('2589cf16-4103-5a4f-b544-b30078083eaa', 'Nisi', '782f7eda-e535-5ab3-8415-643126d3b0fa', 52, DEFAULT, DEFAULT), ('a88bc9b9-135e-55c7-8c4c-5a072a3c8573', 'Sit', '782f7eda-e535-5ab3-8415-643126d3b0fa', 53, DEFAULT, DEFAULT), ('8b7e423b-b9b9-5b3c-bf3d-1aa45d16235c', 'Nostrud Aliqua Ad', '782f7eda-e535-5ab3-8415-643126d3b0fa', 53, DEFAULT, DEFAULT), ('882c7ae5-914f-539d-8207-691de536097f', 'Pariatur', '782f7eda-e535-5ab3-8415-643126d3b0fa', 52, DEFAULT, DEFAULT), ('811570ef-0b81-508d-ba05-2f5e812d4131', 'Irure Irure Dolore', '782f7eda-e535-5ab3-8415-643126d3b0fa', 51, DEFAULT, DEFAULT), ('29b47b7e-4cec-5d5a-b93d-172770b57ed6', 'In Cupidatat', '782f7eda-e535-5ab3-8415-643126d3b0fa', 51, DEFAULT, DEFAULT), ('9b1fc781-1e4e-56d2-bd68-0dc257a319c0', 'Amet Sunt', '5daf6f25-3b97-5f49-8f75-4ba5d1d74cd3', 52, DEFAULT, DEFAULT), ('8a0a556f-d942-55f0-8ba8-1ffbfaf3c6d9', 'Occaecat Quis Repreh', '5daf6f25-3b97-5f49-8f75-4ba5d1d74cd3', 52, DEFAULT, DEFAULT), ('91fa3874-9437-5dfa-a49a-f19fb38d9e92', 'Culpa', '5daf6f25-3b97-5f49-8f75-4ba5d1d74cd3', 52, DEFAULT, DEFAULT), ('eda91f04-12ef-5904-88aa-e6ed9a692e03', 'Minim', '5daf6f25-3b97-5f49-8f75-4ba5d1d74cd3', 51, DEFAULT, DEFAULT), ('1d3f740a-8c60-5c1d-aa9e-3854a33c8e1d', 'Sunt Ullamco', '5daf6f25-3b97-5f49-8f75-4ba5d1d74cd3', 53, DEFAULT, DEFAULT), ('d9bba68a-079c-5141-bd43-756b87167584', 'Culpa Reprehenderit ', '5daf6f25-3b97-5f49-8f75-4ba5d1d74cd3', 52, DEFAULT, DEFAULT), ('ca65e33b-de71-5d46-933a-849036127987', 'Anim Qui', '5daf6f25-3b97-5f49-8f75-4ba5d1d74cd3', 53, DEFAULT, DEFAULT), ('f52ce409-f800-5a86-b4ed-ce1a99a8a6ae', 'Qui', '5daf6f25-3b97-5f49-8f75-4ba5d1d74cd3', 52, DEFAULT, DEFAULT), ('5ef5a669-7ca0-5a58-879f-c84c6abe3657', 'Eu', '5daf6f25-3b97-5f49-8f75-4ba5d1d74cd3', 51, DEFAULT, DEFAULT), ('65d5f58f-a7d0-56d7-a4ee-df91649fa9a4', 'Ea', '5daf6f25-3b97-5f49-8f75-4ba5d1d74cd3', 53, DEFAULT, DEFAULT), ('3204ce32-7c5b-5953-969e-fe1d17de6e76', 'Dolor Excepteur', '3788fdae-c690-5563-abac-18b51e4d210f', 53, DEFAULT, DEFAULT), ('eecf8a7e-af2f-524d-a645-c5fba3ebda06', 'Adipisicing Exercita', '3788fdae-c690-5563-abac-18b51e4d210f', 53, DEFAULT, DEFAULT), ('8d3f145b-67b0-504d-b49a-d59ecea5d2d8', 'Id Aliquip', '3788fdae-c690-5563-abac-18b51e4d210f', 52, DEFAULT, DEFAULT), ('d00c085d-72d6-5114-a5fd-ba818539c2f7', 'Proident Incididunt ', '3788fdae-c690-5563-abac-18b51e4d210f', 53, DEFAULT, DEFAULT), ('de459427-bb2c-5381-bdbf-7126efbb65c9', 'Non Cupidatat Tempor', '3788fdae-c690-5563-abac-18b51e4d210f', 52, DEFAULT, DEFAULT), ('fd2a8113-662a-5782-9e12-f7b49eee56e0', 'Sunt Deserunt', '3788fdae-c690-5563-abac-18b51e4d210f', 52, DEFAULT, DEFAULT), ('5c25ba01-ab4d-5527-9a41-d79d770f3d79', 'Laborum', '3788fdae-c690-5563-abac-18b51e4d210f', 53, DEFAULT, DEFAULT), ('bbcbd7eb-4377-550e-af45-f77d693d98fe', 'Ipsum Sint Velit', '3788fdae-c690-5563-abac-18b51e4d210f', 53, DEFAULT, DEFAULT), ('84d2e38f-9f57-573c-beee-7b9678c403c3', 'Irure Nostrud', '3788fdae-c690-5563-abac-18b51e4d210f', 53, DEFAULT, DEFAULT), ('285896cd-c894-5631-a1f6-527c321079e6', 'Nisi Aute Amet', '3788fdae-c690-5563-abac-18b51e4d210f', 51, DEFAULT, DEFAULT), ('d6d652bf-48a5-5a85-a95d-16c25edc5397', 'Velit Nisi Reprehend', '177ae72e-41a6-5325-80d6-452827ea5918', 51, DEFAULT, DEFAULT), ('94170f3d-888c-58bc-bc18-13592bfb52c5', 'Elit Elit', '177ae72e-41a6-5325-80d6-452827ea5918', 52, DEFAULT, DEFAULT), ('1e0af0c0-30ba-5a06-9647-a83cef3d815d', 'Aute Aliquip', '177ae72e-41a6-5325-80d6-452827ea5918', 52, DEFAULT, DEFAULT), ('70b4d1da-5ee3-5bd6-aecb-9af8ab670b84', 'Eiusmod Ut', 'c0a2f5c4-7781-5310-ad3c-e7b9f41a7ace', 52, DEFAULT, DEFAULT), ('2da4149c-bf3e-5f98-b904-591c69530871', 'Mollit Magna', 'c0a2f5c4-7781-5310-ad3c-e7b9f41a7ace', 53, DEFAULT, DEFAULT), ('a69d43fa-2222-5203-b590-140e62599451', 'Pariatur', 'c0a2f5c4-7781-5310-ad3c-e7b9f41a7ace', 51, DEFAULT, DEFAULT), ('f6a7cc82-a609-50ee-a839-9fa8b1a9631d', 'Cupidatat Labore Sun', 'c0a2f5c4-7781-5310-ad3c-e7b9f41a7ace', 52, DEFAULT, DEFAULT), ('00644310-2ebb-53b6-b6cd-c599924419bd', 'Sit Occaecat', 'c0a2f5c4-7781-5310-ad3c-e7b9f41a7ace', 51, DEFAULT, DEFAULT), ('3de7919f-8a6e-5a5a-ad06-07f2ad53b96d', 'Ad Commodo', 'c0a2f5c4-7781-5310-ad3c-e7b9f41a7ace', 53, DEFAULT, DEFAULT), ('495390bc-68e6-52a4-b1ba-2f994586821a', 'Dolor Eiusmod Volupt', 'c0a2f5c4-7781-5310-ad3c-e7b9f41a7ace', 53, DEFAULT, DEFAULT), ('a6586816-3687-592a-bbeb-b4d089115511', 'Sunt', 'c0a2f5c4-7781-5310-ad3c-e7b9f41a7ace', 53, DEFAULT, DEFAULT), ('28a1ca86-fc34-5d5b-bda6-792b581f58de', 'Anim', '71c019c0-f4c8-51ac-bfff-4141eabf85f3', 51, DEFAULT, DEFAULT), ('c801d235-e02a-5267-8201-eecb86948b65', 'Adipisicing', '71c019c0-f4c8-51ac-bfff-4141eabf85f3', 51, DEFAULT, DEFAULT), ('ad1bbcac-cdbb-551f-b25a-b14b40074515', 'Irure', '71c019c0-f4c8-51ac-bfff-4141eabf85f3', 53, DEFAULT, DEFAULT), ('af85f96c-efbd-584c-bdd4-26c4e2f3e556', 'Proident Esse', '71c019c0-f4c8-51ac-bfff-4141eabf85f3', 52, DEFAULT, DEFAULT), ('ee198d66-a798-52a5-8b79-9931f7b835e3', 'Eiusmod Laborum', '71c019c0-f4c8-51ac-bfff-4141eabf85f3', 51, DEFAULT, DEFAULT), ('b67e09de-df70-515b-91d0-6e53f3b4a58a', 'Occaecat Voluptate', 'ab4eb860-b9b9-58f5-84c6-b76a08d23dfd', 52, DEFAULT, DEFAULT), ('fe24988b-bca5-5bf5-be0f-c92da7b2cbe1', 'Irure Est', 'ab4eb860-b9b9-58f5-84c6-b76a08d23dfd', 52, DEFAULT, DEFAULT), ('fb634118-b8a6-50b7-9010-0317dd27fba6', 'Esse Nostrud', 'ab4eb860-b9b9-58f5-84c6-b76a08d23dfd', 52, DEFAULT, DEFAULT), ('cda3814f-c14d-5dcf-a835-797df84f6d99', 'Tempor Cillum', 'ab4eb860-b9b9-58f5-84c6-b76a08d23dfd', 53, DEFAULT, DEFAULT), ('98bf31df-37fd-5af6-86dd-8686cdc35eeb', 'Culpa Adipisicing', 'dd9140ad-b92d-5673-a8c2-8b1c4e3e8697', 51, DEFAULT, DEFAULT), ('ae956930-bebe-5aad-83f8-b8d0cae36371', 'Eu Ullamco', 'dd9140ad-b92d-5673-a8c2-8b1c4e3e8697', 51, DEFAULT, DEFAULT), ('e20720a7-b660-50e0-8da5-8784fa26a31d', 'Et Ex', 'dd9140ad-b92d-5673-a8c2-8b1c4e3e8697', 53, DEFAULT, DEFAULT), ('2dbccffd-e7a5-5653-9dc6-18e988716abe', 'Non Qui', 'dd9140ad-b92d-5673-a8c2-8b1c4e3e8697', 52, DEFAULT, DEFAULT), ('d905224a-1767-5e97-ad1a-f223ab64cd44', 'Nulla Commodo', 'dd9140ad-b92d-5673-a8c2-8b1c4e3e8697', 52, DEFAULT, DEFAULT), ('051188d3-54fa-59f4-adc8-b929fcb2c826', 'Aliqua Cillum In', 'dd9140ad-b92d-5673-a8c2-8b1c4e3e8697', 53, DEFAULT, DEFAULT), ('94daea14-9b93-5933-9044-5ccc1eb32f8f', 'Ea Eu', '78de8c0c-fe2d-50bd-afca-68bed9f87cd0', 53, DEFAULT, DEFAULT), ('dc58dd7b-bb54-5abe-8208-becc5e0561ad', 'Anim Deserunt', '78de8c0c-fe2d-50bd-afca-68bed9f87cd0', 52, DEFAULT, DEFAULT), ('63e38d08-3dd9-5569-ab28-f70e94b3cdb7', 'Commodo Consectetur', '78de8c0c-fe2d-50bd-afca-68bed9f87cd0', 51, DEFAULT, DEFAULT), ('7f78fee3-dd27-5696-858f-318bd4cbf2a8', 'Nostrud', '78de8c0c-fe2d-50bd-afca-68bed9f87cd0', 53, DEFAULT, DEFAULT), ('1716ac71-f35f-52a7-acdc-316247462f37', 'Incididunt Nisi', '78de8c0c-fe2d-50bd-afca-68bed9f87cd0', 52, DEFAULT, DEFAULT), ('286a711e-ae86-5be5-9195-1d963e0504f7', 'Pariatur Adipisicing', '78de8c0c-fe2d-50bd-afca-68bed9f87cd0', 53, DEFAULT, DEFAULT), ('59d8bfe4-2c84-5707-a356-dbe1eb5eec54', 'Proident Cupidatat', '78de8c0c-fe2d-50bd-afca-68bed9f87cd0', 53, DEFAULT, DEFAULT), ('59fbbc7c-edc9-5d3c-9170-cf6acabbcd28', 'Officia Ea', '81e51b22-aab8-5050-a735-aa5917f8771b', 53, DEFAULT, DEFAULT), ('7bf99080-cdc6-5456-b6d5-417e28b4eba5', 'Anim Excepteur', '81e51b22-aab8-5050-a735-aa5917f8771b', 53, DEFAULT, DEFAULT), ('d2f08d89-447f-5d3d-96e5-385ed888c091', 'Culpa Amet', '81e51b22-aab8-5050-a735-aa5917f8771b', 51, DEFAULT, DEFAULT), ('9e6824f3-dac2-540f-9e3d-8797171dab14', 'Veniam Laborum', '81e51b22-aab8-5050-a735-aa5917f8771b', 52, DEFAULT, DEFAULT), ('c15a1a93-cc16-5536-8ab0-42ef9626e379', 'Officia Labore', '81e51b22-aab8-5050-a735-aa5917f8771b', 53, DEFAULT, DEFAULT), ('df90352f-468b-5345-9b3e-522b747ccf55', 'Deserunt Anim', '81e51b22-aab8-5050-a735-aa5917f8771b', 52, DEFAULT, DEFAULT), ('646b32cc-2525-5418-a0f1-5c9ced471b05', 'Est Ullamco', '81e51b22-aab8-5050-a735-aa5917f8771b', 51, DEFAULT, DEFAULT), ('d1b6355b-0594-5d07-b55b-72d2c66a1391', 'Voluptate Lorem Proi', 'f6cb58dd-a0aa-5d2b-8ce5-200e44be4f36', 53, DEFAULT, DEFAULT), ('77085b75-b014-57d0-8618-9cc95436a25e', 'Nisi Aliqua', 'f6cb58dd-a0aa-5d2b-8ce5-200e44be4f36', 53, DEFAULT, DEFAULT), ('2f76c526-de17-58f1-a75e-aee239f7ed57', 'Ad Aliqua', 'f6cb58dd-a0aa-5d2b-8ce5-200e44be4f36', 52, DEFAULT, DEFAULT), ('3d4df0ce-5a7f-53e4-b486-95faf0a09720', 'Minim Enim', 'f6cb58dd-a0aa-5d2b-8ce5-200e44be4f36', 53, DEFAULT, DEFAULT), ('d6d4ebe8-fe3c-5e62-98d8-e678f356450c', 'Mollit Do Ipsum', 'f6cb58dd-a0aa-5d2b-8ce5-200e44be4f36', 52, DEFAULT, DEFAULT), ('5dedc9b9-eec3-5ace-a95b-d7817834d9af', 'Fugiat', 'f6cb58dd-a0aa-5d2b-8ce5-200e44be4f36', 51, DEFAULT, DEFAULT);
UPDATE public.team SET plan_id = 52 WHERE id = '7c2c4732-09c1-5f7b-87ca-c53e7497b4ef';
UPDATE public.team SET plan_id = 52 WHERE id = 'f50563b6-8532-51ec-b121-d8c6bca3e897';
UPDATE public.team SET plan_id = 52 WHERE id = 'f1bf295c-195b-5a42-9c6b-5bfa14b58307';
UPDATE public.team SET plan_id = 52 WHERE id = 'e0eebbc8-63c9-5fee-b088-b3310b672c35';
UPDATE public.team SET plan_id = 52 WHERE id = '1c17c04a-19f5-5c48-8b6b-48fe02257ffb';
UPDATE public.team SET plan_id = 52 WHERE id = 'a2996c99-b8bb-5bf6-b789-844e821ceb82';
UPDATE public.team SET plan_id = 52 WHERE id = '5d016028-a6a3-5268-91a3-91021dbfda0a';
UPDATE public.team SET plan_id = 52 WHERE id = 'b279891e-05aa-528b-867b-dd6fe5fa77c8';
UPDATE public.team SET plan_id = 52 WHERE id = 'ff53868f-9940-575d-8fa8-923808f93a53';
UPDATE public.team SET plan_id = 52 WHERE id = '8172203a-00e7-5e0e-919b-2970e0d891df';
UPDATE public.team SET plan_id = 52 WHERE id = '7b5ee10b-959f-565b-9dac-a4bab4f6c6bf';
UPDATE public.team SET plan_id = 52 WHERE id = '38400370-0369-5239-8b08-499aef0591ef';
UPDATE public.team SET plan_id = 52 WHERE id = '77394b64-1ec1-5043-8dc3-08f9200521d4';
UPDATE public.team SET plan_id = 53 WHERE id = '5e20f9a8-7b26-5a5f-8426-6b12c182d23c';
UPDATE public.team SET plan_id = 53 WHERE id = '53fe0e9e-3358-5722-b994-4faad8733cd3';
UPDATE public.team SET plan_id = 53 WHERE id = 'e4834379-a7a0-5f41-8193-f598072b1c83';
UPDATE public.team SET plan_id = 53 WHERE id = 'a9f91eda-269f-54d0-83de-05f0c2ecbf08';
UPDATE public.team SET plan_id = 53 WHERE id = 'c0062d28-74ce-56b0-8124-852c5c4cdd1f';
UPDATE public.team SET plan_id = 53 WHERE id = 'a1d779f7-e622-5cd1-b766-eb2b7925b3c0';
UPDATE public.team SET plan_id = 53 WHERE id = 'bd4e2ea6-e7d4-5655-93cc-d1ed71c3483c';
UPDATE public.team SET plan_id = 53 WHERE id = 'fb2f612f-57ab-526e-8b57-f5de07942107';
UPDATE public.team SET plan_id = 53 WHERE id = '38cee772-792e-54fe-ae0f-d62f75f71c11';
UPDATE public.team SET plan_id = 53 WHERE id = '60f279f1-b04c-57b1-b6aa-b71a8811c6ab';
UPDATE public.team SET plan_id = 53 WHERE id = 'b5d35d7e-f19e-568e-9efe-911f779c892f';
UPDATE public.team SET plan_id = 54 WHERE id = '782f7eda-e535-5ab3-8415-643126d3b0fa';
UPDATE public.team SET plan_id = 54 WHERE id = '5daf6f25-3b97-5f49-8f75-4ba5d1d74cd3';
UPDATE public.team SET plan_id = 54 WHERE id = '3788fdae-c690-5563-abac-18b51e4d210f';
UPDATE public.team SET plan_id = 54 WHERE id = '177ae72e-41a6-5325-80d6-452827ea5918';
UPDATE public.team SET plan_id = 54 WHERE id = 'c0a2f5c4-7781-5310-ad3c-e7b9f41a7ace';
UPDATE public.team SET plan_id = 54 WHERE id = '71c019c0-f4c8-51ac-bfff-4141eabf85f3';
UPDATE public.team SET plan_id = 54 WHERE id = 'ab4eb860-b9b9-58f5-84c6-b76a08d23dfd';
UPDATE public.team SET plan_id = 54 WHERE id = 'dd9140ad-b92d-5673-a8c2-8b1c4e3e8697';
UPDATE public.team SET plan_id = 54 WHERE id = '78de8c0c-fe2d-50bd-afca-68bed9f87cd0';
UPDATE public.team SET plan_id = 54 WHERE id = '81e51b22-aab8-5050-a735-aa5917f8771b';
UPDATE public.team SET plan_id = 54 WHERE id = 'f6cb58dd-a0aa-5d2b-8ce5-200e44be4f36';
SELECT setval('"public"."plan_id_seq"'::regclass, (SELECT MAX("id") FROM "public"."plan"));
INSERT INTO public.arena (id,game_id,name,metadata,created_at,updated_at) VALUES (171, 51, 'Silverlake Stadium', '{"A":"Sed explicem"}', DEFAULT, DEFAULT), (172, 51, 'Downtown Plaza Pavilion', '{"In":"Adiuvet ne bonare"}', DEFAULT, DEFAULT), (173, 51, 'Bayshore Pavilion', '{"Se":"Petu ad causam"}', DEFAULT, DEFAULT), (174, 51, 'Sunset Stadium', '{"Es":"Videntur aut"}', DEFAULT, DEFAULT), (175, 51, 'Downtown Square Pavilion', '{"Tamenti":"Adipsa dolorem veris"}', DEFAULT, DEFAULT), (176, 51, 'Oceanfront Amphitheater', '{"Non":"Reliqua voluptatem"}', DEFAULT, DEFAULT), (177, 52, 'Main Square Arena', '{"Ut":"Dolor quo"}', DEFAULT, DEFAULT), (178, 51, 'Southbank Arena', '{"Omnino":"Synephebosop acut sicut"}', DEFAULT, DEFAULT), (179, 52, 'Waterfront Amphitheater', '{"Alest":"Ipse pertur voluptate"}', DEFAULT, DEFAULT), (180, 51, 'Meadowbrook Pavilion', '{"A":"Voluptatib posse quae"}', DEFAULT, DEFAULT);
SELECT setval('"public"."arena_id_seq"'::regclass, (SELECT MAX("id") FROM "public"."arena"));
INSERT INTO public.blueprint (id,book_id,arena_id,visibility,name,tags,data,created_at,updated_at) VALUES ('fd4a2d4e-8569-59ca-837d-fb7fa0ab1be1', 'e4de1a09-bd9a-5e42-b92c-2cb1af28bec6', 175, 'public', 'Roaming Support Plan', '{}', DEFAULT, DEFAULT, DEFAULT), ('e0502ed9-8194-54d4-be5d-43176e2a7438', '6c3f6730-2b1a-5e27-97de-caacad0bb1a5', 178, 'unlisted', 'Roaming Support Plan', '{"occaecat proident anim labore","mollit pariatur dolor cillum","duis est elit excepteur","velit in","dolor minim Lorem cupidatat"}', DEFAULT, DEFAULT, DEFAULT), ('cba89714-5b1d-590f-92a2-27cfb555b7e4', 'df686e46-eb10-5a3f-abfb-03f34e72d244', 174, 'public', 'Gank Heavy Approach', '{"do mollit adipisicing","pariatur ullamco ipsum mollit","quis velit","tempor","eu consequat officia mollit cons"}', DEFAULT, DEFAULT, DEFAULT), ('497b8842-fb80-5638-ba6f-3f3e64daa06b', '405dd580-b1c8-5c0e-9df0-d82b7f57175d', 172, 'public', 'Map Control Blueprint', '{"ut esse labore","deserunt dolor","exercitation sit consectetur","enim minim","aliquip fugiat mollit","incididunt est amet","commodo pariatur","nisi esse","anim ex laborum voluptate"}', DEFAULT, DEFAULT, DEFAULT), ('75fbf0dd-b3c9-5513-87f0-9d9a9004f64c', '77085b75-b014-57d0-8618-9cc95436a25e', 173, 'private', 'Baron Control Strategy', '{"tempor","reprehenderit aute fugiat incidi","non mollit sit","reprehenderit laborum laboris"}', DEFAULT, DEFAULT, DEFAULT), ('0352b4c9-6de9-5702-929d-3d622c6456a1', 'fe78882d-8d81-5307-9012-7c7cadbfdbe6', 174, 'public', 'Rotation Strategy Document', '{"culpa et aute","eu fugiat","et proident","nulla aute consectetur exercitat","culpa veniam veniam non","do labore Lorem laborum occaecat","esse tempor aliquip","anim eiusmod incididunt"}', DEFAULT, DEFAULT, DEFAULT), ('1e701d2b-566c-5f82-8280-a2a9d02ee590', '8a0a556f-d942-55f0-8ba8-1ffbfaf3c6d9', 174, 'unlisted', 'Early Game Dominance Guide', '{"consectetur exercitation consect","exercitation ipsum exercitation","reprehenderit nulla non exercita","amet nulla incididunt deserunt","dolore nulla","Lorem ex excepteur ex"}', DEFAULT, DEFAULT, DEFAULT), ('f04c0ed1-b624-5092-8b98-dae6fff857dc', '1d3f740a-8c60-5c1d-aa9e-3854a33c8e1d', 176, 'private', 'Early Game Dominance Guide', '{"qui","quis aute ex proident","velit nulla"}', DEFAULT, DEFAULT, DEFAULT), ('7eef79d9-ea6c-5417-b347-09dbcb8b4c78', '0a9347d2-3396-5e6a-98f1-b406ca195226', 173, 'unlisted', 'Roaming Support Plan', '{"et","dolor sint reprehenderit","sunt","aliqua aliquip","ea laborum ad","eiusmod magna eiusmod","officia exercitation proident ci"}', DEFAULT, DEFAULT, DEFAULT), ('3aff3e37-0331-5c7a-a0f5-1b6595c2ad7b', 'df686e46-eb10-5a3f-abfb-03f34e72d244', 179, 'public', 'Baron Control Strategy', '{"elit proident aliquip enim"}', DEFAULT, DEFAULT, DEFAULT), ('7c0cf1d4-d57d-5092-a3f0-ca49e04ace52', '63e38d08-3dd9-5569-ab28-f70e94b3cdb7', 173, 'public', 'Roaming Support Plan', '{"pariatur"}', DEFAULT, DEFAULT, DEFAULT), ('26c80d6d-0d6f-5fb2-8296-8b5e9e1fdeb7', 'a88bc9b9-135e-55c7-8c4c-5a072a3c8573', 180, 'unlisted', 'Early Game Dominance Guide', '{"ea"}', DEFAULT, DEFAULT, DEFAULT), ('310ccf44-859c-5587-8001-5aa84afb3236', 'e6e5bdc8-dbe5-545a-b616-a55a5f857d1f', 177, 'private', 'Wave Management Plan', '{"reprehenderit duis non sit","qui et sit deserunt esse","do","aute fugiat"}', DEFAULT, DEFAULT, DEFAULT), ('c6131a0d-c1ea-5dce-8460-c91026e41f9f', '051188d3-54fa-59f4-adc8-b929fcb2c826', 177, 'public', 'Siege Tactics Handbook', '{"ea consectetur anim","do dolore","eiusmod consectetur","sunt labore elit","mollit sunt nisi consectetur ull","elit aliquip laborum","ad id et pariatur","aute consequat","irure irure","esse in anim"}', DEFAULT, DEFAULT, DEFAULT), ('054eb394-a081-59a1-b613-e1c8bbcc6250', '26f7bb6a-3c9c-5b30-b11b-be5ebfb91948', 173, 'public', 'Counter Pick Blueprint', '{"nisi enim aute do velit","et","dolor sint","amet minim pariatur voluptate","excepteur sunt commodo","minim sunt officia voluptate","ex cillum","excepteur laboris"}', DEFAULT, DEFAULT, DEFAULT), ('4cb602e9-b66f-5f7e-a7a1-71729454372c', '98eaafd3-adbf-5a3e-adb9-b3fb6971b6f1', 178, 'unlisted', 'Rotation Strategy Document', '{"adipisicing ipsum do","id","ex esse","enim do tempor magna","anim ea","nostrud ad","et non irure non cupidatat"}', DEFAULT, DEFAULT, DEFAULT), ('8ed312f8-fa19-5305-a78e-7cdee2dc9e00', 'df625f4d-0fe2-599a-b1d3-13232701e19f', 179, 'private', 'Aggressive Rush Strategy', '{"exercitation ullamco Lorem ex","nostrud Lorem ad laboris","sint eu","consectetur irure"}', DEFAULT, DEFAULT, DEFAULT), ('c9bad04c-3d6e-5efe-9540-7763dde57640', '7f78fee3-dd27-5696-858f-318bd4cbf2a8', 179, 'private', 'Objective Focused Strategy', '{"cillum","duis ad","magna non","laborum laboris veniam velit con","aute magna deserunt in"}', DEFAULT, DEFAULT, DEFAULT), ('7a350dde-d215-538c-bfd3-d5cdd8b40555', '88514f78-7770-5bc2-96a4-f0f4ebcab4a4', 180, 'public', 'Counter Pick Blueprint', '{"est","eiusmod esse sunt eiusmod exerci"}', DEFAULT, DEFAULT, DEFAULT), ('bd6c4dd0-06e8-56ab-abd6-6e9e777c13a7', '9e6824f3-dac2-540f-9e3d-8797171dab14', 174, 'public', 'Counter Pick Blueprint', '{"ut incididunt eu","dolor ullamco duis nostrud","velit aute cupidatat duis","consectetur velit duis","Lorem et irure","velit id non Lorem culpa","ut Lorem anim","pariatur ullamco"}', DEFAULT, DEFAULT, DEFAULT), ('844103e5-8cf8-5795-8a63-ccecfc3e2001', 'fb634118-b8a6-50b7-9010-0317dd27fba6', 176, 'public', 'Gank Heavy Approach', '{"velit deserunt tempor","nostrud sit veniam","esse nisi minim sunt","proident id"}', DEFAULT, DEFAULT, DEFAULT), ('582d0ca1-76cc-5500-9dd8-190ab817072d', '3204ce32-7c5b-5953-969e-fe1d17de6e76', 179, 'private', 'Vision Control Blueprint', '{"velit aute anim amet","mollit non ut","eiusmod irure proident","aliquip tempor","sunt irure do","reprehenderit sint sunt"}', DEFAULT, DEFAULT, DEFAULT), ('9012aa86-f8a2-5033-82d5-336bcaa03c26', 'beb6961f-fe15-549e-851d-4b848f0c22b3', 180, 'public', 'Siege Tactics Handbook', '{"id","pariatur sit non adipisicing","aute reprehenderit eiusmod","occaecat amet"}', DEFAULT, DEFAULT, DEFAULT), ('746bb5ad-439a-519a-90ef-991641df1623', '262a78c7-eb9d-5e1a-8e58-41ecb0c31fbd', 178, 'unlisted', 'Late Game Scaling Strategy', '{"minim ad exercitation culpa","id sunt","velit minim ullamco","reprehenderit minim culpa deseru","amet aute in deserunt est","enim nulla esse ut","aliquip veniam adipisicing enim ","tempor est in dolore","nulla consequat","est"}', DEFAULT, DEFAULT, DEFAULT), ('b1bab82d-de7c-55e3-8115-1651b8f68765', '5b303ef1-7516-512a-ba01-9f0dc05d7d2a', 172, 'private', 'Secure Objective Playbook', '{"anim cupidatat incididunt ullamc"}', DEFAULT, DEFAULT, DEFAULT), ('0145500d-2ab2-5c49-9cea-edd711ce1cc9', '8926b9fd-34b2-5421-a25c-9cd89c12cad0', 174, 'unlisted', 'Aggressive Rush Strategy', '{"nostrud excepteur officia","nisi fugiat","ea ut sit mollit consectetur","anim amet sint ullamco","non nulla cillum eu"}', DEFAULT, DEFAULT, DEFAULT), ('703c3370-90fb-5d22-8365-f34357b3ffb8', 'fb634118-b8a6-50b7-9010-0317dd27fba6', 177, 'private', 'Rotation Strategy Document', '{"ipsum proident","laborum","excepteur laborum reprehenderit "}', DEFAULT, DEFAULT, DEFAULT), ('fd862b26-fe8c-52d0-b06e-3c9f938bd3ab', 'd6d652bf-48a5-5a85-a95d-16c25edc5397', 177, 'public', 'Jungle Control Playbook', '{"velit consectetur labore","nostrud laboris","voluptate consectetur commodo ul","ipsum amet dolor laborum","proident nostrud aliquip"}', DEFAULT, DEFAULT, DEFAULT), ('70415515-b81b-59ef-a1ed-18578b73b7ae', '8d3f145b-67b0-504d-b49a-d59ecea5d2d8', 178, 'private', 'Baron Control Strategy', '{"fugiat sunt non","deserunt anim eu ut"}', DEFAULT, DEFAULT, DEFAULT), ('c5558815-aa72-5938-a7c8-62ae2c1a039c', 'a4b32498-f3a6-5110-a5b6-de20f0314c35', 178, 'public', 'Secure Objective Playbook', '{"commodo Lorem","nisi exercitation sint"}', DEFAULT, DEFAULT, DEFAULT), ('703bbd20-9625-5bd7-8aa3-5ead0245fe50', 'e9decb87-4a50-5c41-896c-16fe0d21ebca', 171, 'unlisted', 'Objective Focused Strategy', '{"cillum mollit commodo dolore","cupidatat ea","ullamco","in culpa exercitation deserunt","Lorem aliquip","labore velit excepteur","sit laboris ipsum sit","reprehenderit occaecat est aliqu","veniam"}', DEFAULT, DEFAULT, DEFAULT), ('68ff3d82-b6b6-5053-9e74-aa9b346dd8d1', '887dee3f-7921-537c-91f1-8b0d43117b12', 180, 'private', 'Wave Management Plan', '{"ullamco","occaecat sunt ea cillum est","aliquip elit","pariatur elit pariatur"}', DEFAULT, DEFAULT, DEFAULT), ('522e120d-7e21-504a-9c96-99e429197e5a', 'd1b8f3f8-af26-5088-8712-273c28ba98f7', 177, 'unlisted', 'Counter Pick Blueprint', '{"duis veniam ad minim","occaecat proident sint","incididunt fugiat incididunt ame","consectetur Lorem aliqua"}', DEFAULT, DEFAULT, DEFAULT), ('54b879fc-04e4-53b3-8cec-0174fc0ccd34', '6fc34c52-742f-56c2-b6c3-89dee63a8839', 175, 'private', 'Counter Pick Blueprint', '{}', DEFAULT, DEFAULT, DEFAULT), ('fb90b354-0ae1-59da-9637-61f6c5ed3fb9', '9e6824f3-dac2-540f-9e3d-8797171dab14', 174, 'public', 'Secure Objective Playbook', '{"in officia","ullamco minim","aliquip","voluptate voluptate dolore aliqu","consequat voluptate aute consequ","consectetur exercitation","nisi adipisicing id","veniam sint proident","velit"}', DEFAULT, DEFAULT, DEFAULT), ('95b3988b-e14b-57a7-900d-4985cb116f17', '7b09592d-b146-5ee2-9db5-3683955196d6', 176, 'private', 'Gank Heavy Approach', '{"et dolore deserunt ut aliqua","cillum qui veniam","consequat consectetur velit irur","in"}', DEFAULT, DEFAULT, DEFAULT), ('7d1face3-2e87-52f5-9623-fff9de0a6539', 'bbcbd7eb-4377-550e-af45-f77d693d98fe', 179, 'public', 'Map Control Blueprint', '{"sint aute amet ea","in qui do officia","occaecat culpa labore cillum","pariatur non","mollit sint","mollit velit Lorem enim"}', DEFAULT, DEFAULT, DEFAULT), ('e8bf9a25-132d-5d46-b40a-d08534be6c9f', 'df90352f-468b-5345-9b3e-522b747ccf55', 171, 'unlisted', 'Counter Pick Blueprint', '{}', DEFAULT, DEFAULT, DEFAULT), ('29a560e9-84d9-5f41-9b09-76969cbfb144', '763ebb5f-add9-59ff-9a26-6b4030dae259', 172, 'public', 'Counter Pick Blueprint', '{"nulla voluptate fugiat elit","velit sint","duis excepteur enim qui","pariatur aliqua ullamco dolor","cupidatat ipsum elit id sit","Lorem voluptate minim","laboris officia","reprehenderit qui","velit consequat eu consequat"}', DEFAULT, DEFAULT, DEFAULT), ('d9c4b302-5ab0-5114-8120-41d1876c7eb9', 'bbcbd7eb-4377-550e-af45-f77d693d98fe', 177, 'public', 'Objective Focused Strategy', '{"est sit sit non occaecat","exercitation reprehenderit aliqu","laborum eu aliqua occaecat","proident ullamco","consectetur","ut ullamco pariatur in in","aliqua pariatur"}', DEFAULT, DEFAULT, DEFAULT), ('ca1b9e1e-f7c0-5c4a-a566-aabf3f7ebb80', '28e4b717-ba20-5ce6-96db-f08421aa2fc7', 173, 'unlisted', 'Vision Denial Blueprint', '{"quis ex aliquip","eiusmod nisi commodo pariatur","ad occaecat culpa","id reprehenderit adipisicing par","qui aliquip aliqua est tempor","ea","occaecat tempor","dolore ullamco fugiat anim","qui amet laborum ex id"}', DEFAULT, DEFAULT, DEFAULT), ('cde91e33-9c71-56e0-b19e-f2372fa577cf', '1716ac71-f35f-52a7-acdc-316247462f37', 180, 'private', 'Secure Objective Playbook', '{"adipisicing incididunt adipisici","proident voluptate do irure","aute sit mollit nostrud","sit aute voluptate aliqua","laborum culpa nisi","laboris","culpa incididunt","irure proident","amet ea cillum laboris"}', DEFAULT, DEFAULT, DEFAULT), ('013547e4-326e-5221-8377-310093ccf53a', '763ebb5f-add9-59ff-9a26-6b4030dae259', 180, 'private', 'Rotation Strategy Document', '{"aliqua occaecat et","minim dolore","sint proident sunt"}', DEFAULT, DEFAULT, DEFAULT), ('50cffa66-dd91-5aed-8c46-1b76e488de31', 'be8eca74-88dc-5f62-a6bb-1a0cde780aab', 176, 'unlisted', 'Rotation Strategy Document', '{"do irure deserunt mollit","sunt duis irure","dolore proident cupidatat minim","do magna"}', DEFAULT, DEFAULT, DEFAULT), ('f550c2bf-a147-5e29-8a01-470336f387eb', '887dee3f-7921-537c-91f1-8b0d43117b12', 176, 'unlisted', 'Map Control Blueprint', '{"consectetur consequat enim"}', DEFAULT, DEFAULT, DEFAULT), ('a30e3d57-ad0a-594d-9622-8a2514b8110c', '09617df2-6261-5b47-bc30-85d317367d48', 178, 'private', 'Roaming Support Plan', '{"labore amet id consectetur","adipisicing tempor minim","minim aute laborum adipisicing d","adipisicing","ea in ut"}', DEFAULT, DEFAULT, DEFAULT), ('cb76f565-509b-50d9-bbe4-5c6e7c9b0eb4', '734282bd-df4e-5f8d-afc5-83f4c9131800', 180, 'unlisted', 'Secure Objective Playbook', '{"voluptate dolore reprehenderit i","veniam dolor velit","eu","adipisicing","exercitation amet sint","veniam dolore"}', DEFAULT, DEFAULT, DEFAULT), ('a344c7b4-07e6-54df-b4ed-f27c7916e147', 'd35ecca3-ac35-5e28-8e7e-6a25de908d18', 172, 'public', 'Split Push Blueprint', '{"do velit sunt ad","nostrud et quis qui ut","occaecat anim pariatur nulla"}', DEFAULT, DEFAULT, DEFAULT), ('6c40d2d3-07ad-5aa1-a5fa-cf5861475e5d', 'd664e8db-93ef-5294-a361-9e8640907e59', 175, 'unlisted', 'Team Fight Execution Plan', '{"ex labore","veniam","proident anim aliqua","incididunt ea incididunt","nulla duis labore laboris commod","fugiat magna quis dolore eiusmod","enim elit excepteur","eu quis velit esse","fugiat deserunt minim ipsum"}', DEFAULT, DEFAULT, DEFAULT), ('ba7460a4-9316-52e4-9e3a-05ee82b85e66', 'cd1520c4-af17-5e1e-b5b0-a9e95f36a7c4', 175, 'unlisted', 'Split Push Blueprint', '{"esse non id enim","eiusmod sunt adipisicing volupta","id proident elit laborum veniam","amet do adipisicing cillum","commodo culpa excepteur reprehen","qui do quis"}', DEFAULT, DEFAULT, DEFAULT), ('fb3595df-62ad-5f54-ac34-3a578952555c', 'b88b1af1-79fe-5af5-9c91-0c77ed20973b', 179, 'public', 'Map Control Blueprint', '{"ipsum id laborum duis","labore cillum eu magna","aute sint exercitation magna","culpa laborum eiusmod","et amet eiusmod","ut aliquip ullamco","minim sint adipisicing"}', DEFAULT, DEFAULT, DEFAULT), ('90edde40-1b87-5f75-90b9-68639fbcb2b8', '36f6f3ba-e867-5008-b6c1-829e989f9d2f', 178, 'unlisted', 'Map Control Blueprint', '{"esse anim culpa voluptate Lorem","qui eiusmod ad","tempor aliquip","ad deserunt est ullamco","ipsum culpa anim amet","ad minim"}', DEFAULT, DEFAULT, DEFAULT), ('ea26a496-35d8-5f3f-a769-a80898ec7b17', '6a248992-e0a8-5c27-8d71-fd2cfd3a1fd6', 172, 'unlisted', 'Aggressive Rush Strategy', '{"nostrud in cillum","minim voluptate","veniam do adipisicing pariatur","eu qui est dolore","aute nisi","velit dolore","laboris sit eiusmod est","id"}', DEFAULT, DEFAULT, DEFAULT), ('035a0a25-d588-551c-9f76-4e9f593ffaf4', '72d447b0-a4fa-5de7-bb4c-9ff5f169dfea', 179, 'public', 'Aggressive Rush Strategy', '{"laborum ipsum eu irure","minim excepteur occaecat","est sint","eiusmod est nisi officia","aute elit dolor","officia anim fugiat aute","aliqua labore","consectetur excepteur velit exer","dolore nulla in nisi"}', DEFAULT, DEFAULT, DEFAULT), ('e7f55997-6008-5d29-9f7f-564ab748cc59', 'e9decb87-4a50-5c41-896c-16fe0d21ebca', 178, 'private', 'Siege Tactics Handbook', '{"amet ad et quis","amet"}', DEFAULT, DEFAULT, DEFAULT), ('396ce0bd-b3e1-5b3c-94ea-bb5357e1c76a', 'ac772386-a452-5d18-88c7-396c2a71eb0b', 179, 'unlisted', 'Roaming Support Plan', '{"cillum velit","minim esse deserunt labore in","officia","veniam id minim","minim pariatur ea dolore aliquip","cillum cillum sint Lorem","aute nisi id"}', DEFAULT, DEFAULT, DEFAULT), ('4cb2c65b-80df-57cc-9c0d-6c346029b88f', '45173bfe-a11f-574a-ac25-21cda1308ec9', 175, 'public', 'Objective Focused Strategy', '{"tempor enim fugiat","tempor exercitation magna aute e"}', DEFAULT, DEFAULT, DEFAULT), ('8172dfee-2cce-5dee-9293-b6bd5f74d656', 'df90352f-468b-5345-9b3e-522b747ccf55', 179, 'public', 'Team Fight Execution Plan', '{"pariatur dolore labore veniam in","deserunt ex fugiat non dolore","non cillum","consectetur labore"}', DEFAULT, DEFAULT, DEFAULT), ('910e8e4b-af24-5f28-a2eb-631066a490eb', 'ea56a5ec-2249-5fba-8891-278bcdbbb33d', 178, 'public', 'Vision Denial Blueprint', '{"voluptate occaecat voluptate nis","exercitation laborum non consequ","ad cillum","velit excepteur","ea et","excepteur aute nulla in","aliqua pariatur commodo culpa","tempor"}', DEFAULT, DEFAULT, DEFAULT), ('150381a3-e791-54de-9419-0edac12fb9eb', '096adf71-c74e-5b77-822b-46a8768797c5', 172, 'public', 'Counter Pick Blueprint', '{"culpa dolor","ea culpa aliqua consequat","dolore sunt ad"}', DEFAULT, DEFAULT, DEFAULT), ('ddb37574-0dbe-5aa4-a5e8-b15242cefaff', '72d447b0-a4fa-5de7-bb4c-9ff5f169dfea', 177, 'private', 'Counter Pick Blueprint', '{"consequat ad magna amet","sint","dolor labore fugiat enim"}', DEFAULT, DEFAULT, DEFAULT), ('77fbdaed-4103-591b-82ee-3e3fa4b78a9b', 'b576de0c-954e-5345-a9e7-0d691c52341a', 180, 'public', 'Late Game Scaling Strategy', '{"et","mollit mollit","id sint","incididunt excepteur nostrud in"}', DEFAULT, DEFAULT, DEFAULT), ('0f1e8b42-396d-5765-be37-bce2ee646e04', 'ac772386-a452-5d18-88c7-396c2a71eb0b', 174, 'public', 'Defensive Turtle Tactics', '{"esse est non","consectetur minim mollit","adipisicing reprehenderit et ips","consectetur magna nulla incididu","veniam exercitation irure velit "}', DEFAULT, DEFAULT, DEFAULT), ('5308f8b3-4d4d-529a-bd7c-3a77ac4fe6ae', '6a3486ce-c3fa-519b-8ad1-f329a5c3ee43', 177, 'public', 'Jungle Control Playbook', '{"magna est","in laboris labore aliquip in","tempor ut ea duis","et incididunt deserunt cupidatat"}', DEFAULT, DEFAULT, DEFAULT), ('851e9ece-db38-530e-b3f9-f5e1d49a3b34', 'e2b744a0-a170-5a87-828d-34cc6f64ca05', 177, 'private', 'Gank Heavy Approach', '{"Lorem laboris ad","adipisicing do","laboris pariatur proident minim ","labore","qui commodo Lorem consectetur"}', DEFAULT, DEFAULT, DEFAULT), ('2189cd55-c657-5ce9-999a-da1a2dbf7ea0', '5c25ba01-ab4d-5527-9a41-d79d770f3d79', 171, 'private', 'Late Game Scaling Strategy', '{"aute elit qui ipsum","nisi pariatur id et"}', DEFAULT, DEFAULT, DEFAULT), ('902d4a21-0657-5095-b741-ac0d408bb89e', 'ccd28d41-9086-5b64-b351-585431787bb7', 177, 'private', 'Early Game Dominance Guide', '{}', DEFAULT, DEFAULT, DEFAULT), ('0d40f7c0-72b0-55c2-8e48-c6c65bd9815f', 'd2f08d89-447f-5d3d-96e5-385ed888c091', 172, 'public', 'Map Control Blueprint', '{"cupidatat commodo reprehenderit ","ipsum laboris","excepteur est irure aliqua","et"}', DEFAULT, DEFAULT, DEFAULT), ('f09f5f0c-d6f4-5089-a919-82fdea15dad9', '495390bc-68e6-52a4-b1ba-2f994586821a', 171, 'private', 'Vision Denial Blueprint', '{"in do","consequat mollit voluptate duis ","qui non consectetur aute","id","qui fugiat adipisicing nisi","labore ipsum"}', DEFAULT, DEFAULT, DEFAULT), ('9bfcf305-f3a4-5bed-9ee4-3f5ccf9e59af', '6c3f6730-2b1a-5e27-97de-caacad0bb1a5', 175, 'private', 'Early Game Dominance Guide', '{"esse voluptate","enim","consectetur","dolor","aliquip non ea irure adipisicing","adipisicing aute","excepteur velit velit","laboris quis nisi enim"}', DEFAULT, DEFAULT, DEFAULT), ('2ff309f0-6726-5920-ad23-47ba58fd2525', '43bcab14-4a69-5e60-a07f-cda2fe595a2a', 178, 'unlisted', 'Counter Pick Blueprint', '{"nostrud in do minim","nisi cupidatat irure exercitatio"}', DEFAULT, DEFAULT, DEFAULT), ('bac302d7-9e20-52d1-89cc-b0e99ef3b896', 'fd2a8113-662a-5782-9e12-f7b49eee56e0', 172, 'public', 'Defensive Turtle Tactics', '{"culpa","consectetur mollit qui","dolor","veniam do sunt nisi","eu commodo ex culpa","dolore incididunt"}', DEFAULT, DEFAULT, DEFAULT), ('ef31ceeb-0f8d-5da0-ab9c-18045c420f99', '59fbbc7c-edc9-5d3c-9170-cf6acabbcd28', 175, 'private', 'Defensive Turtle Tactics', '{"nisi","eu dolor","sit eiusmod","Lorem ad sint cupidatat","cillum","nostrud","minim cupidatat in","reprehenderit ipsum eu sit","dolor ea reprehenderit anim","aliqua occaecat culpa culpa"}', DEFAULT, DEFAULT, DEFAULT), ('2be70e34-56ed-5cb2-9758-b8f796ec32ec', 'b576de0c-954e-5345-a9e7-0d691c52341a', 180, 'public', 'Wave Management Plan', '{"proident ad sunt","id nostrud elit nostrud incididu","eiusmod duis quis mollit irure","adipisicing reprehenderit","velit eu duis dolor laborum","pariatur qui aliquip sunt","sit nostrud est"}', DEFAULT, DEFAULT, DEFAULT), ('49e5f9f5-6a8f-5423-81e9-9e8e2c467770', '5783cab4-e010-523b-b893-81b388f43d06', 179, 'unlisted', 'Siege Tactics Handbook', '{"eu aliquip commodo eiusmod","officia quis aute deserunt","commodo velit","et duis","dolor qui magna amet","dolor minim","adipisicing eu fugiat aliqua","laboris duis officia ipsum","exercitation"}', DEFAULT, DEFAULT, DEFAULT), ('421a5d89-58fa-56e2-87c9-a4c6fd3159db', 'f4b5542b-ba61-519e-a8d2-5793282ad487', 179, 'public', 'Defensive Turtle Tactics', '{"eiusmod in veniam","mollit cupidatat","exercitation laboris ut do","labore enim tempor aliqua"}', DEFAULT, DEFAULT, DEFAULT), ('c2ab0ed6-ea98-544f-a35e-cfff5a185dc8', '65d5f58f-a7d0-56d7-a4ee-df91649fa9a4', 172, 'unlisted', 'Roaming Support Plan', '{"laborum magna eu cupidatat","occaecat amet mollit labore","laboris fugiat ex aliqua minim","sunt eiusmod sunt eiusmod nulla","proident id ut ex","voluptate officia","excepteur commodo"}', DEFAULT, DEFAULT, DEFAULT), ('6c6d219e-3884-5c60-8485-0fb500d0b675', '096adf71-c74e-5b77-822b-46a8768797c5', 178, 'unlisted', 'Roaming Support Plan', '{"adipisicing anim incididunt","excepteur est magna nulla"}', DEFAULT, DEFAULT, DEFAULT), ('d5fd2418-0c52-558a-8369-707f9186db0b', 'd3953f9f-e0f9-5aed-9d31-3f026a23da12', 176, 'unlisted', 'Early Game Dominance Guide', '{"magna esse","do sunt laboris","mollit laboris dolore amet","nisi sit exercitation adipisicin","consequat"}', DEFAULT, DEFAULT, DEFAULT), ('0f22fcab-183d-5e80-9a98-c495a215f5f8', 'b5f933d0-c28e-517c-9fca-d9e38dc742a2', 171, 'unlisted', 'Defensive Turtle Tactics', '{"adipisicing elit consequat do au","ut dolor reprehenderit qui in","quis nostrud","do non quis","fugiat ea dolor","duis non est fugiat irure","elit exercitation ad voluptate a","adipisicing consectetur in labor","est commodo voluptate"}', DEFAULT, DEFAULT, DEFAULT), ('f92c2ba5-8b0e-58ef-9364-e364e4c41522', '0e342915-b360-541f-8c0a-bdf36b3c0ce2', 178, 'unlisted', 'Counter Pick Blueprint', '{}', DEFAULT, DEFAULT, DEFAULT), ('e2ec2872-d983-5938-8f1c-38a9a14124dd', 'fd2a8113-662a-5782-9e12-f7b49eee56e0', 178, 'public', 'Counter Pick Blueprint', '{"laboris deserunt adipisicing eiu","labore irure eu cupidatat ea"}', DEFAULT, DEFAULT, DEFAULT), ('4d4230bc-d1b6-532c-9bbf-8c67caf4f9ed', '09204188-e618-5728-88fc-034120742c41', 173, 'private', 'Early Game Dominance Guide', '{"Lorem aliquip excepteur","pariatur aliquip magna nulla sit","proident","id quis nostrud mollit minim","elit aliquip","minim qui"}', DEFAULT, DEFAULT, DEFAULT), ('8be9ffc5-25d1-5c32-be1f-9a9ec00544f6', '305fa448-c3bf-59c7-a989-19ae69ce0725', 176, 'unlisted', 'Early Game Dominance Guide', '{}', DEFAULT, DEFAULT, DEFAULT), ('a3241e44-bd93-5a11-a730-863e8eb75275', 'd073b0b8-955f-5aab-9c76-3aebe9fa08b6', 177, 'private', 'Gank Heavy Approach', '{"proident ex sint consequat","esse velit deserunt amet","laboris consequat aliquip labore","eu mollit","non elit","tempor et","esse elit laborum amet","ipsum ad"}', DEFAULT, DEFAULT, DEFAULT), ('a1c32f18-989f-5961-80f5-4a21a838bc95', 'c15a1a93-cc16-5536-8ab0-42ef9626e379', 180, 'private', 'Baron Control Strategy', '{"incididunt do amet","voluptate culpa voluptate esse","Lorem duis exercitation occaecat","Lorem ex amet culpa","ipsum est","occaecat esse commodo laboris","deserunt","do cupidatat"}', DEFAULT, DEFAULT, DEFAULT), ('8fde1282-59d1-5f9b-bc10-4130ce793fa9', 'bbc51950-a428-5ed7-b604-6444a902714b', 179, 'public', 'Late Game Scaling Strategy', '{"adipisicing voluptate quis eu","velit irure duis","tempor duis elit quis"}', DEFAULT, DEFAULT, DEFAULT), ('f85f8e1b-b8a0-528e-bc81-49b3e6a34ee5', '274020d9-7513-5cf6-ae0b-e94ef1d1a62f', 172, 'unlisted', 'Wave Management Plan', '{"anim ex","sit cillum reprehenderit proiden","nostrud pariatur","ad sit","duis labore laboris labore","fugiat qui","pariatur velit enim","officia anim ut dolor Lorem","magna anim excepteur ea id","dolore ex aute"}', DEFAULT, DEFAULT, DEFAULT), ('e16cfe57-140d-5b3e-90f8-910575ffdd47', '36f6f3ba-e867-5008-b6c1-829e989f9d2f', 174, 'unlisted', 'Early Game Dominance Guide', '{}', DEFAULT, DEFAULT, DEFAULT), ('06866e23-2aeb-59f2-9d3c-156507eb23db', 'e20720a7-b660-50e0-8da5-8784fa26a31d', 179, 'private', 'Gank Heavy Approach', '{"mollit Lorem elit do officia","dolor ex","do do duis","veniam","incididunt elit ullamco duis off","non consectetur","adipisicing reprehenderit laboru","laborum excepteur ad anim consec"}', DEFAULT, DEFAULT, DEFAULT), ('e5c44c16-4905-59d0-8c2a-f48ebfc3fdcc', 'c9fc147f-dadb-5b75-8ed7-efb86a7392ce', 173, 'unlisted', 'Split Push Blueprint', '{}', DEFAULT, DEFAULT, DEFAULT), ('0298782b-da7d-55b4-a736-8126dd2f9d32', '84d2e38f-9f57-573c-beee-7b9678c403c3', 175, 'private', 'Early Game Dominance Guide', '{"veniam cupidatat eu","eiusmod"}', DEFAULT, DEFAULT, DEFAULT), ('8f534833-d8c3-5d0a-b63c-bd2740be0330', '71edf17f-e471-58c3-bbf8-8111bd6c7c8e', 180, 'private', 'Objective Focused Strategy', '{"ipsum dolore consequat ex","veniam mollit Lorem dolore","Lorem dolor duis","proident","eiusmod veniam","proident officia anim eiusmod al","consectetur nisi"}', DEFAULT, DEFAULT, DEFAULT), ('1caeec83-1956-53fb-9c1a-7f585775c524', 'cda3814f-c14d-5dcf-a835-797df84f6d99', 176, 'public', 'Defensive Turtle Tactics', '{}', DEFAULT, DEFAULT, DEFAULT), ('28f2bbc2-0260-5d64-a9bf-64e9bc163c30', '2067e70c-565d-520b-b56b-19189e5b77f5', 177, 'unlisted', 'Jungle Control Playbook', '{"laboris fugiat","proident aliquip ipsum","esse velit esse","esse adipisicing aute eu deserun","duis non","amet occaecat cupidatat veniam"}', DEFAULT, DEFAULT, DEFAULT), ('8590b74a-b67e-5525-9786-4e0fc4c65d06', '5dedc9b9-eec3-5ace-a95b-d7817834d9af', 174, 'private', 'Wave Management Plan', '{"Lorem aliquip","Lorem ad","consequat ex","voluptate ea reprehenderit repre","ullamco esse ipsum est ipsum","dolore ullamco excepteur mollit ","mollit laboris eiusmod","dolore laboris cupidatat"}', DEFAULT, DEFAULT, DEFAULT), ('fa5e4221-0eae-5da7-9a16-5b8399b9ef50', '5f651c76-ceba-56db-bd60-512d4079ec53', 180, 'unlisted', 'Baron Control Strategy', '{"do reprehenderit Lorem","laboris cillum veniam irure","veniam sint officia adipisicing","do","ea quis in do aliquip"}', DEFAULT, DEFAULT, DEFAULT), ('fedb01d5-16e2-59fd-8845-ff6a92bd83f7', '9862065e-db18-558e-9d0a-1f16845c58c9', 180, 'unlisted', 'Counter Pick Blueprint', '{"sit dolor ex"}', DEFAULT, DEFAULT, DEFAULT), ('d6d0cf2a-b6d2-5f41-bc05-2fe5bf5ca317', '1d3f740a-8c60-5c1d-aa9e-3854a33c8e1d', 176, 'public', 'Vision Control Blueprint', '{"qui ad","reprehenderit do","in mollit ullamco","ad","elit aliquip","excepteur ad","aliquip in"}', DEFAULT, DEFAULT, DEFAULT), ('a18cadaa-4531-5180-a607-ad2a5bc25f0c', '9e6824f3-dac2-540f-9e3d-8797171dab14', 179, 'public', 'Map Control Blueprint', '{}', DEFAULT, DEFAULT, DEFAULT), ('7858de1c-870d-5289-9bbf-085e4de69d79', 'a4b32498-f3a6-5110-a5b6-de20f0314c35', 174, 'unlisted', 'Team Fight Execution Plan', '{"qui dolor ullamco in","deserunt minim","nostrud eiusmod","officia","minim nisi"}', DEFAULT, DEFAULT, DEFAULT), ('c5510993-cf82-5729-a476-bbba91fd2ee1', 'b32027db-33da-5dc2-b906-e0c2a06ac683', 178, 'public', 'Siege Tactics Handbook', '{"eu commodo dolore adipisicing","sit voluptate qui"}', DEFAULT, DEFAULT, DEFAULT), ('65495df9-49dc-5680-b4b7-97fe7364e837', '38fe4d82-b6c5-5a86-ba1f-e35cd1bbf482', 180, 'unlisted', 'Aggressive Rush Strategy', '{"consequat","est enim adipisicing cupidatat","tempor fugiat labore commodo ali","ad"}', DEFAULT, DEFAULT, DEFAULT), ('6a08951b-2f4b-5069-a734-056efe107e30', '94daea14-9b93-5933-9044-5ccc1eb32f8f', 180, 'unlisted', 'Aggressive Rush Strategy', '{"aliqua cupidatat voluptate aliqu","est duis adipisicing dolor proid","in in minim","veniam aliquip dolor cillum ex","nulla tempor","ipsum eiusmod et ex in","nulla laboris proident ut pariat","irure ut cillum cupidatat id"}', DEFAULT, DEFAULT, DEFAULT), ('d96e9820-0562-5ef0-a957-fb16e8a3cda6', 'ea56a5ec-2249-5fba-8891-278bcdbbb33d', 176, 'unlisted', 'Team Fight Execution Plan', '{"tempor irure","consequat anim eiusmod","do cillum ipsum cupidatat elit","nisi sint","culpa deserunt"}', DEFAULT, DEFAULT, DEFAULT), ('44d39286-2c39-52c0-9fdf-811ac2ac0b4f', '94daea14-9b93-5933-9044-5ccc1eb32f8f', 174, 'unlisted', 'Objective Focused Strategy', '{"nostrud aliquip","duis adipisicing","consectetur dolor ipsum velit","ipsum ex non nostrud"}', DEFAULT, DEFAULT, DEFAULT), ('f5284b1c-c867-5bcb-ae27-b4a46054354e', '09204188-e618-5728-88fc-034120742c41', 172, 'unlisted', 'Jungle Control Playbook', '{"adipisicing quis nisi non"}', DEFAULT, DEFAULT, DEFAULT), ('748b6b6e-790a-524c-8953-9f99ff6241ea', 'dc58dd7b-bb54-5abe-8208-becc5e0561ad', 176, 'private', 'Early Game Dominance Guide', '{"in consequat enim","laborum laborum","ea labore","esse adipisicing eiusmod","deserunt nostrud ad","aliqua voluptate"}', DEFAULT, DEFAULT, DEFAULT), ('94e59d3e-1e10-58ee-b57b-120d24970da8', '98eaafd3-adbf-5a3e-adb9-b3fb6971b6f1', 171, 'private', 'Early Game Dominance Guide', '{"incididunt qui","reprehenderit magna","excepteur irure eiusmod sit","proident nisi deserunt officia c"}', DEFAULT, DEFAULT, DEFAULT), ('a501e3c2-1df6-5f20-9532-89c5471331c6', '2d1d7734-be70-5d07-a538-e76c6cae722e', 175, 'private', 'Aggressive Rush Strategy', '{"aliquip mollit exercitation","esse deserunt cupidatat velit","sit eu"}', DEFAULT, DEFAULT, DEFAULT), ('eba1549a-b3ad-5f1e-ad56-15be0771d0f9', '77085b75-b014-57d0-8618-9cc95436a25e', 174, 'private', 'Roaming Support Plan', '{"duis","non ullamco magna","reprehenderit exercitation","sit","eu non anim ea","laboris in","consequat tempor esse eiusmod"}', DEFAULT, DEFAULT, DEFAULT), ('02d6bfb1-b7f1-5129-9d1b-729fd2d36ca6', '8926b9fd-34b2-5421-a25c-9cd89c12cad0', 173, 'public', 'Objective Focused Strategy', '{"laborum ea ex ea","deserunt commodo","ex ad","eiusmod aute ut proident","in sint esse ullamco ut","id elit","non aliqua voluptate","commodo esse","irure id","anim cupidatat adipisicing conse"}', DEFAULT, DEFAULT, DEFAULT), ('feadd401-b272-53d1-bc20-6dad4e3ffc29', '00644310-2ebb-53b6-b6cd-c599924419bd', 176, 'private', 'Objective Focused Strategy', '{"consequat cillum proident aute a","nostrud velit","pariatur veniam","commodo aliquip","dolore esse Lorem sit","elit nostrud cillum sunt","ullamco officia ut deserunt ut","do occaecat"}', DEFAULT, DEFAULT, DEFAULT), ('f4023970-bb8c-5175-9f3e-42520be2a6af', 'c34db444-6019-5242-8b27-a0e6d1f129be', 175, 'unlisted', 'Baron Control Strategy', '{"dolor et veniam sint","proident deserunt consectetur ut","aliqua et aliquip quis"}', DEFAULT, DEFAULT, DEFAULT), ('ab471cfa-3489-5a6c-bf5c-82aeac3819f5', '0e342915-b360-541f-8c0a-bdf36b3c0ce2', 173, 'private', 'Wave Management Plan', '{"amet irure et fugiat","id aliqua tempor sit"}', DEFAULT, DEFAULT, DEFAULT), ('782d8b69-ae89-5508-b431-d9e3d4f25423', '887dee3f-7921-537c-91f1-8b0d43117b12', 179, 'unlisted', 'Secure Objective Playbook', '{"dolor sint voluptate","reprehenderit ea Lorem officia","id ut","voluptate do","sunt veniam","anim magna labore","proident ipsum dolor nisi"}', DEFAULT, DEFAULT, DEFAULT), ('bfbbf302-05a7-5b0c-991e-f7c79f52034e', '7bf99080-cdc6-5456-b6d5-417e28b4eba5', 177, 'unlisted', 'Objective Focused Strategy', '{}', DEFAULT, DEFAULT, DEFAULT), ('86a9949d-fbe2-5edf-bf64-6b822a75bdc8', '110efd29-2979-5c30-b41f-b3bf832f48cd', 173, 'private', 'Vision Control Blueprint', '{"amet magna amet anim","aute eiusmod ex","ipsum reprehenderit sit duis","id labore consectetur","elit nulla","dolore pariatur eiusmod","tempor excepteur","laborum exercitation est sint al","esse et"}', DEFAULT, DEFAULT, DEFAULT), ('3d78c871-f9be-5ceb-b04c-13f9eb63efa0', 'd1b8f3f8-af26-5088-8712-273c28ba98f7', 177, 'unlisted', 'Vision Control Blueprint', '{"ea","consequat eu","nisi nulla","ipsum nisi","id in","consequat sunt esse","sit nisi","commodo duis sint veniam ullamco"}', DEFAULT, DEFAULT, DEFAULT), ('e5e7301c-ed7e-5267-a91e-331eeecbad04', '6c52c1d9-13a4-51ef-ae51-1dacc4c14be9', 171, 'unlisted', 'Map Control Blueprint', '{"adipisicing","aute velit mollit ea","sint occaecat sit","excepteur elit non culpa","sit","ex ea reprehenderit"}', DEFAULT, DEFAULT, DEFAULT), ('e06f1954-eb7e-5811-8e85-0b7239ac60d6', '6a248992-e0a8-5c27-8d71-fd2cfd3a1fd6', 179, 'unlisted', 'Defensive Turtle Tactics', '{"voluptate laboris velit reprehen","amet nisi","eiusmod adipisicing non culpa","dolore aliqua","dolore incididunt et nostrud"}', DEFAULT, DEFAULT, DEFAULT), ('cbe8ef05-c651-5778-b8a6-717eee524007', '274020d9-7513-5cf6-ae0b-e94ef1d1a62f', 174, 'public', 'Gank Heavy Approach', '{"pariatur sunt","sint Lorem consequat"}', DEFAULT, DEFAULT, DEFAULT), ('479e5b51-1e2b-5ac2-b0c4-d0fc97906c11', '0a9347d2-3396-5e6a-98f1-b406ca195226', 179, 'unlisted', 'Late Game Scaling Strategy', '{"nisi tempor","veniam fugiat in labore labore","consectetur irure nostrud","magna mollit","irure"}', DEFAULT, DEFAULT, DEFAULT), ('bcb7ae75-c1e7-50cd-ba0b-a339091eb350', '9e6824f3-dac2-540f-9e3d-8797171dab14', 173, 'private', 'Late Game Scaling Strategy', '{"fugiat cillum aute","cupidatat proident","cillum enim consectetur Lorem","mollit amet sit elit duis","exercitation ea officia elit","voluptate irure amet","minim officia"}', DEFAULT, DEFAULT, DEFAULT), ('22dccad0-36ca-5845-a1bd-b6027b406b8d', '86e03e09-1744-508f-b91c-c48f85d8ffcb', 174, 'unlisted', 'Siege Tactics Handbook', '{"occaecat cupidatat laboris labor","esse enim culpa reprehenderit","tempor mollit","ea aliqua culpa dolore tempor","id commodo eiusmod duis proident"}', DEFAULT, DEFAULT, DEFAULT), ('d3293b00-a774-5f1e-99fc-e8f05eabde14', 'd1b8f3f8-af26-5088-8712-273c28ba98f7', 177, 'unlisted', 'Team Fight Execution Plan', '{"eiusmod cupidatat","aliqua anim aute elit","non cillum ea","labore nostrud","sint in ea exercitation tempor","aliqua occaecat","proident labore","sit tempor","sunt adipisicing do officia"}', DEFAULT, DEFAULT, DEFAULT), ('6822c6f8-ae35-5c57-9558-9cc55665f5cb', '8babc841-00b0-585f-9ca3-85ef68fec1f7', 178, 'private', 'Siege Tactics Handbook', '{"deserunt aliquip","pariatur proident id fugiat labo","commodo magna ad officia","et dolore","aute mollit ipsum consequat ad"}', DEFAULT, DEFAULT, DEFAULT), ('8ac966bd-de46-5e4a-8401-5328d63ae1b4', '2dbccffd-e7a5-5653-9dc6-18e988716abe', 178, 'unlisted', 'Early Game Dominance Guide', '{"enim","irure culpa","et ut esse adipisicing"}', DEFAULT, DEFAULT, DEFAULT), ('36f6354b-1927-5b66-8fab-ef32da0e1694', '26f7bb6a-3c9c-5b30-b11b-be5ebfb91948', 180, 'public', 'Split Push Blueprint', '{"nulla reprehenderit nulla","Lorem nulla culpa sit","eiusmod ex pariatur","fugiat exercitation ex","nulla","non nisi elit","veniam","consequat","irure laboris ipsum","sit eu tempor laboris"}', DEFAULT, DEFAULT, DEFAULT), ('a3befd2b-2867-5547-af7d-2fe7d53b98ef', '495390bc-68e6-52a4-b1ba-2f994586821a', 174, 'unlisted', 'Vision Denial Blueprint', '{"laboris do magna","esse aliqua exercitation non con","culpa laborum veniam","ullamco dolore","commodo","amet minim do"}', DEFAULT, DEFAULT, DEFAULT), ('4d502d01-8a3a-58bc-acb8-f61c47f35e10', 'de459427-bb2c-5381-bdbf-7126efbb65c9', 179, 'unlisted', 'Siege Tactics Handbook', '{"veniam magna est","adipisicing incididunt","nulla minim Lorem reprehenderit ","ut esse"}', DEFAULT, DEFAULT, DEFAULT), ('ebdf08a4-39c5-5347-ab53-e4ef0e2d1add', '00644310-2ebb-53b6-b6cd-c599924419bd', 174, 'public', 'Roaming Support Plan', '{"ad ad sint","irure est labore excepteur","laboris id et ut anim","magna consectetur officia quis","aliqua do laboris mollit","dolor id laborum","culpa duis et","ad nulla commodo nostrud","ut proident"}', DEFAULT, DEFAULT, DEFAULT), ('4cfaa7bd-7f8e-52b6-a079-b1fc1773dccb', '86e03e09-1744-508f-b91c-c48f85d8ffcb', 175, 'private', 'Map Control Blueprint', '{"qui Lorem cupidatat ipsum","magna aliquip mollit","non do ex laboris","ea","elit est sit excepteur","aliqua elit","aute consectetur irure aliquip"}', DEFAULT, DEFAULT, DEFAULT), ('379aa38a-0dab-5c06-8cdb-45bf5d7e2d27', '2386fe50-4da3-5ca3-b993-046dc48afb23', 173, 'unlisted', 'Split Push Blueprint', '{"culpa officia sint","officia anim consequat esse","fugiat","aliquip fugiat","ex aliquip ex"}', DEFAULT, DEFAULT, DEFAULT), ('1cb4e4cf-86cc-5f46-9e77-98b857e060d9', 'ee198d66-a798-52a5-8b79-9931f7b835e3', 180, 'private', 'Vision Control Blueprint', '{"fugiat veniam enim esse","ut aliquip","do aute","tempor ut eu exercitation offici"}', DEFAULT, DEFAULT, DEFAULT), ('f39bcc07-5eef-5435-b6e9-d947c3bae70d', '853509f0-6836-5fa7-87f2-fb0a9a8766d2', 171, 'public', 'Late Game Scaling Strategy', '{"veniam ut id in","nisi mollit enim esse reprehende","ea magna","velit excepteur dolor elit","Lorem esse","qui incididunt","esse","occaecat culpa"}', DEFAULT, DEFAULT, DEFAULT), ('20a16bbe-0188-55a3-8d14-7e2e6b37794e', 'ad276812-3b86-5425-b36a-d822f2860912', 179, 'public', 'Split Push Blueprint', '{"eiusmod aliqua irure veniam","occaecat proident voluptate ulla"}', DEFAULT, DEFAULT, DEFAULT), ('75a162e8-f427-5c64-baca-dba20bc829dd', '0a9347d2-3396-5e6a-98f1-b406ca195226', 177, 'unlisted', 'Objective Focused Strategy', '{"anim ullamco aliquip minim","do elit quis","Lorem nisi consectetur","cupidatat aute consectetur molli","labore"}', DEFAULT, DEFAULT, DEFAULT), ('5075bfb2-60b4-588c-ba9f-cd0f3efae77e', 'eea550bd-8120-5fb2-9339-ad3a549506d4', 175, 'public', 'Vision Denial Blueprint', '{"anim consequat voluptate","pariatur consectetur","adipisicing consequat commodo ve","amet cillum eu","officia velit exercitation velit","ipsum aute ipsum aliqua ea","eu excepteur nisi commodo","nulla non officia ipsum quis","et ullamco minim"}', DEFAULT, DEFAULT, DEFAULT), ('329b0bda-79b1-53f3-afe7-b7495bde0220', 'fe24988b-bca5-5bf5-be0f-c92da7b2cbe1', 172, 'public', 'Rotation Strategy Document', '{"exercitation voluptate occaecat","incididunt consectetur","Lorem elit commodo","ullamco ea id mollit deserunt","est occaecat ut aute consequat","id aliquip"}', DEFAULT, DEFAULT, DEFAULT), ('fc992b53-61aa-5185-8280-7863348ce734', '5783cab4-e010-523b-b893-81b388f43d06', 172, 'unlisted', 'Early Game Dominance Guide', '{"laboris ullamco elit","magna","ea velit deserunt","excepteur do cillum consectetur ","veniam consectetur esse culpa"}', DEFAULT, DEFAULT, DEFAULT), ('e15f78fd-c85d-5196-b441-614f0f00a652', '59558fa1-9cc0-5e85-a331-879d76e07f05', 173, 'unlisted', 'Jungle Control Playbook', '{"tempor anim nulla ea","dolore","aute velit adipisicing","esse","exercitation tempor ad","nostrud magna deserunt sunt","occaecat exercitation sunt proid","mollit fugiat","voluptate"}', DEFAULT, DEFAULT, DEFAULT), ('27d28c73-d0c0-5545-a0d3-0f0fa8e1aca6', '6fc34c52-742f-56c2-b6c3-89dee63a8839', 172, 'unlisted', 'Roaming Support Plan', '{"deserunt reprehenderit veniam si","deserunt exercitation","excepteur id proident"}', DEFAULT, DEFAULT, DEFAULT), ('bc0ae162-e51f-5f29-b5b0-87887eac9c85', 'ae956930-bebe-5aad-83f8-b8d0cae36371', 177, 'unlisted', 'Secure Objective Playbook', '{"eiusmod incididunt commodo qui","nulla ex excepteur velit","mollit laborum","aliqua enim"}', DEFAULT, DEFAULT, DEFAULT), ('23cfe397-d97e-55bf-af72-35043f52d2bb', '262a78c7-eb9d-5e1a-8e58-41ecb0c31fbd', 178, 'private', 'Objective Focused Strategy', '{"aute est","aute consectetur cillum reprehen","enim aliquip pariatur","incididunt laboris enim sunt cil","pariatur incididunt","veniam velit","pariatur incididunt sunt laborum","nulla labore ut veniam esse"}', DEFAULT, DEFAULT, DEFAULT), ('2135e4d6-4261-59ed-a63d-11a8a55ba0c0', '763ebb5f-add9-59ff-9a26-6b4030dae259', 175, 'unlisted', 'Wave Management Plan', '{"sint sunt laborum","duis Lorem et","occaecat fugiat irure eu","consectetur","qui nisi","do cillum id incididunt aute","culpa ea quis","sunt id magna sit ut"}', DEFAULT, DEFAULT, DEFAULT), ('32ca2e92-cee8-58b4-beec-0fd9742bf2df', '91fa3874-9437-5dfa-a49a-f19fb38d9e92', 178, 'private', 'Counter Pick Blueprint', '{"consequat amet mollit","occaecat","id magna deserunt anim magna","commodo fugiat ad","ad mollit","consectetur do anim consequat","anim consectetur esse aute","exercitation reprehenderit amet","non occaecat","ipsum consectetur exercitation"}', DEFAULT, DEFAULT, DEFAULT), ('69e335b1-cf42-5234-867f-fc3222ba0932', '8926b9fd-34b2-5421-a25c-9cd89c12cad0', 177, 'public', 'Defensive Turtle Tactics', '{"duis excepteur eiusmod ea","ut exercitation","laborum dolore"}', DEFAULT, DEFAULT, DEFAULT), ('4addfd63-7007-5913-b0c6-95e35fe44af0', '9b1fc781-1e4e-56d2-bd68-0dc257a319c0', 175, 'unlisted', 'Defensive Turtle Tactics', '{"ut reprehenderit","culpa ullamco labore"}', DEFAULT, DEFAULT, DEFAULT), ('29e1da9c-3bfa-53c5-8780-7032cb48ed69', 'a88bc9b9-135e-55c7-8c4c-5a072a3c8573', 178, 'private', 'Aggressive Rush Strategy', '{"laborum cillum","do aliqua","voluptate deserunt esse esse qui","ea ut duis occaecat","velit aute aliqua culpa","minim pariatur ea"}', DEFAULT, DEFAULT, DEFAULT), ('0fe3263a-4b99-5049-afdd-8a29336988d1', '95c65795-b9a1-572f-87ae-6fa70b020fbb', 180, 'private', 'Defensive Turtle Tactics', '{"sunt cillum nulla enim incididun","magna","voluptate","eu labore esse"}', DEFAULT, DEFAULT, DEFAULT), ('de533318-8238-5b98-90fa-7923fbda78df', '349111f0-5b40-5b21-aeff-8af2b228d28f', 173, 'public', 'Aggressive Rush Strategy', '{"quis eu","do","consectetur ex commodo","ea occaecat nisi deserunt","deserunt exercitation ipsum","labore ut irure duis","ea qui non labore","qui"}', DEFAULT, DEFAULT, DEFAULT), ('91b0fe2a-8d53-5dfa-804e-dadbd5fed2f0', 'de459427-bb2c-5381-bdbf-7126efbb65c9', 173, 'unlisted', 'Roaming Support Plan', '{"deserunt magna excepteur","sit aliquip nostrud","mollit incididunt magna","non enim","elit amet elit sunt"}', DEFAULT, DEFAULT, DEFAULT), ('f2da91e9-e150-5eba-811a-769c8b464b2d', 'ad276812-3b86-5425-b36a-d822f2860912', 177, 'private', 'Aggressive Rush Strategy', '{"do tempor","reprehenderit excepteur nulla","ullamco excepteur exercitation a","ad Lorem id amet"}', DEFAULT, DEFAULT, DEFAULT), ('830462ad-e07d-578c-9343-4c2f3f3f896d', '65d8ad86-6271-552b-8704-fabcdcf18cdb', 171, 'public', 'Aggressive Rush Strategy', '{"enim pariatur nulla","velit ullamco","qui reprehenderit amet commodo","aliquip","commodo","voluptate enim adipisicing venia","voluptate"}', DEFAULT, DEFAULT, DEFAULT), ('e4d512a0-9012-54c8-a0de-d2cfb46cc4e7', 'd00c085d-72d6-5114-a5fd-ba818539c2f7', 171, 'private', 'Gank Heavy Approach', '{"nisi ea amet"}', DEFAULT, DEFAULT, DEFAULT), ('8fc4ec28-bbda-57ff-86ae-02acc462e7a3', 'a8212e1b-5577-5c28-9c38-2d4fbd753550', 172, 'unlisted', 'Split Push Blueprint', '{"tempor exercitation","laboris aliquip do esse","reprehenderit consectetur"}', DEFAULT, DEFAULT, DEFAULT), ('46cb3ac1-56db-5482-a77b-488299529f1c', '8926b9fd-34b2-5421-a25c-9cd89c12cad0', 178, 'unlisted', 'Roaming Support Plan', '{"proident dolore non ut","sint minim commodo fugiat et","ut nisi commodo non","commodo in","mollit velit pariatur","ullamco do","anim veniam magna qui","aliquip qui aute sint ipsum","laborum laboris duis labore dese"}', DEFAULT, DEFAULT, DEFAULT), ('ca6dab04-25c1-5208-bf77-9e5162704420', 'b5605791-3389-56c2-9ec6-17d538b9bb85', 179, 'private', 'Wave Management Plan', '{"nostrud mollit","exercitation ea magna","Lorem in amet consequat","consequat consectetur ullamco","eu officia in excepteur","mollit veniam aliqua","cillum ex voluptate ut","minim id"}', DEFAULT, DEFAULT, DEFAULT), ('54485efb-a52b-5ef1-8d37-32b22dc487d0', 'fe24988b-bca5-5bf5-be0f-c92da7b2cbe1', 177, 'private', 'Defensive Turtle Tactics', '{"reprehenderit et in officia eu","laboris duis irure","enim cillum veniam esse","tempor sit","labore cupidatat irure magna","culpa laborum","eiusmod","culpa tempor ut do nostrud","anim laborum commodo"}', DEFAULT, DEFAULT, DEFAULT), ('1fa8fec1-5ed8-5fb9-afc2-a5a8eea61a64', '72d447b0-a4fa-5de7-bb4c-9ff5f169dfea', 174, 'public', 'Gank Heavy Approach', '{"aliqua tempor","ut pariatur ullamco excepteur","veniam esse exercitation ea","duis","do deserunt excepteur amet","quis aliquip laborum","elit ex cillum","id fugiat","ipsum duis"}', DEFAULT, DEFAULT, DEFAULT), ('21212b38-5327-5020-9dc6-3fca09a6128f', '0fa12fcf-97e2-5065-a698-e366ca117702', 175, 'unlisted', 'Baron Control Strategy', '{"duis id","voluptate elit","in","ex","sunt proident ipsum","velit eu fugiat","laborum sit","nulla"}', DEFAULT, DEFAULT, DEFAULT), ('b22cc198-1bf7-5cc9-b682-385ac5f11217', '2067e70c-565d-520b-b56b-19189e5b77f5', 172, 'unlisted', 'Map Control Blueprint', '{"nisi"}', DEFAULT, DEFAULT, DEFAULT), ('07d77b7a-f8bb-53ab-8750-034a7dc2bcb0', 'ee198d66-a798-52a5-8b79-9931f7b835e3', 178, 'unlisted', 'Defensive Turtle Tactics', '{"commodo incididunt anim","officia id","eu non veniam duis","ullamco culpa","et enim","officia magna laborum enim","cupidatat minim anim excepteur"}', DEFAULT, DEFAULT, DEFAULT), ('f7f63dc3-d8b7-5f42-b802-636e4e3f43bb', 'bbc51950-a428-5ed7-b604-6444a902714b', 177, 'private', 'Split Push Blueprint', '{"culpa ut incididunt","magna consequat fugiat","cillum ea aliqua","nostrud pariatur quis occaecat d"}', DEFAULT, DEFAULT, DEFAULT), ('a1dd34cc-747e-59d2-bb04-592165ee24b7', '734282bd-df4e-5f8d-afc5-83f4c9131800', 180, 'private', 'Late Game Scaling Strategy', '{"proident enim","culpa nostrud enim","minim enim est","nulla id","ut anim"}', DEFAULT, DEFAULT, DEFAULT), ('b111722b-fdf4-55f7-a1ea-183bf540f7e3', 'dc58dd7b-bb54-5abe-8208-becc5e0561ad', 179, 'unlisted', 'Jungle Control Playbook', '{"incididunt nulla ad nulla","pariatur Lorem elit id","quis duis","qui nisi tempor","eu dolore cupidatat"}', DEFAULT, DEFAULT, DEFAULT), ('de288e5e-33f8-5b49-9dad-83fa7d46ac0d', '811570ef-0b81-508d-ba05-2f5e812d4131', 177, 'private', 'Late Game Scaling Strategy', '{"occaecat incididunt cillum irure","ad pariatur enim","quis do","eiusmod officia consequat offici","aute","ut in et"}', DEFAULT, DEFAULT, DEFAULT), ('f1ab7f2e-7a01-59f1-b811-78e3b78b40bc', '262a78c7-eb9d-5e1a-8e58-41ecb0c31fbd', 178, 'private', 'Vision Denial Blueprint', '{"proident labore aliqua"}', DEFAULT, DEFAULT, DEFAULT), ('e0783de7-ca51-5f0a-a7ac-8dcd533efd10', '8891aca3-b326-5a45-a77b-46ff3fd96d49', 180, 'unlisted', 'Rotation Strategy Document', '{"dolore do","velit minim"}', DEFAULT, DEFAULT, DEFAULT), ('c3238b63-2dda-5915-8ca5-773255a1cfad', 'eecf8a7e-af2f-524d-a645-c5fba3ebda06', 172, 'private', 'Defensive Turtle Tactics', '{"id consectetur ea","nulla incididunt","fugiat nostrud laboris dolor","ea adipisicing culpa anim dolor","excepteur","incididunt adipisicing tempor","velit aliquip exercitation qui","non anim","nisi Lorem magna ipsum"}', DEFAULT, DEFAULT, DEFAULT), ('7b1aca75-d87e-55c4-87f7-005fafbadfdb', 'd1dc8a74-c651-5dbd-b484-1cd2c51db9b9', 176, 'public', 'Wave Management Plan', '{"dolor esse occaecat","dolor","pariatur","enim ut amet adipisicing nulla","quis enim aliquip sint enim"}', DEFAULT, DEFAULT, DEFAULT), ('106d238e-2ba4-525c-8d85-994f8dfb2984', 'a6ea6199-2a1a-56d4-b12a-1bf7d32d154c', 175, 'unlisted', 'Gank Heavy Approach', '{"laboris reprehenderit exercitati","proident ut officia est","incididunt excepteur labore","exercitation","elit officia elit"}', DEFAULT, DEFAULT, DEFAULT), ('72f05d50-2802-535d-af55-29384395d238', 'c1b69361-a3c3-5c2a-8a7a-23aa07e97e87', 179, 'unlisted', 'Rotation Strategy Document', '{"fugiat tempor","culpa ad ullamco","dolore","dolor officia tempor","occaecat ea aute","exercitation commodo nisi magna ","ea cupidatat est quis","cillum laboris fugiat"}', DEFAULT, DEFAULT, DEFAULT), ('f914b2f3-d88a-52e4-ac43-1ef8cffb4d34', '5cdb9712-16b6-532e-9cc7-8cf7dfbe9b6b', 179, 'public', 'Map Control Blueprint', '{"quis qui in","duis","anim duis excepteur"}', DEFAULT, DEFAULT, DEFAULT), ('c620930b-8f59-50ae-bf46-b1a3aca28f0a', '8babc841-00b0-585f-9ca3-85ef68fec1f7', 178, 'unlisted', 'Map Control Blueprint', '{"culpa amet sint non labore","cupidatat ex est","eiusmod cillum est","veniam laborum","commodo aute ipsum","nisi labore sint fugiat","commodo exercitation anim cillum"}', DEFAULT, DEFAULT, DEFAULT), ('c78418ab-6a36-52f6-ad32-89289156138c', '22052ce5-2628-54da-93cf-dce3c06b547a', 175, 'public', 'Vision Denial Blueprint', '{"minim consectetur anim","sint veniam","minim officia ad sit sint","laboris commodo esse","do ad non eiusmod mollit"}', DEFAULT, DEFAULT, DEFAULT), ('ed7bef30-09b5-5167-a122-9b398a76eaef', '8891aca3-b326-5a45-a77b-46ff3fd96d49', 179, 'unlisted', 'Aggressive Rush Strategy', '{"enim exercitation veniam dolore","laborum labore et","esse excepteur","sint consequat"}', DEFAULT, DEFAULT, DEFAULT), ('ecddf116-85cf-5aef-8c73-6e5963680c88', '0fa12fcf-97e2-5065-a698-e366ca117702', 177, 'private', 'Roaming Support Plan', '{"ea excepteur reprehenderit sint","sint ut esse do","consectetur id occaecat anim","nulla culpa","ipsum ea enim","nulla quis reprehenderit aliquip","aliquip nostrud ipsum","aute cupidatat consequat esse"}', DEFAULT, DEFAULT, DEFAULT), ('5bb46529-9916-530c-88e4-31ac6d441591', 'f561c33d-0589-5163-a677-f2a1eb6b3322', 171, 'private', 'Late Game Scaling Strategy', '{"nulla incididunt cupidatat molli","qui sint aliqua","irure mollit elit sunt","quis aliqua exercitation","deserunt aute magna excepteur","Lorem fugiat enim","laboris non amet labore"}', DEFAULT, DEFAULT, DEFAULT), ('8b092693-9a40-5f6a-a57b-3c3e9f5288f7', 'a4b32498-f3a6-5110-a5b6-de20f0314c35', 177, 'private', 'Defensive Turtle Tactics', '{"consequat velit deserunt incidid","nulla proident","laborum tempor officia tempor su"}', DEFAULT, DEFAULT, DEFAULT), ('65d96d53-ecd8-5cb9-a3d4-a2842c9c629f', 'ae956930-bebe-5aad-83f8-b8d0cae36371', 173, 'private', 'Vision Denial Blueprint', '{"eiusmod non","laboris aliquip sint esse","excepteur","aute ut est"}', DEFAULT, DEFAULT, DEFAULT), ('672c681b-4325-56a5-8413-28facb838b89', '01bb02e3-6d00-5b11-ba00-2f6b060dfb2e', 176, 'unlisted', 'Wave Management Plan', '{"qui incididunt aliqua","ad veniam pariatur sit","nulla deserunt","duis aute","esse commodo","pariatur"}', DEFAULT, DEFAULT, DEFAULT), ('49d19d37-5ee3-59d0-a985-37b5b703ceb0', 'd2f08d89-447f-5d3d-96e5-385ed888c091', 173, 'public', 'Team Fight Execution Plan', '{"eiusmod","ad aliquip adipisicing qui","occaecat est et","aliqua ullamco"}', DEFAULT, DEFAULT, DEFAULT), ('66e9d7dd-018c-5299-8470-9f074683bd55', 'd92658af-bb2e-5f93-9170-bc8d85a6ad50', 175, 'unlisted', 'Early Game Dominance Guide', '{"commodo incididunt","aliqua voluptate in","aliqua quis ad laborum","excepteur deserunt sunt","tempor aliqua nostrud","reprehenderit ipsum aliquip magn","do et eu commodo ea"}', DEFAULT, DEFAULT, DEFAULT), ('d4a93045-0519-5ae2-8bd3-51a7d07f2b97', '88501f36-608d-5074-ab3f-752cd478292f', 171, 'private', 'Split Push Blueprint', '{"officia ea ut","adipisicing anim dolor adipisici"}', DEFAULT, DEFAULT, DEFAULT), ('b5bd1f0b-0be5-592a-87b7-65db36f2fa17', '2190cc4c-2cc5-5f9f-983d-55f70f31e468', 171, 'unlisted', 'Aggressive Rush Strategy', '{"laborum adipisicing","laboris"}', DEFAULT, DEFAULT, DEFAULT), ('902168ab-57a5-5714-b589-ecf1bd6d2517', '65d8ad86-6271-552b-8704-fabcdcf18cdb', 171, 'unlisted', 'Vision Control Blueprint', '{"laboris reprehenderit do","sit Lorem","quis consectetur non minim","reprehenderit deserunt cupidatat","nostrud adipisicing amet magna l","amet quis irure sint","laboris pariatur veniam cillum"}', DEFAULT, DEFAULT, DEFAULT), ('8e1b1af0-d36a-5958-9b32-c8f59e8edaf9', 'ddb44318-7e83-5b4d-8ba4-3bbd19edd327', 174, 'private', 'Objective Focused Strategy', '{"ullamco quis est sunt","qui consequat enim nisi"}', DEFAULT, DEFAULT, DEFAULT), ('9ca1e23a-7fd9-5be2-b14a-5f50a52fda0a', 'abf8504a-2cfc-5a9d-a5d2-31dccd8bf00f', 171, 'private', 'Counter Pick Blueprint', '{}', DEFAULT, DEFAULT, DEFAULT), ('b458c0d2-4d21-597a-9d7c-522e47032d79', 'eeba85da-b4f7-5195-887e-28b7dc8a5236', 175, 'unlisted', 'Siege Tactics Handbook', '{"adipisicing veniam","aliqua sint tempor officia","do nostrud","exercitation","ea fugiat ipsum excepteur","id nulla","esse nisi aute minim","elit duis tempor enim","incididunt","mollit irure esse"}', DEFAULT, DEFAULT, DEFAULT), ('aeae5590-e6d3-5c02-8a1c-40a6bcf61bd6', '02a341a2-35a0-5fbc-a1f4-aa8b42aa4b51', 173, 'private', 'Vision Control Blueprint', '{"magna reprehenderit officia elit","anim ad"}', DEFAULT, DEFAULT, DEFAULT), ('e62ff15d-b4e8-5f8b-b8c8-56d105c9d705', 'eff6dde6-e4aa-5c61-9818-5d7ae0bf58b7', 178, 'private', 'Defensive Turtle Tactics', '{"sit do cupidatat","ipsum incididunt ea","reprehenderit laboris officia si","tempor cillum"}', DEFAULT, DEFAULT, DEFAULT), ('2650d5c8-a9d2-57ad-a70d-8c89cf994021', '86e03e09-1744-508f-b91c-c48f85d8ffcb', 179, 'private', 'Vision Denial Blueprint', '{"sint","et qui pariatur ad dolor","ad","mollit","nulla consectetur","ut velit","sint voluptate sint"}', DEFAULT, DEFAULT, DEFAULT), ('57851dd8-0d7e-5b03-b70f-32940ae107ce', 'abf8504a-2cfc-5a9d-a5d2-31dccd8bf00f', 176, 'unlisted', 'Team Fight Execution Plan', '{"veniam qui do qui officia","amet aute consectetur","qui in exercitation velit exerci","ad amet exercitation commodo","in fugiat eu excepteur","ipsum non reprehenderit occaecat"}', DEFAULT, DEFAULT, DEFAULT), ('0bb88883-c32b-547d-bac2-9dcbf9437722', '95c65795-b9a1-572f-87ae-6fa70b020fbb', 174, 'unlisted', 'Vision Control Blueprint', '{"proident commodo cillum","excepteur enim","ullamco reprehenderit in cupidat","nostrud incididunt cillum sit"}', DEFAULT, DEFAULT, DEFAULT), ('f2096d39-9bcd-5cc9-af38-3924bad39e01', 'b7a89d05-549f-565f-b631-b59097e91d1a', 177, 'unlisted', 'Aggressive Rush Strategy', '{"consequat anim","est officia"}', DEFAULT, DEFAULT, DEFAULT), ('cdc85c53-30bc-5c6e-91cc-2af72696e64b', 'e334db45-3389-5a47-b7c9-4ff8121637b5', 174, 'private', 'Objective Focused Strategy', '{}', DEFAULT, DEFAULT, DEFAULT), ('a0fe813c-8a2e-57ff-8950-530eb72350cc', '8891aca3-b326-5a45-a77b-46ff3fd96d49', 171, 'public', 'Aggressive Rush Strategy', '{"consequat labore occaecat elit","laborum nisi","irure","ullamco consequat nisi","non duis quis reprehenderit labo","minim consequat ex"}', DEFAULT, DEFAULT, DEFAULT), ('3dcb1c72-1f38-50a2-8a79-9f8b83862a0b', '7a86b477-8922-5c78-85b7-47a44d6877c0', 180, 'public', 'Baron Control Strategy', '{"mollit eiusmod id in minim","et proident aute nisi ea","velit minim","aliquip"}', DEFAULT, DEFAULT, DEFAULT), ('b529db67-e1b4-5e7d-9a32-267867bbcbad', '39da01f0-2195-5fc3-a74a-d12c26c902a3', 171, 'public', 'Early Game Dominance Guide', '{"exercitation dolore","ea laborum ex irure eu","velit culpa tempor","minim deserunt nostrud ex","est amet magna anim","tempor consequat irure","ipsum esse velit occaecat","ad et veniam exercitation","amet nulla consequat","culpa aliqua non enim amet"}', DEFAULT, DEFAULT, DEFAULT), ('89b21cb6-fbf3-585a-b9c1-304fad97258b', '8babc841-00b0-585f-9ca3-85ef68fec1f7', 172, 'unlisted', 'Vision Control Blueprint', '{"voluptate ex magna culpa","dolore consectetur"}', DEFAULT, DEFAULT, DEFAULT), ('8af27ce1-15c1-5703-a4c5-07ea669df0c7', '39da01f0-2195-5fc3-a74a-d12c26c902a3', 174, 'public', 'Late Game Scaling Strategy', '{"commodo eiusmod aute velit","nostrud ut","Lorem"}', DEFAULT, DEFAULT, DEFAULT), ('e9960db1-b450-5d20-820c-87fab4f40dc8', 'a8766652-5cf4-5e66-ba6d-9eb457dff942', 180, 'private', 'Vision Control Blueprint', '{}', DEFAULT, DEFAULT, DEFAULT), ('2dd10f1f-4836-53b2-b2b6-ae71861e43d0', 'b67e09de-df70-515b-91d0-6e53f3b4a58a', 178, 'private', 'Roaming Support Plan', '{"culpa ipsum laboris"}', DEFAULT, DEFAULT, DEFAULT), ('09d4e842-df61-577d-8d06-00daf3b676e2', 'b5605791-3389-56c2-9ec6-17d538b9bb85', 173, 'unlisted', 'Early Game Dominance Guide', '{"nulla nulla ad reprehenderit","consequat irure velit irure","pariatur elit","qui ex","quis sunt pariatur"}', DEFAULT, DEFAULT, DEFAULT), ('6fe4789e-9a02-5c94-8c81-5bb4cffd7850', '6c52c1d9-13a4-51ef-ae51-1dacc4c14be9', 173, 'public', 'Siege Tactics Handbook', '{}', DEFAULT, DEFAULT, DEFAULT), ('62834a20-27ac-5894-8947-a4e2ffb67f5b', '29b47b7e-4cec-5d5a-b93d-172770b57ed6', 176, 'unlisted', 'Rotation Strategy Document', '{"cillum reprehenderit","fugiat irure aliquip commodo qui","id"}', DEFAULT, DEFAULT, DEFAULT), ('ce25e6d7-50b4-50c3-8210-685ee22346f3', 'beb6961f-fe15-549e-851d-4b848f0c22b3', 171, 'unlisted', 'Gank Heavy Approach', '{"nulla","aute est","sint","elit ex occaecat nostrud","pariatur est Lorem adipisicing e","nulla sint quis","dolore eu occaecat","nostrud nulla"}', DEFAULT, DEFAULT, DEFAULT), ('a4e4a518-fb32-53bf-9d1c-f336f8cd8c45', 'd6d4ebe8-fe3c-5e62-98d8-e678f356450c', 177, 'public', 'Late Game Scaling Strategy', '{"anim excepteur exercitation","pariatur eiusmod ipsum proident ","magna ut","do aliquip proident magna","occaecat proident eu ullamco"}', DEFAULT, DEFAULT, DEFAULT), ('d5862a76-70cd-55db-a302-365d7ec101f5', 'fb634118-b8a6-50b7-9010-0317dd27fba6', 180, 'public', 'Wave Management Plan', '{"minim nulla duis sint","do","minim","Lorem ea excepteur officia","fugiat officia","eiusmod id","voluptate ut ipsum culpa","esse officia labore","est voluptate cupidatat Lorem"}', DEFAULT, DEFAULT, DEFAULT), ('fff5567f-d4a5-542e-ba70-1119521ca0cb', '2d1d7734-be70-5d07-a538-e76c6cae722e', 177, 'public', 'Defensive Turtle Tactics', '{"culpa et ad id","eu mollit duis deserunt deserunt","adipisicing ipsum ullamco","consectetur","ipsum et nisi","pariatur sunt"}', DEFAULT, DEFAULT, DEFAULT), ('48abaf7b-d65e-5371-8d5f-1be4621911e6', 'f7f33f5b-7e02-5784-9db2-ed2995544a54', 171, 'unlisted', 'Baron Control Strategy', '{"consectetur adipisicing","irure aute voluptate","aliquip sunt","sit","ad"}', DEFAULT, DEFAULT, DEFAULT), ('05b8ebd6-06e1-5ce6-85d9-1fda124d11b0', '27a14f80-586c-54cd-876e-cd42ede1f04f', 173, 'unlisted', 'Objective Focused Strategy', '{"elit proident occaecat","consequat deserunt Lorem","enim eiusmod consectetur","nulla laborum","id magna et aute","ut aliquip incididunt fugiat","laborum Lorem Lorem"}', DEFAULT, DEFAULT, DEFAULT), ('be5a4c70-a4ff-57c0-8c2c-437a6d77f25c', 'eb9fdff9-6822-52d9-b12a-a9a69b69cbe5', 180, 'public', 'Vision Denial Blueprint', '{}', DEFAULT, DEFAULT, DEFAULT), ('e6ff83af-5ec2-537d-b04b-784bd77a5871', '853509f0-6836-5fa7-87f2-fb0a9a8766d2', 174, 'private', 'Split Push Blueprint', '{"duis nulla sunt","consequat voluptate","cupidatat nulla deserunt officia"}', DEFAULT, DEFAULT, DEFAULT), ('dc9bffb4-1647-5c5d-8c1f-d89500e89900', 'cd1520c4-af17-5e1e-b5b0-a9e95f36a7c4', 172, 'unlisted', 'Defensive Turtle Tactics', '{}', DEFAULT, DEFAULT, DEFAULT), ('ec767a01-17bb-518c-9633-78ebc8caded3', '3a804324-748d-571a-afad-6b9c20a35337', 176, 'private', 'Baron Control Strategy', '{"eiusmod labore deserunt proident","est eu ea"}', DEFAULT, DEFAULT, DEFAULT), ('6c642b40-bb15-55fa-9319-9c100d27adc7', '59d8bfe4-2c84-5707-a356-dbe1eb5eec54', 179, 'private', 'Vision Denial Blueprint', '{"in voluptate aliqua","eu","officia dolore ipsum","ea commodo in laboris quis","excepteur quis officia cillum ve","ut elit proident quis"}', DEFAULT, DEFAULT, DEFAULT), ('197f52e9-f9b3-54a3-a900-9ddcd2cd98d5', '59fbbc7c-edc9-5d3c-9170-cf6acabbcd28', 173, 'unlisted', 'Vision Control Blueprint', '{"labore ut aute culpa","exercitation commodo","eu in do","adipisicing commodo ex","eu sunt eiusmod","voluptate incididunt ea ex adipi","nostrud sit","et sit","tempor cillum eiusmod"}', DEFAULT, DEFAULT, DEFAULT), ('b239ffdb-847f-5400-b1f9-97e186ea36bc', 'd2f08d89-447f-5d3d-96e5-385ed888c091', 171, 'private', 'Wave Management Plan', '{"aliquip dolore Lorem labore","consequat","aliquip reprehenderit laboris ad"}', DEFAULT, DEFAULT, DEFAULT), ('c3124970-b58c-5748-8a01-4ba1d7466b2b', 'b32027db-33da-5dc2-b906-e0c2a06ac683', 180, 'unlisted', 'Objective Focused Strategy', '{"adipisicing deserunt id","excepteur amet duis dolor","est sint nostrud","sit ea","officia exercitation elit","Lorem adipisicing consectetur qu","nulla consequat sunt ad","id","consequat esse"}', DEFAULT, DEFAULT, DEFAULT), ('2fbdef88-7d4a-5528-bb59-74f725709563', '98bf31df-37fd-5af6-86dd-8686cdc35eeb', 173, 'private', 'Map Control Blueprint', '{"cillum mollit","dolore cupidatat dolore duis ani","deserunt enim sit","laboris mollit incididunt","dolore incididunt","cupidatat laborum sunt exercitat","deserunt nostrud proident","fugiat pariatur","quis enim cupidatat eiusmod"}', DEFAULT, DEFAULT, DEFAULT), ('a03637de-3a86-5f2c-a9a1-71bb222f301f', '8891aca3-b326-5a45-a77b-46ff3fd96d49', 175, 'private', 'Aggressive Rush Strategy', '{"fugiat cillum irure non consecte","aute deserunt est ad mollit"}', DEFAULT, DEFAULT, DEFAULT), ('536d5b0c-dc7c-598f-8fa0-b21c4cd85d48', '65d5f58f-a7d0-56d7-a4ee-df91649fa9a4', 176, 'unlisted', 'Counter Pick Blueprint', '{"deserunt nisi elit dolor","duis minim","do officia sint","eu cupidatat laboris sunt","occaecat reprehenderit","occaecat aliqua ipsum","mollit consectetur","ex cupidatat non deserunt"}', DEFAULT, DEFAULT, DEFAULT), ('f04b6b4b-d5ea-517f-8a7d-71713980487c', '2190cc4c-2cc5-5f9f-983d-55f70f31e468', 179, 'unlisted', 'Rotation Strategy Document', '{}', DEFAULT, DEFAULT, DEFAULT), ('363e1d5b-f7b0-5ee0-a43a-f471f9cf9338', 'd6d4ebe8-fe3c-5e62-98d8-e678f356450c', 172, 'private', 'Late Game Scaling Strategy', '{"duis nostrud deserunt esse","nisi proident fugiat et voluptat","et ex excepteur","nulla incididunt laboris","culpa laborum quis","enim minim fugiat aliqua minim","pariatur consequat","duis","sit in adipisicing irure"}', DEFAULT, DEFAULT, DEFAULT), ('edcc2203-6787-52aa-bc0b-a6dcc59388be', 'be8eca74-88dc-5f62-a6bb-1a0cde780aab', 175, 'public', 'Vision Control Blueprint', '{"ad officia consequat est","elit magna aliquip","ut nulla"}', DEFAULT, DEFAULT, DEFAULT), ('474b1c92-271b-5e78-878e-3e82398a6e7c', 'd2268e40-fa6d-5300-9f01-b7cc8f9018e3', 172, 'unlisted', 'Jungle Control Playbook', '{"pariatur eiusmod nisi cillum","deserunt Lorem incididunt","laborum ut id deserunt velit","et","culpa dolor","reprehenderit","amet anim sunt sit nisi","nulla adipisicing laboris anim"}', DEFAULT, DEFAULT, DEFAULT), ('8997d96a-4a2f-5fcd-a0a2-88e875f8bba7', 'd2f08d89-447f-5d3d-96e5-385ed888c091', 174, 'unlisted', 'Split Push Blueprint', '{"eiusmod aute sint","reprehenderit do quis","ex","nisi nostrud ea","fugiat","commodo ex","do labore consequat"}', DEFAULT, DEFAULT, DEFAULT), ('f61f0c83-60cb-5fa8-a27a-67e606b63adb', '2da447ba-d0f6-5d62-becb-584cd208c558', 176, 'private', 'Defensive Turtle Tactics', '{"duis laboris minim dolore","consectetur culpa ex","amet qui commodo sit labore","sunt mollit","officia reprehenderit irure duis"}', DEFAULT, DEFAULT, DEFAULT), ('30d213ab-4615-5d8b-abee-5b4875c8bfdf', 'd6d4ebe8-fe3c-5e62-98d8-e678f356450c', 172, 'private', 'Roaming Support Plan', '{"aliqua cupidatat occaecat","anim","ea Lorem pariatur mollit ex","fugiat duis reprehenderit ex"}', DEFAULT, DEFAULT, DEFAULT), ('7d042aff-1b5b-531f-917f-48f2d58d33c7', 'e4de1a09-bd9a-5e42-b92c-2cb1af28bec6', 176, 'private', 'Team Fight Execution Plan', '{"consequat aute proident veniam d","dolor","aliqua laboris officia elit fugi","ut laborum","incididunt nisi culpa eu","nisi nostrud","nisi eu irure","eu esse et aliquip"}', DEFAULT, DEFAULT, DEFAULT), ('30e1e77d-2bcf-5591-97ec-d99bd552d8f0', '9e6824f3-dac2-540f-9e3d-8797171dab14', 172, 'public', 'Vision Denial Blueprint', '{}', DEFAULT, DEFAULT, DEFAULT), ('d53a4a7c-125e-52cd-8ba3-aa3916f71140', '8b7e423b-b9b9-5b3c-bf3d-1aa45d16235c', 172, 'unlisted', 'Vision Control Blueprint', '{"non est","incididunt aliquip fugiat proide","nostrud"}', DEFAULT, DEFAULT, DEFAULT), ('47f797b2-50c1-56af-abe6-0081dabe5efd', 'b4725825-2a5a-5e18-a190-e59f4cb9f1b5', 177, 'private', 'Counter Pick Blueprint', '{"ea do commodo","ipsum culpa non esse ut"}', DEFAULT, DEFAULT, DEFAULT), ('3ebbec39-d360-5461-b442-70abf723c8b8', '72d447b0-a4fa-5de7-bb4c-9ff5f169dfea', 174, 'private', 'Aggressive Rush Strategy', '{"consectetur sunt exercitation si","aute aute pariatur","nostrud occaecat ad nulla","sint","labore et quis","commodo culpa","aute qui"}', DEFAULT, DEFAULT, DEFAULT), ('3821efb6-356e-53bd-8a0b-239426475be5', 'eda91f04-12ef-5904-88aa-e6ed9a692e03', 173, 'public', 'Siege Tactics Handbook', '{"commodo proident","voluptate fugiat","deserunt commodo","proident esse reprehenderit","aute consectetur esse quis"}', DEFAULT, DEFAULT, DEFAULT), ('f62571e6-585e-5709-b04e-861b7f3db2d2', 'bf251b09-11da-503b-84c5-60ec2f7d4e17', 172, 'public', 'Roaming Support Plan', '{"reprehenderit","ad sunt","elit","mollit irure id","ex aliquip pariatur","sunt incididunt ut","reprehenderit duis ipsum anim","reprehenderit eu occaecat laboru"}', DEFAULT, DEFAULT, DEFAULT), ('f706ef0d-b4c8-54ee-ba4a-8f6af14717f8', 'ea56a5ec-2249-5fba-8891-278bcdbbb33d', 172, 'unlisted', 'Counter Pick Blueprint', '{"deserunt nulla deserunt voluptat"}', DEFAULT, DEFAULT, DEFAULT), ('da6a602b-9dc0-5e13-87e9-323f368838a2', '3de7919f-8a6e-5a5a-ad06-07f2ad53b96d', 180, 'unlisted', 'Gank Heavy Approach', '{"veniam nisi mollit voluptate","est aliqua enim consequat","reprehenderit consectetur adipis","ea commodo veniam","elit proident","aute occaecat minim","id exercitation"}', DEFAULT, DEFAULT, DEFAULT), ('ae022a2e-97fe-53d7-ace2-f700a65995e2', 'b5f933d0-c28e-517c-9fca-d9e38dc742a2', 179, 'unlisted', 'Jungle Control Playbook', '{"deserunt ullamco excepteur offic","amet ad","occaecat do nostrud pariatur id","tempor ipsum do dolore magna","dolor"}', DEFAULT, DEFAULT, DEFAULT), ('7f27719e-c551-5cfa-ab24-3e6a917bc77f', 'eeba85da-b4f7-5195-887e-28b7dc8a5236', 176, 'public', 'Vision Control Blueprint', '{"commodo cillum irure","minim veniam eu","sunt ullamco","incididunt ad","cillum","aliqua consequat nisi"}', DEFAULT, DEFAULT, DEFAULT), ('a7afe8c7-8469-5a59-9246-cc18b3ce4b7b', '1332e392-1ac8-57d9-8262-948f66c89fe9', 173, 'private', 'Baron Control Strategy', '{"est amet non","nulla deserunt elit proident mag","id ipsum adipisicing Lorem","sunt exercitation ad","est nostrud"}', DEFAULT, DEFAULT, DEFAULT), ('8111ec5f-e01a-5ad1-b89a-b7a64419e202', '8b7e423b-b9b9-5b3c-bf3d-1aa45d16235c', 179, 'public', 'Vision Denial Blueprint', '{"ea magna duis","et occaecat eiusmod id nulla","dolor irure in adipisicing","Lorem fugiat labore","aute id irure voluptate aliqua","qui laboris","sit laboris cupidatat ipsum","labore cillum"}', DEFAULT, DEFAULT, DEFAULT), ('af41c136-c26c-5e1c-81f1-2d9f923ca606', 'a5831e58-2fc9-5b59-970d-00c344a4eb18', 176, 'public', 'Aggressive Rush Strategy', '{"cupidatat nostrud Lorem","fugiat aliqua","veniam eu quis","eiusmod cupidatat proident ea","laborum labore cupidatat","ut"}', DEFAULT, DEFAULT, DEFAULT), ('7594efe5-aff1-5874-a5ed-4a9edc7b66bf', 'e9decb87-4a50-5c41-896c-16fe0d21ebca', 177, 'unlisted', 'Defensive Turtle Tactics', '{"commodo minim","magna ad mollit Lorem"}', DEFAULT, DEFAULT, DEFAULT), ('ee2f9514-a689-5e06-84f0-7f27b56a3774', '3adfc207-aaeb-5fa1-b329-eb7ef2061320', 180, 'private', 'Aggressive Rush Strategy', '{"ea aute culpa","commodo proident minim laborum","dolor anim sit consequat","nulla non"}', DEFAULT, DEFAULT, DEFAULT), ('59ac239c-144e-5ca7-b3e8-b97418726740', '0a9347d2-3396-5e6a-98f1-b406ca195226', 173, 'unlisted', 'Early Game Dominance Guide', '{}', DEFAULT, DEFAULT, DEFAULT), ('7992b22f-6c16-50ae-ae54-fd84bedb78e7', 'd92658af-bb2e-5f93-9170-bc8d85a6ad50', 174, 'public', 'Jungle Control Playbook', '{"culpa et quis nostrud","amet dolore labore esse","est Lorem"}', DEFAULT, DEFAULT, DEFAULT), ('eeb6a56c-bf20-5164-a9c4-2438947a1635', '47e5d6a1-6a7c-5068-97e6-b73d6f3b47c1', 171, 'public', 'Split Push Blueprint', '{}', DEFAULT, DEFAULT, DEFAULT), ('ba263b84-62af-5be6-a1da-34f8a9b1c708', '051188d3-54fa-59f4-adc8-b929fcb2c826', 178, 'public', 'Team Fight Execution Plan', '{"tempor anim qui consectetur","deserunt excepteur cupidatat","ea aliquip excepteur duis nulla","sunt adipisicing quis","magna id","commodo occaecat magna","cupidatat commodo deserunt cillu","elit aute do proident in"}', DEFAULT, DEFAULT, DEFAULT), ('0eda511d-00fb-5edd-a94c-61620ced28e5', 'e4de1a09-bd9a-5e42-b92c-2cb1af28bec6', 173, 'private', 'Defensive Turtle Tactics', '{"pariatur laboris est voluptate","ex nostrud excepteur duis tempor","ullamco ut nostrud","esse nulla nulla officia","id anim","deserunt velit","est amet"}', DEFAULT, DEFAULT, DEFAULT), ('4a82ca5f-1296-51b0-9319-05459a439c92', 'fbbb9719-f3d1-5ce2-b584-4b70bf5bb135', 179, 'unlisted', 'Team Fight Execution Plan', '{"qui velit duis sint","reprehenderit culpa"}', DEFAULT, DEFAULT, DEFAULT), ('230e6990-91f4-5dc7-b6bc-229a44985e25', '6fc34c52-742f-56c2-b6c3-89dee63a8839', 172, 'private', 'Gank Heavy Approach', '{}', DEFAULT, DEFAULT, DEFAULT), ('01a97da4-f21e-511b-9160-a834d5d7f82e', '2c5573d9-9522-50a1-b9d9-3ef48e8629b4', 173, 'unlisted', 'Split Push Blueprint', '{"ex nostrud","id aliqua ex aliqua","cupidatat pariatur veniam aliqui","esse consectetur","consequat","irure","velit anim nostrud irure","et consequat cupidatat id","dolor dolore","excepteur sint id"}', DEFAULT, DEFAULT, DEFAULT), ('1c5613fb-a627-5391-a9ff-0cc49d9b395b', '43bcab14-4a69-5e60-a07f-cda2fe595a2a', 176, 'unlisted', 'Early Game Dominance Guide', '{"dolor sit laboris sint","voluptate sunt pariatur","irure incididunt non","adipisicing ipsum Lorem et","duis excepteur sint ea occaecat","esse dolor sint quis enim","commodo pariatur dolor mollit es"}', DEFAULT, DEFAULT, DEFAULT), ('69b55afa-a769-5eae-849b-0607118f6f38', 'eb9fdff9-6822-52d9-b12a-a9a69b69cbe5', 177, 'public', 'Aggressive Rush Strategy', '{"esse adipisicing id occaecat","consectetur ex magna","sunt id exercitation","dolor consectetur labore","ut dolor","irure","laborum esse"}', DEFAULT, DEFAULT, DEFAULT), ('5653d3f7-e466-5b59-9cc7-02634d975655', 'a6586816-3687-592a-bbeb-b4d089115511', 180, 'unlisted', 'Wave Management Plan', '{"sint incididunt laboris cupidata","commodo","tempor","irure mollit mollit","culpa sint"}', DEFAULT, DEFAULT, DEFAULT), ('11917a47-b89e-5663-8d37-049fe2bf5b34', '763ebb5f-add9-59ff-9a26-6b4030dae259', 172, 'unlisted', 'Late Game Scaling Strategy', '{"eiusmod excepteur esse sint"}', DEFAULT, DEFAULT, DEFAULT), ('c68ff46b-b1a9-581e-aa43-737e3b976580', 'fe24988b-bca5-5bf5-be0f-c92da7b2cbe1', 173, 'unlisted', 'Objective Focused Strategy', '{"labore laboris culpa qui","minim qui","fugiat voluptate","veniam proident ad","consectetur ad","duis sunt","pariatur nulla nisi quis","sint commodo"}', DEFAULT, DEFAULT, DEFAULT), ('e8d13e33-32bc-5c1a-9371-8f828965d869', '8a0a556f-d942-55f0-8ba8-1ffbfaf3c6d9', 176, 'public', 'Early Game Dominance Guide', '{"fugiat id do amet cillum","ut elit deserunt consequat","reprehenderit esse veniam magna","anim veniam sit excepteur commod"}', DEFAULT, DEFAULT, DEFAULT), ('79cca71d-1dd7-5b78-9e31-229bb9872504', '646b32cc-2525-5418-a0f1-5c9ced471b05', 174, 'public', 'Wave Management Plan', '{"sit pariatur aliquip incididunt","laborum est aute consectetur","aute Lorem ipsum fugiat","consectetur","anim","laborum sunt","deserunt est laborum aute"}', DEFAULT, DEFAULT, DEFAULT), ('cdf1b1e3-61cd-52e6-b86e-eec98ea71e23', 'dc58dd7b-bb54-5abe-8208-becc5e0561ad', 178, 'private', 'Siege Tactics Handbook', '{"sint magna magna","commodo enim amet aute","sint ullamco","in","tempor consequat sit aliqua aliq","laborum aute aute deserunt","aute qui voluptate"}', DEFAULT, DEFAULT, DEFAULT), ('98ea8abd-4f3f-5750-b436-afb8aa79fb82', '3d4df0ce-5a7f-53e4-b486-95faf0a09720', 177, 'private', 'Wave Management Plan', '{"dolor ut","ad enim","cupidatat exercitation ea dolore","veniam nisi"}', DEFAULT, DEFAULT, DEFAULT), ('bc227bd7-3214-5075-bca0-3f60046ac216', '21a7e579-98a3-5757-a0a8-913f2da95aba', 174, 'unlisted', 'Map Control Blueprint', '{"amet proident consequat","occaecat aliqua","veniam veniam non"}', DEFAULT, DEFAULT, DEFAULT), ('8fd84214-96a6-5d6c-8437-0646145f15a1', '286a711e-ae86-5be5-9195-1d963e0504f7', 174, 'unlisted', 'Split Push Blueprint', '{}', DEFAULT, DEFAULT, DEFAULT), ('7b269807-4fdc-5847-8a5c-807ffa02f953', '2c5573d9-9522-50a1-b9d9-3ef48e8629b4', 180, 'public', 'Aggressive Rush Strategy', '{"anim irure esse tempor","ad ea","nulla ut exercitation voluptate","dolore qui reprehenderit","nostrud non","commodo exercitation","excepteur","nostrud reprehenderit nulla","nostrud id labore ullamco"}', DEFAULT, DEFAULT, DEFAULT), ('cf8258c4-f278-5c75-a944-c2bcba526ad4', 'c7198a1e-f50c-5635-a5bf-2073d4da7bc6', 179, 'private', 'Objective Focused Strategy', '{"reprehenderit","aute cillum aute laborum elit","aute","consequat duis","esse commodo irure","ut voluptate nisi in deserunt","labore velit","elit irure consequat eu sit"}', DEFAULT, DEFAULT, DEFAULT), ('2e51b4b0-68ac-5e21-94a2-b7afb1b16016', 'b134c4e5-3e41-53b3-bf3f-7f4cf023e9d7', 173, 'unlisted', 'Objective Focused Strategy', '{"pariatur qui quis","nisi reprehenderit et incididunt","minim commodo nulla","et sunt aute","pariatur adipisicing enim","sint fugiat cillum nisi Lorem"}', DEFAULT, DEFAULT, DEFAULT), ('6e9d8d45-1d4b-5cdd-92c5-76194015ba99', 'df90352f-468b-5345-9b3e-522b747ccf55', 180, 'unlisted', 'Team Fight Execution Plan', '{"pariatur commodo duis officia si","aliquip ullamco non","occaecat et labore irure","dolore nulla","minim incididunt","consectetur ad ut ipsum","sint incididunt id aute","dolor nisi laboris elit sit"}', DEFAULT, DEFAULT, DEFAULT), ('fac7e894-3f38-5663-bc98-486c88732ea4', 'be8eca74-88dc-5f62-a6bb-1a0cde780aab', 179, 'public', 'Objective Focused Strategy', '{"voluptate minim reprehenderit ma","qui culpa proident","irure commodo","ad qui laborum proident","duis qui tempor","incididunt","eu ad anim"}', DEFAULT, DEFAULT, DEFAULT), ('7d360079-2c18-5c6d-a1b8-85eb411ace3d', '5f3671df-cc06-5a3d-87a6-e1e42e095fa3', 178, 'unlisted', 'Aggressive Rush Strategy', '{"esse","officia ullamco","velit eu nulla anim","in cupidatat id pariatur ad","proident","minim excepteur Lorem consequat"}', DEFAULT, DEFAULT, DEFAULT), ('be194c18-6eee-5ff6-a117-608bade8a86e', 'bbc51950-a428-5ed7-b604-6444a902714b', 177, 'private', 'Vision Control Blueprint', '{"enim id mollit id","laboris consectetur officia ulla","laboris officia Lorem sint","excepteur do sint ad esse","deserunt pariatur","dolore duis","ex culpa consectetur sint conseq","amet in","mollit voluptate","ex laborum magna qui"}', DEFAULT, DEFAULT, DEFAULT), ('74297878-a21d-59b7-aced-265d4a9f30fa', '1716ac71-f35f-52a7-acdc-316247462f37', 180, 'public', 'Gank Heavy Approach', '{"in cillum","duis esse","non reprehenderit ullamco","dolore","proident duis ut irure","nostrud enim labore"}', DEFAULT, DEFAULT, DEFAULT), ('a0c5fdb3-1581-541b-b560-7473e0935643', 'ad1bbcac-cdbb-551f-b25a-b14b40074515', 172, 'unlisted', 'Jungle Control Playbook', '{"aliqua est mollit aliqua","ullamco","voluptate elit proident ipsum","non pariatur quis","veniam consequat","magna incididunt","anim dolor nulla","aute tempor qui dolore fugiat"}', DEFAULT, DEFAULT, DEFAULT), ('5bf01130-69dd-5547-acc0-717bf1395fda', '2386fe50-4da3-5ca3-b993-046dc48afb23', 180, 'unlisted', 'Vision Control Blueprint', '{"commodo eu sit","culpa et do cillum","sint enim consequat","esse incididunt laborum sit volu","irure sunt officia nostrud exerc","sunt culpa culpa et pariatur","excepteur ad reprehenderit amet","ut in"}', DEFAULT, DEFAULT, DEFAULT), ('1e052062-4999-589c-af48-bc4a3df69d05', '1497705a-df0e-5f8d-988d-61adba7199e0', 178, 'private', 'Secure Objective Playbook', '{"ex non duis","quis velit","ad","laboris laboris dolore qui","enim aliqua nisi","velit amet enim","ullamco do voluptate laborum nos","velit ullamco"}', DEFAULT, DEFAULT, DEFAULT), ('38b49ca8-b50c-5e98-af9e-9c3898d28f8f', '3c19e2d6-1e17-5580-adbc-319ee6c74e3c', 179, 'private', 'Aggressive Rush Strategy', '{"culpa tempor ad","elit culpa officia","aute occaecat enim","et esse ex minim sit","sint voluptate voluptate"}', DEFAULT, DEFAULT, DEFAULT), ('9b261f2f-f0b0-57c3-9c3a-156a89bfc9aa', '274020d9-7513-5cf6-ae0b-e94ef1d1a62f', 177, 'unlisted', 'Secure Objective Playbook', '{"officia eiusmod aliquip voluptat","do aliqua","qui proident Lorem mollit","sit eiusmod sunt","irure eiusmod","ullamco Lorem aliqua in","nisi esse","occaecat irure incididunt"}', DEFAULT, DEFAULT, DEFAULT), ('2d9d0644-e0d8-5f5d-84c2-071cd2c099ce', '3d4df0ce-5a7f-53e4-b486-95faf0a09720', 171, 'public', 'Defensive Turtle Tactics', '{"est adipisicing","labore officia ea","consequat reprehenderit Lorem et"}', DEFAULT, DEFAULT, DEFAULT), ('b8c7a039-d039-57f7-bd1e-253b05ef8c03', 'f457d7a7-01f9-5225-b07a-0e782525bbc7', 172, 'private', 'Vision Denial Blueprint', '{"pariatur","sit deserunt duis laborum anim","aliquip in","ipsum laboris officia tempor","sunt amet fugiat dolore","veniam quis esse pariatur occaec","dolore qui","consequat officia adipisicing"}', DEFAULT, DEFAULT, DEFAULT), ('110d19c8-9e0d-5f75-a721-b94eb9080526', '096adf71-c74e-5b77-822b-46a8768797c5', 172, 'private', 'Objective Focused Strategy', '{"qui proident","elit consequat","culpa pariatur amet","laborum et","ut","cillum reprehenderit"}', DEFAULT, DEFAULT, DEFAULT), ('09923517-e55a-5deb-98cb-d64b27c0ab72', 'cda3814f-c14d-5dcf-a835-797df84f6d99', 179, 'unlisted', 'Baron Control Strategy', '{"qui dolore","labore ex adipisicing ipsum labo","enim officia nulla","sit","ut enim dolor fugiat","esse duis"}', DEFAULT, DEFAULT, DEFAULT), ('e5bd85d5-1f62-5598-9176-4bfd393badbe', 'd92658af-bb2e-5f93-9170-bc8d85a6ad50', 174, 'public', 'Vision Denial Blueprint', '{"et fugiat","esse qui"}', DEFAULT, DEFAULT, DEFAULT), ('e8eb7547-d359-5d88-afb0-cca98349d023', '3204ce32-7c5b-5953-969e-fe1d17de6e76', 178, 'public', 'Counter Pick Blueprint', '{"cillum dolor nostrud cillum","velit","fugiat culpa","et amet"}', DEFAULT, DEFAULT, DEFAULT), ('0e4135c9-4c74-5717-9ee1-cbbb37873838', '2dbccffd-e7a5-5653-9dc6-18e988716abe', 180, 'public', 'Team Fight Execution Plan', '{"laboris","ullamco officia ipsum","magna","id veniam","sit","elit dolore esse","eiusmod eiusmod excepteur cillum","fugiat sint aute exercitation te","incididunt labore"}', DEFAULT, DEFAULT, DEFAULT), ('eb9d24ec-f15e-5e4f-870e-dd537efcd168', 'eea550bd-8120-5fb2-9339-ad3a549506d4', 171, 'private', 'Counter Pick Blueprint', '{"pariatur","dolor anim","dolore id","ipsum id mollit nisi","sit ipsum exercitation labore co"}', DEFAULT, DEFAULT, DEFAULT), ('688a2e3c-848e-5787-bd83-705a15229924', '5dedc9b9-eec3-5ace-a95b-d7817834d9af', 173, 'unlisted', 'Counter Pick Blueprint', '{"sit Lorem","fugiat aliquip magna non deserun","esse","culpa","eu in nulla","cupidatat"}', DEFAULT, DEFAULT, DEFAULT), ('a042a037-2e40-50ce-ae48-3f063c3067bb', 'b134c4e5-3e41-53b3-bf3f-7f4cf023e9d7', 178, 'unlisted', 'Roaming Support Plan', '{"minim officia","mollit quis deserunt minim quis"}', DEFAULT, DEFAULT, DEFAULT), ('cb4eaa5a-1f18-571e-9566-4c1753ad9134', '853509f0-6836-5fa7-87f2-fb0a9a8766d2', 174, 'private', 'Vision Control Blueprint', '{"anim aute reprehenderit"}', DEFAULT, DEFAULT, DEFAULT), ('2076216c-1b19-5f7f-b10d-db3cae2b4567', 'd1b8f3f8-af26-5088-8712-273c28ba98f7', 174, 'private', 'Defensive Turtle Tactics', '{"eu eiusmod enim cillum","sint voluptate ea magna","ipsum ex","enim dolore voluptate magna","veniam excepteur laborum sit mol","sunt","ipsum","pariatur ullamco exercitation","duis elit sint id occaecat","excepteur sint"}', DEFAULT, DEFAULT, DEFAULT), ('a0bd7980-cac4-5ded-adc5-004548282723', '0e342915-b360-541f-8c0a-bdf36b3c0ce2', 172, 'unlisted', 'Vision Control Blueprint', '{"labore ea nisi voluptate"}', DEFAULT, DEFAULT, DEFAULT), ('e94657cc-5d4a-53ce-8902-19b99712c3c6', '65d5f58f-a7d0-56d7-a4ee-df91649fa9a4', 172, 'unlisted', 'Vision Control Blueprint', '{"quis commodo velit","cillum veniam"}', DEFAULT, DEFAULT, DEFAULT), ('cdee6d23-791e-5a74-aba4-6e6c1b3863e7', '290e51c6-7ff6-5db4-8f40-69dda051b66c', 174, 'unlisted', 'Baron Control Strategy', '{"commodo","Lorem eiusmod","sunt tempor tempor nisi"}', DEFAULT, DEFAULT, DEFAULT), ('d5a4641d-8cbb-5fd0-89e3-ac12979b690c', 'd2f08d89-447f-5d3d-96e5-385ed888c091', 174, 'unlisted', 'Secure Objective Playbook', '{"exercitation ut aliquip"}', DEFAULT, DEFAULT, DEFAULT), ('ab58f5b2-4308-5685-a477-a4b54637b2a0', '8babc841-00b0-585f-9ca3-85ef68fec1f7', 171, 'unlisted', 'Roaming Support Plan', '{"ea Lorem irure eu","velit labore","duis ipsum non","pariatur in","ex nostrud","in","id enim exercitation cupidatat e","ut adipisicing mollit nulla"}', DEFAULT, DEFAULT, DEFAULT), ('025da8e7-6d47-53be-9689-b0604284733b', 'e4de1a09-bd9a-5e42-b92c-2cb1af28bec6', 178, 'unlisted', 'Gank Heavy Approach', '{}', DEFAULT, DEFAULT, DEFAULT), ('cfc01e92-0e9c-5f58-b116-ac73af2ff344', 'eda91f04-12ef-5904-88aa-e6ed9a692e03', 179, 'private', 'Baron Control Strategy', '{"amet cupidatat"}', DEFAULT, DEFAULT, DEFAULT), ('6c7a0737-5d09-56f1-9a60-9ca811b68d40', 'b134c4e5-3e41-53b3-bf3f-7f4cf023e9d7', 176, 'public', 'Late Game Scaling Strategy', '{"proident exercitation","proident","laborum ut aliquip","enim excepteur in cupidatat","voluptate nisi duis sit proident","in qui officia officia","Lorem tempor"}', DEFAULT, DEFAULT, DEFAULT), ('b74b781d-f3ca-5ce2-a262-c20f23455d05', '338ac238-5209-53e4-836e-9d5dc98ae268', 171, 'private', 'Team Fight Execution Plan', '{"proident nulla sunt","fugiat irure incididunt velit id","cupidatat qui proident sit","sint","nisi dolor ex nulla","excepteur","reprehenderit laborum","ipsum labore ullamco magna","qui"}', DEFAULT, DEFAULT, DEFAULT), ('ae76c1cf-66c9-5bf7-8fc8-d1e1260ab8bd', 'cd80d13e-478f-5058-8dfd-e20a76013cb5', 174, 'public', 'Jungle Control Playbook', '{"do irure","irure eu duis","laborum exercitation","mollit duis tempor amet minim","ea enim magna irure","dolore incididunt ut","dolore id eu quis","proident mollit irure","ad amet sint","nulla nulla ut ipsum"}', DEFAULT, DEFAULT, DEFAULT), ('3267d96d-4a33-5c13-9ef8-eb9652f76262', 'e4de1a09-bd9a-5e42-b92c-2cb1af28bec6', 175, 'public', 'Late Game Scaling Strategy', '{"ea quis reprehenderit ipsum inci","amet adipisicing","do","aute Lorem","deserunt sit","sit","eu ut pariatur","anim","tempor cupidatat magna","excepteur nisi commodo"}', DEFAULT, DEFAULT, DEFAULT), ('272ce823-3f81-5671-93a8-93655178aa67', '2da4149c-bf3e-5f98-b904-591c69530871', 179, 'unlisted', 'Counter Pick Blueprint', '{"adipisicing pariatur veniam ad d","consectetur esse in tempor volup","ex deserunt ea amet","elit nisi excepteur sit","ipsum et","officia ipsum ex veniam dolor","dolore"}', DEFAULT, DEFAULT, DEFAULT), ('0cd365ac-6479-5889-b532-b02ce5d93b9f', 'b7a89d05-549f-565f-b631-b59097e91d1a', 171, 'unlisted', 'Wave Management Plan', '{"cupidatat ipsum excepteur","fugiat mollit ea aliqua","consectetur enim","eu quis excepteur commodo","occaecat proident sit","tempor","ipsum ex mollit pariatur"}', DEFAULT, DEFAULT, DEFAULT), ('d1c31a1f-140d-5b01-95f7-3fc15003186c', '646b32cc-2525-5418-a0f1-5c9ced471b05', 172, 'public', 'Baron Control Strategy', '{"incididunt ut dolore","sit qui excepteur cillum","anim eiusmod occaecat quis","anim ipsum officia","ullamco ex","non do","nostrud consectetur","aute laboris"}', DEFAULT, DEFAULT, DEFAULT), ('139e14ed-bbf1-5d48-a6cc-84c72c891164', '02a341a2-35a0-5fbc-a1f4-aa8b42aa4b51', 174, 'unlisted', 'Jungle Control Playbook', '{}', DEFAULT, DEFAULT, DEFAULT), ('586f1ac8-f524-5f8c-88e2-184c02d5ef6d', 'd2f08d89-447f-5d3d-96e5-385ed888c091', 180, 'private', 'Aggressive Rush Strategy', '{"sunt ipsum","Lorem ut nulla ad cillum"}', DEFAULT, DEFAULT, DEFAULT), ('62075432-2441-5ae8-a3d3-0c53f1490707', 'f561c33d-0589-5163-a677-f2a1eb6b3322', 176, 'public', 'Vision Denial Blueprint', '{"voluptate cupidatat cillum","magna incididunt","sit velit minim veniam laborum","proident sunt aliquip"}', DEFAULT, DEFAULT, DEFAULT), ('7e2a3012-f429-5959-8e79-e27f888f9ce7', 'd3953f9f-e0f9-5aed-9d31-3f026a23da12', 173, 'public', 'Baron Control Strategy', '{"dolor eiusmod id velit","sunt tempor","laboris","occaecat"}', DEFAULT, DEFAULT, DEFAULT), ('b8821e56-73f0-54d5-b485-728d64492250', '9b1fc781-1e4e-56d2-bd68-0dc257a319c0', 173, 'private', 'Gank Heavy Approach', '{"in mollit id magna","in magna cupidatat aute","minim dolor ex"}', DEFAULT, DEFAULT, DEFAULT), ('41c6ea7f-18a9-55e6-b2ba-f0f4f40a17bf', 'eb9fdff9-6822-52d9-b12a-a9a69b69cbe5', 173, 'unlisted', 'Siege Tactics Handbook', '{"eiusmod sint pariatur","Lorem fugiat laboris voluptate","Lorem aute laborum","exercitation ipsum sit","sint laborum","consectetur sunt","ullamco","esse deserunt","cillum anim magna"}', DEFAULT, DEFAULT, DEFAULT), ('6071eb55-6bca-516b-b2e7-cdcdc70b2f27', 'f7f33f5b-7e02-5784-9db2-ed2995544a54', 174, 'private', 'Rotation Strategy Document', '{"dolor","proident incididunt sint pariatu"}', DEFAULT, DEFAULT, DEFAULT), ('d7cdb9d2-07a6-5208-bc43-84429587c78d', 'df625f4d-0fe2-599a-b1d3-13232701e19f', 174, 'private', 'Gank Heavy Approach', '{"deserunt sit","eiusmod sit","nisi culpa laboris","culpa incididunt do enim","labore velit nostrud","consequat tempor","do aliqua","est ut ea ad eiusmod","nulla tempor minim"}', DEFAULT, DEFAULT, DEFAULT), ('edba76b8-16c2-5d65-8407-7c8846b18c8d', '72d447b0-a4fa-5de7-bb4c-9ff5f169dfea', 179, 'private', 'Defensive Turtle Tactics', '{"labore","eu est aliqua","reprehenderit nulla sit consequa","do anim ullamco elit","et","consectetur eiusmod","labore ea proident","eu cillum culpa"}', DEFAULT, DEFAULT, DEFAULT), ('4961b154-685f-5c2d-b1f1-598100239ea4', '495390bc-68e6-52a4-b1ba-2f994586821a', 172, 'public', 'Early Game Dominance Guide', '{}', DEFAULT, DEFAULT, DEFAULT), ('81b648c1-576c-5086-ba4f-2125060d9cf0', 'fb634118-b8a6-50b7-9010-0317dd27fba6', 176, 'unlisted', 'Siege Tactics Handbook', '{"mollit officia excepteur"}', DEFAULT, DEFAULT, DEFAULT), ('edcc20e9-95a3-50eb-b84c-a2ac5801dd1f', '7bf99080-cdc6-5456-b6d5-417e28b4eba5', 177, 'private', 'Objective Focused Strategy', '{"ea irure ut","velit enim incididunt adipisicin","officia","mollit fugiat anim"}', DEFAULT, DEFAULT, DEFAULT), ('0f7963e1-2931-5603-b1f8-5f29e095a36f', '8926b9fd-34b2-5421-a25c-9cd89c12cad0', 178, 'private', 'Aggressive Rush Strategy', '{"nisi officia non","non","et est sint fugiat ad","minim fugiat aute ex magna","ea eiusmod in adipisicing ut"}', DEFAULT, DEFAULT, DEFAULT), ('d90cf80e-490d-5c8c-85cc-9c761060fca5', '2764351d-73bf-5124-a613-660cd57f91dd', 179, 'public', 'Defensive Turtle Tactics', '{"voluptate ut in quis non","labore est est cupidatat veniam","Lorem est amet"}', DEFAULT, DEFAULT, DEFAULT), ('84a00f8f-8f65-512e-a89a-396ebb944774', '29b47b7e-4cec-5d5a-b93d-172770b57ed6', 180, 'unlisted', 'Counter Pick Blueprint', '{"magna","ex qui commodo magna mollit"}', DEFAULT, DEFAULT, DEFAULT), ('24530daa-18f4-5736-824e-740b98d86f84', '3204ce32-7c5b-5953-969e-fe1d17de6e76', 178, 'public', 'Objective Focused Strategy', '{"laborum consequat duis esse inci"}', DEFAULT, DEFAULT, DEFAULT), ('cef44dbb-01f1-53f9-a51f-bce20b8c9729', '2d1d7734-be70-5d07-a538-e76c6cae722e', 175, 'private', 'Gank Heavy Approach', '{"occaecat sit Lorem","ut est laboris amet"}', DEFAULT, DEFAULT, DEFAULT), ('2f432e43-c578-5d3f-a9f6-658650551fe1', 'd297ab9e-40d4-51b5-bb8f-a1df399f1a9a', 177, 'public', 'Vision Denial Blueprint', '{"commodo"}', DEFAULT, DEFAULT, DEFAULT), ('9e0ad23d-bafe-536b-a992-47ea353cf3b5', 'bbc51950-a428-5ed7-b604-6444a902714b', 179, 'unlisted', 'Gank Heavy Approach', '{"tempor","cupidatat adipisicing excepteur "}', DEFAULT, DEFAULT, DEFAULT), ('ba4f3542-9d48-574a-8df6-823d78106037', 'a88bc9b9-135e-55c7-8c4c-5a072a3c8573', 175, 'public', 'Defensive Turtle Tactics', '{"reprehenderit cupidatat magna id","duis culpa","fugiat","culpa nisi dolor","veniam","exercitation sit anim irure ea","eiusmod pariatur ex enim","officia","laborum ea culpa laborum sint"}', DEFAULT, DEFAULT, DEFAULT), ('d5920fa6-848e-5195-b671-9577ccf74a26', 'fbfa0c72-9c6c-54ce-ba23-f1ed2563396e', 177, 'public', 'Roaming Support Plan', '{"labore cupidatat nulla laboris","veniam et dolore","anim do consectetur laborum","enim nisi Lorem id","dolor ea Lorem ea do","Lorem ex"}', DEFAULT, DEFAULT, DEFAULT), ('60e1ec45-4b3f-5cd2-b9e9-a6fd50c32391', '98bf31df-37fd-5af6-86dd-8686cdc35eeb', 180, 'public', 'Vision Denial Blueprint', '{"labore esse proident quis","anim","est est ex reprehenderit eu","enim","nisi cupidatat","duis excepteur","adipisicing exercitation","non"}', DEFAULT, DEFAULT, DEFAULT), ('4152396c-eaf9-5aeb-9b7d-6c26ad4d722c', 'af85f96c-efbd-584c-bdd4-26c4e2f3e556', 178, 'unlisted', 'Defensive Turtle Tactics', '{"enim officia","do sint commodo"}', DEFAULT, DEFAULT, DEFAULT), ('82c66b9e-374b-5deb-960b-0b761f066806', '549980e7-3e77-5d76-b263-84664d04b209', 176, 'public', 'Late Game Scaling Strategy', '{"pariatur","pariatur cillum enim","magna aliqua","aliqua nostrud ipsum","cupidatat quis culpa cupidatat e","anim non voluptate velit"}', DEFAULT, DEFAULT, DEFAULT), ('cb1a8444-be9e-581c-8a1e-9f0d5870d484', '549980e7-3e77-5d76-b263-84664d04b209', 171, 'public', 'Wave Management Plan', '{"magna aliqua anim","ullamco sit consectetur ea exerc","sint incididunt adipisicing veli","ullamco cillum ipsum laborum et","adipisicing qui"}', DEFAULT, DEFAULT, DEFAULT), ('b4086fbf-8b55-5b20-af96-270e53efd260', '811570ef-0b81-508d-ba05-2f5e812d4131', 177, 'unlisted', 'Siege Tactics Handbook', '{"qui fugiat","reprehenderit duis","excepteur quis","est aliqua irure dolore","officia","esse adipisicing","amet labore ea","sit anim","eiusmod ipsum voluptate"}', DEFAULT, DEFAULT, DEFAULT), ('7dc2a385-02fd-5e9e-8ca3-480d310ce988', 'fbfa0c72-9c6c-54ce-ba23-f1ed2563396e', 172, 'unlisted', 'Late Game Scaling Strategy', '{"occaecat","mollit esse aliquip","irure elit in pariatur sit","laboris ea aliquip deserunt","magna","non in","incididunt qui dolore minim nost","ut sunt magna dolore non","exercitation culpa"}', DEFAULT, DEFAULT, DEFAULT), ('bd010a0a-cb39-59ee-8218-e7f775ac9a01', '7b09592d-b146-5ee2-9db5-3683955196d6', 178, 'private', 'Counter Pick Blueprint', '{"veniam sunt sit","ex mollit voluptate","aute non dolore","labore elit nisi","cillum consequat veniam","eu do eiusmod","enim commodo amet ipsum","ad reprehenderit elit enim","nostrud amet labore est"}', DEFAULT, DEFAULT, DEFAULT), ('eb100a5e-fbbc-5189-b323-e08ca1ddf4b2', 'd6d4ebe8-fe3c-5e62-98d8-e678f356450c', 177, 'public', 'Map Control Blueprint', '{"eiusmod duis"}', DEFAULT, DEFAULT, DEFAULT), ('e43c6b3b-10fe-54f2-a09c-2f23976dbe42', '3204ce32-7c5b-5953-969e-fe1d17de6e76', 173, 'public', 'Counter Pick Blueprint', '{"ullamco mollit Lorem","incididunt ad","commodo sint"}', DEFAULT, DEFAULT, DEFAULT), ('145f2d17-d2b0-59ee-98c0-d8b6d6c741cd', '7a86b477-8922-5c78-85b7-47a44d6877c0', 175, 'unlisted', 'Wave Management Plan', '{}', DEFAULT, DEFAULT, DEFAULT), ('27b7fc92-c399-5aec-bc43-ea4a7d41c984', 'd1dc8a74-c651-5dbd-b484-1cd2c51db9b9', 177, 'unlisted', 'Gank Heavy Approach', '{"sit anim in ullamco","Lorem mollit","fugiat reprehenderit nisi","aute adipisicing cillum est","irure sunt eiusmod esse adipisic","proident exercitation","dolor eiusmod est fugiat","esse minim eiusmod","ut laborum"}', DEFAULT, DEFAULT, DEFAULT), ('16e13bc2-bae9-5a1b-a23b-7f2503b73a03', '9862065e-db18-558e-9d0a-1f16845c58c9', 175, 'private', 'Baron Control Strategy', '{"dolor ex enim","irure","adipisicing pariatur elit"}', DEFAULT, DEFAULT, DEFAULT), ('fb9a721d-7da1-577d-a721-ae00139d250b', 'af85f96c-efbd-584c-bdd4-26c4e2f3e556', 179, 'unlisted', 'Aggressive Rush Strategy', '{"sint ad mollit anim","nisi ex","voluptate adipisicing irure et","dolore velit quis est magna","commodo veniam anim cupidatat ex","commodo","sunt exercitation magna","fugiat aliquip"}', DEFAULT, DEFAULT, DEFAULT), ('8514b549-2321-5223-bcae-362fbfc61c61', '22052ce5-2628-54da-93cf-dce3c06b547a', 171, 'private', 'Split Push Blueprint', '{"nisi culpa","magna nulla sint eu","ea labore aute et","elit","magna ullamco exercitation","nostrud mollit ad","sunt eu laboris quis labore","sunt sit dolore"}', DEFAULT, DEFAULT, DEFAULT), ('8d222d98-29f0-5123-b99d-cc9f19493b20', '1f9495a7-9f91-5b8e-a431-ff0404db08b3', 178, 'public', 'Aggressive Rush Strategy', '{"officia nostrud magna ipsum","mollit","aute laborum","eu do","commodo","irure nisi velit qui"}', DEFAULT, DEFAULT, DEFAULT), ('5ba895cd-4107-5c9d-a9cb-bd2d24899776', '644a93ba-f570-5681-b2f5-de6b9950affd', 177, 'private', 'Vision Denial Blueprint', '{"adipisicing labore","mollit commodo in","fugiat dolore"}', DEFAULT, DEFAULT, DEFAULT), ('73b23aba-b5e2-5b24-b442-00922b22f275', 'b737f334-53a3-585e-98d7-69fce744e35e', 174, 'private', 'Jungle Control Playbook', '{"non Lorem dolor elit sint","pariatur magna","nulla","aliqua proident"}', DEFAULT, DEFAULT, DEFAULT), ('0e1a0168-a26a-5feb-9c91-7bd40d62afcc', 'cda3814f-c14d-5dcf-a835-797df84f6d99', 177, 'private', 'Map Control Blueprint', '{"tempor eiusmod proident nostrud","do sint","tempor sunt"}', DEFAULT, DEFAULT, DEFAULT), ('9348bed0-a52a-59cd-98df-ed8ab48ba4f7', 'ad1bbcac-cdbb-551f-b25a-b14b40074515', 176, 'private', 'Defensive Turtle Tactics', '{"mollit magna laboris","qui voluptate amet elit","dolore laborum tempor"}', DEFAULT, DEFAULT, DEFAULT), ('1507f034-16ba-5219-b927-72f72394b9da', '6451b879-16d7-5644-b6b9-87dd18b3facf', 180, 'unlisted', 'Wave Management Plan', '{"amet non eu","aliquip quis","enim","sit","exercitation id irure Lorem sint","cillum reprehenderit cupidatat"}', DEFAULT, DEFAULT, DEFAULT), ('3d6517ba-6968-54c9-9934-5dca00f20f48', 'fbfa0c72-9c6c-54ce-ba23-f1ed2563396e', 178, 'private', 'Defensive Turtle Tactics', '{"dolore","cillum laborum","quis laborum exercitation","fugiat magna"}', DEFAULT, DEFAULT, DEFAULT), ('253eb1a7-6466-5751-bb80-ba728a9d5688', 'a6ea6199-2a1a-56d4-b12a-1bf7d32d154c', 180, 'public', 'Split Push Blueprint', '{}', DEFAULT, DEFAULT, DEFAULT), ('84afba7a-f643-5519-b420-54d83f591e9d', '0a9347d2-3396-5e6a-98f1-b406ca195226', 175, 'unlisted', 'Roaming Support Plan', '{"velit eu ipsum","commodo","reprehenderit laborum elit excep","sunt ex ad ipsum","irure esse nostrud labore amet","commodo","voluptate occaecat et","irure duis nostrud magna excepte","ea labore ex","eu sit id ut fugiat"}', DEFAULT, DEFAULT, DEFAULT), ('59b35be9-9d21-5b79-8875-4954a08d7239', 'd2f08d89-447f-5d3d-96e5-385ed888c091', 175, 'public', 'Late Game Scaling Strategy', '{"excepteur et","cupidatat laboris"}', DEFAULT, DEFAULT, DEFAULT), ('b3ff9604-63d2-533f-8bbb-d5f0486381ad', '09617df2-6261-5b47-bc30-85d317367d48', 175, 'unlisted', 'Rotation Strategy Document', '{"eiusmod qui","ex elit","tempor dolor","adipisicing pariatur officia tem"}', DEFAULT, DEFAULT, DEFAULT), ('bcc899da-7629-5e0e-b560-5f5f6e7060e1', 'ec0fecde-72da-5866-9b82-27edb33f804a', 179, 'private', 'Counter Pick Blueprint', '{}', DEFAULT, DEFAULT, DEFAULT), ('96dbca51-d731-5e2c-a3d4-62e8f0faa072', 'e4de1a09-bd9a-5e42-b92c-2cb1af28bec6', 175, 'unlisted', 'Map Control Blueprint', '{"ullamco dolor enim cillum dolore","nostrud aliquip commodo","esse deserunt eu"}', DEFAULT, DEFAULT, DEFAULT), ('fc633e1f-14b8-590b-a0ba-c22147aaeeb4', 'd35ecca3-ac35-5e28-8e7e-6a25de908d18', 176, 'private', 'Secure Objective Playbook', '{}', DEFAULT, DEFAULT, DEFAULT), ('49af1081-9f3e-5569-af2e-1029eb808baf', 'ee198d66-a798-52a5-8b79-9931f7b835e3', 174, 'public', 'Late Game Scaling Strategy', '{"aute qui","ipsum sint sit","eiusmod enim in nisi","nisi","duis excepteur","enim dolor","veniam cupidatat","adipisicing aliqua ut","deserunt velit tempor sint","sint"}', DEFAULT, DEFAULT, DEFAULT), ('28c7fcd5-dc0b-528f-92f0-3e19e7b94b50', 'a6ea6199-2a1a-56d4-b12a-1bf7d32d154c', 179, 'public', 'Gank Heavy Approach', '{"irure reprehenderit dolore id","quis excepteur minim mollit offi","nisi adipisicing","esse velit non","adipisicing exercitation consequ","aliqua veniam eu","proident nulla laborum sunt","non in magna"}', DEFAULT, DEFAULT, DEFAULT), ('38780d0a-620c-5420-b84b-aa917e5db8c1', '98b30307-7ea7-5b6c-b9e4-560fe08299de', 171, 'unlisted', 'Aggressive Rush Strategy', '{"ex est anim nulla","consectetur nisi qui incididunt","et veniam veniam consectetur","in nisi","adipisicing labore dolore enim n","reprehenderit eiusmod occaecat a"}', DEFAULT, DEFAULT, DEFAULT), ('535c1e86-4fb0-59ea-8076-b54244994b61', 'a9752d0c-ade4-58c6-b746-1b9df56a3d08', 176, 'unlisted', 'Split Push Blueprint', '{"minim sunt exercitation irure","aute magna officia Lorem deserun","id adipisicing fugiat enim","sint id eiusmod","esse ex qui"}', DEFAULT, DEFAULT, DEFAULT), ('5e181f1c-b93c-59a3-a161-c4d4e29f775e', 'd2268e40-fa6d-5300-9f01-b7cc8f9018e3', 174, 'unlisted', 'Secure Objective Playbook', '{"Lorem exercitation nulla consequ","nulla tempor sit id","consequat adipisicing","et aliqua","eiusmod qui occaecat","eu adipisicing adipisicing"}', DEFAULT, DEFAULT, DEFAULT), ('0cd34502-daee-52d8-b8a4-7aa032065e8a', '91434b27-2651-5429-8f42-45c3f8e334a0', 172, 'public', 'Objective Focused Strategy', '{"proident velit est","nisi velit","irure amet culpa qui","velit est","et","velit quis ullamco proident"}', DEFAULT, DEFAULT, DEFAULT), ('6c9b6808-e737-5f8f-b196-93c0598b34b9', '2764351d-73bf-5124-a613-660cd57f91dd', 177, 'public', 'Roaming Support Plan', '{"ipsum","irure do deserunt qui","ut","qui ad consequat sit sint","dolore Lorem occaecat","est laborum ea","reprehenderit id"}', DEFAULT, DEFAULT, DEFAULT), ('f498173a-b4a1-5b37-ad0b-67596b4fe0ac', '8a0a556f-d942-55f0-8ba8-1ffbfaf3c6d9', 178, 'unlisted', 'Siege Tactics Handbook', '{"id id enim ullamco"}', DEFAULT, DEFAULT, DEFAULT), ('b0d542cd-fe80-5cad-9bd6-a81d0ed1c2f4', '734282bd-df4e-5f8d-afc5-83f4c9131800', 178, 'unlisted', 'Vision Control Blueprint', '{"ipsum excepteur cillum incididun","non fugiat proident mollit aute","amet proident id"}', DEFAULT, DEFAULT, DEFAULT), ('cd506b7e-0f7c-526c-b650-bb799376c313', 'd2f08d89-447f-5d3d-96e5-385ed888c091', 172, 'unlisted', 'Gank Heavy Approach', '{"velit ut sunt ex adipisicing"}', DEFAULT, DEFAULT, DEFAULT), ('d625f518-4ec3-51e2-95c0-6cf965668d68', 'e4de1a09-bd9a-5e42-b92c-2cb1af28bec6', 178, 'public', 'Wave Management Plan', '{"aliquip","esse id laboris ea","velit non est consectetur","est nisi magna","ut officia et","adipisicing","reprehenderit enim esse pariatur","tempor qui commodo ut"}', DEFAULT, DEFAULT, DEFAULT), ('66b76653-1cc5-50ef-a109-c059c945f253', 'a6ea6199-2a1a-56d4-b12a-1bf7d32d154c', 179, 'private', 'Team Fight Execution Plan', '{"ad elit duis","elit aliqua minim","duis aliqua ipsum veniam elit","duis irure ad nulla culpa"}', DEFAULT, DEFAULT, DEFAULT), ('a6dbcc80-e965-5682-9448-6a65a83787b3', '286a711e-ae86-5be5-9195-1d963e0504f7', 171, 'public', 'Roaming Support Plan', '{"tempor magna eu","do","excepteur pariatur nisi","laboris eiusmod","enim ipsum","eu adipisicing"}', DEFAULT, DEFAULT, DEFAULT), ('c4d9fc37-aa2c-5cf4-8cef-779723958882', 'b737f334-53a3-585e-98d7-69fce744e35e', 179, 'unlisted', 'Vision Control Blueprint', '{"ad in nisi commodo","enim","deserunt Lorem","eu commodo","do enim quis qui","et","tempor culpa","eiusmod in"}', DEFAULT, DEFAULT, DEFAULT), ('cbdcc83c-77a1-5d75-ace8-183321930672', 'd1b8f3f8-af26-5088-8712-273c28ba98f7', 173, 'private', 'Map Control Blueprint', '{"non fugiat enim"}', DEFAULT, DEFAULT, DEFAULT), ('46b593cf-05b9-5316-ba74-ef4cf062dcc9', 'a69d43fa-2222-5203-b590-140e62599451', 175, 'unlisted', 'Vision Control Blueprint', '{"irure cillum","ipsum minim","cupidatat","voluptate ea culpa cillum","est commodo","nostrud","ipsum excepteur veniam velit","minim qui reprehenderit magna"}', DEFAULT, DEFAULT, DEFAULT), ('1770dbe6-c529-520b-a36c-454b023ccb2c', '2190cc4c-2cc5-5f9f-983d-55f70f31e468', 176, 'public', 'Roaming Support Plan', '{"laboris esse dolor consequat","irure sunt","minim","exercitation ad officia","commodo ullamco aliqua consequat","laborum deserunt irure"}', DEFAULT, DEFAULT, DEFAULT), ('65973815-006c-531b-b69f-bd5d086f7786', 'abf8504a-2cfc-5a9d-a5d2-31dccd8bf00f', 178, 'unlisted', 'Wave Management Plan', '{"cillum elit eiusmod excepteur","mollit elit incididunt exercitat","officia","do dolor eiusmod","non minim exercitation","elit officia","laborum ullamco anim"}', DEFAULT, DEFAULT, DEFAULT), ('0cd413aa-1a82-5832-9edb-17fd5c059a41', '495c6cc5-490c-50dd-b1c5-aaf0110ec764', 180, 'private', 'Vision Denial Blueprint', '{"ipsum qui amet ut occaecat","mollit consectetur","do dolor veniam","laborum officia mollit dolore"}', DEFAULT, DEFAULT, DEFAULT), ('5153bc7b-cd04-5c5e-83e9-7b7a5a1390e6', '1d3f740a-8c60-5c1d-aa9e-3854a33c8e1d', 174, 'public', 'Roaming Support Plan', '{"duis esse deserunt proident cons","commodo ad incididunt laborum","sunt tempor","nisi","laborum pariatur"}', DEFAULT, DEFAULT, DEFAULT), ('bd276dfa-2ddb-52c7-9feb-6d2cc281335e', 'e2b744a0-a170-5a87-828d-34cc6f64ca05', 172, 'private', 'Map Control Blueprint', '{"mollit eu aliqua quis consectetu","officia id","et ex commodo","anim esse","commodo dolor","aute minim","ipsum veniam","nulla","eiusmod eiusmod quis","commodo incididunt adipisicing n"}', DEFAULT, DEFAULT, DEFAULT), ('12cafb5f-6adc-5f24-a738-9455dde3eb2a', 'd35ecca3-ac35-5e28-8e7e-6a25de908d18', 172, 'public', 'Wave Management Plan', '{"enim mollit"}', DEFAULT, DEFAULT, DEFAULT), ('e017f166-fa51-5fb5-af86-6fc41cad9674', '2764351d-73bf-5124-a613-660cd57f91dd', 172, 'private', 'Secure Objective Playbook', '{"exercitation Lorem"}', DEFAULT, DEFAULT, DEFAULT), ('544f27bb-a8e9-5b6b-8ec7-f1cfe91406e2', '72d447b0-a4fa-5de7-bb4c-9ff5f169dfea', 175, 'public', 'Wave Management Plan', '{"pariatur esse est ad","excepteur id dolore","occaecat consectetur magna molli","incididunt consectetur minim","duis officia","cillum ipsum","deserunt proident ea esse duis","ea cupidatat fugiat","voluptate minim dolor consequat"}', DEFAULT, DEFAULT, DEFAULT), ('a704d0a7-ee9e-5aa5-bba9-aff3556d41a2', '438bff0e-fd50-5c86-89ee-d397a0c0e548', 175, 'private', 'Wave Management Plan', '{"ex do enim mollit"}', DEFAULT, DEFAULT, DEFAULT), ('a758f3b0-169f-56a9-80db-acb9f3972464', '59fbbc7c-edc9-5d3c-9170-cf6acabbcd28', 172, 'public', 'Defensive Turtle Tactics', '{"cillum pariatur cillum in","sit elit","aliquip ea Lorem"}', DEFAULT, DEFAULT, DEFAULT), ('1ebb07c2-9cc9-56df-b9e3-71837bafdca1', '43bcab14-4a69-5e60-a07f-cda2fe595a2a', 175, 'unlisted', 'Early Game Dominance Guide', '{}', DEFAULT, DEFAULT, DEFAULT), ('217c4ba5-3ca5-503f-8fcd-2cf91341f163', 'd6d652bf-48a5-5a85-a95d-16c25edc5397', 179, 'public', 'Vision Control Blueprint', '{"exercitation labore velit","nulla nulla ut ut deserunt","est laboris","occaecat","Lorem ullamco cupidatat","non consectetur","dolor ad labore cupidatat","id tempor labore officia ea","in","minim non"}', DEFAULT, DEFAULT, DEFAULT), ('63c64b00-d130-5928-b403-258ebdb17248', '31bb49e9-e86d-546a-9e01-6986e5eacf06', 179, 'private', 'Early Game Dominance Guide', '{"cupidatat","duis nulla","et veniam","sunt quis et","duis consequat","eiusmod proident non"}', DEFAULT, DEFAULT, DEFAULT), ('0deb1a0e-8f26-576f-af23-e26ef824ea0b', '91434b27-2651-5429-8f42-45c3f8e334a0', 180, 'unlisted', 'Split Push Blueprint', '{"officia ad","id occaecat","et duis","veniam ipsum veniam et nulla","ipsum culpa","irure proident irure sint","exercitation consectetur eu elit","duis nostrud anim enim"}', DEFAULT, DEFAULT, DEFAULT), ('924718ca-0525-5af0-b71a-2560f2cc09a0', '02a341a2-35a0-5fbc-a1f4-aa8b42aa4b51', 178, 'public', 'Map Control Blueprint', '{"ut consectetur sit id","culpa dolor","quis dolor labore","minim pariatur qui reprehenderit","duis reprehenderit","proident magna esse","nulla proident velit"}', DEFAULT, DEFAULT, DEFAULT), ('877842c0-f0dc-575b-a7ad-30915aaaeebe', 'f52ce409-f800-5a86-b4ed-ce1a99a8a6ae', 172, 'private', 'Secure Objective Playbook', '{"ullamco","aliquip mollit"}', DEFAULT, DEFAULT, DEFAULT), ('ebce0b2a-b558-5f18-bddc-2af385fe3118', 'ca65e33b-de71-5d46-933a-849036127987', 175, 'unlisted', 'Baron Control Strategy', '{"cupidatat non aliquip","enim","in minim","cillum reprehenderit occaecat","fugiat magna","ea Lorem veniam","veniam","amet mollit enim anim","nisi culpa"}', DEFAULT, DEFAULT, DEFAULT), ('67f00577-22b1-541a-b8eb-43f4241ec322', '27a14f80-586c-54cd-876e-cd42ede1f04f', 172, 'private', 'Objective Focused Strategy', '{"consectetur duis Lorem","pariatur amet","excepteur ut","nisi laboris aliqua","est deserunt adipisicing ut anim","Lorem do voluptate quis sunt","eiusmod enim enim","ullamco qui aute consequat","id anim nostrud id"}', DEFAULT, DEFAULT, DEFAULT), ('5c1d9b7d-9f54-545c-ae19-f60dd5ff1d25', 'e2b744a0-a170-5a87-828d-34cc6f64ca05', 173, 'unlisted', 'Aggressive Rush Strategy', '{"consequat in esse aliquip","laborum ipsum","est adipisicing laborum","voluptate duis"}', DEFAULT, DEFAULT, DEFAULT), ('339c2395-3fcf-5f3b-90ec-90611b01fa37', '1332e392-1ac8-57d9-8262-948f66c89fe9', 175, 'public', 'Early Game Dominance Guide', '{"ex qui","nisi et","commodo occaecat","do et eiusmod","labore sint laborum cupidatat","anim proident","eiusmod fugiat velit consequat"}', DEFAULT, DEFAULT, DEFAULT), ('3e26da35-99ab-5fee-95a6-ca3120af490b', 'c7198a1e-f50c-5635-a5bf-2073d4da7bc6', 179, 'unlisted', 'Vision Control Blueprint', '{"nostrud","ea","ipsum do quis mollit elit","commodo occaecat"}', DEFAULT, DEFAULT, DEFAULT), ('540a4921-798c-58f1-8dda-fbb9b912bb43', 'a8766652-5cf4-5e66-ba6d-9eb457dff942', 180, 'unlisted', 'Vision Denial Blueprint', '{"dolor ut laborum ex dolor","ut esse","ea sint adipisicing veniam culpa","aliquip enim voluptate nisi sit"}', DEFAULT, DEFAULT, DEFAULT), ('81b847bf-bc05-538e-bdc5-721f48634b78', 'b576de0c-954e-5345-a9e7-0d691c52341a', 172, 'unlisted', 'Gank Heavy Approach', '{"sunt cillum irure sunt non","voluptate nulla reprehenderit","eu aliquip","laborum mollit eu","veniam enim duis ipsum","adipisicing sint officia","dolore ipsum","laboris aliqua elit","sunt dolore culpa"}', DEFAULT, DEFAULT, DEFAULT), ('2c9d2493-4412-5eae-aa39-69858c4bfd99', '31bb49e9-e86d-546a-9e01-6986e5eacf06', 178, 'private', 'Gank Heavy Approach', '{"minim ad","Lorem dolore aliquip minim","nulla duis occaecat excepteur","do nostrud irure tempor","laborum cupidatat minim magna in","ipsum"}', DEFAULT, DEFAULT, DEFAULT), ('51ef9256-0eab-579a-868b-52c27ddf10e9', '853509f0-6836-5fa7-87f2-fb0a9a8766d2', 174, 'unlisted', 'Early Game Dominance Guide', '{"aliquip reprehenderit anim tempo","Lorem magna","ullamco qui","proident id","officia sit","do irure sit consectetur","do labore mollit","aliqua sint nulla ipsum eiusmod","esse quis id"}', DEFAULT, DEFAULT, DEFAULT), ('d6ceb82b-4af2-5d8a-96c1-8d6a9db93a31', 'ba4d6fef-111f-5ce5-883e-2b3880f373bf', 172, 'public', 'Aggressive Rush Strategy', '{"exercitation et aute esse incidi"}', DEFAULT, DEFAULT, DEFAULT), ('01ae0a36-6172-5c0a-baff-6c1805e0976a', '9bf2ad50-cccb-50eb-8269-3a7e78bd21f5', 179, 'public', 'Wave Management Plan', '{"do non et magna","ea id dolor amet"}', DEFAULT, DEFAULT, DEFAULT), ('df70af8b-9578-5bd7-9fd6-02ad92eaedca', '0a9347d2-3396-5e6a-98f1-b406ca195226', 179, 'unlisted', 'Gank Heavy Approach', '{"sit qui dolor","Lorem proident"}', DEFAULT, DEFAULT, DEFAULT), ('82fca927-01aa-5c29-8d7a-7a868f9ba6ea', 'b7a89d05-549f-565f-b631-b59097e91d1a', 175, 'public', 'Rotation Strategy Document', '{"esse commodo adipisicing","pariatur occaecat proident nostr","cillum cillum aliquip id veniam"}', DEFAULT, DEFAULT, DEFAULT), ('4e5550d4-d39a-56c3-8f19-971fdeeb787e', 'b5f933d0-c28e-517c-9fca-d9e38dc742a2', 174, 'unlisted', 'Vision Denial Blueprint', '{"id sunt excepteur","elit velit incididunt deserunt c","voluptate tempor officia magna o","ex sunt","incididunt commodo exercitation ","nisi Lorem ea minim","mollit voluptate sit"}', DEFAULT, DEFAULT, DEFAULT), ('83ec5ac5-8c23-5e38-8151-36af62098fff', '9862065e-db18-558e-9d0a-1f16845c58c9', 171, 'private', 'Siege Tactics Handbook', '{"ad non commodo","pariatur cupidatat commodo","elit amet","laborum sit","ullamco irure elit culpa nisi","fugiat eiusmod et"}', DEFAULT, DEFAULT, DEFAULT), ('d1996167-52fb-5e4a-b849-75efada773e6', 'a8766652-5cf4-5e66-ba6d-9eb457dff942', 173, 'unlisted', 'Defensive Turtle Tactics', '{"anim magna","fugiat consequat","fugiat nisi ullamco quis do","cillum fugiat qui magna","laborum ut commodo","ipsum proident","labore ex irure","cupidatat magna laborum","eu irure aliqua esse aliquip"}', DEFAULT, DEFAULT, DEFAULT), ('1818e464-6a87-5266-8677-c069741c3ab2', 'cd80d13e-478f-5058-8dfd-e20a76013cb5', 177, 'unlisted', 'Vision Control Blueprint', '{"elit ea","excepteur elit","ut laboris exercitation aliqua e","excepteur Lorem et reprehenderit","consequat eiusmod qui duis","ut eu cupidatat","exercitation proident aute","eiusmod nostrud proident non"}', DEFAULT, DEFAULT, DEFAULT), ('13ebb239-29e1-53ff-93b0-d55e3db05a11', '3c19e2d6-1e17-5580-adbc-319ee6c74e3c', 171, 'unlisted', 'Baron Control Strategy', '{"proident consectetur commodo ali","ipsum nulla in"}', DEFAULT, DEFAULT, DEFAULT), ('a0a63713-f2dd-56aa-98a3-f6a26bcae5b9', '438bff0e-fd50-5c86-89ee-d397a0c0e548', 180, 'unlisted', 'Jungle Control Playbook', '{"occaecat eiusmod","nostrud dolor","mollit adipisicing consectetur","culpa exercitation anim","amet commodo"}', DEFAULT, DEFAULT, DEFAULT), ('4029bbad-86a6-5e60-a150-da0664c62b92', 'd3953f9f-e0f9-5aed-9d31-3f026a23da12', 172, 'private', 'Team Fight Execution Plan', '{"deserunt eu in cupidatat","id","sint ut amet velit","sint","adipisicing tempor proident cons","nisi qui id incididunt"}', DEFAULT, DEFAULT, DEFAULT), ('6636a6a8-3a2d-5862-bb24-3e77bffdb640', '2067e70c-565d-520b-b56b-19189e5b77f5', 178, 'private', 'Wave Management Plan', '{"adipisicing","sunt est","et commodo pariatur commodo","minim id exercitation nulla labo","mollit enim esse","tempor culpa"}', DEFAULT, DEFAULT, DEFAULT), ('4ba85443-f89e-5d68-8d4a-da572969b0dd', 'cda3814f-c14d-5dcf-a835-797df84f6d99', 179, 'public', 'Split Push Blueprint', '{"veniam dolor consectetur","cillum do eiusmod","labore adipisicing irure","qui ipsum dolor cillum","commodo non consequat","enim excepteur consequat commodo","amet voluptate commodo","reprehenderit occaecat","cillum laborum commodo"}', DEFAULT, DEFAULT, DEFAULT), ('55fbf0ae-1fd2-57d5-9884-2ceca8eef8f3', 'b7a89d05-549f-565f-b631-b59097e91d1a', 173, 'unlisted', 'Team Fight Execution Plan', '{"cillum occaecat id nulla aute","Lorem"}', DEFAULT, DEFAULT, DEFAULT), ('c91a5204-a47c-5f58-8042-f917f2facb4b', '8926b9fd-34b2-5421-a25c-9cd89c12cad0', 179, 'public', 'Late Game Scaling Strategy', '{"ipsum aliqua quis","proident pariatur consequat adip","ullamco ex consectetur voluptate","nisi officia pariatur ut"}', DEFAULT, DEFAULT, DEFAULT), ('fdca53a8-e101-5585-90b8-82f7d3c1fc24', '349111f0-5b40-5b21-aeff-8af2b228d28f', 179, 'public', 'Jungle Control Playbook', '{"commodo laboris","magna officia esse deserunt","Lorem reprehenderit"}', DEFAULT, DEFAULT, DEFAULT), ('a76c18ad-af72-57b7-b165-f7757943d51e', '6c3f6730-2b1a-5e27-97de-caacad0bb1a5', 179, 'unlisted', 'Jungle Control Playbook', '{"culpa non sunt ea","et incididunt esse do"}', DEFAULT, DEFAULT, DEFAULT), ('bf7ffe87-c4e2-5aa1-86f7-2fdfa8315ff6', 'c801d235-e02a-5267-8201-eecb86948b65', 174, 'unlisted', 'Gank Heavy Approach', '{"esse","sint voluptate","incididunt non"}', DEFAULT, DEFAULT, DEFAULT), ('764f06ba-b246-5c62-8e43-89fe991c749d', '7b09592d-b146-5ee2-9db5-3683955196d6', 175, 'public', 'Secure Objective Playbook', '{"irure do","aliqua velit pariatur tempor","laborum","occaecat voluptate velit aliqua","pariatur laboris minim","aliquip","magna commodo duis enim","consequat quis dolore ipsum pari"}', DEFAULT, DEFAULT, DEFAULT), ('229d48f9-9e17-5f91-bd2c-3f3cdbae28c1', '5c25ba01-ab4d-5527-9a41-d79d770f3d79', 178, 'public', 'Counter Pick Blueprint', '{"officia dolore eu anim Lorem","veniam consectetur","officia nostrud do aute","ipsum","nisi sunt","excepteur dolor"}', DEFAULT, DEFAULT, DEFAULT), ('505fdba9-c563-5897-bd99-f3fd7e6efb10', '72d447b0-a4fa-5de7-bb4c-9ff5f169dfea', 173, 'private', 'Map Control Blueprint', '{"nulla velit est duis"}', DEFAULT, DEFAULT, DEFAULT), ('ad47e58b-6404-5eb4-b01c-1ab02b3af226', 'b88b1af1-79fe-5af5-9c91-0c77ed20973b', 179, 'private', 'Gank Heavy Approach', '{"consequat","esse","nostrud incididunt","quis aliquip"}', DEFAULT, DEFAULT, DEFAULT), ('4ae4f149-a1da-5a76-913f-5ea02c87f4e0', 'd6d4ebe8-fe3c-5e62-98d8-e678f356450c', 173, 'unlisted', 'Counter Pick Blueprint', '{"enim amet eu aliqua","mollit eu","amet ea","mollit elit nostrud ad","sit nisi ex","adipisicing ad","cillum dolore ex consequat venia","ad culpa officia"}', DEFAULT, DEFAULT, DEFAULT), ('a85217e5-f8d6-5dd0-996b-8464fa1021ff', 'a00f2df0-a74b-51ab-8311-51125014b9ef', 179, 'public', 'Counter Pick Blueprint', '{"mollit anim fugiat","fugiat velit in tempor reprehend","in","dolor"}', DEFAULT, DEFAULT, DEFAULT), ('b21411a7-0afc-5cf3-81fc-471ab95f5d8d', '29b47b7e-4cec-5d5a-b93d-172770b57ed6', 178, 'unlisted', 'Vision Denial Blueprint', '{"minim","esse cillum","dolor Lorem culpa","culpa cillum","ut aliquip consectetur cillum in"}', DEFAULT, DEFAULT, DEFAULT), ('d37fd98f-746a-582e-a0fc-de28d96e48c5', '6fc34c52-742f-56c2-b6c3-89dee63a8839', 171, 'public', 'Siege Tactics Handbook', '{"eiusmod veniam culpa proident","laborum cillum esse commodo","quis excepteur nostrud","tempor magna esse ullamco","occaecat ut qui","aliquip aute mollit aliqua","laboris mollit aliqua","occaecat","pariatur culpa cupidatat sint el"}', DEFAULT, DEFAULT, DEFAULT), ('2dc53ff7-923f-50df-a732-82b60afbba2f', '2dbccffd-e7a5-5653-9dc6-18e988716abe', 178, 'unlisted', 'Roaming Support Plan', '{}', DEFAULT, DEFAULT, DEFAULT), ('f9690101-a16f-5108-b391-78c9dba8aeee', '7a86b477-8922-5c78-85b7-47a44d6877c0', 176, 'unlisted', 'Late Game Scaling Strategy', '{"pariatur cillum enim","ipsum dolore exercitation anim l","exercitation magna","nulla adipisicing labore","sint et ex","aliqua et reprehenderit commodo","nisi adipisicing dolore eiusmod"}', DEFAULT, DEFAULT, DEFAULT), ('7441a375-e1c1-5111-b299-b73d6da10ca2', 'b67e09de-df70-515b-91d0-6e53f3b4a58a', 172, 'unlisted', 'Vision Denial Blueprint', '{"officia reprehenderit exercitati","sit mollit non cillum sint"}', DEFAULT, DEFAULT, DEFAULT), ('ca1d2bcf-5a98-5759-81b6-75e3ed47122a', '763ebb5f-add9-59ff-9a26-6b4030dae259', 172, 'private', 'Objective Focused Strategy', '{"ut ex do ea","magna Lorem enim","consequat ad incididunt cillum","excepteur anim","sit duis aliqua duis","aliquip tempor ullamco","reprehenderit magna commodo duis"}', DEFAULT, DEFAULT, DEFAULT), ('77b1dab4-a856-5c18-bb24-053f8869bc5b', 'e7f24225-5e7d-55c3-8091-6f5a69baba70', 174, 'private', 'Rotation Strategy Document', '{"cupidatat cillum exercitation Lo","velit tempor nostrud","ut eu consequat qui elit","cupidatat incididunt sit quis an","non exercitation amet","ullamco dolore","laboris cupidatat voluptate","officia elit aliquip ipsum","nostrud elit","duis cillum"}', DEFAULT, DEFAULT, DEFAULT), ('08b3c695-d6fb-54e4-9ef2-bf508a57adc1', 'ddb44318-7e83-5b4d-8ba4-3bbd19edd327', 176, 'public', 'Aggressive Rush Strategy', '{"deserunt ipsum consequat","Lorem anim sunt sunt dolor"}', DEFAULT, DEFAULT, DEFAULT), ('7dc16d02-274a-5e7f-bc31-6af29982313f', '734282bd-df4e-5f8d-afc5-83f4c9131800', 177, 'private', 'Late Game Scaling Strategy', '{"duis consequat aliqua culpa eius","reprehenderit adipisicing exerci","ex ullamco sit non est","nisi commodo","aliquip pariatur ad"}', DEFAULT, DEFAULT, DEFAULT), ('acad405c-f8e9-559b-bd11-e0ffc3bebca6', 'cd80d13e-478f-5058-8dfd-e20a76013cb5', 171, 'unlisted', 'Siege Tactics Handbook', '{"non do quis aute","esse in","ad"}', DEFAULT, DEFAULT, DEFAULT), ('16d95573-87cd-5d45-be45-e8a020ba40ac', '549980e7-3e77-5d76-b263-84664d04b209', 171, 'private', 'Counter Pick Blueprint', '{"deserunt laboris","officia dolor","adipisicing ad nostrud elit amet"}', DEFAULT, DEFAULT, DEFAULT), ('5a993b43-eca0-563f-b6c9-fdd440759e85', 'a8212e1b-5577-5c28-9c38-2d4fbd753550', 175, 'unlisted', 'Team Fight Execution Plan', '{"deserunt consectetur","elit veniam","veniam aliqua","eiusmod consequat culpa excepteu","laborum aliquip ad","tempor aliquip voluptate","exercitation anim"}', DEFAULT, DEFAULT, DEFAULT), ('f7bfc2c8-d52a-5806-97fd-77bd67d93b23', '59fbbc7c-edc9-5d3c-9170-cf6acabbcd28', 173, 'unlisted', 'Counter Pick Blueprint', '{"eiusmod eu","officia tempor cupidatat"}', DEFAULT, DEFAULT, DEFAULT), ('748d5a8c-f2bf-5974-9c72-24f98b85813b', 'e5b4727f-be5e-52c0-83cb-cb7ba230945f', 172, 'private', 'Defensive Turtle Tactics', '{}', DEFAULT, DEFAULT, DEFAULT), ('808d9117-ba04-5cb0-8827-639e2642b0ee', '5c25ba01-ab4d-5527-9a41-d79d770f3d79', 178, 'public', 'Team Fight Execution Plan', '{"deserunt aute esse","culpa exercitation labore commod"}', DEFAULT, DEFAULT, DEFAULT), ('e0185351-5b08-58b2-bd3e-c09965750112', 'd92658af-bb2e-5f93-9170-bc8d85a6ad50', 179, 'public', 'Roaming Support Plan', '{"sint est occaecat"}', DEFAULT, DEFAULT, DEFAULT), ('993f7ab3-9b54-5771-a99e-0c6d75a1f37d', '28e4b717-ba20-5ce6-96db-f08421aa2fc7', 174, 'unlisted', 'Late Game Scaling Strategy', '{"quis ipsum","labore veniam","veniam duis amet ex","culpa aliqua voluptate"}', DEFAULT, DEFAULT, DEFAULT), ('bdb5114a-76d3-5fe4-944c-043e7ebd99da', 'c9fc147f-dadb-5b75-8ed7-efb86a7392ce', 178, 'public', 'Baron Control Strategy', '{}', DEFAULT, DEFAULT, DEFAULT), ('aa4964a1-4611-5528-9df9-ef170866214f', 'a00f2df0-a74b-51ab-8311-51125014b9ef', 173, 'unlisted', 'Baron Control Strategy', '{"et cillum","magna consequat","tempor ad velit excepteur","aute amet elit","proident ea"}', DEFAULT, DEFAULT, DEFAULT), ('ec14513a-7d3c-5172-b68b-d531791ec9de', '7a86b477-8922-5c78-85b7-47a44d6877c0', 177, 'private', 'Aggressive Rush Strategy', '{"sunt ullamco nulla non","cillum eiusmod ut","nisi nisi excepteur exercitation","commodo incididunt amet"}', DEFAULT, DEFAULT, DEFAULT), ('a0f81f50-aa3d-5780-b485-a54fb7b7833a', '3204ce32-7c5b-5953-969e-fe1d17de6e76', 180, 'private', 'Team Fight Execution Plan', '{"pariatur mollit ex reprehenderit","laboris velit ea","non nulla ad","tempor qui non","do ex do","consectetur ullamco non","in","eiusmod ipsum irure id","et qui ex consequat","consequat deserunt excepteur"}', DEFAULT, DEFAULT, DEFAULT), ('aabd5608-e04b-5bd8-8d75-d004a1b17409', 'fe24988b-bca5-5bf5-be0f-c92da7b2cbe1', 180, 'unlisted', 'Objective Focused Strategy', '{"velit magna laboris et"}', DEFAULT, DEFAULT, DEFAULT), ('7bcc2b79-de31-5963-9cfd-559af77da3be', 'f561c33d-0589-5163-a677-f2a1eb6b3322', 178, 'unlisted', 'Wave Management Plan', '{"sint ullamco","consectetur enim non nulla","incididunt cillum voluptate","proident quis qui","ipsum laboris","commodo","aliquip deserunt aute elit irure","sunt ex duis","pariatur irure elit consectetur "}', DEFAULT, DEFAULT, DEFAULT), ('b4293a01-a1be-5e58-a088-abc550c9f820', '6c52c1d9-13a4-51ef-ae51-1dacc4c14be9', 174, 'private', 'Early Game Dominance Guide', '{"anim","sunt ea enim nisi","velit laboris id mollit","magna proident","duis aliqua nulla","ad aliqua","consequat aliquip ut in","sunt non"}', DEFAULT, DEFAULT, DEFAULT), ('a97e2960-b385-5f99-88c2-9e562f32234e', 'f457d7a7-01f9-5225-b07a-0e782525bbc7', 177, 'public', 'Team Fight Execution Plan', '{"minim laboris","esse Lorem ex","cupidatat tempor dolore","cupidatat","magna ut do velit","mollit nisi"}', DEFAULT, DEFAULT, DEFAULT), ('db39a462-f36a-54ba-b38e-2fcf35273cba', '1f9495a7-9f91-5b8e-a431-ff0404db08b3', 173, 'private', 'Counter Pick Blueprint', '{"elit amet","ea ipsum","sunt ut id est officia","nulla enim reprehenderit","irure consequat","amet","ad culpa ut","qui cupidatat exercitation","minim in quis","nostrud laboris dolor"}', DEFAULT, DEFAULT, DEFAULT), ('35dc016a-9edc-565d-923e-9bee9a60bd24', 'e334db45-3389-5a47-b7c9-4ff8121637b5', 174, 'public', 'Siege Tactics Handbook', '{"veniam","incididunt eiusmod ad nisi fugia","pariatur","esse minim voluptate","occaecat laborum"}', DEFAULT, DEFAULT, DEFAULT), ('61e4dc6c-b183-5c81-91cb-8dc622fd6913', '3adfc207-aaeb-5fa1-b329-eb7ef2061320', 172, 'unlisted', 'Siege Tactics Handbook', '{"Lorem consequat"}', DEFAULT, DEFAULT, DEFAULT), ('b5df5eae-45e8-5f54-a8f9-351afabf5f65', '6a248992-e0a8-5c27-8d71-fd2cfd3a1fd6', 179, 'unlisted', 'Rotation Strategy Document', '{"quis nisi labore","id deserunt culpa","occaecat nisi cupidatat","ipsum","id velit","do mollit duis adipisicing","in adipisicing culpa"}', DEFAULT, DEFAULT, DEFAULT), ('18aa22db-700e-5a8a-892c-5bf7b7da1bbf', 'db9f2a26-569b-5431-9216-bcd2cf256bbd', 172, 'public', 'Aggressive Rush Strategy', '{"consectetur id fugiat culpa","id ullamco","ad nostrud id dolore","officia occaecat adipisicing aut","anim aliqua","adipisicing aliquip excepteur eu","adipisicing mollit ex officia"}', DEFAULT, DEFAULT, DEFAULT), ('7c9a7a2f-bf97-5fb7-9ff3-bb3e363fce60', '3a804324-748d-571a-afad-6b9c20a35337', 172, 'unlisted', 'Gank Heavy Approach', '{"deserunt excepteur","mollit et laborum velit","quis laboris","elit","cillum ullamco sunt","commodo cupidatat anim commodo"}', DEFAULT, DEFAULT, DEFAULT), ('93216013-7bd8-59b1-a3f0-b1087d4d7f00', '2764351d-73bf-5124-a613-660cd57f91dd', 177, 'public', 'Secure Objective Playbook', '{"mollit ea cupidatat","Lorem duis","esse eu pariatur ut velit","enim tempor","cillum aliqua qui","irure minim elit deserunt"}', DEFAULT, DEFAULT, DEFAULT), ('3e057cf2-df3a-50e5-82fa-e2dcf87ebd5a', '887dee3f-7921-537c-91f1-8b0d43117b12', 173, 'public', 'Secure Objective Playbook', '{"ipsum","exercitation aute irure do deser","magna amet","cupidatat adipisicing id elit","enim laborum pariatur nisi elit"}', DEFAULT, DEFAULT, DEFAULT), ('e3f5f266-44d3-5096-b897-56678a5f974b', 'ac9f0e3e-b030-584f-a8dd-87355fe22537', 180, 'private', 'Vision Denial Blueprint', '{"commodo","cillum exercitation duis","est ea duis"}', DEFAULT, DEFAULT, DEFAULT), ('ffbcf0c1-44bb-549f-ba50-18e1e874a611', '28e4b717-ba20-5ce6-96db-f08421aa2fc7', 173, 'private', 'Counter Pick Blueprint', '{"laboris veniam minim","non sint tempor","nisi voluptate","exercitation dolor"}', DEFAULT, DEFAULT, DEFAULT), ('c4f414cf-451e-5497-88db-62020e3a0dc5', '84d2e38f-9f57-573c-beee-7b9678c403c3', 172, 'private', 'Baron Control Strategy', '{"enim elit","nostrud ex eu","ea consectetur"}', DEFAULT, DEFAULT, DEFAULT), ('a109823a-0d02-5064-b8ef-3186d6d08cb0', '22052ce5-2628-54da-93cf-dce3c06b547a', 171, 'private', 'Aggressive Rush Strategy', '{"sint reprehenderit","do aliqua","est commodo","quis reprehenderit in in","non eu"}', DEFAULT, DEFAULT, DEFAULT), ('3e4b1eac-b214-5aaa-a7f0-29af8a5b2ce9', '646b32cc-2525-5418-a0f1-5c9ced471b05', 171, 'public', 'Rotation Strategy Document', '{"nostrud eiusmod","aliquip eiusmod","enim occaecat dolor reprehenderi","nulla sunt magna non in","commodo aute veniam elit"}', DEFAULT, DEFAULT, DEFAULT), ('72819b1c-0a2a-5e86-b5bc-5741c2854f96', 'e4c44768-00c8-52e6-80f9-625972d5d9b9', 172, 'private', 'Split Push Blueprint', '{"aliquip in enim consectetur amet","elit incididunt","nostrud elit ad sunt","minim reprehenderit"}', DEFAULT, DEFAULT, DEFAULT), ('b5d7b26a-56f4-59fc-853e-1a1306ab6e95', '5dedc9b9-eec3-5ace-a95b-d7817834d9af', 173, 'public', 'Objective Focused Strategy', '{"et irure","dolor","sit do quis"}', DEFAULT, DEFAULT, DEFAULT), ('29365629-31e8-5e53-b1ae-ffdad1c2009e', 'bbcbd7eb-4377-550e-af45-f77d693d98fe', 174, 'unlisted', 'Jungle Control Playbook', '{"laboris aute irure sint","culpa adipisicing","cupidatat aliquip et tempor anim","dolore laboris"}', DEFAULT, DEFAULT, DEFAULT), ('ef9b1028-31e2-59d9-a64e-2a4d1686e96e', 'bbc51950-a428-5ed7-b604-6444a902714b', 180, 'unlisted', 'Objective Focused Strategy', '{"magna exercitation aute","quis eu officia consectetur","voluptate nostrud aute velit","elit ipsum","exercitation reprehenderit proid","adipisicing eiusmod","commodo aliquip"}', DEFAULT, DEFAULT, DEFAULT), ('51f9c2fa-a6a8-5d1e-9ef8-efb89c34ee1c', 'ea56a5ec-2249-5fba-8891-278bcdbbb33d', 179, 'private', 'Split Push Blueprint', '{"cillum anim tempor ad aliqua","incididunt et cupidatat irure qu","aute aliquip","sit duis tempor tempor qui","in sit laboris non","enim pariatur in","in sit","pariatur","in magna laborum labore incididu"}', DEFAULT, DEFAULT, DEFAULT), ('930338c0-ea8e-56fc-b2df-a68255a6182c', 'ae956930-bebe-5aad-83f8-b8d0cae36371', 177, 'private', 'Aggressive Rush Strategy', '{"aliqua nulla veniam exercitation","aliqua anim ullamco nulla","reprehenderit","laborum sit","consequat tempor ea","in ex commodo","mollit","ut laboris culpa aute","consectetur mollit"}', DEFAULT, DEFAULT, DEFAULT), ('14f0b4c0-9d33-5d68-85ae-cc3d31b6b19e', '5d378209-1fd5-506f-8b3f-511a16489d69', 176, 'public', 'Jungle Control Playbook', '{"qui ut quis","aliqua ullamco duis","in ex commodo","adipisicing eu","ex proident laborum","cupidatat labore eiusmod nostrud"}', DEFAULT, DEFAULT, DEFAULT), ('7c51f66f-cf81-571f-a65c-f571f1f39cc9', 'd664e8db-93ef-5294-a361-9e8640907e59', 180, 'private', 'Roaming Support Plan', '{"enim reprehenderit","officia et irure eu in","fugiat aute sunt","ullamco in eiusmod et","irure","et ad"}', DEFAULT, DEFAULT, DEFAULT), ('764b9b2a-d477-5bff-a789-cba064ac71f8', 'fbfa0c72-9c6c-54ce-ba23-f1ed2563396e', 174, 'public', 'Vision Control Blueprint', '{"duis deserunt"}', DEFAULT, DEFAULT, DEFAULT), ('1125d49b-2ad6-5500-bd14-7e0649f5dd73', '262a78c7-eb9d-5e1a-8e58-41ecb0c31fbd', 172, 'unlisted', 'Team Fight Execution Plan', '{"sit culpa quis","incididunt dolore ex"}', DEFAULT, DEFAULT, DEFAULT), ('de1d5557-45c4-5747-8c2d-f8c09704db25', '338ac238-5209-53e4-836e-9d5dc98ae268', 173, 'private', 'Baron Control Strategy', '{"tempor pariatur voluptate cillum","ad Lorem duis veniam","Lorem eiusmod qui","excepteur Lorem in incididunt ir","nisi"}', DEFAULT, DEFAULT, DEFAULT), ('dc2759a8-51ca-575d-9678-0ac64e900648', '65d5f58f-a7d0-56d7-a4ee-df91649fa9a4', 180, 'private', 'Late Game Scaling Strategy', '{"reprehenderit do nisi non laboru","eiusmod pariatur officia Lorem e","et sunt","minim est voluptate dolore magna"}', DEFAULT, DEFAULT, DEFAULT), ('8c0ef303-3ae4-5fe5-b0be-ef1788ae8707', 'd905224a-1767-5e97-ad1a-f223ab64cd44', 172, 'public', 'Vision Control Blueprint', '{"aute reprehenderit exercitation ","eiusmod sunt consequat labore nu","magna tempor labore do labore","sint sunt non"}', DEFAULT, DEFAULT, DEFAULT), ('ddd094e1-b8f4-560e-b960-af5227a9b337', 'df90352f-468b-5345-9b3e-522b747ccf55', 174, 'unlisted', 'Map Control Blueprint', '{"et adipisicing amet"}', DEFAULT, DEFAULT, DEFAULT), ('4bd93d1d-9da0-508d-a30a-5cd1fe2e858d', 'b737f334-53a3-585e-98d7-69fce744e35e', 172, 'public', 'Baron Control Strategy', '{"magna nostrud adipisicing ullamc","qui minim ipsum Lorem","ullamco non","dolore","exercitation eu sunt","sunt laborum et"}', DEFAULT, DEFAULT, DEFAULT), ('2d25022b-866c-584e-895d-11b8a727c08f', '2190cc4c-2cc5-5f9f-983d-55f70f31e468', 178, 'public', 'Jungle Control Playbook', '{"amet esse aliqua occaecat et","eu fugiat laboris tempor","cillum sit et","do veniam"}', DEFAULT, DEFAULT, DEFAULT), ('8d4a5d0e-3ef8-5e54-ac1b-6a14acb1ad0e', '88501f36-608d-5074-ab3f-752cd478292f', 179, 'private', 'Team Fight Execution Plan', '{"dolore mollit laborum","laboris fugiat ullamco","ea do"}', DEFAULT, DEFAULT, DEFAULT), ('6b889196-1556-5eef-89c0-e7506a0ca45b', 'e4c44768-00c8-52e6-80f9-625972d5d9b9', 171, 'public', 'Baron Control Strategy', '{"cillum","id excepteur nulla"}', DEFAULT, DEFAULT, DEFAULT), ('e6b5025c-d432-567c-bc94-e80f642225ff', '47ec07ed-2b5c-5f84-a424-1002e39b4917', 177, 'public', 'Aggressive Rush Strategy', '{"ut","ullamco in commodo","excepteur eiusmod do","dolor ad eu","exercitation ipsum magna","cupidatat excepteur sit","nulla","sint exercitation occaecat conse","nisi adipisicing"}', DEFAULT, DEFAULT, DEFAULT), ('4d0eaa15-67e7-50e5-bd92-8596a8c41516', 'eda91f04-12ef-5904-88aa-e6ed9a692e03', 179, 'public', 'Jungle Control Playbook', '{"sunt incididunt aute","laborum voluptate labore consequ"}', DEFAULT, DEFAULT, DEFAULT), ('c2405ac9-0838-5ce8-a85b-e6db0fbe6c10', 'b32027db-33da-5dc2-b906-e0c2a06ac683', 177, 'unlisted', 'Early Game Dominance Guide', '{"labore","commodo excepteur nostrud","exercitation laboris qui","voluptate occaecat duis et duis"}', DEFAULT, DEFAULT, DEFAULT), ('c8df1446-9b17-5687-8ff4-001003cfca37', 'b7a89d05-549f-565f-b631-b59097e91d1a', 180, 'private', 'Jungle Control Playbook', '{"reprehenderit nisi in commodo ci","Lorem excepteur","commodo laborum deserunt","excepteur minim ullamco voluptat","enim et labore"}', DEFAULT, DEFAULT, DEFAULT), ('f706294d-163e-5aef-a517-eae489067781', '3d4df0ce-5a7f-53e4-b486-95faf0a09720', 172, 'public', 'Counter Pick Blueprint', '{"mollit","cupidatat quis mollit minim","sunt","cupidatat minim ipsum elit conse","et minim","elit proident elit"}', DEFAULT, DEFAULT, DEFAULT), ('bee3d023-7908-5b1b-a6e7-320078c804bf', 'a69d43fa-2222-5203-b590-140e62599451', 171, 'private', 'Roaming Support Plan', '{"ea laboris"}', DEFAULT, DEFAULT, DEFAULT), ('d607d7db-ee7a-57fa-b0f1-08a24201e561', 'fd2a8113-662a-5782-9e12-f7b49eee56e0', 176, 'unlisted', 'Objective Focused Strategy', '{"proident duis","eu magna fugiat","cupidatat","irure","ea veniam","sit sit","laboris labore Lorem"}', DEFAULT, DEFAULT, DEFAULT), ('6db5eb76-a4d8-59b2-8682-ac0a5dca423f', '338ac238-5209-53e4-836e-9d5dc98ae268', 175, 'public', 'Objective Focused Strategy', '{"aliqua eu ex","aliqua","fugiat consectetur velit amet ip"}', DEFAULT, DEFAULT, DEFAULT), ('f0859c52-737d-58da-9c95-b804668a9ae6', 'ee198d66-a798-52a5-8b79-9931f7b835e3', 172, 'public', 'Gank Heavy Approach', '{"ex aliqua aliquip","ex dolor elit esse","ex esse veniam eu","id culpa","elit Lorem cillum in","et consequat reprehenderit elit"}', DEFAULT, DEFAULT, DEFAULT), ('f843e0b1-5e16-5c9e-923e-e155f87b2422', '405dd580-b1c8-5c0e-9df0-d82b7f57175d', 179, 'unlisted', 'Aggressive Rush Strategy', '{"sit eu aute","id adipisicing laboris","velit elit"}', DEFAULT, DEFAULT, DEFAULT), ('971d3e7d-1fd1-5fd1-ba3a-0a99dda2cb04', '0a9347d2-3396-5e6a-98f1-b406ca195226', 178, 'public', 'Secure Objective Playbook', '{"ipsum ullamco amet qui","consequat tempor","cillum do","id elit"}', DEFAULT, DEFAULT, DEFAULT), ('51c6dab5-99f7-56c9-a820-7cfc76e25abf', 'a3141029-aec2-543b-b18a-49fe947e3304', 179, 'public', 'Early Game Dominance Guide', '{"irure exercitation"}', DEFAULT, DEFAULT, DEFAULT), ('88430d1c-f998-5183-ac05-d06b362a058a', 'a3141029-aec2-543b-b18a-49fe947e3304', 175, 'public', 'Map Control Blueprint', '{"magna culpa esse Lorem","reprehenderit ut","aute sunt eiusmod","magna quis nulla"}', DEFAULT, DEFAULT, DEFAULT), ('fc959555-d183-544e-8cf6-52532b383f25', 'fd2a8113-662a-5782-9e12-f7b49eee56e0', 180, 'private', 'Jungle Control Playbook', '{"voluptate proident aute nulla","aliqua amet eu labore","veniam","aliqua officia occaecat","nulla tempor","cillum exercitation eu","eu laboris Lorem","dolore"}', DEFAULT, DEFAULT, DEFAULT), ('94935318-fc9b-5864-874e-912b663c75f7', 'e9decb87-4a50-5c41-896c-16fe0d21ebca', 180, 'private', 'Defensive Turtle Tactics', '{"laboris fugiat aute ea","mollit pariatur cillum","sit culpa laboris tempor","esse quis"}', DEFAULT, DEFAULT, DEFAULT), ('ea529f5a-add2-5f29-a44d-2a799c7ab051', 'd6d652bf-48a5-5a85-a95d-16c25edc5397', 177, 'unlisted', 'Early Game Dominance Guide', '{"eiusmod","elit voluptate culpa","consequat","do laboris tempor","nisi cupidatat amet","excepteur quis aliqua","anim excepteur dolor et","non ea eiusmod","tempor"}', DEFAULT, DEFAULT, DEFAULT), ('b2bd3c17-1864-5b1f-8d71-b6fe96b48ba6', '43bcab14-4a69-5e60-a07f-cda2fe595a2a', 174, 'public', 'Early Game Dominance Guide', '{"deserunt do","voluptate qui tempor"}', DEFAULT, DEFAULT, DEFAULT), ('a46777c9-6f34-5718-a195-68edd93e1d42', 'cd80d13e-478f-5058-8dfd-e20a76013cb5', 171, 'private', 'Split Push Blueprint', '{"commodo ad ut tempor","est anim","eiusmod sint","sit voluptate Lorem eu","sit","Lorem ullamco","in nulla sit cillum minim","cupidatat consequat"}', DEFAULT, DEFAULT, DEFAULT), ('0f3df2fb-dd6e-55b9-9f86-0babb8fec748', 'e9decb87-4a50-5c41-896c-16fe0d21ebca', 174, 'public', 'Vision Control Blueprint', '{"eiusmod sint in voluptate","non labore","commodo qui commodo labore molli"}', DEFAULT, DEFAULT, DEFAULT), ('95bb7f47-209b-5f16-a018-19e8f23e6e16', '3adfc207-aaeb-5fa1-b329-eb7ef2061320', 175, 'public', 'Jungle Control Playbook', '{"voluptate","irure irure","dolore pariatur magna","esse quis qui duis","mollit qui non","exercitation deserunt"}', DEFAULT, DEFAULT, DEFAULT), ('78959a88-41ee-5d40-85cb-71e22f4c47aa', 'a69d43fa-2222-5203-b590-140e62599451', 176, 'public', 'Jungle Control Playbook', '{"cillum adipisicing","ipsum do"}', DEFAULT, DEFAULT, DEFAULT), ('a9e614f8-c87a-596e-bdaf-6e577865453e', 'e7f24225-5e7d-55c3-8091-6f5a69baba70', 178, 'public', 'Siege Tactics Handbook', '{}', DEFAULT, DEFAULT, DEFAULT), ('f80096a0-59ff-58f8-a58f-cd508cb0f33e', '2190cc4c-2cc5-5f9f-983d-55f70f31e468', 177, 'public', 'Defensive Turtle Tactics', '{"pariatur do nulla cillum","ut proident eu esse","excepteur consequat mollit id"}', DEFAULT, DEFAULT, DEFAULT), ('a444e395-f85a-5fcf-904b-e713df3a17f6', 'b7a89d05-549f-565f-b631-b59097e91d1a', 178, 'public', 'Siege Tactics Handbook', '{"ipsum deserunt","eiusmod enim nisi","eiusmod aliquip aliquip reprehen","nisi cillum exercitation sint","id","irure mollit","duis mollit anim voluptate sint"}', DEFAULT, DEFAULT, DEFAULT);
INSERT INTO public.team_member_role (id,name,flags) VALUES (52, 'owner', 255), (53, 'editor', 7), (54, 'viewer', 1);
SELECT setval('"public"."team_member_role_id_seq"'::regclass, (SELECT MAX("id") FROM "public"."team_member_role"));
