INSERT INTO public.game (id,name,alias,icon,hidden,metadata,created_at) VALUES (15, 'Consectetur Est', 'NBA2K', 'https://svgshare.com/i/15iw.svg', 'f', DEFAULT, DEFAULT), (16, 'Quis', 'NBA2K', 'https://svgshare.com/i/15iw.svg', 'f', DEFAULT, DEFAULT);
SELECT setval('"public"."game_id_seq"'::regclass, (SELECT MAX("id") FROM "public"."game"));
INSERT INTO public.team (id,name,plan_id,created_at,updated_at) VALUES ('7c2c4732-09c1-5f7b-87ca-c53e7497b4ef', 'Eiusmod Commodo Cupi', NULL, DEFAULT, DEFAULT), ('f50563b6-8532-51ec-b121-d8c6bca3e897', 'Cillum Est Minim', NULL, DEFAULT, DEFAULT), ('f1bf295c-195b-5a42-9c6b-5bfa14b58307', 'Qui Sunt Sunt', NULL, DEFAULT, DEFAULT), ('e0eebbc8-63c9-5fee-b088-b3310b672c35', 'Labore Do Non', NULL, DEFAULT, DEFAULT), ('1c17c04a-19f5-5c48-8b6b-48fe02257ffb', 'Ullamco Lorem', NULL, DEFAULT, DEFAULT), ('a2996c99-b8bb-5bf6-b789-844e821ceb82', 'Aliqua Veniam Anim', NULL, DEFAULT, DEFAULT), ('5d016028-a6a3-5268-91a3-91021dbfda0a', 'Reprehenderit Culpa', NULL, DEFAULT, DEFAULT), ('b279891e-05aa-528b-867b-dd6fe5fa77c8', 'Dolore Mollit', NULL, DEFAULT, DEFAULT), ('ff53868f-9940-575d-8fa8-923808f93a53', 'Lorem Deserunt', NULL, DEFAULT, DEFAULT), ('8172203a-00e7-5e0e-919b-2970e0d891df', 'Irure Eiusmod Elit', NULL, DEFAULT, DEFAULT), ('7b5ee10b-959f-565b-9dac-a4bab4f6c6bf', 'Tempor Voluptate Est', NULL, DEFAULT, DEFAULT), ('38400370-0369-5239-8b08-499aef0591ef', 'Lorem Ex Duis', NULL, DEFAULT, DEFAULT), ('77394b64-1ec1-5043-8dc3-08f9200521d4', 'Quis Minim Eu', NULL, DEFAULT, DEFAULT), ('56ea9a57-3786-5a49-9700-501eb57a1328', 'Est Aliqua Minim', NULL, DEFAULT, DEFAULT), ('731fb763-1773-5758-b8dd-d75381b0e72a', 'Ullamco Velit', NULL, DEFAULT, DEFAULT), ('068fd5c6-1552-54ac-ade0-1a1e4b095f08', 'Sunt Eu Reprehenderi', NULL, DEFAULT, DEFAULT), ('397d9892-31da-5629-a035-14fcfec8983a', 'Pariatur Qui Dolor', NULL, DEFAULT, DEFAULT), ('e5e93090-cc79-544a-8b59-2023550c19ad', 'Proident Amet Culpa ', NULL, DEFAULT, DEFAULT), ('5e20f9a8-7b26-5a5f-8426-6b12c182d23c', 'Cupidatat Ut Fugiat', NULL, DEFAULT, DEFAULT), ('53fe0e9e-3358-5722-b994-4faad8733cd3', 'Laborum Dolore Culpa', NULL, DEFAULT, DEFAULT), ('e4834379-a7a0-5f41-8193-f598072b1c83', 'Aute Nostrud Anim', NULL, DEFAULT, DEFAULT), ('a9f91eda-269f-54d0-83de-05f0c2ecbf08', 'Sunt In Irure', NULL, DEFAULT, DEFAULT), ('c0062d28-74ce-56b0-8124-852c5c4cdd1f', 'Sunt Exercitation Al', NULL, DEFAULT, DEFAULT), ('a1d779f7-e622-5cd1-b766-eb2b7925b3c0', 'Reprehenderit Nostru', NULL, DEFAULT, DEFAULT), ('bd4e2ea6-e7d4-5655-93cc-d1ed71c3483c', 'Laborum Nisi Irure', NULL, DEFAULT, DEFAULT), ('fb2f612f-57ab-526e-8b57-f5de07942107', 'Reprehenderit Ea Dui', NULL, DEFAULT, DEFAULT), ('38cee772-792e-54fe-ae0f-d62f75f71c11', 'Reprehenderit Mollit', NULL, DEFAULT, DEFAULT), ('60f279f1-b04c-57b1-b6aa-b71a8811c6ab', 'Eiusmod Irure', NULL, DEFAULT, DEFAULT), ('b5d35d7e-f19e-568e-9efe-911f779c892f', 'Exercitation Velit F', NULL, DEFAULT, DEFAULT), ('3db3509a-5565-5145-aa2d-eb656db639a3', 'Ad Officia Voluptate', NULL, DEFAULT, DEFAULT), ('16b2ddd9-4627-52fa-8115-8453cfa39374', 'Aliqua Exercitation ', NULL, DEFAULT, DEFAULT), ('782f7eda-e535-5ab3-8415-643126d3b0fa', 'Consectetur Veniam Q', NULL, DEFAULT, DEFAULT), ('5daf6f25-3b97-5f49-8f75-4ba5d1d74cd3', 'Eu Excepteur', NULL, DEFAULT, DEFAULT), ('3788fdae-c690-5563-abac-18b51e4d210f', 'Lorem Pariatur Elit', NULL, DEFAULT, DEFAULT), ('177ae72e-41a6-5325-80d6-452827ea5918', 'Quis Deserunt Fugiat', NULL, DEFAULT, DEFAULT), ('c0a2f5c4-7781-5310-ad3c-e7b9f41a7ace', 'Consequat Ex Mollit', NULL, DEFAULT, DEFAULT), ('71c019c0-f4c8-51ac-bfff-4141eabf85f3', 'Ad Quis Id', NULL, DEFAULT, DEFAULT), ('ab4eb860-b9b9-58f5-84c6-b76a08d23dfd', 'Non Enim Sunt', NULL, DEFAULT, DEFAULT), ('dd9140ad-b92d-5673-a8c2-8b1c4e3e8697', 'Ut Elit Consequat Qu', NULL, DEFAULT, DEFAULT), ('78de8c0c-fe2d-50bd-afca-68bed9f87cd0', 'Sunt Laborum Velit', NULL, DEFAULT, DEFAULT), ('81e51b22-aab8-5050-a735-aa5917f8771b', 'Aliqua Ipsum Tempor', NULL, DEFAULT, DEFAULT), ('f6cb58dd-a0aa-5d2b-8ce5-200e44be4f36', 'Officia Sit Dolore M', NULL, DEFAULT, DEFAULT), ('48ed64cc-01ce-5cc6-8ffd-8d552f857570', 'Ipsum Irure Est', NULL, DEFAULT, DEFAULT), ('0cb21e27-1e4d-50c9-bd0d-f6696d98b44c', 'Non Esse Incididunt', NULL, DEFAULT, DEFAULT), ('29d37d99-954e-5434-8e90-9d564d65e434', 'Veniam Commodo', NULL, DEFAULT, DEFAULT);
INSERT INTO public.plan (id,name,pricing,pricing_interval,is_default,config,created_at,updated_at) VALUES (16, 'Essential', 0, 'monthly', 't', '{"max_members":6,"max_blueprints":100,"max_books":20}', DEFAULT, DEFAULT), (17, 'Advanced', 15.803108597090716, 'monthly', 'f', '{"max_members":12,"max_blueprints":200,"max_books":40}', DEFAULT, DEFAULT), (18, 'Pro', 12.111348826482082, 'yearly', 'f', '{"max_members":18,"max_blueprints":300,"max_books":60}', DEFAULT, DEFAULT);
INSERT INTO public.book (id,name,team_id,game_id,created_at,updated_at) VALUES ('1e7e0bcb-4fc0-5d72-81a5-d67a74a13595', 'Est Incididunt Ut', '7c2c4732-09c1-5f7b-87ca-c53e7497b4ef', 15, DEFAULT, DEFAULT), ('d297ab9e-40d4-51b5-bb8f-a1df399f1a9a', 'Aliquip Eu Amet', '7c2c4732-09c1-5f7b-87ca-c53e7497b4ef', 15, DEFAULT, DEFAULT), ('d1b8f3f8-af26-5088-8712-273c28ba98f7', 'Quis Eu Ullamco', '7c2c4732-09c1-5f7b-87ca-c53e7497b4ef', 16, DEFAULT, DEFAULT), ('3ff60d7a-a4ad-54c5-a422-53b52cd53093', 'Officia Officia', '7c2c4732-09c1-5f7b-87ca-c53e7497b4ef', 16, DEFAULT, DEFAULT), ('cfbfd1d4-e77f-57e5-94da-e9ff2cc7a996', 'Adipisicing Sint Ali', '7c2c4732-09c1-5f7b-87ca-c53e7497b4ef', 16, DEFAULT, DEFAULT), ('92bf5244-388d-5bbf-bd84-1c7ad2efe31b', 'Velit Duis Reprehend', '7c2c4732-09c1-5f7b-87ca-c53e7497b4ef', 15, DEFAULT, DEFAULT), ('98eaafd3-adbf-5a3e-adb9-b3fb6971b6f1', 'Velit Pariatur Dolor', 'f50563b6-8532-51ec-b121-d8c6bca3e897', 16, DEFAULT, DEFAULT), ('2d1d7734-be70-5d07-a538-e76c6cae722e', 'Labore Et', 'f50563b6-8532-51ec-b121-d8c6bca3e897', 15, DEFAULT, DEFAULT), ('b5605791-3389-56c2-9ec6-17d538b9bb85', 'Non Elit', 'f50563b6-8532-51ec-b121-d8c6bca3e897', 16, DEFAULT, DEFAULT), ('a5831e58-2fc9-5b59-970d-00c344a4eb18', 'Sit Excepteur Deseru', 'f50563b6-8532-51ec-b121-d8c6bca3e897', 15, DEFAULT, DEFAULT), ('756cbb59-27d6-58f3-b4b9-8b56121e683f', 'Nisi Consectetur', 'f50563b6-8532-51ec-b121-d8c6bca3e897', 15, DEFAULT, DEFAULT), ('b64d0217-6a7b-5682-8927-676434f72be9', 'In Nulla', 'f50563b6-8532-51ec-b121-d8c6bca3e897', 15, DEFAULT, DEFAULT), ('09617df2-6261-5b47-bc30-85d317367d48', 'Sint Duis', 'f50563b6-8532-51ec-b121-d8c6bca3e897', 16, DEFAULT, DEFAULT), ('98b30307-7ea7-5b6c-b9e4-560fe08299de', 'Et Id Eu', 'f50563b6-8532-51ec-b121-d8c6bca3e897', 16, DEFAULT, DEFAULT), ('a8212e1b-5577-5c28-9c38-2d4fbd753550', 'Cillum', 'f1bf295c-195b-5a42-9c6b-5bfa14b58307', 16, DEFAULT, DEFAULT), ('59558fa1-9cc0-5e85-a331-879d76e07f05', 'Consequat Aute', 'f1bf295c-195b-5a42-9c6b-5bfa14b58307', 16, DEFAULT, DEFAULT), ('8926b9fd-34b2-5421-a25c-9cd89c12cad0', 'Pariatur Adipisicing', 'f1bf295c-195b-5a42-9c6b-5bfa14b58307', 16, DEFAULT, DEFAULT), ('5d378209-1fd5-506f-8b3f-511a16489d69', 'Amet Adipisicing Ame', 'f1bf295c-195b-5a42-9c6b-5bfa14b58307', 15, DEFAULT, DEFAULT), ('305fa448-c3bf-59c7-a989-19ae69ce0725', 'Sint Sunt', 'f1bf295c-195b-5a42-9c6b-5bfa14b58307', 15, DEFAULT, DEFAULT), ('853509f0-6836-5fa7-87f2-fb0a9a8766d2', 'Ut Cillum Sit', 'f1bf295c-195b-5a42-9c6b-5bfa14b58307', 15, DEFAULT, DEFAULT), ('bbc51950-a428-5ed7-b604-6444a902714b', 'Aliquip Nostrud Nost', 'f1bf295c-195b-5a42-9c6b-5bfa14b58307', 16, DEFAULT, DEFAULT), ('89f211a9-c1e7-5fa6-9108-784d98291012', 'Occaecat Deserunt Cu', 'f1bf295c-195b-5a42-9c6b-5bfa14b58307', 16, DEFAULT, DEFAULT), ('a6ea6199-2a1a-56d4-b12a-1bf7d32d154c', 'Fugiat Dolore', 'e0eebbc8-63c9-5fee-b088-b3310b672c35', 16, DEFAULT, DEFAULT), ('eb3e804d-5ed0-59a1-900b-3b0f9b2cb577', 'Anim Deserunt', 'e0eebbc8-63c9-5fee-b088-b3310b672c35', 16, DEFAULT, DEFAULT), ('88501f36-608d-5074-ab3f-752cd478292f', 'Aliquip Veniam', 'e0eebbc8-63c9-5fee-b088-b3310b672c35', 16, DEFAULT, DEFAULT), ('0e342915-b360-541f-8c0a-bdf36b3c0ce2', 'Irure Magna', 'e0eebbc8-63c9-5fee-b088-b3310b672c35', 15, DEFAULT, DEFAULT), ('8b474939-245b-5ed9-b06a-21432e2b9115', 'Ex Ullamco Anim', 'e0eebbc8-63c9-5fee-b088-b3310b672c35', 15, DEFAULT, DEFAULT), ('eb9fdff9-6822-52d9-b12a-a9a69b69cbe5', 'Deserunt Aute', 'e0eebbc8-63c9-5fee-b088-b3310b672c35', 15, DEFAULT, DEFAULT), ('79144a06-0314-5d41-8df1-e53dfcb6f109', 'Mollit Ipsum', 'e0eebbc8-63c9-5fee-b088-b3310b672c35', 16, DEFAULT, DEFAULT), ('b4df1d95-7dc2-5c19-b5ea-b51c237352b3', 'Id Esse', 'e0eebbc8-63c9-5fee-b088-b3310b672c35', 16, DEFAULT, DEFAULT), ('07887ba5-321a-560d-8cab-a4032e361bc5', 'Aliqua', 'e0eebbc8-63c9-5fee-b088-b3310b672c35', 16, DEFAULT, DEFAULT), ('abf8504a-2cfc-5a9d-a5d2-31dccd8bf00f', 'Enim Sunt Deserunt', '1c17c04a-19f5-5c48-8b6b-48fe02257ffb', 15, DEFAULT, DEFAULT), ('262a78c7-eb9d-5e1a-8e58-41ecb0c31fbd', 'Laborum Cupidatat', '1c17c04a-19f5-5c48-8b6b-48fe02257ffb', 16, DEFAULT, DEFAULT), ('110efd29-2979-5c30-b41f-b3bf832f48cd', 'Sint Deserunt', '1c17c04a-19f5-5c48-8b6b-48fe02257ffb', 15, DEFAULT, DEFAULT), ('d2268e40-fa6d-5300-9f01-b7cc8f9018e3', 'Adipisicing Dolor', 'a2996c99-b8bb-5bf6-b789-844e821ceb82', 15, DEFAULT, DEFAULT), ('7a86b477-8922-5c78-85b7-47a44d6877c0', 'Occaecat Incididunt', 'a2996c99-b8bb-5bf6-b789-844e821ceb82', 16, DEFAULT, DEFAULT), ('cd1520c4-af17-5e1e-b5b0-a9e95f36a7c4', 'Qui Esse Culpa', 'a2996c99-b8bb-5bf6-b789-844e821ceb82', 16, DEFAULT, DEFAULT), ('2190cc4c-2cc5-5f9f-983d-55f70f31e468', 'Excepteur Anim', 'a2996c99-b8bb-5bf6-b789-844e821ceb82', 15, DEFAULT, DEFAULT), ('fbfa0c72-9c6c-54ce-ba23-f1ed2563396e', 'Nostrud Elit', 'a2996c99-b8bb-5bf6-b789-844e821ceb82', 15, DEFAULT, DEFAULT), ('d664e8db-93ef-5294-a361-9e8640907e59', 'Nostrud Commodo', 'a2996c99-b8bb-5bf6-b789-844e821ceb82', 16, DEFAULT, DEFAULT), ('df625f4d-0fe2-599a-b1d3-13232701e19f', 'Non Voluptate Ad', 'a2996c99-b8bb-5bf6-b789-844e821ceb82', 16, DEFAULT, DEFAULT), ('349111f0-5b40-5b21-aeff-8af2b228d28f', 'Labore Reprehenderit', '5d016028-a6a3-5268-91a3-91021dbfda0a', 16, DEFAULT, DEFAULT), ('e2b744a0-a170-5a87-828d-34cc6f64ca05', 'Quis Velit', '5d016028-a6a3-5268-91a3-91021dbfda0a', 16, DEFAULT, DEFAULT), ('3a804324-748d-571a-afad-6b9c20a35337', 'Sit', '5d016028-a6a3-5268-91a3-91021dbfda0a', 15, DEFAULT, DEFAULT), ('1bf9a820-bb8f-59cd-8902-84a62a1aa29f', 'Velit', '5d016028-a6a3-5268-91a3-91021dbfda0a', 16, DEFAULT, DEFAULT), ('2067e70c-565d-520b-b56b-19189e5b77f5', 'Excepteur Ullamco Ma', '5d016028-a6a3-5268-91a3-91021dbfda0a', 16, DEFAULT, DEFAULT), ('2da447ba-d0f6-5d62-becb-584cd208c558', 'Cupidatat Fugiat', '5d016028-a6a3-5268-91a3-91021dbfda0a', 16, DEFAULT, DEFAULT), ('a00f2df0-a74b-51ab-8311-51125014b9ef', 'Dolor Ea Do', '5d016028-a6a3-5268-91a3-91021dbfda0a', 16, DEFAULT, DEFAULT), ('2c5573d9-9522-50a1-b9d9-3ef48e8629b4', 'Ullamco', '5d016028-a6a3-5268-91a3-91021dbfda0a', 16, DEFAULT, DEFAULT), ('df686e46-eb10-5a3f-abfb-03f34e72d244', 'Est Duis', '5d016028-a6a3-5268-91a3-91021dbfda0a', 16, DEFAULT, DEFAULT), ('09204188-e618-5728-88fc-034120742c41', 'Minim', 'b279891e-05aa-528b-867b-dd6fe5fa77c8', 16, DEFAULT, DEFAULT), ('b576de0c-954e-5345-a9e7-0d691c52341a', 'Velit Sint Eiusmod', 'b279891e-05aa-528b-867b-dd6fe5fa77c8', 16, DEFAULT, DEFAULT), ('887dee3f-7921-537c-91f1-8b0d43117b12', 'Mollit Sit In', 'b279891e-05aa-528b-867b-dd6fe5fa77c8', 16, DEFAULT, DEFAULT), ('6fc34c52-742f-56c2-b6c3-89dee63a8839', 'Nostrud Sit', 'b279891e-05aa-528b-867b-dd6fe5fa77c8', 16, DEFAULT, DEFAULT), ('5531f3c9-2ccc-59e8-86e8-da1800808ec2', 'Quis Do', 'b279891e-05aa-528b-867b-dd6fe5fa77c8', 15, DEFAULT, DEFAULT), ('3b3a2ed4-3283-5a09-84d9-c7de876d5510', 'Officia Et', 'b279891e-05aa-528b-867b-dd6fe5fa77c8', 15, DEFAULT, DEFAULT), ('380f1bbd-f6c8-5306-af3f-7d7fa746bde0', 'Fugiat Elit', 'b279891e-05aa-528b-867b-dd6fe5fa77c8', 15, DEFAULT, DEFAULT), ('672ad514-6b43-58ed-b7aa-f70ed34485d9', 'Mollit Officia Conse', 'b279891e-05aa-528b-867b-dd6fe5fa77c8', 15, DEFAULT, DEFAULT), ('9e19dd6d-e8c2-5925-b1c8-e13b62340491', 'Qui', 'b279891e-05aa-528b-867b-dd6fe5fa77c8', 16, DEFAULT, DEFAULT), ('f561c33d-0589-5163-a677-f2a1eb6b3322', 'Mollit', 'ff53868f-9940-575d-8fa8-923808f93a53', 16, DEFAULT, DEFAULT), ('02a341a2-35a0-5fbc-a1f4-aa8b42aa4b51', 'Eiusmod Deserunt Rep', 'ff53868f-9940-575d-8fa8-923808f93a53', 15, DEFAULT, DEFAULT), ('ad276812-3b86-5425-b36a-d822f2860912', 'Aute Ut', 'ff53868f-9940-575d-8fa8-923808f93a53', 16, DEFAULT, DEFAULT), ('2764351d-73bf-5124-a613-660cd57f91dd', 'Laboris Id', 'ff53868f-9940-575d-8fa8-923808f93a53', 16, DEFAULT, DEFAULT), ('cd80d13e-478f-5058-8dfd-e20a76013cb5', 'Mollit', '8172203a-00e7-5e0e-919b-2970e0d891df', 16, DEFAULT, DEFAULT), ('db9f2a26-569b-5431-9216-bcd2cf256bbd', 'Dolore', '8172203a-00e7-5e0e-919b-2970e0d891df', 16, DEFAULT, DEFAULT), ('e4c44768-00c8-52e6-80f9-625972d5d9b9', 'Dolor Irure', '8172203a-00e7-5e0e-919b-2970e0d891df', 16, DEFAULT, DEFAULT), ('eea550bd-8120-5fb2-9339-ad3a549506d4', 'Sunt Adipisicing Sun', '8172203a-00e7-5e0e-919b-2970e0d891df', 15, DEFAULT, DEFAULT), ('e9decb87-4a50-5c41-896c-16fe0d21ebca', 'Deserunt', '7b5ee10b-959f-565b-9dac-a4bab4f6c6bf', 15, DEFAULT, DEFAULT), ('274020d9-7513-5cf6-ae0b-e94ef1d1a62f', 'Laborum Enim', '7b5ee10b-959f-565b-9dac-a4bab4f6c6bf', 15, DEFAULT, DEFAULT), ('644bfc5c-cf27-5d76-8355-4e4c8d73061f', 'Occaecat', '7b5ee10b-959f-565b-9dac-a4bab4f6c6bf', 15, DEFAULT, DEFAULT), ('eff6dde6-e4aa-5c61-9818-5d7ae0bf58b7', 'Ex Occaecat Incididu', '7b5ee10b-959f-565b-9dac-a4bab4f6c6bf', 15, DEFAULT, DEFAULT), ('31bb49e9-e86d-546a-9e01-6986e5eacf06', 'Laboris', '7b5ee10b-959f-565b-9dac-a4bab4f6c6bf', 16, DEFAULT, DEFAULT), ('6a3486ce-c3fa-519b-8ad1-f329a5c3ee43', 'Cupidatat Proident O', '7b5ee10b-959f-565b-9dac-a4bab4f6c6bf', 16, DEFAULT, DEFAULT), ('d92658af-bb2e-5f93-9170-bc8d85a6ad50', 'Ullamco Qui Do', '7b5ee10b-959f-565b-9dac-a4bab4f6c6bf', 15, DEFAULT, DEFAULT), ('e7f24225-5e7d-55c3-8091-6f5a69baba70', 'Qui', '7b5ee10b-959f-565b-9dac-a4bab4f6c6bf', 15, DEFAULT, DEFAULT), ('452112d1-c377-57c1-bac3-4121d3e3bdcc', 'Esse Sit', '7b5ee10b-959f-565b-9dac-a4bab4f6c6bf', 16, DEFAULT, DEFAULT), ('448bebcf-842c-5d3e-858d-898238856074', 'Non Exercitation', '7b5ee10b-959f-565b-9dac-a4bab4f6c6bf', 15, DEFAULT, DEFAULT), ('b134c4e5-3e41-53b3-bf3f-7f4cf023e9d7', 'Est Duis', '38400370-0369-5239-8b08-499aef0591ef', 16, DEFAULT, DEFAULT), ('763ebb5f-add9-59ff-9a26-6b4030dae259', 'Culpa Tempor', '38400370-0369-5239-8b08-499aef0591ef', 16, DEFAULT, DEFAULT), ('9f273059-bf49-55a4-bf95-e6bedcccffe3', 'Labore Lorem', '38400370-0369-5239-8b08-499aef0591ef', 15, DEFAULT, DEFAULT), ('c7198a1e-f50c-5635-a5bf-2073d4da7bc6', 'Velit', '38400370-0369-5239-8b08-499aef0591ef', 15, DEFAULT, DEFAULT), ('b5f933d0-c28e-517c-9fca-d9e38dc742a2', 'Anim Pariatur Sit', '77394b64-1ec1-5043-8dc3-08f9200521d4', 15, DEFAULT, DEFAULT), ('21a7e579-98a3-5757-a0a8-913f2da95aba', 'Sunt Id', '77394b64-1ec1-5043-8dc3-08f9200521d4', 15, DEFAULT, DEFAULT), ('a4b32498-f3a6-5110-a5b6-de20f0314c35', 'Dolor Aliquip', '77394b64-1ec1-5043-8dc3-08f9200521d4', 16, DEFAULT, DEFAULT), ('31ac52db-fa89-5177-b667-1cf6526a929a', 'Cillum', '56ea9a57-3786-5a49-9700-501eb57a1328', 15, DEFAULT, DEFAULT), ('3c6d504a-3b43-5117-a71b-e844b07b3920', 'Labore Proident Comm', '56ea9a57-3786-5a49-9700-501eb57a1328', 16, DEFAULT, DEFAULT), ('70e095a9-713d-5fe2-a06a-8145febdb917', 'Pariatur Sint', '56ea9a57-3786-5a49-9700-501eb57a1328', 16, DEFAULT, DEFAULT), ('d0fa96c4-2bfe-5959-9fd4-b17ec4964e6d', 'Nostrud Laborum', '56ea9a57-3786-5a49-9700-501eb57a1328', 15, DEFAULT, DEFAULT), ('cb82a658-7a6b-5f53-8103-de934a9d041a', 'Nulla', '56ea9a57-3786-5a49-9700-501eb57a1328', 16, DEFAULT, DEFAULT), ('af5fa9a8-f7df-5a87-830c-3e8d39f06eae', 'Velit Esse', '731fb763-1773-5758-b8dd-d75381b0e72a', 16, DEFAULT, DEFAULT), ('fa904169-96b2-5473-b48d-c7f225d6dfb3', 'Consequat', '731fb763-1773-5758-b8dd-d75381b0e72a', 16, DEFAULT, DEFAULT), ('76980724-1543-5820-bc77-ff5f445e7244', 'Non Nisi', '731fb763-1773-5758-b8dd-d75381b0e72a', 15, DEFAULT, DEFAULT), ('c9f9ed6b-3ed1-5d46-9201-51000bdf47fa', 'Proident', '731fb763-1773-5758-b8dd-d75381b0e72a', 16, DEFAULT, DEFAULT), ('c67d2d09-4f9c-55d4-8995-a05fcda1aef5', 'Voluptate', '068fd5c6-1552-54ac-ade0-1a1e4b095f08', 15, DEFAULT, DEFAULT), ('6fb8bc22-57b5-5453-b6ee-d5dfa591c360', 'Amet Deserunt', '068fd5c6-1552-54ac-ade0-1a1e4b095f08', 15, DEFAULT, DEFAULT), ('3d58489a-e732-5fe3-9fa1-7d8615a17b59', 'Ea', '068fd5c6-1552-54ac-ade0-1a1e4b095f08', 15, DEFAULT, DEFAULT), ('f8caf156-ccf0-5aea-a4e4-6c70f58a603e', 'Ipsum', '068fd5c6-1552-54ac-ade0-1a1e4b095f08', 15, DEFAULT, DEFAULT), ('8bad4601-c5dc-5d96-9ece-4ebbe2a83dfa', 'In Aute Lorem', '397d9892-31da-5629-a035-14fcfec8983a', 15, DEFAULT, DEFAULT), ('d36b7a55-d6b7-5955-bd46-7839332db245', 'Amet Consequat', '397d9892-31da-5629-a035-14fcfec8983a', 15, DEFAULT, DEFAULT), ('f8151e07-b0ba-57cb-b13b-f8463f48e7fa', 'Fugiat Nisi', '397d9892-31da-5629-a035-14fcfec8983a', 15, DEFAULT, DEFAULT), ('386af548-38a2-54d8-bcb7-4bb0b3a08bf8', 'Reprehenderit Enim', '397d9892-31da-5629-a035-14fcfec8983a', 15, DEFAULT, DEFAULT), ('e582fc03-396b-5bd3-a7d1-a1f8176c5a84', 'Ut Anim', '397d9892-31da-5629-a035-14fcfec8983a', 15, DEFAULT, DEFAULT), ('d8d62e21-c0a5-5c19-90d6-7c8e7e16f162', 'Anim Pariatur', '397d9892-31da-5629-a035-14fcfec8983a', 15, DEFAULT, DEFAULT), ('95f37531-686f-5941-8350-d0fbe8759458', 'Non Do', '397d9892-31da-5629-a035-14fcfec8983a', 16, DEFAULT, DEFAULT), ('39988bd5-3933-532e-abb3-f0117c9ca4b2', 'Mollit Irure', '397d9892-31da-5629-a035-14fcfec8983a', 15, DEFAULT, DEFAULT), ('0123a76f-7238-52f2-a9a2-6f5cb15646a3', 'Occaecat', 'e5e93090-cc79-544a-8b59-2023550c19ad', 16, DEFAULT, DEFAULT), ('5038fc48-7e9b-5e62-9425-f7dc4a9743fc', 'Occaecat Ad', 'e5e93090-cc79-544a-8b59-2023550c19ad', 16, DEFAULT, DEFAULT), ('86df0f11-95ba-5c29-a98d-d8c806615d35', 'Nostrud In Velit', 'e5e93090-cc79-544a-8b59-2023550c19ad', 16, DEFAULT, DEFAULT), ('7982e717-2466-57d1-8e77-2f2f17be0182', 'Proident Enim Veniam', 'e5e93090-cc79-544a-8b59-2023550c19ad', 15, DEFAULT, DEFAULT), ('e65e3ae4-b6c1-5ea9-8919-68994c5760a0', 'Officia Id Nulla', 'e5e93090-cc79-544a-8b59-2023550c19ad', 15, DEFAULT, DEFAULT), ('d83dc18f-802e-557e-bc41-666a57c09bee', 'Adipisicing Ullamco', 'e5e93090-cc79-544a-8b59-2023550c19ad', 16, DEFAULT, DEFAULT), ('b2d93b00-3fd1-5f66-b5f3-18a3077abaa9', 'Ipsum', 'e5e93090-cc79-544a-8b59-2023550c19ad', 16, DEFAULT, DEFAULT), ('012d946e-42aa-5c05-ad9d-8bb3952bb635', 'Ex Aliquip', 'e5e93090-cc79-544a-8b59-2023550c19ad', 15, DEFAULT, DEFAULT), ('090c3862-dda0-54fb-a7e7-6c8311bf8c06', 'Amet Aute Incididunt', 'e5e93090-cc79-544a-8b59-2023550c19ad', 16, DEFAULT, DEFAULT), ('d19db439-c7e7-53a7-aa19-0db346180dc1', 'Fugiat Laboris', '5e20f9a8-7b26-5a5f-8426-6b12c182d23c', 15, DEFAULT, DEFAULT), ('91434b27-2651-5429-8f42-45c3f8e334a0', 'Esse Minim Nulla', '5e20f9a8-7b26-5a5f-8426-6b12c182d23c', 15, DEFAULT, DEFAULT), ('549980e7-3e77-5d76-b263-84664d04b209', 'Incididunt Exercitat', '5e20f9a8-7b26-5a5f-8426-6b12c182d23c', 16, DEFAULT, DEFAULT), ('e4de1a09-bd9a-5e42-b92c-2cb1af28bec6', 'Pariatur Et', '5e20f9a8-7b26-5a5f-8426-6b12c182d23c', 15, DEFAULT, DEFAULT), ('f4b5542b-ba61-519e-a8d2-5793282ad487', 'Aute Amet Elit', '5e20f9a8-7b26-5a5f-8426-6b12c182d23c', 15, DEFAULT, DEFAULT), ('cd7c291a-6d6e-5632-91e5-b7fd7a634d7d', 'Ut', '5e20f9a8-7b26-5a5f-8426-6b12c182d23c', 15, DEFAULT, DEFAULT), ('4da5a34b-d621-539d-93ed-4bd842601284', 'Aliquip Pariatur', '5e20f9a8-7b26-5a5f-8426-6b12c182d23c', 16, DEFAULT, DEFAULT), ('eb3795e9-0dc2-506f-818c-e81bf7149197', 'Ut Dolor', '5e20f9a8-7b26-5a5f-8426-6b12c182d23c', 16, DEFAULT, DEFAULT), ('3dbd7acc-a0c5-5607-8378-ec8dc206b269', 'Fugiat Deserunt Moll', '5e20f9a8-7b26-5a5f-8426-6b12c182d23c', 15, DEFAULT, DEFAULT), ('b32027db-33da-5dc2-b906-e0c2a06ac683', 'Excepteur Duis Volup', '53fe0e9e-3358-5722-b994-4faad8733cd3', 16, DEFAULT, DEFAULT), ('b7a89d05-549f-565f-b631-b59097e91d1a', 'Duis', '53fe0e9e-3358-5722-b994-4faad8733cd3', 15, DEFAULT, DEFAULT), ('ac9f0e3e-b030-584f-a8dd-87355fe22537', 'Non', '53fe0e9e-3358-5722-b994-4faad8733cd3', 15, DEFAULT, DEFAULT), ('438bff0e-fd50-5c86-89ee-d397a0c0e548', 'Cupidatat Excepteur', '53fe0e9e-3358-5722-b994-4faad8733cd3', 15, DEFAULT, DEFAULT), ('9bf2ad50-cccb-50eb-8269-3a7e78bd21f5', 'Exercitation Consequ', '53fe0e9e-3358-5722-b994-4faad8733cd3', 16, DEFAULT, DEFAULT), ('26f7bb6a-3c9c-5b30-b11b-be5ebfb91948', 'Elit Consequat Aute', 'e4834379-a7a0-5f41-8193-f598072b1c83', 15, DEFAULT, DEFAULT), ('e5b4727f-be5e-52c0-83cb-cb7ba230945f', 'Velit Incididunt', 'e4834379-a7a0-5f41-8193-f598072b1c83', 15, DEFAULT, DEFAULT), ('290e51c6-7ff6-5db4-8f40-69dda051b66c', 'Qui Dolor', 'e4834379-a7a0-5f41-8193-f598072b1c83', 15, DEFAULT, DEFAULT), ('6c3f6730-2b1a-5e27-97de-caacad0bb1a5', 'Consequat', 'e4834379-a7a0-5f41-8193-f598072b1c83', 16, DEFAULT, DEFAULT), ('7d0c4d54-58ae-5ddf-b108-590171e8655a', 'Lorem Ea', 'e4834379-a7a0-5f41-8193-f598072b1c83', 16, DEFAULT, DEFAULT), ('5dd9c208-a224-5712-b987-eab6b9a89e23', 'Laborum Reprehenderi', 'e4834379-a7a0-5f41-8193-f598072b1c83', 15, DEFAULT, DEFAULT), ('a8766652-5cf4-5e66-ba6d-9eb457dff942', 'Laboris Labore', 'a9f91eda-269f-54d0-83de-05f0c2ecbf08', 15, DEFAULT, DEFAULT), ('43bcab14-4a69-5e60-a07f-cda2fe595a2a', 'Ullamco Eu Ea', 'a9f91eda-269f-54d0-83de-05f0c2ecbf08', 16, DEFAULT, DEFAULT), ('203ac13e-e5b1-548e-a7da-5d8cff932053', 'Magna Labore', 'a9f91eda-269f-54d0-83de-05f0c2ecbf08', 16, DEFAULT, DEFAULT), ('1332e392-1ac8-57d9-8262-948f66c89fe9', 'Sint Laboris', 'a9f91eda-269f-54d0-83de-05f0c2ecbf08', 15, DEFAULT, DEFAULT), ('b88b1af1-79fe-5af5-9c91-0c77ed20973b', 'Dolore Amet', 'a9f91eda-269f-54d0-83de-05f0c2ecbf08', 16, DEFAULT, DEFAULT), ('5783cab4-e010-523b-b893-81b388f43d06', 'Dolor Aliqua Reprehe', 'c0062d28-74ce-56b0-8124-852c5c4cdd1f', 15, DEFAULT, DEFAULT), ('01bb02e3-6d00-5b11-ba00-2f6b060dfb2e', 'Minim Culpa', 'c0062d28-74ce-56b0-8124-852c5c4cdd1f', 16, DEFAULT, DEFAULT), ('a9752d0c-ade4-58c6-b746-1b9df56a3d08', 'Duis Ad Do', 'c0062d28-74ce-56b0-8124-852c5c4cdd1f', 15, DEFAULT, DEFAULT), ('5cdb9712-16b6-532e-9cc7-8cf7dfbe9b6b', 'Anim', 'c0062d28-74ce-56b0-8124-852c5c4cdd1f', 16, DEFAULT, DEFAULT), ('47c1a5aa-1c4a-5781-9c8f-968a639137d7', 'Occaecat', 'c0062d28-74ce-56b0-8124-852c5c4cdd1f', 15, DEFAULT, DEFAULT), ('3c19e2d6-1e17-5580-adbc-319ee6c74e3c', 'Ex Commodo', 'c0062d28-74ce-56b0-8124-852c5c4cdd1f', 16, DEFAULT, DEFAULT), ('3adfc207-aaeb-5fa1-b329-eb7ef2061320', 'Magna Proident', 'a1d779f7-e622-5cd1-b766-eb2b7925b3c0', 16, DEFAULT, DEFAULT), ('096adf71-c74e-5b77-822b-46a8768797c5', 'Sunt Ullamco', 'a1d779f7-e622-5cd1-b766-eb2b7925b3c0', 16, DEFAULT, DEFAULT), ('65d8ad86-6271-552b-8704-fabcdcf18cdb', 'Ullamco Ad', 'a1d779f7-e622-5cd1-b766-eb2b7925b3c0', 15, DEFAULT, DEFAULT), ('9a52e2af-cb63-5ab2-95a7-ae32f01d6a1c', 'Duis', 'a1d779f7-e622-5cd1-b766-eb2b7925b3c0', 16, DEFAULT, DEFAULT), ('f7f33f5b-7e02-5784-9db2-ed2995544a54', 'Do Duis', 'a1d779f7-e622-5cd1-b766-eb2b7925b3c0', 16, DEFAULT, DEFAULT), ('ba4d6fef-111f-5ce5-883e-2b3880f373bf', 'Esse Sint Quis', 'a1d779f7-e622-5cd1-b766-eb2b7925b3c0', 16, DEFAULT, DEFAULT), ('405dd580-b1c8-5c0e-9df0-d82b7f57175d', 'Aliquip Et Excepteur', 'a1d779f7-e622-5cd1-b766-eb2b7925b3c0', 15, DEFAULT, DEFAULT), ('27a14f80-586c-54cd-876e-cd42ede1f04f', 'Dolor', 'a1d779f7-e622-5cd1-b766-eb2b7925b3c0', 15, DEFAULT, DEFAULT), ('1d734ef3-200a-5767-950c-960f29e166e0', 'Voluptate Eiusmod', 'a1d779f7-e622-5cd1-b766-eb2b7925b3c0', 16, DEFAULT, DEFAULT), ('39da01f0-2195-5fc3-a74a-d12c26c902a3', 'Est', 'bd4e2ea6-e7d4-5655-93cc-d1ed71c3483c', 15, DEFAULT, DEFAULT), ('fbbb9719-f3d1-5ce2-b584-4b70bf5bb135', 'Adipisicing Labore', 'bd4e2ea6-e7d4-5655-93cc-d1ed71c3483c', 16, DEFAULT, DEFAULT), ('5f651c76-ceba-56db-bd60-512d4079ec53', 'Commodo Mollit Culpa', 'bd4e2ea6-e7d4-5655-93cc-d1ed71c3483c', 15, DEFAULT, DEFAULT), ('9af6e0ef-7015-5390-856a-705032c2e40e', 'Cillum Tempor', 'bd4e2ea6-e7d4-5655-93cc-d1ed71c3483c', 16, DEFAULT, DEFAULT), ('5034bc4f-306f-5e76-8ef2-99198efc3a69', 'Dolore', 'bd4e2ea6-e7d4-5655-93cc-d1ed71c3483c', 15, DEFAULT, DEFAULT), ('bbecd693-8054-5eee-8ada-8e2d5a3c5090', 'Enim Exercitation', 'bd4e2ea6-e7d4-5655-93cc-d1ed71c3483c', 15, DEFAULT, DEFAULT), ('f5d8c620-973f-509a-b5b1-dc1e889a22a1', 'Qui Cupidatat', 'bd4e2ea6-e7d4-5655-93cc-d1ed71c3483c', 16, DEFAULT, DEFAULT), ('e7ba2b18-a57c-5b02-9714-d376d9ea922f', 'Consectetur Ex', 'fb2f612f-57ab-526e-8b57-f5de07942107', 15, DEFAULT, DEFAULT), ('ccd28d41-9086-5b64-b351-585431787bb7', 'Nostrud Ad', 'fb2f612f-57ab-526e-8b57-f5de07942107', 16, DEFAULT, DEFAULT), ('6a248992-e0a8-5c27-8d71-fd2cfd3a1fd6', 'Nulla Eu', 'fb2f612f-57ab-526e-8b57-f5de07942107', 15, DEFAULT, DEFAULT), ('72d447b0-a4fa-5de7-bb4c-9ff5f169dfea', 'Eiusmod Ad', 'fb2f612f-57ab-526e-8b57-f5de07942107', 16, DEFAULT, DEFAULT), ('eeba85da-b4f7-5195-887e-28b7dc8a5236', 'Est Mollit Et', 'fb2f612f-57ab-526e-8b57-f5de07942107', 16, DEFAULT, DEFAULT), ('1f9495a7-9f91-5b8e-a431-ff0404db08b3', 'Ea', 'fb2f612f-57ab-526e-8b57-f5de07942107', 16, DEFAULT, DEFAULT), ('ec0fecde-72da-5866-9b82-27edb33f804a', 'Ullamco', 'fb2f612f-57ab-526e-8b57-f5de07942107', 16, DEFAULT, DEFAULT), ('bf251b09-11da-503b-84c5-60ec2f7d4e17', 'Id Ipsum', 'fb2f612f-57ab-526e-8b57-f5de07942107', 15, DEFAULT, DEFAULT), ('f457d7a7-01f9-5225-b07a-0e782525bbc7', 'Officia Amet', '38cee772-792e-54fe-ae0f-d62f75f71c11', 16, DEFAULT, DEFAULT), ('0fa12fcf-97e2-5065-a698-e366ca117702', 'Laboris', '38cee772-792e-54fe-ae0f-d62f75f71c11', 15, DEFAULT, DEFAULT), ('b4725825-2a5a-5e18-a190-e59f4cb9f1b5', 'In Pariatur Mollit', '38cee772-792e-54fe-ae0f-d62f75f71c11', 16, DEFAULT, DEFAULT), ('d1dc8a74-c651-5dbd-b484-1cd2c51db9b9', 'Culpa', '38cee772-792e-54fe-ae0f-d62f75f71c11', 15, DEFAULT, DEFAULT), ('40747f76-ad34-5508-ba43-ef538c943cc0', 'Irure', '38cee772-792e-54fe-ae0f-d62f75f71c11', 16, DEFAULT, DEFAULT), ('94a106f5-e21c-5e45-83f2-58d10f738b53', 'Laborum Deserunt Qui', '38cee772-792e-54fe-ae0f-d62f75f71c11', 16, DEFAULT, DEFAULT), ('5da40fc6-2f9c-5273-8dcd-1032d525128a', 'In Commodo', '38cee772-792e-54fe-ae0f-d62f75f71c11', 15, DEFAULT, DEFAULT), ('cbe3cf1c-d730-5d2f-b890-2de0f1a164e6', 'Adipisicing Aute Vol', '38cee772-792e-54fe-ae0f-d62f75f71c11', 16, DEFAULT, DEFAULT), ('45173bfe-a11f-574a-ac25-21cda1308ec9', 'Irure', '60f279f1-b04c-57b1-b6aa-b71a8811c6ab', 16, DEFAULT, DEFAULT), ('28e4b717-ba20-5ce6-96db-f08421aa2fc7', 'Minim Nisi', '60f279f1-b04c-57b1-b6aa-b71a8811c6ab', 15, DEFAULT, DEFAULT), ('d35ecca3-ac35-5e28-8e7e-6a25de908d18', 'Excepteur', '60f279f1-b04c-57b1-b6aa-b71a8811c6ab', 16, DEFAULT, DEFAULT), ('e334db45-3389-5a47-b7c9-4ff8121637b5', 'Est Aliquip', '60f279f1-b04c-57b1-b6aa-b71a8811c6ab', 16, DEFAULT, DEFAULT), ('0a9347d2-3396-5e6a-98f1-b406ca195226', 'Occaecat', '60f279f1-b04c-57b1-b6aa-b71a8811c6ab', 15, DEFAULT, DEFAULT), ('b737f334-53a3-585e-98d7-69fce744e35e', 'Irure Eiusmod', 'b5d35d7e-f19e-568e-9efe-911f779c892f', 15, DEFAULT, DEFAULT), ('8babc841-00b0-585f-9ca3-85ef68fec1f7', 'Veniam', 'b5d35d7e-f19e-568e-9efe-911f779c892f', 15, DEFAULT, DEFAULT), ('79efb743-bb54-546e-8bdf-089509399715', 'Ipsum Fugiat', 'b5d35d7e-f19e-568e-9efe-911f779c892f', 16, DEFAULT, DEFAULT), ('86e03e09-1744-508f-b91c-c48f85d8ffcb', 'Incididunt', 'b5d35d7e-f19e-568e-9efe-911f779c892f', 16, DEFAULT, DEFAULT), ('6451b879-16d7-5644-b6b9-87dd18b3facf', 'Ut Amet Nostrud', 'b5d35d7e-f19e-568e-9efe-911f779c892f', 16, DEFAULT, DEFAULT), ('47e5d6a1-6a7c-5068-97e6-b73d6f3b47c1', 'Officia Enim', 'b5d35d7e-f19e-568e-9efe-911f779c892f', 15, DEFAULT, DEFAULT), ('ea56a5ec-2249-5fba-8891-278bcdbbb33d', 'Enim Magna', 'b5d35d7e-f19e-568e-9efe-911f779c892f', 16, DEFAULT, DEFAULT), ('c72c7230-479d-51cc-940d-5fec1bea4502', 'Nostrud', 'b5d35d7e-f19e-568e-9efe-911f779c892f', 15, DEFAULT, DEFAULT), ('c8f3e8fc-81cf-5046-86bf-a7cd958a07aa', 'Enim Enim', 'b5d35d7e-f19e-568e-9efe-911f779c892f', 16, DEFAULT, DEFAULT), ('0b27e28d-32c6-527a-ba89-3eee513ce9ed', 'Sunt Labore', 'b5d35d7e-f19e-568e-9efe-911f779c892f', 16, DEFAULT, DEFAULT), ('844afdcc-93cf-55c8-b0f1-1cc22329a30b', 'Pariatur Magna Fugia', '3db3509a-5565-5145-aa2d-eb656db639a3', 15, DEFAULT, DEFAULT), ('290bcd64-8663-5670-8efa-64e864979bbb', 'Ullamco Aute', '3db3509a-5565-5145-aa2d-eb656db639a3', 15, DEFAULT, DEFAULT), ('897e7fb9-bd9c-59e3-afc7-d1c31ec7ef34', 'Aliqua Tempor', '3db3509a-5565-5145-aa2d-eb656db639a3', 16, DEFAULT, DEFAULT), ('f3376d8d-17f3-5259-a5b0-af6d5e21e7e2', 'Ipsum Do Reprehender', '3db3509a-5565-5145-aa2d-eb656db639a3', 16, DEFAULT, DEFAULT), ('5ce056de-a21e-5eba-9d47-e09232047aae', 'Eu Occaecat', '3db3509a-5565-5145-aa2d-eb656db639a3', 16, DEFAULT, DEFAULT), ('fd8e258e-4711-5b22-b0f3-1f5725eb642f', 'Eu Nulla Do', '3db3509a-5565-5145-aa2d-eb656db639a3', 15, DEFAULT, DEFAULT), ('e5d977c2-2a0e-5703-8ee9-4796e3967ae0', 'Labore Officia', '3db3509a-5565-5145-aa2d-eb656db639a3', 15, DEFAULT, DEFAULT), ('11edd970-a1f3-5973-a201-278046231716', 'Ea Nostrud', '3db3509a-5565-5145-aa2d-eb656db639a3', 16, DEFAULT, DEFAULT), ('583774ae-7432-5503-850f-867e82c0838b', 'Eiusmod Ea Laboris', '16b2ddd9-4627-52fa-8115-8453cfa39374', 16, DEFAULT, DEFAULT), ('225b2186-bb16-5b0a-b7be-47fd3c5a5cf9', 'Aliqua', '16b2ddd9-4627-52fa-8115-8453cfa39374', 15, DEFAULT, DEFAULT), ('fc295a44-56fb-5a65-beee-66fd6554ae26', 'Irure Nisi', '16b2ddd9-4627-52fa-8115-8453cfa39374', 16, DEFAULT, DEFAULT), ('88133dcb-8b00-5c2c-aee5-9f0743f5239d', 'Esse Fugiat', '16b2ddd9-4627-52fa-8115-8453cfa39374', 16, DEFAULT, DEFAULT), ('9bcb6997-9423-57c0-978a-09ad67de00e3', 'Aliqua Incididunt', '16b2ddd9-4627-52fa-8115-8453cfa39374', 16, DEFAULT, DEFAULT), ('7c1b7c00-d84e-5216-9c13-9544eccd96d4', 'Aliquip Cillum Esse', '16b2ddd9-4627-52fa-8115-8453cfa39374', 15, DEFAULT, DEFAULT), ('586daead-6daa-5df4-83cb-81b2e815d326', 'Deserunt Consectetur', '16b2ddd9-4627-52fa-8115-8453cfa39374', 15, DEFAULT, DEFAULT), ('1c40127d-ff75-5e7b-a8cb-0c9592423db2', 'Quis Officia', '16b2ddd9-4627-52fa-8115-8453cfa39374', 16, DEFAULT, DEFAULT), ('a3141029-aec2-543b-b18a-49fe947e3304', 'Elit Irure Aute', '782f7eda-e535-5ab3-8415-643126d3b0fa', 16, DEFAULT, DEFAULT), ('6c52c1d9-13a4-51ef-ae51-1dacc4c14be9', 'Nostrud Et', '782f7eda-e535-5ab3-8415-643126d3b0fa', 16, DEFAULT, DEFAULT), ('2589cf16-4103-5a4f-b544-b30078083eaa', 'Ea Commodo', '782f7eda-e535-5ab3-8415-643126d3b0fa', 15, DEFAULT, DEFAULT), ('a88bc9b9-135e-55c7-8c4c-5a072a3c8573', 'Cillum Sit', '782f7eda-e535-5ab3-8415-643126d3b0fa', 15, DEFAULT, DEFAULT), ('8b7e423b-b9b9-5b3c-bf3d-1aa45d16235c', 'Magna Labore', '782f7eda-e535-5ab3-8415-643126d3b0fa', 15, DEFAULT, DEFAULT), ('882c7ae5-914f-539d-8207-691de536097f', 'Sunt Ea Cillum', '782f7eda-e535-5ab3-8415-643126d3b0fa', 15, DEFAULT, DEFAULT), ('811570ef-0b81-508d-ba05-2f5e812d4131', 'Fugiat Deserunt', '782f7eda-e535-5ab3-8415-643126d3b0fa', 16, DEFAULT, DEFAULT), ('29b47b7e-4cec-5d5a-b93d-172770b57ed6', 'Quis Ipsum Est', '782f7eda-e535-5ab3-8415-643126d3b0fa', 16, DEFAULT, DEFAULT), ('9b1fc781-1e4e-56d2-bd68-0dc257a319c0', 'Nulla Laborum Aliqui', '5daf6f25-3b97-5f49-8f75-4ba5d1d74cd3', 15, DEFAULT, DEFAULT), ('8a0a556f-d942-55f0-8ba8-1ffbfaf3c6d9', 'Adipisicing Exercita', '5daf6f25-3b97-5f49-8f75-4ba5d1d74cd3', 15, DEFAULT, DEFAULT), ('91fa3874-9437-5dfa-a49a-f19fb38d9e92', 'Mollit Consectetur A', '5daf6f25-3b97-5f49-8f75-4ba5d1d74cd3', 16, DEFAULT, DEFAULT), ('eda91f04-12ef-5904-88aa-e6ed9a692e03', 'Irure Qui', '5daf6f25-3b97-5f49-8f75-4ba5d1d74cd3', 15, DEFAULT, DEFAULT), ('1d3f740a-8c60-5c1d-aa9e-3854a33c8e1d', 'Nulla', '5daf6f25-3b97-5f49-8f75-4ba5d1d74cd3', 16, DEFAULT, DEFAULT), ('d9bba68a-079c-5141-bd43-756b87167584', 'Do', '5daf6f25-3b97-5f49-8f75-4ba5d1d74cd3', 16, DEFAULT, DEFAULT), ('ca65e33b-de71-5d46-933a-849036127987', 'Id Aliquip Laborum', '5daf6f25-3b97-5f49-8f75-4ba5d1d74cd3', 15, DEFAULT, DEFAULT), ('f52ce409-f800-5a86-b4ed-ce1a99a8a6ae', 'Labore Ut Fugiat', '5daf6f25-3b97-5f49-8f75-4ba5d1d74cd3', 16, DEFAULT, DEFAULT), ('5ef5a669-7ca0-5a58-879f-c84c6abe3657', 'Anim Minim', '5daf6f25-3b97-5f49-8f75-4ba5d1d74cd3', 16, DEFAULT, DEFAULT), ('3204ce32-7c5b-5953-969e-fe1d17de6e76', 'Nulla Officia Velit', '3788fdae-c690-5563-abac-18b51e4d210f', 15, DEFAULT, DEFAULT), ('eecf8a7e-af2f-524d-a645-c5fba3ebda06', 'Elit Labore', '3788fdae-c690-5563-abac-18b51e4d210f', 16, DEFAULT, DEFAULT), ('8d3f145b-67b0-504d-b49a-d59ecea5d2d8', 'Deserunt', '3788fdae-c690-5563-abac-18b51e4d210f', 16, DEFAULT, DEFAULT), ('d00c085d-72d6-5114-a5fd-ba818539c2f7', 'Cillum', '3788fdae-c690-5563-abac-18b51e4d210f', 15, DEFAULT, DEFAULT), ('d6d652bf-48a5-5a85-a95d-16c25edc5397', 'Exercitation Non', '177ae72e-41a6-5325-80d6-452827ea5918', 16, DEFAULT, DEFAULT), ('94170f3d-888c-58bc-bc18-13592bfb52c5', 'Non Aute', '177ae72e-41a6-5325-80d6-452827ea5918', 16, DEFAULT, DEFAULT), ('1e0af0c0-30ba-5a06-9647-a83cef3d815d', 'Non Laborum', '177ae72e-41a6-5325-80d6-452827ea5918', 16, DEFAULT, DEFAULT), ('097c4d8e-94d3-5fd3-94ca-7bbb66cf6929', 'Quis Sunt', '177ae72e-41a6-5325-80d6-452827ea5918', 15, DEFAULT, DEFAULT), ('2daf5548-f681-577a-9912-670e1304b2ad', 'Cillum Amet Officia', '177ae72e-41a6-5325-80d6-452827ea5918', 15, DEFAULT, DEFAULT), ('36ab6720-a24b-578b-8d3f-3d9bb0485851', 'Proident', '177ae72e-41a6-5325-80d6-452827ea5918', 16, DEFAULT, DEFAULT), ('960932a7-c474-5ba2-97bb-0581aeeca485', 'Ex Excepteur', '177ae72e-41a6-5325-80d6-452827ea5918', 16, DEFAULT, DEFAULT), ('70b4d1da-5ee3-5bd6-aecb-9af8ab670b84', 'Ea Aliquip', 'c0a2f5c4-7781-5310-ad3c-e7b9f41a7ace', 16, DEFAULT, DEFAULT), ('2da4149c-bf3e-5f98-b904-591c69530871', 'Esse', 'c0a2f5c4-7781-5310-ad3c-e7b9f41a7ace', 15, DEFAULT, DEFAULT), ('a69d43fa-2222-5203-b590-140e62599451', 'Aute In Irure', 'c0a2f5c4-7781-5310-ad3c-e7b9f41a7ace', 16, DEFAULT, DEFAULT), ('f6a7cc82-a609-50ee-a839-9fa8b1a9631d', 'Pariatur Nostrud', 'c0a2f5c4-7781-5310-ad3c-e7b9f41a7ace', 15, DEFAULT, DEFAULT), ('28a1ca86-fc34-5d5b-bda6-792b581f58de', 'Adipisicing', '71c019c0-f4c8-51ac-bfff-4141eabf85f3', 15, DEFAULT, DEFAULT), ('c801d235-e02a-5267-8201-eecb86948b65', 'Consequat Exercitati', '71c019c0-f4c8-51ac-bfff-4141eabf85f3', 15, DEFAULT, DEFAULT), ('ad1bbcac-cdbb-551f-b25a-b14b40074515', 'Labore Esse', '71c019c0-f4c8-51ac-bfff-4141eabf85f3', 15, DEFAULT, DEFAULT), ('af85f96c-efbd-584c-bdd4-26c4e2f3e556', 'Deserunt Esse', '71c019c0-f4c8-51ac-bfff-4141eabf85f3', 16, DEFAULT, DEFAULT), ('b67e09de-df70-515b-91d0-6e53f3b4a58a', 'Mollit Adipisicing', 'ab4eb860-b9b9-58f5-84c6-b76a08d23dfd', 16, DEFAULT, DEFAULT), ('fe24988b-bca5-5bf5-be0f-c92da7b2cbe1', 'Fugiat Consectetur', 'ab4eb860-b9b9-58f5-84c6-b76a08d23dfd', 16, DEFAULT, DEFAULT), ('fb634118-b8a6-50b7-9010-0317dd27fba6', 'Sint Irure Ut', 'ab4eb860-b9b9-58f5-84c6-b76a08d23dfd', 15, DEFAULT, DEFAULT), ('cda3814f-c14d-5dcf-a835-797df84f6d99', 'Sit Sunt', 'ab4eb860-b9b9-58f5-84c6-b76a08d23dfd', 15, DEFAULT, DEFAULT), ('98bf31df-37fd-5af6-86dd-8686cdc35eeb', 'Consequat Veniam', 'dd9140ad-b92d-5673-a8c2-8b1c4e3e8697', 15, DEFAULT, DEFAULT), ('ae956930-bebe-5aad-83f8-b8d0cae36371', 'Tempor', 'dd9140ad-b92d-5673-a8c2-8b1c4e3e8697', 16, DEFAULT, DEFAULT), ('e20720a7-b660-50e0-8da5-8784fa26a31d', 'Non Duis', 'dd9140ad-b92d-5673-a8c2-8b1c4e3e8697', 15, DEFAULT, DEFAULT), ('2dbccffd-e7a5-5653-9dc6-18e988716abe', 'Non Consequat', 'dd9140ad-b92d-5673-a8c2-8b1c4e3e8697', 15, DEFAULT, DEFAULT), ('d905224a-1767-5e97-ad1a-f223ab64cd44', 'Ipsum', 'dd9140ad-b92d-5673-a8c2-8b1c4e3e8697', 16, DEFAULT, DEFAULT), ('051188d3-54fa-59f4-adc8-b929fcb2c826', 'Lorem', 'dd9140ad-b92d-5673-a8c2-8b1c4e3e8697', 15, DEFAULT, DEFAULT), ('94daea14-9b93-5933-9044-5ccc1eb32f8f', 'Aliqua Ex Anim', '78de8c0c-fe2d-50bd-afca-68bed9f87cd0', 15, DEFAULT, DEFAULT), ('dc58dd7b-bb54-5abe-8208-becc5e0561ad', 'Est', '78de8c0c-fe2d-50bd-afca-68bed9f87cd0', 16, DEFAULT, DEFAULT), ('63e38d08-3dd9-5569-ab28-f70e94b3cdb7', 'Laborum Eu', '78de8c0c-fe2d-50bd-afca-68bed9f87cd0', 16, DEFAULT, DEFAULT), ('7f78fee3-dd27-5696-858f-318bd4cbf2a8', 'Aliquip Nisi Mollit', '78de8c0c-fe2d-50bd-afca-68bed9f87cd0', 15, DEFAULT, DEFAULT), ('1716ac71-f35f-52a7-acdc-316247462f37', 'Mollit', '78de8c0c-fe2d-50bd-afca-68bed9f87cd0', 16, DEFAULT, DEFAULT), ('59fbbc7c-edc9-5d3c-9170-cf6acabbcd28', 'Non Excepteur', '81e51b22-aab8-5050-a735-aa5917f8771b', 16, DEFAULT, DEFAULT), ('7bf99080-cdc6-5456-b6d5-417e28b4eba5', 'Culpa Cupidatat', '81e51b22-aab8-5050-a735-aa5917f8771b', 16, DEFAULT, DEFAULT), ('d2f08d89-447f-5d3d-96e5-385ed888c091', 'Officia', '81e51b22-aab8-5050-a735-aa5917f8771b', 15, DEFAULT, DEFAULT), ('9e6824f3-dac2-540f-9e3d-8797171dab14', 'Aliquip', '81e51b22-aab8-5050-a735-aa5917f8771b', 16, DEFAULT, DEFAULT), ('c15a1a93-cc16-5536-8ab0-42ef9626e379', 'Nisi', '81e51b22-aab8-5050-a735-aa5917f8771b', 15, DEFAULT, DEFAULT), ('df90352f-468b-5345-9b3e-522b747ccf55', 'Laboris Reprehenderi', '81e51b22-aab8-5050-a735-aa5917f8771b', 16, DEFAULT, DEFAULT), ('d1b6355b-0594-5d07-b55b-72d2c66a1391', 'Labore Eu Consectetu', 'f6cb58dd-a0aa-5d2b-8ce5-200e44be4f36', 16, DEFAULT, DEFAULT), ('77085b75-b014-57d0-8618-9cc95436a25e', 'Consectetur Exercita', 'f6cb58dd-a0aa-5d2b-8ce5-200e44be4f36', 15, DEFAULT, DEFAULT), ('2f76c526-de17-58f1-a75e-aee239f7ed57', 'Consequat', 'f6cb58dd-a0aa-5d2b-8ce5-200e44be4f36', 15, DEFAULT, DEFAULT), ('3d4df0ce-5a7f-53e4-b486-95faf0a09720', 'Ut Ullamco', 'f6cb58dd-a0aa-5d2b-8ce5-200e44be4f36', 16, DEFAULT, DEFAULT), ('d6d4ebe8-fe3c-5e62-98d8-e678f356450c', 'Adipisicing Minim Co', 'f6cb58dd-a0aa-5d2b-8ce5-200e44be4f36', 16, DEFAULT, DEFAULT), ('5dedc9b9-eec3-5ace-a95b-d7817834d9af', 'Pariatur Veniam Cons', 'f6cb58dd-a0aa-5d2b-8ce5-200e44be4f36', 15, DEFAULT, DEFAULT), ('79ef5172-d3d7-5e61-9d71-a40b27651163', 'Nisi', 'f6cb58dd-a0aa-5d2b-8ce5-200e44be4f36', 15, DEFAULT, DEFAULT), ('750322e1-101b-5f9e-b670-d325392f4504', 'Laborum', 'f6cb58dd-a0aa-5d2b-8ce5-200e44be4f36', 15, DEFAULT, DEFAULT), ('3c0af99e-82a0-5346-8da5-2d2825b8a66d', 'Ad Lorem', '48ed64cc-01ce-5cc6-8ffd-8d552f857570', 16, DEFAULT, DEFAULT), ('7c0f6282-7933-5431-8e88-9d2b9f09f272', 'Reprehenderit', '48ed64cc-01ce-5cc6-8ffd-8d552f857570', 15, DEFAULT, DEFAULT), ('c97097d9-c6b8-5a50-931a-369c86f1535e', 'Fugiat Quis', '48ed64cc-01ce-5cc6-8ffd-8d552f857570', 16, DEFAULT, DEFAULT), ('9f26eece-7e59-5b46-a98b-848dc55a0cda', 'In In Sint', '48ed64cc-01ce-5cc6-8ffd-8d552f857570', 15, DEFAULT, DEFAULT), ('75b1f4f3-d352-56de-83dd-e679684b060c', 'Dolor', '48ed64cc-01ce-5cc6-8ffd-8d552f857570', 16, DEFAULT, DEFAULT), ('80e684c5-9f07-5388-b150-556bc24cb77f', 'Commodo Esse', '48ed64cc-01ce-5cc6-8ffd-8d552f857570', 16, DEFAULT, DEFAULT), ('09bca3f4-0d37-5f5a-b637-9d7942a17cff', 'Tempor Incididunt', '0cb21e27-1e4d-50c9-bd0d-f6696d98b44c', 15, DEFAULT, DEFAULT), ('2ca679b7-4687-5422-ac57-c89cfa36e3c8', 'Consequat Pariatur', '0cb21e27-1e4d-50c9-bd0d-f6696d98b44c', 15, DEFAULT, DEFAULT), ('ba60341e-ffca-5a8d-85d2-58afc6ff269c', 'Aute Magna', '0cb21e27-1e4d-50c9-bd0d-f6696d98b44c', 15, DEFAULT, DEFAULT), ('deab978c-4953-507c-b4fb-f509dd35f454', 'Proident Qui', '0cb21e27-1e4d-50c9-bd0d-f6696d98b44c', 15, DEFAULT, DEFAULT), ('c379a417-3b5c-5e05-a7ca-c545e0d33c70', 'Incididunt', '0cb21e27-1e4d-50c9-bd0d-f6696d98b44c', 16, DEFAULT, DEFAULT), ('061a9df6-5f3b-55cf-9879-eec1a4061457', 'Magna Cillum', '29d37d99-954e-5434-8e90-9d564d65e434', 16, DEFAULT, DEFAULT), ('f8fbdff1-11b4-54fa-ab90-292d82d3d353', 'Aute', '29d37d99-954e-5434-8e90-9d564d65e434', 16, DEFAULT, DEFAULT), ('3af5be38-b117-5675-8d7a-e27a1a34e8a8', 'Eu', '29d37d99-954e-5434-8e90-9d564d65e434', 15, DEFAULT, DEFAULT), ('ab07c47c-511a-5092-acb9-cbf862e0076b', 'Aliqua Elit', '29d37d99-954e-5434-8e90-9d564d65e434', 16, DEFAULT, DEFAULT), ('f46ce5c6-3097-5b5d-8213-37b749a8664f', 'Sint Ex', '29d37d99-954e-5434-8e90-9d564d65e434', 16, DEFAULT, DEFAULT), ('72d3531d-c972-50b3-9ba4-89c7e7226754', 'Do Exercitation', '29d37d99-954e-5434-8e90-9d564d65e434', 16, DEFAULT, DEFAULT), ('8dea886f-fc5d-51fd-ac80-f3c52f3b244b', 'Adipisicing Aliquip', '29d37d99-954e-5434-8e90-9d564d65e434', 15, DEFAULT, DEFAULT), ('e06c10f9-a674-5092-b6f9-89c60162f0bb', 'Sint Tempor Minim', '29d37d99-954e-5434-8e90-9d564d65e434', 16, DEFAULT, DEFAULT), ('5c279176-af23-560b-90c9-533a7e485b05', 'Et', '29d37d99-954e-5434-8e90-9d564d65e434', 16, DEFAULT, DEFAULT), ('e95b6e76-3b0b-57c6-9c25-54012a280790', 'Laborum', '29d37d99-954e-5434-8e90-9d564d65e434', 16, DEFAULT, DEFAULT);
UPDATE public.team SET plan_id = 16 WHERE id = '7c2c4732-09c1-5f7b-87ca-c53e7497b4ef';
UPDATE public.team SET plan_id = 16 WHERE id = 'f50563b6-8532-51ec-b121-d8c6bca3e897';
UPDATE public.team SET plan_id = 16 WHERE id = 'f1bf295c-195b-5a42-9c6b-5bfa14b58307';
UPDATE public.team SET plan_id = 16 WHERE id = 'e0eebbc8-63c9-5fee-b088-b3310b672c35';
UPDATE public.team SET plan_id = 16 WHERE id = '1c17c04a-19f5-5c48-8b6b-48fe02257ffb';
UPDATE public.team SET plan_id = 16 WHERE id = 'a2996c99-b8bb-5bf6-b789-844e821ceb82';
UPDATE public.team SET plan_id = 16 WHERE id = '5d016028-a6a3-5268-91a3-91021dbfda0a';
UPDATE public.team SET plan_id = 16 WHERE id = 'b279891e-05aa-528b-867b-dd6fe5fa77c8';
UPDATE public.team SET plan_id = 16 WHERE id = 'ff53868f-9940-575d-8fa8-923808f93a53';
UPDATE public.team SET plan_id = 16 WHERE id = '8172203a-00e7-5e0e-919b-2970e0d891df';
UPDATE public.team SET plan_id = 16 WHERE id = '7b5ee10b-959f-565b-9dac-a4bab4f6c6bf';
UPDATE public.team SET plan_id = 16 WHERE id = '38400370-0369-5239-8b08-499aef0591ef';
UPDATE public.team SET plan_id = 16 WHERE id = '77394b64-1ec1-5043-8dc3-08f9200521d4';
UPDATE public.team SET plan_id = 16 WHERE id = '56ea9a57-3786-5a49-9700-501eb57a1328';
UPDATE public.team SET plan_id = 16 WHERE id = '731fb763-1773-5758-b8dd-d75381b0e72a';
UPDATE public.team SET plan_id = 16 WHERE id = '068fd5c6-1552-54ac-ade0-1a1e4b095f08';
UPDATE public.team SET plan_id = 16 WHERE id = '397d9892-31da-5629-a035-14fcfec8983a';
UPDATE public.team SET plan_id = 16 WHERE id = 'e5e93090-cc79-544a-8b59-2023550c19ad';
UPDATE public.team SET plan_id = 17 WHERE id = '5e20f9a8-7b26-5a5f-8426-6b12c182d23c';
UPDATE public.team SET plan_id = 17 WHERE id = '53fe0e9e-3358-5722-b994-4faad8733cd3';
UPDATE public.team SET plan_id = 17 WHERE id = 'e4834379-a7a0-5f41-8193-f598072b1c83';
UPDATE public.team SET plan_id = 17 WHERE id = 'a9f91eda-269f-54d0-83de-05f0c2ecbf08';
UPDATE public.team SET plan_id = 17 WHERE id = 'c0062d28-74ce-56b0-8124-852c5c4cdd1f';
UPDATE public.team SET plan_id = 17 WHERE id = 'a1d779f7-e622-5cd1-b766-eb2b7925b3c0';
UPDATE public.team SET plan_id = 17 WHERE id = 'bd4e2ea6-e7d4-5655-93cc-d1ed71c3483c';
UPDATE public.team SET plan_id = 17 WHERE id = 'fb2f612f-57ab-526e-8b57-f5de07942107';
UPDATE public.team SET plan_id = 17 WHERE id = '38cee772-792e-54fe-ae0f-d62f75f71c11';
UPDATE public.team SET plan_id = 17 WHERE id = '60f279f1-b04c-57b1-b6aa-b71a8811c6ab';
UPDATE public.team SET plan_id = 17 WHERE id = 'b5d35d7e-f19e-568e-9efe-911f779c892f';
UPDATE public.team SET plan_id = 17 WHERE id = '3db3509a-5565-5145-aa2d-eb656db639a3';
UPDATE public.team SET plan_id = 17 WHERE id = '16b2ddd9-4627-52fa-8115-8453cfa39374';
UPDATE public.team SET plan_id = 18 WHERE id = '782f7eda-e535-5ab3-8415-643126d3b0fa';
UPDATE public.team SET plan_id = 18 WHERE id = '5daf6f25-3b97-5f49-8f75-4ba5d1d74cd3';
UPDATE public.team SET plan_id = 18 WHERE id = '3788fdae-c690-5563-abac-18b51e4d210f';
UPDATE public.team SET plan_id = 18 WHERE id = '177ae72e-41a6-5325-80d6-452827ea5918';
UPDATE public.team SET plan_id = 18 WHERE id = 'c0a2f5c4-7781-5310-ad3c-e7b9f41a7ace';
UPDATE public.team SET plan_id = 18 WHERE id = '71c019c0-f4c8-51ac-bfff-4141eabf85f3';
UPDATE public.team SET plan_id = 18 WHERE id = 'ab4eb860-b9b9-58f5-84c6-b76a08d23dfd';
UPDATE public.team SET plan_id = 18 WHERE id = 'dd9140ad-b92d-5673-a8c2-8b1c4e3e8697';
UPDATE public.team SET plan_id = 18 WHERE id = '78de8c0c-fe2d-50bd-afca-68bed9f87cd0';
UPDATE public.team SET plan_id = 18 WHERE id = '81e51b22-aab8-5050-a735-aa5917f8771b';
UPDATE public.team SET plan_id = 18 WHERE id = 'f6cb58dd-a0aa-5d2b-8ce5-200e44be4f36';
UPDATE public.team SET plan_id = 18 WHERE id = '48ed64cc-01ce-5cc6-8ffd-8d552f857570';
UPDATE public.team SET plan_id = 18 WHERE id = '0cb21e27-1e4d-50c9-bd0d-f6696d98b44c';
UPDATE public.team SET plan_id = 18 WHERE id = '29d37d99-954e-5434-8e90-9d564d65e434';
SELECT setval('"public"."plan_id_seq"'::regclass, (SELECT MAX("id") FROM "public"."plan"));
INSERT INTO public.arena (id,game_id,name,metadata,created_at,updated_at) VALUES (51, 16, 'Silverlake Stadium', '{"A":"Sed explicem"}', DEFAULT, DEFAULT), (52, 15, 'Downtown Plaza Pavilion', '{"In":"Adiuvet ne bonare"}', DEFAULT, DEFAULT), (53, 16, 'Bayshore Pavilion', '{"Se":"Petu ad causam"}', DEFAULT, DEFAULT), (54, 15, 'Sunset Stadium', '{"Es":"Videntur aut"}', DEFAULT, DEFAULT), (55, 16, 'Downtown Square Pavilion', '{"Tamenti":"Adipsa dolorem veris"}', DEFAULT, DEFAULT), (56, 16, 'Oceanfront Amphitheater', '{"Non":"Reliqua voluptatem"}', DEFAULT, DEFAULT), (57, 16, 'Main Square Arena', '{"Ut":"Dolor quo"}', DEFAULT, DEFAULT), (58, 16, 'Southbank Arena', '{"Omnino":"Synephebosop acut sicut"}', DEFAULT, DEFAULT), (59, 15, 'Waterfront Amphitheater', '{"Alest":"Ipse pertur voluptate"}', DEFAULT, DEFAULT), (60, 15, 'Meadowbrook Pavilion', '{"A":"Voluptatib posse quae"}', DEFAULT, DEFAULT);
SELECT setval('"public"."arena_id_seq"'::regclass, (SELECT MAX("id") FROM "public"."arena"));
INSERT INTO public.blueprint (id,book_id,arena_id,visibility,name,tags,data,created_at,updated_at) VALUES ('fd4a2d4e-8569-59ca-837d-fb7fa0ab1be1', 'e9decb87-4a50-5c41-896c-16fe0d21ebca', 55, 'public', 'Roaming Support Plan', '{"proident adipisicing","anim duis tempor Lorem","do non"}', DEFAULT, DEFAULT, DEFAULT), ('e0502ed9-8194-54d4-be5d-43176e2a7438', '98bf31df-37fd-5af6-86dd-8686cdc35eeb', 58, 'unlisted', 'Roaming Support Plan', '{"ea non cupidatat","in adipisicing","adipisicing aliquip","consectetur consectetur consecte","pariatur laboris irure","eu"}', DEFAULT, DEFAULT, DEFAULT), ('cba89714-5b1d-590f-92a2-27cfb555b7e4', '290bcd64-8663-5670-8efa-64e864979bbb', 54, 'public', 'Gank Heavy Approach', '{"nostrud","exercitation commodo"}', DEFAULT, DEFAULT, DEFAULT), ('497b8842-fb80-5638-ba6f-3f3e64daa06b', 'ae956930-bebe-5aad-83f8-b8d0cae36371', 52, 'public', 'Map Control Blueprint', '{"voluptate","magna elit fugiat nulla","pariatur excepteur eiusmod conse","sint ex amet","velit non"}', DEFAULT, DEFAULT, DEFAULT), ('75fbf0dd-b3c9-5513-87f0-9d9a9004f64c', '6c52c1d9-13a4-51ef-ae51-1dacc4c14be9', 53, 'private', 'Baron Control Strategy', '{"ut laboris enim dolore","sunt magna","aliquip mollit excepteur exercit","enim","nisi ad","id"}', DEFAULT, DEFAULT, DEFAULT), ('0352b4c9-6de9-5702-929d-3d622c6456a1', 'a8766652-5cf4-5e66-ba6d-9eb457dff942', 54, 'public', 'Rotation Strategy Document', '{"do incididunt sunt","laboris ut","ad elit laborum aute ad","ad laboris eu"}', DEFAULT, DEFAULT, DEFAULT), ('1e701d2b-566c-5f82-8280-a2a9d02ee590', '59fbbc7c-edc9-5d3c-9170-cf6acabbcd28', 54, 'unlisted', 'Early Game Dominance Guide', '{"aliquip cillum labore excepteur","consectetur laboris","reprehenderit do","eiusmod aliqua reprehenderit sin"}', DEFAULT, DEFAULT, DEFAULT), ('f04c0ed1-b624-5092-8b98-dae6fff857dc', '02a341a2-35a0-5fbc-a1f4-aa8b42aa4b51', 56, 'private', 'Early Game Dominance Guide', '{"deserunt officia duis","ut consectetur nisi","laboris aute amet","aliquip do","ullamco quis"}', DEFAULT, DEFAULT, DEFAULT), ('7eef79d9-ea6c-5417-b347-09dbcb8b4c78', '6a3486ce-c3fa-519b-8ad1-f329a5c3ee43', 53, 'unlisted', 'Roaming Support Plan', '{"deserunt amet anim sunt","duis proident enim mollit dolore","reprehenderit amet","adipisicing sunt","aliqua nostrud ullamco aute culp","laborum nostrud","adipisicing sit irure ullamco nu","laboris magna eiusmod occaecat i","irure officia pariatur consectet"}', DEFAULT, DEFAULT, DEFAULT), ('3aff3e37-0331-5c7a-a0f5-1b6595c2ad7b', '8d3f145b-67b0-504d-b49a-d59ecea5d2d8', 59, 'public', 'Baron Control Strategy', '{"et aliqua exercitation eiusmod","nulla aute fugiat esse magna","pariatur"}', DEFAULT, DEFAULT, DEFAULT), ('7c0cf1d4-d57d-5092-a3f0-ca49e04ace52', '7bf99080-cdc6-5456-b6d5-417e28b4eba5', 53, 'public', 'Roaming Support Plan', '{"consequat","ullamco qui sint et pariatur","do cupidatat","aliquip sint aute"}', DEFAULT, DEFAULT, DEFAULT), ('26c80d6d-0d6f-5fb2-8296-8b5e9e1fdeb7', '5783cab4-e010-523b-b893-81b388f43d06', 60, 'unlisted', 'Early Game Dominance Guide', '{"adipisicing ad tempor","duis laborum","aliqua minim velit et","exercitation occaecat laborum","anim deserunt Lorem","occaecat ullamco qui eu","esse","sit aute sunt","nulla","occaecat eu dolor sint"}', DEFAULT, DEFAULT, DEFAULT), ('310ccf44-859c-5587-8001-5aa84afb3236', 'cbe3cf1c-d730-5d2f-b890-2de0f1a164e6', 57, 'private', 'Wave Management Plan', '{"magna sunt consectetur incididun","dolor velit non exercitation","ex quis dolore","id quis amet in duis","ut ex elit esse duis","consequat dolor amet","qui dolor sint mollit magna","anim","et"}', DEFAULT, DEFAULT, DEFAULT), ('c6131a0d-c1ea-5dce-8460-c91026e41f9f', '5783cab4-e010-523b-b893-81b388f43d06', 57, 'public', 'Siege Tactics Handbook', '{"veniam sit ut","mollit sint occaecat","ea consectetur do cillum","do aliquip nisi eu","eu voluptate excepteur reprehend","quis qui deserunt","do labore pariatur ad","consectetur aliquip irure duis s","est magna"}', DEFAULT, DEFAULT, DEFAULT), ('054eb394-a081-59a1-b613-e1c8bbcc6250', 'e7ba2b18-a57c-5b02-9714-d376d9ea922f', 53, 'public', 'Counter Pick Blueprint', '{}', DEFAULT, DEFAULT, DEFAULT), ('4cb602e9-b66f-5f7e-a7a1-71729454372c', '3b3a2ed4-3283-5a09-84d9-c7de876d5510', 58, 'unlisted', 'Rotation Strategy Document', '{"elit","deserunt ullamco dolor","do","nulla commodo Lorem"}', DEFAULT, DEFAULT, DEFAULT), ('8ed312f8-fa19-5305-a78e-7cdee2dc9e00', 'b2d93b00-3fd1-5f66-b5f3-18a3077abaa9', 59, 'private', 'Aggressive Rush Strategy', '{"exercitation dolor ad deserunt","ipsum eiusmod cillum deserunt","sint eu amet voluptate sit","elit ea","tempor","ipsum reprehenderit tempor","dolore sit aute duis"}', DEFAULT, DEFAULT, DEFAULT), ('c9bad04c-3d6e-5efe-9540-7763dde57640', 'f6a7cc82-a609-50ee-a839-9fa8b1a9631d', 59, 'private', 'Objective Focused Strategy', '{"incididunt","esse amet nostrud tempor nostrud","pariatur fugiat sit","deserunt ut duis","culpa fugiat deserunt cillum","aliqua nisi sunt"}', DEFAULT, DEFAULT, DEFAULT), ('7a350dde-d215-538c-bfd3-d5cdd8b40555', 'fe24988b-bca5-5bf5-be0f-c92da7b2cbe1', 60, 'public', 'Counter Pick Blueprint', '{"culpa sit incididunt amet","tempor Lorem","aliqua anim amet cillum","laboris","in qui qui"}', DEFAULT, DEFAULT, DEFAULT), ('bd6c4dd0-06e8-56ab-abd6-6e9e777c13a7', '6a3486ce-c3fa-519b-8ad1-f329a5c3ee43', 54, 'public', 'Counter Pick Blueprint', '{"ex deserunt qui"}', DEFAULT, DEFAULT, DEFAULT), ('844103e5-8cf8-5795-8a63-ccecfc3e2001', '897e7fb9-bd9c-59e3-afc7-d1c31ec7ef34', 56, 'public', 'Gank Heavy Approach', '{"id tempor","consequat amet minim nulla nulla","proident culpa ipsum ullamco","labore est do","eu ipsum adipisicing"}', DEFAULT, DEFAULT, DEFAULT), ('582d0ca1-76cc-5500-9dd8-190ab817072d', '2764351d-73bf-5124-a613-660cd57f91dd', 59, 'private', 'Vision Control Blueprint', '{"labore elit","qui aliqua dolore","voluptate elit magna","ullamco dolore","nostrud duis dolor"}', DEFAULT, DEFAULT, DEFAULT), ('9012aa86-f8a2-5033-82d5-336bcaa03c26', 'ccd28d41-9086-5b64-b351-585431787bb7', 60, 'public', 'Siege Tactics Handbook', '{"fugiat est laboris occaecat elit","nostrud amet nulla exercitation","nostrud ullamco","nostrud proident cillum"}', DEFAULT, DEFAULT, DEFAULT), ('746bb5ad-439a-519a-90ef-991641df1623', '2c5573d9-9522-50a1-b9d9-3ef48e8629b4', 58, 'unlisted', 'Late Game Scaling Strategy', '{}', DEFAULT, DEFAULT, DEFAULT), ('b1bab82d-de7c-55e3-8115-1651b8f68765', '1332e392-1ac8-57d9-8262-948f66c89fe9', 52, 'private', 'Secure Objective Playbook', '{"aliquip","cillum"}', DEFAULT, DEFAULT, DEFAULT), ('0145500d-2ab2-5c49-9cea-edd711ce1cc9', '290e51c6-7ff6-5db4-8f40-69dda051b66c', 54, 'unlisted', 'Aggressive Rush Strategy', '{"amet"}', DEFAULT, DEFAULT, DEFAULT), ('703c3370-90fb-5d22-8365-f34357b3ffb8', '91fa3874-9437-5dfa-a49a-f19fb38d9e92', 57, 'private', 'Rotation Strategy Document', '{"quis ea","veniam officia","fugiat sint aliquip exercitation","est dolore esse nisi","sunt proident est Lorem aliquip","et dolor occaecat","officia elit consequat"}', DEFAULT, DEFAULT, DEFAULT), ('fd862b26-fe8c-52d0-b06e-3c9f938bd3ab', '2589cf16-4103-5a4f-b544-b30078083eaa', 57, 'public', 'Jungle Control Playbook', '{"exercitation ea sit aliqua","consectetur incididunt ea","dolor","velit ex anim minim ad","nisi sunt mollit culpa laborum","ex Lorem pariatur nostrud","adipisicing ex sit labore","velit cupidatat","consequat","eu et"}', DEFAULT, DEFAULT, DEFAULT), ('70415515-b81b-59ef-a1ed-18578b73b7ae', '3c19e2d6-1e17-5580-adbc-319ee6c74e3c', 58, 'private', 'Baron Control Strategy', '{"anim sunt laboris in","ut","excepteur fugiat","voluptate minim labore","veniam","minim incididunt sit pariatur"}', DEFAULT, DEFAULT, DEFAULT), ('c5558815-aa72-5938-a7c8-62ae2c1a039c', '95f37531-686f-5941-8350-d0fbe8759458', 58, 'public', 'Secure Objective Playbook', '{"eu id pariatur est","Lorem veniam minim mollit","non ex duis excepteur esse","eiusmod magna sit eu","Lorem mollit reprehenderit aliqu","aliquip","aute","dolore non est aute"}', DEFAULT, DEFAULT, DEFAULT), ('703bbd20-9625-5bd7-8aa3-5ead0245fe50', '31ac52db-fa89-5177-b667-1cf6526a929a', 51, 'unlisted', 'Objective Focused Strategy', '{"cupidatat consectetur deserunt","commodo irure incididunt","excepteur","ipsum velit sint","in reprehenderit irure","mollit pariatur in","ipsum anim deserunt magna"}', DEFAULT, DEFAULT, DEFAULT), ('68ff3d82-b6b6-5053-9e74-aa9b346dd8d1', '097c4d8e-94d3-5fd3-94ca-7bbb66cf6929', 60, 'private', 'Wave Management Plan', '{"in"}', DEFAULT, DEFAULT, DEFAULT), ('522e120d-7e21-504a-9c96-99e429197e5a', '5531f3c9-2ccc-59e8-86e8-da1800808ec2', 57, 'unlisted', 'Counter Pick Blueprint', '{"irure quis commodo","quis fugiat eu dolor","et aliquip eu sit","ut magna laborum","enim reprehenderit sint ad do","nostrud commodo aliquip"}', DEFAULT, DEFAULT, DEFAULT), ('54b879fc-04e4-53b3-8cec-0174fc0ccd34', 'd92658af-bb2e-5f93-9170-bc8d85a6ad50', 55, 'private', 'Counter Pick Blueprint', '{"et aliqua quis","cillum minim","et mollit aute"}', DEFAULT, DEFAULT, DEFAULT), ('fb90b354-0ae1-59da-9637-61f6c5ed3fb9', '2764351d-73bf-5124-a613-660cd57f91dd', 54, 'public', 'Secure Objective Playbook', '{"velit ex","do incididunt laborum est"}', DEFAULT, DEFAULT, DEFAULT), ('95b3988b-e14b-57a7-900d-4985cb116f17', '3dbd7acc-a0c5-5607-8378-ec8dc206b269', 56, 'private', 'Gank Heavy Approach', '{"sunt officia amet ad"}', DEFAULT, DEFAULT, DEFAULT), ('7d1face3-2e87-52f5-9623-fff9de0a6539', 'eb3e804d-5ed0-59a1-900b-3b0f9b2cb577', 59, 'public', 'Map Control Blueprint', '{"exercitation consectetur id","consectetur voluptate"}', DEFAULT, DEFAULT, DEFAULT), ('e8bf9a25-132d-5d46-b40a-d08534be6c9f', '7c0f6282-7933-5431-8e88-9d2b9f09f272', 51, 'unlisted', 'Counter Pick Blueprint', '{"minim culpa dolore aute","cillum veniam elit ad","dolor"}', DEFAULT, DEFAULT, DEFAULT), ('29a560e9-84d9-5f41-9b09-76969cbfb144', '3adfc207-aaeb-5fa1-b329-eb7ef2061320', 52, 'public', 'Counter Pick Blueprint', '{"aliqua ea","incididunt","nulla enim","non incididunt non","in mollit"}', DEFAULT, DEFAULT, DEFAULT), ('d9c4b302-5ab0-5114-8120-41d1876c7eb9', 'e4de1a09-bd9a-5e42-b92c-2cb1af28bec6', 57, 'public', 'Objective Focused Strategy', '{"duis labore velit dolor ullamco","tempor excepteur anim adipisicin","dolor ullamco excepteur","laboris pariatur culpa pariatur ","esse labore","sit enim occaecat","incididunt","quis in tempor ad sunt","ad sint"}', DEFAULT, DEFAULT, DEFAULT), ('ca1b9e1e-f7c0-5c4a-a566-aabf3f7ebb80', 'd664e8db-93ef-5294-a361-9e8640907e59', 53, 'unlisted', 'Vision Denial Blueprint', '{"nostrud et","sunt excepteur","irure deserunt deserunt quis con"}', DEFAULT, DEFAULT, DEFAULT), ('cde91e33-9c71-56e0-b19e-f2372fa577cf', 'e5d977c2-2a0e-5703-8ee9-4796e3967ae0', 60, 'private', 'Secure Objective Playbook', '{"ipsum","ad ut pariatur"}', DEFAULT, DEFAULT, DEFAULT), ('013547e4-326e-5221-8377-310093ccf53a', 'f7f33f5b-7e02-5784-9db2-ed2995544a54', 60, 'private', 'Rotation Strategy Document', '{"sint nostrud cillum dolor","enim magna culpa irure","eu ipsum adipisicing veniam","non ullamco labore","proident elit","proident occaecat anim laborum a"}', DEFAULT, DEFAULT, DEFAULT), ('50cffa66-dd91-5aed-8c46-1b76e488de31', '0e342915-b360-541f-8c0a-bdf36b3c0ce2', 56, 'unlisted', 'Rotation Strategy Document', '{"aute sit ad","sint sunt quis labore","exercitation in ad culpa","laboris fugiat eiusmod anim ipsu","eu velit consequat"}', DEFAULT, DEFAULT, DEFAULT), ('f550c2bf-a147-5e29-8a01-470336f387eb', '9e19dd6d-e8c2-5925-b1c8-e13b62340491', 56, 'unlisted', 'Map Control Blueprint', '{"duis Lorem dolor officia ullamco","officia culpa tempor mollit"}', DEFAULT, DEFAULT, DEFAULT), ('a30e3d57-ad0a-594d-9622-8a2514b8110c', '6c52c1d9-13a4-51ef-ae51-1dacc4c14be9', 58, 'private', 'Roaming Support Plan', '{"ullamco nisi minim occaecat","sit sunt","tempor aliquip nostrud","sunt culpa nisi id","consequat sint laboris adipisici"}', DEFAULT, DEFAULT, DEFAULT), ('cb76f565-509b-50d9-bbe4-5c6e7c9b0eb4', '1bf9a820-bb8f-59cd-8902-84a62a1aa29f', 60, 'unlisted', 'Secure Objective Playbook', '{"est incididunt officia tempor re","non incididunt eu","in deserunt in irure"}', DEFAULT, DEFAULT, DEFAULT), ('a344c7b4-07e6-54df-b4ed-f27c7916e147', '39988bd5-3933-532e-abb3-f0117c9ca4b2', 52, 'public', 'Split Push Blueprint', '{"minim nulla esse","velit irure enim consequat","culpa duis dolor pariatur","fugiat ut","dolore ut qui","ad","nostrud qui aliquip","excepteur elit do"}', DEFAULT, DEFAULT, DEFAULT), ('6c40d2d3-07ad-5aa1-a5fa-cf5861475e5d', 'b7a89d05-549f-565f-b631-b59097e91d1a', 55, 'unlisted', 'Team Fight Execution Plan', '{"non excepteur","elit cupidatat amet","ad incididunt labore consequat","amet ad do eiusmod","ea nisi pariatur proident","et eiusmod","adipisicing"}', DEFAULT, DEFAULT, DEFAULT), ('ba7460a4-9316-52e4-9e3a-05ee82b85e66', 'fbbb9719-f3d1-5ce2-b584-4b70bf5bb135', 55, 'unlisted', 'Split Push Blueprint', '{"nulla aliquip adipisicing qui ex","ullamco duis nostrud ipsum commo","sunt esse laborum esse","ea adipisicing"}', DEFAULT, DEFAULT, DEFAULT), ('fb3595df-62ad-5f54-ac34-3a578952555c', '853509f0-6836-5fa7-87f2-fb0a9a8766d2', 59, 'public', 'Map Control Blueprint', '{"incididunt nostrud","voluptate consequat irure cupida","culpa nostrud magna nostrud","reprehenderit Lorem dolore exerc","ea ad Lorem commodo","consectetur deserunt anim"}', DEFAULT, DEFAULT, DEFAULT), ('90edde40-1b87-5f75-90b9-68639fbcb2b8', '21a7e579-98a3-5757-a0a8-913f2da95aba', 58, 'unlisted', 'Map Control Blueprint', '{"sint eiusmod irure","Lorem aliqua sint minim","nisi voluptate aliqua dolor"}', DEFAULT, DEFAULT, DEFAULT), ('ea26a496-35d8-5f3f-a769-a80898ec7b17', '26f7bb6a-3c9c-5b30-b11b-be5ebfb91948', 52, 'unlisted', 'Aggressive Rush Strategy', '{"ad officia","elit officia mollit proident mol","tempor dolor in","laborum in ex ut","reprehenderit eiusmod","irure eu voluptate enim","nostrud minim minim consectetur","Lorem incididunt","fugiat sint","qui aute tempor magna"}', DEFAULT, DEFAULT, DEFAULT), ('035a0a25-d588-551c-9f76-4e9f593ffaf4', 'e9decb87-4a50-5c41-896c-16fe0d21ebca', 59, 'public', 'Aggressive Rush Strategy', '{"non commodo","ullamco nisi aliqua","commodo"}', DEFAULT, DEFAULT, DEFAULT), ('e7f55997-6008-5d29-9f7f-564ab748cc59', '3dbd7acc-a0c5-5607-8378-ec8dc206b269', 58, 'private', 'Siege Tactics Handbook', '{"velit","anim","ex cupidatat reprehenderit venia"}', DEFAULT, DEFAULT, DEFAULT), ('396ce0bd-b3e1-5b3c-94ea-bb5357e1c76a', 'b576de0c-954e-5345-a9e7-0d691c52341a', 59, 'unlisted', 'Roaming Support Plan', '{"veniam do esse","dolore"}', DEFAULT, DEFAULT, DEFAULT), ('4cb2c65b-80df-57cc-9c0d-6c346029b88f', '549980e7-3e77-5d76-b263-84664d04b209', 55, 'public', 'Objective Focused Strategy', '{"veniam","anim et aute","adipisicing duis","officia ut minim sit","eiusmod adipisicing"}', DEFAULT, DEFAULT, DEFAULT), ('8172dfee-2cce-5dee-9293-b6bd5f74d656', 'd1b8f3f8-af26-5088-8712-273c28ba98f7', 59, 'public', 'Team Fight Execution Plan', '{"id incididunt","ipsum dolore minim aliqua","voluptate elit ea est","mollit nisi occaecat","laboris mollit","sint fugiat qui do","culpa","consequat reprehenderit ex velit"}', DEFAULT, DEFAULT, DEFAULT), ('910e8e4b-af24-5f28-a2eb-631066a490eb', '43bcab14-4a69-5e60-a07f-cda2fe595a2a', 58, 'public', 'Vision Denial Blueprint', '{"enim laborum","proident ipsum occaecat et aliqu"}', DEFAULT, DEFAULT, DEFAULT), ('150381a3-e791-54de-9419-0edac12fb9eb', 'a3141029-aec2-543b-b18a-49fe947e3304', 52, 'public', 'Counter Pick Blueprint', '{"veniam incididunt ea","tempor aliquip id","consequat","culpa laborum nostrud","mollit minim"}', DEFAULT, DEFAULT, DEFAULT), ('ddb37574-0dbe-5aa4-a5e8-b15242cefaff', 'b4df1d95-7dc2-5c19-b5ea-b51c237352b3', 57, 'private', 'Counter Pick Blueprint', '{"sint quis Lorem do","et occaecat","id adipisicing ipsum","consequat dolor proident","deserunt Lorem adipisicing sint","esse consectetur qui","adipisicing est","elit","aliqua ipsum adipisicing","commodo anim est occaecat"}', DEFAULT, DEFAULT, DEFAULT), ('77fbdaed-4103-591b-82ee-3e3fa4b78a9b', 'f6a7cc82-a609-50ee-a839-9fa8b1a9631d', 60, 'public', 'Late Game Scaling Strategy', '{"excepteur qui sit in","aliquip irure aliqua","cillum non non","esse minim nulla cillum","velit ut id","ea et qui labore"}', DEFAULT, DEFAULT, DEFAULT), ('0f1e8b42-396d-5765-be37-bce2ee646e04', '76980724-1543-5820-bc77-ff5f445e7244', 54, 'public', 'Defensive Turtle Tactics', '{"esse amet id","aliquip quis elit laborum","deserunt consequat Lorem quis","cillum veniam irure","mollit id est nisi ad","nulla eu tempor fugiat","amet","ullamco proident","ipsum"}', DEFAULT, DEFAULT, DEFAULT), ('5308f8b3-4d4d-529a-bd7c-3a77ac4fe6ae', '1e0af0c0-30ba-5a06-9647-a83cef3d815d', 57, 'public', 'Jungle Control Playbook', '{"veniam commodo laborum","id velit exercitation in","id dolore ipsum"}', DEFAULT, DEFAULT, DEFAULT), ('851e9ece-db38-530e-b3f9-f5e1d49a3b34', 'f5d8c620-973f-509a-b5b1-dc1e889a22a1', 57, 'private', 'Gank Heavy Approach', '{"ex","veniam laboris aliqua amet nisi","occaecat elit magna officia"}', DEFAULT, DEFAULT, DEFAULT), ('2189cd55-c657-5ce9-999a-da1a2dbf7ea0', '097c4d8e-94d3-5fd3-94ca-7bbb66cf6929', 51, 'private', 'Late Game Scaling Strategy', '{"nisi Lorem","deserunt ad occaecat duis","pariatur enim","cillum velit","commodo esse minim irure","laboris magna laboris voluptate","non consequat occaecat","occaecat cillum","nulla in","consequat amet commodo"}', DEFAULT, DEFAULT, DEFAULT), ('902d4a21-0657-5095-b741-ac0d408bb89e', 'ae956930-bebe-5aad-83f8-b8d0cae36371', 57, 'private', 'Early Game Dominance Guide', '{"adipisicing laborum dolore paria","ea duis fugiat sit","enim ipsum","pariatur laborum exercitation au","consequat dolor"}', DEFAULT, DEFAULT, DEFAULT), ('0d40f7c0-72b0-55c2-8e48-c6c65bd9815f', '5d378209-1fd5-506f-8b3f-511a16489d69', 52, 'public', 'Map Control Blueprint', '{"id irure mollit mollit commodo","nisi est","enim culpa sint amet","magna consequat","voluptate elit","cupidatat consequat ex elit","commodo et consectetur cupidatat","irure ipsum","anim"}', DEFAULT, DEFAULT, DEFAULT), ('f09f5f0c-d6f4-5089-a919-82fdea15dad9', 'e9decb87-4a50-5c41-896c-16fe0d21ebca', 51, 'private', 'Vision Denial Blueprint', '{"quis Lorem","magna","commodo aliqua officia consectet","reprehenderit consequat"}', DEFAULT, DEFAULT, DEFAULT), ('9bfcf305-f3a4-5bed-9ee4-3f5ccf9e59af', '91fa3874-9437-5dfa-a49a-f19fb38d9e92', 55, 'private', 'Early Game Dominance Guide', '{"eu sit ea exercitation","eu","cupidatat aliqua","tempor","ex eu commodo fugiat","cupidatat","adipisicing esse velit","duis aliquip est sit"}', DEFAULT, DEFAULT, DEFAULT), ('2ff309f0-6726-5920-ad23-47ba58fd2525', '3af5be38-b117-5675-8d7a-e27a1a34e8a8', 58, 'unlisted', 'Counter Pick Blueprint', '{"ex","quis","culpa non tempor minim fugiat","ullamco","occaecat reprehenderit reprehend","magna ex nostrud cillum est","deserunt aliqua elit quis","laboris","voluptate deserunt amet sint cil"}', DEFAULT, DEFAULT, DEFAULT), ('bac302d7-9e20-52d1-89cc-b0e99ef3b896', 'a88bc9b9-135e-55c7-8c4c-5a072a3c8573', 52, 'public', 'Defensive Turtle Tactics', '{"duis eiusmod","officia reprehenderit id","nisi veniam nostrud in in","cupidatat pariatur ipsum","sit consectetur cupidatat"}', DEFAULT, DEFAULT, DEFAULT), ('ef31ceeb-0f8d-5da0-ab9c-18045c420f99', '65d8ad86-6271-552b-8704-fabcdcf18cdb', 55, 'private', 'Defensive Turtle Tactics', '{"exercitation duis eu","aliqua laborum ipsum ad qui","occaecat laborum consequat offic","aliquip exercitation laborum dol","dolore excepteur nisi veniam ani","incididunt ea"}', DEFAULT, DEFAULT, DEFAULT), ('2be70e34-56ed-5cb2-9758-b8f796ec32ec', '31bb49e9-e86d-546a-9e01-6986e5eacf06', 60, 'public', 'Wave Management Plan', '{"fugiat deserunt minim elit","ad","dolor deserunt adipisicing magna","nisi minim laborum","ea velit nostrud"}', DEFAULT, DEFAULT, DEFAULT), ('49e5f9f5-6a8f-5423-81e9-9e8e2c467770', '5783cab4-e010-523b-b893-81b388f43d06', 59, 'unlisted', 'Siege Tactics Handbook', '{}', DEFAULT, DEFAULT, DEFAULT), ('421a5d89-58fa-56e2-87c9-a4c6fd3159db', '5034bc4f-306f-5e76-8ef2-99198efc3a69', 59, 'public', 'Defensive Turtle Tactics', '{"consequat sint laborum exercitat","amet laborum culpa proident et","adipisicing irure adipisicing ci","quis nisi ullamco","dolor in reprehenderit","ea Lorem","nulla adipisicing ad ut"}', DEFAULT, DEFAULT, DEFAULT), ('c2ab0ed6-ea98-544f-a35e-cfff5a185dc8', '65d8ad86-6271-552b-8704-fabcdcf18cdb', 52, 'unlisted', 'Roaming Support Plan', '{"eiusmod excepteur pariatur","ea","velit in deserunt Lorem","amet in consectetur","nulla Lorem duis","nulla laborum velit qui cillum","magna Lorem"}', DEFAULT, DEFAULT, DEFAULT), ('6c6d219e-3884-5c60-8485-0fb500d0b675', '88501f36-608d-5074-ab3f-752cd478292f', 58, 'unlisted', 'Roaming Support Plan', '{"do","ut ullamco elit voluptate eiusmo","sunt aute dolore","ex non sit deserunt","nostrud duis","commodo anim ad","ad Lorem","consectetur sint","sunt nulla laborum elit","dolor excepteur"}', DEFAULT, DEFAULT, DEFAULT), ('d5fd2418-0c52-558a-8369-707f9186db0b', 'bbecd693-8054-5eee-8ada-8e2d5a3c5090', 56, 'unlisted', 'Early Game Dominance Guide', '{"enim","occaecat proident","excepteur excepteur dolor","cillum adipisicing","tempor","aliquip non ea eu","occaecat et excepteur nulla veli"}', DEFAULT, DEFAULT, DEFAULT), ('0f22fcab-183d-5e80-9a98-c495a215f5f8', '882c7ae5-914f-539d-8207-691de536097f', 51, 'unlisted', 'Defensive Turtle Tactics', '{"est anim laborum","id in id"}', DEFAULT, DEFAULT, DEFAULT), ('f92c2ba5-8b0e-58ef-9364-e364e4c41522', '5038fc48-7e9b-5e62-9425-f7dc4a9743fc', 58, 'unlisted', 'Counter Pick Blueprint', '{}', DEFAULT, DEFAULT, DEFAULT), ('e2ec2872-d983-5938-8f1c-38a9a14124dd', '3d58489a-e732-5fe3-9fa1-7d8615a17b59', 58, 'public', 'Counter Pick Blueprint', '{}', DEFAULT, DEFAULT, DEFAULT), ('4d4230bc-d1b6-532c-9bbf-8c67caf4f9ed', '09617df2-6261-5b47-bc30-85d317367d48', 53, 'private', 'Early Game Dominance Guide', '{"anim do","sunt non irure minim","sunt","ullamco culpa qui","eiusmod adipisicing non"}', DEFAULT, DEFAULT, DEFAULT), ('8be9ffc5-25d1-5c32-be1f-9a9ec00544f6', 'e5d977c2-2a0e-5703-8ee9-4796e3967ae0', 56, 'unlisted', 'Early Game Dominance Guide', '{"non amet enim fugiat","officia qui aliquip eiusmod culp","consequat ad ut","esse est","velit minim cillum"}', DEFAULT, DEFAULT, DEFAULT), ('a3241e44-bd93-5a11-a730-863e8eb75275', 'c9f9ed6b-3ed1-5d46-9201-51000bdf47fa', 57, 'private', 'Gank Heavy Approach', '{"consequat labore magna est","eiusmod anim deserunt","elit non ea laboris sint"}', DEFAULT, DEFAULT, DEFAULT), ('a1c32f18-989f-5961-80f5-4a21a838bc95', '6fc34c52-742f-56c2-b6c3-89dee63a8839', 60, 'private', 'Baron Control Strategy', '{"esse","laboris officia nisi ea consecte","tempor","reprehenderit","laboris duis deserunt dolore","exercitation reprehenderit repre","dolore eiusmod"}', DEFAULT, DEFAULT, DEFAULT), ('8fde1282-59d1-5f9b-bc10-4130ce793fa9', '274020d9-7513-5cf6-ae0b-e94ef1d1a62f', 59, 'public', 'Late Game Scaling Strategy', '{"anim veniam veniam","non deserunt pariatur mollit","laboris Lorem reprehenderit","quis duis excepteur occaecat des","nostrud ea et aliqua","eiusmod anim","enim sit","ullamco id mollit"}', DEFAULT, DEFAULT, DEFAULT), ('f85f8e1b-b8a0-528e-bc81-49b3e6a34ee5', '6c52c1d9-13a4-51ef-ae51-1dacc4c14be9', 52, 'unlisted', 'Wave Management Plan', '{"elit duis duis","sit adipisicing labore","ut nisi exercitation","fugiat commodo officia","pariatur minim non"}', DEFAULT, DEFAULT, DEFAULT), ('e16cfe57-140d-5b3e-90f8-910575ffdd47', '5038fc48-7e9b-5e62-9425-f7dc4a9743fc', 54, 'unlisted', 'Early Game Dominance Guide', '{"magna proident ad eiusmod","sunt cupidatat","sint pariatur fugiat","aliqua","eiusmod id quis ipsum consectetu","ex deserunt","eiusmod fugiat do deserunt"}', DEFAULT, DEFAULT, DEFAULT), ('06866e23-2aeb-59f2-9d3c-156507eb23db', '1f9495a7-9f91-5b8e-a431-ff0404db08b3', 59, 'private', 'Gank Heavy Approach', '{"id qui consectetur","sunt veniam fugiat","irure aute non elit enim","ea voluptate ad mollit","voluptate ad elit qui commodo","nostrud nisi","Lorem sit labore elit est"}', DEFAULT, DEFAULT, DEFAULT), ('e5c44c16-4905-59d0-8c2a-f48ebfc3fdcc', 'a8212e1b-5577-5c28-9c38-2d4fbd753550', 53, 'unlisted', 'Split Push Blueprint', '{"officia proident voluptate minim","deserunt ex tempor occaecat temp","duis ex","id commodo"}', DEFAULT, DEFAULT, DEFAULT), ('0298782b-da7d-55b4-a736-8126dd2f9d32', 'c7198a1e-f50c-5635-a5bf-2073d4da7bc6', 55, 'private', 'Early Game Dominance Guide', '{"quis sunt","reprehenderit ullamco irure labo","adipisicing","culpa elit","aliqua in veniam","veniam cillum occaecat","deserunt nostrud aute officia"}', DEFAULT, DEFAULT, DEFAULT), ('8f534833-d8c3-5d0a-b63c-bd2740be0330', 'f457d7a7-01f9-5225-b07a-0e782525bbc7', 60, 'private', 'Objective Focused Strategy', '{"id sunt elit laboris","labore ea","elit do anim ex","occaecat","id adipisicing exercitation"}', DEFAULT, DEFAULT, DEFAULT), ('1caeec83-1956-53fb-9c1a-7f585775c524', '3a804324-748d-571a-afad-6b9c20a35337', 56, 'public', 'Defensive Turtle Tactics', '{"fugiat enim esse irure","dolore dolore","elit esse ea ad","minim veniam exercitation occaec","officia deserunt eiusmod"}', DEFAULT, DEFAULT, DEFAULT), ('28f2bbc2-0260-5d64-a9bf-64e9bc163c30', 'd2f08d89-447f-5d3d-96e5-385ed888c091', 57, 'unlisted', 'Jungle Control Playbook', '{"amet aliqua elit reprehenderit","ut laborum occaecat"}', DEFAULT, DEFAULT, DEFAULT), ('8590b74a-b67e-5525-9786-4e0fc4c65d06', '86e03e09-1744-508f-b91c-c48f85d8ffcb', 54, 'private', 'Wave Management Plan', '{"deserunt adipisicing proident ve","Lorem ea","labore","dolor dolore","cillum ullamco elit","id nostrud anim culpa","ex duis ipsum laboris","quis consequat","enim exercitation do","esse consequat"}', DEFAULT, DEFAULT, DEFAULT), ('fa5e4221-0eae-5da7-9a16-5b8399b9ef50', '9af6e0ef-7015-5390-856a-705032c2e40e', 60, 'unlisted', 'Baron Control Strategy', '{"id dolor consequat pariatur occa","excepteur officia","et","exercitation aute exercitation","tempor ut","laboris pariatur eiusmod","irure commodo voluptate","voluptate amet cillum"}', DEFAULT, DEFAULT, DEFAULT), ('fedb01d5-16e2-59fd-8845-ff6a92bd83f7', 'd2268e40-fa6d-5300-9f01-b7cc8f9018e3', 60, 'unlisted', 'Counter Pick Blueprint', '{"anim sint ea veniam sint","tempor adipisicing magna","adipisicing labore magna esse Lo"}', DEFAULT, DEFAULT, DEFAULT), ('d6d0cf2a-b6d2-5f41-bc05-2fe5bf5ca317', '380f1bbd-f6c8-5306-af3f-7d7fa746bde0', 56, 'public', 'Vision Control Blueprint', '{"fugiat reprehenderit mollit adip","amet minim","excepteur ex","sunt enim nostrud","elit magna irure dolore","consectetur ipsum esse","fugiat consectetur Lorem labore"}', DEFAULT, DEFAULT, DEFAULT), ('a18cadaa-4531-5180-a607-ad2a5bc25f0c', '3d4df0ce-5a7f-53e4-b486-95faf0a09720', 59, 'public', 'Map Control Blueprint', '{"aute aliqua","aliquip","fugiat","cupidatat ut excepteur aute mini","sunt eu magna cillum"}', DEFAULT, DEFAULT, DEFAULT), ('7858de1c-870d-5289-9bbf-085e4de69d79', 'd92658af-bb2e-5f93-9170-bc8d85a6ad50', 54, 'unlisted', 'Team Fight Execution Plan', '{"culpa commodo","dolore nisi","do ut","et fugiat","eu consequat voluptate","veniam mollit cupidatat","esse consequat esse ut est","pariatur esse magna non","sunt nostrud est elit"}', DEFAULT, DEFAULT, DEFAULT), ('c5510993-cf82-5729-a476-bbba91fd2ee1', '98b30307-7ea7-5b6c-b9e4-560fe08299de', 58, 'public', 'Siege Tactics Handbook', '{"do","irure elit qui id","dolor ut sint adipisicing","incididunt adipisicing cillum pa","cillum labore esse"}', DEFAULT, DEFAULT, DEFAULT), ('65495df9-49dc-5680-b4b7-97fe7364e837', '2067e70c-565d-520b-b56b-19189e5b77f5', 60, 'unlisted', 'Aggressive Rush Strategy', '{"anim nisi","aute nulla amet nisi quis","amet deserunt est"}', DEFAULT, DEFAULT, DEFAULT), ('6a08951b-2f4b-5069-a734-056efe107e30', '2589cf16-4103-5a4f-b544-b30078083eaa', 60, 'unlisted', 'Aggressive Rush Strategy', '{"eu amet eiusmod","do quis consequat","deserunt mollit sit aliqua velit","elit incididunt tempor","nisi sunt","dolore","commodo elit et","ad sit"}', DEFAULT, DEFAULT, DEFAULT), ('d96e9820-0562-5ef0-a957-fb16e8a3cda6', '960932a7-c474-5ba2-97bb-0581aeeca485', 56, 'unlisted', 'Team Fight Execution Plan', '{"reprehenderit","dolor nisi irure elit anim","sit do","minim eu pariatur sunt","ea","aute aliquip","sit Lorem magna","exercitation ad","ad voluptate sunt"}', DEFAULT, DEFAULT, DEFAULT), ('44d39286-2c39-52c0-9fdf-811ac2ac0b4f', '096adf71-c74e-5b77-822b-46a8768797c5', 54, 'unlisted', 'Objective Focused Strategy', '{"in adipisicing consectetur sunt ","quis cillum"}', DEFAULT, DEFAULT, DEFAULT), ('f5284b1c-c867-5bcb-ae27-b4a46054354e', '01bb02e3-6d00-5b11-ba00-2f6b060dfb2e', 52, 'unlisted', 'Jungle Control Playbook', '{"consectetur non deserunt sint","velit fugiat tempor","elit deserunt qui cupidatat","ad cillum eu laboris","culpa voluptate irure cupidatat ","consectetur enim sunt est id","sit cupidatat"}', DEFAULT, DEFAULT, DEFAULT), ('748b6b6e-790a-524c-8953-9f99ff6241ea', 'b4725825-2a5a-5e18-a190-e59f4cb9f1b5', 56, 'private', 'Early Game Dominance Guide', '{}', DEFAULT, DEFAULT, DEFAULT), ('94e59d3e-1e10-58ee-b57b-120d24970da8', 'c15a1a93-cc16-5536-8ab0-42ef9626e379', 51, 'private', 'Early Game Dominance Guide', '{"ipsum do Lorem","enim adipisicing ex reprehenderi","culpa"}', DEFAULT, DEFAULT, DEFAULT), ('a501e3c2-1df6-5f20-9532-89c5471331c6', '096adf71-c74e-5b77-822b-46a8768797c5', 55, 'private', 'Aggressive Rush Strategy', '{"qui","culpa","sint quis ullamco","nostrud ex incididunt","amet est ipsum","laborum aliquip velit","consectetur quis excepteur non"}', DEFAULT, DEFAULT, DEFAULT), ('eba1549a-b3ad-5f1e-ad56-15be0771d0f9', '86df0f11-95ba-5c29-a98d-d8c806615d35', 54, 'private', 'Roaming Support Plan', '{"consectetur ad officia dolore","eiusmod et veniam","enim","anim ex","minim excepteur","voluptate duis non","aliquip enim"}', DEFAULT, DEFAULT, DEFAULT), ('02d6bfb1-b7f1-5129-9d1b-729fd2d36ca6', '94170f3d-888c-58bc-bc18-13592bfb52c5', 53, 'public', 'Objective Focused Strategy', '{"ipsum in eu nulla","enim anim ipsum eiusmod","eu adipisicing","nostrud nulla consectetur"}', DEFAULT, DEFAULT, DEFAULT), ('feadd401-b272-53d1-bc20-6dad4e3ffc29', 'eb3e804d-5ed0-59a1-900b-3b0f9b2cb577', 56, 'private', 'Objective Focused Strategy', '{"nisi eiusmod qui reprehenderit","nulla","excepteur labore culpa","occaecat","reprehenderit sunt","fugiat laboris aliquip est offic"}', DEFAULT, DEFAULT, DEFAULT), ('f4023970-bb8c-5175-9f3e-42520be2a6af', '72d3531d-c972-50b3-9ba4-89c7e7226754', 55, 'unlisted', 'Baron Control Strategy', '{"officia dolore occaecat eu conse","consectetur eiusmod fugiat","pariatur tempor","reprehenderit do nulla","excepteur","in ad voluptate"}', DEFAULT, DEFAULT, DEFAULT), ('ab471cfa-3489-5a6c-bf5c-82aeac3819f5', '897e7fb9-bd9c-59e3-afc7-d1c31ec7ef34', 53, 'private', 'Wave Management Plan', '{"id","non minim incididunt aute","culpa eiusmod in","aute deserunt mollit magna","laboris ad sint consectetur fugi","officia deserunt eu in","ipsum non dolor"}', DEFAULT, DEFAULT, DEFAULT), ('782d8b69-ae89-5508-b431-d9e3d4f25423', 'c8f3e8fc-81cf-5046-86bf-a7cd958a07aa', 59, 'unlisted', 'Secure Objective Playbook', '{"ullamco voluptate ipsum aliquip","elit commodo","aute"}', DEFAULT, DEFAULT, DEFAULT), ('bfbbf302-05a7-5b0c-991e-f7c79f52034e', '5ef5a669-7ca0-5a58-879f-c84c6abe3657', 57, 'unlisted', 'Objective Focused Strategy', '{"ullamco ea consectetur consequat","ut elit aliqua"}', DEFAULT, DEFAULT, DEFAULT), ('86a9949d-fbe2-5edf-bf64-6b822a75bdc8', '2dbccffd-e7a5-5653-9dc6-18e988716abe', 53, 'private', 'Vision Control Blueprint', '{"officia","elit magna incididunt consequat ","reprehenderit cillum sit eu","minim irure","dolor qui ad do","esse enim consectetur nulla","tempor esse","tempor labore anim","qui"}', DEFAULT, DEFAULT, DEFAULT), ('3d78c871-f9be-5ceb-b04c-13f9eb63efa0', 'fb634118-b8a6-50b7-9010-0317dd27fba6', 57, 'unlisted', 'Vision Control Blueprint', '{"do et Lorem mollit","labore esse","ut aliqua nulla exercitation","veniam ad labore quis proident","aliqua","et dolor labore","Lorem enim"}', DEFAULT, DEFAULT, DEFAULT), ('e5e7301c-ed7e-5267-a91e-331eeecbad04', '8bad4601-c5dc-5d96-9ece-4ebbe2a83dfa', 51, 'unlisted', 'Map Control Blueprint', '{"deserunt","nulla culpa reprehenderit eiusmo","ipsum est sunt nisi"}', DEFAULT, DEFAULT, DEFAULT), ('e06f1954-eb7e-5811-8e85-0b7239ac60d6', '94daea14-9b93-5933-9044-5ccc1eb32f8f', 59, 'unlisted', 'Defensive Turtle Tactics', '{"cupidatat esse sint","ipsum occaecat Lorem ullamco","id amet sit labore","aute esse proident cupidatat","id consequat","id reprehenderit"}', DEFAULT, DEFAULT, DEFAULT), ('cbe8ef05-c651-5778-b8a6-717eee524007', '31bb49e9-e86d-546a-9e01-6986e5eacf06', 54, 'public', 'Gank Heavy Approach', '{"reprehenderit ea consectetur et ","sunt voluptate"}', DEFAULT, DEFAULT, DEFAULT), ('479e5b51-1e2b-5ac2-b0c4-d0fc97906c11', 'fbfa0c72-9c6c-54ce-ba23-f1ed2563396e', 59, 'unlisted', 'Late Game Scaling Strategy', '{"anim Lorem incididunt","est eu est"}', DEFAULT, DEFAULT, DEFAULT), ('bcb7ae75-c1e7-50cd-ba0b-a339091eb350', '887dee3f-7921-537c-91f1-8b0d43117b12', 53, 'private', 'Late Game Scaling Strategy', '{"ex veniam commodo","culpa anim quis in","proident mollit eiusmod","ea voluptate nisi ut","esse id","ut dolore","adipisicing anim","aliquip ipsum qui","irure fugiat minim","irure laboris incididunt eiusmod"}', DEFAULT, DEFAULT, DEFAULT), ('22dccad0-36ca-5845-a1bd-b6027b406b8d', '262a78c7-eb9d-5e1a-8e58-41ecb0c31fbd', 54, 'unlisted', 'Siege Tactics Handbook', '{"et eiusmod eiusmod non"}', DEFAULT, DEFAULT, DEFAULT), ('d3293b00-a774-5f1e-99fc-e8f05eabde14', '09617df2-6261-5b47-bc30-85d317367d48', 57, 'unlisted', 'Team Fight Execution Plan', '{"ipsum aliqua aliquip labore","veniam cupidatat veniam","mollit sint tempor duis cillum","ea eiusmod officia proident","enim quis Lorem et","ipsum ullamco qui do","nulla velit nisi","veniam qui exercitation elit"}', DEFAULT, DEFAULT, DEFAULT), ('6822c6f8-ae35-5c57-9558-9cc55665f5cb', '438bff0e-fd50-5c86-89ee-d397a0c0e548', 58, 'private', 'Siege Tactics Handbook', '{"Lorem aliqua","ad velit","exercitation sint","tempor ut dolor qui ad"}', DEFAULT, DEFAULT, DEFAULT), ('8ac966bd-de46-5e4a-8401-5328d63ae1b4', '2da4149c-bf3e-5f98-b904-591c69530871', 58, 'unlisted', 'Early Game Dominance Guide', '{"qui sunt","cupidatat ullamco","eu nostrud dolore occaecat fugia","commodo aute","tempor","qui","elit nulla enim minim anim","eiusmod proident","excepteur ullamco"}', DEFAULT, DEFAULT, DEFAULT), ('36f6354b-1927-5b66-8fab-ef32da0e1694', 'fd8e258e-4711-5b22-b0f3-1f5725eb642f', 60, 'public', 'Split Push Blueprint', '{"ea amet","deserunt tempor fugiat sit","eiusmod non","amet culpa anim est","excepteur veniam enim occaecat i","ea sit non","consequat nulla adipisicing irur","ad ipsum id veniam","mollit amet","reprehenderit cillum laboris"}', DEFAULT, DEFAULT, DEFAULT), ('a3befd2b-2867-5547-af7d-2fe7d53b98ef', '86e03e09-1744-508f-b91c-c48f85d8ffcb', 54, 'unlisted', 'Vision Denial Blueprint', '{"et reprehenderit consequat","esse elit veniam incididunt","veniam velit"}', DEFAULT, DEFAULT, DEFAULT), ('4d502d01-8a3a-58bc-acb8-f61c47f35e10', 'cbe3cf1c-d730-5d2f-b890-2de0f1a164e6', 59, 'unlisted', 'Siege Tactics Handbook', '{"adipisicing consequat anim enim ","voluptate consequat labore amet"}', DEFAULT, DEFAULT, DEFAULT), ('ebdf08a4-39c5-5347-ab53-e4ef0e2d1add', '2da4149c-bf3e-5f98-b904-591c69530871', 54, 'public', 'Roaming Support Plan', '{"magna amet veniam pariatur","excepteur ullamco esse","officia ad nisi eiusmod","aute reprehenderit cupidatat","minim voluptate","culpa","magna exercitation","minim tempor","quis dolore cupidatat aliqua"}', DEFAULT, DEFAULT, DEFAULT), ('4cfaa7bd-7f8e-52b6-a079-b1fc1773dccb', '5cdb9712-16b6-532e-9cc7-8cf7dfbe9b6b', 55, 'private', 'Map Control Blueprint', '{"anim labore consequat do incidid","duis cupidatat cupidatat tempor"}', DEFAULT, DEFAULT, DEFAULT), ('379aa38a-0dab-5c06-8cdb-45bf5d7e2d27', 'df625f4d-0fe2-599a-b1d3-13232701e19f', 53, 'unlisted', 'Split Push Blueprint', '{"dolore voluptate incididunt anim","laborum tempor officia","eiusmod ipsum","sit aute sunt enim","officia sit eiusmod consequat"}', DEFAULT, DEFAULT, DEFAULT), ('1cb4e4cf-86cc-5f46-9e77-98b857e060d9', '5dd9c208-a224-5712-b987-eab6b9a89e23', 60, 'private', 'Vision Control Blueprint', '{"ullamco incididunt"}', DEFAULT, DEFAULT, DEFAULT), ('f39bcc07-5eef-5435-b6e9-d947c3bae70d', '40747f76-ad34-5508-ba43-ef538c943cc0', 51, 'public', 'Late Game Scaling Strategy', '{"Lorem irure","ullamco cillum proident"}', DEFAULT, DEFAULT, DEFAULT), ('20a16bbe-0188-55a3-8d14-7e2e6b37794e', '8b474939-245b-5ed9-b06a-21432e2b9115', 59, 'public', 'Split Push Blueprint', '{"exercitation nostrud sit tempor "}', DEFAULT, DEFAULT, DEFAULT), ('75a162e8-f427-5c64-baca-dba20bc829dd', '27a14f80-586c-54cd-876e-cd42ede1f04f', 57, 'unlisted', 'Objective Focused Strategy', '{"aute dolor adipisicing irure","minim ad ullamco pariatur","consectetur laborum"}', DEFAULT, DEFAULT, DEFAULT), ('5075bfb2-60b4-588c-ba9f-cd0f3efae77e', 'f4b5542b-ba61-519e-a8d2-5793282ad487', 55, 'public', 'Vision Denial Blueprint', '{"irure","Lorem ex sint enim nisi","adipisicing eu dolor elit"}', DEFAULT, DEFAULT, DEFAULT), ('329b0bda-79b1-53f3-afe7-b7495bde0220', '3a804324-748d-571a-afad-6b9c20a35337', 52, 'public', 'Rotation Strategy Document', '{"velit ea","irure ipsum"}', DEFAULT, DEFAULT, DEFAULT), ('fc992b53-61aa-5185-8280-7863348ce734', '110efd29-2979-5c30-b41f-b3bf832f48cd', 52, 'unlisted', 'Early Game Dominance Guide', '{"nisi ex","officia tempor","sint Lorem","pariatur deserunt","laborum amet magna culpa","consequat","do nisi","aliquip excepteur ut et","pariatur aute laborum enim eu","labore fugiat officia labore pro"}', DEFAULT, DEFAULT, DEFAULT), ('e15f78fd-c85d-5196-b441-614f0f00a652', 'd35ecca3-ac35-5e28-8e7e-6a25de908d18', 53, 'unlisted', 'Jungle Control Playbook', '{"officia eu culpa","velit voluptate reprehenderit du","qui proident","tempor amet in","velit voluptate","sunt"}', DEFAULT, DEFAULT, DEFAULT), ('27d28c73-d0c0-5545-a0d3-0f0fa8e1aca6', '6a248992-e0a8-5c27-8d71-fd2cfd3a1fd6', 52, 'unlisted', 'Roaming Support Plan', '{"excepteur","et aliquip aliquip duis ut","incididunt proident mollit nisi","eu labore","consectetur incididunt"}', DEFAULT, DEFAULT, DEFAULT), ('bc0ae162-e51f-5f29-b5b0-87887eac9c85', 'f7f33f5b-7e02-5784-9db2-ed2995544a54', 57, 'unlisted', 'Secure Objective Playbook', '{"non excepteur sint laborum sunt","tempor officia adipisicing labor","aliquip ullamco occaecat ad","dolor dolor pariatur","elit ut","et id","do laborum fugiat officia","aliqua occaecat","amet sint commodo magna"}', DEFAULT, DEFAULT, DEFAULT), ('23cfe397-d97e-55bf-af72-35043f52d2bb', '756cbb59-27d6-58f3-b4b9-8b56121e683f', 58, 'private', 'Objective Focused Strategy', '{"enim nisi aliquip","laborum minim magna dolore","sunt","anim veniam do non"}', DEFAULT, DEFAULT, DEFAULT), ('2135e4d6-4261-59ed-a63d-11a8a55ba0c0', '8d3f145b-67b0-504d-b49a-d59ecea5d2d8', 55, 'unlisted', 'Wave Management Plan', '{"pariatur irure exercitation inci","mollit eu tempor","nisi proident","voluptate velit","proident","nisi fugiat qui voluptate sint","Lorem officia proident","laborum irure"}', DEFAULT, DEFAULT, DEFAULT), ('32ca2e92-cee8-58b4-beec-0fd9742bf2df', '583774ae-7432-5503-850f-867e82c0838b', 58, 'private', 'Counter Pick Blueprint', '{"quis proident cupidatat","ex aliquip enim amet","incididunt elit aute occaecat","aliqua","et consequat aliqua","quis duis in irure","tempor"}', DEFAULT, DEFAULT, DEFAULT), ('69e335b1-cf42-5234-867f-fc3222ba0932', '27a14f80-586c-54cd-876e-cd42ede1f04f', 57, 'public', 'Defensive Turtle Tactics', '{"ullamco nulla"}', DEFAULT, DEFAULT, DEFAULT), ('4addfd63-7007-5913-b0c6-95e35fe44af0', '79efb743-bb54-546e-8bdf-089509399715', 55, 'unlisted', 'Defensive Turtle Tactics', '{"sit enim et et","minim","voluptate ullamco non cupidatat","et tempor aliqua proident","velit laborum nisi in","dolore et aute veniam aliqua","ex ullamco irure velit","laborum","aliquip ad nulla veniam"}', DEFAULT, DEFAULT, DEFAULT), ('29e1da9c-3bfa-53c5-8780-7032cb48ed69', '5783cab4-e010-523b-b893-81b388f43d06', 58, 'private', 'Aggressive Rush Strategy', '{"sint sit","ipsum ex ut","dolor non anim"}', DEFAULT, DEFAULT, DEFAULT), ('0fe3263a-4b99-5049-afdd-8a29336988d1', 'a6ea6199-2a1a-56d4-b12a-1bf7d32d154c', 60, 'private', 'Defensive Turtle Tactics', '{"do elit duis","enim ut sit voluptate","eiusmod dolor est aute exercitat"}', DEFAULT, DEFAULT, DEFAULT), ('de533318-8238-5b98-90fa-7923fbda78df', 'd2f08d89-447f-5d3d-96e5-385ed888c091', 53, 'public', 'Aggressive Rush Strategy', '{"amet cupidatat ut","magna incididunt qui in","nisi pariatur commodo culpa","minim consequat ullamco dolore","proident","reprehenderit minim culpa"}', DEFAULT, DEFAULT, DEFAULT), ('91b0fe2a-8d53-5dfa-804e-dadbd5fed2f0', 'd00c085d-72d6-5114-a5fd-ba818539c2f7', 53, 'unlisted', 'Roaming Support Plan', '{"ea tempor aliqua non","ad eiusmod duis","velit enim culpa deserunt","dolor laboris","enim esse","et tempor irure reprehenderit","ipsum fugiat","incididunt ut reprehenderit fugi"}', DEFAULT, DEFAULT, DEFAULT), ('f2da91e9-e150-5eba-811a-769c8b464b2d', '5c279176-af23-560b-90c9-533a7e485b05', 57, 'private', 'Aggressive Rush Strategy', '{"veniam","reprehenderit","officia labore","aliqua reprehenderit occaecat al"}', DEFAULT, DEFAULT, DEFAULT), ('830462ad-e07d-578c-9343-4c2f3f3f896d', 'eb3795e9-0dc2-506f-818c-e81bf7149197', 51, 'public', 'Aggressive Rush Strategy', '{"sint","dolore eiusmod excepteur aute fu"}', DEFAULT, DEFAULT, DEFAULT), ('e4d512a0-9012-54c8-a0de-d2cfb46cc4e7', 'd2f08d89-447f-5d3d-96e5-385ed888c091', 51, 'private', 'Gank Heavy Approach', '{"aliquip sint laborum aliqua","sunt aliquip","laboris pariatur do","veniam anim labore voluptate","nostrud laborum"}', DEFAULT, DEFAULT, DEFAULT), ('8fc4ec28-bbda-57ff-86ae-02acc462e7a3', '386af548-38a2-54d8-bcb7-4bb0b3a08bf8', 52, 'unlisted', 'Split Push Blueprint', '{"et commodo est ipsum","ex","ut qui eiusmod qui","ea","ipsum aliquip","magna duis","dolore nostrud eiusmod fugiat","nulla commodo deserunt velit","nisi"}', DEFAULT, DEFAULT, DEFAULT), ('46cb3ac1-56db-5482-a77b-488299529f1c', 'df90352f-468b-5345-9b3e-522b747ccf55', 58, 'unlisted', 'Roaming Support Plan', '{"irure labore eiusmod","culpa anim est","nulla sunt duis","occaecat esse","laboris","aliquip ut tempor"}', DEFAULT, DEFAULT, DEFAULT), ('ca6dab04-25c1-5208-bf77-9e5162704420', 'd297ab9e-40d4-51b5-bb8f-a1df399f1a9a', 59, 'private', 'Wave Management Plan', '{"laboris consequat non sunt","sint","nisi Lorem ut","veniam"}', DEFAULT, DEFAULT, DEFAULT), ('54485efb-a52b-5ef1-8d37-32b22dc487d0', '9bf2ad50-cccb-50eb-8269-3a7e78bd21f5', 57, 'private', 'Defensive Turtle Tactics', '{"nisi ut irure","esse in culpa amet","cillum anim duis magna culpa","aliqua pariatur Lorem velit","eiusmod occaecat nostrud mollit","deserunt culpa est","do eiusmod","veniam nostrud fugiat laborum ei","qui sunt quis"}', DEFAULT, DEFAULT, DEFAULT), ('1fa8fec1-5ed8-5fb9-afc2-a5a8eea61a64', 'eb9fdff9-6822-52d9-b12a-a9a69b69cbe5', 54, 'public', 'Gank Heavy Approach', '{"aute","incididunt reprehenderit","commodo incididunt est nulla est","ullamco reprehenderit ad tempor ","adipisicing aute tempor exercita","do aliquip non voluptate quis","enim proident","sint magna elit"}', DEFAULT, DEFAULT, DEFAULT), ('21212b38-5327-5020-9dc6-3fca09a6128f', '72d447b0-a4fa-5de7-bb4c-9ff5f169dfea', 55, 'unlisted', 'Baron Control Strategy', '{"adipisicing dolor et fugiat"}', DEFAULT, DEFAULT, DEFAULT), ('b22cc198-1bf7-5cc9-b682-385ac5f11217', '6fc34c52-742f-56c2-b6c3-89dee63a8839', 52, 'unlisted', 'Map Control Blueprint', '{"deserunt exercitation enim","eiusmod dolore duis","dolore nostrud esse","elit reprehenderit ea","adipisicing ea nostrud officia","pariatur deserunt laboris","proident non eu cupidatat","anim proident pariatur excepteur","ullamco minim aute minim"}', DEFAULT, DEFAULT, DEFAULT), ('07d77b7a-f8bb-53ab-8750-034a7dc2bcb0', '92bf5244-388d-5bbf-bd84-1c7ad2efe31b', 58, 'unlisted', 'Defensive Turtle Tactics', '{"consequat","cillum","id ut","qui","nisi reprehenderit"}', DEFAULT, DEFAULT, DEFAULT), ('f7f63dc3-d8b7-5f42-b802-636e4e3f43bb', '80e684c5-9f07-5388-b150-556bc24cb77f', 57, 'private', 'Split Push Blueprint', '{"proident aute","ipsum esse ipsum","incididunt exercitation excepteu"}', DEFAULT, DEFAULT, DEFAULT), ('a1dd34cc-747e-59d2-bb04-592165ee24b7', '28e4b717-ba20-5ce6-96db-f08421aa2fc7', 60, 'private', 'Late Game Scaling Strategy', '{"non","fugiat deserunt","est fugiat adipisicing in","mollit","occaecat duis ea culpa"}', DEFAULT, DEFAULT, DEFAULT), ('b111722b-fdf4-55f7-a1ea-183bf540f7e3', 'a4b32498-f3a6-5110-a5b6-de20f0314c35', 59, 'unlisted', 'Jungle Control Playbook', '{"Lorem et quis ad"}', DEFAULT, DEFAULT, DEFAULT), ('de288e5e-33f8-5b49-9dad-83fa7d46ac0d', '9bcb6997-9423-57c0-978a-09ad67de00e3', 57, 'private', 'Late Game Scaling Strategy', '{"nulla tempor","cillum exercitation do quis","ipsum magna","ea eu esse velit","adipisicing et officia commodo a","do eu eiusmod laborum do"}', DEFAULT, DEFAULT, DEFAULT), ('f1ab7f2e-7a01-59f1-b811-78e3b78b40bc', 'ea56a5ec-2249-5fba-8891-278bcdbbb33d', 58, 'private', 'Vision Denial Blueprint', '{"pariatur aute nulla","ipsum","qui officia irure sit","voluptate sunt qui","minim irure sunt","duis officia nulla","quis Lorem irure minim","voluptate veniam","culpa ipsum laborum sit"}', DEFAULT, DEFAULT, DEFAULT), ('e0783de7-ca51-5f0a-a7ac-8dcd533efd10', '672ad514-6b43-58ed-b7aa-f70ed34485d9', 60, 'unlisted', 'Rotation Strategy Document', '{"cillum esse quis","quis adipisicing"}', DEFAULT, DEFAULT, DEFAULT), ('c3238b63-2dda-5915-8ca5-773255a1cfad', '1e0af0c0-30ba-5a06-9647-a83cef3d815d', 52, 'private', 'Defensive Turtle Tactics', '{}', DEFAULT, DEFAULT, DEFAULT), ('7b1aca75-d87e-55c4-87f7-005fafbadfdb', '27a14f80-586c-54cd-876e-cd42ede1f04f', 56, 'public', 'Wave Management Plan', '{"eu exercitation","mollit laborum adipisicing tempo","Lorem magna commodo","adipisicing officia reprehenderi"}', DEFAULT, DEFAULT, DEFAULT), ('106d238e-2ba4-525c-8d85-994f8dfb2984', '3b3a2ed4-3283-5a09-84d9-c7de876d5510', 55, 'unlisted', 'Gank Heavy Approach', '{"do","adipisicing","laborum culpa dolor sint duis","anim dolor","ex velit Lorem","consectetur","culpa enim","pariatur tempor"}', DEFAULT, DEFAULT, DEFAULT), ('72f05d50-2802-535d-af55-29384395d238', 'eeba85da-b4f7-5195-887e-28b7dc8a5236', 59, 'unlisted', 'Rotation Strategy Document', '{"reprehenderit consequat occaecat","laborum","irure ea amet","consectetur","ipsum quis voluptate laboris lab"}', DEFAULT, DEFAULT, DEFAULT), ('f914b2f3-d88a-52e4-ac43-1ef8cffb4d34', '3c19e2d6-1e17-5580-adbc-319ee6c74e3c', 59, 'public', 'Map Control Blueprint', '{"reprehenderit consequat incididu","anim excepteur sit officia","qui amet","Lorem veniam eiusmod duis culpa","esse officia","pariatur magna consequat volupta","cillum qui culpa"}', DEFAULT, DEFAULT, DEFAULT), ('c620930b-8f59-50ae-bf46-b1a3aca28f0a', '27a14f80-586c-54cd-876e-cd42ede1f04f', 58, 'unlisted', 'Map Control Blueprint', '{"consequat","adipisicing anim eiusmod","elit cupidatat"}', DEFAULT, DEFAULT, DEFAULT), ('c78418ab-6a36-52f6-ad32-89289156138c', '63e38d08-3dd9-5569-ab28-f70e94b3cdb7', 55, 'public', 'Vision Denial Blueprint', '{"anim minim aliqua","ex","Lorem ex","proident reprehenderit laborum e","voluptate dolore culpa","laborum occaecat"}', DEFAULT, DEFAULT, DEFAULT), ('ed7bef30-09b5-5167-a122-9b398a76eaef', '92bf5244-388d-5bbf-bd84-1c7ad2efe31b', 59, 'unlisted', 'Aggressive Rush Strategy', '{"dolore anim","enim laborum","laborum velit sunt tempor","do duis ea ea","duis amet","labore","esse dolore deserunt aute","est occaecat"}', DEFAULT, DEFAULT, DEFAULT), ('ecddf116-85cf-5aef-8c73-6e5963680c88', 'eea550bd-8120-5fb2-9339-ad3a549506d4', 57, 'private', 'Roaming Support Plan', '{"elit aliqua aliquip","quis adipisicing aliquip","qui"}', DEFAULT, DEFAULT, DEFAULT), ('5bb46529-9916-530c-88e4-31ac6d441591', '096adf71-c74e-5b77-822b-46a8768797c5', 51, 'private', 'Late Game Scaling Strategy', '{"duis non elit","irure nisi pariatur sint","mollit magna","adipisicing nisi elit id","duis quis ea occaecat","consequat dolor minim","minim Lorem est"}', DEFAULT, DEFAULT, DEFAULT), ('8b092693-9a40-5f6a-a57b-3c3e9f5288f7', '86e03e09-1744-508f-b91c-c48f85d8ffcb', 57, 'private', 'Defensive Turtle Tactics', '{"culpa ullamco voluptate enim","velit et officia","occaecat officia et consectetur ","do officia occaecat laborum labo","laboris in dolore mollit commodo","voluptate","id ipsum esse sit consectetur","officia sint","cillum esse non irure"}', DEFAULT, DEFAULT, DEFAULT), ('65d96d53-ecd8-5cb9-a3d4-a2842c9c629f', 'b134c4e5-3e41-53b3-bf3f-7f4cf023e9d7', 53, 'private', 'Vision Denial Blueprint', '{"anim consequat laboris aliquip","eu ea cillum","proident do ipsum","id laboris esse","aute mollit est dolor","ea sint in eiusmod","excepteur in","ea","aliquip enim elit"}', DEFAULT, DEFAULT, DEFAULT), ('672c681b-4325-56a5-8413-28facb838b89', '28a1ca86-fc34-5d5b-bda6-792b581f58de', 56, 'unlisted', 'Wave Management Plan', '{"et dolore pariatur id sit","aute adipisicing","excepteur proident anim adipisic","in","excepteur nostrud proident","dolore occaecat","veniam esse tempor","excepteur esse cupidatat consequ"}', DEFAULT, DEFAULT, DEFAULT), ('49d19d37-5ee3-59d0-a985-37b5b703ceb0', 'a5831e58-2fc9-5b59-970d-00c344a4eb18', 53, 'public', 'Team Fight Execution Plan', '{"reprehenderit sit qui sunt","enim laboris est veniam","ullamco fugiat","dolore aliquip dolore cupidatat ","dolor magna ex cupidatat","excepteur Lorem magna cillum","tempor voluptate mollit eu","aliquip sit incididunt","nisi fugiat sunt et"}', DEFAULT, DEFAULT, DEFAULT), ('66e9d7dd-018c-5299-8470-9f074683bd55', '98bf31df-37fd-5af6-86dd-8686cdc35eeb', 55, 'unlisted', 'Early Game Dominance Guide', '{"tempor fugiat fugiat","nostrud est magna elit","excepteur consequat et","magna quis ad sunt","adipisicing dolore ex"}', DEFAULT, DEFAULT, DEFAULT), ('d4a93045-0519-5ae2-8bd3-51a7d07f2b97', 'ec0fecde-72da-5866-9b82-27edb33f804a', 51, 'private', 'Split Push Blueprint', '{"aute voluptate Lorem ea"}', DEFAULT, DEFAULT, DEFAULT), ('b5bd1f0b-0be5-592a-87b7-65db36f2fa17', '07887ba5-321a-560d-8cab-a4032e361bc5', 51, 'unlisted', 'Aggressive Rush Strategy', '{"aliquip officia adipisicing labo","elit laboris","elit aliquip","deserunt culpa amet fugiat","mollit excepteur"}', DEFAULT, DEFAULT, DEFAULT), ('902168ab-57a5-5714-b589-ecf1bd6d2517', '0a9347d2-3396-5e6a-98f1-b406ca195226', 51, 'unlisted', 'Vision Control Blueprint', '{"qui ut non aliqua","magna occaecat velit reprehender","et aute","exercitation et ullamco elit","id deserunt est quis","dolor nostrud","veniam","ad est","voluptate ea voluptate voluptate","non consequat sint"}', DEFAULT, DEFAULT, DEFAULT), ('8e1b1af0-d36a-5958-9b32-c8f59e8edaf9', 'f7f33f5b-7e02-5784-9db2-ed2995544a54', 54, 'private', 'Objective Focused Strategy', '{"velit id commodo","sit id","elit ea anim","voluptate elit esse deserunt dol","eiusmod officia proident","nostrud commodo"}', DEFAULT, DEFAULT, DEFAULT), ('9ca1e23a-7fd9-5be2-b14a-5f50a52fda0a', '2daf5548-f681-577a-9912-670e1304b2ad', 51, 'private', 'Counter Pick Blueprint', '{"occaecat eu velit","officia eiusmod dolor nostrud","reprehenderit laborum Lorem culp","commodo nostrud ex ullamco"}', DEFAULT, DEFAULT, DEFAULT), ('b458c0d2-4d21-597a-9d7c-522e47032d79', '39988bd5-3933-532e-abb3-f0117c9ca4b2', 55, 'unlisted', 'Siege Tactics Handbook', '{"nostrud elit","id dolore veniam enim","occaecat eu","officia eiusmod","aliquip ex amet id","sint eu excepteur ut"}', DEFAULT, DEFAULT, DEFAULT), ('aeae5590-e6d3-5c02-8a1c-40a6bcf61bd6', '5dd9c208-a224-5712-b987-eab6b9a89e23', 53, 'private', 'Vision Control Blueprint', '{"excepteur non esse","anim minim","exercitation pariatur","deserunt cupidatat","irure occaecat pariatur","elit ullamco cupidatat","Lorem deserunt tempor laboris","do aute commodo","sit aliqua tempor in"}', DEFAULT, DEFAULT, DEFAULT), ('e62ff15d-b4e8-5f8b-b8c8-56d105c9d705', '65d8ad86-6271-552b-8704-fabcdcf18cdb', 58, 'private', 'Defensive Turtle Tactics', '{"aliquip dolore commodo ut","ex esse do"}', DEFAULT, DEFAULT, DEFAULT), ('2650d5c8-a9d2-57ad-a70d-8c89cf994021', '290e51c6-7ff6-5db4-8f40-69dda051b66c', 59, 'private', 'Vision Denial Blueprint', '{"exercitation minim","id ipsum occaecat incididunt dol","aliquip irure cillum","tempor pariatur ullamco ex adipi","enim fugiat non consectetur","ut mollit","minim deserunt","fugiat nostrud ipsum enim except"}', DEFAULT, DEFAULT, DEFAULT), ('57851dd8-0d7e-5b03-b70f-32940ae107ce', '47c1a5aa-1c4a-5781-9c8f-968a639137d7', 56, 'unlisted', 'Team Fight Execution Plan', '{"ad excepteur velit","consequat","enim ad","sint velit sunt do non","nulla ullamco deserunt ad ipsum","eu commodo","esse cupidatat reprehenderit"}', DEFAULT, DEFAULT, DEFAULT), ('0bb88883-c32b-547d-bac2-9dcbf9437722', 'b5605791-3389-56c2-9ec6-17d538b9bb85', 54, 'unlisted', 'Vision Control Blueprint', '{"amet exercitation enim mollit du","excepteur","consequat nisi"}', DEFAULT, DEFAULT, DEFAULT), ('f2096d39-9bcd-5cc9-af38-3924bad39e01', 'df90352f-468b-5345-9b3e-522b747ccf55', 57, 'unlisted', 'Aggressive Rush Strategy', '{"nulla amet tempor","duis","duis sunt dolor","voluptate"}', DEFAULT, DEFAULT, DEFAULT), ('cdc85c53-30bc-5c6e-91cc-2af72696e64b', '2f76c526-de17-58f1-a75e-aee239f7ed57', 54, 'private', 'Objective Focused Strategy', '{"ullamco dolore duis labore quis","consequat nostrud tempor laboris","non consequat officia excepteur","culpa enim qui dolore","voluptate adipisicing cillum","excepteur","esse sit cupidatat sint"}', DEFAULT, DEFAULT, DEFAULT), ('a0fe813c-8a2e-57ff-8950-530eb72350cc', 'af85f96c-efbd-584c-bdd4-26c4e2f3e556', 51, 'public', 'Aggressive Rush Strategy', '{"proident","nostrud ea Lorem adipisicing con","dolore ad et sunt aliqua","et labore","anim ipsum qui cupidatat","nisi aliqua"}', DEFAULT, DEFAULT, DEFAULT), ('3dcb1c72-1f38-50a2-8a79-9f8b83862a0b', 'fa904169-96b2-5473-b48d-c7f225d6dfb3', 60, 'public', 'Baron Control Strategy', '{"amet enim do elit","ut consequat enim","sit sit dolore","eiusmod cillum enim fugiat","deserunt","reprehenderit dolore incididunt","eu enim"}', DEFAULT, DEFAULT, DEFAULT), ('b529db67-e1b4-5e7d-9a32-267867bbcbad', 'ad276812-3b86-5425-b36a-d822f2860912', 51, 'public', 'Early Game Dominance Guide', '{"consectetur occaecat consequat t"}', DEFAULT, DEFAULT, DEFAULT), ('89b21cb6-fbf3-585a-b9c1-304fad97258b', '98bf31df-37fd-5af6-86dd-8686cdc35eeb', 52, 'unlisted', 'Vision Control Blueprint', '{"incididunt ut cillum esse","veniam sunt quis"}', DEFAULT, DEFAULT, DEFAULT), ('8af27ce1-15c1-5703-a4c5-07ea669df0c7', 'b4725825-2a5a-5e18-a190-e59f4cb9f1b5', 54, 'public', 'Late Game Scaling Strategy', '{"anim do eu","ipsum ipsum qui"}', DEFAULT, DEFAULT, DEFAULT), ('e9960db1-b450-5d20-820c-87fab4f40dc8', 'eb9fdff9-6822-52d9-b12a-a9a69b69cbe5', 60, 'private', 'Vision Control Blueprint', '{"consectetur non ad","est magna Lorem","ea nulla irure","quis laborum labore","minim adipisicing","cupidatat aliqua veniam amet sit","minim voluptate ullamco culpa","consequat officia ut"}', DEFAULT, DEFAULT, DEFAULT), ('2dd10f1f-4836-53b2-b2b6-ae71861e43d0', 'e334db45-3389-5a47-b7c9-4ff8121637b5', 58, 'private', 'Roaming Support Plan', '{"id tempor","aliqua","voluptate exercitation non","anim id"}', DEFAULT, DEFAULT, DEFAULT), ('09d4e842-df61-577d-8d06-00daf3b676e2', '5dd9c208-a224-5712-b987-eab6b9a89e23', 53, 'unlisted', 'Early Game Dominance Guide', '{"eu in enim ex","nulla nisi amet","enim minim"}', DEFAULT, DEFAULT, DEFAULT), ('6fe4789e-9a02-5c94-8c81-5bb4cffd7850', '0b27e28d-32c6-527a-ba89-3eee513ce9ed', 53, 'public', 'Siege Tactics Handbook', '{"consequat","deserunt nulla","ea dolor tempor proident adipisi","ad","culpa aliquip officia velit","pariatur cillum nulla culpa amet","ipsum ex"}', DEFAULT, DEFAULT, DEFAULT), ('62834a20-27ac-5894-8947-a4e2ffb67f5b', '45173bfe-a11f-574a-ac25-21cda1308ec9', 56, 'unlisted', 'Rotation Strategy Document', '{"ea incididunt et","ea id ullamco","fugiat nisi aute","mollit Lorem irure mollit Lorem","laboris exercitation ut adipisic","enim quis adipisicing sunt","culpa"}', DEFAULT, DEFAULT, DEFAULT), ('ce25e6d7-50b4-50c3-8210-685ee22346f3', '07887ba5-321a-560d-8cab-a4032e361bc5', 51, 'unlisted', 'Gank Heavy Approach', '{"quis irure qui irure","magna consequat adipisicing dolo","ullamco","ipsum sint fugiat","esse","nisi nostrud"}', DEFAULT, DEFAULT, DEFAULT), ('a4e4a518-fb32-53bf-9d1c-f336f8cd8c45', '549980e7-3e77-5d76-b263-84664d04b209', 57, 'public', 'Late Game Scaling Strategy', '{"minim aute aute cillum","mollit nostrud quis","ex in consectetur","magna","laboris ea","deserunt quis","sint","nisi commodo ea eu dolore","consectetur aliquip officia quis"}', DEFAULT, DEFAULT, DEFAULT), ('d5862a76-70cd-55db-a302-365d7ec101f5', '2da447ba-d0f6-5d62-becb-584cd208c558', 60, 'public', 'Wave Management Plan', '{}', DEFAULT, DEFAULT, DEFAULT), ('fff5567f-d4a5-542e-ba70-1119521ca0cb', 'd2268e40-fa6d-5300-9f01-b7cc8f9018e3', 57, 'public', 'Defensive Turtle Tactics', '{"proident","cillum incididunt","ad enim veniam fugiat pariatur","dolore qui labore id","esse voluptate sunt sint","id","nisi duis est adipisicing","laboris qui amet ad mollit","qui consectetur enim"}', DEFAULT, DEFAULT, DEFAULT), ('48abaf7b-d65e-5371-8d5f-1be4621911e6', '95f37531-686f-5941-8350-d0fbe8759458', 51, 'unlisted', 'Baron Control Strategy', '{"ipsum","ut ullamco fugiat qui","elit in eu enim","nisi ut","minim ipsum","mollit minim"}', DEFAULT, DEFAULT, DEFAULT), ('05b8ebd6-06e1-5ce6-85d9-1fda124d11b0', 'e334db45-3389-5a47-b7c9-4ff8121637b5', 53, 'unlisted', 'Objective Focused Strategy', '{"Lorem proident sit in","excepteur nulla","nostrud cillum","occaecat eu incididunt fugiat","in consequat anim pariatur","sit","reprehenderit minim Lorem","consequat duis nisi duis","reprehenderit non minim ullamco "}', DEFAULT, DEFAULT, DEFAULT), ('be5a4c70-a4ff-57c0-8c2c-437a6d77f25c', '549980e7-3e77-5d76-b263-84664d04b209', 60, 'public', 'Vision Denial Blueprint', '{"sunt sunt aliqua","velit deserunt duis","cillum aliqua","id tempor amet","adipisicing"}', DEFAULT, DEFAULT, DEFAULT), ('e6ff83af-5ec2-537d-b04b-784bd77a5871', '88133dcb-8b00-5c2c-aee5-9f0743f5239d', 54, 'private', 'Split Push Blueprint', '{"magna tempor sint","anim duis tempor officia nisi","laborum minim ut","irure magna qui","mollit eu pariatur commodo"}', DEFAULT, DEFAULT, DEFAULT), ('dc9bffb4-1647-5c5d-8c1f-d89500e89900', 'e5b4727f-be5e-52c0-83cb-cb7ba230945f', 52, 'unlisted', 'Defensive Turtle Tactics', '{"anim laboris aliqua labore","excepteur nulla cupidatat mollit","dolore ad dolore","officia amet","et","culpa ut voluptate irure","do occaecat nulla","voluptate commodo non incididunt"}', DEFAULT, DEFAULT, DEFAULT), ('ec767a01-17bb-518c-9633-78ebc8caded3', '3ff60d7a-a4ad-54c5-a422-53b52cd53093', 56, 'private', 'Baron Control Strategy', '{"ex ea adipisicing","aliquip enim et quis","aliquip Lorem dolor","ex adipisicing","consectetur exercitation"}', DEFAULT, DEFAULT, DEFAULT), ('6c642b40-bb15-55fa-9319-9c100d27adc7', '290e51c6-7ff6-5db4-8f40-69dda051b66c', 59, 'private', 'Vision Denial Blueprint', '{"eiusmod et","officia eiusmod ipsum amet velit","officia cillum duis","sunt magna sit duis","officia","incididunt excepteur Lorem","sit"}', DEFAULT, DEFAULT, DEFAULT), ('197f52e9-f9b3-54a3-a900-9ddcd2cd98d5', '0e342915-b360-541f-8c0a-bdf36b3c0ce2', 53, 'unlisted', 'Vision Control Blueprint', '{"est veniam","ea ipsum ullamco qui minim","ex enim laborum"}', DEFAULT, DEFAULT, DEFAULT), ('b239ffdb-847f-5400-b1f9-97e186ea36bc', '1332e392-1ac8-57d9-8262-948f66c89fe9', 51, 'private', 'Wave Management Plan', '{"dolor sit consectetur","consequat aute laboris magna","in aliqua mollit commodo","deserunt","ut ad ea minim ut","culpa velit Lorem laborum"}', DEFAULT, DEFAULT, DEFAULT), ('c3124970-b58c-5748-8a01-4ba1d7466b2b', 'a88bc9b9-135e-55c7-8c4c-5a072a3c8573', 60, 'unlisted', 'Objective Focused Strategy', '{"tempor cupidatat"}', DEFAULT, DEFAULT, DEFAULT), ('2fbdef88-7d4a-5528-bb59-74f725709563', 'a3141029-aec2-543b-b18a-49fe947e3304', 53, 'private', 'Map Control Blueprint', '{"do ad","irure","est eiusmod reprehenderit fugiat","aliqua sint sunt id pariatur","mollit aute id","ad sunt sunt voluptate","deserunt esse pariatur eiusmod","consequat enim nisi elit"}', DEFAULT, DEFAULT, DEFAULT), ('a03637de-3a86-5f2c-a9a1-71bb222f301f', '3b3a2ed4-3283-5a09-84d9-c7de876d5510', 55, 'private', 'Aggressive Rush Strategy', '{"eiusmod qui est sunt","occaecat nulla magna nostrud nul","dolore officia","sit enim elit","reprehenderit anim proident labo","nostrud laboris non do"}', DEFAULT, DEFAULT, DEFAULT), ('536d5b0c-dc7c-598f-8fa0-b21c4cd85d48', '0b27e28d-32c6-527a-ba89-3eee513ce9ed', 56, 'unlisted', 'Counter Pick Blueprint', '{"sit non","commodo consequat sint sit","incididunt officia exercitation ","qui ut velit","aliquip pariatur","pariatur consequat reprehenderit","culpa nostrud sint velit deserun","nulla amet","nulla quis Lorem"}', DEFAULT, DEFAULT, DEFAULT), ('f04b6b4b-d5ea-517f-8a7d-71713980487c', '94daea14-9b93-5933-9044-5ccc1eb32f8f', 59, 'unlisted', 'Rotation Strategy Document', '{"laborum","ipsum ad magna","est nisi","non consectetur proident et"}', DEFAULT, DEFAULT, DEFAULT), ('363e1d5b-f7b0-5ee0-a43a-f471f9cf9338', 'd905224a-1767-5e97-ad1a-f223ab64cd44', 52, 'private', 'Late Game Scaling Strategy', '{"culpa","minim velit excepteur cillum"}', DEFAULT, DEFAULT, DEFAULT), ('edcc2203-6787-52aa-bc0b-a6dcc59388be', 'c67d2d09-4f9c-55d4-8995-a05fcda1aef5', 55, 'public', 'Vision Control Blueprint', '{"culpa et ea","nisi dolore duis adipisicing","proident velit","ea nisi sint","ullamco velit nostrud quis sunt","in laboris amet","elit consectetur sunt","elit aute"}', DEFAULT, DEFAULT, DEFAULT), ('474b1c92-271b-5e78-878e-3e82398a6e7c', '6a248992-e0a8-5c27-8d71-fd2cfd3a1fd6', 52, 'unlisted', 'Jungle Control Playbook', '{"fugiat consequat minim minim","Lorem","incididunt dolor eiusmod ex veni"}', DEFAULT, DEFAULT, DEFAULT), ('8997d96a-4a2f-5fcd-a0a2-88e875f8bba7', 'b576de0c-954e-5345-a9e7-0d691c52341a', 54, 'unlisted', 'Split Push Blueprint', '{"deserunt do magna deserunt duis","qui"}', DEFAULT, DEFAULT, DEFAULT), ('f61f0c83-60cb-5fa8-a27a-67e606b63adb', '5c279176-af23-560b-90c9-533a7e485b05', 56, 'private', 'Defensive Turtle Tactics', '{"dolor dolore","eiusmod irure proident amet","velit tempor","enim in anim Lorem cupidatat","tempor commodo adipisicing conse","qui do sit","qui sunt cupidatat culpa","labore"}', DEFAULT, DEFAULT, DEFAULT), ('30d213ab-4615-5d8b-abee-5b4875c8bfdf', 'b5605791-3389-56c2-9ec6-17d538b9bb85', 52, 'private', 'Roaming Support Plan', '{"fugiat tempor cupidatat sunt rep","dolore eu","cupidatat voluptate labore","duis Lorem dolor","tempor laborum","amet et occaecat nisi","ipsum veniam","culpa reprehenderit reprehenderi"}', DEFAULT, DEFAULT, DEFAULT), ('7d042aff-1b5b-531f-917f-48f2d58d33c7', '6a248992-e0a8-5c27-8d71-fd2cfd3a1fd6', 56, 'private', 'Team Fight Execution Plan', '{"deserunt aute ullamco","aliqua Lorem sit","cillum","aliquip consectetur amet commodo","magna proident officia ad"}', DEFAULT, DEFAULT, DEFAULT), ('30e1e77d-2bcf-5591-97ec-d99bd552d8f0', '844afdcc-93cf-55c8-b0f1-1cc22329a30b', 52, 'public', 'Vision Denial Blueprint', '{"adipisicing ex deserunt adipisic","ad nisi est voluptate","quis do labore","id","irure aliquip sit nisi","cupidatat consequat veniam","ullamco sint excepteur","consequat adipisicing laborum ad","quis","nisi"}', DEFAULT, DEFAULT, DEFAULT), ('d53a4a7c-125e-52cd-8ba3-aa3916f71140', '3c19e2d6-1e17-5580-adbc-319ee6c74e3c', 52, 'unlisted', 'Vision Control Blueprint', '{"in in laboris non pariatur","sit non","exercitation nulla","ipsum labore sit aliquip culpa","amet sunt aliquip pariatur aute","tempor","ea Lorem"}', DEFAULT, DEFAULT, DEFAULT), ('47f797b2-50c1-56af-abe6-0081dabe5efd', '2da4149c-bf3e-5f98-b904-591c69530871', 57, 'private', 'Counter Pick Blueprint', '{"ea officia","commodo","velit nostrud exercitation aliqu","duis ullamco ut","duis aliquip minim sunt ea"}', DEFAULT, DEFAULT, DEFAULT), ('3ebbec39-d360-5461-b442-70abf723c8b8', 'bbecd693-8054-5eee-8ada-8e2d5a3c5090', 54, 'private', 'Aggressive Rush Strategy', '{"quis sit aliqua ullamco","eiusmod aliqua dolor","consectetur duis esse","incididunt anim minim","ea","dolore consectetur id voluptate","consequat velit Lorem","adipisicing pariatur deserunt ex","laborum magna et"}', DEFAULT, DEFAULT, DEFAULT), ('3821efb6-356e-53bd-8a0b-239426475be5', 'f457d7a7-01f9-5225-b07a-0e782525bbc7', 53, 'public', 'Siege Tactics Handbook', '{"commodo ex aliquip et ut","proident esse est aliqua duis","magna fugiat cillum dolor","voluptate","incididunt","nulla adipisicing cillum incidid","nostrud consequat"}', DEFAULT, DEFAULT, DEFAULT), ('f62571e6-585e-5709-b04e-861b7f3db2d2', '2dbccffd-e7a5-5653-9dc6-18e988716abe', 52, 'public', 'Roaming Support Plan', '{"non in","aute eu fugiat ut","nostrud sunt nostrud id","commodo"}', DEFAULT, DEFAULT, DEFAULT), ('f706ef0d-b4c8-54ee-ba4a-8f6af14717f8', '75b1f4f3-d352-56de-83dd-e679684b060c', 52, 'unlisted', 'Counter Pick Blueprint', '{"nulla"}', DEFAULT, DEFAULT, DEFAULT), ('da6a602b-9dc0-5e13-87e9-323f368838a2', '0fa12fcf-97e2-5065-a698-e366ca117702', 60, 'unlisted', 'Gank Heavy Approach', '{"exercitation consequat tempor","non et ea in laborum","eiusmod fugiat nulla","sint aute","proident tempor sunt ut","enim eiusmod commodo esse veniam"}', DEFAULT, DEFAULT, DEFAULT), ('ae022a2e-97fe-53d7-ace2-f700a65995e2', '8bad4601-c5dc-5d96-9ece-4ebbe2a83dfa', 59, 'unlisted', 'Jungle Control Playbook', '{"labore fugiat tempor","voluptate","cillum et eiusmod","nulla est irure est","id cupidatat aliqua occaecat","magna","commodo ipsum fugiat","occaecat consectetur nisi","ea elit"}', DEFAULT, DEFAULT, DEFAULT), ('7f27719e-c551-5cfa-ab24-3e6a917bc77f', '586daead-6daa-5df4-83cb-81b2e815d326', 56, 'public', 'Vision Control Blueprint', '{"enim","do magna","mollit nulla quis eu","adipisicing officia ipsum","nulla cillum elit","Lorem amet","ad exercitation sint aute non"}', DEFAULT, DEFAULT, DEFAULT), ('a7afe8c7-8469-5a59-9246-cc18b3ce4b7b', 'e334db45-3389-5a47-b7c9-4ff8121637b5', 53, 'private', 'Baron Control Strategy', '{"fugiat Lorem","ullamco irure non","magna tempor proident"}', DEFAULT, DEFAULT, DEFAULT), ('8111ec5f-e01a-5ad1-b89a-b7a64419e202', '897e7fb9-bd9c-59e3-afc7-d1c31ec7ef34', 59, 'public', 'Vision Denial Blueprint', '{"do commodo officia occaecat","ad nostrud ea nostrud"}', DEFAULT, DEFAULT, DEFAULT), ('af41c136-c26c-5e1c-81f1-2d9f923ca606', '3d4df0ce-5a7f-53e4-b486-95faf0a09720', 56, 'public', 'Aggressive Rush Strategy', '{"elit anim","eiusmod amet ex aliquip","culpa anim proident excepteur","elit pariatur excepteur"}', DEFAULT, DEFAULT, DEFAULT), ('7594efe5-aff1-5874-a5ed-4a9edc7b66bf', 'e5d977c2-2a0e-5703-8ee9-4796e3967ae0', 57, 'unlisted', 'Defensive Turtle Tactics', '{"nostrud","do occaecat exercitation eiusmod","laborum ex tempor","qui ea","ea excepteur velit minim aliquip","ex elit","consectetur anim officia id null","ullamco","sint","cupidatat aliqua commodo sint"}', DEFAULT, DEFAULT, DEFAULT), ('ee2f9514-a689-5e06-84f0-7f27b56a3774', 'e4c44768-00c8-52e6-80f9-625972d5d9b9', 60, 'private', 'Aggressive Rush Strategy', '{}', DEFAULT, DEFAULT, DEFAULT), ('59ac239c-144e-5ca7-b3e8-b97418726740', '549980e7-3e77-5d76-b263-84664d04b209', 53, 'unlisted', 'Early Game Dominance Guide', '{"do qui minim"}', DEFAULT, DEFAULT, DEFAULT), ('7992b22f-6c16-50ae-ae54-fd84bedb78e7', '012d946e-42aa-5c05-ad9d-8bb3952bb635', 54, 'public', 'Jungle Control Playbook', '{"aliqua consectetur laboris ipsum","elit velit Lorem occaecat","excepteur tempor","aute adipisicing ut laborum","anim do tempor","adipisicing cillum","eiusmod anim sit culpa","irure esse sunt"}', DEFAULT, DEFAULT, DEFAULT), ('eeb6a56c-bf20-5164-a9c4-2438947a1635', '5ef5a669-7ca0-5a58-879f-c84c6abe3657', 51, 'public', 'Split Push Blueprint', '{"eu excepteur"}', DEFAULT, DEFAULT, DEFAULT), ('ba263b84-62af-5be6-a1da-34f8a9b1c708', '5783cab4-e010-523b-b893-81b388f43d06', 58, 'public', 'Team Fight Execution Plan', '{"aliqua consequat do","do in incididunt reprehenderit c","duis nisi culpa occaecat","exercitation consequat et","ea est excepteur","cillum mollit laborum","velit occaecat ut aliquip incidi","exercitation sint qui amet non","reprehenderit occaecat dolore de","voluptate"}', DEFAULT, DEFAULT, DEFAULT), ('0eda511d-00fb-5edd-a94c-61620ced28e5', '6a248992-e0a8-5c27-8d71-fd2cfd3a1fd6', 53, 'private', 'Defensive Turtle Tactics', '{"esse et et exercitation","eiusmod aute ex","cillum exercitation","dolore quis proident"}', DEFAULT, DEFAULT, DEFAULT), ('4a82ca5f-1296-51b0-9319-05459a439c92', 'fa904169-96b2-5473-b48d-c7f225d6dfb3', 59, 'unlisted', 'Team Fight Execution Plan', '{"cillum incididunt ea","enim incididunt esse sunt","veniam fugiat"}', DEFAULT, DEFAULT, DEFAULT), ('230e6990-91f4-5dc7-b6bc-229a44985e25', '43bcab14-4a69-5e60-a07f-cda2fe595a2a', 52, 'private', 'Gank Heavy Approach', '{"non id","amet dolore","tempor culpa ex do ad","incididunt nulla esse","nostrud deserunt eu","laborum adipisicing ullamco","veniam Lorem"}', DEFAULT, DEFAULT, DEFAULT), ('01a97da4-f21e-511b-9160-a834d5d7f82e', 'df625f4d-0fe2-599a-b1d3-13232701e19f', 53, 'unlisted', 'Split Push Blueprint', '{"id nisi ea in","esse est duis nisi eu"}', DEFAULT, DEFAULT, DEFAULT), ('1c5613fb-a627-5391-a9ff-0cc49d9b395b', '94170f3d-888c-58bc-bc18-13592bfb52c5', 56, 'unlisted', 'Early Game Dominance Guide', '{"tempor occaecat","nostrud ea ex excepteur","laborum enim laborum"}', DEFAULT, DEFAULT, DEFAULT), ('69b55afa-a769-5eae-849b-0607118f6f38', '98eaafd3-adbf-5a3e-adb9-b3fb6971b6f1', 57, 'public', 'Aggressive Rush Strategy', '{"in","nulla aliquip","voluptate ad proident","voluptate deserunt amet nisi in"}', DEFAULT, DEFAULT, DEFAULT), ('5653d3f7-e466-5b59-9cc7-02634d975655', 'cb82a658-7a6b-5f53-8103-de934a9d041a', 60, 'unlisted', 'Wave Management Plan', '{"irure adipisicing","aliquip aliquip","fugiat anim","exercitation laborum reprehender","id commodo officia"}', DEFAULT, DEFAULT, DEFAULT), ('11917a47-b89e-5663-8d37-049fe2bf5b34', '9bf2ad50-cccb-50eb-8269-3a7e78bd21f5', 52, 'unlisted', 'Late Game Scaling Strategy', '{"est","non et adipisicing","elit ipsum","tempor esse voluptate","do aliquip anim","magna ad incididunt non"}', DEFAULT, DEFAULT, DEFAULT), ('c68ff46b-b1a9-581e-aa43-737e3b976580', '43bcab14-4a69-5e60-a07f-cda2fe595a2a', 53, 'unlisted', 'Objective Focused Strategy', '{"eiusmod ea","sit sint non anim","irure nostrud"}', DEFAULT, DEFAULT, DEFAULT), ('e8d13e33-32bc-5c1a-9371-8f828965d869', 'e4de1a09-bd9a-5e42-b92c-2cb1af28bec6', 56, 'public', 'Early Game Dominance Guide', '{}', DEFAULT, DEFAULT, DEFAULT), ('79cca71d-1dd7-5b78-9e31-229bb9872504', 'eb3e804d-5ed0-59a1-900b-3b0f9b2cb577', 54, 'public', 'Wave Management Plan', '{"proident commodo aliqua","aliqua non pariatur excepteur","laboris qui nostrud mollit","excepteur laborum dolor","veniam veniam ex","ad","officia magna minim"}', DEFAULT, DEFAULT, DEFAULT), ('cdf1b1e3-61cd-52e6-b86e-eec98ea71e23', 'f8fbdff1-11b4-54fa-ab90-292d82d3d353', 58, 'private', 'Siege Tactics Handbook', '{"culpa esse ipsum","officia reprehenderit culpa","nisi est","in"}', DEFAULT, DEFAULT, DEFAULT), ('98ea8abd-4f3f-5750-b436-afb8aa79fb82', 'ec0fecde-72da-5866-9b82-27edb33f804a', 57, 'private', 'Wave Management Plan', '{"elit ad enim aliquip","dolore"}', DEFAULT, DEFAULT, DEFAULT), ('bc227bd7-3214-5075-bca0-3f60046ac216', '39988bd5-3933-532e-abb3-f0117c9ca4b2', 54, 'unlisted', 'Map Control Blueprint', '{"cupidatat fugiat","nostrud adipisicing","proident sint anim exercitation","dolore qui voluptate laborum sun","est esse sit","dolore velit irure do","ad veniam incididunt","Lorem aute Lorem","adipisicing elit incididunt proi","aliqua"}', DEFAULT, DEFAULT, DEFAULT), ('8fd84214-96a6-5d6c-8437-0646145f15a1', 'e06c10f9-a674-5092-b6f9-89c60162f0bb', 54, 'unlisted', 'Split Push Blueprint', '{"non Lorem voluptate","aliquip ipsum"}', DEFAULT, DEFAULT, DEFAULT), ('7b269807-4fdc-5847-8a5c-807ffa02f953', 'eecf8a7e-af2f-524d-a645-c5fba3ebda06', 60, 'public', 'Aggressive Rush Strategy', '{"minim","velit esse est tempor"}', DEFAULT, DEFAULT, DEFAULT), ('cf8258c4-f278-5c75-a944-c2bcba526ad4', 'f457d7a7-01f9-5225-b07a-0e782525bbc7', 59, 'private', 'Objective Focused Strategy', '{"tempor pariatur","et consectetur exercitation","do aute","nulla occaecat","exercitation officia","id non","anim quis est","aliquip eiusmod exercitation ut"}', DEFAULT, DEFAULT, DEFAULT), ('2e51b4b0-68ac-5e21-94a2-b7afb1b16016', '2da447ba-d0f6-5d62-becb-584cd208c558', 53, 'unlisted', 'Objective Focused Strategy', '{"quis dolore nostrud sunt","adipisicing sint","sit do ex qui occaecat","adipisicing sunt","labore","quis nulla","sint sint ut","officia ullamco"}', DEFAULT, DEFAULT, DEFAULT), ('6e9d8d45-1d4b-5cdd-92c5-76194015ba99', '763ebb5f-add9-59ff-9a26-6b4030dae259', 60, 'unlisted', 'Team Fight Execution Plan', '{"aliquip eu","aliquip id","in occaecat commodo ad","non sunt elit"}', DEFAULT, DEFAULT, DEFAULT), ('fac7e894-3f38-5663-bc98-486c88732ea4', '644bfc5c-cf27-5d76-8355-4e4c8d73061f', 59, 'public', 'Objective Focused Strategy', '{"magna fugiat","culpa"}', DEFAULT, DEFAULT, DEFAULT), ('7d360079-2c18-5c6d-a1b8-85eb411ace3d', 'f3376d8d-17f3-5259-a5b0-af6d5e21e7e2', 58, 'unlisted', 'Aggressive Rush Strategy', '{"proident cillum ullamco","cupidatat elit","officia cupidatat exercitation e","aliqua commodo","reprehenderit pariatur","ad duis voluptate proident"}', DEFAULT, DEFAULT, DEFAULT), ('be194c18-6eee-5ff6-a117-608bade8a86e', '3af5be38-b117-5675-8d7a-e27a1a34e8a8', 57, 'private', 'Vision Control Blueprint', '{"quis dolor fugiat","reprehenderit laborum adipisicin","reprehenderit labore incididunt "}', DEFAULT, DEFAULT, DEFAULT), ('74297878-a21d-59b7-aced-265d4a9f30fa', '3c19e2d6-1e17-5580-adbc-319ee6c74e3c', 60, 'public', 'Gank Heavy Approach', '{"exercitation quis id","eu nulla laboris","excepteur laboris commodo","cupidatat do","sit mollit officia","adipisicing dolor"}', DEFAULT, DEFAULT, DEFAULT), ('a0c5fdb3-1581-541b-b560-7473e0935643', '853509f0-6836-5fa7-87f2-fb0a9a8766d2', 52, 'unlisted', 'Jungle Control Playbook', '{"consectetur irure pariatur nostr","esse elit ullamco adipisicing","dolor minim","laborum","elit sunt","consectetur reprehenderit repreh","exercitation qui commodo","nisi"}', DEFAULT, DEFAULT, DEFAULT), ('5bf01130-69dd-5547-acc0-717bf1395fda', '6a3486ce-c3fa-519b-8ad1-f329a5c3ee43', 60, 'unlisted', 'Vision Control Blueprint', '{"ex ut aute"}', DEFAULT, DEFAULT, DEFAULT), ('1e052062-4999-589c-af48-bc4a3df69d05', '203ac13e-e5b1-548e-a7da-5d8cff932053', 58, 'private', 'Secure Objective Playbook', '{"laborum nostrud","proident ad","nulla velit ut dolor","occaecat ut cillum ad"}', DEFAULT, DEFAULT, DEFAULT), ('38b49ca8-b50c-5e98-af9e-9c3898d28f8f', '549980e7-3e77-5d76-b263-84664d04b209', 59, 'private', 'Aggressive Rush Strategy', '{"veniam aliqua aute","pariatur quis Lorem","aliqua et"}', DEFAULT, DEFAULT, DEFAULT), ('9b261f2f-f0b0-57c3-9c3a-156a89bfc9aa', '0123a76f-7238-52f2-a9a2-6f5cb15646a3', 57, 'unlisted', 'Secure Objective Playbook', '{"sunt do","dolore","consectetur sit","pariatur exercitation non","proident","cillum esse cillum veniam"}', DEFAULT, DEFAULT, DEFAULT), ('2d9d0644-e0d8-5f5d-84c2-071cd2c099ce', '8d3f145b-67b0-504d-b49a-d59ecea5d2d8', 51, 'public', 'Defensive Turtle Tactics', '{"aute anim sunt minim incididunt","esse adipisicing voluptate","sit et ex","quis in","deserunt nostrud ipsum incididun","est id consequat","culpa deserunt","ad sunt","adipisicing non"}', DEFAULT, DEFAULT, DEFAULT), ('b8c7a039-d039-57f7-bd1e-253b05ef8c03', '45173bfe-a11f-574a-ac25-21cda1308ec9', 52, 'private', 'Vision Denial Blueprint', '{"laboris excepteur sit enim","non aliquip","et non eu","labore"}', DEFAULT, DEFAULT, DEFAULT), ('110d19c8-9e0d-5f75-a721-b94eb9080526', '3dbd7acc-a0c5-5607-8378-ec8dc206b269', 52, 'private', 'Objective Focused Strategy', '{"id proident non","proident dolore cillum duis","qui consectetur labore","aliquip est velit","deserunt amet","pariatur consectetur magna","aliqua magna pariatur","enim ullamco voluptate laboris","ex Lorem amet nulla"}', DEFAULT, DEFAULT, DEFAULT), ('09923517-e55a-5deb-98cb-d64b27c0ab72', 'eeba85da-b4f7-5195-887e-28b7dc8a5236', 59, 'unlisted', 'Baron Control Strategy', '{"commodo","cupidatat occaecat","ea","anim","dolor"}', DEFAULT, DEFAULT, DEFAULT), ('e5bd85d5-1f62-5598-9176-4bfd393badbe', '07887ba5-321a-560d-8cab-a4032e361bc5', 54, 'public', 'Vision Denial Blueprint', '{"adipisicing nostrud ex mollit qu","ad reprehenderit","anim eu veniam enim proident","tempor adipisicing","sint aliqua nulla","occaecat cupidatat","deserunt amet minim adipisicing"}', DEFAULT, DEFAULT, DEFAULT), ('e8eb7547-d359-5d88-afb0-cca98349d023', '3af5be38-b117-5675-8d7a-e27a1a34e8a8', 58, 'public', 'Counter Pick Blueprint', '{"dolor duis commodo","velit sint dolore sit culpa","anim nostrud duis exercitation","id aliqua ut sint incididunt","culpa duis consectetur","ex in sit ullamco sint","consectetur sunt laborum enim","adipisicing ad et commodo"}', DEFAULT, DEFAULT, DEFAULT), ('0e4135c9-4c74-5717-9ee1-cbbb37873838', '1e0af0c0-30ba-5a06-9647-a83cef3d815d', 60, 'public', 'Team Fight Execution Plan', '{"minim","qui proident consectetur non exc"}', DEFAULT, DEFAULT, DEFAULT), ('eb9d24ec-f15e-5e4f-870e-dd537efcd168', '763ebb5f-add9-59ff-9a26-6b4030dae259', 51, 'private', 'Counter Pick Blueprint', '{"officia nisi in adipisicing nisi","dolore dolore reprehenderit labo","culpa aliquip officia culpa"}', DEFAULT, DEFAULT, DEFAULT), ('688a2e3c-848e-5787-bd83-705a15229924', '2190cc4c-2cc5-5f9f-983d-55f70f31e468', 53, 'unlisted', 'Counter Pick Blueprint', '{"qui commodo"}', DEFAULT, DEFAULT, DEFAULT), ('a042a037-2e40-50ce-ae48-3f063c3067bb', 'a6ea6199-2a1a-56d4-b12a-1bf7d32d154c', 58, 'unlisted', 'Roaming Support Plan', '{"tempor esse proident","nulla deserunt minim","quis Lorem","enim velit do tempor","consectetur sunt ea nostrud"}', DEFAULT, DEFAULT, DEFAULT), ('cb4eaa5a-1f18-571e-9566-4c1753ad9134', 'e4c44768-00c8-52e6-80f9-625972d5d9b9', 54, 'private', 'Vision Control Blueprint', '{"veniam anim","sint tempor Lorem laborum","laboris magna officia","ipsum mollit aliquip est","cupidatat","in elit ad","nostrud ipsum cillum ut enim","ea voluptate amet"}', DEFAULT, DEFAULT, DEFAULT), ('2076216c-1b19-5f7f-b10d-db3cae2b4567', '6fb8bc22-57b5-5453-b6ee-d5dfa591c360', 54, 'private', 'Defensive Turtle Tactics', '{"proident","et aute excepteur"}', DEFAULT, DEFAULT, DEFAULT), ('a0bd7980-cac4-5ded-adc5-004548282723', '012d946e-42aa-5c05-ad9d-8bb3952bb635', 52, 'unlisted', 'Vision Control Blueprint', '{"velit reprehenderit dolore commo","dolor duis ad occaecat ipsum","cillum eu reprehenderit sunt occ","enim elit"}', DEFAULT, DEFAULT, DEFAULT), ('e94657cc-5d4a-53ce-8902-19b99712c3c6', 'cd7c291a-6d6e-5632-91e5-b7fd7a634d7d', 52, 'unlisted', 'Vision Control Blueprint', '{"officia ullamco nostrud","sunt cupidatat","ullamco amet aute tempor sint","eiusmod esse occaecat in","ad in veniam"}', DEFAULT, DEFAULT, DEFAULT), ('cdee6d23-791e-5a74-aba4-6e6c1b3863e7', 'b134c4e5-3e41-53b3-bf3f-7f4cf023e9d7', 54, 'unlisted', 'Baron Control Strategy', '{"enim qui fugiat","consectetur officia magna","amet et","eu mollit fugiat","anim","ullamco commodo eu","anim incididunt sint"}', DEFAULT, DEFAULT, DEFAULT), ('d5a4641d-8cbb-5fd0-89e3-ac12979b690c', 'eb9fdff9-6822-52d9-b12a-a9a69b69cbe5', 54, 'unlisted', 'Secure Objective Playbook', '{"esse laborum cupidatat"}', DEFAULT, DEFAULT, DEFAULT), ('ab58f5b2-4308-5685-a477-a4b54637b2a0', '887dee3f-7921-537c-91f1-8b0d43117b12', 51, 'unlisted', 'Roaming Support Plan', '{"ad exercitation Lorem mollit"}', DEFAULT, DEFAULT, DEFAULT), ('025da8e7-6d47-53be-9689-b0604284733b', '3c0af99e-82a0-5346-8da5-2d2825b8a66d', 58, 'unlisted', 'Gank Heavy Approach', '{}', DEFAULT, DEFAULT, DEFAULT), ('cfc01e92-0e9c-5f58-b116-ac73af2ff344', 'eda91f04-12ef-5904-88aa-e6ed9a692e03', 59, 'private', 'Baron Control Strategy', '{"nostrud velit adipisicing","voluptate ea duis dolore","excepteur tempor fugiat","eiusmod nostrud Lorem dolore","fugiat commodo est","pariatur","deserunt commodo ad elit","enim dolore","ipsum eiusmod","cupidatat labore deserunt"}', DEFAULT, DEFAULT, DEFAULT), ('6c7a0737-5d09-56f1-9a60-9ca811b68d40', 'eecf8a7e-af2f-524d-a645-c5fba3ebda06', 56, 'public', 'Late Game Scaling Strategy', '{"occaecat adipisicing","reprehenderit proident do sunt","quis","proident deserunt exercitation p"}', DEFAULT, DEFAULT, DEFAULT), ('b74b781d-f3ca-5ce2-a262-c20f23455d05', '3c19e2d6-1e17-5580-adbc-319ee6c74e3c', 51, 'private', 'Team Fight Execution Plan', '{"aute veniam consequat","anim velit consectetur mollit de","sunt in consequat","velit proident dolore mollit","nostrud anim in amet","nisi","ea elit"}', DEFAULT, DEFAULT, DEFAULT), ('ae76c1cf-66c9-5bf7-8fc8-d1e1260ab8bd', 'cda3814f-c14d-5dcf-a835-797df84f6d99', 54, 'public', 'Jungle Control Playbook', '{"consectetur aliquip dolor","et deserunt id est"}', DEFAULT, DEFAULT, DEFAULT), ('3267d96d-4a33-5c13-9ef8-eb9652f76262', 'd6d4ebe8-fe3c-5e62-98d8-e678f356450c', 55, 'public', 'Late Game Scaling Strategy', '{"aliqua","consectetur eu","amet pariatur velit duis","cupidatat deserunt fugiat nostru","deserunt sint consequat culpa","eiusmod adipisicing","veniam cillum adipisicing dolore","excepteur ut dolore"}', DEFAULT, DEFAULT, DEFAULT), ('272ce823-3f81-5671-93a8-93655178aa67', '8dea886f-fc5d-51fd-ac80-f3c52f3b244b', 59, 'unlisted', 'Counter Pick Blueprint', '{"est voluptate proident","do veniam"}', DEFAULT, DEFAULT, DEFAULT), ('0cd365ac-6479-5889-b532-b02ce5d93b9f', 'cfbfd1d4-e77f-57e5-94da-e9ff2cc7a996', 51, 'unlisted', 'Wave Management Plan', '{"ut Lorem ex","excepteur irure voluptate","nulla eiusmod ut","ipsum et ad nostrud","tempor dolor Lorem qui"}', DEFAULT, DEFAULT, DEFAULT), ('d1c31a1f-140d-5b01-95f7-3fc15003186c', '29b47b7e-4cec-5d5a-b93d-172770b57ed6', 52, 'public', 'Baron Control Strategy', '{"id ipsum tempor voluptate"}', DEFAULT, DEFAULT, DEFAULT), ('139e14ed-bbf1-5d48-a6cc-84c72c891164', '59fbbc7c-edc9-5d3c-9170-cf6acabbcd28', 54, 'unlisted', 'Jungle Control Playbook', '{"enim dolor ipsum","eu elit","consequat sit cillum"}', DEFAULT, DEFAULT, DEFAULT), ('586f1ac8-f524-5f8c-88e2-184c02d5ef6d', 'f457d7a7-01f9-5225-b07a-0e782525bbc7', 60, 'private', 'Aggressive Rush Strategy', '{"eu eiusmod","anim voluptate enim est fugiat","fugiat ea","quis mollit ea","id anim ex sit","ipsum do et commodo culpa","laborum nostrud ipsum nostrud"}', DEFAULT, DEFAULT, DEFAULT), ('62075432-2441-5ae8-a3d3-0c53f1490707', 'deab978c-4953-507c-b4fb-f509dd35f454', 56, 'public', 'Vision Denial Blueprint', '{"reprehenderit non","amet sint","id Lorem voluptate excepteur sin","ipsum nostrud"}', DEFAULT, DEFAULT, DEFAULT), ('7e2a3012-f429-5959-8e79-e27f888f9ce7', '6c3f6730-2b1a-5e27-97de-caacad0bb1a5', 53, 'public', 'Baron Control Strategy', '{"adipisicing tempor cillum","incididunt laborum amet duis ea"}', DEFAULT, DEFAULT, DEFAULT), ('b8821e56-73f0-54d5-b485-728d64492250', '061a9df6-5f3b-55cf-9879-eec1a4061457', 53, 'private', 'Gank Heavy Approach', '{"minim nostrud exercitation","cupidatat veniam"}', DEFAULT, DEFAULT, DEFAULT), ('41c6ea7f-18a9-55e6-b2ba-f0f4f40a17bf', '1e7e0bcb-4fc0-5d72-81a5-d67a74a13595', 53, 'unlisted', 'Siege Tactics Handbook', '{"et dolor proident labore","non et ex","irure enim","voluptate nulla quis laborum qui","sint do","exercitation officia incididunt","fugiat deserunt","non eiusmod labore"}', DEFAULT, DEFAULT, DEFAULT), ('6071eb55-6bca-516b-b2e7-cdcdc70b2f27', 'b576de0c-954e-5345-a9e7-0d691c52341a', 54, 'private', 'Rotation Strategy Document', '{"ea reprehenderit proident elit q","id cupidatat laboris"}', DEFAULT, DEFAULT, DEFAULT), ('d7cdb9d2-07a6-5208-bc43-84429587c78d', 'e95b6e76-3b0b-57c6-9c25-54012a280790', 54, 'private', 'Gank Heavy Approach', '{"duis esse sunt","proident deserunt","cupidatat consequat fugiat ea","dolore deserunt","tempor non","excepteur quis laborum","sunt labore commodo labore","magna ex","enim eu consequat"}', DEFAULT, DEFAULT, DEFAULT), ('edba76b8-16c2-5d65-8407-7c8846b18c8d', '98b30307-7ea7-5b6c-b9e4-560fe08299de', 59, 'private', 'Defensive Turtle Tactics', '{"nisi","eiusmod eiusmod","enim cillum excepteur est","commodo consectetur voluptate","ullamco officia"}', DEFAULT, DEFAULT, DEFAULT), ('4961b154-685f-5c2d-b1f1-598100239ea4', 'abf8504a-2cfc-5a9d-a5d2-31dccd8bf00f', 52, 'public', 'Early Game Dominance Guide', '{"non labore laboris duis","est aliquip","aliquip Lorem et magna","fugiat sit elit","ut","ea excepteur ullamco sunt","fugiat nulla nulla"}', DEFAULT, DEFAULT, DEFAULT), ('81b648c1-576c-5086-ba4f-2125060d9cf0', '91fa3874-9437-5dfa-a49a-f19fb38d9e92', 56, 'unlisted', 'Siege Tactics Handbook', '{"elit enim ut","voluptate sit","velit amet ullamco do","consequat aliqua qui ea","veniam nulla adipisicing volupta","sint nisi","id nisi","laborum aliqua ullamco"}', DEFAULT, DEFAULT, DEFAULT), ('edcc20e9-95a3-50eb-b84c-a2ac5801dd1f', '763ebb5f-add9-59ff-9a26-6b4030dae259', 57, 'private', 'Objective Focused Strategy', '{"velit anim nostrud incididunt ad","ut id ut veniam"}', DEFAULT, DEFAULT, DEFAULT), ('0f7963e1-2931-5603-b1f8-5f29e095a36f', '290e51c6-7ff6-5db4-8f40-69dda051b66c', 58, 'private', 'Aggressive Rush Strategy', '{"enim"}', DEFAULT, DEFAULT, DEFAULT), ('d90cf80e-490d-5c8c-85cc-9c761060fca5', '5783cab4-e010-523b-b893-81b388f43d06', 59, 'public', 'Defensive Turtle Tactics', '{"proident voluptate laboris qui v","et dolor","commodo aute","voluptate","reprehenderit","deserunt id cillum et"}', DEFAULT, DEFAULT, DEFAULT), ('84a00f8f-8f65-512e-a89a-396ebb944774', 'f457d7a7-01f9-5225-b07a-0e782525bbc7', 60, 'unlisted', 'Counter Pick Blueprint', '{"eiusmod aliquip reprehenderit","ut"}', DEFAULT, DEFAULT, DEFAULT), ('24530daa-18f4-5736-824e-740b98d86f84', 'eff6dde6-e4aa-5c61-9818-5d7ae0bf58b7', 58, 'public', 'Objective Focused Strategy', '{}', DEFAULT, DEFAULT, DEFAULT), ('cef44dbb-01f1-53f9-a51f-bce20b8c9729', '3d4df0ce-5a7f-53e4-b486-95faf0a09720', 55, 'private', 'Gank Heavy Approach', '{"ullamco ad","occaecat Lorem qui","labore nulla dolore ea","deserunt elit"}', DEFAULT, DEFAULT, DEFAULT), ('2f432e43-c578-5d3f-a9f6-658650551fe1', '8d3f145b-67b0-504d-b49a-d59ecea5d2d8', 57, 'public', 'Vision Denial Blueprint', '{"commodo culpa ad","incididunt commodo elit","Lorem adipisicing labore ex","incididunt excepteur","duis","esse incididunt","consequat sit","laboris","quis nisi enim"}', DEFAULT, DEFAULT, DEFAULT), ('9e0ad23d-bafe-536b-a992-47ea353cf3b5', 'e7f24225-5e7d-55c3-8091-6f5a69baba70', 59, 'unlisted', 'Gank Heavy Approach', '{"labore irure sunt do","consectetur elit exercitation"}', DEFAULT, DEFAULT, DEFAULT), ('ba4f3542-9d48-574a-8df6-823d78106037', '644bfc5c-cf27-5d76-8355-4e4c8d73061f', 55, 'public', 'Defensive Turtle Tactics', '{"non laborum","labore officia non"}', DEFAULT, DEFAULT, DEFAULT), ('d5920fa6-848e-5195-b671-9577ccf74a26', 'cda3814f-c14d-5dcf-a835-797df84f6d99', 57, 'public', 'Roaming Support Plan', '{"nostrud eiusmod nisi","adipisicing excepteur nisi do","velit"}', DEFAULT, DEFAULT, DEFAULT), ('60e1ec45-4b3f-5cd2-b9e9-a6fd50c32391', 'd1b8f3f8-af26-5088-8712-273c28ba98f7', 60, 'public', 'Vision Denial Blueprint', '{"non cupidatat occaecat","exercitation ea quis ut","officia","amet veniam mollit fugiat labori"}', DEFAULT, DEFAULT, DEFAULT), ('4152396c-eaf9-5aeb-9b7d-6c26ad4d722c', '586daead-6daa-5df4-83cb-81b2e815d326', 58, 'unlisted', 'Defensive Turtle Tactics', '{"excepteur","cillum eu","dolore nulla","amet","sit"}', DEFAULT, DEFAULT, DEFAULT), ('82c66b9e-374b-5deb-960b-0b761f066806', 'd19db439-c7e7-53a7-aa19-0db346180dc1', 56, 'public', 'Late Game Scaling Strategy', '{"nisi nulla"}', DEFAULT, DEFAULT, DEFAULT), ('cb1a8444-be9e-581c-8a1e-9f0d5870d484', 'fc295a44-56fb-5a65-beee-66fd6554ae26', 51, 'public', 'Wave Management Plan', '{"id est","nisi aliqua aliqua voluptate","excepteur","ex anim magna anim","consectetur amet nisi sit","deserunt"}', DEFAULT, DEFAULT, DEFAULT), ('b4086fbf-8b55-5b20-af96-270e53efd260', '305fa448-c3bf-59c7-a989-19ae69ce0725', 57, 'unlisted', 'Siege Tactics Handbook', '{"ex et aute eu","reprehenderit excepteur","duis amet ut consequat","nulla ut do voluptate","id amet"}', DEFAULT, DEFAULT, DEFAULT), ('7dc2a385-02fd-5e9e-8ca3-480d310ce988', '349111f0-5b40-5b21-aeff-8af2b228d28f', 52, 'unlisted', 'Late Game Scaling Strategy', '{"quis elit ut esse","enim nostrud quis","consequat aliquip","cupidatat proident mollit magna","fugiat sit Lorem dolore"}', DEFAULT, DEFAULT, DEFAULT), ('bd010a0a-cb39-59ee-8218-e7f775ac9a01', '586daead-6daa-5df4-83cb-81b2e815d326', 58, 'private', 'Counter Pick Blueprint', '{"do ut id","ullamco cupidatat","qui laborum ullamco aliqua","aliquip magna exercitation minim","Lorem exercitation exercitation","magna voluptate aliqua duis enim","consectetur veniam"}', DEFAULT, DEFAULT, DEFAULT), ('eb100a5e-fbbc-5189-b323-e08ca1ddf4b2', '91fa3874-9437-5dfa-a49a-f19fb38d9e92', 57, 'public', 'Map Control Blueprint', '{"exercitation officia incididunt ","dolor ipsum do","amet do","magna","consequat sit","fugiat magna nisi consectetur pa","elit eiusmod deserunt nisi","id Lorem"}', DEFAULT, DEFAULT, DEFAULT), ('e43c6b3b-10fe-54f2-a09c-2f23976dbe42', 'b88b1af1-79fe-5af5-9c91-0c77ed20973b', 53, 'public', 'Counter Pick Blueprint', '{"laboris nulla consequat","eu commodo","ad excepteur","mollit aliqua qui duis consequat","id occaecat anim aliquip","culpa occaecat"}', DEFAULT, DEFAULT, DEFAULT), ('145f2d17-d2b0-59ee-98c0-d8b6d6c741cd', 'c7198a1e-f50c-5635-a5bf-2073d4da7bc6', 55, 'unlisted', 'Wave Management Plan', '{"reprehenderit qui veniam anim","ut","reprehenderit ex","culpa laboris officia quis","labore","irure mollit veniam ut","dolor cupidatat ex sunt","ipsum dolore qui exercitation si","duis occaecat sit","duis laboris exercitation sit"}', DEFAULT, DEFAULT, DEFAULT), ('27b7fc92-c399-5aec-bc43-ea4a7d41c984', '72d447b0-a4fa-5de7-bb4c-9ff5f169dfea', 57, 'unlisted', 'Gank Heavy Approach', '{"laborum eiusmod culpa amet","cillum","sint eiusmod","reprehenderit cillum excepteur q","incididunt ex consectetur dolore","do","laboris id","mollit occaecat labore","labore consequat enim sint non"}', DEFAULT, DEFAULT, DEFAULT), ('16e13bc2-bae9-5a1b-a23b-7f2503b73a03', 'eecf8a7e-af2f-524d-a645-c5fba3ebda06', 55, 'private', 'Baron Control Strategy', '{"qui labore in laborum","minim sint","quis consectetur","enim labore exercitation mollit","eu dolore culpa quis ut"}', DEFAULT, DEFAULT, DEFAULT), ('fb9a721d-7da1-577d-a721-ae00139d250b', 'd2268e40-fa6d-5300-9f01-b7cc8f9018e3', 59, 'unlisted', 'Aggressive Rush Strategy', '{"nisi deserunt esse excepteur nul","consectetur ad"}', DEFAULT, DEFAULT, DEFAULT), ('8514b549-2321-5223-bcae-362fbfc61c61', '9e6824f3-dac2-540f-9e3d-8797171dab14', 51, 'private', 'Split Push Blueprint', '{"sint duis","incididunt cillum","minim magna proident","laborum deserunt consectetur mag","mollit quis tempor ea","tempor eiusmod nulla enim velit","pariatur exercitation non pariat","nostrud eiusmod labore"}', DEFAULT, DEFAULT, DEFAULT), ('8d222d98-29f0-5123-b99d-cc9f19493b20', 'fe24988b-bca5-5bf5-be0f-c92da7b2cbe1', 58, 'public', 'Aggressive Rush Strategy', '{"quis laborum in","enim eu","ad exercitation duis","enim non fugiat","cupidatat nostrud voluptate elit","ad adipisicing","officia duis","ullamco anim","non duis adipisicing nostrud"}', DEFAULT, DEFAULT, DEFAULT), ('5ba895cd-4107-5c9d-a9cb-bd2d24899776', 'b134c4e5-3e41-53b3-bf3f-7f4cf023e9d7', 57, 'private', 'Vision Denial Blueprint', '{"laboris exercitation do reprehen","Lorem veniam","dolore anim","laborum"}', DEFAULT, DEFAULT, DEFAULT), ('73b23aba-b5e2-5b24-b442-00922b22f275', '349111f0-5b40-5b21-aeff-8af2b228d28f', 54, 'private', 'Jungle Control Playbook', '{"dolor proident deserunt sint","cillum laboris"}', DEFAULT, DEFAULT, DEFAULT), ('0e1a0168-a26a-5feb-9c91-7bd40d62afcc', '405dd580-b1c8-5c0e-9df0-d82b7f57175d', 57, 'private', 'Map Control Blueprint', '{"proident proident irure irure","minim ullamco anim","eiusmod voluptate quis","sit esse"}', DEFAULT, DEFAULT, DEFAULT), ('9348bed0-a52a-59cd-98df-ed8ab48ba4f7', 'eda91f04-12ef-5904-88aa-e6ed9a692e03', 56, 'private', 'Defensive Turtle Tactics', '{}', DEFAULT, DEFAULT, DEFAULT), ('1507f034-16ba-5219-b927-72f72394b9da', '2da4149c-bf3e-5f98-b904-591c69530871', 60, 'unlisted', 'Wave Management Plan', '{"ut nulla cillum officia ullamco","occaecat dolor ullamco","quis sit eiusmod mollit"}', DEFAULT, DEFAULT, DEFAULT), ('3d6517ba-6968-54c9-9934-5dca00f20f48', '6fc34c52-742f-56c2-b6c3-89dee63a8839', 58, 'private', 'Defensive Turtle Tactics', '{"anim exercitation sit","consequat nulla eiusmod","ipsum labore minim labore","aliquip nulla exercitation volup","id","proident irure tempor","dolor anim et"}', DEFAULT, DEFAULT, DEFAULT), ('253eb1a7-6466-5751-bb80-ba728a9d5688', 'af5fa9a8-f7df-5a87-830c-3e8d39f06eae', 60, 'public', 'Split Push Blueprint', '{"ea sint","pariatur laborum in sunt","voluptate","velit officia nostrud sint"}', DEFAULT, DEFAULT, DEFAULT), ('84afba7a-f643-5519-b420-54d83f591e9d', '844afdcc-93cf-55c8-b0f1-1cc22329a30b', 55, 'unlisted', 'Roaming Support Plan', '{"mollit eu laboris","labore cillum voluptate do","culpa ea commodo do pariatur","pariatur consectetur reprehender","nisi irure"}', DEFAULT, DEFAULT, DEFAULT), ('59b35be9-9d21-5b79-8875-4954a08d7239', 'f457d7a7-01f9-5225-b07a-0e782525bbc7', 55, 'public', 'Late Game Scaling Strategy', '{"aliqua dolore irure enim","veniam tempor aliquip elit nulla","pariatur aute","amet fugiat esse et","sunt id aliqua","ex esse magna","ut"}', DEFAULT, DEFAULT, DEFAULT), ('b3ff9604-63d2-533f-8bbb-d5f0486381ad', 'ba60341e-ffca-5a8d-85d2-58afc6ff269c', 55, 'unlisted', 'Rotation Strategy Document', '{"qui et ullamco","id adipisicing excepteur","ad officia","in eiusmod"}', DEFAULT, DEFAULT, DEFAULT), ('bcc899da-7629-5e0e-b560-5f5f6e7060e1', '2c5573d9-9522-50a1-b9d9-3ef48e8629b4', 59, 'private', 'Counter Pick Blueprint', '{"duis sint do occaecat","Lorem ipsum"}', DEFAULT, DEFAULT, DEFAULT), ('96dbca51-d731-5e2c-a3d4-62e8f0faa072', '1c40127d-ff75-5e7b-a8cb-0c9592423db2', 55, 'unlisted', 'Map Control Blueprint', '{"cupidatat mollit do","est nisi"}', DEFAULT, DEFAULT, DEFAULT), ('fc633e1f-14b8-590b-a0ba-c22147aaeeb4', '70b4d1da-5ee3-5bd6-aecb-9af8ab670b84', 56, 'private', 'Secure Objective Playbook', '{"laboris pariatur","labore excepteur","duis in ullamco","mollit laborum","duis"}', DEFAULT, DEFAULT, DEFAULT), ('49af1081-9f3e-5569-af2e-1029eb808baf', 'f457d7a7-01f9-5225-b07a-0e782525bbc7', 54, 'public', 'Late Game Scaling Strategy', '{"in dolor incididunt","minim","tempor mollit","ut eiusmod ut","culpa id","nulla pariatur"}', DEFAULT, DEFAULT, DEFAULT), ('28c7fcd5-dc0b-528f-92f0-3e19e7b94b50', '8babc841-00b0-585f-9ca3-85ef68fec1f7', 59, 'public', 'Gank Heavy Approach', '{"et consectetur id id dolore","labore","ipsum nisi"}', DEFAULT, DEFAULT, DEFAULT), ('38780d0a-620c-5420-b84b-aa917e5db8c1', '5cdb9712-16b6-532e-9cc7-8cf7dfbe9b6b', 51, 'unlisted', 'Aggressive Rush Strategy', '{"minim proident excepteur","magna mollit eu","dolor laboris incididunt culpa","ullamco non laboris","tempor ipsum et dolor irure"}', DEFAULT, DEFAULT, DEFAULT), ('535c1e86-4fb0-59ea-8076-b54244994b61', '89f211a9-c1e7-5fa6-9108-784d98291012', 56, 'unlisted', 'Split Push Blueprint', '{"quis eu est in occaecat"}', DEFAULT, DEFAULT, DEFAULT), ('5e181f1c-b93c-59a3-a161-c4d4e29f775e', 'a5831e58-2fc9-5b59-970d-00c344a4eb18', 54, 'unlisted', 'Secure Objective Playbook', '{"reprehenderit in","adipisicing mollit","sit consectetur proident non","excepteur cupidatat sint ipsum","occaecat consectetur adipisicing","culpa adipisicing ullamco","esse consectetur nisi","sint nulla"}', DEFAULT, DEFAULT, DEFAULT), ('0cd34502-daee-52d8-b8a4-7aa032065e8a', 'f7f33f5b-7e02-5784-9db2-ed2995544a54', 52, 'public', 'Objective Focused Strategy', '{"eu eiusmod dolor","aliquip duis ad officia","labore esse exercitation","anim","nisi laboris cupidatat amet"}', DEFAULT, DEFAULT, DEFAULT), ('6c9b6808-e737-5f8f-b196-93c0598b34b9', '5d378209-1fd5-506f-8b3f-511a16489d69', 57, 'public', 'Roaming Support Plan', '{}', DEFAULT, DEFAULT, DEFAULT), ('f498173a-b4a1-5b37-ad0b-67596b4fe0ac', 'd6d4ebe8-fe3c-5e62-98d8-e678f356450c', 58, 'unlisted', 'Siege Tactics Handbook', '{"proident ullamco est sunt","proident sint incididunt","incididunt","cillum veniam velit duis","do pariatur","nisi amet officia sunt"}', DEFAULT, DEFAULT, DEFAULT), ('b0d542cd-fe80-5cad-9bd6-a81d0ed1c2f4', '3af5be38-b117-5675-8d7a-e27a1a34e8a8', 58, 'unlisted', 'Vision Control Blueprint', '{"laborum tempor excepteur Lorem","enim Lorem eiusmod et","dolore irure","culpa tempor","amet in","ipsum et","fugiat proident","tempor ad","culpa est laborum","ipsum ipsum"}', DEFAULT, DEFAULT, DEFAULT), ('cd506b7e-0f7c-526c-b650-bb799376c313', '3b3a2ed4-3283-5a09-84d9-c7de876d5510', 52, 'unlisted', 'Gank Heavy Approach', '{"nulla exercitation","laborum eiusmod elit in","nisi aliquip ex minim mollit","duis nostrud","ex occaecat"}', DEFAULT, DEFAULT, DEFAULT), ('d625f518-4ec3-51e2-95c0-6cf965668d68', 'a4b32498-f3a6-5110-a5b6-de20f0314c35', 58, 'public', 'Wave Management Plan', '{"ex ex nostrud"}', DEFAULT, DEFAULT, DEFAULT), ('66b76653-1cc5-50ef-a109-c059c945f253', '2190cc4c-2cc5-5f9f-983d-55f70f31e468', 59, 'private', 'Team Fight Execution Plan', '{"ipsum tempor nisi dolor","nulla excepteur incididunt ea","adipisicing veniam id ad","et pariatur non et","tempor labore nostrud proident","reprehenderit"}', DEFAULT, DEFAULT, DEFAULT), ('a6dbcc80-e965-5682-9448-6a65a83787b3', '3adfc207-aaeb-5fa1-b329-eb7ef2061320', 51, 'public', 'Roaming Support Plan', '{"anim esse","irure do esse","dolor mollit ipsum","Lorem aute aliquip ea","nisi cupidatat id qui ad","occaecat exercitation irure","adipisicing magna ea","labore cupidatat","id mollit","adipisicing incididunt"}', DEFAULT, DEFAULT, DEFAULT), ('c4d9fc37-aa2c-5cf4-8cef-779723958882', '0e342915-b360-541f-8c0a-bdf36b3c0ce2', 59, 'unlisted', 'Vision Control Blueprint', '{"exercitation excepteur duis","enim quis dolor ad","velit do","mollit pariatur in ullamco","sint duis ea aliqua","sint enim","enim nulla","nisi","amet quis commodo","mollit proident esse voluptate p"}', DEFAULT, DEFAULT, DEFAULT), ('cbdcc83c-77a1-5d75-ace8-183321930672', 'e7f24225-5e7d-55c3-8091-6f5a69baba70', 53, 'private', 'Map Control Blueprint', '{"ut adipisicing do consequat","proident culpa proident","aliqua labore duis sit","deserunt ut ipsum excepteur","magna aliquip"}', DEFAULT, DEFAULT, DEFAULT), ('46b593cf-05b9-5316-ba74-ef4cf062dcc9', '9af6e0ef-7015-5390-856a-705032c2e40e', 55, 'unlisted', 'Vision Control Blueprint', '{"laboris","irure in aute","consectetur ullamco cupidatat","officia reprehenderit","ea amet excepteur duis","eu cupidatat non duis","ipsum ullamco magna veniam","ea adipisicing qui anim","minim aliqua velit do"}', DEFAULT, DEFAULT, DEFAULT), ('1770dbe6-c529-520b-a36c-454b023ccb2c', 'bf251b09-11da-503b-84c5-60ec2f7d4e17', 56, 'public', 'Roaming Support Plan', '{"dolor voluptate ad magna irure","cupidatat aliquip ad sit","cillum sunt voluptate quis","qui veniam ipsum","in","dolore excepteur incididunt Lore","aute consectetur in cillum velit","incididunt minim nostrud id labo","incididunt in"}', DEFAULT, DEFAULT, DEFAULT), ('65973815-006c-531b-b69f-bd5d086f7786', 'd92658af-bb2e-5f93-9170-bc8d85a6ad50', 58, 'unlisted', 'Wave Management Plan', '{"adipisicing aute","do sint elit sit anim","consectetur minim elit dolor","ipsum cillum ipsum ullamco magna","veniam","velit ipsum","consectetur ad dolor"}', DEFAULT, DEFAULT, DEFAULT), ('0cd413aa-1a82-5832-9edb-17fd5c059a41', '0e342915-b360-541f-8c0a-bdf36b3c0ce2', 60, 'private', 'Vision Denial Blueprint', '{"laborum in dolor ad","sunt quis","laborum","esse in","laborum in","enim fugiat veniam enim","ad laboris aliquip pariatur","cupidatat ipsum cillum tempor"}', DEFAULT, DEFAULT, DEFAULT), ('5153bc7b-cd04-5c5e-83e9-7b7a5a1390e6', 'b7a89d05-549f-565f-b631-b59097e91d1a', 54, 'public', 'Roaming Support Plan', '{"commodo","incididunt amet cillum ea"}', DEFAULT, DEFAULT, DEFAULT), ('bd276dfa-2ddb-52c7-9feb-6d2cc281335e', 'db9f2a26-569b-5431-9216-bcd2cf256bbd', 52, 'private', 'Map Control Blueprint', '{"eiusmod","id amet incididunt","magna anim irure","fugiat id enim incididunt eu","magna ullamco adipisicing","elit laboris in","in ipsum minim"}', DEFAULT, DEFAULT, DEFAULT), ('12cafb5f-6adc-5f24-a738-9455dde3eb2a', 'bf251b09-11da-503b-84c5-60ec2f7d4e17', 52, 'public', 'Wave Management Plan', '{"reprehenderit in","veniam nisi minim cillum irure","sunt est Lorem magna","aliqua laborum amet","sit cupidatat","reprehenderit do et culpa","veniam aliquip ad sit sit","anim in"}', DEFAULT, DEFAULT, DEFAULT), ('e017f166-fa51-5fb5-af86-6fc41cad9674', '5783cab4-e010-523b-b893-81b388f43d06', 52, 'private', 'Secure Objective Playbook', '{}', DEFAULT, DEFAULT, DEFAULT), ('544f27bb-a8e9-5b6b-8ec7-f1cfe91406e2', 'b576de0c-954e-5345-a9e7-0d691c52341a', 55, 'public', 'Wave Management Plan', '{"occaecat occaecat","irure qui commodo","aute laborum amet","sunt occaecat","consectetur dolore","officia magna laboris"}', DEFAULT, DEFAULT, DEFAULT), ('a704d0a7-ee9e-5aa5-bba9-aff3556d41a2', '1e7e0bcb-4fc0-5d72-81a5-d67a74a13595', 55, 'private', 'Wave Management Plan', '{"reprehenderit minim","dolor aliqua mollit consequat","mollit sit","consequat aute","dolore adipisicing","cillum pariatur cillum fugiat"}', DEFAULT, DEFAULT, DEFAULT), ('a758f3b0-169f-56a9-80db-acb9f3972464', '960932a7-c474-5ba2-97bb-0581aeeca485', 52, 'public', 'Defensive Turtle Tactics', '{"ipsum","proident dolore eu pariatur","velit enim"}', DEFAULT, DEFAULT, DEFAULT), ('1ebb07c2-9cc9-56df-b9e3-71837bafdca1', '6a3486ce-c3fa-519b-8ad1-f329a5c3ee43', 55, 'unlisted', 'Early Game Dominance Guide', '{"aute eiusmod","excepteur ex","Lorem","veniam aute magna culpa quis","cupidatat ipsum non","officia ut voluptate","voluptate et","qui dolore eiusmod"}', DEFAULT, DEFAULT, DEFAULT), ('217c4ba5-3ca5-503f-8fcd-2cf91341f163', 'ba4d6fef-111f-5ce5-883e-2b3880f373bf', 59, 'public', 'Vision Control Blueprint', '{"do officia","officia consectetur","fugiat duis","amet","consectetur quis nisi","consequat minim sit ex id"}', DEFAULT, DEFAULT, DEFAULT), ('63c64b00-d130-5928-b403-258ebdb17248', '8b7e423b-b9b9-5b3c-bf3d-1aa45d16235c', 59, 'private', 'Early Game Dominance Guide', '{"tempor adipisicing nisi","qui","esse irure cupidatat ad","cupidatat ipsum do amet","veniam do"}', DEFAULT, DEFAULT, DEFAULT), ('0deb1a0e-8f26-576f-af23-e26ef824ea0b', '45173bfe-a11f-574a-ac25-21cda1308ec9', 60, 'unlisted', 'Split Push Blueprint', '{"sit commodo ut dolore"}', DEFAULT, DEFAULT, DEFAULT), ('924718ca-0525-5af0-b71a-2560f2cc09a0', 'f6a7cc82-a609-50ee-a839-9fa8b1a9631d', 58, 'public', 'Map Control Blueprint', '{"proident eiusmod sint","do culpa est","dolor id magna","enim","occaecat enim anim laboris","nisi","laborum ullamco est","irure elit sint ad enim"}', DEFAULT, DEFAULT, DEFAULT), ('877842c0-f0dc-575b-a7ad-30915aaaeebe', 'b4725825-2a5a-5e18-a190-e59f4cb9f1b5', 52, 'private', 'Secure Objective Playbook', '{"dolor","nostrud aute"}', DEFAULT, DEFAULT, DEFAULT), ('ebce0b2a-b558-5f18-bddc-2af385fe3118', '5ce056de-a21e-5eba-9d47-e09232047aae', 55, 'unlisted', 'Baron Control Strategy', '{"ut nostrud","qui officia velit"}', DEFAULT, DEFAULT, DEFAULT), ('67f00577-22b1-541a-b8eb-43f4241ec322', 'fb634118-b8a6-50b7-9010-0317dd27fba6', 52, 'private', 'Objective Focused Strategy', '{"anim aliqua","est reprehenderit ex ullamco","dolor excepteur","sit sunt anim","adipisicing ipsum","exercitation ipsum labore ad","excepteur sit aliqua"}', DEFAULT, DEFAULT, DEFAULT), ('5c1d9b7d-9f54-545c-ae19-f60dd5ff1d25', '750322e1-101b-5f9e-b670-d325392f4504', 53, 'unlisted', 'Aggressive Rush Strategy', '{"et sunt duis aute est","occaecat anim nostrud adipisicin","sunt proident","officia eu voluptate Lorem","tempor culpa irure","dolor laboris reprehenderit ulla","id cillum occaecat culpa","anim"}', DEFAULT, DEFAULT, DEFAULT), ('339c2395-3fcf-5f3b-90ec-90611b01fa37', '07887ba5-321a-560d-8cab-a4032e361bc5', 55, 'public', 'Early Game Dominance Guide', '{"labore labore nostrud","ullamco eiusmod","amet qui quis","commodo dolor","consectetur fugiat adipisicing n","ut duis","dolor ipsum","ullamco voluptate laborum magna"}', DEFAULT, DEFAULT, DEFAULT), ('3e26da35-99ab-5fee-95a6-ca3120af490b', '5d378209-1fd5-506f-8b3f-511a16489d69', 59, 'unlisted', 'Vision Control Blueprint', '{"adipisicing adipisicing sint"}', DEFAULT, DEFAULT, DEFAULT), ('540a4921-798c-58f1-8dda-fbb9b912bb43', 'ac9f0e3e-b030-584f-a8dd-87355fe22537', 60, 'unlisted', 'Vision Denial Blueprint', '{"sit ut elit","ullamco tempor minim eiusmod","ullamco deserunt aliquip est","nisi mollit fugiat nulla","occaecat deserunt sit magna","aliquip cillum commodo","et velit minim","ad culpa pariatur","veniam in exercitation do"}', DEFAULT, DEFAULT, DEFAULT), ('81b847bf-bc05-538e-bdc5-721f48634b78', '452112d1-c377-57c1-bac3-4121d3e3bdcc', 52, 'unlisted', 'Gank Heavy Approach', '{"aliqua sint labore velit tempor","ut pariatur sint elit","non nisi pariatur","in veniam sit","veniam est nostrud enim tempor","magna officia et velit"}', DEFAULT, DEFAULT, DEFAULT), ('2c9d2493-4412-5eae-aa39-69858c4bfd99', '7d0c4d54-58ae-5ddf-b108-590171e8655a', 58, 'private', 'Gank Heavy Approach', '{"pariatur laborum"}', DEFAULT, DEFAULT, DEFAULT), ('51ef9256-0eab-579a-868b-52c27ddf10e9', '1c40127d-ff75-5e7b-a8cb-0c9592423db2', 54, 'unlisted', 'Early Game Dominance Guide', '{"incididunt ipsum excepteur","cillum laborum","esse consectetur in dolor","eu enim","adipisicing","quis","magna Lorem","commodo mollit"}', DEFAULT, DEFAULT, DEFAULT), ('d6ceb82b-4af2-5d8a-96c1-8d6a9db93a31', 'cfbfd1d4-e77f-57e5-94da-e9ff2cc7a996', 52, 'public', 'Aggressive Rush Strategy', '{"eu excepteur","fugiat","incididunt magna incididunt","elit aliqua","consequat labore","magna","laborum mollit id officia","culpa","eiusmod magna incididunt"}', DEFAULT, DEFAULT, DEFAULT), ('01ae0a36-6172-5c0a-baff-6c1805e0976a', 'd664e8db-93ef-5294-a361-9e8640907e59', 59, 'public', 'Wave Management Plan', '{"amet nulla","duis aute duis ullamco labore","aute ex in commodo","aute","commodo ut eiusmod","commodo fugiat sint pariatur"}', DEFAULT, DEFAULT, DEFAULT), ('df70af8b-9578-5bd7-9fd6-02ad92eaedca', '5034bc4f-306f-5e76-8ef2-99198efc3a69', 59, 'unlisted', 'Gank Heavy Approach', '{}', DEFAULT, DEFAULT, DEFAULT), ('82fca927-01aa-5c29-8d7a-7a868f9ba6ea', '756cbb59-27d6-58f3-b4b9-8b56121e683f', 55, 'public', 'Rotation Strategy Document', '{}', DEFAULT, DEFAULT, DEFAULT), ('4e5550d4-d39a-56c3-8f19-971fdeeb787e', '5d378209-1fd5-506f-8b3f-511a16489d69', 54, 'unlisted', 'Vision Denial Blueprint', '{"aliquip commodo mollit aliquip m","sit deserunt veniam aliquip ut","adipisicing","fugiat pariatur aliquip","consequat ex est","culpa magna","amet cupidatat","amet consectetur dolore duis sun"}', DEFAULT, DEFAULT, DEFAULT), ('83ec5ac5-8c23-5e38-8151-36af62098fff', 'd00c085d-72d6-5114-a5fd-ba818539c2f7', 51, 'private', 'Siege Tactics Handbook', '{"aute aliquip commodo sit","culpa excepteur voluptate enim t","nostrud adipisicing ad eu","ut deserunt ad nisi","deserunt ut minim pariatur"}', DEFAULT, DEFAULT, DEFAULT), ('d1996167-52fb-5e4a-b849-75efada773e6', '6c3f6730-2b1a-5e27-97de-caacad0bb1a5', 53, 'unlisted', 'Defensive Turtle Tactics', '{"aliquip ad id","consectetur anim","enim labore sunt dolore","sit eu pariatur labore eu","aliquip do nulla","in adipisicing","adipisicing laborum anim esse an","quis Lorem ea"}', DEFAULT, DEFAULT, DEFAULT), ('1818e464-6a87-5266-8677-c069741c3ab2', '86e03e09-1744-508f-b91c-c48f85d8ffcb', 57, 'unlisted', 'Vision Control Blueprint', '{"occaecat","anim elit excepteur exercitation","nostrud dolor esse ipsum tempor","ut excepteur tempor occaecat","in ea exercitation","tempor eu","in exercitation sint duis","esse laboris dolore","enim tempor"}', DEFAULT, DEFAULT, DEFAULT), ('13ebb239-29e1-53ff-93b0-d55e3db05a11', '9bcb6997-9423-57c0-978a-09ad67de00e3', 51, 'unlisted', 'Baron Control Strategy', '{"incididunt in","cillum laboris","magna","magna quis","ullamco sunt","non aliquip","fugiat elit aute minim","ex in ex exercitation","culpa do","tempor laborum exercitation"}', DEFAULT, DEFAULT, DEFAULT), ('a0a63713-f2dd-56aa-98a3-f6a26bcae5b9', 'fc295a44-56fb-5a65-beee-66fd6554ae26', 60, 'unlisted', 'Jungle Control Playbook', '{"ullamco excepteur","deserunt elit laborum"}', DEFAULT, DEFAULT, DEFAULT), ('4029bbad-86a6-5e60-a150-da0664c62b92', '88133dcb-8b00-5c2c-aee5-9f0743f5239d', 52, 'private', 'Team Fight Execution Plan', '{"officia ex aliquip","do deserunt amet anim incididunt","consectetur nisi","nisi","nostrud culpa mollit","eu minim sit","consequat nulla","in Lorem et nulla"}', DEFAULT, DEFAULT, DEFAULT), ('6636a6a8-3a2d-5862-bb24-3e77bffdb640', 'f52ce409-f800-5a86-b4ed-ce1a99a8a6ae', 58, 'private', 'Wave Management Plan', '{"duis ipsum reprehenderit","non et mollit","mollit incididunt duis et anim","tempor ad","enim ea"}', DEFAULT, DEFAULT, DEFAULT), ('4ba85443-f89e-5d68-8d4a-da572969b0dd', 'd2f08d89-447f-5d3d-96e5-385ed888c091', 59, 'public', 'Split Push Blueprint', '{"culpa Lorem sit et adipisicing","adipisicing nisi","elit sint ullamco id"}', DEFAULT, DEFAULT, DEFAULT), ('55fbf0ae-1fd2-57d5-9884-2ceca8eef8f3', '549980e7-3e77-5d76-b263-84664d04b209', 53, 'unlisted', 'Team Fight Execution Plan', '{"deserunt pariatur mollit qui","duis esse in sunt ad","proident","elit dolore nulla","laboris","excepteur veniam cillum culpa","consequat ex elit"}', DEFAULT, DEFAULT, DEFAULT), ('c91a5204-a47c-5f58-8042-f917f2facb4b', 'eecf8a7e-af2f-524d-a645-c5fba3ebda06', 59, 'public', 'Late Game Scaling Strategy', '{"nulla id aute reprehenderit ipsu","tempor quis adipisicing anim","nulla minim aliquip","minim veniam fugiat sit","ex ad","aute sunt sit mollit","dolore ullamco duis","aliquip commodo dolor ad","id irure","dolore dolor et occaecat"}', DEFAULT, DEFAULT, DEFAULT), ('fdca53a8-e101-5585-90b8-82f7d3c1fc24', '45173bfe-a11f-574a-ac25-21cda1308ec9', 59, 'public', 'Jungle Control Playbook', '{"ullamco magna eu sunt dolore","qui laboris adipisicing minim ex"}', DEFAULT, DEFAULT, DEFAULT), ('a76c18ad-af72-57b7-b165-f7757943d51e', '21a7e579-98a3-5757-a0a8-913f2da95aba', 59, 'unlisted', 'Jungle Control Playbook', '{}', DEFAULT, DEFAULT, DEFAULT), ('bf7ffe87-c4e2-5aa1-86f7-2fdfa8315ff6', 'b67e09de-df70-515b-91d0-6e53f3b4a58a', 54, 'unlisted', 'Gank Heavy Approach', '{"dolor occaecat reprehenderit","nostrud eu veniam","sit","occaecat quis aliqua in","ea culpa","commodo minim magna non","non qui mollit et labore","Lorem aute velit ex"}', DEFAULT, DEFAULT, DEFAULT), ('764f06ba-b246-5c62-8e43-89fe991c749d', 'eecf8a7e-af2f-524d-a645-c5fba3ebda06', 55, 'public', 'Secure Objective Playbook', '{"sunt est dolor","ea cillum"}', DEFAULT, DEFAULT, DEFAULT), ('229d48f9-9e17-5f91-bd2c-3f3cdbae28c1', '5f651c76-ceba-56db-bd60-512d4079ec53', 58, 'public', 'Counter Pick Blueprint', '{"et ut reprehenderit veniam","enim adipisicing","culpa qui qui incididunt","dolore id ad cillum","velit anim","enim cillum sint","dolore dolor"}', DEFAULT, DEFAULT, DEFAULT), ('505fdba9-c563-5897-bd99-f3fd7e6efb10', '3a804324-748d-571a-afad-6b9c20a35337', 53, 'private', 'Map Control Blueprint', '{"occaecat esse dolore dolore"}', DEFAULT, DEFAULT, DEFAULT), ('ad47e58b-6404-5eb4-b01c-1ab02b3af226', '672ad514-6b43-58ed-b7aa-f70ed34485d9', 59, 'private', 'Gank Heavy Approach', '{"eiusmod officia","est"}', DEFAULT, DEFAULT, DEFAULT), ('4ae4f149-a1da-5a76-913f-5ea02c87f4e0', 'fa904169-96b2-5473-b48d-c7f225d6dfb3', 53, 'unlisted', 'Counter Pick Blueprint', '{"veniam excepteur"}', DEFAULT, DEFAULT, DEFAULT), ('a85217e5-f8d6-5dd0-996b-8464fa1021ff', 'e65e3ae4-b6c1-5ea9-8919-68994c5760a0', 59, 'public', 'Counter Pick Blueprint', '{"duis mollit","anim enim amet dolore","sit qui dolore"}', DEFAULT, DEFAULT, DEFAULT), ('b21411a7-0afc-5cf3-81fc-471ab95f5d8d', 'd35ecca3-ac35-5e28-8e7e-6a25de908d18', 58, 'unlisted', 'Vision Denial Blueprint', '{"aliqua","proident"}', DEFAULT, DEFAULT, DEFAULT), ('d37fd98f-746a-582e-a0fc-de28d96e48c5', '2190cc4c-2cc5-5f9f-983d-55f70f31e468', 51, 'public', 'Siege Tactics Handbook', '{"aliquip et","ad dolore","commodo ipsum","ut deserunt anim labore","proident exercitation adipisicin","et do"}', DEFAULT, DEFAULT, DEFAULT), ('2dc53ff7-923f-50df-a732-82b60afbba2f', '452112d1-c377-57c1-bac3-4121d3e3bdcc', 58, 'unlisted', 'Roaming Support Plan', '{"adipisicing sint magna","nostrud in amet officia ut","ipsum adipisicing","ipsum est","reprehenderit aliqua officia exc","nostrud","sit tempor","officia incididunt do nisi"}', DEFAULT, DEFAULT, DEFAULT), ('f9690101-a16f-5108-b391-78c9dba8aeee', '5f651c76-ceba-56db-bd60-512d4079ec53', 56, 'unlisted', 'Late Game Scaling Strategy', '{"do","ut dolore laboris minim","ex reprehenderit laborum eu et","nisi excepteur laboris","mollit sit ut","adipisicing aute dolore officia"}', DEFAULT, DEFAULT, DEFAULT), ('7441a375-e1c1-5111-b299-b73d6da10ca2', '887dee3f-7921-537c-91f1-8b0d43117b12', 52, 'unlisted', 'Vision Denial Blueprint', '{"fugiat excepteur","consectetur adipisicing dolor la","aute exercitation ad adipisicing"}', DEFAULT, DEFAULT, DEFAULT), ('ca1d2bcf-5a98-5759-81b6-75e3ed47122a', '0e342915-b360-541f-8c0a-bdf36b3c0ce2', 52, 'private', 'Objective Focused Strategy', '{"irure ullamco magna nulla","laborum proident incididunt","qui dolor anim","ullamco excepteur mollit labore","voluptate minim amet deserunt","non dolor"}', DEFAULT, DEFAULT, DEFAULT), ('77b1dab4-a856-5c18-bb24-053f8869bc5b', '3c0af99e-82a0-5346-8da5-2d2825b8a66d', 54, 'private', 'Rotation Strategy Document', '{"sint ut incididunt","nulla","est Lorem ipsum eiusmod"}', DEFAULT, DEFAULT, DEFAULT), ('08b3c695-d6fb-54e4-9ef2-bf508a57adc1', '5d378209-1fd5-506f-8b3f-511a16489d69', 56, 'public', 'Aggressive Rush Strategy', '{"sint labore occaecat non aliqua","dolore minim elit","mollit amet","et ex","culpa aliqua minim","irure"}', DEFAULT, DEFAULT, DEFAULT), ('7dc16d02-274a-5e7f-bc31-6af29982313f', '5034bc4f-306f-5e76-8ef2-99198efc3a69', 57, 'private', 'Late Game Scaling Strategy', '{"excepteur","cillum ipsum exercitation ea","consequat consectetur","dolor qui excepteur eiusmod","commodo ea ex ullamco"}', DEFAULT, DEFAULT, DEFAULT), ('acad405c-f8e9-559b-bd11-e0ffc3bebca6', 'ac9f0e3e-b030-584f-a8dd-87355fe22537', 51, 'unlisted', 'Siege Tactics Handbook', '{"magna sint enim qui nulla","ut consequat","deserunt","culpa anim"}', DEFAULT, DEFAULT, DEFAULT), ('16d95573-87cd-5d45-be45-e8a020ba40ac', '94daea14-9b93-5933-9044-5ccc1eb32f8f', 51, 'private', 'Counter Pick Blueprint', '{"ea minim nisi laboris","eiusmod","occaecat culpa culpa quis","mollit commodo nisi","magna tempor quis in","consectetur qui","fugiat aliquip ut Lorem enim","do consectetur aliqua magna elit"}', DEFAULT, DEFAULT, DEFAULT), ('5a993b43-eca0-563f-b6c9-fdd440759e85', '36ab6720-a24b-578b-8d3f-3d9bb0485851', 55, 'unlisted', 'Team Fight Execution Plan', '{"eu et occaecat","ullamco do","amet nulla laborum ullamco deser","labore anim eiusmod cillum"}', DEFAULT, DEFAULT, DEFAULT), ('f7bfc2c8-d52a-5806-97fd-77bd67d93b23', 'ac9f0e3e-b030-584f-a8dd-87355fe22537', 53, 'unlisted', 'Counter Pick Blueprint', '{"ipsum qui labore enim consequat","sunt cupidatat","labore consequat duis irure","irure Lorem","consectetur"}', DEFAULT, DEFAULT, DEFAULT), ('748d5a8c-f2bf-5974-9c72-24f98b85813b', '28a1ca86-fc34-5d5b-bda6-792b581f58de', 52, 'private', 'Defensive Turtle Tactics', '{}', DEFAULT, DEFAULT, DEFAULT), ('808d9117-ba04-5cb0-8827-639e2642b0ee', 'eea550bd-8120-5fb2-9339-ad3a549506d4', 58, 'public', 'Team Fight Execution Plan', '{"aliquip cupidatat consequat","dolor nostrud non","officia Lorem deserunt incididun","commodo","exercitation commodo","ex laboris anim","consequat sit","qui mollit sit minim","enim"}', DEFAULT, DEFAULT, DEFAULT), ('e0185351-5b08-58b2-bd3e-c09965750112', 'ca65e33b-de71-5d46-933a-849036127987', 59, 'public', 'Roaming Support Plan', '{"tempor","amet","laboris est","consequat duis commodo"}', DEFAULT, DEFAULT, DEFAULT), ('993f7ab3-9b54-5771-a99e-0c6d75a1f37d', 'df686e46-eb10-5a3f-abfb-03f34e72d244', 54, 'unlisted', 'Late Game Scaling Strategy', '{"irure amet","amet proident magna eu","adipisicing aute quis","ex","incididunt elit ad eu"}', DEFAULT, DEFAULT, DEFAULT), ('bdb5114a-76d3-5fe4-944c-043e7ebd99da', '9bcb6997-9423-57c0-978a-09ad67de00e3', 58, 'public', 'Baron Control Strategy', '{"amet ad","exercitation culpa dolore","fugiat quis cillum"}', DEFAULT, DEFAULT, DEFAULT), ('aa4964a1-4611-5528-9df9-ef170866214f', '405dd580-b1c8-5c0e-9df0-d82b7f57175d', 53, 'unlisted', 'Baron Control Strategy', '{"elit eiusmod","eu duis","Lorem veniam","nostrud velit ipsum consequat","eiusmod nulla","adipisicing ad exercitation cons","commodo duis eiusmod"}', DEFAULT, DEFAULT, DEFAULT), ('ec14513a-7d3c-5172-b68b-d531791ec9de', '31ac52db-fa89-5177-b667-1cf6526a929a', 57, 'private', 'Aggressive Rush Strategy', '{"nisi consequat","veniam velit"}', DEFAULT, DEFAULT, DEFAULT), ('a0f81f50-aa3d-5780-b485-a54fb7b7833a', '9bcb6997-9423-57c0-978a-09ad67de00e3', 60, 'private', 'Team Fight Execution Plan', '{"commodo qui sit sit ipsum","ipsum esse ullamco minim","est non non","id fugiat id","magna ea id commodo","esse mollit ipsum","laborum aliqua","velit excepteur"}', DEFAULT, DEFAULT, DEFAULT), ('aabd5608-e04b-5bd8-8d75-d004a1b17409', 'c72c7230-479d-51cc-940d-5fec1bea4502', 60, 'unlisted', 'Objective Focused Strategy', '{"anim amet est mollit","quis deserunt cillum esse","in ut eiusmod ad","sit","nostrud pariatur ullamco ex mini","enim quis esse","magna proident id","aliqua ut deserunt aute officia"}', DEFAULT, DEFAULT, DEFAULT), ('7bcc2b79-de31-5963-9cfd-559af77da3be', '8b7e423b-b9b9-5b3c-bf3d-1aa45d16235c', 58, 'unlisted', 'Wave Management Plan', '{"elit","qui esse nisi cillum consequat","elit exercitation","ipsum eu"}', DEFAULT, DEFAULT, DEFAULT), ('b4293a01-a1be-5e58-a088-abc550c9f820', 'e95b6e76-3b0b-57c6-9c25-54012a280790', 54, 'private', 'Early Game Dominance Guide', '{"ea dolor cillum adipisicing","ad labore"}', DEFAULT, DEFAULT, DEFAULT), ('a97e2960-b385-5f99-88c2-9e562f32234e', '644bfc5c-cf27-5d76-8355-4e4c8d73061f', 57, 'public', 'Team Fight Execution Plan', '{"consectetur","et do duis ipsum Lorem","culpa voluptate ut","enim ut cupidatat Lorem","magna occaecat ipsum dolor incid","fugiat ullamco mollit elit","reprehenderit Lorem"}', DEFAULT, DEFAULT, DEFAULT), ('db39a462-f36a-54ba-b38e-2fcf35273cba', '9af6e0ef-7015-5390-856a-705032c2e40e', 53, 'private', 'Counter Pick Blueprint', '{"aliquip ut nisi amet","occaecat officia","velit","fugiat incididunt et eiusmod cil"}', DEFAULT, DEFAULT, DEFAULT), ('35dc016a-9edc-565d-923e-9bee9a60bd24', 'dc58dd7b-bb54-5abe-8208-becc5e0561ad', 54, 'public', 'Siege Tactics Handbook', '{"exercitation culpa nostrud","et","eu cupidatat non ut et","quis in fugiat","cupidatat mollit pariatur","dolore est est","deserunt do","eiusmod officia"}', DEFAULT, DEFAULT, DEFAULT), ('61e4dc6c-b183-5c81-91cb-8dc622fd6913', 'b4725825-2a5a-5e18-a190-e59f4cb9f1b5', 52, 'unlisted', 'Siege Tactics Handbook', '{"reprehenderit mollit laborum lab","excepteur ad laborum","et commodo","elit reprehenderit","fugiat exercitation fugiat","deserunt reprehenderit est venia","incididunt eu ex"}', DEFAULT, DEFAULT, DEFAULT), ('b5df5eae-45e8-5f54-a8f9-351afabf5f65', '1d3f740a-8c60-5c1d-aa9e-3854a33c8e1d', 59, 'unlisted', 'Rotation Strategy Document', '{"labore cupidatat tempor laboris ","mollit amet aliquip","non non pariatur","occaecat eu","cillum veniam ipsum","consectetur consequat laborum ni","irure laboris","amet consequat velit reprehender","officia aliquip ut quis"}', DEFAULT, DEFAULT, DEFAULT), ('18aa22db-700e-5a8a-892c-5bf7b7da1bbf', '8926b9fd-34b2-5421-a25c-9cd89c12cad0', 52, 'public', 'Aggressive Rush Strategy', '{"ut","eiusmod consequat nulla","cupidatat consequat cupidatat ve"}', DEFAULT, DEFAULT, DEFAULT), ('7c9a7a2f-bf97-5fb7-9ff3-bb3e363fce60', 'f6a7cc82-a609-50ee-a839-9fa8b1a9631d', 52, 'unlisted', 'Gank Heavy Approach', '{"enim esse","eu veniam nulla","enim sit","ad","non ut cupidatat sunt culpa"}', DEFAULT, DEFAULT, DEFAULT), ('93216013-7bd8-59b1-a3f0-b1087d4d7f00', 'a9752d0c-ade4-58c6-b746-1b9df56a3d08', 57, 'public', 'Secure Objective Playbook', '{"velit ut laborum"}', DEFAULT, DEFAULT, DEFAULT), ('3e057cf2-df3a-50e5-82fa-e2dcf87ebd5a', '94daea14-9b93-5933-9044-5ccc1eb32f8f', 53, 'public', 'Secure Objective Playbook', '{"ipsum duis esse esse"}', DEFAULT, DEFAULT, DEFAULT), ('e3f5f266-44d3-5096-b897-56678a5f974b', 'd297ab9e-40d4-51b5-bb8f-a1df399f1a9a', 60, 'private', 'Vision Denial Blueprint', '{"eu et amet","esse qui","labore anim","ullamco nostrud ea consequat"}', DEFAULT, DEFAULT, DEFAULT), ('ffbcf0c1-44bb-549f-ba50-18e1e874a611', '7a86b477-8922-5c78-85b7-47a44d6877c0', 53, 'private', 'Counter Pick Blueprint', '{"proident veniam consectetur","non","sint pariatur"}', DEFAULT, DEFAULT, DEFAULT), ('c4f414cf-451e-5497-88db-62020e3a0dc5', 'b67e09de-df70-515b-91d0-6e53f3b4a58a', 52, 'private', 'Baron Control Strategy', '{"culpa nostrud labore dolore","voluptate","laborum laboris id esse","mollit sit","amet commodo amet"}', DEFAULT, DEFAULT, DEFAULT), ('a109823a-0d02-5064-b8ef-3186d6d08cb0', '94170f3d-888c-58bc-bc18-13592bfb52c5', 51, 'private', 'Aggressive Rush Strategy', '{"consequat incididunt consequat","excepteur incididunt labore","amet non ullamco sint","laboris proident amet sint","eu duis elit et est","magna irure","excepteur ad"}', DEFAULT, DEFAULT, DEFAULT), ('3e4b1eac-b214-5aaa-a7f0-29af8a5b2ce9', 'b32027db-33da-5dc2-b906-e0c2a06ac683', 51, 'public', 'Rotation Strategy Document', '{"sint esse aute","officia consequat","exercitation ullamco mollit","dolore nisi aliqua duis","occaecat minim","ut est","ullamco nisi laboris dolore"}', DEFAULT, DEFAULT, DEFAULT), ('72819b1c-0a2a-5e86-b5bc-5741c2854f96', '225b2186-bb16-5b0a-b7be-47fd3c5a5cf9', 52, 'private', 'Split Push Blueprint', '{"nisi tempor excepteur","eu sit amet","reprehenderit incididunt"}', DEFAULT, DEFAULT, DEFAULT), ('b5d7b26a-56f4-59fc-853e-1a1306ab6e95', '6a248992-e0a8-5c27-8d71-fd2cfd3a1fd6', 53, 'public', 'Objective Focused Strategy', '{"enim ullamco","adipisicing in aliqua velit"}', DEFAULT, DEFAULT, DEFAULT), ('29365629-31e8-5e53-b1ae-ffdad1c2009e', '3c0af99e-82a0-5346-8da5-2d2825b8a66d', 54, 'unlisted', 'Jungle Control Playbook', '{"esse eu irure","sint reprehenderit sunt velit","culpa voluptate","duis aute eu","cupidatat pariatur","magna sit ex","minim irure elit","eu esse laboris","pariatur consequat Lorem","laboris magna"}', DEFAULT, DEFAULT, DEFAULT), ('ef9b1028-31e2-59d9-a64e-2a4d1686e96e', '02a341a2-35a0-5fbc-a1f4-aa8b42aa4b51', 60, 'unlisted', 'Objective Focused Strategy', '{"ipsum deserunt","id velit veniam irure","exercitation sint aliquip","adipisicing id id","esse voluptate ut"}', DEFAULT, DEFAULT, DEFAULT), ('51f9c2fa-a6a8-5d1e-9ef8-efb89c34ee1c', '6c52c1d9-13a4-51ef-ae51-1dacc4c14be9', 59, 'private', 'Split Push Blueprint', '{"minim mollit anim","quis"}', DEFAULT, DEFAULT, DEFAULT), ('930338c0-ea8e-56fc-b2df-a68255a6182c', '8babc841-00b0-585f-9ca3-85ef68fec1f7', 57, 'private', 'Aggressive Rush Strategy', '{"consequat magna est","officia sint quis irure incididu","occaecat duis laborum"}', DEFAULT, DEFAULT, DEFAULT), ('14f0b4c0-9d33-5d68-85ae-cc3d31b6b19e', 'eda91f04-12ef-5904-88aa-e6ed9a692e03', 56, 'public', 'Jungle Control Playbook', '{"excepteur esse cillum duis ut","minim deserunt mollit ullamco","pariatur in nulla incididunt","commodo consectetur velit","excepteur nisi","adipisicing nisi aliquip non sun","anim quis velit tempor"}', DEFAULT, DEFAULT, DEFAULT), ('7c51f66f-cf81-571f-a65c-f571f1f39cc9', 'ad1bbcac-cdbb-551f-b25a-b14b40074515', 60, 'private', 'Roaming Support Plan', '{"veniam ut ut sunt","officia aliqua dolore","nulla occaecat amet amet sit","enim excepteur pariatur","cillum magna ad commodo","qui"}', DEFAULT, DEFAULT, DEFAULT), ('764b9b2a-d477-5bff-a789-cba064ac71f8', '5da40fc6-2f9c-5273-8dcd-1032d525128a', 54, 'public', 'Vision Control Blueprint', '{"ad ex minim excepteur cupidatat","proident do aliquip veniam","tempor ex","laborum adipisicing exercitation","nulla est cupidatat"}', DEFAULT, DEFAULT, DEFAULT), ('1125d49b-2ad6-5500-bd14-7e0649f5dd73', '28a1ca86-fc34-5d5b-bda6-792b581f58de', 52, 'unlisted', 'Team Fight Execution Plan', '{"anim Lorem exercitation","dolor incididunt exercitation no","officia aute","reprehenderit mollit tempor qui","consequat voluptate nulla ex","deserunt elit","dolor adipisicing velit"}', DEFAULT, DEFAULT, DEFAULT), ('de1d5557-45c4-5747-8c2d-f8c09704db25', '5ce056de-a21e-5eba-9d47-e09232047aae', 53, 'private', 'Baron Control Strategy', '{"fugiat occaecat sunt fugiat aliq","excepteur","cupidatat labore non"}', DEFAULT, DEFAULT, DEFAULT), ('dc2759a8-51ca-575d-9678-0ac64e900648', 'b4df1d95-7dc2-5c19-b5ea-b51c237352b3', 60, 'private', 'Late Game Scaling Strategy', '{"dolor","dolor pariatur cupidatat aute","enim esse","commodo in laborum","ad esse est sit","fugiat cillum","cupidatat nisi Lorem","fugiat magna culpa","ut consectetur duis"}', DEFAULT, DEFAULT, DEFAULT), ('8c0ef303-3ae4-5fe5-b0be-ef1788ae8707', 'd2268e40-fa6d-5300-9f01-b7cc8f9018e3', 52, 'public', 'Vision Control Blueprint', '{"aute excepteur"}', DEFAULT, DEFAULT, DEFAULT), ('ddd094e1-b8f4-560e-b960-af5227a9b337', 'a69d43fa-2222-5203-b590-140e62599451', 54, 'unlisted', 'Map Control Blueprint', '{"aliquip cupidatat","tempor ex anim eu enim","sint exercitation deserunt excep","pariatur aliquip minim","do irure proident","nostrud cillum cillum"}', DEFAULT, DEFAULT, DEFAULT), ('4bd93d1d-9da0-508d-a30a-5cd1fe2e858d', 'af85f96c-efbd-584c-bdd4-26c4e2f3e556', 52, 'public', 'Baron Control Strategy', '{"cupidatat proident","commodo tempor","eiusmod consectetur duis exercit","labore non"}', DEFAULT, DEFAULT, DEFAULT), ('2d25022b-866c-584e-895d-11b8a727c08f', '28a1ca86-fc34-5d5b-bda6-792b581f58de', 58, 'public', 'Jungle Control Playbook', '{"nisi excepteur exercitation","nisi","labore id culpa","enim magna ea","sunt laborum reprehenderit","cillum aliqua","ut aliqua dolore ipsum","exercitation dolore laboris est ","consequat id consequat","est occaecat aliquip"}', DEFAULT, DEFAULT, DEFAULT), ('8d4a5d0e-3ef8-5e54-ac1b-6a14acb1ad0e', '452112d1-c377-57c1-bac3-4121d3e3bdcc', 59, 'private', 'Team Fight Execution Plan', '{"mollit fugiat laboris","esse eiusmod do quis"}', DEFAULT, DEFAULT, DEFAULT), ('6b889196-1556-5eef-89c0-e7506a0ca45b', 'a00f2df0-a74b-51ab-8311-51125014b9ef', 51, 'public', 'Baron Control Strategy', '{"velit sit voluptate","mollit minim cillum","incididunt deserunt enim qui","sint magna","nisi occaecat cillum velit","irure non anim aliqua","consectetur dolore","reprehenderit consectetur sunt d"}', DEFAULT, DEFAULT, DEFAULT), ('e6b5025c-d432-567c-bc94-e80f642225ff', '5034bc4f-306f-5e76-8ef2-99198efc3a69', 57, 'public', 'Aggressive Rush Strategy', '{"consectetur"}', DEFAULT, DEFAULT, DEFAULT), ('4d0eaa15-67e7-50e5-bd92-8596a8c41516', '7a86b477-8922-5c78-85b7-47a44d6877c0', 59, 'public', 'Jungle Control Playbook', '{"est quis velit nostrud eu"}', DEFAULT, DEFAULT, DEFAULT), ('c2405ac9-0838-5ce8-a85b-e6db0fbe6c10', '9af6e0ef-7015-5390-856a-705032c2e40e', 57, 'unlisted', 'Early Game Dominance Guide', '{"esse duis nostrud","in nisi deserunt enim","voluptate ad ex","ipsum cillum commodo nulla","ea labore","Lorem eu sunt"}', DEFAULT, DEFAULT, DEFAULT), ('c8df1446-9b17-5687-8ff4-001003cfca37', 'a6ea6199-2a1a-56d4-b12a-1bf7d32d154c', 60, 'private', 'Jungle Control Playbook', '{"nostrud","aliquip quis officia","ea amet qui","mollit aliqua aliqua"}', DEFAULT, DEFAULT, DEFAULT), ('f706294d-163e-5aef-a517-eae489067781', '75b1f4f3-d352-56de-83dd-e679684b060c', 52, 'public', 'Counter Pick Blueprint', '{"aute anim","laborum aliqua consequat dolor","amet aute pariatur","anim sunt laboris","aliqua in quis ad","aute aliqua enim amet"}', DEFAULT, DEFAULT, DEFAULT), ('bee3d023-7908-5b1b-a6e7-320078c804bf', 'c72c7230-479d-51cc-940d-5fec1bea4502', 51, 'private', 'Roaming Support Plan', '{"cillum","eiusmod nostrud aute mollit","labore nulla nisi ullamco cupida","reprehenderit pariatur qui incid"}', DEFAULT, DEFAULT, DEFAULT), ('d607d7db-ee7a-57fa-b0f1-08a24201e561', '11edd970-a1f3-5973-a201-278046231716', 56, 'unlisted', 'Objective Focused Strategy', '{"sint ullamco laboris veniam","elit ullamco dolore","voluptate deserunt","enim veniam aute anim"}', DEFAULT, DEFAULT, DEFAULT), ('6db5eb76-a4d8-59b2-8682-ac0a5dca423f', '98eaafd3-adbf-5a3e-adb9-b3fb6971b6f1', 55, 'public', 'Objective Focused Strategy', '{}', DEFAULT, DEFAULT, DEFAULT), ('f0859c52-737d-58da-9c95-b804668a9ae6', 'c801d235-e02a-5267-8201-eecb86948b65', 52, 'public', 'Gank Heavy Approach', '{"nisi qui sit aute","aliqua duis","quis est excepteur","ex laborum amet exercitation","non exercitation deserunt ipsum ","aute cillum"}', DEFAULT, DEFAULT, DEFAULT), ('f843e0b1-5e16-5c9e-923e-e155f87b2422', 'fd8e258e-4711-5b22-b0f3-1f5725eb642f', 59, 'unlisted', 'Aggressive Rush Strategy', '{"commodo","est labore aliqua"}', DEFAULT, DEFAULT, DEFAULT), ('971d3e7d-1fd1-5fd1-ba3a-0a99dda2cb04', '1716ac71-f35f-52a7-acdc-316247462f37', 58, 'public', 'Secure Objective Playbook', '{"ad tempor sit nostrud","esse deserunt","consequat","cillum culpa incididunt do","non consectetur adipisicing","officia nulla dolore"}', DEFAULT, DEFAULT, DEFAULT), ('51c6dab5-99f7-56c9-a820-7cfc76e25abf', '09617df2-6261-5b47-bc30-85d317367d48', 59, 'public', 'Early Game Dominance Guide', '{"exercitation elit","nulla in irure","minim et pariatur voluptate","aliquip velit","culpa id do","reprehenderit esse","consequat elit sint"}', DEFAULT, DEFAULT, DEFAULT), ('88430d1c-f998-5183-ac05-d06b362a058a', 'deab978c-4953-507c-b4fb-f509dd35f454', 55, 'public', 'Map Control Blueprint', '{"cupidatat ullamco reprehenderit ","sunt enim velit","esse amet labore anim","duis non nisi laboris"}', DEFAULT, DEFAULT, DEFAULT), ('fc959555-d183-544e-8cf6-52532b383f25', '31bb49e9-e86d-546a-9e01-6986e5eacf06', 60, 'private', 'Jungle Control Playbook', '{"enim","ipsum ea culpa cupidatat","magna tempor","eu eiusmod nostrud"}', DEFAULT, DEFAULT, DEFAULT), ('94935318-fc9b-5864-874e-912b663c75f7', 'd00c085d-72d6-5114-a5fd-ba818539c2f7', 60, 'private', 'Defensive Turtle Tactics', '{"duis","adipisicing dolore","magna amet in","eu nulla eiusmod","eiusmod nulla eu","culpa dolore eiusmod non proiden","eiusmod commodo","sit ea aute adipisicing","excepteur anim","amet reprehenderit adipisicing"}', DEFAULT, DEFAULT, DEFAULT), ('ea529f5a-add2-5f29-a44d-2a799c7ab051', '2764351d-73bf-5124-a613-660cd57f91dd', 57, 'unlisted', 'Early Game Dominance Guide', '{"et proident velit","incididunt non labore reprehende","Lorem et nisi","fugiat","commodo mollit consectetur conse","irure quis cillum nisi"}', DEFAULT, DEFAULT, DEFAULT), ('b2bd3c17-1864-5b1f-8d71-b6fe96b48ba6', '9f26eece-7e59-5b46-a98b-848dc55a0cda', 54, 'public', 'Early Game Dominance Guide', '{"eu cillum non labore","mollit dolor nostrud enim","nostrud nisi","non magna","deserunt commodo"}', DEFAULT, DEFAULT, DEFAULT), ('a46777c9-6f34-5718-a195-68edd93e1d42', '853509f0-6836-5fa7-87f2-fb0a9a8766d2', 51, 'private', 'Split Push Blueprint', '{"id","id irure","culpa laboris","laboris ad ullamco non ipsum"}', DEFAULT, DEFAULT, DEFAULT), ('0f3df2fb-dd6e-55b9-9f86-0babb8fec748', '2da447ba-d0f6-5d62-becb-584cd208c558', 54, 'public', 'Vision Control Blueprint', '{"magna"}', DEFAULT, DEFAULT, DEFAULT), ('95bb7f47-209b-5f16-a018-19e8f23e6e16', 'c72c7230-479d-51cc-940d-5fec1bea4502', 55, 'public', 'Jungle Control Playbook', '{"consequat est do consequat","dolor Lorem"}', DEFAULT, DEFAULT, DEFAULT), ('78959a88-41ee-5d40-85cb-71e22f4c47aa', '65d8ad86-6271-552b-8704-fabcdcf18cdb', 56, 'public', 'Jungle Control Playbook', '{"amet","minim laboris","eu","incididunt","non in","Lorem consectetur","consequat deserunt enim aliqua"}', DEFAULT, DEFAULT, DEFAULT), ('a9e614f8-c87a-596e-bdaf-6e577865453e', '40747f76-ad34-5508-ba43-ef538c943cc0', 58, 'public', 'Siege Tactics Handbook', '{"amet do","id aliqua","ut sint ad","voluptate qui","laborum","sunt ad veniam","exercitation occaecat","sit labore dolore ipsum amet"}', DEFAULT, DEFAULT, DEFAULT), ('f80096a0-59ff-58f8-a58f-cd508cb0f33e', '91fa3874-9437-5dfa-a49a-f19fb38d9e92', 57, 'public', 'Defensive Turtle Tactics', '{"aliqua irure","et laborum","cillum laborum pariatur enim"}', DEFAULT, DEFAULT, DEFAULT), ('a444e395-f85a-5fcf-904b-e713df3a17f6', '21a7e579-98a3-5757-a0a8-913f2da95aba', 58, 'public', 'Siege Tactics Handbook', '{"nulla veniam eu anim","cupidatat minim consequat","velit eiusmod do culpa","laborum aute proident ea"}', DEFAULT, DEFAULT, DEFAULT);
INSERT INTO public.team_member_role (id,name,flags) VALUES (16, 'owner', 255), (17, 'editor', 7), (18, 'viewer', 1);
SELECT setval('"public"."team_member_role_id_seq"'::regclass, (SELECT MAX("id") FROM "public"."team_member_role"));
