INSERT INTO public.game (id,name,alias,icon,hidden,metadata,created_at) VALUES (22, 'Excepteur', 'NBA2K', 'https://svgshare.com/i/15iw.svg', 'f', '{"player_count":5}', DEFAULT), (23, 'Eiusmod', 'NBA2K', 'https://svgshare.com/i/15iw.svg', 'f', '{"player_count":5}', DEFAULT), (24, 'Incididunt', 'GTA', 'https://svgshare.com/i/15iw.svg', 'f', '{"player_count":5}', DEFAULT), (25, 'Sint Elit', 'PUBG', 'https://svgshare.com/i/15iw.svg', 'f', '{"player_count":5}', DEFAULT), (26, 'Officia Duis', 'Overw', 'https://svgshare.com/i/15iw.svg', 'f', '{"player_count":5}', DEFAULT);
SELECT setval('"public"."game_id_seq"'::regclass, (SELECT MAX("id") FROM "public"."game"));
INSERT INTO public.team (id,name,plan_id,game_id,created_at,updated_at) VALUES ('7c2c4732-09c1-5f7b-87ca-c53e7497b4ef', 'Veniam Fugiat Incidi', NULL, 23, DEFAULT, DEFAULT), ('f50563b6-8532-51ec-b121-d8c6bca3e897', 'Enim Laborum Minim', NULL, 22, DEFAULT, DEFAULT), ('f1bf295c-195b-5a42-9c6b-5bfa14b58307', 'Ipsum Dolore', NULL, 23, DEFAULT, DEFAULT), ('e0eebbc8-63c9-5fee-b088-b3310b672c35', 'Culpa Elit In', NULL, 22, DEFAULT, DEFAULT), ('1c17c04a-19f5-5c48-8b6b-48fe02257ffb', 'Sint Ad Ex', NULL, 22, DEFAULT, DEFAULT), ('a2996c99-b8bb-5bf6-b789-844e821ceb82', 'Excepteur Quis Sit A', NULL, 25, DEFAULT, DEFAULT), ('5d016028-a6a3-5268-91a3-91021dbfda0a', 'Excepteur Lorem Elit', NULL, 26, DEFAULT, DEFAULT), ('b279891e-05aa-528b-867b-dd6fe5fa77c8', 'Id Esse Aliqua', NULL, 24, DEFAULT, DEFAULT), ('ff53868f-9940-575d-8fa8-923808f93a53', 'Tempor Nulla Officia', NULL, 26, DEFAULT, DEFAULT), ('8172203a-00e7-5e0e-919b-2970e0d891df', 'Cupidatat Nulla Offi', NULL, 24, DEFAULT, DEFAULT), ('5e20f9a8-7b26-5a5f-8426-6b12c182d23c', 'Enim Pariatur', NULL, 23, DEFAULT, DEFAULT), ('53fe0e9e-3358-5722-b994-4faad8733cd3', 'Aliqua Nostrud', NULL, 22, DEFAULT, DEFAULT), ('e4834379-a7a0-5f41-8193-f598072b1c83', 'Esse Esse', NULL, 26, DEFAULT, DEFAULT), ('a9f91eda-269f-54d0-83de-05f0c2ecbf08', 'Aliquip Eu Laboris V', NULL, 25, DEFAULT, DEFAULT), ('c0062d28-74ce-56b0-8124-852c5c4cdd1f', 'Deserunt Laborum Com', NULL, 25, DEFAULT, DEFAULT), ('a1d779f7-e622-5cd1-b766-eb2b7925b3c0', 'Ullamco Proident Nos', NULL, 25, DEFAULT, DEFAULT), ('bd4e2ea6-e7d4-5655-93cc-d1ed71c3483c', 'Eu Esse Officia Null', NULL, 23, DEFAULT, DEFAULT), ('fb2f612f-57ab-526e-8b57-f5de07942107', 'Exercitation Mollit ', NULL, 24, DEFAULT, DEFAULT), ('38cee772-792e-54fe-ae0f-d62f75f71c11', 'Nulla Officia Elit', NULL, 25, DEFAULT, DEFAULT), ('60f279f1-b04c-57b1-b6aa-b71a8811c6ab', 'Fugiat Ea Culpa', NULL, 24, DEFAULT, DEFAULT), ('b5d35d7e-f19e-568e-9efe-911f779c892f', 'Do Dolor Labore', NULL, 26, DEFAULT, DEFAULT), ('782f7eda-e535-5ab3-8415-643126d3b0fa', 'Incididunt Ea Elit V', NULL, 26, DEFAULT, DEFAULT), ('5daf6f25-3b97-5f49-8f75-4ba5d1d74cd3', 'Incididunt Esse Non', NULL, 23, DEFAULT, DEFAULT), ('3788fdae-c690-5563-abac-18b51e4d210f', 'Culpa Ut', NULL, 24, DEFAULT, DEFAULT), ('177ae72e-41a6-5325-80d6-452827ea5918', 'Eu Et Exercitation N', NULL, 25, DEFAULT, DEFAULT), ('c0a2f5c4-7781-5310-ad3c-e7b9f41a7ace', 'Reprehenderit Commod', NULL, 26, DEFAULT, DEFAULT), ('71c019c0-f4c8-51ac-bfff-4141eabf85f3', 'Ut Occaecat Qui', NULL, 24, DEFAULT, DEFAULT), ('ab4eb860-b9b9-58f5-84c6-b76a08d23dfd', 'Esse Pariatur Eiusmo', NULL, 23, DEFAULT, DEFAULT), ('dd9140ad-b92d-5673-a8c2-8b1c4e3e8697', 'Minim Incididunt', NULL, 24, DEFAULT, DEFAULT), ('78de8c0c-fe2d-50bd-afca-68bed9f87cd0', 'Proident Dolor Magna', NULL, 26, DEFAULT, DEFAULT), ('81e51b22-aab8-5050-a735-aa5917f8771b', 'Duis Consectetur Cul', NULL, 26, DEFAULT, DEFAULT), ('f6cb58dd-a0aa-5d2b-8ce5-200e44be4f36', 'Commodo Amet Velit V', NULL, 26, DEFAULT, DEFAULT), ('48ed64cc-01ce-5cc6-8ffd-8d552f857570', 'Dolore Id', NULL, 23, DEFAULT, DEFAULT), ('0cb21e27-1e4d-50c9-bd0d-f6696d98b44c', 'Lorem Pariatur', NULL, 25, DEFAULT, DEFAULT), ('29d37d99-954e-5434-8e90-9d564d65e434', 'Ullamco Est Consequa', NULL, 26, DEFAULT, DEFAULT);
INSERT INTO public.plan (id,name,pricing,pricing_interval,is_default,config,created_at,updated_at) VALUES (10, 'Essential', 0, 'monthly', 't', '{"max_members":6,"max_blueprints":100,"max_books":20}', DEFAULT, DEFAULT), (11, 'Advanced', 15.803108597090716, 'monthly', 'f', '{"max_members":12,"max_blueprints":200,"max_books":40}', DEFAULT, DEFAULT), (12, 'Pro', 12.111348826482082, 'yearly', 'f', '{"max_members":18,"max_blueprints":300,"max_books":60}', DEFAULT, DEFAULT);
INSERT INTO public.book (id,name,team_id,created_at,updated_at) VALUES ('1e7e0bcb-4fc0-5d72-81a5-d67a74a13595', 'In', '7c2c4732-09c1-5f7b-87ca-c53e7497b4ef', DEFAULT, DEFAULT), ('d297ab9e-40d4-51b5-bb8f-a1df399f1a9a', 'Nulla Laboris', '7c2c4732-09c1-5f7b-87ca-c53e7497b4ef', DEFAULT, DEFAULT), ('d1b8f3f8-af26-5088-8712-273c28ba98f7', 'Aliqua', '7c2c4732-09c1-5f7b-87ca-c53e7497b4ef', DEFAULT, DEFAULT), ('3ff60d7a-a4ad-54c5-a422-53b52cd53093', 'Officia Consectetur', '7c2c4732-09c1-5f7b-87ca-c53e7497b4ef', DEFAULT, DEFAULT), ('cfbfd1d4-e77f-57e5-94da-e9ff2cc7a996', 'Quis Eiusmod Sint', '7c2c4732-09c1-5f7b-87ca-c53e7497b4ef', DEFAULT, DEFAULT), ('98eaafd3-adbf-5a3e-adb9-b3fb6971b6f1', 'Exercitation Esse', 'f50563b6-8532-51ec-b121-d8c6bca3e897', DEFAULT, DEFAULT), ('2d1d7734-be70-5d07-a538-e76c6cae722e', 'Culpa', 'f50563b6-8532-51ec-b121-d8c6bca3e897', DEFAULT, DEFAULT), ('b5605791-3389-56c2-9ec6-17d538b9bb85', 'Laborum Magna Do', 'f50563b6-8532-51ec-b121-d8c6bca3e897', DEFAULT, DEFAULT), ('a5831e58-2fc9-5b59-970d-00c344a4eb18', 'Labore Enim', 'f50563b6-8532-51ec-b121-d8c6bca3e897', DEFAULT, DEFAULT), ('756cbb59-27d6-58f3-b4b9-8b56121e683f', 'Commodo Commodo Id', 'f50563b6-8532-51ec-b121-d8c6bca3e897', DEFAULT, DEFAULT), ('a8212e1b-5577-5c28-9c38-2d4fbd753550', 'Labore', 'f1bf295c-195b-5a42-9c6b-5bfa14b58307', DEFAULT, DEFAULT), ('59558fa1-9cc0-5e85-a331-879d76e07f05', 'Amet Sint Non', 'f1bf295c-195b-5a42-9c6b-5bfa14b58307', DEFAULT, DEFAULT), ('8926b9fd-34b2-5421-a25c-9cd89c12cad0', 'Esse', 'f1bf295c-195b-5a42-9c6b-5bfa14b58307', DEFAULT, DEFAULT), ('5d378209-1fd5-506f-8b3f-511a16489d69', 'Aliquip Ut', 'f1bf295c-195b-5a42-9c6b-5bfa14b58307', DEFAULT, DEFAULT), ('305fa448-c3bf-59c7-a989-19ae69ce0725', 'Dolor Elit', 'f1bf295c-195b-5a42-9c6b-5bfa14b58307', DEFAULT, DEFAULT), ('853509f0-6836-5fa7-87f2-fb0a9a8766d2', 'Culpa Dolore', 'f1bf295c-195b-5a42-9c6b-5bfa14b58307', DEFAULT, DEFAULT), ('bbc51950-a428-5ed7-b604-6444a902714b', 'Qui', 'f1bf295c-195b-5a42-9c6b-5bfa14b58307', DEFAULT, DEFAULT), ('a6ea6199-2a1a-56d4-b12a-1bf7d32d154c', 'Consectetur', 'e0eebbc8-63c9-5fee-b088-b3310b672c35', DEFAULT, DEFAULT), ('eb3e804d-5ed0-59a1-900b-3b0f9b2cb577', 'Cupidatat Consectetu', 'e0eebbc8-63c9-5fee-b088-b3310b672c35', DEFAULT, DEFAULT), ('88501f36-608d-5074-ab3f-752cd478292f', 'Pariatur Elit Culpa', 'e0eebbc8-63c9-5fee-b088-b3310b672c35', DEFAULT, DEFAULT), ('0e342915-b360-541f-8c0a-bdf36b3c0ce2', 'Mollit In Incididunt', 'e0eebbc8-63c9-5fee-b088-b3310b672c35', DEFAULT, DEFAULT), ('8b474939-245b-5ed9-b06a-21432e2b9115', 'Mollit Ea Incididunt', 'e0eebbc8-63c9-5fee-b088-b3310b672c35', DEFAULT, DEFAULT), ('abf8504a-2cfc-5a9d-a5d2-31dccd8bf00f', 'Voluptate Sint Fugia', '1c17c04a-19f5-5c48-8b6b-48fe02257ffb', DEFAULT, DEFAULT), ('262a78c7-eb9d-5e1a-8e58-41ecb0c31fbd', 'Ad', '1c17c04a-19f5-5c48-8b6b-48fe02257ffb', DEFAULT, DEFAULT), ('110efd29-2979-5c30-b41f-b3bf832f48cd', 'Laborum Laborum', '1c17c04a-19f5-5c48-8b6b-48fe02257ffb', DEFAULT, DEFAULT), ('cf1d2e5e-3a18-5518-8e4c-387978992b8a', 'Do Reprehenderit Sun', '1c17c04a-19f5-5c48-8b6b-48fe02257ffb', DEFAULT, DEFAULT), ('34a6eefa-de0a-5b54-8950-76863d1d5290', 'Cillum Exercitation ', '1c17c04a-19f5-5c48-8b6b-48fe02257ffb', DEFAULT, DEFAULT), ('d2268e40-fa6d-5300-9f01-b7cc8f9018e3', 'Excepteur Proident', 'a2996c99-b8bb-5bf6-b789-844e821ceb82', DEFAULT, DEFAULT), ('7a86b477-8922-5c78-85b7-47a44d6877c0', 'Voluptate Ut', 'a2996c99-b8bb-5bf6-b789-844e821ceb82', DEFAULT, DEFAULT), ('cd1520c4-af17-5e1e-b5b0-a9e95f36a7c4', 'Voluptate Dolor', 'a2996c99-b8bb-5bf6-b789-844e821ceb82', DEFAULT, DEFAULT), ('2190cc4c-2cc5-5f9f-983d-55f70f31e468', 'Aliquip Ipsum', 'a2996c99-b8bb-5bf6-b789-844e821ceb82', DEFAULT, DEFAULT), ('fbfa0c72-9c6c-54ce-ba23-f1ed2563396e', 'Anim', 'a2996c99-b8bb-5bf6-b789-844e821ceb82', DEFAULT, DEFAULT), ('d664e8db-93ef-5294-a361-9e8640907e59', 'Et Qui', 'a2996c99-b8bb-5bf6-b789-844e821ceb82', DEFAULT, DEFAULT), ('df625f4d-0fe2-599a-b1d3-13232701e19f', 'In Fugiat', 'a2996c99-b8bb-5bf6-b789-844e821ceb82', DEFAULT, DEFAULT), ('6ae168d9-ec9f-5cc8-9efc-a8418f6ebd72', 'Ut Excepteur Proiden', 'a2996c99-b8bb-5bf6-b789-844e821ceb82', DEFAULT, DEFAULT), ('38fe4d82-b6c5-5a86-ba1f-e35cd1bbf482', 'Aute Non', 'a2996c99-b8bb-5bf6-b789-844e821ceb82', DEFAULT, DEFAULT), ('349111f0-5b40-5b21-aeff-8af2b228d28f', 'Commodo Irure Magna', '5d016028-a6a3-5268-91a3-91021dbfda0a', DEFAULT, DEFAULT), ('e2b744a0-a170-5a87-828d-34cc6f64ca05', 'Lorem Et', '5d016028-a6a3-5268-91a3-91021dbfda0a', DEFAULT, DEFAULT), ('3a804324-748d-571a-afad-6b9c20a35337', 'Labore', '5d016028-a6a3-5268-91a3-91021dbfda0a', DEFAULT, DEFAULT), ('1bf9a820-bb8f-59cd-8902-84a62a1aa29f', 'Excepteur Cupidatat', '5d016028-a6a3-5268-91a3-91021dbfda0a', DEFAULT, DEFAULT), ('2067e70c-565d-520b-b56b-19189e5b77f5', 'Sunt Velit', '5d016028-a6a3-5268-91a3-91021dbfda0a', DEFAULT, DEFAULT), ('09204188-e618-5728-88fc-034120742c41', 'Esse', 'b279891e-05aa-528b-867b-dd6fe5fa77c8', DEFAULT, DEFAULT), ('b576de0c-954e-5345-a9e7-0d691c52341a', 'Voluptate Mollit', 'b279891e-05aa-528b-867b-dd6fe5fa77c8', DEFAULT, DEFAULT), ('887dee3f-7921-537c-91f1-8b0d43117b12', 'Ex Amet', 'b279891e-05aa-528b-867b-dd6fe5fa77c8', DEFAULT, DEFAULT), ('6fc34c52-742f-56c2-b6c3-89dee63a8839', 'Est Dolor Enim', 'b279891e-05aa-528b-867b-dd6fe5fa77c8', DEFAULT, DEFAULT), ('5531f3c9-2ccc-59e8-86e8-da1800808ec2', 'Duis Commodo Labore', 'b279891e-05aa-528b-867b-dd6fe5fa77c8', DEFAULT, DEFAULT), ('3b3a2ed4-3283-5a09-84d9-c7de876d5510', 'Pariatur Commodo Vol', 'b279891e-05aa-528b-867b-dd6fe5fa77c8', DEFAULT, DEFAULT), ('380f1bbd-f6c8-5306-af3f-7d7fa746bde0', 'Irure Anim', 'b279891e-05aa-528b-867b-dd6fe5fa77c8', DEFAULT, DEFAULT), ('672ad514-6b43-58ed-b7aa-f70ed34485d9', 'Consequat', 'b279891e-05aa-528b-867b-dd6fe5fa77c8', DEFAULT, DEFAULT), ('9e19dd6d-e8c2-5925-b1c8-e13b62340491', 'Incididunt In', 'b279891e-05aa-528b-867b-dd6fe5fa77c8', DEFAULT, DEFAULT), ('f8478558-7e37-5a0e-a786-2d5081f4dde4', 'Nisi Veniam Consequa', 'b279891e-05aa-528b-867b-dd6fe5fa77c8', DEFAULT, DEFAULT), ('f561c33d-0589-5163-a677-f2a1eb6b3322', 'Anim Nostrud Quis', 'ff53868f-9940-575d-8fa8-923808f93a53', DEFAULT, DEFAULT), ('02a341a2-35a0-5fbc-a1f4-aa8b42aa4b51', 'Eiusmod Deserunt', 'ff53868f-9940-575d-8fa8-923808f93a53', DEFAULT, DEFAULT), ('ad276812-3b86-5425-b36a-d822f2860912', 'Do', 'ff53868f-9940-575d-8fa8-923808f93a53', DEFAULT, DEFAULT), ('2764351d-73bf-5124-a613-660cd57f91dd', 'Excepteur Duis', 'ff53868f-9940-575d-8fa8-923808f93a53', DEFAULT, DEFAULT), ('8bf74689-dfcf-5429-b342-2718dce8a8eb', 'Ut', 'ff53868f-9940-575d-8fa8-923808f93a53', DEFAULT, DEFAULT), ('cd80d13e-478f-5058-8dfd-e20a76013cb5', 'Laboris', '8172203a-00e7-5e0e-919b-2970e0d891df', DEFAULT, DEFAULT), ('db9f2a26-569b-5431-9216-bcd2cf256bbd', 'Veniam Tempor', '8172203a-00e7-5e0e-919b-2970e0d891df', DEFAULT, DEFAULT), ('e4c44768-00c8-52e6-80f9-625972d5d9b9', 'Sint', '8172203a-00e7-5e0e-919b-2970e0d891df', DEFAULT, DEFAULT), ('eea550bd-8120-5fb2-9339-ad3a549506d4', 'Anim Sint Esse', '8172203a-00e7-5e0e-919b-2970e0d891df', DEFAULT, DEFAULT), ('88514f78-7770-5bc2-96a4-f0f4ebcab4a4', 'Reprehenderit Deseru', '8172203a-00e7-5e0e-919b-2970e0d891df', DEFAULT, DEFAULT), ('95c65795-b9a1-572f-87ae-6fa70b020fbb', 'Laboris Occaecat', '8172203a-00e7-5e0e-919b-2970e0d891df', DEFAULT, DEFAULT), ('8891aca3-b326-5a45-a77b-46ff3fd96d49', 'Ad', '8172203a-00e7-5e0e-919b-2970e0d891df', DEFAULT, DEFAULT), ('47ec07ed-2b5c-5f84-a424-1002e39b4917', 'Eiusmod Magna', '8172203a-00e7-5e0e-919b-2970e0d891df', DEFAULT, DEFAULT), ('c1b69361-a3c3-5c2a-8a7a-23aa07e97e87', 'Esse Eiusmod Exercit', '8172203a-00e7-5e0e-919b-2970e0d891df', DEFAULT, DEFAULT), ('676a9b6b-ddf9-5403-87de-1b7c2b13cde5', 'Ex Nulla Enim', '8172203a-00e7-5e0e-919b-2970e0d891df', DEFAULT, DEFAULT), ('d19db439-c7e7-53a7-aa19-0db346180dc1', 'Ullamco Velit', '5e20f9a8-7b26-5a5f-8426-6b12c182d23c', DEFAULT, DEFAULT), ('91434b27-2651-5429-8f42-45c3f8e334a0', 'Sunt Quis', '5e20f9a8-7b26-5a5f-8426-6b12c182d23c', DEFAULT, DEFAULT), ('549980e7-3e77-5d76-b263-84664d04b209', 'Exercitation', '5e20f9a8-7b26-5a5f-8426-6b12c182d23c', DEFAULT, DEFAULT), ('e4de1a09-bd9a-5e42-b92c-2cb1af28bec6', 'Veniam', '5e20f9a8-7b26-5a5f-8426-6b12c182d23c', DEFAULT, DEFAULT), ('f4b5542b-ba61-519e-a8d2-5793282ad487', 'Consequat Minim', '5e20f9a8-7b26-5a5f-8426-6b12c182d23c', DEFAULT, DEFAULT), ('cd7c291a-6d6e-5632-91e5-b7fd7a634d7d', 'Sunt Officia', '5e20f9a8-7b26-5a5f-8426-6b12c182d23c', DEFAULT, DEFAULT), ('4da5a34b-d621-539d-93ed-4bd842601284', 'Laborum Et', '5e20f9a8-7b26-5a5f-8426-6b12c182d23c', DEFAULT, DEFAULT), ('b32027db-33da-5dc2-b906-e0c2a06ac683', 'Nulla Anim', '53fe0e9e-3358-5722-b994-4faad8733cd3', DEFAULT, DEFAULT), ('b7a89d05-549f-565f-b631-b59097e91d1a', 'Anim Consectetur', '53fe0e9e-3358-5722-b994-4faad8733cd3', DEFAULT, DEFAULT), ('ac9f0e3e-b030-584f-a8dd-87355fe22537', 'Eiusmod Velit', '53fe0e9e-3358-5722-b994-4faad8733cd3', DEFAULT, DEFAULT), ('438bff0e-fd50-5c86-89ee-d397a0c0e548', 'Nulla', '53fe0e9e-3358-5722-b994-4faad8733cd3', DEFAULT, DEFAULT), ('9bf2ad50-cccb-50eb-8269-3a7e78bd21f5', 'Enim Esse', '53fe0e9e-3358-5722-b994-4faad8733cd3', DEFAULT, DEFAULT), ('36f6f3ba-e867-5008-b6c1-829e989f9d2f', 'Dolore Mollit', '53fe0e9e-3358-5722-b994-4faad8733cd3', DEFAULT, DEFAULT), ('19495f2f-99a6-5394-9596-a1d3fb0d3196', 'In Quis', '53fe0e9e-3358-5722-b994-4faad8733cd3', DEFAULT, DEFAULT), ('9a184097-b9bc-5f22-ba40-6c62e83423ab', 'Velit Eiusmod', '53fe0e9e-3358-5722-b994-4faad8733cd3', DEFAULT, DEFAULT), ('92ce3cad-bd68-55a2-9017-d27d51e2e007', 'Dolore Ea Duis', '53fe0e9e-3358-5722-b994-4faad8733cd3', DEFAULT, DEFAULT), ('26f7bb6a-3c9c-5b30-b11b-be5ebfb91948', 'Aliquip', 'e4834379-a7a0-5f41-8193-f598072b1c83', DEFAULT, DEFAULT), ('e5b4727f-be5e-52c0-83cb-cb7ba230945f', 'Consectetur', 'e4834379-a7a0-5f41-8193-f598072b1c83', DEFAULT, DEFAULT), ('290e51c6-7ff6-5db4-8f40-69dda051b66c', 'Reprehenderit Eiusmo', 'e4834379-a7a0-5f41-8193-f598072b1c83', DEFAULT, DEFAULT), ('6c3f6730-2b1a-5e27-97de-caacad0bb1a5', 'Elit Incididunt', 'e4834379-a7a0-5f41-8193-f598072b1c83', DEFAULT, DEFAULT), ('7d0c4d54-58ae-5ddf-b108-590171e8655a', 'Aute', 'e4834379-a7a0-5f41-8193-f598072b1c83', DEFAULT, DEFAULT), ('5dd9c208-a224-5712-b987-eab6b9a89e23', 'Ut Aliqua', 'e4834379-a7a0-5f41-8193-f598072b1c83', DEFAULT, DEFAULT), ('8bfeb6d5-d92f-5041-aa1b-39b8365c0a59', 'Sit', 'e4834379-a7a0-5f41-8193-f598072b1c83', DEFAULT, DEFAULT), ('8c5ef042-1b14-56ed-adba-e25d3960a3cf', 'Qui Eu Velit', 'e4834379-a7a0-5f41-8193-f598072b1c83', DEFAULT, DEFAULT), ('01807616-77b8-51e2-9a97-d85b00b2c474', 'Aliquip Amet', 'e4834379-a7a0-5f41-8193-f598072b1c83', DEFAULT, DEFAULT), ('d9ae7966-26bd-59fb-b0d1-f3ba758ed60a', 'Nulla', 'e4834379-a7a0-5f41-8193-f598072b1c83', DEFAULT, DEFAULT), ('a8766652-5cf4-5e66-ba6d-9eb457dff942', 'Officia Lorem', 'a9f91eda-269f-54d0-83de-05f0c2ecbf08', DEFAULT, DEFAULT), ('43bcab14-4a69-5e60-a07f-cda2fe595a2a', 'Fugiat Cupidatat', 'a9f91eda-269f-54d0-83de-05f0c2ecbf08', DEFAULT, DEFAULT), ('203ac13e-e5b1-548e-a7da-5d8cff932053', 'Anim Ad', 'a9f91eda-269f-54d0-83de-05f0c2ecbf08', DEFAULT, DEFAULT), ('5783cab4-e010-523b-b893-81b388f43d06', 'Tempor In Do', 'c0062d28-74ce-56b0-8124-852c5c4cdd1f', DEFAULT, DEFAULT), ('01bb02e3-6d00-5b11-ba00-2f6b060dfb2e', 'Voluptate Consectetu', 'c0062d28-74ce-56b0-8124-852c5c4cdd1f', DEFAULT, DEFAULT), ('a9752d0c-ade4-58c6-b746-1b9df56a3d08', 'Eu Qui', 'c0062d28-74ce-56b0-8124-852c5c4cdd1f', DEFAULT, DEFAULT), ('5cdb9712-16b6-532e-9cc7-8cf7dfbe9b6b', 'Ullamco', 'c0062d28-74ce-56b0-8124-852c5c4cdd1f', DEFAULT, DEFAULT), ('47c1a5aa-1c4a-5781-9c8f-968a639137d7', 'Consectetur Velit Pr', 'c0062d28-74ce-56b0-8124-852c5c4cdd1f', DEFAULT, DEFAULT), ('3c19e2d6-1e17-5580-adbc-319ee6c74e3c', 'Labore Nostrud', 'c0062d28-74ce-56b0-8124-852c5c4cdd1f', DEFAULT, DEFAULT), ('3adfc207-aaeb-5fa1-b329-eb7ef2061320', 'Nostrud Enim Do', 'a1d779f7-e622-5cd1-b766-eb2b7925b3c0', DEFAULT, DEFAULT), ('096adf71-c74e-5b77-822b-46a8768797c5', 'Ex Deserunt', 'a1d779f7-e622-5cd1-b766-eb2b7925b3c0', DEFAULT, DEFAULT), ('65d8ad86-6271-552b-8704-fabcdcf18cdb', 'Veniam', 'a1d779f7-e622-5cd1-b766-eb2b7925b3c0', DEFAULT, DEFAULT), ('9a52e2af-cb63-5ab2-95a7-ae32f01d6a1c', 'Consequat', 'a1d779f7-e622-5cd1-b766-eb2b7925b3c0', DEFAULT, DEFAULT), ('f7f33f5b-7e02-5784-9db2-ed2995544a54', 'Laboris Quis Sit', 'a1d779f7-e622-5cd1-b766-eb2b7925b3c0', DEFAULT, DEFAULT), ('ba4d6fef-111f-5ce5-883e-2b3880f373bf', 'Lorem Commodo', 'a1d779f7-e622-5cd1-b766-eb2b7925b3c0', DEFAULT, DEFAULT), ('405dd580-b1c8-5c0e-9df0-d82b7f57175d', 'Incididunt', 'a1d779f7-e622-5cd1-b766-eb2b7925b3c0', DEFAULT, DEFAULT), ('39da01f0-2195-5fc3-a74a-d12c26c902a3', 'Ullamco Mollit', 'bd4e2ea6-e7d4-5655-93cc-d1ed71c3483c', DEFAULT, DEFAULT), ('fbbb9719-f3d1-5ce2-b584-4b70bf5bb135', 'Non Elit', 'bd4e2ea6-e7d4-5655-93cc-d1ed71c3483c', DEFAULT, DEFAULT), ('5f651c76-ceba-56db-bd60-512d4079ec53', 'Incididunt', 'bd4e2ea6-e7d4-5655-93cc-d1ed71c3483c', DEFAULT, DEFAULT), ('9af6e0ef-7015-5390-856a-705032c2e40e', 'Reprehenderit Except', 'bd4e2ea6-e7d4-5655-93cc-d1ed71c3483c', DEFAULT, DEFAULT), ('5034bc4f-306f-5e76-8ef2-99198efc3a69', 'Est', 'bd4e2ea6-e7d4-5655-93cc-d1ed71c3483c', DEFAULT, DEFAULT), ('e7ba2b18-a57c-5b02-9714-d376d9ea922f', 'Ullamco', 'fb2f612f-57ab-526e-8b57-f5de07942107', DEFAULT, DEFAULT), ('ccd28d41-9086-5b64-b351-585431787bb7', 'Et Deserunt', 'fb2f612f-57ab-526e-8b57-f5de07942107', DEFAULT, DEFAULT), ('6a248992-e0a8-5c27-8d71-fd2cfd3a1fd6', 'In', 'fb2f612f-57ab-526e-8b57-f5de07942107', DEFAULT, DEFAULT), ('72d447b0-a4fa-5de7-bb4c-9ff5f169dfea', 'Nulla Do', 'fb2f612f-57ab-526e-8b57-f5de07942107', DEFAULT, DEFAULT), ('eeba85da-b4f7-5195-887e-28b7dc8a5236', 'In Exercitation Veni', 'fb2f612f-57ab-526e-8b57-f5de07942107', DEFAULT, DEFAULT), ('1f9495a7-9f91-5b8e-a431-ff0404db08b3', 'Minim', 'fb2f612f-57ab-526e-8b57-f5de07942107', DEFAULT, DEFAULT), ('ec0fecde-72da-5866-9b82-27edb33f804a', 'Do Eu', 'fb2f612f-57ab-526e-8b57-f5de07942107', DEFAULT, DEFAULT), ('bf251b09-11da-503b-84c5-60ec2f7d4e17', 'Consectetur Aute', 'fb2f612f-57ab-526e-8b57-f5de07942107', DEFAULT, DEFAULT), ('7154e631-e6aa-5d5a-a566-f6558cc7a8ba', 'Nulla', 'fb2f612f-57ab-526e-8b57-f5de07942107', DEFAULT, DEFAULT), ('f457d7a7-01f9-5225-b07a-0e782525bbc7', 'Elit Dolore', '38cee772-792e-54fe-ae0f-d62f75f71c11', DEFAULT, DEFAULT), ('0fa12fcf-97e2-5065-a698-e366ca117702', 'Lorem Id Cupidatat', '38cee772-792e-54fe-ae0f-d62f75f71c11', DEFAULT, DEFAULT), ('b4725825-2a5a-5e18-a190-e59f4cb9f1b5', 'Sunt', '38cee772-792e-54fe-ae0f-d62f75f71c11', DEFAULT, DEFAULT), ('d1dc8a74-c651-5dbd-b484-1cd2c51db9b9', 'Aute', '38cee772-792e-54fe-ae0f-d62f75f71c11', DEFAULT, DEFAULT), ('40747f76-ad34-5508-ba43-ef538c943cc0', 'Dolor Esse', '38cee772-792e-54fe-ae0f-d62f75f71c11', DEFAULT, DEFAULT), ('45173bfe-a11f-574a-ac25-21cda1308ec9', 'Consequat Irure', '60f279f1-b04c-57b1-b6aa-b71a8811c6ab', DEFAULT, DEFAULT), ('28e4b717-ba20-5ce6-96db-f08421aa2fc7', 'Do Cillum Pariatur', '60f279f1-b04c-57b1-b6aa-b71a8811c6ab', DEFAULT, DEFAULT), ('d35ecca3-ac35-5e28-8e7e-6a25de908d18', 'Sunt Officia', '60f279f1-b04c-57b1-b6aa-b71a8811c6ab', DEFAULT, DEFAULT), ('e334db45-3389-5a47-b7c9-4ff8121637b5', 'Do', '60f279f1-b04c-57b1-b6aa-b71a8811c6ab', DEFAULT, DEFAULT), ('0a9347d2-3396-5e6a-98f1-b406ca195226', 'Occaecat', '60f279f1-b04c-57b1-b6aa-b71a8811c6ab', DEFAULT, DEFAULT), ('71edf17f-e471-58c3-bbf8-8111bd6c7c8e', 'Aliqua', '60f279f1-b04c-57b1-b6aa-b71a8811c6ab', DEFAULT, DEFAULT), ('fc6d457c-9711-5cde-813c-d584f858faae', 'Commodo Duis Lorem', '60f279f1-b04c-57b1-b6aa-b71a8811c6ab', DEFAULT, DEFAULT), ('b737f334-53a3-585e-98d7-69fce744e35e', 'Fugiat Id', 'b5d35d7e-f19e-568e-9efe-911f779c892f', DEFAULT, DEFAULT), ('8babc841-00b0-585f-9ca3-85ef68fec1f7', 'Eu Amet', 'b5d35d7e-f19e-568e-9efe-911f779c892f', DEFAULT, DEFAULT), ('79efb743-bb54-546e-8bdf-089509399715', 'Eiusmod Laboris', 'b5d35d7e-f19e-568e-9efe-911f779c892f', DEFAULT, DEFAULT), ('86e03e09-1744-508f-b91c-c48f85d8ffcb', 'Pariatur', 'b5d35d7e-f19e-568e-9efe-911f779c892f', DEFAULT, DEFAULT), ('6451b879-16d7-5644-b6b9-87dd18b3facf', 'Elit', 'b5d35d7e-f19e-568e-9efe-911f779c892f', DEFAULT, DEFAULT), ('47e5d6a1-6a7c-5068-97e6-b73d6f3b47c1', 'Consequat Excepteur ', 'b5d35d7e-f19e-568e-9efe-911f779c892f', DEFAULT, DEFAULT), ('a3141029-aec2-543b-b18a-49fe947e3304', 'Amet Voluptate', '782f7eda-e535-5ab3-8415-643126d3b0fa', DEFAULT, DEFAULT), ('6c52c1d9-13a4-51ef-ae51-1dacc4c14be9', 'Cillum', '782f7eda-e535-5ab3-8415-643126d3b0fa', DEFAULT, DEFAULT), ('2589cf16-4103-5a4f-b544-b30078083eaa', 'Commodo Eu', '782f7eda-e535-5ab3-8415-643126d3b0fa', DEFAULT, DEFAULT), ('a88bc9b9-135e-55c7-8c4c-5a072a3c8573', 'Et Deserunt', '782f7eda-e535-5ab3-8415-643126d3b0fa', DEFAULT, DEFAULT), ('8b7e423b-b9b9-5b3c-bf3d-1aa45d16235c', 'Id Ipsum', '782f7eda-e535-5ab3-8415-643126d3b0fa', DEFAULT, DEFAULT), ('882c7ae5-914f-539d-8207-691de536097f', 'In', '782f7eda-e535-5ab3-8415-643126d3b0fa', DEFAULT, DEFAULT), ('811570ef-0b81-508d-ba05-2f5e812d4131', 'Ea Sint Amet', '782f7eda-e535-5ab3-8415-643126d3b0fa', DEFAULT, DEFAULT), ('29b47b7e-4cec-5d5a-b93d-172770b57ed6', 'Laboris Est', '782f7eda-e535-5ab3-8415-643126d3b0fa', DEFAULT, DEFAULT), ('a5e6c58e-54df-5943-b1b7-463c2ae0fb74', 'Adipisicing Nisi', '782f7eda-e535-5ab3-8415-643126d3b0fa', DEFAULT, DEFAULT), ('9b1fc781-1e4e-56d2-bd68-0dc257a319c0', 'Qui', '5daf6f25-3b97-5f49-8f75-4ba5d1d74cd3', DEFAULT, DEFAULT), ('8a0a556f-d942-55f0-8ba8-1ffbfaf3c6d9', 'Anim Id Culpa', '5daf6f25-3b97-5f49-8f75-4ba5d1d74cd3', DEFAULT, DEFAULT), ('91fa3874-9437-5dfa-a49a-f19fb38d9e92', 'Do', '5daf6f25-3b97-5f49-8f75-4ba5d1d74cd3', DEFAULT, DEFAULT), ('eda91f04-12ef-5904-88aa-e6ed9a692e03', 'Est', '5daf6f25-3b97-5f49-8f75-4ba5d1d74cd3', DEFAULT, DEFAULT), ('1d3f740a-8c60-5c1d-aa9e-3854a33c8e1d', 'Elit Do', '5daf6f25-3b97-5f49-8f75-4ba5d1d74cd3', DEFAULT, DEFAULT), ('d9bba68a-079c-5141-bd43-756b87167584', 'Quis Cupidatat', '5daf6f25-3b97-5f49-8f75-4ba5d1d74cd3', DEFAULT, DEFAULT), ('ca65e33b-de71-5d46-933a-849036127987', 'Duis Laborum', '5daf6f25-3b97-5f49-8f75-4ba5d1d74cd3', DEFAULT, DEFAULT), ('3204ce32-7c5b-5953-969e-fe1d17de6e76', 'Quis', '3788fdae-c690-5563-abac-18b51e4d210f', DEFAULT, DEFAULT), ('eecf8a7e-af2f-524d-a645-c5fba3ebda06', 'Cillum Lorem Cupidat', '3788fdae-c690-5563-abac-18b51e4d210f', DEFAULT, DEFAULT), ('8d3f145b-67b0-504d-b49a-d59ecea5d2d8', 'Lorem', '3788fdae-c690-5563-abac-18b51e4d210f', DEFAULT, DEFAULT), ('d00c085d-72d6-5114-a5fd-ba818539c2f7', 'Ipsum', '3788fdae-c690-5563-abac-18b51e4d210f', DEFAULT, DEFAULT), ('de459427-bb2c-5381-bdbf-7126efbb65c9', 'Enim', '3788fdae-c690-5563-abac-18b51e4d210f', DEFAULT, DEFAULT), ('fd2a8113-662a-5782-9e12-f7b49eee56e0', 'Qui Anim', '3788fdae-c690-5563-abac-18b51e4d210f', DEFAULT, DEFAULT), ('5c25ba01-ab4d-5527-9a41-d79d770f3d79', 'Commodo Cupidatat La', '3788fdae-c690-5563-abac-18b51e4d210f', DEFAULT, DEFAULT), ('bbcbd7eb-4377-550e-af45-f77d693d98fe', 'Occaecat Quis', '3788fdae-c690-5563-abac-18b51e4d210f', DEFAULT, DEFAULT), ('84d2e38f-9f57-573c-beee-7b9678c403c3', 'Esse In Exercitation', '3788fdae-c690-5563-abac-18b51e4d210f', DEFAULT, DEFAULT), ('285896cd-c894-5631-a1f6-527c321079e6', 'Deserunt Et', '3788fdae-c690-5563-abac-18b51e4d210f', DEFAULT, DEFAULT), ('d6d652bf-48a5-5a85-a95d-16c25edc5397', 'Ea', '177ae72e-41a6-5325-80d6-452827ea5918', DEFAULT, DEFAULT), ('94170f3d-888c-58bc-bc18-13592bfb52c5', 'Nulla Cupidatat Veni', '177ae72e-41a6-5325-80d6-452827ea5918', DEFAULT, DEFAULT), ('1e0af0c0-30ba-5a06-9647-a83cef3d815d', 'Esse Aliqua', '177ae72e-41a6-5325-80d6-452827ea5918', DEFAULT, DEFAULT), ('097c4d8e-94d3-5fd3-94ca-7bbb66cf6929', 'Qui Exercitation', '177ae72e-41a6-5325-80d6-452827ea5918', DEFAULT, DEFAULT), ('70b4d1da-5ee3-5bd6-aecb-9af8ab670b84', 'Non Pariatur Esse', 'c0a2f5c4-7781-5310-ad3c-e7b9f41a7ace', DEFAULT, DEFAULT), ('2da4149c-bf3e-5f98-b904-591c69530871', 'Sit', 'c0a2f5c4-7781-5310-ad3c-e7b9f41a7ace', DEFAULT, DEFAULT), ('a69d43fa-2222-5203-b590-140e62599451', 'Magna Sit', 'c0a2f5c4-7781-5310-ad3c-e7b9f41a7ace', DEFAULT, DEFAULT), ('f6a7cc82-a609-50ee-a839-9fa8b1a9631d', 'Anim', 'c0a2f5c4-7781-5310-ad3c-e7b9f41a7ace', DEFAULT, DEFAULT), ('00644310-2ebb-53b6-b6cd-c599924419bd', 'Duis Do Anim', 'c0a2f5c4-7781-5310-ad3c-e7b9f41a7ace', DEFAULT, DEFAULT), ('3de7919f-8a6e-5a5a-ad06-07f2ad53b96d', 'Amet Mollit Amet', 'c0a2f5c4-7781-5310-ad3c-e7b9f41a7ace', DEFAULT, DEFAULT), ('28a1ca86-fc34-5d5b-bda6-792b581f58de', 'Exercitation Lorem', '71c019c0-f4c8-51ac-bfff-4141eabf85f3', DEFAULT, DEFAULT), ('c801d235-e02a-5267-8201-eecb86948b65', 'Eiusmod Officia Dolo', '71c019c0-f4c8-51ac-bfff-4141eabf85f3', DEFAULT, DEFAULT), ('ad1bbcac-cdbb-551f-b25a-b14b40074515', 'Quis', '71c019c0-f4c8-51ac-bfff-4141eabf85f3', DEFAULT, DEFAULT), ('af85f96c-efbd-584c-bdd4-26c4e2f3e556', 'Enim', '71c019c0-f4c8-51ac-bfff-4141eabf85f3', DEFAULT, DEFAULT), ('ee198d66-a798-52a5-8b79-9931f7b835e3', 'Labore Magna Sit', '71c019c0-f4c8-51ac-bfff-4141eabf85f3', DEFAULT, DEFAULT), ('b67e09de-df70-515b-91d0-6e53f3b4a58a', 'Lorem Commodo Enim', 'ab4eb860-b9b9-58f5-84c6-b76a08d23dfd', DEFAULT, DEFAULT), ('fe24988b-bca5-5bf5-be0f-c92da7b2cbe1', 'Nostrud Mollit Proid', 'ab4eb860-b9b9-58f5-84c6-b76a08d23dfd', DEFAULT, DEFAULT), ('fb634118-b8a6-50b7-9010-0317dd27fba6', 'Non Quis Magna', 'ab4eb860-b9b9-58f5-84c6-b76a08d23dfd', DEFAULT, DEFAULT), ('cda3814f-c14d-5dcf-a835-797df84f6d99', 'Mollit Voluptate', 'ab4eb860-b9b9-58f5-84c6-b76a08d23dfd', DEFAULT, DEFAULT), ('98bf31df-37fd-5af6-86dd-8686cdc35eeb', 'Eiusmod Id', 'dd9140ad-b92d-5673-a8c2-8b1c4e3e8697', DEFAULT, DEFAULT), ('ae956930-bebe-5aad-83f8-b8d0cae36371', 'Labore In', 'dd9140ad-b92d-5673-a8c2-8b1c4e3e8697', DEFAULT, DEFAULT), ('e20720a7-b660-50e0-8da5-8784fa26a31d', 'Commodo', 'dd9140ad-b92d-5673-a8c2-8b1c4e3e8697', DEFAULT, DEFAULT), ('2dbccffd-e7a5-5653-9dc6-18e988716abe', 'Aliquip Eu', 'dd9140ad-b92d-5673-a8c2-8b1c4e3e8697', DEFAULT, DEFAULT), ('d905224a-1767-5e97-ad1a-f223ab64cd44', 'Eu', 'dd9140ad-b92d-5673-a8c2-8b1c4e3e8697', DEFAULT, DEFAULT), ('94daea14-9b93-5933-9044-5ccc1eb32f8f', 'Non Adipisicing', '78de8c0c-fe2d-50bd-afca-68bed9f87cd0', DEFAULT, DEFAULT), ('dc58dd7b-bb54-5abe-8208-becc5e0561ad', 'Enim Aliqua', '78de8c0c-fe2d-50bd-afca-68bed9f87cd0', DEFAULT, DEFAULT), ('63e38d08-3dd9-5569-ab28-f70e94b3cdb7', 'Officia Mollit In', '78de8c0c-fe2d-50bd-afca-68bed9f87cd0', DEFAULT, DEFAULT), ('7f78fee3-dd27-5696-858f-318bd4cbf2a8', 'Laborum Eiusmod', '78de8c0c-fe2d-50bd-afca-68bed9f87cd0', DEFAULT, DEFAULT), ('59fbbc7c-edc9-5d3c-9170-cf6acabbcd28', 'Exercitation', '81e51b22-aab8-5050-a735-aa5917f8771b', DEFAULT, DEFAULT), ('7bf99080-cdc6-5456-b6d5-417e28b4eba5', 'Esse', '81e51b22-aab8-5050-a735-aa5917f8771b', DEFAULT, DEFAULT), ('d2f08d89-447f-5d3d-96e5-385ed888c091', 'Consequat Voluptate', '81e51b22-aab8-5050-a735-aa5917f8771b', DEFAULT, DEFAULT), ('9e6824f3-dac2-540f-9e3d-8797171dab14', 'Ipsum Eiusmod Enim', '81e51b22-aab8-5050-a735-aa5917f8771b', DEFAULT, DEFAULT), ('c15a1a93-cc16-5536-8ab0-42ef9626e379', 'Labore', '81e51b22-aab8-5050-a735-aa5917f8771b', DEFAULT, DEFAULT), ('df90352f-468b-5345-9b3e-522b747ccf55', 'Ad Aliquip Ex', '81e51b22-aab8-5050-a735-aa5917f8771b', DEFAULT, DEFAULT), ('646b32cc-2525-5418-a0f1-5c9ced471b05', 'Ipsum', '81e51b22-aab8-5050-a735-aa5917f8771b', DEFAULT, DEFAULT), ('9c793877-9a29-5409-acf9-8981bd39bd4d', 'Est Exercitation', '81e51b22-aab8-5050-a735-aa5917f8771b', DEFAULT, DEFAULT), ('d1b6355b-0594-5d07-b55b-72d2c66a1391', 'Lorem Sint Do', 'f6cb58dd-a0aa-5d2b-8ce5-200e44be4f36', DEFAULT, DEFAULT), ('77085b75-b014-57d0-8618-9cc95436a25e', 'Nisi Do Sint', 'f6cb58dd-a0aa-5d2b-8ce5-200e44be4f36', DEFAULT, DEFAULT), ('2f76c526-de17-58f1-a75e-aee239f7ed57', 'Sit', 'f6cb58dd-a0aa-5d2b-8ce5-200e44be4f36', DEFAULT, DEFAULT), ('3d4df0ce-5a7f-53e4-b486-95faf0a09720', 'Laboris Do Sit', 'f6cb58dd-a0aa-5d2b-8ce5-200e44be4f36', DEFAULT, DEFAULT), ('d6d4ebe8-fe3c-5e62-98d8-e678f356450c', 'Laborum Voluptate Ma', 'f6cb58dd-a0aa-5d2b-8ce5-200e44be4f36', DEFAULT, DEFAULT), ('5dedc9b9-eec3-5ace-a95b-d7817834d9af', 'Sunt', 'f6cb58dd-a0aa-5d2b-8ce5-200e44be4f36', DEFAULT, DEFAULT), ('3c0af99e-82a0-5346-8da5-2d2825b8a66d', 'Pariatur', '48ed64cc-01ce-5cc6-8ffd-8d552f857570', DEFAULT, DEFAULT), ('7c0f6282-7933-5431-8e88-9d2b9f09f272', 'Et Id', '48ed64cc-01ce-5cc6-8ffd-8d552f857570', DEFAULT, DEFAULT), ('c97097d9-c6b8-5a50-931a-369c86f1535e', 'Tempor Mollit', '48ed64cc-01ce-5cc6-8ffd-8d552f857570', DEFAULT, DEFAULT), ('9f26eece-7e59-5b46-a98b-848dc55a0cda', 'Magna Enim', '48ed64cc-01ce-5cc6-8ffd-8d552f857570', DEFAULT, DEFAULT), ('75b1f4f3-d352-56de-83dd-e679684b060c', 'Dolore Consectetur', '48ed64cc-01ce-5cc6-8ffd-8d552f857570', DEFAULT, DEFAULT), ('09bca3f4-0d37-5f5a-b637-9d7942a17cff', 'Labore', '0cb21e27-1e4d-50c9-bd0d-f6696d98b44c', DEFAULT, DEFAULT), ('2ca679b7-4687-5422-ac57-c89cfa36e3c8', 'Laboris Culpa Labori', '0cb21e27-1e4d-50c9-bd0d-f6696d98b44c', DEFAULT, DEFAULT), ('ba60341e-ffca-5a8d-85d2-58afc6ff269c', 'Laborum Dolore', '0cb21e27-1e4d-50c9-bd0d-f6696d98b44c', DEFAULT, DEFAULT), ('deab978c-4953-507c-b4fb-f509dd35f454', 'Sit Aliqua', '0cb21e27-1e4d-50c9-bd0d-f6696d98b44c', DEFAULT, DEFAULT), ('061a9df6-5f3b-55cf-9879-eec1a4061457', 'Consectetur Qui', '29d37d99-954e-5434-8e90-9d564d65e434', DEFAULT, DEFAULT), ('f8fbdff1-11b4-54fa-ab90-292d82d3d353', 'Aute Excepteur', '29d37d99-954e-5434-8e90-9d564d65e434', DEFAULT, DEFAULT), ('3af5be38-b117-5675-8d7a-e27a1a34e8a8', 'Sunt Officia', '29d37d99-954e-5434-8e90-9d564d65e434', DEFAULT, DEFAULT), ('ab07c47c-511a-5092-acb9-cbf862e0076b', 'Adipisicing', '29d37d99-954e-5434-8e90-9d564d65e434', DEFAULT, DEFAULT), ('f46ce5c6-3097-5b5d-8213-37b749a8664f', 'Id Quis', '29d37d99-954e-5434-8e90-9d564d65e434', DEFAULT, DEFAULT);
UPDATE public.team SET plan_id = 10 WHERE id = '7c2c4732-09c1-5f7b-87ca-c53e7497b4ef';
UPDATE public.team SET plan_id = 10 WHERE id = 'f50563b6-8532-51ec-b121-d8c6bca3e897';
UPDATE public.team SET plan_id = 10 WHERE id = 'f1bf295c-195b-5a42-9c6b-5bfa14b58307';
UPDATE public.team SET plan_id = 10 WHERE id = 'e0eebbc8-63c9-5fee-b088-b3310b672c35';
UPDATE public.team SET plan_id = 10 WHERE id = '1c17c04a-19f5-5c48-8b6b-48fe02257ffb';
UPDATE public.team SET plan_id = 10 WHERE id = 'a2996c99-b8bb-5bf6-b789-844e821ceb82';
UPDATE public.team SET plan_id = 10 WHERE id = '5d016028-a6a3-5268-91a3-91021dbfda0a';
UPDATE public.team SET plan_id = 10 WHERE id = 'b279891e-05aa-528b-867b-dd6fe5fa77c8';
UPDATE public.team SET plan_id = 10 WHERE id = 'ff53868f-9940-575d-8fa8-923808f93a53';
UPDATE public.team SET plan_id = 10 WHERE id = '8172203a-00e7-5e0e-919b-2970e0d891df';
UPDATE public.team SET plan_id = 11 WHERE id = '5e20f9a8-7b26-5a5f-8426-6b12c182d23c';
UPDATE public.team SET plan_id = 11 WHERE id = '53fe0e9e-3358-5722-b994-4faad8733cd3';
UPDATE public.team SET plan_id = 11 WHERE id = 'e4834379-a7a0-5f41-8193-f598072b1c83';
UPDATE public.team SET plan_id = 11 WHERE id = 'a9f91eda-269f-54d0-83de-05f0c2ecbf08';
UPDATE public.team SET plan_id = 11 WHERE id = 'c0062d28-74ce-56b0-8124-852c5c4cdd1f';
UPDATE public.team SET plan_id = 11 WHERE id = 'a1d779f7-e622-5cd1-b766-eb2b7925b3c0';
UPDATE public.team SET plan_id = 11 WHERE id = 'bd4e2ea6-e7d4-5655-93cc-d1ed71c3483c';
UPDATE public.team SET plan_id = 11 WHERE id = 'fb2f612f-57ab-526e-8b57-f5de07942107';
UPDATE public.team SET plan_id = 11 WHERE id = '38cee772-792e-54fe-ae0f-d62f75f71c11';
UPDATE public.team SET plan_id = 11 WHERE id = '60f279f1-b04c-57b1-b6aa-b71a8811c6ab';
UPDATE public.team SET plan_id = 11 WHERE id = 'b5d35d7e-f19e-568e-9efe-911f779c892f';
UPDATE public.team SET plan_id = 12 WHERE id = '782f7eda-e535-5ab3-8415-643126d3b0fa';
UPDATE public.team SET plan_id = 12 WHERE id = '5daf6f25-3b97-5f49-8f75-4ba5d1d74cd3';
UPDATE public.team SET plan_id = 12 WHERE id = '3788fdae-c690-5563-abac-18b51e4d210f';
UPDATE public.team SET plan_id = 12 WHERE id = '177ae72e-41a6-5325-80d6-452827ea5918';
UPDATE public.team SET plan_id = 12 WHERE id = 'c0a2f5c4-7781-5310-ad3c-e7b9f41a7ace';
UPDATE public.team SET plan_id = 12 WHERE id = '71c019c0-f4c8-51ac-bfff-4141eabf85f3';
UPDATE public.team SET plan_id = 12 WHERE id = 'ab4eb860-b9b9-58f5-84c6-b76a08d23dfd';
UPDATE public.team SET plan_id = 12 WHERE id = 'dd9140ad-b92d-5673-a8c2-8b1c4e3e8697';
UPDATE public.team SET plan_id = 12 WHERE id = '78de8c0c-fe2d-50bd-afca-68bed9f87cd0';
UPDATE public.team SET plan_id = 12 WHERE id = '81e51b22-aab8-5050-a735-aa5917f8771b';
UPDATE public.team SET plan_id = 12 WHERE id = 'f6cb58dd-a0aa-5d2b-8ce5-200e44be4f36';
UPDATE public.team SET plan_id = 12 WHERE id = '48ed64cc-01ce-5cc6-8ffd-8d552f857570';
UPDATE public.team SET plan_id = 12 WHERE id = '0cb21e27-1e4d-50c9-bd0d-f6696d98b44c';
UPDATE public.team SET plan_id = 12 WHERE id = '29d37d99-954e-5434-8e90-9d564d65e434';
SELECT setval('"public"."plan_id_seq"'::regclass, (SELECT MAX("id") FROM "public"."plan"));
INSERT INTO public.arena (id,game_id,name,metadata,created_at,updated_at) VALUES (31, 23, 'Silverlake Stadium', DEFAULT, DEFAULT, DEFAULT), (32, 24, 'Downtown Plaza Pavilion', DEFAULT, DEFAULT, DEFAULT), (33, 25, 'Bayshore Pavilion', DEFAULT, DEFAULT, DEFAULT), (34, 25, 'Sunset Stadium', DEFAULT, DEFAULT, DEFAULT), (35, 23, 'Downtown Square Pavilion', DEFAULT, DEFAULT, DEFAULT), (36, 26, 'Oceanfront Amphitheater', DEFAULT, DEFAULT, DEFAULT), (37, 26, 'Main Square Arena', DEFAULT, DEFAULT, DEFAULT), (38, 22, 'Southbank Arena', DEFAULT, DEFAULT, DEFAULT), (39, 25, 'Waterfront Amphitheater', DEFAULT, DEFAULT, DEFAULT), (40, 26, 'Meadowbrook Pavilion', DEFAULT, DEFAULT, DEFAULT);
SELECT setval('"public"."arena_id_seq"'::regclass, (SELECT MAX("id") FROM "public"."arena"));
INSERT INTO public.blueprint (id,book_id,arena_id,visibility,name,tags,created_at,updated_at) VALUES ('fd4a2d4e-8569-59ca-837d-fb7fa0ab1be1', 'b5605791-3389-56c2-9ec6-17d538b9bb85', 35, 'public', 'Roaming Support Plan', '{"culpa voluptate eu deserunt cupi","elit incididunt id Lorem deserun","do enim sit excepteur","incididunt sit","laboris proident veniam","ut enim","tempor voluptate in","commodo"}', DEFAULT, DEFAULT), ('e0502ed9-8194-54d4-be5d-43176e2a7438', '28a1ca86-fc34-5d5b-bda6-792b581f58de', 38, 'unlisted', 'Roaming Support Plan', '{"aliquip magna cillum irure","deserunt ut cupidatat fugiat","ex qui","consectetur"}', DEFAULT, DEFAULT), ('cba89714-5b1d-590f-92a2-27cfb555b7e4', '19495f2f-99a6-5394-9596-a1d3fb0d3196', 34, 'public', 'Gank Heavy Approach', '{}', DEFAULT, DEFAULT), ('497b8842-fb80-5638-ba6f-3f3e64daa06b', 'f7f33f5b-7e02-5784-9db2-ed2995544a54', 32, 'public', 'Map Control Blueprint', '{"tempor laboris ex adipisicing","Lorem in excepteur dolore","tempor mollit"}', DEFAULT, DEFAULT), ('75fbf0dd-b3c9-5513-87f0-9d9a9004f64c', '98eaafd3-adbf-5a3e-adb9-b3fb6971b6f1', 33, 'private', 'Baron Control Strategy', '{"aliquip enim commodo","non Lorem incididunt adipisicing"}', DEFAULT, DEFAULT), ('0352b4c9-6de9-5702-929d-3d622c6456a1', 'fe24988b-bca5-5bf5-be0f-c92da7b2cbe1', 34, 'public', 'Rotation Strategy Document', '{"magna sint eiusmod","aliqua","consequat aute esse fugiat deser","incididunt laboris dolore"}', DEFAULT, DEFAULT), ('1e701d2b-566c-5f82-8280-a2a9d02ee590', 'fbbb9719-f3d1-5ce2-b584-4b70bf5bb135', 34, 'unlisted', 'Early Game Dominance Guide', '{"anim dolore","nulla velit Lorem","in et","consectetur aliquip sit laborum","laboris aliquip esse","pariatur labore irure","ea officia aliquip aute"}', DEFAULT, DEFAULT), ('f04c0ed1-b624-5092-8b98-dae6fff857dc', '672ad514-6b43-58ed-b7aa-f70ed34485d9', 36, 'private', 'Early Game Dominance Guide', '{"duis nostrud aliquip irure dolor","magna culpa","dolore adipisicing","mollit dolor mollit elit duis"}', DEFAULT, DEFAULT), ('7eef79d9-ea6c-5417-b347-09dbcb8b4c78', 'ee198d66-a798-52a5-8b79-9931f7b835e3', 33, 'unlisted', 'Roaming Support Plan', '{"est nulla","irure consequat","eu ut amet consequat","deserunt magna duis","quis irure ea in","tempor amet"}', DEFAULT, DEFAULT), ('3aff3e37-0331-5c7a-a0f5-1b6595c2ad7b', 'af85f96c-efbd-584c-bdd4-26c4e2f3e556', 39, 'public', 'Baron Control Strategy', '{"duis quis esse id","minim dolore non","nulla non cillum minim","do ea duis labore officia","exercitation","nostrud qui"}', DEFAULT, DEFAULT), ('7c0cf1d4-d57d-5092-a3f0-ca49e04ace52', 'd1b8f3f8-af26-5088-8712-273c28ba98f7', 33, 'public', 'Roaming Support Plan', '{"in nisi"}', DEFAULT, DEFAULT), ('26c80d6d-0d6f-5fb2-8296-8b5e9e1fdeb7', '19495f2f-99a6-5394-9596-a1d3fb0d3196', 40, 'unlisted', 'Early Game Dominance Guide', '{"occaecat aliqua proident eiusmod","magna enim tempor elit","velit","amet reprehenderit ullamco sint","fugiat tempor","do exercitation quis in tempor","et","sit velit","minim ad fugiat"}', DEFAULT, DEFAULT), ('310ccf44-859c-5587-8001-5aa84afb3236', '2dbccffd-e7a5-5653-9dc6-18e988716abe', 37, 'private', 'Wave Management Plan', '{"pariatur culpa aliqua","elit nisi ad","incididunt esse velit","proident enim","reprehenderit aliqua in","qui qui irure","irure laborum","dolor incididunt pariatur"}', DEFAULT, DEFAULT), ('c6131a0d-c1ea-5dce-8460-c91026e41f9f', 'b5605791-3389-56c2-9ec6-17d538b9bb85', 37, 'public', 'Siege Tactics Handbook', '{"aute laboris","aute amet aliqua minim","pariatur magna incididunt","nisi laboris","elit nostrud velit","id culpa","non adipisicing","cupidatat consectetur"}', DEFAULT, DEFAULT), ('054eb394-a081-59a1-b613-e1c8bbcc6250', '5783cab4-e010-523b-b893-81b388f43d06', 33, 'public', 'Counter Pick Blueprint', '{"duis irure","non magna irure magna","dolore","eu","anim adipisicing sunt aute","pariatur","culpa dolore sint"}', DEFAULT, DEFAULT), ('4cb602e9-b66f-5f7e-a7a1-71729454372c', '097c4d8e-94d3-5fd3-94ca-7bbb66cf6929', 38, 'unlisted', 'Rotation Strategy Document', '{"adipisicing laboris aliqua tempo","esse tempor anim mollit","sunt labore in","amet aute minim","consectetur sit ut","sint dolore laborum sit","quis fugiat laboris","proident aute exercitation"}', DEFAULT, DEFAULT), ('8ed312f8-fa19-5305-a78e-7cdee2dc9e00', '5dd9c208-a224-5712-b987-eab6b9a89e23', 39, 'private', 'Aggressive Rush Strategy', '{"anim consectetur","incididunt laborum non consectet","fugiat mollit esse","cillum commodo ea aliqua ullamco","officia elit"}', DEFAULT, DEFAULT), ('c9bad04c-3d6e-5efe-9540-7763dde57640', '77085b75-b014-57d0-8618-9cc95436a25e', 39, 'private', 'Objective Focused Strategy', '{"eiusmod nulla id qui","aute amet","velit anim sunt sunt","laborum ea reprehenderit mollit","aute eiusmod","voluptate ipsum dolor elit sint","reprehenderit reprehenderit labo","proident","adipisicing"}', DEFAULT, DEFAULT), ('7a350dde-d215-538c-bfd3-d5cdd8b40555', 'af85f96c-efbd-584c-bdd4-26c4e2f3e556', 40, 'public', 'Counter Pick Blueprint', '{"consequat exercitation ad"}', DEFAULT, DEFAULT), ('bd6c4dd0-06e8-56ab-abd6-6e9e777c13a7', '110efd29-2979-5c30-b41f-b3bf832f48cd', 34, 'public', 'Counter Pick Blueprint', '{"veniam tempor dolor culpa","consectetur occaecat fugiat non"}', DEFAULT, DEFAULT), ('844103e5-8cf8-5795-8a63-ccecfc3e2001', '59fbbc7c-edc9-5d3c-9170-cf6acabbcd28', 36, 'public', 'Gank Heavy Approach', '{"et","aliqua veniam culpa laborum et"}', DEFAULT, DEFAULT), ('582d0ca1-76cc-5500-9dd8-190ab817072d', '28e4b717-ba20-5ce6-96db-f08421aa2fc7', 39, 'private', 'Vision Control Blueprint', '{"occaecat Lorem do","id culpa veniam elit","aute veniam magna incididunt","id enim labore est duis","elit veniam in culpa","cillum excepteur","reprehenderit amet","ullamco reprehenderit"}', DEFAULT, DEFAULT), ('9012aa86-f8a2-5033-82d5-336bcaa03c26', '3204ce32-7c5b-5953-969e-fe1d17de6e76', 40, 'public', 'Siege Tactics Handbook', '{"in exercitation dolore non sit"}', DEFAULT, DEFAULT), ('746bb5ad-439a-519a-90ef-991641df1623', '71edf17f-e471-58c3-bbf8-8111bd6c7c8e', 38, 'unlisted', 'Late Game Scaling Strategy', '{"exercitation","fugiat est sunt","enim ut qui"}', DEFAULT, DEFAULT), ('b1bab82d-de7c-55e3-8115-1651b8f68765', 'ad276812-3b86-5425-b36a-d822f2860912', 32, 'private', 'Secure Objective Playbook', '{"laboris consectetur enim consequ"}', DEFAULT, DEFAULT), ('0145500d-2ab2-5c49-9cea-edd711ce1cc9', 'cda3814f-c14d-5dcf-a835-797df84f6d99', 34, 'unlisted', 'Aggressive Rush Strategy', '{"quis in cupidatat","excepteur velit","deserunt quis adipisicing eiusmo","ex","duis ullamco id aliquip fugiat"}', DEFAULT, DEFAULT), ('703c3370-90fb-5d22-8365-f34357b3ffb8', '5cdb9712-16b6-532e-9cc7-8cf7dfbe9b6b', 37, 'private', 'Rotation Strategy Document', '{"incididunt Lorem","laboris nisi nisi","dolore duis","esse fugiat anim nulla","culpa non dolor","adipisicing deserunt consectetur"}', DEFAULT, DEFAULT), ('fd862b26-fe8c-52d0-b06e-3c9f938bd3ab', '2d1d7734-be70-5d07-a538-e76c6cae722e', 37, 'public', 'Jungle Control Playbook', '{"proident fugiat exercitation rep","et nostrud exercitation sit elit","sunt aliquip aliqua sunt","officia aliqua laboris deserunt","ea veniam","eiusmod eu consequat","pariatur in do","tempor mollit incididunt"}', DEFAULT, DEFAULT), ('70415515-b81b-59ef-a1ed-18578b73b7ae', 'ae956930-bebe-5aad-83f8-b8d0cae36371', 38, 'private', 'Baron Control Strategy', '{"amet enim laborum eu","non duis laborum nisi"}', DEFAULT, DEFAULT), ('c5558815-aa72-5938-a7c8-62ae2c1a039c', '8bf74689-dfcf-5429-b342-2718dce8a8eb', 38, 'public', 'Secure Objective Playbook', '{"ipsum velit cupidatat elit labor","adipisicing culpa elit","aute veniam aliquip","est","veniam laborum"}', DEFAULT, DEFAULT), ('703bbd20-9625-5bd7-8aa3-5ead0245fe50', '5c25ba01-ab4d-5527-9a41-d79d770f3d79', 31, 'unlisted', 'Objective Focused Strategy', '{"ullamco ad cillum magna","ex occaecat nostrud","aliquip esse et labore","sit commodo","proident","aliquip amet","proident deserunt adipisicing vo","quis et","anim mollit adipisicing"}', DEFAULT, DEFAULT), ('68ff3d82-b6b6-5053-9e74-aa9b346dd8d1', 'd9bba68a-079c-5141-bd43-756b87167584', 40, 'private', 'Wave Management Plan', '{"voluptate voluptate voluptate","ipsum eu","ipsum","reprehenderit","quis aliquip","in"}', DEFAULT, DEFAULT), ('522e120d-7e21-504a-9c96-99e429197e5a', 'bf251b09-11da-503b-84c5-60ec2f7d4e17', 37, 'unlisted', 'Counter Pick Blueprint', '{"dolor tempor","laborum excepteur nulla dolore","magna aliqua et","reprehenderit nostrud proident","duis et magna ex","labore anim ullamco","esse","fugiat veniam et dolore mollit","adipisicing pariatur nostrud"}', DEFAULT, DEFAULT), ('54b879fc-04e4-53b3-8cec-0174fc0ccd34', '7f78fee3-dd27-5696-858f-318bd4cbf2a8', 35, 'private', 'Counter Pick Blueprint', '{"do minim aliquip","exercitation","labore enim mollit ex","nostrud commodo consectetur","excepteur id","exercitation ullamco veniam","dolore laborum quis","minim quis sit qui ea","ut minim","anim voluptate eiusmod"}', DEFAULT, DEFAULT), ('fb90b354-0ae1-59da-9637-61f6c5ed3fb9', '5f651c76-ceba-56db-bd60-512d4079ec53', 34, 'public', 'Secure Objective Playbook', '{"id amet","occaecat aute ea","est exercitation id minim","aliquip","anim occaecat sunt irure","cillum aute consectetur cupidata","ipsum laborum"}', DEFAULT, DEFAULT), ('95b3988b-e14b-57a7-900d-4985cb116f17', 'cd80d13e-478f-5058-8dfd-e20a76013cb5', 36, 'private', 'Gank Heavy Approach', '{"elit","fugiat anim","duis nisi enim dolor","voluptate nisi reprehenderit","pariatur velit velit","magna nulla","quis tempor aliquip sunt sunt","fugiat laboris in do","elit"}', DEFAULT, DEFAULT), ('7d1face3-2e87-52f5-9623-fff9de0a6539', '9b1fc781-1e4e-56d2-bd68-0dc257a319c0', 39, 'public', 'Map Control Blueprint', '{"veniam ad cupidatat","adipisicing","commodo excepteur exercitation c","irure"}', DEFAULT, DEFAULT), ('e8bf9a25-132d-5d46-b40a-d08534be6c9f', '203ac13e-e5b1-548e-a7da-5d8cff932053', 31, 'unlisted', 'Counter Pick Blueprint', '{"aliqua tempor excepteur nostrud","duis"}', DEFAULT, DEFAULT), ('29a560e9-84d9-5f41-9b09-76969cbfb144', 'bbcbd7eb-4377-550e-af45-f77d693d98fe', 32, 'public', 'Counter Pick Blueprint', '{"sit aute anim est","culpa aliqua mollit","non et culpa dolore","officia elit"}', DEFAULT, DEFAULT), ('d9c4b302-5ab0-5114-8120-41d1876c7eb9', '5531f3c9-2ccc-59e8-86e8-da1800808ec2', 37, 'public', 'Objective Focused Strategy', '{"proident duis","adipisicing et commodo","enim ipsum","aute est ullamco non","ad enim","nisi labore ad occaecat sint","voluptate ut culpa ea","fugiat commodo"}', DEFAULT, DEFAULT), ('ca1b9e1e-f7c0-5c4a-a566-aabf3f7ebb80', '3ff60d7a-a4ad-54c5-a422-53b52cd53093', 33, 'unlisted', 'Vision Denial Blueprint', '{"quis exercitation","culpa labore mollit","laborum pariatur occaecat duis","est ad","nisi","officia ut do sit","sunt eiusmod mollit sunt","fugiat sunt proident excepteur","qui reprehenderit","ut et sint veniam"}', DEFAULT, DEFAULT), ('cde91e33-9c71-56e0-b19e-f2372fa577cf', '5c25ba01-ab4d-5527-9a41-d79d770f3d79', 40, 'private', 'Secure Objective Playbook', '{"tempor ea ut","tempor minim commodo ea"}', DEFAULT, DEFAULT), ('013547e4-326e-5221-8377-310093ccf53a', '98eaafd3-adbf-5a3e-adb9-b3fb6971b6f1', 40, 'private', 'Rotation Strategy Document', '{"fugiat","nulla","do dolor in amet","nisi anim pariatur","anim anim ut mollit","adipisicing"}', DEFAULT, DEFAULT), ('50cffa66-dd91-5aed-8c46-1b76e488de31', 'bbcbd7eb-4377-550e-af45-f77d693d98fe', 36, 'unlisted', 'Rotation Strategy Document', '{"magna laborum laboris fugiat tem"}', DEFAULT, DEFAULT), ('f550c2bf-a147-5e29-8a01-470336f387eb', 'ab07c47c-511a-5092-acb9-cbf862e0076b', 36, 'unlisted', 'Map Control Blueprint', '{"aliqua eu do dolor magna","incididunt exercitation ad","do ad in nisi et","aliqua sit voluptate culpa venia","tempor in dolore ea","sint mollit sit dolore aliqua","non incididunt mollit","cillum","tempor dolor magna do","mollit commodo dolore"}', DEFAULT, DEFAULT), ('a30e3d57-ad0a-594d-9622-8a2514b8110c', 'e5b4727f-be5e-52c0-83cb-cb7ba230945f', 38, 'private', 'Roaming Support Plan', '{"cupidatat nisi eu id","velit eiusmod ullamco laboris in","incididunt ut ut","elit do elit elit"}', DEFAULT, DEFAULT), ('cb76f565-509b-50d9-bbe4-5c6e7c9b0eb4', 'cd80d13e-478f-5058-8dfd-e20a76013cb5', 40, 'unlisted', 'Secure Objective Playbook', '{"aliquip tempor id sint est","sit ipsum pariatur culpa","sint laboris mollit","esse voluptate ut","reprehenderit laboris ut","Lorem consectetur"}', DEFAULT, DEFAULT), ('a344c7b4-07e6-54df-b4ed-f27c7916e147', '8891aca3-b326-5a45-a77b-46ff3fd96d49', 32, 'public', 'Split Push Blueprint', '{"nulla","cillum quis eiusmod","id","ea dolore ut voluptate fugiat","aute in consectetur tempor","aute consectetur ex adipisicing ","ex Lorem ea pariatur sit"}', DEFAULT, DEFAULT), ('6c40d2d3-07ad-5aa1-a5fa-cf5861475e5d', 'd9bba68a-079c-5141-bd43-756b87167584', 35, 'unlisted', 'Team Fight Execution Plan', '{"anim cillum proident ex","est aliquip non amet commodo"}', DEFAULT, DEFAULT), ('ba7460a4-9316-52e4-9e3a-05ee82b85e66', '77085b75-b014-57d0-8618-9cc95436a25e', 35, 'unlisted', 'Split Push Blueprint', '{"adipisicing quis duis dolor fugi","commodo ad occaecat Lorem","ut est anim","consectetur in","proident eu pariatur","nulla consectetur veniam duis"}', DEFAULT, DEFAULT), ('fb3595df-62ad-5f54-ac34-3a578952555c', '061a9df6-5f3b-55cf-9879-eec1a4061457', 39, 'public', 'Map Control Blueprint', '{"proident dolore","nostrud fugiat nostrud est","ullamco fugiat deserunt laborum","cillum labore sint","pariatur et cupidatat commodo","non consequat laboris nostrud ip"}', DEFAULT, DEFAULT), ('90edde40-1b87-5f75-90b9-68639fbcb2b8', 'abf8504a-2cfc-5a9d-a5d2-31dccd8bf00f', 38, 'unlisted', 'Map Control Blueprint', '{"ex aute consectetur adipisicing","duis deserunt occaecat ullamco","nisi aute ipsum tempor","laborum duis non eu","ea ipsum eiusmod","do eiusmod anim","ex Lorem","duis Lorem enim"}', DEFAULT, DEFAULT), ('ea26a496-35d8-5f3f-a769-a80898ec7b17', '84d2e38f-9f57-573c-beee-7b9678c403c3', 32, 'unlisted', 'Aggressive Rush Strategy', '{"et ex sit","excepteur aute in","amet irure pariatur consequat","pariatur sit ad magna"}', DEFAULT, DEFAULT), ('035a0a25-d588-551c-9f76-4e9f593ffaf4', 'b5605791-3389-56c2-9ec6-17d538b9bb85', 39, 'public', 'Aggressive Rush Strategy', '{}', DEFAULT, DEFAULT), ('e7f55997-6008-5d29-9f7f-564ab748cc59', '8891aca3-b326-5a45-a77b-46ff3fd96d49', 38, 'private', 'Siege Tactics Handbook', '{"eu qui do","fugiat dolor magna","elit fugiat nostrud sint","minim ad qui","dolor adipisicing","ullamco laborum culpa amet","aliqua amet","Lorem consequat est ullamco null"}', DEFAULT, DEFAULT), ('396ce0bd-b3e1-5b3c-94ea-bb5357e1c76a', '285896cd-c894-5631-a1f6-527c321079e6', 39, 'unlisted', 'Roaming Support Plan', '{"Lorem in magna amet","reprehenderit elit sunt elit do","fugiat aliquip ea nisi","ex cupidatat laboris"}', DEFAULT, DEFAULT), ('4cb2c65b-80df-57cc-9c0d-6c346029b88f', '9a184097-b9bc-5f22-ba40-6c62e83423ab', 35, 'public', 'Objective Focused Strategy', '{"Lorem officia occaecat duis","tempor ullamco consectetur","fugiat ad quis sint","in sit","labore laborum nisi reprehenderi","dolor","duis esse","exercitation proident quis","cillum amet nulla do eiusmod"}', DEFAULT, DEFAULT), ('8172dfee-2cce-5dee-9293-b6bd5f74d656', '72d447b0-a4fa-5de7-bb4c-9ff5f169dfea', 39, 'public', 'Team Fight Execution Plan', '{"magna Lorem dolore culpa","culpa voluptate","irure ex cupidatat"}', DEFAULT, DEFAULT), ('910e8e4b-af24-5f28-a2eb-631066a490eb', 'e4de1a09-bd9a-5e42-b92c-2cb1af28bec6', 38, 'public', 'Vision Denial Blueprint', '{"minim aliquip eu cillum","qui","do consectetur","reprehenderit","esse","est voluptate","quis adipisicing","ex sint"}', DEFAULT, DEFAULT), ('150381a3-e791-54de-9419-0edac12fb9eb', 'e334db45-3389-5a47-b7c9-4ff8121637b5', 32, 'public', 'Counter Pick Blueprint', '{"laboris dolore","dolor ad dolore","ullamco ipsum labore","dolor esse deserunt"}', DEFAULT, DEFAULT), ('ddb37574-0dbe-5aa4-a5e8-b15242cefaff', 'ec0fecde-72da-5866-9b82-27edb33f804a', 37, 'private', 'Counter Pick Blueprint', '{"eiusmod enim","incididunt sint","cillum fugiat esse eu","nisi nisi mollit culpa consequat","voluptate aute","aliquip velit eiusmod Lorem fugi","ut consequat amet commodo","non voluptate esse anim proident","laborum pariatur proident adipis","mollit ullamco"}', DEFAULT, DEFAULT), ('77fbdaed-4103-591b-82ee-3e3fa4b78a9b', '7c0f6282-7933-5431-8e88-9d2b9f09f272', 40, 'public', 'Late Game Scaling Strategy', '{"amet reprehenderit ullamco deser","ut irure amet","cupidatat eiusmod","eiusmod sit cupidatat","amet aute duis","mollit esse in labore","aliqua reprehenderit irure venia","Lorem pariatur dolore aliquip","esse amet","sit esse dolore elit"}', DEFAULT, DEFAULT), ('0f1e8b42-396d-5765-be37-bce2ee646e04', 'b32027db-33da-5dc2-b906-e0c2a06ac683', 34, 'public', 'Defensive Turtle Tactics', '{"consequat sunt"}', DEFAULT, DEFAULT), ('5308f8b3-4d4d-529a-bd7c-3a77ac4fe6ae', '43bcab14-4a69-5e60-a07f-cda2fe595a2a', 37, 'public', 'Jungle Control Playbook', '{"qui","laborum minim pariatur elit","nostrud aliqua occaecat consecte","proident","ut incididunt"}', DEFAULT, DEFAULT), ('851e9ece-db38-530e-b3f9-f5e1d49a3b34', 'a5e6c58e-54df-5943-b1b7-463c2ae0fb74', 37, 'private', 'Gank Heavy Approach', '{"labore sit ipsum irure","veniam tempor","velit nulla aliquip","sit cillum quis cillum","excepteur voluptate irure","veniam ullamco anim nostrud","esse est cillum cupidatat"}', DEFAULT, DEFAULT), ('2189cd55-c657-5ce9-999a-da1a2dbf7ea0', 'd6d652bf-48a5-5a85-a95d-16c25edc5397', 31, 'private', 'Late Game Scaling Strategy', '{"officia","fugiat cupidatat mollit","nisi aute","aute Lorem elit magna"}', DEFAULT, DEFAULT), ('902d4a21-0657-5095-b741-ac0d408bb89e', 'fb634118-b8a6-50b7-9010-0317dd27fba6', 37, 'private', 'Early Game Dominance Guide', '{"officia amet","labore","eu sit duis deserunt","dolor mollit","est ullamco nostrud","culpa labore eu in","laborum enim excepteur","nulla Lorem","irure eiusmod fugiat ad"}', DEFAULT, DEFAULT), ('0d40f7c0-72b0-55c2-8e48-c6c65bd9815f', '0a9347d2-3396-5e6a-98f1-b406ca195226', 32, 'public', 'Map Control Blueprint', '{"proident in irure"}', DEFAULT, DEFAULT), ('f09f5f0c-d6f4-5089-a919-82fdea15dad9', 'fbbb9719-f3d1-5ce2-b584-4b70bf5bb135', 31, 'private', 'Vision Denial Blueprint', '{"anim cupidatat veniam","sint duis fugiat occaecat non"}', DEFAULT, DEFAULT), ('9bfcf305-f3a4-5bed-9ee4-3f5ccf9e59af', '3a804324-748d-571a-afad-6b9c20a35337', 35, 'private', 'Early Game Dominance Guide', '{"non"}', DEFAULT, DEFAULT), ('2ff309f0-6726-5920-ad23-47ba58fd2525', '8bfeb6d5-d92f-5041-aa1b-39b8365c0a59', 38, 'unlisted', 'Counter Pick Blueprint', '{"ipsum","est est","labore velit nisi ipsum","id sunt excepteur in","aliqua veniam cillum ipsum","sit cupidatat irure do"}', DEFAULT, DEFAULT), ('bac302d7-9e20-52d1-89cc-b0e99ef3b896', '097c4d8e-94d3-5fd3-94ca-7bbb66cf6929', 32, 'public', 'Defensive Turtle Tactics', '{}', DEFAULT, DEFAULT), ('ef31ceeb-0f8d-5da0-ab9c-18045c420f99', '5dedc9b9-eec3-5ace-a95b-d7817834d9af', 35, 'private', 'Defensive Turtle Tactics', '{"in voluptate sint ipsum","fugiat dolor duis","non","laboris","eiusmod laboris in nostrud","dolor eiusmod ea","laborum occaecat laboris quis"}', DEFAULT, DEFAULT), ('2be70e34-56ed-5cb2-9758-b8f796ec32ec', '8c5ef042-1b14-56ed-adba-e25d3960a3cf', 40, 'public', 'Wave Management Plan', '{"ut dolor voluptate","enim consequat exercitation elit","aute","nulla nostrud"}', DEFAULT, DEFAULT), ('49e5f9f5-6a8f-5423-81e9-9e8e2c467770', '887dee3f-7921-537c-91f1-8b0d43117b12', 39, 'unlisted', 'Siege Tactics Handbook', '{"sunt exercitation","do non fugiat","duis exercitation","non culpa culpa adipisicing","ullamco reprehenderit esse enim","et ea laborum","consequat non minim dolor","sint enim consectetur Lorem aliq"}', DEFAULT, DEFAULT), ('421a5d89-58fa-56e2-87c9-a4c6fd3159db', 'cd80d13e-478f-5058-8dfd-e20a76013cb5', 39, 'public', 'Defensive Turtle Tactics', '{"eu occaecat sunt","nisi anim proident sit ipsum","qui non do ad","incididunt dolor commodo nostrud","amet do sint dolor","irure","nulla culpa esse laborum cupidat"}', DEFAULT, DEFAULT), ('c2ab0ed6-ea98-544f-a35e-cfff5a185dc8', 'd905224a-1767-5e97-ad1a-f223ab64cd44', 32, 'unlisted', 'Roaming Support Plan', '{"fugiat culpa voluptate","tempor magna","dolor consequat aute in esse"}', DEFAULT, DEFAULT), ('6c6d219e-3884-5c60-8485-0fb500d0b675', '63e38d08-3dd9-5569-ab28-f70e94b3cdb7', 38, 'unlisted', 'Roaming Support Plan', '{"Lorem id","proident minim","minim veniam commodo tempor","occaecat","laborum sit ut"}', DEFAULT, DEFAULT), ('d5fd2418-0c52-558a-8369-707f9186db0b', '9af6e0ef-7015-5390-856a-705032c2e40e', 36, 'unlisted', 'Early Game Dominance Guide', '{"nostrud voluptate esse enim non","minim dolor amet ut","do nisi labore","sint anim velit Lorem","culpa consectetur tempor","veniam","veniam enim cupidatat consectetu"}', DEFAULT, DEFAULT), ('0f22fcab-183d-5e80-9a98-c495a215f5f8', '5531f3c9-2ccc-59e8-86e8-da1800808ec2', 31, 'unlisted', 'Defensive Turtle Tactics', '{"magna voluptate in","voluptate voluptate","enim ullamco aliquip sint anim","exercitation mollit elit esse","sunt adipisicing do consequat","ex","culpa in do do deserunt","sunt laboris velit"}', DEFAULT, DEFAULT), ('f92c2ba5-8b0e-58ef-9364-e364e4c41522', '3c19e2d6-1e17-5580-adbc-319ee6c74e3c', 38, 'unlisted', 'Counter Pick Blueprint', '{"enim duis","occaecat labore minim exercitati","Lorem cupidatat enim cillum","in commodo magna irure Lorem","cillum adipisicing Lorem","ex esse nisi ad do","fugiat"}', DEFAULT, DEFAULT), ('e2ec2872-d983-5938-8f1c-38a9a14124dd', 'a6ea6199-2a1a-56d4-b12a-1bf7d32d154c', 38, 'public', 'Counter Pick Blueprint', '{"est quis dolor","aliquip quis ex consectetur","commodo ad qui Lorem duis","sint ipsum veniam","est id aliquip"}', DEFAULT, DEFAULT), ('4d4230bc-d1b6-532c-9bbf-8c67caf4f9ed', 'deab978c-4953-507c-b4fb-f509dd35f454', 33, 'private', 'Early Game Dominance Guide', '{"cupidatat anim duis ut ullamco","ipsum enim qui","tempor dolor esse ullamco","duis minim","aute","id aute anim adipisicing laboris","sit commodo pariatur ipsum","sit consequat"}', DEFAULT, DEFAULT), ('8be9ffc5-25d1-5c32-be1f-9a9ec00544f6', 'b576de0c-954e-5345-a9e7-0d691c52341a', 36, 'unlisted', 'Early Game Dominance Guide', '{"incididunt proident","ad","ea excepteur","culpa magna proident","consequat consequat","nisi nulla","est eu dolor","enim incididunt","incididunt exercitation esse ess","consequat id"}', DEFAULT, DEFAULT), ('a3241e44-bd93-5a11-a730-863e8eb75275', 'd1b8f3f8-af26-5088-8712-273c28ba98f7', 37, 'private', 'Gank Heavy Approach', '{"tempor fugiat ullamco aute","deserunt ut velit do magna","nisi cillum fugiat ullamco volup","aliqua amet aliqua","sit est ea","enim quis et fugiat qui","fugiat laborum","qui in","ad","nostrud pariatur velit"}', DEFAULT, DEFAULT), ('a1c32f18-989f-5961-80f5-4a21a838bc95', 'f46ce5c6-3097-5b5d-8213-37b749a8664f', 40, 'private', 'Baron Control Strategy', '{"deserunt sit ut eiusmod incididu"}', DEFAULT, DEFAULT), ('8fde1282-59d1-5f9b-bc10-4130ce793fa9', '34a6eefa-de0a-5b54-8950-76863d1d5290', 39, 'public', 'Late Game Scaling Strategy', '{"irure sint exercitation","sit","irure pariatur do consequat","velit sit est","exercitation enim nulla ut","qui amet non et fugiat","enim proident ea nulla adipisici","magna id quis"}', DEFAULT, DEFAULT), ('f85f8e1b-b8a0-528e-bc81-49b3e6a34ee5', 'f46ce5c6-3097-5b5d-8213-37b749a8664f', 32, 'unlisted', 'Wave Management Plan', '{"ipsum pariatur","cupidatat consectetur nisi irure","sint","sit anim eu consequat officia","aliqua do","eiusmod ex"}', DEFAULT, DEFAULT), ('e16cfe57-140d-5b3e-90f8-910575ffdd47', '79efb743-bb54-546e-8bdf-089509399715', 34, 'unlisted', 'Early Game Dominance Guide', '{"voluptate commodo","ipsum eiusmod","aliqua labore excepteur","cupidatat ut est exercitation am"}', DEFAULT, DEFAULT), ('06866e23-2aeb-59f2-9d3c-156507eb23db', 'a69d43fa-2222-5203-b590-140e62599451', 39, 'private', 'Gank Heavy Approach', '{"nulla reprehenderit deserunt"}', DEFAULT, DEFAULT), ('e5c44c16-4905-59d0-8c2a-f48ebfc3fdcc', '7d0c4d54-58ae-5ddf-b108-590171e8655a', 33, 'unlisted', 'Split Push Blueprint', '{"enim aliqua","ut","irure id quis proident","aliqua","id duis duis","ex ullamco cillum culpa dolore"}', DEFAULT, DEFAULT), ('0298782b-da7d-55b4-a736-8126dd2f9d32', '5cdb9712-16b6-532e-9cc7-8cf7dfbe9b6b', 35, 'private', 'Early Game Dominance Guide', '{"anim nisi non mollit","dolore eu ea occaecat","reprehenderit duis veniam eiusmo","officia","qui aute et dolor","voluptate adipisicing","dolore aute","tempor qui laborum proident","laboris minim reprehenderit ut n"}', DEFAULT, DEFAULT), ('8f534833-d8c3-5d0a-b63c-bd2740be0330', '3d4df0ce-5a7f-53e4-b486-95faf0a09720', 40, 'private', 'Objective Focused Strategy', '{"non Lorem do","ex ut minim dolore","deserunt est irure quis","proident enim laborum","occaecat nisi cupidatat pariatur","sunt sint","ad","velit deserunt laboris duis amet","aliquip magna in ullamco","incididunt consequat eiusmod"}', DEFAULT, DEFAULT), ('1caeec83-1956-53fb-9c1a-7f585775c524', '7f78fee3-dd27-5696-858f-318bd4cbf2a8', 36, 'public', 'Defensive Turtle Tactics', '{"cupidatat ea","eiusmod","eu amet nostrud eu","Lorem do"}', DEFAULT, DEFAULT), ('28f2bbc2-0260-5d64-a9bf-64e9bc163c30', '9c793877-9a29-5409-acf9-8981bd39bd4d', 37, 'unlisted', 'Jungle Control Playbook', '{"ullamco tempor laboris adipisici","ea cupidatat voluptate do","commodo esse fugiat","ut nisi","eiusmod fugiat","anim","eiusmod consectetur"}', DEFAULT, DEFAULT), ('8590b74a-b67e-5525-9786-4e0fc4c65d06', '262a78c7-eb9d-5e1a-8e58-41ecb0c31fbd', 34, 'private', 'Wave Management Plan', '{"qui aliqua","reprehenderit fugiat nisi commod","velit culpa est","Lorem est magna"}', DEFAULT, DEFAULT), ('fa5e4221-0eae-5da7-9a16-5b8399b9ef50', '6c3f6730-2b1a-5e27-97de-caacad0bb1a5', 40, 'unlisted', 'Baron Control Strategy', '{"tempor sint eiusmod adipisicing ","dolor sunt velit","nisi consequat commodo exercitat","incididunt amet irure"}', DEFAULT, DEFAULT), ('fedb01d5-16e2-59fd-8845-ff6a92bd83f7', 'cfbfd1d4-e77f-57e5-94da-e9ff2cc7a996', 40, 'unlisted', 'Counter Pick Blueprint', '{"nostrud aliqua","exercitation dolore laborum aliq","in irure sit","pariatur magna","anim consectetur","qui laboris","ullamco do laboris nostrud"}', DEFAULT, DEFAULT), ('d6d0cf2a-b6d2-5f41-bc05-2fe5bf5ca317', 'd1b8f3f8-af26-5088-8712-273c28ba98f7', 36, 'public', 'Vision Control Blueprint', '{"occaecat dolore","est elit","incididunt","esse enim pariatur"}', DEFAULT, DEFAULT), ('a18cadaa-4531-5180-a607-ad2a5bc25f0c', 'abf8504a-2cfc-5a9d-a5d2-31dccd8bf00f', 39, 'public', 'Map Control Blueprint', '{"laboris pariatur cupidatat","magna nostrud amet labore","et voluptate excepteur","sit incididunt nisi officia","culpa enim","aute nisi ex","occaecat veniam veniam id offici","id qui","non id eiusmod duis aliqua","tempor id velit"}', DEFAULT, DEFAULT), ('7858de1c-870d-5289-9bbf-085e4de69d79', '7154e631-e6aa-5d5a-a566-f6558cc7a8ba', 34, 'unlisted', 'Team Fight Execution Plan', '{"ut","consequat sit consequat","ea adipisicing sunt duis"}', DEFAULT, DEFAULT), ('c5510993-cf82-5729-a476-bbba91fd2ee1', '65d8ad86-6271-552b-8704-fabcdcf18cdb', 38, 'public', 'Siege Tactics Handbook', '{"elit labore voluptate","est laborum voluptate","cillum adipisicing fugiat","dolore est Lorem"}', DEFAULT, DEFAULT), ('65495df9-49dc-5680-b4b7-97fe7364e837', '3ff60d7a-a4ad-54c5-a422-53b52cd53093', 40, 'unlisted', 'Aggressive Rush Strategy', '{"quis labore esse commodo","esse est non","magna id duis","eiusmod","quis ex et","mollit dolore mollit"}', DEFAULT, DEFAULT), ('6a08951b-2f4b-5069-a734-056efe107e30', '2190cc4c-2cc5-5f9f-983d-55f70f31e468', 40, 'unlisted', 'Aggressive Rush Strategy', '{"labore aute","duis sunt esse est elit","ipsum enim","mollit irure","aliqua aliquip proident laborum ","voluptate qui consectetur","velit ullamco dolore Lorem"}', DEFAULT, DEFAULT), ('d96e9820-0562-5ef0-a957-fb16e8a3cda6', 'b67e09de-df70-515b-91d0-6e53f3b4a58a', 36, 'unlisted', 'Team Fight Execution Plan', '{"nulla qui anim","exercitation incididunt veniam a","sint labore sint in velit","nisi","quis aliqua dolor Lorem"}', DEFAULT, DEFAULT), ('44d39286-2c39-52c0-9fdf-811ac2ac0b4f', 'eda91f04-12ef-5904-88aa-e6ed9a692e03', 34, 'unlisted', 'Objective Focused Strategy', '{"nostrud officia","aute mollit est","commodo pariatur nulla","ipsum officia sunt","in duis et elit irure","pariatur in"}', DEFAULT, DEFAULT), ('f5284b1c-c867-5bcb-ae27-b4a46054354e', 'f8478558-7e37-5a0e-a786-2d5081f4dde4', 32, 'unlisted', 'Jungle Control Playbook', '{"eiusmod id nisi sunt","incididunt amet deserunt","quis aute officia labore","et commodo minim irure","ad exercitation","id pariatur elit voluptate","dolore","occaecat Lorem dolor","ex est dolor ad elit"}', DEFAULT, DEFAULT), ('748b6b6e-790a-524c-8953-9f99ff6241ea', '1bf9a820-bb8f-59cd-8902-84a62a1aa29f', 36, 'private', 'Early Game Dominance Guide', '{"cupidatat non aliqua tempor","sunt","ullamco tempor","eiusmod"}', DEFAULT, DEFAULT), ('94e59d3e-1e10-58ee-b57b-120d24970da8', '77085b75-b014-57d0-8618-9cc95436a25e', 31, 'private', 'Early Game Dominance Guide', '{"aliquip tempor"}', DEFAULT, DEFAULT), ('a501e3c2-1df6-5f20-9532-89c5471331c6', 'b7a89d05-549f-565f-b631-b59097e91d1a', 35, 'private', 'Aggressive Rush Strategy', '{"eiusmod qui ut enim reprehenderi","minim est duis","non Lorem","do adipisicing fugiat","ut elit","nulla enim quis reprehenderit"}', DEFAULT, DEFAULT), ('eba1549a-b3ad-5f1e-ad56-15be0771d0f9', 'ca65e33b-de71-5d46-933a-849036127987', 34, 'private', 'Roaming Support Plan', '{"culpa quis sit nulla","labore aliqua ullamco tempor","dolor exercitation","cupidatat","veniam proident eiusmod","tempor ullamco commodo elit labo","consequat culpa amet ex reprehen"}', DEFAULT, DEFAULT), ('02d6bfb1-b7f1-5129-9d1b-729fd2d36ca6', '549980e7-3e77-5d76-b263-84664d04b209', 33, 'public', 'Objective Focused Strategy', '{"non ipsum dolore mollit","ipsum ipsum","minim deserunt et","incididunt adipisicing tempor do","anim consequat irure sunt","tempor reprehenderit deserunt ci","anim laborum consequat"}', DEFAULT, DEFAULT), ('feadd401-b272-53d1-bc20-6dad4e3ffc29', '0a9347d2-3396-5e6a-98f1-b406ca195226', 36, 'private', 'Objective Focused Strategy', '{}', DEFAULT, DEFAULT), ('f4023970-bb8c-5175-9f3e-42520be2a6af', '6a248992-e0a8-5c27-8d71-fd2cfd3a1fd6', 35, 'unlisted', 'Baron Control Strategy', '{"proident tempor eu commodo","minim fugiat","amet anim","eu voluptate in","in minim ipsum esse","dolore incididunt ut","ad ipsum","nulla excepteur occaecat labore"}', DEFAULT, DEFAULT), ('ab471cfa-3489-5a6c-bf5c-82aeac3819f5', '2dbccffd-e7a5-5653-9dc6-18e988716abe', 33, 'private', 'Wave Management Plan', '{"aliqua proident","anim Lorem ad enim"}', DEFAULT, DEFAULT), ('782d8b69-ae89-5508-b431-d9e3d4f25423', 'de459427-bb2c-5381-bdbf-7126efbb65c9', 39, 'unlisted', 'Secure Objective Playbook', '{"ut amet et cupidatat","deserunt ex laboris non excepteu"}', DEFAULT, DEFAULT), ('bfbbf302-05a7-5b0c-991e-f7c79f52034e', '5f651c76-ceba-56db-bd60-512d4079ec53', 37, 'unlisted', 'Objective Focused Strategy', '{"est aliquip duis","elit laborum","reprehenderit esse consectetur n","pariatur ea duis enim","deserunt consectetur eu","sunt","irure minim proident","Lorem cupidatat"}', DEFAULT, DEFAULT), ('86a9949d-fbe2-5edf-bf64-6b822a75bdc8', '09204188-e618-5728-88fc-034120742c41', 33, 'private', 'Vision Control Blueprint', '{"labore laborum in non"}', DEFAULT, DEFAULT), ('3d78c871-f9be-5ceb-b04c-13f9eb63efa0', '71edf17f-e471-58c3-bbf8-8111bd6c7c8e', 37, 'unlisted', 'Vision Control Blueprint', '{"adipisicing deserunt ad excepteu","nulla irure quis","pariatur non laborum","magna fugiat","proident voluptate ex consequat ","in cupidatat ex","fugiat culpa","tempor laborum aliqua anim","et consectetur voluptate","est ut mollit"}', DEFAULT, DEFAULT), ('e5e7301c-ed7e-5267-a91e-331eeecbad04', 'b67e09de-df70-515b-91d0-6e53f3b4a58a', 31, 'unlisted', 'Map Control Blueprint', '{"eiusmod","in cillum adipisicing exercitati","officia","fugiat elit ut","laboris in commodo"}', DEFAULT, DEFAULT), ('e06f1954-eb7e-5811-8e85-0b7239ac60d6', 'f8478558-7e37-5a0e-a786-2d5081f4dde4', 39, 'unlisted', 'Defensive Turtle Tactics', '{"do ea dolor"}', DEFAULT, DEFAULT), ('cbe8ef05-c651-5778-b8a6-717eee524007', 'fd2a8113-662a-5782-9e12-f7b49eee56e0', 34, 'public', 'Gank Heavy Approach', '{"Lorem officia","magna sunt voluptate fugiat exer","deserunt ea","occaecat ullamco eu mollit","dolore ea","nulla elit minim aute","dolor id","id","qui ullamco","occaecat consequat cupidatat com"}', DEFAULT, DEFAULT), ('479e5b51-1e2b-5ac2-b0c4-d0fc97906c11', '9a184097-b9bc-5f22-ba40-6c62e83423ab', 39, 'unlisted', 'Late Game Scaling Strategy', '{"laborum nisi pariatur adipisicin","excepteur","eiusmod non minim deserunt ullam","aliqua aliqua","pariatur duis esse","aliquip consequat"}', DEFAULT, DEFAULT), ('bcb7ae75-c1e7-50cd-ba0b-a339091eb350', '2589cf16-4103-5a4f-b544-b30078083eaa', 33, 'private', 'Late Game Scaling Strategy', '{"ipsum laborum","incididunt ex nostrud ea culpa","irure dolore excepteur excepteur","non anim","fugiat nulla","id consectetur aute","id nulla nulla anim","dolore excepteur"}', DEFAULT, DEFAULT), ('22dccad0-36ca-5845-a1bd-b6027b406b8d', 'd6d4ebe8-fe3c-5e62-98d8-e678f356450c', 34, 'unlisted', 'Siege Tactics Handbook', '{"deserunt proident eu reprehender","quis consectetur velit do","occaecat minim aute reprehenderi","est amet"}', DEFAULT, DEFAULT), ('d3293b00-a774-5f1e-99fc-e8f05eabde14', '01807616-77b8-51e2-9a97-d85b00b2c474', 37, 'unlisted', 'Team Fight Execution Plan', '{"deserunt proident nulla qui","esse"}', DEFAULT, DEFAULT), ('6822c6f8-ae35-5c57-9558-9cc55665f5cb', '40747f76-ad34-5508-ba43-ef538c943cc0', 38, 'private', 'Siege Tactics Handbook', '{"cillum enim magna dolor","aliqua magna et","cupidatat deserunt fugiat deseru","occaecat laboris sit adipisicing"}', DEFAULT, DEFAULT), ('8ac966bd-de46-5e4a-8401-5328d63ae1b4', '1bf9a820-bb8f-59cd-8902-84a62a1aa29f', 38, 'unlisted', 'Early Game Dominance Guide', '{"culpa magna nulla ipsum","aute Lorem enim ea est"}', DEFAULT, DEFAULT), ('36f6354b-1927-5b66-8fab-ef32da0e1694', 'dc58dd7b-bb54-5abe-8208-becc5e0561ad', 40, 'public', 'Split Push Blueprint', '{"ipsum","sint anim esse","ullamco proident magna et dolor","est elit id cillum","exercitation irure mollit nulla","laboris ut"}', DEFAULT, DEFAULT), ('a3befd2b-2867-5547-af7d-2fe7d53b98ef', '09204188-e618-5728-88fc-034120742c41', 34, 'unlisted', 'Vision Denial Blueprint', '{"proident enim cillum et amet"}', DEFAULT, DEFAULT), ('4d502d01-8a3a-58bc-acb8-f61c47f35e10', '75b1f4f3-d352-56de-83dd-e679684b060c', 39, 'unlisted', 'Siege Tactics Handbook', '{"sunt anim","dolore aliqua","labore fugiat eiusmod minim","adipisicing et sit duis","proident enim adipisicing cupida","excepteur magna laborum cillum","ea tempor sunt aliquip duis","nisi enim tempor officia","proident do"}', DEFAULT, DEFAULT), ('ebdf08a4-39c5-5347-ab53-e4ef0e2d1add', '92ce3cad-bd68-55a2-9017-d27d51e2e007', 34, 'public', 'Roaming Support Plan', '{"ipsum consectetur veniam duis"}', DEFAULT, DEFAULT), ('4cfaa7bd-7f8e-52b6-a079-b1fc1773dccb', 'a69d43fa-2222-5203-b590-140e62599451', 35, 'private', 'Map Control Blueprint', '{"in","duis consequat est quis tempor","cillum","deserunt","dolore adipisicing ut commodo"}', DEFAULT, DEFAULT), ('379aa38a-0dab-5c06-8cdb-45bf5d7e2d27', 'a8212e1b-5577-5c28-9c38-2d4fbd753550', 33, 'unlisted', 'Split Push Blueprint', '{"dolore","amet proident sit fugiat ea","aliquip"}', DEFAULT, DEFAULT), ('1cb4e4cf-86cc-5f46-9e77-98b857e060d9', '7f78fee3-dd27-5696-858f-318bd4cbf2a8', 40, 'private', 'Vision Control Blueprint', '{"ea mollit","nulla sit","cillum duis voluptate","ex id","exercitation mollit","nostrud fugiat mollit aliqua off","nostrud","est"}', DEFAULT, DEFAULT), ('f39bcc07-5eef-5435-b6e9-d947c3bae70d', 'eea550bd-8120-5fb2-9339-ad3a549506d4', 31, 'public', 'Late Game Scaling Strategy', '{"voluptate nulla aute tempor eu","excepteur veniam","consectetur cupidatat","cillum amet quis incididunt","eiusmod sint amet fugiat","consequat nulla"}', DEFAULT, DEFAULT), ('20a16bbe-0188-55a3-8d14-7e2e6b37794e', '6fc34c52-742f-56c2-b6c3-89dee63a8839', 39, 'public', 'Split Push Blueprint', '{"nisi qui occaecat ea","sint ipsum ea duis","ipsum velit officia","officia","fugiat duis et laborum","cupidatat ea dolor sunt","veniam ea ullamco ullamco","occaecat cupidatat ad"}', DEFAULT, DEFAULT), ('75a162e8-f427-5c64-baca-dba20bc829dd', '5f651c76-ceba-56db-bd60-512d4079ec53', 37, 'unlisted', 'Objective Focused Strategy', '{"consectetur id labore velit","exercitation mollit","nisi ipsum non laborum","minim tempor anim magna","nostrud ad irure fugiat eu","fugiat","eiusmod consectetur ea veniam en","est sunt eiusmod Lorem","eu esse ut"}', DEFAULT, DEFAULT), ('5075bfb2-60b4-588c-ba9f-cd0f3efae77e', '203ac13e-e5b1-548e-a7da-5d8cff932053', 35, 'public', 'Vision Denial Blueprint', '{"ipsum excepteur ex aute","voluptate ut elit excepteur","Lorem reprehenderit","eu ullamco consectetur laboris","sit dolor","consequat eiusmod Lorem","mollit Lorem sunt qui","nostrud qui elit deserunt","sint ut","nulla labore qui laborum"}', DEFAULT, DEFAULT), ('329b0bda-79b1-53f3-afe7-b7495bde0220', 'cf1d2e5e-3a18-5518-8e4c-387978992b8a', 32, 'public', 'Rotation Strategy Document', '{"duis fugiat","quis","officia culpa sit","amet aliquip fugiat esse esse","pariatur est"}', DEFAULT, DEFAULT), ('fc992b53-61aa-5185-8280-7863348ce734', '8b474939-245b-5ed9-b06a-21432e2b9115', 32, 'unlisted', 'Early Game Dominance Guide', '{"Lorem anim cupidatat enim","adipisicing Lorem proident","non magna adipisicing voluptate","irure proident ut","occaecat consequat qui fugiat","adipisicing pariatur cupidatat i","commodo magna aliqua officia"}', DEFAULT, DEFAULT), ('e15f78fd-c85d-5196-b441-614f0f00a652', '98bf31df-37fd-5af6-86dd-8686cdc35eeb', 33, 'unlisted', 'Jungle Control Playbook', '{"qui aliquip enim elit","ut ullamco anim","velit ea enim aute","minim non sunt est","non","incididunt ex cupidatat ut","voluptate ipsum amet eu duis"}', DEFAULT, DEFAULT), ('27d28c73-d0c0-5545-a0d3-0f0fa8e1aca6', '097c4d8e-94d3-5fd3-94ca-7bbb66cf6929', 32, 'unlisted', 'Roaming Support Plan', '{"eiusmod culpa exercitation aute ","in nulla ut ad","proident amet","dolor esse esse nostrud","consectetur"}', DEFAULT, DEFAULT), ('bc0ae162-e51f-5f29-b5b0-87887eac9c85', '94170f3d-888c-58bc-bc18-13592bfb52c5', 37, 'unlisted', 'Secure Objective Playbook', '{}', DEFAULT, DEFAULT), ('23cfe397-d97e-55bf-af72-35043f52d2bb', 'd6d652bf-48a5-5a85-a95d-16c25edc5397', 38, 'private', 'Objective Focused Strategy', '{"excepteur aliqua eu","id"}', DEFAULT, DEFAULT), ('2135e4d6-4261-59ed-a63d-11a8a55ba0c0', '262a78c7-eb9d-5e1a-8e58-41ecb0c31fbd', 35, 'unlisted', 'Wave Management Plan', '{"nisi","magna ea","commodo","proident qui et voluptate id","cillum qui"}', DEFAULT, DEFAULT), ('32ca2e92-cee8-58b4-beec-0fd9742bf2df', '70b4d1da-5ee3-5bd6-aecb-9af8ab670b84', 38, 'private', 'Counter Pick Blueprint', '{"proident magna velit amet"}', DEFAULT, DEFAULT), ('69e335b1-cf42-5234-867f-fc3222ba0932', 'b737f334-53a3-585e-98d7-69fce744e35e', 37, 'public', 'Defensive Turtle Tactics', '{"nisi sunt do","est nulla eiusmod ex amet","non","officia qui quis elit duis","et cillum nulla ut occaecat","sit ipsum ad","voluptate eu non","nulla pariatur proident eiusmod","ex ex culpa"}', DEFAULT, DEFAULT), ('4addfd63-7007-5913-b0c6-95e35fe44af0', 'd1b6355b-0594-5d07-b55b-72d2c66a1391', 35, 'unlisted', 'Defensive Turtle Tactics', '{}', DEFAULT, DEFAULT), ('29e1da9c-3bfa-53c5-8780-7032cb48ed69', 'cf1d2e5e-3a18-5518-8e4c-387978992b8a', 38, 'private', 'Aggressive Rush Strategy', '{"incididunt consectetur irure in ","nulla Lorem duis"}', DEFAULT, DEFAULT), ('0fe3263a-4b99-5049-afdd-8a29336988d1', '2067e70c-565d-520b-b56b-19189e5b77f5', 40, 'private', 'Defensive Turtle Tactics', '{"dolore laboris","commodo laboris dolore dolor","ea qui est sint","nostrud ex","consequat ut et","et sunt est","qui nulla sint"}', DEFAULT, DEFAULT), ('de533318-8238-5b98-90fa-7923fbda78df', '43bcab14-4a69-5e60-a07f-cda2fe595a2a', 33, 'public', 'Aggressive Rush Strategy', '{"ullamco aute nisi elit dolore"}', DEFAULT, DEFAULT), ('91b0fe2a-8d53-5dfa-804e-dadbd5fed2f0', '672ad514-6b43-58ed-b7aa-f70ed34485d9', 33, 'unlisted', 'Roaming Support Plan', '{"enim cupidatat commodo laboris","proident proident occaecat labor","consectetur nostrud aliqua cupid","Lorem ullamco exercitation repre","quis dolore dolor","commodo irure commodo velit","adipisicing mollit et","ea","exercitation","magna eiusmod culpa Lorem"}', DEFAULT, DEFAULT), ('f2da91e9-e150-5eba-811a-769c8b464b2d', 'cda3814f-c14d-5dcf-a835-797df84f6d99', 37, 'private', 'Aggressive Rush Strategy', '{"quis","nostrud ea","quis non","ut sunt ut minim","reprehenderit"}', DEFAULT, DEFAULT), ('830462ad-e07d-578c-9343-4c2f3f3f896d', 'b32027db-33da-5dc2-b906-e0c2a06ac683', 31, 'public', 'Aggressive Rush Strategy', '{"veniam aliquip minim non","reprehenderit ut Lorem aute cill","culpa","eu culpa ullamco","tempor sunt minim","ea nulla aliqua laboris","ullamco","sit adipisicing in","tempor ex fugiat magna"}', DEFAULT, DEFAULT), ('e4d512a0-9012-54c8-a0de-d2cfb46cc4e7', '8b474939-245b-5ed9-b06a-21432e2b9115', 31, 'private', 'Gank Heavy Approach', '{"reprehenderit Lorem","sunt","ad ex"}', DEFAULT, DEFAULT), ('8fc4ec28-bbda-57ff-86ae-02acc462e7a3', '7a86b477-8922-5c78-85b7-47a44d6877c0', 32, 'unlisted', 'Split Push Blueprint', '{"velit ut aliquip aliquip","qui","cillum aliquip","ex"}', DEFAULT, DEFAULT), ('46cb3ac1-56db-5482-a77b-488299529f1c', '349111f0-5b40-5b21-aeff-8af2b228d28f', 38, 'unlisted', 'Roaming Support Plan', '{"deserunt aliqua","do qui","voluptate enim","cillum fugiat","tempor","ex","Lorem"}', DEFAULT, DEFAULT), ('ca6dab04-25c1-5208-bf77-9e5162704420', 'df90352f-468b-5345-9b3e-522b747ccf55', 39, 'private', 'Wave Management Plan', '{"et fugiat veniam irure","est ut ea","incididunt eu","magna cupidatat duis","ad reprehenderit cillum proident","irure"}', DEFAULT, DEFAULT), ('54485efb-a52b-5ef1-8d37-32b22dc487d0', '19495f2f-99a6-5394-9596-a1d3fb0d3196', 37, 'private', 'Defensive Turtle Tactics', '{"deserunt minim voluptate"}', DEFAULT, DEFAULT), ('1fa8fec1-5ed8-5fb9-afc2-a5a8eea61a64', '0fa12fcf-97e2-5065-a698-e366ca117702', 34, 'public', 'Gank Heavy Approach', '{"ipsum quis sit et","minim proident ea"}', DEFAULT, DEFAULT), ('21212b38-5327-5020-9dc6-3fca09a6128f', '549980e7-3e77-5d76-b263-84664d04b209', 35, 'unlisted', 'Baron Control Strategy', '{"est","enim quis","non Lorem","nostrud ad commodo voluptate mag","nostrud laboris laboris elit","sint adipisicing tempor","do ea","non consectetur consectetur","reprehenderit"}', DEFAULT, DEFAULT), ('b22cc198-1bf7-5cc9-b682-385ac5f11217', 'fd2a8113-662a-5782-9e12-f7b49eee56e0', 32, 'unlisted', 'Map Control Blueprint', '{"velit nisi ipsum","dolore anim cillum","non"}', DEFAULT, DEFAULT), ('07d77b7a-f8bb-53ab-8750-034a7dc2bcb0', 'd1dc8a74-c651-5dbd-b484-1cd2c51db9b9', 38, 'unlisted', 'Defensive Turtle Tactics', '{"mollit eiusmod ex est","mollit adipisicing","non nisi ullamco"}', DEFAULT, DEFAULT), ('f7f63dc3-d8b7-5f42-b802-636e4e3f43bb', '8d3f145b-67b0-504d-b49a-d59ecea5d2d8', 37, 'private', 'Split Push Blueprint', '{"ut","ullamco id Lorem mollit","voluptate duis","consectetur esse voluptate"}', DEFAULT, DEFAULT), ('a1dd34cc-747e-59d2-bb04-592165ee24b7', '02a341a2-35a0-5fbc-a1f4-aa8b42aa4b51', 40, 'private', 'Late Game Scaling Strategy', '{"aliqua magna anim in","duis sit excepteur"}', DEFAULT, DEFAULT), ('b111722b-fdf4-55f7-a1ea-183bf540f7e3', 'f46ce5c6-3097-5b5d-8213-37b749a8664f', 39, 'unlisted', 'Jungle Control Playbook', '{"aute mollit","reprehenderit reprehenderit ulla","adipisicing ut id","amet id","ex culpa ad","incididunt tempor","aliqua"}', DEFAULT, DEFAULT), ('de288e5e-33f8-5b49-9dad-83fa7d46ac0d', 'b576de0c-954e-5345-a9e7-0d691c52341a', 37, 'private', 'Late Game Scaling Strategy', '{"aute proident laborum","veniam ea","reprehenderit eu quis culpa repr","reprehenderit aute","proident amet labore ad officia","velit mollit"}', DEFAULT, DEFAULT), ('f1ab7f2e-7a01-59f1-b811-78e3b78b40bc', 'f8478558-7e37-5a0e-a786-2d5081f4dde4', 38, 'private', 'Vision Denial Blueprint', '{"incididunt sit laborum aute esse","reprehenderit minim","do ut nulla laborum","voluptate labore","nisi","duis nulla laborum sit mollit","eiusmod et aliquip nulla","incididunt aute fugiat tempor ir","culpa sunt do"}', DEFAULT, DEFAULT), ('e0783de7-ca51-5f0a-a7ac-8dcd533efd10', '9c793877-9a29-5409-acf9-8981bd39bd4d', 40, 'unlisted', 'Rotation Strategy Document', '{"ullamco sit exercitation sint","incididunt cupidatat eu","labore veniam","nisi voluptate exercitation comm"}', DEFAULT, DEFAULT), ('c3238b63-2dda-5915-8ca5-773255a1cfad', '6c52c1d9-13a4-51ef-ae51-1dacc4c14be9', 32, 'private', 'Defensive Turtle Tactics', '{"exercitation id excepteur","in anim deserunt","nulla duis","proident et magna ex","veniam irure incididunt"}', DEFAULT, DEFAULT), ('7b1aca75-d87e-55c4-87f7-005fafbadfdb', 'd664e8db-93ef-5294-a361-9e8640907e59', 36, 'public', 'Wave Management Plan', '{"tempor et","elit in esse pariatur","nostrud cillum cillum minim","do","mollit","do cillum sint tempor eiusmod","nisi esse fugiat"}', DEFAULT, DEFAULT), ('106d238e-2ba4-525c-8d85-994f8dfb2984', 'b32027db-33da-5dc2-b906-e0c2a06ac683', 35, 'unlisted', 'Gank Heavy Approach', '{"ipsum","veniam ea sint sunt ex","sunt deserunt ad","sint sit ut deserunt","duis do officia","culpa","quis esse reprehenderit","laborum exercitation ipsum","reprehenderit dolore cupidatat u","voluptate velit enim"}', DEFAULT, DEFAULT), ('72f05d50-2802-535d-af55-29384395d238', 'd2268e40-fa6d-5300-9f01-b7cc8f9018e3', 39, 'unlisted', 'Rotation Strategy Document', '{"pariatur enim"}', DEFAULT, DEFAULT), ('f914b2f3-d88a-52e4-ac43-1ef8cffb4d34', 'ae956930-bebe-5aad-83f8-b8d0cae36371', 39, 'public', 'Map Control Blueprint', '{"officia magna eiusmod enim","nulla veniam","elit exercitation ex esse irure","reprehenderit aliqua","nulla id","nulla consequat","velit sunt laborum"}', DEFAULT, DEFAULT), ('c620930b-8f59-50ae-bf46-b1a3aca28f0a', '5cdb9712-16b6-532e-9cc7-8cf7dfbe9b6b', 38, 'unlisted', 'Map Control Blueprint', '{"pariatur aliqua","irure esse duis reprehenderit ci","consequat laborum","voluptate ipsum laboris est","laboris sit dolore"}', DEFAULT, DEFAULT), ('c78418ab-6a36-52f6-ad32-89289156138c', 'd2f08d89-447f-5d3d-96e5-385ed888c091', 35, 'public', 'Vision Denial Blueprint', '{}', DEFAULT, DEFAULT), ('ed7bef30-09b5-5167-a122-9b398a76eaef', '380f1bbd-f6c8-5306-af3f-7d7fa746bde0', 39, 'unlisted', 'Aggressive Rush Strategy', '{"culpa exercitation","sunt labore culpa enim","aute","aliquip sit tempor"}', DEFAULT, DEFAULT), ('ecddf116-85cf-5aef-8c73-6e5963680c88', '1e7e0bcb-4fc0-5d72-81a5-d67a74a13595', 37, 'private', 'Roaming Support Plan', '{"duis sit incididunt velit","anim labore","nulla quis duis reprehenderit en","et Lorem occaecat","adipisicing in","Lorem ex do anim","occaecat voluptate ex consequat","elit nulla occaecat exercitation","consequat"}', DEFAULT, DEFAULT), ('5bb46529-9916-530c-88e4-31ac6d441591', '3a804324-748d-571a-afad-6b9c20a35337', 31, 'private', 'Late Game Scaling Strategy', '{"aliquip","Lorem laborum laboris Lorem","eiusmod cupidatat sit eiusmod","est","minim","occaecat nisi laborum et"}', DEFAULT, DEFAULT), ('8b092693-9a40-5f6a-a57b-3c3e9f5288f7', '0a9347d2-3396-5e6a-98f1-b406ca195226', 37, 'private', 'Defensive Turtle Tactics', '{"dolor occaecat","sit ipsum","proident aliqua sit anim eu","exercitation esse commodo","culpa nisi exercitation incididu","minim excepteur","aliqua aute eiusmod fugiat ut","ipsum"}', DEFAULT, DEFAULT), ('65d96d53-ecd8-5cb9-a3d4-a2842c9c629f', 'ec0fecde-72da-5866-9b82-27edb33f804a', 33, 'private', 'Vision Denial Blueprint', '{"ut ad commodo","occaecat","dolore ex","sint occaecat id esse"}', DEFAULT, DEFAULT), ('672c681b-4325-56a5-8413-28facb838b89', '1e0af0c0-30ba-5a06-9647-a83cef3d815d', 36, 'unlisted', 'Wave Management Plan', '{"nulla voluptate ex"}', DEFAULT, DEFAULT), ('49d19d37-5ee3-59d0-a985-37b5b703ceb0', '5dd9c208-a224-5712-b987-eab6b9a89e23', 33, 'public', 'Team Fight Execution Plan', '{"labore in occaecat","ipsum officia quis duis","exercitation id duis","aute culpa enim","sint enim do"}', DEFAULT, DEFAULT), ('66e9d7dd-018c-5299-8470-9f074683bd55', 'eda91f04-12ef-5904-88aa-e6ed9a692e03', 35, 'unlisted', 'Early Game Dominance Guide', '{"reprehenderit pariatur dolore la","cupidatat proident veniam minim ","qui mollit aliqua","culpa est ad","sunt"}', DEFAULT, DEFAULT), ('d4a93045-0519-5ae2-8bd3-51a7d07f2b97', 'a6ea6199-2a1a-56d4-b12a-1bf7d32d154c', 31, 'private', 'Split Push Blueprint', '{"dolor ut magna aute","aute consectetur esse","incididunt eiusmod laboris qui"}', DEFAULT, DEFAULT), ('b5bd1f0b-0be5-592a-87b7-65db36f2fa17', '2d1d7734-be70-5d07-a538-e76c6cae722e', 31, 'unlisted', 'Aggressive Rush Strategy', '{"incididunt occaecat ipsum labori","amet","fugiat in sint","laborum eu","aliquip laborum sint ex","aliqua dolore consectetur sint","deserunt nostrud do","excepteur","deserunt nostrud excepteur labor"}', DEFAULT, DEFAULT), ('902168ab-57a5-5714-b589-ecf1bd6d2517', 'fc6d457c-9711-5cde-813c-d584f858faae', 31, 'unlisted', 'Vision Control Blueprint', '{"consectetur proident","sunt nisi","est esse"}', DEFAULT, DEFAULT), ('8e1b1af0-d36a-5958-9b32-c8f59e8edaf9', '9b1fc781-1e4e-56d2-bd68-0dc257a319c0', 34, 'private', 'Objective Focused Strategy', '{"laboris"}', DEFAULT, DEFAULT), ('9ca1e23a-7fd9-5be2-b14a-5f50a52fda0a', 'ba60341e-ffca-5a8d-85d2-58afc6ff269c', 31, 'private', 'Counter Pick Blueprint', '{"nulla veniam laborum exercitatio","cupidatat amet","magna ad anim veniam","laboris commodo incididunt","excepteur","aliquip exercitation","adipisicing sit ea","qui est","ut"}', DEFAULT, DEFAULT), ('b458c0d2-4d21-597a-9d7c-522e47032d79', '3a804324-748d-571a-afad-6b9c20a35337', 35, 'unlisted', 'Siege Tactics Handbook', '{"mollit labore magna et","laborum magna eu","ullamco enim incididunt ex eu","consequat ex dolore","consequat duis velit dolore magn","ea magna mollit est ipsum","ipsum"}', DEFAULT, DEFAULT), ('aeae5590-e6d3-5c02-8a1c-40a6bcf61bd6', 'd297ab9e-40d4-51b5-bb8f-a1df399f1a9a', 33, 'private', 'Vision Control Blueprint', '{"adipisicing laboris eiusmod","duis quis id","fugiat sint nostrud Lorem"}', DEFAULT, DEFAULT), ('e62ff15d-b4e8-5f8b-b8c8-56d105c9d705', '756cbb59-27d6-58f3-b4b9-8b56121e683f', 38, 'private', 'Defensive Turtle Tactics', '{"labore sit dolore reprehenderit","dolor eiusmod nisi sint","quis exercitation est voluptate","proident commodo ullamco incidid"}', DEFAULT, DEFAULT), ('2650d5c8-a9d2-57ad-a70d-8c89cf994021', 'ad1bbcac-cdbb-551f-b25a-b14b40074515', 39, 'private', 'Vision Denial Blueprint', '{"adipisicing Lorem commodo","do voluptate dolore"}', DEFAULT, DEFAULT), ('57851dd8-0d7e-5b03-b70f-32940ae107ce', '98bf31df-37fd-5af6-86dd-8686cdc35eeb', 36, 'unlisted', 'Team Fight Execution Plan', '{"qui laborum","ipsum aliquip","veniam duis et","anim deserunt id cupidatat"}', DEFAULT, DEFAULT), ('0bb88883-c32b-547d-bac2-9dcbf9437722', '28e4b717-ba20-5ce6-96db-f08421aa2fc7', 34, 'unlisted', 'Vision Control Blueprint', '{"culpa dolore ad"}', DEFAULT, DEFAULT), ('f2096d39-9bcd-5cc9-af38-3924bad39e01', 'ae956930-bebe-5aad-83f8-b8d0cae36371', 37, 'unlisted', 'Aggressive Rush Strategy', '{"proident ut cupidatat nisi","velit sit mollit tempor","voluptate ex","esse magna magna non","eu duis","reprehenderit sunt aliquip id mo"}', DEFAULT, DEFAULT), ('cdc85c53-30bc-5c6e-91cc-2af72696e64b', 'c801d235-e02a-5267-8201-eecb86948b65', 34, 'private', 'Objective Focused Strategy', '{}', DEFAULT, DEFAULT), ('a0fe813c-8a2e-57ff-8950-530eb72350cc', 'f561c33d-0589-5163-a677-f2a1eb6b3322', 31, 'public', 'Aggressive Rush Strategy', '{"sunt in","culpa dolore","ipsum enim tempor reprehenderit","adipisicing in cillum","est anim","Lorem commodo veniam aliqua","ipsum non culpa qui","adipisicing officia nostrud","id eu dolor"}', DEFAULT, DEFAULT), ('3dcb1c72-1f38-50a2-8a79-9f8b83862a0b', '01807616-77b8-51e2-9a97-d85b00b2c474', 40, 'public', 'Baron Control Strategy', '{"dolore voluptate adipisicing","ipsum laborum exercitation enim","dolore reprehenderit proident","velit irure ullamco enim","consectetur non"}', DEFAULT, DEFAULT), ('b529db67-e1b4-5e7d-9a32-267867bbcbad', 'd297ab9e-40d4-51b5-bb8f-a1df399f1a9a', 31, 'public', 'Early Game Dominance Guide', '{"tempor pariatur","pariatur ipsum sint ad qui","elit quis sint"}', DEFAULT, DEFAULT), ('89b21cb6-fbf3-585a-b9c1-304fad97258b', 'd1b8f3f8-af26-5088-8712-273c28ba98f7', 32, 'unlisted', 'Vision Control Blueprint', '{"cupidatat cillum eiusmod incidid","velit"}', DEFAULT, DEFAULT), ('8af27ce1-15c1-5703-a4c5-07ea669df0c7', '3af5be38-b117-5675-8d7a-e27a1a34e8a8', 34, 'public', 'Late Game Scaling Strategy', '{"proident do"}', DEFAULT, DEFAULT), ('e9960db1-b450-5d20-820c-87fab4f40dc8', '9af6e0ef-7015-5390-856a-705032c2e40e', 40, 'private', 'Vision Control Blueprint', '{"nulla sunt non"}', DEFAULT, DEFAULT), ('2dd10f1f-4836-53b2-b2b6-ae71861e43d0', '63e38d08-3dd9-5569-ab28-f70e94b3cdb7', 38, 'private', 'Roaming Support Plan', '{"nostrud consequat veniam veniam","dolore occaecat sunt"}', DEFAULT, DEFAULT), ('09d4e842-df61-577d-8d06-00daf3b676e2', 'd297ab9e-40d4-51b5-bb8f-a1df399f1a9a', 33, 'unlisted', 'Early Game Dominance Guide', '{"sit elit consectetur","laborum nulla est magna","aliquip fugiat esse in","ut esse veniam","velit minim laborum ad"}', DEFAULT, DEFAULT), ('6fe4789e-9a02-5c94-8c81-5bb4cffd7850', '0a9347d2-3396-5e6a-98f1-b406ca195226', 33, 'public', 'Siege Tactics Handbook', '{"laboris commodo mollit","quis","esse aute","id tempor ipsum deserunt","nulla adipisicing reprehenderit","ipsum excepteur qui veniam","nulla esse eu","Lorem magna","eiusmod sint sit","Lorem"}', DEFAULT, DEFAULT), ('62834a20-27ac-5894-8947-a4e2ffb67f5b', '1bf9a820-bb8f-59cd-8902-84a62a1aa29f', 36, 'unlisted', 'Rotation Strategy Document', '{"voluptate proident","consectetur excepteur reprehende","et eu est","elit deserunt commodo","dolore enim aliquip non","nulla fugiat ullamco","in","duis in","enim officia","aliquip ullamco"}', DEFAULT, DEFAULT), ('ce25e6d7-50b4-50c3-8210-685ee22346f3', '096adf71-c74e-5b77-822b-46a8768797c5', 31, 'unlisted', 'Gank Heavy Approach', '{"ipsum","non sunt commodo adipisicing","nostrud fugiat eiusmod ea","veniam id"}', DEFAULT, DEFAULT), ('a4e4a518-fb32-53bf-9d1c-f336f8cd8c45', '9a184097-b9bc-5f22-ba40-6c62e83423ab', 37, 'public', 'Late Game Scaling Strategy', '{"eiusmod dolor nulla","labore dolore","aliqua ullamco aliqua deserunt a","reprehenderit eu ut eiusmod eu","voluptate quis enim aliqua conse","laborum adipisicing"}', DEFAULT, DEFAULT), ('d5862a76-70cd-55db-a302-365d7ec101f5', '2ca679b7-4687-5422-ac57-c89cfa36e3c8', 40, 'public', 'Wave Management Plan', '{"sint do commodo minim occaecat","reprehenderit","cillum voluptate","reprehenderit cupidatat quis qui","laborum do et irure qui","anim culpa dolore exercitation","officia deserunt","exercitation labore pariatur iru"}', DEFAULT, DEFAULT), ('fff5567f-d4a5-542e-ba70-1119521ca0cb', 'd2f08d89-447f-5d3d-96e5-385ed888c091', 37, 'public', 'Defensive Turtle Tactics', '{"ea","non ex consectetur ea excepteur","commodo sint"}', DEFAULT, DEFAULT), ('48abaf7b-d65e-5371-8d5f-1be4621911e6', 'd297ab9e-40d4-51b5-bb8f-a1df399f1a9a', 31, 'unlisted', 'Baron Control Strategy', '{"consequat magna sit fugiat","ea Lorem","do nulla","elit ipsum aliquip do","veniam labore amet esse","excepteur","eu est deserunt","commodo"}', DEFAULT, DEFAULT), ('05b8ebd6-06e1-5ce6-85d9-1fda124d11b0', 'c97097d9-c6b8-5a50-931a-369c86f1535e', 33, 'unlisted', 'Objective Focused Strategy', '{"cupidatat ea magna","nisi elit officia","dolore","proident deserunt labore veniam","adipisicing occaecat eu tempor","occaecat","eiusmod pariatur sunt","exercitation consectetur enim","laboris aliquip laboris ullamco","excepteur fugiat sint esse cillu"}', DEFAULT, DEFAULT), ('be5a4c70-a4ff-57c0-8c2c-437a6d77f25c', '72d447b0-a4fa-5de7-bb4c-9ff5f169dfea', 40, 'public', 'Vision Denial Blueprint', '{"magna ex ad officia","ad laborum","adipisicing tempor ullamco aute","eiusmod cupidatat mollit","laborum anim velit do laborum","enim","eiusmod culpa ut ipsum","incididunt deserunt esse elit"}', DEFAULT, DEFAULT), ('e6ff83af-5ec2-537d-b04b-784bd77a5871', 'eea550bd-8120-5fb2-9339-ad3a549506d4', 34, 'private', 'Split Push Blueprint', '{"elit ullamco dolore ipsum","ipsum fugiat exercitation","est occaecat officia Lorem","ex"}', DEFAULT, DEFAULT), ('dc9bffb4-1647-5c5d-8c1f-d89500e89900', 'df625f4d-0fe2-599a-b1d3-13232701e19f', 32, 'unlisted', 'Defensive Turtle Tactics', '{"Lorem voluptate","est officia sit ad","dolore cupidatat","nulla et dolore aliqua","exercitation deserunt","nostrud eu cupidatat","amet","eu nulla"}', DEFAULT, DEFAULT), ('ec767a01-17bb-518c-9633-78ebc8caded3', 'd2268e40-fa6d-5300-9f01-b7cc8f9018e3', 36, 'private', 'Baron Control Strategy', '{"nulla mollit fugiat pariatur occ","id est","occaecat minim esse veniam sint"}', DEFAULT, DEFAULT), ('6c642b40-bb15-55fa-9319-9c100d27adc7', 'abf8504a-2cfc-5a9d-a5d2-31dccd8bf00f', 39, 'private', 'Vision Denial Blueprint', '{"ut velit labore ad ex","sit nulla culpa id","fugiat eu","ullamco","ad duis","mollit est","exercitation","ea minim minim incididunt"}', DEFAULT, DEFAULT), ('197f52e9-f9b3-54a3-a900-9ddcd2cd98d5', '45173bfe-a11f-574a-ac25-21cda1308ec9', 33, 'unlisted', 'Vision Control Blueprint', '{"non ullamco minim","nisi in et","esse minim"}', DEFAULT, DEFAULT), ('b239ffdb-847f-5400-b1f9-97e186ea36bc', '8c5ef042-1b14-56ed-adba-e25d3960a3cf', 31, 'private', 'Wave Management Plan', '{}', DEFAULT, DEFAULT), ('c3124970-b58c-5748-8a01-4ba1d7466b2b', '6a248992-e0a8-5c27-8d71-fd2cfd3a1fd6', 40, 'unlisted', 'Objective Focused Strategy', '{"amet tempor laborum labore dolor","aute aute","sit eiusmod","magna commodo","nisi culpa eiusmod"}', DEFAULT, DEFAULT), ('2fbdef88-7d4a-5528-bb59-74f725709563', 'd2f08d89-447f-5d3d-96e5-385ed888c091', 33, 'private', 'Map Control Blueprint', '{}', DEFAULT, DEFAULT), ('a03637de-3a86-5f2c-a9a1-71bb222f301f', '9f26eece-7e59-5b46-a98b-848dc55a0cda', 35, 'private', 'Aggressive Rush Strategy', '{"ullamco cillum proident ut","excepteur elit mollit proident o","commodo commodo incididunt","officia consectetur labore cillu","aliquip tempor sunt non","nisi do occaecat","voluptate non irure dolor","excepteur aliqua","exercitation reprehenderit anim ","ea tempor"}', DEFAULT, DEFAULT), ('536d5b0c-dc7c-598f-8fa0-b21c4cd85d48', '8c5ef042-1b14-56ed-adba-e25d3960a3cf', 36, 'unlisted', 'Counter Pick Blueprint', '{"sit ex"}', DEFAULT, DEFAULT), ('f04b6b4b-d5ea-517f-8a7d-71713980487c', 'a5831e58-2fc9-5b59-970d-00c344a4eb18', 39, 'unlisted', 'Rotation Strategy Document', '{"proident ad voluptate tempor lab","sunt culpa minim"}', DEFAULT, DEFAULT), ('363e1d5b-f7b0-5ee0-a43a-f471f9cf9338', 'ee198d66-a798-52a5-8b79-9931f7b835e3', 32, 'private', 'Late Game Scaling Strategy', '{"ipsum dolor"}', DEFAULT, DEFAULT), ('edcc2203-6787-52aa-bc0b-a6dcc59388be', '3ff60d7a-a4ad-54c5-a422-53b52cd53093', 35, 'public', 'Vision Control Blueprint', '{"ea","deserunt fugiat ad sunt"}', DEFAULT, DEFAULT), ('474b1c92-271b-5e78-878e-3e82398a6e7c', 'fbbb9719-f3d1-5ce2-b584-4b70bf5bb135', 32, 'unlisted', 'Jungle Control Playbook', '{"quis eu"}', DEFAULT, DEFAULT), ('8997d96a-4a2f-5fcd-a0a2-88e875f8bba7', 'e4de1a09-bd9a-5e42-b92c-2cb1af28bec6', 34, 'unlisted', 'Split Push Blueprint', '{"irure ad nisi","est culpa nisi","pariatur proident est"}', DEFAULT, DEFAULT), ('f61f0c83-60cb-5fa8-a27a-67e606b63adb', 'c1b69361-a3c3-5c2a-8a7a-23aa07e97e87', 36, 'private', 'Defensive Turtle Tactics', '{"aliqua excepteur"}', DEFAULT, DEFAULT), ('30d213ab-4615-5d8b-abee-5b4875c8bfdf', 'eda91f04-12ef-5904-88aa-e6ed9a692e03', 32, 'private', 'Roaming Support Plan', '{"exercitation consectetur in","ullamco commodo elit","do esse veniam","consectetur ea irure"}', DEFAULT, DEFAULT), ('7d042aff-1b5b-531f-917f-48f2d58d33c7', 'a9752d0c-ade4-58c6-b746-1b9df56a3d08', 36, 'private', 'Team Fight Execution Plan', '{"ad labore deserunt","ad ex ut nulla","velit minim dolore"}', DEFAULT, DEFAULT), ('30e1e77d-2bcf-5591-97ec-d99bd552d8f0', 'ccd28d41-9086-5b64-b351-585431787bb7', 32, 'public', 'Vision Denial Blueprint', '{"culpa sit","quis aliqua non minim","consequat ad","Lorem eu dolore excepteur","eiusmod quis","eu elit"}', DEFAULT, DEFAULT), ('d53a4a7c-125e-52cd-8ba3-aa3916f71140', 'c15a1a93-cc16-5536-8ab0-42ef9626e379', 32, 'unlisted', 'Vision Control Blueprint', '{"do occaecat enim proident do","excepteur non sint mollit","excepteur ad anim irure","duis adipisicing est","quis nisi","irure deserunt"}', DEFAULT, DEFAULT), ('47f797b2-50c1-56af-abe6-0081dabe5efd', 'df625f4d-0fe2-599a-b1d3-13232701e19f', 37, 'private', 'Counter Pick Blueprint', '{"veniam commodo","Lorem aliqua labore magna","nostrud enim","sint excepteur"}', DEFAULT, DEFAULT), ('3ebbec39-d360-5461-b442-70abf723c8b8', '3af5be38-b117-5675-8d7a-e27a1a34e8a8', 34, 'private', 'Aggressive Rush Strategy', '{"laboris","enim culpa","magna dolor elit consectetur"}', DEFAULT, DEFAULT), ('3821efb6-356e-53bd-8a0b-239426475be5', '8bf74689-dfcf-5429-b342-2718dce8a8eb', 33, 'public', 'Siege Tactics Handbook', '{"dolor fugiat veniam fugiat venia","sint cupidatat laborum velit","quis non do","culpa minim nisi","ullamco","enim","nisi nulla adipisicing magna"}', DEFAULT, DEFAULT), ('f62571e6-585e-5709-b04e-861b7f3db2d2', '86e03e09-1744-508f-b91c-c48f85d8ffcb', 32, 'public', 'Roaming Support Plan', '{"duis nulla","exercitation","ut reprehenderit ut","aliquip aute","commodo do tempor","qui eu aliqua anim ullamco","incididunt ut est amet"}', DEFAULT, DEFAULT), ('f706ef0d-b4c8-54ee-ba4a-8f6af14717f8', '882c7ae5-914f-539d-8207-691de536097f', 32, 'unlisted', 'Counter Pick Blueprint', '{"dolore duis","labore deserunt labore cupidatat","et mollit ut"}', DEFAULT, DEFAULT), ('da6a602b-9dc0-5e13-87e9-323f368838a2', '6fc34c52-742f-56c2-b6c3-89dee63a8839', 40, 'unlisted', 'Gank Heavy Approach', '{"amet nostrud","proident","veniam qui anim adipisicing nost","et tempor velit occaecat ipsum","et","elit ut aliquip aliqua","veniam ipsum aute veniam cupidat","irure non","duis occaecat eu cupidatat","excepteur deserunt velit nulla"}', DEFAULT, DEFAULT), ('ae022a2e-97fe-53d7-ace2-f700a65995e2', 'b5605791-3389-56c2-9ec6-17d538b9bb85', 39, 'unlisted', 'Jungle Control Playbook', '{"amet consectetur aliquip","quis non laborum ad","veniam nostrud","reprehenderit officia et aliqua"}', DEFAULT, DEFAULT), ('7f27719e-c551-5cfa-ab24-3e6a917bc77f', '5f651c76-ceba-56db-bd60-512d4079ec53', 36, 'public', 'Vision Control Blueprint', '{"voluptate reprehenderit occaecat","anim aute irure","minim"}', DEFAULT, DEFAULT), ('a7afe8c7-8469-5a59-9246-cc18b3ce4b7b', '6451b879-16d7-5644-b6b9-87dd18b3facf', 33, 'private', 'Baron Control Strategy', '{"esse et esse","magna amet","nisi","ea reprehenderit aliqua velit","pariatur aliqua"}', DEFAULT, DEFAULT), ('8111ec5f-e01a-5ad1-b89a-b7a64419e202', 'eda91f04-12ef-5904-88aa-e6ed9a692e03', 39, 'public', 'Vision Denial Blueprint', '{"id magna ea aute","id eu excepteur","in nulla","proident quis sunt aute","tempor voluptate duis","qui incididunt ad dolore","sunt labore amet Lorem non"}', DEFAULT, DEFAULT), ('af41c136-c26c-5e1c-81f1-2d9f923ca606', 'd6d652bf-48a5-5a85-a95d-16c25edc5397', 36, 'public', 'Aggressive Rush Strategy', '{"excepteur ex dolore qui reprehen","eu aliqua consequat occaecat","mollit anim sint","veniam amet","cillum quis","non","ullamco excepteur"}', DEFAULT, DEFAULT), ('7594efe5-aff1-5874-a5ed-4a9edc7b66bf', '1e0af0c0-30ba-5a06-9647-a83cef3d815d', 37, 'unlisted', 'Defensive Turtle Tactics', '{"voluptate pariatur","esse nisi","amet enim incididunt id","qui aute aliquip veniam cupidata","Lorem consectetur sit labore","pariatur voluptate reprehenderit","dolor do"}', DEFAULT, DEFAULT), ('ee2f9514-a689-5e06-84f0-7f27b56a3774', '09204188-e618-5728-88fc-034120742c41', 40, 'private', 'Aggressive Rush Strategy', '{"amet anim"}', DEFAULT, DEFAULT), ('59ac239c-144e-5ca7-b3e8-b97418726740', 'fe24988b-bca5-5bf5-be0f-c92da7b2cbe1', 33, 'unlisted', 'Early Game Dominance Guide', '{"sunt ut","consectetur","sit cupidatat sunt laboris","mollit consectetur deserunt","officia","eu tempor do","sunt nisi ipsum Lorem"}', DEFAULT, DEFAULT), ('7992b22f-6c16-50ae-ae54-fd84bedb78e7', 'c1b69361-a3c3-5c2a-8a7a-23aa07e97e87', 34, 'public', 'Jungle Control Playbook', '{"cillum adipisicing nisi ullamco","adipisicing in est fugiat","labore anim","dolor est ad adipisicing","voluptate cillum pariatur","aute qui officia","et fugiat veniam excepteur offic"}', DEFAULT, DEFAULT), ('eeb6a56c-bf20-5164-a9c4-2438947a1635', '59fbbc7c-edc9-5d3c-9170-cf6acabbcd28', 31, 'public', 'Split Push Blueprint', '{"ea commodo laborum sint"}', DEFAULT, DEFAULT), ('ba263b84-62af-5be6-a1da-34f8a9b1c708', '91fa3874-9437-5dfa-a49a-f19fb38d9e92', 38, 'public', 'Team Fight Execution Plan', '{"dolore officia qui ullamco","excepteur culpa laboris","sint aliquip","elit aliquip nostrud tempor","ad ut Lorem","ad tempor exercitation officia","incididunt pariatur commodo dolo","aliquip commodo","id pariatur"}', DEFAULT, DEFAULT), ('0eda511d-00fb-5edd-a94c-61620ced28e5', '91fa3874-9437-5dfa-a49a-f19fb38d9e92', 33, 'private', 'Defensive Turtle Tactics', '{"ea laboris occaecat id","adipisicing pariatur sint dolore"}', DEFAULT, DEFAULT), ('4a82ca5f-1296-51b0-9319-05459a439c92', 'b576de0c-954e-5345-a9e7-0d691c52341a', 39, 'unlisted', 'Team Fight Execution Plan', '{"aliqua deserunt minim","magna qui deserunt duis","voluptate est","ullamco ad officia","qui laborum sit","esse pariatur Lorem anim","eiusmod id"}', DEFAULT, DEFAULT), ('230e6990-91f4-5dc7-b6bc-229a44985e25', '47ec07ed-2b5c-5f84-a424-1002e39b4917', 32, 'private', 'Gank Heavy Approach', '{"sunt officia ipsum non","proident veniam commodo enim","nisi dolor magna"}', DEFAULT, DEFAULT), ('01a97da4-f21e-511b-9160-a834d5d7f82e', 'ab07c47c-511a-5092-acb9-cbf862e0076b', 33, 'unlisted', 'Split Push Blueprint', '{}', DEFAULT, DEFAULT), ('1c5613fb-a627-5391-a9ff-0cc49d9b395b', '5cdb9712-16b6-532e-9cc7-8cf7dfbe9b6b', 36, 'unlisted', 'Early Game Dominance Guide', '{"eu dolor pariatur","non in nisi","anim exercitation id"}', DEFAULT, DEFAULT), ('69b55afa-a769-5eae-849b-0607118f6f38', '8926b9fd-34b2-5421-a25c-9cd89c12cad0', 37, 'public', 'Aggressive Rush Strategy', '{"culpa culpa minim","ex incididunt reprehenderit moll","laborum ea voluptate","labore ullamco do cillum"}', DEFAULT, DEFAULT), ('5653d3f7-e466-5b59-9cc7-02634d975655', 'abf8504a-2cfc-5a9d-a5d2-31dccd8bf00f', 40, 'unlisted', 'Wave Management Plan', '{"anim"}', DEFAULT, DEFAULT), ('11917a47-b89e-5663-8d37-049fe2bf5b34', '097c4d8e-94d3-5fd3-94ca-7bbb66cf6929', 32, 'unlisted', 'Late Game Scaling Strategy', '{"reprehenderit culpa","deserunt quis esse ea","et","quis eiusmod","ea sit cupidatat Lorem","magna consectetur elit consectet"}', DEFAULT, DEFAULT), ('c68ff46b-b1a9-581e-aa43-737e3b976580', '47c1a5aa-1c4a-5781-9c8f-968a639137d7', 33, 'unlisted', 'Objective Focused Strategy', '{"aliquip irure"}', DEFAULT, DEFAULT), ('e8d13e33-32bc-5c1a-9371-8f828965d869', '09bca3f4-0d37-5f5a-b637-9d7942a17cff', 36, 'public', 'Early Game Dominance Guide', '{"voluptate sint adipisicing quis ","magna commodo","nostrud nostrud aliquip","anim nostrud ea ex cillum","occaecat dolore exercitation lab","ullamco","ut est excepteur duis","proident labore labore incididun","sint anim"}', DEFAULT, DEFAULT), ('79cca71d-1dd7-5b78-9e31-229bb9872504', '09204188-e618-5728-88fc-034120742c41', 34, 'public', 'Wave Management Plan', '{"anim consectetur ad incididunt","excepteur magna","mollit et incididunt reprehender"}', DEFAULT, DEFAULT), ('cdf1b1e3-61cd-52e6-b86e-eec98ea71e23', '5531f3c9-2ccc-59e8-86e8-da1800808ec2', 38, 'private', 'Siege Tactics Handbook', '{"exercitation tempor aliquip est","commodo","sunt ex voluptate","duis incididunt proident","eiusmod veniam","culpa","in velit eu","nisi","aute quis duis"}', DEFAULT, DEFAULT), ('98ea8abd-4f3f-5750-b436-afb8aa79fb82', '262a78c7-eb9d-5e1a-8e58-41ecb0c31fbd', 37, 'private', 'Wave Management Plan', '{"reprehenderit fugiat occaecat ex","amet esse deserunt enim labore","aliqua deserunt cillum laborum","consequat ea incididunt id Lorem","labore elit","occaecat eiusmod mollit"}', DEFAULT, DEFAULT), ('bc227bd7-3214-5075-bca0-3f60046ac216', 'd6d4ebe8-fe3c-5e62-98d8-e678f356450c', 34, 'unlisted', 'Map Control Blueprint', '{"consectetur","consequat eiusmod culpa aliquip ","culpa magna magna dolor excepteu","sunt nulla","esse","tempor voluptate dolore","ipsum officia ipsum ullamco sint"}', DEFAULT, DEFAULT), ('8fd84214-96a6-5d6c-8437-0646145f15a1', 'e4de1a09-bd9a-5e42-b92c-2cb1af28bec6', 34, 'unlisted', 'Split Push Blueprint', '{"ullamco dolore exercitation","fugiat","ullamco commodo dolor","sint in irure","deserunt ullamco velit","dolore eu nostrud","reprehenderit consequat aute","ea ipsum"}', DEFAULT, DEFAULT), ('7b269807-4fdc-5847-8a5c-807ffa02f953', 'ba4d6fef-111f-5ce5-883e-2b3880f373bf', 40, 'public', 'Aggressive Rush Strategy', '{"aute nulla cillum Lorem","tempor","qui tempor","cupidatat","amet ipsum minim consequat","incididunt pariatur cupidatat la"}', DEFAULT, DEFAULT), ('cf8258c4-f278-5c75-a944-c2bcba526ad4', 'e2b744a0-a170-5a87-828d-34cc6f64ca05', 39, 'private', 'Objective Focused Strategy', '{"ea sunt pariatur exercitation la","Lorem laborum nisi","adipisicing sint tempor amet ame","elit qui nisi","incididunt eiusmod eu irure","elit"}', DEFAULT, DEFAULT), ('2e51b4b0-68ac-5e21-94a2-b7afb1b16016', 'e4c44768-00c8-52e6-80f9-625972d5d9b9', 33, 'unlisted', 'Objective Focused Strategy', '{"veniam id proident sint","duis amet anim mollit","anim id","aliquip ex","quis anim mollit officia"}', DEFAULT, DEFAULT), ('6e9d8d45-1d4b-5cdd-92c5-76194015ba99', '6451b879-16d7-5644-b6b9-87dd18b3facf', 40, 'unlisted', 'Team Fight Execution Plan', '{"elit do elit sint cillum","anim sint aliqua nisi","veniam anim labore velit nisi","culpa duis quis"}', DEFAULT, DEFAULT), ('fac7e894-3f38-5663-bc98-486c88732ea4', '5dd9c208-a224-5712-b987-eab6b9a89e23', 39, 'public', 'Objective Focused Strategy', '{"mollit sit","ad magna","mollit officia"}', DEFAULT, DEFAULT), ('7d360079-2c18-5c6d-a1b8-85eb411ace3d', 'f7f33f5b-7e02-5784-9db2-ed2995544a54', 38, 'unlisted', 'Aggressive Rush Strategy', '{"sunt reprehenderit commodo","ut sint proident laboris","voluptate occaecat ea minim non","voluptate aliqua enim enim","minim consectetur"}', DEFAULT, DEFAULT), ('be194c18-6eee-5ff6-a117-608bade8a86e', '2067e70c-565d-520b-b56b-19189e5b77f5', 37, 'private', 'Vision Control Blueprint', '{"amet proident amet","laborum exercitation aliqua pari","ipsum","sunt","eu","fugiat est minim","non"}', DEFAULT, DEFAULT), ('74297878-a21d-59b7-aced-265d4a9f30fa', 'c97097d9-c6b8-5a50-931a-369c86f1535e', 40, 'public', 'Gank Heavy Approach', '{"duis do reprehenderit occaecat","reprehenderit ad id in","ex est","dolor","ex consectetur","consequat proident ad esse exerc","aliqua cupidatat","consequat sunt dolor"}', DEFAULT, DEFAULT), ('a0c5fdb3-1581-541b-b560-7473e0935643', '6c3f6730-2b1a-5e27-97de-caacad0bb1a5', 32, 'unlisted', 'Jungle Control Playbook', '{"culpa eu labore in","sint id mollit adipisicing","qui incididunt","incididunt velit","dolor velit cupidatat ullamco am","tempor sunt Lorem","officia aute consequat minim"}', DEFAULT, DEFAULT), ('5bf01130-69dd-5547-acc0-717bf1395fda', '349111f0-5b40-5b21-aeff-8af2b228d28f', 40, 'unlisted', 'Vision Control Blueprint', '{"aliquip commodo mollit do","laboris","in cillum dolor consequat offici","cillum sint","incididunt enim ea reprehenderit","dolore nulla sit officia exercit","veniam nisi quis et laborum","adipisicing et dolor eu","veniam occaecat"}', DEFAULT, DEFAULT), ('1e052062-4999-589c-af48-bc4a3df69d05', 'cda3814f-c14d-5dcf-a835-797df84f6d99', 38, 'private', 'Secure Objective Playbook', '{"anim id enim","mollit enim irure proident","do sit nulla incididunt","enim sint eiusmod ipsum","consectetur officia dolor est","anim sit","consectetur est labore","duis"}', DEFAULT, DEFAULT), ('38b49ca8-b50c-5e98-af9e-9c3898d28f8f', '5f651c76-ceba-56db-bd60-512d4079ec53', 39, 'private', 'Aggressive Rush Strategy', '{"et dolor voluptate","excepteur anim Lorem"}', DEFAULT, DEFAULT), ('9b261f2f-f0b0-57c3-9c3a-156a89bfc9aa', '0fa12fcf-97e2-5065-a698-e366ca117702', 37, 'unlisted', 'Secure Objective Playbook', '{"exercitation et","aute","ullamco in aliquip","aliqua sunt irure id","est dolor id dolor","nostrud proident nostrud","irure labore exercitation"}', DEFAULT, DEFAULT), ('2d9d0644-e0d8-5f5d-84c2-071cd2c099ce', '94170f3d-888c-58bc-bc18-13592bfb52c5', 31, 'public', 'Defensive Turtle Tactics', '{"sint pariatur cillum","ut cillum magna Lorem","sunt","nulla ad voluptate","do officia enim"}', DEFAULT, DEFAULT), ('b8c7a039-d039-57f7-bd1e-253b05ef8c03', '47ec07ed-2b5c-5f84-a424-1002e39b4917', 32, 'private', 'Vision Denial Blueprint', '{"velit reprehenderit consectetur ","aliquip ex nulla nisi","ex","eu anim consequat","dolore ex"}', DEFAULT, DEFAULT), ('110d19c8-9e0d-5f75-a721-b94eb9080526', 'd6d4ebe8-fe3c-5e62-98d8-e678f356450c', 32, 'private', 'Objective Focused Strategy', '{}', DEFAULT, DEFAULT), ('09923517-e55a-5deb-98cb-d64b27c0ab72', '47c1a5aa-1c4a-5781-9c8f-968a639137d7', 39, 'unlisted', 'Baron Control Strategy', '{"adipisicing","eiusmod do excepteur","minim irure eiusmod","enim irure"}', DEFAULT, DEFAULT), ('e5bd85d5-1f62-5598-9176-4bfd393badbe', '110efd29-2979-5c30-b41f-b3bf832f48cd', 34, 'public', 'Vision Denial Blueprint', '{"tempor incididunt reprehenderit","voluptate sit nisi","cillum aliqua exercitation","aliqua ullamco","do ad nostrud enim","irure elit labore","anim velit deserunt pariatur","sit incididunt culpa laboris","excepteur veniam proident"}', DEFAULT, DEFAULT), ('e8eb7547-d359-5d88-afb0-cca98349d023', 'ab07c47c-511a-5092-acb9-cbf862e0076b', 38, 'public', 'Counter Pick Blueprint', '{"id mollit consectetur","quis mollit reprehenderit culpa ","irure exercitation","aute qui commodo culpa commodo","in sint ad laborum","voluptate in Lorem adipisicing a","sunt deserunt eu duis"}', DEFAULT, DEFAULT), ('0e4135c9-4c74-5717-9ee1-cbbb37873838', '1d3f740a-8c60-5c1d-aa9e-3854a33c8e1d', 40, 'public', 'Team Fight Execution Plan', '{}', DEFAULT, DEFAULT), ('eb9d24ec-f15e-5e4f-870e-dd537efcd168', '672ad514-6b43-58ed-b7aa-f70ed34485d9', 31, 'private', 'Counter Pick Blueprint', '{"elit ullamco occaecat","elit quis ipsum","dolore nostrud","velit veniam voluptate sint","eu commodo ut","culpa","aliqua deserunt","enim","est duis consectetur duis","ipsum ea"}', DEFAULT, DEFAULT), ('688a2e3c-848e-5787-bd83-705a15229924', '91fa3874-9437-5dfa-a49a-f19fb38d9e92', 33, 'unlisted', 'Counter Pick Blueprint', '{"laboris duis laborum veniam"}', DEFAULT, DEFAULT), ('a042a037-2e40-50ce-ae48-3f063c3067bb', 'd2f08d89-447f-5d3d-96e5-385ed888c091', 38, 'unlisted', 'Roaming Support Plan', '{"ea magna","officia pariatur voluptate aliqu","anim","labore consequat","tempor mollit nisi tempor"}', DEFAULT, DEFAULT), ('cb4eaa5a-1f18-571e-9566-4c1753ad9134', 'cd1520c4-af17-5e1e-b5b0-a9e95f36a7c4', 34, 'private', 'Vision Control Blueprint', '{"reprehenderit velit et","labore esse nostrud","laboris dolore","ex eiusmod"}', DEFAULT, DEFAULT), ('2076216c-1b19-5f7f-b10d-db3cae2b4567', '26f7bb6a-3c9c-5b30-b11b-be5ebfb91948', 34, 'private', 'Defensive Turtle Tactics', '{"ut esse culpa consectetur"}', DEFAULT, DEFAULT), ('a0bd7980-cac4-5ded-adc5-004548282723', '3c0af99e-82a0-5346-8da5-2d2825b8a66d', 32, 'unlisted', 'Vision Control Blueprint', '{"voluptate enim officia magna"}', DEFAULT, DEFAULT), ('e94657cc-5d4a-53ce-8902-19b99712c3c6', '0a9347d2-3396-5e6a-98f1-b406ca195226', 32, 'unlisted', 'Vision Control Blueprint', '{"ullamco velit laborum","nulla tempor","nisi fugiat irure laborum","sint excepteur id qui","cillum est","irure eu"}', DEFAULT, DEFAULT), ('cdee6d23-791e-5a74-aba4-6e6c1b3863e7', 'e7ba2b18-a57c-5b02-9714-d376d9ea922f', 34, 'unlisted', 'Baron Control Strategy', '{}', DEFAULT, DEFAULT), ('d5a4641d-8cbb-5fd0-89e3-ac12979b690c', 'e4de1a09-bd9a-5e42-b92c-2cb1af28bec6', 34, 'unlisted', 'Secure Objective Playbook', '{"irure deserunt anim","occaecat","incididunt ea Lorem non","amet nulla sint esse fugiat","adipisicing","Lorem nisi quis amet est","consequat deserunt veniam eu par"}', DEFAULT, DEFAULT), ('ab58f5b2-4308-5685-a477-a4b54637b2a0', 'abf8504a-2cfc-5a9d-a5d2-31dccd8bf00f', 31, 'unlisted', 'Roaming Support Plan', '{"ullamco commodo ea anim","exercitation cillum","deserunt duis officia","laboris","veniam sunt aliquip cupidatat","in in minim eiusmod","et consectetur","Lorem"}', DEFAULT, DEFAULT), ('025da8e7-6d47-53be-9689-b0604284733b', 'e4de1a09-bd9a-5e42-b92c-2cb1af28bec6', 38, 'unlisted', 'Gank Heavy Approach', '{"magna laboris anim ad","ex voluptate enim","dolore deserunt nisi veniam aliq","est et aliquip enim","velit est irure","cillum id aute occaecat exercita","Lorem nulla ex non"}', DEFAULT, DEFAULT), ('cfc01e92-0e9c-5f58-b116-ac73af2ff344', 'eeba85da-b4f7-5195-887e-28b7dc8a5236', 39, 'private', 'Baron Control Strategy', '{"Lorem cillum","enim commodo"}', DEFAULT, DEFAULT), ('6c7a0737-5d09-56f1-9a60-9ca811b68d40', 'ba4d6fef-111f-5ce5-883e-2b3880f373bf', 36, 'public', 'Late Game Scaling Strategy', '{"sint laboris eu","fugiat consectetur","excepteur proident nostrud ad","incididunt amet est","aliquip nisi dolor","duis nostrud esse est"}', DEFAULT, DEFAULT), ('b74b781d-f3ca-5ce2-a262-c20f23455d05', '290e51c6-7ff6-5db4-8f40-69dda051b66c', 31, 'private', 'Team Fight Execution Plan', '{"quis minim labore","aliqua nulla ipsum","esse consectetur","tempor","ad reprehenderit id pariatur","laborum"}', DEFAULT, DEFAULT), ('ae76c1cf-66c9-5bf7-8fc8-d1e1260ab8bd', 'd297ab9e-40d4-51b5-bb8f-a1df399f1a9a', 34, 'public', 'Jungle Control Playbook', '{"excepteur enim","pariatur consectetur"}', DEFAULT, DEFAULT), ('3267d96d-4a33-5c13-9ef8-eb9652f76262', 'ba60341e-ffca-5a8d-85d2-58afc6ff269c', 35, 'public', 'Late Game Scaling Strategy', '{"commodo fugiat culpa","nisi","commodo dolore proident reprehen","aliqua"}', DEFAULT, DEFAULT), ('272ce823-3f81-5671-93a8-93655178aa67', 'd664e8db-93ef-5294-a361-9e8640907e59', 39, 'unlisted', 'Counter Pick Blueprint', '{"incididunt dolore consectetur","deserunt velit occaecat magna","pariatur eiusmod nostrud eu duis"}', DEFAULT, DEFAULT), ('0cd365ac-6479-5889-b532-b02ce5d93b9f', 'abf8504a-2cfc-5a9d-a5d2-31dccd8bf00f', 31, 'unlisted', 'Wave Management Plan', '{"non aute","et"}', DEFAULT, DEFAULT), ('d1c31a1f-140d-5b01-95f7-3fc15003186c', '676a9b6b-ddf9-5403-87de-1b7c2b13cde5', 32, 'public', 'Baron Control Strategy', '{"sit in laboris esse","quis do","labore sit irure","officia exercitation occaecat ex","labore deserunt","anim ullamco ex","magna","adipisicing amet anim","quis adipisicing Lorem enim nost"}', DEFAULT, DEFAULT), ('139e14ed-bbf1-5d48-a6cc-84c72c891164', '95c65795-b9a1-572f-87ae-6fa70b020fbb', 34, 'unlisted', 'Jungle Control Playbook', '{"proident aliquip ad magna"}', DEFAULT, DEFAULT), ('586f1ac8-f524-5f8c-88e2-184c02d5ef6d', '9f26eece-7e59-5b46-a98b-848dc55a0cda', 40, 'private', 'Aggressive Rush Strategy', '{"veniam nulla","minim reprehenderit aliqua offic","pariatur","mollit sunt","quis culpa culpa do","duis dolore proident in veniam"}', DEFAULT, DEFAULT), ('62075432-2441-5ae8-a3d3-0c53f1490707', '2190cc4c-2cc5-5f9f-983d-55f70f31e468', 36, 'public', 'Vision Denial Blueprint', '{"irure cupidatat","mollit reprehenderit voluptate s","do aute culpa et duis","laboris dolore","aliquip tempor commodo ea","eiusmod occaecat cupidatat","aliqua","elit ex do cupidatat","nulla deserunt","sunt labore voluptate consectetu"}', DEFAULT, DEFAULT), ('7e2a3012-f429-5959-8e79-e27f888f9ce7', 'eea550bd-8120-5fb2-9339-ad3a549506d4', 33, 'public', 'Baron Control Strategy', '{"officia dolor ullamco ullamco es","ullamco deserunt pariatur volupt","aute ullamco","adipisicing commodo","qui","in excepteur","anim excepteur exercitation inci","aliqua eu sunt et"}', DEFAULT, DEFAULT), ('b8821e56-73f0-54d5-b485-728d64492250', 'f8fbdff1-11b4-54fa-ab90-292d82d3d353', 33, 'private', 'Gank Heavy Approach', '{"proident","aliqua nostrud tempor id sint","et sit mollit occaecat deserunt","qui voluptate reprehenderit null","exercitation","adipisicing culpa sint"}', DEFAULT, DEFAULT), ('41c6ea7f-18a9-55e6-b2ba-f0f4f40a17bf', 'c15a1a93-cc16-5536-8ab0-42ef9626e379', 33, 'unlisted', 'Siege Tactics Handbook', '{"aliqua consequat duis","sint aute culpa tempor occaecat","sint id ex sunt"}', DEFAULT, DEFAULT), ('6071eb55-6bca-516b-b2e7-cdcdc70b2f27', '9af6e0ef-7015-5390-856a-705032c2e40e', 34, 'private', 'Rotation Strategy Document', '{"pariatur","ad"}', DEFAULT, DEFAULT), ('d7cdb9d2-07a6-5208-bc43-84429587c78d', '94170f3d-888c-58bc-bc18-13592bfb52c5', 34, 'private', 'Gank Heavy Approach', '{"pariatur ad culpa","ut esse","fugiat ex","nulla deserunt quis aliqua aliqu","in anim mollit dolore","est","ipsum eiusmod veniam culpa","amet aliqua ipsum consectetur","dolor"}', DEFAULT, DEFAULT), ('edba76b8-16c2-5d65-8407-7c8846b18c8d', 'b5605791-3389-56c2-9ec6-17d538b9bb85', 39, 'private', 'Defensive Turtle Tactics', '{"et laborum enim cillum consequat","dolor","excepteur tempor qui reprehender","minim cillum reprehenderit do am","laboris ea","ex elit esse eiusmod","in","et sit dolor dolor"}', DEFAULT, DEFAULT), ('4961b154-685f-5c2d-b1f1-598100239ea4', '061a9df6-5f3b-55cf-9879-eec1a4061457', 32, 'public', 'Early Game Dominance Guide', '{"excepteur laborum adipisicing ex","dolor eiusmod elit ipsum","qui aute esse mollit","esse magna","incididunt pariatur aliqua volup","eu est ut","proident irure qui incididunt la","dolor culpa sit"}', DEFAULT, DEFAULT), ('81b648c1-576c-5086-ba4f-2125060d9cf0', '75b1f4f3-d352-56de-83dd-e679684b060c', 36, 'unlisted', 'Siege Tactics Handbook', '{"laboris ullamco duis anim","ipsum mollit","irure Lorem fugiat ipsum","exercitation cillum","aliqua minim qui aliquip sunt","amet proident","laborum aliqua elit duis","veniam sint officia","aliquip","ea exercitation occaecat culpa"}', DEFAULT, DEFAULT), ('edcc20e9-95a3-50eb-b84c-a2ac5801dd1f', 'ee198d66-a798-52a5-8b79-9931f7b835e3', 37, 'private', 'Objective Focused Strategy', '{"quis voluptate enim eu labore","cillum officia aliquip ullamco"}', DEFAULT, DEFAULT), ('0f7963e1-2931-5603-b1f8-5f29e095a36f', '94daea14-9b93-5933-9044-5ccc1eb32f8f', 38, 'private', 'Aggressive Rush Strategy', '{"dolore","veniam sint excepteur","ipsum","enim laborum et nulla officia"}', DEFAULT, DEFAULT), ('d90cf80e-490d-5c8c-85cc-9c761060fca5', '7154e631-e6aa-5d5a-a566-f6558cc7a8ba', 39, 'public', 'Defensive Turtle Tactics', '{"in aliquip pariatur aute","anim ad exercitation dolor","sunt laboris labore","labore mollit id commodo","laboris officia sint laboris","ea id velit nostrud ad","fugiat id voluptate dolor"}', DEFAULT, DEFAULT), ('84a00f8f-8f65-512e-a89a-396ebb944774', '91fa3874-9437-5dfa-a49a-f19fb38d9e92', 40, 'unlisted', 'Counter Pick Blueprint', '{"consectetur irure sunt","ipsum dolor et","adipisicing consectetur ad offic","sit ea","enim labore","culpa quis do","eiusmod proident dolor","est et officia consectetur","et ipsum ea ipsum consectetur","reprehenderit Lorem aliquip fugi"}', DEFAULT, DEFAULT), ('24530daa-18f4-5736-824e-740b98d86f84', '8bfeb6d5-d92f-5041-aa1b-39b8365c0a59', 38, 'public', 'Objective Focused Strategy', '{"adipisicing qui","nulla","nostrud in cupidatat adipisicing","consequat elit aute","magna aliqua","enim adipisicing"}', DEFAULT, DEFAULT), ('cef44dbb-01f1-53f9-a51f-bce20b8c9729', '203ac13e-e5b1-548e-a7da-5d8cff932053', 35, 'private', 'Gank Heavy Approach', '{"quis labore"}', DEFAULT, DEFAULT), ('2f432e43-c578-5d3f-a9f6-658650551fe1', '262a78c7-eb9d-5e1a-8e58-41ecb0c31fbd', 37, 'public', 'Vision Denial Blueprint', '{"quis officia ut","mollit pariatur laborum ad","ut dolore","labore","occaecat"}', DEFAULT, DEFAULT), ('9e0ad23d-bafe-536b-a992-47ea353cf3b5', 'd664e8db-93ef-5294-a361-9e8640907e59', 39, 'unlisted', 'Gank Heavy Approach', '{"qui ullamco culpa incididunt sun","elit aliquip","sunt","sint tempor","Lorem et enim"}', DEFAULT, DEFAULT), ('ba4f3542-9d48-574a-8df6-823d78106037', '47ec07ed-2b5c-5f84-a424-1002e39b4917', 35, 'public', 'Defensive Turtle Tactics', '{"excepteur aliqua eu","est tempor minim","ipsum et proident","nostrud labore","voluptate"}', DEFAULT, DEFAULT), ('d5920fa6-848e-5195-b671-9577ccf74a26', 'fc6d457c-9711-5cde-813c-d584f858faae', 37, 'public', 'Roaming Support Plan', '{"ipsum esse dolore sint ad","ex cupidatat in","consequat consectetur laboris en","commodo sunt","adipisicing amet","minim eu exercitation"}', DEFAULT, DEFAULT), ('60e1ec45-4b3f-5cd2-b9e9-a6fd50c32391', '646b32cc-2525-5418-a0f1-5c9ced471b05', 40, 'public', 'Vision Denial Blueprint', '{"reprehenderit tempor mollit","esse non ea","esse","in laborum exercitation laboris","labore aute amet"}', DEFAULT, DEFAULT), ('4152396c-eaf9-5aeb-9b7d-6c26ad4d722c', 'd664e8db-93ef-5294-a361-9e8640907e59', 38, 'unlisted', 'Defensive Turtle Tactics', '{"qui veniam amet","consequat laborum do nostrud et","incididunt ad enim"}', DEFAULT, DEFAULT), ('82c66b9e-374b-5deb-960b-0b761f066806', 'deab978c-4953-507c-b4fb-f509dd35f454', 36, 'public', 'Late Game Scaling Strategy', '{"commodo","consectetur quis proident veniam","qui dolore laboris amet ipsum","duis voluptate","nisi officia amet","reprehenderit non est","duis aute mollit","incididunt laborum officia repre"}', DEFAULT, DEFAULT), ('cb1a8444-be9e-581c-8a1e-9f0d5870d484', '02a341a2-35a0-5fbc-a1f4-aa8b42aa4b51', 31, 'public', 'Wave Management Plan', '{"nostrud","esse ex","quis velit nulla enim","non incididunt velit incididunt","aliquip culpa anim","dolor fugiat exercitation ipsum","id","duis tempor enim anim nostrud","proident quis","irure qui elit ullamco"}', DEFAULT, DEFAULT), ('b4086fbf-8b55-5b20-af96-270e53efd260', '01bb02e3-6d00-5b11-ba00-2f6b060dfb2e', 37, 'unlisted', 'Siege Tactics Handbook', '{"laborum","excepteur officia culpa","laborum aliqua","dolore minim officia qui enim","irure id occaecat","ipsum incididunt","aute quis magna fugiat","cupidatat ex ut est","enim in culpa","proident ea sunt"}', DEFAULT, DEFAULT), ('7dc2a385-02fd-5e9e-8ca3-480d310ce988', 'f46ce5c6-3097-5b5d-8213-37b749a8664f', 32, 'unlisted', 'Late Game Scaling Strategy', '{}', DEFAULT, DEFAULT), ('bd010a0a-cb39-59ee-8218-e7f775ac9a01', '75b1f4f3-d352-56de-83dd-e679684b060c', 38, 'private', 'Counter Pick Blueprint', '{"deserunt ex labore","velit deserunt ut esse","dolore ullamco consectetur elit","labore","deserunt elit ullamco"}', DEFAULT, DEFAULT), ('eb100a5e-fbbc-5189-b323-e08ca1ddf4b2', '9a184097-b9bc-5f22-ba40-6c62e83423ab', 37, 'public', 'Map Control Blueprint', '{"incididunt Lorem","Lorem pariatur consectetur","deserunt irure pariatur excepteu","aliquip et nulla ex"}', DEFAULT, DEFAULT), ('e43c6b3b-10fe-54f2-a09c-2f23976dbe42', '672ad514-6b43-58ed-b7aa-f70ed34485d9', 33, 'public', 'Counter Pick Blueprint', '{"incididunt nulla esse aliqua","velit laboris","amet dolor aliquip"}', DEFAULT, DEFAULT), ('145f2d17-d2b0-59ee-98c0-d8b6d6c741cd', 'f457d7a7-01f9-5225-b07a-0e782525bbc7', 35, 'unlisted', 'Wave Management Plan', '{"fugiat eu","fugiat deserunt ad","minim velit reprehenderit proide","ullamco voluptate","officia","aliquip dolore magna duis","tempor aliqua in id","nostrud qui","non eu","non"}', DEFAULT, DEFAULT), ('27b7fc92-c399-5aec-bc43-ea4a7d41c984', '6fc34c52-742f-56c2-b6c3-89dee63a8839', 37, 'unlisted', 'Gank Heavy Approach', '{"minim ut eiusmod"}', DEFAULT, DEFAULT), ('16e13bc2-bae9-5a1b-a23b-7f2503b73a03', 'd1b6355b-0594-5d07-b55b-72d2c66a1391', 35, 'private', 'Baron Control Strategy', '{"ea qui","et"}', DEFAULT, DEFAULT), ('fb9a721d-7da1-577d-a721-ae00139d250b', '2067e70c-565d-520b-b56b-19189e5b77f5', 39, 'unlisted', 'Aggressive Rush Strategy', '{"excepteur consectetur minim irur","voluptate adipisicing sint quis","velit"}', DEFAULT, DEFAULT), ('8514b549-2321-5223-bcae-362fbfc61c61', 'd9bba68a-079c-5141-bd43-756b87167584', 31, 'private', 'Split Push Blueprint', '{"qui non laboris ad adipisicing","excepteur labore excepteur aute","tempor ullamco commodo","in","mollit officia sunt reprehenderi"}', DEFAULT, DEFAULT), ('8d222d98-29f0-5123-b99d-cc9f19493b20', 'ba60341e-ffca-5a8d-85d2-58afc6ff269c', 38, 'public', 'Aggressive Rush Strategy', '{"nostrud aliqua duis"}', DEFAULT, DEFAULT), ('5ba895cd-4107-5c9d-a9cb-bd2d24899776', 'cd1520c4-af17-5e1e-b5b0-a9e95f36a7c4', 37, 'private', 'Vision Denial Blueprint', '{"proident enim Lorem","in eu ullamco aliquip","minim","adipisicing esse excepteur repre","aute aliqua dolor","sit minim","esse"}', DEFAULT, DEFAULT), ('73b23aba-b5e2-5b24-b442-00922b22f275', 'dc58dd7b-bb54-5abe-8208-becc5e0561ad', 34, 'private', 'Jungle Control Playbook', '{"magna ut","nostrud","sit tempor","sint","non consectetur enim cupidatat"}', DEFAULT, DEFAULT), ('0e1a0168-a26a-5feb-9c91-7bd40d62afcc', '3d4df0ce-5a7f-53e4-b486-95faf0a09720', 37, 'private', 'Map Control Blueprint', '{"nulla aliqua magna","in incididunt proident ullamco","ullamco ipsum aute","culpa ex","aliquip voluptate","incididunt amet quis amet","magna in commodo cillum"}', DEFAULT, DEFAULT), ('9348bed0-a52a-59cd-98df-ed8ab48ba4f7', '1bf9a820-bb8f-59cd-8902-84a62a1aa29f', 36, 'private', 'Defensive Turtle Tactics', '{"reprehenderit ut Lorem labore","velit adipisicing","velit anim qui adipisicing","aliquip nisi adipisicing ea ea","cillum pariatur tempor sunt","laborum reprehenderit"}', DEFAULT, DEFAULT), ('1507f034-16ba-5219-b927-72f72394b9da', 'd00c085d-72d6-5114-a5fd-ba818539c2f7', 40, 'unlisted', 'Wave Management Plan', '{"proident excepteur deserunt ea","reprehenderit anim aliqua pariat","id in","dolor minim dolore","consectetur esse nisi ipsum"}', DEFAULT, DEFAULT), ('3d6517ba-6968-54c9-9934-5dca00f20f48', '405dd580-b1c8-5c0e-9df0-d82b7f57175d', 38, 'private', 'Defensive Turtle Tactics', '{"nisi irure ipsum","aliqua labore veniam","ad ut fugiat laboris","quis ipsum aliqua","non","voluptate exercitation","incididunt laboris sit"}', DEFAULT, DEFAULT), ('253eb1a7-6466-5751-bb80-ba728a9d5688', 'f46ce5c6-3097-5b5d-8213-37b749a8664f', 40, 'public', 'Split Push Blueprint', '{"tempor aliquip dolor","exercitation amet esse irure ips"}', DEFAULT, DEFAULT), ('84afba7a-f643-5519-b420-54d83f591e9d', '8b7e423b-b9b9-5b3c-bf3d-1aa45d16235c', 35, 'unlisted', 'Roaming Support Plan', '{"voluptate deserunt","non","consequat ea non officia"}', DEFAULT, DEFAULT), ('59b35be9-9d21-5b79-8875-4954a08d7239', '91fa3874-9437-5dfa-a49a-f19fb38d9e92', 35, 'public', 'Late Game Scaling Strategy', '{"in","ad anim nostrud","velit qui incididunt","sunt elit irure"}', DEFAULT, DEFAULT), ('b3ff9604-63d2-533f-8bbb-d5f0486381ad', 'e5b4727f-be5e-52c0-83cb-cb7ba230945f', 35, 'unlisted', 'Rotation Strategy Document', '{"do","sit laboris cupidatat exercitati","dolor","occaecat aute non","in in tempor","fugiat laborum nisi elit","esse sunt qui amet nulla"}', DEFAULT, DEFAULT), ('bcc899da-7629-5e0e-b560-5f5f6e7060e1', 'd19db439-c7e7-53a7-aa19-0db346180dc1', 39, 'private', 'Counter Pick Blueprint', '{"minim nulla est","reprehenderit et occaecat","laboris culpa excepteur","non velit eu","exercitation nulla enim","ipsum mollit","est aliquip officia cupidatat","enim","fugiat sit amet deserunt","voluptate velit"}', DEFAULT, DEFAULT), ('96dbca51-d731-5e2c-a3d4-62e8f0faa072', '3af5be38-b117-5675-8d7a-e27a1a34e8a8', 35, 'unlisted', 'Map Control Blueprint', '{"sint reprehenderit deserunt","aute sit"}', DEFAULT, DEFAULT), ('fc633e1f-14b8-590b-a0ba-c22147aaeeb4', '8891aca3-b326-5a45-a77b-46ff3fd96d49', 36, 'private', 'Secure Objective Playbook', '{"tempor proident amet non"}', DEFAULT, DEFAULT), ('49af1081-9f3e-5569-af2e-1029eb808baf', 'd9ae7966-26bd-59fb-b0d1-f3ba758ed60a', 34, 'public', 'Late Game Scaling Strategy', '{"irure nisi sunt","culpa cupidatat cillum"}', DEFAULT, DEFAULT), ('28c7fcd5-dc0b-528f-92f0-3e19e7b94b50', 'e4de1a09-bd9a-5e42-b92c-2cb1af28bec6', 39, 'public', 'Gank Heavy Approach', '{"proident pariatur consequat labo","mollit deserunt"}', DEFAULT, DEFAULT), ('38780d0a-620c-5420-b84b-aa917e5db8c1', '1f9495a7-9f91-5b8e-a431-ff0404db08b3', 31, 'unlisted', 'Aggressive Rush Strategy', '{"irure aute esse ut","aliqua consectetur","fugiat culpa veniam ut"}', DEFAULT, DEFAULT), ('535c1e86-4fb0-59ea-8076-b54244994b61', '43bcab14-4a69-5e60-a07f-cda2fe595a2a', 36, 'unlisted', 'Split Push Blueprint', '{"Lorem exercitation"}', DEFAULT, DEFAULT), ('5e181f1c-b93c-59a3-a161-c4d4e29f775e', 'f7f33f5b-7e02-5784-9db2-ed2995544a54', 34, 'unlisted', 'Secure Objective Playbook', '{"esse mollit mollit","do magna occaecat excepteur","Lorem pariatur sunt non","adipisicing pariatur aliquip","in amet"}', DEFAULT, DEFAULT), ('0cd34502-daee-52d8-b8a4-7aa032065e8a', 'fd2a8113-662a-5782-9e12-f7b49eee56e0', 32, 'public', 'Objective Focused Strategy', '{"eiusmod ipsum labore veniam do","mollit fugiat id laboris","cillum","ullamco occaecat aute sunt","ea sunt","enim elit id laboris","elit officia nostrud ipsum","pariatur irure nulla amet","aliqua id"}', DEFAULT, DEFAULT), ('6c9b6808-e737-5f8f-b196-93c0598b34b9', '676a9b6b-ddf9-5403-87de-1b7c2b13cde5', 37, 'public', 'Roaming Support Plan', '{"non proident enim","laboris culpa commodo"}', DEFAULT, DEFAULT), ('f498173a-b4a1-5b37-ad0b-67596b4fe0ac', '9bf2ad50-cccb-50eb-8269-3a7e78bd21f5', 38, 'unlisted', 'Siege Tactics Handbook', '{"ea adipisicing laboris","ad officia veniam"}', DEFAULT, DEFAULT), ('b0d542cd-fe80-5cad-9bd6-a81d0ed1c2f4', 'a69d43fa-2222-5203-b590-140e62599451', 38, 'unlisted', 'Vision Control Blueprint', '{"veniam"}', DEFAULT, DEFAULT), ('cd506b7e-0f7c-526c-b650-bb799376c313', 'd9ae7966-26bd-59fb-b0d1-f3ba758ed60a', 32, 'unlisted', 'Gank Heavy Approach', '{"ea in amet fugiat","magna voluptate nisi voluptate","excepteur laboris laboris in qui","anim"}', DEFAULT, DEFAULT), ('d625f518-4ec3-51e2-95c0-6cf965668d68', 'f6a7cc82-a609-50ee-a839-9fa8b1a9631d', 38, 'public', 'Wave Management Plan', '{"incididunt minim occaecat esse e","amet laboris pariatur incididunt"}', DEFAULT, DEFAULT), ('66b76653-1cc5-50ef-a109-c059c945f253', '45173bfe-a11f-574a-ac25-21cda1308ec9', 39, 'private', 'Team Fight Execution Plan', '{"exercitation eu ea mollit","occaecat magna","do quis deserunt enim irure","tempor velit veniam deserunt non","fugiat proident ipsum","excepteur elit enim eu","consectetur do","aliqua officia officia consequat","anim consequat eiusmod veniam","officia adipisicing amet pariatu"}', DEFAULT, DEFAULT), ('a6dbcc80-e965-5682-9448-6a65a83787b3', '9e19dd6d-e8c2-5925-b1c8-e13b62340491', 31, 'public', 'Roaming Support Plan', '{"cillum pariatur","amet","proident","pariatur ad dolor","nulla","excepteur occaecat proident repr","voluptate"}', DEFAULT, DEFAULT), ('c4d9fc37-aa2c-5cf4-8cef-779723958882', '882c7ae5-914f-539d-8207-691de536097f', 39, 'unlisted', 'Vision Control Blueprint', '{"adipisicing Lorem cupidatat","irure aliquip"}', DEFAULT, DEFAULT), ('cbdcc83c-77a1-5d75-ace8-183321930672', '8d3f145b-67b0-504d-b49a-d59ecea5d2d8', 33, 'private', 'Map Control Blueprint', '{"minim enim","commodo et","est ad do adipisicing","enim aliquip fugiat","adipisicing consectetur","ea dolore"}', DEFAULT, DEFAULT), ('46b593cf-05b9-5316-ba74-ef4cf062dcc9', '3d4df0ce-5a7f-53e4-b486-95faf0a09720', 35, 'unlisted', 'Vision Control Blueprint', '{"tempor irure elit nisi sit","consequat esse Lorem irure","incididunt do fugiat exercitatio","enim","irure laboris tempor","duis officia exercitation"}', DEFAULT, DEFAULT), ('1770dbe6-c529-520b-a36c-454b023ccb2c', '00644310-2ebb-53b6-b6cd-c599924419bd', 36, 'public', 'Roaming Support Plan', '{"enim Lorem voluptate cupidatat c","tempor exercitation anim tempor ","duis aute","magna deserunt nulla","commodo reprehenderit","aute duis","nostrud proident commodo et","sint exercitation et","cupidatat reprehenderit aute mag","ea quis"}', DEFAULT, DEFAULT), ('65973815-006c-531b-b69f-bd5d086f7786', 'eecf8a7e-af2f-524d-a645-c5fba3ebda06', 38, 'unlisted', 'Wave Management Plan', '{"excepteur est","eiusmod in irure culpa","aliqua esse","qui Lorem","incididunt cillum non non","tempor id ipsum","mollit mollit id"}', DEFAULT, DEFAULT), ('0cd413aa-1a82-5832-9edb-17fd5c059a41', '47e5d6a1-6a7c-5068-97e6-b73d6f3b47c1', 40, 'private', 'Vision Denial Blueprint', '{"enim consectetur veniam","nostrud officia do sunt","cillum adipisicing","ex","aliqua ea veniam sunt","anim tempor aliquip fugiat","sit do"}', DEFAULT, DEFAULT), ('5153bc7b-cd04-5c5e-83e9-7b7a5a1390e6', 'e4c44768-00c8-52e6-80f9-625972d5d9b9', 34, 'public', 'Roaming Support Plan', '{"et et consequat","est deserunt qui aliquip","ad","labore qui mollit eu","ut ipsum irure sunt","amet proident","do adipisicing aute nisi","officia sit nisi voluptate"}', DEFAULT, DEFAULT), ('bd276dfa-2ddb-52c7-9feb-6d2cc281335e', 'ad1bbcac-cdbb-551f-b25a-b14b40074515', 32, 'private', 'Map Control Blueprint', '{"quis proident exercitation exerc","minim aute laboris","tempor cillum","ex velit fugiat","occaecat proident","proident dolor officia nisi","culpa fugiat","aliqua proident elit dolor","in ad","sunt pariatur magna incididunt d"}', DEFAULT, DEFAULT), ('12cafb5f-6adc-5f24-a738-9455dde3eb2a', '71edf17f-e471-58c3-bbf8-8111bd6c7c8e', 32, 'public', 'Wave Management Plan', '{"tempor pariatur amet","non cupidatat","do ipsum cillum","enim nulla fugiat","cillum cupidatat est","officia ipsum adipisicing occaec","sunt irure est pariatur","do ad commodo"}', DEFAULT, DEFAULT), ('e017f166-fa51-5fb5-af86-6fc41cad9674', '6c3f6730-2b1a-5e27-97de-caacad0bb1a5', 32, 'private', 'Secure Objective Playbook', '{"id excepteur anim sint","minim magna","exercitation dolor id ad","quis dolor ipsum nulla in"}', DEFAULT, DEFAULT), ('544f27bb-a8e9-5b6b-8ec7-f1cfe91406e2', 'fb634118-b8a6-50b7-9010-0317dd27fba6', 35, 'public', 'Wave Management Plan', '{"ad ullamco veniam elit id","irure exercitation","ullamco fugiat velit"}', DEFAULT, DEFAULT), ('a704d0a7-ee9e-5aa5-bba9-aff3556d41a2', '2f76c526-de17-58f1-a75e-aee239f7ed57', 35, 'private', 'Wave Management Plan', '{"esse magna incididunt","veniam mollit sunt","id dolore ipsum","sunt nostrud id","ut","sint Lorem nulla","esse anim magna","consectetur"}', DEFAULT, DEFAULT), ('a758f3b0-169f-56a9-80db-acb9f3972464', '45173bfe-a11f-574a-ac25-21cda1308ec9', 32, 'public', 'Defensive Turtle Tactics', '{"do culpa cupidatat","magna Lorem elit","in esse irure","aute","ut irure enim","deserunt pariatur fugiat aliquip","ipsum dolor","commodo sint elit magna"}', DEFAULT, DEFAULT), ('1ebb07c2-9cc9-56df-b9e3-71837bafdca1', '8b7e423b-b9b9-5b3c-bf3d-1aa45d16235c', 35, 'unlisted', 'Early Game Dominance Guide', '{"reprehenderit velit","cillum amet","reprehenderit non","et ut et","est minim elit tempor","dolore ea irure elit consectetur","mollit amet veniam cillum"}', DEFAULT, DEFAULT), ('217c4ba5-3ca5-503f-8fcd-2cf91341f163', '88514f78-7770-5bc2-96a4-f0f4ebcab4a4', 39, 'public', 'Vision Control Blueprint', '{"enim do culpa veniam","qui elit","commodo","minim dolore dolor","quis eiusmod magna adipisicing","aliqua ea","magna sint laboris occaecat anim","excepteur dolore aute","aliquip exercitation"}', DEFAULT, DEFAULT), ('63c64b00-d130-5928-b403-258ebdb17248', '2dbccffd-e7a5-5653-9dc6-18e988716abe', 39, 'private', 'Early Game Dominance Guide', '{"sunt ullamco laborum quis","sint occaecat","eiusmod","do deserunt reprehenderit consec"}', DEFAULT, DEFAULT), ('0deb1a0e-8f26-576f-af23-e26ef824ea0b', '47ec07ed-2b5c-5f84-a424-1002e39b4917', 40, 'unlisted', 'Split Push Blueprint', '{"nisi eiusmod esse magna","eiusmod aliqua","ex dolor esse nostrud esse","est proident sunt duis","aliquip amet laboris","id et est","commodo proident ut et deserunt","labore occaecat","nulla enim amet dolor sint"}', DEFAULT, DEFAULT), ('924718ca-0525-5af0-b71a-2560f2cc09a0', '9b1fc781-1e4e-56d2-bd68-0dc257a319c0', 38, 'public', 'Map Control Blueprint', '{"ut Lorem aute"}', DEFAULT, DEFAULT), ('877842c0-f0dc-575b-a7ad-30915aaaeebe', '8b474939-245b-5ed9-b06a-21432e2b9115', 32, 'private', 'Secure Objective Playbook', '{"magna aliqua","ea aute","Lorem"}', DEFAULT, DEFAULT), ('ebce0b2a-b558-5f18-bddc-2af385fe3118', 'e4c44768-00c8-52e6-80f9-625972d5d9b9', 35, 'unlisted', 'Baron Control Strategy', '{"dolore eiusmod magna est","aliquip fugiat magna mollit","non eiusmod voluptate","ipsum"}', DEFAULT, DEFAULT), ('67f00577-22b1-541a-b8eb-43f4241ec322', 'ae956930-bebe-5aad-83f8-b8d0cae36371', 32, 'private', 'Objective Focused Strategy', '{"ut pariatur id mollit","eu consectetur ex aliquip","pariatur do cupidatat","deserunt nisi laborum id","amet do et esse commodo"}', DEFAULT, DEFAULT), ('5c1d9b7d-9f54-545c-ae19-f60dd5ff1d25', '28e4b717-ba20-5ce6-96db-f08421aa2fc7', 33, 'unlisted', 'Aggressive Rush Strategy', '{"commodo non culpa dolore","sit reprehenderit Lorem ex","enim consectetur","irure","dolor amet"}', DEFAULT, DEFAULT), ('339c2395-3fcf-5f3b-90ec-90611b01fa37', '6451b879-16d7-5644-b6b9-87dd18b3facf', 35, 'public', 'Early Game Dominance Guide', '{"dolore","esse nisi duis","nostrud ut cupidatat laborum non","ullamco non","ad amet consectetur duis","labore esse"}', DEFAULT, DEFAULT), ('3e26da35-99ab-5fee-95a6-ca3120af490b', '5783cab4-e010-523b-b893-81b388f43d06', 39, 'unlisted', 'Vision Control Blueprint', '{"id officia eiusmod occaecat","et velit fugiat","pariatur incididunt ea consequat","anim quis id","ex sit tempor"}', DEFAULT, DEFAULT), ('540a4921-798c-58f1-8dda-fbb9b912bb43', '380f1bbd-f6c8-5306-af3f-7d7fa746bde0', 40, 'unlisted', 'Vision Denial Blueprint', '{"aliqua","irure veniam voluptate quis","anim do","Lorem ex deserunt laborum","laboris nostrud laborum"}', DEFAULT, DEFAULT), ('81b847bf-bc05-538e-bdc5-721f48634b78', 'eeba85da-b4f7-5195-887e-28b7dc8a5236', 32, 'unlisted', 'Gank Heavy Approach', '{"in cupidatat","ex quis sint officia elit","quis enim","eu Lorem est et do","et aliqua dolore","sit in adipisicing","deserunt voluptate ex voluptate ","est dolor consectetur"}', DEFAULT, DEFAULT), ('2c9d2493-4412-5eae-aa39-69858c4bfd99', '01807616-77b8-51e2-9a97-d85b00b2c474', 38, 'private', 'Gank Heavy Approach', '{"pariatur enim anim et","aliqua","nostrud nisi ipsum enim","occaecat sunt laborum","ex adipisicing veniam","cillum cupidatat veniam","consequat irure","tempor ipsum fugiat cillum"}', DEFAULT, DEFAULT), ('51ef9256-0eab-579a-868b-52c27ddf10e9', 'df625f4d-0fe2-599a-b1d3-13232701e19f', 34, 'unlisted', 'Early Game Dominance Guide', '{"irure proident","esse non consequat","esse aliquip","sit sit ut voluptate laborum"}', DEFAULT, DEFAULT), ('d6ceb82b-4af2-5d8a-96c1-8d6a9db93a31', '3b3a2ed4-3283-5a09-84d9-c7de876d5510', 32, 'public', 'Aggressive Rush Strategy', '{"mollit nostrud veniam","ut","fugiat elit nulla","exercitation elit mollit","cupidatat tempor sint culpa"}', DEFAULT, DEFAULT), ('01ae0a36-6172-5c0a-baff-6c1805e0976a', '92ce3cad-bd68-55a2-9017-d27d51e2e007', 39, 'public', 'Wave Management Plan', '{"pariatur","minim cupidatat","pariatur deserunt laboris nostru","laborum ut laborum","reprehenderit qui laboris proide","irure cupidatat","laboris eiusmod occaecat","consequat id","irure duis eiusmod"}', DEFAULT, DEFAULT), ('df70af8b-9578-5bd7-9fd6-02ad92eaedca', 'd6d4ebe8-fe3c-5e62-98d8-e678f356450c', 39, 'unlisted', 'Gank Heavy Approach', '{"excepteur"}', DEFAULT, DEFAULT), ('82fca927-01aa-5c29-8d7a-7a868f9ba6ea', 'd1b6355b-0594-5d07-b55b-72d2c66a1391', 35, 'public', 'Rotation Strategy Document', '{"deserunt","nulla id officia nulla","id tempor aute nostrud","do deserunt","adipisicing consequat"}', DEFAULT, DEFAULT), ('4e5550d4-d39a-56c3-8f19-971fdeeb787e', 'cd1520c4-af17-5e1e-b5b0-a9e95f36a7c4', 34, 'unlisted', 'Vision Denial Blueprint', '{"ea labore","mollit","enim","laborum amet","ad non consequat elit","proident sit mollit","adipisicing sunt","exercitation eu adipisicing"}', DEFAULT, DEFAULT), ('83ec5ac5-8c23-5e38-8151-36af62098fff', 'ee198d66-a798-52a5-8b79-9931f7b835e3', 31, 'private', 'Siege Tactics Handbook', '{"eiusmod mollit sint aute","aliquip laboris pariatur","ad","voluptate Lorem","commodo labore pariatur est"}', DEFAULT, DEFAULT), ('d1996167-52fb-5e4a-b849-75efada773e6', 'ba60341e-ffca-5a8d-85d2-58afc6ff269c', 33, 'unlisted', 'Defensive Turtle Tactics', '{"fugiat cupidatat anim","et sint do","ullamco culpa nisi in","occaecat excepteur"}', DEFAULT, DEFAULT), ('1818e464-6a87-5266-8677-c069741c3ab2', 'cd1520c4-af17-5e1e-b5b0-a9e95f36a7c4', 37, 'unlisted', 'Vision Control Blueprint', '{"sunt dolor"}', DEFAULT, DEFAULT), ('13ebb239-29e1-53ff-93b0-d55e3db05a11', 'bf251b09-11da-503b-84c5-60ec2f7d4e17', 31, 'unlisted', 'Baron Control Strategy', '{"aliqua reprehenderit esse velit ","tempor proident incididunt excep","veniam exercitation proident","nostrud aliquip nostrud","veniam quis sunt eu","adipisicing sit consectetur esse","velit","adipisicing anim aliqua non sit","magna deserunt nostrud","Lorem excepteur occaecat"}', DEFAULT, DEFAULT), ('a0a63713-f2dd-56aa-98a3-f6a26bcae5b9', '2589cf16-4103-5a4f-b544-b30078083eaa', 40, 'unlisted', 'Jungle Control Playbook', '{"nostrud est","ipsum sit officia Lorem exercita","fugiat Lorem ad laborum minim","veniam veniam esse eu occaecat","occaecat nostrud occaecat","in non exercitation","ex esse fugiat qui incididunt"}', DEFAULT, DEFAULT), ('4029bbad-86a6-5e60-a150-da0664c62b92', '8c5ef042-1b14-56ed-adba-e25d3960a3cf', 32, 'private', 'Team Fight Execution Plan', '{"labore non","ullamco sint consectetur sunt ex","nulla velit nulla"}', DEFAULT, DEFAULT), ('6636a6a8-3a2d-5862-bb24-3e77bffdb640', '882c7ae5-914f-539d-8207-691de536097f', 38, 'private', 'Wave Management Plan', '{"labore tempor laborum"}', DEFAULT, DEFAULT), ('4ba85443-f89e-5d68-8d4a-da572969b0dd', '6c52c1d9-13a4-51ef-ae51-1dacc4c14be9', 39, 'public', 'Split Push Blueprint', '{"est commodo cupidatat","veniam","laborum aliquip consequat minim","enim labore","ea sint tempor","aliquip duis ex commodo","culpa cupidatat cupidatat","duis","magna officia irure ipsum cillum","ut amet"}', DEFAULT, DEFAULT), ('55fbf0ae-1fd2-57d5-9884-2ceca8eef8f3', 'b737f334-53a3-585e-98d7-69fce744e35e', 33, 'unlisted', 'Team Fight Execution Plan', '{"sunt sunt tempor et dolor","do ea","proident minim","ipsum id","aliquip labore quis","ea non","tempor Lorem et"}', DEFAULT, DEFAULT), ('c91a5204-a47c-5f58-8042-f917f2facb4b', '7a86b477-8922-5c78-85b7-47a44d6877c0', 39, 'public', 'Late Game Scaling Strategy', '{"ut tempor do","excepteur nulla","velit veniam aute","dolor esse ad minim","sunt nostrud labore officia pari","magna enim dolor Lorem non","enim ex","esse nulla amet ut"}', DEFAULT, DEFAULT), ('fdca53a8-e101-5585-90b8-82f7d3c1fc24', 'eeba85da-b4f7-5195-887e-28b7dc8a5236', 39, 'public', 'Jungle Control Playbook', '{"anim laboris Lorem","aute voluptate nisi duis","aliqua laborum incididunt","aliquip id","officia consequat","laboris aliquip ipsum","officia elit velit","irure duis"}', DEFAULT, DEFAULT), ('a76c18ad-af72-57b7-b165-f7757943d51e', 'de459427-bb2c-5381-bdbf-7126efbb65c9', 39, 'unlisted', 'Jungle Control Playbook', '{"proident commodo est excepteur","veniam ipsum do in aute","Lorem est nisi cillum voluptate"}', DEFAULT, DEFAULT), ('bf7ffe87-c4e2-5aa1-86f7-2fdfa8315ff6', 'ab07c47c-511a-5092-acb9-cbf862e0076b', 34, 'unlisted', 'Gank Heavy Approach', '{"elit mollit aute ex","nulla ad","eu","adipisicing nostrud","nulla sint ex"}', DEFAULT, DEFAULT), ('764f06ba-b246-5c62-8e43-89fe991c749d', '3c0af99e-82a0-5346-8da5-2d2825b8a66d', 35, 'public', 'Secure Objective Playbook', '{"culpa aliqua id fugiat","aliquip Lorem do id irure","eu anim","voluptate"}', DEFAULT, DEFAULT), ('229d48f9-9e17-5f91-bd2c-3f3cdbae28c1', '00644310-2ebb-53b6-b6cd-c599924419bd', 38, 'public', 'Counter Pick Blueprint', '{"aliquip","exercitation proident","ipsum est reprehenderit ullamco","adipisicing ea ullamco esse"}', DEFAULT, DEFAULT), ('505fdba9-c563-5897-bd99-f3fd7e6efb10', 'cf1d2e5e-3a18-5518-8e4c-387978992b8a', 33, 'private', 'Map Control Blueprint', '{"sint aute","exercitation do cupidatat non","excepteur ad in","duis laboris adipisicing commodo","labore nulla","adipisicing fugiat fugiat","magna officia cillum ea","aliqua","ex et"}', DEFAULT, DEFAULT), ('ad47e58b-6404-5eb4-b01c-1ab02b3af226', '7bf99080-cdc6-5456-b6d5-417e28b4eba5', 39, 'private', 'Gank Heavy Approach', '{"ex reprehenderit","nostrud voluptate laboris","sit","ea non","ad commodo ut","proident nisi ex deserunt","id laboris est sit","velit Lorem","cillum incididunt"}', DEFAULT, DEFAULT), ('4ae4f149-a1da-5a76-913f-5ea02c87f4e0', 'eb3e804d-5ed0-59a1-900b-3b0f9b2cb577', 33, 'unlisted', 'Counter Pick Blueprint', '{"veniam","est fugiat id","minim esse laborum excepteur iru"}', DEFAULT, DEFAULT), ('a85217e5-f8d6-5dd0-996b-8464fa1021ff', '9e19dd6d-e8c2-5925-b1c8-e13b62340491', 39, 'public', 'Counter Pick Blueprint', '{"veniam officia pariatur","occaecat elit non ea","aliquip quis officia irure"}', DEFAULT, DEFAULT), ('b21411a7-0afc-5cf3-81fc-471ab95f5d8d', 'cd1520c4-af17-5e1e-b5b0-a9e95f36a7c4', 38, 'unlisted', 'Vision Denial Blueprint', '{"aliqua esse irure","irure excepteur non","eu et consequat non cillum","ea adipisicing","ea et adipisicing","dolor minim deserunt"}', DEFAULT, DEFAULT), ('d37fd98f-746a-582e-a0fc-de28d96e48c5', '7f78fee3-dd27-5696-858f-318bd4cbf2a8', 31, 'public', 'Siege Tactics Handbook', '{"dolor aliquip in deserunt","incididunt aliqua sint laboris c"}', DEFAULT, DEFAULT), ('2dc53ff7-923f-50df-a732-82b60afbba2f', '5531f3c9-2ccc-59e8-86e8-da1800808ec2', 38, 'unlisted', 'Roaming Support Plan', '{"velit pariatur non reprehenderit","duis","amet est exercitation dolore vol","commodo excepteur laboris"}', DEFAULT, DEFAULT), ('f9690101-a16f-5108-b391-78c9dba8aeee', '2190cc4c-2cc5-5f9f-983d-55f70f31e468', 36, 'unlisted', 'Late Game Scaling Strategy', '{"cillum minim","dolor qui esse fugiat est","do aliqua excepteur","ipsum mollit sint","voluptate","proident deserunt sit","cillum pariatur ea","officia commodo","aliquip est laborum","nostrud"}', DEFAULT, DEFAULT), ('7441a375-e1c1-5111-b299-b73d6da10ca2', 'd6d652bf-48a5-5a85-a95d-16c25edc5397', 32, 'unlisted', 'Vision Denial Blueprint', '{"esse ea quis","duis et nostrud est eu","consectetur laboris dolore","in elit et","fugiat aute aliquip","excepteur ipsum duis mollit repr"}', DEFAULT, DEFAULT), ('ca1d2bcf-5a98-5759-81b6-75e3ed47122a', '91fa3874-9437-5dfa-a49a-f19fb38d9e92', 32, 'private', 'Objective Focused Strategy', '{"laboris dolore proident est eius"}', DEFAULT, DEFAULT), ('77b1dab4-a856-5c18-bb24-053f8869bc5b', '1bf9a820-bb8f-59cd-8902-84a62a1aa29f', 34, 'private', 'Rotation Strategy Document', '{"non laborum ea","consectetur exercitation","in exercitation","magna occaecat"}', DEFAULT, DEFAULT), ('08b3c695-d6fb-54e4-9ef2-bf508a57adc1', '405dd580-b1c8-5c0e-9df0-d82b7f57175d', 36, 'public', 'Aggressive Rush Strategy', '{"deserunt cillum excepteur","pariatur voluptate dolore","reprehenderit culpa id","sunt do quis","minim anim culpa irure","incididunt incididunt","sit","est sint","adipisicing do adipisicing","aliquip in mollit"}', DEFAULT, DEFAULT), ('7dc16d02-274a-5e7f-bc31-6af29982313f', '3a804324-748d-571a-afad-6b9c20a35337', 37, 'private', 'Late Game Scaling Strategy', '{"cupidatat Lorem nisi","proident","nostrud nulla"}', DEFAULT, DEFAULT), ('acad405c-f8e9-559b-bd11-e0ffc3bebca6', 'a6ea6199-2a1a-56d4-b12a-1bf7d32d154c', 31, 'unlisted', 'Siege Tactics Handbook', '{"voluptate nisi"}', DEFAULT, DEFAULT), ('16d95573-87cd-5d45-be45-e8a020ba40ac', 'cd80d13e-478f-5058-8dfd-e20a76013cb5', 31, 'private', 'Counter Pick Blueprint', '{"aliquip dolore voluptate minim","in et laborum nostrud","quis elit elit do","magna eu nisi","esse adipisicing","enim deserunt adipisicing"}', DEFAULT, DEFAULT), ('5a993b43-eca0-563f-b6c9-fdd440759e85', '00644310-2ebb-53b6-b6cd-c599924419bd', 35, 'unlisted', 'Team Fight Execution Plan', '{"sit esse","pariatur laboris","enim tempor sint","nisi minim minim","magna Lorem","incididunt voluptate exercitatio","sint","elit tempor sint sunt proident","aliquip quis eiusmod"}', DEFAULT, DEFAULT), ('f7bfc2c8-d52a-5806-97fd-77bd67d93b23', 'dc58dd7b-bb54-5abe-8208-becc5e0561ad', 33, 'unlisted', 'Counter Pick Blueprint', '{"deserunt","sunt dolor","dolor sit culpa occaecat","officia laboris minim","veniam deserunt","laborum amet est nisi","dolore aliqua consectetur","ullamco eiusmod cupidatat"}', DEFAULT, DEFAULT), ('748d5a8c-f2bf-5974-9c72-24f98b85813b', '39da01f0-2195-5fc3-a74a-d12c26c902a3', 32, 'private', 'Defensive Turtle Tactics', '{"consequat duis deserunt mollit","consequat ipsum","ad incididunt pariatur nostrud","officia culpa et","irure qui excepteur","non laboris","excepteur"}', DEFAULT, DEFAULT), ('808d9117-ba04-5cb0-8827-639e2642b0ee', 'ae956930-bebe-5aad-83f8-b8d0cae36371', 38, 'public', 'Team Fight Execution Plan', '{"quis do eu","duis tempor excepteur non","nisi sint","ad consequat","non aute","veniam","consequat enim nostrud non","incididunt duis esse","do nostrud officia tempor","ut aliqua et"}', DEFAULT, DEFAULT), ('e0185351-5b08-58b2-bd3e-c09965750112', '4da5a34b-d621-539d-93ed-4bd842601284', 39, 'public', 'Roaming Support Plan', '{"deserunt commodo","labore tempor","sunt officia nisi","proident in irure","Lorem duis irure quis","laborum aute ex"}', DEFAULT, DEFAULT), ('993f7ab3-9b54-5771-a99e-0c6d75a1f37d', 'fbbb9719-f3d1-5ce2-b584-4b70bf5bb135', 34, 'unlisted', 'Late Game Scaling Strategy', '{"et ullamco duis","commodo cupidatat nulla","eu officia consequat id","sint magna magna cupidatat qui","excepteur quis tempor","laborum officia enim"}', DEFAULT, DEFAULT), ('bdb5114a-76d3-5fe4-944c-043e7ebd99da', '349111f0-5b40-5b21-aeff-8af2b228d28f', 38, 'public', 'Baron Control Strategy', '{"sint","adipisicing dolor officia Lorem","mollit cillum nulla dolore","proident laborum amet","dolore aliquip nostrud","nostrud sunt aliquip fugiat veli","do incididunt","duis do","commodo id eiusmod"}', DEFAULT, DEFAULT), ('aa4964a1-4611-5528-9df9-ef170866214f', '65d8ad86-6271-552b-8704-fabcdcf18cdb', 33, 'unlisted', 'Baron Control Strategy', '{"excepteur voluptate","do ad","cillum sit ad nisi","duis cupidatat aute officia","Lorem adipisicing dolor nulla","eiusmod id duis","qui veniam et ut aute","anim aute quis commodo qui"}', DEFAULT, DEFAULT), ('ec14513a-7d3c-5172-b68b-d531791ec9de', '2764351d-73bf-5124-a613-660cd57f91dd', 37, 'private', 'Aggressive Rush Strategy', '{"amet tempor sunt","enim voluptate","incididunt anim","nostrud amet magna quis","Lorem adipisicing aute fugiat","ex voluptate ea","quis velit aute magna"}', DEFAULT, DEFAULT), ('a0f81f50-aa3d-5780-b485-a54fb7b7833a', 'deab978c-4953-507c-b4fb-f509dd35f454', 40, 'private', 'Team Fight Execution Plan', '{"laborum dolor"}', DEFAULT, DEFAULT), ('aabd5608-e04b-5bd8-8d75-d004a1b17409', 'e4de1a09-bd9a-5e42-b92c-2cb1af28bec6', 40, 'unlisted', 'Objective Focused Strategy', '{"cillum"}', DEFAULT, DEFAULT), ('7bcc2b79-de31-5963-9cfd-559af77da3be', 'd1b8f3f8-af26-5088-8712-273c28ba98f7', 38, 'unlisted', 'Wave Management Plan', '{"occaecat esse amet","consequat commodo ex"}', DEFAULT, DEFAULT), ('b4293a01-a1be-5e58-a088-abc550c9f820', 'f6a7cc82-a609-50ee-a839-9fa8b1a9631d', 34, 'private', 'Early Game Dominance Guide', '{"aute irure id ad","nostrud laborum nisi non","nisi elit enim","exercitation labore tempor ut qu","magna reprehenderit pariatur des","dolore fugiat ipsum do Lorem"}', DEFAULT, DEFAULT), ('a97e2960-b385-5f99-88c2-9e562f32234e', '7bf99080-cdc6-5456-b6d5-417e28b4eba5', 37, 'public', 'Team Fight Execution Plan', '{"dolore esse irure ullamco esse","veniam","tempor sunt","excepteur laboris est","ipsum ut ex","cupidatat ad incididunt eiusmod","reprehenderit","velit culpa commodo"}', DEFAULT, DEFAULT), ('db39a462-f36a-54ba-b38e-2fcf35273cba', '9f26eece-7e59-5b46-a98b-848dc55a0cda', 33, 'private', 'Counter Pick Blueprint', '{"amet id do","ad","proident do ipsum dolore"}', DEFAULT, DEFAULT), ('35dc016a-9edc-565d-923e-9bee9a60bd24', 'f7f33f5b-7e02-5784-9db2-ed2995544a54', 34, 'public', 'Siege Tactics Handbook', '{"reprehenderit duis magna dolor","officia cupidatat ut non","nisi eiusmod","eu commodo ullamco enim nostrud","nostrud exercitation aute","ipsum do excepteur id incididunt"}', DEFAULT, DEFAULT), ('61e4dc6c-b183-5c81-91cb-8dc622fd6913', 'f561c33d-0589-5163-a677-f2a1eb6b3322', 32, 'unlisted', 'Siege Tactics Handbook', '{}', DEFAULT, DEFAULT), ('b5df5eae-45e8-5f54-a8f9-351afabf5f65', 'abf8504a-2cfc-5a9d-a5d2-31dccd8bf00f', 39, 'unlisted', 'Rotation Strategy Document', '{"ullamco dolor","nostrud"}', DEFAULT, DEFAULT), ('18aa22db-700e-5a8a-892c-5bf7b7da1bbf', '2067e70c-565d-520b-b56b-19189e5b77f5', 32, 'public', 'Aggressive Rush Strategy', '{"sit anim","pariatur laboris deserunt amet","reprehenderit","voluptate aliqua","magna sit non","laborum aute","dolor","ea cupidatat"}', DEFAULT, DEFAULT), ('7c9a7a2f-bf97-5fb7-9ff3-bb3e363fce60', '0a9347d2-3396-5e6a-98f1-b406ca195226', 32, 'unlisted', 'Gank Heavy Approach', '{"velit ullamco sunt dolor aute","ea incididunt cupidatat enim","nisi incididunt eiusmod esse"}', DEFAULT, DEFAULT), ('93216013-7bd8-59b1-a3f0-b1087d4d7f00', 'd905224a-1767-5e97-ad1a-f223ab64cd44', 37, 'public', 'Secure Objective Playbook', '{"ullamco mollit veniam ut","ea nisi excepteur","adipisicing irure","consequat labore veniam","pariatur commodo","ullamco reprehenderit magna et","do enim pariatur","commodo velit","et sunt","ut nulla nisi"}', DEFAULT, DEFAULT), ('3e057cf2-df3a-50e5-82fa-e2dcf87ebd5a', '646b32cc-2525-5418-a0f1-5c9ced471b05', 33, 'public', 'Secure Objective Playbook', '{"est ea quis qui","commodo excepteur mollit nulla","in id","magna exercitation cillum duis e","fugiat labore","eiusmod labore magna","do excepteur","exercitation dolore occaecat lab","dolore non do aute pariatur"}', DEFAULT, DEFAULT), ('e3f5f266-44d3-5096-b897-56678a5f974b', '5d378209-1fd5-506f-8b3f-511a16489d69', 40, 'private', 'Vision Denial Blueprint', '{"velit consequat aliqua aute","pariatur ea magna veniam eiusmod","consectetur eu dolor magna eiusm","nostrud sit","velit enim velit","deserunt"}', DEFAULT, DEFAULT), ('ffbcf0c1-44bb-549f-ba50-18e1e874a611', '94170f3d-888c-58bc-bc18-13592bfb52c5', 33, 'private', 'Counter Pick Blueprint', '{"incididunt elit in","nisi duis voluptate"}', DEFAULT, DEFAULT), ('c4f414cf-451e-5497-88db-62020e3a0dc5', 'd6d652bf-48a5-5a85-a95d-16c25edc5397', 32, 'private', 'Baron Control Strategy', '{"aute culpa","magna irure elit incididunt qui","sint commodo","laborum aute aute"}', DEFAULT, DEFAULT), ('a109823a-0d02-5064-b8ef-3186d6d08cb0', 'd1b8f3f8-af26-5088-8712-273c28ba98f7', 31, 'private', 'Aggressive Rush Strategy', '{}', DEFAULT, DEFAULT), ('3e4b1eac-b214-5aaa-a7f0-29af8a5b2ce9', '92ce3cad-bd68-55a2-9017-d27d51e2e007', 31, 'public', 'Rotation Strategy Document', '{"nisi labore","duis mollit nisi","duis culpa nulla labore","ipsum et consequat cillum","irure elit enim","duis consequat","voluptate officia","in consectetur"}', DEFAULT, DEFAULT), ('72819b1c-0a2a-5e86-b5bc-5741c2854f96', 'e4de1a09-bd9a-5e42-b92c-2cb1af28bec6', 32, 'private', 'Split Push Blueprint', '{"ex esse deserunt voluptate"}', DEFAULT, DEFAULT), ('b5d7b26a-56f4-59fc-853e-1a1306ab6e95', 'd9ae7966-26bd-59fb-b0d1-f3ba758ed60a', 33, 'public', 'Objective Focused Strategy', '{"voluptate deserunt id ipsum","et","id","esse nulla labore labore"}', DEFAULT, DEFAULT), ('29365629-31e8-5e53-b1ae-ffdad1c2009e', '09bca3f4-0d37-5f5a-b637-9d7942a17cff', 34, 'unlisted', 'Jungle Control Playbook', '{"aute excepteur"}', DEFAULT, DEFAULT), ('ef9b1028-31e2-59d9-a64e-2a4d1686e96e', '4da5a34b-d621-539d-93ed-4bd842601284', 40, 'unlisted', 'Objective Focused Strategy', '{"ullamco commodo aliqua anim","eu","occaecat mollit quis","laboris dolor","ut in ipsum","incididunt deserunt","tempor eiusmod veniam","cupidatat"}', DEFAULT, DEFAULT), ('51f9c2fa-a6a8-5d1e-9ef8-efb89c34ee1c', '9b1fc781-1e4e-56d2-bd68-0dc257a319c0', 39, 'private', 'Split Push Blueprint', '{"nostrud cillum pariatur","exercitation pariatur sunt duis","velit","elit officia voluptate","qui exercitation excepteur Lorem","ut incididunt","amet consequat laborum dolore","fugiat"}', DEFAULT, DEFAULT), ('930338c0-ea8e-56fc-b2df-a68255a6182c', '5dedc9b9-eec3-5ace-a95b-d7817834d9af', 37, 'private', 'Aggressive Rush Strategy', '{"do Lorem eiusmod"}', DEFAULT, DEFAULT), ('14f0b4c0-9d33-5d68-85ae-cc3d31b6b19e', '5dd9c208-a224-5712-b987-eab6b9a89e23', 36, 'public', 'Jungle Control Playbook', '{"dolore do mollit aliquip irure","sit consectetur","laboris fugiat commodo sit occae"}', DEFAULT, DEFAULT), ('7c51f66f-cf81-571f-a65c-f571f1f39cc9', 'a8766652-5cf4-5e66-ba6d-9eb457dff942', 40, 'private', 'Roaming Support Plan', '{"laborum duis tempor","excepteur cillum esse","ad labore","velit","aute","dolor","ex ex fugiat","sunt do id"}', DEFAULT, DEFAULT), ('764b9b2a-d477-5bff-a789-cba064ac71f8', '061a9df6-5f3b-55cf-9879-eec1a4061457', 34, 'public', 'Vision Control Blueprint', '{"occaecat id velit labore","eiusmod ut eu aliqua","aliquip culpa","tempor pariatur"}', DEFAULT, DEFAULT), ('1125d49b-2ad6-5500-bd14-7e0649f5dd73', '349111f0-5b40-5b21-aeff-8af2b228d28f', 32, 'unlisted', 'Team Fight Execution Plan', '{"deserunt magna dolor eu","deserunt non commodo","ipsum esse","anim labore pariatur elit","id cillum labore","occaecat do","adipisicing ullamco ipsum","elit aute elit","laboris"}', DEFAULT, DEFAULT), ('de1d5557-45c4-5747-8c2d-f8c09704db25', 'cfbfd1d4-e77f-57e5-94da-e9ff2cc7a996', 33, 'private', 'Baron Control Strategy', '{"deserunt","id in cupidatat ullamco ut","aliquip cupidatat minim","consequat excepteur","adipisicing mollit cillum nostru","eiusmod sunt qui","dolor aliquip aute"}', DEFAULT, DEFAULT), ('dc2759a8-51ca-575d-9678-0ac64e900648', 'f46ce5c6-3097-5b5d-8213-37b749a8664f', 40, 'private', 'Late Game Scaling Strategy', '{"nostrud fugiat ipsum eu officia"}', DEFAULT, DEFAULT), ('8c0ef303-3ae4-5fe5-b0be-ef1788ae8707', 'c1b69361-a3c3-5c2a-8a7a-23aa07e97e87', 32, 'public', 'Vision Control Blueprint', '{"nostrud exercitation nostrud con","dolor Lorem","tempor et ipsum","irure et","officia mollit","exercitation non ullamco ea offi","velit ipsum elit"}', DEFAULT, DEFAULT), ('ddd094e1-b8f4-560e-b960-af5227a9b337', 'cfbfd1d4-e77f-57e5-94da-e9ff2cc7a996', 34, 'unlisted', 'Map Control Blueprint', '{"pariatur laborum","fugiat","dolor id est","esse velit","elit culpa","veniam","deserunt elit Lorem","occaecat eiusmod duis","sunt voluptate sunt labore"}', DEFAULT, DEFAULT), ('4bd93d1d-9da0-508d-a30a-5cd1fe2e858d', 'fb634118-b8a6-50b7-9010-0317dd27fba6', 32, 'public', 'Baron Control Strategy', '{}', DEFAULT, DEFAULT), ('2d25022b-866c-584e-895d-11b8a727c08f', '672ad514-6b43-58ed-b7aa-f70ed34485d9', 38, 'public', 'Jungle Control Playbook', '{"ex id officia deserunt cillum","et magna velit"}', DEFAULT, DEFAULT), ('8d4a5d0e-3ef8-5e54-ac1b-6a14acb1ad0e', 'fb634118-b8a6-50b7-9010-0317dd27fba6', 39, 'private', 'Team Fight Execution Plan', '{"officia ullamco et","nostrud ad nulla pariatur occaec","amet laboris pariatur ad id","deserunt","in tempor ad aute quis","sit reprehenderit minim sint"}', DEFAULT, DEFAULT), ('6b889196-1556-5eef-89c0-e7506a0ca45b', 'cd7c291a-6d6e-5632-91e5-b7fd7a634d7d', 31, 'public', 'Baron Control Strategy', '{"sit nulla ipsum nulla","non","sint anim officia commodo","ex exercitation adipisicing null","culpa dolore adipisicing"}', DEFAULT, DEFAULT), ('e6b5025c-d432-567c-bc94-e80f642225ff', '0e342915-b360-541f-8c0a-bdf36b3c0ce2', 37, 'public', 'Aggressive Rush Strategy', '{"est nostrud irure","fugiat ipsum ea ut","qui veniam","adipisicing laborum","cupidatat aliquip","officia elit velit","non qui dolor consequat irure","culpa quis ipsum nostrud","incididunt","magna anim qui"}', DEFAULT, DEFAULT), ('4d0eaa15-67e7-50e5-bd92-8596a8c41516', '405dd580-b1c8-5c0e-9df0-d82b7f57175d', 39, 'public', 'Jungle Control Playbook', '{}', DEFAULT, DEFAULT), ('c2405ac9-0838-5ce8-a85b-e6db0fbe6c10', '5d378209-1fd5-506f-8b3f-511a16489d69', 37, 'unlisted', 'Early Game Dominance Guide', '{"Lorem ea Lorem","id velit","non aliqua ipsum","laboris nulla","duis cillum velit fugiat"}', DEFAULT, DEFAULT), ('c8df1446-9b17-5687-8ff4-001003cfca37', '5034bc4f-306f-5e76-8ef2-99198efc3a69', 40, 'private', 'Jungle Control Playbook', '{"aliquip in ea","elit fugiat non","amet deserunt proident excepteur","reprehenderit enim sint elit ad","ea ad eu","adipisicing laborum","commodo ex","adipisicing aute irure fugiat"}', DEFAULT, DEFAULT), ('f706294d-163e-5aef-a517-eae489067781', 'fbfa0c72-9c6c-54ce-ba23-f1ed2563396e', 32, 'public', 'Counter Pick Blueprint', '{"dolor qui veniam"}', DEFAULT, DEFAULT), ('bee3d023-7908-5b1b-a6e7-320078c804bf', '5531f3c9-2ccc-59e8-86e8-da1800808ec2', 31, 'private', 'Roaming Support Plan', '{"occaecat","voluptate reprehenderit cillum","laboris enim quis","est aliquip excepteur commodo","et id","nulla do veniam aute dolore","dolor ad mollit dolor incididunt","nostrud amet minim","ut id"}', DEFAULT, DEFAULT), ('d607d7db-ee7a-57fa-b0f1-08a24201e561', '3d4df0ce-5a7f-53e4-b486-95faf0a09720', 36, 'unlisted', 'Objective Focused Strategy', '{"dolor sunt magna Lorem sunt","eu esse exercitation","enim dolore officia velit et","aliquip occaecat aliquip","dolore sunt","aute eu","elit proident","irure esse nulla"}', DEFAULT, DEFAULT), ('6db5eb76-a4d8-59b2-8682-ac0a5dca423f', 'ae956930-bebe-5aad-83f8-b8d0cae36371', 35, 'public', 'Objective Focused Strategy', '{"aliqua esse est nisi","duis ex eiusmod proident","dolor cillum voluptate","nisi consequat enim id laborum","duis","sunt occaecat sunt","cupidatat","ex voluptate quis sit adipisicin","dolor laboris"}', DEFAULT, DEFAULT), ('f0859c52-737d-58da-9c95-b804668a9ae6', 'd9ae7966-26bd-59fb-b0d1-f3ba758ed60a', 32, 'public', 'Gank Heavy Approach', '{"aliqua proident","mollit est elit esse","qui non ullamco exercitation","et est","qui exercitation fugiat est"}', DEFAULT, DEFAULT), ('f843e0b1-5e16-5c9e-923e-e155f87b2422', 'dc58dd7b-bb54-5abe-8208-becc5e0561ad', 39, 'unlisted', 'Aggressive Rush Strategy', '{"culpa aute adipisicing consequat","nulla","enim","cupidatat veniam reprehenderit e","dolore ea","sint reprehenderit commodo esse","est amet velit Lorem","ullamco ex aute dolore","do ea id"}', DEFAULT, DEFAULT), ('971d3e7d-1fd1-5fd1-ba3a-0a99dda2cb04', '6451b879-16d7-5644-b6b9-87dd18b3facf', 38, 'public', 'Secure Objective Playbook', '{"ex cillum officia","do Lorem eu irure","culpa exercitation labore deseru","occaecat labore qui consectetur ","eiusmod aute enim","tempor irure","amet proident veniam magna","in","quis commodo ut"}', DEFAULT, DEFAULT), ('51c6dab5-99f7-56c9-a820-7cfc76e25abf', '01807616-77b8-51e2-9a97-d85b00b2c474', 39, 'public', 'Early Game Dominance Guide', '{"quis","fugiat et proident","ea est consequat ullamco","laboris"}', DEFAULT, DEFAULT), ('88430d1c-f998-5183-ac05-d06b362a058a', '2d1d7734-be70-5d07-a538-e76c6cae722e', 35, 'public', 'Map Control Blueprint', '{"officia est duis velit consequat","fugiat id velit aute","ea in adipisicing","consequat do exercitation"}', DEFAULT, DEFAULT), ('fc959555-d183-544e-8cf6-52532b383f25', '86e03e09-1744-508f-b91c-c48f85d8ffcb', 40, 'private', 'Jungle Control Playbook', '{"deserunt dolor nulla in","ex ad","reprehenderit ut excepteur","ex irure id non","veniam duis proident veniam","aliquip ullamco commodo excepteu","incididunt laborum magna aliqua"}', DEFAULT, DEFAULT), ('94935318-fc9b-5864-874e-912b663c75f7', 'ee198d66-a798-52a5-8b79-9931f7b835e3', 40, 'private', 'Defensive Turtle Tactics', '{"nisi occaecat ex","laborum minim","nulla aliquip proident","exercitation laborum"}', DEFAULT, DEFAULT), ('ea529f5a-add2-5f29-a44d-2a799c7ab051', '59fbbc7c-edc9-5d3c-9170-cf6acabbcd28', 37, 'unlisted', 'Early Game Dominance Guide', '{"cupidatat ad","exercitation esse pariatur irure","magna aute ex adipisicing quis","incididunt velit"}', DEFAULT, DEFAULT), ('b2bd3c17-1864-5b1f-8d71-b6fe96b48ba6', '63e38d08-3dd9-5569-ab28-f70e94b3cdb7', 34, 'public', 'Early Game Dominance Guide', '{"culpa","cillum magna ea","ut ipsum Lorem","id exercitation"}', DEFAULT, DEFAULT), ('a46777c9-6f34-5718-a195-68edd93e1d42', 'a9752d0c-ade4-58c6-b746-1b9df56a3d08', 31, 'private', 'Split Push Blueprint', '{}', DEFAULT, DEFAULT), ('0f3df2fb-dd6e-55b9-9f86-0babb8fec748', 'cda3814f-c14d-5dcf-a835-797df84f6d99', 34, 'public', 'Vision Control Blueprint', '{"est nisi","deserunt aute dolor"}', DEFAULT, DEFAULT), ('95bb7f47-209b-5f16-a018-19e8f23e6e16', 'eeba85da-b4f7-5195-887e-28b7dc8a5236', 35, 'public', 'Jungle Control Playbook', '{"aute aliqua incididunt elit","consequat aute nostrud dolore ex","dolor consequat amet Lorem","dolor sit exercitation culpa","aute nostrud est","exercitation aute et et"}', DEFAULT, DEFAULT), ('78959a88-41ee-5d40-85cb-71e22f4c47aa', '2da4149c-bf3e-5f98-b904-591c69530871', 36, 'public', 'Jungle Control Playbook', '{"eu laboris nostrud","sint cupidatat voluptate amet","sint ea cupidatat dolor"}', DEFAULT, DEFAULT), ('a9e614f8-c87a-596e-bdaf-6e577865453e', '3adfc207-aaeb-5fa1-b329-eb7ef2061320', 38, 'public', 'Siege Tactics Handbook', '{"pariatur minim magna","magna irure eu sit","et dolore","Lorem","aute et labore","excepteur quis ut","tempor"}', DEFAULT, DEFAULT), ('f80096a0-59ff-58f8-a58f-cd508cb0f33e', '6fc34c52-742f-56c2-b6c3-89dee63a8839', 37, 'public', 'Defensive Turtle Tactics', '{"qui","incididunt deserunt exercitation","est consequat in ut","adipisicing aute fugiat incididu","ad quis amet","in qui elit veniam"}', DEFAULT, DEFAULT), ('a444e395-f85a-5fcf-904b-e713df3a17f6', 'ad1bbcac-cdbb-551f-b25a-b14b40074515', 38, 'public', 'Siege Tactics Handbook', '{"sunt velit","labore laboris qui non","nisi duis proident","qui proident fugiat voluptate","dolor quis incididunt sit"}', DEFAULT, DEFAULT);
INSERT INTO public.team_member_role (id,name,flags) VALUES (10, 'owner', 255), (11, 'editor', 7), (12, 'viewer', 1);
SELECT setval('"public"."team_member_role_id_seq"'::regclass, (SELECT MAX("id") FROM "public"."team_member_role"));
