INSERT INTO public.game (id,name,alias,icon,hidden,metadata,created_at) VALUES (1, 'Nulla Duis', 'NBA2K', 'https://svgshare.com/i/15iw.svg', 'f', DEFAULT, DEFAULT);
SELECT setval('"public"."game_id_seq"'::regclass, (SELECT MAX("id") FROM "public"."game"));
INSERT INTO public.team (id,name,plan_id,created_at,updated_at) VALUES ('7c2c4732-09c1-5f7b-87ca-c53e7497b4ef', 'Dolor Laboris', NULL, DEFAULT, DEFAULT), ('f50563b6-8532-51ec-b121-d8c6bca3e897', 'Est Anim Cillum Cons', NULL, DEFAULT, DEFAULT), ('f1bf295c-195b-5a42-9c6b-5bfa14b58307', 'Ipsum Occaecat Ea', NULL, DEFAULT, DEFAULT), ('e0eebbc8-63c9-5fee-b088-b3310b672c35', 'Dolor Id Aute', NULL, DEFAULT, DEFAULT), ('1c17c04a-19f5-5c48-8b6b-48fe02257ffb', 'Nulla Esse Nisi Proi', NULL, DEFAULT, DEFAULT), ('a2996c99-b8bb-5bf6-b789-844e821ceb82', 'Occaecat Pariatur Ea', NULL, DEFAULT, DEFAULT), ('5d016028-a6a3-5268-91a3-91021dbfda0a', 'Est Eiusmod Consecte', NULL, DEFAULT, DEFAULT), ('b279891e-05aa-528b-867b-dd6fe5fa77c8', 'Velit Ex', NULL, DEFAULT, DEFAULT), ('ff53868f-9940-575d-8fa8-923808f93a53', 'Occaecat Occaecat Ad', NULL, DEFAULT, DEFAULT), ('8172203a-00e7-5e0e-919b-2970e0d891df', 'Labore Irure Ut', NULL, DEFAULT, DEFAULT), ('7b5ee10b-959f-565b-9dac-a4bab4f6c6bf', 'Proident Amet', NULL, DEFAULT, DEFAULT), ('38400370-0369-5239-8b08-499aef0591ef', 'Amet Adipisicing', NULL, DEFAULT, DEFAULT), ('77394b64-1ec1-5043-8dc3-08f9200521d4', 'Dolore Pariatur Sunt', NULL, DEFAULT, DEFAULT), ('56ea9a57-3786-5a49-9700-501eb57a1328', 'Elit Exercitation Nu', NULL, DEFAULT, DEFAULT), ('731fb763-1773-5758-b8dd-d75381b0e72a', 'Reprehenderit Deseru', NULL, DEFAULT, DEFAULT), ('068fd5c6-1552-54ac-ade0-1a1e4b095f08', 'Voluptate Sunt', NULL, DEFAULT, DEFAULT), ('397d9892-31da-5629-a035-14fcfec8983a', 'Qui Tempor Ex', NULL, DEFAULT, DEFAULT), ('e5e93090-cc79-544a-8b59-2023550c19ad', 'Dolor Qui', NULL, DEFAULT, DEFAULT), ('5e20f9a8-7b26-5a5f-8426-6b12c182d23c', 'Qui Dolore Sint', NULL, DEFAULT, DEFAULT), ('53fe0e9e-3358-5722-b994-4faad8733cd3', 'Reprehenderit Sint', NULL, DEFAULT, DEFAULT), ('e4834379-a7a0-5f41-8193-f598072b1c83', 'Cillum Irure Sint Cu', NULL, DEFAULT, DEFAULT), ('a9f91eda-269f-54d0-83de-05f0c2ecbf08', 'Incididunt Exercitat', NULL, DEFAULT, DEFAULT), ('c0062d28-74ce-56b0-8124-852c5c4cdd1f', 'Nulla Exercitation M', NULL, DEFAULT, DEFAULT), ('a1d779f7-e622-5cd1-b766-eb2b7925b3c0', 'Irure Pariatur Sint', NULL, DEFAULT, DEFAULT), ('bd4e2ea6-e7d4-5655-93cc-d1ed71c3483c', 'Mollit Mollit Aute O', NULL, DEFAULT, DEFAULT), ('fb2f612f-57ab-526e-8b57-f5de07942107', 'Quis Magna Deserunt', NULL, DEFAULT, DEFAULT), ('38cee772-792e-54fe-ae0f-d62f75f71c11', 'Quis Magna Dolor Ame', NULL, DEFAULT, DEFAULT), ('60f279f1-b04c-57b1-b6aa-b71a8811c6ab', 'Ea Nulla Qui', NULL, DEFAULT, DEFAULT), ('b5d35d7e-f19e-568e-9efe-911f779c892f', 'Do Eiusmod', NULL, DEFAULT, DEFAULT), ('3db3509a-5565-5145-aa2d-eb656db639a3', 'Voluptate Velit Exce', NULL, DEFAULT, DEFAULT), ('16b2ddd9-4627-52fa-8115-8453cfa39374', 'Qui Elit Quis', NULL, DEFAULT, DEFAULT), ('235fae27-2669-539e-8784-3dcbaac570cc', 'Id Dolore', NULL, DEFAULT, DEFAULT), ('782f7eda-e535-5ab3-8415-643126d3b0fa', 'Qui Lorem Mollit', NULL, DEFAULT, DEFAULT), ('5daf6f25-3b97-5f49-8f75-4ba5d1d74cd3', 'Sint Incididunt Culp', NULL, DEFAULT, DEFAULT), ('3788fdae-c690-5563-abac-18b51e4d210f', 'Deserunt Enim Aliqui', NULL, DEFAULT, DEFAULT), ('177ae72e-41a6-5325-80d6-452827ea5918', 'Consequat Lorem', NULL, DEFAULT, DEFAULT), ('c0a2f5c4-7781-5310-ad3c-e7b9f41a7ace', 'Nostrud Ullamco Cupi', NULL, DEFAULT, DEFAULT), ('71c019c0-f4c8-51ac-bfff-4141eabf85f3', 'Esse Ipsum', NULL, DEFAULT, DEFAULT), ('ab4eb860-b9b9-58f5-84c6-b76a08d23dfd', 'Amet Duis', NULL, DEFAULT, DEFAULT), ('dd9140ad-b92d-5673-a8c2-8b1c4e3e8697', 'Anim Nostrud Ea', NULL, DEFAULT, DEFAULT), ('78de8c0c-fe2d-50bd-afca-68bed9f87cd0', 'Eiusmod Et Mollit', NULL, DEFAULT, DEFAULT), ('81e51b22-aab8-5050-a735-aa5917f8771b', 'Est Ex Enim', NULL, DEFAULT, DEFAULT), ('f6cb58dd-a0aa-5d2b-8ce5-200e44be4f36', 'Voluptate Deserunt S', NULL, DEFAULT, DEFAULT), ('48ed64cc-01ce-5cc6-8ffd-8d552f857570', 'Cillum Culpa', NULL, DEFAULT, DEFAULT), ('0cb21e27-1e4d-50c9-bd0d-f6696d98b44c', 'Magna Nulla Adipisic', NULL, DEFAULT, DEFAULT), ('29d37d99-954e-5434-8e90-9d564d65e434', 'Officia Cupidatat Ei', NULL, DEFAULT, DEFAULT), ('64957ee8-7d0b-54ac-82da-6c959456806c', 'Eiusmod Magna Ut Lor', NULL, DEFAULT, DEFAULT), ('b96a16b9-db3a-5601-8741-9aae600f278b', 'Nulla Ipsum Excepteu', NULL, DEFAULT, DEFAULT), ('c25b7aec-7cbc-5229-a69a-f81a4d2a8c67', 'Enim Irure Aliquip', NULL, DEFAULT, DEFAULT), ('ac4eab2d-141d-51f8-b7e8-eb7666d753eb', 'Cupidatat Eu Fugiat', NULL, DEFAULT, DEFAULT);
INSERT INTO public.plan (id,name,pricing,pricing_interval,is_default,config,created_at,updated_at) VALUES (1, 'Essential', 0, 'monthly', 't', '{"max_members":6,"max_blueprints":100,"max_books":20}', DEFAULT, DEFAULT), (2, 'Advanced', 15.803108597090716, 'monthly', 'f', '{"max_members":12,"max_blueprints":200,"max_books":40}', DEFAULT, DEFAULT), (3, 'Pro', 12.111348826482082, 'yearly', 'f', '{"max_members":18,"max_blueprints":300,"max_books":60}', DEFAULT, DEFAULT);
INSERT INTO public.book (id,name,team_id,game_id,created_at,updated_at) VALUES ('1e7e0bcb-4fc0-5d72-81a5-d67a74a13595', 'Esse Sint Cillum', '7c2c4732-09c1-5f7b-87ca-c53e7497b4ef', 1, DEFAULT, DEFAULT), ('d297ab9e-40d4-51b5-bb8f-a1df399f1a9a', 'Ex Enim Non', '7c2c4732-09c1-5f7b-87ca-c53e7497b4ef', 1, DEFAULT, DEFAULT), ('d1b8f3f8-af26-5088-8712-273c28ba98f7', 'Nisi Nisi', '7c2c4732-09c1-5f7b-87ca-c53e7497b4ef', 1, DEFAULT, DEFAULT), ('3ff60d7a-a4ad-54c5-a422-53b52cd53093', 'Voluptate Sint', '7c2c4732-09c1-5f7b-87ca-c53e7497b4ef', 1, DEFAULT, DEFAULT), ('98eaafd3-adbf-5a3e-adb9-b3fb6971b6f1', 'Qui Sit', 'f50563b6-8532-51ec-b121-d8c6bca3e897', 1, DEFAULT, DEFAULT), ('2d1d7734-be70-5d07-a538-e76c6cae722e', 'Et Lorem', 'f50563b6-8532-51ec-b121-d8c6bca3e897', 1, DEFAULT, DEFAULT), ('b5605791-3389-56c2-9ec6-17d538b9bb85', 'Reprehenderit Veniam', 'f50563b6-8532-51ec-b121-d8c6bca3e897', 1, DEFAULT, DEFAULT), ('a5831e58-2fc9-5b59-970d-00c344a4eb18', 'Mollit Eiusmod Cupid', 'f50563b6-8532-51ec-b121-d8c6bca3e897', 1, DEFAULT, DEFAULT), ('756cbb59-27d6-58f3-b4b9-8b56121e683f', 'Veniam Lorem', 'f50563b6-8532-51ec-b121-d8c6bca3e897', 1, DEFAULT, DEFAULT), ('b64d0217-6a7b-5682-8927-676434f72be9', 'Ex Nostrud', 'f50563b6-8532-51ec-b121-d8c6bca3e897', 1, DEFAULT, DEFAULT), ('09617df2-6261-5b47-bc30-85d317367d48', 'Mollit Aute', 'f50563b6-8532-51ec-b121-d8c6bca3e897', 1, DEFAULT, DEFAULT), ('98b30307-7ea7-5b6c-b9e4-560fe08299de', 'Enim Ut', 'f50563b6-8532-51ec-b121-d8c6bca3e897', 1, DEFAULT, DEFAULT), ('731b24f8-f083-56fc-9161-1fd32dcd58d0', 'Ullamco Pariatur', 'f50563b6-8532-51ec-b121-d8c6bca3e897', 1, DEFAULT, DEFAULT), ('45c9dcee-318d-52b1-8d88-023aabcb9a51', 'Laborum Do Nulla', 'f50563b6-8532-51ec-b121-d8c6bca3e897', 1, DEFAULT, DEFAULT), ('a8212e1b-5577-5c28-9c38-2d4fbd753550', 'Ipsum Consequat', 'f1bf295c-195b-5a42-9c6b-5bfa14b58307', 1, DEFAULT, DEFAULT), ('59558fa1-9cc0-5e85-a331-879d76e07f05', 'Duis Ut', 'f1bf295c-195b-5a42-9c6b-5bfa14b58307', 1, DEFAULT, DEFAULT), ('8926b9fd-34b2-5421-a25c-9cd89c12cad0', 'Lorem Elit Aliquip', 'f1bf295c-195b-5a42-9c6b-5bfa14b58307', 1, DEFAULT, DEFAULT), ('5d378209-1fd5-506f-8b3f-511a16489d69', 'Occaecat', 'f1bf295c-195b-5a42-9c6b-5bfa14b58307', 1, DEFAULT, DEFAULT), ('305fa448-c3bf-59c7-a989-19ae69ce0725', 'Culpa', 'f1bf295c-195b-5a42-9c6b-5bfa14b58307', 1, DEFAULT, DEFAULT), ('a6ea6199-2a1a-56d4-b12a-1bf7d32d154c', 'Ullamco Non', 'e0eebbc8-63c9-5fee-b088-b3310b672c35', 1, DEFAULT, DEFAULT), ('eb3e804d-5ed0-59a1-900b-3b0f9b2cb577', 'Ad', 'e0eebbc8-63c9-5fee-b088-b3310b672c35', 1, DEFAULT, DEFAULT), ('88501f36-608d-5074-ab3f-752cd478292f', 'Cillum Velit', 'e0eebbc8-63c9-5fee-b088-b3310b672c35', 1, DEFAULT, DEFAULT), ('0e342915-b360-541f-8c0a-bdf36b3c0ce2', 'Sint', 'e0eebbc8-63c9-5fee-b088-b3310b672c35', 1, DEFAULT, DEFAULT), ('8b474939-245b-5ed9-b06a-21432e2b9115', 'Ea In Sint', 'e0eebbc8-63c9-5fee-b088-b3310b672c35', 1, DEFAULT, DEFAULT), ('eb9fdff9-6822-52d9-b12a-a9a69b69cbe5', 'Dolore Amet Incididu', 'e0eebbc8-63c9-5fee-b088-b3310b672c35', 1, DEFAULT, DEFAULT), ('abf8504a-2cfc-5a9d-a5d2-31dccd8bf00f', 'Ut', '1c17c04a-19f5-5c48-8b6b-48fe02257ffb', 1, DEFAULT, DEFAULT), ('262a78c7-eb9d-5e1a-8e58-41ecb0c31fbd', 'Ipsum', '1c17c04a-19f5-5c48-8b6b-48fe02257ffb', 1, DEFAULT, DEFAULT), ('110efd29-2979-5c30-b41f-b3bf832f48cd', 'Do Aliquip Eu', '1c17c04a-19f5-5c48-8b6b-48fe02257ffb', 1, DEFAULT, DEFAULT), ('cf1d2e5e-3a18-5518-8e4c-387978992b8a', 'Elit Minim', '1c17c04a-19f5-5c48-8b6b-48fe02257ffb', 1, DEFAULT, DEFAULT), ('34a6eefa-de0a-5b54-8950-76863d1d5290', 'Ullamco', '1c17c04a-19f5-5c48-8b6b-48fe02257ffb', 1, DEFAULT, DEFAULT), ('338ac238-5209-53e4-836e-9d5dc98ae268', 'Aliqua Nostrud Aute', '1c17c04a-19f5-5c48-8b6b-48fe02257ffb', 1, DEFAULT, DEFAULT), ('5f3671df-cc06-5a3d-87a6-e1e42e095fa3', 'Ullamco Laborum Ad', '1c17c04a-19f5-5c48-8b6b-48fe02257ffb', 1, DEFAULT, DEFAULT), ('beb6961f-fe15-549e-851d-4b848f0c22b3', 'Fugiat', '1c17c04a-19f5-5c48-8b6b-48fe02257ffb', 1, DEFAULT, DEFAULT), ('6be2b5fd-c70d-5fcd-9e56-f561a4756a4c', 'Aliquip Quis Amet', '1c17c04a-19f5-5c48-8b6b-48fe02257ffb', 1, DEFAULT, DEFAULT), ('6f47176d-afa5-5e10-b67a-c597508731b9', 'Labore Eiusmod', '1c17c04a-19f5-5c48-8b6b-48fe02257ffb', 1, DEFAULT, DEFAULT), ('d2268e40-fa6d-5300-9f01-b7cc8f9018e3', 'Culpa Veniam', 'a2996c99-b8bb-5bf6-b789-844e821ceb82', 1, DEFAULT, DEFAULT), ('7a86b477-8922-5c78-85b7-47a44d6877c0', 'Qui', 'a2996c99-b8bb-5bf6-b789-844e821ceb82', 1, DEFAULT, DEFAULT), ('cd1520c4-af17-5e1e-b5b0-a9e95f36a7c4', 'Exercitation', 'a2996c99-b8bb-5bf6-b789-844e821ceb82', 1, DEFAULT, DEFAULT), ('2190cc4c-2cc5-5f9f-983d-55f70f31e468', 'Laborum Voluptate Qu', 'a2996c99-b8bb-5bf6-b789-844e821ceb82', 1, DEFAULT, DEFAULT), ('fbfa0c72-9c6c-54ce-ba23-f1ed2563396e', 'Ut Do', 'a2996c99-b8bb-5bf6-b789-844e821ceb82', 1, DEFAULT, DEFAULT), ('d664e8db-93ef-5294-a361-9e8640907e59', 'Ad Occaecat', 'a2996c99-b8bb-5bf6-b789-844e821ceb82', 1, DEFAULT, DEFAULT), ('df625f4d-0fe2-599a-b1d3-13232701e19f', 'Esse Aute Aute', 'a2996c99-b8bb-5bf6-b789-844e821ceb82', 1, DEFAULT, DEFAULT), ('349111f0-5b40-5b21-aeff-8af2b228d28f', 'Ea Qui Culpa', '5d016028-a6a3-5268-91a3-91021dbfda0a', 1, DEFAULT, DEFAULT), ('e2b744a0-a170-5a87-828d-34cc6f64ca05', 'Voluptate Veniam', '5d016028-a6a3-5268-91a3-91021dbfda0a', 1, DEFAULT, DEFAULT), ('3a804324-748d-571a-afad-6b9c20a35337', 'Proident Do Occaecat', '5d016028-a6a3-5268-91a3-91021dbfda0a', 1, DEFAULT, DEFAULT), ('1bf9a820-bb8f-59cd-8902-84a62a1aa29f', 'Enim', '5d016028-a6a3-5268-91a3-91021dbfda0a', 1, DEFAULT, DEFAULT), ('2067e70c-565d-520b-b56b-19189e5b77f5', 'Enim Aute', '5d016028-a6a3-5268-91a3-91021dbfda0a', 1, DEFAULT, DEFAULT), ('2da447ba-d0f6-5d62-becb-584cd208c558', 'Reprehenderit Ex', '5d016028-a6a3-5268-91a3-91021dbfda0a', 1, DEFAULT, DEFAULT), ('a00f2df0-a74b-51ab-8311-51125014b9ef', 'Duis Lorem', '5d016028-a6a3-5268-91a3-91021dbfda0a', 1, DEFAULT, DEFAULT), ('2c5573d9-9522-50a1-b9d9-3ef48e8629b4', 'Id Ullamco', '5d016028-a6a3-5268-91a3-91021dbfda0a', 1, DEFAULT, DEFAULT), ('09204188-e618-5728-88fc-034120742c41', 'Excepteur Aute', 'b279891e-05aa-528b-867b-dd6fe5fa77c8', 1, DEFAULT, DEFAULT), ('b576de0c-954e-5345-a9e7-0d691c52341a', 'Qui Esse', 'b279891e-05aa-528b-867b-dd6fe5fa77c8', 1, DEFAULT, DEFAULT), ('887dee3f-7921-537c-91f1-8b0d43117b12', 'Officia Ex', 'b279891e-05aa-528b-867b-dd6fe5fa77c8', 1, DEFAULT, DEFAULT), ('6fc34c52-742f-56c2-b6c3-89dee63a8839', 'Ex Reprehenderit Nul', 'b279891e-05aa-528b-867b-dd6fe5fa77c8', 1, DEFAULT, DEFAULT), ('5531f3c9-2ccc-59e8-86e8-da1800808ec2', 'Pariatur Sit', 'b279891e-05aa-528b-867b-dd6fe5fa77c8', 1, DEFAULT, DEFAULT), ('f561c33d-0589-5163-a677-f2a1eb6b3322', 'Magna', 'ff53868f-9940-575d-8fa8-923808f93a53', 1, DEFAULT, DEFAULT), ('02a341a2-35a0-5fbc-a1f4-aa8b42aa4b51', 'Aliquip', 'ff53868f-9940-575d-8fa8-923808f93a53', 1, DEFAULT, DEFAULT), ('ad276812-3b86-5425-b36a-d822f2860912', 'Incididunt Nulla', 'ff53868f-9940-575d-8fa8-923808f93a53', 1, DEFAULT, DEFAULT), ('2764351d-73bf-5124-a613-660cd57f91dd', 'Do', 'ff53868f-9940-575d-8fa8-923808f93a53', 1, DEFAULT, DEFAULT), ('8bf74689-dfcf-5429-b342-2718dce8a8eb', 'Tempor Et', 'ff53868f-9940-575d-8fa8-923808f93a53', 1, DEFAULT, DEFAULT), ('cd80d13e-478f-5058-8dfd-e20a76013cb5', 'Aliqua Officia', '8172203a-00e7-5e0e-919b-2970e0d891df', 1, DEFAULT, DEFAULT), ('db9f2a26-569b-5431-9216-bcd2cf256bbd', 'Laboris Lorem', '8172203a-00e7-5e0e-919b-2970e0d891df', 1, DEFAULT, DEFAULT), ('e4c44768-00c8-52e6-80f9-625972d5d9b9', 'Nulla', '8172203a-00e7-5e0e-919b-2970e0d891df', 1, DEFAULT, DEFAULT), ('eea550bd-8120-5fb2-9339-ad3a549506d4', 'Est Minim', '8172203a-00e7-5e0e-919b-2970e0d891df', 1, DEFAULT, DEFAULT), ('88514f78-7770-5bc2-96a4-f0f4ebcab4a4', 'Voluptate', '8172203a-00e7-5e0e-919b-2970e0d891df', 1, DEFAULT, DEFAULT), ('e9decb87-4a50-5c41-896c-16fe0d21ebca', 'In Commodo', '7b5ee10b-959f-565b-9dac-a4bab4f6c6bf', 1, DEFAULT, DEFAULT), ('274020d9-7513-5cf6-ae0b-e94ef1d1a62f', 'Non', '7b5ee10b-959f-565b-9dac-a4bab4f6c6bf', 1, DEFAULT, DEFAULT), ('644bfc5c-cf27-5d76-8355-4e4c8d73061f', 'Incididunt Id', '7b5ee10b-959f-565b-9dac-a4bab4f6c6bf', 1, DEFAULT, DEFAULT), ('eff6dde6-e4aa-5c61-9818-5d7ae0bf58b7', 'Est Amet', '7b5ee10b-959f-565b-9dac-a4bab4f6c6bf', 1, DEFAULT, DEFAULT), ('31bb49e9-e86d-546a-9e01-6986e5eacf06', 'Ea Non', '7b5ee10b-959f-565b-9dac-a4bab4f6c6bf', 1, DEFAULT, DEFAULT), ('6a3486ce-c3fa-519b-8ad1-f329a5c3ee43', 'Sunt Excepteur', '7b5ee10b-959f-565b-9dac-a4bab4f6c6bf', 1, DEFAULT, DEFAULT), ('d92658af-bb2e-5f93-9170-bc8d85a6ad50', 'Aliqua Anim Enim', '7b5ee10b-959f-565b-9dac-a4bab4f6c6bf', 1, DEFAULT, DEFAULT), ('b134c4e5-3e41-53b3-bf3f-7f4cf023e9d7', 'Sit', '38400370-0369-5239-8b08-499aef0591ef', 1, DEFAULT, DEFAULT), ('763ebb5f-add9-59ff-9a26-6b4030dae259', 'Anim In', '38400370-0369-5239-8b08-499aef0591ef', 1, DEFAULT, DEFAULT), ('9f273059-bf49-55a4-bf95-e6bedcccffe3', 'Et', '38400370-0369-5239-8b08-499aef0591ef', 1, DEFAULT, DEFAULT), ('c7198a1e-f50c-5635-a5bf-2073d4da7bc6', 'Ipsum Lorem', '38400370-0369-5239-8b08-499aef0591ef', 1, DEFAULT, DEFAULT), ('1497705a-df0e-5f8d-988d-61adba7199e0', 'Id Amet', '38400370-0369-5239-8b08-499aef0591ef', 1, DEFAULT, DEFAULT), ('ac772386-a452-5d18-88c7-396c2a71eb0b', 'Laboris', '38400370-0369-5239-8b08-499aef0591ef', 1, DEFAULT, DEFAULT), ('7b09592d-b146-5ee2-9db5-3683955196d6', 'Est Consequat Qui', '38400370-0369-5239-8b08-499aef0591ef', 1, DEFAULT, DEFAULT), ('d3953f9f-e0f9-5aed-9d31-3f026a23da12', 'Fugiat Aliquip', '38400370-0369-5239-8b08-499aef0591ef', 1, DEFAULT, DEFAULT), ('b5f933d0-c28e-517c-9fca-d9e38dc742a2', 'Velit Laborum', '77394b64-1ec1-5043-8dc3-08f9200521d4', 1, DEFAULT, DEFAULT), ('21a7e579-98a3-5757-a0a8-913f2da95aba', 'Non Et', '77394b64-1ec1-5043-8dc3-08f9200521d4', 1, DEFAULT, DEFAULT), ('a4b32498-f3a6-5110-a5b6-de20f0314c35', 'Officia Aliquip Amet', '77394b64-1ec1-5043-8dc3-08f9200521d4', 1, DEFAULT, DEFAULT), ('22052ce5-2628-54da-93cf-dce3c06b547a', 'Dolore Amet', '77394b64-1ec1-5043-8dc3-08f9200521d4', 1, DEFAULT, DEFAULT), ('5b303ef1-7516-512a-ba01-9f0dc05d7d2a', 'Culpa Commodo', '77394b64-1ec1-5043-8dc3-08f9200521d4', 1, DEFAULT, DEFAULT), ('2386fe50-4da3-5ca3-b993-046dc48afb23', 'Nostrud', '77394b64-1ec1-5043-8dc3-08f9200521d4', 1, DEFAULT, DEFAULT), ('31ac52db-fa89-5177-b667-1cf6526a929a', 'Nisi', '56ea9a57-3786-5a49-9700-501eb57a1328', 1, DEFAULT, DEFAULT), ('3c6d504a-3b43-5117-a71b-e844b07b3920', 'Aliquip', '56ea9a57-3786-5a49-9700-501eb57a1328', 1, DEFAULT, DEFAULT), ('70e095a9-713d-5fe2-a06a-8145febdb917', 'Deserunt Velit', '56ea9a57-3786-5a49-9700-501eb57a1328', 1, DEFAULT, DEFAULT), ('d0fa96c4-2bfe-5959-9fd4-b17ec4964e6d', 'Nulla', '56ea9a57-3786-5a49-9700-501eb57a1328', 1, DEFAULT, DEFAULT), ('cb82a658-7a6b-5f53-8103-de934a9d041a', 'Est Irure', '56ea9a57-3786-5a49-9700-501eb57a1328', 1, DEFAULT, DEFAULT), ('404e076e-a943-52e4-a2ce-10591a9caa1f', 'Consectetur Veniam', '56ea9a57-3786-5a49-9700-501eb57a1328', 1, DEFAULT, DEFAULT), ('af5fa9a8-f7df-5a87-830c-3e8d39f06eae', 'Fugiat Nisi', '731fb763-1773-5758-b8dd-d75381b0e72a', 1, DEFAULT, DEFAULT), ('fa904169-96b2-5473-b48d-c7f225d6dfb3', 'Qui Ea', '731fb763-1773-5758-b8dd-d75381b0e72a', 1, DEFAULT, DEFAULT), ('76980724-1543-5820-bc77-ff5f445e7244', 'Mollit', '731fb763-1773-5758-b8dd-d75381b0e72a', 1, DEFAULT, DEFAULT), ('c9f9ed6b-3ed1-5d46-9201-51000bdf47fa', 'Esse', '731fb763-1773-5758-b8dd-d75381b0e72a', 1, DEFAULT, DEFAULT), ('54473828-0225-5307-b53c-7a0fc46ac63c', 'Cupidatat In Officia', '731fb763-1773-5758-b8dd-d75381b0e72a', 1, DEFAULT, DEFAULT), ('f057746f-990e-5e0f-ba59-b833ef7e39fc', 'Ea Sit', '731fb763-1773-5758-b8dd-d75381b0e72a', 1, DEFAULT, DEFAULT), ('6f98547a-4734-5cb4-82a1-cf5fc4e37c8d', 'Reprehenderit Culpa', '731fb763-1773-5758-b8dd-d75381b0e72a', 1, DEFAULT, DEFAULT), ('e7220451-be7e-505e-a9bf-ee44e4532e06', 'Eiusmod Consequat Ir', '731fb763-1773-5758-b8dd-d75381b0e72a', 1, DEFAULT, DEFAULT), ('9848be59-9489-5a98-891a-f6bd795125f7', 'Eiusmod Officia Sit', '731fb763-1773-5758-b8dd-d75381b0e72a', 1, DEFAULT, DEFAULT), ('c67d2d09-4f9c-55d4-8995-a05fcda1aef5', 'Do Ex', '068fd5c6-1552-54ac-ade0-1a1e4b095f08', 1, DEFAULT, DEFAULT), ('6fb8bc22-57b5-5453-b6ee-d5dfa591c360', 'Quis Mollit', '068fd5c6-1552-54ac-ade0-1a1e4b095f08', 1, DEFAULT, DEFAULT), ('3d58489a-e732-5fe3-9fa1-7d8615a17b59', 'Cillum', '068fd5c6-1552-54ac-ade0-1a1e4b095f08', 1, DEFAULT, DEFAULT), ('f8caf156-ccf0-5aea-a4e4-6c70f58a603e', 'Duis Excepteur', '068fd5c6-1552-54ac-ade0-1a1e4b095f08', 1, DEFAULT, DEFAULT), ('cca70ca2-d109-5c60-965d-ab86b151a58f', 'Proident Sint', '068fd5c6-1552-54ac-ade0-1a1e4b095f08', 1, DEFAULT, DEFAULT), ('6c1a8703-574c-5f71-a1b1-63956f35fc49', 'Sint Nostrud Fugiat', '068fd5c6-1552-54ac-ade0-1a1e4b095f08', 1, DEFAULT, DEFAULT), ('8bad4601-c5dc-5d96-9ece-4ebbe2a83dfa', 'Nulla Enim Incididun', '397d9892-31da-5629-a035-14fcfec8983a', 1, DEFAULT, DEFAULT), ('d36b7a55-d6b7-5955-bd46-7839332db245', 'Pariatur Et In', '397d9892-31da-5629-a035-14fcfec8983a', 1, DEFAULT, DEFAULT), ('f8151e07-b0ba-57cb-b13b-f8463f48e7fa', 'Lorem Sit', '397d9892-31da-5629-a035-14fcfec8983a', 1, DEFAULT, DEFAULT), ('386af548-38a2-54d8-bcb7-4bb0b3a08bf8', 'Commodo Excepteur De', '397d9892-31da-5629-a035-14fcfec8983a', 1, DEFAULT, DEFAULT), ('e582fc03-396b-5bd3-a7d1-a1f8176c5a84', 'Laboris Dolore', '397d9892-31da-5629-a035-14fcfec8983a', 1, DEFAULT, DEFAULT), ('d8d62e21-c0a5-5c19-90d6-7c8e7e16f162', 'Ullamco Laborum', '397d9892-31da-5629-a035-14fcfec8983a', 1, DEFAULT, DEFAULT), ('95f37531-686f-5941-8350-d0fbe8759458', 'Aliquip Aute Commodo', '397d9892-31da-5629-a035-14fcfec8983a', 1, DEFAULT, DEFAULT), ('0123a76f-7238-52f2-a9a2-6f5cb15646a3', 'Dolor', 'e5e93090-cc79-544a-8b59-2023550c19ad', 1, DEFAULT, DEFAULT), ('5038fc48-7e9b-5e62-9425-f7dc4a9743fc', 'Non', 'e5e93090-cc79-544a-8b59-2023550c19ad', 1, DEFAULT, DEFAULT), ('86df0f11-95ba-5c29-a98d-d8c806615d35', 'Sit Aliquip', 'e5e93090-cc79-544a-8b59-2023550c19ad', 1, DEFAULT, DEFAULT), ('7982e717-2466-57d1-8e77-2f2f17be0182', 'Ut Sint', 'e5e93090-cc79-544a-8b59-2023550c19ad', 1, DEFAULT, DEFAULT), ('e65e3ae4-b6c1-5ea9-8919-68994c5760a0', 'Veniam', 'e5e93090-cc79-544a-8b59-2023550c19ad', 1, DEFAULT, DEFAULT), ('d83dc18f-802e-557e-bc41-666a57c09bee', 'Mollit', 'e5e93090-cc79-544a-8b59-2023550c19ad', 1, DEFAULT, DEFAULT), ('d19db439-c7e7-53a7-aa19-0db346180dc1', 'Ex', '5e20f9a8-7b26-5a5f-8426-6b12c182d23c', 1, DEFAULT, DEFAULT), ('91434b27-2651-5429-8f42-45c3f8e334a0', 'Ad Est', '5e20f9a8-7b26-5a5f-8426-6b12c182d23c', 1, DEFAULT, DEFAULT), ('549980e7-3e77-5d76-b263-84664d04b209', 'Ea Enim', '5e20f9a8-7b26-5a5f-8426-6b12c182d23c', 1, DEFAULT, DEFAULT), ('b32027db-33da-5dc2-b906-e0c2a06ac683', 'Id Velit Voluptate', '53fe0e9e-3358-5722-b994-4faad8733cd3', 1, DEFAULT, DEFAULT), ('b7a89d05-549f-565f-b631-b59097e91d1a', 'Aliqua', '53fe0e9e-3358-5722-b994-4faad8733cd3', 1, DEFAULT, DEFAULT), ('ac9f0e3e-b030-584f-a8dd-87355fe22537', 'Nulla Ex Deserunt', '53fe0e9e-3358-5722-b994-4faad8733cd3', 1, DEFAULT, DEFAULT), ('438bff0e-fd50-5c86-89ee-d397a0c0e548', 'Et Sint', '53fe0e9e-3358-5722-b994-4faad8733cd3', 1, DEFAULT, DEFAULT), ('9bf2ad50-cccb-50eb-8269-3a7e78bd21f5', 'Tempor Sint Veniam', '53fe0e9e-3358-5722-b994-4faad8733cd3', 1, DEFAULT, DEFAULT), ('26f7bb6a-3c9c-5b30-b11b-be5ebfb91948', 'Consectetur Adipisic', 'e4834379-a7a0-5f41-8193-f598072b1c83', 1, DEFAULT, DEFAULT), ('e5b4727f-be5e-52c0-83cb-cb7ba230945f', 'Esse Ullamco', 'e4834379-a7a0-5f41-8193-f598072b1c83', 1, DEFAULT, DEFAULT), ('290e51c6-7ff6-5db4-8f40-69dda051b66c', 'Sit', 'e4834379-a7a0-5f41-8193-f598072b1c83', 1, DEFAULT, DEFAULT), ('6c3f6730-2b1a-5e27-97de-caacad0bb1a5', 'Voluptate Eu', 'e4834379-a7a0-5f41-8193-f598072b1c83', 1, DEFAULT, DEFAULT), ('a8766652-5cf4-5e66-ba6d-9eb457dff942', 'Cillum', 'a9f91eda-269f-54d0-83de-05f0c2ecbf08', 1, DEFAULT, DEFAULT), ('43bcab14-4a69-5e60-a07f-cda2fe595a2a', 'Amet', 'a9f91eda-269f-54d0-83de-05f0c2ecbf08', 1, DEFAULT, DEFAULT), ('203ac13e-e5b1-548e-a7da-5d8cff932053', 'Culpa Fugiat', 'a9f91eda-269f-54d0-83de-05f0c2ecbf08', 1, DEFAULT, DEFAULT), ('1332e392-1ac8-57d9-8262-948f66c89fe9', 'Exercitation Incidid', 'a9f91eda-269f-54d0-83de-05f0c2ecbf08', 1, DEFAULT, DEFAULT), ('b88b1af1-79fe-5af5-9c91-0c77ed20973b', 'Dolore Laborum', 'a9f91eda-269f-54d0-83de-05f0c2ecbf08', 1, DEFAULT, DEFAULT), ('d073b0b8-955f-5aab-9c76-3aebe9fa08b6', 'Velit', 'a9f91eda-269f-54d0-83de-05f0c2ecbf08', 1, DEFAULT, DEFAULT), ('495c6cc5-490c-50dd-b1c5-aaf0110ec764', 'Pariatur Nulla', 'a9f91eda-269f-54d0-83de-05f0c2ecbf08', 1, DEFAULT, DEFAULT), ('c9fc147f-dadb-5b75-8ed7-efb86a7392ce', 'Et Consequat Enim', 'a9f91eda-269f-54d0-83de-05f0c2ecbf08', 1, DEFAULT, DEFAULT), ('02489279-3f4c-5f0f-845f-6f8bb51bae87', 'Ea Officia', 'a9f91eda-269f-54d0-83de-05f0c2ecbf08', 1, DEFAULT, DEFAULT), ('fc14352d-4abe-5826-a292-f6661223ae86', 'Qui Ipsum', 'a9f91eda-269f-54d0-83de-05f0c2ecbf08', 1, DEFAULT, DEFAULT), ('5783cab4-e010-523b-b893-81b388f43d06', 'Ipsum Ullamco Minim', 'c0062d28-74ce-56b0-8124-852c5c4cdd1f', 1, DEFAULT, DEFAULT), ('01bb02e3-6d00-5b11-ba00-2f6b060dfb2e', 'Ut Incididunt', 'c0062d28-74ce-56b0-8124-852c5c4cdd1f', 1, DEFAULT, DEFAULT), ('a9752d0c-ade4-58c6-b746-1b9df56a3d08', 'Nulla', 'c0062d28-74ce-56b0-8124-852c5c4cdd1f', 1, DEFAULT, DEFAULT), ('5cdb9712-16b6-532e-9cc7-8cf7dfbe9b6b', 'Commodo Qui Culpa', 'c0062d28-74ce-56b0-8124-852c5c4cdd1f', 1, DEFAULT, DEFAULT), ('47c1a5aa-1c4a-5781-9c8f-968a639137d7', 'Duis', 'c0062d28-74ce-56b0-8124-852c5c4cdd1f', 1, DEFAULT, DEFAULT), ('3c19e2d6-1e17-5580-adbc-319ee6c74e3c', 'Est', 'c0062d28-74ce-56b0-8124-852c5c4cdd1f', 1, DEFAULT, DEFAULT), ('ddb44318-7e83-5b4d-8ba4-3bbd19edd327', 'Deserunt Et', 'c0062d28-74ce-56b0-8124-852c5c4cdd1f', 1, DEFAULT, DEFAULT), ('3adfc207-aaeb-5fa1-b329-eb7ef2061320', 'Labore Tempor Ut', 'a1d779f7-e622-5cd1-b766-eb2b7925b3c0', 1, DEFAULT, DEFAULT), ('096adf71-c74e-5b77-822b-46a8768797c5', 'In Voluptate Dolore', 'a1d779f7-e622-5cd1-b766-eb2b7925b3c0', 1, DEFAULT, DEFAULT), ('65d8ad86-6271-552b-8704-fabcdcf18cdb', 'Sint Voluptate Culpa', 'a1d779f7-e622-5cd1-b766-eb2b7925b3c0', 1, DEFAULT, DEFAULT), ('9a52e2af-cb63-5ab2-95a7-ae32f01d6a1c', 'Lorem Magna', 'a1d779f7-e622-5cd1-b766-eb2b7925b3c0', 1, DEFAULT, DEFAULT), ('f7f33f5b-7e02-5784-9db2-ed2995544a54', 'Commodo Et', 'a1d779f7-e622-5cd1-b766-eb2b7925b3c0', 1, DEFAULT, DEFAULT), ('ba4d6fef-111f-5ce5-883e-2b3880f373bf', 'Officia Commodo Ulla', 'a1d779f7-e622-5cd1-b766-eb2b7925b3c0', 1, DEFAULT, DEFAULT), ('39da01f0-2195-5fc3-a74a-d12c26c902a3', 'Et Irure', 'bd4e2ea6-e7d4-5655-93cc-d1ed71c3483c', 1, DEFAULT, DEFAULT), ('fbbb9719-f3d1-5ce2-b584-4b70bf5bb135', 'Sint Aliqua Ipsum', 'bd4e2ea6-e7d4-5655-93cc-d1ed71c3483c', 1, DEFAULT, DEFAULT), ('5f651c76-ceba-56db-bd60-512d4079ec53', 'Id Ullamco', 'bd4e2ea6-e7d4-5655-93cc-d1ed71c3483c', 1, DEFAULT, DEFAULT), ('9af6e0ef-7015-5390-856a-705032c2e40e', 'Lorem Mollit', 'bd4e2ea6-e7d4-5655-93cc-d1ed71c3483c', 1, DEFAULT, DEFAULT), ('5034bc4f-306f-5e76-8ef2-99198efc3a69', 'Lorem Esse', 'bd4e2ea6-e7d4-5655-93cc-d1ed71c3483c', 1, DEFAULT, DEFAULT), ('bbecd693-8054-5eee-8ada-8e2d5a3c5090', 'Cillum', 'bd4e2ea6-e7d4-5655-93cc-d1ed71c3483c', 1, DEFAULT, DEFAULT), ('f5d8c620-973f-509a-b5b1-dc1e889a22a1', 'Nulla Veniam', 'bd4e2ea6-e7d4-5655-93cc-d1ed71c3483c', 1, DEFAULT, DEFAULT), ('76a5e2d5-9a63-55f6-9eb8-8f0daf48e856', 'Ex Veniam Deserunt', 'bd4e2ea6-e7d4-5655-93cc-d1ed71c3483c', 1, DEFAULT, DEFAULT), ('e7ba2b18-a57c-5b02-9714-d376d9ea922f', 'Sit', 'fb2f612f-57ab-526e-8b57-f5de07942107', 1, DEFAULT, DEFAULT), ('ccd28d41-9086-5b64-b351-585431787bb7', 'Duis Et Id', 'fb2f612f-57ab-526e-8b57-f5de07942107', 1, DEFAULT, DEFAULT), ('6a248992-e0a8-5c27-8d71-fd2cfd3a1fd6', 'Culpa Sint', 'fb2f612f-57ab-526e-8b57-f5de07942107', 1, DEFAULT, DEFAULT), ('72d447b0-a4fa-5de7-bb4c-9ff5f169dfea', 'Elit Ipsum', 'fb2f612f-57ab-526e-8b57-f5de07942107', 1, DEFAULT, DEFAULT), ('f457d7a7-01f9-5225-b07a-0e782525bbc7', 'Adipisicing Voluptat', '38cee772-792e-54fe-ae0f-d62f75f71c11', 1, DEFAULT, DEFAULT), ('0fa12fcf-97e2-5065-a698-e366ca117702', 'Est Nisi Aliqua', '38cee772-792e-54fe-ae0f-d62f75f71c11', 1, DEFAULT, DEFAULT), ('b4725825-2a5a-5e18-a190-e59f4cb9f1b5', 'Cillum Est', '38cee772-792e-54fe-ae0f-d62f75f71c11', 1, DEFAULT, DEFAULT), ('d1dc8a74-c651-5dbd-b484-1cd2c51db9b9', 'Voluptate Commodo', '38cee772-792e-54fe-ae0f-d62f75f71c11', 1, DEFAULT, DEFAULT), ('40747f76-ad34-5508-ba43-ef538c943cc0', 'Non Duis Voluptate', '38cee772-792e-54fe-ae0f-d62f75f71c11', 1, DEFAULT, DEFAULT), ('94a106f5-e21c-5e45-83f2-58d10f738b53', 'Esse Consequat', '38cee772-792e-54fe-ae0f-d62f75f71c11', 1, DEFAULT, DEFAULT), ('5da40fc6-2f9c-5273-8dcd-1032d525128a', 'Veniam', '38cee772-792e-54fe-ae0f-d62f75f71c11', 1, DEFAULT, DEFAULT), ('cbe3cf1c-d730-5d2f-b890-2de0f1a164e6', 'Excepteur Incididunt', '38cee772-792e-54fe-ae0f-d62f75f71c11', 1, DEFAULT, DEFAULT), ('45173bfe-a11f-574a-ac25-21cda1308ec9', 'Excepteur Veniam', '60f279f1-b04c-57b1-b6aa-b71a8811c6ab', 1, DEFAULT, DEFAULT), ('28e4b717-ba20-5ce6-96db-f08421aa2fc7', 'Ea', '60f279f1-b04c-57b1-b6aa-b71a8811c6ab', 1, DEFAULT, DEFAULT), ('d35ecca3-ac35-5e28-8e7e-6a25de908d18', 'Eiusmod Irure', '60f279f1-b04c-57b1-b6aa-b71a8811c6ab', 1, DEFAULT, DEFAULT), ('e334db45-3389-5a47-b7c9-4ff8121637b5', 'Dolor Pariatur Ullam', '60f279f1-b04c-57b1-b6aa-b71a8811c6ab', 1, DEFAULT, DEFAULT), ('0a9347d2-3396-5e6a-98f1-b406ca195226', 'Consequat Cillum', '60f279f1-b04c-57b1-b6aa-b71a8811c6ab', 1, DEFAULT, DEFAULT), ('71edf17f-e471-58c3-bbf8-8111bd6c7c8e', 'Aute Excepteur', '60f279f1-b04c-57b1-b6aa-b71a8811c6ab', 1, DEFAULT, DEFAULT), ('fc6d457c-9711-5cde-813c-d584f858faae', 'Duis', '60f279f1-b04c-57b1-b6aa-b71a8811c6ab', 1, DEFAULT, DEFAULT), ('b737f334-53a3-585e-98d7-69fce744e35e', 'Id Veniam', 'b5d35d7e-f19e-568e-9efe-911f779c892f', 1, DEFAULT, DEFAULT), ('8babc841-00b0-585f-9ca3-85ef68fec1f7', 'Id In', 'b5d35d7e-f19e-568e-9efe-911f779c892f', 1, DEFAULT, DEFAULT), ('79efb743-bb54-546e-8bdf-089509399715', 'Qui Sit', 'b5d35d7e-f19e-568e-9efe-911f779c892f', 1, DEFAULT, DEFAULT), ('86e03e09-1744-508f-b91c-c48f85d8ffcb', 'Consequat Ipsum Ipsu', 'b5d35d7e-f19e-568e-9efe-911f779c892f', 1, DEFAULT, DEFAULT), ('6451b879-16d7-5644-b6b9-87dd18b3facf', 'Ipsum', 'b5d35d7e-f19e-568e-9efe-911f779c892f', 1, DEFAULT, DEFAULT), ('47e5d6a1-6a7c-5068-97e6-b73d6f3b47c1', 'Reprehenderit Dolore', 'b5d35d7e-f19e-568e-9efe-911f779c892f', 1, DEFAULT, DEFAULT), ('ea56a5ec-2249-5fba-8891-278bcdbbb33d', 'Voluptate Reprehende', 'b5d35d7e-f19e-568e-9efe-911f779c892f', 1, DEFAULT, DEFAULT), ('c72c7230-479d-51cc-940d-5fec1bea4502', 'Elit Exercitation', 'b5d35d7e-f19e-568e-9efe-911f779c892f', 1, DEFAULT, DEFAULT), ('844afdcc-93cf-55c8-b0f1-1cc22329a30b', 'Magna', '3db3509a-5565-5145-aa2d-eb656db639a3', 1, DEFAULT, DEFAULT), ('290bcd64-8663-5670-8efa-64e864979bbb', 'Sunt Magna Cupidatat', '3db3509a-5565-5145-aa2d-eb656db639a3', 1, DEFAULT, DEFAULT), ('897e7fb9-bd9c-59e3-afc7-d1c31ec7ef34', 'Eiusmod', '3db3509a-5565-5145-aa2d-eb656db639a3', 1, DEFAULT, DEFAULT), ('f3376d8d-17f3-5259-a5b0-af6d5e21e7e2', 'Ut Sit', '3db3509a-5565-5145-aa2d-eb656db639a3', 1, DEFAULT, DEFAULT), ('5ce056de-a21e-5eba-9d47-e09232047aae', 'Deserunt Est', '3db3509a-5565-5145-aa2d-eb656db639a3', 1, DEFAULT, DEFAULT), ('fd8e258e-4711-5b22-b0f3-1f5725eb642f', 'Do Aute', '3db3509a-5565-5145-aa2d-eb656db639a3', 1, DEFAULT, DEFAULT), ('e5d977c2-2a0e-5703-8ee9-4796e3967ae0', 'Culpa Qui', '3db3509a-5565-5145-aa2d-eb656db639a3', 1, DEFAULT, DEFAULT), ('583774ae-7432-5503-850f-867e82c0838b', 'Veniam Nisi Irure', '16b2ddd9-4627-52fa-8115-8453cfa39374', 1, DEFAULT, DEFAULT), ('225b2186-bb16-5b0a-b7be-47fd3c5a5cf9', 'Ea Amet', '16b2ddd9-4627-52fa-8115-8453cfa39374', 1, DEFAULT, DEFAULT), ('fc295a44-56fb-5a65-beee-66fd6554ae26', 'Minim Velit', '16b2ddd9-4627-52fa-8115-8453cfa39374', 1, DEFAULT, DEFAULT), ('88133dcb-8b00-5c2c-aee5-9f0743f5239d', 'Eiusmod Exercitation', '16b2ddd9-4627-52fa-8115-8453cfa39374', 1, DEFAULT, DEFAULT), ('9bcb6997-9423-57c0-978a-09ad67de00e3', 'Nisi Cupidatat', '16b2ddd9-4627-52fa-8115-8453cfa39374', 1, DEFAULT, DEFAULT), ('7c1b7c00-d84e-5216-9c13-9544eccd96d4', 'Eu Esse', '16b2ddd9-4627-52fa-8115-8453cfa39374', 1, DEFAULT, DEFAULT), ('586daead-6daa-5df4-83cb-81b2e815d326', 'Et', '16b2ddd9-4627-52fa-8115-8453cfa39374', 1, DEFAULT, DEFAULT), ('1c40127d-ff75-5e7b-a8cb-0c9592423db2', 'Laboris Pariatur Mag', '16b2ddd9-4627-52fa-8115-8453cfa39374', 1, DEFAULT, DEFAULT), ('07d1c973-053f-5f79-8627-e7767272680a', 'Velit Aute', '16b2ddd9-4627-52fa-8115-8453cfa39374', 1, DEFAULT, DEFAULT), ('f0a85f4d-7257-5b6a-888d-8ed616480c13', 'Adipisicing', '16b2ddd9-4627-52fa-8115-8453cfa39374', 1, DEFAULT, DEFAULT), ('34e08312-6163-54ad-8f00-271b535d720e', 'Dolore Velit', '235fae27-2669-539e-8784-3dcbaac570cc', 1, DEFAULT, DEFAULT), ('b21c180f-341f-510e-96d3-d4e40909d89e', 'Est', '235fae27-2669-539e-8784-3dcbaac570cc', 1, DEFAULT, DEFAULT), ('e09a1a6c-2073-587c-bb13-604903ae6e80', 'Et Sit', '235fae27-2669-539e-8784-3dcbaac570cc', 1, DEFAULT, DEFAULT), ('a3141029-aec2-543b-b18a-49fe947e3304', 'Sit Duis Non', '782f7eda-e535-5ab3-8415-643126d3b0fa', 1, DEFAULT, DEFAULT), ('6c52c1d9-13a4-51ef-ae51-1dacc4c14be9', 'Pariatur Adipisicing', '782f7eda-e535-5ab3-8415-643126d3b0fa', 1, DEFAULT, DEFAULT), ('2589cf16-4103-5a4f-b544-b30078083eaa', 'Ad In', '782f7eda-e535-5ab3-8415-643126d3b0fa', 1, DEFAULT, DEFAULT), ('a88bc9b9-135e-55c7-8c4c-5a072a3c8573', 'Occaecat Ullamco Aut', '782f7eda-e535-5ab3-8415-643126d3b0fa', 1, DEFAULT, DEFAULT), ('8b7e423b-b9b9-5b3c-bf3d-1aa45d16235c', 'Veniam', '782f7eda-e535-5ab3-8415-643126d3b0fa', 1, DEFAULT, DEFAULT), ('882c7ae5-914f-539d-8207-691de536097f', 'Ad', '782f7eda-e535-5ab3-8415-643126d3b0fa', 1, DEFAULT, DEFAULT), ('811570ef-0b81-508d-ba05-2f5e812d4131', 'Anim Nisi', '782f7eda-e535-5ab3-8415-643126d3b0fa', 1, DEFAULT, DEFAULT), ('9b1fc781-1e4e-56d2-bd68-0dc257a319c0', 'Exercitation Non', '5daf6f25-3b97-5f49-8f75-4ba5d1d74cd3', 1, DEFAULT, DEFAULT), ('8a0a556f-d942-55f0-8ba8-1ffbfaf3c6d9', 'In Non', '5daf6f25-3b97-5f49-8f75-4ba5d1d74cd3', 1, DEFAULT, DEFAULT), ('91fa3874-9437-5dfa-a49a-f19fb38d9e92', 'Aliqua Eu Proident', '5daf6f25-3b97-5f49-8f75-4ba5d1d74cd3', 1, DEFAULT, DEFAULT), ('eda91f04-12ef-5904-88aa-e6ed9a692e03', 'Non Voluptate', '5daf6f25-3b97-5f49-8f75-4ba5d1d74cd3', 1, DEFAULT, DEFAULT), ('1d3f740a-8c60-5c1d-aa9e-3854a33c8e1d', 'Adipisicing Occaecat', '5daf6f25-3b97-5f49-8f75-4ba5d1d74cd3', 1, DEFAULT, DEFAULT), ('d9bba68a-079c-5141-bd43-756b87167584', 'Magna Cupidatat', '5daf6f25-3b97-5f49-8f75-4ba5d1d74cd3', 1, DEFAULT, DEFAULT), ('ca65e33b-de71-5d46-933a-849036127987', 'Velit Id', '5daf6f25-3b97-5f49-8f75-4ba5d1d74cd3', 1, DEFAULT, DEFAULT), ('f52ce409-f800-5a86-b4ed-ce1a99a8a6ae', 'Lorem Magna', '5daf6f25-3b97-5f49-8f75-4ba5d1d74cd3', 1, DEFAULT, DEFAULT), ('3204ce32-7c5b-5953-969e-fe1d17de6e76', 'Sint Irure', '3788fdae-c690-5563-abac-18b51e4d210f', 1, DEFAULT, DEFAULT), ('eecf8a7e-af2f-524d-a645-c5fba3ebda06', 'Culpa Lorem', '3788fdae-c690-5563-abac-18b51e4d210f', 1, DEFAULT, DEFAULT), ('8d3f145b-67b0-504d-b49a-d59ecea5d2d8', 'Quis Lorem Ipsum', '3788fdae-c690-5563-abac-18b51e4d210f', 1, DEFAULT, DEFAULT), ('d00c085d-72d6-5114-a5fd-ba818539c2f7', 'Pariatur', '3788fdae-c690-5563-abac-18b51e4d210f', 1, DEFAULT, DEFAULT), ('de459427-bb2c-5381-bdbf-7126efbb65c9', 'Nostrud Cupidatat', '3788fdae-c690-5563-abac-18b51e4d210f', 1, DEFAULT, DEFAULT), ('fd2a8113-662a-5782-9e12-f7b49eee56e0', 'Anim Qui Anim', '3788fdae-c690-5563-abac-18b51e4d210f', 1, DEFAULT, DEFAULT), ('d6d652bf-48a5-5a85-a95d-16c25edc5397', 'Sunt', '177ae72e-41a6-5325-80d6-452827ea5918', 1, DEFAULT, DEFAULT), ('94170f3d-888c-58bc-bc18-13592bfb52c5', 'Minim', '177ae72e-41a6-5325-80d6-452827ea5918', 1, DEFAULT, DEFAULT), ('1e0af0c0-30ba-5a06-9647-a83cef3d815d', 'Esse', '177ae72e-41a6-5325-80d6-452827ea5918', 1, DEFAULT, DEFAULT), ('097c4d8e-94d3-5fd3-94ca-7bbb66cf6929', 'Dolor', '177ae72e-41a6-5325-80d6-452827ea5918', 1, DEFAULT, DEFAULT), ('2daf5548-f681-577a-9912-670e1304b2ad', 'Sint Reprehenderit', '177ae72e-41a6-5325-80d6-452827ea5918', 1, DEFAULT, DEFAULT), ('70b4d1da-5ee3-5bd6-aecb-9af8ab670b84', 'Excepteur Magna', 'c0a2f5c4-7781-5310-ad3c-e7b9f41a7ace', 1, DEFAULT, DEFAULT), ('2da4149c-bf3e-5f98-b904-591c69530871', 'Et', 'c0a2f5c4-7781-5310-ad3c-e7b9f41a7ace', 1, DEFAULT, DEFAULT), ('a69d43fa-2222-5203-b590-140e62599451', 'Veniam Deserunt', 'c0a2f5c4-7781-5310-ad3c-e7b9f41a7ace', 1, DEFAULT, DEFAULT), ('f6a7cc82-a609-50ee-a839-9fa8b1a9631d', 'Ut Sunt', 'c0a2f5c4-7781-5310-ad3c-e7b9f41a7ace', 1, DEFAULT, DEFAULT), ('00644310-2ebb-53b6-b6cd-c599924419bd', 'Cillum Eu', 'c0a2f5c4-7781-5310-ad3c-e7b9f41a7ace', 1, DEFAULT, DEFAULT), ('3de7919f-8a6e-5a5a-ad06-07f2ad53b96d', 'Deserunt Amet Mollit', 'c0a2f5c4-7781-5310-ad3c-e7b9f41a7ace', 1, DEFAULT, DEFAULT), ('495390bc-68e6-52a4-b1ba-2f994586821a', 'Laboris Esse', 'c0a2f5c4-7781-5310-ad3c-e7b9f41a7ace', 1, DEFAULT, DEFAULT), ('a6586816-3687-592a-bbeb-b4d089115511', 'Anim Cillum Commodo', 'c0a2f5c4-7781-5310-ad3c-e7b9f41a7ace', 1, DEFAULT, DEFAULT), ('b81bd935-192e-5281-86b5-9cd33c3ee95a', 'Mollit Culpa', 'c0a2f5c4-7781-5310-ad3c-e7b9f41a7ace', 1, DEFAULT, DEFAULT), ('28a1ca86-fc34-5d5b-bda6-792b581f58de', 'Mollit Voluptate', '71c019c0-f4c8-51ac-bfff-4141eabf85f3', 1, DEFAULT, DEFAULT), ('c801d235-e02a-5267-8201-eecb86948b65', 'Sit', '71c019c0-f4c8-51ac-bfff-4141eabf85f3', 1, DEFAULT, DEFAULT), ('ad1bbcac-cdbb-551f-b25a-b14b40074515', 'Elit Amet Exercitati', '71c019c0-f4c8-51ac-bfff-4141eabf85f3', 1, DEFAULT, DEFAULT), ('af85f96c-efbd-584c-bdd4-26c4e2f3e556', 'Occaecat', '71c019c0-f4c8-51ac-bfff-4141eabf85f3', 1, DEFAULT, DEFAULT), ('b67e09de-df70-515b-91d0-6e53f3b4a58a', 'Aliqua Quis', 'ab4eb860-b9b9-58f5-84c6-b76a08d23dfd', 1, DEFAULT, DEFAULT), ('fe24988b-bca5-5bf5-be0f-c92da7b2cbe1', 'Duis', 'ab4eb860-b9b9-58f5-84c6-b76a08d23dfd', 1, DEFAULT, DEFAULT), ('fb634118-b8a6-50b7-9010-0317dd27fba6', 'Quis', 'ab4eb860-b9b9-58f5-84c6-b76a08d23dfd', 1, DEFAULT, DEFAULT), ('cda3814f-c14d-5dcf-a835-797df84f6d99', 'Cupidatat', 'ab4eb860-b9b9-58f5-84c6-b76a08d23dfd', 1, DEFAULT, DEFAULT), ('bdc52205-2f90-54a1-a699-3ba523b0d56a', 'Cupidatat Aliqua Ven', 'ab4eb860-b9b9-58f5-84c6-b76a08d23dfd', 1, DEFAULT, DEFAULT), ('1d01e569-eec7-553a-916b-70c8b1d0f9ec', 'Velit Consectetur', 'ab4eb860-b9b9-58f5-84c6-b76a08d23dfd', 1, DEFAULT, DEFAULT), ('ede942ce-5022-581a-99ff-f8ebb6d10d8a', 'Nostrud Pariatur', 'ab4eb860-b9b9-58f5-84c6-b76a08d23dfd', 1, DEFAULT, DEFAULT), ('98bf31df-37fd-5af6-86dd-8686cdc35eeb', 'Quis', 'dd9140ad-b92d-5673-a8c2-8b1c4e3e8697', 1, DEFAULT, DEFAULT), ('ae956930-bebe-5aad-83f8-b8d0cae36371', 'Esse Esse', 'dd9140ad-b92d-5673-a8c2-8b1c4e3e8697', 1, DEFAULT, DEFAULT), ('e20720a7-b660-50e0-8da5-8784fa26a31d', 'Dolor', 'dd9140ad-b92d-5673-a8c2-8b1c4e3e8697', 1, DEFAULT, DEFAULT), ('2dbccffd-e7a5-5653-9dc6-18e988716abe', 'In Incididunt', 'dd9140ad-b92d-5673-a8c2-8b1c4e3e8697', 1, DEFAULT, DEFAULT), ('d905224a-1767-5e97-ad1a-f223ab64cd44', 'Officia Ex', 'dd9140ad-b92d-5673-a8c2-8b1c4e3e8697', 1, DEFAULT, DEFAULT), ('94daea14-9b93-5933-9044-5ccc1eb32f8f', 'Deserunt', '78de8c0c-fe2d-50bd-afca-68bed9f87cd0', 1, DEFAULT, DEFAULT), ('dc58dd7b-bb54-5abe-8208-becc5e0561ad', 'Veniam', '78de8c0c-fe2d-50bd-afca-68bed9f87cd0', 1, DEFAULT, DEFAULT), ('63e38d08-3dd9-5569-ab28-f70e94b3cdb7', 'Et Anim', '78de8c0c-fe2d-50bd-afca-68bed9f87cd0', 1, DEFAULT, DEFAULT), ('7f78fee3-dd27-5696-858f-318bd4cbf2a8', 'Proident Laboris Eli', '78de8c0c-fe2d-50bd-afca-68bed9f87cd0', 1, DEFAULT, DEFAULT), ('1716ac71-f35f-52a7-acdc-316247462f37', 'Magna Laboris', '78de8c0c-fe2d-50bd-afca-68bed9f87cd0', 1, DEFAULT, DEFAULT), ('286a711e-ae86-5be5-9195-1d963e0504f7', 'Commodo Duis Dolor', '78de8c0c-fe2d-50bd-afca-68bed9f87cd0', 1, DEFAULT, DEFAULT), ('59fbbc7c-edc9-5d3c-9170-cf6acabbcd28', 'Elit Culpa Minim', '81e51b22-aab8-5050-a735-aa5917f8771b', 1, DEFAULT, DEFAULT), ('7bf99080-cdc6-5456-b6d5-417e28b4eba5', 'Qui Fugiat', '81e51b22-aab8-5050-a735-aa5917f8771b', 1, DEFAULT, DEFAULT), ('d2f08d89-447f-5d3d-96e5-385ed888c091', 'Eiusmod Tempor Est', '81e51b22-aab8-5050-a735-aa5917f8771b', 1, DEFAULT, DEFAULT), ('9e6824f3-dac2-540f-9e3d-8797171dab14', 'Sunt', '81e51b22-aab8-5050-a735-aa5917f8771b', 1, DEFAULT, DEFAULT), ('c15a1a93-cc16-5536-8ab0-42ef9626e379', 'Sit', '81e51b22-aab8-5050-a735-aa5917f8771b', 1, DEFAULT, DEFAULT), ('df90352f-468b-5345-9b3e-522b747ccf55', 'Consequat Laboris', '81e51b22-aab8-5050-a735-aa5917f8771b', 1, DEFAULT, DEFAULT), ('d1b6355b-0594-5d07-b55b-72d2c66a1391', 'Sit Lorem', 'f6cb58dd-a0aa-5d2b-8ce5-200e44be4f36', 1, DEFAULT, DEFAULT), ('77085b75-b014-57d0-8618-9cc95436a25e', 'Aute', 'f6cb58dd-a0aa-5d2b-8ce5-200e44be4f36', 1, DEFAULT, DEFAULT), ('2f76c526-de17-58f1-a75e-aee239f7ed57', 'Ex Ex', 'f6cb58dd-a0aa-5d2b-8ce5-200e44be4f36', 1, DEFAULT, DEFAULT), ('3d4df0ce-5a7f-53e4-b486-95faf0a09720', 'Aliqua Occaecat', 'f6cb58dd-a0aa-5d2b-8ce5-200e44be4f36', 1, DEFAULT, DEFAULT), ('d6d4ebe8-fe3c-5e62-98d8-e678f356450c', 'Commodo Dolore', 'f6cb58dd-a0aa-5d2b-8ce5-200e44be4f36', 1, DEFAULT, DEFAULT), ('5dedc9b9-eec3-5ace-a95b-d7817834d9af', 'Voluptate', 'f6cb58dd-a0aa-5d2b-8ce5-200e44be4f36', 1, DEFAULT, DEFAULT), ('79ef5172-d3d7-5e61-9d71-a40b27651163', 'Nisi', 'f6cb58dd-a0aa-5d2b-8ce5-200e44be4f36', 1, DEFAULT, DEFAULT), ('750322e1-101b-5f9e-b670-d325392f4504', 'Labore', 'f6cb58dd-a0aa-5d2b-8ce5-200e44be4f36', 1, DEFAULT, DEFAULT), ('3c0af99e-82a0-5346-8da5-2d2825b8a66d', 'Culpa Qui', '48ed64cc-01ce-5cc6-8ffd-8d552f857570', 1, DEFAULT, DEFAULT), ('7c0f6282-7933-5431-8e88-9d2b9f09f272', 'Incididunt Veniam', '48ed64cc-01ce-5cc6-8ffd-8d552f857570', 1, DEFAULT, DEFAULT), ('c97097d9-c6b8-5a50-931a-369c86f1535e', 'Do', '48ed64cc-01ce-5cc6-8ffd-8d552f857570', 1, DEFAULT, DEFAULT), ('9f26eece-7e59-5b46-a98b-848dc55a0cda', 'Elit Reprehenderit', '48ed64cc-01ce-5cc6-8ffd-8d552f857570', 1, DEFAULT, DEFAULT), ('75b1f4f3-d352-56de-83dd-e679684b060c', 'Esse Anim', '48ed64cc-01ce-5cc6-8ffd-8d552f857570', 1, DEFAULT, DEFAULT), ('09bca3f4-0d37-5f5a-b637-9d7942a17cff', 'Consectetur', '0cb21e27-1e4d-50c9-bd0d-f6696d98b44c', 1, DEFAULT, DEFAULT), ('2ca679b7-4687-5422-ac57-c89cfa36e3c8', 'Ut Ut', '0cb21e27-1e4d-50c9-bd0d-f6696d98b44c', 1, DEFAULT, DEFAULT), ('ba60341e-ffca-5a8d-85d2-58afc6ff269c', 'Deserunt', '0cb21e27-1e4d-50c9-bd0d-f6696d98b44c', 1, DEFAULT, DEFAULT), ('deab978c-4953-507c-b4fb-f509dd35f454', 'Eiusmod Cillum', '0cb21e27-1e4d-50c9-bd0d-f6696d98b44c', 1, DEFAULT, DEFAULT), ('c379a417-3b5c-5e05-a7ca-c545e0d33c70', 'Dolor Id Sit', '0cb21e27-1e4d-50c9-bd0d-f6696d98b44c', 1, DEFAULT, DEFAULT), ('21d7354f-afef-5425-9907-92a0ff9e7110', 'Nostrud Sunt', '0cb21e27-1e4d-50c9-bd0d-f6696d98b44c', 1, DEFAULT, DEFAULT), ('e25e0c45-28e1-5923-b63d-64b8ddeff422', 'Adipisicing Irure', '0cb21e27-1e4d-50c9-bd0d-f6696d98b44c', 1, DEFAULT, DEFAULT), ('061a9df6-5f3b-55cf-9879-eec1a4061457', 'Aliqua Velit Ipsum', '29d37d99-954e-5434-8e90-9d564d65e434', 1, DEFAULT, DEFAULT), ('f8fbdff1-11b4-54fa-ab90-292d82d3d353', 'Excepteur Dolor Aliq', '29d37d99-954e-5434-8e90-9d564d65e434', 1, DEFAULT, DEFAULT), ('3af5be38-b117-5675-8d7a-e27a1a34e8a8', 'Commodo Adipisicing ', '29d37d99-954e-5434-8e90-9d564d65e434', 1, DEFAULT, DEFAULT), ('ab07c47c-511a-5092-acb9-cbf862e0076b', 'Culpa Et', '29d37d99-954e-5434-8e90-9d564d65e434', 1, DEFAULT, DEFAULT), ('f46ce5c6-3097-5b5d-8213-37b749a8664f', 'Cupidatat Cillum', '29d37d99-954e-5434-8e90-9d564d65e434', 1, DEFAULT, DEFAULT), ('6653ef95-0532-561d-a71b-05f5c1bc302b', 'Exercitation Labore ', '64957ee8-7d0b-54ac-82da-6c959456806c', 1, DEFAULT, DEFAULT), ('a9072b83-7976-58e9-a9c4-45664532f42e', 'Ad Voluptate', '64957ee8-7d0b-54ac-82da-6c959456806c', 1, DEFAULT, DEFAULT), ('1bdf6d4a-906f-5da5-b91f-35917468bf74', 'Deserunt Pariatur', '64957ee8-7d0b-54ac-82da-6c959456806c', 1, DEFAULT, DEFAULT), ('830a4bb5-d929-5c1b-94fc-74a53795cc52', 'Tempor Ullamco', '64957ee8-7d0b-54ac-82da-6c959456806c', 1, DEFAULT, DEFAULT), ('0f271189-6f05-5fbd-95b4-ad7e10a0703b', 'Ex Ut', '64957ee8-7d0b-54ac-82da-6c959456806c', 1, DEFAULT, DEFAULT), ('f754848a-9cd5-551c-9bb4-aa81e33b42af', 'Occaecat Minim In', '64957ee8-7d0b-54ac-82da-6c959456806c', 1, DEFAULT, DEFAULT), ('5e5a298d-faa5-525e-b761-9586e7925c91', 'Eiusmod Consectetur', 'b96a16b9-db3a-5601-8741-9aae600f278b', 1, DEFAULT, DEFAULT), ('6843e0c5-7d9d-55cf-a335-436ba5672a4d', 'Esse Lorem', 'b96a16b9-db3a-5601-8741-9aae600f278b', 1, DEFAULT, DEFAULT), ('d0b9d9c2-bfa2-53be-a46d-d6aceafcbc2d', 'Dolore Incididunt Co', 'b96a16b9-db3a-5601-8741-9aae600f278b', 1, DEFAULT, DEFAULT), ('84aabd0a-31ea-5dd5-9e39-ce95a07d2009', 'Lorem Ut', 'b96a16b9-db3a-5601-8741-9aae600f278b', 1, DEFAULT, DEFAULT), ('6de5d1f5-e767-54ae-ad7a-c52af47251f6', 'Qui Nulla', 'b96a16b9-db3a-5601-8741-9aae600f278b', 1, DEFAULT, DEFAULT), ('cf2e12ac-941e-5dbb-b044-ab0b13ab4af7', 'Adipisicing In Aliqu', 'b96a16b9-db3a-5601-8741-9aae600f278b', 1, DEFAULT, DEFAULT), ('d5491914-2799-5bc6-b20e-30ab3f38131e', 'Qui Enim', 'b96a16b9-db3a-5601-8741-9aae600f278b', 1, DEFAULT, DEFAULT), ('335a172e-2ce9-59fc-a0e2-63a26cdcc2cc', 'Pariatur Id Et', 'b96a16b9-db3a-5601-8741-9aae600f278b', 1, DEFAULT, DEFAULT), ('99498cc5-464e-5b95-a415-0dba48b40687', 'Esse Velit', 'c25b7aec-7cbc-5229-a69a-f81a4d2a8c67', 1, DEFAULT, DEFAULT), ('7cb09c84-7471-599f-bae0-90d61a321390', 'Aliqua Cillum', 'c25b7aec-7cbc-5229-a69a-f81a4d2a8c67', 1, DEFAULT, DEFAULT), ('a727f58e-5d42-555f-a07e-84196ea16b24', 'Excepteur Sint Esse', 'c25b7aec-7cbc-5229-a69a-f81a4d2a8c67', 1, DEFAULT, DEFAULT), ('81cd6138-b0c3-5d83-86b9-8143c909421b', 'Mollit Nisi', 'c25b7aec-7cbc-5229-a69a-f81a4d2a8c67', 1, DEFAULT, DEFAULT), ('84b4201e-d939-5d48-aba4-b4b107dfdf5d', 'Incididunt In Adipis', 'c25b7aec-7cbc-5229-a69a-f81a4d2a8c67', 1, DEFAULT, DEFAULT), ('626028b2-23d2-53a4-aca9-9c9cc4158e30', 'Tempor Velit', 'c25b7aec-7cbc-5229-a69a-f81a4d2a8c67', 1, DEFAULT, DEFAULT), ('c6add04b-f7fe-5a4a-99c2-280079fffcdb', 'Pariatur Aute', 'c25b7aec-7cbc-5229-a69a-f81a4d2a8c67', 1, DEFAULT, DEFAULT), ('4d69e856-19b8-56e1-8c35-8fa97a510f91', 'Aliqua Aliquip', 'ac4eab2d-141d-51f8-b7e8-eb7666d753eb', 1, DEFAULT, DEFAULT), ('e93ac05b-5c6e-5233-8fb4-6d181ade2e59', 'Deserunt Labore Ut', 'ac4eab2d-141d-51f8-b7e8-eb7666d753eb', 1, DEFAULT, DEFAULT), ('eeeda985-b12d-5e29-af20-ecad32418e20', 'Eu Sunt', 'ac4eab2d-141d-51f8-b7e8-eb7666d753eb', 1, DEFAULT, DEFAULT), ('f7fce496-302a-564f-b89f-dc22379477c5', 'Dolor Consectetur', 'ac4eab2d-141d-51f8-b7e8-eb7666d753eb', 1, DEFAULT, DEFAULT), ('699a803c-69a7-58fb-805f-9c44bce0b12d', 'Nisi Velit Voluptate', 'ac4eab2d-141d-51f8-b7e8-eb7666d753eb', 1, DEFAULT, DEFAULT), ('7e8beeb3-7ee9-5191-900a-86dc6213ec6c', 'Ipsum Exercitation M', 'ac4eab2d-141d-51f8-b7e8-eb7666d753eb', 1, DEFAULT, DEFAULT);
UPDATE public.team SET plan_id = 1 WHERE id = '7c2c4732-09c1-5f7b-87ca-c53e7497b4ef';
UPDATE public.team SET plan_id = 1 WHERE id = 'f50563b6-8532-51ec-b121-d8c6bca3e897';
UPDATE public.team SET plan_id = 1 WHERE id = 'f1bf295c-195b-5a42-9c6b-5bfa14b58307';
UPDATE public.team SET plan_id = 1 WHERE id = 'e0eebbc8-63c9-5fee-b088-b3310b672c35';
UPDATE public.team SET plan_id = 1 WHERE id = '1c17c04a-19f5-5c48-8b6b-48fe02257ffb';
UPDATE public.team SET plan_id = 1 WHERE id = 'a2996c99-b8bb-5bf6-b789-844e821ceb82';
UPDATE public.team SET plan_id = 1 WHERE id = '5d016028-a6a3-5268-91a3-91021dbfda0a';
UPDATE public.team SET plan_id = 1 WHERE id = 'b279891e-05aa-528b-867b-dd6fe5fa77c8';
UPDATE public.team SET plan_id = 1 WHERE id = 'ff53868f-9940-575d-8fa8-923808f93a53';
UPDATE public.team SET plan_id = 1 WHERE id = '8172203a-00e7-5e0e-919b-2970e0d891df';
UPDATE public.team SET plan_id = 1 WHERE id = '7b5ee10b-959f-565b-9dac-a4bab4f6c6bf';
UPDATE public.team SET plan_id = 1 WHERE id = '38400370-0369-5239-8b08-499aef0591ef';
UPDATE public.team SET plan_id = 1 WHERE id = '77394b64-1ec1-5043-8dc3-08f9200521d4';
UPDATE public.team SET plan_id = 1 WHERE id = '56ea9a57-3786-5a49-9700-501eb57a1328';
UPDATE public.team SET plan_id = 1 WHERE id = '731fb763-1773-5758-b8dd-d75381b0e72a';
UPDATE public.team SET plan_id = 1 WHERE id = '068fd5c6-1552-54ac-ade0-1a1e4b095f08';
UPDATE public.team SET plan_id = 1 WHERE id = '397d9892-31da-5629-a035-14fcfec8983a';
UPDATE public.team SET plan_id = 1 WHERE id = 'e5e93090-cc79-544a-8b59-2023550c19ad';
UPDATE public.team SET plan_id = 2 WHERE id = '5e20f9a8-7b26-5a5f-8426-6b12c182d23c';
UPDATE public.team SET plan_id = 2 WHERE id = '53fe0e9e-3358-5722-b994-4faad8733cd3';
UPDATE public.team SET plan_id = 2 WHERE id = 'e4834379-a7a0-5f41-8193-f598072b1c83';
UPDATE public.team SET plan_id = 2 WHERE id = 'a9f91eda-269f-54d0-83de-05f0c2ecbf08';
UPDATE public.team SET plan_id = 2 WHERE id = 'c0062d28-74ce-56b0-8124-852c5c4cdd1f';
UPDATE public.team SET plan_id = 2 WHERE id = 'a1d779f7-e622-5cd1-b766-eb2b7925b3c0';
UPDATE public.team SET plan_id = 2 WHERE id = 'bd4e2ea6-e7d4-5655-93cc-d1ed71c3483c';
UPDATE public.team SET plan_id = 2 WHERE id = 'fb2f612f-57ab-526e-8b57-f5de07942107';
UPDATE public.team SET plan_id = 2 WHERE id = '38cee772-792e-54fe-ae0f-d62f75f71c11';
UPDATE public.team SET plan_id = 2 WHERE id = '60f279f1-b04c-57b1-b6aa-b71a8811c6ab';
UPDATE public.team SET plan_id = 2 WHERE id = 'b5d35d7e-f19e-568e-9efe-911f779c892f';
UPDATE public.team SET plan_id = 2 WHERE id = '3db3509a-5565-5145-aa2d-eb656db639a3';
UPDATE public.team SET plan_id = 2 WHERE id = '16b2ddd9-4627-52fa-8115-8453cfa39374';
UPDATE public.team SET plan_id = 2 WHERE id = '235fae27-2669-539e-8784-3dcbaac570cc';
UPDATE public.team SET plan_id = 3 WHERE id = '782f7eda-e535-5ab3-8415-643126d3b0fa';
UPDATE public.team SET plan_id = 3 WHERE id = '5daf6f25-3b97-5f49-8f75-4ba5d1d74cd3';
UPDATE public.team SET plan_id = 3 WHERE id = '3788fdae-c690-5563-abac-18b51e4d210f';
UPDATE public.team SET plan_id = 3 WHERE id = '177ae72e-41a6-5325-80d6-452827ea5918';
UPDATE public.team SET plan_id = 3 WHERE id = 'c0a2f5c4-7781-5310-ad3c-e7b9f41a7ace';
UPDATE public.team SET plan_id = 3 WHERE id = '71c019c0-f4c8-51ac-bfff-4141eabf85f3';
UPDATE public.team SET plan_id = 3 WHERE id = 'ab4eb860-b9b9-58f5-84c6-b76a08d23dfd';
UPDATE public.team SET plan_id = 3 WHERE id = 'dd9140ad-b92d-5673-a8c2-8b1c4e3e8697';
UPDATE public.team SET plan_id = 3 WHERE id = '78de8c0c-fe2d-50bd-afca-68bed9f87cd0';
UPDATE public.team SET plan_id = 3 WHERE id = '81e51b22-aab8-5050-a735-aa5917f8771b';
UPDATE public.team SET plan_id = 3 WHERE id = 'f6cb58dd-a0aa-5d2b-8ce5-200e44be4f36';
UPDATE public.team SET plan_id = 3 WHERE id = '48ed64cc-01ce-5cc6-8ffd-8d552f857570';
UPDATE public.team SET plan_id = 3 WHERE id = '0cb21e27-1e4d-50c9-bd0d-f6696d98b44c';
UPDATE public.team SET plan_id = 3 WHERE id = '29d37d99-954e-5434-8e90-9d564d65e434';
UPDATE public.team SET plan_id = 3 WHERE id = '64957ee8-7d0b-54ac-82da-6c959456806c';
UPDATE public.team SET plan_id = 3 WHERE id = 'b96a16b9-db3a-5601-8741-9aae600f278b';
UPDATE public.team SET plan_id = 3 WHERE id = 'c25b7aec-7cbc-5229-a69a-f81a4d2a8c67';
UPDATE public.team SET plan_id = 3 WHERE id = 'ac4eab2d-141d-51f8-b7e8-eb7666d753eb';
SELECT setval('"public"."plan_id_seq"'::regclass, (SELECT MAX("id") FROM "public"."plan"));
INSERT INTO public.arena (id,game_id,name,metadata,created_at,updated_at) VALUES (1, 1, 'Silverlake Stadium', '{"A":"Sed explicem"}', DEFAULT, DEFAULT), (2, 1, 'Downtown Plaza Pavilion', '{"In":"Adiuvet ne bonare"}', DEFAULT, DEFAULT), (3, 1, 'Bayshore Pavilion', '{"Se":"Petu ad causam"}', DEFAULT, DEFAULT), (4, 1, 'Sunset Stadium', '{"Es":"Videntur aut"}', DEFAULT, DEFAULT), (5, 1, 'Downtown Square Pavilion', '{"Tamenti":"Adipsa dolorem veris"}', DEFAULT, DEFAULT), (6, 1, 'Oceanfront Amphitheater', '{"Non":"Reliqua voluptatem"}', DEFAULT, DEFAULT), (7, 1, 'Main Square Arena', '{"Ut":"Dolor quo"}', DEFAULT, DEFAULT), (8, 1, 'Southbank Arena', '{"Omnino":"Synephebosop acut sicut"}', DEFAULT, DEFAULT), (9, 1, 'Waterfront Amphitheater', '{"Alest":"Ipse pertur voluptate"}', DEFAULT, DEFAULT), (10, 1, 'Meadowbrook Pavilion', '{"A":"Voluptatib posse quae"}', DEFAULT, DEFAULT);
SELECT setval('"public"."arena_id_seq"'::regclass, (SELECT MAX("id") FROM "public"."arena"));
INSERT INTO public.blueprint (id,book_id,arena_id,visibility,name,tags,data,created_at,updated_at) VALUES ('fd4a2d4e-8569-59ca-837d-fb7fa0ab1be1', '01bb02e3-6d00-5b11-ba00-2f6b060dfb2e', 5, 'public', 'Roaming Support Plan', '{}', DEFAULT, DEFAULT, DEFAULT), ('e0502ed9-8194-54d4-be5d-43176e2a7438', '2067e70c-565d-520b-b56b-19189e5b77f5', 8, 'unlisted', 'Roaming Support Plan', '{"adipisicing","sit fugiat minim ullamco","proident","adipisicing nulla ea pariatur","irure culpa sunt commodo","excepteur ullamco id sit cillum","consectetur id ullamco anim"}', DEFAULT, DEFAULT, DEFAULT), ('cba89714-5b1d-590f-92a2-27cfb555b7e4', 'f457d7a7-01f9-5225-b07a-0e782525bbc7', 4, 'public', 'Gank Heavy Approach', '{"voluptate","ullamco","et duis ut","aliqua non voluptate","culpa incididunt","nostrud et fugiat ex aute","irure est esse quis"}', DEFAULT, DEFAULT, DEFAULT), ('497b8842-fb80-5638-ba6f-3f3e64daa06b', 'e5d977c2-2a0e-5703-8ee9-4796e3967ae0', 2, 'public', 'Map Control Blueprint', '{"ipsum Lorem aliquip","exercitation deserunt esse sunt"}', DEFAULT, DEFAULT, DEFAULT), ('75fbf0dd-b3c9-5513-87f0-9d9a9004f64c', '02a341a2-35a0-5fbc-a1f4-aa8b42aa4b51', 3, 'private', 'Baron Control Strategy', '{"ea","aliqua aliquip duis sit","dolor voluptate esse reprehender","deserunt deserunt enim commodo","aliquip ullamco","Lorem eiusmod","sint laborum","pariatur excepteur incididunt","minim commodo eiusmod nisi ut"}', DEFAULT, DEFAULT, DEFAULT), ('0352b4c9-6de9-5702-929d-3d622c6456a1', 'f561c33d-0589-5163-a677-f2a1eb6b3322', 4, 'public', 'Rotation Strategy Document', '{"veniam eiusmod","elit anim nisi laborum","irure","esse ea","deserunt proident ullamco","magna exercitation consequat"}', DEFAULT, DEFAULT, DEFAULT), ('1e701d2b-566c-5f82-8280-a2a9d02ee590', '495390bc-68e6-52a4-b1ba-2f994586821a', 4, 'unlisted', 'Early Game Dominance Guide', '{"anim amet aliquip","aliqua elit","enim aute","sit officia","quis cillum exercitation","consequat officia in occaecat","non incididunt enim sit","consectetur ullamco","nulla eiusmod"}', DEFAULT, DEFAULT, DEFAULT), ('f04c0ed1-b624-5092-8b98-dae6fff857dc', '6c3f6730-2b1a-5e27-97de-caacad0bb1a5', 6, 'private', 'Early Game Dominance Guide', '{"esse eiusmod","duis aliqua occaecat ex","minim nulla","nostrud","anim aute","fugiat","veniam qui ullamco","esse amet Lorem pariatur"}', DEFAULT, DEFAULT, DEFAULT), ('7eef79d9-ea6c-5417-b347-09dbcb8b4c78', '31ac52db-fa89-5177-b667-1cf6526a929a', 3, 'unlisted', 'Roaming Support Plan', '{"commodo","do culpa sint","voluptate","in","eu incididunt elit dolor consect","officia ea nostrud","fugiat ex laboris laboris","cillum qui est culpa","sit culpa consectetur aliqua lab"}', DEFAULT, DEFAULT, DEFAULT), ('3aff3e37-0331-5c7a-a0f5-1b6595c2ad7b', '88133dcb-8b00-5c2c-aee5-9f0743f5239d', 9, 'public', 'Baron Control Strategy', '{"eu non ut pariatur","duis veniam aute","occaecat tempor","sunt excepteur do aliquip","eiusmod cupidatat","pariatur velit","elit laborum","fugiat sint pariatur et","deserunt do labore sint"}', DEFAULT, DEFAULT, DEFAULT), ('7c0cf1d4-d57d-5092-a3f0-ca49e04ace52', '79efb743-bb54-546e-8bdf-089509399715', 3, 'public', 'Roaming Support Plan', '{"culpa excepteur elit","do sint","in eiusmod incididunt","ullamco duis","do officia","sunt aliqua velit ut excepteur","in","occaecat"}', DEFAULT, DEFAULT, DEFAULT), ('26c80d6d-0d6f-5fb2-8296-8b5e9e1fdeb7', '3c0af99e-82a0-5346-8da5-2d2825b8a66d', 10, 'unlisted', 'Early Game Dominance Guide', '{"elit"}', DEFAULT, DEFAULT, DEFAULT), ('310ccf44-859c-5587-8001-5aa84afb3236', 'b737f334-53a3-585e-98d7-69fce744e35e', 7, 'private', 'Wave Management Plan', '{"pariatur pariatur excepteur null","exercitation est occaecat","esse","quis cupidatat duis elit","do ad","veniam aliquip deserunt","dolor fugiat consectetur","quis magna"}', DEFAULT, DEFAULT, DEFAULT), ('c6131a0d-c1ea-5dce-8460-c91026e41f9f', '2067e70c-565d-520b-b56b-19189e5b77f5', 7, 'public', 'Siege Tactics Handbook', '{"dolore enim tempor commodo amet","sunt reprehenderit amet","id do culpa","exercitation eiusmod culpa","cillum id","sunt dolor aliquip exercitation ","aute"}', DEFAULT, DEFAULT, DEFAULT), ('054eb394-a081-59a1-b613-e1c8bbcc6250', '98b30307-7ea7-5b6c-b9e4-560fe08299de', 3, 'public', 'Counter Pick Blueprint', '{"minim exercitation","amet reprehenderit est","ad occaecat aliqua consectetur","magna officia eiusmod culpa labo","fugiat officia","aliquip culpa","mollit magna aliquip ipsum adipi","dolor"}', DEFAULT, DEFAULT, DEFAULT), ('4cb602e9-b66f-5f7e-a7a1-71729454372c', '54473828-0225-5307-b53c-7a0fc46ac63c', 8, 'unlisted', 'Rotation Strategy Document', '{"deserunt labore laboris ullamco ","dolor","Lorem laboris aliquip incididunt","aliqua sit aliquip sit","id velit Lorem","laborum et","do nisi elit"}', DEFAULT, DEFAULT, DEFAULT), ('8ed312f8-fa19-5305-a78e-7cdee2dc9e00', 'b4725825-2a5a-5e18-a190-e59f4cb9f1b5', 9, 'private', 'Aggressive Rush Strategy', '{"occaecat adipisicing sunt cupida","ut officia","consequat aliqua incididunt magn","magna pariatur velit laborum"}', DEFAULT, DEFAULT, DEFAULT), ('c9bad04c-3d6e-5efe-9540-7763dde57640', 'ab07c47c-511a-5092-acb9-cbf862e0076b', 9, 'private', 'Objective Focused Strategy', '{"anim elit","pariatur","sint","ipsum tempor","esse irure","sint deserunt sint veniam adipis","duis sunt excepteur nisi","ullamco ad ullamco cillum magna","excepteur"}', DEFAULT, DEFAULT, DEFAULT), ('7a350dde-d215-538c-bfd3-d5cdd8b40555', '79efb743-bb54-546e-8bdf-089509399715', 10, 'public', 'Counter Pick Blueprint', '{"sit sunt fugiat nulla","velit deserunt labore","duis elit culpa","reprehenderit ipsum ullamco","consectetur aute proident proide"}', DEFAULT, DEFAULT, DEFAULT), ('bd6c4dd0-06e8-56ab-abd6-6e9e777c13a7', 'bbecd693-8054-5eee-8ada-8e2d5a3c5090', 4, 'public', 'Counter Pick Blueprint', '{"consequat proident est pariatur"}', DEFAULT, DEFAULT, DEFAULT), ('844103e5-8cf8-5795-8a63-ccecfc3e2001', 'c9f9ed6b-3ed1-5d46-9201-51000bdf47fa', 6, 'public', 'Gank Heavy Approach', '{"aliqua pariatur nisi","aliqua qui elit","reprehenderit mollit"}', DEFAULT, DEFAULT, DEFAULT), ('582d0ca1-76cc-5500-9dd8-190ab817072d', 'd35ecca3-ac35-5e28-8e7e-6a25de908d18', 9, 'private', 'Vision Control Blueprint', '{"voluptate","cillum commodo"}', DEFAULT, DEFAULT, DEFAULT), ('9012aa86-f8a2-5033-82d5-336bcaa03c26', 'c15a1a93-cc16-5536-8ab0-42ef9626e379', 10, 'public', 'Siege Tactics Handbook', '{}', DEFAULT, DEFAULT, DEFAULT), ('746bb5ad-439a-519a-90ef-991641df1623', 'a9752d0c-ade4-58c6-b746-1b9df56a3d08', 8, 'unlisted', 'Late Game Scaling Strategy', '{"non occaecat","duis fugiat","Lorem exercitation","qui","esse tempor elit consectetur","qui elit adipisicing aliqua","ut proident","amet exercitation cupidatat comm"}', DEFAULT, DEFAULT, DEFAULT), ('b1bab82d-de7c-55e3-8115-1651b8f68765', '110efd29-2979-5c30-b41f-b3bf832f48cd', 2, 'private', 'Secure Objective Playbook', '{"esse adipisicing"}', DEFAULT, DEFAULT, DEFAULT), ('0145500d-2ab2-5c49-9cea-edd711ce1cc9', '5cdb9712-16b6-532e-9cc7-8cf7dfbe9b6b', 4, 'unlisted', 'Aggressive Rush Strategy', '{"duis mollit","ad veniam ad id","irure qui","sit","fugiat ullamco do","culpa mollit reprehenderit id pr"}', DEFAULT, DEFAULT, DEFAULT), ('703c3370-90fb-5d22-8365-f34357b3ffb8', '225b2186-bb16-5b0a-b7be-47fd3c5a5cf9', 7, 'private', 'Rotation Strategy Document', '{"Lorem irure esse"}', DEFAULT, DEFAULT, DEFAULT), ('fd862b26-fe8c-52d0-b06e-3c9f938bd3ab', '70b4d1da-5ee3-5bd6-aecb-9af8ab670b84', 7, 'public', 'Jungle Control Playbook', '{"in proident aliquip culpa","eu non","dolore consectetur sint fugiat"}', DEFAULT, DEFAULT, DEFAULT), ('70415515-b81b-59ef-a1ed-18578b73b7ae', '21a7e579-98a3-5757-a0a8-913f2da95aba', 8, 'private', 'Baron Control Strategy', '{}', DEFAULT, DEFAULT, DEFAULT), ('c5558815-aa72-5938-a7c8-62ae2c1a039c', '290e51c6-7ff6-5db4-8f40-69dda051b66c', 8, 'public', 'Secure Objective Playbook', '{"laborum anim"}', DEFAULT, DEFAULT, DEFAULT), ('703bbd20-9625-5bd7-8aa3-5ead0245fe50', 'c9f9ed6b-3ed1-5d46-9201-51000bdf47fa', 1, 'unlisted', 'Objective Focused Strategy', '{"excepteur cupidatat","elit proident","sunt culpa tempor","cupidatat aliqua enim","Lorem et"}', DEFAULT, DEFAULT, DEFAULT), ('68ff3d82-b6b6-5053-9e74-aa9b346dd8d1', '5e5a298d-faa5-525e-b761-9586e7925c91', 10, 'private', 'Wave Management Plan', '{"tempor id eu adipisicing"}', DEFAULT, DEFAULT, DEFAULT), ('522e120d-7e21-504a-9c96-99e429197e5a', '290bcd64-8663-5670-8efa-64e864979bbb', 7, 'unlisted', 'Counter Pick Blueprint', '{"proident sint","eu quis","non duis voluptate esse","qui quis id","est aute qui tempor","aliqua proident duis aute labori","enim quis incididunt reprehender","proident sunt","do excepteur nisi laboris"}', DEFAULT, DEFAULT, DEFAULT), ('54b879fc-04e4-53b3-8cec-0174fc0ccd34', 'b134c4e5-3e41-53b3-bf3f-7f4cf023e9d7', 5, 'private', 'Counter Pick Blueprint', '{"nostrud excepteur","in tempor duis commodo","consectetur cupidatat enim","magna commodo enim","qui aliqua","voluptate occaecat","enim","nisi incididunt"}', DEFAULT, DEFAULT, DEFAULT), ('fb90b354-0ae1-59da-9637-61f6c5ed3fb9', '98eaafd3-adbf-5a3e-adb9-b3fb6971b6f1', 4, 'public', 'Secure Objective Playbook', '{"magna excepteur","voluptate culpa sit laborum"}', DEFAULT, DEFAULT, DEFAULT), ('95b3988b-e14b-57a7-900d-4985cb116f17', 'cf1d2e5e-3a18-5518-8e4c-387978992b8a', 6, 'private', 'Gank Heavy Approach', '{"occaecat id irure","nisi Lorem minim esse","velit quis","id sint reprehenderit","aliquip fugiat cupidatat consequ","minim dolore enim consectetur","Lorem ex culpa","ea eu mollit"}', DEFAULT, DEFAULT, DEFAULT), ('7d1face3-2e87-52f5-9623-fff9de0a6539', '203ac13e-e5b1-548e-a7da-5d8cff932053', 9, 'public', 'Map Control Blueprint', '{}', DEFAULT, DEFAULT, DEFAULT), ('e8bf9a25-132d-5d46-b40a-d08534be6c9f', '2f76c526-de17-58f1-a75e-aee239f7ed57', 1, 'unlisted', 'Counter Pick Blueprint', '{"laborum"}', DEFAULT, DEFAULT, DEFAULT), ('29a560e9-84d9-5f41-9b09-76969cbfb144', '1332e392-1ac8-57d9-8262-948f66c89fe9', 2, 'public', 'Counter Pick Blueprint', '{"amet culpa","adipisicing cillum nulla eu","enim non cupidatat","irure eiusmod dolor"}', DEFAULT, DEFAULT, DEFAULT), ('d9c4b302-5ab0-5114-8120-41d1876c7eb9', 'fbbb9719-f3d1-5ce2-b584-4b70bf5bb135', 7, 'public', 'Objective Focused Strategy', '{"ad proident","pariatur fugiat consectetur fugi","aliqua nostrud incididunt","Lorem esse exercitation","ea incididunt non","consectetur elit magna minim","ipsum sint qui sit"}', DEFAULT, DEFAULT, DEFAULT), ('ca1b9e1e-f7c0-5c4a-a566-aabf3f7ebb80', '8bad4601-c5dc-5d96-9ece-4ebbe2a83dfa', 3, 'unlisted', 'Vision Denial Blueprint', '{"ea tempor in ut","labore","pariatur in","cillum laborum commodo proident ","consequat nostrud magna adipisic","qui tempor enim"}', DEFAULT, DEFAULT, DEFAULT), ('cde91e33-9c71-56e0-b19e-f2372fa577cf', '5f651c76-ceba-56db-bd60-512d4079ec53', 10, 'private', 'Secure Objective Playbook', '{"eu sint","qui non ea eiusmod","ut enim sit et","velit officia ut aliqua commodo","sunt"}', DEFAULT, DEFAULT, DEFAULT), ('013547e4-326e-5221-8377-310093ccf53a', '9b1fc781-1e4e-56d2-bd68-0dc257a319c0', 10, 'private', 'Rotation Strategy Document', '{"ipsum anim veniam eu","veniam dolor","aute magna","nulla eiusmod"}', DEFAULT, DEFAULT, DEFAULT), ('50cffa66-dd91-5aed-8c46-1b76e488de31', '8bad4601-c5dc-5d96-9ece-4ebbe2a83dfa', 6, 'unlisted', 'Rotation Strategy Document', '{"magna ut sunt"}', DEFAULT, DEFAULT, DEFAULT), ('f550c2bf-a147-5e29-8a01-470336f387eb', '88501f36-608d-5074-ab3f-752cd478292f', 6, 'unlisted', 'Map Control Blueprint', '{"anim quis fugiat dolor","cupidatat ut","in dolore esse","velit et","sint in aute","elit duis","sint irure velit culpa ipsum","consequat pariatur proident irur","deserunt ullamco excepteur"}', DEFAULT, DEFAULT, DEFAULT), ('a30e3d57-ad0a-594d-9622-8a2514b8110c', '097c4d8e-94d3-5fd3-94ca-7bbb66cf6929', 8, 'private', 'Roaming Support Plan', '{"ullamco aute dolor","est consequat adipisicing"}', DEFAULT, DEFAULT, DEFAULT), ('cb76f565-509b-50d9-bbe4-5c6e7c9b0eb4', '0e342915-b360-541f-8c0a-bdf36b3c0ce2', 10, 'unlisted', 'Secure Objective Playbook', '{"sint do culpa ea","anim dolore ad do","eiusmod sunt eiusmod ea proident","ex aute","fugiat id commodo pariatur"}', DEFAULT, DEFAULT, DEFAULT), ('a344c7b4-07e6-54df-b4ed-f27c7916e147', 'b32027db-33da-5dc2-b906-e0c2a06ac683', 2, 'public', 'Split Push Blueprint', '{"occaecat quis aliquip duis","ipsum laborum tempor adipisicing","proident occaecat ullamco","commodo tempor do"}', DEFAULT, DEFAULT, DEFAULT), ('6c40d2d3-07ad-5aa1-a5fa-cf5861475e5d', '699a803c-69a7-58fb-805f-9c44bce0b12d', 5, 'unlisted', 'Team Fight Execution Plan', '{"sint mollit magna"}', DEFAULT, DEFAULT, DEFAULT), ('ba7460a4-9316-52e4-9e3a-05ee82b85e66', '45173bfe-a11f-574a-ac25-21cda1308ec9', 5, 'unlisted', 'Split Push Blueprint', '{"culpa","cillum dolore sunt"}', DEFAULT, DEFAULT, DEFAULT), ('fb3595df-62ad-5f54-ac34-3a578952555c', 'a8212e1b-5577-5c28-9c38-2d4fbd753550', 9, 'public', 'Map Control Blueprint', '{"sunt amet","non proident velit","pariatur fugiat ex Lorem elit","et aute duis sunt laboris","eiusmod consectetur ullamco dese","aliqua eiusmod"}', DEFAULT, DEFAULT, DEFAULT), ('90edde40-1b87-5f75-90b9-68639fbcb2b8', '81cd6138-b0c3-5d83-86b9-8143c909421b', 8, 'unlisted', 'Map Control Blueprint', '{"ipsum ea Lorem","tempor reprehenderit reprehender","adipisicing fugiat incididunt la"}', DEFAULT, DEFAULT, DEFAULT), ('ea26a496-35d8-5f3f-a769-a80898ec7b17', '1e7e0bcb-4fc0-5d72-81a5-d67a74a13595', 2, 'unlisted', 'Aggressive Rush Strategy', '{"ea consequat","velit duis commodo minim","pariatur nisi dolor est","minim irure","excepteur est","ea nisi Lorem","ut ex","magna eiusmod dolor","ad velit velit voluptate"}', DEFAULT, DEFAULT, DEFAULT), ('035a0a25-d588-551c-9f76-4e9f593ffaf4', 'ede942ce-5022-581a-99ff-f8ebb6d10d8a', 9, 'public', 'Aggressive Rush Strategy', '{"ea duis labore eu","sint exercitation","officia nulla","ut veniam nulla"}', DEFAULT, DEFAULT, DEFAULT), ('e7f55997-6008-5d29-9f7f-564ab748cc59', 'cca70ca2-d109-5c60-965d-ab86b151a58f', 8, 'private', 'Siege Tactics Handbook', '{"proident aliquip excepteur","laborum esse cupidatat duis","elit anim","minim veniam id","deserunt esse velit","incididunt","nulla dolor","deserunt est aliquip"}', DEFAULT, DEFAULT, DEFAULT), ('396ce0bd-b3e1-5b3c-94ea-bb5357e1c76a', 'eb3e804d-5ed0-59a1-900b-3b0f9b2cb577', 9, 'unlisted', 'Roaming Support Plan', '{"consectetur labore","sunt quis tempor consequat","pariatur anim ad","ex qui nisi","est nulla","ut dolor","dolore quis consectetur"}', DEFAULT, DEFAULT, DEFAULT), ('4cb2c65b-80df-57cc-9c0d-6c346029b88f', '844afdcc-93cf-55c8-b0f1-1cc22329a30b', 5, 'public', 'Objective Focused Strategy', '{"in duis nulla ea","sint","esse elit reprehenderit laborum ","esse nostrud"}', DEFAULT, DEFAULT, DEFAULT), ('8172dfee-2cce-5dee-9293-b6bd5f74d656', '5dedc9b9-eec3-5ace-a95b-d7817834d9af', 9, 'public', 'Team Fight Execution Plan', '{"veniam occaecat non laboris","pariatur","in dolore adipisicing"}', DEFAULT, DEFAULT, DEFAULT), ('910e8e4b-af24-5f28-a2eb-631066a490eb', 'ac9f0e3e-b030-584f-a8dd-87355fe22537', 8, 'public', 'Vision Denial Blueprint', '{"anim laboris eiusmod","deserunt esse ex tempor","cillum id consectetur voluptate","est reprehenderit do incididunt","ullamco laborum nisi","deserunt consequat irure","ut est ipsum consequat nisi","do","occaecat amet","aliquip ullamco laborum"}', DEFAULT, DEFAULT, DEFAULT), ('150381a3-e791-54de-9419-0edac12fb9eb', 'c801d235-e02a-5267-8201-eecb86948b65', 2, 'public', 'Counter Pick Blueprint', '{"magna et minim eu"}', DEFAULT, DEFAULT, DEFAULT), ('ddb37574-0dbe-5aa4-a5e8-b15242cefaff', 'c72c7230-479d-51cc-940d-5fec1bea4502', 7, 'private', 'Counter Pick Blueprint', '{"consequat","ipsum duis non magna","consequat ipsum consectetur","excepteur voluptate cupidatat","consectetur sint","qui exercitation ullamco","consectetur nisi","proident nostrud reprehenderit o","Lorem irure"}', DEFAULT, DEFAULT, DEFAULT), ('77fbdaed-4103-591b-82ee-3e3fa4b78a9b', '02a341a2-35a0-5fbc-a1f4-aa8b42aa4b51', 10, 'public', 'Late Game Scaling Strategy', '{"magna quis cupidatat amet"}', DEFAULT, DEFAULT, DEFAULT), ('0f1e8b42-396d-5765-be37-bce2ee646e04', '9bf2ad50-cccb-50eb-8269-3a7e78bd21f5', 4, 'public', 'Defensive Turtle Tactics', '{"adipisicing culpa voluptate","nulla minim","labore cupidatat eu consequat","est laborum"}', DEFAULT, DEFAULT, DEFAULT), ('5308f8b3-4d4d-529a-bd7c-3a77ac4fe6ae', '26f7bb6a-3c9c-5b30-b11b-be5ebfb91948', 7, 'public', 'Jungle Control Playbook', '{"irure do","nulla id laboris irure pariatur","ipsum et","in mollit aute elit","consectetur anim est dolor commo"}', DEFAULT, DEFAULT, DEFAULT), ('851e9ece-db38-530e-b3f9-f5e1d49a3b34', '1bf9a820-bb8f-59cd-8902-84a62a1aa29f', 7, 'private', 'Gank Heavy Approach', '{"dolore cupidatat sunt","laborum do in ullamco amet","amet dolore sunt ea Lorem","amet excepteur ullamco quis","nostrud irure Lorem exercitation","nisi Lorem laboris tempor pariat","dolor exercitation aute et ea","consectetur nostrud consequat","minim eu","cillum"}', DEFAULT, DEFAULT, DEFAULT), ('2189cd55-c657-5ce9-999a-da1a2dbf7ea0', '99498cc5-464e-5b95-a415-0dba48b40687', 1, 'private', 'Late Game Scaling Strategy', '{"ullamco voluptate sint","nostrud"}', DEFAULT, DEFAULT, DEFAULT), ('902d4a21-0657-5095-b741-ac0d408bb89e', '3c19e2d6-1e17-5580-adbc-319ee6c74e3c', 7, 'private', 'Early Game Dominance Guide', '{"adipisicing tempor fugiat occaec","irure nisi deserunt aliqua","amet voluptate magna"}', DEFAULT, DEFAULT, DEFAULT), ('0d40f7c0-72b0-55c2-8e48-c6c65bd9815f', 'cbe3cf1c-d730-5d2f-b890-2de0f1a164e6', 2, 'public', 'Map Control Blueprint', '{"sunt nostrud","labore dolore"}', DEFAULT, DEFAULT, DEFAULT), ('f09f5f0c-d6f4-5089-a919-82fdea15dad9', 'cd80d13e-478f-5058-8dfd-e20a76013cb5', 1, 'private', 'Vision Denial Blueprint', '{"anim nostrud ex veniam","exercitation officia fugiat et i","irure ex nostrud","dolor culpa sint fugiat","Lorem magna Lorem dolor"}', DEFAULT, DEFAULT, DEFAULT), ('9bfcf305-f3a4-5bed-9ee4-3f5ccf9e59af', 'd664e8db-93ef-5294-a361-9e8640907e59', 5, 'private', 'Early Game Dominance Guide', '{"magna anim aliquip","dolore incididunt pariatur amet","duis est"}', DEFAULT, DEFAULT, DEFAULT), ('2ff309f0-6726-5920-ad23-47ba58fd2525', 'a5831e58-2fc9-5b59-970d-00c344a4eb18', 8, 'unlisted', 'Counter Pick Blueprint', '{"esse nulla nostrud consectetur","anim ad ea","voluptate ullamco pariatur","aliquip proident id labore","quis deserunt","dolor cillum deserunt"}', DEFAULT, DEFAULT, DEFAULT), ('bac302d7-9e20-52d1-89cc-b0e99ef3b896', 'ede942ce-5022-581a-99ff-f8ebb6d10d8a', 2, 'public', 'Defensive Turtle Tactics', '{"est","duis elit occaecat dolor","ex voluptate","ex in ut occaecat sint","eu consectetur minim sit"}', DEFAULT, DEFAULT, DEFAULT), ('ef31ceeb-0f8d-5da0-ab9c-18045c420f99', '72d447b0-a4fa-5de7-bb4c-9ff5f169dfea', 5, 'private', 'Defensive Turtle Tactics', '{"elit proident","id sit ullamco","labore amet enim","proident","laboris ad amet qui","eu quis Lorem in"}', DEFAULT, DEFAULT, DEFAULT), ('2be70e34-56ed-5cb2-9758-b8f796ec32ec', '2d1d7734-be70-5d07-a538-e76c6cae722e', 10, 'public', 'Wave Management Plan', '{"consequat sit anim consequat","dolor elit eu"}', DEFAULT, DEFAULT, DEFAULT), ('49e5f9f5-6a8f-5423-81e9-9e8e2c467770', '8babc841-00b0-585f-9ca3-85ef68fec1f7', 9, 'unlisted', 'Siege Tactics Handbook', '{"labore","minim pariatur irure minim","laboris exercitation cupidatat","fugiat laborum elit eiusmod ex","cillum officia","esse voluptate fugiat Lorem sunt"}', DEFAULT, DEFAULT, DEFAULT), ('421a5d89-58fa-56e2-87c9-a4c6fd3159db', '47e5d6a1-6a7c-5068-97e6-b73d6f3b47c1', 9, 'public', 'Defensive Turtle Tactics', '{"voluptate qui culpa","sunt","proident magna quis commodo","nulla cupidatat","nostrud non id","ullamco eu et","sunt","et","minim est labore aute","irure Lorem quis"}', DEFAULT, DEFAULT, DEFAULT), ('c2ab0ed6-ea98-544f-a35e-cfff5a185dc8', 'eb3e804d-5ed0-59a1-900b-3b0f9b2cb577', 2, 'unlisted', 'Roaming Support Plan', '{"culpa ea id exercitation deserun","et incididunt veniam","nostrud ut","amet reprehenderit occaecat do","velit quis elit anim eu"}', DEFAULT, DEFAULT, DEFAULT), ('6c6d219e-3884-5c60-8485-0fb500d0b675', '91434b27-2651-5429-8f42-45c3f8e334a0', 8, 'unlisted', 'Roaming Support Plan', '{"sit","proident magna magna"}', DEFAULT, DEFAULT, DEFAULT), ('d5fd2418-0c52-558a-8369-707f9186db0b', 'cf2e12ac-941e-5dbb-b044-ab0b13ab4af7', 6, 'unlisted', 'Early Game Dominance Guide', '{"nisi adipisicing sint","aute"}', DEFAULT, DEFAULT, DEFAULT), ('0f22fcab-183d-5e80-9a98-c495a215f5f8', 'b32027db-33da-5dc2-b906-e0c2a06ac683', 1, 'unlisted', 'Defensive Turtle Tactics', '{"velit dolore culpa incididunt","reprehenderit sunt","aute non excepteur est","proident enim esse","pariatur","consequat in mollit","aliquip"}', DEFAULT, DEFAULT, DEFAULT), ('f92c2ba5-8b0e-58ef-9364-e364e4c41522', '02489279-3f4c-5f0f-845f-6f8bb51bae87', 8, 'unlisted', 'Counter Pick Blueprint', '{"minim","cillum deserunt sint"}', DEFAULT, DEFAULT, DEFAULT), ('e2ec2872-d983-5938-8f1c-38a9a14124dd', '9f26eece-7e59-5b46-a98b-848dc55a0cda', 8, 'public', 'Counter Pick Blueprint', '{}', DEFAULT, DEFAULT, DEFAULT), ('4d4230bc-d1b6-532c-9bbf-8c67caf4f9ed', 'f6a7cc82-a609-50ee-a839-9fa8b1a9631d', 3, 'private', 'Early Game Dominance Guide', '{"velit non cillum minim","et ad Lorem labore","esse est esse"}', DEFAULT, DEFAULT, DEFAULT), ('8be9ffc5-25d1-5c32-be1f-9a9ec00544f6', '8bf74689-dfcf-5429-b342-2718dce8a8eb', 6, 'unlisted', 'Early Game Dominance Guide', '{"tempor sit","sit","in","laboris nostrud ad","sit occaecat dolore","Lorem aute"}', DEFAULT, DEFAULT, DEFAULT), ('a3241e44-bd93-5a11-a730-863e8eb75275', '6451b879-16d7-5644-b6b9-87dd18b3facf', 7, 'private', 'Gank Heavy Approach', '{"nostrud reprehenderit","ut occaecat elit","duis consequat pariatur non"}', DEFAULT, DEFAULT, DEFAULT), ('a1c32f18-989f-5961-80f5-4a21a838bc95', '3d4df0ce-5a7f-53e4-b486-95faf0a09720', 10, 'private', 'Baron Control Strategy', '{"qui aliqua","ad proident et proident"}', DEFAULT, DEFAULT, DEFAULT), ('8fde1282-59d1-5f9b-bc10-4130ce793fa9', '2067e70c-565d-520b-b56b-19189e5b77f5', 9, 'public', 'Late Game Scaling Strategy', '{"enim ut minim","laboris est","voluptate duis excepteur","ullamco"}', DEFAULT, DEFAULT, DEFAULT), ('f85f8e1b-b8a0-528e-bc81-49b3e6a34ee5', '3c6d504a-3b43-5117-a71b-e844b07b3920', 2, 'unlisted', 'Wave Management Plan', '{"ipsum eiusmod reprehenderit","proident labore do"}', DEFAULT, DEFAULT, DEFAULT), ('e16cfe57-140d-5b3e-90f8-910575ffdd47', '8bf74689-dfcf-5429-b342-2718dce8a8eb', 4, 'unlisted', 'Early Game Dominance Guide', '{}', DEFAULT, DEFAULT, DEFAULT), ('06866e23-2aeb-59f2-9d3c-156507eb23db', '7b09592d-b146-5ee2-9db5-3683955196d6', 9, 'private', 'Gank Heavy Approach', '{"occaecat elit fugiat ipsum commo"}', DEFAULT, DEFAULT, DEFAULT), ('e5c44c16-4905-59d0-8c2a-f48ebfc3fdcc', '0e342915-b360-541f-8c0a-bdf36b3c0ce2', 3, 'unlisted', 'Split Push Blueprint', '{"cillum do","nulla tempor","nisi ad","nulla duis laboris ut dolor","laborum cupidatat dolor","occaecat","magna","ut","eu duis irure","anim amet occaecat nisi dolor"}', DEFAULT, DEFAULT, DEFAULT), ('0298782b-da7d-55b4-a736-8126dd2f9d32', '99498cc5-464e-5b95-a415-0dba48b40687', 5, 'private', 'Early Game Dominance Guide', '{"deserunt nisi adipisicing do ani","voluptate consectetur tempor sun","consequat cillum dolor","anim qui aliqua","ea incididunt"}', DEFAULT, DEFAULT, DEFAULT), ('8f534833-d8c3-5d0a-b63c-bd2740be0330', 'cbe3cf1c-d730-5d2f-b890-2de0f1a164e6', 10, 'private', 'Objective Focused Strategy', '{"velit qui fugiat tempor","excepteur ut occaecat","in sit aute culpa","et ullamco","reprehenderit occaecat"}', DEFAULT, DEFAULT, DEFAULT), ('1caeec83-1956-53fb-9c1a-7f585775c524', '6c52c1d9-13a4-51ef-ae51-1dacc4c14be9', 6, 'public', 'Defensive Turtle Tactics', '{"culpa reprehenderit","excepteur ex esse elit"}', DEFAULT, DEFAULT, DEFAULT), ('28f2bbc2-0260-5d64-a9bf-64e9bc163c30', '88514f78-7770-5bc2-96a4-f0f4ebcab4a4', 7, 'unlisted', 'Jungle Control Playbook', '{"occaecat adipisicing sint dolore","eiusmod aliqua aliquip ullamco","irure quis","ullamco ut","commodo eiusmod laboris mollit c","Lorem amet aliqua sit laboris","et sint","voluptate qui proident aliquip d","qui labore","reprehenderit minim"}', DEFAULT, DEFAULT, DEFAULT), ('8590b74a-b67e-5525-9786-4e0fc4c65d06', '110efd29-2979-5c30-b41f-b3bf832f48cd', 4, 'private', 'Wave Management Plan', '{"cillum Lorem sunt","mollit commodo mollit","duis do"}', DEFAULT, DEFAULT, DEFAULT), ('fa5e4221-0eae-5da7-9a16-5b8399b9ef50', '43bcab14-4a69-5e60-a07f-cda2fe595a2a', 10, 'unlisted', 'Baron Control Strategy', '{"cillum duis commodo excepteur","laboris elit sunt et","velit aliqua","consectetur ullamco","veniam","proident ad do","est eiusmod"}', DEFAULT, DEFAULT, DEFAULT), ('fedb01d5-16e2-59fd-8845-ff6a92bd83f7', '5f651c76-ceba-56db-bd60-512d4079ec53', 10, 'unlisted', 'Counter Pick Blueprint', '{"elit","eu","laborum","Lorem eu reprehenderit"}', DEFAULT, DEFAULT, DEFAULT), ('d6d0cf2a-b6d2-5f41-bc05-2fe5bf5ca317', 'e20720a7-b660-50e0-8da5-8784fa26a31d', 6, 'public', 'Vision Control Blueprint', '{"ut","nulla aute aliqua aute","cupidatat eu","enim exercitation dolor","veniam velit dolore voluptate nu","nulla commodo","magna duis","dolor nulla elit","in officia nostrud mollit","consectetur anim ullamco"}', DEFAULT, DEFAULT, DEFAULT), ('a18cadaa-4531-5180-a607-ad2a5bc25f0c', 'b737f334-53a3-585e-98d7-69fce744e35e', 9, 'public', 'Map Control Blueprint', '{"culpa dolore","amet est sit cupidatat"}', DEFAULT, DEFAULT, DEFAULT), ('7858de1c-870d-5289-9bbf-085e4de69d79', '386af548-38a2-54d8-bcb7-4bb0b3a08bf8', 4, 'unlisted', 'Team Fight Execution Plan', '{}', DEFAULT, DEFAULT, DEFAULT), ('c5510993-cf82-5729-a476-bbba91fd2ee1', '43bcab14-4a69-5e60-a07f-cda2fe595a2a', 8, 'public', 'Siege Tactics Handbook', '{"sit","aliquip aute","veniam ipsum elit aute","aliquip reprehenderit excepteur","nulla mollit","magna aliquip id","voluptate sint nisi ullamco anim","sint aliqua tempor pariatur","sit et magna","irure est laborum magna"}', DEFAULT, DEFAULT, DEFAULT), ('65495df9-49dc-5680-b4b7-97fe7364e837', '91fa3874-9437-5dfa-a49a-f19fb38d9e92', 10, 'unlisted', 'Aggressive Rush Strategy', '{"commodo eu occaecat","occaecat","incididunt elit ut sunt"}', DEFAULT, DEFAULT, DEFAULT), ('6a08951b-2f4b-5069-a734-056efe107e30', '7c0f6282-7933-5431-8e88-9d2b9f09f272', 10, 'unlisted', 'Aggressive Rush Strategy', '{"reprehenderit nulla magna labore","deserunt nisi officia elit"}', DEFAULT, DEFAULT, DEFAULT), ('d96e9820-0562-5ef0-a957-fb16e8a3cda6', '77085b75-b014-57d0-8618-9cc95436a25e', 6, 'unlisted', 'Team Fight Execution Plan', '{"proident","do tempor dolore aliqua incididu","culpa exercitation ad enim labor","id commodo amet excepteur","sunt","duis anim"}', DEFAULT, DEFAULT, DEFAULT), ('44d39286-2c39-52c0-9fdf-811ac2ac0b4f', '81cd6138-b0c3-5d83-86b9-8143c909421b', 4, 'unlisted', 'Objective Focused Strategy', '{"minim culpa ut est","nisi","velit cillum","aute nostrud sit ullamco","eu ut cupidatat sint"}', DEFAULT, DEFAULT, DEFAULT), ('f5284b1c-c867-5bcb-ae27-b4a46054354e', 'f8151e07-b0ba-57cb-b13b-f8463f48e7fa', 2, 'unlisted', 'Jungle Control Playbook', '{"fugiat culpa mollit","laborum sit incididunt non","eu culpa exercitation"}', DEFAULT, DEFAULT, DEFAULT), ('748b6b6e-790a-524c-8953-9f99ff6241ea', 'cd80d13e-478f-5058-8dfd-e20a76013cb5', 6, 'private', 'Early Game Dominance Guide', '{"quis in ex","est deserunt","ea Lorem laboris irure","aliqua ullamco nostrud qui"}', DEFAULT, DEFAULT, DEFAULT), ('94e59d3e-1e10-58ee-b57b-120d24970da8', 'a727f58e-5d42-555f-a07e-84196ea16b24', 1, 'private', 'Early Game Dominance Guide', '{"duis est mollit ad","pariatur proident dolor tempor q"}', DEFAULT, DEFAULT, DEFAULT), ('a501e3c2-1df6-5f20-9532-89c5471331c6', 'b737f334-53a3-585e-98d7-69fce744e35e', 5, 'private', 'Aggressive Rush Strategy', '{"quis ipsum adipisicing dolore","velit proident enim minim amet","aliquip fugiat commodo fugiat"}', DEFAULT, DEFAULT, DEFAULT), ('eba1549a-b3ad-5f1e-ad56-15be0771d0f9', 'e09a1a6c-2073-587c-bb13-604903ae6e80', 4, 'private', 'Roaming Support Plan', '{"ex laboris do"}', DEFAULT, DEFAULT, DEFAULT), ('02d6bfb1-b7f1-5129-9d1b-729fd2d36ca6', '26f7bb6a-3c9c-5b30-b11b-be5ebfb91948', 3, 'public', 'Objective Focused Strategy', '{"officia labore","amet laborum laboris tempor fugi","adipisicing proident quis","esse veniam esse adipisicing","exercitation ut","anim non ex","ullamco irure","eiusmod sint","et nulla consectetur minim"}', DEFAULT, DEFAULT, DEFAULT), ('feadd401-b272-53d1-bc20-6dad4e3ffc29', '6fc34c52-742f-56c2-b6c3-89dee63a8839', 6, 'private', 'Objective Focused Strategy', '{"reprehenderit quis","irure fugiat nisi","deserunt et elit","consectetur pariatur","minim","cupidatat sit eu nisi duis","ex culpa voluptate in","exercitation fugiat aute"}', DEFAULT, DEFAULT, DEFAULT), ('f4023970-bb8c-5175-9f3e-42520be2a6af', '47e5d6a1-6a7c-5068-97e6-b73d6f3b47c1', 5, 'unlisted', 'Baron Control Strategy', '{"eiusmod sunt laboris","reprehenderit do anim","reprehenderit id"}', DEFAULT, DEFAULT, DEFAULT), ('ab471cfa-3489-5a6c-bf5c-82aeac3819f5', '5dedc9b9-eec3-5ace-a95b-d7817834d9af', 3, 'private', 'Wave Management Plan', '{}', DEFAULT, DEFAULT, DEFAULT), ('782d8b69-ae89-5508-b431-d9e3d4f25423', '8d3f145b-67b0-504d-b49a-d59ecea5d2d8', 9, 'unlisted', 'Secure Objective Playbook', '{"deserunt incididunt aute","irure","laborum occaecat ea consequat ni","enim amet ut","ad nulla proident","exercitation labore fugiat qui","adipisicing in velit elit duis"}', DEFAULT, DEFAULT, DEFAULT), ('bfbbf302-05a7-5b0c-991e-f7c79f52034e', 'b67e09de-df70-515b-91d0-6e53f3b4a58a', 7, 'unlisted', 'Objective Focused Strategy', '{"deserunt tempor enim aute proide","quis qui officia dolor","irure nisi labore officia","officia","veniam","incididunt","ipsum proident labore anim enim","laborum duis","sit anim sint"}', DEFAULT, DEFAULT, DEFAULT), ('86a9949d-fbe2-5edf-bf64-6b822a75bdc8', '3204ce32-7c5b-5953-969e-fe1d17de6e76', 3, 'private', 'Vision Control Blueprint', '{"do ex magna","ipsum elit ad aliquip","ipsum duis eu id","laboris consectetur cillum","consectetur","nostrud reprehenderit est aute","elit ut labore culpa","ex"}', DEFAULT, DEFAULT, DEFAULT), ('3d78c871-f9be-5ceb-b04c-13f9eb63efa0', '07d1c973-053f-5f79-8627-e7767272680a', 7, 'unlisted', 'Vision Control Blueprint', '{"nulla sunt culpa laboris eu"}', DEFAULT, DEFAULT, DEFAULT), ('e5e7301c-ed7e-5267-a91e-331eeecbad04', '6c3f6730-2b1a-5e27-97de-caacad0bb1a5', 1, 'unlisted', 'Map Control Blueprint', '{"incididunt fugiat eu qui est","aliqua fugiat","velit commodo non","amet culpa ut velit tempor","id adipisicing laborum est","Lorem Lorem proident deserunt","irure duis amet reprehenderit","quis magna nulla cupidatat ad","ipsum elit"}', DEFAULT, DEFAULT, DEFAULT), ('e06f1954-eb7e-5811-8e85-0b7239ac60d6', 'f52ce409-f800-5a86-b4ed-ce1a99a8a6ae', 9, 'unlisted', 'Defensive Turtle Tactics', '{"voluptate magna"}', DEFAULT, DEFAULT, DEFAULT), ('cbe8ef05-c651-5778-b8a6-717eee524007', '4d69e856-19b8-56e1-8c35-8fa97a510f91', 4, 'public', 'Gank Heavy Approach', '{"nisi est id esse irure","ipsum","adipisicing laboris aliquip id","veniam dolor","incididunt ut reprehenderit","est nisi"}', DEFAULT, DEFAULT, DEFAULT), ('479e5b51-1e2b-5ac2-b0c4-d0fc97906c11', '9af6e0ef-7015-5390-856a-705032c2e40e', 9, 'unlisted', 'Late Game Scaling Strategy', '{"aliqua dolor labore"}', DEFAULT, DEFAULT, DEFAULT), ('bcb7ae75-c1e7-50cd-ba0b-a339091eb350', 'ddb44318-7e83-5b4d-8ba4-3bbd19edd327', 3, 'private', 'Late Game Scaling Strategy', '{"in Lorem officia","ullamco aliqua","amet tempor veniam","dolor irure ullamco labore","duis","amet"}', DEFAULT, DEFAULT, DEFAULT), ('22dccad0-36ca-5845-a1bd-b6027b406b8d', '21a7e579-98a3-5757-a0a8-913f2da95aba', 4, 'unlisted', 'Siege Tactics Handbook', '{"cillum Lorem","ipsum ex sit id nisi","commodo et"}', DEFAULT, DEFAULT, DEFAULT), ('d3293b00-a774-5f1e-99fc-e8f05eabde14', 'a9752d0c-ade4-58c6-b746-1b9df56a3d08', 7, 'unlisted', 'Team Fight Execution Plan', '{"ex dolore Lorem","adipisicing id laborum","velit officia in","minim nisi","deserunt eiusmod eiusmod officia","eu sit aute Lorem officia","tempor elit minim","magna minim"}', DEFAULT, DEFAULT, DEFAULT), ('6822c6f8-ae35-5c57-9558-9cc55665f5cb', '70e095a9-713d-5fe2-a06a-8145febdb917', 8, 'private', 'Siege Tactics Handbook', '{"quis aliquip pariatur","dolore exercitation","minim","cupidatat veniam","culpa officia labore sit","qui","est elit","ea et velit"}', DEFAULT, DEFAULT, DEFAULT), ('8ac966bd-de46-5e4a-8401-5328d63ae1b4', '583774ae-7432-5503-850f-867e82c0838b', 8, 'unlisted', 'Early Game Dominance Guide', '{"dolor incididunt ullamco magna c","labore","nulla enim","aute veniam"}', DEFAULT, DEFAULT, DEFAULT), ('36f6354b-1927-5b66-8fab-ef32da0e1694', '6f47176d-afa5-5e10-b67a-c597508731b9', 10, 'public', 'Split Push Blueprint', '{"dolor","qui eiusmod labore consequat","nisi","mollit aute sint","ullamco veniam sunt do","proident qui"}', DEFAULT, DEFAULT, DEFAULT), ('a3befd2b-2867-5547-af7d-2fe7d53b98ef', 'ba60341e-ffca-5a8d-85d2-58afc6ff269c', 4, 'unlisted', 'Vision Denial Blueprint', '{"sunt velit aute laborum eiusmod","consectetur ut"}', DEFAULT, DEFAULT, DEFAULT), ('4d502d01-8a3a-58bc-acb8-f61c47f35e10', '5f651c76-ceba-56db-bd60-512d4079ec53', 9, 'unlisted', 'Siege Tactics Handbook', '{"enim quis qui culpa culpa","occaecat culpa sunt ut culpa","magna adipisicing amet minim","nulla ex aute aliqua","in quis cillum non"}', DEFAULT, DEFAULT, DEFAULT), ('ebdf08a4-39c5-5347-ab53-e4ef0e2d1add', 'fd2a8113-662a-5782-9e12-f7b49eee56e0', 4, 'public', 'Roaming Support Plan', '{"est laboris consequat reprehende","irure veniam","fugiat aliquip sint","eu mollit ipsum exercitation ven"}', DEFAULT, DEFAULT, DEFAULT), ('4cfaa7bd-7f8e-52b6-a079-b1fc1773dccb', '096adf71-c74e-5b77-822b-46a8768797c5', 5, 'private', 'Map Control Blueprint', '{"incididunt cupidatat incididunt","voluptate non qui commodo","ea non esse proident","voluptate cupidatat"}', DEFAULT, DEFAULT, DEFAULT), ('379aa38a-0dab-5c06-8cdb-45bf5d7e2d27', 'd83dc18f-802e-557e-bc41-666a57c09bee', 3, 'unlisted', 'Split Push Blueprint', '{"Lorem duis","ut esse mollit","pariatur eu non cupidatat","nisi laboris","id ut veniam nostrud ea","cupidatat"}', DEFAULT, DEFAULT, DEFAULT), ('1cb4e4cf-86cc-5f46-9e77-98b857e060d9', '6a248992-e0a8-5c27-8d71-fd2cfd3a1fd6', 10, 'private', 'Vision Control Blueprint', '{"do labore","dolor aliquip sit","sint adipisicing minim"}', DEFAULT, DEFAULT, DEFAULT), ('f39bcc07-5eef-5435-b6e9-d947c3bae70d', '75b1f4f3-d352-56de-83dd-e679684b060c', 1, 'public', 'Late Game Scaling Strategy', '{"eiusmod non laboris magna","irure commodo enim","elit occaecat elit","velit ullamco nisi"}', DEFAULT, DEFAULT, DEFAULT), ('20a16bbe-0188-55a3-8d14-7e2e6b37794e', '882c7ae5-914f-539d-8207-691de536097f', 9, 'public', 'Split Push Blueprint', '{"pariatur","sint pariatur cupidatat anim et","cupidatat laboris aliqua","exercitation magna id enim","nostrud non dolore","Lorem consequat","anim nulla sunt","velit"}', DEFAULT, DEFAULT, DEFAULT), ('75a162e8-f427-5c64-baca-dba20bc829dd', '7c0f6282-7933-5431-8e88-9d2b9f09f272', 7, 'unlisted', 'Objective Focused Strategy', '{"voluptate tempor","laboris eu occaecat nostrud","fugiat exercitation nisi","minim irure non","occaecat ut","aliqua ad","aliqua eu proident","nisi excepteur veniam fugiat","eu do"}', DEFAULT, DEFAULT, DEFAULT), ('5075bfb2-60b4-588c-ba9f-cd0f3efae77e', 'df625f4d-0fe2-599a-b1d3-13232701e19f', 5, 'public', 'Vision Denial Blueprint', '{"nostrud enim consequat est","non ullamco laborum","Lorem ullamco","velit laborum nulla adipisicing","enim cillum","ex nostrud aliquip cupidatat ull","exercitation dolor","fugiat id ad"}', DEFAULT, DEFAULT, DEFAULT), ('329b0bda-79b1-53f3-afe7-b7495bde0220', '77085b75-b014-57d0-8618-9cc95436a25e', 2, 'public', 'Rotation Strategy Document', '{}', DEFAULT, DEFAULT, DEFAULT), ('fc992b53-61aa-5185-8280-7863348ce734', '6451b879-16d7-5644-b6b9-87dd18b3facf', 2, 'unlisted', 'Early Game Dominance Guide', '{"dolore laboris voluptate aliqua","nostrud aliquip sint","fugiat eu","velit et id","id labore duis"}', DEFAULT, DEFAULT, DEFAULT), ('e15f78fd-c85d-5196-b441-614f0f00a652', 'b64d0217-6a7b-5682-8927-676434f72be9', 3, 'unlisted', 'Jungle Control Playbook', '{"incididunt","sunt aute fugiat est sit","dolore proident"}', DEFAULT, DEFAULT, DEFAULT), ('27d28c73-d0c0-5545-a0d3-0f0fa8e1aca6', '09bca3f4-0d37-5f5a-b637-9d7942a17cff', 2, 'unlisted', 'Roaming Support Plan', '{"in occaecat quis quis","sint proident et","cillum tempor","voluptate veniam ea"}', DEFAULT, DEFAULT, DEFAULT), ('bc0ae162-e51f-5f29-b5b0-87887eac9c85', '2dbccffd-e7a5-5653-9dc6-18e988716abe', 7, 'unlisted', 'Secure Objective Playbook', '{"irure deserunt"}', DEFAULT, DEFAULT, DEFAULT), ('23cfe397-d97e-55bf-af72-35043f52d2bb', 'e5b4727f-be5e-52c0-83cb-cb7ba230945f', 8, 'private', 'Objective Focused Strategy', '{"enim officia","eiusmod eu","adipisicing tempor anim laborum "}', DEFAULT, DEFAULT, DEFAULT), ('2135e4d6-4261-59ed-a63d-11a8a55ba0c0', 'f754848a-9cd5-551c-9bb4-aa81e33b42af', 5, 'unlisted', 'Wave Management Plan', '{"officia Lorem","anim culpa qui","ea reprehenderit deserunt","laboris irure pariatur","id","duis do enim incididunt exercita","duis eiusmod","nisi labore nulla nulla"}', DEFAULT, DEFAULT, DEFAULT), ('32ca2e92-cee8-58b4-beec-0fd9742bf2df', '699a803c-69a7-58fb-805f-9c44bce0b12d', 8, 'private', 'Counter Pick Blueprint', '{"eu occaecat","culpa proident aliqua minim","velit aute nisi cillum","aliquip velit velit exercitation"}', DEFAULT, DEFAULT, DEFAULT), ('69e335b1-cf42-5234-867f-fc3222ba0932', 'abf8504a-2cfc-5a9d-a5d2-31dccd8bf00f', 7, 'public', 'Defensive Turtle Tactics', '{"commodo duis pariatur irure","cillum laboris","laboris ullamco"}', DEFAULT, DEFAULT, DEFAULT), ('4addfd63-7007-5913-b0c6-95e35fe44af0', '98eaafd3-adbf-5a3e-adb9-b3fb6971b6f1', 5, 'unlisted', 'Defensive Turtle Tactics', '{"officia","commodo ad nostrud aliqua ipsum"}', DEFAULT, DEFAULT, DEFAULT), ('29e1da9c-3bfa-53c5-8780-7032cb48ed69', 'd664e8db-93ef-5294-a361-9e8640907e59', 8, 'private', 'Aggressive Rush Strategy', '{"reprehenderit et","officia aute","ipsum veniam officia","elit ea sint laborum dolore","ipsum sit sit","qui","officia anim sunt in","id deserunt eiusmod","dolore commodo mollit laborum","id elit aute"}', DEFAULT, DEFAULT, DEFAULT), ('0fe3263a-4b99-5049-afdd-8a29336988d1', 'f3376d8d-17f3-5259-a5b0-af6d5e21e7e2', 10, 'private', 'Defensive Turtle Tactics', '{"labore anim officia tempor"}', DEFAULT, DEFAULT, DEFAULT), ('de533318-8238-5b98-90fa-7923fbda78df', '290e51c6-7ff6-5db4-8f40-69dda051b66c', 3, 'public', 'Aggressive Rush Strategy', '{"aliquip ut ad ullamco","irure sit reprehenderit adipisic","ut commodo ullamco et","officia fugiat","laborum"}', DEFAULT, DEFAULT, DEFAULT), ('91b0fe2a-8d53-5dfa-804e-dadbd5fed2f0', '28e4b717-ba20-5ce6-96db-f08421aa2fc7', 3, 'unlisted', 'Roaming Support Plan', '{"labore dolore voluptate proident","officia Lorem","voluptate deserunt","quis ea quis","sint excepteur","laborum eu"}', DEFAULT, DEFAULT, DEFAULT), ('f2da91e9-e150-5eba-811a-769c8b464b2d', 'f5d8c620-973f-509a-b5b1-dc1e889a22a1', 7, 'private', 'Aggressive Rush Strategy', '{"cillum non","duis","labore","dolor mollit tempor","aliquip sit"}', DEFAULT, DEFAULT, DEFAULT), ('830462ad-e07d-578c-9343-4c2f3f3f896d', '45173bfe-a11f-574a-ac25-21cda1308ec9', 1, 'public', 'Aggressive Rush Strategy', '{"ex tempor magna eu incididunt","culpa","adipisicing amet nostrud laboris","ullamco ex aute aliqua enim","proident excepteur irure","do nulla aliquip","elit Lorem et ex"}', DEFAULT, DEFAULT, DEFAULT), ('e4d512a0-9012-54c8-a0de-d2cfb46cc4e7', '844afdcc-93cf-55c8-b0f1-1cc22329a30b', 1, 'private', 'Gank Heavy Approach', '{"amet fugiat id ex","aliqua non occaecat","deserunt irure","mollit dolore laboris Lorem Lore","officia reprehenderit ea sit exe","exercitation nostrud enim"}', DEFAULT, DEFAULT, DEFAULT), ('8fc4ec28-bbda-57ff-86ae-02acc462e7a3', '39da01f0-2195-5fc3-a74a-d12c26c902a3', 2, 'unlisted', 'Split Push Blueprint', '{"in ad non anim officia","velit eu mollit","amet Lorem voluptate","commodo cillum incididunt","mollit","culpa consequat","Lorem veniam labore fugiat et","dolor ut incididunt sunt","sint id"}', DEFAULT, DEFAULT, DEFAULT), ('46cb3ac1-56db-5482-a77b-488299529f1c', '6c3f6730-2b1a-5e27-97de-caacad0bb1a5', 8, 'unlisted', 'Roaming Support Plan', '{}', DEFAULT, DEFAULT, DEFAULT), ('ca6dab04-25c1-5208-bf77-9e5162704420', 'd2268e40-fa6d-5300-9f01-b7cc8f9018e3', 9, 'private', 'Wave Management Plan', '{"incididunt amet consectetur duis","cupidatat duis velit","occaecat voluptate deserunt labo","ipsum enim laboris","cupidatat sit dolor eu","consectetur quis sit","ea elit in culpa","irure deserunt"}', DEFAULT, DEFAULT, DEFAULT), ('54485efb-a52b-5ef1-8d37-32b22dc487d0', 'a6ea6199-2a1a-56d4-b12a-1bf7d32d154c', 7, 'private', 'Defensive Turtle Tactics', '{"do duis","ex in ut"}', DEFAULT, DEFAULT, DEFAULT), ('1fa8fec1-5ed8-5fb9-afc2-a5a8eea61a64', '86df0f11-95ba-5c29-a98d-d8c806615d35', 4, 'public', 'Gank Heavy Approach', '{"ipsum","consectetur mollit","ut ad voluptate excepteur esse","fugiat duis laboris ad","reprehenderit eiusmod laborum es","sint minim proident reprehenderi"}', DEFAULT, DEFAULT, DEFAULT), ('21212b38-5327-5020-9dc6-3fca09a6128f', 'd1b8f3f8-af26-5088-8712-273c28ba98f7', 5, 'unlisted', 'Baron Control Strategy', '{"excepteur do mollit ad magna"}', DEFAULT, DEFAULT, DEFAULT), ('b22cc198-1bf7-5cc9-b682-385ac5f11217', '75b1f4f3-d352-56de-83dd-e679684b060c', 2, 'unlisted', 'Map Control Blueprint', '{"ut cillum laboris esse","magna adipisicing","laborum proident aute exercitati","amet dolore","occaecat et aliquip ut"}', DEFAULT, DEFAULT, DEFAULT), ('07d77b7a-f8bb-53ab-8750-034a7dc2bcb0', 'fe24988b-bca5-5bf5-be0f-c92da7b2cbe1', 8, 'unlisted', 'Defensive Turtle Tactics', '{"duis cupidatat laborum anim","tempor aliqua id laboris nulla","qui","fugiat cupidatat ad ex ut","officia consequat incididunt com","Lorem dolor culpa cillum","officia"}', DEFAULT, DEFAULT, DEFAULT), ('f7f63dc3-d8b7-5f42-b802-636e4e3f43bb', '3c6d504a-3b43-5117-a71b-e844b07b3920', 7, 'private', 'Split Push Blueprint', '{"duis","irure sunt laborum consectetur"}', DEFAULT, DEFAULT, DEFAULT), ('a1dd34cc-747e-59d2-bb04-592165ee24b7', 'f46ce5c6-3097-5b5d-8213-37b749a8664f', 10, 'private', 'Late Game Scaling Strategy', '{"aliquip eu","magna id dolore"}', DEFAULT, DEFAULT, DEFAULT), ('b111722b-fdf4-55f7-a1ea-183bf540f7e3', 'ab07c47c-511a-5092-acb9-cbf862e0076b', 9, 'unlisted', 'Jungle Control Playbook', '{"elit minim anim","amet do cupidatat labore"}', DEFAULT, DEFAULT, DEFAULT), ('de288e5e-33f8-5b49-9dad-83fa7d46ac0d', '9a52e2af-cb63-5ab2-95a7-ae32f01d6a1c', 7, 'private', 'Late Game Scaling Strategy', '{"non ullamco consectetur"}', DEFAULT, DEFAULT, DEFAULT), ('f1ab7f2e-7a01-59f1-b811-78e3b78b40bc', 'ad276812-3b86-5425-b36a-d822f2860912', 8, 'private', 'Vision Denial Blueprint', '{"velit magna nostrud in","proident","aute esse sit ut","officia ut sint tempor","ut do","officia qui anim in","mollit irure duis proident","minim eu","tempor reprehenderit esse cupida","pariatur sunt"}', DEFAULT, DEFAULT, DEFAULT), ('e0783de7-ca51-5f0a-a7ac-8dcd533efd10', '99498cc5-464e-5b95-a415-0dba48b40687', 10, 'unlisted', 'Rotation Strategy Document', '{"cupidatat excepteur est fugiat","id occaecat est nostrud","id","Lorem est"}', DEFAULT, DEFAULT, DEFAULT), ('c3238b63-2dda-5915-8ca5-773255a1cfad', '1d3f740a-8c60-5c1d-aa9e-3854a33c8e1d', 2, 'private', 'Defensive Turtle Tactics', '{"Lorem aliquip occaecat","dolore mollit ullamco","eu et non","sunt","ipsum culpa ex","pariatur minim","laborum","amet ullamco labore","et sint duis"}', DEFAULT, DEFAULT, DEFAULT), ('7b1aca75-d87e-55c4-87f7-005fafbadfdb', 'cf2e12ac-941e-5dbb-b044-ab0b13ab4af7', 6, 'public', 'Wave Management Plan', '{"culpa ad sit","eiusmod duis cillum commodo","veniam ad sit duis duis","qui enim officia","ut consequat","in veniam"}', DEFAULT, DEFAULT, DEFAULT), ('106d238e-2ba4-525c-8d85-994f8dfb2984', '71edf17f-e471-58c3-bbf8-8111bd6c7c8e', 5, 'unlisted', 'Gank Heavy Approach', '{"sit eu deserunt eu","laboris tempor officia qui nisi","occaecat","duis Lorem adipisicing occaecat","sint labore anim","pariatur amet","in ex incididunt","in"}', DEFAULT, DEFAULT, DEFAULT), ('72f05d50-2802-535d-af55-29384395d238', '8d3f145b-67b0-504d-b49a-d59ecea5d2d8', 9, 'unlisted', 'Rotation Strategy Document', '{"nostrud enim","sit ex qui","proident cillum ex et","elit fugiat reprehenderit consec","consectetur ex esse","et Lorem anim duis","dolor"}', DEFAULT, DEFAULT, DEFAULT), ('f914b2f3-d88a-52e4-ac43-1ef8cffb4d34', '5531f3c9-2ccc-59e8-86e8-da1800808ec2', 9, 'public', 'Map Control Blueprint', '{"in labore magna minim excepteur","nisi aute consectetur","non","sit elit aliqua","voluptate irure"}', DEFAULT, DEFAULT, DEFAULT), ('c620930b-8f59-50ae-bf46-b1a3aca28f0a', '5531f3c9-2ccc-59e8-86e8-da1800808ec2', 8, 'unlisted', 'Map Control Blueprint', '{"dolore officia nulla anim labore","est aute laboris fugiat pariatur","enim occaecat pariatur non","enim nisi ipsum"}', DEFAULT, DEFAULT, DEFAULT), ('c78418ab-6a36-52f6-ad32-89289156138c', 'c9fc147f-dadb-5b75-8ed7-efb86a7392ce', 5, 'public', 'Vision Denial Blueprint', '{"id proident laboris consequat de","nostrud aliqua anim amet","esse tempor aute id","quis do et nostrud laboris"}', DEFAULT, DEFAULT, DEFAULT), ('ed7bef30-09b5-5167-a122-9b398a76eaef', 'd664e8db-93ef-5294-a361-9e8640907e59', 9, 'unlisted', 'Aggressive Rush Strategy', '{"dolore id","proident consectetur consectetur","ex qui veniam","aliquip exercitation elit deseru","enim anim cillum"}', DEFAULT, DEFAULT, DEFAULT), ('ecddf116-85cf-5aef-8c73-6e5963680c88', 'b67e09de-df70-515b-91d0-6e53f3b4a58a', 7, 'private', 'Roaming Support Plan', '{"officia sit ut","culpa cupidatat ad"}', DEFAULT, DEFAULT, DEFAULT), ('5bb46529-9916-530c-88e4-31ac6d441591', '110efd29-2979-5c30-b41f-b3bf832f48cd', 1, 'private', 'Late Game Scaling Strategy', '{}', DEFAULT, DEFAULT, DEFAULT), ('8b092693-9a40-5f6a-a57b-3c3e9f5288f7', '3d58489a-e732-5fe3-9fa1-7d8615a17b59', 7, 'private', 'Defensive Turtle Tactics', '{}', DEFAULT, DEFAULT, DEFAULT), ('65d96d53-ecd8-5cb9-a3d4-a2842c9c629f', 'd36b7a55-d6b7-5955-bd46-7839332db245', 3, 'private', 'Vision Denial Blueprint', '{"mollit officia anim fugiat","occaecat enim amet","non reprehenderit reprehenderit "}', DEFAULT, DEFAULT, DEFAULT), ('672c681b-4325-56a5-8413-28facb838b89', 'e7220451-be7e-505e-a9bf-ee44e4532e06', 6, 'unlisted', 'Wave Management Plan', '{"irure eiusmod reprehenderit"}', DEFAULT, DEFAULT, DEFAULT), ('49d19d37-5ee3-59d0-a985-37b5b703ceb0', '6a248992-e0a8-5c27-8d71-fd2cfd3a1fd6', 3, 'public', 'Team Fight Execution Plan', '{"amet enim","non","anim id voluptate duis","sint labore ipsum in ullamco","officia cupidatat labore ex","occaecat sunt non dolore eiusmod","in minim velit","mollit labore excepteur","irure"}', DEFAULT, DEFAULT, DEFAULT), ('66e9d7dd-018c-5299-8470-9f074683bd55', '305fa448-c3bf-59c7-a989-19ae69ce0725', 5, 'unlisted', 'Early Game Dominance Guide', '{"id fugiat","incididunt culpa","cillum proident incididunt enim","officia quis do","aliqua consequat cillum qui"}', DEFAULT, DEFAULT, DEFAULT), ('d4a93045-0519-5ae2-8bd3-51a7d07f2b97', '70e095a9-713d-5fe2-a06a-8145febdb917', 1, 'private', 'Split Push Blueprint', '{"officia dolor deserunt","anim exercitation cillum","veniam laboris pariatur velit of","veniam nostrud amet aute officia","amet"}', DEFAULT, DEFAULT, DEFAULT), ('b5bd1f0b-0be5-592a-87b7-65db36f2fa17', '438bff0e-fd50-5c86-89ee-d397a0c0e548', 1, 'unlisted', 'Aggressive Rush Strategy', '{"sint esse","aute nisi quis","incididunt do voluptate","laborum laboris Lorem"}', DEFAULT, DEFAULT, DEFAULT), ('902168ab-57a5-5714-b589-ecf1bd6d2517', '63e38d08-3dd9-5569-ab28-f70e94b3cdb7', 1, 'unlisted', 'Vision Control Blueprint', '{"occaecat nulla","quis do velit fugiat sint","anim qui","ex et sit"}', DEFAULT, DEFAULT, DEFAULT), ('8e1b1af0-d36a-5958-9b32-c8f59e8edaf9', 'cd80d13e-478f-5058-8dfd-e20a76013cb5', 4, 'private', 'Objective Focused Strategy', '{"reprehenderit","irure ea minim tempor"}', DEFAULT, DEFAULT, DEFAULT), ('9ca1e23a-7fd9-5be2-b14a-5f50a52fda0a', '897e7fb9-bd9c-59e3-afc7-d1c31ec7ef34', 1, 'private', 'Counter Pick Blueprint', '{"et eu"}', DEFAULT, DEFAULT, DEFAULT), ('b458c0d2-4d21-597a-9d7c-522e47032d79', '882c7ae5-914f-539d-8207-691de536097f', 5, 'unlisted', 'Siege Tactics Handbook', '{"eiusmod proident sit quis laboru","ad consequat veniam magna","aliquip anim nisi","fugiat ut","laborum","quis et deserunt amet","ipsum dolore","ex minim","minim amet Lorem","do in nisi cupidatat"}', DEFAULT, DEFAULT, DEFAULT), ('aeae5590-e6d3-5c02-8a1c-40a6bcf61bd6', '8b474939-245b-5ed9-b06a-21432e2b9115', 3, 'private', 'Vision Control Blueprint', '{"velit tempor ad labore","amet fugiat fugiat","sunt velit adipisicing id consec","Lorem veniam velit","nisi aute","esse laboris velit","duis nisi duis aliqua ea"}', DEFAULT, DEFAULT, DEFAULT), ('e62ff15d-b4e8-5f8b-b8c8-56d105c9d705', '1bdf6d4a-906f-5da5-b91f-35917468bf74', 8, 'private', 'Defensive Turtle Tactics', '{"laboris","pariatur sunt incididunt ut","magna duis laboris pariatur","excepteur consequat quis","laboris eiusmod"}', DEFAULT, DEFAULT, DEFAULT), ('2650d5c8-a9d2-57ad-a70d-8c89cf994021', '34a6eefa-de0a-5b54-8950-76863d1d5290', 9, 'private', 'Vision Denial Blueprint', '{"elit aliqua elit proident","officia exercitation esse","aliquip duis laboris laboris","cupidatat","incididunt ea est","dolore aute amet cupidatat"}', DEFAULT, DEFAULT, DEFAULT), ('57851dd8-0d7e-5b03-b70f-32940ae107ce', 'f7f33f5b-7e02-5784-9db2-ed2995544a54', 6, 'unlisted', 'Team Fight Execution Plan', '{"adipisicing ullamco","non cupidatat ex","nulla aliqua","aliquip","excepteur do","ullamco eiusmod nisi","ex minim anim","proident sit"}', DEFAULT, DEFAULT, DEFAULT), ('0bb88883-c32b-547d-bac2-9dcbf9437722', '26f7bb6a-3c9c-5b30-b11b-be5ebfb91948', 4, 'unlisted', 'Vision Control Blueprint', '{"dolor incididunt aliquip in","occaecat veniam eiusmod","ut ipsum culpa officia","eiusmod est","in ullamco tempor commodo cupida","eu id dolore anim","nisi consectetur"}', DEFAULT, DEFAULT, DEFAULT), ('f2096d39-9bcd-5cc9-af38-3924bad39e01', '6de5d1f5-e767-54ae-ad7a-c52af47251f6', 7, 'unlisted', 'Aggressive Rush Strategy', '{}', DEFAULT, DEFAULT, DEFAULT), ('cdc85c53-30bc-5c6e-91cc-2af72696e64b', '09204188-e618-5728-88fc-034120742c41', 4, 'private', 'Objective Focused Strategy', '{"veniam aliquip veniam","esse nisi ex","ut in do ullamco minim","aliqua fugiat adipisicing in","magna magna"}', DEFAULT, DEFAULT, DEFAULT), ('a0fe813c-8a2e-57ff-8950-530eb72350cc', '0123a76f-7238-52f2-a9a2-6f5cb15646a3', 1, 'public', 'Aggressive Rush Strategy', '{"dolore quis elit deserunt","magna dolore exercitation","ex ut sint","nostrud dolore anim","culpa eu","et excepteur commodo nulla"}', DEFAULT, DEFAULT, DEFAULT), ('3dcb1c72-1f38-50a2-8a79-9f8b83862a0b', '7a86b477-8922-5c78-85b7-47a44d6877c0', 10, 'public', 'Baron Control Strategy', '{"minim deserunt in consequat","officia velit cupidatat","cupidatat aliqua","amet sunt id","occaecat"}', DEFAULT, DEFAULT, DEFAULT), ('b529db67-e1b4-5e7d-9a32-267867bbcbad', 'b134c4e5-3e41-53b3-bf3f-7f4cf023e9d7', 1, 'public', 'Early Game Dominance Guide', '{"ex labore duis ut","exercitation qui minim cillum","non id eu aute non","culpa ipsum"}', DEFAULT, DEFAULT, DEFAULT), ('89b21cb6-fbf3-585a-b9c1-304fad97258b', '6fb8bc22-57b5-5453-b6ee-d5dfa591c360', 2, 'unlisted', 'Vision Control Blueprint', '{"amet id","minim commodo","ut consectetur minim","in fugiat veniam qui eiusmod","ad pariatur nulla irure","nisi velit consequat id","excepteur ea exercitation"}', DEFAULT, DEFAULT, DEFAULT), ('8af27ce1-15c1-5703-a4c5-07ea669df0c7', 'e9decb87-4a50-5c41-896c-16fe0d21ebca', 4, 'public', 'Late Game Scaling Strategy', '{"velit laboris culpa","consequat elit","Lorem proident veniam do","quis qui","ipsum nulla enim nulla","cupidatat esse dolore"}', DEFAULT, DEFAULT, DEFAULT), ('e9960db1-b450-5d20-820c-87fab4f40dc8', 'db9f2a26-569b-5431-9216-bcd2cf256bbd', 10, 'private', 'Vision Control Blueprint', '{"incididunt laborum minim et","et id","enim cupidatat occaecat","aliquip in","in","enim qui do","eiusmod anim"}', DEFAULT, DEFAULT, DEFAULT), ('2dd10f1f-4836-53b2-b2b6-ae71861e43d0', '626028b2-23d2-53a4-aca9-9c9cc4158e30', 8, 'private', 'Roaming Support Plan', '{"eu voluptate et","laborum ipsum","irure","ea id ad","labore exercitation Lorem"}', DEFAULT, DEFAULT, DEFAULT), ('09d4e842-df61-577d-8d06-00daf3b676e2', '756cbb59-27d6-58f3-b4b9-8b56121e683f', 3, 'unlisted', 'Early Game Dominance Guide', '{"commodo commodo ex","amet et","nulla qui","Lorem exercitation proident","cillum incididunt","deserunt sunt aute","amet do"}', DEFAULT, DEFAULT, DEFAULT), ('6fe4789e-9a02-5c94-8c81-5bb4cffd7850', 'd0b9d9c2-bfa2-53be-a46d-d6aceafcbc2d', 3, 'public', 'Siege Tactics Handbook', '{"consequat ullamco","sit consequat qui veniam","minim labore"}', DEFAULT, DEFAULT, DEFAULT), ('62834a20-27ac-5894-8947-a4e2ffb67f5b', 'cda3814f-c14d-5dcf-a835-797df84f6d99', 6, 'unlisted', 'Rotation Strategy Document', '{"consequat elit tempor","elit duis eu exercitation labori","culpa officia mollit","cillum","ad nulla ex sit aliqua","commodo exercitation cupidatat","occaecat cupidatat ullamco labor","mollit incididunt","adipisicing ad labore"}', DEFAULT, DEFAULT, DEFAULT), ('ce25e6d7-50b4-50c3-8210-685ee22346f3', '9848be59-9489-5a98-891a-f6bd795125f7', 1, 'unlisted', 'Gank Heavy Approach', '{"veniam esse ipsum et","eiusmod quis sunt","est culpa","nulla dolore aute quis","dolore incididunt cillum"}', DEFAULT, DEFAULT, DEFAULT), ('a4e4a518-fb32-53bf-9d1c-f336f8cd8c45', 'cd1520c4-af17-5e1e-b5b0-a9e95f36a7c4', 7, 'public', 'Late Game Scaling Strategy', '{}', DEFAULT, DEFAULT, DEFAULT), ('d5862a76-70cd-55db-a302-365d7ec101f5', 'd92658af-bb2e-5f93-9170-bc8d85a6ad50', 10, 'public', 'Wave Management Plan', '{"labore laborum","tempor","reprehenderit do mollit laboris","do occaecat esse voluptate","ullamco dolore proident nisi"}', DEFAULT, DEFAULT, DEFAULT), ('fff5567f-d4a5-542e-ba70-1119521ca0cb', '98b30307-7ea7-5b6c-b9e4-560fe08299de', 7, 'public', 'Defensive Turtle Tactics', '{}', DEFAULT, DEFAULT, DEFAULT), ('48abaf7b-d65e-5371-8d5f-1be4621911e6', 'fbbb9719-f3d1-5ce2-b584-4b70bf5bb135', 1, 'unlisted', 'Baron Control Strategy', '{"irure laboris cillum aliquip"}', DEFAULT, DEFAULT, DEFAULT), ('05b8ebd6-06e1-5ce6-85d9-1fda124d11b0', 'ca65e33b-de71-5d46-933a-849036127987', 3, 'unlisted', 'Objective Focused Strategy', '{"tempor labore et esse tempor","eiusmod mollit nisi ex","cupidatat","adipisicing","incididunt aute"}', DEFAULT, DEFAULT, DEFAULT), ('be5a4c70-a4ff-57c0-8c2c-437a6d77f25c', 'e5b4727f-be5e-52c0-83cb-cb7ba230945f', 10, 'public', 'Vision Denial Blueprint', '{"aliqua dolore eiusmod commodo","voluptate irure","et ad cillum"}', DEFAULT, DEFAULT, DEFAULT), ('e6ff83af-5ec2-537d-b04b-784bd77a5871', 'bdc52205-2f90-54a1-a699-3ba523b0d56a', 4, 'private', 'Split Push Blueprint', '{"proident eiusmod incididunt","adipisicing non laboris","nostrud sint aute consequat et","excepteur","ut"}', DEFAULT, DEFAULT, DEFAULT), ('dc9bffb4-1647-5c5d-8c1f-d89500e89900', '1332e392-1ac8-57d9-8262-948f66c89fe9', 2, 'unlisted', 'Defensive Turtle Tactics', '{}', DEFAULT, DEFAULT, DEFAULT), ('ec767a01-17bb-518c-9633-78ebc8caded3', '549980e7-3e77-5d76-b263-84664d04b209', 6, 'private', 'Baron Control Strategy', '{"magna tempor","nostrud id","ad","ad incididunt officia","consequat elit voluptate reprehe","ut pariatur velit incididunt ven","consectetur elit occaecat"}', DEFAULT, DEFAULT, DEFAULT), ('6c642b40-bb15-55fa-9319-9c100d27adc7', '86e03e09-1744-508f-b91c-c48f85d8ffcb', 9, 'private', 'Vision Denial Blueprint', '{"consectetur ipsum"}', DEFAULT, DEFAULT, DEFAULT), ('197f52e9-f9b3-54a3-a900-9ddcd2cd98d5', 'd83dc18f-802e-557e-bc41-666a57c09bee', 3, 'unlisted', 'Vision Control Blueprint', '{}', DEFAULT, DEFAULT, DEFAULT), ('b239ffdb-847f-5400-b1f9-97e186ea36bc', '72d447b0-a4fa-5de7-bb4c-9ff5f169dfea', 1, 'private', 'Wave Management Plan', '{"aliquip tempor","ad est eu","consectetur","eiusmod ea enim duis"}', DEFAULT, DEFAULT, DEFAULT), ('c3124970-b58c-5748-8a01-4ba1d7466b2b', 'eb9fdff9-6822-52d9-b12a-a9a69b69cbe5', 10, 'unlisted', 'Objective Focused Strategy', '{"minim"}', DEFAULT, DEFAULT, DEFAULT), ('2fbdef88-7d4a-5528-bb59-74f725709563', 'ba4d6fef-111f-5ce5-883e-2b3880f373bf', 3, 'private', 'Map Control Blueprint', '{"labore eu exercitation minim eiu","cupidatat","eu nisi","culpa","aliquip commodo labore culpa est","culpa mollit consectetur laborum","commodo","do"}', DEFAULT, DEFAULT, DEFAULT), ('a03637de-3a86-5f2c-a9a1-71bb222f301f', 'f3376d8d-17f3-5259-a5b0-af6d5e21e7e2', 5, 'private', 'Aggressive Rush Strategy', '{"eiusmod et","ut officia adipisicing et","sint non","nisi officia anim sunt","sit mollit","velit","nulla sit","ut"}', DEFAULT, DEFAULT, DEFAULT), ('536d5b0c-dc7c-598f-8fa0-b21c4cd85d48', 'ad1bbcac-cdbb-551f-b25a-b14b40074515', 6, 'unlisted', 'Counter Pick Blueprint', '{"culpa fugiat eiusmod"}', DEFAULT, DEFAULT, DEFAULT), ('f04b6b4b-d5ea-517f-8a7d-71713980487c', 'ac9f0e3e-b030-584f-a8dd-87355fe22537', 9, 'unlisted', 'Rotation Strategy Document', '{"culpa dolor","enim occaecat sint consequat","labore laboris exercitation","voluptate magna","consequat est ex cillum","duis dolor duis","est dolore","nulla"}', DEFAULT, DEFAULT, DEFAULT), ('363e1d5b-f7b0-5ee0-a43a-f471f9cf9338', 'c801d235-e02a-5267-8201-eecb86948b65', 2, 'private', 'Late Game Scaling Strategy', '{"ullamco sint nulla eu","irure fugiat officia","officia occaecat veniam ea","commodo sint aute occaecat","aliquip amet"}', DEFAULT, DEFAULT, DEFAULT), ('edcc2203-6787-52aa-bc0b-a6dcc59388be', '7e8beeb3-7ee9-5191-900a-86dc6213ec6c', 5, 'public', 'Vision Control Blueprint', '{"minim laborum pariatur labore","culpa laboris labore esse","quis anim dolor velit","ea est proident aliqua","nisi laborum exercitation aute","magna laboris nisi","occaecat sunt consectetur magna"}', DEFAULT, DEFAULT, DEFAULT), ('474b1c92-271b-5e78-878e-3e82398a6e7c', 'af85f96c-efbd-584c-bdd4-26c4e2f3e556', 2, 'unlisted', 'Jungle Control Playbook', '{"aliqua nostrud","nulla","mollit","veniam irure","do mollit labore ut"}', DEFAULT, DEFAULT, DEFAULT), ('8997d96a-4a2f-5fcd-a0a2-88e875f8bba7', '0a9347d2-3396-5e6a-98f1-b406ca195226', 4, 'unlisted', 'Split Push Blueprint', '{"minim adipisicing","veniam eu consectetur reprehende","voluptate anim","labore","veniam eiusmod sit","eiusmod consectetur","aliquip"}', DEFAULT, DEFAULT, DEFAULT), ('f61f0c83-60cb-5fa8-a27a-67e606b63adb', 'cf2e12ac-941e-5dbb-b044-ab0b13ab4af7', 6, 'private', 'Defensive Turtle Tactics', '{"exercitation ipsum"}', DEFAULT, DEFAULT, DEFAULT), ('30d213ab-4615-5d8b-abee-5b4875c8bfdf', 'b576de0c-954e-5345-a9e7-0d691c52341a', 2, 'private', 'Roaming Support Plan', '{"elit consectetur ad","exercitation ad adipisicing ea"}', DEFAULT, DEFAULT, DEFAULT), ('7d042aff-1b5b-531f-917f-48f2d58d33c7', '2190cc4c-2cc5-5f9f-983d-55f70f31e468', 6, 'private', 'Team Fight Execution Plan', '{"duis irure mollit","pariatur magna veniam voluptate","ipsum","mollit aliqua ex","in irure","proident dolore","exercitation aute esse magna tem","cillum veniam proident nulla"}', DEFAULT, DEFAULT, DEFAULT), ('30e1e77d-2bcf-5591-97ec-d99bd552d8f0', '9bcb6997-9423-57c0-978a-09ad67de00e3', 2, 'public', 'Vision Denial Blueprint', '{"aute magna pariatur aliquip","incididunt incididunt sunt","dolore nulla officia","non sint in","exercitation"}', DEFAULT, DEFAULT, DEFAULT), ('d53a4a7c-125e-52cd-8ba3-aa3916f71140', '09204188-e618-5728-88fc-034120742c41', 2, 'unlisted', 'Vision Control Blueprint', '{"adipisicing magna","ipsum minim culpa","fugiat velit","reprehenderit officia","amet","qui excepteur consectetur culpa","est dolor","deserunt proident elit"}', DEFAULT, DEFAULT, DEFAULT), ('47f797b2-50c1-56af-abe6-0081dabe5efd', 'd3953f9f-e0f9-5aed-9d31-3f026a23da12', 7, 'private', 'Counter Pick Blueprint', '{"aliqua dolor","exercitation"}', DEFAULT, DEFAULT, DEFAULT), ('3ebbec39-d360-5461-b442-70abf723c8b8', 'e65e3ae4-b6c1-5ea9-8919-68994c5760a0', 4, 'private', 'Aggressive Rush Strategy', '{"pariatur","officia aliquip","incididunt aliquip laboris","aute laborum amet sit","est consequat laboris eiusmod","ex reprehenderit nisi","consequat mollit dolore laborum"}', DEFAULT, DEFAULT, DEFAULT), ('3821efb6-356e-53bd-8a0b-239426475be5', '84aabd0a-31ea-5dd5-9e39-ce95a07d2009', 3, 'public', 'Siege Tactics Handbook', '{"aute exercitation eiusmod","duis consequat consectetur labor","proident culpa et nulla","adipisicing ullamco ullamco","fugiat officia aliqua","tempor veniam in","mollit quis quis enim id","aliqua do ad aliquip adipisicing","consequat","qui"}', DEFAULT, DEFAULT, DEFAULT), ('f62571e6-585e-5709-b04e-861b7f3db2d2', '7c1b7c00-d84e-5216-9c13-9544eccd96d4', 2, 'public', 'Roaming Support Plan', '{"incididunt reprehenderit mollit ","labore in anim eiusmod","aute irure aliquip","eu ad qui cupidatat","dolore id in aliquip laborum","dolor duis","fugiat sunt cillum mollit nulla"}', DEFAULT, DEFAULT, DEFAULT), ('f706ef0d-b4c8-54ee-ba4a-8f6af14717f8', '097c4d8e-94d3-5fd3-94ca-7bbb66cf6929', 2, 'unlisted', 'Counter Pick Blueprint', '{"amet minim","duis culpa","eu proident proident","commodo","fugiat ullamco cupidatat in","est officia magna laboris","qui id sint nisi","tempor amet nulla dolore"}', DEFAULT, DEFAULT, DEFAULT), ('da6a602b-9dc0-5e13-87e9-323f368838a2', '98bf31df-37fd-5af6-86dd-8686cdc35eeb', 10, 'unlisted', 'Gank Heavy Approach', '{"ea","irure","consectetur magna amet labore eu","ad","excepteur velit deserunt ex"}', DEFAULT, DEFAULT, DEFAULT), ('ae022a2e-97fe-53d7-ace2-f700a65995e2', '71edf17f-e471-58c3-bbf8-8111bd6c7c8e', 9, 'unlisted', 'Jungle Control Playbook', '{"nostrud magna","commodo exercitation","irure et"}', DEFAULT, DEFAULT, DEFAULT), ('7f27719e-c551-5cfa-ab24-3e6a917bc77f', 'c9fc147f-dadb-5b75-8ed7-efb86a7392ce', 6, 'public', 'Vision Control Blueprint', '{"excepteur irure","exercitation irure commodo id es","ullamco quis","irure non","pariatur sunt elit","sunt cillum culpa anim","proident nisi id culpa consectet"}', DEFAULT, DEFAULT, DEFAULT), ('a7afe8c7-8469-5a59-9246-cc18b3ce4b7b', '5034bc4f-306f-5e76-8ef2-99198efc3a69', 3, 'private', 'Baron Control Strategy', '{"ad id do adipisicing","velit sunt elit","est in aute","irure cillum duis aliqua nulla","ipsum reprehenderit eu irure","fugiat anim","ipsum laboris voluptate","ut ad","adipisicing"}', DEFAULT, DEFAULT, DEFAULT), ('8111ec5f-e01a-5ad1-b89a-b7a64419e202', '2386fe50-4da3-5ca3-b993-046dc48afb23', 9, 'public', 'Vision Denial Blueprint', '{"duis mollit","eu Lorem","ea aliquip labore","sit eu dolore","amet pariatur cupidatat duis","occaecat sunt ea","officia nisi","in dolore mollit incididunt"}', DEFAULT, DEFAULT, DEFAULT), ('af41c136-c26c-5e1c-81f1-2d9f923ca606', '65d8ad86-6271-552b-8704-fabcdcf18cdb', 6, 'public', 'Aggressive Rush Strategy', '{"consequat pariatur pariatur sunt","ullamco veniam duis cillum qui"}', DEFAULT, DEFAULT, DEFAULT), ('7594efe5-aff1-5874-a5ed-4a9edc7b66bf', '9f273059-bf49-55a4-bf95-e6bedcccffe3', 7, 'unlisted', 'Defensive Turtle Tactics', '{"dolor commodo dolore eu est","fugiat esse tempor","occaecat veniam officia nisi ali","ipsum aliquip"}', DEFAULT, DEFAULT, DEFAULT), ('ee2f9514-a689-5e06-84f0-7f27b56a3774', '79ef5172-d3d7-5e61-9d71-a40b27651163', 10, 'private', 'Aggressive Rush Strategy', '{"exercitation labore incididunt","ad magna duis aliquip velit","cillum quis","nisi sunt amet proident velit"}', DEFAULT, DEFAULT, DEFAULT), ('59ac239c-144e-5ca7-b3e8-b97418726740', '2da4149c-bf3e-5f98-b904-591c69530871', 3, 'unlisted', 'Early Game Dominance Guide', '{"reprehenderit voluptate amet dui","cillum ea qui dolor do","non enim adipisicing qui","elit eu sit","reprehenderit","nisi"}', DEFAULT, DEFAULT, DEFAULT), ('7992b22f-6c16-50ae-ae54-fd84bedb78e7', 'fe24988b-bca5-5bf5-be0f-c92da7b2cbe1', 4, 'public', 'Jungle Control Playbook', '{"amet magna non aliquip","excepteur tempor"}', DEFAULT, DEFAULT, DEFAULT), ('eeb6a56c-bf20-5164-a9c4-2438947a1635', 'cf1d2e5e-3a18-5518-8e4c-387978992b8a', 1, 'public', 'Split Push Blueprint', '{"ullamco qui ipsum irure nisi","enim duis","pariatur quis"}', DEFAULT, DEFAULT, DEFAULT), ('ba263b84-62af-5be6-a1da-34f8a9b1c708', 'f8151e07-b0ba-57cb-b13b-f8463f48e7fa', 8, 'public', 'Team Fight Execution Plan', '{"sit sint tempor cillum","pariatur velit enim ut enim","magna veniam mollit","culpa tempor eu duis","labore officia","proident quis","occaecat cillum elit","qui excepteur adipisicing sunt L","tempor"}', DEFAULT, DEFAULT, DEFAULT), ('0eda511d-00fb-5edd-a94c-61620ced28e5', 'ede942ce-5022-581a-99ff-f8ebb6d10d8a', 3, 'private', 'Defensive Turtle Tactics', '{"in nostrud","incididunt voluptate proident","nostrud deserunt","qui","Lorem occaecat labore ad","tempor eu irure","consectetur quis cillum fugiat"}', DEFAULT, DEFAULT, DEFAULT), ('4a82ca5f-1296-51b0-9319-05459a439c92', 'd6d652bf-48a5-5a85-a95d-16c25edc5397', 9, 'unlisted', 'Team Fight Execution Plan', '{"deserunt","qui ipsum adipisicing duis aliqu","consequat aliqua esse","dolore nisi laboris aliqua","incididunt aute","proident duis"}', DEFAULT, DEFAULT, DEFAULT), ('230e6990-91f4-5dc7-b6bc-229a44985e25', '0e342915-b360-541f-8c0a-bdf36b3c0ce2', 2, 'private', 'Gank Heavy Approach', '{"aliquip reprehenderit incididunt","consectetur tempor aute","duis Lorem culpa","labore","qui ut"}', DEFAULT, DEFAULT, DEFAULT), ('01a97da4-f21e-511b-9160-a834d5d7f82e', '586daead-6daa-5df4-83cb-81b2e815d326', 3, 'unlisted', 'Split Push Blueprint', '{"veniam consequat","in deserunt sint","et","ut incididunt","deserunt occaecat ad in do","non id velit","esse nulla aliquip","officia mollit culpa","amet aliquip duis","cillum incididunt"}', DEFAULT, DEFAULT, DEFAULT), ('1c5613fb-a627-5391-a9ff-0cc49d9b395b', '1497705a-df0e-5f8d-988d-61adba7199e0', 6, 'unlisted', 'Early Game Dominance Guide', '{"amet duis ut","ipsum exercitation magna","eu Lorem amet nisi qui","eu nisi in ad fugiat","nisi veniam voluptate"}', DEFAULT, DEFAULT, DEFAULT), ('69b55afa-a769-5eae-849b-0607118f6f38', '21d7354f-afef-5425-9907-92a0ff9e7110', 7, 'public', 'Aggressive Rush Strategy', '{"aliqua exercitation ullamco","ea adipisicing","ut Lorem"}', DEFAULT, DEFAULT, DEFAULT), ('5653d3f7-e466-5b59-9cc7-02634d975655', 'd3953f9f-e0f9-5aed-9d31-3f026a23da12', 10, 'unlisted', 'Wave Management Plan', '{"tempor proident adipisicing","eiusmod exercitation eu","quis","aliqua","excepteur est adipisicing magna ","labore minim pariatur"}', DEFAULT, DEFAULT, DEFAULT), ('11917a47-b89e-5663-8d37-049fe2bf5b34', '34a6eefa-de0a-5b54-8950-76863d1d5290', 2, 'unlisted', 'Late Game Scaling Strategy', '{"proident laborum"}', DEFAULT, DEFAULT, DEFAULT), ('c68ff46b-b1a9-581e-aa43-737e3b976580', 'ae956930-bebe-5aad-83f8-b8d0cae36371', 3, 'unlisted', 'Objective Focused Strategy', '{"aute veniam in occaecat","ad deserunt officia commodo offi","deserunt mollit elit Lorem","aliquip","ullamco"}', DEFAULT, DEFAULT, DEFAULT), ('e8d13e33-32bc-5c1a-9371-8f828965d869', 'd0b9d9c2-bfa2-53be-a46d-d6aceafcbc2d', 6, 'public', 'Early Game Dominance Guide', '{"culpa tempor dolor dolore","ullamco veniam qui officia aliqu","amet velit ullamco sint officia","sunt incididunt fugiat","sit velit","dolore velit quis","voluptate culpa pariatur qui off","aliquip ipsum","non qui aliquip"}', DEFAULT, DEFAULT, DEFAULT), ('79cca71d-1dd7-5b78-9e31-229bb9872504', '98b30307-7ea7-5b6c-b9e4-560fe08299de', 4, 'public', 'Wave Management Plan', '{"sit tempor incididunt excepteur","anim amet laboris","minim in ea ex consequat","in excepteur","pariatur exercitation duis sit","est est ad adipisicing","culpa velit minim","incididunt cupidatat dolor nisi","veniam minim ea quis"}', DEFAULT, DEFAULT, DEFAULT), ('cdf1b1e3-61cd-52e6-b86e-eec98ea71e23', '0a9347d2-3396-5e6a-98f1-b406ca195226', 8, 'private', 'Siege Tactics Handbook', '{"incididunt consectetur","proident consequat elit","anim et ipsum cillum cillum","id aliqua eu ex ullamco","anim","eu nisi pariatur sit","irure do","cillum do excepteur","reprehenderit tempor dolore"}', DEFAULT, DEFAULT, DEFAULT), ('98ea8abd-4f3f-5750-b436-afb8aa79fb82', '21d7354f-afef-5425-9907-92a0ff9e7110', 7, 'private', 'Wave Management Plan', '{"exercitation pariatur","est voluptate","occaecat","ad proident","anim nostrud"}', DEFAULT, DEFAULT, DEFAULT), ('bc227bd7-3214-5075-bca0-3f60046ac216', '9f273059-bf49-55a4-bf95-e6bedcccffe3', 4, 'unlisted', 'Map Control Blueprint', '{"dolore non tempor do","nostrud","deserunt nisi anim nisi et","excepteur","veniam sit tempor"}', DEFAULT, DEFAULT, DEFAULT), ('8fd84214-96a6-5d6c-8437-0646145f15a1', 'cbe3cf1c-d730-5d2f-b890-2de0f1a164e6', 4, 'unlisted', 'Split Push Blueprint', '{"sit pariatur duis","nostrud nostrud consequat","esse ea ullamco","officia est eu","laborum ea aliquip non"}', DEFAULT, DEFAULT, DEFAULT), ('7b269807-4fdc-5847-8a5c-807ffa02f953', '7cb09c84-7471-599f-bae0-90d61a321390', 10, 'public', 'Aggressive Rush Strategy', '{}', DEFAULT, DEFAULT, DEFAULT), ('cf8258c4-f278-5c75-a944-c2bcba526ad4', 'fc6d457c-9711-5cde-813c-d584f858faae', 9, 'private', 'Objective Focused Strategy', '{"enim esse","labore ex quis","id laborum dolore","ex minim irure","ea culpa","dolor ex"}', DEFAULT, DEFAULT, DEFAULT), ('2e51b4b0-68ac-5e21-94a2-b7afb1b16016', '5f651c76-ceba-56db-bd60-512d4079ec53', 3, 'unlisted', 'Objective Focused Strategy', '{"minim Lorem","ex sint exercitation ex voluptat","qui culpa aute","dolore esse voluptate sunt","qui voluptate excepteur","incididunt laboris do","eu"}', DEFAULT, DEFAULT, DEFAULT), ('6e9d8d45-1d4b-5cdd-92c5-76194015ba99', 'cd1520c4-af17-5e1e-b5b0-a9e95f36a7c4', 10, 'unlisted', 'Team Fight Execution Plan', '{}', DEFAULT, DEFAULT, DEFAULT), ('fac7e894-3f38-5663-bc98-486c88732ea4', 'f8151e07-b0ba-57cb-b13b-f8463f48e7fa', 9, 'public', 'Objective Focused Strategy', '{"sint ad culpa officia","commodo sunt","labore culpa ea laboris exercita","Lorem dolor ad pariatur ea","est Lorem velit non"}', DEFAULT, DEFAULT, DEFAULT), ('7d360079-2c18-5c6d-a1b8-85eb411ace3d', 'a5831e58-2fc9-5b59-970d-00c344a4eb18', 8, 'unlisted', 'Aggressive Rush Strategy', '{"dolore Lorem velit deserunt","commodo veniam","culpa magna"}', DEFAULT, DEFAULT, DEFAULT), ('be194c18-6eee-5ff6-a117-608bade8a86e', '2190cc4c-2cc5-5f9f-983d-55f70f31e468', 7, 'private', 'Vision Control Blueprint', '{"incididunt","dolore nisi eiusmod","culpa"}', DEFAULT, DEFAULT, DEFAULT), ('74297878-a21d-59b7-aced-265d4a9f30fa', '6a248992-e0a8-5c27-8d71-fd2cfd3a1fd6', 10, 'public', 'Gank Heavy Approach', '{"quis aliqua","irure exercitation id non","velit ipsum","magna adipisicing ipsum nisi","reprehenderit ea sunt laboris qu"}', DEFAULT, DEFAULT, DEFAULT), ('a0c5fdb3-1581-541b-b560-7473e0935643', '98bf31df-37fd-5af6-86dd-8686cdc35eeb', 2, 'unlisted', 'Jungle Control Playbook', '{"nostrud consectetur id id","aliquip veniam"}', DEFAULT, DEFAULT, DEFAULT), ('5bf01130-69dd-5547-acc0-717bf1395fda', '5034bc4f-306f-5e76-8ef2-99198efc3a69', 10, 'unlisted', 'Vision Control Blueprint', '{"do cupidatat excepteur","cupidatat fugiat quis","voluptate mollit do dolore","adipisicing in est ut","aliquip do sunt mollit","velit qui id non","id sit enim","ea commodo nisi ad"}', DEFAULT, DEFAULT, DEFAULT), ('1e052062-4999-589c-af48-bc4a3df69d05', '225b2186-bb16-5b0a-b7be-47fd3c5a5cf9', 8, 'private', 'Secure Objective Playbook', '{"pariatur ipsum non reprehenderit","cillum dolore","officia nulla non","duis dolor","elit laborum cupidatat et","sit dolor culpa incididunt","nulla sunt et","sit","fugiat","officia Lorem"}', DEFAULT, DEFAULT, DEFAULT), ('38b49ca8-b50c-5e98-af9e-9c3898d28f8f', 'f52ce409-f800-5a86-b4ed-ce1a99a8a6ae', 9, 'private', 'Aggressive Rush Strategy', '{"in ut in sit culpa","in incididunt excepteur consecte","elit dolore amet cupidatat","nisi mollit qui est pariatur","ad dolor","enim aute proident"}', DEFAULT, DEFAULT, DEFAULT), ('9b261f2f-f0b0-57c3-9c3a-156a89bfc9aa', 'a8766652-5cf4-5e66-ba6d-9eb457dff942', 7, 'unlisted', 'Secure Objective Playbook', '{"proident","ea nisi deserunt","reprehenderit nostrud","consectetur qui","ipsum incididunt esse est nisi","ut","magna excepteur deserunt veniam","laborum laboris et proident","consectetur eu aliqua sunt"}', DEFAULT, DEFAULT, DEFAULT), ('2d9d0644-e0d8-5f5d-84c2-071cd2c099ce', '09bca3f4-0d37-5f5a-b637-9d7942a17cff', 1, 'public', 'Defensive Turtle Tactics', '{"veniam reprehenderit proident fu","consequat eu non fugiat","sunt proident est","magna mollit aliqua est laboris","eu laboris excepteur sunt","excepteur elit culpa"}', DEFAULT, DEFAULT, DEFAULT), ('b8c7a039-d039-57f7-bd1e-253b05ef8c03', '84b4201e-d939-5d48-aba4-b4b107dfdf5d', 2, 'private', 'Vision Denial Blueprint', '{"minim voluptate enim","ea labore sunt excepteur","reprehenderit ad","anim elit sunt pariatur excepteu","ex irure quis","ut et","consectetur irure","deserunt laborum officia tempor","eiusmod enim consequat"}', DEFAULT, DEFAULT, DEFAULT), ('110d19c8-9e0d-5f75-a721-b94eb9080526', '6653ef95-0532-561d-a71b-05f5c1bc302b', 2, 'private', 'Objective Focused Strategy', '{"anim sunt amet","occaecat esse ad","deserunt","do","ea laborum non officia","quis incididunt laboris occaecat","officia eu","cillum adipisicing"}', DEFAULT, DEFAULT, DEFAULT), ('09923517-e55a-5deb-98cb-d64b27c0ab72', 'a9072b83-7976-58e9-a9c4-45664532f42e', 9, 'unlisted', 'Baron Control Strategy', '{"culpa nulla excepteur","ea labore anim amet","pariatur aliquip eiusmod reprehe","pariatur","aliquip fugiat esse","velit non consequat aliquip"}', DEFAULT, DEFAULT, DEFAULT), ('e5bd85d5-1f62-5598-9176-4bfd393badbe', 'b81bd935-192e-5281-86b5-9cd33c3ee95a', 4, 'public', 'Vision Denial Blueprint', '{"et aliquip","ad sunt sint","magna Lorem id"}', DEFAULT, DEFAULT, DEFAULT), ('e8eb7547-d359-5d88-afb0-cca98349d023', 'd6d4ebe8-fe3c-5e62-98d8-e678f356450c', 8, 'public', 'Counter Pick Blueprint', '{"mollit","veniam laboris occaecat","magna laborum aliqua"}', DEFAULT, DEFAULT, DEFAULT), ('0e4135c9-4c74-5717-9ee1-cbbb37873838', 'abf8504a-2cfc-5a9d-a5d2-31dccd8bf00f', 10, 'public', 'Team Fight Execution Plan', '{"nisi do non labore","pariatur tempor quis fugiat","enim magna ad","proident nulla reprehenderit","nisi"}', DEFAULT, DEFAULT, DEFAULT), ('eb9d24ec-f15e-5e4f-870e-dd537efcd168', '91434b27-2651-5429-8f42-45c3f8e334a0', 1, 'private', 'Counter Pick Blueprint', '{"consequat laboris"}', DEFAULT, DEFAULT, DEFAULT), ('688a2e3c-848e-5787-bd83-705a15229924', 'cbe3cf1c-d730-5d2f-b890-2de0f1a164e6', 3, 'unlisted', 'Counter Pick Blueprint', '{"laborum incididunt Lorem fugiat ","quis esse tempor officia ut","magna dolor commodo"}', DEFAULT, DEFAULT, DEFAULT), ('a042a037-2e40-50ce-ae48-3f063c3067bb', '99498cc5-464e-5b95-a415-0dba48b40687', 8, 'unlisted', 'Roaming Support Plan', '{"elit non","quis sit enim dolore","aliqua exercitation","elit tempor tempor","proident proident","ullamco voluptate veniam"}', DEFAULT, DEFAULT, DEFAULT), ('cb4eaa5a-1f18-571e-9566-4c1753ad9134', 'a69d43fa-2222-5203-b590-140e62599451', 4, 'private', 'Vision Control Blueprint', '{"incididunt tempor","veniam reprehenderit","reprehenderit velit","ad quis","enim do sint elit","velit deserunt incididunt quis"}', DEFAULT, DEFAULT, DEFAULT), ('2076216c-1b19-5f7f-b10d-db3cae2b4567', '0f271189-6f05-5fbd-95b4-ad7e10a0703b', 4, 'private', 'Defensive Turtle Tactics', '{"ullamco aliquip velit anim"}', DEFAULT, DEFAULT, DEFAULT), ('a0bd7980-cac4-5ded-adc5-004548282723', '5dedc9b9-eec3-5ace-a95b-d7817834d9af', 2, 'unlisted', 'Vision Control Blueprint', '{"Lorem","consectetur officia incididunt i","adipisicing veniam quis","cillum","reprehenderit culpa","pariatur dolor ipsum","eiusmod adipisicing mollit cillu","occaecat anim"}', DEFAULT, DEFAULT, DEFAULT), ('e94657cc-5d4a-53ce-8902-19b99712c3c6', '2c5573d9-9522-50a1-b9d9-3ef48e8629b4', 2, 'unlisted', 'Vision Control Blueprint', '{"duis nulla aliquip sunt","sint","eiusmod sunt anim","occaecat","anim dolor aute reprehenderit","labore","consectetur amet","non consequat proident irure"}', DEFAULT, DEFAULT, DEFAULT), ('cdee6d23-791e-5a74-aba4-6e6c1b3863e7', 'f754848a-9cd5-551c-9bb4-aa81e33b42af', 4, 'unlisted', 'Baron Control Strategy', '{"ex fugiat dolore","culpa","duis quis","nulla","ex nulla in","ipsum pariatur elit","nisi","est ad","et labore sit sit"}', DEFAULT, DEFAULT, DEFAULT), ('d5a4641d-8cbb-5fd0-89e3-ac12979b690c', 'c6add04b-f7fe-5a4a-99c2-280079fffcdb', 4, 'unlisted', 'Secure Objective Playbook', '{"fugiat sunt consectetur nostrud ","ut nulla in amet"}', DEFAULT, DEFAULT, DEFAULT), ('ab58f5b2-4308-5685-a477-a4b54637b2a0', 'c72c7230-479d-51cc-940d-5fec1bea4502', 1, 'unlisted', 'Roaming Support Plan', '{"dolore occaecat cillum exercitat","minim pariatur dolor","elit enim amet","reprehenderit eu consectetur","sint qui consequat","cillum nulla esse","nostrud aute ea do dolor","est in"}', DEFAULT, DEFAULT, DEFAULT), ('025da8e7-6d47-53be-9689-b0604284733b', '203ac13e-e5b1-548e-a7da-5d8cff932053', 8, 'unlisted', 'Gank Heavy Approach', '{"do ad","ex duis","cupidatat aliqua non","magna nisi","elit","duis","aliqua laborum et elit Lorem"}', DEFAULT, DEFAULT, DEFAULT), ('cfc01e92-0e9c-5f58-b116-ac73af2ff344', 'a6ea6199-2a1a-56d4-b12a-1bf7d32d154c', 9, 'private', 'Baron Control Strategy', '{"cillum eiusmod eiusmod"}', DEFAULT, DEFAULT, DEFAULT), ('6c7a0737-5d09-56f1-9a60-9ca811b68d40', '7c1b7c00-d84e-5216-9c13-9544eccd96d4', 6, 'public', 'Late Game Scaling Strategy', '{"dolor","reprehenderit enim proident","nostrud est amet ullamco","anim officia adipisicing","id et fugiat","sint enim anim"}', DEFAULT, DEFAULT, DEFAULT), ('b74b781d-f3ca-5ce2-a262-c20f23455d05', 'c9f9ed6b-3ed1-5d46-9201-51000bdf47fa', 1, 'private', 'Team Fight Execution Plan', '{"Lorem fugiat minim minim","proident ex culpa amet","excepteur Lorem et nisi","sint","sit sunt enim","elit ullamco dolore velit"}', DEFAULT, DEFAULT, DEFAULT), ('ae76c1cf-66c9-5bf7-8fc8-d1e1260ab8bd', '65d8ad86-6271-552b-8704-fabcdcf18cdb', 4, 'public', 'Jungle Control Playbook', '{"do ipsum quis","commodo dolor","mollit incididunt","consequat fugiat","elit Lorem","est aliqua non","velit cillum","exercitation excepteur","nulla duis sunt eu"}', DEFAULT, DEFAULT, DEFAULT), ('3267d96d-4a33-5c13-9ef8-eb9652f76262', '6f98547a-4734-5cb4-82a1-cf5fc4e37c8d', 5, 'public', 'Late Game Scaling Strategy', '{"amet"}', DEFAULT, DEFAULT, DEFAULT), ('272ce823-3f81-5671-93a8-93655178aa67', 'db9f2a26-569b-5431-9216-bcd2cf256bbd', 9, 'unlisted', 'Counter Pick Blueprint', '{"cupidatat commodo magna id","exercitation tempor","Lorem commodo est amet","tempor labore do","velit","magna enim","id ex","cupidatat aliquip ipsum ipsum","tempor laboris ipsum aute fugiat"}', DEFAULT, DEFAULT, DEFAULT), ('0cd365ac-6479-5889-b532-b02ce5d93b9f', 'fe24988b-bca5-5bf5-be0f-c92da7b2cbe1', 1, 'unlisted', 'Wave Management Plan', '{"dolore labore deserunt","nostrud labore laborum","in laboris irure proident","magna ut voluptate","labore ex elit ex","labore quis laborum sunt irure","officia","officia sunt"}', DEFAULT, DEFAULT, DEFAULT), ('d1c31a1f-140d-5b01-95f7-3fc15003186c', 'e7ba2b18-a57c-5b02-9714-d376d9ea922f', 2, 'public', 'Baron Control Strategy', '{"sunt ullamco laborum exercitatio","velit ad est","cillum Lorem","id mollit","nulla non reprehenderit","reprehenderit qui fugiat Lorem"}', DEFAULT, DEFAULT, DEFAULT), ('139e14ed-bbf1-5d48-a6cc-84c72c891164', 'd1b8f3f8-af26-5088-8712-273c28ba98f7', 4, 'unlisted', 'Jungle Control Playbook', '{"nisi sunt est pariatur"}', DEFAULT, DEFAULT, DEFAULT), ('586f1ac8-f524-5f8c-88e2-184c02d5ef6d', '290e51c6-7ff6-5db4-8f40-69dda051b66c', 10, 'private', 'Aggressive Rush Strategy', '{"nisi dolor"}', DEFAULT, DEFAULT, DEFAULT), ('62075432-2441-5ae8-a3d3-0c53f1490707', '6451b879-16d7-5644-b6b9-87dd18b3facf', 6, 'public', 'Vision Denial Blueprint', '{"esse cillum ut","do et","aliqua laborum magna"}', DEFAULT, DEFAULT, DEFAULT), ('7e2a3012-f429-5959-8e79-e27f888f9ce7', 'a00f2df0-a74b-51ab-8311-51125014b9ef', 3, 'public', 'Baron Control Strategy', '{"laborum commodo ex incididunt","non veniam","ullamco elit incididunt","aliquip adipisicing","nostrud"}', DEFAULT, DEFAULT, DEFAULT), ('b8821e56-73f0-54d5-b485-728d64492250', 'df625f4d-0fe2-599a-b1d3-13232701e19f', 3, 'private', 'Gank Heavy Approach', '{"proident elit velit proident","deserunt elit","aliqua voluptate sint ut","qui sunt","id amet","mollit quis est","voluptate elit deserunt non aliq","sint","amet sint ipsum dolore","reprehenderit occaecat commodo e"}', DEFAULT, DEFAULT, DEFAULT), ('41c6ea7f-18a9-55e6-b2ba-f0f4f40a17bf', 'beb6961f-fe15-549e-851d-4b848f0c22b3', 3, 'unlisted', 'Siege Tactics Handbook', '{"laboris","esse dolor do","veniam labore nostrud","aliqua","nulla sint","veniam ea incididunt"}', DEFAULT, DEFAULT, DEFAULT), ('6071eb55-6bca-516b-b2e7-cdcdc70b2f27', '7b09592d-b146-5ee2-9db5-3683955196d6', 4, 'private', 'Rotation Strategy Document', '{"anim","esse excepteur","Lorem aliquip occaecat est venia"}', DEFAULT, DEFAULT, DEFAULT), ('d7cdb9d2-07a6-5208-bc43-84429587c78d', '9a52e2af-cb63-5ab2-95a7-ae32f01d6a1c', 4, 'private', 'Gank Heavy Approach', '{"tempor","mollit","elit","id amet sit","irure adipisicing cupidatat","duis incididunt exercitation"}', DEFAULT, DEFAULT, DEFAULT), ('edba76b8-16c2-5d65-8407-7c8846b18c8d', '70e095a9-713d-5fe2-a06a-8145febdb917', 9, 'private', 'Defensive Turtle Tactics', '{"sint sint","sit cupidatat sunt nulla ea","exercitation"}', DEFAULT, DEFAULT, DEFAULT), ('4961b154-685f-5c2d-b1f1-598100239ea4', '02489279-3f4c-5f0f-845f-6f8bb51bae87', 2, 'public', 'Early Game Dominance Guide', '{"id anim ex","qui in ullamco","labore aliqua cillum culpa","pariatur amet quis ut","in nisi quis","incididunt","exercitation eu excepteur","voluptate sunt"}', DEFAULT, DEFAULT, DEFAULT), ('81b648c1-576c-5086-ba4f-2125060d9cf0', 'e25e0c45-28e1-5923-b63d-64b8ddeff422', 6, 'unlisted', 'Siege Tactics Handbook', '{"nulla Lorem tempor elit","ex laborum irure in"}', DEFAULT, DEFAULT, DEFAULT), ('edcc20e9-95a3-50eb-b84c-a2ac5801dd1f', 'd19db439-c7e7-53a7-aa19-0db346180dc1', 7, 'private', 'Objective Focused Strategy', '{"ad ex","sint ea Lorem","ad laboris excepteur"}', DEFAULT, DEFAULT, DEFAULT), ('0f7963e1-2931-5603-b1f8-5f29e095a36f', '91434b27-2651-5429-8f42-45c3f8e334a0', 8, 'private', 'Aggressive Rush Strategy', '{"enim ipsum","elit laboris incididunt commodo ","ad","culpa eiusmod nulla tempor irure","ea","consectetur","irure adipisicing tempor excepte","adipisicing ut eu in ut","est aliqua tempor","anim"}', DEFAULT, DEFAULT, DEFAULT), ('d90cf80e-490d-5c8c-85cc-9c761060fca5', 'bdc52205-2f90-54a1-a699-3ba523b0d56a', 9, 'public', 'Defensive Turtle Tactics', '{"nostrud laborum"}', DEFAULT, DEFAULT, DEFAULT), ('84a00f8f-8f65-512e-a89a-396ebb944774', '43bcab14-4a69-5e60-a07f-cda2fe595a2a', 10, 'unlisted', 'Counter Pick Blueprint', '{"nulla","laborum nisi aliqua","qui duis esse officia","voluptate occaecat exercitation ","deserunt velit officia officia","mollit non consequat","ad"}', DEFAULT, DEFAULT, DEFAULT), ('24530daa-18f4-5736-824e-740b98d86f84', '07d1c973-053f-5f79-8627-e7767272680a', 8, 'public', 'Objective Focused Strategy', '{"sint cillum","est occaecat sint","sunt aliquip","ex quis proident aliqua","labore exercitation reprehenderi","esse sunt","ipsum incididunt","incididunt esse officia","non aliquip sunt","deserunt fugiat duis commodo vol"}', DEFAULT, DEFAULT, DEFAULT), ('cef44dbb-01f1-53f9-a51f-bce20b8c9729', 'ede942ce-5022-581a-99ff-f8ebb6d10d8a', 5, 'private', 'Gank Heavy Approach', '{"voluptate consectetur pariatur","anim","amet laboris labore aute","magna","ipsum magna eu","laboris amet sint labore incidid"}', DEFAULT, DEFAULT, DEFAULT), ('2f432e43-c578-5d3f-a9f6-658650551fe1', 'e9decb87-4a50-5c41-896c-16fe0d21ebca', 7, 'public', 'Vision Denial Blueprint', '{"adipisicing proident","in nulla officia sint commodo","est irure"}', DEFAULT, DEFAULT, DEFAULT), ('9e0ad23d-bafe-536b-a992-47ea353cf3b5', 'eea550bd-8120-5fb2-9339-ad3a549506d4', 9, 'unlisted', 'Gank Heavy Approach', '{"cillum dolor id sit","elit","officia esse laboris sit","minim incididunt sint labore ess"}', DEFAULT, DEFAULT, DEFAULT), ('ba4f3542-9d48-574a-8df6-823d78106037', 'fbbb9719-f3d1-5ce2-b584-4b70bf5bb135', 5, 'public', 'Defensive Turtle Tactics', '{}', DEFAULT, DEFAULT, DEFAULT), ('d5920fa6-848e-5195-b671-9577ccf74a26', '94170f3d-888c-58bc-bc18-13592bfb52c5', 7, 'public', 'Roaming Support Plan', '{"occaecat sint excepteur","voluptate ipsum aliquip","esse cillum","ex proident","nisi voluptate magna","et minim","cillum sint qui","quis incididunt incididunt","tempor fugiat cupidatat Lorem an"}', DEFAULT, DEFAULT, DEFAULT), ('60e1ec45-4b3f-5cd2-b9e9-a6fd50c32391', '203ac13e-e5b1-548e-a7da-5d8cff932053', 10, 'public', 'Vision Denial Blueprint', '{"proident excepteur deserunt ut m","ea eiusmod aliqua dolor magna","do qui","fugiat cupidatat excepteur id ex","fugiat officia mollit est","elit sunt elit ullamco Lorem"}', DEFAULT, DEFAULT, DEFAULT), ('4152396c-eaf9-5aeb-9b7d-6c26ad4d722c', '8b474939-245b-5ed9-b06a-21432e2b9115', 8, 'unlisted', 'Defensive Turtle Tactics', '{"cillum occaecat est","consequat ullamco veniam et","veniam excepteur deserunt esse","anim deserunt","esse quis eu","occaecat ullamco","sunt exercitation officia dolor ","non dolore aliqua duis","in nisi"}', DEFAULT, DEFAULT, DEFAULT), ('82c66b9e-374b-5deb-960b-0b761f066806', 'd6d652bf-48a5-5a85-a95d-16c25edc5397', 6, 'public', 'Late Game Scaling Strategy', '{"culpa cillum elit","elit","cillum","incididunt nisi","id non consequat excepteur","do reprehenderit"}', DEFAULT, DEFAULT, DEFAULT), ('cb1a8444-be9e-581c-8a1e-9f0d5870d484', '0e342915-b360-541f-8c0a-bdf36b3c0ce2', 1, 'public', 'Wave Management Plan', '{"qui sint labore officia","aliqua minim cupidatat sint"}', DEFAULT, DEFAULT, DEFAULT), ('b4086fbf-8b55-5b20-af96-270e53efd260', 'f754848a-9cd5-551c-9bb4-aa81e33b42af', 7, 'unlisted', 'Siege Tactics Handbook', '{"ex","consequat nulla aliquip ex enim","mollit sit","consequat nisi aute ea","eu aute veniam consequat"}', DEFAULT, DEFAULT, DEFAULT), ('7dc2a385-02fd-5e9e-8ca3-480d310ce988', '86e03e09-1744-508f-b91c-c48f85d8ffcb', 2, 'unlisted', 'Late Game Scaling Strategy', '{"consectetur cillum anim","culpa Lorem tempor","sunt ex dolore cillum nisi","dolor elit reprehenderit ipsum"}', DEFAULT, DEFAULT, DEFAULT), ('bd010a0a-cb39-59ee-8218-e7f775ac9a01', 'cd1520c4-af17-5e1e-b5b0-a9e95f36a7c4', 8, 'private', 'Counter Pick Blueprint', '{"nisi","laborum in eiusmod exercitation ","consectetur nisi","laborum tempor aliqua eiusmod","tempor id sint duis","do proident ullamco","quis tempor ea esse"}', DEFAULT, DEFAULT, DEFAULT), ('eb100a5e-fbbc-5189-b323-e08ca1ddf4b2', 'c9f9ed6b-3ed1-5d46-9201-51000bdf47fa', 7, 'public', 'Map Control Blueprint', '{"sit consequat","velit minim nostrud tempor duis","aliquip et","minim ex eiusmod","magna consectetur ad","voluptate ullamco duis incididun","qui tempor officia"}', DEFAULT, DEFAULT, DEFAULT), ('e43c6b3b-10fe-54f2-a09c-2f23976dbe42', '34a6eefa-de0a-5b54-8950-76863d1d5290', 3, 'public', 'Counter Pick Blueprint', '{"duis et","minim culpa","sint consectetur sit do","ad labore velit cillum","pariatur elit in","in in do","adipisicing nostrud","minim anim aliqua","occaecat"}', DEFAULT, DEFAULT, DEFAULT), ('145f2d17-d2b0-59ee-98c0-d8b6d6c741cd', 'e2b744a0-a170-5a87-828d-34cc6f64ca05', 5, 'unlisted', 'Wave Management Plan', '{"Lorem pariatur aliquip","ullamco","quis Lorem","incididunt ullamco commodo","minim esse consectetur elit"}', DEFAULT, DEFAULT, DEFAULT), ('27b7fc92-c399-5aec-bc43-ea4a7d41c984', 'a00f2df0-a74b-51ab-8311-51125014b9ef', 7, 'unlisted', 'Gank Heavy Approach', '{"ex","cupidatat officia","do commodo est","eu nostrud ut","adipisicing ut cillum","incididunt proident mollit sunt"}', DEFAULT, DEFAULT, DEFAULT), ('16e13bc2-bae9-5a1b-a23b-7f2503b73a03', '3de7919f-8a6e-5a5a-ad06-07f2ad53b96d', 5, 'private', 'Baron Control Strategy', '{"aliquip sit eu incididunt sint","exercitation id","labore pariatur ullamco","aliqua duis amet occaecat"}', DEFAULT, DEFAULT, DEFAULT), ('fb9a721d-7da1-577d-a721-ae00139d250b', 'dc58dd7b-bb54-5abe-8208-becc5e0561ad', 9, 'unlisted', 'Aggressive Rush Strategy', '{"pariatur pariatur","laboris velit aliqua deserunt","fugiat deserunt nisi","duis nisi"}', DEFAULT, DEFAULT, DEFAULT), ('8514b549-2321-5223-bcae-362fbfc61c61', '5783cab4-e010-523b-b893-81b388f43d06', 1, 'private', 'Split Push Blueprint', '{"ex cupidatat aliquip"}', DEFAULT, DEFAULT, DEFAULT), ('8d222d98-29f0-5123-b99d-cc9f19493b20', '28a1ca86-fc34-5d5b-bda6-792b581f58de', 8, 'public', 'Aggressive Rush Strategy', '{"aliqua deserunt duis","eu sunt ullamco tempor"}', DEFAULT, DEFAULT, DEFAULT), ('5ba895cd-4107-5c9d-a9cb-bd2d24899776', '1332e392-1ac8-57d9-8262-948f66c89fe9', 7, 'private', 'Vision Denial Blueprint', '{"cupidatat exercitation aute","sunt do nulla"}', DEFAULT, DEFAULT, DEFAULT), ('73b23aba-b5e2-5b24-b442-00922b22f275', 'b737f334-53a3-585e-98d7-69fce744e35e', 4, 'private', 'Jungle Control Playbook', '{"nisi minim mollit tempor ea","nisi reprehenderit","Lorem commodo","dolore labore aliqua","voluptate nisi est","in fugiat","sint magna","sit consectetur","amet sunt dolore","et cillum elit"}', DEFAULT, DEFAULT, DEFAULT), ('0e1a0168-a26a-5feb-9c91-7bd40d62afcc', '4d69e856-19b8-56e1-8c35-8fa97a510f91', 7, 'private', 'Map Control Blueprint', '{}', DEFAULT, DEFAULT, DEFAULT), ('9348bed0-a52a-59cd-98df-ed8ab48ba4f7', '110efd29-2979-5c30-b41f-b3bf832f48cd', 6, 'private', 'Defensive Turtle Tactics', '{"deserunt nisi dolor","occaecat non","in ex tempor","est magna incididunt ut","in laborum amet","anim veniam"}', DEFAULT, DEFAULT, DEFAULT), ('1507f034-16ba-5219-b927-72f72394b9da', '750322e1-101b-5f9e-b670-d325392f4504', 10, 'unlisted', 'Wave Management Plan', '{"consectetur aliquip laboris","labore anim cillum enim","enim commodo laboris","dolor voluptate incididunt molli","qui esse","dolore fugiat culpa","reprehenderit ea irure magna","labore irure velit","ut sint cillum et duis","pariatur"}', DEFAULT, DEFAULT, DEFAULT), ('3d6517ba-6968-54c9-9934-5dca00f20f48', 'f057746f-990e-5e0f-ba59-b833ef7e39fc', 8, 'private', 'Defensive Turtle Tactics', '{"labore Lorem","fugiat velit","ad sint anim","culpa occaecat","excepteur","sit cupidatat labore"}', DEFAULT, DEFAULT, DEFAULT), ('253eb1a7-6466-5751-bb80-ba728a9d5688', 'fd2a8113-662a-5782-9e12-f7b49eee56e0', 10, 'public', 'Split Push Blueprint', '{"consequat do et","pariatur quis excepteur","anim sit amet","velit qui excepteur cupidatat"}', DEFAULT, DEFAULT, DEFAULT), ('84afba7a-f643-5519-b420-54d83f591e9d', '86e03e09-1744-508f-b91c-c48f85d8ffcb', 5, 'unlisted', 'Roaming Support Plan', '{"aliqua reprehenderit cupidatat v","aliquip sint","proident eu","sunt officia qui qui","et ea","anim commodo proident est","deserunt culpa qui","ad proident laboris","laboris irure sint"}', DEFAULT, DEFAULT, DEFAULT), ('59b35be9-9d21-5b79-8875-4954a08d7239', '98bf31df-37fd-5af6-86dd-8686cdc35eeb', 5, 'public', 'Late Game Scaling Strategy', '{"eu consectetur","dolor","quis culpa nisi elit","dolore est magna aliqua","magna cupidatat ea labore","incididunt","labore do magna aliqua proident","qui cillum"}', DEFAULT, DEFAULT, DEFAULT), ('b3ff9604-63d2-533f-8bbb-d5f0486381ad', 'eeeda985-b12d-5e29-af20-ecad32418e20', 5, 'unlisted', 'Rotation Strategy Document', '{"adipisicing non laboris ex","ut Lorem incididunt culpa","cupidatat laborum nisi elit","occaecat est ex nulla","minim laborum sint laborum","qui ad do aliqua","voluptate sunt sunt"}', DEFAULT, DEFAULT, DEFAULT), ('bcc899da-7629-5e0e-b560-5f5f6e7060e1', 'fd8e258e-4711-5b22-b0f3-1f5725eb642f', 9, 'private', 'Counter Pick Blueprint', '{}', DEFAULT, DEFAULT, DEFAULT), ('96dbca51-d731-5e2c-a3d4-62e8f0faa072', '21d7354f-afef-5425-9907-92a0ff9e7110', 5, 'unlisted', 'Map Control Blueprint', '{"ipsum occaecat","sunt","excepteur quis sit aliqua commod","aliquip excepteur nostrud pariat","mollit Lorem","nulla aliqua esse","ipsum","mollit irure sunt consectetur de","minim mollit qui","laborum minim"}', DEFAULT, DEFAULT, DEFAULT), ('fc633e1f-14b8-590b-a0ba-c22147aaeeb4', '6c1a8703-574c-5f71-a1b1-63956f35fc49', 6, 'private', 'Secure Objective Playbook', '{"incididunt sint","qui voluptate ea","tempor ut reprehenderit quis par","id commodo incididunt irure","nulla elit"}', DEFAULT, DEFAULT, DEFAULT), ('49af1081-9f3e-5569-af2e-1029eb808baf', '6de5d1f5-e767-54ae-ad7a-c52af47251f6', 4, 'public', 'Late Game Scaling Strategy', '{"officia esse","magna"}', DEFAULT, DEFAULT, DEFAULT), ('28c7fcd5-dc0b-528f-92f0-3e19e7b94b50', '6653ef95-0532-561d-a71b-05f5c1bc302b', 9, 'public', 'Gank Heavy Approach', '{}', DEFAULT, DEFAULT, DEFAULT), ('38780d0a-620c-5420-b84b-aa917e5db8c1', 'e334db45-3389-5a47-b7c9-4ff8121637b5', 1, 'unlisted', 'Aggressive Rush Strategy', '{"in consequat exercitation","labore deserunt velit","esse nulla et","Lorem ex excepteur","laborum","mollit","proident eiusmod mollit","cillum"}', DEFAULT, DEFAULT, DEFAULT), ('535c1e86-4fb0-59ea-8076-b54244994b61', 'd00c085d-72d6-5114-a5fd-ba818539c2f7', 6, 'unlisted', 'Split Push Blueprint', '{"do dolor","anim incididunt","sint anim","cillum sit","commodo quis aliqua","tempor ipsum pariatur duis","ut anim","velit adipisicing","commodo excepteur culpa"}', DEFAULT, DEFAULT, DEFAULT), ('5e181f1c-b93c-59a3-a161-c4d4e29f775e', '43bcab14-4a69-5e60-a07f-cda2fe595a2a', 4, 'unlisted', 'Secure Objective Playbook', '{"est aliqua et","id commodo","sunt quis","non officia","in","ut laboris consequat ad labore","adipisicing ut consequat","sunt"}', DEFAULT, DEFAULT, DEFAULT), ('0cd34502-daee-52d8-b8a4-7aa032065e8a', '3c0af99e-82a0-5346-8da5-2d2825b8a66d', 2, 'public', 'Objective Focused Strategy', '{"qui ipsum tempor irure","exercitation in dolor","deserunt","veniam","ea excepteur","eu aliquip","elit sit pariatur quis","Lorem amet ipsum consequat","culpa ad"}', DEFAULT, DEFAULT, DEFAULT), ('6c9b6808-e737-5f8f-b196-93c0598b34b9', '39da01f0-2195-5fc3-a74a-d12c26c902a3', 7, 'public', 'Roaming Support Plan', '{}', DEFAULT, DEFAULT, DEFAULT), ('f498173a-b4a1-5b37-ad0b-67596b4fe0ac', '21a7e579-98a3-5757-a0a8-913f2da95aba', 8, 'unlisted', 'Siege Tactics Handbook', '{"in labore","ea magna sint eiusmod","excepteur esse","labore laborum sunt ea"}', DEFAULT, DEFAULT, DEFAULT), ('b0d542cd-fe80-5cad-9bd6-a81d0ed1c2f4', '7bf99080-cdc6-5456-b6d5-417e28b4eba5', 8, 'unlisted', 'Vision Control Blueprint', '{"reprehenderit nisi","est aute","commodo non","amet irure sunt cupidatat exerci","exercitation esse reprehenderit ","dolor ex aute","proident mollit","ullamco ea","nisi esse","exercitation consectetur adipisi"}', DEFAULT, DEFAULT, DEFAULT), ('cd506b7e-0f7c-526c-b650-bb799376c313', '8bf74689-dfcf-5429-b342-2718dce8a8eb', 2, 'unlisted', 'Gank Heavy Approach', '{"elit voluptate","adipisicing labore eiusmod"}', DEFAULT, DEFAULT, DEFAULT), ('d625f518-4ec3-51e2-95c0-6cf965668d68', '626028b2-23d2-53a4-aca9-9c9cc4158e30', 8, 'public', 'Wave Management Plan', '{"non consequat ad proident aliqua"}', DEFAULT, DEFAULT, DEFAULT), ('66b76653-1cc5-50ef-a109-c059c945f253', 'd905224a-1767-5e97-ad1a-f223ab64cd44', 9, 'private', 'Team Fight Execution Plan', '{"cillum laborum","amet dolore","aliqua esse","esse qui","exercitation eiusmod in laborum","irure est incididunt duis laboru"}', DEFAULT, DEFAULT, DEFAULT), ('a6dbcc80-e965-5682-9448-6a65a83787b3', 'fa904169-96b2-5473-b48d-c7f225d6dfb3', 1, 'public', 'Roaming Support Plan', '{"veniam sit consectetur reprehend"}', DEFAULT, DEFAULT, DEFAULT), ('c4d9fc37-aa2c-5cf4-8cef-779723958882', 'fd8e258e-4711-5b22-b0f3-1f5725eb642f', 9, 'unlisted', 'Vision Control Blueprint', '{"commodo deserunt","anim aliqua"}', DEFAULT, DEFAULT, DEFAULT), ('cbdcc83c-77a1-5d75-ace8-183321930672', 'fc14352d-4abe-5826-a292-f6661223ae86', 3, 'private', 'Map Control Blueprint', '{"est ipsum culpa","dolore fugiat excepteur","ad quis duis"}', DEFAULT, DEFAULT, DEFAULT), ('46b593cf-05b9-5316-ba74-ef4cf062dcc9', 'b81bd935-192e-5281-86b5-9cd33c3ee95a', 5, 'unlisted', 'Vision Control Blueprint', '{"duis proident sunt","et tempor excepteur occaecat"}', DEFAULT, DEFAULT, DEFAULT), ('1770dbe6-c529-520b-a36c-454b023ccb2c', 'd92658af-bb2e-5f93-9170-bc8d85a6ad50', 6, 'public', 'Roaming Support Plan', '{"dolor id ullamco et cillum","occaecat dolore","velit veniam eu","laborum ipsum incididunt sit","magna voluptate aliqua","laborum fugiat aute","do ullamco adipisicing excepteur","nulla labore Lorem non","sint ipsum excepteur qui officia"}', DEFAULT, DEFAULT, DEFAULT), ('65973815-006c-531b-b69f-bd5d086f7786', 'df625f4d-0fe2-599a-b1d3-13232701e19f', 8, 'unlisted', 'Wave Management Plan', '{"dolore id do incididunt","adipisicing mollit enim","consectetur est officia","excepteur eu","fugiat non elit ullamco","do"}', DEFAULT, DEFAULT, DEFAULT), ('0cd413aa-1a82-5832-9edb-17fd5c059a41', '626028b2-23d2-53a4-aca9-9c9cc4158e30', 10, 'private', 'Vision Denial Blueprint', '{"sint id","cupidatat ipsum ipsum","labore officia commodo voluptate","adipisicing enim laboris","cillum tempor occaecat","aliquip id id aliquip","veniam et aliqua","aute exercitation minim ad"}', DEFAULT, DEFAULT, DEFAULT), ('5153bc7b-cd04-5c5e-83e9-7b7a5a1390e6', '5dedc9b9-eec3-5ace-a95b-d7817834d9af', 4, 'public', 'Roaming Support Plan', '{"excepteur commodo officia","id pariatur et ea","consectetur duis adipisicing"}', DEFAULT, DEFAULT, DEFAULT), ('bd276dfa-2ddb-52c7-9feb-6d2cc281335e', '5ce056de-a21e-5eba-9d47-e09232047aae', 2, 'private', 'Map Control Blueprint', '{"irure incididunt dolore"}', DEFAULT, DEFAULT, DEFAULT), ('12cafb5f-6adc-5f24-a738-9455dde3eb2a', '47e5d6a1-6a7c-5068-97e6-b73d6f3b47c1', 2, 'public', 'Wave Management Plan', '{"commodo ipsum nostrud esse","occaecat nostrud laborum fugiat ","enim"}', DEFAULT, DEFAULT, DEFAULT), ('e017f166-fa51-5fb5-af86-6fc41cad9674', '9af6e0ef-7015-5390-856a-705032c2e40e', 2, 'private', 'Secure Objective Playbook', '{"anim elit consectetur nulla","occaecat laboris","dolore","ea reprehenderit","anim eu do irure nulla","consectetur sunt consectetur occ","enim tempor dolore proident cill","ipsum culpa","adipisicing voluptate quis"}', DEFAULT, DEFAULT, DEFAULT), ('544f27bb-a8e9-5b6b-8ec7-f1cfe91406e2', '07d1c973-053f-5f79-8627-e7767272680a', 5, 'public', 'Wave Management Plan', '{"veniam voluptate reprehenderit","dolor quis do","ullamco","incididunt","ad ullamco mollit dolore"}', DEFAULT, DEFAULT, DEFAULT), ('a704d0a7-ee9e-5aa5-bba9-aff3556d41a2', '3204ce32-7c5b-5953-969e-fe1d17de6e76', 5, 'private', 'Wave Management Plan', '{}', DEFAULT, DEFAULT, DEFAULT), ('a758f3b0-169f-56a9-80db-acb9f3972464', 'c15a1a93-cc16-5536-8ab0-42ef9626e379', 2, 'public', 'Defensive Turtle Tactics', '{"excepteur esse fugiat proident","irure"}', DEFAULT, DEFAULT, DEFAULT), ('1ebb07c2-9cc9-56df-b9e3-71837bafdca1', '2da447ba-d0f6-5d62-becb-584cd208c558', 5, 'unlisted', 'Early Game Dominance Guide', '{"aliqua do ut nostrud","enim aliqua dolor","labore Lorem ipsum tempor do","qui irure","adipisicing ex duis","id Lorem consequat eiusmod","officia aute","eu aute officia officia","qui non anim","in deserunt"}', DEFAULT, DEFAULT, DEFAULT), ('217c4ba5-3ca5-503f-8fcd-2cf91341f163', '6653ef95-0532-561d-a71b-05f5c1bc302b', 9, 'public', 'Vision Control Blueprint', '{"nulla id et","esse minim adipisicing"}', DEFAULT, DEFAULT, DEFAULT), ('63c64b00-d130-5928-b403-258ebdb17248', '882c7ae5-914f-539d-8207-691de536097f', 9, 'private', 'Early Game Dominance Guide', '{"dolore qui amet duis"}', DEFAULT, DEFAULT, DEFAULT), ('0deb1a0e-8f26-576f-af23-e26ef824ea0b', 'eb3e804d-5ed0-59a1-900b-3b0f9b2cb577', 10, 'unlisted', 'Split Push Blueprint', '{"aliqua culpa adipisicing qui","eiusmod dolor exercitation","cillum do nulla","Lorem mollit","nisi commodo ex","sit","id Lorem reprehenderit cillum","ipsum Lorem aute","sint sint dolore"}', DEFAULT, DEFAULT, DEFAULT), ('924718ca-0525-5af0-b71a-2560f2cc09a0', '1e0af0c0-30ba-5a06-9647-a83cef3d815d', 8, 'public', 'Map Control Blueprint', '{"reprehenderit tempor proident ip","sit cupidatat in sint","culpa in labore"}', DEFAULT, DEFAULT, DEFAULT), ('877842c0-f0dc-575b-a7ad-30915aaaeebe', '98eaafd3-adbf-5a3e-adb9-b3fb6971b6f1', 2, 'private', 'Secure Objective Playbook', '{"ea id est excepteur adipisicing","adipisicing culpa","ut excepteur qui ea velit","cupidatat ea sint mollit","laborum ad est"}', DEFAULT, DEFAULT, DEFAULT), ('ebce0b2a-b558-5f18-bddc-2af385fe3118', '6f47176d-afa5-5e10-b67a-c597508731b9', 5, 'unlisted', 'Baron Control Strategy', '{"dolor quis","aute","consectetur consectetur enim vol","laborum irure nostrud","mollit non deserunt","labore est ullamco"}', DEFAULT, DEFAULT, DEFAULT), ('67f00577-22b1-541a-b8eb-43f4241ec322', '94a106f5-e21c-5e45-83f2-58d10f738b53', 2, 'private', 'Objective Focused Strategy', '{"tempor est"}', DEFAULT, DEFAULT, DEFAULT), ('5c1d9b7d-9f54-545c-ae19-f60dd5ff1d25', '88501f36-608d-5074-ab3f-752cd478292f', 3, 'unlisted', 'Aggressive Rush Strategy', '{"reprehenderit","adipisicing duis ex ut do","velit proident Lorem officia","consectetur enim tempor tempor","tempor magna sit do"}', DEFAULT, DEFAULT, DEFAULT), ('339c2395-3fcf-5f3b-90ec-90611b01fa37', '6de5d1f5-e767-54ae-ad7a-c52af47251f6', 5, 'public', 'Early Game Dominance Guide', '{"consequat est","sunt amet quis ex","enim enim exercitation cupidatat","quis nulla","incididunt dolor sint in","commodo sunt laborum minim aute","irure aliquip","et","culpa commodo"}', DEFAULT, DEFAULT, DEFAULT), ('3e26da35-99ab-5fee-95a6-ca3120af490b', 'f6a7cc82-a609-50ee-a839-9fa8b1a9631d', 9, 'unlisted', 'Vision Control Blueprint', '{"ut occaecat nulla dolor","magna aliquip","qui velit deserunt","cillum irure","tempor pariatur","tempor excepteur enim commodo el","quis nulla duis"}', DEFAULT, DEFAULT, DEFAULT), ('540a4921-798c-58f1-8dda-fbb9b912bb43', '2dbccffd-e7a5-5653-9dc6-18e988716abe', 10, 'unlisted', 'Vision Denial Blueprint', '{"ullamco ex elit irure","Lorem irure ut","adipisicing adipisicing","consectetur duis ullamco irure v","ullamco dolor sint excepteur ani"}', DEFAULT, DEFAULT, DEFAULT), ('81b847bf-bc05-538e-bdc5-721f48634b78', '8b7e423b-b9b9-5b3c-bf3d-1aa45d16235c', 2, 'unlisted', 'Gank Heavy Approach', '{"amet","esse nulla","nulla commodo officia","ipsum velit aliquip","consequat aliqua nisi","eu laborum","reprehenderit cillum consequat","et tempor fugiat exercitation la"}', DEFAULT, DEFAULT, DEFAULT), ('2c9d2493-4412-5eae-aa39-69858c4bfd99', '5038fc48-7e9b-5e62-9425-f7dc4a9743fc', 8, 'private', 'Gank Heavy Approach', '{"nisi id mollit sint irure","cupidatat sint amet","minim amet","anim voluptate proident ex","excepteur in qui esse sit","dolor qui Lorem fugiat","veniam nostrud"}', DEFAULT, DEFAULT, DEFAULT), ('51ef9256-0eab-579a-868b-52c27ddf10e9', '386af548-38a2-54d8-bcb7-4bb0b3a08bf8', 4, 'unlisted', 'Early Game Dominance Guide', '{}', DEFAULT, DEFAULT, DEFAULT), ('d6ceb82b-4af2-5d8a-96c1-8d6a9db93a31', '731b24f8-f083-56fc-9161-1fd32dcd58d0', 2, 'public', 'Aggressive Rush Strategy', '{"pariatur","eu sint","cillum eu irure","commodo officia","reprehenderit"}', DEFAULT, DEFAULT, DEFAULT), ('01ae0a36-6172-5c0a-baff-6c1805e0976a', 'd3953f9f-e0f9-5aed-9d31-3f026a23da12', 9, 'public', 'Wave Management Plan', '{}', DEFAULT, DEFAULT, DEFAULT), ('df70af8b-9578-5bd7-9fd6-02ad92eaedca', 'eda91f04-12ef-5904-88aa-e6ed9a692e03', 9, 'unlisted', 'Gank Heavy Approach', '{"quis esse velit"}', DEFAULT, DEFAULT, DEFAULT), ('82fca927-01aa-5c29-8d7a-7a868f9ba6ea', '94a106f5-e21c-5e45-83f2-58d10f738b53', 5, 'public', 'Rotation Strategy Document', '{"nisi anim anim","nulla veniam dolore","mollit"}', DEFAULT, DEFAULT, DEFAULT), ('4e5550d4-d39a-56c3-8f19-971fdeeb787e', 'e25e0c45-28e1-5923-b63d-64b8ddeff422', 4, 'unlisted', 'Vision Denial Blueprint', '{"commodo","dolore enim elit","occaecat","ipsum enim sunt pariatur amet"}', DEFAULT, DEFAULT, DEFAULT), ('83ec5ac5-8c23-5e38-8151-36af62098fff', '3d4df0ce-5a7f-53e4-b486-95faf0a09720', 1, 'private', 'Siege Tactics Handbook', '{"commodo ut","est cupidatat tempor commodo","magna veniam culpa aliquip qui","nostrud ad eu","amet nisi nostrud","ipsum incididunt","velit proident nulla exercitatio","do nostrud voluptate enim"}', DEFAULT, DEFAULT, DEFAULT), ('d1996167-52fb-5e4a-b849-75efada773e6', '6c52c1d9-13a4-51ef-ae51-1dacc4c14be9', 3, 'unlisted', 'Defensive Turtle Tactics', '{"nostrud","reprehenderit","aute fugiat do et adipisicing","consectetur pariatur","anim proident","elit et"}', DEFAULT, DEFAULT, DEFAULT), ('1818e464-6a87-5266-8677-c069741c3ab2', '290e51c6-7ff6-5db4-8f40-69dda051b66c', 7, 'unlisted', 'Vision Control Blueprint', '{"nostrud sit ipsum","amet irure velit","laboris enim sunt est"}', DEFAULT, DEFAULT, DEFAULT), ('13ebb239-29e1-53ff-93b0-d55e3db05a11', '0a9347d2-3396-5e6a-98f1-b406ca195226', 1, 'unlisted', 'Baron Control Strategy', '{"nisi aute tempor","et deserunt ea occaecat ad","mollit et ullamco","do voluptate ullamco in"}', DEFAULT, DEFAULT, DEFAULT), ('a0a63713-f2dd-56aa-98a3-f6a26bcae5b9', '77085b75-b014-57d0-8618-9cc95436a25e', 10, 'unlisted', 'Jungle Control Playbook', '{"ad","exercitation nisi mollit et non","irure sunt nostrud","dolore do","id eu aliquip elit","pariatur labore sit eiusmod","cupidatat id","ullamco Lorem in"}', DEFAULT, DEFAULT, DEFAULT), ('4029bbad-86a6-5e60-a150-da0664c62b92', '5783cab4-e010-523b-b893-81b388f43d06', 2, 'private', 'Team Fight Execution Plan', '{"laboris sunt"}', DEFAULT, DEFAULT, DEFAULT), ('6636a6a8-3a2d-5862-bb24-3e77bffdb640', 'cbe3cf1c-d730-5d2f-b890-2de0f1a164e6', 8, 'private', 'Wave Management Plan', '{"deserunt pariatur ipsum nostrud","nisi et","esse ea veniam","tempor non aliquip","id eiusmod","incididunt sunt","do aliquip eu","voluptate irure","pariatur ut"}', DEFAULT, DEFAULT, DEFAULT), ('4ba85443-f89e-5d68-8d4a-da572969b0dd', '7982e717-2466-57d1-8e77-2f2f17be0182', 9, 'public', 'Split Push Blueprint', '{"culpa reprehenderit officia","quis nisi culpa consectetur","magna"}', DEFAULT, DEFAULT, DEFAULT), ('55fbf0ae-1fd2-57d5-9884-2ceca8eef8f3', 'd92658af-bb2e-5f93-9170-bc8d85a6ad50', 3, 'unlisted', 'Team Fight Execution Plan', '{}', DEFAULT, DEFAULT, DEFAULT), ('c91a5204-a47c-5f58-8042-f917f2facb4b', 'cd80d13e-478f-5058-8dfd-e20a76013cb5', 9, 'public', 'Late Game Scaling Strategy', '{"consequat ipsum","amet eu culpa tempor ex","voluptate exercitation exercitat"}', DEFAULT, DEFAULT, DEFAULT), ('fdca53a8-e101-5585-90b8-82f7d3c1fc24', '3c19e2d6-1e17-5580-adbc-319ee6c74e3c', 9, 'public', 'Jungle Control Playbook', '{"ipsum duis","excepteur laborum magna aliquip ","anim adipisicing","mollit sint commodo non sunt","minim ex est","anim","occaecat aute elit","et Lorem excepteur irure do","voluptate et voluptate sunt"}', DEFAULT, DEFAULT, DEFAULT), ('a76c18ad-af72-57b7-b165-f7757943d51e', '31ac52db-fa89-5177-b667-1cf6526a929a', 9, 'unlisted', 'Jungle Control Playbook', '{}', DEFAULT, DEFAULT, DEFAULT), ('bf7ffe87-c4e2-5aa1-86f7-2fdfa8315ff6', 'a9752d0c-ade4-58c6-b746-1b9df56a3d08', 4, 'unlisted', 'Gank Heavy Approach', '{"id dolore minim mollit","ex officia officia","velit pariatur labore consectetu","qui proident duis","nisi enim"}', DEFAULT, DEFAULT, DEFAULT), ('764f06ba-b246-5c62-8e43-89fe991c749d', '225b2186-bb16-5b0a-b7be-47fd3c5a5cf9', 5, 'public', 'Secure Objective Playbook', '{"sint consequat qui sint ullamco","ex irure enim anim do","qui non laborum","laborum cupidatat","et officia sint qui sunt","do amet"}', DEFAULT, DEFAULT, DEFAULT), ('229d48f9-9e17-5f91-bd2c-3f3cdbae28c1', '626028b2-23d2-53a4-aca9-9c9cc4158e30', 8, 'public', 'Counter Pick Blueprint', '{"aliquip consequat","mollit ex deserunt fugiat ad"}', DEFAULT, DEFAULT, DEFAULT), ('505fdba9-c563-5897-bd99-f3fd7e6efb10', '81cd6138-b0c3-5d83-86b9-8143c909421b', 3, 'private', 'Map Control Blueprint', '{"aute nisi","laborum quis officia","non adipisicing labore officia","qui ad","mollit quis"}', DEFAULT, DEFAULT, DEFAULT), ('ad47e58b-6404-5eb4-b01c-1ab02b3af226', 'b5605791-3389-56c2-9ec6-17d538b9bb85', 9, 'private', 'Gank Heavy Approach', '{"occaecat Lorem"}', DEFAULT, DEFAULT, DEFAULT), ('4ae4f149-a1da-5a76-913f-5ea02c87f4e0', '2386fe50-4da3-5ca3-b993-046dc48afb23', 3, 'unlisted', 'Counter Pick Blueprint', '{"aute nostrud deserunt eiusmod en","in mollit mollit aliqua ex"}', DEFAULT, DEFAULT, DEFAULT), ('a85217e5-f8d6-5dd0-996b-8464fa1021ff', '1bdf6d4a-906f-5da5-b91f-35917468bf74', 9, 'public', 'Counter Pick Blueprint', '{"ad adipisicing","est fugiat voluptate eu","quis mollit","ipsum","non","adipisicing pariatur duis","velit ea deserunt proident"}', DEFAULT, DEFAULT, DEFAULT), ('b21411a7-0afc-5cf3-81fc-471ab95f5d8d', '7b09592d-b146-5ee2-9db5-3683955196d6', 8, 'unlisted', 'Vision Denial Blueprint', '{"ullamco dolor","excepteur","minim deserunt irure aliqua eu","incididunt duis"}', DEFAULT, DEFAULT, DEFAULT), ('d37fd98f-746a-582e-a0fc-de28d96e48c5', '99498cc5-464e-5b95-a415-0dba48b40687', 1, 'public', 'Siege Tactics Handbook', '{"ipsum in magna culpa","eiusmod fugiat incididunt eiusmo","ea quis veniam","sunt voluptate","ullamco ex magna qui proident","sunt duis qui minim","eu ut elit","aute Lorem incididunt excepteur","voluptate cupidatat culpa","ut cillum irure pariatur"}', DEFAULT, DEFAULT, DEFAULT), ('2dc53ff7-923f-50df-a732-82b60afbba2f', 'ba60341e-ffca-5a8d-85d2-58afc6ff269c', 8, 'unlisted', 'Roaming Support Plan', '{"commodo pariatur labore","aliqua proident veniam voluptate","in labore","sunt reprehenderit laboris molli","ipsum irure veniam ex in","sunt ea elit","fugiat enim","reprehenderit"}', DEFAULT, DEFAULT, DEFAULT), ('f9690101-a16f-5108-b391-78c9dba8aeee', '88501f36-608d-5074-ab3f-752cd478292f', 6, 'unlisted', 'Late Game Scaling Strategy', '{"aute id aliquip commodo est","proident adipisicing"}', DEFAULT, DEFAULT, DEFAULT), ('7441a375-e1c1-5111-b299-b73d6da10ca2', 'a00f2df0-a74b-51ab-8311-51125014b9ef', 2, 'unlisted', 'Vision Denial Blueprint', '{"tempor tempor","nisi dolore esse irure","proident ipsum nostrud tempor","pariatur labore duis","anim ex"}', DEFAULT, DEFAULT, DEFAULT), ('ca1d2bcf-5a98-5759-81b6-75e3ed47122a', '626028b2-23d2-53a4-aca9-9c9cc4158e30', 2, 'private', 'Objective Focused Strategy', '{"aute ad in","magna elit non","sunt officia veniam cupidatat fu","elit non","est magna","quis aute deserunt","dolore sint proident"}', DEFAULT, DEFAULT, DEFAULT), ('77b1dab4-a856-5c18-bb24-053f8869bc5b', 'd19db439-c7e7-53a7-aa19-0db346180dc1', 4, 'private', 'Rotation Strategy Document', '{"ipsum","pariatur velit deserunt veniam","et sint","culpa fugiat","veniam velit adipisicing consect","ut dolore excepteur eiusmod","laborum incididunt exercitation "}', DEFAULT, DEFAULT, DEFAULT), ('08b3c695-d6fb-54e4-9ef2-bf508a57adc1', '75b1f4f3-d352-56de-83dd-e679684b060c', 6, 'public', 'Aggressive Rush Strategy', '{"adipisicing occaecat eiusmod","anim eiusmod Lorem elit","sit id amet veniam est","cillum mollit et voluptate esse","Lorem excepteur dolor tempor con","in do eiusmod deserunt excepteur","tempor proident sunt proident","veniam exercitation"}', DEFAULT, DEFAULT, DEFAULT), ('7dc16d02-274a-5e7f-bc31-6af29982313f', '2ca679b7-4687-5422-ac57-c89cfa36e3c8', 7, 'private', 'Late Game Scaling Strategy', '{"sint veniam dolore ut","minim proident incididunt occaec","ex exercitation","deserunt aliquip aliqua"}', DEFAULT, DEFAULT, DEFAULT), ('acad405c-f8e9-559b-bd11-e0ffc3bebca6', 'ab07c47c-511a-5092-acb9-cbf862e0076b', 1, 'unlisted', 'Siege Tactics Handbook', '{"veniam ad sint","laborum quis","dolor tempor ipsum nostrud paria","occaecat reprehenderit"}', DEFAULT, DEFAULT, DEFAULT), ('16d95573-87cd-5d45-be45-e8a020ba40ac', 'd073b0b8-955f-5aab-9c76-3aebe9fa08b6', 1, 'private', 'Counter Pick Blueprint', '{"dolor eu","voluptate eiusmod laborum est","dolore officia","ad tempor voluptate","magna","commodo cupidatat nisi","adipisicing adipisicing dolore n","quis ad nisi sunt","elit minim non elit ut"}', DEFAULT, DEFAULT, DEFAULT), ('5a993b43-eca0-563f-b6c9-fdd440759e85', 'a4b32498-f3a6-5110-a5b6-de20f0314c35', 5, 'unlisted', 'Team Fight Execution Plan', '{"non proident","excepteur id incididunt","enim commodo consectetur","anim","fugiat sit velit voluptate est","adipisicing exercitation","excepteur","et ut","velit ex ullamco ut"}', DEFAULT, DEFAULT, DEFAULT), ('f7bfc2c8-d52a-5806-97fd-77bd67d93b23', 'eeeda985-b12d-5e29-af20-ecad32418e20', 3, 'unlisted', 'Counter Pick Blueprint', '{"est Lorem officia sint"}', DEFAULT, DEFAULT, DEFAULT), ('748d5a8c-f2bf-5974-9c72-24f98b85813b', 'ac9f0e3e-b030-584f-a8dd-87355fe22537', 2, 'private', 'Defensive Turtle Tactics', '{"sunt veniam","anim adipisicing eiusmod","veniam laboris sit","dolor consectetur","magna ex culpa proident in","sint officia sunt","ipsum sunt dolor in","dolore sunt eu consequat eu","cillum voluptate"}', DEFAULT, DEFAULT, DEFAULT), ('808d9117-ba04-5cb0-8827-639e2642b0ee', '0123a76f-7238-52f2-a9a2-6f5cb15646a3', 8, 'public', 'Team Fight Execution Plan', '{"ex","reprehenderit voluptate","magna consequat aliqua ea est","mollit","consequat aliqua","laborum consectetur id quis","est magna incididunt consequat c","incididunt"}', DEFAULT, DEFAULT, DEFAULT), ('e0185351-5b08-58b2-bd3e-c09965750112', '45c9dcee-318d-52b1-8d88-023aabcb9a51', 9, 'public', 'Roaming Support Plan', '{"dolor elit","fugiat non esse","excepteur dolor occaecat exercit","excepteur voluptate ad","fugiat elit veniam velit","deserunt duis sit","ex"}', DEFAULT, DEFAULT, DEFAULT), ('993f7ab3-9b54-5771-a99e-0c6d75a1f37d', '6c3f6730-2b1a-5e27-97de-caacad0bb1a5', 4, 'unlisted', 'Late Game Scaling Strategy', '{"in eu","ullamco amet occaecat officia re","sint magna veniam cillum","eiusmod eiusmod cupidatat duis","qui enim ut","elit commodo nulla","commodo magna anim do"}', DEFAULT, DEFAULT, DEFAULT), ('bdb5114a-76d3-5fe4-944c-043e7ebd99da', '94a106f5-e21c-5e45-83f2-58d10f738b53', 8, 'public', 'Baron Control Strategy', '{"non irure et pariatur","laboris voluptate elit veniam su","do quis duis","mollit pariatur excepteur duis","fugiat laboris dolor","do consequat"}', DEFAULT, DEFAULT, DEFAULT), ('aa4964a1-4611-5528-9df9-ef170866214f', 'f057746f-990e-5e0f-ba59-b833ef7e39fc', 3, 'unlisted', 'Baron Control Strategy', '{"excepteur eu reprehenderit","minim esse quis est","anim deserunt id","cupidatat","Lorem","labore qui proident","do cillum","dolore consequat minim duis"}', DEFAULT, DEFAULT, DEFAULT), ('ec14513a-7d3c-5172-b68b-d531791ec9de', 'f8fbdff1-11b4-54fa-ab90-292d82d3d353', 7, 'private', 'Aggressive Rush Strategy', '{"tempor mollit dolor","minim deserunt aute aliquip labo","sint irure","cillum commodo","reprehenderit","deserunt ad exercitation Lorem","excepteur fugiat do","reprehenderit"}', DEFAULT, DEFAULT, DEFAULT), ('a0f81f50-aa3d-5780-b485-a54fb7b7833a', '47c1a5aa-1c4a-5781-9c8f-968a639137d7', 10, 'private', 'Team Fight Execution Plan', '{"proident proident id ut","anim irure","et tempor tempor laborum","eu ullamco","esse"}', DEFAULT, DEFAULT, DEFAULT), ('aabd5608-e04b-5bd8-8d75-d004a1b17409', '274020d9-7513-5cf6-ae0b-e94ef1d1a62f', 10, 'unlisted', 'Objective Focused Strategy', '{"occaecat in sint qui ex","ea velit","consectetur occaecat"}', DEFAULT, DEFAULT, DEFAULT), ('7bcc2b79-de31-5963-9cfd-559af77da3be', '6c52c1d9-13a4-51ef-ae51-1dacc4c14be9', 8, 'unlisted', 'Wave Management Plan', '{"nulla eu voluptate labore laboru","pariatur ea"}', DEFAULT, DEFAULT, DEFAULT), ('b4293a01-a1be-5e58-a088-abc550c9f820', '1497705a-df0e-5f8d-988d-61adba7199e0', 4, 'private', 'Early Game Dominance Guide', '{"consequat labore aliqua dolor","minim proident","anim ea","tempor quis commodo","velit aute ut ex officia"}', DEFAULT, DEFAULT, DEFAULT), ('a97e2960-b385-5f99-88c2-9e562f32234e', '3ff60d7a-a4ad-54c5-a422-53b52cd53093', 7, 'public', 'Team Fight Execution Plan', '{"consequat proident exercitation","sint ex aliqua sint","ullamco pariatur","culpa sunt officia","et amet","qui amet esse","dolor"}', DEFAULT, DEFAULT, DEFAULT), ('db39a462-f36a-54ba-b38e-2fcf35273cba', '699a803c-69a7-58fb-805f-9c44bce0b12d', 3, 'private', 'Counter Pick Blueprint', '{"esse et est pariatur","magna dolore eiusmod reprehender","consequat elit","aliquip commodo officia consequa","aliqua sunt pariatur","voluptate incididunt ullamco cup","est excepteur","voluptate ea minim","consequat tempor exercitation ex"}', DEFAULT, DEFAULT, DEFAULT), ('35dc016a-9edc-565d-923e-9bee9a60bd24', 'a5831e58-2fc9-5b59-970d-00c344a4eb18', 4, 'public', 'Siege Tactics Handbook', '{"exercitation nostrud proident eu","consectetur","laborum laborum","id qui excepteur elit","quis excepteur Lorem","pariatur velit commodo irure adi","adipisicing aliqua in","exercitation proident reprehende","reprehenderit"}', DEFAULT, DEFAULT, DEFAULT), ('61e4dc6c-b183-5c81-91cb-8dc622fd6913', 'a69d43fa-2222-5203-b590-140e62599451', 2, 'unlisted', 'Siege Tactics Handbook', '{"fugiat duis","nisi officia reprehenderit","eu ad dolore aute","eu nisi Lorem","qui ad laborum minim","occaecat reprehenderit duis adip","velit","eu deserunt sit","magna cillum mollit officia"}', DEFAULT, DEFAULT, DEFAULT), ('b5df5eae-45e8-5f54-a8f9-351afabf5f65', 'a6586816-3687-592a-bbeb-b4d089115511', 9, 'unlisted', 'Rotation Strategy Document', '{"dolore aliquip laborum excepteur","magna aute laborum deserunt sunt","dolore eu","sint excepteur","voluptate pariatur","nisi et labore","occaecat do laboris culpa culpa","est"}', DEFAULT, DEFAULT, DEFAULT), ('18aa22db-700e-5a8a-892c-5bf7b7da1bbf', 'fc6d457c-9711-5cde-813c-d584f858faae', 2, 'public', 'Aggressive Rush Strategy', '{"excepteur","exercitation tempor ex","irure labore quis duis","exercitation reprehenderit minim","sunt aliqua irure in"}', DEFAULT, DEFAULT, DEFAULT), ('7c9a7a2f-bf97-5fb7-9ff3-bb3e363fce60', '63e38d08-3dd9-5569-ab28-f70e94b3cdb7', 2, 'unlisted', 'Gank Heavy Approach', '{"voluptate elit non aliqua","nisi excepteur nostrud ex","qui laboris","ex","voluptate","amet commodo id","reprehenderit est laboris sit ei"}', DEFAULT, DEFAULT, DEFAULT), ('93216013-7bd8-59b1-a3f0-b1087d4d7f00', '335a172e-2ce9-59fc-a0e2-63a26cdcc2cc', 7, 'public', 'Secure Objective Playbook', '{"qui eu commodo dolore","ex"}', DEFAULT, DEFAULT, DEFAULT), ('3e057cf2-df3a-50e5-82fa-e2dcf87ebd5a', '096adf71-c74e-5b77-822b-46a8768797c5', 3, 'public', 'Secure Objective Playbook', '{"duis","minim dolor adipisicing qui sit","quis amet exercitation","deserunt adipisicing nulla"}', DEFAULT, DEFAULT, DEFAULT), ('e3f5f266-44d3-5096-b897-56678a5f974b', '1bf9a820-bb8f-59cd-8902-84a62a1aa29f', 10, 'private', 'Vision Denial Blueprint', '{"consequat","laboris","esse nulla magna","veniam et","quis eiusmod","nisi occaecat adipisicing","id excepteur laborum occaecat","in excepteur officia labore"}', DEFAULT, DEFAULT, DEFAULT), ('ffbcf0c1-44bb-549f-ba50-18e1e874a611', 'fc14352d-4abe-5826-a292-f6661223ae86', 3, 'private', 'Counter Pick Blueprint', '{"eu elit cillum","ipsum exercitation aute labore","et est enim"}', DEFAULT, DEFAULT, DEFAULT), ('c4f414cf-451e-5497-88db-62020e3a0dc5', '8bf74689-dfcf-5429-b342-2718dce8a8eb', 2, 'private', 'Baron Control Strategy', '{"aute aute commodo","tempor","irure","officia fugiat ut ipsum","sit laboris ea ea","commodo consectetur"}', DEFAULT, DEFAULT, DEFAULT), ('a109823a-0d02-5064-b8ef-3186d6d08cb0', '5ce056de-a21e-5eba-9d47-e09232047aae', 1, 'private', 'Aggressive Rush Strategy', '{"ullamco","laboris magna","adipisicing enim aute ad","nostrud laboris ea cupidatat","mollit ex cupidatat","sit proident sunt nostrud mollit"}', DEFAULT, DEFAULT, DEFAULT), ('3e4b1eac-b214-5aaa-a7f0-29af8a5b2ce9', '88133dcb-8b00-5c2c-aee5-9f0743f5239d', 1, 'public', 'Rotation Strategy Document', '{"ullamco cillum","adipisicing"}', DEFAULT, DEFAULT, DEFAULT), ('72819b1c-0a2a-5e86-b5bc-5741c2854f96', 'cbe3cf1c-d730-5d2f-b890-2de0f1a164e6', 2, 'private', 'Split Push Blueprint', '{"tempor consectetur","velit esse","cupidatat ex sint","enim ullamco ut non","cupidatat eu aliquip","dolore officia nisi reprehenderi"}', DEFAULT, DEFAULT, DEFAULT), ('b5d7b26a-56f4-59fc-853e-1a1306ab6e95', '811570ef-0b81-508d-ba05-2f5e812d4131', 3, 'public', 'Objective Focused Strategy', '{"commodo","qui labore consequat","Lorem non mollit","dolore minim deserunt","esse aliqua dolor","id","anim ut"}', DEFAULT, DEFAULT, DEFAULT), ('29365629-31e8-5e53-b1ae-ffdad1c2009e', '5f651c76-ceba-56db-bd60-512d4079ec53', 4, 'unlisted', 'Jungle Control Playbook', '{"consectetur exercitation duis mo","eu exercitation irure","officia do occaecat commodo","qui labore","eu reprehenderit consectetur id","eu reprehenderit"}', DEFAULT, DEFAULT, DEFAULT), ('ef9b1028-31e2-59d9-a64e-2a4d1686e96e', '1e0af0c0-30ba-5a06-9647-a83cef3d815d', 10, 'unlisted', 'Objective Focused Strategy', '{"et deserunt","dolor"}', DEFAULT, DEFAULT, DEFAULT), ('51f9c2fa-a6a8-5d1e-9ef8-efb89c34ee1c', 'cf1d2e5e-3a18-5518-8e4c-387978992b8a', 9, 'private', 'Split Push Blueprint', '{"commodo"}', DEFAULT, DEFAULT, DEFAULT), ('930338c0-ea8e-56fc-b2df-a68255a6182c', '2da447ba-d0f6-5d62-becb-584cd208c558', 7, 'private', 'Aggressive Rush Strategy', '{"est","do esse ullamco","irure commodo do eu","et et sit","sit","et ex nostrud anim"}', DEFAULT, DEFAULT, DEFAULT), ('14f0b4c0-9d33-5d68-85ae-cc3d31b6b19e', 'e5b4727f-be5e-52c0-83cb-cb7ba230945f', 6, 'public', 'Jungle Control Playbook', '{"ipsum ea laboris","dolore dolor veniam","eu mollit consequat","excepteur"}', DEFAULT, DEFAULT, DEFAULT), ('7c51f66f-cf81-571f-a65c-f571f1f39cc9', '2da4149c-bf3e-5f98-b904-591c69530871', 10, 'private', 'Roaming Support Plan', '{"magna","reprehenderit aliquip","do id ipsum aliquip","consequat incididunt","et irure","sit pariatur","labore"}', DEFAULT, DEFAULT, DEFAULT), ('764b9b2a-d477-5bff-a789-cba064ac71f8', 'fc6d457c-9711-5cde-813c-d584f858faae', 4, 'public', 'Vision Control Blueprint', '{}', DEFAULT, DEFAULT, DEFAULT), ('1125d49b-2ad6-5500-bd14-7e0649f5dd73', '88514f78-7770-5bc2-96a4-f0f4ebcab4a4', 2, 'unlisted', 'Team Fight Execution Plan', '{"aliquip voluptate ullamco nisi","irure consequat ipsum magna","elit Lorem","laborum qui","velit est amet non","ipsum pariatur do voluptate","sint veniam pariatur"}', DEFAULT, DEFAULT, DEFAULT), ('de1d5557-45c4-5747-8c2d-f8c09704db25', 'f5d8c620-973f-509a-b5b1-dc1e889a22a1', 3, 'private', 'Baron Control Strategy', '{"in ipsum","reprehenderit enim dolor","anim","aliquip ea et laborum minim"}', DEFAULT, DEFAULT, DEFAULT), ('dc2759a8-51ca-575d-9678-0ac64e900648', '39da01f0-2195-5fc3-a74a-d12c26c902a3', 10, 'private', 'Late Game Scaling Strategy', '{"ut cupidatat anim elit et","esse laboris incididunt","qui culpa non","nulla Lorem cillum officia","sit aliqua ex ad excepteur","dolore consequat","non ea","enim id consequat"}', DEFAULT, DEFAULT, DEFAULT), ('8c0ef303-3ae4-5fe5-b0be-ef1788ae8707', 'e20720a7-b660-50e0-8da5-8784fa26a31d', 2, 'public', 'Vision Control Blueprint', '{"veniam velit velit eu","labore fugiat dolore veniam ad","velit fugiat occaecat","laborum occaecat cupidatat"}', DEFAULT, DEFAULT, DEFAULT), ('ddd094e1-b8f4-560e-b960-af5227a9b337', '9e6824f3-dac2-540f-9e3d-8797171dab14', 4, 'unlisted', 'Map Control Blueprint', '{"ipsum ad reprehenderit dolore","commodo id quis incididunt","ea"}', DEFAULT, DEFAULT, DEFAULT), ('4bd93d1d-9da0-508d-a30a-5cd1fe2e858d', 'f457d7a7-01f9-5225-b07a-0e782525bbc7', 2, 'public', 'Baron Control Strategy', '{"irure non duis","do ad","minim dolore sint est","et incididunt esse dolore exerci","amet commodo","duis Lorem nostrud tempor laboru","laborum officia","veniam"}', DEFAULT, DEFAULT, DEFAULT), ('2d25022b-866c-584e-895d-11b8a727c08f', 'ad1bbcac-cdbb-551f-b25a-b14b40074515', 8, 'public', 'Jungle Control Playbook', '{"ad ea incididunt laborum"}', DEFAULT, DEFAULT, DEFAULT), ('8d4a5d0e-3ef8-5e54-ac1b-6a14acb1ad0e', 'ddb44318-7e83-5b4d-8ba4-3bbd19edd327', 9, 'private', 'Team Fight Execution Plan', '{"eiusmod excepteur","laboris tempor qui minim incidid","culpa eiusmod","pariatur qui ullamco est","consequat","nostrud excepteur velit officia ","enim consectetur aliqua ad commo","velit laborum mollit mollit","aute quis nulla","non duis"}', DEFAULT, DEFAULT, DEFAULT), ('6b889196-1556-5eef-89c0-e7506a0ca45b', 'a8766652-5cf4-5e66-ba6d-9eb457dff942', 1, 'public', 'Baron Control Strategy', '{"laboris","nostrud duis","aliquip consequat voluptate ad","eu proident","id sit do in pariatur","consequat Lorem veniam sunt sunt","mollit commodo voluptate laboris","fugiat laboris deserunt proident"}', DEFAULT, DEFAULT, DEFAULT), ('e6b5025c-d432-567c-bc94-e80f642225ff', '9bf2ad50-cccb-50eb-8269-3a7e78bd21f5', 7, 'public', 'Aggressive Rush Strategy', '{"esse in do","aute velit aute quis","sunt cillum ea","reprehenderit laborum","deserunt"}', DEFAULT, DEFAULT, DEFAULT), ('4d0eaa15-67e7-50e5-bd92-8596a8c41516', '586daead-6daa-5df4-83cb-81b2e815d326', 9, 'public', 'Jungle Control Playbook', '{"excepteur aute eu","enim","aliquip fugiat","est labore aliquip","exercitation cillum veniam non"}', DEFAULT, DEFAULT, DEFAULT), ('c2405ac9-0838-5ce8-a85b-e6db0fbe6c10', 'af5fa9a8-f7df-5a87-830c-3e8d39f06eae', 7, 'unlisted', 'Early Game Dominance Guide', '{"occaecat dolor laborum","sit","cillum elit","mollit consequat","sit ex consectetur velit"}', DEFAULT, DEFAULT, DEFAULT), ('c8df1446-9b17-5687-8ff4-001003cfca37', '2dbccffd-e7a5-5653-9dc6-18e988716abe', 10, 'private', 'Jungle Control Playbook', '{"cillum consequat commodo proiden"}', DEFAULT, DEFAULT, DEFAULT), ('f706294d-163e-5aef-a517-eae489067781', '45173bfe-a11f-574a-ac25-21cda1308ec9', 2, 'public', 'Counter Pick Blueprint', '{"exercitation non elit"}', DEFAULT, DEFAULT, DEFAULT), ('bee3d023-7908-5b1b-a6e7-320078c804bf', '8926b9fd-34b2-5421-a25c-9cd89c12cad0', 1, 'private', 'Roaming Support Plan', '{}', DEFAULT, DEFAULT, DEFAULT), ('d607d7db-ee7a-57fa-b0f1-08a24201e561', '5783cab4-e010-523b-b893-81b388f43d06', 6, 'unlisted', 'Objective Focused Strategy', '{"esse","dolor dolor id dolore","sint","eiusmod deserunt in qui irure","id esse magna reprehenderit","sint elit excepteur nisi","deserunt aute proident"}', DEFAULT, DEFAULT, DEFAULT), ('6db5eb76-a4d8-59b2-8682-ac0a5dca423f', '5e5a298d-faa5-525e-b761-9586e7925c91', 5, 'public', 'Objective Focused Strategy', '{"nostrud sit reprehenderit","eiusmod elit qui anim enim","minim Lorem Lorem","est voluptate nostrud nostrud","do","adipisicing est","pariatur","mollit velit esse","enim sit"}', DEFAULT, DEFAULT, DEFAULT), ('f0859c52-737d-58da-9c95-b804668a9ae6', '1bf9a820-bb8f-59cd-8902-84a62a1aa29f', 2, 'public', 'Gank Heavy Approach', '{"laborum qui","consectetur"}', DEFAULT, DEFAULT, DEFAULT), ('f843e0b1-5e16-5c9e-923e-e155f87b2422', 'cda3814f-c14d-5dcf-a835-797df84f6d99', 9, 'unlisted', 'Aggressive Rush Strategy', '{"cillum","sit id ea","cillum","proident exercitation","aliquip id occaecat excepteur","anim tempor quis esse est","cillum nulla magna"}', DEFAULT, DEFAULT, DEFAULT), ('971d3e7d-1fd1-5fd1-ba3a-0a99dda2cb04', 'c72c7230-479d-51cc-940d-5fec1bea4502', 8, 'public', 'Secure Objective Playbook', '{"est proident cupidatat deserunt ","ut"}', DEFAULT, DEFAULT, DEFAULT), ('51c6dab5-99f7-56c9-a820-7cfc76e25abf', '34e08312-6163-54ad-8f00-271b535d720e', 9, 'public', 'Early Game Dominance Guide', '{"fugiat fugiat ad","velit consequat ea","ullamco consequat velit culpa","aute mollit mollit","velit minim dolor qui","Lorem mollit","aliquip voluptate eu","esse ad amet id","Lorem laboris irure proident","commodo Lorem duis"}', DEFAULT, DEFAULT, DEFAULT), ('88430d1c-f998-5183-ac05-d06b362a058a', 'c67d2d09-4f9c-55d4-8995-a05fcda1aef5', 5, 'public', 'Map Control Blueprint', '{"nisi ad dolor labore Lorem","culpa occaecat labore","proident enim eiusmod proident","non labore","incididunt id amet","consequat cupidatat","ex","sit pariatur"}', DEFAULT, DEFAULT, DEFAULT), ('fc959555-d183-544e-8cf6-52532b383f25', '95f37531-686f-5941-8350-d0fbe8759458', 10, 'private', 'Jungle Control Playbook', '{"cillum est eiusmod","cillum et velit incididunt cupid","cupidatat incididunt Lorem fugia","quis mollit","pariatur veniam exercitation non","labore adipisicing anim","dolore","elit et deserunt","consectetur esse","ex"}', DEFAULT, DEFAULT, DEFAULT), ('94935318-fc9b-5864-874e-912b663c75f7', 'd92658af-bb2e-5f93-9170-bc8d85a6ad50', 10, 'private', 'Defensive Turtle Tactics', '{"adipisicing est anim eu Lorem","reprehenderit occaecat enim proi","ea ad","ipsum cillum","quis dolore tempor pariatur aute"}', DEFAULT, DEFAULT, DEFAULT), ('ea529f5a-add2-5f29-a44d-2a799c7ab051', '438bff0e-fd50-5c86-89ee-d397a0c0e548', 7, 'unlisted', 'Early Game Dominance Guide', '{"sint duis","sint fugiat deserunt esse","ea cupidatat sit est","amet fugiat","elit nulla pariatur non","dolor eu","minim tempor eu"}', DEFAULT, DEFAULT, DEFAULT), ('b2bd3c17-1864-5b1f-8d71-b6fe96b48ba6', 'de459427-bb2c-5381-bdbf-7126efbb65c9', 4, 'public', 'Early Game Dominance Guide', '{"esse quis","minim dolor exercitation"}', DEFAULT, DEFAULT, DEFAULT), ('a46777c9-6f34-5718-a195-68edd93e1d42', 'b32027db-33da-5dc2-b906-e0c2a06ac683', 1, 'private', 'Split Push Blueprint', '{"anim velit amet pariatur id","excepteur","quis cupidatat reprehenderit occ","amet consectetur id amet"}', DEFAULT, DEFAULT, DEFAULT), ('0f3df2fb-dd6e-55b9-9f86-0babb8fec748', 'cb82a658-7a6b-5f53-8103-de934a9d041a', 4, 'public', 'Vision Control Blueprint', '{"exercitation","tempor est eiusmod culpa","ex mollit ex reprehenderit","exercitation"}', DEFAULT, DEFAULT, DEFAULT), ('95bb7f47-209b-5f16-a018-19e8f23e6e16', '09bca3f4-0d37-5f5a-b637-9d7942a17cff', 5, 'public', 'Jungle Control Playbook', '{"velit exercitation","do","magna tempor duis","ipsum et pariatur incididunt","non eu","duis","dolor","magna sint irure","aute sint proident adipisicing"}', DEFAULT, DEFAULT, DEFAULT), ('78959a88-41ee-5d40-85cb-71e22f4c47aa', '3de7919f-8a6e-5a5a-ad06-07f2ad53b96d', 6, 'public', 'Jungle Control Playbook', '{"reprehenderit","proident excepteur irure ipsum","ea eu","cupidatat","nulla dolor excepteur pariatur","enim aute excepteur","aliqua culpa et","excepteur proident exercitation","qui aute ex irure","ipsum occaecat excepteur sint"}', DEFAULT, DEFAULT, DEFAULT), ('a9e614f8-c87a-596e-bdaf-6e577865453e', 'c9f9ed6b-3ed1-5d46-9201-51000bdf47fa', 8, 'public', 'Siege Tactics Handbook', '{"nisi est","ipsum laboris mollit","laboris duis aliqua","mollit elit ullamco Lorem","et sunt dolore nulla eiusmod","labore incididunt est est","exercitation officia ut","officia velit amet consequat ven","veniam"}', DEFAULT, DEFAULT, DEFAULT), ('f80096a0-59ff-58f8-a58f-cd508cb0f33e', '47c1a5aa-1c4a-5781-9c8f-968a639137d7', 7, 'public', 'Defensive Turtle Tactics', '{"pariatur laboris nulla tempor"}', DEFAULT, DEFAULT, DEFAULT), ('a444e395-f85a-5fcf-904b-e713df3a17f6', '750322e1-101b-5f9e-b670-d325392f4504', 8, 'public', 'Siege Tactics Handbook', '{"est irure ea","proident","ut commodo excepteur consectetur","quis consectetur","eiusmod ea ipsum","ad","duis enim ex dolore"}', DEFAULT, DEFAULT, DEFAULT);
INSERT INTO public.team_member_role (id,name,flags) VALUES (1, 'owner', 255), (2, 'editor', 7), (3, 'viewer', 1);
SELECT setval('"public"."team_member_role_id_seq"'::regclass, (SELECT MAX("id") FROM "public"."team_member_role"));
