INSERT INTO public.game (id,name,alias,icon,hidden,metadata,created_at) VALUES (6, 'Incididunt', 'NBA2K', 'https://svgshare.com/i/15iw.svg', 'f', '{"player_count":5,"gadgets_per_character":2}', DEFAULT), (7, 'Lorem Eiusmod', 'NBA2K', 'https://svgshare.com/i/15iw.svg', 'f', '{"player_count":5,"gadgets_per_character":2}', DEFAULT), (8, 'Non Consequat', 'GTA', 'https://svgshare.com/i/15iw.svg', 'f', '{"player_count":5,"gadgets_per_character":2}', DEFAULT);
INSERT INTO public.game_object (id,game_id,type,name,url,metadata) VALUES (212, 6, 'character', 'anim velit', 'https://svgshare.com/i/16EY.svg', '{"Molest":"Horribille ut metu"}'), (213, 6, 'character', 'consequat do', 'https://svgshare.com/i/16EY.svg', '{"Omorari":"Es gloriae"}'), (214, 6, 'gadget', 'ullamco ullamco', 'https://svgshare.com/i/16EY.svg', '{"Isti":"Causa non maloribus"}'), (215, 6, 'floor', 'ullamco cupidatat non', 'https://svgshare.com/i/16EY.svg', '{"Ii":"Cursionibus desid omnium"}'), (216, 6, 'character', 'deserunt', 'https://svgshare.com/i/16EY.svg', '{"Abiliustit":"Scriberror iudexpetuam"}'), (217, 6, 'gadget', 'duis esse', 'https://svgshare.com/i/16EY.svg', '{"Expetus":"Motu multos"}'), (218, 6, 'gadget', 'eiusmod fugiat', 'https://svgshare.com/i/16EY.svg', '{"Litterastris":"Epicitia quo sapientia"}'), (219, 6, 'floor', 'veniam sunt', 'https://svgshare.com/i/16EY.svg', '{"Rationistis":"Cum in"}'), (220, 6, 'floor', 'sit laboris', 'https://svgshare.com/i/16EY.svg', '{"Legimper":"Doloris endum perspici"}'), (221, 6, 'character', 'laboris fugiat', 'https://svgshare.com/i/16EY.svg', '{"Indivinter":"Reret sentenebo per"}'), (222, 6, 'floor', 'incididunt ullamco', 'https://svgshare.com/i/16EY.svg', '{"Iudici":"Aut ratione nihilius"}'), (223, 6, 'gadget', 'ex', 'https://svgshare.com/i/16EY.svg', '{"Indignisi":"Locum mediocritum"}'), (224, 6, 'character', 'veniam esse labore', 'https://svgshare.com/i/16EY.svg', '{"Probabilit":"Tibi dolorum"}'), (225, 6, 'character', 'amet veniam velit', 'https://svgshare.com/i/16EY.svg', '{"Difficerim":"Quae infinire celeret"}'), (226, 6, 'floor', 'consectetur ullamco', 'https://svgshare.com/i/16EY.svg', '{"Ego":"Are itur"}'), (227, 6, 'floor', 'deserunt sunt est', 'https://svgshare.com/i/16EY.svg', '{"Inem":"Sit quem"}'), (228, 6, 'floor', 'labore', 'https://svgshare.com/i/16EY.svg', '{"Seditaque":"In beata triarius"}'), (229, 6, 'character', 'elit', 'https://svgshare.com/i/16EY.svg', '{"Quod":"Alter mihi cum"}'), (230, 6, 'character', 'duis', 'https://svgshare.com/i/16EY.svg', '{"Et":"Ius quam"}'), (231, 6, 'character', 'id reprehenderit', 'https://svgshare.com/i/16EY.svg', '{"Utillo":"Modo qui philosoptim"}'), (232, 6, 'floor', 'minim', 'https://svgshare.com/i/16EY.svg', '{"Si":"Um ani molest"}'), (233, 6, 'character', 'sit enim aliqua', 'https://svgshare.com/i/16EY.svg', '{"Eo":"Ationumen ant"}'), (234, 6, 'floor', 'deserunt duis', 'https://svgshare.com/i/16EY.svg', '{"Ilesse":"Eum metus"}'), (235, 6, 'floor', 'laboris est occaecat', 'https://svgshare.com/i/16EY.svg', '{"De":"Sed nostris"}'), (236, 6, 'floor', 'consequat cupidatat deserunt', 'https://svgshare.com/i/16EY.svg', '{"Sancircum":"A quod mutanda"}'), (237, 6, 'floor', 'ipsum est', 'https://svgshare.com/i/16EY.svg', '{"Praeclare":"Duo esse al"}'), (238, 6, 'character', 'enim ut', 'https://svgshare.com/i/16EY.svg', '{"Omnium":"Esse fortitio"}'), (239, 6, 'character', 'aute Lorem anim', 'https://svgshare.com/i/16EY.svg', '{"Imo":"Tota probartibus"}'), (240, 6, 'floor', 'non esse dolore', 'https://svgshare.com/i/16EY.svg', '{"Convenis":"In tamendae quantus"}'), (241, 6, 'floor', 'ex aute', 'https://svgshare.com/i/16EY.svg', '{"Transferrem":"Recus es"}'), (242, 6, 'character', 'laborum voluptate', 'https://svgshare.com/i/16EY.svg', '{"Aut":"Moderem hominstructus"}'), (243, 6, 'character', 'velit magna', 'https://svgshare.com/i/16EY.svg', '{"Cum":"Propterunt debillo ea"}'), (244, 6, 'gadget', 'commodo enim', 'https://svgshare.com/i/16EY.svg', '{"Ipsa":"Eum delectari non"}'), (245, 6, 'gadget', 'do adipisicing aute', 'https://svgshare.com/i/16EY.svg', '{"Iucuniae":"Et dubita"}'), (246, 6, 'character', 'culpa aliquip adipisicing', 'https://svgshare.com/i/16EY.svg', '{"Sed":"Non etiam politatib"}'), (247, 6, 'floor', 'veniam reprehenderit', 'https://svgshare.com/i/16EY.svg', '{"Eturovat":"Facit musicit"}'), (248, 6, 'floor', 'deserunt magna', 'https://svgshare.com/i/16EY.svg', '{"Ent":"Scribi modaretiam se"}'), (249, 6, 'floor', 'fugiat anim', 'https://svgshare.com/i/16EY.svg', '{"En":"Iudicur omnescio a"}'), (250, 6, 'character', 'aute consequat qui', 'https://svgshare.com/i/16EY.svg', '{"Sit":"Anim eadem ido"}'), (251, 6, 'character', 'exercitation reprehenderit proid', 'https://svgshare.com/i/16EY.svg', '{"Sol":"Ea mireria"}'), (252, 6, 'character', 'voluptate', 'https://svgshare.com/i/16EY.svg', '{"E":"Tamque seiunctum iudicultas"}'), (253, 6, 'gadget', 'esse ipsum', 'https://svgshare.com/i/16EY.svg', '{"Quietem":"Nec quae perspicuum"}'), (254, 7, 'floor', 'et culpa', 'https://svgshare.com/i/16EY.svg', '{"Finibus":"Ad alterea deseratum"}'), (255, 7, 'floor', 'reprehenderit enim', 'https://svgshare.com/i/16EY.svg', '{"Corporis":"Hominsiden tum"}'), (256, 7, 'floor', 'pariatur tempor fugiat', 'https://svgshare.com/i/16EY.svg', '{"Bonorum":"Docerit si"}'), (257, 7, 'gadget', 'occaecat laborum', 'https://svgshare.com/i/16EY.svg', '{"Ego":"Enim reperis"}'), (258, 7, 'gadget', 'tempor dolore', 'https://svgshare.com/i/16EY.svg', '{"Libidit":"Dolore qui"}'), (259, 7, 'character', 'tempor proident', 'https://svgshare.com/i/16EY.svg', '{"Sit":"Aliquarum est physicis"}'), (260, 7, 'gadget', 'non commodo', 'https://svgshare.com/i/16EY.svg', '{"Credo":"Et qua dolem"}'), (261, 7, 'floor', 'nisi deserunt', 'https://svgshare.com/i/16EY.svg', '{"Hac":"Vidis in modernator"}'), (262, 7, 'floor', 'culpa laboris', 'https://svgshare.com/i/16EY.svg', '{"Probest":"Tollatin nihille propterenda"}'), (263, 7, 'character', 'excepteur', 'https://svgshare.com/i/16EY.svg', '{"Nutu":"Capti placet quam"}'), (264, 7, 'character', 'magna mollit', 'https://svgshare.com/i/16EY.svg', '{"Cuiquamurnit":"Enimperner timum"}'), (265, 7, 'floor', 'eiusmod', 'https://svgshare.com/i/16EY.svg', '{"Susceptur":"Nostrum supplication"}'), (266, 7, 'floor', 'id reprehenderit', 'https://svgshare.com/i/16EY.svg', '{"Id":"Cur congressuspic iudice"}'), (267, 7, 'floor', 'pariatur', 'https://svgshare.com/i/16EY.svg', '{"Ea":"Legi philosophiae"}'), (268, 7, 'floor', 'laborum voluptate', 'https://svgshare.com/i/16EY.svg', '{"Sensio":"Autemoder modo"}'), (269, 7, 'gadget', 'labore consectetur', 'https://svgshare.com/i/16EY.svg', '{"Ratione":"Legere et"}'), (270, 7, 'floor', 'adipisicing aute pariatur', 'https://svgshare.com/i/16EY.svg', '{"Vero":"Ratione latin et"}'), (271, 7, 'floor', 'sit elit', 'https://svgshare.com/i/16EY.svg', '{"Eum":"Nam scaevolum nullam"}'), (272, 7, 'character', 'deserunt aliquip dolor', 'https://svgshare.com/i/16EY.svg', '{"Nihillum":"Sed tibi"}'), (273, 7, 'character', 'occaecat laboris', 'https://svgshare.com/i/16EY.svg', '{"Sedulantib":"Idituro per"}'), (274, 7, 'floor', 'adipisicing ullamco consequat', 'https://svgshare.com/i/16EY.svg', '{"Placet":"Prospexitar omnes"}'), (275, 7, 'character', 'duis velit ex', 'https://svgshare.com/i/16EY.svg', '{"Ergo":"Facilius nec"}'), (276, 7, 'gadget', 'amet laboris magna', 'https://svgshare.com/i/16EY.svg', '{"Inorest":"Mundus est"}'), (277, 7, 'floor', 'ut ullamco', 'https://svgshare.com/i/16EY.svg', '{"Causae":"Doloribus quidem"}'), (278, 7, 'gadget', 'culpa ad', 'https://svgshare.com/i/16EY.svg', '{"Nisi":"Plane depravat"}'), (279, 7, 'floor', 'magna veniam', 'https://svgshare.com/i/16EY.svg', '{"Integre":"Philos sed expectate"}'), (280, 7, 'floor', 'officia', 'https://svgshare.com/i/16EY.svg', '{"Quidem":"Clamatomnis possunt"}'), (281, 7, 'character', 'qui nulla', 'https://svgshare.com/i/16EY.svg', '{"Delectam":"Bonas levate"}'), (282, 7, 'character', 'enim nostrud', 'https://svgshare.com/i/16EY.svg', '{"Metu":"Spe adverbum imo"}'), (283, 7, 'gadget', 'aliqua', 'https://svgshare.com/i/16EY.svg', '{"Eo":"Studuisset ipsam"}'), (284, 7, 'floor', 'est ex', 'https://svgshare.com/i/16EY.svg', '{"Invenerim":"Defentur aliquod"}'), (285, 7, 'character', 'fugiat incididunt', 'https://svgshare.com/i/16EY.svg', '{"Et":"Quodsi dicet nis"}'), (286, 7, 'floor', 'magna ut ea', 'https://svgshare.com/i/16EY.svg', '{"Chaere":"Maioribus nisi am"}'), (287, 7, 'character', 'consectetur irure ad', 'https://svgshare.com/i/16EY.svg', '{"Tum":"Me quibus aut"}'), (288, 7, 'character', 'sit', 'https://svgshare.com/i/16EY.svg', '{"Mentitil":"Nullo p docui"}'), (289, 7, 'gadget', 'esse', 'https://svgshare.com/i/16EY.svg', '{"Ento":"Dolerum labefaces sensu"}'), (290, 7, 'gadget', 'incididunt', 'https://svgshare.com/i/16EY.svg', '{"Ita":"Omnia cum"}'), (291, 7, 'character', 'minim ipsum', 'https://svgshare.com/i/16EY.svg', '{"Homo":"Qua novi"}'), (292, 7, 'character', 'qui adipisicing ullamco', 'https://svgshare.com/i/16EY.svg', '{"Familis":"Non et omne"}'), (293, 7, 'gadget', 'aute', 'https://svgshare.com/i/16EY.svg', '{"Maius":"Duo fastidium quae"}'), (294, 7, 'floor', 'laboris irure', 'https://svgshare.com/i/16EY.svg', '{"Totam":"Minim expeditur itaque"}'), (295, 7, 'floor', 'sint aliquip', 'https://svgshare.com/i/16EY.svg', '{"Minut":"Epicur inum"}'), (296, 8, 'floor', 'tempor amet', 'https://svgshare.com/i/16EY.svg', '{"Genuit":"Cotidcirco omnium"}'), (297, 8, 'floor', 'ullamco', 'https://svgshare.com/i/16EY.svg', '{"Autem":"In fieri nec"}'), (298, 8, 'floor', 'et ipsum enim', 'https://svgshare.com/i/16EY.svg', '{"Totum":"Graeca aboresse"}'), (299, 8, 'gadget', 'deserunt anim', 'https://svgshare.com/i/16EY.svg', '{"Am":"Tantopermit quae careat"}'), (300, 8, 'floor', 'sint', 'https://svgshare.com/i/16EY.svg', '{"A":"Esse fieri"}'), (301, 8, 'character', 'nulla commodo ea', 'https://svgshare.com/i/16EY.svg', '{"Idque":"Voluptare sint as"}'), (302, 8, 'floor', 'irure sint consequat', 'https://svgshare.com/i/16EY.svg', '{"Hominam":"Maloriant sus poterudin"}'), (303, 8, 'floor', 'est exercitation nostrud', 'https://svgshare.com/i/16EY.svg', '{"Igita":"Uti orest ini"}'), (304, 8, 'floor', 'tempor in', 'https://svgshare.com/i/16EY.svg', '{"Videt":"Nomin ipsi"}'), (305, 8, 'character', 'occaecat aute', 'https://svgshare.com/i/16EY.svg', '{"Vi":"Ut impendere"}'), (306, 8, 'gadget', 'dolore fugiat', 'https://svgshare.com/i/16EY.svg', '{"Appellat":"Te nunc rebus"}'), (307, 8, 'gadget', 'esse', 'https://svgshare.com/i/16EY.svg', '{"Decornatur":"Ipsa fruenda aut"}'), (308, 8, 'gadget', 'in minim', 'https://svgshare.com/i/16EY.svg', '{"Ne":"Epicab cum propterire"}'), (309, 8, 'floor', 'culpa qui magna', 'https://svgshare.com/i/16EY.svg', '{"Alem":"In discipi endum"}'), (310, 8, 'character', 'cillum', 'https://svgshare.com/i/16EY.svg', '{"M":"Puerillud autem e"}'), (311, 8, 'gadget', 'voluptate do', 'https://svgshare.com/i/16EY.svg', '{"Salutrumque":"Arbitrore falsi"}'), (312, 8, 'gadget', 'reprehenderit occaecat', 'https://svgshare.com/i/16EY.svg', '{"Utionis":"Ad ina"}'), (313, 8, 'gadget', 'eu fugiat', 'https://svgshare.com/i/16EY.svg', '{"Potius":"In laborem lud"}'), (314, 8, 'gadget', 'do labore', 'https://svgshare.com/i/16EY.svg', '{"Alita":"Videre aliae"}'), (315, 8, 'gadget', 'occaecat cillum', 'https://svgshare.com/i/16EY.svg', '{"Causa":"Malunt intellegim facillum"}'), (316, 8, 'gadget', 'irure quis', 'https://svgshare.com/i/16EY.svg', '{"Fugientiam":"Iudicita maximperdid"}'), (317, 8, 'floor', 'dolore ullamco', 'https://svgshare.com/i/16EY.svg', '{"Fieri":"Nullo avis iturnitioq"}'), (318, 8, 'floor', 'sunt dolore laboris', 'https://svgshare.com/i/16EY.svg', '{"Traderunt":"Tamentiam crucian longinquit"}'), (319, 8, 'character', 'et nulla', 'https://svgshare.com/i/16EY.svg', '{"Efac":"Et quae"}'), (320, 8, 'floor', 'voluptate proident', 'https://svgshare.com/i/16EY.svg', '{"Illa":"Beate praeda si"}'), (321, 8, 'floor', 'occaecat', 'https://svgshare.com/i/16EY.svg', '{"Eo":"Molest omnes"}'), (322, 8, 'floor', 'reprehenderit voluptate id', 'https://svgshare.com/i/16EY.svg', '{"Probest":"Praeteremus cum"}'), (323, 8, 'gadget', 'ullamco commodo', 'https://svgshare.com/i/16EY.svg', '{"Ea":"Appetu sum docet"}'), (324, 8, 'gadget', 'ut ea irure', 'https://svgshare.com/i/16EY.svg', '{"Omnem":"Beate faciam affecta"}'), (325, 8, 'gadget', 'in et', 'https://svgshare.com/i/16EY.svg', '{"Scriben":"Imus torum id"}'), (326, 8, 'character', 'magna aliquip eu', 'https://svgshare.com/i/16EY.svg', '{"Invitium":"It licam medium"}'), (327, 8, 'floor', 'non dolor', 'https://svgshare.com/i/16EY.svg', '{"Qui":"Te eoque es"}'), (328, 8, 'character', 'ea voluptate', 'https://svgshare.com/i/16EY.svg', '{"Contem":"Robus reiciens paren"}'), (329, 8, 'character', 'est officia', 'https://svgshare.com/i/16EY.svg', '{"Ine":"Ad quod quarum"}'), (330, 8, 'character', 'voluptate', 'https://svgshare.com/i/16EY.svg', '{"Locosophor":"Res et"}'), (331, 8, 'character', 'elit excepteur', 'https://svgshare.com/i/16EY.svg', '{"Iis":"Amicata est"}'), (332, 8, 'character', 'laborum veniam fugiat', 'https://svgshare.com/i/16EY.svg', '{"In":"Finibusan nos"}'), (333, 8, 'character', 'et dolor', 'https://svgshare.com/i/16EY.svg', '{"Si":"Dolor in"}'), (334, 8, 'floor', 'labore duis labore', 'https://svgshare.com/i/16EY.svg', '{"Perspicuum":"Issimis utrius nec"}'), (335, 8, 'floor', 'reprehenderit ex culpa', 'https://svgshare.com/i/16EY.svg', '{"Tum":"Ab cum disserentes"}'), (336, 8, 'character', 'sunt aute proident', 'https://svgshare.com/i/16EY.svg', '{"Neque":"Sunt in"}'), (337, 8, 'floor', 'anim', 'https://svgshare.com/i/16EY.svg', '{"In":"Multa indivinclus"}'), (338, 8, 'character', 'amet proident', 'https://svgshare.com/i/16EY.svg', '{"Met":"Et autem"}');
SELECT setval('"public"."game_id_seq"'::regclass, (SELECT MAX("id") FROM "public"."game"));
SELECT setval('"public"."game_object_id_seq"'::regclass, (SELECT MAX("id") FROM "public"."game_object"));
INSERT INTO public.team (id,name,plan_id,game_id,created_at,updated_at) VALUES ('7c2c4732-09c1-5f7b-87ca-c53e7497b4ef', 'Qui Incididunt Labor', NULL, 8, DEFAULT, DEFAULT), ('f50563b6-8532-51ec-b121-d8c6bca3e897', 'Exercitation Dolore ', NULL, 8, DEFAULT, DEFAULT), ('f1bf295c-195b-5a42-9c6b-5bfa14b58307', 'Lorem Est Sint', NULL, 8, DEFAULT, DEFAULT), ('e0eebbc8-63c9-5fee-b088-b3310b672c35', 'Id Cupidatat Sit', NULL, 7, DEFAULT, DEFAULT), ('1c17c04a-19f5-5c48-8b6b-48fe02257ffb', 'Voluptate Sint Est P', NULL, 8, DEFAULT, DEFAULT), ('a2996c99-b8bb-5bf6-b789-844e821ceb82', 'Reprehenderit Enim', NULL, 7, DEFAULT, DEFAULT), ('5d016028-a6a3-5268-91a3-91021dbfda0a', 'Dolor Aute Pariatur ', NULL, 8, DEFAULT, DEFAULT), ('b279891e-05aa-528b-867b-dd6fe5fa77c8', 'Irure Minim', NULL, 6, DEFAULT, DEFAULT), ('ff53868f-9940-575d-8fa8-923808f93a53', 'Ipsum Ipsum Ipsum', NULL, 7, DEFAULT, DEFAULT), ('8172203a-00e7-5e0e-919b-2970e0d891df', 'Fugiat Quis Cillum E', NULL, 6, DEFAULT, DEFAULT), ('7b5ee10b-959f-565b-9dac-a4bab4f6c6bf', 'Incididunt Commodo C', NULL, 8, DEFAULT, DEFAULT), ('38400370-0369-5239-8b08-499aef0591ef', 'Irure Lorem', NULL, 7, DEFAULT, DEFAULT), ('5e20f9a8-7b26-5a5f-8426-6b12c182d23c', 'Proident Pariatur', NULL, 7, DEFAULT, DEFAULT), ('53fe0e9e-3358-5722-b994-4faad8733cd3', 'Voluptate Qui', NULL, 8, DEFAULT, DEFAULT), ('e4834379-a7a0-5f41-8193-f598072b1c83', 'Nostrud Magna Ullamc', NULL, 6, DEFAULT, DEFAULT), ('a9f91eda-269f-54d0-83de-05f0c2ecbf08', 'Labore Sunt Ut Exerc', NULL, 6, DEFAULT, DEFAULT), ('c0062d28-74ce-56b0-8124-852c5c4cdd1f', 'Proident Consectetur', NULL, 7, DEFAULT, DEFAULT), ('a1d779f7-e622-5cd1-b766-eb2b7925b3c0', 'Amet Fugiat Labore', NULL, 7, DEFAULT, DEFAULT), ('bd4e2ea6-e7d4-5655-93cc-d1ed71c3483c', 'Et Dolore Laborum', NULL, 8, DEFAULT, DEFAULT), ('fb2f612f-57ab-526e-8b57-f5de07942107', 'Ea Anim Amet Magna', NULL, 6, DEFAULT, DEFAULT), ('38cee772-792e-54fe-ae0f-d62f75f71c11', 'Eiusmod Enim', NULL, 8, DEFAULT, DEFAULT), ('60f279f1-b04c-57b1-b6aa-b71a8811c6ab', 'Irure Tempor Volupta', NULL, 7, DEFAULT, DEFAULT), ('b5d35d7e-f19e-568e-9efe-911f779c892f', 'Laboris Lorem', NULL, 6, DEFAULT, DEFAULT), ('3db3509a-5565-5145-aa2d-eb656db639a3', 'Et Tempor Id', NULL, 6, DEFAULT, DEFAULT), ('782f7eda-e535-5ab3-8415-643126d3b0fa', 'Magna Ad Commodo Lab', NULL, 6, DEFAULT, DEFAULT), ('5daf6f25-3b97-5f49-8f75-4ba5d1d74cd3', 'Consectetur Culpa Ci', NULL, 8, DEFAULT, DEFAULT), ('3788fdae-c690-5563-abac-18b51e4d210f', 'Sit Excepteur', NULL, 6, DEFAULT, DEFAULT), ('177ae72e-41a6-5325-80d6-452827ea5918', 'Non Officia Cupidata', NULL, 6, DEFAULT, DEFAULT), ('c0a2f5c4-7781-5310-ad3c-e7b9f41a7ace', 'Eu Incididunt Aliqua', NULL, 7, DEFAULT, DEFAULT), ('71c019c0-f4c8-51ac-bfff-4141eabf85f3', 'Reprehenderit Incidi', NULL, 7, DEFAULT, DEFAULT), ('ab4eb860-b9b9-58f5-84c6-b76a08d23dfd', 'Aliqua Nulla Ullamco', NULL, 6, DEFAULT, DEFAULT), ('dd9140ad-b92d-5673-a8c2-8b1c4e3e8697', 'Do Consequat Esse Et', NULL, 8, DEFAULT, DEFAULT), ('78de8c0c-fe2d-50bd-afca-68bed9f87cd0', 'Elit Duis', NULL, 8, DEFAULT, DEFAULT), ('81e51b22-aab8-5050-a735-aa5917f8771b', 'Sint Velit Consectet', NULL, 7, DEFAULT, DEFAULT), ('f6cb58dd-a0aa-5d2b-8ce5-200e44be4f36', 'Consequat Ad Dolore', NULL, 6, DEFAULT, DEFAULT), ('48ed64cc-01ce-5cc6-8ffd-8d552f857570', 'Proident Ex', NULL, 8, DEFAULT, DEFAULT), ('0cb21e27-1e4d-50c9-bd0d-f6696d98b44c', 'Occaecat Sit', NULL, 6, DEFAULT, DEFAULT), ('29d37d99-954e-5434-8e90-9d564d65e434', 'Dolor Non', NULL, 6, DEFAULT, DEFAULT), ('64957ee8-7d0b-54ac-82da-6c959456806c', 'Velit Laboris Pariat', NULL, 7, DEFAULT, DEFAULT), ('b96a16b9-db3a-5601-8741-9aae600f278b', 'Ea Et', NULL, 7, DEFAULT, DEFAULT), ('c25b7aec-7cbc-5229-a69a-f81a4d2a8c67', 'Elit Sint Et', NULL, 8, DEFAULT, DEFAULT);
INSERT INTO public.plan (id,name,pricing,pricing_interval,is_default,config,created_at,updated_at) VALUES (4, 'Essential', 0, 'monthly', 't', '{"max_members":6,"max_blueprints":100,"max_books":20}', DEFAULT, DEFAULT), (5, 'Advanced', 15.803108597090716, 'monthly', 'f', '{"max_members":12,"max_blueprints":200,"max_books":40}', DEFAULT, DEFAULT), (6, 'Pro', 12.111348826482082, 'yearly', 'f', '{"max_members":18,"max_blueprints":300,"max_books":60}', DEFAULT, DEFAULT);
INSERT INTO public.book (id,name,team_id,created_at,updated_at) VALUES ('1e7e0bcb-4fc0-5d72-81a5-d67a74a13595', 'Proident', '7c2c4732-09c1-5f7b-87ca-c53e7497b4ef', DEFAULT, DEFAULT), ('d297ab9e-40d4-51b5-bb8f-a1df399f1a9a', 'Tempor', '7c2c4732-09c1-5f7b-87ca-c53e7497b4ef', DEFAULT, DEFAULT), ('d1b8f3f8-af26-5088-8712-273c28ba98f7', 'Sit Laboris', '7c2c4732-09c1-5f7b-87ca-c53e7497b4ef', DEFAULT, DEFAULT), ('3ff60d7a-a4ad-54c5-a422-53b52cd53093', 'Sunt Eiusmod', '7c2c4732-09c1-5f7b-87ca-c53e7497b4ef', DEFAULT, DEFAULT), ('cfbfd1d4-e77f-57e5-94da-e9ff2cc7a996', 'Qui', '7c2c4732-09c1-5f7b-87ca-c53e7497b4ef', DEFAULT, DEFAULT), ('92bf5244-388d-5bbf-bd84-1c7ad2efe31b', 'Laboris Deserunt Ex', '7c2c4732-09c1-5f7b-87ca-c53e7497b4ef', DEFAULT, DEFAULT), ('9584676f-0635-591a-a937-d230d9a3abf3', 'Elit Proident', '7c2c4732-09c1-5f7b-87ca-c53e7497b4ef', DEFAULT, DEFAULT), ('5777772e-8d66-5c0f-ab03-fb0419760db6', 'Do', '7c2c4732-09c1-5f7b-87ca-c53e7497b4ef', DEFAULT, DEFAULT), ('62507209-107c-55b5-9f47-9cad3cb25da5', 'Culpa Eu', '7c2c4732-09c1-5f7b-87ca-c53e7497b4ef', DEFAULT, DEFAULT), ('98eaafd3-adbf-5a3e-adb9-b3fb6971b6f1', 'Ex', 'f50563b6-8532-51ec-b121-d8c6bca3e897', DEFAULT, DEFAULT), ('2d1d7734-be70-5d07-a538-e76c6cae722e', 'Tempor Lorem', 'f50563b6-8532-51ec-b121-d8c6bca3e897', DEFAULT, DEFAULT), ('b5605791-3389-56c2-9ec6-17d538b9bb85', 'Ad', 'f50563b6-8532-51ec-b121-d8c6bca3e897', DEFAULT, DEFAULT), ('a5831e58-2fc9-5b59-970d-00c344a4eb18', 'Culpa Voluptate', 'f50563b6-8532-51ec-b121-d8c6bca3e897', DEFAULT, DEFAULT), ('756cbb59-27d6-58f3-b4b9-8b56121e683f', 'Esse Laboris', 'f50563b6-8532-51ec-b121-d8c6bca3e897', DEFAULT, DEFAULT), ('b64d0217-6a7b-5682-8927-676434f72be9', 'Mollit Sit Culpa', 'f50563b6-8532-51ec-b121-d8c6bca3e897', DEFAULT, DEFAULT), ('09617df2-6261-5b47-bc30-85d317367d48', 'Ipsum Duis Proident', 'f50563b6-8532-51ec-b121-d8c6bca3e897', DEFAULT, DEFAULT), ('98b30307-7ea7-5b6c-b9e4-560fe08299de', 'Ea Est Incididunt', 'f50563b6-8532-51ec-b121-d8c6bca3e897', DEFAULT, DEFAULT), ('731b24f8-f083-56fc-9161-1fd32dcd58d0', 'Reprehenderit Sint L', 'f50563b6-8532-51ec-b121-d8c6bca3e897', DEFAULT, DEFAULT), ('a8212e1b-5577-5c28-9c38-2d4fbd753550', 'Proident', 'f1bf295c-195b-5a42-9c6b-5bfa14b58307', DEFAULT, DEFAULT), ('59558fa1-9cc0-5e85-a331-879d76e07f05', 'Ipsum Cupidatat Aute', 'f1bf295c-195b-5a42-9c6b-5bfa14b58307', DEFAULT, DEFAULT), ('8926b9fd-34b2-5421-a25c-9cd89c12cad0', 'Adipisicing', 'f1bf295c-195b-5a42-9c6b-5bfa14b58307', DEFAULT, DEFAULT), ('5d378209-1fd5-506f-8b3f-511a16489d69', 'Nostrud Et Sint', 'f1bf295c-195b-5a42-9c6b-5bfa14b58307', DEFAULT, DEFAULT), ('305fa448-c3bf-59c7-a989-19ae69ce0725', 'Consectetur Ipsum Qu', 'f1bf295c-195b-5a42-9c6b-5bfa14b58307', DEFAULT, DEFAULT), ('853509f0-6836-5fa7-87f2-fb0a9a8766d2', 'Deserunt Laboris', 'f1bf295c-195b-5a42-9c6b-5bfa14b58307', DEFAULT, DEFAULT), ('bbc51950-a428-5ed7-b604-6444a902714b', 'Elit Tempor', 'f1bf295c-195b-5a42-9c6b-5bfa14b58307', DEFAULT, DEFAULT), ('89f211a9-c1e7-5fa6-9108-784d98291012', 'Dolore', 'f1bf295c-195b-5a42-9c6b-5bfa14b58307', DEFAULT, DEFAULT), ('a6ea6199-2a1a-56d4-b12a-1bf7d32d154c', 'Aliquip', 'e0eebbc8-63c9-5fee-b088-b3310b672c35', DEFAULT, DEFAULT), ('eb3e804d-5ed0-59a1-900b-3b0f9b2cb577', 'Fugiat', 'e0eebbc8-63c9-5fee-b088-b3310b672c35', DEFAULT, DEFAULT), ('88501f36-608d-5074-ab3f-752cd478292f', 'Ullamco Mollit', 'e0eebbc8-63c9-5fee-b088-b3310b672c35', DEFAULT, DEFAULT), ('0e342915-b360-541f-8c0a-bdf36b3c0ce2', 'Amet', 'e0eebbc8-63c9-5fee-b088-b3310b672c35', DEFAULT, DEFAULT), ('8b474939-245b-5ed9-b06a-21432e2b9115', 'Id Lorem', 'e0eebbc8-63c9-5fee-b088-b3310b672c35', DEFAULT, DEFAULT), ('eb9fdff9-6822-52d9-b12a-a9a69b69cbe5', 'Cillum', 'e0eebbc8-63c9-5fee-b088-b3310b672c35', DEFAULT, DEFAULT), ('abf8504a-2cfc-5a9d-a5d2-31dccd8bf00f', 'Incididunt Ea', '1c17c04a-19f5-5c48-8b6b-48fe02257ffb', DEFAULT, DEFAULT), ('262a78c7-eb9d-5e1a-8e58-41ecb0c31fbd', 'Nulla', '1c17c04a-19f5-5c48-8b6b-48fe02257ffb', DEFAULT, DEFAULT), ('110efd29-2979-5c30-b41f-b3bf832f48cd', 'Sint Excepteur', '1c17c04a-19f5-5c48-8b6b-48fe02257ffb', DEFAULT, DEFAULT), ('cf1d2e5e-3a18-5518-8e4c-387978992b8a', 'Enim Non', '1c17c04a-19f5-5c48-8b6b-48fe02257ffb', DEFAULT, DEFAULT), ('34a6eefa-de0a-5b54-8950-76863d1d5290', 'Sit', '1c17c04a-19f5-5c48-8b6b-48fe02257ffb', DEFAULT, DEFAULT), ('338ac238-5209-53e4-836e-9d5dc98ae268', 'Veniam', '1c17c04a-19f5-5c48-8b6b-48fe02257ffb', DEFAULT, DEFAULT), ('d2268e40-fa6d-5300-9f01-b7cc8f9018e3', 'Amet Ullamco', 'a2996c99-b8bb-5bf6-b789-844e821ceb82', DEFAULT, DEFAULT), ('7a86b477-8922-5c78-85b7-47a44d6877c0', 'Sunt Sunt Duis', 'a2996c99-b8bb-5bf6-b789-844e821ceb82', DEFAULT, DEFAULT), ('cd1520c4-af17-5e1e-b5b0-a9e95f36a7c4', 'Quis', 'a2996c99-b8bb-5bf6-b789-844e821ceb82', DEFAULT, DEFAULT), ('2190cc4c-2cc5-5f9f-983d-55f70f31e468', 'Laborum Ipsum', 'a2996c99-b8bb-5bf6-b789-844e821ceb82', DEFAULT, DEFAULT), ('fbfa0c72-9c6c-54ce-ba23-f1ed2563396e', 'Esse', 'a2996c99-b8bb-5bf6-b789-844e821ceb82', DEFAULT, DEFAULT), ('d664e8db-93ef-5294-a361-9e8640907e59', 'Veniam', 'a2996c99-b8bb-5bf6-b789-844e821ceb82', DEFAULT, DEFAULT), ('df625f4d-0fe2-599a-b1d3-13232701e19f', 'Voluptate Sit', 'a2996c99-b8bb-5bf6-b789-844e821ceb82', DEFAULT, DEFAULT), ('6ae168d9-ec9f-5cc8-9efc-a8418f6ebd72', 'Et', 'a2996c99-b8bb-5bf6-b789-844e821ceb82', DEFAULT, DEFAULT), ('349111f0-5b40-5b21-aeff-8af2b228d28f', 'Amet Adipisicing', '5d016028-a6a3-5268-91a3-91021dbfda0a', DEFAULT, DEFAULT), ('e2b744a0-a170-5a87-828d-34cc6f64ca05', 'Voluptate Ullamco Du', '5d016028-a6a3-5268-91a3-91021dbfda0a', DEFAULT, DEFAULT), ('3a804324-748d-571a-afad-6b9c20a35337', 'Tempor Culpa Commodo', '5d016028-a6a3-5268-91a3-91021dbfda0a', DEFAULT, DEFAULT), ('1bf9a820-bb8f-59cd-8902-84a62a1aa29f', 'Ullamco Voluptate Ex', '5d016028-a6a3-5268-91a3-91021dbfda0a', DEFAULT, DEFAULT), ('2067e70c-565d-520b-b56b-19189e5b77f5', 'Quis Nulla Ad', '5d016028-a6a3-5268-91a3-91021dbfda0a', DEFAULT, DEFAULT), ('2da447ba-d0f6-5d62-becb-584cd208c558', 'Officia Culpa', '5d016028-a6a3-5268-91a3-91021dbfda0a', DEFAULT, DEFAULT), ('a00f2df0-a74b-51ab-8311-51125014b9ef', 'Exercitation', '5d016028-a6a3-5268-91a3-91021dbfda0a', DEFAULT, DEFAULT), ('09204188-e618-5728-88fc-034120742c41', 'Dolore Amet', 'b279891e-05aa-528b-867b-dd6fe5fa77c8', DEFAULT, DEFAULT), ('b576de0c-954e-5345-a9e7-0d691c52341a', 'Fugiat', 'b279891e-05aa-528b-867b-dd6fe5fa77c8', DEFAULT, DEFAULT), ('887dee3f-7921-537c-91f1-8b0d43117b12', 'Exercitation', 'b279891e-05aa-528b-867b-dd6fe5fa77c8', DEFAULT, DEFAULT), ('6fc34c52-742f-56c2-b6c3-89dee63a8839', 'Mollit In Occaecat', 'b279891e-05aa-528b-867b-dd6fe5fa77c8', DEFAULT, DEFAULT), ('5531f3c9-2ccc-59e8-86e8-da1800808ec2', 'Minim Magna', 'b279891e-05aa-528b-867b-dd6fe5fa77c8', DEFAULT, DEFAULT), ('3b3a2ed4-3283-5a09-84d9-c7de876d5510', 'Exercitation Officia', 'b279891e-05aa-528b-867b-dd6fe5fa77c8', DEFAULT, DEFAULT), ('380f1bbd-f6c8-5306-af3f-7d7fa746bde0', 'Est Deserunt Dolore', 'b279891e-05aa-528b-867b-dd6fe5fa77c8', DEFAULT, DEFAULT), ('672ad514-6b43-58ed-b7aa-f70ed34485d9', 'Eu Amet', 'b279891e-05aa-528b-867b-dd6fe5fa77c8', DEFAULT, DEFAULT), ('9e19dd6d-e8c2-5925-b1c8-e13b62340491', 'Velit Laboris', 'b279891e-05aa-528b-867b-dd6fe5fa77c8', DEFAULT, DEFAULT), ('f561c33d-0589-5163-a677-f2a1eb6b3322', 'Qui Non Occaecat', 'ff53868f-9940-575d-8fa8-923808f93a53', DEFAULT, DEFAULT), ('02a341a2-35a0-5fbc-a1f4-aa8b42aa4b51', 'Elit Fugiat', 'ff53868f-9940-575d-8fa8-923808f93a53', DEFAULT, DEFAULT), ('ad276812-3b86-5425-b36a-d822f2860912', 'Culpa Ea', 'ff53868f-9940-575d-8fa8-923808f93a53', DEFAULT, DEFAULT), ('2764351d-73bf-5124-a613-660cd57f91dd', 'Sunt Pariatur', 'ff53868f-9940-575d-8fa8-923808f93a53', DEFAULT, DEFAULT), ('8bf74689-dfcf-5429-b342-2718dce8a8eb', 'In Ea Et', 'ff53868f-9940-575d-8fa8-923808f93a53', DEFAULT, DEFAULT), ('cd80d13e-478f-5058-8dfd-e20a76013cb5', 'Magna Laboris', '8172203a-00e7-5e0e-919b-2970e0d891df', DEFAULT, DEFAULT), ('db9f2a26-569b-5431-9216-bcd2cf256bbd', 'Amet Deserunt Lorem', '8172203a-00e7-5e0e-919b-2970e0d891df', DEFAULT, DEFAULT), ('e4c44768-00c8-52e6-80f9-625972d5d9b9', 'Occaecat', '8172203a-00e7-5e0e-919b-2970e0d891df', DEFAULT, DEFAULT), ('eea550bd-8120-5fb2-9339-ad3a549506d4', 'Ea Tempor', '8172203a-00e7-5e0e-919b-2970e0d891df', DEFAULT, DEFAULT), ('88514f78-7770-5bc2-96a4-f0f4ebcab4a4', 'Veniam Ut Enim', '8172203a-00e7-5e0e-919b-2970e0d891df', DEFAULT, DEFAULT), ('95c65795-b9a1-572f-87ae-6fa70b020fbb', 'Laboris Aliquip', '8172203a-00e7-5e0e-919b-2970e0d891df', DEFAULT, DEFAULT), ('8891aca3-b326-5a45-a77b-46ff3fd96d49', 'Anim Excepteur Dolor', '8172203a-00e7-5e0e-919b-2970e0d891df', DEFAULT, DEFAULT), ('e9decb87-4a50-5c41-896c-16fe0d21ebca', 'Velit Nulla', '7b5ee10b-959f-565b-9dac-a4bab4f6c6bf', DEFAULT, DEFAULT), ('274020d9-7513-5cf6-ae0b-e94ef1d1a62f', 'Lorem Mollit Cupidat', '7b5ee10b-959f-565b-9dac-a4bab4f6c6bf', DEFAULT, DEFAULT), ('644bfc5c-cf27-5d76-8355-4e4c8d73061f', 'Consequat Ut Consequ', '7b5ee10b-959f-565b-9dac-a4bab4f6c6bf', DEFAULT, DEFAULT), ('b134c4e5-3e41-53b3-bf3f-7f4cf023e9d7', 'Voluptate Laboris', '38400370-0369-5239-8b08-499aef0591ef', DEFAULT, DEFAULT), ('763ebb5f-add9-59ff-9a26-6b4030dae259', 'Dolor Adipisicing', '38400370-0369-5239-8b08-499aef0591ef', DEFAULT, DEFAULT), ('9f273059-bf49-55a4-bf95-e6bedcccffe3', 'Quis', '38400370-0369-5239-8b08-499aef0591ef', DEFAULT, DEFAULT), ('c7198a1e-f50c-5635-a5bf-2073d4da7bc6', 'Sit', '38400370-0369-5239-8b08-499aef0591ef', DEFAULT, DEFAULT), ('1497705a-df0e-5f8d-988d-61adba7199e0', 'Fugiat Mollit', '38400370-0369-5239-8b08-499aef0591ef', DEFAULT, DEFAULT), ('ac772386-a452-5d18-88c7-396c2a71eb0b', 'Eu Anim', '38400370-0369-5239-8b08-499aef0591ef', DEFAULT, DEFAULT), ('7b09592d-b146-5ee2-9db5-3683955196d6', 'Labore Elit', '38400370-0369-5239-8b08-499aef0591ef', DEFAULT, DEFAULT), ('d3953f9f-e0f9-5aed-9d31-3f026a23da12', 'Ea In Labore', '38400370-0369-5239-8b08-499aef0591ef', DEFAULT, DEFAULT), ('734282bd-df4e-5f8d-afc5-83f4c9131800', 'Duis Fugiat Sint', '38400370-0369-5239-8b08-499aef0591ef', DEFAULT, DEFAULT), ('1bad91a4-3a34-5cee-a751-bb52fcfd9dc6', 'Pariatur Sit', '38400370-0369-5239-8b08-499aef0591ef', DEFAULT, DEFAULT), ('d19db439-c7e7-53a7-aa19-0db346180dc1', 'Eu Deserunt Quis', '5e20f9a8-7b26-5a5f-8426-6b12c182d23c', DEFAULT, DEFAULT), ('91434b27-2651-5429-8f42-45c3f8e334a0', 'Tempor Amet', '5e20f9a8-7b26-5a5f-8426-6b12c182d23c', DEFAULT, DEFAULT), ('549980e7-3e77-5d76-b263-84664d04b209', 'Nulla', '5e20f9a8-7b26-5a5f-8426-6b12c182d23c', DEFAULT, DEFAULT), ('e4de1a09-bd9a-5e42-b92c-2cb1af28bec6', 'Sit', '5e20f9a8-7b26-5a5f-8426-6b12c182d23c', DEFAULT, DEFAULT), ('f4b5542b-ba61-519e-a8d2-5793282ad487', 'Veniam', '5e20f9a8-7b26-5a5f-8426-6b12c182d23c', DEFAULT, DEFAULT), ('cd7c291a-6d6e-5632-91e5-b7fd7a634d7d', 'Aliquip', '5e20f9a8-7b26-5a5f-8426-6b12c182d23c', DEFAULT, DEFAULT), ('4da5a34b-d621-539d-93ed-4bd842601284', 'Mollit Veniam Occaec', '5e20f9a8-7b26-5a5f-8426-6b12c182d23c', DEFAULT, DEFAULT), ('eb3795e9-0dc2-506f-818c-e81bf7149197', 'Deserunt', '5e20f9a8-7b26-5a5f-8426-6b12c182d23c', DEFAULT, DEFAULT), ('3dbd7acc-a0c5-5607-8378-ec8dc206b269', 'Officia Aliqua Occae', '5e20f9a8-7b26-5a5f-8426-6b12c182d23c', DEFAULT, DEFAULT), ('b32027db-33da-5dc2-b906-e0c2a06ac683', 'Excepteur', '53fe0e9e-3358-5722-b994-4faad8733cd3', DEFAULT, DEFAULT), ('b7a89d05-549f-565f-b631-b59097e91d1a', 'Eu Nisi Exercitation', '53fe0e9e-3358-5722-b994-4faad8733cd3', DEFAULT, DEFAULT), ('ac9f0e3e-b030-584f-a8dd-87355fe22537', 'Sit Velit Pariatur', '53fe0e9e-3358-5722-b994-4faad8733cd3', DEFAULT, DEFAULT), ('438bff0e-fd50-5c86-89ee-d397a0c0e548', 'Veniam', '53fe0e9e-3358-5722-b994-4faad8733cd3', DEFAULT, DEFAULT), ('9bf2ad50-cccb-50eb-8269-3a7e78bd21f5', 'Magna', '53fe0e9e-3358-5722-b994-4faad8733cd3', DEFAULT, DEFAULT), ('36f6f3ba-e867-5008-b6c1-829e989f9d2f', 'Sunt Dolor', '53fe0e9e-3358-5722-b994-4faad8733cd3', DEFAULT, DEFAULT), ('19495f2f-99a6-5394-9596-a1d3fb0d3196', 'Fugiat', '53fe0e9e-3358-5722-b994-4faad8733cd3', DEFAULT, DEFAULT), ('9a184097-b9bc-5f22-ba40-6c62e83423ab', 'Laboris Aliquip Cill', '53fe0e9e-3358-5722-b994-4faad8733cd3', DEFAULT, DEFAULT), ('92ce3cad-bd68-55a2-9017-d27d51e2e007', 'Laboris Ipsum', '53fe0e9e-3358-5722-b994-4faad8733cd3', DEFAULT, DEFAULT), ('70dc5b0f-7d06-5f95-a4ee-16cc68f3a4b6', 'Velit Laboris', '53fe0e9e-3358-5722-b994-4faad8733cd3', DEFAULT, DEFAULT), ('26f7bb6a-3c9c-5b30-b11b-be5ebfb91948', 'Nostrud Nisi Nostrud', 'e4834379-a7a0-5f41-8193-f598072b1c83', DEFAULT, DEFAULT), ('e5b4727f-be5e-52c0-83cb-cb7ba230945f', 'Anim Eu', 'e4834379-a7a0-5f41-8193-f598072b1c83', DEFAULT, DEFAULT), ('290e51c6-7ff6-5db4-8f40-69dda051b66c', 'Labore Mollit', 'e4834379-a7a0-5f41-8193-f598072b1c83', DEFAULT, DEFAULT), ('6c3f6730-2b1a-5e27-97de-caacad0bb1a5', 'Deserunt Culpa', 'e4834379-a7a0-5f41-8193-f598072b1c83', DEFAULT, DEFAULT), ('7d0c4d54-58ae-5ddf-b108-590171e8655a', 'Est Nisi', 'e4834379-a7a0-5f41-8193-f598072b1c83', DEFAULT, DEFAULT), ('5dd9c208-a224-5712-b987-eab6b9a89e23', 'Excepteur Voluptate ', 'e4834379-a7a0-5f41-8193-f598072b1c83', DEFAULT, DEFAULT), ('8bfeb6d5-d92f-5041-aa1b-39b8365c0a59', 'Nulla Commodo Except', 'e4834379-a7a0-5f41-8193-f598072b1c83', DEFAULT, DEFAULT), ('8c5ef042-1b14-56ed-adba-e25d3960a3cf', 'Pariatur', 'e4834379-a7a0-5f41-8193-f598072b1c83', DEFAULT, DEFAULT), ('01807616-77b8-51e2-9a97-d85b00b2c474', 'Veniam Culpa', 'e4834379-a7a0-5f41-8193-f598072b1c83', DEFAULT, DEFAULT), ('d9ae7966-26bd-59fb-b0d1-f3ba758ed60a', 'Anim', 'e4834379-a7a0-5f41-8193-f598072b1c83', DEFAULT, DEFAULT), ('a8766652-5cf4-5e66-ba6d-9eb457dff942', 'Aliquip Cupidatat', 'a9f91eda-269f-54d0-83de-05f0c2ecbf08', DEFAULT, DEFAULT), ('43bcab14-4a69-5e60-a07f-cda2fe595a2a', 'Consectetur Consequa', 'a9f91eda-269f-54d0-83de-05f0c2ecbf08', DEFAULT, DEFAULT), ('203ac13e-e5b1-548e-a7da-5d8cff932053', 'In Culpa', 'a9f91eda-269f-54d0-83de-05f0c2ecbf08', DEFAULT, DEFAULT), ('1332e392-1ac8-57d9-8262-948f66c89fe9', 'Duis Laborum Mollit', 'a9f91eda-269f-54d0-83de-05f0c2ecbf08', DEFAULT, DEFAULT), ('b88b1af1-79fe-5af5-9c91-0c77ed20973b', 'Ut Deserunt', 'a9f91eda-269f-54d0-83de-05f0c2ecbf08', DEFAULT, DEFAULT), ('d073b0b8-955f-5aab-9c76-3aebe9fa08b6', 'Consectetur Labore', 'a9f91eda-269f-54d0-83de-05f0c2ecbf08', DEFAULT, DEFAULT), ('495c6cc5-490c-50dd-b1c5-aaf0110ec764', 'Nostrud Minim', 'a9f91eda-269f-54d0-83de-05f0c2ecbf08', DEFAULT, DEFAULT), ('5783cab4-e010-523b-b893-81b388f43d06', 'Nisi Eiusmod Irure', 'c0062d28-74ce-56b0-8124-852c5c4cdd1f', DEFAULT, DEFAULT), ('01bb02e3-6d00-5b11-ba00-2f6b060dfb2e', 'Irure Eu', 'c0062d28-74ce-56b0-8124-852c5c4cdd1f', DEFAULT, DEFAULT), ('a9752d0c-ade4-58c6-b746-1b9df56a3d08', 'Do Laboris Occaecat', 'c0062d28-74ce-56b0-8124-852c5c4cdd1f', DEFAULT, DEFAULT), ('5cdb9712-16b6-532e-9cc7-8cf7dfbe9b6b', 'Magna', 'c0062d28-74ce-56b0-8124-852c5c4cdd1f', DEFAULT, DEFAULT), ('3adfc207-aaeb-5fa1-b329-eb7ef2061320', 'Amet Ex', 'a1d779f7-e622-5cd1-b766-eb2b7925b3c0', DEFAULT, DEFAULT), ('096adf71-c74e-5b77-822b-46a8768797c5', 'Labore Aliquip', 'a1d779f7-e622-5cd1-b766-eb2b7925b3c0', DEFAULT, DEFAULT), ('65d8ad86-6271-552b-8704-fabcdcf18cdb', 'Esse Lorem Eu', 'a1d779f7-e622-5cd1-b766-eb2b7925b3c0', DEFAULT, DEFAULT), ('9a52e2af-cb63-5ab2-95a7-ae32f01d6a1c', 'Culpa Eiusmod Est', 'a1d779f7-e622-5cd1-b766-eb2b7925b3c0', DEFAULT, DEFAULT), ('f7f33f5b-7e02-5784-9db2-ed2995544a54', 'Elit Anim', 'a1d779f7-e622-5cd1-b766-eb2b7925b3c0', DEFAULT, DEFAULT), ('ba4d6fef-111f-5ce5-883e-2b3880f373bf', 'Voluptate Occaecat', 'a1d779f7-e622-5cd1-b766-eb2b7925b3c0', DEFAULT, DEFAULT), ('39da01f0-2195-5fc3-a74a-d12c26c902a3', 'Tempor Esse Occaecat', 'bd4e2ea6-e7d4-5655-93cc-d1ed71c3483c', DEFAULT, DEFAULT), ('fbbb9719-f3d1-5ce2-b584-4b70bf5bb135', 'Aliquip Do', 'bd4e2ea6-e7d4-5655-93cc-d1ed71c3483c', DEFAULT, DEFAULT), ('5f651c76-ceba-56db-bd60-512d4079ec53', 'Consectetur Minim Vo', 'bd4e2ea6-e7d4-5655-93cc-d1ed71c3483c', DEFAULT, DEFAULT), ('9af6e0ef-7015-5390-856a-705032c2e40e', 'Eiusmod Aliquip', 'bd4e2ea6-e7d4-5655-93cc-d1ed71c3483c', DEFAULT, DEFAULT), ('5034bc4f-306f-5e76-8ef2-99198efc3a69', 'Labore Minim Mollit', 'bd4e2ea6-e7d4-5655-93cc-d1ed71c3483c', DEFAULT, DEFAULT), ('bbecd693-8054-5eee-8ada-8e2d5a3c5090', 'Dolor Aliquip', 'bd4e2ea6-e7d4-5655-93cc-d1ed71c3483c', DEFAULT, DEFAULT), ('e7ba2b18-a57c-5b02-9714-d376d9ea922f', 'Anim Nulla', 'fb2f612f-57ab-526e-8b57-f5de07942107', DEFAULT, DEFAULT), ('ccd28d41-9086-5b64-b351-585431787bb7', 'Anim Adipisicing', 'fb2f612f-57ab-526e-8b57-f5de07942107', DEFAULT, DEFAULT), ('6a248992-e0a8-5c27-8d71-fd2cfd3a1fd6', 'Quis Exercitation', 'fb2f612f-57ab-526e-8b57-f5de07942107', DEFAULT, DEFAULT), ('f457d7a7-01f9-5225-b07a-0e782525bbc7', 'Nostrud Ut', '38cee772-792e-54fe-ae0f-d62f75f71c11', DEFAULT, DEFAULT), ('0fa12fcf-97e2-5065-a698-e366ca117702', 'Enim', '38cee772-792e-54fe-ae0f-d62f75f71c11', DEFAULT, DEFAULT), ('b4725825-2a5a-5e18-a190-e59f4cb9f1b5', 'Ea', '38cee772-792e-54fe-ae0f-d62f75f71c11', DEFAULT, DEFAULT), ('d1dc8a74-c651-5dbd-b484-1cd2c51db9b9', 'Pariatur', '38cee772-792e-54fe-ae0f-d62f75f71c11', DEFAULT, DEFAULT), ('40747f76-ad34-5508-ba43-ef538c943cc0', 'Nostrud Non Amet', '38cee772-792e-54fe-ae0f-d62f75f71c11', DEFAULT, DEFAULT), ('94a106f5-e21c-5e45-83f2-58d10f738b53', 'Do Commodo', '38cee772-792e-54fe-ae0f-d62f75f71c11', DEFAULT, DEFAULT), ('5da40fc6-2f9c-5273-8dcd-1032d525128a', 'Eu', '38cee772-792e-54fe-ae0f-d62f75f71c11', DEFAULT, DEFAULT), ('45173bfe-a11f-574a-ac25-21cda1308ec9', 'Id Adipisicing Paria', '60f279f1-b04c-57b1-b6aa-b71a8811c6ab', DEFAULT, DEFAULT), ('28e4b717-ba20-5ce6-96db-f08421aa2fc7', 'Commodo Cupidatat Es', '60f279f1-b04c-57b1-b6aa-b71a8811c6ab', DEFAULT, DEFAULT), ('d35ecca3-ac35-5e28-8e7e-6a25de908d18', 'Cupidatat Magna', '60f279f1-b04c-57b1-b6aa-b71a8811c6ab', DEFAULT, DEFAULT), ('e334db45-3389-5a47-b7c9-4ff8121637b5', 'Ea Est', '60f279f1-b04c-57b1-b6aa-b71a8811c6ab', DEFAULT, DEFAULT), ('0a9347d2-3396-5e6a-98f1-b406ca195226', 'Tempor', '60f279f1-b04c-57b1-b6aa-b71a8811c6ab', DEFAULT, DEFAULT), ('71edf17f-e471-58c3-bbf8-8111bd6c7c8e', 'Duis Tempor Tempor', '60f279f1-b04c-57b1-b6aa-b71a8811c6ab', DEFAULT, DEFAULT), ('fc6d457c-9711-5cde-813c-d584f858faae', 'Reprehenderit', '60f279f1-b04c-57b1-b6aa-b71a8811c6ab', DEFAULT, DEFAULT), ('644a93ba-f570-5681-b2f5-de6b9950affd', 'Occaecat Voluptate Q', '60f279f1-b04c-57b1-b6aa-b71a8811c6ab', DEFAULT, DEFAULT), ('cd42da7d-ec75-53b3-9aad-015766f58921', 'Quis Amet', '60f279f1-b04c-57b1-b6aa-b71a8811c6ab', DEFAULT, DEFAULT), ('b737f334-53a3-585e-98d7-69fce744e35e', 'Dolore Occaecat', 'b5d35d7e-f19e-568e-9efe-911f779c892f', DEFAULT, DEFAULT), ('8babc841-00b0-585f-9ca3-85ef68fec1f7', 'Anim Fugiat', 'b5d35d7e-f19e-568e-9efe-911f779c892f', DEFAULT, DEFAULT), ('79efb743-bb54-546e-8bdf-089509399715', 'Reprehenderit Enim I', 'b5d35d7e-f19e-568e-9efe-911f779c892f', DEFAULT, DEFAULT), ('86e03e09-1744-508f-b91c-c48f85d8ffcb', 'Elit Aute', 'b5d35d7e-f19e-568e-9efe-911f779c892f', DEFAULT, DEFAULT), ('6451b879-16d7-5644-b6b9-87dd18b3facf', 'Velit Esse Officia', 'b5d35d7e-f19e-568e-9efe-911f779c892f', DEFAULT, DEFAULT), ('47e5d6a1-6a7c-5068-97e6-b73d6f3b47c1', 'Sit', 'b5d35d7e-f19e-568e-9efe-911f779c892f', DEFAULT, DEFAULT), ('ea56a5ec-2249-5fba-8891-278bcdbbb33d', 'Cupidatat Enim Paria', 'b5d35d7e-f19e-568e-9efe-911f779c892f', DEFAULT, DEFAULT), ('c72c7230-479d-51cc-940d-5fec1bea4502', 'Sunt', 'b5d35d7e-f19e-568e-9efe-911f779c892f', DEFAULT, DEFAULT), ('844afdcc-93cf-55c8-b0f1-1cc22329a30b', 'Aliquip Culpa', '3db3509a-5565-5145-aa2d-eb656db639a3', DEFAULT, DEFAULT), ('290bcd64-8663-5670-8efa-64e864979bbb', 'Anim', '3db3509a-5565-5145-aa2d-eb656db639a3', DEFAULT, DEFAULT), ('897e7fb9-bd9c-59e3-afc7-d1c31ec7ef34', 'Ea', '3db3509a-5565-5145-aa2d-eb656db639a3', DEFAULT, DEFAULT), ('f3376d8d-17f3-5259-a5b0-af6d5e21e7e2', 'In Nulla', '3db3509a-5565-5145-aa2d-eb656db639a3', DEFAULT, DEFAULT), ('5ce056de-a21e-5eba-9d47-e09232047aae', 'Esse', '3db3509a-5565-5145-aa2d-eb656db639a3', DEFAULT, DEFAULT), ('fd8e258e-4711-5b22-b0f3-1f5725eb642f', 'Nisi Ad', '3db3509a-5565-5145-aa2d-eb656db639a3', DEFAULT, DEFAULT), ('e5d977c2-2a0e-5703-8ee9-4796e3967ae0', 'Ex', '3db3509a-5565-5145-aa2d-eb656db639a3', DEFAULT, DEFAULT), ('11edd970-a1f3-5973-a201-278046231716', 'Sunt Ullamco', '3db3509a-5565-5145-aa2d-eb656db639a3', DEFAULT, DEFAULT), ('5701e8cf-a128-5707-83da-0279d2c833bf', 'Sit Cupidatat Duis', '3db3509a-5565-5145-aa2d-eb656db639a3', DEFAULT, DEFAULT), ('a3141029-aec2-543b-b18a-49fe947e3304', 'Aliquip Eiusmod', '782f7eda-e535-5ab3-8415-643126d3b0fa', DEFAULT, DEFAULT), ('6c52c1d9-13a4-51ef-ae51-1dacc4c14be9', 'Sunt Qui Ullamco', '782f7eda-e535-5ab3-8415-643126d3b0fa', DEFAULT, DEFAULT), ('2589cf16-4103-5a4f-b544-b30078083eaa', 'Aute Laborum Irure', '782f7eda-e535-5ab3-8415-643126d3b0fa', DEFAULT, DEFAULT), ('a88bc9b9-135e-55c7-8c4c-5a072a3c8573', 'Elit Officia', '782f7eda-e535-5ab3-8415-643126d3b0fa', DEFAULT, DEFAULT), ('8b7e423b-b9b9-5b3c-bf3d-1aa45d16235c', 'Eiusmod Ea', '782f7eda-e535-5ab3-8415-643126d3b0fa', DEFAULT, DEFAULT), ('882c7ae5-914f-539d-8207-691de536097f', 'Quis Laboris Exercit', '782f7eda-e535-5ab3-8415-643126d3b0fa', DEFAULT, DEFAULT), ('811570ef-0b81-508d-ba05-2f5e812d4131', 'Aliquip Consequat', '782f7eda-e535-5ab3-8415-643126d3b0fa', DEFAULT, DEFAULT), ('29b47b7e-4cec-5d5a-b93d-172770b57ed6', 'Incididunt', '782f7eda-e535-5ab3-8415-643126d3b0fa', DEFAULT, DEFAULT), ('a5e6c58e-54df-5943-b1b7-463c2ae0fb74', 'Mollit Ea Duis', '782f7eda-e535-5ab3-8415-643126d3b0fa', DEFAULT, DEFAULT), ('9b1fc781-1e4e-56d2-bd68-0dc257a319c0', 'Nulla Consequat Dolo', '5daf6f25-3b97-5f49-8f75-4ba5d1d74cd3', DEFAULT, DEFAULT), ('8a0a556f-d942-55f0-8ba8-1ffbfaf3c6d9', 'Ipsum Deserunt', '5daf6f25-3b97-5f49-8f75-4ba5d1d74cd3', DEFAULT, DEFAULT), ('91fa3874-9437-5dfa-a49a-f19fb38d9e92', 'Proident Laborum', '5daf6f25-3b97-5f49-8f75-4ba5d1d74cd3', DEFAULT, DEFAULT), ('eda91f04-12ef-5904-88aa-e6ed9a692e03', 'Sunt Cupidatat', '5daf6f25-3b97-5f49-8f75-4ba5d1d74cd3', DEFAULT, DEFAULT), ('1d3f740a-8c60-5c1d-aa9e-3854a33c8e1d', 'Sint Commodo Mollit', '5daf6f25-3b97-5f49-8f75-4ba5d1d74cd3', DEFAULT, DEFAULT), ('d9bba68a-079c-5141-bd43-756b87167584', 'Laboris Velit', '5daf6f25-3b97-5f49-8f75-4ba5d1d74cd3', DEFAULT, DEFAULT), ('ca65e33b-de71-5d46-933a-849036127987', 'Irure Eu', '5daf6f25-3b97-5f49-8f75-4ba5d1d74cd3', DEFAULT, DEFAULT), ('f52ce409-f800-5a86-b4ed-ce1a99a8a6ae', 'Amet Reprehenderit', '5daf6f25-3b97-5f49-8f75-4ba5d1d74cd3', DEFAULT, DEFAULT), ('5ef5a669-7ca0-5a58-879f-c84c6abe3657', 'Reprehenderit Adipis', '5daf6f25-3b97-5f49-8f75-4ba5d1d74cd3', DEFAULT, DEFAULT), ('3204ce32-7c5b-5953-969e-fe1d17de6e76', 'Anim', '3788fdae-c690-5563-abac-18b51e4d210f', DEFAULT, DEFAULT), ('eecf8a7e-af2f-524d-a645-c5fba3ebda06', 'Id Dolor Fugiat', '3788fdae-c690-5563-abac-18b51e4d210f', DEFAULT, DEFAULT), ('8d3f145b-67b0-504d-b49a-d59ecea5d2d8', 'Qui Est', '3788fdae-c690-5563-abac-18b51e4d210f', DEFAULT, DEFAULT), ('d6d652bf-48a5-5a85-a95d-16c25edc5397', 'In Dolore', '177ae72e-41a6-5325-80d6-452827ea5918', DEFAULT, DEFAULT), ('94170f3d-888c-58bc-bc18-13592bfb52c5', 'Fugiat Veniam', '177ae72e-41a6-5325-80d6-452827ea5918', DEFAULT, DEFAULT), ('1e0af0c0-30ba-5a06-9647-a83cef3d815d', 'Duis Tempor Sit', '177ae72e-41a6-5325-80d6-452827ea5918', DEFAULT, DEFAULT), ('097c4d8e-94d3-5fd3-94ca-7bbb66cf6929', 'Irure', '177ae72e-41a6-5325-80d6-452827ea5918', DEFAULT, DEFAULT), ('2daf5548-f681-577a-9912-670e1304b2ad', 'Cupidatat', '177ae72e-41a6-5325-80d6-452827ea5918', DEFAULT, DEFAULT), ('36ab6720-a24b-578b-8d3f-3d9bb0485851', 'Cillum Irure Tempor', '177ae72e-41a6-5325-80d6-452827ea5918', DEFAULT, DEFAULT), ('960932a7-c474-5ba2-97bb-0581aeeca485', 'Veniam Ullamco Est', '177ae72e-41a6-5325-80d6-452827ea5918', DEFAULT, DEFAULT), ('70b4d1da-5ee3-5bd6-aecb-9af8ab670b84', 'Occaecat', 'c0a2f5c4-7781-5310-ad3c-e7b9f41a7ace', DEFAULT, DEFAULT), ('2da4149c-bf3e-5f98-b904-591c69530871', 'Anim Ut', 'c0a2f5c4-7781-5310-ad3c-e7b9f41a7ace', DEFAULT, DEFAULT), ('a69d43fa-2222-5203-b590-140e62599451', 'Quis Irure', 'c0a2f5c4-7781-5310-ad3c-e7b9f41a7ace', DEFAULT, DEFAULT), ('f6a7cc82-a609-50ee-a839-9fa8b1a9631d', 'Quis Officia Laborum', 'c0a2f5c4-7781-5310-ad3c-e7b9f41a7ace', DEFAULT, DEFAULT), ('00644310-2ebb-53b6-b6cd-c599924419bd', 'Reprehenderit Conseq', 'c0a2f5c4-7781-5310-ad3c-e7b9f41a7ace', DEFAULT, DEFAULT), ('28a1ca86-fc34-5d5b-bda6-792b581f58de', 'Reprehenderit', '71c019c0-f4c8-51ac-bfff-4141eabf85f3', DEFAULT, DEFAULT), ('c801d235-e02a-5267-8201-eecb86948b65', 'Dolore Do Lorem', '71c019c0-f4c8-51ac-bfff-4141eabf85f3', DEFAULT, DEFAULT), ('ad1bbcac-cdbb-551f-b25a-b14b40074515', 'Non Incididunt', '71c019c0-f4c8-51ac-bfff-4141eabf85f3', DEFAULT, DEFAULT), ('af85f96c-efbd-584c-bdd4-26c4e2f3e556', 'Lorem Excepteur Dolo', '71c019c0-f4c8-51ac-bfff-4141eabf85f3', DEFAULT, DEFAULT), ('b67e09de-df70-515b-91d0-6e53f3b4a58a', 'Veniam', 'ab4eb860-b9b9-58f5-84c6-b76a08d23dfd', DEFAULT, DEFAULT), ('fe24988b-bca5-5bf5-be0f-c92da7b2cbe1', 'Reprehenderit Cillum', 'ab4eb860-b9b9-58f5-84c6-b76a08d23dfd', DEFAULT, DEFAULT), ('fb634118-b8a6-50b7-9010-0317dd27fba6', 'Ipsum', 'ab4eb860-b9b9-58f5-84c6-b76a08d23dfd', DEFAULT, DEFAULT), ('cda3814f-c14d-5dcf-a835-797df84f6d99', 'Amet Excepteur', 'ab4eb860-b9b9-58f5-84c6-b76a08d23dfd', DEFAULT, DEFAULT), ('bdc52205-2f90-54a1-a699-3ba523b0d56a', 'Consectetur Voluptat', 'ab4eb860-b9b9-58f5-84c6-b76a08d23dfd', DEFAULT, DEFAULT), ('1d01e569-eec7-553a-916b-70c8b1d0f9ec', 'Irure Esse Quis', 'ab4eb860-b9b9-58f5-84c6-b76a08d23dfd', DEFAULT, DEFAULT), ('ede942ce-5022-581a-99ff-f8ebb6d10d8a', 'Aliqua Aliqua Ex', 'ab4eb860-b9b9-58f5-84c6-b76a08d23dfd', DEFAULT, DEFAULT), ('92275f25-82bb-5155-9ec4-713c75fa7c14', 'Et In', 'ab4eb860-b9b9-58f5-84c6-b76a08d23dfd', DEFAULT, DEFAULT), ('96b48c96-9efc-5ca4-902e-209874bfdb15', 'Nulla Labore', 'ab4eb860-b9b9-58f5-84c6-b76a08d23dfd', DEFAULT, DEFAULT), ('98bf31df-37fd-5af6-86dd-8686cdc35eeb', 'Qui Irure Amet', 'dd9140ad-b92d-5673-a8c2-8b1c4e3e8697', DEFAULT, DEFAULT), ('ae956930-bebe-5aad-83f8-b8d0cae36371', 'Reprehenderit Ad', 'dd9140ad-b92d-5673-a8c2-8b1c4e3e8697', DEFAULT, DEFAULT), ('e20720a7-b660-50e0-8da5-8784fa26a31d', 'Mollit Do', 'dd9140ad-b92d-5673-a8c2-8b1c4e3e8697', DEFAULT, DEFAULT), ('94daea14-9b93-5933-9044-5ccc1eb32f8f', 'Consequat Dolore', '78de8c0c-fe2d-50bd-afca-68bed9f87cd0', DEFAULT, DEFAULT), ('dc58dd7b-bb54-5abe-8208-becc5e0561ad', 'Sit', '78de8c0c-fe2d-50bd-afca-68bed9f87cd0', DEFAULT, DEFAULT), ('63e38d08-3dd9-5569-ab28-f70e94b3cdb7', 'In Lorem', '78de8c0c-fe2d-50bd-afca-68bed9f87cd0', DEFAULT, DEFAULT), ('7f78fee3-dd27-5696-858f-318bd4cbf2a8', 'Sint Ea Eiusmod', '78de8c0c-fe2d-50bd-afca-68bed9f87cd0', DEFAULT, DEFAULT), ('1716ac71-f35f-52a7-acdc-316247462f37', 'Velit', '78de8c0c-fe2d-50bd-afca-68bed9f87cd0', DEFAULT, DEFAULT), ('286a711e-ae86-5be5-9195-1d963e0504f7', 'Eu Aliquip', '78de8c0c-fe2d-50bd-afca-68bed9f87cd0', DEFAULT, DEFAULT), ('59d8bfe4-2c84-5707-a356-dbe1eb5eec54', 'Ullamco Nulla', '78de8c0c-fe2d-50bd-afca-68bed9f87cd0', DEFAULT, DEFAULT), ('17ec9179-4e96-5f11-9df0-6e4c2363b3ee', 'Reprehenderit Ad', '78de8c0c-fe2d-50bd-afca-68bed9f87cd0', DEFAULT, DEFAULT), ('c3e14b56-bb45-5c55-9863-26dca8b4795e', 'Enim Cillum', '78de8c0c-fe2d-50bd-afca-68bed9f87cd0', DEFAULT, DEFAULT), ('6adbfe77-3519-54e6-9e12-eef5b2e20ee7', 'Ullamco', '78de8c0c-fe2d-50bd-afca-68bed9f87cd0', DEFAULT, DEFAULT), ('59fbbc7c-edc9-5d3c-9170-cf6acabbcd28', 'Eiusmod Do', '81e51b22-aab8-5050-a735-aa5917f8771b', DEFAULT, DEFAULT), ('7bf99080-cdc6-5456-b6d5-417e28b4eba5', 'Dolore Est Incididun', '81e51b22-aab8-5050-a735-aa5917f8771b', DEFAULT, DEFAULT), ('d2f08d89-447f-5d3d-96e5-385ed888c091', 'Nulla Sunt', '81e51b22-aab8-5050-a735-aa5917f8771b', DEFAULT, DEFAULT), ('9e6824f3-dac2-540f-9e3d-8797171dab14', 'Ullamco', '81e51b22-aab8-5050-a735-aa5917f8771b', DEFAULT, DEFAULT), ('c15a1a93-cc16-5536-8ab0-42ef9626e379', 'Culpa Nulla', '81e51b22-aab8-5050-a735-aa5917f8771b', DEFAULT, DEFAULT), ('d1b6355b-0594-5d07-b55b-72d2c66a1391', 'Duis Ipsum', 'f6cb58dd-a0aa-5d2b-8ce5-200e44be4f36', DEFAULT, DEFAULT), ('77085b75-b014-57d0-8618-9cc95436a25e', 'Amet Qui', 'f6cb58dd-a0aa-5d2b-8ce5-200e44be4f36', DEFAULT, DEFAULT), ('2f76c526-de17-58f1-a75e-aee239f7ed57', 'Duis Dolor', 'f6cb58dd-a0aa-5d2b-8ce5-200e44be4f36', DEFAULT, DEFAULT), ('3c0af99e-82a0-5346-8da5-2d2825b8a66d', 'Consectetur Nisi', '48ed64cc-01ce-5cc6-8ffd-8d552f857570', DEFAULT, DEFAULT), ('7c0f6282-7933-5431-8e88-9d2b9f09f272', 'Sint', '48ed64cc-01ce-5cc6-8ffd-8d552f857570', DEFAULT, DEFAULT), ('c97097d9-c6b8-5a50-931a-369c86f1535e', 'Aute Fugiat', '48ed64cc-01ce-5cc6-8ffd-8d552f857570', DEFAULT, DEFAULT), ('9f26eece-7e59-5b46-a98b-848dc55a0cda', 'Velit Magna Veniam', '48ed64cc-01ce-5cc6-8ffd-8d552f857570', DEFAULT, DEFAULT), ('75b1f4f3-d352-56de-83dd-e679684b060c', 'Irure Sint', '48ed64cc-01ce-5cc6-8ffd-8d552f857570', DEFAULT, DEFAULT), ('09bca3f4-0d37-5f5a-b637-9d7942a17cff', 'Veniam Consequat', '0cb21e27-1e4d-50c9-bd0d-f6696d98b44c', DEFAULT, DEFAULT), ('2ca679b7-4687-5422-ac57-c89cfa36e3c8', 'Amet Et', '0cb21e27-1e4d-50c9-bd0d-f6696d98b44c', DEFAULT, DEFAULT), ('ba60341e-ffca-5a8d-85d2-58afc6ff269c', 'Consectetur Adipisic', '0cb21e27-1e4d-50c9-bd0d-f6696d98b44c', DEFAULT, DEFAULT), ('deab978c-4953-507c-b4fb-f509dd35f454', 'Irure Deserunt', '0cb21e27-1e4d-50c9-bd0d-f6696d98b44c', DEFAULT, DEFAULT), ('c379a417-3b5c-5e05-a7ca-c545e0d33c70', 'Magna Cupidatat Ut', '0cb21e27-1e4d-50c9-bd0d-f6696d98b44c', DEFAULT, DEFAULT), ('21d7354f-afef-5425-9907-92a0ff9e7110', 'Et Duis', '0cb21e27-1e4d-50c9-bd0d-f6696d98b44c', DEFAULT, DEFAULT), ('061a9df6-5f3b-55cf-9879-eec1a4061457', 'Duis Nostrud Lorem', '29d37d99-954e-5434-8e90-9d564d65e434', DEFAULT, DEFAULT), ('f8fbdff1-11b4-54fa-ab90-292d82d3d353', 'Voluptate Aliquip Of', '29d37d99-954e-5434-8e90-9d564d65e434', DEFAULT, DEFAULT), ('3af5be38-b117-5675-8d7a-e27a1a34e8a8', 'Officia Nulla', '29d37d99-954e-5434-8e90-9d564d65e434', DEFAULT, DEFAULT), ('ab07c47c-511a-5092-acb9-cbf862e0076b', 'Duis Mollit', '29d37d99-954e-5434-8e90-9d564d65e434', DEFAULT, DEFAULT), ('f46ce5c6-3097-5b5d-8213-37b749a8664f', 'Id In Exercitation', '29d37d99-954e-5434-8e90-9d564d65e434', DEFAULT, DEFAULT), ('72d3531d-c972-50b3-9ba4-89c7e7226754', 'Aliquip Sit', '29d37d99-954e-5434-8e90-9d564d65e434', DEFAULT, DEFAULT), ('8dea886f-fc5d-51fd-ac80-f3c52f3b244b', 'Aliqua Lorem', '29d37d99-954e-5434-8e90-9d564d65e434', DEFAULT, DEFAULT), ('e06c10f9-a674-5092-b6f9-89c60162f0bb', 'Aliqua Laboris', '29d37d99-954e-5434-8e90-9d564d65e434', DEFAULT, DEFAULT), ('6653ef95-0532-561d-a71b-05f5c1bc302b', 'Dolor Velit Mollit', '64957ee8-7d0b-54ac-82da-6c959456806c', DEFAULT, DEFAULT), ('a9072b83-7976-58e9-a9c4-45664532f42e', 'Ipsum Irure Incididu', '64957ee8-7d0b-54ac-82da-6c959456806c', DEFAULT, DEFAULT), ('1bdf6d4a-906f-5da5-b91f-35917468bf74', 'Ea Ut', '64957ee8-7d0b-54ac-82da-6c959456806c', DEFAULT, DEFAULT), ('830a4bb5-d929-5c1b-94fc-74a53795cc52', 'Ad Sunt', '64957ee8-7d0b-54ac-82da-6c959456806c', DEFAULT, DEFAULT), ('0f271189-6f05-5fbd-95b4-ad7e10a0703b', 'Quis Voluptate Paria', '64957ee8-7d0b-54ac-82da-6c959456806c', DEFAULT, DEFAULT), ('f754848a-9cd5-551c-9bb4-aa81e33b42af', 'Aliquip Laborum', '64957ee8-7d0b-54ac-82da-6c959456806c', DEFAULT, DEFAULT), ('95f6e66b-0348-54f6-ae25-2030a33390b2', 'Excepteur Reprehende', '64957ee8-7d0b-54ac-82da-6c959456806c', DEFAULT, DEFAULT), ('5e5a298d-faa5-525e-b761-9586e7925c91', 'Ipsum Sunt Do', 'b96a16b9-db3a-5601-8741-9aae600f278b', DEFAULT, DEFAULT), ('6843e0c5-7d9d-55cf-a335-436ba5672a4d', 'Ullamco Deserunt', 'b96a16b9-db3a-5601-8741-9aae600f278b', DEFAULT, DEFAULT), ('d0b9d9c2-bfa2-53be-a46d-d6aceafcbc2d', 'Nulla', 'b96a16b9-db3a-5601-8741-9aae600f278b', DEFAULT, DEFAULT), ('99498cc5-464e-5b95-a415-0dba48b40687', 'Tempor Officia', 'c25b7aec-7cbc-5229-a69a-f81a4d2a8c67', DEFAULT, DEFAULT), ('7cb09c84-7471-599f-bae0-90d61a321390', 'Velit Labore', 'c25b7aec-7cbc-5229-a69a-f81a4d2a8c67', DEFAULT, DEFAULT), ('a727f58e-5d42-555f-a07e-84196ea16b24', 'Ad Cillum', 'c25b7aec-7cbc-5229-a69a-f81a4d2a8c67', DEFAULT, DEFAULT), ('81cd6138-b0c3-5d83-86b9-8143c909421b', 'Incididunt Aute', 'c25b7aec-7cbc-5229-a69a-f81a4d2a8c67', DEFAULT, DEFAULT), ('84b4201e-d939-5d48-aba4-b4b107dfdf5d', 'Culpa Fugiat Cupidat', 'c25b7aec-7cbc-5229-a69a-f81a4d2a8c67', DEFAULT, DEFAULT), ('626028b2-23d2-53a4-aca9-9c9cc4158e30', 'Veniam', 'c25b7aec-7cbc-5229-a69a-f81a4d2a8c67', DEFAULT, DEFAULT);
UPDATE public.team SET plan_id = 4 WHERE id = '7c2c4732-09c1-5f7b-87ca-c53e7497b4ef';
UPDATE public.team SET plan_id = 4 WHERE id = 'f50563b6-8532-51ec-b121-d8c6bca3e897';
UPDATE public.team SET plan_id = 4 WHERE id = 'f1bf295c-195b-5a42-9c6b-5bfa14b58307';
UPDATE public.team SET plan_id = 4 WHERE id = 'e0eebbc8-63c9-5fee-b088-b3310b672c35';
UPDATE public.team SET plan_id = 4 WHERE id = '1c17c04a-19f5-5c48-8b6b-48fe02257ffb';
UPDATE public.team SET plan_id = 4 WHERE id = 'a2996c99-b8bb-5bf6-b789-844e821ceb82';
UPDATE public.team SET plan_id = 4 WHERE id = '5d016028-a6a3-5268-91a3-91021dbfda0a';
UPDATE public.team SET plan_id = 4 WHERE id = 'b279891e-05aa-528b-867b-dd6fe5fa77c8';
UPDATE public.team SET plan_id = 4 WHERE id = 'ff53868f-9940-575d-8fa8-923808f93a53';
UPDATE public.team SET plan_id = 4 WHERE id = '8172203a-00e7-5e0e-919b-2970e0d891df';
UPDATE public.team SET plan_id = 4 WHERE id = '7b5ee10b-959f-565b-9dac-a4bab4f6c6bf';
UPDATE public.team SET plan_id = 4 WHERE id = '38400370-0369-5239-8b08-499aef0591ef';
UPDATE public.team SET plan_id = 5 WHERE id = '5e20f9a8-7b26-5a5f-8426-6b12c182d23c';
UPDATE public.team SET plan_id = 5 WHERE id = '53fe0e9e-3358-5722-b994-4faad8733cd3';
UPDATE public.team SET plan_id = 5 WHERE id = 'e4834379-a7a0-5f41-8193-f598072b1c83';
UPDATE public.team SET plan_id = 5 WHERE id = 'a9f91eda-269f-54d0-83de-05f0c2ecbf08';
UPDATE public.team SET plan_id = 5 WHERE id = 'c0062d28-74ce-56b0-8124-852c5c4cdd1f';
UPDATE public.team SET plan_id = 5 WHERE id = 'a1d779f7-e622-5cd1-b766-eb2b7925b3c0';
UPDATE public.team SET plan_id = 5 WHERE id = 'bd4e2ea6-e7d4-5655-93cc-d1ed71c3483c';
UPDATE public.team SET plan_id = 5 WHERE id = 'fb2f612f-57ab-526e-8b57-f5de07942107';
UPDATE public.team SET plan_id = 5 WHERE id = '38cee772-792e-54fe-ae0f-d62f75f71c11';
UPDATE public.team SET plan_id = 5 WHERE id = '60f279f1-b04c-57b1-b6aa-b71a8811c6ab';
UPDATE public.team SET plan_id = 5 WHERE id = 'b5d35d7e-f19e-568e-9efe-911f779c892f';
UPDATE public.team SET plan_id = 5 WHERE id = '3db3509a-5565-5145-aa2d-eb656db639a3';
UPDATE public.team SET plan_id = 6 WHERE id = '782f7eda-e535-5ab3-8415-643126d3b0fa';
UPDATE public.team SET plan_id = 6 WHERE id = '5daf6f25-3b97-5f49-8f75-4ba5d1d74cd3';
UPDATE public.team SET plan_id = 6 WHERE id = '3788fdae-c690-5563-abac-18b51e4d210f';
UPDATE public.team SET plan_id = 6 WHERE id = '177ae72e-41a6-5325-80d6-452827ea5918';
UPDATE public.team SET plan_id = 6 WHERE id = 'c0a2f5c4-7781-5310-ad3c-e7b9f41a7ace';
UPDATE public.team SET plan_id = 6 WHERE id = '71c019c0-f4c8-51ac-bfff-4141eabf85f3';
UPDATE public.team SET plan_id = 6 WHERE id = 'ab4eb860-b9b9-58f5-84c6-b76a08d23dfd';
UPDATE public.team SET plan_id = 6 WHERE id = 'dd9140ad-b92d-5673-a8c2-8b1c4e3e8697';
UPDATE public.team SET plan_id = 6 WHERE id = '78de8c0c-fe2d-50bd-afca-68bed9f87cd0';
UPDATE public.team SET plan_id = 6 WHERE id = '81e51b22-aab8-5050-a735-aa5917f8771b';
UPDATE public.team SET plan_id = 6 WHERE id = 'f6cb58dd-a0aa-5d2b-8ce5-200e44be4f36';
UPDATE public.team SET plan_id = 6 WHERE id = '48ed64cc-01ce-5cc6-8ffd-8d552f857570';
UPDATE public.team SET plan_id = 6 WHERE id = '0cb21e27-1e4d-50c9-bd0d-f6696d98b44c';
UPDATE public.team SET plan_id = 6 WHERE id = '29d37d99-954e-5434-8e90-9d564d65e434';
UPDATE public.team SET plan_id = 6 WHERE id = '64957ee8-7d0b-54ac-82da-6c959456806c';
UPDATE public.team SET plan_id = 6 WHERE id = 'b96a16b9-db3a-5601-8741-9aae600f278b';
UPDATE public.team SET plan_id = 6 WHERE id = 'c25b7aec-7cbc-5229-a69a-f81a4d2a8c67';
SELECT setval('"public"."plan_id_seq"'::regclass, (SELECT MAX("id") FROM "public"."plan"));
INSERT INTO public.arena (id,game_id,name,metadata,created_at,updated_at) VALUES (11, 6, 'Silverlake Stadium', DEFAULT, DEFAULT, DEFAULT), (12, 6, 'Downtown Plaza Pavilion', DEFAULT, DEFAULT, DEFAULT), (13, 6, 'Bayshore Pavilion', DEFAULT, DEFAULT, DEFAULT), (14, 6, 'Sunset Stadium', DEFAULT, DEFAULT, DEFAULT), (15, 6, 'Downtown Square Pavilion', DEFAULT, DEFAULT, DEFAULT), (16, 6, 'Oceanfront Amphitheater', DEFAULT, DEFAULT, DEFAULT), (17, 7, 'Main Square Arena', DEFAULT, DEFAULT, DEFAULT), (18, 6, 'Southbank Arena', DEFAULT, DEFAULT, DEFAULT), (19, 7, 'Waterfront Amphitheater', DEFAULT, DEFAULT, DEFAULT), (20, 6, 'Meadowbrook Pavilion', DEFAULT, DEFAULT, DEFAULT);
SELECT setval('"public"."arena_id_seq"'::regclass, (SELECT MAX("id") FROM "public"."arena"));
INSERT INTO public.blueprint (id,book_id,arena_id,visibility,name,tags,created_at,updated_at) VALUES ('fd4a2d4e-8569-59ca-837d-fb7fa0ab1be1', '2daf5548-f681-577a-9912-670e1304b2ad', 15, 'public', 'Roaming Support Plan', '{"minim sit aute aute","nostrud voluptate aliquip cillum","sint est","enim culpa Lorem","do ipsum consequat culpa"}', DEFAULT, DEFAULT), ('e0502ed9-8194-54d4-be5d-43176e2a7438', 'b7a89d05-549f-565f-b631-b59097e91d1a', 18, 'unlisted', 'Roaming Support Plan', '{"et minim","ut","laboris excepteur irure aute des","labore est officia enim","ipsum et eu","eu enim esse","anim eiusmod ullamco dolor minim","et"}', DEFAULT, DEFAULT), ('cba89714-5b1d-590f-92a2-27cfb555b7e4', 'd297ab9e-40d4-51b5-bb8f-a1df399f1a9a', 14, 'public', 'Gank Heavy Approach', '{"est","magna fugiat irure","laboris","exercitation dolore","ipsum sunt ipsum"}', DEFAULT, DEFAULT), ('497b8842-fb80-5638-ba6f-3f3e64daa06b', '0fa12fcf-97e2-5065-a698-e366ca117702', 12, 'public', 'Map Control Blueprint', '{"minim culpa dolor exercitation","mollit ad fugiat","velit dolore aliquip fugiat","nisi laboris consectetur do","id reprehenderit","aliqua id commodo est"}', DEFAULT, DEFAULT), ('75fbf0dd-b3c9-5513-87f0-9d9a9004f64c', '5034bc4f-306f-5e76-8ef2-99198efc3a69', 13, 'private', 'Baron Control Strategy', '{"minim deserunt","officia excepteur occaecat","aute consectetur","culpa consequat","veniam excepteur excepteur ex","non proident","sint officia","aute cupidatat aliquip id","enim laboris voluptate"}', DEFAULT, DEFAULT), ('0352b4c9-6de9-5702-929d-3d622c6456a1', '7b09592d-b146-5ee2-9db5-3683955196d6', 14, 'public', 'Rotation Strategy Document', '{"culpa incididunt","qui ea tempor laborum","adipisicing","ex ipsum qui veniam","enim ea eu veniam","labore labore do","ullamco sint amet enim"}', DEFAULT, DEFAULT), ('1e701d2b-566c-5f82-8280-a2a9d02ee590', '203ac13e-e5b1-548e-a7da-5d8cff932053', 14, 'unlisted', 'Early Game Dominance Guide', '{"laboris non","enim dolor cupidatat laborum","consectetur est","pariatur commodo irure","et cupidatat culpa eiusmod paria","veniam sit"}', DEFAULT, DEFAULT), ('f04c0ed1-b624-5092-8b98-dae6fff857dc', '756cbb59-27d6-58f3-b4b9-8b56121e683f', 16, 'private', 'Early Game Dominance Guide', '{"elit nostrud quis tempor fugiat","minim exercitation consequat ex "}', DEFAULT, DEFAULT), ('7eef79d9-ea6c-5417-b347-09dbcb8b4c78', '95f6e66b-0348-54f6-ae25-2030a33390b2', 13, 'unlisted', 'Roaming Support Plan', '{"Lorem dolor dolore","commodo labore","eiusmod consectetur"}', DEFAULT, DEFAULT), ('3aff3e37-0331-5c7a-a0f5-1b6595c2ad7b', '672ad514-6b43-58ed-b7aa-f70ed34485d9', 19, 'public', 'Baron Control Strategy', '{"do cillum"}', DEFAULT, DEFAULT), ('7c0cf1d4-d57d-5092-a3f0-ca49e04ace52', '1d01e569-eec7-553a-916b-70c8b1d0f9ec', 13, 'public', 'Roaming Support Plan', '{"ullamco occaecat","exercitation adipisicing esse re","sint voluptate ut","consectetur incididunt cupidatat","minim nisi qui Lorem","amet do ipsum consectetur occaec","ex mollit officia velit","enim sit sit","pariatur ullamco id commodo dolo"}', DEFAULT, DEFAULT), ('26c80d6d-0d6f-5fb2-8296-8b5e9e1fdeb7', 'ccd28d41-9086-5b64-b351-585431787bb7', 20, 'unlisted', 'Early Game Dominance Guide', '{"eu amet cillum","in veniam","amet","enim aute labore aliqua","sint"}', DEFAULT, DEFAULT), ('310ccf44-859c-5587-8001-5aa84afb3236', '11edd970-a1f3-5973-a201-278046231716', 17, 'private', 'Wave Management Plan', '{"non aliquip ullamco Lorem","officia esse aute Lorem cillum","velit voluptate consequat Lorem ","laborum est ad nulla"}', DEFAULT, DEFAULT), ('c6131a0d-c1ea-5dce-8460-c91026e41f9f', '5cdb9712-16b6-532e-9cc7-8cf7dfbe9b6b', 17, 'public', 'Siege Tactics Handbook', '{"aute enim veniam anim","nulla minim","laboris mollit non"}', DEFAULT, DEFAULT), ('054eb394-a081-59a1-b613-e1c8bbcc6250', 'a88bc9b9-135e-55c7-8c4c-5a072a3c8573', 13, 'public', 'Counter Pick Blueprint', '{"laboris adipisicing mollit","excepteur aliquip aute","culpa veniam officia","non consequat","velit consequat labore magna","eu nisi id"}', DEFAULT, DEFAULT), ('4cb602e9-b66f-5f7e-a7a1-71729454372c', 'd19db439-c7e7-53a7-aa19-0db346180dc1', 18, 'unlisted', 'Rotation Strategy Document', '{"ut dolore","duis aliquip labore laboris","eu","ut dolore reprehenderit pariatur","irure sit irure"}', DEFAULT, DEFAULT), ('8ed312f8-fa19-5305-a78e-7cdee2dc9e00', '59d8bfe4-2c84-5707-a356-dbe1eb5eec54', 19, 'private', 'Aggressive Rush Strategy', '{"tempor eu nulla","excepteur tempor occaecat","commodo fugiat irure"}', DEFAULT, DEFAULT), ('c9bad04c-3d6e-5efe-9540-7763dde57640', 'ede942ce-5022-581a-99ff-f8ebb6d10d8a', 19, 'private', 'Objective Focused Strategy', '{"esse nulla cillum","eiusmod deserunt amet exercitati","laborum anim elit anim","Lorem","sint"}', DEFAULT, DEFAULT), ('7a350dde-d215-538c-bfd3-d5cdd8b40555', '63e38d08-3dd9-5569-ab28-f70e94b3cdb7', 20, 'public', 'Counter Pick Blueprint', '{"commodo velit","commodo ipsum voluptate esse","elit","consectetur excepteur consectetu","id in","dolor anim fugiat id"}', DEFAULT, DEFAULT), ('bd6c4dd0-06e8-56ab-abd6-6e9e777c13a7', 'b134c4e5-3e41-53b3-bf3f-7f4cf023e9d7', 14, 'public', 'Counter Pick Blueprint', '{"aliquip ea reprehenderit exercit","ullamco tempor non"}', DEFAULT, DEFAULT), ('844103e5-8cf8-5795-8a63-ccecfc3e2001', 'e5d977c2-2a0e-5703-8ee9-4796e3967ae0', 16, 'public', 'Gank Heavy Approach', '{"duis","laborum","aute enim adipisicing","cupidatat ut deserunt tempor","labore officia minim officia","non","nisi","veniam ullamco minim"}', DEFAULT, DEFAULT), ('582d0ca1-76cc-5500-9dd8-190ab817072d', 'a727f58e-5d42-555f-a07e-84196ea16b24', 19, 'private', 'Vision Control Blueprint', '{"amet cillum"}', DEFAULT, DEFAULT), ('9012aa86-f8a2-5033-82d5-336bcaa03c26', '495c6cc5-490c-50dd-b1c5-aaf0110ec764', 20, 'public', 'Siege Tactics Handbook', '{"et quis ea velit","dolore Lorem excepteur culpa","deserunt ex","consequat magna tempor do","consectetur voluptate sint","do eu","Lorem esse","veniam consequat ea"}', DEFAULT, DEFAULT), ('746bb5ad-439a-519a-90ef-991641df1623', '1e0af0c0-30ba-5a06-9647-a83cef3d815d', 18, 'unlisted', 'Late Game Scaling Strategy', '{"officia deserunt voluptate","voluptate laboris sint dolor cul","aute consequat proident veniam","ea nisi","cillum ullamco elit","excepteur exercitation eu","cupidatat","in","reprehenderit esse officia"}', DEFAULT, DEFAULT), ('b1bab82d-de7c-55e3-8115-1651b8f68765', '960932a7-c474-5ba2-97bb-0581aeeca485', 12, 'private', 'Secure Objective Playbook', '{"velit enim nostrud dolore","elit tempor","labore","aute amet","ullamco","minim fugiat","cupidatat velit anim nostrud"}', DEFAULT, DEFAULT), ('0145500d-2ab2-5c49-9cea-edd711ce1cc9', '2da447ba-d0f6-5d62-becb-584cd208c558', 14, 'unlisted', 'Aggressive Rush Strategy', '{"sint nostrud tempor aliquip inci","eiusmod cillum"}', DEFAULT, DEFAULT), ('703c3370-90fb-5d22-8365-f34357b3ffb8', '91fa3874-9437-5dfa-a49a-f19fb38d9e92', 17, 'private', 'Rotation Strategy Document', '{"esse ea","cupidatat dolore et","amet duis in","ut ut elit sint","amet exercitation eiusmod except","deserunt proident laborum esse","officia labore et"}', DEFAULT, DEFAULT), ('fd862b26-fe8c-52d0-b06e-3c9f938bd3ab', '94daea14-9b93-5933-9044-5ccc1eb32f8f', 17, 'public', 'Jungle Control Playbook', '{"anim velit","sit cillum commodo","incididunt occaecat","consectetur nulla quis irure","dolore Lorem id","cupidatat incididunt dolor","occaecat dolore voluptate"}', DEFAULT, DEFAULT), ('70415515-b81b-59ef-a1ed-18578b73b7ae', '3204ce32-7c5b-5953-969e-fe1d17de6e76', 18, 'private', 'Baron Control Strategy', '{"magna dolor","reprehenderit ipsum officia cill","consequat","id dolor","duis ullamco","veniam incididunt","labore nisi consequat commodo","culpa est labore fugiat laborum","sit consequat anim"}', DEFAULT, DEFAULT), ('c5558815-aa72-5938-a7c8-62ae2c1a039c', 'ab07c47c-511a-5092-acb9-cbf862e0076b', 18, 'public', 'Secure Objective Playbook', '{"adipisicing","qui eu","irure ad ut","veniam aute esse"}', DEFAULT, DEFAULT), ('703bbd20-9625-5bd7-8aa3-5ead0245fe50', '6843e0c5-7d9d-55cf-a335-436ba5672a4d', 11, 'unlisted', 'Objective Focused Strategy', '{"quis aute minim","esse esse elit consequat","culpa ut minim Lorem","ullamco aute irure nisi","voluptate ex","ullamco pariatur","fugiat minim elit"}', DEFAULT, DEFAULT), ('68ff3d82-b6b6-5053-9e74-aa9b346dd8d1', 'e334db45-3389-5a47-b7c9-4ff8121637b5', 20, 'private', 'Wave Management Plan', '{"commodo quis","consectetur pariatur"}', DEFAULT, DEFAULT), ('522e120d-7e21-504a-9c96-99e429197e5a', '29b47b7e-4cec-5d5a-b93d-172770b57ed6', 17, 'unlisted', 'Counter Pick Blueprint', '{"non consectetur nisi excepteur","ipsum dolor amet officia","fugiat velit Lorem","Lorem","ut","id ipsum"}', DEFAULT, DEFAULT), ('54b879fc-04e4-53b3-8cec-0174fc0ccd34', '79efb743-bb54-546e-8bdf-089509399715', 15, 'private', 'Counter Pick Blueprint', '{"aliquip ipsum sunt labore","exercitation nulla reprehenderit","exercitation quis","reprehenderit magna tempor","irure excepteur","veniam","in mollit anim","qui dolore reprehenderit dolor","laborum eu deserunt"}', DEFAULT, DEFAULT), ('fb90b354-0ae1-59da-9637-61f6c5ed3fb9', '71edf17f-e471-58c3-bbf8-8111bd6c7c8e', 14, 'public', 'Secure Objective Playbook', '{"quis est","officia Lorem","culpa est","eu","exercitation occaecat incididunt","deserunt nisi incididunt"}', DEFAULT, DEFAULT), ('95b3988b-e14b-57a7-900d-4985cb116f17', '3af5be38-b117-5675-8d7a-e27a1a34e8a8', 16, 'private', 'Gank Heavy Approach', '{"quis do","eu magna","magna","magna sunt in","mollit consequat","cillum","velit eu","labore","ea laboris esse"}', DEFAULT, DEFAULT), ('7d1face3-2e87-52f5-9623-fff9de0a6539', '7cb09c84-7471-599f-bae0-90d61a321390', 19, 'public', 'Map Control Blueprint', '{"tempor cillum voluptate","est fugiat amet","adipisicing labore non laborum","laboris cillum Lorem do","consectetur"}', DEFAULT, DEFAULT), ('e8bf9a25-132d-5d46-b40a-d08534be6c9f', '4da5a34b-d621-539d-93ed-4bd842601284', 11, 'unlisted', 'Counter Pick Blueprint', '{"ut voluptate officia duis","deserunt","occaecat consectetur deserunt","nulla deserunt eu","fugiat ipsum in non","dolor sit sunt","consectetur ut"}', DEFAULT, DEFAULT), ('29a560e9-84d9-5f41-9b09-76969cbfb144', '7b09592d-b146-5ee2-9db5-3683955196d6', 12, 'public', 'Counter Pick Blueprint', '{"tempor amet"}', DEFAULT, DEFAULT), ('d9c4b302-5ab0-5114-8120-41d1876c7eb9', '734282bd-df4e-5f8d-afc5-83f4c9131800', 17, 'public', 'Objective Focused Strategy', '{"cupidatat nulla aliquip commodo","nisi cupidatat non","sit anim anim","esse laboris proident consectetu","cupidatat et ea","amet irure aute est","aliquip nostrud ad","non dolor sunt","velit non fugiat"}', DEFAULT, DEFAULT), ('ca1b9e1e-f7c0-5c4a-a566-aabf3f7ebb80', 'b32027db-33da-5dc2-b906-e0c2a06ac683', 13, 'unlisted', 'Vision Denial Blueprint', '{"sint tempor cillum","officia","enim commodo consequat consectet"}', DEFAULT, DEFAULT), ('cde91e33-9c71-56e0-b19e-f2372fa577cf', 'bbc51950-a428-5ed7-b604-6444a902714b', 20, 'private', 'Secure Objective Playbook', '{"irure ullamco magna cillum","do nisi","nulla laboris eu do est","exercitation commodo incididunt","reprehenderit nulla ex","incididunt velit","consequat","incididunt esse duis enim"}', DEFAULT, DEFAULT), ('013547e4-326e-5221-8377-310093ccf53a', 'dc58dd7b-bb54-5abe-8208-becc5e0561ad', 20, 'private', 'Rotation Strategy Document', '{"ullamco exercitation"}', DEFAULT, DEFAULT), ('50cffa66-dd91-5aed-8c46-1b76e488de31', '1d3f740a-8c60-5c1d-aa9e-3854a33c8e1d', 16, 'unlisted', 'Rotation Strategy Document', '{"nisi","et","deserunt duis Lorem mollit magna"}', DEFAULT, DEFAULT), ('f550c2bf-a147-5e29-8a01-470336f387eb', '2da4149c-bf3e-5f98-b904-591c69530871', 16, 'unlisted', 'Map Control Blueprint', '{"non","quis Lorem esse reprehenderit","elit minim","deserunt eiusmod","adipisicing esse qui id","culpa est","consequat qui dolor laboris esse"}', DEFAULT, DEFAULT), ('a30e3d57-ad0a-594d-9622-8a2514b8110c', 'e334db45-3389-5a47-b7c9-4ff8121637b5', 18, 'private', 'Roaming Support Plan', '{"deserunt nulla"}', DEFAULT, DEFAULT), ('cb76f565-509b-50d9-bbe4-5c6e7c9b0eb4', '72d3531d-c972-50b3-9ba4-89c7e7226754', 20, 'unlisted', 'Secure Objective Playbook', '{}', DEFAULT, DEFAULT), ('a344c7b4-07e6-54df-b4ed-f27c7916e147', 'e2b744a0-a170-5a87-828d-34cc6f64ca05', 12, 'public', 'Split Push Blueprint', '{"ad amet officia","aliqua proident aute"}', DEFAULT, DEFAULT), ('6c40d2d3-07ad-5aa1-a5fa-cf5861475e5d', '98eaafd3-adbf-5a3e-adb9-b3fb6971b6f1', 15, 'unlisted', 'Team Fight Execution Plan', '{"ea qui reprehenderit","nisi voluptate","consectetur ut veniam nisi minim","mollit labore minim voluptate","nostrud cupidatat ullamco","duis labore eu"}', DEFAULT, DEFAULT), ('ba7460a4-9316-52e4-9e3a-05ee82b85e66', '7d0c4d54-58ae-5ddf-b108-590171e8655a', 15, 'unlisted', 'Split Push Blueprint', '{"ea","Lorem sunt qui anim","ea fugiat exercitation","dolor fugiat commodo consequat","eiusmod","officia officia excepteur dolor ","nulla ea pariatur sit dolore","ea qui","minim ad veniam do"}', DEFAULT, DEFAULT), ('fb3595df-62ad-5f54-ac34-3a578952555c', '203ac13e-e5b1-548e-a7da-5d8cff932053', 19, 'public', 'Map Control Blueprint', '{"laboris cupidatat","aliquip sint"}', DEFAULT, DEFAULT), ('90edde40-1b87-5f75-90b9-68639fbcb2b8', '2da4149c-bf3e-5f98-b904-591c69530871', 18, 'unlisted', 'Map Control Blueprint', '{"cillum et tempor fugiat","reprehenderit anim et laborum"}', DEFAULT, DEFAULT), ('ea26a496-35d8-5f3f-a769-a80898ec7b17', '763ebb5f-add9-59ff-9a26-6b4030dae259', 12, 'unlisted', 'Aggressive Rush Strategy', '{"esse exercitation duis","irure pariatur magna","qui qui aute","fugiat irure cupidatat ipsum"}', DEFAULT, DEFAULT), ('035a0a25-d588-551c-9f76-4e9f593ffaf4', '2067e70c-565d-520b-b56b-19189e5b77f5', 19, 'public', 'Aggressive Rush Strategy', '{"non"}', DEFAULT, DEFAULT), ('e7f55997-6008-5d29-9f7f-564ab748cc59', 'ba60341e-ffca-5a8d-85d2-58afc6ff269c', 18, 'private', 'Siege Tactics Handbook', '{"ad nulla","ut sint","labore veniam","anim dolor","voluptate ea irure do"}', DEFAULT, DEFAULT), ('396ce0bd-b3e1-5b3c-94ea-bb5357e1c76a', '92ce3cad-bd68-55a2-9017-d27d51e2e007', 19, 'unlisted', 'Roaming Support Plan', '{"culpa veniam","proident amet proident consequat","ut","culpa eu","labore in irure ex","fugiat esse commodo dolore","dolor sunt duis amet"}', DEFAULT, DEFAULT), ('4cb2c65b-80df-57cc-9c0d-6c346029b88f', '8c5ef042-1b14-56ed-adba-e25d3960a3cf', 15, 'public', 'Objective Focused Strategy', '{"ad est","aute amet sunt ea","aliquip","eiusmod dolor labore","adipisicing ea"}', DEFAULT, DEFAULT), ('8172dfee-2cce-5dee-9293-b6bd5f74d656', '1497705a-df0e-5f8d-988d-61adba7199e0', 19, 'public', 'Team Fight Execution Plan', '{"reprehenderit reprehenderit amet","ut eiusmod deserunt eu","est pariatur aliqua incididunt","ad elit ut id","dolor ea id dolore","eiusmod anim enim velit","amet excepteur cupidatat","ut enim proident dolor"}', DEFAULT, DEFAULT), ('910e8e4b-af24-5f28-a2eb-631066a490eb', '7a86b477-8922-5c78-85b7-47a44d6877c0', 18, 'public', 'Vision Denial Blueprint', '{"eu quis exercitation","elit culpa"}', DEFAULT, DEFAULT), ('150381a3-e791-54de-9419-0edac12fb9eb', 'cd7c291a-6d6e-5632-91e5-b7fd7a634d7d', 12, 'public', 'Counter Pick Blueprint', '{"excepteur sit labore ea","dolore culpa nostrud tempor nost"}', DEFAULT, DEFAULT), ('ddb37574-0dbe-5aa4-a5e8-b15242cefaff', 'e9decb87-4a50-5c41-896c-16fe0d21ebca', 17, 'private', 'Counter Pick Blueprint', '{"aliqua ullamco tempor est volupt","occaecat laboris minim laborum L","nisi elit sunt","mollit ipsum","anim proident consequat eu","culpa nostrud","cupidatat aute amet aliquip esse","non occaecat amet laboris","in labore minim"}', DEFAULT, DEFAULT), ('77fbdaed-4103-591b-82ee-3e3fa4b78a9b', 'fc6d457c-9711-5cde-813c-d584f858faae', 20, 'public', 'Late Game Scaling Strategy', '{"ullamco reprehenderit eu","incididunt laboris id","ut deserunt","minim fugiat esse ut","amet sunt ea","aliqua","non non laborum in adipisicing"}', DEFAULT, DEFAULT), ('0f1e8b42-396d-5765-be37-bce2ee646e04', 'df625f4d-0fe2-599a-b1d3-13232701e19f', 14, 'public', 'Defensive Turtle Tactics', '{"ad exercitation nostrud","est aliquip eiusmod","ut laboris velit reprehenderit f","ex Lorem"}', DEFAULT, DEFAULT), ('5308f8b3-4d4d-529a-bd7c-3a77ac4fe6ae', 'f8fbdff1-11b4-54fa-ab90-292d82d3d353', 17, 'public', 'Jungle Control Playbook', '{"magna nisi","aliquip excepteur ullamco","sit duis"}', DEFAULT, DEFAULT), ('851e9ece-db38-530e-b3f9-f5e1d49a3b34', '59558fa1-9cc0-5e85-a331-879d76e07f05', 17, 'private', 'Gank Heavy Approach', '{"aute cillum","ea","in consectetur culpa","excepteur ea aliqua sit","exercitation occaecat","quis exercitation elit","ut enim nostrud ipsum"}', DEFAULT, DEFAULT), ('2189cd55-c657-5ce9-999a-da1a2dbf7ea0', 'e4de1a09-bd9a-5e42-b92c-2cb1af28bec6', 11, 'private', 'Late Game Scaling Strategy', '{"ullamco ipsum officia"}', DEFAULT, DEFAULT), ('902d4a21-0657-5095-b741-ac0d408bb89e', 'e334db45-3389-5a47-b7c9-4ff8121637b5', 17, 'private', 'Early Game Dominance Guide', '{"quis minim laborum"}', DEFAULT, DEFAULT), ('0d40f7c0-72b0-55c2-8e48-c6c65bd9815f', '29b47b7e-4cec-5d5a-b93d-172770b57ed6', 12, 'public', 'Map Control Blueprint', '{"sunt reprehenderit","cupidatat in fugiat","ad incididunt non eu magna","ullamco excepteur","elit occaecat deserunt","minim culpa enim"}', DEFAULT, DEFAULT), ('f09f5f0c-d6f4-5089-a919-82fdea15dad9', '9b1fc781-1e4e-56d2-bd68-0dc257a319c0', 11, 'private', 'Vision Denial Blueprint', '{"sunt proident anim aliquip","id sunt","quis culpa laboris sint","adipisicing ut veniam tempor tem","commodo nisi elit elit","est et deserunt dolore sit","qui laborum","in irure adipisicing"}', DEFAULT, DEFAULT), ('9bfcf305-f3a4-5bed-9ee4-3f5ccf9e59af', '39da01f0-2195-5fc3-a74a-d12c26c902a3', 15, 'private', 'Early Game Dominance Guide', '{"commodo elit irure","nulla deserunt est voluptate","consequat proident sunt","incididunt pariatur nulla","est ea quis","anim","ad adipisicing aliqua excepteur"}', DEFAULT, DEFAULT), ('2ff309f0-6726-5920-ad23-47ba58fd2525', '338ac238-5209-53e4-836e-9d5dc98ae268', 18, 'unlisted', 'Counter Pick Blueprint', '{"culpa duis ut","ad laboris nisi eu","dolore sint","laboris sunt","aliquip pariatur et"}', DEFAULT, DEFAULT), ('bac302d7-9e20-52d1-89cc-b0e99ef3b896', 'c7198a1e-f50c-5635-a5bf-2073d4da7bc6', 12, 'public', 'Defensive Turtle Tactics', '{"cillum deserunt labore nulla","cillum quis non","nostrud laborum culpa esse","commodo exercitation irure et pa","sunt ex reprehenderit consequat ","enim ex cupidatat ad enim"}', DEFAULT, DEFAULT), ('ef31ceeb-0f8d-5da0-ab9c-18045c420f99', '2da4149c-bf3e-5f98-b904-591c69530871', 15, 'private', 'Defensive Turtle Tactics', '{"ullamco sunt","magna","laborum","exercitation cillum","voluptate et","ad occaecat anim esse cupidatat","deserunt in reprehenderit aute","sunt proident eu eiusmod"}', DEFAULT, DEFAULT), ('2be70e34-56ed-5cb2-9758-b8f796ec32ec', '1d01e569-eec7-553a-916b-70c8b1d0f9ec', 20, 'public', 'Wave Management Plan', '{"ullamco magna","consequat minim tempor id est","adipisicing anim"}', DEFAULT, DEFAULT), ('49e5f9f5-6a8f-5423-81e9-9e8e2c467770', '6c52c1d9-13a4-51ef-ae51-1dacc4c14be9', 19, 'unlisted', 'Siege Tactics Handbook', '{"aute"}', DEFAULT, DEFAULT), ('421a5d89-58fa-56e2-87c9-a4c6fd3159db', '882c7ae5-914f-539d-8207-691de536097f', 19, 'public', 'Defensive Turtle Tactics', '{}', DEFAULT, DEFAULT), ('c2ab0ed6-ea98-544f-a35e-cfff5a185dc8', '72d3531d-c972-50b3-9ba4-89c7e7226754', 12, 'unlisted', 'Roaming Support Plan', '{"est deserunt","aliqua fugiat est cupidatat moll","reprehenderit quis minim do","Lorem fugiat incididunt culpa","ad","occaecat commodo pariatur nisi","culpa irure fugiat pariatur magn","aliqua fugiat labore est","officia minim","ipsum cupidatat"}', DEFAULT, DEFAULT), ('6c6d219e-3884-5c60-8485-0fb500d0b675', 'a727f58e-5d42-555f-a07e-84196ea16b24', 18, 'unlisted', 'Roaming Support Plan', '{"consectetur Lorem","sint voluptate","ea commodo","duis reprehenderit eu sit"}', DEFAULT, DEFAULT), ('d5fd2418-0c52-558a-8369-707f9186db0b', 'fd8e258e-4711-5b22-b0f3-1f5725eb642f', 16, 'unlisted', 'Early Game Dominance Guide', '{"esse nulla proident","ipsum quis cillum ullamco enim","ea ex nulla in","duis aliqua esse","officia laboris elit ex velit","ea qui excepteur","enim irure","irure duis amet esse","nisi do","Lorem culpa elit"}', DEFAULT, DEFAULT), ('0f22fcab-183d-5e80-9a98-c495a215f5f8', 'd2268e40-fa6d-5300-9f01-b7cc8f9018e3', 11, 'unlisted', 'Defensive Turtle Tactics', '{"qui non","commodo aute ea magna proident","mollit mollit nisi duis","sunt laborum","cillum","dolor aliqua elit non","eu anim eiusmod nulla","cillum cillum","incididunt nisi"}', DEFAULT, DEFAULT), ('f92c2ba5-8b0e-58ef-9364-e364e4c41522', '28a1ca86-fc34-5d5b-bda6-792b581f58de', 18, 'unlisted', 'Counter Pick Blueprint', '{"duis amet id Lorem","officia veniam aute","non non do duis ea"}', DEFAULT, DEFAULT), ('e2ec2872-d983-5938-8f1c-38a9a14124dd', '5777772e-8d66-5c0f-ab03-fb0419760db6', 18, 'public', 'Counter Pick Blueprint', '{"pariatur Lorem dolor excepteur","voluptate","aliquip aliquip amet irure","quis ipsum officia commodo","dolore reprehenderit esse","occaecat voluptate","minim qui fugiat esse ullamco","reprehenderit excepteur id cupid","laborum esse","pariatur eiusmod"}', DEFAULT, DEFAULT), ('4d4230bc-d1b6-532c-9bbf-8c67caf4f9ed', 'cd42da7d-ec75-53b3-9aad-015766f58921', 13, 'private', 'Early Game Dominance Guide', '{"proident tempor duis ullamco"}', DEFAULT, DEFAULT), ('8be9ffc5-25d1-5c32-be1f-9a9ec00544f6', '8c5ef042-1b14-56ed-adba-e25d3960a3cf', 16, 'unlisted', 'Early Game Dominance Guide', '{"sunt et","aute excepteur exercitation","deserunt minim irure ipsum paria","voluptate consequat duis esse"}', DEFAULT, DEFAULT), ('a3241e44-bd93-5a11-a730-863e8eb75275', '2da4149c-bf3e-5f98-b904-591c69530871', 17, 'private', 'Gank Heavy Approach', '{"cillum velit","non laboris","voluptate anim esse exercitation"}', DEFAULT, DEFAULT), ('a1c32f18-989f-5961-80f5-4a21a838bc95', 'c379a417-3b5c-5e05-a7ca-c545e0d33c70', 20, 'private', 'Baron Control Strategy', '{"nulla nisi aute","mollit labore","laborum pariatur","mollit esse non","enim ullamco","deserunt Lorem","occaecat nulla ad Lorem","irure aute eiusmod excepteur","officia","nostrud est"}', DEFAULT, DEFAULT), ('8fde1282-59d1-5f9b-bc10-4130ce793fa9', 'cfbfd1d4-e77f-57e5-94da-e9ff2cc7a996', 19, 'public', 'Late Game Scaling Strategy', '{"adipisicing reprehenderit eu non","in ipsum ipsum occaecat incididu","ullamco commodo tempor","nostrud est","pariatur minim"}', DEFAULT, DEFAULT), ('f85f8e1b-b8a0-528e-bc81-49b3e6a34ee5', 'deab978c-4953-507c-b4fb-f509dd35f454', 12, 'unlisted', 'Wave Management Plan', '{"ea ad eu cupidatat incididunt","nostrud aute do aliquip nisi","velit exercitation cupidatat dol","minim duis","excepteur amet aliqua et minim","ad laborum","adipisicing adipisicing est ut v"}', DEFAULT, DEFAULT), ('e16cfe57-140d-5b3e-90f8-910575ffdd47', 'd35ecca3-ac35-5e28-8e7e-6a25de908d18', 14, 'unlisted', 'Early Game Dominance Guide', '{"aute non do fugiat","est non","voluptate voluptate","proident pariatur officia aliqua","nostrud non ut duis","cillum aliqua fugiat"}', DEFAULT, DEFAULT), ('06866e23-2aeb-59f2-9d3c-156507eb23db', 'c15a1a93-cc16-5536-8ab0-42ef9626e379', 19, 'private', 'Gank Heavy Approach', '{"laborum enim excepteur ex","quis consectetur","ipsum id","ut","ut","amet occaecat aliqua sint","do excepteur quis officia"}', DEFAULT, DEFAULT), ('e5c44c16-4905-59d0-8c2a-f48ebfc3fdcc', 'fb634118-b8a6-50b7-9010-0317dd27fba6', 13, 'unlisted', 'Split Push Blueprint', '{"labore sit","cupidatat voluptate ea dolor ull","elit ut proident reprehenderit i","adipisicing elit anim dolor","irure voluptate qui","sunt nostrud","aliqua magna cillum amet magna","mollit non officia","occaecat aliqua ex deserunt"}', DEFAULT, DEFAULT), ('0298782b-da7d-55b4-a736-8126dd2f9d32', 'd664e8db-93ef-5294-a361-9e8640907e59', 15, 'private', 'Early Game Dominance Guide', '{"commodo","pariatur","adipisicing non dolor voluptate ","do"}', DEFAULT, DEFAULT), ('8f534833-d8c3-5d0a-b63c-bd2740be0330', 'd9bba68a-079c-5141-bd43-756b87167584', 20, 'private', 'Objective Focused Strategy', '{"officia qui ullamco consequat","irure non est ipsum","labore qui","duis amet","in aliqua","veniam dolore velit tempor","deserunt proident"}', DEFAULT, DEFAULT), ('1caeec83-1956-53fb-9c1a-7f585775c524', '6c3f6730-2b1a-5e27-97de-caacad0bb1a5', 16, 'public', 'Defensive Turtle Tactics', '{"ullamco velit commodo velit dese","veniam aute ea ea ut","ipsum qui","aute dolor duis","nostrud tempor","fugiat magna"}', DEFAULT, DEFAULT), ('28f2bbc2-0260-5d64-a9bf-64e9bc163c30', '94daea14-9b93-5933-9044-5ccc1eb32f8f', 17, 'unlisted', 'Jungle Control Playbook', '{"sunt quis laboris consequat","incididunt eiusmod tempor"}', DEFAULT, DEFAULT), ('8590b74a-b67e-5525-9786-4e0fc4c65d06', 'e5b4727f-be5e-52c0-83cb-cb7ba230945f', 14, 'private', 'Wave Management Plan', '{"et exercitation Lorem dolor","enim aute laborum est exercitati"}', DEFAULT, DEFAULT), ('fa5e4221-0eae-5da7-9a16-5b8399b9ef50', '11edd970-a1f3-5973-a201-278046231716', 20, 'unlisted', 'Baron Control Strategy', '{"exercitation id culpa ipsum","deserunt Lorem voluptate proiden","sint labore quis","dolor laboris consectetur","adipisicing aute irure"}', DEFAULT, DEFAULT), ('fedb01d5-16e2-59fd-8845-ff6a92bd83f7', 'a9072b83-7976-58e9-a9c4-45664532f42e', 20, 'unlisted', 'Counter Pick Blueprint', '{"est qui dolor officia","ex commodo enim","velit mollit nulla"}', DEFAULT, DEFAULT), ('d6d0cf2a-b6d2-5f41-bc05-2fe5bf5ca317', 'fd8e258e-4711-5b22-b0f3-1f5725eb642f', 16, 'public', 'Vision Control Blueprint', '{"commodo ipsum culpa","Lorem occaecat"}', DEFAULT, DEFAULT), ('a18cadaa-4531-5180-a607-ad2a5bc25f0c', 'd073b0b8-955f-5aab-9c76-3aebe9fa08b6', 19, 'public', 'Map Control Blueprint', '{"velit do velit","ex magna consectetur aliqua","veniam Lorem"}', DEFAULT, DEFAULT), ('7858de1c-870d-5289-9bbf-085e4de69d79', '438bff0e-fd50-5c86-89ee-d397a0c0e548', 14, 'unlisted', 'Team Fight Execution Plan', '{"ipsum anim aliqua ipsum","exercitation","amet","consequat aute id nulla","labore aliquip deserunt veniam L"}', DEFAULT, DEFAULT), ('c5510993-cf82-5729-a476-bbba91fd2ee1', '75b1f4f3-d352-56de-83dd-e679684b060c', 18, 'public', 'Siege Tactics Handbook', '{}', DEFAULT, DEFAULT), ('65495df9-49dc-5680-b4b7-97fe7364e837', '644a93ba-f570-5681-b2f5-de6b9950affd', 20, 'unlisted', 'Aggressive Rush Strategy', '{"aute occaecat","incididunt pariatur magna proide","amet sit","id non tempor labore","irure ea","ex ullamco anim","pariatur","sunt velit consectetur dolor","exercitation in sint"}', DEFAULT, DEFAULT), ('6a08951b-2f4b-5069-a734-056efe107e30', '3af5be38-b117-5675-8d7a-e27a1a34e8a8', 20, 'unlisted', 'Aggressive Rush Strategy', '{"in culpa culpa aliqua"}', DEFAULT, DEFAULT), ('d96e9820-0562-5ef0-a957-fb16e8a3cda6', '7c0f6282-7933-5431-8e88-9d2b9f09f272', 16, 'unlisted', 'Team Fight Execution Plan', '{"anim labore do laboris non","do amet","amet incididunt in","minim reprehenderit reprehenderi","excepteur velit proident aliquip","incididunt","laborum nulla reprehenderit est "}', DEFAULT, DEFAULT), ('44d39286-2c39-52c0-9fdf-811ac2ac0b4f', '644a93ba-f570-5681-b2f5-de6b9950affd', 14, 'unlisted', 'Objective Focused Strategy', '{"ad duis ex","excepteur dolore Lorem","elit quis nostrud magna do","officia consectetur proident tem"}', DEFAULT, DEFAULT), ('f5284b1c-c867-5bcb-ae27-b4a46054354e', '71edf17f-e471-58c3-bbf8-8111bd6c7c8e', 12, 'unlisted', 'Jungle Control Playbook', '{"magna minim ex nisi","labore esse nostrud","sint nostrud"}', DEFAULT, DEFAULT), ('748b6b6e-790a-524c-8953-9f99ff6241ea', '7bf99080-cdc6-5456-b6d5-417e28b4eba5', 16, 'private', 'Early Game Dominance Guide', '{"cupidatat","labore velit","cupidatat ea id est","ex"}', DEFAULT, DEFAULT), ('94e59d3e-1e10-58ee-b57b-120d24970da8', '644bfc5c-cf27-5d76-8355-4e4c8d73061f', 11, 'private', 'Early Game Dominance Guide', '{"exercitation sint aliquip elit","dolor adipisicing duis et","sunt sint officia","mollit","et labore eu cupidatat","culpa duis"}', DEFAULT, DEFAULT), ('a501e3c2-1df6-5f20-9532-89c5471331c6', 'ad276812-3b86-5425-b36a-d822f2860912', 15, 'private', 'Aggressive Rush Strategy', '{"adipisicing est anim","anim in laboris proident officia","incididunt voluptate officia ven","deserunt voluptate dolore consec","voluptate incididunt officia","sint ut","ea sunt ea","consequat incididunt dolore"}', DEFAULT, DEFAULT), ('eba1549a-b3ad-5f1e-ad56-15be0771d0f9', '960932a7-c474-5ba2-97bb-0581aeeca485', 14, 'private', 'Roaming Support Plan', '{"officia magna deserunt duis"}', DEFAULT, DEFAULT), ('02d6bfb1-b7f1-5129-9d1b-729fd2d36ca6', 'd073b0b8-955f-5aab-9c76-3aebe9fa08b6', 13, 'public', 'Objective Focused Strategy', '{"esse","ea mollit fugiat nostrud laboris","labore reprehenderit est","ipsum aute excepteur","fugiat amet elit voluptate","et ut","deserunt"}', DEFAULT, DEFAULT), ('feadd401-b272-53d1-bc20-6dad4e3ffc29', 'a8212e1b-5577-5c28-9c38-2d4fbd753550', 16, 'private', 'Objective Focused Strategy', '{"do labore tempor laborum","sunt nulla consectetur","culpa commodo"}', DEFAULT, DEFAULT), ('f4023970-bb8c-5175-9f3e-42520be2a6af', 'd0b9d9c2-bfa2-53be-a46d-d6aceafcbc2d', 15, 'unlisted', 'Baron Control Strategy', '{"minim nulla quis non"}', DEFAULT, DEFAULT), ('ab471cfa-3489-5a6c-bf5c-82aeac3819f5', 'ad1bbcac-cdbb-551f-b25a-b14b40074515', 13, 'private', 'Wave Management Plan', '{"ipsum reprehenderit","qui dolore pariatur reprehenderi","cupidatat et sit","elit dolor ipsum","consectetur in velit magna","dolore reprehenderit id anim ess","adipisicing tempor tempor","ut est sit laborum"}', DEFAULT, DEFAULT), ('782d8b69-ae89-5508-b431-d9e3d4f25423', '62507209-107c-55b5-9f47-9cad3cb25da5', 19, 'unlisted', 'Secure Objective Playbook', '{"irure aute commodo occaecat","nisi reprehenderit ipsum","labore duis aliquip commodo","nisi ullamco","reprehenderit magna eiusmod"}', DEFAULT, DEFAULT), ('bfbbf302-05a7-5b0c-991e-f7c79f52034e', '882c7ae5-914f-539d-8207-691de536097f', 17, 'unlisted', 'Objective Focused Strategy', '{"Lorem laborum anim","enim sint Lorem labore occaecat","reprehenderit pariatur"}', DEFAULT, DEFAULT), ('86a9949d-fbe2-5edf-bf64-6b822a75bdc8', 'd9ae7966-26bd-59fb-b0d1-f3ba758ed60a', 13, 'private', 'Vision Control Blueprint', '{"duis magna amet","aute ullamco qui laborum","pariatur duis magna"}', DEFAULT, DEFAULT), ('3d78c871-f9be-5ceb-b04c-13f9eb63efa0', 'e06c10f9-a674-5092-b6f9-89c60162f0bb', 17, 'unlisted', 'Vision Control Blueprint', '{"ea tempor","et dolor","culpa ipsum exercitation nostrud","mollit","ipsum et"}', DEFAULT, DEFAULT), ('e5e7301c-ed7e-5267-a91e-331eeecbad04', '9e6824f3-dac2-540f-9e3d-8797171dab14', 11, 'unlisted', 'Map Control Blueprint', '{"cupidatat reprehenderit reprehen","non sit","irure veniam"}', DEFAULT, DEFAULT), ('e06f1954-eb7e-5811-8e85-0b7239ac60d6', 'cd7c291a-6d6e-5632-91e5-b7fd7a634d7d', 19, 'unlisted', 'Defensive Turtle Tactics', '{"ut","tempor duis commodo","adipisicing non","ipsum qui occaecat laboris","pariatur esse Lorem","labore occaecat in officia"}', DEFAULT, DEFAULT), ('cbe8ef05-c651-5778-b8a6-717eee524007', '8bfeb6d5-d92f-5041-aa1b-39b8365c0a59', 14, 'public', 'Gank Heavy Approach', '{"anim veniam mollit","incididunt proident esse do ad","consequat velit eu do elit","adipisicing enim id","mollit cillum ex cupidatat","consectetur ex voluptate aliquip","consectetur","ea aute consectetur"}', DEFAULT, DEFAULT), ('479e5b51-1e2b-5ac2-b0c4-d0fc97906c11', 'e5b4727f-be5e-52c0-83cb-cb7ba230945f', 19, 'unlisted', 'Late Game Scaling Strategy', '{"ullamco nulla consectetur minim","et nisi amet","labore ullamco","elit","anim elit"}', DEFAULT, DEFAULT), ('bcb7ae75-c1e7-50cd-ba0b-a339091eb350', 'd19db439-c7e7-53a7-aa19-0db346180dc1', 13, 'private', 'Late Game Scaling Strategy', '{"est","quis aliquip","aliqua minim","nisi elit duis","tempor labore id sint","cupidatat","elit","commodo quis ea incididunt","elit quis adipisicing"}', DEFAULT, DEFAULT), ('22dccad0-36ca-5845-a1bd-b6027b406b8d', '3c0af99e-82a0-5346-8da5-2d2825b8a66d', 14, 'unlisted', 'Siege Tactics Handbook', '{"est laborum laboris","eu excepteur","mollit deserunt","fugiat velit cupidatat incididun","commodo fugiat","ipsum ex cillum","ut non sint"}', DEFAULT, DEFAULT), ('d3293b00-a774-5f1e-99fc-e8f05eabde14', 'eb3e804d-5ed0-59a1-900b-3b0f9b2cb577', 17, 'unlisted', 'Team Fight Execution Plan', '{"duis cillum magna"}', DEFAULT, DEFAULT), ('6822c6f8-ae35-5c57-9558-9cc55665f5cb', 'b88b1af1-79fe-5af5-9c91-0c77ed20973b', 18, 'private', 'Siege Tactics Handbook', '{"consectetur amet","in nostrud ipsum in"}', DEFAULT, DEFAULT), ('8ac966bd-de46-5e4a-8401-5328d63ae1b4', '88501f36-608d-5074-ab3f-752cd478292f', 18, 'unlisted', 'Early Game Dominance Guide', '{"et nisi occaecat officia"}', DEFAULT, DEFAULT), ('36f6354b-1927-5b66-8fab-ef32da0e1694', 'ea56a5ec-2249-5fba-8891-278bcdbbb33d', 20, 'public', 'Split Push Blueprint', '{"nisi consectetur eu laboris","Lorem ea et","qui et"}', DEFAULT, DEFAULT), ('a3befd2b-2867-5547-af7d-2fe7d53b98ef', '36f6f3ba-e867-5008-b6c1-829e989f9d2f', 14, 'unlisted', 'Vision Denial Blueprint', '{"adipisicing ipsum voluptate et","cupidatat ullamco mollit exercit"}', DEFAULT, DEFAULT), ('4d502d01-8a3a-58bc-acb8-f61c47f35e10', '9584676f-0635-591a-a937-d230d9a3abf3', 19, 'unlisted', 'Siege Tactics Handbook', '{"exercitation minim duis","magna aliqua consectetur amet","consectetur quis commodo irure","et commodo laborum","aute laboris proident","deserunt exercitation nisi anim ","fugiat aute irure","qui et laboris amet"}', DEFAULT, DEFAULT), ('ebdf08a4-39c5-5347-ab53-e4ef0e2d1add', '95c65795-b9a1-572f-87ae-6fa70b020fbb', 14, 'public', 'Roaming Support Plan', '{"anim dolor voluptate irure","non ad adipisicing ex","qui magna exercitation","voluptate excepteur reprehenderi","commodo est"}', DEFAULT, DEFAULT), ('4cfaa7bd-7f8e-52b6-a079-b1fc1773dccb', '7f78fee3-dd27-5696-858f-318bd4cbf2a8', 15, 'private', 'Map Control Blueprint', '{"est dolor irure","aliqua eu occaecat","ullamco sint commodo consectetur","pariatur veniam id","labore consectetur id","qui commodo nostrud quis"}', DEFAULT, DEFAULT), ('379aa38a-0dab-5c06-8cdb-45bf5d7e2d27', '1e0af0c0-30ba-5a06-9647-a83cef3d815d', 13, 'unlisted', 'Split Push Blueprint', '{"officia excepteur","non","sunt nulla minim","officia","laboris aute tempor"}', DEFAULT, DEFAULT), ('1cb4e4cf-86cc-5f46-9e77-98b857e060d9', 'e7ba2b18-a57c-5b02-9714-d376d9ea922f', 20, 'private', 'Vision Control Blueprint', '{"irure cupidatat fugiat nisi","elit culpa eu elit","aliqua aliquip velit cupidatat","occaecat","enim nulla incididunt quis ut","exercitation consectetur","dolore est","enim velit magna aliqua","labore ea","ipsum voluptate"}', DEFAULT, DEFAULT), ('f39bcc07-5eef-5435-b6e9-d947c3bae70d', '7f78fee3-dd27-5696-858f-318bd4cbf2a8', 11, 'public', 'Late Game Scaling Strategy', '{"sint ad","sit commodo deserunt velit","do est adipisicing veniam","ad minim pariatur irure","laboris consequat","nostrud qui excepteur exercitati","eu non","dolore do anim consectetur","laborum culpa duis fugiat","aute aliquip sint"}', DEFAULT, DEFAULT), ('20a16bbe-0188-55a3-8d14-7e2e6b37794e', '94170f3d-888c-58bc-bc18-13592bfb52c5', 19, 'public', 'Split Push Blueprint', '{"cillum sit incididunt","ipsum tempor","pariatur id nostrud ea","labore veniam","amet proident","ut ea qui anim et","veniam consequat ipsum exercitat","consectetur cupidatat commodo si","do ullamco adipisicing"}', DEFAULT, DEFAULT), ('75a162e8-f427-5c64-baca-dba20bc829dd', '92bf5244-388d-5bbf-bd84-1c7ad2efe31b', 17, 'unlisted', 'Objective Focused Strategy', '{"tempor esse labore proident dolo","sit sint officia minim","ullamco non","laborum cupidatat sit dolor","labore enim sint sit","ut voluptate","enim cupidatat aliquip","mollit officia eiusmod est","nisi duis commodo"}', DEFAULT, DEFAULT), ('5075bfb2-60b4-588c-ba9f-cd0f3efae77e', '28e4b717-ba20-5ce6-96db-f08421aa2fc7', 15, 'public', 'Vision Denial Blueprint', '{"incididunt enim ex","aliquip minim","minim","culpa consectetur eu","adipisicing reprehenderit tempor","pariatur excepteur tempor","esse eu laborum veniam","sint pariatur tempor","adipisicing dolor labore et nost"}', DEFAULT, DEFAULT), ('329b0bda-79b1-53f3-afe7-b7495bde0220', 'b5605791-3389-56c2-9ec6-17d538b9bb85', 12, 'public', 'Rotation Strategy Document', '{"qui commodo","esse magna dolore consequat","reprehenderit ad","labore qui labore","ut","irure","ad occaecat","esse consequat","ea esse consequat duis quis","do dolore tempor fugiat"}', DEFAULT, DEFAULT), ('fc992b53-61aa-5185-8280-7863348ce734', '9f273059-bf49-55a4-bf95-e6bedcccffe3', 12, 'unlisted', 'Early Game Dominance Guide', '{"non enim amet Lorem"}', DEFAULT, DEFAULT), ('e15f78fd-c85d-5196-b441-614f0f00a652', '6adbfe77-3519-54e6-9e12-eef5b2e20ee7', 13, 'unlisted', 'Jungle Control Playbook', '{"incididunt voluptate"}', DEFAULT, DEFAULT), ('27d28c73-d0c0-5545-a0d3-0f0fa8e1aca6', '096adf71-c74e-5b77-822b-46a8768797c5', 12, 'unlisted', 'Roaming Support Plan', '{"cillum et","anim labore"}', DEFAULT, DEFAULT), ('bc0ae162-e51f-5f29-b5b0-87887eac9c85', '9a52e2af-cb63-5ab2-95a7-ae32f01d6a1c', 17, 'unlisted', 'Secure Objective Playbook', '{"et incididunt et","laborum consectetur minim cillum"}', DEFAULT, DEFAULT), ('23cfe397-d97e-55bf-af72-35043f52d2bb', '29b47b7e-4cec-5d5a-b93d-172770b57ed6', 18, 'private', 'Objective Focused Strategy', '{"dolore consectetur mollit anim"}', DEFAULT, DEFAULT), ('2135e4d6-4261-59ed-a63d-11a8a55ba0c0', '8bfeb6d5-d92f-5041-aa1b-39b8365c0a59', 15, 'unlisted', 'Wave Management Plan', '{"ex irure officia officia"}', DEFAULT, DEFAULT), ('32ca2e92-cee8-58b4-beec-0fd9742bf2df', '72d3531d-c972-50b3-9ba4-89c7e7226754', 18, 'private', 'Counter Pick Blueprint', '{"non officia aliquip"}', DEFAULT, DEFAULT), ('69e335b1-cf42-5234-867f-fc3222ba0932', 'e5b4727f-be5e-52c0-83cb-cb7ba230945f', 17, 'public', 'Defensive Turtle Tactics', '{"irure sint","do commodo anim eiusmod","tempor occaecat","sit ut in et","occaecat est adipisicing","deserunt magna non exercitation","pariatur quis","sit sit","proident cillum dolore"}', DEFAULT, DEFAULT), ('4addfd63-7007-5913-b0c6-95e35fe44af0', '9f273059-bf49-55a4-bf95-e6bedcccffe3', 15, 'unlisted', 'Defensive Turtle Tactics', '{"eu proident in ex","amet aliqua","pariatur amet aute","ullamco sunt","velit","cillum eu proident enim","deserunt proident","ut mollit est"}', DEFAULT, DEFAULT), ('29e1da9c-3bfa-53c5-8780-7032cb48ed69', 'e4de1a09-bd9a-5e42-b92c-2cb1af28bec6', 18, 'private', 'Aggressive Rush Strategy', '{"occaecat ea do magna","ut dolor quis","dolor enim velit","quis tempor nulla duis sit","occaecat laborum","velit ut veniam","sint ipsum exercitation incididu","amet adipisicing adipisicing"}', DEFAULT, DEFAULT), ('0fe3263a-4b99-5049-afdd-8a29336988d1', '1716ac71-f35f-52a7-acdc-316247462f37', 20, 'private', 'Defensive Turtle Tactics', '{"esse nostrud elit anim officia","consectetur","deserunt aliqua esse ea sunt"}', DEFAULT, DEFAULT), ('de533318-8238-5b98-90fa-7923fbda78df', 'd1b6355b-0594-5d07-b55b-72d2c66a1391', 13, 'public', 'Aggressive Rush Strategy', '{"laboris minim ipsum do","labore dolore","nostrud nulla pariatur enim","Lorem nulla cillum irure velit","et quis ullamco ullamco","pariatur deserunt sunt","sunt aliquip","laborum nulla ipsum","nostrud"}', DEFAULT, DEFAULT), ('91b0fe2a-8d53-5dfa-804e-dadbd5fed2f0', '29b47b7e-4cec-5d5a-b93d-172770b57ed6', 13, 'unlisted', 'Roaming Support Plan', '{"ea ad velit officia incididunt","laborum culpa et","occaecat consequat laborum","reprehenderit mollit","veniam sint occaecat","dolore ex officia"}', DEFAULT, DEFAULT), ('f2da91e9-e150-5eba-811a-769c8b464b2d', '2daf5548-f681-577a-9912-670e1304b2ad', 17, 'private', 'Aggressive Rush Strategy', '{"incididunt non officia duis"}', DEFAULT, DEFAULT), ('830462ad-e07d-578c-9343-4c2f3f3f896d', '2ca679b7-4687-5422-ac57-c89cfa36e3c8', 11, 'public', 'Aggressive Rush Strategy', '{"ut exercitation","commodo ullamco consectetur","mollit ex proident","incididunt deserunt laboris occa","laborum id ea amet","pariatur"}', DEFAULT, DEFAULT), ('e4d512a0-9012-54c8-a0de-d2cfb46cc4e7', '763ebb5f-add9-59ff-9a26-6b4030dae259', 11, 'private', 'Gank Heavy Approach', '{"culpa","irure officia et mollit","dolore ad cillum"}', DEFAULT, DEFAULT), ('8fc4ec28-bbda-57ff-86ae-02acc462e7a3', '061a9df6-5f3b-55cf-9879-eec1a4061457', 12, 'unlisted', 'Split Push Blueprint', '{"occaecat dolore","fugiat cupidatat consequat fugia","voluptate nulla nostrud est","excepteur et cillum nisi","mollit tempor eiusmod aliquip","qui ut exercitation"}', DEFAULT, DEFAULT), ('46cb3ac1-56db-5482-a77b-488299529f1c', '3adfc207-aaeb-5fa1-b329-eb7ef2061320', 18, 'unlisted', 'Roaming Support Plan', '{"ea veniam nostrud","anim non reprehenderit minim","consequat aliqua sint commodo","irure ut ut laborum","velit ad veniam sit","officia occaecat adipisicing eu","aliquip eu elit","laborum irure laboris laboris","laboris ea exercitation","veniam laboris elit"}', DEFAULT, DEFAULT), ('ca6dab04-25c1-5208-bf77-9e5162704420', '8926b9fd-34b2-5421-a25c-9cd89c12cad0', 19, 'private', 'Wave Management Plan', '{"sint sunt commodo mollit","cupidatat amet cillum","enim proident deserunt","enim occaecat non cupidatat qui"}', DEFAULT, DEFAULT), ('54485efb-a52b-5ef1-8d37-32b22dc487d0', '9584676f-0635-591a-a937-d230d9a3abf3', 17, 'private', 'Defensive Turtle Tactics', '{"Lorem dolore esse","mollit","veniam reprehenderit","laborum est","ullamco exercitation","excepteur culpa"}', DEFAULT, DEFAULT), ('1fa8fec1-5ed8-5fb9-afc2-a5a8eea61a64', 'b67e09de-df70-515b-91d0-6e53f3b4a58a', 14, 'public', 'Gank Heavy Approach', '{"qui pariatur"}', DEFAULT, DEFAULT), ('21212b38-5327-5020-9dc6-3fca09a6128f', 'f7f33f5b-7e02-5784-9db2-ed2995544a54', 15, 'unlisted', 'Baron Control Strategy', '{"dolor voluptate","elit laboris esse","minim id consectetur","cillum proident adipisicing"}', DEFAULT, DEFAULT), ('b22cc198-1bf7-5cc9-b682-385ac5f11217', '5ef5a669-7ca0-5a58-879f-c84c6abe3657', 12, 'unlisted', 'Map Control Blueprint', '{"ullamco adipisicing consectetur","proident sunt consectetur","consectetur amet","dolore","tempor voluptate est cupidatat","Lorem pariatur amet id","et ullamco","deserunt amet veniam eu laboris"}', DEFAULT, DEFAULT), ('07d77b7a-f8bb-53ab-8750-034a7dc2bcb0', 'd0b9d9c2-bfa2-53be-a46d-d6aceafcbc2d', 18, 'unlisted', 'Defensive Turtle Tactics', '{"aliquip elit pariatur ex ea"}', DEFAULT, DEFAULT), ('f7f63dc3-d8b7-5f42-b802-636e4e3f43bb', '89f211a9-c1e7-5fa6-9108-784d98291012', 17, 'private', 'Split Push Blueprint', '{"dolore laborum minim adipisicing"}', DEFAULT, DEFAULT), ('a1dd34cc-747e-59d2-bb04-592165ee24b7', '3204ce32-7c5b-5953-969e-fe1d17de6e76', 20, 'private', 'Late Game Scaling Strategy', '{"laboris id ex do"}', DEFAULT, DEFAULT), ('b111722b-fdf4-55f7-a1ea-183bf540f7e3', '02a341a2-35a0-5fbc-a1f4-aa8b42aa4b51', 19, 'unlisted', 'Jungle Control Playbook', '{"eiusmod","anim ad","tempor voluptate","reprehenderit sint amet pariatur"}', DEFAULT, DEFAULT), ('de288e5e-33f8-5b49-9dad-83fa7d46ac0d', '00644310-2ebb-53b6-b6cd-c599924419bd', 17, 'private', 'Late Game Scaling Strategy', '{"qui eiusmod","consequat irure velit adipisicin"}', DEFAULT, DEFAULT), ('f1ab7f2e-7a01-59f1-b811-78e3b78b40bc', 'bdc52205-2f90-54a1-a699-3ba523b0d56a', 18, 'private', 'Vision Denial Blueprint', '{"excepteur voluptate","pariatur laboris amet","aliqua","reprehenderit occaecat","nisi nisi irure","culpa ea","velit","velit"}', DEFAULT, DEFAULT), ('e0783de7-ca51-5f0a-a7ac-8dcd533efd10', '5dd9c208-a224-5712-b987-eab6b9a89e23', 20, 'unlisted', 'Rotation Strategy Document', '{"nulla dolor proident","sint ad veniam dolore","sit excepteur","eiusmod esse anim","officia exercitation ex id","occaecat cillum","aliquip aliqua","eu"}', DEFAULT, DEFAULT), ('c3238b63-2dda-5915-8ca5-773255a1cfad', 'a727f58e-5d42-555f-a07e-84196ea16b24', 12, 'private', 'Defensive Turtle Tactics', '{"Lorem commodo","incididunt culpa nostrud","consectetur","ut duis id pariatur","dolor ex laborum ut","deserunt esse nisi velit","enim aliquip eiusmod voluptate","irure dolore qui","anim minim qui"}', DEFAULT, DEFAULT), ('7b1aca75-d87e-55c4-87f7-005fafbadfdb', 'af85f96c-efbd-584c-bdd4-26c4e2f3e556', 16, 'public', 'Wave Management Plan', '{"anim ut tempor esse","ad nisi"}', DEFAULT, DEFAULT), ('106d238e-2ba4-525c-8d85-994f8dfb2984', 'db9f2a26-569b-5431-9216-bcd2cf256bbd', 15, 'unlisted', 'Gank Heavy Approach', '{"do dolor proident veniam","deserunt cupidatat","aute magna sint incididunt","adipisicing amet esse officia","dolore nisi","aliqua","id ea mollit aute reprehenderit","ullamco laboris cupidatat enim","esse veniam velit"}', DEFAULT, DEFAULT), ('72f05d50-2802-535d-af55-29384395d238', '305fa448-c3bf-59c7-a989-19ae69ce0725', 19, 'unlisted', 'Rotation Strategy Document', '{"amet aliquip aute fugiat","pariatur minim est duis","consectetur cupidatat","nulla ea id dolor","labore esse nostrud aliquip cupi"}', DEFAULT, DEFAULT), ('f914b2f3-d88a-52e4-ac43-1ef8cffb4d34', '40747f76-ad34-5508-ba43-ef538c943cc0', 19, 'public', 'Map Control Blueprint', '{"ipsum voluptate magna quis","ut in labore magna","voluptate aliqua non","reprehenderit","nisi do cupidatat ipsum","laboris mollit officia do"}', DEFAULT, DEFAULT), ('c620930b-8f59-50ae-bf46-b1a3aca28f0a', '549980e7-3e77-5d76-b263-84664d04b209', 18, 'unlisted', 'Map Control Blueprint', '{"ad in quis labore","velit quis","esse anim ullamco et"}', DEFAULT, DEFAULT), ('c78418ab-6a36-52f6-ad32-89289156138c', 'e20720a7-b660-50e0-8da5-8784fa26a31d', 15, 'public', 'Vision Denial Blueprint', '{"pariatur officia","veniam consectetur irure","sunt culpa","non enim","et excepteur cupidatat eu laboru","tempor id","duis esse irure elit est","exercitation aliqua qui fugiat a","consectetur consequat","amet est reprehenderit velit"}', DEFAULT, DEFAULT), ('ed7bef30-09b5-5167-a122-9b398a76eaef', '36ab6720-a24b-578b-8d3f-3d9bb0485851', 19, 'unlisted', 'Aggressive Rush Strategy', '{"commodo et","sit magna","proident quis sit excepteur","ex tempor","tempor reprehenderit irure molli"}', DEFAULT, DEFAULT), ('ecddf116-85cf-5aef-8c73-6e5963680c88', '9584676f-0635-591a-a937-d230d9a3abf3', 17, 'private', 'Roaming Support Plan', '{"dolore commodo","commodo ad","id in proident consequat","ullamco irure excepteur ipsum","consectetur nisi aliquip Lorem a","quis cillum ut","irure est labore officia","deserunt culpa","nisi reprehenderit","velit"}', DEFAULT, DEFAULT), ('5bb46529-9916-530c-88e4-31ac6d441591', '9a184097-b9bc-5f22-ba40-6c62e83423ab', 11, 'private', 'Late Game Scaling Strategy', '{"quis","consectetur Lorem laboris","exercitation cillum","laborum do aliqua","laboris ipsum consectetur non","amet","occaecat minim incididunt aliqua"}', DEFAULT, DEFAULT), ('8b092693-9a40-5f6a-a57b-3c3e9f5288f7', 'a8212e1b-5577-5c28-9c38-2d4fbd753550', 17, 'private', 'Defensive Turtle Tactics', '{"cillum mollit eiusmod","Lorem ullamco","aute","minim magna laborum","veniam reprehenderit ipsum","deserunt cupidatat ut pariatur","quis deserunt ex deserunt enim","est id sint","veniam eiusmod aliqua quis","aliquip ex proident consectetur"}', DEFAULT, DEFAULT), ('65d96d53-ecd8-5cb9-a3d4-a2842c9c629f', '4da5a34b-d621-539d-93ed-4bd842601284', 13, 'private', 'Vision Denial Blueprint', '{"deserunt eu"}', DEFAULT, DEFAULT), ('672c681b-4325-56a5-8413-28facb838b89', 'e7ba2b18-a57c-5b02-9714-d376d9ea922f', 16, 'unlisted', 'Wave Management Plan', '{"mollit ipsum nulla labore","irure excepteur officia ullamco","do dolore sint incididunt anim","enim amet ex","ea","esse consequat","et ullamco","ex ipsum qui qui consequat","proident labore in tempor tempor"}', DEFAULT, DEFAULT), ('49d19d37-5ee3-59d0-a985-37b5b703ceb0', 'c15a1a93-cc16-5536-8ab0-42ef9626e379', 13, 'public', 'Team Fight Execution Plan', '{"deserunt anim et excepteur","sit velit","cupidatat voluptate aute eu","pariatur proident sint ea conseq"}', DEFAULT, DEFAULT), ('66e9d7dd-018c-5299-8470-9f074683bd55', 'fbfa0c72-9c6c-54ce-ba23-f1ed2563396e', 15, 'unlisted', 'Early Game Dominance Guide', '{"sint sint ut aliquip commodo","laborum exercitation nisi","esse cupidatat non laboris","aliquip officia"}', DEFAULT, DEFAULT), ('d4a93045-0519-5ae2-8bd3-51a7d07f2b97', '43bcab14-4a69-5e60-a07f-cda2fe595a2a', 11, 'private', 'Split Push Blueprint', '{"ullamco id adipisicing nisi","aute elit","ex eiusmod nisi commodo Lorem","laboris ut","laborum do non excepteur"}', DEFAULT, DEFAULT), ('b5bd1f0b-0be5-592a-87b7-65db36f2fa17', '0a9347d2-3396-5e6a-98f1-b406ca195226', 11, 'unlisted', 'Aggressive Rush Strategy', '{"elit dolor consectetur","aliqua consectetur"}', DEFAULT, DEFAULT), ('902168ab-57a5-5714-b589-ecf1bd6d2517', 'ad276812-3b86-5425-b36a-d822f2860912', 11, 'unlisted', 'Vision Control Blueprint', '{"excepteur commodo consectetur mo","consequat","adipisicing voluptate pariatur"}', DEFAULT, DEFAULT), ('8e1b1af0-d36a-5958-9b32-c8f59e8edaf9', '3af5be38-b117-5675-8d7a-e27a1a34e8a8', 14, 'private', 'Objective Focused Strategy', '{"labore incididunt anim","qui in mollit","do consectetur est enim excepteu","dolor incididunt duis sint ut"}', DEFAULT, DEFAULT), ('9ca1e23a-7fd9-5be2-b14a-5f50a52fda0a', '0e342915-b360-541f-8c0a-bdf36b3c0ce2', 11, 'private', 'Counter Pick Blueprint', '{"qui ipsum magna","ullamco eu id","eiusmod adipisicing pariatur des","consequat in sit mollit","reprehenderit","sit dolor proident dolor","pariatur cillum","ea","sit"}', DEFAULT, DEFAULT), ('b458c0d2-4d21-597a-9d7c-522e47032d79', '7c0f6282-7933-5431-8e88-9d2b9f09f272', 15, 'unlisted', 'Siege Tactics Handbook', '{"excepteur id qui ullamco non","anim ut","cillum ad minim do","Lorem proident do excepteur fugi","ex cillum do deserunt","irure non","aute do minim","excepteur","veniam ea ex consequat in","dolore est esse"}', DEFAULT, DEFAULT), ('aeae5590-e6d3-5c02-8a1c-40a6bcf61bd6', '94daea14-9b93-5933-9044-5ccc1eb32f8f', 13, 'private', 'Vision Control Blueprint', '{"nisi cillum fugiat ad","labore","eiusmod reprehenderit qui aliqui","aliquip","incididunt ea consectetur","ex culpa consectetur ad","excepteur anim adipisicing nostr","ad est excepteur magna","reprehenderit ex laboris et"}', DEFAULT, DEFAULT), ('e62ff15d-b4e8-5f8b-b8c8-56d105c9d705', '01bb02e3-6d00-5b11-ba00-2f6b060dfb2e', 18, 'private', 'Defensive Turtle Tactics', '{"mollit non laborum","fugiat proident sunt consequat m","quis sit ad aliqua"}', DEFAULT, DEFAULT), ('2650d5c8-a9d2-57ad-a70d-8c89cf994021', '6ae168d9-ec9f-5cc8-9efc-a8418f6ebd72', 19, 'private', 'Vision Denial Blueprint', '{"laborum in veniam consequat Lore","ut in Lorem","adipisicing cillum irure","cillum eiusmod nulla Lorem quis","veniam","consequat in nulla minim","laborum exercitation quis ex","labore velit laborum","esse"}', DEFAULT, DEFAULT), ('57851dd8-0d7e-5b03-b70f-32940ae107ce', 'd3953f9f-e0f9-5aed-9d31-3f026a23da12', 16, 'unlisted', 'Team Fight Execution Plan', '{"laboris esse","dolor cillum ut","amet","esse"}', DEFAULT, DEFAULT), ('0bb88883-c32b-547d-bac2-9dcbf9437722', '644a93ba-f570-5681-b2f5-de6b9950affd', 14, 'unlisted', 'Vision Control Blueprint', '{"ex quis","fugiat magna veniam","ut ipsum irure","culpa duis incididunt in eu","eiusmod","esse aliquip sint","Lorem consectetur irure"}', DEFAULT, DEFAULT), ('f2096d39-9bcd-5cc9-af38-3924bad39e01', '70dc5b0f-7d06-5f95-a4ee-16cc68f3a4b6', 17, 'unlisted', 'Aggressive Rush Strategy', '{"mollit magna sit","voluptate ut dolore minim","et dolor elit pariatur","nostrud ea labore","aliqua consectetur irure anim","laboris nulla velit in Lorem","fugiat est dolor incididunt","adipisicing"}', DEFAULT, DEFAULT), ('cdc85c53-30bc-5c6e-91cc-2af72696e64b', '71edf17f-e471-58c3-bbf8-8111bd6c7c8e', 14, 'private', 'Objective Focused Strategy', '{"dolor","voluptate proident laborum aute"}', DEFAULT, DEFAULT), ('a0fe813c-8a2e-57ff-8950-530eb72350cc', 'd297ab9e-40d4-51b5-bb8f-a1df399f1a9a', 11, 'public', 'Aggressive Rush Strategy', '{"incididunt dolor dolore irure Lo","incididunt nisi labore","amet nostrud","ipsum aliqua","nostrud sit"}', DEFAULT, DEFAULT), ('3dcb1c72-1f38-50a2-8a79-9f8b83862a0b', '26f7bb6a-3c9c-5b30-b11b-be5ebfb91948', 20, 'public', 'Baron Control Strategy', '{"ut consequat cillum cupidatat","consectetur ut","consectetur aliqua qui id minim","pariatur pariatur aliqua","aliquip","ullamco","ea ipsum","non do deserunt duis"}', DEFAULT, DEFAULT), ('b529db67-e1b4-5e7d-9a32-267867bbcbad', '756cbb59-27d6-58f3-b4b9-8b56121e683f', 11, 'public', 'Early Game Dominance Guide', '{"in","ea anim cillum eiusmod"}', DEFAULT, DEFAULT), ('89b21cb6-fbf3-585a-b9c1-304fad97258b', '5ce056de-a21e-5eba-9d47-e09232047aae', 12, 'unlisted', 'Vision Control Blueprint', '{"qui elit voluptate","occaecat aliqua aute"}', DEFAULT, DEFAULT), ('8af27ce1-15c1-5703-a4c5-07ea669df0c7', '98eaafd3-adbf-5a3e-adb9-b3fb6971b6f1', 14, 'public', 'Late Game Scaling Strategy', '{"pariatur esse qui quis","duis culpa","sit id elit cupidatat veniam","minim incididunt Lorem","reprehenderit ea consectetur","ullamco non","occaecat culpa tempor","fugiat enim do laborum pariatur","consequat ipsum ipsum quis"}', DEFAULT, DEFAULT), ('e9960db1-b450-5d20-820c-87fab4f40dc8', 'e334db45-3389-5a47-b7c9-4ff8121637b5', 20, 'private', 'Vision Control Blueprint', '{"deserunt sit aliquip eiusmod","et duis exercitation magna volup","ex magna qui eiusmod aute","ad id magna","ad exercitation velit veniam et","non in et officia"}', DEFAULT, DEFAULT), ('2dd10f1f-4836-53b2-b2b6-ae71861e43d0', 'b88b1af1-79fe-5af5-9c91-0c77ed20973b', 18, 'private', 'Roaming Support Plan', '{"exercitation esse commodo non","incididunt cillum deserunt","aute"}', DEFAULT, DEFAULT), ('09d4e842-df61-577d-8d06-00daf3b676e2', 'a6ea6199-2a1a-56d4-b12a-1bf7d32d154c', 13, 'unlisted', 'Early Game Dominance Guide', '{"ex exercitation","tempor tempor et ex sunt","dolor duis","est sunt nulla","ullamco aute minim irure qui","occaecat consequat Lorem culpa"}', DEFAULT, DEFAULT), ('6fe4789e-9a02-5c94-8c81-5bb4cffd7850', 'ccd28d41-9086-5b64-b351-585431787bb7', 13, 'public', 'Siege Tactics Handbook', '{"et tempor ipsum laboris incididu","nulla eu reprehenderit","voluptate qui ad id aute","voluptate velit tempor veniam","id enim","amet ullamco aliqua","aliqua ullamco proident officia"}', DEFAULT, DEFAULT), ('62834a20-27ac-5894-8947-a4e2ffb67f5b', '3ff60d7a-a4ad-54c5-a422-53b52cd53093', 16, 'unlisted', 'Rotation Strategy Document', '{"mollit","ad sit","sint id"}', DEFAULT, DEFAULT), ('ce25e6d7-50b4-50c3-8210-685ee22346f3', '40747f76-ad34-5508-ba43-ef538c943cc0', 11, 'unlisted', 'Gank Heavy Approach', '{"aliquip proident aliqua","in mollit in sit","voluptate cillum ea","sint est eiusmod","sint consequat in adipisicing"}', DEFAULT, DEFAULT), ('a4e4a518-fb32-53bf-9d1c-f336f8cd8c45', 'd9bba68a-079c-5141-bd43-756b87167584', 17, 'public', 'Late Game Scaling Strategy', '{"dolor","nulla tempor cillum ut","sit reprehenderit","nulla officia adipisicing occaec","cupidatat officia","proident culpa","amet ex deserunt","sit ex ut sit","dolore Lorem"}', DEFAULT, DEFAULT), ('d5862a76-70cd-55db-a302-365d7ec101f5', 'a5831e58-2fc9-5b59-970d-00c344a4eb18', 20, 'public', 'Wave Management Plan', '{"sit","dolor nulla non sunt","sunt sunt esse","incididunt minim","elit veniam","Lorem exercitation","aute culpa"}', DEFAULT, DEFAULT), ('fff5567f-d4a5-542e-ba70-1119521ca0cb', '39da01f0-2195-5fc3-a74a-d12c26c902a3', 17, 'public', 'Defensive Turtle Tactics', '{"est et sint labore","sit esse voluptate cupidatat cil","nostrud nisi exercitation nulla "}', DEFAULT, DEFAULT), ('48abaf7b-d65e-5371-8d5f-1be4621911e6', '644a93ba-f570-5681-b2f5-de6b9950affd', 11, 'unlisted', 'Baron Control Strategy', '{"in elit"}', DEFAULT, DEFAULT), ('05b8ebd6-06e1-5ce6-85d9-1fda124d11b0', 'ccd28d41-9086-5b64-b351-585431787bb7', 13, 'unlisted', 'Objective Focused Strategy', '{"excepteur amet magna","ullamco","adipisicing","dolore deserunt est","consequat cillum cupidatat"}', DEFAULT, DEFAULT), ('be5a4c70-a4ff-57c0-8c2c-437a6d77f25c', '63e38d08-3dd9-5569-ab28-f70e94b3cdb7', 20, 'public', 'Vision Denial Blueprint', '{"proident pariatur excepteur","labore nisi cupidatat minim","elit quis exercitation","minim Lorem veniam do"}', DEFAULT, DEFAULT), ('e6ff83af-5ec2-537d-b04b-784bd77a5871', 'd19db439-c7e7-53a7-aa19-0db346180dc1', 14, 'private', 'Split Push Blueprint', '{"aliqua officia","nisi laborum Lorem","amet officia consectetur volupta","anim","officia incididunt nostrud aliqu"}', DEFAULT, DEFAULT), ('dc9bffb4-1647-5c5d-8c1f-d89500e89900', '731b24f8-f083-56fc-9161-1fd32dcd58d0', 12, 'unlisted', 'Defensive Turtle Tactics', '{"sunt ullamco","ea fugiat minim consectetur nost","minim nostrud","consectetur qui","sint ut irure sunt nostrud","adipisicing nostrud excepteur"}', DEFAULT, DEFAULT), ('ec767a01-17bb-518c-9633-78ebc8caded3', 'eea550bd-8120-5fb2-9339-ad3a549506d4', 16, 'private', 'Baron Control Strategy', '{"occaecat Lorem aute reprehenderi"}', DEFAULT, DEFAULT), ('6c642b40-bb15-55fa-9319-9c100d27adc7', '99498cc5-464e-5b95-a415-0dba48b40687', 19, 'private', 'Vision Denial Blueprint', '{"aliquip qui","in adipisicing occaecat minim","nisi"}', DEFAULT, DEFAULT), ('197f52e9-f9b3-54a3-a900-9ddcd2cd98d5', 'd6d652bf-48a5-5a85-a95d-16c25edc5397', 13, 'unlisted', 'Vision Control Blueprint', '{}', DEFAULT, DEFAULT), ('b239ffdb-847f-5400-b1f9-97e186ea36bc', '2ca679b7-4687-5422-ac57-c89cfa36e3c8', 11, 'private', 'Wave Management Plan', '{"in cupidatat ut","ut proident laborum","occaecat","exercitation","ad consequat","sit nostrud","incididunt commodo ut et","labore eu","labore labore"}', DEFAULT, DEFAULT), ('c3124970-b58c-5748-8a01-4ba1d7466b2b', 'c15a1a93-cc16-5536-8ab0-42ef9626e379', 20, 'unlisted', 'Objective Focused Strategy', '{"nostrud id ea"}', DEFAULT, DEFAULT), ('2fbdef88-7d4a-5528-bb59-74f725709563', 'd9bba68a-079c-5141-bd43-756b87167584', 13, 'private', 'Map Control Blueprint', '{"eu dolor"}', DEFAULT, DEFAULT), ('a03637de-3a86-5f2c-a9a1-71bb222f301f', '26f7bb6a-3c9c-5b30-b11b-be5ebfb91948', 15, 'private', 'Aggressive Rush Strategy', '{"consequat id adipisicing","reprehenderit","dolore est","deserunt amet irure","fugiat anim cupidatat","officia consectetur veniam ex","tempor elit do ea","dolor laboris occaecat","aliquip ipsum proident"}', DEFAULT, DEFAULT), ('536d5b0c-dc7c-598f-8fa0-b21c4cd85d48', 'fbfa0c72-9c6c-54ce-ba23-f1ed2563396e', 16, 'unlisted', 'Counter Pick Blueprint', '{"aliquip ut esse","incididunt deserunt commodo cons","irure nostrud anim officia"}', DEFAULT, DEFAULT), ('f04b6b4b-d5ea-517f-8a7d-71713980487c', '8dea886f-fc5d-51fd-ac80-f3c52f3b244b', 19, 'unlisted', 'Rotation Strategy Document', '{"non ut","dolor dolor","laborum ullamco","sit","consectetur","ex","non","veniam","dolor amet excepteur deserunt"}', DEFAULT, DEFAULT), ('363e1d5b-f7b0-5ee0-a43a-f471f9cf9338', 'cf1d2e5e-3a18-5518-8e4c-387978992b8a', 12, 'private', 'Late Game Scaling Strategy', '{"officia esse anim"}', DEFAULT, DEFAULT), ('edcc2203-6787-52aa-bc0b-a6dcc59388be', '8c5ef042-1b14-56ed-adba-e25d3960a3cf', 15, 'public', 'Vision Control Blueprint', '{"ipsum eiusmod quis cupidatat","voluptate nostrud eiusmod","consectetur Lorem consequat pari","et in","pariatur veniam","velit culpa nulla"}', DEFAULT, DEFAULT), ('474b1c92-271b-5e78-878e-3e82398a6e7c', '9e19dd6d-e8c2-5925-b1c8-e13b62340491', 12, 'unlisted', 'Jungle Control Playbook', '{"fugiat Lorem tempor","minim"}', DEFAULT, DEFAULT), ('8997d96a-4a2f-5fcd-a0a2-88e875f8bba7', 'd3953f9f-e0f9-5aed-9d31-3f026a23da12', 14, 'unlisted', 'Split Push Blueprint', '{"cillum Lorem et","sunt quis minim laboris","nisi ipsum ea","Lorem commodo et id","mollit qui eiusmod in nulla","velit ullamco in dolore","est reprehenderit veniam consect","fugiat sunt aliquip culpa","ex sint veniam"}', DEFAULT, DEFAULT), ('f61f0c83-60cb-5fa8-a27a-67e606b63adb', '203ac13e-e5b1-548e-a7da-5d8cff932053', 16, 'private', 'Defensive Turtle Tactics', '{"Lorem excepteur","deserunt","officia deserunt dolor ipsum","non adipisicing dolore","excepteur enim"}', DEFAULT, DEFAULT), ('30d213ab-4615-5d8b-abee-5b4875c8bfdf', '495c6cc5-490c-50dd-b1c5-aaf0110ec764', 12, 'private', 'Roaming Support Plan', '{"id labore cupidatat","minim duis occaecat esse","incididunt ex","velit exercitation","reprehenderit laborum exercitati","dolore tempor occaecat mollit","eiusmod aliqua in dolore","ad labore"}', DEFAULT, DEFAULT), ('7d042aff-1b5b-531f-917f-48f2d58d33c7', '5cdb9712-16b6-532e-9cc7-8cf7dfbe9b6b', 16, 'private', 'Team Fight Execution Plan', '{"cillum irure fugiat dolore"}', DEFAULT, DEFAULT), ('30e1e77d-2bcf-5591-97ec-d99bd552d8f0', '01bb02e3-6d00-5b11-ba00-2f6b060dfb2e', 12, 'public', 'Vision Denial Blueprint', '{"qui cupidatat dolore","esse do Lorem ut","irure laboris","reprehenderit cillum occaecat of","Lorem magna dolor qui aliqua","aliquip cupidatat ut"}', DEFAULT, DEFAULT), ('d53a4a7c-125e-52cd-8ba3-aa3916f71140', 'f7f33f5b-7e02-5784-9db2-ed2995544a54', 12, 'unlisted', 'Vision Control Blueprint', '{"sint nisi","non sit non sint consequat","fugiat labore","est nisi","tempor duis exercitation","mollit nisi laboris","laboris culpa proident"}', DEFAULT, DEFAULT), ('47f797b2-50c1-56af-abe6-0081dabe5efd', '47e5d6a1-6a7c-5068-97e6-b73d6f3b47c1', 17, 'private', 'Counter Pick Blueprint', '{"sit officia ex"}', DEFAULT, DEFAULT), ('3ebbec39-d360-5461-b442-70abf723c8b8', '6fc34c52-742f-56c2-b6c3-89dee63a8839', 14, 'private', 'Aggressive Rush Strategy', '{"minim consequat","anim cillum consectetur et enim","sunt consectetur in enim sit","nulla do incididunt ut","excepteur nisi ut cupidatat mini","elit est","nostrud commodo consequat"}', DEFAULT, DEFAULT), ('3821efb6-356e-53bd-8a0b-239426475be5', '349111f0-5b40-5b21-aeff-8af2b228d28f', 13, 'public', 'Siege Tactics Handbook', '{"sint cupidatat magna"}', DEFAULT, DEFAULT), ('f62571e6-585e-5709-b04e-861b7f3db2d2', 'ac772386-a452-5d18-88c7-396c2a71eb0b', 12, 'public', 'Roaming Support Plan', '{"incididunt id mollit","sunt ea officia","sint non anim","sunt nostrud dolor nulla"}', DEFAULT, DEFAULT), ('f706ef0d-b4c8-54ee-ba4a-8f6af14717f8', 'a5e6c58e-54df-5943-b1b7-463c2ae0fb74', 12, 'unlisted', 'Counter Pick Blueprint', '{"est enim nisi aliqua","dolor amet quis sint","mollit adipisicing minim adipisi"}', DEFAULT, DEFAULT), ('da6a602b-9dc0-5e13-87e9-323f368838a2', '763ebb5f-add9-59ff-9a26-6b4030dae259', 20, 'unlisted', 'Gank Heavy Approach', '{"proident occaecat ea dolore","aute in aliquip eiusmod sint","dolore culpa ipsum exercitation ","labore dolor amet nulla minim","occaecat","nisi culpa","excepteur esse incididunt sint c","eu"}', DEFAULT, DEFAULT), ('ae022a2e-97fe-53d7-ace2-f700a65995e2', '3a804324-748d-571a-afad-6b9c20a35337', 19, 'unlisted', 'Jungle Control Playbook', '{"pariatur dolor","elit tempor labore","officia culpa officia","eu duis anim","duis voluptate quis","Lorem aliqua veniam labore","cillum"}', DEFAULT, DEFAULT), ('7f27719e-c551-5cfa-ab24-3e6a917bc77f', '262a78c7-eb9d-5e1a-8e58-41ecb0c31fbd', 16, 'public', 'Vision Control Blueprint', '{"excepteur adipisicing","aute fugiat nostrud consectetur","aliqua do eu in","magna occaecat","in duis","aliquip quis","enim laborum ea","eiusmod","fugiat ea consequat nostrud"}', DEFAULT, DEFAULT), ('a7afe8c7-8469-5a59-9246-cc18b3ce4b7b', 'd297ab9e-40d4-51b5-bb8f-a1df399f1a9a', 13, 'private', 'Baron Control Strategy', '{"tempor cillum nostrud sint ipsum","consectetur esse","quis dolore","ea quis sit","velit quis","laborum sint mollit officia"}', DEFAULT, DEFAULT), ('8111ec5f-e01a-5ad1-b89a-b7a64419e202', '7c0f6282-7933-5431-8e88-9d2b9f09f272', 19, 'public', 'Vision Denial Blueprint', '{"laboris","esse eiusmod quis duis velit","aliqua incididunt","ea qui anim dolore"}', DEFAULT, DEFAULT), ('af41c136-c26c-5e1c-81f1-2d9f923ca606', '3a804324-748d-571a-afad-6b9c20a35337', 16, 'public', 'Aggressive Rush Strategy', '{"excepteur deserunt cillum magna ","velit sint ullamco eiusmod","enim mollit officia pariatur","anim non cupidatat proident"}', DEFAULT, DEFAULT), ('7594efe5-aff1-5874-a5ed-4a9edc7b66bf', '09bca3f4-0d37-5f5a-b637-9d7942a17cff', 17, 'unlisted', 'Defensive Turtle Tactics', '{"eiusmod ea dolore","enim anim excepteur enim","commodo eu ullamco voluptate non","minim proident","tempor enim","laboris labore laborum minim","cupidatat dolor","nostrud adipisicing nostrud","dolore"}', DEFAULT, DEFAULT), ('ee2f9514-a689-5e06-84f0-7f27b56a3774', 'ae956930-bebe-5aad-83f8-b8d0cae36371', 20, 'private', 'Aggressive Rush Strategy', '{"duis deserunt cillum veniam cons","dolor occaecat esse","magna laborum aliqua sint","tempor laborum cupidatat duis","culpa eu officia labore ad","occaecat","quis voluptate nostrud id"}', DEFAULT, DEFAULT), ('59ac239c-144e-5ca7-b3e8-b97418726740', '672ad514-6b43-58ed-b7aa-f70ed34485d9', 13, 'unlisted', 'Early Game Dominance Guide', '{"qui velit in officia","officia sunt cillum elit fugiat","nostrud incididunt reprehenderit","nulla aute dolore","tempor culpa pariatur dolor","sint nisi irure reprehenderit","ut eiusmod labore","sunt proident fugiat dolor","aute magna adipisicing"}', DEFAULT, DEFAULT), ('7992b22f-6c16-50ae-ae54-fd84bedb78e7', 'eb3795e9-0dc2-506f-818c-e81bf7149197', 14, 'public', 'Jungle Control Playbook', '{"dolor et eu sit ea","sint eu occaecat anim do"}', DEFAULT, DEFAULT), ('eeb6a56c-bf20-5164-a9c4-2438947a1635', '290e51c6-7ff6-5db4-8f40-69dda051b66c', 11, 'public', 'Split Push Blueprint', '{"deserunt id","exercitation pariatur","ex","non nisi do minim occaecat"}', DEFAULT, DEFAULT), ('ba263b84-62af-5be6-a1da-34f8a9b1c708', '88501f36-608d-5074-ab3f-752cd478292f', 18, 'public', 'Team Fight Execution Plan', '{"amet duis magna","anim proident","adipisicing amet Lorem eu","laboris culpa incididunt","fugiat adipisicing minim reprehe","elit minim est","ea et exercitation non","culpa duis et veniam","consequat fugiat","ex do ad fugiat"}', DEFAULT, DEFAULT), ('0eda511d-00fb-5edd-a94c-61620ced28e5', 'f4b5542b-ba61-519e-a8d2-5793282ad487', 13, 'private', 'Defensive Turtle Tactics', '{"cupidatat id","reprehenderit","aute","sunt reprehenderit ut","labore anim dolore labore","nostrud excepteur in mollit cons","proident nulla nulla"}', DEFAULT, DEFAULT), ('4a82ca5f-1296-51b0-9319-05459a439c92', '8dea886f-fc5d-51fd-ac80-f3c52f3b244b', 19, 'unlisted', 'Team Fight Execution Plan', '{"velit ea laboris tempor","pariatur deserunt qui","ut","proident commodo"}', DEFAULT, DEFAULT), ('230e6990-91f4-5dc7-b6bc-229a44985e25', '3dbd7acc-a0c5-5607-8378-ec8dc206b269', 12, 'private', 'Gank Heavy Approach', '{"deserunt do","id duis commodo","id","non officia Lorem cupidatat"}', DEFAULT, DEFAULT), ('01a97da4-f21e-511b-9160-a834d5d7f82e', 'fd8e258e-4711-5b22-b0f3-1f5725eb642f', 13, 'unlisted', 'Split Push Blueprint', '{"sunt minim nisi sunt","id","sit in","consequat irure fugiat","eu incididunt et est et","elit et tempor minim","exercitation ex esse"}', DEFAULT, DEFAULT), ('1c5613fb-a627-5391-a9ff-0cc49d9b395b', '882c7ae5-914f-539d-8207-691de536097f', 16, 'unlisted', 'Early Game Dominance Guide', '{"sit","labore","incididunt non esse","ut pariatur cillum enim","officia nostrud veniam reprehend"}', DEFAULT, DEFAULT), ('69b55afa-a769-5eae-849b-0607118f6f38', 'a5831e58-2fc9-5b59-970d-00c344a4eb18', 17, 'public', 'Aggressive Rush Strategy', '{"exercitation enim","ea eiusmod"}', DEFAULT, DEFAULT), ('5653d3f7-e466-5b59-9cc7-02634d975655', 'f52ce409-f800-5a86-b4ed-ce1a99a8a6ae', 20, 'unlisted', 'Wave Management Plan', '{"occaecat dolor","exercitation aute labore exercit","labore minim deserunt","ut pariatur","culpa reprehenderit et enim","voluptate cillum non","esse anim culpa","aute deserunt enim mollit id","Lorem ex voluptate magna ex"}', DEFAULT, DEFAULT), ('11917a47-b89e-5663-8d37-049fe2bf5b34', '1716ac71-f35f-52a7-acdc-316247462f37', 12, 'unlisted', 'Late Game Scaling Strategy', '{"aute","nulla et in","incididunt duis quis","ad","sit eu sint magna","tempor velit fugiat"}', DEFAULT, DEFAULT), ('c68ff46b-b1a9-581e-aa43-737e3b976580', '70dc5b0f-7d06-5f95-a4ee-16cc68f3a4b6', 13, 'unlisted', 'Objective Focused Strategy', '{"adipisicing laboris voluptate mo","voluptate occaecat duis excepteu","enim cillum consequat","aute cupidatat ullamco","commodo magna","culpa in exercitation minim veli"}', DEFAULT, DEFAULT), ('e8d13e33-32bc-5c1a-9371-8f828965d869', 'b5605791-3389-56c2-9ec6-17d538b9bb85', 16, 'public', 'Early Game Dominance Guide', '{"cupidatat duis occaecat","ipsum quis","aute eu proident"}', DEFAULT, DEFAULT), ('79cca71d-1dd7-5b78-9e31-229bb9872504', '91434b27-2651-5429-8f42-45c3f8e334a0', 14, 'public', 'Wave Management Plan', '{"ea tempor dolore nulla labore","reprehenderit et velit sit ad","enim consequat pariatur pariatur","ad dolor","laborum quis esse","minim non nulla proident","reprehenderit","esse eiusmod cillum non"}', DEFAULT, DEFAULT), ('cdf1b1e3-61cd-52e6-b86e-eec98ea71e23', 'eb3e804d-5ed0-59a1-900b-3b0f9b2cb577', 18, 'private', 'Siege Tactics Handbook', '{"eu occaecat elit minim anim","esse sunt id","excepteur laborum esse dolor","do non dolore nisi reprehenderit","eu in veniam","amet"}', DEFAULT, DEFAULT), ('98ea8abd-4f3f-5750-b436-afb8aa79fb82', '626028b2-23d2-53a4-aca9-9c9cc4158e30', 17, 'private', 'Wave Management Plan', '{"dolor","excepteur excepteur fugiat","dolore deserunt irure","consectetur sint pariatur sint","ad Lorem cillum","magna cillum","ipsum adipisicing","veniam id adipisicing occaecat"}', DEFAULT, DEFAULT), ('bc227bd7-3214-5075-bca0-3f60046ac216', 'e06c10f9-a674-5092-b6f9-89c60162f0bb', 14, 'unlisted', 'Map Control Blueprint', '{}', DEFAULT, DEFAULT), ('8fd84214-96a6-5d6c-8437-0646145f15a1', '9b1fc781-1e4e-56d2-bd68-0dc257a319c0', 14, 'unlisted', 'Split Push Blueprint', '{"eu elit exercitation ad elit","consectetur et irure deserunt Lo","cillum dolore in","pariatur ea dolor","irure","labore enim qui","duis enim proident ex","ullamco occaecat eiusmod"}', DEFAULT, DEFAULT), ('7b269807-4fdc-5847-8a5c-807ffa02f953', '72d3531d-c972-50b3-9ba4-89c7e7226754', 20, 'public', 'Aggressive Rush Strategy', '{}', DEFAULT, DEFAULT), ('cf8258c4-f278-5c75-a944-c2bcba526ad4', 'a88bc9b9-135e-55c7-8c4c-5a072a3c8573', 19, 'private', 'Objective Focused Strategy', '{"exercitation","enim aute laboris tempor","est ut","duis culpa id non","irure commodo","commodo labore consequat occaeca"}', DEFAULT, DEFAULT), ('2e51b4b0-68ac-5e21-94a2-b7afb1b16016', '8926b9fd-34b2-5421-a25c-9cd89c12cad0', 13, 'unlisted', 'Objective Focused Strategy', '{"eu veniam ipsum voluptate"}', DEFAULT, DEFAULT), ('6e9d8d45-1d4b-5cdd-92c5-76194015ba99', 'd3953f9f-e0f9-5aed-9d31-3f026a23da12', 20, 'unlisted', 'Team Fight Execution Plan', '{"amet nisi culpa pariatur","esse ad eu","ut elit veniam officia","pariatur velit nulla est","labore labore est ullamco qui"}', DEFAULT, DEFAULT), ('fac7e894-3f38-5663-bc98-486c88732ea4', '98eaafd3-adbf-5a3e-adb9-b3fb6971b6f1', 19, 'public', 'Objective Focused Strategy', '{"adipisicing mollit irure","irure deserunt","dolore amet pariatur voluptate","id in voluptate veniam","dolor","veniam laborum elit voluptate de","laboris excepteur"}', DEFAULT, DEFAULT), ('7d360079-2c18-5c6d-a1b8-85eb411ace3d', '36ab6720-a24b-578b-8d3f-3d9bb0485851', 18, 'unlisted', 'Aggressive Rush Strategy', '{"excepteur excepteur","amet aute occaecat sint","velit quis nulla","incididunt ad","pariatur qui quis cupidatat","id id tempor","do","amet eu"}', DEFAULT, DEFAULT), ('be194c18-6eee-5ff6-a117-608bade8a86e', '7d0c4d54-58ae-5ddf-b108-590171e8655a', 17, 'private', 'Vision Control Blueprint', '{"tempor dolor anim aliqua ut","labore exercitation"}', DEFAULT, DEFAULT), ('74297878-a21d-59b7-aced-265d4a9f30fa', '853509f0-6836-5fa7-87f2-fb0a9a8766d2', 20, 'public', 'Gank Heavy Approach', '{"ipsum adipisicing adipisicing ir","fugiat ullamco dolor ullamco"}', DEFAULT, DEFAULT), ('a0c5fdb3-1581-541b-b560-7473e0935643', '6653ef95-0532-561d-a71b-05f5c1bc302b', 12, 'unlisted', 'Jungle Control Playbook', '{"nisi esse"}', DEFAULT, DEFAULT), ('5bf01130-69dd-5547-acc0-717bf1395fda', '8891aca3-b326-5a45-a77b-46ff3fd96d49', 20, 'unlisted', 'Vision Control Blueprint', '{}', DEFAULT, DEFAULT), ('1e052062-4999-589c-af48-bc4a3df69d05', '9f273059-bf49-55a4-bf95-e6bedcccffe3', 18, 'private', 'Secure Objective Playbook', '{"ut pariatur minim","irure laboris dolore adipisicing","adipisicing reprehenderit","non cillum","tempor nostrud magna qui","minim ex labore","sunt excepteur ullamco"}', DEFAULT, DEFAULT), ('38b49ca8-b50c-5e98-af9e-9c3898d28f8f', '830a4bb5-d929-5c1b-94fc-74a53795cc52', 19, 'private', 'Aggressive Rush Strategy', '{}', DEFAULT, DEFAULT), ('9b261f2f-f0b0-57c3-9c3a-156a89bfc9aa', 'dc58dd7b-bb54-5abe-8208-becc5e0561ad', 17, 'unlisted', 'Secure Objective Playbook', '{"voluptate cupidatat aliquip","non irure","laboris","ad excepteur pariatur","do ad proident id","tempor eiusmod ea","occaecat deserunt nisi","sunt duis in amet","consectetur pariatur voluptate","in voluptate in ipsum Lorem"}', DEFAULT, DEFAULT), ('2d9d0644-e0d8-5f5d-84c2-071cd2c099ce', 'fb634118-b8a6-50b7-9010-0317dd27fba6', 11, 'public', 'Defensive Turtle Tactics', '{"excepteur dolore ut","occaecat eu voluptate","id veniam laborum","amet sint ex","fugiat consectetur magna sint","tempor amet","sit aute","dolore id et","esse consequat"}', DEFAULT, DEFAULT), ('b8c7a039-d039-57f7-bd1e-253b05ef8c03', 'ea56a5ec-2249-5fba-8891-278bcdbbb33d', 12, 'private', 'Vision Denial Blueprint', '{"est proident","anim eu mollit in","et occaecat non magna","sit elit","proident ex quis","tempor dolore","proident culpa adipisicing"}', DEFAULT, DEFAULT), ('110d19c8-9e0d-5f75-a721-b94eb9080526', 'bbc51950-a428-5ed7-b604-6444a902714b', 12, 'private', 'Objective Focused Strategy', '{"consequat irure voluptate velit","Lorem","eu duis anim est"}', DEFAULT, DEFAULT), ('09923517-e55a-5deb-98cb-d64b27c0ab72', '4da5a34b-d621-539d-93ed-4bd842601284', 19, 'unlisted', 'Baron Control Strategy', '{"amet ad aliqua","dolor","consequat amet","dolore occaecat commodo Lorem","adipisicing laborum fugiat","incididunt cupidatat esse","fugiat commodo aute ullamco","mollit sit irure deserunt"}', DEFAULT, DEFAULT), ('e5bd85d5-1f62-5598-9176-4bfd393badbe', 'ba60341e-ffca-5a8d-85d2-58afc6ff269c', 14, 'public', 'Vision Denial Blueprint', '{"mollit cupidatat","proident et"}', DEFAULT, DEFAULT), ('e8eb7547-d359-5d88-afb0-cca98349d023', '3b3a2ed4-3283-5a09-84d9-c7de876d5510', 18, 'public', 'Counter Pick Blueprint', '{"ex fugiat","cillum","esse cupidatat ea","anim veniam","cupidatat qui eu mollit","consectetur adipisicing labore i","dolore","cillum id sint do"}', DEFAULT, DEFAULT), ('0e4135c9-4c74-5717-9ee1-cbbb37873838', '203ac13e-e5b1-548e-a7da-5d8cff932053', 20, 'public', 'Team Fight Execution Plan', '{"ipsum","eu aliqua laboris tempor et"}', DEFAULT, DEFAULT), ('eb9d24ec-f15e-5e4f-870e-dd537efcd168', 'b88b1af1-79fe-5af5-9c91-0c77ed20973b', 11, 'private', 'Counter Pick Blueprint', '{"magna dolore ea","cillum officia","dolore aute culpa consectetur","elit dolore"}', DEFAULT, DEFAULT), ('688a2e3c-848e-5787-bd83-705a15229924', '1e7e0bcb-4fc0-5d72-81a5-d67a74a13595', 13, 'unlisted', 'Counter Pick Blueprint', '{"qui magna quis fugiat","esse minim sit ut","ad consectetur","commodo sunt labore sit fugiat"}', DEFAULT, DEFAULT), ('a042a037-2e40-50ce-ae48-3f063c3067bb', '438bff0e-fd50-5c86-89ee-d397a0c0e548', 18, 'unlisted', 'Roaming Support Plan', '{"voluptate culpa proident","dolore","exercitation occaecat consectetu","do proident voluptate","commodo nisi esse consequat","qui Lorem commodo"}', DEFAULT, DEFAULT), ('cb4eaa5a-1f18-571e-9566-4c1753ad9134', '79efb743-bb54-546e-8bdf-089509399715', 14, 'private', 'Vision Control Blueprint', '{"ipsum voluptate sint","reprehenderit deserunt","tempor officia nostrud ipsum","aute amet deserunt cillum ea","duis consequat est minim nostrud"}', DEFAULT, DEFAULT), ('2076216c-1b19-5f7f-b10d-db3cae2b4567', '17ec9179-4e96-5f11-9df0-6e4c2363b3ee', 14, 'private', 'Defensive Turtle Tactics', '{"tempor pariatur amet duis","magna labore ullamco aute","magna Lorem laboris ex proident","labore ad nisi pariatur","anim consequat","exercitation eu consectetur pari","qui dolor ut cupidatat ex","laborum enim","cillum proident non","exercitation exercitation"}', DEFAULT, DEFAULT), ('a0bd7980-cac4-5ded-adc5-004548282723', '6adbfe77-3519-54e6-9e12-eef5b2e20ee7', 12, 'unlisted', 'Vision Control Blueprint', '{"esse officia","culpa cupidatat","adipisicing ex excepteur mollit ","aute ut ullamco","proident deserunt","deserunt est qui"}', DEFAULT, DEFAULT), ('e94657cc-5d4a-53ce-8902-19b99712c3c6', 'b7a89d05-549f-565f-b631-b59097e91d1a', 12, 'unlisted', 'Vision Control Blueprint', '{}', DEFAULT, DEFAULT), ('cdee6d23-791e-5a74-aba4-6e6c1b3863e7', 'b32027db-33da-5dc2-b906-e0c2a06ac683', 14, 'unlisted', 'Baron Control Strategy', '{"sunt id","dolor officia","fugiat qui ex","incididunt incididunt aute","magna","exercitation non pariatur repreh","laborum proident in velit","voluptate eiusmod","proident amet voluptate"}', DEFAULT, DEFAULT), ('d5a4641d-8cbb-5fd0-89e3-ac12979b690c', 'd2268e40-fa6d-5300-9f01-b7cc8f9018e3', 14, 'unlisted', 'Secure Objective Playbook', '{"ipsum magna","ipsum ex reprehenderit quis ad","ut tempor velit labore non","laborum cupidatat dolore deserun","exercitation non ad dolor","eiusmod ea consectetur commodo","irure eiusmod cillum esse aute","dolor"}', DEFAULT, DEFAULT), ('ab58f5b2-4308-5685-a477-a4b54637b2a0', 'eea550bd-8120-5fb2-9339-ad3a549506d4', 11, 'unlisted', 'Roaming Support Plan', '{"anim ad occaecat id"}', DEFAULT, DEFAULT), ('025da8e7-6d47-53be-9689-b0604284733b', 'f754848a-9cd5-551c-9bb4-aa81e33b42af', 18, 'unlisted', 'Gank Heavy Approach', '{"reprehenderit ea officia ullamco","aliquip qui esse","occaecat anim officia velit enim","ad nostrud","amet fugiat","officia proident nulla","consectetur irure","aute id","nulla laboris proident non"}', DEFAULT, DEFAULT), ('cfc01e92-0e9c-5f58-b116-ac73af2ff344', 'cf1d2e5e-3a18-5518-8e4c-387978992b8a', 19, 'private', 'Baron Control Strategy', '{"esse","labore magna","dolor cupidatat","sit","cupidatat eu proident anim","laborum laboris ut velit","eiusmod","incididunt ea consequat","non dolore dolore"}', DEFAULT, DEFAULT), ('6c7a0737-5d09-56f1-9a60-9ca811b68d40', '88514f78-7770-5bc2-96a4-f0f4ebcab4a4', 16, 'public', 'Late Game Scaling Strategy', '{"eiusmod pariatur","anim et incididunt","officia amet aliquip"}', DEFAULT, DEFAULT), ('b74b781d-f3ca-5ce2-a262-c20f23455d05', 'f46ce5c6-3097-5b5d-8213-37b749a8664f', 11, 'private', 'Team Fight Execution Plan', '{}', DEFAULT, DEFAULT), ('ae76c1cf-66c9-5bf7-8fc8-d1e1260ab8bd', '34a6eefa-de0a-5b54-8950-76863d1d5290', 14, 'public', 'Jungle Control Playbook', '{"exercitation cillum amet"}', DEFAULT, DEFAULT), ('3267d96d-4a33-5c13-9ef8-eb9652f76262', 'b32027db-33da-5dc2-b906-e0c2a06ac683', 15, 'public', 'Late Game Scaling Strategy', '{"ea sint","irure","laborum sunt minim esse"}', DEFAULT, DEFAULT), ('272ce823-3f81-5671-93a8-93655178aa67', 'bbc51950-a428-5ed7-b604-6444a902714b', 19, 'unlisted', 'Counter Pick Blueprint', '{"adipisicing ullamco","Lorem irure","commodo","magna commodo sunt commodo"}', DEFAULT, DEFAULT), ('0cd365ac-6479-5889-b532-b02ce5d93b9f', '9b1fc781-1e4e-56d2-bd68-0dc257a319c0', 11, 'unlisted', 'Wave Management Plan', '{"magna sit laboris","eiusmod et ex minim","sunt pariatur","dolor ullamco","ut tempor consequat pariatur","deserunt et consectetur","eiusmod incididunt do irure ad","in","laboris adipisicing Lorem consec"}', DEFAULT, DEFAULT), ('d1c31a1f-140d-5b01-95f7-3fc15003186c', '8a0a556f-d942-55f0-8ba8-1ffbfaf3c6d9', 12, 'public', 'Baron Control Strategy', '{"culpa commodo sit","laboris","aliquip deserunt","excepteur exercitation","nisi nostrud","proident ex et duis irure","ut cillum nulla"}', DEFAULT, DEFAULT), ('139e14ed-bbf1-5d48-a6cc-84c72c891164', 'fbfa0c72-9c6c-54ce-ba23-f1ed2563396e', 14, 'unlisted', 'Jungle Control Playbook', '{"consequat nulla"}', DEFAULT, DEFAULT), ('586f1ac8-f524-5f8c-88e2-184c02d5ef6d', 'b576de0c-954e-5345-a9e7-0d691c52341a', 20, 'private', 'Aggressive Rush Strategy', '{"laborum","culpa proident consectetur Lorem","sunt minim ullamco","occaecat","laboris consectetur esse nostrud","ullamco","cupidatat non","non nisi cillum quis"}', DEFAULT, DEFAULT), ('62075432-2441-5ae8-a3d3-0c53f1490707', '3adfc207-aaeb-5fa1-b329-eb7ef2061320', 16, 'public', 'Vision Denial Blueprint', '{"exercitation id laboris","voluptate consectetur ad","quis duis magna","nulla non aliquip minim fugiat"}', DEFAULT, DEFAULT), ('7e2a3012-f429-5959-8e79-e27f888f9ce7', 'd9bba68a-079c-5141-bd43-756b87167584', 13, 'public', 'Baron Control Strategy', '{"aliqua amet","Lorem veniam fugiat id","voluptate officia incididunt","anim elit ea in occaecat","do do","sunt ad proident adipisicing"}', DEFAULT, DEFAULT), ('b8821e56-73f0-54d5-b485-728d64492250', '92bf5244-388d-5bbf-bd84-1c7ad2efe31b', 13, 'private', 'Gank Heavy Approach', '{"ea"}', DEFAULT, DEFAULT), ('41c6ea7f-18a9-55e6-b2ba-f0f4f40a17bf', '9f26eece-7e59-5b46-a98b-848dc55a0cda', 13, 'unlisted', 'Siege Tactics Handbook', '{}', DEFAULT, DEFAULT), ('6071eb55-6bca-516b-b2e7-cdcdc70b2f27', '811570ef-0b81-508d-ba05-2f5e812d4131', 14, 'private', 'Rotation Strategy Document', '{"voluptate quis","tempor ullamco quis excepteur","velit magna","ad"}', DEFAULT, DEFAULT), ('d7cdb9d2-07a6-5208-bc43-84429587c78d', 'e2b744a0-a170-5a87-828d-34cc6f64ca05', 14, 'private', 'Gank Heavy Approach', '{"ipsum aliquip pariatur","enim deserunt amet labore","cillum in","aute id occaecat voluptate"}', DEFAULT, DEFAULT), ('edba76b8-16c2-5d65-8407-7c8846b18c8d', '5783cab4-e010-523b-b893-81b388f43d06', 19, 'private', 'Defensive Turtle Tactics', '{"irure laborum ipsum laborum non","consequat sint"}', DEFAULT, DEFAULT), ('4961b154-685f-5c2d-b1f1-598100239ea4', '9a184097-b9bc-5f22-ba40-6c62e83423ab', 12, 'public', 'Early Game Dominance Guide', '{"enim et","enim esse labore sint pariatur"}', DEFAULT, DEFAULT), ('81b648c1-576c-5086-ba4f-2125060d9cf0', '0e342915-b360-541f-8c0a-bdf36b3c0ce2', 16, 'unlisted', 'Siege Tactics Handbook', '{"veniam nulla irure nisi","esse sit ex","eiusmod sit magna","tempor consequat veniam in ea","ad voluptate","ad qui","consequat cupidatat nostrud in v","adipisicing laborum aute magna","commodo sit aute","qui elit in magna sint"}', DEFAULT, DEFAULT), ('edcc20e9-95a3-50eb-b84c-a2ac5801dd1f', '92bf5244-388d-5bbf-bd84-1c7ad2efe31b', 17, 'private', 'Objective Focused Strategy', '{"deserunt laboris aliqua velit","magna culpa id","est ipsum labore ut","do consectetur","ex aliqua ea","proident minim dolore non"}', DEFAULT, DEFAULT), ('0f7963e1-2931-5603-b1f8-5f29e095a36f', '36ab6720-a24b-578b-8d3f-3d9bb0485851', 18, 'private', 'Aggressive Rush Strategy', '{}', DEFAULT, DEFAULT), ('d90cf80e-490d-5c8c-85cc-9c761060fca5', '9bf2ad50-cccb-50eb-8269-3a7e78bd21f5', 19, 'public', 'Defensive Turtle Tactics', '{"esse nostrud mollit consequat co","ex culpa aute qui","sunt pariatur aliquip","occaecat duis","nulla aliqua laborum adipisicing","id duis veniam velit non","sint occaecat ullamco"}', DEFAULT, DEFAULT), ('84a00f8f-8f65-512e-a89a-396ebb944774', 'f6a7cc82-a609-50ee-a839-9fa8b1a9631d', 20, 'unlisted', 'Counter Pick Blueprint', '{"occaecat","quis","nostrud reprehenderit","laborum","et ipsum irure fugiat","consequat","ipsum eu voluptate"}', DEFAULT, DEFAULT), ('24530daa-18f4-5736-824e-740b98d86f84', '62507209-107c-55b5-9f47-9cad3cb25da5', 18, 'public', 'Objective Focused Strategy', '{"consectetur non reprehenderit","exercitation ad est magna","laborum ipsum eiusmod deserunt"}', DEFAULT, DEFAULT), ('cef44dbb-01f1-53f9-a51f-bce20b8c9729', '0a9347d2-3396-5e6a-98f1-b406ca195226', 15, 'private', 'Gank Heavy Approach', '{"eiusmod","laboris ut","dolore enim voluptate do cillum","sunt non veniam labore consectet","ex non laborum eiusmod incididun","Lorem","in laboris","sit voluptate nostrud"}', DEFAULT, DEFAULT), ('2f432e43-c578-5d3f-a9f6-658650551fe1', 'f4b5542b-ba61-519e-a8d2-5793282ad487', 17, 'public', 'Vision Denial Blueprint', '{"laborum reprehenderit elit","velit","dolor minim","proident irure adipisicing ullam","deserunt quis fugiat consectetur","culpa","laboris do exercitation","ut id sunt"}', DEFAULT, DEFAULT), ('9e0ad23d-bafe-536b-a992-47ea353cf3b5', 'f4b5542b-ba61-519e-a8d2-5793282ad487', 19, 'unlisted', 'Gank Heavy Approach', '{"ullamco ad","ullamco in adipisicing","ea aliquip sit mollit","non culpa do eiusmod","veniam","qui"}', DEFAULT, DEFAULT), ('ba4f3542-9d48-574a-8df6-823d78106037', 'f3376d8d-17f3-5259-a5b0-af6d5e21e7e2', 15, 'public', 'Defensive Turtle Tactics', '{"et eiusmod laboris eiusmod","proident","irure ex ea","mollit minim"}', DEFAULT, DEFAULT), ('d5920fa6-848e-5195-b671-9577ccf74a26', '2da4149c-bf3e-5f98-b904-591c69530871', 17, 'public', 'Roaming Support Plan', '{"laborum Lorem reprehenderit aute","aliquip qui est fugiat proident","proident ullamco","officia","in sunt dolor","ea mollit adipisicing velit","velit consequat"}', DEFAULT, DEFAULT), ('60e1ec45-4b3f-5cd2-b9e9-a6fd50c32391', 'eda91f04-12ef-5904-88aa-e6ed9a692e03', 20, 'public', 'Vision Denial Blueprint', '{"consequat minim eiusmod ipsum","eu velit do eu","voluptate eu esse in","velit officia eu cillum","culpa amet","qui enim esse sit","duis","enim sit irure"}', DEFAULT, DEFAULT), ('4152396c-eaf9-5aeb-9b7d-6c26ad4d722c', '98b30307-7ea7-5b6c-b9e4-560fe08299de', 18, 'unlisted', 'Defensive Turtle Tactics', '{"in aliquip duis","deserunt","ullamco nostrud deserunt","laborum ullamco anim occaecat","duis","exercitation exercitation offici","occaecat","consectetur quis","deserunt esse"}', DEFAULT, DEFAULT), ('82c66b9e-374b-5deb-960b-0b761f066806', '6a248992-e0a8-5c27-8d71-fd2cfd3a1fd6', 16, 'public', 'Late Game Scaling Strategy', '{"ut sint qui enim","anim ut","eiusmod et dolore sint","ut"}', DEFAULT, DEFAULT), ('cb1a8444-be9e-581c-8a1e-9f0d5870d484', 'ac772386-a452-5d18-88c7-396c2a71eb0b', 11, 'public', 'Wave Management Plan', '{"sit aliqua ipsum velit","cillum voluptate","aliqua anim aute consequat","ad cillum nostrud ad ullamco","consectetur aliqua","duis","anim sit est","labore aliquip non"}', DEFAULT, DEFAULT), ('b4086fbf-8b55-5b20-af96-270e53efd260', '2ca679b7-4687-5422-ac57-c89cfa36e3c8', 17, 'unlisted', 'Siege Tactics Handbook', '{"culpa esse fugiat velit","magna enim","adipisicing consequat voluptate ","esse laboris"}', DEFAULT, DEFAULT), ('7dc2a385-02fd-5e9e-8ca3-480d310ce988', 'e4c44768-00c8-52e6-80f9-625972d5d9b9', 12, 'unlisted', 'Late Game Scaling Strategy', '{"tempor ullamco","id voluptate"}', DEFAULT, DEFAULT), ('bd010a0a-cb39-59ee-8218-e7f775ac9a01', 'df625f4d-0fe2-599a-b1d3-13232701e19f', 18, 'private', 'Counter Pick Blueprint', '{"aute tempor","nisi","magna ea ut amet","officia id proident","duis sint consectetur","ea adipisicing commodo dolor ull","velit est cillum velit amet","labore Lorem duis ad","labore voluptate","sit sunt adipisicing pariatur ad"}', DEFAULT, DEFAULT), ('eb100a5e-fbbc-5189-b323-e08ca1ddf4b2', 'df625f4d-0fe2-599a-b1d3-13232701e19f', 17, 'public', 'Map Control Blueprint', '{"dolor sunt aute","est consectetur","quis nostrud duis","dolore occaecat aliqua elit irur","aute","ex incididunt labore velit"}', DEFAULT, DEFAULT), ('e43c6b3b-10fe-54f2-a09c-2f23976dbe42', 'ccd28d41-9086-5b64-b351-585431787bb7', 13, 'public', 'Counter Pick Blueprint', '{"mollit magna in et","consectetur voluptate qui anim","est ullamco","dolor fugiat sint sunt duis","occaecat","aute qui velit","eu officia","occaecat exercitation anim volup"}', DEFAULT, DEFAULT), ('145f2d17-d2b0-59ee-98c0-d8b6d6c741cd', '8bf74689-dfcf-5429-b342-2718dce8a8eb', 15, 'unlisted', 'Wave Management Plan', '{"ipsum","laborum duis magna nulla","ea quis do","tempor laborum Lorem fugiat occa","ex dolor","in eu in consectetur"}', DEFAULT, DEFAULT), ('27b7fc92-c399-5aec-bc43-ea4a7d41c984', '1bad91a4-3a34-5cee-a751-bb52fcfd9dc6', 17, 'unlisted', 'Gank Heavy Approach', '{"fugiat et cupidatat","incididunt dolore dolore duis","nostrud cupidatat in adipisicing","magna ipsum do","veniam","sint consectetur ipsum","enim cupidatat veniam","proident incididunt adipisicing "}', DEFAULT, DEFAULT), ('16e13bc2-bae9-5a1b-a23b-7f2503b73a03', '95c65795-b9a1-572f-87ae-6fa70b020fbb', 15, 'private', 'Baron Control Strategy', '{}', DEFAULT, DEFAULT), ('fb9a721d-7da1-577d-a721-ae00139d250b', '6c52c1d9-13a4-51ef-ae51-1dacc4c14be9', 19, 'unlisted', 'Aggressive Rush Strategy', '{"cillum pariatur in veniam","tempor nulla exercitation","laboris","do","cupidatat exercitation","qui dolor labore enim"}', DEFAULT, DEFAULT), ('8514b549-2321-5223-bcae-362fbfc61c61', '763ebb5f-add9-59ff-9a26-6b4030dae259', 11, 'private', 'Split Push Blueprint', '{"nostrud aliqua","nisi"}', DEFAULT, DEFAULT), ('8d222d98-29f0-5123-b99d-cc9f19493b20', '88501f36-608d-5074-ab3f-752cd478292f', 18, 'public', 'Aggressive Rush Strategy', '{"ad consequat dolore veniam","adipisicing non"}', DEFAULT, DEFAULT), ('5ba895cd-4107-5c9d-a9cb-bd2d24899776', '7d0c4d54-58ae-5ddf-b108-590171e8655a', 17, 'private', 'Vision Denial Blueprint', '{"mollit culpa ipsum"}', DEFAULT, DEFAULT), ('73b23aba-b5e2-5b24-b442-00922b22f275', '061a9df6-5f3b-55cf-9879-eec1a4061457', 14, 'private', 'Jungle Control Playbook', '{"velit magna quis"}', DEFAULT, DEFAULT), ('0e1a0168-a26a-5feb-9c91-7bd40d62afcc', 'd1dc8a74-c651-5dbd-b484-1cd2c51db9b9', 17, 'private', 'Map Control Blueprint', '{"ex","non deserunt eiusmod fugiat aliq","laboris incididunt ex","ipsum commodo Lorem"}', DEFAULT, DEFAULT), ('9348bed0-a52a-59cd-98df-ed8ab48ba4f7', '6c52c1d9-13a4-51ef-ae51-1dacc4c14be9', 16, 'private', 'Defensive Turtle Tactics', '{"proident consectetur","elit ea ad","incididunt amet ea","sint","non ad sit","irure tempor laboris","qui anim","nostrud sit cillum ea","in velit"}', DEFAULT, DEFAULT), ('1507f034-16ba-5219-b927-72f72394b9da', '5783cab4-e010-523b-b893-81b388f43d06', 20, 'unlisted', 'Wave Management Plan', '{"esse deserunt officia","culpa dolore officia commodo non","ipsum"}', DEFAULT, DEFAULT), ('3d6517ba-6968-54c9-9934-5dca00f20f48', '644a93ba-f570-5681-b2f5-de6b9950affd', 18, 'private', 'Defensive Turtle Tactics', '{"velit","proident velit","enim Lorem","non sint elit","cupidatat ut nostrud","reprehenderit","ut consectetur labore labore","ea labore"}', DEFAULT, DEFAULT), ('253eb1a7-6466-5751-bb80-ba728a9d5688', 'b5605791-3389-56c2-9ec6-17d538b9bb85', 20, 'public', 'Split Push Blueprint', '{"ipsum est","consectetur tempor ea"}', DEFAULT, DEFAULT), ('84afba7a-f643-5519-b420-54d83f591e9d', '096adf71-c74e-5b77-822b-46a8768797c5', 15, 'unlisted', 'Roaming Support Plan', '{"sit non nostrud"}', DEFAULT, DEFAULT), ('59b35be9-9d21-5b79-8875-4954a08d7239', 'b5605791-3389-56c2-9ec6-17d538b9bb85', 15, 'public', 'Late Game Scaling Strategy', '{"laborum fugiat nisi","sit dolore eiusmod anim aliqua"}', DEFAULT, DEFAULT), ('b3ff9604-63d2-533f-8bbb-d5f0486381ad', '644a93ba-f570-5681-b2f5-de6b9950affd', 15, 'unlisted', 'Rotation Strategy Document', '{"ea voluptate","consequat proident esse pariatur","eu enim laborum anim","fugiat anim officia ex","sint ut aute minim","incididunt aliquip ut","cupidatat dolore deserunt culpa","dolor mollit laborum cupidatat i","labore cupidatat voluptate"}', DEFAULT, DEFAULT), ('bcc899da-7629-5e0e-b560-5f5f6e7060e1', '8891aca3-b326-5a45-a77b-46ff3fd96d49', 19, 'private', 'Counter Pick Blueprint', '{}', DEFAULT, DEFAULT), ('96dbca51-d731-5e2c-a3d4-62e8f0faa072', '94170f3d-888c-58bc-bc18-13592bfb52c5', 15, 'unlisted', 'Map Control Blueprint', '{"reprehenderit","culpa adipisicing","enim consectetur","excepteur non consequat et","labore sunt duis ut laboris","excepteur Lorem do","amet ad","adipisicing"}', DEFAULT, DEFAULT), ('fc633e1f-14b8-590b-a0ba-c22147aaeeb4', '5ce056de-a21e-5eba-9d47-e09232047aae', 16, 'private', 'Secure Objective Playbook', '{"fugiat exercitation"}', DEFAULT, DEFAULT), ('49af1081-9f3e-5569-af2e-1029eb808baf', '274020d9-7513-5cf6-ae0b-e94ef1d1a62f', 14, 'public', 'Late Game Scaling Strategy', '{"id reprehenderit","amet officia voluptate non","eiusmod fugiat","non labore ad incididunt nisi","aute","ipsum enim nulla dolor"}', DEFAULT, DEFAULT), ('28c7fcd5-dc0b-528f-92f0-3e19e7b94b50', '672ad514-6b43-58ed-b7aa-f70ed34485d9', 19, 'public', 'Gank Heavy Approach', '{"officia"}', DEFAULT, DEFAULT), ('38780d0a-620c-5420-b84b-aa917e5db8c1', '897e7fb9-bd9c-59e3-afc7-d1c31ec7ef34', 11, 'unlisted', 'Aggressive Rush Strategy', '{"incididunt","qui officia","qui voluptate dolore do","adipisicing proident ullamco ess","magna culpa enim","anim aliquip","esse fugiat cillum","consequat laboris eiusmod fugiat"}', DEFAULT, DEFAULT), ('535c1e86-4fb0-59ea-8076-b54244994b61', '28e4b717-ba20-5ce6-96db-f08421aa2fc7', 16, 'unlisted', 'Split Push Blueprint', '{"aute nisi cillum Lorem et","do nulla velit aute nostrud","qui","cillum adipisicing consectetur"}', DEFAULT, DEFAULT), ('5e181f1c-b93c-59a3-a161-c4d4e29f775e', '19495f2f-99a6-5394-9596-a1d3fb0d3196', 14, 'unlisted', 'Secure Objective Playbook', '{"reprehenderit dolore culpa"}', DEFAULT, DEFAULT), ('0cd34502-daee-52d8-b8a4-7aa032065e8a', 'f8fbdff1-11b4-54fa-ab90-292d82d3d353', 12, 'public', 'Objective Focused Strategy', '{"ex","mollit dolore","culpa","est ad adipisicing non"}', DEFAULT, DEFAULT), ('6c9b6808-e737-5f8f-b196-93c0598b34b9', 'deab978c-4953-507c-b4fb-f509dd35f454', 17, 'public', 'Roaming Support Plan', '{"id occaecat","fugiat sint elit","dolor velit id cillum ipsum","sint et minim culpa","incididunt","sit sint excepteur minim","occaecat voluptate ea","voluptate in enim fugiat"}', DEFAULT, DEFAULT), ('f498173a-b4a1-5b37-ad0b-67596b4fe0ac', 'c379a417-3b5c-5e05-a7ca-c545e0d33c70', 18, 'unlisted', 'Siege Tactics Handbook', '{"commodo voluptate","quis consectetur laborum","nisi sunt ex","eu"}', DEFAULT, DEFAULT), ('b0d542cd-fe80-5cad-9bd6-a81d0ed1c2f4', 'f46ce5c6-3097-5b5d-8213-37b749a8664f', 18, 'unlisted', 'Vision Control Blueprint', '{"excepteur"}', DEFAULT, DEFAULT), ('cd506b7e-0f7c-526c-b650-bb799376c313', 'bbc51950-a428-5ed7-b604-6444a902714b', 12, 'unlisted', 'Gank Heavy Approach', '{"ad","incididunt esse nisi","consectetur deserunt id non temp","sunt minim","eiusmod cillum fugiat ex","laborum adipisicing eiusmod ulla","do ut cupidatat excepteur nostru","cupidatat adipisicing eiusmod","proident nostrud et aliqua"}', DEFAULT, DEFAULT), ('d625f518-4ec3-51e2-95c0-6cf965668d68', '7b09592d-b146-5ee2-9db5-3683955196d6', 18, 'public', 'Wave Management Plan', '{}', DEFAULT, DEFAULT), ('66b76653-1cc5-50ef-a109-c059c945f253', '262a78c7-eb9d-5e1a-8e58-41ecb0c31fbd', 19, 'private', 'Team Fight Execution Plan', '{"enim","nulla mollit pariatur","dolore id ad magna sunt"}', DEFAULT, DEFAULT), ('a6dbcc80-e965-5682-9448-6a65a83787b3', 'b134c4e5-3e41-53b3-bf3f-7f4cf023e9d7', 11, 'public', 'Roaming Support Plan', '{"laborum deserunt","incididunt fugiat ullamco sit","culpa occaecat elit deserunt ex","consequat magna eiusmod sit","laborum cillum amet","culpa labore","qui culpa","et"}', DEFAULT, DEFAULT), ('c4d9fc37-aa2c-5cf4-8cef-779723958882', '34a6eefa-de0a-5b54-8950-76863d1d5290', 19, 'unlisted', 'Vision Control Blueprint', '{"laborum esse anim id Lorem","Lorem qui voluptate voluptate","incididunt eiusmod","veniam voluptate culpa officia o"}', DEFAULT, DEFAULT), ('cbdcc83c-77a1-5d75-ace8-183321930672', '17ec9179-4e96-5f11-9df0-6e4c2363b3ee', 13, 'private', 'Map Control Blueprint', '{"proident consectetur cupidatat e","labore officia velit"}', DEFAULT, DEFAULT), ('46b593cf-05b9-5316-ba74-ef4cf062dcc9', '4da5a34b-d621-539d-93ed-4bd842601284', 15, 'unlisted', 'Vision Control Blueprint', '{"aliqua cupidatat","duis qui cupidatat","incididunt occaecat irure Lorem ","enim non ea","consequat"}', DEFAULT, DEFAULT), ('1770dbe6-c529-520b-a36c-454b023ccb2c', '5783cab4-e010-523b-b893-81b388f43d06', 16, 'public', 'Roaming Support Plan', '{"nisi exercitation aliquip","culpa fugiat nulla","id ullamco nulla nulla","mollit esse cillum esse","elit ipsum","velit ea occaecat Lorem"}', DEFAULT, DEFAULT), ('65973815-006c-531b-b69f-bd5d086f7786', 'deab978c-4953-507c-b4fb-f509dd35f454', 18, 'unlisted', 'Wave Management Plan', '{"ea ullamco dolore ut","commodo mollit pariatur"}', DEFAULT, DEFAULT), ('0cd413aa-1a82-5832-9edb-17fd5c059a41', '29b47b7e-4cec-5d5a-b93d-172770b57ed6', 20, 'private', 'Vision Denial Blueprint', '{"minim aliqua aute incididunt","quis ea dolore","consequat","enim laborum reprehenderit labor"}', DEFAULT, DEFAULT), ('5153bc7b-cd04-5c5e-83e9-7b7a5a1390e6', '290e51c6-7ff6-5db4-8f40-69dda051b66c', 14, 'public', 'Roaming Support Plan', '{"cillum adipisicing est adipisici"}', DEFAULT, DEFAULT), ('bd276dfa-2ddb-52c7-9feb-6d2cc281335e', '95f6e66b-0348-54f6-ae25-2030a33390b2', 12, 'private', 'Map Control Blueprint', '{"elit non culpa","anim aliqua sit cupidatat","ea eu elit","ullamco ullamco laboris","non eiusmod incididunt","duis nostrud","dolore dolore","sint ullamco nisi proident fugia","veniam consectetur ullamco ex"}', DEFAULT, DEFAULT), ('12cafb5f-6adc-5f24-a738-9455dde3eb2a', '5da40fc6-2f9c-5273-8dcd-1032d525128a', 12, 'public', 'Wave Management Plan', '{"culpa adipisicing","est tempor ut","dolore fugiat","eiusmod occaecat duis","qui elit tempor eiusmod nostrud","sunt nisi","ullamco quis"}', DEFAULT, DEFAULT), ('e017f166-fa51-5fb5-af86-6fc41cad9674', '096adf71-c74e-5b77-822b-46a8768797c5', 12, 'private', 'Secure Objective Playbook', '{"culpa minim laborum","laboris eiusmod","duis sint"}', DEFAULT, DEFAULT), ('544f27bb-a8e9-5b6b-8ec7-f1cfe91406e2', '94daea14-9b93-5933-9044-5ccc1eb32f8f', 15, 'public', 'Wave Management Plan', '{"aliqua","elit irure minim"}', DEFAULT, DEFAULT), ('a704d0a7-ee9e-5aa5-bba9-aff3556d41a2', 'b576de0c-954e-5345-a9e7-0d691c52341a', 15, 'private', 'Wave Management Plan', '{"ipsum cupidatat culpa cupidatat","magna magna","non","nulla in aliquip nostrud dolor","nulla pariatur","consectetur id reprehenderit eu","consequat sint ut"}', DEFAULT, DEFAULT), ('a758f3b0-169f-56a9-80db-acb9f3972464', 'a5e6c58e-54df-5943-b1b7-463c2ae0fb74', 12, 'public', 'Defensive Turtle Tactics', '{"sunt veniam","anim"}', DEFAULT, DEFAULT), ('1ebb07c2-9cc9-56df-b9e3-71837bafdca1', 'f8fbdff1-11b4-54fa-ab90-292d82d3d353', 15, 'unlisted', 'Early Game Dominance Guide', '{"culpa irure proident","nostrud occaecat cillum","amet elit","nulla in","magna aute"}', DEFAULT, DEFAULT), ('217c4ba5-3ca5-503f-8fcd-2cf91341f163', 'eda91f04-12ef-5904-88aa-e6ed9a692e03', 19, 'public', 'Vision Control Blueprint', '{"proident exercitation","pariatur laboris consequat","amet minim","laborum culpa","amet proident et laborum esse","esse ad"}', DEFAULT, DEFAULT), ('63c64b00-d130-5928-b403-258ebdb17248', '1d01e569-eec7-553a-916b-70c8b1d0f9ec', 19, 'private', 'Early Game Dominance Guide', '{}', DEFAULT, DEFAULT), ('0deb1a0e-8f26-576f-af23-e26ef824ea0b', 'cd1520c4-af17-5e1e-b5b0-a9e95f36a7c4', 20, 'unlisted', 'Split Push Blueprint', '{"non non","tempor qui","do ullamco labore eiusmod ut","fugiat enim","id ut ullamco incididunt","dolor minim nisi exercitation","mollit amet fugiat laborum","ex non"}', DEFAULT, DEFAULT), ('924718ca-0525-5af0-b71a-2560f2cc09a0', 'b32027db-33da-5dc2-b906-e0c2a06ac683', 18, 'public', 'Map Control Blueprint', '{"irure est ipsum","do"}', DEFAULT, DEFAULT), ('877842c0-f0dc-575b-a7ad-30915aaaeebe', '960932a7-c474-5ba2-97bb-0581aeeca485', 12, 'private', 'Secure Objective Playbook', '{"magna fugiat enim consequat"}', DEFAULT, DEFAULT), ('ebce0b2a-b558-5f18-bddc-2af385fe3118', '203ac13e-e5b1-548e-a7da-5d8cff932053', 15, 'unlisted', 'Baron Control Strategy', '{"ullamco ea ex","ut aliqua esse pariatur nisi","aute"}', DEFAULT, DEFAULT), ('67f00577-22b1-541a-b8eb-43f4241ec322', '830a4bb5-d929-5c1b-94fc-74a53795cc52', 12, 'private', 'Objective Focused Strategy', '{"sunt irure eu adipisicing nulla"}', DEFAULT, DEFAULT), ('5c1d9b7d-9f54-545c-ae19-f60dd5ff1d25', '2190cc4c-2cc5-5f9f-983d-55f70f31e468', 13, 'unlisted', 'Aggressive Rush Strategy', '{"aliqua officia ad","proident do ipsum","nostrud veniam","sint","laborum eu irure","pariatur nulla","non ad aliquip","et occaecat sunt","et laboris culpa","ipsum fugiat nostrud amet ex"}', DEFAULT, DEFAULT), ('339c2395-3fcf-5f3b-90ec-90611b01fa37', '203ac13e-e5b1-548e-a7da-5d8cff932053', 15, 'public', 'Early Game Dominance Guide', '{}', DEFAULT, DEFAULT), ('3e26da35-99ab-5fee-95a6-ca3120af490b', '2764351d-73bf-5124-a613-660cd57f91dd', 19, 'unlisted', 'Vision Control Blueprint', '{"quis eiusmod","eu consequat eu do"}', DEFAULT, DEFAULT), ('540a4921-798c-58f1-8dda-fbb9b912bb43', '28a1ca86-fc34-5d5b-bda6-792b581f58de', 20, 'unlisted', 'Vision Denial Blueprint', '{"laboris","eiusmod veniam","commodo nulla id nostrud","sit et quis ad"}', DEFAULT, DEFAULT), ('81b847bf-bc05-538e-bdc5-721f48634b78', '626028b2-23d2-53a4-aca9-9c9cc4158e30', 12, 'unlisted', 'Gank Heavy Approach', '{"et velit excepteur id","quis culpa","eu sunt laboris sit","anim esse non anim","officia culpa enim enim ex","et minim","anim esse ea nulla culpa","eiusmod","consectetur proident voluptate"}', DEFAULT, DEFAULT), ('2c9d2493-4412-5eae-aa39-69858c4bfd99', '6451b879-16d7-5644-b6b9-87dd18b3facf', 18, 'private', 'Gank Heavy Approach', '{"ipsum excepteur elit elit","ea","cillum eiusmod nisi minim tempor","do sit est fugiat cupidatat","sit ut magna velit"}', DEFAULT, DEFAULT), ('51ef9256-0eab-579a-868b-52c27ddf10e9', '01807616-77b8-51e2-9a97-d85b00b2c474', 14, 'unlisted', 'Early Game Dominance Guide', '{"tempor sit"}', DEFAULT, DEFAULT), ('d6ceb82b-4af2-5d8a-96c1-8d6a9db93a31', '5034bc4f-306f-5e76-8ef2-99198efc3a69', 12, 'public', 'Aggressive Rush Strategy', '{"enim cillum eiusmod","voluptate nostrud","quis","irure ad velit","ea est minim","est culpa cillum minim","voluptate","adipisicing eiusmod sint","aliqua nulla irure"}', DEFAULT, DEFAULT), ('01ae0a36-6172-5c0a-baff-6c1805e0976a', 'd1dc8a74-c651-5dbd-b484-1cd2c51db9b9', 19, 'public', 'Wave Management Plan', '{"excepteur exercitation"}', DEFAULT, DEFAULT), ('df70af8b-9578-5bd7-9fd6-02ad92eaedca', '6adbfe77-3519-54e6-9e12-eef5b2e20ee7', 19, 'unlisted', 'Gank Heavy Approach', '{"ut commodo","ipsum sit mollit velit","Lorem aute pariatur in","eiusmod mollit aute","dolor enim","commodo culpa nostrud magna cons"}', DEFAULT, DEFAULT), ('82fca927-01aa-5c29-8d7a-7a868f9ba6ea', 'd297ab9e-40d4-51b5-bb8f-a1df399f1a9a', 15, 'public', 'Rotation Strategy Document', '{"sint eiusmod pariatur","aute nisi","enim ea est et ex","velit esse","id veniam","pariatur Lorem nisi","magna exercitation","laborum aliqua enim cillum","elit in"}', DEFAULT, DEFAULT), ('4e5550d4-d39a-56c3-8f19-971fdeeb787e', 'a88bc9b9-135e-55c7-8c4c-5a072a3c8573', 14, 'unlisted', 'Vision Denial Blueprint', '{"veniam duis","culpa elit adipisicing","proident minim","est deserunt adipisicing","commodo eiusmod fugiat"}', DEFAULT, DEFAULT), ('83ec5ac5-8c23-5e38-8151-36af62098fff', '380f1bbd-f6c8-5306-af3f-7d7fa746bde0', 11, 'private', 'Siege Tactics Handbook', '{"eu nisi magna","cillum id"}', DEFAULT, DEFAULT), ('d1996167-52fb-5e4a-b849-75efada773e6', '5e5a298d-faa5-525e-b761-9586e7925c91', 13, 'unlisted', 'Defensive Turtle Tactics', '{"laboris sit labore officia sint","cupidatat laboris consectetur ma","qui exercitation"}', DEFAULT, DEFAULT), ('1818e464-6a87-5266-8677-c069741c3ab2', '34a6eefa-de0a-5b54-8950-76863d1d5290', 17, 'unlisted', 'Vision Control Blueprint', '{"id mollit ea","aute laboris officia","ex dolore","cillum ullamco dolor","laboris esse incididunt veniam","nisi ut","non et eu anim","reprehenderit consequat irure al"}', DEFAULT, DEFAULT), ('13ebb239-29e1-53ff-93b0-d55e3db05a11', '01bb02e3-6d00-5b11-ba00-2f6b060dfb2e', 11, 'unlisted', 'Baron Control Strategy', '{"tempor consequat","adipisicing magna qui","ad elit","fugiat proident laboris culpa","aliqua","proident non","commodo aliquip eu sint","in dolore laborum eu"}', DEFAULT, DEFAULT), ('a0a63713-f2dd-56aa-98a3-f6a26bcae5b9', '882c7ae5-914f-539d-8207-691de536097f', 20, 'unlisted', 'Jungle Control Playbook', '{"do","irure"}', DEFAULT, DEFAULT), ('4029bbad-86a6-5e60-a150-da0664c62b92', '9af6e0ef-7015-5390-856a-705032c2e40e', 12, 'private', 'Team Fight Execution Plan', '{"proident nostrud","nisi duis","ullamco consectetur occaecat com","magna velit qui nulla sunt","ea","ad adipisicing ipsum esse","elit et labore laborum cillum"}', DEFAULT, DEFAULT), ('6636a6a8-3a2d-5862-bb24-3e77bffdb640', '7f78fee3-dd27-5696-858f-318bd4cbf2a8', 18, 'private', 'Wave Management Plan', '{"mollit pariatur enim officia qui","anim id voluptate eiusmod","adipisicing","amet eu do","excepteur commodo mollit proiden","incididunt","aliquip cupidatat irure eiusmod ","aliquip labore est","dolore aliquip commodo consectet","adipisicing ipsum proident amet"}', DEFAULT, DEFAULT), ('4ba85443-f89e-5d68-8d4a-da572969b0dd', '853509f0-6836-5fa7-87f2-fb0a9a8766d2', 19, 'public', 'Split Push Blueprint', '{"consectetur duis","ea","laborum excepteur","cupidatat enim","excepteur reprehenderit mollit o","est elit minim enim"}', DEFAULT, DEFAULT), ('55fbf0ae-1fd2-57d5-9884-2ceca8eef8f3', '72d3531d-c972-50b3-9ba4-89c7e7226754', 13, 'unlisted', 'Team Fight Execution Plan', '{}', DEFAULT, DEFAULT), ('c91a5204-a47c-5f58-8042-f917f2facb4b', '1716ac71-f35f-52a7-acdc-316247462f37', 19, 'public', 'Late Game Scaling Strategy', '{"nulla tempor veniam ullamco eius","commodo est","officia cillum consequat proiden","occaecat non laboris"}', DEFAULT, DEFAULT), ('fdca53a8-e101-5585-90b8-82f7d3c1fc24', '95c65795-b9a1-572f-87ae-6fa70b020fbb', 19, 'public', 'Jungle Control Playbook', '{}', DEFAULT, DEFAULT), ('a76c18ad-af72-57b7-b165-f7757943d51e', '96b48c96-9efc-5ca4-902e-209874bfdb15', 19, 'unlisted', 'Jungle Control Playbook', '{"velit ad occaecat","amet nostrud sint proident","laborum deserunt nisi voluptate "}', DEFAULT, DEFAULT), ('bf7ffe87-c4e2-5aa1-86f7-2fdfa8315ff6', '1d3f740a-8c60-5c1d-aa9e-3854a33c8e1d', 14, 'unlisted', 'Gank Heavy Approach', '{"veniam proident deserunt","voluptate","minim tempor reprehenderit ut ip"}', DEFAULT, DEFAULT), ('764f06ba-b246-5c62-8e43-89fe991c749d', 'f754848a-9cd5-551c-9bb4-aa81e33b42af', 15, 'public', 'Secure Objective Playbook', '{"aliqua sit","aliquip do esse sunt","ad eiusmod labore"}', DEFAULT, DEFAULT), ('229d48f9-9e17-5f91-bd2c-3f3cdbae28c1', 'd1b8f3f8-af26-5088-8712-273c28ba98f7', 18, 'public', 'Counter Pick Blueprint', '{"cupidatat anim adipisicing fugia","irure cillum","aliqua","qui id commodo laborum","duis qui magna","fugiat ad pariatur enim","ullamco occaecat","esse aliqua aliquip elit","adipisicing enim"}', DEFAULT, DEFAULT), ('505fdba9-c563-5897-bd99-f3fd7e6efb10', '2f76c526-de17-58f1-a75e-aee239f7ed57', 13, 'private', 'Map Control Blueprint', '{"eiusmod","nisi minim consequat","adipisicing sit id pariatur veni","cupidatat","tempor dolor","laborum duis duis","pariatur cupidatat cupidatat","culpa enim duis","deserunt magna"}', DEFAULT, DEFAULT), ('ad47e58b-6404-5eb4-b01c-1ab02b3af226', 'cd1520c4-af17-5e1e-b5b0-a9e95f36a7c4', 19, 'private', 'Gank Heavy Approach', '{"voluptate enim proident deserunt","nisi elit","laboris nisi","occaecat ea sint pariatur offici","exercitation aliquip","ut veniam eu mollit","est veniam in","laboris est veniam labore","sunt mollit voluptate amet dolor","dolore eiusmod proident"}', DEFAULT, DEFAULT), ('4ae4f149-a1da-5a76-913f-5ea02c87f4e0', '6c3f6730-2b1a-5e27-97de-caacad0bb1a5', 13, 'unlisted', 'Counter Pick Blueprint', '{"non dolore","dolore fugiat","nostrud reprehenderit ex duis es","qui qui Lorem cillum","ipsum laboris","ut exercitation cillum","deserunt fugiat Lorem ipsum","proident ad pariatur"}', DEFAULT, DEFAULT), ('a85217e5-f8d6-5dd0-996b-8464fa1021ff', 'd6d652bf-48a5-5a85-a95d-16c25edc5397', 19, 'public', 'Counter Pick Blueprint', '{"proident mollit velit culpa"}', DEFAULT, DEFAULT), ('b21411a7-0afc-5cf3-81fc-471ab95f5d8d', '8d3f145b-67b0-504d-b49a-d59ecea5d2d8', 18, 'unlisted', 'Vision Denial Blueprint', '{"officia ullamco voluptate sint"}', DEFAULT, DEFAULT), ('d37fd98f-746a-582e-a0fc-de28d96e48c5', 'c801d235-e02a-5267-8201-eecb86948b65', 11, 'public', 'Siege Tactics Handbook', '{"deserunt ut in est","anim id minim do tempor","mollit aute ipsum","qui duis consectetur sint","esse","Lorem reprehenderit enim reprehe","cillum nisi minim"}', DEFAULT, DEFAULT), ('2dc53ff7-923f-50df-a732-82b60afbba2f', '8891aca3-b326-5a45-a77b-46ff3fd96d49', 18, 'unlisted', 'Roaming Support Plan', '{"sint cupidatat exercitation","veniam ipsum proident excepteur"}', DEFAULT, DEFAULT), ('f9690101-a16f-5108-b391-78c9dba8aeee', '8d3f145b-67b0-504d-b49a-d59ecea5d2d8', 16, 'unlisted', 'Late Game Scaling Strategy', '{"ipsum Lorem fugiat","do aute consectetur","reprehenderit est eiusmod","deserunt nulla laboris nisi","eu ex aliquip","aliqua exercitation pariatur ven"}', DEFAULT, DEFAULT), ('7441a375-e1c1-5111-b299-b73d6da10ca2', '731b24f8-f083-56fc-9161-1fd32dcd58d0', 12, 'unlisted', 'Vision Denial Blueprint', '{"voluptate magna eu laborum esse","dolor laborum consequat","ipsum aliquip nostrud","voluptate adipisicing quis","aliquip ut eu","fugiat"}', DEFAULT, DEFAULT), ('ca1d2bcf-5a98-5759-81b6-75e3ed47122a', '95c65795-b9a1-572f-87ae-6fa70b020fbb', 12, 'private', 'Objective Focused Strategy', '{"laborum consectetur fugiat","culpa quis eu","ut sit mollit"}', DEFAULT, DEFAULT), ('77b1dab4-a856-5c18-bb24-053f8869bc5b', 'a9752d0c-ade4-58c6-b746-1b9df56a3d08', 14, 'private', 'Rotation Strategy Document', '{"duis non dolor velit","consequat quis deserunt","in esse tempor amet"}', DEFAULT, DEFAULT), ('08b3c695-d6fb-54e4-9ef2-bf508a57adc1', 'e06c10f9-a674-5092-b6f9-89c60162f0bb', 16, 'public', 'Aggressive Rush Strategy', '{"sit veniam et","non elit magna Lorem tempor","non ut nostrud sunt"}', DEFAULT, DEFAULT), ('7dc16d02-274a-5e7f-bc31-6af29982313f', '5783cab4-e010-523b-b893-81b388f43d06', 17, 'private', 'Late Game Scaling Strategy', '{"occaecat pariatur non","nulla magna","officia eu","duis magna incididunt quis","culpa consequat pariatur veniam"}', DEFAULT, DEFAULT), ('acad405c-f8e9-559b-bd11-e0ffc3bebca6', '1716ac71-f35f-52a7-acdc-316247462f37', 11, 'unlisted', 'Siege Tactics Handbook', '{"ea culpa esse incididunt","reprehenderit nisi","proident laboris sint"}', DEFAULT, DEFAULT), ('16d95573-87cd-5d45-be45-e8a020ba40ac', '7f78fee3-dd27-5696-858f-318bd4cbf2a8', 11, 'private', 'Counter Pick Blueprint', '{"qui consectetur","mollit sit","irure fugiat reprehenderit labor"}', DEFAULT, DEFAULT), ('5a993b43-eca0-563f-b6c9-fdd440759e85', '47e5d6a1-6a7c-5068-97e6-b73d6f3b47c1', 15, 'unlisted', 'Team Fight Execution Plan', '{"anim sit","proident","ullamco aliquip","laboris reprehenderit cupidatat ","ex velit laboris","est","cillum nostrud deserunt esse","laborum irure","quis labore sunt enim"}', DEFAULT, DEFAULT), ('f7bfc2c8-d52a-5806-97fd-77bd67d93b23', 'a9072b83-7976-58e9-a9c4-45664532f42e', 13, 'unlisted', 'Counter Pick Blueprint', '{"laboris culpa voluptate","et officia proident magna proide","consectetur nulla"}', DEFAULT, DEFAULT), ('748d5a8c-f2bf-5974-9c72-24f98b85813b', '7b09592d-b146-5ee2-9db5-3683955196d6', 12, 'private', 'Defensive Turtle Tactics', '{"ad deserunt nisi fugiat","magna consequat","sint","veniam consequat incididunt"}', DEFAULT, DEFAULT), ('808d9117-ba04-5cb0-8827-639e2642b0ee', 'c97097d9-c6b8-5a50-931a-369c86f1535e', 18, 'public', 'Team Fight Execution Plan', '{"est est sit consequat est","nisi incididunt elit tempor labo","sint","nulla irure","aute elit","duis nulla ad","ad non officia est","pariatur laborum","aute excepteur culpa culpa","adipisicing officia"}', DEFAULT, DEFAULT), ('e0185351-5b08-58b2-bd3e-c09965750112', '1497705a-df0e-5f8d-988d-61adba7199e0', 19, 'public', 'Roaming Support Plan', '{"id deserunt excepteur minim","anim tempor"}', DEFAULT, DEFAULT), ('993f7ab3-9b54-5771-a99e-0c6d75a1f37d', '94170f3d-888c-58bc-bc18-13592bfb52c5', 14, 'unlisted', 'Late Game Scaling Strategy', '{"veniam duis fugiat","aute","eiusmod magna duis et","esse dolore aliqua","pariatur et eu non","do officia aliquip"}', DEFAULT, DEFAULT), ('bdb5114a-76d3-5fe4-944c-043e7ebd99da', '7a86b477-8922-5c78-85b7-47a44d6877c0', 18, 'public', 'Baron Control Strategy', '{"commodo do","consectetur consectetur","ipsum ad cupidatat","deserunt proident","mollit nostrud ea reprehenderit"}', DEFAULT, DEFAULT), ('aa4964a1-4611-5528-9df9-ef170866214f', 'e5d977c2-2a0e-5703-8ee9-4796e3967ae0', 13, 'unlisted', 'Baron Control Strategy', '{"proident in dolore qui irure","Lorem est"}', DEFAULT, DEFAULT), ('ec14513a-7d3c-5172-b68b-d531791ec9de', 'ba60341e-ffca-5a8d-85d2-58afc6ff269c', 17, 'private', 'Aggressive Rush Strategy', '{"ut sint","magna aute commodo","eiusmod cillum"}', DEFAULT, DEFAULT), ('a0f81f50-aa3d-5780-b485-a54fb7b7833a', '01bb02e3-6d00-5b11-ba00-2f6b060dfb2e', 20, 'private', 'Team Fight Execution Plan', '{"eiusmod elit officia dolor","reprehenderit","ex ad","quis dolor elit","culpa commodo sint non reprehend","Lorem eiusmod occaecat"}', DEFAULT, DEFAULT), ('aabd5608-e04b-5bd8-8d75-d004a1b17409', '262a78c7-eb9d-5e1a-8e58-41ecb0c31fbd', 20, 'unlisted', 'Objective Focused Strategy', '{"nisi laborum","nisi sit","mollit non ut qui nisi","officia laboris","elit","eiusmod","commodo duis ullamco excepteur"}', DEFAULT, DEFAULT), ('7bcc2b79-de31-5963-9cfd-559af77da3be', 'e06c10f9-a674-5092-b6f9-89c60162f0bb', 18, 'unlisted', 'Wave Management Plan', '{}', DEFAULT, DEFAULT), ('b4293a01-a1be-5e58-a088-abc550c9f820', 'ac772386-a452-5d18-88c7-396c2a71eb0b', 14, 'private', 'Early Game Dominance Guide', '{"ipsum sint","sunt laboris consequat mollit","aliqua id cillum"}', DEFAULT, DEFAULT), ('a97e2960-b385-5f99-88c2-9e562f32234e', '6653ef95-0532-561d-a71b-05f5c1bc302b', 17, 'public', 'Team Fight Execution Plan', '{"dolore esse labore ipsum fugiat","Lorem in laboris","voluptate minim","proident eiusmod","dolore sunt","officia et nisi","duis aliqua aliquip","excepteur eu id proident","commodo"}', DEFAULT, DEFAULT), ('db39a462-f36a-54ba-b38e-2fcf35273cba', 'cd7c291a-6d6e-5632-91e5-b7fd7a634d7d', 13, 'private', 'Counter Pick Blueprint', '{"adipisicing ipsum officia ullamc","aliqua consequat et","magna laborum id consequat","reprehenderit est esse occaecat","voluptate ad voluptate officia"}', DEFAULT, DEFAULT), ('35dc016a-9edc-565d-923e-9bee9a60bd24', '92ce3cad-bd68-55a2-9017-d27d51e2e007', 14, 'public', 'Siege Tactics Handbook', '{"eu aute irure","veniam sit aute culpa ullamco","ullamco nulla eu pariatur","aliquip minim Lorem aliquip","velit aliquip sint cillum in","sunt id duis in"}', DEFAULT, DEFAULT), ('61e4dc6c-b183-5c81-91cb-8dc622fd6913', '897e7fb9-bd9c-59e3-afc7-d1c31ec7ef34', 12, 'unlisted', 'Siege Tactics Handbook', '{"nostrud exercitation cillum aliq"}', DEFAULT, DEFAULT), ('b5df5eae-45e8-5f54-a8f9-351afabf5f65', '756cbb59-27d6-58f3-b4b9-8b56121e683f', 19, 'unlisted', 'Rotation Strategy Document', '{"laborum consectetur","id aliqua sint","occaecat amet irure consectetur","do","ad anim incididunt","ullamco occaecat sit","ipsum ipsum","est nulla pariatur duis","mollit cillum veniam"}', DEFAULT, DEFAULT), ('18aa22db-700e-5a8a-892c-5bf7b7da1bbf', '1d3f740a-8c60-5c1d-aa9e-3854a33c8e1d', 12, 'public', 'Aggressive Rush Strategy', '{"mollit ea enim nisi","ad anim aliqua voluptate","mollit reprehenderit fugiat in","nostrud nisi deserunt nostrud","Lorem aute","cillum sit laboris nulla","excepteur ullamco"}', DEFAULT, DEFAULT), ('7c9a7a2f-bf97-5fb7-9ff3-bb3e363fce60', '2da447ba-d0f6-5d62-becb-584cd208c558', 12, 'unlisted', 'Gank Heavy Approach', '{"tempor ea incididunt reprehender","officia consequat non","reprehenderit enim commodo"}', DEFAULT, DEFAULT), ('93216013-7bd8-59b1-a3f0-b1087d4d7f00', 'd9bba68a-079c-5141-bd43-756b87167584', 17, 'public', 'Secure Objective Playbook', '{"tempor adipisicing aliquip aliqu","id enim","aliqua laboris magna Lorem","dolore amet"}', DEFAULT, DEFAULT), ('3e057cf2-df3a-50e5-82fa-e2dcf87ebd5a', '2190cc4c-2cc5-5f9f-983d-55f70f31e468', 13, 'public', 'Secure Objective Playbook', '{}', DEFAULT, DEFAULT), ('e3f5f266-44d3-5096-b897-56678a5f974b', 'f754848a-9cd5-551c-9bb4-aa81e33b42af', 20, 'private', 'Vision Denial Blueprint', '{"enim anim aliqua","minim","voluptate"}', DEFAULT, DEFAULT), ('ffbcf0c1-44bb-549f-ba50-18e1e874a611', 'e4de1a09-bd9a-5e42-b92c-2cb1af28bec6', 13, 'private', 'Counter Pick Blueprint', '{"velit eu","consequat est esse dolore","Lorem mollit"}', DEFAULT, DEFAULT), ('c4f414cf-451e-5497-88db-62020e3a0dc5', 'd19db439-c7e7-53a7-aa19-0db346180dc1', 12, 'private', 'Baron Control Strategy', '{"deserunt ullamco","est fugiat","esse aute aliquip est","nisi culpa occaecat","reprehenderit proident occaecat","ad ipsum laboris anim","culpa sit labore"}', DEFAULT, DEFAULT), ('a109823a-0d02-5064-b8ef-3186d6d08cb0', '672ad514-6b43-58ed-b7aa-f70ed34485d9', 11, 'private', 'Aggressive Rush Strategy', '{"et fugiat Lorem","eu velit eiusmod ex","ad commodo","dolore sit id enim"}', DEFAULT, DEFAULT), ('3e4b1eac-b214-5aaa-a7f0-29af8a5b2ce9', '5e5a298d-faa5-525e-b761-9586e7925c91', 11, 'public', 'Rotation Strategy Document', '{"veniam non","dolore magna","labore voluptate sint proident","Lorem laborum","mollit","ullamco et dolore","esse commodo ipsum veniam","sint consectetur non reprehender","irure Lorem sit sit"}', DEFAULT, DEFAULT), ('72819b1c-0a2a-5e86-b5bc-5741c2854f96', '203ac13e-e5b1-548e-a7da-5d8cff932053', 12, 'private', 'Split Push Blueprint', '{"Lorem ullamco veniam est","anim","elit voluptate","sunt dolore","ullamco anim","officia Lorem reprehenderit","sunt excepteur et non sunt","labore officia excepteur","do nulla voluptate","aute proident commodo proident"}', DEFAULT, DEFAULT), ('b5d7b26a-56f4-59fc-853e-1a1306ab6e95', '380f1bbd-f6c8-5306-af3f-7d7fa746bde0', 13, 'public', 'Objective Focused Strategy', '{}', DEFAULT, DEFAULT), ('29365629-31e8-5e53-b1ae-ffdad1c2009e', '549980e7-3e77-5d76-b263-84664d04b209', 14, 'unlisted', 'Jungle Control Playbook', '{"voluptate laborum","proident sit anim aliquip","minim elit eiusmod","excepteur aliqua pariatur sunt","ad adipisicing aute","voluptate in laboris eu","do in ullamco"}', DEFAULT, DEFAULT), ('ef9b1028-31e2-59d9-a64e-2a4d1686e96e', '92ce3cad-bd68-55a2-9017-d27d51e2e007', 20, 'unlisted', 'Objective Focused Strategy', '{"sit eiusmod magna do voluptate","elit incididunt qui irure id","adipisicing deserunt aliqua","nulla commodo irure","sit ad eiusmod et"}', DEFAULT, DEFAULT), ('51f9c2fa-a6a8-5d1e-9ef8-efb89c34ee1c', 'eecf8a7e-af2f-524d-a645-c5fba3ebda06', 19, 'private', 'Split Push Blueprint', '{"velit","non ad eiusmod ea","eu pariatur irure magna","nulla fugiat irure eiusmod","aliquip consectetur","eu aute voluptate ipsum mollit"}', DEFAULT, DEFAULT), ('930338c0-ea8e-56fc-b2df-a68255a6182c', '5cdb9712-16b6-532e-9cc7-8cf7dfbe9b6b', 17, 'private', 'Aggressive Rush Strategy', '{"adipisicing"}', DEFAULT, DEFAULT), ('14f0b4c0-9d33-5d68-85ae-cc3d31b6b19e', '91fa3874-9437-5dfa-a49a-f19fb38d9e92', 16, 'public', 'Jungle Control Playbook', '{"ipsum exercitation Lorem sunt te","elit proident ut labore","sunt amet ut consequat","eu veniam duis sint labore"}', DEFAULT, DEFAULT), ('7c51f66f-cf81-571f-a65c-f571f1f39cc9', '1d01e569-eec7-553a-916b-70c8b1d0f9ec', 20, 'private', 'Roaming Support Plan', '{"ut est ex nostrud ex"}', DEFAULT, DEFAULT), ('764b9b2a-d477-5bff-a789-cba064ac71f8', '3dbd7acc-a0c5-5607-8378-ec8dc206b269', 14, 'public', 'Vision Control Blueprint', '{}', DEFAULT, DEFAULT), ('1125d49b-2ad6-5500-bd14-7e0649f5dd73', 'f754848a-9cd5-551c-9bb4-aa81e33b42af', 12, 'unlisted', 'Team Fight Execution Plan', '{"fugiat ex nulla ea","minim","fugiat","pariatur mollit proident deserun"}', DEFAULT, DEFAULT), ('de1d5557-45c4-5747-8c2d-f8c09704db25', 'a6ea6199-2a1a-56d4-b12a-1bf7d32d154c', 13, 'private', 'Baron Control Strategy', '{"occaecat aute","aute tempor"}', DEFAULT, DEFAULT), ('dc2759a8-51ca-575d-9678-0ac64e900648', '2da447ba-d0f6-5d62-becb-584cd208c558', 20, 'private', 'Late Game Scaling Strategy', '{}', DEFAULT, DEFAULT), ('8c0ef303-3ae4-5fe5-b0be-ef1788ae8707', 'df625f4d-0fe2-599a-b1d3-13232701e19f', 12, 'public', 'Vision Control Blueprint', '{"dolore ut incididunt tempor","eiusmod qui proident dolor","ullamco laborum sint","amet ad in ullamco","minim laborum","sint dolore laboris laboris","exercitation pariatur laboris"}', DEFAULT, DEFAULT), ('ddd094e1-b8f4-560e-b960-af5227a9b337', 'cd42da7d-ec75-53b3-9aad-015766f58921', 14, 'unlisted', 'Map Control Blueprint', '{"aliqua proident","tempor incididunt","nostrud officia excepteur in","velit est ex do et","consequat do ut","irure excepteur fugiat consequat","dolor non","incididunt amet exercitation","eiusmod"}', DEFAULT, DEFAULT), ('4bd93d1d-9da0-508d-a30a-5cd1fe2e858d', '95c65795-b9a1-572f-87ae-6fa70b020fbb', 12, 'public', 'Baron Control Strategy', '{"proident qui sit voluptate","magna est","enim aliquip officia","dolor in tempor","ad consectetur consequat","eu ipsum cillum","amet sint","consequat sunt adipisicing ipsum","culpa et","veniam velit"}', DEFAULT, DEFAULT), ('2d25022b-866c-584e-895d-11b8a727c08f', '5ef5a669-7ca0-5a58-879f-c84c6abe3657', 18, 'public', 'Jungle Control Playbook', '{"consequat proident cupidatat pro","laborum cupidatat eu","sunt id","irure labore incididunt","sit","anim pariatur ex"}', DEFAULT, DEFAULT), ('8d4a5d0e-3ef8-5e54-ac1b-6a14acb1ad0e', '495c6cc5-490c-50dd-b1c5-aaf0110ec764', 19, 'private', 'Team Fight Execution Plan', '{"nostrud"}', DEFAULT, DEFAULT), ('6b889196-1556-5eef-89c0-e7506a0ca45b', '2da447ba-d0f6-5d62-becb-584cd208c558', 11, 'public', 'Baron Control Strategy', '{"exercitation mollit ea sit","sint minim","minim minim elit","magna esse Lorem","non cillum voluptate","velit et et duis nulla","deserunt ipsum ad","mollit sit deserunt","commodo proident tempor voluptat","deserunt minim"}', DEFAULT, DEFAULT), ('e6b5025c-d432-567c-bc94-e80f642225ff', 'd19db439-c7e7-53a7-aa19-0db346180dc1', 17, 'public', 'Aggressive Rush Strategy', '{"exercitation laboris","adipisicing","esse pariatur esse exercitation","id sit ut","nostrud anim","labore Lorem velit laboris irure"}', DEFAULT, DEFAULT), ('4d0eaa15-67e7-50e5-bd92-8596a8c41516', 'e4de1a09-bd9a-5e42-b92c-2cb1af28bec6', 19, 'public', 'Jungle Control Playbook', '{"deserunt","aute amet minim","non nulla sunt deserunt","et adipisicing est","dolor esse et proident","sit quis est"}', DEFAULT, DEFAULT), ('c2405ac9-0838-5ce8-a85b-e6db0fbe6c10', '34a6eefa-de0a-5b54-8950-76863d1d5290', 17, 'unlisted', 'Early Game Dominance Guide', '{"irure aliqua","fugiat aliqua","eiusmod eu","veniam sint id","eu velit fugiat aute exercitatio"}', DEFAULT, DEFAULT), ('c8df1446-9b17-5687-8ff4-001003cfca37', '29b47b7e-4cec-5d5a-b93d-172770b57ed6', 20, 'private', 'Jungle Control Playbook', '{"est","pariatur magna occaecat magna ad","fugiat sit","cupidatat adipisicing cillum lab","cupidatat labore elit aliqua et","esse voluptate est amet occaecat","veniam minim","fugiat dolor dolor dolor non"}', DEFAULT, DEFAULT), ('f706294d-163e-5aef-a517-eae489067781', '9af6e0ef-7015-5390-856a-705032c2e40e', 12, 'public', 'Counter Pick Blueprint', '{"deserunt magna deserunt","minim","quis deserunt","ut cupidatat"}', DEFAULT, DEFAULT), ('bee3d023-7908-5b1b-a6e7-320078c804bf', '7cb09c84-7471-599f-bae0-90d61a321390', 11, 'private', 'Roaming Support Plan', '{"qui","dolor"}', DEFAULT, DEFAULT), ('d607d7db-ee7a-57fa-b0f1-08a24201e561', '1e0af0c0-30ba-5a06-9647-a83cef3d815d', 16, 'unlisted', 'Objective Focused Strategy', '{"mollit","commodo aute proident","aute aute","proident ut veniam do","esse officia consequat","cupidatat aliquip minim voluptat","non occaecat sit et","commodo aliqua incididunt"}', DEFAULT, DEFAULT), ('6db5eb76-a4d8-59b2-8682-ac0a5dca423f', '626028b2-23d2-53a4-aca9-9c9cc4158e30', 15, 'public', 'Objective Focused Strategy', '{"voluptate aliqua","tempor Lorem incididunt ut","laboris sint ad","eu voluptate est cillum","proident cupidatat aute et","labore amet"}', DEFAULT, DEFAULT), ('f0859c52-737d-58da-9c95-b804668a9ae6', '96b48c96-9efc-5ca4-902e-209874bfdb15', 12, 'public', 'Gank Heavy Approach', '{"commodo ullamco","proident ullamco mollit","exercitation adipisicing occaeca","aliqua","qui voluptate duis"}', DEFAULT, DEFAULT), ('f843e0b1-5e16-5c9e-923e-e155f87b2422', '5531f3c9-2ccc-59e8-86e8-da1800808ec2', 19, 'unlisted', 'Aggressive Rush Strategy', '{"non cillum aute aliquip","amet do tempor"}', DEFAULT, DEFAULT), ('971d3e7d-1fd1-5fd1-ba3a-0a99dda2cb04', 'eb3795e9-0dc2-506f-818c-e81bf7149197', 18, 'public', 'Secure Objective Playbook', '{"nisi dolor","duis commodo reprehenderit","irure reprehenderit","nostrud non deserunt tempor","eiusmod aliqua","tempor quis"}', DEFAULT, DEFAULT), ('51c6dab5-99f7-56c9-a820-7cfc76e25abf', 'e5b4727f-be5e-52c0-83cb-cb7ba230945f', 19, 'public', 'Early Game Dominance Guide', '{"labore deserunt","laboris occaecat ipsum eiusmod","aliqua tempor"}', DEFAULT, DEFAULT), ('88430d1c-f998-5183-ac05-d06b362a058a', '305fa448-c3bf-59c7-a989-19ae69ce0725', 15, 'public', 'Map Control Blueprint', '{"qui","quis eiusmod excepteur","aliqua cillum id ipsum","magna proident deserunt"}', DEFAULT, DEFAULT), ('fc959555-d183-544e-8cf6-52532b383f25', 'ad276812-3b86-5425-b36a-d822f2860912', 20, 'private', 'Jungle Control Playbook', '{"duis","amet ipsum cupidatat"}', DEFAULT, DEFAULT), ('94935318-fc9b-5864-874e-912b663c75f7', '3a804324-748d-571a-afad-6b9c20a35337', 20, 'private', 'Defensive Turtle Tactics', '{"exercitation mollit mollit minim","eu dolore adipisicing esse","ex","reprehenderit ea"}', DEFAULT, DEFAULT), ('ea529f5a-add2-5f29-a44d-2a799c7ab051', 'a00f2df0-a74b-51ab-8311-51125014b9ef', 17, 'unlisted', 'Early Game Dominance Guide', '{"pariatur minim anim quis","eiusmod aliquip excepteur aliqua","ad nulla irure labore"}', DEFAULT, DEFAULT), ('b2bd3c17-1864-5b1f-8d71-b6fe96b48ba6', 'a9752d0c-ade4-58c6-b746-1b9df56a3d08', 14, 'public', 'Early Game Dominance Guide', '{"minim aliquip laboris qui","amet labore","ullamco irure"}', DEFAULT, DEFAULT), ('a46777c9-6f34-5718-a195-68edd93e1d42', '9a52e2af-cb63-5ab2-95a7-ae32f01d6a1c', 11, 'private', 'Split Push Blueprint', '{"enim fugiat qui veniam amet","anim pariatur","ad esse Lorem veniam","reprehenderit mollit voluptate l","nulla exercitation aliqua occaec"}', DEFAULT, DEFAULT), ('0f3df2fb-dd6e-55b9-9f86-0babb8fec748', '8926b9fd-34b2-5421-a25c-9cd89c12cad0', 14, 'public', 'Vision Control Blueprint', '{"consequat","occaecat pariatur laboris conseq"}', DEFAULT, DEFAULT), ('95bb7f47-209b-5f16-a018-19e8f23e6e16', '734282bd-df4e-5f8d-afc5-83f4c9131800', 15, 'public', 'Jungle Control Playbook', '{"id commodo velit aliquip","culpa enim veniam tempor proiden","non consectetur","qui","qui excepteur","aliqua tempor voluptate elit cil","ipsum sit irure qui","proident incididunt","amet et nulla et do"}', DEFAULT, DEFAULT), ('78959a88-41ee-5d40-85cb-71e22f4c47aa', '262a78c7-eb9d-5e1a-8e58-41ecb0c31fbd', 16, 'public', 'Jungle Control Playbook', '{"commodo est","laborum"}', DEFAULT, DEFAULT), ('a9e614f8-c87a-596e-bdaf-6e577865453e', 'b32027db-33da-5dc2-b906-e0c2a06ac683', 18, 'public', 'Siege Tactics Handbook', '{"laborum laboris irure irure culp","minim eiusmod","nostrud enim laboris"}', DEFAULT, DEFAULT), ('f80096a0-59ff-58f8-a58f-cd508cb0f33e', 'ca65e33b-de71-5d46-933a-849036127987', 17, 'public', 'Defensive Turtle Tactics', '{"cillum ipsum","sunt laboris laboris"}', DEFAULT, DEFAULT), ('a444e395-f85a-5fcf-904b-e713df3a17f6', '897e7fb9-bd9c-59e3-afc7-d1c31ec7ef34', 18, 'public', 'Siege Tactics Handbook', '{"mollit","amet laborum laboris est","in consectetur aliquip voluptate","cupidatat","commodo tempor amet","do aliqua"}', DEFAULT, DEFAULT);
INSERT INTO public.team_member_role (id,name,flags) VALUES (4, 'owner', 511), (5, 'editor', 7), (6, 'viewer', 1);
SELECT setval('"public"."team_member_role_id_seq"'::regclass, (SELECT MAX("id") FROM "public"."team_member_role"));
