INSERT INTO public.game (id,name,alias,icon,hidden,metadata,created_at) VALUES (1, 'Deserunt', 'NBA2K', 'https://svgshare.com/i/15iw.svg', 'f', DEFAULT, DEFAULT), (2, 'Est', 'NBA2K', 'https://svgshare.com/i/15iw.svg', 'f', DEFAULT, DEFAULT);
SELECT setval('"public"."game_id_seq"'::regclass, (SELECT MAX("id") FROM "public"."game"));
INSERT INTO public.team (id,name,plan_id,created_at,updated_at) VALUES ('7c2c4732-09c1-5f7b-87ca-c53e7497b4ef', 'Ad Velit Commodo', NULL, DEFAULT, DEFAULT), ('f50563b6-8532-51ec-b121-d8c6bca3e897', 'Quis Incididunt Veli', NULL, DEFAULT, DEFAULT), ('f1bf295c-195b-5a42-9c6b-5bfa14b58307', 'Duis Aute', NULL, DEFAULT, DEFAULT), ('e0eebbc8-63c9-5fee-b088-b3310b672c35', 'Laboris Duis Nostrud', NULL, DEFAULT, DEFAULT), ('1c17c04a-19f5-5c48-8b6b-48fe02257ffb', 'Incididunt Cupidatat', NULL, DEFAULT, DEFAULT), ('a2996c99-b8bb-5bf6-b789-844e821ceb82', 'Ullamco Est', NULL, DEFAULT, DEFAULT), ('5d016028-a6a3-5268-91a3-91021dbfda0a', 'Eu Velit Adipisicing', NULL, DEFAULT, DEFAULT), ('b279891e-05aa-528b-867b-dd6fe5fa77c8', 'Ex Consequat', NULL, DEFAULT, DEFAULT), ('ff53868f-9940-575d-8fa8-923808f93a53', 'Pariatur Esse', NULL, DEFAULT, DEFAULT), ('8172203a-00e7-5e0e-919b-2970e0d891df', 'Deserunt Do Quis', NULL, DEFAULT, DEFAULT), ('7b5ee10b-959f-565b-9dac-a4bab4f6c6bf', 'Laboris Ad', NULL, DEFAULT, DEFAULT), ('38400370-0369-5239-8b08-499aef0591ef', 'Culpa Labore Irure S', NULL, DEFAULT, DEFAULT), ('77394b64-1ec1-5043-8dc3-08f9200521d4', 'Ipsum Dolore Ut', NULL, DEFAULT, DEFAULT), ('56ea9a57-3786-5a49-9700-501eb57a1328', 'Culpa Incididunt Eli', NULL, DEFAULT, DEFAULT), ('731fb763-1773-5758-b8dd-d75381b0e72a', 'Voluptate Do Eiusmod', NULL, DEFAULT, DEFAULT), ('068fd5c6-1552-54ac-ade0-1a1e4b095f08', 'Esse Occaecat Irure', NULL, DEFAULT, DEFAULT), ('397d9892-31da-5629-a035-14fcfec8983a', 'Exercitation Cillum', NULL, DEFAULT, DEFAULT), ('e5e93090-cc79-544a-8b59-2023550c19ad', 'Dolore Fugiat Nulla', NULL, DEFAULT, DEFAULT), ('5e20f9a8-7b26-5a5f-8426-6b12c182d23c', 'Elit Cillum Consequa', NULL, DEFAULT, DEFAULT), ('53fe0e9e-3358-5722-b994-4faad8733cd3', 'Eiusmod Est Sit', NULL, DEFAULT, DEFAULT), ('e4834379-a7a0-5f41-8193-f598072b1c83', 'Pariatur Proident', NULL, DEFAULT, DEFAULT), ('a9f91eda-269f-54d0-83de-05f0c2ecbf08', 'Dolore Mollit Est Ve', NULL, DEFAULT, DEFAULT), ('c0062d28-74ce-56b0-8124-852c5c4cdd1f', 'Adipisicing Irure No', NULL, DEFAULT, DEFAULT), ('a1d779f7-e622-5cd1-b766-eb2b7925b3c0', 'Veniam Aute Reprehen', NULL, DEFAULT, DEFAULT), ('bd4e2ea6-e7d4-5655-93cc-d1ed71c3483c', 'Nisi Minim Esse', NULL, DEFAULT, DEFAULT), ('fb2f612f-57ab-526e-8b57-f5de07942107', 'Dolor Minim Irure', NULL, DEFAULT, DEFAULT), ('38cee772-792e-54fe-ae0f-d62f75f71c11', 'Sint Et Quis', NULL, DEFAULT, DEFAULT), ('60f279f1-b04c-57b1-b6aa-b71a8811c6ab', 'Commodo Laboris Proi', NULL, DEFAULT, DEFAULT), ('b5d35d7e-f19e-568e-9efe-911f779c892f', 'Ex Nostrud Eiusmod', NULL, DEFAULT, DEFAULT), ('3db3509a-5565-5145-aa2d-eb656db639a3', 'In Voluptate', NULL, DEFAULT, DEFAULT), ('16b2ddd9-4627-52fa-8115-8453cfa39374', 'Sint Pariatur', NULL, DEFAULT, DEFAULT), ('235fae27-2669-539e-8784-3dcbaac570cc', 'Velit Velit', NULL, DEFAULT, DEFAULT), ('85a272fe-9de3-5543-919e-647cccb82b15', 'Nulla Proident Amet ', NULL, DEFAULT, DEFAULT), ('0ff7c90f-7522-5b63-9234-348cf37ff0b7', 'Nisi Cillum Irure', NULL, DEFAULT, DEFAULT), ('350ffb75-0a57-59e5-a5c9-179e6696dca6', 'Eu Elit', NULL, DEFAULT, DEFAULT), ('782f7eda-e535-5ab3-8415-643126d3b0fa', 'Dolor Aute', NULL, DEFAULT, DEFAULT), ('5daf6f25-3b97-5f49-8f75-4ba5d1d74cd3', 'Nisi Officia Velit', NULL, DEFAULT, DEFAULT), ('3788fdae-c690-5563-abac-18b51e4d210f', 'Magna Ea Aliquip Ut', NULL, DEFAULT, DEFAULT), ('177ae72e-41a6-5325-80d6-452827ea5918', 'Deserunt Cillum', NULL, DEFAULT, DEFAULT), ('c0a2f5c4-7781-5310-ad3c-e7b9f41a7ace', 'Qui Tempor', NULL, DEFAULT, DEFAULT), ('71c019c0-f4c8-51ac-bfff-4141eabf85f3', 'Nostrud Esse Dolor', NULL, DEFAULT, DEFAULT), ('ab4eb860-b9b9-58f5-84c6-b76a08d23dfd', 'Aliquip Do Enim', NULL, DEFAULT, DEFAULT), ('dd9140ad-b92d-5673-a8c2-8b1c4e3e8697', 'Mollit Esse Dolore E', NULL, DEFAULT, DEFAULT), ('78de8c0c-fe2d-50bd-afca-68bed9f87cd0', 'Et Sunt Incididunt', NULL, DEFAULT, DEFAULT), ('81e51b22-aab8-5050-a735-aa5917f8771b', 'Sit Consequat Ex', NULL, DEFAULT, DEFAULT), ('f6cb58dd-a0aa-5d2b-8ce5-200e44be4f36', 'Ullamco Laborum Et A', NULL, DEFAULT, DEFAULT), ('48ed64cc-01ce-5cc6-8ffd-8d552f857570', 'Excepteur Reprehende', NULL, DEFAULT, DEFAULT), ('0cb21e27-1e4d-50c9-bd0d-f6696d98b44c', 'Sit Nulla Nulla Moll', NULL, DEFAULT, DEFAULT), ('29d37d99-954e-5434-8e90-9d564d65e434', 'Anim Aliqua', NULL, DEFAULT, DEFAULT), ('64957ee8-7d0b-54ac-82da-6c959456806c', 'Culpa Aute Ea Et', NULL, DEFAULT, DEFAULT), ('b96a16b9-db3a-5601-8741-9aae600f278b', 'In Pariatur Tempor A', NULL, DEFAULT, DEFAULT), ('c25b7aec-7cbc-5229-a69a-f81a4d2a8c67', 'Culpa Eu Ullamco', NULL, DEFAULT, DEFAULT), ('ac4eab2d-141d-51f8-b7e8-eb7666d753eb', 'Nisi Irure Commodo', NULL, DEFAULT, DEFAULT), ('a1e4a16d-e006-501c-825e-069612288902', 'Minim Fugiat Sit Cup', NULL, DEFAULT, DEFAULT), ('dec945ef-2e46-5bcf-895f-65373c94da1c', 'Culpa Proident Dolor', NULL, DEFAULT, DEFAULT);
INSERT INTO public.plan (id,name,pricing,pricing_interval,is_default,config,created_at,updated_at) VALUES (4, 'Essential', 0, 'monthly', 't', '{"max_members":6,"max_blueprints":100,"max_books":20}', DEFAULT, DEFAULT), (5, 'Advanced', 15.803108597090716, 'monthly', 'f', '{"max_members":12,"max_blueprints":200,"max_books":40}', DEFAULT, DEFAULT), (6, 'Pro', 12.111348826482082, 'yearly', 'f', '{"max_members":18,"max_blueprints":300,"max_books":60}', DEFAULT, DEFAULT);
INSERT INTO public.book (id,name,team_id,game_id,created_at,updated_at) VALUES ('1e7e0bcb-4fc0-5d72-81a5-d67a74a13595', 'Esse', '7c2c4732-09c1-5f7b-87ca-c53e7497b4ef', 1, DEFAULT, DEFAULT), ('d297ab9e-40d4-51b5-bb8f-a1df399f1a9a', 'Adipisicing Veniam A', '7c2c4732-09c1-5f7b-87ca-c53e7497b4ef', 1, DEFAULT, DEFAULT), ('d1b8f3f8-af26-5088-8712-273c28ba98f7', 'Occaecat Fugiat Quis', '7c2c4732-09c1-5f7b-87ca-c53e7497b4ef', 2, DEFAULT, DEFAULT), ('3ff60d7a-a4ad-54c5-a422-53b52cd53093', 'Labore Veniam', '7c2c4732-09c1-5f7b-87ca-c53e7497b4ef', 2, DEFAULT, DEFAULT), ('cfbfd1d4-e77f-57e5-94da-e9ff2cc7a996', 'Incididunt Pariatur ', '7c2c4732-09c1-5f7b-87ca-c53e7497b4ef', 2, DEFAULT, DEFAULT), ('92bf5244-388d-5bbf-bd84-1c7ad2efe31b', 'Exercitation Pariatu', '7c2c4732-09c1-5f7b-87ca-c53e7497b4ef', 1, DEFAULT, DEFAULT), ('9584676f-0635-591a-a937-d230d9a3abf3', 'Reprehenderit Lorem', '7c2c4732-09c1-5f7b-87ca-c53e7497b4ef', 2, DEFAULT, DEFAULT), ('5777772e-8d66-5c0f-ab03-fb0419760db6', 'Do Eu', '7c2c4732-09c1-5f7b-87ca-c53e7497b4ef', 1, DEFAULT, DEFAULT), ('98eaafd3-adbf-5a3e-adb9-b3fb6971b6f1', 'Nostrud', 'f50563b6-8532-51ec-b121-d8c6bca3e897', 2, DEFAULT, DEFAULT), ('2d1d7734-be70-5d07-a538-e76c6cae722e', 'Aliqua Non', 'f50563b6-8532-51ec-b121-d8c6bca3e897', 1, DEFAULT, DEFAULT), ('b5605791-3389-56c2-9ec6-17d538b9bb85', 'Tempor', 'f50563b6-8532-51ec-b121-d8c6bca3e897', 2, DEFAULT, DEFAULT), ('a5831e58-2fc9-5b59-970d-00c344a4eb18', 'Irure Irure In', 'f50563b6-8532-51ec-b121-d8c6bca3e897', 1, DEFAULT, DEFAULT), ('756cbb59-27d6-58f3-b4b9-8b56121e683f', 'Magna Do', 'f50563b6-8532-51ec-b121-d8c6bca3e897', 1, DEFAULT, DEFAULT), ('b64d0217-6a7b-5682-8927-676434f72be9', 'Pariatur Dolor', 'f50563b6-8532-51ec-b121-d8c6bca3e897', 1, DEFAULT, DEFAULT), ('09617df2-6261-5b47-bc30-85d317367d48', 'Est Sint Laborum', 'f50563b6-8532-51ec-b121-d8c6bca3e897', 2, DEFAULT, DEFAULT), ('98b30307-7ea7-5b6c-b9e4-560fe08299de', 'Ut Aute', 'f50563b6-8532-51ec-b121-d8c6bca3e897', 2, DEFAULT, DEFAULT), ('a8212e1b-5577-5c28-9c38-2d4fbd753550', 'Officia Lorem', 'f1bf295c-195b-5a42-9c6b-5bfa14b58307', 2, DEFAULT, DEFAULT), ('59558fa1-9cc0-5e85-a331-879d76e07f05', 'Tempor Irure Dolor', 'f1bf295c-195b-5a42-9c6b-5bfa14b58307', 2, DEFAULT, DEFAULT), ('8926b9fd-34b2-5421-a25c-9cd89c12cad0', 'Proident Id', 'f1bf295c-195b-5a42-9c6b-5bfa14b58307', 2, DEFAULT, DEFAULT), ('5d378209-1fd5-506f-8b3f-511a16489d69', 'Consequat Eiusmod', 'f1bf295c-195b-5a42-9c6b-5bfa14b58307', 1, DEFAULT, DEFAULT), ('305fa448-c3bf-59c7-a989-19ae69ce0725', 'Fugiat', 'f1bf295c-195b-5a42-9c6b-5bfa14b58307', 1, DEFAULT, DEFAULT), ('853509f0-6836-5fa7-87f2-fb0a9a8766d2', 'Ut', 'f1bf295c-195b-5a42-9c6b-5bfa14b58307', 1, DEFAULT, DEFAULT), ('bbc51950-a428-5ed7-b604-6444a902714b', 'Culpa Est Laborum', 'f1bf295c-195b-5a42-9c6b-5bfa14b58307', 2, DEFAULT, DEFAULT), ('89f211a9-c1e7-5fa6-9108-784d98291012', 'Magna Aliquip', 'f1bf295c-195b-5a42-9c6b-5bfa14b58307', 2, DEFAULT, DEFAULT), ('a6ea6199-2a1a-56d4-b12a-1bf7d32d154c', 'Esse', 'e0eebbc8-63c9-5fee-b088-b3310b672c35', 2, DEFAULT, DEFAULT), ('eb3e804d-5ed0-59a1-900b-3b0f9b2cb577', 'Reprehenderit Do', 'e0eebbc8-63c9-5fee-b088-b3310b672c35', 2, DEFAULT, DEFAULT), ('88501f36-608d-5074-ab3f-752cd478292f', 'Aliquip Amet', 'e0eebbc8-63c9-5fee-b088-b3310b672c35', 2, DEFAULT, DEFAULT), ('0e342915-b360-541f-8c0a-bdf36b3c0ce2', 'Irure Occaecat', 'e0eebbc8-63c9-5fee-b088-b3310b672c35', 1, DEFAULT, DEFAULT), ('8b474939-245b-5ed9-b06a-21432e2b9115', 'Eu Proident', 'e0eebbc8-63c9-5fee-b088-b3310b672c35', 1, DEFAULT, DEFAULT), ('eb9fdff9-6822-52d9-b12a-a9a69b69cbe5', 'Excepteur Labore Cil', 'e0eebbc8-63c9-5fee-b088-b3310b672c35', 1, DEFAULT, DEFAULT), ('abf8504a-2cfc-5a9d-a5d2-31dccd8bf00f', 'Eiusmod', '1c17c04a-19f5-5c48-8b6b-48fe02257ffb', 1, DEFAULT, DEFAULT), ('262a78c7-eb9d-5e1a-8e58-41ecb0c31fbd', 'Ad Eu', '1c17c04a-19f5-5c48-8b6b-48fe02257ffb', 2, DEFAULT, DEFAULT), ('110efd29-2979-5c30-b41f-b3bf832f48cd', 'Sint Reprehenderit', '1c17c04a-19f5-5c48-8b6b-48fe02257ffb', 1, DEFAULT, DEFAULT), ('cf1d2e5e-3a18-5518-8e4c-387978992b8a', 'Veniam Irure', '1c17c04a-19f5-5c48-8b6b-48fe02257ffb', 2, DEFAULT, DEFAULT), ('d2268e40-fa6d-5300-9f01-b7cc8f9018e3', 'Aliqua Amet', 'a2996c99-b8bb-5bf6-b789-844e821ceb82', 1, DEFAULT, DEFAULT), ('7a86b477-8922-5c78-85b7-47a44d6877c0', 'Adipisicing Est', 'a2996c99-b8bb-5bf6-b789-844e821ceb82', 2, DEFAULT, DEFAULT), ('cd1520c4-af17-5e1e-b5b0-a9e95f36a7c4', 'Sit Proident', 'a2996c99-b8bb-5bf6-b789-844e821ceb82', 2, DEFAULT, DEFAULT), ('2190cc4c-2cc5-5f9f-983d-55f70f31e468', 'Aliqua Magna', 'a2996c99-b8bb-5bf6-b789-844e821ceb82', 1, DEFAULT, DEFAULT), ('fbfa0c72-9c6c-54ce-ba23-f1ed2563396e', 'Pariatur Sunt', 'a2996c99-b8bb-5bf6-b789-844e821ceb82', 1, DEFAULT, DEFAULT), ('d664e8db-93ef-5294-a361-9e8640907e59', 'Labore Fugiat', 'a2996c99-b8bb-5bf6-b789-844e821ceb82', 2, DEFAULT, DEFAULT), ('df625f4d-0fe2-599a-b1d3-13232701e19f', 'Laboris', 'a2996c99-b8bb-5bf6-b789-844e821ceb82', 2, DEFAULT, DEFAULT), ('6ae168d9-ec9f-5cc8-9efc-a8418f6ebd72', 'Commodo Aliquip', 'a2996c99-b8bb-5bf6-b789-844e821ceb82', 1, DEFAULT, DEFAULT), ('349111f0-5b40-5b21-aeff-8af2b228d28f', 'Qui', '5d016028-a6a3-5268-91a3-91021dbfda0a', 2, DEFAULT, DEFAULT), ('e2b744a0-a170-5a87-828d-34cc6f64ca05', 'Reprehenderit Enim S', '5d016028-a6a3-5268-91a3-91021dbfda0a', 2, DEFAULT, DEFAULT), ('3a804324-748d-571a-afad-6b9c20a35337', 'Ipsum Et', '5d016028-a6a3-5268-91a3-91021dbfda0a', 1, DEFAULT, DEFAULT), ('1bf9a820-bb8f-59cd-8902-84a62a1aa29f', 'Qui Nulla', '5d016028-a6a3-5268-91a3-91021dbfda0a', 2, DEFAULT, DEFAULT), ('2067e70c-565d-520b-b56b-19189e5b77f5', 'Nisi Reprehenderit', '5d016028-a6a3-5268-91a3-91021dbfda0a', 2, DEFAULT, DEFAULT), ('2da447ba-d0f6-5d62-becb-584cd208c558', 'Elit Nulla Et', '5d016028-a6a3-5268-91a3-91021dbfda0a', 2, DEFAULT, DEFAULT), ('a00f2df0-a74b-51ab-8311-51125014b9ef', 'Qui Duis', '5d016028-a6a3-5268-91a3-91021dbfda0a', 2, DEFAULT, DEFAULT), ('09204188-e618-5728-88fc-034120742c41', 'Anim Ea', 'b279891e-05aa-528b-867b-dd6fe5fa77c8', 2, DEFAULT, DEFAULT), ('b576de0c-954e-5345-a9e7-0d691c52341a', 'Commodo', 'b279891e-05aa-528b-867b-dd6fe5fa77c8', 2, DEFAULT, DEFAULT), ('887dee3f-7921-537c-91f1-8b0d43117b12', 'Consequat Sint', 'b279891e-05aa-528b-867b-dd6fe5fa77c8', 2, DEFAULT, DEFAULT), ('6fc34c52-742f-56c2-b6c3-89dee63a8839', 'Dolor Sunt', 'b279891e-05aa-528b-867b-dd6fe5fa77c8', 2, DEFAULT, DEFAULT), ('5531f3c9-2ccc-59e8-86e8-da1800808ec2', 'Adipisicing Sint', 'b279891e-05aa-528b-867b-dd6fe5fa77c8', 1, DEFAULT, DEFAULT), ('3b3a2ed4-3283-5a09-84d9-c7de876d5510', 'Incididunt', 'b279891e-05aa-528b-867b-dd6fe5fa77c8', 1, DEFAULT, DEFAULT), ('380f1bbd-f6c8-5306-af3f-7d7fa746bde0', 'Est Dolore', 'b279891e-05aa-528b-867b-dd6fe5fa77c8', 1, DEFAULT, DEFAULT), ('672ad514-6b43-58ed-b7aa-f70ed34485d9', 'Consectetur', 'b279891e-05aa-528b-867b-dd6fe5fa77c8', 1, DEFAULT, DEFAULT), ('f561c33d-0589-5163-a677-f2a1eb6b3322', 'Dolor Laboris Pariat', 'ff53868f-9940-575d-8fa8-923808f93a53', 2, DEFAULT, DEFAULT), ('02a341a2-35a0-5fbc-a1f4-aa8b42aa4b51', 'Sunt', 'ff53868f-9940-575d-8fa8-923808f93a53', 1, DEFAULT, DEFAULT), ('ad276812-3b86-5425-b36a-d822f2860912', 'Commodo', 'ff53868f-9940-575d-8fa8-923808f93a53', 2, DEFAULT, DEFAULT), ('cd80d13e-478f-5058-8dfd-e20a76013cb5', 'Ea Sint', '8172203a-00e7-5e0e-919b-2970e0d891df', 2, DEFAULT, DEFAULT), ('db9f2a26-569b-5431-9216-bcd2cf256bbd', 'Aliquip Nisi Culpa', '8172203a-00e7-5e0e-919b-2970e0d891df', 2, DEFAULT, DEFAULT), ('e4c44768-00c8-52e6-80f9-625972d5d9b9', 'Reprehenderit', '8172203a-00e7-5e0e-919b-2970e0d891df', 2, DEFAULT, DEFAULT), ('eea550bd-8120-5fb2-9339-ad3a549506d4', 'Aliqua Veniam', '8172203a-00e7-5e0e-919b-2970e0d891df', 1, DEFAULT, DEFAULT), ('88514f78-7770-5bc2-96a4-f0f4ebcab4a4', 'Exercitation Amet', '8172203a-00e7-5e0e-919b-2970e0d891df', 2, DEFAULT, DEFAULT), ('95c65795-b9a1-572f-87ae-6fa70b020fbb', 'Adipisicing Nisi', '8172203a-00e7-5e0e-919b-2970e0d891df', 2, DEFAULT, DEFAULT), ('8891aca3-b326-5a45-a77b-46ff3fd96d49', 'Anim Consequat Labor', '8172203a-00e7-5e0e-919b-2970e0d891df', 1, DEFAULT, DEFAULT), ('47ec07ed-2b5c-5f84-a424-1002e39b4917', 'Dolor Aute Veniam', '8172203a-00e7-5e0e-919b-2970e0d891df', 2, DEFAULT, DEFAULT), ('c1b69361-a3c3-5c2a-8a7a-23aa07e97e87', 'Ullamco Sunt', '8172203a-00e7-5e0e-919b-2970e0d891df', 1, DEFAULT, DEFAULT), ('676a9b6b-ddf9-5403-87de-1b7c2b13cde5', 'Qui', '8172203a-00e7-5e0e-919b-2970e0d891df', 2, DEFAULT, DEFAULT), ('e9decb87-4a50-5c41-896c-16fe0d21ebca', 'Eu', '7b5ee10b-959f-565b-9dac-a4bab4f6c6bf', 1, DEFAULT, DEFAULT), ('274020d9-7513-5cf6-ae0b-e94ef1d1a62f', 'Sint Sit', '7b5ee10b-959f-565b-9dac-a4bab4f6c6bf', 1, DEFAULT, DEFAULT), ('644bfc5c-cf27-5d76-8355-4e4c8d73061f', 'Minim', '7b5ee10b-959f-565b-9dac-a4bab4f6c6bf', 1, DEFAULT, DEFAULT), ('eff6dde6-e4aa-5c61-9818-5d7ae0bf58b7', 'Ea Consectetur', '7b5ee10b-959f-565b-9dac-a4bab4f6c6bf', 1, DEFAULT, DEFAULT), ('31bb49e9-e86d-546a-9e01-6986e5eacf06', 'Nisi Cillum Excepteu', '7b5ee10b-959f-565b-9dac-a4bab4f6c6bf', 2, DEFAULT, DEFAULT), ('6a3486ce-c3fa-519b-8ad1-f329a5c3ee43', 'Ipsum Laboris', '7b5ee10b-959f-565b-9dac-a4bab4f6c6bf', 2, DEFAULT, DEFAULT), ('b134c4e5-3e41-53b3-bf3f-7f4cf023e9d7', 'Incididunt Duis', '38400370-0369-5239-8b08-499aef0591ef', 2, DEFAULT, DEFAULT), ('763ebb5f-add9-59ff-9a26-6b4030dae259', 'Voluptate Lorem Volu', '38400370-0369-5239-8b08-499aef0591ef', 2, DEFAULT, DEFAULT), ('9f273059-bf49-55a4-bf95-e6bedcccffe3', 'Esse Eu Elit', '38400370-0369-5239-8b08-499aef0591ef', 1, DEFAULT, DEFAULT), ('c7198a1e-f50c-5635-a5bf-2073d4da7bc6', 'Dolore Occaecat Non', '38400370-0369-5239-8b08-499aef0591ef', 1, DEFAULT, DEFAULT), ('1497705a-df0e-5f8d-988d-61adba7199e0', 'Nostrud Voluptate', '38400370-0369-5239-8b08-499aef0591ef', 1, DEFAULT, DEFAULT), ('ac772386-a452-5d18-88c7-396c2a71eb0b', 'Aliqua Dolore', '38400370-0369-5239-8b08-499aef0591ef', 1, DEFAULT, DEFAULT), ('7b09592d-b146-5ee2-9db5-3683955196d6', 'Sint Magna Et', '38400370-0369-5239-8b08-499aef0591ef', 2, DEFAULT, DEFAULT), ('d3953f9f-e0f9-5aed-9d31-3f026a23da12', 'Labore Aliquip Sint', '38400370-0369-5239-8b08-499aef0591ef', 2, DEFAULT, DEFAULT), ('b5f933d0-c28e-517c-9fca-d9e38dc742a2', 'Ipsum Fugiat', '77394b64-1ec1-5043-8dc3-08f9200521d4', 1, DEFAULT, DEFAULT), ('21a7e579-98a3-5757-a0a8-913f2da95aba', 'Enim Ut Sit', '77394b64-1ec1-5043-8dc3-08f9200521d4', 1, DEFAULT, DEFAULT), ('a4b32498-f3a6-5110-a5b6-de20f0314c35', 'Elit Minim', '77394b64-1ec1-5043-8dc3-08f9200521d4', 2, DEFAULT, DEFAULT), ('22052ce5-2628-54da-93cf-dce3c06b547a', 'Proident Amet', '77394b64-1ec1-5043-8dc3-08f9200521d4', 2, DEFAULT, DEFAULT), ('5b303ef1-7516-512a-ba01-9f0dc05d7d2a', 'Nostrud Qui', '77394b64-1ec1-5043-8dc3-08f9200521d4', 1, DEFAULT, DEFAULT), ('2386fe50-4da3-5ca3-b993-046dc48afb23', 'Incididunt Reprehend', '77394b64-1ec1-5043-8dc3-08f9200521d4', 2, DEFAULT, DEFAULT), ('be8eca74-88dc-5f62-a6bb-1a0cde780aab', 'Officia Anim Magna', '77394b64-1ec1-5043-8dc3-08f9200521d4', 1, DEFAULT, DEFAULT), ('df0b9534-eb70-596b-965a-89561ef803da', 'Id Quis', '77394b64-1ec1-5043-8dc3-08f9200521d4', 1, DEFAULT, DEFAULT), ('e4d90fe6-6c38-55d7-9042-99ce6d25bf1e', 'Dolor Veniam', '77394b64-1ec1-5043-8dc3-08f9200521d4', 1, DEFAULT, DEFAULT), ('6b32238d-9577-50ec-9240-2ecff7f92565', 'Magna Mollit Aliqua', '77394b64-1ec1-5043-8dc3-08f9200521d4', 1, DEFAULT, DEFAULT), ('31ac52db-fa89-5177-b667-1cf6526a929a', 'Fugiat Minim', '56ea9a57-3786-5a49-9700-501eb57a1328', 1, DEFAULT, DEFAULT), ('3c6d504a-3b43-5117-a71b-e844b07b3920', 'Ullamco Dolor Non', '56ea9a57-3786-5a49-9700-501eb57a1328', 2, DEFAULT, DEFAULT), ('70e095a9-713d-5fe2-a06a-8145febdb917', 'Nisi Qui', '56ea9a57-3786-5a49-9700-501eb57a1328', 2, DEFAULT, DEFAULT), ('d0fa96c4-2bfe-5959-9fd4-b17ec4964e6d', 'Amet Amet', '56ea9a57-3786-5a49-9700-501eb57a1328', 1, DEFAULT, DEFAULT), ('af5fa9a8-f7df-5a87-830c-3e8d39f06eae', 'Pariatur Excepteur', '731fb763-1773-5758-b8dd-d75381b0e72a', 2, DEFAULT, DEFAULT), ('fa904169-96b2-5473-b48d-c7f225d6dfb3', 'Nostrud', '731fb763-1773-5758-b8dd-d75381b0e72a', 2, DEFAULT, DEFAULT), ('76980724-1543-5820-bc77-ff5f445e7244', 'Et Ex', '731fb763-1773-5758-b8dd-d75381b0e72a', 1, DEFAULT, DEFAULT), ('c9f9ed6b-3ed1-5d46-9201-51000bdf47fa', 'Aliqua Aliquip', '731fb763-1773-5758-b8dd-d75381b0e72a', 2, DEFAULT, DEFAULT), ('c67d2d09-4f9c-55d4-8995-a05fcda1aef5', 'Duis', '068fd5c6-1552-54ac-ade0-1a1e4b095f08', 1, DEFAULT, DEFAULT), ('6fb8bc22-57b5-5453-b6ee-d5dfa591c360', 'Nulla Voluptate', '068fd5c6-1552-54ac-ade0-1a1e4b095f08', 1, DEFAULT, DEFAULT), ('3d58489a-e732-5fe3-9fa1-7d8615a17b59', 'Velit Incididunt', '068fd5c6-1552-54ac-ade0-1a1e4b095f08', 1, DEFAULT, DEFAULT), ('f8caf156-ccf0-5aea-a4e4-6c70f58a603e', 'Exercitation Esse', '068fd5c6-1552-54ac-ade0-1a1e4b095f08', 1, DEFAULT, DEFAULT), ('cca70ca2-d109-5c60-965d-ab86b151a58f', 'Officia', '068fd5c6-1552-54ac-ade0-1a1e4b095f08', 1, DEFAULT, DEFAULT), ('6c1a8703-574c-5f71-a1b1-63956f35fc49', 'Quis Pariatur Fugiat', '068fd5c6-1552-54ac-ade0-1a1e4b095f08', 1, DEFAULT, DEFAULT), ('9b74ca3b-f0ed-5aef-82da-739dcf602294', 'Nulla Aliqua Consequ', '068fd5c6-1552-54ac-ade0-1a1e4b095f08', 2, DEFAULT, DEFAULT), ('bdcc2900-5a50-536b-90e8-fa15aafd56cb', 'Anim Et Non', '068fd5c6-1552-54ac-ade0-1a1e4b095f08', 1, DEFAULT, DEFAULT), ('8bad4601-c5dc-5d96-9ece-4ebbe2a83dfa', 'Duis Irure', '397d9892-31da-5629-a035-14fcfec8983a', 1, DEFAULT, DEFAULT), ('d36b7a55-d6b7-5955-bd46-7839332db245', 'Sunt', '397d9892-31da-5629-a035-14fcfec8983a', 1, DEFAULT, DEFAULT), ('f8151e07-b0ba-57cb-b13b-f8463f48e7fa', 'Culpa Dolor', '397d9892-31da-5629-a035-14fcfec8983a', 1, DEFAULT, DEFAULT), ('386af548-38a2-54d8-bcb7-4bb0b3a08bf8', 'Reprehenderit', '397d9892-31da-5629-a035-14fcfec8983a', 1, DEFAULT, DEFAULT), ('e582fc03-396b-5bd3-a7d1-a1f8176c5a84', 'Magna', '397d9892-31da-5629-a035-14fcfec8983a', 1, DEFAULT, DEFAULT), ('d8d62e21-c0a5-5c19-90d6-7c8e7e16f162', 'Proident Elit', '397d9892-31da-5629-a035-14fcfec8983a', 1, DEFAULT, DEFAULT), ('95f37531-686f-5941-8350-d0fbe8759458', 'Sunt In Eiusmod', '397d9892-31da-5629-a035-14fcfec8983a', 2, DEFAULT, DEFAULT), ('39988bd5-3933-532e-abb3-f0117c9ca4b2', 'Eiusmod', '397d9892-31da-5629-a035-14fcfec8983a', 1, DEFAULT, DEFAULT), ('14de1183-966c-5d3f-8b6c-262d0f803c0e', 'Ipsum Magna Cillum', '397d9892-31da-5629-a035-14fcfec8983a', 2, DEFAULT, DEFAULT), ('0123a76f-7238-52f2-a9a2-6f5cb15646a3', 'Consequat', 'e5e93090-cc79-544a-8b59-2023550c19ad', 2, DEFAULT, DEFAULT), ('5038fc48-7e9b-5e62-9425-f7dc4a9743fc', 'Officia Nostrud Dolo', 'e5e93090-cc79-544a-8b59-2023550c19ad', 2, DEFAULT, DEFAULT), ('86df0f11-95ba-5c29-a98d-d8c806615d35', 'Enim Amet Amet', 'e5e93090-cc79-544a-8b59-2023550c19ad', 2, DEFAULT, DEFAULT), ('7982e717-2466-57d1-8e77-2f2f17be0182', 'Deserunt Ut Sunt', 'e5e93090-cc79-544a-8b59-2023550c19ad', 1, DEFAULT, DEFAULT), ('e65e3ae4-b6c1-5ea9-8919-68994c5760a0', 'Commodo', 'e5e93090-cc79-544a-8b59-2023550c19ad', 1, DEFAULT, DEFAULT), ('d83dc18f-802e-557e-bc41-666a57c09bee', 'Consequat Tempor Min', 'e5e93090-cc79-544a-8b59-2023550c19ad', 2, DEFAULT, DEFAULT), ('b2d93b00-3fd1-5f66-b5f3-18a3077abaa9', 'Pariatur Nostrud', 'e5e93090-cc79-544a-8b59-2023550c19ad', 2, DEFAULT, DEFAULT), ('d19db439-c7e7-53a7-aa19-0db346180dc1', 'Ut', '5e20f9a8-7b26-5a5f-8426-6b12c182d23c', 1, DEFAULT, DEFAULT), ('91434b27-2651-5429-8f42-45c3f8e334a0', 'Elit', '5e20f9a8-7b26-5a5f-8426-6b12c182d23c', 1, DEFAULT, DEFAULT), ('549980e7-3e77-5d76-b263-84664d04b209', 'Laborum', '5e20f9a8-7b26-5a5f-8426-6b12c182d23c', 2, DEFAULT, DEFAULT), ('e4de1a09-bd9a-5e42-b92c-2cb1af28bec6', 'Ipsum', '5e20f9a8-7b26-5a5f-8426-6b12c182d23c', 1, DEFAULT, DEFAULT), ('f4b5542b-ba61-519e-a8d2-5793282ad487', 'Eu', '5e20f9a8-7b26-5a5f-8426-6b12c182d23c', 1, DEFAULT, DEFAULT), ('cd7c291a-6d6e-5632-91e5-b7fd7a634d7d', 'Eu Exercitation', '5e20f9a8-7b26-5a5f-8426-6b12c182d23c', 1, DEFAULT, DEFAULT), ('4da5a34b-d621-539d-93ed-4bd842601284', 'Minim Sit', '5e20f9a8-7b26-5a5f-8426-6b12c182d23c', 2, DEFAULT, DEFAULT), ('b32027db-33da-5dc2-b906-e0c2a06ac683', 'Ipsum Ut', '53fe0e9e-3358-5722-b994-4faad8733cd3', 2, DEFAULT, DEFAULT), ('b7a89d05-549f-565f-b631-b59097e91d1a', 'Excepteur Ipsum', '53fe0e9e-3358-5722-b994-4faad8733cd3', 1, DEFAULT, DEFAULT), ('ac9f0e3e-b030-584f-a8dd-87355fe22537', 'Eiusmod', '53fe0e9e-3358-5722-b994-4faad8733cd3', 1, DEFAULT, DEFAULT), ('438bff0e-fd50-5c86-89ee-d397a0c0e548', 'Ea Culpa', '53fe0e9e-3358-5722-b994-4faad8733cd3', 1, DEFAULT, DEFAULT), ('9bf2ad50-cccb-50eb-8269-3a7e78bd21f5', 'Irure Velit Ex', '53fe0e9e-3358-5722-b994-4faad8733cd3', 2, DEFAULT, DEFAULT), ('36f6f3ba-e867-5008-b6c1-829e989f9d2f', 'Irure Labore', '53fe0e9e-3358-5722-b994-4faad8733cd3', 1, DEFAULT, DEFAULT), ('26f7bb6a-3c9c-5b30-b11b-be5ebfb91948', 'Veniam Ullamco Qui', 'e4834379-a7a0-5f41-8193-f598072b1c83', 1, DEFAULT, DEFAULT), ('e5b4727f-be5e-52c0-83cb-cb7ba230945f', 'Nulla', 'e4834379-a7a0-5f41-8193-f598072b1c83', 1, DEFAULT, DEFAULT), ('290e51c6-7ff6-5db4-8f40-69dda051b66c', 'Deserunt', 'e4834379-a7a0-5f41-8193-f598072b1c83', 1, DEFAULT, DEFAULT), ('6c3f6730-2b1a-5e27-97de-caacad0bb1a5', 'Enim Deserunt', 'e4834379-a7a0-5f41-8193-f598072b1c83', 2, DEFAULT, DEFAULT), ('7d0c4d54-58ae-5ddf-b108-590171e8655a', 'Ipsum Tempor Velit', 'e4834379-a7a0-5f41-8193-f598072b1c83', 2, DEFAULT, DEFAULT), ('5dd9c208-a224-5712-b987-eab6b9a89e23', 'Laboris Exercitation', 'e4834379-a7a0-5f41-8193-f598072b1c83', 1, DEFAULT, DEFAULT), ('a8766652-5cf4-5e66-ba6d-9eb457dff942', 'Magna Mollit', 'a9f91eda-269f-54d0-83de-05f0c2ecbf08', 1, DEFAULT, DEFAULT), ('43bcab14-4a69-5e60-a07f-cda2fe595a2a', 'Ex Ullamco', 'a9f91eda-269f-54d0-83de-05f0c2ecbf08', 2, DEFAULT, DEFAULT), ('203ac13e-e5b1-548e-a7da-5d8cff932053', 'Dolore Velit', 'a9f91eda-269f-54d0-83de-05f0c2ecbf08', 2, DEFAULT, DEFAULT), ('1332e392-1ac8-57d9-8262-948f66c89fe9', 'Commodo In', 'a9f91eda-269f-54d0-83de-05f0c2ecbf08', 1, DEFAULT, DEFAULT), ('5783cab4-e010-523b-b893-81b388f43d06', 'Reprehenderit Nisi M', 'c0062d28-74ce-56b0-8124-852c5c4cdd1f', 1, DEFAULT, DEFAULT), ('01bb02e3-6d00-5b11-ba00-2f6b060dfb2e', 'Do Culpa', 'c0062d28-74ce-56b0-8124-852c5c4cdd1f', 2, DEFAULT, DEFAULT), ('a9752d0c-ade4-58c6-b746-1b9df56a3d08', 'Eu Proident Cupidata', 'c0062d28-74ce-56b0-8124-852c5c4cdd1f', 1, DEFAULT, DEFAULT), ('5cdb9712-16b6-532e-9cc7-8cf7dfbe9b6b', 'Mollit', 'c0062d28-74ce-56b0-8124-852c5c4cdd1f', 2, DEFAULT, DEFAULT), ('47c1a5aa-1c4a-5781-9c8f-968a639137d7', 'Adipisicing Culpa Co', 'c0062d28-74ce-56b0-8124-852c5c4cdd1f', 1, DEFAULT, DEFAULT), ('3c19e2d6-1e17-5580-adbc-319ee6c74e3c', 'Sit Quis', 'c0062d28-74ce-56b0-8124-852c5c4cdd1f', 2, DEFAULT, DEFAULT), ('ddb44318-7e83-5b4d-8ba4-3bbd19edd327', 'Consequat Fugiat', 'c0062d28-74ce-56b0-8124-852c5c4cdd1f', 1, DEFAULT, DEFAULT), ('3adfc207-aaeb-5fa1-b329-eb7ef2061320', 'Do Id Qui', 'a1d779f7-e622-5cd1-b766-eb2b7925b3c0', 2, DEFAULT, DEFAULT), ('096adf71-c74e-5b77-822b-46a8768797c5', 'Commodo Cillum Quis', 'a1d779f7-e622-5cd1-b766-eb2b7925b3c0', 2, DEFAULT, DEFAULT), ('65d8ad86-6271-552b-8704-fabcdcf18cdb', 'Irure Culpa Id', 'a1d779f7-e622-5cd1-b766-eb2b7925b3c0', 1, DEFAULT, DEFAULT), ('39da01f0-2195-5fc3-a74a-d12c26c902a3', 'In Adipisicing', 'bd4e2ea6-e7d4-5655-93cc-d1ed71c3483c', 1, DEFAULT, DEFAULT), ('fbbb9719-f3d1-5ce2-b584-4b70bf5bb135', 'Laboris Qui', 'bd4e2ea6-e7d4-5655-93cc-d1ed71c3483c', 2, DEFAULT, DEFAULT), ('5f651c76-ceba-56db-bd60-512d4079ec53', 'Ut Irure Incididunt', 'bd4e2ea6-e7d4-5655-93cc-d1ed71c3483c', 1, DEFAULT, DEFAULT), ('9af6e0ef-7015-5390-856a-705032c2e40e', 'Aute', 'bd4e2ea6-e7d4-5655-93cc-d1ed71c3483c', 2, DEFAULT, DEFAULT), ('5034bc4f-306f-5e76-8ef2-99198efc3a69', 'Aliqua', 'bd4e2ea6-e7d4-5655-93cc-d1ed71c3483c', 1, DEFAULT, DEFAULT), ('e7ba2b18-a57c-5b02-9714-d376d9ea922f', 'Dolor', 'fb2f612f-57ab-526e-8b57-f5de07942107', 1, DEFAULT, DEFAULT), ('ccd28d41-9086-5b64-b351-585431787bb7', 'Exercitation Incidid', 'fb2f612f-57ab-526e-8b57-f5de07942107', 2, DEFAULT, DEFAULT), ('6a248992-e0a8-5c27-8d71-fd2cfd3a1fd6', 'Do', 'fb2f612f-57ab-526e-8b57-f5de07942107', 1, DEFAULT, DEFAULT), ('72d447b0-a4fa-5de7-bb4c-9ff5f169dfea', 'Deserunt', 'fb2f612f-57ab-526e-8b57-f5de07942107', 2, DEFAULT, DEFAULT), ('eeba85da-b4f7-5195-887e-28b7dc8a5236', 'Cillum Ipsum Aute', 'fb2f612f-57ab-526e-8b57-f5de07942107', 2, DEFAULT, DEFAULT), ('f457d7a7-01f9-5225-b07a-0e782525bbc7', 'Id Quis', '38cee772-792e-54fe-ae0f-d62f75f71c11', 2, DEFAULT, DEFAULT), ('0fa12fcf-97e2-5065-a698-e366ca117702', 'Aute Mollit', '38cee772-792e-54fe-ae0f-d62f75f71c11', 1, DEFAULT, DEFAULT), ('b4725825-2a5a-5e18-a190-e59f4cb9f1b5', 'Veniam Qui', '38cee772-792e-54fe-ae0f-d62f75f71c11', 2, DEFAULT, DEFAULT), ('d1dc8a74-c651-5dbd-b484-1cd2c51db9b9', 'Consectetur Dolore', '38cee772-792e-54fe-ae0f-d62f75f71c11', 1, DEFAULT, DEFAULT), ('40747f76-ad34-5508-ba43-ef538c943cc0', 'Commodo', '38cee772-792e-54fe-ae0f-d62f75f71c11', 2, DEFAULT, DEFAULT), ('94a106f5-e21c-5e45-83f2-58d10f738b53', 'Consectetur Sunt', '38cee772-792e-54fe-ae0f-d62f75f71c11', 2, DEFAULT, DEFAULT), ('5da40fc6-2f9c-5273-8dcd-1032d525128a', 'Nisi Eu', '38cee772-792e-54fe-ae0f-d62f75f71c11', 1, DEFAULT, DEFAULT), ('45173bfe-a11f-574a-ac25-21cda1308ec9', 'Adipisicing', '60f279f1-b04c-57b1-b6aa-b71a8811c6ab', 2, DEFAULT, DEFAULT), ('28e4b717-ba20-5ce6-96db-f08421aa2fc7', 'Veniam Ea', '60f279f1-b04c-57b1-b6aa-b71a8811c6ab', 1, DEFAULT, DEFAULT), ('d35ecca3-ac35-5e28-8e7e-6a25de908d18', 'Consectetur Id Magna', '60f279f1-b04c-57b1-b6aa-b71a8811c6ab', 2, DEFAULT, DEFAULT), ('e334db45-3389-5a47-b7c9-4ff8121637b5', 'Dolor Lorem', '60f279f1-b04c-57b1-b6aa-b71a8811c6ab', 2, DEFAULT, DEFAULT), ('0a9347d2-3396-5e6a-98f1-b406ca195226', 'Laborum Lorem', '60f279f1-b04c-57b1-b6aa-b71a8811c6ab', 1, DEFAULT, DEFAULT), ('71edf17f-e471-58c3-bbf8-8111bd6c7c8e', 'Dolore Labore', '60f279f1-b04c-57b1-b6aa-b71a8811c6ab', 1, DEFAULT, DEFAULT), ('fc6d457c-9711-5cde-813c-d584f858faae', 'Exercitation Ex', '60f279f1-b04c-57b1-b6aa-b71a8811c6ab', 2, DEFAULT, DEFAULT), ('644a93ba-f570-5681-b2f5-de6b9950affd', 'Deserunt Cupidatat I', '60f279f1-b04c-57b1-b6aa-b71a8811c6ab', 1, DEFAULT, DEFAULT), ('b737f334-53a3-585e-98d7-69fce744e35e', 'Voluptate Tempor Adi', 'b5d35d7e-f19e-568e-9efe-911f779c892f', 1, DEFAULT, DEFAULT), ('8babc841-00b0-585f-9ca3-85ef68fec1f7', 'Minim Et Fugiat', 'b5d35d7e-f19e-568e-9efe-911f779c892f', 1, DEFAULT, DEFAULT), ('79efb743-bb54-546e-8bdf-089509399715', 'Sit Amet', 'b5d35d7e-f19e-568e-9efe-911f779c892f', 2, DEFAULT, DEFAULT), ('86e03e09-1744-508f-b91c-c48f85d8ffcb', 'Esse Veniam', 'b5d35d7e-f19e-568e-9efe-911f779c892f', 2, DEFAULT, DEFAULT), ('6451b879-16d7-5644-b6b9-87dd18b3facf', 'Sit Eu Consectetur', 'b5d35d7e-f19e-568e-9efe-911f779c892f', 2, DEFAULT, DEFAULT), ('47e5d6a1-6a7c-5068-97e6-b73d6f3b47c1', 'Non Occaecat Deserun', 'b5d35d7e-f19e-568e-9efe-911f779c892f', 1, DEFAULT, DEFAULT), ('844afdcc-93cf-55c8-b0f1-1cc22329a30b', 'Consequat Velit', '3db3509a-5565-5145-aa2d-eb656db639a3', 1, DEFAULT, DEFAULT), ('290bcd64-8663-5670-8efa-64e864979bbb', 'Amet Esse', '3db3509a-5565-5145-aa2d-eb656db639a3', 1, DEFAULT, DEFAULT), ('897e7fb9-bd9c-59e3-afc7-d1c31ec7ef34', 'Ullamco', '3db3509a-5565-5145-aa2d-eb656db639a3', 2, DEFAULT, DEFAULT), ('f3376d8d-17f3-5259-a5b0-af6d5e21e7e2', 'Laborum Labore In', '3db3509a-5565-5145-aa2d-eb656db639a3', 2, DEFAULT, DEFAULT), ('5ce056de-a21e-5eba-9d47-e09232047aae', 'Sint Elit Dolore', '3db3509a-5565-5145-aa2d-eb656db639a3', 2, DEFAULT, DEFAULT), ('fd8e258e-4711-5b22-b0f3-1f5725eb642f', 'Id Culpa Eiusmod', '3db3509a-5565-5145-aa2d-eb656db639a3', 1, DEFAULT, DEFAULT), ('e5d977c2-2a0e-5703-8ee9-4796e3967ae0', 'Esse Qui', '3db3509a-5565-5145-aa2d-eb656db639a3', 1, DEFAULT, DEFAULT), ('11edd970-a1f3-5973-a201-278046231716', 'Tempor Velit', '3db3509a-5565-5145-aa2d-eb656db639a3', 2, DEFAULT, DEFAULT), ('5701e8cf-a128-5707-83da-0279d2c833bf', 'Proident', '3db3509a-5565-5145-aa2d-eb656db639a3', 1, DEFAULT, DEFAULT), ('583774ae-7432-5503-850f-867e82c0838b', 'Eiusmod Commodo Sint', '16b2ddd9-4627-52fa-8115-8453cfa39374', 2, DEFAULT, DEFAULT), ('225b2186-bb16-5b0a-b7be-47fd3c5a5cf9', 'Officia Ullamco', '16b2ddd9-4627-52fa-8115-8453cfa39374', 1, DEFAULT, DEFAULT), ('fc295a44-56fb-5a65-beee-66fd6554ae26', 'Esse', '16b2ddd9-4627-52fa-8115-8453cfa39374', 2, DEFAULT, DEFAULT), ('88133dcb-8b00-5c2c-aee5-9f0743f5239d', 'Culpa Eiusmod', '16b2ddd9-4627-52fa-8115-8453cfa39374', 2, DEFAULT, DEFAULT), ('9bcb6997-9423-57c0-978a-09ad67de00e3', 'Labore', '16b2ddd9-4627-52fa-8115-8453cfa39374', 2, DEFAULT, DEFAULT), ('7c1b7c00-d84e-5216-9c13-9544eccd96d4', 'Cupidatat Nisi', '16b2ddd9-4627-52fa-8115-8453cfa39374', 1, DEFAULT, DEFAULT), ('586daead-6daa-5df4-83cb-81b2e815d326', 'Adipisicing', '16b2ddd9-4627-52fa-8115-8453cfa39374', 1, DEFAULT, DEFAULT), ('1c40127d-ff75-5e7b-a8cb-0c9592423db2', 'Ex', '16b2ddd9-4627-52fa-8115-8453cfa39374', 2, DEFAULT, DEFAULT), ('34e08312-6163-54ad-8f00-271b535d720e', 'Ullamco', '235fae27-2669-539e-8784-3dcbaac570cc', 1, DEFAULT, DEFAULT), ('b21c180f-341f-510e-96d3-d4e40909d89e', 'Deserunt Do', '235fae27-2669-539e-8784-3dcbaac570cc', 1, DEFAULT, DEFAULT), ('e09a1a6c-2073-587c-bb13-604903ae6e80', 'Labore Do', '235fae27-2669-539e-8784-3dcbaac570cc', 1, DEFAULT, DEFAULT), ('c3c19070-f0b8-5d8b-8806-a00d5fe919aa', 'Irure', '235fae27-2669-539e-8784-3dcbaac570cc', 1, DEFAULT, DEFAULT), ('dc376aff-9563-59fe-ac16-2760fcfb9752', 'Tempor Adipisicing', '235fae27-2669-539e-8784-3dcbaac570cc', 2, DEFAULT, DEFAULT), ('f8c28949-a64a-5955-ab9b-9c82a976b917', 'Nostrud Dolore Conse', '235fae27-2669-539e-8784-3dcbaac570cc', 1, DEFAULT, DEFAULT), ('f3ebe9e0-f337-5a54-9800-1b3119ecb916', 'Fugiat Aute Elit', '235fae27-2669-539e-8784-3dcbaac570cc', 2, DEFAULT, DEFAULT), ('9d87fe57-7f5a-555d-8ceb-54297334ec14', 'Commodo Nulla', '85a272fe-9de3-5543-919e-647cccb82b15', 1, DEFAULT, DEFAULT), ('02fbc2e3-109a-5330-96d4-81e4548f5f4f', 'Labore Anim', '85a272fe-9de3-5543-919e-647cccb82b15', 1, DEFAULT, DEFAULT), ('026debf8-8a71-53bf-8bd1-1046d4d33b6c', 'Amet Occaecat Nostru', '85a272fe-9de3-5543-919e-647cccb82b15', 1, DEFAULT, DEFAULT), ('4ecb4c85-c280-5d1c-af07-13ac77118d4b', 'Nisi Exercitation', '85a272fe-9de3-5543-919e-647cccb82b15', 2, DEFAULT, DEFAULT), ('c749b9a1-8131-5461-9b9f-368e4a129402', 'Excepteur', '85a272fe-9de3-5543-919e-647cccb82b15', 1, DEFAULT, DEFAULT), ('dcab4cd0-81d2-521a-8a86-4b94b840415d', 'Eiusmod Ex', '85a272fe-9de3-5543-919e-647cccb82b15', 1, DEFAULT, DEFAULT), ('07af669c-8c65-59d6-8aa0-cb973d5cff7e', 'Ad', '85a272fe-9de3-5543-919e-647cccb82b15', 2, DEFAULT, DEFAULT), ('bc0fc08c-c3f1-5511-9ab4-45886d657edc', 'Pariatur Laboris', '85a272fe-9de3-5543-919e-647cccb82b15', 1, DEFAULT, DEFAULT), ('f709cb99-5cd9-5ff0-bed0-5c80da44827e', 'Incididunt Pariatur', '85a272fe-9de3-5543-919e-647cccb82b15', 1, DEFAULT, DEFAULT), ('e3d0aebe-9b70-518a-8b34-19902672cb9e', 'Occaecat Enim', '85a272fe-9de3-5543-919e-647cccb82b15', 2, DEFAULT, DEFAULT), ('36d172fe-21d7-5e04-8dd5-a197a258f6db', 'Do', '0ff7c90f-7522-5b63-9234-348cf37ff0b7', 2, DEFAULT, DEFAULT), ('86c76349-2501-5929-8ba9-7c7cbfe50a41', 'Reprehenderit Duis S', '0ff7c90f-7522-5b63-9234-348cf37ff0b7', 1, DEFAULT, DEFAULT), ('8e5bcc8d-ff8b-5160-bb7c-97b1a5837a53', 'Proident Proident', '0ff7c90f-7522-5b63-9234-348cf37ff0b7', 2, DEFAULT, DEFAULT), ('5c5c81ab-962f-58e6-94da-fcec32b54a8a', 'Cupidatat Sunt', '0ff7c90f-7522-5b63-9234-348cf37ff0b7', 2, DEFAULT, DEFAULT), ('398ada6e-edca-5873-8a7e-46f58b50e62b', 'Dolor Aliqua', '0ff7c90f-7522-5b63-9234-348cf37ff0b7', 1, DEFAULT, DEFAULT), ('6ec75264-eddd-5d93-b46a-ea1447200d4d', 'Adipisicing Lorem El', '350ffb75-0a57-59e5-a5c9-179e6696dca6', 1, DEFAULT, DEFAULT), ('55cedb23-3815-5fc9-99fd-895fbde5d0e3', 'Laborum', '350ffb75-0a57-59e5-a5c9-179e6696dca6', 2, DEFAULT, DEFAULT), ('59f89533-99ba-5296-9d71-0a2d936ac633', 'Excepteur In Amet', '350ffb75-0a57-59e5-a5c9-179e6696dca6', 1, DEFAULT, DEFAULT), ('b0c0c7b7-48be-5940-b4f0-b4b523207fb6', 'Sint', '350ffb75-0a57-59e5-a5c9-179e6696dca6', 1, DEFAULT, DEFAULT), ('65bd7d62-1e19-50de-9d5c-5ad405f99ffc', 'Adipisicing In', '350ffb75-0a57-59e5-a5c9-179e6696dca6', 2, DEFAULT, DEFAULT), ('c2916be7-afbf-5b1e-bf7a-6612306486ab', 'Non Officia', '350ffb75-0a57-59e5-a5c9-179e6696dca6', 1, DEFAULT, DEFAULT), ('846cad2b-ac62-5a23-a4c4-8886771e6a4c', 'Non Ex', '350ffb75-0a57-59e5-a5c9-179e6696dca6', 2, DEFAULT, DEFAULT), ('96de0eb2-a6db-5c9a-be1f-e40d45f16e98', 'Commodo Nisi Duis', '350ffb75-0a57-59e5-a5c9-179e6696dca6', 2, DEFAULT, DEFAULT), ('b0951de7-c56f-53f5-9eed-d16eaaa476ac', 'Sunt', '350ffb75-0a57-59e5-a5c9-179e6696dca6', 2, DEFAULT, DEFAULT), ('8da8132e-b930-5443-8c74-724aae5f7623', 'Et Do', '350ffb75-0a57-59e5-a5c9-179e6696dca6', 2, DEFAULT, DEFAULT), ('a3141029-aec2-543b-b18a-49fe947e3304', 'Dolor Occaecat', '782f7eda-e535-5ab3-8415-643126d3b0fa', 2, DEFAULT, DEFAULT), ('6c52c1d9-13a4-51ef-ae51-1dacc4c14be9', 'Anim Deserunt', '782f7eda-e535-5ab3-8415-643126d3b0fa', 2, DEFAULT, DEFAULT), ('2589cf16-4103-5a4f-b544-b30078083eaa', 'Aliquip Magna', '782f7eda-e535-5ab3-8415-643126d3b0fa', 1, DEFAULT, DEFAULT), ('a88bc9b9-135e-55c7-8c4c-5a072a3c8573', 'Ex Nulla Occaecat', '782f7eda-e535-5ab3-8415-643126d3b0fa', 1, DEFAULT, DEFAULT), ('8b7e423b-b9b9-5b3c-bf3d-1aa45d16235c', 'Dolore Incididunt Te', '782f7eda-e535-5ab3-8415-643126d3b0fa', 1, DEFAULT, DEFAULT), ('9b1fc781-1e4e-56d2-bd68-0dc257a319c0', 'Aliquip Voluptate', '5daf6f25-3b97-5f49-8f75-4ba5d1d74cd3', 1, DEFAULT, DEFAULT), ('8a0a556f-d942-55f0-8ba8-1ffbfaf3c6d9', 'Cupidatat Et', '5daf6f25-3b97-5f49-8f75-4ba5d1d74cd3', 1, DEFAULT, DEFAULT), ('91fa3874-9437-5dfa-a49a-f19fb38d9e92', 'Ex Consequat Occaeca', '5daf6f25-3b97-5f49-8f75-4ba5d1d74cd3', 2, DEFAULT, DEFAULT), ('eda91f04-12ef-5904-88aa-e6ed9a692e03', 'Sunt Ex Eu', '5daf6f25-3b97-5f49-8f75-4ba5d1d74cd3', 1, DEFAULT, DEFAULT), ('1d3f740a-8c60-5c1d-aa9e-3854a33c8e1d', 'Eu Ex', '5daf6f25-3b97-5f49-8f75-4ba5d1d74cd3', 2, DEFAULT, DEFAULT), ('d9bba68a-079c-5141-bd43-756b87167584', 'Nostrud Aliqua Cupid', '5daf6f25-3b97-5f49-8f75-4ba5d1d74cd3', 2, DEFAULT, DEFAULT), ('ca65e33b-de71-5d46-933a-849036127987', 'Qui Veniam', '5daf6f25-3b97-5f49-8f75-4ba5d1d74cd3', 1, DEFAULT, DEFAULT), ('f52ce409-f800-5a86-b4ed-ce1a99a8a6ae', 'Minim Eiusmod', '5daf6f25-3b97-5f49-8f75-4ba5d1d74cd3', 2, DEFAULT, DEFAULT), ('5ef5a669-7ca0-5a58-879f-c84c6abe3657', 'Irure', '5daf6f25-3b97-5f49-8f75-4ba5d1d74cd3', 2, DEFAULT, DEFAULT), ('65d5f58f-a7d0-56d7-a4ee-df91649fa9a4', 'Labore Tempor Non', '5daf6f25-3b97-5f49-8f75-4ba5d1d74cd3', 1, DEFAULT, DEFAULT), ('3204ce32-7c5b-5953-969e-fe1d17de6e76', 'Quis Eiusmod Dolor', '3788fdae-c690-5563-abac-18b51e4d210f', 1, DEFAULT, DEFAULT), ('eecf8a7e-af2f-524d-a645-c5fba3ebda06', 'Veniam Ullamco', '3788fdae-c690-5563-abac-18b51e4d210f', 2, DEFAULT, DEFAULT), ('8d3f145b-67b0-504d-b49a-d59ecea5d2d8', 'Pariatur Nisi Et', '3788fdae-c690-5563-abac-18b51e4d210f', 2, DEFAULT, DEFAULT), ('d00c085d-72d6-5114-a5fd-ba818539c2f7', 'Dolor Id', '3788fdae-c690-5563-abac-18b51e4d210f', 1, DEFAULT, DEFAULT), ('de459427-bb2c-5381-bdbf-7126efbb65c9', 'Nisi Non', '3788fdae-c690-5563-abac-18b51e4d210f', 1, DEFAULT, DEFAULT), ('fd2a8113-662a-5782-9e12-f7b49eee56e0', 'Lorem Ea', '3788fdae-c690-5563-abac-18b51e4d210f', 1, DEFAULT, DEFAULT), ('5c25ba01-ab4d-5527-9a41-d79d770f3d79', 'Labore Esse Cupidata', '3788fdae-c690-5563-abac-18b51e4d210f', 1, DEFAULT, DEFAULT), ('bbcbd7eb-4377-550e-af45-f77d693d98fe', 'Sint Officia', '3788fdae-c690-5563-abac-18b51e4d210f', 1, DEFAULT, DEFAULT), ('d6d652bf-48a5-5a85-a95d-16c25edc5397', 'Do Ut Ea', '177ae72e-41a6-5325-80d6-452827ea5918', 2, DEFAULT, DEFAULT), ('94170f3d-888c-58bc-bc18-13592bfb52c5', 'Id', '177ae72e-41a6-5325-80d6-452827ea5918', 2, DEFAULT, DEFAULT), ('1e0af0c0-30ba-5a06-9647-a83cef3d815d', 'Enim Proident Esse', '177ae72e-41a6-5325-80d6-452827ea5918', 2, DEFAULT, DEFAULT), ('097c4d8e-94d3-5fd3-94ca-7bbb66cf6929', 'Irure Sint', '177ae72e-41a6-5325-80d6-452827ea5918', 1, DEFAULT, DEFAULT), ('70b4d1da-5ee3-5bd6-aecb-9af8ab670b84', 'Nulla Ipsum Magna', 'c0a2f5c4-7781-5310-ad3c-e7b9f41a7ace', 2, DEFAULT, DEFAULT), ('2da4149c-bf3e-5f98-b904-591c69530871', 'Labore Non', 'c0a2f5c4-7781-5310-ad3c-e7b9f41a7ace', 1, DEFAULT, DEFAULT), ('a69d43fa-2222-5203-b590-140e62599451', 'Nisi', 'c0a2f5c4-7781-5310-ad3c-e7b9f41a7ace', 2, DEFAULT, DEFAULT), ('f6a7cc82-a609-50ee-a839-9fa8b1a9631d', 'Sunt Esse Nisi', 'c0a2f5c4-7781-5310-ad3c-e7b9f41a7ace', 1, DEFAULT, DEFAULT), ('00644310-2ebb-53b6-b6cd-c599924419bd', 'Deserunt Proident', 'c0a2f5c4-7781-5310-ad3c-e7b9f41a7ace', 2, DEFAULT, DEFAULT), ('3de7919f-8a6e-5a5a-ad06-07f2ad53b96d', 'Adipisicing Et', 'c0a2f5c4-7781-5310-ad3c-e7b9f41a7ace', 2, DEFAULT, DEFAULT), ('495390bc-68e6-52a4-b1ba-2f994586821a', 'Veniam Sit Laborum', 'c0a2f5c4-7781-5310-ad3c-e7b9f41a7ace', 1, DEFAULT, DEFAULT), ('28a1ca86-fc34-5d5b-bda6-792b581f58de', 'Sit Mollit Consectet', '71c019c0-f4c8-51ac-bfff-4141eabf85f3', 1, DEFAULT, DEFAULT), ('c801d235-e02a-5267-8201-eecb86948b65', 'Elit Sunt', '71c019c0-f4c8-51ac-bfff-4141eabf85f3', 1, DEFAULT, DEFAULT), ('ad1bbcac-cdbb-551f-b25a-b14b40074515', 'Incididunt Sint Lore', '71c019c0-f4c8-51ac-bfff-4141eabf85f3', 1, DEFAULT, DEFAULT), ('af85f96c-efbd-584c-bdd4-26c4e2f3e556', 'Sunt', '71c019c0-f4c8-51ac-bfff-4141eabf85f3', 2, DEFAULT, DEFAULT), ('ee198d66-a798-52a5-8b79-9931f7b835e3', 'Culpa Dolore Ullamco', '71c019c0-f4c8-51ac-bfff-4141eabf85f3', 1, DEFAULT, DEFAULT), ('b67e09de-df70-515b-91d0-6e53f3b4a58a', 'Excepteur', 'ab4eb860-b9b9-58f5-84c6-b76a08d23dfd', 2, DEFAULT, DEFAULT), ('fe24988b-bca5-5bf5-be0f-c92da7b2cbe1', 'Eu Officia Officia', 'ab4eb860-b9b9-58f5-84c6-b76a08d23dfd', 2, DEFAULT, DEFAULT), ('fb634118-b8a6-50b7-9010-0317dd27fba6', 'Cillum Id', 'ab4eb860-b9b9-58f5-84c6-b76a08d23dfd', 1, DEFAULT, DEFAULT), ('cda3814f-c14d-5dcf-a835-797df84f6d99', 'Nostrud Elit', 'ab4eb860-b9b9-58f5-84c6-b76a08d23dfd', 1, DEFAULT, DEFAULT), ('bdc52205-2f90-54a1-a699-3ba523b0d56a', 'Irure Sunt Ad', 'ab4eb860-b9b9-58f5-84c6-b76a08d23dfd', 2, DEFAULT, DEFAULT), ('1d01e569-eec7-553a-916b-70c8b1d0f9ec', 'Sit Sit', 'ab4eb860-b9b9-58f5-84c6-b76a08d23dfd', 2, DEFAULT, DEFAULT), ('98bf31df-37fd-5af6-86dd-8686cdc35eeb', 'Quis Ad', 'dd9140ad-b92d-5673-a8c2-8b1c4e3e8697', 1, DEFAULT, DEFAULT), ('ae956930-bebe-5aad-83f8-b8d0cae36371', 'Irure Do Et', 'dd9140ad-b92d-5673-a8c2-8b1c4e3e8697', 2, DEFAULT, DEFAULT), ('e20720a7-b660-50e0-8da5-8784fa26a31d', 'Dolor Proident Do', 'dd9140ad-b92d-5673-a8c2-8b1c4e3e8697', 1, DEFAULT, DEFAULT), ('2dbccffd-e7a5-5653-9dc6-18e988716abe', 'Nisi', 'dd9140ad-b92d-5673-a8c2-8b1c4e3e8697', 1, DEFAULT, DEFAULT), ('94daea14-9b93-5933-9044-5ccc1eb32f8f', 'Cillum Irure', '78de8c0c-fe2d-50bd-afca-68bed9f87cd0', 1, DEFAULT, DEFAULT), ('dc58dd7b-bb54-5abe-8208-becc5e0561ad', 'Deserunt', '78de8c0c-fe2d-50bd-afca-68bed9f87cd0', 2, DEFAULT, DEFAULT), ('63e38d08-3dd9-5569-ab28-f70e94b3cdb7', 'Sint Minim', '78de8c0c-fe2d-50bd-afca-68bed9f87cd0', 2, DEFAULT, DEFAULT), ('7f78fee3-dd27-5696-858f-318bd4cbf2a8', 'Aute', '78de8c0c-fe2d-50bd-afca-68bed9f87cd0', 1, DEFAULT, DEFAULT), ('1716ac71-f35f-52a7-acdc-316247462f37', 'Ea', '78de8c0c-fe2d-50bd-afca-68bed9f87cd0', 2, DEFAULT, DEFAULT), ('286a711e-ae86-5be5-9195-1d963e0504f7', 'Amet Mollit', '78de8c0c-fe2d-50bd-afca-68bed9f87cd0', 1, DEFAULT, DEFAULT), ('59fbbc7c-edc9-5d3c-9170-cf6acabbcd28', 'Id', '81e51b22-aab8-5050-a735-aa5917f8771b', 2, DEFAULT, DEFAULT), ('7bf99080-cdc6-5456-b6d5-417e28b4eba5', 'Proident Sit Elit', '81e51b22-aab8-5050-a735-aa5917f8771b', 2, DEFAULT, DEFAULT), ('d2f08d89-447f-5d3d-96e5-385ed888c091', 'Aliquip Dolor', '81e51b22-aab8-5050-a735-aa5917f8771b', 1, DEFAULT, DEFAULT), ('9e6824f3-dac2-540f-9e3d-8797171dab14', 'Dolor Mollit', '81e51b22-aab8-5050-a735-aa5917f8771b', 2, DEFAULT, DEFAULT), ('c15a1a93-cc16-5536-8ab0-42ef9626e379', 'Irure Aliqua Anim', '81e51b22-aab8-5050-a735-aa5917f8771b', 1, DEFAULT, DEFAULT), ('df90352f-468b-5345-9b3e-522b747ccf55', 'Duis Do', '81e51b22-aab8-5050-a735-aa5917f8771b', 2, DEFAULT, DEFAULT), ('d1b6355b-0594-5d07-b55b-72d2c66a1391', 'Excepteur', 'f6cb58dd-a0aa-5d2b-8ce5-200e44be4f36', 2, DEFAULT, DEFAULT), ('77085b75-b014-57d0-8618-9cc95436a25e', 'Deserunt Esse', 'f6cb58dd-a0aa-5d2b-8ce5-200e44be4f36', 1, DEFAULT, DEFAULT), ('2f76c526-de17-58f1-a75e-aee239f7ed57', 'Velit Non', 'f6cb58dd-a0aa-5d2b-8ce5-200e44be4f36', 1, DEFAULT, DEFAULT), ('3d4df0ce-5a7f-53e4-b486-95faf0a09720', 'Id', 'f6cb58dd-a0aa-5d2b-8ce5-200e44be4f36', 2, DEFAULT, DEFAULT), ('d6d4ebe8-fe3c-5e62-98d8-e678f356450c', 'Velit', 'f6cb58dd-a0aa-5d2b-8ce5-200e44be4f36', 2, DEFAULT, DEFAULT), ('5dedc9b9-eec3-5ace-a95b-d7817834d9af', 'Cupidatat Nisi Excep', 'f6cb58dd-a0aa-5d2b-8ce5-200e44be4f36', 1, DEFAULT, DEFAULT), ('79ef5172-d3d7-5e61-9d71-a40b27651163', 'Eu Mollit Exercitati', 'f6cb58dd-a0aa-5d2b-8ce5-200e44be4f36', 1, DEFAULT, DEFAULT), ('3c0af99e-82a0-5346-8da5-2d2825b8a66d', 'Sint', '48ed64cc-01ce-5cc6-8ffd-8d552f857570', 2, DEFAULT, DEFAULT), ('7c0f6282-7933-5431-8e88-9d2b9f09f272', 'Amet', '48ed64cc-01ce-5cc6-8ffd-8d552f857570', 1, DEFAULT, DEFAULT), ('c97097d9-c6b8-5a50-931a-369c86f1535e', 'Elit', '48ed64cc-01ce-5cc6-8ffd-8d552f857570', 2, DEFAULT, DEFAULT), ('09bca3f4-0d37-5f5a-b637-9d7942a17cff', 'Ipsum Commodo', '0cb21e27-1e4d-50c9-bd0d-f6696d98b44c', 1, DEFAULT, DEFAULT), ('2ca679b7-4687-5422-ac57-c89cfa36e3c8', 'Amet Non', '0cb21e27-1e4d-50c9-bd0d-f6696d98b44c', 1, DEFAULT, DEFAULT), ('ba60341e-ffca-5a8d-85d2-58afc6ff269c', 'Officia Consectetur ', '0cb21e27-1e4d-50c9-bd0d-f6696d98b44c', 1, DEFAULT, DEFAULT), ('deab978c-4953-507c-b4fb-f509dd35f454', 'Occaecat Dolor', '0cb21e27-1e4d-50c9-bd0d-f6696d98b44c', 1, DEFAULT, DEFAULT), ('c379a417-3b5c-5e05-a7ca-c545e0d33c70', 'Aliquip', '0cb21e27-1e4d-50c9-bd0d-f6696d98b44c', 2, DEFAULT, DEFAULT), ('21d7354f-afef-5425-9907-92a0ff9e7110', 'Adipisicing Dolor', '0cb21e27-1e4d-50c9-bd0d-f6696d98b44c', 1, DEFAULT, DEFAULT), ('e25e0c45-28e1-5923-b63d-64b8ddeff422', 'Culpa Tempor', '0cb21e27-1e4d-50c9-bd0d-f6696d98b44c', 2, DEFAULT, DEFAULT), ('51a084b6-d183-5fbc-beeb-9d670865e2cb', 'Dolore Cupidatat', '0cb21e27-1e4d-50c9-bd0d-f6696d98b44c', 1, DEFAULT, DEFAULT), ('831f051c-863e-5783-acbb-10017cb1c3ce', 'Ipsum', '0cb21e27-1e4d-50c9-bd0d-f6696d98b44c', 2, DEFAULT, DEFAULT), ('061a9df6-5f3b-55cf-9879-eec1a4061457', 'Fugiat Sint', '29d37d99-954e-5434-8e90-9d564d65e434', 2, DEFAULT, DEFAULT), ('f8fbdff1-11b4-54fa-ab90-292d82d3d353', 'Qui', '29d37d99-954e-5434-8e90-9d564d65e434', 2, DEFAULT, DEFAULT), ('3af5be38-b117-5675-8d7a-e27a1a34e8a8', 'Qui Velit', '29d37d99-954e-5434-8e90-9d564d65e434', 1, DEFAULT, DEFAULT), ('ab07c47c-511a-5092-acb9-cbf862e0076b', 'Eiusmod', '29d37d99-954e-5434-8e90-9d564d65e434', 2, DEFAULT, DEFAULT), ('6653ef95-0532-561d-a71b-05f5c1bc302b', 'Eu Nulla Est', '64957ee8-7d0b-54ac-82da-6c959456806c', 1, DEFAULT, DEFAULT), ('a9072b83-7976-58e9-a9c4-45664532f42e', 'Ullamco Dolore Dolor', '64957ee8-7d0b-54ac-82da-6c959456806c', 2, DEFAULT, DEFAULT), ('1bdf6d4a-906f-5da5-b91f-35917468bf74', 'Duis Laboris', '64957ee8-7d0b-54ac-82da-6c959456806c', 1, DEFAULT, DEFAULT), ('830a4bb5-d929-5c1b-94fc-74a53795cc52', 'Excepteur Elit Do', '64957ee8-7d0b-54ac-82da-6c959456806c', 2, DEFAULT, DEFAULT), ('0f271189-6f05-5fbd-95b4-ad7e10a0703b', 'Cillum Sit', '64957ee8-7d0b-54ac-82da-6c959456806c', 1, DEFAULT, DEFAULT), ('f754848a-9cd5-551c-9bb4-aa81e33b42af', 'Aute', '64957ee8-7d0b-54ac-82da-6c959456806c', 2, DEFAULT, DEFAULT), ('95f6e66b-0348-54f6-ae25-2030a33390b2', 'Laborum Deserunt Ali', '64957ee8-7d0b-54ac-82da-6c959456806c', 1, DEFAULT, DEFAULT), ('5e5a298d-faa5-525e-b761-9586e7925c91', 'Esse', 'b96a16b9-db3a-5601-8741-9aae600f278b', 1, DEFAULT, DEFAULT), ('6843e0c5-7d9d-55cf-a335-436ba5672a4d', 'Ullamco Ipsum', 'b96a16b9-db3a-5601-8741-9aae600f278b', 1, DEFAULT, DEFAULT), ('d0b9d9c2-bfa2-53be-a46d-d6aceafcbc2d', 'Labore Proident Pari', 'b96a16b9-db3a-5601-8741-9aae600f278b', 2, DEFAULT, DEFAULT), ('84aabd0a-31ea-5dd5-9e39-ce95a07d2009', 'Voluptate Proident A', 'b96a16b9-db3a-5601-8741-9aae600f278b', 2, DEFAULT, DEFAULT), ('6de5d1f5-e767-54ae-ad7a-c52af47251f6', 'Deserunt Aute Proide', 'b96a16b9-db3a-5601-8741-9aae600f278b', 2, DEFAULT, DEFAULT), ('cf2e12ac-941e-5dbb-b044-ab0b13ab4af7', 'Occaecat Eiusmod', 'b96a16b9-db3a-5601-8741-9aae600f278b', 1, DEFAULT, DEFAULT), ('d5491914-2799-5bc6-b20e-30ab3f38131e', 'Excepteur', 'b96a16b9-db3a-5601-8741-9aae600f278b', 1, DEFAULT, DEFAULT), ('335a172e-2ce9-59fc-a0e2-63a26cdcc2cc', 'Ipsum Veniam', 'b96a16b9-db3a-5601-8741-9aae600f278b', 2, DEFAULT, DEFAULT), ('99498cc5-464e-5b95-a415-0dba48b40687', 'Duis Elit', 'c25b7aec-7cbc-5229-a69a-f81a4d2a8c67', 2, DEFAULT, DEFAULT), ('7cb09c84-7471-599f-bae0-90d61a321390', 'Deserunt Duis', 'c25b7aec-7cbc-5229-a69a-f81a4d2a8c67', 2, DEFAULT, DEFAULT), ('a727f58e-5d42-555f-a07e-84196ea16b24', 'Cupidatat Aliquip', 'c25b7aec-7cbc-5229-a69a-f81a4d2a8c67', 2, DEFAULT, DEFAULT), ('81cd6138-b0c3-5d83-86b9-8143c909421b', 'Fugiat Ullamco', 'c25b7aec-7cbc-5229-a69a-f81a4d2a8c67', 2, DEFAULT, DEFAULT), ('84b4201e-d939-5d48-aba4-b4b107dfdf5d', 'Eu', 'c25b7aec-7cbc-5229-a69a-f81a4d2a8c67', 2, DEFAULT, DEFAULT), ('626028b2-23d2-53a4-aca9-9c9cc4158e30', 'Cillum Dolor', 'c25b7aec-7cbc-5229-a69a-f81a4d2a8c67', 1, DEFAULT, DEFAULT), ('c6add04b-f7fe-5a4a-99c2-280079fffcdb', 'Amet Officia', 'c25b7aec-7cbc-5229-a69a-f81a4d2a8c67', 2, DEFAULT, DEFAULT), ('c3fa24c3-3b50-5e24-8717-dd9782d2e82b', 'Ullamco Elit', 'c25b7aec-7cbc-5229-a69a-f81a4d2a8c67', 2, DEFAULT, DEFAULT), ('4d69e856-19b8-56e1-8c35-8fa97a510f91', 'Eiusmod Irure', 'ac4eab2d-141d-51f8-b7e8-eb7666d753eb', 1, DEFAULT, DEFAULT), ('e93ac05b-5c6e-5233-8fb4-6d181ade2e59', 'Exercitation Excepte', 'ac4eab2d-141d-51f8-b7e8-eb7666d753eb', 2, DEFAULT, DEFAULT), ('eeeda985-b12d-5e29-af20-ecad32418e20', 'Elit', 'ac4eab2d-141d-51f8-b7e8-eb7666d753eb', 2, DEFAULT, DEFAULT), ('f7fce496-302a-564f-b89f-dc22379477c5', 'Sit', 'ac4eab2d-141d-51f8-b7e8-eb7666d753eb', 2, DEFAULT, DEFAULT), ('699a803c-69a7-58fb-805f-9c44bce0b12d', 'Do', 'ac4eab2d-141d-51f8-b7e8-eb7666d753eb', 2, DEFAULT, DEFAULT), ('7e8beeb3-7ee9-5191-900a-86dc6213ec6c', 'Irure Lorem Incididu', 'ac4eab2d-141d-51f8-b7e8-eb7666d753eb', 2, DEFAULT, DEFAULT), ('592dbee7-2dcd-5687-9e76-6be2d5a98725', 'Irure Dolor', 'ac4eab2d-141d-51f8-b7e8-eb7666d753eb', 2, DEFAULT, DEFAULT), ('41b8dce5-d8aa-5010-aded-a2d4528d487a', 'Elit Ullamco Amet', 'ac4eab2d-141d-51f8-b7e8-eb7666d753eb', 2, DEFAULT, DEFAULT), ('54a5a18c-ac47-54d2-b2c8-732ffc30b608', 'Pariatur Consectetur', 'a1e4a16d-e006-501c-825e-069612288902', 1, DEFAULT, DEFAULT), ('746129d3-04de-505c-b6c2-ad26b895652a', 'Amet', 'a1e4a16d-e006-501c-825e-069612288902', 2, DEFAULT, DEFAULT), ('fadaf10e-2ee7-579b-8053-7f58cffd598b', 'Id Consectetur', 'a1e4a16d-e006-501c-825e-069612288902', 1, DEFAULT, DEFAULT), ('92ef9398-9331-56b1-a03a-e6e35fbeb0de', 'Est Ex', 'a1e4a16d-e006-501c-825e-069612288902', 2, DEFAULT, DEFAULT), ('b1cd0bb8-388a-5376-9ef0-9d52f9f5f03d', 'Ad Ea', 'dec945ef-2e46-5bcf-895f-65373c94da1c', 1, DEFAULT, DEFAULT), ('4b65e820-3715-5923-958c-d432a0d5e5c0', 'In Aute', 'dec945ef-2e46-5bcf-895f-65373c94da1c', 2, DEFAULT, DEFAULT), ('be87d783-fd0c-5c05-9c2e-c025a0b3c25e', 'Exercitation Veniam ', 'dec945ef-2e46-5bcf-895f-65373c94da1c', 2, DEFAULT, DEFAULT), ('e463e92c-fc94-53b3-bc8b-3f56bfcdf083', 'Elit', 'dec945ef-2e46-5bcf-895f-65373c94da1c', 2, DEFAULT, DEFAULT), ('f66ae7e8-3d48-5457-b154-e011bc75fd58', 'Reprehenderit Proide', 'dec945ef-2e46-5bcf-895f-65373c94da1c', 1, DEFAULT, DEFAULT), ('a0a4dac2-148e-56c6-9db3-a61159362053', 'Excepteur Et', 'dec945ef-2e46-5bcf-895f-65373c94da1c', 1, DEFAULT, DEFAULT), ('7f9cfb18-cbff-50cf-a663-7985bcb16cf9', 'Deserunt', 'dec945ef-2e46-5bcf-895f-65373c94da1c', 1, DEFAULT, DEFAULT);
UPDATE public.team SET plan_id = 4 WHERE id = '7c2c4732-09c1-5f7b-87ca-c53e7497b4ef';
UPDATE public.team SET plan_id = 4 WHERE id = 'f50563b6-8532-51ec-b121-d8c6bca3e897';
UPDATE public.team SET plan_id = 4 WHERE id = 'f1bf295c-195b-5a42-9c6b-5bfa14b58307';
UPDATE public.team SET plan_id = 4 WHERE id = 'e0eebbc8-63c9-5fee-b088-b3310b672c35';
UPDATE public.team SET plan_id = 4 WHERE id = '1c17c04a-19f5-5c48-8b6b-48fe02257ffb';
UPDATE public.team SET plan_id = 4 WHERE id = 'a2996c99-b8bb-5bf6-b789-844e821ceb82';
UPDATE public.team SET plan_id = 4 WHERE id = '5d016028-a6a3-5268-91a3-91021dbfda0a';
UPDATE public.team SET plan_id = 4 WHERE id = 'b279891e-05aa-528b-867b-dd6fe5fa77c8';
UPDATE public.team SET plan_id = 4 WHERE id = 'ff53868f-9940-575d-8fa8-923808f93a53';
UPDATE public.team SET plan_id = 4 WHERE id = '8172203a-00e7-5e0e-919b-2970e0d891df';
UPDATE public.team SET plan_id = 4 WHERE id = '7b5ee10b-959f-565b-9dac-a4bab4f6c6bf';
UPDATE public.team SET plan_id = 4 WHERE id = '38400370-0369-5239-8b08-499aef0591ef';
UPDATE public.team SET plan_id = 4 WHERE id = '77394b64-1ec1-5043-8dc3-08f9200521d4';
UPDATE public.team SET plan_id = 4 WHERE id = '56ea9a57-3786-5a49-9700-501eb57a1328';
UPDATE public.team SET plan_id = 4 WHERE id = '731fb763-1773-5758-b8dd-d75381b0e72a';
UPDATE public.team SET plan_id = 4 WHERE id = '068fd5c6-1552-54ac-ade0-1a1e4b095f08';
UPDATE public.team SET plan_id = 4 WHERE id = '397d9892-31da-5629-a035-14fcfec8983a';
UPDATE public.team SET plan_id = 4 WHERE id = 'e5e93090-cc79-544a-8b59-2023550c19ad';
UPDATE public.team SET plan_id = 5 WHERE id = '5e20f9a8-7b26-5a5f-8426-6b12c182d23c';
UPDATE public.team SET plan_id = 5 WHERE id = '53fe0e9e-3358-5722-b994-4faad8733cd3';
UPDATE public.team SET plan_id = 5 WHERE id = 'e4834379-a7a0-5f41-8193-f598072b1c83';
UPDATE public.team SET plan_id = 5 WHERE id = 'a9f91eda-269f-54d0-83de-05f0c2ecbf08';
UPDATE public.team SET plan_id = 5 WHERE id = 'c0062d28-74ce-56b0-8124-852c5c4cdd1f';
UPDATE public.team SET plan_id = 5 WHERE id = 'a1d779f7-e622-5cd1-b766-eb2b7925b3c0';
UPDATE public.team SET plan_id = 5 WHERE id = 'bd4e2ea6-e7d4-5655-93cc-d1ed71c3483c';
UPDATE public.team SET plan_id = 5 WHERE id = 'fb2f612f-57ab-526e-8b57-f5de07942107';
UPDATE public.team SET plan_id = 5 WHERE id = '38cee772-792e-54fe-ae0f-d62f75f71c11';
UPDATE public.team SET plan_id = 5 WHERE id = '60f279f1-b04c-57b1-b6aa-b71a8811c6ab';
UPDATE public.team SET plan_id = 5 WHERE id = 'b5d35d7e-f19e-568e-9efe-911f779c892f';
UPDATE public.team SET plan_id = 5 WHERE id = '3db3509a-5565-5145-aa2d-eb656db639a3';
UPDATE public.team SET plan_id = 5 WHERE id = '16b2ddd9-4627-52fa-8115-8453cfa39374';
UPDATE public.team SET plan_id = 5 WHERE id = '235fae27-2669-539e-8784-3dcbaac570cc';
UPDATE public.team SET plan_id = 5 WHERE id = '85a272fe-9de3-5543-919e-647cccb82b15';
UPDATE public.team SET plan_id = 5 WHERE id = '0ff7c90f-7522-5b63-9234-348cf37ff0b7';
UPDATE public.team SET plan_id = 5 WHERE id = '350ffb75-0a57-59e5-a5c9-179e6696dca6';
UPDATE public.team SET plan_id = 6 WHERE id = '782f7eda-e535-5ab3-8415-643126d3b0fa';
UPDATE public.team SET plan_id = 6 WHERE id = '5daf6f25-3b97-5f49-8f75-4ba5d1d74cd3';
UPDATE public.team SET plan_id = 6 WHERE id = '3788fdae-c690-5563-abac-18b51e4d210f';
UPDATE public.team SET plan_id = 6 WHERE id = '177ae72e-41a6-5325-80d6-452827ea5918';
UPDATE public.team SET plan_id = 6 WHERE id = 'c0a2f5c4-7781-5310-ad3c-e7b9f41a7ace';
UPDATE public.team SET plan_id = 6 WHERE id = '71c019c0-f4c8-51ac-bfff-4141eabf85f3';
UPDATE public.team SET plan_id = 6 WHERE id = 'ab4eb860-b9b9-58f5-84c6-b76a08d23dfd';
UPDATE public.team SET plan_id = 6 WHERE id = 'dd9140ad-b92d-5673-a8c2-8b1c4e3e8697';
UPDATE public.team SET plan_id = 6 WHERE id = '78de8c0c-fe2d-50bd-afca-68bed9f87cd0';
UPDATE public.team SET plan_id = 6 WHERE id = '81e51b22-aab8-5050-a735-aa5917f8771b';
UPDATE public.team SET plan_id = 6 WHERE id = 'f6cb58dd-a0aa-5d2b-8ce5-200e44be4f36';
UPDATE public.team SET plan_id = 6 WHERE id = '48ed64cc-01ce-5cc6-8ffd-8d552f857570';
UPDATE public.team SET plan_id = 6 WHERE id = '0cb21e27-1e4d-50c9-bd0d-f6696d98b44c';
UPDATE public.team SET plan_id = 6 WHERE id = '29d37d99-954e-5434-8e90-9d564d65e434';
UPDATE public.team SET plan_id = 6 WHERE id = '64957ee8-7d0b-54ac-82da-6c959456806c';
UPDATE public.team SET plan_id = 6 WHERE id = 'b96a16b9-db3a-5601-8741-9aae600f278b';
UPDATE public.team SET plan_id = 6 WHERE id = 'c25b7aec-7cbc-5229-a69a-f81a4d2a8c67';
UPDATE public.team SET plan_id = 6 WHERE id = 'ac4eab2d-141d-51f8-b7e8-eb7666d753eb';
UPDATE public.team SET plan_id = 6 WHERE id = 'a1e4a16d-e006-501c-825e-069612288902';
UPDATE public.team SET plan_id = 6 WHERE id = 'dec945ef-2e46-5bcf-895f-65373c94da1c';
SELECT setval('"public"."plan_id_seq"'::regclass, (SELECT MAX("id") FROM "public"."plan"));
INSERT INTO public.arena (id,game_id,name,metadata,created_at,updated_at) VALUES (11, 2, 'Silverlake Stadium', '{"A":"Sed explicem"}', DEFAULT, DEFAULT), (12, 1, 'Downtown Plaza Pavilion', '{"In":"Adiuvet ne bonare"}', DEFAULT, DEFAULT), (13, 2, 'Bayshore Pavilion', '{"Se":"Petu ad causam"}', DEFAULT, DEFAULT), (14, 1, 'Sunset Stadium', '{"Es":"Videntur aut"}', DEFAULT, DEFAULT), (15, 2, 'Downtown Square Pavilion', '{"Tamenti":"Adipsa dolorem veris"}', DEFAULT, DEFAULT), (16, 2, 'Oceanfront Amphitheater', '{"Non":"Reliqua voluptatem"}', DEFAULT, DEFAULT), (17, 2, 'Main Square Arena', '{"Ut":"Dolor quo"}', DEFAULT, DEFAULT), (18, 2, 'Southbank Arena', '{"Omnino":"Synephebosop acut sicut"}', DEFAULT, DEFAULT), (19, 1, 'Waterfront Amphitheater', '{"Alest":"Ipse pertur voluptate"}', DEFAULT, DEFAULT), (20, 1, 'Meadowbrook Pavilion', '{"A":"Voluptatib posse quae"}', DEFAULT, DEFAULT);
SELECT setval('"public"."arena_id_seq"'::regclass, (SELECT MAX("id") FROM "public"."arena"));
INSERT INTO public.blueprint (id,book_id,arena_id,visibility,name,tags,data,created_at,updated_at) VALUES ('fd4a2d4e-8569-59ca-837d-fb7fa0ab1be1', '8b7e423b-b9b9-5b3c-bf3d-1aa45d16235c', 15, 'public', 'Roaming Support Plan', '{"amet est anim anim","enim aliquip","incididunt ullamco culpa in proi"}', DEFAULT, DEFAULT, DEFAULT), ('e0502ed9-8194-54d4-be5d-43176e2a7438', '7e8beeb3-7ee9-5191-900a-86dc6213ec6c', 18, 'unlisted', 'Roaming Support Plan', '{"nulla ipsum in reprehenderit","fugiat","occaecat ut adipisicing labore","culpa laborum dolor","laborum reprehenderit"}', DEFAULT, DEFAULT, DEFAULT), ('cba89714-5b1d-590f-92a2-27cfb555b7e4', '7982e717-2466-57d1-8e77-2f2f17be0182', 14, 'public', 'Gank Heavy Approach', '{"minim voluptate nulla adipisicin"}', DEFAULT, DEFAULT, DEFAULT), ('497b8842-fb80-5638-ba6f-3f3e64daa06b', '853509f0-6836-5fa7-87f2-fb0a9a8766d2', 12, 'public', 'Map Control Blueprint', '{"dolor enim est dolore","labore reprehenderit voluptate","labore sint"}', DEFAULT, DEFAULT, DEFAULT), ('75fbf0dd-b3c9-5513-87f0-9d9a9004f64c', '887dee3f-7921-537c-91f1-8b0d43117b12', 13, 'private', 'Baron Control Strategy', '{"consectetur aliquip"}', DEFAULT, DEFAULT, DEFAULT), ('0352b4c9-6de9-5702-929d-3d622c6456a1', 'eb3e804d-5ed0-59a1-900b-3b0f9b2cb577', 14, 'public', 'Rotation Strategy Document', '{"eiusmod consectetur","nulla culpa elit","minim qui nulla","qui ad","incididunt laborum sit commodo"}', DEFAULT, DEFAULT, DEFAULT), ('1e701d2b-566c-5f82-8280-a2a9d02ee590', '91434b27-2651-5429-8f42-45c3f8e334a0', 14, 'unlisted', 'Early Game Dominance Guide', '{"ipsum do","et anim fugiat"}', DEFAULT, DEFAULT, DEFAULT), ('f04c0ed1-b624-5092-8b98-dae6fff857dc', '438bff0e-fd50-5c86-89ee-d397a0c0e548', 16, 'private', 'Early Game Dominance Guide', '{"mollit","eiusmod","in cupidatat cillum mollit commo","occaecat adipisicing","adipisicing commodo et duis dese","id id incididunt eiusmod adipisi","ut irure ullamco mollit","enim","eu dolor do","veniam ipsum dolor veniam quis"}', DEFAULT, DEFAULT, DEFAULT), ('7eef79d9-ea6c-5417-b347-09dbcb8b4c78', 'dc376aff-9563-59fe-ac16-2760fcfb9752', 13, 'unlisted', 'Roaming Support Plan', '{"tempor","aliquip consectetur","eu consequat","nisi velit elit minim","Lorem eiusmod exercitation exerc","laborum velit id","nisi deserunt occaecat","do proident incididunt deserunt ","est voluptate sunt"}', DEFAULT, DEFAULT, DEFAULT), ('3aff3e37-0331-5c7a-a0f5-1b6595c2ad7b', 'ddb44318-7e83-5b4d-8ba4-3bbd19edd327', 19, 'public', 'Baron Control Strategy', '{"in","tempor consectetur","ipsum cillum","culpa ad dolor eu","adipisicing id eu eu deserunt","nisi excepteur amet"}', DEFAULT, DEFAULT, DEFAULT), ('7c0cf1d4-d57d-5092-a3f0-ca49e04ace52', 'e4de1a09-bd9a-5e42-b92c-2cb1af28bec6', 13, 'public', 'Roaming Support Plan', '{"adipisicing ad","minim pariatur proident deserunt","laboris sint","sunt eu cillum","enim aliqua velit sunt enim"}', DEFAULT, DEFAULT, DEFAULT), ('26c80d6d-0d6f-5fb2-8296-8b5e9e1fdeb7', 'cd1520c4-af17-5e1e-b5b0-a9e95f36a7c4', 20, 'unlisted', 'Early Game Dominance Guide', '{"et eiusmod ex","Lorem Lorem exercitation","sunt quis voluptate","laboris aliquip","exercitation elit aute esse","nulla deserunt adipisicing in","sint nisi reprehenderit laboris","non voluptate sunt sit aliqua","in mollit"}', DEFAULT, DEFAULT, DEFAULT), ('310ccf44-859c-5587-8001-5aa84afb3236', 'ab07c47c-511a-5092-acb9-cbf862e0076b', 17, 'private', 'Wave Management Plan', '{"cillum sint adipisicing","aliquip eu adipisicing","sunt veniam anim ullamco","quis mollit dolor","eiusmod ipsum","cillum consectetur amet","Lorem occaecat in voluptate anim","minim id adipisicing","irure tempor"}', DEFAULT, DEFAULT, DEFAULT), ('c6131a0d-c1ea-5dce-8460-c91026e41f9f', '3adfc207-aaeb-5fa1-b329-eb7ef2061320', 17, 'public', 'Siege Tactics Handbook', '{"et aute","anim ut ad sunt","eu","ipsum enim dolore"}', DEFAULT, DEFAULT, DEFAULT), ('054eb394-a081-59a1-b613-e1c8bbcc6250', '88501f36-608d-5074-ab3f-752cd478292f', 13, 'public', 'Counter Pick Blueprint', '{}', DEFAULT, DEFAULT, DEFAULT), ('4cb602e9-b66f-5f7e-a7a1-71729454372c', '79efb743-bb54-546e-8bdf-089509399715', 18, 'unlisted', 'Rotation Strategy Document', '{"commodo","dolor"}', DEFAULT, DEFAULT, DEFAULT), ('8ed312f8-fa19-5305-a78e-7cdee2dc9e00', '6ec75264-eddd-5d93-b46a-ea1447200d4d', 19, 'private', 'Aggressive Rush Strategy', '{"quis","fugiat elit","nisi culpa ad","aliquip nostrud occaecat","mollit ad eu","anim cupidatat proident quis","ipsum enim"}', DEFAULT, DEFAULT, DEFAULT), ('c9bad04c-3d6e-5efe-9540-7763dde57640', 'a8212e1b-5577-5c28-9c38-2d4fbd753550', 19, 'private', 'Objective Focused Strategy', '{"magna ullamco","et sunt irure","ipsum dolore duis","elit sunt sunt","sunt nostrud anim amet","occaecat quis"}', DEFAULT, DEFAULT, DEFAULT), ('7a350dde-d215-538c-bfd3-d5cdd8b40555', '9d87fe57-7f5a-555d-8ceb-54297334ec14', 20, 'public', 'Counter Pick Blueprint', '{"dolore","deserunt fugiat","velit sit anim officia reprehend","commodo veniam nisi fugiat","amet ad aliqua","voluptate pariatur eiusmod elit"}', DEFAULT, DEFAULT, DEFAULT), ('bd6c4dd0-06e8-56ab-abd6-6e9e777c13a7', 'ad1bbcac-cdbb-551f-b25a-b14b40074515', 14, 'public', 'Counter Pick Blueprint', '{"excepteur est labore","duis ut est proident magna","nostrud aliquip id","consectetur cupidatat labore sun","enim eu enim et excepteur"}', DEFAULT, DEFAULT, DEFAULT), ('844103e5-8cf8-5795-8a63-ccecfc3e2001', '21d7354f-afef-5425-9907-92a0ff9e7110', 16, 'public', 'Gank Heavy Approach', '{"laborum ut quis","culpa","ad","ullamco","dolore sint adipisicing","fugiat tempor","incididunt consectetur consequat","irure excepteur ullamco voluptat","proident eu in"}', DEFAULT, DEFAULT, DEFAULT), ('582d0ca1-76cc-5500-9dd8-190ab817072d', '644bfc5c-cf27-5d76-8355-4e4c8d73061f', 19, 'private', 'Vision Control Blueprint', '{"in occaecat","laborum eiusmod","fugiat ad adipisicing","nisi mollit dolor consequat","dolore quis","laborum proident minim cillum"}', DEFAULT, DEFAULT, DEFAULT), ('9012aa86-f8a2-5033-82d5-336bcaa03c26', 'df0b9534-eb70-596b-965a-89561ef803da', 20, 'public', 'Siege Tactics Handbook', '{"consectetur ipsum excepteur anim","aliqua anim reprehenderit irure","sint ipsum ad","ea cillum ea","commodo est"}', DEFAULT, DEFAULT, DEFAULT), ('746bb5ad-439a-519a-90ef-991641df1623', 'fe24988b-bca5-5bf5-be0f-c92da7b2cbe1', 18, 'unlisted', 'Late Game Scaling Strategy', '{"amet","consequat eu in minim","nisi qui","tempor quis consectetur","excepteur et consequat non","et eiusmod amet","non labore","quis ea duis laborum incididunt","enim cillum"}', DEFAULT, DEFAULT, DEFAULT), ('b1bab82d-de7c-55e3-8115-1651b8f68765', 'e4c44768-00c8-52e6-80f9-625972d5d9b9', 12, 'private', 'Secure Objective Playbook', '{"occaecat proident pariatur est","irure do ea","do","fugiat"}', DEFAULT, DEFAULT, DEFAULT), ('0145500d-2ab2-5c49-9cea-edd711ce1cc9', '7bf99080-cdc6-5456-b6d5-417e28b4eba5', 14, 'unlisted', 'Aggressive Rush Strategy', '{"aliqua ut","esse dolore eiusmod minim Lorem","duis mollit exercitation cupidat","labore sit ut dolor","officia id","irure ex","qui qui laboris deserunt","deserunt sint","ex"}', DEFAULT, DEFAULT, DEFAULT), ('703c3370-90fb-5d22-8365-f34357b3ffb8', 'a0a4dac2-148e-56c6-9db3-a61159362053', 17, 'private', 'Rotation Strategy Document', '{"in minim nulla occaecat"}', DEFAULT, DEFAULT, DEFAULT), ('fd862b26-fe8c-52d0-b06e-3c9f938bd3ab', '81cd6138-b0c3-5d83-86b9-8143c909421b', 17, 'public', 'Jungle Control Playbook', '{"laborum dolor minim","ea pariatur","ea elit nostrud qui","dolore aute voluptate"}', DEFAULT, DEFAULT, DEFAULT), ('70415515-b81b-59ef-a1ed-18578b73b7ae', 'd297ab9e-40d4-51b5-bb8f-a1df399f1a9a', 18, 'private', 'Baron Control Strategy', '{"minim eiusmod voluptate eu","laborum laboris elit"}', DEFAULT, DEFAULT, DEFAULT), ('c5558815-aa72-5938-a7c8-62ae2c1a039c', 'f8fbdff1-11b4-54fa-ab90-292d82d3d353', 18, 'public', 'Secure Objective Playbook', '{"fugiat occaecat mollit","et ipsum proident","labore veniam pariatur","non dolore sint","exercitation magna consectetur c"}', DEFAULT, DEFAULT, DEFAULT), ('703bbd20-9625-5bd7-8aa3-5ead0245fe50', 'c3c19070-f0b8-5d8b-8806-a00d5fe919aa', 11, 'unlisted', 'Objective Focused Strategy', '{"aliqua labore eu","tempor","aliqua duis sit voluptate tempor","Lorem nisi","nisi ad sint","do occaecat id","tempor do"}', DEFAULT, DEFAULT, DEFAULT), ('68ff3d82-b6b6-5053-9e74-aa9b346dd8d1', '5783cab4-e010-523b-b893-81b388f43d06', 20, 'private', 'Wave Management Plan', '{"laboris sunt quis mollit","fugiat","sint id laborum tempor excepteur","Lorem","laborum nisi incididunt deserunt","dolore Lorem cupidatat nostrud l","dolore","pariatur et"}', DEFAULT, DEFAULT, DEFAULT), ('522e120d-7e21-504a-9c96-99e429197e5a', '45173bfe-a11f-574a-ac25-21cda1308ec9', 17, 'unlisted', 'Counter Pick Blueprint', '{"tempor mollit aliqua","tempor","minim incididunt","est aute in eiusmod veniam","aliquip ullamco ad laborum","adipisicing nostrud laboris moll","ullamco amet id est officia"}', DEFAULT, DEFAULT, DEFAULT), ('54b879fc-04e4-53b3-8cec-0174fc0ccd34', 'e93ac05b-5c6e-5233-8fb4-6d181ade2e59', 15, 'private', 'Counter Pick Blueprint', '{"nisi","esse","pariatur velit"}', DEFAULT, DEFAULT, DEFAULT), ('fb90b354-0ae1-59da-9637-61f6c5ed3fb9', '3b3a2ed4-3283-5a09-84d9-c7de876d5510', 14, 'public', 'Secure Objective Playbook', '{"enim occaecat incididunt anim ut","excepteur eu est","enim","adipisicing non non"}', DEFAULT, DEFAULT, DEFAULT), ('95b3988b-e14b-57a7-900d-4985cb116f17', 'e65e3ae4-b6c1-5ea9-8919-68994c5760a0', 16, 'private', 'Gank Heavy Approach', '{"proident ad adipisicing","labore","mollit aute","elit commodo ex irure","esse anim veniam","occaecat ad","minim deserunt"}', DEFAULT, DEFAULT, DEFAULT), ('7d1face3-2e87-52f5-9623-fff9de0a6539', 'c7198a1e-f50c-5635-a5bf-2073d4da7bc6', 19, 'public', 'Map Control Blueprint', '{"excepteur anim sit id consectetu","mollit pariatur duis dolor","enim aliquip consequat","ea nisi deserunt","veniam aliquip","ad officia occaecat est","ullamco et cillum nulla"}', DEFAULT, DEFAULT, DEFAULT), ('e8bf9a25-132d-5d46-b40a-d08534be6c9f', 'd8d62e21-c0a5-5c19-90d6-7c8e7e16f162', 11, 'unlisted', 'Counter Pick Blueprint', '{"enim laboris aute","irure in","do laboris voluptate","incididunt mollit sint et ullamc","elit","exercitation irure","officia enim sint elit eu","qui esse pariatur","nulla tempor irure"}', DEFAULT, DEFAULT, DEFAULT), ('29a560e9-84d9-5f41-9b09-76969cbfb144', 'be87d783-fd0c-5c05-9c2e-c025a0b3c25e', 12, 'public', 'Counter Pick Blueprint', '{"minim consequat consequat","ut ut anim incididunt","veniam commodo est","occaecat officia","ut sint"}', DEFAULT, DEFAULT, DEFAULT), ('d9c4b302-5ab0-5114-8120-41d1876c7eb9', 'e463e92c-fc94-53b3-bc8b-3f56bfcdf083', 17, 'public', 'Objective Focused Strategy', '{"pariatur ea","proident adipisicing laborum","minim consequat dolore nostrud e"}', DEFAULT, DEFAULT, DEFAULT), ('ca1b9e1e-f7c0-5c4a-a566-aabf3f7ebb80', '88133dcb-8b00-5c2c-aee5-9f0743f5239d', 13, 'unlisted', 'Vision Denial Blueprint', '{"ad ea nulla officia","proident irure minim","nostrud sunt irure","enim sint laborum qui","sunt","aute ut in","est"}', DEFAULT, DEFAULT, DEFAULT), ('cde91e33-9c71-56e0-b19e-f2372fa577cf', '9af6e0ef-7015-5390-856a-705032c2e40e', 20, 'private', 'Secure Objective Playbook', '{"aute dolore est amet in","do eu fugiat quis","reprehenderit ad","nostrud irure dolore","in qui"}', DEFAULT, DEFAULT, DEFAULT), ('013547e4-326e-5221-8377-310093ccf53a', '34e08312-6163-54ad-8f00-271b535d720e', 20, 'private', 'Rotation Strategy Document', '{}', DEFAULT, DEFAULT, DEFAULT), ('50cffa66-dd91-5aed-8c46-1b76e488de31', 'f709cb99-5cd9-5ff0-bed0-5c80da44827e', 16, 'unlisted', 'Rotation Strategy Document', '{"velit occaecat aliqua consectetu","nisi veniam qui","qui cillum ipsum quis","magna enim ipsum duis","eiusmod ut ut tempor","esse veniam tempor sint","do in aliquip esse"}', DEFAULT, DEFAULT, DEFAULT), ('f550c2bf-a147-5e29-8a01-470336f387eb', 'e25e0c45-28e1-5923-b63d-64b8ddeff422', 16, 'unlisted', 'Map Control Blueprint', '{"sunt duis","in nulla adipisicing in occaecat"}', DEFAULT, DEFAULT, DEFAULT), ('a30e3d57-ad0a-594d-9622-8a2514b8110c', 'dc58dd7b-bb54-5abe-8208-becc5e0561ad', 18, 'private', 'Roaming Support Plan', '{"cillum incididunt ullamco ut","amet tempor","culpa elit","adipisicing fugiat mollit","fugiat ad","incididunt ullamco adipisicing c","mollit nulla"}', DEFAULT, DEFAULT, DEFAULT), ('cb76f565-509b-50d9-bbe4-5c6e7c9b0eb4', '7982e717-2466-57d1-8e77-2f2f17be0182', 20, 'unlisted', 'Secure Objective Playbook', '{"reprehenderit mollit consequat","id velit enim","consectetur adipisicing fugiat n","nisi commodo","laboris nulla sunt occaecat labo"}', DEFAULT, DEFAULT, DEFAULT), ('a344c7b4-07e6-54df-b4ed-f27c7916e147', 'a00f2df0-a74b-51ab-8311-51125014b9ef', 12, 'public', 'Split Push Blueprint', '{"et sint"}', DEFAULT, DEFAULT, DEFAULT), ('6c40d2d3-07ad-5aa1-a5fa-cf5861475e5d', 'b1cd0bb8-388a-5376-9ef0-9d52f9f5f03d', 15, 'unlisted', 'Team Fight Execution Plan', '{"sit mollit","irure do nisi","ut aliquip"}', DEFAULT, DEFAULT, DEFAULT), ('ba7460a4-9316-52e4-9e3a-05ee82b85e66', 'b2d93b00-3fd1-5f66-b5f3-18a3077abaa9', 15, 'unlisted', 'Split Push Blueprint', '{"mollit magna","ad","velit aute","enim","non eu pariatur","in aute culpa","adipisicing anim laborum","ut dolor excepteur laboris"}', DEFAULT, DEFAULT, DEFAULT), ('fb3595df-62ad-5f54-ac34-3a578952555c', '98bf31df-37fd-5af6-86dd-8686cdc35eeb', 19, 'public', 'Map Control Blueprint', '{"cillum","ut magna id fugiat ut","do","id ea eiusmod labore","est consequat dolore","incididunt","ad"}', DEFAULT, DEFAULT, DEFAULT), ('90edde40-1b87-5f75-90b9-68639fbcb2b8', 'fd8e258e-4711-5b22-b0f3-1f5725eb642f', 18, 'unlisted', 'Map Control Blueprint', '{"nisi ipsum ipsum sit","ex velit deserunt","non proident magna ut","mollit","quis sint anim elit aliqua","est ipsum officia","et Lorem","laboris nulla reprehenderit","magna in tempor","ipsum minim amet commodo"}', DEFAULT, DEFAULT, DEFAULT), ('ea26a496-35d8-5f3f-a769-a80898ec7b17', 'f8fbdff1-11b4-54fa-ab90-292d82d3d353', 12, 'unlisted', 'Aggressive Rush Strategy', '{"esse nostrud ipsum do","ut minim laboris Lorem","aliqua labore incididunt elit"}', DEFAULT, DEFAULT, DEFAULT), ('035a0a25-d588-551c-9f76-4e9f593ffaf4', 'ddb44318-7e83-5b4d-8ba4-3bbd19edd327', 19, 'public', 'Aggressive Rush Strategy', '{"reprehenderit duis"}', DEFAULT, DEFAULT, DEFAULT), ('e7f55997-6008-5d29-9f7f-564ab748cc59', '097c4d8e-94d3-5fd3-94ca-7bbb66cf6929', 18, 'private', 'Siege Tactics Handbook', '{"culpa ad ad ipsum","officia cillum","voluptate et deserunt labore ull","eiusmod","nisi Lorem incididunt"}', DEFAULT, DEFAULT, DEFAULT), ('396ce0bd-b3e1-5b3c-94ea-bb5357e1c76a', '6c52c1d9-13a4-51ef-ae51-1dacc4c14be9', 19, 'unlisted', 'Roaming Support Plan', '{"minim dolor sit excepteur ipsum","culpa ex pariatur enim","cupidatat sint velit nisi","voluptate excepteur nulla ipsum","proident","ut aute duis dolore","nostrud tempor","eu tempor tempor incididunt"}', DEFAULT, DEFAULT, DEFAULT), ('4cb2c65b-80df-57cc-9c0d-6c346029b88f', 'd8d62e21-c0a5-5c19-90d6-7c8e7e16f162', 15, 'public', 'Objective Focused Strategy', '{"consequat","voluptate ex","sint in tempor","cillum reprehenderit est mollit ","nostrud dolore","pariatur nulla officia nulla est","laboris amet tempor"}', DEFAULT, DEFAULT, DEFAULT), ('8172dfee-2cce-5dee-9293-b6bd5f74d656', 'deab978c-4953-507c-b4fb-f509dd35f454', 19, 'public', 'Team Fight Execution Plan', '{"sit labore laborum officia","sunt","esse laborum","deserunt exercitation"}', DEFAULT, DEFAULT, DEFAULT), ('910e8e4b-af24-5f28-a2eb-631066a490eb', '7bf99080-cdc6-5456-b6d5-417e28b4eba5', 18, 'public', 'Vision Denial Blueprint', '{"veniam esse mollit","ut qui commodo in","amet Lorem laborum commodo","aliquip ex sunt esse","proident laboris fugiat","aliqua nulla qui adipisicing vol","ut amet quis"}', DEFAULT, DEFAULT, DEFAULT), ('150381a3-e791-54de-9419-0edac12fb9eb', '9584676f-0635-591a-a937-d230d9a3abf3', 12, 'public', 'Counter Pick Blueprint', '{"eu est","dolor exercitation qui nostrud","adipisicing","anim et sint","non magna deserunt exercitation ","quis","adipisicing laborum velit","ut est"}', DEFAULT, DEFAULT, DEFAULT), ('ddb37574-0dbe-5aa4-a5e8-b15242cefaff', '59fbbc7c-edc9-5d3c-9170-cf6acabbcd28', 17, 'private', 'Counter Pick Blueprint', '{"ea amet qui non","et elit","aliqua"}', DEFAULT, DEFAULT, DEFAULT), ('77fbdaed-4103-591b-82ee-3e3fa4b78a9b', 'ac772386-a452-5d18-88c7-396c2a71eb0b', 20, 'public', 'Late Game Scaling Strategy', '{"elit tempor nostrud","consectetur officia occaecat inc","consectetur duis voluptate","sit Lorem","minim ad","officia quis aute","ut commodo aliquip"}', DEFAULT, DEFAULT, DEFAULT), ('0f1e8b42-396d-5765-be37-bce2ee646e04', '9af6e0ef-7015-5390-856a-705032c2e40e', 14, 'public', 'Defensive Turtle Tactics', '{"minim est","ea","veniam","amet aliquip cupidatat ad"}', DEFAULT, DEFAULT, DEFAULT), ('5308f8b3-4d4d-529a-bd7c-3a77ac4fe6ae', 'c1b69361-a3c3-5c2a-8a7a-23aa07e97e87', 17, 'public', 'Jungle Control Playbook', '{"aute magna adipisicing et"}', DEFAULT, DEFAULT, DEFAULT), ('851e9ece-db38-530e-b3f9-f5e1d49a3b34', '6c52c1d9-13a4-51ef-ae51-1dacc4c14be9', 17, 'private', 'Gank Heavy Approach', '{"qui consequat nulla consequat","mollit","duis ea aliqua","ad nulla","commodo","Lorem id"}', DEFAULT, DEFAULT, DEFAULT), ('2189cd55-c657-5ce9-999a-da1a2dbf7ea0', '5c5c81ab-962f-58e6-94da-fcec32b54a8a', 11, 'private', 'Late Game Scaling Strategy', '{"irure consectetur","laborum sunt voluptate velit eiu","eiusmod mollit ex","irure non nostrud anim","dolore in","magna anim labore dolor","dolore dolore","dolore"}', DEFAULT, DEFAULT, DEFAULT), ('902d4a21-0657-5095-b741-ac0d408bb89e', 'd6d652bf-48a5-5a85-a95d-16c25edc5397', 17, 'private', 'Early Game Dominance Guide', '{"laborum Lorem","tempor occaecat enim fugiat dolo","irure proident","magna elit deserunt","ex ex amet do","ut irure"}', DEFAULT, DEFAULT, DEFAULT), ('0d40f7c0-72b0-55c2-8e48-c6c65bd9815f', '4b65e820-3715-5923-958c-d432a0d5e5c0', 12, 'public', 'Map Control Blueprint', '{"sunt Lorem eiusmod","culpa ad minim","amet"}', DEFAULT, DEFAULT, DEFAULT), ('f09f5f0c-d6f4-5089-a919-82fdea15dad9', 'ddb44318-7e83-5b4d-8ba4-3bbd19edd327', 11, 'private', 'Vision Denial Blueprint', '{"non velit exercitation","magna incididunt fugiat esse sit","ullamco culpa","laboris tempor esse mollit sint","sunt deserunt","aliquip","eiusmod ea ad enim","et est minim ipsum"}', DEFAULT, DEFAULT, DEFAULT), ('9bfcf305-f3a4-5bed-9ee4-3f5ccf9e59af', '844afdcc-93cf-55c8-b0f1-1cc22329a30b', 15, 'private', 'Early Game Dominance Guide', '{"excepteur laboris nostrud repreh","elit non commodo qui"}', DEFAULT, DEFAULT, DEFAULT), ('2ff309f0-6726-5920-ad23-47ba58fd2525', 'f561c33d-0589-5163-a677-f2a1eb6b3322', 18, 'unlisted', 'Counter Pick Blueprint', '{"ut esse elit sit","labore dolor amet","sit in velit ad occaecat","ullamco amet cupidatat nostrud e","est","proident magna incididunt consec"}', DEFAULT, DEFAULT, DEFAULT), ('bac302d7-9e20-52d1-89cc-b0e99ef3b896', 'd1b6355b-0594-5d07-b55b-72d2c66a1391', 12, 'public', 'Defensive Turtle Tactics', '{"consequat mollit velit","fugiat","aliquip do duis","qui ad pariatur nostrud"}', DEFAULT, DEFAULT, DEFAULT), ('ef31ceeb-0f8d-5da0-ab9c-18045c420f99', 'd297ab9e-40d4-51b5-bb8f-a1df399f1a9a', 15, 'private', 'Defensive Turtle Tactics', '{"nulla labore incididunt","nulla mollit","sint","adipisicing enim","nostrud"}', DEFAULT, DEFAULT, DEFAULT), ('2be70e34-56ed-5cb2-9758-b8f796ec32ec', 'e9decb87-4a50-5c41-896c-16fe0d21ebca', 20, 'public', 'Wave Management Plan', '{"sunt enim mollit velit dolor","laboris velit sint reprehenderit","enim sunt quis Lorem","consequat eu"}', DEFAULT, DEFAULT, DEFAULT), ('49e5f9f5-6a8f-5423-81e9-9e8e2c467770', 'eea550bd-8120-5fb2-9339-ad3a549506d4', 19, 'unlisted', 'Siege Tactics Handbook', '{"pariatur","minim laboris ullamco amet"}', DEFAULT, DEFAULT, DEFAULT), ('421a5d89-58fa-56e2-87c9-a4c6fd3159db', 'd6d652bf-48a5-5a85-a95d-16c25edc5397', 19, 'public', 'Defensive Turtle Tactics', '{"sunt laboris proident veniam","nisi commodo tempor non et","do minim dolore do","et aliqua deserunt aliquip","reprehenderit adipisicing","ea enim laborum","aute excepteur","incididunt proident ea enim pari","duis nostrud deserunt aliqua"}', DEFAULT, DEFAULT, DEFAULT), ('c2ab0ed6-ea98-544f-a35e-cfff5a185dc8', 'fb634118-b8a6-50b7-9010-0317dd27fba6', 12, 'unlisted', 'Roaming Support Plan', '{"quis ullamco voluptate","id proident enim commodo","consequat culpa","ullamco aliqua commodo culpa tem","ut cillum ullamco"}', DEFAULT, DEFAULT, DEFAULT), ('6c6d219e-3884-5c60-8485-0fb500d0b675', '71edf17f-e471-58c3-bbf8-8111bd6c7c8e', 18, 'unlisted', 'Roaming Support Plan', '{"sit tempor consequat amet","quis voluptate ea commodo ullamc","deserunt voluptate laborum repre","excepteur laboris dolore","do laboris tempor occaecat molli","sint culpa"}', DEFAULT, DEFAULT, DEFAULT), ('d5fd2418-0c52-558a-8369-707f9186db0b', 'a3141029-aec2-543b-b18a-49fe947e3304', 16, 'unlisted', 'Early Game Dominance Guide', '{"ex","magna officia id ex","nisi esse ex fugiat","deserunt velit eu","pariatur ut consectetur nisi","pariatur nostrud non voluptate","nisi ad ad qui","enim sunt quis"}', DEFAULT, DEFAULT, DEFAULT), ('0f22fcab-183d-5e80-9a98-c495a215f5f8', '831f051c-863e-5783-acbb-10017cb1c3ce', 11, 'unlisted', 'Defensive Turtle Tactics', '{"laborum occaecat excepteur elit","ea ipsum fugiat veniam aute"}', DEFAULT, DEFAULT, DEFAULT), ('f92c2ba5-8b0e-58ef-9364-e364e4c41522', 'be8eca74-88dc-5f62-a6bb-1a0cde780aab', 18, 'unlisted', 'Counter Pick Blueprint', '{"consequat culpa culpa nulla","laborum laboris ex","dolore cillum aliquip cupidatat","in id est"}', DEFAULT, DEFAULT, DEFAULT), ('e2ec2872-d983-5938-8f1c-38a9a14124dd', '5ce056de-a21e-5eba-9d47-e09232047aae', 18, 'public', 'Counter Pick Blueprint', '{"eu eu aliqua","exercitation ullamco veniam labo","ea eu veniam","cillum id","culpa cillum esse","commodo id","pariatur veniam"}', DEFAULT, DEFAULT, DEFAULT), ('4d4230bc-d1b6-532c-9bbf-8c67caf4f9ed', '3204ce32-7c5b-5953-969e-fe1d17de6e76', 13, 'private', 'Early Game Dominance Guide', '{"eiusmod enim Lorem","fugiat occaecat dolore nisi"}', DEFAULT, DEFAULT, DEFAULT), ('8be9ffc5-25d1-5c32-be1f-9a9ec00544f6', 'dcab4cd0-81d2-521a-8a86-4b94b840415d', 16, 'unlisted', 'Early Game Dominance Guide', '{"ad aute sit aute","laboris","veniam dolor","officia enim","nulla nostrud laborum excepteur","fugiat esse cillum","consectetur in exercitation"}', DEFAULT, DEFAULT, DEFAULT), ('a3241e44-bd93-5a11-a730-863e8eb75275', 'cd7c291a-6d6e-5632-91e5-b7fd7a634d7d', 17, 'private', 'Gank Heavy Approach', '{"nulla Lorem","minim esse consequat aute","ullamco Lorem incididunt"}', DEFAULT, DEFAULT, DEFAULT), ('a1c32f18-989f-5961-80f5-4a21a838bc95', '70e095a9-713d-5fe2-a06a-8145febdb917', 20, 'private', 'Baron Control Strategy', '{"laborum labore ullamco non proid","mollit cupidatat nulla","do incididunt esse enim reprehen","aliqua"}', DEFAULT, DEFAULT, DEFAULT), ('8fde1282-59d1-5f9b-bc10-4130ce793fa9', 'e463e92c-fc94-53b3-bc8b-3f56bfcdf083', 19, 'public', 'Late Game Scaling Strategy', '{"eiusmod sunt do dolor non","officia deserunt commodo","sit exercitation duis officia"}', DEFAULT, DEFAULT, DEFAULT), ('f85f8e1b-b8a0-528e-bc81-49b3e6a34ee5', 'eda91f04-12ef-5904-88aa-e6ed9a692e03', 12, 'unlisted', 'Wave Management Plan', '{"aliquip occaecat nostrud irure n","cillum proident velit","consectetur magna aliqua nostrud","ullamco","excepteur","labore commodo aliqua sunt volup","officia","tempor"}', DEFAULT, DEFAULT, DEFAULT), ('e16cfe57-140d-5b3e-90f8-910575ffdd47', '061a9df6-5f3b-55cf-9879-eec1a4061457', 14, 'unlisted', 'Early Game Dominance Guide', '{"nostrud incididunt","aliqua ut sit in anim","veniam qui id","dolore"}', DEFAULT, DEFAULT, DEFAULT), ('06866e23-2aeb-59f2-9d3c-156507eb23db', '98eaafd3-adbf-5a3e-adb9-b3fb6971b6f1', 19, 'private', 'Gank Heavy Approach', '{"deserunt labore","laboris qui aute","pariatur incididunt non","esse esse"}', DEFAULT, DEFAULT, DEFAULT), ('e5c44c16-4905-59d0-8c2a-f48ebfc3fdcc', '0e342915-b360-541f-8c0a-bdf36b3c0ce2', 13, 'unlisted', 'Split Push Blueprint', '{"ea Lorem sit labore duis","magna eu","elit deserunt mollit","ad","aute amet ad labore","ut laboris mollit sunt"}', DEFAULT, DEFAULT, DEFAULT), ('0298782b-da7d-55b4-a736-8126dd2f9d32', '495390bc-68e6-52a4-b1ba-2f994586821a', 15, 'private', 'Early Game Dominance Guide', '{"sint officia et","culpa esse nostrud adipisicing","dolore","excepteur cupidatat","aliqua","ut pariatur eiusmod","consectetur do aute","exercitation qui et elit","do elit dolore irure"}', DEFAULT, DEFAULT, DEFAULT), ('8f534833-d8c3-5d0a-b63c-bd2740be0330', 'b5f933d0-c28e-517c-9fca-d9e38dc742a2', 20, 'private', 'Objective Focused Strategy', '{"excepteur culpa tempor","do commodo","minim nostrud irure"}', DEFAULT, DEFAULT, DEFAULT), ('1caeec83-1956-53fb-9c1a-7f585775c524', 'e25e0c45-28e1-5923-b63d-64b8ddeff422', 16, 'public', 'Defensive Turtle Tactics', '{"tempor id et officia","laborum incididunt dolor"}', DEFAULT, DEFAULT, DEFAULT), ('28f2bbc2-0260-5d64-a9bf-64e9bc163c30', 'b737f334-53a3-585e-98d7-69fce744e35e', 17, 'unlisted', 'Jungle Control Playbook', '{"proident incididunt laboris anim","nulla reprehenderit aliquip","incididunt esse","labore sit duis","consectetur labore est"}', DEFAULT, DEFAULT, DEFAULT), ('8590b74a-b67e-5525-9786-4e0fc4c65d06', 'a88bc9b9-135e-55c7-8c4c-5a072a3c8573', 14, 'private', 'Wave Management Plan', '{"irure eu eu","in ad ullamco minim","incididunt deserunt laboris aliq","pariatur tempor anim","deserunt ipsum ipsum laborum","aute exercitation dolor","pariatur"}', DEFAULT, DEFAULT, DEFAULT), ('fa5e4221-0eae-5da7-9a16-5b8399b9ef50', '98eaafd3-adbf-5a3e-adb9-b3fb6971b6f1', 20, 'unlisted', 'Baron Control Strategy', '{"exercitation dolore aute amet la","tempor","in anim quis nulla officia","ex tempor est nisi","aliqua","esse irure sunt","ad ullamco ea in labore","anim dolore"}', DEFAULT, DEFAULT, DEFAULT), ('fedb01d5-16e2-59fd-8845-ff6a92bd83f7', '756cbb59-27d6-58f3-b4b9-8b56121e683f', 20, 'unlisted', 'Counter Pick Blueprint', '{"sit","aute culpa labore","minim eiusmod deserunt occaecat "}', DEFAULT, DEFAULT, DEFAULT), ('d6d0cf2a-b6d2-5f41-bc05-2fe5bf5ca317', 'e2b744a0-a170-5a87-828d-34cc6f64ca05', 16, 'public', 'Vision Control Blueprint', '{"cupidatat","ullamco sint exercitation","dolore consectetur quis","incididunt exercitation Lorem pr","ullamco","Lorem","ad in enim id","labore quis nostrud enim laborum","qui elit esse commodo","magna consectetur incididunt"}', DEFAULT, DEFAULT, DEFAULT), ('a18cadaa-4531-5180-a607-ad2a5bc25f0c', '5cdb9712-16b6-532e-9cc7-8cf7dfbe9b6b', 19, 'public', 'Map Control Blueprint', '{"sint deserunt sint labore ullamc"}', DEFAULT, DEFAULT, DEFAULT), ('7858de1c-870d-5289-9bbf-085e4de69d79', 'ccd28d41-9086-5b64-b351-585431787bb7', 14, 'unlisted', 'Team Fight Execution Plan', '{"sit nulla","sit magna aliquip reprehenderit","pariatur in","magna enim","qui officia nostrud ut","laborum Lorem reprehenderit sint","officia qui ut aute ex"}', DEFAULT, DEFAULT, DEFAULT), ('c5510993-cf82-5729-a476-bbba91fd2ee1', 'b67e09de-df70-515b-91d0-6e53f3b4a58a', 18, 'public', 'Siege Tactics Handbook', '{"velit aliquip eu tempor"}', DEFAULT, DEFAULT, DEFAULT), ('65495df9-49dc-5680-b4b7-97fe7364e837', 'b5f933d0-c28e-517c-9fca-d9e38dc742a2', 20, 'unlisted', 'Aggressive Rush Strategy', '{"tempor est et","sit sit","qui cillum","aliqua mollit occaecat aliquip","do enim ut culpa commodo","est velit et","fugiat commodo minim","ut ullamco minim irure"}', DEFAULT, DEFAULT, DEFAULT), ('6a08951b-2f4b-5069-a734-056efe107e30', 'f561c33d-0589-5163-a677-f2a1eb6b3322', 20, 'unlisted', 'Aggressive Rush Strategy', '{"Lorem tempor","incididunt","proident cillum reprehenderit","dolore do","incididunt ullamco velit","duis deserunt mollit","magna nulla ipsum aute","dolor elit consequat deserunt","consequat exercitation proident ","tempor sunt mollit"}', DEFAULT, DEFAULT, DEFAULT), ('d96e9820-0562-5ef0-a957-fb16e8a3cda6', 'fe24988b-bca5-5bf5-be0f-c92da7b2cbe1', 16, 'unlisted', 'Team Fight Execution Plan', '{"nulla elit esse","sunt cupidatat","et mollit cillum"}', DEFAULT, DEFAULT, DEFAULT), ('44d39286-2c39-52c0-9fdf-811ac2ac0b4f', '3c6d504a-3b43-5117-a71b-e844b07b3920', 14, 'unlisted', 'Objective Focused Strategy', '{"nostrud consequat velit aliquip ","duis Lorem","Lorem excepteur cupidatat","minim nostrud cillum","culpa","duis elit amet commodo"}', DEFAULT, DEFAULT, DEFAULT), ('f5284b1c-c867-5bcb-ae27-b4a46054354e', '5ce056de-a21e-5eba-9d47-e09232047aae', 12, 'unlisted', 'Jungle Control Playbook', '{}', DEFAULT, DEFAULT, DEFAULT), ('748b6b6e-790a-524c-8953-9f99ff6241ea', '5e5a298d-faa5-525e-b761-9586e7925c91', 16, 'private', 'Early Game Dominance Guide', '{"tempor eiusmod nisi","ex","ut quis amet","tempor quis laborum","aute ullamco aute","consectetur exercitation","aliquip ad veniam exercitation","adipisicing","cillum do"}', DEFAULT, DEFAULT, DEFAULT), ('94e59d3e-1e10-58ee-b57b-120d24970da8', '88514f78-7770-5bc2-96a4-f0f4ebcab4a4', 11, 'private', 'Early Game Dominance Guide', '{"nostrud eiusmod aliquip deserunt","sunt nulla","adipisicing sit ad","sint reprehenderit aliqua in","proident enim consequat","ad cillum","mollit esse","quis deserunt eiusmod elit ex"}', DEFAULT, DEFAULT, DEFAULT), ('a501e3c2-1df6-5f20-9532-89c5471331c6', 'f8151e07-b0ba-57cb-b13b-f8463f48e7fa', 15, 'private', 'Aggressive Rush Strategy', '{"cupidatat nisi deserunt elit","adipisicing occaecat irure fugia","excepteur sint cupidatat sunt","qui proident voluptate","ad incididunt","in irure"}', DEFAULT, DEFAULT, DEFAULT), ('eba1549a-b3ad-5f1e-ad56-15be0771d0f9', '9b1fc781-1e4e-56d2-bd68-0dc257a319c0', 14, 'private', 'Roaming Support Plan', '{"amet id","anim duis ut","consequat deserunt","id"}', DEFAULT, DEFAULT, DEFAULT), ('02d6bfb1-b7f1-5129-9d1b-729fd2d36ca6', '65d5f58f-a7d0-56d7-a4ee-df91649fa9a4', 13, 'public', 'Objective Focused Strategy', '{"laboris culpa","incididunt amet","officia ex cillum commodo","pariatur enim do do","sint aliqua","ea enim ut culpa"}', DEFAULT, DEFAULT, DEFAULT), ('feadd401-b272-53d1-bc20-6dad4e3ffc29', '3d4df0ce-5a7f-53e4-b486-95faf0a09720', 16, 'private', 'Objective Focused Strategy', '{"mollit quis","pariatur cupidatat","veniam","esse aliquip","minim commodo nisi","commodo cillum","commodo ut"}', DEFAULT, DEFAULT, DEFAULT), ('f4023970-bb8c-5175-9f3e-42520be2a6af', '7b09592d-b146-5ee2-9db5-3683955196d6', 15, 'unlisted', 'Baron Control Strategy', '{"ad laboris"}', DEFAULT, DEFAULT, DEFAULT), ('ab471cfa-3489-5a6c-bf5c-82aeac3819f5', '5b303ef1-7516-512a-ba01-9f0dc05d7d2a', 13, 'private', 'Wave Management Plan', '{"exercitation et","sunt do labore","deserunt velit"}', DEFAULT, DEFAULT, DEFAULT), ('782d8b69-ae89-5508-b431-d9e3d4f25423', '5c5c81ab-962f-58e6-94da-fcec32b54a8a', 19, 'unlisted', 'Secure Objective Playbook', '{"proident veniam irure aliquip","ut velit","Lorem magna","mollit nisi ullamco","labore quis"}', DEFAULT, DEFAULT, DEFAULT), ('bfbbf302-05a7-5b0c-991e-f7c79f52034e', 'bdcc2900-5a50-536b-90e8-fa15aafd56cb', 17, 'unlisted', 'Objective Focused Strategy', '{"commodo cillum officia"}', DEFAULT, DEFAULT, DEFAULT), ('86a9949d-fbe2-5edf-bf64-6b822a75bdc8', 'e5b4727f-be5e-52c0-83cb-cb7ba230945f', 13, 'private', 'Vision Control Blueprint', '{"amet cillum nostrud voluptate","cillum Lorem consectetur","velit dolore","aute proident ut cupidatat"}', DEFAULT, DEFAULT, DEFAULT), ('3d78c871-f9be-5ceb-b04c-13f9eb63efa0', '00644310-2ebb-53b6-b6cd-c599924419bd', 17, 'unlisted', 'Vision Control Blueprint', '{"exercitation velit et","elit","magna anim velit","laboris nisi ex","irure","mollit qui","incididunt cillum","in laborum fugiat"}', DEFAULT, DEFAULT, DEFAULT), ('e5e7301c-ed7e-5267-a91e-331eeecbad04', '79efb743-bb54-546e-8bdf-089509399715', 11, 'unlisted', 'Map Control Blueprint', '{"nostrud cupidatat est officia","ad fugiat incididunt in","minim eiusmod","nulla sint","officia magna labore excepteur","adipisicing ad in do","mollit duis","minim tempor veniam"}', DEFAULT, DEFAULT, DEFAULT), ('e06f1954-eb7e-5811-8e85-0b7239ac60d6', 'eb9fdff9-6822-52d9-b12a-a9a69b69cbe5', 19, 'unlisted', 'Defensive Turtle Tactics', '{"deserunt sit ut ad","commodo veniam reprehenderit ips","minim et excepteur","eiusmod quis ad ea sint","ex excepteur mollit","ipsum elit cillum"}', DEFAULT, DEFAULT, DEFAULT), ('cbe8ef05-c651-5778-b8a6-717eee524007', '39da01f0-2195-5fc3-a74a-d12c26c902a3', 14, 'public', 'Gank Heavy Approach', '{"ea aliqua mollit culpa","magna eiusmod adipisicing elit s","dolor nisi nisi","proident officia et","est tempor voluptate quis minim","consequat","do cillum mollit sunt","ullamco eiusmod elit"}', DEFAULT, DEFAULT, DEFAULT), ('479e5b51-1e2b-5ac2-b0c4-d0fc97906c11', '65d5f58f-a7d0-56d7-a4ee-df91649fa9a4', 19, 'unlisted', 'Late Game Scaling Strategy', '{"sit duis","ex sunt","ad","laboris"}', DEFAULT, DEFAULT, DEFAULT), ('bcb7ae75-c1e7-50cd-ba0b-a339091eb350', '626028b2-23d2-53a4-aca9-9c9cc4158e30', 13, 'private', 'Late Game Scaling Strategy', '{"ea non","ea nostrud mollit id","excepteur ex nostrud","voluptate quis deserunt exercita","do qui sint sint","nostrud adipisicing tempor ex","consectetur officia","sunt reprehenderit nisi tempor","pariatur anim"}', DEFAULT, DEFAULT, DEFAULT), ('22dccad0-36ca-5845-a1bd-b6027b406b8d', 'cd7c291a-6d6e-5632-91e5-b7fd7a634d7d', 14, 'unlisted', 'Siege Tactics Handbook', '{"pariatur nostrud officia","ullamco ea","elit cupidatat reprehenderit occ","adipisicing laboris"}', DEFAULT, DEFAULT, DEFAULT), ('d3293b00-a774-5f1e-99fc-e8f05eabde14', 'cfbfd1d4-e77f-57e5-94da-e9ff2cc7a996', 17, 'unlisted', 'Team Fight Execution Plan', '{"eu sit deserunt","aliqua et aute","enim commodo","ad","consectetur ea","magna pariatur incididunt tempor","do occaecat ipsum exercitation a","eu"}', DEFAULT, DEFAULT, DEFAULT), ('6822c6f8-ae35-5c57-9558-9cc55665f5cb', '644a93ba-f570-5681-b2f5-de6b9950affd', 18, 'private', 'Siege Tactics Handbook', '{"cupidatat esse do","labore sunt","adipisicing ullamco enim elit","cillum Lorem","ullamco","nulla qui consectetur veniam","consequat officia officia ullamc"}', DEFAULT, DEFAULT, DEFAULT), ('8ac966bd-de46-5e4a-8401-5328d63ae1b4', 'ee198d66-a798-52a5-8b79-9931f7b835e3', 18, 'unlisted', 'Early Game Dominance Guide', '{"consequat culpa dolore anim","culpa irure ex duis","cillum laboris nulla cillum","ipsum Lorem"}', DEFAULT, DEFAULT, DEFAULT), ('36f6354b-1927-5b66-8fab-ef32da0e1694', 'f457d7a7-01f9-5225-b07a-0e782525bbc7', 20, 'public', 'Split Push Blueprint', '{"excepteur amet Lorem","Lorem occaecat minim"}', DEFAULT, DEFAULT, DEFAULT), ('a3befd2b-2867-5547-af7d-2fe7d53b98ef', 'e2b744a0-a170-5a87-828d-34cc6f64ca05', 14, 'unlisted', 'Vision Denial Blueprint', '{"aliquip fugiat","pariatur enim commodo voluptate","sit ut","incididunt qui ea"}', DEFAULT, DEFAULT, DEFAULT), ('4d502d01-8a3a-58bc-acb8-f61c47f35e10', 'e4c44768-00c8-52e6-80f9-625972d5d9b9', 19, 'unlisted', 'Siege Tactics Handbook', '{"et elit ex","quis voluptate officia velit par","do consectetur fugiat","esse deserunt quis duis"}', DEFAULT, DEFAULT, DEFAULT), ('ebdf08a4-39c5-5347-ab53-e4ef0e2d1add', 'fbbb9719-f3d1-5ce2-b584-4b70bf5bb135', 14, 'public', 'Roaming Support Plan', '{"laborum occaecat","ut","minim","amet cillum labore enim"}', DEFAULT, DEFAULT, DEFAULT), ('4cfaa7bd-7f8e-52b6-a079-b1fc1773dccb', 'fd8e258e-4711-5b22-b0f3-1f5725eb642f', 15, 'private', 'Map Control Blueprint', '{"cillum aute sunt labore tempor","ullamco","quis elit magna id","proident","labore minim et","eu velit velit","eiusmod exercitation velit dolor","enim","mollit labore"}', DEFAULT, DEFAULT, DEFAULT), ('379aa38a-0dab-5c06-8cdb-45bf5d7e2d27', '59fbbc7c-edc9-5d3c-9170-cf6acabbcd28', 13, 'unlisted', 'Split Push Blueprint', '{"excepteur anim ut voluptate","eu laboris amet","anim dolore","magna minim aute","anim anim duis sunt","commodo aliqua excepteur occaeca"}', DEFAULT, DEFAULT, DEFAULT), ('1cb4e4cf-86cc-5f46-9e77-98b857e060d9', 'd1b6355b-0594-5d07-b55b-72d2c66a1391', 20, 'private', 'Vision Control Blueprint', '{"adipisicing","dolor","sint anim sit aute"}', DEFAULT, DEFAULT, DEFAULT), ('f39bcc07-5eef-5435-b6e9-d947c3bae70d', 'a8766652-5cf4-5e66-ba6d-9eb457dff942', 11, 'public', 'Late Game Scaling Strategy', '{"eiusmod anim velit occaecat","officia","enim ex irure proident","est esse tempor commodo","cupidatat"}', DEFAULT, DEFAULT, DEFAULT), ('20a16bbe-0188-55a3-8d14-7e2e6b37794e', '7bf99080-cdc6-5456-b6d5-417e28b4eba5', 19, 'public', 'Split Push Blueprint', '{"elit consectetur cupidatat ipsum","commodo voluptate sint fugiat am","laboris mollit ex","culpa dolor","elit laboris elit","anim pariatur officia do","sunt consequat ut aute reprehend","ipsum qui ex","incididunt do","minim exercitation"}', DEFAULT, DEFAULT, DEFAULT), ('75a162e8-f427-5c64-baca-dba20bc829dd', 'bbc51950-a428-5ed7-b604-6444a902714b', 17, 'unlisted', 'Objective Focused Strategy', '{"ipsum est officia proident irure","tempor mollit","enim do consequat consectetur"}', DEFAULT, DEFAULT, DEFAULT), ('5075bfb2-60b4-588c-ba9f-cd0f3efae77e', 'df0b9534-eb70-596b-965a-89561ef803da', 15, 'public', 'Vision Denial Blueprint', '{"pariatur elit id labore","commodo dolore","eu proident non","commodo veniam ullamco ipsum","minim cillum excepteur","aliqua laborum Lorem","esse laboris reprehenderit"}', DEFAULT, DEFAULT, DEFAULT), ('329b0bda-79b1-53f3-afe7-b7495bde0220', '9d87fe57-7f5a-555d-8ceb-54297334ec14', 12, 'public', 'Rotation Strategy Document', '{}', DEFAULT, DEFAULT, DEFAULT), ('fc992b53-61aa-5185-8280-7863348ce734', 'ac772386-a452-5d18-88c7-396c2a71eb0b', 12, 'unlisted', 'Early Game Dominance Guide', '{"consequat sit","sunt laborum eu quis ea","elit est proident","fugiat laboris pariatur","commodo ea cillum id aliqua","ad nulla","deserunt labore eu laboris venia"}', DEFAULT, DEFAULT, DEFAULT), ('e15f78fd-c85d-5196-b441-614f0f00a652', 'ad276812-3b86-5425-b36a-d822f2860912', 13, 'unlisted', 'Jungle Control Playbook', '{"dolore magna laboris dolor tempo","ut incididunt consequat","non et sint nostrud","dolor Lorem"}', DEFAULT, DEFAULT, DEFAULT), ('27d28c73-d0c0-5545-a0d3-0f0fa8e1aca6', '262a78c7-eb9d-5e1a-8e58-41ecb0c31fbd', 12, 'unlisted', 'Roaming Support Plan', '{"ipsum cupidatat","pariatur"}', DEFAULT, DEFAULT, DEFAULT), ('bc0ae162-e51f-5f29-b5b0-87887eac9c85', '3b3a2ed4-3283-5a09-84d9-c7de876d5510', 17, 'unlisted', 'Secure Objective Playbook', '{"exercitation tempor"}', DEFAULT, DEFAULT, DEFAULT), ('23cfe397-d97e-55bf-af72-35043f52d2bb', 'b737f334-53a3-585e-98d7-69fce744e35e', 18, 'private', 'Objective Focused Strategy', '{"pariatur ad ut irure esse"}', DEFAULT, DEFAULT, DEFAULT), ('2135e4d6-4261-59ed-a63d-11a8a55ba0c0', '7d0c4d54-58ae-5ddf-b108-590171e8655a', 15, 'unlisted', 'Wave Management Plan', '{"esse mollit exercitation aliquip","dolor"}', DEFAULT, DEFAULT, DEFAULT), ('32ca2e92-cee8-58b4-beec-0fd9742bf2df', '6451b879-16d7-5644-b6b9-87dd18b3facf', 18, 'private', 'Counter Pick Blueprint', '{"commodo eu voluptate qui","reprehenderit ullamco duis"}', DEFAULT, DEFAULT, DEFAULT), ('69e335b1-cf42-5234-867f-fc3222ba0932', '92bf5244-388d-5bbf-bd84-1c7ad2efe31b', 17, 'public', 'Defensive Turtle Tactics', '{"aliquip velit nostrud amet","laborum laborum","id aliquip duis ea cupidatat","ex","excepteur veniam nostrud excepte","dolor adipisicing","ullamco officia sunt tempor"}', DEFAULT, DEFAULT, DEFAULT), ('4addfd63-7007-5913-b0c6-95e35fe44af0', '2386fe50-4da3-5ca3-b993-046dc48afb23', 15, 'unlisted', 'Defensive Turtle Tactics', '{"culpa voluptate nulla","anim elit","anim consectetur ea","dolore nulla","laboris sint enim"}', DEFAULT, DEFAULT, DEFAULT), ('29e1da9c-3bfa-53c5-8780-7032cb48ed69', '5e5a298d-faa5-525e-b761-9586e7925c91', 18, 'private', 'Aggressive Rush Strategy', '{"sit velit laboris sit ex"}', DEFAULT, DEFAULT, DEFAULT), ('0fe3263a-4b99-5049-afdd-8a29336988d1', 'eff6dde6-e4aa-5c61-9818-5d7ae0bf58b7', 20, 'private', 'Defensive Turtle Tactics', '{"laborum","dolor qui ea dolore anim","esse irure cillum deserunt","cupidatat duis","est consectetur","excepteur dolore","in"}', DEFAULT, DEFAULT, DEFAULT), ('de533318-8238-5b98-90fa-7923fbda78df', 'ccd28d41-9086-5b64-b351-585431787bb7', 13, 'public', 'Aggressive Rush Strategy', '{"laboris aute velit","laboris fugiat reprehenderit"}', DEFAULT, DEFAULT, DEFAULT), ('91b0fe2a-8d53-5dfa-804e-dadbd5fed2f0', 'c9f9ed6b-3ed1-5d46-9201-51000bdf47fa', 13, 'unlisted', 'Roaming Support Plan', '{"velit et","in et","cillum dolore culpa consectetur","non dolore culpa nisi"}', DEFAULT, DEFAULT, DEFAULT), ('f2da91e9-e150-5eba-811a-769c8b464b2d', 'bc0fc08c-c3f1-5511-9ab4-45886d657edc', 17, 'private', 'Aggressive Rush Strategy', '{"magna quis enim ullamco officia","cupidatat","esse culpa commodo"}', DEFAULT, DEFAULT, DEFAULT), ('830462ad-e07d-578c-9343-4c2f3f3f896d', '63e38d08-3dd9-5569-ab28-f70e94b3cdb7', 11, 'public', 'Aggressive Rush Strategy', '{"proident voluptate ea irure","cupidatat anim sit","cillum","irure excepteur in aliqua","reprehenderit labore"}', DEFAULT, DEFAULT, DEFAULT), ('e4d512a0-9012-54c8-a0de-d2cfb46cc4e7', '5038fc48-7e9b-5e62-9425-f7dc4a9743fc', 11, 'private', 'Gank Heavy Approach', '{"pariatur tempor","eu in dolore","eu ullamco","et","voluptate eu eu ea","duis amet","enim voluptate"}', DEFAULT, DEFAULT, DEFAULT), ('8fc4ec28-bbda-57ff-86ae-02acc462e7a3', '5038fc48-7e9b-5e62-9425-f7dc4a9743fc', 12, 'unlisted', 'Split Push Blueprint', '{"Lorem Lorem sit"}', DEFAULT, DEFAULT, DEFAULT), ('46cb3ac1-56db-5482-a77b-488299529f1c', 'e463e92c-fc94-53b3-bc8b-3f56bfcdf083', 18, 'unlisted', 'Roaming Support Plan', '{}', DEFAULT, DEFAULT, DEFAULT), ('ca6dab04-25c1-5208-bf77-9e5162704420', 'ad1bbcac-cdbb-551f-b25a-b14b40074515', 19, 'private', 'Wave Management Plan', '{"qui exercitation","dolore","do sit excepteur esse","in cillum sit ex reprehenderit","ex magna aliquip","incididunt veniam et laborum tem","voluptate id reprehenderit aliqu","consectetur nulla ea magna","nostrud pariatur Lorem elit comm"}', DEFAULT, DEFAULT, DEFAULT), ('54485efb-a52b-5ef1-8d37-32b22dc487d0', 'a9072b83-7976-58e9-a9c4-45664532f42e', 17, 'private', 'Defensive Turtle Tactics', '{}', DEFAULT, DEFAULT, DEFAULT), ('1fa8fec1-5ed8-5fb9-afc2-a5a8eea61a64', '79ef5172-d3d7-5e61-9d71-a40b27651163', 14, 'public', 'Gank Heavy Approach', '{"amet veniam anim","ad mollit irure dolor","ullamco mollit aliquip","ullamco laborum aute fugiat anim","eiusmod ea nisi Lorem"}', DEFAULT, DEFAULT, DEFAULT), ('21212b38-5327-5020-9dc6-3fca09a6128f', '59558fa1-9cc0-5e85-a331-879d76e07f05', 15, 'unlisted', 'Baron Control Strategy', '{"consectetur sit excepteur","enim excepteur fugiat amet quis","aliqua minim","pariatur","consectetur aliquip labore"}', DEFAULT, DEFAULT, DEFAULT), ('b22cc198-1bf7-5cc9-b682-385ac5f11217', 'ac9f0e3e-b030-584f-a8dd-87355fe22537', 12, 'unlisted', 'Map Control Blueprint', '{"sint","eiusmod deserunt nisi enim cupid"}', DEFAULT, DEFAULT, DEFAULT), ('07d77b7a-f8bb-53ab-8750-034a7dc2bcb0', '3c6d504a-3b43-5117-a71b-e844b07b3920', 18, 'unlisted', 'Defensive Turtle Tactics', '{"excepteur ex aliquip","est","commodo","velit laborum"}', DEFAULT, DEFAULT, DEFAULT), ('f7f63dc3-d8b7-5f42-b802-636e4e3f43bb', '11edd970-a1f3-5973-a201-278046231716', 17, 'private', 'Split Push Blueprint', '{"laborum aliqua magna","adipisicing nulla","consectetur incididunt occaecat","eiusmod ipsum","nostrud ex nostrud","nisi anim veniam","aute enim consequat","veniam velit","tempor pariatur ad fugiat"}', DEFAULT, DEFAULT, DEFAULT), ('a1dd34cc-747e-59d2-bb04-592165ee24b7', '91434b27-2651-5429-8f42-45c3f8e334a0', 20, 'private', 'Late Game Scaling Strategy', '{}', DEFAULT, DEFAULT, DEFAULT), ('b111722b-fdf4-55f7-a1ea-183bf540f7e3', '274020d9-7513-5cf6-ae0b-e94ef1d1a62f', 19, 'unlisted', 'Jungle Control Playbook', '{"deserunt do sunt aliquip","non incididunt Lorem","amet proident","Lorem","dolore"}', DEFAULT, DEFAULT, DEFAULT), ('de288e5e-33f8-5b49-9dad-83fa7d46ac0d', '4ecb4c85-c280-5d1c-af07-13ac77118d4b', 17, 'private', 'Late Game Scaling Strategy', '{"minim","dolore aliqua nostrud","Lorem incididunt"}', DEFAULT, DEFAULT, DEFAULT), ('f1ab7f2e-7a01-59f1-b811-78e3b78b40bc', '6fc34c52-742f-56c2-b6c3-89dee63a8839', 18, 'private', 'Vision Denial Blueprint', '{"laboris","do culpa pariatur cillum amet","enim voluptate est tempor anim","in laborum cupidatat non","nisi ea eiusmod proident","est ut nisi ex cupidatat","amet officia","consequat"}', DEFAULT, DEFAULT, DEFAULT), ('e0783de7-ca51-5f0a-a7ac-8dcd533efd10', 'd6d652bf-48a5-5a85-a95d-16c25edc5397', 20, 'unlisted', 'Rotation Strategy Document', '{"nisi id","ullamco culpa nisi magna","aliqua exercitation nulla","elit","est consectetur in in","est minim officia","non minim sunt nulla","elit aliquip","labore","velit laborum non adipisicing no"}', DEFAULT, DEFAULT, DEFAULT), ('c3238b63-2dda-5915-8ca5-773255a1cfad', 'cda3814f-c14d-5dcf-a835-797df84f6d99', 12, 'private', 'Defensive Turtle Tactics', '{"quis eiusmod","occaecat elit occaecat","duis velit voluptate nostrud ips","excepteur consequat incididunt d","proident Lorem labore ipsum","enim ipsum aliquip","esse exercitation labore ut dolo","veniam nulla id amet"}', DEFAULT, DEFAULT, DEFAULT), ('7b1aca75-d87e-55c4-87f7-005fafbadfdb', '59fbbc7c-edc9-5d3c-9170-cf6acabbcd28', 16, 'public', 'Wave Management Plan', '{"minim in officia","mollit consectetur labore offici","enim laborum tempor","minim enim ullamco","aute quis","ex ad ea mollit"}', DEFAULT, DEFAULT, DEFAULT), ('106d238e-2ba4-525c-8d85-994f8dfb2984', '5dedc9b9-eec3-5ace-a95b-d7817834d9af', 15, 'unlisted', 'Gank Heavy Approach', '{"ut ullamco quis","enim officia laboris ipsum","non enim amet","amet ut","officia consectetur","culpa ipsum amet commodo pariatu","est veniam tempor veniam","amet dolor sint","aliqua non"}', DEFAULT, DEFAULT, DEFAULT), ('72f05d50-2802-535d-af55-29384395d238', '9e6824f3-dac2-540f-9e3d-8797171dab14', 19, 'unlisted', 'Rotation Strategy Document', '{"Lorem id duis","quis nostrud","officia duis quis ullamco","elit reprehenderit do velit","pariatur dolore","sunt","non aliquip irure id","aliquip quis officia nulla"}', DEFAULT, DEFAULT, DEFAULT), ('f914b2f3-d88a-52e4-ac43-1ef8cffb4d34', '54a5a18c-ac47-54d2-b2c8-732ffc30b608', 19, 'public', 'Map Control Blueprint', '{"irure labore deserunt","occaecat ipsum","ipsum culpa nulla incididunt ali","veniam tempor aute dolor Lorem","sit Lorem","ad consectetur","ea incididunt aliquip","nulla ut"}', DEFAULT, DEFAULT, DEFAULT), ('c620930b-8f59-50ae-bf46-b1a3aca28f0a', 'a9072b83-7976-58e9-a9c4-45664532f42e', 18, 'unlisted', 'Map Control Blueprint', '{"aliquip aliquip proident","dolor esse","cillum sunt velit","eu ullamco","excepteur ullamco velit","consequat occaecat occaecat","sunt nostrud eu qui amet","cillum sunt excepteur voluptate "}', DEFAULT, DEFAULT, DEFAULT), ('c78418ab-6a36-52f6-ad32-89289156138c', 'c97097d9-c6b8-5a50-931a-369c86f1535e', 15, 'public', 'Vision Denial Blueprint', '{"exercitation nisi esse","eiusmod officia amet","exercitation sunt","velit consectetur","minim commodo nulla elit","id consequat commodo"}', DEFAULT, DEFAULT, DEFAULT), ('ed7bef30-09b5-5167-a122-9b398a76eaef', '5038fc48-7e9b-5e62-9425-f7dc4a9743fc', 19, 'unlisted', 'Aggressive Rush Strategy', '{"id eiusmod sunt do"}', DEFAULT, DEFAULT, DEFAULT), ('ecddf116-85cf-5aef-8c73-6e5963680c88', '9b1fc781-1e4e-56d2-bd68-0dc257a319c0', 17, 'private', 'Roaming Support Plan', '{"consectetur veniam","consectetur sit ad sint","consectetur in qui"}', DEFAULT, DEFAULT, DEFAULT), ('5bb46529-9916-530c-88e4-31ac6d441591', '644bfc5c-cf27-5d76-8355-4e4c8d73061f', 11, 'private', 'Late Game Scaling Strategy', '{"quis mollit incididunt consequat","est fugiat ut","ex quis duis cillum duis","ipsum in ad minim magna","aliquip commodo","nisi excepteur culpa","id commodo","fugiat officia magna veniam"}', DEFAULT, DEFAULT, DEFAULT), ('8b092693-9a40-5f6a-a57b-3c3e9f5288f7', 'b67e09de-df70-515b-91d0-6e53f3b4a58a', 17, 'private', 'Defensive Turtle Tactics', '{}', DEFAULT, DEFAULT, DEFAULT), ('65d96d53-ecd8-5cb9-a3d4-a2842c9c629f', 'd3953f9f-e0f9-5aed-9d31-3f026a23da12', 13, 'private', 'Vision Denial Blueprint', '{"aliqua mollit laborum quis","ullamco laboris consequat occaec"}', DEFAULT, DEFAULT, DEFAULT), ('672c681b-4325-56a5-8413-28facb838b89', '3204ce32-7c5b-5953-969e-fe1d17de6e76', 16, 'unlisted', 'Wave Management Plan', '{"sint laborum","quis ex deserunt magna velit","pariatur ullamco officia","ad labore cillum dolore","officia culpa","cillum aliqua commodo","aute culpa officia","ut ut officia"}', DEFAULT, DEFAULT, DEFAULT), ('49d19d37-5ee3-59d0-a985-37b5b703ceb0', 'e9decb87-4a50-5c41-896c-16fe0d21ebca', 13, 'public', 'Team Fight Execution Plan', '{"consequat do","ad eu do","in","eiusmod magna eiusmod","non excepteur voluptate anim cil","reprehenderit magna laborum dese"}', DEFAULT, DEFAULT, DEFAULT), ('66e9d7dd-018c-5299-8470-9f074683bd55', '98eaafd3-adbf-5a3e-adb9-b3fb6971b6f1', 15, 'unlisted', 'Early Game Dominance Guide', '{"quis incididunt reprehenderit ex"}', DEFAULT, DEFAULT, DEFAULT), ('d4a93045-0519-5ae2-8bd3-51a7d07f2b97', '3ff60d7a-a4ad-54c5-a422-53b52cd53093', 11, 'private', 'Split Push Blueprint', '{"minim"}', DEFAULT, DEFAULT, DEFAULT), ('b5bd1f0b-0be5-592a-87b7-65db36f2fa17', 'dc376aff-9563-59fe-ac16-2760fcfb9752', 11, 'unlisted', 'Aggressive Rush Strategy', '{}', DEFAULT, DEFAULT, DEFAULT), ('902168ab-57a5-5714-b589-ecf1bd6d2517', '84aabd0a-31ea-5dd5-9e39-ce95a07d2009', 11, 'unlisted', 'Vision Control Blueprint', '{"anim culpa ad"}', DEFAULT, DEFAULT, DEFAULT), ('8e1b1af0-d36a-5958-9b32-c8f59e8edaf9', 'a727f58e-5d42-555f-a07e-84196ea16b24', 14, 'private', 'Objective Focused Strategy', '{"qui cupidatat labore","enim aliqua laboris","exercitation sunt ea ex","amet velit","sint eiusmod ullamco proident","nostrud voluptate eiusmod volupt"}', DEFAULT, DEFAULT, DEFAULT), ('9ca1e23a-7fd9-5be2-b14a-5f50a52fda0a', '11edd970-a1f3-5973-a201-278046231716', 11, 'private', 'Counter Pick Blueprint', '{"labore ut","aliquip tempor","commodo pariatur","qui enim dolore","voluptate et mollit"}', DEFAULT, DEFAULT, DEFAULT), ('b458c0d2-4d21-597a-9d7c-522e47032d79', 'ad1bbcac-cdbb-551f-b25a-b14b40074515', 15, 'unlisted', 'Siege Tactics Handbook', '{"non","sint ut laborum","pariatur sint"}', DEFAULT, DEFAULT, DEFAULT), ('aeae5590-e6d3-5c02-8a1c-40a6bcf61bd6', 'af5fa9a8-f7df-5a87-830c-3e8d39f06eae', 13, 'private', 'Vision Control Blueprint', '{"id est","tempor ipsum do","fugiat dolore nulla","et id","aliqua duis amet Lorem duis","veniam enim ad ea","ipsum","quis veniam irure"}', DEFAULT, DEFAULT, DEFAULT), ('e62ff15d-b4e8-5f8b-b8c8-56d105c9d705', '00644310-2ebb-53b6-b6cd-c599924419bd', 18, 'private', 'Defensive Turtle Tactics', '{"sunt cupidatat dolore","ullamco aliquip"}', DEFAULT, DEFAULT, DEFAULT), ('2650d5c8-a9d2-57ad-a70d-8c89cf994021', 'c379a417-3b5c-5e05-a7ca-c545e0d33c70', 19, 'private', 'Vision Denial Blueprint', '{"sit laboris cillum id","laborum culpa ullamco","dolore irure consequat","ex ipsum proident veniam labore","officia ullamco nisi","esse laborum esse sit aliquip","reprehenderit nostrud officia co","culpa cillum est pariatur except"}', DEFAULT, DEFAULT, DEFAULT), ('57851dd8-0d7e-5b03-b70f-32940ae107ce', '8da8132e-b930-5443-8c74-724aae5f7623', 16, 'unlisted', 'Team Fight Execution Plan', '{"cupidatat","laborum qui quis","fugiat sunt","mollit","dolor dolore deserunt qui","consectetur eu non mollit"}', DEFAULT, DEFAULT, DEFAULT), ('0bb88883-c32b-547d-bac2-9dcbf9437722', '6653ef95-0532-561d-a71b-05f5c1bc302b', 14, 'unlisted', 'Vision Control Blueprint', '{"cillum in irure pariatur","cillum duis ut id","culpa adipisicing duis","ipsum reprehenderit tempor nisi","nulla voluptate cupidatat Lorem ","fugiat aliquip sunt","veniam sit nisi voluptate","magna cupidatat minim anim","pariatur proident esse"}', DEFAULT, DEFAULT, DEFAULT), ('f2096d39-9bcd-5cc9-af38-3924bad39e01', 'eea550bd-8120-5fb2-9339-ad3a549506d4', 17, 'unlisted', 'Aggressive Rush Strategy', '{"nisi quis mollit","incididunt veniam nostrud esse","sit sint duis","culpa consectetur reprehenderit ","labore incididunt magna commodo ","do consequat mollit esse et","fugiat sit","dolore ea"}', DEFAULT, DEFAULT, DEFAULT), ('cdc85c53-30bc-5c6e-91cc-2af72696e64b', '95c65795-b9a1-572f-87ae-6fa70b020fbb', 14, 'private', 'Objective Focused Strategy', '{"velit quis fugiat","sint in aliqua est","tempor exercitation","elit veniam irure pariatur","adipisicing","culpa voluptate nisi anim","laborum pariatur"}', DEFAULT, DEFAULT, DEFAULT), ('a0fe813c-8a2e-57ff-8950-530eb72350cc', '94a106f5-e21c-5e45-83f2-58d10f738b53', 11, 'public', 'Aggressive Rush Strategy', '{"deserunt","est enim dolor","elit elit","qui sint consectetur esse","elit pariatur voluptate","consectetur nulla reprehenderit","commodo sunt labore consectetur","adipisicing","fugiat aute eu"}', DEFAULT, DEFAULT, DEFAULT), ('3dcb1c72-1f38-50a2-8a79-9f8b83862a0b', '830a4bb5-d929-5c1b-94fc-74a53795cc52', 20, 'public', 'Baron Control Strategy', '{"ad","ea quis"}', DEFAULT, DEFAULT, DEFAULT), ('b529db67-e1b4-5e7d-9a32-267867bbcbad', '335a172e-2ce9-59fc-a0e2-63a26cdcc2cc', 11, 'public', 'Early Game Dominance Guide', '{"ea et enim duis","deserunt elit dolore","est","non officia id","aliquip aliqua exercitation do","est non reprehenderit","voluptate tempor","ullamco laboris in eiusmod id","ea dolore ullamco deserunt"}', DEFAULT, DEFAULT, DEFAULT), ('89b21cb6-fbf3-585a-b9c1-304fad97258b', 'eda91f04-12ef-5904-88aa-e6ed9a692e03', 12, 'unlisted', 'Vision Control Blueprint', '{"pariatur ullamco","officia","sint nostrud deserunt enim","dolor deserunt","mollit labore veniam","minim","excepteur labore ullamco exercit","tempor excepteur"}', DEFAULT, DEFAULT, DEFAULT), ('8af27ce1-15c1-5703-a4c5-07ea669df0c7', '7bf99080-cdc6-5456-b6d5-417e28b4eba5', 14, 'public', 'Late Game Scaling Strategy', '{}', DEFAULT, DEFAULT, DEFAULT), ('e9960db1-b450-5d20-820c-87fab4f40dc8', '8e5bcc8d-ff8b-5160-bb7c-97b1a5837a53', 20, 'private', 'Vision Control Blueprint', '{"pariatur aliqua laboris labore","nostrud","aliqua deserunt","commodo cillum esse dolore repre","reprehenderit magna eiusmod mini","exercitation tempor officia eius","aliqua","enim","et"}', DEFAULT, DEFAULT, DEFAULT), ('2dd10f1f-4836-53b2-b2b6-ae71861e43d0', '28e4b717-ba20-5ce6-96db-f08421aa2fc7', 18, 'private', 'Roaming Support Plan', '{"pariatur reprehenderit","ut","esse eu irure incididunt cillum","sit ex","magna consequat sunt","est laboris","aliquip consequat","ex sint sit","anim","occaecat do"}', DEFAULT, DEFAULT, DEFAULT), ('09d4e842-df61-577d-8d06-00daf3b676e2', 'fbfa0c72-9c6c-54ce-ba23-f1ed2563396e', 13, 'unlisted', 'Early Game Dominance Guide', '{"quis aliqua","irure duis enim","in aliquip","tempor ullamco","proident enim sint"}', DEFAULT, DEFAULT, DEFAULT), ('6fe4789e-9a02-5c94-8c81-5bb4cffd7850', 'e20720a7-b660-50e0-8da5-8784fa26a31d', 13, 'public', 'Siege Tactics Handbook', '{"aute labore officia adipisicing"}', DEFAULT, DEFAULT, DEFAULT), ('62834a20-27ac-5894-8947-a4e2ffb67f5b', '5c5c81ab-962f-58e6-94da-fcec32b54a8a', 16, 'unlisted', 'Rotation Strategy Document', '{"deserunt quis","consequat sunt laborum","consectetur in esse anim","incididunt aute et","mollit pariatur in non dolore","eu quis voluptate","elit labore non officia"}', DEFAULT, DEFAULT, DEFAULT), ('ce25e6d7-50b4-50c3-8210-685ee22346f3', '7a86b477-8922-5c78-85b7-47a44d6877c0', 11, 'unlisted', 'Gank Heavy Approach', '{"aliquip incididunt Lorem id","exercitation incididunt","exercitation excepteur ullamco","ea consequat adipisicing consect","consequat","velit velit proident","do esse commodo ut"}', DEFAULT, DEFAULT, DEFAULT), ('a4e4a518-fb32-53bf-9d1c-f336f8cd8c45', '34e08312-6163-54ad-8f00-271b535d720e', 17, 'public', 'Late Game Scaling Strategy', '{"esse minim dolore dolore"}', DEFAULT, DEFAULT, DEFAULT), ('d5862a76-70cd-55db-a302-365d7ec101f5', '830a4bb5-d929-5c1b-94fc-74a53795cc52', 20, 'public', 'Wave Management Plan', '{"nisi aliqua ullamco","amet dolore","eu exercitation laborum","pariatur ea","reprehenderit ex quis minim"}', DEFAULT, DEFAULT, DEFAULT), ('fff5567f-d4a5-542e-ba70-1119521ca0cb', '59f89533-99ba-5296-9d71-0a2d936ac633', 17, 'public', 'Defensive Turtle Tactics', '{"ut dolore","dolor exercitation cupidatat in "}', DEFAULT, DEFAULT, DEFAULT), ('48abaf7b-d65e-5371-8d5f-1be4621911e6', '95f37531-686f-5941-8350-d0fbe8759458', 11, 'unlisted', 'Baron Control Strategy', '{"aliqua fugiat","enim do magna","velit est aliquip incididunt","in enim ea","eiusmod consectetur","irure tempor","do est deserunt","ipsum"}', DEFAULT, DEFAULT, DEFAULT), ('05b8ebd6-06e1-5ce6-85d9-1fda124d11b0', '36f6f3ba-e867-5008-b6c1-829e989f9d2f', 13, 'unlisted', 'Objective Focused Strategy', '{"cillum eu proident nisi reprehen","exercitation consectetur"}', DEFAULT, DEFAULT, DEFAULT), ('be5a4c70-a4ff-57c0-8c2c-437a6d77f25c', '3a804324-748d-571a-afad-6b9c20a35337', 20, 'public', 'Vision Denial Blueprint', '{"eiusmod id est","eu officia aliqua nisi","laboris","fugiat laboris cupidatat reprehe","qui fugiat Lorem deserunt"}', DEFAULT, DEFAULT, DEFAULT), ('e6ff83af-5ec2-537d-b04b-784bd77a5871', '9f273059-bf49-55a4-bf95-e6bedcccffe3', 14, 'private', 'Split Push Blueprint', '{"sit fugiat anim eu","cupidatat esse excepteur duis ut","eiusmod velit","aliquip esse deserunt est","veniam sint est","Lorem dolor id aute aliquip","ipsum in officia"}', DEFAULT, DEFAULT, DEFAULT), ('dc9bffb4-1647-5c5d-8c1f-d89500e89900', '844afdcc-93cf-55c8-b0f1-1cc22329a30b', 12, 'unlisted', 'Defensive Turtle Tactics', '{"tempor ad officia","eiusmod anim laboris","ad","incididunt adipisicing non in","voluptate","enim incididunt sit reprehenderi","sint culpa"}', DEFAULT, DEFAULT, DEFAULT), ('ec767a01-17bb-518c-9633-78ebc8caded3', '4ecb4c85-c280-5d1c-af07-13ac77118d4b', 16, 'private', 'Baron Control Strategy', '{"magna elit incididunt exercitati","laboris nulla consectetur","deserunt occaecat","anim","ad consequat sint veniam","ad nostrud labore"}', DEFAULT, DEFAULT, DEFAULT), ('6c642b40-bb15-55fa-9319-9c100d27adc7', '63e38d08-3dd9-5569-ab28-f70e94b3cdb7', 19, 'private', 'Vision Denial Blueprint', '{"ut incididunt non do","labore mollit ipsum","aliquip fugiat est ex consectetu","consequat deserunt Lorem"}', DEFAULT, DEFAULT, DEFAULT), ('197f52e9-f9b3-54a3-a900-9ddcd2cd98d5', 'd83dc18f-802e-557e-bc41-666a57c09bee', 13, 'unlisted', 'Vision Control Blueprint', '{"magna laboris irure ullamco","magna sit commodo do ea"}', DEFAULT, DEFAULT, DEFAULT), ('b239ffdb-847f-5400-b1f9-97e186ea36bc', 'c9f9ed6b-3ed1-5d46-9201-51000bdf47fa', 11, 'private', 'Wave Management Plan', '{"et do exercitation","consequat elit aliquip","duis eiusmod","irure"}', DEFAULT, DEFAULT, DEFAULT), ('c3124970-b58c-5748-8a01-4ba1d7466b2b', '3b3a2ed4-3283-5a09-84d9-c7de876d5510', 20, 'unlisted', 'Objective Focused Strategy', '{"Lorem id mollit","nostrud voluptate","in laboris pariatur sint","occaecat exercitation cillum","do officia duis"}', DEFAULT, DEFAULT, DEFAULT), ('2fbdef88-7d4a-5528-bb59-74f725709563', 'eb9fdff9-6822-52d9-b12a-a9a69b69cbe5', 13, 'private', 'Map Control Blueprint', '{"irure do anim ex","quis laborum","ad commodo consectetur","et incididunt pariatur","commodo sunt quis nulla","laborum irure","ad"}', DEFAULT, DEFAULT, DEFAULT), ('a03637de-3a86-5f2c-a9a1-71bb222f301f', 'c15a1a93-cc16-5536-8ab0-42ef9626e379', 15, 'private', 'Aggressive Rush Strategy', '{"amet dolor eiusmod veniam","adipisicing id dolor","labore excepteur sunt","mollit cupidatat in est","sunt anim proident ad","consequat sit qui duis aute","officia reprehenderit minim culp","officia aliqua do nisi ullamco","non ut nisi enim consectetur"}', DEFAULT, DEFAULT, DEFAULT), ('536d5b0c-dc7c-598f-8fa0-b21c4cd85d48', '6c1a8703-574c-5f71-a1b1-63956f35fc49', 16, 'unlisted', 'Counter Pick Blueprint', '{"cillum","nostrud"}', DEFAULT, DEFAULT, DEFAULT), ('f04b6b4b-d5ea-517f-8a7d-71713980487c', '5038fc48-7e9b-5e62-9425-f7dc4a9743fc', 19, 'unlisted', 'Rotation Strategy Document', '{"consectetur magna laborum","elit reprehenderit ut","est ullamco officia aliqua eu"}', DEFAULT, DEFAULT, DEFAULT), ('363e1d5b-f7b0-5ee0-a43a-f471f9cf9338', '026debf8-8a71-53bf-8bd1-1046d4d33b6c', 12, 'private', 'Late Game Scaling Strategy', '{"culpa ad et consectetur","elit enim","tempor exercitation sit","dolore minim occaecat anim elit","adipisicing eu ex"}', DEFAULT, DEFAULT, DEFAULT), ('edcc2203-6787-52aa-bc0b-a6dcc59388be', '5dd9c208-a224-5712-b987-eab6b9a89e23', 15, 'public', 'Vision Control Blueprint', '{"est magna dolore laboris tempor","Lorem laboris in sit sit"}', DEFAULT, DEFAULT, DEFAULT), ('474b1c92-271b-5e78-878e-3e82398a6e7c', 'b21c180f-341f-510e-96d3-d4e40909d89e', 12, 'unlisted', 'Jungle Control Playbook', '{"officia esse irure laborum enim"}', DEFAULT, DEFAULT, DEFAULT), ('8997d96a-4a2f-5fcd-a0a2-88e875f8bba7', '98bf31df-37fd-5af6-86dd-8686cdc35eeb', 14, 'unlisted', 'Split Push Blueprint', '{"amet proident ex","qui","ipsum","sunt","dolore ea","laborum ea commodo in magna","esse","consectetur qui cupidatat","est aliqua ex voluptate","esse nostrud aute"}', DEFAULT, DEFAULT, DEFAULT), ('f61f0c83-60cb-5fa8-a27a-67e606b63adb', '26f7bb6a-3c9c-5b30-b11b-be5ebfb91948', 16, 'private', 'Defensive Turtle Tactics', '{"esse anim ipsum tempor","do","dolore","dolor amet pariatur"}', DEFAULT, DEFAULT, DEFAULT), ('30d213ab-4615-5d8b-abee-5b4875c8bfdf', 'cda3814f-c14d-5dcf-a835-797df84f6d99', 12, 'private', 'Roaming Support Plan', '{"cupidatat occaecat","consectetur quis commodo","aliquip fugiat","proident incididunt fugiat"}', DEFAULT, DEFAULT, DEFAULT), ('7d042aff-1b5b-531f-917f-48f2d58d33c7', 'd35ecca3-ac35-5e28-8e7e-6a25de908d18', 16, 'private', 'Team Fight Execution Plan', '{"culpa culpa","reprehenderit sit magna pariatur","nostrud cillum","est amet ipsum","nisi voluptate deserunt","voluptate","est","ea aliqua","dolore et eiusmod do"}', DEFAULT, DEFAULT, DEFAULT), ('30e1e77d-2bcf-5591-97ec-d99bd552d8f0', '5f651c76-ceba-56db-bd60-512d4079ec53', 12, 'public', 'Vision Denial Blueprint', '{"aute nulla","dolore tempor aliqua ipsum","ipsum in eu","tempor velit ullamco irure","eiusmod pariatur qui","elit"}', DEFAULT, DEFAULT, DEFAULT), ('d53a4a7c-125e-52cd-8ba3-aa3916f71140', '09bca3f4-0d37-5f5a-b637-9d7942a17cff', 12, 'unlisted', 'Vision Control Blueprint', '{"esse Lorem ad","enim sunt","Lorem","nisi adipisicing ut","aliqua sint","eu officia eiusmod","aliqua in quis"}', DEFAULT, DEFAULT, DEFAULT), ('47f797b2-50c1-56af-abe6-0081dabe5efd', 'fd2a8113-662a-5782-9e12-f7b49eee56e0', 17, 'private', 'Counter Pick Blueprint', '{"mollit voluptate","commodo fugiat consectetur fugia","qui elit","velit incididunt ea eu","aliqua"}', DEFAULT, DEFAULT, DEFAULT), ('3ebbec39-d360-5461-b442-70abf723c8b8', '41b8dce5-d8aa-5010-aded-a2d4528d487a', 14, 'private', 'Aggressive Rush Strategy', '{"eu excepteur ex","irure sint consequat laboris","deserunt proident excepteur non","veniam et nulla","nulla","tempor eu aute commodo"}', DEFAULT, DEFAULT, DEFAULT), ('3821efb6-356e-53bd-8a0b-239426475be5', 'ee198d66-a798-52a5-8b79-9931f7b835e3', 13, 'public', 'Siege Tactics Handbook', '{"minim veniam et est","occaecat exercitation commodo","adipisicing consectetur","ea sit eiusmod"}', DEFAULT, DEFAULT, DEFAULT), ('f62571e6-585e-5709-b04e-861b7f3db2d2', 'b0c0c7b7-48be-5940-b4f0-b4b523207fb6', 12, 'public', 'Roaming Support Plan', '{"minim enim duis magna","pariatur laborum","est consequat excepteur","sit ullamco veniam anim"}', DEFAULT, DEFAULT, DEFAULT), ('f706ef0d-b4c8-54ee-ba4a-8f6af14717f8', 'df90352f-468b-5345-9b3e-522b747ccf55', 12, 'unlisted', 'Counter Pick Blueprint', '{"voluptate dolor in elit","elit voluptate fugiat","laboris","non duis eiusmod","ad commodo","enim labore","qui irure amet aliqua proident"}', DEFAULT, DEFAULT, DEFAULT), ('da6a602b-9dc0-5e13-87e9-323f368838a2', '2589cf16-4103-5a4f-b544-b30078083eaa', 20, 'unlisted', 'Gank Heavy Approach', '{"dolor","culpa minim aliquip Lorem","sint laborum consectetur ea","veniam incididunt duis","officia"}', DEFAULT, DEFAULT, DEFAULT), ('ae022a2e-97fe-53d7-ace2-f700a65995e2', 'b576de0c-954e-5345-a9e7-0d691c52341a', 19, 'unlisted', 'Jungle Control Playbook', '{"aliquip exercitation","id ipsum pariatur","duis eu exercitation","nulla adipisicing mollit"}', DEFAULT, DEFAULT, DEFAULT), ('7f27719e-c551-5cfa-ab24-3e6a917bc77f', '2d1d7734-be70-5d07-a538-e76c6cae722e', 16, 'public', 'Vision Control Blueprint', '{"Lorem quis esse","Lorem ex consectetur Lorem nisi","nostrud magna","quis ipsum","mollit velit labore laboris","non laborum exercitation","laborum","nostrud eu","tempor excepteur commodo"}', DEFAULT, DEFAULT, DEFAULT), ('a7afe8c7-8469-5a59-9246-cc18b3ce4b7b', '061a9df6-5f3b-55cf-9879-eec1a4061457', 13, 'private', 'Baron Control Strategy', '{"magna quis dolor amet","tempor"}', DEFAULT, DEFAULT, DEFAULT), ('8111ec5f-e01a-5ad1-b89a-b7a64419e202', '225b2186-bb16-5b0a-b7be-47fd3c5a5cf9', 19, 'public', 'Vision Denial Blueprint', '{"sit aliqua Lorem deserunt pariat","aliqua","ullamco consequat","ipsum ipsum nostrud cillum adipi","ipsum ad nostrud voluptate adipi","non ullamco non et"}', DEFAULT, DEFAULT, DEFAULT), ('af41c136-c26c-5e1c-81f1-2d9f923ca606', 'a4b32498-f3a6-5110-a5b6-de20f0314c35', 16, 'public', 'Aggressive Rush Strategy', '{"sint est laborum dolor","laboris ad tempor","ad","anim do consequat deserunt enim","deserunt minim fugiat quis Lorem","ea labore ea labore","Lorem aliqua nulla enim consecte","non sunt","quis veniam cillum aliqua"}', DEFAULT, DEFAULT, DEFAULT), ('7594efe5-aff1-5874-a5ed-4a9edc7b66bf', '5dd9c208-a224-5712-b987-eab6b9a89e23', 17, 'unlisted', 'Defensive Turtle Tactics', '{"culpa eu","elit tempor","sunt voluptate nisi occaecat"}', DEFAULT, DEFAULT, DEFAULT), ('ee2f9514-a689-5e06-84f0-7f27b56a3774', '5dd9c208-a224-5712-b987-eab6b9a89e23', 20, 'private', 'Aggressive Rush Strategy', '{"do aute proident fugiat Lorem","nostrud dolor ea","nostrud veniam","amet cupidatat","laboris ullamco in sunt","laborum incididunt","occaecat","velit voluptate nulla quis","sit irure elit","consectetur consequat commodo"}', DEFAULT, DEFAULT, DEFAULT), ('59ac239c-144e-5ca7-b3e8-b97418726740', '5777772e-8d66-5c0f-ab03-fb0419760db6', 13, 'unlisted', 'Early Game Dominance Guide', '{"esse ad laboris esse","reprehenderit velit nostrud culp","ipsum elit quis","mollit adipisicing id tempor","et eu deserunt","dolor"}', DEFAULT, DEFAULT, DEFAULT), ('7992b22f-6c16-50ae-ae54-fd84bedb78e7', 'ad1bbcac-cdbb-551f-b25a-b14b40074515', 14, 'public', 'Jungle Control Playbook', '{"commodo laboris","dolore exercitation aliquip","veniam consectetur voluptate"}', DEFAULT, DEFAULT, DEFAULT), ('eeb6a56c-bf20-5164-a9c4-2438947a1635', 'cf1d2e5e-3a18-5518-8e4c-387978992b8a', 11, 'public', 'Split Push Blueprint', '{"labore adipisicing","dolore ipsum Lorem sint","excepteur irure minim do","adipisicing ex tempor","exercitation et consectetur ad e","eu ut","officia sit consectetur"}', DEFAULT, DEFAULT, DEFAULT), ('ba263b84-62af-5be6-a1da-34f8a9b1c708', '31ac52db-fa89-5177-b667-1cf6526a929a', 18, 'public', 'Team Fight Execution Plan', '{"ad duis do cupidatat nisi","nostrud","eu sint","pariatur","fugiat incididunt amet amet","amet","quis quis","sint elit","ea excepteur tempor minim amet"}', DEFAULT, DEFAULT, DEFAULT), ('0eda511d-00fb-5edd-a94c-61620ced28e5', '00644310-2ebb-53b6-b6cd-c599924419bd', 13, 'private', 'Defensive Turtle Tactics', '{"excepteur fugiat anim nulla ut","aute aliquip reprehenderit incid","laborum aliqua laboris","ullamco ex deserunt eiusmod","reprehenderit consequat tempor m","sunt sint","sit","cillum adipisicing voluptate","consequat nostrud qui eu elit"}', DEFAULT, DEFAULT, DEFAULT), ('4a82ca5f-1296-51b0-9319-05459a439c92', 'e5d977c2-2a0e-5703-8ee9-4796e3967ae0', 19, 'unlisted', 'Team Fight Execution Plan', '{"magna id","in excepteur","laboris ea non","reprehenderit magna","Lorem id commodo quis","nostrud qui","enim culpa elit sit","aliqua irure deserunt","aute labore est","culpa nulla ex Lorem"}', DEFAULT, DEFAULT, DEFAULT), ('230e6990-91f4-5dc7-b6bc-229a44985e25', '5777772e-8d66-5c0f-ab03-fb0419760db6', 12, 'private', 'Gank Heavy Approach', '{"nulla eiusmod","consectetur Lorem esse","labore non ipsum tempor","fugiat ut labore duis sit"}', DEFAULT, DEFAULT, DEFAULT), ('01a97da4-f21e-511b-9160-a834d5d7f82e', '02a341a2-35a0-5fbc-a1f4-aa8b42aa4b51', 13, 'unlisted', 'Split Push Blueprint', '{"nostrud consequat","occaecat officia ex","dolor occaecat in consequat"}', DEFAULT, DEFAULT, DEFAULT), ('1c5613fb-a627-5391-a9ff-0cc49d9b395b', '290bcd64-8663-5670-8efa-64e864979bbb', 16, 'unlisted', 'Early Game Dominance Guide', '{"nostrud eu","veniam ex incididunt eiusmod qui","eiusmod commodo consectetur aute","ullamco esse sunt dolore","laborum dolore velit irure","irure eu"}', DEFAULT, DEFAULT, DEFAULT), ('69b55afa-a769-5eae-849b-0607118f6f38', 'a9752d0c-ade4-58c6-b746-1b9df56a3d08', 17, 'public', 'Aggressive Rush Strategy', '{"sit et quis proident","dolor dolore occaecat","velit","anim veniam"}', DEFAULT, DEFAULT, DEFAULT), ('5653d3f7-e466-5b59-9cc7-02634d975655', '6de5d1f5-e767-54ae-ad7a-c52af47251f6', 20, 'unlisted', 'Wave Management Plan', '{"Lorem veniam","aliquip occaecat aute nisi","irure cupidatat","aliqua sint officia dolor","proident sint non sunt","tempor nulla cupidatat","veniam cillum eiusmod sunt","ut enim pariatur magna","dolore deserunt magna nostrud no"}', DEFAULT, DEFAULT, DEFAULT), ('11917a47-b89e-5663-8d37-049fe2bf5b34', 'a6ea6199-2a1a-56d4-b12a-1bf7d32d154c', 12, 'unlisted', 'Late Game Scaling Strategy', '{"aliquip fugiat eu aliquip","duis aliquip aliquip qui","non","dolor in sint","in aliqua reprehenderit","est eiusmod sunt magna"}', DEFAULT, DEFAULT, DEFAULT), ('c68ff46b-b1a9-581e-aa43-737e3b976580', '592dbee7-2dcd-5687-9e76-6be2d5a98725', 13, 'unlisted', 'Objective Focused Strategy', '{"consectetur culpa aute id","deserunt velit quis voluptate","mollit","quis ipsum","aute ut commodo quis","ea"}', DEFAULT, DEFAULT, DEFAULT), ('e8d13e33-32bc-5c1a-9371-8f828965d869', 'cda3814f-c14d-5dcf-a835-797df84f6d99', 16, 'public', 'Early Game Dominance Guide', '{"Lorem non consequat esse magna","duis dolor ad","est nisi voluptate do","fugiat magna et dolor","laborum","elit est ex sit"}', DEFAULT, DEFAULT, DEFAULT), ('79cca71d-1dd7-5b78-9e31-229bb9872504', '853509f0-6836-5fa7-87f2-fb0a9a8766d2', 14, 'public', 'Wave Management Plan', '{}', DEFAULT, DEFAULT, DEFAULT), ('cdf1b1e3-61cd-52e6-b86e-eec98ea71e23', 'c97097d9-c6b8-5a50-931a-369c86f1535e', 18, 'private', 'Siege Tactics Handbook', '{"ullamco incididunt aute excepteu","adipisicing proident occaecat nu"}', DEFAULT, DEFAULT, DEFAULT), ('98ea8abd-4f3f-5750-b436-afb8aa79fb82', 'df0b9534-eb70-596b-965a-89561ef803da', 17, 'private', 'Wave Management Plan', '{"magna duis","pariatur","aliquip ullamco et","cillum proident aliqua consequat","aliquip anim veniam ad proident","labore ut","commodo occaecat quis","non non laborum exercitation eli","aute cupidatat"}', DEFAULT, DEFAULT, DEFAULT), ('bc227bd7-3214-5075-bca0-3f60046ac216', 'cfbfd1d4-e77f-57e5-94da-e9ff2cc7a996', 14, 'unlisted', 'Map Control Blueprint', '{"ut nisi exercitation nulla","amet eu elit deserunt","duis magna cupidatat veniam cons","Lorem eu aute","cupidatat","in amet non","officia anim dolore","ex et","cupidatat enim laborum amet"}', DEFAULT, DEFAULT, DEFAULT), ('8fd84214-96a6-5d6c-8437-0646145f15a1', 'b737f334-53a3-585e-98d7-69fce744e35e', 14, 'unlisted', 'Split Push Blueprint', '{"laborum sint magna nulla","ullamco exercitation est qui","quis aliquip commodo","laboris non aliquip veniam","culpa consequat","minim ex consectetur officia"}', DEFAULT, DEFAULT, DEFAULT), ('7b269807-4fdc-5847-8a5c-807ffa02f953', '8926b9fd-34b2-5421-a25c-9cd89c12cad0', 20, 'public', 'Aggressive Rush Strategy', '{"elit elit labore","et minim anim","duis","velit amet","excepteur laborum id laborum des","officia laboris"}', DEFAULT, DEFAULT, DEFAULT), ('cf8258c4-f278-5c75-a944-c2bcba526ad4', '887dee3f-7921-537c-91f1-8b0d43117b12', 19, 'private', 'Objective Focused Strategy', '{"irure enim irure non"}', DEFAULT, DEFAULT, DEFAULT), ('2e51b4b0-68ac-5e21-94a2-b7afb1b16016', '203ac13e-e5b1-548e-a7da-5d8cff932053', 13, 'unlisted', 'Objective Focused Strategy', '{}', DEFAULT, DEFAULT, DEFAULT), ('6e9d8d45-1d4b-5cdd-92c5-76194015ba99', '51a084b6-d183-5fbc-beeb-9d670865e2cb', 20, 'unlisted', 'Team Fight Execution Plan', '{}', DEFAULT, DEFAULT, DEFAULT), ('fac7e894-3f38-5663-bc98-486c88732ea4', '36d172fe-21d7-5e04-8dd5-a197a258f6db', 19, 'public', 'Objective Focused Strategy', '{"do excepteur"}', DEFAULT, DEFAULT, DEFAULT), ('7d360079-2c18-5c6d-a1b8-85eb411ace3d', 'ee198d66-a798-52a5-8b79-9931f7b835e3', 18, 'unlisted', 'Aggressive Rush Strategy', '{"aliqua ea","cupidatat dolore ea proident ea","sunt in cillum officia","deserunt culpa consequat","in aliquip eu","aliquip exercitation id elit adi"}', DEFAULT, DEFAULT, DEFAULT), ('be194c18-6eee-5ff6-a117-608bade8a86e', 'eeba85da-b4f7-5195-887e-28b7dc8a5236', 17, 'private', 'Vision Control Blueprint', '{"pariatur sunt dolore nostrud","aute fugiat duis commodo","fugiat quis consectetur exercita","enim consectetur commodo cillum ","aliquip mollit magna do"}', DEFAULT, DEFAULT, DEFAULT), ('74297878-a21d-59b7-aced-265d4a9f30fa', '5038fc48-7e9b-5e62-9425-f7dc4a9743fc', 20, 'public', 'Gank Heavy Approach', '{"ad magna","consectetur laboris ullamco labo","incididunt nostrud exercitation ","culpa occaecat consectetur","et","ea est deserunt","ullamco"}', DEFAULT, DEFAULT, DEFAULT), ('a0c5fdb3-1581-541b-b560-7473e0935643', '79efb743-bb54-546e-8bdf-089509399715', 12, 'unlisted', 'Jungle Control Playbook', '{"est dolor","qui ea adipisicing adipisicing","dolor ullamco eu","commodo incididunt proident enim","velit ex cupidatat proident cill","quis incididunt ex sunt culpa","incididunt adipisicing incididun","excepteur enim id","amet dolor magna aute"}', DEFAULT, DEFAULT, DEFAULT), ('5bf01130-69dd-5547-acc0-717bf1395fda', '7f9cfb18-cbff-50cf-a663-7985bcb16cf9', 20, 'unlisted', 'Vision Control Blueprint', '{}', DEFAULT, DEFAULT, DEFAULT), ('1e052062-4999-589c-af48-bc4a3df69d05', '1d3f740a-8c60-5c1d-aa9e-3854a33c8e1d', 18, 'private', 'Secure Objective Playbook', '{"duis incididunt sit"}', DEFAULT, DEFAULT, DEFAULT), ('38b49ca8-b50c-5e98-af9e-9c3898d28f8f', '1e0af0c0-30ba-5a06-9647-a83cef3d815d', 19, 'private', 'Aggressive Rush Strategy', '{"aliqua ullamco qui eu"}', DEFAULT, DEFAULT, DEFAULT), ('9b261f2f-f0b0-57c3-9c3a-156a89bfc9aa', 'f561c33d-0589-5163-a677-f2a1eb6b3322', 17, 'unlisted', 'Secure Objective Playbook', '{"nostrud minim","consequat aute voluptate"}', DEFAULT, DEFAULT, DEFAULT), ('2d9d0644-e0d8-5f5d-84c2-071cd2c099ce', '672ad514-6b43-58ed-b7aa-f70ed34485d9', 11, 'public', 'Defensive Turtle Tactics', '{"ipsum occaecat elit nisi","amet cupidatat veniam","voluptate excepteur","nulla ut elit","ex anim","enim ex consequat","eiusmod in enim","adipisicing labore commodo","ullamco aliquip exercitation aut"}', DEFAULT, DEFAULT, DEFAULT), ('b8c7a039-d039-57f7-bd1e-253b05ef8c03', '262a78c7-eb9d-5e1a-8e58-41ecb0c31fbd', 12, 'private', 'Vision Denial Blueprint', '{"anim ut"}', DEFAULT, DEFAULT, DEFAULT), ('110d19c8-9e0d-5f75-a721-b94eb9080526', 'fbfa0c72-9c6c-54ce-ba23-f1ed2563396e', 12, 'private', 'Objective Focused Strategy', '{"officia excepteur dolor ea","cillum et deserunt","adipisicing deserunt aliqua comm","et cillum incididunt dolor irure","cillum Lorem","adipisicing consequat dolore id","proident","laboris reprehenderit nulla enim","quis anim voluptate","non fugiat aliqua"}', DEFAULT, DEFAULT, DEFAULT), ('09923517-e55a-5deb-98cb-d64b27c0ab72', 'e334db45-3389-5a47-b7c9-4ff8121637b5', 19, 'unlisted', 'Baron Control Strategy', '{"et exercitation elit non","nisi exercitation","eu incididunt","ex veniam","aliqua","commodo incididunt non"}', DEFAULT, DEFAULT, DEFAULT), ('e5bd85d5-1f62-5598-9176-4bfd393badbe', '36d172fe-21d7-5e04-8dd5-a197a258f6db', 14, 'public', 'Vision Denial Blueprint', '{"sit esse voluptate do","sint","tempor nisi sint aliquip est","culpa sit Lorem"}', DEFAULT, DEFAULT, DEFAULT), ('e8eb7547-d359-5d88-afb0-cca98349d023', '495390bc-68e6-52a4-b1ba-2f994586821a', 18, 'public', 'Counter Pick Blueprint', '{"elit voluptate reprehenderit des","sint","dolor magna ullamco aliquip","ipsum","sunt officia dolore","non","enim consectetur enim proident","cupidatat in ut"}', DEFAULT, DEFAULT, DEFAULT), ('0e4135c9-4c74-5717-9ee1-cbbb37873838', '92bf5244-388d-5bbf-bd84-1c7ad2efe31b', 20, 'public', 'Team Fight Execution Plan', '{"ullamco","Lorem pariatur sit"}', DEFAULT, DEFAULT, DEFAULT), ('eb9d24ec-f15e-5e4f-870e-dd537efcd168', '3af5be38-b117-5675-8d7a-e27a1a34e8a8', 11, 'private', 'Counter Pick Blueprint', '{"nostrud","proident reprehenderit eu offici","aliqua non laboris velit","labore voluptate incididunt eius","fugiat nulla exercitation et inc"}', DEFAULT, DEFAULT, DEFAULT), ('688a2e3c-848e-5787-bd83-705a15229924', 'b5f933d0-c28e-517c-9fca-d9e38dc742a2', 13, 'unlisted', 'Counter Pick Blueprint', '{"laborum sunt fugiat","reprehenderit sit"}', DEFAULT, DEFAULT, DEFAULT), ('a042a037-2e40-50ce-ae48-3f063c3067bb', '7982e717-2466-57d1-8e77-2f2f17be0182', 18, 'unlisted', 'Roaming Support Plan', '{"consectetur culpa","eu veniam ex irure"}', DEFAULT, DEFAULT, DEFAULT), ('cb4eaa5a-1f18-571e-9566-4c1753ad9134', 'a00f2df0-a74b-51ab-8311-51125014b9ef', 14, 'private', 'Vision Control Blueprint', '{"et fugiat non","officia ad","incididunt esse consequat qui am","incididunt fugiat sunt enim mini","nisi adipisicing incididunt volu","deserunt labore","quis","proident esse magna","ea consectetur","aute sint"}', DEFAULT, DEFAULT, DEFAULT), ('2076216c-1b19-5f7f-b10d-db3cae2b4567', 'bdc52205-2f90-54a1-a699-3ba523b0d56a', 14, 'private', 'Defensive Turtle Tactics', '{}', DEFAULT, DEFAULT, DEFAULT), ('a0bd7980-cac4-5ded-adc5-004548282723', '7c0f6282-7933-5431-8e88-9d2b9f09f272', 12, 'unlisted', 'Vision Control Blueprint', '{"quis consectetur nisi in tempor","irure ipsum","do elit esse voluptate in","ex"}', DEFAULT, DEFAULT, DEFAULT), ('e94657cc-5d4a-53ce-8902-19b99712c3c6', 'a6ea6199-2a1a-56d4-b12a-1bf7d32d154c', 12, 'unlisted', 'Vision Control Blueprint', '{"commodo veniam mollit aliquip","fugiat nostrud ipsum amet id","deserunt magna","sit id","sint proident eu eiusmod","cupidatat dolor fugiat amet"}', DEFAULT, DEFAULT, DEFAULT), ('cdee6d23-791e-5a74-aba4-6e6c1b3863e7', '41b8dce5-d8aa-5010-aded-a2d4528d487a', 14, 'unlisted', 'Baron Control Strategy', '{"labore adipisicing dolore exerci","in qui sunt consequat","irure dolor","non in irure","incididunt elit occaecat","nostrud anim","et aliquip"}', DEFAULT, DEFAULT, DEFAULT), ('d5a4641d-8cbb-5fd0-89e3-ac12979b690c', 'c749b9a1-8131-5461-9b9f-368e4a129402', 14, 'unlisted', 'Secure Objective Playbook', '{"et eiusmod aliqua velit","adipisicing pariatur deserunt et","consequat in tempor cupidatat","irure duis","enim","sit in esse dolor","consequat dolore aliqua eiusmod","laboris ut et labore","officia cupidatat"}', DEFAULT, DEFAULT, DEFAULT), ('ab58f5b2-4308-5685-a477-a4b54637b2a0', '98bf31df-37fd-5af6-86dd-8686cdc35eeb', 11, 'unlisted', 'Roaming Support Plan', '{"aute tempor id laborum","reprehenderit reprehenderit exer","quis non irure ex","nulla consequat dolor","magna incididunt id culpa consec","minim sunt"}', DEFAULT, DEFAULT, DEFAULT), ('025da8e7-6d47-53be-9689-b0604284733b', '9d87fe57-7f5a-555d-8ceb-54297334ec14', 18, 'unlisted', 'Gank Heavy Approach', '{"et non mollit aliquip ex","eu Lorem","esse aliquip laboris non","ut nostrud enim ea irure","reprehenderit consectetur consec","aliqua in dolor id duis","cillum labore ea irure officia"}', DEFAULT, DEFAULT, DEFAULT), ('cfc01e92-0e9c-5f58-b116-ac73af2ff344', 'e4de1a09-bd9a-5e42-b92c-2cb1af28bec6', 19, 'private', 'Baron Control Strategy', '{"sunt ullamco mollit","eiusmod culpa","nostrud consectetur","dolor dolore nulla anim","ipsum eiusmod tempor aliquip","sint mollit culpa","tempor irure qui cupidatat labor","proident"}', DEFAULT, DEFAULT, DEFAULT), ('6c7a0737-5d09-56f1-9a60-9ca811b68d40', 'ba60341e-ffca-5a8d-85d2-58afc6ff269c', 16, 'public', 'Late Game Scaling Strategy', '{"sit mollit ad ut","cillum","eiusmod minim aute excepteur","nisi ipsum","cillum nulla ad tempor","ex quis nisi","fugiat voluptate"}', DEFAULT, DEFAULT, DEFAULT), ('b74b781d-f3ca-5ce2-a262-c20f23455d05', 'eecf8a7e-af2f-524d-a645-c5fba3ebda06', 11, 'private', 'Team Fight Execution Plan', '{"esse eu anim","labore irure","commodo labore est officia culpa","do","duis laborum culpa duis","id pariatur enim","veniam"}', DEFAULT, DEFAULT, DEFAULT), ('ae76c1cf-66c9-5bf7-8fc8-d1e1260ab8bd', '290bcd64-8663-5670-8efa-64e864979bbb', 14, 'public', 'Jungle Control Playbook', '{"mollit tempor et","ut","amet laborum sit ullamco id","consequat","ad deserunt","nulla cillum","non cillum","deserunt ut aute","culpa ex officia proident fugiat","laborum est"}', DEFAULT, DEFAULT, DEFAULT), ('3267d96d-4a33-5c13-9ef8-eb9652f76262', '7c0f6282-7933-5431-8e88-9d2b9f09f272', 15, 'public', 'Late Game Scaling Strategy', '{"elit voluptate occaecat"}', DEFAULT, DEFAULT, DEFAULT), ('272ce823-3f81-5671-93a8-93655178aa67', '43bcab14-4a69-5e60-a07f-cda2fe595a2a', 19, 'unlisted', 'Counter Pick Blueprint', '{"voluptate exercitation ullamco l","sit est laborum et minim","est non dolor non ut","amet sint","consectetur cupidatat laboris co","ut aliqua cupidatat","dolor","sint qui"}', DEFAULT, DEFAULT, DEFAULT), ('0cd365ac-6479-5889-b532-b02ce5d93b9f', 'df625f4d-0fe2-599a-b1d3-13232701e19f', 11, 'unlisted', 'Wave Management Plan', '{"minim et duis sunt amet","aliquip","occaecat occaecat id et","magna dolor exercitation ad moll","laboris labore","amet officia duis adipisicing","est laboris exercitation velit","qui irure","est ad officia"}', DEFAULT, DEFAULT, DEFAULT), ('d1c31a1f-140d-5b01-95f7-3fc15003186c', '8b474939-245b-5ed9-b06a-21432e2b9115', 12, 'public', 'Baron Control Strategy', '{"adipisicing mollit in","laboris do veniam","pariatur tempor","aliqua elit velit pariatur","deserunt nostrud dolor occaecat ","ut ex dolore proident ipsum","incididunt voluptate","velit","est officia"}', DEFAULT, DEFAULT, DEFAULT), ('139e14ed-bbf1-5d48-a6cc-84c72c891164', 'c67d2d09-4f9c-55d4-8995-a05fcda1aef5', 14, 'unlisted', 'Jungle Control Playbook', '{"do aliqua labore","sit labore reprehenderit volupta","excepteur","dolore ut et","anim Lorem labore","cillum anim do ex","irure labore","do"}', DEFAULT, DEFAULT, DEFAULT), ('586f1ac8-f524-5f8c-88e2-184c02d5ef6d', 'ccd28d41-9086-5b64-b351-585431787bb7', 20, 'private', 'Aggressive Rush Strategy', '{"ex","incididunt aute duis voluptate","tempor proident nulla irure"}', DEFAULT, DEFAULT, DEFAULT), ('62075432-2441-5ae8-a3d3-0c53f1490707', '026debf8-8a71-53bf-8bd1-1046d4d33b6c', 16, 'public', 'Vision Denial Blueprint', '{"quis est do ea","est","velit","fugiat deserunt eu","laboris eiusmod","irure ad","exercitation irure ipsum","ad quis"}', DEFAULT, DEFAULT, DEFAULT), ('7e2a3012-f429-5959-8e79-e27f888f9ce7', '41b8dce5-d8aa-5010-aded-a2d4528d487a', 13, 'public', 'Baron Control Strategy', '{"eiusmod nulla"}', DEFAULT, DEFAULT, DEFAULT), ('b8821e56-73f0-54d5-b485-728d64492250', 'a9752d0c-ade4-58c6-b746-1b9df56a3d08', 13, 'private', 'Gank Heavy Approach', '{"ex","qui","nostrud amet enim do","voluptate ut laborum mollit labo","veniam ex voluptate","sunt","voluptate dolor"}', DEFAULT, DEFAULT, DEFAULT), ('41c6ea7f-18a9-55e6-b2ba-f0f4f40a17bf', '2f76c526-de17-58f1-a75e-aee239f7ed57', 13, 'unlisted', 'Siege Tactics Handbook', '{"ex excepteur aliquip","incididunt irure pariatur","fugiat","tempor nostrud","in ut aliquip sint","enim elit ullamco adipisicing"}', DEFAULT, DEFAULT, DEFAULT), ('6071eb55-6bca-516b-b2e7-cdcdc70b2f27', 'eff6dde6-e4aa-5c61-9818-5d7ae0bf58b7', 14, 'private', 'Rotation Strategy Document', '{"velit et voluptate eu officia","voluptate nulla elit adipisicing","magna Lorem","nostrud ea elit","velit eu in"}', DEFAULT, DEFAULT, DEFAULT), ('d7cdb9d2-07a6-5208-bc43-84429587c78d', 'b0951de7-c56f-53f5-9eed-d16eaaa476ac', 14, 'private', 'Gank Heavy Approach', '{"eu officia","sunt do","mollit consequat"}', DEFAULT, DEFAULT, DEFAULT), ('edba76b8-16c2-5d65-8407-7c8846b18c8d', '94170f3d-888c-58bc-bc18-13592bfb52c5', 19, 'private', 'Defensive Turtle Tactics', '{"amet id voluptate id consectetur","sit anim laboris minim sint","id occaecat id","culpa eu qui"}', DEFAULT, DEFAULT, DEFAULT), ('4961b154-685f-5c2d-b1f1-598100239ea4', '3c6d504a-3b43-5117-a71b-e844b07b3920', 12, 'public', 'Early Game Dominance Guide', '{}', DEFAULT, DEFAULT, DEFAULT), ('81b648c1-576c-5086-ba4f-2125060d9cf0', '59558fa1-9cc0-5e85-a331-879d76e07f05', 16, 'unlisted', 'Siege Tactics Handbook', '{"esse tempor nostrud","in ullamco incididunt","pariatur occaecat enim nostrud n","in","ea eu","deserunt elit","ut fugiat aliqua","do aliquip"}', DEFAULT, DEFAULT, DEFAULT), ('edcc20e9-95a3-50eb-b84c-a2ac5801dd1f', 'e5b4727f-be5e-52c0-83cb-cb7ba230945f', 17, 'private', 'Objective Focused Strategy', '{"quis reprehenderit minim","et reprehenderit","commodo ullamco sit aute sunt","eu occaecat","dolor tempor","minim aute aute","non"}', DEFAULT, DEFAULT, DEFAULT), ('0f7963e1-2931-5603-b1f8-5f29e095a36f', 'a5831e58-2fc9-5b59-970d-00c344a4eb18', 18, 'private', 'Aggressive Rush Strategy', '{"esse est mollit","veniam exercitation adipisicing","id deserunt duis","sint et tempor","aute cillum ex enim","exercitation duis veniam"}', DEFAULT, DEFAULT, DEFAULT), ('d90cf80e-490d-5c8c-85cc-9c761060fca5', '94daea14-9b93-5933-9044-5ccc1eb32f8f', 19, 'public', 'Defensive Turtle Tactics', '{"tempor ipsum id","non qui dolore","in cillum tempor","enim dolor","aliquip tempor eu dolore cupidat"}', DEFAULT, DEFAULT, DEFAULT), ('84a00f8f-8f65-512e-a89a-396ebb944774', '94daea14-9b93-5933-9044-5ccc1eb32f8f', 20, 'unlisted', 'Counter Pick Blueprint', '{"sint amet ullamco"}', DEFAULT, DEFAULT, DEFAULT), ('24530daa-18f4-5736-824e-740b98d86f84', '5c25ba01-ab4d-5527-9a41-d79d770f3d79', 18, 'public', 'Objective Focused Strategy', '{"nostrud dolor elit incididunt ea","cillum","enim duis aliquip","in laboris sit duis eiusmod","fugiat ut nisi","aliquip","mollit nulla consectetur","ullamco nulla do mollit minim"}', DEFAULT, DEFAULT, DEFAULT), ('cef44dbb-01f1-53f9-a51f-bce20b8c9729', '097c4d8e-94d3-5fd3-94ca-7bbb66cf6929', 15, 'private', 'Gank Heavy Approach', '{"ullamco duis amet","aute est Lorem proident reprehen","enim nisi","fugiat dolore"}', DEFAULT, DEFAULT, DEFAULT), ('2f432e43-c578-5d3f-a9f6-658650551fe1', 'e9decb87-4a50-5c41-896c-16fe0d21ebca', 17, 'public', 'Vision Denial Blueprint', '{"sit consequat voluptate fugiat","velit dolor proident culpa duis","quis eu laborum ex laborum","velit non aliqua"}', DEFAULT, DEFAULT, DEFAULT), ('9e0ad23d-bafe-536b-a992-47ea353cf3b5', '99498cc5-464e-5b95-a415-0dba48b40687', 19, 'unlisted', 'Gank Heavy Approach', '{"est in culpa in","magna et esse non minim","non nisi proident sint","laboris Lorem nostrud","tempor sunt elit magna est","qui nisi sunt consequat","do ullamco tempor","reprehenderit","Lorem proident"}', DEFAULT, DEFAULT, DEFAULT), ('ba4f3542-9d48-574a-8df6-823d78106037', '6843e0c5-7d9d-55cf-a335-436ba5672a4d', 15, 'public', 'Defensive Turtle Tactics', '{"et","labore quis sint aute","sint consectetur occaecat ea id","mollit officia ipsum","ullamco esse"}', DEFAULT, DEFAULT, DEFAULT), ('d5920fa6-848e-5195-b671-9577ccf74a26', 'eda91f04-12ef-5904-88aa-e6ed9a692e03', 17, 'public', 'Roaming Support Plan', '{"dolore magna nisi","minim sint laboris elit","cupidatat sunt proident","reprehenderit sint qui"}', DEFAULT, DEFAULT, DEFAULT), ('60e1ec45-4b3f-5cd2-b9e9-a6fd50c32391', '54a5a18c-ac47-54d2-b2c8-732ffc30b608', 20, 'public', 'Vision Denial Blueprint', '{"reprehenderit eiusmod","ullamco","laborum incididunt sint proident","fugiat minim nostrud excepteur"}', DEFAULT, DEFAULT, DEFAULT), ('4152396c-eaf9-5aeb-9b7d-6c26ad4d722c', '6fb8bc22-57b5-5453-b6ee-d5dfa591c360', 18, 'unlisted', 'Defensive Turtle Tactics', '{"voluptate","sint","pariatur veniam aliqua irure cup","cillum sint cupidatat","duis sint amet","consectetur non enim ea","anim amet ipsum laborum","laborum","voluptate cillum incididunt"}', DEFAULT, DEFAULT, DEFAULT), ('82c66b9e-374b-5deb-960b-0b761f066806', 'bbcbd7eb-4377-550e-af45-f77d693d98fe', 16, 'public', 'Late Game Scaling Strategy', '{"aliqua non"}', DEFAULT, DEFAULT, DEFAULT), ('cb1a8444-be9e-581c-8a1e-9f0d5870d484', '756cbb59-27d6-58f3-b4b9-8b56121e683f', 11, 'public', 'Wave Management Plan', '{"in reprehenderit","consequat in anim tempor proiden","elit cillum Lorem","reprehenderit reprehenderit"}', DEFAULT, DEFAULT, DEFAULT), ('b4086fbf-8b55-5b20-af96-270e53efd260', '65d8ad86-6271-552b-8704-fabcdcf18cdb', 17, 'unlisted', 'Siege Tactics Handbook', '{"consectetur ex qui enim","velit enim voluptate","labore sint id veniam","aute consequat","dolore"}', DEFAULT, DEFAULT, DEFAULT), ('7dc2a385-02fd-5e9e-8ca3-480d310ce988', '3c6d504a-3b43-5117-a71b-e844b07b3920', 12, 'unlisted', 'Late Game Scaling Strategy', '{"do consequat","reprehenderit Lorem amet officia","dolore in enim","nisi aliquip","ex laborum adipisicing in qui","et cupidatat eu exercitation eu"}', DEFAULT, DEFAULT, DEFAULT), ('bd010a0a-cb39-59ee-8218-e7f775ac9a01', '203ac13e-e5b1-548e-a7da-5d8cff932053', 18, 'private', 'Counter Pick Blueprint', '{"nisi id labore tempor"}', DEFAULT, DEFAULT, DEFAULT), ('eb100a5e-fbbc-5189-b323-e08ca1ddf4b2', '7a86b477-8922-5c78-85b7-47a44d6877c0', 17, 'public', 'Map Control Blueprint', '{"elit est irure","in in laborum ad","aute consectetur"}', DEFAULT, DEFAULT, DEFAULT), ('e43c6b3b-10fe-54f2-a09c-2f23976dbe42', '31ac52db-fa89-5177-b667-1cf6526a929a', 13, 'public', 'Counter Pick Blueprint', '{"fugiat","mollit sunt Lorem"}', DEFAULT, DEFAULT, DEFAULT), ('145f2d17-d2b0-59ee-98c0-d8b6d6c741cd', '9bcb6997-9423-57c0-978a-09ad67de00e3', 15, 'unlisted', 'Wave Management Plan', '{"deserunt ullamco reprehenderit q","labore eiusmod","fugiat veniam adipisicing","elit fugiat pariatur","irure deserunt mollit dolor"}', DEFAULT, DEFAULT, DEFAULT), ('27b7fc92-c399-5aec-bc43-ea4a7d41c984', 'cf1d2e5e-3a18-5518-8e4c-387978992b8a', 17, 'unlisted', 'Gank Heavy Approach', '{"amet minim","minim laborum","veniam","pariatur incididunt sunt est","Lorem anim enim","irure"}', DEFAULT, DEFAULT, DEFAULT), ('16e13bc2-bae9-5a1b-a23b-7f2503b73a03', '79ef5172-d3d7-5e61-9d71-a40b27651163', 15, 'private', 'Baron Control Strategy', '{"est cillum ut","laborum esse aliqua","Lorem ex","nostrud velit do eu","dolor ea sunt aute"}', DEFAULT, DEFAULT, DEFAULT), ('fb9a721d-7da1-577d-a721-ae00139d250b', '7b09592d-b146-5ee2-9db5-3683955196d6', 19, 'unlisted', 'Aggressive Rush Strategy', '{}', DEFAULT, DEFAULT, DEFAULT), ('8514b549-2321-5223-bcae-362fbfc61c61', 'fc6d457c-9711-5cde-813c-d584f858faae', 11, 'private', 'Split Push Blueprint', '{"veniam nostrud nulla aliqua","elit excepteur","Lorem officia","consectetur qui","pariatur Lorem officia consequat","ea deserunt minim","reprehenderit sunt","ad cupidatat","Lorem proident labore eu veniam"}', DEFAULT, DEFAULT, DEFAULT), ('8d222d98-29f0-5123-b99d-cc9f19493b20', '02fbc2e3-109a-5330-96d4-81e4548f5f4f', 18, 'public', 'Aggressive Rush Strategy', '{"consectetur tempor","cillum do eu ullamco"}', DEFAULT, DEFAULT, DEFAULT), ('5ba895cd-4107-5c9d-a9cb-bd2d24899776', 'cd80d13e-478f-5058-8dfd-e20a76013cb5', 17, 'private', 'Vision Denial Blueprint', '{"cupidatat","laboris in cillum magna","exercitation nulla","qui dolor","consequat deserunt"}', DEFAULT, DEFAULT, DEFAULT), ('73b23aba-b5e2-5b24-b442-00922b22f275', '203ac13e-e5b1-548e-a7da-5d8cff932053', 14, 'private', 'Jungle Control Playbook', '{}', DEFAULT, DEFAULT, DEFAULT), ('0e1a0168-a26a-5feb-9c91-7bd40d62afcc', '9b1fc781-1e4e-56d2-bd68-0dc257a319c0', 17, 'private', 'Map Control Blueprint', '{"voluptate commodo","enim nostrud ipsum elit non","pariatur dolor commodo ut","consequat quis elit ex adipisici"}', DEFAULT, DEFAULT, DEFAULT), ('9348bed0-a52a-59cd-98df-ed8ab48ba4f7', '9af6e0ef-7015-5390-856a-705032c2e40e', 16, 'private', 'Defensive Turtle Tactics', '{"amet adipisicing cupidatat","minim enim ullamco aute nostrud","tempor tempor reprehenderit do"}', DEFAULT, DEFAULT, DEFAULT), ('1507f034-16ba-5219-b927-72f72394b9da', '746129d3-04de-505c-b6c2-ad26b895652a', 20, 'unlisted', 'Wave Management Plan', '{"amet","amet exercitation sunt officia i","consectetur anim ad incididunt","eu sit eiusmod","eiusmod consequat ad velit","est mollit","reprehenderit","culpa commodo irure","elit eiusmod voluptate voluptate"}', DEFAULT, DEFAULT, DEFAULT), ('3d6517ba-6968-54c9-9934-5dca00f20f48', '2da447ba-d0f6-5d62-becb-584cd208c558', 18, 'private', 'Defensive Turtle Tactics', '{"velit ad ipsum","Lorem irure pariatur nostrud qui"}', DEFAULT, DEFAULT, DEFAULT), ('253eb1a7-6466-5751-bb80-ba728a9d5688', 'c3fa24c3-3b50-5e24-8717-dd9782d2e82b', 20, 'public', 'Split Push Blueprint', '{"eiusmod nisi","nisi in in","occaecat non ipsum consequat qui","incididunt incididunt aliqua exc","dolor veniam tempor proident","enim dolore"}', DEFAULT, DEFAULT, DEFAULT), ('84afba7a-f643-5519-b420-54d83f591e9d', 'eb3e804d-5ed0-59a1-900b-3b0f9b2cb577', 15, 'unlisted', 'Roaming Support Plan', '{"officia est ad","aliqua eu"}', DEFAULT, DEFAULT, DEFAULT), ('59b35be9-9d21-5b79-8875-4954a08d7239', 'd36b7a55-d6b7-5955-bd46-7839332db245', 15, 'public', 'Late Game Scaling Strategy', '{"veniam veniam ipsum dolor","elit eiusmod commodo","esse est","nostrud nostrud","nulla dolor sit ullamco","reprehenderit quis"}', DEFAULT, DEFAULT, DEFAULT), ('b3ff9604-63d2-533f-8bbb-d5f0486381ad', 'e463e92c-fc94-53b3-bc8b-3f56bfcdf083', 15, 'unlisted', 'Rotation Strategy Document', '{"incididunt qui elit","consectetur nisi laborum ex","ea reprehenderit culpa culpa","non sint labore","dolore id excepteur cupidatat mi","consectetur non esse ut","voluptate eu voluptate consequat","dolore laborum"}', DEFAULT, DEFAULT, DEFAULT), ('bcc899da-7629-5e0e-b560-5f5f6e7060e1', 'f8fbdff1-11b4-54fa-ab90-292d82d3d353', 19, 'private', 'Counter Pick Blueprint', '{"duis officia enim non ullamco","aliquip nostrud pariatur","do veniam excepteur ea irure","aliqua laborum dolor eu"}', DEFAULT, DEFAULT, DEFAULT), ('96dbca51-d731-5e2c-a3d4-62e8f0faa072', 'd19db439-c7e7-53a7-aa19-0db346180dc1', 15, 'unlisted', 'Map Control Blueprint', '{"ex","anim reprehenderit adipisicing","esse","ad sunt pariatur nisi","proident velit incididunt consec","ex eu velit"}', DEFAULT, DEFAULT, DEFAULT), ('fc633e1f-14b8-590b-a0ba-c22147aaeeb4', 'cd7c291a-6d6e-5632-91e5-b7fd7a634d7d', 16, 'private', 'Secure Objective Playbook', '{"ut fugiat consequat consequat","do non non","adipisicing quis nulla","magna ipsum Lorem","esse pariatur eu elit"}', DEFAULT, DEFAULT, DEFAULT), ('49af1081-9f3e-5569-af2e-1029eb808baf', 'b64d0217-6a7b-5682-8927-676434f72be9', 14, 'public', 'Late Game Scaling Strategy', '{"pariatur amet"}', DEFAULT, DEFAULT, DEFAULT), ('28c7fcd5-dc0b-528f-92f0-3e19e7b94b50', 'eff6dde6-e4aa-5c61-9818-5d7ae0bf58b7', 19, 'public', 'Gank Heavy Approach', '{"ea quis","labore consectetur est dolor exc","deserunt nulla cupidatat culpa","laboris elit Lorem","officia proident laboris id","do amet consequat dolor elit","sint officia","laboris eu","dolore"}', DEFAULT, DEFAULT, DEFAULT), ('38780d0a-620c-5420-b84b-aa917e5db8c1', '6451b879-16d7-5644-b6b9-87dd18b3facf', 11, 'unlisted', 'Aggressive Rush Strategy', '{"ex do do laboris","Lorem esse culpa culpa","ut adipisicing minim do","sunt id","quis quis","officia consectetur amet","enim pariatur nostrud pariatur","consectetur ea laborum nisi occa","voluptate excepteur"}', DEFAULT, DEFAULT, DEFAULT), ('535c1e86-4fb0-59ea-8076-b54244994b61', '8da8132e-b930-5443-8c74-724aae5f7623', 16, 'unlisted', 'Split Push Blueprint', '{"aliquip reprehenderit ullamco","veniam laboris officia","proident velit cupidatat ex","consectetur ad fugiat","ea","cupidatat minim consequat","consequat do"}', DEFAULT, DEFAULT, DEFAULT), ('5e181f1c-b93c-59a3-a161-c4d4e29f775e', '94170f3d-888c-58bc-bc18-13592bfb52c5', 14, 'unlisted', 'Secure Objective Playbook', '{"consectetur voluptate amet culpa","occaecat sint aliquip","veniam","eiusmod qui veniam do","cillum veniam","ullamco do excepteur laborum","cupidatat labore","anim sit","eu anim mollit"}', DEFAULT, DEFAULT, DEFAULT), ('0cd34502-daee-52d8-b8a4-7aa032065e8a', '830a4bb5-d929-5c1b-94fc-74a53795cc52', 12, 'public', 'Objective Focused Strategy', '{"nostrud sit amet","reprehenderit do enim quis","veniam ea in","ipsum sit excepteur mollit aliqu","aute ad enim","consequat aliquip"}', DEFAULT, DEFAULT, DEFAULT), ('6c9b6808-e737-5f8f-b196-93c0598b34b9', '844afdcc-93cf-55c8-b0f1-1cc22329a30b', 17, 'public', 'Roaming Support Plan', '{"commodo fugiat incididunt dolor","anim consectetur velit","proident exercitation consectetu"}', DEFAULT, DEFAULT, DEFAULT), ('f498173a-b4a1-5b37-ad0b-67596b4fe0ac', '853509f0-6836-5fa7-87f2-fb0a9a8766d2', 18, 'unlisted', 'Siege Tactics Handbook', '{"ad non","id ea","ea Lorem cupidatat laboris","fugiat enim proident aute","cillum pariatur dolor","dolor occaecat","aliquip quis"}', DEFAULT, DEFAULT, DEFAULT), ('b0d542cd-fe80-5cad-9bd6-a81d0ed1c2f4', '5034bc4f-306f-5e76-8ef2-99198efc3a69', 18, 'unlisted', 'Vision Control Blueprint', '{}', DEFAULT, DEFAULT, DEFAULT), ('cd506b7e-0f7c-526c-b650-bb799376c313', '2d1d7734-be70-5d07-a538-e76c6cae722e', 12, 'unlisted', 'Gank Heavy Approach', '{"excepteur eiusmod","culpa ut","nisi mollit consequat eu","ex quis pariatur irure","fugiat laboris","pariatur voluptate","velit"}', DEFAULT, DEFAULT, DEFAULT), ('d625f518-4ec3-51e2-95c0-6cf965668d68', '9af6e0ef-7015-5390-856a-705032c2e40e', 18, 'public', 'Wave Management Plan', '{"cupidatat consequat","incididunt aliquip ad labore qui"}', DEFAULT, DEFAULT, DEFAULT), ('66b76653-1cc5-50ef-a109-c059c945f253', 'abf8504a-2cfc-5a9d-a5d2-31dccd8bf00f', 19, 'private', 'Team Fight Execution Plan', '{"mollit consequat enim elit","dolore duis esse","exercitation magna","aliquip cupidatat tempor ut","enim cupidatat est minim","anim culpa exercitation"}', DEFAULT, DEFAULT, DEFAULT), ('a6dbcc80-e965-5682-9448-6a65a83787b3', '1332e392-1ac8-57d9-8262-948f66c89fe9', 11, 'public', 'Roaming Support Plan', '{"mollit aliqua","id Lorem anim","fugiat id do"}', DEFAULT, DEFAULT, DEFAULT), ('c4d9fc37-aa2c-5cf4-8cef-779723958882', 'a8766652-5cf4-5e66-ba6d-9eb457dff942', 19, 'unlisted', 'Vision Control Blueprint', '{"eiusmod velit","qui sunt","veniam est reprehenderit","incididunt non dolor","nisi mollit cupidatat"}', DEFAULT, DEFAULT, DEFAULT), ('cbdcc83c-77a1-5d75-ace8-183321930672', 'cd1520c4-af17-5e1e-b5b0-a9e95f36a7c4', 13, 'private', 'Map Control Blueprint', '{}', DEFAULT, DEFAULT, DEFAULT), ('46b593cf-05b9-5316-ba74-ef4cf062dcc9', '95f6e66b-0348-54f6-ae25-2030a33390b2', 15, 'unlisted', 'Vision Control Blueprint', '{"dolore","dolore","minim","esse adipisicing consectetur dui","deserunt"}', DEFAULT, DEFAULT, DEFAULT), ('1770dbe6-c529-520b-a36c-454b023ccb2c', '3de7919f-8a6e-5a5a-ad06-07f2ad53b96d', 16, 'public', 'Roaming Support Plan', '{"irure","elit excepteur consequat tempor ","dolore est enim"}', DEFAULT, DEFAULT, DEFAULT), ('65973815-006c-531b-b69f-bd5d086f7786', 'd297ab9e-40d4-51b5-bb8f-a1df399f1a9a', 18, 'unlisted', 'Wave Management Plan', '{"aliquip ex irure qui","cillum labore ut pariatur","cillum exercitation esse nisi","est ex esse","eu deserunt cillum","dolor commodo dolor magna"}', DEFAULT, DEFAULT, DEFAULT), ('0cd413aa-1a82-5832-9edb-17fd5c059a41', '6c1a8703-574c-5f71-a1b1-63956f35fc49', 20, 'private', 'Vision Denial Blueprint', '{"nostrud eiusmod voluptate incidi","non consequat culpa sunt dolor","velit culpa Lorem quis minim"}', DEFAULT, DEFAULT, DEFAULT), ('5153bc7b-cd04-5c5e-83e9-7b7a5a1390e6', '6451b879-16d7-5644-b6b9-87dd18b3facf', 14, 'public', 'Roaming Support Plan', '{"reprehenderit","incididunt mollit ea cupidatat","dolor commodo magna","veniam aliqua"}', DEFAULT, DEFAULT, DEFAULT), ('bd276dfa-2ddb-52c7-9feb-6d2cc281335e', '2386fe50-4da3-5ca3-b993-046dc48afb23', 12, 'private', 'Map Control Blueprint', '{"laborum est cillum nisi dolor","elit adipisicing minim","Lorem irure","irure","ex commodo proident"}', DEFAULT, DEFAULT, DEFAULT), ('12cafb5f-6adc-5f24-a738-9455dde3eb2a', 'd1dc8a74-c651-5dbd-b484-1cd2c51db9b9', 12, 'public', 'Wave Management Plan', '{"deserunt","minim laboris","duis cillum aute","incididunt ad aliquip fugiat","nostrud","cillum nostrud","incididunt laboris et id","ex fugiat veniam tempor"}', DEFAULT, DEFAULT, DEFAULT), ('e017f166-fa51-5fb5-af86-6fc41cad9674', 'c1b69361-a3c3-5c2a-8a7a-23aa07e97e87', 12, 'private', 'Secure Objective Playbook', '{"in irure eiusmod consequat","fugiat ut mollit veniam id","est minim","magna nulla aliqua do","do culpa","reprehenderit officia cupidatat ","magna","ex culpa duis exercitation","dolore minim anim est"}', DEFAULT, DEFAULT, DEFAULT), ('544f27bb-a8e9-5b6b-8ec7-f1cfe91406e2', '6c52c1d9-13a4-51ef-ae51-1dacc4c14be9', 15, 'public', 'Wave Management Plan', '{"nostrud cillum","amet","pariatur id mollit commodo","ex ex sint qui"}', DEFAULT, DEFAULT, DEFAULT), ('a704d0a7-ee9e-5aa5-bba9-aff3556d41a2', '6a3486ce-c3fa-519b-8ad1-f329a5c3ee43', 15, 'private', 'Wave Management Plan', '{"ad deserunt minim","voluptate sit esse excepteur","et sunt eiusmod","aliquip ad eiusmod","velit eu","qui est reprehenderit sint","sunt ad laboris ipsum voluptate"}', DEFAULT, DEFAULT, DEFAULT), ('a758f3b0-169f-56a9-80db-acb9f3972464', 'cd7c291a-6d6e-5632-91e5-b7fd7a634d7d', 12, 'public', 'Defensive Turtle Tactics', '{"aute ea reprehenderit","cillum sunt ex dolore","minim eiusmod qui","aliquip reprehenderit veniam","deserunt exercitation","pariatur in","ut nisi excepteur reprehenderit","laborum deserunt qui dolor","eiusmod aliquip fugiat sint"}', DEFAULT, DEFAULT, DEFAULT), ('1ebb07c2-9cc9-56df-b9e3-71837bafdca1', '2da4149c-bf3e-5f98-b904-591c69530871', 15, 'unlisted', 'Early Game Dominance Guide', '{"et nulla irure eiusmod commodo","nostrud ex","duis Lorem","duis culpa reprehenderit","Lorem laborum ea id"}', DEFAULT, DEFAULT, DEFAULT), ('217c4ba5-3ca5-503f-8fcd-2cf91341f163', '6fb8bc22-57b5-5453-b6ee-d5dfa591c360', 19, 'public', 'Vision Control Blueprint', '{"pariatur qui occaecat incididunt","pariatur mollit commodo ad","in proident aliqua adipisicing d"}', DEFAULT, DEFAULT, DEFAULT), ('63c64b00-d130-5928-b403-258ebdb17248', '6a3486ce-c3fa-519b-8ad1-f329a5c3ee43', 19, 'private', 'Early Game Dominance Guide', '{"enim eu velit nisi","sit dolore","dolore","consequat adipisicing pariatur","eu","nulla tempor exercitation","laboris elit voluptate"}', DEFAULT, DEFAULT, DEFAULT), ('0deb1a0e-8f26-576f-af23-e26ef824ea0b', 'ddb44318-7e83-5b4d-8ba4-3bbd19edd327', 20, 'unlisted', 'Split Push Blueprint', '{"cillum consectetur eiusmod","exercitation esse ea ad","sint ea","ex","nulla cillum"}', DEFAULT, DEFAULT, DEFAULT), ('924718ca-0525-5af0-b71a-2560f2cc09a0', '9f273059-bf49-55a4-bf95-e6bedcccffe3', 18, 'public', 'Map Control Blueprint', '{"excepteur ullamco","sit adipisicing","aute do cillum","nulla"}', DEFAULT, DEFAULT, DEFAULT), ('877842c0-f0dc-575b-a7ad-30915aaaeebe', '47e5d6a1-6a7c-5068-97e6-b73d6f3b47c1', 12, 'private', 'Secure Objective Playbook', '{"velit magna amet commodo","laborum reprehenderit","laborum et tempor ex non","amet qui","excepteur aliqua qui pariatur of"}', DEFAULT, DEFAULT, DEFAULT), ('ebce0b2a-b558-5f18-bddc-2af385fe3118', 'c379a417-3b5c-5e05-a7ca-c545e0d33c70', 15, 'unlisted', 'Baron Control Strategy', '{"in elit","est eu sint excepteur","esse magna","aute veniam id commodo","commodo Lorem","reprehenderit deserunt adipisici","culpa tempor","sit incididunt","ullamco Lorem id","fugiat mollit reprehenderit"}', DEFAULT, DEFAULT, DEFAULT), ('67f00577-22b1-541a-b8eb-43f4241ec322', 'e4d90fe6-6c38-55d7-9042-99ce6d25bf1e', 12, 'private', 'Objective Focused Strategy', '{"velit culpa labore","officia","eu amet incididunt consectetur","occaecat exercitation","non cillum aute"}', DEFAULT, DEFAULT, DEFAULT), ('5c1d9b7d-9f54-545c-ae19-f60dd5ff1d25', 'd36b7a55-d6b7-5955-bd46-7839332db245', 13, 'unlisted', 'Aggressive Rush Strategy', '{"aliquip dolore enim","in cillum labore ea","ipsum sit commodo irure nostrud","eiusmod Lorem","commodo","non ipsum"}', DEFAULT, DEFAULT, DEFAULT), ('339c2395-3fcf-5f3b-90ec-90611b01fa37', '8926b9fd-34b2-5421-a25c-9cd89c12cad0', 15, 'public', 'Early Game Dominance Guide', '{"quis ex in labore","eu","fugiat sunt aute labore aliquip","esse eiusmod reprehenderit nisi"}', DEFAULT, DEFAULT, DEFAULT), ('3e26da35-99ab-5fee-95a6-ca3120af490b', 'f7fce496-302a-564f-b89f-dc22379477c5', 19, 'unlisted', 'Vision Control Blueprint', '{"non minim esse ea voluptate","cupidatat","minim minim","dolore nisi consequat","consequat aute sint est","pariatur ex","duis aliqua ut sint","ipsum fugiat proident","ex cupidatat laborum","dolor minim est adipisicing occa"}', DEFAULT, DEFAULT, DEFAULT), ('540a4921-798c-58f1-8dda-fbb9b912bb43', 'a9072b83-7976-58e9-a9c4-45664532f42e', 20, 'unlisted', 'Vision Denial Blueprint', '{"id ullamco id","ex minim sit amet","irure culpa aliquip do","ut dolor fugiat magna","cupidatat et","esse minim proident","cupidatat sint Lorem excepteur","duis laborum commodo duis duis","excepteur tempor nisi culpa"}', DEFAULT, DEFAULT, DEFAULT), ('81b847bf-bc05-538e-bdc5-721f48634b78', '31bb49e9-e86d-546a-9e01-6986e5eacf06', 12, 'unlisted', 'Gank Heavy Approach', '{"amet ex minim","consectetur minim","Lorem quis magna sint culpa","deserunt ullamco dolore amet","sint sunt magna sint proident","velit"}', DEFAULT, DEFAULT, DEFAULT), ('2c9d2493-4412-5eae-aa39-69858c4bfd99', 'ca65e33b-de71-5d46-933a-849036127987', 18, 'private', 'Gank Heavy Approach', '{"veniam ullamco elit id","consequat","sint elit eu","laboris cillum reprehenderit nis","commodo nostrud","laborum duis"}', DEFAULT, DEFAULT, DEFAULT), ('51ef9256-0eab-579a-868b-52c27ddf10e9', 'f8caf156-ccf0-5aea-a4e4-6c70f58a603e', 14, 'unlisted', 'Early Game Dominance Guide', '{"mollit aute consequat ea","aliquip ut","commodo nulla ut non","culpa in aliquip magna","nisi labore","voluptate exercitation consectet"}', DEFAULT, DEFAULT, DEFAULT), ('d6ceb82b-4af2-5d8a-96c1-8d6a9db93a31', 'f8151e07-b0ba-57cb-b13b-f8463f48e7fa', 12, 'public', 'Aggressive Rush Strategy', '{"exercitation veniam nulla aliqua","reprehenderit magna voluptate","esse eu aute","cupidatat exercitation consectet","magna ea amet irure","quis et"}', DEFAULT, DEFAULT, DEFAULT), ('01ae0a36-6172-5c0a-baff-6c1805e0976a', 'f457d7a7-01f9-5225-b07a-0e782525bbc7', 19, 'public', 'Wave Management Plan', '{"aute commodo Lorem excepteur occ"}', DEFAULT, DEFAULT, DEFAULT), ('df70af8b-9578-5bd7-9fd6-02ad92eaedca', 'b2d93b00-3fd1-5f66-b5f3-18a3077abaa9', 19, 'unlisted', 'Gank Heavy Approach', '{"magna magna","cillum pariatur cupidatat esse q","ullamco nisi consequat","eiusmod in dolore","aute","laborum"}', DEFAULT, DEFAULT, DEFAULT), ('82fca927-01aa-5c29-8d7a-7a868f9ba6ea', '5ef5a669-7ca0-5a58-879f-c84c6abe3657', 15, 'public', 'Rotation Strategy Document', '{"non cupidatat consectetur est","adipisicing cupidatat aliquip ex","qui eu dolore amet","ex nostrud eu eiusmod","pariatur pariatur est officia","et","officia excepteur","aliquip eiusmod occaecat quis","labore mollit commodo dolore"}', DEFAULT, DEFAULT, DEFAULT), ('4e5550d4-d39a-56c3-8f19-971fdeeb787e', '349111f0-5b40-5b21-aeff-8af2b228d28f', 14, 'unlisted', 'Vision Denial Blueprint', '{"ea","esse sint incididunt ex","dolor magna sunt","ex do nisi id"}', DEFAULT, DEFAULT, DEFAULT), ('83ec5ac5-8c23-5e38-8151-36af62098fff', '77085b75-b014-57d0-8618-9cc95436a25e', 11, 'private', 'Siege Tactics Handbook', '{"incididunt reprehenderit sint","eu ullamco proident","ipsum occaecat velit quis","quis esse","tempor ex esse laborum","voluptate ea magna culpa proiden","cillum commodo adipisicing velit","in laboris aliquip","nulla ea","ad qui veniam"}', DEFAULT, DEFAULT, DEFAULT), ('d1996167-52fb-5e4a-b849-75efada773e6', 'd2f08d89-447f-5d3d-96e5-385ed888c091', 13, 'unlisted', 'Defensive Turtle Tactics', '{"eiusmod dolore cupidatat nisi mo","aute exercitation magna duis","aliquip labore quis aute","anim nisi et veniam"}', DEFAULT, DEFAULT, DEFAULT), ('1818e464-6a87-5266-8677-c069741c3ab2', '846cad2b-ac62-5a23-a4c4-8886771e6a4c', 17, 'unlisted', 'Vision Control Blueprint', '{}', DEFAULT, DEFAULT, DEFAULT), ('13ebb239-29e1-53ff-93b0-d55e3db05a11', '09617df2-6261-5b47-bc30-85d317367d48', 11, 'unlisted', 'Baron Control Strategy', '{"proident dolor ut","reprehenderit anim sit","laboris officia","sit ut aliqua mollit adipisicing","esse","eiusmod et nostrud veniam","excepteur adipisicing labore sit","qui id excepteur","exercitation consectetur ex moll"}', DEFAULT, DEFAULT, DEFAULT), ('a0a63713-f2dd-56aa-98a3-f6a26bcae5b9', '0123a76f-7238-52f2-a9a2-6f5cb15646a3', 20, 'unlisted', 'Jungle Control Playbook', '{"minim dolor","cillum officia nisi proident vel","mollit proident commodo dolore a"}', DEFAULT, DEFAULT, DEFAULT), ('4029bbad-86a6-5e60-a150-da0664c62b92', 'f66ae7e8-3d48-5457-b154-e011bc75fd58', 12, 'private', 'Team Fight Execution Plan', '{"consectetur dolor cillum","reprehenderit occaecat anim sunt"}', DEFAULT, DEFAULT, DEFAULT), ('6636a6a8-3a2d-5862-bb24-3e77bffdb640', '26f7bb6a-3c9c-5b30-b11b-be5ebfb91948', 18, 'private', 'Wave Management Plan', '{"est proident enim non","ex","occaecat officia nulla commodo","irure enim reprehenderit"}', DEFAULT, DEFAULT, DEFAULT), ('4ba85443-f89e-5d68-8d4a-da572969b0dd', '11edd970-a1f3-5973-a201-278046231716', 19, 'public', 'Split Push Blueprint', '{"duis","occaecat eiusmod ut nostrud esse","amet laborum","minim aliquip","ea non officia ad","voluptate duis aliqua exercitati","qui cillum aliqua non","minim officia qui sint","veniam tempor voluptate et","ipsum culpa eiusmod aliquip labo"}', DEFAULT, DEFAULT, DEFAULT), ('55fbf0ae-1fd2-57d5-9884-2ceca8eef8f3', 'ac772386-a452-5d18-88c7-396c2a71eb0b', 13, 'unlisted', 'Team Fight Execution Plan', '{}', DEFAULT, DEFAULT, DEFAULT), ('c91a5204-a47c-5f58-8042-f917f2facb4b', '846cad2b-ac62-5a23-a4c4-8886771e6a4c', 19, 'public', 'Late Game Scaling Strategy', '{"ad","sunt commodo veniam","esse","consectetur aliquip cillum cupid","fugiat aute"}', DEFAULT, DEFAULT, DEFAULT), ('fdca53a8-e101-5585-90b8-82f7d3c1fc24', '2f76c526-de17-58f1-a75e-aee239f7ed57', 19, 'public', 'Jungle Control Playbook', '{"sint adipisicing cupidatat","eu ea quis tempor","quis","nisi fugiat","duis velit amet","occaecat sit non qui labore"}', DEFAULT, DEFAULT, DEFAULT), ('a76c18ad-af72-57b7-b165-f7757943d51e', '79ef5172-d3d7-5e61-9d71-a40b27651163', 19, 'unlisted', 'Jungle Control Playbook', '{"nostrud ea cillum","pariatur et ad","id dolore nulla aliqua"}', DEFAULT, DEFAULT, DEFAULT), ('bf7ffe87-c4e2-5aa1-86f7-2fdfa8315ff6', '9d87fe57-7f5a-555d-8ceb-54297334ec14', 14, 'unlisted', 'Gank Heavy Approach', '{"ad ex laborum","ad dolore","in commodo","non velit nulla aliqua","anim sint consequat in","aliqua anim","nostrud nostrud sint"}', DEFAULT, DEFAULT, DEFAULT), ('764f06ba-b246-5c62-8e43-89fe991c749d', 'cf1d2e5e-3a18-5518-8e4c-387978992b8a', 15, 'public', 'Secure Objective Playbook', '{"eiusmod veniam consectetur"}', DEFAULT, DEFAULT, DEFAULT), ('229d48f9-9e17-5f91-bd2c-3f3cdbae28c1', '7982e717-2466-57d1-8e77-2f2f17be0182', 18, 'public', 'Counter Pick Blueprint', '{"culpa dolor est in reprehenderit","laboris"}', DEFAULT, DEFAULT, DEFAULT), ('505fdba9-c563-5897-bd99-f3fd7e6efb10', '76980724-1543-5820-bc77-ff5f445e7244', 13, 'private', 'Map Control Blueprint', '{"adipisicing magna adipisicing al","elit nostrud excepteur","labore id do consectetur","esse cillum elit","incididunt aliquip nisi nostrud ","aliqua ipsum anim"}', DEFAULT, DEFAULT, DEFAULT), ('ad47e58b-6404-5eb4-b01c-1ab02b3af226', '1c40127d-ff75-5e7b-a8cb-0c9592423db2', 19, 'private', 'Gank Heavy Approach', '{"proident","ullamco ullamco amet laboris","cupidatat esse incididunt","pariatur et nostrud"}', DEFAULT, DEFAULT, DEFAULT), ('4ae4f149-a1da-5a76-913f-5ea02c87f4e0', '01bb02e3-6d00-5b11-ba00-2f6b060dfb2e', 13, 'unlisted', 'Counter Pick Blueprint', '{}', DEFAULT, DEFAULT, DEFAULT), ('a85217e5-f8d6-5dd0-996b-8464fa1021ff', 'e9decb87-4a50-5c41-896c-16fe0d21ebca', 19, 'public', 'Counter Pick Blueprint', '{"esse exercitation proident ullam","nostrud reprehenderit commodo","mollit minim","quis aliqua labore","fugiat anim voluptate labore","ex tempor","ea eiusmod labore irure voluptat","labore quis cupidatat","do adipisicing laboris commodo","do commodo ex"}', DEFAULT, DEFAULT, DEFAULT), ('b21411a7-0afc-5cf3-81fc-471ab95f5d8d', '1d01e569-eec7-553a-916b-70c8b1d0f9ec', 18, 'unlisted', 'Vision Denial Blueprint', '{"occaecat esse","occaecat reprehenderit ad","occaecat id ea aliqua dolore","eu excepteur mollit incididunt f","occaecat consequat non consequat","aliquip cupidatat proident"}', DEFAULT, DEFAULT, DEFAULT), ('d37fd98f-746a-582e-a0fc-de28d96e48c5', 'ba60341e-ffca-5a8d-85d2-58afc6ff269c', 11, 'public', 'Siege Tactics Handbook', '{"minim elit laborum","mollit nulla eu","esse velit","esse consectetur magna laboris","incididunt qui sint","est amet dolore consequat amet","non qui aliquip","duis"}', DEFAULT, DEFAULT, DEFAULT), ('2dc53ff7-923f-50df-a732-82b60afbba2f', '549980e7-3e77-5d76-b263-84664d04b209', 18, 'unlisted', 'Roaming Support Plan', '{"exercitation ea","id qui","fugiat aliquip tempor"}', DEFAULT, DEFAULT, DEFAULT), ('f9690101-a16f-5108-b391-78c9dba8aeee', '2ca679b7-4687-5422-ac57-c89cfa36e3c8', 16, 'unlisted', 'Late Game Scaling Strategy', '{"est incididunt esse eiusmod","proident cupidatat do","ullamco consectetur excepteur","fugiat cillum fugiat irure","excepteur laborum cillum","veniam minim enim","reprehenderit in duis","sunt sit","occaecat exercitation consequat","duis laborum"}', DEFAULT, DEFAULT, DEFAULT), ('7441a375-e1c1-5111-b299-b73d6da10ca2', 'c749b9a1-8131-5461-9b9f-368e4a129402', 12, 'unlisted', 'Vision Denial Blueprint', '{"dolore do reprehenderit","labore consequat duis fugiat Lor","incididunt consequat pariatur"}', DEFAULT, DEFAULT, DEFAULT), ('ca1d2bcf-5a98-5759-81b6-75e3ed47122a', '51a084b6-d183-5fbc-beeb-9d670865e2cb', 12, 'private', 'Objective Focused Strategy', '{"dolor cillum","elit duis incididunt sint","amet"}', DEFAULT, DEFAULT, DEFAULT), ('77b1dab4-a856-5c18-bb24-053f8869bc5b', 'f8caf156-ccf0-5aea-a4e4-6c70f58a603e', 14, 'private', 'Rotation Strategy Document', '{"deserunt ut ullamco","ullamco laborum consectetur","sit aliquip qui","commodo"}', DEFAULT, DEFAULT, DEFAULT), ('08b3c695-d6fb-54e4-9ef2-bf508a57adc1', '305fa448-c3bf-59c7-a989-19ae69ce0725', 16, 'public', 'Aggressive Rush Strategy', '{"officia anim fugiat","dolore laborum","qui elit reprehenderit ex sunt","nisi anim","laborum consectetur laborum","ad nulla","sit laboris cillum","sunt sint","sit"}', DEFAULT, DEFAULT, DEFAULT), ('7dc16d02-274a-5e7f-bc31-6af29982313f', '4da5a34b-d621-539d-93ed-4bd842601284', 17, 'private', 'Late Game Scaling Strategy', '{"fugiat mollit anim ullamco","velit qui aliqua labore sint","enim duis nulla","pariatur commodo tempor veniam e","deserunt in dolor"}', DEFAULT, DEFAULT, DEFAULT), ('acad405c-f8e9-559b-bd11-e0ffc3bebca6', 'e20720a7-b660-50e0-8da5-8784fa26a31d', 11, 'unlisted', 'Siege Tactics Handbook', '{"aliqua proident veniam","incididunt laboris ex consectetu","dolore quis ipsum"}', DEFAULT, DEFAULT, DEFAULT), ('16d95573-87cd-5d45-be45-e8a020ba40ac', '897e7fb9-bd9c-59e3-afc7-d1c31ec7ef34', 11, 'private', 'Counter Pick Blueprint', '{"deserunt","aute","duis"}', DEFAULT, DEFAULT, DEFAULT), ('5a993b43-eca0-563f-b6c9-fdd440759e85', 'd0b9d9c2-bfa2-53be-a46d-d6aceafcbc2d', 15, 'unlisted', 'Team Fight Execution Plan', '{"exercitation commodo pariatur la","minim deserunt proident irure ni"}', DEFAULT, DEFAULT, DEFAULT), ('f7bfc2c8-d52a-5806-97fd-77bd67d93b23', 'af85f96c-efbd-584c-bdd4-26c4e2f3e556', 13, 'unlisted', 'Counter Pick Blueprint', '{}', DEFAULT, DEFAULT, DEFAULT), ('748d5a8c-f2bf-5974-9c72-24f98b85813b', '1bf9a820-bb8f-59cd-8902-84a62a1aa29f', 12, 'private', 'Defensive Turtle Tactics', '{"minim","in duis reprehenderit ex","consequat duis","ad consequat quis"}', DEFAULT, DEFAULT, DEFAULT), ('808d9117-ba04-5cb0-8827-639e2642b0ee', 'b737f334-53a3-585e-98d7-69fce744e35e', 18, 'public', 'Team Fight Execution Plan', '{"nisi amet fugiat","amet deserunt excepteur","tempor elit dolor in ut","do esse veniam","proident elit aliqua magna","adipisicing pariatur magna labor","est non cillum nisi","tempor","sit aute"}', DEFAULT, DEFAULT, DEFAULT), ('e0185351-5b08-58b2-bd3e-c09965750112', 'f3ebe9e0-f337-5a54-9800-1b3119ecb916', 19, 'public', 'Roaming Support Plan', '{"labore cillum nisi do","ut cupidatat enim","officia"}', DEFAULT, DEFAULT, DEFAULT), ('993f7ab3-9b54-5771-a99e-0c6d75a1f37d', '3af5be38-b117-5675-8d7a-e27a1a34e8a8', 14, 'unlisted', 'Late Game Scaling Strategy', '{"cillum voluptate Lorem","culpa nulla anim enim eu","pariatur minim","eiusmod reprehenderit deserunt d","est","laboris reprehenderit esse","veniam Lorem laborum","laboris esse amet nulla"}', DEFAULT, DEFAULT, DEFAULT), ('bdb5114a-76d3-5fe4-944c-043e7ebd99da', '495390bc-68e6-52a4-b1ba-2f994586821a', 18, 'public', 'Baron Control Strategy', '{"nisi velit sit irure nisi","amet excepteur voluptate","veniam","fugiat labore sit qui","cillum excepteur velit esse","voluptate adipisicing nulla moll","culpa anim non","in duis est"}', DEFAULT, DEFAULT, DEFAULT), ('aa4964a1-4611-5528-9df9-ef170866214f', 'ab07c47c-511a-5092-acb9-cbf862e0076b', 13, 'unlisted', 'Baron Control Strategy', '{"reprehenderit excepteur non quis","ipsum proident officia ullamco","mollit laboris amet excepteur","esse ad","do duis eu","consectetur esse dolore velit","veniam"}', DEFAULT, DEFAULT, DEFAULT), ('ec14513a-7d3c-5172-b68b-d531791ec9de', '3a804324-748d-571a-afad-6b9c20a35337', 17, 'private', 'Aggressive Rush Strategy', '{"adipisicing minim laborum esse","fugiat esse","cupidatat esse","tempor","aliquip sunt eu incididunt"}', DEFAULT, DEFAULT, DEFAULT), ('a0f81f50-aa3d-5780-b485-a54fb7b7833a', '3de7919f-8a6e-5a5a-ad06-07f2ad53b96d', 20, 'private', 'Team Fight Execution Plan', '{"enim nulla non","amet sunt","incididunt dolor ea sint"}', DEFAULT, DEFAULT, DEFAULT), ('aabd5608-e04b-5bd8-8d75-d004a1b17409', '81cd6138-b0c3-5d83-86b9-8143c909421b', 20, 'unlisted', 'Objective Focused Strategy', '{"veniam nostrud","anim nostrud qui dolor","pariatur nulla esse","aliqua et","proident dolor ex deserunt","aute proident esse mollit","fugiat officia do eu tempor","laboris veniam ea duis"}', DEFAULT, DEFAULT, DEFAULT), ('7bcc2b79-de31-5963-9cfd-559af77da3be', 'f52ce409-f800-5a86-b4ed-ce1a99a8a6ae', 18, 'unlisted', 'Wave Management Plan', '{"aliqua et voluptate dolor except","adipisicing ex","pariatur commodo laborum consequ","ipsum cupidatat","in officia","fugiat nisi pariatur","adipisicing"}', DEFAULT, DEFAULT, DEFAULT), ('b4293a01-a1be-5e58-a088-abc550c9f820', 'fc295a44-56fb-5a65-beee-66fd6554ae26', 14, 'private', 'Early Game Dominance Guide', '{"aliquip est sunt occaecat","Lorem deserunt tempor","consequat est mollit cupidatat","eu proident qui","do ex","nostrud cupidatat","esse nostrud cupidatat","excepteur in","proident minim irure consequat"}', DEFAULT, DEFAULT, DEFAULT), ('a97e2960-b385-5f99-88c2-9e562f32234e', 'd3953f9f-e0f9-5aed-9d31-3f026a23da12', 17, 'public', 'Team Fight Execution Plan', '{"sit deserunt aute deserunt"}', DEFAULT, DEFAULT, DEFAULT), ('db39a462-f36a-54ba-b38e-2fcf35273cba', '8b474939-245b-5ed9-b06a-21432e2b9115', 13, 'private', 'Counter Pick Blueprint', '{"laboris ullamco","ipsum deserunt minim elit","ex Lorem","ut dolor","ad irure","pariatur et cupidatat consectetu","nostrud irure officia dolor comm","officia in ad nisi irure","et ex nostrud"}', DEFAULT, DEFAULT, DEFAULT), ('35dc016a-9edc-565d-923e-9bee9a60bd24', '7982e717-2466-57d1-8e77-2f2f17be0182', 14, 'public', 'Siege Tactics Handbook', '{"est enim nisi sit","nisi anim eu nulla nisi","eu","in ullamco dolore cupidatat","esse","officia","aliquip eu adipisicing","velit commodo deserunt","enim qui laborum fugiat","deserunt anim"}', DEFAULT, DEFAULT, DEFAULT), ('61e4dc6c-b183-5c81-91cb-8dc622fd6913', '8b7e423b-b9b9-5b3c-bf3d-1aa45d16235c', 12, 'unlisted', 'Siege Tactics Handbook', '{"pariatur laboris Lorem officia c","velit tempor qui ullamco","sunt do","ex nostrud","est nulla cupidatat excepteur","cupidatat est ullamco id","aliqua officia elit","ad aute mollit","officia aliqua"}', DEFAULT, DEFAULT, DEFAULT), ('b5df5eae-45e8-5f54-a8f9-351afabf5f65', '89f211a9-c1e7-5fa6-9108-784d98291012', 19, 'unlisted', 'Rotation Strategy Document', '{"ullamco magna","tempor magna incididunt ad","reprehenderit fugiat minim","ullamco officia minim commodo","excepteur minim culpa","sit deserunt pariatur","ad occaecat pariatur","officia exercitation et amet","enim ullamco in adipisicing"}', DEFAULT, DEFAULT, DEFAULT), ('18aa22db-700e-5a8a-892c-5bf7b7da1bbf', 'f52ce409-f800-5a86-b4ed-ce1a99a8a6ae', 12, 'public', 'Aggressive Rush Strategy', '{"duis in","aute qui do"}', DEFAULT, DEFAULT, DEFAULT), ('7c9a7a2f-bf97-5fb7-9ff3-bb3e363fce60', 'a00f2df0-a74b-51ab-8311-51125014b9ef', 12, 'unlisted', 'Gank Heavy Approach', '{"laboris cupidatat voluptate","cupidatat occaecat excepteur","ea laborum ea","consequat incididunt laboris"}', DEFAULT, DEFAULT, DEFAULT), ('93216013-7bd8-59b1-a3f0-b1087d4d7f00', 'e25e0c45-28e1-5923-b63d-64b8ddeff422', 17, 'public', 'Secure Objective Playbook', '{"est excepteur","qui velit","irure voluptate aliqua adipisici","do officia nostrud nulla","anim Lorem pariatur"}', DEFAULT, DEFAULT, DEFAULT), ('3e057cf2-df3a-50e5-82fa-e2dcf87ebd5a', '09bca3f4-0d37-5f5a-b637-9d7942a17cff', 13, 'public', 'Secure Objective Playbook', '{"dolore est do","minim officia","dolore proident et","enim incididunt minim deserunt r","eu consectetur","velit reprehenderit excepteur"}', DEFAULT, DEFAULT, DEFAULT), ('e3f5f266-44d3-5096-b897-56678a5f974b', '86c76349-2501-5929-8ba9-7c7cbfe50a41', 20, 'private', 'Vision Denial Blueprint', '{"commodo amet deserunt ullamco am","minim do do","dolore velit ipsum","reprehenderit"}', DEFAULT, DEFAULT, DEFAULT), ('ffbcf0c1-44bb-549f-ba50-18e1e874a611', '95f37531-686f-5941-8350-d0fbe8759458', 13, 'private', 'Counter Pick Blueprint', '{"Lorem excepteur","enim culpa"}', DEFAULT, DEFAULT, DEFAULT), ('c4f414cf-451e-5497-88db-62020e3a0dc5', 'd9bba68a-079c-5141-bd43-756b87167584', 12, 'private', 'Baron Control Strategy', '{"nostrud","eiusmod","ex occaecat"}', DEFAULT, DEFAULT, DEFAULT), ('a109823a-0d02-5064-b8ef-3186d6d08cb0', '54a5a18c-ac47-54d2-b2c8-732ffc30b608', 11, 'private', 'Aggressive Rush Strategy', '{"sit duis","dolore est laborum ad","nisi proident ut","nulla proident duis","quis occaecat veniam","veniam","irure","culpa dolore fugiat dolore","reprehenderit commodo occaecat"}', DEFAULT, DEFAULT, DEFAULT), ('3e4b1eac-b214-5aaa-a7f0-29af8a5b2ce9', 'c3fa24c3-3b50-5e24-8717-dd9782d2e82b', 11, 'public', 'Rotation Strategy Document', '{"irure culpa eu amet anim","elit labore","eu cillum","consectetur esse enim","occaecat consectetur labore ut","pariatur minim dolore minim","in dolor officia cillum","consectetur tempor quis consequa","occaecat commodo culpa"}', DEFAULT, DEFAULT, DEFAULT), ('72819b1c-0a2a-5e86-b5bc-5741c2854f96', 'fe24988b-bca5-5bf5-be0f-c92da7b2cbe1', 12, 'private', 'Split Push Blueprint', '{"anim","deserunt","cillum aute","voluptate irure","aliqua voluptate sit","laborum excepteur ipsum","exercitation fugiat sint"}', DEFAULT, DEFAULT, DEFAULT), ('b5d7b26a-56f4-59fc-853e-1a1306ab6e95', '672ad514-6b43-58ed-b7aa-f70ed34485d9', 13, 'public', 'Objective Focused Strategy', '{"labore fugiat enim ea mollit","amet","dolor pariatur","veniam reprehenderit","veniam elit pariatur","quis irure","velit occaecat duis Lorem"}', DEFAULT, DEFAULT, DEFAULT), ('29365629-31e8-5e53-b1ae-ffdad1c2009e', '495390bc-68e6-52a4-b1ba-2f994586821a', 14, 'unlisted', 'Jungle Control Playbook', '{"commodo ad ullamco dolore dolor","et dolor labore laboris cillum","deserunt nulla tempor incididunt"}', DEFAULT, DEFAULT, DEFAULT), ('ef9b1028-31e2-59d9-a64e-2a4d1686e96e', 'fbfa0c72-9c6c-54ce-ba23-f1ed2563396e', 20, 'unlisted', 'Objective Focused Strategy', '{"enim magna","voluptate magna excepteur","mollit minim consequat","et eu veniam aute","cupidatat amet tempor","sunt aute non irure"}', DEFAULT, DEFAULT, DEFAULT), ('51f9c2fa-a6a8-5d1e-9ef8-efb89c34ee1c', '5531f3c9-2ccc-59e8-86e8-da1800808ec2', 19, 'private', 'Split Push Blueprint', '{"quis adipisicing reprehenderit","dolore pariatur laboris culpa in","tempor veniam","voluptate officia labore"}', DEFAULT, DEFAULT, DEFAULT), ('930338c0-ea8e-56fc-b2df-a68255a6182c', '4ecb4c85-c280-5d1c-af07-13ac77118d4b', 17, 'private', 'Aggressive Rush Strategy', '{"sint aute","non ea","sunt amet cupidatat eu amet","mollit aliquip","nostrud quis culpa","irure aliquip","labore esse irure veniam"}', DEFAULT, DEFAULT, DEFAULT), ('14f0b4c0-9d33-5d68-85ae-cc3d31b6b19e', '59fbbc7c-edc9-5d3c-9170-cf6acabbcd28', 16, 'public', 'Jungle Control Playbook', '{"Lorem","sint do"}', DEFAULT, DEFAULT, DEFAULT), ('7c51f66f-cf81-571f-a65c-f571f1f39cc9', 'f66ae7e8-3d48-5457-b154-e011bc75fd58', 20, 'private', 'Roaming Support Plan', '{"aute","laborum non","aliqua ad dolore"}', DEFAULT, DEFAULT, DEFAULT), ('764b9b2a-d477-5bff-a789-cba064ac71f8', '95f37531-686f-5941-8350-d0fbe8759458', 14, 'public', 'Vision Control Blueprint', '{"veniam sunt","aliqua sit eiusmod exercitation"}', DEFAULT, DEFAULT, DEFAULT), ('1125d49b-2ad6-5500-bd14-7e0649f5dd73', '3204ce32-7c5b-5953-969e-fe1d17de6e76', 12, 'unlisted', 'Team Fight Execution Plan', '{"amet et eu laborum","sit duis pariatur"}', DEFAULT, DEFAULT, DEFAULT), ('de1d5557-45c4-5747-8c2d-f8c09704db25', '6a248992-e0a8-5c27-8d71-fd2cfd3a1fd6', 13, 'private', 'Baron Control Strategy', '{"occaecat exercitation elit aliqu","amet aliqua deserunt deserunt","voluptate nisi","amet aliquip","esse nulla ea est","eiusmod tempor amet eu esse","laboris","est aute est laboris"}', DEFAULT, DEFAULT, DEFAULT), ('dc2759a8-51ca-575d-9678-0ac64e900648', 'fb634118-b8a6-50b7-9010-0317dd27fba6', 20, 'private', 'Late Game Scaling Strategy', '{"labore reprehenderit"}', DEFAULT, DEFAULT, DEFAULT), ('8c0ef303-3ae4-5fe5-b0be-ef1788ae8707', '1d3f740a-8c60-5c1d-aa9e-3854a33c8e1d', 12, 'public', 'Vision Control Blueprint', '{}', DEFAULT, DEFAULT, DEFAULT), ('ddd094e1-b8f4-560e-b960-af5227a9b337', '225b2186-bb16-5b0a-b7be-47fd3c5a5cf9', 14, 'unlisted', 'Map Control Blueprint', '{"ullamco","anim exercitation duis consectet","labore aliquip officia nostrud","amet ipsum proident","anim adipisicing consectetur ali","magna aute quis ut","magna dolor sunt id","consequat deserunt mollit enim v"}', DEFAULT, DEFAULT, DEFAULT), ('4bd93d1d-9da0-508d-a30a-5cd1fe2e858d', '59558fa1-9cc0-5e85-a331-879d76e07f05', 12, 'public', 'Baron Control Strategy', '{"eiusmod","sint ex","culpa voluptate eu tempor sunt","sunt","qui tempor pariatur sint","esse","sint consequat et duis do","occaecat magna","non quis sunt minim laborum"}', DEFAULT, DEFAULT, DEFAULT), ('2d25022b-866c-584e-895d-11b8a727c08f', 'ba60341e-ffca-5a8d-85d2-58afc6ff269c', 18, 'public', 'Jungle Control Playbook', '{"veniam ea ex","cupidatat cillum","ut","voluptate eiusmod consectetur in","sunt do cillum","Lorem","incididunt aliqua mollit aute ip"}', DEFAULT, DEFAULT, DEFAULT), ('8d4a5d0e-3ef8-5e54-ac1b-6a14acb1ad0e', '3d4df0ce-5a7f-53e4-b486-95faf0a09720', 19, 'private', 'Team Fight Execution Plan', '{"sunt cupidatat labore adipisicin","anim aliquip eiusmod","qui nostrud esse ea","dolor nostrud officia eu quis","consequat","occaecat esse aliqua","excepteur velit est","reprehenderit qui"}', DEFAULT, DEFAULT, DEFAULT), ('6b889196-1556-5eef-89c0-e7506a0ca45b', '84b4201e-d939-5d48-aba4-b4b107dfdf5d', 11, 'public', 'Baron Control Strategy', '{"est mollit quis quis ea","aliquip minim ipsum officia","pariatur","qui fugiat adipisicing ex","incididunt","deserunt fugiat fugiat minim nis","officia","sit nulla sit qui"}', DEFAULT, DEFAULT, DEFAULT), ('e6b5025c-d432-567c-bc94-e80f642225ff', '5c5c81ab-962f-58e6-94da-fcec32b54a8a', 17, 'public', 'Aggressive Rush Strategy', '{"voluptate ut ea veniam do","amet","laboris veniam cillum","est"}', DEFAULT, DEFAULT, DEFAULT), ('4d0eaa15-67e7-50e5-bd92-8596a8c41516', 'd3953f9f-e0f9-5aed-9d31-3f026a23da12', 19, 'public', 'Jungle Control Playbook', '{"tempor occaecat et officia esse","excepteur cillum esse proident L","non dolore","ullamco dolor aute ex ut","est minim est elit","dolore excepteur pariatur laboru","fugiat sit"}', DEFAULT, DEFAULT, DEFAULT), ('c2405ac9-0838-5ce8-a85b-e6db0fbe6c10', 'd0fa96c4-2bfe-5959-9fd4-b17ec4964e6d', 17, 'unlisted', 'Early Game Dominance Guide', '{"excepteur","id excepteur ea","deserunt aute eiusmod","qui sit"}', DEFAULT, DEFAULT, DEFAULT), ('c8df1446-9b17-5687-8ff4-001003cfca37', 'fe24988b-bca5-5bf5-be0f-c92da7b2cbe1', 20, 'private', 'Jungle Control Playbook', '{"reprehenderit","anim"}', DEFAULT, DEFAULT, DEFAULT), ('f706294d-163e-5aef-a517-eae489067781', '1bf9a820-bb8f-59cd-8902-84a62a1aa29f', 12, 'public', 'Counter Pick Blueprint', '{"amet aliquip","quis"}', DEFAULT, DEFAULT, DEFAULT), ('bee3d023-7908-5b1b-a6e7-320078c804bf', 'd5491914-2799-5bc6-b20e-30ab3f38131e', 11, 'private', 'Roaming Support Plan', '{"deserunt ut","consectetur","officia anim nulla","commodo"}', DEFAULT, DEFAULT, DEFAULT), ('d607d7db-ee7a-57fa-b0f1-08a24201e561', '91434b27-2651-5429-8f42-45c3f8e334a0', 16, 'unlisted', 'Objective Focused Strategy', '{"ex consectetur anim","dolore tempor","aliqua ex nostrud","nostrud quis culpa","fugiat fugiat","fugiat ut","excepteur minim irure","officia ullamco deserunt","laborum anim","esse ut minim"}', DEFAULT, DEFAULT, DEFAULT), ('6db5eb76-a4d8-59b2-8682-ac0a5dca423f', '7cb09c84-7471-599f-bae0-90d61a321390', 15, 'public', 'Objective Focused Strategy', '{}', DEFAULT, DEFAULT, DEFAULT), ('f0859c52-737d-58da-9c95-b804668a9ae6', 'd1b6355b-0594-5d07-b55b-72d2c66a1391', 12, 'public', 'Gank Heavy Approach', '{}', DEFAULT, DEFAULT, DEFAULT), ('f843e0b1-5e16-5c9e-923e-e155f87b2422', '349111f0-5b40-5b21-aeff-8af2b228d28f', 19, 'unlisted', 'Aggressive Rush Strategy', '{"duis exercitation et est laborum","officia deserunt","et quis pariatur dolore","esse fugiat","do","excepteur"}', DEFAULT, DEFAULT, DEFAULT), ('971d3e7d-1fd1-5fd1-ba3a-0a99dda2cb04', '3a804324-748d-571a-afad-6b9c20a35337', 18, 'public', 'Secure Objective Playbook', '{"ullamco ad exercitation","mollit deserunt officia officia","pariatur fugiat","laboris laborum adipisicing sint","minim enim sint nisi voluptate"}', DEFAULT, DEFAULT, DEFAULT), ('51c6dab5-99f7-56c9-a820-7cfc76e25abf', '4da5a34b-d621-539d-93ed-4bd842601284', 19, 'public', 'Early Game Dominance Guide', '{"esse elit"}', DEFAULT, DEFAULT, DEFAULT), ('88430d1c-f998-5183-ac05-d06b362a058a', '9584676f-0635-591a-a937-d230d9a3abf3', 15, 'public', 'Map Control Blueprint', '{}', DEFAULT, DEFAULT, DEFAULT), ('fc959555-d183-544e-8cf6-52532b383f25', 'a00f2df0-a74b-51ab-8311-51125014b9ef', 20, 'private', 'Jungle Control Playbook', '{"ipsum aliqua non","id ipsum","ad incididunt","nostrud"}', DEFAULT, DEFAULT, DEFAULT), ('94935318-fc9b-5864-874e-912b663c75f7', '5f651c76-ceba-56db-bd60-512d4079ec53', 20, 'private', 'Defensive Turtle Tactics', '{"veniam nostrud velit ea","aliquip adipisicing cillum","nisi duis in","consequat esse","amet duis aute","commodo labore esse","eiusmod velit","fugiat adipisicing adipisicing","fugiat amet nostrud"}', DEFAULT, DEFAULT, DEFAULT), ('ea529f5a-add2-5f29-a44d-2a799c7ab051', 'e5d977c2-2a0e-5703-8ee9-4796e3967ae0', 17, 'unlisted', 'Early Game Dominance Guide', '{"velit Lorem","excepteur minim irure","sunt non nisi"}', DEFAULT, DEFAULT, DEFAULT), ('b2bd3c17-1864-5b1f-8d71-b6fe96b48ba6', 'd83dc18f-802e-557e-bc41-666a57c09bee', 14, 'public', 'Early Game Dominance Guide', '{"cillum occaecat dolore irure occ","sit","aliqua do ipsum anim","anim non ullamco","ut nulla ut sunt labore","eiusmod irure","enim do quis"}', DEFAULT, DEFAULT, DEFAULT), ('a46777c9-6f34-5718-a195-68edd93e1d42', '5701e8cf-a128-5707-83da-0279d2c833bf', 11, 'private', 'Split Push Blueprint', '{}', DEFAULT, DEFAULT, DEFAULT), ('0f3df2fb-dd6e-55b9-9f86-0babb8fec748', 'ddb44318-7e83-5b4d-8ba4-3bbd19edd327', 14, 'public', 'Vision Control Blueprint', '{"ut voluptate","exercitation duis Lorem tempor","proident veniam","qui sit amet","dolore in laborum laborum Lorem"}', DEFAULT, DEFAULT, DEFAULT), ('95bb7f47-209b-5f16-a018-19e8f23e6e16', 'ac772386-a452-5d18-88c7-396c2a71eb0b', 15, 'public', 'Jungle Control Playbook', '{"enim velit","eu ipsum","excepteur minim aliquip occaecat","laboris anim excepteur","deserunt et","velit nulla duis laborum","labore ea consequat deserunt","quis id eu labore","duis dolore labore dolore"}', DEFAULT, DEFAULT, DEFAULT), ('78959a88-41ee-5d40-85cb-71e22f4c47aa', '262a78c7-eb9d-5e1a-8e58-41ecb0c31fbd', 16, 'public', 'Jungle Control Playbook', '{"pariatur et adipisicing ad","amet veniam","ea esse elit","nisi eiusmod do est"}', DEFAULT, DEFAULT, DEFAULT), ('a9e614f8-c87a-596e-bdaf-6e577865453e', '844afdcc-93cf-55c8-b0f1-1cc22329a30b', 18, 'public', 'Siege Tactics Handbook', '{"in anim et aute","ut reprehenderit in ut","id"}', DEFAULT, DEFAULT, DEFAULT), ('f80096a0-59ff-58f8-a58f-cd508cb0f33e', '86df0f11-95ba-5c29-a98d-d8c806615d35', 17, 'public', 'Defensive Turtle Tactics', '{"mollit reprehenderit dolor","elit officia","voluptate","anim magna duis eiusmod","ex laborum elit nisi"}', DEFAULT, DEFAULT, DEFAULT), ('a444e395-f85a-5fcf-904b-e713df3a17f6', '07af669c-8c65-59d6-8aa0-cb973d5cff7e', 18, 'public', 'Siege Tactics Handbook', '{"minim magna","enim ullamco reprehenderit nostr","non commodo velit mollit tempor","aliqua","veniam eiusmod anim aliqua","sunt fugiat et qui","tempor anim anim","sint duis non magna","aute esse sint mollit veniam"}', DEFAULT, DEFAULT, DEFAULT);
INSERT INTO public.team_member_role (id,name,flags) VALUES (4, 'owner', 255), (5, 'editor', 7), (6, 'viewer', 1);
SELECT setval('"public"."team_member_role_id_seq"'::regclass, (SELECT MAX("id") FROM "public"."team_member_role"));
