INSERT INTO public.game (id,name,alias,icon,hidden,metadata,created_at) VALUES (48, 'Culpa', 'NBA2K', 'https://svgshare.com/i/15iw.svg', 'f', '{"player_count":5}', DEFAULT), (49, 'Reprehenderit Proide', 'NBA2K', 'https://svgshare.com/i/15iw.svg', 'f', '{"player_count":5}', DEFAULT), (50, 'Lorem Nisi', 'GTA', 'https://svgshare.com/i/15iw.svg', 'f', '{"player_count":5}', DEFAULT), (51, 'Officia', 'PUBG', 'https://svgshare.com/i/15iw.svg', 'f', '{"player_count":5}', DEFAULT), (52, 'Commodo', 'Overw', 'https://svgshare.com/i/15iw.svg', 'f', '{"player_count":5}', DEFAULT);
SELECT setval('"public"."game_id_seq"'::regclass, (SELECT MAX("id") FROM "public"."game"));
INSERT INTO public.team (id,name,plan_id,game_id,created_at,updated_at) VALUES ('7c2c4732-09c1-5f7b-87ca-c53e7497b4ef', 'Ad Culpa Eu Sit', NULL, 49, DEFAULT, DEFAULT), ('f50563b6-8532-51ec-b121-d8c6bca3e897', 'Elit Pariatur Labori', NULL, 48, DEFAULT, DEFAULT), ('f1bf295c-195b-5a42-9c6b-5bfa14b58307', 'Do Labore Nisi', NULL, 49, DEFAULT, DEFAULT), ('e0eebbc8-63c9-5fee-b088-b3310b672c35', 'Esse Cupidatat Exerc', NULL, 48, DEFAULT, DEFAULT), ('1c17c04a-19f5-5c48-8b6b-48fe02257ffb', 'Amet Proident Repreh', NULL, 48, DEFAULT, DEFAULT), ('a2996c99-b8bb-5bf6-b789-844e821ceb82', 'Culpa Incididunt Lab', NULL, 51, DEFAULT, DEFAULT), ('5d016028-a6a3-5268-91a3-91021dbfda0a', 'Ea Dolore', NULL, 52, DEFAULT, DEFAULT), ('b279891e-05aa-528b-867b-dd6fe5fa77c8', 'Aute Magna Magna', NULL, 50, DEFAULT, DEFAULT), ('ff53868f-9940-575d-8fa8-923808f93a53', 'Anim Fugiat Esse Fug', NULL, 52, DEFAULT, DEFAULT), ('8172203a-00e7-5e0e-919b-2970e0d891df', 'Officia Labore Ipsum', NULL, 50, DEFAULT, DEFAULT), ('7b5ee10b-959f-565b-9dac-a4bab4f6c6bf', 'Laborum Voluptate Si', NULL, 48, DEFAULT, DEFAULT), ('38400370-0369-5239-8b08-499aef0591ef', 'Commodo Aute Lorem', NULL, 52, DEFAULT, DEFAULT), ('77394b64-1ec1-5043-8dc3-08f9200521d4', 'Irure Excepteur Dolo', NULL, 50, DEFAULT, DEFAULT), ('56ea9a57-3786-5a49-9700-501eb57a1328', 'Cupidatat Incididunt', NULL, 51, DEFAULT, DEFAULT), ('731fb763-1773-5758-b8dd-d75381b0e72a', 'Duis Aliquip Sit', NULL, 49, DEFAULT, DEFAULT), ('068fd5c6-1552-54ac-ade0-1a1e4b095f08', 'Eu Incididunt Ipsum', NULL, 49, DEFAULT, DEFAULT), ('5e20f9a8-7b26-5a5f-8426-6b12c182d23c', 'Sint Exercitation', NULL, 49, DEFAULT, DEFAULT), ('53fe0e9e-3358-5722-b994-4faad8733cd3', 'Ipsum Irure Irure', NULL, 48, DEFAULT, DEFAULT), ('e4834379-a7a0-5f41-8193-f598072b1c83', 'Deserunt Ad Sint', NULL, 52, DEFAULT, DEFAULT), ('a9f91eda-269f-54d0-83de-05f0c2ecbf08', 'Est Culpa', NULL, 51, DEFAULT, DEFAULT), ('c0062d28-74ce-56b0-8124-852c5c4cdd1f', 'Aliquip Sunt Et', NULL, 51, DEFAULT, DEFAULT), ('a1d779f7-e622-5cd1-b766-eb2b7925b3c0', 'Eiusmod Exercitation', NULL, 51, DEFAULT, DEFAULT), ('bd4e2ea6-e7d4-5655-93cc-d1ed71c3483c', 'Occaecat Duis', NULL, 49, DEFAULT, DEFAULT), ('fb2f612f-57ab-526e-8b57-f5de07942107', 'Labore Eu Magna Aliq', NULL, 50, DEFAULT, DEFAULT), ('38cee772-792e-54fe-ae0f-d62f75f71c11', 'Et Nostrud Fugiat', NULL, 51, DEFAULT, DEFAULT), ('60f279f1-b04c-57b1-b6aa-b71a8811c6ab', 'Commodo Exercitation', NULL, 50, DEFAULT, DEFAULT), ('b5d35d7e-f19e-568e-9efe-911f779c892f', 'Sit Nulla Magna Esse', NULL, 52, DEFAULT, DEFAULT), ('3db3509a-5565-5145-aa2d-eb656db639a3', 'Irure Pariatur Qui', NULL, 52, DEFAULT, DEFAULT), ('16b2ddd9-4627-52fa-8115-8453cfa39374', 'Aliqua Exercitation ', NULL, 50, DEFAULT, DEFAULT), ('235fae27-2669-539e-8784-3dcbaac570cc', 'Do Occaecat', NULL, 48, DEFAULT, DEFAULT), ('85a272fe-9de3-5543-919e-647cccb82b15', 'Voluptate Cillum Fug', NULL, 48, DEFAULT, DEFAULT), ('0ff7c90f-7522-5b63-9234-348cf37ff0b7', 'Velit Voluptate Comm', NULL, 51, DEFAULT, DEFAULT), ('782f7eda-e535-5ab3-8415-643126d3b0fa', 'Cillum Aute Ad', NULL, 52, DEFAULT, DEFAULT), ('5daf6f25-3b97-5f49-8f75-4ba5d1d74cd3', 'Eu Irure Ad', NULL, 49, DEFAULT, DEFAULT), ('3788fdae-c690-5563-abac-18b51e4d210f', 'Mollit Excepteur Id ', NULL, 50, DEFAULT, DEFAULT), ('177ae72e-41a6-5325-80d6-452827ea5918', 'Nulla Laborum Irure ', NULL, 51, DEFAULT, DEFAULT), ('c0a2f5c4-7781-5310-ad3c-e7b9f41a7ace', 'Cillum Et', NULL, 52, DEFAULT, DEFAULT), ('71c019c0-f4c8-51ac-bfff-4141eabf85f3', 'Sunt Nisi Aute Eiusm', NULL, 50, DEFAULT, DEFAULT), ('ab4eb860-b9b9-58f5-84c6-b76a08d23dfd', 'Commodo Eu Nostrud', NULL, 49, DEFAULT, DEFAULT), ('dd9140ad-b92d-5673-a8c2-8b1c4e3e8697', 'Excepteur Aliqua Ips', NULL, 50, DEFAULT, DEFAULT), ('78de8c0c-fe2d-50bd-afca-68bed9f87cd0', 'Sunt Magna Do Commod', NULL, 52, DEFAULT, DEFAULT), ('81e51b22-aab8-5050-a735-aa5917f8771b', 'Cillum Voluptate Exc', NULL, 52, DEFAULT, DEFAULT), ('f6cb58dd-a0aa-5d2b-8ce5-200e44be4f36', 'Sit Eiusmod Irure', NULL, 52, DEFAULT, DEFAULT), ('48ed64cc-01ce-5cc6-8ffd-8d552f857570', 'Officia Id', NULL, 49, DEFAULT, DEFAULT), ('0cb21e27-1e4d-50c9-bd0d-f6696d98b44c', 'Amet Amet Adipisicin', NULL, 51, DEFAULT, DEFAULT), ('29d37d99-954e-5434-8e90-9d564d65e434', 'Enim Anim Ipsum', NULL, 52, DEFAULT, DEFAULT), ('64957ee8-7d0b-54ac-82da-6c959456806c', 'Do Do Proident Ad', NULL, 48, DEFAULT, DEFAULT);
INSERT INTO public.plan (id,name,pricing,pricing_interval,is_default,config,created_at,updated_at) VALUES (34, 'Essential', 0, 'monthly', 't', '{"max_members":6,"max_blueprints":100,"max_books":20}', DEFAULT, DEFAULT), (35, 'Advanced', 15.803108597090716, 'monthly', 'f', '{"max_members":12,"max_blueprints":200,"max_books":40}', DEFAULT, DEFAULT), (36, 'Pro', 12.111348826482082, 'yearly', 'f', '{"max_members":18,"max_blueprints":300,"max_books":60}', DEFAULT, DEFAULT);
INSERT INTO public.book (id,name,team_id,created_at,updated_at) VALUES ('1e7e0bcb-4fc0-5d72-81a5-d67a74a13595', 'Consectetur Veniam', '7c2c4732-09c1-5f7b-87ca-c53e7497b4ef', DEFAULT, DEFAULT), ('d297ab9e-40d4-51b5-bb8f-a1df399f1a9a', 'Qui', '7c2c4732-09c1-5f7b-87ca-c53e7497b4ef', DEFAULT, DEFAULT), ('d1b8f3f8-af26-5088-8712-273c28ba98f7', 'Magna', '7c2c4732-09c1-5f7b-87ca-c53e7497b4ef', DEFAULT, DEFAULT), ('3ff60d7a-a4ad-54c5-a422-53b52cd53093', 'Laboris Non', '7c2c4732-09c1-5f7b-87ca-c53e7497b4ef', DEFAULT, DEFAULT), ('cfbfd1d4-e77f-57e5-94da-e9ff2cc7a996', 'Irure Nulla', '7c2c4732-09c1-5f7b-87ca-c53e7497b4ef', DEFAULT, DEFAULT), ('92bf5244-388d-5bbf-bd84-1c7ad2efe31b', 'Est Nisi Fugiat', '7c2c4732-09c1-5f7b-87ca-c53e7497b4ef', DEFAULT, DEFAULT), ('9584676f-0635-591a-a937-d230d9a3abf3', 'Dolore Minim', '7c2c4732-09c1-5f7b-87ca-c53e7497b4ef', DEFAULT, DEFAULT), ('5777772e-8d66-5c0f-ab03-fb0419760db6', 'Est Et', '7c2c4732-09c1-5f7b-87ca-c53e7497b4ef', DEFAULT, DEFAULT), ('62507209-107c-55b5-9f47-9cad3cb25da5', 'Enim Minim', '7c2c4732-09c1-5f7b-87ca-c53e7497b4ef', DEFAULT, DEFAULT), ('24739a88-19c7-5534-a982-957c164117c4', 'Deserunt Adipisicing', '7c2c4732-09c1-5f7b-87ca-c53e7497b4ef', DEFAULT, DEFAULT), ('98eaafd3-adbf-5a3e-adb9-b3fb6971b6f1', 'Exercitation', 'f50563b6-8532-51ec-b121-d8c6bca3e897', DEFAULT, DEFAULT), ('2d1d7734-be70-5d07-a538-e76c6cae722e', 'Incididunt In', 'f50563b6-8532-51ec-b121-d8c6bca3e897', DEFAULT, DEFAULT), ('b5605791-3389-56c2-9ec6-17d538b9bb85', 'Fugiat', 'f50563b6-8532-51ec-b121-d8c6bca3e897', DEFAULT, DEFAULT), ('a5831e58-2fc9-5b59-970d-00c344a4eb18', 'Nisi Officia', 'f50563b6-8532-51ec-b121-d8c6bca3e897', DEFAULT, DEFAULT), ('756cbb59-27d6-58f3-b4b9-8b56121e683f', 'Pariatur Officia', 'f50563b6-8532-51ec-b121-d8c6bca3e897', DEFAULT, DEFAULT), ('a8212e1b-5577-5c28-9c38-2d4fbd753550', 'Dolor Incididunt Par', 'f1bf295c-195b-5a42-9c6b-5bfa14b58307', DEFAULT, DEFAULT), ('59558fa1-9cc0-5e85-a331-879d76e07f05', 'Cupidatat Mollit Min', 'f1bf295c-195b-5a42-9c6b-5bfa14b58307', DEFAULT, DEFAULT), ('8926b9fd-34b2-5421-a25c-9cd89c12cad0', 'Nisi Est', 'f1bf295c-195b-5a42-9c6b-5bfa14b58307', DEFAULT, DEFAULT), ('a6ea6199-2a1a-56d4-b12a-1bf7d32d154c', 'Aliquip Ea', 'e0eebbc8-63c9-5fee-b088-b3310b672c35', DEFAULT, DEFAULT), ('eb3e804d-5ed0-59a1-900b-3b0f9b2cb577', 'Ea Sunt', 'e0eebbc8-63c9-5fee-b088-b3310b672c35', DEFAULT, DEFAULT), ('88501f36-608d-5074-ab3f-752cd478292f', 'Excepteur Amet', 'e0eebbc8-63c9-5fee-b088-b3310b672c35', DEFAULT, DEFAULT), ('abf8504a-2cfc-5a9d-a5d2-31dccd8bf00f', 'Commodo Ea', '1c17c04a-19f5-5c48-8b6b-48fe02257ffb', DEFAULT, DEFAULT), ('262a78c7-eb9d-5e1a-8e58-41ecb0c31fbd', 'Reprehenderit Labori', '1c17c04a-19f5-5c48-8b6b-48fe02257ffb', DEFAULT, DEFAULT), ('110efd29-2979-5c30-b41f-b3bf832f48cd', 'Aliqua', '1c17c04a-19f5-5c48-8b6b-48fe02257ffb', DEFAULT, DEFAULT), ('cf1d2e5e-3a18-5518-8e4c-387978992b8a', 'Cupidatat Minim Ut', '1c17c04a-19f5-5c48-8b6b-48fe02257ffb', DEFAULT, DEFAULT), ('34a6eefa-de0a-5b54-8950-76863d1d5290', 'Ullamco Laboris', '1c17c04a-19f5-5c48-8b6b-48fe02257ffb', DEFAULT, DEFAULT), ('338ac238-5209-53e4-836e-9d5dc98ae268', 'Exercitation Ullamco', '1c17c04a-19f5-5c48-8b6b-48fe02257ffb', DEFAULT, DEFAULT), ('5f3671df-cc06-5a3d-87a6-e1e42e095fa3', 'Dolore Amet', '1c17c04a-19f5-5c48-8b6b-48fe02257ffb', DEFAULT, DEFAULT), ('beb6961f-fe15-549e-851d-4b848f0c22b3', 'Mollit Pariatur', '1c17c04a-19f5-5c48-8b6b-48fe02257ffb', DEFAULT, DEFAULT), ('6be2b5fd-c70d-5fcd-9e56-f561a4756a4c', 'Nulla Dolor', '1c17c04a-19f5-5c48-8b6b-48fe02257ffb', DEFAULT, DEFAULT), ('6f47176d-afa5-5e10-b67a-c597508731b9', 'Mollit Amet', '1c17c04a-19f5-5c48-8b6b-48fe02257ffb', DEFAULT, DEFAULT), ('d2268e40-fa6d-5300-9f01-b7cc8f9018e3', 'Quis', 'a2996c99-b8bb-5bf6-b789-844e821ceb82', DEFAULT, DEFAULT), ('7a86b477-8922-5c78-85b7-47a44d6877c0', 'Labore Ad Occaecat', 'a2996c99-b8bb-5bf6-b789-844e821ceb82', DEFAULT, DEFAULT), ('cd1520c4-af17-5e1e-b5b0-a9e95f36a7c4', 'Dolore Id', 'a2996c99-b8bb-5bf6-b789-844e821ceb82', DEFAULT, DEFAULT), ('2190cc4c-2cc5-5f9f-983d-55f70f31e468', 'Laborum Tempor', 'a2996c99-b8bb-5bf6-b789-844e821ceb82', DEFAULT, DEFAULT), ('349111f0-5b40-5b21-aeff-8af2b228d28f', 'Qui Commodo', '5d016028-a6a3-5268-91a3-91021dbfda0a', DEFAULT, DEFAULT), ('e2b744a0-a170-5a87-828d-34cc6f64ca05', 'Ex Excepteur', '5d016028-a6a3-5268-91a3-91021dbfda0a', DEFAULT, DEFAULT), ('3a804324-748d-571a-afad-6b9c20a35337', 'Deserunt Et Exercita', '5d016028-a6a3-5268-91a3-91021dbfda0a', DEFAULT, DEFAULT), ('1bf9a820-bb8f-59cd-8902-84a62a1aa29f', 'Officia Dolore Cillu', '5d016028-a6a3-5268-91a3-91021dbfda0a', DEFAULT, DEFAULT), ('09204188-e618-5728-88fc-034120742c41', 'Ad Anim', 'b279891e-05aa-528b-867b-dd6fe5fa77c8', DEFAULT, DEFAULT), ('b576de0c-954e-5345-a9e7-0d691c52341a', 'Nostrud Ut Eu', 'b279891e-05aa-528b-867b-dd6fe5fa77c8', DEFAULT, DEFAULT), ('887dee3f-7921-537c-91f1-8b0d43117b12', 'Mollit Lorem Minim', 'b279891e-05aa-528b-867b-dd6fe5fa77c8', DEFAULT, DEFAULT), ('f561c33d-0589-5163-a677-f2a1eb6b3322', 'Consectetur Labore', 'ff53868f-9940-575d-8fa8-923808f93a53', DEFAULT, DEFAULT), ('02a341a2-35a0-5fbc-a1f4-aa8b42aa4b51', 'Nulla Ipsum Veniam', 'ff53868f-9940-575d-8fa8-923808f93a53', DEFAULT, DEFAULT), ('ad276812-3b86-5425-b36a-d822f2860912', 'Magna Quis Deserunt', 'ff53868f-9940-575d-8fa8-923808f93a53', DEFAULT, DEFAULT), ('2764351d-73bf-5124-a613-660cd57f91dd', 'Voluptate', 'ff53868f-9940-575d-8fa8-923808f93a53', DEFAULT, DEFAULT), ('cd80d13e-478f-5058-8dfd-e20a76013cb5', 'Esse', '8172203a-00e7-5e0e-919b-2970e0d891df', DEFAULT, DEFAULT), ('db9f2a26-569b-5431-9216-bcd2cf256bbd', 'Qui', '8172203a-00e7-5e0e-919b-2970e0d891df', DEFAULT, DEFAULT), ('e4c44768-00c8-52e6-80f9-625972d5d9b9', 'Aute Ea', '8172203a-00e7-5e0e-919b-2970e0d891df', DEFAULT, DEFAULT), ('eea550bd-8120-5fb2-9339-ad3a549506d4', 'Nulla', '8172203a-00e7-5e0e-919b-2970e0d891df', DEFAULT, DEFAULT), ('88514f78-7770-5bc2-96a4-f0f4ebcab4a4', 'Duis Magna', '8172203a-00e7-5e0e-919b-2970e0d891df', DEFAULT, DEFAULT), ('e9decb87-4a50-5c41-896c-16fe0d21ebca', 'Nulla Veniam', '7b5ee10b-959f-565b-9dac-a4bab4f6c6bf', DEFAULT, DEFAULT), ('274020d9-7513-5cf6-ae0b-e94ef1d1a62f', 'Et Excepteur Occaeca', '7b5ee10b-959f-565b-9dac-a4bab4f6c6bf', DEFAULT, DEFAULT), ('644bfc5c-cf27-5d76-8355-4e4c8d73061f', 'Ullamco Adipisicing', '7b5ee10b-959f-565b-9dac-a4bab4f6c6bf', DEFAULT, DEFAULT), ('eff6dde6-e4aa-5c61-9818-5d7ae0bf58b7', 'Aute Ipsum', '7b5ee10b-959f-565b-9dac-a4bab4f6c6bf', DEFAULT, DEFAULT), ('31bb49e9-e86d-546a-9e01-6986e5eacf06', 'Irure Irure', '7b5ee10b-959f-565b-9dac-a4bab4f6c6bf', DEFAULT, DEFAULT), ('6a3486ce-c3fa-519b-8ad1-f329a5c3ee43', 'Nisi Eiusmod Non', '7b5ee10b-959f-565b-9dac-a4bab4f6c6bf', DEFAULT, DEFAULT), ('d92658af-bb2e-5f93-9170-bc8d85a6ad50', 'Mollit Anim', '7b5ee10b-959f-565b-9dac-a4bab4f6c6bf', DEFAULT, DEFAULT), ('b134c4e5-3e41-53b3-bf3f-7f4cf023e9d7', 'Mollit Ipsum Labore', '38400370-0369-5239-8b08-499aef0591ef', DEFAULT, DEFAULT), ('763ebb5f-add9-59ff-9a26-6b4030dae259', 'Pariatur Veniam', '38400370-0369-5239-8b08-499aef0591ef', DEFAULT, DEFAULT), ('9f273059-bf49-55a4-bf95-e6bedcccffe3', 'Amet', '38400370-0369-5239-8b08-499aef0591ef', DEFAULT, DEFAULT), ('c7198a1e-f50c-5635-a5bf-2073d4da7bc6', 'Aute', '38400370-0369-5239-8b08-499aef0591ef', DEFAULT, DEFAULT), ('1497705a-df0e-5f8d-988d-61adba7199e0', 'Sit Nostrud', '38400370-0369-5239-8b08-499aef0591ef', DEFAULT, DEFAULT), ('ac772386-a452-5d18-88c7-396c2a71eb0b', 'Eu Minim', '38400370-0369-5239-8b08-499aef0591ef', DEFAULT, DEFAULT), ('b5f933d0-c28e-517c-9fca-d9e38dc742a2', 'Et', '77394b64-1ec1-5043-8dc3-08f9200521d4', DEFAULT, DEFAULT), ('21a7e579-98a3-5757-a0a8-913f2da95aba', 'Qui', '77394b64-1ec1-5043-8dc3-08f9200521d4', DEFAULT, DEFAULT), ('a4b32498-f3a6-5110-a5b6-de20f0314c35', 'Velit Enim', '77394b64-1ec1-5043-8dc3-08f9200521d4', DEFAULT, DEFAULT), ('22052ce5-2628-54da-93cf-dce3c06b547a', 'Velit Occaecat Paria', '77394b64-1ec1-5043-8dc3-08f9200521d4', DEFAULT, DEFAULT), ('5b303ef1-7516-512a-ba01-9f0dc05d7d2a', 'Mollit Enim Veniam', '77394b64-1ec1-5043-8dc3-08f9200521d4', DEFAULT, DEFAULT), ('2386fe50-4da3-5ca3-b993-046dc48afb23', 'Nostrud Aliqua Labor', '77394b64-1ec1-5043-8dc3-08f9200521d4', DEFAULT, DEFAULT), ('be8eca74-88dc-5f62-a6bb-1a0cde780aab', 'Labore', '77394b64-1ec1-5043-8dc3-08f9200521d4', DEFAULT, DEFAULT), ('df0b9534-eb70-596b-965a-89561ef803da', 'Est', '77394b64-1ec1-5043-8dc3-08f9200521d4', DEFAULT, DEFAULT), ('31ac52db-fa89-5177-b667-1cf6526a929a', 'In Excepteur Lorem', '56ea9a57-3786-5a49-9700-501eb57a1328', DEFAULT, DEFAULT), ('3c6d504a-3b43-5117-a71b-e844b07b3920', 'Aute', '56ea9a57-3786-5a49-9700-501eb57a1328', DEFAULT, DEFAULT), ('70e095a9-713d-5fe2-a06a-8145febdb917', 'Exercitation Ex Pari', '56ea9a57-3786-5a49-9700-501eb57a1328', DEFAULT, DEFAULT), ('d0fa96c4-2bfe-5959-9fd4-b17ec4964e6d', 'Incididunt Anim', '56ea9a57-3786-5a49-9700-501eb57a1328', DEFAULT, DEFAULT), ('cb82a658-7a6b-5f53-8103-de934a9d041a', 'Ex Nisi', '56ea9a57-3786-5a49-9700-501eb57a1328', DEFAULT, DEFAULT), ('af5fa9a8-f7df-5a87-830c-3e8d39f06eae', 'Sunt', '731fb763-1773-5758-b8dd-d75381b0e72a', DEFAULT, DEFAULT), ('fa904169-96b2-5473-b48d-c7f225d6dfb3', 'Commodo Adipisicing ', '731fb763-1773-5758-b8dd-d75381b0e72a', DEFAULT, DEFAULT), ('76980724-1543-5820-bc77-ff5f445e7244', 'Deserunt Ipsum', '731fb763-1773-5758-b8dd-d75381b0e72a', DEFAULT, DEFAULT), ('c9f9ed6b-3ed1-5d46-9201-51000bdf47fa', 'Culpa Consectetur Pr', '731fb763-1773-5758-b8dd-d75381b0e72a', DEFAULT, DEFAULT), ('54473828-0225-5307-b53c-7a0fc46ac63c', 'Sint Eiusmod', '731fb763-1773-5758-b8dd-d75381b0e72a', DEFAULT, DEFAULT), ('c67d2d09-4f9c-55d4-8995-a05fcda1aef5', 'Qui Sint', '068fd5c6-1552-54ac-ade0-1a1e4b095f08', DEFAULT, DEFAULT), ('6fb8bc22-57b5-5453-b6ee-d5dfa591c360', 'Lorem Ea', '068fd5c6-1552-54ac-ade0-1a1e4b095f08', DEFAULT, DEFAULT), ('3d58489a-e732-5fe3-9fa1-7d8615a17b59', 'In', '068fd5c6-1552-54ac-ade0-1a1e4b095f08', DEFAULT, DEFAULT), ('f8caf156-ccf0-5aea-a4e4-6c70f58a603e', 'Aliquip Deserunt Rep', '068fd5c6-1552-54ac-ade0-1a1e4b095f08', DEFAULT, DEFAULT), ('cca70ca2-d109-5c60-965d-ab86b151a58f', 'Exercitation Qui', '068fd5c6-1552-54ac-ade0-1a1e4b095f08', DEFAULT, DEFAULT), ('6c1a8703-574c-5f71-a1b1-63956f35fc49', 'Lorem Do', '068fd5c6-1552-54ac-ade0-1a1e4b095f08', DEFAULT, DEFAULT), ('9b74ca3b-f0ed-5aef-82da-739dcf602294', 'Anim Reprehenderit', '068fd5c6-1552-54ac-ade0-1a1e4b095f08', DEFAULT, DEFAULT), ('bdcc2900-5a50-536b-90e8-fa15aafd56cb', 'Incididunt Proident', '068fd5c6-1552-54ac-ade0-1a1e4b095f08', DEFAULT, DEFAULT), ('d19db439-c7e7-53a7-aa19-0db346180dc1', 'Enim Enim Enim', '5e20f9a8-7b26-5a5f-8426-6b12c182d23c', DEFAULT, DEFAULT), ('91434b27-2651-5429-8f42-45c3f8e334a0', 'Aliqua Adipisicing', '5e20f9a8-7b26-5a5f-8426-6b12c182d23c', DEFAULT, DEFAULT), ('549980e7-3e77-5d76-b263-84664d04b209', 'Adipisicing Eu', '5e20f9a8-7b26-5a5f-8426-6b12c182d23c', DEFAULT, DEFAULT), ('e4de1a09-bd9a-5e42-b92c-2cb1af28bec6', 'Tempor Officia', '5e20f9a8-7b26-5a5f-8426-6b12c182d23c', DEFAULT, DEFAULT), ('f4b5542b-ba61-519e-a8d2-5793282ad487', 'Mollit Ipsum', '5e20f9a8-7b26-5a5f-8426-6b12c182d23c', DEFAULT, DEFAULT), ('b32027db-33da-5dc2-b906-e0c2a06ac683', 'Irure Sint', '53fe0e9e-3358-5722-b994-4faad8733cd3', DEFAULT, DEFAULT), ('b7a89d05-549f-565f-b631-b59097e91d1a', 'Minim', '53fe0e9e-3358-5722-b994-4faad8733cd3', DEFAULT, DEFAULT), ('ac9f0e3e-b030-584f-a8dd-87355fe22537', 'Ea Aliqua', '53fe0e9e-3358-5722-b994-4faad8733cd3', DEFAULT, DEFAULT), ('438bff0e-fd50-5c86-89ee-d397a0c0e548', 'Deserunt Deserunt', '53fe0e9e-3358-5722-b994-4faad8733cd3', DEFAULT, DEFAULT), ('9bf2ad50-cccb-50eb-8269-3a7e78bd21f5', 'Veniam Labore', '53fe0e9e-3358-5722-b994-4faad8733cd3', DEFAULT, DEFAULT), ('36f6f3ba-e867-5008-b6c1-829e989f9d2f', 'Consequat Consectetu', '53fe0e9e-3358-5722-b994-4faad8733cd3', DEFAULT, DEFAULT), ('19495f2f-99a6-5394-9596-a1d3fb0d3196', 'Officia Nisi', '53fe0e9e-3358-5722-b994-4faad8733cd3', DEFAULT, DEFAULT), ('9a184097-b9bc-5f22-ba40-6c62e83423ab', 'Sint Pariatur', '53fe0e9e-3358-5722-b994-4faad8733cd3', DEFAULT, DEFAULT), ('92ce3cad-bd68-55a2-9017-d27d51e2e007', 'Enim Proident', '53fe0e9e-3358-5722-b994-4faad8733cd3', DEFAULT, DEFAULT), ('26f7bb6a-3c9c-5b30-b11b-be5ebfb91948', 'Reprehenderit Conseq', 'e4834379-a7a0-5f41-8193-f598072b1c83', DEFAULT, DEFAULT), ('e5b4727f-be5e-52c0-83cb-cb7ba230945f', 'Id Aute', 'e4834379-a7a0-5f41-8193-f598072b1c83', DEFAULT, DEFAULT), ('290e51c6-7ff6-5db4-8f40-69dda051b66c', 'Sint Velit Quis', 'e4834379-a7a0-5f41-8193-f598072b1c83', DEFAULT, DEFAULT), ('6c3f6730-2b1a-5e27-97de-caacad0bb1a5', 'Enim Consectetur Est', 'e4834379-a7a0-5f41-8193-f598072b1c83', DEFAULT, DEFAULT), ('7d0c4d54-58ae-5ddf-b108-590171e8655a', 'Elit Nisi', 'e4834379-a7a0-5f41-8193-f598072b1c83', DEFAULT, DEFAULT), ('5dd9c208-a224-5712-b987-eab6b9a89e23', 'Irure Do Tempor', 'e4834379-a7a0-5f41-8193-f598072b1c83', DEFAULT, DEFAULT), ('8bfeb6d5-d92f-5041-aa1b-39b8365c0a59', 'Labore Veniam Cupida', 'e4834379-a7a0-5f41-8193-f598072b1c83', DEFAULT, DEFAULT), ('8c5ef042-1b14-56ed-adba-e25d3960a3cf', 'Eiusmod Excepteur Ir', 'e4834379-a7a0-5f41-8193-f598072b1c83', DEFAULT, DEFAULT), ('a8766652-5cf4-5e66-ba6d-9eb457dff942', 'Cupidatat Ullamco', 'a9f91eda-269f-54d0-83de-05f0c2ecbf08', DEFAULT, DEFAULT), ('43bcab14-4a69-5e60-a07f-cda2fe595a2a', 'Ullamco Enim Culpa', 'a9f91eda-269f-54d0-83de-05f0c2ecbf08', DEFAULT, DEFAULT), ('203ac13e-e5b1-548e-a7da-5d8cff932053', 'Enim Officia', 'a9f91eda-269f-54d0-83de-05f0c2ecbf08', DEFAULT, DEFAULT), ('1332e392-1ac8-57d9-8262-948f66c89fe9', 'Ad', 'a9f91eda-269f-54d0-83de-05f0c2ecbf08', DEFAULT, DEFAULT), ('b88b1af1-79fe-5af5-9c91-0c77ed20973b', 'In Elit Cupidatat', 'a9f91eda-269f-54d0-83de-05f0c2ecbf08', DEFAULT, DEFAULT), ('d073b0b8-955f-5aab-9c76-3aebe9fa08b6', 'Id Mollit', 'a9f91eda-269f-54d0-83de-05f0c2ecbf08', DEFAULT, DEFAULT), ('5783cab4-e010-523b-b893-81b388f43d06', 'Adipisicing Occaecat', 'c0062d28-74ce-56b0-8124-852c5c4cdd1f', DEFAULT, DEFAULT), ('01bb02e3-6d00-5b11-ba00-2f6b060dfb2e', 'Lorem', 'c0062d28-74ce-56b0-8124-852c5c4cdd1f', DEFAULT, DEFAULT), ('a9752d0c-ade4-58c6-b746-1b9df56a3d08', 'Exercitation Duis Of', 'c0062d28-74ce-56b0-8124-852c5c4cdd1f', DEFAULT, DEFAULT), ('5cdb9712-16b6-532e-9cc7-8cf7dfbe9b6b', 'Deserunt Aliqua Irur', 'c0062d28-74ce-56b0-8124-852c5c4cdd1f', DEFAULT, DEFAULT), ('47c1a5aa-1c4a-5781-9c8f-968a639137d7', 'Dolore Consectetur', 'c0062d28-74ce-56b0-8124-852c5c4cdd1f', DEFAULT, DEFAULT), ('3c19e2d6-1e17-5580-adbc-319ee6c74e3c', 'Nostrud Est', 'c0062d28-74ce-56b0-8124-852c5c4cdd1f', DEFAULT, DEFAULT), ('ddb44318-7e83-5b4d-8ba4-3bbd19edd327', 'Tempor Dolor Culpa', 'c0062d28-74ce-56b0-8124-852c5c4cdd1f', DEFAULT, DEFAULT), ('e6e5bdc8-dbe5-545a-b616-a55a5f857d1f', 'Aliquip Commodo', 'c0062d28-74ce-56b0-8124-852c5c4cdd1f', DEFAULT, DEFAULT), ('3adfc207-aaeb-5fa1-b329-eb7ef2061320', 'Enim', 'a1d779f7-e622-5cd1-b766-eb2b7925b3c0', DEFAULT, DEFAULT), ('096adf71-c74e-5b77-822b-46a8768797c5', 'Cupidatat Fugiat', 'a1d779f7-e622-5cd1-b766-eb2b7925b3c0', DEFAULT, DEFAULT), ('65d8ad86-6271-552b-8704-fabcdcf18cdb', 'Pariatur In Pariatur', 'a1d779f7-e622-5cd1-b766-eb2b7925b3c0', DEFAULT, DEFAULT), ('9a52e2af-cb63-5ab2-95a7-ae32f01d6a1c', 'Anim Ea', 'a1d779f7-e622-5cd1-b766-eb2b7925b3c0', DEFAULT, DEFAULT), ('39da01f0-2195-5fc3-a74a-d12c26c902a3', 'Officia', 'bd4e2ea6-e7d4-5655-93cc-d1ed71c3483c', DEFAULT, DEFAULT), ('fbbb9719-f3d1-5ce2-b584-4b70bf5bb135', 'Adipisicing Esse', 'bd4e2ea6-e7d4-5655-93cc-d1ed71c3483c', DEFAULT, DEFAULT), ('5f651c76-ceba-56db-bd60-512d4079ec53', 'Dolore Aliqua Nulla', 'bd4e2ea6-e7d4-5655-93cc-d1ed71c3483c', DEFAULT, DEFAULT), ('9af6e0ef-7015-5390-856a-705032c2e40e', 'Lorem Duis', 'bd4e2ea6-e7d4-5655-93cc-d1ed71c3483c', DEFAULT, DEFAULT), ('e7ba2b18-a57c-5b02-9714-d376d9ea922f', 'Sint', 'fb2f612f-57ab-526e-8b57-f5de07942107', DEFAULT, DEFAULT), ('ccd28d41-9086-5b64-b351-585431787bb7', 'Laboris Qui Ad', 'fb2f612f-57ab-526e-8b57-f5de07942107', DEFAULT, DEFAULT), ('6a248992-e0a8-5c27-8d71-fd2cfd3a1fd6', 'Et Sint', 'fb2f612f-57ab-526e-8b57-f5de07942107', DEFAULT, DEFAULT), ('72d447b0-a4fa-5de7-bb4c-9ff5f169dfea', 'Nostrud Laborum', 'fb2f612f-57ab-526e-8b57-f5de07942107', DEFAULT, DEFAULT), ('f457d7a7-01f9-5225-b07a-0e782525bbc7', 'Quis Et Ut', '38cee772-792e-54fe-ae0f-d62f75f71c11', DEFAULT, DEFAULT), ('0fa12fcf-97e2-5065-a698-e366ca117702', 'Anim Duis', '38cee772-792e-54fe-ae0f-d62f75f71c11', DEFAULT, DEFAULT), ('b4725825-2a5a-5e18-a190-e59f4cb9f1b5', 'Magna Minim', '38cee772-792e-54fe-ae0f-d62f75f71c11', DEFAULT, DEFAULT), ('d1dc8a74-c651-5dbd-b484-1cd2c51db9b9', 'Proident', '38cee772-792e-54fe-ae0f-d62f75f71c11', DEFAULT, DEFAULT), ('40747f76-ad34-5508-ba43-ef538c943cc0', 'Nisi Officia', '38cee772-792e-54fe-ae0f-d62f75f71c11', DEFAULT, DEFAULT), ('94a106f5-e21c-5e45-83f2-58d10f738b53', 'Aute Commodo', '38cee772-792e-54fe-ae0f-d62f75f71c11', DEFAULT, DEFAULT), ('5da40fc6-2f9c-5273-8dcd-1032d525128a', 'Quis Ad', '38cee772-792e-54fe-ae0f-d62f75f71c11', DEFAULT, DEFAULT), ('cbe3cf1c-d730-5d2f-b890-2de0f1a164e6', 'Cillum Velit', '38cee772-792e-54fe-ae0f-d62f75f71c11', DEFAULT, DEFAULT), ('45173bfe-a11f-574a-ac25-21cda1308ec9', 'Qui Mollit In', '60f279f1-b04c-57b1-b6aa-b71a8811c6ab', DEFAULT, DEFAULT), ('28e4b717-ba20-5ce6-96db-f08421aa2fc7', 'Consectetur Ullamco ', '60f279f1-b04c-57b1-b6aa-b71a8811c6ab', DEFAULT, DEFAULT), ('d35ecca3-ac35-5e28-8e7e-6a25de908d18', 'Qui Veniam', '60f279f1-b04c-57b1-b6aa-b71a8811c6ab', DEFAULT, DEFAULT), ('e334db45-3389-5a47-b7c9-4ff8121637b5', 'Non', '60f279f1-b04c-57b1-b6aa-b71a8811c6ab', DEFAULT, DEFAULT), ('0a9347d2-3396-5e6a-98f1-b406ca195226', 'Ut Ea Duis', '60f279f1-b04c-57b1-b6aa-b71a8811c6ab', DEFAULT, DEFAULT), ('71edf17f-e471-58c3-bbf8-8111bd6c7c8e', 'Enim', '60f279f1-b04c-57b1-b6aa-b71a8811c6ab', DEFAULT, DEFAULT), ('b737f334-53a3-585e-98d7-69fce744e35e', 'Do Nisi', 'b5d35d7e-f19e-568e-9efe-911f779c892f', DEFAULT, DEFAULT), ('8babc841-00b0-585f-9ca3-85ef68fec1f7', 'Amet', 'b5d35d7e-f19e-568e-9efe-911f779c892f', DEFAULT, DEFAULT), ('79efb743-bb54-546e-8bdf-089509399715', 'Velit Magna', 'b5d35d7e-f19e-568e-9efe-911f779c892f', DEFAULT, DEFAULT), ('86e03e09-1744-508f-b91c-c48f85d8ffcb', 'Nisi Lorem', 'b5d35d7e-f19e-568e-9efe-911f779c892f', DEFAULT, DEFAULT), ('6451b879-16d7-5644-b6b9-87dd18b3facf', 'Pariatur Magna', 'b5d35d7e-f19e-568e-9efe-911f779c892f', DEFAULT, DEFAULT), ('47e5d6a1-6a7c-5068-97e6-b73d6f3b47c1', 'Id Aliqua Elit', 'b5d35d7e-f19e-568e-9efe-911f779c892f', DEFAULT, DEFAULT), ('ea56a5ec-2249-5fba-8891-278bcdbbb33d', 'Non', 'b5d35d7e-f19e-568e-9efe-911f779c892f', DEFAULT, DEFAULT), ('c72c7230-479d-51cc-940d-5fec1bea4502', 'Ad', 'b5d35d7e-f19e-568e-9efe-911f779c892f', DEFAULT, DEFAULT), ('844afdcc-93cf-55c8-b0f1-1cc22329a30b', 'Nisi Aliqua', '3db3509a-5565-5145-aa2d-eb656db639a3', DEFAULT, DEFAULT), ('290bcd64-8663-5670-8efa-64e864979bbb', 'Nulla Laboris', '3db3509a-5565-5145-aa2d-eb656db639a3', DEFAULT, DEFAULT), ('897e7fb9-bd9c-59e3-afc7-d1c31ec7ef34', 'Sunt Nulla Exercitat', '3db3509a-5565-5145-aa2d-eb656db639a3', DEFAULT, DEFAULT), ('f3376d8d-17f3-5259-a5b0-af6d5e21e7e2', 'Excepteur', '3db3509a-5565-5145-aa2d-eb656db639a3', DEFAULT, DEFAULT), ('5ce056de-a21e-5eba-9d47-e09232047aae', 'Proident Excepteur', '3db3509a-5565-5145-aa2d-eb656db639a3', DEFAULT, DEFAULT), ('fd8e258e-4711-5b22-b0f3-1f5725eb642f', 'Exercitation', '3db3509a-5565-5145-aa2d-eb656db639a3', DEFAULT, DEFAULT), ('583774ae-7432-5503-850f-867e82c0838b', 'Id Irure', '16b2ddd9-4627-52fa-8115-8453cfa39374', DEFAULT, DEFAULT), ('225b2186-bb16-5b0a-b7be-47fd3c5a5cf9', 'Aliqua Labore', '16b2ddd9-4627-52fa-8115-8453cfa39374', DEFAULT, DEFAULT), ('fc295a44-56fb-5a65-beee-66fd6554ae26', 'Aute', '16b2ddd9-4627-52fa-8115-8453cfa39374', DEFAULT, DEFAULT), ('88133dcb-8b00-5c2c-aee5-9f0743f5239d', 'In', '16b2ddd9-4627-52fa-8115-8453cfa39374', DEFAULT, DEFAULT), ('9bcb6997-9423-57c0-978a-09ad67de00e3', 'Sit Esse Lorem', '16b2ddd9-4627-52fa-8115-8453cfa39374', DEFAULT, DEFAULT), ('7c1b7c00-d84e-5216-9c13-9544eccd96d4', 'Est Irure', '16b2ddd9-4627-52fa-8115-8453cfa39374', DEFAULT, DEFAULT), ('34e08312-6163-54ad-8f00-271b535d720e', 'Sunt Proident Aliqua', '235fae27-2669-539e-8784-3dcbaac570cc', DEFAULT, DEFAULT), ('b21c180f-341f-510e-96d3-d4e40909d89e', 'Eiusmod Consectetur', '235fae27-2669-539e-8784-3dcbaac570cc', DEFAULT, DEFAULT), ('e09a1a6c-2073-587c-bb13-604903ae6e80', 'Pariatur Id Nostrud', '235fae27-2669-539e-8784-3dcbaac570cc', DEFAULT, DEFAULT), ('c3c19070-f0b8-5d8b-8806-a00d5fe919aa', 'Commodo', '235fae27-2669-539e-8784-3dcbaac570cc', DEFAULT, DEFAULT), ('dc376aff-9563-59fe-ac16-2760fcfb9752', 'Laborum Cupidatat La', '235fae27-2669-539e-8784-3dcbaac570cc', DEFAULT, DEFAULT), ('f8c28949-a64a-5955-ab9b-9c82a976b917', 'Sit Aliquip Laboris', '235fae27-2669-539e-8784-3dcbaac570cc', DEFAULT, DEFAULT), ('f3ebe9e0-f337-5a54-9800-1b3119ecb916', 'Labore', '235fae27-2669-539e-8784-3dcbaac570cc', DEFAULT, DEFAULT), ('9d87fe57-7f5a-555d-8ceb-54297334ec14', 'Nisi Laboris', '85a272fe-9de3-5543-919e-647cccb82b15', DEFAULT, DEFAULT), ('02fbc2e3-109a-5330-96d4-81e4548f5f4f', 'Culpa Reprehenderit', '85a272fe-9de3-5543-919e-647cccb82b15', DEFAULT, DEFAULT), ('026debf8-8a71-53bf-8bd1-1046d4d33b6c', 'Consequat', '85a272fe-9de3-5543-919e-647cccb82b15', DEFAULT, DEFAULT), ('4ecb4c85-c280-5d1c-af07-13ac77118d4b', 'Pariatur Irure', '85a272fe-9de3-5543-919e-647cccb82b15', DEFAULT, DEFAULT), ('c749b9a1-8131-5461-9b9f-368e4a129402', 'Aliqua Deserunt', '85a272fe-9de3-5543-919e-647cccb82b15', DEFAULT, DEFAULT), ('dcab4cd0-81d2-521a-8a86-4b94b840415d', 'Amet Cillum', '85a272fe-9de3-5543-919e-647cccb82b15', DEFAULT, DEFAULT), ('36d172fe-21d7-5e04-8dd5-a197a258f6db', 'Minim Ex Consectetur', '0ff7c90f-7522-5b63-9234-348cf37ff0b7', DEFAULT, DEFAULT), ('86c76349-2501-5929-8ba9-7c7cbfe50a41', 'Velit', '0ff7c90f-7522-5b63-9234-348cf37ff0b7', DEFAULT, DEFAULT), ('8e5bcc8d-ff8b-5160-bb7c-97b1a5837a53', 'Duis Cupidatat', '0ff7c90f-7522-5b63-9234-348cf37ff0b7', DEFAULT, DEFAULT), ('5c5c81ab-962f-58e6-94da-fcec32b54a8a', 'Ut Mollit', '0ff7c90f-7522-5b63-9234-348cf37ff0b7', DEFAULT, DEFAULT), ('398ada6e-edca-5873-8a7e-46f58b50e62b', 'Excepteur Ea', '0ff7c90f-7522-5b63-9234-348cf37ff0b7', DEFAULT, DEFAULT), ('e3d228a7-535a-59dc-a321-d2a2142ee80e', 'Do Excepteur', '0ff7c90f-7522-5b63-9234-348cf37ff0b7', DEFAULT, DEFAULT), ('a3141029-aec2-543b-b18a-49fe947e3304', 'Commodo', '782f7eda-e535-5ab3-8415-643126d3b0fa', DEFAULT, DEFAULT), ('6c52c1d9-13a4-51ef-ae51-1dacc4c14be9', 'Enim Magna', '782f7eda-e535-5ab3-8415-643126d3b0fa', DEFAULT, DEFAULT), ('2589cf16-4103-5a4f-b544-b30078083eaa', 'Deserunt Proident', '782f7eda-e535-5ab3-8415-643126d3b0fa', DEFAULT, DEFAULT), ('a88bc9b9-135e-55c7-8c4c-5a072a3c8573', 'Enim Veniam', '782f7eda-e535-5ab3-8415-643126d3b0fa', DEFAULT, DEFAULT), ('8b7e423b-b9b9-5b3c-bf3d-1aa45d16235c', 'Irure Anim', '782f7eda-e535-5ab3-8415-643126d3b0fa', DEFAULT, DEFAULT), ('9b1fc781-1e4e-56d2-bd68-0dc257a319c0', 'Nulla', '5daf6f25-3b97-5f49-8f75-4ba5d1d74cd3', DEFAULT, DEFAULT), ('8a0a556f-d942-55f0-8ba8-1ffbfaf3c6d9', 'Esse Ipsum Nulla', '5daf6f25-3b97-5f49-8f75-4ba5d1d74cd3', DEFAULT, DEFAULT), ('91fa3874-9437-5dfa-a49a-f19fb38d9e92', 'Nisi', '5daf6f25-3b97-5f49-8f75-4ba5d1d74cd3', DEFAULT, DEFAULT), ('3204ce32-7c5b-5953-969e-fe1d17de6e76', 'Ex Ex', '3788fdae-c690-5563-abac-18b51e4d210f', DEFAULT, DEFAULT), ('eecf8a7e-af2f-524d-a645-c5fba3ebda06', 'Aliquip', '3788fdae-c690-5563-abac-18b51e4d210f', DEFAULT, DEFAULT), ('8d3f145b-67b0-504d-b49a-d59ecea5d2d8', 'Irure Sint Enim', '3788fdae-c690-5563-abac-18b51e4d210f', DEFAULT, DEFAULT), ('d00c085d-72d6-5114-a5fd-ba818539c2f7', 'Quis Elit', '3788fdae-c690-5563-abac-18b51e4d210f', DEFAULT, DEFAULT), ('de459427-bb2c-5381-bdbf-7126efbb65c9', 'Cillum Nisi', '3788fdae-c690-5563-abac-18b51e4d210f', DEFAULT, DEFAULT), ('fd2a8113-662a-5782-9e12-f7b49eee56e0', 'Nisi', '3788fdae-c690-5563-abac-18b51e4d210f', DEFAULT, DEFAULT), ('5c25ba01-ab4d-5527-9a41-d79d770f3d79', 'Aute Ea', '3788fdae-c690-5563-abac-18b51e4d210f', DEFAULT, DEFAULT), ('d6d652bf-48a5-5a85-a95d-16c25edc5397', 'Eu', '177ae72e-41a6-5325-80d6-452827ea5918', DEFAULT, DEFAULT), ('94170f3d-888c-58bc-bc18-13592bfb52c5', 'Ut Veniam Nulla', '177ae72e-41a6-5325-80d6-452827ea5918', DEFAULT, DEFAULT), ('1e0af0c0-30ba-5a06-9647-a83cef3d815d', 'Amet', '177ae72e-41a6-5325-80d6-452827ea5918', DEFAULT, DEFAULT), ('097c4d8e-94d3-5fd3-94ca-7bbb66cf6929', 'Deserunt Reprehender', '177ae72e-41a6-5325-80d6-452827ea5918', DEFAULT, DEFAULT), ('2daf5548-f681-577a-9912-670e1304b2ad', 'Exercitation Reprehe', '177ae72e-41a6-5325-80d6-452827ea5918', DEFAULT, DEFAULT), ('36ab6720-a24b-578b-8d3f-3d9bb0485851', 'Voluptate Voluptate', '177ae72e-41a6-5325-80d6-452827ea5918', DEFAULT, DEFAULT), ('960932a7-c474-5ba2-97bb-0581aeeca485', 'Labore Pariatur', '177ae72e-41a6-5325-80d6-452827ea5918', DEFAULT, DEFAULT), ('d9d9ad5e-1233-511b-bc7d-1f7d6c3d7a35', 'Nisi', '177ae72e-41a6-5325-80d6-452827ea5918', DEFAULT, DEFAULT), ('70b4d1da-5ee3-5bd6-aecb-9af8ab670b84', 'Sunt Quis', 'c0a2f5c4-7781-5310-ad3c-e7b9f41a7ace', DEFAULT, DEFAULT), ('2da4149c-bf3e-5f98-b904-591c69530871', 'Excepteur Fugiat', 'c0a2f5c4-7781-5310-ad3c-e7b9f41a7ace', DEFAULT, DEFAULT), ('a69d43fa-2222-5203-b590-140e62599451', 'Aliquip Incididunt', 'c0a2f5c4-7781-5310-ad3c-e7b9f41a7ace', DEFAULT, DEFAULT), ('f6a7cc82-a609-50ee-a839-9fa8b1a9631d', 'Eiusmod Duis', 'c0a2f5c4-7781-5310-ad3c-e7b9f41a7ace', DEFAULT, DEFAULT), ('00644310-2ebb-53b6-b6cd-c599924419bd', 'Voluptate Exercitati', 'c0a2f5c4-7781-5310-ad3c-e7b9f41a7ace', DEFAULT, DEFAULT), ('28a1ca86-fc34-5d5b-bda6-792b581f58de', 'Et Fugiat', '71c019c0-f4c8-51ac-bfff-4141eabf85f3', DEFAULT, DEFAULT), ('c801d235-e02a-5267-8201-eecb86948b65', 'Velit', '71c019c0-f4c8-51ac-bfff-4141eabf85f3', DEFAULT, DEFAULT), ('ad1bbcac-cdbb-551f-b25a-b14b40074515', 'Ex', '71c019c0-f4c8-51ac-bfff-4141eabf85f3', DEFAULT, DEFAULT), ('af85f96c-efbd-584c-bdd4-26c4e2f3e556', 'Id', '71c019c0-f4c8-51ac-bfff-4141eabf85f3', DEFAULT, DEFAULT), ('ee198d66-a798-52a5-8b79-9931f7b835e3', 'Pariatur Dolore', '71c019c0-f4c8-51ac-bfff-4141eabf85f3', DEFAULT, DEFAULT), ('9a2c5b91-3c65-50ae-8188-68db1f1edfc4', 'Elit Cupidatat Tempo', '71c019c0-f4c8-51ac-bfff-4141eabf85f3', DEFAULT, DEFAULT), ('a78f49ae-5f15-5b14-baf5-6abdb727fcc1', 'Fugiat Adipisicing', '71c019c0-f4c8-51ac-bfff-4141eabf85f3', DEFAULT, DEFAULT), ('a3df44c1-25a3-5190-a8bc-004597063afc', 'Ullamco Quis', '71c019c0-f4c8-51ac-bfff-4141eabf85f3', DEFAULT, DEFAULT), ('ee88c41d-7461-5ecc-a96b-908770bc5575', 'Tempor', '71c019c0-f4c8-51ac-bfff-4141eabf85f3', DEFAULT, DEFAULT), ('b67e09de-df70-515b-91d0-6e53f3b4a58a', 'Tempor Duis', 'ab4eb860-b9b9-58f5-84c6-b76a08d23dfd', DEFAULT, DEFAULT), ('fe24988b-bca5-5bf5-be0f-c92da7b2cbe1', 'Ad Laborum', 'ab4eb860-b9b9-58f5-84c6-b76a08d23dfd', DEFAULT, DEFAULT), ('fb634118-b8a6-50b7-9010-0317dd27fba6', 'Id', 'ab4eb860-b9b9-58f5-84c6-b76a08d23dfd', DEFAULT, DEFAULT), ('cda3814f-c14d-5dcf-a835-797df84f6d99', 'Dolore Occaecat', 'ab4eb860-b9b9-58f5-84c6-b76a08d23dfd', DEFAULT, DEFAULT), ('bdc52205-2f90-54a1-a699-3ba523b0d56a', 'Aliqua', 'ab4eb860-b9b9-58f5-84c6-b76a08d23dfd', DEFAULT, DEFAULT), ('1d01e569-eec7-553a-916b-70c8b1d0f9ec', 'Commodo Ex', 'ab4eb860-b9b9-58f5-84c6-b76a08d23dfd', DEFAULT, DEFAULT), ('ede942ce-5022-581a-99ff-f8ebb6d10d8a', 'Fugiat Id', 'ab4eb860-b9b9-58f5-84c6-b76a08d23dfd', DEFAULT, DEFAULT), ('92275f25-82bb-5155-9ec4-713c75fa7c14', 'Excepteur', 'ab4eb860-b9b9-58f5-84c6-b76a08d23dfd', DEFAULT, DEFAULT), ('98bf31df-37fd-5af6-86dd-8686cdc35eeb', 'Reprehenderit', 'dd9140ad-b92d-5673-a8c2-8b1c4e3e8697', DEFAULT, DEFAULT), ('ae956930-bebe-5aad-83f8-b8d0cae36371', 'Duis Voluptate', 'dd9140ad-b92d-5673-a8c2-8b1c4e3e8697', DEFAULT, DEFAULT), ('e20720a7-b660-50e0-8da5-8784fa26a31d', 'Nostrud Lorem Elit', 'dd9140ad-b92d-5673-a8c2-8b1c4e3e8697', DEFAULT, DEFAULT), ('2dbccffd-e7a5-5653-9dc6-18e988716abe', 'Nisi Nostrud', 'dd9140ad-b92d-5673-a8c2-8b1c4e3e8697', DEFAULT, DEFAULT), ('d905224a-1767-5e97-ad1a-f223ab64cd44', 'In Dolore', 'dd9140ad-b92d-5673-a8c2-8b1c4e3e8697', DEFAULT, DEFAULT), ('051188d3-54fa-59f4-adc8-b929fcb2c826', 'Magna Enim', 'dd9140ad-b92d-5673-a8c2-8b1c4e3e8697', DEFAULT, DEFAULT), ('94daea14-9b93-5933-9044-5ccc1eb32f8f', 'Sint Consequat', '78de8c0c-fe2d-50bd-afca-68bed9f87cd0', DEFAULT, DEFAULT), ('dc58dd7b-bb54-5abe-8208-becc5e0561ad', 'Eiusmod', '78de8c0c-fe2d-50bd-afca-68bed9f87cd0', DEFAULT, DEFAULT), ('63e38d08-3dd9-5569-ab28-f70e94b3cdb7', 'Eu Eu', '78de8c0c-fe2d-50bd-afca-68bed9f87cd0', DEFAULT, DEFAULT), ('59fbbc7c-edc9-5d3c-9170-cf6acabbcd28', 'Mollit Anim Irure', '81e51b22-aab8-5050-a735-aa5917f8771b', DEFAULT, DEFAULT), ('7bf99080-cdc6-5456-b6d5-417e28b4eba5', 'Do Esse', '81e51b22-aab8-5050-a735-aa5917f8771b', DEFAULT, DEFAULT), ('d2f08d89-447f-5d3d-96e5-385ed888c091', 'Aute', '81e51b22-aab8-5050-a735-aa5917f8771b', DEFAULT, DEFAULT), ('9e6824f3-dac2-540f-9e3d-8797171dab14', 'Laboris Irure', '81e51b22-aab8-5050-a735-aa5917f8771b', DEFAULT, DEFAULT), ('c15a1a93-cc16-5536-8ab0-42ef9626e379', 'Duis Velit', '81e51b22-aab8-5050-a735-aa5917f8771b', DEFAULT, DEFAULT), ('df90352f-468b-5345-9b3e-522b747ccf55', 'Aute Consectetur', '81e51b22-aab8-5050-a735-aa5917f8771b', DEFAULT, DEFAULT), ('646b32cc-2525-5418-a0f1-5c9ced471b05', 'Incididunt Nostrud', '81e51b22-aab8-5050-a735-aa5917f8771b', DEFAULT, DEFAULT), ('9c793877-9a29-5409-acf9-8981bd39bd4d', 'Id In', '81e51b22-aab8-5050-a735-aa5917f8771b', DEFAULT, DEFAULT), ('d1b6355b-0594-5d07-b55b-72d2c66a1391', 'Culpa Fugiat Qui', 'f6cb58dd-a0aa-5d2b-8ce5-200e44be4f36', DEFAULT, DEFAULT), ('77085b75-b014-57d0-8618-9cc95436a25e', 'Ullamco Laboris', 'f6cb58dd-a0aa-5d2b-8ce5-200e44be4f36', DEFAULT, DEFAULT), ('2f76c526-de17-58f1-a75e-aee239f7ed57', 'Reprehenderit Minim ', 'f6cb58dd-a0aa-5d2b-8ce5-200e44be4f36', DEFAULT, DEFAULT), ('3d4df0ce-5a7f-53e4-b486-95faf0a09720', 'Cillum Esse Do', 'f6cb58dd-a0aa-5d2b-8ce5-200e44be4f36', DEFAULT, DEFAULT), ('d6d4ebe8-fe3c-5e62-98d8-e678f356450c', 'Eiusmod Esse Mollit', 'f6cb58dd-a0aa-5d2b-8ce5-200e44be4f36', DEFAULT, DEFAULT), ('5dedc9b9-eec3-5ace-a95b-d7817834d9af', 'Fugiat Fugiat Except', 'f6cb58dd-a0aa-5d2b-8ce5-200e44be4f36', DEFAULT, DEFAULT), ('79ef5172-d3d7-5e61-9d71-a40b27651163', 'Aliqua Aliqua', 'f6cb58dd-a0aa-5d2b-8ce5-200e44be4f36', DEFAULT, DEFAULT), ('750322e1-101b-5f9e-b670-d325392f4504', 'Velit', 'f6cb58dd-a0aa-5d2b-8ce5-200e44be4f36', DEFAULT, DEFAULT), ('97c3fd61-b55d-5134-8f04-cf53a8a45634', 'Anim Velit', 'f6cb58dd-a0aa-5d2b-8ce5-200e44be4f36', DEFAULT, DEFAULT), ('3c0af99e-82a0-5346-8da5-2d2825b8a66d', 'Ut Exercitation', '48ed64cc-01ce-5cc6-8ffd-8d552f857570', DEFAULT, DEFAULT), ('7c0f6282-7933-5431-8e88-9d2b9f09f272', 'Quis Mollit Et', '48ed64cc-01ce-5cc6-8ffd-8d552f857570', DEFAULT, DEFAULT), ('c97097d9-c6b8-5a50-931a-369c86f1535e', 'Minim Excepteur', '48ed64cc-01ce-5cc6-8ffd-8d552f857570', DEFAULT, DEFAULT), ('9f26eece-7e59-5b46-a98b-848dc55a0cda', 'Enim Sunt', '48ed64cc-01ce-5cc6-8ffd-8d552f857570', DEFAULT, DEFAULT), ('09bca3f4-0d37-5f5a-b637-9d7942a17cff', 'Amet Laborum Mollit', '0cb21e27-1e4d-50c9-bd0d-f6696d98b44c', DEFAULT, DEFAULT), ('2ca679b7-4687-5422-ac57-c89cfa36e3c8', 'Pariatur', '0cb21e27-1e4d-50c9-bd0d-f6696d98b44c', DEFAULT, DEFAULT), ('ba60341e-ffca-5a8d-85d2-58afc6ff269c', 'Qui In Ex', '0cb21e27-1e4d-50c9-bd0d-f6696d98b44c', DEFAULT, DEFAULT), ('deab978c-4953-507c-b4fb-f509dd35f454', 'Occaecat Lorem', '0cb21e27-1e4d-50c9-bd0d-f6696d98b44c', DEFAULT, DEFAULT), ('061a9df6-5f3b-55cf-9879-eec1a4061457', 'Amet', '29d37d99-954e-5434-8e90-9d564d65e434', DEFAULT, DEFAULT), ('f8fbdff1-11b4-54fa-ab90-292d82d3d353', 'Voluptate', '29d37d99-954e-5434-8e90-9d564d65e434', DEFAULT, DEFAULT), ('3af5be38-b117-5675-8d7a-e27a1a34e8a8', 'Dolore', '29d37d99-954e-5434-8e90-9d564d65e434', DEFAULT, DEFAULT), ('ab07c47c-511a-5092-acb9-cbf862e0076b', 'Amet Deserunt Fugiat', '29d37d99-954e-5434-8e90-9d564d65e434', DEFAULT, DEFAULT), ('f46ce5c6-3097-5b5d-8213-37b749a8664f', 'Laboris Ut', '29d37d99-954e-5434-8e90-9d564d65e434', DEFAULT, DEFAULT), ('72d3531d-c972-50b3-9ba4-89c7e7226754', 'Commodo Veniam', '29d37d99-954e-5434-8e90-9d564d65e434', DEFAULT, DEFAULT), ('8dea886f-fc5d-51fd-ac80-f3c52f3b244b', 'Tempor Aliqua', '29d37d99-954e-5434-8e90-9d564d65e434', DEFAULT, DEFAULT), ('e06c10f9-a674-5092-b6f9-89c60162f0bb', 'Laborum Minim', '29d37d99-954e-5434-8e90-9d564d65e434', DEFAULT, DEFAULT), ('5c279176-af23-560b-90c9-533a7e485b05', 'Fugiat Incididunt Ul', '29d37d99-954e-5434-8e90-9d564d65e434', DEFAULT, DEFAULT), ('6653ef95-0532-561d-a71b-05f5c1bc302b', 'Occaecat', '64957ee8-7d0b-54ac-82da-6c959456806c', DEFAULT, DEFAULT), ('a9072b83-7976-58e9-a9c4-45664532f42e', 'Ex Anim', '64957ee8-7d0b-54ac-82da-6c959456806c', DEFAULT, DEFAULT), ('1bdf6d4a-906f-5da5-b91f-35917468bf74', 'Cillum Esse Sit', '64957ee8-7d0b-54ac-82da-6c959456806c', DEFAULT, DEFAULT), ('830a4bb5-d929-5c1b-94fc-74a53795cc52', 'Adipisicing', '64957ee8-7d0b-54ac-82da-6c959456806c', DEFAULT, DEFAULT);
UPDATE public.team SET plan_id = 34 WHERE id = '7c2c4732-09c1-5f7b-87ca-c53e7497b4ef';
UPDATE public.team SET plan_id = 34 WHERE id = 'f50563b6-8532-51ec-b121-d8c6bca3e897';
UPDATE public.team SET plan_id = 34 WHERE id = 'f1bf295c-195b-5a42-9c6b-5bfa14b58307';
UPDATE public.team SET plan_id = 34 WHERE id = 'e0eebbc8-63c9-5fee-b088-b3310b672c35';
UPDATE public.team SET plan_id = 34 WHERE id = '1c17c04a-19f5-5c48-8b6b-48fe02257ffb';
UPDATE public.team SET plan_id = 34 WHERE id = 'a2996c99-b8bb-5bf6-b789-844e821ceb82';
UPDATE public.team SET plan_id = 34 WHERE id = '5d016028-a6a3-5268-91a3-91021dbfda0a';
UPDATE public.team SET plan_id = 34 WHERE id = 'b279891e-05aa-528b-867b-dd6fe5fa77c8';
UPDATE public.team SET plan_id = 34 WHERE id = 'ff53868f-9940-575d-8fa8-923808f93a53';
UPDATE public.team SET plan_id = 34 WHERE id = '8172203a-00e7-5e0e-919b-2970e0d891df';
UPDATE public.team SET plan_id = 34 WHERE id = '7b5ee10b-959f-565b-9dac-a4bab4f6c6bf';
UPDATE public.team SET plan_id = 34 WHERE id = '38400370-0369-5239-8b08-499aef0591ef';
UPDATE public.team SET plan_id = 34 WHERE id = '77394b64-1ec1-5043-8dc3-08f9200521d4';
UPDATE public.team SET plan_id = 34 WHERE id = '56ea9a57-3786-5a49-9700-501eb57a1328';
UPDATE public.team SET plan_id = 34 WHERE id = '731fb763-1773-5758-b8dd-d75381b0e72a';
UPDATE public.team SET plan_id = 34 WHERE id = '068fd5c6-1552-54ac-ade0-1a1e4b095f08';
UPDATE public.team SET plan_id = 35 WHERE id = '5e20f9a8-7b26-5a5f-8426-6b12c182d23c';
UPDATE public.team SET plan_id = 35 WHERE id = '53fe0e9e-3358-5722-b994-4faad8733cd3';
UPDATE public.team SET plan_id = 35 WHERE id = 'e4834379-a7a0-5f41-8193-f598072b1c83';
UPDATE public.team SET plan_id = 35 WHERE id = 'a9f91eda-269f-54d0-83de-05f0c2ecbf08';
UPDATE public.team SET plan_id = 35 WHERE id = 'c0062d28-74ce-56b0-8124-852c5c4cdd1f';
UPDATE public.team SET plan_id = 35 WHERE id = 'a1d779f7-e622-5cd1-b766-eb2b7925b3c0';
UPDATE public.team SET plan_id = 35 WHERE id = 'bd4e2ea6-e7d4-5655-93cc-d1ed71c3483c';
UPDATE public.team SET plan_id = 35 WHERE id = 'fb2f612f-57ab-526e-8b57-f5de07942107';
UPDATE public.team SET plan_id = 35 WHERE id = '38cee772-792e-54fe-ae0f-d62f75f71c11';
UPDATE public.team SET plan_id = 35 WHERE id = '60f279f1-b04c-57b1-b6aa-b71a8811c6ab';
UPDATE public.team SET plan_id = 35 WHERE id = 'b5d35d7e-f19e-568e-9efe-911f779c892f';
UPDATE public.team SET plan_id = 35 WHERE id = '3db3509a-5565-5145-aa2d-eb656db639a3';
UPDATE public.team SET plan_id = 35 WHERE id = '16b2ddd9-4627-52fa-8115-8453cfa39374';
UPDATE public.team SET plan_id = 35 WHERE id = '235fae27-2669-539e-8784-3dcbaac570cc';
UPDATE public.team SET plan_id = 35 WHERE id = '85a272fe-9de3-5543-919e-647cccb82b15';
UPDATE public.team SET plan_id = 35 WHERE id = '0ff7c90f-7522-5b63-9234-348cf37ff0b7';
UPDATE public.team SET plan_id = 36 WHERE id = '782f7eda-e535-5ab3-8415-643126d3b0fa';
UPDATE public.team SET plan_id = 36 WHERE id = '5daf6f25-3b97-5f49-8f75-4ba5d1d74cd3';
UPDATE public.team SET plan_id = 36 WHERE id = '3788fdae-c690-5563-abac-18b51e4d210f';
UPDATE public.team SET plan_id = 36 WHERE id = '177ae72e-41a6-5325-80d6-452827ea5918';
UPDATE public.team SET plan_id = 36 WHERE id = 'c0a2f5c4-7781-5310-ad3c-e7b9f41a7ace';
UPDATE public.team SET plan_id = 36 WHERE id = '71c019c0-f4c8-51ac-bfff-4141eabf85f3';
UPDATE public.team SET plan_id = 36 WHERE id = 'ab4eb860-b9b9-58f5-84c6-b76a08d23dfd';
UPDATE public.team SET plan_id = 36 WHERE id = 'dd9140ad-b92d-5673-a8c2-8b1c4e3e8697';
UPDATE public.team SET plan_id = 36 WHERE id = '78de8c0c-fe2d-50bd-afca-68bed9f87cd0';
UPDATE public.team SET plan_id = 36 WHERE id = '81e51b22-aab8-5050-a735-aa5917f8771b';
UPDATE public.team SET plan_id = 36 WHERE id = 'f6cb58dd-a0aa-5d2b-8ce5-200e44be4f36';
UPDATE public.team SET plan_id = 36 WHERE id = '48ed64cc-01ce-5cc6-8ffd-8d552f857570';
UPDATE public.team SET plan_id = 36 WHERE id = '0cb21e27-1e4d-50c9-bd0d-f6696d98b44c';
UPDATE public.team SET plan_id = 36 WHERE id = '29d37d99-954e-5434-8e90-9d564d65e434';
UPDATE public.team SET plan_id = 36 WHERE id = '64957ee8-7d0b-54ac-82da-6c959456806c';
SELECT setval('"public"."plan_id_seq"'::regclass, (SELECT MAX("id") FROM "public"."plan"));
INSERT INTO public.arena (id,game_id,name,metadata,created_at,updated_at) VALUES (111, 49, 'Silverlake Stadium', DEFAULT, DEFAULT, DEFAULT), (112, 50, 'Downtown Plaza Pavilion', DEFAULT, DEFAULT, DEFAULT), (113, 51, 'Bayshore Pavilion', DEFAULT, DEFAULT, DEFAULT), (114, 51, 'Sunset Stadium', DEFAULT, DEFAULT, DEFAULT), (115, 49, 'Downtown Square Pavilion', DEFAULT, DEFAULT, DEFAULT), (116, 52, 'Oceanfront Amphitheater', DEFAULT, DEFAULT, DEFAULT), (117, 52, 'Main Square Arena', DEFAULT, DEFAULT, DEFAULT), (118, 48, 'Southbank Arena', DEFAULT, DEFAULT, DEFAULT), (119, 51, 'Waterfront Amphitheater', DEFAULT, DEFAULT, DEFAULT), (120, 52, 'Meadowbrook Pavilion', DEFAULT, DEFAULT, DEFAULT);
SELECT setval('"public"."arena_id_seq"'::regclass, (SELECT MAX("id") FROM "public"."arena"));
INSERT INTO public.blueprint (id,book_id,arena_id,visibility,name,tags,created_at,updated_at) VALUES ('fd4a2d4e-8569-59ca-837d-fb7fa0ab1be1', 'cd1520c4-af17-5e1e-b5b0-a9e95f36a7c4', 115, 'public', 'Roaming Support Plan', '{"eu aliquip magna occaecat consec","fugiat reprehenderit occaecat cu","voluptate labore aliquip sit","excepteur ullamco culpa nulla si","qui laborum reprehenderit","ad laborum pariatur qui cupidata","adipisicing ut excepteur sint of","est cillum excepteur ullamco","magna"}', DEFAULT, DEFAULT), ('e0502ed9-8194-54d4-be5d-43176e2a7438', '36ab6720-a24b-578b-8d3f-3d9bb0485851', 118, 'unlisted', 'Roaming Support Plan', '{"incididunt ipsum aliquip eu","non fugiat","aliquip nostrud","ex minim sunt laboris","irure velit","nisi tempor","quis","amet duis consectetur ad laboris","sunt eu eu velit et"}', DEFAULT, DEFAULT), ('cba89714-5b1d-590f-92a2-27cfb555b7e4', 'f3ebe9e0-f337-5a54-9800-1b3119ecb916', 114, 'public', 'Gank Heavy Approach', '{"ex id","irure proident qui","minim ut","ad sunt ipsum"}', DEFAULT, DEFAULT), ('497b8842-fb80-5638-ba6f-3f3e64daa06b', '34a6eefa-de0a-5b54-8950-76863d1d5290', 112, 'public', 'Map Control Blueprint', '{"dolor anim","amet dolor veniam","in dolor commodo","culpa et dolore","commodo velit est","laboris ullamco sit deserunt"}', DEFAULT, DEFAULT), ('75fbf0dd-b3c9-5513-87f0-9d9a9004f64c', '9b74ca3b-f0ed-5aef-82da-739dcf602294', 113, 'private', 'Baron Control Strategy', '{"voluptate cillum non","dolor deserunt","eiusmod officia","aliquip sunt voluptate ea","id consectetur labore","nostrud labore eiusmod ipsum"}', DEFAULT, DEFAULT), ('0352b4c9-6de9-5702-929d-3d622c6456a1', '398ada6e-edca-5873-8a7e-46f58b50e62b', 114, 'public', 'Rotation Strategy Document', '{"reprehenderit incididunt tempor ","cupidatat anim pariatur Lorem","duis aute","eiusmod in","eu","consequat adipisicing pariatur v","laborum laboris ea eu","voluptate velit fugiat fugiat ad","sint laboris aliqua nisi laborum"}', DEFAULT, DEFAULT), ('1e701d2b-566c-5f82-8280-a2a9d02ee590', 'd92658af-bb2e-5f93-9170-bc8d85a6ad50', 114, 'unlisted', 'Early Game Dominance Guide', '{"sunt elit ut"}', DEFAULT, DEFAULT), ('f04c0ed1-b624-5092-8b98-dae6fff857dc', 'c72c7230-479d-51cc-940d-5fec1bea4502', 116, 'private', 'Early Game Dominance Guide', '{"consequat velit","tempor culpa","ipsum non ad","irure commodo","nostrud laboris nulla voluptate","dolore eiusmod eiusmod officia e","qui labore magna","adipisicing sint","cupidatat pariatur esse consecte"}', DEFAULT, DEFAULT), ('7eef79d9-ea6c-5417-b347-09dbcb8b4c78', '6c52c1d9-13a4-51ef-ae51-1dacc4c14be9', 113, 'unlisted', 'Roaming Support Plan', '{"laborum incididunt excepteur mol","esse occaecat mollit irure","eiusmod cillum id incididunt","ea laborum dolore quis","in consequat","nisi aliqua Lorem Lorem","ullamco","tempor esse cillum ipsum"}', DEFAULT, DEFAULT), ('3aff3e37-0331-5c7a-a0f5-1b6595c2ad7b', '47c1a5aa-1c4a-5781-9c8f-968a639137d7', 119, 'public', 'Baron Control Strategy', '{"nulla id sint","laborum irure","ullamco anim consectetur ipsum","consectetur eiusmod amet","duis dolore laborum velit","ipsum elit consequat","est","tempor velit tempor occaecat","duis"}', DEFAULT, DEFAULT), ('7c0cf1d4-d57d-5092-a3f0-ca49e04ace52', 'a88bc9b9-135e-55c7-8c4c-5a072a3c8573', 113, 'public', 'Roaming Support Plan', '{"tempor sint do culpa","adipisicing commodo elit veniam ","sunt ullamco mollit"}', DEFAULT, DEFAULT), ('26c80d6d-0d6f-5fb2-8296-8b5e9e1fdeb7', '6fb8bc22-57b5-5453-b6ee-d5dfa591c360', 120, 'unlisted', 'Early Game Dominance Guide', '{"occaecat dolore velit mollit","magna sunt aliquip","id","tempor reprehenderit labore irur","eiusmod commodo officia anim","laboris ut cupidatat","culpa ullamco sint"}', DEFAULT, DEFAULT), ('310ccf44-859c-5587-8001-5aa84afb3236', '061a9df6-5f3b-55cf-9879-eec1a4061457', 117, 'private', 'Wave Management Plan', '{"elit minim pariatur incididunt","veniam dolore","nisi consequat enim Lorem laboru","cupidatat pariatur excepteur com"}', DEFAULT, DEFAULT), ('c6131a0d-c1ea-5dce-8460-c91026e41f9f', '3c6d504a-3b43-5117-a71b-e844b07b3920', 117, 'public', 'Siege Tactics Handbook', '{"voluptate incididunt Lorem do su","qui sunt"}', DEFAULT, DEFAULT), ('054eb394-a081-59a1-b613-e1c8bbcc6250', 'fa904169-96b2-5473-b48d-c7f225d6dfb3', 113, 'public', 'Counter Pick Blueprint', '{"ut culpa magna eu","nisi"}', DEFAULT, DEFAULT), ('4cb602e9-b66f-5f7e-a7a1-71729454372c', 'b88b1af1-79fe-5af5-9c91-0c77ed20973b', 118, 'unlisted', 'Rotation Strategy Document', '{"laboris"}', DEFAULT, DEFAULT), ('8ed312f8-fa19-5305-a78e-7cdee2dc9e00', '86c76349-2501-5929-8ba9-7c7cbfe50a41', 119, 'private', 'Aggressive Rush Strategy', '{"mollit fugiat mollit nisi","consectetur consectetur"}', DEFAULT, DEFAULT), ('c9bad04c-3d6e-5efe-9540-7763dde57640', '646b32cc-2525-5418-a0f1-5c9ced471b05', 119, 'private', 'Objective Focused Strategy', '{"aliquip incididunt magna exercit","magna occaecat","aliqua elit","consequat culpa","occaecat est eu aliquip","amet nisi sunt amet","qui pariatur in nulla","qui ad","duis dolore","dolore non do"}', DEFAULT, DEFAULT), ('7a350dde-d215-538c-bfd3-d5cdd8b40555', '9e6824f3-dac2-540f-9e3d-8797171dab14', 120, 'public', 'Counter Pick Blueprint', '{"incididunt id","laborum laboris consequat","Lorem fugiat minim est aute","ea consequat aliquip"}', DEFAULT, DEFAULT), ('bd6c4dd0-06e8-56ab-abd6-6e9e777c13a7', '887dee3f-7921-537c-91f1-8b0d43117b12', 114, 'public', 'Counter Pick Blueprint', '{"reprehenderit anim","velit do","non dolore","deserunt","proident dolore non dolor veniam","amet nisi ex","laborum ad quis","et sit non consequat","nostrud","labore mollit"}', DEFAULT, DEFAULT), ('844103e5-8cf8-5795-8a63-ccecfc3e2001', '4ecb4c85-c280-5d1c-af07-13ac77118d4b', 116, 'public', 'Gank Heavy Approach', '{"nostrud aute tempor deserunt","cillum sit","commodo sit","aliquip duis occaecat","esse in enim","qui tempor","aliqua irure tempor","sint est"}', DEFAULT, DEFAULT), ('582d0ca1-76cc-5500-9dd8-190ab817072d', 'c67d2d09-4f9c-55d4-8995-a05fcda1aef5', 119, 'private', 'Vision Control Blueprint', '{"nostrud nulla in tempor","sunt cillum quis Lorem"}', DEFAULT, DEFAULT), ('9012aa86-f8a2-5033-82d5-336bcaa03c26', '36f6f3ba-e867-5008-b6c1-829e989f9d2f', 120, 'public', 'Siege Tactics Handbook', '{"exercitation ad laborum","irure sunt enim","occaecat","elit sit quis commodo ut"}', DEFAULT, DEFAULT), ('746bb5ad-439a-519a-90ef-991641df1623', '2764351d-73bf-5124-a613-660cd57f91dd', 118, 'unlisted', 'Late Game Scaling Strategy', '{"magna sint veniam","commodo do ullamco officia","minim ullamco qui aute","in tempor quis occaecat"}', DEFAULT, DEFAULT), ('b1bab82d-de7c-55e3-8115-1651b8f68765', '6a248992-e0a8-5c27-8d71-fd2cfd3a1fd6', 112, 'private', 'Secure Objective Playbook', '{}', DEFAULT, DEFAULT), ('0145500d-2ab2-5c49-9cea-edd711ce1cc9', 'f46ce5c6-3097-5b5d-8213-37b749a8664f', 114, 'unlisted', 'Aggressive Rush Strategy', '{"commodo","veniam Lorem"}', DEFAULT, DEFAULT), ('703c3370-90fb-5d22-8365-f34357b3ffb8', '88501f36-608d-5074-ab3f-752cd478292f', 117, 'private', 'Rotation Strategy Document', '{"voluptate irure voluptate nulla","occaecat non sint nisi","ex deserunt et","exercitation nostrud"}', DEFAULT, DEFAULT), ('fd862b26-fe8c-52d0-b06e-3c9f938bd3ab', '8c5ef042-1b14-56ed-adba-e25d3960a3cf', 117, 'public', 'Jungle Control Playbook', '{"aliquip irure exercitation labor","deserunt ut est","elit est aute","eiusmod occaecat consequat commo","ullamco consequat culpa quis exc","occaecat dolor ipsum","do in","commodo reprehenderit commodo ni"}', DEFAULT, DEFAULT), ('70415515-b81b-59ef-a1ed-18578b73b7ae', '763ebb5f-add9-59ff-9a26-6b4030dae259', 118, 'private', 'Baron Control Strategy', '{"duis","laboris officia","cupidatat nisi anim","est ex dolore magna","elit aute","deserunt","ipsum laboris cillum quis","dolore ex"}', DEFAULT, DEFAULT), ('c5558815-aa72-5938-a7c8-62ae2c1a039c', '5ce056de-a21e-5eba-9d47-e09232047aae', 118, 'public', 'Secure Objective Playbook', '{"do labore sint ad","officia","nisi sit eiusmod","fugiat aute","labore anim reprehenderit proide"}', DEFAULT, DEFAULT), ('703bbd20-9625-5bd7-8aa3-5ead0245fe50', '94a106f5-e21c-5e45-83f2-58d10f738b53', 111, 'unlisted', 'Objective Focused Strategy', '{"ea enim adipisicing sit","amet consectetur non enim","laborum proident mollit incididu","non","laborum tempor officia","aute quis nulla enim","dolore irure elit excepteur","excepteur est","excepteur"}', DEFAULT, DEFAULT), ('68ff3d82-b6b6-5053-9e74-aa9b346dd8d1', 'e2b744a0-a170-5a87-828d-34cc6f64ca05', 120, 'private', 'Wave Management Plan', '{"adipisicing veniam ad cillum","exercitation Lorem velit volupta","excepteur","incididunt ad","in magna ipsum","aute duis dolore esse occaecat","elit pariatur reprehenderit"}', DEFAULT, DEFAULT), ('522e120d-7e21-504a-9c96-99e429197e5a', '756cbb59-27d6-58f3-b4b9-8b56121e683f', 117, 'unlisted', 'Counter Pick Blueprint', '{"excepteur laborum officia deseru","culpa ipsum","ut eiusmod","magna in cupidatat officia excep","aute mollit","tempor aliqua","occaecat proident anim sunt"}', DEFAULT, DEFAULT), ('54b879fc-04e4-53b3-8cec-0174fc0ccd34', 'b88b1af1-79fe-5af5-9c91-0c77ed20973b', 115, 'private', 'Counter Pick Blueprint', '{"incididunt","et adipisicing enim labore","deserunt magna","pariatur enim nisi","tempor"}', DEFAULT, DEFAULT), ('fb90b354-0ae1-59da-9637-61f6c5ed3fb9', '7d0c4d54-58ae-5ddf-b108-590171e8655a', 114, 'public', 'Secure Objective Playbook', '{"nostrud labore","fugiat proident","magna ipsum","in officia ad velit"}', DEFAULT, DEFAULT), ('95b3988b-e14b-57a7-900d-4985cb116f17', '6a248992-e0a8-5c27-8d71-fd2cfd3a1fd6', 116, 'private', 'Gank Heavy Approach', '{"consectetur","est cupidatat nostrud","sunt et amet id"}', DEFAULT, DEFAULT), ('7d1face3-2e87-52f5-9623-fff9de0a6539', 'c749b9a1-8131-5461-9b9f-368e4a129402', 119, 'public', 'Map Control Blueprint', '{"laboris culpa"}', DEFAULT, DEFAULT), ('e8bf9a25-132d-5d46-b40a-d08534be6c9f', 'a4b32498-f3a6-5110-a5b6-de20f0314c35', 111, 'unlisted', 'Counter Pick Blueprint', '{"nostrud occaecat minim ex veniam","ea nostrud irure","occaecat anim","exercitation ea ipsum","sunt aute proident aute","culpa Lorem"}', DEFAULT, DEFAULT), ('29a560e9-84d9-5f41-9b09-76969cbfb144', '98eaafd3-adbf-5a3e-adb9-b3fb6971b6f1', 112, 'public', 'Counter Pick Blueprint', '{"qui aliquip","labore mollit pariatur qui id","pariatur proident anim sunt"}', DEFAULT, DEFAULT), ('d9c4b302-5ab0-5114-8120-41d1876c7eb9', '9d87fe57-7f5a-555d-8ceb-54297334ec14', 117, 'public', 'Objective Focused Strategy', '{"aliquip","non occaecat labore irure sunt","velit","pariatur ut","elit elit","sunt aliqua quis","ullamco non duis pariatur","occaecat laboris ullamco non"}', DEFAULT, DEFAULT), ('ca1b9e1e-f7c0-5c4a-a566-aabf3f7ebb80', '92ce3cad-bd68-55a2-9017-d27d51e2e007', 113, 'unlisted', 'Vision Denial Blueprint', '{"laborum aliqua","commodo commodo officia in","ex nostrud est","culpa est irure mollit"}', DEFAULT, DEFAULT), ('cde91e33-9c71-56e0-b19e-f2372fa577cf', '2386fe50-4da3-5ca3-b993-046dc48afb23', 120, 'private', 'Secure Objective Playbook', '{"quis dolore","anim ad ut","reprehenderit anim magna adipisi","id aute deserunt"}', DEFAULT, DEFAULT), ('013547e4-326e-5221-8377-310093ccf53a', '02fbc2e3-109a-5330-96d4-81e4548f5f4f', 120, 'private', 'Rotation Strategy Document', '{"cillum ex anim","cillum","in deserunt","amet in do mollit","non laborum excepteur","duis fugiat","excepteur ipsum sint amet","dolor voluptate nostrud proident"}', DEFAULT, DEFAULT), ('50cffa66-dd91-5aed-8c46-1b76e488de31', '9bf2ad50-cccb-50eb-8269-3a7e78bd21f5', 116, 'unlisted', 'Rotation Strategy Document', '{"anim elit nisi officia","eiusmod esse","id","dolore et cillum","labore excepteur laborum id","sit pariatur eu est veniam","occaecat reprehenderit anim","eu ad reprehenderit do aliquip","laborum esse nisi dolore"}', DEFAULT, DEFAULT), ('f550c2bf-a147-5e29-8a01-470336f387eb', 'd1b6355b-0594-5d07-b55b-72d2c66a1391', 116, 'unlisted', 'Map Control Blueprint', '{"cillum voluptate excepteur adipi","adipisicing"}', DEFAULT, DEFAULT), ('a30e3d57-ad0a-594d-9622-8a2514b8110c', '6a248992-e0a8-5c27-8d71-fd2cfd3a1fd6', 118, 'private', 'Roaming Support Plan', '{"do velit","ipsum fugiat voluptate","labore ut","esse dolor consequat nisi","do","in tempor excepteur Lorem","qui et consequat","et eu ipsum labore"}', DEFAULT, DEFAULT), ('cb76f565-509b-50d9-bbe4-5c6e7c9b0eb4', 'c801d235-e02a-5267-8201-eecb86948b65', 120, 'unlisted', 'Secure Objective Playbook', '{"quis quis","nulla aute sunt","commodo id"}', DEFAULT, DEFAULT), ('a344c7b4-07e6-54df-b4ed-f27c7916e147', '7bf99080-cdc6-5456-b6d5-417e28b4eba5', 112, 'public', 'Split Push Blueprint', '{"incididunt consequat","labore nostrud eu tempor adipisi","cupidatat minim","et aliqua laboris cupidatat","irure","ipsum voluptate","eiusmod elit laboris qui"}', DEFAULT, DEFAULT), ('6c40d2d3-07ad-5aa1-a5fa-cf5861475e5d', '5783cab4-e010-523b-b893-81b388f43d06', 115, 'unlisted', 'Team Fight Execution Plan', '{"mollit ex tempor voluptate"}', DEFAULT, DEFAULT), ('ba7460a4-9316-52e4-9e3a-05ee82b85e66', 'e20720a7-b660-50e0-8da5-8784fa26a31d', 115, 'unlisted', 'Split Push Blueprint', '{"exercitation laborum irure","quis nostrud qui Lorem","Lorem veniam","nisi ad id","enim excepteur","proident qui","nulla excepteur laborum commodo"}', DEFAULT, DEFAULT), ('fb3595df-62ad-5f54-ac34-3a578952555c', '6f47176d-afa5-5e10-b67a-c597508731b9', 119, 'public', 'Map Control Blueprint', '{"nisi proident excepteur adipisic","ipsum quis ut","ex aute dolor","proident eu ipsum proident sunt","quis excepteur amet","nulla cupidatat"}', DEFAULT, DEFAULT), ('90edde40-1b87-5f75-90b9-68639fbcb2b8', 'ddb44318-7e83-5b4d-8ba4-3bbd19edd327', 118, 'unlisted', 'Map Control Blueprint', '{"ullamco consectetur veniam molli","eiusmod duis do","eiusmod adipisicing est ullamco","amet commodo magna","pariatur enim reprehenderit","pariatur Lorem dolore","mollit occaecat adipisicing"}', DEFAULT, DEFAULT), ('ea26a496-35d8-5f3f-a769-a80898ec7b17', '203ac13e-e5b1-548e-a7da-5d8cff932053', 112, 'unlisted', 'Aggressive Rush Strategy', '{"pariatur laborum id exercitation","dolor consequat sunt culpa","Lorem duis deserunt","pariatur quis in qui ad","deserunt quis proident","reprehenderit sunt"}', DEFAULT, DEFAULT), ('035a0a25-d588-551c-9f76-4e9f593ffaf4', '6fb8bc22-57b5-5453-b6ee-d5dfa591c360', 119, 'public', 'Aggressive Rush Strategy', '{"irure duis excepteur velit","reprehenderit quis cillum","pariatur"}', DEFAULT, DEFAULT), ('e7f55997-6008-5d29-9f7f-564ab748cc59', '9a2c5b91-3c65-50ae-8188-68db1f1edfc4', 118, 'private', 'Siege Tactics Handbook', '{}', DEFAULT, DEFAULT), ('396ce0bd-b3e1-5b3c-94ea-bb5357e1c76a', 'f46ce5c6-3097-5b5d-8213-37b749a8664f', 119, 'unlisted', 'Roaming Support Plan', '{"anim ea culpa","labore dolore laboris occaecat e","cupidatat consequat elit sint","non officia aute","ea","ullamco occaecat ipsum","ea et enim","fugiat excepteur in"}', DEFAULT, DEFAULT), ('4cb2c65b-80df-57cc-9c0d-6c346029b88f', '92ce3cad-bd68-55a2-9017-d27d51e2e007', 115, 'public', 'Objective Focused Strategy', '{"mollit amet proident dolor","ullamco exercitation","sunt aute sint","veniam laborum magna in nostrud","et sunt minim aliqua","qui in"}', DEFAULT, DEFAULT), ('8172dfee-2cce-5dee-9293-b6bd5f74d656', 'd2f08d89-447f-5d3d-96e5-385ed888c091', 119, 'public', 'Team Fight Execution Plan', '{"adipisicing nulla tempor","enim nostrud","esse culpa","proident excepteur reprehenderit"}', DEFAULT, DEFAULT), ('910e8e4b-af24-5f28-a2eb-631066a490eb', '2dbccffd-e7a5-5653-9dc6-18e988716abe', 118, 'public', 'Vision Denial Blueprint', '{"veniam ad sint qui","minim reprehenderit","in eiusmod dolore","et velit sunt eu veniam","ullamco labore sunt ut excepteur","officia qui laborum aliqua eiusm","cillum est nostrud qui voluptate"}', DEFAULT, DEFAULT), ('150381a3-e791-54de-9419-0edac12fb9eb', '262a78c7-eb9d-5e1a-8e58-41ecb0c31fbd', 112, 'public', 'Counter Pick Blueprint', '{"commodo elit","Lorem culpa","eiusmod commodo"}', DEFAULT, DEFAULT), ('ddb37574-0dbe-5aa4-a5e8-b15242cefaff', 'd35ecca3-ac35-5e28-8e7e-6a25de908d18', 117, 'private', 'Counter Pick Blueprint', '{"tempor duis","id excepteur amet","aliqua fugiat fugiat","ad laboris","sunt nostrud labore aliqua","eu nulla in esse","sunt commodo","exercitation et"}', DEFAULT, DEFAULT), ('77fbdaed-4103-591b-82ee-3e3fa4b78a9b', 'd1b8f3f8-af26-5088-8712-273c28ba98f7', 120, 'public', 'Late Game Scaling Strategy', '{"voluptate occaecat laboris cupid","minim cupidatat","minim esse"}', DEFAULT, DEFAULT), ('0f1e8b42-396d-5765-be37-bce2ee646e04', 'c72c7230-479d-51cc-940d-5fec1bea4502', 114, 'public', 'Defensive Turtle Tactics', '{"velit consequat dolor","nulla eu ex esse","consectetur dolore sit","irure duis","tempor laborum officia"}', DEFAULT, DEFAULT), ('5308f8b3-4d4d-529a-bd7c-3a77ac4fe6ae', '59558fa1-9cc0-5e85-a331-879d76e07f05', 117, 'public', 'Jungle Control Playbook', '{"sint officia nostrud officia","est incididunt pariatur id enim","exercitation aute id culpa","magna nisi occaecat"}', DEFAULT, DEFAULT), ('851e9ece-db38-530e-b3f9-f5e1d49a3b34', 'eb3e804d-5ed0-59a1-900b-3b0f9b2cb577', 117, 'private', 'Gank Heavy Approach', '{"elit culpa","anim enim deserunt reprehenderit","eiusmod amet elit est"}', DEFAULT, DEFAULT), ('2189cd55-c657-5ce9-999a-da1a2dbf7ea0', '2daf5548-f681-577a-9912-670e1304b2ad', 111, 'private', 'Late Game Scaling Strategy', '{"laborum in culpa ex","anim magna tempor","consequat officia exercitation e","est incididunt dolore incididunt","ea commodo labore magna laboris","in nisi dolore dolore consequat"}', DEFAULT, DEFAULT), ('902d4a21-0657-5095-b741-ac0d408bb89e', 'ddb44318-7e83-5b4d-8ba4-3bbd19edd327', 117, 'private', 'Early Game Dominance Guide', '{"aute et","adipisicing veniam","veniam eiusmod minim exercitatio","nulla id commodo non"}', DEFAULT, DEFAULT), ('0d40f7c0-72b0-55c2-8e48-c6c65bd9815f', 'a8766652-5cf4-5e66-ba6d-9eb457dff942', 112, 'public', 'Map Control Blueprint', '{"non aliquip anim","anim laborum minim aliqua","non officia","enim exercitation adipisicing vo","pariatur reprehenderit","esse","cupidatat sunt labore est"}', DEFAULT, DEFAULT), ('f09f5f0c-d6f4-5089-a919-82fdea15dad9', '91434b27-2651-5429-8f42-45c3f8e334a0', 111, 'private', 'Vision Denial Blueprint', '{"incididunt ad velit consequat co","sit eiusmod cupidatat"}', DEFAULT, DEFAULT), ('9bfcf305-f3a4-5bed-9ee4-3f5ccf9e59af', 'd2f08d89-447f-5d3d-96e5-385ed888c091', 115, 'private', 'Early Game Dominance Guide', '{"aliquip ad nostrud aliquip fugia"}', DEFAULT, DEFAULT), ('2ff309f0-6726-5920-ad23-47ba58fd2525', 'b737f334-53a3-585e-98d7-69fce744e35e', 118, 'unlisted', 'Counter Pick Blueprint', '{"ut dolor aliqua incididunt","ipsum eu","eiusmod esse incididunt","amet tempor ullamco proident con"}', DEFAULT, DEFAULT), ('bac302d7-9e20-52d1-89cc-b0e99ef3b896', '203ac13e-e5b1-548e-a7da-5d8cff932053', 112, 'public', 'Defensive Turtle Tactics', '{"est culpa consectetur","eu consectetur laboris","duis ad ad","do ullamco est","incididunt esse amet","ex esse consequat","commodo nulla","adipisicing dolore sit"}', DEFAULT, DEFAULT), ('ef31ceeb-0f8d-5da0-ab9c-18045c420f99', '1bdf6d4a-906f-5da5-b91f-35917468bf74', 115, 'private', 'Defensive Turtle Tactics', '{"commodo ipsum aliquip dolore","ipsum","aute ut non sunt"}', DEFAULT, DEFAULT), ('2be70e34-56ed-5cb2-9758-b8f796ec32ec', 'e334db45-3389-5a47-b7c9-4ff8121637b5', 120, 'public', 'Wave Management Plan', '{"laborum ipsum esse","id ullamco consequat","nostrud eu ut","laborum pariatur","pariatur consequat sint laborum","labore","laboris","laboris","pariatur irure minim irure"}', DEFAULT, DEFAULT), ('49e5f9f5-6a8f-5423-81e9-9e8e2c467770', '8babc841-00b0-585f-9ca3-85ef68fec1f7', 119, 'unlisted', 'Siege Tactics Handbook', '{"labore occaecat Lorem proident"}', DEFAULT, DEFAULT), ('421a5d89-58fa-56e2-87c9-a4c6fd3159db', 'fb634118-b8a6-50b7-9010-0317dd27fba6', 119, 'public', 'Defensive Turtle Tactics', '{"reprehenderit","veniam consequat tempor sit veli","occaecat aliqua proident","id tempor adipisicing enim","occaecat labore","reprehenderit nisi","aliquip eu cillum ad laboris","proident proident","consequat duis ea occaecat"}', DEFAULT, DEFAULT), ('c2ab0ed6-ea98-544f-a35e-cfff5a185dc8', 'd2268e40-fa6d-5300-9f01-b7cc8f9018e3', 112, 'unlisted', 'Roaming Support Plan', '{"et aliquip","tempor in adipisicing excepteur"}', DEFAULT, DEFAULT), ('6c6d219e-3884-5c60-8485-0fb500d0b675', 'ea56a5ec-2249-5fba-8891-278bcdbbb33d', 118, 'unlisted', 'Roaming Support Plan', '{"nulla aute nisi voluptate","adipisicing fugiat ad nostrud","exercitation aliqua velit id","veniam deserunt","nostrud ea id","cillum exercitation","irure eiusmod aliquip","officia magna","esse do ex adipisicing"}', DEFAULT, DEFAULT), ('d5fd2418-0c52-558a-8369-707f9186db0b', 'ac9f0e3e-b030-584f-a8dd-87355fe22537', 116, 'unlisted', 'Early Game Dominance Guide', '{"proident mollit","aliqua officia minim proident en","consequat duis","duis fugiat"}', DEFAULT, DEFAULT), ('0f22fcab-183d-5e80-9a98-c495a215f5f8', '844afdcc-93cf-55c8-b0f1-1cc22329a30b', 111, 'unlisted', 'Defensive Turtle Tactics', '{"id","quis ea cupidatat id","velit incididunt labore ullamco","ad ex cillum"}', DEFAULT, DEFAULT), ('f92c2ba5-8b0e-58ef-9364-e364e4c41522', '79efb743-bb54-546e-8bdf-089509399715', 118, 'unlisted', 'Counter Pick Blueprint', '{"duis nulla","elit nulla sint","mollit quis exercitation cupidat","mollit occaecat","consectetur enim","eiusmod nulla","consectetur elit amet","anim nulla fugiat et","occaecat non adipisicing","sit"}', DEFAULT, DEFAULT), ('e2ec2872-d983-5938-8f1c-38a9a14124dd', '8bfeb6d5-d92f-5041-aa1b-39b8365c0a59', 118, 'public', 'Counter Pick Blueprint', '{"non voluptate minim deserunt"}', DEFAULT, DEFAULT), ('4d4230bc-d1b6-532c-9bbf-8c67caf4f9ed', '28e4b717-ba20-5ce6-96db-f08421aa2fc7', 113, 'private', 'Early Game Dominance Guide', '{"veniam","pariatur occaecat ut ipsum enim","mollit excepteur"}', DEFAULT, DEFAULT), ('8be9ffc5-25d1-5c32-be1f-9a9ec00544f6', '6c1a8703-574c-5f71-a1b1-63956f35fc49', 116, 'unlisted', 'Early Game Dominance Guide', '{"elit quis","ad aute sunt minim Lorem","nostrud officia tempor cupidatat","duis in proident laborum","eu nulla"}', DEFAULT, DEFAULT), ('a3241e44-bd93-5a11-a730-863e8eb75275', 'f3ebe9e0-f337-5a54-9800-1b3119ecb916', 117, 'private', 'Gank Heavy Approach', '{"irure do","ad nostrud","sunt labore dolor ut irure","irure non laborum consequat","elit ut consequat ea","commodo et proident cupidatat"}', DEFAULT, DEFAULT), ('a1c32f18-989f-5961-80f5-4a21a838bc95', 'cca70ca2-d109-5c60-965d-ab86b151a58f', 120, 'private', 'Baron Control Strategy', '{"cillum sunt Lorem cillum"}', DEFAULT, DEFAULT), ('8fde1282-59d1-5f9b-bc10-4130ce793fa9', 'ad276812-3b86-5425-b36a-d822f2860912', 119, 'public', 'Late Game Scaling Strategy', '{"eu elit ullamco veniam","duis nostrud pariatur culpa"}', DEFAULT, DEFAULT), ('f85f8e1b-b8a0-528e-bc81-49b3e6a34ee5', 'e334db45-3389-5a47-b7c9-4ff8121637b5', 112, 'unlisted', 'Wave Management Plan', '{"proident","in ad id commodo mollit"}', DEFAULT, DEFAULT), ('e16cfe57-140d-5b3e-90f8-910575ffdd47', '3c19e2d6-1e17-5580-adbc-319ee6c74e3c', 114, 'unlisted', 'Early Game Dominance Guide', '{"nostrud","voluptate"}', DEFAULT, DEFAULT), ('06866e23-2aeb-59f2-9d3c-156507eb23db', '3ff60d7a-a4ad-54c5-a422-53b52cd53093', 119, 'private', 'Gank Heavy Approach', '{"ea elit anim","cillum nostrud aute laboris","ut mollit nostrud qui","eu nisi excepteur tempor","Lorem dolor esse enim","exercitation aliquip labore adip","deserunt anim occaecat proident ","irure","non"}', DEFAULT, DEFAULT), ('e5c44c16-4905-59d0-8c2a-f48ebfc3fdcc', 'cb82a658-7a6b-5f53-8103-de934a9d041a', 113, 'unlisted', 'Split Push Blueprint', '{"commodo excepteur do enim"}', DEFAULT, DEFAULT), ('0298782b-da7d-55b4-a736-8126dd2f9d32', 'a88bc9b9-135e-55c7-8c4c-5a072a3c8573', 115, 'private', 'Early Game Dominance Guide', '{"et","consectetur non sit","officia aliquip ad","veniam","quis ut et ullamco","aliquip consequat quis","sit sit dolor","amet eiusmod commodo","aliquip tempor dolore sunt"}', DEFAULT, DEFAULT), ('8f534833-d8c3-5d0a-b63c-bd2740be0330', '3a804324-748d-571a-afad-6b9c20a35337', 120, 'private', 'Objective Focused Strategy', '{"irure adipisicing minim consequa","qui duis","consectetur","consequat nisi","exercitation reprehenderit eu","laboris laboris aliquip laborum"}', DEFAULT, DEFAULT), ('1caeec83-1956-53fb-9c1a-7f585775c524', 'a4b32498-f3a6-5110-a5b6-de20f0314c35', 116, 'public', 'Defensive Turtle Tactics', '{"ullamco enim","sit enim aute ipsum elit","laboris","laborum laboris","laborum cillum ullamco labore","sit ut"}', DEFAULT, DEFAULT), ('28f2bbc2-0260-5d64-a9bf-64e9bc163c30', '262a78c7-eb9d-5e1a-8e58-41ecb0c31fbd', 117, 'unlisted', 'Jungle Control Playbook', '{"qui velit dolore","sit ex","pariatur dolor aliquip incididun"}', DEFAULT, DEFAULT), ('8590b74a-b67e-5525-9786-4e0fc4c65d06', '9af6e0ef-7015-5390-856a-705032c2e40e', 114, 'private', 'Wave Management Plan', '{"adipisicing qui","mollit est consequat consectetur","voluptate non","aute veniam adipisicing labore","ex officia ullamco enim","anim non ut excepteur","duis exercitation","eu esse","incididunt ullamco fugiat","ut cupidatat"}', DEFAULT, DEFAULT), ('fa5e4221-0eae-5da7-9a16-5b8399b9ef50', '88514f78-7770-5bc2-96a4-f0f4ebcab4a4', 120, 'unlisted', 'Baron Control Strategy', '{"culpa quis exercitation","sunt labore veniam dolore","irure dolor in do","ut occaecat Lorem deserunt","esse fugiat officia incididunt"}', DEFAULT, DEFAULT), ('fedb01d5-16e2-59fd-8845-ff6a92bd83f7', '5cdb9712-16b6-532e-9cc7-8cf7dfbe9b6b', 120, 'unlisted', 'Counter Pick Blueprint', '{"ut id","deserunt Lorem","et incididunt aute","laboris ad ea","et elit reprehenderit nisi paria"}', DEFAULT, DEFAULT), ('d6d0cf2a-b6d2-5f41-bc05-2fe5bf5ca317', '5dd9c208-a224-5712-b987-eab6b9a89e23', 116, 'public', 'Vision Control Blueprint', '{"culpa magna","fugiat quis in","sit duis excepteur","sint laborum laboris","tempor consequat qui","ullamco tempor minim laboris","fugiat eiusmod"}', DEFAULT, DEFAULT), ('a18cadaa-4531-5180-a607-ad2a5bc25f0c', '97c3fd61-b55d-5134-8f04-cf53a8a45634', 119, 'public', 'Map Control Blueprint', '{"exercitation excepteur proident","dolor aute","consequat aute culpa","nisi ex","non irure esse et","consectetur consectetur voluptat","consequat magna","exercitation velit","qui pariatur exercitation"}', DEFAULT, DEFAULT), ('7858de1c-870d-5289-9bbf-085e4de69d79', 'd1b8f3f8-af26-5088-8712-273c28ba98f7', 114, 'unlisted', 'Team Fight Execution Plan', '{"elit laborum","velit fugiat","aliquip non dolor minim fugiat","sit adipisicing adipisicing","anim id irure nostrud ex"}', DEFAULT, DEFAULT), ('c5510993-cf82-5729-a476-bbba91fd2ee1', '5f651c76-ceba-56db-bd60-512d4079ec53', 118, 'public', 'Siege Tactics Handbook', '{"labore occaecat mollit id"}', DEFAULT, DEFAULT), ('65495df9-49dc-5680-b4b7-97fe7364e837', '02fbc2e3-109a-5330-96d4-81e4548f5f4f', 120, 'unlisted', 'Aggressive Rush Strategy', '{"eiusmod excepteur","ad veniam","in magna"}', DEFAULT, DEFAULT), ('6a08951b-2f4b-5069-a734-056efe107e30', 'eb3e804d-5ed0-59a1-900b-3b0f9b2cb577', 120, 'unlisted', 'Aggressive Rush Strategy', '{"irure commodo veniam","qui commodo","proident esse id reprehenderit d","aliquip excepteur nulla","aliquip nostrud nisi elit","laborum incididunt ex"}', DEFAULT, DEFAULT), ('d96e9820-0562-5ef0-a957-fb16e8a3cda6', '6be2b5fd-c70d-5fcd-9e56-f561a4756a4c', 116, 'unlisted', 'Team Fight Execution Plan', '{"officia ex","consequat","tempor labore velit","aliqua ex ullamco laboris exerci","qui consectetur sit sint","pariatur tempor","mollit et anim","enim enim dolor duis","id"}', DEFAULT, DEFAULT), ('44d39286-2c39-52c0-9fdf-811ac2ac0b4f', '5f651c76-ceba-56db-bd60-512d4079ec53', 114, 'unlisted', 'Objective Focused Strategy', '{"anim"}', DEFAULT, DEFAULT), ('f5284b1c-c867-5bcb-ae27-b4a46054354e', 'c801d235-e02a-5267-8201-eecb86948b65', 112, 'unlisted', 'Jungle Control Playbook', '{"ipsum cillum officia amet","qui consectetur","commodo Lorem sunt ad ea"}', DEFAULT, DEFAULT), ('748b6b6e-790a-524c-8953-9f99ff6241ea', 'df90352f-468b-5345-9b3e-522b747ccf55', 116, 'private', 'Early Game Dominance Guide', '{"qui velit","consequat consequat nulla ipsum","officia occaecat","minim proident in sint","laborum Lorem exercitation minim","ex eiusmod culpa","sit dolore labore","elit magna labore et","anim quis velit anim ea"}', DEFAULT, DEFAULT), ('94e59d3e-1e10-58ee-b57b-120d24970da8', 'a8212e1b-5577-5c28-9c38-2d4fbd753550', 111, 'private', 'Early Game Dominance Guide', '{"ut commodo","laboris Lorem irure commodo","sunt sit","dolore nostrud minim","do duis magna","sunt incididunt magna","quis"}', DEFAULT, DEFAULT), ('a501e3c2-1df6-5f20-9532-89c5471331c6', '5f3671df-cc06-5a3d-87a6-e1e42e095fa3', 115, 'private', 'Aggressive Rush Strategy', '{"voluptate eiusmod","aute eu id","consectetur quis excepteur non","duis minim Lorem velit","duis ex","esse adipisicing","est sint nostrud","commodo quis"}', DEFAULT, DEFAULT), ('eba1549a-b3ad-5f1e-ad56-15be0771d0f9', '3d58489a-e732-5fe3-9fa1-7d8615a17b59', 114, 'private', 'Roaming Support Plan', '{"consequat voluptate","cillum laboris duis aliqua sunt","Lorem ex laborum","proident labore","commodo officia tempor","exercitation aliquip esse qui te","duis incididunt aute id","tempor magna","pariatur velit quis consectetur"}', DEFAULT, DEFAULT), ('02d6bfb1-b7f1-5129-9d1b-729fd2d36ca6', 'e06c10f9-a674-5092-b6f9-89c60162f0bb', 113, 'public', 'Objective Focused Strategy', '{"cillum culpa voluptate esse","sit duis","id voluptate","officia cupidatat proident","qui Lorem in sint","excepteur consectetur incididunt","incididunt ea","do laborum pariatur","est ex pariatur","exercitation pariatur Lorem comm"}', DEFAULT, DEFAULT), ('feadd401-b272-53d1-bc20-6dad4e3ffc29', '8d3f145b-67b0-504d-b49a-d59ecea5d2d8', 116, 'private', 'Objective Focused Strategy', '{"in proident id officia","sunt culpa quis voluptate","sit labore elit laborum nostrud","culpa culpa","cupidatat commodo","irure fugiat qui labore","culpa velit","ea"}', DEFAULT, DEFAULT), ('f4023970-bb8c-5175-9f3e-42520be2a6af', '2589cf16-4103-5a4f-b544-b30078083eaa', 115, 'unlisted', 'Baron Control Strategy', '{"quis","minim laboris cupidatat","exercitation ex officia","irure veniam","do ullamco pariatur eu","adipisicing dolore dolore nostru","aute proident excepteur","sit nostrud"}', DEFAULT, DEFAULT), ('ab471cfa-3489-5a6c-bf5c-82aeac3819f5', 'd6d652bf-48a5-5a85-a95d-16c25edc5397', 113, 'private', 'Wave Management Plan', '{"veniam incididunt","irure","duis id"}', DEFAULT, DEFAULT), ('782d8b69-ae89-5508-b431-d9e3d4f25423', 'e6e5bdc8-dbe5-545a-b616-a55a5f857d1f', 119, 'unlisted', 'Secure Objective Playbook', '{"ullamco sint fugiat Lorem","sit excepteur","nulla commodo reprehenderit"}', DEFAULT, DEFAULT), ('bfbbf302-05a7-5b0c-991e-f7c79f52034e', '9b74ca3b-f0ed-5aef-82da-739dcf602294', 117, 'unlisted', 'Objective Focused Strategy', '{"officia occaecat","cillum fugiat aliquip ullamco","tempor dolore excepteur duis","nostrud commodo","amet Lorem exercitation","esse non exercitation","do do enim anim"}', DEFAULT, DEFAULT), ('86a9949d-fbe2-5edf-bf64-6b822a75bdc8', 'b4725825-2a5a-5e18-a190-e59f4cb9f1b5', 113, 'private', 'Vision Control Blueprint', '{}', DEFAULT, DEFAULT), ('3d78c871-f9be-5ceb-b04c-13f9eb63efa0', '9f26eece-7e59-5b46-a98b-848dc55a0cda', 117, 'unlisted', 'Vision Control Blueprint', '{"anim amet","labore aliqua culpa duis","consequat veniam","enim anim","fugiat excepteur Lorem"}', DEFAULT, DEFAULT), ('e5e7301c-ed7e-5267-a91e-331eeecbad04', '5777772e-8d66-5c0f-ab03-fb0419760db6', 111, 'unlisted', 'Map Control Blueprint', '{"ea reprehenderit pariatur quis d","Lorem cillum eu","ut veniam dolor duis"}', DEFAULT, DEFAULT), ('e06f1954-eb7e-5811-8e85-0b7239ac60d6', '583774ae-7432-5503-850f-867e82c0838b', 119, 'unlisted', 'Defensive Turtle Tactics', '{}', DEFAULT, DEFAULT), ('cbe8ef05-c651-5778-b8a6-717eee524007', 'fd2a8113-662a-5782-9e12-f7b49eee56e0', 114, 'public', 'Gank Heavy Approach', '{"ex cillum","et fugiat labore est aliquip","reprehenderit ea ea adipisicing"}', DEFAULT, DEFAULT), ('479e5b51-1e2b-5ac2-b0c4-d0fc97906c11', '36ab6720-a24b-578b-8d3f-3d9bb0485851', 119, 'unlisted', 'Late Game Scaling Strategy', '{"dolore et","labore dolor","tempor ea","non deserunt cupidatat anim ea","laboris quis reprehenderit","exercitation sunt nisi ipsum","amet irure do","magna cillum","aliquip consectetur cupidatat la","occaecat aliquip minim"}', DEFAULT, DEFAULT), ('bcb7ae75-c1e7-50cd-ba0b-a339091eb350', '1497705a-df0e-5f8d-988d-61adba7199e0', 113, 'private', 'Late Game Scaling Strategy', '{"sunt excepteur ut magna","in veniam eu occaecat laboris"}', DEFAULT, DEFAULT), ('22dccad0-36ca-5845-a1bd-b6027b406b8d', 'de459427-bb2c-5381-bdbf-7126efbb65c9', 114, 'unlisted', 'Siege Tactics Handbook', '{"ipsum cillum excepteur minim","voluptate enim ullamco proident","deserunt proident aliquip except","elit enim est","aute elit ullamco","labore magna exercitation Lorem ","deserunt nisi tempor magna"}', DEFAULT, DEFAULT), ('d3293b00-a774-5f1e-99fc-e8f05eabde14', '3204ce32-7c5b-5953-969e-fe1d17de6e76', 117, 'unlisted', 'Team Fight Execution Plan', '{"do adipisicing veniam pariatur","est sint duis"}', DEFAULT, DEFAULT), ('6822c6f8-ae35-5c57-9558-9cc55665f5cb', '5cdb9712-16b6-532e-9cc7-8cf7dfbe9b6b', 118, 'private', 'Siege Tactics Handbook', '{"dolor aliquip sint","ex dolore quis ipsum","deserunt pariatur Lorem"}', DEFAULT, DEFAULT), ('8ac966bd-de46-5e4a-8401-5328d63ae1b4', 'deab978c-4953-507c-b4fb-f509dd35f454', 118, 'unlisted', 'Early Game Dominance Guide', '{"amet anim"}', DEFAULT, DEFAULT), ('36f6354b-1927-5b66-8fab-ef32da0e1694', '8c5ef042-1b14-56ed-adba-e25d3960a3cf', 120, 'public', 'Split Push Blueprint', '{"irure ad","ad eu sunt","minim ad","laborum occaecat cupidatat labor","irure irure","consectetur minim sint","aliqua","commodo aute","ex"}', DEFAULT, DEFAULT), ('a3befd2b-2867-5547-af7d-2fe7d53b98ef', '77085b75-b014-57d0-8618-9cc95436a25e', 114, 'unlisted', 'Vision Denial Blueprint', '{"ex incididunt et consectetur ips","cillum","adipisicing est","aliqua nostrud","ad ut","sit ullamco laborum cupidatat","elit velit"}', DEFAULT, DEFAULT), ('4d502d01-8a3a-58bc-acb8-f61c47f35e10', '5c279176-af23-560b-90c9-533a7e485b05', 119, 'unlisted', 'Siege Tactics Handbook', '{"commodo voluptate","sint tempor aliquip irure"}', DEFAULT, DEFAULT), ('ebdf08a4-39c5-5347-ab53-e4ef0e2d1add', 'f3ebe9e0-f337-5a54-9800-1b3119ecb916', 114, 'public', 'Roaming Support Plan', '{"eiusmod","veniam ipsum","proident consectetur reprehender","proident voluptate amet","tempor","officia in","adipisicing ad proident adipisic","commodo voluptate sint"}', DEFAULT, DEFAULT), ('4cfaa7bd-7f8e-52b6-a079-b1fc1773dccb', 'b88b1af1-79fe-5af5-9c91-0c77ed20973b', 115, 'private', 'Map Control Blueprint', '{"elit nulla excepteur"}', DEFAULT, DEFAULT), ('379aa38a-0dab-5c06-8cdb-45bf5d7e2d27', 'b5605791-3389-56c2-9ec6-17d538b9bb85', 113, 'unlisted', 'Split Push Blueprint', '{"qui non non laborum labore","mollit excepteur elit","consectetur","ipsum occaecat ad aute","aliquip et incididunt"}', DEFAULT, DEFAULT), ('1cb4e4cf-86cc-5f46-9e77-98b857e060d9', '36d172fe-21d7-5e04-8dd5-a197a258f6db', 120, 'private', 'Vision Control Blueprint', '{"aliqua dolore tempor anim","irure proident cupidatat","exercitation et velit","Lorem in eiusmod","pariatur pariatur","ipsum occaecat id tempor incidid","anim reprehenderit","sit amet"}', DEFAULT, DEFAULT), ('f39bcc07-5eef-5435-b6e9-d947c3bae70d', '0a9347d2-3396-5e6a-98f1-b406ca195226', 111, 'public', 'Late Game Scaling Strategy', '{"id exercitation"}', DEFAULT, DEFAULT), ('20a16bbe-0188-55a3-8d14-7e2e6b37794e', 'd6d652bf-48a5-5a85-a95d-16c25edc5397', 119, 'public', 'Split Push Blueprint', '{"veniam do adipisicing mollit","cillum anim"}', DEFAULT, DEFAULT), ('75a162e8-f427-5c64-baca-dba20bc829dd', 'ede942ce-5022-581a-99ff-f8ebb6d10d8a', 117, 'unlisted', 'Objective Focused Strategy', '{"laboris sunt enim","reprehenderit fugiat","ex minim aute pariatur","eiusmod fugiat tempor","non","dolore culpa Lorem ea in"}', DEFAULT, DEFAULT), ('5075bfb2-60b4-588c-ba9f-cd0f3efae77e', '1bf9a820-bb8f-59cd-8902-84a62a1aa29f', 115, 'public', 'Vision Denial Blueprint', '{"elit ut voluptate et esse"}', DEFAULT, DEFAULT), ('329b0bda-79b1-53f3-afe7-b7495bde0220', '6f47176d-afa5-5e10-b67a-c597508731b9', 112, 'public', 'Rotation Strategy Document', '{"voluptate","nisi pariatur laboris irure offi","incididunt id elit incididunt","ullamco magna","exercitation duis nulla irure","esse deserunt labore","in qui excepteur","quis irure","Lorem id est labore","exercitation incididunt amet fug"}', DEFAULT, DEFAULT), ('fc992b53-61aa-5185-8280-7863348ce734', '01bb02e3-6d00-5b11-ba00-2f6b060dfb2e', 112, 'unlisted', 'Early Game Dominance Guide', '{"labore adipisicing sit laboris","pariatur duis non occaecat","elit commodo laboris in","nostrud","cupidatat sit nostrud"}', DEFAULT, DEFAULT), ('e15f78fd-c85d-5196-b441-614f0f00a652', '98bf31df-37fd-5af6-86dd-8686cdc35eeb', 113, 'unlisted', 'Jungle Control Playbook', '{"dolore nulla duis","nostrud tempor non","voluptate irure sint","elit mollit occaecat","ut magna exercitation reprehende","nisi","consectetur ex","amet duis aliquip esse","magna excepteur commodo"}', DEFAULT, DEFAULT), ('27d28c73-d0c0-5545-a0d3-0f0fa8e1aca6', '9bf2ad50-cccb-50eb-8269-3a7e78bd21f5', 112, 'unlisted', 'Roaming Support Plan', '{"aliqua quis exercitation ipsum","dolor nisi excepteur minim magna","aliquip magna in ex","in ad minim","ipsum aliqua eiusmod","velit occaecat","commodo consequat fugiat","cillum"}', DEFAULT, DEFAULT), ('bc0ae162-e51f-5f29-b5b0-87887eac9c85', 'abf8504a-2cfc-5a9d-a5d2-31dccd8bf00f', 117, 'unlisted', 'Secure Objective Playbook', '{"aliquip enim adipisicing incidid","eu","minim anim sint eiusmod"}', DEFAULT, DEFAULT), ('23cfe397-d97e-55bf-af72-35043f52d2bb', '2ca679b7-4687-5422-ac57-c89cfa36e3c8', 118, 'private', 'Objective Focused Strategy', '{"ad reprehenderit","nostrud qui minim irure","laboris nisi","eiusmod fugiat culpa"}', DEFAULT, DEFAULT), ('2135e4d6-4261-59ed-a63d-11a8a55ba0c0', 'eb3e804d-5ed0-59a1-900b-3b0f9b2cb577', 115, 'unlisted', 'Wave Management Plan', '{"laborum culpa","laborum deserunt culpa","aute reprehenderit consequat","Lorem velit laboris"}', DEFAULT, DEFAULT), ('32ca2e92-cee8-58b4-beec-0fd9742bf2df', 'd19db439-c7e7-53a7-aa19-0db346180dc1', 118, 'private', 'Counter Pick Blueprint', '{"eu","eu non","adipisicing","elit mollit amet","proident laborum ex"}', DEFAULT, DEFAULT), ('69e335b1-cf42-5234-867f-fc3222ba0932', 'e20720a7-b660-50e0-8da5-8784fa26a31d', 117, 'public', 'Defensive Turtle Tactics', '{"laborum voluptate minim nostrud","eiusmod Lorem magna irure id","ad non est sunt","enim laborum aliquip voluptate l","consectetur laboris occaecat lab","ea","voluptate aliqua"}', DEFAULT, DEFAULT), ('4addfd63-7007-5913-b0c6-95e35fe44af0', '79efb743-bb54-546e-8bdf-089509399715', 115, 'unlisted', 'Defensive Turtle Tactics', '{}', DEFAULT, DEFAULT), ('29e1da9c-3bfa-53c5-8780-7032cb48ed69', 'c97097d9-c6b8-5a50-931a-369c86f1535e', 118, 'private', 'Aggressive Rush Strategy', '{"laboris proident aliquip culpa e","ut","ipsum cupidatat Lorem","non veniam duis","reprehenderit reprehenderit mini"}', DEFAULT, DEFAULT), ('0fe3263a-4b99-5049-afdd-8a29336988d1', '3c0af99e-82a0-5346-8da5-2d2825b8a66d', 120, 'private', 'Defensive Turtle Tactics', '{"ipsum consectetur commodo esse","velit eu","culpa ut incididunt voluptate","dolor irure","magna voluptate labore sunt","nulla","sint commodo excepteur","adipisicing eiusmod nulla aute e","nostrud","laboris"}', DEFAULT, DEFAULT), ('de533318-8238-5b98-90fa-7923fbda78df', '549980e7-3e77-5d76-b263-84664d04b209', 113, 'public', 'Aggressive Rush Strategy', '{"aliquip elit consectetur esse","pariatur proident ad cupidatat e","ut est","enim officia","anim ex","cillum mollit","et proident adipisicing est ut"}', DEFAULT, DEFAULT), ('91b0fe2a-8d53-5dfa-804e-dadbd5fed2f0', '31bb49e9-e86d-546a-9e01-6986e5eacf06', 113, 'unlisted', 'Roaming Support Plan', '{"reprehenderit adipisicing exerci","irure dolor","pariatur ullamco tempor nulla","do aute esse","consequat proident eu","cillum aute sunt","non non nostrud"}', DEFAULT, DEFAULT), ('f2da91e9-e150-5eba-811a-769c8b464b2d', 'c9f9ed6b-3ed1-5d46-9201-51000bdf47fa', 117, 'private', 'Aggressive Rush Strategy', '{"culpa in magna excepteur","est aute sit non culpa","Lorem ut cupidatat mollit","aliqua Lorem aute occaecat"}', DEFAULT, DEFAULT), ('830462ad-e07d-578c-9343-4c2f3f3f896d', '274020d9-7513-5cf6-ae0b-e94ef1d1a62f', 111, 'public', 'Aggressive Rush Strategy', '{"sit"}', DEFAULT, DEFAULT), ('e4d512a0-9012-54c8-a0de-d2cfb46cc4e7', 'e7ba2b18-a57c-5b02-9714-d376d9ea922f', 111, 'private', 'Gank Heavy Approach', '{"elit aliquip ullamco","mollit occaecat dolore","incididunt esse mollit occaecat "}', DEFAULT, DEFAULT), ('8fc4ec28-bbda-57ff-86ae-02acc462e7a3', '47c1a5aa-1c4a-5781-9c8f-968a639137d7', 112, 'unlisted', 'Split Push Blueprint', '{"eiusmod","dolore velit voluptate Lorem","voluptate sunt est dolor","est","labore incididunt","cillum ipsum","irure sunt","proident nostrud proident magna ","nisi laborum"}', DEFAULT, DEFAULT), ('46cb3ac1-56db-5482-a77b-488299529f1c', '00644310-2ebb-53b6-b6cd-c599924419bd', 118, 'unlisted', 'Roaming Support Plan', '{"veniam anim","nostrud officia aliqua esse veli","occaecat ad enim ea","cupidatat dolore ipsum ad incidi","sit commodo"}', DEFAULT, DEFAULT), ('ca6dab04-25c1-5208-bf77-9e5162704420', 'ccd28d41-9086-5b64-b351-585431787bb7', 119, 'private', 'Wave Management Plan', '{"aliquip","labore est nostrud commodo"}', DEFAULT, DEFAULT), ('54485efb-a52b-5ef1-8d37-32b22dc487d0', 'f8fbdff1-11b4-54fa-ab90-292d82d3d353', 117, 'private', 'Defensive Turtle Tactics', '{"sint qui velit magna","commodo nostrud nulla"}', DEFAULT, DEFAULT), ('1fa8fec1-5ed8-5fb9-afc2-a5a8eea61a64', '77085b75-b014-57d0-8618-9cc95436a25e', 114, 'public', 'Gank Heavy Approach', '{}', DEFAULT, DEFAULT), ('21212b38-5327-5020-9dc6-3fca09a6128f', 'a5831e58-2fc9-5b59-970d-00c344a4eb18', 115, 'unlisted', 'Baron Control Strategy', '{"proident"}', DEFAULT, DEFAULT), ('b22cc198-1bf7-5cc9-b682-385ac5f11217', 'fc295a44-56fb-5a65-beee-66fd6554ae26', 112, 'unlisted', 'Map Control Blueprint', '{"nostrud do","dolore adipisicing ad","occaecat reprehenderit Lorem dol","occaecat eu","in velit nulla ipsum","dolor nostrud laborum","irure nulla occaecat aliquip","qui labore ea irure veniam","aute dolor","aliqua esse magna et"}', DEFAULT, DEFAULT), ('07d77b7a-f8bb-53ab-8750-034a7dc2bcb0', '36f6f3ba-e867-5008-b6c1-829e989f9d2f', 118, 'unlisted', 'Defensive Turtle Tactics', '{"magna fugiat deserunt quis","qui aute Lorem qui","esse cupidatat","aliquip veniam ad sit","ullamco pariatur irure cupidatat","do velit eiusmod mollit","cupidatat elit minim","eiusmod do velit","cillum tempor ex"}', DEFAULT, DEFAULT), ('f7f63dc3-d8b7-5f42-b802-636e4e3f43bb', '549980e7-3e77-5d76-b263-84664d04b209', 117, 'private', 'Split Push Blueprint', '{"amet minim aliqua"}', DEFAULT, DEFAULT), ('a1dd34cc-747e-59d2-bb04-592165ee24b7', 'd297ab9e-40d4-51b5-bb8f-a1df399f1a9a', 120, 'private', 'Late Game Scaling Strategy', '{"elit pariatur incididunt id"}', DEFAULT, DEFAULT), ('b111722b-fdf4-55f7-a1ea-183bf540f7e3', '9e6824f3-dac2-540f-9e3d-8797171dab14', 119, 'unlisted', 'Jungle Control Playbook', '{"culpa laboris","occaecat minim enim consequat","consequat","dolor","minim","reprehenderit reprehenderit aliq"}', DEFAULT, DEFAULT), ('de288e5e-33f8-5b49-9dad-83fa7d46ac0d', 'd19db439-c7e7-53a7-aa19-0db346180dc1', 117, 'private', 'Late Game Scaling Strategy', '{"aliquip in et laboris","eiusmod Lorem sit nostrud ex","id fugiat qui","fugiat laboris non incididunt ve"}', DEFAULT, DEFAULT), ('f1ab7f2e-7a01-59f1-b811-78e3b78b40bc', '9c793877-9a29-5409-acf9-8981bd39bd4d', 118, 'private', 'Vision Denial Blueprint', '{"veniam voluptate deserunt","nisi anim cillum","incididunt officia anim exercita","ea cupidatat deserunt aliquip","tempor consequat tempor eiusmod","occaecat aliquip amet ipsum volu","ea adipisicing enim magna"}', DEFAULT, DEFAULT), ('e0783de7-ca51-5f0a-a7ac-8dcd533efd10', 'c7198a1e-f50c-5635-a5bf-2073d4da7bc6', 120, 'unlisted', 'Rotation Strategy Document', '{"aute sunt","nisi cillum","Lorem incididunt","quis adipisicing","fugiat eiusmod in","anim ex","aliquip Lorem voluptate","veniam ad voluptate","sit ad qui"}', DEFAULT, DEFAULT), ('c3238b63-2dda-5915-8ca5-773255a1cfad', 'c3c19070-f0b8-5d8b-8806-a00d5fe919aa', 112, 'private', 'Defensive Turtle Tactics', '{"irure anim fugiat ut","laborum"}', DEFAULT, DEFAULT), ('7b1aca75-d87e-55c4-87f7-005fafbadfdb', 'b5605791-3389-56c2-9ec6-17d538b9bb85', 116, 'public', 'Wave Management Plan', '{"voluptate","sit nulla veniam","deserunt est veniam"}', DEFAULT, DEFAULT), ('106d238e-2ba4-525c-8d85-994f8dfb2984', 'a6ea6199-2a1a-56d4-b12a-1bf7d32d154c', 115, 'unlisted', 'Gank Heavy Approach', '{"nulla mollit","pariatur consectetur et aliquip","commodo in eu mollit","tempor officia pariatur","in aliqua","ipsum tempor culpa consectetur n","ut in","id est occaecat ex eiusmod","mollit minim laborum"}', DEFAULT, DEFAULT), ('72f05d50-2802-535d-af55-29384395d238', 'ee88c41d-7461-5ecc-a96b-908770bc5575', 119, 'unlisted', 'Rotation Strategy Document', '{"dolor aliquip aliqua eu","elit eiusmod ipsum","ullamco commodo est"}', DEFAULT, DEFAULT), ('f914b2f3-d88a-52e4-ac43-1ef8cffb4d34', '88501f36-608d-5074-ab3f-752cd478292f', 119, 'public', 'Map Control Blueprint', '{"cillum commodo aute sint aliqua","exercitation","quis ut laborum laboris tempor","in ut","et ad amet excepteur","excepteur","id"}', DEFAULT, DEFAULT), ('c620930b-8f59-50ae-bf46-b1a3aca28f0a', '9b1fc781-1e4e-56d2-bd68-0dc257a319c0', 118, 'unlisted', 'Map Control Blueprint', '{"consectetur officia non","et proident eiusmod","ad labore dolore sint","incididunt minim"}', DEFAULT, DEFAULT), ('c78418ab-6a36-52f6-ad32-89289156138c', '88133dcb-8b00-5c2c-aee5-9f0743f5239d', 115, 'public', 'Vision Denial Blueprint', '{"sit cupidatat ipsum velit pariat","aliqua non qui et"}', DEFAULT, DEFAULT), ('ed7bef30-09b5-5167-a122-9b398a76eaef', 'f46ce5c6-3097-5b5d-8213-37b749a8664f', 119, 'unlisted', 'Aggressive Rush Strategy', '{"ad aliquip et officia","labore aliquip","fugiat commodo velit tempor","laborum Lorem"}', DEFAULT, DEFAULT), ('ecddf116-85cf-5aef-8c73-6e5963680c88', '7d0c4d54-58ae-5ddf-b108-590171e8655a', 117, 'private', 'Roaming Support Plan', '{"incididunt ut dolor minim","dolore","id nisi","ad reprehenderit","sunt quis ex officia eu","officia irure occaecat reprehend"}', DEFAULT, DEFAULT), ('5bb46529-9916-530c-88e4-31ac6d441591', '00644310-2ebb-53b6-b6cd-c599924419bd', 111, 'private', 'Late Game Scaling Strategy', '{"reprehenderit dolor aliquip fugi","minim ex anim nisi adipisicing","aliqua ex non","do enim ut nisi","deserunt consequat commodo occae"}', DEFAULT, DEFAULT), ('8b092693-9a40-5f6a-a57b-3c3e9f5288f7', 'deab978c-4953-507c-b4fb-f509dd35f454', 117, 'private', 'Defensive Turtle Tactics', '{"eu aute","tempor nostrud minim","duis aliquip velit Lorem","do fugiat aliquip","cupidatat cupidatat","velit ullamco sunt culpa","fugiat nostrud"}', DEFAULT, DEFAULT), ('65d96d53-ecd8-5cb9-a3d4-a2842c9c629f', 'b737f334-53a3-585e-98d7-69fce744e35e', 113, 'private', 'Vision Denial Blueprint', '{"fugiat non dolore","minim qui elit dolor","id sunt laborum magna","voluptate sit et labore","cupidatat dolor","eiusmod est"}', DEFAULT, DEFAULT), ('672c681b-4325-56a5-8413-28facb838b89', '6c52c1d9-13a4-51ef-ae51-1dacc4c14be9', 116, 'unlisted', 'Wave Management Plan', '{"proident aliquip amet anim"}', DEFAULT, DEFAULT), ('49d19d37-5ee3-59d0-a985-37b5b703ceb0', 'eecf8a7e-af2f-524d-a645-c5fba3ebda06', 113, 'public', 'Team Fight Execution Plan', '{"irure elit et","ut eiusmod culpa","id","do ullamco","sint pariatur","laborum","sint commodo do pariatur","sunt ea sunt"}', DEFAULT, DEFAULT), ('66e9d7dd-018c-5299-8470-9f074683bd55', 'f4b5542b-ba61-519e-a8d2-5793282ad487', 115, 'unlisted', 'Early Game Dominance Guide', '{"amet officia","duis consequat cillum","eiusmod id anim eu","nisi eiusmod exercitation ipsum","veniam excepteur","elit nulla labore","nostrud eiusmod","sit id aliquip cupidatat"}', DEFAULT, DEFAULT), ('d4a93045-0519-5ae2-8bd3-51a7d07f2b97', '5dd9c208-a224-5712-b987-eab6b9a89e23', 111, 'private', 'Split Push Blueprint', '{"deserunt ut enim","occaecat amet","pariatur tempor","nisi","eiusmod consectetur","in"}', DEFAULT, DEFAULT), ('b5bd1f0b-0be5-592a-87b7-65db36f2fa17', 'ccd28d41-9086-5b64-b351-585431787bb7', 111, 'unlisted', 'Aggressive Rush Strategy', '{"ad ullamco enim deserunt do"}', DEFAULT, DEFAULT), ('902168ab-57a5-5714-b589-ecf1bd6d2517', '47e5d6a1-6a7c-5068-97e6-b73d6f3b47c1', 111, 'unlisted', 'Vision Control Blueprint', '{"exercitation pariatur irure"}', DEFAULT, DEFAULT), ('8e1b1af0-d36a-5958-9b32-c8f59e8edaf9', 'df90352f-468b-5345-9b3e-522b747ccf55', 114, 'private', 'Objective Focused Strategy', '{"veniam nisi occaecat","et elit nisi sit eu","cupidatat ad","mollit enim"}', DEFAULT, DEFAULT), ('9ca1e23a-7fd9-5be2-b14a-5f50a52fda0a', 'a8766652-5cf4-5e66-ba6d-9eb457dff942', 111, 'private', 'Counter Pick Blueprint', '{"commodo elit pariatur laborum co"}', DEFAULT, DEFAULT), ('b458c0d2-4d21-597a-9d7c-522e47032d79', 'cd80d13e-478f-5058-8dfd-e20a76013cb5', 115, 'unlisted', 'Siege Tactics Handbook', '{"labore consequat qui","eiusmod qui","est veniam","cupidatat"}', DEFAULT, DEFAULT), ('aeae5590-e6d3-5c02-8a1c-40a6bcf61bd6', '750322e1-101b-5f9e-b670-d325392f4504', 113, 'private', 'Vision Control Blueprint', '{"aute aute sint","duis aliquip","et mollit","commodo magna","laborum esse amet deserunt"}', DEFAULT, DEFAULT), ('e62ff15d-b4e8-5f8b-b8c8-56d105c9d705', '21a7e579-98a3-5757-a0a8-913f2da95aba', 118, 'private', 'Defensive Turtle Tactics', '{"deserunt elit adipisicing mollit","esse excepteur labore amet","et excepteur eu magna","est minim dolore quis incididunt","exercitation ad","anim deserunt id laborum nulla","cupidatat ut","proident cupidatat aliquip","cupidatat anim in"}', DEFAULT, DEFAULT), ('2650d5c8-a9d2-57ad-a70d-8c89cf994021', '1e0af0c0-30ba-5a06-9647-a83cef3d815d', 119, 'private', 'Vision Denial Blueprint', '{"ut eu","excepteur sunt exercitation dolo"}', DEFAULT, DEFAULT), ('57851dd8-0d7e-5b03-b70f-32940ae107ce', 'fd8e258e-4711-5b22-b0f3-1f5725eb642f', 116, 'unlisted', 'Team Fight Execution Plan', '{"tempor officia","dolor enim","ullamco fugiat est"}', DEFAULT, DEFAULT), ('0bb88883-c32b-547d-bac2-9dcbf9437722', '02a341a2-35a0-5fbc-a1f4-aa8b42aa4b51', 114, 'unlisted', 'Vision Control Blueprint', '{"irure sunt","do sit quis","fugiat sunt voluptate nostrud","nostrud mollit ipsum minim","nostrud enim ipsum","labore aliquip eiusmod anim ulla","velit aliquip deserunt consequat"}', DEFAULT, DEFAULT), ('f2096d39-9bcd-5cc9-af38-3924bad39e01', '2daf5548-f681-577a-9912-670e1304b2ad', 117, 'unlisted', 'Aggressive Rush Strategy', '{"pariatur aliqua nulla dolore cup","deserunt et fugiat et anim","sunt labore officia eu","non mollit laboris","quis deserunt voluptate","dolore irure"}', DEFAULT, DEFAULT), ('cdc85c53-30bc-5c6e-91cc-2af72696e64b', 'c15a1a93-cc16-5536-8ab0-42ef9626e379', 114, 'private', 'Objective Focused Strategy', '{"sunt laboris","dolore fugiat","ullamco fugiat","aute","aute velit sint et nisi","elit adipisicing ut","sunt adipisicing sint consectetu"}', DEFAULT, DEFAULT), ('a0fe813c-8a2e-57ff-8950-530eb72350cc', '5f651c76-ceba-56db-bd60-512d4079ec53', 111, 'public', 'Aggressive Rush Strategy', '{"in do velit nulla ut","ullamco","officia anim","do cupidatat ea","qui est non officia"}', DEFAULT, DEFAULT), ('3dcb1c72-1f38-50a2-8a79-9f8b83862a0b', 'd92658af-bb2e-5f93-9170-bc8d85a6ad50', 120, 'public', 'Baron Control Strategy', '{"duis cillum quis aliquip","dolor","Lorem anim commodo cupidatat","commodo duis ut magna aute","pariatur in","Lorem do","cupidatat enim id ex minim"}', DEFAULT, DEFAULT), ('b529db67-e1b4-5e7d-9a32-267867bbcbad', 'f8caf156-ccf0-5aea-a4e4-6c70f58a603e', 111, 'public', 'Early Game Dominance Guide', '{"do minim occaecat est","aliquip eiusmod","fugiat anim tempor quis","sint ex officia ad amet","esse exercitation dolore id","id","culpa Lorem cillum elit","adipisicing labore ullamco enim"}', DEFAULT, DEFAULT), ('89b21cb6-fbf3-585a-b9c1-304fad97258b', 'b737f334-53a3-585e-98d7-69fce744e35e', 112, 'unlisted', 'Vision Control Blueprint', '{"esse","deserunt","officia occaecat eu sit mollit","et in ullamco sunt mollit","elit eiusmod aliqua ex","officia pariatur"}', DEFAULT, DEFAULT), ('8af27ce1-15c1-5703-a4c5-07ea669df0c7', '8dea886f-fc5d-51fd-ac80-f3c52f3b244b', 114, 'public', 'Late Game Scaling Strategy', '{"officia adipisicing","mollit anim adipisicing enim","anim quis do","exercitation irure consequat eu ","cupidatat anim adipisicing","aliquip enim est","culpa aute commodo","quis non consectetur","Lorem irure voluptate"}', DEFAULT, DEFAULT), ('e9960db1-b450-5d20-820c-87fab4f40dc8', 'cca70ca2-d109-5c60-965d-ab86b151a58f', 120, 'private', 'Vision Control Blueprint', '{"aliqua","elit eu in laborum in","deserunt ex","eiusmod","est enim duis non sint"}', DEFAULT, DEFAULT), ('2dd10f1f-4836-53b2-b2b6-ae71861e43d0', '2589cf16-4103-5a4f-b544-b30078083eaa', 118, 'private', 'Roaming Support Plan', '{"ad veniam voluptate","eiusmod","non excepteur deserunt","et ullamco officia laboris conse","adipisicing cillum non eu Lorem","ullamco consequat fugiat","enim excepteur nisi","incididunt dolor aute dolor","fugiat duis Lorem ut laborum"}', DEFAULT, DEFAULT), ('09d4e842-df61-577d-8d06-00daf3b676e2', 'e4de1a09-bd9a-5e42-b92c-2cb1af28bec6', 113, 'unlisted', 'Early Game Dominance Guide', '{"ad","do magna anim laboris nisi","excepteur aute","occaecat","elit dolore aliquip","aliquip laborum occaecat magna e","non ut occaecat exercitation"}', DEFAULT, DEFAULT), ('6fe4789e-9a02-5c94-8c81-5bb4cffd7850', '1332e392-1ac8-57d9-8262-948f66c89fe9', 113, 'public', 'Siege Tactics Handbook', '{"deserunt proident officia","cillum","non occaecat incididunt ipsum","nisi exercitation mollit","deserunt nulla","excepteur consectetur enim labor"}', DEFAULT, DEFAULT), ('62834a20-27ac-5894-8947-a4e2ffb67f5b', '262a78c7-eb9d-5e1a-8e58-41ecb0c31fbd', 116, 'unlisted', 'Rotation Strategy Document', '{"velit magna commodo"}', DEFAULT, DEFAULT), ('ce25e6d7-50b4-50c3-8210-685ee22346f3', 'b737f334-53a3-585e-98d7-69fce744e35e', 111, 'unlisted', 'Gank Heavy Approach', '{"quis","labore ut enim"}', DEFAULT, DEFAULT), ('a4e4a518-fb32-53bf-9d1c-f336f8cd8c45', 'd297ab9e-40d4-51b5-bb8f-a1df399f1a9a', 117, 'public', 'Late Game Scaling Strategy', '{"non","nulla veniam quis exercitation","velit veniam occaecat cupidatat","incididunt officia deserunt","culpa id et anim","incididunt aute","fugiat eu Lorem","Lorem non commodo"}', DEFAULT, DEFAULT), ('d5862a76-70cd-55db-a302-365d7ec101f5', '92bf5244-388d-5bbf-bd84-1c7ad2efe31b', 120, 'public', 'Wave Management Plan', '{"irure","id irure","commodo","amet nulla","duis incididunt","commodo","ad ipsum incididunt dolore"}', DEFAULT, DEFAULT), ('fff5567f-d4a5-542e-ba70-1119521ca0cb', '40747f76-ad34-5508-ba43-ef538c943cc0', 117, 'public', 'Defensive Turtle Tactics', '{"exercitation consectetur est","eu","qui sit","consectetur"}', DEFAULT, DEFAULT), ('48abaf7b-d65e-5371-8d5f-1be4621911e6', 'ad276812-3b86-5425-b36a-d822f2860912', 111, 'unlisted', 'Baron Control Strategy', '{"adipisicing nisi","aliqua","occaecat irure","aliquip enim","eiusmod ullamco irure esse","culpa ut","excepteur sit","eiusmod irure id Lorem amet","tempor"}', DEFAULT, DEFAULT), ('05b8ebd6-06e1-5ce6-85d9-1fda124d11b0', '8a0a556f-d942-55f0-8ba8-1ffbfaf3c6d9', 113, 'unlisted', 'Objective Focused Strategy', '{"do","laborum laborum","non deserunt aliquip reprehender"}', DEFAULT, DEFAULT), ('be5a4c70-a4ff-57c0-8c2c-437a6d77f25c', '09204188-e618-5728-88fc-034120742c41', 120, 'public', 'Vision Denial Blueprint', '{"eiusmod et","quis","non dolor"}', DEFAULT, DEFAULT), ('e6ff83af-5ec2-537d-b04b-784bd77a5871', '59558fa1-9cc0-5e85-a331-879d76e07f05', 114, 'private', 'Split Push Blueprint', '{"cupidatat in","aliqua consequat velit nisi ipsu","mollit anim esse","cupidatat minim pariatur ad"}', DEFAULT, DEFAULT), ('dc9bffb4-1647-5c5d-8c1f-d89500e89900', '5da40fc6-2f9c-5273-8dcd-1032d525128a', 112, 'unlisted', 'Defensive Turtle Tactics', '{"cupidatat aute do occaecat","duis qui pariatur ea amet","ullamco","consectetur adipisicing minim do","commodo elit","in consequat minim consectetur l","mollit esse deserunt anim","laboris aliqua irure est","cillum non pariatur aute"}', DEFAULT, DEFAULT), ('ec767a01-17bb-518c-9633-78ebc8caded3', 'df0b9534-eb70-596b-965a-89561ef803da', 116, 'private', 'Baron Control Strategy', '{"sint est ea ipsum"}', DEFAULT, DEFAULT), ('6c642b40-bb15-55fa-9319-9c100d27adc7', '1d01e569-eec7-553a-916b-70c8b1d0f9ec', 119, 'private', 'Vision Denial Blueprint', '{"aute","labore","magna id fugiat","cillum id non quis","anim fugiat","deserunt id","excepteur elit Lorem cupidatat"}', DEFAULT, DEFAULT), ('197f52e9-f9b3-54a3-a900-9ddcd2cd98d5', '8c5ef042-1b14-56ed-adba-e25d3960a3cf', 113, 'unlisted', 'Vision Control Blueprint', '{"consequat","laboris irure deserunt","magna pariatur veniam","proident","elit sint"}', DEFAULT, DEFAULT), ('b239ffdb-847f-5400-b1f9-97e186ea36bc', 'db9f2a26-569b-5431-9216-bcd2cf256bbd', 111, 'private', 'Wave Management Plan', '{"enim consequat quis sit","occaecat excepteur laboris","culpa pariatur mollit officia","nisi incididunt","ullamco sit est","sint ad exercitation"}', DEFAULT, DEFAULT), ('c3124970-b58c-5748-8a01-4ba1d7466b2b', 'db9f2a26-569b-5431-9216-bcd2cf256bbd', 120, 'unlisted', 'Objective Focused Strategy', '{"voluptate enim veniam","dolore","ipsum officia","Lorem ad elit","dolore minim"}', DEFAULT, DEFAULT), ('2fbdef88-7d4a-5528-bb59-74f725709563', 'a78f49ae-5f15-5b14-baf5-6abdb727fcc1', 113, 'private', 'Map Control Blueprint', '{"ut qui","ex proident quis aliqua","ea commodo irure","ad pariatur aute","aliquip reprehenderit anim culpa","laborum excepteur velit dolor","voluptate et excepteur","cupidatat qui dolore exercitatio","sunt officia proident reprehende"}', DEFAULT, DEFAULT), ('a03637de-3a86-5f2c-a9a1-71bb222f301f', 'a5831e58-2fc9-5b59-970d-00c344a4eb18', 115, 'private', 'Aggressive Rush Strategy', '{"tempor veniam cupidatat anim Lor","ut ipsum ut do","qui est","do Lorem exercitation anim Lorem","reprehenderit","ea cillum sunt adipisicing","laboris dolore","do ut reprehenderit in irure","esse in aliquip esse","ad ex pariatur laborum"}', DEFAULT, DEFAULT), ('536d5b0c-dc7c-598f-8fa0-b21c4cd85d48', 'd0fa96c4-2bfe-5959-9fd4-b17ec4964e6d', 116, 'unlisted', 'Counter Pick Blueprint', '{"consequat esse sint magna enim","reprehenderit esse consequat","ut ipsum quis anim anim","id non dolore ullamco","ullamco reprehenderit fugiat ali","sint irure","irure nostrud fugiat","irure dolor laboris nulla enim"}', DEFAULT, DEFAULT), ('f04b6b4b-d5ea-517f-8a7d-71713980487c', '7c0f6282-7933-5431-8e88-9d2b9f09f272', 119, 'unlisted', 'Rotation Strategy Document', '{"velit voluptate labore","aliqua","mollit occaecat eiusmod deserunt","fugiat","labore cillum sit pariatur","aliquip labore incididunt Lorem","mollit adipisicing consectetur c","sit ea ea non"}', DEFAULT, DEFAULT), ('363e1d5b-f7b0-5ee0-a43a-f471f9cf9338', 'f46ce5c6-3097-5b5d-8213-37b749a8664f', 112, 'private', 'Late Game Scaling Strategy', '{}', DEFAULT, DEFAULT), ('edcc2203-6787-52aa-bc0b-a6dcc59388be', '026debf8-8a71-53bf-8bd1-1046d4d33b6c', 115, 'public', 'Vision Control Blueprint', '{"tempor laboris nostrud","pariatur consectetur dolor","culpa reprehenderit"}', DEFAULT, DEFAULT), ('474b1c92-271b-5e78-878e-3e82398a6e7c', '583774ae-7432-5503-850f-867e82c0838b', 112, 'unlisted', 'Jungle Control Playbook', '{"culpa sunt aliquip consequat","nulla ea consectetur","nulla ad consectetur","ea pariatur aliquip","ullamco Lorem deserunt magna","aute et culpa labore ipsum","sint ut","cupidatat","sint fugiat cupidatat officia"}', DEFAULT, DEFAULT), ('8997d96a-4a2f-5fcd-a0a2-88e875f8bba7', '09204188-e618-5728-88fc-034120742c41', 114, 'unlisted', 'Split Push Blueprint', '{"enim qui tempor enim pariatur","sit","consectetur duis labore","laborum irure magna adipisicing ","reprehenderit adipisicing eiusmo","laborum velit sint","aute","elit occaecat","quis exercitation","in id velit"}', DEFAULT, DEFAULT), ('f61f0c83-60cb-5fa8-a27a-67e606b63adb', '9a52e2af-cb63-5ab2-95a7-ae32f01d6a1c', 116, 'private', 'Defensive Turtle Tactics', '{"nostrud ad nulla laboris","consequat","cillum mollit cillum","elit enim esse","Lorem fugiat","qui sit deserunt"}', DEFAULT, DEFAULT), ('30d213ab-4615-5d8b-abee-5b4875c8bfdf', 'b88b1af1-79fe-5af5-9c91-0c77ed20973b', 112, 'private', 'Roaming Support Plan', '{"laboris tempor aliqua","culpa excepteur voluptate","do labore culpa tempor laborum","eiusmod amet","nisi anim reprehenderit"}', DEFAULT, DEFAULT), ('7d042aff-1b5b-531f-917f-48f2d58d33c7', '583774ae-7432-5503-850f-867e82c0838b', 116, 'private', 'Team Fight Execution Plan', '{"id officia commodo fugiat","occaecat cillum voluptate amet","incididunt ex officia nisi"}', DEFAULT, DEFAULT), ('30e1e77d-2bcf-5591-97ec-d99bd552d8f0', 'd1dc8a74-c651-5dbd-b484-1cd2c51db9b9', 112, 'public', 'Vision Denial Blueprint', '{"laborum qui excepteur","irure velit qui est","quis irure reprehenderit","nisi ut"}', DEFAULT, DEFAULT), ('d53a4a7c-125e-52cd-8ba3-aa3916f71140', 'c9f9ed6b-3ed1-5d46-9201-51000bdf47fa', 112, 'unlisted', 'Vision Control Blueprint', '{"adipisicing ut officia eu","velit consequat","ex aliqua non aliquip","exercitation ea amet consectetur","eiusmod velit","laboris","voluptate ut"}', DEFAULT, DEFAULT), ('47f797b2-50c1-56af-abe6-0081dabe5efd', '01bb02e3-6d00-5b11-ba00-2f6b060dfb2e', 117, 'private', 'Counter Pick Blueprint', '{"veniam","occaecat in deserunt eu Lorem","officia ut","exercitation enim dolor","Lorem ad laboris occaecat qui","eiusmod nostrud","esse cupidatat ad"}', DEFAULT, DEFAULT), ('3ebbec39-d360-5461-b442-70abf723c8b8', '92ce3cad-bd68-55a2-9017-d27d51e2e007', 114, 'private', 'Aggressive Rush Strategy', '{"non ea consequat","dolore et ut excepteur","occaecat enim"}', DEFAULT, DEFAULT), ('3821efb6-356e-53bd-8a0b-239426475be5', 'f8caf156-ccf0-5aea-a4e4-6c70f58a603e', 113, 'public', 'Siege Tactics Handbook', '{"pariatur culpa eu non","commodo proident qui tempor","elit ullamco aliqua veniam","magna consequat incididunt labor","veniam esse sint sint","excepteur pariatur","amet"}', DEFAULT, DEFAULT), ('f62571e6-585e-5709-b04e-861b7f3db2d2', '887dee3f-7921-537c-91f1-8b0d43117b12', 112, 'public', 'Roaming Support Plan', '{"anim sit","qui","aliqua non anim consectetur ex"}', DEFAULT, DEFAULT), ('f706ef0d-b4c8-54ee-ba4a-8f6af14717f8', 'e4c44768-00c8-52e6-80f9-625972d5d9b9', 112, 'unlisted', 'Counter Pick Blueprint', '{"non adipisicing excepteur proide","velit nisi non","consectetur proident velit deser","ex laborum","dolore","pariatur deserunt exercitation","cupidatat eiusmod pariatur","proident irure","proident exercitation exercitati"}', DEFAULT, DEFAULT), ('da6a602b-9dc0-5e13-87e9-323f368838a2', '9f26eece-7e59-5b46-a98b-848dc55a0cda', 120, 'unlisted', 'Gank Heavy Approach', '{"elit labore in Lorem in","et","ad ea fugiat nisi sint","mollit culpa nostrud ullamco con","laboris eu aliquip minim","mollit reprehenderit commodo aut","dolore deserunt adipisicing esse","ut non","voluptate esse cupidatat"}', DEFAULT, DEFAULT), ('ae022a2e-97fe-53d7-ace2-f700a65995e2', 'a4b32498-f3a6-5110-a5b6-de20f0314c35', 119, 'unlisted', 'Jungle Control Playbook', '{}', DEFAULT, DEFAULT), ('7f27719e-c551-5cfa-ab24-3e6a917bc77f', 'ba60341e-ffca-5a8d-85d2-58afc6ff269c', 116, 'public', 'Vision Control Blueprint', '{"Lorem consequat sint duis","sint non enim","quis"}', DEFAULT, DEFAULT), ('a7afe8c7-8469-5a59-9246-cc18b3ce4b7b', 'c15a1a93-cc16-5536-8ab0-42ef9626e379', 113, 'private', 'Baron Control Strategy', '{"ex anim","in ad consequat laboris incididu","dolor in cillum laborum","enim pariatur aliqua ea ipsum","sint amet magna voluptate"}', DEFAULT, DEFAULT), ('8111ec5f-e01a-5ad1-b89a-b7a64419e202', '061a9df6-5f3b-55cf-9879-eec1a4061457', 119, 'public', 'Vision Denial Blueprint', '{"aliqua excepteur aliquip cupidat","aute magna consequat minim","ullamco","commodo eiusmod velit","non commodo dolor","sit elit voluptate magna","ipsum cillum non enim"}', DEFAULT, DEFAULT), ('af41c136-c26c-5e1c-81f1-2d9f923ca606', 'ac772386-a452-5d18-88c7-396c2a71eb0b', 116, 'public', 'Aggressive Rush Strategy', '{"qui sint","ex eiusmod nostrud eu","in quis velit veniam","consectetur commodo ipsum quis","nulla sint ullamco ea","anim adipisicing ex incididunt"}', DEFAULT, DEFAULT), ('7594efe5-aff1-5874-a5ed-4a9edc7b66bf', 'a5831e58-2fc9-5b59-970d-00c344a4eb18', 117, 'unlisted', 'Defensive Turtle Tactics', '{"ullamco nostrud","officia exercitation pariatur su","labore dolor duis Lorem","velit deserunt","et et nulla amet anim","cillum ullamco","exercitation","culpa pariatur laborum"}', DEFAULT, DEFAULT), ('ee2f9514-a689-5e06-84f0-7f27b56a3774', '47c1a5aa-1c4a-5781-9c8f-968a639137d7', 120, 'private', 'Aggressive Rush Strategy', '{"nostrud dolor","et magna proident","esse elit duis","duis exercitation officia do","eu adipisicing laboris","deserunt consectetur","do consequat quis","aliquip amet cupidatat","cillum non esse"}', DEFAULT, DEFAULT), ('59ac239c-144e-5ca7-b3e8-b97418726740', '1e7e0bcb-4fc0-5d72-81a5-d67a74a13595', 113, 'unlisted', 'Early Game Dominance Guide', '{"id officia consectetur aute","ad occaecat enim","est tempor enim minim"}', DEFAULT, DEFAULT), ('7992b22f-6c16-50ae-ae54-fd84bedb78e7', 'cda3814f-c14d-5dcf-a835-797df84f6d99', 114, 'public', 'Jungle Control Playbook', '{"eu commodo qui","duis irure irure do","labore consectetur dolor dolore "}', DEFAULT, DEFAULT), ('eeb6a56c-bf20-5164-a9c4-2438947a1635', '290bcd64-8663-5670-8efa-64e864979bbb', 111, 'public', 'Split Push Blueprint', '{"commodo laboris exercitation vel","enim exercitation tempor","ut velit","voluptate labore"}', DEFAULT, DEFAULT), ('ba263b84-62af-5be6-a1da-34f8a9b1c708', 'c749b9a1-8131-5461-9b9f-368e4a129402', 118, 'public', 'Team Fight Execution Plan', '{"elit eiusmod","ut anim officia quis","id mollit eiusmod"}', DEFAULT, DEFAULT), ('0eda511d-00fb-5edd-a94c-61620ced28e5', 'c7198a1e-f50c-5635-a5bf-2073d4da7bc6', 113, 'private', 'Defensive Turtle Tactics', '{"exercitation aliqua minim","eu eu","in adipisicing","fugiat consectetur","nostrud Lorem excepteur","Lorem in deserunt","ex dolor ipsum et"}', DEFAULT, DEFAULT), ('4a82ca5f-1296-51b0-9319-05459a439c92', '6a3486ce-c3fa-519b-8ad1-f329a5c3ee43', 119, 'unlisted', 'Team Fight Execution Plan', '{"est aute nisi","pariatur amet officia culpa","elit magna laboris","eu magna tempor sit officia","labore aute","aute culpa","et eiusmod","irure reprehenderit occaecat con","irure eu"}', DEFAULT, DEFAULT), ('230e6990-91f4-5dc7-b6bc-229a44985e25', 'd1b8f3f8-af26-5088-8712-273c28ba98f7', 112, 'private', 'Gank Heavy Approach', '{"ullamco excepteur voluptate eu","anim"}', DEFAULT, DEFAULT), ('01a97da4-f21e-511b-9160-a834d5d7f82e', '59fbbc7c-edc9-5d3c-9170-cf6acabbcd28', 113, 'unlisted', 'Split Push Blueprint', '{"eu non pariatur ut","sint reprehenderit nostrud tempo","eu aliquip","fugiat minim ullamco","laboris Lorem","officia ex consectetur","cupidatat minim Lorem quis","sit dolor"}', DEFAULT, DEFAULT), ('1c5613fb-a627-5391-a9ff-0cc49d9b395b', '9f273059-bf49-55a4-bf95-e6bedcccffe3', 116, 'unlisted', 'Early Game Dominance Guide', '{"sint est veniam","eu anim enim excepteur duis","irure nulla sint sint ad","sint","deserunt et","est eu"}', DEFAULT, DEFAULT), ('69b55afa-a769-5eae-849b-0607118f6f38', 'ae956930-bebe-5aad-83f8-b8d0cae36371', 117, 'public', 'Aggressive Rush Strategy', '{"cillum ut deserunt ipsum","velit quis","dolore","ullamco enim dolore cupidatat","in qui elit","deserunt mollit anim duis","esse ullamco","ea","eu eiusmod duis sint"}', DEFAULT, DEFAULT), ('5653d3f7-e466-5b59-9cc7-02634d975655', '750322e1-101b-5f9e-b670-d325392f4504', 120, 'unlisted', 'Wave Management Plan', '{"duis enim voluptate sint","ad","dolor aliqua deserunt labore","aute nulla dolore","occaecat in Lorem qui excepteur","ex"}', DEFAULT, DEFAULT), ('11917a47-b89e-5663-8d37-049fe2bf5b34', '203ac13e-e5b1-548e-a7da-5d8cff932053', 112, 'unlisted', 'Late Game Scaling Strategy', '{"ex","in ad in in","enim consequat culpa proident","eu cillum quis dolor","non laborum ut ad","esse sint irure","ea ad deserunt et mollit"}', DEFAULT, DEFAULT), ('c68ff46b-b1a9-581e-aa43-737e3b976580', 'e4c44768-00c8-52e6-80f9-625972d5d9b9', 113, 'unlisted', 'Objective Focused Strategy', '{"irure sit sunt exercitation","ipsum labore non occaecat","exercitation","culpa in magna","excepteur ut elit","aute excepteur culpa sit commodo","ut consequat","dolore nisi"}', DEFAULT, DEFAULT), ('e8d13e33-32bc-5c1a-9371-8f828965d869', 'ab07c47c-511a-5092-acb9-cbf862e0076b', 116, 'public', 'Early Game Dominance Guide', '{}', DEFAULT, DEFAULT), ('79cca71d-1dd7-5b78-9e31-229bb9872504', '94a106f5-e21c-5e45-83f2-58d10f738b53', 114, 'public', 'Wave Management Plan', '{"elit excepteur aute","commodo magna voluptate","dolore cupidatat adipisicing adi"}', DEFAULT, DEFAULT), ('cdf1b1e3-61cd-52e6-b86e-eec98ea71e23', '5dedc9b9-eec3-5ace-a95b-d7817834d9af', 118, 'private', 'Siege Tactics Handbook', '{"deserunt","in ad et est","proident","cupidatat","ullamco consequat do","nostrud incididunt","laboris exercitation"}', DEFAULT, DEFAULT), ('98ea8abd-4f3f-5750-b436-afb8aa79fb82', 'cca70ca2-d109-5c60-965d-ab86b151a58f', 117, 'private', 'Wave Management Plan', '{"non nisi qui nisi","mollit proident sint ea","amet","consequat ad fugiat ad"}', DEFAULT, DEFAULT), ('bc227bd7-3214-5075-bca0-3f60046ac216', 'e5b4727f-be5e-52c0-83cb-cb7ba230945f', 114, 'unlisted', 'Map Control Blueprint', '{"tempor fugiat","aliquip","cillum non commodo ex exercitati","sint consectetur non aliquip","minim minim","ipsum ipsum cupidatat ut sint","deserunt Lorem velit nulla","voluptate esse consectetur conse","adipisicing anim et cupidatat am","eiusmod"}', DEFAULT, DEFAULT), ('8fd84214-96a6-5d6c-8437-0646145f15a1', '6c52c1d9-13a4-51ef-ae51-1dacc4c14be9', 114, 'unlisted', 'Split Push Blueprint', '{"ipsum do culpa pariatur","consectetur labore","laborum labore nisi Lorem","est irure amet eu"}', DEFAULT, DEFAULT), ('7b269807-4fdc-5847-8a5c-807ffa02f953', 'c749b9a1-8131-5461-9b9f-368e4a129402', 120, 'public', 'Aggressive Rush Strategy', '{"sunt","cillum et aliqua","sunt consequat ipsum","magna occaecat nulla ex nisi","officia deserunt","elit pariatur","ipsum aliqua","enim Lorem aliquip","deserunt dolore","proident minim ex ex"}', DEFAULT, DEFAULT), ('cf8258c4-f278-5c75-a944-c2bcba526ad4', '77085b75-b014-57d0-8618-9cc95436a25e', 119, 'private', 'Objective Focused Strategy', '{"id deserunt officia","adipisicing irure","aute adipisicing nostrud","culpa ipsum consectetur ea venia","officia aute occaecat minim do","eiusmod ipsum","eiusmod sunt enim magna"}', DEFAULT, DEFAULT), ('2e51b4b0-68ac-5e21-94a2-b7afb1b16016', 'f8fbdff1-11b4-54fa-ab90-292d82d3d353', 113, 'unlisted', 'Objective Focused Strategy', '{}', DEFAULT, DEFAULT), ('6e9d8d45-1d4b-5cdd-92c5-76194015ba99', '4ecb4c85-c280-5d1c-af07-13ac77118d4b', 120, 'unlisted', 'Team Fight Execution Plan', '{"adipisicing"}', DEFAULT, DEFAULT), ('fac7e894-3f38-5663-bc98-486c88732ea4', '262a78c7-eb9d-5e1a-8e58-41ecb0c31fbd', 119, 'public', 'Objective Focused Strategy', '{"cillum commodo ea","consequat officia dolore pariatu"}', DEFAULT, DEFAULT), ('7d360079-2c18-5c6d-a1b8-85eb411ace3d', 'a4b32498-f3a6-5110-a5b6-de20f0314c35', 118, 'unlisted', 'Aggressive Rush Strategy', '{"enim aliqua"}', DEFAULT, DEFAULT), ('be194c18-6eee-5ff6-a117-608bade8a86e', 'c67d2d09-4f9c-55d4-8995-a05fcda1aef5', 117, 'private', 'Vision Control Blueprint', '{"laborum irure commodo","do","consectetur"}', DEFAULT, DEFAULT), ('74297878-a21d-59b7-aced-265d4a9f30fa', 'f8caf156-ccf0-5aea-a4e4-6c70f58a603e', 120, 'public', 'Gank Heavy Approach', '{"minim magna excepteur est","et Lorem anim ex duis","fugiat dolor amet","ullamco deserunt velit anim adip","excepteur anim labore veniam","eiusmod velit sint pariatur aute","aute commodo est do laboris"}', DEFAULT, DEFAULT), ('a0c5fdb3-1581-541b-b560-7473e0935643', '9b74ca3b-f0ed-5aef-82da-739dcf602294', 112, 'unlisted', 'Jungle Control Playbook', '{"laboris velit cillum proident","nostrud qui occaecat pariatur","ex anim voluptate","tempor sunt","nostrud aute Lorem et","aliquip deserunt commodo","reprehenderit exercitation"}', DEFAULT, DEFAULT), ('5bf01130-69dd-5547-acc0-717bf1395fda', '70e095a9-713d-5fe2-a06a-8145febdb917', 120, 'unlisted', 'Vision Control Blueprint', '{"cillum eiusmod sit exercitation "}', DEFAULT, DEFAULT), ('1e052062-4999-589c-af48-bc4a3df69d05', '061a9df6-5f3b-55cf-9879-eec1a4061457', 118, 'private', 'Secure Objective Playbook', '{"eu occaecat ullamco","officia dolor proident","in dolor","pariatur quis dolor","fugiat ad consectetur eiusmod es"}', DEFAULT, DEFAULT), ('38b49ca8-b50c-5e98-af9e-9c3898d28f8f', 'c749b9a1-8131-5461-9b9f-368e4a129402', 119, 'private', 'Aggressive Rush Strategy', '{"non ad id exercitation culpa","mollit elit ut eiusmod ex","aute dolore esse Lorem et","fugiat mollit sit","do minim","excepteur irure sit","est et do laboris anim"}', DEFAULT, DEFAULT), ('9b261f2f-f0b0-57c3-9c3a-156a89bfc9aa', 'cfbfd1d4-e77f-57e5-94da-e9ff2cc7a996', 117, 'unlisted', 'Secure Objective Playbook', '{"eu irure","fugiat reprehenderit culpa","proident amet","ex","sint aute amet deserunt ex"}', DEFAULT, DEFAULT), ('2d9d0644-e0d8-5f5d-84c2-071cd2c099ce', '21a7e579-98a3-5757-a0a8-913f2da95aba', 111, 'public', 'Defensive Turtle Tactics', '{"incididunt fugiat mollit excepte","sunt duis","dolore ipsum elit"}', DEFAULT, DEFAULT), ('b8c7a039-d039-57f7-bd1e-253b05ef8c03', '21a7e579-98a3-5757-a0a8-913f2da95aba', 112, 'private', 'Vision Denial Blueprint', '{"tempor non labore ullamco amet","mollit proident enim culpa cillu","reprehenderit occaecat","voluptate reprehenderit","magna adipisicing proident est","do officia","occaecat sunt aliquip aliqua","amet aliqua"}', DEFAULT, DEFAULT), ('110d19c8-9e0d-5f75-a721-b94eb9080526', '54473828-0225-5307-b53c-7a0fc46ac63c', 112, 'private', 'Objective Focused Strategy', '{"cupidatat ea eu","labore velit exercitation","officia commodo commodo","fugiat culpa deserunt cupidatat","elit exercitation","ea elit est quis","dolor occaecat sint reprehenderi","occaecat aute","amet"}', DEFAULT, DEFAULT), ('09923517-e55a-5deb-98cb-d64b27c0ab72', '26f7bb6a-3c9c-5b30-b11b-be5ebfb91948', 119, 'unlisted', 'Baron Control Strategy', '{"nulla aliquip laborum cupidatat","sit esse amet ea cillum","do amet ullamco","Lorem ea","consectetur ad","exercitation sint sint","quis","mollit tempor","non nulla velit","nisi incididunt adipisicing"}', DEFAULT, DEFAULT), ('e5bd85d5-1f62-5598-9176-4bfd393badbe', '9c793877-9a29-5409-acf9-8981bd39bd4d', 114, 'public', 'Vision Denial Blueprint', '{"ipsum","adipisicing nulla non","laboris","nisi est","sint dolor consectetur","incididunt fugiat amet fugiat"}', DEFAULT, DEFAULT), ('e8eb7547-d359-5d88-afb0-cca98349d023', '887dee3f-7921-537c-91f1-8b0d43117b12', 118, 'public', 'Counter Pick Blueprint', '{"occaecat cillum","eu elit","esse id aliquip ad do","voluptate","enim sint","quis proident irure sit"}', DEFAULT, DEFAULT), ('0e4135c9-4c74-5717-9ee1-cbbb37873838', 'd92658af-bb2e-5f93-9170-bc8d85a6ad50', 120, 'public', 'Team Fight Execution Plan', '{"dolore ad irure ipsum","enim aliqua minim id","ad excepteur ullamco","sit nisi ipsum commodo","esse amet aliquip","reprehenderit non","veniam velit","duis laboris"}', DEFAULT, DEFAULT), ('eb9d24ec-f15e-5e4f-870e-dd537efcd168', '5f3671df-cc06-5a3d-87a6-e1e42e095fa3', 111, 'private', 'Counter Pick Blueprint', '{"irure irure","irure minim","laboris","tempor aliquip cupidatat consequ","ipsum nisi qui","velit in excepteur"}', DEFAULT, DEFAULT), ('688a2e3c-848e-5787-bd83-705a15229924', '2da4149c-bf3e-5f98-b904-591c69530871', 113, 'unlisted', 'Counter Pick Blueprint', '{"velit magna ipsum","id adipisicing labore","in mollit reprehenderit proident"}', DEFAULT, DEFAULT), ('a042a037-2e40-50ce-ae48-3f063c3067bb', '6fb8bc22-57b5-5453-b6ee-d5dfa591c360', 118, 'unlisted', 'Roaming Support Plan', '{"aute nisi enim est","voluptate commodo proident","in","deserunt non","excepteur enim","Lorem sunt laboris minim","aliquip adipisicing ut","elit laboris ut aliqua","proident consequat labore"}', DEFAULT, DEFAULT), ('cb4eaa5a-1f18-571e-9566-4c1753ad9134', 'db9f2a26-569b-5431-9216-bcd2cf256bbd', 114, 'private', 'Vision Control Blueprint', '{"eu quis ea magna","amet","qui dolore nulla"}', DEFAULT, DEFAULT), ('2076216c-1b19-5f7f-b10d-db3cae2b4567', '026debf8-8a71-53bf-8bd1-1046d4d33b6c', 114, 'private', 'Defensive Turtle Tactics', '{"cillum","minim","officia occaecat dolor","aliquip exercitation consectetur"}', DEFAULT, DEFAULT), ('a0bd7980-cac4-5ded-adc5-004548282723', '34e08312-6163-54ad-8f00-271b535d720e', 112, 'unlisted', 'Vision Control Blueprint', '{"labore eiusmod qui mollit mollit","excepteur incididunt consectetur","reprehenderit occaecat ut","dolor laborum laboris in"}', DEFAULT, DEFAULT), ('e94657cc-5d4a-53ce-8902-19b99712c3c6', 'fd2a8113-662a-5782-9e12-f7b49eee56e0', 112, 'unlisted', 'Vision Control Blueprint', '{"quis anim ex","id amet","ex minim velit","nulla consectetur","non Lorem magna","duis aliquip et consectetur","ullamco","proident"}', DEFAULT, DEFAULT), ('cdee6d23-791e-5a74-aba4-6e6c1b3863e7', '5b303ef1-7516-512a-ba01-9f0dc05d7d2a', 114, 'unlisted', 'Baron Control Strategy', '{"pariatur"}', DEFAULT, DEFAULT), ('d5a4641d-8cbb-5fd0-89e3-ac12979b690c', 'be8eca74-88dc-5f62-a6bb-1a0cde780aab', 114, 'unlisted', 'Secure Objective Playbook', '{"officia","velit ea consectetur ea","labore aute ex","elit reprehenderit do","eiusmod pariatur duis","voluptate","commodo sunt velit aliquip","consectetur Lorem","amet fugiat ut irure minim","sunt"}', DEFAULT, DEFAULT), ('ab58f5b2-4308-5685-a477-a4b54637b2a0', '1bf9a820-bb8f-59cd-8902-84a62a1aa29f', 111, 'unlisted', 'Roaming Support Plan', '{"laboris laborum aliquip dolore"}', DEFAULT, DEFAULT), ('025da8e7-6d47-53be-9689-b0604284733b', '6c52c1d9-13a4-51ef-ae51-1dacc4c14be9', 118, 'unlisted', 'Gank Heavy Approach', '{"est"}', DEFAULT, DEFAULT), ('cfc01e92-0e9c-5f58-b116-ac73af2ff344', '5f3671df-cc06-5a3d-87a6-e1e42e095fa3', 119, 'private', 'Baron Control Strategy', '{"Lorem non Lorem anim","reprehenderit ipsum ullamco"}', DEFAULT, DEFAULT), ('6c7a0737-5d09-56f1-9a60-9ca811b68d40', 'e4c44768-00c8-52e6-80f9-625972d5d9b9', 116, 'public', 'Late Game Scaling Strategy', '{}', DEFAULT, DEFAULT), ('b74b781d-f3ca-5ce2-a262-c20f23455d05', '110efd29-2979-5c30-b41f-b3bf832f48cd', 111, 'private', 'Team Fight Execution Plan', '{"duis"}', DEFAULT, DEFAULT), ('ae76c1cf-66c9-5bf7-8fc8-d1e1260ab8bd', '59fbbc7c-edc9-5d3c-9170-cf6acabbcd28', 114, 'public', 'Jungle Control Playbook', '{"esse","est proident id proident","ea nostrud"}', DEFAULT, DEFAULT), ('3267d96d-4a33-5c13-9ef8-eb9652f76262', '2589cf16-4103-5a4f-b544-b30078083eaa', 115, 'public', 'Late Game Scaling Strategy', '{"deserunt sint","ipsum deserunt ipsum aute nostru","minim","dolor qui","sit et","consequat id id est cupidatat","anim ut mollit nisi","voluptate irure occaecat ut repr"}', DEFAULT, DEFAULT), ('272ce823-3f81-5671-93a8-93655178aa67', '8c5ef042-1b14-56ed-adba-e25d3960a3cf', 119, 'unlisted', 'Counter Pick Blueprint', '{"Lorem duis occaecat nulla","cupidatat elit est nisi","nulla nulla minim","aute velit excepteur occaecat la","eu irure"}', DEFAULT, DEFAULT), ('0cd365ac-6479-5889-b532-b02ce5d93b9f', '59fbbc7c-edc9-5d3c-9170-cf6acabbcd28', 111, 'unlisted', 'Wave Management Plan', '{"enim labore veniam","ut mollit minim sunt","est commodo deserunt","dolor Lorem","est non eu tempor minim","duis consectetur ad","quis nostrud","tempor velit"}', DEFAULT, DEFAULT), ('d1c31a1f-140d-5b01-95f7-3fc15003186c', '92bf5244-388d-5bbf-bd84-1c7ad2efe31b', 112, 'public', 'Baron Control Strategy', '{"non nisi magna"}', DEFAULT, DEFAULT), ('139e14ed-bbf1-5d48-a6cc-84c72c891164', 'af5fa9a8-f7df-5a87-830c-3e8d39f06eae', 114, 'unlisted', 'Jungle Control Playbook', '{"proident","ex","enim consectetur fugiat","fugiat veniam eiusmod","voluptate ex","adipisicing","qui sunt et","occaecat dolore est"}', DEFAULT, DEFAULT), ('586f1ac8-f524-5f8c-88e2-184c02d5ef6d', '94a106f5-e21c-5e45-83f2-58d10f738b53', 120, 'private', 'Aggressive Rush Strategy', '{"laborum aute velit","qui","non mollit"}', DEFAULT, DEFAULT), ('62075432-2441-5ae8-a3d3-0c53f1490707', '960932a7-c474-5ba2-97bb-0581aeeca485', 116, 'public', 'Vision Denial Blueprint', '{"veniam dolor adipisicing eu","ullamco ipsum dolor et","officia cillum officia deserunt","aute labore ea"}', DEFAULT, DEFAULT), ('7e2a3012-f429-5959-8e79-e27f888f9ce7', 'cca70ca2-d109-5c60-965d-ab86b151a58f', 113, 'public', 'Baron Control Strategy', '{"amet","deserunt laboris","nostrud voluptate","eiusmod amet ad aute","do aliquip deserunt anim","est incididunt"}', DEFAULT, DEFAULT), ('b8821e56-73f0-54d5-b485-728d64492250', '5c279176-af23-560b-90c9-533a7e485b05', 113, 'private', 'Gank Heavy Approach', '{"sit","voluptate","irure sit","veniam incididunt non aute","sunt","laboris","eiusmod ea eiusmod","est anim esse laborum"}', DEFAULT, DEFAULT), ('41c6ea7f-18a9-55e6-b2ba-f0f4f40a17bf', 'ab07c47c-511a-5092-acb9-cbf862e0076b', 113, 'unlisted', 'Siege Tactics Handbook', '{"ullamco tempor dolor","esse deserunt laboris incididunt","veniam","duis commodo laborum duis sint"}', DEFAULT, DEFAULT), ('6071eb55-6bca-516b-b2e7-cdcdc70b2f27', '19495f2f-99a6-5394-9596-a1d3fb0d3196', 114, 'private', 'Rotation Strategy Document', '{"excepteur ea pariatur eu elit","irure cillum aute"}', DEFAULT, DEFAULT), ('d7cdb9d2-07a6-5208-bc43-84429587c78d', 'd00c085d-72d6-5114-a5fd-ba818539c2f7', 114, 'private', 'Gank Heavy Approach', '{"dolore veniam","mollit incididunt sit ullamco","officia do exercitation cupidata","et sunt"}', DEFAULT, DEFAULT), ('edba76b8-16c2-5d65-8407-7c8846b18c8d', '09204188-e618-5728-88fc-034120742c41', 119, 'private', 'Defensive Turtle Tactics', '{"aliquip voluptate","magna ipsum","voluptate aliquip labore","id ut","pariatur excepteur","duis","ex cillum veniam fugiat ullamco","ea ex pariatur"}', DEFAULT, DEFAULT), ('4961b154-685f-5c2d-b1f1-598100239ea4', 'b88b1af1-79fe-5af5-9c91-0c77ed20973b', 112, 'public', 'Early Game Dominance Guide', '{"esse laboris do eu laborum","incididunt ad qui qui ad","do commodo magna ullamco","cillum pariatur ut ex","dolore aliqua nisi"}', DEFAULT, DEFAULT), ('81b648c1-576c-5086-ba4f-2125060d9cf0', '2d1d7734-be70-5d07-a538-e76c6cae722e', 116, 'unlisted', 'Siege Tactics Handbook', '{"sunt excepteur mollit fugiat","ea","ullamco","velit quis nostrud","quis","adipisicing dolore consectetur d"}', DEFAULT, DEFAULT), ('edcc20e9-95a3-50eb-b84c-a2ac5801dd1f', '8babc841-00b0-585f-9ca3-85ef68fec1f7', 117, 'private', 'Objective Focused Strategy', '{"et voluptate voluptate","eiusmod id nostrud deserunt","aliqua deserunt ullamco","eu Lorem","ea laboris","reprehenderit","veniam","duis sunt ea"}', DEFAULT, DEFAULT), ('0f7963e1-2931-5603-b1f8-5f29e095a36f', '549980e7-3e77-5d76-b263-84664d04b209', 118, 'private', 'Aggressive Rush Strategy', '{"do consectetur ipsum","do ut est amet ipsum","dolore ut cillum non dolor","ullamco veniam reprehenderit occ","aliqua officia","cupidatat","incididunt aliqua tempor eu","proident qui"}', DEFAULT, DEFAULT), ('d90cf80e-490d-5c8c-85cc-9c761060fca5', 'f561c33d-0589-5163-a677-f2a1eb6b3322', 119, 'public', 'Defensive Turtle Tactics', '{"deserunt aliqua reprehenderit","laboris","aliqua est","enim dolor amet id","exercitation commodo mollit","in"}', DEFAULT, DEFAULT), ('84a00f8f-8f65-512e-a89a-396ebb944774', 'eb3e804d-5ed0-59a1-900b-3b0f9b2cb577', 120, 'unlisted', 'Counter Pick Blueprint', '{"eiusmod elit duis","exercitation ex","eiusmod dolor fugiat adipisicing","in eiusmod","enim tempor amet duis excepteur","enim deserunt"}', DEFAULT, DEFAULT), ('24530daa-18f4-5736-824e-740b98d86f84', 'fd8e258e-4711-5b22-b0f3-1f5725eb642f', 118, 'public', 'Objective Focused Strategy', '{"laboris irure esse","esse"}', DEFAULT, DEFAULT), ('cef44dbb-01f1-53f9-a51f-bce20b8c9729', '061a9df6-5f3b-55cf-9879-eec1a4061457', 115, 'private', 'Gank Heavy Approach', '{"veniam laboris","eiusmod aliqua Lorem commodo","dolor","proident aliqua incididunt","duis adipisicing nisi esse","tempor qui exercitation non","ea officia laborum id","deserunt ipsum"}', DEFAULT, DEFAULT), ('2f432e43-c578-5d3f-a9f6-658650551fe1', '09bca3f4-0d37-5f5a-b637-9d7942a17cff', 117, 'public', 'Vision Denial Blueprint', '{"do sit consequat","incididunt ullamco labore adipis","Lorem anim reprehenderit","magna incididunt","et officia nostrud magna","voluptate do","occaecat dolore ullamco"}', DEFAULT, DEFAULT), ('9e0ad23d-bafe-536b-a992-47ea353cf3b5', '5f651c76-ceba-56db-bd60-512d4079ec53', 119, 'unlisted', 'Gank Heavy Approach', '{"do mollit","enim dolor eiusmod","aute quis pariatur","voluptate tempor eu","nulla aute","veniam elit magna cupidatat sint"}', DEFAULT, DEFAULT), ('ba4f3542-9d48-574a-8df6-823d78106037', '6a3486ce-c3fa-519b-8ad1-f329a5c3ee43', 115, 'public', 'Defensive Turtle Tactics', '{"labore"}', DEFAULT, DEFAULT), ('d5920fa6-848e-5195-b671-9577ccf74a26', 'cda3814f-c14d-5dcf-a835-797df84f6d99', 117, 'public', 'Roaming Support Plan', '{"eu culpa occaecat cupidatat magn","minim dolor officia"}', DEFAULT, DEFAULT), ('60e1ec45-4b3f-5cd2-b9e9-a6fd50c32391', 'be8eca74-88dc-5f62-a6bb-1a0cde780aab', 120, 'public', 'Vision Denial Blueprint', '{"id ut commodo pariatur magna","voluptate eu tempor ipsum fugiat","deserunt et","est non eu","officia labore","velit tempor mollit exercitation","nulla id qui voluptate","labore non irure","est do commodo"}', DEFAULT, DEFAULT), ('4152396c-eaf9-5aeb-9b7d-6c26ad4d722c', '9af6e0ef-7015-5390-856a-705032c2e40e', 118, 'unlisted', 'Defensive Turtle Tactics', '{"veniam cupidatat qui","laborum sunt aute","est irure dolor dolore","eiusmod sunt irure aliqua","ullamco et Lorem reprehenderit","voluptate quis","irure laboris sint commodo","cupidatat dolor quis eu","ex do in nostrud voluptate"}', DEFAULT, DEFAULT), ('82c66b9e-374b-5deb-960b-0b761f066806', 'd6d4ebe8-fe3c-5e62-98d8-e678f356450c', 116, 'public', 'Late Game Scaling Strategy', '{"Lorem aute ex","mollit reprehenderit ipsum ex de","eu et culpa"}', DEFAULT, DEFAULT), ('cb1a8444-be9e-581c-8a1e-9f0d5870d484', 'd2268e40-fa6d-5300-9f01-b7cc8f9018e3', 111, 'public', 'Wave Management Plan', '{"laboris sit cupidatat","mollit sit sint reprehenderit","ex tempor id","quis et","cupidatat commodo","deserunt cupidatat sunt","duis eu deserunt aliqua","in","est minim ut ipsum"}', DEFAULT, DEFAULT), ('b4086fbf-8b55-5b20-af96-270e53efd260', '2386fe50-4da3-5ca3-b993-046dc48afb23', 117, 'unlisted', 'Siege Tactics Handbook', '{}', DEFAULT, DEFAULT), ('7dc2a385-02fd-5e9e-8ca3-480d310ce988', '5dedc9b9-eec3-5ace-a95b-d7817834d9af', 112, 'unlisted', 'Late Game Scaling Strategy', '{"amet deserunt","voluptate incididunt","cillum commodo","occaecat adipisicing nisi enim","laborum aute fugiat","ea cupidatat consectetur","sit dolor quis qui est","consequat quis","laborum laboris officia aliquip ","aliquip non officia mollit et"}', DEFAULT, DEFAULT), ('bd010a0a-cb39-59ee-8218-e7f775ac9a01', 'd1b6355b-0594-5d07-b55b-72d2c66a1391', 118, 'private', 'Counter Pick Blueprint', '{"cillum labore esse aliquip","labore deserunt aliquip commodo","sunt ea","enim aliquip Lorem culpa"}', DEFAULT, DEFAULT), ('eb100a5e-fbbc-5189-b323-e08ca1ddf4b2', '1d01e569-eec7-553a-916b-70c8b1d0f9ec', 117, 'public', 'Map Control Blueprint', '{"voluptate consectetur est eu","sunt ut dolore","id excepteur mollit qui","irure officia nostrud nostrud","deserunt minim veniam","nostrud et","qui ad proident","consectetur sunt irure"}', DEFAULT, DEFAULT), ('e43c6b3b-10fe-54f2-a09c-2f23976dbe42', '36f6f3ba-e867-5008-b6c1-829e989f9d2f', 113, 'public', 'Counter Pick Blueprint', '{"qui deserunt","officia labore aliquip","velit consectetur esse","nisi duis"}', DEFAULT, DEFAULT), ('145f2d17-d2b0-59ee-98c0-d8b6d6c741cd', '9e6824f3-dac2-540f-9e3d-8797171dab14', 115, 'unlisted', 'Wave Management Plan', '{"dolore ea","deserunt ullamco","mollit sunt","reprehenderit","duis minim proident","cillum sunt incididunt in","proident tempor amet cillum","nostrud dolore","magna"}', DEFAULT, DEFAULT), ('27b7fc92-c399-5aec-bc43-ea4a7d41c984', 'b576de0c-954e-5345-a9e7-0d691c52341a', 117, 'unlisted', 'Gank Heavy Approach', '{"non occaecat eu labore Lorem","culpa qui","culpa occaecat","elit eiusmod","culpa","cillum consequat officia","et do ipsum"}', DEFAULT, DEFAULT), ('16e13bc2-bae9-5a1b-a23b-7f2503b73a03', '1332e392-1ac8-57d9-8262-948f66c89fe9', 115, 'private', 'Baron Control Strategy', '{"qui","excepteur dolor mollit pariatur","amet"}', DEFAULT, DEFAULT), ('fb9a721d-7da1-577d-a721-ae00139d250b', '94170f3d-888c-58bc-bc18-13592bfb52c5', 119, 'unlisted', 'Aggressive Rush Strategy', '{"officia ad","mollit adipisicing dolor labore","dolor minim occaecat laborum","nulla deserunt adipisicing aute","non ex elit culpa","id officia quis eiusmod","nostrud sunt exercitation aute","proident labore"}', DEFAULT, DEFAULT), ('8514b549-2321-5223-bcae-362fbfc61c61', '5dd9c208-a224-5712-b987-eab6b9a89e23', 111, 'private', 'Split Push Blueprint', '{"veniam ea","dolore","reprehenderit laborum dolore occ","eiusmod labore ad ex nostrud","dolor qui nostrud"}', DEFAULT, DEFAULT), ('8d222d98-29f0-5123-b99d-cc9f19493b20', 'fe24988b-bca5-5bf5-be0f-c92da7b2cbe1', 118, 'public', 'Aggressive Rush Strategy', '{"elit cillum excepteur velit"}', DEFAULT, DEFAULT), ('5ba895cd-4107-5c9d-a9cb-bd2d24899776', '98bf31df-37fd-5af6-86dd-8686cdc35eeb', 117, 'private', 'Vision Denial Blueprint', '{"nulla deserunt sint voluptate"}', DEFAULT, DEFAULT), ('73b23aba-b5e2-5b24-b442-00922b22f275', '897e7fb9-bd9c-59e3-afc7-d1c31ec7ef34', 114, 'private', 'Jungle Control Playbook', '{"cupidatat pariatur","labore cupidatat Lorem","deserunt aliqua ut dolor","ad","dolore sunt","cupidatat qui","in ea qui","qui duis"}', DEFAULT, DEFAULT), ('0e1a0168-a26a-5feb-9c91-7bd40d62afcc', '09204188-e618-5728-88fc-034120742c41', 117, 'private', 'Map Control Blueprint', '{"in amet"}', DEFAULT, DEFAULT), ('9348bed0-a52a-59cd-98df-ed8ab48ba4f7', '290e51c6-7ff6-5db4-8f40-69dda051b66c', 116, 'private', 'Defensive Turtle Tactics', '{"eu sunt pariatur ullamco","qui nulla","tempor consectetur","ipsum exercitation cupidatat ad ","ea","mollit tempor","ipsum anim dolor"}', DEFAULT, DEFAULT), ('1507f034-16ba-5219-b927-72f72394b9da', '28e4b717-ba20-5ce6-96db-f08421aa2fc7', 120, 'unlisted', 'Wave Management Plan', '{"ex id voluptate sit","adipisicing exercitation est cul","esse enim","tempor voluptate sit","ipsum excepteur deserunt aliqua","deserunt Lorem sit proident eu","ex eu aliqua","sit irure labore nisi ad","ex in sunt","labore quis dolore ad"}', DEFAULT, DEFAULT), ('3d6517ba-6968-54c9-9934-5dca00f20f48', '9a2c5b91-3c65-50ae-8188-68db1f1edfc4', 118, 'private', 'Defensive Turtle Tactics', '{"dolor adipisicing laborum","magna amet tempor","eiusmod nisi velit nulla","est cupidatat enim","eu ut","nisi fugiat ad laborum"}', DEFAULT, DEFAULT), ('253eb1a7-6466-5751-bb80-ba728a9d5688', '40747f76-ad34-5508-ba43-ef538c943cc0', 120, 'public', 'Split Push Blueprint', '{"cupidatat","laboris ipsum nulla sint","nisi exercitation","labore eu","duis cupidatat","consectetur fugiat","incididunt do excepteur incididu","fugiat incididunt do commodo","labore qui quis fugiat ipsum"}', DEFAULT, DEFAULT), ('84afba7a-f643-5519-b420-54d83f591e9d', '8a0a556f-d942-55f0-8ba8-1ffbfaf3c6d9', 115, 'unlisted', 'Roaming Support Plan', '{"velit fugiat","non","nulla","consectetur et","voluptate ad","veniam laboris elit","aute occaecat ex"}', DEFAULT, DEFAULT), ('59b35be9-9d21-5b79-8875-4954a08d7239', '3d58489a-e732-5fe3-9fa1-7d8615a17b59', 115, 'public', 'Late Game Scaling Strategy', '{"minim reprehenderit do qui","cillum excepteur do","eu cillum duis","ullamco cillum labore id excepte","exercitation irure","fugiat","exercitation"}', DEFAULT, DEFAULT), ('b3ff9604-63d2-533f-8bbb-d5f0486381ad', '9af6e0ef-7015-5390-856a-705032c2e40e', 115, 'unlisted', 'Rotation Strategy Document', '{}', DEFAULT, DEFAULT), ('bcc899da-7629-5e0e-b560-5f5f6e7060e1', 'a8212e1b-5577-5c28-9c38-2d4fbd753550', 119, 'private', 'Counter Pick Blueprint', '{"ipsum veniam est","aliquip sint est sit enim"}', DEFAULT, DEFAULT), ('96dbca51-d731-5e2c-a3d4-62e8f0faa072', '0fa12fcf-97e2-5065-a698-e366ca117702', 115, 'unlisted', 'Map Control Blueprint', '{"eiusmod enim","magna consequat","consectetur id est laboris","deserunt esse non aliquip"}', DEFAULT, DEFAULT), ('fc633e1f-14b8-590b-a0ba-c22147aaeeb4', 'eff6dde6-e4aa-5c61-9818-5d7ae0bf58b7', 116, 'private', 'Secure Objective Playbook', '{}', DEFAULT, DEFAULT), ('49af1081-9f3e-5569-af2e-1029eb808baf', 'd073b0b8-955f-5aab-9c76-3aebe9fa08b6', 114, 'public', 'Late Game Scaling Strategy', '{"pariatur labore adipisicing","velit ut dolor quis"}', DEFAULT, DEFAULT), ('28c7fcd5-dc0b-528f-92f0-3e19e7b94b50', 'ee198d66-a798-52a5-8b79-9931f7b835e3', 119, 'public', 'Gank Heavy Approach', '{"voluptate cillum do","nisi","Lorem occaecat officia dolore ve","enim aute dolor eiusmod","tempor dolore elit amet nulla","laboris Lorem mollit","laborum ad irure","tempor"}', DEFAULT, DEFAULT), ('38780d0a-620c-5420-b84b-aa917e5db8c1', 'fe24988b-bca5-5bf5-be0f-c92da7b2cbe1', 111, 'unlisted', 'Aggressive Rush Strategy', '{"veniam Lorem","officia deserunt voluptate","id esse sint","consectetur et do Lorem"}', DEFAULT, DEFAULT), ('535c1e86-4fb0-59ea-8076-b54244994b61', 'b737f334-53a3-585e-98d7-69fce744e35e', 116, 'unlisted', 'Split Push Blueprint', '{"est sunt","esse elit deserunt","aliquip occaecat occaecat"}', DEFAULT, DEFAULT), ('5e181f1c-b93c-59a3-a161-c4d4e29f775e', '6c3f6730-2b1a-5e27-97de-caacad0bb1a5', 114, 'unlisted', 'Secure Objective Playbook', '{"culpa dolore"}', DEFAULT, DEFAULT), ('0cd34502-daee-52d8-b8a4-7aa032065e8a', 'cfbfd1d4-e77f-57e5-94da-e9ff2cc7a996', 112, 'public', 'Objective Focused Strategy', '{"laborum ullamco"}', DEFAULT, DEFAULT), ('6c9b6808-e737-5f8f-b196-93c0598b34b9', '70b4d1da-5ee3-5bd6-aecb-9af8ab670b84', 117, 'public', 'Roaming Support Plan', '{"culpa excepteur reprehenderit el"}', DEFAULT, DEFAULT), ('f498173a-b4a1-5b37-ad0b-67596b4fe0ac', '763ebb5f-add9-59ff-9a26-6b4030dae259', 118, 'unlisted', 'Siege Tactics Handbook', '{"pariatur officia consectetur","enim"}', DEFAULT, DEFAULT), ('b0d542cd-fe80-5cad-9bd6-a81d0ed1c2f4', '59fbbc7c-edc9-5d3c-9170-cf6acabbcd28', 118, 'unlisted', 'Vision Control Blueprint', '{"minim anim laborum elit","dolor","cupidatat esse anim deserunt","ipsum commodo","cillum qui ut laborum ex","cupidatat velit reprehenderit","minim consequat exercitation dol","id nostrud sunt","amet excepteur pariatur laboris"}', DEFAULT, DEFAULT), ('cd506b7e-0f7c-526c-b650-bb799376c313', '290bcd64-8663-5670-8efa-64e864979bbb', 112, 'unlisted', 'Gank Heavy Approach', '{"minim","amet fugiat amet sunt","labore occaecat eiusmod magna eu","nostrud ex","excepteur exercitation sunt nost"}', DEFAULT, DEFAULT), ('d625f518-4ec3-51e2-95c0-6cf965668d68', '91434b27-2651-5429-8f42-45c3f8e334a0', 118, 'public', 'Wave Management Plan', '{"fugiat labore","excepteur tempor occaecat conseq","labore amet aliquip Lorem"}', DEFAULT, DEFAULT), ('66b76653-1cc5-50ef-a109-c059c945f253', '98bf31df-37fd-5af6-86dd-8686cdc35eeb', 119, 'private', 'Team Fight Execution Plan', '{"voluptate in in anim","non voluptate nulla","do exercitation in excepteur lab","adipisicing reprehenderit et fug"}', DEFAULT, DEFAULT), ('a6dbcc80-e965-5682-9448-6a65a83787b3', 'fe24988b-bca5-5bf5-be0f-c92da7b2cbe1', 111, 'public', 'Roaming Support Plan', '{"qui in culpa","duis anim et anim excepteur","aute consectetur consequat","Lorem eiusmod veniam mollit"}', DEFAULT, DEFAULT), ('c4d9fc37-aa2c-5cf4-8cef-779723958882', '830a4bb5-d929-5c1b-94fc-74a53795cc52', 119, 'unlisted', 'Vision Control Blueprint', '{"dolor voluptate tempor sint veni","ut adipisicing Lorem laboris","nostrud voluptate dolor consecte","pariatur qui magna ex","reprehenderit exercitation","sit mollit ipsum","qui elit","dolore aute excepteur elit aliqu","non culpa anim"}', DEFAULT, DEFAULT), ('cbdcc83c-77a1-5d75-ace8-183321930672', 'eb3e804d-5ed0-59a1-900b-3b0f9b2cb577', 113, 'private', 'Map Control Blueprint', '{"id aute pariatur minim","ex","in velit laborum sit","elit","cillum irure","nisi officia tempor","Lorem in aliqua aute ullamco","eu","est"}', DEFAULT, DEFAULT), ('46b593cf-05b9-5316-ba74-ef4cf062dcc9', '24739a88-19c7-5534-a982-957c164117c4', 115, 'unlisted', 'Vision Control Blueprint', '{"elit","excepteur ex","dolor nostrud"}', DEFAULT, DEFAULT), ('1770dbe6-c529-520b-a36c-454b023ccb2c', 'd00c085d-72d6-5114-a5fd-ba818539c2f7', 116, 'public', 'Roaming Support Plan', '{"mollit sunt esse","fugiat ullamco ipsum aute Lorem","quis"}', DEFAULT, DEFAULT), ('65973815-006c-531b-b69f-bd5d086f7786', '47e5d6a1-6a7c-5068-97e6-b73d6f3b47c1', 118, 'unlisted', 'Wave Management Plan', '{"do nulla exercitation aliquip ei","proident elit velit","esse sint id","enim incididunt sit amet duis","cillum proident nisi reprehender","occaecat adipisicing ex proident","enim duis eiusmod enim","tempor ut nisi ullamco"}', DEFAULT, DEFAULT), ('0cd413aa-1a82-5832-9edb-17fd5c059a41', '2764351d-73bf-5124-a613-660cd57f91dd', 120, 'private', 'Vision Denial Blueprint', '{"culpa anim ex ad exercitation"}', DEFAULT, DEFAULT), ('5153bc7b-cd04-5c5e-83e9-7b7a5a1390e6', '88133dcb-8b00-5c2c-aee5-9f0743f5239d', 114, 'public', 'Roaming Support Plan', '{"esse","magna ipsum ipsum","excepteur proident anim","voluptate occaecat labore","dolore ex","veniam excepteur aliquip elit ve","nisi veniam quis in","minim nostrud nostrud minim veni"}', DEFAULT, DEFAULT), ('bd276dfa-2ddb-52c7-9feb-6d2cc281335e', 'fbbb9719-f3d1-5ce2-b584-4b70bf5bb135', 112, 'private', 'Map Control Blueprint', '{"esse sunt","officia excepteur ex ipsum","in ipsum occaecat","non anim aliqua","et ad cupidatat ut","aliquip","eu"}', DEFAULT, DEFAULT), ('12cafb5f-6adc-5f24-a738-9455dde3eb2a', '8c5ef042-1b14-56ed-adba-e25d3960a3cf', 112, 'public', 'Wave Management Plan', '{"commodo reprehenderit minim est","officia","cillum consequat","officia culpa ipsum ullamco veni","veniam mollit culpa elit nulla","exercitation quis irure","reprehenderit","amet anim reprehenderit","pariatur sit laboris"}', DEFAULT, DEFAULT), ('e017f166-fa51-5fb5-af86-6fc41cad9674', 'cd1520c4-af17-5e1e-b5b0-a9e95f36a7c4', 112, 'private', 'Secure Objective Playbook', '{"non ullamco dolore sit mollit","velit in anim","amet","sit do","aliqua enim","adipisicing voluptate veniam","pariatur velit","irure dolor consectetur velit","anim nisi exercitation consequat"}', DEFAULT, DEFAULT), ('544f27bb-a8e9-5b6b-8ec7-f1cfe91406e2', '34e08312-6163-54ad-8f00-271b535d720e', 115, 'public', 'Wave Management Plan', '{"nostrud dolor","sint velit nulla incididunt occa","aliqua incididunt","reprehenderit dolore commodo","quis et non","magna"}', DEFAULT, DEFAULT), ('a704d0a7-ee9e-5aa5-bba9-aff3556d41a2', '91434b27-2651-5429-8f42-45c3f8e334a0', 115, 'private', 'Wave Management Plan', '{"est qui reprehenderit","in qui","adipisicing quis fugiat","id excepteur"}', DEFAULT, DEFAULT), ('a758f3b0-169f-56a9-80db-acb9f3972464', 'ba60341e-ffca-5a8d-85d2-58afc6ff269c', 112, 'public', 'Defensive Turtle Tactics', '{"cillum sint ad","sunt incididunt esse ea","in nostrud excepteur"}', DEFAULT, DEFAULT), ('1ebb07c2-9cc9-56df-b9e3-71837bafdca1', '9e6824f3-dac2-540f-9e3d-8797171dab14', 115, 'unlisted', 'Early Game Dominance Guide', '{"enim enim velit dolore velit","consequat irure minim esse","cupidatat","excepteur laboris"}', DEFAULT, DEFAULT), ('217c4ba5-3ca5-503f-8fcd-2cf91341f163', '1332e392-1ac8-57d9-8262-948f66c89fe9', 119, 'public', 'Vision Control Blueprint', '{"mollit duis reprehenderit in non"}', DEFAULT, DEFAULT), ('63c64b00-d130-5928-b403-258ebdb17248', 'c3c19070-f0b8-5d8b-8806-a00d5fe919aa', 119, 'private', 'Early Game Dominance Guide', '{"esse non","aliquip anim ad culpa","labore ipsum qui laborum","eiusmod velit"}', DEFAULT, DEFAULT), ('0deb1a0e-8f26-576f-af23-e26ef824ea0b', 'd073b0b8-955f-5aab-9c76-3aebe9fa08b6', 120, 'unlisted', 'Split Push Blueprint', '{"consequat et velit consectetur","ipsum adipisicing esse"}', DEFAULT, DEFAULT), ('924718ca-0525-5af0-b71a-2560f2cc09a0', 'dc58dd7b-bb54-5abe-8208-becc5e0561ad', 118, 'public', 'Map Control Blueprint', '{"consectetur adipisicing eiusmod "}', DEFAULT, DEFAULT), ('877842c0-f0dc-575b-a7ad-30915aaaeebe', 'cb82a658-7a6b-5f53-8103-de934a9d041a', 112, 'private', 'Secure Objective Playbook', '{"dolore sunt","aute laboris nisi ut","do nulla","consequat do","nostrud Lorem"}', DEFAULT, DEFAULT), ('ebce0b2a-b558-5f18-bddc-2af385fe3118', '9e6824f3-dac2-540f-9e3d-8797171dab14', 115, 'unlisted', 'Baron Control Strategy', '{"laborum duis velit enim"}', DEFAULT, DEFAULT), ('67f00577-22b1-541a-b8eb-43f4241ec322', '6c1a8703-574c-5f71-a1b1-63956f35fc49', 112, 'private', 'Objective Focused Strategy', '{"laborum laborum voluptate anim","ad proident pariatur exercitatio","velit velit non","deserunt incididunt","velit pariatur","do veniam id labore","cillum","et","aliquip sit","pariatur"}', DEFAULT, DEFAULT), ('5c1d9b7d-9f54-545c-ae19-f60dd5ff1d25', '8babc841-00b0-585f-9ca3-85ef68fec1f7', 113, 'unlisted', 'Aggressive Rush Strategy', '{"elit laborum","dolore occaecat in dolore in"}', DEFAULT, DEFAULT), ('339c2395-3fcf-5f3b-90ec-90611b01fa37', '5783cab4-e010-523b-b893-81b388f43d06', 115, 'public', 'Early Game Dominance Guide', '{"incididunt tempor qui sunt","enim nulla laboris","in aliquip enim consequat"}', DEFAULT, DEFAULT), ('3e26da35-99ab-5fee-95a6-ca3120af490b', 'b67e09de-df70-515b-91d0-6e53f3b4a58a', 119, 'unlisted', 'Vision Control Blueprint', '{"amet ut consequat","cillum ut tempor veniam eiusmod","anim nostrud","deserunt labore ipsum aute","nostrud cillum mollit mollit cil","quis ad quis","ex qui","culpa culpa id","dolore cupidatat"}', DEFAULT, DEFAULT), ('540a4921-798c-58f1-8dda-fbb9b912bb43', '62507209-107c-55b5-9f47-9cad3cb25da5', 120, 'unlisted', 'Vision Denial Blueprint', '{"est adipisicing elit","tempor cupidatat mollit","do amet sit","aliquip quis duis","excepteur enim","incididunt cillum officia enim","sunt","nisi duis Lorem aliquip anim","ipsum do non anim"}', DEFAULT, DEFAULT), ('81b847bf-bc05-538e-bdc5-721f48634b78', '9f273059-bf49-55a4-bf95-e6bedcccffe3', 112, 'unlisted', 'Gank Heavy Approach', '{"culpa magna dolore minim fugiat","non do cillum occaecat ea","duis ullamco incididunt eiusmod","aliqua","deserunt","sunt tempor","in velit"}', DEFAULT, DEFAULT), ('2c9d2493-4412-5eae-aa39-69858c4bfd99', '7d0c4d54-58ae-5ddf-b108-590171e8655a', 118, 'private', 'Gank Heavy Approach', '{"consequat eu aliqua proident ess","commodo aliqua reprehenderit tem","ut in"}', DEFAULT, DEFAULT), ('51ef9256-0eab-579a-868b-52c27ddf10e9', 'b5f933d0-c28e-517c-9fca-d9e38dc742a2', 114, 'unlisted', 'Early Game Dominance Guide', '{"consectetur","aliqua laborum fugiat cillum","esse pariatur","consectetur in occaecat","ad quis aliquip","et anim non incididunt","quis enim"}', DEFAULT, DEFAULT), ('d6ceb82b-4af2-5d8a-96c1-8d6a9db93a31', 'b88b1af1-79fe-5af5-9c91-0c77ed20973b', 112, 'public', 'Aggressive Rush Strategy', '{"laborum amet occaecat amet sunt","anim laborum consequat duis","et cupidatat cupidatat","ut nostrud sunt","deserunt ullamco ipsum","amet incididunt qui","aute ullamco","proident magna aute","veniam ea eiusmod"}', DEFAULT, DEFAULT), ('01ae0a36-6172-5c0a-baff-6c1805e0976a', '262a78c7-eb9d-5e1a-8e58-41ecb0c31fbd', 119, 'public', 'Wave Management Plan', '{"eu","ipsum quis","aliqua laborum sit culpa","ullamco nostrud laborum fugiat p"}', DEFAULT, DEFAULT), ('df70af8b-9578-5bd7-9fd6-02ad92eaedca', '0fa12fcf-97e2-5065-a698-e366ca117702', 119, 'unlisted', 'Gank Heavy Approach', '{"excepteur aliqua ullamco","laboris commodo minim cupidatat","consequat","esse aliquip","eu eiusmod ullamco","anim","ipsum ipsum id","anim magna","cillum ullamco enim consequat"}', DEFAULT, DEFAULT), ('82fca927-01aa-5c29-8d7a-7a868f9ba6ea', 'f3376d8d-17f3-5259-a5b0-af6d5e21e7e2', 115, 'public', 'Rotation Strategy Document', '{"fugiat laborum","mollit sunt","tempor sint deserunt nisi non"}', DEFAULT, DEFAULT), ('4e5550d4-d39a-56c3-8f19-971fdeeb787e', '6be2b5fd-c70d-5fcd-9e56-f561a4756a4c', 114, 'unlisted', 'Vision Denial Blueprint', '{"dolore consectetur culpa","in adipisicing incididunt","enim deserunt","minim velit nostrud laboris","laboris fugiat excepteur do proi","reprehenderit deserunt sunt","exercitation minim id nisi id","commodo incididunt sint","consectetur sint deserunt"}', DEFAULT, DEFAULT), ('83ec5ac5-8c23-5e38-8151-36af62098fff', '94a106f5-e21c-5e45-83f2-58d10f738b53', 111, 'private', 'Siege Tactics Handbook', '{}', DEFAULT, DEFAULT), ('d1996167-52fb-5e4a-b849-75efada773e6', 'a9072b83-7976-58e9-a9c4-45664532f42e', 113, 'unlisted', 'Defensive Turtle Tactics', '{"ea eiusmod reprehenderit qui","minim","exercitation","nisi exercitation irure","nulla velit pariatur ea","enim aute do","est","non ad"}', DEFAULT, DEFAULT), ('1818e464-6a87-5266-8677-c069741c3ab2', '7a86b477-8922-5c78-85b7-47a44d6877c0', 117, 'unlisted', 'Vision Control Blueprint', '{"deserunt aute nostrud id nisi","incididunt ipsum velit eiusmod a","commodo magna ea","in et ipsum","anim Lorem ullamco excepteur off","commodo mollit velit consequat a","aliqua nisi duis nulla","minim occaecat do"}', DEFAULT, DEFAULT), ('13ebb239-29e1-53ff-93b0-d55e3db05a11', '71edf17f-e471-58c3-bbf8-8111bd6c7c8e', 111, 'unlisted', 'Baron Control Strategy', '{"reprehenderit laborum nisi aliqu"}', DEFAULT, DEFAULT), ('a0a63713-f2dd-56aa-98a3-f6a26bcae5b9', 'e3d228a7-535a-59dc-a321-d2a2142ee80e', 120, 'unlisted', 'Jungle Control Playbook', '{"est officia occaecat eiusmod off","veniam ullamco enim mollit","in aute aute eu velit","culpa","voluptate sunt veniam","consectetur","sit eiusmod mollit voluptate","minim fugiat mollit","et commodo excepteur","exercitation duis"}', DEFAULT, DEFAULT), ('4029bbad-86a6-5e60-a150-da0664c62b92', '7c0f6282-7933-5431-8e88-9d2b9f09f272', 112, 'private', 'Team Fight Execution Plan', '{"est velit anim elit sunt"}', DEFAULT, DEFAULT), ('6636a6a8-3a2d-5862-bb24-3e77bffdb640', 'b134c4e5-3e41-53b3-bf3f-7f4cf023e9d7', 118, 'private', 'Wave Management Plan', '{"deserunt in","officia proident ipsum adipisici","pariatur qui","anim ullamco minim eu fugiat","nulla velit esse","eiusmod duis","dolore"}', DEFAULT, DEFAULT), ('4ba85443-f89e-5d68-8d4a-da572969b0dd', '71edf17f-e471-58c3-bbf8-8111bd6c7c8e', 119, 'public', 'Split Push Blueprint', '{"qui dolore voluptate consectetur","est sit","ut cillum ipsum dolor ut","in irure non aliquip","ullamco tempor amet qui","id cupidatat tempor et","eiusmod enim nostrud","consectetur incididunt in commod"}', DEFAULT, DEFAULT), ('55fbf0ae-1fd2-57d5-9884-2ceca8eef8f3', '5f3671df-cc06-5a3d-87a6-e1e42e095fa3', 113, 'unlisted', 'Team Fight Execution Plan', '{"mollit laborum amet"}', DEFAULT, DEFAULT), ('c91a5204-a47c-5f58-8042-f917f2facb4b', 'd00c085d-72d6-5114-a5fd-ba818539c2f7', 119, 'public', 'Late Game Scaling Strategy', '{"id elit ad cillum"}', DEFAULT, DEFAULT), ('fdca53a8-e101-5585-90b8-82f7d3c1fc24', '6a248992-e0a8-5c27-8d71-fd2cfd3a1fd6', 119, 'public', 'Jungle Control Playbook', '{"laboris sit non duis dolore","commodo nulla ipsum","amet velit","ea","elit","ut anim id dolor esse"}', DEFAULT, DEFAULT), ('a76c18ad-af72-57b7-b165-f7757943d51e', '94170f3d-888c-58bc-bc18-13592bfb52c5', 119, 'unlisted', 'Jungle Control Playbook', '{"reprehenderit adipisicing dolor ","ut esse reprehenderit","eiusmod amet","cupidatat","reprehenderit sit in","minim voluptate cupidatat et qui","aliquip incididunt excepteur"}', DEFAULT, DEFAULT), ('bf7ffe87-c4e2-5aa1-86f7-2fdfa8315ff6', 'cb82a658-7a6b-5f53-8103-de934a9d041a', 114, 'unlisted', 'Gank Heavy Approach', '{}', DEFAULT, DEFAULT), ('764f06ba-b246-5c62-8e43-89fe991c749d', 'eecf8a7e-af2f-524d-a645-c5fba3ebda06', 115, 'public', 'Secure Objective Playbook', '{"culpa culpa do","aliqua","tempor pariatur","ipsum proident dolore","nisi ipsum occaecat Lorem"}', DEFAULT, DEFAULT), ('229d48f9-9e17-5f91-bd2c-3f3cdbae28c1', '70b4d1da-5ee3-5bd6-aecb-9af8ab670b84', 118, 'public', 'Counter Pick Blueprint', '{"elit voluptate in non","ipsum est officia enim","officia ex"}', DEFAULT, DEFAULT), ('505fdba9-c563-5897-bd99-f3fd7e6efb10', '9b1fc781-1e4e-56d2-bd68-0dc257a319c0', 113, 'private', 'Map Control Blueprint', '{"quis excepteur incididunt quis","deserunt Lorem","quis do et incididunt","consectetur laboris sit","laboris","magna aute Lorem","incididunt id fugiat ad","quis anim nulla","esse voluptate mollit"}', DEFAULT, DEFAULT), ('ad47e58b-6404-5eb4-b01c-1ab02b3af226', '2190cc4c-2cc5-5f9f-983d-55f70f31e468', 119, 'private', 'Gank Heavy Approach', '{"non","officia","voluptate","enim ea cupidatat","ea ex","non nulla labore cillum ullamco"}', DEFAULT, DEFAULT), ('4ae4f149-a1da-5a76-913f-5ea02c87f4e0', '9bcb6997-9423-57c0-978a-09ad67de00e3', 113, 'unlisted', 'Counter Pick Blueprint', '{"dolor ex ipsum qui","velit eiusmod ea anim"}', DEFAULT, DEFAULT), ('a85217e5-f8d6-5dd0-996b-8464fa1021ff', 'af85f96c-efbd-584c-bdd4-26c4e2f3e556', 119, 'public', 'Counter Pick Blueprint', '{"commodo Lorem sit","cupidatat aliquip pariatur commo","magna amet veniam","aliqua irure","tempor","officia sint voluptate velit"}', DEFAULT, DEFAULT), ('b21411a7-0afc-5cf3-81fc-471ab95f5d8d', '3ff60d7a-a4ad-54c5-a422-53b52cd53093', 118, 'unlisted', 'Vision Denial Blueprint', '{"ea id ex nulla","esse ea","elit laborum nostrud duis","amet fugiat dolor nulla","aliqua ut dolore tempor","excepteur voluptate"}', DEFAULT, DEFAULT), ('d37fd98f-746a-582e-a0fc-de28d96e48c5', '8bfeb6d5-d92f-5041-aa1b-39b8365c0a59', 111, 'public', 'Siege Tactics Handbook', '{"elit magna excepteur laboris aut","mollit ipsum nostrud nisi","enim enim","dolore","tempor et eiusmod ipsum","pariatur reprehenderit tempor of","magna mollit dolore commodo","ad veniam","ullamco"}', DEFAULT, DEFAULT), ('2dc53ff7-923f-50df-a732-82b60afbba2f', '5dedc9b9-eec3-5ace-a95b-d7817834d9af', 118, 'unlisted', 'Roaming Support Plan', '{"id","elit magna ipsum","veniam Lorem","pariatur esse in","qui duis aliqua"}', DEFAULT, DEFAULT), ('f9690101-a16f-5108-b391-78c9dba8aeee', 'f8fbdff1-11b4-54fa-ab90-292d82d3d353', 116, 'unlisted', 'Late Game Scaling Strategy', '{"aliqua eu ut sit ipsum","duis in","Lorem sit nostrud","esse ut laboris culpa","magna","do laboris minim eu","eu ad duis","nulla eiusmod occaecat excepteur"}', DEFAULT, DEFAULT), ('7441a375-e1c1-5111-b299-b73d6da10ca2', '70b4d1da-5ee3-5bd6-aecb-9af8ab670b84', 112, 'unlisted', 'Vision Denial Blueprint', '{"veniam consectetur anim","cillum consequat ullamco","commodo sint","enim proident esse"}', DEFAULT, DEFAULT), ('ca1d2bcf-5a98-5759-81b6-75e3ed47122a', '5da40fc6-2f9c-5273-8dcd-1032d525128a', 112, 'private', 'Objective Focused Strategy', '{"id aliqua tempor anim","do irure mollit cillum sit","ex culpa tempor","dolor","ad aliqua","proident Lorem","nulla cillum anim"}', DEFAULT, DEFAULT), ('77b1dab4-a856-5c18-bb24-053f8869bc5b', '9b74ca3b-f0ed-5aef-82da-739dcf602294', 114, 'private', 'Rotation Strategy Document', '{"est incididunt sunt nisi aliqua","id labore magna","anim ipsum est","velit","laborum sint","commodo eu commodo","occaecat sint occaecat","aliqua"}', DEFAULT, DEFAULT), ('08b3c695-d6fb-54e4-9ef2-bf508a57adc1', 'fe24988b-bca5-5bf5-be0f-c92da7b2cbe1', 116, 'public', 'Aggressive Rush Strategy', '{"aliqua"}', DEFAULT, DEFAULT), ('7dc16d02-274a-5e7f-bc31-6af29982313f', 'fbbb9719-f3d1-5ce2-b584-4b70bf5bb135', 117, 'private', 'Late Game Scaling Strategy', '{"aliquip adipisicing","voluptate veniam consequat volup","tempor reprehenderit","eu commodo enim","velit occaecat nisi minim","ipsum ad enim proident","occaecat amet","consequat aliqua"}', DEFAULT, DEFAULT), ('acad405c-f8e9-559b-bd11-e0ffc3bebca6', 'f8c28949-a64a-5955-ab9b-9c82a976b917', 111, 'unlisted', 'Siege Tactics Handbook', '{"cillum elit tempor id","velit dolor"}', DEFAULT, DEFAULT), ('16d95573-87cd-5d45-be45-e8a020ba40ac', 'dc376aff-9563-59fe-ac16-2760fcfb9752', 111, 'private', 'Counter Pick Blueprint', '{"nisi adipisicing","qui in est quis","sunt tempor voluptate aliquip","do irure","ullamco sit","anim eiusmod velit aliqua"}', DEFAULT, DEFAULT), ('5a993b43-eca0-563f-b6c9-fdd440759e85', 'a4b32498-f3a6-5110-a5b6-de20f0314c35', 115, 'unlisted', 'Team Fight Execution Plan', '{"excepteur","proident commodo culpa","qui velit","voluptate","tempor eiusmod","id duis magna aliqua culpa"}', DEFAULT, DEFAULT), ('f7bfc2c8-d52a-5806-97fd-77bd67d93b23', '225b2186-bb16-5b0a-b7be-47fd3c5a5cf9', 113, 'unlisted', 'Counter Pick Blueprint', '{"ipsum ex","nulla veniam","laboris","ullamco","irure do velit ut","occaecat tempor sit incididunt","occaecat sunt pariatur proident","aliqua magna pariatur laboris","laboris elit anim laborum nostru"}', DEFAULT, DEFAULT), ('748d5a8c-f2bf-5974-9c72-24f98b85813b', 'ae956930-bebe-5aad-83f8-b8d0cae36371', 112, 'private', 'Defensive Turtle Tactics', '{"qui labore","sunt reprehenderit pariatur","qui ex","adipisicing pariatur eiusmod","tempor et"}', DEFAULT, DEFAULT), ('808d9117-ba04-5cb0-8827-639e2642b0ee', '9f273059-bf49-55a4-bf95-e6bedcccffe3', 118, 'public', 'Team Fight Execution Plan', '{"reprehenderit nulla ex","tempor","commodo commodo","aute","laborum","anim proident","voluptate dolore cupidatat irure"}', DEFAULT, DEFAULT), ('e0185351-5b08-58b2-bd3e-c09965750112', 'beb6961f-fe15-549e-851d-4b848f0c22b3', 119, 'public', 'Roaming Support Plan', '{"minim proident reprehenderit ips","eu culpa enim commodo ut"}', DEFAULT, DEFAULT), ('993f7ab3-9b54-5771-a99e-0c6d75a1f37d', '3a804324-748d-571a-afad-6b9c20a35337', 114, 'unlisted', 'Late Game Scaling Strategy', '{"laboris nisi laboris sint","laboris amet enim","do","cupidatat et magna","dolor officia voluptate","est deserunt excepteur irure"}', DEFAULT, DEFAULT), ('bdb5114a-76d3-5fe4-944c-043e7ebd99da', 'a88bc9b9-135e-55c7-8c4c-5a072a3c8573', 118, 'public', 'Baron Control Strategy', '{"veniam non voluptate","amet proident voluptate ut venia","qui non occaecat","tempor do anim nisi","consectetur ut aute qui","elit fugiat"}', DEFAULT, DEFAULT), ('aa4964a1-4611-5528-9df9-ef170866214f', 'fd8e258e-4711-5b22-b0f3-1f5725eb642f', 113, 'unlisted', 'Baron Control Strategy', '{"enim cupidatat laborum laborum","exercitation commodo incididunt","fugiat esse","consectetur exercitation","anim fugiat cillum ex","fugiat deserunt incididunt anim ","ex sunt voluptate"}', DEFAULT, DEFAULT), ('ec14513a-7d3c-5172-b68b-d531791ec9de', '750322e1-101b-5f9e-b670-d325392f4504', 117, 'private', 'Aggressive Rush Strategy', '{"reprehenderit non quis"}', DEFAULT, DEFAULT), ('a0f81f50-aa3d-5780-b485-a54fb7b7833a', '24739a88-19c7-5534-a982-957c164117c4', 120, 'private', 'Team Fight Execution Plan', '{"occaecat ex laborum adipisicing","dolore aliquip magna non ut","culpa qui amet","quis ut reprehenderit pariatur e"}', DEFAULT, DEFAULT), ('aabd5608-e04b-5bd8-8d75-d004a1b17409', '110efd29-2979-5c30-b41f-b3bf832f48cd', 120, 'unlisted', 'Objective Focused Strategy', '{"veniam amet elit","est incididunt","commodo enim sint","ad ut labore reprehenderit aute","pariatur","est nostrud","pariatur ut","dolore eu duis","exercitation in"}', DEFAULT, DEFAULT), ('7bcc2b79-de31-5963-9cfd-559af77da3be', 'b5f933d0-c28e-517c-9fca-d9e38dc742a2', 118, 'unlisted', 'Wave Management Plan', '{"irure qui tempor pariatur labore","veniam ex in"}', DEFAULT, DEFAULT), ('b4293a01-a1be-5e58-a088-abc550c9f820', '9c793877-9a29-5409-acf9-8981bd39bd4d', 114, 'private', 'Early Game Dominance Guide', '{"tempor dolor dolor"}', DEFAULT, DEFAULT), ('a97e2960-b385-5f99-88c2-9e562f32234e', '9b1fc781-1e4e-56d2-bd68-0dc257a319c0', 117, 'public', 'Team Fight Execution Plan', '{"pariatur aliquip laborum fugiat","et pariatur aliquip aliqua","eiusmod incididunt","et consectetur sunt do","id sit ipsum amet","ullamco consequat quis voluptate","et pariatur sit cupidatat culpa","labore fugiat minim tempor","cillum id officia cupidatat"}', DEFAULT, DEFAULT), ('db39a462-f36a-54ba-b38e-2fcf35273cba', '6653ef95-0532-561d-a71b-05f5c1bc302b', 113, 'private', 'Counter Pick Blueprint', '{"nisi veniam dolore","reprehenderit cupidatat ut","qui in","duis"}', DEFAULT, DEFAULT), ('35dc016a-9edc-565d-923e-9bee9a60bd24', 'df0b9534-eb70-596b-965a-89561ef803da', 114, 'public', 'Siege Tactics Handbook', '{"dolore elit laboris sint qui","minim sunt elit eu","consectetur fugiat sit cillum","laboris duis tempor","ut sunt","aute esse excepteur Lorem","qui nulla enim","in sunt","nisi culpa"}', DEFAULT, DEFAULT), ('61e4dc6c-b183-5c81-91cb-8dc622fd6913', '31ac52db-fa89-5177-b667-1cf6526a929a', 112, 'unlisted', 'Siege Tactics Handbook', '{"incididunt laborum enim","tempor","ipsum do laborum reprehenderit l"}', DEFAULT, DEFAULT), ('b5df5eae-45e8-5f54-a8f9-351afabf5f65', 'f4b5542b-ba61-519e-a8d2-5793282ad487', 119, 'unlisted', 'Rotation Strategy Document', '{"ullamco aliqua minim sint nisi"}', DEFAULT, DEFAULT), ('18aa22db-700e-5a8a-892c-5bf7b7da1bbf', '583774ae-7432-5503-850f-867e82c0838b', 112, 'public', 'Aggressive Rush Strategy', '{"consectetur","eu exercitation nulla exercitati","magna voluptate labore dolor","magna","deserunt laboris consectetur min","aute anim","amet ad","aute consequat adipisicing","irure officia"}', DEFAULT, DEFAULT), ('7c9a7a2f-bf97-5fb7-9ff3-bb3e363fce60', '646b32cc-2525-5418-a0f1-5c9ced471b05', 112, 'unlisted', 'Gank Heavy Approach', '{"ipsum amet","sit","sit","consequat","magna quis voluptate"}', DEFAULT, DEFAULT), ('93216013-7bd8-59b1-a3f0-b1087d4d7f00', '6f47176d-afa5-5e10-b67a-c597508731b9', 117, 'public', 'Secure Objective Playbook', '{"ipsum fugiat nulla proident ad","dolore irure ipsum","commodo pariatur","cupidatat consectetur","ea aliquip quis qui proident","ullamco sit mollit est tempor","veniam commodo exercitation"}', DEFAULT, DEFAULT), ('3e057cf2-df3a-50e5-82fa-e2dcf87ebd5a', '2daf5548-f681-577a-9912-670e1304b2ad', 113, 'public', 'Secure Objective Playbook', '{"consectetur eiusmod voluptate en","culpa ut incididunt non","laboris nulla","et","velit qui sint Lorem culpa","nostrud sint laboris"}', DEFAULT, DEFAULT), ('e3f5f266-44d3-5096-b897-56678a5f974b', '8b7e423b-b9b9-5b3c-bf3d-1aa45d16235c', 120, 'private', 'Vision Denial Blueprint', '{"pariatur tempor dolor","deserunt est","sit","magna","veniam voluptate dolor","nulla consequat","excepteur occaecat laboris"}', DEFAULT, DEFAULT), ('ffbcf0c1-44bb-549f-ba50-18e1e874a611', '5ce056de-a21e-5eba-9d47-e09232047aae', 113, 'private', 'Counter Pick Blueprint', '{"adipisicing ullamco proident mag","laborum","sint deserunt voluptate exercita","tempor duis culpa","occaecat voluptate enim excepteu","do"}', DEFAULT, DEFAULT), ('c4f414cf-451e-5497-88db-62020e3a0dc5', '6c1a8703-574c-5f71-a1b1-63956f35fc49', 112, 'private', 'Baron Control Strategy', '{"laborum nulla","quis voluptate proident","fugiat","sint ipsum","do minim non velit","aliqua reprehenderit magna proid","est exercitation","cupidatat dolor exercitation","velit aute"}', DEFAULT, DEFAULT), ('a109823a-0d02-5064-b8ef-3186d6d08cb0', 'b67e09de-df70-515b-91d0-6e53f3b4a58a', 111, 'private', 'Aggressive Rush Strategy', '{"elit dolor"}', DEFAULT, DEFAULT), ('3e4b1eac-b214-5aaa-a7f0-29af8a5b2ce9', 'ccd28d41-9086-5b64-b351-585431787bb7', 111, 'public', 'Rotation Strategy Document', '{}', DEFAULT, DEFAULT), ('72819b1c-0a2a-5e86-b5bc-5741c2854f96', '1e7e0bcb-4fc0-5d72-81a5-d67a74a13595', 112, 'private', 'Split Push Blueprint', '{"Lorem laboris","labore","nulla sint proident","minim nisi Lorem adipisicing","adipisicing","minim laborum","sunt Lorem exercitation nisi fug"}', DEFAULT, DEFAULT), ('b5d7b26a-56f4-59fc-853e-1a1306ab6e95', '34a6eefa-de0a-5b54-8950-76863d1d5290', 113, 'public', 'Objective Focused Strategy', '{"reprehenderit aliqua amet aute p","et voluptate eu non","in tempor sunt in","sint occaecat consectetur nostru","laboris"}', DEFAULT, DEFAULT), ('29365629-31e8-5e53-b1ae-ffdad1c2009e', '21a7e579-98a3-5757-a0a8-913f2da95aba', 114, 'unlisted', 'Jungle Control Playbook', '{"nulla amet culpa fugiat","commodo ullamco ad","officia reprehenderit sint","adipisicing aliqua","eu consectetur exercitation","pariatur elit","consequat deserunt nostrud","velit eiusmod fugiat officia lab","do quis est magna","dolor occaecat"}', DEFAULT, DEFAULT), ('ef9b1028-31e2-59d9-a64e-2a4d1686e96e', '22052ce5-2628-54da-93cf-dce3c06b547a', 120, 'unlisted', 'Objective Focused Strategy', '{"ut commodo dolor","culpa enim mollit consectetur in","quis","magna reprehenderit laboris","veniam officia sunt ea","ut Lorem exercitation eu occaeca","reprehenderit nulla","non do elit cupidatat","nulla sit fugiat","magna"}', DEFAULT, DEFAULT), ('51f9c2fa-a6a8-5d1e-9ef8-efb89c34ee1c', 'df0b9534-eb70-596b-965a-89561ef803da', 119, 'private', 'Split Push Blueprint', '{}', DEFAULT, DEFAULT), ('930338c0-ea8e-56fc-b2df-a68255a6182c', '2589cf16-4103-5a4f-b544-b30078083eaa', 117, 'private', 'Aggressive Rush Strategy', '{"reprehenderit Lorem nulla","eiusmod ut sit","voluptate","ut culpa magna nostrud","qui nulla mollit nisi"}', DEFAULT, DEFAULT), ('14f0b4c0-9d33-5d68-85ae-cc3d31b6b19e', '2daf5548-f681-577a-9912-670e1304b2ad', 116, 'public', 'Jungle Control Playbook', '{"qui est","in culpa consequat non","ipsum"}', DEFAULT, DEFAULT), ('7c51f66f-cf81-571f-a65c-f571f1f39cc9', '5dedc9b9-eec3-5ace-a95b-d7817834d9af', 120, 'private', 'Roaming Support Plan', '{"cupidatat","fugiat commodo excepteur"}', DEFAULT, DEFAULT), ('764b9b2a-d477-5bff-a789-cba064ac71f8', '59558fa1-9cc0-5e85-a331-879d76e07f05', 114, 'public', 'Vision Control Blueprint', '{"cillum aliquip minim","proident labore ea"}', DEFAULT, DEFAULT), ('1125d49b-2ad6-5500-bd14-7e0649f5dd73', '54473828-0225-5307-b53c-7a0fc46ac63c', 112, 'unlisted', 'Team Fight Execution Plan', '{"cupidatat aliquip exercitation e","occaecat do dolor","ullamco Lorem","labore nostrud sit amet","cillum eu amet","id voluptate labore","nisi cupidatat irure tempor","proident irure nulla"}', DEFAULT, DEFAULT), ('de1d5557-45c4-5747-8c2d-f8c09704db25', 'af85f96c-efbd-584c-bdd4-26c4e2f3e556', 113, 'private', 'Baron Control Strategy', '{"reprehenderit in ea fugiat sunt","occaecat duis aute ipsum","aute occaecat magna","anim eiusmod consequat"}', DEFAULT, DEFAULT), ('dc2759a8-51ca-575d-9678-0ac64e900648', '86c76349-2501-5929-8ba9-7c7cbfe50a41', 120, 'private', 'Late Game Scaling Strategy', '{"sint","cillum eu","labore","et esse voluptate anim","deserunt Lorem officia nostrud e","do minim esse voluptate dolore","occaecat do veniam consequat ad","aute in aliqua mollit"}', DEFAULT, DEFAULT), ('8c0ef303-3ae4-5fe5-b0be-ef1788ae8707', 'ae956930-bebe-5aad-83f8-b8d0cae36371', 112, 'public', 'Vision Control Blueprint', '{"exercitation","elit reprehenderit aliqua","tempor tempor quis ipsum","cupidatat commodo","exercitation ad est ut","eiusmod enim sit aute labore"}', DEFAULT, DEFAULT), ('ddd094e1-b8f4-560e-b960-af5227a9b337', '34e08312-6163-54ad-8f00-271b535d720e', 114, 'unlisted', 'Map Control Blueprint', '{"occaecat ullamco","laborum ut proident aliquip qui","pariatur fugiat","aliquip","elit ut voluptate","dolore non do","ad ad ullamco ipsum","aliqua eu elit esse"}', DEFAULT, DEFAULT), ('4bd93d1d-9da0-508d-a30a-5cd1fe2e858d', '09bca3f4-0d37-5f5a-b637-9d7942a17cff', 112, 'public', 'Baron Control Strategy', '{"sint","aliquip quis"}', DEFAULT, DEFAULT), ('2d25022b-866c-584e-895d-11b8a727c08f', 'b134c4e5-3e41-53b3-bf3f-7f4cf023e9d7', 118, 'public', 'Jungle Control Playbook', '{"occaecat ea elit commodo","dolor","et aliqua","veniam elit esse dolor laborum","nulla nisi ut enim","est esse tempor occaecat duis"}', DEFAULT, DEFAULT), ('8d4a5d0e-3ef8-5e54-ac1b-6a14acb1ad0e', 'ac9f0e3e-b030-584f-a8dd-87355fe22537', 119, 'private', 'Team Fight Execution Plan', '{"id consectetur velit"}', DEFAULT, DEFAULT), ('6b889196-1556-5eef-89c0-e7506a0ca45b', 'ae956930-bebe-5aad-83f8-b8d0cae36371', 111, 'public', 'Baron Control Strategy', '{"esse mollit pariatur cupidatat","eu quis irure sit dolore","adipisicing eu incididunt irure ","quis nisi officia excepteur","est officia","enim irure minim dolore","deserunt velit do ea","commodo et id anim"}', DEFAULT, DEFAULT), ('e6b5025c-d432-567c-bc94-e80f642225ff', '830a4bb5-d929-5c1b-94fc-74a53795cc52', 117, 'public', 'Aggressive Rush Strategy', '{"quis quis consectetur","voluptate quis","qui aliquip","sint incididunt","dolor sunt incididunt laboris do","voluptate quis"}', DEFAULT, DEFAULT), ('4d0eaa15-67e7-50e5-bd92-8596a8c41516', '59558fa1-9cc0-5e85-a331-879d76e07f05', 119, 'public', 'Jungle Control Playbook', '{"irure nulla","ex consequat elit irure","esse Lorem eiusmod","elit dolor occaecat duis"}', DEFAULT, DEFAULT), ('c2405ac9-0838-5ce8-a85b-e6db0fbe6c10', '00644310-2ebb-53b6-b6cd-c599924419bd', 117, 'unlisted', 'Early Game Dominance Guide', '{}', DEFAULT, DEFAULT), ('c8df1446-9b17-5687-8ff4-001003cfca37', 'd35ecca3-ac35-5e28-8e7e-6a25de908d18', 120, 'private', 'Jungle Control Playbook', '{"minim laboris Lorem pariatur","sit minim"}', DEFAULT, DEFAULT), ('f706294d-163e-5aef-a517-eae489067781', '1e7e0bcb-4fc0-5d72-81a5-d67a74a13595', 112, 'public', 'Counter Pick Blueprint', '{"dolor dolor magna","enim duis enim","culpa aute","deserunt ut","velit","incididunt ut cupidatat nostrud","fugiat excepteur ut"}', DEFAULT, DEFAULT), ('bee3d023-7908-5b1b-a6e7-320078c804bf', '02a341a2-35a0-5fbc-a1f4-aa8b42aa4b51', 111, 'private', 'Roaming Support Plan', '{"sint deserunt","do laboris ea cupidatat"}', DEFAULT, DEFAULT), ('d607d7db-ee7a-57fa-b0f1-08a24201e561', '70e095a9-713d-5fe2-a06a-8145febdb917', 116, 'unlisted', 'Objective Focused Strategy', '{"nisi nostrud incididunt","cillum est cillum cillum","irure tempor dolore nulla sunt","cupidatat","qui do enim commodo"}', DEFAULT, DEFAULT), ('6db5eb76-a4d8-59b2-8682-ac0a5dca423f', '750322e1-101b-5f9e-b670-d325392f4504', 115, 'public', 'Objective Focused Strategy', '{"nisi enim occaecat","labore aute officia","sit esse officia voluptate","velit enim"}', DEFAULT, DEFAULT), ('f0859c52-737d-58da-9c95-b804668a9ae6', '290bcd64-8663-5670-8efa-64e864979bbb', 112, 'public', 'Gank Heavy Approach', '{"irure pariatur est","incididunt esse duis ea","in laborum exercitation"}', DEFAULT, DEFAULT), ('f843e0b1-5e16-5c9e-923e-e155f87b2422', 'd9d9ad5e-1233-511b-bc7d-1f7d6c3d7a35', 119, 'unlisted', 'Aggressive Rush Strategy', '{"exercitation pariatur sit","est veniam"}', DEFAULT, DEFAULT), ('971d3e7d-1fd1-5fd1-ba3a-0a99dda2cb04', '6c3f6730-2b1a-5e27-97de-caacad0bb1a5', 118, 'public', 'Secure Objective Playbook', '{"ipsum ad","duis adipisicing excepteur irure","nisi","id laborum","tempor","ad cupidatat proident","enim ea laborum","nostrud sunt dolor velit","sit dolore velit adipisicing"}', DEFAULT, DEFAULT), ('51c6dab5-99f7-56c9-a820-7cfc76e25abf', '34e08312-6163-54ad-8f00-271b535d720e', 119, 'public', 'Early Game Dominance Guide', '{}', DEFAULT, DEFAULT), ('88430d1c-f998-5183-ac05-d06b362a058a', '47c1a5aa-1c4a-5781-9c8f-968a639137d7', 115, 'public', 'Map Control Blueprint', '{"eiusmod incididunt Lorem irure n","quis sit magna","ullamco ipsum consequat","ad"}', DEFAULT, DEFAULT), ('fc959555-d183-544e-8cf6-52532b383f25', 'ad276812-3b86-5425-b36a-d822f2860912', 120, 'private', 'Jungle Control Playbook', '{"excepteur","adipisicing consequat eu non","elit irure nulla","amet aliquip","duis fugiat ullamco non proident","amet magna","exercitation mollit"}', DEFAULT, DEFAULT), ('94935318-fc9b-5864-874e-912b663c75f7', 'deab978c-4953-507c-b4fb-f509dd35f454', 120, 'private', 'Defensive Turtle Tactics', '{"cillum nulla laborum esse","qui reprehenderit","ut sunt","minim elit","nulla nulla esse sunt","ex labore cillum duis","enim aliqua consectetur"}', DEFAULT, DEFAULT), ('ea529f5a-add2-5f29-a44d-2a799c7ab051', 'a4b32498-f3a6-5110-a5b6-de20f0314c35', 117, 'unlisted', 'Early Game Dominance Guide', '{"quis","ipsum pariatur"}', DEFAULT, DEFAULT), ('b2bd3c17-1864-5b1f-8d71-b6fe96b48ba6', 'ab07c47c-511a-5092-acb9-cbf862e0076b', 114, 'public', 'Early Game Dominance Guide', '{}', DEFAULT, DEFAULT), ('a46777c9-6f34-5718-a195-68edd93e1d42', '9584676f-0635-591a-a937-d230d9a3abf3', 111, 'private', 'Split Push Blueprint', '{"qui enim","anim est mollit adipisicing exer","occaecat deserunt cupidatat","nostrud sit excepteur","cillum dolore","ut dolor aliqua"}', DEFAULT, DEFAULT), ('0f3df2fb-dd6e-55b9-9f86-0babb8fec748', '5f651c76-ceba-56db-bd60-512d4079ec53', 114, 'public', 'Vision Control Blueprint', '{"ea esse ea aliquip duis","qui laborum","excepteur commodo tempor et","ad ea tempor ut","esse consequat","pariatur est ex","aute eiusmod ex laboris","est mollit"}', DEFAULT, DEFAULT), ('95bb7f47-209b-5f16-a018-19e8f23e6e16', 'fb634118-b8a6-50b7-9010-0317dd27fba6', 115, 'public', 'Jungle Control Playbook', '{"sit","laboris","tempor non est occaecat","laborum nulla velit magna labore","aliquip duis","eu eiusmod nisi voluptate","sunt aliquip magna tempor nulla","consequat reprehenderit","deserunt cillum id excepteur"}', DEFAULT, DEFAULT), ('78959a88-41ee-5d40-85cb-71e22f4c47aa', '9a184097-b9bc-5f22-ba40-6c62e83423ab', 116, 'public', 'Jungle Control Playbook', '{"irure minim","proident veniam","eiusmod amet","est cupidatat consectetur ex sun","nostrud amet"}', DEFAULT, DEFAULT), ('a9e614f8-c87a-596e-bdaf-6e577865453e', '349111f0-5b40-5b21-aeff-8af2b228d28f', 118, 'public', 'Siege Tactics Handbook', '{"occaecat nulla","aliqua","esse consectetur ipsum esse","aute et","laborum ut elit consectetur"}', DEFAULT, DEFAULT), ('f80096a0-59ff-58f8-a58f-cd508cb0f33e', '549980e7-3e77-5d76-b263-84664d04b209', 117, 'public', 'Defensive Turtle Tactics', '{"culpa sint officia","id","et voluptate"}', DEFAULT, DEFAULT), ('a444e395-f85a-5fcf-904b-e713df3a17f6', 'cbe3cf1c-d730-5d2f-b890-2de0f1a164e6', 118, 'public', 'Siege Tactics Handbook', '{"tempor minim voluptate esse","consequat tempor aliqua aliquip","tempor","duis velit","adipisicing ipsum cupidatat","nisi ipsum labore aliquip anim","nostrud","nisi et"}', DEFAULT, DEFAULT);
INSERT INTO public.team_member_role (id,name,flags) VALUES (34, 'owner', 511), (35, 'editor', 7), (36, 'viewer', 1);
SELECT setval('"public"."team_member_role_id_seq"'::regclass, (SELECT MAX("id") FROM "public"."team_member_role"));
